member_id,synthetic_high_cost_member_flag,member_age,chronic_condition_count,prior_year_paid_claims,inpatient_admissions,er_visits,specialty_rx_count,rx_paid_claims,medical_paid_claims,comorbidity_score
M0077636,N,28,1,12025.44,0,1,0,2589.14,9360.54,1.5
M0077637,N,59,0,10584.42,0,2,1,4424.7,6254.27,1.49
M0077638,N,37,2,4527.95,0,0,0,2004.05,4563.79,0.01
M0077639,N,69,0,6177.78,1,0,0,993.09,6341.89,0.86
M0077640,N,55,2,17838.45,0,0,0,9772.14,7462.81,1.38
M0077641,N,73,1,12826.12,0,0,0,5168.22,11139.11,1.48
M0077642,N,28,0,5675.22,0,0,0,1776.15,4073.47,1.99
M0077643,N,70,0,5239.01,0,1,0,488.77,5866.38,0.79
M0077644,N,43,2,8299.47,0,1,1,4253.04,3828.11,0.41
M0077645,N,46,0,13337.93,0,1,0,4840.76,11422.77,0.0
M0077646,N,51,1,82670.66,1,2,1,2697.58,78751.92,1.03
M0077647,N,79,1,10471.04,1,0,0,2818.69,8778.22,1.48
M0077648,N,22,2,7256.22,0,1,0,3667.11,6215.99,1.85
M0077649,N,47,0,15149.63,0,0,0,1396.08,13205.63,1.67
M0077650,N,67,1,27045.85,0,3,0,2284.89,28497.19,1.72
M0077651,N,23,0,25402.77,1,0,1,7778.31,12293.76,0.0
M0077652,N,71,1,13231.84,0,0,1,4310.61,7988.71,0.41
M0077653,N,37,0,12174.3,0,0,1,398.99,15340.97,0.38
M0077654,N,22,2,15643.17,1,1,0,6627.31,9395.83,0.12
M0077655,N,31,2,11116.96,1,0,0,3681.74,9258.52,1.71
M0077656,N,28,0,6558.66,0,1,0,3179.72,4828.39,2.17
M0077657,N,38,0,2895.96,0,0,1,1209.67,2390.34,0.0
M0077658,N,33,0,16058.18,0,2,1,4940.26,8090.76,0.48
M0077659,N,57,0,13371.25,0,0,0,1395.4,10140.52,0.0
M0077660,N,31,1,6922.98,0,1,0,3823.58,8543.71,0.06
M0077661,N,73,0,9066.29,1,1,0,1267.89,6861.8,0.22
M0077662,N,67,0,8914.3,0,0,0,1982.91,7898.99,0.26
M0077663,N,75,2,34192.95,1,0,1,5033.84,22667.35,1.07
M0077664,N,38,3,42892.01,0,2,0,5995.91,30770.59,0.9
M0077665,N,78,3,18074.44,0,0,0,5780.61,14162.04,3.46
M0077666,N,34,1,9148.98,0,0,0,1892.6,7801.67,1.23
M0077667,N,19,1,10667.18,0,2,0,1461.59,7259.43,0.14
M0077668,N,48,1,8940.97,0,1,0,3096.92,5227.49,1.77
M0077669,N,43,0,3117.55,0,0,0,563.26,4121.34,0.4
M0077670,N,46,3,15264.08,0,1,0,8361.07,13875.87,3.23
M0077671,N,22,1,9770.72,0,2,0,1621.59,7732.56,0.0
M0077672,N,21,0,10129.87,0,1,2,4510.83,8311.36,2.42
M0077673,N,51,2,14455.42,1,1,0,3942.06,9913.39,1.31
M0077674,N,49,2,18739.3,0,1,0,3835.03,16903.39,2.51
M0077675,N,49,1,19702.46,0,1,0,4810.66,11490.61,2.31
M0077676,N,78,1,8840.77,1,0,0,3704.21,6146.7,0.66
M0077677,N,60,0,7376.8,0,1,0,721.44,12097.47,1.16
M0077678,N,62,1,6107.4,0,0,0,1107.71,5295.82,0.0
M0077679,N,38,0,22149.89,0,2,0,1737.07,17280.73,0.73
M0077680,N,25,2,6845.4,0,1,0,5469.01,4190.77,1.25
M0077681,N,19,0,25186.56,0,1,1,2280.64,17951.9,1.27
M0077682,N,51,0,4785.31,0,0,0,4502.49,3201.45,1.16
M0077683,N,64,1,9088.54,0,0,2,511.63,7084.73,0.72
M0077684,N,26,1,54017.53,0,0,0,1753.16,47775.83,0.98
M0077685,N,46,4,11452.74,0,3,0,870.01,13503.64,1.86
M0077686,N,38,1,14818.69,0,0,0,1328.38,14221.76,1.24
M0077687,N,36,2,11493.7,2,3,1,9701.31,9684.2,1.95
M0077688,N,54,0,12693.48,0,0,1,899.97,9243.05,1.06
M0077689,N,21,0,4007.59,0,0,0,2457.28,2651.03,0.16
M0077690,N,25,0,6835.22,0,1,0,4554.26,2091.38,0.13
M0077691,N,79,1,8911.24,0,1,0,921.42,7966.51,0.09
M0077692,N,51,0,9552.94,0,1,1,3882.22,4556.01,1.48
M0077693,N,57,2,8421.76,1,1,0,2714.3,4914.86,2.01
M0077694,N,45,1,15476.34,0,2,0,1712.02,16006.05,0.0
M0077695,N,46,4,11787.52,0,0,0,5621.31,5346.6,0.83
M0077696,N,69,1,5231.53,0,0,0,2186.21,5217.79,0.65
M0077697,N,58,0,17594.78,0,0,1,4834.27,26618.43,1.34
M0077698,N,46,0,20883.4,1,1,1,4845.88,22314.45,1.89
M0077699,N,34,0,21167.36,0,0,0,2713.01,15082.53,2.06
M0077700,N,61,0,3050.32,0,0,1,1731.33,3373.74,1.03
M0077701,N,42,1,13031.21,0,1,1,5768.28,9750.82,1.91
M0077702,N,39,1,8753.12,0,1,0,824.38,6136.81,1.07
M0077703,N,42,0,12942.54,0,0,1,4941.31,12239.19,0.0
M0077704,N,44,1,14119.26,0,0,3,8003.71,9857.88,0.97
M0077705,N,52,2,9095.58,0,0,0,1119.45,6957.3,0.0
M0077706,N,37,0,2883.82,0,0,1,683.42,1669.63,0.0
M0077707,N,33,0,13648.98,0,3,0,11087.59,7853.7,1.7
M0077708,N,40,0,20990.44,0,2,0,8013.57,25091.32,0.0
M0077709,N,76,0,8022.94,0,1,0,533.76,8294.61,1.34
M0077710,N,32,3,11726.52,0,2,0,3336.13,17548.92,1.56
M0077711,N,65,0,8572.4,0,0,0,4858.64,7689.92,0.45
M0077712,N,57,2,48072.11,0,0,0,37536.37,19424.72,2.56
M0077713,N,30,1,16434.11,0,1,1,2938.57,11855.3,1.04
M0077714,N,56,1,16530.85,0,0,1,5890.84,8189.29,1.59
M0077715,N,72,1,20883.49,0,0,0,10109.73,7640.6,0.0
M0077716,N,64,0,6974.86,0,0,1,2344.34,8848.11,1.1
M0077717,N,45,0,17195.91,0,1,0,4996.22,10506.28,0.45
M0077718,N,51,0,6482.66,0,0,0,2088.51,4379.45,1.41
M0077719,N,57,3,33292.77,1,3,2,12390.4,15184.7,2.64
M0077720,N,29,0,11139.26,0,1,0,2515.22,9859.14,1.93
M0077721,N,44,0,3806.65,0,0,0,589.16,2724.01,1.43
M0077722,N,75,0,4988.82,0,0,1,2250.18,3198.7,0.39
M0077723,N,25,2,22035.99,0,0,0,11327.05,18314.82,0.36
M0077724,N,78,2,4462.6,0,1,0,785.92,4195.75,0.54
M0077725,N,18,0,16647.07,0,1,0,9659.62,6417.25,1.92
M0077726,N,49,0,26393.9,0,1,1,6197.13,16501.94,1.64
M0077727,N,45,2,18902.56,0,0,0,3682.4,14342.12,1.23
M0077728,N,78,2,12829.12,0,2,1,3642.48,15848.43,3.14
M0077729,N,56,2,12737.8,0,0,1,5082.67,9165.33,0.9
M0077730,N,19,0,4463.43,1,0,1,4745.23,3139.2,0.79
M0077731,N,51,0,3904.59,0,0,0,1937.07,1472.86,0.0
M0077732,N,71,1,9765.09,1,0,1,2203.63,10582.48,2.0
M0077733,N,49,1,9582.98,0,0,1,1737.46,7704.39,0.73
M0077734,N,61,0,4499.14,0,1,1,1393.37,2594.8,2.26
M0077735,N,44,1,26058.68,0,0,0,10436.01,15465.98,1.89
M0077736,N,40,0,18578.77,0,0,0,2755.89,12374.47,1.81
M0077737,N,65,1,6294.47,0,0,0,2386.19,3320.61,0.73
M0077738,Y,82,2,144270.73,1,4,1,35489.47,89828.6,4.16
M0077739,N,34,0,7364.35,0,1,0,2833.04,5247.02,1.15
M0077740,N,49,3,5482.34,0,1,0,3840.15,6087.39,1.09
M0077741,N,56,2,13199.05,0,0,0,4689.02,7566.91,1.82
M0077742,N,65,0,11301.5,0,3,0,7740.35,4185.62,2.39
M0077743,N,65,0,9178.24,0,0,0,2321.63,11311.48,0.41
M0077744,N,55,2,11150.61,0,0,0,5010.51,5632.17,0.0
M0077745,N,66,0,7792.22,0,0,0,1320.09,5092.26,1.14
M0077746,N,75,2,9111.09,0,0,0,1204.11,6411.08,0.55
M0077747,N,78,1,33137.06,1,1,0,2901.5,28291.42,2.42
M0077748,N,56,1,5514.31,0,0,1,2356.51,2591.61,0.43
M0077749,N,23,0,18437.24,1,0,0,2501.53,13407.31,0.52
M0077750,N,43,1,8901.69,0,0,1,2127.9,8776.59,0.67
M0077751,N,53,1,11471.32,0,0,0,1537.88,7532.71,0.22
M0077752,N,18,2,6741.95,0,0,0,2423.29,5580.59,0.93
M0077753,N,70,4,16724.69,0,2,1,6525.4,19587.68,1.41
M0077754,N,41,1,8646.72,0,0,1,4556.91,9390.87,0.61
M0077755,N,29,1,10158.16,0,0,1,7742.52,5218.45,1.49
M0077756,N,25,1,5460.88,0,0,0,1045.13,5591.97,0.0
M0077757,N,58,2,8989.59,0,2,0,1683.73,6136.38,0.66
M0077758,N,35,2,22113.67,0,0,2,2873.75,14525.11,1.49
M0077759,N,39,1,5720.55,0,2,1,2158.44,7950.6,0.99
M0077760,N,55,0,60577.9,0,3,1,5528.02,52193.31,0.48
M0077761,N,55,1,10820.49,0,0,1,579.26,7979.26,0.93
M0077762,N,79,1,7005.59,0,0,0,6562.26,4303.39,1.69
M0077763,N,72,0,15017.59,1,2,2,2813.74,11401.46,2.66
M0077764,N,40,1,12322.71,0,0,1,7084.37,5837.39,1.41
M0077765,N,53,0,11408.77,1,1,1,1679.99,8318.13,0.37
M0077766,N,28,1,9589.25,0,1,0,4686.64,5878.61,1.64
M0077767,N,61,2,25455.83,0,1,1,8231.91,19365.82,1.85
M0077768,N,34,0,6455.97,0,2,0,1548.01,3515.64,0.15
M0077769,N,77,1,10621.15,0,2,0,2586.32,8371.87,1.97
M0077770,N,50,2,6294.24,0,0,0,2650.52,5625.7,1.62
M0077771,N,69,1,11011.49,0,0,0,5657.11,10415.83,1.3
M0077772,N,77,0,8232.08,0,0,0,2634.89,6205.71,0.87
M0077773,N,27,3,11460.01,0,0,0,2478.33,18072.27,1.62
M0077774,N,77,1,7991.8,1,0,0,5006.42,3841.99,0.58
M0077775,N,61,0,19149.09,0,0,0,6251.96,10077.22,0.33
M0077776,N,56,2,14238.54,0,2,0,6073.01,8630.26,2.6
M0077777,N,61,0,12046.42,0,0,1,3852.49,10411.76,0.68
M0077778,N,55,2,6326.42,0,2,0,1617.12,4939.38,1.84
M0077779,N,40,2,41098.12,0,2,0,6126.96,30620.51,2.09
M0077780,N,32,1,7778.48,1,0,0,1854.87,6631.83,0.88
M0077781,N,62,1,6657.7,0,0,0,924.42,6762.41,0.89
M0077782,N,42,1,14873.38,0,2,1,6564.96,9960.55,1.66
M0077783,N,68,3,14562.76,0,0,0,3638.28,8536.84,0.68
M0077784,N,44,2,18458.11,2,0,0,3774.11,11054.94,2.65
M0077785,N,60,1,13319.63,0,1,0,2741.27,9078.77,2.94
M0077786,N,36,1,18192.91,0,1,0,10091.81,4954.45,2.44
M0077787,N,57,2,40569.96,0,0,1,14051.48,38149.99,2.27
M0077788,N,34,2,11669.14,0,0,2,2896.63,7601.93,4.12
M0077789,N,43,2,8200.77,0,0,1,2639.74,6699.43,1.84
M0077790,N,63,2,21544.26,1,4,2,8587.78,9506.52,3.44
M0077791,N,50,0,4747.73,0,0,0,1958.84,3614.75,1.08
M0077792,N,63,2,6918.17,0,1,0,1167.26,5252.7,0.96
M0077793,N,66,0,8326.04,0,2,0,1714.09,11571.95,0.0
M0077794,N,26,0,83671.31,0,0,0,10029.59,63828.76,1.79
M0077795,N,37,0,3765.99,0,0,0,1010.76,4079.8,0.84
M0077796,N,41,1,3609.97,0,1,1,1759.73,2266.07,0.0
M0077797,N,37,2,16015.97,0,1,0,3802.29,9645.67,1.92
M0077798,N,62,2,8654.13,1,0,0,2100.41,4960.41,0.82
M0077799,N,36,0,14848.19,0,2,0,625.16,14992.14,0.5
M0077800,N,27,1,15959.46,0,1,0,7149.64,8426.39,2.6
M0077801,N,30,1,18862.7,1,0,1,2475.63,21022.37,0.31
M0077802,N,47,0,5040.94,0,0,0,4723.19,2986.42,0.66
M0077803,N,72,1,9991.36,0,2,0,6165.21,8320.66,0.97
M0077804,N,64,0,8447.57,0,1,0,3093.6,5945.11,0.96
M0077805,N,32,1,3162.6,0,2,0,1512.11,3810.14,0.73
M0077806,N,65,2,7530.0,0,2,0,2979.04,8532.55,1.6
M0077807,N,25,0,3367.09,0,0,0,782.26,5160.17,0.0
M0077808,N,43,1,11519.61,0,1,1,9027.39,10495.71,2.43
M0077809,N,56,2,17409.08,0,0,0,9531.34,6884.62,1.37
M0077810,N,25,0,8209.09,0,2,0,1353.81,8086.73,1.62
M0077811,N,33,0,12083.38,0,0,0,3880.87,6227.51,0.79
M0077812,N,73,0,21154.99,0,2,0,3307.71,25840.66,1.5
M0077813,N,64,0,10995.22,0,0,1,1528.93,12501.01,1.23
M0077814,N,61,0,10725.91,0,0,1,2251.22,6281.24,1.4
M0077815,N,48,5,12411.93,1,1,2,3361.45,18711.92,1.35
M0077816,Y,79,6,303598.61,3,3,5,64613.41,247672.55,4.97
M0077817,N,78,0,14633.83,1,0,0,1257.55,11999.41,1.6
M0077818,N,21,0,8552.16,0,0,1,2667.66,4104.18,1.15
M0077819,N,79,0,16130.34,1,2,0,2990.03,14337.41,0.71
M0077820,N,30,3,14850.1,1,0,0,3050.11,17655.01,2.14
M0077821,N,52,0,3371.91,0,0,0,1587.2,2285.26,0.85
M0077822,N,55,2,9162.7,0,0,0,2061.58,7645.86,1.45
M0077823,N,55,1,5441.39,0,0,0,1282.62,3481.1,1.48
M0077824,N,26,0,10995.98,0,0,0,478.49,8454.28,1.5
M0077825,N,44,0,11535.51,0,0,0,2662.47,9355.1,0.89
M0077826,N,29,1,13691.18,0,1,0,2433.48,8330.3,0.1
M0077827,N,18,1,11368.0,0,2,0,1601.03,13554.03,1.88
M0077828,Y,50,6,344233.83,3,3,4,87570.13,222824.26,5.82
M0077829,N,74,0,9042.55,1,1,1,1789.3,6054.71,1.04
M0077830,N,53,1,14887.17,0,0,0,8162.15,4966.99,1.25
M0077831,N,74,0,14714.19,0,0,0,2398.88,10886.58,1.27
M0077832,N,19,4,8917.4,0,1,0,3615.87,9588.49,1.8
M0077833,N,54,0,1821.74,0,0,0,1179.89,1959.94,1.78
M0077834,N,22,0,8089.68,0,0,0,3027.29,8818.52,0.87
M0077835,N,37,0,4312.26,0,0,0,980.64,5012.61,0.4
M0077836,N,66,2,11275.82,0,0,0,2149.6,6948.4,1.54
M0077837,N,39,0,9041.12,0,2,1,981.17,7196.42,1.14
M0077838,N,43,0,8185.21,0,2,1,2469.71,12246.52,0.96
M0077839,N,30,1,3532.76,0,0,1,2050.0,2395.57,1.62
M0077840,N,45,0,6776.63,0,0,0,3222.93,3978.59,1.36
M0077841,N,27,0,7691.63,0,3,1,2486.63,5149.07,0.86
M0077842,N,40,0,10644.04,0,0,0,1968.7,9572.44,0.86
M0077843,N,64,1,21513.71,0,2,0,5744.68,30788.5,2.91
M0077844,N,71,0,8702.47,0,0,1,4178.55,3908.14,0.57
M0077845,N,28,1,6101.39,0,1,2,504.57,5272.52,2.15
M0077846,N,37,0,4768.92,0,1,0,2134.43,1824.94,0.0
M0077847,N,70,0,8898.49,1,0,0,877.1,14000.88,0.0
M0077848,N,70,0,4974.48,1,1,0,2052.09,4548.74,0.0
M0077849,N,77,3,41500.97,0,2,2,4367.37,35756.72,0.76
M0077850,N,67,0,7493.22,0,0,1,3122.22,5708.53,1.45
M0077851,N,62,2,16417.69,0,1,1,7477.34,8514.16,1.66
M0077852,N,45,0,10290.56,0,1,0,6334.53,3361.76,0.19
M0077853,N,20,2,18059.83,0,0,1,4428.39,12385.52,2.23
M0077854,N,79,0,4304.28,0,1,0,2822.13,4721.17,1.52
M0077855,N,31,1,7825.58,0,0,0,2387.34,4374.57,0.76
M0077856,N,79,3,17846.25,0,1,1,4467.92,12234.45,2.04
M0077857,N,65,2,6386.13,0,0,1,1394.64,4379.36,0.9
M0077858,N,47,0,3090.34,0,0,0,740.24,2031.6,1.01
M0077859,N,64,2,9326.08,0,0,0,1527.07,6972.98,1.36
M0077860,N,61,0,16396.6,0,0,0,9904.36,9182.88,1.24
M0077861,N,20,1,4090.93,1,0,0,1539.24,1663.48,1.26
M0077862,N,37,0,7118.53,0,1,1,3274.03,5576.59,0.8
M0077863,N,65,2,6228.68,0,2,1,1762.09,6500.92,0.0
M0077864,N,38,2,6536.31,0,0,0,3255.5,4423.28,0.04
M0077865,N,28,1,4518.17,0,0,0,719.04,4988.44,1.25
M0077866,N,30,0,3603.81,0,1,0,783.37,3519.3,0.91
M0077867,N,75,1,25138.38,0,0,0,7501.17,20799.28,0.81
M0077868,N,75,0,4942.97,0,0,0,1229.13,4100.85,0.05
M0077869,N,18,2,21293.77,0,2,2,4352.84,17931.11,1.01
M0077870,N,60,0,14693.27,1,0,0,5734.81,11514.71,1.18
M0077871,N,50,1,25307.89,1,1,0,5598.8,34478.45,1.87
M0077872,N,20,1,4094.16,0,0,0,2115.95,2641.04,1.21
M0077873,N,24,0,12620.96,0,1,0,1854.63,13899.44,1.3
M0077874,N,75,2,14620.93,0,0,0,7019.72,12925.25,1.18
M0077875,Y,37,4,288838.46,6,5,9,56396.55,328170.14,8.4
M0077876,N,54,1,11168.07,0,0,0,5762.79,5677.92,0.06
M0077877,N,69,3,29929.18,1,1,0,5140.47,24104.97,2.39
M0077878,N,36,2,15866.47,0,0,1,6596.78,6520.92,1.77
M0077879,N,56,0,6447.81,0,0,0,720.1,8391.13,1.2
M0077880,N,47,1,7968.51,1,2,0,1464.86,8119.13,1.03
M0077881,N,53,3,11763.88,0,1,0,1904.65,10071.43,1.65
M0077882,N,24,0,5391.69,0,1,0,1665.55,5321.28,0.87
M0077883,Y,42,6,386610.24,4,5,2,161214.74,217652.04,3.82
M0077884,N,51,2,4113.24,0,0,0,2332.28,4474.99,2.6
M0077885,Y,83,2,398029.62,1,4,2,46666.87,316467.07,6.19
M0077886,N,54,2,73356.27,0,1,2,6788.51,50972.22,1.72
M0077887,N,73,0,4396.49,1,0,0,2847.72,883.17,0.02
M0077888,N,39,1,26700.03,0,1,0,10246.26,12448.65,1.82
M0077889,N,63,1,12163.97,2,3,0,3178.77,16567.4,2.26
M0077890,N,73,2,28079.01,2,0,0,2852.34,22962.69,1.41
M0077891,Y,42,6,111908.56,1,4,2,50061.54,57217.38,6.28
M0077892,N,67,0,22410.98,0,0,0,2361.18,16717.74,0.79
M0077893,N,20,0,6695.82,0,0,1,2753.33,3725.49,0.85
M0077894,N,77,0,40194.9,0,0,0,8150.26,47799.23,1.38
M0077895,N,67,3,6345.32,0,1,1,4113.27,3496.23,1.62
M0077896,N,53,1,25731.53,0,0,0,2813.97,25638.78,1.52
M0077897,N,19,3,15272.89,0,1,0,3841.43,13414.8,1.11
M0077898,N,19,0,3401.82,0,0,0,1851.89,1922.3,0.08
M0077899,Y,80,4,200084.82,5,4,1,109905.01,112400.81,5.95
M0077900,N,76,2,12731.61,0,2,0,8975.67,9002.29,1.53
M0077901,N,74,1,10322.63,0,0,0,13020.49,5135.39,2.09
M0077902,N,72,0,5431.3,0,0,0,602.31,5987.9,0.46
M0077903,N,35,3,9795.72,0,2,0,2386.71,5543.1,0.79
M0077904,N,40,2,15773.82,1,0,0,2257.35,10373.13,2.95
M0077905,N,79,1,4930.7,0,0,0,585.75,5341.97,0.47
M0077906,N,64,0,8839.79,0,0,0,3911.96,5018.65,1.42
M0077907,N,42,0,4726.58,0,1,0,2069.87,5221.26,1.34
M0077908,N,52,3,22595.93,0,0,0,11226.14,9111.69,0.39
M0077909,N,44,0,14823.59,0,0,1,2577.44,12843.83,0.89
M0077910,N,26,0,3214.04,0,1,1,942.2,4141.36,1.61
M0077911,N,34,2,39471.8,0,2,0,23728.3,17521.63,1.82
M0077912,N,44,2,37521.61,0,1,1,18707.85,17875.94,1.88
M0077913,N,69,2,17389.18,0,1,2,1321.44,28761.63,4.2
M0077914,N,49,2,5485.31,0,0,0,1148.95,4987.76,1.53
M0077915,N,22,1,21498.99,1,1,0,2579.73,16114.26,2.23
M0077916,N,79,0,8829.64,0,1,0,3947.35,5337.57,0.0
M0077917,N,31,0,6187.78,0,0,0,1433.5,7082.7,0.92
M0077918,N,60,1,11795.93,1,1,0,1499.76,8367.3,1.39
M0077919,N,31,1,13963.37,0,2,0,1752.8,21398.25,2.21
M0077920,N,19,0,16512.94,0,2,1,5481.47,14963.44,0.51
M0077921,N,62,1,24313.52,0,2,0,2180.49,21214.81,0.0
M0077922,N,74,1,5719.29,0,0,0,2574.77,7472.03,0.0
M0077923,N,31,1,5473.52,0,0,0,1075.77,6037.04,0.28
M0077924,N,36,2,26363.69,0,1,1,5718.6,25090.25,2.19
M0077925,Y,53,5,429826.67,5,6,7,182698.23,201421.07,4.83
M0077926,N,56,0,5314.26,0,0,1,2239.79,2045.88,0.0
M0077927,N,80,2,16856.94,0,0,2,2176.59,23017.78,1.49
M0077928,N,54,1,25136.65,1,1,1,4138.52,16545.36,1.99
M0077929,N,56,3,18640.52,1,1,1,6047.97,17896.17,1.94
M0077930,N,61,0,6602.76,0,0,0,727.45,5023.06,0.42
M0077931,N,54,0,7855.67,2,0,1,9181.31,3689.59,0.0
M0077932,N,62,0,8574.06,0,0,0,4153.64,5617.99,0.78
M0077933,Y,48,4,172424.87,2,5,4,121767.22,111340.98,5.44
M0077934,N,71,0,14794.03,0,2,0,1337.86,15769.39,0.97
M0077935,N,47,3,14546.11,1,1,0,2011.97,17135.7,1.37
M0077936,N,24,0,5007.2,0,0,0,444.94,3948.99,0.2
M0077937,N,38,2,6018.2,0,1,0,3242.57,5487.51,1.46
M0077938,N,34,1,32888.65,1,0,0,19161.65,8262.26,1.91
M0077939,N,23,0,22054.66,0,0,0,1694.9,19732.28,1.07
M0077940,N,74,1,3585.21,1,0,0,678.66,4844.93,0.0
M0077941,N,54,0,4240.71,0,0,0,1042.81,5624.0,0.16
M0077942,N,29,1,3272.65,0,1,0,1324.3,4570.55,0.04
M0077943,N,49,0,9297.56,0,0,0,583.33,6916.74,1.51
M0077944,N,39,1,8003.43,0,1,1,2918.04,4976.95,2.53
M0077945,N,62,1,19612.89,0,1,0,4484.27,17259.08,0.0
M0077946,N,23,0,3188.55,1,0,0,2209.34,2059.01,0.6
M0077947,N,72,2,19986.16,0,1,0,9020.36,7238.75,3.48
M0077948,N,22,1,1762.94,0,1,0,640.9,2098.67,0.0
M0077949,N,26,1,6061.95,0,0,0,6637.71,4032.76,0.0
M0077950,N,73,0,11090.99,0,0,0,6379.38,2883.93,0.09
M0077951,N,50,3,31236.83,0,2,0,10576.88,19085.03,1.94
M0077952,Y,85,5,285396.38,3,4,5,158914.92,189263.47,5.45
M0077953,N,32,0,10096.84,0,1,0,1769.67,7165.32,1.01
M0077954,N,55,0,3285.04,0,0,0,498.69,2496.45,0.35
M0077955,N,48,1,48564.98,0,1,1,4646.53,33482.4,1.65
M0077956,N,50,0,3140.59,0,0,0,1528.44,2949.05,0.37
M0077957,N,64,0,16121.88,0,0,1,3325.09,10935.19,0.64
M0077958,N,63,3,17587.77,0,2,2,5166.29,8805.58,1.39
M0077959,N,37,1,9558.17,0,0,0,1487.51,6592.95,0.43
M0077960,N,22,0,16292.63,2,0,0,6111.94,11538.21,1.01
M0077961,N,19,2,10124.37,0,1,0,4339.12,7389.32,2.96
M0077962,N,27,1,10522.56,0,0,0,9712.85,4424.35,0.0
M0077963,N,46,2,13979.26,0,2,0,3504.75,9061.03,0.84
M0077964,N,45,0,11182.81,0,0,0,1290.17,9483.82,1.78
M0077965,N,78,0,20189.6,0,0,0,8241.12,9555.12,0.44
M0077966,N,37,2,9629.35,0,0,1,5828.42,5257.43,0.7
M0077967,N,21,0,13792.45,0,1,1,5026.26,10261.47,0.67
M0077968,N,28,1,19743.81,0,0,0,13229.39,4608.47,1.03
M0077969,N,45,3,21553.87,0,1,2,8905.62,15225.54,1.95
M0077970,N,48,2,12089.86,1,0,0,7933.13,7755.12,1.2
M0077971,N,32,2,24301.97,1,0,1,2167.34,23220.09,1.55
M0077972,N,25,0,3710.63,0,1,0,476.97,3482.73,0.47
M0077973,N,69,0,5291.96,0,0,0,2271.32,4069.87,1.55
M0077974,N,55,0,10079.92,0,0,1,5018.93,10028.57,0.62
M0077975,N,35,2,12444.33,0,0,0,4270.85,5528.49,1.18
M0077976,Y,54,5,280670.66,5,4,3,97515.01,189867.42,6.05
M0077977,N,76,0,10765.15,0,1,0,3900.51,13972.71,1.12
M0077978,N,77,0,4425.58,0,0,0,478.14,3318.1,0.65
M0077979,N,37,1,6069.99,1,0,0,2223.32,6575.81,1.57
M0077980,N,30,0,5722.76,0,0,0,1717.3,8320.28,1.55
M0077981,N,67,0,8283.49,0,2,0,1846.19,8226.12,0.0
M0077982,N,71,1,8873.56,0,0,0,5712.15,8670.08,0.38
M0077983,N,56,0,3389.0,0,0,0,667.7,2976.89,0.0
M0077984,N,72,2,9421.85,0,2,0,3236.95,7091.74,0.0
M0077985,N,55,3,5164.67,0,0,0,1702.26,4846.32,0.0
M0077986,N,19,0,5423.13,0,1,0,1145.14,5541.09,0.56
M0077987,N,35,0,5847.63,0,1,1,3983.77,3569.48,0.58
M0077988,N,43,0,11488.49,1,0,2,5846.49,10532.44,3.32
M0077989,N,51,2,10583.12,0,0,0,4535.79,10457.41,0.06
M0077990,N,60,2,5709.57,0,3,0,5101.74,1453.15,0.13
M0077991,N,20,1,5940.45,0,1,0,1441.83,4149.47,0.4
M0077992,N,29,2,16550.27,0,1,0,10739.51,9552.36,0.93
M0077993,N,30,1,39062.06,0,1,0,4623.29,29726.23,1.29
M0077994,N,51,0,19890.23,0,0,1,4482.3,11237.37,1.74
M0077995,N,23,0,4806.6,0,0,0,844.06,4616.8,0.27
M0077996,N,59,2,9201.72,0,1,0,4898.36,3956.48,1.51
M0077997,N,53,0,30505.69,1,2,0,4449.54,19466.69,1.22
M0077998,N,30,0,5615.96,0,1,0,1028.65,4176.52,0.0
M0077999,Y,57,4,169173.52,3,3,2,142888.17,76772.15,2.76
M0078000,N,46,3,14862.14,0,2,1,4697.73,8422.21,0.36
M0078001,N,31,1,12236.68,1,0,0,1110.16,13792.05,1.71
M0078002,N,54,2,9489.67,1,1,0,4674.51,6020.15,2.11
M0078003,N,39,2,11409.36,0,0,0,1984.11,7505.7,1.11
M0078004,N,39,1,8949.58,0,1,1,1800.03,6618.11,1.51
M0078005,N,40,1,50330.51,1,0,1,4195.09,50093.42,0.91
M0078006,N,64,0,10888.31,0,0,0,1655.49,10124.75,0.98
M0078007,N,80,2,25009.87,0,0,1,3302.85,18635.91,1.33
M0078008,N,63,2,13281.28,0,0,0,679.95,10877.93,1.08
M0078009,N,77,0,9305.84,0,1,0,2244.22,6172.1,0.0
M0078010,N,77,0,3088.74,0,1,0,1408.44,2443.29,1.82
M0078011,N,77,1,4922.89,0,2,0,5061.89,1844.28,0.0
M0078012,N,73,1,3606.91,1,0,0,1880.85,2625.54,1.54
M0078013,N,22,1,17482.71,0,2,0,5246.76,8972.22,0.79
M0078014,N,39,1,6160.94,0,0,0,3731.68,1937.67,0.37
M0078015,N,63,0,5097.38,0,4,0,1790.97,3814.06,0.0
M0078016,N,25,2,3804.53,0,0,0,767.1,3081.79,0.82
M0078017,N,24,2,4870.74,0,0,0,2624.64,3582.2,1.44
M0078018,N,35,0,23937.06,1,0,0,8936.83,15480.42,1.45
M0078019,N,41,1,4847.09,1,0,0,1834.9,4465.39,0.0
M0078020,N,34,1,19185.91,0,2,0,4358.02,14265.13,1.07
M0078021,N,45,1,6472.1,0,0,0,1877.2,5078.24,0.34
M0078022,N,58,0,17044.16,1,0,0,1135.07,14992.06,1.11
M0078023,N,68,2,13258.15,0,0,0,701.44,11400.49,1.86
M0078024,N,18,0,2817.35,0,0,0,947.46,2419.79,1.72
M0078025,N,18,3,19624.54,1,1,0,5979.93,14960.94,0.94
M0078026,N,77,0,19704.42,2,3,0,10887.38,14146.05,1.19
M0078027,N,26,2,3039.46,0,1,0,1568.14,2861.65,1.3
M0078028,N,22,2,13263.58,0,0,1,6736.77,7649.36,0.85
M0078029,N,40,3,32542.11,2,0,0,8835.19,37816.59,1.62
M0078030,N,28,2,13551.1,0,1,1,3350.37,8699.22,0.81
M0078031,N,21,1,13256.79,0,0,0,2019.65,11785.13,2.54
M0078032,N,68,0,14324.73,0,0,0,1998.92,14490.48,0.9
M0078033,N,26,3,15772.94,1,0,0,5534.66,18288.24,1.5
M0078034,N,43,0,31229.39,0,0,0,1866.78,24536.27,1.13
M0078035,N,77,0,17921.12,0,0,0,5285.77,9536.47,1.47
M0078036,N,55,1,20393.28,1,2,0,9173.75,22082.26,1.83
M0078037,N,29,0,7489.59,0,1,0,1257.5,9934.71,1.36
M0078038,N,37,0,2742.29,0,0,0,718.73,2975.84,0.66
M0078039,N,37,4,7058.69,0,1,0,2450.12,3392.96,1.6
M0078040,N,41,0,25777.18,0,1,0,14689.76,21363.06,0.79
M0078041,N,39,0,4143.84,0,0,1,920.91,3186.7,0.0
M0078042,N,71,0,3290.48,0,1,1,1300.8,2261.65,1.58
M0078043,N,23,0,1246.36,0,0,0,890.7,1289.8,0.8
M0078044,N,76,3,26921.46,0,1,0,2320.25,20026.88,1.72
M0078045,N,37,2,29933.54,0,0,0,3544.92,26345.34,1.3
M0078046,N,38,0,18360.75,0,1,0,5682.6,13305.62,1.14
M0078047,N,23,2,74865.16,0,2,1,5814.89,70838.3,1.53
M0078048,N,64,0,4124.5,0,0,1,936.13,5944.58,0.0
M0078049,N,79,1,11183.03,0,1,1,3530.55,5626.28,1.13
M0078050,N,24,0,8550.46,0,0,0,893.64,8653.18,0.62
M0078051,N,20,3,18921.42,0,1,0,5943.09,13343.57,1.05
M0078052,N,48,0,5317.85,0,1,1,2575.01,3936.97,1.28
M0078053,N,46,1,5904.47,0,0,0,1412.51,4369.61,0.0
M0078054,Y,49,3,212964.58,5,7,2,83706.75,171563.81,5.51
M0078055,N,55,0,4580.74,0,0,0,3782.76,1718.53,1.32
M0078056,N,39,1,58973.54,0,0,0,1898.99,47654.29,2.28
M0078057,Y,76,7,367655.33,3,2,1,336492.31,131087.59,4.4
M0078058,N,18,0,20919.33,0,0,0,2852.05,14224.83,1.41
M0078059,N,18,2,20207.79,0,2,0,6780.32,14935.49,1.24
M0078060,N,63,0,21856.7,0,2,0,2227.86,16727.47,2.99
M0078061,N,52,1,5293.47,0,0,0,1432.32,5121.53,1.46
M0078062,N,20,1,11124.09,0,0,0,6950.11,6520.64,1.06
M0078063,N,67,0,7967.08,0,1,0,1474.35,6888.32,1.62
M0078064,N,51,2,10238.49,0,0,1,4430.68,6955.72,0.33
M0078065,N,57,1,4255.1,1,1,0,1528.99,3021.87,1.47
M0078066,N,58,0,14650.08,0,0,0,1670.98,11575.49,0.0
M0078067,N,70,0,9412.73,1,0,0,2159.39,11359.17,0.3
M0078068,N,27,0,7002.73,0,1,0,2755.08,3470.51,1.89
M0078069,N,45,2,30721.21,0,1,0,12518.53,15941.55,1.58
M0078070,N,70,2,7567.92,0,0,0,2933.46,6651.52,0.74
M0078071,N,63,1,11826.97,0,0,0,2085.21,7288.93,0.06
M0078072,N,68,1,6261.08,0,0,0,3147.71,7335.47,0.17
M0078073,N,30,2,19571.02,0,2,0,5500.6,12436.71,1.77
M0078074,N,31,2,10176.45,0,2,2,5612.78,8192.63,1.87
M0078075,N,53,0,11292.8,0,0,1,1658.57,8108.81,0.0
M0078076,N,48,0,6883.0,0,0,0,1432.07,4684.1,1.41
M0078077,N,32,1,4324.61,0,0,0,2712.51,4796.87,1.9
M0078078,N,22,3,16132.92,1,2,1,3871.43,14469.99,1.7
M0078079,N,24,0,23407.5,0,1,0,3071.89,15265.04,2.51
M0078080,N,39,0,10012.55,0,0,0,1003.47,7244.82,1.76
M0078081,N,22,1,38372.47,0,2,1,10846.62,38341.51,2.64
M0078082,N,73,0,3690.11,0,0,0,2135.33,4211.92,0.79
M0078083,N,49,1,17012.9,1,1,0,3184.2,12341.14,2.28
M0078084,N,41,1,12770.45,0,1,1,4616.18,5730.51,0.0
M0078085,N,40,2,11529.36,0,1,1,3704.37,5940.45,0.45
M0078086,N,62,0,8562.35,0,0,1,1575.26,5561.26,0.76
M0078087,Y,81,6,212887.37,3,4,3,33739.12,176461.04,4.69
M0078088,N,51,0,9889.85,0,0,0,1685.05,9268.8,0.63
M0078089,N,18,1,12112.72,1,0,1,896.07,9387.98,0.0
M0078090,N,43,0,10736.28,0,0,0,938.11,9754.14,0.23
M0078091,N,49,0,14094.55,0,0,0,4376.86,8176.75,1.57
M0078092,N,60,0,3960.54,0,0,0,967.88,4340.61,1.07
M0078093,N,42,1,19948.52,1,1,0,6811.68,22582.53,1.49
M0078094,N,26,0,7391.18,0,0,1,1901.73,6399.71,0.33
M0078095,N,44,2,20819.73,0,0,0,7327.56,13303.01,1.39
M0078096,N,19,0,10628.56,0,1,1,2603.51,8134.26,0.85
M0078097,N,53,0,10213.67,0,3,1,8893.87,6635.35,0.95
M0078098,N,27,3,48367.4,0,0,2,10556.34,35130.86,1.9
M0078099,N,69,0,5100.36,0,0,0,1701.28,3160.65,0.19
M0078100,N,39,2,11763.09,0,0,0,1099.28,8158.49,1.11
M0078101,Y,52,5,396116.87,5,5,6,100613.43,277811.57,5.95
M0078102,N,54,3,30804.98,0,1,0,7395.33,16750.94,3.48
M0078103,N,33,1,12471.38,0,1,1,3860.48,6192.54,0.05
M0078104,N,18,3,12699.87,0,0,1,1622.06,9511.31,1.8
M0078105,N,30,0,5921.71,0,0,1,1903.02,2794.85,1.11
M0078106,N,36,2,2215.2,0,0,0,420.31,3503.6,1.17
M0078107,N,38,2,5763.63,0,1,0,1636.35,6364.66,0.0
M0078108,N,22,1,10901.42,1,1,0,2671.04,6893.68,0.62
M0078109,N,19,3,16531.05,1,2,2,4440.61,12331.31,2.22
M0078110,N,52,1,5344.51,1,0,1,2263.04,4499.45,1.11
M0078111,N,45,0,14887.02,0,1,0,954.07,11805.2,0.0
M0078112,N,42,2,30107.23,2,1,0,4176.95,24376.15,2.22
M0078113,N,35,1,8040.88,0,0,1,642.41,7669.4,0.0
M0078114,N,40,0,18952.74,0,0,0,2463.2,13518.18,0.0
M0078115,N,34,0,2655.57,0,1,0,1767.51,2698.3,1.74
M0078116,N,54,2,10860.12,0,0,0,3143.94,12419.25,1.21
M0078117,N,22,0,8069.86,2,0,0,3918.31,6485.36,1.02
M0078118,N,50,0,11991.11,1,0,0,3151.42,8002.24,1.47
M0078119,N,64,1,7032.8,0,0,0,1411.28,5048.5,0.51
M0078120,N,78,0,10237.11,0,0,0,1790.25,7550.75,0.69
M0078121,N,52,2,18751.54,0,0,0,6454.15,9194.04,1.01
M0078122,N,31,0,16713.25,0,2,0,2939.09,10963.82,1.66
M0078123,N,29,1,5298.36,0,0,1,1164.09,5566.25,0.38
M0078124,N,65,0,7298.94,0,0,0,2326.42,4577.68,0.44
M0078125,N,48,0,9181.67,0,0,0,4323.05,5345.08,1.31
M0078126,N,44,1,10910.5,0,2,1,1416.12,9434.65,2.59
M0078127,N,30,0,19624.36,1,1,0,2812.54,14481.71,1.32
M0078128,N,76,1,36683.83,0,0,1,14561.54,15944.1,2.8
M0078129,N,58,1,14062.4,0,2,0,2800.3,10982.05,0.22
M0078130,N,40,2,41854.83,0,1,0,12329.82,20822.84,2.31
M0078131,N,69,0,11913.0,1,2,0,5859.33,4962.32,1.7
M0078132,N,67,1,9656.18,0,0,0,2238.28,5747.63,1.29
M0078133,N,75,0,8710.36,0,0,0,2257.26,9458.09,0.12
M0078134,N,45,2,34118.61,0,1,0,10106.29,17549.99,0.55
M0078135,N,28,1,39507.52,0,0,0,5486.89,34983.55,2.63
M0078136,N,48,0,4596.43,0,2,2,1300.99,5328.35,0.93
M0078137,N,22,1,12877.96,1,0,0,1606.37,10306.06,1.68
M0078138,N,51,0,11853.24,0,0,0,1992.28,7456.32,0.55
M0078139,N,24,0,12099.66,0,0,1,2614.85,12843.69,2.14
M0078140,N,70,2,13364.3,0,0,0,2524.8,19408.53,1.41
M0078141,N,29,0,6550.37,0,1,0,2271.35,7250.15,0.66
M0078142,N,21,1,3505.25,1,1,1,1703.22,1519.26,1.44
M0078143,N,55,1,3306.01,0,0,0,1556.78,3145.55,1.46
M0078144,N,48,3,22226.29,0,1,1,5080.03,18321.97,1.52
M0078145,N,57,0,5828.65,0,0,1,2104.97,3445.02,0.79
M0078146,Y,85,7,208951.74,3,1,1,65344.86,160004.56,2.0
M0078147,N,29,1,7574.81,0,2,0,1191.26,10398.43,0.63
M0078148,N,47,0,11767.16,0,0,0,4287.41,14415.82,1.8
M0078149,N,65,0,4868.6,0,1,1,503.9,6309.39,1.64
M0078150,N,76,1,5531.75,1,0,0,1882.06,5440.63,0.05
M0078151,N,59,0,3628.62,0,0,0,649.25,2705.93,1.0
M0078152,N,60,1,6058.91,0,2,0,2255.17,8377.85,0.0
M0078153,N,33,1,27497.51,0,2,1,16479.6,16731.26,1.88
M0078154,N,72,1,18772.62,0,2,1,1583.9,24824.8,1.35
M0078155,N,38,0,9318.97,0,1,0,5110.81,8032.02,1.36
M0078156,N,51,0,10599.87,0,0,0,5827.97,3853.35,0.69
M0078157,Y,43,5,177826.57,2,3,4,116379.03,131829.6,3.64
M0078158,Y,51,7,127126.31,2,2,2,80012.21,92787.86,2.31
M0078159,N,33,0,9732.73,0,0,1,4537.27,6708.82,0.68
M0078160,N,55,1,6709.85,0,1,0,3217.75,6386.73,0.84
M0078161,N,69,2,9734.57,1,0,1,1925.54,6031.34,0.26
M0078162,N,66,2,17289.75,0,0,1,12389.93,7758.47,1.04
M0078163,N,55,1,3815.59,0,0,1,1599.23,4911.56,0.83
M0078164,Y,38,3,130732.3,2,2,2,71072.76,51356.37,4.54
M0078165,N,45,2,14852.8,0,0,1,4845.41,12634.19,1.16
M0078166,N,27,1,13882.73,0,2,0,4293.01,12478.27,2.28
M0078167,N,36,2,9868.34,0,0,0,4214.39,12210.56,1.44
M0078168,N,36,0,6141.07,0,0,0,614.88,6448.21,0.0
M0078169,N,63,1,7806.66,0,1,1,1739.19,10387.33,2.5
M0078170,N,33,1,28776.35,0,1,0,8370.0,19160.67,0.51
M0078171,N,76,1,9376.98,0,0,0,1106.68,6250.96,0.42
M0078172,N,57,1,7565.41,0,0,0,5162.23,5599.87,0.56
M0078173,N,74,1,9448.09,0,0,0,978.09,8582.68,1.86
M0078174,N,78,1,5172.45,0,1,0,728.94,3946.65,0.46
M0078175,N,20,0,11551.57,1,1,0,4554.51,6561.59,0.29
M0078176,N,24,1,4496.72,0,0,1,3944.12,3414.83,0.0
M0078177,N,62,1,9516.6,0,1,0,4905.64,10359.39,1.27
M0078178,N,29,1,14355.99,0,0,0,2019.13,22639.79,0.6
M0078179,N,57,1,19485.31,0,1,1,4234.17,21860.04,3.35
M0078180,N,55,2,6438.11,1,0,0,1839.49,5289.32,1.8
M0078181,N,79,1,6568.37,0,1,0,1011.95,5328.02,1.97
M0078182,N,71,0,10193.69,0,2,0,7803.48,8562.44,0.67
M0078183,N,22,2,7231.37,0,0,0,2549.06,4051.64,0.1
M0078184,N,18,1,11535.76,0,1,0,3277.23,13473.03,1.09
M0078185,N,57,1,17211.99,0,0,1,4229.97,10654.94,2.05
M0078186,N,69,1,10582.57,0,1,1,4512.94,9056.9,2.52
M0078187,N,55,1,12517.37,0,0,0,2365.91,10436.09,0.0
M0078188,N,27,0,9936.41,0,0,0,632.58,8258.38,1.25
M0078189,N,77,0,6647.56,0,2,0,1067.43,8580.33,0.33
M0078190,N,32,0,9634.15,0,0,0,2496.88,11672.21,3.2
M0078191,N,79,0,6487.05,1,1,0,1762.49,3482.16,1.29
M0078192,N,33,0,4211.79,0,0,0,535.28,4747.43,2.35
M0078193,N,67,2,8594.73,0,0,0,1617.49,6750.18,2.33
M0078194,N,42,0,16157.86,0,0,1,1664.31,13897.9,1.32
M0078195,N,39,0,9664.76,0,1,0,1468.83,6944.96,0.0
M0078196,N,23,0,14124.96,0,0,0,6478.68,15258.98,0.63
M0078197,N,18,1,11582.76,0,0,0,4683.71,6571.31,1.58
M0078198,N,36,0,10837.71,0,0,0,2727.41,8899.21,1.87
M0078199,N,27,2,21650.29,1,1,0,12264.13,13988.23,3.74
M0078200,N,62,1,43147.15,0,0,0,5671.6,29715.88,0.0
M0078201,N,42,3,38188.61,1,2,0,19508.03,16284.69,1.11
M0078202,Y,51,3,120917.11,1,6,3,45862.65,94976.96,6.45
M0078203,N,57,2,3536.74,0,1,0,1783.26,1587.25,0.0
M0078204,N,50,1,19477.28,0,1,1,3388.71,12369.19,0.65
M0078205,N,42,0,11873.04,0,0,0,3444.39,5851.46,0.49
M0078206,N,46,0,9792.47,0,0,0,2058.45,9202.64,1.67
M0078207,N,44,1,6149.93,0,0,0,1693.96,5755.0,0.74
M0078208,N,60,1,23321.08,0,0,0,2904.88,18124.02,1.86
M0078209,N,80,1,14034.97,0,1,1,15388.99,6537.84,1.85
M0078210,N,21,1,20260.89,0,1,2,6496.1,13040.23,0.36
M0078211,N,30,2,16906.56,1,1,0,7382.62,9621.72,0.8
M0078212,N,56,0,12718.48,0,1,0,2825.22,13098.78,2.1
M0078213,N,24,1,18273.43,0,0,0,4495.94,11923.94,2.72
M0078214,N,67,1,16918.37,0,1,0,4058.71,24591.65,2.11
M0078215,N,55,0,2664.51,0,0,0,894.72,2920.72,0.0
M0078216,N,43,3,59924.05,1,2,0,1437.68,57030.51,1.42
M0078217,N,65,2,26280.76,0,1,2,8816.56,13201.83,2.49
M0078218,N,30,0,18607.61,1,1,0,3466.25,12839.37,1.12
M0078219,N,29,0,7745.17,1,0,1,5558.28,6180.05,1.16
M0078220,N,39,2,23203.88,0,0,0,2937.62,28225.6,0.67
M0078221,N,38,1,27543.67,0,2,3,13447.63,13420.82,2.99
M0078222,N,20,2,16780.7,0,1,0,3912.43,12211.97,1.49
M0078223,N,34,1,13865.23,0,1,0,4741.36,8999.8,1.71
M0078224,N,30,0,10074.35,2,0,1,842.59,11227.29,0.74
M0078225,N,63,3,2511.98,0,0,0,823.46,1354.66,0.22
M0078226,N,60,0,16221.25,0,1,0,6929.33,10491.81,1.19
M0078227,N,79,1,3920.5,0,0,0,524.6,2909.07,0.43
M0078228,N,77,0,8101.82,2,0,1,3816.97,3951.12,1.35
M0078229,N,46,3,10923.24,0,0,1,1331.82,10621.75,1.92
M0078230,N,62,2,20333.81,1,0,1,13270.0,4451.59,1.52
M0078231,N,54,3,18160.95,0,3,0,6287.98,21345.54,0.84
M0078232,N,45,1,15831.75,1,1,0,3523.53,11698.88,0.65
M0078233,N,54,3,13543.79,0,0,0,4137.84,6607.2,1.83
M0078234,N,44,1,17111.53,0,3,0,667.44,20437.06,2.59
M0078235,N,80,1,11845.56,1,2,0,3882.84,15007.67,2.44
M0078236,N,62,2,8947.8,0,1,0,2667.37,8500.67,1.01
M0078237,N,77,1,15895.47,1,0,0,4525.39,12739.58,0.98
M0078238,N,27,0,7745.0,0,0,1,4283.43,5546.75,1.17
M0078239,N,69,2,4137.45,1,0,0,2413.48,1947.85,0.42
M0078240,N,77,0,6928.62,0,0,0,602.92,6525.71,0.87
M0078241,N,56,0,8753.46,0,0,0,4959.32,9217.95,0.0
M0078242,N,52,1,4591.03,1,0,0,977.03,3566.43,2.04
M0078243,N,46,1,10687.48,1,0,1,2901.49,11248.72,0.45
M0078244,N,31,0,20925.57,0,1,0,5604.9,25901.72,1.52
M0078245,N,57,2,19314.35,0,0,0,7504.93,22043.67,1.1
M0078246,N,20,2,8551.72,0,0,1,5435.14,7496.2,1.34
M0078247,N,80,4,31279.67,1,3,0,13393.68,15478.21,2.2
M0078248,N,24,1,7310.19,0,0,0,2937.62,5088.26,1.15
M0078249,N,26,2,16392.9,0,0,0,1253.25,19168.9,1.74
M0078250,N,41,1,8283.35,0,0,0,7969.65,6296.49,1.15
M0078251,N,72,1,5821.48,1,0,0,1455.53,4681.34,0.83
M0078252,N,32,3,123909.6,0,0,1,9943.6,114896.51,2.74
M0078253,N,21,0,7280.22,0,0,0,2338.6,7336.22,2.0
M0078254,N,78,1,13634.59,2,0,0,10582.88,6431.59,2.71
M0078255,N,47,1,30642.23,0,3,0,12865.82,15682.39,0.99
M0078256,N,51,1,7335.57,0,0,0,981.71,7501.66,0.13
M0078257,N,38,0,11124.43,0,1,0,2401.46,6938.23,1.84
M0078258,N,62,2,21310.32,0,2,2,7636.33,17844.14,1.84
M0078259,N,27,1,10914.37,0,2,1,11504.72,5768.01,1.7
M0078260,N,65,1,15158.45,0,1,0,7752.15,4603.92,0.98
M0078261,N,33,2,12035.3,0,0,0,4632.79,6577.34,0.36
M0078262,N,63,1,30968.09,0,1,0,6682.23,20097.88,0.62
M0078263,N,76,1,12722.94,0,0,0,1877.8,11859.35,1.18
M0078264,N,46,0,3189.47,0,0,0,850.43,1873.6,0.0
M0078265,N,41,1,8801.04,1,0,0,1647.83,9657.45,2.09
M0078266,N,72,0,7338.04,0,0,0,4439.11,7995.15,2.64
M0078267,N,20,0,5224.2,0,0,0,862.09,7600.62,0.0
M0078268,N,21,1,9941.54,0,0,0,923.99,12071.34,0.88
M0078269,N,70,3,42384.62,0,0,0,14155.37,36652.38,1.34
M0078270,N,78,2,10210.78,0,1,0,2886.98,7249.13,0.14
M0078271,Y,85,4,213855.22,4,1,2,67244.29,143883.07,5.35
M0078272,N,78,3,4442.0,0,1,1,1306.96,5575.71,0.31
M0078273,N,67,1,21587.58,1,0,0,7227.28,19508.99,1.75
M0078274,Y,72,7,359822.45,2,2,3,220487.69,264762.17,4.74
M0078275,N,74,0,7406.79,1,0,0,1245.22,5866.81,1.45
M0078276,Y,42,4,154460.51,3,3,2,90717.91,122735.65,5.57
M0078277,N,31,2,38563.91,0,1,1,2947.43,38752.17,2.74
M0078278,N,23,2,9759.55,0,0,0,3879.89,8314.5,0.83
M0078279,N,42,2,13983.8,0,0,1,3198.88,9490.91,0.56
M0078280,N,39,1,7206.02,0,1,2,2287.7,9943.73,1.64
M0078281,N,51,0,13586.01,0,1,0,752.84,20728.47,0.59
M0078282,N,64,2,28656.5,0,0,0,2282.04,21141.27,2.73
M0078283,N,26,1,10753.23,0,0,0,2446.77,6317.09,0.95
M0078284,N,37,1,19248.31,0,0,0,2161.87,15609.42,0.7
M0078285,N,49,3,38539.11,1,2,2,3282.03,33865.7,2.21
M0078286,N,39,1,13040.12,0,0,1,4315.23,8240.17,1.12
M0078287,N,30,0,16278.36,0,2,0,8362.37,5882.77,0.41
M0078288,N,43,1,8951.57,0,1,0,3213.79,4068.03,0.8
M0078289,N,32,0,8566.25,0,0,0,3598.38,5379.66,0.63
M0078290,N,35,1,10848.49,1,1,1,11528.67,4454.78,0.73
M0078291,N,23,1,19478.74,0,0,0,4170.29,13573.93,0.44
M0078292,N,73,2,10532.48,2,1,0,3978.27,9820.14,2.23
M0078293,N,65,3,25216.92,1,1,1,8289.75,14576.56,1.53
M0078294,N,37,2,15634.26,1,0,0,2369.39,15542.3,1.94
M0078295,N,42,0,11937.58,0,1,0,3257.0,16147.74,0.57
M0078296,N,44,2,32524.61,2,0,1,12930.86,14696.68,1.72
M0078297,N,26,0,10703.5,1,1,0,471.39,8783.04,0.45
M0078298,N,36,2,39810.7,0,1,1,12499.55,20430.37,0.76
M0078299,N,70,0,11547.18,0,1,0,2985.88,7242.38,0.15
M0078300,N,43,0,46453.35,0,0,0,2205.57,35983.77,0.98
M0078301,N,58,0,6416.64,0,1,1,799.83,7643.75,1.6
M0078302,N,58,1,8864.5,0,0,1,1803.67,13413.42,1.87
M0078303,N,55,2,108789.25,1,0,0,31056.73,63218.14,2.73
M0078304,N,78,0,5439.61,0,0,0,1109.27,3739.33,0.53
M0078305,N,27,3,18512.94,1,2,0,11454.18,10194.73,0.76
M0078306,N,24,2,15076.14,1,1,0,2432.54,9954.6,2.74
M0078307,N,50,0,9814.6,0,0,0,1705.1,15112.64,0.06
M0078308,N,57,0,13366.14,0,0,0,3059.66,10858.39,1.56
M0078309,N,18,0,7657.2,0,1,1,3080.22,7492.97,0.29
M0078310,N,35,1,4710.38,2,0,0,3241.96,5232.45,1.82
M0078311,N,64,1,6522.79,0,1,0,2777.61,5738.17,1.34
M0078312,N,74,0,25090.98,0,1,1,12453.34,23399.11,1.98
M0078313,N,35,0,1185.25,0,0,0,509.91,657.48,0.56
M0078314,N,50,0,4732.46,0,0,0,1869.79,6702.41,0.0
M0078315,N,55,1,4794.23,0,1,0,3102.6,2542.04,0.0
M0078316,N,57,0,7655.43,1,0,0,2201.47,4429.72,1.8
M0078317,N,36,2,6484.21,0,1,1,1585.38,4509.91,0.56
M0078318,N,73,1,24916.52,0,2,0,2940.23,30841.34,1.6
M0078319,N,35,0,5113.98,0,0,0,992.35,4038.51,0.63
M0078320,N,64,3,5014.36,0,0,0,738.68,7489.63,0.58
M0078321,N,32,3,47239.4,1,0,1,4907.21,38636.91,0.86
M0078322,N,66,1,9342.09,0,3,0,5261.22,3422.15,2.67
M0078323,N,35,2,15249.69,0,1,0,5035.69,12903.57,0.0
M0078324,N,19,3,49327.05,0,2,1,6933.63,37334.01,3.6
M0078325,N,55,0,30458.3,0,0,0,1330.07,24600.94,0.94
M0078326,N,37,1,17949.56,0,0,0,5495.99,14286.05,2.64
M0078327,N,37,1,10660.66,1,2,0,2443.48,8952.43,0.06
M0078328,N,54,0,9311.08,2,1,0,1260.34,14092.26,0.46
M0078329,N,77,2,30398.68,1,0,1,3487.54,28029.7,0.61
M0078330,N,38,1,16494.73,0,1,0,5969.8,11902.39,1.4
M0078331,N,64,0,33361.72,0,1,0,2228.65,25560.01,1.84
M0078332,N,71,0,2875.27,0,1,0,568.45,4329.37,1.94
M0078333,N,46,0,12183.48,0,1,0,1889.81,14589.57,1.67
M0078334,N,64,1,10514.66,0,1,0,2630.72,8278.8,0.54
M0078335,N,68,2,12363.48,0,1,0,10676.08,6937.46,1.53
M0078336,N,30,0,17617.87,0,0,0,2074.53,14738.49,0.0
M0078337,N,67,0,23514.37,0,3,0,5056.5,13350.71,0.99
M0078338,N,51,1,7630.36,0,1,0,4039.48,5212.6,0.87
M0078339,N,27,0,4301.53,1,1,1,1500.34,6291.03,0.87
M0078340,N,34,1,12532.03,0,1,0,2006.86,8471.82,0.0
M0078341,N,54,0,8910.19,0,0,0,1140.87,6631.16,0.0
M0078342,N,46,2,14773.45,0,0,0,7945.99,4806.96,0.04
M0078343,N,46,2,3660.18,0,0,0,1842.58,2676.2,1.79
M0078344,N,48,0,3559.66,1,0,0,1671.99,2923.3,0.41
M0078345,N,67,1,12761.75,1,2,0,5381.51,5463.63,0.75
M0078346,N,60,0,14355.5,0,1,0,4507.56,14017.91,1.18
M0078347,N,57,1,3636.31,0,0,0,751.25,5452.51,1.37
M0078348,N,48,1,42880.96,0,3,0,4453.63,32332.66,1.96
M0078349,N,29,0,31320.41,0,1,1,10003.55,18949.14,1.78
M0078350,Y,52,3,121521.62,2,5,1,24271.76,94481.07,3.62
M0078351,N,37,0,12348.93,0,1,0,1649.21,13423.77,0.72
M0078352,N,34,1,34334.86,1,1,0,3532.15,33863.03,1.56
M0078353,N,66,0,9740.33,0,0,0,951.38,9203.72,1.75
M0078354,N,46,2,5904.05,0,1,0,2142.55,5746.4,0.0
M0078355,N,28,1,4361.42,1,3,1,592.63,6729.55,0.0
M0078356,N,72,1,5537.16,0,0,0,2696.36,6575.7,0.54
M0078357,N,39,1,24066.28,0,0,0,4159.49,18673.65,0.67
M0078358,N,41,2,20330.37,0,0,0,3216.16,18213.38,1.63
M0078359,N,63,0,9692.51,0,1,0,2796.97,11247.94,0.42
M0078360,N,28,2,4508.1,0,1,1,2807.72,4446.35,1.13
M0078361,N,65,2,25064.56,0,2,0,19111.14,2613.86,2.01
M0078362,N,53,3,38674.9,0,0,0,4373.51,26507.29,2.43
M0078363,N,77,2,6412.47,1,0,2,1185.71,6598.26,0.0
M0078364,N,71,1,20347.5,0,0,0,2239.54,16114.06,1.17
M0078365,N,73,3,14170.87,0,0,0,5852.71,6347.67,1.15
M0078366,N,25,0,5677.36,0,1,0,689.92,7922.72,1.4
M0078367,N,25,1,15900.01,1,0,0,2692.82,10920.37,2.27
M0078368,N,37,2,7905.15,0,1,0,1898.74,7323.45,1.9
M0078369,N,39,0,35651.26,0,0,1,9930.55,21035.08,1.29
M0078370,N,50,1,5729.63,0,1,2,1534.17,5444.05,1.47
M0078371,N,45,2,22225.19,0,1,0,1395.06,17198.34,1.75
M0078372,N,64,1,18484.91,0,1,0,8546.03,10092.98,0.79
M0078373,N,25,4,8758.05,0,0,1,5261.7,4358.78,1.5
M0078374,N,20,0,17071.58,0,0,1,2216.68,16279.75,2.94
M0078375,N,55,0,23312.12,0,0,0,3313.41,28100.18,0.0
M0078376,N,34,0,8366.85,0,1,1,1095.71,12692.29,0.15
M0078377,N,42,3,15264.31,0,0,0,2487.77,10610.12,1.74
M0078378,Y,43,6,462322.11,4,3,4,317625.17,233407.31,6.91
M0078379,N,63,3,19461.57,0,1,0,7523.74,9842.47,1.4
M0078380,N,56,0,8158.14,0,1,0,560.8,12548.28,0.18
M0078381,N,59,0,12639.36,0,0,0,2027.66,13832.01,0.97
M0078382,N,37,1,13706.93,0,1,0,6682.87,9117.96,0.59
M0078383,N,77,1,3968.57,0,0,1,2606.85,4603.8,0.25
M0078384,N,37,2,16840.89,2,1,0,5772.9,7719.73,1.23
M0078385,N,28,2,7596.21,0,0,0,3648.05,4083.76,1.83
M0078386,N,74,0,20990.05,1,1,0,18680.2,6454.34,1.0
M0078387,N,26,1,8265.1,0,0,0,1645.71,5413.21,2.47
M0078388,N,44,1,3653.56,0,0,0,1702.74,4529.03,1.35
M0078389,N,49,1,17318.08,1,0,2,5707.28,16956.68,1.44
M0078390,N,24,0,5411.48,0,0,0,2855.03,3567.27,1.64
M0078391,N,58,2,9947.9,0,1,0,6386.06,11188.16,1.84
M0078392,N,77,1,51302.0,0,1,1,10598.96,34997.33,0.2
M0078393,N,26,0,11244.53,0,0,2,2342.5,13899.53,1.54
M0078394,N,49,2,9153.77,1,0,1,851.77,6495.6,1.21
M0078395,N,69,0,17102.41,0,0,1,927.98,22184.14,2.27
M0078396,N,72,2,5810.67,1,0,0,2288.67,4753.15,1.21
M0078397,N,44,0,10429.26,0,1,0,2170.88,11007.55,0.7
M0078398,N,44,0,18726.15,0,1,1,2245.81,13170.64,0.65
M0078399,Y,46,5,376654.58,2,6,4,92051.43,280798.11,3.26
M0078400,N,29,0,8969.7,1,0,0,4239.2,3202.35,0.0
M0078401,N,51,0,7972.15,0,0,0,2868.99,3764.31,1.12
M0078402,N,54,1,20469.57,2,2,1,7640.17,10049.91,0.83
M0078403,N,44,0,12186.85,0,0,1,4087.45,8292.08,0.23
M0078404,N,22,0,7250.58,0,1,0,1087.97,8353.12,1.88
M0078405,N,60,0,8710.43,0,0,0,3292.66,7693.26,1.43
M0078406,N,53,1,27187.3,1,1,1,11683.85,12797.82,2.71
M0078407,N,52,1,3893.52,0,0,0,1321.05,2626.72,0.9
M0078408,N,67,1,7479.49,0,3,0,8118.62,5376.39,1.82
M0078409,N,57,0,4236.1,0,0,0,2309.22,3343.4,0.39
M0078410,N,19,1,15014.06,0,0,0,1325.77,17518.77,1.1
M0078411,N,62,0,18159.65,0,1,0,4518.06,12151.55,0.59
M0078412,N,58,2,8232.06,1,1,0,2638.94,7315.88,1.02
M0078413,N,71,0,13722.97,0,1,0,7275.64,3466.8,0.0
M0078414,N,55,2,15788.02,1,1,0,6052.49,11896.17,0.74
M0078415,N,77,2,6872.39,0,0,0,1768.33,9406.09,1.93
M0078416,N,68,0,7315.7,0,0,0,2606.88,6895.74,1.4
M0078417,N,55,1,5562.05,0,1,0,2141.38,2916.02,1.71
M0078418,N,37,0,6911.07,0,0,0,1158.09,5771.39,0.21
M0078419,N,73,0,15869.43,0,2,0,1252.01,14033.48,2.39
M0078420,N,80,1,8680.68,0,0,0,10630.73,4150.82,1.17
M0078421,N,41,0,15150.42,0,1,1,5956.36,7246.68,1.58
M0078422,Y,46,4,142820.0,3,2,1,66873.09,82133.52,3.87
M0078423,N,74,0,10023.25,0,1,0,5859.96,7318.32,0.3
M0078424,N,38,0,1746.93,0,0,0,526.52,959.98,0.0
M0078425,N,70,0,3843.52,0,0,0,3463.06,2311.53,0.0
M0078426,N,38,1,17329.47,0,2,0,4018.79,16707.0,1.1
M0078427,N,72,2,19163.11,0,1,0,5068.69,19811.54,2.23
M0078428,N,57,2,13056.76,0,0,1,3977.42,9694.57,1.67
M0078429,N,39,2,12897.23,0,0,1,1569.47,14256.49,1.29
M0078430,N,39,0,21301.67,0,0,0,4659.4,12102.94,0.87
M0078431,N,35,0,3747.63,0,0,0,207.52,3894.2,0.0
M0078432,N,53,1,10158.98,0,0,0,874.62,10139.73,1.52
M0078433,N,24,2,10698.14,0,1,1,1870.84,9113.1,1.28
M0078434,N,65,1,13390.1,0,2,0,636.37,11022.58,0.53
M0078435,N,26,0,19776.97,0,0,0,1887.45,20164.98,0.0
M0078436,N,44,2,4389.66,0,0,0,4178.87,3709.54,0.44
M0078437,N,47,0,5041.45,0,0,0,1245.37,5841.3,0.0
M0078438,N,30,1,13538.4,0,0,0,1221.97,22042.5,0.99
M0078439,N,80,2,8970.61,1,0,0,7402.23,8757.57,1.95
M0078440,N,24,0,13073.17,0,0,1,848.56,13703.92,0.68
M0078441,N,80,1,17119.2,0,0,0,1128.71,12768.11,1.61
M0078442,N,23,1,10017.36,0,0,0,9271.2,5193.15,0.32
M0078443,N,30,2,8431.74,0,2,0,4748.15,8415.99,1.15
M0078444,N,67,1,4127.16,0,0,0,1826.54,2440.35,1.06
M0078445,N,60,0,7488.31,0,0,0,5829.94,4328.74,1.8
M0078446,N,70,3,14196.16,1,0,0,5748.13,8279.62,1.09
M0078447,N,62,1,12668.51,0,0,0,3860.28,8509.33,0.2
M0078448,N,71,1,13145.12,1,1,0,1540.92,11727.02,1.47
M0078449,N,35,0,11258.29,1,1,0,3889.97,7307.73,0.67
M0078450,N,78,2,2073.58,0,0,0,260.92,3189.31,0.0
M0078451,N,73,2,17383.95,0,1,0,3844.81,12119.44,2.36
M0078452,N,54,0,14826.29,0,1,0,7264.56,6368.44,0.11
M0078453,N,36,0,2714.79,0,1,0,725.44,3598.89,0.95
M0078454,N,76,1,23095.68,1,1,2,11860.76,19081.63,0.83
M0078455,N,63,0,6956.5,0,0,0,1328.41,4753.32,1.06
M0078456,N,23,0,9566.07,0,0,0,1568.96,6717.25,0.34
M0078457,N,57,1,6195.98,0,0,0,1325.08,4046.38,0.65
M0078458,Y,60,5,159135.07,1,7,4,87169.35,96371.15,5.79
M0078459,N,29,0,10053.62,0,0,0,4777.72,3577.14,1.02
M0078460,N,33,3,24913.7,0,1,0,3392.8,16672.49,0.74
M0078461,N,34,0,3816.71,1,0,0,1016.86,5162.32,1.52
M0078462,N,39,2,24671.19,1,1,0,3247.52,21496.88,2.12
M0078463,N,64,2,22007.33,1,1,0,2698.28,15086.01,1.11
M0078464,N,34,0,10328.31,0,1,2,4911.23,7844.58,0.9
M0078465,N,66,2,7080.61,0,0,1,1889.07,4695.71,1.12
M0078466,N,51,1,8559.17,2,1,0,3630.29,10304.57,1.57
M0078467,N,44,0,4942.67,0,3,1,2492.77,6002.45,1.29
M0078468,N,49,2,3557.02,1,3,1,1230.92,3686.72,0.0
M0078469,N,19,2,12217.11,0,0,2,1084.22,12883.51,2.1
M0078470,Y,40,3,131672.83,3,4,3,46100.91,133674.29,3.77
M0078471,N,53,1,11159.79,0,1,0,4096.83,7001.47,0.93
M0078472,N,25,2,7911.29,0,0,0,3677.67,5335.15,2.58
M0078473,N,68,2,12514.64,0,1,0,3482.98,16376.45,2.17
M0078474,Y,64,3,205651.94,1,3,1,46510.64,158805.4,3.38
M0078475,N,29,1,30162.5,1,2,0,7362.24,20683.29,2.57
M0078476,N,67,2,8587.98,1,0,0,4261.64,5361.36,1.42
M0078477,N,33,0,11676.07,0,1,0,2974.87,7280.75,0.84
M0078478,N,65,1,11041.51,0,0,1,6395.67,5874.59,0.99
M0078479,N,75,0,6625.13,0,0,1,1976.48,8954.27,0.67
M0078480,N,37,3,35528.89,0,2,0,6107.43,27799.19,3.67
M0078481,N,22,2,9468.28,0,1,0,2100.62,11133.1,0.95
M0078482,N,32,2,7651.41,0,2,0,2170.05,6194.03,2.26
M0078483,N,18,0,20746.68,0,0,0,5316.99,14283.28,0.24
M0078484,N,63,1,8877.18,0,0,1,3631.68,7060.05,0.84
M0078485,N,44,1,10951.03,0,2,1,3681.73,5558.08,2.59
M0078486,Y,77,7,240945.91,4,6,6,121802.07,177043.99,3.7
M0078487,N,47,1,6911.54,0,1,0,1753.64,3918.86,1.55
M0078488,N,55,0,9346.53,0,1,1,4427.48,8060.41,1.1
M0078489,N,59,0,19236.42,0,0,2,8666.41,15298.84,2.43
M0078490,N,63,1,5956.12,0,0,0,1422.09,4629.48,0.79
M0078491,N,34,0,4945.57,0,0,0,1924.98,3017.96,0.91
M0078492,N,53,2,8065.28,1,0,0,7077.95,4845.26,2.1
M0078493,N,54,1,5308.23,0,2,0,1624.86,2691.9,0.44
M0078494,N,31,2,8718.07,0,2,0,3619.33,8442.42,1.04
M0078495,N,33,0,6513.96,0,2,0,2209.58,4307.2,1.52
M0078496,N,25,0,3254.67,2,1,0,1654.95,4129.59,0.58
M0078497,N,65,0,8332.13,0,1,0,717.45,9180.61,1.04
M0078498,N,52,0,3116.52,0,1,0,823.62,2674.38,0.0
M0078499,N,25,1,3295.92,0,0,0,900.24,2793.36,0.09
M0078500,N,21,2,3923.71,0,0,1,685.84,3344.75,0.2
M0078501,N,58,0,10020.67,0,0,0,2997.06,9997.06,0.11
M0078502,N,78,1,7709.04,0,1,0,3059.92,5096.42,0.84
M0078503,N,39,0,14756.17,0,0,0,1475.2,12759.16,0.57
M0078504,N,38,1,10745.63,0,1,0,661.23,11412.27,0.01
M0078505,N,48,0,10199.6,1,4,0,1982.58,7934.86,4.03
M0078506,N,34,1,8325.86,0,1,0,3146.12,4160.49,0.0
M0078507,N,64,1,52160.41,0,2,0,27867.69,13739.92,0.0
M0078508,N,65,1,24620.22,0,0,0,9380.35,14120.87,1.26
M0078509,N,44,1,11065.99,1,0,0,2446.09,9866.54,1.8
M0078510,N,30,1,18944.53,0,1,0,3620.23,17357.67,1.66
M0078511,N,21,1,27229.41,0,0,2,3776.0,21875.72,0.0
M0078512,N,72,0,4318.8,0,0,0,392.55,5627.66,0.0
M0078513,N,27,1,18443.87,0,0,1,6416.71,13802.9,0.02
M0078514,N,60,3,8192.56,1,0,0,1498.61,8200.93,2.76
M0078515,N,47,2,27941.87,0,1,0,2266.67,23607.68,0.0
M0078516,N,41,1,12006.34,0,0,0,902.65,9903.11,0.6
M0078517,N,42,0,19400.91,0,0,0,6016.35,11220.24,0.74
M0078518,N,18,1,12821.49,1,2,1,18257.63,4756.95,1.19
M0078519,N,33,0,4279.26,0,0,0,1823.06,2210.21,0.0
M0078520,N,70,0,7919.49,0,2,0,2474.62,9155.97,1.2
M0078521,N,74,1,7205.88,0,1,0,3821.63,4855.69,0.0
M0078522,N,28,1,8804.48,0,0,0,1033.04,8712.02,1.72
M0078523,N,18,3,39984.7,1,3,0,13474.67,18348.47,2.19
M0078524,N,30,0,5107.12,0,0,0,560.6,4553.67,0.0
M0078525,N,36,0,4109.55,0,0,0,266.82,3354.8,1.07
M0078526,N,58,2,10213.13,0,1,1,3207.53,7291.06,0.74
M0078527,N,44,0,9528.17,0,1,1,3077.64,9984.9,0.08
M0078528,N,35,1,8899.35,0,2,1,3028.65,7770.31,1.83
M0078529,N,56,0,7076.98,0,2,0,2378.76,6795.92,0.68
M0078530,N,44,1,15229.25,0,2,0,6279.59,9380.76,1.12
M0078531,N,27,0,5960.52,0,0,0,3196.74,1756.76,0.0
M0078532,N,41,2,21682.82,0,2,0,3883.29,24793.58,0.6
M0078533,N,19,1,18584.67,1,0,0,4135.78,10551.79,1.73
M0078534,N,18,3,38434.36,0,1,0,17451.91,12653.74,2.43
M0078535,N,63,0,11736.8,0,0,1,3506.24,6345.26,1.58
M0078536,N,38,0,9413.38,0,1,1,1979.31,7992.14,1.12
M0078537,N,65,0,5512.84,1,1,1,1797.21,4250.5,0.77
M0078538,N,48,0,12394.68,0,0,0,4197.5,8156.13,1.95
M0078539,N,58,0,3459.3,0,0,1,1434.64,4212.98,0.86
M0078540,N,35,0,15701.36,0,0,0,1923.26,10407.16,1.53
M0078541,N,23,1,6923.4,0,1,1,2522.35,4220.01,1.77
M0078542,N,41,0,9498.52,0,1,0,2028.95,7739.74,1.44
M0078543,N,62,3,87447.05,1,1,0,9797.13,59783.98,1.72
M0078544,N,27,1,2562.24,0,1,1,1499.22,3020.31,0.0
M0078545,N,68,0,5429.32,0,2,0,2109.16,3430.49,0.86
M0078546,N,24,4,42156.93,0,1,1,36045.08,18966.95,1.48
M0078547,N,80,1,26709.01,1,0,2,16113.16,12844.61,2.21
M0078548,N,26,1,7332.31,0,1,0,1226.87,5404.04,0.74
M0078549,N,52,1,5118.87,0,1,0,2551.52,3269.27,0.68
M0078550,N,22,2,18745.46,1,0,0,3431.69,16560.84,2.63
M0078551,N,59,0,14793.21,1,2,0,3038.37,8827.8,1.6
M0078552,N,69,0,32801.47,0,1,1,17402.8,29076.53,2.23
M0078553,N,41,1,48005.06,0,1,0,6890.91,36134.94,2.12
M0078554,N,54,2,5174.73,0,1,1,779.91,4412.03,0.1
M0078555,N,22,2,8850.6,0,2,0,4133.71,5048.97,1.38
M0078556,N,65,1,8502.76,0,0,0,1335.28,6525.42,0.0
M0078557,N,56,0,8226.04,0,1,0,3639.35,8664.22,1.74
M0078558,N,56,0,8056.23,0,0,0,1117.0,6525.86,0.87
M0078559,N,65,1,7195.56,0,2,0,2717.56,6006.26,2.48
M0078560,N,76,2,9333.38,0,0,0,562.71,7086.16,1.69
M0078561,N,23,3,4702.75,0,0,0,1493.91,7006.13,0.71
M0078562,N,26,0,4663.83,1,1,1,2288.97,3786.79,1.04
M0078563,N,69,0,2282.15,0,0,0,849.5,1450.2,0.71
M0078564,Y,53,5,200483.01,2,4,6,41414.86,156157.6,4.95
M0078565,N,32,1,8463.17,1,1,0,1715.09,10215.8,0.08
M0078566,N,23,3,7168.04,0,1,0,2319.43,6913.4,0.45
M0078567,N,35,2,16978.82,0,0,0,1935.49,11903.03,3.25
M0078568,N,26,1,8415.7,0,0,1,1619.34,6497.59,0.0
M0078569,N,37,1,13072.14,1,0,0,3904.24,16241.31,1.78
M0078570,N,38,1,12931.22,0,1,0,3138.94,12360.3,2.21
M0078571,N,42,0,36534.07,0,0,1,7412.06,33755.93,0.13
M0078572,N,75,1,14915.78,1,0,0,2527.74,9360.64,1.05
M0078573,N,52,2,10576.22,0,1,0,1986.9,9031.44,0.37
M0078574,N,24,2,4356.62,0,1,0,2327.32,4631.1,0.65
M0078575,N,45,1,14677.31,1,2,0,10119.63,8385.75,1.27
M0078576,N,66,2,8235.55,0,2,0,4127.77,4928.94,1.82
M0078577,N,52,3,12416.91,1,0,0,4559.91,12329.43,2.7
M0078578,N,46,0,9344.75,0,0,1,2987.67,7560.0,0.79
M0078579,N,26,0,16976.41,1,2,0,10184.2,19578.04,2.74
M0078580,N,27,0,9316.91,0,0,0,1726.13,9009.37,0.07
M0078581,N,59,3,9948.42,0,0,0,2962.28,11873.76,0.98
M0078582,N,37,4,11940.95,0,0,1,1609.07,8764.41,2.33
M0078583,N,37,1,18300.8,1,3,0,8262.7,11046.06,0.75
M0078584,N,44,1,9673.8,0,0,0,1616.41,7545.09,0.0
M0078585,N,75,1,27326.12,1,0,1,15210.69,9368.9,1.83
M0078586,N,44,1,10040.22,0,1,2,4686.65,9810.41,1.18
M0078587,N,66,1,13099.44,0,0,1,1127.99,13055.49,0.62
M0078588,N,61,1,12737.38,0,0,1,409.3,15298.08,1.1
M0078589,N,33,3,13400.46,1,0,1,1568.25,10489.81,1.79
M0078590,N,74,1,4314.59,1,1,0,2757.09,3678.51,0.79
M0078591,N,41,0,3367.17,0,0,0,1573.02,3958.8,0.27
M0078592,N,46,1,6083.97,0,0,0,2556.57,6478.92,2.3
M0078593,N,43,3,18198.33,1,1,0,10826.03,8864.65,0.78
M0078594,N,33,1,18088.94,0,0,0,7846.2,6499.04,2.3
M0078595,N,79,1,5496.82,0,0,0,2906.07,2753.93,0.29
M0078596,N,26,1,3181.94,0,2,0,896.73,3198.23,0.0
M0078597,N,65,0,7564.62,0,1,0,1168.01,6277.58,1.26
M0078598,N,78,0,5222.57,0,1,0,2295.22,2075.61,0.57
M0078599,N,39,0,5476.71,0,1,0,2654.33,5360.41,0.48
M0078600,Y,69,4,160751.47,3,3,4,94343.95,110107.03,5.68
M0078601,N,21,0,7743.54,0,0,0,3804.9,6046.64,1.08
M0078602,N,59,0,6354.64,0,0,0,1997.31,5579.9,0.95
M0078603,N,31,1,16617.7,0,1,0,1761.48,17504.58,2.59
M0078604,N,58,1,34464.04,1,2,2,19397.35,35187.51,2.29
M0078605,N,35,1,6140.56,0,0,0,2101.46,6995.31,0.24
M0078606,N,60,1,19441.17,0,1,0,2726.83,14994.96,1.98
M0078607,N,38,2,16326.76,0,3,0,15915.05,4207.3,2.12
M0078608,N,79,1,11983.62,0,0,0,2148.13,8115.55,1.6
M0078609,N,65,1,7493.16,0,0,0,4248.68,2702.72,0.55
M0078610,N,42,1,7431.88,0,0,0,2427.37,5074.33,0.84
M0078611,N,62,2,13655.42,0,0,0,2744.79,8741.93,0.97
M0078612,N,75,3,15345.95,0,1,0,1920.6,10483.99,1.73
M0078613,N,65,0,27143.39,0,1,0,2619.2,20168.2,0.68
M0078614,N,58,0,27231.6,1,0,3,8042.7,27223.5,1.66
M0078615,N,23,1,12970.21,1,2,1,6995.19,7149.57,1.43
M0078616,N,52,0,20294.59,0,1,0,1982.18,15508.64,1.32
M0078617,N,69,0,13984.68,0,0,0,4133.8,10437.27,2.08
M0078618,N,79,0,7754.55,0,0,0,3238.9,6195.04,1.44
M0078619,N,77,0,7513.0,0,0,0,1773.66,5057.64,0.17
M0078620,N,41,0,9334.91,0,1,0,3111.09,6621.08,0.0
M0078621,N,33,1,17685.04,0,0,0,3374.1,12322.98,2.18
M0078622,N,68,1,9241.68,1,0,0,7029.16,5750.34,2.03
M0078623,N,25,1,12601.74,0,0,1,3187.29,7279.97,1.43
M0078624,N,63,0,1879.03,0,0,0,335.75,2635.23,0.6
M0078625,N,36,1,31769.32,1,2,0,6330.82,38025.43,2.17
M0078626,N,64,0,3266.4,0,0,0,1787.52,4091.59,0.8
M0078627,N,24,2,15360.29,0,0,0,3572.9,11257.86,0.49
M0078628,N,59,1,14545.23,0,0,0,3684.59,20467.71,0.46
M0078629,N,73,1,20001.36,0,1,0,1809.15,16098.33,1.93
M0078630,N,42,2,16990.6,0,1,0,3101.82,10368.26,0.15
M0078631,N,44,1,16546.57,0,0,0,1236.05,17792.12,1.73
M0078632,N,62,0,10558.43,0,0,0,3630.14,4990.3,1.54
M0078633,N,30,0,24084.44,0,0,0,10208.29,18861.49,1.74
M0078634,N,74,1,20844.08,0,0,0,4542.71,18057.38,1.09
M0078635,N,73,2,17256.63,0,1,0,3322.33,15196.82,2.29
M0078636,N,67,2,28293.31,1,3,1,3990.28,27708.7,1.18
M0078637,N,48,2,7915.16,0,0,0,1648.72,7857.04,0.0
M0078638,N,49,2,41929.18,0,0,2,1328.42,42126.9,1.81
M0078639,N,70,2,8588.7,0,1,1,2407.87,11783.95,1.78
M0078640,N,40,0,6907.74,0,0,0,4880.38,2226.74,0.14
M0078641,N,80,1,16140.86,0,0,0,13337.25,12078.06,1.73
M0078642,N,61,0,10554.46,0,1,0,1759.95,16708.49,1.24
M0078643,N,25,0,5147.84,0,1,0,2326.71,4936.34,1.87
M0078644,N,37,1,11670.14,2,0,0,1778.48,11730.02,0.55
M0078645,N,63,1,18036.91,0,0,0,7093.02,9298.1,1.14
M0078646,N,65,0,7655.46,1,2,0,5536.28,2899.53,0.26
M0078647,N,55,0,10368.02,0,0,0,4681.08,8086.96,1.68
M0078648,Y,80,4,223485.15,2,6,3,152794.36,141588.25,4.26
M0078649,N,66,0,8076.9,0,0,0,1903.76,12203.42,3.07
M0078650,N,18,1,7446.65,0,1,0,432.41,10411.28,0.69
M0078651,N,24,0,7007.99,0,1,0,1875.95,4452.42,1.4
M0078652,N,60,2,42533.2,0,1,0,11304.99,22554.66,1.7
M0078653,N,74,0,14105.79,0,1,0,1266.13,10007.34,0.08
M0078654,N,58,1,10278.78,0,1,0,2323.37,6009.46,1.12
M0078655,N,40,2,9759.45,0,0,0,2402.52,10820.26,0.88
M0078656,N,36,0,6236.26,0,3,1,804.97,4293.34,0.0
M0078657,N,46,2,6558.12,0,2,1,3356.3,8102.07,1.08
M0078658,N,44,1,4298.36,0,2,2,1599.9,4405.47,0.0
M0078659,N,19,1,15991.63,0,0,1,7465.34,13087.9,1.23
M0078660,N,55,1,3104.29,0,1,1,435.41,3124.19,0.0
M0078661,N,30,1,13583.58,0,0,1,1223.77,9634.36,1.09
M0078662,N,77,1,4640.58,0,0,0,1168.87,2597.66,0.57
M0078663,N,40,1,14229.16,1,1,1,2841.18,11166.98,1.91
M0078664,N,79,2,10126.31,0,0,0,1639.97,7461.86,0.52
M0078665,N,73,2,5116.59,0,0,0,2206.91,4122.2,0.18
M0078666,N,75,1,21221.23,1,0,0,1572.54,16857.31,1.55
M0078667,N,68,2,4402.63,0,2,0,3235.44,4120.05,0.56
M0078668,N,19,2,34131.88,0,1,0,3153.49,27273.82,1.26
M0078669,N,38,1,14621.85,0,1,1,7871.42,5644.63,1.45
M0078670,N,34,1,6214.37,0,2,0,4472.03,4469.86,1.99
M0078671,N,64,1,23309.02,1,0,0,6306.39,24389.44,2.81
M0078672,N,62,1,11182.03,1,2,1,4027.92,7353.9,0.88
M0078673,N,57,2,12338.05,0,1,0,3626.53,8018.41,3.23
M0078674,N,43,1,8311.52,0,0,0,4109.73,8356.97,1.25
M0078675,N,70,1,29761.44,1,1,0,6981.91,17297.13,1.28
M0078676,N,40,1,8376.66,0,1,0,4048.65,5548.64,0.01
M0078677,N,64,0,3992.34,0,0,0,2194.43,3654.95,0.56
M0078678,N,45,0,4807.43,0,0,0,1270.24,4298.14,0.75
M0078679,N,70,2,4671.26,0,0,0,660.72,6768.8,0.0
M0078680,N,41,1,7819.31,0,0,0,772.12,10636.72,1.28
M0078681,N,18,1,6669.4,0,0,0,2095.58,7708.5,1.07
M0078682,N,48,2,10326.49,0,1,1,11469.99,3214.26,0.22
M0078683,N,53,0,28884.47,1,0,0,7488.74,20884.29,2.86
M0078684,N,57,1,7233.79,0,0,0,1415.84,6261.14,1.76
M0078685,N,70,1,31240.87,0,1,0,13017.12,19645.55,1.42
M0078686,N,31,1,3965.56,0,0,1,1162.31,5141.34,0.8
M0078687,N,20,1,5149.27,0,1,0,3616.51,5043.21,0.09
M0078688,N,62,1,6257.41,0,1,0,1565.71,5030.08,1.22
M0078689,N,41,0,3283.61,0,0,0,2279.37,724.52,0.13
M0078690,N,36,1,4204.29,0,0,0,326.65,2998.22,0.91
M0078691,Y,83,5,378252.41,1,5,3,226759.81,126879.39,2.79
M0078692,N,28,0,31619.55,1,0,2,3822.48,23792.71,1.65
M0078693,Y,81,8,226826.98,3,1,2,84123.71,136254.86,4.91
M0078694,N,56,1,11855.03,0,1,0,1788.56,10396.27,1.26
M0078695,N,38,0,16044.83,0,0,0,1273.85,13947.29,0.16
M0078696,N,33,1,5675.23,0,0,0,1322.74,8604.02,0.0
M0078697,N,71,0,13054.26,0,2,1,4064.9,6570.08,0.06
M0078698,N,57,3,9134.48,0,0,0,2325.11,6244.12,0.0
M0078699,N,73,0,14986.83,0,0,0,1320.13,11708.29,1.45
M0078700,N,23,0,6651.66,0,2,0,2710.21,5006.46,0.22
M0078701,N,21,1,4443.04,0,0,0,1000.01,5781.32,0.57
M0078702,N,33,2,15733.63,0,0,0,4587.01,11430.59,2.34
M0078703,N,37,0,2587.58,0,1,0,735.79,3853.92,0.33
M0078704,N,75,2,3830.88,1,0,0,339.07,5016.38,0.0
M0078705,N,24,0,4615.23,0,1,0,4137.99,3960.6,0.61
M0078706,N,50,2,15949.3,1,1,0,1914.71,12389.03,0.72
M0078707,N,19,0,32997.46,0,0,1,675.38,27303.94,1.77
M0078708,N,34,0,3747.29,0,0,0,1017.93,3465.23,0.0
M0078709,N,71,0,12060.27,1,1,1,7637.13,6457.01,1.34
M0078710,N,32,1,25064.86,0,1,1,3611.62,21285.09,2.32
M0078711,N,65,1,17231.49,1,1,1,2580.94,12284.17,0.21
M0078712,N,80,1,7087.95,0,0,1,1614.42,7820.19,1.28
M0078713,N,59,0,18321.87,0,1,1,5764.09,9302.8,0.38
M0078714,N,20,0,10930.55,0,1,0,2226.38,9343.9,0.63
M0078715,N,72,0,5996.37,0,0,0,818.2,5925.16,0.65
M0078716,N,70,0,3606.06,0,0,0,233.74,2864.75,0.0
M0078717,N,48,0,8992.76,0,0,0,6457.07,4002.05,0.94
M0078718,N,41,2,4778.78,0,0,1,431.73,5477.31,0.0
M0078719,N,66,0,14988.68,0,1,0,1436.29,13125.69,1.83
M0078720,N,19,2,8556.13,1,0,0,2012.89,10179.37,2.92
M0078721,N,79,0,4400.42,0,0,0,1212.09,5145.82,1.09
M0078722,N,59,1,26673.17,0,2,1,17366.85,21537.87,1.19
M0078723,N,66,0,10893.25,0,1,0,1935.86,7588.08,0.74
M0078724,N,25,0,4419.12,0,0,2,1593.15,4333.65,0.0
M0078725,N,50,0,11009.09,0,0,0,6270.21,5690.37,0.8
M0078726,N,64,2,12349.84,0,2,0,4961.17,8264.93,1.59
M0078727,N,44,2,12167.8,0,2,0,2039.32,8840.96,0.0
M0078728,N,18,2,26656.8,0,0,1,6045.21,16141.94,1.68
M0078729,N,28,0,3983.97,0,2,0,2932.06,3197.9,0.39
M0078730,N,35,0,3876.4,1,0,0,2678.91,2174.15,1.11
M0078731,N,57,0,11423.08,0,0,1,5742.18,9951.13,2.71
M0078732,N,38,2,16308.08,1,0,0,3150.78,23275.06,2.77
M0078733,N,62,0,16653.79,0,0,1,2615.96,15772.49,0.64
M0078734,N,72,2,3243.72,0,0,1,1032.16,3434.92,2.33
M0078735,N,75,0,12299.68,1,0,0,2557.59,13275.95,1.84
M0078736,N,77,0,14700.03,0,2,1,6326.95,15494.21,3.05
M0078737,N,72,2,11230.55,0,1,1,5050.8,4822.18,1.54
M0078738,Y,66,6,403923.62,5,4,7,230979.98,275047.77,5.38
M0078739,N,30,0,8023.67,0,1,1,3518.19,6146.37,1.03
M0078740,N,22,3,17088.41,0,2,1,9115.72,10154.33,3.27
M0078741,N,72,1,11185.66,0,0,2,2320.47,11448.64,1.22
M0078742,N,24,1,8450.02,1,0,1,3739.04,6083.25,0.79
M0078743,N,39,0,5279.53,0,1,0,2680.1,5465.62,2.13
M0078744,N,45,0,12981.59,0,1,0,2325.34,13724.75,1.86
M0078745,N,32,0,7156.88,0,1,0,5000.2,4214.25,0.71
M0078746,N,69,2,5763.26,0,1,1,843.66,6471.47,0.95
M0078747,N,21,2,21788.52,0,1,0,10383.23,10576.56,0.54
M0078748,N,59,1,5392.38,0,1,1,1571.64,3336.68,0.84
M0078749,N,25,1,11914.45,0,1,0,1569.42,8030.67,1.74
M0078750,Y,37,4,240019.8,3,2,4,107156.37,202104.88,5.2
M0078751,N,53,0,10081.83,0,0,0,1344.15,6790.88,0.17
M0078752,N,51,0,21934.89,1,0,1,2270.21,15734.01,1.11
M0078753,N,51,2,17890.45,0,0,0,1784.98,20149.35,0.53
M0078754,N,59,1,14751.06,0,1,2,1493.83,11089.25,1.71
M0078755,N,50,1,12017.65,0,1,0,9000.64,10628.94,1.32
M0078756,N,25,1,3707.63,0,1,0,902.92,4142.71,1.3
M0078757,N,72,1,30260.39,1,0,0,10766.39,29612.84,1.09
M0078758,N,24,1,24645.1,0,1,0,6297.15,17869.53,3.09
M0078759,N,69,1,18326.24,0,1,0,2061.41,17804.35,0.33
M0078760,Y,78,7,176937.7,3,2,5,69838.13,81638.16,3.18
M0078761,N,55,0,6747.84,0,0,0,1704.29,4340.57,0.81
M0078762,N,67,0,9164.76,0,0,0,2731.62,10362.85,2.03
M0078763,N,66,1,6444.5,0,1,0,1606.45,8691.7,1.82
M0078764,N,53,0,5375.83,0,0,1,1463.05,5870.45,1.8
M0078765,N,18,1,10606.14,0,0,0,2265.54,16911.32,1.04
M0078766,N,38,0,9215.93,1,0,0,1390.05,7950.18,0.08
M0078767,N,53,1,11315.72,0,2,0,2455.2,10349.29,0.0
M0078768,N,18,1,10530.39,0,0,0,6768.31,5992.27,0.15
M0078769,N,56,0,14665.27,1,0,1,6040.74,15096.5,0.82
M0078770,N,80,1,8287.28,0,2,0,3589.85,6284.47,2.06
M0078771,N,42,0,18489.86,0,0,1,3365.56,11958.67,2.1
M0078772,N,47,2,7496.98,2,0,1,1532.31,9948.59,0.0
M0078773,N,25,1,8024.93,0,1,0,1580.8,5913.66,0.0
M0078774,N,54,0,3666.58,0,1,0,236.88,3963.16,1.73
M0078775,Y,40,4,203052.58,5,4,6,90603.42,107527.98,4.12
M0078776,N,67,2,14909.65,0,2,0,2281.4,9551.23,2.21
M0078777,N,79,0,9281.03,0,0,0,1183.32,11891.02,1.14
M0078778,N,39,1,8815.82,0,0,0,1230.08,7286.84,0.88
M0078779,N,21,3,25774.47,0,0,0,10496.89,11150.28,2.65
M0078780,N,75,1,6261.43,0,0,0,1050.84,8253.49,0.98
M0078781,N,38,0,3934.83,1,2,0,950.98,4848.55,0.8
M0078782,Y,72,4,243136.97,4,6,4,154059.07,104635.98,5.88
M0078783,N,77,1,17017.36,0,2,1,9085.63,21527.54,1.93
M0078784,N,32,0,1921.53,0,2,0,655.47,1694.68,0.47
M0078785,N,26,2,29373.91,0,2,0,6081.79,18298.79,1.18
M0078786,N,59,2,8112.17,0,1,0,2546.56,10434.87,2.54
M0078787,N,76,1,3059.14,0,0,0,635.77,3515.16,0.6
M0078788,N,71,2,16297.39,0,0,1,13533.19,3523.61,0.71
M0078789,N,23,1,2333.57,0,0,0,2103.38,1251.14,1.56
M0078790,N,36,1,8566.92,0,1,0,6081.87,3976.69,0.33
M0078791,N,47,1,18023.79,0,1,0,3999.32,17255.29,1.16
M0078792,N,78,1,6123.37,1,0,0,3130.74,3486.12,1.15
M0078793,N,28,2,6494.17,0,0,0,585.44,5961.13,2.46
M0078794,N,24,0,4040.15,0,1,0,3563.56,2804.78,1.7
M0078795,N,79,0,7620.01,0,0,0,1641.24,8321.45,0.43
M0078796,N,53,2,23890.19,1,1,0,4395.55,38258.97,0.25
M0078797,N,38,0,7994.49,0,2,1,2528.44,6792.86,1.77
M0078798,N,74,1,7611.6,0,1,0,2863.08,5361.72,0.72
M0078799,N,43,2,15616.52,0,0,0,3211.44,12862.58,0.38
M0078800,N,45,2,8594.3,1,1,0,4606.95,8668.61,3.22
M0078801,N,69,2,11599.08,0,0,0,4412.22,12531.81,1.25
M0078802,N,56,2,5618.86,0,0,2,2654.06,4051.69,0.56
M0078803,N,31,1,11321.26,0,3,0,2962.81,7538.72,0.0
M0078804,N,29,2,12663.53,0,2,0,2492.86,9620.77,0.84
M0078805,N,35,0,10779.91,0,0,0,767.58,8364.88,0.41
M0078806,N,72,2,19724.01,1,2,0,7718.16,15058.7,2.95
M0078807,Y,55,2,210105.08,3,2,2,89648.95,123440.77,3.3
M0078808,N,25,0,9032.22,0,0,0,5606.2,6351.83,1.04
M0078809,N,72,2,8585.2,0,1,1,3206.24,6047.84,0.86
M0078810,N,56,1,36303.56,0,1,0,3504.1,47857.74,0.48
M0078811,N,58,0,9227.39,0,3,0,3350.91,5208.89,1.33
M0078812,N,79,1,9102.09,0,0,0,3792.81,5724.88,3.15
M0078813,N,49,1,9153.62,0,2,0,1250.67,6672.39,1.18
M0078814,N,51,3,5189.33,0,1,0,759.7,6325.69,0.38
M0078815,N,52,2,3574.8,0,0,1,1448.26,1597.11,1.08
M0078816,N,51,1,17686.27,0,0,2,14082.82,10208.1,0.7
M0078817,N,77,1,35454.47,1,0,0,7252.48,40771.94,2.99
M0078818,N,62,0,6334.61,0,0,0,2304.19,3061.86,0.76
M0078819,N,36,1,12731.02,0,0,0,3215.95,7039.74,0.91
M0078820,Y,37,3,217647.96,5,3,7,42735.71,222533.49,4.3
M0078821,Y,52,2,144847.48,4,4,3,78009.75,96111.58,3.59
M0078822,N,62,3,13418.86,0,1,1,2976.19,19785.18,1.9
M0078823,N,39,2,6679.78,0,0,0,3915.29,4905.56,0.0
M0078824,N,42,0,3515.93,0,2,0,1355.92,3345.5,1.61
M0078825,N,40,2,4068.9,0,1,0,2255.3,2184.87,0.0
M0078826,N,32,1,6495.68,0,1,0,2409.54,7360.9,1.16
M0078827,N,79,1,10780.89,0,0,1,4544.62,7730.92,1.65
M0078828,N,37,1,7166.13,0,1,1,1631.16,9303.66,0.0
M0078829,N,80,1,6714.57,0,0,0,2353.07,9230.24,1.75
M0078830,N,43,2,6376.48,0,0,0,906.18,6102.26,1.78
M0078831,N,79,0,27754.93,0,2,0,2013.72,19751.06,3.39
M0078832,N,72,1,12316.34,0,2,0,4014.71,14909.14,2.92
M0078833,N,80,2,11198.09,1,0,0,8307.23,4406.49,1.4
M0078834,N,45,0,9809.69,0,0,1,6577.1,7309.88,0.76
M0078835,N,21,0,6767.24,1,0,1,829.17,5926.58,1.36
M0078836,N,60,0,13507.33,0,0,0,13822.33,6500.19,0.19
M0078837,N,27,1,7787.17,0,0,0,2790.43,5467.26,0.88
M0078838,N,37,5,58590.7,1,1,0,6756.86,48450.71,0.91
M0078839,N,49,1,15179.89,0,0,0,11651.75,2221.15,0.87
M0078840,N,45,3,15014.49,0,1,1,6864.37,13007.55,3.53
M0078841,N,55,2,7046.56,0,0,0,337.54,5281.41,0.59
M0078842,N,51,3,8496.56,0,0,2,6258.79,7457.71,0.82
M0078843,N,61,2,6535.54,0,0,0,458.61,5017.72,0.88
M0078844,N,18,1,6574.57,0,0,0,1157.87,5075.84,0.0
M0078845,N,75,1,17540.07,1,0,1,4651.2,11121.46,0.0
M0078846,N,40,0,4213.89,1,0,0,2980.92,4328.59,0.0
M0078847,N,38,2,6909.13,0,1,2,1422.72,6154.88,1.35
M0078848,N,75,0,23742.0,0,2,0,10592.96,8184.52,0.0
M0078849,N,44,0,38417.6,0,0,0,3203.91,31595.85,2.49
M0078850,N,72,1,4780.03,1,0,1,3288.54,5149.76,0.38
M0078851,N,27,2,16125.38,1,2,0,8025.97,9269.92,2.67
M0078852,N,56,0,6180.06,0,2,0,896.09,4354.73,1.8
M0078853,N,77,2,17005.8,1,2,0,1839.68,15081.78,0.65
M0078854,N,74,0,15579.42,0,0,1,11078.54,3648.98,1.87
M0078855,N,30,0,12479.61,0,0,1,3935.44,8173.99,1.24
M0078856,N,28,1,13536.12,0,1,0,3934.04,9132.61,0.0
M0078857,N,21,1,5144.32,0,0,1,2432.12,3839.05,1.97
M0078858,N,71,0,14077.31,0,1,0,1658.8,13206.44,1.67
M0078859,N,60,1,6430.64,0,0,0,1758.06,6311.88,0.34
M0078860,N,56,1,10230.1,0,1,0,6781.16,9169.84,1.52
M0078861,N,41,2,19215.08,0,0,0,3935.63,23399.34,0.77
M0078862,N,57,1,16114.79,0,1,1,1513.95,11714.35,2.36
M0078863,N,46,1,5221.32,0,3,0,4031.23,4759.12,2.27
M0078864,N,38,2,15695.53,0,0,0,3545.92,10182.55,1.58
M0078865,N,63,1,6082.68,0,1,0,3856.06,3147.19,2.43
M0078866,N,57,1,8641.18,0,0,0,1265.98,6283.98,0.42
M0078867,N,59,0,4290.95,1,1,0,2829.12,4037.04,1.52
M0078868,N,60,0,7623.53,0,0,0,1269.39,5434.85,0.0
M0078869,N,70,0,16465.59,0,0,0,1442.73,12982.22,0.67
M0078870,Y,39,5,232733.33,3,1,7,150932.53,116829.14,5.05
M0078871,N,61,0,9497.43,0,0,0,2470.47,5744.66,0.89
M0078872,N,24,0,26909.45,0,0,1,2182.51,29088.85,0.8
M0078873,N,21,4,11705.57,1,2,1,4449.59,10776.69,2.3
M0078874,N,52,1,26342.26,0,2,0,2644.11,23520.6,1.82
M0078875,N,37,2,9275.24,2,2,1,2034.09,6827.63,1.46
M0078876,N,55,1,4781.93,0,0,0,2397.67,3417.31,0.36
M0078877,N,49,0,12850.79,0,0,0,5291.19,10594.09,1.86
M0078878,N,61,1,8557.68,0,0,0,2713.26,7888.64,1.22
M0078879,N,63,0,6539.52,0,1,0,3085.18,7866.0,0.61
M0078880,N,72,0,13307.37,0,0,0,1807.63,8962.86,0.0
M0078881,N,66,1,5842.68,0,0,0,1451.09,4567.36,0.0
M0078882,N,68,0,9330.24,0,0,0,3638.08,7889.98,1.27
M0078883,N,35,0,12813.37,0,0,0,2578.04,12608.82,1.81
M0078884,N,39,2,7301.21,0,0,0,1423.57,7689.52,0.77
M0078885,Y,85,4,200825.5,2,3,4,88781.11,97994.77,5.48
M0078886,N,31,2,9691.65,0,0,0,5027.83,2620.06,0.11
M0078887,N,47,0,3618.54,0,0,0,931.0,2127.07,0.0
M0078888,N,36,0,10050.57,0,1,1,6855.28,9675.11,1.41
M0078889,N,44,1,6485.36,0,1,0,453.47,8408.32,0.23
M0078890,N,58,0,13819.98,1,0,0,3030.68,7939.64,1.72
M0078891,N,62,2,18978.11,0,0,1,3448.39,16475.3,2.41
M0078892,N,58,0,8797.86,0,0,1,2152.02,5723.58,1.15
M0078893,N,58,0,5540.03,0,0,0,3804.65,2075.6,0.84
M0078894,N,57,1,23271.55,1,0,0,3466.84,21860.26,1.16
M0078895,N,27,0,2208.78,0,0,0,934.73,2614.64,1.11
M0078896,Y,49,9,421389.66,3,5,2,68492.8,287532.35,4.32
M0078897,N,78,0,15409.34,1,1,0,2239.98,19763.26,0.4
M0078898,N,18,1,20228.46,0,1,0,13414.37,7240.2,0.74
M0078899,Y,66,5,252352.79,7,2,4,69924.1,149211.21,3.22
M0078900,N,62,2,6747.95,0,0,0,5216.23,5495.19,0.0
M0078901,N,37,0,2776.45,0,0,0,1588.38,3083.42,0.44
M0078902,N,28,0,3895.72,0,0,0,428.36,2772.88,0.84
M0078903,N,32,1,14986.53,0,0,0,2462.32,15599.34,1.37
M0078904,N,64,3,19666.95,0,3,1,5302.93,15972.45,1.35
M0078905,N,32,0,25618.73,0,0,3,12949.76,9433.77,1.94
M0078906,N,31,0,19798.71,0,0,0,9210.27,8486.58,0.3
M0078907,N,18,0,10975.66,0,0,0,2735.65,8734.21,0.87
M0078908,N,38,2,12425.7,0,0,0,4567.05,7672.38,0.84
M0078909,N,66,3,105102.62,0,2,0,4144.53,93054.11,3.4
M0078910,N,33,1,6125.7,0,1,0,4792.02,5665.99,1.12
M0078911,N,41,1,14960.12,1,0,0,7306.5,10778.02,1.15
M0078912,N,68,3,21457.64,1,0,0,8103.38,9497.73,1.73
M0078913,N,20,0,14088.98,0,0,0,2130.7,11576.12,0.0
M0078914,N,38,0,6372.66,0,0,0,1912.63,4879.71,0.42
M0078915,N,64,1,5507.15,1,0,1,1818.2,6192.25,1.16
M0078916,N,80,1,10020.4,0,2,1,2466.04,8955.51,1.56
M0078917,N,51,1,8953.11,0,0,0,1852.55,7615.53,0.66
M0078918,N,80,1,23992.03,0,0,1,1606.62,25753.09,1.23
M0078919,N,33,2,11173.58,0,0,0,5794.09,12761.05,1.37
M0078920,N,80,1,14907.8,0,2,0,2561.61,10478.62,0.0
M0078921,N,55,1,10599.57,0,0,1,5024.03,3527.1,1.08
M0078922,N,75,1,9852.54,0,1,0,1564.79,6691.91,1.13
M0078923,N,69,2,21868.81,0,1,0,4232.78,13639.67,0.66
M0078924,N,27,2,25347.55,1,1,1,19355.4,16821.3,1.3
M0078925,N,48,1,3929.7,0,0,0,945.39,2197.29,1.1
M0078926,N,41,1,9401.7,0,1,1,1906.96,7337.96,0.69
M0078927,N,53,1,18247.22,0,1,0,1161.35,16039.96,1.01
M0078928,N,36,1,20018.05,0,0,0,11770.71,7391.34,1.81
M0078929,N,62,0,2801.32,0,1,0,1479.6,2565.39,1.47
M0078930,N,44,2,1907.25,1,0,0,495.15,2010.54,0.36
M0078931,N,57,0,6661.4,0,0,0,5982.84,5238.1,0.46
M0078932,N,79,1,10172.17,0,0,0,5676.76,6548.22,0.66
M0078933,N,64,3,26057.57,1,2,0,12992.84,12885.58,1.95
M0078934,N,50,1,7699.19,0,1,1,841.03,6259.59,1.02
M0078935,N,24,2,11739.48,0,0,1,3863.62,9267.99,1.38
M0078936,N,20,1,6876.28,0,0,0,1075.25,6202.27,0.0
M0078937,N,52,1,5016.88,0,0,0,865.07,7991.33,0.29
M0078938,N,66,1,7206.97,0,1,0,1815.71,4230.72,0.0
M0078939,N,18,2,6900.47,0,0,0,2051.23,5095.83,0.92
M0078940,N,75,1,28457.78,1,0,0,5453.62,26082.83,1.4
M0078941,N,71,2,11964.67,1,2,0,7699.75,8945.29,1.86
M0078942,N,47,0,31094.41,2,0,1,1969.53,25115.05,2.31
M0078943,N,51,1,4665.86,1,0,0,3151.52,2432.28,0.19
M0078944,N,23,0,2983.19,0,0,0,1328.37,3629.65,0.88
M0078945,N,60,1,11791.11,0,0,0,2972.95,7471.78,1.02
M0078946,N,24,0,5782.32,0,1,0,1181.66,3892.29,1.34
M0078947,N,20,2,9589.79,0,1,0,3011.92,9997.22,0.77
M0078948,N,67,1,7761.77,0,0,0,3362.97,9972.19,0.81
M0078949,N,41,1,17379.73,0,0,1,4694.01,9098.05,0.0
M0078950,N,74,0,4179.43,0,0,1,2117.16,3448.93,1.83
M0078951,N,18,1,15177.73,0,0,0,1591.98,12523.71,3.16
M0078952,N,39,1,8376.59,0,1,0,3358.33,5685.21,0.65
M0078953,N,71,0,9905.36,0,0,0,1433.6,7526.45,0.78
M0078954,Y,61,4,315922.78,2,6,5,46544.47,255938.59,5.87
M0078955,N,71,2,25671.68,0,1,1,5793.43,16923.78,2.69
M0078956,N,24,1,16760.19,0,0,0,7026.0,17101.68,2.23
M0078957,N,46,2,28514.89,0,0,2,4769.09,32856.58,0.21
M0078958,N,68,2,19592.6,0,0,0,2867.89,13823.35,2.55
M0078959,N,30,0,10597.81,0,0,0,4839.95,6492.49,1.72
M0078960,Y,62,4,253054.52,4,3,1,155867.09,88039.46,3.23
M0078961,N,33,4,41429.4,0,0,1,3311.9,38583.77,2.36
M0078962,N,62,2,9484.94,1,1,1,3675.11,11553.62,1.36
M0078963,N,63,0,5277.09,0,2,1,1435.31,3549.81,1.01
M0078964,N,59,0,26082.16,0,1,0,3336.34,26246.25,1.64
M0078965,N,27,2,11544.11,0,2,0,2939.78,11081.91,2.71
M0078966,N,56,1,7631.26,1,1,0,3697.87,5998.94,1.19
M0078967,N,29,2,6124.47,0,2,0,4420.56,4827.68,0.0
M0078968,N,25,0,5403.2,0,0,0,1204.96,5342.12,0.5
M0078969,N,48,2,4572.31,0,2,0,1241.9,4938.1,1.47
M0078970,N,35,1,7792.96,0,1,0,5585.19,2619.5,0.66
M0078971,N,53,2,12702.02,0,0,0,6090.47,10091.06,1.19
M0078972,N,30,2,18447.65,1,1,0,7083.69,8497.55,2.09
M0078973,N,64,0,6115.81,1,1,1,2109.32,5624.92,1.32
M0078974,N,51,0,10690.38,0,1,2,5053.57,8187.93,0.47
M0078975,N,41,0,7151.17,1,0,0,1960.62,9892.5,0.47
M0078976,N,32,2,17937.51,0,0,2,1159.25,20752.37,2.16
M0078977,N,66,0,5964.51,1,1,0,2070.38,6687.29,0.86
M0078978,N,66,0,18531.8,0,2,1,2019.16,22103.2,1.98
M0078979,N,57,1,9206.51,1,0,0,3342.92,7017.75,1.06
M0078980,N,55,0,5776.6,0,0,1,2136.78,3879.46,1.28
M0078981,N,33,2,9998.1,0,1,1,10373.79,5242.35,2.53
M0078982,N,72,2,40257.8,1,1,1,19628.39,16681.52,3.05
M0078983,N,77,0,6435.53,0,0,0,969.08,6130.36,0.0
M0078984,N,36,0,2538.4,0,0,0,685.56,2009.81,0.5
M0078985,N,78,0,11371.93,0,1,1,5283.69,11135.35,1.42
M0078986,N,49,2,9459.81,0,1,1,3842.94,10514.47,1.47
M0078987,Y,43,8,338640.27,4,7,4,166602.06,154315.19,6.03
M0078988,N,27,0,4323.79,0,0,0,1358.19,3763.26,0.73
M0078989,N,22,0,30001.82,0,0,0,1567.25,33674.4,2.38
M0078990,N,50,1,6681.68,1,2,0,1715.57,7513.23,0.0
M0078991,N,37,0,8664.87,0,0,0,3206.18,11163.84,0.91
M0078992,Y,64,4,241729.75,4,8,4,135889.83,155886.57,6.4
M0078993,N,41,1,37206.0,0,1,1,25776.85,26425.22,2.3
M0078994,N,37,1,5148.16,0,0,0,1994.36,2886.76,0.73
M0078995,N,74,1,33940.93,0,0,0,10487.07,19927.79,2.12
M0078996,N,18,1,7304.41,0,1,1,3933.76,3245.57,0.0
M0078997,N,33,1,5806.76,1,1,0,1914.78,4523.75,1.72
M0078998,N,52,1,23775.28,0,1,0,6444.23,12154.19,1.63
M0078999,N,50,2,11544.17,0,0,1,620.73,10279.72,0.0
M0079000,N,20,2,15449.86,0,2,0,3088.74,16437.6,0.92
M0079001,Y,43,7,157197.19,3,5,2,52355.82,133084.8,5.91
M0079002,N,56,1,25085.24,0,0,2,11488.55,10870.02,1.17
M0079003,N,65,2,7114.2,0,0,0,1573.5,8188.5,1.23
M0079004,N,44,0,2645.75,0,0,0,537.22,3468.0,1.78
M0079005,N,71,1,11241.7,0,2,0,5460.99,5798.38,0.16
M0079006,N,34,0,18943.49,0,1,0,7177.86,9190.23,1.12
M0079007,N,30,0,14536.46,0,2,0,3683.16,19212.74,1.03
M0079008,N,39,2,4878.72,0,0,3,404.05,3645.93,1.18
M0079009,N,41,0,7444.03,0,1,0,2594.55,8040.08,0.0
M0079010,N,22,1,11194.56,0,0,1,7474.82,1765.16,1.91
M0079011,N,48,2,4985.25,0,0,0,1967.61,4560.2,0.04
M0079012,N,73,2,25863.46,0,1,1,3518.58,20564.56,3.05
M0079013,N,30,2,11999.7,0,2,0,1555.43,10663.1,0.89
M0079014,N,67,0,12755.11,0,0,1,2046.81,18899.24,0.99
M0079015,N,54,0,9241.84,0,0,0,3580.24,11392.0,1.77
M0079016,N,45,2,5686.42,0,0,0,1203.46,6770.54,1.65
M0079017,N,64,1,15328.04,0,0,0,3453.2,10098.59,1.36
M0079018,N,25,0,32617.47,0,0,1,7897.99,33449.2,1.13
M0079019,N,47,1,9434.56,0,1,0,2351.02,6372.44,1.4
M0079020,Y,81,6,189555.44,3,1,5,147121.26,98823.14,3.8
M0079021,N,50,2,6449.15,0,0,0,953.08,6615.55,0.81
M0079022,Y,37,6,366860.64,5,4,4,217988.17,195847.67,8.14
M0079023,Y,58,6,307262.83,2,6,5,70153.12,203181.75,4.12
M0079024,N,76,0,4599.64,0,0,0,843.55,6229.23,1.59
M0079025,N,77,1,4045.55,1,1,0,958.33,4140.06,1.05
M0079026,N,48,1,6726.29,0,1,3,2876.66,4033.57,2.47
M0079027,N,77,0,10834.79,0,1,1,3850.61,7490.03,0.0
M0079028,N,26,1,6784.9,0,0,0,2449.26,4010.36,2.09
M0079029,N,25,1,2499.15,1,0,0,988.76,1673.55,0.53
M0079030,N,57,0,20401.16,0,2,0,1725.97,26124.77,1.27
M0079031,N,74,1,7246.79,0,0,0,1865.94,4523.91,0.09
M0079032,N,46,2,8649.13,1,0,0,3336.34,4280.32,1.85
M0079033,N,53,1,13188.78,0,0,1,2966.7,10036.79,0.0
M0079034,N,47,2,17545.88,0,2,0,2387.84,24556.0,2.37
M0079035,N,38,0,9163.28,0,0,1,1121.22,6204.86,0.2
M0079036,N,76,2,21760.74,0,1,1,3615.43,17939.18,1.76
M0079037,N,44,0,17471.16,0,2,1,6425.74,8580.97,0.48
M0079038,N,18,1,35720.62,0,1,0,3392.72,32186.5,1.41
M0079039,N,36,1,20218.36,0,1,0,8865.53,10531.82,1.52
M0079040,N,60,0,14624.93,0,0,1,3200.18,11149.74,0.75
M0079041,N,76,2,20500.55,1,2,0,2194.11,14839.23,1.31
M0079042,N,57,2,7589.23,0,1,0,2942.18,5132.14,0.13
M0079043,N,74,0,9078.04,1,2,1,8899.82,6426.18,1.47
M0079044,N,69,0,8978.64,0,1,0,1531.85,6571.86,1.13
M0079045,N,64,1,12904.5,0,1,1,1150.48,13509.71,0.93
M0079046,N,18,1,5542.49,0,1,0,2223.51,7336.04,1.25
M0079047,N,53,0,25976.23,0,0,0,11024.45,14146.87,2.09
M0079048,N,60,1,6381.37,1,0,0,2819.53,4438.3,0.42
M0079049,N,79,0,16098.03,0,1,0,4403.33,10935.58,0.65
M0079050,N,45,0,7001.77,2,2,0,1422.65,5957.24,1.61
M0079051,N,29,1,7657.22,0,0,1,3060.92,4837.58,0.61
M0079052,N,77,1,6083.41,0,0,0,1396.5,7390.58,0.82
M0079053,N,45,0,12556.12,0,1,0,6790.3,7000.23,0.41
M0079054,N,62,2,9382.73,0,0,0,3111.35,10721.52,1.68
M0079055,N,76,3,28579.26,1,1,0,12356.33,10910.6,2.32
M0079056,N,32,0,11053.81,0,0,0,6829.0,6497.58,2.14
M0079057,N,69,0,6507.22,1,0,0,938.47,7538.24,0.94
M0079058,N,27,1,24952.9,0,0,0,4976.96,17616.68,1.16
M0079059,N,80,2,16337.55,0,2,0,8920.7,20112.54,0.75
M0079060,N,40,1,19606.72,0,0,1,3730.18,18603.49,2.28
M0079061,N,50,0,19866.8,0,0,0,7642.89,12214.33,0.59
M0079062,N,64,1,2941.35,0,0,1,1109.14,3926.66,0.27
M0079063,N,63,1,10872.53,1,2,1,4687.07,5226.28,2.06
M0079064,N,20,1,4910.17,0,0,0,505.59,5387.39,1.14
M0079065,N,37,0,6453.97,1,0,0,2409.52,2645.2,2.41
M0079066,N,42,2,22261.3,1,1,1,1856.25,16289.42,0.69
M0079067,N,43,1,12021.95,0,0,0,2038.27,9421.37,1.8
M0079068,N,26,1,13248.03,0,1,0,6148.85,11111.63,1.43
M0079069,N,45,2,21808.74,0,1,0,14237.06,20146.57,1.09
M0079070,N,71,2,8099.02,0,0,0,3752.22,2752.05,0.1
M0079071,N,43,4,24288.13,0,1,1,8882.48,22275.69,1.34
M0079072,N,41,1,1718.55,0,1,0,1024.06,1806.21,1.04
M0079073,N,33,1,14612.36,0,1,1,4714.33,14799.5,1.63
M0079074,N,24,2,35480.97,0,1,0,15317.75,12407.8,2.73
M0079075,Y,75,5,216985.79,5,6,5,108313.18,200880.66,6.1
M0079076,N,31,1,9406.34,0,0,0,2049.96,11541.67,1.43
M0079077,N,80,0,8871.0,0,0,1,5964.65,5574.73,0.71
M0079078,N,33,3,10697.48,0,1,0,608.32,8400.01,1.6
M0079079,N,33,3,37266.26,0,2,2,4911.13,28840.87,1.95
M0079080,N,18,0,13229.52,0,1,0,3262.36,7604.37,0.63
M0079081,N,45,1,9481.12,0,2,0,1895.03,7362.07,0.64
M0079082,N,47,0,9138.22,0,1,0,868.45,6346.96,0.0
M0079083,N,78,1,11838.78,0,0,0,2510.64,10315.15,0.72
M0079084,N,46,0,8743.14,0,1,0,1726.8,8187.73,0.82
M0079085,N,59,0,6948.88,0,1,1,3601.26,7580.1,0.9
M0079086,N,40,1,5527.64,0,0,3,2493.13,3053.68,0.0
M0079087,N,50,3,24893.02,2,1,1,1951.64,21806.87,2.51
M0079088,N,50,0,10333.78,2,0,1,1149.46,12569.84,0.91
M0079089,N,21,1,8233.28,0,3,0,829.72,12266.59,1.09
M0079090,N,18,1,8867.31,0,0,0,8841.0,5930.14,1.18
M0079091,N,49,2,5008.87,0,0,0,1895.25,5014.35,0.0
M0079092,N,53,1,8579.75,0,2,0,5134.59,7075.38,0.4
M0079093,N,71,2,10953.22,1,0,0,1908.08,9913.01,0.24
M0079094,N,36,0,12858.05,0,0,0,6344.65,8425.95,2.03
M0079095,N,30,2,13542.03,0,1,0,2738.53,9477.71,0.53
M0079096,N,39,1,17376.65,1,0,1,3629.73,14355.34,0.84
M0079097,N,74,0,5792.65,0,0,0,2541.13,7542.18,0.22
M0079098,N,72,0,1659.83,0,0,0,904.16,1798.67,0.81
M0079099,N,70,1,20369.49,1,0,0,3176.94,12933.5,0.83
M0079100,N,77,0,11886.86,0,0,0,5550.84,8662.7,0.28
M0079101,N,46,2,5451.38,0,0,0,791.53,3857.15,0.41
M0079102,N,29,2,2374.75,0,0,0,1631.45,2680.46,0.8
M0079103,N,27,1,11099.29,0,0,0,3999.4,6142.61,0.91
M0079104,N,59,1,9587.37,0,1,1,2594.31,6666.77,3.13
M0079105,N,19,2,2762.47,0,0,0,649.74,2595.82,0.0
M0079106,N,56,0,11388.98,0,0,0,2939.65,13199.34,1.14
M0079107,Y,84,5,249383.58,2,6,5,141825.32,171634.23,5.15
M0079108,N,74,0,9211.46,0,2,0,6526.73,7555.4,0.99
M0079109,N,77,1,17940.13,0,0,0,6498.98,8171.72,1.65
M0079110,Y,63,6,219651.64,1,5,3,132458.53,70602.44,5.44
M0079111,N,59,1,6717.42,0,2,1,1978.39,6319.99,0.59
M0079112,N,51,2,16929.88,1,1,0,5920.64,22364.18,1.58
M0079113,N,50,3,16844.09,1,0,0,2203.43,11702.83,1.1
M0079114,N,39,1,22367.94,0,0,0,10707.51,7410.67,2.22
M0079115,N,29,1,19967.6,0,1,0,2626.22,18098.97,0.22
M0079116,N,23,0,9938.51,1,0,0,2093.83,7484.68,1.01
M0079117,Y,78,6,147745.8,2,2,3,39778.91,108567.33,5.15
M0079118,N,21,1,16131.03,1,0,1,5964.48,7873.83,0.85
M0079119,N,67,0,9257.67,0,0,0,3039.46,11280.21,1.47
M0079120,N,73,2,7286.95,0,0,0,1296.27,5161.05,0.76
M0079121,N,31,2,20458.43,0,1,2,7881.65,12607.87,1.02
M0079122,N,68,2,15558.16,1,0,0,7472.65,5812.63,0.65
M0079123,N,67,2,13919.25,0,0,1,4674.42,6643.23,1.46
M0079124,N,32,2,5746.28,0,0,0,1711.52,6447.53,0.0
M0079125,N,21,0,16550.22,0,3,0,8669.92,9627.23,0.0
M0079126,N,74,0,7672.85,0,0,0,2526.06,7575.39,0.0
M0079127,N,69,1,42908.75,0,1,3,16504.4,21631.01,0.87
M0079128,N,67,1,13369.88,1,0,0,6757.12,4788.99,1.25
M0079129,N,74,2,33708.58,0,0,0,4370.53,22567.31,0.84
M0079130,N,59,1,12288.59,0,1,0,7281.53,7398.68,3.73
M0079131,N,20,0,3478.12,0,1,0,1566.88,1929.39,0.04
M0079132,N,39,1,8177.76,0,0,1,3020.18,8001.88,1.8
M0079133,N,29,1,8670.33,1,0,1,4177.64,9569.06,0.05
M0079134,N,35,2,18338.59,0,2,0,7222.88,23697.44,0.0
M0079135,N,71,0,9205.12,0,0,1,1461.43,6897.82,0.0
M0079136,N,29,3,6439.17,0,1,0,2986.14,5307.63,2.86
M0079137,N,27,0,9861.38,1,0,0,1589.7,11496.1,0.0
M0079138,Y,36,2,258855.72,1,4,3,51202.31,165004.04,4.55
M0079139,N,68,0,3775.68,0,0,0,1322.35,4896.56,0.32
M0079140,N,30,0,5934.15,2,0,0,7053.87,3284.94,0.0
M0079141,N,38,0,17090.94,1,0,1,1957.42,14421.37,1.08
M0079142,N,48,1,3269.04,0,1,0,1756.73,3257.15,0.39
M0079143,Y,45,8,179888.83,1,3,2,52510.7,165257.96,3.66
M0079144,N,41,1,37268.44,0,0,2,2769.45,29529.23,2.49
M0079145,N,75,0,4168.97,0,2,0,2817.17,4137.84,1.14
M0079146,Y,60,3,234013.41,4,4,1,126222.79,78088.06,4.87
M0079147,N,28,3,2685.31,0,2,0,1795.65,1811.87,0.46
M0079148,N,26,2,20611.09,1,0,1,5187.24,14005.34,2.27
M0079149,Y,46,5,256439.96,3,3,2,140809.98,148685.69,5.84
M0079150,N,43,1,18821.85,1,2,0,6199.99,8630.62,1.4
M0079151,N,37,1,9707.67,0,1,1,4813.99,6109.56,0.52
M0079152,N,47,0,10408.14,1,0,0,5618.27,7565.64,0.0
M0079153,N,53,0,11662.68,0,0,0,7184.86,10484.88,2.69
M0079154,N,62,1,4108.88,0,0,1,3094.66,3438.09,1.7
M0079155,N,50,1,10171.0,0,1,2,2078.52,7886.48,0.68
M0079156,N,44,1,13903.57,1,1,0,8945.68,4569.07,0.92
M0079157,N,37,0,2542.63,0,1,0,836.65,1842.58,0.0
M0079158,N,21,1,2741.25,0,0,0,1084.97,3614.61,0.21
M0079159,N,18,0,7034.9,0,0,1,1611.97,8314.47,2.4
M0079160,N,63,1,6613.59,1,0,0,3688.75,6806.63,1.52
M0079161,N,59,2,10173.86,0,0,0,1459.72,6853.12,0.0
M0079162,N,65,2,5135.14,0,1,0,1065.45,6575.75,1.04
M0079163,N,65,3,6468.86,0,0,0,2171.19,6465.85,0.0
M0079164,N,58,1,12491.47,0,0,2,1800.55,12471.18,1.41
M0079165,N,60,2,4916.51,0,1,0,703.8,7046.33,0.11
M0079166,N,52,2,15017.73,1,1,0,7995.51,10991.94,2.04
M0079167,N,33,2,22169.13,0,1,0,13132.65,9392.47,2.5
M0079168,N,49,1,13335.46,0,0,0,4503.36,9792.76,1.43
M0079169,N,47,0,9756.06,1,0,0,5069.54,7519.93,0.91
M0079170,Y,42,4,237794.66,2,3,3,96970.4,106450.89,4.37
M0079171,N,46,3,6585.77,1,2,0,2868.63,3323.18,1.83
M0079172,N,35,2,19652.44,1,0,1,13916.89,3743.29,1.12
M0079173,N,57,0,13895.74,1,0,1,3553.45,9718.5,1.58
M0079174,N,29,3,3474.35,0,0,0,1123.92,3732.35,0.0
M0079175,N,61,0,14042.3,0,3,0,3549.16,17187.93,1.56
M0079176,N,56,1,7171.84,1,0,0,3285.94,6361.45,1.44
M0079177,N,33,1,5346.19,1,0,0,780.91,4855.86,0.99
M0079178,N,53,2,17320.8,0,0,0,3580.75,22870.86,0.81
M0079179,N,73,0,17599.9,0,0,2,6041.31,14736.19,3.01
M0079180,N,50,1,16432.29,1,1,0,4660.9,9775.97,1.38
M0079181,N,56,0,8336.35,0,1,0,2939.26,4896.28,0.0
M0079182,N,41,0,6117.78,0,0,0,1404.26,5436.42,0.25
M0079183,N,70,0,3956.1,1,0,1,2588.09,2129.98,0.47
M0079184,Y,61,4,191528.44,5,4,2,102661.93,103570.95,6.56
M0079185,N,76,0,7798.48,0,0,0,1668.91,11077.02,0.0
M0079186,N,76,3,16751.73,0,2,0,3327.51,22580.15,1.54
M0079187,N,18,0,16607.43,0,1,0,1857.55,13433.75,2.07
M0079188,N,27,0,11339.88,0,0,0,2798.91,11269.0,0.0
M0079189,N,78,0,8696.54,1,0,0,2183.77,7206.49,0.0
M0079190,N,41,0,5643.43,0,0,0,3090.93,3046.48,1.69
M0079191,N,66,2,16444.12,0,0,0,7148.5,13034.82,0.68
M0079192,N,72,0,6375.42,2,0,1,6253.79,5068.53,1.8
M0079193,N,20,0,14263.79,0,0,0,2149.42,9752.33,1.0
M0079194,N,38,2,26654.03,0,1,1,3676.53,18063.19,1.54
M0079195,N,18,0,9741.22,0,0,1,3290.23,4744.35,1.02
M0079196,Y,42,7,290582.71,1,3,2,99355.93,187111.35,4.88
M0079197,N,71,2,18489.47,0,2,0,7270.33,7613.08,2.04
M0079198,Y,85,6,204327.55,4,5,6,89930.16,157623.1,6.05
M0079199,N,62,0,9209.11,0,0,0,3814.69,8457.86,0.68
M0079200,N,40,1,7505.26,0,2,0,4153.4,7088.53,0.21
M0079201,N,69,2,15526.97,0,1,0,8218.92,11066.8,2.04
M0079202,N,32,1,9377.66,0,1,2,3211.81,4359.5,1.26
M0079203,N,40,3,11403.33,0,0,1,5075.44,12390.68,0.75
M0079204,N,36,0,7717.62,0,1,1,609.9,8600.49,2.89
M0079205,N,45,0,10925.21,0,0,0,1374.13,8279.53,1.79
M0079206,N,26,1,5109.56,0,0,0,1995.98,6500.89,2.0
M0079207,N,48,1,6199.83,1,0,0,2172.58,6285.87,2.08
M0079208,N,57,0,4222.09,1,0,0,432.94,3198.19,0.0
M0079209,N,52,1,26316.19,0,1,0,3793.01,21876.32,0.18
M0079210,N,51,2,42132.33,0,0,1,7301.61,58776.8,2.27
M0079211,N,54,0,6171.72,0,2,0,2609.83,6563.94,0.13
M0079212,Y,44,5,199687.92,3,3,4,87773.15,142997.46,4.11
M0079213,N,46,2,5482.35,0,2,1,1710.33,8104.64,1.51
M0079214,N,75,2,8789.61,0,1,0,4319.46,9475.72,1.21
M0079215,N,50,1,16990.72,1,0,0,5000.54,12925.93,2.22
M0079216,N,66,2,12936.28,0,1,0,10477.32,7305.47,0.68
M0079217,N,44,1,10180.0,0,3,0,5330.72,4049.84,2.01
M0079218,Y,83,5,170274.4,1,1,3,29552.73,150781.85,2.45
M0079219,N,32,2,6632.27,0,2,0,5876.02,4450.45,0.55
M0079220,N,33,1,7982.18,0,0,0,2753.82,5675.89,0.0
M0079221,N,61,1,3554.0,0,0,0,674.99,2784.08,1.42
M0079222,N,41,0,13035.86,0,0,1,2455.51,8873.89,2.44
M0079223,N,46,0,4435.3,0,0,0,1443.85,5570.72,0.0
M0079224,Y,66,5,397107.16,4,6,6,258097.93,116701.06,4.5
M0079225,N,25,3,9084.61,0,1,0,5158.12,4040.05,0.05
M0079226,N,24,0,15602.96,1,1,0,8391.43,6514.78,1.67
M0079227,N,36,1,4824.59,1,0,0,574.12,7181.01,1.21
M0079228,Y,57,9,316853.05,5,2,4,86151.1,192892.61,5.47
M0079229,N,78,2,18116.24,0,1,0,4946.49,9289.73,2.26
M0079230,N,41,1,2162.57,0,0,0,1450.69,1728.01,0.98
M0079231,N,19,1,4141.21,0,0,1,4601.41,2801.66,0.93
M0079232,Y,79,5,207167.12,3,4,5,68298.85,120943.62,6.87
M0079233,N,41,2,10760.48,0,0,0,2326.75,6761.26,1.65
M0079234,N,68,0,11178.13,0,0,0,3786.65,12452.14,1.27
M0079235,N,47,0,6430.72,0,1,0,2265.59,2851.53,1.34
M0079236,N,41,0,10771.89,0,0,0,1451.88,7456.8,2.06
M0079237,N,77,0,17203.14,0,2,0,1277.0,17033.07,1.44
M0079238,N,53,1,2609.67,0,0,0,783.49,1920.28,0.0
M0079239,N,36,1,11388.58,2,0,0,1780.36,13984.22,0.65
M0079240,N,51,0,6501.85,0,0,0,2945.26,5127.56,0.73
M0079241,N,35,0,9871.54,1,0,0,3368.47,5534.72,0.0
M0079242,N,54,2,12985.28,0,1,1,2684.64,17962.31,0.36
M0079243,N,22,3,14274.54,0,1,1,1757.29,16488.07,0.0
M0079244,N,21,3,24020.51,0,1,1,4499.21,15557.3,2.31
M0079245,N,23,1,27467.21,0,2,1,28100.93,16970.43,1.55
M0079246,N,71,0,13729.9,0,0,0,2705.94,18119.39,0.29
M0079247,N,32,1,17762.8,1,1,0,3244.34,20202.9,0.0
M0079248,Y,78,5,201690.32,2,2,1,66238.38,112043.82,4.11
M0079249,N,74,2,12936.3,0,1,0,3512.52,8852.32,0.34
M0079250,N,42,0,10509.05,0,0,1,2768.41,13417.36,0.0
M0079251,N,67,1,12996.8,0,1,1,7063.64,11843.02,1.23
M0079252,N,19,0,3366.24,1,0,1,475.03,2862.61,1.34
M0079253,N,22,0,4436.16,0,0,0,1616.44,4289.59,0.81
M0079254,Y,52,7,209432.1,3,4,2,61751.06,171278.2,5.27
M0079255,N,48,0,9839.95,0,0,0,1819.08,10981.28,0.0
M0079256,N,58,0,9069.62,0,2,0,5781.88,4352.64,0.91
M0079257,N,53,1,6005.77,0,1,0,282.08,6874.85,0.81
M0079258,N,55,2,12727.26,1,0,1,2467.45,10077.08,1.89
M0079259,N,35,0,8488.77,1,0,0,2152.9,4535.33,0.81
M0079260,N,54,2,7763.69,0,0,1,9562.43,4239.05,0.31
M0079261,N,36,2,10083.07,0,1,1,3870.68,9406.91,1.72
M0079262,N,45,0,1994.12,0,1,1,280.61,3093.11,1.26
M0079263,N,37,2,66687.1,0,1,0,4149.87,63551.68,2.24
M0079264,N,34,1,2751.76,0,1,0,1431.1,2229.11,0.84
M0079265,N,45,1,11323.0,0,0,0,1737.39,10296.29,0.0
M0079266,N,31,2,2444.52,0,0,0,1019.51,1288.29,0.91
M0079267,N,32,1,6244.28,0,2,0,2663.59,5634.17,1.05
M0079268,N,32,0,9575.6,0,1,0,1759.3,6176.49,1.35
M0079269,N,42,0,17857.83,0,2,0,1517.41,14454.64,1.4
M0079270,N,80,0,9633.64,0,1,1,1579.01,10540.73,0.44
M0079271,N,36,0,5238.23,0,1,0,4648.48,4599.03,0.9
M0079272,N,43,1,11893.55,0,0,0,1055.23,9733.39,1.84
M0079273,N,29,1,5514.28,0,1,2,1594.44,2823.13,2.54
M0079274,N,76,0,3373.35,0,1,0,198.0,5275.55,0.0
M0079275,N,73,0,8878.93,0,0,0,1525.96,6115.17,1.52
M0079276,N,48,2,7143.64,0,0,0,2446.25,4548.12,1.02
M0079277,N,76,0,5610.31,0,0,0,1287.88,6899.04,1.47
M0079278,N,54,0,6200.27,0,0,0,2402.9,5812.49,1.3
M0079279,N,28,3,11167.22,0,1,0,4090.56,13001.35,0.0
M0079280,N,33,2,41002.34,1,1,1,13023.37,26473.78,1.6
M0079281,N,19,2,29046.64,0,1,2,11524.95,29488.03,2.54
M0079282,N,41,0,45229.24,1,2,0,6348.74,39784.86,4.02
M0079283,N,51,0,9947.69,0,0,0,2436.01,5885.42,0.0
M0079284,N,45,3,18569.25,0,0,0,1047.42,19606.34,0.2
M0079285,N,23,2,11660.7,0,0,0,3354.45,8102.05,1.52
M0079286,N,24,0,8979.28,1,1,0,1074.94,11315.24,0.41
M0079287,N,26,2,7139.09,0,0,0,2833.92,4147.94,0.95
M0079288,N,28,1,8096.19,0,0,0,2443.96,9105.19,0.0
M0079289,N,62,2,5728.26,0,1,0,3810.86,6455.7,0.59
M0079290,N,34,1,4107.1,0,0,0,718.55,3167.26,0.0
M0079291,N,50,1,3718.54,0,0,1,780.34,4381.7,0.0
M0079292,N,70,1,5685.51,0,0,0,991.33,6964.34,0.76
M0079293,Y,46,7,210683.06,5,4,2,91698.22,203861.58,6.74
M0079294,N,54,1,21375.59,1,1,1,8276.42,18912.86,3.17
M0079295,N,23,1,6075.22,0,0,0,3154.95,7094.34,1.87
M0079296,N,77,2,5779.35,0,0,0,1513.38,4396.44,2.17
M0079297,N,76,2,6185.56,0,0,0,1529.84,7610.83,0.0
M0079298,Y,70,3,270747.91,5,1,1,115717.94,174314.16,4.43
M0079299,N,47,1,10125.53,0,1,0,4294.86,4268.02,0.52
M0079300,N,35,4,7838.17,0,1,0,2173.86,6774.97,0.99
M0079301,N,41,0,3655.92,0,0,0,1103.47,3441.01,0.96
M0079302,N,50,0,10109.29,0,0,0,2897.49,7634.4,0.72
M0079303,N,76,0,19782.84,1,2,0,6440.42,13953.99,0.37
M0079304,N,66,5,7681.05,1,0,0,1858.99,7484.87,1.86
M0079305,N,43,0,22987.96,0,0,0,2143.96,19815.94,1.3
M0079306,N,77,1,6420.7,0,0,0,1323.31,6143.37,1.64
M0079307,N,62,0,19086.8,0,0,1,2000.48,13947.11,0.0
M0079308,N,21,0,4456.25,0,1,1,2634.66,4502.29,2.46
M0079309,N,80,1,5465.9,0,0,0,1137.66,3851.17,0.0
M0079310,N,25,0,5553.49,1,0,0,3289.79,4719.63,0.12
M0079311,N,32,0,4812.99,0,0,0,654.76,4700.49,0.17
M0079312,N,60,0,15937.91,1,2,0,2728.03,10051.95,1.26
M0079313,N,56,1,4561.79,0,0,0,666.34,3447.73,0.0
M0079314,N,40,0,6375.35,1,1,0,1115.65,7534.29,1.88
M0079315,Y,61,5,380300.71,2,8,3,141403.83,349708.66,6.24
M0079316,N,39,1,15477.49,1,0,1,3553.93,9345.57,0.06
M0079317,N,41,1,31579.75,0,0,0,1929.24,24811.46,0.56
M0079318,N,51,2,10413.41,0,2,0,8139.84,9851.86,1.38
M0079319,N,49,3,20738.31,1,1,0,4541.42,11872.26,2.0
M0079320,N,76,2,12419.2,0,0,2,4311.86,14871.86,2.44
M0079321,N,30,1,40541.25,0,1,1,13542.75,22351.95,2.48
M0079322,N,58,0,8474.73,0,0,0,1129.02,5784.15,0.0
M0079323,N,64,2,27217.74,0,3,0,2778.6,21793.6,1.95
M0079324,N,58,1,17639.66,1,1,1,5209.14,19136.28,3.41
M0079325,N,79,0,4331.03,0,0,0,1416.53,5689.53,0.34
M0079326,N,50,2,7426.09,0,0,0,5642.42,6578.2,0.84
M0079327,N,45,0,12490.49,0,1,0,1445.18,12400.15,1.08
M0079328,N,45,0,12877.94,0,0,0,4014.24,6407.15,0.0
M0079329,N,19,2,8694.0,0,1,0,1310.3,8519.13,0.5
M0079330,N,66,0,6940.63,0,0,0,1624.69,4288.91,0.0
M0079331,N,38,0,33948.49,1,4,0,12489.45,40008.16,0.6
M0079332,N,45,0,6540.53,0,0,0,1345.0,6279.68,0.77
M0079333,N,20,0,2040.69,0,0,0,1345.59,2016.86,0.55
M0079334,N,71,2,10359.43,0,0,0,3270.26,13500.14,0.2
M0079335,N,29,1,10552.02,1,0,0,1878.62,9538.26,0.0
M0079336,N,31,0,4055.19,0,0,0,2609.22,4621.85,0.69
M0079337,N,37,0,7897.29,0,0,0,2475.19,5250.07,0.63
M0079338,N,73,1,14273.5,2,0,0,3731.85,10028.21,1.46
M0079339,Y,43,7,209646.98,3,5,3,54565.25,122480.63,6.4
M0079340,N,40,3,7188.79,0,1,0,2322.49,4067.67,1.31
M0079341,N,32,1,15342.9,1,1,0,4819.32,15679.22,0.73
M0079342,N,68,2,13346.57,0,0,0,4066.03,6423.7,0.51
M0079343,N,26,1,7349.42,0,0,0,3902.04,2430.28,0.0
M0079344,N,70,0,9190.06,0,2,1,3033.97,4821.85,2.02
M0079345,N,77,2,20594.3,0,0,0,10103.85,6647.15,0.84
M0079346,N,52,1,10454.16,0,1,0,1896.56,12331.21,1.05
M0079347,N,40,1,8405.84,0,0,1,3248.46,3565.54,1.14
M0079348,N,39,0,4343.46,0,1,0,2551.93,5043.29,1.17
M0079349,N,76,0,12646.79,0,0,1,785.3,11692.33,0.66
M0079350,N,56,0,19673.69,0,0,0,4573.51,15438.14,0.36
M0079351,N,33,1,9665.7,0,0,0,3127.24,6516.31,0.24
M0079352,N,50,0,16478.41,0,0,0,7872.16,5329.59,1.75
M0079353,N,52,1,8036.44,0,2,1,4983.93,4942.72,2.18
M0079354,N,31,1,14167.08,0,0,0,4081.46,7146.91,1.21
M0079355,N,57,2,5537.9,0,0,0,1281.31,7908.37,1.09
M0079356,N,51,0,12268.52,1,0,0,560.11,9908.35,1.45
M0079357,N,43,0,4054.48,0,0,0,1373.11,3058.62,0.0
M0079358,N,71,0,9842.66,0,0,1,804.15,9546.23,0.0
M0079359,N,72,1,5329.12,0,0,0,1083.89,4861.64,0.87
M0079360,N,39,0,14004.01,0,0,0,2172.58,22932.47,0.85
M0079361,N,30,0,11486.54,0,2,0,1074.05,9232.76,0.94
M0079362,N,21,1,13916.85,0,0,1,10363.83,12071.81,1.22
M0079363,N,66,2,9898.74,0,3,0,1293.85,6622.06,0.0
M0079364,N,61,1,8424.62,0,0,0,5013.98,3402.93,1.83
M0079365,N,64,3,3593.6,0,2,0,2260.52,2812.28,0.83
M0079366,N,43,2,5304.58,0,1,0,1326.42,4545.48,0.94
M0079367,N,21,3,17696.23,0,0,1,2729.11,18987.73,0.73
M0079368,N,72,0,23344.59,0,1,0,1016.6,19377.05,0.37
M0079369,N,61,1,8615.6,0,0,2,2690.43,7389.81,0.68
M0079370,N,70,0,7108.21,1,0,0,3106.2,3016.83,1.12
M0079371,N,41,1,10568.29,0,5,0,5742.33,7308.69,1.36
M0079372,N,47,0,7173.72,0,0,0,3520.4,7778.83,0.34
M0079373,N,62,2,3371.87,1,0,0,1925.94,1889.21,0.1
M0079374,N,32,0,13907.43,0,1,0,4543.96,7127.2,1.42
M0079375,N,63,0,4333.69,0,1,0,1393.86,5355.22,2.41
M0079376,N,53,2,23412.32,0,1,0,13252.29,5898.81,2.21
M0079377,N,55,0,9885.01,0,3,2,2341.54,8388.98,1.73
M0079378,Y,45,3,195027.56,3,1,1,51240.1,137641.04,4.79
M0079379,N,36,2,5992.13,0,0,0,2261.0,3267.12,0.0
M0079380,N,43,0,9759.45,0,2,0,3360.26,7241.3,0.6
M0079381,N,50,3,5308.12,0,0,1,893.92,3871.69,0.16
M0079382,N,34,2,12267.28,0,2,0,7216.67,5824.06,1.91
M0079383,N,63,2,13954.43,1,0,1,9539.89,9178.6,1.17
M0079384,N,72,0,11831.31,0,0,1,1060.98,8663.54,0.72
M0079385,N,45,0,16104.75,0,1,0,3087.25,24584.07,2.51
M0079386,N,23,0,21368.34,0,1,1,5711.43,17267.44,1.37
M0079387,N,53,4,33695.88,0,2,1,6474.2,24853.47,2.04
M0079388,N,78,0,8447.76,0,1,0,1184.04,5672.65,0.0
M0079389,N,60,1,29223.48,0,1,0,4223.74,44474.27,2.03
M0079390,N,38,0,4939.65,0,0,0,1133.65,5138.4,0.81
M0079391,N,73,0,11605.56,0,1,2,4570.74,6819.15,1.12
M0079392,N,29,0,5053.52,0,0,0,1048.02,4511.18,0.0
M0079393,N,41,0,9949.4,0,0,0,4626.9,4831.44,0.62
M0079394,N,26,1,10071.54,0,2,1,567.15,11145.9,0.76
M0079395,N,20,1,14595.75,0,0,0,10400.04,14553.32,0.77
M0079396,N,53,0,9194.03,0,1,0,1908.68,6421.45,1.63
M0079397,N,69,1,54758.96,1,0,1,10561.27,33914.96,3.17
M0079398,N,73,2,10670.35,0,0,1,9559.26,7565.12,2.89
M0079399,N,56,2,12965.82,0,0,0,985.14,9868.85,0.45
M0079400,N,79,0,8104.53,0,0,1,2111.62,8230.25,0.71
M0079401,N,58,0,12708.28,0,2,0,5291.96,6550.76,1.17
M0079402,N,36,2,5505.59,0,1,0,1931.78,4245.96,1.33
M0079403,N,74,2,21725.28,1,1,0,4928.22,15501.28,1.69
M0079404,N,37,0,1567.67,0,0,0,749.1,1556.45,0.0
M0079405,N,64,0,8784.53,0,1,0,1556.56,8654.0,0.95
M0079406,N,47,0,12058.32,1,0,0,5562.21,8518.81,0.79
M0079407,N,21,1,8834.47,0,0,0,3596.02,5466.3,0.93
M0079408,N,19,0,4584.53,2,0,0,571.57,5493.32,0.0
M0079409,N,68,1,5735.61,1,0,0,2715.9,1794.14,1.15
M0079410,N,57,0,3803.28,0,1,2,1112.6,2947.37,0.69
M0079411,N,47,2,16346.42,0,0,0,1759.97,12072.41,1.72
M0079412,Y,58,6,271664.17,4,4,4,88427.36,161851.73,6.52
M0079413,N,59,1,2283.08,0,0,1,772.34,3166.06,0.71
M0079414,N,79,2,23358.84,0,0,0,6906.86,11773.22,0.0
M0079415,N,20,0,4543.0,0,0,1,561.0,5582.59,0.0
M0079416,N,18,0,13024.01,0,0,0,1814.06,10604.33,0.88
M0079417,N,19,1,16452.92,0,0,0,1984.17,16957.63,0.86
M0079418,N,76,0,12061.11,0,0,1,1211.92,8717.52,0.17
M0079419,N,49,0,6396.06,0,1,0,970.89,4615.75,0.27
M0079420,N,74,1,7993.25,0,0,0,2737.49,5163.74,0.95
M0079421,N,46,1,6454.18,0,0,1,1154.68,5269.91,0.73
M0079422,N,71,0,4918.58,0,0,0,656.92,3335.25,2.33
M0079423,N,58,2,6285.2,0,1,0,988.76,6302.43,1.4
M0079424,N,31,0,10250.66,0,0,0,1975.29,10502.1,0.56
M0079425,N,65,2,31203.67,1,1,1,15636.23,13271.8,1.82
M0079426,N,44,0,3949.75,0,0,0,2301.59,4357.44,0.44
M0079427,N,47,1,18464.5,0,0,0,9531.98,11609.65,0.0
M0079428,N,26,1,10614.01,0,1,0,4266.16,4369.86,0.79
M0079429,N,54,2,7583.82,0,1,0,2153.86,9746.32,2.43
M0079430,N,77,1,10154.41,0,1,0,3664.35,4710.92,0.89
M0079431,N,64,3,8247.9,1,1,1,2250.21,6711.77,1.78
M0079432,N,63,2,20130.63,0,0,1,8382.55,11942.63,0.89
M0079433,N,50,0,5893.48,0,0,0,6779.77,3472.62,0.02
M0079434,N,75,0,12666.88,0,1,0,6121.84,4068.25,1.58
M0079435,N,66,2,8305.58,0,0,0,2833.76,7166.41,1.18
M0079436,Y,81,2,122827.56,3,1,1,54827.71,71058.69,3.68
M0079437,N,79,1,9361.19,0,1,1,3671.31,5990.43,0.41
M0079438,N,51,3,11894.48,0,1,0,4458.72,11483.54,1.06
M0079439,N,19,1,9386.34,0,0,0,5338.71,4285.55,0.52
M0079440,Y,44,5,213998.8,4,2,5,133112.76,91208.62,5.44
M0079441,N,18,2,19955.0,0,3,2,9143.05,6902.3,2.88
M0079442,N,58,0,2144.51,1,0,0,1031.66,1783.76,0.88
M0079443,N,46,1,11022.13,0,0,0,3689.52,9240.0,0.0
M0079444,N,68,1,20119.53,0,1,0,2238.69,14350.39,1.62
M0079445,N,43,1,12886.1,0,0,0,2017.59,12246.17,0.86
M0079446,N,50,1,8690.66,0,0,0,3060.13,6012.61,2.53
M0079447,N,35,1,27292.79,1,1,1,3892.4,18676.49,0.91
M0079448,N,32,0,2538.7,1,0,0,2199.95,1091.23,0.0
M0079449,N,29,0,7828.15,0,0,1,2793.21,4225.28,0.78
M0079450,N,43,3,9836.54,0,0,0,2868.41,8606.34,0.0
M0079451,N,22,1,24827.32,0,0,0,7798.7,20594.29,1.27
M0079452,N,48,0,9959.46,0,2,0,1152.14,7506.35,1.09
M0079453,N,42,1,8354.06,0,2,0,2024.48,5847.34,0.75
M0079454,N,78,0,6737.9,1,0,1,1137.21,5855.67,0.36
M0079455,N,23,2,5114.87,1,0,0,2373.36,6570.02,0.5
M0079456,N,65,0,3286.03,0,1,0,1057.13,3119.35,0.02
M0079457,N,64,4,17424.42,1,2,0,3257.87,21916.95,2.74
M0079458,N,59,0,12480.47,0,2,0,3770.25,7810.11,1.65
M0079459,N,20,0,14668.43,0,1,1,1724.07,13681.09,0.19
M0079460,N,27,3,23734.48,0,1,0,7270.87,29390.93,2.04
M0079461,N,62,0,4590.38,0,1,0,1448.1,5876.43,1.59
M0079462,N,75,1,12219.4,1,0,0,1744.58,9017.39,1.07
M0079463,N,34,0,24805.19,1,2,2,10824.66,26177.73,1.65
M0079464,N,64,0,6223.06,0,0,0,2083.04,8564.69,1.01
M0079465,N,37,0,14900.7,0,2,0,2178.66,17550.51,2.03
M0079466,N,49,1,14301.08,0,2,0,6404.61,6302.28,0.76
M0079467,N,39,0,35332.82,1,0,0,14261.13,16666.73,2.18
M0079468,N,55,0,8005.15,0,1,0,4012.8,7615.08,1.97
M0079469,N,62,0,6128.9,0,0,0,2550.3,3611.74,1.63
M0079470,N,44,0,29764.29,0,2,0,16451.36,8382.71,1.34
M0079471,N,64,0,17897.4,0,1,1,2631.39,17095.22,4.04
M0079472,N,30,1,8498.72,0,0,1,2277.4,7701.97,2.72
M0079473,N,21,1,13304.52,0,1,0,4174.32,7785.76,1.34
M0079474,N,72,2,18165.43,1,3,0,1673.87,29794.6,2.21
M0079475,N,46,0,6205.96,1,1,0,6175.49,3822.66,1.39
M0079476,N,25,0,14210.45,0,0,0,2185.34,14252.53,0.25
M0079477,N,40,1,18100.25,0,1,0,3404.03,11265.24,1.51
M0079478,N,33,1,11938.48,0,0,0,3866.33,9439.65,0.79
M0079479,N,44,3,22254.25,1,1,1,10130.77,12424.04,1.99
M0079480,Y,43,5,371894.48,2,6,3,134561.01,228839.1,5.95
M0079481,N,78,0,4264.82,0,1,1,1594.27,3193.34,1.41
M0079482,N,27,0,7178.39,0,0,1,1220.36,10525.79,1.3
M0079483,N,22,2,27087.78,0,2,0,11114.25,23647.12,1.48
M0079484,N,25,0,3548.25,1,0,0,364.55,4842.14,0.99
M0079485,N,37,2,18227.65,0,1,0,2140.47,14146.7,0.0
M0079486,N,66,1,6568.97,0,0,0,1083.73,8725.25,0.0
M0079487,N,42,0,4719.3,0,0,0,938.51,4409.88,0.38
M0079488,N,75,2,11614.62,0,0,0,4778.07,5703.48,0.43
M0079489,N,57,2,40406.45,1,1,0,16969.32,32529.9,2.89
M0079490,N,54,2,30198.8,0,0,1,4220.74,34507.64,1.84
M0079491,N,58,2,5050.23,0,1,0,1661.28,4611.37,0.12
M0079492,N,44,2,11211.78,0,0,1,4655.72,10388.6,1.54
M0079493,N,49,1,5489.09,1,2,0,2043.03,4647.74,0.66
M0079494,N,35,2,11946.9,0,0,2,5395.87,4987.45,0.35
M0079495,N,79,1,16825.52,0,0,2,3731.97,11170.17,1.58
M0079496,N,79,0,5705.68,0,0,0,678.01,4551.2,0.0
M0079497,N,31,0,5078.19,0,0,0,911.94,5777.48,0.0
M0079498,N,69,0,4608.24,0,0,1,617.58,5169.46,0.85
M0079499,N,20,0,11118.58,0,0,1,1357.26,17066.04,0.59
M0079500,N,51,1,10670.35,0,1,1,5327.12,9136.73,0.0
M0079501,N,65,1,21501.75,0,1,0,13775.86,7791.16,1.03
M0079502,N,60,2,69339.65,1,0,0,6569.3,51948.65,1.13
M0079503,N,32,1,10542.81,0,0,0,7627.67,9301.0,1.2
M0079504,N,36,1,11568.75,0,0,0,6776.17,9455.9,1.49
M0079505,N,25,3,29817.05,0,0,0,2274.48,30769.19,1.59
M0079506,N,60,0,5785.45,0,0,1,2110.52,5189.26,1.18
M0079507,N,28,0,5498.26,0,1,1,3133.1,3295.54,1.22
M0079508,N,51,0,11608.92,0,0,0,7508.36,3416.93,0.28
M0079509,N,55,1,12058.8,0,1,0,1708.24,7824.5,0.07
M0079510,N,28,0,6822.71,0,0,0,3238.3,5250.08,0.0
M0079511,N,70,1,26691.93,0,0,1,28689.72,11794.18,1.37
M0079512,N,73,0,2668.13,0,0,0,1031.78,1283.62,1.33
M0079513,N,69,0,4567.15,0,0,0,1827.28,1807.43,0.33
M0079514,N,22,2,8464.89,0,0,0,6354.16,2128.21,1.32
M0079515,N,75,0,13981.42,0,0,0,2196.97,9933.01,0.19
M0079516,N,50,2,19230.62,0,0,1,2242.54,23837.8,0.41
M0079517,N,61,2,8892.85,0,1,0,920.32,9197.11,1.29
M0079518,N,62,1,13540.66,0,0,1,1372.9,16260.5,0.34
M0079519,N,20,0,8612.28,1,1,0,4296.16,4636.29,0.61
M0079520,N,22,1,12421.86,0,0,0,1408.63,9353.34,0.27
M0079521,N,36,4,48505.47,2,1,1,18946.61,31829.9,3.83
M0079522,N,59,1,2367.48,1,2,0,526.36,1705.63,0.07
M0079523,N,35,1,8743.47,0,1,0,2190.58,10258.29,1.45
M0079524,N,64,0,20705.8,0,1,0,2413.09,17854.45,1.69
M0079525,N,36,0,33736.72,1,0,0,11860.16,39214.99,2.69
M0079526,N,36,1,9300.51,1,1,0,2075.24,6943.82,0.79
M0079527,N,70,0,5818.7,0,0,3,1659.11,6245.64,1.28
M0079528,N,18,3,12357.63,1,1,1,2619.73,9685.49,2.87
M0079529,Y,62,5,110708.87,2,3,2,29118.22,95168.37,3.17
M0079530,N,52,0,16369.54,0,0,0,5139.64,8806.4,2.0
M0079531,N,72,1,36556.06,0,1,0,18835.12,12702.44,2.23
M0079532,N,51,2,6048.31,1,0,0,833.98,5865.81,1.83
M0079533,N,75,2,14047.19,0,1,0,9765.34,5276.19,1.77
M0079534,N,18,2,2343.28,0,0,0,824.02,3294.48,0.64
M0079535,N,24,0,11270.57,0,0,0,6914.48,2345.04,0.12
M0079536,N,53,2,11468.85,0,1,1,3796.78,11592.46,1.12
M0079537,N,19,2,21531.95,1,0,2,2019.81,23408.38,0.95
M0079538,N,33,2,13586.36,0,0,0,2326.15,8308.37,0.93
M0079539,N,80,0,10399.32,0,1,1,2087.27,13500.75,0.63
M0079540,N,23,3,11186.87,0,0,0,5152.15,3719.57,0.59
M0079541,N,39,1,5293.97,0,2,0,1804.48,3867.57,1.31
M0079542,N,73,2,12036.98,0,0,0,5633.94,7287.32,0.84
M0079543,N,32,1,17126.73,0,1,2,10643.2,12193.3,1.9
M0079544,N,68,0,6108.16,0,0,0,2161.96,8735.12,0.81
M0079545,N,22,1,3377.3,0,1,3,524.33,3054.32,1.11
M0079546,N,22,0,2980.61,0,0,1,1325.92,3269.0,1.93
M0079547,N,57,1,16158.06,0,2,1,10688.07,14143.42,2.4
M0079548,N,22,0,8493.14,0,0,0,4075.81,7929.95,0.86
M0079549,N,30,0,7315.95,0,0,0,270.39,7752.68,1.15
M0079550,N,67,1,7412.47,0,0,0,679.93,5902.41,1.3
M0079551,N,41,1,40603.89,0,2,0,15791.47,21080.92,3.29
M0079552,N,48,2,8133.69,2,1,0,1119.61,6823.44,0.7
M0079553,N,29,1,9674.01,0,0,0,6409.06,4024.41,0.0
M0079554,N,57,0,9601.26,0,2,0,560.06,7137.11,0.22
M0079555,N,50,0,4992.82,1,0,0,2379.84,3123.87,1.03
M0079556,N,38,2,14985.32,1,1,0,8029.73,5008.91,2.0
M0079557,N,41,0,7964.48,0,1,0,1434.23,9268.04,1.32
M0079558,N,63,1,24768.29,0,2,0,9169.67,18270.98,1.24
M0079559,N,80,2,5331.28,1,0,0,1225.65,5200.35,1.23
M0079560,N,80,4,61341.48,1,0,1,20699.78,42035.79,3.08
M0079561,N,59,1,10602.98,0,0,0,2732.82,9660.23,1.98
M0079562,N,48,3,9773.46,0,0,1,2280.77,9031.46,1.15
M0079563,N,35,2,15671.31,1,0,1,5646.0,12799.49,1.25
M0079564,N,45,0,5554.72,0,0,1,1039.73,5005.11,1.13
M0079565,N,79,1,8987.51,0,1,0,3341.43,12336.62,1.86
M0079566,N,69,1,2996.43,0,0,0,275.52,2492.6,2.42
M0079567,N,25,2,16836.2,0,1,0,1225.23,15797.77,0.27
M0079568,N,21,1,13729.1,0,1,1,3801.23,14138.9,0.85
M0079569,N,41,1,6522.99,0,0,0,4606.96,1297.34,0.0
M0079570,N,48,1,9307.66,0,2,0,7208.33,1369.55,0.0
M0079571,N,63,0,26160.27,1,0,0,7639.79,15438.81,0.82
M0079572,N,19,0,8874.25,0,0,1,7002.74,6312.74,1.4
M0079573,N,24,1,21841.24,0,0,1,3680.19,20696.29,1.37
M0079574,N,49,0,6998.57,0,0,0,1456.8,5206.93,0.0
M0079575,N,65,2,21988.43,0,0,0,2400.23,17642.34,1.34
M0079576,Y,73,3,352442.66,3,3,4,209862.35,98167.9,5.38
M0079577,N,78,0,10745.44,1,0,0,411.84,8017.65,0.15
M0079578,N,31,2,6056.08,0,0,0,1032.67,7032.27,0.72
M0079579,N,22,0,25447.09,0,1,0,9598.81,23350.41,1.45
M0079580,N,58,1,3085.72,0,1,0,838.34,4349.96,0.0
M0079581,N,59,1,18795.36,0,1,0,4915.34,17199.12,0.21
M0079582,N,58,0,8332.79,0,0,0,2058.19,5208.15,0.68
M0079583,N,47,2,11271.04,0,1,0,3178.82,6817.96,0.62
M0079584,N,37,0,3479.91,0,0,1,2171.7,3384.42,0.65
M0079585,N,43,2,13541.84,0,2,1,2924.46,7686.7,2.37
M0079586,N,68,1,26773.22,0,0,1,11927.8,9516.32,0.54
M0079587,Y,57,5,199238.32,2,3,5,65039.33,154175.95,4.96
M0079588,N,69,0,10496.94,1,0,0,2696.12,6343.98,1.52
M0079589,N,48,1,17094.52,0,1,0,15474.63,13622.79,2.88
M0079590,N,61,0,6942.87,0,0,1,2732.13,7061.68,0.01
M0079591,N,60,1,9367.62,0,1,1,954.51,7332.16,1.74
M0079592,N,66,2,7338.42,1,2,0,1485.81,9504.52,0.43
M0079593,N,39,2,9300.41,0,0,0,1524.54,10197.74,0.0
M0079594,N,61,2,20850.16,0,2,1,2418.61,22755.51,0.59
M0079595,N,47,0,11422.19,1,0,0,14215.23,4819.18,0.08
M0079596,N,25,2,14088.02,0,0,0,1248.08,11201.18,1.45
M0079597,N,43,0,9639.4,0,0,0,5916.96,4996.09,1.64
M0079598,N,42,1,3436.58,0,0,0,2939.2,2597.26,0.59
M0079599,N,47,0,5486.19,1,0,1,1817.53,4905.98,0.41
M0079600,N,71,2,53842.2,0,1,1,16152.49,31003.71,2.09
M0079601,N,70,0,7634.45,0,1,1,1719.43,5236.49,0.25
M0079602,N,35,0,13026.52,0,0,1,1750.56,9715.75,1.04
M0079603,N,23,1,2417.9,0,0,0,478.58,3538.49,1.77
M0079604,N,72,1,12005.76,0,0,0,2122.4,7435.27,1.31
M0079605,N,69,1,6993.65,0,2,0,1365.16,4400.31,0.28
M0079606,N,28,1,10333.27,0,1,0,2492.06,6106.6,0.4
M0079607,N,29,0,10844.12,1,0,0,8280.02,4437.66,0.0
M0079608,N,46,0,1869.23,0,0,0,817.21,2270.33,0.0
M0079609,N,54,2,10165.04,2,0,0,1064.33,7682.25,1.67
M0079610,N,57,1,7643.62,0,0,0,1639.95,7068.32,0.13
M0079611,N,41,0,5490.57,0,0,1,863.46,3720.43,0.21
M0079612,N,69,0,13266.81,1,2,0,11064.07,12629.57,3.13
M0079613,N,55,0,8179.63,1,2,0,2016.31,7256.05,0.0
M0079614,N,77,0,8554.85,0,0,0,3352.12,3869.99,0.64
M0079615,N,24,2,7444.61,0,0,1,801.51,9746.69,0.85
M0079616,N,56,1,12767.11,0,1,0,9277.76,10903.09,1.32
M0079617,N,71,0,22658.1,1,1,0,7132.62,17334.75,1.54
M0079618,N,69,1,11873.68,0,0,0,2897.25,6715.24,1.39
M0079619,N,56,0,7524.2,0,0,0,1058.74,9116.69,1.45
M0079620,N,48,0,9520.26,1,0,0,4664.49,5898.07,0.72
M0079621,N,18,1,14500.04,0,0,0,4222.23,8887.83,1.29
M0079622,N,21,0,5123.66,0,0,0,1329.69,4877.77,0.0
M0079623,N,30,2,2877.71,0,0,0,370.39,2679.44,1.66
M0079624,N,68,0,5475.25,0,0,0,1392.2,4842.87,1.15
M0079625,N,57,0,5014.43,0,0,0,1807.85,2890.54,0.19
M0079626,N,29,1,3263.49,0,0,0,686.1,2877.22,0.0
M0079627,N,38,0,5029.43,0,0,0,908.25,3567.7,0.22
M0079628,Y,55,2,174325.84,3,3,3,84668.71,131195.4,5.33
M0079629,N,33,3,7905.5,0,0,2,2513.87,5634.27,0.0
M0079630,N,56,2,11394.41,0,0,0,2335.64,8071.13,0.96
M0079631,N,41,2,17864.76,1,0,0,13577.49,7087.38,3.21
M0079632,N,37,1,48833.88,0,2,0,9500.64,34985.45,3.28
M0079633,Y,57,5,160714.58,2,2,3,72124.37,93064.92,3.49
M0079634,N,26,1,7471.71,0,1,0,5172.37,7577.1,1.8
M0079635,N,60,1,9732.3,0,1,0,2247.57,8754.85,0.42
M0079636,N,52,3,7959.76,0,0,0,2306.69,4940.06,1.76
M0079637,N,47,0,7691.05,1,0,0,1354.33,4821.47,0.59
M0079638,N,52,0,6969.79,0,0,0,3011.7,4558.07,0.36
M0079639,N,79,2,26096.31,0,0,0,3640.63,16798.66,0.87
M0079640,N,53,1,29295.65,0,0,1,8322.6,19226.02,1.74
M0079641,N,45,1,6823.99,1,0,0,1887.05,7032.33,1.72
M0079642,N,18,2,25213.96,0,2,2,11732.69,13601.54,0.03
M0079643,N,29,1,15264.1,0,1,2,4881.45,13979.93,0.31
M0079644,N,67,4,17126.24,0,0,0,5779.54,12637.87,3.18
M0079645,N,54,0,6667.12,0,0,0,1252.39,7442.2,0.16
M0079646,N,55,1,11926.81,0,2,0,5494.03,5472.5,1.34
M0079647,N,25,1,27509.5,0,2,0,6883.36,14625.87,1.1
M0079648,N,77,2,8794.32,0,0,0,2140.38,10104.8,0.28
M0079649,N,55,0,8605.34,0,1,0,3177.15,9909.19,0.0
M0079650,N,67,0,15294.6,0,1,0,1960.51,12167.16,0.39
M0079651,N,64,1,8624.54,0,0,0,545.9,7112.44,1.04
M0079652,N,49,0,10103.39,0,0,0,6464.07,7782.35,0.09
M0079653,N,61,0,15494.52,1,0,0,4871.89,14505.43,0.93
M0079654,N,42,0,19330.15,0,1,0,970.77,23312.59,0.37
M0079655,N,38,1,34199.98,0,2,0,6555.09,22028.91,1.09
M0079656,N,75,0,7358.22,0,0,0,3089.67,3742.52,0.81
M0079657,N,37,2,6975.53,0,0,0,2999.52,3603.83,0.9
M0079658,N,33,3,46665.17,0,0,1,7136.99,44559.35,1.11
M0079659,N,62,2,6187.9,0,1,1,2641.51,4196.24,2.74
M0079660,N,65,0,4607.39,0,0,0,758.13,4162.65,0.15
M0079661,N,72,3,13977.23,1,0,0,3864.53,8908.37,2.53
M0079662,N,80,2,37893.4,0,0,0,8811.91,24316.32,2.75
M0079663,N,27,1,10360.07,0,2,0,7202.87,7808.87,0.03
M0079664,N,52,2,17990.89,1,0,0,7507.71,11234.54,1.12
M0079665,N,66,1,18672.36,0,0,0,1080.33,28179.64,1.09
M0079666,N,75,0,1435.09,0,0,0,728.23,456.01,0.21
M0079667,N,67,2,12455.78,0,0,2,3259.13,7562.45,2.14
M0079668,N,49,0,9567.15,0,0,0,3341.54,8099.48,0.0
M0079669,N,35,1,10996.12,0,0,0,5019.52,6059.99,0.38
M0079670,N,27,2,11777.84,0,2,0,2530.18,16189.94,0.79
M0079671,N,25,2,24554.73,0,2,0,15718.27,4514.62,2.07
M0079672,N,40,2,5468.28,0,2,0,1537.4,7233.14,1.05
M0079673,N,80,2,17531.81,0,0,0,4049.81,15039.64,2.03
M0079674,N,52,2,9140.51,0,0,0,5276.66,5411.7,2.11
M0079675,N,26,3,11326.78,0,0,1,2878.75,14750.18,1.21
M0079676,N,42,1,21668.04,0,1,0,6907.0,12212.62,2.33
M0079677,N,66,1,12036.0,0,1,0,1820.39,15234.96,1.3
M0079678,N,56,0,17397.35,1,1,2,4548.63,12128.34,1.07
M0079679,N,23,2,21670.3,0,1,0,3379.15,17367.55,0.59
M0079680,Y,39,5,207308.15,3,5,5,66875.57,138798.93,4.99
M0079681,N,50,1,15414.29,0,0,0,9822.12,4533.56,1.6
M0079682,N,76,2,21171.37,0,1,0,6619.39,16727.64,1.59
M0079683,N,28,2,11567.54,0,0,0,781.94,13768.97,1.22
M0079684,N,33,1,12706.75,0,2,0,3371.53,12614.09,1.38
M0079685,N,78,1,4613.02,0,0,0,1095.7,4156.45,0.28
M0079686,N,28,1,16678.92,0,0,1,5225.4,9216.85,0.84
M0079687,N,21,0,8265.95,1,0,0,692.41,9546.92,0.0
M0079688,N,24,1,15971.97,0,1,0,5725.31,10992.56,1.41
M0079689,N,46,1,7887.2,0,1,1,2008.65,5376.95,0.41
M0079690,N,44,1,12467.93,0,0,0,7519.39,4243.65,0.97
M0079691,N,58,1,23085.4,0,3,0,4578.99,17181.47,1.2
M0079692,N,69,2,6225.84,0,0,1,1907.0,6384.77,1.62
M0079693,N,27,0,4789.12,0,0,0,1277.64,3673.3,0.02
M0079694,N,36,2,4731.7,0,2,0,1310.4,4903.21,1.62
M0079695,N,31,0,3288.15,0,0,1,2419.99,3126.68,0.49
M0079696,N,33,1,6455.43,0,0,0,730.56,7305.11,0.43
M0079697,N,74,0,22933.6,0,0,1,4173.42,16074.82,0.04
M0079698,N,33,4,6947.68,0,0,1,2738.36,5360.43,0.0
M0079699,Y,36,7,223857.38,3,2,4,89562.53,193744.75,6.91
M0079700,Y,82,5,238468.87,2,3,4,98892.75,233613.08,8.8
M0079701,N,45,0,9764.37,0,0,0,1251.56,7728.39,1.62
M0079702,N,44,1,17656.76,0,2,1,12676.13,4658.46,1.54
M0079703,N,41,0,6864.77,1,0,0,4072.3,1833.29,0.44
M0079704,N,39,0,10289.36,0,0,2,3179.44,4899.32,1.37
M0079705,N,56,2,9820.67,0,2,0,1341.95,6781.37,1.41
M0079706,N,71,2,36535.0,0,1,0,1730.49,29716.32,1.33
M0079707,N,64,0,16477.48,1,0,0,3195.94,10839.45,1.5
M0079708,N,68,1,15979.05,0,0,0,2259.95,11739.45,0.9
M0079709,N,69,3,12956.14,0,2,1,1309.3,9489.41,0.45
M0079710,N,30,1,26491.27,0,2,1,1301.62,22421.25,2.95
M0079711,N,25,1,5129.53,0,0,0,5027.58,3852.03,2.54
M0079712,N,50,0,12717.98,0,2,1,3363.72,7769.79,0.09
M0079713,N,21,0,32225.08,0,0,0,4973.68,23576.65,1.35
M0079714,N,57,1,8194.7,0,0,0,1135.5,10418.61,0.46
M0079715,N,57,0,32684.9,0,2,0,2571.13,32994.09,1.18
M0079716,N,50,1,14602.8,1,0,0,3162.79,12756.48,1.91
M0079717,N,25,2,9041.76,0,1,1,1267.38,12456.3,1.45
M0079718,N,76,1,10127.97,0,0,0,3855.74,5664.04,0.93
M0079719,N,24,0,27030.75,2,0,1,6858.31,16632.06,2.19
M0079720,N,29,0,12605.58,0,0,0,6969.59,13373.66,1.85
M0079721,N,48,1,24192.33,0,1,0,4848.81,14580.92,1.28
M0079722,N,79,1,9595.79,0,1,1,1997.25,11230.95,2.32
M0079723,N,74,1,9551.99,1,1,0,1842.27,6139.03,0.13
M0079724,N,75,0,6616.94,0,0,0,2625.6,8572.75,1.8
M0079725,N,57,0,21666.24,0,0,0,4315.44,18454.43,1.13
M0079726,N,33,1,21748.44,0,1,2,5639.94,17071.5,2.93
M0079727,N,48,0,12632.08,0,0,0,1141.12,13533.92,1.72
M0079728,N,59,1,6167.58,0,0,0,2328.47,3535.79,0.63
M0079729,N,34,0,8648.21,0,0,0,1035.7,7614.14,0.75
M0079730,N,24,2,15330.4,0,1,0,4194.99,14024.23,2.2
M0079731,N,72,1,8797.73,0,0,0,3510.58,4893.35,0.84
M0079732,N,59,2,7075.18,0,0,0,1378.75,6212.15,0.61
M0079733,N,34,2,6467.01,1,0,0,1268.93,3899.26,0.29
M0079734,N,72,1,6741.16,0,0,0,2296.05,7023.12,0.0
M0079735,N,26,0,3701.01,1,1,0,1870.65,1670.14,1.75
M0079736,N,69,1,8679.98,0,0,0,5090.78,8220.3,1.27
M0079737,N,23,0,16846.54,0,0,2,8175.88,10664.14,2.34
M0079738,N,56,1,6497.44,0,1,0,3753.93,4328.96,0.36
M0079739,N,27,2,9781.56,0,2,1,476.37,9435.24,1.33
M0079740,N,32,0,4861.54,0,0,0,1496.66,5311.79,0.0
M0079741,N,20,2,14297.14,1,0,0,809.81,11044.44,0.0
M0079742,N,76,0,8520.98,1,1,0,2123.3,5824.03,1.03
M0079743,N,65,0,16543.41,0,2,2,3395.41,10187.95,1.91
M0079744,N,65,0,20148.33,0,1,0,9791.09,20795.59,0.68
M0079745,N,71,3,8816.94,0,0,0,4224.92,11050.23,0.78
M0079746,N,57,0,3199.06,0,2,0,1268.47,3576.71,2.34
M0079747,N,50,1,7087.67,0,1,0,3790.86,5287.11,0.83
M0079748,N,22,0,11976.54,0,0,1,1717.67,11106.46,0.0
M0079749,N,52,2,22671.63,0,1,0,7957.12,14684.43,2.42
M0079750,N,18,0,12292.94,0,1,0,1351.13,10481.99,2.02
M0079751,Y,84,2,207938.73,1,5,4,99286.68,91495.52,3.96
M0079752,N,55,3,11699.82,0,0,2,4794.62,6852.82,0.69
M0079753,N,19,3,17608.27,0,2,1,4400.86,21782.65,2.67
M0079754,N,41,2,9981.93,0,0,0,1490.36,13626.68,2.45
M0079755,N,66,1,16567.7,0,0,0,4505.66,14934.19,1.46
M0079756,N,68,1,5631.09,0,0,0,2536.4,5086.31,1.68
M0079757,N,38,0,26032.86,0,0,1,10778.03,12098.91,1.81
M0079758,N,35,1,24539.63,0,1,0,576.43,22064.74,0.34
M0079759,N,48,2,44932.17,0,3,0,7047.24,33636.32,0.31
M0079760,Y,53,5,260045.4,4,3,2,160802.42,94250.53,6.18
M0079761,N,18,1,4726.04,0,2,0,1717.96,3880.79,0.94
M0079762,N,62,1,24206.98,1,0,0,6301.33,17394.01,2.51
M0079763,N,64,2,8628.58,1,0,0,3229.08,10520.33,0.0
M0079764,N,53,1,19379.15,0,0,1,21467.31,4398.86,0.43
M0079765,N,62,1,27498.99,0,1,1,8911.6,13357.03,1.48
M0079766,N,65,1,12337.08,0,0,0,6308.66,5013.98,0.56
M0079767,N,48,0,4100.87,0,0,0,1547.75,2560.5,0.15
M0079768,N,78,1,8998.48,1,2,0,4447.87,4049.43,0.34
M0079769,N,69,1,5443.26,0,0,0,1064.54,3733.33,0.22
M0079770,N,35,0,17990.13,0,2,1,1433.6,23260.28,0.98
M0079771,N,56,1,16119.94,1,0,0,4838.22,15583.68,2.53
M0079772,N,50,0,10449.8,0,0,0,5385.2,5256.31,1.16
M0079773,N,29,1,7525.97,1,1,0,3960.21,6491.45,0.64
M0079774,N,51,2,14400.46,0,1,1,6121.46,10495.74,1.59
M0079775,N,61,1,17668.54,0,2,0,6586.86,15527.7,1.35
M0079776,N,75,2,17299.86,1,0,0,3600.46,12541.5,2.16
M0079777,N,47,2,5927.78,0,1,1,1704.99,4833.65,1.15
M0079778,N,26,0,5061.83,0,1,0,922.43,3115.15,0.59
M0079779,N,23,1,14904.39,0,0,0,2278.56,14787.34,0.76
M0079780,N,69,0,6675.6,0,0,3,3559.76,7723.8,1.29
M0079781,N,60,0,4702.87,0,0,0,774.97,5794.8,0.0
M0079782,Y,56,6,176137.58,2,6,3,72860.39,97857.23,5.68
M0079783,N,79,0,9023.95,0,0,0,4141.98,4875.43,0.43
M0079784,N,79,0,7628.28,1,0,0,3341.71,4913.71,0.26
M0079785,N,62,0,5727.38,1,1,0,1964.91,7079.22,0.0
M0079786,N,78,0,21482.89,0,0,1,6180.06,12326.95,2.14
M0079787,N,49,0,12692.82,0,0,0,4031.68,12267.43,1.28
M0079788,N,47,1,5037.57,0,1,0,946.78,3439.97,1.09
M0079789,N,68,1,10171.36,1,2,0,2968.89,13472.67,0.35
M0079790,N,66,2,17207.55,0,1,0,4560.87,17800.4,1.85
M0079791,N,18,2,16094.2,0,0,0,6883.28,7235.59,0.63
M0079792,N,35,2,25841.05,0,0,0,14676.17,11845.3,2.7
M0079793,N,53,1,7792.09,0,0,0,1509.1,7831.31,0.64
M0079794,N,57,1,9276.13,0,1,1,2370.03,8229.09,1.37
M0079795,N,47,1,11640.67,1,3,0,9062.2,11547.32,1.63
M0079796,N,51,0,14825.74,0,1,0,989.33,10756.01,1.01
M0079797,N,52,1,10553.42,0,3,0,1972.24,8223.74,0.31
M0079798,N,48,0,7734.55,0,1,0,5226.72,1781.45,0.75
M0079799,N,62,2,3901.56,0,0,0,2264.19,4357.12,0.0
M0079800,N,47,1,16832.62,0,1,0,8782.13,13237.15,0.0
M0079801,N,49,0,12718.29,0,0,0,2515.41,8345.17,1.05
M0079802,N,43,0,25780.97,0,0,0,7038.58,22860.41,0.88
M0079803,N,71,0,4500.03,0,0,0,502.08,4685.83,0.63
M0079804,N,47,0,5537.52,0,1,0,1537.29,4746.26,1.73
M0079805,N,63,2,6717.81,0,1,0,2680.96,7832.04,1.7
M0079806,N,77,2,3866.35,0,0,0,1137.79,4339.61,0.34
M0079807,Y,53,2,118496.94,3,1,1,21929.03,95963.44,3.02
M0079808,N,33,1,5644.22,1,0,0,2751.2,1860.36,0.28
M0079809,N,60,0,21559.37,0,2,0,7219.51,14861.23,2.29
M0079810,N,57,2,36315.18,1,1,2,2795.88,26343.87,2.51
M0079811,N,66,1,24957.43,2,0,0,18600.12,17730.6,2.18
M0079812,N,76,1,10120.16,0,1,0,5812.44,8851.98,1.47
M0079813,N,43,3,14207.08,0,1,0,4954.7,12649.47,2.04
M0079814,N,32,0,2722.98,1,0,0,330.32,2815.63,0.68
M0079815,N,68,2,18162.61,1,1,0,2213.81,16795.14,3.05
M0079816,N,25,2,10196.24,0,0,0,2337.28,6510.3,1.17
M0079817,N,42,0,4804.46,0,1,1,4460.89,4048.76,2.18
M0079818,N,41,0,2765.28,0,0,2,2532.33,2316.59,0.88
M0079819,N,36,0,3668.3,0,0,0,548.64,2430.84,0.35
M0079820,N,75,1,7451.98,0,0,0,1796.1,4255.02,1.41
M0079821,N,57,0,5545.83,0,0,0,1108.99,3400.74,0.73
M0079822,N,35,0,5642.09,0,0,0,2350.01,5455.3,1.18
M0079823,N,53,0,19950.78,0,1,0,4652.5,12595.79,1.36
M0079824,N,60,2,6763.35,0,1,0,1371.19,10168.57,0.0
M0079825,N,33,1,7974.26,1,1,2,3910.35,4493.72,0.95
M0079826,N,34,3,22885.42,1,1,1,5878.8,20607.4,2.05
M0079827,N,62,2,7815.66,0,0,0,2760.95,8086.48,0.0
M0079828,N,77,0,6495.0,0,0,0,3150.35,6281.99,2.48
M0079829,N,55,0,59552.93,0,0,1,1999.68,54306.42,1.65
M0079830,Y,41,7,330610.65,4,3,6,121143.33,256524.37,8.21
M0079831,N,48,0,15337.09,0,0,0,1702.9,11593.96,0.0
M0079832,N,18,2,14927.68,0,1,0,795.19,17935.55,1.26
M0079833,N,80,0,6937.05,0,0,0,2694.72,4875.65,1.55
M0079834,N,32,2,5038.55,0,0,0,2027.2,3527.32,0.93
M0079835,N,65,1,16958.35,1,0,0,6332.74,12088.29,2.01
M0079836,N,50,1,19283.36,0,0,0,2779.96,25029.1,0.56
M0079837,N,59,1,3297.36,0,1,0,1448.81,1617.08,0.0
M0079838,N,78,0,10788.56,0,0,0,2917.27,13165.73,0.68
M0079839,N,34,2,18018.99,0,2,0,2420.74,12060.55,1.78
M0079840,N,37,2,7947.73,0,0,0,3602.61,5466.25,2.18
M0079841,N,24,1,15564.26,0,1,1,3439.17,10207.35,2.31
M0079842,N,77,0,17519.57,0,0,0,5228.05,20930.05,0.88
M0079843,N,31,1,19173.57,0,0,0,2596.03,26551.42,1.54
M0079844,N,59,1,6618.49,0,0,0,1909.37,7780.95,1.15
M0079845,N,18,2,36710.36,1,3,0,9885.98,23692.17,3.01
M0079846,N,70,0,2016.68,0,2,0,1552.02,1775.98,0.43
M0079847,N,65,1,6200.82,0,0,0,4909.1,3191.37,1.41
M0079848,N,20,0,6026.28,0,0,0,2144.18,3019.25,0.0
M0079849,N,20,2,4161.85,0,2,0,3353.59,2491.65,0.94
M0079850,N,25,0,51922.5,0,0,0,21682.27,21527.55,1.09
M0079851,N,66,0,12130.7,0,1,0,3579.57,8574.54,1.33
M0079852,N,60,1,9723.85,0,1,0,2650.87,5333.97,0.68
M0079853,N,27,0,6162.26,0,1,0,1586.87,3603.37,0.0
M0079854,N,47,1,5969.37,0,0,0,2988.02,5024.96,2.18
M0079855,N,31,0,10020.93,0,2,0,1425.85,7617.14,1.67
M0079856,N,46,2,12051.71,0,0,0,2368.37,15066.93,1.85
M0079857,N,62,2,15665.62,0,1,2,5849.55,18556.52,1.12
M0079858,N,20,1,5082.33,0,0,0,1125.08,3796.6,0.48
M0079859,N,48,2,15499.87,0,1,0,9167.34,9902.31,1.15
M0079860,N,50,0,22062.68,0,1,0,4477.57,27701.44,1.18
M0079861,Y,74,5,235376.47,1,2,6,109571.11,153284.53,3.87
M0079862,N,47,2,15835.29,0,3,1,8440.11,6178.37,0.56
M0079863,N,40,1,10426.57,0,0,0,3832.78,12594.8,0.46
M0079864,Y,59,5,221934.26,3,6,3,61204.06,230761.76,2.99
M0079865,N,69,1,11973.21,0,0,1,967.39,13570.11,1.52
M0079866,N,52,1,3402.62,1,1,0,586.98,2312.55,0.28
M0079867,N,49,1,7796.38,0,2,0,5374.85,5977.67,0.0
M0079868,N,63,2,7661.92,0,0,0,1277.36,5395.51,0.69
M0079869,N,33,2,7673.87,0,0,1,4891.51,1778.92,1.32
M0079870,N,80,2,5084.33,0,0,0,871.38,3914.62,0.08
M0079871,N,47,0,4236.51,0,0,1,1728.4,4660.06,1.71
M0079872,N,61,1,7897.59,0,0,0,4463.31,5315.55,0.65
M0079873,N,50,1,9917.89,0,1,1,4194.51,5788.59,3.09
M0079874,N,64,1,11297.08,3,1,1,4927.51,7939.79,1.18
M0079875,N,57,1,8742.83,0,0,0,3262.71,8912.32,0.24
M0079876,N,20,0,11748.1,1,0,0,951.58,10326.38,0.0
M0079877,N,21,2,5805.99,0,0,0,2620.16,4655.0,2.73
M0079878,N,32,0,16870.85,0,1,0,2692.77,10733.87,1.35
M0079879,N,58,2,7420.52,0,1,0,3055.23,10246.01,1.36
M0079880,N,77,1,10148.3,0,3,0,4811.42,4832.28,1.67
M0079881,N,40,2,19292.58,0,1,0,3300.55,17149.6,0.57
M0079882,N,70,0,9522.17,0,0,0,3727.92,6395.08,1.19
M0079883,N,49,0,14510.7,0,0,0,4065.37,12475.18,1.98
M0079884,N,44,0,10632.5,0,0,0,2175.61,7466.63,0.13
M0079885,N,59,4,25333.84,0,0,0,3882.88,22122.47,3.27
M0079886,N,30,1,5656.19,1,1,1,2642.17,3919.92,2.8
M0079887,N,41,0,12526.97,1,1,0,2919.43,17653.98,0.85
M0079888,N,67,1,19854.28,0,0,1,1281.05,14867.06,2.12
M0079889,N,75,0,5982.8,0,2,0,1341.82,6293.64,0.0
M0079890,N,18,0,10063.72,1,0,0,1989.91,8618.37,1.15
M0079891,N,74,1,17014.28,0,1,0,4513.87,10795.77,1.33
M0079892,N,22,1,11569.3,0,0,0,2599.05,8958.24,0.0
M0079893,N,21,0,15997.6,1,1,2,5356.13,10362.68,0.36
M0079894,N,24,2,33702.61,1,0,1,7628.62,25209.99,0.14
M0079895,N,56,0,25578.91,1,1,0,7567.36,17404.18,3.34
M0079896,N,55,0,11719.72,0,2,1,7718.05,4917.96,1.07
M0079897,N,40,0,21466.23,0,1,0,6700.02,12593.34,0.48
M0079898,N,78,1,14249.61,0,2,1,1993.5,14544.69,1.53
M0079899,N,73,1,7013.78,0,1,0,1087.58,6206.43,2.17
M0079900,N,35,0,8975.73,0,0,1,3674.23,4212.68,1.59
M0079901,N,20,0,7346.63,1,0,1,3440.45,6778.41,0.48
M0079902,N,18,1,10832.27,0,3,1,3648.99,9760.18,0.87
M0079903,N,75,2,34513.19,0,2,0,9322.05,19589.46,3.08
M0079904,N,26,5,27347.21,1,0,0,2308.21,28058.42,2.29
M0079905,Y,49,5,139819.12,1,1,1,125689.01,68802.06,3.61
M0079906,N,78,3,39892.53,1,0,3,15438.62,22484.55,1.95
M0079907,N,37,1,11666.17,0,0,0,1665.85,9112.16,0.03
M0079908,N,66,0,7092.63,0,0,0,3633.0,3003.67,0.0
M0079909,N,49,0,4349.46,0,0,0,1792.75,2672.98,0.62
M0079910,N,49,2,4235.2,0,2,0,469.34,4635.49,0.21
M0079911,N,64,0,2869.43,0,0,0,632.96,4057.27,0.65
M0079912,N,67,1,42076.29,0,0,0,17171.24,16184.28,1.84
M0079913,N,33,1,16338.64,0,0,1,1255.43,12156.34,2.09
M0079914,N,64,0,3971.4,0,1,1,1697.82,2872.59,0.84
M0079915,N,24,0,11831.47,0,1,0,2804.47,7109.38,1.0
M0079916,N,60,0,5851.09,0,2,0,1313.52,5312.57,0.39
M0079917,N,71,0,3714.11,0,0,0,1539.79,3930.47,0.71
M0079918,N,50,1,18590.71,0,0,0,4103.47,12742.33,1.6
M0079919,N,65,2,4887.65,0,0,0,1404.55,7006.84,1.7
M0079920,N,53,1,7593.46,1,0,0,4477.65,3482.2,0.1
M0079921,Y,62,5,331570.56,4,2,4,177334.5,138507.22,4.66
M0079922,N,39,1,16379.85,0,0,0,5338.71,15118.71,1.19
M0079923,Y,80,2,152228.07,1,4,4,48337.86,108000.63,2.82
M0079924,N,47,0,29455.89,0,1,0,20339.3,19868.01,0.38
M0079925,N,56,1,17671.5,0,0,0,4093.08,11960.64,0.77
M0079926,N,24,4,19316.48,0,1,0,1549.33,23334.02,0.0
M0079927,N,74,1,5184.58,0,0,1,284.51,5697.83,0.29
M0079928,N,65,2,12188.75,0,1,0,2279.52,7366.15,0.99
M0079929,N,63,0,17544.95,0,1,0,4861.26,9495.79,0.9
M0079930,N,48,1,7355.09,0,0,0,2638.04,5542.13,0.07
M0079931,N,43,0,6588.91,0,0,0,1114.32,9190.0,0.32
M0079932,N,18,2,20035.8,0,2,0,3609.31,19586.19,3.08
M0079933,N,37,1,15731.3,1,1,1,5722.65,9677.76,1.97
M0079934,Y,68,6,209861.26,2,6,3,42530.2,186385.5,5.5
M0079935,N,33,3,7642.75,0,0,0,1929.88,9346.44,2.13
M0079936,N,79,2,42054.61,0,1,0,5748.48,27125.58,1.24
M0079937,N,79,0,8407.05,0,0,0,415.23,10751.2,0.44
M0079938,N,65,1,7630.76,0,1,0,2005.32,10363.84,0.43
M0079939,Y,47,7,672899.55,5,5,6,270475.76,325604.53,5.18
M0079940,N,40,0,11596.65,0,2,0,10250.92,6083.1,1.26
M0079941,N,45,1,14399.52,0,2,0,2424.83,14799.98,2.42
M0079942,N,33,1,7217.12,0,2,0,2099.06,10205.37,0.7
M0079943,N,61,2,9512.41,1,0,1,2359.99,5492.96,1.21
M0079944,N,69,0,16979.58,0,0,0,3517.05,26294.42,0.0
M0079945,N,28,1,6406.33,0,0,0,1792.09,4894.14,1.26
M0079946,N,63,3,14149.15,0,1,0,5514.89,15911.16,0.89
M0079947,N,20,0,6216.25,0,0,0,4202.7,3278.12,0.0
M0079948,N,34,2,10394.71,0,0,0,2070.43,6479.56,2.3
M0079949,N,75,1,17970.0,1,2,0,7623.25,11728.5,1.47
M0079950,N,33,1,8615.57,0,0,0,1155.32,10327.47,0.0
M0079951,N,58,1,18004.05,0,2,1,3195.74,28582.91,0.06
M0079952,N,32,0,5205.13,0,1,0,2229.59,6044.75,2.4
M0079953,N,80,0,4688.49,0,0,0,4584.19,3045.35,0.09
M0079954,N,68,2,24685.94,1,2,0,4614.93,16329.37,2.09
M0079955,N,26,3,19773.52,0,0,0,3397.13,14592.54,2.51
M0079956,N,74,0,7629.29,0,1,0,1080.95,9361.48,1.82
M0079957,N,31,2,10138.8,0,2,0,4841.49,5063.8,0.68
M0079958,N,42,1,6047.13,0,0,0,1395.18,3846.3,1.59
M0079959,N,46,1,10969.77,0,0,0,2227.62,6809.86,0.08
M0079960,N,23,1,1884.59,0,0,0,671.15,2020.75,0.93
M0079961,N,19,1,13533.11,2,1,0,2435.95,11143.22,3.63
M0079962,N,47,2,33773.8,0,2,0,8569.76,19820.32,2.03
M0079963,N,22,2,12354.48,1,1,0,1877.2,10573.58,0.78
M0079964,N,30,0,10930.88,0,0,1,525.17,9329.8,1.05
M0079965,N,43,2,3725.09,0,1,0,1842.02,2636.04,1.81
M0079966,N,51,1,15023.73,1,2,0,1862.3,17711.34,2.68
M0079967,N,34,1,6474.94,0,3,0,1493.26,5521.86,1.26
M0079968,N,25,1,28412.47,1,0,1,10832.07,12379.68,1.54
M0079969,N,63,1,5136.17,0,0,0,2146.0,3034.12,1.32
M0079970,N,67,0,8540.52,0,1,0,4177.38,8151.56,0.0
M0079971,N,61,0,8759.43,0,0,1,2976.2,5853.21,2.06
M0079972,N,33,1,13912.76,0,3,2,2955.05,10187.13,2.29
M0079973,N,45,1,3085.83,0,0,0,728.28,2454.34,1.65
M0079974,N,67,1,10831.5,0,0,0,4370.04,5214.04,1.78
M0079975,N,50,1,3438.44,0,0,0,1560.73,3495.9,0.0
M0079976,N,63,0,5856.34,0,1,0,4611.48,4386.38,1.42
M0079977,N,79,0,9045.59,0,1,1,4100.52,10756.23,0.56
M0079978,N,28,0,3357.58,0,0,0,1606.69,2060.44,0.06
M0079979,N,37,1,10619.5,0,1,0,3607.94,9983.38,0.15
M0079980,N,27,3,27613.89,0,3,0,8287.55,15368.05,2.29
M0079981,N,70,2,21179.55,0,1,0,6001.09,15282.07,2.02
M0079982,N,52,2,15328.95,1,1,0,11759.07,6423.64,1.0
M0079983,N,46,1,17232.03,1,0,0,2818.62,14769.6,0.51
M0079984,N,73,1,51401.47,1,1,2,21300.61,31725.37,2.86
M0079985,N,40,0,5613.56,0,0,0,2072.48,5392.05,0.74
M0079986,N,39,2,10879.1,0,0,0,6228.87,7117.63,1.73
M0079987,N,24,1,22294.49,0,1,1,3634.64,16057.14,1.03
M0079988,N,74,1,14773.86,0,2,2,2366.38,12929.1,0.0
M0079989,N,56,1,8284.66,1,0,0,1684.54,7239.14,2.3
M0079990,N,32,0,8445.12,0,0,0,2122.55,5710.1,1.06
M0079991,N,18,0,11424.78,0,0,0,1257.01,9911.25,0.66
M0079992,N,60,2,13783.59,2,0,0,5032.35,14000.02,0.87
M0079993,N,70,0,3587.51,0,0,0,1645.41,3390.59,1.5
M0079994,N,23,1,12041.1,0,0,1,5812.5,10571.13,3.0
M0079995,N,47,0,19808.22,0,0,0,4084.3,14393.88,2.24
M0079996,N,19,0,22549.93,1,0,0,4376.36,25349.43,1.83
M0079997,N,36,2,17495.39,2,2,0,4770.41,10592.94,1.16
M0079998,N,33,0,16407.66,0,1,0,9775.79,17658.62,0.25
M0079999,N,36,2,8236.45,0,0,0,3163.23,5543.96,0.83
M0080000,N,54,2,6878.52,1,0,0,2345.35,3502.73,0.79
M0080001,N,39,0,20536.44,1,2,0,3925.91,13657.88,2.02
M0080002,N,48,0,10189.67,0,1,2,2168.81,8119.81,0.58
M0080003,N,29,0,21260.37,1,0,0,1599.96,20441.73,2.05
M0080004,N,55,1,8145.46,0,0,0,2074.6,9001.65,1.23
M0080005,N,65,2,22982.14,0,0,0,1945.49,18776.01,1.03
M0080006,N,72,1,16724.08,0,2,0,2246.41,14721.41,0.48
M0080007,N,29,2,10718.81,0,2,1,4007.11,14266.94,2.68
M0080008,N,34,2,11552.44,1,3,0,1964.64,8188.83,2.62
M0080009,N,53,1,8859.51,0,1,0,3790.19,3949.67,0.08
M0080010,N,36,0,19178.99,0,2,0,3686.95,13739.55,1.5
M0080011,N,66,1,9024.24,0,0,2,3782.03,8242.77,1.4
M0080012,N,68,1,5261.49,0,1,2,771.72,4370.68,0.46
M0080013,N,63,3,9294.99,0,0,0,7003.92,8158.63,2.6
M0080014,N,19,0,25508.53,0,0,0,11359.62,14078.67,2.95
M0080015,N,65,2,6271.71,0,1,0,2103.28,4223.36,1.56
M0080016,N,47,1,14977.57,0,1,0,5373.72,6414.53,0.04
M0080017,N,30,0,15165.14,1,2,0,1234.04,23238.94,0.0
M0080018,N,45,2,9166.86,0,0,0,4387.2,7682.43,2.39
M0080019,N,39,1,9762.87,0,1,0,3813.05,4416.49,1.24
M0080020,N,69,1,11528.43,1,1,0,2088.49,9442.48,1.25
M0080021,N,78,0,6557.78,0,0,0,3213.42,4515.96,0.12
M0080022,N,79,1,24462.41,0,1,0,6590.95,17959.79,1.21
M0080023,N,23,1,15963.17,0,1,0,1570.86,16561.63,0.66
M0080024,N,33,4,28865.41,0,2,0,11543.7,34466.19,3.83
M0080025,N,55,0,5581.79,0,0,0,1389.6,5707.86,0.0
M0080026,N,61,0,12029.72,0,0,2,4404.71,4996.88,0.34
M0080027,N,48,2,24267.87,0,1,0,949.19,19073.0,1.39
M0080028,N,43,1,13086.42,0,0,1,2766.25,14028.81,0.87
M0080029,N,72,2,7831.25,0,1,0,4281.38,4614.97,0.49
M0080030,N,46,0,22295.16,0,0,1,7015.27,17851.71,0.44
M0080031,N,32,1,9838.81,0,1,0,3485.65,6486.64,0.58
M0080032,N,71,2,10535.63,1,2,1,4248.36,10316.39,1.3
M0080033,N,74,1,6762.88,1,2,0,2399.75,3730.11,1.4
M0080034,N,29,1,21371.32,0,0,0,12750.7,9573.77,2.52
M0080035,N,33,2,15650.31,0,1,0,9960.02,14001.09,1.29
M0080036,N,51,2,22896.44,0,1,1,10440.79,25787.01,1.65
M0080037,N,56,3,62947.41,1,1,0,4466.08,109218.86,3.14
M0080038,N,37,1,3261.36,0,2,0,1084.84,3112.85,0.32
M0080039,N,51,2,17718.79,0,2,0,3127.02,21439.16,0.5
M0080040,N,75,0,6377.45,0,0,0,1013.09,7957.12,0.22
M0080041,N,66,1,12476.44,1,0,0,1277.47,8848.18,0.82
M0080042,N,70,0,13552.05,0,1,0,7619.99,7461.13,0.41
M0080043,N,35,0,8721.18,1,0,0,2820.28,4265.53,0.41
M0080044,N,31,0,4842.73,0,0,0,764.97,5948.64,0.35
M0080045,N,63,0,15890.59,0,0,0,4985.34,8811.87,1.09
M0080046,N,64,0,2034.68,0,0,0,502.74,2085.32,0.93
M0080047,N,48,1,4499.92,0,2,0,828.92,5040.16,0.9
M0080048,N,57,2,13309.91,0,0,0,1045.75,11886.45,0.88
M0080049,N,28,0,13153.76,1,1,0,1092.74,21161.22,0.47
M0080050,N,71,1,3083.09,1,1,0,931.34,3673.88,0.0
M0080051,N,68,1,8675.41,0,2,0,2082.85,13125.03,0.25
M0080052,N,18,1,6928.26,0,0,0,1682.84,5218.42,0.0
M0080053,N,52,1,9111.85,0,0,1,6670.25,8768.42,1.0
M0080054,N,35,0,3785.01,0,2,0,1100.33,4695.33,2.23
M0080055,N,68,1,9569.52,0,0,0,7149.94,4167.2,1.32
M0080056,N,78,1,8780.05,1,1,1,6361.02,7438.73,1.61
M0080057,N,73,2,4148.16,1,0,0,943.34,6580.01,1.33
M0080058,N,37,2,13843.04,0,0,0,4899.38,10803.16,1.2
M0080059,N,21,0,7709.14,0,0,0,3009.16,7732.77,1.45
M0080060,N,21,1,19808.51,0,0,0,3471.5,15027.03,0.1
M0080061,N,50,2,8554.8,1,1,0,1497.79,5704.14,0.0
M0080062,N,63,4,10357.49,0,1,0,3836.38,7326.24,0.22
M0080063,N,21,0,41681.4,0,2,0,4968.62,35737.84,2.36
M0080064,N,42,0,15608.27,0,1,1,6248.59,12509.12,1.25
M0080065,N,76,1,15022.88,1,0,1,8341.35,7703.01,1.27
M0080066,N,54,1,13089.67,0,0,0,7012.11,7244.63,0.61
M0080067,N,34,0,30125.74,0,1,0,11963.04,12507.61,2.23
M0080068,N,22,0,8765.62,0,0,0,1278.33,10299.72,2.31
M0080069,N,71,2,4380.53,0,1,0,1681.93,5382.34,0.0
M0080070,Y,58,6,142453.92,7,2,3,88302.29,112991.82,6.51
M0080071,N,28,1,20867.32,0,2,0,3589.8,13926.12,0.68
M0080072,N,66,0,12889.59,1,0,1,1831.99,10964.22,0.63
M0080073,N,48,0,7492.35,0,1,0,3332.17,3564.24,0.03
M0080074,N,76,1,10400.65,0,0,0,1368.08,11550.63,0.4
M0080075,N,47,2,20586.96,0,0,0,2084.49,16319.53,1.17
M0080076,Y,71,6,277501.9,5,4,4,107679.03,180660.87,5.68
M0080077,N,53,3,17365.13,0,2,1,3572.08,14630.79,1.31
M0080078,N,40,1,3588.19,1,0,0,481.62,3524.2,1.4
M0080079,N,78,1,31162.66,0,1,1,6924.38,30254.13,2.48
M0080080,N,31,2,9574.6,0,2,1,3083.2,13684.6,1.02
M0080081,N,75,0,13024.99,0,2,0,8510.3,6695.13,1.36
M0080082,N,28,2,6710.53,0,0,1,2658.6,4422.77,0.93
M0080083,N,37,2,30351.26,0,1,0,2817.63,32586.07,1.36
M0080084,N,41,1,14652.77,0,0,0,2288.28,12962.08,1.56
M0080085,N,49,1,2520.32,0,1,0,1481.1,2722.51,1.45
M0080086,N,21,0,4700.99,0,0,0,2657.94,3772.95,0.62
M0080087,N,29,0,5803.23,1,0,0,1882.54,5647.45,0.17
M0080088,N,54,0,8342.19,0,1,2,1243.19,6880.13,0.0
M0080089,N,52,0,10326.67,0,2,0,4610.06,5254.98,1.78
M0080090,N,65,0,6135.73,1,0,0,1615.41,4106.38,1.41
M0080091,N,47,3,5204.87,1,1,0,3044.36,4949.24,0.0
M0080092,N,70,1,11482.53,1,2,0,2755.28,15118.47,2.1
M0080093,N,36,0,4220.44,1,0,0,1643.97,3384.32,1.59
M0080094,N,59,1,6371.17,0,0,0,2388.32,3223.62,0.01
M0080095,N,76,0,18035.77,0,0,0,3531.58,13753.36,0.0
M0080096,N,49,0,5783.08,0,0,0,1189.24,4343.8,1.21
M0080097,N,19,0,4234.25,0,0,0,1249.69,2803.45,0.0
M0080098,N,78,1,16853.84,0,0,2,7829.53,12319.22,0.0
M0080099,N,41,1,4375.76,0,0,1,1263.6,3455.52,1.0
M0080100,N,58,1,11362.15,0,3,0,7570.9,10086.52,0.51
M0080101,N,28,2,14160.91,0,2,0,7017.99,4581.15,1.49
M0080102,N,79,2,8014.74,0,1,0,2001.09,7991.03,1.06
M0080103,N,58,2,5906.23,0,2,0,2007.07,4001.99,0.0
M0080104,N,64,2,2467.33,0,0,0,1473.12,1777.72,0.08
M0080105,N,68,2,26173.04,0,0,0,4323.77,28424.03,1.31
M0080106,N,79,0,2582.77,1,0,0,557.15,3032.81,0.7
M0080107,N,54,1,12602.7,0,0,0,5656.7,14039.0,1.44
M0080108,N,47,0,33178.97,0,2,1,7386.22,22381.78,1.74
M0080109,N,44,1,3139.48,0,1,0,1228.45,1882.94,1.61
M0080110,N,39,4,16447.92,2,3,0,3364.67,10519.64,1.95
M0080111,N,45,2,13314.65,0,0,0,5458.87,7728.36,1.17
M0080112,N,75,1,6997.73,0,2,0,2076.98,6813.53,0.81
M0080113,N,70,2,5049.54,0,0,1,1861.11,6812.42,2.36
M0080114,N,71,1,21177.64,1,0,1,7853.51,12269.96,2.24
M0080115,Y,49,5,310661.29,6,7,5,158524.19,208470.12,7.15
M0080116,N,28,0,19922.82,1,0,0,529.69,28996.69,0.43
M0080117,N,56,0,4031.76,0,2,0,982.62,5333.53,0.53
M0080118,N,18,2,7128.17,0,0,0,1995.41,10826.53,0.55
M0080119,N,20,2,5870.55,0,0,0,5188.49,3842.23,0.81
M0080120,N,41,4,8973.5,0,2,0,1860.85,8864.59,2.24
M0080121,N,58,2,4064.34,1,0,0,1721.33,4424.44,1.13
M0080122,N,68,2,9234.52,0,0,0,3402.82,6109.01,1.36
M0080123,N,42,0,5180.67,0,0,0,818.46,6935.13,0.02
M0080124,N,59,2,10779.96,1,0,0,10564.03,8540.74,1.1
M0080125,N,19,1,14384.16,0,0,0,4984.41,6664.62,2.23
M0080126,N,28,1,16519.45,0,2,1,4558.82,13499.83,1.65
M0080127,N,48,0,10989.56,0,1,1,3841.84,5253.97,0.0
M0080128,N,75,0,4853.03,0,0,0,1964.93,6089.17,1.6
M0080129,Y,67,4,258785.45,5,4,4,60285.49,165594.25,2.62
M0080130,N,51,1,33283.67,0,1,1,6528.28,27755.71,0.89
M0080131,N,28,4,6324.51,1,1,0,4989.99,5303.48,1.49
M0080132,N,19,3,30527.13,0,1,1,4559.45,22336.82,2.06
M0080133,N,41,2,16065.79,0,0,0,1195.71,14418.06,2.26
M0080134,N,58,0,4942.51,0,0,0,1424.25,3957.57,0.21
M0080135,Y,81,6,199269.21,4,5,4,79692.43,203756.41,6.16
M0080136,N,70,1,58938.2,0,0,0,30037.44,17035.46,0.41
M0080137,N,79,2,15237.71,1,1,0,6415.07,20771.09,1.91
M0080138,N,62,0,33430.64,0,1,0,12032.87,32906.4,2.47
M0080139,N,25,1,10475.89,1,0,1,4191.5,6491.28,0.39
M0080140,N,48,1,9388.55,0,1,0,1013.55,6329.86,0.69
M0080141,N,33,0,24342.16,0,2,0,12924.58,11482.47,1.85
M0080142,N,67,1,19009.14,0,2,0,8575.58,7898.21,1.49
M0080143,N,28,0,6371.04,1,0,0,5629.36,3314.75,1.67
M0080144,N,42,0,20057.11,0,0,0,1144.71,14861.07,1.37
M0080145,N,44,3,21551.3,0,1,0,8997.81,14637.51,1.4
M0080146,N,36,2,6037.43,0,0,1,783.28,5532.54,0.31
M0080147,N,72,2,29402.85,0,2,0,3979.99,25382.25,0.0
M0080148,N,70,0,4664.26,0,0,0,1108.79,6981.62,0.0
M0080149,N,39,0,10082.55,0,0,0,3290.46,5926.69,0.0
M0080150,N,70,1,9138.44,0,2,0,1949.31,7029.76,0.72
M0080151,N,64,0,22124.01,0,0,0,4319.63,17208.93,2.3
M0080152,N,63,1,5431.13,1,0,0,1069.04,4062.61,1.26
M0080153,N,61,1,14114.25,0,0,0,4468.22,18990.59,0.6
M0080154,N,20,1,22684.57,0,1,0,15005.01,5399.26,0.34
M0080155,N,80,2,26422.71,0,0,1,17132.06,12975.54,2.8
M0080156,N,55,1,1994.86,0,0,0,325.7,1260.57,0.96
M0080157,N,51,0,23454.66,1,2,0,2633.91,15802.75,1.44
M0080158,N,41,0,15595.82,0,0,0,1891.71,16083.41,2.49
M0080159,N,68,0,3682.53,0,0,0,2075.15,2411.05,0.0
M0080160,N,56,1,9290.77,0,1,0,1305.65,7638.65,0.65
M0080161,N,26,0,17025.27,1,1,0,3886.74,11624.6,1.84
M0080162,N,78,0,13295.19,0,0,0,1912.54,19043.09,0.65
M0080163,N,61,2,22954.16,0,2,0,2393.83,15678.34,1.41
M0080164,N,28,1,10553.71,0,0,0,651.16,8331.82,0.5
M0080165,N,74,2,26979.69,0,2,0,7560.31,18368.79,0.99
M0080166,N,63,1,4564.49,1,0,0,3445.6,2843.75,0.31
M0080167,N,25,1,9991.39,0,1,0,1818.43,6166.76,1.24
M0080168,N,62,1,5866.4,0,1,0,1653.41,8941.7,1.0
M0080169,N,23,0,11142.24,0,3,0,5451.41,5893.29,1.21
M0080170,Y,81,7,205914.08,1,5,2,74929.72,137874.57,2.87
M0080171,N,28,2,24443.43,0,2,1,1995.14,39613.35,2.74
M0080172,N,60,2,7566.64,0,0,0,3113.27,5719.47,2.99
M0080173,N,35,2,3811.1,0,0,0,3052.95,2850.8,1.84
M0080174,N,36,2,16449.96,0,0,0,4344.22,15527.01,2.52
M0080175,N,78,2,15959.34,1,1,1,3400.92,12554.25,2.83
M0080176,N,29,0,2593.93,0,0,0,1307.34,1651.37,0.42
M0080177,N,58,1,31556.77,0,1,0,7359.25,24493.44,1.14
M0080178,Y,74,8,148129.77,4,3,5,87866.45,91531.48,6.73
M0080179,N,68,2,28726.96,0,2,0,5429.61,17373.12,0.66
M0080180,N,21,0,12811.18,0,0,0,2755.86,8678.44,0.38
M0080181,N,22,1,5040.82,0,1,0,998.08,6292.45,1.1
M0080182,N,79,0,20639.82,0,0,0,7703.71,16483.49,0.87
M0080183,N,42,2,11560.88,0,2,0,5370.25,6497.61,0.46
M0080184,N,47,1,4347.16,0,0,0,1122.06,5898.77,0.55
M0080185,N,64,2,15902.13,2,1,0,1047.01,14774.41,1.52
M0080186,N,40,2,11159.89,0,1,2,9384.56,10353.34,1.72
M0080187,N,53,1,24287.35,0,1,0,10866.45,9975.56,2.12
M0080188,N,29,2,33367.46,1,1,1,3440.43,22796.11,3.17
M0080189,N,46,0,4039.47,0,0,0,3297.37,2658.31,1.78
M0080190,N,35,0,7454.48,0,1,0,1351.0,8248.64,0.24
M0080191,Y,83,6,479536.1,6,4,6,280842.51,349144.43,5.73
M0080192,N,45,0,21997.09,0,1,0,926.21,18771.77,0.45
M0080193,N,62,1,3716.24,0,0,0,746.1,4023.93,1.67
M0080194,N,20,0,5127.71,0,0,0,1231.93,3196.17,0.68
M0080195,N,40,2,24424.27,1,3,1,8547.23,27055.84,0.77
M0080196,N,58,1,30946.24,0,2,1,7435.53,17454.4,2.54
M0080197,N,54,0,4386.99,0,0,0,3100.69,4337.52,1.51
M0080198,N,46,2,13271.98,0,0,1,5212.15,7424.66,1.73
M0080199,N,59,1,53314.6,0,0,1,11148.87,31194.32,2.34
M0080200,N,53,1,7122.36,0,0,0,2255.81,3583.01,0.58
M0080201,N,29,0,9573.92,0,1,0,2015.53,9560.15,0.37
M0080202,N,63,0,31386.22,2,2,1,3982.7,24932.97,1.72
M0080203,N,54,0,3415.77,0,1,0,943.49,2760.89,0.2
M0080204,N,77,0,13507.39,0,2,1,5067.93,11625.66,1.44
M0080205,N,30,0,2374.17,0,0,0,554.33,3518.26,0.46
M0080206,N,59,2,6775.15,1,1,0,3010.24,9267.35,0.97
M0080207,N,26,1,2716.09,0,1,1,1360.68,2479.27,0.72
M0080208,N,42,0,8304.96,0,0,0,4762.92,10220.01,1.34
M0080209,N,49,2,8849.78,0,0,0,2046.24,6006.15,0.0
M0080210,N,56,2,31604.87,0,1,0,12987.61,12065.9,3.62
M0080211,N,31,2,20072.8,0,0,0,7540.35,9738.98,2.2
M0080212,Y,70,6,335209.47,4,5,5,75104.54,276433.85,5.91
M0080213,N,70,0,7981.03,0,1,0,1151.59,8808.5,0.29
M0080214,N,67,0,14158.68,0,1,1,2308.87,9675.57,0.54
M0080215,N,64,0,1637.22,0,0,0,517.73,1831.88,0.79
M0080216,N,20,1,9106.62,0,1,0,2967.93,12625.76,1.33
M0080217,N,61,0,8295.8,0,0,0,1552.86,7791.73,1.45
M0080218,N,34,2,21539.98,1,0,0,2960.8,18912.16,2.06
M0080219,N,19,0,5776.76,0,2,0,1417.33,4546.29,1.44
M0080220,N,31,0,7236.94,1,1,1,3163.24,4566.4,2.26
M0080221,N,70,0,2877.75,0,0,1,242.33,2062.09,0.72
M0080222,N,25,1,37787.44,1,1,0,1620.21,28411.59,1.98
M0080223,N,47,0,39220.15,1,0,0,1505.88,29574.93,1.79
M0080224,N,72,0,2734.49,0,0,0,2423.84,2301.57,0.42
M0080225,N,24,1,8854.43,0,2,0,4281.68,3342.39,0.92
M0080226,N,65,0,11655.85,0,0,0,5170.75,10462.42,0.39
M0080227,N,31,1,5747.82,0,1,0,1799.75,4249.73,1.1
M0080228,N,24,2,21105.59,0,0,0,4510.39,11998.59,0.17
M0080229,N,75,0,3579.51,1,0,0,959.01,2779.7,0.02
M0080230,N,75,1,4480.15,0,1,1,849.84,4653.62,0.31
M0080231,N,64,2,14222.35,0,3,0,3030.74,13605.5,1.28
M0080232,N,29,0,5867.44,0,0,0,1002.44,8954.11,0.23
M0080233,N,29,0,16040.31,1,0,1,5241.85,14100.1,0.31
M0080234,N,59,2,11621.35,1,1,2,7404.52,6454.16,1.11
M0080235,N,62,0,2445.7,1,0,1,552.09,1363.51,0.0
M0080236,N,77,1,27417.48,0,0,0,5791.68,16259.43,1.24
M0080237,N,58,2,11666.25,1,1,0,9122.1,6602.55,1.18
M0080238,N,49,1,10015.19,0,0,0,3793.36,10491.54,1.4
M0080239,N,69,3,13775.66,0,0,0,3136.73,19226.67,1.9
M0080240,N,28,0,12088.89,0,0,0,6377.17,11397.77,1.39
M0080241,N,62,3,12231.14,0,1,0,6160.86,5660.16,1.26
M0080242,N,73,1,4517.17,0,0,0,1019.9,3427.22,0.0
M0080243,N,66,1,18189.81,0,0,1,7306.91,18513.19,1.93
M0080244,N,49,1,17575.07,1,0,1,4550.39,13576.89,1.9
M0080245,N,47,2,12928.85,0,0,0,4302.19,13591.41,0.44
M0080246,N,18,1,16757.38,0,1,0,4392.31,10416.78,1.24
M0080247,Y,81,2,316613.38,2,2,6,80241.57,198844.96,3.68
M0080248,N,24,2,2386.22,0,0,0,1574.86,1479.4,2.14
M0080249,N,19,1,13094.24,0,2,0,4251.84,15869.01,2.4
M0080250,N,51,1,10742.27,0,0,0,6009.01,5371.45,0.0
M0080251,N,37,1,3222.69,0,0,0,828.12,2260.22,1.89
M0080252,N,27,1,8360.49,0,0,0,1889.24,6939.78,1.54
M0080253,N,45,3,19395.27,0,0,0,2085.84,18566.17,0.44
M0080254,N,48,1,18737.56,2,0,0,4862.67,15912.27,0.13
M0080255,N,62,0,3612.22,0,3,1,1942.47,1562.11,0.15
M0080256,N,21,1,9091.12,0,0,0,1506.4,8903.35,2.77
M0080257,Y,79,5,182797.25,1,6,4,77569.96,119519.45,4.68
M0080258,N,75,0,38263.77,0,2,0,7832.59,35815.35,0.68
M0080259,N,69,1,7898.32,0,1,1,2456.89,9986.81,0.28
M0080260,N,60,0,7487.32,0,1,0,1249.27,5415.92,0.0
M0080261,N,60,1,7733.99,0,0,0,1282.49,5154.61,0.33
M0080262,N,56,0,11864.52,1,1,0,3038.89,7215.84,1.56
M0080263,N,24,2,6009.68,0,1,1,684.22,9429.45,0.0
M0080264,N,20,3,19038.94,0,2,0,3028.24,13603.65,1.89
M0080265,N,33,1,6484.13,1,0,0,4364.75,4237.28,0.78
M0080266,N,60,2,12435.49,0,0,0,3425.85,9211.46,1.26
M0080267,N,67,1,6827.87,0,0,0,1653.23,5647.14,2.12
M0080268,N,80,2,13768.67,0,1,1,1296.02,16022.51,0.48
M0080269,N,62,2,41144.26,0,1,0,6929.52,46579.15,0.29
M0080270,N,41,1,10837.66,1,0,1,1224.47,9655.47,1.14
M0080271,N,50,1,18650.58,1,0,1,4319.0,19225.17,1.58
M0080272,N,23,0,18762.55,0,1,0,8276.97,7042.49,1.42
M0080273,N,45,0,22662.48,0,2,0,2418.84,22759.38,2.13
M0080274,N,75,0,5150.88,0,0,0,3172.22,2968.83,0.0
M0080275,N,19,0,5483.55,0,0,0,1187.68,7472.47,0.0
M0080276,N,54,0,11467.15,0,0,1,5957.97,6844.06,0.0
M0080277,N,29,1,4648.67,0,0,0,2056.92,3988.58,0.0
M0080278,N,44,0,16985.48,0,1,2,2032.07,11717.98,0.95
M0080279,N,25,1,16664.84,0,1,1,4901.76,15464.55,1.21
M0080280,N,50,2,14094.7,0,0,1,1154.5,17147.59,1.5
M0080281,N,47,1,4526.55,0,0,1,868.02,3735.9,0.34
M0080282,N,80,3,39228.69,0,0,0,4111.2,31363.47,0.0
M0080283,N,55,0,35557.56,0,1,2,7499.06,27612.84,2.02
M0080284,N,45,1,6079.1,0,2,1,2910.33,5233.17,2.5
M0080285,N,40,1,9865.96,0,1,0,6151.7,2970.29,1.85
M0080286,N,38,1,12507.48,0,0,0,1599.28,10618.06,1.88
M0080287,N,57,0,4237.72,0,1,0,3065.41,4083.0,1.8
M0080288,N,73,0,6808.59,0,1,1,3517.38,6790.23,0.0
M0080289,N,50,0,2770.26,0,1,0,1059.29,1292.59,0.0
M0080290,N,53,1,38034.1,0,1,1,1969.95,36325.99,3.36
M0080291,N,32,1,10544.57,0,1,0,930.45,8715.25,2.04
M0080292,N,30,2,6577.23,1,1,0,2513.96,3881.11,2.06
M0080293,N,77,1,8386.38,0,0,0,1543.93,13035.61,0.05
M0080294,N,52,0,4010.91,0,0,0,1976.93,3529.5,0.0
M0080295,N,80,3,4796.88,0,1,0,2155.57,1628.27,0.12
M0080296,N,22,1,16537.7,0,1,3,13461.61,10555.98,0.0
M0080297,N,30,1,7751.8,0,1,1,6240.73,7302.75,0.0
M0080298,N,48,2,2670.09,0,0,1,1228.39,1638.62,0.65
M0080299,N,22,1,13422.23,0,0,0,3071.32,12495.15,0.69
M0080300,N,62,2,18242.8,0,0,1,7233.12,12999.12,2.14
M0080301,N,70,1,7819.73,0,1,0,5369.03,8338.13,0.71
M0080302,N,28,0,5358.54,0,0,0,1123.31,3905.9,0.43
M0080303,N,75,0,13199.01,1,0,1,2681.5,8803.22,0.0
M0080304,N,34,0,7016.4,1,0,1,2217.83,10395.93,0.22
M0080305,N,42,4,21618.48,1,2,1,11809.43,12547.0,2.35
M0080306,Y,46,4,131847.05,6,1,5,35303.26,128026.65,5.86
M0080307,N,65,0,12342.13,0,1,0,9485.16,2834.02,0.59
M0080308,N,36,2,31651.63,0,0,0,16225.08,9143.45,1.84
M0080309,N,27,1,20854.63,1,0,0,3559.91,13455.53,1.81
M0080310,N,51,0,14703.39,0,1,1,6219.48,8864.31,0.0
M0080311,N,45,0,11782.59,0,0,1,1054.53,17627.03,2.11
M0080312,N,79,1,15767.24,0,2,0,1476.35,11596.18,2.14
M0080313,N,70,3,13438.22,0,0,0,9800.09,6206.09,1.24
M0080314,N,52,2,22374.21,2,1,0,8854.3,15847.68,3.72
M0080315,N,52,0,19746.13,1,0,0,8950.85,12287.96,0.51
M0080316,N,57,0,5928.05,0,0,0,2008.21,2743.12,0.83
M0080317,N,40,1,21862.42,0,1,0,4802.03,13086.6,1.03
M0080318,N,61,2,10367.07,0,0,0,1564.22,12043.49,1.27
M0080319,N,37,1,8445.69,0,1,0,1491.41,8850.74,0.0
M0080320,N,39,3,11737.67,0,0,2,1771.54,18068.08,0.96
M0080321,N,54,2,22391.69,0,1,0,6481.16,11746.22,0.55
M0080322,N,78,3,8519.97,0,0,0,539.59,9783.01,0.0
M0080323,N,50,0,7732.97,0,1,0,1175.13,5643.79,0.31
M0080324,N,34,1,12117.9,1,0,0,1971.73,7635.24,0.04
M0080325,N,40,0,17813.64,0,0,0,1308.54,13978.83,2.21
M0080326,N,79,1,2864.24,0,2,0,1194.56,3069.57,0.0
M0080327,Y,75,3,155802.66,2,3,3,69404.5,101733.35,5.84
M0080328,N,41,2,15194.47,0,1,0,5177.69,13515.17,1.23
M0080329,N,70,2,10374.78,1,0,0,4902.91,6783.42,1.34
M0080330,N,74,2,13843.0,1,2,0,6160.37,8693.26,2.63
M0080331,N,67,2,3405.3,0,0,0,3524.63,2331.09,1.33
M0080332,N,63,1,25452.74,0,1,0,8501.14,12814.05,1.12
M0080333,N,73,0,7838.68,0,1,0,3725.86,9031.76,1.71
M0080334,N,23,0,3172.18,0,0,0,995.61,4540.92,0.98
M0080335,N,23,1,1805.17,0,0,0,1216.57,1894.86,0.0
M0080336,N,58,0,8541.18,1,1,0,2902.03,5773.92,0.07
M0080337,N,77,3,12971.05,1,0,0,4181.29,13836.63,1.56
M0080338,N,79,2,5742.38,0,2,1,614.94,5425.72,1.26
M0080339,N,56,1,9840.64,1,0,1,7968.77,4027.41,1.16
M0080340,N,58,1,4506.87,0,0,1,3054.17,4933.13,0.52
M0080341,N,53,2,27902.57,1,0,1,14380.94,10234.34,0.27
M0080342,N,61,2,22589.47,1,1,1,3499.6,20600.59,1.51
M0080343,N,61,0,4559.19,0,0,0,798.41,4454.38,1.12
M0080344,N,25,0,19636.65,0,0,1,1655.42,16125.0,0.0
M0080345,N,71,1,6825.35,0,0,0,858.15,4681.56,1.56
M0080346,N,25,1,19970.89,0,2,0,6765.96,10772.15,0.71
M0080347,N,20,1,4197.66,1,1,0,929.92,4890.15,0.0
M0080348,N,49,1,10982.83,0,2,0,1954.62,14089.34,2.07
M0080349,N,49,3,7107.75,1,1,0,2704.79,4001.15,0.61
M0080350,N,55,2,7112.31,0,1,0,2194.81,6301.41,0.0
M0080351,N,55,1,14146.03,1,0,0,8317.77,6534.94,1.25
M0080352,N,35,1,9568.1,2,0,0,1153.85,7143.15,0.0
M0080353,N,19,1,8415.77,0,0,0,2482.15,4724.28,2.14
M0080354,N,46,3,24264.86,0,0,0,2291.83,16879.91,1.88
M0080355,N,46,3,22863.11,0,1,0,4750.2,14225.76,0.88
M0080356,N,35,0,13604.75,0,2,1,6756.88,14282.35,1.99
M0080357,Y,40,3,230417.69,4,7,3,116630.63,168127.69,6.63
M0080358,N,61,1,9063.01,1,0,0,2633.94,6939.46,1.5
M0080359,N,43,0,3871.18,1,0,0,1815.52,4579.24,0.56
M0080360,N,64,2,5768.43,0,0,0,846.67,9118.59,0.0
M0080361,N,66,4,23338.82,0,0,1,6139.65,18398.48,3.23
M0080362,N,42,0,2038.49,0,0,1,1418.92,2049.21,0.21
M0080363,N,53,0,13309.34,0,1,0,2217.88,11621.4,0.0
M0080364,N,56,2,22937.81,0,1,1,5979.99,16919.83,0.88
M0080365,N,57,2,11365.86,0,0,0,4287.58,13607.86,0.95
M0080366,N,35,2,7965.57,0,0,0,3650.73,3064.92,1.24
M0080367,N,32,0,12836.03,0,1,0,1549.43,16363.69,0.61
M0080368,N,49,0,10078.42,0,0,0,8148.11,6640.33,0.7
M0080369,N,22,2,12881.58,0,0,0,2261.88,9816.93,1.05
M0080370,N,32,0,22236.32,1,0,1,2991.18,18520.64,0.68
M0080371,N,38,2,63581.26,0,1,1,38208.11,55553.15,2.28
M0080372,N,68,0,15000.96,1,0,0,10529.66,4928.52,1.95
M0080373,N,60,0,8861.68,0,0,0,726.12,10983.02,0.67
M0080374,N,64,1,10505.56,0,0,0,1073.45,8303.89,0.59
M0080375,N,51,1,4236.13,0,1,0,4333.74,2165.27,1.8
M0080376,N,53,1,14030.07,0,1,1,2981.5,9070.54,1.37
M0080377,Y,75,3,210614.57,2,5,4,95536.27,105034.33,2.16
M0080378,N,36,0,4532.31,1,0,0,1646.24,4385.53,1.49
M0080379,N,19,0,10036.96,0,1,0,3348.27,6919.49,1.13
M0080380,N,76,1,26326.13,0,0,0,5600.75,18319.41,1.01
M0080381,N,71,2,10466.52,0,2,0,6806.68,5369.53,2.2
M0080382,N,64,1,17000.74,0,0,0,2535.12,12244.05,1.9
M0080383,N,49,2,29211.12,0,0,1,3762.58,19852.8,0.48
M0080384,Y,56,4,183145.39,1,3,2,129792.8,108802.41,4.84
M0080385,N,38,1,15868.31,0,1,2,1540.37,16278.58,2.19
M0080386,N,34,1,8407.8,0,0,0,4678.66,4939.77,0.91
M0080387,N,39,3,16606.09,0,1,1,2983.05,13707.55,1.46
M0080388,N,38,0,37117.9,1,1,0,23387.57,6736.52,0.22
M0080389,N,23,0,4351.16,1,0,0,1473.26,2399.94,0.63
M0080390,N,47,0,7551.57,1,3,2,7262.58,4694.87,1.05
M0080391,N,30,1,6285.41,0,0,1,1796.8,7269.92,1.59
M0080392,N,78,2,51793.41,1,2,0,11337.86,29179.78,2.01
M0080393,N,28,0,4333.74,0,0,0,1290.06,3981.44,0.54
M0080394,N,57,0,14290.38,0,0,1,2801.16,13842.24,2.28
M0080395,N,27,0,4035.3,1,3,0,1105.69,5961.34,0.7
M0080396,N,75,3,6768.57,0,1,0,4197.73,7511.24,1.74
M0080397,N,74,3,22253.17,0,0,1,1741.95,18347.88,2.09
M0080398,N,37,0,10998.4,0,1,1,3761.92,13407.61,1.73
M0080399,N,50,2,17386.46,1,1,1,2942.4,15666.46,0.47
M0080400,N,72,3,13075.84,0,0,0,8333.71,6155.38,1.58
M0080401,N,25,0,6060.57,0,0,0,3398.4,1988.22,0.14
M0080402,N,21,0,2543.74,0,2,1,663.18,1398.26,0.0
M0080403,N,59,1,4688.51,0,0,1,2092.64,5897.16,0.0
M0080404,N,50,1,15876.08,0,0,1,5503.54,7589.57,0.25
M0080405,N,74,2,36792.95,0,0,1,5085.25,26108.92,1.84
M0080406,N,50,2,47878.85,1,2,0,13304.17,30939.35,0.75
M0080407,N,76,1,39106.03,0,1,0,10423.04,25330.72,2.1
M0080408,N,39,0,5961.82,0,1,0,2151.27,3136.69,1.08
M0080409,N,54,1,14986.7,1,2,0,2829.72,16180.7,2.32
M0080410,N,53,0,6697.43,0,0,0,2195.11,4138.91,0.36
M0080411,N,34,1,5084.15,0,1,1,5522.91,2977.85,0.96
M0080412,N,23,0,6699.74,0,1,0,3728.59,4038.93,0.0
M0080413,N,32,1,7321.79,0,1,0,2154.34,6928.95,1.71
M0080414,N,45,3,34741.18,0,2,2,4806.07,25568.11,1.45
M0080415,N,29,0,9932.07,1,0,1,1480.3,9896.57,0.0
M0080416,N,73,0,2336.17,0,1,0,1460.66,2692.42,0.58
M0080417,N,62,1,10749.14,0,1,0,3187.33,6214.91,2.01
M0080418,N,74,0,17562.98,0,3,0,3771.83,17387.16,1.52
M0080419,N,77,2,14466.44,0,0,0,3149.94,11543.28,0.99
M0080420,N,43,0,9087.65,0,1,0,2486.13,6968.15,1.48
M0080421,N,47,1,12253.58,0,0,1,1725.03,13080.88,0.98
M0080422,N,51,0,29830.35,0,1,0,8130.64,36703.67,0.0
M0080423,N,51,0,3317.38,0,0,0,1558.17,2525.79,0.0
M0080424,N,76,2,11071.81,0,0,0,5631.92,5999.82,0.0
M0080425,N,63,1,11605.71,0,3,0,1178.93,9163.53,0.7
M0080426,N,52,1,12232.41,1,1,0,2746.36,8476.37,2.93
M0080427,N,78,3,14274.54,0,0,1,2200.1,10166.64,1.53
M0080428,N,79,0,10881.46,0,1,0,6795.91,5597.33,1.51
M0080429,N,40,2,3889.46,0,0,0,1459.27,5585.78,0.0
M0080430,N,43,0,16959.02,0,0,0,4388.38,8930.84,1.1
M0080431,N,47,0,14573.05,0,0,0,4825.68,10273.81,1.64
M0080432,N,29,3,12474.08,0,0,1,5210.87,6137.45,0.0
M0080433,N,61,2,21406.81,0,2,1,9285.45,10827.64,1.34
M0080434,N,49,2,3099.32,0,0,0,878.26,1824.72,0.0
M0080435,Y,40,5,304609.02,6,4,3,65062.47,229934.12,4.93
M0080436,N,29,1,9740.61,1,0,0,2016.97,9145.37,1.57
M0080437,N,70,2,17059.77,0,0,2,1684.93,12786.59,1.06
M0080438,N,78,1,13953.1,0,1,2,6623.16,8730.92,2.22
M0080439,N,21,2,18346.56,1,3,1,4944.52,11022.29,2.18
M0080440,Y,83,5,431022.03,4,7,5,170688.76,303410.99,7.01
M0080441,N,59,1,16791.11,0,1,0,5858.02,11461.18,0.0
M0080442,N,24,0,5438.46,0,0,1,5502.09,3399.46,0.53
M0080443,N,73,1,9072.38,0,0,1,4731.72,3323.0,0.11
M0080444,N,49,2,8635.09,0,1,1,4498.94,10205.0,0.18
M0080445,N,71,2,20215.26,0,0,0,9561.99,8274.08,0.0
M0080446,N,42,0,7033.02,0,0,0,1951.42,4674.49,0.4
M0080447,N,28,1,37356.21,1,1,1,14469.86,16516.34,3.67
M0080448,N,55,1,8447.55,0,0,1,4224.34,6117.28,1.26
M0080449,N,62,2,6468.12,0,2,0,3742.68,7762.47,1.28
M0080450,Y,45,3,185185.04,5,3,2,86590.96,117558.19,5.93
M0080451,N,61,0,2970.01,1,0,0,1146.97,2714.32,1.51
M0080452,N,68,0,16761.84,0,0,0,9018.1,4443.12,2.16
M0080453,N,42,0,13809.94,0,0,0,9637.79,7374.41,0.28
M0080454,N,72,2,33082.98,0,0,1,8076.32,22459.52,3.63
M0080455,N,80,0,14726.4,1,1,0,17507.88,6460.78,0.71
M0080456,N,47,2,19452.0,1,3,0,8577.99,19285.59,1.82
M0080457,N,28,1,26449.08,1,1,0,3369.53,24248.15,0.0
M0080458,N,69,1,13743.46,0,2,0,2100.04,11525.48,0.54
M0080459,N,35,0,7543.75,1,0,0,762.86,11770.06,1.92
M0080460,N,70,1,6014.69,0,0,0,722.09,4410.51,0.59
M0080461,N,70,2,6165.98,0,1,0,1632.01,5476.42,1.54
M0080462,N,52,3,19098.43,0,2,1,5076.7,10544.23,0.77
M0080463,N,70,0,16808.56,0,1,0,6106.53,19447.66,0.0
M0080464,N,19,1,10708.92,0,1,0,1222.74,8416.72,0.88
M0080465,N,49,2,18554.93,1,1,1,12150.08,10761.62,1.3
M0080466,N,51,2,16292.59,0,0,0,7404.67,12056.93,1.43
M0080467,N,70,1,10797.23,0,0,0,1721.88,6998.74,0.72
M0080468,N,19,2,8065.61,0,0,0,4682.37,2944.68,0.38
M0080469,N,25,1,7191.72,1,0,0,3385.07,7718.94,0.75
M0080470,N,62,2,20420.25,1,4,1,2980.89,24656.51,3.41
M0080471,N,31,1,7137.64,0,0,0,3606.88,7353.21,2.32
M0080472,N,47,1,45938.24,0,0,1,918.95,44313.43,1.02
M0080473,N,21,0,28616.86,1,0,0,10955.02,18285.36,1.88
M0080474,N,77,1,17804.63,0,2,0,3897.94,14743.08,0.31
M0080475,Y,72,3,118256.23,4,3,5,53562.55,93472.68,5.99
M0080476,N,33,0,11633.33,0,0,0,1463.07,14169.08,0.39
M0080477,N,34,0,6690.51,0,0,1,1572.17,7513.75,0.46
M0080478,N,54,0,6461.91,0,0,0,990.11,4225.38,1.03
M0080479,Y,36,2,83715.75,3,1,2,54774.72,50180.65,4.17
M0080480,N,19,1,19506.63,0,0,0,6121.66,9736.89,0.82
M0080481,N,40,1,17077.38,0,0,1,5870.97,11061.25,2.89
M0080482,N,67,0,7638.2,0,1,0,2217.5,5181.3,0.75
M0080483,N,56,3,19121.15,0,2,0,11090.68,15408.31,2.19
M0080484,N,31,2,20302.88,0,1,0,7156.88,11549.98,1.02
M0080485,N,24,0,3081.13,1,0,0,1023.28,3771.89,0.0
M0080486,N,77,0,6518.89,0,0,0,641.42,6408.83,0.33
M0080487,N,27,2,5545.11,1,1,0,2979.63,3955.73,1.16
M0080488,N,22,0,5781.12,0,0,0,2191.72,4900.14,0.87
M0080489,N,26,1,16134.92,1,0,1,3903.68,11314.44,0.68
M0080490,N,59,0,7408.96,0,0,0,3676.08,5113.66,0.3
M0080491,N,25,0,18938.01,0,0,0,3087.52,17905.09,1.62
M0080492,N,72,0,15286.13,0,0,0,7202.42,9721.59,0.78
M0080493,N,76,0,3932.41,0,0,0,928.22,4536.26,1.89
M0080494,N,76,1,7418.18,0,0,0,1825.32,10896.66,1.36
M0080495,N,25,0,5969.16,1,0,0,1278.78,8298.64,0.64
M0080496,N,51,1,4519.88,0,1,0,891.02,6902.5,1.13
M0080497,N,71,2,11514.27,0,0,0,10554.21,7632.43,1.68
M0080498,N,26,1,17484.15,1,1,1,8176.51,16431.87,0.44
M0080499,N,37,0,18046.35,0,0,1,8159.28,12762.64,1.28
M0080500,N,56,4,10819.93,1,3,0,3277.41,9658.4,1.33
M0080501,Y,40,3,233599.56,3,4,3,136750.33,107728.93,4.05
M0080502,N,52,2,12032.64,1,1,1,2268.15,14376.13,2.37
M0080503,N,41,1,16178.33,0,1,2,1971.13,25064.03,2.16
M0080504,N,72,1,7875.32,0,0,0,1553.46,12255.43,2.03
M0080505,N,47,0,9188.17,0,2,0,3316.89,10686.8,1.56
M0080506,N,60,1,11885.3,0,0,1,4557.42,5056.88,0.43
M0080507,N,63,2,6840.58,0,2,0,6262.96,3759.01,1.17
M0080508,N,62,0,4792.79,0,0,1,294.1,5664.82,0.64
M0080509,N,65,0,4441.62,1,0,0,3282.45,3706.27,0.0
M0080510,N,43,1,9844.19,0,1,0,2991.71,7960.67,1.79
M0080511,N,56,2,35330.89,0,0,1,5723.76,38335.23,1.32
M0080512,N,50,2,19983.55,0,1,0,2285.16,16882.7,1.02
M0080513,N,21,2,33959.75,0,0,1,6155.22,23832.34,0.92
M0080514,N,46,2,5973.89,0,0,0,1134.49,7068.81,1.22
M0080515,N,74,0,9941.02,1,1,0,2674.13,8457.96,0.43
M0080516,N,63,0,6629.39,1,1,0,2464.21,4384.58,0.01
M0080517,N,37,0,1545.16,0,0,0,1103.05,1695.55,0.0
M0080518,N,24,0,14883.05,0,1,1,1566.64,12962.85,1.29
M0080519,N,45,2,21754.8,0,1,0,5836.28,30321.25,1.68
M0080520,N,79,1,23075.93,1,2,0,14514.11,11370.5,1.63
M0080521,N,67,2,24899.5,0,0,1,2370.08,21255.97,1.39
M0080522,N,30,1,8359.54,1,1,0,2329.18,5782.58,2.7
M0080523,N,71,1,22499.62,0,0,1,2790.03,22905.47,0.67
M0080524,N,53,2,27871.7,0,2,0,9322.49,16332.76,2.57
M0080525,N,50,1,16280.44,0,1,0,1920.11,11746.67,0.32
M0080526,N,66,0,14238.68,0,2,0,9687.86,9865.61,0.76
M0080527,N,28,0,5339.0,0,0,0,1744.35,5558.83,0.4
M0080528,N,53,0,5053.94,0,0,0,3841.72,3660.27,0.0
M0080529,N,42,1,6865.98,0,3,0,5089.33,4715.45,1.57
M0080530,N,18,2,11610.24,1,3,1,4210.23,15687.67,1.01
M0080531,N,65,3,9831.51,0,0,0,4388.69,7323.07,1.15
M0080532,N,24,3,15902.52,1,0,0,5997.37,17005.49,0.99
M0080533,N,55,1,12618.84,0,1,0,1808.3,16573.69,1.55
M0080534,N,51,1,11899.79,0,0,0,13728.0,5025.77,1.79
M0080535,N,42,2,8350.35,0,1,0,2948.57,5362.79,0.29
M0080536,N,71,0,38186.29,1,0,0,13859.56,21183.53,2.7
M0080537,N,33,0,6267.83,0,0,0,1752.78,5044.59,0.27
M0080538,N,79,1,16714.75,0,0,0,14764.39,10699.81,2.34
M0080539,N,49,0,3847.8,0,0,1,1488.59,1904.87,1.51
M0080540,N,53,0,7391.41,0,0,0,2404.1,5747.4,0.0
M0080541,N,66,1,18047.84,0,1,0,2739.5,15522.95,0.16
M0080542,N,40,0,9927.02,0,0,0,759.18,7922.81,0.63
M0080543,N,44,0,8199.49,0,0,1,1352.59,5537.09,2.02
M0080544,N,19,1,7516.15,1,2,1,2499.04,7983.97,1.29
M0080545,N,58,1,33609.4,0,1,0,1159.31,29293.72,1.8
M0080546,N,40,0,5054.03,0,0,0,2155.94,6391.76,1.3
M0080547,N,30,0,12466.45,0,0,2,8958.36,7375.52,0.36
M0080548,N,40,0,4499.66,0,0,0,1476.35,4832.09,0.94
M0080549,N,68,0,6333.23,0,0,0,4682.66,5598.64,0.42
M0080550,N,45,0,6209.7,0,0,0,3279.38,4097.72,0.3
M0080551,N,32,0,4279.94,0,1,0,879.08,3870.05,0.19
M0080552,N,37,1,16495.63,1,1,0,4622.65,12204.13,0.98
M0080553,N,37,1,10159.39,0,0,0,3129.1,5583.17,0.83
M0080554,N,34,1,25800.57,1,1,0,1453.2,28965.61,0.4
M0080555,N,22,0,4387.46,2,0,0,3062.47,2097.34,0.56
M0080556,N,63,0,13312.88,1,0,0,1975.55,12753.01,1.65
M0080557,N,77,1,22435.42,0,0,0,7638.56,10513.87,1.42
M0080558,N,57,3,22263.69,0,1,0,7963.48,12123.7,1.8
M0080559,Y,66,4,182178.17,6,2,4,43695.95,123340.5,4.98
M0080560,N,61,0,6791.82,0,1,1,2044.03,6077.74,0.0
M0080561,N,57,1,11190.86,0,0,0,2723.58,7040.34,1.77
M0080562,N,30,1,14138.96,0,2,0,3531.29,7647.95,1.53
M0080563,N,25,0,1923.5,0,0,1,517.17,1797.46,0.0
M0080564,N,31,0,3789.57,1,1,1,904.82,2365.76,0.8
M0080565,N,56,0,14529.96,0,0,0,1330.07,10271.37,0.0
M0080566,N,37,0,7297.07,0,3,0,1810.03,5865.44,1.02
M0080567,N,67,1,21931.03,1,1,0,7776.27,16562.01,2.03
M0080568,N,55,0,8771.8,0,2,0,517.01,7779.98,0.09
M0080569,N,18,0,6200.09,0,1,0,1433.97,4299.03,0.77
M0080570,N,48,1,14172.14,0,1,0,3407.16,14333.5,2.33
M0080571,N,54,2,11460.17,0,0,0,3337.24,7109.33,1.2
M0080572,N,79,1,7958.01,0,1,0,1124.32,5680.16,1.04
M0080573,N,21,2,3711.29,0,0,0,3491.81,1312.26,0.32
M0080574,N,72,2,25758.55,1,1,1,10328.01,18318.84,1.61
M0080575,N,26,1,18499.72,1,0,0,2098.57,16667.62,2.16
M0080576,N,31,2,8392.53,0,2,0,3921.38,6172.95,1.7
M0080577,N,75,2,13961.92,0,1,2,3244.71,7947.3,1.34
M0080578,N,27,2,8344.88,0,2,0,1711.95,5823.92,0.66
M0080579,N,56,3,15750.54,0,1,0,4399.46,16856.46,0.9
M0080580,N,55,2,6698.93,0,0,0,1974.62,7879.9,1.1
M0080581,N,31,0,6056.57,0,0,0,919.72,4764.14,0.32
M0080582,N,31,0,8999.34,0,2,0,3819.42,4060.31,2.41
M0080583,N,76,1,13698.88,0,0,0,2440.07,8732.37,0.67
M0080584,N,18,0,7211.57,1,0,0,2162.33,8794.22,0.0
M0080585,N,80,3,19050.62,1,0,0,3800.6,12612.96,1.85
M0080586,N,41,0,11908.95,0,0,0,3210.38,6204.31,1.52
M0080587,N,60,1,12801.25,0,0,0,2287.14,13754.21,1.41
M0080588,N,75,1,19739.03,0,2,0,5748.54,12718.04,2.0
M0080589,N,66,2,18893.96,0,0,1,6251.53,12800.51,0.28
M0080590,N,43,0,11286.6,0,0,0,2200.09,8599.87,1.08
M0080591,N,22,0,4409.16,1,0,0,4129.96,3731.76,1.56
M0080592,N,65,0,21340.14,0,2,0,15959.09,16590.83,1.34
M0080593,N,58,0,2466.5,0,0,0,1545.03,2717.44,0.0
M0080594,N,18,0,13343.09,0,0,0,3464.55,7871.42,1.19
M0080595,N,19,2,12350.54,0,0,1,7658.29,8404.5,1.03
M0080596,N,73,0,11582.19,0,2,1,2542.27,6847.54,1.63
M0080597,N,23,0,5996.47,0,0,0,2948.34,4881.97,0.94
M0080598,N,50,1,12064.3,0,0,0,556.64,10094.94,0.8
M0080599,N,49,0,11918.43,0,0,0,3320.2,6906.88,1.95
M0080600,N,31,0,23231.38,0,0,0,6498.27,14040.11,1.96
M0080601,N,73,3,15606.57,0,1,0,3252.72,10944.49,2.73
M0080602,N,62,1,6812.22,0,1,0,4089.98,4395.8,0.0
M0080603,N,75,1,8375.02,0,0,0,2049.02,8298.57,1.0
M0080604,N,77,0,14754.8,0,2,1,8044.55,6195.48,0.55
M0080605,N,27,1,20012.26,1,0,0,7220.4,8439.17,2.16
M0080606,N,45,1,6157.1,0,1,1,3163.89,5244.61,0.18
M0080607,N,72,1,5424.75,0,0,0,1125.51,5973.9,0.9
M0080608,N,46,2,7350.23,0,0,0,2818.74,4741.41,1.61
M0080609,N,30,0,11554.57,1,2,0,1143.6,11236.32,1.14
M0080610,N,80,2,46925.65,1,2,0,4857.13,48340.17,2.41
M0080611,N,54,0,27887.1,1,2,1,9042.01,13251.26,1.25
M0080612,Y,68,6,256955.07,1,5,2,138607.29,107257.56,3.15
M0080613,N,36,1,14738.15,0,0,0,3196.92,10507.15,0.36
M0080614,N,44,0,5331.61,0,1,0,1762.27,2803.43,0.94
M0080615,N,55,1,17080.41,2,1,1,7178.2,7742.77,0.3
M0080616,N,46,1,28785.24,0,0,0,16834.12,8128.86,2.27
M0080617,N,59,0,5493.75,0,1,0,821.34,6469.23,0.57
M0080618,N,60,0,2369.0,0,0,0,2173.3,1162.09,0.94
M0080619,N,72,2,24976.94,0,1,1,20078.05,17891.0,2.52
M0080620,N,69,0,17814.4,0,0,0,4425.87,11513.54,1.52
M0080621,N,54,1,13387.11,0,0,1,3607.39,8568.15,2.7
M0080622,N,80,1,7562.64,0,0,1,2085.24,4050.5,0.84
M0080623,N,56,2,13326.6,0,1,0,1786.22,8829.9,1.26
M0080624,N,32,1,7226.24,0,0,1,4379.19,6806.42,1.05
M0080625,N,56,0,12060.76,0,1,2,4888.37,6234.74,0.0
M0080626,N,74,1,8496.63,0,1,0,2792.68,4337.23,0.0
M0080627,N,32,0,12824.12,0,1,1,1620.91,11337.81,0.18
M0080628,N,52,0,29830.8,0,2,1,22129.49,8865.07,2.45
M0080629,N,74,1,17744.79,0,2,0,5298.73,22291.4,1.42
M0080630,N,55,2,6653.88,0,2,1,3827.94,7595.43,2.72
M0080631,N,70,1,15196.96,0,0,1,1812.76,10246.18,1.59
M0080632,N,26,0,19867.87,0,1,0,6959.54,14831.12,1.69
M0080633,N,23,1,5491.52,0,2,0,2158.36,6189.16,0.58
M0080634,N,38,0,11975.24,0,0,0,1323.35,8487.55,1.25
M0080635,N,57,2,8991.95,1,1,0,9315.88,6620.26,2.95
M0080636,N,41,0,6683.51,0,0,0,5634.42,3673.72,1.38
M0080637,N,65,1,22114.01,0,2,0,4153.13,15375.55,2.01
M0080638,N,56,3,56885.25,0,1,1,4243.76,61342.44,0.68
M0080639,N,58,2,7463.91,0,1,0,3132.15,6500.93,1.41
M0080640,N,23,1,5031.19,0,1,2,1294.82,7521.54,0.0
M0080641,Y,58,6,243879.64,2,1,3,130808.85,122270.64,3.96
M0080642,N,57,0,8718.42,0,2,0,1124.54,6956.27,0.36
M0080643,N,44,0,6549.11,0,1,0,3534.14,3778.81,1.31
M0080644,N,70,1,14104.78,0,0,0,2342.4,11621.15,0.36
M0080645,N,78,1,12127.31,0,1,0,1052.11,11064.32,2.25
M0080646,N,33,0,4549.17,0,0,0,969.14,3789.96,1.1
M0080647,N,21,1,28970.06,1,1,0,7692.45,19611.03,0.0
M0080648,N,22,2,12788.93,0,2,0,3547.01,14646.81,0.77
M0080649,N,60,2,11176.44,0,0,0,3728.41,7188.0,0.65
M0080650,N,40,2,11981.01,0,1,1,6514.85,12501.7,2.06
M0080651,N,60,2,15566.17,0,0,0,11244.55,11881.67,2.18
M0080652,N,73,2,49406.65,0,1,1,26962.14,14058.01,1.44
M0080653,N,54,0,8193.54,0,2,0,5807.22,4630.09,0.69
M0080654,N,41,1,18148.47,1,0,0,8535.04,10118.51,1.34
M0080655,N,50,1,13861.91,0,1,0,2394.39,10171.02,0.43
M0080656,N,63,2,16378.48,0,1,0,3578.9,10901.1,1.22
M0080657,N,19,2,9757.61,0,2,0,4579.15,4581.53,0.44
M0080658,N,46,2,22257.98,0,1,1,1169.18,18324.89,1.66
M0080659,N,53,0,6657.48,0,1,0,2673.06,3738.92,0.39
M0080660,N,55,2,80193.86,1,0,1,15800.36,47086.05,2.9
M0080661,N,67,1,30011.69,0,1,0,6981.32,34142.26,0.39
M0080662,N,41,2,10555.46,1,0,0,4155.37,7217.15,2.4
M0080663,N,26,1,5316.85,0,1,0,1611.48,5418.1,1.02
M0080664,N,60,3,53868.47,0,4,0,2418.92,41995.58,2.36
M0080665,N,40,1,8246.69,0,1,0,665.23,9344.49,1.19
M0080666,N,24,2,4287.22,0,1,0,1152.31,6200.11,0.0
M0080667,N,80,1,35288.28,0,1,0,3556.51,25643.74,1.14
M0080668,N,63,2,28106.56,0,0,0,1044.42,26101.41,1.73
M0080669,N,75,2,18738.47,1,0,0,11786.83,10545.22,0.6
M0080670,N,42,2,11398.18,0,0,0,1850.09,7841.36,0.98
M0080671,N,19,0,16693.82,0,1,0,8660.12,8624.71,1.51
M0080672,N,19,1,21616.68,0,0,0,4727.16,14127.35,0.82
M0080673,N,77,1,24186.68,1,1,1,5723.91,15984.16,1.33
M0080674,N,68,2,14057.67,0,1,0,1158.65,14340.02,1.46
M0080675,N,52,1,15336.18,1,2,0,2483.27,14250.41,1.15
M0080676,N,36,0,8631.13,1,0,0,1595.85,5274.96,1.37
M0080677,N,26,0,12082.51,0,1,1,1511.58,11575.3,1.23
M0080678,N,54,1,27754.55,0,2,0,3378.92,25641.76,0.86
M0080679,N,31,2,3609.84,0,0,0,588.42,2423.98,0.0
M0080680,N,54,0,9328.33,0,0,0,2480.05,6112.7,0.7
M0080681,N,45,1,9288.66,0,0,1,2171.96,5419.31,2.56
M0080682,N,25,0,10013.43,1,0,0,1284.68,7922.41,1.38
M0080683,N,48,0,5366.67,0,0,1,1976.13,5150.58,1.19
M0080684,N,49,1,18373.33,0,1,0,8875.43,6983.27,0.15
M0080685,N,31,1,5201.21,0,0,0,1065.61,7236.89,1.84
M0080686,Y,53,7,178536.82,4,1,3,37900.14,116126.72,4.78
M0080687,N,47,0,6979.32,0,0,0,3859.21,4683.71,1.78
M0080688,N,69,3,47902.63,1,1,0,11593.83,32375.81,1.85
M0080689,N,22,1,7700.61,1,0,1,1142.58,6649.1,0.52
M0080690,N,70,0,6843.38,2,1,0,1481.77,4604.4,1.34
M0080691,N,33,0,11451.22,0,0,0,589.78,16973.55,0.18
M0080692,N,24,1,13040.6,0,0,0,7049.04,5344.35,0.67
M0080693,N,40,2,11636.99,0,1,0,1734.77,10752.09,0.0
M0080694,N,43,1,15675.06,0,0,0,6001.61,9228.28,2.37
M0080695,N,55,0,5117.83,0,0,0,2687.3,2257.53,2.12
M0080696,N,49,2,8763.53,0,0,0,2171.8,7510.25,1.34
M0080697,N,60,0,7265.24,0,0,0,4738.65,7878.43,1.06
M0080698,N,57,2,8803.85,0,2,0,4024.92,11212.83,1.77
M0080699,N,34,1,6795.7,0,0,0,1544.76,5270.29,0.89
M0080700,N,31,1,7501.91,0,0,1,2438.29,5243.83,1.48
M0080701,N,46,1,29133.12,1,0,1,8350.85,15276.03,2.7
M0080702,N,52,0,8186.17,0,1,1,1416.06,10255.37,1.78
M0080703,N,67,0,1297.5,0,1,0,957.0,1372.54,0.63
M0080704,N,34,2,19989.43,0,0,0,8840.38,22932.1,2.15
M0080705,N,41,2,10118.63,0,1,0,2945.24,11047.49,2.57
M0080706,N,34,0,15640.54,0,0,1,8760.74,9136.97,0.78
M0080707,N,56,2,24324.43,1,0,0,15848.73,10098.16,0.23
M0080708,N,79,2,31843.77,1,1,0,1900.7,25741.49,0.0
M0080709,N,76,0,8664.44,0,1,0,4103.07,10201.33,0.0
M0080710,N,57,2,16682.67,0,1,0,1161.48,26268.05,0.31
M0080711,N,55,3,5433.06,1,0,1,1152.06,3164.53,0.69
M0080712,N,22,1,12481.55,0,2,0,3149.09,8071.41,1.96
M0080713,Y,71,3,87770.3,1,4,1,38091.99,63523.79,3.52
M0080714,N,67,1,11711.97,0,1,1,1233.8,10179.98,0.44
M0080715,N,61,1,12480.36,0,1,0,6574.91,3326.88,0.72
M0080716,Y,63,4,313922.3,5,5,7,190393.35,124335.55,5.41
M0080717,N,34,0,6286.11,0,0,1,1027.28,4582.35,0.96
M0080718,N,31,1,13330.57,1,2,1,1209.52,13824.14,1.17
M0080719,N,23,2,10301.56,1,1,1,2591.58,8375.06,0.81
M0080720,N,69,1,8005.03,1,2,0,4220.51,3562.69,1.61
M0080721,N,49,1,8763.31,0,0,1,2741.66,9297.02,1.9
M0080722,N,40,1,17445.8,1,2,2,2925.16,25005.64,1.49
M0080723,N,18,0,4625.88,0,0,0,1956.25,3271.98,1.04
M0080724,N,58,2,49125.09,0,2,0,3524.48,42393.12,2.02
M0080725,N,58,1,8863.65,0,0,0,574.93,8453.33,2.75
M0080726,N,25,1,13572.59,0,0,0,9714.67,4749.97,0.25
M0080727,N,37,2,10922.84,0,0,0,3095.37,9501.94,1.82
M0080728,N,77,2,4134.24,0,0,0,1044.34,4618.12,1.26
M0080729,N,71,2,15875.14,0,0,1,1601.88,14443.94,2.34
M0080730,N,58,3,3393.07,0,1,0,1602.65,4161.06,1.09
M0080731,N,35,1,14614.0,0,0,0,4648.82,16128.71,2.7
M0080732,N,64,2,20588.8,1,3,0,9717.06,14185.41,1.86
M0080733,N,49,1,8101.55,0,0,0,1515.64,5744.42,0.0
M0080734,N,70,0,9185.88,0,2,0,1628.56,5607.48,0.19
M0080735,N,58,1,13414.69,0,0,1,2238.63,10334.99,2.23
M0080736,N,55,1,9496.13,0,0,0,4931.09,5550.47,0.34
M0080737,N,55,2,24132.24,2,0,2,11778.66,19576.27,2.05
M0080738,N,54,1,10027.65,0,0,0,4693.52,10619.89,1.51
M0080739,N,59,0,9459.34,0,0,0,2161.05,6753.07,0.02
M0080740,N,41,3,27350.85,0,4,0,8740.51,19396.36,3.17
M0080741,N,25,0,6766.35,0,1,0,3291.32,8048.3,1.24
M0080742,N,66,2,21097.71,0,2,0,2996.25,14054.74,0.62
M0080743,Y,48,4,149530.92,3,1,5,57996.6,75969.85,2.0
M0080744,N,74,1,16839.18,0,0,0,1012.07,16425.49,0.72
M0080745,N,52,1,10382.38,0,1,0,3504.72,4777.27,1.36
M0080746,N,69,1,13476.28,0,1,0,3268.71,8822.1,1.86
M0080747,N,73,1,7214.81,0,1,0,799.11,6373.41,0.34
M0080748,N,63,2,10470.14,0,1,0,6508.08,10926.72,1.03
M0080749,N,50,0,9126.11,0,0,0,2176.1,13408.48,0.0
M0080750,N,79,0,14354.74,0,0,1,3288.45,19332.78,1.77
M0080751,N,77,1,14238.64,1,1,0,3562.0,13958.94,2.59
M0080752,N,18,0,18447.28,0,0,1,3277.81,17621.78,2.56
M0080753,N,46,1,6866.83,0,0,0,2101.96,5762.41,0.2
M0080754,N,58,0,21896.45,0,2,0,7799.97,14964.93,1.18
M0080755,N,67,0,17361.86,0,1,0,8915.34,6027.49,1.26
M0080756,N,42,2,11918.37,0,0,1,4031.71,16859.82,1.11
M0080757,N,20,2,3707.19,0,0,1,2683.69,3571.26,1.31
M0080758,N,53,2,2305.19,0,1,0,448.06,2758.73,0.69
M0080759,N,63,2,9548.49,0,0,0,1900.16,6184.24,0.91
M0080760,Y,72,7,360416.07,6,7,4,264200.69,160824.84,7.7
M0080761,N,63,0,7826.59,0,0,0,1378.82,6768.88,0.0
M0080762,N,75,0,7123.75,0,0,0,4543.53,4583.79,0.29
M0080763,N,43,1,17225.53,0,0,0,4102.43,9935.67,1.27
M0080764,N,38,0,8910.49,1,0,0,2706.03,9519.16,2.07
M0080765,N,75,0,32913.25,0,1,0,16135.74,12944.38,1.22
M0080766,N,50,2,10101.29,1,1,0,2032.42,11669.16,2.51
M0080767,N,35,5,27708.94,1,3,2,11791.12,24452.26,2.15
M0080768,N,62,1,5743.11,0,2,0,3368.42,5808.88,0.62
M0080769,N,73,0,9614.38,0,0,0,8388.53,6288.28,3.39
M0080770,N,75,1,5514.82,0,0,0,2072.76,4437.83,1.68
M0080771,N,73,1,14469.36,0,0,1,6635.69,5722.84,1.57
M0080772,N,44,1,13992.16,0,1,0,3586.52,14454.69,0.0
M0080773,N,34,1,10760.05,1,2,0,5165.49,9060.03,0.58
M0080774,N,33,1,7232.01,1,1,0,1748.17,7944.96,1.32
M0080775,N,23,3,9753.01,0,1,1,5284.75,9320.96,0.82
M0080776,N,36,2,10891.5,0,0,1,3757.71,13962.4,2.22
M0080777,N,78,0,3994.3,1,1,0,809.31,5032.3,0.0
M0080778,N,71,1,5744.31,1,0,0,1988.12,3013.36,1.0
M0080779,N,42,1,13514.3,0,0,0,4301.42,8503.98,2.94
M0080780,N,49,0,1881.45,0,0,0,505.33,1601.95,0.98
M0080781,N,50,1,8421.56,0,2,0,2682.04,12422.99,0.55
M0080782,N,53,0,2487.78,0,0,0,169.12,3304.39,1.54
M0080783,N,47,1,12182.82,0,1,1,7988.0,3391.21,2.21
M0080784,N,27,2,20884.27,0,1,0,9788.26,9504.58,1.71
M0080785,N,38,0,15951.31,1,1,0,2822.9,15841.57,1.73
M0080786,N,38,0,6582.98,0,1,0,3588.98,5255.22,1.16
M0080787,N,59,0,9061.81,0,0,2,2363.67,10414.19,0.77
M0080788,N,26,1,3683.96,0,1,0,1783.93,4101.57,0.52
M0080789,N,42,2,18770.0,0,1,1,2874.07,20771.73,1.49
M0080790,N,64,0,9119.38,0,0,1,4862.75,9490.38,1.68
M0080791,N,48,1,10471.98,0,1,0,1562.67,6889.4,0.65
M0080792,N,69,3,20998.17,1,2,0,3516.33,23325.05,3.18
M0080793,N,79,0,5573.38,1,0,0,798.77,4897.17,0.52
M0080794,N,47,1,22533.38,0,0,0,2606.91,27707.59,2.31
M0080795,N,55,0,3717.81,0,1,2,1095.72,4660.02,0.35
M0080796,N,52,0,7209.52,0,1,0,1631.52,10163.16,0.0
M0080797,N,65,3,19327.64,0,0,0,4025.31,14629.3,1.85
M0080798,N,64,2,4452.1,0,0,0,405.85,3112.99,1.81
M0080799,N,34,0,15895.79,1,1,0,7641.12,6029.56,1.74
M0080800,N,36,1,5077.01,0,0,0,1752.12,5398.75,0.0
M0080801,N,59,0,15994.64,1,0,0,7768.05,8714.19,0.24
M0080802,N,73,0,7633.67,0,0,0,1221.13,6269.39,1.54
M0080803,N,33,1,12875.57,0,0,0,736.43,10880.48,1.01
M0080804,N,36,1,22024.19,1,0,0,13030.38,5267.15,2.42
M0080805,N,71,0,20014.1,0,1,0,20762.91,5644.36,1.65
M0080806,N,60,1,1624.16,0,0,0,215.55,1458.01,1.79
M0080807,N,39,0,12195.76,1,1,0,4795.81,15324.22,0.83
M0080808,N,76,2,5846.38,1,0,0,2703.15,2285.92,0.0
M0080809,N,42,1,13724.59,1,1,1,8973.66,4622.71,2.49
M0080810,N,57,1,21490.56,1,0,1,6517.71,12823.66,1.44
M0080811,N,63,1,32011.13,0,3,1,2276.99,22876.83,1.61
M0080812,N,65,1,6932.83,0,0,0,3614.03,7478.46,0.0
M0080813,N,33,0,3980.05,0,2,0,999.21,3407.24,1.01
M0080814,N,28,0,4620.22,0,0,1,1345.28,2937.14,0.52
M0080815,N,68,0,6236.71,0,1,0,681.78,6297.43,0.0
M0080816,N,41,2,18484.57,0,0,0,3330.07,13868.14,1.24
M0080817,N,36,1,15961.23,0,2,0,2120.26,15829.47,2.25
M0080818,N,36,0,6676.59,0,0,0,2197.11,9411.24,1.21
M0080819,N,77,0,18574.64,0,2,0,4157.77,13000.57,0.37
M0080820,N,39,2,11644.04,0,1,1,4123.15,13801.6,1.76
M0080821,N,31,2,11206.03,0,0,0,5236.99,6502.98,0.0
M0080822,N,34,2,58676.51,0,2,1,24359.63,35705.9,2.7
M0080823,N,51,0,16986.89,0,1,1,4683.2,23003.9,3.17
M0080824,N,63,1,6502.94,0,0,1,1321.96,4113.29,0.0
M0080825,N,31,1,25169.04,1,0,1,9725.31,21657.32,1.48
M0080826,N,18,2,7654.34,0,0,0,2725.05,6812.83,0.4
M0080827,N,71,2,5434.89,0,2,0,2126.7,3674.43,1.16
M0080828,N,40,1,9477.73,0,0,0,1662.97,11309.79,0.04
M0080829,Y,51,2,175423.31,2,1,3,81413.04,88158.55,3.93
M0080830,N,19,0,20223.98,1,0,0,1404.01,19434.88,0.88
M0080831,N,63,1,9375.28,1,0,0,2094.95,5283.13,0.79
M0080832,N,18,2,12633.1,0,2,0,2468.99,8578.72,0.28
M0080833,N,72,1,18647.53,0,2,0,3542.42,12771.46,3.33
M0080834,N,56,1,14319.39,0,0,1,2236.0,10531.01,1.73
M0080835,N,50,1,5248.82,0,0,0,1738.41,2596.13,1.13
M0080836,N,79,0,6682.1,0,0,0,2059.12,5791.81,1.01
M0080837,N,63,1,50871.79,0,0,2,12200.23,27913.49,1.8
M0080838,N,63,0,4955.36,0,0,0,932.08,5417.41,0.55
M0080839,N,54,2,4868.95,0,1,0,2009.49,3753.03,0.6
M0080840,N,43,3,14332.62,0,0,0,472.87,11725.86,1.06
M0080841,N,27,0,19562.2,1,1,0,3710.0,21462.43,2.08
M0080842,N,72,1,8030.06,1,3,2,3018.79,10248.34,1.55
M0080843,N,49,0,2414.99,0,1,0,420.36,1888.34,0.0
M0080844,N,54,0,4210.25,0,0,0,1118.28,5025.21,0.33
M0080845,N,36,0,19020.22,0,1,0,5223.29,16809.45,0.05
M0080846,N,80,2,10974.95,0,1,1,2796.38,8791.12,0.82
M0080847,Y,77,5,291031.21,5,4,1,107675.58,147424.67,5.21
M0080848,N,72,1,12109.79,0,1,1,3246.44,10451.81,0.64
M0080849,N,55,1,7589.4,0,1,0,2681.61,9647.18,0.69
M0080850,N,63,2,6433.0,0,0,0,5808.09,5819.24,0.99
M0080851,N,71,1,3838.23,0,1,0,913.52,3873.84,0.36
M0080852,N,58,0,4661.9,0,0,1,1594.68,4494.9,1.19
M0080853,N,36,1,46894.48,0,0,0,2881.28,37005.36,1.77
M0080854,N,21,0,3868.07,0,0,0,1431.09,2804.29,0.7
M0080855,N,73,4,5626.44,1,0,0,1223.8,4490.1,0.7
M0080856,N,23,1,13777.85,1,0,0,3578.55,12072.13,1.16
M0080857,N,30,2,19079.5,0,1,0,8990.38,15912.4,1.03
M0080858,N,73,2,14463.42,1,0,0,4971.41,6359.09,1.36
M0080859,N,40,2,7131.24,2,0,0,3609.63,8377.8,1.82
M0080860,N,37,1,10562.27,0,1,0,2583.89,6362.91,1.11
M0080861,N,32,1,26432.3,0,0,0,4176.39,16488.54,0.29
M0080862,N,36,0,5666.91,0,0,0,1427.4,3471.64,0.0
M0080863,N,52,1,3298.68,0,0,0,748.75,2331.39,0.25
M0080864,N,49,0,5400.29,0,1,1,740.48,7745.38,0.6
M0080865,N,54,1,22893.46,1,1,1,12499.46,24174.43,1.69
M0080866,N,56,1,12730.6,0,0,0,1636.56,11479.93,0.0
M0080867,N,36,1,6870.82,0,1,0,1110.27,6572.09,0.99
M0080868,N,76,0,2874.72,0,0,0,510.96,2022.75,1.26
M0080869,N,47,0,9657.82,0,0,1,1107.16,8605.23,0.73
M0080870,N,73,2,13723.39,0,1,0,1090.59,10350.63,1.64
M0080871,N,77,0,13276.02,1,0,0,1474.39,13440.98,0.76
M0080872,N,79,2,24541.77,2,1,0,3418.33,18279.79,2.61
M0080873,N,69,1,13301.74,0,0,1,1500.13,11863.82,2.03
M0080874,N,60,0,4078.06,0,0,0,1647.38,2370.2,1.19
M0080875,N,51,0,16145.08,0,2,0,9330.9,10432.76,2.02
M0080876,N,26,0,9834.55,0,0,0,3629.22,8583.47,0.46
M0080877,N,71,1,11001.82,0,0,0,4521.28,10295.82,2.19
M0080878,N,45,1,8217.89,0,1,0,1271.97,8131.94,0.92
M0080879,N,20,0,7757.64,0,2,0,2028.49,4137.77,1.26
M0080880,N,72,1,10553.52,0,0,0,1949.29,9444.29,0.48
M0080881,N,43,2,2310.5,0,0,1,1175.13,2867.06,0.9
M0080882,N,74,1,3730.14,0,0,0,2185.93,2934.56,2.0
M0080883,N,26,2,17963.67,0,0,0,8113.91,8830.21,0.0
M0080884,N,24,0,1620.43,0,0,0,527.27,1484.79,0.73
M0080885,N,56,1,23622.09,0,0,1,3592.9,16191.02,0.87
M0080886,N,62,0,3184.24,0,0,0,1376.51,3278.82,1.54
M0080887,N,56,0,7237.66,0,1,1,4639.35,6897.19,1.67
M0080888,N,30,1,13944.82,0,3,1,3728.01,19051.53,2.03
M0080889,N,31,0,11348.51,0,0,0,1560.74,7468.02,0.58
M0080890,N,29,0,25802.11,1,2,0,6695.25,24122.95,2.24
M0080891,N,53,1,13294.52,1,2,1,4096.75,15413.54,1.8
M0080892,N,58,2,32988.89,0,2,1,15695.29,16181.76,1.26
M0080893,N,71,2,7406.15,1,3,0,2416.32,7986.07,0.19
M0080894,N,22,2,7762.76,0,0,0,2894.64,5765.33,1.47
M0080895,N,52,2,9562.72,0,1,0,1958.11,8015.51,0.47
M0080896,N,70,2,5926.75,1,0,0,4376.04,3700.7,1.52
M0080897,N,53,1,13194.56,0,0,0,4078.08,15575.34,0.3
M0080898,Y,56,7,283265.68,4,4,3,184133.82,211896.65,6.13
M0080899,N,36,0,7895.17,0,0,0,1004.61,5720.47,1.17
M0080900,N,65,0,20411.36,0,0,0,6167.68,18362.05,1.42
M0080901,N,18,1,7579.56,0,0,1,876.28,5157.84,1.16
M0080902,N,39,1,7523.89,0,0,0,653.5,10563.7,0.0
M0080903,N,21,1,15678.22,0,0,1,6409.58,12038.48,0.87
M0080904,N,55,4,9660.87,0,2,1,2579.15,12741.8,1.85
M0080905,N,27,0,8653.76,1,0,1,1693.15,8234.7,0.0
M0080906,N,38,1,16594.35,0,2,0,5750.27,13847.65,2.87
M0080907,N,41,0,20410.33,0,1,0,6905.74,16101.86,1.48
M0080908,N,67,0,4533.93,1,0,0,2173.61,2295.59,0.56
M0080909,N,59,1,5036.64,0,0,0,1850.21,4430.06,1.1
M0080910,N,48,2,17307.12,2,2,1,7643.43,10407.76,1.29
M0080911,N,75,0,6619.94,0,0,1,2851.12,7380.51,0.5
M0080912,N,52,1,5999.84,0,0,0,1794.45,4045.22,0.37
M0080913,N,51,2,15485.35,0,1,1,1462.93,11530.56,1.2
M0080914,N,34,1,11405.63,0,0,0,3624.02,11141.65,1.65
M0080915,N,68,0,5800.38,0,1,0,2877.0,6322.53,1.19
M0080916,N,61,0,6981.87,0,1,0,3638.36,4484.32,1.62
M0080917,N,26,0,14122.58,0,2,0,4346.61,9613.16,1.1
M0080918,N,40,1,16330.92,0,1,0,1650.6,12538.5,0.0
M0080919,N,79,0,9585.97,0,0,0,1983.05,5564.49,0.62
M0080920,N,68,1,18069.74,0,1,0,7536.02,11168.26,1.31
M0080921,N,71,0,8127.07,0,0,0,1041.25,5793.31,0.0
M0080922,N,23,2,19601.07,0,0,0,3802.77,12821.09,0.55
M0080923,N,78,1,25896.63,0,0,0,4343.86,19161.46,1.49
M0080924,N,48,2,22360.85,1,2,0,6006.45,12383.11,2.21
M0080925,N,68,0,7742.1,1,1,0,5723.29,3616.86,0.0
M0080926,N,73,0,3180.34,0,0,1,3340.29,2164.45,0.0
M0080927,N,21,1,10226.03,0,2,0,6420.99,2767.51,0.85
M0080928,N,62,0,5828.95,0,1,0,2012.32,6513.05,0.94
M0080929,N,74,2,39759.52,1,2,1,16244.76,21070.97,2.2
M0080930,N,29,0,5228.65,0,1,0,1074.74,7789.65,1.09
M0080931,N,46,0,9575.92,0,0,1,2298.41,9998.68,0.0
M0080932,N,67,2,15161.62,1,1,0,7964.02,8104.71,0.89
M0080933,N,77,1,7493.11,1,0,0,1684.7,5936.28,0.7
M0080934,N,51,3,7081.51,0,0,0,6282.36,4294.54,1.44
M0080935,N,80,1,10905.96,1,0,2,1960.03,16152.95,2.73
M0080936,N,59,1,12065.5,0,0,0,6295.92,8516.48,1.91
M0080937,N,26,0,6854.08,0,2,0,2756.57,4881.68,0.95
M0080938,N,49,2,13769.99,0,0,0,1569.28,19826.41,0.79
M0080939,N,68,1,15447.27,1,2,0,8314.68,10849.49,0.96
M0080940,N,71,1,12467.1,0,0,0,1692.49,10237.2,1.02
M0080941,N,63,3,5073.31,0,0,0,4589.12,3322.07,0.88
M0080942,N,30,0,24610.03,0,1,1,3709.1,18691.53,1.63
M0080943,N,30,1,24535.57,2,1,0,1777.37,29368.38,1.58
M0080944,N,25,1,15878.35,1,2,0,3499.71,10298.53,0.79
M0080945,N,55,2,10128.26,0,0,1,2566.49,5842.6,1.03
M0080946,N,68,3,8857.51,0,0,1,4595.98,8684.45,1.69
M0080947,N,79,1,3350.77,0,0,0,803.53,5240.69,1.53
M0080948,N,67,3,9424.26,0,1,0,3343.21,5892.44,1.44
M0080949,N,41,0,7975.46,0,0,0,3911.74,4098.25,1.19
M0080950,N,22,2,7009.19,0,0,0,1244.45,4360.77,0.0
M0080951,N,80,2,33766.12,0,1,0,3976.25,22816.8,2.01
M0080952,Y,77,8,295379.26,3,5,6,177246.92,89626.38,5.32
M0080953,N,29,2,14599.68,1,0,0,6525.35,4985.35,1.55
M0080954,N,41,0,3193.85,0,0,0,532.33,2301.2,1.53
M0080955,N,50,2,21400.98,0,0,0,3956.16,19068.54,0.0
M0080956,N,54,0,5651.53,0,1,1,1809.13,7768.68,0.32
M0080957,N,38,1,15821.07,1,0,1,4373.47,16103.73,0.61
M0080958,N,37,2,3841.84,0,0,0,4026.44,2903.74,1.29
M0080959,Y,38,6,463528.23,5,4,1,33687.64,355936.92,4.25
M0080960,N,71,2,15484.92,1,0,0,1485.03,15660.51,1.4
M0080961,N,51,0,4914.93,0,0,0,1322.35,5860.11,2.05
M0080962,N,69,0,3406.6,0,0,0,826.68,4364.08,0.75
M0080963,N,45,0,13464.74,1,0,0,1347.72,10123.28,1.51
M0080964,N,64,2,12261.87,0,0,1,5078.69,4692.05,1.22
M0080965,N,68,2,20212.16,0,0,0,10097.33,9073.56,1.58
M0080966,N,52,1,9052.71,1,0,0,6534.9,1500.07,1.58
M0080967,N,67,2,17788.08,0,0,0,937.81,14401.6,1.85
M0080968,N,36,1,12424.3,0,0,0,3697.02,6986.29,1.43
M0080969,N,32,1,22721.11,0,1,0,4785.66,16220.75,2.15
M0080970,N,68,2,11411.54,0,0,0,2891.62,14277.76,2.24
M0080971,N,32,1,15858.62,0,0,0,1342.01,17295.34,1.27
M0080972,N,70,0,4874.08,0,0,0,1127.21,5030.36,0.74
M0080973,N,35,3,16157.16,0,0,1,9713.44,16353.45,1.12
M0080974,N,46,0,7726.72,0,2,1,7220.14,2439.97,0.01
M0080975,N,69,0,14236.64,0,0,0,2518.06,12262.48,3.24
M0080976,N,75,0,5293.47,0,0,0,1691.51,4034.13,0.24
M0080977,N,40,1,19609.44,1,1,0,4828.69,13375.77,1.03
M0080978,N,69,1,6587.46,0,0,0,3551.1,5838.22,1.02
M0080979,N,69,1,15484.2,0,3,1,13942.05,12810.9,0.78
M0080980,N,80,0,22762.0,0,0,0,5030.49,15730.3,0.05
M0080981,N,29,0,20548.88,0,0,0,1774.79,19927.1,2.77
M0080982,N,73,2,5579.72,1,1,0,1747.33,7425.78,1.72
M0080983,N,35,0,17120.29,0,2,0,5083.63,11743.14,0.14
M0080984,N,21,0,10795.54,1,0,0,2103.91,14682.12,1.16
M0080985,N,28,0,17762.05,0,1,2,6550.83,8638.88,1.27
M0080986,N,34,0,10815.71,0,0,0,3549.1,9332.52,1.23
M0080987,N,48,1,5733.83,0,0,1,2288.05,6587.99,0.41
M0080988,N,51,1,7631.91,1,1,0,3553.41,7959.77,1.31
M0080989,N,54,0,12776.44,0,0,1,1207.49,19863.43,1.14
M0080990,N,54,0,15945.65,1,3,0,8675.29,8144.86,1.77
M0080991,N,48,2,20248.21,0,1,2,3423.56,23181.13,0.0
M0080992,N,24,1,33908.62,0,2,0,979.63,28296.2,0.09
M0080993,Y,36,2,107080.93,2,2,1,68178.94,72327.39,3.78
M0080994,N,42,1,9571.56,1,3,0,4281.66,6891.09,1.55
M0080995,N,61,0,1799.32,0,0,0,1785.22,1471.61,0.44
M0080996,N,58,1,20824.11,0,0,0,5091.73,11896.54,1.2
M0080997,N,42,0,6877.17,0,0,2,1125.27,4924.92,1.94
M0080998,N,37,2,15448.61,0,0,1,8438.46,8198.68,1.37
M0080999,N,77,0,4379.46,1,1,0,4005.28,3364.76,2.78
M0081000,N,69,0,9424.17,1,1,0,2315.7,8757.54,0.82
M0081001,N,80,0,19030.93,1,0,0,2323.78,25457.29,1.17
M0081002,N,41,1,16272.7,1,1,0,1695.68,11089.19,0.01
M0081003,N,34,1,8467.15,0,0,0,2876.37,4087.34,1.58
M0081004,N,32,0,12023.58,0,2,0,7006.58,7757.74,2.35
M0081005,N,29,1,8693.77,0,0,0,3235.16,10057.21,0.73
M0081006,N,38,0,12055.12,0,1,1,7362.26,4485.25,1.18
M0081007,N,54,0,4822.3,1,0,0,2935.47,2545.41,0.23
M0081008,N,46,0,11877.07,0,2,0,1310.04,10591.81,0.83
M0081009,N,52,2,17485.54,0,1,0,8505.04,6365.44,1.36
M0081010,N,48,3,21373.78,1,0,0,2998.57,17524.34,2.08
M0081011,N,47,1,22940.11,0,0,1,3557.3,20957.96,1.41
M0081012,N,24,2,17753.56,1,0,1,3288.54,22622.97,0.09
M0081013,N,73,3,11926.43,1,2,0,6842.18,4308.52,2.74
M0081014,N,73,1,11974.76,0,0,0,1452.98,10001.0,2.18
M0081015,N,28,1,12752.05,0,1,0,6831.16,14502.43,2.34
M0081016,N,66,1,14560.61,2,0,0,5548.99,11875.14,2.5
M0081017,N,22,0,6722.15,0,0,0,681.55,6771.14,0.0
M0081018,N,57,1,75616.14,0,2,1,1180.27,58975.77,1.34
M0081019,N,47,0,8865.8,0,2,1,2601.24,9177.66,1.1
M0081020,N,29,2,5962.32,0,0,0,1498.14,8786.5,1.34
M0081021,N,44,0,7358.51,1,0,0,641.1,12671.64,0.76
M0081022,N,43,0,7665.1,0,1,2,578.56,7611.11,0.17
M0081023,N,79,0,8090.63,0,0,1,1616.26,7138.17,3.41
M0081024,N,18,1,8913.35,0,1,0,2984.62,6188.56,0.88
M0081025,N,57,1,6414.82,0,0,0,1033.71,4619.49,0.58
M0081026,Y,83,4,206385.48,4,4,5,70638.54,160765.43,4.21
M0081027,N,50,0,20314.16,1,0,0,5549.4,10634.94,1.31
M0081028,N,50,2,14404.04,0,1,0,13864.5,6878.5,3.77
M0081029,N,74,0,26298.71,1,1,0,7342.5,36128.23,2.18
M0081030,N,19,0,3427.62,0,0,0,1111.46,3792.47,0.0
M0081031,N,38,0,5570.0,0,1,0,761.42,4517.22,0.0
M0081032,N,23,1,7993.68,0,1,0,1955.04,5468.08,0.96
M0081033,N,53,1,29082.54,0,0,0,23608.7,2034.13,1.16
M0081034,N,78,0,18315.84,0,1,0,7352.4,10804.37,1.77
M0081035,N,52,0,1750.73,0,0,1,530.14,1752.43,1.08
M0081036,N,48,0,7895.21,0,0,0,1897.17,6074.3,0.45
M0081037,N,61,1,15286.01,0,0,0,10747.36,10601.2,1.91
M0081038,N,24,0,4702.93,0,0,0,2182.32,4102.66,1.03
M0081039,N,19,0,21193.54,0,0,0,2781.19,22948.47,0.0
M0081040,Y,48,4,236099.29,1,4,6,125730.51,200002.6,3.94
M0081041,N,50,0,9223.14,0,2,0,12975.6,2556.61,1.37
M0081042,N,57,2,10115.11,0,0,0,8481.1,6850.14,2.02
M0081043,N,74,2,18212.66,1,1,0,2475.63,16213.45,1.88
M0081044,N,73,0,3391.44,0,0,0,451.36,3696.09,0.0
M0081045,N,51,0,10362.26,0,1,1,2814.74,6008.95,0.36
M0081046,N,73,2,14231.11,0,0,0,2724.6,13288.86,2.68
M0081047,N,72,2,19410.81,0,2,0,1532.28,19654.05,2.16
M0081048,N,64,2,12952.77,0,0,0,3345.43,9511.01,2.63
M0081049,N,51,1,10896.48,0,0,0,828.65,12324.88,0.19
M0081050,N,76,1,6585.98,0,1,0,2190.85,7569.38,2.2
M0081051,N,23,2,2348.7,0,0,0,417.51,3423.71,0.47
M0081052,N,79,0,6272.6,0,0,0,3868.17,6381.07,0.48
M0081053,N,21,0,6687.78,1,1,1,1169.89,5386.71,0.34
M0081054,N,39,1,12182.87,0,0,1,1444.27,11671.92,0.0
M0081055,N,19,3,2124.18,0,0,0,2178.09,1661.47,0.47
M0081056,N,20,1,4009.86,0,1,0,994.48,2877.44,0.33
M0081057,N,29,1,24798.26,0,0,0,1390.16,19739.78,1.76
M0081058,N,61,0,7126.17,0,0,1,1464.75,4128.42,0.36
M0081059,N,57,0,5891.01,1,1,0,2283.15,2606.9,1.91
M0081060,N,70,0,4018.33,0,0,0,1488.99,2622.41,1.03
M0081061,N,70,0,8126.84,1,0,0,4065.21,5327.35,0.0
M0081062,N,79,0,7442.33,1,2,0,2295.4,9347.41,0.41
M0081063,N,51,1,11811.2,1,0,0,3878.42,10679.52,1.18
M0081064,N,69,0,19861.27,0,1,0,7078.03,18198.94,1.44
M0081065,N,73,1,23468.55,0,0,0,4114.84,26096.86,2.0
M0081066,N,24,0,4129.13,1,0,0,793.24,3339.03,0.79
M0081067,N,38,1,7929.2,0,1,0,4891.35,4701.44,0.58
M0081068,N,49,1,4446.07,0,0,0,2566.83,2795.93,0.98
M0081069,N,18,1,2977.75,0,1,0,3737.08,722.18,0.62
M0081070,N,41,0,7942.7,0,0,0,1450.57,6873.07,0.4
M0081071,N,70,0,9533.14,0,1,0,3324.76,10696.15,0.73
M0081072,N,34,0,9993.83,0,0,0,5614.72,10102.35,1.03
M0081073,N,29,2,20797.57,0,0,1,14767.6,7281.27,1.53
M0081074,N,28,0,12171.78,0,0,0,3531.74,6507.94,1.36
M0081075,N,58,0,40607.82,1,0,0,3285.7,45127.17,1.31
M0081076,N,43,1,12771.76,0,0,0,4085.2,8841.26,0.07
M0081077,N,33,2,18784.49,1,2,0,6226.81,13752.89,0.69
M0081078,N,23,0,8301.14,0,0,0,1761.25,6024.26,1.31
M0081079,N,43,0,7016.01,0,1,0,1428.07,5401.44,0.0
M0081080,N,71,0,21216.0,0,0,0,4938.8,13604.66,0.0
M0081081,N,25,0,8783.84,0,0,0,400.0,6503.26,0.0
M0081082,N,73,1,11287.21,0,0,0,5824.44,3981.49,0.0
M0081083,N,56,1,12949.17,0,0,1,6245.06,4484.32,0.0
M0081084,Y,55,8,286480.94,1,6,6,78005.4,242075.73,6.38
M0081085,Y,64,2,327006.59,1,5,4,124711.12,215094.3,6.61
M0081086,N,31,3,13597.42,0,0,0,10132.41,2581.89,2.17
M0081087,N,71,2,11040.06,0,0,1,4305.66,10668.66,1.27
M0081088,N,38,0,11763.12,0,1,0,2777.03,11045.17,0.15
M0081089,N,61,2,3927.0,1,0,0,2392.09,2779.03,0.0
M0081090,N,34,0,5941.58,0,0,0,2765.44,6143.79,0.87
M0081091,N,61,0,4074.44,0,0,0,1226.25,3001.22,0.0
M0081092,N,55,0,34011.94,0,3,0,10210.23,16481.2,0.09
M0081093,N,39,1,14838.9,0,1,0,2417.48,17870.02,2.2
M0081094,N,72,2,4091.22,0,0,0,1410.4,5451.3,1.98
M0081095,N,67,1,31308.83,0,0,0,7895.47,37097.12,0.56
M0081096,N,54,0,8790.42,0,1,0,1867.3,9755.58,2.16
M0081097,N,54,2,11811.98,0,1,1,5797.44,13067.81,2.2
M0081098,N,45,1,3220.17,0,1,1,592.81,2694.08,0.56
M0081099,N,57,1,4294.88,0,1,1,217.85,4347.12,0.93
M0081100,N,32,2,7279.99,0,1,0,1359.78,9294.06,1.75
M0081101,N,53,0,14423.55,0,2,0,2278.2,12847.16,0.16
M0081102,N,68,1,3221.63,1,0,0,1790.07,2312.2,0.0
M0081103,N,28,1,29447.9,0,0,0,690.37,23191.67,2.42
M0081104,N,42,0,10503.66,0,1,0,4878.12,7122.34,2.69
M0081105,N,66,1,11665.74,0,0,0,7568.45,9544.69,0.93
M0081106,N,76,2,6268.61,0,0,0,1227.1,3831.84,0.97
M0081107,N,32,1,16484.61,0,0,1,2795.31,14817.9,0.16
M0081108,N,27,0,8306.06,0,2,0,314.26,6357.48,1.43
M0081109,N,25,1,6218.67,0,0,0,1659.57,5242.05,0.82
M0081110,N,34,0,14375.73,1,1,0,7170.09,8604.56,0.07
M0081111,N,69,1,5410.41,0,0,1,1885.68,4074.9,0.72
M0081112,N,60,0,2630.86,1,0,0,1624.69,1729.26,2.19
M0081113,N,66,1,4657.87,1,0,1,2842.17,2279.55,0.76
M0081114,N,23,0,8551.05,2,0,0,1468.65,11325.22,0.73
M0081115,N,66,2,52231.62,0,1,0,19999.88,26926.03,2.08
M0081116,N,49,0,12571.0,0,0,0,13117.58,9130.41,1.19
M0081117,N,42,0,29578.07,0,0,0,7988.79,17715.62,1.59
M0081118,Y,48,6,303107.97,1,2,5,107158.32,199003.44,5.73
M0081119,N,20,0,4942.99,0,0,0,1266.15,4728.78,2.09
M0081120,N,33,0,7938.95,0,0,0,4520.48,4337.29,0.35
M0081121,Y,53,6,215420.5,4,4,4,52320.62,196892.77,6.9
M0081122,N,53,2,6403.24,0,1,0,2250.14,6508.62,0.9
M0081123,N,56,1,16974.43,0,0,1,2303.57,13311.0,1.1
M0081124,N,31,2,50003.55,0,1,0,5010.69,38695.69,2.0
M0081125,N,18,1,10661.08,0,0,0,1727.02,7982.0,0.32
M0081126,Y,84,5,149917.68,3,4,2,68906.33,100234.67,6.7
M0081127,N,66,2,10174.7,1,1,1,4056.32,4720.69,1.98
M0081128,N,23,2,5104.36,0,1,0,736.58,4277.01,0.61
M0081129,N,71,1,24563.66,0,2,0,7615.11,11663.62,1.15
M0081130,Y,50,4,228506.77,2,1,6,90350.37,110422.4,3.96
M0081131,Y,39,3,154993.61,2,2,1,28753.5,134914.59,3.19
M0081132,N,74,2,10614.01,2,0,0,2223.84,7456.43,1.27
M0081133,N,30,0,8255.19,0,1,0,1179.53,11927.24,0.19
M0081134,N,57,0,15813.33,0,0,1,1895.87,13987.75,0.0
M0081135,N,45,2,8840.69,1,2,0,2585.84,13252.62,0.35
M0081136,N,71,0,3934.71,0,0,0,475.19,2860.77,0.86
M0081137,N,51,0,5947.16,0,0,0,5001.23,5058.1,0.17
M0081138,N,58,1,4613.3,0,0,0,1317.24,3572.39,0.0
M0081139,N,34,3,18561.8,1,0,1,1301.88,27193.89,2.4
M0081140,N,36,1,7942.59,1,0,0,4761.05,5140.35,0.34
M0081141,N,66,1,25346.27,0,2,1,15729.89,7688.68,2.16
M0081142,N,33,1,24514.58,0,0,0,7083.07,17900.12,1.34
M0081143,N,45,1,13286.73,0,0,1,1324.94,11331.27,0.39
M0081144,N,58,2,6961.23,0,1,0,3850.28,6033.56,1.18
M0081145,N,29,0,12902.75,0,0,0,3731.72,7992.0,0.9
M0081146,Y,40,4,275328.66,3,2,3,75372.27,270820.22,5.76
M0081147,N,66,0,8158.02,0,0,0,2881.4,8572.08,1.8
M0081148,N,76,3,5913.18,0,0,0,2820.31,4245.76,2.01
M0081149,N,70,4,8451.69,0,2,0,4296.9,7265.2,1.56
M0081150,N,39,2,18579.79,0,1,0,6282.52,21115.59,2.34
M0081151,Y,43,5,452470.99,7,3,5,115384.24,262604.01,5.0
M0081152,N,28,2,4128.35,0,0,0,1597.23,4485.52,1.35
M0081153,N,63,1,18516.33,1,1,0,4236.28,13280.96,0.71
M0081154,N,55,1,5277.62,0,0,0,794.13,5625.09,1.29
M0081155,N,33,2,3321.21,0,0,0,977.81,4020.85,0.0
M0081156,N,33,2,24248.45,0,1,0,7098.42,14070.55,0.85
M0081157,N,49,0,9911.08,2,0,0,3706.71,7431.55,0.57
M0081158,N,29,1,16015.28,0,1,0,1193.35,11350.06,0.69
M0081159,N,37,0,10360.36,0,0,1,2767.02,9859.14,0.72
M0081160,N,49,0,34290.28,0,3,2,7090.31,24786.47,2.15
M0081161,N,31,1,6905.88,1,0,1,3442.28,5386.74,1.16
M0081162,N,43,0,2970.63,0,0,0,197.37,3189.67,1.9
M0081163,N,24,1,26465.85,0,0,0,4016.34,22089.89,1.88
M0081164,N,21,0,8817.71,0,0,0,8385.81,5617.93,0.86
M0081165,N,33,1,7888.13,0,0,0,3048.06,3529.49,1.0
M0081166,N,66,2,4694.61,0,1,0,1449.33,6166.63,0.0
M0081167,N,43,0,4918.51,0,2,0,2132.56,3662.28,0.15
M0081168,N,63,0,14889.72,0,0,0,4721.49,7018.28,1.51
M0081169,N,73,0,3111.67,0,1,0,952.66,2304.09,1.34
M0081170,N,39,1,6513.95,1,0,0,2528.44,9052.65,1.26
M0081171,N,41,1,14961.23,0,1,0,3737.87,10588.92,0.41
M0081172,N,73,3,15819.15,1,1,3,6807.51,10712.17,1.55
M0081173,N,35,1,9441.31,0,0,1,1195.78,8017.26,2.55
M0081174,N,32,2,8449.1,0,1,0,1982.56,5449.24,0.0
M0081175,N,45,0,12403.96,0,2,0,4283.79,5591.97,1.77
M0081176,N,38,1,33516.51,0,0,0,5145.61,24659.2,1.95
M0081177,N,64,3,19018.92,0,0,0,16175.5,17787.54,1.26
M0081178,N,26,2,23845.81,0,1,0,3324.29,18578.45,0.0
M0081179,N,51,0,5629.69,0,0,0,2985.55,3586.75,0.47
M0081180,N,50,2,2805.06,0,0,0,923.91,3656.84,1.6
M0081181,N,33,1,5587.52,0,1,0,1068.68,5851.3,1.13
M0081182,N,50,0,3123.08,0,0,1,800.35,4626.85,2.22
M0081183,N,79,2,14174.76,0,1,0,1579.63,14723.48,1.67
M0081184,N,80,1,7138.19,0,0,0,1647.59,5759.84,0.74
M0081185,N,33,1,2851.45,0,2,0,1507.04,3193.84,0.69
M0081186,N,47,2,26272.34,0,0,1,1920.0,39402.92,2.34
M0081187,N,33,2,27848.24,1,2,2,15006.68,9657.28,2.79
M0081188,N,26,2,8710.1,1,1,0,4073.03,3217.39,1.28
M0081189,N,64,0,7010.82,0,1,1,3271.42,6561.53,1.84
M0081190,N,66,0,22055.5,0,0,1,8704.97,9049.45,1.46
M0081191,N,45,2,6555.11,2,2,0,4181.81,4714.14,1.2
M0081192,N,73,2,34949.5,0,2,0,1075.14,26467.83,2.01
M0081193,N,29,1,1915.23,0,0,1,1488.46,1405.0,0.0
M0081194,N,18,2,7576.78,0,0,0,3069.0,9004.86,2.56
M0081195,Y,44,7,167915.47,2,5,1,70634.41,123261.88,4.05
M0081196,N,21,0,9847.1,0,0,0,3483.24,4384.27,1.13
M0081197,N,26,2,22520.08,0,1,1,20530.09,4749.77,1.97
M0081198,Y,82,2,218990.78,2,2,2,115117.48,139817.67,3.88
M0081199,N,31,1,32319.47,0,0,1,6555.49,21112.52,1.24
M0081200,N,72,0,3681.01,0,0,0,1693.71,2315.37,0.07
M0081201,N,46,0,11691.45,0,0,0,943.94,10231.19,0.88
M0081202,Y,79,4,229016.7,1,4,1,131058.97,79243.28,4.79
M0081203,N,58,1,5917.56,0,1,0,2712.4,2317.96,1.74
M0081204,N,61,1,22832.53,0,0,0,9031.14,10281.28,0.63
M0081205,N,51,3,12368.88,0,0,0,5290.03,6173.91,2.74
M0081206,N,28,0,16558.31,0,2,0,6780.77,7819.84,1.78
M0081207,N,39,1,18114.42,0,2,2,4074.23,18572.01,2.48
M0081208,N,63,0,45251.83,1,2,1,23430.26,27715.12,1.84
M0081209,N,21,1,9436.73,0,0,1,4610.94,6117.22,1.88
M0081210,N,62,1,10110.84,0,0,0,429.11,8105.49,0.86
M0081211,N,26,2,18536.41,0,1,1,5838.05,24072.94,1.17
M0081212,N,33,2,23741.36,1,0,1,1876.79,18637.23,1.93
M0081213,N,34,1,6964.18,0,0,1,3672.59,2315.31,0.0
M0081214,N,71,1,8339.85,0,0,1,2942.37,10715.63,1.97
M0081215,N,27,2,8029.36,0,2,2,1699.33,11711.13,1.8
M0081216,N,27,3,9189.26,0,0,0,3165.63,11220.66,0.38
M0081217,N,57,0,2119.3,0,0,0,869.81,2007.2,0.0
M0081218,N,39,0,11367.29,0,0,1,9333.42,8294.98,1.24
M0081219,N,51,0,8253.89,0,0,1,3776.22,5877.65,0.68
M0081220,N,19,0,4380.45,1,1,0,2033.02,4369.14,0.51
M0081221,N,69,1,18735.56,0,1,0,3267.4,12483.68,1.49
M0081222,N,21,1,19895.84,2,2,1,11675.92,8416.34,1.22
M0081223,N,64,0,5289.7,0,0,0,1094.08,3914.29,1.21
M0081224,N,33,1,17306.11,1,2,2,5031.59,12693.79,2.64
M0081225,N,26,0,5095.15,0,1,0,1270.59,3975.51,0.73
M0081226,N,60,0,3429.13,0,0,1,589.0,2437.0,0.72
M0081227,N,67,1,6116.53,0,0,1,2386.15,3340.18,1.79
M0081228,N,37,1,14665.28,0,0,0,3146.48,18163.93,0.95
M0081229,N,76,2,5485.93,0,0,2,676.72,5274.82,0.18
M0081230,N,79,0,8855.95,0,0,0,982.89,6016.54,1.35
M0081231,N,21,2,13894.85,0,1,0,2489.13,10370.9,1.68
M0081232,N,53,1,23485.51,2,1,1,5402.76,12980.6,0.71
M0081233,N,40,1,4373.56,1,0,1,2584.61,3751.83,0.0
M0081234,N,34,1,5268.62,0,0,0,258.01,4415.99,0.0
M0081235,N,61,2,10710.84,0,3,0,2312.13,7387.74,0.0
M0081236,N,62,0,18691.27,0,1,0,8191.08,8125.12,1.71
M0081237,N,66,2,6974.24,0,0,0,1142.17,10635.97,0.48
M0081238,N,75,0,15674.97,1,0,0,4508.72,10944.99,1.67
M0081239,N,31,1,15978.18,0,0,0,800.87,11752.44,0.0
M0081240,N,46,2,6783.53,0,0,0,898.99,7520.7,0.0
M0081241,N,29,1,25307.54,0,1,1,9585.71,26743.21,0.67
M0081242,N,33,1,6564.45,0,0,0,1662.53,4715.48,0.4
M0081243,N,44,2,34183.35,0,2,0,5246.54,35806.41,0.93
M0081244,N,18,0,9542.23,1,1,0,2645.46,6965.15,0.28
M0081245,N,19,1,8816.27,0,0,0,3179.33,7095.47,2.27
M0081246,N,65,3,13587.19,0,1,0,1430.21,14566.57,1.29
M0081247,N,52,1,20475.6,1,0,0,1959.98,16212.18,1.41
M0081248,N,34,0,9643.58,0,0,0,3650.05,13813.88,0.0
M0081249,N,48,1,2946.55,1,0,1,1986.04,3048.99,0.0
M0081250,N,55,2,4252.14,1,0,0,1116.55,2477.98,0.02
M0081251,N,55,1,6347.46,0,0,0,5441.94,4285.54,1.14
M0081252,N,22,0,9107.66,0,0,0,2956.47,4166.44,0.0
M0081253,N,23,3,11400.86,0,0,0,1380.64,11938.06,2.16
M0081254,N,64,0,34622.61,1,0,0,855.73,27338.28,0.02
M0081255,N,43,0,3193.3,0,0,0,1324.34,3722.77,0.43
M0081256,N,50,1,4307.36,0,0,0,1799.24,4768.24,0.53
M0081257,N,49,1,24902.7,0,1,0,14035.71,10604.72,0.5
M0081258,N,41,0,8120.72,0,2,0,1689.56,10711.16,2.73
M0081259,N,71,2,8649.26,0,1,1,1758.69,11639.93,2.07
M0081260,N,71,0,8404.93,0,0,0,1129.33,8508.96,0.64
M0081261,N,39,1,7510.57,0,1,1,3153.36,3115.97,2.2
M0081262,N,46,1,2590.86,0,0,0,815.71,1809.02,1.92
M0081263,N,32,0,16516.54,1,2,0,6442.68,11162.62,2.55
M0081264,N,56,2,16397.99,0,0,0,1745.02,14686.99,1.79
M0081265,N,53,1,5046.59,0,0,1,1515.82,7069.45,0.16
M0081266,N,80,1,8601.39,0,0,0,3706.51,4782.23,0.87
M0081267,N,42,2,10872.81,0,0,1,4926.15,5135.46,2.13
M0081268,N,19,1,6260.31,0,1,1,2753.39,5619.38,1.09
M0081269,N,59,1,31434.02,0,1,1,27902.81,12461.17,0.54
M0081270,N,68,0,8551.45,0,0,0,1856.29,6375.08,0.0
M0081271,N,31,1,6227.56,0,0,0,1602.18,6000.96,0.52
M0081272,N,26,1,11432.12,0,2,1,7315.71,12920.02,1.0
M0081273,N,43,0,7122.21,0,0,0,1486.38,6537.29,0.35
M0081274,N,46,1,4222.48,0,0,0,2680.06,3122.68,1.33
M0081275,N,22,0,8252.09,0,0,0,2760.08,5027.73,0.0
M0081276,N,33,2,24296.26,0,2,0,8287.6,13408.61,1.43
M0081277,N,34,0,9376.11,0,0,0,4356.32,4169.99,0.56
M0081278,N,49,1,10965.88,0,0,0,1678.96,16554.61,1.47
M0081279,N,59,2,17420.16,0,0,0,4966.73,20860.5,2.24
M0081280,N,34,0,39742.23,0,0,1,1883.12,54170.15,2.47
M0081281,N,65,0,6789.17,0,0,0,1767.72,4393.34,0.79
M0081282,N,65,1,8550.9,0,1,0,3220.19,4668.98,0.02
M0081283,N,75,0,5285.29,0,0,0,2423.27,6929.8,0.26
M0081284,N,31,1,27593.11,0,0,0,9860.31,14307.05,0.82
M0081285,N,69,0,8439.93,0,0,0,607.05,12061.54,1.1
M0081286,N,71,1,7080.73,0,1,0,4382.73,6895.44,1.9
M0081287,N,80,2,14766.39,0,0,0,4307.34,9189.73,0.25
M0081288,N,45,0,4385.22,0,2,0,2829.74,4366.62,0.93
M0081289,N,19,0,43094.46,0,0,0,4024.06,42631.23,2.26
M0081290,N,47,0,8459.86,1,1,1,1583.56,6115.32,2.28
M0081291,N,22,1,26573.7,0,1,0,2714.17,19815.79,0.24
M0081292,N,31,0,8490.12,0,1,0,7138.21,4627.46,0.12
M0081293,N,61,1,5894.72,0,0,0,2094.12,6448.32,1.08
M0081294,N,62,0,19709.91,0,1,0,4203.49,18036.92,0.38
M0081295,N,29,0,5796.29,0,0,0,1424.98,3596.49,0.0
M0081296,N,21,2,15634.03,0,0,0,3246.27,12559.51,0.65
M0081297,N,69,2,2747.87,0,0,0,413.53,2246.29,1.75
M0081298,N,22,3,9969.6,0,2,0,3790.15,9114.23,2.5
M0081299,N,69,0,4495.03,0,0,0,1217.72,2769.43,0.6
M0081300,N,32,2,11750.64,0,0,0,2906.34,7575.64,0.0
M0081301,N,76,0,6707.76,1,1,0,2730.44,6190.38,0.44
M0081302,N,65,1,8961.73,0,0,0,1022.41,11123.8,1.12
M0081303,N,54,2,33729.75,1,3,1,5784.72,20869.39,1.4
M0081304,N,35,1,9855.26,1,0,0,8270.47,2201.51,0.6
M0081305,N,76,1,10838.32,0,1,0,2003.83,6876.03,0.0
M0081306,N,71,2,11317.14,1,1,0,7900.97,6041.5,2.07
M0081307,N,70,2,11250.73,0,2,0,2922.71,7982.2,0.63
M0081308,N,52,0,2821.86,0,0,0,3190.69,1286.3,0.0
M0081309,N,79,0,11658.61,0,1,1,6948.1,9338.74,0.0
M0081310,N,76,1,7897.19,0,0,1,2844.01,3458.49,0.6
M0081311,N,21,2,8075.74,0,0,0,3555.43,6402.95,1.69
M0081312,N,56,2,17299.83,0,2,0,6028.4,20645.59,0.38
M0081313,N,80,1,15609.53,0,2,0,9501.74,16438.86,2.58
M0081314,N,19,0,10302.75,1,1,0,1252.88,15882.9,1.64
M0081315,N,63,1,59068.68,0,1,0,12390.89,40033.02,0.03
M0081316,N,79,2,32169.4,0,2,0,5902.27,23041.03,1.38
M0081317,N,51,0,9055.63,0,1,0,2332.6,6822.19,0.0
M0081318,N,78,0,8215.2,0,0,0,1071.18,11646.99,0.0
M0081319,N,35,0,4212.1,0,0,0,1748.21,4751.47,0.74
M0081320,N,26,0,13501.42,0,1,1,5553.62,5837.15,2.37
M0081321,N,67,1,16017.2,0,1,0,861.62,14634.3,0.0
M0081322,N,72,0,3388.22,0,1,0,880.72,2975.84,0.73
M0081323,N,47,0,12354.7,0,2,0,1267.35,9529.45,0.09
M0081324,N,27,0,22081.19,0,0,1,1397.3,35953.22,1.33
M0081325,N,75,1,5477.01,0,0,1,2969.72,2225.41,0.14
M0081326,N,53,3,19307.09,0,1,0,4120.74,16034.65,1.74
M0081327,N,46,3,7338.3,1,0,0,2684.01,8351.71,0.51
M0081328,N,66,0,9392.38,0,0,1,1998.16,7029.96,0.83
M0081329,N,63,2,20168.2,1,2,0,5157.64,15606.63,1.42
M0081330,N,76,1,7146.73,0,1,0,2201.63,5552.77,0.0
M0081331,N,28,1,6268.01,0,0,1,3254.2,2045.95,0.03
M0081332,N,68,3,19578.05,0,0,0,4202.92,16082.03,2.65
M0081333,N,71,0,8523.67,0,0,0,5516.15,1950.49,1.41
M0081334,N,33,2,24142.49,0,1,0,5612.72,17921.1,1.16
M0081335,N,22,0,3811.84,0,0,0,3688.3,2225.43,2.03
M0081336,N,58,0,19569.61,1,0,0,7786.99,10734.97,1.5
M0081337,N,52,0,5294.98,1,2,0,925.97,8562.25,1.74
M0081338,N,62,1,8833.59,0,0,0,2819.61,10011.83,0.51
M0081339,N,21,3,16345.93,0,0,0,7576.57,7846.68,0.08
M0081340,N,36,0,6502.26,0,1,1,760.97,5865.01,0.58
M0081341,N,49,0,15467.88,1,0,0,1238.92,13179.44,0.75
M0081342,N,44,0,12556.4,0,1,1,1672.12,9277.67,1.05
M0081343,N,27,0,11021.42,0,1,1,3222.38,7155.37,0.76
M0081344,N,19,0,24096.14,0,0,0,11801.32,13507.63,1.91
M0081345,N,68,2,11182.6,2,0,0,1968.25,7635.28,0.7
M0081346,N,51,0,19513.66,0,1,0,4020.56,11417.9,2.39
M0081347,N,65,2,65165.65,1,3,0,18686.05,37526.52,1.51
M0081348,N,33,2,15396.48,0,1,0,2988.76,12613.27,0.0
M0081349,N,51,0,9303.11,0,0,0,3362.64,4981.86,0.82
M0081350,N,75,1,16806.07,0,1,0,3832.81,9957.36,1.07
M0081351,N,77,1,4002.47,1,1,0,2354.22,4423.09,0.87
M0081352,N,38,0,14752.32,0,0,0,5307.58,6728.57,3.63
M0081353,N,65,2,7649.41,0,1,1,1219.43,9263.04,0.9
M0081354,N,76,2,6746.86,0,0,0,952.78,4977.19,1.68
M0081355,N,47,0,9064.26,0,2,1,2499.88,7565.37,1.64
M0081356,N,78,1,6250.49,0,1,0,1417.44,3944.53,0.0
M0081357,N,65,1,9916.59,0,0,0,3109.46,5906.97,0.0
M0081358,N,58,0,6970.87,0,2,0,1496.75,7845.19,1.31
M0081359,N,64,0,20708.22,0,2,0,4726.84,11513.17,0.82
M0081360,N,50,0,19888.52,1,3,0,4640.35,16663.41,0.0
M0081361,N,22,0,7114.97,0,0,0,714.18,6923.63,1.18
M0081362,N,23,1,1806.31,0,0,0,872.12,1877.06,1.73
M0081363,N,56,1,12674.95,0,0,0,3674.51,12660.87,0.85
M0081364,N,76,1,8885.3,0,2,1,2593.67,5794.38,2.55
M0081365,N,79,1,4816.77,0,1,0,2049.44,5208.44,0.0
M0081366,N,37,0,4722.94,0,1,0,4005.17,2610.02,0.29
M0081367,N,43,1,9813.89,0,0,0,932.36,7209.29,2.04
M0081368,N,78,0,10799.82,0,0,1,8592.27,5583.41,0.71
M0081369,N,44,2,4513.28,0,1,0,2573.8,5547.05,0.65
M0081370,N,67,0,12211.4,0,3,0,7105.91,2782.42,0.41
M0081371,N,78,3,19522.62,2,1,0,10055.07,15068.31,0.91
M0081372,N,24,2,9616.3,0,1,0,2771.4,7820.3,1.93
M0081373,N,19,1,8172.86,0,0,0,5036.86,4563.16,0.39
M0081374,N,30,2,3874.26,0,0,0,1829.89,2336.96,0.0
M0081375,N,38,1,3483.61,0,0,2,859.02,4601.53,0.0
M0081376,N,64,1,9521.32,0,0,0,3367.93,7625.18,0.0
M0081377,N,46,0,17726.56,2,1,0,3591.19,27106.72,2.47
M0081378,N,80,0,9192.43,0,0,0,3086.94,8757.43,0.82
M0081379,N,57,1,2959.77,0,1,1,362.12,1955.84,0.0
M0081380,N,63,0,10941.39,0,2,0,2745.3,15731.42,1.33
M0081381,N,25,0,11392.54,0,1,0,4657.13,5879.68,0.96
M0081382,N,29,0,9791.66,0,0,0,1980.04,7645.14,0.4
M0081383,N,46,1,8865.49,0,0,2,3635.39,4324.29,1.51
M0081384,N,59,0,8660.47,0,0,0,1601.67,6076.56,0.6
M0081385,N,26,1,39067.42,1,2,1,4634.71,26189.7,2.34
M0081386,N,67,0,10679.15,0,2,1,3012.97,9484.89,1.06
M0081387,N,46,0,17842.24,1,0,0,484.82,13497.05,0.57
M0081388,N,31,1,14367.52,0,1,0,3989.27,16875.57,1.71
M0081389,N,57,1,6551.83,0,0,1,752.5,7829.85,0.61
M0081390,N,69,1,18538.79,0,1,0,1194.77,15775.84,1.52
M0081391,N,25,0,8505.82,0,0,0,3890.29,3146.49,1.62
M0081392,N,67,1,6074.7,0,1,1,1555.51,7178.32,0.8
M0081393,N,57,2,34219.73,0,1,1,2504.54,31396.42,2.5
M0081394,N,23,0,4877.46,1,0,0,885.47,6729.68,0.82
M0081395,N,20,2,12452.74,0,1,0,604.61,9858.58,0.55
M0081396,N,53,1,4298.63,1,0,0,2612.79,2965.14,0.4
M0081397,N,45,0,3163.58,0,1,0,1019.27,4341.42,1.43
M0081398,N,47,1,10404.36,0,2,1,4878.96,9078.77,0.79
M0081399,Y,37,2,217138.28,5,1,3,70264.55,190393.09,4.71
M0081400,N,76,2,48272.08,1,0,2,3812.9,42710.86,1.95
M0081401,N,41,1,6565.37,0,0,1,1266.47,6062.11,0.54
M0081402,N,34,0,20396.11,0,2,0,7663.41,16861.38,2.11
M0081403,Y,45,5,206022.03,2,2,1,112242.71,124257.97,3.83
M0081404,N,35,1,20344.3,0,1,1,7190.21,11397.71,2.13
M0081405,N,73,1,12043.74,1,0,0,2174.68,9246.15,0.82
M0081406,N,69,2,11797.57,0,0,1,7065.15,8817.78,1.7
M0081407,N,28,1,20100.26,0,1,0,9054.04,25042.65,0.57
M0081408,N,64,2,3150.91,0,0,0,1024.67,2434.49,1.22
M0081409,N,34,2,29440.97,0,0,0,25371.26,5444.37,1.19
M0081410,N,38,0,12090.22,0,0,0,1086.79,11224.73,1.47
M0081411,N,47,0,9719.53,1,0,0,1219.53,15299.0,0.17
M0081412,N,36,1,24579.82,0,0,0,9219.42,14826.32,0.44
M0081413,N,50,0,11277.94,0,0,0,2771.34,8686.92,0.0
M0081414,N,48,1,28394.07,0,1,0,7712.92,16449.56,2.4
M0081415,N,52,1,14025.98,1,2,0,1963.81,9742.54,1.74
M0081416,N,80,1,55239.27,0,2,0,4509.58,39062.24,2.87
M0081417,N,51,1,39441.45,1,1,0,19663.32,18020.25,2.53
M0081418,N,63,0,3009.67,0,3,0,440.52,4260.83,2.21
M0081419,N,69,2,12728.45,0,2,0,2067.57,12724.84,0.0
M0081420,N,28,3,15015.2,0,1,0,9065.13,10564.63,2.42
M0081421,N,46,1,3516.04,0,0,0,1292.42,5042.28,1.68
M0081422,N,27,2,12890.84,0,0,1,4082.66,6286.64,0.0
M0081423,N,59,0,9816.02,1,0,1,3119.95,5313.64,1.67
M0081424,N,55,1,8431.35,1,0,0,1119.31,8093.51,2.27
M0081425,N,31,3,17178.39,1,1,0,723.88,20871.96,3.09
M0081426,N,51,2,26163.93,0,0,0,2146.23,20091.99,1.31
M0081427,N,41,0,18336.53,1,1,1,3914.7,11090.0,0.46
M0081428,N,33,2,9028.13,0,2,1,3504.84,9406.39,1.37
M0081429,N,77,1,11381.25,0,1,1,2495.17,6640.06,1.09
M0081430,N,47,1,12965.82,1,2,0,1394.9,12961.06,2.19
M0081431,N,44,1,28774.2,0,2,2,5995.59,18206.41,2.59
M0081432,N,75,0,5358.99,1,0,0,1736.82,2496.78,0.19
M0081433,N,21,1,7899.6,0,1,0,3317.59,5747.12,0.14
M0081434,N,19,0,6663.44,0,0,0,2452.37,4178.71,0.8
M0081435,N,31,2,10352.57,0,1,0,1154.27,11491.42,2.16
M0081436,N,57,0,17590.76,0,2,0,4479.03,17787.73,0.0
M0081437,N,47,2,35845.77,0,1,0,2881.38,40343.91,2.61
M0081438,N,54,0,6473.22,0,1,0,3830.67,6803.63,2.43
M0081439,N,19,1,13344.59,0,1,0,2122.77,10801.93,1.74
M0081440,Y,84,4,323500.36,2,2,3,211438.6,239158.71,5.48
M0081441,N,23,1,8810.03,0,1,1,3553.37,12107.94,1.38
M0081442,N,21,0,3133.24,0,0,0,722.21,2967.78,0.76
M0081443,N,77,0,7790.59,0,0,0,1688.8,7479.86,0.01
M0081444,Y,77,5,160748.85,1,2,1,48719.55,90899.27,2.82
M0081445,N,45,0,8254.49,0,2,0,2008.15,6683.33,0.19
M0081446,N,19,1,7207.11,1,0,0,1850.9,4477.79,1.94
M0081447,N,40,1,19520.83,0,0,2,6910.98,25541.34,2.47
M0081448,N,79,0,7555.95,0,1,0,1765.29,8419.71,0.9
M0081449,N,76,2,4697.54,0,0,0,1271.51,2496.89,0.47
M0081450,N,56,1,11647.01,0,3,0,5848.8,3697.6,0.98
M0081451,N,77,0,4749.89,0,0,0,556.13,5730.92,0.43
M0081452,N,37,2,14847.42,0,0,0,5403.54,15024.71,1.66
M0081453,N,42,1,19331.25,1,2,0,2993.2,12371.7,1.99
M0081454,N,39,2,13234.17,1,0,0,2244.74,21650.38,2.33
M0081455,N,43,1,24742.55,1,0,1,3850.33,21704.61,1.23
M0081456,N,36,0,5315.03,1,0,0,2956.29,6676.9,1.89
M0081457,N,72,2,15514.73,0,1,1,8607.32,14735.49,1.98
M0081458,N,49,2,29352.11,1,0,0,9988.35,14176.71,1.56
M0081459,N,38,1,10792.84,0,0,1,7646.06,9578.67,1.37
M0081460,N,70,2,17818.88,0,0,0,3638.5,12415.42,2.15
M0081461,N,44,2,37465.02,0,2,1,6167.65,37137.57,2.81
M0081462,N,46,0,12409.78,0,0,0,3259.46,13126.16,0.0
M0081463,N,70,0,6740.85,0,1,0,1096.59,4764.39,0.69
M0081464,N,29,2,17159.57,0,2,0,2373.84,12850.79,2.71
M0081465,N,67,1,20224.02,0,1,0,1507.6,18145.27,1.15
M0081466,N,21,0,18811.17,0,2,0,3998.26,11047.11,0.71
M0081467,N,44,1,8157.8,0,0,0,2664.68,4816.45,1.2
M0081468,N,71,0,19013.15,0,2,0,2398.82,15288.52,1.02
M0081469,N,78,1,27652.45,0,0,1,5829.23,29990.44,1.4
M0081470,N,56,3,3371.92,0,0,0,2208.57,3649.37,0.57
M0081471,N,37,0,5598.08,0,0,0,3036.63,5279.16,1.07
M0081472,N,68,1,3773.31,0,0,0,1016.18,4058.98,0.13
M0081473,N,78,1,28449.2,0,1,1,3219.15,20589.71,0.68
M0081474,N,25,1,10417.26,0,0,0,3391.97,7897.36,0.49
M0081475,N,45,2,38545.5,0,1,0,8640.41,21828.66,1.1
M0081476,N,64,0,7733.15,0,0,1,5180.91,3214.97,1.27
M0081477,N,64,1,4611.17,0,0,0,2156.55,3730.3,0.0
M0081478,N,63,0,3902.68,0,0,0,4361.8,1442.87,0.0
M0081479,N,51,0,10857.06,0,1,2,6124.67,7921.81,1.67
M0081480,N,78,0,14438.16,0,4,0,7237.84,12415.6,2.82
M0081481,N,80,1,14042.62,1,1,0,8978.69,14156.35,0.62
M0081482,N,62,0,17423.59,0,0,2,5766.29,9770.36,0.74
M0081483,N,43,2,13993.07,0,2,0,2816.35,8689.33,0.0
M0081484,N,45,0,16739.61,2,1,1,2779.13,12970.95,2.13
M0081485,N,52,0,4961.49,0,0,0,1041.61,3674.61,0.0
M0081486,N,28,1,10414.49,0,2,0,3776.52,7481.94,1.68
M0081487,N,50,1,17068.85,0,0,1,4573.36,11297.29,1.71
M0081488,N,76,2,9275.03,0,1,0,2157.35,8496.59,1.64
M0081489,N,24,3,26863.0,0,1,1,2287.27,24249.5,1.91
M0081490,N,74,1,6484.57,0,0,0,1370.41,8815.18,1.33
M0081491,N,73,1,24710.09,0,0,0,21177.37,2722.78,0.08
M0081492,N,40,0,7273.26,0,0,1,1167.4,4637.76,0.0
M0081493,N,33,0,19477.24,0,2,0,4938.96,10542.27,1.5
M0081494,N,26,3,19631.24,0,0,0,5077.59,11453.43,1.47
M0081495,N,58,0,8203.29,0,0,0,1220.23,8806.89,1.14
M0081496,N,45,2,9644.32,0,1,0,2656.65,13433.64,0.74
M0081497,N,24,2,9055.85,0,0,0,1196.19,8069.8,0.89
M0081498,N,43,1,3692.86,0,1,0,867.88,4013.76,0.0
M0081499,N,43,3,31789.37,0,0,0,6810.43,31004.57,1.68
M0081500,N,44,0,4163.58,0,2,0,1786.8,1853.61,0.0
M0081501,N,36,1,9833.2,0,0,0,6404.04,5012.12,0.0
M0081502,N,53,0,4990.51,0,1,0,2819.4,2340.15,1.91
M0081503,N,55,4,27305.45,0,1,3,8650.47,38142.71,1.88
M0081504,N,64,3,5870.61,0,1,0,2000.41,6004.62,0.16
M0081505,N,72,2,21960.02,0,0,1,3160.8,23914.93,3.66
M0081506,N,77,1,6469.33,0,1,0,1023.65,4671.52,0.0
M0081507,N,27,1,14692.29,0,2,0,1390.36,17748.1,1.31
M0081508,N,60,0,13941.76,0,1,0,4127.68,13201.56,1.46
M0081509,N,27,1,16480.86,0,0,1,3623.52,15925.63,0.75
M0081510,Y,69,5,155851.49,1,2,1,50496.74,99527.74,2.0
M0081511,N,74,0,29370.75,0,0,2,8598.37,14859.52,1.91
M0081512,N,39,1,26567.5,0,0,1,14424.3,10093.88,1.93
M0081513,N,24,0,15907.71,0,2,0,4212.06,15478.66,1.17
M0081514,N,48,1,10189.98,0,1,0,1642.09,11159.09,0.0
M0081515,N,60,0,33329.23,0,1,0,7248.38,20665.69,2.98
M0081516,N,74,0,2052.59,0,0,0,842.76,2543.59,0.29
M0081517,N,52,0,10537.18,1,2,1,720.19,9218.85,0.5
M0081518,N,38,1,37372.59,0,1,0,4786.75,26728.14,1.2
M0081519,N,35,2,21325.27,2,1,1,4077.01,21422.83,2.4
M0081520,N,19,1,17998.74,0,2,0,3492.84,10638.49,0.92
M0081521,N,46,1,9726.03,0,1,0,847.86,10246.62,0.88
M0081522,N,44,2,7646.98,0,0,0,2251.44,9327.77,2.87
M0081523,N,65,1,17671.04,0,0,0,7046.48,12981.71,1.72
M0081524,Y,41,3,298620.95,3,5,4,185890.86,113247.49,2.0
M0081525,N,47,0,5520.89,0,1,0,742.36,3692.44,0.87
M0081526,N,31,2,12403.67,0,1,0,7060.37,7270.28,0.76
M0081527,N,58,0,12800.94,0,1,0,3331.97,9255.73,0.0
M0081528,N,51,0,6415.73,0,1,0,530.09,5456.56,1.72
M0081529,N,67,2,15301.86,0,0,0,3175.02,15753.35,2.0
M0081530,N,39,1,15943.63,1,1,0,2788.98,10516.16,0.91
M0081531,N,58,2,14970.94,2,1,1,2607.35,11667.36,1.4
M0081532,N,44,2,16386.92,0,0,1,3317.41,22847.99,2.04
M0081533,Y,63,4,249056.6,2,5,4,112980.81,162941.68,5.31
M0081534,N,45,2,14258.61,0,0,0,2894.25,10314.8,0.95
M0081535,N,56,3,17239.26,0,1,0,3514.98,17147.03,0.24
M0081536,N,58,0,36945.38,0,1,1,8379.21,21316.24,2.67
M0081537,N,57,2,5096.03,0,0,0,983.74,5303.54,1.4
M0081538,N,75,0,3739.59,0,1,0,1052.5,3709.46,1.25
M0081539,N,70,0,15031.97,0,0,0,2937.3,13483.16,1.61
M0081540,Y,59,3,149090.64,3,3,2,41637.44,88874.9,4.65
M0081541,N,19,3,4324.96,0,1,1,2035.81,2066.06,1.4
M0081542,N,53,0,14828.12,0,0,0,8005.77,8704.88,1.3
M0081543,N,64,2,7208.51,0,1,0,600.68,8041.32,0.59
M0081544,N,41,0,3611.67,0,1,0,2345.5,3900.04,0.8
M0081545,N,18,1,6248.89,0,0,1,1515.73,4952.21,0.37
M0081546,N,76,0,7588.39,0,0,1,3889.11,4733.4,1.15
M0081547,N,75,2,19656.41,0,0,0,1838.12,18808.55,1.94
M0081548,N,48,1,18866.73,2,2,0,7092.59,12149.15,1.58
M0081549,N,20,1,8804.06,0,0,0,2814.66,7177.07,0.85
M0081550,N,63,1,15517.68,0,1,1,12894.19,12068.36,1.73
M0081551,N,30,0,3553.81,0,0,0,976.0,5137.45,0.68
M0081552,N,54,0,6649.92,0,1,0,3841.11,1839.28,1.58
M0081553,Y,60,5,137211.29,3,3,1,49506.74,128004.27,5.7
M0081554,N,70,2,10531.52,0,1,0,5631.68,8848.79,1.6
M0081555,N,25,1,28705.94,0,0,0,7869.09,14885.3,0.77
M0081556,N,31,0,13743.06,0,2,2,6007.19,11404.01,2.54
M0081557,N,59,2,4907.22,0,0,0,3352.54,1661.8,1.34
M0081558,N,47,2,14014.83,2,2,1,6814.19,10031.57,1.47
M0081559,N,77,1,3383.13,1,0,0,489.1,2773.2,2.1
M0081560,N,42,1,9864.8,0,0,1,2194.35,6259.83,0.0
M0081561,N,35,0,9324.5,2,0,0,3908.26,6971.21,0.15
M0081562,N,21,0,11298.11,0,0,0,2948.61,8222.96,0.77
M0081563,N,20,0,11366.51,0,3,0,4853.33,5322.36,2.82
M0081564,N,61,2,58536.81,0,1,0,5303.56,46255.98,0.91
M0081565,N,18,1,2702.15,0,0,0,483.82,2904.98,1.39
M0081566,N,54,1,18739.67,0,2,0,10638.95,7555.91,1.46
M0081567,N,66,0,5062.76,0,0,0,1124.36,7307.91,0.34
M0081568,N,44,0,5452.69,0,0,0,649.87,5854.17,0.15
M0081569,N,29,3,15844.44,0,2,0,7189.42,13053.16,2.56
M0081570,N,71,1,8413.84,1,1,0,6413.33,1739.05,0.56
M0081571,N,65,0,2086.59,0,0,0,930.26,2530.28,1.54
M0081572,N,50,1,7720.03,0,1,0,341.98,12261.4,0.0
M0081573,N,38,1,24306.55,1,1,0,4912.89,14859.02,1.93
M0081574,N,53,2,25822.66,1,1,0,3246.37,17389.65,1.23
M0081575,N,37,2,36788.89,0,0,1,11805.2,20466.2,1.48
M0081576,N,57,2,3607.88,0,0,0,3567.91,2429.78,1.26
M0081577,N,53,1,3667.76,0,0,0,729.15,4846.43,0.0
M0081578,N,74,1,7154.93,0,0,0,4424.31,5843.42,0.0
M0081579,N,67,1,13399.47,0,0,0,908.26,10374.34,1.06
M0081580,N,28,2,9571.0,0,0,0,3828.12,7232.04,1.27
M0081581,N,73,1,10529.3,1,0,0,3422.65,6113.77,2.87
M0081582,N,53,1,2955.07,0,0,0,1908.08,2964.68,0.43
M0081583,N,32,1,10791.73,0,1,0,5726.89,3469.02,1.14
M0081584,N,19,2,49696.46,0,0,1,8859.65,76707.1,0.6
M0081585,N,54,0,12496.32,0,0,0,5866.81,4502.39,1.17
M0081586,N,74,3,14845.01,1,1,0,5913.77,7247.94,0.35
M0081587,N,26,0,8039.7,0,3,0,2237.7,6878.37,2.39
M0081588,Y,78,5,116694.08,2,1,1,40186.83,102275.79,2.0
M0081589,N,45,2,13774.61,0,0,0,1718.87,15831.96,2.24
M0081590,N,60,0,13037.11,1,0,1,3038.44,8111.44,0.33
M0081591,N,33,0,12299.34,0,0,2,7855.68,3706.3,1.51
M0081592,N,73,1,30109.67,0,2,0,23275.79,11044.84,0.0
M0081593,N,53,0,11633.65,0,0,0,1820.31,10521.06,2.17
M0081594,N,56,0,8782.3,0,0,0,2264.59,4876.22,0.87
M0081595,Y,85,5,209103.78,3,5,3,101148.14,148524.01,5.43
M0081596,N,60,2,22912.19,0,0,0,5036.57,27751.31,1.2
M0081597,N,18,0,7068.76,0,0,0,3048.34,3164.96,0.08
M0081598,N,64,0,6826.49,0,0,0,2367.3,3189.1,0.66
M0081599,N,20,2,5010.59,0,0,0,1003.39,3727.64,0.65
M0081600,N,70,1,7547.66,0,0,0,1333.03,6955.42,1.16
M0081601,N,22,0,4993.14,1,0,0,1636.45,3232.57,0.0
M0081602,N,52,0,4113.24,0,0,0,678.32,3678.06,0.93
M0081603,N,62,0,3217.46,0,1,0,1722.31,3336.26,0.62
M0081604,N,76,2,11860.72,0,4,0,2182.64,12792.32,2.63
M0081605,N,34,0,3606.38,0,0,0,1734.25,3444.69,0.0
M0081606,N,70,2,7791.14,1,0,0,3088.55,8042.47,1.55
M0081607,N,25,1,7286.22,0,1,0,2999.78,9999.62,0.66
M0081608,N,72,1,23248.16,0,1,0,2688.35,21347.32,2.07
M0081609,N,52,1,39590.69,0,2,0,5084.54,58294.61,2.57
M0081610,N,21,0,4756.33,0,0,0,1946.92,6201.87,0.0
M0081611,N,67,1,9558.13,0,1,0,2061.52,8394.82,0.55
M0081612,N,57,2,10015.37,0,1,0,2707.76,5646.89,0.63
M0081613,N,67,3,26266.72,0,0,1,3088.95,27580.32,1.13
M0081614,N,44,0,3346.69,0,0,0,1499.05,4147.0,0.37
M0081615,N,35,1,36142.35,0,1,0,7002.73,21548.86,0.54
M0081616,N,77,0,2872.09,0,1,0,1394.54,1354.75,1.61
M0081617,N,44,0,17643.5,0,1,0,2724.53,11546.66,1.37
M0081618,N,24,0,4994.8,0,1,0,2487.04,3998.87,0.0
M0081619,N,21,1,14615.84,0,1,0,6567.49,4951.15,1.17
M0081620,N,47,0,9864.89,0,0,0,1163.3,9749.18,0.88
M0081621,N,52,3,9384.59,0,3,0,6251.62,6946.68,0.82
M0081622,N,71,1,3087.69,0,1,0,611.7,2780.82,1.92
M0081623,N,52,0,24512.24,0,0,1,5501.74,33163.89,2.82
M0081624,N,64,2,7898.53,0,0,0,4127.37,9658.42,0.0
M0081625,N,72,1,8844.71,0,1,0,6168.97,2180.31,1.32
M0081626,N,66,0,4744.27,0,0,0,1269.27,4239.19,2.35
M0081627,N,65,3,10019.26,0,0,1,1225.74,7295.61,1.97
M0081628,N,31,1,17340.15,0,1,0,6261.62,11191.14,1.21
M0081629,N,24,0,22712.14,0,0,0,3822.8,14056.57,0.25
M0081630,N,59,1,2941.58,0,0,1,375.35,3546.93,0.0
M0081631,N,57,2,6234.02,1,1,2,2570.54,8554.45,0.59
M0081632,N,41,2,9977.57,0,0,0,2006.31,11012.34,2.14
M0081633,N,70,1,3518.47,0,1,0,2084.71,3344.72,0.0
M0081634,N,40,0,4761.91,0,0,0,1286.42,3342.82,0.0
M0081635,N,33,4,7259.24,1,1,0,3354.03,8566.16,0.77
M0081636,N,53,2,3275.77,0,0,2,1952.07,2124.37,1.44
M0081637,N,78,1,9789.41,0,1,0,2664.15,6424.49,0.58
M0081638,N,62,3,6456.38,0,1,1,1101.0,8073.22,1.37
M0081639,N,76,0,4424.36,0,0,0,3574.95,2827.83,1.02
M0081640,N,33,0,6123.56,0,1,0,1718.56,5042.29,0.89
M0081641,N,47,1,6187.35,0,0,0,1354.9,7318.4,1.7
M0081642,N,44,1,8067.44,0,2,1,2738.83,11059.81,0.02
M0081643,N,61,0,13374.18,1,0,0,2819.83,8524.0,1.28
M0081644,N,42,2,6504.65,0,1,0,2597.34,4975.06,2.02
M0081645,N,51,4,16622.04,0,2,0,3721.49,9795.17,2.21
M0081646,N,56,1,12404.0,0,0,0,4104.43,8881.43,0.09
M0081647,N,20,0,11704.02,0,2,2,1573.2,9821.61,1.34
M0081648,N,37,1,7198.98,0,0,0,2198.82,4056.73,0.35
M0081649,N,18,1,20582.68,0,0,0,1839.69,17624.1,0.3
M0081650,N,39,1,10224.42,0,0,1,4668.34,7782.65,2.48
M0081651,N,22,0,15714.01,0,0,1,908.96,12473.57,1.16
M0081652,N,70,2,8960.62,0,0,0,2912.58,6432.37,0.92
M0081653,N,49,2,21402.63,1,1,1,7651.98,22588.33,3.4
M0081654,N,25,2,13026.43,0,0,0,12147.43,5618.14,1.42
M0081655,N,49,0,21733.29,0,0,2,5246.67,14458.1,0.95
M0081656,N,60,2,18017.79,0,1,1,2155.63,18627.54,0.63
M0081657,N,52,2,14868.52,1,0,0,7102.05,7997.23,1.14
M0081658,N,36,1,18975.1,0,0,0,16785.84,6745.7,0.21
M0081659,N,60,2,17357.4,0,0,1,4660.43,9329.26,1.23
M0081660,N,44,1,3228.24,0,2,0,1224.63,2456.01,1.31
M0081661,N,68,0,9267.56,0,1,1,2988.25,7535.36,0.08
M0081662,N,64,2,8001.41,0,1,1,993.9,13267.2,0.84
M0081663,N,69,0,18674.18,0,0,0,4611.98,13063.67,2.32
M0081664,N,40,2,44669.39,0,0,0,26124.14,17083.62,0.54
M0081665,N,42,1,11471.12,0,2,1,8682.06,7931.1,0.74
M0081666,N,65,1,11564.06,0,0,2,1052.93,8347.62,0.46
M0081667,N,39,2,23747.14,0,0,0,655.24,23953.63,1.27
M0081668,N,18,0,3731.17,0,1,0,446.08,4533.54,1.24
M0081669,N,19,0,16812.46,0,1,0,6195.77,7941.32,0.56
M0081670,N,79,2,31949.36,1,1,0,4428.01,48206.75,2.15
M0081671,N,48,2,9355.54,1,1,0,10751.74,2975.52,1.03
M0081672,N,79,0,11764.95,0,0,0,7847.76,2904.81,1.68
M0081673,N,73,1,10918.72,1,1,0,4272.14,7243.75,1.68
M0081674,Y,68,2,266892.65,3,5,4,104513.3,209466.27,3.6
M0081675,N,79,2,21548.17,0,0,0,7336.68,16253.45,0.83
M0081676,N,65,1,11648.42,0,0,1,3308.14,7442.3,0.83
M0081677,N,21,1,8208.03,0,0,1,1965.76,5946.96,0.01
M0081678,N,49,0,5406.24,0,1,0,2522.03,5826.84,2.01
M0081679,N,43,2,26331.09,0,2,0,4132.62,16440.47,1.8
M0081680,N,43,2,14759.82,0,1,2,3760.45,17134.78,0.6
M0081681,N,24,0,4968.36,0,0,0,1404.64,3061.01,0.45
M0081682,N,40,1,14184.74,0,3,0,2202.53,9024.58,1.71
M0081683,N,78,1,7531.11,0,2,1,1960.81,4131.85,0.0
M0081684,N,26,2,4888.44,0,0,0,3013.87,4781.8,0.03
M0081685,N,74,2,4411.11,0,0,0,1483.07,6505.94,1.5
M0081686,N,32,2,53929.24,1,2,0,3247.17,42746.34,2.43
M0081687,N,64,1,23556.49,0,3,1,9372.8,13612.34,0.97
M0081688,N,44,2,2950.04,0,1,0,1315.06,3185.88,0.14
M0081689,N,75,0,5989.12,0,1,0,579.8,4827.25,0.42
M0081690,N,66,2,10096.73,0,0,0,5267.03,3674.48,2.69
M0081691,N,31,1,5186.17,1,0,0,2239.93,4116.4,0.0
M0081692,N,40,1,8624.16,0,0,0,6492.51,4938.18,0.0
M0081693,N,57,1,5423.15,0,2,0,885.02,7969.35,0.0
M0081694,N,27,1,7118.82,0,0,0,5703.01,3341.2,0.0
M0081695,N,63,0,6212.55,0,1,0,1706.17,9475.7,0.31
M0081696,N,28,0,8534.1,0,0,0,3790.82,9319.02,0.0
M0081697,N,63,0,1741.0,0,0,0,1256.62,1889.65,0.47
M0081698,N,20,0,9338.87,0,0,0,4686.73,8475.77,0.0
M0081699,N,74,1,13661.18,0,0,0,7569.6,8258.86,1.49
M0081700,N,56,1,8091.19,0,0,0,3036.62,7007.7,1.11
M0081701,N,19,1,26657.71,0,0,1,8464.09,32526.89,1.56
M0081702,N,51,1,8785.34,0,0,0,1026.46,8902.94,0.44
M0081703,N,78,1,7093.51,0,0,0,1888.0,4086.48,1.24
M0081704,N,48,1,14834.11,1,1,3,11214.38,9462.78,3.24
M0081705,N,26,0,10419.92,0,0,0,1169.13,9750.21,2.24
M0081706,N,38,0,11863.46,0,0,2,2557.15,8886.2,1.15
M0081707,N,23,1,12636.57,1,0,0,9852.22,8278.39,1.05
M0081708,N,29,1,23472.44,1,0,1,3967.65,23533.97,1.01
M0081709,N,26,1,16497.26,0,1,0,5358.43,10316.13,2.38
M0081710,N,64,3,45585.26,0,2,1,3304.7,34342.83,1.83
M0081711,N,76,1,19794.25,0,0,0,3337.76,12808.48,1.89
M0081712,Y,75,2,221748.81,1,2,1,62156.43,143726.0,3.97
M0081713,N,28,1,3165.3,0,0,0,374.68,4727.44,1.62
M0081714,N,71,1,20045.06,2,0,1,3605.09,23991.34,1.67
M0081715,N,79,0,3763.53,1,0,0,1098.79,2766.95,0.37
M0081716,Y,82,5,190801.14,1,1,4,129437.77,109227.57,7.4
M0081717,N,53,0,13952.24,0,0,1,9227.85,8445.82,1.07
M0081718,N,48,1,8052.56,0,0,0,1181.95,5385.71,1.14
M0081719,N,59,2,12180.42,1,1,0,2556.29,7863.03,0.53
M0081720,N,59,4,23996.0,1,1,0,5058.61,26963.11,2.51
M0081721,N,29,1,18556.49,0,0,0,6698.95,12520.79,1.41
M0081722,N,67,1,6613.82,0,0,0,1360.55,5599.33,0.0
M0081723,N,32,2,8359.33,0,1,0,1356.31,5793.69,1.13
M0081724,N,63,2,3462.52,1,0,1,898.65,2014.09,0.66
M0081725,N,52,0,19304.78,1,1,1,6746.8,19251.34,3.46
M0081726,N,70,1,26868.68,0,1,1,22007.0,5254.93,0.72
M0081727,N,77,1,32008.3,0,0,0,3371.17,28928.79,3.22
M0081728,N,63,0,7558.02,0,0,0,3611.3,8590.35,0.0
M0081729,N,26,0,10865.37,0,0,0,2977.12,8874.09,1.31
M0081730,N,55,1,16780.49,0,1,0,3764.73,9960.47,1.55
M0081731,N,80,1,31368.15,1,1,1,21962.92,12675.28,2.59
M0081732,N,34,0,7238.37,0,0,1,6280.23,3744.07,0.13
M0081733,N,19,1,3355.98,0,1,0,3082.72,2627.19,1.15
M0081734,N,42,0,8624.94,0,1,1,2603.38,5785.68,1.08
M0081735,N,76,0,8538.16,1,1,1,1796.59,6928.25,0.75
M0081736,N,49,1,2650.58,0,1,0,820.94,2046.98,0.0
M0081737,N,60,0,3722.16,0,0,0,897.8,5489.59,0.04
M0081738,N,68,2,22182.46,0,0,0,3437.81,18145.75,1.81
M0081739,N,49,2,5217.18,0,0,0,2655.31,3704.74,1.5
M0081740,N,31,3,19661.07,0,0,0,10900.5,12388.77,0.23
M0081741,Y,76,3,390730.83,4,4,5,115066.88,305575.49,4.89
M0081742,N,27,0,11760.73,0,1,1,6154.9,4488.31,0.12
M0081743,N,48,2,22093.89,0,0,0,1569.61,16233.74,1.08
M0081744,N,60,1,5857.96,0,2,0,1296.4,5023.22,0.71
M0081745,N,36,2,8469.15,0,2,0,1650.59,12131.74,1.24
M0081746,N,65,1,18353.4,0,1,1,1262.93,18390.22,2.76
M0081747,N,57,1,6251.16,0,1,0,3090.54,4833.48,0.77
M0081748,N,32,0,7655.08,1,1,0,515.6,6391.97,2.14
M0081749,N,57,0,2673.32,0,1,1,1234.41,3477.95,1.09
M0081750,N,70,2,22135.01,0,0,1,5445.23,25259.84,2.32
M0081751,Y,69,4,178523.8,4,5,2,53542.98,173343.95,5.41
M0081752,N,28,0,3371.38,0,0,0,1029.78,1690.76,1.06
M0081753,N,27,0,4086.5,1,1,0,2018.28,1534.48,1.76
M0081754,N,71,1,10774.43,0,2,2,2025.09,10405.8,1.14
M0081755,N,52,1,10731.18,0,1,0,3170.79,5745.68,1.75
M0081756,N,39,3,8593.58,0,0,1,1815.24,5097.21,1.35
M0081757,N,60,1,13462.67,0,1,0,2998.7,11054.67,2.12
M0081758,N,20,3,12729.86,0,1,0,7747.76,5663.74,2.39
M0081759,Y,60,5,168482.92,3,2,1,36451.51,120226.37,2.0
M0081760,N,27,3,9578.21,0,2,0,3537.99,6719.14,1.25
M0081761,N,38,1,19089.3,0,0,0,2320.07,14652.6,0.43
M0081762,N,77,1,9514.54,0,2,0,2232.4,7213.89,1.62
M0081763,N,69,0,10288.57,0,0,0,3378.85,6872.68,2.13
M0081764,N,39,0,9048.17,0,0,1,3407.09,5996.79,0.75
M0081765,N,54,1,10510.07,0,0,0,2555.06,6530.18,1.69
M0081766,N,67,2,34744.08,0,2,0,6096.16,28922.92,2.57
M0081767,N,22,1,16624.1,0,1,0,7711.74,13694.83,1.51
M0081768,N,59,1,17082.65,0,1,0,12324.37,4581.31,2.12
M0081769,N,23,2,10213.29,0,0,1,2415.75,7871.38,0.4
M0081770,N,19,0,13263.22,0,0,0,588.42,12798.39,0.74
M0081771,N,75,1,20444.07,0,2,0,4471.05,17713.83,1.4
M0081772,N,55,1,11401.21,0,0,0,5904.47,3741.04,0.54
M0081773,N,33,0,16705.47,2,0,0,1834.46,17127.38,1.63
M0081774,N,74,1,14641.19,0,1,0,402.58,16497.06,1.81
M0081775,N,27,2,3930.63,0,2,0,2177.03,2733.48,1.37
M0081776,N,27,1,24996.33,0,0,0,2693.25,18562.45,0.0
M0081777,N,19,1,17523.92,0,2,0,4050.88,16521.64,2.22
M0081778,N,25,1,24760.46,0,0,0,3340.13,18798.18,1.31
M0081779,N,34,2,11090.8,0,0,0,1073.86,10959.29,0.59
M0081780,N,56,2,24117.91,2,1,2,4460.35,20343.94,0.58
M0081781,N,22,0,9938.02,0,2,0,3663.83,12281.6,0.78
M0081782,N,22,1,1955.36,0,0,2,1030.65,1001.63,0.05
M0081783,N,53,1,10699.64,1,2,0,3567.22,10635.61,0.62
M0081784,N,49,2,14843.17,0,0,1,1856.56,13694.75,1.69
M0081785,Y,41,5,187277.73,1,3,3,62167.37,128652.58,3.93
M0081786,N,56,1,4201.36,0,0,0,962.81,5483.09,2.47
M0081787,N,49,2,11041.37,0,0,0,5587.27,12186.53,0.72
M0081788,N,37,0,6567.78,0,0,0,3332.85,2235.44,0.0
M0081789,N,47,0,19612.02,0,1,0,1001.58,18916.01,1.51
M0081790,N,45,1,132985.01,0,2,0,83539.82,30281.47,2.53
M0081791,N,57,2,9681.72,0,2,0,5239.37,5543.45,1.33
M0081792,N,59,1,6538.68,0,0,0,1469.74,4967.65,1.06
M0081793,N,61,1,6070.78,2,2,0,682.21,9514.39,1.36
M0081794,N,19,2,14560.46,1,1,0,6380.61,14095.05,1.21
M0081795,N,48,0,7100.84,0,1,0,3369.79,7635.44,1.26
M0081796,N,40,1,29441.54,1,0,0,13338.24,18834.64,2.2
M0081797,N,27,0,8609.32,0,2,0,1090.48,5971.15,1.79
M0081798,N,53,0,4756.11,1,1,0,1067.68,5611.55,0.0
M0081799,N,71,0,35736.35,0,1,0,2984.15,27189.08,0.83
M0081800,N,68,2,12672.44,1,2,1,4347.5,16408.52,2.21
M0081801,N,40,2,2850.88,0,0,0,704.5,1646.68,0.61
M0081802,N,32,1,4921.74,0,0,0,1350.37,4309.51,0.0
M0081803,N,63,0,5586.05,0,0,0,5002.44,4383.95,0.95
M0081804,N,21,3,37694.46,2,0,1,5655.96,33091.08,1.64
M0081805,N,53,0,9488.37,1,0,1,2281.09,9207.74,0.57
M0081806,N,45,0,13540.2,1,1,1,6495.23,9005.54,2.86
M0081807,N,31,0,7880.11,0,1,0,5095.86,9132.2,2.2
M0081808,N,63,0,2798.27,1,0,0,373.72,1911.73,1.21
M0081809,N,75,0,9596.31,0,0,0,2682.81,6102.01,1.33
M0081810,N,46,0,11290.69,0,1,1,3427.6,8184.45,2.41
M0081811,N,58,2,4696.26,0,1,0,651.07,3059.61,0.51
M0081812,N,59,2,11882.57,0,1,0,7931.7,4860.49,0.0
M0081813,N,55,1,13148.71,0,1,0,4970.74,11867.11,2.38
M0081814,N,32,1,13453.45,0,1,0,5326.19,12755.76,0.71
M0081815,N,68,0,4628.39,1,1,0,1145.88,2842.65,0.0
M0081816,N,39,2,9300.94,0,0,0,6004.92,5584.68,2.51
M0081817,N,42,2,11643.96,0,1,0,903.2,13135.9,1.88
M0081818,N,71,0,8227.02,0,0,0,4653.44,7032.74,0.68
M0081819,N,21,1,21512.53,0,4,1,8559.16,19417.85,3.0
M0081820,N,49,0,18938.33,0,1,0,8610.77,10147.12,1.76
M0081821,N,64,1,19102.2,0,1,0,872.44,25399.91,0.7
M0081822,N,54,2,11137.96,0,0,2,2570.93,7505.13,1.42
M0081823,N,37,1,23263.7,2,2,0,5957.8,15160.46,1.66
M0081824,N,36,1,5272.74,0,3,0,1630.5,6963.17,1.14
M0081825,N,63,2,12534.62,0,1,0,745.28,13859.43,1.69
M0081826,N,46,0,17955.62,0,0,0,3991.84,22376.12,0.19
M0081827,N,45,3,35234.72,1,0,1,6047.54,22397.77,0.0
M0081828,N,55,1,13937.42,0,0,0,668.2,15737.94,0.86
M0081829,N,27,2,6396.7,0,0,0,5538.95,3153.23,1.7
M0081830,N,43,1,9655.13,1,2,0,782.84,10003.75,0.42
M0081831,N,54,3,8496.61,0,0,1,2958.79,6021.33,2.45
M0081832,N,53,2,8687.05,0,0,0,5462.73,1767.04,0.5
M0081833,N,41,0,10066.4,0,0,0,3872.82,6742.49,0.79
M0081834,N,55,0,25854.17,1,0,0,5618.46,17695.87,0.31
M0081835,N,76,0,9679.16,0,1,0,3016.06,6893.46,0.04
M0081836,N,26,2,92336.06,0,1,0,3554.52,107010.62,2.7
M0081837,N,41,2,12501.19,0,1,1,4882.08,10059.66,2.73
M0081838,N,76,1,9911.4,1,1,0,2889.41,9611.36,0.52
M0081839,N,35,0,15825.71,0,2,0,6033.71,8172.1,1.71
M0081840,N,54,0,4640.57,0,0,0,1962.85,4212.87,0.0
M0081841,N,30,2,8136.34,0,0,0,6005.57,7365.42,2.95
M0081842,N,26,1,11601.01,1,1,1,4190.97,6941.64,0.84
M0081843,N,33,1,10451.77,0,1,0,3449.62,10495.32,1.35
M0081844,N,28,0,5893.23,0,0,0,970.95,3828.78,0.08
M0081845,N,36,0,25487.61,0,1,0,4636.7,15635.94,0.81
M0081846,N,45,0,5440.37,0,0,0,1489.72,5828.92,0.98
M0081847,N,27,0,3154.15,0,0,0,1919.8,2888.69,1.5
M0081848,N,40,0,5044.04,0,2,0,3315.29,3863.16,0.49
M0081849,N,67,1,8239.75,0,2,0,2837.5,5582.41,1.07
M0081850,N,54,0,5016.93,0,0,0,845.28,4759.66,0.11
M0081851,N,23,1,20850.16,0,1,0,17046.35,20300.83,1.6
M0081852,N,53,3,21419.15,0,0,0,4770.24,12465.57,1.04
M0081853,N,29,0,7570.08,0,0,1,1256.99,5854.84,1.3
M0081854,Y,86,5,129233.51,5,4,3,80983.91,63678.13,5.66
M0081855,N,33,1,15047.52,0,0,1,2703.28,10401.97,0.31
M0081856,Y,68,5,290129.74,1,1,2,72681.5,202707.67,5.82
M0081857,N,60,0,4064.62,0,1,0,2082.97,4454.93,0.06
M0081858,N,80,2,15338.85,1,0,2,1369.53,21281.76,0.44
M0081859,N,19,1,20718.27,1,3,0,7182.66,15865.06,1.69
M0081860,N,49,2,9836.76,0,0,0,4967.92,4112.75,0.45
M0081861,N,54,1,28424.27,0,1,0,5566.64,21481.33,0.75
M0081862,N,70,0,18325.58,0,0,0,10365.64,17182.18,1.35
M0081863,N,47,1,6242.61,0,0,0,1329.5,4358.05,0.37
M0081864,N,78,1,9618.49,0,1,0,1154.95,15369.55,1.3
M0081865,N,21,0,5846.74,0,1,0,738.01,6292.36,0.44
M0081866,N,39,0,6700.63,0,1,0,773.2,4884.9,0.0
M0081867,N,33,0,15574.17,0,1,0,1508.5,12390.62,2.12
M0081868,N,45,0,5764.41,0,1,0,1377.44,6751.5,0.85
M0081869,N,25,1,7277.68,0,1,0,4064.86,7672.58,1.44
M0081870,N,23,0,17374.41,0,1,0,1250.61,21192.03,0.98
M0081871,N,37,0,6351.01,0,1,1,1830.16,6186.35,0.0
M0081872,N,23,2,3303.28,0,0,0,501.96,2242.91,0.0
M0081873,N,41,1,11882.0,1,1,1,8160.49,7425.35,0.81
M0081874,N,32,0,4500.28,0,2,0,1484.83,2765.92,1.67
M0081875,N,42,2,6342.96,0,0,0,2666.03,4357.95,0.0
M0081876,N,71,0,14538.26,0,2,0,3789.15,9057.32,1.67
M0081877,N,63,2,7667.3,0,0,0,5714.85,5647.6,2.03
M0081878,N,55,1,11680.69,0,1,0,2039.2,8144.33,1.56
M0081879,N,27,1,24086.17,0,2,2,5728.62,16083.73,1.61
M0081880,N,53,0,6881.0,0,1,1,2989.61,3597.36,0.43
M0081881,N,29,1,7136.11,0,1,0,733.6,9403.61,2.64
M0081882,N,76,0,8927.56,0,2,0,11333.75,4562.15,1.68
M0081883,N,70,0,3462.16,0,0,0,1631.48,2565.85,0.46
M0081884,N,72,1,15631.54,0,0,0,1500.85,12239.72,0.74
M0081885,N,55,0,6166.7,0,2,1,2295.84,3332.75,1.1
M0081886,N,61,0,14322.08,0,0,1,1457.58,11962.68,0.1
M0081887,N,56,0,10222.58,0,1,0,3046.33,5847.17,0.01
M0081888,N,53,0,3608.66,0,0,1,1201.21,3882.81,1.62
M0081889,N,61,1,8297.27,0,0,0,1696.73,6321.06,1.33
M0081890,N,33,1,7046.3,0,0,0,1658.14,4861.63,1.42
M0081891,N,32,2,8504.72,0,0,1,1821.05,7827.51,0.52
M0081892,N,72,3,12440.68,0,0,0,5053.96,11991.73,1.5
M0081893,N,74,0,17139.9,0,1,0,7922.49,12375.6,1.66
M0081894,N,62,2,27638.91,0,1,0,12952.55,12108.15,0.01
M0081895,N,51,1,14061.14,0,1,0,1491.49,17037.08,1.67
M0081896,N,76,1,4744.47,0,0,0,710.96,3980.05,0.24
M0081897,N,25,0,12255.43,0,1,0,3399.94,6716.22,0.0
M0081898,N,66,2,11032.75,0,1,0,3166.99,6794.68,0.0
M0081899,N,50,1,21769.14,1,0,0,5768.63,14697.76,1.54
M0081900,N,48,0,3196.22,0,0,0,2228.66,1341.04,0.35
M0081901,N,24,1,13949.44,1,0,0,1420.9,13384.97,0.0
M0081902,N,76,0,18267.17,0,0,1,8537.16,11061.49,2.21
M0081903,N,41,0,4626.54,0,0,0,1433.9,4688.32,1.38
M0081904,N,62,1,9740.61,0,0,0,2246.59,5445.08,0.51
M0081905,N,22,2,8828.01,0,2,1,2304.7,6782.21,0.0
M0081906,N,51,0,12421.64,0,1,0,3646.59,8878.18,2.32
M0081907,N,61,0,15319.89,1,1,1,4462.21,12201.58,1.44
M0081908,N,78,2,7355.7,0,1,0,1115.64,10962.97,2.5
M0081909,N,76,1,6565.6,0,0,0,1999.32,5660.56,1.91
M0081910,N,41,1,10409.57,0,0,0,1963.43,13446.76,0.94
M0081911,N,54,1,3319.97,0,2,1,1826.6,3081.66,0.81
M0081912,N,25,0,8994.8,0,1,0,6258.33,3049.06,0.11
M0081913,N,78,1,11388.32,0,0,0,405.84,10600.14,0.83
M0081914,N,39,0,10541.56,1,0,0,1777.93,6527.43,0.26
M0081915,N,71,3,18255.33,1,2,1,3886.24,12985.88,1.64
M0081916,N,66,0,11795.54,1,0,0,3574.07,6109.66,2.46
M0081917,N,38,3,32495.39,2,4,1,11044.62,26261.43,2.09
M0081918,N,57,2,9760.14,2,0,0,4567.78,3294.11,1.35
M0081919,N,47,0,6864.81,0,0,0,923.29,4771.57,1.02
M0081920,N,73,0,4811.29,1,0,0,535.22,4273.31,0.0
M0081921,N,33,3,10594.03,0,0,0,1144.88,8288.94,0.83
M0081922,N,30,0,5801.5,0,0,0,2933.87,3930.58,0.61
M0081923,N,21,1,6915.85,0,1,0,3313.12,3830.13,0.84
M0081924,N,25,0,2503.67,0,0,1,1977.96,2496.09,1.28
M0081925,N,69,1,5314.35,0,0,0,4886.2,2618.76,1.69
M0081926,N,56,2,5051.86,0,0,2,723.73,3388.86,1.91
M0081927,N,55,1,3110.19,0,0,0,1222.21,3755.63,0.17
M0081928,N,70,0,5319.01,1,0,0,2148.49,2890.59,1.94
M0081929,N,34,1,6663.9,1,2,0,6031.3,4820.16,1.32
M0081930,N,56,1,16056.78,0,0,0,4369.88,13904.67,0.67
M0081931,N,53,1,8305.58,0,0,0,2199.18,12788.81,1.34
M0081932,N,44,1,2345.82,0,0,1,1135.95,2113.42,0.0
M0081933,N,23,1,6965.7,0,0,0,817.07,7634.78,0.75
M0081934,N,76,1,4738.02,0,0,2,1759.62,2334.74,0.0
M0081935,N,80,0,8503.46,0,0,0,2917.29,6391.32,0.0
M0081936,N,56,1,4821.85,0,1,0,2309.24,5020.85,1.57
M0081937,N,70,2,17795.18,0,1,1,6307.09,8938.44,0.84
M0081938,N,80,0,14390.94,0,2,1,6690.9,7942.34,1.3
M0081939,N,62,0,7234.41,0,1,0,3752.32,4607.32,0.58
M0081940,N,21,2,28556.71,0,1,0,12769.94,10472.57,1.95
M0081941,N,68,1,14829.5,0,2,0,5783.61,6003.48,0.14
M0081942,N,25,1,6146.96,0,0,0,2793.11,7808.3,0.95
M0081943,N,47,2,9965.49,0,1,0,8485.61,8216.07,2.77
M0081944,N,65,1,7778.93,0,0,0,2048.11,8491.71,1.51
M0081945,N,75,2,20645.9,0,2,0,10567.01,12999.09,1.91
M0081946,N,68,0,8609.35,0,0,2,1626.14,8981.6,0.88
M0081947,N,51,0,20190.44,0,0,0,3179.05,19091.16,0.63
M0081948,N,36,0,9549.89,1,2,1,2523.25,11913.09,0.09
M0081949,N,70,0,22457.78,0,1,0,13028.47,6289.41,2.69
M0081950,N,41,0,6302.32,0,1,1,5001.99,3516.41,0.5
M0081951,N,67,0,2906.26,0,0,0,2436.76,2829.69,0.0
M0081952,N,49,0,19921.9,1,2,1,1053.35,14753.08,0.4
M0081953,N,72,2,8055.34,0,0,1,4677.58,9872.85,0.12
M0081954,N,57,2,16862.18,0,0,0,8233.41,6154.08,1.13
M0081955,N,21,0,6368.84,1,0,0,817.64,6748.74,0.94
M0081956,N,66,0,3232.43,0,0,0,1308.49,4496.33,0.49
M0081957,N,77,1,13651.47,0,0,0,2236.17,10976.84,1.04
M0081958,N,25,2,18452.51,1,1,0,10103.31,7400.88,1.92
M0081959,N,66,0,8975.26,0,1,0,1106.71,6762.84,0.89
M0081960,N,39,2,13400.46,0,0,0,950.72,17315.06,1.28
M0081961,N,42,1,11673.8,0,0,0,7560.87,8369.34,0.7
M0081962,N,47,2,39079.4,0,2,0,10761.29,52684.14,2.11
M0081963,N,52,1,4657.34,1,0,0,1081.43,3265.48,0.45
M0081964,N,54,0,21245.52,0,0,0,18066.57,9521.56,1.89
M0081965,N,64,3,21062.0,0,0,0,5277.53,22579.74,1.71
M0081966,N,43,1,12377.62,0,0,0,7936.88,4090.07,2.19
M0081967,N,59,1,20992.88,0,1,0,5236.8,16704.92,0.0
M0081968,N,61,0,15762.37,0,1,0,4469.5,13632.79,0.0
M0081969,N,60,0,12707.12,0,0,0,1060.71,11411.07,1.88
M0081970,N,49,1,14606.18,1,2,1,5796.35,16940.02,1.84
M0081971,N,40,2,8456.62,0,1,0,2052.06,6909.95,0.0
M0081972,N,23,3,14713.32,0,0,0,4583.96,15861.68,1.84
M0081973,N,52,0,7859.33,0,1,0,1815.99,4752.99,1.47
M0081974,N,54,0,12800.3,0,1,0,4382.01,8435.57,2.28
M0081975,Y,86,3,116549.9,2,1,3,39760.33,119573.06,3.78
M0081976,N,49,2,6152.23,0,1,0,3342.24,3424.74,0.83
M0081977,Y,72,6,365801.62,2,3,4,70214.52,239178.6,4.06
M0081978,N,75,3,16827.54,1,2,1,2122.62,21834.37,3.77
M0081979,N,54,1,14906.51,0,1,0,3640.9,8742.02,0.18
M0081980,N,55,0,17394.88,1,1,0,10947.68,3492.08,2.4
M0081981,N,20,2,18798.19,0,1,0,2939.93,12140.89,2.04
M0081982,N,32,2,15316.52,1,1,1,1407.18,13245.14,2.02
M0081983,N,58,3,7630.67,0,1,0,2391.4,6179.9,1.44
M0081984,N,20,0,20670.16,0,0,0,832.07,24610.41,0.0
M0081985,N,75,1,19073.12,0,3,0,1910.16,14336.31,0.11
M0081986,N,79,1,10669.04,0,1,0,2443.49,12444.95,0.4
M0081987,N,22,2,16076.15,0,1,0,4526.3,9316.22,0.3
M0081988,N,71,0,14025.05,0,0,0,4047.8,7446.42,0.62
M0081989,N,55,1,7712.48,0,0,0,1238.83,5214.1,1.73
M0081990,N,47,1,9030.53,0,0,0,1908.53,8993.0,0.0
M0081991,N,36,2,41816.03,0,1,0,896.89,32380.9,0.92
M0081992,N,76,1,8073.19,0,0,0,2826.6,8063.29,1.89
M0081993,N,35,0,9155.98,0,1,2,3022.09,9034.71,0.03
M0081994,N,47,2,19889.71,0,1,0,6648.11,14104.51,0.41
M0081995,N,44,0,6168.43,0,0,0,3835.63,2974.57,0.66
M0081996,N,21,0,2202.85,0,0,0,715.33,2092.51,1.28
M0081997,N,52,1,4890.58,1,0,0,809.44,4252.14,0.84
M0081998,Y,85,3,257170.25,4,7,2,70966.99,203293.03,4.07
M0081999,N,45,1,16008.58,0,0,0,7609.5,6111.53,1.28
M0082000,N,50,2,25175.64,0,0,0,6961.93,21114.9,0.62
M0082001,N,78,2,11125.32,0,1,1,4141.61,12197.14,2.69
M0082002,N,27,2,12165.98,0,1,1,5042.84,10117.15,0.35
M0082003,N,21,1,17510.69,1,0,0,2728.86,14776.06,1.67
M0082004,N,20,1,5428.52,1,0,0,1270.78,7197.65,1.0
M0082005,N,79,0,6534.48,0,0,0,1647.22,5219.05,1.11
M0082006,N,47,2,18054.27,0,0,0,9043.17,5995.33,2.33
M0082007,N,62,0,6806.83,1,0,0,702.35,6113.98,1.66
M0082008,N,57,0,18568.8,0,1,1,2300.29,15707.22,1.92
M0082009,N,60,2,17874.48,0,1,0,6948.8,8234.28,0.38
M0082010,N,74,0,18350.79,0,1,0,3506.44,15551.68,0.58
M0082011,N,53,0,9388.48,0,1,1,602.82,7162.45,0.0
M0082012,N,48,2,9222.76,1,1,0,2346.15,5758.15,2.38
M0082013,N,30,2,27746.49,0,3,1,3356.45,22242.99,1.06
M0082014,N,59,2,7708.47,0,0,0,1530.65,4732.92,0.49
M0082015,N,56,3,8170.66,1,1,0,1767.42,5323.33,0.68
M0082016,N,71,0,15316.23,1,3,0,3216.8,10401.94,0.62
M0082017,N,52,0,10015.11,0,1,0,515.66,9343.54,0.02
M0082018,N,45,1,5391.29,1,1,0,1157.9,5858.53,0.0
M0082019,N,60,2,20822.33,1,0,0,17619.64,17148.01,0.17
M0082020,N,59,1,20253.68,0,1,1,2701.41,16844.67,0.27
M0082021,N,60,2,28965.39,0,2,0,3960.91,19604.73,1.91
M0082022,N,44,0,4478.86,0,0,0,1767.09,5035.46,0.12
M0082023,N,70,1,38635.26,1,0,1,11714.01,29626.64,3.05
M0082024,Y,54,4,256067.51,2,5,3,117917.54,211247.69,5.05
M0082025,N,37,1,11817.43,1,0,0,1851.38,9174.72,0.16
M0082026,Y,53,5,314874.42,5,3,7,266820.89,134719.53,5.4
M0082027,N,60,0,19223.8,0,1,2,1139.65,15764.27,0.52
M0082028,N,59,0,24704.76,0,1,0,1852.2,20874.81,1.17
M0082029,N,51,2,2396.57,0,2,0,788.82,3108.47,0.81
M0082030,N,19,0,8265.14,0,1,1,8335.81,2969.45,2.8
M0082031,N,68,0,12180.92,0,2,0,657.35,10530.53,1.96
M0082032,N,47,0,37050.19,0,0,0,5160.04,25635.22,2.49
M0082033,N,41,1,22532.21,0,0,0,2842.76,14771.45,0.0
M0082034,N,28,1,12967.96,1,1,0,3396.91,8234.78,0.71
M0082035,N,58,0,5586.9,0,2,0,2363.17,5279.21,0.78
M0082036,N,70,0,19113.61,0,2,2,14046.85,14729.29,1.0
M0082037,N,72,1,6656.56,0,0,0,1034.62,5482.09,1.44
M0082038,N,37,0,5510.92,0,1,0,2123.08,3516.19,1.75
M0082039,N,54,1,16896.25,1,0,1,3319.34,13994.5,1.9
M0082040,N,80,1,14750.68,0,1,0,5211.78,8654.79,1.64
M0082041,N,19,2,20522.3,1,2,0,8108.87,9282.58,1.16
M0082042,N,67,0,4963.75,0,0,0,441.55,3490.62,0.88
M0082043,N,40,2,18338.62,0,1,0,1612.82,13581.4,0.81
M0082044,N,18,1,6455.35,0,0,0,4547.96,1689.56,0.0
M0082045,N,36,2,11498.5,0,0,0,5983.51,8308.23,0.8
M0082046,N,69,0,8528.25,0,0,0,1398.41,7618.15,1.6
M0082047,N,64,2,12201.48,0,0,0,6571.34,11318.36,1.2
M0082048,N,59,1,15131.4,0,0,0,2943.8,15484.81,1.65
M0082049,N,46,2,21885.13,0,2,2,5808.62,20388.64,0.03
M0082050,N,20,2,12087.61,0,0,0,3461.32,10797.9,1.4
M0082051,N,38,1,6837.5,0,1,0,2450.41,4453.92,1.63
M0082052,N,35,0,8238.29,0,2,1,2487.44,9893.75,1.01
M0082053,N,71,1,7417.01,0,0,0,1643.51,10645.95,0.02
M0082054,N,52,1,1128.76,0,2,0,367.54,867.23,0.01
M0082055,N,46,0,23136.14,1,2,0,6282.35,16792.36,0.63
M0082056,N,48,3,12020.62,0,1,1,3173.8,8653.56,1.15
M0082057,N,56,1,8190.35,1,2,0,2040.04,8905.11,0.33
M0082058,N,63,0,19756.79,0,0,0,1210.27,19630.67,0.11
M0082059,N,77,0,32304.06,0,3,1,2731.13,25492.51,1.39
M0082060,N,33,1,11625.97,0,2,0,3120.95,9173.54,0.54
M0082061,N,80,1,18173.26,0,0,1,5085.86,14272.69,1.71
M0082062,N,67,0,13854.54,0,0,0,2249.21,8822.88,1.2
M0082063,N,63,2,12818.11,1,0,0,8223.61,13658.23,1.86
M0082064,N,58,2,7385.26,0,0,0,1836.35,6783.51,1.47
M0082065,N,40,2,9328.27,0,0,0,1547.66,10791.91,2.0
M0082066,N,57,2,17870.22,0,1,0,4939.72,12301.41,2.03
M0082067,N,35,0,17818.02,0,1,0,1990.96,14618.85,0.0
M0082068,N,23,1,4355.86,0,0,0,1701.02,3312.76,0.99
M0082069,N,63,2,6218.52,0,0,2,1908.35,5771.13,1.85
M0082070,N,58,2,20619.17,0,1,2,4108.23,20191.51,1.5
M0082071,N,73,0,21603.01,0,2,0,16616.19,12954.96,2.2
M0082072,N,39,2,20905.63,1,1,0,5073.16,11652.16,1.77
M0082073,N,37,1,10251.22,0,0,1,2515.1,10525.69,1.25
M0082074,N,76,1,17146.64,0,0,0,786.45,13438.6,1.27
M0082075,N,18,3,6029.79,0,0,0,1132.64,9067.89,1.23
M0082076,N,39,0,15178.94,0,0,0,3831.15,8601.66,0.42
M0082077,N,49,1,7297.89,0,3,2,4387.82,3175.32,1.68
M0082078,N,39,2,11429.13,0,0,0,5937.04,8582.59,1.03
M0082079,N,18,1,1433.84,0,1,0,465.76,1590.57,0.0
M0082080,N,39,2,10752.8,0,1,0,3290.65,10761.92,2.04
M0082081,N,42,0,7250.55,0,0,0,3024.44,6409.9,0.0
M0082082,N,50,1,3414.46,0,0,0,3055.88,2423.92,1.36
M0082083,N,49,1,7707.11,0,0,1,6552.23,3798.82,0.25
M0082084,N,46,0,8960.3,0,0,0,3302.42,12972.17,1.39
M0082085,Y,68,4,276970.89,5,2,7,159756.02,150858.3,2.87
M0082086,N,53,1,17303.75,0,1,0,5705.28,14558.66,1.6
M0082087,N,46,2,5258.06,0,0,0,4682.71,3321.11,1.06
M0082088,N,22,1,5528.57,0,0,1,2770.77,6154.53,1.55
M0082089,N,33,2,8066.19,0,0,0,2325.43,4020.73,0.67
M0082090,Y,54,8,180057.62,4,1,4,115255.37,97640.63,6.51
M0082091,N,49,2,10785.76,0,1,0,3829.41,4824.08,0.55
M0082092,N,48,1,10709.22,1,1,0,7239.42,10134.26,1.33
M0082093,N,74,1,18896.47,0,0,0,2768.01,12439.61,1.69
M0082094,N,29,0,5820.86,0,0,0,3439.98,3188.16,0.69
M0082095,N,68,2,10031.98,0,0,0,3385.33,10761.95,0.0
M0082096,N,38,1,7357.14,0,0,1,1521.85,9093.62,0.09
M0082097,N,22,1,5202.31,0,0,0,1746.51,5733.41,3.01
M0082098,N,39,1,11107.83,0,1,1,5004.49,10192.49,1.56
M0082099,N,32,0,14146.18,0,0,0,3874.67,9053.71,1.22
M0082100,N,32,1,2423.41,0,1,0,2161.03,1324.74,0.0
M0082101,N,44,1,12302.8,0,1,0,1931.16,9013.58,0.86
M0082102,N,19,1,13753.25,0,0,0,2733.77,8245.23,1.55
M0082103,N,68,0,16527.18,0,1,1,8734.59,14682.86,1.69
M0082104,Y,45,4,248388.9,2,7,3,83042.18,181397.08,2.47
M0082105,N,55,2,9195.55,0,2,2,6597.01,4787.61,2.3
M0082106,N,29,0,11735.64,0,0,0,3778.28,5574.53,0.7
M0082107,N,73,1,6641.86,0,0,0,2509.05,8684.26,0.95
M0082108,N,51,0,7239.69,0,1,0,3671.14,5501.74,1.42
M0082109,N,74,1,11983.42,1,1,1,2665.0,9428.01,0.22
M0082110,N,59,0,6034.21,0,0,1,2680.63,5121.89,1.32
M0082111,N,21,0,8910.23,0,1,0,3584.97,7777.02,0.05
M0082112,N,61,0,7067.98,0,0,0,4065.6,3353.54,1.44
M0082113,N,34,0,5813.55,0,0,0,707.16,4803.05,0.99
M0082114,N,75,1,13887.2,0,2,0,8793.49,15644.46,0.0
M0082115,N,54,2,10171.55,0,2,0,1041.88,10304.12,1.22
M0082116,N,64,1,29266.93,1,3,0,14951.9,14071.44,2.27
M0082117,N,30,2,11634.55,0,0,0,2520.55,8460.32,0.18
M0082118,N,57,0,8185.87,0,0,0,2870.72,4146.9,1.37
M0082119,N,76,2,23078.42,0,1,0,12205.91,6240.7,1.38
M0082120,N,50,0,15223.79,1,0,0,12921.46,1418.41,0.98
M0082121,N,54,0,9141.99,0,0,0,2301.52,4865.74,0.52
M0082122,N,56,0,4791.8,0,0,0,3026.82,3231.28,0.0
M0082123,N,67,2,6081.6,0,0,0,4777.91,2566.77,0.52
M0082124,N,55,1,12288.26,0,2,0,4650.74,6055.55,1.11
M0082125,N,30,1,10444.98,0,1,0,4352.29,5586.19,1.02
M0082126,N,59,2,4116.95,1,0,0,1922.97,5116.96,0.33
M0082127,N,30,0,6508.4,0,1,0,720.51,5134.2,1.03
M0082128,N,31,0,8720.85,2,0,0,5657.84,2257.47,0.0
M0082129,N,44,0,5178.87,0,0,0,877.87,3816.76,0.77
M0082130,N,54,1,9911.24,0,1,1,3970.07,7206.65,1.39
M0082131,N,64,0,6083.76,0,0,0,1342.82,5161.66,0.21
M0082132,N,72,0,15929.87,0,0,0,1576.05,11100.84,1.5
M0082133,N,75,1,6667.69,0,0,0,2228.86,6573.72,0.79
M0082134,N,74,0,7109.24,0,1,0,3408.01,3967.96,0.99
M0082135,N,51,1,13210.25,0,3,2,2337.2,11646.0,0.5
M0082136,N,32,0,28852.13,0,1,1,11116.6,16661.21,2.28
M0082137,N,78,1,9957.77,0,0,0,3192.4,5161.13,1.43
M0082138,N,45,1,42145.9,0,2,0,9568.3,32520.89,1.15
M0082139,N,79,1,5383.92,0,1,0,1551.0,4559.73,1.43
M0082140,N,66,1,5629.48,1,0,0,1736.84,2786.84,0.62
M0082141,N,63,0,9221.18,1,0,0,2244.18,5114.21,0.05
M0082142,N,71,2,6225.58,0,1,0,6173.71,4774.59,0.0
M0082143,N,79,2,17440.19,0,1,0,17784.26,5732.12,0.83
M0082144,N,28,1,12669.07,0,0,0,704.19,10172.43,1.31
M0082145,N,80,1,5991.92,0,0,0,1673.11,6099.95,0.31
M0082146,N,59,2,12445.67,2,2,0,6607.07,10953.11,2.39
M0082147,N,55,1,10098.92,0,0,1,3442.9,11081.46,0.86
M0082148,N,75,0,8522.96,0,1,0,774.63,7966.88,1.0
M0082149,N,28,1,4742.72,0,0,0,3141.25,3800.58,2.52
M0082150,N,62,0,15576.29,0,2,0,11566.33,10486.39,0.2
M0082151,Y,83,6,268360.92,1,2,5,184108.55,108582.91,3.19
M0082152,N,41,2,17622.5,1,1,0,1735.17,23849.67,0.97
M0082153,N,44,0,10664.67,0,2,0,10650.7,8603.69,1.09
M0082154,N,78,1,19305.09,0,0,0,3355.51,14580.26,2.31
M0082155,N,35,0,5329.26,0,1,0,1783.17,5886.01,0.0
M0082156,N,65,0,6415.85,0,0,0,1035.46,4517.64,0.01
M0082157,N,42,1,4826.03,0,0,0,3506.13,3429.02,0.99
M0082158,N,32,2,3918.41,0,0,0,1339.98,3442.74,1.68
M0082159,N,18,0,6600.7,0,0,0,4899.65,865.33,0.46
M0082160,N,67,1,19361.87,0,0,0,3656.37,15569.95,2.34
M0082161,N,30,0,8327.57,0,0,0,1468.8,6824.34,1.58
M0082162,N,44,0,8499.9,0,1,0,1405.57,5679.58,0.79
M0082163,N,53,0,16544.44,0,0,1,9159.44,11020.34,0.0
M0082164,N,19,2,8905.57,0,0,0,3989.59,6368.32,1.64
M0082165,N,69,1,4702.18,0,0,0,2637.13,3284.02,0.98
M0082166,N,69,0,4396.99,2,0,1,1768.5,4066.03,0.0
M0082167,N,62,1,15227.01,1,1,0,4238.08,16939.45,1.17
M0082168,N,68,2,11633.09,0,0,0,6236.84,3335.08,0.0
M0082169,N,63,1,27671.45,0,0,0,4387.64,22278.29,0.81
M0082170,N,26,0,5577.64,0,0,0,1277.99,3233.58,0.0
M0082171,N,27,1,10127.83,0,1,0,4471.42,11900.65,1.21
M0082172,N,65,0,14431.9,0,0,2,9043.07,5492.46,2.23
M0082173,N,42,0,4013.49,0,2,0,2976.56,3787.58,0.98
M0082174,N,57,3,11159.7,0,0,0,9664.9,6171.03,3.2
M0082175,N,23,0,17423.89,1,0,1,11871.89,7129.79,0.75
M0082176,N,22,0,13947.4,0,0,0,3119.87,19103.8,2.1
M0082177,Y,55,3,240962.5,3,5,1,179643.15,142268.52,3.65
M0082178,N,58,3,24035.64,0,1,0,14262.25,7091.0,2.71
M0082179,N,34,0,6533.95,0,3,0,2080.4,7689.4,1.25
M0082180,N,61,0,4522.05,0,0,0,542.55,3505.2,0.16
M0082181,N,61,1,14432.61,1,0,0,5327.8,9990.91,3.72
M0082182,N,48,0,20549.92,0,0,0,1620.07,20463.97,1.65
M0082183,N,57,1,8244.41,0,1,1,1559.59,5663.13,0.27
M0082184,N,68,0,9361.3,0,2,0,3489.23,4579.13,0.75
M0082185,N,33,3,22367.07,1,0,1,4668.4,15989.27,1.96
M0082186,N,51,1,5801.12,0,0,0,1510.74,3411.95,0.0
M0082187,N,63,2,8835.15,0,0,1,3061.86,5819.61,0.11
M0082188,N,68,1,27424.32,2,0,0,4599.56,18336.49,0.6
M0082189,N,38,3,51690.98,1,2,2,41898.75,4719.8,2.17
M0082190,N,56,0,1932.01,0,2,0,460.72,2289.01,0.35
M0082191,N,43,3,10599.5,0,0,0,1318.59,7865.99,1.92
M0082192,N,61,1,8100.09,1,1,0,5744.08,6410.05,1.0
M0082193,Y,38,7,246383.11,3,3,1,116153.64,146451.26,4.58
M0082194,Y,46,6,317766.91,3,3,4,136690.22,142188.77,6.66
M0082195,N,63,0,4461.46,0,0,0,719.15,6961.8,0.56
M0082196,N,68,0,7359.22,1,0,0,3068.97,7390.46,1.26
M0082197,N,43,1,3061.68,0,0,0,1097.18,2525.83,1.33
M0082198,N,36,2,50731.56,1,0,1,19237.57,21237.84,3.31
M0082199,N,44,4,29789.43,0,3,0,8278.42,23661.61,3.19
M0082200,N,66,0,9549.12,0,0,0,1640.04,8392.27,0.54
M0082201,N,72,3,10705.9,0,1,0,6938.83,9012.89,1.83
M0082202,N,57,0,16327.47,0,2,1,4448.45,9094.48,0.17
M0082203,N,50,2,18657.88,0,0,2,4024.03,11789.88,2.28
M0082204,N,68,1,9872.21,0,0,0,3771.62,5656.97,0.61
M0082205,N,64,0,12069.75,0,0,1,3575.22,7297.02,0.39
M0082206,N,42,1,11508.6,0,1,0,1797.6,9993.6,1.21
M0082207,N,39,2,22805.98,0,2,0,2025.16,20862.46,1.24
M0082208,N,42,0,10040.33,1,1,0,2136.14,6455.26,1.38
M0082209,N,65,0,4829.44,0,1,0,1709.77,2889.65,0.41
M0082210,N,36,0,6963.11,0,2,0,1707.67,7205.3,0.18
M0082211,N,61,1,4872.44,0,0,0,1029.19,4971.98,0.22
M0082212,N,68,0,3990.03,0,0,0,3689.06,2748.52,0.6
M0082213,N,58,4,18427.58,0,1,1,6209.19,14981.55,3.05
M0082214,N,59,1,15497.25,0,1,0,1413.16,10857.82,1.15
M0082215,N,60,1,4882.96,0,1,0,1742.47,3742.9,1.79
M0082216,N,28,1,33428.31,0,2,1,5868.17,39189.46,1.2
M0082217,N,57,1,24428.29,0,0,2,10015.05,13008.7,1.18
M0082218,N,48,1,9699.83,0,0,0,2127.83,5732.78,1.12
M0082219,N,59,3,10221.91,0,0,0,5162.89,9764.01,1.23
M0082220,N,55,0,9191.46,0,0,1,1514.48,5909.35,0.76
M0082221,N,28,1,26570.48,0,0,0,2238.92,23077.66,0.97
M0082222,N,57,2,7264.68,0,2,0,3537.33,8738.21,1.1
M0082223,N,80,0,11382.38,0,1,0,2626.34,7687.83,1.8
M0082224,Y,56,5,124671.95,1,1,5,49344.67,106448.33,5.26
M0082225,N,35,1,13364.95,0,1,1,3742.7,12272.71,1.27
M0082226,N,23,1,4732.76,0,1,0,606.19,4449.68,0.0
M0082227,N,41,0,10535.16,0,0,0,10353.2,4533.01,0.84
M0082228,N,37,1,8178.69,2,3,0,3063.37,9245.7,1.13
M0082229,N,66,1,3840.32,0,1,1,462.55,2576.47,0.0
M0082230,N,56,0,8453.99,0,2,1,4175.87,9478.22,0.84
M0082231,N,62,1,7628.3,0,0,0,2246.6,6534.81,0.0
M0082232,Y,50,6,196609.35,4,2,3,88260.95,134139.19,8.57
M0082233,N,30,1,4674.73,0,0,0,329.89,4535.77,0.0
M0082234,N,55,0,5168.04,0,0,0,504.47,4921.58,0.0
M0082235,N,50,2,12108.06,0,3,1,1603.61,7923.31,3.17
M0082236,N,50,0,26316.68,1,2,0,6849.05,15037.13,0.54
M0082237,N,79,5,16027.03,0,3,0,11554.83,4771.12,3.34
M0082238,N,57,1,19494.29,1,0,0,5891.94,11238.46,1.4
M0082239,N,31,0,6281.5,0,2,1,2335.31,4098.37,0.32
M0082240,N,58,0,5684.47,0,0,1,557.35,4993.17,0.97
M0082241,N,35,1,18172.75,1,3,1,1274.61,16767.67,3.33
M0082242,Y,49,4,314896.14,4,3,3,114904.6,195987.83,7.38
M0082243,Y,41,2,461172.95,5,4,2,179883.39,218437.37,6.39
M0082244,N,37,1,6521.71,0,1,0,857.82,4726.95,1.28
M0082245,N,38,1,12085.94,0,2,0,618.55,10512.64,0.0
M0082246,N,37,0,6048.77,1,1,1,2445.17,6925.73,0.83
M0082247,N,26,0,9929.4,0,1,0,1919.8,10025.35,0.0
M0082248,N,74,1,7098.3,1,0,0,1935.94,6148.55,1.66
M0082249,N,25,0,1754.9,0,0,0,383.46,2376.02,0.35
M0082250,N,24,0,10046.84,0,1,0,3273.09,5672.13,1.31
M0082251,N,45,0,1154.63,0,0,0,1069.22,659.91,0.47
M0082252,N,62,0,12229.15,1,0,1,5178.85,13519.4,0.0
M0082253,N,57,1,8250.21,0,1,0,1443.82,5560.62,0.58
M0082254,N,32,1,7856.85,0,0,1,3291.02,7346.88,0.69
M0082255,N,70,2,19808.44,1,3,0,3368.06,15729.31,1.16
M0082256,N,80,2,4522.96,0,0,0,659.79,7344.71,1.37
M0082257,N,47,0,30347.7,0,1,0,2931.24,24935.85,1.88
M0082258,N,25,0,13566.43,0,1,0,4328.11,17803.47,0.0
M0082259,N,60,2,17762.56,0,2,1,6972.38,10996.3,0.57
M0082260,N,72,0,14419.85,0,1,1,11015.79,2928.77,0.0
M0082261,N,43,1,15482.13,0,1,0,5391.76,6710.86,0.74
M0082262,N,36,1,9038.68,2,0,0,1467.19,8488.07,2.5
M0082263,N,74,1,3465.32,1,0,0,162.23,3282.18,2.12
M0082264,N,33,0,10479.81,1,0,0,5393.88,10005.5,1.01
M0082265,N,69,0,17350.82,0,0,0,3178.59,13900.7,1.78
M0082266,N,49,1,6375.45,0,0,0,798.05,10167.99,1.92
M0082267,N,32,1,8883.56,1,0,2,5695.37,9221.0,2.76
M0082268,N,38,1,47348.4,0,0,1,10664.68,37640.93,1.29
M0082269,N,23,0,15637.76,0,1,0,2075.15,17177.14,0.6
M0082270,N,33,0,4642.93,0,1,0,780.9,3133.65,0.0
M0082271,N,72,0,9181.31,0,0,0,1847.01,6146.07,1.54
M0082272,N,33,2,10041.27,0,0,0,9784.84,4019.56,2.27
M0082273,N,29,1,14036.91,1,2,0,15108.46,4065.37,2.34
M0082274,N,64,1,23463.31,1,2,0,3555.42,15327.59,0.77
M0082275,N,77,0,15227.44,0,0,0,2274.38,10013.24,1.29
M0082276,N,75,0,4526.49,0,0,1,1461.32,4506.52,1.5
M0082277,N,23,2,5489.97,0,1,1,2571.22,6574.59,1.03
M0082278,N,28,0,10304.43,0,2,0,6377.55,4858.75,2.0
M0082279,N,35,1,11628.49,0,2,0,2037.13,12342.66,1.67
M0082280,N,64,0,7799.1,0,1,0,3530.69,5560.89,0.54
M0082281,N,42,3,19949.07,0,1,0,1017.2,15212.21,0.17
M0082282,N,69,1,10574.5,1,0,0,5704.92,6769.77,2.33
M0082283,N,69,1,22482.89,0,0,0,4049.89,15510.08,0.86
M0082284,N,18,1,15988.05,0,2,0,7288.06,9345.43,1.34
M0082285,N,43,0,6677.55,0,0,0,1146.36,5796.45,0.0
M0082286,N,41,2,22466.0,0,0,0,3652.36,15224.35,0.77
M0082287,N,28,1,16347.94,0,0,0,996.77,12689.99,0.94
M0082288,N,26,3,7479.72,0,1,0,2868.05,6926.93,0.0
M0082289,N,65,1,19422.35,0,1,0,10350.6,10955.74,0.65
M0082290,N,32,1,15489.68,0,0,0,1919.14,12437.67,1.69
M0082291,N,25,0,14238.23,0,2,0,3952.39,11143.06,0.0
M0082292,N,33,2,14807.13,0,0,0,2204.48,10480.57,1.19
M0082293,N,78,0,5002.22,0,1,0,586.89,5344.97,1.23
M0082294,N,27,2,13276.39,0,1,0,4436.32,7217.91,0.31
M0082295,N,60,1,12674.56,0,0,1,4643.7,8838.02,0.0
M0082296,N,44,0,25324.94,0,0,0,18465.3,18166.57,4.19
M0082297,N,23,1,28524.97,1,1,0,2975.81,24771.33,0.0
M0082298,N,54,1,10625.55,0,0,0,3079.74,13846.38,0.78
M0082299,N,46,0,9507.47,0,0,0,2248.89,5411.75,0.18
M0082300,N,75,1,4906.78,0,1,0,709.2,4722.73,1.03
M0082301,N,49,0,4016.27,0,0,0,1440.71,1925.78,1.11
M0082302,N,50,2,11215.84,0,2,1,5249.61,7672.51,0.7
M0082303,N,36,0,5371.68,2,0,0,1118.22,3169.82,0.0
M0082304,N,69,1,17515.85,0,2,0,5407.54,9169.16,2.05
M0082305,N,54,2,13968.88,1,0,0,15425.64,4486.7,1.03
M0082306,N,29,2,12460.07,0,2,1,1675.33,19336.98,0.21
M0082307,N,24,0,13721.9,1,1,0,2309.8,8571.06,2.51
M0082308,N,49,1,10848.71,0,0,0,535.31,8418.1,1.03
M0082309,N,20,0,29255.82,0,1,0,3500.63,33819.64,2.46
M0082310,N,68,3,10960.64,0,0,1,5589.46,12720.19,1.11
M0082311,N,80,1,18228.84,0,2,0,3668.42,13924.64,0.91
M0082312,N,21,0,16781.81,0,0,1,11302.11,10874.32,0.53
M0082313,N,48,1,13795.61,0,1,0,9461.82,4028.54,1.53
M0082314,N,73,2,5108.75,0,0,1,1018.01,4945.49,0.0
M0082315,N,21,0,11553.6,0,1,0,3127.92,5967.41,1.04
M0082316,N,61,2,12777.1,0,0,0,6766.45,10070.52,1.47
M0082317,N,24,0,5032.62,0,0,1,1119.43,5330.27,0.0
M0082318,N,21,0,9394.13,1,0,0,2050.51,12930.17,0.39
M0082319,N,66,2,8961.49,0,0,1,2319.58,7865.82,1.3
M0082320,N,28,1,7396.98,0,0,1,4865.38,7854.93,0.81
M0082321,N,70,1,5859.35,0,1,2,1259.44,4560.19,0.59
M0082322,N,59,2,18305.18,0,0,0,4989.55,11941.98,0.13
M0082323,N,54,1,12625.15,1,0,0,3980.98,8750.78,2.18
M0082324,N,57,1,28948.48,0,1,1,7815.24,15458.61,1.59
M0082325,N,41,2,4174.53,0,1,0,2098.93,4009.34,0.0
M0082326,N,56,0,4047.88,1,2,0,974.71,2695.5,0.96
M0082327,Y,69,4,188528.19,5,1,1,90815.96,115496.4,3.6
M0082328,N,35,0,3221.59,0,1,0,1674.52,3673.75,1.18
M0082329,N,69,0,6905.41,1,1,0,1509.29,9307.9,1.17
M0082330,N,25,3,11294.73,0,0,0,2441.37,16605.51,1.69
M0082331,N,33,1,17979.7,0,0,0,5683.41,11365.72,1.14
M0082332,N,29,1,9625.73,0,1,1,3521.87,6091.36,0.75
M0082333,N,57,0,10108.35,0,0,1,6999.57,10649.96,0.65
M0082334,N,71,0,14521.64,0,1,0,878.67,12010.85,0.0
M0082335,N,29,1,14728.45,1,0,0,9846.49,4854.33,0.82
M0082336,N,40,0,7633.34,0,1,1,878.57,6313.93,0.0
M0082337,N,40,0,31295.76,0,0,0,4024.92,29172.16,1.17
M0082338,N,67,1,8302.91,0,1,0,2474.04,7341.04,1.25
M0082339,N,26,1,22752.73,0,2,0,2493.84,16903.4,1.38
M0082340,N,36,0,23646.78,0,1,1,10482.54,15744.51,3.08
M0082341,N,72,3,32738.94,0,0,1,7487.31,25287.22,2.17
M0082342,N,40,0,10200.93,0,1,0,2744.7,10195.62,0.0
M0082343,N,28,2,42506.86,0,2,0,41590.25,16356.99,2.45
M0082344,N,45,1,10715.79,1,0,0,2199.37,10922.65,1.35
M0082345,N,36,3,42498.21,1,2,0,3546.86,30470.85,1.64
M0082346,N,69,1,5874.61,0,0,0,1423.49,4462.35,0.0
M0082347,N,19,1,5262.22,0,1,0,1734.21,5379.46,1.61
M0082348,N,23,2,15595.75,0,1,1,2247.08,26105.75,1.1
M0082349,N,65,0,11623.15,0,0,0,551.69,13819.62,0.17
M0082350,N,56,1,10082.53,0,2,0,7222.46,4073.98,2.04
M0082351,N,51,1,10336.11,0,0,1,4625.22,4005.48,0.0
M0082352,N,34,1,8744.14,0,2,0,2548.21,11917.06,0.0
M0082353,N,32,1,5042.56,0,0,0,2640.99,6076.99,2.01
M0082354,N,67,1,9339.28,0,1,1,4346.12,5681.77,1.06
M0082355,N,70,0,27553.97,2,0,1,13880.73,21172.95,2.21
M0082356,N,79,2,38306.61,0,2,0,2177.65,44513.12,1.36
M0082357,N,25,0,44083.38,0,2,2,3280.0,40589.43,1.8
M0082358,N,41,0,10585.59,0,1,0,3207.04,6312.48,1.84
M0082359,N,30,0,4372.58,0,0,0,876.77,6474.56,0.0
M0082360,N,26,0,7506.69,0,0,0,1880.48,6122.04,2.81
M0082361,N,19,0,8654.42,0,0,1,3316.76,4423.2,1.04
M0082362,N,58,0,23177.94,0,2,0,7682.39,10757.58,0.0
M0082363,N,61,2,30434.51,0,2,0,8263.62,17233.1,1.6
M0082364,N,63,0,14547.97,0,0,1,1104.59,16453.66,1.33
M0082365,N,21,3,5454.56,1,0,0,1106.85,5212.7,1.52
M0082366,N,39,1,19689.35,1,1,0,4476.65,14112.8,3.3
M0082367,N,49,0,6041.3,0,1,0,1787.36,6182.17,0.82
M0082368,Y,75,4,84864.8,3,3,4,27762.6,74518.83,3.93
M0082369,N,77,1,9906.23,0,0,0,4725.47,6370.56,0.89
M0082370,N,60,4,26236.53,1,1,0,4950.54,19733.53,3.3
M0082371,N,76,0,3016.38,0,0,0,1215.78,2934.93,0.76
M0082372,N,36,1,18629.47,0,0,0,2588.47,12399.06,0.8
M0082373,N,22,1,22322.78,0,0,0,5059.18,20739.71,2.8
M0082374,N,70,2,6289.1,0,0,0,2885.55,2394.51,0.0
M0082375,N,40,1,118147.44,1,0,0,3680.08,98687.18,2.43
M0082376,N,63,1,12493.22,0,1,1,3296.02,11673.89,0.01
M0082377,N,42,0,5006.17,0,0,0,1718.27,4283.62,1.13
M0082378,N,71,3,9309.7,0,1,0,3876.2,5187.43,0.0
M0082379,N,40,0,9801.45,0,1,0,7178.79,10502.17,0.43
M0082380,N,19,1,4791.44,0,0,0,757.15,6573.71,0.22
M0082381,N,54,3,13256.05,1,1,2,4242.97,9670.24,1.99
M0082382,N,74,2,10571.53,0,0,2,2053.7,7110.31,1.52
M0082383,N,38,1,3767.07,0,0,1,2654.8,3175.28,1.0
M0082384,Y,51,6,476325.09,2,3,3,50411.49,351496.92,6.46
M0082385,N,23,0,16446.88,0,1,1,2973.43,24359.97,1.2
M0082386,N,48,1,4513.43,0,0,0,2619.43,2875.91,0.53
M0082387,N,56,1,6969.13,0,0,0,1166.98,7877.8,1.04
M0082388,N,37,0,27303.03,0,0,0,2869.46,21869.31,2.11
M0082389,N,18,1,6588.51,0,1,0,1329.07,4367.51,0.08
M0082390,N,50,2,3995.59,0,0,1,600.92,5888.72,0.0
M0082391,Y,66,6,140632.04,2,1,4,46327.51,84678.3,2.28
M0082392,N,52,1,18075.31,0,1,0,8385.78,16046.16,0.41
M0082393,N,29,2,21189.38,0,0,0,19733.96,5010.83,1.38
M0082394,N,21,2,82686.82,1,2,0,10155.58,73047.31,3.05
M0082395,N,36,3,7335.22,0,0,1,1495.97,8165.69,1.87
M0082396,N,59,0,5911.38,0,0,0,4135.18,2167.05,1.57
M0082397,N,49,1,17037.74,0,2,0,2243.8,24109.59,1.77
M0082398,N,22,3,17752.18,0,1,0,5596.41,10749.1,1.79
M0082399,N,36,0,6611.86,0,0,0,1449.24,6291.44,1.66
M0082400,N,63,1,8732.11,2,0,0,1756.37,5653.35,1.76
M0082401,N,56,1,14621.2,1,3,1,7428.56,12177.61,2.66
M0082402,N,66,1,13727.96,1,2,1,4049.27,7880.72,2.03
M0082403,N,25,1,7470.55,1,2,0,3155.27,7372.38,1.92
M0082404,N,53,2,18907.25,0,0,0,7439.65,10832.55,0.68
M0082405,N,69,1,5322.85,0,1,0,1697.37,6217.89,1.76
M0082406,N,54,0,14928.04,0,2,2,2168.1,24177.61,1.15
M0082407,N,74,2,15881.12,0,1,1,13713.8,14436.01,1.55
M0082408,N,56,1,22490.38,0,0,1,14370.23,5922.25,0.7
M0082409,Y,40,5,294492.09,2,4,3,103360.07,255205.79,5.52
M0082410,N,63,0,8838.78,0,1,0,3411.74,4326.15,0.86
M0082411,N,48,0,15941.41,0,0,1,2124.67,11798.23,0.24
M0082412,N,63,4,8462.71,1,2,0,2423.16,11798.95,1.1
M0082413,N,74,1,43997.56,0,2,0,5123.93,37664.76,1.27
M0082414,N,24,0,9222.4,0,0,0,4850.42,4918.27,1.92
M0082415,N,48,0,15288.84,1,2,1,1916.81,11648.04,0.59
M0082416,N,41,0,6757.18,0,0,0,2187.96,6193.46,0.34
M0082417,N,75,1,8716.08,0,0,0,2122.09,5834.73,2.71
M0082418,N,30,0,9265.94,2,2,0,3642.01,6886.02,0.0
M0082419,N,73,0,3378.93,0,0,0,2260.06,987.62,1.36
M0082420,N,80,1,23409.67,0,0,0,24854.18,6409.96,2.57
M0082421,N,26,2,10487.26,0,0,0,2113.51,8895.58,2.79
M0082422,N,80,1,11285.57,0,0,0,3441.69,6621.05,0.09
M0082423,N,80,2,17112.55,2,0,0,1267.03,12622.08,0.07
M0082424,N,42,0,5148.4,0,0,1,2388.51,5623.44,1.98
M0082425,N,21,2,15528.23,0,0,0,1032.04,14073.69,0.57
M0082426,N,63,3,8438.25,0,0,1,5515.36,6420.62,1.59
M0082427,N,75,1,22185.95,0,2,1,6512.23,13886.46,0.0
M0082428,N,50,2,5548.14,0,0,0,1600.79,3849.95,0.95
M0082429,N,79,0,13949.67,0,0,1,1163.85,13911.74,0.32
M0082430,N,36,2,18556.17,0,0,0,6832.71,13318.97,2.35
M0082431,N,68,1,10294.78,0,0,0,2990.69,6980.33,0.63
M0082432,N,24,0,5482.19,2,0,0,1666.02,7691.91,1.1
M0082433,N,76,1,8783.76,0,0,0,3516.99,5564.63,0.18
M0082434,N,31,0,49392.96,1,0,1,4715.45,37248.11,2.53
M0082435,N,22,0,18326.32,0,0,0,10379.21,11462.43,0.08
M0082436,Y,51,5,293351.61,5,1,5,139955.47,127904.27,5.86
M0082437,N,51,1,11489.43,0,1,0,7421.87,8336.08,2.4
M0082438,N,27,1,13740.8,0,0,0,5380.78,5939.5,1.26
M0082439,N,39,2,14308.05,0,0,0,2448.07,18060.66,0.0
M0082440,N,59,1,11381.89,0,0,1,3398.75,5742.35,1.64
M0082441,N,19,1,14850.02,1,0,1,3195.33,9666.99,0.58
M0082442,N,36,2,12359.36,0,0,0,6754.58,7209.54,0.06
M0082443,N,67,1,7573.03,0,0,0,7089.6,4404.65,2.32
M0082444,N,67,2,6137.67,0,0,0,4168.15,1670.77,1.17
M0082445,N,55,0,6075.07,0,0,0,1772.62,3801.92,1.75
M0082446,N,47,1,10783.4,0,0,0,3089.61,5502.93,0.19
M0082447,N,61,1,8587.37,0,0,0,567.88,7774.12,1.15
M0082448,N,71,2,5319.81,0,1,0,1696.11,3916.84,0.2
M0082449,N,42,0,15851.69,0,1,0,1647.46,12035.12,1.75
M0082450,N,42,2,17553.22,0,0,2,6561.81,14258.88,2.39
M0082451,N,33,0,6526.27,0,1,0,320.21,4984.62,0.27
M0082452,Y,41,7,491292.02,5,7,7,191183.93,235102.25,5.49
M0082453,N,56,3,7931.57,0,1,0,2682.22,7636.08,2.03
M0082454,Y,83,4,107224.27,1,1,2,19297.78,129213.55,4.42
M0082455,N,71,0,9721.8,2,1,0,2725.05,7073.24,0.77
M0082456,N,70,2,4169.37,0,2,0,1226.09,3690.16,0.0
M0082457,N,27,1,15864.08,0,1,1,2639.2,14851.86,1.01
M0082458,Y,67,4,372457.15,2,6,5,145195.97,283408.23,5.65
M0082459,N,62,2,5747.77,0,0,1,954.76,6721.39,1.13
M0082460,N,58,0,5191.35,0,1,0,1196.7,3238.29,0.0
M0082461,N,54,3,16495.13,0,0,0,4761.04,18668.56,0.67
M0082462,N,64,0,4384.27,0,0,0,367.25,3300.76,0.38
M0082463,N,29,0,16037.65,0,0,1,1601.78,14476.72,2.42
M0082464,N,80,1,10254.91,1,2,0,1107.97,7279.74,1.18
M0082465,N,19,0,6117.57,0,0,0,1599.32,5870.97,1.31
M0082466,N,21,0,5577.93,0,0,0,1230.1,8049.77,0.58
M0082467,N,57,1,10373.12,0,0,0,823.39,12785.05,1.31
M0082468,N,40,0,15158.63,0,0,0,4034.72,11079.07,1.07
M0082469,N,43,1,16660.68,0,2,0,21391.75,8607.14,0.72
M0082470,N,74,1,7431.53,0,1,0,1942.87,9880.21,0.38
M0082471,N,64,3,56264.0,1,2,0,507.86,48321.32,0.65
M0082472,N,72,3,10853.58,0,2,1,4780.0,5510.3,2.33
M0082473,N,34,0,12181.42,0,0,1,3800.38,11903.75,1.23
M0082474,N,36,0,12643.19,0,1,1,3628.9,15808.22,1.48
M0082475,N,50,0,10887.25,0,0,0,4495.41,6359.96,1.16
M0082476,N,44,0,3016.55,0,0,0,1342.53,2728.42,0.44
M0082477,N,21,1,12742.03,0,0,1,1460.87,12560.71,0.96
M0082478,N,67,2,9063.14,2,1,0,6725.63,4237.85,0.37
M0082479,N,33,1,55235.3,0,2,1,6249.64,48930.48,0.88
M0082480,N,66,0,4485.6,1,3,0,1946.89,1859.07,0.0
M0082481,N,22,1,6461.83,0,0,0,773.37,4941.36,0.95
M0082482,N,32,1,4347.16,0,1,0,721.86,5310.75,0.7
M0082483,N,19,1,13758.12,0,1,0,6846.23,4582.44,0.98
M0082484,N,28,1,11491.14,0,0,0,2262.78,8279.79,0.85
M0082485,N,67,0,25796.69,0,2,2,2979.75,20246.79,1.53
M0082486,N,47,2,18076.32,1,2,1,2200.64,12540.17,1.43
M0082487,N,52,1,9486.26,0,0,0,1388.33,6568.73,0.2
M0082488,N,69,0,22402.84,0,0,1,1209.7,19759.4,1.17
M0082489,Y,40,6,301404.64,3,2,4,141923.12,177138.12,6.74
M0082490,N,19,0,15168.36,0,0,0,2574.5,19002.61,0.97
M0082491,N,79,2,12474.48,0,0,0,2531.46,8605.33,2.3
M0082492,N,33,2,80907.13,0,1,0,9352.6,78809.24,1.41
M0082493,N,28,0,2434.26,0,0,0,422.37,2570.74,0.34
M0082494,N,28,1,28561.14,0,0,0,2668.74,22209.16,0.87
M0082495,N,61,0,9358.43,1,1,0,319.19,7038.26,0.0
M0082496,Y,51,4,258274.48,1,5,3,72952.29,157513.27,3.65
M0082497,N,46,0,33357.8,0,0,0,9155.85,18083.56,1.66
M0082498,N,26,0,3845.01,0,0,0,982.91,2407.6,1.06
M0082499,N,63,0,11611.86,0,2,1,2984.54,7496.64,1.11
M0082500,N,49,1,9967.2,0,0,1,4231.14,8020.3,2.2
M0082501,N,59,1,30935.06,0,1,2,6830.58,21298.89,1.68
M0082502,N,32,3,9041.68,0,0,0,1753.78,8209.59,1.57
M0082503,N,68,0,18677.47,1,1,0,1265.57,13483.64,0.49
M0082504,N,39,2,21341.59,1,3,0,2119.29,17980.28,0.83
M0082505,N,51,2,2234.71,0,0,0,987.32,1147.4,1.59
M0082506,N,65,0,5157.62,0,1,0,3711.09,4971.83,1.67
M0082507,N,39,2,11044.45,0,1,0,3407.15,7191.63,0.84
M0082508,N,55,1,6032.86,0,0,0,2157.27,5052.17,1.63
M0082509,N,63,1,8986.93,0,0,1,5014.94,2590.05,0.64
M0082510,N,71,1,13793.63,1,0,0,521.1,15095.82,1.08
M0082511,N,28,2,18720.91,0,0,1,1204.47,22506.52,1.32
M0082512,N,60,1,3899.85,1,1,0,2798.35,3757.43,0.0
M0082513,Y,54,2,161214.21,2,1,1,45918.24,123041.04,4.74
M0082514,N,22,0,3675.46,0,0,0,1821.81,3536.37,1.13
M0082515,N,64,1,8759.78,1,1,0,5026.44,2725.71,1.04
M0082516,N,75,0,7087.63,0,2,0,2480.8,6516.98,1.2
M0082517,N,20,3,22412.48,1,3,0,5998.58,19240.5,1.64
M0082518,N,70,0,45867.1,1,1,0,4698.08,60812.74,0.76
M0082519,N,23,3,45582.25,1,1,1,30554.8,7503.37,1.13
M0082520,N,72,0,18092.67,0,0,0,1694.05,12625.46,1.62
M0082521,N,43,0,10773.87,1,0,2,2926.25,10568.86,2.28
M0082522,N,26,1,14575.52,0,1,0,4394.76,7081.17,1.75
M0082523,N,79,1,6298.91,1,0,0,1720.23,7364.16,0.53
M0082524,N,27,1,1832.99,0,0,1,492.6,2596.59,1.68
M0082525,N,58,0,11340.23,0,0,0,6320.93,10409.62,2.36
M0082526,N,38,0,29011.45,1,1,0,7380.76,41694.75,2.0
M0082527,N,28,1,18399.86,1,1,0,2049.29,12576.44,2.62
M0082528,N,35,2,10501.63,0,0,0,4243.74,8855.19,0.81
M0082529,N,55,0,5501.49,1,0,0,1710.43,7100.55,0.52
M0082530,N,33,1,20894.53,0,2,1,12737.18,12054.52,2.1
M0082531,N,20,1,11087.35,1,2,1,2105.17,7296.21,1.55
M0082532,N,48,0,6125.37,0,0,0,1985.23,7100.17,1.75
M0082533,N,73,0,14980.79,0,1,0,4957.32,15959.18,1.61
M0082534,N,30,2,7815.27,0,1,0,2014.18,9968.67,0.0
M0082535,N,65,0,3683.61,1,2,0,562.41,2441.41,1.48
M0082536,N,47,1,6674.46,0,0,1,694.82,9742.62,1.14
M0082537,Y,68,4,184921.32,3,1,2,47502.11,213515.42,2.24
M0082538,N,75,1,6919.64,0,0,0,509.32,5273.06,1.19
M0082539,N,40,1,12614.73,2,1,2,5440.59,10791.01,1.96
M0082540,N,35,0,6706.48,0,1,0,2629.9,6054.55,1.23
M0082541,N,23,0,18448.72,0,0,1,8888.26,6513.1,0.39
M0082542,N,74,1,45259.55,0,3,0,6471.43,33628.75,2.48
M0082543,N,79,0,14822.64,0,0,1,15889.96,4782.67,1.96
M0082544,N,35,0,8146.77,0,1,0,6102.73,8554.8,2.3
M0082545,N,43,2,28246.69,1,2,1,4401.04,18931.32,2.61
M0082546,N,36,2,18740.61,0,0,0,1676.09,25120.07,0.84
M0082547,N,35,1,16990.83,0,2,0,3723.66,13613.1,2.27
M0082548,N,47,0,17594.68,0,1,0,603.56,15819.86,0.0
M0082549,N,23,1,5249.34,0,0,0,1417.29,3599.05,0.93
M0082550,N,36,1,20183.77,1,2,2,1466.39,23260.57,1.01
M0082551,N,26,1,13701.23,0,0,0,1012.27,12457.73,0.9
M0082552,N,55,1,23066.28,0,0,0,12198.92,10111.52,1.27
M0082553,Y,55,3,213463.13,1,2,2,64958.86,174893.98,2.36
M0082554,N,69,1,2075.85,0,0,0,758.4,1273.22,1.02
M0082555,N,49,1,37780.34,0,2,1,19790.58,18136.18,1.27
M0082556,N,38,0,3483.87,0,0,0,1465.09,3551.05,2.04
M0082557,N,58,1,26597.69,0,0,0,1738.31,19838.64,0.45
M0082558,N,60,1,31514.94,0,0,1,2582.66,24942.76,1.46
M0082559,N,27,3,25148.1,0,2,2,2055.88,28246.63,3.38
M0082560,N,78,2,9327.71,0,1,1,3842.54,12411.81,0.1
M0082561,N,43,1,8990.72,0,0,0,2373.51,13858.38,0.31
M0082562,N,77,2,7363.05,0,0,0,3349.38,3317.72,1.53
M0082563,N,68,1,8415.36,0,0,0,996.31,9169.3,1.41
M0082564,N,51,0,15925.49,1,2,0,3690.0,12381.5,1.51
M0082565,N,34,0,11237.15,0,0,1,1165.41,10893.66,0.6
M0082566,N,78,0,8771.94,0,1,0,8560.83,5273.61,1.4
M0082567,N,70,0,5656.13,1,1,0,860.21,6026.15,0.57
M0082568,N,52,1,13210.44,0,1,0,6766.18,6644.59,1.1
M0082569,N,31,1,3888.64,0,0,0,1769.62,2006.37,0.4
M0082570,N,33,2,10279.32,0,2,0,1119.36,6959.61,0.54
M0082571,N,64,2,26734.94,0,2,1,5430.44,15653.07,1.17
M0082572,N,45,1,8308.03,0,0,0,1323.83,6578.47,0.54
M0082573,N,45,2,34996.88,0,1,0,7000.16,22305.39,0.0
M0082574,N,25,0,3007.76,0,2,0,2300.07,1462.96,1.05
M0082575,N,65,1,14623.59,0,0,0,5036.68,6702.86,1.52
M0082576,N,29,3,8517.16,0,0,0,1575.69,7090.52,0.36
M0082577,N,45,1,20844.11,0,0,0,12054.3,12632.3,1.48
M0082578,N,53,2,4413.25,0,0,0,1561.06,3918.12,0.87
M0082579,N,23,0,6448.88,1,1,0,2081.27,3229.44,0.02
M0082580,N,61,3,8487.98,3,2,0,3884.51,8506.52,1.98
M0082581,N,18,1,7134.28,0,0,0,3642.02,4926.5,0.0
M0082582,N,67,2,6203.45,1,1,0,888.99,7051.83,0.85
M0082583,N,32,1,9629.87,1,1,0,3815.37,10818.85,2.35
M0082584,N,26,1,7088.32,1,0,0,1165.19,5606.95,0.72
M0082585,N,55,0,11212.15,0,0,0,5553.86,4793.72,1.34
M0082586,N,22,0,10523.53,0,2,0,1979.8,7865.05,1.06
M0082587,N,64,1,15969.26,0,3,1,8801.28,6251.97,2.81
M0082588,N,48,4,22889.58,0,0,1,6467.66,16084.08,2.38
M0082589,N,28,2,21225.81,0,2,1,3100.37,31694.1,0.4
M0082590,N,20,0,6191.6,0,0,0,4361.5,3834.98,0.53
M0082591,N,44,2,26928.61,0,0,0,6842.92,21020.27,2.52
M0082592,N,51,1,4876.16,0,0,2,1469.43,5146.7,2.14
M0082593,N,74,1,23541.27,0,0,0,3245.49,23450.56,0.98
M0082594,N,59,4,26770.59,0,0,1,5694.75,17740.73,0.57
M0082595,N,41,1,16315.62,0,0,0,4422.37,15814.98,1.98
M0082596,N,71,0,6814.26,0,0,0,2540.41,3936.3,1.23
M0082597,N,38,0,4193.89,1,0,0,1360.71,4735.88,0.0
M0082598,N,67,2,16686.9,1,0,1,3704.19,10406.21,1.48
M0082599,N,58,0,9631.05,0,0,0,2047.04,7011.27,0.06
M0082600,N,18,2,22109.82,0,0,1,5130.92,16398.02,3.62
M0082601,N,80,1,8667.47,0,0,0,3125.45,3715.01,1.0
M0082602,N,52,3,33257.28,0,0,0,2017.76,34232.03,1.0
M0082603,N,68,0,11026.76,1,2,0,3461.35,12025.96,1.17
M0082604,N,19,2,12145.44,0,1,0,4431.03,7472.84,0.0
M0082605,N,52,2,31997.81,0,0,1,4143.98,21301.84,2.04
M0082606,N,50,0,15046.21,1,1,0,1522.13,13958.71,0.0
M0082607,N,74,0,8117.61,0,2,0,4115.0,5546.56,2.3
M0082608,N,72,2,3155.79,0,0,0,477.53,5078.2,0.56
M0082609,N,30,3,19431.35,0,0,0,3196.37,20327.19,2.31
M0082610,N,66,2,9227.2,0,1,1,5679.16,4972.27,0.0
M0082611,N,69,0,3250.87,0,0,0,1943.59,3469.95,1.5
M0082612,N,57,2,4257.46,0,3,0,2549.89,4254.58,0.94
M0082613,N,38,1,20001.19,0,0,0,7220.26,9825.52,1.7
M0082614,N,65,0,12818.35,0,0,0,7258.18,12597.41,0.5
M0082615,N,23,2,8538.01,0,1,0,1556.86,5514.83,0.03
M0082616,Y,53,6,125634.22,2,2,1,25837.56,103173.35,2.83
M0082617,N,39,1,5959.36,0,2,1,4032.65,5839.34,0.08
M0082618,N,52,4,11610.94,1,1,0,6191.28,12095.9,2.14
M0082619,N,18,3,34349.75,0,1,1,9165.66,25075.91,3.43
M0082620,N,57,2,10083.3,0,0,0,3036.38,4891.96,0.0
M0082621,N,22,0,8788.8,0,0,0,558.23,9858.36,0.45
M0082622,N,53,1,5909.42,0,1,0,1534.59,3294.13,0.38
M0082623,N,66,1,26595.62,1,1,0,5131.99,16001.85,1.59
M0082624,Y,57,6,185216.18,1,4,5,42748.97,137065.01,2.16
M0082625,N,65,0,6844.27,0,0,0,517.91,6421.81,0.88
M0082626,N,26,1,10114.67,0,0,0,4126.87,7429.01,0.42
M0082627,N,65,0,6647.64,1,0,0,3646.76,3555.88,0.33
M0082628,N,39,0,16805.07,0,0,1,13419.41,3699.41,1.31
M0082629,N,50,1,11667.3,0,1,0,4222.12,8956.74,0.53
M0082630,N,49,1,7273.79,0,0,0,3762.43,6139.87,1.72
M0082631,N,56,2,21848.88,0,1,0,7016.77,15061.7,0.77
M0082632,N,72,0,6309.3,0,0,0,2696.67,6130.27,0.35
M0082633,N,46,1,4705.98,0,0,0,2057.7,2967.07,0.82
M0082634,N,24,2,7511.7,0,1,0,525.46,6804.14,0.0
M0082635,N,20,2,6848.38,0,2,0,2738.95,5233.09,2.36
M0082636,N,23,1,11564.79,1,2,2,4885.51,6231.41,1.46
M0082637,N,45,2,10062.3,2,0,1,1886.04,8762.86,2.43
M0082638,N,62,1,11566.51,0,0,0,3913.05,9844.63,0.0
M0082639,N,47,2,15075.99,0,0,0,3193.21,9252.77,0.0
M0082640,N,62,2,7922.12,0,1,0,3354.65,6696.16,0.59
M0082641,N,80,2,13263.91,0,2,0,6853.38,4978.24,1.68
M0082642,N,57,0,3548.16,0,0,0,1305.01,3006.95,1.21
M0082643,N,32,1,7647.07,0,0,0,1974.38,5449.68,0.41
M0082644,N,43,3,11721.82,0,1,0,2219.36,7685.99,1.25
M0082645,N,70,1,2030.5,0,0,1,759.02,1969.1,1.07
M0082646,N,65,0,12603.52,0,1,0,504.54,10188.87,0.42
M0082647,N,26,0,21114.32,0,0,0,6868.15,17379.36,0.0
M0082648,N,45,2,34094.39,1,2,0,2378.87,32459.14,1.57
M0082649,N,79,2,9867.06,0,1,0,3380.13,10477.97,0.83
M0082650,N,70,2,6230.96,0,1,1,885.81,6332.27,1.34
M0082651,N,42,1,1532.94,0,0,0,512.32,709.89,1.26
M0082652,N,34,1,9264.5,0,0,0,2770.46,4801.69,0.0
M0082653,N,23,0,7716.22,0,0,0,837.29,9324.55,0.45
M0082654,N,40,0,4655.53,0,1,0,1328.89,4703.36,0.93
M0082655,N,80,0,7816.63,0,0,1,618.87,5734.29,1.15
M0082656,N,22,3,6070.75,0,3,0,3882.93,5338.28,2.06
M0082657,N,50,0,19507.59,0,1,1,9581.34,7285.72,1.78
M0082658,N,33,1,13115.47,1,2,0,3115.41,7800.38,1.15
M0082659,N,27,2,6816.02,1,1,1,2177.2,3214.93,1.13
M0082660,N,69,2,7805.78,1,2,1,862.68,6087.02,0.81
M0082661,N,19,1,10330.12,0,0,2,5026.02,4965.53,0.83
M0082662,N,50,1,12991.98,0,1,1,1827.56,11073.28,1.63
M0082663,N,24,1,7456.01,0,0,0,3473.58,6108.56,1.5
M0082664,N,68,1,27689.83,1,0,0,13100.15,18399.48,0.39
M0082665,N,21,2,7294.57,0,1,0,1277.91,6634.04,0.77
M0082666,N,41,0,3399.5,0,1,0,731.33,3804.21,1.65
M0082667,N,52,1,9554.55,0,3,1,3213.98,5334.4,1.48
M0082668,N,48,2,4626.42,1,0,0,1994.24,3805.75,1.96
M0082669,N,23,2,3471.5,0,1,0,2599.99,2666.71,0.65
M0082670,N,73,0,14085.96,0,0,0,3481.2,7838.78,1.13
M0082671,N,43,0,1918.75,0,1,0,402.03,1724.99,0.76
M0082672,N,35,1,2689.51,0,0,0,717.39,3387.96,0.71
M0082673,Y,86,6,280197.9,5,4,6,161354.06,231272.98,6.64
M0082674,N,49,1,14518.53,1,1,0,3257.26,10457.3,1.4
M0082675,N,65,2,22876.65,0,2,0,8602.97,10688.51,1.87
M0082676,N,41,0,7992.6,0,0,0,4725.99,5942.19,1.66
M0082677,N,74,1,26383.9,0,0,0,5125.38,32798.13,1.02
M0082678,N,44,0,9545.09,0,0,0,7906.48,1682.21,2.2
M0082679,N,34,0,8099.86,1,2,0,1266.06,5713.15,1.28
M0082680,N,18,0,7382.19,0,2,0,1622.27,5075.47,1.08
M0082681,N,35,2,26623.82,0,2,3,6447.04,24524.18,2.26
M0082682,N,69,1,14354.21,1,0,0,1766.64,13044.09,0.42
M0082683,N,47,0,6823.34,0,1,0,1695.3,3694.44,0.6
M0082684,N,23,0,6183.11,0,0,0,1806.33,5472.16,1.74
M0082685,N,67,1,10283.86,0,2,1,3255.55,11533.34,0.97
M0082686,N,80,1,4810.87,0,1,0,2793.19,3047.26,0.95
M0082687,N,37,1,7672.24,1,1,0,8086.54,3630.97,2.43
M0082688,N,54,1,19531.03,1,2,0,5005.62,14352.92,0.45
M0082689,N,51,1,5867.01,0,1,0,882.11,4969.11,1.25
M0082690,N,61,1,3662.98,1,0,0,699.94,3607.95,0.38
M0082691,N,46,0,10502.63,0,0,0,1155.83,9669.04,0.94
M0082692,N,71,1,30330.33,0,0,0,5625.09,29006.83,2.13
M0082693,N,55,0,8217.13,0,1,0,1016.39,5872.86,0.0
M0082694,Y,85,3,238534.71,3,3,6,131924.64,120612.43,5.34
M0082695,N,31,1,4468.79,0,0,0,1503.73,4385.72,1.19
M0082696,N,20,1,32069.13,0,1,0,5057.59,22524.75,1.74
M0082697,N,61,2,12612.41,0,2,1,5882.65,6764.48,0.32
M0082698,N,38,1,15526.91,0,1,0,2744.68,10324.86,1.29
M0082699,N,28,2,22038.24,0,2,2,6077.46,19113.8,1.33
M0082700,N,52,0,17307.82,0,0,0,8453.11,8623.54,2.6
M0082701,N,40,1,6223.14,0,0,0,2519.36,6551.45,1.13
M0082702,N,22,1,8200.42,0,1,0,1027.79,10831.66,0.65
M0082703,N,32,0,3623.35,0,0,0,1267.98,2284.26,1.54
M0082704,Y,64,5,272795.94,3,4,5,111374.07,142481.44,6.83
M0082705,N,48,1,25024.96,0,3,1,23598.49,7121.32,1.3
M0082706,N,32,0,3446.48,0,0,0,1952.74,3561.89,0.88
M0082707,N,52,1,12124.54,0,0,0,4485.74,13377.52,1.9
M0082708,N,43,3,12194.15,0,1,0,3148.93,7461.96,1.09
M0082709,N,65,1,8154.03,0,0,0,1617.03,4903.28,0.27
M0082710,N,49,1,13882.69,1,0,0,777.19,11597.0,0.61
M0082711,N,66,0,3231.2,1,0,1,828.0,3207.69,0.28
M0082712,N,25,0,14541.46,0,1,0,652.51,11382.71,0.0
M0082713,N,80,0,7762.98,1,0,1,521.93,6507.41,0.0
M0082714,N,79,1,13882.05,0,1,1,2897.0,17889.18,0.24
M0082715,N,65,1,21421.99,2,2,0,3596.72,13804.38,2.59
M0082716,N,44,2,31174.69,0,0,0,18823.79,11115.73,1.74
M0082717,N,35,1,12048.45,0,0,0,637.38,10929.94,0.66
M0082718,N,25,1,16220.02,1,1,0,8463.84,6985.76,2.52
M0082719,N,41,0,5280.66,0,0,0,2198.67,3369.05,1.3
M0082720,N,36,0,4452.32,1,0,0,1763.59,3146.42,0.87
M0082721,N,43,2,8181.26,0,1,0,4903.65,6277.7,2.23
M0082722,N,65,3,26419.31,0,3,1,6086.03,17189.77,2.39
M0082723,N,70,1,9089.93,0,0,0,1191.79,6403.17,0.78
M0082724,N,18,1,7031.16,0,0,0,380.18,10890.84,0.07
M0082725,N,51,0,3773.55,0,0,0,3405.09,1982.12,0.64
M0082726,N,24,1,15115.6,0,0,0,3052.95,10558.22,0.43
M0082727,N,22,0,5692.17,0,2,0,1173.57,3850.09,1.82
M0082728,N,76,1,18371.9,0,0,1,4866.94,27020.58,3.63
M0082729,Y,40,8,345654.5,2,4,6,150696.0,178911.2,5.4
M0082730,Y,68,5,219533.58,1,1,2,144034.89,169170.59,5.92
M0082731,N,50,0,4709.46,0,1,1,2903.69,3142.73,1.3
M0082732,N,25,3,30654.36,0,0,0,19133.39,11669.75,1.72
M0082733,N,47,1,8710.3,0,1,0,5751.85,7855.7,2.93
M0082734,N,20,0,4662.3,0,0,0,2082.54,5524.12,0.0
M0082735,N,72,3,5812.78,0,1,0,2529.5,3038.54,0.05
M0082736,N,49,2,24261.07,0,1,0,1981.47,17258.23,1.29
M0082737,N,72,1,5093.55,0,0,0,1021.97,7047.1,1.56
M0082738,N,49,1,22301.71,0,2,0,6478.53,13619.75,2.6
M0082739,N,72,1,13885.19,0,0,1,12006.65,5291.33,1.16
M0082740,N,64,1,6057.33,1,0,0,695.91,4717.91,0.75
M0082741,N,29,0,11226.73,0,0,0,2368.99,8678.14,0.43
M0082742,N,30,0,11634.57,1,0,1,6667.48,8382.27,0.92
M0082743,N,30,1,3701.29,0,0,0,1013.09,2315.21,0.2
M0082744,N,35,1,9525.03,0,2,0,6880.44,9463.27,0.52
M0082745,N,61,0,8811.3,0,1,0,2459.54,5606.37,0.93
M0082746,N,28,1,13012.53,0,0,0,3351.51,14207.71,2.04
M0082747,N,46,0,9214.56,0,2,2,1723.95,7612.66,2.37
M0082748,N,22,0,13264.37,0,0,0,4083.66,8856.76,0.52
M0082749,N,70,2,5466.94,0,0,0,581.06,4544.41,1.07
M0082750,N,28,0,15332.81,0,0,1,7301.43,9208.21,0.05
M0082751,N,26,0,39784.13,0,1,0,24914.17,11707.84,1.98
M0082752,Y,68,6,182072.32,3,2,3,82653.6,70207.7,4.43
M0082753,N,69,0,3337.09,1,0,0,2451.84,1858.79,0.0
M0082754,N,74,0,9501.27,0,0,0,3705.32,5701.42,2.67
M0082755,N,67,0,6647.79,1,2,0,1620.64,7616.98,1.27
M0082756,N,51,2,24270.37,1,2,0,9972.97,19399.92,1.31
M0082757,N,48,0,6687.82,1,1,0,1278.21,4032.49,0.33
M0082758,N,68,1,13857.38,0,1,0,7451.95,16375.95,0.0
M0082759,N,72,1,10785.05,1,1,0,1359.25,7284.6,0.51
M0082760,N,24,1,6938.98,0,1,0,1054.77,6652.27,0.0
M0082761,N,77,0,8435.06,0,0,0,985.12,12363.31,2.0
M0082762,N,19,1,35221.52,0,2,0,2520.2,25225.45,1.12
M0082763,N,61,3,14384.57,1,1,3,3977.59,19991.12,3.49
M0082764,N,60,1,5153.45,1,2,0,325.02,7598.88,2.02
M0082765,N,66,0,29088.35,1,1,0,2307.93,22208.43,1.72
M0082766,N,55,0,3075.58,0,1,0,1895.39,1668.57,0.0
M0082767,N,62,0,11257.26,0,0,0,3065.55,6012.25,1.85
M0082768,N,58,0,9322.53,1,0,0,462.12,7285.53,2.54
M0082769,N,80,2,23707.95,2,0,2,13563.69,26255.75,3.2
M0082770,N,76,1,30239.33,0,3,1,18135.87,23864.84,1.8
M0082771,N,60,1,21108.16,0,1,0,4072.05,14701.51,1.12
M0082772,N,47,0,3134.96,0,0,0,672.47,4047.04,0.31
M0082773,N,56,1,2245.52,0,1,0,922.6,1799.79,1.65
M0082774,N,41,1,11164.49,0,0,0,1538.4,11900.64,1.13
M0082775,N,28,0,7253.98,0,0,1,3030.28,3358.54,0.94
M0082776,N,34,2,4375.14,0,1,0,2129.35,3241.2,0.5
M0082777,N,63,2,22272.29,0,1,0,4995.99,15492.99,1.33
M0082778,N,25,0,9633.89,0,0,0,2545.98,8147.16,0.49
M0082779,N,71,1,6507.35,0,0,0,1246.93,6546.34,0.0
M0082780,N,73,0,3682.29,0,1,0,1578.41,2225.42,0.01
M0082781,N,71,2,14116.35,0,1,0,4490.47,10040.2,2.29
M0082782,N,49,0,6750.88,1,0,0,2753.81,8763.66,1.11
M0082783,N,18,0,18420.74,0,1,0,5044.32,16464.78,1.92
M0082784,N,51,1,20703.77,1,0,0,5008.6,15346.23,1.33
M0082785,N,69,0,38122.19,1,2,0,3865.74,30058.22,0.32
M0082786,N,59,2,12583.91,1,1,0,3016.8,7924.98,1.16
M0082787,N,42,0,6866.01,0,1,0,1831.89,7924.55,1.52
M0082788,N,22,0,11347.25,0,0,0,2185.04,8957.99,0.24
M0082789,N,18,2,7773.56,0,0,0,2866.97,5396.54,1.66
M0082790,N,34,1,12031.03,0,1,1,2561.28,7418.84,1.8
M0082791,N,18,2,14744.92,0,0,0,1850.94,15933.18,0.6
M0082792,N,70,0,16549.43,0,1,0,10157.99,6970.0,1.08
M0082793,N,22,0,11540.7,0,0,1,8902.21,3062.58,1.11
M0082794,N,21,0,14478.36,1,0,0,3317.72,8480.36,1.38
M0082795,N,48,0,2984.82,0,0,0,1159.2,4045.84,1.05
M0082796,N,75,2,6901.35,0,0,2,1869.38,3631.33,0.19
M0082797,N,55,1,13088.91,0,2,1,1163.19,12279.31,1.06
M0082798,N,76,1,8688.17,0,0,0,5978.08,7150.68,3.1
M0082799,N,78,2,13829.12,1,1,0,8755.43,8168.1,0.92
M0082800,N,66,1,5792.98,0,0,1,5192.96,3892.27,1.91
M0082801,N,74,1,8711.92,2,0,0,4792.49,3608.02,1.83
M0082802,N,52,1,14369.75,0,0,0,2603.59,11539.58,0.11
M0082803,N,71,1,6946.86,1,3,0,5033.36,7200.13,2.29
M0082804,N,56,0,7585.04,0,0,0,478.33,10687.63,1.94
M0082805,N,64,1,13358.32,1,0,1,8546.53,14277.89,2.1
M0082806,N,49,0,10434.84,0,0,0,4000.49,13157.21,0.04
M0082807,N,21,0,16382.42,0,0,0,1213.83,26008.75,1.15
M0082808,N,23,3,22095.76,1,1,0,1709.85,18369.23,0.1
M0082809,N,65,1,20261.54,0,2,0,5496.19,12922.11,0.36
M0082810,N,33,2,9779.98,1,1,1,6354.36,9810.38,1.41
M0082811,N,35,0,8815.23,0,1,1,1734.37,7351.98,1.45
M0082812,N,65,1,18023.83,0,1,1,3124.49,13080.65,1.97
M0082813,N,44,1,8985.45,0,0,1,5729.7,5111.28,0.0
M0082814,N,59,2,3043.32,0,0,0,586.47,2423.38,0.0
M0082815,N,56,0,18450.6,0,0,0,5858.07,12667.73,0.05
M0082816,N,62,0,3011.14,1,0,0,2904.5,2063.76,1.09
M0082817,N,70,0,6540.44,0,1,0,2875.22,5428.8,1.33
M0082818,N,61,2,13236.89,0,0,1,4649.98,11249.08,2.6
M0082819,N,59,0,22066.52,0,0,0,5201.68,16093.38,1.37
M0082820,N,71,2,19830.64,0,2,0,3208.32,14160.75,1.52
M0082821,N,64,1,11546.85,0,0,0,3983.28,8478.09,1.21
M0082822,N,77,1,4553.34,1,0,0,2784.08,2693.36,0.63
M0082823,N,45,3,28639.74,0,0,0,5433.67,23757.92,1.7
M0082824,N,48,1,23666.65,0,0,0,4600.17,16063.52,0.5
M0082825,N,70,2,4739.17,0,0,0,963.56,3785.23,1.03
M0082826,Y,68,4,186261.2,3,4,4,74424.04,142640.97,6.66
M0082827,N,64,1,15779.31,0,0,0,5488.85,11155.28,1.06
M0082828,N,21,0,11405.76,0,1,2,4625.13,12184.12,0.0
M0082829,N,42,2,13249.67,0,0,0,2059.63,13997.55,1.46
M0082830,N,28,1,23782.46,1,2,0,14996.19,7987.54,0.77
M0082831,N,35,0,10836.73,0,0,0,1907.13,9224.99,0.54
M0082832,N,48,1,21671.48,0,1,0,1509.97,16879.4,1.11
M0082833,N,35,1,4278.57,0,1,0,2717.25,4979.51,0.9
M0082834,N,19,0,11804.41,0,0,0,887.04,9523.42,0.81
M0082835,N,65,2,53950.81,2,0,0,13973.78,31729.33,1.95
M0082836,N,22,2,14215.14,1,2,0,4044.06,9470.28,1.86
M0082837,N,29,1,25918.64,0,1,1,6146.6,17479.67,1.35
M0082838,N,43,0,4021.28,0,0,0,815.44,2906.92,0.46
M0082839,N,22,2,4402.13,0,0,0,1353.14,2767.26,0.0
M0082840,N,22,2,18027.84,0,1,0,4750.4,12656.2,1.46
M0082841,N,46,2,19511.59,0,0,0,15862.37,7914.91,0.68
M0082842,N,22,1,18207.82,0,0,1,2037.19,17514.3,1.52
M0082843,N,30,2,5722.14,0,0,0,2506.71,3606.91,0.0
M0082844,Y,74,5,153308.04,4,1,5,68309.96,111800.38,4.13
M0082845,N,44,3,11513.48,0,1,0,2729.97,7338.57,0.35
M0082846,N,68,2,11283.54,0,0,1,1970.28,16417.12,1.92
M0082847,N,35,1,11145.78,0,0,0,2138.02,8265.22,2.02
M0082848,N,59,1,3805.95,0,0,0,509.27,3973.9,0.0
M0082849,N,32,2,12046.76,0,0,0,1793.87,12538.53,0.48
M0082850,N,44,2,7206.25,0,2,0,1829.55,10611.4,2.23
M0082851,N,76,0,8264.89,0,0,0,3876.83,5446.04,0.2
M0082852,N,63,1,16508.57,0,1,0,1129.98,16032.65,1.54
M0082853,N,61,1,1829.67,0,1,1,643.99,2522.96,0.93
M0082854,N,71,2,9904.3,0,0,0,3542.26,4492.17,1.44
M0082855,N,38,4,22266.97,1,2,1,3599.36,16158.44,1.54
M0082856,N,35,2,7877.4,0,0,0,1427.82,12173.57,1.79
M0082857,N,21,2,17557.15,0,1,1,3401.93,22394.11,1.3
M0082858,Y,77,6,155754.08,4,4,3,47911.8,138504.52,2.63
M0082859,N,56,1,24017.93,0,0,0,8758.38,10420.36,0.45
M0082860,N,21,1,7535.92,0,0,0,3265.64,3483.13,0.0
M0082861,N,35,0,4139.45,0,1,0,1138.3,4621.68,0.24
M0082862,N,40,1,15881.35,0,3,0,2431.11,10803.35,1.59
M0082863,N,46,1,5511.54,0,1,0,2266.15,4727.89,0.0
M0082864,N,55,1,20198.04,0,0,0,2751.07,13543.92,1.26
M0082865,N,80,1,21540.39,1,1,0,5843.06,11570.63,0.66
M0082866,N,30,0,18092.81,0,0,0,2165.92,14024.86,1.47
M0082867,N,38,0,11997.91,0,0,2,2759.67,14706.9,1.18
M0082868,N,27,1,8432.35,0,0,0,3730.62,11287.15,0.0
M0082869,Y,83,5,289304.89,4,8,5,131266.45,131796.57,5.08
M0082870,N,46,0,7362.51,1,0,0,891.48,7809.05,0.0
M0082871,N,21,0,6860.59,0,0,0,1032.84,7138.03,0.13
M0082872,N,66,0,15194.81,0,2,0,2865.62,10038.09,1.15
M0082873,N,57,3,15621.56,0,0,0,8622.8,6714.73,2.12
M0082874,N,39,1,5467.72,0,0,1,1942.87,4504.06,0.8
M0082875,N,49,0,14426.52,0,1,1,3745.38,7681.77,0.67
M0082876,N,64,3,8749.41,0,0,0,749.15,10803.5,1.0
M0082877,N,33,0,15624.6,0,1,0,3985.85,10040.95,0.98
M0082878,N,52,1,28558.9,1,1,0,6648.86,15976.45,1.65
M0082879,N,27,3,37285.35,0,0,0,10887.0,20125.56,1.71
M0082880,N,74,1,9351.56,0,1,0,2868.12,11287.22,2.06
M0082881,N,52,0,3088.97,0,0,0,492.35,2053.2,0.38
M0082882,N,23,2,9911.73,0,0,0,3048.16,14218.85,2.15
M0082883,N,31,1,2434.59,0,0,0,1499.91,1382.71,0.76
M0082884,N,63,0,2930.27,0,0,0,1029.48,2271.43,0.95
M0082885,N,70,1,20467.96,0,0,0,16136.11,10686.76,1.72
M0082886,N,18,0,4033.09,0,2,0,1181.72,2631.06,1.35
M0082887,N,52,1,6952.96,0,0,0,1046.59,10149.09,0.75
M0082888,N,62,0,4197.63,0,1,0,2147.55,4135.2,1.86
M0082889,N,21,0,7906.04,1,0,0,2492.66,5397.0,2.2
M0082890,N,26,1,10631.76,0,2,1,3439.81,9275.97,1.63
M0082891,N,67,1,9518.64,0,1,1,903.19,8410.85,0.69
M0082892,N,49,2,28992.32,0,1,0,4896.39,18631.09,1.38
M0082893,N,39,1,11069.0,1,1,1,3664.75,6997.35,1.75
M0082894,N,56,1,3736.09,1,2,0,2329.89,3795.45,1.47
M0082895,N,67,2,9503.23,0,0,0,3578.06,5866.17,0.77
M0082896,N,80,2,19867.29,0,1,0,10411.63,7022.73,0.0
M0082897,N,48,1,4436.19,0,0,0,988.38,5184.86,0.71
M0082898,N,66,2,44304.22,0,2,2,8241.15,71618.84,2.75
M0082899,N,71,1,12740.14,0,0,0,2076.78,10257.9,0.28
M0082900,N,37,2,11951.7,0,0,1,2384.49,10458.53,2.15
M0082901,N,79,0,9235.45,1,1,0,4618.07,4867.94,0.56
M0082902,N,31,1,10378.69,0,0,0,5590.48,3289.14,0.6
M0082903,N,73,0,24856.39,0,1,0,3573.36,17459.21,0.69
M0082904,N,50,0,5388.43,0,0,0,1100.82,4550.89,0.0
M0082905,N,64,2,8564.92,0,1,0,5690.18,2472.93,0.09
M0082906,Y,64,5,293495.47,6,2,5,46743.3,215074.32,6.69
M0082907,N,53,1,9842.46,0,0,0,9700.54,6436.9,0.17
M0082908,N,78,0,5247.36,0,0,0,684.52,3641.48,0.13
M0082909,N,39,0,3313.26,0,0,0,2437.1,1820.27,0.87
M0082910,N,43,2,15088.34,1,1,0,5787.9,9184.07,2.49
M0082911,N,54,1,8830.65,0,1,0,3467.9,7731.07,1.26
M0082912,N,49,1,11131.54,0,0,0,3902.89,6378.32,0.07
M0082913,N,53,2,10059.1,1,1,0,3248.6,5946.43,2.4
M0082914,N,71,1,9957.83,0,0,0,2090.8,6076.54,1.4
M0082915,N,68,1,6105.06,0,0,0,2924.45,7259.49,0.25
M0082916,N,70,3,9664.55,0,1,0,3411.81,7190.25,1.77
M0082917,N,49,0,3780.47,0,0,0,3205.4,3082.27,0.66
M0082918,N,40,0,10577.39,0,0,0,3135.83,5700.07,0.09
M0082919,N,56,0,8367.37,0,1,0,1228.95,8039.53,1.94
M0082920,N,56,1,8331.36,1,0,0,1468.87,5697.4,0.69
M0082921,N,48,1,9105.47,1,0,0,1420.98,8791.66,0.49
M0082922,N,18,0,43381.23,0,1,0,2413.62,33817.61,1.82
M0082923,N,49,0,6222.68,0,0,0,1129.84,8258.87,0.9
M0082924,N,44,0,2600.95,0,1,1,1373.5,2404.95,0.41
M0082925,N,39,1,22527.21,0,1,1,6163.75,18207.36,2.99
M0082926,N,80,1,2831.47,0,0,0,1731.23,2242.93,0.0
M0082927,N,67,1,3369.63,0,1,0,1146.3,3518.7,0.06
M0082928,N,28,0,16086.77,0,0,1,1677.65,16001.43,0.75
M0082929,N,70,1,10092.88,0,0,0,2745.69,5770.46,1.02
M0082930,N,33,1,23617.21,0,1,0,2968.04,19526.19,1.35
M0082931,N,46,1,4579.15,0,0,1,511.71,5240.6,0.45
M0082932,N,73,2,15816.07,0,0,0,1648.37,10731.72,1.27
M0082933,N,27,2,4513.8,0,0,1,1335.08,3268.74,1.31
M0082934,N,50,0,13815.7,0,0,0,3954.03,9366.75,0.0
M0082935,N,50,0,4757.25,0,1,1,361.45,6240.92,0.0
M0082936,N,42,0,11378.03,0,0,1,2447.09,11898.4,1.24
M0082937,Y,46,4,174180.43,1,3,1,57104.9,116676.12,6.22
M0082938,N,24,2,14392.12,0,0,0,3751.31,9187.34,0.44
M0082939,N,24,2,10643.22,0,2,0,2555.68,13440.6,1.17
M0082940,N,33,1,9951.2,0,0,0,1617.16,10544.97,2.47
M0082941,N,21,0,9839.95,0,1,0,2526.72,8996.8,0.95
M0082942,N,74,1,17084.74,0,1,0,3347.66,12077.04,0.69
M0082943,N,36,1,6104.34,0,0,0,1870.78,3505.71,0.0
M0082944,N,49,0,10638.48,1,0,0,1570.24,6770.25,0.22
M0082945,N,38,1,11233.9,1,0,0,854.84,14045.86,0.0
M0082946,N,74,2,10781.41,1,2,0,5548.93,10112.53,0.97
M0082947,N,77,0,6832.76,0,0,0,3152.87,2534.25,0.0
M0082948,N,41,1,8211.83,0,0,1,5842.98,7662.54,2.51
M0082949,N,74,1,13411.82,0,1,0,4947.58,5934.86,3.59
M0082950,N,41,0,5725.8,0,1,0,3383.3,2838.4,0.89
M0082951,N,70,1,3478.1,0,0,0,903.77,2815.2,0.63
M0082952,N,23,1,16976.92,2,1,2,6627.86,8517.94,1.36
M0082953,N,37,2,4080.81,0,0,0,870.29,5312.41,0.41
M0082954,N,29,1,15677.86,0,4,0,3212.83,13752.75,1.03
M0082955,N,40,3,38709.01,0,1,0,18762.45,15102.64,2.07
M0082956,N,57,0,33033.81,1,1,1,1393.68,31674.04,3.47
M0082957,N,18,2,14542.23,1,0,1,4880.97,11340.25,3.22
M0082958,N,35,1,7365.81,0,0,0,1854.5,9402.49,2.16
M0082959,N,19,2,51197.91,0,0,1,21542.47,41289.53,1.34
M0082960,N,78,3,19567.49,0,0,0,3122.7,14773.28,1.48
M0082961,N,40,2,25837.51,1,1,0,6244.34,15210.38,1.42
M0082962,N,28,1,6633.64,0,1,0,2565.72,3163.1,0.76
M0082963,N,78,1,6658.1,0,0,0,1475.04,4847.37,1.01
M0082964,N,79,2,10907.31,0,0,1,11710.13,4629.76,1.67
M0082965,N,63,1,11987.16,0,1,0,3693.53,13167.52,0.53
M0082966,N,50,0,1928.51,0,0,0,1611.25,1358.11,1.11
M0082967,N,22,0,14701.41,0,0,0,5011.98,8158.79,1.22
M0082968,N,34,2,21033.6,1,0,0,3449.36,20660.2,1.5
M0082969,Y,71,3,240117.14,5,4,2,73661.41,229879.82,4.82
M0082970,N,74,1,13177.92,0,1,0,3982.48,17023.81,1.41
M0082971,N,39,1,7194.2,1,0,0,713.47,7388.0,0.09
M0082972,N,19,2,6049.72,0,0,0,1722.05,5035.73,1.24
M0082973,N,19,0,7010.29,0,0,0,984.1,6124.45,0.13
M0082974,N,65,2,24676.48,1,1,0,10180.74,9413.05,2.44
M0082975,N,24,1,9000.05,0,0,2,3555.02,8337.58,0.27
M0082976,N,60,1,39302.07,0,1,0,17158.21,22200.19,1.55
M0082977,N,20,0,15051.76,0,1,1,2569.44,19926.62,3.43
M0082978,N,43,0,7011.08,0,1,1,2653.05,3592.41,0.92
M0082979,N,42,1,26581.88,0,0,0,4551.13,18517.44,1.67
M0082980,N,50,0,8982.31,1,0,1,2120.81,6527.32,0.92
M0082981,N,77,1,5130.2,0,2,0,1715.42,6739.9,1.02
M0082982,N,66,1,4563.93,0,0,0,623.15,5355.94,1.3
M0082983,N,60,0,3259.19,0,0,0,1258.18,1965.86,1.24
M0082984,N,56,2,10238.98,0,1,1,4779.22,3993.0,2.77
M0082985,N,46,0,15610.1,0,0,0,5367.93,10638.14,0.6
M0082986,N,35,1,17239.14,1,0,0,2901.97,17525.44,0.77
M0082987,N,19,1,14469.94,0,0,0,1212.56,10424.08,0.98
M0082988,N,42,0,21264.99,0,0,0,5290.01,13443.33,0.45
M0082989,N,71,2,8744.82,0,1,0,2059.43,11011.24,0.63
M0082990,N,46,2,16222.24,0,0,0,2410.44,15589.06,0.73
M0082991,N,21,1,24606.99,1,2,1,7726.92,24592.47,1.39
M0082992,Y,81,4,156164.18,4,1,1,48803.42,169395.11,3.01
M0082993,N,36,2,11149.4,1,1,0,3802.11,5089.61,0.85
M0082994,N,25,3,13150.34,0,1,0,3730.12,15924.41,0.69
M0082995,N,70,0,8517.16,0,2,1,3597.02,7352.7,1.47
M0082996,N,35,0,5155.52,0,0,0,880.55,3215.97,1.53
M0082997,N,43,1,7175.61,1,0,2,585.72,5444.11,0.14
M0082998,N,37,0,18442.29,1,1,0,5721.64,10130.27,1.52
M0082999,N,52,1,7861.92,0,1,0,4226.42,2175.11,1.0
M0083000,Y,85,8,479765.83,4,6,6,178937.03,233731.03,6.72
M0083001,N,55,0,14827.87,0,0,1,3255.61,11892.81,0.34
M0083002,N,54,0,5303.09,0,0,1,2413.89,3668.46,0.22
M0083003,N,70,0,9583.0,1,0,0,518.06,7392.48,0.1
M0083004,N,70,0,10038.14,0,1,1,3844.35,4127.79,0.89
M0083005,N,71,0,29755.37,1,2,0,1684.97,25947.35,1.27
M0083006,N,21,3,25883.56,0,2,0,5533.57,22758.57,2.87
M0083007,N,37,0,10115.57,0,0,0,7155.11,2497.87,0.64
M0083008,N,72,4,18995.97,1,2,0,3806.9,14249.1,3.33
M0083009,N,31,0,6995.29,0,0,0,1270.02,6505.9,0.02
M0083010,N,45,0,1299.98,1,3,0,501.44,1502.28,0.7
M0083011,N,59,1,29126.92,1,2,1,8200.69,14625.75,1.04
M0083012,N,57,2,4619.86,0,0,0,2241.31,5782.73,0.0
M0083013,N,19,0,11543.47,0,0,0,4739.2,4391.53,0.0
M0083014,N,67,2,14544.6,0,0,0,3612.05,9070.43,0.73
M0083015,N,29,3,9997.0,1,1,0,1866.01,13217.56,1.17
M0083016,N,55,3,24699.37,0,1,0,8650.2,14050.85,0.26
M0083017,N,74,0,5115.77,0,2,1,2221.28,1972.85,1.37
M0083018,N,40,1,18341.49,1,0,0,2236.55,22606.27,0.93
M0083019,N,26,2,23873.6,0,0,0,19284.06,7225.36,0.2
M0083020,N,46,0,9378.04,0,1,0,1136.08,7244.23,1.56
M0083021,N,35,1,59646.03,0,0,2,30687.95,32900.43,1.94
M0083022,N,43,0,13924.74,1,0,2,2325.05,11540.53,1.37
M0083023,N,39,0,15535.49,0,0,2,6356.41,6744.58,2.03
M0083024,N,73,0,7091.86,0,1,1,1405.68,11374.24,0.8
M0083025,N,42,1,18065.09,0,0,1,1349.1,29181.14,2.26
M0083026,N,36,2,6143.89,1,0,1,5683.13,3401.33,0.82
M0083027,N,29,0,11048.77,0,0,0,950.29,10941.2,0.88
M0083028,N,63,2,26291.55,1,1,2,3924.56,20954.52,1.73
M0083029,N,18,1,3710.12,0,0,1,673.03,4032.21,0.25
M0083030,N,62,0,38869.84,0,1,1,16405.89,20386.35,1.95
M0083031,N,23,1,5904.48,0,0,0,1199.54,3519.06,0.0
M0083032,N,18,1,19750.49,0,1,0,4016.23,14210.32,1.45
M0083033,N,67,0,21181.2,0,0,0,3252.85,13774.19,1.02
M0083034,N,73,2,7757.08,0,0,0,1707.76,7213.17,0.21
M0083035,N,71,2,3571.83,0,1,0,1060.0,5209.25,0.58
M0083036,N,79,2,3933.55,0,0,1,4885.55,1859.19,1.42
M0083037,N,25,1,31113.04,0,1,0,14766.87,10217.14,1.46
M0083038,N,43,0,35575.31,0,1,1,6321.07,21591.59,2.54
M0083039,N,18,1,13149.87,0,1,0,7300.2,15789.85,1.62
M0083040,N,18,2,3048.7,0,1,0,683.97,4189.43,0.0
M0083041,N,70,4,29801.37,0,2,0,13334.32,18329.14,2.25
M0083042,N,28,2,17053.81,0,1,0,3606.17,13871.72,2.52
M0083043,N,60,0,5259.3,0,0,0,1029.64,7780.39,0.0
M0083044,N,50,0,16768.18,0,0,0,1542.65,13364.11,0.74
M0083045,N,72,1,25586.99,0,0,0,4210.49,15994.61,0.5
M0083046,N,38,2,22801.6,1,0,2,4630.81,15024.26,0.96
M0083047,N,59,1,4533.02,0,1,0,2655.31,5238.73,1.43
M0083048,N,22,2,12680.88,0,0,0,2841.6,9079.44,1.64
M0083049,N,78,1,9339.72,0,1,0,1293.87,15545.05,0.75
M0083050,N,41,1,26553.17,0,0,0,2545.22,20909.61,1.06
M0083051,N,80,0,3031.75,0,0,1,290.15,3614.87,0.13
M0083052,N,76,1,8899.87,0,0,0,1144.05,10409.19,0.36
M0083053,Y,64,4,313497.75,2,4,1,102145.27,166131.08,4.1
M0083054,N,78,1,6085.75,0,0,0,2037.25,4813.89,1.03
M0083055,N,22,0,18402.28,0,1,0,5043.0,18018.15,1.29
M0083056,N,47,1,33319.07,0,2,1,7421.68,26347.35,1.13
M0083057,N,42,1,11230.28,0,1,2,4989.11,9519.29,2.13
M0083058,N,45,3,4582.2,1,2,0,3753.02,3112.12,0.97
M0083059,N,48,1,17250.15,0,0,0,8089.57,7048.7,1.71
M0083060,N,39,3,11410.84,0,0,0,5207.86,7673.88,0.48
M0083061,N,31,2,4030.37,0,0,0,1914.34,3223.7,0.23
M0083062,Y,38,4,67486.12,1,2,5,23691.81,63561.43,5.54
M0083063,N,44,2,21428.32,0,0,0,7775.31,24377.6,2.72
M0083064,N,42,3,21867.94,0,2,0,4919.1,18957.45,0.1
M0083065,N,78,2,14717.15,0,0,0,9284.55,17071.08,0.34
M0083066,N,36,1,21687.63,0,1,1,4258.97,16683.87,1.34
M0083067,N,61,1,8171.79,0,0,0,1297.5,6665.71,3.01
M0083068,Y,64,5,326667.8,1,3,4,65163.89,207368.2,5.14
M0083069,Y,86,6,284762.94,4,3,2,92502.24,149599.87,3.86
M0083070,N,76,2,4316.13,0,0,0,3615.61,3807.14,1.05
M0083071,N,49,2,17807.71,0,2,0,6395.81,16274.38,2.61
M0083072,N,51,3,3070.8,0,1,0,1923.65,2394.14,0.33
M0083073,N,43,3,3656.05,0,0,0,2176.8,3930.56,1.24
M0083074,N,29,0,17467.74,0,0,1,3103.79,10845.85,1.71
M0083075,N,67,1,14414.48,0,0,1,6829.36,5717.64,1.07
M0083076,N,71,1,23073.4,0,0,0,6149.02,15496.29,1.54
M0083077,N,77,1,10218.37,0,0,0,3261.18,9120.64,2.19
M0083078,N,34,1,20179.91,0,1,0,5859.18,11725.05,0.25
M0083079,N,80,0,15940.61,0,1,1,11198.94,13937.57,0.35
M0083080,N,80,2,20404.41,1,0,1,14739.79,10040.11,2.93
M0083081,N,20,0,7508.71,0,0,0,1733.56,4212.28,1.34
M0083082,N,51,1,15885.8,0,1,0,1078.35,13104.69,2.77
M0083083,N,68,0,14666.33,0,0,0,2026.96,9656.13,0.44
M0083084,N,78,1,16352.19,1,1,0,2420.36,22274.35,0.87
M0083085,N,34,1,12171.0,2,1,1,3001.46,10214.66,1.76
M0083086,N,54,0,8471.3,1,1,0,3499.31,4312.11,1.8
M0083087,N,54,2,13347.24,0,0,0,5977.01,8265.23,0.58
M0083088,N,61,1,5711.81,0,0,1,1511.08,3856.5,1.53
M0083089,N,60,0,10066.31,0,2,0,3882.88,12937.67,1.5
M0083090,N,78,0,5395.15,0,0,0,2304.63,4795.95,0.78
M0083091,N,61,1,10685.63,0,0,0,1758.9,14003.59,0.59
M0083092,N,43,1,11104.71,0,0,0,2778.1,7683.57,1.76
M0083093,N,60,1,12181.5,1,1,0,4957.71,7148.46,0.58
M0083094,N,59,0,12023.42,1,0,0,2616.66,10342.62,0.69
M0083095,N,33,2,13187.58,1,0,0,3719.21,13514.75,0.0
M0083096,N,33,0,14481.51,0,0,1,6386.63,7788.78,0.07
M0083097,N,79,0,13093.6,0,1,0,5795.43,4605.12,0.47
M0083098,N,47,1,34774.05,1,3,0,7474.8,28754.09,2.45
M0083099,N,45,0,20595.74,0,0,0,1872.75,15273.23,0.6
M0083100,N,77,1,21830.81,0,0,0,3598.45,31364.18,1.72
M0083101,N,59,0,12199.82,0,2,0,2801.15,9259.77,1.58
M0083102,N,69,1,14754.19,0,0,1,1015.96,10600.43,0.58
M0083103,N,68,1,24469.98,0,1,0,6182.85,23950.75,2.36
M0083104,N,50,0,4949.41,0,2,0,1366.28,5294.42,1.6
M0083105,N,80,1,13598.96,0,0,0,4203.56,9415.04,1.21
M0083106,N,28,0,21136.56,1,0,0,1353.41,18118.42,1.04
M0083107,N,21,0,11905.59,0,0,0,1472.29,8227.54,1.53
M0083108,N,32,1,13873.88,0,1,0,1028.29,13335.8,1.17
M0083109,N,62,1,6206.79,0,0,2,1953.21,6904.04,1.81
M0083110,N,37,0,11521.56,0,2,1,2764.29,11745.49,1.28
M0083111,N,61,3,13729.65,0,0,0,1615.03,14184.84,0.36
M0083112,N,71,1,20851.02,0,0,1,3590.94,13897.98,0.85
M0083113,N,77,3,25807.59,0,2,0,8152.93,15282.0,2.44
M0083114,N,73,0,17122.33,0,0,0,5537.18,7996.94,0.19
M0083115,N,67,1,25802.57,0,3,1,1446.19,20484.98,0.8
M0083116,N,41,0,15205.5,1,0,0,12300.62,14138.37,1.01
M0083117,N,31,0,7568.76,0,0,1,5784.99,7375.63,0.0
M0083118,N,24,2,21736.94,0,1,0,5120.48,19552.55,1.06
M0083119,N,35,2,7897.99,0,0,0,4233.12,4287.74,0.0
M0083120,N,21,1,2616.22,0,1,0,1698.9,2496.53,0.76
M0083121,N,40,0,6768.97,0,1,1,3576.15,2380.27,0.0
M0083122,N,53,3,38945.55,1,1,1,54507.79,10928.13,1.27
M0083123,N,18,0,12157.22,0,2,1,7643.29,4312.18,0.21
M0083124,N,20,1,7888.69,0,2,0,1134.14,6605.46,0.91
M0083125,N,76,0,3065.77,0,2,0,891.12,1681.1,0.65
M0083126,N,60,2,16171.74,0,2,0,5881.93,7067.37,0.7
M0083127,N,33,2,13262.85,0,4,1,8455.56,15326.67,3.76
M0083128,N,46,1,10375.76,0,0,1,5683.68,4753.23,0.01
M0083129,N,65,3,18637.63,1,0,2,8732.62,24913.13,1.54
M0083130,N,29,1,4005.63,0,1,0,1065.44,4522.84,1.04
M0083131,N,78,2,12208.32,0,0,0,780.21,9817.94,0.64
M0083132,N,71,0,18186.86,1,0,0,10784.55,17439.99,1.64
M0083133,N,60,0,5059.9,0,0,0,434.25,8723.8,1.6
M0083134,N,77,0,3317.37,0,1,0,1937.52,2103.31,1.21
M0083135,N,54,1,5838.94,0,3,0,2452.89,2880.26,1.47
M0083136,N,21,2,11946.95,0,1,0,1953.68,11350.2,1.72
M0083137,N,45,0,11110.14,0,0,1,2734.98,7817.01,0.87
M0083138,N,19,1,8516.32,0,1,0,4545.73,7995.21,1.36
M0083139,N,71,1,25158.88,1,1,1,3618.01,19197.21,1.53
M0083140,N,71,0,12175.65,1,2,0,1815.72,10509.37,0.83
M0083141,N,37,2,11011.84,0,1,0,4584.16,14705.24,1.87
M0083142,N,24,3,10217.01,0,0,0,1535.56,6539.51,2.28
M0083143,N,60,2,8275.26,0,0,0,1450.28,5918.54,0.0
M0083144,N,68,2,15483.27,0,1,0,3216.92,10948.94,1.71
M0083145,N,64,0,14301.1,0,2,2,3319.42,11290.1,1.83
M0083146,Y,83,8,448997.8,4,5,5,195564.33,343203.45,6.32
M0083147,Y,64,3,283335.7,2,5,3,167099.75,115866.3,4.14
M0083148,N,77,0,8617.18,0,1,0,3479.13,7337.75,1.28
M0083149,N,27,2,11662.43,0,0,0,2811.07,6328.69,1.79
M0083150,N,28,1,9562.35,0,1,2,622.04,6948.22,0.2
M0083151,Y,58,4,114604.18,2,1,5,48859.32,95706.9,3.47
M0083152,N,39,1,21348.85,1,0,0,1729.28,15689.2,0.02
