member_id,synthetic_high_cost_member_flag,member_age,chronic_condition_count,prior_year_paid_claims,inpatient_admissions,er_visits,specialty_rx_count,rx_paid_claims,medical_paid_claims,comorbidity_score
M0005748,N,70,0,15852.66,0,0,1,6991.07,16784.2,0.96
M0005749,N,78,1,15558.7,1,1,0,2633.48,11157.25,1.61
M0005750,N,36,0,9682.9,0,1,0,1657.24,14318.75,2.66
M0005751,N,56,2,8836.06,0,2,0,3671.78,10108.09,1.86
M0005752,N,27,0,3485.36,0,0,0,774.09,4819.64,0.19
M0005753,N,55,2,13824.91,1,1,0,2383.94,8604.69,0.45
M0005754,N,20,0,17258.05,0,1,0,5884.54,10151.7,0.0
M0005755,N,72,1,8129.64,0,0,0,5997.0,7220.4,0.89
M0005756,N,54,2,12933.09,1,0,0,3310.58,10644.12,0.47
M0005757,N,80,1,9952.61,1,1,0,4026.78,7709.95,0.36
M0005758,N,48,0,5621.32,0,0,0,1341.75,3588.39,1.32
M0005759,N,66,1,7005.16,0,1,1,1796.73,4194.01,0.0
M0005760,N,24,1,2919.7,0,1,0,1982.86,2974.64,0.35
M0005761,N,74,0,4733.77,0,2,0,1437.87,4691.6,1.9
M0005762,N,30,2,8928.76,1,1,0,4669.85,4140.19,0.85
M0005763,N,40,1,17552.47,0,2,0,2776.23,12842.78,1.19
M0005764,N,20,0,23551.05,1,0,0,1138.38,21306.34,0.0
M0005765,N,61,1,4369.16,0,0,0,1506.61,2524.26,1.25
M0005766,N,80,1,33012.21,2,2,1,9472.69,16888.38,0.0
M0005767,N,40,2,6553.95,0,2,1,967.73,5455.29,2.15
M0005768,Y,76,5,385186.08,6,8,6,84399.91,382391.87,7.14
M0005769,N,19,1,12888.43,0,1,0,6390.18,6720.59,1.34
M0005770,N,56,0,3930.93,0,0,0,1140.92,2060.41,1.3
M0005771,N,66,2,24688.24,0,3,1,3198.33,18989.08,1.84
M0005772,N,55,1,10701.58,0,0,0,4183.49,14101.08,2.19
M0005773,N,64,0,5682.74,0,0,0,1798.63,4293.4,0.41
M0005774,N,41,1,7006.52,0,0,0,540.16,7169.15,1.85
M0005775,N,54,0,3957.32,0,0,0,2930.96,1541.07,0.75
M0005776,N,21,2,15655.3,0,0,0,7170.21,9532.9,1.3
M0005777,N,76,0,5781.81,0,0,0,855.6,4163.3,0.61
M0005778,N,77,2,8904.14,0,0,0,3858.19,6599.07,0.85
M0005779,N,80,0,32857.34,0,1,0,11133.25,16646.13,1.91
M0005780,N,21,0,9352.87,0,0,0,937.31,6607.94,0.51
M0005781,N,23,2,14600.47,1,0,0,4959.31,7922.43,0.5
M0005782,N,59,2,10347.4,0,1,0,2564.05,7775.86,0.94
M0005783,N,48,2,14259.76,0,1,0,4753.17,17904.21,1.99
M0005784,N,73,0,9875.6,0,1,0,4291.84,4875.09,1.0
M0005785,N,28,2,33413.24,0,0,0,2725.49,28678.32,1.71
M0005786,N,32,0,8771.66,0,0,0,6171.23,8544.72,1.45
M0005787,N,46,0,4025.99,0,0,0,1019.11,2149.55,0.22
M0005788,N,42,0,13133.55,0,0,0,1201.07,9567.22,0.0
M0005789,N,42,3,8776.86,0,0,0,1187.7,10709.43,1.68
M0005790,N,25,0,10456.52,0,0,0,2130.83,7327.66,0.04
M0005791,N,25,0,8186.18,0,1,0,2379.98,6058.19,1.22
M0005792,N,29,1,5540.51,0,0,0,1024.2,8663.0,0.32
M0005793,N,54,1,5485.75,0,1,0,2808.96,2257.41,1.24
M0005794,N,56,0,5382.3,1,0,1,6604.07,2259.2,0.77
M0005795,N,31,1,12097.84,0,1,0,3572.99,10432.79,1.88
M0005796,N,40,3,3201.08,0,1,0,627.61,4037.2,0.45
M0005797,N,76,2,6997.74,0,1,1,1745.98,6456.18,0.76
M0005798,N,25,0,5013.85,0,0,0,3492.03,3274.37,2.12
M0005799,N,70,1,5174.74,0,1,0,931.83,6303.49,1.49
M0005800,N,52,2,24372.77,0,0,2,1089.97,18128.48,1.65
M0005801,N,26,1,27725.29,0,0,0,7727.41,14073.54,2.37
M0005802,N,39,0,19549.04,0,3,1,8266.96,19839.42,1.99
M0005803,N,37,1,10606.38,1,0,0,1020.38,10385.19,1.34
M0005804,N,69,1,13791.76,1,0,1,3247.98,8708.73,0.0
M0005805,N,58,2,11644.56,1,0,0,5286.9,9328.26,1.96
M0005806,Y,71,3,384476.27,5,5,3,169881.74,200198.45,7.1
M0005807,N,80,1,11102.51,0,0,0,4558.92,4660.61,0.66
M0005808,N,70,1,31090.93,1,1,0,2769.41,25660.99,1.32
M0005809,N,53,0,17987.03,1,0,0,10056.49,17039.01,2.29
M0005810,N,67,2,7117.8,0,0,0,1215.69,9492.17,0.0
M0005811,N,31,0,6124.62,0,0,0,1263.6,6810.4,1.81
M0005812,N,31,0,12025.97,1,1,0,2442.32,14893.23,1.01
M0005813,N,74,1,10315.97,0,0,0,4352.56,5966.81,1.67
M0005814,N,80,3,3459.08,0,3,0,1719.73,3275.35,0.98
M0005815,N,70,2,5027.45,2,0,0,1480.98,5206.72,1.23
M0005816,N,38,0,7222.79,1,2,1,1379.23,5084.08,0.85
M0005817,N,72,0,10395.93,0,0,0,2102.14,8472.1,1.19
M0005818,N,44,1,10789.95,0,1,0,5360.32,8046.99,0.89
M0005819,N,63,3,19073.76,0,1,0,13781.08,9704.48,2.06
M0005820,N,50,3,24979.17,1,1,1,6037.66,26509.67,1.44
M0005821,N,30,1,5004.04,0,1,1,3580.64,4261.45,0.74
M0005822,N,44,2,9842.92,1,0,0,7295.99,10327.56,1.92
M0005823,N,78,1,7011.17,1,1,0,3970.05,5083.3,0.39
M0005824,N,55,0,1992.65,0,0,0,762.8,1932.35,1.52
M0005825,N,26,0,7841.9,0,0,0,4175.01,10011.07,1.59
M0005826,N,20,2,15905.6,1,2,1,7264.8,7652.15,0.0
M0005827,N,30,4,22670.68,1,1,0,7189.19,25535.12,2.16
M0005828,N,50,1,18796.91,0,0,0,4862.24,13671.03,0.82
M0005829,N,32,1,15118.57,0,0,0,4306.05,8395.94,0.0
M0005830,N,78,1,16961.64,0,0,0,3382.2,10637.16,0.23
M0005831,N,63,1,12559.52,0,1,0,11817.28,7502.5,1.74
M0005832,N,27,1,9454.53,0,1,0,1361.46,9147.93,1.86
M0005833,N,20,3,27862.87,0,2,0,14895.41,11773.01,2.52
M0005834,N,77,2,9502.4,0,0,1,1161.24,7194.08,0.0
M0005835,N,49,0,5035.66,0,0,0,2487.68,2389.09,0.0
M0005836,N,37,0,6432.4,0,0,1,2546.57,2631.76,0.0
M0005837,N,28,1,15654.01,1,0,0,4754.34,10746.47,0.98
M0005838,N,57,0,3673.43,1,3,1,836.46,3187.15,1.49
M0005839,N,72,1,10455.98,0,0,0,1155.27,10735.13,0.15
M0005840,N,67,1,7271.99,0,0,0,5989.99,1239.89,1.49
M0005841,N,55,1,9776.67,0,0,0,1944.63,5866.71,0.81
M0005842,N,33,3,19862.07,1,1,0,3992.41,15362.38,1.26
M0005843,N,74,1,7138.45,0,1,0,3850.84,7737.76,1.43
M0005844,N,65,1,30054.53,0,0,0,11850.64,18197.44,3.11
M0005845,N,74,1,18783.11,1,1,1,1526.72,16883.22,2.12
M0005846,N,25,1,5240.99,0,0,0,1795.34,5613.39,0.62
M0005847,N,72,0,3407.84,0,0,1,1209.42,3176.43,1.6
M0005848,N,67,1,2704.95,0,0,0,876.87,2339.63,0.0
M0005849,N,64,0,26240.88,0,2,1,9068.83,17647.53,1.71
M0005850,N,42,0,25335.07,0,1,0,2517.21,26006.06,1.19
M0005851,N,61,1,10775.2,0,0,0,1835.51,7718.38,0.0
M0005852,N,76,1,5469.15,0,1,1,1287.86,6803.29,0.0
M0005853,N,66,1,12396.23,0,1,1,1588.88,8326.61,0.86
M0005854,N,68,0,5188.45,0,0,1,1273.91,3520.97,0.7
M0005855,N,18,2,15890.77,0,1,0,1979.18,15043.11,1.68
M0005856,N,56,1,39602.74,0,1,1,10139.3,25522.69,1.46
M0005857,N,47,1,14634.03,1,1,0,6590.94,5259.35,0.52
M0005858,N,60,1,4197.37,0,3,0,917.22,5105.97,1.5
M0005859,N,78,2,21183.68,1,1,0,6202.11,11377.52,0.3
M0005860,N,38,3,11622.18,0,1,2,1708.18,14059.25,1.48
M0005861,N,73,1,7785.36,0,0,0,2170.7,5118.06,2.9
M0005862,N,37,2,16655.19,0,0,0,7515.45,8842.36,0.8
M0005863,N,29,1,15881.73,0,0,0,3122.01,9712.24,0.28
M0005864,N,19,1,12662.95,3,1,0,1763.48,8412.28,1.9
M0005865,N,56,0,3805.54,0,0,0,739.34,4523.85,0.0
M0005866,N,20,2,5514.51,0,1,0,2415.21,6039.11,0.0
M0005867,N,42,1,26300.61,0,0,1,14129.41,11898.44,0.17
M0005868,N,29,3,13962.47,0,2,0,1337.22,11939.91,0.89
M0005869,N,70,1,10560.46,0,1,0,2367.75,16014.58,0.93
M0005870,N,61,1,7139.39,0,0,0,1973.32,5742.79,2.02
M0005871,N,47,1,18418.98,1,0,0,21186.5,10117.74,2.71
M0005872,N,62,2,16646.64,1,1,0,2095.86,24354.92,0.99
M0005873,N,59,0,37285.71,1,1,1,520.37,32959.02,0.56
M0005874,N,60,1,11812.87,1,0,1,4020.04,5566.03,0.92
M0005875,N,62,2,9314.84,1,1,0,1809.86,7098.01,0.87
M0005876,N,75,1,9127.94,0,0,0,5305.8,6871.55,1.24
M0005877,N,66,1,34391.17,0,1,0,4328.45,53402.99,1.4
M0005878,N,63,0,5769.53,1,1,0,245.94,5915.63,0.13
M0005879,N,20,0,10034.89,0,1,0,5611.51,3630.22,1.28
M0005880,N,51,0,7618.48,0,1,0,2027.76,4848.18,0.55
M0005881,N,60,3,15656.36,0,1,2,10978.96,8384.73,1.45
M0005882,N,76,0,7920.22,0,0,0,1883.28,8022.86,0.0
M0005883,N,76,1,13439.37,0,0,0,3700.97,8357.04,0.0
M0005884,N,22,1,61859.1,0,2,0,31795.78,21199.99,2.92
M0005885,N,57,0,2165.98,1,1,0,1034.0,2614.34,1.41
M0005886,N,74,0,2713.04,0,0,0,1130.83,3326.96,0.0
M0005887,N,74,1,12638.36,0,1,0,5618.0,13328.93,1.5
M0005888,N,57,1,36090.34,1,1,1,3010.57,32057.74,2.49
M0005889,N,53,1,3645.63,0,1,0,3348.5,2921.17,0.79
M0005890,N,45,0,7597.47,1,1,1,2907.1,9123.91,1.15
M0005891,N,30,2,14349.13,0,0,0,2810.79,14009.22,1.26
M0005892,N,67,1,14235.96,0,1,0,5241.87,15644.57,1.92
M0005893,N,61,2,22373.45,0,0,0,4003.67,19121.51,0.91
M0005894,N,35,1,13468.0,1,0,0,3956.77,16367.32,1.0
M0005895,N,53,2,10516.48,0,2,0,2755.42,8921.63,1.57
M0005896,N,55,0,4511.79,1,0,0,2085.41,2952.81,0.32
M0005897,N,59,0,6416.3,0,0,1,6022.2,3594.98,0.87
M0005898,N,51,0,4522.96,0,0,0,747.86,4347.82,1.53
M0005899,N,50,0,7732.26,0,0,0,1790.32,5611.16,2.36
M0005900,N,67,1,6128.52,0,0,0,4918.15,4091.38,1.33
M0005901,N,77,0,31703.48,0,0,2,5329.04,31880.29,1.37
M0005902,N,47,0,6564.67,0,2,0,3883.85,2970.34,0.89
M0005903,N,48,2,22779.79,1,1,0,2084.17,29898.42,0.76
M0005904,N,53,1,6210.38,0,1,0,2230.04,2858.63,0.89
M0005905,N,68,2,15846.07,0,2,0,4818.81,17101.47,2.02
M0005906,N,29,1,5446.24,0,2,0,1886.01,4133.0,0.46
M0005907,N,69,1,3381.36,0,1,0,1261.08,2969.1,0.6
M0005908,N,79,2,28168.27,0,0,0,4539.88,28126.09,2.75
M0005909,N,65,1,24162.97,2,0,0,19026.65,6971.23,1.21
M0005910,N,24,0,11530.29,0,0,1,4023.57,5157.59,0.0
M0005911,N,56,1,22708.06,0,1,1,3250.38,16582.84,1.95
M0005912,N,66,2,8033.8,0,1,0,5698.98,5004.99,1.0
M0005913,N,30,3,20547.15,0,1,0,7573.54,18570.02,2.48
M0005914,N,22,0,13609.77,0,0,0,3335.86,8894.02,1.69
M0005915,N,57,0,2999.21,0,0,1,782.31,2417.27,1.04
M0005916,N,63,1,18710.97,0,0,0,4559.16,11498.71,1.59
M0005917,N,43,0,15267.24,0,0,0,9154.92,9359.3,1.45
M0005918,N,36,2,14198.02,1,0,0,3689.23,9139.89,1.12
M0005919,N,25,2,6056.46,0,0,0,1077.01,4403.6,0.0
M0005920,N,30,2,7921.4,1,0,2,553.96,7691.47,1.05
M0005921,N,56,1,9331.18,0,1,0,1804.04,6174.44,2.31
M0005922,N,62,0,4708.06,0,1,0,766.3,4093.23,1.94
M0005923,N,43,2,19700.76,0,0,0,5422.21,10610.53,1.02
M0005924,N,40,0,8026.34,0,0,0,1477.55,12544.36,0.36
M0005925,N,80,1,2029.77,0,1,1,783.38,2136.98,0.77
M0005926,N,69,1,5802.57,0,0,0,2558.52,3642.12,1.48
M0005927,N,50,1,14286.49,2,1,0,1030.94,11508.07,1.16
M0005928,N,41,1,12332.04,0,1,0,5852.19,4081.08,0.75
M0005929,N,19,1,20644.21,0,0,0,3294.77,15177.04,2.06
M0005930,N,20,1,6777.38,0,0,0,1757.76,4762.54,1.28
M0005931,N,53,1,9248.5,1,0,0,2463.48,7899.91,1.75
M0005932,N,45,0,3601.02,0,0,0,1306.0,2383.44,0.69
M0005933,N,70,0,4340.56,0,1,0,804.73,3070.4,0.0
M0005934,N,20,1,14209.78,0,1,1,2348.77,9369.86,1.9
M0005935,N,19,2,8061.63,0,2,1,4614.85,8646.22,0.59
M0005936,N,50,1,6637.02,0,1,0,944.54,4550.11,2.6
M0005937,Y,64,3,71848.54,2,1,1,38659.53,43982.2,2.0
M0005938,N,19,2,17666.41,1,2,0,3824.01,12824.93,1.41
M0005939,N,24,0,12803.83,0,0,0,1562.95,16863.75,0.84
M0005940,N,69,0,15314.41,0,1,2,7809.97,10245.96,0.7
M0005941,N,32,1,3120.18,0,0,0,1192.57,2587.51,0.57
M0005942,N,51,2,42176.96,0,1,0,16860.51,21975.36,1.98
M0005943,N,23,0,2898.99,1,0,0,683.85,2499.9,1.1
M0005944,N,79,1,6762.21,0,1,0,2096.45,9869.94,1.4
M0005945,N,48,0,6963.41,0,0,0,2701.48,6558.71,1.29
M0005946,N,75,1,8211.41,0,2,0,4506.67,5171.0,0.78
M0005947,N,62,2,31540.95,0,1,0,23988.8,8843.25,1.28
M0005948,N,66,1,10694.19,0,0,1,3554.59,7405.07,1.91
M0005949,N,26,0,3672.71,0,0,0,2120.69,2170.79,0.88
M0005950,N,75,1,9580.63,0,1,1,2418.18,6025.16,0.0
M0005951,N,58,1,18206.51,0,1,0,2793.59,18135.1,1.6
M0005952,N,51,1,9803.43,0,0,0,4627.7,3942.42,0.01
M0005953,N,58,1,17251.31,0,1,0,7128.39,9977.49,1.66
M0005954,N,42,1,9985.51,0,2,0,5073.74,4466.81,0.0
M0005955,N,60,1,5201.67,1,1,0,3946.13,4406.1,0.0
M0005956,Y,40,4,141708.72,1,4,2,55769.53,82611.95,3.24
M0005957,N,70,1,14100.6,1,1,1,5889.55,9703.63,0.93
M0005958,N,33,0,9308.28,0,0,2,2691.81,12922.91,1.9
M0005959,N,21,0,4180.75,0,0,0,843.39,4204.14,1.12
M0005960,N,62,0,9918.08,0,0,0,5044.36,3437.22,0.0
M0005961,N,78,1,12250.7,0,0,0,2509.52,8095.76,3.18
M0005962,N,29,0,8009.25,1,1,0,4873.62,8288.8,0.87
M0005963,N,29,1,11503.57,1,0,0,10766.66,8866.46,1.8
M0005964,N,55,0,4556.4,0,3,0,1231.9,3883.35,2.14
M0005965,N,49,1,27621.17,0,2,0,7924.04,33350.63,1.43
M0005966,N,35,0,3493.55,0,0,0,1303.34,3423.19,0.45
M0005967,N,31,2,5497.15,2,0,0,1462.24,4571.83,1.32
M0005968,N,19,0,6024.26,0,0,0,1970.16,3225.24,1.1
M0005969,N,34,0,6426.12,0,0,0,1189.99,4897.47,0.76
M0005970,N,44,1,11655.09,0,0,0,2274.99,7594.28,1.09
M0005971,N,22,0,3824.19,0,0,0,1313.15,3892.69,0.57
M0005972,N,64,0,7524.35,1,0,0,4365.54,2179.64,0.0
M0005973,N,74,2,13725.37,0,2,0,2828.34,20795.5,1.99
M0005974,N,24,2,5457.99,0,0,1,1145.75,7910.3,0.76
M0005975,N,35,1,15504.22,0,1,0,6030.83,6409.42,1.7
M0005976,N,47,0,19083.3,0,1,0,7008.26,8749.73,2.13
M0005977,N,77,2,12904.03,0,0,0,3049.3,8439.01,1.51
M0005978,N,75,0,22646.8,1,1,0,7820.85,24104.16,0.06
M0005979,N,60,1,32158.44,0,1,0,26392.11,4621.51,1.96
M0005980,N,18,1,1215.84,0,0,0,753.95,1369.0,0.0
M0005981,N,73,0,5073.8,0,0,0,3472.16,5376.96,3.02
M0005982,N,72,1,5524.12,0,1,0,687.39,4396.35,0.08
M0005983,N,18,0,14583.39,0,0,0,4203.83,11992.33,0.0
M0005984,N,24,0,10270.8,0,2,1,1288.77,10876.91,0.15
M0005985,N,48,0,12891.44,0,0,0,1206.64,10093.85,0.14
M0005986,N,52,3,6866.47,0,0,0,800.48,11120.51,0.53
M0005987,N,76,2,6556.65,0,0,0,1642.12,4208.79,0.0
M0005988,N,20,1,8592.25,0,0,0,532.15,6768.79,0.88
M0005989,N,65,2,7079.87,0,0,0,1467.08,11144.88,1.96
M0005990,N,80,0,5639.47,0,0,0,1822.49,3582.49,0.86
M0005991,Y,51,2,172617.41,1,1,6,74880.82,112296.28,3.48
M0005992,N,48,0,6319.13,1,1,0,2922.71,2594.97,2.23
M0005993,Y,40,5,142009.24,2,1,4,79777.49,68943.9,5.17
M0005994,N,76,2,15166.09,0,0,0,3262.57,9613.21,2.19
M0005995,N,32,2,14606.72,0,2,2,14755.1,10084.16,3.59
M0005996,N,68,0,3368.42,0,0,0,723.84,3749.65,0.8
M0005997,N,70,0,7946.95,0,1,0,2547.34,10076.12,1.2
M0005998,N,41,1,8206.22,0,0,1,1545.2,5599.1,0.19
M0005999,N,75,0,33784.75,0,1,0,5557.59,21250.65,0.57
M0006000,N,64,0,3191.66,0,0,0,1785.49,2549.74,0.72
M0006001,N,55,0,4370.13,0,0,0,2092.43,3913.25,0.75
M0006002,N,32,0,4716.92,0,1,0,976.14,3555.36,2.35
M0006003,N,45,0,9993.06,2,1,0,5334.61,7110.9,2.14
M0006004,N,33,1,6195.11,0,0,0,1075.83,7393.4,0.0
M0006005,N,75,0,36601.46,1,1,1,15905.96,13652.84,1.16
M0006006,N,76,1,13846.42,1,0,0,7600.55,7370.66,1.55
M0006007,N,73,2,11300.99,0,1,1,3968.42,4888.23,0.0
M0006008,Y,57,4,189475.27,2,3,3,52916.21,172169.78,2.86
M0006009,Y,55,5,119549.35,4,3,5,85247.85,61171.0,4.7
M0006010,N,35,0,13005.36,0,1,0,5565.75,4758.74,1.55
M0006011,Y,41,4,247464.63,3,5,6,92402.5,131991.21,4.84
M0006012,N,47,1,8408.23,1,2,0,1079.46,10172.9,0.0
M0006013,N,28,0,7157.95,0,1,0,3999.09,7841.84,1.86
M0006014,N,22,0,4718.47,1,0,1,2106.18,2403.6,1.21
M0006015,N,35,0,21352.58,0,2,0,3094.53,13684.57,1.97
M0006016,N,24,1,69426.89,1,2,0,43292.31,29570.41,1.0
M0006017,N,36,1,10903.99,0,0,0,1826.32,8613.72,0.13
M0006018,N,41,0,19460.74,1,1,0,669.03,15383.32,0.91
M0006019,N,28,2,12655.94,0,0,2,6612.74,5610.34,0.0
M0006020,N,48,0,9653.95,1,0,0,2453.94,7203.49,0.0
M0006021,N,74,2,5305.52,0,0,0,1068.45,4748.04,1.18
M0006022,N,41,0,17503.37,0,0,0,5370.19,8668.02,1.19
M0006023,N,47,0,4593.62,0,1,0,1004.45,5767.42,1.66
M0006024,N,52,0,11363.78,0,0,0,3568.64,7394.0,0.37
M0006025,N,21,1,8811.77,1,0,0,3333.8,3828.68,0.83
M0006026,N,74,2,24328.9,1,1,0,21891.46,4919.49,0.37
M0006027,N,55,3,5846.53,0,0,1,2373.61,3313.55,0.12
M0006028,N,46,0,7196.42,1,0,0,447.86,11282.87,0.87
M0006029,N,52,2,13663.45,0,2,2,6341.83,5766.15,0.85
M0006030,N,45,2,8553.89,1,0,0,1898.82,7961.49,1.59
M0006031,N,30,0,15504.2,1,0,0,2286.76,13221.76,1.04
M0006032,N,31,0,7916.43,0,1,1,2435.66,4210.34,0.45
M0006033,N,72,0,3894.22,1,0,1,1077.03,4079.7,1.7
M0006034,N,28,1,10096.82,0,1,0,5167.08,9334.31,1.71
M0006035,N,78,1,12231.78,0,0,0,4550.62,8310.86,0.17
M0006036,N,66,2,4061.27,0,0,1,1153.2,2752.2,0.0
M0006037,N,29,0,14890.84,0,1,0,1810.45,11764.98,0.73
M0006038,N,41,0,5358.71,0,0,0,1555.27,2855.89,0.76
M0006039,N,25,3,33077.51,0,2,1,8110.27,30971.73,2.04
M0006040,N,29,2,14775.2,1,0,0,10412.73,8440.86,0.61
M0006041,N,26,0,2788.24,0,2,0,1574.02,2491.38,2.05
M0006042,N,78,0,18053.27,0,2,0,6904.2,9479.3,2.33
M0006043,N,77,2,3394.24,0,1,0,1095.08,5035.44,2.0
M0006044,N,64,1,15688.49,0,0,0,5367.73,9179.05,0.91
M0006045,N,30,2,8655.81,0,2,0,3836.72,8489.16,1.83
M0006046,N,75,2,6255.23,0,2,1,4624.21,3884.97,2.38
M0006047,N,53,2,8923.25,0,0,0,1171.36,7090.46,2.51
M0006048,N,51,2,13792.54,0,0,1,2485.22,8715.95,2.63
M0006049,N,40,2,34233.63,1,0,0,8552.41,43400.89,0.25
M0006050,N,80,1,11181.71,0,2,1,1093.39,8500.78,0.42
M0006051,N,35,0,6922.47,0,0,0,737.04,10753.66,0.36
M0006052,N,58,0,3212.52,0,1,0,2036.3,2563.0,0.22
M0006053,N,29,2,13928.72,0,1,0,2751.42,9710.21,2.63
M0006054,Y,65,6,211715.0,3,5,5,87446.16,141548.65,6.07
M0006055,Y,42,2,182047.09,2,3,2,89807.25,121547.97,3.05
M0006056,N,44,1,9565.41,1,0,0,2224.65,7867.67,0.75
M0006057,N,59,1,6646.93,0,0,1,1325.48,4323.38,0.83
M0006058,N,56,1,16413.46,0,0,0,2960.82,15444.83,1.02
M0006059,N,75,2,10344.4,0,2,2,3210.2,5510.41,1.2
M0006060,N,66,0,17303.75,1,1,1,938.95,14218.57,0.01
M0006061,N,36,2,5894.26,0,0,0,2165.86,3869.93,0.65
M0006062,N,77,0,10868.18,0,0,0,5570.32,11398.69,0.12
M0006063,N,23,2,8963.75,0,0,0,5835.63,3596.11,0.0
M0006064,N,27,0,6494.96,0,0,0,2759.47,4977.98,0.81
M0006065,N,45,1,8574.11,0,0,0,3499.66,6974.58,0.07
M0006066,N,53,0,12391.68,0,1,2,8394.06,13640.2,1.53
M0006067,N,31,1,27326.55,1,2,0,15775.37,22685.2,3.19
M0006068,N,37,2,15187.08,0,2,0,8253.72,12826.32,0.25
M0006069,N,32,0,11227.99,0,1,0,2144.39,10190.66,1.57
M0006070,N,53,0,23728.75,0,0,0,2085.35,16471.92,0.29
M0006071,N,51,0,3413.52,0,1,0,1698.87,3325.59,1.61
M0006072,N,66,2,10579.7,0,2,0,5541.48,5719.95,1.45
M0006073,N,45,0,6084.45,0,3,0,2653.47,3547.33,1.68
M0006074,N,37,1,37594.35,0,0,0,9091.14,20703.78,1.12
M0006075,N,32,0,3809.21,0,0,1,3180.8,2514.86,0.84
M0006076,N,26,0,8277.19,0,0,0,1597.3,5543.87,0.3
M0006077,N,23,2,12411.19,2,1,0,3088.23,9720.11,1.24
M0006078,N,79,0,24770.48,0,0,1,2860.92,23644.74,0.83
M0006079,N,42,1,5621.64,0,0,2,1979.38,5735.78,0.54
M0006080,N,39,1,18011.03,0,0,0,4401.18,11363.29,0.37
M0006081,N,78,0,11861.33,0,0,0,2120.65,9569.07,1.81
M0006082,N,77,0,8099.67,1,0,0,683.01,12561.99,0.83
M0006083,N,32,1,13320.39,0,3,0,6485.25,17371.27,2.94
M0006084,N,73,2,3511.26,0,2,1,2365.78,3491.14,0.8
M0006085,N,32,0,10968.05,1,0,0,2397.43,8759.1,1.15
M0006086,N,61,0,30773.9,1,2,0,5558.34,21595.64,0.27
M0006087,N,45,0,21678.97,1,0,0,2642.18,17887.56,1.61
M0006088,Y,46,6,176354.73,2,2,1,64839.08,84583.62,2.28
M0006089,N,75,0,17699.41,0,1,0,1910.23,14054.94,0.84
M0006090,N,20,1,22992.65,0,2,0,3874.36,22188.19,2.53
M0006091,N,29,2,29076.32,1,1,0,3745.81,21477.64,1.42
M0006092,N,71,1,16854.15,1,0,1,1400.46,12154.02,1.3
M0006093,N,29,0,5812.84,0,1,0,1194.4,4457.44,0.99
M0006094,Y,86,8,343748.33,4,4,4,54607.75,244014.33,7.3
M0006095,N,19,1,8422.93,0,0,0,1847.08,5219.4,1.9
M0006096,N,37,1,4344.63,0,1,2,2516.54,3385.03,1.06
M0006097,Y,39,7,305126.93,4,5,6,186854.08,138687.91,7.24
M0006098,N,28,1,6585.75,0,1,0,3018.21,7529.73,0.0
M0006099,N,31,1,8710.82,0,0,1,3051.99,6657.42,0.76
M0006100,N,74,0,18710.24,0,0,0,5029.55,9800.53,0.57
M0006101,N,27,1,9232.11,0,0,0,2533.81,6248.16,0.0
M0006102,N,64,0,3102.85,1,0,0,489.51,3687.87,0.48
M0006103,N,79,1,18133.02,0,1,1,7423.96,8619.18,1.67
M0006104,N,46,2,18317.2,0,1,0,4328.15,14037.33,1.92
M0006105,N,34,1,39957.29,0,1,1,3164.23,34747.19,1.58
M0006106,N,35,1,9623.98,0,0,0,7356.27,5906.83,0.91
M0006107,N,29,1,4689.42,1,0,0,2536.63,5400.01,1.3
M0006108,N,61,1,30030.49,1,1,0,16480.35,11001.64,1.19
M0006109,N,27,1,5870.09,1,0,0,2225.04,2554.15,1.25
M0006110,N,43,0,14069.47,0,0,0,1424.2,12483.32,1.91
M0006111,N,34,1,3070.05,0,0,0,1409.96,3112.88,0.0
M0006112,N,35,1,14091.11,0,0,0,5003.76,9632.52,1.86
M0006113,N,74,2,11503.48,0,2,2,6176.54,4875.95,2.37
M0006114,N,49,0,14658.25,0,0,0,2996.9,10717.73,0.98
M0006115,N,48,1,12990.59,0,1,0,3756.84,9073.6,1.09
M0006116,N,59,0,8796.08,0,1,0,3117.76,8997.52,0.83
M0006117,Y,80,6,228683.73,5,1,1,31606.56,245296.63,4.09
M0006118,N,77,1,17698.71,0,0,0,7745.33,8499.33,1.47
M0006119,N,55,3,11527.51,1,1,0,2337.88,13052.28,0.53
M0006120,N,46,1,17136.62,0,0,1,2673.45,11453.3,0.36
M0006121,N,27,0,20827.09,0,1,0,3911.05,20896.9,0.0
M0006122,N,25,0,6311.07,1,2,0,3486.89,7105.27,1.2
M0006123,N,76,2,15498.44,2,2,1,5032.31,11938.8,0.81
M0006124,N,43,0,22097.29,1,2,0,2891.8,22492.33,0.83
M0006125,N,67,0,13746.49,1,0,1,4196.88,9756.03,1.18
M0006126,N,28,2,7101.87,0,0,2,723.94,8215.06,2.46
M0006127,N,52,0,5391.01,0,1,1,1423.74,6504.86,0.33
M0006128,N,76,0,5113.25,0,1,0,3366.89,2079.24,0.07
M0006129,N,54,1,4711.8,0,0,0,553.2,3610.65,0.32
M0006130,N,72,0,2725.68,0,1,0,258.43,2513.72,0.1
M0006131,N,44,0,12582.56,1,0,0,8625.94,11066.7,1.63
M0006132,N,48,0,10793.32,0,0,0,3579.66,15601.7,1.19
M0006133,N,36,2,10284.47,1,1,0,5060.76,9676.24,1.04
M0006134,N,27,0,13818.97,0,1,0,8192.65,10890.6,0.93
M0006135,N,61,0,13823.35,0,1,0,5792.98,5667.97,1.57
M0006136,N,20,1,18261.88,1,1,0,8191.99,7756.93,1.03
M0006137,N,54,1,29181.6,0,1,0,9379.18,21402.65,2.29
M0006138,N,58,1,14967.01,0,0,0,4185.95,8153.7,1.89
M0006139,Y,49,4,265322.8,2,1,3,45265.29,176217.8,2.91
M0006140,N,43,0,7709.44,0,0,0,1641.64,7631.33,1.23
M0006141,N,73,1,14435.41,0,0,0,2568.45,13292.29,0.16
M0006142,N,73,1,4630.01,0,0,0,2560.7,5821.67,0.0
M0006143,N,56,2,21886.53,1,1,0,2538.32,23759.05,3.1
M0006144,N,37,0,5305.96,0,1,0,1699.22,2764.65,1.96
M0006145,N,47,2,1231.26,0,0,0,491.5,1601.1,1.14
M0006146,N,68,0,10049.24,0,0,1,2499.69,7119.4,0.69
M0006147,N,71,3,11668.93,1,1,1,6347.35,6925.84,1.76
M0006148,N,57,3,55279.88,1,4,0,5462.89,54341.87,3.15
M0006149,N,53,0,15089.91,0,0,0,5685.03,6308.02,0.69
M0006150,N,20,0,4719.67,1,0,0,1798.19,3594.58,0.56
M0006151,N,20,1,16507.27,0,2,0,3393.92,16758.82,0.93
M0006152,N,37,2,13598.13,0,1,0,3159.05,8862.99,2.21
M0006153,N,51,3,12118.43,0,1,0,4340.21,17100.65,1.61
M0006154,N,45,1,8046.26,0,0,0,3091.57,4711.35,0.82
M0006155,N,39,2,7569.22,1,1,2,4049.3,4755.94,1.08
M0006156,N,45,1,7378.32,0,0,0,1717.66,4882.13,0.0
M0006157,N,80,2,7640.55,0,0,0,2746.42,9175.28,0.06
M0006158,N,58,1,21544.99,0,0,2,3960.29,24504.38,0.66
M0006159,N,46,2,3368.11,0,0,0,824.1,2056.14,0.0
M0006160,N,26,1,2171.31,0,0,1,1693.64,1006.1,0.0
M0006161,N,37,2,12363.75,0,0,2,5354.69,4594.68,1.1
M0006162,N,50,1,8256.27,1,0,0,4059.03,8951.48,2.19
M0006163,N,29,0,15805.51,0,0,0,2368.29,10668.72,2.02
M0006164,N,41,2,2706.34,0,0,1,1951.83,2610.4,1.09
M0006165,N,58,2,19307.3,0,1,0,5072.75,10437.38,0.7
M0006166,N,33,1,10355.95,0,2,0,4575.49,10547.25,1.71
M0006167,N,61,1,6749.97,0,1,0,1005.15,6927.21,0.76
M0006168,N,18,1,8125.84,0,1,1,2526.86,4854.01,1.33
M0006169,N,33,3,14500.14,0,0,1,10955.63,14553.26,1.41
M0006170,N,74,2,3946.12,0,0,0,1841.95,2017.2,1.4
M0006171,N,22,0,7829.41,1,0,1,1032.4,11818.25,0.08
M0006172,N,61,1,19309.02,0,0,1,8081.74,18212.84,1.48
M0006173,N,47,1,8906.13,0,0,0,2175.8,8758.29,0.08
M0006174,N,80,0,24911.51,0,1,0,2010.88,18992.61,2.37
M0006175,N,20,0,8107.64,0,0,0,2558.53,5959.5,0.34
M0006176,N,70,1,19362.31,0,1,0,5813.66,10285.65,2.51
M0006177,N,58,0,8749.13,0,1,0,8730.56,2750.69,0.6
M0006178,Y,38,6,227818.79,3,5,5,109395.8,161424.9,6.27
M0006179,N,28,0,10181.23,1,0,2,3078.9,8227.61,1.05
M0006180,N,76,0,21356.72,1,0,0,5426.89,16300.38,0.77
M0006181,N,44,1,7547.56,0,1,2,838.12,5317.75,0.0
M0006182,N,23,2,11292.94,0,0,0,2254.93,8483.28,0.31
M0006183,Y,52,5,401237.26,4,8,5,177095.26,160351.58,5.68
M0006184,N,32,0,4384.65,0,0,0,1799.19,2424.41,0.0
M0006185,N,78,2,26418.07,1,1,0,1002.72,20242.84,3.01
M0006186,N,57,1,24935.35,1,2,1,2595.19,34874.23,1.39
M0006187,N,21,1,14842.75,2,2,0,1756.78,11534.56,0.96
M0006188,N,37,0,24453.05,0,1,0,2401.5,35605.37,0.63
M0006189,N,54,0,35180.82,0,1,0,3351.33,45107.16,1.78
M0006190,N,64,2,8330.01,0,2,0,6231.12,5957.08,2.93
M0006191,N,73,3,6100.95,1,0,0,1273.49,3791.67,1.81
M0006192,N,68,2,26350.14,0,3,1,9996.44,13422.38,1.6
M0006193,N,48,0,20352.2,0,0,2,4923.89,26514.59,2.18
M0006194,N,70,1,18836.04,0,1,0,3793.29,11065.92,0.75
M0006195,N,50,1,11678.94,0,1,0,2846.07,7377.42,1.1
M0006196,N,29,1,11704.7,0,1,0,2330.85,6945.93,0.93
M0006197,N,51,0,4046.7,1,0,0,572.1,3183.52,0.77
M0006198,N,65,1,7042.56,0,1,0,868.23,10045.4,1.47
M0006199,N,63,2,5167.65,0,0,0,958.81,8073.71,0.41
M0006200,N,35,0,14142.16,0,0,0,2138.6,9205.03,1.16
M0006201,Y,72,5,141619.07,2,4,1,63685.6,110180.89,4.42
M0006202,Y,40,5,187407.02,4,2,4,72507.39,135258.88,5.65
M0006203,N,37,1,10328.62,1,1,0,859.41,10421.78,0.88
M0006204,N,70,1,10249.56,1,2,0,3406.34,10563.88,1.84
M0006205,N,72,0,6527.87,1,0,0,2084.12,7350.8,0.74
M0006206,N,62,0,9342.31,1,0,0,1783.72,6515.87,1.38
M0006207,N,76,0,6246.21,0,1,0,1644.6,5430.14,0.76
M0006208,N,43,0,11892.84,0,1,1,6724.83,4113.96,1.36
M0006209,N,24,1,1978.9,0,0,1,1649.5,1583.62,1.54
M0006210,N,30,1,5297.57,0,1,1,1655.73,4491.14,1.36
M0006211,N,79,0,13333.65,0,0,0,2803.54,8471.6,2.05
M0006212,N,62,0,5251.05,2,0,1,1083.76,4586.97,1.83
M0006213,N,28,1,28447.81,0,1,2,8545.92,31573.63,1.48
M0006214,N,20,2,10694.04,0,2,0,2633.65,13171.13,0.02
M0006215,N,57,2,7472.78,0,3,0,3126.1,5696.85,0.0
M0006216,N,79,1,13432.24,0,0,0,3335.03,10971.29,0.33
M0006217,N,21,0,6824.59,0,1,0,1897.53,5327.97,0.81
M0006218,N,58,1,6027.96,0,0,0,2000.05,5303.48,0.17
M0006219,N,32,0,8524.13,0,0,1,1727.82,6488.59,0.31
M0006220,N,68,0,5479.49,0,0,0,2714.34,3951.67,0.45
M0006221,N,59,2,29945.59,1,1,1,4512.46,26095.2,1.95
M0006222,N,67,0,14568.68,0,0,0,1220.24,11173.63,0.4
M0006223,N,46,0,2999.38,0,1,2,522.96,4708.27,0.87
M0006224,N,78,2,5366.15,0,0,0,1230.8,4338.99,0.89
M0006225,N,25,0,6807.99,0,0,0,3408.56,5184.46,1.47
M0006226,N,43,1,6111.06,0,0,0,1624.28,6369.39,1.6
M0006227,N,42,1,5354.58,0,0,1,1180.58,6243.6,2.03
M0006228,N,46,0,13833.25,0,0,0,3956.51,16511.29,1.16
M0006229,N,60,1,13521.57,0,0,0,879.87,10948.02,0.0
M0006230,N,22,2,6160.37,0,0,0,3873.49,4709.95,0.77
M0006231,Y,67,5,345213.98,5,5,3,104620.87,301763.72,6.7
M0006232,N,79,1,5074.24,0,0,0,2406.21,2486.1,1.04
M0006233,N,64,0,24894.24,0,0,0,4368.94,17891.91,0.33
M0006234,N,32,0,2756.61,0,0,0,1226.03,3629.0,0.53
M0006235,N,57,0,7285.48,0,1,0,4261.06,7159.56,2.11
M0006236,N,50,1,23130.84,0,2,0,1705.18,17565.83,0.93
M0006237,N,46,1,24216.77,1,0,0,3921.06,15082.32,2.61
M0006238,N,44,0,31929.54,0,3,0,1295.12,26809.2,0.05
M0006239,N,23,2,9137.23,0,2,1,2272.05,8548.19,0.0
M0006240,Y,68,3,117315.78,2,8,1,42855.08,104328.61,3.72
M0006241,N,51,0,12471.05,1,1,0,2021.86,10248.87,2.28
M0006242,N,31,0,7501.4,0,0,0,1988.17,5393.2,0.09
M0006243,N,51,0,5196.98,0,1,1,1191.35,4599.31,0.88
M0006244,N,39,3,14802.99,0,0,0,3632.46,10205.07,0.0
M0006245,N,70,0,5667.0,1,0,0,3638.59,5361.89,0.0
M0006246,N,25,0,4491.23,0,1,0,2363.84,4712.45,0.18
M0006247,N,39,0,8246.76,0,2,1,4858.87,4943.53,0.0
M0006248,N,38,0,6771.03,1,0,0,3026.84,8855.59,1.19
M0006249,N,44,0,4155.03,0,0,0,374.46,3877.9,0.46
M0006250,N,20,1,10613.17,0,1,0,2479.17,7559.17,1.05
M0006251,N,27,2,27118.86,0,2,0,5444.52,19688.36,1.35
M0006252,N,54,0,7851.85,0,0,0,4088.3,8229.43,1.38
M0006253,N,71,1,22318.95,0,2,1,8543.19,29420.52,2.64
M0006254,N,62,1,26640.36,0,0,0,3951.83,44285.92,1.46
M0006255,N,67,1,6483.82,0,0,0,4155.74,3852.67,1.45
M0006256,N,35,0,12198.31,0,0,0,5482.35,4341.53,0.22
M0006257,N,39,0,12819.09,0,2,0,7355.06,9930.91,0.26
M0006258,N,25,3,11716.1,0,1,0,3990.39,10485.07,1.33
M0006259,N,62,1,8440.66,1,0,3,3216.89,3894.66,0.01
M0006260,N,29,1,22247.06,0,0,0,3691.57,15467.08,1.15
M0006261,N,75,2,22653.04,1,3,4,5303.53,19845.29,2.41
M0006262,N,41,3,19085.33,1,0,0,12020.78,10404.21,2.01
M0006263,N,55,0,20812.23,1,1,0,5721.17,23212.68,0.0
M0006264,N,36,1,6124.22,0,1,0,3137.22,4278.2,1.11
M0006265,N,34,1,22900.01,0,2,0,3300.2,19207.98,0.71
M0006266,N,22,1,13914.95,0,0,0,2316.73,10975.06,0.0
M0006267,N,63,1,6356.42,1,1,0,1118.57,7373.72,2.2
M0006268,N,47,0,26902.3,0,3,1,3994.45,35353.79,0.75
M0006269,N,52,1,7044.56,0,1,0,5030.01,3574.61,0.42
M0006270,N,30,1,17345.7,0,0,0,4270.5,9877.63,1.09
M0006271,N,31,0,6158.27,0,0,0,3323.35,4484.7,1.35
M0006272,N,43,0,17983.05,0,1,0,2853.55,12608.59,0.91
M0006273,N,41,1,11060.61,0,4,0,3467.52,12383.91,1.1
M0006274,N,21,2,5438.3,0,1,0,2276.98,3396.15,0.24
M0006275,N,70,1,16789.55,0,0,0,3993.81,22678.24,1.25
M0006276,N,38,0,14904.09,0,0,0,3852.28,9256.95,1.94
M0006277,N,44,2,30245.25,0,1,1,10611.42,25107.25,2.59
M0006278,N,29,0,3196.72,0,0,0,564.64,3145.52,0.21
M0006279,N,60,3,41009.82,0,0,1,10178.14,27215.05,1.54
M0006280,N,45,1,21764.36,0,1,0,3756.77,32999.31,0.26
M0006281,Y,73,5,144821.01,2,1,2,44661.36,77127.64,3.94
M0006282,N,30,0,3730.42,0,0,1,1494.99,4667.63,0.3
M0006283,N,72,1,6188.95,1,0,0,2784.23,6668.11,0.43
M0006284,N,79,1,48545.41,0,1,1,6206.86,36771.84,1.7
M0006285,N,65,0,6857.83,0,2,0,827.33,4685.41,0.14
M0006286,N,39,0,9215.11,0,2,1,2985.45,7911.01,0.57
M0006287,N,18,2,3851.32,0,0,0,757.65,3767.92,1.04
M0006288,N,27,1,29619.21,1,1,1,9700.92,15036.54,2.39
M0006289,N,55,1,12788.2,0,1,0,6196.68,8249.13,2.42
M0006290,N,30,0,6297.76,1,1,0,2005.18,5920.51,0.0
M0006291,Y,71,4,186824.5,1,4,3,126264.87,51378.35,3.98
M0006292,N,58,1,6876.84,0,1,0,1733.54,4396.58,0.0
M0006293,N,29,1,3482.17,0,0,0,1501.17,2729.69,0.83
M0006294,N,29,0,4851.28,0,2,1,1395.3,3445.92,0.57
M0006295,N,62,1,21878.81,0,0,1,6441.72,10858.75,2.12
M0006296,N,41,2,14758.84,0,0,0,5521.87,14781.56,1.86
M0006297,N,59,1,19249.43,0,0,0,1896.66,15811.9,2.72
M0006298,N,41,0,3820.85,0,0,0,664.03,2466.27,0.0
M0006299,N,18,1,17033.26,0,0,0,3458.34,15971.73,1.02
M0006300,N,49,0,4616.52,0,0,0,700.66,4103.69,1.09
M0006301,N,79,0,14745.07,1,1,0,6015.19,11537.03,0.27
M0006302,N,70,1,7626.84,0,0,0,4057.66,2920.52,0.7
M0006303,N,51,0,6362.32,0,2,0,1576.15,9921.95,0.68
M0006304,N,35,2,6166.11,1,1,0,1416.08,7310.29,1.47
M0006305,N,58,1,8775.2,0,2,0,1908.9,6001.28,0.63
M0006306,Y,56,3,100588.0,3,4,4,31970.68,87912.82,6.16
M0006307,Y,39,4,170608.17,4,4,4,60968.88,111572.77,3.52
M0006308,N,31,2,6290.93,1,2,0,1574.58,3801.99,0.49
M0006309,Y,44,4,144567.57,1,3,1,75516.65,100802.28,3.1
M0006310,N,18,2,10452.55,0,0,0,3674.99,4705.04,0.3
M0006311,N,75,0,10255.12,0,0,0,1731.45,13684.51,1.51
M0006312,N,36,1,3802.52,0,0,0,1175.35,3045.17,0.45
M0006313,N,67,1,11227.98,0,0,0,5483.34,7537.71,1.02
M0006314,N,77,1,7809.62,0,1,0,4944.61,3763.89,0.44
M0006315,N,27,1,10257.03,0,2,0,1712.46,8547.46,2.07
M0006316,N,32,3,11675.31,0,2,0,4961.71,6356.0,2.87
M0006317,N,79,1,8965.24,0,0,0,1717.91,6152.88,0.46
M0006318,N,42,1,5470.36,0,0,0,1366.23,5322.25,0.28
M0006319,N,46,1,6709.02,0,0,0,1279.42,8154.84,0.23
M0006320,N,18,1,2921.25,0,1,0,1390.91,2782.37,0.17
M0006321,N,45,0,16758.02,0,1,1,5203.13,18360.88,1.96
M0006322,N,20,0,3523.35,0,1,0,2359.42,2534.07,0.85
M0006323,N,29,1,11647.84,0,0,1,1293.28,8674.67,0.68
M0006324,N,58,0,17423.96,0,2,0,5130.25,11447.9,2.06
M0006325,N,77,2,25825.3,0,0,1,8386.33,11836.63,0.67
M0006326,N,38,2,39262.4,0,1,2,3061.37,29126.66,3.04
M0006327,N,66,2,19143.3,1,0,1,2930.74,23926.12,2.3
M0006328,N,42,1,15580.96,2,0,0,5154.23,8717.63,0.0
M0006329,N,51,0,8818.02,0,1,0,1171.32,8597.5,1.64
M0006330,N,64,3,8638.81,0,1,0,2488.32,11129.28,0.18
M0006331,N,36,2,14739.18,0,2,0,13762.28,6550.49,3.12
M0006332,N,76,1,8079.99,0,0,0,528.42,7896.89,1.42
M0006333,N,32,4,100845.58,0,1,0,2608.56,85741.62,3.48
M0006334,N,74,1,21795.03,0,2,0,4904.74,22217.28,3.42
M0006335,N,64,2,62892.04,0,0,0,3068.42,47381.56,0.2
M0006336,N,62,0,21746.87,1,1,0,2402.75,20926.75,1.65
M0006337,N,40,3,7533.34,1,0,0,2796.12,5877.12,0.98
M0006338,N,23,0,17363.35,1,1,1,800.34,21638.91,0.0
M0006339,N,60,0,8657.3,0,1,0,3154.94,4057.79,0.15
M0006340,N,76,0,11353.44,0,0,1,5531.6,3944.22,0.75
M0006341,N,30,0,23403.57,0,2,0,12183.13,11990.21,1.94
M0006342,N,38,0,14859.29,1,0,0,18004.8,6568.76,0.93
M0006343,N,43,0,14024.24,0,1,0,1216.06,10258.47,0.0
M0006344,N,28,1,5755.17,0,0,0,1648.14,3157.83,0.5
M0006345,N,27,0,16980.84,0,1,0,4472.33,11619.64,1.78
M0006346,N,29,0,24839.98,0,0,0,2024.12,18520.44,0.64
M0006347,N,77,2,32631.34,0,2,1,7320.53,23316.27,1.51
M0006348,N,80,0,10466.93,0,0,0,3874.65,8423.6,1.74
M0006349,N,42,0,12966.24,0,2,0,2691.77,9441.31,2.67
M0006350,N,58,1,4029.76,0,0,0,988.64,2810.87,0.0
M0006351,N,42,2,8654.45,0,0,0,2850.75,9263.78,0.0
M0006352,N,35,1,13156.2,0,0,0,1337.62,11698.46,0.74
M0006353,N,77,1,2272.21,0,0,0,1062.22,2447.82,0.39
M0006354,N,34,0,11115.15,0,0,0,1552.85,14092.54,1.82
M0006355,Y,55,6,274198.31,2,8,6,106679.7,179567.92,5.31
M0006356,N,20,1,4630.08,0,0,0,524.93,4270.78,0.82
M0006357,N,64,0,7120.94,0,0,0,971.26,4778.32,0.64
M0006358,N,75,0,10104.71,0,1,0,2676.94,6665.35,2.22
M0006359,N,58,3,30253.93,1,2,1,8713.81,26315.95,3.07
M0006360,N,61,0,6983.26,0,0,0,3118.23,6507.9,0.47
M0006361,Y,60,5,134908.67,2,3,3,48948.97,130634.0,5.55
M0006362,N,43,2,6505.62,1,1,0,4897.96,4198.36,2.29
M0006363,N,38,3,17200.7,0,0,1,10741.53,4879.85,0.78
M0006364,N,70,0,21560.97,0,0,0,1131.33,18402.51,0.84
M0006365,Y,57,7,240048.47,3,4,2,74211.06,141805.59,4.85
M0006366,Y,80,7,235882.75,1,3,4,83669.68,126371.27,4.52
M0006367,N,45,1,8160.89,0,0,0,3709.65,3275.34,2.32
M0006368,N,66,1,4328.49,0,2,2,962.6,2660.89,1.21
M0006369,N,65,1,20060.02,0,0,0,4478.66,15950.0,1.29
M0006370,N,51,1,55868.73,0,1,0,19853.11,32236.36,1.66
M0006371,N,36,2,17627.96,1,0,0,758.93,14066.13,1.5
M0006372,N,44,0,15836.25,0,0,0,1568.46,13054.94,0.83
M0006373,N,69,3,11418.72,0,0,0,4218.08,11750.01,1.42
M0006374,N,67,1,7537.59,0,3,0,3725.9,9078.56,0.36
M0006375,N,21,0,2770.32,0,0,1,1389.0,1317.55,0.33
M0006376,N,79,1,10143.76,0,0,0,1322.02,7823.65,0.0
M0006377,N,64,2,10077.81,0,0,0,3645.81,9124.86,3.14
M0006378,N,37,0,3344.36,0,1,0,2300.56,2993.21,1.32
M0006379,N,37,2,6801.64,0,0,0,3161.73,5720.6,2.79
M0006380,N,34,1,25255.8,0,2,1,7013.54,18062.43,1.21
M0006381,N,49,0,10905.51,0,2,0,2828.06,7515.74,2.17
M0006382,N,46,0,12621.54,0,3,0,2929.44,12258.01,0.5
M0006383,N,34,2,19115.71,0,0,1,3047.48,15720.58,2.69
M0006384,N,25,0,3641.75,0,1,0,1499.23,2013.78,0.56
M0006385,N,72,1,7947.42,0,0,0,863.65,13094.5,0.1
M0006386,N,50,0,12649.15,0,0,0,5667.2,4281.77,0.27
M0006387,N,22,0,6377.39,0,0,0,1888.72,4093.27,0.79
M0006388,N,20,1,1784.33,0,0,0,698.04,1206.02,1.24
M0006389,N,58,0,5685.95,0,1,1,7667.26,1578.58,0.0
M0006390,N,79,0,13120.95,0,0,0,2050.1,21443.66,0.0
M0006391,N,65,0,3853.93,0,1,0,627.97,3291.22,0.4
M0006392,N,47,1,6441.68,0,0,0,3628.6,5096.2,0.52
M0006393,N,29,2,9112.73,0,2,1,3796.86,5683.5,1.39
M0006394,N,44,0,4942.41,0,0,0,2123.68,2971.66,0.0
M0006395,N,57,2,4880.99,0,0,0,1511.41,6489.39,1.07
M0006396,N,38,0,2257.54,0,0,0,678.74,2360.99,0.07
M0006397,N,66,1,16816.18,0,3,0,9339.99,6420.09,2.1
M0006398,N,45,0,5276.39,0,1,1,2611.15,4723.27,0.53
M0006399,N,48,1,9480.76,0,0,0,2345.65,5599.12,0.27
M0006400,N,28,2,9753.21,0,0,1,2185.39,6884.31,0.64
M0006401,N,69,0,5818.46,0,0,0,2728.23,4923.68,0.46
M0006402,N,52,1,9985.95,0,1,0,3115.8,8545.8,1.75
M0006403,Y,69,4,362360.99,1,7,4,163449.27,177506.14,5.38
M0006404,N,48,0,13328.72,0,1,1,5299.85,6777.41,0.0
M0006405,N,38,0,3655.11,0,0,0,1030.2,4997.52,0.31
M0006406,N,62,2,15409.12,1,1,1,2272.67,19303.58,1.45
M0006407,N,51,0,15799.2,0,0,1,4592.33,18114.73,2.72
M0006408,N,66,2,15098.14,0,1,0,4456.67,14669.02,2.38
M0006409,N,66,2,10953.06,0,0,0,3770.86,10879.8,1.17
M0006410,N,36,3,14189.29,0,2,1,1494.44,10619.25,1.6
M0006411,N,75,1,29428.47,0,1,0,7217.39,30077.1,3.45
M0006412,N,62,2,21835.79,0,1,1,5193.63,15058.31,3.19
M0006413,N,33,1,4341.76,0,0,1,803.75,3880.77,0.0
M0006414,N,34,3,28323.52,0,0,0,6641.78,25332.26,0.74
M0006415,Y,73,4,160353.36,5,5,4,55894.26,110634.31,5.27
M0006416,N,74,2,13781.33,0,1,0,5194.16,11593.97,1.97
M0006417,N,76,1,19054.8,1,0,0,4986.66,13359.01,1.63
M0006418,N,40,0,2631.41,0,0,0,1227.78,2182.83,1.12
M0006419,N,79,0,7563.0,0,2,0,2680.79,7557.56,0.0
M0006420,Y,40,5,397741.79,2,6,2,148437.39,357210.93,6.61
M0006421,N,56,1,8347.63,0,0,0,3388.41,5235.92,0.28
M0006422,N,48,2,13389.36,0,0,0,4566.46,9673.13,1.74
M0006423,N,76,2,14444.57,0,1,0,3158.0,10590.28,2.17
M0006424,N,45,1,23785.06,0,2,0,4301.75,37826.87,2.81
M0006425,N,27,1,13154.49,0,0,0,2577.77,7829.88,1.27
M0006426,N,36,0,12006.01,0,0,0,4618.64,7525.96,1.43
M0006427,N,56,0,13452.85,1,1,0,8370.91,3492.67,1.85
M0006428,N,79,0,7843.64,0,0,0,1216.87,11729.99,2.22
M0006429,N,25,1,19644.84,0,0,0,14886.2,5929.02,2.11
M0006430,N,27,0,2176.46,0,1,0,1092.26,2312.21,1.02
M0006431,N,70,1,16085.89,0,1,0,3346.33,10048.57,1.19
M0006432,N,28,1,17884.17,0,1,0,5879.64,13044.17,2.53
M0006433,N,67,2,13204.46,1,0,0,3284.85,11117.97,0.97
M0006434,N,37,1,8670.96,0,0,0,3722.4,3130.93,1.61
M0006435,N,77,1,22324.87,0,1,0,7002.72,24438.31,0.64
M0006436,N,62,3,24393.41,0,1,0,5483.2,14997.31,1.83
M0006437,N,53,2,7601.03,0,1,1,4401.01,6405.31,0.82
M0006438,Y,46,2,266291.55,4,5,7,208888.8,43888.44,5.52
M0006439,N,45,0,17216.83,1,0,0,2121.8,22544.59,0.22
M0006440,N,29,1,40091.58,0,0,0,13544.33,18987.28,2.12
M0006441,N,61,0,3304.56,1,3,0,3327.98,1824.32,1.14
M0006442,N,66,1,10015.07,0,0,0,4658.04,4138.57,2.1
M0006443,N,73,0,4379.28,1,2,1,463.28,6544.21,1.86
M0006444,N,51,0,16720.77,0,1,1,1805.35,13923.65,0.44
M0006445,N,23,2,20409.33,1,1,0,3697.6,16384.13,0.83
M0006446,N,64,2,5611.35,0,0,0,1141.2,5575.85,1.16
M0006447,N,45,1,10350.15,0,0,0,3638.34,5401.47,0.96
M0006448,N,40,1,5440.12,0,0,0,1185.32,3707.69,1.14
M0006449,N,21,1,12860.54,0,1,0,1282.35,12408.66,0.04
M0006450,N,24,2,7040.96,1,1,1,6044.35,4580.25,1.34
M0006451,N,45,1,3792.12,0,0,0,1753.71,3419.34,0.33
M0006452,N,39,2,35992.13,2,2,0,2483.05,41286.91,1.74
M0006453,N,57,0,11308.74,0,0,0,3196.27,16131.8,0.01
M0006454,N,18,1,9095.76,0,0,1,4980.08,8902.24,1.55
M0006455,N,38,1,17439.79,1,1,0,2875.75,13091.82,0.27
M0006456,N,80,1,11934.13,0,1,0,4264.84,5897.05,1.67
M0006457,N,50,0,5943.95,0,0,1,803.37,4069.82,0.63
M0006458,N,61,0,6877.98,0,1,0,940.58,4937.22,0.08
M0006459,N,23,1,4926.52,0,0,0,2179.9,2444.03,0.65
M0006460,N,19,2,9174.13,1,0,0,3464.52,8189.78,0.0
M0006461,Y,56,6,138858.24,1,2,4,54709.08,90878.03,3.46
M0006462,N,57,2,15817.99,0,1,0,4308.51,10297.49,1.34
M0006463,N,79,2,6103.62,2,0,0,1862.98,7308.96,2.22
M0006464,N,53,0,2937.32,0,0,0,1598.46,2525.75,1.01
M0006465,N,51,2,39038.16,0,1,1,2487.7,35747.03,2.05
M0006466,N,36,0,10400.93,1,0,0,9272.89,5973.57,1.57
M0006467,N,52,3,4490.58,0,0,0,1658.91,5299.91,1.4
M0006468,N,72,2,8038.38,0,1,1,3205.24,3257.78,0.67
M0006469,N,79,2,10769.93,0,0,0,3675.33,6015.19,1.99
M0006470,N,74,0,6140.79,0,0,0,2313.46,4201.81,0.63
M0006471,N,32,1,13007.68,0,0,1,546.84,13724.95,2.2
M0006472,N,38,0,17066.63,0,0,0,9286.26,14452.75,1.65
M0006473,N,35,1,12163.25,0,2,1,7170.35,14540.09,1.42
M0006474,N,21,2,5661.74,0,0,0,1427.2,4799.57,0.61
M0006475,N,44,1,11583.4,0,1,0,3430.03,11664.29,0.87
M0006476,N,43,1,15863.98,0,1,0,3859.2,14543.81,0.0
M0006477,N,51,0,6473.83,0,0,1,5102.74,3074.85,0.66
M0006478,N,41,1,11225.28,0,0,0,3269.0,7077.8,0.0
M0006479,N,39,0,4208.9,0,0,0,1468.55,3467.15,0.31
M0006480,N,79,0,16116.58,0,0,0,3239.03,9892.87,1.15
M0006481,N,43,0,8898.46,0,2,0,1934.65,6183.19,1.94
M0006482,N,34,2,10590.08,0,0,0,5147.93,11442.82,1.84
M0006483,N,61,2,5605.37,0,1,0,1214.28,3793.68,0.0
M0006484,N,67,1,7594.91,0,0,0,3814.05,6356.61,1.05
M0006485,N,78,1,7695.03,1,1,1,1923.06,4418.16,0.44
M0006486,N,46,2,5418.79,0,0,0,5113.89,2697.95,0.71
M0006487,N,78,0,4299.28,0,2,0,3125.87,3274.95,1.04
M0006488,N,31,3,66970.46,1,2,0,9611.65,43446.97,1.8
M0006489,N,22,2,10192.09,0,0,0,3431.11,8495.19,0.99
M0006490,N,25,1,4791.07,0,1,0,3839.48,4075.14,1.0
M0006491,N,28,0,4888.17,0,0,1,4614.88,2484.71,1.51
M0006492,N,79,0,12360.54,0,0,1,2242.15,8750.2,0.91
M0006493,N,18,0,20117.88,0,1,2,1851.25,26849.97,2.12
M0006494,N,67,0,12490.38,0,0,0,2632.94,8738.13,0.6
M0006495,N,64,1,1876.78,0,0,0,474.0,2058.8,1.88
M0006496,N,62,3,10656.29,0,0,0,4564.27,7370.22,1.46
M0006497,N,61,1,4472.23,0,1,0,4140.0,3645.11,0.69
M0006498,Y,65,5,126833.5,5,5,2,26214.72,142928.65,3.0
M0006499,N,53,2,16562.11,0,1,1,2764.0,11683.28,0.99
M0006500,N,38,1,17365.74,0,0,0,4645.73,13265.79,2.54
M0006501,N,42,1,11175.0,0,1,0,1835.14,8010.8,0.0
M0006502,N,58,1,34709.81,0,1,0,2904.95,25040.29,1.24
M0006503,N,68,1,1223.0,0,0,0,572.94,1310.79,0.27
M0006504,N,74,1,15769.16,0,0,0,3386.29,12423.54,0.94
M0006505,N,51,0,9793.34,0,0,0,3404.7,7219.78,0.62
M0006506,N,32,1,7014.09,0,1,0,2798.06,4294.26,0.0
M0006507,N,34,0,39036.47,1,1,0,10357.37,21394.8,2.01
M0006508,N,36,0,11333.86,0,0,0,4662.1,6896.5,0.58
M0006509,N,59,1,15766.54,0,0,0,14398.88,4998.51,0.0
M0006510,Y,56,5,140376.94,2,3,1,25384.15,129078.92,6.66
M0006511,N,74,1,12317.92,1,1,0,5687.28,4079.99,0.58
M0006512,N,60,1,17945.62,0,1,0,7212.7,8273.71,0.81
M0006513,N,34,0,11512.03,0,0,0,2045.13,8011.94,0.41
M0006514,N,61,0,4905.07,0,1,0,1339.67,3423.43,0.56
M0006515,N,74,0,51395.56,0,0,0,18278.27,25730.2,2.41
M0006516,N,65,2,8938.1,0,1,0,3445.1,9269.05,2.94
M0006517,N,36,1,5268.61,0,1,0,1241.98,2953.6,1.89
M0006518,N,46,0,12310.14,0,2,1,3464.57,9857.08,1.12
M0006519,N,46,1,3604.68,0,0,0,1292.66,4807.57,0.86
M0006520,N,25,1,5270.53,0,0,0,867.75,8196.5,0.04
M0006521,N,19,0,2667.8,1,0,0,1092.5,3678.28,0.52
M0006522,N,67,0,6870.28,0,0,0,1249.06,6073.79,1.33
M0006523,N,52,1,9199.19,0,0,1,2096.57,11972.83,1.19
M0006524,N,18,2,7648.02,0,1,0,1938.25,4467.01,0.85
M0006525,N,70,2,10422.68,0,2,0,3179.34,7442.51,2.38
M0006526,N,19,1,40295.03,0,1,0,2702.57,29540.63,2.52
M0006527,N,39,2,13170.25,1,0,0,5177.92,8361.11,2.03
M0006528,N,34,2,12666.33,0,2,1,3554.26,7180.94,1.09
M0006529,N,28,1,17618.82,0,2,0,4889.1,9860.61,0.93
M0006530,N,46,1,27338.54,0,0,2,11591.59,17202.87,0.02
M0006531,Y,51,7,103366.57,1,7,1,60698.77,84862.8,7.19
M0006532,N,64,1,11804.07,1,0,0,4151.23,11670.45,0.0
M0006533,N,57,1,2859.17,1,1,0,1027.55,3789.71,0.12
M0006534,N,69,1,18202.78,0,1,1,877.74,17328.82,1.54
M0006535,N,30,2,12719.63,0,1,1,3474.76,15372.29,2.81
M0006536,N,71,0,4624.2,0,1,0,4927.17,2951.54,0.46
M0006537,N,29,0,6529.95,1,2,0,3032.11,6702.92,0.52
M0006538,N,59,1,11115.49,0,1,1,3939.95,9901.17,1.37
M0006539,N,24,3,31543.79,0,1,0,6430.37,35767.44,1.22
M0006540,N,30,0,23818.32,0,0,0,2871.93,17892.17,1.38
M0006541,N,46,0,15112.61,0,2,0,5421.88,11172.04,2.01
M0006542,N,68,0,6872.4,0,1,0,5095.58,2474.51,1.77
M0006543,N,33,0,13076.79,0,0,0,1311.61,16798.53,1.7
M0006544,N,50,1,9200.07,0,0,0,1884.98,10439.98,0.0
M0006545,N,23,1,9444.83,1,0,0,2953.35,6684.65,1.83
M0006546,N,25,1,10464.77,0,0,0,3498.83,6990.25,1.48
M0006547,N,45,0,7727.79,0,0,0,2304.49,3865.27,0.0
M0006548,N,20,2,21575.94,0,0,0,8231.92,10951.99,0.21
M0006549,N,22,0,7251.97,0,2,0,1125.07,9305.68,1.46
M0006550,N,19,1,2831.97,0,0,1,451.16,3946.48,0.0
M0006551,N,21,1,21404.63,1,1,2,8823.14,15967.46,1.3
M0006552,N,56,1,15859.35,0,0,0,1153.96,16157.76,0.88
M0006553,N,49,1,7861.03,0,2,0,1777.74,7004.44,0.02
M0006554,N,46,0,7268.73,1,0,0,1427.8,4654.73,1.26
M0006555,N,71,0,7219.84,0,0,0,733.33,5063.71,0.0
M0006556,Y,68,5,248270.22,5,5,4,95997.9,154384.09,7.31
M0006557,N,42,2,16151.52,0,1,0,12843.56,4537.24,2.6
M0006558,N,80,3,16307.93,1,2,0,6077.88,14038.58,2.85
M0006559,N,79,0,9721.03,0,1,1,2525.47,8577.12,2.48
M0006560,N,36,0,20022.26,0,0,0,752.8,16993.5,0.78
M0006561,N,74,2,15487.93,0,0,2,8269.9,16574.3,0.71
M0006562,N,22,0,16571.2,0,0,0,1016.38,15942.76,0.0
M0006563,N,80,1,8271.07,0,0,1,7083.14,5223.62,0.0
M0006564,N,62,2,8757.38,0,2,0,2371.42,8159.56,2.49
M0006565,N,45,2,5260.46,0,1,0,1112.17,6637.07,0.65
M0006566,N,45,1,9214.17,0,1,0,832.98,13305.62,2.28
M0006567,N,44,3,12991.94,0,2,0,862.39,11396.8,0.39
M0006568,N,30,0,19179.59,0,0,0,7544.72,10451.8,1.03
M0006569,N,58,0,21221.15,0,1,0,4539.39,20049.77,3.07
M0006570,N,46,0,7228.08,0,0,0,724.62,4927.64,0.79
M0006571,N,31,1,37467.39,0,0,0,1671.85,28966.33,0.88
M0006572,N,65,1,4963.25,0,0,1,1469.89,5397.05,1.27
M0006573,N,33,1,23213.69,0,0,0,2125.01,26079.19,0.61
M0006574,N,80,0,30767.24,0,0,0,12936.94,11664.52,0.53
M0006575,N,60,1,7627.14,0,1,0,3641.85,5106.09,1.05
M0006576,N,70,1,7048.25,0,1,0,305.07,5927.38,0.25
M0006577,N,78,0,15595.21,0,1,0,1250.92,13765.03,2.97
M0006578,N,18,1,2255.27,0,0,0,750.19,2638.08,0.0
M0006579,N,73,1,6861.31,0,1,1,1409.41,6468.93,2.57
M0006580,Y,37,4,203378.79,2,1,3,139530.61,149418.58,3.01
M0006581,N,47,1,7249.03,0,1,2,4041.93,5893.79,1.58
M0006582,N,75,1,6826.7,0,0,0,1329.54,5390.2,0.0
M0006583,N,53,1,5468.81,0,0,0,2821.15,7102.35,0.91
M0006584,N,53,1,14012.93,0,1,0,4757.7,11364.01,0.79
M0006585,N,48,0,4042.87,0,1,1,783.67,2548.99,1.09
M0006586,N,74,2,10824.35,0,0,0,4738.21,7495.41,1.07
M0006587,N,80,2,8210.1,0,0,0,4158.68,5319.51,1.68
M0006588,N,68,0,7424.4,2,1,0,1444.07,5099.74,0.76
M0006589,N,65,0,4583.01,0,0,0,1175.83,4523.39,0.0
M0006590,N,28,0,18035.11,0,0,0,3639.07,15102.77,1.66
M0006591,N,34,2,5758.16,1,0,0,481.46,5014.47,1.37
M0006592,N,48,0,13622.74,0,0,0,5433.52,6979.41,0.74
M0006593,N,73,0,6301.22,0,1,0,2289.43,3220.35,0.07
M0006594,N,46,2,4093.98,0,0,0,2689.65,4506.26,0.27
M0006595,N,25,2,20325.97,0,0,0,2746.1,13937.71,0.77
M0006596,N,57,1,9722.08,0,0,0,2194.47,6062.61,0.49
M0006597,N,28,0,4345.63,0,0,0,2470.85,4613.33,1.51
M0006598,N,32,1,5459.06,0,0,0,1829.22,3233.27,0.0
M0006599,N,29,0,11438.92,1,1,0,3978.49,5678.26,0.05
M0006600,N,80,2,12912.98,1,0,1,1476.38,8750.04,1.6
M0006601,N,69,2,5818.66,0,2,0,4834.95,5335.71,0.0
M0006602,N,62,0,11421.68,0,1,0,1955.63,7512.66,1.8
M0006603,N,61,4,12264.06,1,1,0,5936.54,7372.28,1.47
M0006604,N,37,1,19466.0,0,1,0,10888.17,12946.87,1.62
M0006605,N,79,1,7641.46,0,0,0,3162.91,2899.29,0.98
M0006606,N,63,0,44983.87,0,2,0,2988.46,40817.38,2.24
M0006607,N,57,2,8926.86,0,0,0,5491.36,2648.62,1.04
M0006608,N,65,0,9061.82,0,0,0,2900.23,4216.36,0.9
M0006609,Y,53,7,239377.41,5,3,3,186621.05,143092.27,5.21
M0006610,N,56,2,20277.43,0,1,0,8879.73,21303.01,1.01
M0006611,N,30,0,3496.31,0,0,0,827.99,3141.04,1.04
M0006612,N,39,2,5460.82,0,0,0,3718.02,1508.62,1.31
M0006613,N,67,0,10415.11,1,1,0,10069.9,7755.64,1.24
M0006614,N,44,0,8857.59,0,1,0,6333.44,4499.49,2.0
M0006615,N,42,1,7009.91,0,0,1,3299.08,5814.57,2.33
M0006616,N,35,1,15806.24,0,1,1,4376.49,18840.56,2.17
M0006617,N,37,1,27249.94,0,2,1,2662.79,21659.63,2.01
M0006618,N,79,1,9544.96,0,0,1,3588.89,7216.57,0.08
M0006619,N,30,1,14458.87,1,0,0,4657.22,17319.36,0.73
M0006620,N,58,0,9168.17,1,0,0,3204.26,8683.74,1.4
M0006621,N,40,1,9999.25,1,1,1,8657.88,5486.76,1.16
M0006622,N,41,1,14796.38,0,1,0,1105.26,10733.41,0.0
M0006623,N,38,2,26270.25,0,0,0,8789.19,14275.84,1.39
M0006624,N,40,0,8813.27,0,0,0,4234.86,5302.6,0.77
M0006625,N,27,2,10871.5,0,0,0,2415.81,7100.6,0.21
M0006626,N,58,2,9735.94,0,0,1,7698.21,6032.88,1.8
M0006627,N,74,1,7760.36,0,1,2,554.77,8415.14,1.18
M0006628,N,66,1,19720.03,0,0,1,6514.81,16686.58,1.2
M0006629,N,44,0,16589.42,1,0,0,13923.42,10052.25,0.1
M0006630,N,28,1,5876.15,0,0,2,3995.64,3932.65,0.13
M0006631,N,73,0,8109.13,0,2,0,4672.36,3240.13,0.0
M0006632,N,31,1,11458.21,0,0,0,4038.24,5039.09,0.28
M0006633,N,33,1,2569.73,0,0,0,740.87,1501.0,0.42
M0006634,N,62,1,4031.81,0,0,1,2005.97,4197.36,1.36
M0006635,N,23,0,10252.4,1,0,0,2671.58,11442.62,0.42
M0006636,N,28,0,18742.11,1,0,0,4396.46,12269.86,0.0
M0006637,N,39,0,13753.59,0,0,0,3911.55,7925.47,0.0
M0006638,N,78,1,8008.96,0,0,0,1521.94,7784.26,0.25
M0006639,N,36,1,11588.4,0,3,0,4588.73,7153.15,2.13
M0006640,N,79,2,3882.0,1,0,0,391.25,3028.62,1.27
M0006641,N,80,2,9816.19,0,0,0,9307.85,6963.17,1.13
M0006642,N,26,0,6479.12,0,0,0,870.01,4918.21,0.27
M0006643,N,62,0,14844.26,1,0,0,1226.58,10985.77,0.0
M0006644,N,28,1,22837.12,1,1,2,8222.53,25449.15,2.9
M0006645,N,55,3,6182.3,0,0,0,468.89,5227.17,0.26
M0006646,N,62,2,26510.66,1,1,0,17332.31,24746.94,1.78
M0006647,N,75,2,14143.37,0,0,1,3986.57,11940.42,2.85
M0006648,N,76,0,4163.82,0,0,0,746.29,3451.48,1.61
M0006649,N,28,1,15562.54,0,0,0,2066.16,10935.64,0.91
M0006650,N,32,1,5045.66,1,0,0,437.87,4753.12,0.7
M0006651,N,47,0,7037.01,0,0,0,4292.97,2534.17,0.26
M0006652,N,78,0,32577.18,0,1,0,5576.05,21957.55,2.25
M0006653,N,41,0,13272.23,0,1,0,2065.0,9984.48,0.43
M0006654,N,53,1,18660.55,1,1,0,6265.35,8612.49,1.18
M0006655,N,62,1,5844.61,0,0,0,1786.16,7050.84,0.26
M0006656,N,78,2,25693.72,0,2,0,6725.62,20417.1,1.49
M0006657,N,57,0,20655.4,0,0,1,1573.02,21702.53,1.12
M0006658,N,65,0,16644.35,2,1,0,7672.3,14719.07,0.14
M0006659,N,51,1,12276.34,0,1,2,3716.41,6213.74,0.67
M0006660,N,45,2,21165.53,0,0,1,6719.32,27051.74,0.85
M0006661,N,58,2,6353.27,1,0,1,735.99,4498.78,2.6
M0006662,N,74,0,2967.08,0,0,0,2599.32,1769.12,0.0
M0006663,N,57,2,11435.84,0,2,0,3274.69,13753.01,1.44
M0006664,N,58,1,34823.09,0,0,1,9077.29,21432.17,0.69
M0006665,N,23,0,3818.56,0,1,0,958.33,3442.68,0.03
M0006666,N,68,1,9272.65,1,1,0,1759.39,6536.28,2.58
M0006667,N,63,0,1795.4,0,0,0,769.85,1321.42,0.9
M0006668,N,62,2,15375.14,0,0,0,2919.78,10625.86,1.42
M0006669,N,35,1,10141.51,0,1,0,3641.1,4633.68,1.27
M0006670,N,54,0,7856.32,0,0,0,1223.2,8585.77,0.0
M0006671,N,57,0,13687.83,0,0,0,1971.62,13699.12,1.29
M0006672,N,58,2,23186.24,1,0,0,3618.66,18918.33,2.11
M0006673,N,58,0,5326.47,0,1,0,1913.31,5396.56,0.34
M0006674,N,20,0,8230.23,0,0,1,2468.75,9466.13,0.73
M0006675,N,59,1,7410.93,0,1,1,2533.58,7018.18,2.04
M0006676,N,64,1,7208.3,0,0,0,1023.57,11550.02,0.6
M0006677,N,20,3,13720.15,0,1,1,7086.82,6481.97,3.15
M0006678,N,52,0,14432.07,1,0,0,2965.69,8342.3,1.27
M0006679,N,21,2,7852.93,0,1,0,2427.79,5291.49,0.61
M0006680,N,26,2,4293.25,0,0,0,4125.98,1787.33,0.54
M0006681,N,31,0,13216.91,0,0,1,589.76,10655.79,0.93
M0006682,N,26,0,15271.24,0,1,0,1729.09,12884.23,0.58
M0006683,N,25,3,8900.18,0,1,1,4571.27,4524.93,0.46
M0006684,N,77,2,3683.22,0,0,0,1094.42,3212.26,1.36
M0006685,N,69,0,8339.3,0,1,0,1230.75,10870.95,1.22
M0006686,N,43,2,12382.37,0,1,1,2630.79,7661.92,0.79
M0006687,N,53,1,9009.86,1,0,1,2289.86,5639.92,0.49
M0006688,N,21,2,9865.7,0,0,0,2143.46,10248.41,1.15
M0006689,N,37,1,10701.51,0,1,0,2720.91,8148.14,1.4
M0006690,N,21,1,7080.75,1,0,0,1626.32,4263.28,0.3
M0006691,N,40,1,10619.82,0,1,0,5996.25,10468.78,1.97
M0006692,N,29,2,17850.25,1,0,0,6336.37,7736.16,0.3
M0006693,N,66,2,18897.71,0,0,0,5174.87,13888.5,1.62
M0006694,N,76,1,6853.66,1,0,0,2393.26,3313.9,1.41
M0006695,N,70,1,14310.92,1,0,0,5348.69,11967.95,3.07
M0006696,N,57,0,9957.02,0,1,0,2056.74,7471.52,0.18
M0006697,N,66,0,13723.43,0,1,1,1136.24,10967.05,0.0
M0006698,N,59,2,10490.45,0,0,1,8349.4,7839.0,1.23
M0006699,N,68,1,9101.22,0,1,2,2462.07,10541.93,1.35
M0006700,N,23,1,6445.36,0,2,2,5613.6,4996.08,0.87
M0006701,N,46,1,9962.49,0,0,0,4995.08,5533.67,0.72
M0006702,N,59,0,10830.48,0,1,0,2954.95,9959.55,0.72
M0006703,N,78,0,9720.39,0,2,0,3124.5,8123.05,1.05
M0006704,N,61,0,8383.03,0,0,0,2664.29,4171.54,0.84
M0006705,N,65,0,5580.9,0,1,1,1552.03,4222.81,0.0
M0006706,N,67,1,6622.53,0,1,0,5291.11,2758.21,0.39
M0006707,N,51,2,10363.88,0,1,0,4876.25,5394.93,0.76
M0006708,N,52,1,12756.72,0,0,0,627.24,10680.13,0.0
M0006709,N,38,2,14606.17,1,1,0,1851.13,16182.46,1.64
M0006710,N,72,2,9284.32,0,2,0,2962.2,9835.63,0.89
M0006711,N,65,0,11332.11,1,0,0,1806.32,8119.02,1.1
M0006712,N,78,1,5466.65,0,0,0,2126.93,4536.74,0.25
M0006713,Y,65,7,435805.61,4,7,5,199537.25,232004.68,7.52
M0006714,N,49,1,11939.08,0,0,0,6373.51,3558.24,1.25
M0006715,N,42,0,7472.3,1,1,0,4370.74,6821.95,2.06
M0006716,N,47,0,10100.13,0,1,0,4557.11,3522.34,1.64
M0006717,N,66,3,6769.17,0,1,0,1726.71,6372.78,2.1
M0006718,N,68,1,8570.53,0,0,0,954.68,9600.53,2.78
M0006719,N,37,0,6594.91,1,0,0,2591.66,4018.23,0.55
M0006720,N,48,1,46294.18,0,0,1,9335.66,31800.87,3.38
M0006721,N,52,1,15778.39,0,0,0,4548.31,11061.95,1.25
M0006722,N,79,1,14538.15,0,1,0,6259.55,6668.98,0.68
M0006723,N,24,2,22990.7,1,0,2,1257.84,20267.47,1.02
M0006724,N,78,2,15500.07,0,1,1,6342.06,10183.66,3.07
M0006725,N,42,3,26206.66,0,1,0,4892.02,20167.99,1.86
M0006726,N,21,2,9113.2,0,0,0,753.39,10209.92,0.54
M0006727,N,59,2,5159.81,0,1,0,1907.21,4655.27,2.19
M0006728,N,79,0,9656.48,0,1,0,3527.81,5619.63,1.32
M0006729,N,78,2,30516.8,2,1,2,5378.32,33776.34,2.01
M0006730,N,68,1,3724.21,0,0,0,2119.72,4325.99,0.41
M0006731,N,32,2,18274.12,0,3,0,1814.98,16225.04,2.85
M0006732,N,66,1,11450.67,0,0,0,2310.62,17448.81,1.88
M0006733,N,55,2,7648.98,0,0,0,2384.91,4011.21,0.23
M0006734,N,49,0,5088.8,0,1,0,2028.37,6064.8,1.25
M0006735,N,69,0,10868.53,0,2,1,5365.2,10913.26,1.57
M0006736,N,66,1,14409.02,0,0,0,3291.48,11453.78,1.58
M0006737,N,36,2,9898.87,0,0,0,3435.25,4496.21,1.66
M0006738,N,49,1,3470.9,0,1,0,3185.24,2878.45,0.7
M0006739,N,58,0,11376.11,1,1,0,3239.97,6696.77,1.07
M0006740,N,70,3,8214.85,0,3,0,4581.68,3960.65,2.26
M0006741,N,70,1,7674.18,0,1,0,3421.86,4546.71,0.0
M0006742,N,77,0,6491.0,0,0,0,2565.02,4003.99,0.33
M0006743,N,68,2,10867.06,0,0,1,4615.45,8974.02,0.89
M0006744,N,34,0,33551.32,1,2,0,6996.97,28728.17,0.89
M0006745,N,50,0,2735.43,1,0,0,2125.9,2526.2,0.0
M0006746,Y,73,5,302730.84,2,5,3,60231.73,206277.18,3.86
M0006747,N,58,1,9357.73,0,0,0,515.55,7839.54,0.33
M0006748,N,19,0,19380.3,0,1,0,7797.53,14276.81,1.7
M0006749,N,76,0,4824.65,0,0,0,776.22,6280.43,0.0
M0006750,N,62,2,19078.22,0,1,0,2283.52,12742.82,0.46
M0006751,N,64,0,25482.7,0,0,0,5400.32,15020.16,2.57
M0006752,N,42,0,12638.31,0,1,0,8999.84,11896.68,1.89
M0006753,N,53,0,6075.63,0,0,1,2368.9,2531.9,1.37
M0006754,N,72,1,4564.99,0,0,0,1679.92,5825.71,0.54
M0006755,N,18,1,12725.58,1,0,1,5926.37,7185.84,0.98
M0006756,N,22,1,3000.16,0,1,0,1099.09,4089.59,0.3
M0006757,N,62,1,1951.49,1,0,0,675.45,1783.92,1.59
M0006758,N,78,1,10064.57,0,0,0,984.15,7251.99,0.0
M0006759,Y,49,3,94168.81,2,3,5,37346.72,77819.97,5.5
M0006760,N,41,1,4734.28,0,2,0,2424.09,4444.82,0.94
M0006761,N,56,1,6137.88,0,0,0,3222.64,4849.81,1.54
M0006762,N,30,0,11767.99,1,1,0,2442.91,13960.83,1.51
M0006763,N,21,0,12846.62,0,1,0,2165.53,16178.14,0.89
M0006764,N,67,4,18534.64,0,1,2,8708.45,23219.1,1.0
M0006765,N,68,2,7619.42,0,0,1,1745.41,10908.47,1.47
M0006766,N,76,0,14820.99,0,0,1,4884.8,7400.51,0.65
M0006767,N,35,2,10632.99,1,0,0,6243.3,3105.54,1.67
M0006768,N,40,2,10322.94,0,1,0,1468.64,6798.14,0.15
M0006769,Y,79,6,224583.27,4,3,1,56870.36,168519.58,3.69
M0006770,N,42,0,15379.8,0,0,1,8956.71,6001.8,0.41
M0006771,N,62,1,6037.84,0,1,0,1077.1,4114.34,1.61
M0006772,N,67,0,21445.79,0,1,0,2313.77,17126.44,0.48
M0006773,Y,78,3,575788.61,4,4,7,169499.73,376688.26,6.39
M0006774,N,43,1,13297.97,0,2,0,5967.06,7226.95,0.32
M0006775,Y,74,3,232961.64,2,1,3,33112.12,169601.4,4.67
M0006776,N,76,2,19554.26,1,1,1,10235.28,11682.67,2.2
M0006777,N,71,0,44758.97,1,0,1,18038.08,23230.77,2.28
M0006778,N,46,0,12140.64,0,0,0,3270.6,6483.41,1.52
M0006779,N,23,1,11689.12,0,1,1,674.68,8732.69,0.98
M0006780,N,58,1,7120.31,0,1,0,2620.57,6810.03,1.5
M0006781,N,56,1,7728.51,0,0,1,2268.92,11197.6,1.56
M0006782,N,68,1,10532.12,0,0,0,2671.66,7456.61,1.3
M0006783,N,57,0,5618.48,0,0,0,1806.85,3093.18,1.42
M0006784,N,29,0,4205.33,0,0,0,2978.75,3873.48,0.17
M0006785,N,60,1,8509.86,0,1,0,1422.82,7512.36,0.0
M0006786,N,63,2,34731.64,2,3,0,6812.01,26591.5,3.5
M0006787,N,29,0,16774.32,0,0,0,7916.4,8136.8,2.48
M0006788,N,19,0,11668.54,0,1,0,14117.4,4577.21,1.72
M0006789,N,72,2,10721.95,0,2,0,775.26,8255.21,1.04
M0006790,N,49,0,14088.66,0,0,0,6415.61,6570.49,2.27
M0006791,N,62,0,23604.18,0,1,1,1770.71,17987.92,0.93
M0006792,N,38,1,9378.48,0,3,0,9445.05,2963.65,0.6
M0006793,N,38,2,32081.37,1,2,0,33285.37,24621.3,3.39
M0006794,N,80,2,13756.7,0,1,1,1375.29,10333.2,0.65
M0006795,N,80,1,13899.09,0,2,1,3495.67,16035.71,1.28
M0006796,N,78,2,9664.53,0,0,0,4265.33,7974.44,0.06
M0006797,N,32,0,2738.2,1,1,1,1701.5,950.97,1.68
M0006798,N,69,0,18283.7,0,0,0,2021.9,12664.8,0.5
M0006799,N,66,3,19786.73,1,1,0,9820.45,16423.1,1.77
M0006800,N,68,2,17666.49,1,0,0,4093.22,13259.44,1.25
M0006801,N,36,1,13419.22,1,1,0,1693.33,10820.94,2.95
M0006802,N,52,0,3957.68,0,0,0,4321.79,1862.03,1.34
M0006803,N,68,1,17039.55,1,2,0,2585.88,19176.66,1.0
M0006804,N,50,3,23777.95,0,1,2,2470.34,19710.56,1.55
M0006805,N,42,2,14237.4,0,0,0,3927.22,10597.4,0.27
M0006806,N,29,3,51765.1,1,1,0,16676.2,28455.49,2.99
M0006807,N,27,1,18923.21,1,1,0,1083.04,14431.52,2.27
M0006808,N,65,1,6918.82,0,1,1,2088.32,7440.34,1.91
M0006809,N,77,0,18499.85,0,4,1,6792.25,8708.24,1.27
M0006810,N,42,2,3316.49,0,0,0,659.43,2171.27,0.0
M0006811,N,28,0,9060.13,0,1,0,3256.67,4343.16,0.0
M0006812,N,40,1,20272.09,1,0,0,4850.55,28819.82,2.97
M0006813,N,65,0,6745.39,0,1,0,5269.7,5287.29,0.0
M0006814,N,60,0,4550.86,0,0,0,1143.38,5344.06,1.32
M0006815,N,37,2,18134.28,0,0,0,5178.57,13481.35,1.92
M0006816,Y,66,4,298614.88,1,2,3,94666.62,205587.89,5.8
M0006817,N,22,1,11469.25,1,0,1,3894.27,6586.34,1.44
M0006818,N,50,0,10030.27,0,0,1,1990.0,9663.07,0.0
M0006819,N,37,2,18476.41,1,2,1,10800.57,9905.17,2.15
M0006820,N,57,1,10565.22,0,0,0,3218.47,7518.25,2.26
M0006821,N,40,2,44618.35,0,1,1,20507.71,17038.12,1.68
M0006822,N,77,1,6032.73,0,0,0,2766.59,2704.64,0.37
M0006823,N,26,1,15437.79,0,1,0,9513.77,11576.57,1.39
M0006824,N,74,1,10311.33,0,1,1,2528.16,6496.37,0.54
M0006825,N,36,1,10593.93,0,2,0,4002.7,6421.71,0.34
M0006826,N,21,2,13563.4,0,2,0,6319.62,11003.29,2.11
M0006827,N,51,0,4867.62,0,1,0,569.25,4247.37,0.0
M0006828,Y,83,3,252166.24,5,2,3,137695.03,132349.58,5.47
M0006829,N,20,1,4232.51,0,2,0,1775.01,5409.12,0.44
M0006830,N,21,1,8819.49,1,0,0,1765.68,9529.78,0.85
M0006831,N,72,1,17097.16,0,1,0,6702.6,13689.66,1.79
M0006832,N,21,0,4234.27,0,0,0,529.58,3954.35,0.0
M0006833,N,50,0,22244.29,0,0,0,1613.57,16480.45,2.16
M0006834,N,22,3,54670.51,0,1,0,35054.14,11371.28,3.07
M0006835,N,44,0,5524.21,0,2,0,2940.69,4053.07,0.13
M0006836,N,24,2,13902.98,0,1,0,1294.66,12180.75,1.93
M0006837,N,29,0,3934.94,0,1,0,1297.21,5387.27,0.0
M0006838,N,71,1,15190.8,0,1,0,6180.66,7359.15,0.01
M0006839,N,58,0,9617.57,0,0,1,980.67,7813.1,0.62
M0006840,N,67,0,11617.57,0,0,0,1867.54,12802.93,0.19
M0006841,N,22,1,6520.75,0,0,0,1276.48,4754.16,1.98
M0006842,N,22,1,54536.0,2,2,0,8778.41,41319.39,3.08
M0006843,Y,62,6,210063.25,4,4,6,157900.74,106842.2,6.29
M0006844,Y,66,5,141938.42,3,2,1,42552.84,119850.54,4.18
M0006845,N,42,0,6310.35,0,0,0,2548.5,4184.2,0.0
M0006846,N,36,2,4933.09,0,0,1,1287.79,6309.7,1.08
M0006847,N,29,0,13375.42,0,1,0,11839.9,1203.33,2.04
M0006848,N,36,0,7473.42,0,0,0,3175.67,3802.45,0.0
M0006849,Y,85,4,134806.54,1,3,1,46440.53,96192.3,4.07
M0006850,N,20,0,13089.41,0,1,0,2761.77,8840.05,0.77
M0006851,N,39,0,5120.37,0,0,1,1585.95,4746.71,0.49
M0006852,N,52,1,18682.06,0,1,2,4470.63,12573.15,1.49
M0006853,N,51,1,6238.81,1,2,1,2322.52,2971.26,0.66
M0006854,N,64,1,4035.7,1,0,0,1691.34,4503.76,1.98
M0006855,N,67,2,24357.36,0,1,0,7430.6,16678.14,2.7
M0006856,N,23,1,4687.31,0,0,1,614.38,4227.17,1.23
M0006857,N,58,1,3675.77,0,0,0,1766.17,4762.79,1.31
M0006858,N,42,3,20191.91,0,2,0,7316.99,17022.36,2.68
M0006859,N,21,0,9289.53,0,0,1,451.06,7825.67,1.76
M0006860,N,64,2,8133.89,0,1,0,7744.65,1945.86,1.86
M0006861,N,80,1,13032.98,0,1,0,3098.95,13013.67,1.98
M0006862,N,21,0,8044.22,0,0,0,1338.51,5213.58,1.05
M0006863,N,75,0,11443.75,0,2,0,1131.9,15568.71,0.0
M0006864,N,54,2,16093.32,0,0,0,2851.76,20562.87,1.58
M0006865,N,28,3,12745.82,0,2,0,3507.55,10451.6,1.31
M0006866,N,59,1,21806.54,1,1,1,2559.73,25477.52,0.45
M0006867,N,26,1,6648.57,0,0,0,1073.85,5635.23,0.0
M0006868,N,33,2,8735.53,0,1,1,2219.49,9326.36,0.44
M0006869,N,55,0,5491.34,0,1,0,2761.54,2801.44,2.32
M0006870,N,49,0,22553.78,0,1,0,6607.77,13535.67,2.41
M0006871,N,52,2,6605.96,0,0,0,1189.06,6232.1,0.55
M0006872,N,38,1,5613.85,0,2,0,3924.11,4234.39,0.0
M0006873,N,56,1,7201.0,0,1,0,3667.04,5319.9,1.29
M0006874,N,78,1,17565.97,1,1,0,5470.54,14435.48,2.33
M0006875,N,32,1,17174.52,1,2,0,8294.89,7753.61,1.38
M0006876,N,75,2,6055.42,0,1,0,1774.52,8186.42,1.47
M0006877,N,46,3,22737.18,0,0,1,1896.72,18726.03,0.3
M0006878,N,46,1,9008.58,0,1,2,4498.78,9400.05,1.29
M0006879,N,44,0,11539.17,0,1,0,2541.43,14203.84,3.6
M0006880,N,25,0,5077.23,0,0,0,1937.52,4981.13,1.62
M0006881,N,80,0,7344.59,0,0,0,1369.7,5572.67,0.77
M0006882,N,61,2,20721.0,1,1,0,9037.89,16434.25,1.63
M0006883,N,80,1,4738.1,0,1,0,5407.45,2796.79,0.17
M0006884,N,32,0,5145.34,1,0,0,2832.69,2386.38,1.5
M0006885,N,23,2,9788.01,0,0,0,4306.17,5964.78,0.12
M0006886,N,67,2,7452.76,1,2,0,1577.53,10574.3,1.14
M0006887,N,32,1,4422.28,0,0,0,1272.65,5568.65,0.53
M0006888,N,23,2,30689.27,0,0,0,1266.87,23484.5,0.46
M0006889,N,35,0,21259.43,1,1,0,859.88,16977.36,0.4
M0006890,Y,58,6,237847.94,2,6,2,56477.94,192718.34,3.36
M0006891,N,47,0,13902.23,0,0,0,1751.73,11463.66,0.98
M0006892,N,32,0,1748.81,1,1,0,885.96,1144.8,0.13
M0006893,N,34,1,14387.74,0,3,1,5669.91,18978.63,0.83
M0006894,N,66,0,10992.57,0,1,0,4089.16,5668.42,0.67
M0006895,N,72,0,2428.46,0,0,0,611.53,2967.4,1.29
M0006896,N,66,0,14938.11,0,1,0,2531.48,14444.1,0.0
M0006897,N,64,0,4383.53,0,0,0,1413.16,2333.99,1.58
M0006898,N,70,2,6782.29,0,0,0,1427.46,5162.03,0.19
M0006899,Y,82,4,249321.85,2,1,2,74118.83,204909.88,3.59
M0006900,N,76,1,3413.71,0,1,0,1107.06,3436.46,0.95
M0006901,N,64,1,8622.45,2,1,1,4025.4,5008.52,0.85
M0006902,N,30,0,13322.41,2,0,0,4588.99,10265.75,1.47
M0006903,N,73,1,33125.57,2,1,1,6876.77,28610.06,1.63
M0006904,N,23,3,15366.76,0,0,0,9618.8,4214.44,0.6
M0006905,N,76,2,16311.0,0,1,0,11124.09,4166.92,0.68
M0006906,N,56,2,3891.9,0,0,0,1758.71,3413.78,0.0
M0006907,N,52,1,17910.12,1,1,0,7016.4,9349.37,0.0
M0006908,N,38,0,29675.01,0,0,0,5772.42,24784.14,1.93
M0006909,N,31,0,9277.81,0,0,1,4898.77,7428.21,0.6
M0006910,N,70,2,46041.73,0,0,1,2945.2,34072.43,0.84
M0006911,N,77,1,7284.88,0,0,0,2226.44,7642.69,1.11
M0006912,N,41,1,4213.3,1,0,0,733.28,2826.16,0.0
M0006913,N,39,2,4004.97,0,3,0,1699.86,3258.5,0.0
M0006914,N,74,1,9804.25,0,1,0,1328.37,10513.24,1.11
M0006915,Y,84,4,213150.72,1,2,3,160042.91,91047.19,5.43
M0006916,N,67,1,3820.72,0,3,0,1062.79,2830.48,0.71
M0006917,N,54,1,7827.36,2,1,0,5336.34,5607.1,1.55
M0006918,N,66,2,20071.8,0,0,0,4269.28,26015.15,3.08
M0006919,N,44,2,16608.03,1,1,0,4967.3,13733.89,1.42
M0006920,N,67,1,10597.41,0,1,1,2187.58,6198.79,1.35
M0006921,N,79,1,31562.66,1,2,0,4572.67,22087.57,2.86
M0006922,N,71,0,19520.39,1,1,0,3722.29,11976.31,0.99
M0006923,N,79,1,6612.26,0,0,0,2168.56,4929.52,1.47
M0006924,N,43,1,9994.82,0,0,0,3062.68,8507.86,0.83
M0006925,N,43,1,20772.32,0,2,2,9486.42,8420.73,1.71
M0006926,N,76,2,6530.75,0,1,1,607.67,9227.62,1.26
M0006927,N,69,1,9529.75,0,0,0,3784.96,5364.23,1.47
M0006928,N,50,1,15285.74,0,2,0,7738.33,12541.03,1.36
M0006929,N,21,1,9693.59,0,0,0,2380.2,8537.6,0.95
M0006930,N,66,3,10865.28,0,0,1,3545.98,10701.62,0.49
M0006931,N,66,1,8391.23,0,0,0,1343.65,7055.27,0.0
M0006932,N,45,1,2787.18,0,0,0,1552.67,2732.72,1.22
M0006933,N,60,1,11390.54,0,0,0,3702.94,5427.5,0.81
M0006934,N,44,0,47482.3,0,0,0,21266.84,19470.91,1.84
M0006935,N,64,1,8605.53,0,1,0,842.93,6446.91,0.73
M0006936,N,69,1,9398.95,0,0,0,4349.68,10098.95,2.29
M0006937,N,25,2,10411.23,1,2,1,7291.85,7928.96,0.97
M0006938,N,38,1,17171.21,0,1,0,6568.45,8132.05,1.17
M0006939,N,77,1,15001.72,1,0,0,4741.25,7713.39,0.6
M0006940,N,76,0,16562.56,0,0,0,2508.72,12842.43,0.35
M0006941,N,73,2,19436.93,0,0,0,4103.02,15458.03,2.31
M0006942,N,62,1,14286.83,0,0,0,5803.65,9398.39,2.56
M0006943,N,80,2,7600.17,0,1,0,2439.18,5074.38,1.97
M0006944,N,46,1,35215.71,0,1,0,2232.58,31128.58,0.07
M0006945,N,79,3,6795.46,1,0,1,4446.5,3082.26,2.24
M0006946,N,79,2,12039.41,0,0,1,6993.68,11037.44,1.14
M0006947,N,70,2,31617.08,0,0,1,8775.43,23313.72,1.74
M0006948,N,24,2,4262.19,0,1,0,2996.71,3960.98,1.14
M0006949,N,75,2,39193.26,1,2,1,3575.72,49665.96,0.47
M0006950,N,44,1,18607.98,0,0,0,13122.06,6339.45,0.67
M0006951,N,21,0,15930.24,0,0,0,1336.33,17216.45,0.36
M0006952,N,28,2,10328.39,0,0,0,5000.47,9891.95,1.29
M0006953,N,75,0,4392.22,0,1,0,1211.04,3258.46,0.0
M0006954,N,63,0,30154.23,0,0,0,6207.53,38040.96,1.16
M0006955,N,34,2,17349.69,1,0,1,12137.04,13884.49,1.8
M0006956,N,67,1,8578.37,0,0,1,2712.37,9738.23,2.07
M0006957,N,35,0,11407.68,1,1,1,2183.54,7361.26,1.62
M0006958,N,20,3,8001.45,0,1,0,1319.37,5843.06,0.87
M0006959,N,44,2,24751.01,1,1,0,1952.97,17878.12,1.37
M0006960,N,32,1,7170.8,0,1,0,2860.47,9826.42,1.09
M0006961,N,35,2,9955.81,0,0,0,2613.12,10844.99,1.29
M0006962,N,46,3,15802.58,1,1,2,3998.8,17079.73,2.04
M0006963,N,46,1,7463.08,1,1,0,2051.12,3982.21,0.56
M0006964,N,19,0,17148.01,0,0,0,2615.07,12736.05,0.0
M0006965,N,25,0,11877.54,0,0,1,3236.52,12000.41,0.0
M0006966,N,35,0,13526.85,0,0,0,1067.61,11554.22,0.26
M0006967,N,61,2,45492.03,0,1,0,2459.2,46149.5,1.49
M0006968,N,58,1,13678.46,0,0,0,4984.54,8329.9,0.89
M0006969,N,28,1,5032.59,0,0,0,779.44,5197.48,0.94
M0006970,N,75,1,5446.65,0,2,0,2554.97,6492.12,0.76
M0006971,N,28,1,3541.3,0,0,0,1908.36,4356.67,1.23
M0006972,N,61,1,8583.97,0,2,0,1389.02,9527.65,0.86
M0006973,N,80,0,9376.54,0,0,0,995.89,7591.44,1.89
M0006974,N,52,0,7387.61,0,1,0,847.63,5028.86,0.07
M0006975,N,32,1,52934.83,0,1,1,24809.39,28956.2,1.78
M0006976,N,22,0,6155.71,0,0,0,3143.1,1988.63,0.83
M0006977,N,61,0,10828.1,1,1,0,1598.32,11330.78,0.0
M0006978,N,40,1,13355.57,0,0,0,10053.98,5554.79,1.54
M0006979,N,18,2,9741.2,0,2,1,5454.07,6482.6,2.14
M0006980,N,79,0,5298.82,0,1,1,3060.82,6562.46,0.0
M0006981,N,74,2,29267.71,0,0,1,3470.47,21940.7,1.95
M0006982,N,35,1,10365.3,0,0,0,2594.27,11057.2,1.36
M0006983,N,45,0,16795.21,1,0,0,5133.47,8469.82,0.81
M0006984,N,28,2,7880.7,0,0,0,5601.09,4109.87,0.09
M0006985,N,47,0,10360.56,0,1,2,2659.4,7076.63,0.64
M0006986,N,31,2,12631.84,1,1,0,6805.16,10510.14,0.65
M0006987,N,57,0,8391.35,0,0,0,2688.9,9186.11,0.43
M0006988,N,23,1,3468.86,0,0,0,1994.63,1010.97,0.15
M0006989,N,23,2,7543.59,1,1,0,4675.24,4826.85,0.0
M0006990,N,54,0,19302.63,0,1,0,6793.58,12580.26,1.07
M0006991,N,64,2,10519.97,0,0,1,1935.41,10290.15,1.09
M0006992,N,78,0,6887.03,0,0,0,1204.5,7425.49,1.85
M0006993,N,77,0,4209.88,1,0,1,2545.75,2213.61,0.0
M0006994,N,24,0,5842.98,0,0,0,1810.56,3416.37,1.77
M0006995,N,53,0,7542.39,0,1,1,759.19,5308.01,0.79
M0006996,N,28,0,13203.99,1,1,1,4388.43,7671.26,2.79
M0006997,N,33,3,4839.65,0,0,0,3623.06,2733.65,0.5
M0006998,N,57,0,15701.76,0,0,0,4583.85,10542.9,1.05
M0006999,N,27,2,9515.55,0,1,0,2141.75,7738.58,2.5
M0007000,N,49,0,3869.12,0,0,0,750.85,2718.76,1.27
M0007001,N,67,0,11936.54,0,1,0,1350.7,9325.68,0.0
M0007002,N,48,1,32826.18,1,1,1,8313.03,21378.74,1.17
M0007003,N,68,2,26059.07,0,0,0,1380.38,21094.23,2.17
M0007004,N,45,1,5687.34,0,0,0,5802.99,4255.33,0.88
M0007005,N,21,1,9251.03,1,0,0,2888.96,6685.98,1.39
M0007006,N,65,0,14237.9,1,0,1,792.12,18479.43,0.48
M0007007,N,36,1,7203.84,0,0,0,2251.29,4350.61,0.87
M0007008,N,37,1,6337.31,1,0,0,729.1,8135.84,2.06
M0007009,N,61,0,3460.91,0,0,0,721.12,3446.38,1.07
M0007010,N,35,1,15802.24,0,0,0,7633.05,8534.04,2.25
M0007011,N,26,1,5784.27,0,0,1,1465.68,8805.59,0.4
M0007012,N,22,0,14617.64,1,0,0,2429.47,10401.21,1.03
M0007013,N,19,0,3684.38,1,1,0,2036.98,2788.43,1.47
M0007014,N,54,0,6546.99,0,2,0,1358.81,4809.87,1.02
M0007015,N,25,1,14852.01,0,0,0,1314.5,10367.36,0.15
M0007016,N,57,1,37398.24,0,1,1,1273.64,44099.8,1.91
M0007017,N,65,0,7150.76,0,1,1,1608.31,8599.04,1.56
M0007018,N,42,2,9956.99,1,0,0,8050.59,5975.32,0.94
M0007019,N,41,2,64499.94,1,1,0,5251.82,97402.9,2.19
M0007020,N,62,3,53054.06,1,4,0,8955.21,42255.55,3.25
M0007021,N,37,1,9183.62,0,2,0,2214.5,5701.67,0.05
M0007022,N,55,0,5301.13,0,1,0,873.61,5223.52,1.46
M0007023,N,46,0,14623.17,0,1,0,4221.83,9112.9,0.91
M0007024,N,77,0,16511.16,0,0,1,8078.72,10865.84,0.0
M0007025,N,53,3,2805.91,0,1,0,1050.25,3417.32,2.06
M0007026,N,50,2,32628.42,0,2,1,1674.58,32686.34,1.82
M0007027,N,62,2,9626.59,0,2,0,4410.87,4176.89,1.71
M0007028,N,37,2,25340.35,0,2,0,6600.63,32741.41,2.92
M0007029,N,28,2,12046.39,2,0,1,4665.18,7907.48,0.65
M0007030,N,34,0,3481.79,0,1,0,548.66,5377.58,0.6
M0007031,N,72,1,17754.41,1,1,1,9170.79,8880.76,0.46
M0007032,N,49,0,21095.71,0,1,0,4085.3,29737.51,0.0
M0007033,N,32,0,15389.5,0,0,1,3512.72,11462.07,2.17
M0007034,N,59,2,25167.83,1,0,1,9359.92,32294.93,1.36
M0007035,N,36,1,1985.63,0,1,2,800.96,2029.88,0.4
M0007036,N,36,0,29402.78,0,1,1,10301.29,15022.23,1.81
M0007037,N,49,0,15594.89,0,2,0,2723.64,11273.12,1.43
M0007038,N,37,0,5410.85,0,0,0,3475.61,2788.55,0.88
M0007039,N,21,3,28444.26,0,1,0,2165.9,24993.53,2.76
M0007040,N,52,1,4571.84,0,3,0,801.56,4580.18,1.05
M0007041,N,20,0,9272.6,0,0,0,3426.42,11389.35,0.37
M0007042,N,22,0,16045.74,0,0,0,2684.51,11510.78,2.04
M0007043,N,50,0,29779.37,0,2,0,3726.63,22972.04,0.09
M0007044,N,42,0,4412.06,0,1,1,3739.57,3828.63,1.23
M0007045,N,35,1,9881.05,0,2,0,10760.89,6245.09,0.66
M0007046,N,49,1,10807.84,0,0,1,1748.9,15530.18,1.33
M0007047,N,70,1,2673.43,0,0,0,658.31,3747.89,2.0
M0007048,N,77,1,19670.72,1,2,0,3093.08,15009.93,0.63
M0007049,N,42,1,7691.88,0,1,0,4075.86,4681.26,0.58
M0007050,N,24,2,12006.72,1,2,2,6047.94,4792.08,1.84
M0007051,N,77,1,9215.0,1,0,0,3216.67,13131.86,0.0
M0007052,N,62,0,5482.8,0,0,0,1746.79,7829.34,0.39
M0007053,N,57,1,24069.08,0,1,0,9602.96,13469.11,2.82
M0007054,N,30,3,26329.47,1,2,2,16373.23,23520.21,2.07
M0007055,N,51,2,9555.16,0,2,0,569.06,6965.5,1.39
M0007056,N,42,0,27109.87,0,0,1,2275.34,33007.65,2.26
M0007057,N,26,1,12983.87,0,1,0,2007.55,14611.87,2.46
M0007058,N,72,1,4454.93,1,0,0,2329.79,2192.55,0.28
M0007059,N,24,1,3114.53,1,0,0,942.82,2809.7,0.84
M0007060,N,53,0,16207.48,1,0,0,5944.02,8348.46,0.82
M0007061,N,41,0,25508.63,0,1,1,2059.86,19965.36,1.31
M0007062,N,41,0,9233.04,0,0,0,354.49,13904.43,0.29
M0007063,N,42,1,18205.45,0,1,0,5066.12,12862.05,0.49
M0007064,N,47,0,10974.87,0,1,0,868.65,9694.36,1.25
M0007065,N,31,0,6001.63,0,0,0,2336.77,4438.9,0.33
M0007066,N,61,1,24578.01,0,0,0,2501.26,19693.62,0.0
M0007067,N,69,0,11927.43,0,0,1,1543.85,10601.88,1.07
M0007068,N,26,2,27603.0,1,2,1,2797.73,18852.16,3.89
M0007069,N,66,2,28969.85,0,3,0,9382.05,30834.53,2.36
M0007070,N,29,1,60324.0,1,0,0,4080.63,53918.2,1.36
M0007071,N,42,2,17720.27,0,2,0,6868.13,8644.91,0.63
M0007072,N,73,1,6841.77,0,0,0,2300.45,4304.3,0.33
M0007073,N,59,1,4976.91,0,1,0,3110.06,2853.05,1.0
M0007074,N,60,1,33251.33,1,1,0,2106.81,32581.57,0.9
M0007075,N,23,0,10788.54,0,2,0,5979.25,5120.97,0.52
M0007076,N,48,0,5016.76,0,1,0,1591.27,5388.13,0.98
M0007077,N,65,1,28344.24,0,0,0,4838.22,25996.66,2.11
M0007078,N,62,0,12629.43,1,0,0,4175.01,11748.01,1.0
M0007079,N,66,0,7719.15,0,0,0,2811.77,9283.5,0.41
M0007080,N,44,2,2878.7,0,0,0,280.53,4507.99,0.8
M0007081,N,68,2,4987.77,0,0,0,1137.41,5505.87,2.78
M0007082,N,20,0,8721.32,0,0,1,3233.05,5913.95,0.59
M0007083,Y,48,4,209371.88,2,1,3,41502.33,159331.12,4.83
M0007084,N,26,2,25118.31,0,2,0,11088.25,14126.88,3.34
M0007085,N,46,2,15988.94,1,2,0,2663.17,18045.11,2.28
M0007086,N,21,1,18346.27,0,0,1,9541.78,13558.37,2.35
M0007087,N,37,0,2655.95,0,0,0,1956.82,2646.07,0.0
M0007088,N,20,0,43221.47,0,0,1,4043.56,32772.4,3.07
M0007089,N,36,2,4296.38,1,1,0,1259.21,5066.88,2.6
M0007090,N,19,2,3477.4,0,0,0,211.78,3401.27,1.55
M0007091,N,52,0,4889.6,0,0,0,847.91,4518.05,0.0
M0007092,Y,55,4,232161.65,4,2,1,52509.92,199906.46,3.59
M0007093,N,56,1,19385.9,0,0,0,2011.86,15798.81,1.43
M0007094,N,52,1,19824.7,0,1,0,2665.8,22707.15,1.13
M0007095,N,49,1,5386.46,0,0,0,1851.87,2859.01,1.4
M0007096,N,68,2,12483.09,0,0,1,6312.78,9394.61,1.57
M0007097,N,74,1,6077.58,0,0,0,2304.23,5431.37,1.37
M0007098,N,21,1,24955.1,0,0,0,1604.32,23246.3,0.48
M0007099,N,51,1,7378.17,2,0,0,1702.06,5697.95,1.45
M0007100,N,33,1,19040.66,1,0,2,1686.97,19382.91,0.19
M0007101,N,38,0,23805.12,0,0,0,8678.33,16239.46,1.19
M0007102,N,76,0,8409.72,1,0,0,4906.12,4182.83,0.88
M0007103,N,23,1,9070.45,0,0,0,4108.48,6100.7,0.62
M0007104,Y,69,5,243535.66,5,7,4,151428.88,148321.36,5.51
M0007105,N,54,1,23429.04,1,1,0,1487.08,17743.58,0.34
M0007106,N,65,2,17460.55,0,1,1,4244.43,21331.91,1.78
M0007107,N,44,3,22230.74,0,1,1,28661.84,8817.84,0.16
M0007108,N,61,1,9256.54,0,2,0,8559.78,6252.47,0.0
M0007109,N,36,0,4362.33,1,0,0,978.88,4113.33,0.62
M0007110,N,50,0,10778.05,0,2,0,4284.36,10646.91,2.23
M0007111,N,43,2,25404.82,0,2,1,20448.62,9876.62,3.35
M0007112,N,19,0,4677.94,1,0,0,1142.36,6390.41,1.15
M0007113,N,22,1,10606.88,1,0,0,802.58,8468.44,2.46
M0007114,N,31,1,6081.45,1,1,0,2693.05,5884.9,2.71
M0007115,N,55,2,9251.02,1,1,0,4241.46,7542.6,0.96
M0007116,N,21,2,23898.44,0,3,0,14597.87,24520.62,2.65
M0007117,N,69,1,11760.36,1,1,2,7591.99,11114.71,0.51
M0007118,N,73,0,29437.28,0,0,0,1667.44,27686.2,1.32
M0007119,N,52,1,6587.59,0,0,1,7875.58,2757.72,0.51
M0007120,N,43,1,4991.06,0,0,0,2594.38,3146.25,2.21
M0007121,N,46,0,8829.53,0,0,0,2493.57,5239.27,1.98
M0007122,N,23,0,11017.16,0,0,0,1675.53,9540.82,0.32
M0007123,N,42,1,10274.36,1,0,1,4953.05,6033.35,1.42
M0007124,N,25,0,6467.38,0,2,0,794.99,5081.39,1.2
M0007125,N,72,0,7691.13,0,0,0,1229.78,5718.12,0.0
M0007126,N,61,0,37036.63,0,2,0,8179.78,27334.05,2.39
M0007127,N,35,0,15520.41,0,1,1,4304.77,8200.4,1.04
M0007128,N,69,1,8054.63,0,2,0,5486.25,6522.07,0.95
M0007129,Y,42,6,164309.31,5,1,3,117072.05,94957.08,2.62
M0007130,N,74,1,26839.33,0,1,1,10856.5,10182.48,0.65
M0007131,N,76,1,5434.95,0,0,0,1701.12,3376.65,0.98
M0007132,N,65,1,18289.2,0,0,1,2818.75,20182.32,2.07
M0007133,N,64,0,12785.89,1,1,0,3339.81,6699.89,0.84
M0007134,N,22,2,8287.95,0,1,0,2462.94,4573.32,1.74
M0007135,N,53,2,6835.13,0,1,2,5311.93,4927.3,0.05
M0007136,N,65,1,14156.73,1,0,1,5189.2,9518.05,1.63
M0007137,N,74,1,13533.68,0,1,0,6954.71,15655.75,0.97
M0007138,N,21,1,6444.83,1,0,0,955.36,6751.46,1.69
M0007139,N,61,1,4194.01,0,0,0,893.5,5459.32,2.01
M0007140,N,76,0,1664.9,0,0,0,437.16,1022.25,1.2
M0007141,N,23,0,12930.41,1,0,0,5857.81,4847.18,1.91
M0007142,N,58,0,10677.87,0,0,0,717.09,15165.93,0.73
M0007143,N,65,2,37315.32,1,2,1,17695.03,15440.7,0.54
M0007144,N,27,0,10298.7,0,0,0,2030.62,8313.91,0.0
M0007145,N,41,1,6775.25,0,1,0,2366.49,3824.06,0.0
M0007146,N,77,0,10367.73,0,1,0,2843.81,15621.16,0.52
M0007147,N,69,2,7033.86,0,0,0,3016.02,5550.33,0.36
M0007148,N,53,1,15946.73,0,1,0,10195.5,5322.06,2.05
M0007149,N,38,1,7740.54,0,0,1,2440.05,10736.43,1.11
M0007150,N,20,1,7448.97,0,1,0,3095.87,4575.3,1.7
M0007151,N,50,0,3921.6,0,0,0,1180.83,3608.69,0.86
M0007152,Y,50,3,160114.87,3,3,2,63303.41,134121.74,4.15
M0007153,N,73,0,10436.28,0,2,1,1519.89,7208.66,0.0
M0007154,N,38,1,21457.17,0,0,1,7670.97,21303.47,1.97
M0007155,N,21,2,6067.71,0,0,0,912.26,6101.53,1.14
M0007156,N,38,1,1179.36,0,0,0,602.21,958.72,1.42
M0007157,N,55,1,20964.46,1,1,0,4346.77,29435.06,2.8
M0007158,N,63,1,3493.24,0,0,0,1636.6,2025.16,0.93
M0007159,N,39,1,19981.86,0,0,1,2322.9,13701.35,1.32
M0007160,N,63,0,23545.15,0,2,1,5673.93,14540.29,1.49
M0007161,N,65,2,3388.24,1,3,0,2348.19,1896.99,0.0
M0007162,N,36,0,11813.39,0,1,0,3352.07,10504.11,0.52
M0007163,N,39,2,27062.91,0,2,0,20253.42,17742.9,1.82
M0007164,N,39,1,13805.4,0,0,0,3940.31,11306.98,0.51
M0007165,N,74,0,3784.02,1,1,0,1600.99,2679.43,0.88
M0007166,N,55,0,9888.91,0,0,1,5466.37,4206.26,0.55
M0007167,N,69,3,6919.33,0,0,0,1744.79,4257.04,0.74
M0007168,N,23,0,12396.85,1,3,1,4304.49,6930.32,3.2
M0007169,N,65,1,15748.76,0,1,2,1552.44,18125.55,1.06
M0007170,Y,56,8,170809.5,2,4,3,66386.52,85617.74,5.7
M0007171,N,64,2,15923.76,0,1,0,1863.89,11462.57,2.22
M0007172,N,78,3,25851.29,0,1,0,8172.24,16837.85,0.0
M0007173,N,68,1,28138.85,0,2,0,12180.06,15025.75,1.11
M0007174,N,37,1,5629.0,1,0,0,2070.21,7382.59,0.24
M0007175,N,43,1,10062.22,0,0,0,5046.05,3934.57,0.67
M0007176,N,33,0,4889.62,0,0,0,1249.35,3746.86,0.0
M0007177,N,49,0,14067.98,1,0,0,3659.0,11489.34,0.0
M0007178,N,29,2,10903.14,0,2,0,5016.47,5672.61,1.39
M0007179,N,19,0,7537.99,0,0,0,2638.83,10401.42,1.53
M0007180,N,57,0,4388.12,0,1,0,872.95,3815.66,0.0
M0007181,N,23,2,2522.8,0,0,0,1521.0,1454.89,0.91
M0007182,N,31,2,6593.19,1,2,0,1280.34,8329.19,0.42
M0007183,Y,43,2,108049.28,1,2,3,57979.62,74062.29,4.18
M0007184,N,67,0,6522.34,2,0,0,786.65,7118.31,0.3
M0007185,N,40,1,11308.69,0,0,0,4393.88,9286.78,0.59
M0007186,Y,70,7,278066.72,2,3,2,176966.54,99678.28,7.2
M0007187,N,76,0,4546.41,0,0,0,1433.67,6402.31,0.0
M0007188,Y,74,5,130571.53,3,2,2,69620.59,90639.45,5.78
M0007189,Y,63,2,383421.71,4,1,5,167788.96,220448.13,5.99
M0007190,N,31,0,9398.88,0,2,0,9726.67,2366.35,2.96
M0007191,N,34,1,6774.22,0,3,1,963.83,5783.54,0.68
M0007192,N,42,1,36124.79,0,2,0,8034.33,20914.3,2.93
M0007193,N,36,2,5198.08,0,0,0,834.69,5123.16,0.58
M0007194,N,25,1,6834.14,0,0,0,3873.5,4842.26,1.28
M0007195,N,40,0,1418.58,0,0,0,357.57,1676.0,0.43
M0007196,N,38,1,20998.06,1,0,0,2892.18,15984.58,1.24
M0007197,N,78,2,3681.46,0,0,0,599.57,3346.81,0.14
M0007198,N,39,0,9382.01,0,1,0,2698.57,9837.79,0.48
M0007199,N,50,1,4363.58,0,0,0,2332.48,3405.94,0.26
M0007200,N,43,0,2925.23,0,0,0,1278.21,3030.14,0.0
M0007201,N,35,1,10644.33,1,0,0,3556.07,8296.24,1.7
M0007202,N,71,1,17663.91,0,0,1,2338.62,11784.12,0.0
M0007203,N,29,2,13891.05,1,3,0,2499.72,10091.13,2.02
M0007204,N,40,1,5605.46,0,2,1,1493.25,4735.42,0.65
M0007205,N,49,2,37792.14,0,1,0,4185.26,26180.08,1.37
M0007206,N,75,1,6182.94,0,2,0,2239.84,5196.07,1.36
M0007207,N,72,1,19238.92,0,1,1,9207.5,12677.31,1.29
M0007208,N,60,1,19149.56,0,0,0,7089.2,15194.98,0.21
M0007209,N,74,2,4499.53,0,0,0,1361.66,3927.46,0.62
M0007210,N,36,1,18837.42,0,0,0,610.59,18161.53,0.07
M0007211,N,60,2,4240.53,0,1,0,1378.43,5103.32,1.04
M0007212,N,33,1,13329.41,1,1,0,4470.1,12670.78,0.0
M0007213,N,79,2,13607.3,0,1,0,6715.09,10614.08,2.35
M0007214,N,69,1,18217.83,0,1,0,2623.21,22462.41,0.7
M0007215,N,73,3,6764.69,0,0,1,895.3,10239.82,1.81
M0007216,N,71,0,6486.72,0,0,0,3536.64,4757.31,0.67
M0007217,N,78,0,11311.77,0,0,1,2061.83,8018.66,0.67
M0007218,N,18,1,13058.24,0,0,0,4289.4,17507.4,0.57
M0007219,N,37,1,10151.79,0,1,0,6935.45,7572.63,1.5
M0007220,N,27,2,11574.07,0,0,0,3372.86,15902.57,0.22
M0007221,N,31,1,12686.79,0,0,0,3513.16,14995.47,0.0
M0007222,N,27,1,11425.64,0,2,0,2532.91,7654.36,1.45
M0007223,N,72,0,8728.12,0,0,1,4667.11,4245.32,1.48
M0007224,N,33,2,20575.92,0,0,0,3763.27,15451.61,2.82
M0007225,N,35,1,26175.93,0,0,0,2986.76,19861.81,1.94
M0007226,N,60,0,5916.15,0,1,0,3999.09,5455.72,1.4
M0007227,N,33,2,8814.3,1,3,1,4202.99,4518.88,0.72
M0007228,Y,81,8,192819.46,2,4,1,134841.43,88990.63,3.31
M0007229,N,42,1,5806.25,0,0,0,1253.58,3859.38,0.49
M0007230,N,77,1,36441.76,0,0,0,8291.95,21827.01,1.96
M0007231,N,36,1,4968.6,0,0,0,1610.42,3841.92,1.19
M0007232,N,33,2,8676.41,0,0,1,1500.22,7412.02,2.32
M0007233,N,63,0,8417.66,0,1,0,3021.84,4394.66,2.48
M0007234,N,79,1,15045.37,0,1,0,9873.03,7346.32,1.09
M0007235,N,18,1,27794.46,0,1,1,23612.98,6525.71,0.6
M0007236,N,54,0,12973.23,0,1,0,2269.05,8754.76,1.32
M0007237,N,36,1,8135.86,0,0,0,3594.16,7855.82,0.88
M0007238,N,63,0,7865.32,0,0,0,1886.49,4875.14,0.69
M0007239,N,32,0,7200.56,0,0,0,1551.18,6997.05,0.0
M0007240,N,79,3,8326.28,0,2,0,2506.44,5661.54,0.77
M0007241,N,57,0,11274.9,1,0,0,2939.18,12536.63,0.31
M0007242,N,51,1,11575.89,0,1,0,5924.68,3768.97,0.77
M0007243,N,41,0,15368.73,0,0,0,5907.48,16865.01,1.5
M0007244,N,57,2,20702.77,0,1,0,6386.92,10935.72,0.95
M0007245,N,54,0,5282.8,0,0,0,2566.0,2930.41,0.0
M0007246,N,46,1,16551.85,1,1,0,3626.95,16284.77,1.21
M0007247,N,55,2,8612.76,0,1,0,4524.35,5228.24,0.0
M0007248,N,31,0,2546.22,0,0,0,1296.04,2233.06,0.92
M0007249,N,56,1,4747.25,0,0,0,1469.0,5438.46,0.19
M0007250,N,69,3,12845.82,1,0,0,11208.17,10934.12,0.78
M0007251,N,18,0,6841.97,0,1,0,1410.01,3970.07,0.98
M0007252,Y,86,3,320771.3,3,2,5,115834.06,173676.89,5.63
M0007253,N,43,2,17878.46,1,1,0,2583.93,12671.23,1.95
M0007254,N,67,0,3963.89,0,1,1,3118.19,1978.11,0.56
M0007255,N,40,0,5136.06,0,0,0,1168.14,3735.94,0.46
M0007256,N,57,2,11853.85,0,0,0,5242.53,5889.92,0.97
M0007257,N,63,1,6401.18,0,0,0,3691.79,5548.16,0.27
M0007258,N,80,2,9007.73,0,1,1,4420.8,7860.43,2.36
M0007259,N,74,1,33838.9,0,1,0,3614.32,33195.31,1.32
M0007260,N,43,1,10345.79,0,2,0,13161.72,4238.99,1.81
M0007261,N,58,0,5184.68,1,0,0,4054.14,2563.79,1.2
M0007262,N,38,2,9174.23,0,0,0,1171.22,7921.43,1.14
M0007263,N,63,0,2214.67,0,0,1,1041.45,2921.33,0.0
M0007264,N,45,1,26553.56,1,0,0,18820.85,8012.18,2.13
M0007265,N,79,0,12484.54,1,0,0,3876.97,13478.31,1.85
M0007266,N,59,1,5336.8,0,2,0,1686.13,6048.44,1.29
M0007267,N,28,1,3616.29,0,0,0,495.06,4110.5,0.0
M0007268,N,50,2,6907.37,0,0,1,1985.91,3531.34,0.46
M0007269,N,33,2,19615.08,1,1,0,9687.75,6343.62,1.87
M0007270,Y,47,2,195078.86,4,5,2,44789.71,175121.29,4.37
M0007271,N,70,2,5137.56,0,0,0,3269.4,4281.86,0.6
M0007272,N,60,3,27873.91,0,1,0,9717.26,27770.92,2.8
M0007273,N,45,0,9516.55,0,1,2,3734.01,5207.01,0.0
M0007274,N,30,3,38086.97,0,0,0,7310.85,23739.83,1.16
M0007275,N,77,2,7186.6,0,1,1,2023.53,8838.46,0.06
M0007276,N,32,0,2704.26,0,0,0,1422.25,1854.65,0.18
M0007277,N,62,0,3185.14,0,0,0,935.45,3021.1,0.44
M0007278,N,43,0,14031.57,0,1,2,2681.45,17658.77,1.43
M0007279,N,79,1,12353.07,0,0,0,5014.39,11373.94,1.38
M0007280,N,35,1,5597.53,0,1,0,1876.49,7945.63,1.05
M0007281,N,27,0,6764.28,0,0,0,2480.7,4896.1,0.35
M0007282,N,64,1,6462.28,0,0,0,4055.09,2837.26,0.0
M0007283,N,77,1,14211.88,0,1,0,5354.69,8982.53,1.55
M0007284,Y,64,4,104715.43,1,2,1,32495.17,75784.17,3.92
M0007285,N,50,1,4340.48,0,0,2,1115.68,3447.47,0.94
M0007286,N,19,1,18188.67,2,1,0,5804.17,18312.83,1.82
M0007287,N,33,0,5655.64,0,0,0,3126.99,3569.41,1.19
M0007288,N,42,0,17180.76,0,0,2,1902.68,23244.51,2.21
M0007289,N,38,1,5542.84,0,2,0,2737.71,4834.69,0.83
M0007290,N,45,0,7320.37,1,0,1,913.57,5262.52,0.2
M0007291,N,21,0,27246.28,0,0,1,4291.49,20082.04,1.96
M0007292,N,55,1,25946.5,0,2,1,25106.3,7928.73,1.05
M0007293,N,40,1,13628.81,0,1,1,3818.47,7665.36,0.74
M0007294,N,60,2,12621.08,0,0,0,3267.47,11538.03,0.0
M0007295,Y,85,7,314571.64,3,3,3,212310.81,206768.28,6.56
M0007296,N,36,0,21398.57,0,1,1,3263.39,19696.03,2.94
M0007297,N,54,0,6595.58,0,0,0,1968.47,5539.8,1.14
M0007298,N,25,0,21389.4,0,1,0,6776.41,12524.29,0.55
M0007299,N,42,0,16036.39,0,1,1,3236.43,9579.7,1.51
M0007300,N,37,1,8202.58,0,0,0,3196.5,8424.14,0.35
M0007301,N,26,2,4893.89,0,0,1,1581.02,3566.58,0.0
M0007302,N,37,1,10270.68,0,0,0,4597.39,7600.89,0.0
M0007303,N,49,2,22775.63,1,1,0,3551.11,15256.75,0.62
M0007304,N,24,0,13735.26,0,1,0,3265.37,8090.67,1.55
M0007305,N,47,4,18891.4,1,3,0,2015.1,13964.77,4.5
M0007306,N,56,0,4050.88,0,0,0,1676.62,3851.53,1.9
M0007307,N,40,1,10654.0,0,1,1,5018.04,14175.1,1.56
M0007308,N,63,1,12042.86,0,0,1,5329.51,7365.03,0.71
M0007309,N,54,2,6638.54,1,0,0,986.56,7097.29,0.78
M0007310,N,29,0,2556.88,0,0,0,1421.58,2253.65,1.15
M0007311,N,51,2,12743.69,0,0,2,2905.83,7542.59,1.99
M0007312,Y,40,4,150836.95,3,4,5,73527.21,141823.55,3.84
M0007313,N,75,0,5929.34,0,1,0,1467.13,4441.67,0.31
M0007314,N,48,0,7446.89,0,1,0,2112.03,10406.65,2.33
M0007315,N,60,1,20526.38,0,1,0,6548.42,14332.86,1.37
M0007316,N,74,1,9812.75,1,1,0,926.31,7347.4,1.82
M0007317,N,76,3,18330.16,0,1,1,11346.44,21137.71,1.2
M0007318,N,63,0,2729.32,0,0,0,527.39,2150.19,0.0
M0007319,N,36,0,9064.79,0,2,0,6165.11,8863.08,1.94
M0007320,N,21,0,15730.39,1,0,0,9707.97,11387.57,0.8
M0007321,N,39,1,3435.29,0,0,0,1648.0,3172.35,1.09
M0007322,N,77,1,7021.5,0,0,0,3361.18,3135.31,2.03
M0007323,N,40,1,11041.57,0,0,0,4222.36,8316.7,1.91
M0007324,N,42,0,11399.25,2,0,0,5157.61,5265.83,1.2
M0007325,N,45,2,15020.74,1,0,0,7358.98,9457.52,1.85
M0007326,N,56,2,21728.58,0,0,0,8525.77,10821.84,2.6
M0007327,N,58,2,18419.54,1,2,0,10954.46,15507.58,2.78
M0007328,N,40,2,8596.95,0,0,0,1159.12,8404.41,1.46
M0007329,N,72,2,12900.42,0,0,1,3781.76,14790.75,1.12
M0007330,N,37,0,16695.08,0,0,0,2287.43,16953.49,0.68
M0007331,N,50,0,8715.12,0,1,0,4058.44,8256.17,1.87
M0007332,N,24,2,7985.02,0,2,0,4808.1,7249.34,1.05
M0007333,Y,39,6,187783.86,2,4,5,65428.88,102831.94,6.32
M0007334,Y,75,5,181594.23,1,2,2,82750.96,74906.1,3.11
M0007335,N,71,0,5496.44,0,1,0,2353.5,5550.77,1.36
M0007336,N,76,2,11661.66,0,0,0,2520.7,11646.84,1.83
M0007337,N,22,1,26339.38,0,0,0,9628.64,13479.88,1.29
M0007338,N,76,3,13107.24,0,0,0,6214.25,4474.66,0.15
M0007339,Y,77,5,274964.16,3,3,2,56739.29,232623.58,6.08
M0007340,N,30,2,8498.32,0,0,1,6095.0,3951.9,1.16
M0007341,N,23,1,12868.98,0,0,0,1464.86,10103.36,1.94
M0007342,N,60,1,15391.99,0,0,0,5663.57,8964.41,0.61
M0007343,N,38,0,3018.39,0,0,0,546.92,3983.76,1.8
M0007344,N,22,1,9565.03,0,1,0,5789.8,2205.69,1.66
M0007345,N,41,1,32308.76,0,0,0,5295.07,26159.13,2.45
M0007346,N,76,1,20240.05,1,1,0,3381.48,20035.1,1.83
M0007347,N,59,2,3359.18,1,1,0,465.56,2555.04,0.0
M0007348,N,49,1,5383.35,0,2,0,2101.66,3373.69,0.89
M0007349,N,53,1,8682.96,1,2,0,3194.33,6142.46,0.53
M0007350,N,67,1,20288.28,0,2,0,7371.29,15033.41,0.68
M0007351,N,69,3,11958.02,1,0,0,7429.69,11333.69,1.63
M0007352,N,27,3,18043.47,0,0,0,3683.88,26577.98,0.99
M0007353,N,45,4,45196.33,1,3,0,8659.54,32825.08,2.86
M0007354,N,23,0,5386.68,0,2,0,2703.22,4883.43,0.38
M0007355,Y,69,7,297359.83,4,5,4,124878.99,143212.05,6.78
M0007356,N,60,1,24382.8,1,0,0,9433.92,11209.98,2.35
M0007357,N,36,1,4878.06,0,0,0,1505.64,7218.69,2.3
M0007358,N,30,1,11799.86,0,1,0,2827.87,7305.62,0.92
M0007359,N,36,1,4718.85,0,2,0,828.35,3409.8,2.13
M0007360,N,57,1,10129.24,0,0,0,2679.81,10132.04,2.57
M0007361,Y,74,5,211013.2,3,4,3,87744.06,96420.99,4.26
M0007362,N,53,1,15225.68,0,2,1,5783.97,7841.16,0.79
M0007363,N,57,1,17915.11,1,2,0,8527.77,7509.88,1.47
M0007364,N,55,0,6133.08,0,0,1,525.88,5272.5,1.87
M0007365,N,36,3,7115.1,0,1,0,1995.47,6192.16,0.0
M0007366,N,50,1,13442.37,0,2,1,1881.94,8781.18,2.01
M0007367,N,76,1,14216.23,0,1,1,1366.8,11374.7,2.03
M0007368,Y,59,7,288771.02,4,2,4,156672.26,109749.59,3.18
M0007369,N,18,0,14157.41,0,1,0,7647.32,5605.66,0.0
M0007370,N,69,2,14244.2,0,0,0,2335.44,12172.95,0.97
M0007371,N,19,1,10953.08,0,0,0,923.64,9688.98,0.77
M0007372,N,63,0,4903.11,0,0,0,1743.89,3041.39,0.97
M0007373,N,46,0,36425.46,0,1,0,8078.19,23696.2,1.67
M0007374,N,44,2,22680.35,1,1,0,5347.84,23644.04,0.0
M0007375,N,43,1,11359.02,1,2,1,3664.79,12474.3,1.86
M0007376,N,66,2,10602.45,0,0,0,1969.89,6869.45,0.67
M0007377,N,39,0,8106.41,0,0,0,1656.71,5071.32,1.06
M0007378,N,71,0,7691.89,0,0,0,633.61,5474.79,1.19
M0007379,N,22,3,6008.51,0,3,0,2865.77,7127.21,1.18
M0007380,N,41,1,6206.06,0,0,0,3214.41,3057.45,1.35
M0007381,Y,63,4,271122.39,5,3,3,223389.78,145779.83,6.61
M0007382,N,54,0,20560.41,0,1,0,8213.61,10773.82,1.48
M0007383,N,77,4,73174.79,0,0,0,6253.62,62908.58,2.17
M0007384,N,55,0,7233.07,0,2,0,3866.33,7228.64,0.95
M0007385,N,26,0,8782.38,0,0,0,2424.94,12654.26,0.36
M0007386,N,19,2,5927.76,0,0,0,2756.63,5092.84,0.5
M0007387,N,79,2,6784.97,0,2,0,4217.93,5692.35,0.21
M0007388,N,67,0,8966.19,0,2,1,4334.86,4498.85,0.7
M0007389,Y,83,5,171329.98,3,2,2,82810.7,86583.3,5.39
M0007390,N,18,3,42861.42,0,1,0,32854.02,34093.38,1.35
M0007391,N,70,3,78761.85,0,0,0,4457.89,67650.95,1.37
M0007392,N,71,0,5551.31,0,1,0,2058.16,4834.53,2.09
M0007393,N,75,0,12679.33,0,0,0,3975.49,8244.62,1.9
M0007394,N,64,2,11389.14,0,1,0,4354.48,7823.43,0.22
M0007395,N,39,0,11863.06,0,2,0,3631.57,6836.04,0.65
M0007396,N,57,1,4077.47,0,0,0,2287.24,4285.22,0.0
M0007397,N,27,1,20565.67,1,0,1,6604.91,12479.46,2.03
M0007398,N,31,0,10772.21,0,0,1,1327.68,14299.62,0.73
M0007399,N,37,1,12231.14,2,0,1,3745.61,7702.58,0.16
M0007400,N,57,0,16448.6,0,1,0,1840.58,11177.72,0.24
M0007401,N,38,1,17223.16,0,0,0,4084.81,9694.7,0.63
M0007402,N,20,0,5011.93,1,0,0,1070.6,7121.22,0.72
M0007403,N,44,2,11311.53,0,2,0,2434.61,9901.48,0.16
M0007404,N,77,2,7280.75,0,0,0,3706.56,2352.67,0.8
M0007405,N,38,1,8869.65,0,1,1,5555.14,4980.84,1.11
M0007406,N,68,0,1799.21,0,0,0,1292.85,1869.92,1.81
M0007407,N,40,0,2849.83,0,1,0,1754.75,2475.25,0.19
M0007408,N,47,1,33775.07,0,1,0,1573.99,25376.29,1.6
M0007409,N,30,2,4306.63,0,0,0,2450.13,3275.5,0.47
M0007410,N,35,1,12901.04,0,1,1,2429.06,8640.86,0.48
M0007411,N,61,1,7136.99,0,1,1,708.82,5420.37,0.0
M0007412,Y,71,6,245030.58,4,5,8,102794.08,194790.43,5.67
M0007413,N,56,2,12029.81,0,0,0,6053.61,7033.38,1.98
M0007414,N,32,2,7269.03,1,1,0,2474.67,3722.63,1.38
M0007415,N,69,2,8748.47,0,0,1,1696.65,7467.37,1.27
M0007416,N,23,3,13535.07,0,0,0,3461.33,8476.12,2.17
M0007417,N,19,1,2668.32,0,1,0,572.52,2135.36,0.34
M0007418,N,71,1,11476.91,0,0,0,1125.13,8674.63,1.55
M0007419,N,57,1,3348.56,1,2,0,1755.4,2610.98,0.41
M0007420,Y,69,8,225771.96,3,4,7,42280.44,168776.82,8.9
M0007421,N,66,1,5971.28,0,1,0,3247.77,4553.94,2.28
M0007422,N,26,1,13257.06,1,1,0,7036.82,5465.25,0.36
M0007423,N,75,0,8363.5,0,2,0,1541.28,9239.68,0.44
M0007424,N,64,0,4073.66,0,0,0,766.47,4153.39,0.65
M0007425,N,19,1,7764.41,0,0,1,3474.36,5678.45,1.3
M0007426,N,58,0,7475.49,0,0,1,1424.47,7402.53,1.25
M0007427,N,68,0,3879.94,0,0,1,2355.68,3408.64,0.15
M0007428,N,79,1,5974.47,1,0,0,1962.36,7623.27,0.53
M0007429,N,46,1,9117.04,0,0,0,10275.74,2080.64,0.54
M0007430,N,43,2,9147.59,0,0,0,4424.68,4539.05,0.11
M0007431,N,48,0,23962.87,0,0,0,1916.66,22283.01,1.17
M0007432,N,64,2,11236.77,0,2,1,3177.0,11634.99,2.44
M0007433,N,45,2,7774.2,0,2,0,1662.93,4536.72,1.09
M0007434,N,23,1,1940.97,0,0,0,1349.46,1810.79,0.82
M0007435,N,18,0,8778.05,0,0,0,2674.64,4665.28,1.35
M0007436,N,33,0,6298.62,0,0,1,1908.58,7145.7,1.07
M0007437,N,45,1,8231.35,0,2,0,2498.13,6402.24,2.16
M0007438,N,53,1,5170.72,0,0,0,1429.54,4329.42,0.0
M0007439,N,70,2,12703.43,0,0,0,8307.75,3990.84,0.0
M0007440,N,75,1,10670.34,1,0,1,3152.63,6197.12,1.18
M0007441,N,65,0,11381.32,0,0,0,3804.31,11513.05,0.95
M0007442,N,68,1,6826.76,1,2,0,2723.75,6337.47,0.32
M0007443,N,47,1,3137.5,0,0,0,1279.81,3740.32,0.62
M0007444,N,48,2,8285.86,0,0,1,5326.86,7453.13,0.41
M0007445,N,58,1,8262.84,1,1,1,2624.36,6560.02,1.35
M0007446,N,25,3,20269.91,0,0,0,2651.65,21466.4,1.69
M0007447,N,22,0,12152.19,0,1,2,3431.85,8438.97,1.16
M0007448,N,51,2,6269.83,0,0,1,1550.42,9539.54,0.99
M0007449,N,31,3,9047.92,0,0,1,2095.96,13070.79,1.94
M0007450,N,46,1,2246.57,0,1,0,2135.53,1903.1,0.14
M0007451,N,25,2,19423.2,0,1,0,9665.78,7409.3,0.28
M0007452,N,29,2,2950.61,0,2,0,1229.42,3207.18,1.34
M0007453,N,50,0,11859.36,0,1,0,9247.08,4798.5,0.0
M0007454,N,22,0,5713.36,0,1,0,974.94,5421.96,0.79
M0007455,N,18,1,3520.82,0,0,0,2217.31,2274.14,0.82
M0007456,Y,37,5,137997.48,2,5,4,41712.81,96238.13,3.73
M0007457,N,42,1,5117.28,0,0,0,2133.97,5226.68,2.14
M0007458,N,70,2,11205.68,0,1,0,2408.55,7554.7,0.86
M0007459,N,61,3,5409.7,0,3,0,2524.86,3328.46,1.6
M0007460,N,74,1,18594.75,1,1,0,8661.89,14181.23,2.0
M0007461,N,57,1,11740.6,1,2,2,9124.78,9348.06,2.09
M0007462,N,24,1,9684.45,1,0,0,2415.8,5219.81,2.96
M0007463,N,35,1,9172.11,0,0,0,2632.22,6126.42,0.24
M0007464,N,54,2,14001.55,0,3,1,6243.23,14472.18,2.12
M0007465,N,43,1,24234.49,0,3,0,5063.45,19020.59,1.01
M0007466,N,72,0,15237.44,0,0,0,7204.03,5506.64,0.0
M0007467,N,73,1,9983.58,0,0,0,2881.34,5869.42,0.0
M0007468,N,72,1,16055.29,0,0,1,2140.51,14488.54,0.78
M0007469,N,58,1,17334.88,0,0,0,5494.1,12985.91,1.02
M0007470,N,64,3,49365.54,0,3,1,15013.07,25393.09,2.3
M0007471,N,43,0,4808.17,0,3,0,905.78,4354.63,2.97
M0007472,N,23,1,9221.68,0,0,0,945.24,7760.08,0.42
M0007473,Y,76,5,148521.8,1,4,5,88558.14,92382.36,5.05
M0007474,N,59,1,19500.86,2,3,0,6103.14,9152.29,1.69
M0007475,N,24,0,31082.0,0,0,0,14298.27,17021.48,1.69
M0007476,N,33,0,13642.8,0,0,0,4369.9,10391.48,1.61
M0007477,Y,66,5,131384.88,2,3,3,45380.6,97443.48,4.57
M0007478,N,37,2,9221.1,0,0,0,5845.07,5880.43,1.95
M0007479,N,78,0,11266.78,1,1,0,5132.24,6203.85,2.29
M0007480,N,51,0,13731.8,0,1,0,1559.67,20158.06,1.15
M0007481,N,28,0,5559.29,0,0,0,1892.63,6062.07,1.52
M0007482,N,64,0,7798.25,0,0,0,1695.52,5625.66,0.02
M0007483,N,52,0,3439.33,0,1,0,2304.66,2012.65,0.5
M0007484,N,33,0,5697.99,1,0,0,1674.78,3396.52,0.9
M0007485,N,66,3,17167.33,0,0,0,10367.33,9776.06,2.07
M0007486,N,42,0,5718.76,2,0,0,3375.64,4995.39,0.0
M0007487,N,18,1,41099.44,1,2,1,10616.61,30559.07,2.09
M0007488,N,34,0,5767.46,0,1,0,1267.09,3420.6,1.13
M0007489,N,80,1,5269.8,0,1,0,2435.55,3685.77,0.71
M0007490,N,43,0,9612.72,0,1,0,1212.36,7048.96,1.49
M0007491,N,29,0,5192.18,0,0,0,3402.94,1819.69,0.8
M0007492,N,79,0,2852.07,0,1,0,204.02,4733.29,1.16
M0007493,N,59,2,29478.54,0,1,1,8554.01,27318.59,1.35
M0007494,N,36,0,7192.25,0,0,1,1188.79,7631.74,1.3
M0007495,N,59,0,4039.24,1,0,0,1712.38,3895.1,0.02
M0007496,N,43,2,12039.0,0,0,2,4717.0,9947.79,0.0
M0007497,N,29,3,20381.89,2,1,1,16165.02,12082.61,1.4
M0007498,Y,69,5,239811.26,4,3,5,89826.46,128941.97,4.35
M0007499,N,68,0,25767.14,0,2,0,7052.09,13099.59,0.88
M0007500,N,40,1,6279.73,0,1,2,1688.07,7868.64,1.11
M0007501,N,42,1,4498.83,2,2,1,778.57,4261.7,0.97
M0007502,N,39,3,5341.79,0,0,0,4112.61,3128.0,1.77
M0007503,N,36,0,4640.09,0,0,0,1007.32,4892.59,0.49
M0007504,N,30,1,8998.71,1,1,0,1678.2,10472.57,0.01
M0007505,N,32,1,10961.97,0,3,0,5507.65,13284.42,0.12
M0007506,N,58,0,9985.52,1,1,1,3710.26,11829.9,1.14
M0007507,N,71,1,12302.44,1,0,0,1474.38,8984.07,0.26
M0007508,N,37,0,7870.82,0,0,1,1267.02,5022.1,0.7
M0007509,N,36,3,24301.6,1,1,0,6502.2,33511.95,0.79
M0007510,N,52,2,6755.42,1,1,0,847.83,4654.19,0.2
M0007511,N,46,1,18594.35,0,1,1,5165.9,10206.67,0.68
M0007512,N,66,1,11123.61,0,2,0,4376.98,4562.73,2.06
M0007513,N,28,2,17340.02,0,1,0,10432.96,9066.79,2.19
M0007514,N,65,1,14338.2,0,2,1,2270.02,12442.58,0.68
M0007515,N,72,1,11350.05,0,0,0,4704.28,5978.35,0.85
M0007516,N,18,0,5737.46,0,0,0,1842.36,3291.3,1.06
M0007517,N,75,1,12138.06,0,1,0,3091.26,14907.42,0.61
M0007518,N,56,2,9922.67,0,0,0,1709.12,6046.73,0.68
M0007519,N,47,2,5354.25,0,0,0,243.44,5986.12,0.92
M0007520,N,24,2,21649.96,1,0,0,4224.08,14634.38,1.21
M0007521,N,80,2,7293.15,0,2,1,2955.48,7124.13,1.44
M0007522,N,38,1,5793.84,0,1,0,1750.28,3554.05,0.36
M0007523,N,73,3,17597.18,0,1,3,4862.62,13627.02,2.43
M0007524,N,23,1,14432.74,0,0,1,4203.21,10936.53,1.26
M0007525,N,22,1,5931.29,0,0,0,2324.47,3823.34,0.91
M0007526,N,38,2,2962.86,0,0,0,739.19,3624.15,0.6
M0007527,N,60,2,15363.95,0,1,0,1967.78,13753.84,0.6
M0007528,N,48,2,20544.78,0,2,1,11650.23,10613.51,0.99
M0007529,N,33,0,8187.69,1,2,1,634.98,6133.77,0.31
M0007530,N,30,0,19391.81,1,0,1,5151.76,24640.82,1.97
M0007531,Y,83,3,211229.01,3,4,5,55965.38,146589.19,5.16
M0007532,N,66,2,10996.23,1,0,0,2705.25,7722.46,1.0
M0007533,N,74,0,16182.61,1,0,0,1996.42,24990.81,0.72
M0007534,N,28,0,9872.31,0,0,0,1767.62,9547.25,0.0
M0007535,N,34,1,15306.2,0,1,1,3658.0,13543.94,0.32
M0007536,Y,72,8,274090.95,5,2,4,135531.21,207250.95,6.43
M0007537,N,54,1,18902.44,1,1,0,4904.59,15756.19,2.87
M0007538,N,77,1,22531.98,0,1,0,2553.8,18048.51,1.51
M0007539,N,76,0,11790.1,0,0,0,1231.86,15517.0,2.01
M0007540,N,35,0,6008.91,1,0,1,1845.09,4153.3,0.18
M0007541,N,28,0,19503.27,1,0,0,1307.52,14106.74,1.34
M0007542,N,76,2,13308.69,0,0,2,3100.59,18643.0,1.34
M0007543,N,53,0,17174.49,0,1,2,10878.09,14682.25,1.68
M0007544,Y,41,8,243018.65,4,3,3,96702.41,116774.7,5.92
M0007545,N,40,0,3199.92,0,1,0,629.1,2127.06,0.65
M0007546,N,51,1,9556.37,0,3,0,2416.43,6293.8,1.92
M0007547,N,45,0,11236.91,1,1,0,4045.99,6148.03,0.0
M0007548,N,27,1,2688.0,0,1,0,728.04,3112.57,0.67
M0007549,N,18,1,14389.68,0,0,0,1237.56,13020.76,0.28
M0007550,N,60,1,9704.75,1,0,1,2870.22,5802.56,1.96
M0007551,N,41,2,5971.94,0,0,2,1558.67,5769.05,0.84
M0007552,N,37,0,27317.09,0,0,1,4807.52,19880.75,2.68
M0007553,N,39,3,4776.71,0,0,1,684.47,4492.45,1.11
M0007554,N,44,3,13365.6,0,0,1,5047.27,7306.08,1.58
M0007555,N,57,1,8989.3,0,2,1,3489.62,6099.3,0.82
M0007556,N,27,0,5584.59,0,1,0,1832.88,5327.8,1.4
M0007557,N,73,2,31805.31,1,1,1,13514.57,34434.23,1.14
M0007558,N,70,0,6687.96,0,0,0,2050.64,6035.72,0.81
M0007559,N,53,3,16938.24,0,1,0,5781.08,18935.03,0.85
M0007560,N,57,0,12644.6,0,0,0,1384.19,14925.9,1.11
M0007561,Y,52,3,200715.08,3,3,2,98553.88,164581.29,4.29
M0007562,N,42,0,4782.46,0,1,0,803.06,6255.02,0.79
M0007563,N,75,1,25294.51,0,3,1,35177.27,10282.45,0.22
M0007564,N,55,0,6586.25,0,1,0,4425.42,2698.23,0.0
M0007565,N,18,0,2702.7,1,1,0,1495.95,3286.54,0.95
M0007566,N,77,0,3470.68,0,0,0,318.39,4633.4,1.0
M0007567,N,55,1,2925.63,0,0,0,1083.83,3235.17,0.73
M0007568,N,63,1,4538.03,0,0,0,1966.9,4354.47,0.75
M0007569,N,49,0,13204.34,0,1,0,10033.61,7529.53,0.38
M0007570,N,50,0,4562.43,0,2,0,2653.44,3514.56,0.42
M0007571,N,80,0,9709.51,0,0,1,746.1,8001.33,0.2
M0007572,N,65,0,3644.81,0,0,0,1181.87,4064.14,0.0
M0007573,N,44,0,2694.76,0,0,2,1091.35,2779.4,0.63
M0007574,N,55,1,5718.15,2,0,0,3584.91,5736.9,0.87
M0007575,N,69,1,24430.52,0,0,0,6986.73,12511.01,0.0
M0007576,N,76,1,6526.42,0,0,1,1207.97,7009.68,0.68
M0007577,N,49,1,10952.84,0,0,0,912.9,13379.28,1.03
M0007578,N,20,2,11213.7,0,2,2,5338.74,5166.5,2.01
M0007579,N,50,1,10844.33,0,0,0,2917.93,10575.35,0.93
M0007580,N,38,2,5389.86,0,0,1,2741.6,6890.15,1.79
M0007581,N,22,2,19461.49,0,0,0,4036.81,16831.76,0.48
M0007582,N,76,0,9840.7,0,2,0,2334.85,10993.0,0.72
M0007583,N,35,1,11054.07,0,2,1,2365.54,8036.77,0.91
M0007584,N,68,1,16025.99,0,1,0,11536.87,11635.3,1.42
M0007585,Y,81,4,359700.76,5,2,6,97399.4,223892.59,7.28
M0007586,N,40,1,4168.72,1,2,0,387.53,4897.6,0.8
M0007587,N,28,1,15513.82,0,0,0,3044.56,12919.08,0.64
M0007588,N,62,0,2232.8,0,1,0,586.86,2424.51,0.0
M0007589,N,32,2,3306.05,0,0,0,656.97,2714.7,2.07
M0007590,N,37,1,16076.8,0,2,2,11910.46,2658.15,1.34
M0007591,N,32,0,6885.41,0,0,0,4066.09,7256.29,0.12
M0007592,N,26,0,16970.28,0,0,0,7701.99,10897.3,0.0
M0007593,N,32,1,14501.19,0,0,0,2367.29,13859.84,0.83
M0007594,N,49,2,25008.53,0,1,0,3508.64,29764.98,1.67
M0007595,N,61,0,5399.38,0,0,0,1913.41,4417.38,0.0
M0007596,N,28,0,9203.81,0,1,0,1888.49,7176.77,0.12
M0007597,N,72,1,11801.79,0,0,3,1649.58,9238.2,1.4
M0007598,Y,40,3,123717.54,2,1,2,48986.33,80131.54,2.0
M0007599,N,41,1,31544.02,0,1,0,5649.45,23025.01,1.67
M0007600,N,70,0,5434.15,0,0,0,700.37,4603.23,1.82
M0007601,N,66,0,9319.83,0,1,0,2628.69,8377.12,0.62
M0007602,N,47,1,10654.27,0,3,1,3194.86,5271.4,2.13
M0007603,N,43,1,12242.88,2,2,0,7558.86,6942.38,0.59
M0007604,N,62,0,16816.36,0,1,0,3336.06,12067.25,0.52
M0007605,N,31,0,9110.26,0,0,1,6577.95,6457.07,1.54
M0007606,N,26,2,17348.83,2,0,0,3469.79,26839.81,2.08
M0007607,N,79,1,11282.34,0,0,0,2115.72,15410.47,1.46
M0007608,N,56,2,10089.35,0,0,0,4771.15,5679.65,0.52
M0007609,N,33,1,12077.22,0,2,1,2820.25,8634.05,0.93
M0007610,N,31,0,11188.75,1,1,0,5124.66,4225.29,1.16
M0007611,N,39,2,7165.69,0,2,0,3058.13,3223.97,0.12
M0007612,N,48,0,2197.02,0,0,0,1048.26,2132.77,0.77
M0007613,N,50,1,44084.98,0,1,0,3962.59,36691.77,1.93
M0007614,N,70,2,13187.04,0,1,2,2080.28,8471.16,1.82
M0007615,N,52,2,8896.18,1,1,0,4762.16,2751.69,1.35
M0007616,N,56,0,14003.01,1,1,0,356.25,15381.28,0.0
M0007617,N,33,0,21361.06,0,0,0,4342.83,27466.6,0.58
M0007618,N,63,0,6306.99,0,1,0,1275.61,6602.58,0.44
M0007619,N,56,0,16606.23,0,0,0,7381.88,8732.72,0.95
M0007620,N,29,0,31660.25,1,2,1,1462.87,27958.07,1.0
M0007621,N,56,1,12503.96,0,0,0,2176.5,7820.14,1.06
M0007622,N,24,0,9147.5,0,0,0,1552.19,6150.8,0.95
M0007623,N,33,2,14216.53,1,2,1,5428.08,17372.8,1.52
M0007624,N,32,1,4861.84,0,0,0,797.48,6048.42,0.69
M0007625,N,60,1,6439.36,1,1,0,976.78,6677.67,1.92
M0007626,N,44,1,7638.79,0,0,2,2060.75,8288.71,1.23
M0007627,N,19,0,6244.46,0,1,0,1639.66,4173.18,0.59
M0007628,N,76,0,29495.49,1,2,0,5662.38,17593.92,0.12
M0007629,N,65,0,11276.93,0,2,0,4911.28,12577.35,2.87
M0007630,N,19,1,14832.02,0,0,0,1840.42,10769.89,0.02
M0007631,N,72,0,8813.67,1,1,1,4016.66,6116.4,1.29
M0007632,N,27,0,8471.65,0,0,0,2905.55,5334.38,0.96
M0007633,N,20,3,18886.94,0,0,0,2005.98,16289.06,3.22
M0007634,N,36,1,7482.23,1,0,0,1002.58,6025.24,1.56
M0007635,N,61,1,7887.52,0,0,2,3655.18,7918.48,1.35
M0007636,N,43,0,8049.3,0,0,2,779.08,11489.87,1.95
M0007637,N,27,3,15901.68,0,0,0,7164.72,12229.09,2.54
M0007638,N,48,0,3537.39,0,0,0,682.55,2517.6,0.6
M0007639,N,22,2,5254.1,0,0,0,1592.09,2634.6,0.55
M0007640,N,78,1,16474.73,0,0,1,3493.31,12984.5,0.92
M0007641,N,67,0,3396.56,0,0,0,3272.01,1756.02,1.0
M0007642,N,42,1,5756.99,0,0,1,1159.32,3723.18,1.3
M0007643,N,80,2,48398.75,0,0,0,2843.67,38246.33,2.54
M0007644,N,41,1,5768.55,0,1,0,4076.45,1645.65,1.95
M0007645,N,30,1,19931.3,0,2,0,12737.51,13089.89,2.03
M0007646,N,45,1,9263.71,0,0,0,1111.73,10487.23,1.71
M0007647,N,49,3,13472.78,0,0,0,8349.91,10902.43,1.82
M0007648,N,38,2,25164.03,0,1,2,12524.11,13001.95,2.46
M0007649,N,63,1,7062.03,0,1,1,2022.93,6834.23,1.08
M0007650,N,60,0,6008.93,0,1,0,3081.17,6348.85,1.34
M0007651,N,63,0,7051.05,1,1,0,4948.76,5270.74,1.18
M0007652,N,27,1,15784.6,1,0,2,4162.17,10499.78,1.51
M0007653,N,39,2,7083.52,1,0,0,2376.29,6318.95,0.9
M0007654,N,52,2,10808.45,0,0,0,2112.13,6781.01,1.42
M0007655,N,57,0,3448.8,0,0,0,1198.7,2926.19,0.0
M0007656,N,50,3,21261.76,0,0,2,11435.96,10925.33,1.68
M0007657,N,76,3,10669.71,0,0,0,2358.55,6844.86,0.66
M0007658,N,31,2,5724.92,0,0,0,2204.75,2617.13,0.28
M0007659,N,30,0,10063.8,0,0,0,2321.69,8598.38,2.4
M0007660,N,71,0,16282.06,0,2,1,4725.36,8907.72,1.22
M0007661,N,79,1,3716.77,0,3,0,1115.35,4101.75,0.0
M0007662,N,67,1,13179.9,2,0,0,2969.43,9843.3,2.26
M0007663,N,37,1,7363.76,0,0,0,3719.25,5188.46,0.79
M0007664,N,66,2,37220.04,1,3,1,9989.05,23229.85,1.93
M0007665,N,64,2,56310.68,0,0,0,10084.82,40834.41,0.93
M0007666,N,23,2,11066.19,0,0,0,1075.33,12604.41,0.52
M0007667,N,60,0,6682.39,0,0,0,1720.24,8887.67,0.0
M0007668,N,39,1,6205.06,0,0,0,5776.15,2427.64,1.16
M0007669,N,27,1,6328.69,1,1,0,1932.36,9506.43,0.8
M0007670,N,58,1,9910.35,0,0,0,3716.91,12978.4,0.61
M0007671,N,48,0,11856.83,0,0,0,1967.22,11559.4,1.19
M0007672,N,75,1,8122.73,0,2,1,1963.95,5065.3,0.54
M0007673,N,52,1,13809.57,1,0,1,4845.01,10773.5,1.17
M0007674,N,37,1,6505.51,0,0,0,1858.41,6350.31,0.21
M0007675,N,34,1,11502.3,1,0,0,3321.5,17388.95,2.0
M0007676,N,76,1,9196.61,0,0,1,2751.91,11499.96,1.78
M0007677,N,29,1,13055.07,1,0,1,5180.43,10182.83,0.95
M0007678,N,66,2,13951.53,0,0,1,5912.25,15634.78,0.57
M0007679,N,52,1,11030.56,0,3,1,691.64,8191.94,0.95
M0007680,N,32,0,6241.88,0,0,0,1624.82,4600.28,0.45
M0007681,N,41,1,10416.43,0,0,0,2326.03,7386.34,0.86
M0007682,N,25,3,8026.91,0,1,0,2729.66,6734.82,0.73
M0007683,N,30,1,12082.06,2,0,2,3039.58,13614.92,1.8
M0007684,N,32,0,22639.24,1,0,0,2114.75,20225.08,0.57
M0007685,Y,60,5,111071.59,3,5,1,38361.45,96677.15,3.93
M0007686,N,54,0,7636.46,0,0,0,4498.34,4578.52,1.28
M0007687,N,32,1,5098.88,0,1,0,3341.02,4509.31,2.67
M0007688,N,34,2,7060.27,0,1,0,1110.99,4431.82,1.75
M0007689,N,65,0,4305.45,0,0,0,431.89,6343.46,0.49
M0007690,Y,40,4,93164.11,2,3,3,42705.82,70624.28,2.0
M0007691,N,67,0,2917.1,0,0,0,1381.4,2798.68,0.81
M0007692,N,58,1,11500.69,0,1,0,4565.06,11351.19,1.42
M0007693,N,21,0,10516.86,1,2,0,2524.89,7179.96,0.98
M0007694,N,33,1,6163.32,0,0,1,1282.99,3620.26,0.07
M0007695,Y,70,5,277064.9,4,4,6,188193.6,89506.12,4.23
M0007696,N,32,1,9961.92,0,0,0,2271.93,11244.92,3.18
M0007697,N,34,3,2819.09,0,2,0,2538.06,2287.18,0.15
M0007698,N,75,0,6119.37,0,2,0,836.04,7804.78,1.52
M0007699,N,45,1,17735.76,0,0,0,3462.35,15444.56,2.76
M0007700,N,59,1,1743.72,0,1,0,703.51,2279.61,1.63
M0007701,Y,62,4,177678.75,3,2,1,50276.17,174512.96,3.0
M0007702,N,73,1,6231.89,0,0,0,1251.02,7020.38,0.57
M0007703,N,73,0,6616.54,0,2,0,2798.34,3066.33,0.97
M0007704,N,45,2,10036.3,1,0,0,2985.95,6169.18,1.53
M0007705,N,20,2,23997.4,0,0,1,16240.28,17489.44,0.78
M0007706,N,24,0,13774.64,0,0,0,1704.5,9734.72,0.78
M0007707,N,19,2,34985.93,1,0,0,14950.18,18555.07,1.07
M0007708,N,65,0,16268.63,0,0,0,4769.23,16021.26,1.2
M0007709,N,57,1,5607.54,0,1,0,2643.3,4596.56,1.57
M0007710,N,58,0,6730.71,1,1,1,1079.03,4949.26,0.8
M0007711,N,77,1,14529.12,2,1,1,2987.4,11481.69,1.91
M0007712,N,47,0,8268.97,0,2,1,4192.95,2347.52,0.0
M0007713,N,74,1,5377.92,0,0,0,1265.9,4674.98,1.37
M0007714,N,21,0,9033.91,0,1,1,2085.26,11789.68,1.12
M0007715,N,24,3,29291.86,0,0,2,10336.15,15622.48,1.87
M0007716,N,55,0,5875.76,0,0,0,1397.74,5972.06,1.16
M0007717,N,70,1,24841.67,0,0,1,16507.68,14267.0,1.61
M0007718,N,22,0,11601.96,0,0,0,5499.38,4541.12,1.15
M0007719,N,36,1,4218.03,0,3,0,4107.57,1949.63,1.12
M0007720,N,56,1,6511.9,0,0,0,4404.54,5432.05,2.72
M0007721,N,53,2,12800.43,1,0,1,6471.78,11511.52,3.16
M0007722,N,64,0,7293.5,0,1,0,4725.63,3088.22,0.89
M0007723,N,74,0,8115.62,1,0,0,7101.49,3707.23,0.24
M0007724,N,79,0,16122.22,0,0,0,963.19,11791.38,2.01
M0007725,N,79,1,22123.46,1,0,1,3147.71,17526.52,1.03
M0007726,N,45,0,7510.27,0,0,0,3375.65,9993.22,2.06
M0007727,N,19,3,41988.85,1,1,3,22412.9,13021.99,4.18
M0007728,N,68,0,7351.19,0,1,0,1124.56,12190.57,1.74
M0007729,N,59,3,4174.71,1,0,0,1234.38,2956.66,0.29
M0007730,N,58,0,9741.66,0,2,0,2949.05,10691.98,0.71
M0007731,Y,55,4,137446.91,3,1,2,73343.35,95760.77,5.35
M0007732,N,27,1,6909.06,0,0,0,580.36,5117.62,0.28
M0007733,N,47,0,2439.11,0,0,0,1419.16,1644.71,0.37
M0007734,N,55,0,24688.87,0,3,1,6022.27,17056.24,3.84
M0007735,N,78,1,6004.8,0,1,0,2277.15,7281.1,2.33
M0007736,Y,53,4,289453.97,6,2,3,141179.73,135870.73,6.19
M0007737,N,45,0,4224.75,1,1,1,3097.91,4475.51,1.33
M0007738,N,71,3,16230.58,0,0,0,7747.5,7687.46,1.65
M0007739,N,70,1,7468.19,0,3,0,1816.65,9053.52,2.05
M0007740,N,32,1,8565.97,0,2,1,1012.13,12059.86,1.15
M0007741,N,35,0,3046.62,0,0,0,1461.21,1865.97,0.0
M0007742,N,75,1,11641.42,0,1,0,2543.32,8674.52,0.63
M0007743,N,39,1,27699.9,0,1,0,11761.32,18002.1,1.31
M0007744,N,22,0,9438.68,0,0,1,7823.52,4241.92,0.77
M0007745,N,30,2,12263.13,0,0,1,3456.75,10387.05,1.36
M0007746,N,60,1,2131.72,0,0,0,541.44,1533.48,1.04
M0007747,N,76,1,36686.27,0,1,2,2394.72,57341.48,2.06
M0007748,N,59,1,5787.76,0,0,0,617.39,5716.32,1.11
M0007749,N,61,1,23623.39,1,2,0,4840.71,14854.21,0.95
M0007750,N,50,2,8648.66,0,0,0,2303.59,13203.19,0.78
M0007751,N,46,2,14705.94,0,1,0,1694.3,13997.63,0.0
M0007752,N,18,1,5889.51,0,1,0,1489.32,8003.46,0.89
M0007753,N,68,0,20932.89,0,1,0,6470.92,10755.55,1.18
M0007754,N,32,0,12558.75,0,3,0,1032.05,13783.48,1.78
M0007755,N,79,0,12262.87,0,0,0,2342.74,10336.19,1.78
M0007756,N,38,2,7088.34,2,0,0,1884.03,10811.35,1.0
M0007757,N,74,0,11312.82,0,4,0,5029.1,4512.03,1.02
M0007758,N,72,0,8373.68,0,1,0,1332.0,5964.32,0.68
M0007759,N,74,0,5241.16,0,0,0,2002.95,5213.0,0.69
M0007760,N,70,0,11479.72,0,0,2,1190.97,8203.24,1.64
M0007761,N,45,3,18624.36,0,2,1,1650.21,19606.19,1.03
M0007762,N,38,1,14766.04,0,1,0,4125.47,15215.44,0.0
M0007763,N,66,2,15848.43,1,3,1,4441.88,10117.02,2.36
M0007764,N,45,3,19787.05,0,0,0,5050.75,11682.35,0.96
M0007765,N,48,2,6939.68,0,1,0,5823.51,1287.02,0.0
M0007766,N,30,1,20670.71,0,0,0,9775.32,14711.62,0.0
M0007767,N,50,1,7046.31,0,2,0,955.7,8462.84,0.73
M0007768,N,58,0,6133.65,0,0,0,3214.23,4066.04,1.82
M0007769,N,75,1,5225.32,0,0,0,1884.59,3961.22,0.21
M0007770,N,78,2,31305.56,0,0,1,3874.01,30916.14,1.9
M0007771,N,23,1,7703.85,0,0,0,1102.68,6843.84,0.97
M0007772,N,74,2,17945.95,1,1,0,2727.69,14466.55,1.52
M0007773,N,36,0,8306.1,0,0,0,3037.28,4556.63,0.99
M0007774,N,56,2,17196.71,1,2,0,1727.57,20433.97,2.32
M0007775,N,31,2,7904.02,0,0,0,5476.79,2279.23,0.0
M0007776,Y,81,6,175352.15,1,3,2,45978.68,116721.83,3.06
M0007777,N,75,1,7421.44,0,0,0,1902.9,4294.27,1.2
M0007778,Y,40,6,142876.19,2,5,4,48915.4,131131.35,5.32
M0007779,N,59,1,25345.99,0,0,0,16883.66,8541.12,1.09
M0007780,N,37,0,14663.99,1,0,1,2070.95,11303.14,2.17
M0007781,N,39,3,10383.96,0,0,0,4166.32,6197.08,1.74
M0007782,N,32,3,14038.52,0,0,0,1946.0,16895.18,1.34
M0007783,N,38,2,10396.59,1,1,0,2383.89,6743.06,1.88
M0007784,N,48,1,8774.52,0,1,1,745.61,8470.42,1.18
M0007785,N,18,0,16959.29,0,0,0,4461.11,12336.95,1.01
M0007786,N,24,0,5235.14,1,1,1,4916.29,2633.09,0.42
M0007787,N,29,0,9277.3,0,1,0,1121.32,6601.59,0.85
M0007788,N,23,0,6062.36,0,0,0,1067.12,5022.63,0.54
M0007789,N,63,0,7886.99,0,0,0,946.29,10081.02,1.18
M0007790,N,38,0,7884.0,1,0,0,676.42,5608.89,0.97
M0007791,N,75,0,24212.85,0,1,1,1413.69,19454.48,0.0
M0007792,N,29,0,9731.26,0,0,0,2537.55,8957.53,0.0
M0007793,N,38,2,4213.16,0,0,0,2126.36,1233.67,1.63
M0007794,N,23,1,6004.78,0,0,0,1521.71,8522.89,0.17
M0007795,N,49,2,17145.37,0,1,1,1127.21,17845.25,1.64
M0007796,N,63,1,2916.23,0,1,0,1847.67,3396.15,0.5
M0007797,N,66,2,36237.97,0,1,0,2574.61,36114.59,2.17
M0007798,N,41,0,27446.97,0,1,1,18288.29,18150.13,1.68
M0007799,N,46,0,3547.93,0,0,0,427.25,4758.69,1.31
M0007800,N,31,3,19013.4,0,0,1,3860.33,11508.99,2.27
M0007801,Y,39,7,507716.96,5,3,4,138511.5,364711.55,5.92
M0007802,N,18,4,18662.84,1,2,0,4048.92,10693.09,0.53
M0007803,N,35,1,9263.43,0,2,0,2236.51,5451.87,1.15
M0007804,N,76,1,10574.76,0,1,0,2655.03,6063.93,1.31
M0007805,N,78,0,6394.62,1,0,0,2375.76,6105.39,0.65
M0007806,N,69,2,4956.39,0,1,0,2112.92,2455.96,0.0
M0007807,N,74,0,2444.71,0,0,0,777.2,3614.38,0.0
M0007808,N,74,0,12086.28,0,0,0,1360.2,10459.22,0.0
M0007809,N,64,1,12926.25,0,1,0,2783.93,8188.46,0.46
M0007810,N,64,1,6512.1,0,0,0,1359.63,4000.74,1.91
M0007811,N,22,4,20436.58,0,1,0,15901.86,5289.49,1.65
M0007812,N,39,1,13690.15,0,0,0,3123.96,10578.05,0.04
M0007813,N,40,2,16650.63,0,1,0,11043.1,5093.78,1.07
M0007814,N,42,2,8482.7,0,2,1,1586.92,7561.18,0.07
M0007815,N,32,3,9399.38,0,1,1,4459.01,3520.64,2.32
M0007816,N,21,2,9851.7,0,2,1,2505.89,7521.59,1.08
M0007817,N,69,1,18374.04,0,0,0,1276.79,16529.81,0.82
M0007818,N,42,2,5082.24,0,0,0,533.4,5225.96,1.31
M0007819,N,20,2,12734.3,0,1,0,5725.0,10628.42,1.94
M0007820,N,42,0,14160.64,0,0,0,1552.42,11777.45,1.24
M0007821,N,64,1,7722.09,0,0,0,3425.65,3492.03,1.0
M0007822,N,21,0,6000.12,0,0,0,1691.56,8824.95,0.29
M0007823,N,28,1,7822.28,0,1,0,3177.01,7396.02,1.84
M0007824,N,43,0,14451.05,0,1,0,2562.84,17439.44,2.17
M0007825,N,57,0,10124.38,0,1,0,2730.64,15676.88,1.15
M0007826,N,33,0,2411.82,0,0,0,677.82,2708.15,0.0
M0007827,N,35,0,7864.62,1,0,1,5495.48,5609.83,0.78
M0007828,N,43,1,9539.87,1,0,0,715.11,15439.17,0.28
M0007829,N,43,1,19200.09,0,1,0,3575.61,14656.32,0.51
M0007830,N,22,0,6105.63,0,0,0,1008.39,4695.59,0.28
M0007831,N,29,1,7719.96,1,0,1,4151.44,6615.65,0.76
M0007832,N,27,1,9514.34,1,1,0,596.04,8180.62,0.0
M0007833,N,48,3,48853.88,1,1,1,4334.98,34809.28,1.62
M0007834,N,42,1,8152.65,1,1,0,1590.53,11631.52,1.71
M0007835,N,78,0,7786.86,0,0,1,909.23,5872.55,0.0
M0007836,N,73,0,6271.16,1,0,0,3141.94,6978.29,0.54
M0007837,N,47,2,30194.61,1,2,0,18227.55,14805.38,1.46
M0007838,N,51,3,29841.7,0,1,0,15717.46,17774.37,2.34
M0007839,N,34,1,6570.46,0,2,0,2737.35,4649.18,0.0
M0007840,N,25,0,12932.11,0,0,1,5489.2,6119.11,0.55
M0007841,N,76,1,6253.04,0,1,0,2441.37,8738.76,1.39
M0007842,N,33,0,5953.46,0,0,0,1272.68,6320.34,1.28
M0007843,N,25,0,5417.36,1,0,1,3860.83,2934.7,1.33
M0007844,N,64,1,5578.23,1,0,0,455.06,7547.52,1.76
M0007845,N,21,1,8190.91,0,1,0,3354.07,6666.61,1.82
M0007846,N,80,0,9750.71,0,1,0,4807.67,8259.65,0.72
M0007847,N,52,2,11105.14,0,1,0,3198.09,6122.5,1.91
M0007848,N,77,0,2243.62,0,1,0,1232.93,1885.07,0.0
M0007849,N,65,1,24910.88,1,2,0,8695.8,15557.65,2.28
M0007850,N,58,1,5357.72,0,1,1,1655.69,7449.5,0.0
M0007851,N,65,1,13694.12,0,1,0,4061.34,7735.22,0.99
M0007852,N,56,0,6247.37,0,1,1,4297.94,4040.39,0.67
M0007853,N,67,2,14819.98,1,1,1,2530.51,14915.68,1.35
M0007854,N,34,1,2640.26,0,1,0,820.64,1943.91,0.87
M0007855,N,29,1,7263.53,1,0,0,841.66,7354.78,0.0
M0007856,N,59,1,14078.76,0,2,0,6677.41,12042.22,0.81
M0007857,N,55,2,3824.44,0,0,0,883.79,3566.25,1.71
M0007858,N,46,2,24471.5,0,1,0,12387.7,7607.14,0.44
M0007859,N,70,2,13931.8,0,0,0,6405.95,11078.24,2.67
M0007860,N,35,1,6328.65,0,1,0,1555.04,9930.19,2.32
M0007861,N,24,3,16269.28,0,2,0,8992.61,5159.37,1.45
M0007862,N,74,2,26318.64,0,2,0,11529.92,9465.45,1.65
M0007863,N,79,1,4186.27,0,0,0,1326.32,2053.31,0.89
M0007864,N,72,4,13381.49,1,0,1,2834.02,8523.42,0.94
M0007865,N,35,1,5174.96,0,1,0,1786.8,4025.28,0.0
M0007866,N,64,1,10641.19,0,1,0,2628.99,7184.94,1.13
M0007867,N,57,1,6240.23,0,0,0,2669.43,6326.89,1.38
M0007868,N,47,2,25174.95,0,2,1,3656.28,26329.16,2.73
M0007869,N,47,2,3937.49,1,1,1,2620.53,3507.09,0.0
M0007870,N,52,0,6984.69,0,0,0,1326.55,6618.2,0.0
M0007871,N,43,0,18075.24,0,0,1,5226.57,9556.89,1.77
M0007872,N,67,2,20952.74,1,1,1,4564.36,15557.83,0.04
M0007873,N,72,1,14839.69,0,1,0,9495.77,12111.82,2.05
M0007874,N,18,3,11305.0,1,0,0,4676.01,7079.06,1.71
M0007875,N,68,1,20985.92,0,0,0,2332.27,15005.28,1.74
M0007876,Y,66,2,160966.38,1,1,1,71832.63,67214.83,4.42
M0007877,N,44,1,8676.52,0,0,0,1542.48,7826.53,0.87
M0007878,N,34,1,11451.76,0,2,0,2304.8,7198.51,0.96
M0007879,N,37,3,9004.7,0,0,1,1260.31,8560.14,0.18
M0007880,N,40,0,4786.53,0,0,0,900.78,5622.08,1.3
M0007881,N,38,0,20539.16,0,0,1,5366.38,11125.9,1.32
M0007882,N,40,0,10581.26,0,0,0,720.28,18181.3,1.4
M0007883,N,77,0,3518.23,1,1,0,1329.36,1621.45,1.35
M0007884,N,63,1,18541.08,1,2,1,4426.03,18175.03,2.33
M0007885,N,36,0,20810.89,0,1,1,5213.1,15261.74,1.06
M0007886,N,71,2,9001.72,0,0,0,5583.66,7185.95,1.28
M0007887,N,24,0,29641.31,0,0,0,3054.65,24365.85,1.52
M0007888,N,64,0,9173.91,0,0,0,3239.3,7577.2,1.96
M0007889,N,64,0,23644.61,0,0,1,5298.34,19457.14,1.73
M0007890,N,41,0,3831.38,0,0,1,1196.45,3355.19,1.1
M0007891,N,65,1,21603.87,0,0,0,2586.85,18560.54,1.67
M0007892,N,23,0,28007.5,1,1,1,6071.67,18155.49,1.62
M0007893,N,25,0,4872.4,1,0,0,1761.88,3826.4,0.21
M0007894,N,22,0,18682.09,0,2,2,7732.54,13807.84,1.27
M0007895,N,52,2,9010.73,0,2,0,1900.56,8620.64,0.34
M0007896,N,41,2,11473.98,0,0,1,1543.84,10982.09,1.55
M0007897,N,79,0,15153.63,1,0,0,6887.84,14046.89,1.75
M0007898,N,23,0,7775.94,0,0,0,1349.68,4753.92,1.03
M0007899,N,80,1,4750.94,0,1,1,1748.66,3083.15,0.0
M0007900,N,77,2,9668.36,0,2,0,1821.63,12800.49,1.75
M0007901,N,77,0,7134.3,1,3,1,1084.34,5372.32,1.33
M0007902,N,60,0,6786.58,0,1,0,3806.53,5338.78,1.49
M0007903,N,80,1,53970.27,0,2,0,6244.91,57290.91,0.77
M0007904,N,27,2,3387.88,0,0,0,681.12,2482.55,0.3
M0007905,N,39,1,34374.54,0,0,0,10690.83,17084.67,0.9
M0007906,N,41,0,14557.36,0,0,1,4194.64,15767.86,1.04
M0007907,N,26,3,5850.49,0,0,0,1367.83,5414.71,1.31
M0007908,N,36,1,7412.6,0,0,0,3747.5,3631.1,0.93
M0007909,N,42,1,13464.22,1,2,1,6054.25,6982.46,2.44
M0007910,N,39,0,24522.7,0,0,1,2827.19,17147.59,1.96
M0007911,N,67,1,8454.04,0,1,0,1860.13,7168.62,0.77
M0007912,N,35,1,6110.05,1,1,0,3254.02,5439.14,1.63
M0007913,N,51,1,3427.22,0,0,0,1501.02,3141.52,2.56
M0007914,N,79,0,8417.08,0,0,0,4821.26,3609.9,0.46
M0007915,N,41,1,9409.26,0,1,0,3421.32,10766.34,2.19
M0007916,N,21,0,8915.09,0,0,0,1272.28,6398.97,0.82
M0007917,N,27,2,9625.24,0,1,0,1754.99,6603.36,1.97
M0007918,N,54,2,23614.2,0,0,0,5923.25,13203.97,1.16
M0007919,N,42,0,13568.15,0,0,0,2938.98,7759.19,1.39
M0007920,N,21,0,2683.1,0,1,0,486.18,3448.39,0.9
M0007921,N,19,1,10519.52,0,1,0,2603.53,6469.97,1.19
M0007922,N,69,2,10028.31,0,0,0,3604.01,9300.94,0.66
M0007923,N,72,0,4832.67,0,0,0,2267.35,3086.18,1.13
M0007924,N,47,2,12940.94,0,1,1,2607.99,8347.94,0.0
M0007925,N,80,1,1569.39,0,0,0,731.77,1951.32,0.44
M0007926,N,37,2,18908.67,1,2,0,6103.31,20288.98,2.82
M0007927,N,60,2,5345.84,0,0,0,1536.31,5003.73,0.0
M0007928,N,18,0,31856.84,0,0,0,3631.08,22087.76,1.39
M0007929,N,60,1,13109.38,0,0,0,3178.84,7239.42,0.72
M0007930,N,53,2,17376.57,0,2,0,5540.02,24088.05,1.77
M0007931,N,58,2,7954.45,1,1,0,2974.29,3640.24,0.28
M0007932,N,20,2,3752.21,0,0,0,1223.3,3604.9,0.79
M0007933,N,75,2,7840.5,0,1,0,3506.94,4247.12,0.74
M0007934,N,23,3,14933.67,0,1,0,6778.42,6697.87,0.73
M0007935,N,66,0,3521.14,0,1,0,1327.27,3564.15,0.74
M0007936,N,32,0,8652.96,0,0,0,2325.64,5042.21,0.39
M0007937,N,63,0,11219.04,0,0,0,1224.98,7880.54,0.37
M0007938,N,42,1,11604.82,0,0,1,1452.55,10553.14,0.37
M0007939,N,29,1,12517.58,0,0,0,8828.82,11558.96,2.86
M0007940,N,55,1,10130.79,0,2,0,3783.86,7235.12,2.02
M0007941,N,51,0,7435.45,0,0,1,2607.42,8943.78,1.36
M0007942,N,45,1,25200.43,0,1,0,3111.41,21504.73,0.7
M0007943,N,23,2,29661.87,0,0,1,21998.91,1686.62,1.14
M0007944,N,38,2,4368.5,0,0,1,2066.47,3136.28,0.74
M0007945,N,46,0,1567.23,0,1,0,311.03,1755.05,1.83
M0007946,N,21,2,19988.57,0,2,0,5272.42,12469.16,0.82
M0007947,N,74,1,13976.7,0,0,1,9521.28,7711.96,2.39
M0007948,N,54,2,4024.3,0,0,1,1369.69,4783.47,0.6
M0007949,N,80,0,30534.78,0,1,0,5354.13,26330.5,1.03
M0007950,Y,59,4,178358.64,4,2,2,81293.68,117144.43,5.51
M0007951,N,20,0,8701.6,0,0,0,958.85,10326.34,0.93
M0007952,N,78,2,9918.97,0,1,0,3125.64,13861.69,1.69
M0007953,N,68,2,12047.35,0,0,0,2759.45,10216.17,0.0
M0007954,N,73,1,5877.29,1,0,1,3339.3,6700.33,0.81
M0007955,N,48,0,13645.78,0,1,0,4180.5,14928.01,1.92
M0007956,N,39,1,3171.47,0,0,0,715.15,3938.39,1.02
M0007957,Y,73,4,159078.36,3,5,2,66553.91,102990.71,5.15
M0007958,N,50,0,3083.98,0,0,0,1340.5,3002.74,1.21
M0007959,N,73,2,16695.49,1,0,0,5597.5,11967.35,0.8
M0007960,N,71,1,9290.36,0,1,0,4193.09,10564.69,1.69
M0007961,N,68,2,14835.3,0,1,1,2125.89,14150.07,0.74
M0007962,N,46,2,13871.76,0,0,0,2422.56,10719.06,1.4
M0007963,N,80,1,13114.83,0,3,0,2292.41,14968.15,2.64
M0007964,N,76,3,8532.81,0,1,0,3206.51,7792.85,1.56
M0007965,N,66,1,29662.55,0,3,0,8861.68,17247.24,2.42
M0007966,N,57,2,23282.48,0,1,0,6635.54,13740.2,2.52
M0007967,N,60,0,3135.03,0,0,0,892.16,1873.51,0.56
M0007968,N,65,1,7567.39,0,0,1,1369.64,7086.24,1.53
M0007969,N,39,0,11466.02,0,0,0,3008.97,7585.78,0.92
M0007970,N,47,0,7699.57,0,1,0,1443.87,4861.22,2.37
M0007971,N,70,1,11106.53,0,0,0,2695.07,8002.01,0.0
M0007972,N,44,0,16212.09,0,1,0,5250.63,8372.28,1.38
M0007973,Y,71,8,186731.29,2,5,3,127977.02,110897.74,7.26
M0007974,N,40,0,5094.89,0,2,0,3052.24,4591.83,0.82
M0007975,N,40,1,4724.63,0,1,0,2013.1,2285.69,0.2
M0007976,N,78,1,11431.23,0,1,0,4038.94,9730.19,1.52
M0007977,N,56,0,15551.61,0,0,1,2897.69,9303.48,1.05
M0007978,N,23,1,1774.73,0,0,0,614.7,2461.8,0.41
M0007979,N,40,0,3850.98,0,0,0,1032.53,4759.55,0.53
M0007980,N,74,1,8856.48,0,1,0,2158.33,9901.53,0.56
M0007981,N,28,1,13511.42,0,0,0,3012.55,19388.14,0.49
M0007982,N,24,0,11873.78,0,0,0,2946.33,12358.16,1.15
M0007983,N,25,1,15378.96,0,1,0,2519.36,14780.52,2.65
M0007984,N,43,1,15031.3,2,0,1,6656.81,5915.44,2.15
M0007985,N,54,1,6876.59,0,0,1,715.24,5610.11,2.21
M0007986,N,38,3,14765.08,0,0,1,6961.52,6010.12,0.8
M0007987,N,19,0,3242.36,0,0,1,1080.26,2162.33,0.8
M0007988,N,30,2,10518.06,0,1,0,7700.01,10955.2,1.84
M0007989,N,25,1,3310.76,0,0,0,676.51,2759.52,1.51
M0007990,N,54,1,8473.85,0,1,0,2337.91,8919.53,1.28
M0007991,N,24,1,11836.44,0,0,1,3617.41,10259.39,3.51
M0007992,N,46,0,7145.31,1,0,1,981.31,6022.88,1.89
M0007993,N,32,0,8539.93,0,0,1,2096.35,12225.47,0.99
M0007994,N,18,2,6382.96,0,0,0,1028.07,6820.83,0.0
M0007995,N,75,0,3484.45,0,1,0,461.23,2967.52,0.25
M0007996,N,21,1,8552.51,0,0,0,1134.21,6135.58,0.94
M0007997,N,61,1,9279.81,0,1,1,3717.87,4594.54,1.66
M0007998,N,61,1,9387.84,0,1,0,1105.18,8930.27,0.8
M0007999,N,20,1,12170.33,0,3,0,2768.1,14094.04,0.07
M0008000,N,21,0,8332.41,1,1,0,6636.2,7761.12,0.12
M0008001,N,71,0,24734.35,1,2,0,9705.98,9690.12,1.45
M0008002,N,31,2,12877.17,0,1,0,2502.73,9811.63,3.07
M0008003,N,23,2,11017.52,0,0,0,3112.44,5558.95,2.19
M0008004,N,19,2,9292.13,0,1,0,3994.74,8676.58,2.13
M0008005,N,68,2,22309.27,0,0,0,3543.61,17386.78,1.96
M0008006,N,63,1,5859.98,0,0,0,645.27,4511.1,1.43
M0008007,N,28,0,11068.85,0,1,0,5684.07,13845.12,3.35
M0008008,N,39,1,4816.21,1,1,1,2545.71,4446.47,0.22
M0008009,N,66,0,8345.41,0,0,0,5282.6,6854.75,1.09
M0008010,N,21,0,6754.63,0,0,0,3288.13,6280.17,1.57
M0008011,N,60,0,6568.84,1,0,0,1815.72,4622.47,0.0
M0008012,N,79,2,18569.39,0,0,0,1620.25,14311.71,0.07
M0008013,N,74,1,12408.27,0,0,1,5421.7,13524.93,1.96
M0008014,N,49,1,6026.68,0,1,0,1052.74,4448.76,0.0
M0008015,N,46,1,3805.41,0,1,0,569.04,4592.06,0.21
M0008016,N,20,1,13636.42,0,1,0,3880.84,15319.17,2.74
M0008017,N,71,1,3567.55,0,0,0,2126.73,1553.45,1.0
M0008018,N,63,1,12555.11,0,0,0,5455.99,4641.5,0.78
M0008019,N,67,2,20839.0,1,2,0,6193.15,22673.68,2.14
M0008020,N,67,0,10355.1,0,0,0,1830.97,12385.73,0.93
M0008021,N,66,2,11138.52,0,2,0,3941.48,7873.76,2.03
M0008022,N,68,1,9863.4,1,1,2,3414.75,6980.41,0.43
M0008023,N,22,0,6595.99,1,1,0,1544.44,4246.06,1.07
M0008024,N,35,1,12688.97,0,1,2,1311.44,9365.64,1.16
M0008025,N,61,2,23908.38,0,1,0,3870.65,17846.45,1.04
M0008026,N,31,0,3795.79,0,0,0,333.69,5670.46,0.2
M0008027,N,29,0,8438.81,0,2,0,4312.1,9566.08,3.44
M0008028,N,74,2,10676.42,0,2,0,1492.84,7536.82,0.08
M0008029,N,51,3,34156.28,1,1,0,5055.39,28917.3,1.9
M0008030,N,49,2,13605.84,0,0,0,6422.96,14075.16,0.36
M0008031,N,37,1,7106.2,0,1,0,2911.06,8303.79,0.82
M0008032,N,21,1,23438.81,0,0,0,4132.17,18991.95,0.3
M0008033,N,44,0,3463.63,0,0,1,1117.55,4534.29,1.32
M0008034,N,62,1,6287.25,1,1,0,3795.2,4876.93,0.79
M0008035,N,79,1,5944.94,0,0,0,3178.49,2396.5,1.36
M0008036,N,75,2,16242.63,0,0,0,3971.45,9219.64,0.91
M0008037,N,30,2,4568.25,0,0,0,1050.36,4932.43,0.21
M0008038,N,62,1,2707.26,0,2,0,1029.34,2734.7,0.51
M0008039,N,52,0,11500.79,0,0,0,3983.09,10584.67,1.22
M0008040,N,52,0,22107.68,0,0,0,4621.6,15940.58,0.85
M0008041,N,77,1,18015.92,0,2,1,4884.36,11119.51,1.53
M0008042,N,70,0,8577.29,0,1,0,2502.94,11834.53,1.3
M0008043,N,25,0,9517.87,0,0,0,1873.42,9173.63,0.85
M0008044,N,22,1,33572.45,0,1,1,5309.16,25677.28,1.99
M0008045,N,23,0,1826.58,0,0,1,1046.9,1757.18,0.14
M0008046,N,76,1,16700.83,0,0,0,1412.83,11683.45,0.27
M0008047,N,46,1,7054.51,0,0,1,1077.95,5047.88,1.9
M0008048,Y,37,6,163339.11,3,2,2,46249.9,101002.27,3.58
M0008049,N,56,1,17997.51,0,1,2,5419.03,9283.07,0.69
M0008050,N,42,1,3346.11,0,0,0,565.5,2574.11,1.26
M0008051,N,71,0,8095.05,0,1,0,1429.49,10768.46,0.28
M0008052,N,80,1,15278.0,0,0,0,2345.98,16710.18,0.32
M0008053,N,23,2,10369.63,0,1,0,1715.49,8826.83,0.94
M0008054,N,19,0,10088.14,0,1,0,1625.95,14898.35,0.61
M0008055,N,24,1,7348.57,1,1,0,2010.12,6323.14,0.41
M0008056,N,26,1,17770.21,1,1,1,3703.97,18028.32,1.28
M0008057,N,41,2,9208.1,0,1,0,4477.72,8787.02,0.75
M0008058,N,79,2,9842.08,1,1,0,803.99,10642.84,1.2
M0008059,N,19,1,19018.44,0,1,1,1118.19,14131.31,1.99
M0008060,N,54,0,2964.16,1,0,1,2341.06,1798.12,0.0
M0008061,N,38,0,22635.07,0,0,0,938.59,18414.3,0.74
M0008062,N,18,4,24046.51,1,1,0,3310.6,20498.59,2.2
M0008063,N,19,1,5350.02,1,1,0,2677.07,5270.67,1.85
M0008064,N,41,1,23976.74,0,1,0,1850.44,19274.2,1.89
M0008065,N,72,1,17090.28,0,0,0,7070.03,6414.49,0.43
M0008066,N,57,2,13037.65,0,3,0,3175.05,13359.78,2.44
M0008067,N,47,0,22663.03,0,0,0,4469.94,13721.83,0.86
M0008068,N,34,0,7563.29,0,0,0,1138.72,11772.02,0.73
M0008069,N,42,0,11237.79,0,0,0,1761.24,8937.81,2.54
M0008070,Y,69,5,161164.19,3,2,4,56775.43,131066.69,3.7
M0008071,N,33,1,9925.89,0,0,0,6646.5,8464.86,0.73
M0008072,N,27,1,8220.09,0,1,0,3420.63,5093.07,1.01
M0008073,N,76,1,21732.22,1,0,0,9415.8,14493.31,2.08
M0008074,N,18,0,19489.93,0,1,1,1966.64,22903.7,2.09
M0008075,N,24,1,19306.63,0,0,0,3042.75,16051.3,0.0
M0008076,N,79,1,5175.37,0,1,0,1585.05,4160.4,0.64
M0008077,N,46,1,3745.69,0,1,1,1436.45,3514.46,0.25
M0008078,N,79,1,2405.24,0,0,0,1237.93,1622.66,0.67
M0008079,N,61,2,13783.16,1,0,0,7286.97,10127.34,1.63
M0008080,N,21,1,14960.37,0,0,0,3455.99,14523.68,2.01
M0008081,N,78,1,22520.66,0,0,0,4149.49,14346.56,0.0
M0008082,N,69,3,16162.47,0,0,0,8085.27,11618.24,1.94
M0008083,N,41,2,11315.8,0,0,0,1112.3,13036.7,1.23
M0008084,N,26,2,11149.36,0,1,1,5046.25,13010.95,1.63
M0008085,Y,67,6,188057.01,2,6,3,128818.87,93154.09,3.8
M0008086,N,48,0,23795.9,0,0,1,2792.94,28583.47,1.32
M0008087,N,58,2,24858.64,0,2,1,10181.63,10557.03,0.2
M0008088,N,80,0,6866.91,0,2,0,3388.27,8267.0,1.24
M0008089,N,46,0,7738.29,0,1,0,637.26,5471.88,0.17
M0008090,N,21,2,14223.16,1,3,1,5173.5,6223.8,2.17
M0008091,N,75,2,16771.09,1,2,0,1947.76,13015.58,0.6
M0008092,N,41,1,59568.51,0,1,0,10771.16,38012.88,1.2
M0008093,N,65,1,15777.19,1,1,0,3468.37,10798.82,1.27
M0008094,N,54,0,14375.92,1,0,0,4254.32,11901.14,1.47
M0008095,Y,77,4,199951.0,2,6,5,68539.75,174206.04,3.97
M0008096,N,64,0,10447.01,1,1,0,2314.32,6936.16,1.0
M0008097,Y,44,3,120704.38,4,1,4,72111.94,71563.99,4.95
M0008098,N,22,2,12284.79,0,0,0,2982.77,9798.81,0.78
M0008099,N,62,2,18149.06,0,1,0,1918.93,20171.32,1.5
M0008100,N,77,0,3283.94,0,0,0,643.51,2257.64,0.0
M0008101,N,59,0,2312.63,0,2,0,1043.13,1373.42,0.28
M0008102,N,56,0,10789.22,0,0,0,1278.44,8479.37,0.5
M0008103,N,22,1,12232.69,1,1,3,9988.22,6404.65,0.0
M0008104,N,49,2,6583.29,1,0,0,2943.82,2268.31,0.3
M0008105,N,76,0,4518.4,0,0,0,1368.48,6068.23,0.0
M0008106,N,23,1,12622.06,0,0,1,1649.1,9557.07,1.49
M0008107,Y,50,4,231293.67,1,3,3,77763.5,156900.39,5.04
M0008108,N,53,0,20270.74,2,1,0,6875.65,11167.42,1.16
M0008109,N,66,2,7566.98,1,1,0,5187.9,5205.13,1.33
M0008110,N,47,1,5544.02,0,1,0,5697.73,4220.76,0.0
M0008111,N,65,0,2882.82,0,0,2,411.54,4052.51,0.0
M0008112,N,25,1,10586.79,0,0,1,4448.99,9953.87,2.1
M0008113,N,48,1,8853.97,0,1,0,2678.58,5495.83,0.61
M0008114,N,56,3,15786.25,0,2,1,3655.9,17222.74,1.96
M0008115,N,44,0,4087.17,0,1,0,3128.89,3744.28,0.33
M0008116,N,75,0,6220.17,0,0,1,1175.79,6488.41,0.94
M0008117,N,65,0,3672.04,0,0,1,1200.15,4523.61,0.0
M0008118,N,63,1,11379.34,0,0,0,1232.15,9529.83,0.0
M0008119,N,54,0,10224.64,1,0,2,1489.3,8314.0,1.57
M0008120,N,61,2,12112.93,0,0,0,3091.2,16004.01,1.35
M0008121,N,77,0,7946.72,0,0,0,5747.28,6098.96,1.7
M0008122,N,30,2,17332.39,0,0,0,1495.14,15750.75,0.0
M0008123,N,41,0,5187.76,0,0,1,2938.96,3447.28,0.0
M0008124,N,66,1,4787.66,0,0,0,1936.52,2556.55,1.32
M0008125,N,67,1,6681.66,0,1,0,1452.45,6016.86,1.39
M0008126,N,25,0,1984.21,0,0,0,345.48,2243.4,1.23
M0008127,N,74,0,4955.26,0,0,0,1158.03,5424.33,0.51
M0008128,N,66,1,8214.96,0,1,0,1895.79,4861.92,0.0
M0008129,N,18,0,3555.31,0,0,0,982.77,3288.32,0.02
M0008130,N,41,2,12188.83,0,2,0,5466.29,6416.62,1.79
M0008131,N,79,0,18576.76,0,1,2,3940.06,13382.34,2.07
M0008132,N,73,1,10867.89,0,0,0,2212.08,6371.14,0.78
M0008133,N,23,1,11127.84,1,1,0,935.87,8778.71,1.28
M0008134,N,20,0,12640.32,1,0,0,2903.19,11972.85,0.03
M0008135,N,29,0,7299.99,0,1,0,2264.62,8844.64,2.05
M0008136,N,40,0,2065.65,0,0,0,1158.97,1971.46,0.27
M0008137,N,50,0,5096.61,2,0,1,574.77,3667.08,1.03
M0008138,N,54,2,9959.95,0,3,0,3875.66,7756.33,1.69
M0008139,N,39,1,14817.22,1,0,0,1250.15,14594.43,0.74
M0008140,N,32,2,4630.06,0,1,0,3371.98,2488.14,0.0
M0008141,N,77,3,13903.56,0,1,0,6414.15,8760.41,2.61
M0008142,N,37,0,4472.5,1,1,0,2287.47,5773.76,0.33
M0008143,N,78,0,22856.61,1,0,0,3712.99,18483.67,0.41
M0008144,N,30,2,56394.6,1,3,0,20199.52,24314.67,2.11
M0008145,N,67,0,5539.09,0,0,0,1061.55,4781.15,0.37
M0008146,N,55,1,2843.08,0,0,0,820.54,1718.45,0.0
M0008147,N,47,2,19440.14,1,0,0,7268.02,9328.89,2.05
M0008148,N,24,0,4432.89,0,0,0,1020.99,5174.27,0.75
M0008149,N,68,1,6447.84,0,1,0,3469.1,6458.04,1.35
M0008150,Y,74,4,182138.49,4,5,6,73147.01,173527.67,7.61
M0008151,N,30,2,7886.03,0,0,0,2116.63,7691.41,1.48
M0008152,N,38,0,4638.3,0,1,0,1340.87,4604.46,1.88
M0008153,N,39,1,6026.06,1,1,1,3279.95,7000.06,1.41
M0008154,N,39,2,10681.12,1,0,0,2980.27,6554.06,1.29
M0008155,N,50,2,8664.92,0,0,0,2740.06,10573.05,0.84
M0008156,N,73,2,13056.66,0,1,1,5113.02,6333.98,1.28
M0008157,N,26,3,32717.48,2,2,0,1929.53,31703.33,2.39
M0008158,N,51,0,16425.28,0,0,0,8412.79,18238.11,0.79
M0008159,N,54,0,4554.06,0,0,0,1639.65,5430.94,0.0
M0008160,N,79,2,17610.06,0,2,0,14624.25,9623.05,1.21
M0008161,N,56,0,21772.05,0,1,0,5846.6,13370.34,1.34
M0008162,N,67,0,23398.35,0,0,0,15372.84,8262.32,0.22
M0008163,N,38,0,3462.01,0,2,1,434.84,3498.8,0.0
M0008164,N,80,1,2794.64,0,1,0,1006.93,3274.12,1.51
M0008165,N,77,1,10083.59,0,0,1,4842.48,10717.32,2.12
M0008166,N,43,2,8971.36,1,1,0,531.32,6843.25,0.5
M0008167,N,51,0,9535.34,0,1,0,2911.98,6973.79,2.8
M0008168,N,77,3,5432.47,1,1,0,1020.43,5733.73,1.71
M0008169,N,79,1,4999.83,0,0,0,799.53,3979.82,0.49
M0008170,N,56,1,21006.9,0,1,1,7089.98,12741.13,0.56
M0008171,N,37,1,16963.51,0,0,1,1636.86,13958.85,1.65
M0008172,N,51,1,53990.2,0,2,0,27824.18,17298.67,1.61
M0008173,N,46,0,10989.37,0,0,0,1775.3,7457.99,0.0
M0008174,N,61,0,21154.79,0,0,0,8998.42,13358.81,0.0
M0008175,N,43,1,8854.9,0,0,0,2308.26,6444.18,0.73
M0008176,N,77,0,5661.21,0,0,1,379.78,6972.2,0.07
M0008177,N,28,0,7681.86,0,1,1,1908.76,7046.9,0.28
M0008178,N,59,1,12344.34,0,0,0,4797.8,17227.51,1.45
M0008179,N,77,3,7283.11,0,1,0,1280.75,5802.83,0.73
M0008180,N,29,1,1563.87,1,0,0,268.78,2446.46,0.71
M0008181,N,66,1,26646.14,0,0,0,3648.27,27740.18,0.61
M0008182,N,55,2,6436.16,0,1,0,1633.58,8535.66,1.88
M0008183,N,24,0,6761.52,0,3,0,2181.22,5323.72,1.14
M0008184,N,71,2,8327.31,0,1,0,3344.16,3491.72,0.0
M0008185,N,34,1,30839.08,1,0,0,3567.85,20634.17,2.5
M0008186,N,33,4,31441.78,0,2,1,14824.58,11785.56,3.32
M0008187,N,58,1,5158.14,0,0,0,4985.79,3619.35,0.0
M0008188,Y,79,4,418925.36,6,7,5,74553.09,314480.99,10.0
M0008189,N,25,0,15539.04,0,0,1,3223.86,22484.92,0.63
M0008190,N,77,0,10293.49,0,2,0,3065.95,5431.31,0.0
M0008191,N,71,0,8762.01,1,0,0,3540.68,5578.82,0.75
M0008192,N,38,0,8740.58,0,0,0,4546.18,7842.18,2.94
M0008193,N,25,3,20438.14,0,0,0,6348.72,16370.79,0.24
M0008194,N,36,0,5090.87,0,1,1,2283.51,2923.46,2.13
M0008195,N,76,2,42878.32,0,0,0,3017.24,42445.42,1.76
M0008196,Y,54,4,156778.55,2,3,4,44972.05,157542.48,3.72
M0008197,N,31,0,7330.79,1,0,0,2297.67,3773.81,0.98
M0008198,N,31,3,22298.56,1,2,0,8718.93,20724.98,1.1
M0008199,N,22,2,3234.81,0,0,0,669.13,4302.63,0.0
M0008200,N,64,1,11346.52,0,0,0,1058.91,9835.1,0.0
M0008201,N,57,1,32978.63,0,2,0,4438.18,29925.01,2.65
M0008202,N,67,2,11386.02,0,1,0,4341.65,14612.17,1.53
M0008203,N,37,0,3511.45,0,0,0,1767.36,4115.68,0.64
M0008204,N,46,1,7989.19,0,2,0,1397.16,10504.79,0.55
M0008205,N,41,1,21592.95,0,1,1,7689.56,18737.06,1.78
M0008206,N,29,1,8930.63,0,0,0,2563.88,6493.97,0.85
M0008207,N,38,0,4852.1,0,0,0,1752.44,6683.75,0.15
M0008208,N,73,2,7831.64,0,0,0,1214.51,8695.15,1.29
M0008209,N,54,2,48922.88,1,0,1,18268.69,22203.02,1.45
M0008210,N,46,1,2390.96,0,1,0,1806.14,1523.87,0.0
M0008211,N,18,2,22303.14,0,2,1,14507.69,16369.93,2.4
M0008212,N,35,1,12724.36,0,3,0,7988.58,5422.1,2.52
M0008213,N,57,0,13455.79,0,0,2,15291.37,2416.44,0.83
M0008214,N,29,2,22039.78,1,2,0,1690.78,24954.62,1.85
M0008215,N,74,0,6263.56,2,0,0,887.86,7177.72,0.39
M0008216,N,56,0,24842.37,0,0,0,2595.03,21808.22,3.67
M0008217,N,58,0,7687.78,0,1,0,2786.39,5819.14,0.87
M0008218,N,67,1,9476.04,0,0,2,2849.11,4564.48,0.11
M0008219,N,77,1,10005.85,0,0,0,6003.32,6824.45,0.79
M0008220,N,46,0,4545.62,0,0,0,1733.55,6445.77,0.54
M0008221,N,74,0,11172.01,0,0,0,3369.9,11264.32,0.91
M0008222,N,59,1,17194.73,1,1,1,4359.47,10816.51,1.44
M0008223,N,28,0,17508.08,0,0,1,4977.19,14799.08,1.93
M0008224,N,50,2,17853.75,0,1,0,3968.54,14642.77,0.0
M0008225,N,31,0,20882.19,0,1,0,2389.01,14626.57,0.5
M0008226,N,31,1,7302.57,1,2,0,2880.82,8665.29,1.64
M0008227,N,27,1,9599.01,0,0,0,1089.3,8800.23,1.82
M0008228,N,19,0,9240.66,1,2,0,3114.57,8996.2,1.83
M0008229,N,44,0,12120.85,0,0,1,5835.47,10857.9,0.4
M0008230,N,48,0,6852.84,0,1,0,2223.46,7149.27,0.0
M0008231,N,28,1,18043.74,0,0,0,4216.51,13241.85,0.0
M0008232,N,43,0,5832.82,0,0,1,1925.92,4121.72,0.0
M0008233,N,32,2,7040.87,1,1,1,1179.13,5537.49,1.69
M0008234,N,39,3,66512.84,0,3,0,47806.19,18436.84,2.58
M0008235,N,73,2,2826.43,0,1,0,788.56,2519.73,1.19
M0008236,N,18,2,1694.78,0,1,0,1565.95,1480.65,1.96
M0008237,N,37,1,8564.16,1,2,0,1708.03,5779.85,1.69
M0008238,N,27,0,24624.87,0,0,0,3689.15,21810.29,1.46
M0008239,N,47,2,20309.87,1,0,0,6486.51,15797.39,1.85
M0008240,N,29,1,5360.93,0,0,0,763.01,7709.72,1.08
M0008241,N,65,0,4090.61,0,0,0,1110.11,5261.31,0.4
M0008242,N,20,2,18184.55,0,2,1,2509.78,14687.33,2.1
M0008243,N,24,0,6989.46,1,0,0,1258.78,5619.81,0.0
M0008244,N,18,3,16845.8,0,3,0,9977.2,19390.88,2.14
M0008245,N,64,0,17930.79,0,0,0,1017.57,13463.13,0.55
M0008246,N,36,1,11887.37,0,2,0,6211.7,6447.27,0.68
M0008247,N,20,2,5599.42,1,0,0,2049.69,4944.17,0.0
M0008248,N,28,2,6483.41,0,0,0,1941.71,4364.79,1.07
M0008249,N,54,0,6350.58,0,1,1,3142.17,5294.24,1.38
M0008250,Y,59,6,127658.78,1,2,4,45151.23,84304.15,2.29
M0008251,N,62,1,48191.81,1,2,1,5573.9,44900.77,1.36
M0008252,N,74,1,14404.52,1,0,0,1361.78,19502.23,0.0
M0008253,Y,54,7,308260.73,3,3,2,121303.93,135599.55,2.95
M0008254,N,18,0,12804.71,0,2,0,3456.98,17907.21,1.59
M0008255,N,28,2,21799.83,1,0,1,2061.65,35126.19,1.94
M0008256,N,53,1,10888.63,0,0,1,823.09,11137.83,0.21
M0008257,N,62,2,4649.18,0,0,0,383.62,5483.3,1.95
M0008258,N,63,1,7829.33,0,2,1,5872.83,7151.23,0.05
M0008259,N,59,0,8673.2,0,0,0,2206.03,6722.01,2.36
M0008260,N,64,0,3797.71,0,1,0,1844.23,2703.48,0.0
M0008261,N,52,1,11240.12,0,0,1,2545.22,6814.17,0.51
M0008262,N,23,2,17433.49,0,2,0,3536.27,14655.17,2.13
M0008263,N,20,3,10485.83,1,1,0,840.37,8038.55,0.0
M0008264,N,80,1,16414.2,1,0,0,8006.53,7996.93,0.4
M0008265,N,19,1,9932.3,0,1,0,4863.95,8374.11,1.02
M0008266,N,24,2,19135.62,0,1,0,5690.37,14509.76,0.65
M0008267,N,39,2,12195.56,0,1,0,4112.91,6245.97,0.74
M0008268,N,52,1,7361.08,0,0,0,2628.86,5253.06,1.17
M0008269,N,45,0,21055.36,0,2,0,5310.6,16042.75,1.68
M0008270,N,37,0,20146.23,0,1,0,5536.24,16231.78,1.41
M0008271,N,67,0,10810.89,0,0,0,3078.39,7660.85,0.21
M0008272,N,66,1,4945.51,0,0,0,2564.66,1777.51,0.58
M0008273,N,28,1,9826.51,1,0,1,4523.23,10540.69,1.71
M0008274,N,37,1,4636.18,0,0,0,765.98,6556.3,0.8
M0008275,N,57,1,16006.43,1,0,0,17496.51,9969.51,2.69
M0008276,N,63,2,27620.96,0,0,1,3545.22,43497.9,0.49
M0008277,N,44,0,4961.82,0,0,0,3395.09,5007.43,1.32
M0008278,N,20,0,25691.19,0,1,0,2257.93,20490.52,2.41
M0008279,N,48,0,12690.75,0,0,0,5030.99,9673.92,0.48
M0008280,N,48,0,3834.24,0,0,0,2220.67,4483.83,2.29
M0008281,N,24,2,32628.74,0,2,1,6430.2,20890.5,2.8
M0008282,N,29,1,10190.02,1,1,1,2303.23,7406.97,1.06
M0008283,N,42,0,5777.83,0,0,1,1759.97,5757.62,0.0
M0008284,N,19,1,3982.01,0,0,0,269.62,2846.97,0.43
M0008285,N,79,0,10771.3,0,1,0,665.46,9161.81,0.0
M0008286,N,52,2,7859.81,1,1,0,2027.33,5494.61,1.11
M0008287,Y,80,3,165755.91,3,4,3,89325.01,90400.83,4.43
M0008288,N,29,1,3457.45,0,1,0,1593.18,3138.56,1.01
M0008289,N,70,2,17808.49,1,1,0,3780.35,13123.62,2.41
M0008290,N,60,0,5633.28,0,0,0,511.95,5819.25,2.07
M0008291,N,61,1,3489.96,0,1,0,2120.57,757.18,0.39
M0008292,N,67,1,10995.42,0,0,0,658.13,8100.14,0.59
M0008293,N,76,2,10205.23,1,0,0,6211.89,8538.81,1.9
M0008294,N,66,1,4408.63,0,0,0,2028.34,4200.15,0.13
M0008295,N,75,0,8713.89,1,1,0,1242.63,8553.54,0.72
M0008296,N,54,0,4009.56,1,1,0,2750.03,2391.86,0.44
M0008297,N,27,1,5243.48,0,0,0,947.1,3983.59,0.09
M0008298,N,69,1,8117.27,0,0,0,2875.36,5482.06,0.0
M0008299,N,31,0,16664.19,0,0,0,1596.89,12796.49,1.4
M0008300,N,77,1,2804.46,0,0,1,855.23,3155.01,1.85
M0008301,N,61,0,6183.05,0,1,0,1588.31,4230.69,0.0
M0008302,N,54,1,4625.35,0,1,0,1045.69,3356.43,0.41
M0008303,N,28,1,9734.4,0,0,0,2423.51,7392.89,0.72
M0008304,N,64,0,5623.54,0,1,1,587.08,3880.83,1.9
M0008305,N,44,0,31922.33,1,0,1,5016.28,20497.26,0.4
M0008306,N,39,2,4693.67,0,1,0,1445.1,4315.57,0.6
M0008307,N,24,0,20807.82,0,0,0,7650.0,9488.76,0.4
M0008308,N,47,0,8427.07,0,0,0,1740.79,5416.23,0.0
M0008309,N,62,0,5287.86,0,0,0,850.63,7540.05,2.52
M0008310,N,57,0,15411.39,0,0,0,5714.06,10426.39,0.95
M0008311,N,74,2,8010.3,0,2,1,2694.48,4440.49,2.32
M0008312,N,24,3,12911.02,1,2,0,3859.06,7838.91,0.0
M0008313,N,28,2,7281.26,0,1,0,1818.21,7015.04,1.75
M0008314,N,21,3,6274.28,0,0,0,4261.48,2483.85,1.07
M0008315,N,27,1,7090.8,0,0,1,1112.21,7745.21,2.04
M0008316,N,27,2,12291.61,0,0,0,4577.6,12285.6,0.0
M0008317,N,53,0,7677.73,0,0,0,737.45,8714.7,0.99
M0008318,N,38,0,16433.26,0,2,0,2641.91,14187.93,1.15
M0008319,N,26,1,17140.52,0,0,0,7810.55,12084.36,1.26
M0008320,N,61,1,14502.64,0,2,0,2840.57,9025.85,2.34
M0008321,N,35,1,2995.16,1,1,0,1312.61,3658.94,0.0
M0008322,N,74,1,5774.28,1,0,0,1816.91,3191.45,0.0
M0008323,N,31,0,6294.7,0,0,0,1437.89,3722.19,0.0
M0008324,N,23,1,10985.01,1,2,0,1170.81,9810.36,2.21
M0008325,N,65,0,6371.42,1,0,0,5656.05,3892.91,1.36
M0008326,N,21,1,20034.39,1,0,0,3049.82,18890.33,1.46
M0008327,N,34,0,6613.11,0,0,0,1391.54,6577.4,0.91
M0008328,N,52,1,8981.92,0,0,1,1908.6,7296.24,0.97
M0008329,N,50,1,25699.44,0,1,0,6478.8,14072.07,1.67
M0008330,N,42,2,15611.83,0,2,0,1495.88,18423.98,1.14
M0008331,N,39,1,11674.05,0,1,0,7279.71,12486.58,0.8
M0008332,N,43,1,7675.41,2,0,0,862.37,6396.18,1.06
M0008333,N,20,0,24472.25,1,0,2,32507.46,7866.4,1.27
M0008334,N,45,0,14227.18,0,1,0,1283.66,11035.34,0.83
M0008335,N,35,0,6825.96,1,1,1,1351.17,5188.29,2.71
M0008336,N,69,3,13296.66,0,2,1,3207.15,9170.58,3.44
M0008337,N,44,1,8028.25,0,0,0,6045.21,5330.31,2.25
M0008338,N,43,1,4574.85,0,0,0,1098.22,5674.09,1.6
M0008339,N,49,1,10604.01,1,2,3,6535.14,11456.27,0.82
M0008340,N,37,1,13425.59,0,1,0,1991.0,15274.29,2.44
M0008341,N,72,0,8979.39,0,0,0,1480.89,7588.18,0.0
M0008342,N,50,1,12585.15,0,0,1,2912.27,10826.55,0.44
M0008343,N,53,1,8245.11,0,0,0,1924.66,11296.23,0.0
M0008344,N,46,1,10656.51,0,0,0,4079.93,8509.77,1.05
M0008345,N,23,0,3412.12,0,0,0,2893.37,2627.88,0.0
M0008346,N,25,1,6080.38,0,1,0,1888.55,2929.0,0.95
M0008347,Y,52,6,144646.9,2,3,1,51549.48,89603.59,3.54
M0008348,N,37,1,7087.98,2,2,0,3027.63,6098.02,0.21
M0008349,N,72,0,6223.38,0,0,0,2165.13,4931.97,0.56
M0008350,N,19,0,17790.48,0,2,0,6067.84,14628.2,0.88
M0008351,N,39,3,26939.59,0,1,0,11824.3,12993.71,1.36
M0008352,N,38,0,12960.29,1,0,0,3112.21,10984.02,1.81
M0008353,N,70,1,13464.09,0,0,0,5372.61,7210.06,0.63
M0008354,N,62,1,5522.34,0,0,0,2632.84,3994.69,0.1
M0008355,N,77,1,18891.77,0,1,1,6464.97,9843.9,0.0
M0008356,N,74,0,42066.19,0,2,0,7820.92,27042.76,0.63
M0008357,N,39,0,7845.12,1,0,0,1356.8,8603.4,0.65
M0008358,Y,50,4,293862.33,2,4,7,134235.09,172198.61,4.84
M0008359,Y,44,5,106831.5,1,2,2,62473.89,73898.36,4.78
M0008360,N,65,0,3835.25,0,1,0,1193.01,3935.04,1.66
M0008361,N,78,1,25711.85,0,1,1,4398.72,16175.33,1.69
M0008362,N,60,0,12702.51,0,0,0,1410.89,9509.3,0.28
M0008363,N,67,0,5869.58,0,2,0,1589.41,2996.68,0.95
M0008364,N,27,2,10565.5,0,0,0,3133.64,13081.55,1.23
M0008365,N,66,3,10699.22,0,0,0,649.05,10361.89,0.44
M0008366,N,79,0,5164.36,0,0,0,2281.87,3948.0,0.06
M0008367,N,69,2,17605.0,1,3,0,9422.55,8422.3,0.63
M0008368,N,67,2,11903.85,0,0,0,3413.58,8934.18,0.0
M0008369,N,49,0,25475.31,1,0,1,3562.0,21384.24,2.01
M0008370,N,50,2,11901.33,1,0,0,5287.93,9660.57,0.0
M0008371,N,75,2,12516.49,0,0,0,1741.66,12769.5,0.67
M0008372,N,20,2,15374.86,1,2,2,2093.58,17238.27,2.54
M0008373,N,37,0,9605.36,0,0,1,1830.61,6541.71,1.65
M0008374,N,44,0,17129.63,0,1,0,2725.27,16177.99,0.35
M0008375,N,21,0,3097.74,0,0,1,2157.35,2348.45,0.64
M0008376,N,63,1,5222.9,0,0,0,2310.2,3877.04,1.04
M0008377,N,32,1,14584.79,1,2,1,5223.61,9596.24,1.84
M0008378,N,25,0,13296.36,0,0,0,3780.32,11529.08,0.0
M0008379,N,68,3,6902.35,0,1,2,5252.64,5070.03,1.62
M0008380,N,69,1,9287.22,0,0,0,3827.07,4452.71,1.6
M0008381,N,77,0,11498.03,0,2,1,3627.14,6755.84,0.0
M0008382,N,23,1,10369.76,0,0,0,2808.61,5944.08,0.04
M0008383,N,44,1,13724.22,0,0,0,1697.58,12814.19,1.66
M0008384,N,27,2,7824.35,0,0,1,908.15,7021.11,0.0
M0008385,N,22,1,21070.17,0,1,0,8210.02,12611.58,2.21
M0008386,N,65,1,10103.34,0,0,0,3342.92,9254.47,1.0
M0008387,N,28,1,20924.92,0,1,0,4228.18,18259.61,0.74
M0008388,N,43,1,11666.75,0,0,0,1320.97,8382.96,0.41
M0008389,N,34,1,23955.67,0,0,2,2179.04,17347.87,0.97
M0008390,Y,69,5,447002.14,3,4,8,290309.22,167473.47,7.65
M0008391,N,61,2,6349.87,0,0,1,1279.25,4408.91,0.3
M0008392,N,49,2,27628.1,0,1,0,5225.4,21162.33,1.97
M0008393,N,39,0,6589.5,0,0,0,2696.89,9213.57,0.6
M0008394,N,38,1,4823.49,0,1,0,1992.02,2724.58,0.0
M0008395,N,64,0,5648.55,0,1,0,3385.78,4062.01,0.0
M0008396,N,69,1,11468.97,1,0,0,4083.11,6258.04,0.0
M0008397,N,36,0,8347.11,0,0,0,1324.37,8310.99,0.45
M0008398,N,77,2,15171.05,0,0,0,1771.09,11004.96,0.0
M0008399,N,34,0,7959.66,0,0,0,1815.23,8114.33,0.15
M0008400,N,58,1,2590.88,0,0,0,1561.56,1243.06,0.0
M0008401,N,30,3,10360.74,0,2,0,2246.19,11711.23,2.09
M0008402,N,80,0,9770.27,0,0,0,1338.86,7136.13,2.08
M0008403,Y,54,3,268119.77,3,4,5,106018.45,132360.77,2.91
M0008404,N,24,1,13124.15,0,0,0,3553.2,10714.64,1.87
M0008405,N,51,0,13357.55,0,2,0,5712.83,5045.96,1.73
M0008406,N,24,0,25048.86,0,2,1,3367.22,38556.17,0.95
M0008407,N,22,0,14177.91,1,0,1,1681.35,10303.31,0.73
M0008408,N,62,2,5342.88,0,1,0,2570.62,1755.46,2.16
M0008409,N,36,3,12388.53,0,3,0,9523.16,11746.05,1.59
M0008410,N,56,0,7078.38,0,1,0,3387.48,4380.34,0.67
M0008411,N,20,0,3448.29,0,0,0,1808.12,3381.43,0.0
M0008412,N,53,0,5573.15,1,0,0,5147.66,2743.57,1.55
M0008413,N,44,0,10551.0,0,0,0,2457.07,8919.34,0.52
M0008414,N,35,3,16207.97,1,1,0,5270.31,8067.79,1.02
M0008415,N,44,1,41205.65,0,3,0,7295.68,28989.55,1.71
M0008416,N,67,4,16354.59,0,2,0,4931.43,13402.04,2.38
M0008417,N,30,0,25823.85,1,0,1,8660.17,12372.49,0.83
M0008418,N,75,1,12776.85,0,1,0,5553.5,8956.51,0.0
M0008419,N,53,1,12736.73,1,1,2,2760.52,9683.59,2.25
M0008420,N,56,2,8422.09,0,1,0,1466.37,6083.81,0.91
M0008421,N,55,1,8555.55,0,1,0,1984.38,8221.28,1.19
M0008422,N,66,0,2293.46,1,0,0,693.21,1301.67,0.62
M0008423,N,55,0,3187.13,0,1,0,958.1,2085.91,0.0
M0008424,N,23,2,10359.74,0,2,2,4899.01,6983.74,2.61
M0008425,N,50,1,25882.22,0,0,1,1424.38,20058.46,0.7
M0008426,N,80,2,16269.33,0,0,0,3253.92,17233.38,1.04
M0008427,N,26,2,22293.29,0,1,0,4750.87,17765.55,1.27
M0008428,N,55,2,18884.72,0,1,0,13279.5,4826.82,0.41
M0008429,N,63,1,9763.73,0,0,1,2316.45,12334.05,2.26
M0008430,N,21,0,7440.58,0,0,2,3814.86,7251.42,1.78
M0008431,N,22,0,7265.54,0,1,0,1572.03,9357.18,0.0
M0008432,N,52,1,15878.78,0,0,0,3619.15,12390.9,2.79
M0008433,N,36,1,17893.73,1,0,2,1288.84,14133.8,2.6
M0008434,N,50,2,11860.63,0,1,0,2509.25,12972.7,0.31
M0008435,N,75,1,19132.4,0,0,0,8849.58,9880.23,0.3
M0008436,N,76,4,63406.7,1,2,0,4784.1,49231.32,3.26
M0008437,N,53,1,5199.58,0,1,0,3144.16,2603.42,1.7
M0008438,N,25,0,6731.54,0,0,0,4007.33,4096.21,0.29
M0008439,N,24,1,24669.2,0,0,1,11536.05,8934.99,2.59
M0008440,N,22,2,8207.58,0,1,0,2180.2,5225.77,0.13
M0008441,N,55,1,21030.8,0,0,0,8981.44,12331.17,1.24
M0008442,N,19,0,17182.67,0,1,2,1057.67,14761.16,0.79
M0008443,N,41,0,5780.24,0,0,0,737.44,4486.61,0.83
M0008444,N,68,0,6520.96,2,0,0,2782.01,4338.4,0.23
M0008445,N,79,2,43265.29,0,1,0,2296.62,34509.84,2.07
M0008446,N,38,0,4011.2,0,0,0,3057.54,3491.55,1.79
M0008447,N,41,0,7991.46,0,1,0,1626.72,5692.16,1.05
M0008448,N,26,0,11768.49,0,0,0,873.27,13521.57,1.61
M0008449,N,19,1,38629.21,0,3,0,4643.84,26201.95,0.58
M0008450,N,38,3,20299.72,1,1,0,7876.68,25640.12,1.49
M0008451,N,69,1,10810.52,0,1,0,4236.99,14153.39,1.01
M0008452,N,56,1,89394.07,0,2,2,6274.34,83871.84,0.24
M0008453,N,78,0,6901.57,0,1,0,1856.8,6744.68,1.07
M0008454,N,63,2,7787.05,0,0,0,2966.97,8118.17,0.22
M0008455,N,79,0,9055.69,1,0,0,5250.26,3040.15,2.38
M0008456,N,28,1,15109.36,0,3,0,2861.49,10490.72,1.06
M0008457,N,70,1,6350.48,0,0,0,3759.88,5374.8,1.51
M0008458,N,47,1,30593.37,1,0,0,8750.8,30287.16,2.28
M0008459,N,18,0,4913.35,0,1,0,762.19,4831.27,0.0
M0008460,N,76,1,6457.72,0,1,0,2957.57,3222.54,0.51
M0008461,N,71,1,12963.43,0,0,0,2853.22,10409.45,1.37
M0008462,N,24,1,15943.5,0,3,0,2666.14,11086.57,0.07
M0008463,N,74,0,16108.44,0,0,0,10398.2,6773.76,0.72
M0008464,N,40,2,32392.99,0,2,0,1459.98,24832.33,1.27
M0008465,N,57,0,4583.97,1,0,0,893.1,3832.84,0.03
M0008466,N,44,0,7581.09,1,0,0,1412.68,5774.31,1.29
M0008467,N,52,3,18174.49,0,0,0,1053.11,13586.73,1.16
M0008468,N,72,2,14686.46,0,2,1,3306.98,8379.21,0.2
M0008469,N,65,1,4722.46,0,0,0,669.36,4082.35,1.25
M0008470,N,24,1,19880.69,1,0,0,5619.06,15523.82,0.6
M0008471,N,46,0,7673.13,0,1,0,709.27,6215.42,0.0
M0008472,N,68,1,15483.05,0,3,1,3285.63,13422.32,1.62
M0008473,N,59,0,13514.63,1,0,1,2862.33,7914.24,0.0
M0008474,N,19,1,8739.19,1,1,2,5977.86,5460.75,0.62
M0008475,N,65,1,5593.07,1,2,0,3577.98,4659.31,2.68
M0008476,N,47,0,3164.43,0,1,1,1919.17,2966.57,2.43
M0008477,N,78,2,10260.0,0,0,0,1690.91,6748.95,1.43
M0008478,N,39,3,24769.88,0,0,0,26614.76,9706.53,1.78
M0008479,N,75,1,10589.64,0,0,0,3962.92,14097.69,1.01
M0008480,N,65,0,5807.0,0,2,0,3793.83,3376.38,0.29
M0008481,N,49,2,9743.46,0,1,0,4090.6,4767.39,0.64
M0008482,N,52,0,8538.76,0,2,0,1894.35,11972.46,0.05
M0008483,N,69,0,2738.0,1,0,0,1303.67,1861.36,0.9
M0008484,N,77,2,7909.54,0,0,1,3127.53,8742.73,0.02
M0008485,N,66,1,16970.84,1,0,0,3462.94,15893.19,0.0
M0008486,N,67,2,12605.57,0,1,0,3631.9,6409.0,1.13
M0008487,N,41,2,8037.35,0,0,0,2307.49,7094.82,0.0
M0008488,N,55,2,9784.79,0,0,0,7807.83,7934.92,0.38
M0008489,N,62,1,3626.1,0,0,0,2782.81,2583.68,1.13
M0008490,N,80,1,20413.15,1,1,0,10299.62,10871.86,1.82
M0008491,N,49,0,2339.2,1,0,0,1271.64,1275.4,0.92
M0008492,N,79,1,2496.41,0,2,0,1274.63,1843.16,0.09
M0008493,N,24,1,8584.69,0,0,2,2085.92,4950.11,0.77
M0008494,N,48,0,5040.33,0,0,0,1561.05,4374.36,0.35
M0008495,N,43,1,15623.55,0,1,1,956.15,11806.81,1.07
M0008496,N,44,1,11538.29,0,1,0,4708.89,10430.98,1.19
M0008497,N,45,2,35471.43,0,1,0,10369.68,24995.19,1.47
M0008498,N,35,1,19901.04,0,0,1,5660.38,22609.66,1.14
M0008499,N,25,1,10115.38,0,0,0,998.47,6942.49,1.57
M0008500,N,34,3,39796.04,1,0,0,9515.82,33697.69,1.44
M0008501,N,26,0,13073.18,0,1,1,2040.89,13956.27,0.81
M0008502,N,44,2,13103.27,0,1,1,7790.4,11585.78,1.93
M0008503,N,50,1,15370.11,1,0,2,9629.12,6571.43,1.26
M0008504,N,60,1,16877.14,0,2,0,8249.8,13475.89,2.46
M0008505,N,54,1,6928.07,0,1,0,372.42,5974.31,1.15
M0008506,N,40,0,5917.25,1,2,0,3110.17,5935.3,2.06
M0008507,N,76,1,17868.14,0,0,1,3428.34,13147.53,1.32
M0008508,N,72,2,3399.24,0,0,0,1948.85,1141.7,2.24
M0008509,N,56,1,23560.69,0,0,0,1424.3,20621.95,0.65
M0008510,N,39,1,13725.06,0,0,0,2628.05,10460.37,1.02
M0008511,N,42,1,9752.47,0,0,0,1051.14,12167.78,0.8
M0008512,N,51,1,21147.05,0,0,1,3012.41,18213.05,0.83
M0008513,N,62,1,11526.27,0,1,1,3262.09,7510.47,2.73
M0008514,N,49,0,6564.29,0,1,0,2900.21,2752.01,1.07
M0008515,N,33,0,6126.7,0,0,0,6236.43,4173.21,0.75
M0008516,N,63,0,13184.7,0,0,0,1396.38,9176.24,3.39
M0008517,N,60,2,21635.58,1,0,2,2531.6,36734.46,0.58
M0008518,N,19,0,6458.86,0,2,0,2624.91,4453.71,0.0
M0008519,N,72,0,42262.4,0,0,0,3429.97,44926.67,0.75
M0008520,N,59,0,17266.09,1,0,0,9201.86,20929.37,1.84
M0008521,N,51,0,5706.72,0,0,1,263.79,5157.03,1.42
M0008522,N,79,0,4024.09,1,2,0,2344.64,3004.89,0.47
M0008523,N,33,1,12324.7,0,0,0,2302.99,16804.78,1.72
M0008524,N,77,1,10389.8,1,2,0,2643.4,6862.52,2.96
M0008525,N,71,0,14691.62,0,1,0,4636.08,9474.61,1.06
M0008526,N,27,0,30685.1,0,2,0,11669.63,13522.87,1.18
M0008527,N,40,4,42449.65,0,0,3,14141.24,45593.66,0.68
M0008528,N,39,2,11779.48,0,1,1,3371.06,8148.71,0.0
M0008529,N,49,3,17526.13,0,2,2,7263.74,11571.77,1.93
M0008530,N,79,0,4258.09,0,0,0,1915.74,1814.7,0.61
M0008531,N,66,2,22538.2,0,2,0,9711.65,10561.3,3.03
M0008532,N,54,0,11905.65,0,0,0,2426.89,9841.24,1.62
M0008533,N,72,4,2758.32,0,0,1,1801.29,2812.1,0.28
M0008534,N,30,0,14701.14,0,0,0,5034.79,8415.99,1.47
M0008535,Y,39,7,381120.14,4,6,7,135047.84,227923.88,6.13
M0008536,N,62,1,3473.51,0,0,0,1206.54,3529.75,0.47
M0008537,N,43,2,14171.41,0,1,0,6198.44,14921.08,1.39
M0008538,N,18,2,11411.81,0,1,1,3024.28,9637.74,3.62
M0008539,N,20,2,20909.15,0,2,0,1711.27,15716.83,0.27
M0008540,N,62,2,7581.44,0,0,0,5926.4,5735.21,0.12
M0008541,N,52,1,12185.03,0,0,0,6532.86,5020.85,1.24
M0008542,N,33,1,12297.5,0,1,1,2149.34,8962.47,0.36
M0008543,N,25,0,7004.14,1,3,0,2448.76,6016.08,2.37
M0008544,N,21,2,39672.36,0,2,0,1610.27,32108.3,1.55
M0008545,N,64,1,6461.34,0,0,0,5172.44,2649.99,0.24
M0008546,N,19,0,13722.75,0,0,1,2557.89,17005.75,1.93
M0008547,N,27,1,9302.79,0,1,1,2768.32,12179.77,2.43
M0008548,N,21,0,9869.97,0,0,0,3423.06,12115.62,0.0
M0008549,N,71,2,6270.88,0,0,0,1919.3,7391.84,0.0
M0008550,N,69,1,36514.64,0,1,0,6036.66,33059.28,1.6
M0008551,N,46,0,12878.79,1,0,0,3307.75,9177.82,0.55
M0008552,N,21,0,3727.15,0,0,0,1168.57,3055.31,0.26
M0008553,N,77,0,16888.55,0,1,0,4667.84,12974.89,1.25
M0008554,N,28,0,3805.85,0,0,0,1102.25,4586.29,1.22
M0008555,N,30,0,14221.92,0,0,0,5894.52,10676.11,0.13
M0008556,N,61,1,33906.67,0,0,0,2061.17,32567.21,1.25
M0008557,N,77,0,18682.0,0,1,0,4319.78,12244.37,2.26
M0008558,N,47,1,2536.59,0,0,0,596.64,2302.99,0.98
M0008559,N,76,2,3396.18,0,0,0,3917.35,1997.74,0.54
M0008560,N,23,1,6482.84,0,0,0,2055.69,3468.7,0.43
M0008561,N,63,2,45542.13,0,1,1,12014.2,28774.75,1.41
M0008562,N,25,2,13304.35,0,0,0,4079.46,17171.93,2.15
M0008563,N,52,1,6537.64,0,0,0,1591.47,5107.95,1.44
M0008564,N,24,1,15101.59,0,0,1,2607.2,9687.65,0.66
M0008565,N,48,3,56988.49,1,1,0,6054.18,46881.23,2.35
M0008566,N,76,1,12386.74,1,0,1,6708.53,6439.99,1.6
M0008567,N,66,1,8619.87,0,1,0,2277.81,7834.91,1.1
M0008568,N,46,3,10675.81,0,2,0,2413.47,12249.44,1.43
M0008569,N,41,0,9306.62,0,1,1,2190.8,11247.75,1.37
M0008570,N,24,0,10572.42,0,2,0,8067.64,7746.32,2.12
M0008571,N,45,0,4559.11,0,0,0,1674.89,4076.92,0.05
M0008572,N,28,0,8297.98,1,0,1,5744.84,6361.08,1.0
M0008573,N,70,2,17010.68,0,2,0,2510.89,12180.75,0.86
M0008574,N,39,1,26906.17,0,3,1,12028.61,12547.67,1.33
M0008575,N,66,0,5201.11,0,1,0,1196.47,4975.04,0.25
M0008576,N,55,1,17901.29,0,0,0,4580.46,21211.11,1.82
M0008577,N,48,0,17911.1,1,0,1,9961.2,16512.42,2.68
M0008578,N,32,1,6262.18,1,0,1,2073.79,9140.38,1.05
M0008579,N,67,3,12947.37,0,0,0,5281.34,7329.84,1.18
M0008580,N,25,2,9578.63,0,1,0,8376.46,2631.58,1.3
M0008581,N,39,0,3963.72,0,0,0,2969.66,2900.47,0.3
M0008582,N,20,0,4600.55,0,2,0,572.39,3212.84,0.75
M0008583,N,29,0,22310.54,0,1,0,1615.45,19551.72,2.75
M0008584,N,63,0,10717.44,0,0,0,5007.65,10537.96,1.74
M0008585,N,45,0,6040.23,0,1,0,762.29,3981.05,0.59
M0008586,N,36,2,33511.47,1,0,1,3651.4,40700.75,3.13
M0008587,N,58,0,8372.99,2,0,0,2680.56,7281.71,0.0
M0008588,N,30,0,14874.71,0,0,0,1989.42,15506.57,1.83
M0008589,N,30,0,5329.58,0,1,1,1003.38,3730.03,0.48
M0008590,N,53,0,6022.76,0,1,1,1776.19,3063.59,0.3
M0008591,N,37,0,15663.82,0,1,0,2270.97,13328.99,0.96
M0008592,N,71,1,2526.82,0,0,0,2661.97,1847.48,0.32
M0008593,N,47,0,3173.71,1,0,0,1818.5,2022.39,0.0
M0008594,N,56,0,4305.79,0,1,0,4353.75,2167.72,0.81
M0008595,N,54,0,10687.12,0,1,0,2299.01,6889.38,1.25
M0008596,N,26,1,3363.35,1,0,0,775.82,2288.03,1.24
M0008597,N,60,0,4957.59,0,0,2,1570.46,5488.35,0.0
M0008598,N,41,1,2841.51,1,0,0,975.35,3323.3,0.69
M0008599,N,60,0,9906.25,0,0,0,1402.67,7862.98,1.84
M0008600,N,48,0,14972.89,0,2,1,2154.84,15405.83,2.63
M0008601,N,62,1,14980.19,1,0,0,5778.11,13436.54,0.94
M0008602,N,69,1,7937.23,0,3,0,1702.6,6256.39,0.83
M0008603,N,41,0,9561.34,0,1,1,4390.12,3407.21,1.34
M0008604,N,32,0,17509.76,0,0,1,12740.11,4682.49,1.46
M0008605,N,35,1,8686.42,0,1,0,5642.45,7655.57,1.61
M0008606,N,74,0,11511.11,0,0,0,2865.31,6281.34,1.93
M0008607,N,53,1,34074.88,0,1,2,4928.87,22011.69,1.29
M0008608,N,66,2,9881.34,0,2,0,1518.49,7061.59,0.12
M0008609,N,27,0,8060.1,0,0,0,842.26,6248.01,0.59
M0008610,N,77,1,35415.03,0,1,0,2777.08,30810.32,0.87
M0008611,N,75,0,15690.22,0,0,0,3557.02,9424.83,1.19
M0008612,N,43,0,4530.76,0,0,0,1105.31,2988.38,0.1
M0008613,N,22,2,19499.6,1,2,1,4303.72,13415.56,2.07
M0008614,N,21,1,5368.36,0,0,0,2926.43,2612.36,0.65
M0008615,N,51,3,16503.77,1,2,0,3621.98,14117.02,3.41
M0008616,N,26,0,43072.18,0,1,0,3155.17,30897.8,1.33
M0008617,N,49,1,7398.09,0,0,0,1264.83,6387.71,1.39
M0008618,N,80,2,25335.49,0,1,0,2130.29,20347.75,0.91
M0008619,N,68,0,8141.99,0,0,1,869.02,6927.54,0.0
M0008620,N,26,3,15444.4,0,0,1,1075.06,14411.54,0.0
M0008621,N,48,2,11237.8,1,0,0,4142.44,5997.32,1.25
M0008622,N,66,2,9704.86,0,0,0,10774.9,5958.54,1.82
M0008623,N,61,1,12682.83,0,1,0,2699.24,11781.23,0.34
M0008624,N,53,1,27658.67,0,0,0,9992.76,11716.2,0.04
M0008625,N,73,1,27517.27,0,0,0,17346.36,10891.5,0.0
M0008626,N,67,0,5454.9,0,0,1,807.47,3938.14,0.0
M0008627,N,73,1,7471.17,1,1,0,2479.67,8529.76,1.03
M0008628,N,41,1,6350.04,0,0,0,1067.0,8322.0,1.7
M0008629,N,25,2,3980.91,0,0,1,4014.59,1989.99,1.02
M0008630,N,50,1,7794.4,0,0,0,2564.44,7197.65,0.66
M0008631,N,62,2,31892.74,0,2,0,2444.48,23579.96,0.79
M0008632,N,53,0,20433.59,0,0,1,3861.31,30054.81,1.06
M0008633,N,37,1,5743.09,0,1,1,1623.25,6507.8,2.18
M0008634,N,58,1,16336.17,1,1,0,3302.21,13600.2,0.0
M0008635,Y,82,5,131934.19,5,1,1,45267.55,69123.38,3.38
M0008636,Y,41,3,334359.8,3,2,1,148593.05,181658.05,3.26
M0008637,N,61,2,7074.37,0,2,0,5076.32,7541.59,1.79
M0008638,N,23,2,38361.64,1,2,2,7267.68,34016.46,2.59
M0008639,N,73,1,5418.65,0,1,0,850.28,4816.05,0.0
M0008640,N,30,1,15171.38,0,0,1,5548.73,14422.98,0.97
M0008641,N,80,0,7404.82,0,0,0,1633.43,10699.68,0.0
M0008642,N,21,2,15366.64,1,0,0,2418.54,12342.72,1.98
M0008643,N,53,1,25598.01,1,2,0,3955.79,27877.72,1.46
M0008644,N,73,2,4258.83,0,1,1,807.08,6252.16,1.27
M0008645,N,72,0,7833.51,0,0,1,1807.85,7113.03,1.05
M0008646,N,45,1,11464.0,0,1,0,4122.43,6006.36,0.89
M0008647,N,68,0,7506.47,0,0,0,2707.27,5471.36,1.09
M0008648,N,69,1,11366.05,0,1,0,8345.07,11087.32,0.86
M0008649,N,24,0,6645.49,0,0,0,2100.0,3452.84,0.0
M0008650,N,54,0,3574.4,2,0,0,951.07,2452.69,0.54
M0008651,N,22,0,7737.62,0,1,1,3942.46,2189.02,0.0
M0008652,N,31,1,12632.35,0,0,1,5042.21,6794.62,1.72
M0008653,N,46,0,20825.61,0,0,0,3065.31,13376.76,1.33
M0008654,N,52,1,11958.6,0,1,1,650.43,16173.14,1.3
M0008655,Y,62,4,149463.13,4,5,5,40359.33,133949.46,6.3
M0008656,N,55,2,3553.37,0,1,0,1385.83,4419.04,1.04
M0008657,N,24,1,4818.73,1,0,2,1834.78,4644.41,1.72
M0008658,N,61,1,13314.65,0,1,0,3237.59,8811.49,0.54
M0008659,N,78,2,28940.37,0,2,0,6144.96,22078.17,2.02
M0008660,N,56,0,5901.16,0,0,0,3257.87,3375.48,0.62
M0008661,N,73,0,2697.15,0,0,0,1207.57,3407.12,1.05
M0008662,N,21,1,3379.74,0,0,0,1594.58,2227.3,0.44
M0008663,N,39,0,6281.04,1,0,0,1930.72,6510.29,0.42
M0008664,N,80,1,2279.81,0,1,0,1335.31,1124.93,1.88
M0008665,N,32,0,14215.39,0,0,0,5366.24,11798.63,2.81
M0008666,N,21,1,10385.59,0,1,0,5718.32,4356.1,1.48
M0008667,N,46,0,11000.14,1,0,1,1886.17,7933.57,0.0
M0008668,N,29,2,18010.11,0,0,1,3693.95,15171.76,0.71
M0008669,N,66,2,7799.39,0,0,0,1614.61,9214.49,0.67
M0008670,Y,73,6,144499.31,1,2,2,55701.89,125094.13,4.0
M0008671,N,38,0,9653.14,0,0,0,5922.25,11458.28,2.05
M0008672,N,63,2,11158.4,2,0,0,10189.17,5588.89,1.37
M0008673,Y,38,7,156852.29,4,3,4,65762.08,105356.08,3.8
M0008674,N,57,0,13801.58,0,1,0,5211.97,10485.19,0.56
M0008675,N,20,0,2917.92,0,1,0,1779.17,1645.7,0.78
M0008676,N,42,1,26755.95,0,0,0,2451.79,20562.41,0.0
M0008677,N,57,1,9702.51,0,0,0,2395.03,7727.63,1.1
M0008678,N,51,0,5726.88,0,0,0,983.45,5263.48,1.24
M0008679,N,30,0,9320.59,0,0,0,2683.53,6123.24,0.43
M0008680,N,37,2,2608.16,0,1,1,1185.96,2473.05,0.94
M0008681,N,79,0,2659.5,0,0,0,1229.97,1482.25,1.67
M0008682,N,47,0,2544.59,0,0,0,1013.75,3034.65,1.42
M0008683,N,70,1,15937.41,0,0,0,994.58,12061.9,2.2
M0008684,N,53,1,6274.61,0,0,1,2099.16,3600.54,2.02
M0008685,N,79,2,21363.79,0,0,0,11862.67,5701.25,0.42
M0008686,N,49,2,19298.61,2,2,0,2283.24,20352.06,2.49
M0008687,N,25,0,8257.48,0,0,0,2171.76,5150.3,1.0
M0008688,N,66,0,26470.57,0,1,1,9928.19,19401.91,2.49
M0008689,N,18,1,18566.03,1,0,0,3372.39,11150.61,0.62
M0008690,N,69,0,4789.8,0,0,0,1681.73,3684.98,0.0
M0008691,N,43,1,7525.38,0,0,0,3454.2,4611.41,1.09
M0008692,N,54,0,22966.23,0,0,0,3350.23,14721.22,0.81
M0008693,N,67,2,11800.83,0,0,2,3481.54,13346.3,2.0
M0008694,N,25,0,7902.61,0,0,0,2136.7,4064.66,0.71
M0008695,N,34,0,9466.75,0,0,0,4166.98,5323.12,0.6
M0008696,N,60,1,11950.68,0,0,0,4243.12,13526.21,0.29
M0008697,N,34,0,19557.84,2,1,0,5429.83,13028.71,2.16
M0008698,N,24,1,42439.62,1,2,0,10589.48,23738.71,1.68
M0008699,N,78,0,32755.61,0,1,0,1102.78,30318.03,2.02
M0008700,N,57,0,10353.35,0,0,0,490.35,7996.73,1.27
M0008701,N,53,0,10871.77,1,0,0,1722.6,7749.47,1.52
M0008702,N,25,1,13239.29,0,0,1,2648.97,9322.54,1.24
M0008703,N,46,0,1383.86,1,2,0,726.93,1571.41,0.45
M0008704,N,24,3,22364.07,1,1,1,5852.01,14198.7,0.86
M0008705,N,18,1,12633.33,1,0,0,4165.72,15808.69,0.11
M0008706,N,75,0,8506.53,0,0,1,1648.58,10386.92,1.07
M0008707,N,72,0,10896.14,0,1,0,1762.48,14437.88,1.71
M0008708,N,66,0,2920.05,0,0,0,1173.28,2321.3,0.96
M0008709,N,63,0,30182.46,0,2,1,6063.35,19452.09,2.38
M0008710,Y,73,4,108019.87,4,3,2,55821.58,86894.64,4.84
M0008711,N,25,1,11680.63,0,2,0,3307.67,7496.88,1.48
M0008712,N,43,2,4802.51,0,0,0,2694.81,4309.15,0.67
M0008713,N,45,0,5503.54,0,1,0,2001.48,5022.67,0.83
M0008714,N,54,0,9568.91,0,0,0,4462.83,5487.21,0.18
M0008715,N,18,0,29994.08,0,0,0,11253.87,17962.43,2.14
M0008716,Y,61,6,264128.35,2,4,4,144227.92,149492.24,5.54
M0008717,N,44,1,14469.35,0,0,0,1418.0,12625.67,0.0
M0008718,N,30,1,5255.47,0,0,1,1166.63,4232.84,1.58
M0008719,N,42,2,6297.8,0,1,0,1036.28,5558.79,0.92
M0008720,N,32,2,3317.65,0,1,0,3575.89,2313.84,1.72
M0008721,N,25,2,25759.73,0,1,0,8692.88,14609.09,2.05
M0008722,N,27,0,31259.93,0,0,0,2273.08,27746.74,1.82
M0008723,N,26,0,11995.96,0,0,0,4268.69,7399.21,1.34
M0008724,N,19,2,8911.08,0,1,0,4558.25,4399.16,0.79
M0008725,N,62,0,4088.58,0,1,0,4055.18,2968.65,1.2
M0008726,N,19,0,4696.63,1,0,0,3169.31,2128.47,1.75
M0008727,Y,76,4,237352.88,2,6,3,85309.93,224215.23,4.43
M0008728,N,35,1,11601.67,0,0,0,7716.87,6930.85,1.26
M0008729,N,62,1,6979.4,0,2,3,2863.01,6821.28,0.31
M0008730,N,67,1,17434.02,1,2,0,7886.09,15737.87,0.0
M0008731,N,66,0,14915.7,1,0,0,2578.28,13003.72,1.09
M0008732,N,62,1,4298.86,1,0,0,1300.07,3011.31,0.76
M0008733,N,34,2,26378.15,1,3,1,14882.5,11957.63,1.06
M0008734,N,39,1,11267.2,0,0,0,3235.22,13751.49,0.43
M0008735,N,77,0,4257.89,1,0,0,1727.56,2532.47,1.01
M0008736,N,61,3,7938.99,1,0,0,2104.13,6445.54,1.43
M0008737,N,69,0,3596.65,0,1,0,1427.31,2365.63,2.59
M0008738,N,18,3,6328.61,0,0,0,5284.19,3407.1,0.22
M0008739,N,59,1,23008.83,0,1,2,10082.41,16905.21,4.11
M0008740,N,18,0,5084.76,1,0,0,3076.02,1610.77,0.0
M0008741,N,37,2,24873.12,0,1,0,8507.07,12657.64,1.74
M0008742,N,67,0,4787.23,0,0,0,665.29,3374.83,0.0
M0008743,N,71,0,13583.85,0,0,1,5069.75,12952.39,0.58
M0008744,N,55,1,20290.22,0,2,0,1642.35,20085.03,1.66
M0008745,N,25,0,5367.48,0,1,1,433.53,4843.74,0.32
M0008746,N,58,2,9052.79,0,0,0,2591.08,9287.07,1.19
M0008747,N,34,1,9262.61,0,1,0,2830.03,10413.44,0.83
M0008748,N,50,0,9660.13,1,3,2,7385.88,4101.46,1.39
M0008749,N,27,1,26678.44,0,1,0,3575.85,19574.01,1.75
M0008750,N,42,0,16391.38,0,0,1,3626.67,10142.93,0.03
M0008751,N,41,2,17245.99,1,1,1,3582.6,10871.69,2.1
M0008752,N,58,1,4949.37,0,0,1,1569.66,2299.31,0.88
M0008753,N,72,1,17766.54,1,0,2,1557.21,13311.96,1.05
M0008754,N,66,3,20976.95,1,1,0,6145.56,18399.07,1.61
M0008755,N,29,1,3917.26,1,0,0,1199.1,2155.2,0.0
M0008756,N,20,1,7690.04,0,0,0,3190.55,4038.23,0.7
M0008757,N,25,2,9465.27,1,0,0,1576.11,7609.32,0.0
M0008758,N,21,0,7683.77,0,0,0,1363.3,7313.63,0.66
M0008759,N,22,1,3448.53,0,0,0,368.89,3579.97,0.0
M0008760,N,39,1,9851.17,0,1,0,7364.99,6769.1,2.07
M0008761,N,30,0,10566.39,0,0,0,1137.47,10880.39,0.86
M0008762,N,42,1,16550.4,0,0,0,4679.02,23405.46,2.16
M0008763,N,47,0,21431.38,0,0,1,9469.04,12283.9,1.53
M0008764,N,18,1,6626.27,0,0,0,3736.59,6590.27,0.03
M0008765,N,57,0,11290.22,1,2,1,2480.01,12998.28,0.52
M0008766,N,31,0,17755.12,2,0,0,9522.39,11874.41,2.28
M0008767,N,64,2,16006.38,0,1,0,9031.26,8075.55,1.99
M0008768,N,35,0,12996.18,1,1,0,2611.86,10195.35,0.49
M0008769,N,63,0,5008.08,0,1,0,2993.43,5082.54,0.0
M0008770,N,35,2,6704.46,0,0,0,1745.82,3555.74,1.15
M0008771,N,29,3,7938.01,0,1,0,6787.28,2295.69,1.63
M0008772,N,59,1,18103.93,0,1,0,2521.67,13022.99,1.01
M0008773,N,43,0,11850.96,0,0,0,3452.4,8555.17,1.49
M0008774,N,19,1,8635.11,0,0,0,3404.05,6444.78,2.12
M0008775,N,73,0,3427.6,0,0,0,495.71,3246.26,0.35
M0008776,N,42,1,24953.96,0,0,0,4647.03,22068.83,0.87
M0008777,Y,65,3,179852.87,1,4,5,50841.09,153985.26,4.25
M0008778,N,57,0,7492.28,0,1,0,6249.39,3371.37,0.89
M0008779,N,32,0,2921.9,0,0,0,742.71,2112.17,1.32
M0008780,N,64,2,7421.02,0,2,0,2416.34,3746.16,0.0
M0008781,N,54,2,16824.14,1,0,0,8368.02,13447.05,2.51
M0008782,N,28,1,6385.22,0,1,0,5019.29,6021.05,1.66
M0008783,N,33,0,4392.51,0,2,1,2456.46,3933.49,0.0
M0008784,N,36,2,12290.19,0,2,0,4744.78,10451.12,1.82
M0008785,N,75,0,6622.71,0,0,0,4857.78,2661.44,0.7
M0008786,N,49,1,16296.26,2,0,1,1119.63,14848.87,0.81
M0008787,N,42,0,11320.88,0,0,1,2628.31,6309.72,0.9
M0008788,N,37,1,23886.14,0,0,0,1980.16,32620.82,1.52
M0008789,N,74,1,2768.52,0,0,0,1311.21,2757.7,0.25
M0008790,N,43,2,15471.71,1,1,1,3138.05,12613.44,0.54
M0008791,N,41,0,6611.93,0,1,0,1985.73,8105.27,0.0
M0008792,N,43,1,18796.66,1,0,0,7761.13,25707.04,2.09
M0008793,N,21,0,2824.19,0,0,0,837.43,3117.87,0.57
M0008794,N,68,2,60891.12,1,1,2,28432.14,26789.96,3.09
M0008795,N,56,0,25017.94,0,2,0,1064.46,21541.61,1.59
M0008796,Y,36,8,211409.27,4,6,9,57306.32,175228.09,8.75
M0008797,N,21,1,6976.65,1,1,0,2783.09,3023.37,0.43
M0008798,N,20,2,13204.03,1,1,0,2411.07,16386.98,1.19
M0008799,N,80,0,10624.97,1,1,0,5668.29,9901.28,0.66
M0008800,N,60,1,11098.01,0,0,0,3081.73,7113.73,0.65
M0008801,N,54,0,8170.5,0,2,1,2284.89,6236.59,0.23
M0008802,N,72,0,5918.12,1,1,0,1875.52,2849.65,1.38
M0008803,N,18,1,11148.02,0,0,0,5282.63,7756.4,0.0
M0008804,N,25,1,6743.72,0,0,0,1537.12,10173.91,1.15
M0008805,N,74,0,11135.4,1,1,0,833.86,8874.39,0.5
M0008806,N,70,0,10279.72,0,0,0,2983.24,10700.71,2.54
M0008807,Y,82,6,251978.52,2,7,2,66170.63,207278.73,5.01
M0008808,N,49,2,8503.01,0,1,1,6748.13,5927.16,1.56
M0008809,N,45,2,18393.47,1,1,1,6697.61,14560.36,3.32
M0008810,N,56,0,7005.2,0,2,0,4231.89,3908.61,2.21
M0008811,N,31,1,5333.51,0,0,1,3621.43,3205.16,0.75
M0008812,N,20,1,11606.57,0,1,1,1836.38,14420.82,1.07
M0008813,N,77,0,6153.16,0,0,0,985.03,4409.1,0.54
M0008814,N,30,4,16314.83,0,1,0,4959.85,10715.45,3.1
M0008815,N,30,0,12692.39,0,2,0,4228.04,8940.79,1.41
M0008816,N,51,2,5738.98,0,0,0,3541.8,6421.14,0.33
M0008817,N,52,0,4877.31,0,1,0,3977.92,4092.81,0.57
M0008818,N,74,2,31300.65,0,0,0,4915.71,28712.76,0.75
M0008819,N,36,1,45563.05,2,0,2,15443.82,26103.8,1.87
M0008820,N,23,0,7768.47,0,0,1,775.16,5654.15,1.69
M0008821,N,46,0,9120.83,0,1,0,4542.24,5954.58,1.46
M0008822,N,42,1,16311.89,1,0,0,3346.88,13380.83,0.44
M0008823,N,56,2,14208.97,0,1,0,2113.52,12668.85,0.12
M0008824,N,59,1,9306.95,1,1,0,1199.6,8867.74,2.32
M0008825,N,20,3,16801.44,0,1,0,1638.41,13254.18,0.48
M0008826,N,26,2,6932.82,0,3,0,2393.34,3285.28,1.15
M0008827,N,25,2,8217.5,0,0,0,1496.79,8133.31,0.22
M0008828,N,55,2,11295.12,0,1,1,3461.71,16172.0,2.21
M0008829,N,41,0,6319.1,0,0,0,328.54,9791.7,0.65
M0008830,N,30,1,7093.37,0,0,1,2639.93,5137.99,1.54
M0008831,N,18,0,24706.11,0,3,0,11291.15,9886.76,1.34
M0008832,N,30,0,9713.06,0,1,0,5998.8,2861.2,0.17
M0008833,N,59,1,9904.82,0,2,0,2948.71,7099.01,1.41
M0008834,N,18,2,9113.12,0,0,0,1566.27,7772.95,2.3
M0008835,N,36,1,7229.32,1,0,0,3817.3,2964.99,1.11
M0008836,N,24,0,3989.64,1,0,0,1168.61,2582.41,0.51
M0008837,N,47,0,9823.25,0,2,0,6338.72,3514.95,1.3
M0008838,N,43,1,6133.23,0,0,1,787.36,6300.38,1.14
M0008839,N,24,0,10739.59,1,0,0,1080.37,8426.43,1.05
M0008840,N,22,0,26833.14,0,0,1,2800.17,19790.39,1.12
M0008841,N,54,0,7694.47,0,2,0,661.85,9401.13,4.0
M0008842,N,76,1,3930.17,0,0,0,1228.85,5344.34,0.45
M0008843,N,40,2,30419.92,0,2,1,3199.54,22250.33,2.15
M0008844,N,75,1,16206.68,0,2,0,6788.73,15100.98,1.92
M0008845,N,25,1,15988.65,0,1,0,5099.47,9754.73,0.89
M0008846,N,77,1,8995.12,0,1,1,2456.79,6219.26,1.98
M0008847,N,54,1,11076.13,0,1,2,6367.9,7255.05,1.29
M0008848,N,35,1,10012.79,0,0,0,2018.91,7399.9,1.13
M0008849,N,61,1,5207.7,0,0,0,921.65,4557.88,2.31
M0008850,N,74,1,19445.99,1,0,1,11353.14,12055.07,0.36
M0008851,N,30,3,34035.49,2,1,0,2494.0,26121.28,0.0
M0008852,N,61,0,23970.63,0,2,1,7248.58,14830.52,0.55
M0008853,N,26,1,20555.96,0,0,1,13680.74,6482.52,2.6
M0008854,N,58,0,7054.79,0,0,1,517.6,10689.21,0.8
M0008855,N,33,0,3274.42,0,1,2,1846.98,1775.3,0.0
M0008856,N,26,2,15347.27,0,2,0,1491.68,11086.63,1.52
M0008857,N,64,2,14150.57,0,0,1,5879.84,8447.94,0.86
M0008858,N,38,1,21495.16,0,0,0,3345.62,15459.23,1.22
M0008859,N,53,3,12342.54,0,1,0,4943.27,9290.97,2.06
M0008860,N,24,0,12205.87,0,1,0,11986.55,5912.07,0.66
M0008861,N,43,2,10623.59,0,1,0,1398.53,7366.76,2.22
M0008862,N,72,2,25106.32,1,1,1,7877.93,24259.92,2.5
M0008863,N,46,1,20032.12,1,4,0,8782.41,21488.29,2.17
M0008864,N,33,3,15777.17,0,1,1,2681.57,13033.98,2.55
M0008865,N,21,1,8744.31,0,1,1,5678.22,3648.31,0.9
M0008866,N,35,3,3556.1,0,0,0,284.14,2982.02,0.16
M0008867,N,70,0,3517.75,1,2,2,1160.25,4346.09,1.03
M0008868,N,49,1,7262.92,0,1,0,1860.38,8711.93,0.0
M0008869,N,57,3,23099.06,1,0,1,4964.99,19137.32,2.31
M0008870,N,78,1,12975.03,1,0,0,2828.6,9062.5,0.16
M0008871,N,44,2,6496.55,0,1,0,1951.74,8110.64,2.84
M0008872,N,45,0,10275.87,0,0,0,2485.9,5750.54,1.45
M0008873,N,24,2,13735.37,1,1,0,3655.08,15627.56,0.95
M0008874,N,56,3,11844.28,0,3,2,6753.01,11010.32,2.09
M0008875,Y,49,7,232534.1,5,4,5,103700.37,155517.38,4.69
M0008876,N,77,1,24733.02,0,0,1,1717.89,18085.07,2.05
M0008877,N,77,0,14039.64,0,1,0,8154.77,3164.52,0.48
M0008878,N,63,2,6047.33,0,0,0,2455.19,5000.67,2.76
M0008879,Y,85,7,157216.66,1,2,1,57109.98,78157.27,3.1
M0008880,N,78,0,6452.93,2,0,0,3521.76,2219.33,1.47
M0008881,N,36,0,14502.35,1,0,1,1652.52,13124.37,1.11
M0008882,N,40,0,4827.94,0,0,1,915.2,7328.07,0.0
M0008883,N,50,1,10777.12,0,0,0,3063.46,5556.87,0.25
M0008884,N,38,1,15609.03,0,1,0,5206.25,7374.33,0.79
M0008885,N,52,1,12019.18,0,2,0,2428.71,7646.4,0.49
M0008886,N,62,0,5335.61,0,0,0,2464.01,3224.81,0.75
M0008887,N,45,1,7026.77,0,2,0,1374.63,6714.06,0.88
M0008888,N,73,2,29061.42,1,1,2,12183.43,12872.08,2.33
M0008889,N,46,3,42372.87,1,1,2,34930.91,26044.31,2.64
M0008890,N,35,0,10602.61,1,0,1,4627.05,8116.02,1.77
M0008891,N,63,0,13999.51,0,0,0,1706.76,15516.28,1.39
M0008892,N,30,2,7547.98,1,0,0,1217.43,8570.87,1.13
M0008893,N,32,1,1860.65,0,0,0,749.25,1069.65,0.0
M0008894,N,27,1,53636.37,0,0,0,6179.29,40415.5,2.73
M0008895,N,80,0,4697.84,1,0,1,1190.21,2774.35,1.34
M0008896,N,53,1,4442.31,0,1,0,2800.56,3855.33,0.92
M0008897,N,75,1,9436.88,0,2,0,1645.39,15134.04,2.46
M0008898,N,42,2,12386.92,0,0,0,3230.83,6852.33,0.24
M0008899,N,69,1,3707.4,0,0,0,1336.6,2277.84,0.81
M0008900,N,63,1,2559.82,2,1,0,976.78,2992.47,2.45
M0008901,N,54,0,4029.9,1,2,0,1359.01,3865.4,0.46
M0008902,N,38,2,13073.11,0,0,0,5256.52,5533.28,0.85
M0008903,N,74,1,5493.45,1,0,0,849.81,3523.93,0.82
M0008904,N,26,1,43575.73,0,1,1,19717.72,29776.32,1.74
M0008905,N,31,3,4616.97,0,0,0,472.47,5440.17,0.15
M0008906,N,50,2,24247.09,0,0,0,6221.58,33050.95,1.21
M0008907,N,64,1,7237.76,0,0,0,2208.24,4355.21,0.02
M0008908,N,75,2,15379.24,0,1,1,5041.87,9880.32,1.25
M0008909,N,32,1,6194.2,0,0,0,1292.5,5876.4,1.78
M0008910,N,78,2,36426.46,1,0,1,3772.41,26874.16,1.0
M0008911,N,51,0,8007.12,0,0,1,4943.92,6897.15,1.19
M0008912,Y,83,5,148365.01,1,4,4,83505.11,46353.64,3.81
M0008913,N,25,0,7520.94,0,1,0,2140.19,11345.7,1.68
M0008914,N,48,2,12590.93,1,1,0,587.87,16097.96,2.54
M0008915,N,57,2,10470.1,1,1,1,3687.91,9553.31,1.95
M0008916,N,68,0,9174.06,0,0,0,3918.18,12259.31,0.24
M0008917,N,65,3,4268.65,0,0,1,774.42,3969.06,1.41
M0008918,N,40,0,16175.09,1,1,0,2582.62,15368.88,2.62
M0008919,N,49,0,17259.24,0,1,0,2844.01,16917.61,0.67
M0008920,N,70,0,6982.71,0,0,0,803.18,5113.72,0.54
M0008921,N,59,1,16906.78,0,0,1,864.76,18771.86,0.85
M0008922,N,19,0,11346.49,1,0,0,4212.7,5181.37,1.11
M0008923,N,71,0,15166.33,0,2,0,2336.73,10993.48,1.59
M0008924,N,68,0,3199.36,0,1,0,1235.18,2725.74,2.2
M0008925,Y,75,4,131150.15,3,3,3,84622.21,99348.83,3.46
M0008926,N,66,0,8020.85,0,1,0,5670.95,7636.44,0.26
M0008927,N,18,2,15491.66,1,0,1,1211.17,14518.27,1.47
M0008928,N,66,1,8183.69,0,0,0,4929.54,4301.48,1.22
M0008929,Y,55,4,132996.12,1,3,2,47781.48,106109.65,2.31
M0008930,N,33,2,5845.08,1,0,0,1087.06,5072.18,0.0
M0008931,N,71,2,8035.98,0,0,0,3948.47,9138.12,1.69
M0008932,N,22,2,5515.46,0,0,0,1249.28,3837.65,0.0
M0008933,N,26,0,9851.65,0,1,0,4225.73,5817.0,1.39
M0008934,N,58,0,5459.2,0,1,1,1862.77,3653.32,1.29
M0008935,N,38,0,7582.66,0,0,0,5015.5,3197.53,0.0
M0008936,N,73,0,6490.11,1,0,0,1943.24,5996.82,1.69
M0008937,N,55,0,7318.12,0,0,1,3088.63,2978.96,0.0
M0008938,N,65,1,5685.81,0,0,0,4759.64,3373.12,1.45
M0008939,N,76,0,3620.28,0,1,1,1373.95,4217.61,0.61
M0008940,N,41,5,37961.14,0,2,1,16337.12,19636.83,2.56
M0008941,N,30,0,10160.33,1,2,0,5716.74,10658.41,1.76
M0008942,N,30,2,5240.51,0,0,0,488.44,3622.8,0.0
M0008943,N,26,0,25968.35,0,0,0,2677.18,22566.96,2.18
M0008944,N,48,3,13665.01,0,0,0,3611.84,14203.57,0.91
M0008945,N,74,2,14438.6,0,1,0,3027.61,8943.84,0.81
M0008946,N,55,2,17177.45,1,0,1,4810.09,24729.13,3.03
M0008947,N,66,0,32610.99,0,3,0,7586.3,21425.94,0.9
M0008948,N,62,1,15009.3,0,0,0,11050.64,8641.36,0.25
M0008949,N,79,0,7545.9,1,1,0,3418.69,7491.07,0.64
M0008950,N,54,0,11132.87,0,1,1,2521.23,11794.93,0.8
M0008951,N,34,2,8783.89,0,0,1,3925.33,7323.78,1.06
M0008952,N,43,0,10836.37,0,0,0,2334.62,6418.69,2.22
M0008953,N,25,1,24970.57,0,0,0,16017.15,9065.59,2.47
M0008954,N,60,0,10637.49,1,2,0,2707.52,7770.88,0.3
M0008955,N,76,0,11749.53,0,0,0,1527.4,8139.39,0.97
M0008956,N,79,3,14443.9,0,3,3,12782.46,6196.78,1.72
M0008957,N,55,2,11011.99,0,2,0,11410.47,5296.37,3.5
M0008958,N,39,3,7252.78,0,0,0,2512.01,4053.63,1.5
M0008959,N,54,0,4644.35,0,0,0,875.69,4381.86,0.44
M0008960,N,73,0,11632.91,0,0,0,1769.13,9539.45,0.18
M0008961,N,54,0,6196.38,0,0,0,1915.27,5996.05,1.11
M0008962,N,31,0,7730.91,0,1,0,1826.29,6841.34,0.0
M0008963,N,76,1,7816.57,0,0,0,1299.36,11316.05,2.6
M0008964,N,62,1,8779.64,0,1,0,1332.16,7308.26,0.0
M0008965,N,60,1,3707.46,1,1,0,3173.27,3543.95,0.0
M0008966,N,43,0,6081.53,0,0,0,2051.22,2782.01,0.73
M0008967,N,45,1,18760.3,0,1,0,4411.18,16938.82,1.34
M0008968,N,39,1,9996.06,0,1,0,1413.09,7242.16,0.67
M0008969,Y,69,3,259454.61,6,1,1,113466.75,155868.41,6.02
M0008970,N,21,1,3722.63,0,0,0,1483.23,4737.17,0.63
M0008971,N,67,2,10113.28,0,0,0,1857.47,13830.02,1.2
M0008972,N,48,0,8515.2,0,1,1,3329.54,4460.29,0.95
M0008973,N,41,2,22583.47,0,0,0,5533.52,16472.22,1.5
M0008974,N,58,0,16688.56,0,2,0,1834.14,13167.32,1.83
M0008975,N,55,1,6327.53,0,1,0,794.0,4952.84,0.04
M0008976,N,58,0,7193.15,0,0,0,2572.33,5455.27,0.0
M0008977,N,26,0,21646.13,0,1,0,15484.06,13204.48,1.55
M0008978,N,64,1,12831.67,0,0,0,3238.23,7582.58,0.0
M0008979,N,44,1,10522.81,0,0,0,5340.53,3461.1,0.0
M0008980,N,30,2,19052.05,2,2,1,3140.13,12778.37,0.57
M0008981,N,62,4,23109.18,0,0,1,4929.74,18885.33,1.41
M0008982,N,63,0,16568.72,0,1,0,3564.38,17204.54,1.87
M0008983,N,59,1,6996.02,1,2,0,5207.3,6426.36,1.35
M0008984,N,31,1,7463.73,0,0,0,2925.2,4788.84,0.24
M0008985,N,27,1,15167.64,1,1,0,5473.61,6458.12,1.9
M0008986,N,61,0,13070.62,1,3,1,6848.41,5710.49,1.91
M0008987,N,64,0,7471.78,0,2,0,1775.16,8494.34,1.19
M0008988,Y,61,4,139572.27,5,7,5,51902.54,108628.07,3.44
M0008989,N,69,1,4892.03,0,0,0,3160.79,3430.25,1.56
M0008990,N,37,0,16106.19,0,0,0,5233.69,9355.33,0.0
M0008991,N,42,2,29280.2,0,1,0,10988.24,21495.74,3.39
M0008992,N,56,3,2518.67,0,0,0,357.63,1953.84,0.52
M0008993,N,61,1,13168.23,0,0,0,3313.08,11570.35,0.59
M0008994,N,28,0,10996.41,0,1,0,1453.21,8971.36,0.0
M0008995,N,32,4,23349.23,0,1,2,10115.74,18715.69,2.29
M0008996,N,36,3,40918.36,1,1,1,10112.46,31895.7,3.92
M0008997,N,47,0,18837.24,0,1,1,2878.89,16829.49,1.67
M0008998,N,32,0,4144.03,0,1,0,1735.42,2865.09,0.57
M0008999,N,35,0,13711.51,0,2,2,1830.77,14996.71,0.72
M0009000,N,65,1,3354.14,0,0,0,1042.82,2444.36,0.69
M0009001,Y,42,6,686222.7,1,6,5,216646.56,371575.26,5.05
M0009002,N,43,2,32052.05,1,2,0,11137.37,23482.26,1.2
M0009003,N,49,0,1863.72,0,0,0,1655.86,1637.55,1.11
M0009004,N,27,1,25941.71,1,1,2,7924.33,25137.1,1.62
M0009005,N,52,1,3514.43,0,0,0,150.45,4415.8,0.57
M0009006,N,67,1,6566.79,1,0,0,1791.76,3646.22,0.43
M0009007,N,74,1,21886.8,0,1,0,922.91,24943.45,1.23
M0009008,N,46,0,2139.73,0,0,0,1834.4,1367.52,0.11
M0009009,N,22,0,8539.03,0,1,0,3693.0,8158.68,2.71
M0009010,N,49,4,27324.87,1,2,1,10055.02,22374.9,1.44
M0009011,N,42,3,3508.35,0,0,0,395.43,5941.25,2.35
M0009012,N,69,1,13580.77,0,0,1,4611.2,10031.71,0.0
M0009013,N,77,2,6326.64,0,2,1,1419.86,4796.3,1.66
M0009014,N,39,3,4514.19,0,0,1,3377.25,2598.28,0.99
M0009015,N,71,1,16947.36,0,0,0,2776.74,10505.06,0.0
M0009016,N,58,0,4482.99,0,0,1,961.78,2624.58,0.51
M0009017,N,61,2,3662.43,1,2,0,928.41,3667.47,0.0
M0009018,N,78,0,2897.52,0,0,0,573.31,2835.12,0.34
M0009019,N,39,0,3597.61,1,0,0,1617.16,1783.76,0.74
M0009020,N,58,0,21080.31,0,1,1,3103.45,13464.58,1.37
M0009021,N,59,0,10434.71,0,2,1,650.96,16556.02,0.93
M0009022,N,34,3,31159.97,0,1,1,2448.66,30905.52,1.08
M0009023,Y,45,6,327701.06,1,2,4,119378.58,222290.86,3.52
M0009024,N,63,3,38219.51,1,0,0,22830.93,7739.31,1.34
M0009025,N,28,1,44630.33,0,1,0,12488.92,26010.63,2.2
M0009026,N,29,0,4809.38,0,1,0,1779.68,6300.5,1.35
M0009027,N,66,1,3488.0,0,1,0,719.32,2536.26,1.31
M0009028,N,37,0,6290.95,0,1,1,1296.76,6685.48,0.0
M0009029,N,54,2,6452.94,0,1,0,2917.11,4084.19,0.83
M0009030,N,62,0,13614.35,0,0,1,4392.05,6419.17,0.69
M0009031,N,74,0,6209.99,0,0,0,2085.15,2882.45,0.46
M0009032,N,50,0,14210.92,0,0,0,2052.87,9718.23,0.06
M0009033,N,23,2,6403.18,1,1,0,2677.87,2878.86,0.49
M0009034,N,53,1,14670.08,0,1,1,3005.03,16130.07,2.94
M0009035,N,79,1,31809.38,0,1,2,4184.59,23000.98,2.47
M0009036,N,45,2,12851.36,0,1,0,4478.33,6248.35,0.65
M0009037,N,20,2,13446.21,0,0,0,4950.11,7827.64,0.91
M0009038,Y,80,4,303647.75,5,5,6,67787.47,195735.61,7.19
M0009039,N,53,1,7606.31,0,0,0,1038.72,5704.91,0.02
M0009040,N,62,2,27343.49,1,2,1,6794.59,15753.61,1.61
M0009041,N,76,1,7214.65,0,0,0,1621.27,6106.89,0.52
M0009042,N,62,1,5886.71,0,2,0,1929.84,4996.07,0.09
M0009043,N,18,1,12898.61,0,1,2,7109.17,9951.64,2.95
M0009044,N,77,0,6981.18,0,3,0,2443.16,4965.15,0.28
M0009045,N,35,2,10309.6,0,2,0,3311.85,7556.87,0.63
M0009046,N,61,2,11238.02,0,2,0,5600.16,8149.14,2.38
M0009047,N,31,3,15617.99,0,1,2,1283.37,11593.87,1.64
M0009048,N,80,0,4707.29,0,1,0,1167.96,3791.15,0.71
M0009049,N,66,1,7837.52,0,0,0,1028.25,11492.46,0.0
M0009050,N,53,1,7720.79,1,0,0,1502.65,4602.65,0.0
M0009051,N,23,1,6722.25,0,0,0,4465.61,2839.09,0.18
M0009052,N,49,3,4042.08,0,1,1,715.08,3317.86,1.05
M0009053,N,19,0,10239.71,0,1,1,2668.7,6506.93,0.0
M0009054,N,44,1,14286.4,1,1,1,3096.63,10601.84,1.75
M0009055,N,51,2,11187.21,0,0,0,3865.89,9148.67,1.05
M0009056,N,59,0,12538.17,0,0,0,2001.2,9629.58,0.55
M0009057,N,32,2,7639.47,0,0,0,1679.4,5195.4,0.19
M0009058,N,46,0,15500.56,2,0,0,185.08,11970.19,0.56
M0009059,N,66,1,7738.22,0,0,0,6999.36,6752.33,0.17
M0009060,N,34,0,5442.3,0,1,1,1665.73,5833.7,0.65
M0009061,N,75,2,5949.73,0,0,0,5836.57,2591.9,1.43
M0009062,N,64,1,5502.42,0,1,1,566.21,4759.28,0.73
M0009063,N,23,1,23073.95,0,2,1,8108.81,10630.96,1.63
M0009064,N,37,0,14279.32,0,0,0,6465.8,12317.93,2.79
M0009065,N,76,0,8412.26,0,0,0,2253.59,7087.76,0.5
M0009066,N,71,0,11678.6,1,2,0,2473.13,9461.87,0.0
M0009067,N,42,1,24739.24,2,0,0,13300.28,6120.85,1.22
M0009068,N,75,2,6192.9,0,1,0,1927.9,5908.16,0.65
M0009069,N,80,2,16494.0,2,1,0,6454.7,18259.26,0.48
M0009070,N,58,2,16423.49,1,1,0,5079.91,18390.19,1.92
M0009071,N,45,1,5644.81,0,1,0,2525.48,6556.49,1.83
M0009072,N,54,0,5525.39,1,1,0,1085.38,3343.11,0.73
M0009073,N,27,0,10372.28,0,2,1,4532.7,7094.3,2.12
M0009074,N,29,3,42657.52,0,1,0,13484.46,53374.4,1.77
M0009075,N,61,3,19673.67,0,3,1,5211.32,26656.86,1.89
M0009076,N,49,0,4167.08,1,0,0,1522.78,3667.66,1.94
M0009077,N,28,2,26772.17,0,0,0,9359.18,21361.33,1.18
M0009078,N,51,3,12490.42,0,1,0,6089.37,14706.3,1.12
M0009079,N,76,0,6779.08,0,0,0,750.68,6803.42,0.62
M0009080,N,58,1,13178.66,1,1,0,3276.49,11127.07,0.13
M0009081,N,26,0,7042.15,1,0,0,2496.25,6105.92,0.88
M0009082,N,37,2,9461.4,0,0,0,3024.81,4767.26,0.89
M0009083,N,66,3,11453.44,0,1,0,3309.67,6436.79,0.41
M0009084,N,58,1,7207.98,0,2,0,7366.3,5486.81,0.29
M0009085,N,55,0,5997.22,0,0,0,1913.98,3849.9,1.43
M0009086,N,71,2,18683.18,0,1,2,2327.42,17194.1,2.02
M0009087,N,35,2,13971.89,1,1,1,4124.44,10911.11,0.94
M0009088,N,80,0,8568.94,0,0,0,2290.85,5080.4,1.29
M0009089,N,33,0,17507.33,0,1,0,5003.51,10693.2,1.22
M0009090,N,62,2,13322.03,0,1,0,4615.81,14719.89,0.89
M0009091,N,25,0,7251.1,0,0,0,1404.8,4968.91,0.0
M0009092,N,54,0,22859.24,0,1,1,14697.41,9402.47,2.84
M0009093,N,31,1,19090.71,1,0,0,2607.46,14312.93,1.71
M0009094,N,77,0,43757.13,1,0,1,1802.58,33874.69,1.43
M0009095,N,35,2,15379.46,0,2,0,1966.01,19960.03,0.44
M0009096,N,46,1,4642.39,0,1,0,2770.4,2769.44,1.59
M0009097,N,21,0,6325.19,0,0,0,2040.1,4399.03,0.63
M0009098,N,51,0,4238.54,0,0,0,1537.09,4028.73,0.96
M0009099,N,26,0,4360.25,0,0,1,843.57,4353.76,0.0
M0009100,N,47,1,21428.47,1,0,0,7277.21,12669.49,1.0
M0009101,N,77,1,17190.47,0,1,0,5919.03,19123.34,1.77
M0009102,N,67,0,9452.07,0,3,0,1123.67,13772.54,1.49
M0009103,N,53,0,14172.8,1,0,0,8544.63,7356.76,1.1
M0009104,Y,58,6,185157.57,4,3,3,60102.11,170704.79,3.02
M0009105,N,64,2,19880.73,0,1,1,7230.99,9308.13,2.66
M0009106,N,53,0,13313.24,0,0,0,6046.73,7876.14,2.47
M0009107,N,38,1,8826.96,1,0,0,1488.29,7209.6,1.86
M0009108,N,80,0,25842.39,0,1,0,11678.98,11304.62,1.28
M0009109,N,66,0,6848.32,0,1,1,1925.1,5595.08,0.33
M0009110,N,69,1,4441.91,0,0,0,1454.35,4185.1,0.75
M0009111,N,66,0,12049.85,0,0,0,967.88,10526.12,0.88
M0009112,N,28,0,5810.36,0,0,2,2778.79,6802.09,0.0
M0009113,N,34,0,16355.6,0,0,0,1514.97,11410.91,1.2
M0009114,N,73,1,2335.75,0,0,0,1128.65,3011.77,0.0
M0009115,N,20,0,14148.62,0,0,0,5776.03,5639.94,1.12
M0009116,N,36,0,11363.93,1,0,1,3958.09,8501.93,1.78
M0009117,N,48,1,21346.27,1,0,0,6142.16,24277.79,0.61
M0009118,N,23,1,5843.76,0,0,0,635.99,5312.75,0.99
M0009119,N,38,1,12440.71,0,0,0,5609.61,4679.16,1.22
M0009120,Y,82,2,175207.25,1,1,4,37511.43,128156.56,3.98
M0009121,N,70,2,10187.31,0,0,1,4899.14,8832.16,0.0
M0009122,N,68,1,7054.48,0,2,1,4550.25,6680.74,1.7
M0009123,N,59,2,17403.86,0,0,0,4054.94,14268.92,2.08
M0009124,N,39,2,14610.13,0,2,3,8950.51,16734.77,1.79
M0009125,N,31,2,20242.35,0,1,0,15036.53,13077.14,1.24
M0009126,N,37,2,18476.58,0,0,0,8654.95,7946.19,2.78
M0009127,N,61,1,9205.19,0,0,1,3643.42,7420.74,1.03
M0009128,N,19,2,8882.06,0,0,0,1597.15,10932.35,0.68
M0009129,N,20,1,7932.72,1,1,0,3282.13,9445.57,0.39
M0009130,N,61,2,12074.11,0,1,0,3627.93,6694.86,1.83
M0009131,N,58,0,4465.71,0,0,1,617.63,5653.58,1.04
M0009132,N,19,0,9805.85,0,0,1,1717.95,8605.8,0.09
M0009133,N,34,0,8769.62,0,0,0,3307.05,5423.14,2.03
M0009134,N,52,0,13190.39,0,0,0,2980.17,7894.06,1.28
M0009135,N,44,2,7112.44,1,0,0,2272.65,3294.27,0.0
M0009136,N,32,0,12094.71,0,0,0,1228.05,9816.4,0.32
M0009137,N,62,0,4495.65,0,0,1,3845.49,2902.68,0.0
M0009138,N,29,2,10072.29,0,0,2,3810.01,5705.37,0.0
M0009139,N,79,0,7851.05,0,0,0,1821.49,6088.55,0.66
M0009140,N,61,1,20635.15,0,0,0,6272.98,11183.64,2.18
M0009141,N,37,2,6370.33,0,1,0,4804.65,6513.33,2.48
M0009142,N,20,3,7018.6,0,0,0,1525.84,5150.52,2.08
M0009143,N,31,0,20074.52,1,0,0,10065.91,7928.65,2.16
M0009144,N,53,3,16721.81,0,1,0,15273.41,7351.3,0.63
M0009145,N,21,1,4331.75,0,0,0,934.18,3638.15,0.0
M0009146,N,80,1,22544.27,0,0,0,6601.2,12899.58,0.21
M0009147,N,64,0,12093.72,0,0,1,1955.36,10381.25,1.1
M0009148,N,35,0,17130.26,0,0,0,20222.96,8104.67,1.04
M0009149,N,40,2,12146.22,1,2,0,1970.32,10506.21,0.12
M0009150,N,21,1,10308.87,0,1,0,5025.29,11779.07,0.35
M0009151,N,43,1,10003.66,0,0,1,3532.84,12422.85,1.98
M0009152,N,50,3,21253.86,1,1,0,8830.38,8176.86,3.3
M0009153,N,47,0,27835.5,0,2,0,8257.18,14141.33,1.96
M0009154,N,78,0,8092.09,0,1,0,1037.19,6139.27,1.35
M0009155,N,48,2,22343.44,1,2,2,7781.07,15836.32,1.76
M0009156,Y,46,5,427849.34,2,6,3,160844.0,243068.84,5.83
M0009157,N,78,0,24013.92,0,2,0,6444.37,36064.17,1.8
M0009158,N,39,2,11599.01,0,0,0,3287.42,15867.12,2.74
M0009159,N,63,1,22897.07,1,3,0,2960.48,22393.93,1.99
M0009160,N,68,0,7337.53,0,2,0,3032.68,7907.29,1.56
M0009161,Y,56,6,141383.91,1,4,4,39275.28,81639.23,3.89
M0009162,N,26,2,6667.69,0,0,1,1416.33,4376.45,0.94
M0009163,N,21,0,14508.26,1,0,0,3945.6,14717.18,2.19
M0009164,N,51,0,5948.69,0,1,0,2612.62,6732.0,0.58
M0009165,N,79,0,17676.02,1,2,0,8485.6,19944.61,1.27
M0009166,Y,45,3,166073.71,1,1,1,39669.6,121457.15,3.57
M0009167,N,58,1,25345.09,0,2,0,7822.66,13668.74,2.07
M0009168,N,53,0,10491.91,0,0,0,4736.06,7719.34,0.36
M0009169,N,68,1,12993.6,1,1,0,5464.83,7950.81,1.64
M0009170,N,70,1,9690.14,1,0,0,1273.6,6832.91,0.9
M0009171,N,73,1,7461.77,0,0,0,3660.54,3158.0,0.93
M0009172,Y,85,9,209694.84,1,5,4,83625.23,158945.77,3.94
M0009173,N,42,1,7017.29,0,0,0,3521.38,8422.5,1.77
M0009174,N,61,1,26584.78,1,0,1,1265.1,20186.18,1.34
M0009175,N,58,1,20511.05,0,0,0,3585.42,23664.01,1.0
M0009176,N,80,0,21407.52,0,0,1,7216.16,12093.41,1.66
M0009177,N,30,1,16503.34,0,1,0,1420.87,17208.73,1.37
M0009178,N,25,2,12567.75,0,0,0,1731.01,9552.4,0.97
M0009179,N,58,0,10431.28,0,0,1,7378.99,3153.87,2.65
M0009180,N,41,1,3308.1,0,0,0,1361.13,3402.01,0.67
M0009181,N,19,0,17334.3,0,0,0,2583.5,21483.11,1.34
M0009182,N,36,1,14449.78,0,0,0,4584.16,15131.75,2.88
M0009183,N,51,0,11609.06,0,0,0,3052.82,6952.31,1.7
M0009184,N,33,0,4857.21,1,1,0,1103.83,3644.83,0.75
M0009185,N,51,0,8220.55,0,0,0,1437.39,5060.0,0.56
M0009186,N,40,2,11059.13,0,1,0,6146.99,3363.86,2.0
M0009187,N,37,2,27276.12,0,0,1,10847.17,24619.94,1.02
M0009188,N,43,2,15343.11,0,0,0,1591.66,20450.49,1.79
M0009189,N,63,0,2985.82,0,0,0,1535.41,2417.37,0.52
M0009190,N,29,1,8113.22,0,0,0,841.55,7132.66,1.27
M0009191,N,75,1,20892.79,0,1,0,2515.29,18085.0,2.68
M0009192,N,44,3,30638.94,0,0,0,2754.58,24238.68,0.15
M0009193,N,50,1,9584.55,0,1,1,2747.34,11214.5,1.23
M0009194,N,59,2,10301.84,0,0,0,12604.23,1979.21,0.85
M0009195,N,76,1,7015.16,0,1,0,5826.53,6122.09,2.08
M0009196,N,23,1,5571.98,0,0,1,2490.09,2713.65,0.72
M0009197,N,49,2,16352.66,0,1,0,2926.62,10376.4,1.34
M0009198,Y,52,6,264984.53,4,2,1,107485.99,140028.59,4.46
M0009199,N,33,1,4670.09,0,0,0,3164.26,3947.79,0.01
M0009200,N,34,0,4461.46,0,1,0,1000.25,4643.42,1.51
M0009201,N,30,2,3937.53,0,1,0,2005.92,3083.33,0.0
M0009202,N,42,2,19416.31,0,0,0,2381.74,28383.97,0.48
M0009203,N,78,2,6423.75,1,0,0,1356.59,9893.03,0.0
M0009204,N,25,1,8342.35,0,0,0,1357.76,5359.91,2.04
M0009205,Y,58,4,109176.92,2,5,7,41616.58,62621.51,4.69
M0009206,N,54,1,19810.91,1,2,0,2131.49,13897.28,2.05
M0009207,N,37,3,3530.19,0,0,0,2840.54,2327.89,0.14
M0009208,N,30,1,11740.99,0,1,0,486.52,9064.65,0.93
M0009209,N,65,2,9057.19,0,1,1,2773.15,5599.09,0.0
M0009210,N,47,0,5827.1,1,1,0,1420.46,6535.61,0.0
M0009211,N,75,3,11221.62,0,0,0,9373.15,7062.16,1.82
M0009212,N,51,2,8620.63,0,3,0,4750.21,8340.34,1.54
M0009213,N,33,0,8568.8,0,0,0,2996.48,8039.12,0.09
M0009214,N,56,0,9369.18,1,1,0,8127.49,6584.87,2.5
M0009215,N,26,1,10564.79,1,2,0,1266.58,11578.78,0.83
M0009216,N,47,2,17438.68,1,0,0,2167.12,17087.84,1.02
M0009217,N,43,0,24403.33,0,0,0,4574.98,17968.77,1.59
M0009218,N,79,2,15257.35,0,0,0,7200.33,16773.89,1.43
M0009219,N,55,1,26551.44,0,0,0,2134.95,27295.71,0.59
M0009220,N,51,0,3362.18,0,1,0,1188.62,1716.81,1.18
M0009221,N,61,0,22019.95,0,1,0,8363.33,11671.01,0.57
M0009222,N,74,1,7505.32,0,1,0,669.25,6979.69,1.27
M0009223,N,33,1,7972.51,0,0,0,4076.49,5073.33,0.71
M0009224,N,64,1,8520.78,0,1,0,1646.0,6342.1,1.4
M0009225,N,53,1,3728.75,0,0,0,2312.02,4256.87,0.37
M0009226,N,62,1,8175.36,0,1,0,4437.32,9254.74,0.66
M0009227,N,24,0,7104.29,0,0,0,2541.81,3169.05,2.78
M0009228,N,73,1,28985.9,1,1,1,3164.85,22512.02,0.77
M0009229,N,19,1,7826.49,0,0,0,2109.66,5086.77,0.82
M0009230,N,76,1,2791.81,0,0,0,1262.16,2129.26,0.0
M0009231,N,45,2,5249.34,0,2,0,2184.25,4726.27,1.8
M0009232,N,49,1,36894.98,1,3,2,6620.55,26359.71,1.11
M0009233,N,48,0,13764.86,0,2,0,9300.19,2107.71,0.53
M0009234,N,30,2,4525.33,0,0,0,4431.91,752.82,0.75
M0009235,N,47,1,11670.79,0,0,0,2704.71,6648.38,1.6
M0009236,N,26,2,42664.85,0,0,1,2868.47,32822.61,2.77
M0009237,N,54,1,7205.27,0,0,0,1365.71,7680.86,0.24
M0009238,Y,47,6,247358.35,5,5,6,94555.61,137309.3,5.6
M0009239,N,32,2,10789.95,0,0,1,2586.97,8795.19,1.95
M0009240,Y,63,2,229633.23,4,3,4,90175.65,143257.71,4.3
M0009241,N,54,1,24963.54,1,2,0,9336.81,11340.69,1.88
M0009242,N,55,1,12164.26,0,0,0,3445.84,7289.52,1.02
M0009243,N,25,0,5762.58,0,0,0,1839.65,3347.6,1.37
M0009244,N,36,1,4635.39,1,0,0,2709.76,3051.43,0.0
M0009245,N,41,1,18565.28,0,0,0,2146.41,12538.1,2.11
M0009246,N,70,1,11301.29,0,1,0,485.58,8846.06,2.59
M0009247,N,69,2,34099.31,0,0,0,1780.81,35978.67,1.1
M0009248,N,79,2,10510.49,0,2,0,2838.3,6468.84,2.3
M0009249,N,28,3,8596.93,0,0,0,3706.91,5331.33,1.71
M0009250,N,71,3,27950.4,0,1,0,7049.92,16026.26,1.0
M0009251,N,28,0,5941.98,0,1,0,2728.54,5579.08,0.3
M0009252,N,40,0,7026.67,0,2,1,2235.43,3318.14,0.0
M0009253,N,73,0,8909.09,0,1,0,3939.88,5915.9,0.9
M0009254,N,33,2,4212.93,0,1,0,2802.08,3454.27,0.0
M0009255,N,79,1,7521.48,0,0,0,1568.89,11652.81,0.0
M0009256,N,50,1,13196.93,0,0,1,7306.66,6185.48,1.46
M0009257,N,76,2,5615.0,0,1,1,5280.58,3904.65,0.0
M0009258,N,35,1,30302.16,0,0,0,2917.06,22737.15,2.39
M0009259,Y,85,5,259882.41,4,6,6,139356.61,199340.2,5.89
M0009260,N,73,1,13530.16,0,0,0,2746.2,8348.93,2.3
M0009261,N,38,0,4700.13,0,0,1,1397.65,2685.47,0.0
M0009262,N,59,2,9225.39,0,1,0,2054.69,12031.95,1.2
M0009263,N,72,1,32089.27,0,2,0,19280.54,7189.68,1.48
M0009264,N,28,0,6673.66,0,0,0,2970.03,6344.08,0.92
M0009265,N,57,0,9872.11,0,2,0,6459.03,7806.85,1.68
M0009266,N,79,2,31518.63,0,2,1,3896.14,41132.15,1.3
M0009267,N,71,3,24808.92,0,0,2,2915.53,23605.02,1.76
M0009268,N,26,2,31825.43,1,2,1,2955.89,26142.7,1.67
M0009269,N,79,1,11155.77,0,0,0,1469.62,11633.55,0.5
M0009270,N,19,0,7019.19,0,0,0,3275.01,2260.05,1.44
M0009271,N,46,2,18856.77,1,1,2,13927.32,13059.87,1.21
M0009272,N,65,1,12665.26,0,1,0,2019.38,10929.3,0.0
M0009273,N,20,1,5479.76,0,0,0,1818.39,3769.02,0.66
M0009274,N,49,0,2122.7,0,0,0,421.01,3129.1,0.27
M0009275,N,22,0,16437.37,0,2,0,6910.61,6362.03,0.84
M0009276,N,58,0,6407.09,0,1,2,2759.4,3125.39,1.8
M0009277,N,29,1,15089.3,0,2,0,4909.03,16800.98,0.76
M0009278,N,24,2,26674.51,0,0,0,1561.37,21304.54,0.4
M0009279,N,59,1,12700.51,0,0,0,1723.41,9220.85,0.56
M0009280,N,57,0,9249.8,0,1,0,3447.33,5391.56,0.85
M0009281,N,80,1,9034.92,0,1,1,2077.14,8278.92,1.13
M0009282,N,37,0,17750.81,0,1,1,8231.63,7401.04,1.81
M0009283,N,19,2,9517.05,0,2,0,6259.4,7078.11,1.81
M0009284,Y,76,4,213099.43,1,6,2,88040.57,150844.33,5.46
M0009285,N,31,3,7342.98,0,0,0,6386.73,5395.68,0.96
M0009286,N,21,0,55276.46,0,1,0,2456.18,45429.22,2.09
M0009287,N,51,0,17152.57,0,3,0,5045.17,20420.32,1.64
M0009288,N,61,1,10313.3,0,0,0,2754.95,6704.83,1.62
M0009289,N,64,2,4795.65,0,0,0,2301.95,5015.73,0.0
M0009290,Y,74,5,167450.68,2,5,5,56353.15,89779.18,4.11
M0009291,N,73,3,28385.34,1,0,1,9649.26,25891.31,1.15
M0009292,N,54,0,11511.68,0,1,1,1629.18,7728.43,1.61
M0009293,N,18,3,19306.04,0,1,0,8923.13,9980.51,1.69
M0009294,N,46,0,29540.12,0,0,0,11396.08,14303.34,2.79
M0009295,N,32,2,9548.71,0,0,0,3606.82,6267.03,0.45
M0009296,N,53,1,10511.45,1,1,1,12058.86,5890.05,2.38
M0009297,N,69,0,9464.79,1,1,0,5941.02,10291.79,1.71
M0009298,N,22,2,13575.57,0,1,0,2874.52,9376.74,1.93
M0009299,N,54,1,13492.6,0,0,1,7189.15,3536.85,0.26
M0009300,N,18,0,15393.03,0,1,0,2238.53,13780.7,1.29
M0009301,N,25,1,15550.76,0,2,0,5734.28,9656.47,1.75
M0009302,N,30,1,5659.46,0,0,0,1843.84,4923.84,0.61
M0009303,Y,68,4,224080.7,3,2,1,47312.95,146539.31,4.27
M0009304,N,41,1,19461.54,1,0,0,3887.46,12227.81,0.17
M0009305,N,65,0,13537.9,3,2,0,2478.86,11078.14,1.12
M0009306,N,48,2,15894.72,2,0,0,19453.38,9242.03,2.76
M0009307,N,45,3,12442.67,0,0,0,2165.44,10233.09,1.84
M0009308,N,38,3,17147.47,1,0,1,8629.84,7616.95,2.35
M0009309,N,49,1,4434.12,0,0,0,2269.24,5187.77,0.0
M0009310,N,64,1,29004.85,0,1,0,11009.33,25507.01,0.82
M0009311,N,54,0,13606.96,0,0,0,3070.13,8015.53,0.94
M0009312,N,48,0,13707.22,0,1,0,6260.27,17093.18,0.51
M0009313,N,45,0,11628.67,0,0,0,5102.21,5930.95,1.36
M0009314,N,72,0,6505.17,0,1,0,4033.5,3187.72,1.05
M0009315,N,79,1,26688.41,0,0,0,1403.08,19523.28,1.84
M0009316,Y,68,7,357804.22,3,5,4,140345.69,354151.09,2.1
M0009317,N,55,0,2546.75,0,0,0,1574.53,1322.17,0.26
M0009318,N,46,0,19340.27,0,1,0,2423.66,12740.45,1.12
M0009319,N,71,1,1371.69,0,0,1,299.54,1696.1,0.83
M0009320,N,38,0,11717.1,1,2,0,2218.62,12349.07,2.39
M0009321,N,33,0,8051.37,0,0,0,3250.6,4985.26,2.16
M0009322,N,57,0,20104.38,0,0,0,11079.38,13986.44,1.71
M0009323,N,73,4,24146.15,1,0,0,8400.34,15014.3,0.92
M0009324,N,46,0,12452.86,0,0,1,4420.49,16002.15,1.82
M0009325,N,50,2,11447.16,0,0,0,3804.75,11423.55,1.77
M0009326,N,31,1,7444.13,0,1,0,5281.84,8048.65,0.81
M0009327,N,51,0,18482.87,0,1,0,7200.65,14228.77,0.47
M0009328,N,66,0,11030.77,0,0,1,3071.38,6234.46,1.64
M0009329,N,37,1,20179.38,1,1,1,15366.37,8597.88,1.97
M0009330,N,60,0,12617.17,2,1,0,5282.18,10975.18,1.77
M0009331,N,43,1,11773.42,0,1,0,1654.71,10138.15,0.14
M0009332,N,65,1,9420.34,0,0,0,3581.96,7087.17,1.25
M0009333,N,75,1,13098.42,1,0,0,6875.42,15177.18,1.9
M0009334,N,32,1,6437.7,0,1,2,1748.3,5590.01,0.0
M0009335,N,60,1,26727.12,0,0,1,15228.56,17793.47,2.28
M0009336,N,77,1,9254.55,0,0,1,4277.54,8549.29,1.19
M0009337,N,31,0,3221.88,1,1,0,1381.95,1943.41,0.0
M0009338,N,61,3,18752.43,0,1,0,1925.38,19460.68,2.47
M0009339,N,46,2,5649.33,1,1,0,575.69,6266.54,1.71
M0009340,Y,56,4,225130.02,2,3,1,64141.59,131378.6,6.28
M0009341,N,36,0,9273.71,0,1,0,2847.49,7877.89,0.53
M0009342,N,49,1,12819.05,0,1,0,9083.34,8173.79,2.56
M0009343,N,64,0,21985.77,0,3,0,4846.07,12348.22,0.0
M0009344,N,68,3,10327.09,0,2,0,4397.59,3677.14,1.14
M0009345,N,50,0,4805.33,0,1,0,925.47,5475.04,0.43
M0009346,N,39,4,12149.73,0,1,0,4600.66,10811.14,2.02
M0009347,N,50,1,11673.98,0,2,0,4977.89,5928.52,1.51
M0009348,N,80,0,16505.1,0,0,0,6902.69,9561.31,0.93
M0009349,N,55,0,16977.15,0,1,1,2694.93,15039.18,0.0
M0009350,Y,38,5,99134.57,3,4,2,68486.5,60396.4,4.96
M0009351,N,78,3,7075.63,0,0,0,482.09,5695.66,0.0
M0009352,N,71,0,12066.54,0,2,0,2201.55,7512.18,1.68
M0009353,N,25,0,13888.89,0,1,0,2230.29,10376.3,0.27
M0009354,N,40,0,6310.56,1,0,0,3211.92,7831.77,1.73
M0009355,N,38,1,7347.37,0,0,0,2207.91,9570.1,2.01
M0009356,N,20,1,7426.55,0,0,0,4090.47,8444.2,0.68
M0009357,N,21,0,18337.79,1,0,0,7106.27,12847.44,1.48
M0009358,N,57,0,13818.18,0,1,0,2139.61,9818.17,1.61
M0009359,N,79,2,10985.08,1,1,1,3728.3,7373.41,1.71
M0009360,N,55,0,21361.24,0,0,0,2185.28,22600.44,1.87
M0009361,N,44,0,9014.84,0,0,0,3273.05,5745.66,0.0
M0009362,N,20,1,6045.34,0,0,0,3934.86,4106.73,0.0
M0009363,N,32,2,12630.24,0,0,2,2596.0,12019.34,0.15
M0009364,N,43,1,10788.35,0,2,1,1438.98,7620.95,2.01
M0009365,N,65,0,10595.48,0,2,1,1081.24,10233.97,0.31
M0009366,N,47,0,4364.75,0,0,0,2833.36,4263.48,0.56
M0009367,N,77,2,17151.95,0,0,0,6353.4,8010.65,0.98
M0009368,N,74,1,13880.39,1,0,0,3460.34,15219.09,2.28
M0009369,N,73,0,5733.73,1,0,0,1496.96,7228.29,0.65
M0009370,N,22,2,13909.5,0,2,1,3303.62,14651.4,1.22
M0009371,N,43,1,25388.76,0,2,1,3974.52,19115.74,2.08
M0009372,N,49,1,13370.04,0,0,0,841.66,10269.56,0.0
M0009373,N,20,0,10514.29,0,0,0,3566.31,6065.28,1.46
M0009374,N,23,1,5392.6,0,0,2,2241.6,3727.88,1.34
M0009375,N,64,2,23659.92,0,2,1,5491.35,19075.25,3.29
M0009376,N,77,2,22525.55,0,0,0,7495.08,11827.97,1.11
M0009377,N,75,0,11346.24,0,0,0,2828.17,6698.87,0.26
M0009378,N,70,1,17352.8,1,0,1,2648.88,13156.28,1.54
M0009379,N,37,0,7563.66,0,2,0,2525.97,6194.33,1.97
M0009380,N,65,1,8618.72,0,1,0,1816.54,5188.99,0.0
M0009381,N,26,0,6971.94,0,1,0,3179.37,5562.73,1.31
M0009382,Y,45,4,158410.2,4,2,1,55387.59,152042.45,4.34
M0009383,N,32,2,3243.62,0,2,0,1121.48,1820.75,0.0
M0009384,N,33,1,52080.57,0,0,0,7068.32,48773.12,1.71
M0009385,N,51,1,12076.05,0,1,0,5582.7,10318.24,1.08
M0009386,N,26,3,13463.21,0,0,1,2934.33,16857.0,2.44
M0009387,N,58,1,12103.91,0,2,0,2146.02,14136.11,0.77
M0009388,N,76,1,8070.97,0,1,1,10904.55,3763.56,0.85
M0009389,N,70,0,6232.81,1,0,0,4292.42,5304.42,1.52
M0009390,N,55,2,6107.18,0,1,1,3732.21,6453.19,1.34
M0009391,N,23,2,12134.37,0,1,0,1129.5,8392.9,2.25
M0009392,N,45,3,13589.79,0,1,1,3334.17,16986.15,1.84
M0009393,N,20,1,3936.78,0,0,0,760.18,4468.35,1.4
M0009394,N,46,1,14940.74,1,2,1,6311.45,12396.75,1.47
M0009395,N,71,2,13138.51,1,2,1,1432.61,9119.3,1.87
M0009396,N,43,1,9613.98,0,3,0,4156.27,5179.68,1.5
M0009397,N,21,3,4719.12,0,0,1,1481.01,4167.58,2.47
M0009398,N,21,1,8866.53,0,0,0,5436.7,3473.54,0.0
M0009399,N,44,0,8632.28,0,1,0,5456.01,5181.65,0.65
M0009400,N,35,0,9462.35,0,0,2,1641.27,6720.72,0.53
M0009401,N,58,1,10958.44,0,1,0,2557.8,7871.83,1.2
M0009402,N,32,2,7917.78,0,1,0,638.48,7128.71,0.44
M0009403,N,39,1,34834.76,0,0,0,3514.75,24033.97,1.69
M0009404,N,65,0,10729.88,1,0,2,2919.47,9543.21,2.07
M0009405,N,55,1,8351.46,0,1,0,3155.74,9600.35,1.22
M0009406,N,58,0,3277.34,0,0,0,641.0,3142.58,0.97
M0009407,N,41,0,7643.36,0,0,0,4695.16,5307.09,0.83
M0009408,N,61,2,25089.59,0,0,0,1988.95,18133.8,0.31
M0009409,N,56,2,13186.73,0,0,0,1914.87,8411.16,2.47
M0009410,N,60,0,7204.62,0,1,2,2105.44,6096.52,0.04
M0009411,N,65,0,18287.49,0,2,0,3405.14,11009.02,0.26
M0009412,N,26,2,8923.93,1,0,0,1773.36,7096.8,0.87
M0009413,N,62,1,4790.96,0,0,1,690.17,6675.26,0.0
M0009414,N,52,3,17858.32,0,2,1,7134.81,17212.3,2.38
M0009415,N,26,0,12073.34,0,0,0,5508.44,4931.88,0.62
M0009416,N,25,3,23500.14,0,0,0,10866.48,13549.31,1.72
M0009417,N,21,2,13655.22,0,0,0,5380.49,9973.38,2.69
M0009418,N,57,2,37673.22,0,2,1,2182.49,30140.28,0.87
M0009419,N,50,0,5622.38,0,0,0,1110.03,4603.9,1.53
M0009420,N,24,1,10253.28,2,0,0,4168.24,4057.05,1.75
M0009421,N,66,1,11313.06,0,0,0,4679.57,9279.85,1.72
M0009422,N,80,1,27651.41,0,0,0,1667.32,30318.99,2.21
M0009423,N,54,3,18741.29,0,1,1,4820.2,12960.89,0.36
M0009424,N,59,2,20645.44,0,0,1,7067.78,9608.55,1.23
M0009425,N,61,1,20728.37,1,1,1,1556.66,17987.57,0.91
M0009426,N,41,1,7158.57,0,0,1,2343.57,8239.21,1.49
M0009427,N,23,0,3960.16,0,0,1,3856.88,1518.6,0.88
M0009428,N,48,0,9161.83,0,0,0,2937.39,9510.94,0.0
M0009429,N,54,1,21815.07,0,1,0,5826.68,29026.27,1.22
M0009430,N,72,2,23356.24,0,2,0,5077.85,15861.61,1.47
M0009431,Y,75,6,234652.3,5,6,7,132406.13,166950.62,7.12
M0009432,N,63,2,9731.54,0,1,0,6030.27,9048.03,1.87
M0009433,N,23,1,4825.78,0,1,0,2909.18,4420.98,0.84
M0009434,N,71,0,3963.78,1,1,0,827.34,5783.13,0.0
M0009435,N,79,0,15220.17,0,1,0,924.74,11491.27,1.48
M0009436,N,46,2,13478.25,1,1,1,3636.89,20202.07,1.47
M0009437,N,58,0,10535.15,0,2,0,3997.91,5190.24,1.17
M0009438,N,27,0,4573.08,0,0,1,1165.83,5714.22,0.72
M0009439,N,38,1,10221.08,0,0,0,500.23,7562.3,0.0
M0009440,N,42,2,19929.47,1,2,0,15877.32,12124.59,1.38
M0009441,N,45,2,22700.56,1,1,0,5003.58,17150.55,0.93
M0009442,N,60,1,10060.5,2,1,0,6958.78,8293.93,0.88
M0009443,N,65,2,14000.18,0,3,1,4669.11,14857.13,1.73
M0009444,N,47,2,14012.75,0,0,1,11770.94,5360.78,2.18
M0009445,N,62,2,4556.17,1,0,0,1886.91,3475.45,0.08
M0009446,N,80,2,11248.23,0,0,0,2230.55,7336.58,1.26
M0009447,Y,77,5,171116.53,1,3,3,88492.44,143326.39,6.62
M0009448,N,48,2,28358.81,0,0,0,14904.0,11324.17,0.99
M0009449,N,60,1,7343.16,0,0,1,2382.96,4497.84,1.51
M0009450,N,28,1,13792.33,1,0,1,2658.25,8627.71,0.58
M0009451,N,25,2,5680.09,0,0,0,844.24,3999.71,1.01
M0009452,N,59,1,17487.79,1,2,0,1114.86,15437.47,1.54
M0009453,N,78,3,39223.59,0,1,0,9962.95,21749.15,1.3
M0009454,N,40,1,30254.3,0,0,1,5946.72,19145.36,0.0
M0009455,N,25,0,11230.58,0,2,0,2903.33,16256.61,1.34
M0009456,N,23,0,11414.21,0,0,0,4549.91,6126.05,1.05
M0009457,N,79,1,14322.91,0,2,1,2937.26,8713.29,0.81
M0009458,N,55,1,12715.29,0,1,1,5041.07,8311.95,1.42
M0009459,N,35,1,22878.44,0,1,1,8403.13,23877.74,1.64
M0009460,Y,82,8,236131.07,4,6,3,54482.29,145847.18,5.14
M0009461,N,76,3,27657.29,0,2,1,3628.74,23070.22,1.88
M0009462,N,26,0,4604.31,1,0,0,1402.01,2667.86,0.73
M0009463,N,69,0,7624.64,0,0,1,2512.66,4445.94,1.67
M0009464,N,25,1,8814.81,0,1,0,903.59,7201.84,0.62
M0009465,N,63,0,2608.61,0,2,0,755.45,2016.15,0.0
M0009466,N,33,0,3069.19,0,1,0,531.38,2086.58,1.03
M0009467,N,39,0,10871.0,0,1,2,395.73,9755.72,0.11
M0009468,N,26,2,5004.43,0,1,0,1027.08,4069.6,0.61
M0009469,N,48,1,5305.86,0,0,0,848.1,4933.61,0.45
M0009470,Y,62,6,190555.85,1,2,1,72647.16,120390.55,3.31
M0009471,N,57,0,2685.98,0,2,0,817.23,1432.9,1.04
M0009472,N,73,0,7623.57,0,0,1,1485.86,4887.22,0.57
M0009473,N,72,0,23399.2,0,1,0,1532.49,18525.08,1.73
M0009474,N,18,1,3721.17,0,0,0,1785.11,2829.33,1.34
M0009475,N,37,2,11060.85,0,0,1,3795.87,5659.64,1.39
M0009476,N,56,2,15172.68,0,1,0,6720.3,6601.77,2.33
M0009477,N,26,1,10574.07,0,0,0,5329.15,8159.11,1.92
M0009478,N,47,0,17782.55,1,0,1,19732.51,8004.08,1.43
M0009479,N,19,2,10485.87,0,1,1,3004.62,12546.57,1.4
M0009480,N,42,1,12514.38,0,0,0,4173.02,9103.54,1.66
M0009481,N,53,1,7887.83,0,2,0,2197.31,6916.42,1.7
M0009482,N,21,2,14260.49,0,2,0,2291.16,10336.59,0.35
M0009483,N,26,0,8182.96,0,2,1,920.47,13123.86,0.28
M0009484,N,25,1,4968.63,0,0,0,4520.55,4185.76,2.55
M0009485,N,51,0,49114.24,0,1,2,555.5,48297.39,1.51
M0009486,N,41,4,30223.44,1,1,0,13762.22,21935.16,3.12
M0009487,N,42,1,10494.14,0,0,1,6197.38,3283.03,0.4
M0009488,N,74,0,7083.43,1,0,0,2388.42,4476.84,1.44
M0009489,N,75,3,26059.2,0,2,0,4776.06,20378.63,1.92
M0009490,N,36,2,8050.55,0,2,0,1725.75,5231.49,1.13
M0009491,N,64,2,9596.79,0,0,0,4727.24,4413.19,0.48
M0009492,N,27,1,5982.21,1,1,0,1198.47,3709.42,0.31
M0009493,N,26,2,10961.25,0,0,0,2422.81,11310.21,1.83
M0009494,N,69,1,27339.56,0,1,1,10016.67,19612.69,0.88
M0009495,N,55,3,23972.56,0,3,1,8801.11,28003.47,3.64
M0009496,N,60,2,24275.28,0,0,1,12122.93,7525.8,2.22
M0009497,N,28,0,8242.56,0,0,0,3128.95,9008.22,0.85
M0009498,N,58,1,5344.38,0,0,0,1547.11,3462.11,2.51
M0009499,N,79,0,16244.91,1,0,1,2416.45,11720.08,1.87
M0009500,N,23,1,10289.21,0,0,0,6518.0,7673.87,2.4
M0009501,N,77,1,21943.72,0,0,0,4318.06,12958.61,0.99
M0009502,N,38,2,11773.48,0,0,0,3748.83,5817.98,1.93
M0009503,N,64,0,5348.9,1,0,1,2065.94,2468.12,1.31
M0009504,N,69,3,6641.36,0,1,1,1844.88,9505.28,0.74
M0009505,N,54,0,9754.11,0,2,0,846.83,9566.32,1.67
M0009506,N,73,1,6256.49,1,2,0,930.17,6249.05,1.62
M0009507,N,54,0,4659.02,0,0,1,486.16,3665.38,0.31
M0009508,N,68,1,16191.75,1,0,0,1794.07,12428.9,0.95
M0009509,N,62,2,23142.67,0,2,1,5232.31,12992.81,1.1
M0009510,N,62,2,7526.87,1,3,0,2650.67,4354.52,1.64
M0009511,N,28,0,26562.44,1,0,0,4248.45,17320.58,1.88
M0009512,N,48,0,35425.52,0,0,0,10892.61,19949.31,2.45
M0009513,N,79,3,11282.9,0,1,1,12633.69,3799.02,0.89
M0009514,N,67,0,8199.13,0,1,0,2137.15,7294.26,1.78
M0009515,N,25,1,3957.07,0,0,0,421.41,4877.97,0.61
M0009516,N,24,2,5435.68,0,0,0,1899.15,3415.75,0.59
M0009517,N,56,0,9801.58,0,1,2,3462.61,11594.24,2.0
M0009518,N,49,0,4658.78,0,0,0,1329.73,3850.26,0.15
M0009519,N,36,2,15995.84,1,0,0,9908.06,5484.25,1.16
M0009520,N,30,1,18068.1,0,0,0,2491.21,12831.02,1.87
M0009521,N,66,2,14050.65,1,1,1,7327.71,6569.25,1.68
M0009522,Y,77,7,125769.77,2,3,2,110329.66,52534.42,2.88
M0009523,N,74,2,8381.12,0,0,0,1354.57,5758.31,0.26
M0009524,N,19,1,10470.89,0,0,0,3473.78,4728.01,0.9
M0009525,N,64,3,24570.18,0,3,0,7602.39,15389.79,3.26
M0009526,N,71,2,25369.33,0,2,0,8361.18,12247.07,1.62
M0009527,N,31,1,11511.64,0,0,0,3476.93,8200.83,1.41
M0009528,N,61,1,8837.66,0,0,0,3727.78,5647.77,1.29
M0009529,N,28,0,4940.75,0,1,0,1155.36,2795.09,2.18
M0009530,N,27,1,22631.01,0,0,0,737.04,17233.01,0.0
M0009531,N,28,1,8921.77,0,2,0,5995.81,6108.51,1.8
M0009532,N,28,0,7473.04,0,0,0,2331.76,6812.05,0.74
M0009533,N,56,2,9225.77,0,1,0,8180.64,5747.89,0.92
M0009534,N,80,1,59022.47,0,1,1,26040.65,20672.96,1.44
M0009535,Y,70,8,265821.51,5,7,6,112375.82,139299.07,6.53
M0009536,N,72,1,9151.42,0,0,0,1540.0,11658.11,3.08
M0009537,N,80,0,2291.41,0,1,0,856.94,1473.64,0.94
M0009538,Y,60,3,180303.73,1,4,2,97331.88,73764.5,4.71
M0009539,Y,64,8,289887.54,1,3,5,96909.0,185043.82,5.42
M0009540,N,41,1,30021.09,0,0,0,3394.51,21395.74,1.83
M0009541,N,66,0,5037.03,0,0,0,1453.94,4754.42,1.16
M0009542,N,19,2,12821.15,1,1,0,810.21,12999.21,1.87
M0009543,N,55,0,21665.05,0,1,2,3052.75,24063.43,2.05
M0009544,N,39,3,29439.99,0,1,0,18896.11,14209.85,2.84
M0009545,Y,80,5,165310.57,4,6,3,64415.59,116182.07,5.84
M0009546,N,37,0,5007.85,1,2,0,1172.3,5135.8,1.56
M0009547,N,28,0,5931.78,0,0,0,2986.18,5614.12,1.41
M0009548,N,46,0,16347.52,0,3,2,2584.83,13562.13,0.58
M0009549,N,71,0,2995.74,0,1,0,96.45,2689.78,1.18
M0009550,N,46,0,3492.11,0,2,0,1041.94,2428.58,1.51
M0009551,N,48,0,11524.77,0,1,0,1723.75,8434.15,0.9
M0009552,N,32,1,4026.22,1,0,1,1575.43,2697.62,1.4
M0009553,N,43,0,7674.92,0,0,1,2181.08,5653.33,0.56
M0009554,N,21,2,29288.74,0,0,1,10527.52,16658.11,0.0
M0009555,N,62,2,4547.45,0,0,0,2726.09,2192.89,0.09
M0009556,N,58,0,20390.52,0,0,1,3068.36,13172.88,0.46
M0009557,N,68,1,19597.29,0,0,1,6383.08,15974.07,2.25
M0009558,N,48,0,17049.38,0,1,0,4367.81,21723.66,2.06
M0009559,N,51,1,5566.31,0,0,0,4070.89,2473.73,0.31
M0009560,N,62,0,11433.57,1,2,0,1722.26,9245.22,1.17
M0009561,N,55,1,21736.61,0,1,0,17302.35,7408.83,1.7
M0009562,N,37,0,10584.51,1,1,0,3753.55,8396.37,1.37
M0009563,N,49,1,12539.46,1,2,0,970.74,11148.08,1.88
M0009564,N,52,2,40187.36,0,2,1,5571.14,26928.73,0.11
M0009565,N,56,0,5439.58,0,0,0,1104.54,7001.94,0.47
M0009566,N,19,2,7503.76,1,2,0,1994.56,6221.22,0.98
M0009567,N,28,1,3993.36,0,0,0,2669.1,1845.99,0.52
M0009568,N,61,0,4486.59,0,0,0,1587.08,5293.89,1.93
M0009569,N,55,0,11569.09,0,1,0,4096.36,9067.42,0.0
M0009570,N,79,0,12132.7,0,2,0,1842.75,8183.55,2.03
M0009571,N,58,1,34340.73,1,1,0,4173.25,23057.59,1.63
M0009572,N,28,1,9065.34,0,2,0,1268.45,13045.83,1.21
M0009573,N,66,0,14100.66,0,0,0,449.85,16689.24,1.78
M0009574,N,18,0,14399.27,0,0,0,6275.75,16469.49,2.14
M0009575,N,51,1,16032.37,0,0,0,1685.25,12965.61,1.62
M0009576,N,20,2,16328.04,1,3,2,9118.75,5520.17,2.98
M0009577,N,30,0,7808.79,0,1,0,2655.88,10826.89,3.11
M0009578,N,79,2,8117.08,0,0,0,2999.4,11502.23,1.33
M0009579,N,37,1,12745.16,0,0,1,4994.4,17820.21,0.43
M0009580,N,47,1,15303.29,0,0,0,5469.78,8345.06,1.05
M0009581,N,44,0,28098.63,1,0,1,6008.75,40242.43,0.0
M0009582,N,42,0,5670.67,0,0,0,1382.34,5432.61,2.76
M0009583,N,63,0,10234.98,0,1,0,2178.49,6524.2,2.03
M0009584,N,57,1,11100.53,0,1,0,2165.9,12525.76,1.41
M0009585,N,26,2,7605.13,0,0,0,9552.63,3521.76,1.12
M0009586,N,65,1,35668.35,0,3,0,4015.07,29690.47,1.23
M0009587,N,76,2,8974.92,0,0,0,2246.33,7128.29,2.04
M0009588,N,69,1,11566.85,0,2,1,1992.25,11315.34,2.4
M0009589,N,69,1,7811.18,0,2,0,3912.65,2978.67,0.35
M0009590,N,39,0,2339.95,0,1,0,511.76,1866.43,0.04
M0009591,N,77,0,13227.84,1,0,1,2237.68,16048.25,1.21
M0009592,N,70,0,5306.58,0,0,1,3522.09,5029.66,2.02
M0009593,N,21,0,23089.69,0,1,0,16136.47,22124.19,0.0
M0009594,N,56,2,14625.01,0,1,0,919.94,15828.47,1.37
M0009595,N,56,1,11528.03,1,2,0,4317.17,10220.98,0.34
M0009596,N,37,2,19843.77,0,1,1,6179.66,12979.72,1.76
M0009597,N,44,0,8415.12,0,0,2,1333.46,6342.12,1.4
M0009598,N,77,1,7746.35,1,0,0,4221.1,2292.9,0.7
M0009599,N,33,1,5123.81,0,1,0,866.34,5003.51,0.52
M0009600,N,75,3,14007.17,0,0,1,8176.71,10842.26,0.88
M0009601,N,44,2,11671.29,0,0,0,970.23,18589.11,0.23
M0009602,N,40,1,12203.75,0,1,0,7847.86,5363.63,0.0
M0009603,N,77,2,17488.68,2,2,0,4928.01,8762.89,1.79
M0009604,N,43,0,14792.27,0,0,0,11110.16,15170.07,1.54
M0009605,N,39,1,25511.47,1,2,0,3878.59,16789.86,0.52
M0009606,N,72,1,19182.55,2,0,1,12391.04,11729.96,2.89
M0009607,Y,71,4,157518.12,1,3,4,87130.99,92047.19,5.52
M0009608,N,24,0,18704.18,0,0,0,5101.29,13185.63,1.19
M0009609,N,70,2,12219.5,0,1,0,13850.48,5041.45,1.49
M0009610,N,51,1,13588.04,0,1,1,2002.92,9113.24,0.14
M0009611,N,79,0,12669.94,0,1,0,5777.3,14936.37,2.61
M0009612,N,47,1,22571.34,0,1,0,15275.47,3998.87,3.05
M0009613,N,18,2,13060.37,1,1,1,9544.92,10869.27,0.89
M0009614,N,40,2,11729.01,0,1,0,9894.62,8937.33,1.08
M0009615,N,44,0,18075.8,0,2,0,4712.66,15980.59,1.31
M0009616,N,54,1,22858.68,0,0,0,5853.25,12521.72,0.91
M0009617,N,46,0,4616.34,0,0,0,3415.64,3905.98,2.01
M0009618,N,29,2,20164.22,0,1,0,10006.36,13002.09,0.32
M0009619,N,53,0,3043.89,0,0,0,2764.6,1972.2,0.82
M0009620,N,73,1,19418.07,0,0,0,1724.59,18027.52,0.63
M0009621,N,30,2,3156.27,0,1,0,1881.1,2468.92,0.0
M0009622,N,41,1,20584.88,0,0,0,18449.92,10978.15,1.71
M0009623,N,72,2,11950.05,1,2,0,3638.67,5884.89,3.37
M0009624,N,43,0,8797.58,0,0,0,1333.66,8512.23,0.38
M0009625,N,55,1,16612.98,1,0,2,8392.67,10432.43,0.5
M0009626,N,36,2,13293.17,0,0,0,4308.54,9605.29,0.98
M0009627,N,71,0,3768.38,0,0,0,1145.62,3532.84,1.92
M0009628,N,37,1,8401.47,0,0,0,1024.8,9343.47,1.65
M0009629,N,80,0,4902.2,0,1,0,539.35,3345.11,0.77
M0009630,N,20,0,37444.37,0,0,0,7543.19,22334.79,1.84
M0009631,N,79,1,28629.26,0,0,0,2029.45,23548.39,2.19
M0009632,N,80,2,5660.46,0,0,0,2209.01,5593.73,0.43
M0009633,N,33,2,6521.96,0,0,0,1485.41,3832.32,0.76
M0009634,N,49,2,5818.67,0,0,2,2318.27,3419.0,0.6
M0009635,Y,41,5,242072.8,4,7,3,144227.42,140722.39,4.52
M0009636,N,25,0,9527.16,0,0,0,2757.92,5759.91,1.09
M0009637,N,38,1,2024.42,0,2,1,652.41,1049.49,0.0
M0009638,N,27,2,5498.29,0,0,1,1546.2,6428.08,1.73
M0009639,N,44,0,5717.96,0,0,0,890.84,5226.92,0.74
M0009640,N,52,2,23966.75,0,1,1,2324.74,32730.12,3.05
M0009641,N,59,0,37514.57,0,1,0,8392.17,22893.96,0.85
M0009642,N,56,1,20273.05,0,1,1,1067.25,27981.26,1.41
M0009643,N,78,0,5930.2,0,0,1,773.33,4440.75,1.5
M0009644,N,41,1,8690.41,0,0,0,4479.68,7987.99,0.4
M0009645,N,72,2,13371.38,0,0,3,2706.35,8061.87,1.9
M0009646,Y,50,6,311915.75,4,8,2,192379.24,172849.41,7.6
M0009647,N,77,1,3490.96,0,0,0,408.94,4513.26,1.69
M0009648,N,64,0,2062.77,0,0,1,378.56,2944.43,0.51
M0009649,N,25,2,13623.46,0,1,0,5187.21,9948.91,2.32
M0009650,N,80,0,6623.43,0,0,0,3839.28,5122.45,1.26
M0009651,N,47,1,16425.56,0,0,0,3736.58,12194.36,2.91
M0009652,N,65,2,13087.98,2,2,2,5730.25,5892.02,2.21
M0009653,N,71,1,5354.29,0,0,0,693.44,7613.08,1.88
M0009654,N,22,2,7895.63,1,0,0,4697.82,3666.06,0.2
M0009655,N,60,0,8334.07,1,0,0,1006.17,5841.73,1.01
M0009656,N,39,1,16042.01,0,1,0,6978.85,18400.14,2.0
M0009657,N,38,0,8124.09,0,0,0,1429.61,7215.63,0.0
M0009658,N,43,0,8816.46,0,1,0,2562.05,5662.14,0.45
M0009659,N,27,1,7058.83,0,0,0,4124.43,4418.56,0.65
M0009660,N,72,0,25708.09,0,0,0,13275.36,10362.47,2.37
M0009661,N,36,2,11027.11,0,0,0,3008.71,8139.9,0.0
M0009662,N,51,2,4896.01,0,0,0,2184.64,1725.52,1.46
M0009663,N,26,2,11879.77,1,1,1,5063.17,14273.48,3.53
M0009664,N,50,2,12443.96,0,1,1,7944.23,5294.84,0.17
M0009665,N,43,0,9168.71,0,1,0,3625.5,8604.59,0.56
M0009666,N,22,1,17960.08,0,1,0,9734.14,5412.72,1.25
M0009667,N,48,1,3068.18,1,0,0,839.74,1746.57,0.34
M0009668,N,58,0,5845.28,0,0,0,2463.71,2410.25,0.8
M0009669,N,39,1,9678.8,0,0,0,3986.74,6054.56,0.7
M0009670,N,45,3,26940.19,1,1,1,14772.18,16597.47,2.79
M0009671,N,47,3,8288.96,0,2,0,4731.28,6834.1,0.89
M0009672,N,59,1,4312.97,1,1,0,1245.05,5537.75,0.26
M0009673,N,66,0,5898.49,0,0,0,2303.3,5104.99,0.67
M0009674,N,26,0,6946.69,0,0,0,4405.3,7933.01,1.9
M0009675,N,30,0,15014.75,0,1,0,2399.26,18113.02,1.05
M0009676,N,75,1,10993.16,0,1,0,3500.84,13317.5,2.31
M0009677,N,34,1,22177.6,1,0,0,4287.17,13755.05,3.17
M0009678,N,32,1,5180.81,0,1,0,1484.36,3519.53,0.0
M0009679,N,60,0,10558.64,0,0,0,7167.67,8501.24,0.0
M0009680,N,35,1,7400.32,0,1,0,487.25,10333.57,0.56
M0009681,N,53,0,21292.53,0,0,0,1102.73,32118.6,0.0
M0009682,N,22,2,23316.21,0,0,0,8963.51,11152.07,0.49
M0009683,N,75,0,5950.01,0,1,1,406.52,5839.02,0.0
M0009684,N,34,2,8703.47,0,0,0,4525.71,3203.91,0.45
M0009685,N,41,1,2823.4,0,1,1,1045.58,3642.24,0.02
M0009686,N,30,2,6493.43,0,0,2,1555.93,7045.22,0.0
M0009687,N,18,1,7615.9,1,0,0,931.11,6043.62,0.81
M0009688,N,38,0,6764.01,0,0,0,1458.14,7976.25,1.86
M0009689,N,27,0,14765.75,0,0,1,5341.28,9045.86,1.63
M0009690,N,72,0,8261.89,0,0,0,3130.02,3945.73,1.44
M0009691,N,51,0,13885.81,0,0,0,5110.56,19859.01,0.93
M0009692,N,78,0,3729.1,0,1,0,875.55,5753.65,0.97
M0009693,N,79,1,2857.42,0,1,0,619.44,3779.24,1.58
M0009694,N,43,1,3936.68,0,1,0,837.86,4459.59,0.65
M0009695,N,54,0,17590.08,1,3,0,2709.99,16547.22,1.05
M0009696,N,36,2,14554.98,0,0,0,6317.4,16483.24,2.11
M0009697,N,33,1,3894.0,0,0,0,1033.87,2581.86,0.2
M0009698,N,58,3,15951.95,0,1,0,5448.78,9948.06,2.35
M0009699,N,22,0,3048.75,0,0,0,1200.69,2164.1,0.17
M0009700,N,80,0,6511.76,0,0,0,3429.47,3656.16,1.6
M0009701,N,32,0,6394.73,0,0,0,820.62,7263.36,0.0
M0009702,N,62,2,20585.57,0,0,0,4968.95,14594.96,1.23
M0009703,N,34,2,20027.04,0,2,0,5222.46,12718.25,1.5
M0009704,N,37,0,13931.88,0,2,0,1305.11,10819.57,0.0
M0009705,N,28,0,4054.06,0,1,0,1164.88,4858.06,1.32
M0009706,N,49,0,4150.16,0,0,0,1986.59,4926.51,0.0
M0009707,N,54,0,11740.76,0,0,1,2608.44,13387.13,0.92
M0009708,N,27,0,9546.93,1,0,1,2009.47,9624.15,0.79
M0009709,N,38,2,13654.65,0,1,0,413.97,15362.86,2.27
M0009710,N,51,0,28922.13,0,1,0,6158.91,16644.35,1.17
M0009711,N,58,0,6524.54,0,0,0,743.56,7507.66,1.14
M0009712,N,52,0,23184.39,0,0,1,5236.92,27274.76,1.59
M0009713,N,44,0,3555.6,0,0,0,1158.77,3972.05,1.54
M0009714,N,61,1,13853.95,0,2,0,3174.42,9438.7,1.12
M0009715,N,36,0,8590.09,0,2,1,1672.72,8405.99,0.51
M0009716,N,75,1,3262.14,0,2,0,294.3,2624.58,0.31
M0009717,N,67,1,22010.22,1,3,0,6331.99,15725.72,3.75
M0009718,Y,60,3,248364.62,6,4,5,121222.17,172266.82,5.54
M0009719,N,34,0,5211.16,0,2,0,759.39,4339.72,1.33
M0009720,N,78,1,17658.03,2,1,1,5247.92,9630.26,2.35
M0009721,Y,59,3,290766.5,5,2,4,67452.27,206781.49,4.11
M0009722,N,69,1,12110.46,1,2,0,4463.73,7387.55,1.81
M0009723,N,49,0,14130.24,0,0,1,2144.81,9406.25,1.75
M0009724,N,67,2,7026.5,0,3,1,923.6,7525.82,1.99
M0009725,N,51,1,23950.2,1,0,0,1048.77,22533.96,0.96
M0009726,N,38,0,9875.04,0,1,0,913.78,6833.78,2.07
M0009727,N,67,0,12030.18,0,1,0,2274.29,12311.15,2.36
M0009728,Y,74,7,207863.46,3,2,3,68396.03,195682.03,5.1
M0009729,N,42,1,6443.18,0,0,0,2272.78,3251.57,0.0
M0009730,N,77,2,11145.0,0,1,0,4826.34,11911.02,1.12
M0009731,N,26,0,11281.75,1,1,1,4964.0,6111.55,0.85
M0009732,Y,65,3,266947.9,3,1,2,114436.33,135069.13,3.71
M0009733,N,45,1,14207.64,0,2,1,5122.27,7387.3,1.48
M0009734,N,31,0,4457.24,0,0,0,961.81,4245.32,1.73
M0009735,N,43,1,10188.69,0,0,1,3784.22,7022.9,0.76
M0009736,N,67,1,19242.8,0,2,0,1646.88,21531.84,1.26
M0009737,N,22,0,21454.92,1,1,1,8299.79,12825.88,1.6
M0009738,N,58,0,8264.76,0,1,0,6127.21,8780.33,0.0
M0009739,N,24,3,6159.51,0,1,1,2852.09,7607.27,1.48
M0009740,N,72,0,8812.48,0,0,0,5049.92,6902.08,0.48
M0009741,N,19,1,11282.05,0,0,0,3994.26,5629.65,0.83
M0009742,N,64,0,19726.96,0,2,1,9035.47,12125.35,1.99
M0009743,N,66,1,29893.36,0,1,1,2523.15,29099.93,0.05
M0009744,N,74,1,9344.92,0,0,0,3265.94,4273.18,1.01
M0009745,N,52,1,6249.89,0,1,0,1277.66,5406.51,0.93
M0009746,N,58,2,7370.64,1,3,0,4666.21,6039.62,1.78
M0009747,N,33,0,6135.32,0,0,0,2430.52,3716.95,0.88
M0009748,N,24,1,7738.58,1,0,0,2606.64,11374.89,0.0
M0009749,N,18,1,1980.07,0,0,0,1642.82,1628.73,1.33
M0009750,N,46,3,13997.22,0,0,0,5419.41,18342.35,1.56
M0009751,N,35,0,23635.35,1,2,0,13781.05,15789.28,2.64
M0009752,N,21,0,10500.03,0,1,0,4442.04,3807.75,1.26
M0009753,N,75,0,10551.61,0,0,0,8202.2,6002.22,2.3
M0009754,N,74,0,17376.71,0,0,1,5428.65,11334.48,0.87
M0009755,N,56,1,23939.01,0,0,1,14945.62,12430.56,2.63
M0009756,N,76,0,2414.6,1,1,0,686.49,2888.65,0.12
M0009757,N,28,1,14135.87,1,0,0,5975.52,5417.21,0.14
M0009758,N,40,1,5777.52,0,0,1,2207.28,5940.35,1.35
M0009759,N,22,0,28319.33,0,0,0,5178.51,23401.21,1.38
M0009760,N,34,1,11461.34,0,0,1,1590.85,7711.03,0.0
M0009761,N,46,0,25280.94,0,0,0,1444.94,18351.62,0.0
M0009762,N,49,1,7988.5,0,2,1,1399.79,7138.62,1.29
M0009763,N,69,2,40988.16,0,0,1,14095.63,38833.43,2.32
M0009764,N,58,0,6372.58,0,1,0,3764.45,5073.36,0.49
M0009765,N,45,3,26505.75,0,1,0,1644.42,26109.2,2.23
M0009766,N,77,4,18636.87,1,1,0,5687.44,12118.7,1.32
M0009767,N,80,0,10691.12,1,0,0,581.44,10794.84,0.38
M0009768,N,51,1,14531.85,0,2,1,4847.21,7800.99,1.36
M0009769,N,79,1,5814.5,0,3,0,2635.73,2330.24,0.5
M0009770,N,64,3,12527.67,0,0,0,1139.26,10469.83,0.85
M0009771,N,20,0,4089.91,0,0,0,2428.35,4954.52,1.02
M0009772,N,22,2,6753.89,2,0,0,2795.4,6557.33,0.67
M0009773,N,76,1,6364.48,0,1,0,1211.4,5280.48,0.0
M0009774,N,23,0,12002.25,1,1,3,9455.72,6454.17,0.4
M0009775,N,73,2,10936.46,0,0,0,2409.35,8940.33,1.62
M0009776,N,52,1,21255.27,0,2,0,4650.9,24350.85,1.43
M0009777,N,75,1,5016.44,0,1,0,745.74,3826.98,1.27
M0009778,N,52,1,8717.66,0,0,0,714.08,7019.66,1.93
M0009779,N,63,2,19513.01,1,2,0,13859.7,3859.17,2.15
M0009780,N,27,2,69545.08,0,0,0,9823.11,48427.31,1.77
M0009781,N,18,2,44595.43,0,0,0,1987.32,49605.8,0.94
M0009782,Y,64,6,263375.48,3,4,3,112959.24,199048.35,7.24
M0009783,N,77,0,3484.49,0,0,0,1173.29,3036.96,0.69
M0009784,N,32,3,55418.93,2,0,1,19051.33,26330.09,0.76
M0009785,N,46,0,9520.43,0,0,0,2484.58,10641.99,0.0
M0009786,N,26,2,25483.29,1,1,1,2623.71,20355.56,1.46
M0009787,N,80,0,9675.1,0,2,0,3858.03,5640.32,0.0
M0009788,N,19,1,12896.17,0,0,0,6841.89,4696.57,0.74
M0009789,N,72,0,26831.95,0,0,0,6797.07,15894.73,0.79
M0009790,N,67,1,13463.56,1,2,0,2582.17,12886.73,0.0
M0009791,N,34,3,6709.69,0,1,0,3590.54,3958.47,1.78
M0009792,N,28,2,9068.22,0,2,0,1863.45,5420.26,1.73
M0009793,N,71,2,11128.85,1,1,1,5360.13,11712.63,1.44
M0009794,N,70,1,6771.51,1,2,0,2943.91,4483.69,0.42
M0009795,N,68,2,26728.24,0,1,0,745.44,24548.28,0.0
M0009796,N,39,0,7308.86,0,0,0,4768.23,2455.18,0.0
M0009797,N,23,0,6157.88,0,2,1,796.88,4544.78,1.44
M0009798,N,74,0,13854.8,1,0,0,1534.39,10315.53,0.53
M0009799,N,53,1,12460.16,1,2,0,3174.81,6839.67,0.0
M0009800,N,76,0,11095.19,0,0,1,3851.31,7565.57,0.96
M0009801,N,46,0,9406.82,0,0,0,6077.88,7884.69,1.05
M0009802,N,21,1,23063.34,0,0,0,13378.49,7878.47,1.13
M0009803,N,47,2,2954.29,0,0,0,1047.97,3842.95,0.86
M0009804,N,66,0,12191.91,0,0,1,3513.75,17762.9,1.35
M0009805,N,75,1,10352.45,0,1,0,2737.11,10618.06,0.52
M0009806,N,18,1,13952.66,0,1,0,3990.46,11672.95,2.05
M0009807,N,56,1,26848.63,0,0,0,5940.19,18423.66,1.29
M0009808,N,70,0,6806.07,0,0,0,1734.15,9404.7,0.57
M0009809,N,73,0,6313.67,0,0,1,385.89,4919.25,1.32
M0009810,N,64,0,11911.21,0,1,0,8176.17,10100.17,1.76
M0009811,Y,57,5,268793.19,7,6,2,87412.65,154302.16,8.1
M0009812,Y,61,6,253538.18,3,4,1,154765.76,73710.77,6.31
M0009813,N,65,2,16516.22,0,0,1,3147.55,10994.5,1.77
M0009814,N,26,0,24005.41,0,0,0,10248.18,9001.03,1.65
M0009815,N,77,0,10536.04,0,1,0,1778.4,9892.9,2.41
M0009816,N,75,1,4911.28,1,0,1,483.38,4688.73,0.83
M0009817,N,78,0,7153.75,0,0,0,2054.78,5514.21,0.65
M0009818,Y,45,7,182622.36,2,5,2,37781.14,143242.79,4.48
M0009819,N,42,3,25115.27,1,1,0,11194.86,9724.97,2.17
M0009820,N,43,0,8199.24,0,2,0,3291.5,11393.62,1.25
M0009821,N,27,1,6267.7,0,0,0,1606.42,4131.65,1.69
M0009822,N,70,3,6623.46,0,0,0,1547.27,5560.87,2.27
M0009823,N,20,1,20165.58,0,1,0,6155.45,13445.77,2.99
M0009824,N,35,2,4567.63,0,1,0,1282.28,4963.97,1.53
M0009825,N,37,3,22463.11,0,2,0,5748.65,14322.87,1.37
M0009826,N,24,2,32292.49,0,1,1,10444.77,22630.79,2.15
M0009827,N,60,0,10532.7,1,1,1,844.36,7872.99,0.36
M0009828,N,65,0,5739.11,1,0,0,3300.48,2033.73,1.7
M0009829,N,73,1,12446.01,0,0,0,4999.56,8757.32,0.0
M0009830,N,38,0,7942.06,0,0,0,889.74,10151.37,1.01
M0009831,N,69,0,6780.05,0,0,1,828.06,8789.77,0.28
M0009832,N,30,1,16828.7,0,0,0,6798.57,15031.24,1.81
M0009833,N,42,0,34360.26,0,0,1,19314.41,10384.16,0.19
M0009834,N,28,0,41813.89,0,1,1,15124.51,17765.41,0.0
M0009835,N,57,1,14898.79,1,1,0,3489.81,8408.73,2.5
M0009836,N,67,0,3287.05,0,0,1,3164.85,1705.39,0.26
M0009837,N,59,0,11484.67,0,0,0,3755.98,6402.0,0.0
M0009838,N,63,1,6402.87,0,2,0,4987.96,5650.59,2.34
M0009839,N,80,2,1954.18,0,1,0,946.05,2442.13,0.97
M0009840,N,42,1,9487.33,0,1,0,810.73,9671.03,1.0
M0009841,N,37,2,26528.94,0,1,0,5616.78,22112.81,2.29
M0009842,N,73,1,24312.35,0,1,2,11963.11,9682.93,1.13
M0009843,Y,57,4,228777.25,2,4,5,58835.4,197723.36,6.32
M0009844,N,75,1,6106.98,1,1,0,755.85,9549.64,0.33
M0009845,N,25,1,5668.2,0,0,0,2750.42,2438.53,0.0
M0009846,N,55,2,12700.49,0,1,0,5778.09,10643.63,2.55
M0009847,N,25,0,6289.15,0,1,0,2190.89,7658.55,1.39
M0009848,N,57,0,6594.6,0,0,1,1742.7,8667.4,0.0
M0009849,N,31,0,5041.28,0,3,1,1273.93,7696.09,0.89
M0009850,N,51,1,7859.21,0,0,0,10383.49,3282.03,0.66
M0009851,N,75,2,18164.86,0,3,0,8210.23,6498.64,0.01
M0009852,N,64,1,3370.47,1,0,1,2680.31,1114.86,0.0
M0009853,N,79,1,8878.09,0,2,1,5739.8,9584.44,0.27
M0009854,N,23,1,2381.64,0,1,0,486.15,3457.19,1.04
M0009855,N,35,0,10465.26,0,0,0,1271.74,7815.42,0.87
M0009856,N,78,1,14222.28,0,1,0,5338.67,7492.36,1.13
M0009857,N,32,3,22158.89,0,1,0,2126.12,15968.75,1.96
M0009858,N,21,1,2918.92,0,3,0,2154.97,2447.87,0.0
M0009859,N,37,1,34973.96,0,0,1,2728.17,35623.77,0.57
M0009860,N,75,1,9696.23,0,0,0,2777.39,7542.83,1.22
M0009861,N,65,2,16402.84,0,0,0,3963.2,8960.54,1.13
M0009862,N,77,1,19715.85,0,0,0,5238.69,11959.5,2.66
M0009863,N,64,0,17127.15,1,1,0,1137.86,12677.67,1.49
M0009864,N,62,2,13242.96,0,1,0,4565.47,14364.69,0.71
M0009865,N,39,1,13447.41,0,0,1,5360.91,10507.94,0.57
M0009866,N,54,0,29449.6,0,0,0,22071.65,16228.85,1.55
M0009867,N,41,1,7148.56,0,0,0,1654.19,6299.96,0.39
M0009868,N,61,1,10090.44,0,0,2,8181.14,8400.97,1.69
M0009869,N,53,2,21818.8,0,2,0,1900.31,18507.39,1.32
M0009870,Y,80,5,336184.46,3,4,1,72763.38,214283.32,3.79
M0009871,N,34,0,3539.41,0,0,0,2202.86,3175.33,1.07
M0009872,N,59,0,8460.89,0,0,0,1720.53,5012.82,0.63
M0009873,N,51,0,19488.0,2,0,0,1965.62,18666.01,1.54
M0009874,N,28,3,8497.71,0,0,0,1841.81,7929.82,2.23
M0009875,N,27,0,5459.9,0,0,0,568.69,4606.93,0.91
M0009876,N,51,1,13245.45,0,0,0,1352.11,14556.81,1.08
M0009877,N,22,2,49313.1,1,3,0,20620.23,19169.7,2.85
M0009878,N,63,2,15332.73,0,0,2,7522.29,14588.08,0.42
M0009879,N,76,0,8354.2,0,0,0,2710.14,10409.93,0.34
M0009880,N,63,0,17013.23,0,0,0,1962.15,11929.47,0.69
M0009881,N,38,0,13607.28,1,0,0,2492.01,8313.11,1.9
M0009882,N,20,0,6401.29,0,0,0,2747.54,4795.0,1.43
M0009883,N,33,2,4438.92,0,0,0,768.71,2714.77,0.0
M0009884,Y,66,3,158969.58,2,3,2,114500.06,87917.86,4.99
M0009885,N,37,0,7092.2,0,0,0,316.96,5661.52,0.0
M0009886,N,75,2,13380.93,0,1,0,1895.62,14139.32,0.35
M0009887,N,52,1,8644.19,0,1,0,2753.93,10368.7,0.62
M0009888,N,52,0,8348.54,0,0,0,430.82,8314.79,1.49
M0009889,N,40,1,8454.87,0,1,1,1013.38,6442.46,1.89
M0009890,N,28,1,6025.08,1,0,1,968.11,8113.1,0.5
M0009891,N,64,2,20580.28,1,1,0,2297.69,14485.75,0.49
M0009892,N,63,0,15617.82,0,0,0,3465.35,15177.35,0.87
M0009893,N,51,0,6814.99,0,2,0,3312.52,4746.28,2.16
M0009894,N,72,1,10455.13,0,0,0,1596.48,8870.2,0.2
M0009895,N,57,2,20108.07,0,2,0,23347.46,2924.94,2.01
M0009896,N,28,1,20760.36,0,0,0,3373.46,16711.19,1.53
M0009897,N,74,2,40339.92,0,2,0,6630.5,25967.03,2.41
M0009898,N,76,1,15091.55,0,0,0,2646.42,9402.64,1.63
M0009899,Y,84,5,229568.26,4,3,6,117017.26,209248.43,3.5
M0009900,N,63,0,36453.38,0,0,1,4281.75,27379.44,1.0
M0009901,N,73,2,8649.82,0,1,0,4200.97,6615.86,1.34
M0009902,N,78,1,6899.09,0,0,0,2154.15,3645.17,2.39
M0009903,N,62,3,22404.39,0,2,0,12347.54,15497.27,2.53
M0009904,N,29,1,8732.9,2,1,0,1130.7,6339.01,1.31
M0009905,N,67,1,6188.24,1,0,1,2694.18,4332.78,0.59
M0009906,N,59,2,7104.25,0,2,0,3709.89,7802.0,0.3
M0009907,N,57,1,15540.81,0,0,1,4037.75,8151.95,1.25
M0009908,N,30,0,3304.41,1,0,0,447.82,4814.39,0.69
M0009909,N,19,1,2951.48,0,1,0,719.63,3153.19,2.05
M0009910,N,18,1,2905.98,1,1,0,1112.83,3834.55,0.2
M0009911,N,74,2,18700.73,0,2,0,1799.71,15056.46,1.5
M0009912,N,60,0,8173.72,1,3,1,1098.97,10963.94,0.26
M0009913,N,31,0,17629.31,0,0,0,4134.89,10501.96,1.4
M0009914,N,76,1,1591.57,0,0,0,636.67,1634.9,1.1
M0009915,N,78,0,7126.47,0,2,1,1710.82,9974.82,2.04
M0009916,N,20,1,8789.54,0,1,0,4274.24,5797.04,0.0
M0009917,Y,84,2,160858.67,3,5,5,62758.84,78783.41,5.76
M0009918,N,44,0,6435.96,0,2,0,3225.52,4259.18,0.0
M0009919,N,25,2,9883.47,1,1,0,1932.55,7330.53,1.48
M0009920,N,50,2,19290.06,1,0,1,10393.42,8704.02,2.39
M0009921,N,73,1,6863.23,0,0,0,5162.49,6264.53,0.0
M0009922,N,30,1,13357.72,0,1,0,4735.58,8806.91,1.71
M0009923,N,40,1,18621.68,0,0,0,5691.58,12964.23,1.53
M0009924,N,38,0,9488.11,0,1,0,1150.66,6306.48,0.0
M0009925,N,29,3,23829.24,0,2,0,1297.73,18477.53,2.71
M0009926,N,74,1,23282.97,0,1,1,2426.66,15768.04,0.21
M0009927,N,80,0,9140.54,1,0,0,2051.91,7548.3,2.6
M0009928,N,29,1,6545.8,0,1,0,2634.1,8478.7,0.67
M0009929,N,60,0,3905.37,0,1,0,2208.33,1984.07,0.18
M0009930,N,79,2,3607.59,0,1,0,1307.4,4450.41,1.25
M0009931,N,51,1,33184.32,1,3,2,14044.9,19713.7,2.92
M0009932,N,31,1,6530.78,0,0,0,2305.42,5036.33,1.97
M0009933,N,71,1,4746.21,0,0,1,2971.18,5281.47,0.6
M0009934,N,21,1,9651.16,0,0,0,2638.75,6933.74,1.09
M0009935,N,62,3,14593.23,0,1,0,2503.28,14128.58,1.51
M0009936,N,41,2,3226.29,1,0,1,1679.29,2989.9,1.69
M0009937,N,63,0,5795.18,1,1,0,535.53,5947.14,1.32
M0009938,N,64,1,12628.53,0,0,0,2430.22,9975.66,1.55
M0009939,N,80,0,13837.52,0,0,0,4644.0,11514.75,0.0
M0009940,N,43,1,12993.81,0,1,0,1918.45,15111.05,1.97
M0009941,N,71,0,24994.71,0,2,2,10648.52,13278.59,0.49
M0009942,N,37,0,9251.72,0,0,0,4802.28,8697.15,1.99
M0009943,N,19,2,5786.45,0,1,0,1706.25,8800.96,1.23
M0009944,N,20,2,5477.12,0,1,0,1184.47,5152.41,1.17
M0009945,N,26,1,8896.32,0,0,0,3442.39,8201.67,0.68
M0009946,N,58,0,4656.13,1,1,1,2766.8,5645.77,2.16
M0009947,N,58,0,18152.63,1,1,1,7425.54,8683.6,0.73
M0009948,N,62,2,7958.98,0,1,0,1999.65,5516.06,0.56
M0009949,N,31,1,13296.34,0,0,0,792.66,11286.92,0.28
M0009950,N,23,1,3507.71,0,0,0,1520.62,1361.03,0.69
M0009951,N,77,0,5417.93,0,1,0,2748.97,4486.85,0.04
M0009952,N,27,2,43804.67,0,0,0,8773.61,32162.87,2.52
M0009953,N,22,1,15825.72,2,0,1,7267.79,7144.56,0.34
M0009954,N,70,0,9535.76,1,2,0,10985.9,3760.7,0.0
M0009955,N,23,0,4694.64,0,0,0,4080.44,3559.72,0.18
M0009956,N,34,1,17675.9,0,0,1,1028.36,22000.84,0.52
M0009957,N,72,0,10280.09,0,0,0,1353.91,7969.28,0.0
M0009958,N,80,0,9139.76,0,0,0,3504.74,10647.35,1.37
M0009959,N,75,1,19962.92,1,0,0,9742.52,7720.54,1.83
M0009960,N,35,2,9353.13,1,1,0,5833.81,3320.97,1.6
M0009961,N,37,2,13876.98,0,0,0,1116.57,11257.0,2.08
M0009962,N,46,2,16186.46,0,1,0,5144.3,9367.0,1.53
M0009963,N,69,0,5372.54,0,0,0,6336.73,2718.25,1.1
M0009964,N,76,1,21378.86,1,1,0,4923.95,14157.68,0.93
M0009965,N,50,1,8389.03,0,0,0,8699.4,3636.43,1.82
M0009966,N,58,1,6881.71,0,1,1,3766.46,8396.43,1.33
M0009967,N,75,0,5900.76,0,1,1,2155.05,7155.72,0.51
M0009968,N,35,2,5977.59,0,2,0,1316.93,7309.37,0.87
M0009969,N,42,1,6275.94,0,1,0,598.1,6526.93,0.9
M0009970,N,53,2,7782.77,1,2,1,5134.3,7040.42,0.0
M0009971,N,63,1,2642.75,0,1,0,1102.06,2021.06,0.9
M0009972,N,76,1,4088.67,0,0,0,2930.14,3460.44,1.39
M0009973,N,60,0,2450.03,0,0,0,594.65,1657.36,1.05
M0009974,N,57,2,4826.9,0,0,0,2918.0,2938.57,0.96
M0009975,N,63,1,7615.63,0,1,1,1820.0,6710.25,1.61
M0009976,N,32,1,9439.19,0,2,0,629.48,8895.96,0.65
M0009977,N,50,0,4650.28,1,0,0,1680.97,4436.84,0.95
M0009978,N,35,1,9689.62,0,3,0,2563.05,5080.31,2.62
M0009979,N,70,2,15626.71,1,0,1,9582.33,8412.44,1.71
M0009980,N,49,2,35694.29,0,1,0,9926.47,18308.13,1.61
M0009981,N,46,1,14326.04,0,1,1,3577.45,9079.48,0.61
M0009982,N,63,1,4824.76,0,0,0,2252.46,3585.89,1.84
M0009983,Y,42,6,156009.21,4,2,3,44529.76,115658.0,4.72
M0009984,N,33,0,12859.19,0,2,0,3334.38,15524.18,0.49
M0009985,N,26,1,11878.91,1,0,0,5320.34,8783.15,1.9
M0009986,N,69,1,17183.06,0,0,0,2764.76,15542.36,0.7
M0009987,N,69,2,13297.92,1,0,2,6146.46,7069.57,1.53
M0009988,N,71,1,8467.46,0,0,0,2827.61,5567.32,0.05
M0009989,N,45,1,28683.24,0,0,1,4498.57,18366.17,2.9
M0009990,N,56,2,12443.33,0,0,1,6429.74,4051.95,1.35
M0009991,N,27,1,6326.26,0,0,0,1248.73,6282.47,0.35
M0009992,N,69,0,2765.06,0,0,0,930.54,3799.96,0.0
M0009993,N,43,0,7012.26,1,1,0,5148.22,7397.58,1.15
M0009994,N,74,1,23379.55,0,2,1,4418.35,25084.68,2.83
M0009995,N,64,3,5735.04,0,1,1,2957.7,6969.58,1.03
M0009996,N,47,0,8219.4,0,1,0,4536.6,5548.17,0.0
M0009997,N,69,1,4953.54,0,0,0,2840.87,5125.2,0.92
M0009998,N,42,2,11974.33,0,1,1,1118.37,16602.81,2.18
M0009999,N,42,2,8086.02,0,0,0,4538.78,5269.74,1.6
M0010000,N,32,2,18035.1,1,2,0,3163.52,16314.26,2.2
M0010001,N,42,1,9119.04,0,0,0,2528.59,7862.41,0.82
M0010002,N,80,2,10526.29,0,1,0,3191.33,9620.7,1.55
M0010003,N,30,1,4753.48,0,0,0,472.14,3323.83,0.6
M0010004,N,48,0,7052.33,0,1,0,2174.85,4470.13,0.72
M0010005,N,55,2,23164.25,0,1,1,5172.0,13103.67,1.53
M0010006,N,36,0,68638.32,0,0,0,1265.67,56729.55,1.35
M0010007,N,65,0,10230.28,0,1,2,3927.73,11027.21,1.53
M0010008,N,64,1,20176.06,1,0,0,5248.42,10953.78,0.92
M0010009,N,73,1,4176.56,0,0,0,1774.19,5514.96,0.96
M0010010,N,41,0,10866.13,0,0,0,2439.68,11517.2,0.19
M0010011,N,36,1,10793.67,0,1,1,7363.44,4340.76,2.75
M0010012,N,59,0,26538.94,0,0,0,9050.9,15621.17,1.22
M0010013,N,47,1,5158.63,1,1,0,4116.35,4565.6,0.84
M0010014,N,58,2,29571.12,0,1,1,6352.07,21645.4,1.81
M0010015,N,53,0,2748.28,2,1,0,2355.31,2464.52,1.0
M0010016,Y,43,8,385514.92,7,6,6,170938.56,333002.71,9.37
M0010017,N,54,1,9651.27,0,0,0,2409.55,14573.86,0.83
M0010018,N,36,0,3133.97,0,0,0,265.18,3703.58,0.01
M0010019,N,33,2,3788.59,1,1,0,3227.0,3175.28,1.37
M0010020,N,57,0,3901.33,0,0,0,2012.62,3379.7,0.85
M0010021,N,23,3,8319.65,1,0,0,9665.55,4625.66,0.95
M0010022,N,18,0,19128.35,0,0,0,1515.15,19393.73,1.53
M0010023,N,70,0,8111.7,1,0,0,1102.23,8674.77,0.47
M0010024,N,71,2,4480.23,0,0,0,3135.38,4120.86,1.32
M0010025,N,63,2,15191.61,0,0,0,3476.13,11751.43,2.33
M0010026,N,18,2,6168.24,0,0,0,2214.09,8072.62,1.23
M0010027,N,51,1,15436.37,0,0,0,8609.02,15808.06,0.71
M0010028,N,39,2,15446.7,1,0,1,3421.38,11255.64,0.83
M0010029,N,45,0,3433.74,1,2,1,1767.85,2483.94,1.66
M0010030,N,19,0,7896.94,1,2,0,4327.17,7934.62,1.78
M0010031,N,76,0,6141.79,0,0,0,2616.87,3275.6,0.0
M0010032,N,26,1,12573.16,0,1,0,5564.77,8396.29,1.55
M0010033,N,32,1,9010.56,0,0,0,7275.38,4408.44,2.13
M0010034,N,48,1,36627.04,0,2,1,7249.16,23100.88,1.99
M0010035,N,23,2,18566.26,0,0,0,3734.11,15930.21,1.34
M0010036,N,74,0,9702.35,0,1,0,1383.5,6922.36,0.55
M0010037,Y,43,5,152818.15,1,5,4,42014.61,91117.03,3.04
M0010038,N,50,0,3075.09,0,0,0,1023.82,2183.88,1.6
M0010039,Y,42,4,125706.33,3,4,4,60715.66,107451.62,4.44
M0010040,N,59,0,7677.11,0,0,0,3569.41,4358.33,0.68
M0010041,N,25,1,17553.73,0,1,0,890.01,12845.88,1.06
M0010042,N,28,0,2958.89,0,1,0,708.87,2212.27,1.38
M0010043,N,26,0,2716.2,0,0,0,419.13,2519.5,1.39
M0010044,N,49,3,27197.3,0,0,0,3019.12,20735.69,0.53
M0010045,Y,66,7,242059.82,4,2,3,114806.17,88796.8,7.21
M0010046,Y,83,4,196983.99,4,2,1,60643.9,132165.89,3.71
M0010047,N,37,1,6192.46,1,1,0,1837.58,7280.95,0.43
M0010048,N,48,1,12351.5,0,1,0,1494.69,13487.93,0.0
M0010049,N,33,1,18863.49,0,2,1,1171.32,14907.57,0.4
M0010050,N,19,1,7154.12,1,0,0,2235.25,9317.84,1.36
M0010051,N,21,1,34385.15,0,1,0,18263.02,15465.02,1.7
M0010052,N,35,1,25628.62,1,0,2,3078.36,21713.48,0.48
M0010053,N,78,0,11007.28,0,1,1,1749.33,7027.75,0.33
M0010054,N,64,2,22197.68,0,1,1,1493.03,16376.09,0.59
M0010055,N,71,0,4257.31,0,0,0,1085.6,3366.92,0.94
M0010056,N,68,1,18473.9,0,2,0,10243.1,6062.47,0.0
M0010057,Y,77,7,179190.83,5,6,4,34769.69,162693.74,7.22
M0010058,N,33,3,15328.61,0,0,1,15955.12,11108.52,1.35
M0010059,N,30,1,13316.97,0,0,2,7918.44,10316.02,1.48
M0010060,N,20,0,12992.37,0,0,0,1474.11,9938.6,0.37
M0010061,N,44,1,7270.08,0,0,1,2877.83,3680.81,0.18
M0010062,N,66,2,18801.23,1,1,0,4931.93,10019.16,2.2
M0010063,N,80,1,5014.45,0,0,1,1730.67,7028.84,1.67
M0010064,N,55,2,6535.79,0,0,0,422.65,6451.63,0.0
M0010065,N,22,1,12975.44,0,0,1,6669.25,13335.46,0.55
M0010066,N,34,2,3928.65,0,1,0,1740.71,3212.36,0.39
M0010067,Y,42,5,111977.07,1,6,3,44693.69,110640.22,5.24
M0010068,N,52,2,8609.72,1,1,0,2230.08,7633.77,0.76
M0010069,N,46,1,14577.52,2,2,0,3887.04,14857.2,2.11
M0010070,N,22,0,11653.93,0,0,0,1257.98,8364.07,1.53
M0010071,N,28,2,9264.59,1,0,0,3028.98,8134.12,1.32
M0010072,N,46,1,6086.58,0,0,0,3263.25,2236.37,3.2
M0010073,N,40,0,4730.51,0,1,1,1571.47,3029.08,2.06
M0010074,N,39,1,24122.98,1,0,0,8213.39,16999.85,0.59
M0010075,N,69,0,17003.88,0,0,0,7473.45,6191.62,1.39
M0010076,N,57,0,9226.91,1,0,0,1000.2,9883.65,0.43
M0010077,N,42,2,9627.6,0,0,0,4151.67,7247.53,2.46
M0010078,N,65,2,12086.62,0,2,0,2370.64,8988.49,2.21
M0010079,N,30,1,9069.74,1,0,0,739.31,8721.88,1.05
M0010080,N,23,0,5621.34,0,1,0,2753.25,4827.72,0.48
M0010081,N,30,1,18238.66,0,2,0,12171.26,12063.88,0.53
M0010082,N,77,3,8365.97,0,0,0,1717.0,6426.46,0.87
M0010083,N,24,0,8690.81,2,2,0,3049.31,5127.36,1.43
M0010084,Y,56,8,360984.33,4,4,4,98138.0,273639.41,7.08
M0010085,N,19,2,24335.08,2,1,0,8682.41,15170.66,1.79
M0010086,N,71,0,8982.35,0,1,0,5820.32,7178.25,0.73
M0010087,N,37,0,3384.52,0,0,1,1118.82,4127.6,1.85
M0010088,N,29,1,23819.53,1,0,0,2131.07,20468.17,0.33
M0010089,Y,67,4,191482.78,3,5,3,84566.9,165517.48,2.9
M0010090,N,71,2,11212.06,0,0,0,4296.3,8535.32,0.21
M0010091,N,40,2,12672.98,1,0,0,2671.61,8209.16,1.02
M0010092,N,34,0,2381.02,0,0,2,1524.14,1708.05,1.63
M0010093,N,49,2,4469.48,1,0,1,660.34,3335.3,0.41
M0010094,N,66,0,4049.24,0,1,0,1696.67,2696.49,1.17
M0010095,N,48,1,2610.93,0,0,0,804.1,2468.47,0.71
M0010096,N,62,0,13974.28,0,0,0,2366.24,19114.49,0.0
M0010097,Y,49,7,142624.42,3,6,6,98019.26,65281.38,6.1
M0010098,Y,55,3,360066.0,2,5,3,100496.81,267426.39,5.19
M0010099,N,50,0,17818.56,0,0,1,12947.6,16846.87,0.73
M0010100,N,58,2,6657.65,0,2,1,1078.16,7324.92,2.91
M0010101,N,34,2,4467.95,1,0,1,1583.97,3669.7,0.18
M0010102,N,56,2,5387.27,0,1,0,2192.87,6955.42,2.39
M0010103,N,44,1,4757.75,0,0,0,1267.59,2673.88,0.1
M0010104,N,46,0,9187.83,0,0,0,2944.01,9093.74,2.11
M0010105,N,61,1,12356.27,0,0,2,8312.4,11200.15,1.67
M0010106,N,44,0,9037.16,0,0,0,5015.7,6880.72,0.32
M0010107,N,32,3,23381.34,0,2,0,8344.44,15085.59,1.26
M0010108,N,63,1,22006.43,0,0,2,3038.01,14495.77,1.47
M0010109,Y,68,7,187189.12,4,5,3,122532.57,110471.01,5.27
M0010110,N,30,2,10930.74,0,1,0,5088.63,9856.95,0.0
M0010111,Y,47,6,290807.04,1,3,6,125150.61,122815.31,3.29
M0010112,N,64,0,22183.0,1,0,1,6115.33,11628.78,1.8
M0010113,Y,78,5,340142.58,5,5,6,193839.28,230576.07,5.95
M0010114,N,30,1,28618.35,0,1,2,8843.58,14309.74,1.82
M0010115,N,58,3,40595.67,1,1,1,9891.73,25204.15,0.76
M0010116,N,62,2,19126.76,0,1,0,5019.79,10388.57,0.98
M0010117,N,64,1,9024.07,0,0,0,811.38,10848.87,1.67
M0010118,N,78,0,7468.19,0,0,0,1502.77,10736.44,2.25
M0010119,N,70,3,16468.66,0,2,0,4453.22,11864.66,1.24
M0010120,N,33,1,5975.35,0,0,1,5294.05,5158.79,0.87
M0010121,N,27,0,4718.08,0,0,0,985.22,4330.08,0.93
M0010122,N,74,2,2500.32,0,0,0,714.54,2876.64,0.0
M0010123,N,56,2,11010.03,0,0,1,2048.65,11340.78,1.34
M0010124,N,46,0,23459.56,0,2,0,2095.6,18937.03,0.74
M0010125,N,69,1,7828.88,0,0,0,3242.77,6237.3,0.97
M0010126,N,48,0,15725.44,0,0,1,7468.31,8648.31,1.58
M0010127,N,62,1,6503.03,0,0,0,2270.13,5407.64,0.91
M0010128,N,31,1,22471.0,2,1,0,9236.46,10109.63,0.68
M0010129,N,75,1,9811.59,1,2,0,2657.57,8178.42,1.99
M0010130,N,34,0,8602.73,0,0,0,2614.45,11056.56,0.6
M0010131,N,47,0,15796.16,0,1,0,1779.59,11505.32,0.0
M0010132,N,70,1,7354.8,0,2,1,1558.67,8684.43,0.0
M0010133,N,18,1,13120.93,0,3,0,2200.05,17238.23,0.91
M0010134,N,32,0,3580.71,0,0,0,1440.99,2093.7,0.0
M0010135,N,42,1,8481.92,0,0,0,2754.22,6587.81,1.84
M0010136,N,30,1,10192.44,1,0,0,3645.14,8140.54,1.45
M0010137,N,68,1,6057.05,0,2,0,538.9,5333.76,0.86
M0010138,N,55,1,16718.98,0,2,0,7069.88,13026.85,0.55
M0010139,N,51,0,4173.23,0,0,0,428.78,3998.86,0.28
M0010140,N,61,1,15847.26,0,1,2,3365.92,17259.65,2.14
M0010141,N,70,2,8073.55,0,0,1,2332.59,4802.02,0.39
M0010142,N,56,0,17258.9,1,0,0,3013.77,11196.28,0.67
M0010143,N,57,0,3535.18,0,0,0,902.16,4728.35,0.93
M0010144,N,18,0,3737.74,0,0,0,2327.23,3206.82,0.95
M0010145,N,66,2,10742.1,0,0,0,4375.03,5146.02,0.26
M0010146,N,48,1,22680.03,0,0,0,10736.57,12864.65,0.54
M0010147,N,74,2,44618.06,1,0,0,7266.61,29003.62,0.82
M0010148,N,39,0,8654.2,0,2,1,6226.4,3738.37,2.02
M0010149,N,77,1,11346.11,1,0,0,4456.92,13971.44,2.29
M0010150,N,46,1,10415.91,1,0,0,2187.41,14550.14,2.01
M0010151,N,68,0,11067.56,0,0,0,7750.03,3194.54,0.5
M0010152,N,35,0,23909.38,0,2,0,7247.18,14860.44,2.66
M0010153,N,21,1,6663.73,0,0,0,5632.15,5464.15,0.0
M0010154,N,45,0,19627.62,0,2,1,4147.8,14143.67,0.0
M0010155,N,41,3,24719.06,1,0,0,10708.23,8958.2,0.47
M0010156,N,68,1,8329.69,1,2,0,1825.2,5156.86,0.0
M0010157,N,20,0,5958.85,0,0,1,3082.65,6854.64,0.88
M0010158,N,68,1,5399.14,0,0,1,879.23,3412.84,0.94
M0010159,N,40,0,8749.14,0,1,1,660.47,8919.54,0.3
M0010160,N,18,0,9286.55,0,0,0,6772.18,5211.07,2.45
M0010161,N,64,0,8766.83,0,2,0,2277.77,7816.78,0.71
M0010162,N,20,0,4584.74,0,0,1,2586.99,2104.98,0.0
M0010163,N,73,1,35262.62,0,0,0,6750.08,20916.31,2.09
M0010164,N,71,3,17342.89,0,2,1,1557.32,18446.34,2.49
M0010165,N,27,2,6308.32,0,2,0,654.98,7153.03,0.56
M0010166,N,39,1,7452.43,0,1,0,2647.06,8104.44,1.75
M0010167,N,40,2,25507.56,1,1,0,14990.7,13043.57,1.2
M0010168,N,29,1,6782.56,0,0,0,2042.85,4276.8,0.06
M0010169,N,22,0,10318.02,0,1,1,11563.23,6925.31,2.33
M0010170,N,76,1,5862.15,0,0,0,1019.06,5545.64,0.06
M0010171,N,28,0,2505.12,0,0,0,1896.21,1715.26,0.1
M0010172,N,38,1,15231.54,0,0,1,5694.78,8792.78,1.94
M0010173,N,49,1,11178.92,0,1,0,3055.62,5777.86,0.0
M0010174,N,53,0,5448.99,0,0,0,1896.51,2618.14,1.42
M0010175,N,26,0,6500.55,1,0,0,2393.64,4767.31,1.19
M0010176,N,57,0,20553.67,1,0,0,2704.06,15071.11,1.76
M0010177,N,78,1,11345.29,0,0,0,4609.54,7675.85,0.9
M0010178,N,79,3,19630.47,0,0,1,1718.24,14225.0,1.19
M0010179,N,29,0,15043.05,1,2,0,3397.06,8559.58,0.14
M0010180,N,36,1,11416.62,1,2,0,4138.45,13536.51,1.84
M0010181,N,27,1,8740.72,0,0,0,4020.98,8960.09,1.77
M0010182,N,36,0,5138.29,0,0,0,3154.87,1690.32,0.06
M0010183,N,60,3,27487.83,0,0,1,19860.46,14906.98,1.7
M0010184,N,18,1,40373.44,1,0,0,2950.7,35446.92,1.55
M0010185,Y,45,4,492811.08,3,4,3,181000.61,349185.26,5.07
M0010186,N,75,1,12957.41,0,0,0,5067.61,5580.72,1.32
M0010187,N,43,2,11821.31,1,0,0,6768.05,7082.84,0.0
M0010188,N,66,1,22058.64,0,0,0,6377.37,11634.04,0.01
M0010189,N,78,1,11947.82,0,0,0,1672.7,8502.95,0.0
M0010190,N,28,2,14789.98,0,0,0,4149.47,11323.79,0.0
M0010191,N,40,1,7833.08,0,1,0,2854.1,6106.57,0.01
M0010192,N,55,0,27924.54,0,0,1,1130.18,22690.05,1.11
M0010193,N,50,2,17648.48,1,1,0,5578.58,9522.09,0.7
M0010194,N,76,1,26080.92,0,0,0,2306.82,30846.17,0.15
M0010195,N,22,0,11798.5,0,1,0,3364.14,10381.24,1.13
M0010196,N,55,0,4532.22,0,0,1,2347.35,2746.84,0.0
M0010197,N,31,0,7148.01,0,2,0,3067.19,7333.02,0.22
M0010198,N,39,1,11285.9,1,0,1,6990.99,5869.01,0.0
M0010199,N,54,1,26319.54,0,0,0,22123.24,8826.82,3.18
M0010200,N,32,1,4832.65,0,0,0,1589.24,6379.53,0.0
M0010201,N,80,1,10749.25,0,2,0,2036.24,7841.1,0.95
M0010202,N,36,3,13972.11,0,3,0,2316.25,9192.39,2.34
M0010203,N,58,1,29619.52,0,0,2,1483.56,22079.37,2.34
M0010204,N,23,0,10214.06,1,0,2,845.48,9105.91,1.23
M0010205,N,53,0,9905.86,0,0,0,3489.03,10308.04,1.29
M0010206,N,59,1,24115.4,0,2,0,5093.03,14888.39,1.07
M0010207,N,67,1,6430.47,0,0,0,2570.27,4514.48,0.09
M0010208,N,52,1,8612.57,0,0,0,5534.08,5209.01,0.54
M0010209,N,60,2,11432.55,1,0,1,2071.35,9837.49,1.16
M0010210,N,19,2,23570.35,0,2,0,4505.6,22654.84,0.11
M0010211,N,72,1,4386.4,0,1,0,2759.07,3387.84,3.64
M0010212,N,65,1,10101.11,0,0,0,2203.4,7160.14,1.52
M0010213,N,25,2,6913.85,0,1,0,3257.89,4178.49,0.46
M0010214,N,36,1,14248.68,0,0,0,4111.85,7201.54,0.0
M0010215,N,20,2,5078.73,0,1,0,2695.75,2440.01,0.96
M0010216,N,31,1,8545.69,0,2,1,2890.55,4001.81,1.42
M0010217,N,80,3,13590.27,0,3,0,617.08,10362.67,1.78
M0010218,N,50,0,7518.13,0,1,0,1711.47,6087.08,0.65
M0010219,N,80,1,20674.29,0,2,1,5227.32,11877.02,2.86
M0010220,N,75,2,26291.63,0,0,0,9319.87,18474.22,1.02
M0010221,N,68,0,7436.6,0,0,0,4664.65,5143.12,0.34
M0010222,N,29,0,39352.23,0,0,0,2905.69,46564.99,1.35
M0010223,N,60,1,29777.56,0,1,1,4375.74,23627.61,1.2
M0010224,N,51,2,18212.89,0,1,0,6836.77,13088.51,2.26
M0010225,N,32,2,14832.6,1,1,2,7273.91,6553.34,2.4
M0010226,N,43,0,7467.59,0,2,0,2829.88,4159.65,0.51
M0010227,N,54,0,5309.46,0,1,0,3606.32,3969.41,3.06
M0010228,N,51,1,10752.27,0,1,2,1535.1,7313.39,1.1
M0010229,N,69,0,20756.81,0,3,0,1787.39,18709.66,0.65
M0010230,N,37,2,30356.08,1,2,0,4054.45,21422.07,1.77
M0010231,N,36,1,23610.09,0,0,0,1743.73,18482.05,0.0
M0010232,N,67,0,11545.22,0,2,0,4344.48,7905.43,1.18
M0010233,N,55,1,10790.15,0,2,1,1001.51,8708.44,0.0
M0010234,N,59,0,7032.9,0,1,0,3054.08,5342.63,2.56
M0010235,N,57,2,18932.78,0,1,1,2557.85,22584.04,2.19
M0010236,N,57,0,8899.28,0,2,0,2956.15,4494.37,1.82
M0010237,N,52,3,62484.35,1,2,0,4029.87,70029.29,3.33
M0010238,N,20,0,3935.73,0,2,2,922.16,3608.87,0.0
M0010239,N,39,1,6752.6,0,0,0,1786.01,5797.37,0.68
M0010240,N,76,1,15879.83,1,1,0,5132.19,13789.28,2.0
M0010241,N,22,2,12041.31,0,0,0,5266.49,5562.96,1.42
M0010242,N,50,1,8579.98,2,0,1,1589.81,12455.28,1.46
M0010243,N,60,1,10265.11,1,0,0,9493.16,3871.01,0.89
M0010244,N,39,2,9834.57,0,0,0,899.87,13053.89,1.2
M0010245,N,38,3,16210.6,0,0,1,2300.2,12765.1,0.85
M0010246,N,73,1,2578.39,1,0,0,2370.49,1551.91,0.0
M0010247,N,61,3,6228.3,0,0,0,2147.19,3513.06,1.14
M0010248,N,25,0,4436.27,0,0,0,420.32,4731.71,0.9
M0010249,N,27,1,4367.21,0,1,0,2256.93,2020.38,0.82
M0010250,Y,62,3,140916.93,1,4,2,55226.96,95517.94,2.0
M0010251,N,71,0,17069.24,0,2,0,5084.57,15765.86,0.56
M0010252,N,66,0,8728.61,1,0,0,3186.69,5487.66,0.0
M0010253,N,72,0,7524.63,0,2,0,1892.34,10775.1,0.94
M0010254,N,31,0,9918.64,1,1,1,2209.38,15034.4,0.0
M0010255,N,52,1,15155.65,0,0,0,1779.88,24444.89,0.0
M0010256,N,29,2,14128.44,0,0,0,5718.53,6488.61,2.1
M0010257,N,26,1,9145.74,0,2,1,3923.15,7674.06,1.36
M0010258,N,68,3,18107.28,2,1,0,2070.29,15138.9,1.39
M0010259,N,28,2,7979.72,0,0,0,4403.29,5602.14,0.98
M0010260,N,39,2,4329.03,0,0,2,1490.13,5980.95,1.92
M0010261,N,55,2,33169.58,1,0,0,10275.91,15988.71,0.57
M0010262,N,76,1,4729.18,0,0,0,2660.74,2426.6,1.2
M0010263,N,72,2,24066.91,0,0,2,2906.64,19198.83,1.34
M0010264,N,56,2,18568.41,1,1,0,5814.88,9901.26,0.77
M0010265,N,63,1,16000.94,0,1,0,7672.54,10233.32,1.49
M0010266,N,74,0,10866.12,0,0,0,4222.37,4878.71,1.2
M0010267,N,44,1,14978.65,0,3,1,6201.19,12186.06,1.45
M0010268,N,22,0,10495.7,0,0,0,846.82,7739.69,1.06
M0010269,N,31,2,4211.25,0,0,0,1392.94,2102.3,0.89
M0010270,N,40,0,22836.6,0,0,1,5147.1,20244.98,0.56
M0010271,N,67,0,9592.76,0,2,0,5535.52,4567.51,1.1
M0010272,N,54,0,7492.74,1,0,0,2532.26,5909.38,0.0
M0010273,N,78,1,7820.87,0,1,0,764.62,6285.48,0.0
M0010274,N,74,0,10659.92,0,1,0,2642.49,7458.75,1.22
M0010275,N,63,0,6515.34,1,1,0,2707.49,9003.13,2.41
M0010276,N,70,0,12488.34,0,0,0,4400.68,6693.71,1.86
M0010277,N,22,0,5816.74,0,0,0,1620.69,8396.28,0.82
M0010278,N,48,0,7292.7,0,0,0,515.36,6809.88,0.4
M0010279,N,34,2,9310.53,2,0,0,2453.03,9400.09,1.27
M0010280,N,35,0,6108.55,0,0,0,1210.86,4779.88,1.05
M0010281,N,65,0,5144.41,1,0,0,1769.2,4731.69,0.27
M0010282,N,41,1,29552.84,0,1,0,19827.73,6171.35,2.76
M0010283,N,31,1,5120.58,0,0,1,2632.97,2890.79,2.1
M0010284,N,35,2,28122.63,0,0,0,5314.07,41899.65,0.91
M0010285,N,63,0,1606.84,0,0,0,832.15,958.33,0.04
M0010286,N,35,2,12690.77,0,1,0,6936.55,4175.16,0.63
M0010287,N,28,1,6934.24,0,0,0,2139.03,7400.05,2.17
M0010288,N,77,2,10675.34,0,0,0,2916.79,13442.1,0.0
M0010289,Y,57,3,280356.29,3,4,1,68452.71,194759.43,4.24
M0010290,N,66,0,7273.61,0,0,1,647.32,5117.27,0.73
M0010291,N,59,0,4933.88,0,1,0,2225.26,3366.93,0.42
M0010292,N,34,0,1998.48,0,0,1,659.16,2091.87,1.02
M0010293,N,31,2,3750.16,0,0,0,1992.9,4259.7,0.19
M0010294,N,45,0,6779.32,1,0,1,3981.43,5230.35,2.06
M0010295,N,34,1,11108.28,0,0,0,7700.41,6460.91,0.0
M0010296,N,79,1,7109.65,1,1,1,1630.72,10976.73,1.16
M0010297,N,65,0,15661.6,0,3,0,5711.33,9336.21,1.67
M0010298,N,36,0,19306.47,0,0,1,2200.21,20849.83,0.98
M0010299,N,52,1,30904.94,0,2,0,16580.2,12678.24,0.71
M0010300,N,78,1,14652.44,0,0,0,7577.02,3926.04,1.16
M0010301,N,35,1,8980.1,0,1,0,2465.19,6228.88,0.17
M0010302,N,73,1,12716.25,2,2,0,3774.45,9214.54,1.44
M0010303,N,60,1,13660.47,0,0,1,6000.38,9787.57,1.65
M0010304,N,71,2,16616.35,0,1,0,9646.99,10393.81,1.24
M0010305,N,51,1,5086.34,0,0,0,2307.54,3393.35,0.81
M0010306,N,76,2,16383.1,0,1,0,1342.31,18327.6,2.05
M0010307,N,58,1,5827.55,0,0,0,2014.44,4639.41,0.64
M0010308,N,21,0,11075.12,0,2,0,9419.88,7426.23,1.55
M0010309,N,27,1,8933.67,0,0,1,4170.46,4809.01,0.81
M0010310,N,57,2,29359.04,0,1,0,1826.26,24286.52,1.15
M0010311,N,60,0,1033.68,0,0,0,508.08,1291.82,0.36
M0010312,N,53,1,14300.19,0,1,0,3020.24,12797.71,0.58
M0010313,N,67,1,12103.58,0,0,0,2664.48,12137.19,0.75
M0010314,N,74,2,5778.17,0,1,0,1645.22,3822.19,1.46
M0010315,N,33,0,3628.78,0,2,0,960.83,4554.76,0.38
M0010316,N,68,2,10475.99,0,1,0,1877.58,7846.32,1.11
M0010317,N,51,2,3021.38,0,0,2,229.82,5136.33,0.24
M0010318,Y,75,9,373285.08,6,4,5,257770.86,88113.35,6.34
M0010319,N,19,1,10985.07,1,0,1,806.18,8294.94,0.0
M0010320,N,50,0,17826.1,0,1,0,1838.86,14569.18,0.75
M0010321,N,65,0,7017.92,0,1,1,3562.43,4472.98,0.5
M0010322,N,72,0,4245.98,0,0,0,4053.79,3074.39,2.16
M0010323,N,39,0,4601.34,0,0,0,2650.59,4928.44,0.58
M0010324,N,63,1,5894.22,0,1,0,1758.37,4102.88,0.69
M0010325,N,26,2,9801.19,0,0,0,5264.52,5122.84,0.24
M0010326,N,62,1,9334.55,0,0,0,1476.41,5852.45,0.0
M0010327,N,71,1,14682.68,0,0,0,1272.88,14654.63,0.0
M0010328,N,45,0,15015.88,0,1,1,6878.48,5867.51,0.95
M0010329,N,24,2,6603.07,1,0,0,2731.17,7733.2,1.29
M0010330,N,52,1,9075.71,2,1,0,3615.76,9516.86,1.41
M0010331,N,46,1,13460.36,0,2,1,3355.07,12497.57,0.91
M0010332,N,71,0,9689.78,0,1,0,792.43,7847.24,0.19
M0010333,N,66,1,14367.39,1,0,0,8090.81,3633.68,0.08
M0010334,N,33,2,25883.59,1,2,1,24342.2,19390.29,2.5
M0010335,N,36,0,6347.18,0,0,0,1096.44,4394.85,0.34
M0010336,N,30,2,48517.52,0,3,1,7418.07,32711.79,0.91
M0010337,N,50,0,11520.11,1,0,0,8208.72,6204.64,0.59
M0010338,N,75,0,16979.27,1,1,0,3870.99,9921.88,0.35
M0010339,N,80,1,3581.66,0,0,0,1261.26,4248.14,0.5
M0010340,N,61,1,6565.01,0,1,1,1686.95,7000.8,3.05
M0010341,N,38,0,6429.32,0,0,0,879.23,6240.32,0.26
M0010342,N,29,0,5826.85,0,1,0,5768.63,3360.52,0.88
M0010343,N,43,3,5259.61,1,0,0,3010.88,3620.31,0.84
M0010344,N,19,0,6198.14,0,0,1,1495.45,8916.34,1.03
M0010345,N,72,1,36779.2,0,2,0,8191.36,33677.74,1.69
M0010346,N,70,0,8388.85,0,0,1,3547.27,7825.34,1.19
M0010347,N,59,0,4281.06,0,0,0,2210.83,3340.44,0.1
M0010348,N,24,2,12790.92,0,0,0,8205.07,10500.12,1.16
M0010349,N,25,1,4433.48,0,1,0,2567.42,4543.96,1.43
M0010350,N,35,0,4652.65,1,0,0,890.16,3787.54,0.31
M0010351,N,35,2,13330.15,0,3,1,4148.34,13191.5,2.7
M0010352,N,38,0,24740.81,1,0,1,4359.39,18807.27,2.83
M0010353,N,20,1,7560.57,0,0,0,526.2,5753.35,1.41
M0010354,N,19,0,4268.38,0,0,1,532.52,5294.92,0.69
M0010355,N,27,1,46660.11,1,1,0,15752.09,32217.89,2.29
M0010356,N,70,2,19212.06,1,0,1,4306.35,18480.23,1.54
M0010357,N,59,1,10903.52,1,1,0,7283.49,7056.94,1.12
M0010358,N,52,1,9575.26,0,0,0,3475.18,10310.58,1.11
M0010359,N,18,0,1517.05,0,0,0,852.4,619.81,0.47
M0010360,N,70,0,8726.84,0,0,0,1433.07,8897.94,0.0
M0010361,N,61,1,11626.58,0,0,0,4154.75,5774.99,0.75
M0010362,N,24,1,4748.87,0,0,1,1971.41,5534.46,0.02
M0010363,N,53,1,22890.33,0,0,0,8661.68,9907.34,1.25
M0010364,N,72,1,6719.52,0,1,0,3621.26,3559.73,0.87
M0010365,N,61,0,3886.39,0,0,0,1450.68,5383.62,0.26
M0010366,N,66,0,7185.44,0,0,1,1300.83,7592.31,0.7
M0010367,N,74,0,9593.98,0,0,1,4119.38,12339.41,1.44
M0010368,Y,61,3,316455.5,5,3,4,140180.7,233659.35,6.42
M0010369,N,49,2,24385.36,0,0,0,5177.92,26363.78,1.69
M0010370,N,75,2,13947.1,0,1,0,2431.49,10343.57,1.61
M0010371,N,28,0,10822.87,0,0,0,1589.67,9500.62,1.32
M0010372,N,38,2,36004.55,0,2,1,12870.39,27366.92,2.18
M0010373,N,78,2,18013.88,0,2,0,10025.0,5566.07,0.55
M0010374,N,68,1,12868.96,0,0,2,4753.63,5567.28,0.0
M0010375,N,31,1,2657.26,1,2,0,1613.04,3075.18,0.19
M0010376,N,64,0,15332.62,0,0,0,2195.69,10015.36,0.03
M0010377,N,28,1,9612.57,0,1,0,2008.36,9779.85,1.27
M0010378,N,35,0,10290.45,0,0,0,559.99,16707.99,0.2
M0010379,N,31,1,22949.8,0,0,0,9077.8,11832.48,1.15
M0010380,N,63,1,10489.32,0,0,2,7065.43,5166.05,0.79
M0010381,N,33,1,12343.59,0,1,1,6404.84,9079.87,0.61
M0010382,N,47,0,8328.97,0,0,1,4328.28,3436.34,0.57
M0010383,N,48,0,2597.43,0,0,0,838.19,3654.56,0.0
M0010384,N,20,2,20428.95,1,1,0,7964.6,27533.19,2.65
M0010385,N,56,0,18514.08,0,2,0,8057.35,9548.43,1.34
M0010386,N,25,0,29207.98,0,1,0,1084.48,25935.15,1.38
M0010387,N,70,1,8767.77,0,0,0,4400.94,5189.89,0.57
M0010388,N,31,2,13553.72,1,0,0,2782.0,9241.66,0.94
M0010389,N,79,2,16162.61,0,1,0,7021.59,8776.47,1.35
M0010390,N,35,0,13874.16,1,1,0,5068.64,9148.94,1.29
M0010391,N,48,0,11082.38,1,0,0,3739.76,12834.09,1.63
M0010392,N,18,1,4591.95,0,1,0,2145.71,3192.38,0.81
M0010393,Y,43,5,200080.77,3,4,1,106265.05,94532.26,4.55
M0010394,N,65,3,37243.93,0,0,0,9381.01,34405.12,1.9
M0010395,N,38,4,17127.27,0,2,1,3600.21,15676.04,1.53
M0010396,N,64,2,21850.22,1,1,0,6042.63,14701.01,2.37
M0010397,N,45,0,27039.67,0,1,0,2934.91,24514.92,1.08
M0010398,N,49,1,11833.15,1,0,0,6611.18,2942.66,1.2
M0010399,Y,77,5,133618.58,1,2,4,46256.22,66999.61,5.49
M0010400,N,46,3,6105.16,0,1,1,3381.65,4174.37,0.23
M0010401,N,55,1,7941.27,0,0,0,604.42,8822.77,0.87
M0010402,N,26,3,24333.95,0,0,0,11361.79,7887.26,1.26
M0010403,Y,70,4,331261.47,3,4,1,142377.65,189185.71,4.68
M0010404,N,65,1,14332.42,0,0,0,3227.59,10560.52,0.5
M0010405,N,56,1,3993.23,0,0,0,1510.26,2521.64,0.59
M0010406,N,47,2,7897.72,1,0,1,1272.7,7738.9,1.86
M0010407,N,37,1,15959.76,0,2,1,4567.39,17443.5,2.8
M0010408,N,62,0,15496.02,0,2,1,4899.37,14930.33,1.6
M0010409,N,67,0,7005.83,0,2,1,3163.88,7146.44,1.3
M0010410,N,62,0,12062.33,0,0,1,1946.64,11039.12,2.12
M0010411,N,77,0,17660.97,0,0,0,1903.27,24946.52,1.18
M0010412,N,21,1,3680.15,0,1,0,582.84,2969.78,0.66
M0010413,N,36,0,18673.01,0,0,0,875.75,14480.35,0.99
M0010414,N,67,2,21711.1,0,1,0,5669.8,16231.58,0.93
M0010415,N,33,3,37315.97,1,0,0,4111.06,27453.03,3.49
M0010416,N,41,2,4646.52,0,1,0,2291.75,6079.49,1.63
M0010417,Y,52,7,253922.21,6,7,4,84388.93,156397.05,6.77
M0010418,N,78,0,8645.87,1,0,0,3518.82,6373.62,1.62
M0010419,N,43,1,6814.24,0,0,0,848.72,5643.61,0.0
M0010420,N,36,1,3679.5,0,0,0,707.44,3264.12,1.12
M0010421,N,39,1,10025.32,0,0,1,2066.59,6160.15,0.0
M0010422,Y,58,6,581674.81,6,5,4,415040.85,162273.55,6.52
M0010423,N,65,0,12819.57,0,2,0,2864.6,8840.79,2.03
M0010424,N,45,0,13712.87,0,0,0,7348.86,6286.99,1.99
M0010425,N,38,0,5602.86,1,0,0,3539.33,5254.29,1.5
M0010426,N,63,2,14730.65,1,0,0,3629.43,12303.31,1.66
M0010427,N,49,5,30446.16,0,1,0,5301.62,21545.85,1.63
M0010428,N,79,0,8749.88,0,1,1,4051.1,2892.77,0.16
M0010429,N,64,3,45920.79,1,1,1,15942.02,25807.47,0.42
M0010430,N,65,0,11393.4,0,1,0,8617.87,4577.67,1.69
M0010431,N,40,1,29587.7,0,1,0,26652.87,8990.03,2.2
M0010432,N,29,2,9915.2,0,1,0,2980.91,8412.25,2.48
M0010433,N,59,0,7278.8,0,0,0,6221.75,5205.45,0.91
M0010434,N,45,2,9110.86,0,1,0,2476.94,12071.65,1.15
M0010435,N,49,1,12439.89,1,2,0,787.91,9163.29,1.36
M0010436,N,52,0,22453.48,0,1,0,10912.97,14799.51,0.48
M0010437,N,76,0,6506.56,0,1,0,1965.16,4326.78,0.5
M0010438,N,65,1,10478.06,0,0,0,3391.28,6770.55,1.87
M0010439,N,41,1,13388.06,1,0,0,1813.87,11710.1,0.33
M0010440,N,60,1,8765.65,0,0,0,4113.08,6761.83,0.14
M0010441,N,39,2,5439.29,0,0,0,1623.57,3992.29,1.64
M0010442,N,44,2,7546.17,0,2,1,2493.69,10337.09,1.22
M0010443,N,66,1,4838.23,0,0,0,2736.46,3677.45,1.07
M0010444,N,37,2,6500.94,1,1,1,3859.8,7701.33,1.9
M0010445,N,18,2,20297.74,0,0,0,10250.05,12004.85,2.0
M0010446,N,36,1,2079.04,0,0,1,1339.2,1605.5,0.01
M0010447,N,29,2,10642.98,0,1,1,3324.81,8504.53,0.88
M0010448,N,20,2,6148.93,0,0,1,3543.36,1621.92,0.86
M0010449,N,46,1,17487.7,1,2,0,4516.5,17481.0,0.69
M0010450,N,24,2,7551.9,0,1,0,5953.47,7259.74,0.08
M0010451,N,30,0,6663.04,0,0,0,4393.86,5498.46,1.35
M0010452,N,20,0,5119.42,0,1,1,2132.49,4784.79,1.58
M0010453,N,19,0,33057.34,0,0,1,1867.26,24435.66,0.74
M0010454,N,19,0,4127.65,0,0,0,1697.43,4693.45,1.04
M0010455,N,27,1,8499.73,1,1,0,1575.28,7691.82,1.09
M0010456,N,64,1,5751.27,0,1,0,2222.25,6292.47,0.0
M0010457,N,39,2,17819.88,0,0,0,11480.31,10689.37,2.45
M0010458,N,27,3,17593.98,0,0,0,2498.1,21681.59,2.15
M0010459,N,80,0,21661.43,0,2,1,1783.46,16833.36,0.71
M0010460,N,48,2,11486.23,0,2,1,6069.19,4985.67,0.84
M0010461,N,77,1,15193.28,0,0,0,1336.54,13281.76,0.0
M0010462,N,21,1,11406.72,0,2,1,1674.82,14422.85,1.64
M0010463,N,49,2,40594.9,0,2,0,13228.77,59472.65,1.13
M0010464,N,28,0,12356.31,0,0,1,2219.37,11106.76,1.35
M0010465,N,43,2,7476.47,0,2,1,2008.02,4430.81,0.79
M0010466,N,73,0,6003.6,0,1,0,1790.17,7898.55,1.05
M0010467,N,27,1,7989.88,0,0,0,4659.51,3413.43,0.46
M0010468,N,36,1,18097.68,0,1,0,4102.51,11646.53,1.45
M0010469,N,47,2,7054.72,0,1,0,3009.9,7747.87,1.07
M0010470,N,35,0,5623.34,0,0,0,986.24,3748.01,0.0
M0010471,N,22,1,11339.77,0,1,0,717.82,17075.73,0.76
M0010472,N,76,1,20393.81,0,2,1,2503.17,13872.46,0.85
M0010473,N,58,0,6909.44,0,2,1,942.97,5482.79,0.09
M0010474,N,23,0,5998.74,1,1,2,3652.83,4968.15,0.87
M0010475,N,27,1,28398.47,1,2,0,12176.04,21860.07,2.88
M0010476,N,60,3,19119.11,0,1,2,4894.11,13908.79,0.89
M0010477,N,58,0,13458.25,1,1,3,4256.81,11886.39,1.42
M0010478,N,49,1,25929.99,0,2,0,8817.42,19007.03,0.93
M0010479,N,71,0,18023.72,0,0,0,5900.55,13180.19,2.08
M0010480,N,69,1,12230.52,0,0,0,611.18,12442.44,1.09
M0010481,N,62,2,16010.46,0,1,1,1934.18,17422.13,2.19
M0010482,N,78,3,8404.77,0,0,1,5095.77,5364.82,1.6
M0010483,N,75,0,5396.11,1,1,0,2876.71,4470.69,0.3
M0010484,N,57,2,37246.57,0,2,1,11951.71,27770.69,2.45
M0010485,N,36,0,5675.98,0,0,0,1543.78,3701.8,1.42
M0010486,N,20,1,11770.01,0,0,0,2617.11,8007.71,2.3
M0010487,N,55,1,6585.12,0,0,0,2170.14,9337.56,0.1
M0010488,Y,37,5,501264.23,2,4,6,130170.35,317795.76,7.36
M0010489,N,42,2,14253.68,0,2,1,6524.13,9937.59,1.16
M0010490,N,18,0,18231.24,0,2,0,2103.22,12733.96,1.75
M0010491,N,26,1,8363.71,0,1,0,874.86,5678.27,1.13
M0010492,N,80,2,22590.7,2,1,0,12468.11,19648.36,3.85
M0010493,N,58,1,4707.88,0,1,1,1465.46,5237.54,0.58
M0010494,N,70,0,4615.59,0,1,0,1789.1,3930.26,1.07
M0010495,N,30,1,8624.26,2,1,1,4394.34,6010.25,2.79
M0010496,N,27,1,13875.32,0,1,0,6504.24,5891.95,2.61
M0010497,N,25,1,19301.81,0,1,0,5860.68,10957.88,2.45
M0010498,N,74,1,54751.23,0,1,0,7363.13,35763.17,1.92
M0010499,N,70,0,16394.98,0,0,2,2250.08,21329.19,1.59
M0010500,N,26,0,16131.89,1,0,0,4180.49,10433.07,0.0
M0010501,Y,47,7,298993.11,4,5,3,201545.26,194561.47,6.43
M0010502,N,24,1,8976.33,0,0,1,2702.2,4744.23,0.69
M0010503,N,74,0,20037.65,1,1,0,2060.12,13889.03,1.4
M0010504,N,38,1,32369.67,0,0,0,4128.5,52608.57,0.72
M0010505,N,29,1,6688.68,0,1,0,5156.04,6528.35,0.73
M0010506,N,49,0,14127.2,0,0,0,3265.85,10319.96,2.29
M0010507,N,20,3,9136.56,0,0,0,1125.83,8714.21,1.23
M0010508,N,60,1,15440.64,2,1,0,3787.62,12570.98,2.07
M0010509,N,21,1,18813.94,0,0,1,3687.5,11341.08,0.91
M0010510,N,61,0,10369.08,1,0,0,4501.74,8948.89,0.34
M0010511,N,26,1,10447.75,0,0,0,1218.6,9199.38,2.02
M0010512,N,80,0,10786.52,1,0,0,2505.71,6134.78,0.74
M0010513,N,38,1,33732.47,0,1,1,14171.62,34684.0,0.67
M0010514,N,68,2,44037.24,0,3,0,14758.13,22459.08,3.4
M0010515,N,56,0,7513.62,0,2,0,1878.77,5632.69,1.16
M0010516,N,38,2,18954.35,0,1,0,3189.97,22076.16,2.4
M0010517,N,67,3,35866.69,0,0,0,5331.29,26031.01,2.42
M0010518,N,32,1,21351.31,1,2,0,1702.08,19254.47,0.0
M0010519,N,48,3,17236.8,0,1,0,4856.73,13477.51,1.42
M0010520,N,66,0,8609.03,0,1,0,1597.13,10338.35,1.36
M0010521,N,74,2,3768.29,0,0,0,1311.28,4923.66,0.55
M0010522,N,37,3,8522.64,0,0,1,3899.02,8563.47,1.82
M0010523,N,37,0,12466.59,0,0,0,3248.42,8644.79,2.83
M0010524,N,34,3,47673.87,0,1,0,3483.63,34609.71,1.25
M0010525,N,57,2,9867.59,0,0,0,3174.05,7506.91,0.33
M0010526,N,75,0,24169.13,2,1,1,5643.11,34124.85,0.14
M0010527,N,64,0,3738.26,0,0,0,644.1,5099.72,0.27
M0010528,N,57,1,5623.43,0,0,0,2009.4,4148.41,0.0
M0010529,N,80,0,7175.03,0,0,0,2371.92,5144.71,0.0
M0010530,N,42,1,7428.95,0,0,0,1882.68,4676.65,0.67
M0010531,N,72,0,10868.86,0,0,0,2818.89,7216.37,1.45
M0010532,N,62,0,12865.37,0,1,0,3117.1,10936.87,0.6
M0010533,N,30,1,6798.3,0,0,0,6537.92,5805.83,0.0
M0010534,N,33,0,9895.6,0,0,0,1018.39,9067.52,0.87
M0010535,N,75,1,4012.97,0,0,0,733.57,2814.02,0.0
M0010536,Y,37,4,125953.8,2,1,2,28574.01,126341.4,2.57
M0010537,N,74,0,12929.21,0,2,1,4164.3,13901.58,0.94
M0010538,N,80,0,5933.31,0,0,0,1570.96,8601.54,0.06
M0010539,N,43,1,3545.34,0,0,0,1883.81,2781.99,0.0
M0010540,N,21,0,7381.44,0,1,0,1493.85,8116.16,0.26
M0010541,N,40,0,8936.84,0,0,0,3247.66,5841.22,1.41
M0010542,N,66,0,8245.87,1,0,0,5421.58,2776.5,0.42
M0010543,N,35,1,10817.43,1,2,0,3100.73,7403.89,0.25
M0010544,N,59,1,12082.23,0,1,0,5972.79,6600.52,1.56
M0010545,N,65,0,6074.92,0,0,0,1794.79,4955.7,0.97
M0010546,N,62,0,3705.64,0,0,0,876.02,5295.88,0.0
M0010547,N,61,3,11423.2,0,0,0,6009.11,5897.18,2.88
M0010548,N,39,1,5794.03,0,1,0,5592.41,3002.67,1.54
M0010549,N,47,0,11454.39,1,0,0,720.34,11202.7,1.84
M0010550,N,26,0,4411.23,0,1,0,1183.23,5202.58,0.03
M0010551,N,19,1,7818.09,0,0,0,925.59,8490.39,0.16
M0010552,N,66,0,6629.53,1,1,0,1972.44,8590.95,0.33
M0010553,N,74,1,3472.71,0,2,0,1508.82,2616.48,0.0
M0010554,N,80,1,6421.68,0,0,0,2820.42,4601.23,0.34
M0010555,N,68,0,1181.62,0,0,0,511.84,1129.41,1.23
M0010556,N,72,0,7577.22,0,1,0,1918.63,4402.49,0.0
M0010557,N,35,2,18595.52,0,0,0,5824.92,18374.31,1.79
M0010558,N,73,2,24913.16,0,0,0,1990.55,19410.98,1.74
M0010559,N,58,1,4676.57,1,0,0,849.53,7274.56,1.65
M0010560,N,57,1,11650.96,0,1,0,1144.64,10927.09,0.0
M0010561,N,39,1,21409.71,1,0,1,10420.71,12379.77,1.91
M0010562,N,33,1,26744.61,0,2,0,14022.63,23164.6,0.64
M0010563,N,34,2,12373.56,0,0,0,2852.66,10748.03,0.78
M0010564,N,41,0,21019.08,0,1,0,3769.4,29685.63,2.05
M0010565,N,36,0,2548.85,0,2,0,702.12,3276.14,0.0
M0010566,N,63,2,11312.33,0,2,0,1840.5,9733.38,1.61
M0010567,N,47,1,26231.08,0,1,1,7123.38,13932.36,1.5
M0010568,N,27,0,37556.25,3,0,0,11292.42,23904.27,3.76
M0010569,N,41,1,8673.93,0,1,1,3810.13,4432.39,0.0
M0010570,N,67,3,31070.53,0,0,0,13798.03,29673.64,1.38
M0010571,N,43,2,30079.81,0,1,0,13197.35,10768.75,0.64
M0010572,N,49,1,10221.96,0,0,0,3244.31,5286.79,1.48
M0010573,N,48,1,7034.96,0,1,1,1203.82,5592.98,0.24
M0010574,N,50,0,4981.65,1,1,0,1568.36,3370.9,0.0
M0010575,N,27,2,19177.66,0,0,0,6230.74,9838.34,0.0
M0010576,N,48,2,9010.81,1,1,0,2738.49,4715.54,0.67
M0010577,N,65,0,6379.54,1,0,0,1448.94,9660.45,0.92
M0010578,N,38,0,25309.72,0,1,0,3959.14,17334.35,1.35
M0010579,N,22,0,10611.4,0,2,0,336.87,9670.08,0.52
M0010580,N,74,2,15962.36,0,0,0,3170.86,10989.93,1.79
M0010581,N,64,0,16063.95,0,2,0,2126.07,13405.37,1.66
M0010582,N,64,0,13016.61,0,1,0,6661.88,9943.96,1.12
M0010583,N,42,1,8557.22,0,1,0,4598.8,2747.31,0.48
M0010584,N,21,0,6536.0,0,0,0,1123.52,6147.52,0.0
M0010585,N,45,1,17927.97,0,0,1,6252.38,17912.8,1.2
M0010586,N,79,1,7519.55,0,0,0,434.04,11799.46,1.8
M0010587,N,29,2,31387.29,1,0,0,4577.52,21637.65,1.77
M0010588,N,25,3,6091.66,0,2,0,2998.31,3458.99,3.11
M0010589,N,34,1,6339.58,0,0,0,1835.39,6511.58,1.06
M0010590,N,43,2,5978.13,1,1,0,2204.89,6480.88,0.07
M0010591,N,68,0,4616.9,0,0,0,229.17,5014.26,1.1
M0010592,Y,70,7,272500.7,2,4,4,96964.15,136082.67,6.24
M0010593,N,23,0,3321.01,0,0,0,535.06,2820.67,1.26
M0010594,N,21,0,16949.44,0,0,0,4806.17,9389.73,0.73
M0010595,N,51,3,10522.28,0,1,0,4382.64,7814.19,1.23
M0010596,N,51,2,18210.08,0,0,0,1622.45,25940.69,1.65
M0010597,N,76,2,7786.47,0,0,1,2009.38,5208.62,0.0
M0010598,Y,70,5,99110.61,2,1,5,54348.71,81830.92,4.08
M0010599,N,21,2,12197.7,1,1,1,3283.08,7344.95,1.43
M0010600,N,51,2,12218.35,0,0,1,4811.73,16133.99,0.88
M0010601,N,75,1,3919.41,0,2,0,869.96,3043.48,0.53
M0010602,N,35,1,9399.77,0,0,0,2059.07,9675.56,1.62
M0010603,N,63,2,13201.73,0,0,0,10865.02,7618.79,1.49
M0010604,N,32,2,9512.31,0,0,0,6027.78,3312.83,1.42
M0010605,N,72,0,11032.22,0,0,0,1804.12,11532.31,0.29
M0010606,N,59,2,8238.07,0,0,0,5911.18,7601.34,1.96
M0010607,N,23,0,13885.98,1,1,0,3678.77,8852.66,1.75
M0010608,N,80,0,5596.66,0,0,0,1655.01,4046.34,0.28
M0010609,N,78,2,31672.81,0,2,0,7036.86,22148.54,0.75
M0010610,N,18,1,21425.44,1,1,0,3673.62,16728.94,0.77
M0010611,N,27,2,8370.04,0,0,0,6526.79,5263.29,0.98
M0010612,N,41,2,8859.27,0,1,0,736.83,6701.34,0.0
M0010613,N,48,1,3793.77,0,0,0,1741.2,2684.03,0.0
M0010614,N,34,1,18162.5,0,2,0,3806.72,10921.43,1.34
M0010615,N,49,2,9283.39,0,0,0,3841.28,7788.78,1.11
M0010616,N,35,1,11252.96,0,2,0,2151.02,15057.42,0.96
M0010617,N,66,2,13559.81,0,1,0,4075.78,15014.31,0.46
M0010618,Y,70,8,412394.86,5,5,6,173525.34,376490.45,5.54
M0010619,N,41,1,8503.92,0,0,0,2202.24,4873.19,1.32
M0010620,N,48,0,8759.98,0,0,0,4504.45,7204.43,0.0
M0010621,N,37,0,3591.28,0,0,0,1121.31,2242.22,0.6
M0010622,N,54,1,6692.65,0,2,0,3886.46,3422.22,1.49
M0010623,N,65,0,23267.26,1,1,0,4197.33,18389.32,2.36
M0010624,N,68,0,18090.5,0,3,0,9476.43,6762.31,0.34
M0010625,N,32,1,13960.13,1,1,1,3056.23,9836.61,0.5
M0010626,N,77,1,10401.36,0,2,0,3655.1,8718.39,2.79
M0010627,N,61,0,19656.35,0,1,1,1574.05,14289.28,1.57
M0010628,Y,79,3,216291.53,1,1,5,128961.11,78849.77,4.97
M0010629,N,37,0,7571.3,0,0,0,533.96,7447.61,0.79
M0010630,Y,38,4,179034.73,6,7,4,80880.63,111936.9,4.44
M0010631,N,46,3,7191.32,0,1,0,1313.34,4528.31,1.72
M0010632,N,73,0,12082.7,0,1,0,2050.89,15886.83,0.39
M0010633,N,44,1,15602.36,0,0,2,6049.98,7010.29,1.33
M0010634,N,79,1,6207.27,0,0,0,2781.33,4524.08,0.11
M0010635,N,37,0,4655.4,0,2,0,1173.87,5210.85,1.41
M0010636,N,43,1,5542.15,0,0,0,6999.27,2246.71,2.84
M0010637,N,57,0,9158.38,0,0,1,3287.71,8711.74,0.88
M0010638,N,24,0,6096.43,0,0,1,1445.24,3613.3,0.1
M0010639,N,44,2,9611.32,0,2,0,1672.93,7052.77,1.48
M0010640,N,35,0,10233.51,1,0,0,3710.15,5890.63,2.03
M0010641,N,35,1,72307.2,0,2,1,18293.39,40454.3,2.06
M0010642,N,46,0,4347.84,0,0,1,2536.1,2678.43,0.14
M0010643,N,56,0,6603.07,0,0,0,2580.54,4197.2,1.97
M0010644,N,62,2,8773.76,0,2,1,741.6,6423.66,0.91
M0010645,N,47,0,12148.72,0,1,0,2501.01,9225.92,1.17
M0010646,N,20,0,4551.49,0,0,0,1718.62,5721.08,1.09
M0010647,N,30,0,3838.07,0,0,0,1204.48,5583.84,0.0
M0010648,N,64,1,4387.34,0,0,0,2922.86,2893.95,0.44
M0010649,N,32,3,33683.81,0,2,0,8308.09,30132.22,2.84
M0010650,N,38,0,4870.59,0,1,0,3453.52,1855.01,1.63
M0010651,N,55,2,26260.54,0,1,0,7076.94,23823.59,1.18
M0010652,N,18,2,17329.25,1,0,0,7330.69,8659.95,1.56
M0010653,N,29,2,48336.76,0,0,0,2613.73,54284.78,1.57
M0010654,N,19,3,20212.1,0,1,0,6118.67,13237.81,2.6
M0010655,N,49,2,5897.17,0,1,0,1187.47,3467.58,0.36
M0010656,N,42,0,4538.31,0,1,0,821.78,2948.76,0.0
M0010657,N,20,0,9160.86,0,0,0,2846.25,5981.34,0.14
M0010658,N,80,0,11293.23,0,0,0,2838.6,11166.83,0.0
M0010659,N,30,0,18995.85,0,0,0,8141.45,12940.09,1.17
M0010660,N,80,0,10677.99,0,0,1,1881.93,9962.04,0.69
M0010661,N,34,2,30853.97,0,0,2,10419.26,14740.73,2.33
M0010662,Y,40,3,124574.73,1,2,2,54665.84,54751.16,6.29
M0010663,N,69,2,3241.17,0,0,0,865.94,3782.23,0.11
M0010664,N,47,0,3105.46,0,0,1,918.98,2606.34,1.55
M0010665,N,44,0,18565.29,0,0,1,3661.25,16477.14,0.55
M0010666,N,54,0,5919.6,0,0,1,1640.68,6603.77,1.5
M0010667,N,19,2,8608.98,0,1,0,8984.65,4064.75,1.93
M0010668,N,32,0,8378.75,0,1,0,3547.76,3418.53,0.4
M0010669,N,27,1,15653.48,1,2,0,3998.48,12989.68,0.59
M0010670,N,34,1,2286.8,0,0,0,1027.65,3052.87,0.58
M0010671,N,51,1,11228.56,0,0,1,2001.26,8904.46,1.6
M0010672,N,55,0,12114.42,0,1,0,2103.11,11986.27,0.2
M0010673,N,27,0,4913.07,0,2,0,1411.13,3555.96,1.01
M0010674,N,38,0,33555.74,0,1,0,4564.16,25114.73,1.65
M0010675,N,67,0,4184.48,0,0,1,1136.9,4285.27,0.57
M0010676,N,50,2,14714.61,0,0,2,3041.65,9474.27,1.15
M0010677,N,59,1,7255.4,0,0,1,2854.76,3041.05,0.0
M0010678,N,79,2,8640.36,0,3,0,4364.64,5735.36,2.73
M0010679,Y,66,6,375899.38,4,4,2,29165.19,334606.51,3.67
M0010680,N,47,0,6255.41,0,0,0,4440.85,5707.98,1.6
M0010681,N,61,1,14616.6,0,3,0,4754.16,15358.12,0.72
M0010682,N,38,0,19870.9,0,0,0,6312.39,9696.49,0.5
M0010683,N,77,1,11585.52,1,0,1,8806.81,10407.58,1.42
M0010684,N,18,1,8889.54,0,0,0,2000.15,5446.51,0.88
M0010685,N,74,0,13030.63,0,0,0,1398.19,10022.55,0.0
M0010686,N,64,1,4740.44,0,0,1,902.81,4313.44,0.66
M0010687,N,51,0,6099.33,0,2,0,1602.36,5676.87,1.74
M0010688,N,58,2,14009.39,1,0,0,12609.13,5752.26,0.68
M0010689,N,40,1,55040.0,0,0,0,19781.77,24741.16,2.35
M0010690,N,42,1,37734.08,1,2,0,11555.4,37371.13,1.54
M0010691,N,80,2,15278.66,0,4,0,3959.55,8262.49,1.92
M0010692,N,54,3,4756.91,0,0,0,1130.26,6522.74,0.59
M0010693,N,63,3,14260.32,0,0,1,1151.32,11188.03,2.08
M0010694,Y,71,6,187962.2,3,7,3,60319.12,103812.19,5.43
M0010695,N,75,1,6721.18,0,0,0,551.06,9549.48,1.37
M0010696,N,60,2,12271.23,0,0,0,2350.81,9092.67,0.63
M0010697,N,66,1,5647.4,0,0,0,1979.18,3675.06,0.0
M0010698,N,39,0,19827.06,1,0,0,1834.86,17425.01,0.0
M0010699,N,37,0,5749.38,2,0,1,1052.24,8591.2,0.44
M0010700,N,75,2,14242.98,1,0,0,1443.65,10744.59,0.73
M0010701,N,56,1,6246.23,0,2,1,1186.26,8312.39,1.26
M0010702,N,75,1,16389.52,1,0,0,1257.21,15366.51,0.29
M0010703,N,52,0,3920.91,1,1,1,805.28,3068.49,0.0
M0010704,N,27,1,2973.63,0,1,0,1083.29,2399.4,0.74
M0010705,N,43,3,14391.31,1,2,2,14737.87,10045.94,3.7
M0010706,N,61,2,7782.58,0,0,0,1238.0,7168.51,0.0
M0010707,N,33,0,8610.16,0,1,0,1926.54,7428.97,0.7
M0010708,N,79,1,16586.51,0,1,0,8798.68,10665.32,1.11
M0010709,N,24,2,47767.72,0,1,0,13825.45,35119.34,1.54
M0010710,N,51,0,8755.02,0,0,0,3398.13,5402.75,0.05
M0010711,N,28,1,6777.79,1,0,0,4214.28,4987.43,0.15
M0010712,N,51,2,12920.02,0,0,0,843.88,10357.06,0.36
M0010713,N,19,2,28107.74,1,1,0,7256.24,21753.7,2.09
M0010714,N,64,3,13794.63,0,2,0,1393.55,12753.91,2.57
M0010715,N,37,0,4836.16,0,0,0,1877.15,2372.04,0.17
M0010716,N,68,2,7117.83,0,3,0,1207.06,8630.15,1.5
M0010717,N,30,1,4862.38,0,1,0,1515.68,4030.64,0.2
M0010718,Y,83,3,140680.0,2,1,5,73626.77,104864.23,7.15
M0010719,N,69,0,11000.27,0,0,0,2107.27,7238.85,0.6
M0010720,N,34,1,8840.31,0,1,0,1456.04,6116.1,0.73
M0010721,N,21,2,43162.58,1,2,1,20458.81,24645.35,1.1
M0010722,N,77,0,8342.0,0,0,0,9193.38,5537.17,0.58
M0010723,N,53,0,6851.28,0,1,1,1563.2,9147.13,0.41
M0010724,N,29,1,3423.14,0,0,0,1921.54,3132.57,0.0
M0010725,N,45,1,27806.11,0,0,0,7482.99,18126.86,1.76
M0010726,N,40,1,5389.15,1,0,0,1641.93,5666.35,2.22
M0010727,N,54,1,9636.01,1,0,0,1025.06,6582.27,0.06
M0010728,N,30,0,4327.44,0,0,0,956.2,5071.25,1.48
M0010729,N,67,1,6259.34,0,1,0,3251.33,7468.99,2.89
M0010730,N,31,1,12324.95,0,1,0,7599.1,3397.53,0.0
M0010731,N,39,1,6755.86,0,0,0,1444.66,4044.18,1.18
M0010732,N,54,3,48220.78,1,3,0,20442.55,27829.93,3.09
M0010733,N,40,0,10680.28,0,0,1,3455.44,10193.18,2.66
M0010734,N,53,1,4626.24,0,2,0,800.17,7550.43,1.08
M0010735,Y,70,7,161930.93,5,4,5,40956.35,110078.9,7.26
M0010736,N,64,1,15050.7,1,0,0,3668.99,23170.81,2.19
M0010737,N,55,0,10150.08,1,2,2,4676.91,12984.63,0.42
M0010738,N,36,0,10449.95,1,1,0,4624.12,5041.66,0.46
M0010739,N,77,0,12809.8,0,2,0,6711.72,9587.31,1.16
M0010740,N,61,0,13425.34,0,1,0,4186.38,9913.22,1.38
M0010741,N,49,1,3057.45,0,1,0,1030.29,3766.05,0.92
M0010742,N,64,1,6248.19,0,0,1,2025.66,4088.6,0.0
M0010743,N,49,1,7248.92,0,0,0,3587.7,3136.71,0.74
M0010744,N,54,1,6205.81,0,0,1,3371.99,3028.83,0.46
M0010745,N,41,0,18218.46,0,3,0,14509.98,11067.13,1.48
M0010746,N,36,0,6486.6,0,0,0,1648.11,6861.02,1.7
M0010747,N,57,0,18587.94,0,0,0,6113.76,9386.98,2.01
M0010748,N,24,1,17375.13,0,1,1,4040.8,11479.84,1.95
M0010749,N,37,1,4989.44,0,0,0,2053.32,6908.22,0.34
M0010750,N,19,1,10535.1,0,0,0,2953.8,9849.57,1.14
M0010751,N,54,2,6861.35,0,0,0,710.17,5654.96,1.19
M0010752,N,42,0,6993.58,0,0,2,4459.57,5033.07,0.72
M0010753,N,36,1,7552.09,0,2,0,3976.43,8133.91,0.73
M0010754,N,77,1,5253.36,0,0,0,3523.95,5842.23,0.38
M0010755,N,22,1,6825.39,0,0,0,2211.51,4634.53,1.09
M0010756,N,46,0,10986.67,0,0,0,3011.77,7984.67,1.17
M0010757,N,58,1,5360.72,0,2,0,5831.09,1999.79,1.49
M0010758,N,31,0,4603.27,0,0,0,2112.06,2379.24,0.32
M0010759,N,57,2,5958.09,0,2,1,2109.81,4228.81,1.45
M0010760,N,60,2,13600.02,0,0,0,6406.61,8206.73,1.48
M0010761,N,35,0,5369.52,0,0,1,3913.34,1379.99,1.2
M0010762,N,38,2,11233.03,0,2,0,1943.67,15478.58,1.95
M0010763,N,55,0,5661.69,0,0,1,585.32,4398.35,1.3
M0010764,N,21,1,10965.9,0,0,0,2077.73,9182.97,0.57
M0010765,N,53,1,1318.64,0,0,0,862.46,1453.21,0.0
M0010766,N,47,1,12652.48,0,1,0,7760.06,6710.08,1.73
M0010767,N,77,1,5313.45,0,2,0,486.4,6854.71,1.16
M0010768,N,55,0,7776.2,0,0,1,2590.86,3580.51,0.74
M0010769,N,25,0,19243.64,0,1,0,5554.27,16963.03,1.17
M0010770,N,74,3,10331.64,1,1,0,6873.03,11373.91,0.8
M0010771,N,79,1,9942.55,0,0,0,4616.22,5508.6,0.8
M0010772,N,23,1,9662.94,0,1,1,2806.48,13534.42,0.93
M0010773,N,71,1,19837.07,0,2,0,6838.48,10969.0,1.48
M0010774,N,27,2,2292.88,0,1,0,1312.43,2241.64,0.06
M0010775,N,75,1,5429.6,0,2,0,3185.16,4776.55,1.31
M0010776,N,34,0,3314.55,0,0,0,665.96,2584.01,0.0
M0010777,N,19,3,9314.22,0,0,1,710.07,8974.33,0.64
M0010778,N,53,1,11739.78,0,1,0,7697.18,9833.84,2.01
M0010779,N,59,2,13636.8,1,1,0,5917.83,11965.65,0.06
M0010780,N,78,1,12634.0,1,1,0,1948.4,16428.6,1.74
M0010781,N,35,0,9236.09,0,2,0,1825.15,8259.85,0.0
M0010782,N,73,2,13702.89,0,1,0,9011.67,15191.24,1.76
M0010783,N,29,1,20884.34,0,1,0,2258.8,35472.49,2.77
M0010784,N,21,1,9685.54,0,0,0,3054.18,4628.32,1.55
M0010785,N,54,1,14179.57,1,0,0,2343.76,9960.91,1.49
M0010786,N,65,0,9275.67,0,2,1,2748.47,9115.84,0.58
M0010787,N,40,1,13078.27,1,1,0,5200.44,7633.82,2.22
M0010788,N,60,0,10713.69,1,0,0,7172.23,11800.35,0.24
M0010789,Y,68,3,175697.22,3,5,3,23000.14,150412.3,2.41
M0010790,N,24,0,6180.18,0,0,0,5673.21,4779.84,0.09
M0010791,N,20,1,9511.94,0,1,1,7529.59,5119.16,2.14
M0010792,N,23,0,4873.45,0,0,0,637.73,7591.66,0.0
M0010793,N,34,2,20727.68,0,0,0,500.66,15900.18,1.33
M0010794,N,20,3,32572.04,0,1,1,13894.22,14099.95,2.03
M0010795,N,25,1,16838.79,0,0,0,1607.27,15172.48,0.26
M0010796,N,68,1,61256.61,1,1,1,9429.77,50548.85,1.65
M0010797,Y,80,4,274801.08,5,4,3,115816.19,117665.74,3.65
M0010798,N,52,0,8016.46,0,1,1,2654.73,7038.95,1.39
M0010799,N,62,0,5569.08,0,0,1,505.29,4823.86,0.44
M0010800,N,54,0,6562.18,0,0,0,3162.51,5313.74,1.1
M0010801,N,34,1,15185.46,0,0,0,1786.8,12280.17,2.14
M0010802,N,29,2,8136.82,0,0,0,2584.87,4947.54,0.25
M0010803,N,44,1,4843.43,0,1,0,3804.72,2407.25,0.62
M0010804,Y,78,6,323988.09,4,6,6,154663.19,168165.82,7.29
M0010805,N,25,1,16589.7,0,0,0,5439.35,17063.64,0.34
M0010806,N,80,1,23261.79,0,1,1,6752.87,14193.06,1.23
M0010807,N,41,2,13513.12,0,1,0,7653.57,9486.73,2.58
M0010808,N,55,0,12828.86,0,0,1,4364.42,8411.7,1.17
M0010809,N,28,0,31350.97,0,0,0,1659.05,24590.96,1.88
M0010810,N,30,1,42193.64,0,1,0,2263.65,38093.84,0.55
M0010811,N,40,0,7742.12,0,0,1,1672.44,9400.9,0.0
M0010812,N,73,0,5306.93,0,0,0,4625.24,4794.27,1.75
M0010813,Y,73,4,128018.13,4,5,2,47565.02,79520.39,4.77
M0010814,N,62,2,16529.08,1,1,0,2435.6,17268.35,1.12
M0010815,N,42,0,6082.66,0,0,0,1339.95,7109.01,0.0
M0010816,N,34,0,2893.27,0,0,0,852.57,3242.57,0.05
M0010817,Y,51,7,212000.61,4,4,2,91986.18,106851.38,4.45
M0010818,N,41,0,10336.71,0,0,0,3284.71,7650.14,1.51
M0010819,N,41,0,8695.42,0,0,0,679.79,8322.66,1.1
M0010820,N,47,1,18063.24,0,2,0,2300.49,14000.94,1.04
M0010821,N,58,1,31499.06,1,2,0,4060.82,28426.27,2.59
M0010822,N,78,2,13958.19,0,2,1,9109.93,3894.71,1.18
M0010823,N,62,0,19207.33,0,1,1,6796.46,8931.46,1.21
M0010824,N,74,1,15117.95,1,2,0,1926.66,14147.67,1.5
M0010825,Y,65,2,458810.56,3,8,5,244512.26,163140.87,6.8
M0010826,N,46,1,11117.75,1,1,0,6155.96,4812.59,1.58
M0010827,N,56,1,5432.75,1,0,1,2241.8,7500.68,0.48
M0010828,N,50,3,16842.9,1,0,1,3258.2,16401.35,1.85
M0010829,N,79,0,3596.7,0,0,0,985.71,3758.59,1.59
M0010830,N,29,0,13863.89,1,0,0,4462.0,13142.4,1.73
M0010831,N,73,2,9404.56,0,0,1,1301.03,6391.35,1.19
M0010832,N,25,1,23569.77,0,0,0,8074.63,10941.15,0.21
M0010833,N,50,0,20820.89,1,0,0,4709.69,11596.89,0.33
M0010834,N,35,1,8984.72,0,0,1,498.63,7283.59,0.72
M0010835,N,73,1,20981.22,0,0,1,8637.36,8434.96,1.11
M0010836,N,69,0,7129.7,0,0,0,1214.75,9142.52,0.0
M0010837,N,34,1,4688.96,0,0,0,932.55,3265.21,0.0
M0010838,N,58,0,7235.79,0,2,1,1091.99,9409.99,1.23
M0010839,N,54,3,6081.25,1,0,0,1986.48,2858.5,0.65
M0010840,N,25,2,24544.27,1,0,1,9396.6,12507.25,2.34
M0010841,N,42,0,5713.99,0,1,0,1096.9,6147.36,1.14
M0010842,N,68,2,37007.44,0,1,1,5199.84,26650.24,0.85
M0010843,N,43,1,6855.26,0,0,0,1631.11,8097.41,1.62
M0010844,N,68,3,23798.54,0,1,0,3700.06,30115.44,1.86
M0010845,N,40,2,13130.16,0,0,0,5005.52,9224.0,1.5
M0010846,N,78,0,4537.36,0,0,0,3326.09,3096.73,1.14
M0010847,N,67,2,10344.9,0,2,0,2491.46,11411.79,1.85
M0010848,N,31,1,10503.87,0,0,0,3426.9,11946.34,0.99
M0010849,N,75,1,19361.2,1,2,0,983.35,14809.09,1.93
M0010850,N,75,2,7103.77,0,0,0,4066.03,6018.9,1.01
M0010851,Y,39,5,205402.97,2,3,2,184623.4,73903.91,4.55
M0010852,N,78,0,15233.8,0,2,0,14240.21,7949.45,1.4
M0010853,N,22,3,27145.17,1,3,1,10575.94,23909.88,1.04
M0010854,N,56,2,27207.98,1,0,0,4619.5,17443.47,1.71
M0010855,N,63,1,4295.18,1,0,0,2122.56,4033.99,1.41
M0010856,N,63,0,16725.61,0,0,1,2019.45,13310.45,1.29
M0010857,N,22,2,18273.51,0,0,0,1430.86,14848.9,0.0
M0010858,N,78,0,6610.03,2,1,0,2745.5,5148.54,0.17
M0010859,N,19,1,9506.22,0,1,0,1283.35,8021.13,1.34
M0010860,N,35,2,6081.59,0,0,1,1015.66,5877.04,1.3
M0010861,N,70,1,19644.32,0,1,1,5974.3,16937.78,1.83
M0010862,N,39,1,10053.04,0,1,0,4806.03,4427.5,0.16
M0010863,N,76,2,6637.38,0,0,0,866.74,8218.55,0.94
M0010864,N,51,0,4635.47,0,1,0,845.01,5708.16,1.08
M0010865,N,71,0,3097.38,1,0,0,2382.84,2318.4,0.77
M0010866,N,78,0,4470.18,0,0,0,891.01,5173.9,0.0
M0010867,N,55,1,28528.49,0,0,1,7517.23,20976.42,0.0
M0010868,N,26,1,9756.68,0,0,0,5177.26,4091.58,0.67
M0010869,N,38,0,3715.87,1,0,0,2911.12,2087.1,0.25
M0010870,N,24,1,22272.19,0,3,0,6337.77,17563.37,1.39
M0010871,N,43,1,15358.34,0,1,0,8565.52,12759.08,0.7
M0010872,N,47,1,6059.74,0,1,1,3563.87,4112.94,0.65
M0010873,N,57,0,14996.06,0,0,0,3041.94,9468.0,0.4
M0010874,N,39,0,6087.23,0,0,0,962.63,7828.46,1.86
M0010875,N,73,0,6517.52,0,1,0,1419.29,4686.83,0.25
M0010876,N,27,0,13877.14,1,0,0,1760.88,10161.32,1.49
M0010877,N,49,2,15886.9,1,0,0,6909.62,12385.54,0.5
M0010878,Y,79,5,219528.48,5,1,5,189720.52,99685.06,4.05
M0010879,N,80,2,12623.19,0,0,1,3335.51,15016.8,2.17
M0010880,N,50,1,17678.91,1,2,0,5254.58,12054.84,1.27
M0010881,N,76,1,13193.39,0,0,0,11223.68,9587.08,1.38
M0010882,Y,40,5,244337.49,2,2,3,108695.14,240056.13,7.35
M0010883,Y,59,4,145878.26,2,3,2,117308.95,89461.45,4.07
M0010884,N,37,0,11052.92,0,0,0,1709.56,12998.54,1.51
M0010885,N,40,1,2366.08,0,0,0,477.89,2794.7,0.75
M0010886,N,61,2,11052.88,1,0,2,2547.92,7114.25,1.13
M0010887,N,33,0,5668.27,0,0,2,1207.15,5573.89,0.98
M0010888,N,52,1,15959.54,0,0,0,4017.14,12941.48,1.62
M0010889,N,64,0,5642.43,0,1,0,923.85,4620.17,0.69
M0010890,N,51,1,5306.75,0,0,0,813.37,3798.93,0.0
M0010891,N,56,2,13203.44,0,1,0,1392.31,15778.17,0.11
M0010892,N,51,0,15330.59,0,0,1,2214.34,11717.9,0.71
M0010893,N,57,0,2563.19,0,1,0,432.9,3112.13,0.13
M0010894,N,24,0,22119.37,1,2,0,4738.93,13234.13,3.2
M0010895,N,53,0,12145.85,0,0,0,1975.0,15884.21,0.72
M0010896,N,46,1,7278.59,0,0,1,3076.42,7479.54,0.13
M0010897,N,42,1,15502.88,0,1,0,1925.28,11113.97,0.89
M0010898,N,38,0,5088.29,0,1,0,1834.36,2968.36,1.24
M0010899,N,60,0,7891.18,2,0,0,2530.46,5978.93,1.56
M0010900,N,25,0,3667.84,0,0,1,858.52,5532.88,0.0
M0010901,N,76,1,9565.59,0,0,0,2888.69,7911.48,1.04
M0010902,N,33,2,11446.66,0,0,0,5253.82,7736.81,1.06
M0010903,N,36,1,7967.63,0,0,1,1390.37,8149.52,0.87
M0010904,N,69,2,28126.3,0,2,0,6822.61,18750.73,1.03
M0010905,N,20,2,8307.71,1,1,0,2490.82,5325.07,0.52
M0010906,N,37,2,7489.88,0,0,0,2957.73,5121.91,1.47
M0010907,N,43,0,8422.89,0,0,0,565.82,7698.94,0.0
M0010908,N,20,1,13002.53,0,0,0,3742.79,12461.98,1.24
M0010909,N,30,0,13868.78,0,0,0,3840.73,11140.1,1.07
M0010910,N,72,1,5855.95,0,1,0,1575.41,3545.29,2.22
M0010911,N,48,1,14767.87,0,1,0,4523.95,9873.16,1.74
M0010912,N,19,1,33682.21,0,2,2,13199.04,17127.75,3.59
M0010913,N,74,0,3760.31,0,1,0,685.31,2844.27,2.1
M0010914,N,28,0,12201.86,0,1,0,5351.96,13286.69,2.07
M0010915,N,42,1,15591.26,0,0,2,1095.43,12093.85,1.26
M0010916,N,62,1,27186.43,0,0,2,2882.53,18530.31,0.0
M0010917,N,27,1,11311.18,0,0,0,3577.21,12916.8,1.18
M0010918,N,48,1,16801.94,0,2,1,6299.87,14783.32,2.49
M0010919,N,27,0,5409.12,0,1,1,1007.61,7399.47,1.37
M0010920,N,19,0,5112.96,0,0,0,1832.54,6407.86,1.01
M0010921,N,42,2,18093.59,0,1,0,2271.43,13027.08,0.87
M0010922,N,65,3,18198.08,0,0,0,7120.52,11863.89,3.04
M0010923,N,18,2,10955.62,0,1,0,9572.5,4518.68,1.37
M0010924,N,58,1,6454.06,0,1,0,1452.01,6482.59,1.09
M0010925,N,49,0,5240.71,0,2,0,1063.73,6791.92,1.58
M0010926,N,35,0,3741.84,0,0,0,929.68,2183.19,1.89
M0010927,N,25,3,36837.92,0,1,0,1787.94,30086.12,1.27
M0010928,N,20,0,8360.69,0,2,0,1955.65,5222.2,0.25
M0010929,N,55,1,73347.94,0,0,1,40708.07,23412.02,1.15
M0010930,N,60,0,9477.34,1,1,0,4290.49,10902.85,2.14
M0010931,N,64,3,22151.42,0,2,1,12916.4,18613.48,0.83
M0010932,N,27,0,32869.91,0,0,1,1825.91,25804.41,1.32
M0010933,N,66,2,8025.81,0,0,0,3555.28,6864.01,0.0
M0010934,Y,77,2,219695.85,3,3,4,115036.44,74088.21,2.36
M0010935,N,34,0,8308.67,0,0,0,741.72,9451.31,2.1
M0010936,N,47,0,8523.43,0,0,0,3450.62,11446.6,0.57
M0010937,N,26,2,16515.87,0,0,2,3323.74,20972.33,2.81
M0010938,N,35,4,18569.96,0,0,0,2093.09,19623.81,0.85
M0010939,N,37,0,9251.33,1,1,0,1949.71,5435.84,1.7
M0010940,N,66,0,6107.7,0,0,0,1278.55,4067.76,0.95
M0010941,N,49,2,28287.34,0,3,2,8812.98,17556.27,0.26
M0010942,N,31,0,4095.28,0,1,0,703.15,4556.04,0.33
M0010943,N,53,1,11623.24,0,0,0,3371.54,15739.19,0.84
M0010944,N,42,0,13019.47,0,0,0,2595.91,12204.03,0.67
M0010945,N,75,1,4959.97,0,1,0,534.94,5783.35,0.52
M0010946,N,28,3,9327.79,0,0,0,5627.05,5249.73,1.46
M0010947,N,68,2,17445.78,0,1,0,4020.02,10468.5,0.48
M0010948,N,30,0,10109.11,0,1,1,5697.32,9774.74,1.43
M0010949,N,64,1,18188.07,0,2,0,8682.95,18309.86,1.16
M0010950,N,61,0,9056.3,0,0,0,2595.21,6491.32,1.33
M0010951,N,61,0,6042.71,0,0,0,1319.25,7581.14,2.04
M0010952,N,19,1,15377.87,2,2,0,5360.06,9005.06,0.79
M0010953,N,31,1,8162.43,0,1,0,3924.51,3358.8,0.66
M0010954,N,54,2,14895.27,0,2,0,7082.95,11131.69,2.27
M0010955,N,62,1,10625.12,0,2,1,5221.8,9203.72,0.21
M0010956,N,29,1,6287.09,0,0,0,779.39,4979.03,1.37
M0010957,N,61,2,9604.38,1,1,1,3894.69,4625.98,2.34
M0010958,N,60,2,19082.09,0,0,0,4465.56,20062.03,1.56
M0010959,N,67,0,8264.93,0,1,0,3594.37,3318.65,0.0
M0010960,N,34,2,6921.85,0,0,1,4769.06,5792.66,1.24
M0010961,N,18,2,12514.75,0,1,0,14964.49,5677.0,2.13
M0010962,N,56,0,14038.57,0,0,0,3953.01,8338.88,1.53
M0010963,N,23,2,15593.1,0,0,0,2622.25,15355.01,0.0
M0010964,N,65,2,33096.73,0,1,1,2838.29,24554.35,3.06
M0010965,N,32,1,8180.03,1,0,0,1881.27,10229.86,1.73
M0010966,Y,59,3,168161.01,1,2,1,54056.0,119336.65,2.81
M0010967,Y,62,2,188019.35,5,3,3,74303.26,153200.88,7.17
M0010968,N,56,2,4761.93,0,0,0,1751.97,5814.32,0.0
M0010969,N,22,2,2156.09,0,1,0,938.13,2876.67,1.57
M0010970,N,46,1,6114.08,0,1,0,1446.18,3755.56,1.45
M0010971,N,24,2,34617.27,0,0,0,4155.06,28068.05,2.49
M0010972,N,20,0,6877.78,0,0,0,748.84,10472.89,0.96
M0010973,N,50,1,5761.39,0,2,0,2831.78,7412.63,1.82
M0010974,N,59,0,10255.08,0,0,0,2101.76,10641.05,0.43
M0010975,N,56,1,13847.8,0,2,0,2210.58,16550.73,2.61
M0010976,N,34,0,5356.59,0,1,0,2324.77,3533.77,2.08
M0010977,N,80,3,4970.88,1,0,0,1705.47,4077.22,0.0
M0010978,N,78,1,15316.11,0,0,0,4247.77,8122.17,0.29
M0010979,N,48,0,28864.7,0,0,0,7913.53,29779.21,0.78
M0010980,N,38,2,26427.44,0,0,1,4213.22,25429.05,1.46
M0010981,N,30,0,4741.32,0,0,1,854.53,3331.77,1.62
M0010982,N,65,2,3929.69,0,1,1,628.93,4597.16,0.0
M0010983,Y,74,5,159613.12,6,4,3,72535.39,153451.49,3.62
M0010984,N,80,3,10669.21,0,0,0,10290.69,4294.1,1.69
M0010985,N,43,2,28449.38,0,0,0,3851.66,21023.29,1.7
M0010986,N,71,2,12405.28,1,0,0,3719.24,8792.69,0.24
M0010987,N,27,2,20513.64,0,1,0,5916.7,22796.84,0.52
M0010988,N,23,0,5490.35,1,1,0,1071.42,5071.9,2.01
M0010989,N,63,0,18680.15,0,0,0,8784.97,7544.13,1.22
M0010990,N,67,3,10201.73,1,2,1,2392.07,13044.66,1.25
M0010991,N,50,0,14008.78,0,0,0,6810.88,12636.97,0.84
M0010992,N,62,2,12815.79,0,2,1,9084.72,12871.4,2.65
M0010993,N,33,0,3622.08,0,1,0,1999.82,1536.38,1.17
M0010994,N,73,0,5221.07,1,0,0,1651.99,7147.8,2.57
M0010995,N,47,0,3843.75,0,1,0,609.16,6088.62,0.96
M0010996,N,55,1,10873.23,0,1,0,1206.51,9640.99,0.63
M0010997,N,58,2,17212.3,1,1,0,3250.31,13154.74,2.15
M0010998,N,30,0,5313.84,1,0,0,950.6,3633.27,0.0
M0010999,N,71,1,7994.32,0,0,0,1346.94,5995.67,0.64
M0011000,N,71,3,5731.16,0,0,0,630.79,7763.69,1.78
M0011001,N,52,3,7867.5,0,1,0,1253.06,12380.05,0.7
M0011002,N,40,2,8060.34,0,1,0,2145.27,5467.2,0.97
M0011003,N,33,2,24625.23,1,2,2,7832.38,29749.5,0.63
M0011004,N,35,3,14909.48,0,3,0,6762.64,13739.91,1.42
M0011005,N,74,2,12725.82,0,1,0,1457.91,13281.07,0.0
M0011006,N,21,0,3249.97,0,0,1,3001.08,896.88,0.71
M0011007,N,39,0,3100.33,0,0,0,2667.73,2234.7,1.26
M0011008,N,30,0,7998.04,0,0,0,334.36,6932.04,0.22
M0011009,N,63,1,13999.9,0,0,1,4650.13,6889.38,1.77
M0011010,N,23,0,10217.22,0,3,0,2887.17,9799.06,0.0
M0011011,N,43,1,4309.11,0,1,0,2086.57,2050.7,1.33
M0011012,N,55,1,5406.39,0,0,0,3491.93,2749.55,1.43
M0011013,N,78,1,9825.32,0,1,1,4625.65,3804.33,1.19
M0011014,N,53,1,14128.4,0,0,1,1236.44,15131.92,1.29
M0011015,N,68,0,11134.53,0,2,1,4714.35,6287.12,1.26
M0011016,N,80,2,11394.89,0,0,0,1027.43,15873.2,0.0
M0011017,N,32,0,12841.2,2,0,2,1415.51,19808.21,1.76
M0011018,N,22,0,11355.13,0,1,0,8523.03,4454.69,1.93
M0011019,Y,54,2,145191.45,1,1,1,92894.77,66346.73,2.41
M0011020,N,29,0,9995.39,0,1,0,1562.63,8011.31,1.21
M0011021,N,78,2,15982.02,0,1,2,7569.94,18001.62,1.47
M0011022,N,53,1,6340.13,0,1,0,1179.89,9926.49,0.01
M0011023,Y,44,5,239809.3,4,2,2,71965.86,226403.78,5.2
M0011024,N,26,1,4851.89,0,0,0,2580.18,4686.21,1.25
M0011025,Y,40,3,339147.11,2,5,1,110522.49,253032.37,8.11
M0011026,N,70,0,22166.75,0,0,0,7437.8,14202.95,2.73
M0011027,N,25,3,12035.86,0,1,0,3997.89,8301.2,2.88
M0011028,N,44,1,20485.91,1,0,0,1591.22,14452.96,0.32
M0011029,N,45,1,11472.4,0,0,1,7734.02,6236.71,0.55
M0011030,N,56,2,19754.87,0,0,0,4433.76,12456.74,1.6
M0011031,N,51,1,8738.21,0,1,1,4172.91,4858.73,0.0
M0011032,N,21,0,3668.31,0,0,1,1486.92,2075.48,0.0
M0011033,N,24,0,4185.83,1,0,0,1315.14,2892.46,0.0
M0011034,N,36,1,7588.3,0,2,0,4037.88,5694.09,0.0
M0011035,N,31,1,10343.46,0,0,0,2556.59,9653.76,0.0
M0011036,N,72,2,10956.51,0,0,0,1967.76,10194.54,1.0
M0011037,N,36,0,21631.3,0,2,0,10255.0,6863.83,1.6
M0011038,N,51,0,18626.46,1,1,0,1569.74,13207.1,0.73
M0011039,N,71,1,6633.18,0,0,0,2841.34,3054.63,0.61
M0011040,N,80,1,9896.2,0,0,0,4321.32,5701.83,1.3
M0011041,N,73,1,11230.24,0,0,0,6357.7,7135.4,2.25
M0011042,N,21,0,12007.97,0,1,0,5535.44,4936.9,1.87
M0011043,N,40,0,3489.92,1,0,0,1496.04,4309.89,1.43
M0011044,N,32,0,7147.24,0,0,0,1352.87,5543.38,0.98
M0011045,N,34,0,7692.01,0,0,1,857.89,5340.31,1.35
M0011046,N,40,0,3899.52,0,0,0,2516.62,3746.16,1.24
M0011047,N,73,0,3758.69,0,0,0,629.04,3135.44,0.67
M0011048,N,53,2,12965.95,0,1,0,5189.57,10008.87,1.63
M0011049,N,31,1,62620.58,1,1,3,8164.63,58681.52,2.06
M0011050,Y,80,5,171760.53,2,2,3,48070.74,110764.73,6.22
M0011051,N,37,0,4846.7,0,0,0,500.28,5937.72,1.47
M0011052,N,51,1,40938.51,0,1,0,35863.92,15709.1,3.07
M0011053,N,55,0,7556.58,0,0,2,3291.98,6258.22,0.55
M0011054,N,67,0,4529.93,0,0,0,2560.45,5008.06,0.74
M0011055,N,42,1,7923.65,0,0,0,1708.86,5620.94,0.0
M0011056,N,20,0,10494.17,0,0,0,6075.53,8758.42,1.95
M0011057,N,24,2,10525.14,0,1,0,4382.84,6885.84,3.19
M0011058,N,51,0,3333.11,0,0,0,695.84,3042.88,0.73
M0011059,N,39,1,24083.51,1,2,1,8645.47,14000.64,0.26
M0011060,N,26,1,31311.83,0,1,2,10297.05,17006.95,1.66
M0011061,N,29,1,7247.07,0,2,0,3630.09,7624.45,1.17
M0011062,N,48,0,2564.2,0,0,0,905.06,1217.93,0.65
M0011063,N,80,2,9527.09,0,0,0,2710.71,5189.87,1.83
M0011064,N,30,1,35546.61,0,0,0,13368.55,16990.95,1.24
M0011065,N,67,2,22871.95,0,2,1,6222.21,12832.18,3.5
M0011066,N,50,2,7321.69,0,3,0,5196.5,3724.91,0.03
M0011067,N,29,0,6908.3,0,1,0,1711.25,4944.89,1.05
M0011068,Y,39,4,243828.99,1,2,1,140166.39,141653.71,3.92
M0011069,N,76,0,14510.23,0,1,0,4305.67,10203.7,1.77
M0011070,N,78,1,36458.74,0,0,2,5339.22,26111.85,0.88
M0011071,N,21,1,2514.9,1,3,0,1354.88,2985.12,0.99
M0011072,N,23,0,6337.38,0,0,0,8898.94,2189.45,0.64
M0011073,N,66,1,10091.04,1,1,0,2668.35,9454.9,1.57
M0011074,N,19,0,16498.41,0,0,0,1542.49,12566.05,0.41
M0011075,N,59,3,6754.06,1,1,0,1530.34,5898.56,0.06
M0011076,N,46,0,10734.61,1,2,0,7011.92,8809.06,1.4
M0011077,N,63,1,8394.72,0,1,2,3503.12,5911.52,2.32
M0011078,N,20,0,21194.06,0,1,1,2554.75,15947.6,0.61
M0011079,N,21,1,14983.27,1,0,0,2271.92,12637.58,1.63
M0011080,N,45,2,9767.14,0,0,0,5201.38,7003.77,0.01
M0011081,N,37,0,8171.47,0,0,0,2187.73,5403.86,2.51
M0011082,N,33,0,12883.35,1,0,0,4913.49,16127.4,0.37
M0011083,Y,50,6,175468.51,1,2,2,78937.17,114804.82,3.48
M0011084,N,67,0,6691.56,1,0,0,2466.17,6173.25,2.39
M0011085,N,34,1,17277.8,1,0,0,8809.53,9703.06,1.64
M0011086,N,27,0,8770.72,0,1,2,4073.26,9964.51,1.78
M0011087,N,19,1,12618.55,1,1,0,2741.17,7569.77,1.15
M0011088,N,67,2,13619.89,1,1,0,5987.02,12408.72,1.28
M0011089,N,42,1,5255.05,0,0,0,1258.7,3515.65,0.03
M0011090,N,55,1,7471.34,0,1,0,1588.38,4816.39,0.75
M0011091,N,67,1,14190.64,0,0,0,2335.19,14247.45,0.0
M0011092,N,60,3,10367.53,0,1,0,1255.39,7566.68,0.64
M0011093,N,71,1,9937.32,2,0,0,1709.91,12932.86,0.7
M0011094,N,18,0,10405.23,0,1,1,3800.5,7373.89,2.16
M0011095,N,35,2,9915.54,0,1,0,2290.97,6142.37,1.96
M0011096,N,45,0,18014.61,0,1,0,5209.63,8918.5,0.77
M0011097,N,65,0,8219.43,0,0,0,2540.56,6585.87,0.3
M0011098,N,63,1,7485.98,1,0,0,1625.79,4607.87,0.96
M0011099,N,30,4,15374.72,2,1,1,8229.04,7836.78,2.13
M0011100,N,18,2,14083.64,0,1,2,3440.71,7816.83,1.14
M0011101,N,23,0,17773.26,0,1,0,1556.28,14382.82,2.35
M0011102,N,33,1,6828.86,0,2,0,2460.89,4718.74,0.78
M0011103,N,40,0,14510.52,0,1,0,1585.97,14039.6,2.03
M0011104,N,26,2,12294.81,1,0,1,3380.14,8588.01,2.52
M0011105,N,55,2,6247.0,0,0,0,1315.43,8203.05,1.41
M0011106,N,44,2,7648.0,0,0,0,2043.5,8694.91,0.98
M0011107,N,67,2,19797.62,1,0,1,5659.58,17991.91,0.12
M0011108,N,22,2,15565.56,1,0,1,7824.48,11700.4,1.32
M0011109,N,57,0,14255.64,1,1,0,5635.25,7499.23,0.66
M0011110,N,22,0,6743.92,0,0,0,768.81,7536.74,1.1
M0011111,N,66,0,13209.7,0,0,1,4002.69,10059.82,0.2
M0011112,N,52,0,8414.9,0,0,0,1853.34,7218.11,1.88
M0011113,N,80,1,8902.12,0,2,0,5173.06,9745.8,0.32
M0011114,N,51,0,2980.37,0,0,0,561.03,2660.57,0.0
M0011115,N,57,1,21885.55,0,1,0,7213.0,11977.1,1.67
M0011116,N,20,0,9745.41,0,0,0,2770.98,6943.44,0.62
M0011117,Y,83,7,386520.71,3,1,6,79565.87,291376.77,7.46
M0011118,N,37,2,15697.95,1,1,0,4303.26,17189.76,1.44
M0011119,N,72,3,12582.13,1,0,1,1264.0,10377.9,1.86
M0011120,N,21,1,7666.57,0,1,0,524.44,7800.77,0.19
M0011121,N,26,1,14358.9,0,1,0,10559.19,8650.89,0.0
M0011122,N,64,0,24545.77,0,0,0,7041.63,15158.66,1.4
M0011123,N,43,0,9080.6,1,0,0,1016.64,7420.9,1.0
M0011124,N,70,0,17801.01,0,0,0,9299.47,6114.2,0.74
M0011125,N,32,0,16788.43,0,0,0,2832.8,16068.44,1.57
M0011126,N,65,2,25841.16,0,1,1,6949.94,19188.59,1.45
M0011127,N,50,1,7948.97,0,0,0,1254.07,5502.23,1.4
M0011128,N,32,0,8935.39,0,0,0,4886.28,3335.49,0.4
M0011129,N,80,1,15663.34,0,1,1,13769.84,4584.84,0.14
M0011130,N,78,0,8115.63,1,1,0,1455.82,5319.84,0.51
M0011131,N,49,1,26487.65,0,2,0,4817.98,16548.67,2.24
M0011132,N,75,1,8523.73,0,0,1,974.33,6904.01,1.18
M0011133,N,61,0,18439.7,1,0,0,3906.46,11415.74,0.83
M0011134,N,48,0,13633.41,0,1,0,7314.68,7054.69,0.17
M0011135,N,37,1,35220.22,0,0,0,7469.19,21380.4,2.0
M0011136,N,45,1,3603.8,0,1,1,2711.04,1699.12,0.93
M0011137,N,36,2,38876.94,0,2,1,20768.68,18497.45,2.68
M0011138,N,42,1,4092.41,0,1,0,1190.19,3574.33,0.9
M0011139,N,53,1,11969.32,0,0,1,1835.61,18152.44,1.32
M0011140,N,74,1,21764.21,1,1,2,2092.28,18795.8,0.0
M0011141,N,52,3,14526.42,0,0,0,7526.47,8572.09,2.09
M0011142,N,54,1,18203.91,0,0,0,1671.16,15591.19,0.0
M0011143,N,79,0,3110.43,0,0,0,1697.99,3330.9,1.39
M0011144,N,67,0,8008.93,0,0,0,4870.42,2970.69,0.24
M0011145,N,59,0,11312.05,0,3,0,3015.54,8978.32,2.14
M0011146,N,73,2,17210.01,0,1,0,1884.44,16753.41,1.49
M0011147,N,30,2,9341.0,0,0,0,2429.02,9610.67,1.88
M0011148,N,37,3,3498.94,0,0,0,2171.57,3093.12,0.0
M0011149,N,46,0,8499.38,0,0,0,1159.81,9793.14,1.22
M0011150,N,41,2,10373.57,0,0,0,5076.03,6413.03,0.52
M0011151,N,65,0,5123.41,0,0,0,3191.75,3115.06,0.39
M0011152,N,20,0,10376.75,0,0,0,1654.38,13942.98,0.45
M0011153,N,62,0,6133.86,0,0,1,1166.49,5365.17,0.65
M0011154,N,80,0,7980.35,0,0,0,2606.65,4211.69,1.06
M0011155,N,33,0,4349.54,0,0,0,1020.02,3475.68,0.0
M0011156,N,36,0,4460.4,0,0,0,1805.8,4986.33,2.05
M0011157,N,50,0,8983.79,0,1,1,3436.49,7787.36,1.13
M0011158,N,18,0,7574.27,0,0,1,3304.45,8439.1,1.56
M0011159,N,70,1,10662.75,1,0,0,2110.66,6673.51,2.08
M0011160,N,30,0,28169.56,0,1,0,1906.6,29930.81,1.57
M0011161,N,62,2,7661.68,0,0,0,2301.76,7050.5,0.67
M0011162,N,30,0,13795.87,0,0,1,1569.67,14430.05,0.93
M0011163,N,31,2,1543.87,0,0,0,153.56,1817.25,0.94
M0011164,N,59,1,8243.15,0,0,0,3781.31,3793.51,0.99
M0011165,N,36,0,9205.44,0,0,0,2021.06,8284.7,1.15
M0011166,N,68,3,7067.3,0,1,0,5346.94,3768.93,1.9
M0011167,N,43,0,12137.11,1,0,0,2194.7,13281.83,0.37
M0011168,N,22,0,4510.45,0,0,1,4083.67,2451.14,0.84
M0011169,N,63,2,7618.83,0,0,0,5767.18,2683.64,0.49
M0011170,N,57,1,18191.37,0,1,1,2490.48,20890.96,1.17
M0011171,N,45,1,9693.73,0,1,0,4439.05,9558.45,1.55
M0011172,N,43,0,7378.31,0,1,0,2332.26,7106.12,0.42
M0011173,N,39,2,15499.09,0,1,0,4103.87,16260.9,2.14
M0011174,N,65,3,22248.42,1,0,0,6400.37,20324.24,1.5
M0011175,N,25,1,21669.07,0,1,0,5870.52,31747.35,1.4
M0011176,N,60,0,15793.3,0,0,1,6355.76,7911.1,1.54
M0011177,N,26,1,8646.86,0,0,0,1729.68,5956.93,0.0
M0011178,N,59,2,63289.0,1,2,0,13460.89,41070.6,2.11
M0011179,N,78,2,7435.27,0,0,1,4941.26,6826.13,0.64
M0011180,N,53,0,8344.04,0,2,0,2995.24,8346.88,1.11
M0011181,N,51,1,10742.9,0,0,1,5428.7,9494.2,0.72
M0011182,N,64,0,4517.47,0,1,0,1306.5,2763.04,0.93
M0011183,N,51,3,29340.34,0,1,0,5866.93,20877.09,4.0
M0011184,N,46,4,13290.89,1,2,1,13903.73,6463.66,2.77
M0011185,N,28,1,6038.45,0,0,0,3090.1,6282.56,1.93
M0011186,N,21,2,5327.77,0,0,0,3623.51,5608.53,0.49
M0011187,N,40,1,7993.92,0,1,0,5565.39,8007.44,2.78
M0011188,N,33,0,5942.35,1,1,0,2897.04,6366.91,1.13
M0011189,N,60,1,10993.35,1,0,1,2973.4,8167.83,1.14
M0011190,N,52,1,11910.99,0,0,0,1694.75,8027.09,1.64
M0011191,N,75,2,18483.65,0,3,0,3295.76,18858.04,2.79
M0011192,N,25,1,8630.74,0,0,0,635.98,10219.12,0.65
M0011193,N,64,1,20124.61,1,2,1,4735.73,11886.98,2.17
M0011194,N,53,2,21492.09,0,0,0,2357.42,19699.54,1.61
M0011195,N,59,1,17300.35,0,0,0,10812.78,8774.48,1.81
M0011196,N,75,0,6100.58,0,0,0,2843.92,5914.62,0.0
M0011197,N,67,0,7936.72,0,0,1,2451.27,8879.76,0.87
M0011198,N,62,1,12934.94,0,1,0,1379.25,9274.51,0.79
M0011199,N,22,0,11756.51,0,0,0,2390.16,10981.4,1.4
M0011200,N,66,0,7586.06,0,0,0,1134.99,5129.59,1.37
M0011201,N,19,2,23854.76,0,1,1,3750.7,17363.84,1.07
M0011202,N,39,0,8421.87,0,0,0,2785.11,5081.35,0.0
M0011203,N,31,0,13831.72,0,0,0,5794.07,8173.67,1.35
M0011204,N,57,0,11455.66,0,0,0,608.46,9300.3,0.64
M0011205,Y,54,6,298333.69,4,3,5,63328.58,326760.51,4.94
M0011206,N,49,1,7856.43,0,0,0,5687.06,6975.64,2.08
M0011207,Y,41,5,252242.51,1,4,1,131170.38,96550.51,9.51
M0011208,N,32,2,53831.33,3,2,0,7199.25,40101.37,1.67
M0011209,N,74,2,9151.28,0,0,1,4855.34,6320.16,1.79
M0011210,N,49,0,5851.2,1,0,0,1759.93,2835.98,1.25
M0011211,N,56,3,7226.03,0,1,0,1473.29,10292.42,0.51
M0011212,N,50,1,16269.58,1,0,0,2705.83,15487.64,2.21
M0011213,N,34,2,12168.16,0,1,0,2299.63,13849.0,1.32
M0011214,N,66,3,12899.94,0,2,0,1971.04,20362.32,0.12
M0011215,N,67,2,9153.35,0,0,0,8079.46,4618.95,0.69
M0011216,Y,45,4,328855.26,4,5,4,83516.47,262593.45,5.25
M0011217,N,32,2,4685.14,0,1,1,1424.88,6510.46,0.0
M0011218,N,73,0,7370.88,0,0,0,4360.94,4256.85,0.28
M0011219,N,74,2,5176.45,0,0,0,722.55,4907.88,1.2
M0011220,N,39,3,19465.31,0,0,0,3855.52,12661.41,0.93
M0011221,N,72,2,15522.05,0,1,1,2417.17,13208.44,1.72
M0011222,N,62,1,5868.99,0,0,0,1676.36,6906.42,0.51
M0011223,N,64,0,3936.38,0,0,0,749.59,4094.21,0.0
M0011224,N,60,0,11233.87,0,1,1,3021.76,10362.32,2.24
M0011225,N,66,0,11187.02,0,0,0,1037.04,8095.87,0.38
M0011226,N,67,2,4961.72,0,0,0,2833.07,2512.05,1.04
M0011227,N,51,1,13442.48,1,0,2,5597.13,8698.13,2.79
M0011228,N,49,0,7717.89,1,1,0,1668.35,4732.62,0.75
M0011229,N,54,2,17963.97,0,1,0,1565.75,19772.24,0.9
M0011230,N,75,2,22975.51,0,2,0,10249.14,18880.62,3.19
M0011231,N,33,0,9875.6,2,0,0,2711.35,5507.4,1.91
M0011232,N,36,2,15134.9,1,0,1,3532.15,12787.48,1.3
M0011233,N,60,1,18955.79,1,1,2,4072.04,12563.35,2.49
M0011234,N,55,0,23645.53,1,0,1,3963.76,19618.02,1.21
M0011235,Y,45,3,396967.44,4,6,2,250208.74,203029.38,4.74
M0011236,N,67,0,2250.64,0,0,0,497.56,3163.69,1.07
M0011237,N,26,2,6285.27,0,0,0,1005.52,4829.68,1.57
M0011238,N,53,2,13432.96,0,2,1,3297.0,15592.38,0.56
M0011239,N,50,0,5541.67,0,0,0,3306.12,1840.2,0.8
M0011240,N,71,1,6263.43,0,2,1,701.1,8817.18,0.0
M0011241,N,53,1,31913.22,0,0,2,4075.03,24778.71,1.84
M0011242,N,18,2,11069.45,0,1,0,1546.35,8156.98,1.77
M0011243,N,70,1,7734.78,1,0,2,4344.36,8113.19,1.96
M0011244,N,50,0,20966.19,0,1,1,6583.52,20723.02,1.88
M0011245,N,74,0,14433.03,2,2,0,2244.74,12711.9,1.35
M0011246,N,51,0,3638.12,0,1,0,1529.66,1966.37,0.49
M0011247,N,75,0,6045.62,0,1,0,1493.73,7806.69,2.24
M0011248,Y,71,6,315375.79,3,4,3,144580.95,237418.34,5.9
M0011249,N,76,3,8080.4,0,1,0,3865.2,3277.47,0.0
M0011250,N,59,0,8150.41,0,0,0,1936.35,12011.19,1.01
M0011251,N,70,0,23325.96,0,1,2,695.36,17818.13,1.44
M0011252,N,23,0,13191.14,0,0,0,1753.84,9564.53,0.0
M0011253,N,41,2,13784.05,0,0,1,10434.74,5479.2,0.0
M0011254,N,60,0,17349.8,0,2,0,4271.25,13355.46,1.61
M0011255,N,50,0,20445.26,0,1,1,981.82,17711.86,0.44
M0011256,N,35,1,6315.23,0,0,0,2225.41,5131.34,0.26
M0011257,N,55,2,5929.26,0,0,0,2640.94,5059.82,0.1
M0011258,N,67,2,26507.75,0,1,0,2101.93,18885.06,1.16
M0011259,N,74,1,29643.23,2,2,1,22867.17,5990.73,1.55
M0011260,N,52,1,20312.51,0,3,0,2817.35,16134.37,2.9
M0011261,N,69,2,5376.58,0,2,0,1402.98,6594.57,0.25
M0011262,N,34,1,8021.97,0,0,0,3716.65,2759.27,2.56
M0011263,N,67,1,6382.78,0,0,0,2279.8,4679.43,1.19
M0011264,N,72,2,4338.1,0,0,0,1155.09,3222.55,1.12
M0011265,N,25,1,11165.4,0,2,1,6717.97,5061.17,1.96
M0011266,N,21,1,4646.54,0,1,0,1913.52,1797.84,1.33
M0011267,N,20,0,21079.48,0,1,0,1106.11,16451.24,0.8
M0011268,N,79,2,27441.21,0,1,0,9500.09,13041.2,2.58
M0011269,N,45,1,12444.07,0,2,0,2040.69,10812.95,0.86
M0011270,N,25,0,20095.01,1,1,0,2999.81,13179.07,0.63
M0011271,N,58,1,25280.71,0,1,1,6419.73,16118.12,2.44
M0011272,N,23,1,17129.84,1,3,1,6444.38,9432.52,0.8
M0011273,N,25,1,15234.61,0,0,0,7926.37,4250.46,1.46
M0011274,N,37,2,807.93,0,2,0,440.0,998.03,0.43
M0011275,N,57,0,18958.43,2,0,0,4907.97,10291.74,2.16
M0011276,N,23,2,10323.21,0,2,1,2957.25,13016.23,2.18
M0011277,N,53,1,5537.36,1,0,0,1449.98,5123.1,0.11
M0011278,N,35,1,6564.67,0,1,0,3941.54,5585.34,1.45
M0011279,N,45,0,28995.8,0,1,0,2481.95,23070.66,1.39
M0011280,N,65,0,8993.63,0,0,0,2567.03,8017.79,0.0
M0011281,N,28,2,7176.41,0,0,0,2701.09,10232.58,0.31
M0011282,N,31,0,11132.98,0,0,0,1716.75,9640.65,0.63
M0011283,N,30,0,4387.04,0,0,0,1459.79,6459.79,0.67
M0011284,N,52,2,3624.16,0,0,0,1500.46,2761.42,0.76
M0011285,Y,52,10,296106.09,5,3,6,149582.98,133685.05,5.26
M0011286,N,18,0,4197.33,0,0,1,2250.07,4960.3,1.53
M0011287,N,76,1,10526.41,1,2,0,609.38,15037.74,1.7
M0011288,N,67,1,7871.5,0,0,0,878.16,7239.13,0.0
M0011289,N,75,2,29255.96,1,0,0,4832.02,43112.78,2.66
M0011290,N,60,0,4703.29,1,1,0,1693.67,2988.67,1.36
M0011291,N,31,0,7286.21,0,0,0,4188.57,2496.49,0.42
M0011292,N,39,1,6390.68,0,0,0,475.76,5747.61,0.9
M0011293,Y,63,2,173848.69,3,1,1,80403.53,135473.59,3.53
M0011294,N,43,1,10090.46,0,0,0,9731.11,1652.24,0.76
M0011295,N,30,2,7274.47,1,1,0,6328.83,6499.47,1.69
M0011296,N,39,2,10023.38,0,1,0,603.13,7480.83,1.09
M0011297,Y,57,5,263523.73,1,6,2,73670.08,181435.68,5.26
M0011298,N,36,0,6283.84,0,1,0,3107.83,5451.69,1.76
M0011299,Y,64,5,283925.82,3,2,5,134316.72,115191.26,5.35
M0011300,N,23,0,7290.93,0,1,0,1855.57,7494.35,1.25
M0011301,N,27,0,23096.99,0,0,1,3125.97,16351.83,0.73
M0011302,N,66,0,7704.46,0,0,0,1577.39,6363.43,0.02
M0011303,N,69,0,8469.28,0,0,0,2715.16,5111.7,1.88
M0011304,N,71,0,3472.89,0,0,0,661.51,4674.12,0.0
M0011305,N,75,0,7031.19,0,0,0,1052.3,7191.37,0.91
M0011306,Y,51,3,121462.99,4,2,4,46523.37,82133.03,2.69
M0011307,N,28,1,7069.11,0,1,0,2059.94,7940.06,1.98
M0011308,N,78,3,19829.74,1,1,3,10984.08,14428.71,0.0
M0011309,N,41,0,18453.75,0,0,2,11276.0,7439.42,1.92
M0011310,N,35,0,13069.28,0,0,0,9810.78,6184.69,1.95
M0011311,N,44,1,31733.65,1,1,0,3518.22,22134.38,2.36
M0011312,N,28,0,18276.38,0,1,0,6567.17,16148.01,1.65
M0011313,N,30,1,22777.82,0,1,0,7531.0,17252.7,2.54
M0011314,N,63,0,15423.74,0,0,0,2924.31,14193.18,0.28
M0011315,N,24,0,8579.93,0,0,0,1769.48,6361.35,0.97
M0011316,N,64,0,11685.33,1,0,0,3513.23,6585.97,0.36
M0011317,N,71,0,9766.95,1,1,0,2257.55,5537.46,0.57
M0011318,N,73,0,25720.71,0,0,1,22216.59,7548.29,1.14
M0011319,N,19,1,24628.42,0,0,0,1249.89,18111.78,2.05
M0011320,N,79,5,17022.57,0,2,0,5192.47,20954.56,2.43
M0011321,N,59,0,31504.38,0,1,1,14041.96,11343.32,0.56
M0011322,N,48,0,12233.71,0,1,1,1523.36,8886.58,1.37
M0011323,N,48,3,8355.78,1,0,0,3644.31,6863.82,1.0
M0011324,N,69,0,16815.34,0,0,0,439.69,12961.6,0.66
M0011325,N,62,1,9382.79,1,2,2,4437.02,4937.05,1.91
M0011326,N,29,2,88852.37,2,2,0,27610.89,46431.2,3.31
M0011327,N,79,2,12293.34,1,0,1,7249.85,12643.52,1.83
M0011328,N,75,1,57078.05,0,0,0,32163.04,12932.58,0.4
M0011329,N,42,1,35696.45,0,1,1,4976.32,29850.44,0.06
M0011330,N,55,1,9142.74,0,0,0,4992.49,7545.99,3.01
M0011331,N,30,1,7367.49,0,1,0,1700.47,8911.91,1.14
M0011332,N,59,1,13259.4,0,1,0,1581.05,9938.86,0.73
M0011333,N,78,1,17198.22,0,0,1,3546.39,10894.67,0.15
M0011334,N,23,1,5946.91,1,0,0,2399.71,4989.18,0.31
M0011335,N,32,0,9821.08,0,1,1,1303.18,6748.29,1.74
M0011336,N,31,0,15839.66,0,0,0,8127.51,8512.05,1.51
M0011337,N,42,1,12824.93,1,1,1,1710.4,18937.71,0.0
M0011338,N,38,1,3461.56,0,1,0,642.34,3291.59,0.57
M0011339,N,45,2,8071.75,0,0,0,2419.8,4236.32,0.73
M0011340,N,64,0,25452.22,0,1,0,11511.37,8469.78,1.37
M0011341,N,71,2,11723.74,1,2,0,3131.28,8904.82,1.96
M0011342,N,71,2,7959.94,1,0,1,2029.33,5709.57,1.09
M0011343,N,30,2,14537.67,0,1,0,6953.05,9037.17,1.87
M0011344,N,65,0,16880.59,0,0,0,6094.68,9466.32,1.76
M0011345,N,22,1,5149.93,0,0,0,1715.73,5690.04,1.4
M0011346,N,39,1,16351.72,0,0,2,2929.71,10834.48,1.89
M0011347,N,27,0,6806.32,0,2,0,1615.4,5524.37,0.49
M0011348,N,68,0,9075.81,1,1,1,2167.99,10475.92,2.21
M0011349,N,69,0,13241.34,0,0,0,3565.67,7407.02,0.28
M0011350,N,48,2,16912.73,0,1,1,7414.52,16462.46,2.61
M0011351,N,54,2,26637.97,2,0,1,1428.82,35982.56,1.59
M0011352,N,62,1,10839.69,0,1,0,2003.59,8646.29,0.73
M0011353,N,79,0,4573.06,0,0,2,956.33,2973.78,0.26
M0011354,N,51,0,1078.23,0,0,0,279.16,1570.4,1.08
M0011355,N,79,1,3893.55,1,0,0,1217.89,3830.02,0.08
M0011356,N,57,1,25504.64,0,2,1,6867.09,23600.32,2.22
M0011357,N,52,0,2661.89,0,0,0,1774.92,2670.3,1.41
M0011358,N,28,0,6353.27,0,0,0,1108.47,6772.89,1.61
M0011359,N,53,0,6849.25,0,0,0,945.3,10362.37,2.13
M0011360,N,22,1,14064.9,0,1,1,11248.59,3374.08,2.8
M0011361,N,77,2,11067.62,0,0,2,3729.04,8291.11,1.03
M0011362,N,25,1,6834.76,1,0,0,1232.5,8641.09,1.84
M0011363,N,35,0,6249.57,1,0,0,1342.37,5673.5,1.28
M0011364,N,76,0,3542.66,1,0,0,1392.61,3636.12,0.91
M0011365,N,60,0,8902.08,0,0,0,3767.83,4790.17,0.97
M0011366,N,30,1,11956.62,0,2,0,3370.14,14658.12,2.99
M0011367,N,53,0,3379.85,0,1,0,1073.07,3413.83,0.92
M0011368,N,46,0,10808.28,0,2,0,4736.79,5000.13,1.79
M0011369,N,21,2,9317.36,0,2,0,7331.87,3412.78,0.94
M0011370,N,67,1,17180.84,0,2,0,7081.19,7969.26,0.03
M0011371,N,43,0,6668.69,0,1,0,1545.89,3678.1,1.06
M0011372,N,47,2,10008.21,0,1,0,12074.39,4647.81,0.31
M0011373,N,44,2,56005.78,1,0,1,5300.4,41332.44,2.38
M0011374,N,68,1,8612.38,0,1,0,5124.91,7728.22,2.37
M0011375,N,29,1,9116.93,0,0,0,7700.28,6799.24,0.96
M0011376,N,44,0,23796.34,0,2,0,2718.87,20082.44,0.22
M0011377,N,19,1,5595.87,1,2,1,2012.24,5238.47,2.19
M0011378,N,60,0,5379.08,0,0,0,3401.15,4846.31,1.52
M0011379,N,30,3,10251.65,0,0,0,4360.56,14124.58,1.18
M0011380,N,29,2,16931.32,0,1,1,2714.85,12851.27,0.5
M0011381,N,35,0,6353.33,0,0,0,533.55,6954.75,0.2
M0011382,N,46,1,4672.39,1,0,0,984.6,4667.06,0.14
M0011383,N,31,1,6988.85,0,0,0,2643.11,3585.77,0.38
M0011384,N,19,3,34710.55,0,0,0,3236.25,28032.08,1.68
M0011385,N,68,1,21247.16,0,0,1,624.44,16593.6,1.29
M0011386,N,29,2,7912.57,1,0,0,3427.09,8230.62,0.68
M0011387,N,38,0,4186.77,0,0,0,1730.69,2457.59,1.25
M0011388,N,68,1,15797.09,0,0,0,2810.25,19723.33,0.74
M0011389,N,65,0,4030.72,0,0,0,1595.72,3489.01,0.0
M0011390,N,26,0,38017.37,0,1,1,7923.31,35052.56,0.37
M0011391,N,62,0,9441.72,0,1,0,4530.99,9057.82,1.84
M0011392,N,20,1,5785.46,0,1,0,2187.67,6972.9,0.0
M0011393,N,63,2,6760.97,0,2,2,1512.97,5112.01,1.73
M0011394,N,32,2,4682.55,0,0,0,1771.36,3852.13,0.0
M0011395,N,51,0,25270.23,1,1,0,1444.65,21384.14,2.1
M0011396,N,46,1,7307.83,0,1,0,1028.88,5324.98,0.57
M0011397,N,46,2,7345.34,1,0,1,3309.93,5215.34,0.87
M0011398,N,40,1,6248.95,1,0,0,1172.04,5811.46,0.51
M0011399,N,34,0,34256.51,0,1,1,21897.4,19101.2,0.0
M0011400,N,40,0,6509.27,0,0,0,2850.86,2644.21,0.0
M0011401,N,57,0,6995.27,0,0,0,3024.05,7509.16,1.02
M0011402,N,62,1,6003.31,0,2,1,2835.48,7697.78,1.64
M0011403,N,28,2,6068.13,0,0,0,3494.99,5292.36,0.72
M0011404,N,55,0,5622.43,0,0,0,797.53,4000.73,0.97
M0011405,N,77,2,21530.86,0,1,0,11187.15,7293.5,1.01
M0011406,N,80,0,10056.54,0,0,1,1403.44,7333.84,0.27
M0011407,N,51,0,4174.91,0,1,1,1173.52,5438.59,0.8
M0011408,N,47,0,6045.36,0,0,0,2201.58,7158.27,1.35
M0011409,N,24,0,6378.37,1,1,0,1142.39,6944.03,0.88
M0011410,N,31,0,24242.74,0,0,0,7450.59,20497.83,1.3
M0011411,N,52,0,7656.08,0,1,0,2362.36,4925.95,0.07
M0011412,N,71,0,9910.81,0,0,1,3792.69,4283.73,0.0
M0011413,N,77,2,6069.49,0,0,0,2588.22,4609.14,0.41
M0011414,N,45,1,3328.46,0,0,1,2243.78,1478.77,0.4
M0011415,N,80,0,5255.87,0,0,0,1205.27,3085.33,0.0
M0011416,N,35,0,8876.38,0,1,1,738.22,6515.88,0.52
M0011417,N,54,2,27103.25,0,2,0,2018.9,22955.31,3.0
M0011418,N,30,1,13513.12,0,1,0,3408.26,13773.86,2.02
M0011419,N,73,2,7352.42,0,1,0,1891.6,5960.81,1.92
M0011420,N,76,1,7260.29,0,0,0,2183.05,4890.01,1.23
M0011421,N,42,1,6952.42,0,0,1,645.9,5004.89,0.98
M0011422,N,38,1,10417.41,0,1,0,5284.22,4529.61,1.3
M0011423,N,34,0,4755.77,0,0,1,2804.88,1657.85,0.0
M0011424,N,35,1,12060.6,0,3,1,7658.72,3980.19,1.93
M0011425,N,44,0,3030.91,0,0,0,1318.67,2784.28,0.0
M0011426,N,70,0,5974.73,0,0,0,1590.03,3339.76,1.13
M0011427,N,61,0,18284.24,0,1,0,5055.29,21028.94,1.24
M0011428,N,48,2,37227.6,1,0,0,35166.37,16171.15,0.29
M0011429,N,19,0,5096.17,0,0,0,1706.21,5798.32,0.0
M0011430,N,58,0,12189.55,0,0,0,7333.21,3497.94,2.13
M0011431,N,61,2,24238.3,0,2,1,4359.74,16798.91,1.73
M0011432,N,24,1,9017.45,0,1,0,2362.01,11221.13,0.91
M0011433,N,41,4,8185.66,1,3,2,3943.86,4895.23,1.31
M0011434,N,32,2,3868.04,0,1,0,836.95,4163.41,1.2
M0011435,N,55,2,31313.46,1,0,0,1080.79,47149.51,1.4
M0011436,N,75,1,6181.9,0,1,0,810.26,7814.74,0.13
M0011437,N,26,2,5620.92,0,2,0,1239.5,8189.21,2.11
M0011438,Y,59,6,176566.13,3,4,3,83810.74,95004.31,7.08
M0011439,Y,83,5,427544.11,6,1,4,180250.23,308183.25,10.0
M0011440,N,45,0,20863.67,1,1,0,1820.24,16370.82,0.68
M0011441,N,26,1,6916.95,0,0,0,1863.67,8206.34,0.95
M0011442,N,57,1,7323.81,0,1,1,2441.31,8936.3,0.55
M0011443,N,64,3,27361.72,0,1,0,10597.57,24279.32,1.01
M0011444,N,50,2,7030.97,0,0,1,5010.85,5658.94,1.1
M0011445,N,52,2,9731.37,0,0,1,5802.78,9004.26,0.99
M0011446,N,41,2,12616.21,0,0,0,8792.87,7761.97,1.73
M0011447,N,65,2,20484.88,0,3,0,6601.9,15430.96,1.02
M0011448,N,44,1,15002.46,0,0,0,799.63,12460.07,0.0
M0011449,N,50,3,15268.45,0,0,0,5016.96,10659.35,1.21
M0011450,N,71,0,11854.99,0,1,0,2555.14,8683.9,0.85
M0011451,N,34,3,16835.31,0,0,0,991.36,12199.67,0.47
M0011452,N,45,3,14220.6,0,1,1,9845.71,4141.48,0.74
M0011453,N,38,0,4556.39,0,0,0,934.07,4893.85,1.59
M0011454,N,29,0,6751.23,0,1,0,2322.84,5346.04,0.97
M0011455,N,29,1,7122.91,0,0,0,442.26,8898.25,1.17
M0011456,N,25,0,22241.76,0,2,1,13601.48,11177.35,3.93
M0011457,N,51,1,7481.9,1,0,0,2995.77,3847.59,1.0
M0011458,N,52,2,28930.13,0,1,1,4339.11,29608.98,1.43
M0011459,N,63,1,6715.0,0,0,0,1842.14,9473.11,0.0
M0011460,N,18,0,10317.82,0,1,1,1988.34,13618.98,2.38
M0011461,N,75,1,15288.39,0,1,0,4314.79,9007.69,0.86
M0011462,N,79,1,7267.45,0,2,0,1440.51,5940.07,1.11
M0011463,N,43,1,13447.33,0,1,0,2569.75,9962.86,0.01
M0011464,N,29,0,17148.59,0,0,2,6485.71,7961.27,1.98
M0011465,N,30,3,15089.15,1,1,0,4313.87,19677.03,1.14
M0011466,N,20,2,30435.88,1,0,1,3612.71,22589.56,2.37
M0011467,N,48,0,8675.8,0,1,0,11252.3,4213.57,1.03
M0011468,N,21,1,10029.04,0,1,0,8652.54,3765.57,1.59
M0011469,N,78,1,5399.4,0,0,0,1747.7,6783.71,1.18
M0011470,N,43,0,4974.53,1,1,1,4270.36,1351.97,0.76
M0011471,N,71,1,5016.37,0,0,0,141.38,5950.02,0.0
M0011472,N,37,1,4778.47,0,0,0,1999.51,2262.58,2.21
M0011473,N,64,1,5044.39,0,1,0,1023.14,3718.8,0.5
M0011474,N,33,1,8992.64,0,0,0,1531.89,9213.31,1.44
M0011475,N,18,2,12967.96,0,1,0,2944.25,18071.68,1.62
M0011476,N,31,2,22065.0,1,3,0,8361.34,22237.04,2.13
M0011477,N,64,2,31878.58,0,0,0,2490.47,24083.02,0.55
M0011478,N,18,3,33808.1,0,1,1,11275.79,30282.0,0.63
M0011479,N,42,2,14909.98,0,1,1,3955.52,9513.22,1.41
M0011480,N,50,2,7015.58,0,0,0,1422.82,6029.88,0.81
M0011481,N,67,2,7953.75,0,0,0,4093.1,6567.44,1.22
M0011482,N,31,4,16056.0,0,0,0,11982.82,10647.39,1.3
M0011483,N,79,2,40864.28,2,2,0,4715.55,43739.82,1.77
M0011484,N,64,1,47352.45,0,1,0,1452.01,37529.39,0.84
M0011485,N,76,0,33137.91,0,0,0,21977.67,14489.31,0.0
M0011486,N,56,0,5352.84,0,1,0,301.36,6402.74,0.33
M0011487,N,53,2,18079.13,0,1,0,3106.92,14402.1,0.05
M0011488,Y,57,6,126038.43,1,2,1,33391.53,98895.35,4.42
M0011489,N,63,0,5402.4,0,0,0,3143.18,6281.17,1.27
M0011490,N,23,0,10109.75,0,2,1,5033.94,6807.62,1.1
M0011491,N,31,1,8501.4,1,0,1,3114.27,8446.14,1.54
M0011492,N,39,0,9849.38,1,0,0,3714.97,5270.24,0.7
M0011493,N,76,1,3654.03,0,0,0,1009.71,3993.58,1.29
M0011494,N,76,1,16952.96,0,0,0,1792.02,11723.82,0.38
M0011495,N,46,0,23584.56,0,1,0,5645.81,15150.8,0.0
M0011496,N,71,1,6535.89,0,1,0,3881.74,4520.56,1.48
M0011497,N,55,0,4615.02,0,0,0,1097.45,2560.45,0.79
M0011498,N,24,0,11902.93,0,0,0,4913.45,14224.62,1.78
M0011499,N,64,1,27661.72,0,1,2,8895.21,27906.4,1.29
M0011500,N,72,1,12107.56,0,0,1,4733.31,10316.7,2.67
M0011501,N,36,1,3626.47,0,0,0,1762.47,3445.65,0.0
M0011502,N,76,2,6185.38,0,1,0,2326.48,5698.89,1.41
M0011503,N,31,0,6083.99,1,0,0,3083.6,3915.98,0.0
M0011504,N,71,1,11278.21,0,0,0,781.2,9159.84,0.0
M0011505,N,49,2,4755.3,0,2,0,2091.6,3451.49,0.0
M0011506,N,66,2,16888.23,0,1,2,2946.93,14068.91,1.9
M0011507,N,66,0,6215.99,0,1,0,1564.05,4263.59,0.61
M0011508,N,67,0,4910.07,0,1,0,1718.69,6399.55,1.62
M0011509,N,38,0,6605.21,0,0,0,637.36,7050.78,0.0
M0011510,N,79,1,20970.07,0,0,0,13515.87,3033.13,1.98
M0011511,N,46,1,11252.93,0,2,2,958.25,8224.63,2.37
M0011512,N,48,0,3695.06,0,0,0,284.53,5992.99,0.52
M0011513,N,29,1,5554.88,1,1,0,3737.45,1985.87,2.24
M0011514,N,39,3,10803.44,0,0,1,3884.27,6215.7,0.43
M0011515,N,74,0,2793.74,0,1,0,977.45,3522.91,0.0
M0011516,N,59,1,27953.06,0,2,0,16085.2,18448.72,2.47
M0011517,N,32,0,5716.52,0,0,0,265.62,5440.97,1.96
M0011518,N,41,1,11924.12,0,2,1,6067.08,8676.04,2.16
M0011519,N,49,0,14731.17,0,2,1,2955.77,11504.15,2.05
M0011520,N,18,1,16426.42,0,0,0,4826.2,12870.95,1.29
M0011521,N,76,0,10579.39,0,0,0,3843.86,6627.92,0.98
M0011522,N,51,3,6301.66,1,0,0,4703.61,6099.96,0.0
M0011523,N,27,1,3697.54,0,1,0,777.96,3833.52,0.96
M0011524,N,28,0,3878.03,0,0,0,631.97,3551.36,0.0
M0011525,N,42,0,11289.47,1,0,1,2926.97,8110.61,1.72
M0011526,N,44,2,14565.81,0,0,1,1924.35,14114.49,0.11
M0011527,N,67,0,9185.87,0,0,0,300.39,7257.93,0.0
M0011528,N,43,0,10810.26,1,0,0,2822.53,7327.49,1.29
M0011529,N,52,0,7774.48,0,1,0,2155.96,4075.41,0.6
M0011530,N,43,1,3806.87,0,0,0,2445.84,3552.73,1.48
M0011531,N,20,3,11165.58,1,1,1,2986.73,7477.92,1.65
M0011532,N,62,1,3179.74,0,1,0,2672.63,1844.42,0.0
M0011533,N,24,2,22107.3,0,1,0,11695.91,6541.98,3.18
M0011534,N,61,2,3496.36,0,2,0,1135.34,3869.45,1.25
M0011535,N,63,1,16693.52,0,0,0,12359.49,7058.06,1.3
M0011536,N,39,4,8667.17,1,2,0,2117.69,13093.34,0.01
M0011537,N,30,0,8711.52,0,0,0,6207.33,4711.46,1.53
M0011538,N,49,1,13506.04,0,2,0,11588.29,8708.94,1.75
M0011539,N,63,0,3387.14,1,0,0,606.17,3041.06,0.2
M0011540,N,44,0,5790.0,0,1,0,1935.8,5728.01,0.0
M0011541,N,68,0,6491.56,0,1,0,3061.45,3851.24,0.57
M0011542,N,64,0,7134.61,0,0,0,1749.71,5613.05,1.12
M0011543,N,69,1,8801.79,0,1,1,4693.74,3573.77,0.79
M0011544,N,21,2,17782.21,0,0,0,6742.59,9033.11,1.39
M0011545,N,53,0,10002.15,0,0,1,1534.89,6957.04,1.63
M0011546,N,48,1,24944.1,1,1,0,5606.92,15675.82,2.5
M0011547,N,74,0,8365.51,0,0,1,1897.14,6089.51,0.0
M0011548,N,22,0,4369.0,1,1,0,3712.4,3930.73,1.51
M0011549,N,27,0,9250.29,0,0,0,3020.46,11263.3,2.18
M0011550,N,28,2,29018.38,0,1,0,5448.45,24161.59,1.83
M0011551,N,29,1,5135.61,0,0,0,3116.89,2137.36,0.0
M0011552,N,64,1,8795.0,0,0,1,3541.24,10493.4,1.16
M0011553,N,49,1,31153.59,1,2,1,5862.67,18968.87,0.71
M0011554,N,73,0,13205.41,0,0,0,5699.15,16559.28,0.72
M0011555,N,21,0,40430.7,1,2,0,21572.93,23425.87,0.31
M0011556,N,27,0,25879.96,0,1,1,2093.16,20822.59,1.04
M0011557,N,29,2,26448.41,0,1,1,14434.18,15333.81,2.04
M0011558,N,58,1,4551.01,0,0,0,965.35,2642.38,0.48
M0011559,N,20,0,23354.61,1,1,0,2532.7,26734.64,1.51
M0011560,N,66,2,23895.88,1,0,0,2518.26,23743.51,0.26
M0011561,N,51,0,7014.98,1,1,0,3422.95,2276.38,0.79
M0011562,N,34,0,4245.29,0,1,2,1649.67,4215.48,0.48
M0011563,N,57,0,14707.5,0,0,0,1382.32,22935.55,0.13
M0011564,N,22,2,41857.16,2,2,0,5921.54,42221.67,2.08
M0011565,N,44,2,14438.2,0,0,0,6748.94,7138.31,0.0
M0011566,Y,40,2,369807.64,3,4,4,118586.5,258642.69,4.97
M0011567,N,33,1,10855.09,1,0,0,3175.0,7977.09,0.0
M0011568,N,51,0,25924.69,0,1,0,1862.43,18564.39,1.26
M0011569,N,53,0,4227.74,0,0,0,2574.16,3262.87,0.0
M0011570,N,41,1,27581.12,0,0,1,9681.35,12319.31,1.81
M0011571,N,51,0,8776.36,1,1,0,1798.98,7511.54,1.97
M0011572,N,69,0,5647.73,0,0,0,1926.16,2985.07,0.67
M0011573,N,67,0,6839.65,0,0,0,1096.74,8176.9,2.25
M0011574,N,20,2,10823.04,0,0,0,16314.86,3184.48,0.0
M0011575,N,67,0,14608.86,0,0,0,4403.92,8699.05,2.31
M0011576,N,29,1,11818.32,0,0,1,3919.56,7334.37,2.08
M0011577,N,66,0,20932.49,0,2,0,2645.33,14827.59,1.41
M0011578,N,48,1,4227.72,0,0,1,2970.65,3091.02,0.4
M0011579,N,21,0,3461.9,1,0,0,1425.52,1696.46,1.4
M0011580,N,58,1,22304.7,1,1,0,5614.32,15301.09,0.7
M0011581,N,56,0,16506.79,1,1,0,6725.24,7803.62,2.23
M0011582,N,28,1,7650.77,0,1,0,2066.27,4205.04,0.0
M0011583,N,75,2,54574.42,0,0,1,3298.4,41102.05,1.91
M0011584,N,64,0,14942.99,0,0,0,10590.39,3796.32,2.54
M0011585,N,53,1,8220.21,0,0,0,2194.28,8910.32,0.0
M0011586,N,18,2,11882.93,0,0,0,2832.45,9424.45,1.4
M0011587,N,69,0,13046.44,0,0,0,606.22,10618.09,0.05
M0011588,N,76,0,2416.17,0,0,0,693.37,2844.1,0.48
M0011589,N,46,0,7894.05,0,0,0,282.55,7681.49,0.19
M0011590,N,22,2,10883.56,1,1,0,2358.4,7459.0,1.8
M0011591,N,23,1,9913.73,1,2,0,5021.98,8879.79,2.78
M0011592,N,58,0,28916.96,0,1,0,2868.72,21363.67,1.21
M0011593,N,71,1,51435.36,0,0,1,5757.42,38146.63,2.65
M0011594,N,48,0,12912.52,0,0,0,5067.96,5906.99,1.19
M0011595,N,72,0,2660.87,0,0,1,1320.38,3456.77,1.29
M0011596,N,52,1,7671.04,0,0,0,670.44,12959.32,0.51
M0011597,N,56,3,5786.83,1,0,0,3287.92,2801.62,1.63
M0011598,N,51,0,12356.63,1,1,0,3047.67,8366.76,0.0
M0011599,N,41,1,16144.32,0,2,0,13290.62,11417.08,1.44
M0011600,N,34,0,11998.56,0,3,1,870.2,13476.85,0.48
M0011601,N,41,0,4859.64,0,0,0,1125.55,3480.46,0.76
M0011602,N,75,2,11267.78,0,1,1,5460.66,7666.68,1.0
M0011603,N,51,1,2070.57,0,2,0,581.49,1653.0,0.63
M0011604,N,27,2,6304.66,0,0,0,1786.32,5961.34,0.86
M0011605,N,66,2,31708.27,0,2,0,17596.84,10924.38,2.07
M0011606,N,21,0,13979.93,0,0,1,1219.46,14818.27,0.33
M0011607,N,49,0,18314.12,0,2,0,4464.13,11083.0,0.49
M0011608,N,36,0,24404.85,1,1,0,2965.44,26719.72,1.5
M0011609,N,49,2,6366.03,1,0,0,6480.19,3686.2,0.23
M0011610,N,70,3,17575.22,0,1,0,4497.02,12148.66,1.07
M0011611,N,29,1,3006.94,1,1,0,686.48,2463.87,0.0
M0011612,Y,63,4,218012.89,1,3,3,163487.22,112990.03,3.16
M0011613,N,79,2,6571.63,0,1,0,4824.46,5116.94,1.63
M0011614,N,19,4,59720.56,0,1,0,18953.53,51784.88,2.97
M0011615,N,38,1,4902.07,0,0,0,2121.71,6010.28,2.26
M0011616,N,55,0,11993.07,0,0,0,854.48,9110.65,0.0
M0011617,N,56,0,33913.56,1,0,0,10881.05,16104.06,1.63
M0011618,N,51,2,11373.54,0,1,0,4062.16,7932.6,3.08
M0011619,N,70,1,11029.74,0,0,0,2920.94,6727.95,1.31
M0011620,N,42,0,3145.96,1,0,0,821.63,4001.12,0.0
M0011621,N,62,1,8181.17,0,0,0,249.91,6748.86,1.57
M0011622,N,80,2,6420.57,0,3,0,4590.98,5424.36,1.54
M0011623,N,47,0,9429.83,0,0,0,1050.36,11334.02,0.0
M0011624,N,60,2,7493.04,0,1,0,640.25,6058.66,1.16
M0011625,N,63,2,25648.63,0,0,0,1939.13,21476.77,0.25
M0011626,N,32,2,25177.06,0,0,0,5248.16,19118.86,0.0
M0011627,N,60,1,16105.05,0,1,2,2956.43,13314.39,0.41
M0011628,N,35,3,34688.31,0,2,0,3823.06,34274.1,1.84
M0011629,N,19,1,17513.54,0,0,0,6819.34,12546.11,0.26
M0011630,N,53,2,12337.87,0,0,1,4664.76,16956.15,0.2
M0011631,N,33,2,40198.38,1,0,1,8063.69,44558.16,1.25
M0011632,N,75,1,24981.84,0,1,0,2492.83,17222.07,1.67
M0011633,N,47,0,17051.34,0,0,0,4768.19,12113.19,0.0
M0011634,N,78,0,5614.14,0,1,0,2362.56,5048.19,1.1
M0011635,N,44,0,11536.45,0,0,0,2518.84,9962.55,0.61
M0011636,N,45,1,6941.27,0,0,0,1651.67,9305.62,0.58
M0011637,N,66,0,15448.38,0,1,0,9956.06,6783.56,0.0
M0011638,Y,65,7,444410.26,6,3,3,57341.84,315241.84,5.54
M0011639,N,53,0,4235.3,0,0,0,1756.67,4134.43,0.0
M0011640,N,21,3,12367.41,2,0,1,5917.55,6483.14,0.87
M0011641,Y,83,5,322521.78,1,4,2,190044.13,139820.0,2.93
M0011642,N,23,1,25674.08,0,2,0,12273.24,31792.42,0.51
M0011643,N,74,0,7279.73,0,0,0,1327.23,6005.4,1.05
M0011644,N,36,2,8480.91,0,1,0,5876.96,7663.11,1.23
M0011645,N,59,0,9338.42,0,0,0,1874.72,7275.4,0.46
M0011646,N,35,0,11441.95,0,0,1,1529.65,9359.92,0.0
M0011647,N,58,0,14158.02,0,1,0,6251.58,10464.67,1.53
M0011648,N,55,0,4971.34,0,0,0,1847.52,5898.12,1.06
M0011649,N,37,0,5877.89,0,1,0,4163.47,3717.1,0.71
M0011650,N,69,0,12021.6,0,0,0,713.53,10669.77,1.15
M0011651,N,67,1,5014.35,1,0,0,3623.8,4500.79,0.58
M0011652,N,20,0,36630.32,0,1,0,4483.28,37107.72,1.36
M0011653,N,35,1,9401.44,0,0,0,1756.6,8872.59,0.62
M0011654,N,52,2,8627.88,0,2,1,4383.79,3888.31,1.4
M0011655,N,62,0,13723.8,0,0,1,2723.29,16866.16,0.66
M0011656,N,80,0,9922.27,0,0,1,1001.11,10502.9,0.65
M0011657,N,79,2,9837.26,1,0,0,5515.41,3787.93,0.04
M0011658,N,47,0,17372.81,0,0,0,8296.27,5676.64,1.96
M0011659,N,53,0,2407.13,0,0,1,881.09,1760.06,1.18
M0011660,N,64,0,21675.41,1,2,0,6221.61,19458.27,1.59
M0011661,N,61,1,5112.42,1,0,0,1016.19,6802.17,1.15
M0011662,N,39,0,8737.17,0,0,0,1699.34,5404.31,0.04
M0011663,N,38,1,11128.97,0,1,0,8447.02,10085.6,1.7
M0011664,N,65,0,3175.28,0,0,0,526.3,2569.07,0.57
M0011665,N,48,0,10736.46,0,1,0,1320.15,9971.1,0.01
M0011666,N,58,0,12080.21,0,1,1,7234.71,11772.03,1.34
M0011667,N,51,1,4987.08,0,0,0,2540.82,2851.2,0.92
M0011668,N,35,0,7536.23,1,1,1,634.24,5866.79,0.62
M0011669,N,53,0,5373.54,0,0,0,2478.42,5461.93,0.0
M0011670,N,41,2,33551.49,1,3,2,4410.16,22770.14,2.3
M0011671,N,56,2,58560.1,0,2,0,17526.52,34372.64,1.71
M0011672,N,52,2,8318.51,0,0,0,1641.26,5191.96,0.59
M0011673,N,32,1,12650.58,0,0,0,3869.57,7752.55,0.34
M0011674,N,74,2,9722.5,1,0,0,1435.52,8200.19,1.39
M0011675,N,28,0,11413.98,0,1,0,3050.94,8686.37,1.13
M0011676,N,42,2,3789.33,0,0,0,1360.65,2490.58,1.24
M0011677,N,35,1,10718.74,0,0,0,2847.81,8089.18,1.51
M0011678,N,53,1,6755.15,0,2,1,3005.19,6159.89,2.46
M0011679,N,37,0,4807.47,0,0,1,676.17,3193.78,0.42
M0011680,Y,58,4,225624.78,3,4,4,92569.21,180417.43,4.8
M0011681,N,64,0,11740.41,1,0,0,4957.26,8875.66,0.37
M0011682,N,69,2,20364.96,0,0,1,7447.57,12949.1,0.79
M0011683,N,59,0,13182.26,0,0,0,5392.57,11942.57,0.0
M0011684,N,77,1,7884.27,1,0,1,4736.5,8849.01,0.8
M0011685,N,68,0,5836.69,0,0,0,811.23,3976.25,1.5
M0011686,N,23,2,10932.61,0,1,0,4162.15,6866.67,1.0
M0011687,Y,64,5,284514.81,3,3,1,78166.55,180755.29,6.42
M0011688,N,54,1,13721.0,0,1,0,3005.95,12079.99,0.48
M0011689,N,34,1,17177.38,1,0,0,5128.15,21108.92,2.2
M0011690,N,65,1,5259.89,0,0,0,1532.77,6603.37,1.26
M0011691,N,24,2,7972.3,0,0,0,3394.33,3252.17,0.0
M0011692,N,77,1,24363.12,0,2,0,1883.91,18013.64,1.0
M0011693,Y,46,5,279186.79,2,3,4,68366.86,197590.25,4.49
M0011694,N,75,0,9890.03,0,1,0,3716.87,6113.56,1.63
M0011695,N,71,1,11101.43,0,0,0,1588.21,7178.92,0.26
M0011696,Y,38,3,318659.41,4,3,6,76408.08,199545.7,4.27
M0011697,N,29,0,3044.79,0,0,0,1592.36,2687.07,0.0
M0011698,N,21,0,10433.89,0,0,0,2311.72,6005.98,0.72
M0011699,N,42,1,14130.37,0,0,0,2735.65,11260.56,0.0
M0011700,N,52,1,35830.18,0,1,0,11406.2,21849.97,1.88
M0011701,N,80,1,10010.69,0,1,0,1099.14,10053.83,1.87
M0011702,Y,84,4,158439.1,3,3,1,71470.38,113441.07,3.22
M0011703,N,61,1,25511.34,0,0,2,5447.76,21094.54,1.99
M0011704,N,27,2,27931.7,0,1,0,2586.92,20219.48,2.03
M0011705,Y,38,6,217731.67,2,4,1,50286.03,201676.92,3.55
M0011706,N,69,0,9321.8,0,2,0,6517.54,8368.12,0.54
M0011707,N,75,1,8344.43,0,0,1,1776.64,5066.38,0.68
M0011708,N,21,1,16183.15,0,1,0,14869.42,9211.71,0.84
M0011709,N,24,2,18668.56,0,0,0,3717.37,12849.41,0.77
M0011710,N,32,0,31635.03,0,4,0,4019.11,29507.4,1.24
M0011711,N,74,2,7950.2,1,1,0,1134.97,6241.66,0.32
M0011712,Y,78,3,226740.4,5,4,5,73460.99,187506.44,4.8
M0011713,N,76,2,4182.19,1,0,0,1502.79,4780.03,0.83
M0011714,N,42,2,40555.68,2,0,0,5896.25,33133.08,1.82
M0011715,N,53,3,10901.08,0,1,1,5742.84,12519.6,1.21
M0011716,N,48,1,14809.65,0,0,0,4502.22,7346.75,3.29
M0011717,N,78,1,9877.15,0,3,0,2292.49,9112.26,2.01
M0011718,N,80,2,17186.74,0,1,0,1460.31,13666.12,0.78
M0011719,N,29,1,3691.15,0,0,1,1158.63,3260.74,0.75
M0011720,N,32,2,3399.27,0,2,0,691.59,3873.51,0.0
M0011721,N,19,0,18523.71,0,2,0,6476.01,13370.73,1.41
M0011722,N,71,1,7461.6,0,0,0,4115.04,3403.85,0.43
M0011723,N,39,2,12028.69,1,0,0,3047.96,9778.87,1.23
M0011724,N,67,1,2813.5,0,0,0,651.76,3199.2,0.0
M0011725,N,62,1,22121.59,0,0,0,3765.14,16185.64,1.68
M0011726,N,68,1,13403.44,0,1,1,5701.72,10812.55,0.95
M0011727,N,50,1,10554.79,0,0,0,2227.69,8419.52,0.78
M0011728,N,61,0,10772.3,0,3,1,1802.42,7185.84,0.62
M0011729,N,80,2,59572.91,0,0,0,36255.15,26089.54,2.8
M0011730,N,74,0,4514.58,0,0,0,1290.35,6714.42,0.67
M0011731,N,43,0,6892.09,0,1,0,729.42,4843.87,1.86
M0011732,N,48,1,4674.26,0,0,0,1719.57,4075.07,0.0
M0011733,N,80,1,7703.81,0,0,0,1279.9,11308.34,0.27
M0011734,Y,80,3,215268.97,4,4,1,46857.78,151723.53,5.98
M0011735,N,61,0,16162.03,0,1,0,4727.75,10025.08,0.35
M0011736,N,44,0,2987.32,1,1,2,2146.95,3141.81,0.43
M0011737,N,32,0,10359.73,0,0,1,3754.66,15019.92,1.1
M0011738,N,62,0,4973.8,0,1,0,1739.7,4342.37,1.57
M0011739,N,21,1,24808.8,1,1,1,10117.79,9339.77,1.88
M0011740,N,60,1,8764.91,0,1,0,3957.76,8175.72,2.12
M0011741,N,54,0,4402.67,0,1,0,2768.75,1625.92,1.13
M0011742,N,29,2,17096.57,0,0,0,857.27,16470.67,1.69
M0011743,N,67,2,6638.01,0,1,1,1369.69,4151.66,0.86
M0011744,N,80,2,10141.75,0,0,0,4521.77,4590.36,0.81
M0011745,N,39,1,21634.01,0,0,0,3159.89,14153.08,1.24
M0011746,N,71,0,6443.62,0,0,1,3178.42,2732.56,2.11
M0011747,N,62,0,14936.94,1,1,0,4044.42,8583.85,2.37
M0011748,N,72,2,7752.8,0,0,0,8579.17,2517.08,0.84
M0011749,N,41,2,13493.06,0,0,0,1217.93,13789.21,1.57
M0011750,N,48,2,8202.96,0,1,0,5395.28,7944.57,0.47
M0011751,N,49,0,17398.99,0,0,1,1656.52,12016.49,0.23
M0011752,N,23,1,45213.32,0,1,0,10841.61,34098.42,2.09
M0011753,N,51,1,9651.41,1,1,1,1083.4,9588.02,1.67
M0011754,N,56,2,16094.12,2,0,0,5945.71,12665.91,3.43
M0011755,N,76,1,7405.48,0,0,0,3198.86,4449.96,0.65
M0011756,Y,71,3,165642.4,2,3,3,107014.56,95468.03,6.4
M0011757,N,66,0,11839.73,0,0,0,933.07,13200.35,0.27
M0011758,N,70,0,8685.32,0,1,1,2733.85,11318.39,0.0
M0011759,N,39,0,7412.54,0,1,0,1774.39,4757.58,1.51
M0011760,N,39,0,7765.21,0,1,0,2397.57,5272.04,0.48
M0011761,N,63,0,14411.0,1,1,0,2593.97,12322.59,2.08
M0011762,N,25,0,22873.12,0,0,0,6135.67,21918.1,1.41
M0011763,N,45,1,11605.73,0,0,0,8034.25,3118.87,1.28
M0011764,N,50,0,4984.11,0,1,0,3097.82,2138.09,0.54
M0011765,N,57,3,33348.63,0,1,0,2716.4,28752.52,1.82
M0011766,N,79,1,13326.41,0,0,0,8776.01,5899.41,2.24
M0011767,N,22,0,7191.22,0,0,0,1133.36,5244.37,2.21
M0011768,N,58,1,9283.8,0,1,1,8002.78,7162.98,0.29
M0011769,N,71,1,24102.81,0,1,0,1992.11,17695.31,1.66
M0011770,N,53,0,5454.48,0,0,0,680.32,5383.01,0.52
M0011771,N,26,1,11041.46,0,0,0,4472.61,14277.92,0.0
M0011772,Y,47,4,150689.57,4,4,2,55862.5,73860.1,3.25
M0011773,N,56,0,10754.23,0,0,0,4726.21,5672.81,0.0
M0011774,N,76,1,10101.75,0,0,1,2057.31,13832.69,0.0
M0011775,N,41,1,24718.76,0,2,1,5228.14,14193.38,0.43
M0011776,N,78,3,8105.57,0,0,0,6082.76,4699.04,0.09
M0011777,N,41,1,7983.49,0,1,0,3598.85,5273.77,2.35
M0011778,N,53,1,9603.14,0,0,1,2554.39,13627.6,0.56
M0011779,N,31,1,5785.31,0,0,2,1035.36,5811.14,1.6
M0011780,N,19,0,2630.49,0,0,0,600.59,2771.18,1.39
M0011781,N,78,0,12247.86,0,1,1,6879.61,10324.46,1.24
M0011782,Y,73,5,243970.49,3,2,4,104101.58,136686.0,7.25
M0011783,N,46,0,2677.57,0,1,0,1155.8,2551.13,0.77
M0011784,N,50,0,5870.64,0,0,0,5998.3,3514.34,1.5
M0011785,N,69,0,4404.97,0,0,0,1221.22,5429.98,0.32
M0011786,N,79,0,6425.44,0,2,0,1550.26,5924.78,0.01
M0011787,N,41,1,12144.84,0,0,0,1217.45,10908.91,1.14
M0011788,N,22,2,5180.79,1,1,0,969.06,4646.42,1.19
M0011789,N,38,1,14110.53,0,0,0,5864.41,6232.66,1.56
M0011790,N,32,1,17316.68,0,1,1,2481.43,13419.09,0.42
M0011791,N,63,0,8626.62,0,0,0,761.68,7642.11,1.36
M0011792,N,78,0,9548.45,0,1,1,3046.01,10965.89,0.0
M0011793,N,18,2,4068.07,1,0,0,1486.5,3835.11,0.82
M0011794,N,72,0,10120.49,0,1,0,2627.77,5398.81,0.0
M0011795,N,49,1,5615.97,1,1,0,1203.95,8497.37,1.67
M0011796,N,67,1,3153.15,0,0,1,450.09,3534.82,0.0
M0011797,N,36,1,19565.55,0,1,2,10249.58,12450.64,4.0
M0011798,N,64,1,10475.35,0,2,0,440.85,13037.45,0.12
M0011799,N,35,0,9831.92,0,0,0,1245.86,10208.34,1.24
M0011800,N,64,2,3062.45,0,2,0,1516.07,3076.04,0.0
M0011801,N,68,1,10715.36,0,0,1,1497.84,7486.46,1.17
M0011802,N,18,0,5559.69,0,1,0,1770.2,5074.83,0.52
M0011803,N,66,2,26223.65,1,1,1,16378.31,7786.56,2.33
M0011804,N,24,2,8695.09,0,0,0,3134.21,5654.89,1.81
M0011805,N,78,2,7586.29,0,2,0,3009.05,3946.4,1.43
M0011806,N,51,0,10156.64,0,2,0,2019.24,8211.65,1.01
M0011807,N,62,0,31285.04,1,0,0,7401.65,20232.17,0.56
M0011808,N,56,1,14162.72,0,1,0,2451.98,9826.08,0.94
M0011809,N,29,3,9286.51,0,2,0,1667.58,6791.22,0.47
M0011810,N,26,0,8433.91,0,0,0,1122.27,11078.1,0.61
M0011811,N,58,0,3083.06,0,0,0,1298.33,3231.66,0.89
M0011812,N,67,0,21799.49,1,0,1,5473.68,16460.73,1.92
M0011813,N,73,3,14152.76,1,1,1,2372.08,10588.5,2.4
M0011814,N,53,2,47824.45,1,2,1,12572.64,26366.15,2.76
M0011815,N,72,0,6503.51,0,0,0,2359.92,2878.41,1.2
M0011816,N,34,1,5229.66,0,0,0,3170.88,4431.09,0.87
M0011817,N,73,0,11735.08,0,0,0,3734.53,7924.15,1.46
M0011818,N,54,0,19819.84,0,1,0,8720.76,19603.56,2.67
M0011819,N,23,0,11254.61,0,0,0,445.58,12624.85,0.88
M0011820,N,77,2,16054.79,0,1,0,8302.78,16993.14,1.16
M0011821,N,31,1,27728.95,0,1,1,6377.51,35348.89,3.11
M0011822,N,26,0,5018.27,0,1,0,1121.23,7393.08,0.91
M0011823,N,45,0,9462.72,0,0,0,2425.31,10524.58,1.38
M0011824,N,39,0,15793.19,0,0,0,3778.4,9822.58,0.08
M0011825,N,66,3,9196.33,0,0,0,1379.47,12521.38,0.24
M0011826,N,66,1,9026.82,0,0,0,1020.09,6360.4,0.95
M0011827,N,26,3,17770.2,0,2,1,5436.7,16115.06,1.86
M0011828,N,30,0,4050.65,1,0,0,1421.34,3594.37,0.0
M0011829,Y,38,7,220731.1,2,1,2,70253.06,240016.85,6.0
M0011830,N,68,2,14867.9,0,1,0,7742.98,17442.17,3.15
M0011831,N,41,1,8934.35,0,1,0,6658.49,9059.33,0.39
M0011832,N,55,2,9870.52,0,1,0,5253.12,9769.8,2.22
M0011833,N,65,1,4170.36,0,0,1,832.66,2687.56,0.0
M0011834,N,34,1,4668.05,0,1,0,1379.35,4430.09,0.0
M0011835,N,22,0,6222.83,0,0,0,2522.05,4965.24,0.0
M0011836,N,59,2,14925.31,1,0,0,7689.78,10280.86,2.61
M0011837,N,37,2,37500.25,0,0,1,5757.49,27742.25,1.22
M0011838,N,45,1,20865.48,1,1,0,1905.13,14969.36,0.99
M0011839,Y,74,4,223613.21,2,6,4,87056.51,178991.72,4.18
M0011840,N,54,1,15359.64,0,1,0,5547.51,11260.08,0.33
M0011841,N,68,2,17363.27,0,3,0,3187.93,10808.21,0.3
M0011842,N,49,2,11053.93,0,0,1,3900.68,7003.64,3.15
M0011843,N,25,0,10636.83,0,0,0,3446.48,6486.77,1.55
M0011844,N,78,0,20043.3,0,1,2,3704.59,21156.51,0.99
M0011845,Y,58,7,428862.31,4,6,6,47945.65,315854.42,4.59
M0011846,N,73,0,11787.49,0,0,1,1751.97,7628.57,0.99
M0011847,N,39,1,14845.79,0,0,0,1518.01,11446.67,1.8
M0011848,N,38,1,9391.61,1,0,0,2715.68,5299.2,0.0
M0011849,N,76,2,5474.68,0,1,0,5005.3,2881.98,0.08
M0011850,N,39,0,3131.38,0,0,0,1110.08,2251.84,0.84
M0011851,Y,43,6,258201.48,3,1,2,110882.29,133834.99,4.12
M0011852,N,48,0,12531.78,0,1,0,3167.01,8547.76,0.0
M0011853,N,67,0,9936.56,0,0,1,4930.35,8381.31,2.39
M0011854,N,79,0,28197.68,0,0,0,6279.52,24213.69,3.08
M0011855,Y,40,5,144232.14,4,6,4,85827.48,60242.31,4.67
M0011856,N,51,0,6118.01,1,1,1,1516.73,6073.05,1.1
M0011857,N,48,0,8338.65,1,1,0,2934.57,7144.03,0.92
M0011858,N,26,1,14415.96,0,0,0,2446.03,13894.63,0.73
M0011859,N,24,0,5509.42,0,0,0,941.28,6699.26,1.1
M0011860,N,57,1,12201.58,0,0,0,9803.39,5604.47,0.47
M0011861,N,62,2,5471.29,0,0,0,1911.1,7319.85,1.93
M0011862,N,70,2,24150.23,0,0,0,7300.35,19854.34,1.29
M0011863,N,40,0,4448.83,0,2,0,1460.81,4970.49,0.28
M0011864,N,51,0,10325.08,0,0,0,1770.83,9861.42,0.0
M0011865,N,70,2,59081.26,0,3,0,7192.28,40331.3,1.31
M0011866,N,61,0,21322.22,0,0,0,4493.7,14470.15,0.58
M0011867,N,69,0,7584.59,0,2,0,3758.26,5740.02,1.15
M0011868,N,19,0,28645.19,0,1,0,10767.09,12584.79,2.58
M0011869,N,24,0,4499.86,0,0,1,1077.64,3843.33,1.25
M0011870,N,60,1,16729.6,0,1,0,8921.1,16099.85,2.21
M0011871,N,61,0,6451.19,0,1,0,3576.39,7881.94,1.35
M0011872,N,46,1,8025.59,0,0,1,1963.66,6694.64,2.05
M0011873,N,31,2,6954.56,0,0,0,2224.85,5470.61,0.88
M0011874,N,56,1,7802.01,0,0,0,2530.75,7755.18,1.43
M0011875,N,24,0,6665.0,0,0,0,1132.63,4218.08,1.02
M0011876,N,63,1,41210.61,0,1,1,17576.15,43920.66,3.51
M0011877,N,40,3,8837.71,0,0,0,3774.47,5698.27,2.37
M0011878,N,24,0,3897.5,1,1,1,1766.13,4377.42,0.53
M0011879,N,73,0,9238.46,0,1,0,2902.09,12275.94,2.0
M0011880,N,80,1,4929.95,0,0,0,1415.77,7334.67,0.72
M0011881,N,40,2,25950.14,0,1,1,14292.57,10217.56,1.92
M0011882,Y,64,6,210470.49,2,2,6,125586.9,114114.0,3.86
M0011883,N,47,1,3564.8,0,2,1,773.58,2616.76,0.4
M0011884,N,76,0,5946.35,0,0,2,861.32,3930.5,1.98
M0011885,N,54,0,12414.57,1,0,1,2192.34,15903.92,3.05
M0011886,N,27,1,18783.51,0,0,0,5339.89,9374.18,1.22
M0011887,N,76,0,14815.05,0,2,2,1852.14,15915.81,1.45
M0011888,N,67,1,8042.92,0,0,2,2831.54,6168.1,1.62
M0011889,N,41,2,7066.38,0,1,1,5074.75,7152.18,1.58
M0011890,N,54,1,1274.44,0,0,0,258.5,1968.37,0.0
M0011891,N,19,0,7039.6,0,0,0,1785.76,5006.73,1.22
M0011892,N,72,2,19631.25,1,1,1,6997.92,25886.46,3.42
M0011893,Y,86,6,184858.09,4,2,3,60388.26,98619.0,7.83
M0011894,N,72,2,11290.85,0,1,0,3318.05,7495.35,1.4
M0011895,N,28,1,9409.34,0,0,1,1972.07,8930.47,1.89
M0011896,N,49,0,10445.13,1,0,0,3637.78,10095.07,2.02
M0011897,N,78,0,12604.99,0,1,0,1724.23,14472.81,0.85
M0011898,N,55,0,17158.48,0,0,0,5518.39,11187.51,0.38
M0011899,N,51,1,20059.45,0,1,0,6961.27,9395.0,2.52
M0011900,N,59,0,4837.11,1,0,1,2593.52,2118.84,0.07
M0011901,N,51,2,11872.54,0,0,1,5080.1,5937.63,0.0
M0011902,N,40,1,15563.33,0,3,0,9663.59,12585.59,2.85
M0011903,N,38,0,8552.57,1,1,0,3363.8,3686.13,1.71
M0011904,N,39,2,20694.45,0,0,0,16586.65,19179.11,1.88
M0011905,N,68,2,26435.97,0,2,0,10596.0,16248.53,2.02
M0011906,N,57,1,25679.37,0,0,0,13051.11,12295.58,1.03
M0011907,N,36,0,6601.85,0,0,0,436.5,4794.87,1.6
M0011908,N,69,1,20806.27,0,1,0,4867.17,14434.78,0.28
M0011909,N,73,1,11182.09,0,0,0,3283.68,13550.4,1.34
M0011910,N,75,0,6689.46,0,3,0,2082.61,9658.96,0.0
M0011911,N,53,0,11464.56,1,0,0,2762.05,7489.12,1.71
M0011912,N,67,1,4174.15,0,1,0,945.84,6184.55,0.0
M0011913,N,25,1,10300.69,0,1,0,2019.75,7496.34,1.59
M0011914,N,30,1,19058.48,1,2,0,10513.2,12459.49,2.28
M0011915,N,34,1,23166.52,0,0,0,7330.28,15006.25,1.3
M0011916,N,67,1,5639.41,1,0,1,705.73,6403.35,0.99
M0011917,N,31,1,22480.33,0,0,1,3229.64,14363.46,0.77
M0011918,N,55,0,6032.12,1,1,0,2792.25,7387.69,0.29
M0011919,N,52,0,1983.95,0,0,0,100.65,3187.54,0.15
M0011920,N,41,0,44588.05,0,2,0,7471.72,37870.51,1.61
M0011921,N,73,2,9978.61,0,0,0,3521.79,6525.98,1.26
M0011922,N,61,1,4881.09,2,1,1,2384.73,5812.89,0.24
M0011923,N,45,0,5128.84,0,1,0,2875.46,5892.28,1.3
M0011924,N,65,1,4147.56,0,1,1,2454.25,3350.7,0.0
M0011925,N,78,0,12822.74,0,0,0,4807.94,10120.15,0.09
M0011926,N,41,0,21956.13,0,1,0,7110.57,16338.47,2.25
M0011927,N,44,0,5225.43,1,1,1,1467.41,7666.25,1.17
M0011928,N,27,1,24524.41,0,2,1,5244.19,15118.8,1.62
M0011929,N,20,3,29893.15,1,1,1,9043.54,15427.6,0.82
M0011930,N,61,0,4760.78,0,0,1,701.37,5653.11,1.6
M0011931,N,47,1,9764.38,0,0,0,5195.16,2873.09,0.0
M0011932,N,37,1,7643.28,0,0,0,2687.79,11034.77,1.28
M0011933,N,37,0,4268.26,0,0,0,673.75,2923.84,0.05
M0011934,N,69,0,4833.75,0,0,1,1276.6,6397.93,1.54
M0011935,N,27,0,10492.97,1,1,0,4388.8,6665.5,0.75
M0011936,N,20,0,4258.81,0,0,0,2024.83,1623.51,0.0
M0011937,N,43,1,3301.6,0,0,0,3600.73,1789.84,1.11
M0011938,N,49,1,3550.19,2,1,0,2484.58,2978.24,0.45
M0011939,N,43,0,6496.45,0,0,0,998.93,4955.9,0.99
M0011940,N,76,1,9278.78,0,2,1,3853.64,8227.3,2.58
M0011941,N,64,1,10864.21,0,1,0,3915.83,9478.23,0.0
M0011942,N,67,0,7969.84,0,0,0,1826.31,5179.89,0.0
M0011943,N,19,0,1470.64,0,1,0,545.49,1458.79,1.39
M0011944,N,79,2,9316.68,1,0,0,3721.96,7628.53,0.67
M0011945,N,55,2,6859.49,0,0,0,1490.93,10036.65,0.58
M0011946,N,76,0,7590.26,0,1,0,3269.09,4383.88,0.0
M0011947,N,76,1,7817.69,0,0,0,2019.97,11894.79,0.96
M0011948,N,40,1,10266.72,0,1,0,7159.7,10916.88,1.34
M0011949,N,58,2,7910.87,1,1,0,2087.87,4278.58,0.0
M0011950,N,41,2,22043.38,1,1,0,1704.98,21793.62,1.89
M0011951,N,19,1,15489.9,0,2,0,3880.09,20254.6,0.72
M0011952,N,58,2,8802.52,0,0,1,2544.13,12004.45,0.94
M0011953,N,47,0,18028.39,0,1,0,9279.53,7719.3,1.64
M0011954,N,56,1,4651.23,0,0,0,1868.37,3521.74,0.59
M0011955,N,45,1,17281.23,0,0,1,3381.84,16721.52,1.49
M0011956,N,75,2,3753.51,0,0,0,2947.25,3634.59,2.31
M0011957,N,64,0,9489.93,0,2,1,1200.15,6366.82,1.55
M0011958,N,72,2,15590.96,0,0,0,1390.61,11753.05,1.27
M0011959,N,68,0,4925.41,0,0,1,1237.94,3646.81,1.7
M0011960,N,46,1,9590.3,0,0,0,4755.47,4296.05,1.24
M0011961,N,80,0,7833.45,0,1,0,355.12,6401.54,2.24
M0011962,Y,58,2,191544.46,2,1,4,70485.13,161001.37,2.99
M0011963,N,47,0,2895.51,0,1,0,563.21,4570.63,0.41
M0011964,N,62,0,11275.13,0,0,0,856.55,8522.05,0.0
M0011965,N,74,0,1608.32,0,0,0,856.82,1224.76,0.61
M0011966,N,44,1,55660.03,0,2,1,5444.67,68540.65,2.52
M0011967,N,38,0,4633.68,0,0,0,946.42,3965.62,1.27
M0011968,N,44,0,11598.19,1,2,0,3556.72,9861.44,2.68
M0011969,N,63,0,9425.79,0,0,0,705.27,7902.97,1.06
M0011970,Y,62,6,223063.07,5,2,3,81739.44,165423.25,2.75
M0011971,Y,54,2,173892.66,1,2,2,63140.49,98264.65,2.79
M0011972,N,31,0,4005.61,0,0,0,992.84,4159.56,0.69
M0011973,N,43,0,11669.74,0,2,0,2251.01,7869.12,1.8
M0011974,Y,59,4,246983.88,6,6,1,52336.74,171093.34,6.74
M0011975,N,54,0,9650.91,0,0,0,2082.78,7201.36,1.13
M0011976,Y,79,7,137182.12,6,5,4,59229.22,63620.49,2.72
M0011977,N,51,0,10060.55,0,0,0,1272.95,7015.41,0.96
M0011978,N,24,0,19634.22,0,1,0,7002.68,26765.39,0.04
M0011979,N,65,2,14075.2,1,1,1,844.97,11951.26,0.0
M0011980,N,51,1,11864.94,0,0,0,2476.03,15360.87,2.34
M0011981,N,48,3,5733.45,0,0,1,2038.72,2985.06,1.3
M0011982,N,22,1,8946.8,0,0,1,7696.52,6118.37,1.22
M0011983,N,80,0,23124.98,0,0,1,8133.34,11421.56,2.42
M0011984,N,61,2,9780.58,0,3,0,3210.81,9652.92,1.6
M0011985,N,31,0,16760.73,0,0,1,3782.3,16202.75,0.0
M0011986,N,74,3,30270.5,0,0,2,11723.28,38280.22,2.2
M0011987,N,64,0,7933.7,0,0,0,1060.13,5162.64,0.7
M0011988,N,20,3,15018.56,0,1,0,7195.93,8973.82,1.46
M0011989,N,26,0,6326.43,0,0,0,3318.37,3131.47,0.45
M0011990,N,62,1,9665.2,0,0,0,312.74,12544.82,2.63
M0011991,N,62,2,10498.7,1,1,1,1461.39,11577.43,2.69
M0011992,N,73,0,19726.7,0,0,0,19448.2,9793.96,1.9
M0011993,N,24,1,10015.55,1,1,0,651.92,9016.25,1.37
M0011994,N,55,0,10571.78,1,2,2,2237.01,11407.49,1.83
M0011995,N,74,0,7361.3,1,0,0,3319.59,4106.77,0.05
M0011996,N,55,0,8005.99,0,2,2,925.27,11628.48,0.7
M0011997,N,72,2,7065.7,0,0,0,2169.26,7517.0,0.08
M0011998,N,51,3,21213.1,0,0,1,10900.87,9699.18,2.24
M0011999,N,77,0,5573.34,0,1,1,3104.13,5831.2,0.63
M0012000,N,76,3,8302.65,0,2,2,1362.7,6778.99,1.29
M0012001,N,57,0,38627.71,0,0,1,18190.79,12402.47,0.46
M0012002,N,69,2,16036.52,0,1,0,6728.3,11524.87,0.0
M0012003,N,28,1,16203.2,0,1,0,3657.84,12164.83,1.92
M0012004,N,50,0,6475.56,0,1,1,1623.88,4846.0,1.41
M0012005,N,66,0,8465.58,0,0,0,2971.65,5514.98,0.11
M0012006,N,32,2,28699.48,0,1,0,9460.99,13222.22,2.17
M0012007,N,71,1,9254.28,0,0,0,4641.16,3809.61,0.41
M0012008,N,68,0,24998.11,0,1,0,7662.38,12645.35,1.71
M0012009,N,56,2,18867.0,0,2,0,5979.4,10090.37,2.53
M0012010,N,57,2,6997.26,0,0,0,1367.71,6606.64,1.54
M0012011,N,77,0,5106.0,0,0,1,518.79,7103.22,0.75
M0012012,Y,53,5,168262.32,1,4,1,31835.19,138644.44,3.34
M0012013,N,46,0,15210.94,0,1,0,3538.24,12700.62,0.53
M0012014,Y,50,6,129086.19,2,4,4,81520.3,66134.43,6.07
M0012015,N,27,2,8275.55,0,1,0,364.98,14591.28,1.87
M0012016,N,56,0,17860.7,0,1,0,2328.99,15865.53,1.02
M0012017,N,27,1,4665.04,0,1,0,1729.79,6743.1,0.78
M0012018,N,54,0,9318.61,0,1,1,8449.1,5198.65,1.6
M0012019,N,40,1,13368.16,0,0,1,2006.68,20113.89,1.21
M0012020,N,26,0,12486.92,0,0,0,1435.04,9611.34,0.0
M0012021,N,38,1,11790.01,0,0,1,2573.33,6981.92,0.49
M0012022,N,58,1,24325.21,1,2,0,10540.0,12282.45,2.06
M0012023,N,23,3,18335.01,1,1,1,3269.25,15868.98,1.4
M0012024,N,75,0,3558.19,0,0,0,236.82,2652.7,0.91
M0012025,N,46,3,29712.86,0,2,0,9413.5,20250.15,1.81
M0012026,N,64,1,1132.11,0,1,0,420.78,1134.91,0.76
M0012027,N,77,2,18054.14,1,2,0,2989.19,13352.92,1.63
M0012028,N,80,1,4237.5,0,0,0,2615.48,4413.42,0.57
M0012029,Y,43,8,303964.23,3,5,8,126776.89,260221.35,8.58
M0012030,N,37,2,13445.76,0,1,0,1889.92,11631.02,1.51
M0012031,N,48,0,6647.33,0,0,0,948.57,4846.06,0.68
M0012032,N,73,2,16394.25,0,0,1,5842.14,7626.46,0.42
M0012033,N,65,2,29210.6,0,1,1,7081.88,16078.09,2.31
M0012034,N,32,1,18793.44,0,3,0,3986.3,15740.08,0.55
M0012035,N,52,3,13743.46,0,1,0,1248.12,11827.09,1.56
M0012036,N,48,1,11638.14,0,0,0,2783.84,6695.43,2.0
M0012037,N,26,0,7015.3,0,1,1,3095.72,3092.32,0.9
M0012038,N,44,2,11862.72,0,0,0,7725.6,9274.27,1.01
M0012039,N,49,1,5446.14,0,0,0,1073.66,7588.55,0.75
M0012040,N,63,1,5061.08,0,0,0,1976.85,6957.58,2.28
M0012041,N,52,1,24052.92,0,0,0,9046.85,11420.54,2.32
M0012042,Y,44,2,151659.93,4,3,3,37497.72,152249.05,5.68
M0012043,N,65,2,19101.09,0,0,0,3548.82,13792.01,1.21
M0012044,N,36,0,62974.55,1,1,0,10264.78,44955.62,0.91
M0012045,N,56,2,7547.1,1,0,0,1746.33,5818.86,0.34
M0012046,N,59,0,14502.47,0,0,0,5193.05,12607.28,0.84
M0012047,N,35,0,5155.99,0,0,0,3057.22,5391.42,0.27
M0012048,N,71,0,12970.28,0,1,0,2402.06,12531.22,0.88
M0012049,N,67,1,14230.57,0,2,1,1853.95,10640.32,0.35
M0012050,Y,83,3,179047.54,1,1,2,124549.94,102016.81,2.86
M0012051,Y,70,6,139907.81,2,5,1,59974.4,136413.27,2.47
M0012052,N,20,2,25762.7,0,1,0,16291.62,7464.0,0.52
M0012053,N,77,1,8711.69,0,2,1,2648.72,8569.59,0.62
M0012054,N,39,1,9918.22,2,0,0,1263.51,11606.88,0.49
M0012055,N,67,2,14813.87,0,1,0,3187.36,14975.36,2.19
M0012056,N,21,2,28963.39,0,1,0,13459.45,12183.61,0.62
M0012057,N,73,1,21362.6,1,0,0,7117.9,13128.71,0.03
M0012058,N,79,1,4814.45,1,0,2,366.64,5221.04,2.56
M0012059,N,28,1,10064.4,1,1,0,2600.05,12018.68,1.05
M0012060,N,54,0,4148.86,0,0,0,1783.01,3927.32,0.0
M0012061,N,27,2,32830.39,0,0,0,5415.25,37524.93,1.8
M0012062,N,60,0,8676.07,2,2,0,3779.04,4353.57,1.2
M0012063,N,73,1,9659.85,0,0,1,3795.51,4977.84,0.34
M0012064,N,25,0,5322.72,1,0,1,3103.63,5899.83,1.27
M0012065,N,43,0,3725.25,0,0,0,2406.42,3794.15,0.7
M0012066,N,24,1,6780.65,0,0,0,2510.89,3332.41,1.9
M0012067,N,36,0,3367.94,1,2,0,1731.59,1708.29,0.0
M0012068,N,27,0,15359.57,0,1,0,4913.93,8742.26,0.79
M0012069,N,35,1,22993.36,0,0,0,8700.23,12101.28,1.24
M0012070,N,66,1,28192.73,0,3,1,16125.17,11428.0,0.74
M0012071,N,50,1,4792.63,0,1,0,1124.83,4051.87,0.36
M0012072,N,36,0,30755.4,1,0,0,8188.92,15944.3,1.15
M0012073,N,77,1,11720.63,0,1,0,1765.43,7863.2,1.18
M0012074,N,77,3,18519.14,0,2,1,13194.3,18774.26,0.56
M0012075,N,33,3,10245.91,0,0,0,1307.62,6879.16,0.01
M0012076,N,42,2,5614.39,0,0,0,792.09,5651.12,0.0
M0012077,N,29,0,7234.74,1,1,0,5826.86,5090.6,1.06
M0012078,N,32,0,8609.84,0,0,0,1841.24,8454.64,2.07
M0012079,N,28,1,4100.69,0,1,2,1677.34,3782.6,0.79
M0012080,N,39,0,34896.08,1,0,0,1892.56,27042.55,0.92
M0012081,N,73,1,29430.15,1,0,0,3825.91,19715.66,1.34
M0012082,N,32,0,13266.24,2,0,0,1304.38,14712.89,1.23
M0012083,N,74,0,18325.46,0,1,0,9299.29,19664.8,1.03
M0012084,N,31,2,14665.52,0,2,0,5347.81,7008.73,0.65
M0012085,N,72,2,9578.02,0,3,0,2230.8,7794.89,0.59
M0012086,N,66,1,4763.34,0,1,1,2392.25,3162.04,0.69
M0012087,N,20,3,37419.56,0,1,1,3331.94,55339.13,1.92
M0012088,N,36,1,7062.08,0,0,0,2270.88,6762.41,0.5
M0012089,N,74,2,21801.85,0,1,0,2681.57,16583.81,2.24
M0012090,N,27,2,2616.8,0,1,0,2141.16,1865.31,0.06
M0012091,N,52,2,28456.27,1,1,0,16703.87,13846.52,1.95
M0012092,N,44,0,12134.18,0,0,0,2000.49,12126.6,1.4
M0012093,N,76,2,19236.34,0,0,0,12627.34,7808.51,1.71
M0012094,N,56,2,11479.72,1,0,0,3729.29,16090.22,0.0
M0012095,N,79,1,2524.27,0,1,0,1659.01,2619.83,0.78
M0012096,N,22,2,11343.6,1,0,0,3689.35,6625.69,1.09
M0012097,N,74,1,3280.34,0,1,1,593.23,2620.08,0.0
M0012098,Y,50,5,128773.31,5,1,1,52646.0,127329.72,3.26
M0012099,N,32,1,12159.02,0,1,0,7123.96,13530.31,1.57
M0012100,N,60,0,3209.17,0,0,0,1300.03,3979.6,0.46
M0012101,N,18,3,31460.39,0,1,0,7536.71,17674.52,1.92
M0012102,N,66,2,16606.79,0,2,0,5650.02,11021.31,2.55
M0012103,N,56,0,11391.57,0,0,1,943.96,8769.78,1.58
M0012104,N,74,1,7006.93,0,1,0,3795.17,4680.31,0.2
M0012105,N,53,0,11218.63,0,1,1,9276.86,6795.64,2.35
M0012106,N,19,2,12514.26,0,1,1,2693.74,9023.11,1.19
M0012107,N,18,1,17450.7,1,1,0,3176.27,16249.6,1.11
M0012108,N,31,1,14624.18,0,0,2,6839.51,9145.8,0.16
M0012109,N,33,2,32156.53,1,1,0,5364.07,20363.75,1.64
M0012110,N,69,2,20006.17,0,1,0,9077.27,7867.04,1.63
M0012111,N,55,0,34529.68,0,0,1,8906.46,26644.28,0.0
M0012112,N,76,1,13017.43,0,1,1,8925.24,7268.54,1.64
M0012113,N,41,1,16691.25,1,1,1,5217.37,15027.48,2.45
M0012114,N,63,1,8273.71,0,0,1,2585.24,9787.82,1.01
M0012115,N,29,1,23011.72,0,2,1,2777.22,19006.15,1.38
M0012116,N,73,2,8905.38,0,0,1,3215.28,8019.03,1.55
M0012117,N,46,1,13422.23,1,0,1,3990.9,7884.55,1.32
M0012118,N,61,2,10497.18,0,1,1,1304.99,12746.63,0.18
M0012119,N,20,1,4951.49,0,0,0,1885.09,3515.94,1.09
M0012120,N,32,2,7805.3,1,1,0,2653.04,3554.31,0.36
M0012121,N,66,1,10360.29,1,0,0,1392.22,7969.3,0.99
M0012122,N,58,1,8080.37,0,2,0,2131.65,6292.86,1.81
M0012123,N,71,0,13147.57,1,3,0,3302.48,12785.43,0.0
M0012124,N,33,0,5445.68,0,0,0,2999.93,4079.37,1.55
M0012125,N,71,1,10777.53,0,0,1,3291.66,10507.72,1.33
M0012126,N,47,2,3978.5,0,1,0,2621.22,1163.4,1.64
M0012127,N,76,2,22560.95,2,3,2,14374.73,16597.33,1.91
M0012128,N,36,2,8801.0,0,0,1,5604.48,6418.62,0.84
M0012129,N,67,0,10189.07,0,0,1,3792.04,13386.2,0.61
M0012130,N,54,4,35520.56,0,1,1,18649.98,9938.17,1.89
M0012131,N,33,2,15409.72,2,1,0,1725.54,23681.33,2.16
M0012132,N,55,2,11399.76,0,0,0,2570.38,6503.33,1.48
M0012133,N,55,0,26103.79,0,3,2,4664.58,26487.31,3.22
M0012134,N,50,1,11300.86,0,0,0,3615.6,8717.1,2.64
M0012135,N,58,2,8926.42,0,0,2,1935.78,10576.33,0.21
M0012136,N,38,1,5828.1,0,0,0,147.59,4674.79,0.83
M0012137,N,27,1,11787.27,0,1,1,2575.06,11293.44,0.65
M0012138,N,27,0,4660.51,0,1,1,2544.53,3862.17,0.54
M0012139,N,29,1,9979.86,0,0,0,1139.98,7035.56,0.23
M0012140,N,66,0,6097.08,0,0,0,1520.37,5335.32,0.96
M0012141,N,39,3,23053.71,0,2,1,17394.66,20891.41,2.83
M0012142,N,59,1,23602.75,0,1,0,6557.18,17698.59,1.96
M0012143,N,36,2,23857.82,1,0,1,6325.53,32907.74,2.02
M0012144,N,20,1,4280.48,2,0,0,1458.57,2366.69,1.28
M0012145,N,59,0,14399.12,0,1,0,4863.75,6435.08,1.46
M0012146,N,58,1,30872.91,0,0,0,19458.96,9486.38,1.24
M0012147,N,48,1,23073.22,0,1,0,9097.8,9553.01,0.84
M0012148,N,37,1,6202.63,0,0,0,1156.49,7104.9,1.64
M0012149,N,53,2,14472.69,1,1,0,7123.51,13550.33,1.1
M0012150,N,62,2,29654.91,0,2,0,6461.39,23354.17,1.91
M0012151,N,63,0,9367.01,0,1,0,875.73,7817.25,0.93
M0012152,N,71,0,6727.8,0,1,0,2845.96,5781.07,1.4
M0012153,N,60,1,10990.47,0,1,1,1483.94,13300.79,1.53
M0012154,N,63,3,10346.97,0,0,0,3539.91,10208.06,0.76
M0012155,N,19,2,6088.53,0,0,0,1323.86,5097.38,1.47
M0012156,N,44,0,7736.19,0,0,0,5863.22,4401.1,1.48
M0012157,N,59,0,6789.21,1,0,1,2236.88,7945.45,1.02
M0012158,N,45,0,10360.1,0,2,0,6942.11,9177.99,0.0
M0012159,N,72,1,11126.37,0,2,0,1335.39,10304.7,1.37
M0012160,N,74,1,10376.2,1,1,1,6724.26,7117.6,1.95
M0012161,N,43,1,10019.26,0,1,0,5928.22,9068.15,0.97
M0012162,N,26,3,15032.24,0,0,0,2750.19,16660.01,2.36
M0012163,N,42,2,9342.34,0,1,0,4300.21,4725.83,0.14
M0012164,N,47,1,25743.5,1,0,1,13534.77,7615.63,1.35
M0012165,N,53,1,5604.66,0,0,1,2005.71,3284.62,1.47
M0012166,N,30,0,4329.73,1,2,2,722.03,4937.37,2.38
M0012167,N,69,1,15731.44,0,2,0,5676.02,15439.92,1.93
M0012168,N,39,1,8492.36,0,0,1,2478.26,9151.32,2.22
M0012169,N,57,2,76775.3,0,1,0,9506.86,51337.09,1.94
M0012170,N,69,2,20728.27,0,4,1,10341.43,19278.3,1.54
M0012171,N,37,2,42293.91,0,2,0,5353.2,28019.27,0.94
M0012172,N,61,1,3238.1,2,0,0,3538.31,1748.25,1.64
M0012173,N,58,0,3168.06,1,1,0,1088.28,2574.67,0.0
M0012174,N,43,3,17627.3,0,1,1,3375.48,10839.63,2.52
M0012175,N,43,1,8411.99,0,0,0,1983.33,4630.51,0.0
M0012176,N,20,2,9260.22,0,0,0,1811.24,10258.58,1.04
M0012177,N,42,1,12970.52,0,1,0,3619.58,7694.81,0.54
M0012178,N,77,0,9550.41,0,0,0,6706.82,9668.31,0.47
M0012179,N,62,2,19657.7,0,2,0,8135.77,12026.04,0.62
M0012180,N,66,3,11103.04,0,0,0,1221.86,7619.33,2.29
M0012181,N,38,2,47009.88,0,0,2,2270.84,44503.91,1.05
M0012182,N,50,1,4403.79,0,1,0,1499.46,3375.37,1.15
M0012183,N,29,0,10404.69,0,1,2,8740.2,7646.78,1.13
M0012184,N,18,0,10403.44,0,0,0,1464.23,8612.04,1.56
M0012185,N,64,2,16827.11,1,0,0,675.06,12630.51,1.08
M0012186,N,64,1,17116.77,1,1,0,9327.18,7334.94,1.52
M0012187,N,26,0,7450.64,0,0,0,4783.54,7725.47,0.97
M0012188,Y,54,7,393612.51,3,4,4,151717.94,196011.89,5.98
M0012189,N,80,1,15593.34,0,0,0,2222.95,10583.98,2.35
M0012190,N,39,0,19967.97,0,0,0,4849.18,11973.62,0.88
M0012191,N,59,1,5019.18,0,1,0,2766.93,4445.08,0.0
M0012192,N,18,2,15892.36,1,2,0,2261.77,12057.19,0.51
M0012193,N,20,1,36323.56,0,0,1,9367.23,28450.55,0.16
M0012194,N,52,0,5761.7,0,1,0,900.12,4041.72,0.51
M0012195,N,43,0,8085.91,0,0,0,2750.27,7778.53,0.78
M0012196,N,80,3,7071.22,0,0,0,1957.46,5552.37,0.36
M0012197,N,18,2,9997.3,0,2,0,5183.21,5681.53,0.34
M0012198,N,79,0,19227.51,0,0,1,4906.44,12465.36,1.79
M0012199,N,60,1,4381.3,1,0,0,1067.0,5389.54,1.27
M0012200,N,41,2,21795.82,0,0,0,7155.03,10292.71,0.0
M0012201,N,73,0,8619.43,0,0,0,2222.97,5420.24,1.02
M0012202,N,37,1,6218.4,0,0,1,829.85,9496.63,0.29
M0012203,N,18,1,23783.76,0,3,0,2548.93,18052.52,1.88
M0012204,N,38,0,25525.05,1,0,0,5189.97,19450.03,2.08
M0012205,N,75,2,10715.1,1,0,1,3410.34,7836.23,0.2
M0012206,N,78,1,15689.85,0,1,0,10247.14,11067.44,0.93
M0012207,N,80,1,5984.21,1,2,0,1509.02,6612.98,1.19
M0012208,N,22,0,33239.8,0,1,0,3623.22,28911.76,2.28
M0012209,N,24,1,3043.66,0,0,0,185.71,2576.39,0.7
M0012210,N,50,2,10599.04,1,3,0,2256.68,12894.66,0.52
M0012211,N,78,0,54058.73,0,1,0,2937.19,41525.45,0.58
M0012212,N,79,2,18038.74,1,0,1,4182.15,16426.86,2.4
M0012213,N,38,0,19407.38,0,1,0,5680.12,18617.11,0.56
M0012214,N,62,1,11227.82,0,1,0,2950.41,13871.26,1.73
M0012215,N,22,0,13654.17,0,0,0,1759.8,11879.32,0.58
M0012216,N,53,3,9007.39,0,0,1,1328.64,9537.94,0.37
M0012217,N,18,0,2825.76,0,0,0,866.88,1385.88,0.36
M0012218,N,62,1,8132.59,0,0,0,1785.37,4785.5,0.94
M0012219,N,32,1,24116.98,0,1,1,6423.94,18304.9,2.46
M0012220,N,40,0,4853.13,1,0,0,1342.21,7468.75,0.0
M0012221,N,69,1,19119.49,0,0,0,6703.26,8885.86,0.0
M0012222,N,61,1,5665.26,0,1,0,2752.08,3451.88,1.84
M0012223,N,36,0,5610.36,0,1,0,1463.21,4590.16,0.8
M0012224,N,67,1,8541.77,0,2,0,3939.1,3302.81,1.47
M0012225,N,60,0,6639.69,0,0,0,1811.37,4201.87,1.21
M0012226,N,29,0,5709.24,0,3,1,3723.6,5201.9,0.0
M0012227,N,26,1,8638.99,0,0,0,6994.76,8657.49,1.18
M0012228,N,51,0,8634.38,0,0,0,2300.17,7317.85,1.26
M0012229,N,59,0,11924.78,1,2,0,6912.04,3341.27,1.98
M0012230,N,53,3,21924.53,0,1,0,9650.14,23908.45,1.55
M0012231,N,52,0,7833.08,0,0,0,3240.92,6661.05,0.09
M0012232,N,50,0,6662.31,0,1,0,1395.8,6179.75,0.0
M0012233,N,27,3,11933.08,0,2,1,5454.7,12408.43,2.98
M0012234,N,74,0,8347.77,0,0,0,1227.48,9833.64,2.03
M0012235,N,43,1,3110.47,0,0,0,522.64,3237.7,0.0
M0012236,N,76,0,6723.68,0,0,0,4209.27,3587.12,1.6
M0012237,N,58,0,6880.8,0,0,2,3619.87,3051.52,0.49
M0012238,N,35,0,6696.0,0,0,0,5931.21,5597.4,1.82
M0012239,N,62,0,14197.74,0,1,1,3615.38,12739.68,2.62
M0012240,N,32,1,20437.4,0,0,2,6409.82,17007.69,1.93
M0012241,N,42,0,4506.37,0,1,0,327.78,3849.63,0.05
M0012242,N,46,1,6596.76,0,0,0,427.77,6617.42,1.12
M0012243,N,78,1,8469.57,1,1,0,5381.95,8572.86,2.17
M0012244,N,42,0,9655.17,0,1,1,1947.67,7457.71,1.2
M0012245,N,79,1,26983.58,0,1,1,5570.86,23798.0,1.61
M0012246,N,46,1,5598.73,1,3,1,3145.67,5807.14,2.77
M0012247,N,50,1,9852.99,1,1,0,4086.39,4975.52,2.24
M0012248,N,69,0,4352.39,0,0,0,465.32,4161.0,0.29
M0012249,N,79,0,5258.39,0,0,0,1430.76,5003.77,0.85
M0012250,N,30,1,5884.72,0,1,0,2635.53,5830.73,0.0
M0012251,N,63,1,5929.25,0,2,0,1600.21,8154.28,0.45
M0012252,N,31,2,5462.0,0,0,0,1838.12,3280.71,0.92
M0012253,N,67,3,13241.67,1,1,1,7805.46,7798.02,1.65
M0012254,N,62,2,22256.65,0,1,0,9680.09,13057.26,0.72
M0012255,N,46,0,3671.63,0,0,0,1630.82,4689.05,1.74
M0012256,N,47,0,2989.67,0,1,0,2059.29,2063.51,0.0
M0012257,N,22,0,12517.55,1,0,0,5209.93,9728.4,0.74
M0012258,N,66,1,2901.42,1,0,1,2048.08,2333.79,0.57
M0012259,N,31,1,16253.69,0,1,0,1360.22,14504.91,0.0
M0012260,N,53,3,21578.49,2,1,2,11577.35,9953.09,1.22
M0012261,N,24,0,7807.48,0,0,0,681.49,8077.64,2.01
M0012262,N,44,0,27966.65,0,0,1,14181.81,14764.4,1.84
M0012263,N,29,2,7119.71,0,1,0,2689.4,3054.39,0.07
M0012264,N,53,1,10451.89,0,0,1,2989.97,12724.68,2.17
M0012265,N,45,0,6714.3,0,1,1,1685.32,4693.75,0.58
M0012266,N,21,2,4554.17,1,0,0,2387.05,3493.2,1.77
M0012267,N,19,0,7018.11,1,1,0,1389.08,9110.28,0.67
M0012268,N,74,1,7788.16,0,0,0,2252.12,6378.32,0.8
M0012269,N,67,1,7025.41,0,1,0,4413.29,7163.36,1.91
M0012270,N,34,1,5708.27,0,0,2,1518.15,3557.86,0.0
M0012271,N,40,1,45872.08,1,2,2,29083.99,15046.61,2.16
M0012272,N,26,0,5502.93,0,0,1,3686.64,2717.7,1.78
M0012273,N,56,1,20001.42,1,1,0,3774.39,18465.08,1.39
M0012274,N,19,0,3623.86,0,1,0,1279.61,4293.71,0.97
M0012275,N,52,0,13861.22,0,0,0,1571.59,10503.82,1.7
M0012276,N,41,0,4342.72,0,1,0,1554.49,3455.16,0.32
M0012277,N,38,1,24502.71,0,1,0,10660.08,9047.92,2.82
M0012278,N,78,0,12546.41,0,1,0,1988.69,9182.06,1.63
M0012279,N,24,1,12341.07,0,2,0,6699.29,2990.21,0.0
M0012280,N,32,3,6105.66,0,0,1,3191.42,5068.52,0.71
M0012281,N,36,0,21055.18,1,1,0,12352.62,5343.2,1.25
M0012282,N,23,2,22275.9,1,1,1,12240.35,6479.63,1.78
M0012283,N,46,3,31103.2,2,1,0,9818.29,16907.08,2.26
M0012284,N,38,1,24239.93,1,1,0,6360.32,15259.97,3.66
M0012285,N,41,0,18883.54,0,2,0,4319.14,13056.63,0.0
M0012286,N,43,1,7931.86,0,0,0,1687.83,5881.61,1.03
M0012287,N,71,1,42594.19,0,2,0,18190.45,19087.55,1.91
M0012288,N,80,2,33237.66,1,0,0,22227.07,5936.62,1.54
M0012289,N,60,2,14523.29,0,0,0,2444.37,18438.79,1.33
M0012290,N,80,1,14172.52,0,0,0,2985.46,18497.75,1.76
M0012291,N,46,1,13447.68,0,2,0,2820.6,9845.54,1.8
M0012292,N,74,1,34108.15,0,1,2,7801.16,27531.55,0.22
M0012293,N,50,1,15428.4,0,0,0,3528.47,10093.02,0.0
M0012294,N,42,0,16303.31,1,0,0,5044.7,8206.58,1.08
M0012295,Y,39,4,465684.22,2,4,4,140189.46,303677.21,7.0
M0012296,N,56,0,7216.68,0,0,0,2071.18,4620.04,0.51
M0012297,N,61,0,9670.8,1,0,0,3525.79,6089.75,0.56
M0012298,N,37,3,14557.72,0,1,1,4795.49,8295.41,2.14
M0012299,N,62,0,13951.23,1,1,0,10113.53,5646.11,0.86
M0012300,N,61,0,4643.41,0,0,0,2904.21,3912.8,0.05
M0012301,N,23,1,27767.49,0,0,1,6140.2,25073.23,0.91
M0012302,N,30,2,33492.84,1,2,2,11295.21,17361.88,1.53
M0012303,N,75,0,7387.69,0,0,0,5778.07,4828.9,0.78
M0012304,N,20,2,32530.4,0,1,0,3387.42,23524.53,2.28
M0012305,N,57,1,7891.99,1,0,0,2924.09,4037.74,0.0
M0012306,N,50,0,15151.92,0,0,0,3826.81,9956.16,0.84
M0012307,N,40,1,5036.43,1,1,1,1101.33,5336.11,0.01
M0012308,N,27,1,6460.48,0,0,0,2537.28,7507.36,1.09
M0012309,N,28,0,9290.43,0,0,0,4284.49,6802.01,1.82
M0012310,N,61,0,20120.92,1,3,0,533.73,20852.38,1.85
M0012311,N,69,2,31739.12,0,2,0,4182.36,33149.86,2.36
M0012312,N,28,0,11451.07,0,0,0,2160.72,8156.59,0.85
M0012313,N,43,1,30644.56,0,0,1,4144.24,36198.32,0.28
M0012314,N,33,0,8567.13,1,1,1,1682.85,12382.59,0.0
M0012315,N,75,1,23653.27,0,1,0,5406.16,21874.62,1.06
M0012316,N,55,0,5620.33,0,0,0,1152.3,4595.95,0.9
M0012317,Y,41,7,303879.1,4,4,4,70282.29,197274.86,5.34
M0012318,N,21,2,6445.46,0,0,0,2201.8,2931.01,2.51
M0012319,N,45,1,6249.84,0,0,0,1586.57,4732.58,0.0
M0012320,N,57,1,7487.56,2,2,0,3322.76,8937.95,1.91
M0012321,N,22,1,5043.61,0,1,0,2691.65,5440.9,0.85
M0012322,N,22,4,18349.42,1,3,0,7532.71,8112.02,2.71
M0012323,N,26,0,3339.86,0,0,1,616.8,5211.79,0.84
M0012324,N,72,2,7109.42,0,2,0,1082.4,10494.75,1.47
M0012325,N,55,3,17359.59,0,1,1,471.93,14402.83,1.63
M0012326,N,29,2,5770.15,0,1,0,1101.32,4297.06,0.0
M0012327,N,61,1,7957.85,0,0,0,3020.12,4798.49,1.98
M0012328,N,35,1,3797.84,0,0,1,1048.09,3041.19,0.76
M0012329,N,75,0,10922.97,0,0,0,3021.46,6068.0,0.71
M0012330,N,34,2,14663.96,0,2,1,6161.68,14587.58,2.08
M0012331,N,66,1,2782.91,1,0,0,1474.54,2331.7,1.91
M0012332,N,69,1,5228.46,0,0,0,2763.09,3914.84,0.23
M0012333,N,61,1,8460.6,0,0,0,2861.51,8603.81,2.5
M0012334,N,40,1,13745.11,0,1,0,8963.07,4482.91,1.07
M0012335,N,62,1,12062.0,0,0,0,1182.61,10189.12,1.46
M0012336,N,40,0,16527.21,0,0,0,1029.12,15618.13,0.23
M0012337,N,45,0,12014.82,0,0,0,560.77,12082.12,0.55
M0012338,N,65,0,9545.01,1,0,0,2091.13,9826.73,1.11
M0012339,N,42,0,5822.99,0,0,0,2064.03,5241.24,1.76
M0012340,N,53,0,3769.23,0,0,0,2250.25,2279.52,0.54
M0012341,N,54,1,37631.01,0,0,0,4107.36,34565.77,0.81
M0012342,N,71,2,10461.32,0,1,1,3435.66,8971.87,0.36
M0012343,N,41,2,21977.47,1,0,0,11464.11,14482.55,2.14
M0012344,N,79,2,10170.37,1,1,1,4840.69,7566.81,1.33
M0012345,N,47,1,8529.73,0,0,0,3233.85,5283.8,0.79
M0012346,N,68,0,21157.61,0,0,0,3721.71,20970.75,0.85
M0012347,N,74,1,9104.29,0,1,1,6285.19,3870.98,0.0
M0012348,N,54,1,9241.51,1,0,0,1264.74,6038.75,0.44
M0012349,N,57,2,23987.4,0,0,0,3670.95,17221.14,1.48
M0012350,N,47,1,5713.09,0,0,2,682.93,5498.18,0.22
M0012351,Y,68,6,242783.44,5,5,3,84592.38,135179.27,4.15
M0012352,N,19,2,4387.2,0,0,0,1783.61,3539.35,0.0
M0012353,N,19,0,6625.25,0,0,0,465.94,10400.35,0.72
M0012354,N,22,0,14545.64,1,0,1,11178.29,8570.28,0.59
M0012355,N,58,0,21676.58,0,2,0,3309.29,20448.02,1.9
M0012356,N,23,1,4367.1,0,0,0,3244.69,3356.72,1.78
M0012357,N,50,2,12307.64,0,0,0,1584.64,9950.25,1.97
M0012358,Y,73,6,242146.61,6,5,4,166179.17,56252.8,6.99
M0012359,N,26,2,16078.82,0,0,1,2282.61,20966.41,2.15
M0012360,N,63,1,8119.1,2,3,0,4651.08,5978.09,1.27
M0012361,N,70,0,12643.97,0,0,0,1861.52,8378.61,0.0
M0012362,N,74,0,16804.01,0,0,0,5171.96,11384.51,0.54
M0012363,N,31,1,12821.61,1,3,0,11076.66,8143.16,2.32
M0012364,N,29,1,7140.06,1,0,0,4894.87,3842.87,2.04
M0012365,N,28,3,7239.19,0,0,0,5009.41,2809.27,1.64
M0012366,N,48,1,32761.52,0,1,0,7624.27,22698.6,1.71
M0012367,N,37,1,4301.59,0,0,0,2747.89,4175.27,0.96
M0012368,N,26,3,14353.92,0,2,2,3740.02,15139.95,2.1
M0012369,N,49,1,14661.01,0,1,0,3093.44,13844.08,1.71
M0012370,N,21,2,33203.24,0,2,0,14289.2,22889.31,2.91
M0012371,N,29,0,8471.34,0,0,1,1096.73,7642.12,0.0
M0012372,N,47,1,9209.84,0,1,0,2157.29,12075.96,0.71
M0012373,N,70,1,7002.84,0,0,0,1289.63,5799.27,0.0
M0012374,N,33,2,52144.39,0,0,0,23060.11,23826.39,1.17
M0012375,N,48,0,7209.98,0,0,0,6352.04,4324.28,1.63
M0012376,N,29,1,19145.44,0,2,0,4053.83,12371.48,1.16
M0012377,N,66,1,5884.61,0,0,0,1470.87,5178.4,0.43
M0012378,Y,76,6,177043.69,3,1,4,62322.76,145566.38,4.38
M0012379,N,41,2,17904.59,0,3,2,9007.71,17871.7,2.93
M0012380,N,28,2,6405.53,0,1,0,1813.56,4325.28,1.58
M0012381,N,65,3,22231.93,0,2,1,6290.03,18025.6,0.72
M0012382,N,29,2,46288.38,1,0,1,5851.85,30388.39,0.53
M0012383,N,74,0,18097.57,0,0,0,5573.43,13304.23,1.56
M0012384,N,45,2,3656.41,1,2,0,871.53,2107.97,0.54
M0012385,N,49,2,12967.57,1,1,2,2453.16,10718.24,0.78
M0012386,N,65,0,10244.12,1,0,1,2350.2,6359.54,1.78
M0012387,N,24,3,11914.71,0,0,0,16073.24,2700.23,1.85
M0012388,N,55,0,7489.06,0,0,0,4975.18,7639.71,2.18
M0012389,N,38,1,6650.43,0,0,0,2789.9,4061.57,1.06
M0012390,N,78,1,18840.93,1,2,0,10179.55,9448.25,1.41
M0012391,N,39,2,17237.4,0,1,1,6003.35,15304.64,1.84
M0012392,N,23,0,7762.84,0,0,1,1534.46,5028.72,1.16
M0012393,N,35,0,4416.62,0,0,0,3436.71,2278.78,1.19
M0012394,N,32,2,10586.52,0,0,1,4198.65,7061.99,0.23
M0012395,N,50,0,3616.93,0,0,0,731.76,5091.9,1.19
M0012396,N,79,2,22476.77,0,2,0,3352.66,17548.96,2.69
M0012397,N,23,0,10339.54,0,1,1,2483.36,8922.36,1.13
M0012398,N,29,2,23714.9,0,1,0,7639.68,25797.61,2.03
M0012399,N,77,0,6917.99,0,0,1,2563.73,8616.32,0.42
M0012400,N,46,0,4206.04,0,0,1,967.22,5424.3,1.62
M0012401,N,35,0,7603.27,0,0,0,936.34,8750.89,1.04
M0012402,N,72,1,14814.99,0,0,0,4427.15,10461.26,0.97
M0012403,N,44,0,13045.51,0,1,0,4254.74,7685.6,0.99
M0012404,N,34,1,7065.75,0,0,1,2941.19,6726.24,0.0
M0012405,N,51,0,23229.59,0,1,0,1974.65,23873.52,1.36
M0012406,N,20,1,7010.94,0,1,1,3630.79,8451.77,0.8
M0012407,N,21,0,11429.2,0,1,0,1888.96,9485.78,1.54
M0012408,N,60,2,7008.74,1,0,1,3161.31,6839.81,1.66
M0012409,N,42,2,24828.38,0,2,0,5299.38,39638.88,2.13
M0012410,N,80,0,5674.86,0,0,0,1359.5,3820.05,0.38
M0012411,N,47,2,7987.98,0,0,0,3447.93,2955.08,0.0
M0012412,N,61,1,14617.64,0,0,0,7306.16,5231.9,0.41
M0012413,N,40,2,6981.17,0,0,0,3904.94,5743.43,2.13
M0012414,N,34,0,6391.15,1,1,0,4658.43,3997.09,0.0
M0012415,N,69,2,16147.57,0,0,0,2457.97,11150.24,0.0
M0012416,N,78,2,17318.66,1,1,0,3029.25,14645.8,1.67
M0012417,N,23,0,18395.59,0,0,0,4068.96,14011.31,0.06
M0012418,N,31,2,7599.12,0,0,0,840.5,8143.59,0.0
M0012419,N,30,2,6063.64,0,1,0,3842.81,1677.14,0.65
M0012420,N,31,0,8247.54,0,2,0,458.33,6875.72,0.4
M0012421,N,41,1,6474.72,0,2,0,444.73,8236.57,1.52
M0012422,N,50,2,9973.84,0,1,0,3746.0,7768.86,0.0
M0012423,N,39,2,8630.13,0,1,0,1769.31,8956.34,1.42
M0012424,N,65,1,6877.14,0,0,0,2140.49,4403.61,1.39
M0012425,N,67,0,18503.5,0,0,0,654.78,14864.89,0.58
M0012426,N,37,1,7872.75,0,1,0,369.2,6010.79,0.37
M0012427,Y,64,5,400417.26,3,7,5,31820.55,368788.42,6.39
M0012428,N,33,0,7338.93,0,1,0,539.33,5404.91,0.33
M0012429,N,61,2,8813.64,0,0,1,7075.81,5941.57,2.68
M0012430,N,46,2,19334.95,1,0,0,8413.65,8905.26,1.65
M0012431,N,27,0,21897.28,0,1,0,13353.11,9464.08,1.87
M0012432,Y,59,5,276650.06,5,6,1,33792.5,207860.61,5.04
M0012433,N,45,2,11187.06,1,2,0,6868.71,2358.24,3.46
M0012434,N,18,0,6109.39,0,0,0,1453.46,5178.91,1.17
M0012435,N,53,2,17827.44,0,0,0,7714.48,21437.48,1.51
M0012436,N,24,3,9398.62,0,0,0,6941.09,4293.76,0.0
M0012437,N,28,2,7255.58,1,1,1,1663.29,5364.21,0.99
M0012438,Y,65,2,189606.35,1,1,2,106548.14,147869.74,4.51
M0012439,N,27,1,19389.69,0,0,1,6072.82,22566.43,0.25
M0012440,N,55,2,5541.7,0,0,0,1585.84,3082.48,1.26
M0012441,N,79,2,33573.96,0,1,1,12074.94,29629.91,2.36
M0012442,N,63,0,12713.99,0,0,1,4030.32,6598.37,0.87
M0012443,N,76,0,7790.09,0,0,0,2371.99,5896.46,1.26
M0012444,N,51,2,4674.81,0,0,1,1657.88,3223.64,1.43
M0012445,N,77,3,12585.79,0,1,0,4334.01,9295.89,0.23
M0012446,N,24,1,24599.76,0,0,1,3050.47,17163.62,1.22
M0012447,N,80,1,62069.2,1,0,0,10852.38,41238.42,1.52
M0012448,N,30,2,12001.59,0,2,0,1906.51,13657.4,2.47
M0012449,N,77,2,15493.9,1,2,0,12087.38,2992.25,1.45
M0012450,N,69,3,29905.07,1,2,1,15524.9,16420.86,2.18
M0012451,N,43,1,33845.91,0,1,0,943.91,29262.31,2.46
M0012452,N,49,0,12459.68,0,0,0,1628.93,10163.98,1.28
M0012453,N,41,1,3028.43,0,0,0,1007.59,3235.92,1.22
M0012454,N,65,1,9979.84,0,1,0,1200.8,10111.11,1.73
M0012455,N,80,1,9133.19,0,0,0,3996.22,4035.9,0.0
M0012456,N,54,0,17915.38,0,0,0,2494.38,17771.17,1.04
M0012457,N,60,0,28788.45,1,2,2,7842.96,19005.39,1.48
M0012458,N,42,1,11884.84,0,3,0,1701.36,13300.0,0.05
M0012459,N,19,0,12234.35,0,1,0,4437.52,10314.76,0.05
M0012460,N,67,1,23590.84,1,0,0,4298.7,16046.96,1.25
M0012461,N,38,0,16555.97,0,1,0,8506.3,11227.76,1.13
M0012462,N,52,0,3021.93,0,2,0,1023.53,3290.05,1.01
M0012463,N,35,2,24095.77,0,2,0,3694.94,33603.9,0.78
M0012464,N,28,0,23925.65,1,1,0,10860.48,9566.76,1.46
M0012465,N,32,0,10000.64,0,2,1,2818.03,13463.15,1.21
M0012466,N,44,1,7273.57,0,1,0,768.22,5253.46,1.09
M0012467,N,19,0,13292.28,1,0,0,2175.02,16266.1,1.1
M0012468,N,75,2,3347.98,0,0,0,1086.75,2935.87,1.45
M0012469,N,33,0,11627.38,0,0,0,4204.57,12988.55,1.03
M0012470,N,66,2,18808.44,0,0,0,4431.23,11622.99,3.0
M0012471,N,38,1,44317.01,0,0,0,10909.83,24717.85,1.63
M0012472,N,27,0,3543.35,0,1,0,1766.29,4003.86,0.41
M0012473,N,21,1,20386.9,0,1,0,9348.23,13099.62,1.7
M0012474,N,65,1,5306.76,0,0,0,2399.1,3944.94,0.97
M0012475,N,75,0,7657.49,0,1,0,2214.31,6164.57,0.9
M0012476,N,59,0,21002.93,0,0,0,1915.36,15287.99,0.86
M0012477,N,57,2,4653.88,1,0,0,1358.35,4492.19,1.23
M0012478,N,25,1,7594.12,0,0,0,4048.23,7288.16,1.9
M0012479,N,20,1,7091.42,0,2,0,5221.82,7290.76,2.5
M0012480,N,33,1,11322.33,0,0,0,3770.86,7376.18,0.63
M0012481,N,54,0,7920.69,0,0,0,607.82,6475.62,0.0
M0012482,N,55,1,42956.49,0,2,1,51494.07,6549.62,2.46
M0012483,N,57,0,5124.26,0,1,2,5491.97,2930.07,1.08
M0012484,N,27,3,22647.21,0,1,0,6561.27,12801.56,1.13
M0012485,N,57,1,17809.28,0,0,1,9160.98,18287.57,1.31
M0012486,N,47,3,32974.81,0,0,0,3866.12,32990.05,1.22
M0012487,N,33,1,12016.81,0,1,1,3060.97,9946.33,0.64
M0012488,N,54,2,1487.52,0,0,0,628.21,1803.73,1.4
M0012489,N,25,1,15046.44,0,1,0,8253.66,6431.3,1.36
M0012490,N,19,1,29206.22,1,2,2,11562.45,37857.18,2.45
M0012491,N,28,1,9209.08,0,0,0,3085.1,4964.93,1.83
M0012492,N,60,3,18232.21,0,0,1,7614.83,12383.98,2.66
M0012493,N,36,0,11807.41,0,0,0,3509.05,6529.51,2.03
M0012494,N,56,2,22039.09,0,0,1,2455.84,17909.46,2.08
M0012495,N,21,2,40968.44,0,1,1,1493.14,42099.04,1.78
M0012496,N,38,2,3573.86,0,0,0,790.72,4950.56,0.07
M0012497,N,60,2,16900.65,0,1,0,2292.96,11566.73,1.28
M0012498,N,53,2,23956.4,0,1,0,7080.28,14063.79,1.37
M0012499,N,44,0,5544.89,0,0,1,2423.63,3885.48,0.94
M0012500,N,20,0,10102.13,0,1,0,2236.6,8950.06,1.52
M0012501,N,38,3,16342.8,0,1,0,3731.96,10534.68,1.64
M0012502,N,57,0,4851.27,0,1,0,2506.29,1522.18,0.0
M0012503,N,48,0,17049.49,1,0,0,8771.33,15010.71,0.55
M0012504,N,43,1,8207.8,0,0,0,2782.97,6406.64,0.81
M0012505,N,78,2,19643.93,1,1,0,1830.16,20417.71,2.0
M0012506,N,62,3,35952.0,0,2,1,7832.76,31684.52,2.86
M0012507,N,70,0,4494.38,0,0,0,527.8,5235.68,0.0
M0012508,N,43,2,8551.06,0,1,0,4009.33,4782.25,1.4
M0012509,N,78,1,8170.24,0,3,0,587.22,14219.83,0.16
M0012510,N,70,0,3501.67,0,0,1,2076.2,1552.9,0.19
M0012511,N,65,2,16487.53,0,2,0,10647.43,4231.59,0.99
M0012512,N,27,2,13272.17,1,1,0,3603.83,7243.47,1.2
M0012513,N,79,1,17995.46,1,1,2,13063.34,8512.43,0.31
M0012514,N,72,0,4855.19,0,0,0,980.96,3228.46,0.99
M0012515,N,74,0,4403.84,0,0,0,1339.24,3929.07,0.91
M0012516,N,44,3,7483.76,0,2,0,3090.09,3855.66,0.11
M0012517,N,28,1,8414.28,0,1,2,1550.42,8909.6,0.82
M0012518,N,26,3,7431.69,0,0,1,4009.6,2363.26,0.49
M0012519,N,53,0,9992.59,0,1,0,2563.36,6419.88,0.43
M0012520,N,37,1,5927.88,0,1,0,1997.82,5582.07,0.0
M0012521,N,79,0,6085.77,0,0,0,1105.12,5145.16,0.51
M0012522,Y,47,5,166996.53,3,3,4,49367.67,93912.9,4.17
M0012523,N,44,2,9671.87,0,1,0,1210.57,6571.69,0.9
M0012524,N,27,1,22107.2,0,0,0,3989.32,15402.71,1.28
M0012525,N,58,0,2467.42,0,0,0,407.51,2231.91,0.07
M0012526,N,63,2,50262.79,0,0,1,3110.44,43975.8,1.42
M0012527,N,20,0,14147.74,0,0,0,2045.61,9530.9,1.81
M0012528,N,31,0,10645.74,0,0,1,2306.39,7202.49,0.41
M0012529,N,33,1,10721.65,1,3,2,2587.03,13429.08,0.0
M0012530,N,30,2,9525.04,0,0,0,961.82,6734.73,0.0
M0012531,N,25,0,13817.36,0,2,1,10046.89,10747.11,1.85
M0012532,N,44,0,4318.23,0,2,2,1649.04,2799.19,2.07
M0012533,N,29,0,5174.7,0,0,0,778.55,5834.63,0.85
M0012534,N,42,0,8411.27,0,0,0,4277.21,5455.7,1.74
M0012535,N,73,3,7746.38,0,0,0,4159.82,9714.68,2.87
M0012536,N,23,0,5116.42,0,0,1,1897.97,2535.33,0.17
M0012537,N,29,0,15119.48,1,1,0,860.67,14973.14,0.0
M0012538,N,76,0,6595.38,0,1,1,2527.44,4086.33,1.57
M0012539,N,41,1,24531.73,0,0,0,9877.4,20298.37,1.57
M0012540,N,38,1,14665.12,0,1,0,8562.51,7745.33,2.72
M0012541,N,37,1,5872.62,0,1,1,2950.82,2075.15,1.54
M0012542,Y,39,7,224244.24,4,3,3,77120.43,186110.26,6.49
M0012543,N,50,2,17589.83,1,0,1,2570.03,12351.29,1.06
M0012544,N,35,1,16532.71,0,0,0,1356.65,14227.48,0.4
M0012545,Y,77,6,215254.95,3,1,2,65255.06,152110.24,4.14
M0012546,N,51,1,12415.01,0,2,0,3043.17,15333.82,1.01
M0012547,N,27,0,12334.15,0,1,0,791.83,11051.6,1.12
M0012548,N,35,3,10780.94,0,1,0,5378.27,7752.23,0.97
M0012549,N,36,0,11635.4,1,0,0,1803.76,9604.74,1.31
M0012550,N,74,0,17784.24,0,0,0,5512.83,11498.15,1.55
M0012551,Y,83,5,322087.74,5,3,3,141176.51,149247.03,5.13
M0012552,N,61,1,11545.1,1,2,0,2924.41,7350.08,1.27
M0012553,N,57,2,3291.12,0,1,0,2161.78,3161.37,0.0
M0012554,N,42,0,7884.91,0,1,1,2662.6,8030.07,1.1
M0012555,N,79,2,20219.61,0,0,0,7885.27,10785.31,0.46
M0012556,N,71,1,19215.05,1,1,0,2090.75,21752.17,1.53
M0012557,N,68,0,6315.14,1,0,0,1974.02,4719.51,2.46
M0012558,N,68,3,10868.22,0,0,0,3006.09,9769.91,2.57
M0012559,N,53,1,7283.05,0,0,1,2330.89,5155.78,0.88
M0012560,N,78,1,13781.49,1,1,1,5973.83,10699.09,0.55
M0012561,N,29,1,9509.26,0,1,1,931.84,11482.47,0.0
M0012562,N,66,2,20053.7,1,0,1,5056.42,11522.19,2.23
M0012563,N,52,0,5475.1,0,0,2,2676.2,6665.36,0.65
M0012564,N,71,1,2885.16,0,3,0,1629.66,2549.6,0.25
M0012565,N,57,0,7309.84,0,0,0,753.72,6321.89,0.56
M0012566,N,41,1,12551.15,1,0,0,4112.97,12436.1,1.24
M0012567,N,65,1,19408.98,0,1,0,2480.06,12926.72,1.74
M0012568,N,37,3,3183.37,1,0,0,1750.67,3600.82,0.47
M0012569,N,29,1,8498.88,0,0,0,854.58,7534.93,1.99
M0012570,N,50,2,6922.61,0,0,0,6250.0,3961.12,2.68
M0012571,N,49,1,23026.29,1,1,0,8178.91,17614.27,2.05
M0012572,N,19,2,9859.52,0,2,0,3867.28,4414.69,1.39
M0012573,N,59,0,14090.28,0,0,0,1384.26,11293.66,1.87
M0012574,N,67,2,2208.4,0,0,0,1751.94,2115.05,0.0
M0012575,N,72,2,7459.62,0,0,0,1978.83,5832.39,1.54
M0012576,N,74,3,15527.24,0,1,2,7616.25,13957.82,2.97
M0012577,N,28,0,4981.1,0,0,0,1063.47,4536.38,0.0
M0012578,N,27,2,6390.95,0,1,1,3305.03,6320.45,1.77
M0012579,N,65,1,18054.15,0,1,0,1451.1,17266.61,0.76
M0012580,N,69,3,8817.04,0,0,0,1840.98,6969.94,1.74
M0012581,N,36,0,12207.44,0,0,0,1812.37,8336.37,1.34
M0012582,N,70,1,6446.78,1,1,1,1621.5,3950.89,0.98
M0012583,N,61,0,7401.65,0,0,0,630.47,11148.93,0.0
M0012584,N,43,0,10765.22,0,0,1,5924.69,11976.29,1.11
M0012585,N,51,3,6467.83,0,2,0,1310.8,6439.07,1.15
M0012586,N,37,0,10474.66,1,2,0,4169.65,10111.99,1.21
M0012587,Y,38,7,426607.76,4,5,3,130580.46,237060.48,4.97
M0012588,N,34,2,4691.44,1,0,0,714.39,2975.94,1.5
M0012589,Y,51,6,189726.48,2,1,3,113431.33,91525.86,2.48
M0012590,N,31,0,6047.9,0,0,0,633.19,6693.91,1.75
M0012591,N,60,0,32753.81,0,0,0,493.77,30308.42,2.49
M0012592,N,77,0,7894.23,0,0,0,1472.04,8606.41,0.0
M0012593,N,57,1,4839.62,0,0,0,4098.61,3111.18,0.04
M0012594,N,55,1,40611.53,1,1,0,6370.66,32881.49,1.42
M0012595,N,74,1,8422.31,0,0,0,852.19,6772.48,0.0
M0012596,N,19,1,7068.26,0,0,1,3611.35,3671.46,0.9
M0012597,N,80,0,9399.6,0,0,2,7602.03,8505.74,2.48
M0012598,Y,64,2,249064.85,2,4,5,201910.38,83444.86,4.88
M0012599,N,37,1,14998.22,0,1,0,6391.76,6325.79,1.89
M0012600,N,56,1,4933.62,0,0,1,1087.34,6595.7,0.49
M0012601,N,74,0,16989.36,0,1,0,1164.62,14093.03,1.41
M0012602,N,78,0,6561.51,0,0,1,1143.08,7821.07,0.39
M0012603,N,40,1,7619.7,0,0,2,2346.07,3634.58,0.6
M0012604,N,78,1,47587.81,0,2,2,27305.68,29864.36,1.75
M0012605,N,63,0,16537.73,0,2,0,4223.13,9198.84,0.85
M0012606,N,32,0,8563.76,1,1,0,6363.62,4773.89,0.64
M0012607,N,56,2,16720.46,0,0,1,4609.0,9521.45,2.87
M0012608,N,44,1,17049.63,1,1,0,2126.38,18096.72,0.34
M0012609,N,67,0,13528.47,0,1,0,3579.53,11409.93,0.84
M0012610,N,71,0,5699.45,0,0,1,1076.24,6996.29,0.0
M0012611,N,80,0,20242.95,0,0,0,9904.42,15361.32,1.53
M0012612,N,71,2,3191.35,1,0,0,1033.3,4615.37,1.41
M0012613,N,46,0,44337.28,1,0,0,39043.5,20823.54,3.0
M0012614,N,35,0,5140.47,0,0,0,2079.08,3934.64,0.0
M0012615,N,25,1,19888.41,0,2,0,4713.1,12582.09,1.32
M0012616,N,76,0,5174.81,0,0,1,2085.71,4480.93,0.83
M0012617,Y,44,6,195106.85,2,4,1,71371.58,184147.55,2.72
M0012618,N,39,0,13448.97,0,1,0,2438.56,8241.91,0.59
M0012619,N,43,3,48618.27,1,2,0,10148.29,47240.61,3.21
M0012620,N,45,2,24314.72,1,3,0,9304.93,17152.0,1.91
M0012621,N,41,1,22389.15,0,0,1,2815.44,15858.21,2.12
M0012622,N,61,2,6723.87,0,0,2,4600.7,5423.45,1.1
M0012623,N,29,1,12266.2,0,2,2,10919.7,9814.71,2.61
M0012624,Y,70,5,215369.89,2,3,5,61015.9,151229.08,4.76
M0012625,N,31,0,5851.67,1,0,0,1562.42,7085.25,1.69
M0012626,N,70,1,3657.15,0,1,0,3070.51,2014.92,1.17
M0012627,N,31,1,5185.83,0,2,0,896.58,5537.71,0.86
M0012628,N,47,0,16600.45,0,0,0,1630.31,11341.58,1.78
M0012629,N,29,0,19899.34,0,2,0,9195.14,23023.74,2.53
M0012630,N,63,2,45239.73,0,0,0,3515.15,39808.09,1.56
M0012631,N,63,1,14999.06,1,1,1,8330.2,3708.74,1.58
M0012632,N,59,2,18176.75,2,1,0,1414.34,18674.48,2.26
M0012633,N,38,1,3025.9,1,2,0,2420.88,1816.23,0.07
M0012634,N,51,0,9895.23,0,0,0,664.18,7517.76,0.28
M0012635,Y,43,3,332603.38,4,2,5,174191.65,105233.94,6.44
M0012636,N,75,0,33319.62,0,2,1,14544.77,14340.22,1.43
M0012637,N,80,1,9632.46,0,0,0,7789.62,8071.96,2.25
M0012638,N,30,0,1740.21,0,0,1,1007.87,1238.05,0.2
M0012639,N,67,1,5552.52,0,0,0,3901.06,2634.3,0.69
M0012640,N,70,1,7265.71,0,0,0,1342.19,8616.56,1.73
M0012641,N,51,1,19405.47,0,1,1,4839.2,11848.82,1.03
M0012642,N,68,0,8856.56,0,1,0,3696.63,10351.75,2.21
M0012643,N,46,0,6884.18,0,0,0,1573.98,7795.81,0.3
M0012644,N,63,2,16780.6,1,1,0,1511.69,18199.86,3.35
M0012645,N,62,1,15083.14,1,3,1,775.38,15310.51,0.81
M0012646,N,22,0,8110.86,1,1,0,3248.5,4943.89,0.1
M0012647,N,34,1,12123.53,0,0,0,655.84,9388.19,2.57
M0012648,N,44,2,22268.1,2,1,0,4859.99,13831.91,3.0
M0012649,N,36,1,26149.4,0,0,0,6906.95,14829.66,1.9
M0012650,N,34,1,5177.9,1,0,1,2094.45,6659.38,1.52
M0012651,N,25,0,4773.8,0,1,0,3800.39,4104.06,1.57
M0012652,N,39,2,11727.94,1,0,0,1091.64,10365.61,2.25
M0012653,N,59,2,18876.76,0,1,3,5180.84,16291.75,2.28
M0012654,N,68,2,7886.93,1,0,0,4527.51,5487.68,0.39
M0012655,N,71,1,4169.71,0,0,0,2041.1,2898.02,0.37
M0012656,N,57,0,25176.38,1,2,1,7407.29,28608.27,3.49
M0012657,N,39,0,1654.83,0,0,0,343.61,2400.38,0.76
M0012658,N,30,0,3581.94,0,0,0,2138.3,2293.56,0.42
M0012659,N,53,0,5679.32,0,0,1,2194.35,3233.33,1.31
M0012660,N,62,2,13554.36,0,0,0,347.59,10716.6,0.59
M0012661,N,48,0,5310.45,1,0,0,377.59,6397.26,0.0
M0012662,N,70,2,3893.51,1,0,0,810.26,3364.71,0.8
M0012663,N,77,1,29507.67,0,2,0,4198.79,19039.93,0.0
M0012664,N,47,2,22359.04,0,0,0,11094.7,7207.09,1.86
M0012665,N,66,3,24543.58,1,0,0,3127.02,24314.96,1.93
M0012666,N,29,3,12868.26,0,1,0,1121.8,10491.25,1.79
M0012667,N,55,0,4139.1,0,0,0,642.24,3096.04,1.05
M0012668,N,80,0,26908.73,0,1,0,17182.92,13918.58,3.0
M0012669,N,22,1,4575.68,1,1,1,989.66,4897.22,1.38
M0012670,N,66,1,5310.1,0,1,1,2687.96,4258.73,1.66
M0012671,Y,39,6,295768.72,1,4,2,123643.37,229565.85,7.95
M0012672,N,36,1,11227.14,0,2,0,1494.31,12093.17,1.27
M0012673,N,57,1,4197.03,0,0,0,1128.04,4301.41,2.33
M0012674,N,69,0,9497.36,0,2,0,4880.8,7529.44,0.0
M0012675,N,73,2,31692.55,0,2,0,7222.46,18426.2,1.69
M0012676,N,55,0,2558.8,0,2,0,403.52,3152.61,0.25
M0012677,N,79,2,7743.5,0,1,1,2412.59,7243.52,1.43
M0012678,Y,53,5,176818.52,5,6,3,116044.17,96329.4,3.1
M0012679,N,74,1,3799.66,0,1,0,2813.24,3339.47,0.57
M0012680,N,78,1,8443.15,0,0,0,3515.19,10934.57,0.0
M0012681,Y,53,2,165592.17,2,3,3,87663.47,101854.68,4.48
M0012682,N,26,1,21211.22,0,0,0,20847.2,6172.69,0.92
M0012683,N,36,1,24716.57,0,1,0,10340.26,18787.16,1.21
M0012684,N,23,1,10422.15,0,1,0,1739.7,6500.9,2.26
M0012685,N,54,1,5022.85,1,2,0,1710.89,6402.72,2.41
M0012686,N,35,0,9971.5,0,0,0,1325.01,11978.15,0.58
M0012687,N,60,1,4372.1,0,1,0,1509.45,5895.23,2.15
M0012688,N,55,0,5952.46,0,2,0,3195.69,6845.73,0.53
M0012689,N,59,0,5426.93,0,0,0,2709.75,4107.82,0.0
M0012690,N,58,0,12340.86,0,0,0,3562.07,8744.71,0.53
M0012691,N,77,3,30565.88,0,0,1,7392.45,39370.44,3.32
M0012692,N,69,1,12743.12,0,0,1,2810.49,16998.53,0.0
M0012693,N,24,1,21279.74,0,1,0,2534.93,16999.4,0.0
M0012694,N,41,1,4545.94,0,0,0,2040.8,2085.4,0.57
M0012695,N,54,2,7351.09,0,1,0,900.69,6487.21,0.79
M0012696,N,76,0,29519.06,1,2,1,2036.17,21113.42,1.27
M0012697,N,68,0,13504.56,0,1,0,1494.19,19637.98,1.05
M0012698,N,75,2,13044.34,0,0,0,1655.93,9325.51,0.56
M0012699,N,65,0,3945.26,0,0,0,923.83,2297.11,1.5
M0012700,N,29,1,6702.28,0,1,0,2230.21,9707.64,0.59
M0012701,N,77,1,11211.57,0,3,2,8781.47,8807.86,1.71
M0012702,N,43,2,11952.8,0,2,1,9514.93,11450.77,2.17
M0012703,N,22,2,7527.71,1,0,0,1988.35,9756.55,1.24
M0012704,N,77,0,7666.9,0,1,0,2425.32,10336.08,1.21
M0012705,N,19,0,8971.45,0,0,0,6691.97,7381.92,2.29
M0012706,N,63,0,4293.77,0,2,0,2684.12,4914.78,1.13
M0012707,N,42,0,13378.64,0,0,1,4848.7,5851.08,0.68
M0012708,N,75,2,5409.51,0,0,0,1558.72,4634.4,1.14
M0012709,N,46,2,7327.83,0,0,0,1725.2,5220.62,1.54
M0012710,N,21,0,9627.36,0,0,0,2422.46,5518.22,2.01
M0012711,N,27,1,6841.65,0,0,0,1383.25,6689.24,0.63
M0012712,N,20,3,8501.0,1,1,1,2807.8,10018.13,1.49
M0012713,N,70,0,12007.23,0,0,0,4165.68,5920.32,0.0
M0012714,N,21,2,10219.27,0,2,1,1422.72,13156.03,0.87
M0012715,N,73,0,19157.54,0,1,0,7154.73,10025.89,2.52
M0012716,N,67,1,14041.61,1,0,0,8635.03,12385.02,1.25
M0012717,N,59,0,7216.74,0,1,0,4671.01,6196.41,0.22
M0012718,N,44,2,17437.09,0,1,0,10295.72,4064.75,2.1
M0012719,N,55,0,2713.52,0,0,0,918.72,2522.6,1.55
M0012720,N,31,1,29025.11,0,3,1,4546.97,25012.77,2.64
M0012721,Y,39,2,257392.3,1,6,3,108983.03,134324.95,4.54
M0012722,N,78,0,4366.02,0,0,0,1960.04,1749.61,0.0
M0012723,N,29,0,4673.93,1,0,0,819.12,5603.79,0.17
M0012724,N,20,0,10089.69,1,0,0,4605.12,4106.68,2.25
M0012725,N,77,1,7161.76,0,1,1,4964.83,5711.81,3.1
M0012726,N,60,2,9020.87,0,2,0,3425.45,10651.94,0.24
M0012727,N,73,0,5189.26,0,0,0,1539.76,4242.27,0.0
M0012728,N,74,1,3203.01,0,0,0,1028.82,2499.87,0.0
M0012729,N,20,1,4587.46,0,0,0,2056.46,1662.23,0.21
M0012730,N,51,2,43090.88,0,0,0,7853.55,28557.4,0.94
M0012731,N,60,0,5361.93,0,0,0,795.65,4162.17,1.43
M0012732,N,70,0,2888.1,0,0,0,847.78,3656.01,0.0
M0012733,N,45,3,12432.93,1,1,0,4097.4,8199.28,2.25
M0012734,N,63,1,3479.06,0,0,0,1852.45,1809.84,0.21
M0012735,N,65,0,4707.12,0,1,0,1124.8,3440.13,0.0
M0012736,N,79,1,15590.28,0,0,0,4524.95,9267.71,0.83
M0012737,N,59,1,9244.19,0,1,0,2955.7,4678.32,0.62
M0012738,N,66,0,3299.74,0,0,1,834.37,4901.15,0.68
M0012739,N,46,0,44027.49,0,2,0,3106.94,36889.05,0.0
M0012740,N,68,2,11532.04,0,1,0,8408.59,3958.46,0.72
M0012741,N,71,1,32995.8,0,0,1,5432.62,21964.75,1.33
M0012742,N,58,1,14191.74,0,0,0,4287.03,7751.07,0.01
M0012743,N,59,3,14602.31,1,1,0,5341.07,7794.58,2.56
M0012744,N,20,0,4620.67,0,2,0,3062.56,3430.65,0.0
M0012745,N,36,1,3449.54,1,1,2,1128.53,3827.71,1.29
M0012746,N,55,2,8937.91,1,1,0,5913.14,9769.27,3.23
M0012747,N,24,0,20507.81,0,1,0,3847.45,13919.92,0.07
M0012748,N,21,2,10505.21,0,0,0,3167.77,11588.93,0.24
M0012749,N,47,1,9447.85,0,1,0,1971.53,12409.55,2.64
M0012750,N,39,1,32064.13,0,0,0,5207.05,21285.46,2.03
M0012751,N,33,3,13611.33,0,2,0,2511.3,11962.73,1.69
M0012752,N,50,1,7515.74,0,0,0,623.75,5700.21,0.0
M0012753,N,64,0,6524.53,1,1,0,718.99,9115.01,0.0
M0012754,N,48,2,6598.23,0,1,0,3163.8,5892.49,1.09
M0012755,N,39,0,7512.22,0,0,0,3342.41,6216.56,0.27
M0012756,N,46,3,25351.97,1,0,2,10719.21,20541.64,1.32
M0012757,N,72,2,8841.84,0,2,0,2954.79,7964.43,2.64
M0012758,N,56,2,3705.79,1,0,1,2025.53,3849.84,1.51
M0012759,Y,51,4,170734.28,1,1,3,37467.8,120355.53,5.18
M0012760,N,28,1,5472.23,0,1,0,1286.74,8247.31,0.45
M0012761,N,54,0,18785.51,0,0,0,1810.23,17274.43,0.41
M0012762,N,18,1,2295.85,0,1,1,336.1,2309.93,1.47
M0012763,N,76,0,8566.63,0,0,1,6250.56,2829.41,0.02
M0012764,N,65,2,12207.55,0,1,0,2659.43,9499.12,2.95
M0012765,N,24,1,8172.71,0,0,0,463.73,6045.7,0.0
M0012766,N,40,1,16439.48,0,2,0,2361.27,15808.59,0.44
M0012767,N,53,3,7495.83,0,1,0,2524.36,6159.08,0.0
M0012768,N,19,0,8010.94,0,0,0,2465.97,6542.83,0.95
M0012769,N,24,0,6451.1,1,0,0,4278.48,4009.8,0.75
M0012770,N,29,0,10822.81,0,0,1,3833.66,14409.89,1.3
M0012771,N,36,1,38588.15,1,0,0,855.85,36629.71,1.47
M0012772,N,68,2,21852.85,1,1,1,10018.97,8154.56,0.25
M0012773,N,51,0,32109.57,1,0,1,2523.15,26384.63,0.91
M0012774,N,40,1,6732.83,0,1,0,1812.5,8908.56,0.0
M0012775,N,70,3,17031.32,1,2,0,3764.42,14590.72,1.18
M0012776,N,58,2,12190.09,0,0,0,3813.1,10363.47,0.65
M0012777,N,32,1,30380.27,1,1,1,4561.12,26078.14,0.8
M0012778,N,26,0,10197.11,0,0,0,1287.95,7134.76,0.36
M0012779,N,40,1,4948.52,1,0,0,1177.54,5032.62,0.0
M0012780,N,70,2,3665.69,0,0,0,219.42,4236.83,0.0
M0012781,N,25,0,18802.49,0,0,1,12209.61,5038.4,0.58
M0012782,N,54,3,29720.81,1,1,0,6008.65,30443.99,3.08
M0012783,N,32,1,7185.52,0,0,0,2194.39,5617.86,0.0
M0012784,N,36,1,3847.97,0,0,0,696.28,3038.93,0.57
M0012785,N,76,2,9601.23,0,0,0,1242.96,9817.85,1.66
M0012786,N,42,0,15413.59,0,1,1,2071.02,10758.66,1.02
M0012787,N,69,1,25396.88,0,1,0,2969.64,29486.59,1.12
M0012788,N,77,1,8453.03,1,0,0,537.48,7982.25,1.37
M0012789,N,57,1,11879.39,0,0,0,3725.53,8740.13,1.55
M0012790,N,42,0,7531.47,1,0,0,3551.05,7063.37,1.94
M0012791,N,36,2,29507.6,0,0,0,2589.63,20655.04,1.27
M0012792,N,39,1,5953.55,0,2,1,1597.5,4186.73,1.69
M0012793,N,50,1,16403.03,0,0,0,5135.38,10396.33,0.9
M0012794,N,69,0,4801.54,0,0,0,521.37,4170.3,0.9
M0012795,N,79,2,17020.9,1,0,1,6260.39,9446.07,1.31
M0012796,N,31,2,21606.74,0,2,0,8014.28,14043.98,1.13
M0012797,N,60,1,4735.61,1,2,1,1121.46,6228.4,1.13
M0012798,N,46,3,17403.76,0,2,0,3285.24,23371.66,1.27
M0012799,N,21,2,11513.05,1,0,1,7791.52,12929.99,0.52
M0012800,N,80,1,14499.19,0,0,0,3484.88,15880.8,1.78
M0012801,N,59,0,5095.92,0,0,0,664.2,3732.6,0.0
M0012802,N,24,1,10392.95,0,0,0,6993.14,10929.81,1.92
M0012803,N,44,2,12491.34,0,0,0,3919.42,7283.99,0.63
M0012804,N,60,2,25962.27,0,0,0,2415.27,20969.86,0.34
M0012805,N,41,0,2227.21,0,0,0,962.64,2956.22,0.33
M0012806,N,38,0,12700.6,0,0,0,1426.01,12954.85,0.91
M0012807,N,47,0,3457.33,0,0,1,1152.56,2039.44,0.0
M0012808,N,48,2,5633.66,2,0,0,1575.09,4267.29,1.24
M0012809,Y,81,5,131219.32,1,2,2,69672.57,55008.43,2.0
M0012810,N,74,2,4781.79,0,2,0,1498.9,3026.0,0.61
M0012811,N,18,0,7898.43,0,1,0,1332.13,5075.92,0.31
M0012812,N,19,0,3008.87,0,0,0,1667.53,3761.06,0.73
M0012813,N,29,0,6346.98,1,0,0,2913.58,4185.3,0.37
M0012814,N,79,0,14649.11,0,0,0,5150.43,10552.26,1.18
M0012815,N,68,1,7401.08,0,1,0,3554.53,7765.39,1.95
M0012816,N,71,0,6172.72,0,0,0,1323.29,8375.06,0.61
M0012817,N,79,1,30456.65,0,1,0,2878.87,29729.96,2.62
M0012818,N,18,1,15056.58,1,0,0,9131.71,9568.82,2.45
M0012819,N,27,3,21705.49,0,1,0,3770.99,15905.75,1.16
M0012820,N,47,2,8207.39,0,0,0,1043.68,5699.57,0.36
M0012821,N,38,1,17708.79,0,1,0,7927.35,22027.82,0.19
M0012822,N,68,0,4540.81,0,3,0,2093.1,2102.92,0.0
M0012823,N,70,0,4737.81,1,0,0,496.75,3296.27,0.52
M0012824,N,57,0,14999.89,0,0,1,2482.68,13921.57,1.16
M0012825,N,58,1,14012.1,0,2,1,4303.14,10204.59,2.43
M0012826,N,31,1,3021.55,0,0,0,1046.83,4178.38,1.42
M0012827,N,57,0,10975.0,0,0,0,2732.14,7528.16,2.18
M0012828,N,23,2,32008.76,1,1,1,7588.73,20182.4,2.05
M0012829,N,80,1,11309.4,0,1,0,5967.5,5465.02,1.95
M0012830,N,19,1,4903.52,0,0,0,1592.63,4093.88,0.61
M0012831,N,27,1,8780.26,0,0,0,7341.05,3822.83,0.47
M0012832,Y,75,4,297804.54,2,3,4,179428.39,81663.55,5.02
M0012833,N,40,1,10412.76,0,1,0,3916.39,13915.76,2.2
M0012834,N,51,3,15968.72,0,2,1,9141.27,4974.42,0.62
M0012835,N,30,0,3006.98,0,1,0,887.87,3993.82,0.24
M0012836,N,33,0,5101.92,0,0,0,1175.05,8083.85,0.0
M0012837,N,29,0,13058.32,0,0,0,5996.87,11801.67,0.13
M0012838,Y,69,2,236402.56,1,2,1,131391.67,120633.67,2.19
M0012839,N,77,0,3430.46,0,1,0,2478.49,2497.37,1.27
M0012840,N,60,1,2821.86,0,1,1,697.76,4051.28,1.81
M0012841,N,62,0,8995.27,0,2,1,1153.35,7587.14,0.94
M0012842,N,24,0,8820.21,1,2,1,1703.39,10303.14,0.64
M0012843,N,18,0,9294.3,0,0,0,4463.83,6372.14,1.37
M0012844,N,40,2,13119.71,0,1,0,1367.7,19770.49,0.0
M0012845,N,68,1,12009.14,0,1,0,9261.56,2505.94,2.27
M0012846,N,20,2,12858.09,0,2,0,7802.9,4052.44,2.62
M0012847,N,74,1,20634.62,0,0,0,7128.85,12600.55,0.63
M0012848,N,53,0,13951.83,0,1,2,8840.0,4897.64,0.58
M0012849,N,50,0,2851.99,0,1,0,994.73,2865.81,0.0
M0012850,N,19,2,13525.12,1,1,1,4290.25,8493.49,1.91
M0012851,N,28,0,14423.36,0,1,0,8078.69,5141.58,2.49
M0012852,N,62,1,14107.65,0,2,0,2745.4,10209.58,0.47
M0012853,N,50,2,17893.3,1,3,0,4233.45,9962.92,2.53
M0012854,N,74,2,5766.66,0,0,0,2936.1,2960.8,0.69
M0012855,N,58,3,24824.38,0,0,0,6541.62,29540.58,0.73
M0012856,N,78,0,24426.33,1,0,0,9040.07,23569.17,1.3
M0012857,N,43,0,7018.53,0,0,0,3248.86,8728.22,1.03
M0012858,N,43,0,5825.27,0,0,0,1433.67,7326.14,1.75
M0012859,N,80,0,12337.63,0,0,0,2413.79,14159.62,0.84
M0012860,N,34,0,9987.19,0,2,0,2010.71,7445.07,1.01
M0012861,N,69,2,5708.69,0,0,0,1824.91,5312.38,1.66
M0012862,N,35,0,5400.86,0,1,0,1128.05,7339.78,0.97
M0012863,N,39,0,7791.22,0,0,0,639.32,10933.94,0.0
M0012864,N,51,1,5757.97,0,0,0,591.3,4831.73,0.0
M0012865,N,78,4,8889.68,1,0,0,2392.45,10488.33,0.59
M0012866,N,22,1,37660.14,0,1,0,9813.72,20980.37,1.04
M0012867,N,34,0,11454.92,0,2,0,1886.53,7991.74,1.53
M0012868,N,20,1,5640.76,0,0,2,3438.66,4652.87,1.67
M0012869,N,71,2,47237.54,0,2,1,2550.8,36142.62,2.39
M0012870,N,68,1,3111.87,0,1,0,952.84,1523.91,1.43
M0012871,N,46,1,6671.62,0,0,0,2797.0,2730.29,0.0
M0012872,N,67,1,15164.5,0,2,0,2872.84,16660.41,2.2
M0012873,N,44,2,16064.58,0,0,0,7531.3,6550.11,1.28
M0012874,N,69,0,8174.26,0,0,0,1678.9,6562.97,0.04
M0012875,N,63,0,2768.45,0,0,0,1336.61,1237.28,1.53
M0012876,N,31,1,12268.48,0,1,1,5427.55,8998.18,0.0
M0012877,N,60,2,16742.67,1,0,1,7502.91,9262.5,1.04
M0012878,N,50,1,7980.11,1,0,0,800.77,5743.99,0.98
M0012879,N,47,1,11080.17,1,0,0,2086.81,7021.85,0.63
M0012880,N,79,3,14891.5,1,0,0,1240.29,11439.4,0.0
M0012881,N,74,0,4861.35,0,0,0,593.67,3994.15,0.0
M0012882,N,73,0,21568.64,1,0,0,3633.78,16478.52,0.88
M0012883,N,33,1,3471.12,0,2,2,1969.95,2596.02,0.17
M0012884,N,23,1,14257.35,0,0,0,8510.3,6419.34,1.7
M0012885,N,55,0,11428.29,0,0,0,4818.38,5627.38,0.34
M0012886,N,27,2,37711.1,0,1,1,25464.57,10605.46,2.32
M0012887,N,72,1,9205.86,0,1,0,3380.51,5334.47,1.35
M0012888,N,37,0,4336.92,0,0,0,2183.99,4888.84,1.19
M0012889,N,33,1,10680.78,1,0,0,2045.55,10722.15,1.3
M0012890,N,51,1,18951.11,2,1,1,1274.63,15340.07,1.54
M0012891,N,56,0,5898.91,0,0,0,932.19,4201.35,0.56
M0012892,N,77,1,23217.89,0,1,0,8315.03,10382.45,2.65
M0012893,N,79,0,10125.02,0,0,0,2876.31,13174.07,1.35
M0012894,N,67,2,9842.01,0,0,0,2432.01,10261.82,2.31
M0012895,N,32,0,1976.24,0,0,0,498.05,1631.99,0.6
M0012896,N,49,0,9707.08,1,1,1,1943.95,10901.23,0.0
M0012897,N,75,0,9155.92,1,1,1,2969.9,5299.32,0.66
M0012898,N,68,0,4940.67,0,0,0,5000.52,2967.26,1.32
M0012899,Y,54,4,214967.91,3,3,2,41608.14,242859.13,5.61
M0012900,N,30,2,30615.06,0,2,0,4601.54,23425.77,1.97
M0012901,N,43,0,5285.34,0,0,0,1446.41,4343.55,0.07
M0012902,N,70,2,13792.34,0,0,0,7905.22,11182.39,1.98
M0012903,N,35,1,19953.52,0,2,2,2062.91,14380.69,2.57
M0012904,N,77,1,4656.56,0,0,0,1017.61,7151.58,0.0
M0012905,N,21,0,7035.67,1,1,0,2881.1,8620.31,0.76
M0012906,N,27,0,4310.48,0,0,0,363.48,3287.4,1.09
M0012907,N,78,0,7951.22,0,1,1,2275.3,5186.96,2.34
M0012908,N,66,1,8844.26,0,0,0,937.2,9628.44,1.47
M0012909,N,34,0,17337.52,0,1,1,4896.85,14534.81,2.92
M0012910,N,52,1,11496.41,0,0,0,2140.64,15988.18,3.11
M0012911,N,63,0,9197.23,0,0,0,566.45,9392.46,0.03
M0012912,N,75,0,20130.6,0,4,0,6127.03,14512.96,2.91
M0012913,Y,50,4,166072.37,2,1,5,45780.69,106768.99,2.99
M0012914,N,46,1,5940.76,1,1,2,960.64,5089.59,0.16
M0012915,N,24,1,3302.02,0,0,0,1370.03,2753.4,1.0
M0012916,N,45,0,14788.21,1,1,0,9352.93,5105.54,1.39
M0012917,N,80,0,3577.52,1,0,1,2241.06,2363.95,0.38
M0012918,N,62,0,14679.17,0,0,0,4524.7,6975.08,1.55
M0012919,N,24,0,6813.7,0,0,1,707.58,5245.29,0.0
M0012920,N,49,0,9119.25,0,0,0,5959.16,6398.12,0.18
M0012921,N,69,1,31274.36,1,1,1,6198.92,23285.88,4.5
M0012922,N,60,0,7371.72,1,0,2,2863.42,5021.49,0.96
M0012923,N,73,0,27496.65,0,3,1,3482.31,26014.2,1.47
M0012924,N,58,0,3769.05,0,1,0,3617.9,1596.43,0.0
M0012925,N,40,1,5756.6,0,1,1,1270.5,4001.67,1.11
M0012926,N,60,0,5158.48,0,0,1,668.87,4463.71,0.0
M0012927,N,24,3,8765.4,1,1,1,7106.89,6921.23,1.21
M0012928,N,78,1,18853.81,1,1,0,4044.81,12967.7,1.49
M0012929,N,35,1,5382.37,1,0,0,1115.91,8605.87,2.49
M0012930,N,41,1,16927.82,0,0,1,2643.03,19253.11,2.0
M0012931,N,56,3,88201.87,0,0,1,27030.71,47425.99,0.89
M0012932,N,39,0,2854.26,0,0,0,866.43,3398.71,0.0
M0012933,N,34,1,22018.27,0,0,0,4618.52,17171.93,1.92
M0012934,N,46,2,18605.22,0,0,0,5733.97,24402.73,1.12
M0012935,N,60,1,13166.22,0,1,0,4504.8,9270.4,0.0
M0012936,N,76,1,9255.36,1,2,1,2904.47,7465.68,1.88
M0012937,N,76,3,8462.79,0,1,0,4873.27,3910.31,1.54
M0012938,N,49,3,4342.02,0,0,0,1759.08,4042.2,1.67
M0012939,N,37,0,8284.23,1,1,0,1148.3,5830.82,2.08
M0012940,N,43,2,16114.94,1,0,0,8482.06,4808.79,0.34
M0012941,Y,38,7,174396.0,5,6,4,68834.9,136640.25,5.3
M0012942,N,42,2,11138.67,0,0,0,3768.14,16093.04,1.49
M0012943,N,38,1,8855.1,0,0,0,1685.66,7082.55,0.0
M0012944,N,78,0,19021.05,0,1,0,4216.56,11136.33,0.26
M0012945,N,50,2,9235.57,0,1,0,4445.47,11620.36,1.63
M0012946,N,26,0,5321.4,0,0,0,980.94,3192.69,0.0
M0012947,N,31,1,12166.42,1,1,0,4252.59,7648.45,1.65
M0012948,N,26,2,6995.37,1,0,0,778.58,5065.17,2.3
M0012949,N,59,0,3104.37,0,1,0,1336.76,3699.94,1.09
M0012950,N,32,0,16978.14,0,0,0,940.23,13301.61,0.0
M0012951,N,27,2,4741.12,0,1,1,2121.68,1766.93,0.0
M0012952,N,47,2,8427.39,0,0,0,2401.28,7558.39,2.25
M0012953,N,23,1,19574.71,0,1,0,671.63,20621.75,1.13
M0012954,N,54,0,8798.44,1,2,1,6225.73,6152.35,0.72
M0012955,N,62,2,9639.73,2,0,0,4475.05,7491.87,2.1
M0012956,N,54,1,5079.06,0,0,0,417.96,4982.51,0.63
M0012957,Y,64,4,210082.27,3,3,4,161912.6,77981.48,4.06
M0012958,N,32,1,5053.7,1,0,0,1699.24,2299.16,1.77
M0012959,N,53,1,20093.62,0,2,1,2447.27,18908.46,1.54
M0012960,N,26,0,14064.5,0,0,0,2344.74,18565.88,1.04
M0012961,N,75,2,3738.03,0,1,0,1261.88,2854.61,0.0
M0012962,N,19,0,5553.22,0,0,0,3254.13,5928.3,0.26
M0012963,N,67,2,3332.84,0,1,0,1246.58,3459.13,1.36
M0012964,N,42,0,19374.28,0,1,1,7081.5,20746.49,0.69
M0012965,N,61,2,10940.57,0,1,1,1069.08,7833.06,0.89
M0012966,N,18,0,26405.05,0,0,0,2041.11,19780.59,0.08
M0012967,N,51,0,6078.72,0,1,0,4318.84,6591.63,0.61
M0012968,N,80,2,14757.11,0,2,1,989.75,11843.9,2.05
M0012969,N,40,1,21360.12,0,0,0,628.27,18109.68,1.28
M0012970,N,63,1,5420.72,1,0,0,3641.53,3798.4,1.46
M0012971,N,66,1,8469.45,0,0,0,5645.58,9223.07,2.47
M0012972,N,40,0,5299.31,0,0,0,568.91,5693.63,0.0
M0012973,N,37,2,22847.17,0,0,1,10106.37,15336.86,2.46
M0012974,N,20,2,13689.14,2,1,0,2658.75,17829.66,1.01
M0012975,N,66,2,14047.43,0,1,0,2793.12,12334.27,1.12
M0012976,N,33,1,14295.91,0,1,0,2869.51,9125.97,1.69
M0012977,N,77,1,10077.92,0,0,2,1797.03,11750.31,1.92
M0012978,N,19,2,8833.69,1,0,0,3323.07,3730.27,1.41
M0012979,N,71,0,8124.05,0,0,1,1360.25,5933.55,0.36
M0012980,N,33,2,48642.36,0,1,2,4343.93,45774.24,2.36
M0012981,N,31,0,10601.1,0,0,0,934.45,9180.41,0.36
M0012982,N,73,3,16738.11,0,0,0,1500.93,14320.29,2.18
M0012983,N,63,1,5441.05,0,1,0,2547.3,3530.91,1.19
M0012984,N,31,0,15034.55,0,1,0,5863.98,16864.67,1.46
M0012985,Y,44,7,236400.15,3,1,2,91801.77,178174.66,3.81
M0012986,N,59,1,9306.45,0,3,0,2800.87,9468.62,0.0
M0012987,N,45,2,8005.41,1,2,0,1898.85,5923.68,2.29
M0012988,N,69,1,19728.33,0,1,0,7043.76,10195.78,1.36
M0012989,N,20,0,3748.36,0,0,0,2447.47,3192.06,1.29
M0012990,N,31,1,4050.94,0,0,0,942.87,2648.6,0.0
M0012991,N,43,0,4010.76,0,0,0,663.79,2606.84,0.74
M0012992,N,28,1,22020.63,0,1,1,11399.41,17756.87,0.76
M0012993,N,36,0,3087.14,0,0,2,1196.82,3962.3,0.24
M0012994,N,55,0,15453.07,0,0,0,1869.92,10396.85,0.25
M0012995,N,65,0,2808.35,1,0,0,498.35,1874.25,0.73
M0012996,N,31,1,13017.97,0,1,0,1337.34,9388.66,1.21
M0012997,N,42,1,3493.37,0,0,0,1724.91,1873.37,0.91
M0012998,N,68,0,11125.92,0,2,0,6159.79,4736.37,1.79
M0012999,N,71,1,27041.45,0,2,1,5209.47,27895.39,1.11
M0013000,N,66,0,8906.5,0,1,1,1820.45,8876.13,0.46
M0013001,N,18,1,16596.08,0,2,0,1857.45,15368.98,0.04
M0013002,N,55,1,19397.23,0,0,0,12649.84,14213.09,1.74
M0013003,N,55,3,9551.58,2,1,0,930.6,9980.82,0.77
M0013004,N,70,1,13601.99,0,0,0,1433.93,12938.14,0.92
M0013005,N,37,0,2622.74,0,0,0,1797.67,1589.89,0.66
M0013006,N,24,0,21502.54,0,1,0,1426.58,24178.13,1.57
M0013007,N,63,0,6170.38,0,0,0,1465.79,3875.89,0.97
M0013008,N,66,1,41678.07,0,3,2,7550.77,28268.39,2.4
M0013009,N,31,1,28220.69,0,0,0,3626.21,35216.93,1.36
M0013010,N,38,1,6957.54,0,0,0,4939.2,6681.46,2.25
M0013011,N,58,2,14077.1,0,0,0,5629.53,10590.03,1.22
M0013012,N,40,2,26364.6,0,1,0,7382.33,15494.63,2.15
M0013013,N,55,0,6380.12,0,1,0,528.13,6419.71,1.97
M0013014,N,74,0,5268.31,0,0,0,3041.36,5329.79,1.82
M0013015,N,36,2,9985.9,1,1,0,3045.33,4961.56,0.0
M0013016,N,70,1,4654.78,0,0,1,1880.63,2139.15,0.0
M0013017,N,61,0,3272.27,0,0,0,519.74,2576.3,0.0
M0013018,N,46,2,34868.13,0,1,1,5642.44,23762.91,1.66
M0013019,N,40,2,32831.57,1,0,0,10083.43,20834.11,1.97
M0013020,N,34,0,5997.1,0,0,0,2992.99,6333.11,0.13
M0013021,N,24,2,14944.33,0,1,0,4884.55,8915.2,1.6
M0013022,N,27,1,21871.39,0,0,0,6957.05,19772.61,0.84
M0013023,N,47,1,13673.05,0,0,0,7445.59,6006.57,0.0
M0013024,N,42,1,14093.92,0,0,0,2886.0,15477.21,0.4
M0013025,N,39,0,26026.39,0,1,0,3433.62,39373.69,2.6
M0013026,N,54,2,7290.67,0,2,0,1920.41,8063.91,0.0
M0013027,N,61,4,16027.59,0,3,1,13038.74,14752.88,1.16
M0013028,N,37,0,15410.64,0,1,0,2164.75,18433.57,1.65
M0013029,N,30,2,22026.53,0,0,1,5158.93,21287.09,1.71
M0013030,N,68,2,7793.74,0,0,0,2223.32,7475.37,0.84
M0013031,N,76,1,3609.46,1,0,0,2435.8,3508.28,1.11
M0013032,N,53,0,14407.78,0,0,0,1861.98,14754.32,0.41
M0013033,N,49,0,21636.31,0,0,0,2643.91,29656.43,0.51
M0013034,N,22,1,7354.47,0,1,1,3928.54,5392.24,1.31
M0013035,N,29,1,5850.46,0,0,0,2368.62,4864.61,2.57
M0013036,N,53,3,47820.47,0,2,0,1640.48,42069.54,0.0
M0013037,N,27,1,49232.31,1,1,0,5253.08,57497.15,1.72
M0013038,N,58,1,19899.5,0,0,0,2796.78,15343.85,1.3
M0013039,N,51,2,5541.73,0,1,0,1634.08,5934.51,1.25
M0013040,N,21,0,8616.11,0,0,0,2806.1,5290.48,0.52
M0013041,N,20,0,8911.98,0,0,0,1459.21,7255.19,0.09
M0013042,N,74,2,8006.64,0,0,0,4143.38,5188.15,1.22
M0013043,N,40,1,21763.74,0,0,1,5930.37,11181.2,0.41
M0013044,N,28,0,4897.21,0,0,0,790.04,8064.26,0.28
M0013045,N,65,2,6095.15,0,0,0,1508.78,4461.59,0.2
M0013046,N,37,1,3987.22,0,0,0,1706.06,4492.29,0.79
M0013047,N,71,0,10804.54,0,2,0,2922.43,6849.89,2.15
M0013048,N,60,1,13065.98,0,0,0,5329.17,5565.86,1.26
M0013049,N,34,0,3598.46,0,0,0,461.42,2878.63,0.0
M0013050,N,48,1,18694.39,0,0,1,2282.79,16228.0,0.55
M0013051,N,56,0,9924.14,0,2,1,2207.1,8572.15,0.2
M0013052,N,71,3,14786.13,0,0,0,6864.64,18269.05,0.82
M0013053,N,76,2,6837.31,0,0,2,2114.73,3946.88,1.96
M0013054,N,44,0,1594.39,0,0,0,1303.04,1462.47,0.21
M0013055,N,39,1,9766.93,0,3,0,3992.16,9823.47,1.34
M0013056,N,21,1,4660.31,0,0,0,1435.97,4472.94,1.0
M0013057,N,50,1,13920.95,0,1,0,3621.34,12023.99,1.8
M0013058,N,56,3,10539.3,0,0,0,1314.23,9837.67,0.0
M0013059,N,75,0,9422.4,0,0,0,1639.87,6500.06,0.0
M0013060,N,22,1,8476.09,0,0,0,480.02,7035.9,0.38
M0013061,N,39,2,8819.2,0,0,0,6991.19,4917.43,2.48
M0013062,N,56,0,8776.91,0,2,0,4002.41,8279.85,1.55
M0013063,N,21,2,7430.18,0,0,0,3148.08,2678.39,2.0
M0013064,N,54,1,19190.08,0,1,0,2178.35,17818.51,1.89
M0013065,Y,61,3,131442.68,1,1,1,42221.5,130985.77,2.26
M0013066,N,24,3,14493.21,1,2,0,1386.37,16521.26,1.17
M0013067,N,67,1,2302.72,0,0,0,744.54,1774.67,0.0
M0013068,N,76,1,11469.54,0,1,0,5938.86,5125.58,1.57
M0013069,N,41,1,13176.78,1,0,0,2596.68,8039.59,0.16
M0013070,N,30,0,3426.45,0,2,0,1937.44,2103.67,0.52
M0013071,Y,37,4,434888.37,2,4,5,55530.42,333308.0,6.18
M0013072,N,64,0,9171.16,0,0,0,4435.75,8445.83,0.18
M0013073,N,56,2,8180.25,0,1,0,6063.62,7286.11,0.05
M0013074,N,50,1,25269.17,0,0,0,2823.72,19023.86,1.04
M0013075,N,78,2,20046.24,2,0,0,7684.81,21423.95,0.97
M0013076,N,77,0,20535.46,1,0,0,9881.4,6885.84,1.27
M0013077,N,46,0,11069.32,0,1,1,2074.54,7903.06,1.31
M0013078,N,29,0,2898.98,0,1,0,1483.71,2875.28,0.98
M0013079,N,20,1,13167.33,1,0,0,4800.01,6236.89,1.0
M0013080,N,36,2,37553.72,1,2,1,5305.85,32997.24,2.99
M0013081,N,34,0,8512.73,0,0,0,2856.89,6306.65,0.01
M0013082,N,25,0,61165.3,0,1,2,3093.63,50774.8,1.15
M0013083,N,20,1,21784.18,0,3,1,7258.99,10083.89,0.99
M0013084,N,76,3,9882.26,0,0,1,2996.2,7537.81,1.36
M0013085,N,50,2,14696.96,0,1,1,16203.02,4821.62,1.86
M0013086,N,43,1,15716.69,0,0,0,1117.45,19918.14,1.13
M0013087,N,36,2,7952.4,0,0,0,1795.67,8706.03,0.25
M0013088,N,70,1,8666.58,0,0,0,5537.25,5398.98,1.78
M0013089,N,53,0,3378.48,0,2,0,559.41,3074.76,1.38
M0013090,N,42,1,5739.08,0,1,0,1873.38,8053.79,2.15
M0013091,N,55,0,11720.58,0,1,0,3056.66,9108.79,2.14
M0013092,N,45,0,2011.55,0,2,0,1256.35,1515.97,0.0
M0013093,N,46,2,19938.61,0,1,0,3008.1,13175.09,2.2
M0013094,N,70,1,13855.12,0,0,1,5404.82,5672.86,2.58
M0013095,N,74,2,24033.45,1,1,0,2933.44,24910.16,0.72
M0013096,N,33,1,7312.32,1,1,0,1549.29,4902.55,0.96
M0013097,Y,63,3,281554.11,2,4,3,113215.85,221523.4,4.94
M0013098,N,40,1,9177.31,1,0,0,3492.56,6717.79,0.62
M0013099,N,54,1,20381.8,1,1,1,9479.98,11831.42,2.3
M0013100,N,21,3,9196.75,0,0,1,1403.63,10961.11,0.0
M0013101,N,77,1,10168.11,0,0,0,4537.52,9788.71,1.18
M0013102,N,32,0,40829.89,0,0,0,4989.54,30755.7,1.07
M0013103,N,80,2,15151.54,0,2,0,1088.98,14863.12,2.08
M0013104,N,64,3,9803.08,1,0,0,4954.29,9268.22,1.59
M0013105,N,25,1,11406.23,1,0,0,1759.69,16317.37,3.08
M0013106,N,68,2,4555.43,2,0,0,3069.88,4960.49,0.89
M0013107,N,22,2,15611.7,0,0,0,10673.74,7948.88,1.29
M0013108,N,43,1,22306.04,0,2,1,2946.18,16114.98,0.41
M0013109,N,72,1,33717.34,0,2,0,1906.37,40569.74,2.59
M0013110,N,75,2,8221.08,0,0,0,6474.61,7088.78,1.82
M0013111,N,68,0,10650.83,0,1,0,6000.34,5454.1,0.81
M0013112,N,62,0,6830.81,0,1,0,3138.94,4938.98,0.43
M0013113,N,47,1,21167.31,0,0,0,21568.31,8851.76,0.64
M0013114,N,32,0,15368.82,0,0,0,2455.72,11655.73,0.89
M0013115,N,70,2,14803.13,1,0,0,11763.66,4554.18,0.97
M0013116,Y,79,6,232721.48,1,8,1,54102.96,181605.86,3.32
M0013117,N,59,1,8295.32,0,0,2,3140.99,11406.12,1.49
M0013118,N,48,3,8517.76,0,1,0,5903.49,8107.86,0.71
M0013119,N,55,1,4393.26,0,0,0,2657.5,3090.69,0.25
M0013120,N,47,2,17897.03,0,0,0,10756.46,8244.02,1.2
M0013121,N,18,1,13430.05,1,0,2,5055.33,17596.67,4.14
M0013122,N,43,1,17067.89,0,0,0,3560.27,10245.66,1.93
M0013123,N,32,0,8823.83,0,0,0,4944.37,5679.57,0.44
M0013124,N,57,0,18438.37,0,1,0,5355.76,14397.27,0.95
M0013125,N,63,1,11708.54,0,0,0,5642.01,12578.4,0.1
M0013126,N,79,1,21835.31,0,1,0,2754.17,32959.15,2.6
M0013127,N,52,0,9488.93,0,0,0,2054.43,8933.92,1.86
M0013128,N,30,1,7001.28,0,0,0,723.35,4934.75,1.38
M0013129,N,73,0,6119.22,0,0,0,3378.63,3072.21,0.0
M0013130,Y,66,6,245007.08,2,5,3,140915.49,183079.33,3.92
M0013131,N,56,1,8235.56,0,1,0,2248.94,5663.47,1.16
M0013132,N,65,0,11833.7,0,1,0,2661.3,16892.35,0.69
M0013133,N,63,1,9417.66,0,1,0,3128.42,6303.66,0.09
M0013134,N,40,1,6974.87,0,0,1,4048.58,6447.91,2.49
M0013135,N,61,2,6421.59,0,1,1,1329.77,4512.93,0.95
M0013136,N,44,1,5147.14,0,1,0,1261.45,7493.03,1.56
M0013137,N,51,0,6822.44,0,0,0,1849.3,6135.64,0.94
M0013138,N,28,1,15046.25,0,0,0,7096.42,6251.31,1.93
M0013139,N,42,1,19815.25,0,0,0,1949.21,26152.32,0.0
M0013140,N,50,3,20189.48,0,1,1,8621.37,13131.39,1.88
M0013141,N,47,1,1875.45,1,0,0,1855.32,1413.59,1.36
M0013142,N,46,1,2717.37,0,1,0,2190.97,2010.85,0.98
M0013143,N,75,1,4612.66,0,1,1,1792.06,5420.81,1.33
M0013144,N,41,1,8404.48,0,0,1,1102.08,7047.6,0.55
M0013145,N,80,1,3750.8,0,0,0,926.22,4451.02,0.91
M0013146,N,62,2,23047.8,0,1,1,4406.72,22657.21,2.07
M0013147,N,24,0,11242.28,0,0,2,2497.8,6941.18,0.0
M0013148,N,71,0,6433.65,0,0,0,997.08,6004.69,1.15
M0013149,Y,63,6,106868.48,3,2,2,67775.11,82927.99,4.53
M0013150,N,55,1,14893.6,0,0,0,3323.51,11547.44,0.92
M0013151,N,46,1,9386.63,0,2,0,3916.83,10457.77,0.2
M0013152,Y,51,5,193576.46,2,3,4,46319.31,130144.86,5.0
M0013153,Y,63,3,242299.1,3,1,2,76147.43,152963.1,4.2
M0013154,N,48,0,6178.47,0,0,0,3323.67,7029.87,0.34
M0013155,Y,48,3,166749.06,2,1,1,71795.64,138489.73,3.82
M0013156,N,56,0,20518.7,1,0,0,7497.48,11415.46,1.67
M0013157,N,24,3,34746.83,1,3,0,9767.15,28052.71,2.35
M0013158,N,60,0,16111.26,0,1,1,8631.32,8671.16,0.59
M0013159,N,78,0,4222.33,0,1,0,2285.13,4396.84,2.51
M0013160,N,75,0,6721.46,0,0,1,3040.84,8634.98,2.49
M0013161,N,19,1,4348.14,0,1,0,2457.03,4256.19,0.79
M0013162,N,70,2,9886.18,2,1,1,1786.44,6625.92,1.77
M0013163,N,76,1,2724.98,0,0,0,1736.92,1445.85,0.0
M0013164,N,61,1,18028.42,1,1,0,6335.13,10492.12,2.41
M0013165,N,43,0,6329.96,1,0,0,3948.84,1823.24,1.67
M0013166,N,18,0,3789.99,0,0,1,491.68,3881.86,0.38
M0013167,N,35,1,14634.26,1,2,1,4164.68,10543.38,0.29
M0013168,N,42,0,3382.26,0,0,0,1895.22,1692.95,0.0
M0013169,N,77,0,6506.18,0,0,1,984.78,5227.57,2.73
M0013170,N,51,0,5784.4,2,0,0,1362.72,6860.54,0.94
M0013171,N,39,0,4446.7,0,1,0,645.99,6923.14,0.52
M0013172,N,46,0,12294.79,0,0,0,545.72,10581.17,1.13
M0013173,N,48,0,25279.43,0,0,0,2755.75,20619.22,0.0
M0013174,N,27,1,11438.59,0,1,0,1717.93,7416.14,0.99
M0013175,N,46,2,19674.27,0,0,0,3082.66,15357.67,1.39
M0013176,N,55,2,8108.84,0,1,0,1749.78,7675.96,2.05
M0013177,Y,75,5,354922.35,3,5,8,170313.71,236728.42,5.17
M0013178,N,73,1,9146.26,0,0,0,1804.63,5532.88,1.41
M0013179,N,38,0,29524.55,0,2,0,6082.16,19453.13,1.23
M0013180,N,22,2,7867.38,0,0,0,2494.69,4104.22,1.43
M0013181,N,42,1,27736.12,0,2,0,6163.96,19257.09,1.87
M0013182,N,59,0,3313.05,0,0,0,685.12,3297.24,2.16
M0013183,N,28,0,7381.9,0,0,0,2928.17,3781.31,0.55
M0013184,N,28,1,9983.48,0,0,0,5072.39,12628.47,0.52
M0013185,N,79,0,13459.58,2,0,1,9678.86,4732.82,0.9
M0013186,N,32,0,15415.06,0,0,1,2213.05,12514.92,1.5
M0013187,N,43,0,8120.48,0,0,0,3705.17,6735.63,1.56
M0013188,N,51,1,52673.93,0,1,0,2471.88,42423.29,1.38
M0013189,N,78,0,5045.13,1,1,0,1209.17,3807.25,0.9
M0013190,N,21,2,21217.46,0,2,0,5761.46,11292.07,0.29
M0013191,N,42,1,10721.1,0,1,0,2202.86,8638.92,0.79
M0013192,N,48,0,3830.58,0,0,0,1435.52,2700.72,0.31
M0013193,N,47,0,14983.38,0,1,0,585.4,15183.74,0.28
M0013194,N,19,2,6986.06,0,1,1,5024.37,4975.85,2.25
M0013195,N,30,1,18941.56,0,3,0,12580.04,3262.21,1.61
M0013196,N,73,1,20298.92,0,1,0,5143.98,14204.17,0.33
M0013197,Y,44,5,135322.08,3,2,2,78721.57,47543.2,4.05
M0013198,N,54,0,10662.03,0,1,0,4745.29,13733.22,0.53
M0013199,N,20,1,5097.13,0,0,1,904.84,5248.84,1.57
M0013200,Y,37,3,162361.44,1,5,7,115863.89,76101.14,3.94
M0013201,N,41,0,9158.83,1,1,0,2366.15,6660.59,0.0
M0013202,N,75,1,9586.41,1,0,0,3200.27,5465.26,1.86
M0013203,N,30,0,10222.39,1,1,0,1675.36,7886.74,0.0
M0013204,N,62,0,4011.39,0,1,0,1605.46,4956.13,0.92
M0013205,N,56,0,15594.53,0,1,0,2784.09,12321.77,1.86
M0013206,N,63,1,4558.05,0,1,0,1543.35,4701.54,1.15
M0013207,N,34,0,12806.7,0,0,1,5238.72,5411.71,1.28
M0013208,N,33,1,6325.77,0,1,0,1255.12,6172.57,0.59
M0013209,N,63,1,9466.3,0,0,0,4904.39,5485.82,0.0
M0013210,N,39,0,2836.92,0,0,0,1359.09,3209.28,0.34
M0013211,N,60,2,10138.23,0,0,1,5346.87,6754.88,0.0
M0013212,N,54,1,29030.05,1,4,2,14688.94,17186.67,1.16
M0013213,N,33,0,3093.12,0,0,0,777.28,3093.19,1.28
M0013214,N,68,0,16182.32,0,1,0,2358.92,12428.25,0.91
M0013215,N,62,1,37664.01,1,0,0,3580.81,30299.68,1.85
M0013216,N,77,1,7719.79,0,0,0,3004.61,9748.44,2.06
M0013217,N,66,1,15780.96,0,2,1,2485.93,17076.7,0.03
M0013218,N,79,0,26777.6,0,1,0,5191.71,16001.75,2.42
M0013219,N,64,0,11099.08,1,0,0,2336.47,7570.48,1.85
M0013220,N,22,0,7750.64,0,0,0,5343.18,8241.04,0.0
M0013221,N,42,1,30991.75,1,4,1,9975.55,17941.89,1.48
M0013222,N,38,3,5386.7,0,2,0,5257.67,3816.67,1.31
M0013223,N,73,2,12150.94,0,1,0,3166.62,10739.96,0.59
M0013224,N,66,2,31249.9,1,0,1,4525.22,21754.95,1.04
M0013225,N,39,0,17174.38,0,1,0,3884.71,12452.73,0.23
M0013226,N,21,3,5750.91,0,0,0,1196.59,7710.63,1.56
M0013227,N,69,1,22474.32,0,0,0,2601.34,17561.56,0.3
M0013228,N,25,2,38649.7,2,2,1,18446.63,33107.34,3.34
M0013229,N,27,0,8411.02,1,1,0,2237.37,5768.57,0.65
M0013230,N,38,0,18760.49,1,1,0,6782.35,10386.27,2.0
M0013231,N,54,0,7565.68,0,1,0,5042.65,8498.52,0.47
M0013232,N,40,1,10409.52,1,2,0,2973.62,12113.12,1.71
M0013233,N,35,2,6629.13,0,0,0,347.76,4927.57,0.3
M0013234,N,35,0,5753.0,0,0,0,1882.74,4234.41,0.07
M0013235,N,63,0,8565.79,1,0,2,1091.9,11386.95,0.6
M0013236,N,57,0,16135.06,0,1,0,7620.96,5241.71,0.02
M0013237,N,57,2,5358.84,1,0,1,3601.64,4386.6,0.54
M0013238,N,63,1,21561.86,0,1,0,4027.35,14813.53,1.74
M0013239,Y,74,7,311035.12,3,6,6,260667.55,128777.77,5.8
M0013240,N,39,0,17336.76,0,0,1,3837.25,13205.91,2.18
M0013241,N,73,0,6139.94,1,0,0,1187.47,5325.95,0.75
M0013242,N,55,0,3792.6,0,3,0,1866.33,2492.5,0.0
M0013243,N,40,1,8864.17,0,0,0,1750.1,7688.52,1.73
M0013244,N,59,0,4089.13,0,0,0,3483.69,1927.54,1.13
M0013245,N,39,0,15925.37,0,0,0,2504.02,19241.02,1.39
M0013246,N,42,2,31408.26,2,1,0,8913.24,20975.15,2.54
M0013247,N,58,0,15535.56,0,0,1,3835.65,11595.9,2.79
M0013248,N,62,0,8077.15,0,3,0,2263.47,5832.3,2.2
M0013249,N,69,0,10943.67,1,0,0,1921.19,7030.84,1.51
M0013250,N,18,0,10710.97,0,0,0,771.23,16823.3,1.23
M0013251,N,30,0,3937.54,0,0,0,1801.51,3451.54,0.6
M0013252,N,44,0,10784.34,0,1,0,1540.35,7145.49,0.34
M0013253,N,52,1,5145.83,0,0,1,4603.35,1652.68,0.96
M0013254,N,30,1,4987.88,0,0,0,4495.73,1107.77,0.61
M0013255,N,63,1,14750.17,1,1,1,5293.57,6241.96,2.2
M0013256,N,52,0,58212.88,0,2,0,26630.36,23962.12,0.0
M0013257,N,67,2,9585.57,0,0,0,865.02,12544.67,2.19
M0013258,N,37,0,3920.11,0,1,1,1424.57,5392.3,1.48
M0013259,N,52,2,20888.5,0,1,1,7203.3,12056.45,0.59
M0013260,N,65,0,3841.71,0,1,0,1190.06,1826.55,0.42
M0013261,N,19,1,5580.74,0,1,0,1465.96,4924.31,2.72
M0013262,N,37,2,4600.49,0,0,0,2221.06,4975.86,0.66
M0013263,N,63,0,6847.09,0,0,0,558.28,7207.57,1.06
M0013264,N,22,3,18847.27,0,2,0,4312.08,16591.09,1.79
M0013265,N,30,0,13324.76,0,0,0,1522.12,12083.12,0.84
M0013266,N,20,1,3689.93,0,1,0,1778.9,1651.14,1.42
M0013267,N,22,0,21100.19,0,1,0,4808.31,13875.37,1.47
M0013268,N,19,2,15567.53,0,0,0,3557.85,9302.14,1.13
M0013269,N,74,0,13426.11,0,0,0,5278.23,14786.99,0.9
M0013270,N,29,1,5200.95,1,1,0,5241.47,2127.76,1.65
M0013271,N,58,1,34926.06,1,0,2,6415.87,31585.17,0.6
M0013272,N,53,2,30527.73,0,3,1,6026.61,41608.76,2.23
M0013273,N,52,3,11891.61,0,0,0,1379.17,13121.6,0.0
M0013274,N,18,1,24910.74,0,0,1,13485.88,10475.26,2.97
M0013275,N,30,3,10992.5,0,2,0,7764.16,8766.57,1.75
M0013276,N,63,2,5823.08,0,0,2,1259.74,8472.9,1.57
M0013277,N,39,2,8247.86,0,0,1,4033.37,7363.77,2.83
M0013278,N,65,1,14517.63,0,2,0,1311.08,13728.73,0.46
M0013279,N,60,1,5653.54,0,0,0,2297.3,3321.07,0.42
M0013280,N,69,1,26577.69,0,0,1,2591.21,18328.04,0.26
M0013281,N,37,1,12248.36,0,2,0,3772.46,13388.23,1.14
M0013282,N,62,1,10586.08,0,1,0,4637.67,3934.98,0.75
M0013283,N,66,0,16166.01,1,2,0,12889.65,13905.7,2.36
M0013284,N,19,2,13751.28,0,2,0,5095.46,6095.55,0.41
M0013285,N,34,1,8871.63,0,1,0,5465.79,3945.11,0.12
M0013286,N,32,0,10525.37,0,1,0,3571.87,7182.52,0.33
M0013287,N,76,1,29157.68,0,1,0,8536.58,19444.41,1.45
M0013288,N,44,0,5862.85,0,2,0,283.24,4725.46,0.32
M0013289,Y,63,5,212874.93,2,3,2,201144.05,62371.14,4.69
M0013290,N,71,1,8427.42,0,0,0,2809.21,12125.63,2.0
M0013291,N,68,2,22252.61,0,1,0,1969.17,18955.49,2.2
M0013292,N,18,0,18054.59,1,2,0,6310.38,24281.72,1.8
M0013293,N,18,1,4236.02,0,0,0,286.56,6226.19,1.58
M0013294,N,24,0,5103.15,0,2,0,1276.36,3177.31,0.0
M0013295,N,78,0,7376.96,0,0,0,2823.1,6639.99,1.05
M0013296,N,33,3,9112.52,1,1,0,2749.25,5891.11,0.94
M0013297,N,59,2,3185.36,1,0,0,2241.11,2195.39,0.41
M0013298,N,19,2,13548.67,1,0,1,9536.48,12150.53,2.42
M0013299,N,56,3,6225.97,0,2,0,2267.75,5731.65,1.24
M0013300,N,45,0,9240.15,0,1,0,1821.63,6673.11,0.36
M0013301,N,30,0,13309.16,0,0,1,1276.8,10330.96,1.3
M0013302,N,59,0,3097.31,0,0,1,482.37,2150.25,0.13
M0013303,N,34,2,21427.65,0,0,1,4237.88,13937.48,2.8
M0013304,N,56,1,10670.8,0,0,0,3416.09,5222.47,2.59
M0013305,N,79,2,15242.5,0,1,0,3082.03,18249.44,0.85
M0013306,N,35,1,5857.92,1,0,1,1385.42,5130.75,1.26
M0013307,N,32,3,22023.82,2,1,0,3805.99,15837.12,0.54
M0013308,N,77,0,6234.69,1,1,1,1287.75,6630.97,0.75
M0013309,N,49,1,19809.67,0,0,1,8594.9,11458.38,2.8
M0013310,N,51,2,10108.39,2,1,0,3599.21,6967.79,0.21
M0013311,N,49,2,25984.49,0,1,0,2168.65,19188.09,1.57
M0013312,N,68,1,31816.91,1,0,0,4258.45,27844.05,1.44
M0013313,N,21,1,2717.39,1,1,0,588.19,3169.66,0.0
M0013314,N,78,1,6512.08,0,0,0,706.3,5286.68,0.76
M0013315,N,65,2,23055.87,0,0,0,5818.44,18465.94,0.7
M0013316,N,46,1,10194.72,0,1,0,1699.41,6297.41,1.06
M0013317,N,69,1,6260.8,1,0,0,4643.76,1742.37,1.42
M0013318,N,51,2,10858.63,0,0,0,751.1,9951.7,0.3
M0013319,N,62,0,7226.32,0,2,0,1839.0,4212.58,0.0
M0013320,N,76,1,21446.83,0,1,0,9823.59,11607.74,2.16
M0013321,N,35,1,13884.44,0,0,0,3972.81,14212.04,2.17
M0013322,N,70,0,3869.17,0,0,0,1525.91,5036.02,0.59
M0013323,N,43,2,13148.59,0,0,0,3897.65,9287.65,0.0
M0013324,N,44,0,11564.99,0,1,0,4440.87,8074.2,2.28
M0013325,N,47,0,4945.3,0,2,0,2196.22,1712.28,1.08
M0013326,N,67,2,7035.57,0,0,0,4225.26,5161.5,1.48
M0013327,N,21,2,9244.62,0,1,1,3851.05,10510.81,1.33
M0013328,N,58,2,11165.79,0,1,0,7091.43,7732.94,0.92
M0013329,N,47,0,29820.33,0,1,0,13278.58,10953.27,0.96
M0013330,N,24,0,4618.64,0,0,0,1233.11,4798.68,0.63
M0013331,N,58,2,11677.44,0,1,0,12539.92,6971.02,1.8
M0013332,N,60,2,38226.95,0,2,0,8680.29,30096.04,2.0
M0013333,N,73,2,10417.86,1,1,0,3806.98,10388.43,1.9
M0013334,N,24,0,20638.29,1,0,0,6637.79,11446.48,0.32
M0013335,N,22,0,11210.91,0,0,0,1686.56,10951.97,0.51
M0013336,N,19,0,10168.57,2,1,0,5040.5,6005.17,0.0
M0013337,N,74,4,30625.18,0,0,0,14887.96,15643.49,2.18
M0013338,N,53,0,10352.18,0,2,0,3670.83,5135.83,0.0
M0013339,N,39,0,5970.6,0,0,0,858.48,4079.13,1.31
M0013340,N,42,3,23824.69,0,0,0,3988.64,24228.75,2.11
M0013341,N,53,0,4256.48,1,0,0,1515.26,3954.57,0.59
M0013342,N,43,2,27327.77,0,0,1,4400.16,17086.56,1.57
M0013343,N,48,1,22606.75,0,1,0,3299.06,15986.05,0.65
M0013344,N,78,2,6474.03,0,0,0,995.27,7651.08,1.07
M0013345,N,45,0,5371.22,0,0,0,562.71,5997.09,1.65
M0013346,N,68,1,7182.38,0,0,0,2020.92,10985.98,1.35
M0013347,N,69,2,11011.87,0,0,0,3693.62,6772.02,2.39
M0013348,N,39,0,3197.79,0,0,0,2084.83,2232.47,0.82
M0013349,N,65,0,9690.74,1,0,0,1461.27,7631.37,0.71
M0013350,N,46,0,14946.99,0,3,0,3795.0,11422.4,1.36
M0013351,N,39,1,16980.86,1,0,0,2670.46,19378.36,1.03
M0013352,N,59,0,7379.82,0,2,0,4509.45,4330.36,0.64
M0013353,N,69,2,6847.31,0,1,0,3124.76,3303.11,0.99
M0013354,N,36,3,9895.44,0,1,0,3540.66,8047.52,1.26
M0013355,N,38,1,3929.04,0,1,0,566.46,3506.47,0.69
M0013356,N,35,1,2843.89,0,3,0,1753.53,1664.03,1.08
M0013357,N,71,0,12728.16,0,2,1,3569.08,7328.7,0.49
M0013358,N,37,2,20799.64,0,2,0,1498.29,21109.41,1.5
M0013359,N,33,1,11642.65,0,0,1,1836.53,19207.62,1.38
M0013360,N,35,2,14495.8,0,2,0,7358.89,16655.88,1.75
M0013361,N,34,0,16693.43,0,1,1,2738.72,17132.53,0.0
M0013362,N,74,0,7796.34,0,0,0,1593.95,6052.52,1.63
M0013363,N,56,1,6923.87,0,0,0,6148.69,5431.28,0.0
M0013364,N,66,2,16640.63,0,0,1,1796.17,14921.74,0.0
M0013365,N,57,0,8706.9,0,0,0,2459.74,4756.01,0.75
M0013366,N,30,1,7501.11,0,0,0,2545.61,6499.15,1.65
M0013367,N,26,2,9533.81,0,0,0,447.17,9171.73,0.0
M0013368,N,22,1,8908.22,0,0,0,2288.0,5524.4,0.91
M0013369,N,76,1,15988.88,0,1,0,6998.62,6496.44,1.63
M0013370,N,68,2,13533.82,0,0,1,2650.41,9120.96,1.76
M0013371,N,54,1,20454.38,0,0,0,24542.7,7403.77,0.41
M0013372,N,55,3,14117.09,0,1,0,3896.39,8037.48,0.36
M0013373,N,60,1,7169.38,0,0,0,324.56,7672.18,0.28
M0013374,N,19,0,15502.83,0,0,0,6224.09,19703.13,1.46
M0013375,N,55,1,18362.48,0,0,0,1777.54,18482.85,0.4
M0013376,N,68,1,17735.5,1,0,0,3876.24,11350.18,0.0
M0013377,N,67,3,21553.25,0,0,1,8265.2,10570.8,1.94
M0013378,N,32,0,6613.33,0,0,0,1814.72,5546.86,1.12
M0013379,N,18,0,8503.03,0,0,0,664.11,6194.59,1.46
M0013380,N,23,3,18157.11,0,0,0,3460.44,12336.09,1.76
M0013381,N,79,0,4100.65,0,2,0,4453.67,1974.06,1.73
M0013382,N,26,0,4443.72,0,0,1,2649.6,3021.0,1.07
M0013383,N,41,1,20051.06,0,0,0,6105.32,9970.56,0.07
M0013384,N,59,0,13705.15,0,0,0,7068.38,4479.19,0.52
M0013385,N,53,1,28111.02,0,1,0,2648.53,47713.25,0.53
M0013386,Y,47,3,430175.16,3,1,1,132554.17,256237.68,5.74
M0013387,N,75,1,5911.4,1,1,0,2151.97,2574.4,0.7
M0013388,N,33,0,6829.19,0,2,0,3177.11,8113.28,0.82
M0013389,N,68,0,8636.11,0,1,0,2329.89,7109.85,0.0
M0013390,N,50,1,17515.18,0,0,1,3136.17,11198.15,0.0
M0013391,N,27,2,6227.03,0,1,0,2729.0,8464.97,0.5
M0013392,N,41,1,7443.19,0,0,0,2584.24,3328.42,0.63
M0013393,N,20,0,4511.15,0,0,0,890.49,4321.49,0.0
M0013394,N,47,0,30418.75,1,1,0,2541.62,38781.22,1.41
M0013395,N,38,1,29103.5,0,0,0,17779.55,5191.34,1.75
M0013396,N,52,1,9243.28,0,1,0,4638.67,4653.68,0.9
M0013397,N,78,1,22170.9,0,2,1,2318.86,21426.84,2.21
M0013398,Y,48,2,247976.32,4,8,2,103487.24,171573.8,5.99
M0013399,N,27,2,7389.95,0,1,0,4118.4,1829.17,0.52
M0013400,N,71,3,13561.19,0,0,3,4375.25,6801.72,1.15
M0013401,N,73,0,2852.37,0,1,0,2144.04,1548.22,0.25
M0013402,N,73,2,11921.48,0,0,0,2269.59,11533.85,0.67
M0013403,N,53,1,18823.32,2,2,0,4082.57,11312.17,2.73
M0013404,N,67,0,12723.02,0,0,1,6270.21,6544.67,1.12
M0013405,N,35,3,20091.99,0,1,0,1753.19,29155.13,1.35
M0013406,N,45,0,10033.37,0,0,1,5690.25,9184.8,1.85
M0013407,N,48,0,9103.63,0,0,0,2245.95,6530.44,0.17
M0013408,N,78,1,6773.14,0,0,0,1862.47,9627.97,1.3
M0013409,N,66,2,42095.13,0,1,0,10714.12,26554.75,1.17
M0013410,N,63,1,3768.28,0,0,0,634.73,4053.53,0.0
M0013411,N,23,1,28098.02,0,0,0,1592.82,24592.47,1.52
M0013412,N,36,0,7815.49,0,2,0,1638.94,8696.52,0.0
M0013413,N,26,1,17987.76,0,2,0,4513.59,16335.61,2.16
M0013414,N,35,1,18628.84,0,0,0,4954.11,13945.66,0.0
M0013415,N,58,0,6156.5,0,0,1,1162.57,8301.65,0.0
M0013416,N,36,1,6415.4,0,2,0,1083.57,8724.71,0.02
M0013417,N,57,0,9428.51,1,1,0,6909.39,5742.37,0.0
M0013418,N,66,1,14381.23,1,2,0,3876.99,9391.02,0.97
M0013419,N,61,1,9468.42,1,1,0,1191.32,8748.75,1.01
M0013420,N,49,2,10786.05,0,0,1,7084.42,10515.58,1.29
M0013421,N,35,3,13877.45,2,1,0,3198.24,7660.87,1.85
M0013422,N,31,2,16956.74,0,0,0,5694.33,11604.75,0.32
M0013423,N,37,2,17338.83,0,1,1,4434.02,14254.84,0.68
M0013424,N,57,2,17682.82,0,1,1,2818.26,20844.06,0.26
M0013425,N,60,0,7065.86,1,0,0,1973.62,5861.54,0.0
M0013426,N,27,0,10213.46,0,1,0,2606.1,10976.93,1.68
M0013427,N,40,0,2871.07,0,1,0,496.01,2890.53,0.5
M0013428,N,23,1,17181.52,1,0,1,1956.8,17189.85,0.23
M0013429,N,26,2,14466.47,2,2,1,4060.33,8973.28,1.9
M0013430,N,72,0,29845.93,0,0,0,3900.59,23903.58,1.0
M0013431,N,68,1,6941.47,0,1,0,2272.84,7288.77,0.87
M0013432,N,79,2,7765.68,0,0,0,869.02,6319.57,0.54
M0013433,N,71,1,7359.48,0,0,1,4424.16,3233.62,0.45
M0013434,N,26,2,13963.52,0,1,1,974.95,16980.08,0.65
M0013435,N,35,3,11289.35,0,1,1,11168.81,7302.06,1.68
M0013436,N,76,2,3934.6,0,0,0,3031.36,2649.69,0.03
M0013437,N,23,1,23217.38,0,1,0,6137.38,12549.83,2.08
M0013438,N,24,0,4788.53,0,0,0,390.75,3467.63,0.91
M0013439,N,59,1,12932.64,1,0,0,7295.3,12239.67,0.91
M0013440,N,56,2,3668.37,0,2,0,1682.39,2679.33,0.06
M0013441,N,41,1,15438.59,0,2,0,1546.59,11973.15,0.99
M0013442,N,27,2,14743.52,0,3,2,6646.58,15894.84,2.32
M0013443,N,37,0,2930.16,1,0,0,665.47,3789.77,0.0
M0013444,N,73,0,7660.42,0,0,0,1532.03,9576.39,0.61
M0013445,N,18,1,15432.99,1,1,0,9786.66,8323.42,0.0
M0013446,N,68,0,7460.85,0,1,0,1019.55,8672.62,1.57
M0013447,N,26,0,6778.86,0,0,0,2984.86,5335.56,2.04
M0013448,N,34,0,4212.96,0,0,0,1481.19,4223.59,2.18
M0013449,N,48,1,11090.38,0,1,0,2384.56,16382.08,1.83
M0013450,N,64,2,19982.48,0,1,0,943.14,29988.2,0.0
M0013451,N,46,2,4002.29,0,0,0,1337.05,3302.6,0.0
M0013452,N,45,0,5498.86,0,0,0,685.38,6735.44,0.63
M0013453,N,37,0,4225.64,1,0,0,997.92,5196.94,1.58
M0013454,Y,81,6,331390.42,4,3,6,67083.05,276646.85,6.49
M0013455,N,18,0,15974.68,0,0,0,2962.73,17151.86,1.85
M0013456,N,57,0,5514.01,1,1,0,3607.84,2942.86,0.16
M0013457,N,40,0,3130.09,0,0,1,742.07,3391.21,0.0
M0013458,N,39,1,19588.31,0,2,0,2132.36,21633.09,1.18
M0013459,N,32,1,15269.31,0,0,0,2564.06,11450.3,0.0
M0013460,N,80,3,15357.88,0,0,0,1846.51,11561.04,2.07
M0013461,N,63,0,4522.01,1,1,1,877.72,4327.39,0.0
M0013462,N,77,0,13792.0,0,0,1,1987.21,13194.25,1.41
M0013463,N,46,5,38587.68,1,3,1,9418.16,25904.64,2.31
M0013464,N,58,0,8999.43,1,0,0,3616.05,4853.3,1.01
M0013465,N,67,1,9443.55,0,0,0,2518.87,5484.56,1.06
M0013466,N,63,1,5220.89,0,2,0,1752.06,4152.25,1.6
M0013467,N,40,1,7376.37,0,2,0,2077.15,9043.91,0.96
M0013468,N,76,1,5118.13,0,0,0,1786.47,6946.45,0.82
M0013469,N,72,1,15537.5,0,0,0,4069.63,13863.8,2.08
M0013470,N,48,2,7364.18,0,2,0,3395.88,6478.16,0.0
M0013471,N,27,1,9409.08,0,0,0,4601.4,5580.8,2.18
M0013472,N,77,2,9142.56,0,0,0,5288.91,3217.05,1.02
M0013473,N,67,3,33380.64,0,2,2,12918.74,19633.29,2.36
M0013474,N,80,1,6792.1,1,0,0,4432.02,7235.98,0.9
M0013475,N,63,2,14234.73,0,0,1,11361.99,8449.66,1.34
M0013476,N,21,0,7210.06,0,0,1,494.79,6111.44,0.19
M0013477,N,59,0,21984.1,0,0,0,3108.03,14092.27,2.03
M0013478,Y,43,4,203716.88,3,1,4,46854.11,130393.58,6.48
M0013479,N,45,2,12500.16,0,0,0,7658.08,12768.33,1.65
M0013480,N,69,1,7580.63,0,0,1,2220.24,3991.27,0.66
M0013481,N,56,0,15461.2,0,1,0,6526.19,7192.21,1.99
M0013482,N,71,1,3020.47,0,0,0,2390.54,2848.07,0.8
M0013483,N,78,3,7543.28,0,1,0,3767.5,5206.88,0.93
M0013484,N,33,1,6275.6,1,1,0,3247.26,6872.26,0.08
M0013485,N,18,2,3482.36,0,1,0,1720.75,3441.19,0.0
M0013486,N,66,1,5495.55,0,1,0,698.1,4843.33,0.0
M0013487,N,70,2,5662.04,0,0,0,1229.2,6001.18,1.33
M0013488,N,58,0,12073.89,1,1,0,8311.19,5787.13,0.61
M0013489,N,71,1,6371.66,0,0,0,979.36,4172.58,1.76
M0013490,N,25,1,7630.9,0,2,0,5802.93,2936.5,0.61
M0013491,N,20,0,9920.9,0,0,1,2180.92,9704.78,2.42
M0013492,N,39,1,4568.17,0,0,0,2521.64,4012.21,1.24
M0013493,N,58,1,4137.68,1,0,0,2001.93,4647.46,0.0
M0013494,N,22,1,4360.8,1,0,0,355.89,3726.04,0.72
M0013495,N,79,2,8635.61,0,0,0,1287.67,6004.31,0.83
M0013496,N,76,0,15906.26,1,0,0,2815.87,10528.2,0.3
M0013497,N,23,1,7538.51,1,0,0,1541.83,8736.57,0.5
M0013498,N,70,1,13595.66,0,2,0,2972.66,11463.52,0.66
M0013499,N,67,0,28150.09,0,0,0,2151.55,23815.08,0.88
M0013500,N,26,4,11317.84,1,1,0,5955.74,5020.87,1.38
M0013501,N,56,2,31673.21,0,2,1,5000.37,37542.09,0.16
M0013502,N,74,1,8916.73,0,1,1,948.44,8883.99,2.16
M0013503,N,38,0,8386.35,0,0,0,5551.26,5521.82,1.28
M0013504,N,36,1,13680.57,1,1,0,1218.31,10477.0,1.36
M0013505,N,27,2,5817.69,0,1,0,2326.97,5441.14,0.0
M0013506,N,57,0,6761.26,0,0,0,1671.55,7968.4,0.0
M0013507,N,33,2,21376.52,0,1,0,1996.37,15389.86,1.75
M0013508,N,59,2,11039.49,0,1,0,1808.31,9715.79,0.62
M0013509,N,48,0,3967.07,1,2,0,1739.14,2682.23,1.1
M0013510,N,62,0,4670.05,0,0,0,1169.02,5784.95,0.59
M0013511,N,34,0,3124.64,0,1,0,1251.08,3009.63,1.54
M0013512,N,75,0,16319.37,0,1,0,1145.09,12706.88,0.73
M0013513,N,48,2,3854.01,0,0,0,1418.84,4778.67,0.0
M0013514,Y,67,6,388838.34,2,6,4,204927.77,146365.85,6.77
M0013515,N,49,0,29627.61,0,0,0,2997.45,22500.86,1.27
M0013516,N,55,0,4372.04,0,2,0,2831.22,4398.36,2.04
M0013517,N,58,1,23958.66,0,2,0,4316.16,22061.33,3.96
M0013518,N,33,1,11438.23,0,1,0,8090.09,8957.68,2.17
M0013519,N,28,0,14418.27,1,1,0,6529.48,8052.05,1.88
M0013520,N,74,0,4740.37,0,0,0,2494.33,1686.89,0.18
M0013521,N,56,3,14601.09,1,1,1,5046.29,17781.08,2.65
M0013522,N,34,1,7589.66,0,1,0,3128.39,5385.27,2.53
M0013523,N,67,1,7701.37,0,0,0,1071.73,11774.48,1.03
M0013524,N,63,3,28752.99,0,0,0,8424.39,18706.95,0.64
M0013525,N,40,0,18743.12,0,1,0,775.89,16522.89,0.56
M0013526,N,28,2,33125.96,1,3,0,15404.27,10700.15,1.52
M0013527,Y,59,6,638454.37,3,4,5,287101.86,309807.88,5.31
M0013528,N,75,3,8587.65,0,2,0,2236.57,7236.9,0.58
M0013529,Y,68,3,159533.02,2,2,1,106575.77,82354.81,4.68
M0013530,N,50,0,3491.99,1,1,1,1581.54,2394.34,1.82
M0013531,N,44,0,13767.19,0,0,0,2335.0,9298.87,1.29
M0013532,N,30,0,23655.12,0,1,1,15400.56,8821.81,1.38
M0013533,N,29,0,5840.94,0,0,1,1316.76,5322.73,0.89
M0013534,N,52,0,12524.44,0,0,0,1557.86,11323.58,1.56
M0013535,N,63,2,7187.7,0,1,0,1469.5,9280.66,0.0
M0013536,N,19,2,11288.26,0,1,0,2085.13,8013.56,0.62
M0013537,N,47,0,10849.57,0,0,1,4163.58,6056.84,0.13
M0013538,N,66,1,3721.81,0,1,0,1842.75,4783.91,1.49
M0013539,N,62,1,13413.33,0,1,2,4862.83,15606.3,2.52
M0013540,N,28,0,17864.23,0,1,1,6841.4,8658.75,0.97
M0013541,Y,73,5,276179.7,5,6,2,117885.78,205219.96,5.37
M0013542,N,73,2,10206.25,0,0,0,6998.61,3407.48,0.76
M0013543,Y,50,9,286736.48,5,3,3,146027.72,118056.01,5.71
M0013544,N,20,2,9715.79,0,3,0,2445.77,13582.44,1.42
M0013545,N,20,3,5463.34,0,1,0,3603.28,5091.08,0.0
M0013546,N,18,2,11040.01,0,1,0,5121.76,5395.55,2.43
M0013547,N,54,2,4198.86,0,3,0,2899.34,3804.61,1.2
M0013548,N,47,3,14849.43,0,2,0,3863.91,7848.67,1.28
M0013549,N,64,2,11370.62,0,0,0,3152.38,10544.9,2.28
M0013550,N,56,3,8228.2,0,3,0,5891.68,4412.74,0.65
M0013551,N,69,0,7044.1,0,1,0,3265.99,2307.7,2.11
M0013552,N,31,2,3821.36,1,0,0,1347.88,2947.07,1.65
M0013553,N,28,2,19619.78,0,1,0,5109.66,17637.81,0.77
M0013554,N,55,1,8917.26,0,0,0,713.79,8122.4,0.0
M0013555,N,27,0,9501.3,0,2,0,2368.42,10319.37,2.31
M0013556,N,18,1,9930.93,0,0,0,2486.76,10359.19,1.53
M0013557,N,71,2,4169.22,0,1,0,3045.99,2005.53,0.77
M0013558,N,43,0,8240.13,0,0,0,2141.28,8914.28,0.83
M0013559,N,66,0,8567.81,1,2,0,950.42,9391.7,0.62
M0013560,N,66,0,4661.13,0,1,0,2977.7,5138.9,2.5
M0013561,N,52,1,4700.24,0,0,2,941.79,3569.81,0.03
M0013562,N,19,0,6664.97,0,2,1,1517.05,3827.56,1.0
M0013563,N,44,0,6760.11,1,1,0,1323.72,9589.91,0.27
M0013564,N,70,1,6246.93,0,1,0,2940.79,2044.08,1.47
M0013565,N,54,1,22232.84,0,0,1,3263.24,31097.12,1.22
M0013566,N,51,0,9269.71,0,2,0,2006.06,7406.67,0.83
M0013567,N,63,2,6292.01,1,2,0,1193.0,6095.1,1.89
M0013568,N,41,2,3146.86,0,0,0,1183.41,1537.08,0.0
M0013569,N,41,0,8146.82,0,0,0,1126.66,10361.24,0.0
M0013570,N,28,2,16012.9,1,1,2,7491.68,12374.89,2.11
M0013571,Y,75,3,170609.43,3,1,2,55753.56,131371.92,2.0
M0013572,N,57,1,25897.67,0,0,1,6733.44,21362.45,0.93
M0013573,N,64,1,5330.61,0,0,0,2662.16,4544.36,0.85
M0013574,N,69,0,25641.24,0,0,0,5680.34,21910.89,1.63
M0013575,N,23,0,25525.06,1,2,1,33246.2,11461.86,2.84
M0013576,N,26,1,12255.4,0,0,0,5894.84,4033.01,0.93
M0013577,N,52,0,8716.44,0,0,2,1766.78,7874.92,2.4
M0013578,N,70,2,9940.47,0,1,1,11570.47,6375.35,1.42
M0013579,N,67,2,5195.89,1,0,0,3643.83,2877.09,0.67
M0013580,N,72,1,26123.15,1,0,0,17550.62,3542.62,1.14
M0013581,N,44,0,24076.88,0,2,0,12246.41,13463.69,2.07
M0013582,N,44,0,9311.38,0,0,0,4644.49,10045.41,1.58
M0013583,N,21,0,21652.31,1,0,2,3089.38,33730.89,0.92
M0013584,N,51,2,23942.79,1,1,0,6265.48,14647.91,3.28
M0013585,N,53,1,14601.34,0,1,0,5958.85,8252.92,1.05
M0013586,N,46,0,22203.85,0,0,2,1375.77,25113.82,0.11
M0013587,N,65,2,3854.2,0,0,0,758.63,3020.01,0.57
M0013588,N,23,0,27453.14,0,1,0,9701.81,21363.57,0.59
M0013589,N,35,3,48415.99,1,2,0,3524.65,43168.31,1.67
M0013590,N,29,0,5181.46,0,1,0,608.75,4251.24,0.0
M0013591,Y,45,5,164909.41,2,3,1,103718.62,128480.78,3.52
M0013592,N,28,0,4672.17,0,0,0,452.78,3421.16,1.87
M0013593,N,20,1,12291.12,1,2,0,5781.72,16560.2,0.85
M0013594,N,29,2,6104.69,0,1,0,2808.48,8284.61,0.87
M0013595,N,71,2,13237.73,0,0,0,1600.96,10153.7,1.99
M0013596,N,77,3,7949.18,1,1,0,4318.11,7571.04,1.82
M0013597,N,30,1,5933.29,0,0,0,1290.27,3699.01,0.31
M0013598,N,76,3,16199.66,0,0,0,5586.06,12223.3,2.2
M0013599,N,22,1,9561.25,0,1,0,2291.07,7993.32,0.95
M0013600,N,42,1,7459.13,0,0,0,2153.63,3692.53,0.8
M0013601,N,61,2,10280.42,0,0,0,4213.52,4767.29,0.76
M0013602,N,59,1,7488.8,0,0,3,2558.42,7167.97,0.76
M0013603,N,63,1,8409.98,0,0,0,1851.22,6439.25,1.72
M0013604,N,61,0,11373.21,2,1,0,1676.33,12599.43,2.75
M0013605,N,70,0,2610.7,0,0,0,1007.89,3664.87,0.37
M0013606,N,69,0,4363.82,0,1,0,1251.76,3623.89,0.0
M0013607,N,56,2,26591.5,0,1,0,5537.37,15322.11,2.19
M0013608,N,20,1,14090.93,1,1,0,10312.3,15283.41,2.2
M0013609,N,52,0,4796.8,0,1,0,3750.9,4378.53,0.79
M0013610,N,34,0,21229.21,0,0,1,3162.12,13742.39,1.51
M0013611,N,33,2,5291.87,1,0,0,881.98,4550.8,1.37
M0013612,N,26,1,8866.62,1,0,1,4140.25,4423.02,0.0
M0013613,N,77,1,4813.44,0,0,0,1997.28,5629.15,0.0
M0013614,N,75,1,7936.65,0,1,2,1354.36,5229.38,0.0
M0013615,N,76,2,27400.66,0,1,1,14781.8,11473.71,1.61
M0013616,N,28,0,3359.25,0,1,0,1088.3,3200.56,0.98
M0013617,N,22,0,5273.21,0,0,0,4854.73,4078.02,1.71
M0013618,N,48,1,8096.38,0,2,0,5257.3,8092.42,1.01
M0013619,N,28,1,12919.86,0,0,0,1799.02,10019.83,1.81
M0013620,N,34,0,8391.94,0,2,0,1042.21,6556.35,1.52
M0013621,N,51,1,6329.75,0,0,0,1064.81,9300.95,0.71
M0013622,N,50,1,5937.95,0,0,0,1606.63,8081.23,0.46
M0013623,N,62,0,5555.82,0,1,0,2280.09,3060.97,0.62
M0013624,N,32,0,2907.14,0,1,0,1431.95,3235.93,1.1
M0013625,Y,53,6,283472.54,2,1,7,55042.79,207235.96,4.19
M0013626,Y,53,5,214867.49,1,1,2,20078.54,178630.57,6.7
M0013627,N,49,0,24353.13,0,0,0,1705.19,41411.25,0.98
M0013628,N,52,1,5919.27,0,0,0,1611.12,8582.74,1.23
M0013629,N,52,2,4941.02,0,1,1,1074.3,3601.08,0.0
M0013630,N,24,1,15938.24,0,0,0,3359.09,15893.55,0.62
M0013631,N,20,1,6203.9,0,0,0,3150.62,3481.94,1.15
M0013632,N,34,2,17980.53,0,0,0,1300.19,16263.11,0.37
M0013633,N,26,1,13121.54,0,1,0,8719.87,5370.69,1.77
M0013634,N,46,3,48414.91,0,2,0,26875.06,17991.0,2.88
M0013635,N,63,0,7506.17,1,2,1,5154.4,5926.54,1.68
M0013636,N,42,1,6096.22,0,0,0,2357.14,3916.47,1.78
M0013637,N,77,0,17495.86,0,3,1,3360.36,11809.84,1.17
M0013638,N,43,3,5113.56,0,2,0,1520.51,3508.76,2.37
M0013639,N,61,3,18039.71,0,1,0,4333.72,15968.19,1.11
M0013640,N,52,1,13326.49,0,0,0,1705.02,9164.36,1.82
M0013641,N,22,1,36054.32,0,1,1,8081.67,20424.07,2.8
M0013642,N,62,0,9687.74,0,1,0,1449.19,6973.98,0.0
M0013643,N,38,1,10761.89,0,0,0,1233.82,13408.54,0.84
M0013644,N,29,0,26035.14,0,0,1,6102.96,22616.64,0.9
M0013645,Y,53,4,168910.68,2,4,4,75146.05,73736.14,4.99
M0013646,N,56,2,9211.1,0,0,1,1085.31,8116.14,0.23
M0013647,N,32,1,20701.25,0,0,0,2206.62,26634.41,2.8
M0013648,N,78,0,8761.04,1,1,0,2108.6,9361.15,0.03
M0013649,N,26,4,24197.58,0,2,0,8856.93,14713.56,1.26
M0013650,N,72,0,8374.93,0,0,0,2363.98,5616.55,0.88
M0013651,N,38,0,11459.48,0,2,0,2590.6,7607.95,3.27
M0013652,N,70,0,24769.71,0,0,0,10365.11,10103.33,1.43
M0013653,N,25,1,9939.6,0,2,0,597.72,16548.77,1.32
M0013654,N,72,0,23667.03,0,1,2,10967.95,9070.65,0.79
M0013655,N,73,0,5448.21,0,1,0,1294.97,4852.94,0.7
M0013656,N,68,0,7885.65,1,0,0,1609.33,5360.93,0.08
M0013657,N,65,1,50790.09,1,2,1,36688.46,4784.94,1.69
M0013658,N,80,2,13490.58,0,0,0,11855.36,3400.05,0.45
M0013659,N,40,2,15136.81,0,3,1,8458.96,14213.79,2.03
M0013660,N,23,4,35778.78,1,1,0,3092.9,25432.1,0.59
M0013661,N,53,0,12219.19,0,0,1,1447.64,8229.41,0.08
M0013662,N,62,0,17419.86,0,1,0,3792.2,11942.03,0.31
M0013663,N,24,2,7339.45,0,0,0,1602.52,10127.06,0.09
M0013664,N,80,1,5561.79,0,1,1,530.19,4153.11,0.49
M0013665,N,57,2,6836.52,0,0,0,3055.92,3356.36,1.26
M0013666,N,79,2,14854.25,0,0,0,5479.26,9912.64,1.87
M0013667,N,26,2,3860.12,0,1,0,1755.21,3970.81,0.67
M0013668,N,57,1,4446.48,0,0,0,725.66,6782.42,0.0
M0013669,N,48,0,4859.05,1,1,0,1225.44,3052.43,2.35
M0013670,N,40,0,4055.22,0,2,1,2420.03,3216.72,2.36
M0013671,N,73,1,23454.22,1,2,0,7013.86,13161.21,0.75
M0013672,N,42,0,10662.41,0,1,0,5066.15,6254.05,0.21
M0013673,N,70,1,9952.69,0,1,1,2237.91,15367.29,0.1
M0013674,N,41,1,25569.33,1,1,2,4877.05,20404.72,0.95
M0013675,N,28,1,7204.64,0,0,0,1929.73,4169.17,1.11
M0013676,N,37,3,13864.31,0,0,0,1609.28,14567.01,0.96
M0013677,N,80,0,4771.75,0,0,1,3294.17,1882.9,0.22
M0013678,N,79,1,4208.96,0,3,0,2381.14,3628.85,0.78
M0013679,N,43,1,6164.77,0,2,0,1589.34,4114.31,0.0
M0013680,N,35,0,8266.4,0,0,0,788.17,5714.84,0.71
M0013681,N,45,1,14217.75,0,1,0,14961.56,6974.61,2.14
M0013682,N,46,2,14176.51,0,0,0,7692.03,4103.52,1.45
M0013683,N,35,0,7582.17,0,0,1,2242.55,5650.91,0.0
M0013684,N,45,1,10536.17,0,0,0,8242.66,10294.65,1.89
M0013685,N,26,1,13314.23,0,0,0,839.05,10300.06,0.66
M0013686,N,44,0,5420.55,0,1,1,3079.96,6704.64,1.28
M0013687,N,67,2,11685.77,1,1,0,2397.52,7478.29,0.0
M0013688,N,49,1,16863.39,0,0,0,2547.31,13659.79,0.59
M0013689,N,42,1,16036.94,0,2,0,1115.42,18284.36,0.66
M0013690,N,55,0,5780.4,0,0,0,1778.47,8627.55,0.55
M0013691,N,35,0,2479.18,0,1,0,715.09,1841.69,0.0
M0013692,N,18,1,3498.62,0,0,0,1046.72,4748.68,0.28
M0013693,N,46,2,13001.69,0,0,0,6327.25,9056.07,0.76
M0013694,N,30,0,4558.45,1,0,0,2377.91,5864.77,0.67
M0013695,N,80,0,15249.91,0,0,0,6428.85,11644.22,0.19
M0013696,N,74,1,5222.54,0,0,0,890.48,5168.82,0.85
M0013697,N,18,1,15363.63,0,2,0,2641.63,9514.03,0.0
M0013698,N,45,0,21331.35,0,2,0,7054.69,14283.86,2.01
M0013699,N,36,1,8506.59,0,0,0,1602.04,5237.27,0.87
M0013700,N,62,2,12564.05,0,1,0,4060.41,18674.69,1.82
M0013701,N,59,1,9933.86,1,0,1,2194.89,6610.62,0.79
M0013702,N,58,0,13464.55,1,1,1,5670.95,15069.43,1.56
M0013703,N,52,3,45346.38,0,2,2,13497.26,26815.32,2.01
M0013704,N,32,2,9966.56,0,0,1,2369.34,7017.64,2.3
M0013705,N,76,3,21554.13,1,1,1,7101.89,16944.54,2.57
M0013706,N,79,0,8263.11,0,0,0,1129.26,10226.1,1.15
M0013707,N,68,0,13461.8,0,0,0,3603.13,8213.82,1.49
M0013708,N,80,3,15386.63,0,3,1,9647.48,17084.08,1.71
M0013709,N,69,0,22453.37,0,0,0,2291.19,15692.35,0.06
M0013710,N,53,2,6916.77,2,0,0,704.51,5165.74,0.09
M0013711,N,22,0,3889.38,0,0,0,811.75,2865.53,0.0
M0013712,N,54,2,13315.09,0,1,1,3950.54,18626.17,2.14
M0013713,N,26,4,7921.46,0,2,1,4109.97,3871.36,3.45
M0013714,N,74,1,32403.25,1,3,1,11998.36,27060.91,0.68
M0013715,N,32,0,8766.33,0,0,0,4664.98,6222.96,1.83
M0013716,N,79,0,21867.63,0,0,0,5413.68,15317.31,0.6
M0013717,N,29,1,13799.74,0,0,1,2460.42,13214.17,0.09
M0013718,N,38,2,19889.1,0,1,0,2246.89,25445.4,1.38
M0013719,Y,39,6,113553.76,2,3,4,64610.12,95536.96,4.26
M0013720,N,58,3,12065.22,0,0,0,1255.07,8529.01,0.48
M0013721,N,71,2,41013.74,1,0,0,5850.31,37624.75,1.64
M0013722,Y,51,4,221444.86,2,4,3,55348.72,151516.4,6.01
M0013723,N,31,0,6731.23,0,1,0,955.78,8997.61,0.0
M0013724,N,55,1,4116.47,0,1,1,1286.88,6085.24,2.39
M0013725,N,18,0,3594.12,0,0,0,1125.45,1722.28,0.0
M0013726,N,27,0,17622.55,0,0,0,7586.15,12487.6,1.87
M0013727,N,67,1,5607.34,0,2,0,3155.9,4054.71,0.28
M0013728,N,52,2,12105.99,1,2,0,3440.39,10867.54,1.86
M0013729,N,77,2,13440.99,0,0,0,6644.36,5686.33,0.99
M0013730,N,23,1,6128.53,0,1,1,1948.49,3747.62,1.37
M0013731,N,28,2,23638.23,0,0,1,7386.0,17787.29,2.83
M0013732,N,42,0,6887.23,1,0,0,2628.06,5719.55,1.09
M0013733,N,50,1,6686.68,0,0,0,1709.28,3517.04,1.46
M0013734,N,71,3,6544.57,0,1,0,940.63,8851.16,1.91
M0013735,N,41,1,1039.09,0,0,0,633.26,1203.94,0.05
M0013736,N,61,0,8749.08,0,1,0,2258.25,5346.39,1.73
M0013737,N,41,1,15674.03,2,1,1,2954.34,12978.59,2.07
M0013738,N,74,1,5570.19,0,0,0,1057.15,4933.2,0.03
M0013739,N,56,0,7550.36,0,0,0,1084.02,8146.65,1.45
M0013740,N,79,2,8840.99,2,0,0,4586.21,5856.4,1.89
M0013741,N,31,3,28953.96,0,1,0,3791.14,20162.35,1.57
M0013742,N,36,0,10296.92,0,1,0,1756.82,9392.62,0.0
M0013743,N,59,2,14571.14,0,3,0,1654.04,19448.78,1.26
M0013744,N,66,1,23599.64,0,1,0,7351.65,11209.27,1.1
M0013745,N,55,2,10930.55,0,1,0,3633.67,7180.8,1.92
M0013746,N,52,2,11999.94,1,2,0,5323.34,8552.06,2.02
M0013747,N,65,1,17026.79,0,1,0,2144.76,11867.5,1.91
M0013748,N,55,1,21211.98,1,1,0,2253.99,19192.65,1.94
M0013749,N,67,2,10918.21,0,0,0,3725.13,4983.29,0.0
M0013750,N,58,0,8947.53,0,0,0,8174.68,7365.67,0.75
M0013751,N,20,2,14005.76,2,1,0,3323.76,17213.59,1.68
M0013752,N,34,0,20490.64,2,0,1,8246.07,10367.07,1.98
M0013753,N,51,1,4554.62,0,2,0,794.23,3118.24,0.57
M0013754,N,45,0,11378.8,1,2,0,1497.32,9131.39,0.74
M0013755,N,65,0,23231.85,1,0,0,2516.44,19511.7,1.5
M0013756,N,65,1,24661.3,0,1,0,800.21,26258.72,0.56
M0013757,N,25,0,11869.15,0,0,0,2840.02,10617.15,0.29
M0013758,N,55,0,9259.7,1,0,0,2188.42,8065.4,1.11
M0013759,N,57,0,31971.75,0,0,0,3114.97,24743.26,0.2
M0013760,N,75,0,6447.81,0,0,0,1031.86,5919.77,0.9
M0013761,N,58,1,14333.67,0,1,1,3198.75,8495.22,1.79
M0013762,N,18,2,13401.82,2,0,0,5108.8,12485.71,0.72
M0013763,N,72,1,23708.49,0,0,0,11728.1,12756.59,1.39
M0013764,N,57,0,7349.76,0,1,1,2033.6,9279.92,1.37
M0013765,N,77,1,3692.0,0,1,0,1664.15,2406.2,0.6
M0013766,N,72,2,18680.4,0,2,0,3593.41,23860.42,1.38
M0013767,N,40,1,3813.13,0,0,0,1657.56,3584.24,0.0
M0013768,N,70,1,7470.99,0,0,1,3154.47,5725.06,0.0
M0013769,N,42,2,8358.09,0,1,0,3434.42,8669.4,0.47
M0013770,N,68,1,1552.31,0,0,1,782.42,1605.32,0.23
M0013771,N,79,1,13340.07,0,0,0,1355.46,13108.97,0.93
M0013772,N,19,2,8605.01,0,0,1,3601.76,5470.53,0.86
M0013773,N,32,0,33298.27,1,1,0,10933.84,21374.37,1.47
M0013774,N,47,0,22303.91,1,1,0,3014.31,25907.56,1.84
M0013775,N,70,0,31335.38,1,0,0,4491.77,21761.48,0.77
M0013776,Y,60,3,211450.95,5,1,3,25680.37,164258.51,4.2
M0013777,N,68,2,11250.74,0,1,0,2804.7,6092.98,0.0
M0013778,N,57,0,11234.42,1,1,0,3511.33,8473.25,0.93
M0013779,N,73,2,30595.68,0,0,0,2707.45,21246.29,1.33
M0013780,N,62,0,1866.05,0,0,0,714.92,2483.35,0.58
M0013781,N,80,1,12310.4,0,0,0,2564.24,7758.34,0.09
M0013782,N,53,0,12595.03,0,2,0,3268.44,8109.56,0.93
M0013783,N,69,3,11434.03,0,1,0,1885.04,8808.12,1.53
M0013784,N,53,1,24919.82,0,1,0,1180.63,24291.92,0.98
M0013785,N,77,1,13400.18,0,0,2,2197.64,18836.63,0.78
M0013786,N,28,0,5703.43,1,0,0,1740.54,4723.82,0.05
M0013787,N,44,0,12737.45,0,0,0,2079.06,12353.34,0.44
M0013788,N,42,2,12291.08,0,0,1,1103.62,13545.93,0.08
M0013789,N,53,1,25063.39,0,2,0,2582.15,21506.77,1.14
M0013790,N,63,1,7375.56,0,0,0,2973.74,3389.73,0.0
M0013791,N,70,1,13240.12,0,0,0,2039.56,9493.51,2.38
M0013792,N,20,1,26272.21,0,1,1,7641.12,24559.83,2.19
M0013793,N,49,2,3231.7,1,2,0,1654.37,2719.91,0.55
M0013794,N,40,0,2266.97,0,0,0,1174.6,2385.07,0.06
M0013795,N,61,0,1463.99,0,0,0,530.56,671.46,0.5
M0013796,N,68,1,5105.29,1,0,1,2225.36,5524.18,0.15
M0013797,N,19,1,23408.53,1,1,1,5441.84,16239.49,1.37
M0013798,N,65,2,13978.7,0,1,0,1818.33,9954.22,0.33
M0013799,N,78,2,28432.01,0,1,0,5544.44,19091.03,0.97
M0013800,N,30,1,9822.94,0,0,1,6155.21,6122.44,0.71
M0013801,N,41,0,8950.79,0,0,0,8643.27,5566.68,2.24
M0013802,N,32,1,12036.28,0,1,0,3339.92,7000.03,0.59
M0013803,N,77,2,12282.46,0,0,0,3967.23,7270.53,1.32
M0013804,N,66,2,22548.85,1,1,1,9416.13,17599.18,1.59
M0013805,N,61,0,7892.44,0,0,0,1712.68,4626.14,1.2
M0013806,N,41,0,11780.25,0,0,1,1497.78,9132.36,0.0
M0013807,N,35,1,26753.32,1,1,0,7349.04,17561.99,0.77
M0013808,N,30,0,6660.74,1,2,0,2198.72,8415.54,0.77
M0013809,N,25,1,17640.82,1,1,0,1782.22,18743.91,0.0
M0013810,N,41,1,7011.15,0,2,0,909.29,6518.9,1.51
M0013811,N,30,2,15778.17,0,0,0,3869.54,10904.3,0.67
M0013812,N,71,0,11100.93,0,0,1,3259.11,8017.67,1.47
M0013813,N,56,2,9768.7,0,0,0,1325.26,8367.74,1.27
M0013814,N,41,0,3614.84,0,1,0,1447.72,1500.12,1.64
M0013815,N,67,2,10756.32,0,2,0,2749.49,7680.26,0.58
M0013816,N,37,2,13627.61,0,2,1,1310.34,11934.87,2.0
M0013817,N,25,0,6180.02,0,2,0,1335.57,5135.99,1.4
M0013818,N,38,0,7476.22,0,0,0,2745.77,6318.72,1.32
M0013819,N,38,2,9698.38,0,0,2,1242.93,9229.78,0.81
M0013820,N,19,4,4980.96,1,2,1,2608.16,4057.32,0.95
M0013821,N,71,3,7640.83,0,0,1,3783.46,8674.98,0.34
M0013822,N,37,0,6226.62,0,0,0,4376.43,2908.01,0.2
M0013823,N,53,0,10298.98,0,0,0,5113.48,6785.3,0.56
M0013824,N,71,2,17453.74,0,2,0,3258.6,14621.09,3.06
M0013825,N,28,0,7084.36,0,0,0,1643.04,4129.12,1.47
M0013826,N,73,2,18146.2,1,2,0,4453.91,17076.69,3.31
M0013827,N,50,2,19002.54,0,1,0,9807.17,8179.85,1.53
M0013828,N,75,1,15145.49,0,1,0,1679.84,14659.88,0.86
M0013829,N,43,1,5244.09,0,0,0,329.43,3991.12,0.0
M0013830,N,60,0,3666.49,0,1,1,1872.59,4382.17,0.96
M0013831,N,65,3,4849.59,0,0,0,3671.92,2862.71,1.63
M0013832,N,47,0,4025.67,0,1,1,2343.61,3471.52,0.78
M0013833,N,58,1,8269.5,0,0,0,1371.08,13373.37,1.3
M0013834,N,24,1,18352.82,0,0,0,1195.01,15454.17,1.58
M0013835,N,34,0,3372.6,0,0,1,1669.35,1277.12,0.0
M0013836,N,77,2,4906.92,1,1,0,1971.99,3390.13,1.59
M0013837,N,22,0,4040.12,1,1,0,890.49,2483.72,0.29
M0013838,N,57,2,6866.6,0,0,0,3173.31,2802.87,0.05
M0013839,N,45,0,9000.72,0,2,0,3813.73,3611.58,0.0
M0013840,N,21,1,15221.14,1,0,0,4548.98,14911.7,0.6
M0013841,N,51,0,7044.02,0,0,2,2860.87,8340.41,0.94
M0013842,N,25,2,10742.68,0,2,0,5566.23,7724.57,1.01
M0013843,N,54,0,4811.63,0,0,0,1003.57,4199.03,0.36
M0013844,N,44,2,9181.99,3,1,0,9033.83,4827.86,0.97
M0013845,N,59,0,15843.63,2,1,0,4855.99,8754.35,0.0
M0013846,N,57,2,1876.89,0,2,0,1171.4,1130.43,0.85
M0013847,N,25,1,6574.71,0,2,0,830.88,5313.88,0.58
M0013848,N,32,2,2847.68,0,1,0,1334.45,3715.14,0.0
M0013849,N,79,0,5730.96,0,0,0,4237.19,5707.39,0.59
M0013850,N,55,2,10687.53,0,0,0,9328.14,7207.93,3.09
M0013851,N,79,1,8247.62,0,0,1,6549.57,7992.31,2.07
M0013852,N,32,2,16506.22,0,2,0,2002.57,11495.01,0.9
M0013853,N,28,2,10163.72,1,2,1,2560.96,12508.04,1.59
M0013854,N,76,0,7778.09,0,0,1,2008.15,7023.27,0.93
M0013855,N,78,0,5881.12,0,1,0,1214.68,6233.79,0.76
M0013856,N,31,0,8105.6,0,2,0,1211.63,10175.81,0.8
M0013857,N,70,1,19685.72,1,1,0,5377.88,12237.54,1.25
M0013858,N,76,1,6521.14,0,0,0,3478.49,4408.82,0.06
M0013859,N,46,1,14852.61,0,0,0,5070.25,18017.06,1.04
M0013860,N,70,0,4127.25,0,0,0,930.43,5379.53,0.34
M0013861,N,49,0,5550.31,0,0,0,6219.95,3265.15,1.18
M0013862,N,37,1,3627.58,1,0,0,1719.71,4375.68,0.6
M0013863,N,26,0,21987.39,1,0,1,1309.32,19619.88,0.77
M0013864,N,22,1,2669.21,0,2,1,954.82,2390.9,0.0
M0013865,N,19,1,22848.09,0,0,0,1456.81,19384.4,2.17
M0013866,N,75,2,9294.25,0,0,0,1238.46,10862.23,0.81
M0013867,N,62,1,4203.6,1,2,0,2544.9,2804.69,2.32
M0013868,N,75,0,16083.19,0,2,0,3125.96,13825.72,0.0
M0013869,N,47,1,5167.36,0,1,0,1698.65,3414.85,0.09
M0013870,N,55,2,7968.49,0,2,0,2209.17,8972.26,0.02
M0013871,N,35,0,4969.81,2,0,0,1200.18,5304.72,1.13
M0013872,N,55,1,12200.67,0,1,0,8074.3,10012.6,1.27
M0013873,N,21,3,8424.8,0,0,0,7459.59,4278.84,2.36
M0013874,N,28,0,5109.68,0,1,0,661.5,4595.61,0.46
M0013875,N,69,1,9189.8,0,0,0,2571.72,4715.29,0.0
M0013876,N,20,2,9613.51,0,0,0,3085.25,4553.54,0.84
M0013877,N,77,0,22127.44,0,2,0,2864.29,16483.16,0.61
M0013878,N,66,3,17569.57,2,2,0,3746.74,14152.72,0.85
M0013879,N,70,2,15148.69,0,1,0,3761.89,8150.98,0.82
M0013880,N,64,2,21662.29,0,0,0,11088.02,11826.98,0.95
M0013881,N,35,2,32976.87,0,2,0,2575.13,40265.43,1.12
M0013882,N,40,1,8056.63,0,0,0,1838.3,7921.31,1.26
M0013883,N,50,1,13406.95,1,0,0,972.98,9998.52,1.04
M0013884,N,20,1,5773.33,0,0,0,3496.13,5026.03,1.67
M0013885,N,28,1,50259.42,1,0,1,18956.31,25822.08,1.09
M0013886,N,51,2,74209.15,0,2,0,21771.42,52272.59,2.3
M0013887,N,57,1,3583.03,0,0,1,577.63,5776.09,0.81
M0013888,N,76,2,28533.04,0,0,0,10331.16,19868.93,2.31
M0013889,N,23,0,4165.0,0,0,0,2122.6,4995.77,1.37
M0013890,N,59,1,9717.21,0,1,0,7175.41,9321.31,2.45
M0013891,N,40,2,21913.05,1,2,1,2550.64,21802.84,2.69
M0013892,N,70,3,4341.41,0,0,0,1657.89,3945.45,0.14
M0013893,N,42,0,10051.89,0,2,0,1407.46,9279.61,0.02
M0013894,N,19,1,26736.64,0,1,0,11068.55,29765.96,2.16
M0013895,N,78,1,28963.29,0,4,0,9441.1,25498.37,1.94
M0013896,N,66,0,12215.49,0,0,0,6503.69,6770.19,0.98
M0013897,N,78,2,10372.4,0,0,0,2419.8,8668.76,0.69
M0013898,N,79,1,14604.37,2,0,0,17698.12,2143.01,0.45
M0013899,N,34,0,7656.69,0,1,0,3755.51,3883.9,0.18
M0013900,N,23,0,23751.92,0,0,0,5994.1,17467.79,0.79
M0013901,N,61,2,15495.09,0,2,0,4859.16,9692.91,1.46
M0013902,N,62,0,18152.92,0,0,0,4243.68,10711.98,0.25
M0013903,N,35,3,20630.56,2,0,2,7692.05,16528.05,1.95
M0013904,N,68,0,9067.86,0,1,1,817.7,6520.69,0.97
M0013905,N,36,0,4771.55,1,1,0,1590.63,3465.99,0.95
M0013906,N,66,2,8343.08,0,0,2,1703.09,13289.84,1.56
M0013907,N,36,0,4012.6,0,1,0,814.21,2393.46,0.0
M0013908,N,77,0,3502.24,0,0,0,2638.78,2433.31,0.0
M0013909,N,19,1,7095.06,0,0,0,1125.92,5659.84,0.84
M0013910,N,30,1,7417.48,0,0,0,2253.81,3768.89,1.19
M0013911,N,76,0,20918.39,0,1,0,3719.54,29953.36,0.64
M0013912,N,76,2,10490.87,0,2,0,1195.67,8400.15,3.09
M0013913,N,76,0,10324.34,0,1,1,3916.29,6742.85,1.1
M0013914,N,52,0,12218.83,0,0,1,6425.54,6160.76,1.28
M0013915,N,43,0,26206.29,1,1,1,15374.13,7034.64,0.9
M0013916,N,79,1,9026.66,0,0,0,3277.31,4451.7,0.75
M0013917,N,61,1,6656.26,0,0,0,2500.29,3458.21,1.87
M0013918,N,60,1,8701.24,0,0,0,1920.97,6438.05,1.4
M0013919,N,27,0,7759.51,1,0,0,1278.57,5952.83,0.0
M0013920,N,42,1,11180.34,0,0,2,2231.6,8563.68,0.59
M0013921,N,43,0,13866.59,0,1,0,4296.8,11892.82,2.56
M0013922,N,43,2,20194.66,0,0,0,789.09,15773.72,3.09
M0013923,N,74,1,10182.44,0,1,0,3905.37,7322.1,2.02
M0013924,N,66,0,7700.05,1,0,0,1891.68,8982.48,0.32
M0013925,N,29,2,19165.39,0,0,0,5082.75,28760.04,0.44
M0013926,N,28,2,5027.15,0,1,0,2205.36,2260.82,0.15
M0013927,N,67,0,7409.68,0,1,0,3293.76,6277.41,1.56
M0013928,N,48,0,3456.26,1,0,0,1708.66,2472.55,1.03
M0013929,N,30,0,25892.29,0,1,1,2703.24,17615.25,1.64
M0013930,N,19,1,4723.7,1,0,0,976.13,6402.7,1.85
M0013931,N,62,0,11243.87,0,0,1,873.29,9106.34,1.17
M0013932,N,21,1,15133.94,0,1,1,2385.18,12838.38,1.58
M0013933,N,25,2,6104.42,0,0,0,1277.37,5501.57,1.03
M0013934,Y,62,4,216834.34,6,2,5,152413.67,113058.86,7.49
M0013935,N,31,1,7021.86,1,0,1,3070.74,2676.31,1.08
M0013936,N,45,0,6889.41,0,2,0,5874.05,4241.64,0.02
M0013937,N,41,0,27319.12,1,0,1,2528.46,24840.58,1.98
M0013938,N,42,1,6314.27,0,0,1,2245.49,4395.09,1.26
M0013939,N,53,0,18787.31,0,2,0,10002.63,5007.31,0.46
M0013940,N,24,0,7715.57,0,0,0,2510.42,9758.82,0.9
M0013941,N,73,0,13100.59,0,0,1,9966.91,3935.63,1.15
M0013942,N,63,1,10901.42,0,1,0,6256.38,2747.81,0.89
M0013943,N,59,1,8008.99,1,1,1,2378.67,4206.99,1.86
M0013944,N,52,1,8114.97,0,2,1,892.41,6188.79,0.66
M0013945,N,27,1,8707.85,0,3,1,5400.8,2325.33,0.67
M0013946,N,39,3,8429.87,0,1,0,2465.42,6453.1,1.53
M0013947,N,31,0,3055.94,0,0,0,708.79,2022.35,0.19
M0013948,N,69,0,3558.1,0,0,0,2000.16,3570.37,1.12
M0013949,N,29,0,2715.97,0,0,0,615.69,2789.76,0.85
M0013950,N,45,1,12263.36,1,1,0,5494.36,6404.04,2.42
M0013951,N,21,1,6403.13,0,0,0,2025.22,6247.89,0.0
M0013952,N,53,0,16047.71,0,0,0,2111.85,11170.7,0.51
M0013953,N,39,0,10065.36,0,0,0,1930.3,6061.49,0.19
M0013954,N,35,1,13929.5,0,0,0,2621.22,17926.31,0.66
M0013955,N,35,1,4398.16,0,1,1,1071.88,4875.41,2.97
M0013956,N,24,1,3120.44,0,0,0,421.68,4550.04,0.0
M0013957,Y,68,6,178204.87,4,4,5,111623.9,141961.42,5.81
M0013958,N,64,0,25270.06,0,0,0,6659.27,26599.98,2.75
M0013959,N,77,3,12224.72,0,1,0,2728.43,8716.98,0.0
M0013960,N,31,0,14899.45,1,1,0,3892.3,13485.78,3.29
M0013961,N,54,2,8145.19,0,1,1,1909.8,10294.79,3.14
M0013962,N,28,1,37225.05,1,1,1,5856.2,23612.25,0.06
M0013963,N,45,2,19953.4,0,0,1,4745.82,11187.74,1.31
M0013964,N,80,2,17145.96,0,1,0,3378.9,10840.34,0.57
M0013965,N,64,2,24007.17,1,1,0,3194.69,15865.57,0.58
M0013966,N,56,0,22311.96,0,1,1,10116.62,13684.24,1.02
M0013967,N,65,2,12469.44,0,0,0,7917.84,13200.6,0.56
M0013968,N,48,0,8962.69,0,1,0,4125.59,9784.64,1.72
M0013969,N,42,0,19877.91,0,0,0,3026.05,22075.77,0.18
M0013970,N,77,4,15414.72,0,0,0,6993.6,18917.53,1.09
M0013971,N,26,1,12834.4,0,0,0,4371.3,9397.08,2.36
M0013972,Y,48,5,163472.69,3,1,3,101676.33,86500.38,3.51
M0013973,N,32,0,16413.51,0,0,0,3162.13,9752.26,0.8
M0013974,N,50,0,10269.26,0,0,0,425.8,8593.58,0.0
M0013975,N,19,1,11657.08,0,0,1,9552.37,4017.15,0.63
M0013976,N,45,3,27192.3,0,1,0,7198.98,22650.37,1.91
M0013977,N,35,0,4693.57,1,0,0,1076.61,4575.7,1.71
M0013978,N,60,1,5724.14,0,1,0,1777.92,3452.58,2.02
M0013979,N,29,1,7264.84,0,2,0,1810.94,4821.34,1.2
M0013980,N,57,2,21569.6,2,0,0,5924.24,25926.75,1.0
M0013981,N,71,0,5000.6,0,0,0,1453.48,3101.37,0.24
M0013982,N,57,1,9409.48,0,0,1,2667.41,6592.46,1.24
M0013983,N,50,1,9414.64,0,1,0,4649.26,5977.93,2.34
M0013984,N,60,1,13619.54,0,2,0,4773.49,14207.04,0.99
M0013985,N,33,1,5493.26,0,1,0,1936.83,3931.88,1.53
M0013986,N,23,1,15530.32,0,2,0,5519.05,6939.38,0.14
M0013987,N,72,1,19597.68,0,1,0,5886.72,17392.69,0.62
M0013988,N,39,0,11887.71,0,1,0,1773.99,7935.59,1.58
M0013989,N,53,0,4817.4,0,0,0,773.57,3189.06,0.0
M0013990,N,76,2,8137.81,0,1,0,3007.72,6625.48,0.77
M0013991,Y,53,5,311158.0,1,4,3,80721.12,193490.92,4.97
M0013992,N,43,1,4091.17,0,0,0,297.7,5473.41,0.23
M0013993,N,45,1,6542.69,0,1,0,992.89,7308.99,0.39
M0013994,N,64,0,15208.18,0,0,0,2588.46,14016.42,1.62
M0013995,N,38,1,23810.57,0,0,0,3025.83,20604.29,0.0
M0013996,N,78,0,7637.8,0,1,0,1523.13,5016.09,1.26
M0013997,N,18,2,10636.38,0,1,0,1347.95,8760.45,1.43
M0013998,N,41,1,25619.61,0,0,0,2956.09,22329.2,0.71
M0013999,N,68,0,9810.8,0,0,0,2532.21,9035.28,0.12
M0014000,N,28,0,7168.09,0,0,0,1865.74,4663.63,0.0
M0014001,N,42,1,10338.5,1,0,0,1446.37,6983.66,1.35
M0014002,N,60,0,13297.45,0,1,1,8840.86,15034.22,0.96
M0014003,Y,85,7,143804.67,2,3,2,70111.47,117662.17,3.3
M0014004,Y,64,8,262606.75,2,3,4,66469.5,185333.36,6.35
M0014005,N,20,1,9277.0,0,0,0,1098.37,10000.1,0.43
M0014006,N,54,3,13833.84,0,3,1,7208.75,12051.99,0.77
M0014007,N,80,0,3108.43,0,1,1,2945.19,2167.16,0.0
M0014008,N,50,0,5731.1,0,0,0,2735.88,4185.59,1.31
M0014009,N,22,1,7152.18,0,0,0,984.95,4845.3,1.55
M0014010,N,20,0,18100.55,0,2,0,3526.82,13042.82,0.47
M0014011,N,23,1,17127.28,0,2,1,5948.08,17730.71,2.36
M0014012,N,43,0,7320.98,0,1,0,1123.68,5212.7,1.8
M0014013,N,37,0,4162.04,0,0,0,1225.22,3343.97,1.46
M0014014,N,79,1,17553.26,0,1,0,1439.3,13128.2,0.18
M0014015,N,33,2,13589.04,0,0,0,1955.29,11044.34,1.58
M0014016,N,70,2,20928.82,1,0,0,4123.25,14895.09,0.09
M0014017,N,69,1,3700.21,0,1,0,1220.86,3376.09,0.53
M0014018,N,34,0,3230.55,0,0,0,1959.05,1417.87,0.1
M0014019,N,59,2,4800.67,1,0,1,551.55,3933.9,0.73
M0014020,N,63,0,10975.2,0,1,0,4875.56,8105.3,0.87
M0014021,N,34,3,20406.38,1,0,1,6300.56,11407.44,1.67
M0014022,N,38,0,19401.11,0,0,0,6431.95,13809.93,3.28
M0014023,N,36,2,5530.26,1,1,0,3601.24,6010.08,0.85
M0014024,N,38,2,21888.7,0,0,1,8674.64,8495.94,0.25
M0014025,N,23,1,15817.35,1,0,0,6142.56,6598.86,0.0
M0014026,N,28,2,14882.07,1,1,0,2465.41,9646.95,0.48
M0014027,N,32,1,14588.34,0,2,0,3495.6,8796.73,0.86
M0014028,N,68,1,15141.56,0,0,0,995.77,15570.38,1.07
M0014029,N,65,1,3922.08,0,0,1,1327.22,3621.57,0.93
M0014030,N,32,0,6109.58,0,0,0,1199.58,4536.01,0.0
M0014031,N,33,2,21419.96,0,0,0,6260.19,11195.37,1.43
M0014032,N,23,4,26888.21,0,2,0,8021.7,13561.54,1.55
M0014033,N,63,0,11749.4,0,0,0,3078.78,6253.75,0.71
M0014034,N,59,1,20835.48,0,1,0,2554.11,15734.2,1.74
M0014035,N,36,0,4253.67,0,0,1,4593.76,2405.95,1.61
M0014036,N,23,1,15565.07,0,1,0,4668.2,10134.63,1.6
M0014037,N,68,1,15076.46,0,2,0,2986.26,11203.61,0.17
M0014038,N,76,0,6135.15,0,0,0,3074.9,4370.16,0.8
M0014039,N,48,1,18678.54,0,2,0,6559.72,8529.53,2.35
M0014040,N,41,2,13274.88,0,1,0,9805.71,3443.3,1.92
M0014041,Y,65,6,109878.5,5,1,1,42662.6,86280.87,3.81
M0014042,N,58,0,8281.68,0,0,0,2335.27,6192.1,0.39
M0014043,N,73,0,13932.4,0,0,1,3320.13,9874.76,1.57
M0014044,N,52,0,4265.88,0,0,0,2484.8,3277.24,0.2
M0014045,N,79,0,8475.91,0,0,0,702.49,6936.48,0.0
M0014046,N,75,0,15381.31,0,0,0,1783.77,15991.49,2.02
M0014047,N,25,2,6199.72,0,1,0,3165.87,3751.26,0.69
M0014048,N,41,1,27575.15,0,1,0,10398.02,11924.56,2.42
M0014049,N,53,2,12248.03,0,0,0,6663.73,5415.98,0.32
M0014050,N,40,2,3557.12,0,0,0,2316.46,3607.05,0.79
M0014051,N,50,1,11644.95,2,2,0,6614.03,4862.88,0.62
M0014052,N,51,2,24440.7,0,1,0,3799.28,21177.11,1.41
M0014053,N,52,0,7120.91,0,1,0,5033.82,6972.84,0.96
M0014054,N,63,2,2938.59,1,1,0,1297.47,3402.02,1.76
M0014055,N,40,0,6433.44,0,1,0,848.43,5429.78,0.89
M0014056,N,66,2,16485.51,0,0,0,1546.17,15223.12,1.32
M0014057,N,70,2,10508.27,0,0,1,2800.95,10994.93,1.49
M0014058,N,47,0,9017.69,1,0,1,6176.24,1986.72,0.0
M0014059,N,72,2,9204.57,0,0,0,1303.82,7272.25,1.49
M0014060,N,55,0,12655.41,0,0,1,4744.69,10075.56,0.99
M0014061,N,62,1,14409.63,0,4,0,2982.39,20100.89,2.48
M0014062,N,79,0,6976.53,0,2,1,503.38,6485.66,0.98
M0014063,N,28,0,8799.87,1,0,0,4863.07,7142.74,1.86
M0014064,N,47,1,11111.67,0,0,1,3694.46,9173.54,1.41
M0014065,N,75,1,10638.45,0,0,1,1364.09,17031.49,1.36
M0014066,N,52,0,4530.84,0,0,0,1171.74,4160.05,0.0
M0014067,N,34,1,9845.54,0,2,1,2311.31,6232.62,1.39
M0014068,N,39,0,4511.5,0,0,1,1293.97,5200.71,1.04
M0014069,N,25,0,33709.53,0,1,1,7827.88,26537.54,1.08
M0014070,N,48,1,5151.46,0,0,0,2994.51,3513.31,0.0
M0014071,N,65,1,9144.23,0,0,0,5412.83,9232.76,2.14
M0014072,N,46,0,15989.64,1,1,0,7376.11,10924.37,0.77
M0014073,N,45,2,20926.37,0,0,0,973.34,16249.55,1.45
M0014074,N,45,2,21968.82,0,2,0,10044.22,13282.86,2.56
M0014075,N,71,2,14846.75,1,2,1,4112.16,13387.02,0.58
M0014076,N,72,0,8635.0,0,3,2,3627.04,10516.17,2.69
M0014077,N,74,2,15035.56,0,2,1,1977.61,10840.8,1.56
M0014078,N,27,1,1887.88,0,0,0,1052.51,1888.84,1.38
M0014079,N,55,2,18718.17,0,0,0,11934.96,5316.83,0.97
M0014080,N,34,0,33186.38,0,2,0,8007.68,26042.64,0.76
M0014081,N,60,0,7536.77,0,2,0,3884.35,5309.43,0.8
M0014082,N,50,1,60034.13,0,2,2,6730.21,40808.02,1.63
M0014083,Y,45,4,363939.95,4,6,3,161309.84,179004.94,6.3
M0014084,N,73,1,13095.0,0,1,0,1450.41,17383.07,1.94
M0014085,N,49,2,5127.9,0,0,0,1000.05,6538.88,0.0
M0014086,N,22,0,14702.37,1,2,0,4792.87,7825.16,1.12
M0014087,N,74,1,4314.07,0,0,0,1338.25,6329.99,0.89
M0014088,N,57,1,11536.58,0,2,0,495.41,15597.79,0.02
M0014089,N,43,0,26771.21,1,1,0,6954.06,21900.16,1.71
M0014090,N,61,1,9653.88,0,2,0,1302.67,8602.62,0.77
M0014091,N,29,2,11654.74,0,0,0,8186.99,4206.21,1.42
M0014092,Y,85,6,217761.5,3,6,3,107703.64,124207.02,3.76
M0014093,N,53,1,10543.47,0,1,0,1335.95,7148.21,0.29
M0014094,N,27,1,12569.99,1,2,1,3910.47,10414.59,2.18
M0014095,N,20,2,5002.37,0,0,1,2035.41,5096.49,1.1
M0014096,N,74,0,10025.29,1,0,0,6753.49,11217.71,1.92
M0014097,N,31,0,17778.63,1,0,1,8829.82,16571.59,0.64
M0014098,N,23,0,10580.69,1,2,0,10541.34,8162.21,2.26
M0014099,N,65,0,5036.77,0,0,0,3391.52,4828.37,0.42
M0014100,N,24,0,23477.97,0,0,0,1114.4,17726.7,0.28
M0014101,N,46,0,5017.2,0,1,0,2283.94,3891.21,0.13
M0014102,N,25,1,16729.52,0,0,0,3110.87,16441.7,1.71
M0014103,N,51,2,7163.26,0,0,0,3730.35,5929.58,0.91
M0014104,N,20,0,13896.17,2,2,0,1956.37,13377.31,0.56
M0014105,N,26,1,4651.32,0,1,0,1077.65,5786.03,1.87
M0014106,N,36,1,6770.17,0,1,0,1967.24,6234.84,1.51
M0014107,N,54,0,8857.39,1,1,0,4131.3,5128.25,0.76
M0014108,N,75,1,9043.58,0,2,0,4751.79,8747.59,1.81
M0014109,N,76,0,18616.42,1,0,1,3191.9,11370.62,2.38
M0014110,N,66,2,9904.58,0,1,0,904.77,7884.38,1.51
M0014111,N,21,0,44583.91,1,0,0,3957.61,34115.72,1.06
M0014112,N,25,1,13921.9,1,1,0,9459.63,14226.63,2.03
M0014113,N,60,2,21044.58,0,0,0,5576.3,12852.57,1.0
M0014114,N,73,2,3707.4,0,0,0,1767.81,1961.48,0.59
M0014115,N,77,1,23139.37,0,1,0,3855.29,14581.18,1.41
M0014116,N,32,1,19215.56,1,1,0,11671.23,14757.79,1.82
M0014117,N,64,1,19064.5,0,0,0,5342.57,11746.28,2.21
M0014118,N,66,0,6533.37,0,0,1,3101.73,7647.76,0.0
M0014119,N,30,1,4978.3,0,1,0,1340.84,6134.29,1.55
M0014120,N,31,1,21071.87,0,1,0,4502.03,12665.47,2.15
M0014121,N,24,0,47172.41,0,2,1,3971.7,58057.15,1.27
M0014122,N,35,3,32643.62,0,2,0,10176.25,24240.42,2.5
M0014123,N,36,0,4489.87,0,0,0,962.58,4260.37,0.06
M0014124,N,68,0,6932.94,1,0,1,2165.4,4228.22,1.49
M0014125,N,41,0,16699.83,0,0,0,3273.92,21402.9,0.0
M0014126,N,23,0,7491.93,0,0,0,4366.78,4449.6,1.0
M0014127,N,42,2,11408.58,0,0,0,580.91,8373.36,0.08
M0014128,N,24,1,40266.94,0,1,1,3542.57,54509.75,1.15
M0014129,N,21,0,5457.76,0,1,1,2403.4,3000.55,0.89
M0014130,N,54,1,14783.9,1,1,0,2681.44,13703.31,0.35
M0014131,N,75,0,7467.41,0,0,0,2203.43,3675.01,0.62
M0014132,N,35,1,18347.38,0,1,1,8069.61,7560.59,0.02
M0014133,N,53,0,7589.05,0,0,0,1516.79,4758.94,1.2
M0014134,N,34,0,5671.91,0,1,0,1412.76,6660.51,0.32
M0014135,N,40,1,7220.68,0,1,0,3945.4,6516.48,0.31
M0014136,N,18,2,8438.01,0,1,0,6265.8,3363.25,0.0
M0014137,N,38,3,4360.32,1,3,1,3227.59,3879.89,1.4
M0014138,N,70,0,6234.55,0,0,1,2667.34,3679.22,1.35
M0014139,N,54,2,9709.73,0,2,1,2493.24,10494.68,1.92
M0014140,N,39,0,5307.1,1,1,0,4254.33,3821.06,0.29
M0014141,N,67,1,6538.66,1,0,0,1114.01,6206.53,1.04
M0014142,N,62,1,14595.3,0,1,0,9759.55,4948.14,0.55
M0014143,N,62,1,9767.97,0,2,0,1028.3,9508.88,0.0
M0014144,N,41,1,1010.59,0,0,0,388.25,948.94,1.01
M0014145,N,65,0,9952.74,0,1,0,1596.71,9633.4,1.79
M0014146,N,31,1,7162.41,0,2,0,2682.21,7896.5,1.41
M0014147,N,57,0,13719.57,0,1,0,6006.35,6421.66,0.71
M0014148,N,29,2,10746.26,1,2,1,1174.15,15818.82,0.93
M0014149,N,51,1,14342.26,0,2,0,2565.79,8998.26,0.82
M0014150,N,40,2,20827.05,0,0,0,2188.4,14751.2,2.71
M0014151,N,72,1,45948.69,0,0,1,4397.61,49929.4,0.62
M0014152,N,67,0,14248.51,0,0,1,1475.33,13411.77,2.04
M0014153,N,34,2,19611.59,1,1,0,9398.79,10283.66,0.99
M0014154,N,18,1,67199.01,1,0,0,7687.21,53345.49,1.29
M0014155,N,46,0,9326.09,0,0,1,3336.51,5189.84,0.0
M0014156,N,53,3,11730.26,0,0,1,1449.18,8848.8,1.17
M0014157,N,25,3,42776.87,0,1,0,6750.89,30837.59,2.49
M0014158,N,52,0,5005.72,0,0,0,3751.1,1949.81,0.64
M0014159,N,26,0,7736.57,0,0,0,3363.39,4110.52,1.76
M0014160,N,39,0,6477.15,0,1,0,943.98,6839.83,0.0
M0014161,N,46,4,9363.0,1,1,0,3386.43,9732.34,1.82
M0014162,N,53,2,9111.36,0,1,0,1893.64,7820.13,0.31
M0014163,N,41,3,10973.13,0,0,1,617.57,18988.63,1.55
M0014164,N,41,0,8981.43,1,0,0,3098.98,9065.02,0.86
M0014165,N,60,0,8892.84,1,0,0,2998.34,5010.69,0.83
M0014166,N,56,1,3687.72,0,3,0,1226.34,2100.59,0.0
M0014167,N,62,0,18073.52,0,0,0,6222.57,10698.92,1.06
M0014168,N,39,1,9471.85,0,0,0,2755.7,9493.1,1.43
M0014169,N,26,1,5941.64,0,0,0,3203.9,3214.24,0.83
M0014170,N,74,2,14162.65,2,2,0,10485.19,12254.21,1.21
M0014171,Y,59,5,279762.02,1,6,6,94576.49,159408.24,2.41
M0014172,N,59,1,19738.17,0,1,0,6734.88,10980.77,2.89
M0014173,N,21,0,3827.67,0,0,0,567.43,3391.8,2.01
M0014174,N,67,0,4148.94,0,3,0,575.39,6917.63,1.34
M0014175,N,64,0,2055.52,0,1,0,1146.64,2220.55,0.45
M0014176,N,39,0,10232.72,0,0,0,1820.76,6749.34,1.72
M0014177,N,53,0,5323.13,1,0,0,332.19,3933.98,1.07
M0014178,N,44,0,5664.03,0,2,2,1151.21,4429.17,1.21
M0014179,N,39,1,13716.15,0,0,1,3254.48,12167.36,1.09
M0014180,N,62,0,27761.17,0,0,0,2089.92,24530.43,1.02
M0014181,N,55,2,16341.05,0,0,0,5225.06,8254.47,0.19
M0014182,N,70,0,11293.88,0,1,0,1008.17,8429.76,1.86
M0014183,N,39,0,18717.77,0,2,0,11954.21,7490.37,1.62
M0014184,N,24,0,9268.08,0,2,0,1470.86,9955.49,0.8
M0014185,N,62,2,3548.91,0,0,0,2350.18,3493.09,0.04
M0014186,Y,48,3,206415.84,1,5,3,113731.49,80218.34,5.44
M0014187,N,18,2,6914.06,0,0,0,2268.16,3403.22,0.87
M0014188,N,60,1,4166.62,0,1,0,1351.59,3481.39,0.0
M0014189,Y,62,5,447835.38,4,4,7,252451.46,233220.2,7.78
M0014190,N,79,1,7844.26,0,0,0,3979.43,5316.33,0.26
M0014191,N,38,1,19732.13,0,1,0,12112.55,5361.95,2.14
M0014192,N,66,1,16989.32,0,0,0,8832.02,8863.66,1.52
M0014193,N,71,0,2378.51,0,0,0,788.77,1977.1,0.0
M0014194,N,20,0,3868.06,0,0,1,1612.56,3768.23,0.3
M0014195,N,64,2,8842.29,0,1,0,3583.92,3470.5,0.65
M0014196,N,70,3,55813.09,0,0,0,7298.66,72483.7,3.36
M0014197,N,46,1,24533.12,0,1,0,7905.39,15149.34,1.0
M0014198,N,57,0,10680.96,0,0,0,1456.08,11785.91,0.0
M0014199,N,22,1,22136.7,1,2,0,1513.38,19104.6,1.6
M0014200,N,58,0,6544.62,0,0,1,805.85,4756.32,0.0
M0014201,N,58,0,80302.33,0,0,0,22127.99,56934.49,1.17
M0014202,N,71,1,13105.93,0,1,0,3523.43,18474.26,2.01
M0014203,N,53,1,4190.85,0,2,1,2033.89,4557.41,0.46
M0014204,N,67,2,6866.33,0,1,0,8879.78,2539.0,0.92
M0014205,N,29,1,8382.74,0,1,0,4752.3,1873.27,0.32
M0014206,N,25,0,12127.79,1,0,1,2637.47,7037.47,1.7
M0014207,N,38,0,12979.81,0,1,0,4091.06,11365.56,0.0
M0014208,N,64,2,6450.85,0,0,0,2056.44,7935.71,0.0
M0014209,N,27,0,5042.15,1,0,0,2597.27,6484.96,1.04
M0014210,N,77,0,7309.31,1,1,0,4956.31,5312.8,1.15
M0014211,N,69,1,4702.56,0,1,1,1100.83,6419.87,1.06
M0014212,N,75,2,20412.62,0,0,0,13444.41,10387.07,0.56
M0014213,N,31,1,60964.71,0,1,0,8253.07,46560.84,0.96
M0014214,N,75,0,6632.02,0,1,0,3674.23,5976.99,0.83
M0014215,N,31,0,8786.03,1,0,0,6624.08,8604.3,0.73
M0014216,N,20,0,12582.17,0,0,0,807.7,13236.55,2.59
M0014217,N,66,1,25927.59,1,1,2,6677.16,21423.45,3.47
M0014218,N,31,2,11772.79,1,2,0,1905.28,9315.13,1.5
M0014219,N,53,0,17335.41,0,1,0,3856.68,21637.89,3.16
M0014220,Y,71,5,272584.87,1,1,6,127286.51,140164.71,5.86
M0014221,Y,47,3,220385.1,1,1,4,101850.84,108399.73,5.19
M0014222,N,75,2,4314.21,0,0,0,883.56,3761.31,1.25
M0014223,N,33,1,12698.08,0,1,0,5658.47,13939.98,0.37
M0014224,N,52,0,1860.68,0,2,0,488.33,1157.37,0.17
M0014225,N,53,1,9842.01,0,0,0,2293.58,11163.13,0.68
M0014226,N,21,1,11508.5,2,1,0,2214.21,9633.96,1.47
M0014227,N,68,0,12896.41,0,0,1,5457.58,17773.62,0.58
M0014228,N,29,1,15406.65,1,0,1,4776.78,7384.17,0.0
M0014229,N,68,0,10608.95,0,0,1,3564.83,5322.22,1.3
M0014230,N,31,0,9874.51,1,0,0,8622.08,3654.35,1.95
M0014231,N,33,0,1959.73,0,0,0,1448.96,1626.38,1.33
M0014232,N,35,2,6570.52,1,2,0,3308.5,3207.65,0.05
M0014233,N,34,2,6941.15,0,1,1,5274.83,4778.7,1.43
M0014234,N,53,0,4779.22,0,0,0,1076.48,3064.37,0.66
M0014235,N,45,3,5184.5,0,0,1,2881.63,2332.27,1.08
M0014236,N,46,0,3430.87,2,0,0,853.11,5303.75,0.39
M0014237,N,49,1,11820.43,0,0,1,4868.94,4722.3,2.11
M0014238,N,52,0,4750.07,0,0,0,677.42,3655.53,0.24
M0014239,N,49,1,17543.94,0,0,0,2522.39,12801.44,0.01
M0014240,N,18,1,12456.62,0,0,1,4344.21,8172.12,1.79
M0014241,Y,73,6,220773.46,2,2,3,49050.79,145062.57,4.38
M0014242,N,75,1,7786.47,0,0,0,591.25,7912.11,0.35
M0014243,N,69,1,10184.22,1,0,0,5643.29,10579.16,2.07
M0014244,N,68,2,15490.73,0,0,0,5920.95,8873.4,2.55
M0014245,N,36,0,4523.81,0,0,0,1698.14,4122.66,0.78
M0014246,N,56,2,19213.18,0,1,1,2301.02,15376.14,0.01
M0014247,N,61,2,15064.63,0,2,0,2296.16,12485.47,0.9
M0014248,N,34,0,9740.23,1,0,0,5862.2,4401.56,0.12
M0014249,N,58,0,9272.77,0,1,0,6112.75,6964.09,2.48
M0014250,N,34,1,27829.6,0,1,0,3558.48,30101.23,1.17
M0014251,N,59,1,4720.49,0,1,0,2514.64,3204.84,1.22
M0014252,N,23,1,14661.27,0,0,0,9589.16,1915.81,2.0
M0014253,N,41,1,8758.32,0,0,2,1133.05,6551.62,0.0
M0014254,N,18,1,8036.34,1,0,0,1230.72,12177.58,1.7
M0014255,N,77,1,12282.7,0,0,1,1850.06,10515.7,0.0
M0014256,N,80,1,7650.51,0,0,0,2073.52,8032.16,1.28
M0014257,N,74,1,10286.68,1,0,0,3989.99,8017.31,0.0
M0014258,Y,68,2,215528.27,3,3,2,79509.94,167913.85,4.89
M0014259,N,73,3,13866.71,0,2,1,5580.75,6819.14,2.12
M0014260,N,42,1,6611.06,0,0,0,3405.93,6608.37,2.67
M0014261,N,21,0,5403.82,0,0,1,2478.67,3886.67,1.55
M0014262,Y,52,4,247005.17,5,3,4,119186.29,126272.7,5.01
M0014263,N,31,4,22826.3,1,1,1,7592.73,13324.23,2.69
M0014264,Y,71,4,419775.08,5,6,5,57642.94,389819.37,5.89
M0014265,N,79,1,20726.81,1,1,0,8012.35,11424.72,0.1
M0014266,N,72,1,4720.42,0,0,1,354.76,5500.82,0.0
M0014267,N,22,1,5761.58,0,2,0,2951.73,3929.79,0.0
M0014268,N,41,0,13693.06,0,0,0,4363.99,8362.41,0.58
M0014269,N,73,2,13311.34,0,0,0,4218.33,8039.69,0.92
M0014270,N,27,0,5677.82,0,1,0,1995.11,3298.77,0.1
M0014271,N,45,1,10091.3,0,0,0,3813.18,4188.81,0.0
M0014272,N,71,2,11875.09,0,3,2,3820.61,10249.38,1.33
M0014273,N,70,2,19982.64,0,1,0,6592.67,23591.77,2.65
M0014274,N,76,0,5883.08,0,1,2,671.68,6238.97,0.34
M0014275,N,18,1,17739.02,0,0,1,5737.65,11409.99,1.52
M0014276,N,54,0,17879.71,0,0,2,3477.93,17406.02,1.79
M0014277,N,67,3,12043.19,0,1,0,3456.3,17065.8,2.36
M0014278,N,55,1,16697.18,0,0,1,3706.4,10081.64,1.86
M0014279,N,18,0,7780.33,0,1,0,2672.02,4742.93,0.97
M0014280,N,28,0,13023.21,0,0,0,14312.51,5070.89,1.34
M0014281,N,43,0,4587.67,0,0,0,1143.41,2732.73,0.97
M0014282,N,47,1,8633.88,0,1,1,12764.13,2708.48,0.0
M0014283,N,58,1,14250.34,0,2,0,4414.64,9596.97,0.13
M0014284,N,69,0,12901.8,0,0,0,6670.93,13433.76,0.96
M0014285,N,20,2,7648.43,0,1,0,6506.93,2439.98,0.3
M0014286,N,53,2,7771.01,0,1,0,3385.51,8563.54,1.69
M0014287,N,78,1,10913.53,0,1,0,6411.16,6692.19,0.43
M0014288,N,33,2,57894.09,0,1,2,7826.63,49755.51,2.53
M0014289,N,36,2,6592.16,1,1,0,6915.76,4590.03,1.35
M0014290,N,20,1,6034.98,0,1,1,1088.28,5549.94,1.6
M0014291,N,54,1,2076.69,0,0,0,646.34,1659.52,0.0
M0014292,N,79,2,23510.72,0,0,1,3838.67,28923.82,2.37
M0014293,N,35,2,4711.73,1,1,0,3382.11,3496.26,0.0
M0014294,N,76,1,22197.0,1,0,0,8932.8,10705.62,1.83
M0014295,N,60,1,16512.72,0,1,0,1630.47,14027.75,1.84
M0014296,Y,57,6,345333.66,3,2,2,84093.44,365647.46,4.3
M0014297,N,43,0,26082.7,1,0,0,927.3,19609.53,1.71
M0014298,N,78,2,12314.33,1,1,0,2741.05,9713.4,1.91
M0014299,N,21,1,4150.93,0,1,0,2092.59,1275.47,0.26
M0014300,N,48,2,41117.44,0,1,0,8383.8,26097.18,1.77
M0014301,N,44,0,28767.74,0,0,2,13275.34,26236.54,3.4
M0014302,N,18,0,5275.46,0,0,0,4374.81,3770.57,0.19
M0014303,N,49,0,5171.07,0,0,0,3599.66,5500.12,1.31
M0014304,N,63,2,24241.47,0,0,1,7752.04,14089.35,2.6
M0014305,N,77,1,12354.48,0,1,2,4735.36,11956.29,1.57
M0014306,N,69,1,8787.73,0,0,0,4954.35,5829.27,0.1
M0014307,N,75,2,21184.57,0,0,1,5024.14,14308.69,1.98
M0014308,N,22,1,3570.86,0,1,0,1325.82,4837.94,1.2
M0014309,Y,70,5,418597.82,6,4,5,152654.33,283002.59,5.69
M0014310,N,46,1,4787.6,0,0,0,1218.4,5213.34,1.26
M0014311,N,26,0,11566.97,0,0,0,2824.08,8032.16,0.98
M0014312,N,26,1,8336.17,0,2,0,2494.69,10136.31,2.25
M0014313,N,63,1,31728.53,0,0,0,14447.3,12392.65,0.71
M0014314,N,59,2,23379.3,0,0,1,3509.44,22331.2,1.25
M0014315,N,66,0,28885.13,2,2,1,5434.01,19784.88,2.57
M0014316,N,58,0,6024.77,0,0,0,2697.35,3511.14,1.19
M0014317,N,25,2,20754.32,0,0,0,3080.5,23362.82,0.46
M0014318,N,80,0,6215.03,0,2,0,1990.3,7062.47,0.98
M0014319,N,48,3,10425.51,0,2,0,4666.79,7356.05,1.38
M0014320,N,45,2,22602.57,0,0,1,3220.56,15108.08,0.77
M0014321,N,66,0,8801.05,0,0,0,1418.7,10922.15,0.67
M0014322,N,45,2,2666.42,0,0,0,1372.2,1781.3,0.97
M0014323,N,34,1,13236.58,0,1,0,4735.75,13153.66,0.0
M0014324,N,50,0,15289.82,0,1,0,757.0,18135.14,0.0
M0014325,N,58,1,15379.65,0,1,0,4111.86,20193.22,3.24
M0014326,N,18,1,19246.43,1,0,0,10017.84,9784.85,1.85
M0014327,N,23,3,26509.5,0,2,0,5407.37,16541.06,2.15
M0014328,N,33,3,9857.54,0,2,0,5256.14,3901.57,2.06
M0014329,N,45,1,4469.13,1,1,0,862.85,3830.44,0.73
M0014330,N,55,4,46265.28,0,2,1,13791.94,26526.95,1.44
M0014331,N,54,1,8749.78,1,1,0,3012.31,7177.33,0.88
M0014332,N,43,0,14582.74,0,0,1,4852.26,8253.0,0.44
M0014333,N,54,1,14704.32,1,0,0,1801.7,12935.54,0.93
M0014334,N,70,1,24850.49,1,1,1,7145.44,21800.93,1.42
M0014335,N,28,0,12213.52,0,0,0,10025.78,7014.86,1.29
M0014336,N,23,0,2740.94,0,0,0,1408.26,965.68,0.42
M0014337,N,58,0,4083.86,1,1,0,2590.16,3071.84,0.74
M0014338,N,37,2,2770.85,0,2,0,971.32,4053.17,0.96
M0014339,N,36,1,5470.82,0,0,0,4787.46,5063.18,2.37
M0014340,N,31,1,6222.53,0,2,0,6358.27,2484.08,1.74
M0014341,N,61,3,8998.63,0,2,1,5548.17,6294.26,3.02
M0014342,N,42,0,5697.37,0,0,0,1238.07,3828.19,0.86
M0014343,N,78,1,16235.24,0,1,0,3015.83,13193.97,0.0
M0014344,N,34,0,7869.43,0,1,0,3364.31,5524.14,0.0
M0014345,N,72,0,10971.65,0,1,0,4997.27,10566.65,2.67
M0014346,N,69,1,15542.64,0,0,0,7614.01,11981.25,1.62
M0014347,N,71,0,3258.86,1,0,2,1423.92,3915.05,0.0
M0014348,N,51,0,15629.39,0,0,0,3471.26,13254.62,1.36
M0014349,N,23,1,5626.41,0,0,0,3965.7,6061.58,0.96
M0014350,N,76,0,13415.47,0,0,0,5743.61,12375.19,1.77
M0014351,N,60,2,7814.45,0,1,0,5493.77,3877.35,0.51
M0014352,N,28,0,16037.32,0,0,2,3091.13,10478.56,0.87
M0014353,N,52,1,3313.51,0,1,1,523.82,2315.79,0.0
M0014354,N,53,2,19679.19,0,0,0,4161.48,14295.72,2.17
M0014355,N,76,2,5923.72,0,1,0,1784.88,4878.07,1.56
M0014356,N,43,1,3398.12,0,0,0,1532.65,1168.99,0.83
M0014357,N,30,1,18011.0,0,0,0,2120.28,12381.08,0.74
M0014358,N,50,1,7820.95,1,0,0,3992.9,8740.12,0.35
M0014359,N,29,0,17490.54,1,1,1,6613.38,8670.49,1.26
M0014360,N,60,3,25239.12,0,0,0,12060.97,13898.67,0.99
M0014361,N,45,0,14454.26,0,0,0,9099.73,5320.3,0.38
M0014362,N,30,3,13931.45,0,1,1,3073.32,10253.78,1.62
M0014363,N,54,0,6900.75,0,0,0,2564.62,6614.55,1.14
M0014364,N,79,2,28116.95,0,1,0,12388.63,16203.08,1.18
M0014365,N,21,0,14704.44,0,2,0,3880.5,7753.55,0.0
M0014366,N,58,1,6959.7,0,3,0,2155.28,8403.49,1.21
M0014367,N,57,1,23060.49,0,2,0,3452.03,16622.43,1.59
M0014368,N,34,1,4262.35,0,0,0,402.53,3645.92,0.2
M0014369,N,56,0,9374.6,0,1,0,2464.03,7427.66,0.36
M0014370,N,50,0,6256.51,0,1,0,1672.61,7502.52,1.71
M0014371,N,29,1,22225.37,0,0,0,13091.56,6506.46,1.82
M0014372,N,58,0,10462.86,0,0,0,2808.39,15294.23,1.12
M0014373,N,56,2,8708.43,0,0,0,3286.75,8876.94,0.0
M0014374,N,44,1,17836.68,0,1,0,5445.87,9724.61,1.44
M0014375,N,63,2,8489.73,0,2,0,1182.64,5575.1,0.4
M0014376,N,65,2,5469.32,0,0,1,6949.7,2051.2,0.85
M0014377,N,66,0,30824.06,0,2,1,21015.53,16019.69,1.57
M0014378,N,30,0,11919.01,0,0,0,5495.86,8330.8,2.32
M0014379,N,59,0,2688.75,0,2,0,2275.87,1880.16,0.72
M0014380,N,45,3,20880.3,1,2,0,7707.69,24469.39,2.05
M0014381,N,70,1,4176.98,1,1,1,1198.62,2334.08,0.95
M0014382,N,64,0,11676.78,0,1,1,3716.86,10479.53,2.54
M0014383,N,66,0,9373.71,0,0,0,934.61,6616.77,0.38
M0014384,N,58,1,13791.93,0,1,0,4972.74,9629.02,1.7
M0014385,N,78,0,15280.04,0,0,0,3418.89,8694.38,0.22
M0014386,N,38,0,3434.18,1,0,1,825.65,3878.96,0.0
M0014387,Y,50,6,190897.8,4,4,4,79034.0,136647.53,6.13
M0014388,N,75,1,18403.69,0,3,0,2408.42,12936.53,1.22
M0014389,N,18,1,31827.23,0,0,1,7986.11,20416.01,0.04
M0014390,N,26,0,3395.4,0,1,0,1925.08,2383.5,1.4
M0014391,N,50,0,10135.81,0,1,1,5380.98,7936.73,2.7
M0014392,N,32,0,2472.09,1,1,0,739.37,2191.84,0.0
M0014393,N,32,2,16796.34,1,1,0,1244.25,20442.62,1.29
M0014394,N,63,2,15404.75,1,0,1,3761.92,10086.26,0.64
M0014395,N,80,1,5382.1,0,0,0,1733.85,2658.69,0.53
M0014396,N,25,0,12916.16,0,2,0,1790.18,9184.58,1.54
M0014397,N,38,0,13438.96,0,0,0,1168.75,9651.12,0.21
M0014398,N,22,0,13902.03,1,1,0,7268.22,3959.76,0.46
M0014399,N,26,0,18885.35,0,0,1,4633.4,13549.48,1.38
M0014400,N,80,0,7971.0,0,0,0,5192.73,1906.58,0.0
M0014401,N,75,0,20633.64,0,1,1,11558.53,7265.92,1.13
M0014402,N,40,1,5029.48,0,0,2,2148.17,3846.07,1.84
M0014403,N,73,0,3878.87,0,0,0,2339.58,2959.14,0.8
M0014404,Y,71,5,154628.91,4,1,2,58936.94,129783.04,5.35
M0014405,N,34,2,10231.93,0,2,0,2551.22,5956.35,3.01
M0014406,N,22,1,13297.04,0,0,0,2056.38,13471.39,1.82
M0014407,N,80,0,4271.3,0,1,1,1093.61,2955.5,0.72
M0014408,N,36,1,4084.36,0,0,0,1316.55,2205.51,0.7
M0014409,N,26,1,22287.59,0,0,0,9003.1,8581.67,0.91
M0014410,N,44,0,12107.39,1,1,1,1144.41,10357.41,1.03
M0014411,N,51,1,15899.46,0,0,2,4003.14,9526.97,0.59
M0014412,N,78,1,3205.39,1,1,0,841.16,2514.2,0.7
M0014413,N,49,1,9738.49,0,1,0,6366.67,7016.5,0.0
M0014414,N,60,4,22094.79,1,3,1,4207.98,27216.34,3.52
M0014415,N,34,0,12239.35,0,0,0,3057.91,8215.44,0.0
M0014416,N,32,3,20011.2,0,1,0,2044.34,19252.01,0.0
M0014417,N,21,2,6836.57,0,1,1,1821.17,5196.16,0.65
M0014418,N,39,0,7785.51,1,0,0,634.41,6643.82,0.17
M0014419,N,69,0,19895.66,0,0,0,3393.72,12405.39,2.14
M0014420,N,20,1,41787.07,1,0,0,1785.27,33867.81,1.0
M0014421,N,61,0,8541.56,0,2,0,980.53,14216.88,1.21
M0014422,N,73,1,7495.78,0,0,1,2346.17,6515.35,2.02
M0014423,N,26,1,35305.66,0,1,0,1230.21,28008.97,0.0
M0014424,Y,60,7,611667.75,5,4,5,165552.79,404086.52,10.0
M0014425,N,25,1,5180.98,0,0,0,741.88,8166.57,0.47
M0014426,N,21,0,16229.02,0,0,0,2440.32,14491.92,1.77
M0014427,N,42,2,18222.53,0,0,0,9829.54,10737.12,1.76
M0014428,N,65,0,3135.5,0,0,0,1802.36,3169.11,0.84
M0014429,N,51,2,7850.35,0,1,1,1652.8,5511.51,2.61
M0014430,N,27,0,7082.79,0,0,0,1971.81,5999.29,0.0
M0014431,N,38,0,7108.99,0,1,0,981.17,4598.41,1.14
M0014432,N,19,2,7416.6,0,1,0,4177.35,3333.44,1.32
M0014433,N,40,4,11483.73,0,1,2,3290.75,12651.93,3.89
M0014434,N,19,2,15956.14,0,0,0,8405.61,4788.78,1.16
M0014435,N,45,0,6950.54,0,1,1,1528.82,7377.32,0.45
M0014436,N,72,3,33633.54,0,2,0,19325.4,34663.59,2.12
M0014437,N,69,2,9381.37,0,1,1,1866.92,7908.13,0.77
M0014438,N,50,1,22501.85,0,1,1,3572.01,16229.9,2.32
M0014439,N,50,1,6455.99,0,0,0,1699.62,6078.89,1.52
M0014440,N,60,0,4524.38,0,0,0,1284.28,4401.5,0.0
M0014441,N,77,1,14158.09,0,1,1,1860.17,11213.88,1.1
M0014442,N,69,1,11168.4,0,1,0,2938.67,6968.04,0.57
M0014443,N,60,1,19736.29,0,2,1,4185.71,12142.29,3.79
M0014444,N,30,1,13507.94,0,0,1,7316.24,11607.62,1.0
M0014445,N,69,0,17273.56,0,1,2,2706.61,18655.6,2.3
M0014446,N,57,1,6414.21,0,2,0,3367.3,6130.34,1.45
M0014447,N,76,0,15582.38,0,0,0,1765.13,12749.66,0.0
M0014448,N,79,1,18134.88,0,2,0,6757.9,10426.77,0.8
M0014449,N,79,0,9208.28,0,0,0,2465.15,4871.62,0.7
M0014450,N,39,3,20383.86,0,0,0,2451.13,18382.79,2.12
M0014451,N,79,2,5771.61,0,1,0,1125.12,3844.57,0.68
M0014452,N,65,0,34524.66,0,0,1,16421.97,27874.23,2.01
M0014453,N,29,0,5415.94,1,2,0,1833.46,2888.92,0.5
M0014454,N,55,0,4911.03,0,1,0,1343.86,4930.99,0.85
M0014455,N,68,2,3491.93,0,0,0,1157.18,4631.14,1.56
M0014456,N,77,2,40528.67,0,2,0,1309.55,33499.45,1.75
M0014457,N,79,0,11443.22,0,1,0,5988.54,9351.45,0.5
M0014458,N,30,1,8700.62,1,0,0,5031.27,5636.49,0.83
M0014459,N,19,0,25653.37,0,1,0,3541.99,34252.49,1.23
M0014460,N,46,1,5934.34,1,0,0,4059.19,5841.41,0.0
M0014461,N,69,2,14039.94,0,0,0,1335.77,14624.75,0.32
M0014462,N,36,2,6481.74,0,0,0,2116.95,9332.21,0.33
M0014463,N,71,2,8491.39,0,1,0,5660.65,6095.42,1.26
M0014464,N,34,0,13623.23,0,3,2,5921.04,7799.31,0.31
M0014465,N,75,0,9525.06,0,1,0,5552.87,10874.84,1.56
M0014466,N,63,1,14404.77,0,0,0,2552.49,16905.65,1.27
M0014467,N,20,0,11640.96,0,1,0,1960.07,15341.03,1.09
M0014468,N,71,0,25720.29,0,0,0,8330.09,13884.94,1.91
M0014469,N,66,1,6649.38,1,0,0,2987.73,4641.86,1.1
M0014470,N,40,1,21926.18,1,2,0,7125.98,15274.19,2.15
M0014471,N,66,1,17580.46,0,3,2,5960.62,9610.04,1.2
M0014472,N,31,1,25140.55,0,1,0,18225.5,16599.06,0.99
M0014473,N,71,1,12059.29,1,1,2,4275.78,9676.43,1.72
M0014474,N,77,1,23180.88,1,0,0,7232.43,26377.6,1.7
M0014475,N,24,0,12455.8,0,2,1,4959.63,8383.72,0.42
M0014476,N,53,1,7424.29,0,1,0,4570.35,2808.71,0.42
M0014477,N,55,2,41610.46,1,1,0,4369.31,50794.94,1.71
M0014478,N,78,0,34073.76,0,2,0,12956.81,14736.83,0.56
M0014479,Y,37,5,323816.57,3,4,4,210491.56,156190.96,4.61
M0014480,N,78,0,6248.18,1,0,0,3825.44,5425.46,0.59
M0014481,N,36,0,17723.76,0,0,0,12237.7,5014.88,0.67
M0014482,N,23,2,11157.14,2,0,0,1881.07,7192.58,1.29
M0014483,N,51,0,9290.67,1,1,0,2306.99,5155.1,1.16
M0014484,N,54,0,3541.23,0,0,0,1275.22,2462.67,1.63
M0014485,N,41,0,36200.99,0,2,1,2952.74,27830.68,0.0
M0014486,N,18,3,7904.02,1,0,0,6095.68,3560.44,0.0
M0014487,Y,61,3,581388.68,4,5,4,138100.07,371170.52,6.86
M0014488,N,48,3,33094.88,0,0,0,25502.18,10059.57,3.16
M0014489,N,55,1,3760.13,1,2,0,656.76,3340.59,0.0
M0014490,N,29,2,4488.64,0,0,0,2030.78,2874.61,1.02
M0014491,N,60,1,22117.87,0,0,0,8402.11,9419.86,0.9
M0014492,N,54,2,5099.55,0,1,0,2086.2,5101.86,0.34
M0014493,Y,49,7,108123.23,3,2,2,52948.08,69511.02,4.72
M0014494,N,58,1,5960.18,0,0,0,1604.41,4878.9,1.05
M0014495,N,80,2,6132.4,0,0,1,2192.06,6179.19,1.26
M0014496,N,46,0,6327.53,0,1,0,2702.19,6836.88,0.0
M0014497,N,80,1,17701.48,0,1,0,2594.17,12119.03,0.84
M0014498,N,75,2,22263.98,1,2,0,3253.27,22620.3,2.29
M0014499,N,20,3,21341.8,1,2,1,5787.67,17526.47,2.87
M0014500,N,69,0,4646.68,0,0,0,626.8,4815.5,0.0
M0014501,N,54,1,22628.08,1,2,0,2267.43,15954.03,2.69
M0014502,N,72,0,37281.23,1,1,1,9600.84,20169.4,2.85
M0014503,N,42,0,8329.18,0,0,0,1234.03,13256.47,0.88
M0014504,N,18,0,4303.11,0,2,0,1011.18,4318.58,0.59
M0014505,N,62,2,13511.74,0,3,0,4061.17,18953.03,1.69
M0014506,Y,48,3,152084.5,3,2,6,45739.83,125830.59,4.2
M0014507,N,65,1,8379.02,0,1,1,876.34,7144.59,2.11
M0014508,N,21,0,9680.61,0,0,0,1799.29,8504.03,1.18
M0014509,N,27,1,4433.3,0,0,0,602.94,3011.98,0.77
M0014510,N,38,1,11388.91,0,2,0,2472.06,15923.64,1.92
M0014511,N,78,1,17306.77,0,0,0,1457.29,13272.73,0.16
M0014512,N,60,1,11542.38,0,0,0,1590.8,15200.41,0.0
M0014513,Y,80,2,433712.68,4,5,5,315652.81,113458.23,6.99
M0014514,N,32,0,6538.86,0,2,0,2239.08,4810.5,1.16
M0014515,N,44,2,39784.5,0,0,0,1628.29,29614.84,1.1
M0014516,N,72,2,22082.97,0,3,1,10729.86,18947.13,2.37
M0014517,N,70,1,13626.55,0,1,1,2628.77,8212.03,1.46
M0014518,N,72,0,12599.11,0,1,1,8755.42,10637.91,1.82
M0014519,N,52,2,9154.5,0,0,0,3759.54,3608.56,0.26
M0014520,N,66,2,12671.25,0,2,1,2044.21,9705.8,2.18
M0014521,N,64,0,17741.38,0,1,0,3799.59,10262.78,1.98
M0014522,N,31,1,8104.15,0,1,0,10013.06,3296.83,2.16
M0014523,N,78,0,2983.19,0,2,0,1624.94,3285.27,1.29
M0014524,N,42,1,13540.05,1,1,0,5316.24,10581.12,0.82
M0014525,N,76,2,15065.7,0,0,0,759.67,12293.56,0.19
M0014526,N,30,1,9637.55,0,0,0,674.56,6864.71,1.74
M0014527,N,29,2,20870.97,0,2,1,3400.62,21938.95,2.21
M0014528,N,64,2,12599.26,0,0,0,2265.86,10488.09,0.68
M0014529,N,37,1,21480.55,0,0,0,2316.04,19546.82,0.77
M0014530,N,25,0,6059.51,0,0,0,2478.92,5144.03,0.0
M0014531,N,60,1,16331.71,1,0,1,4640.75,9463.27,1.09
M0014532,N,51,3,27967.33,1,1,1,8728.07,13858.91,1.74
M0014533,N,48,0,29202.94,0,2,0,3780.32,22003.44,0.79
M0014534,Y,85,7,186108.89,5,2,6,44550.14,134429.56,5.84
M0014535,N,29,1,35523.77,1,1,1,2930.25,25949.26,1.85
M0014536,N,69,1,9826.03,1,1,0,2228.87,7001.72,1.42
M0014537,N,26,0,3256.25,0,1,0,679.05,4421.49,1.43
M0014538,N,53,2,8997.29,1,1,0,1853.32,10047.17,1.44
M0014539,N,21,4,27619.9,0,3,3,5825.67,16380.75,2.59
M0014540,N,60,2,31759.69,0,0,0,3197.83,30284.64,1.59
M0014541,Y,38,7,298286.95,4,6,3,142462.84,108864.88,7.39
M0014542,N,52,0,10661.79,1,0,0,932.52,8959.01,1.62
M0014543,N,73,1,8301.83,0,0,1,2264.1,9073.11,0.99
M0014544,N,65,0,13611.18,0,0,1,3580.13,8134.12,0.3
M0014545,N,24,0,12460.13,1,0,0,2503.94,10770.59,0.71
M0014546,N,19,0,21321.85,0,0,2,2566.88,21417.26,0.88
M0014547,N,32,2,8946.88,0,0,0,3024.75,7297.2,1.38
M0014548,N,39,2,7461.25,0,1,0,2382.77,9729.13,0.44
M0014549,N,49,0,6719.44,0,0,0,875.19,6061.26,0.0
M0014550,N,47,0,7541.92,0,0,0,1320.43,5351.18,0.41
M0014551,N,34,2,12205.37,0,1,0,4443.54,9293.97,1.96
M0014552,N,73,0,8648.76,0,2,0,2977.48,3824.96,0.0
M0014553,N,58,0,3402.97,0,0,0,2338.87,3162.04,0.25
M0014554,Y,47,6,320800.81,6,6,4,248697.56,177175.26,6.39
M0014555,N,22,1,2690.69,0,2,0,750.04,2132.31,0.41
M0014556,Y,53,4,213960.98,4,4,3,110975.8,96607.55,5.38
M0014557,N,49,0,13535.34,0,0,0,1727.91,10720.12,2.21
M0014558,N,43,1,11040.58,0,1,0,1716.57,8090.3,0.34
M0014559,N,48,0,4728.1,0,1,0,3465.46,3938.41,0.42
M0014560,N,47,1,3011.27,0,0,0,501.36,2184.26,0.55
M0014561,N,45,0,12623.97,1,0,0,2078.97,12536.19,0.33
M0014562,N,80,0,4298.17,2,0,0,1940.14,2611.48,0.66
M0014563,N,36,1,2747.66,0,1,0,1891.88,2963.71,0.0
M0014564,N,67,0,21064.7,0,3,0,7402.82,10259.02,2.8
M0014565,N,49,0,7679.98,0,0,0,1471.59,6275.24,0.0
M0014566,N,47,2,32642.72,0,1,0,20660.31,7725.27,2.22
M0014567,N,58,2,9447.29,0,1,0,2747.08,7409.32,1.79
M0014568,N,71,0,18799.32,0,2,1,5806.79,16125.97,1.73
M0014569,N,71,0,28686.52,0,0,0,6657.32,20449.9,1.11
M0014570,N,18,2,13518.69,1,0,1,1928.98,9268.67,1.83
M0014571,N,40,1,18832.66,0,0,0,4906.13,9973.15,0.44
M0014572,N,34,0,11007.89,1,0,0,1167.29,11172.69,0.42
M0014573,N,50,0,9111.81,0,0,0,610.33,6718.86,1.07
M0014574,N,40,0,11168.14,0,0,1,3125.07,8607.03,0.07
M0014575,N,70,0,7204.33,0,0,0,8670.5,2407.68,1.11
M0014576,N,43,1,17368.78,1,2,1,8334.34,7706.88,0.09
M0014577,N,70,1,11714.2,2,0,0,3569.26,10731.84,0.17
M0014578,N,69,2,5568.54,0,0,0,3479.88,2870.1,0.42
M0014579,N,44,0,11536.13,0,1,1,4157.89,14965.02,0.42
M0014580,N,51,0,4253.44,0,2,0,1341.95,5817.62,0.25
M0014581,N,23,2,7129.67,0,1,0,2167.04,8535.86,1.13
M0014582,N,28,2,15616.2,0,0,0,3431.53,10693.39,0.27
M0014583,N,59,2,14229.33,0,1,0,5227.87,11001.36,2.04
M0014584,N,28,2,25058.54,0,3,0,1969.18,19852.16,1.1
M0014585,N,63,1,18465.7,0,0,0,7307.64,14149.08,0.1
M0014586,N,22,1,7883.03,0,2,0,1872.09,7733.12,1.56
M0014587,N,33,1,30482.44,1,1,0,5443.68,23524.2,1.31
M0014588,N,39,0,16733.2,0,0,0,2273.04,11133.28,0.98
M0014589,N,43,0,2771.77,0,0,0,1386.8,3043.29,0.16
M0014590,N,19,3,27244.64,1,0,1,3284.74,19971.78,2.73
M0014591,N,80,0,9265.37,0,1,0,1278.87,6691.97,0.39
M0014592,N,18,0,19040.08,0,0,1,3525.37,18972.27,2.16
M0014593,N,56,1,8546.41,0,2,1,4720.43,4994.81,2.07
M0014594,N,63,0,6138.57,0,0,0,1857.75,3342.72,1.29
M0014595,N,44,2,10680.5,0,2,0,5690.87,7849.59,1.14
M0014596,N,41,1,8686.12,0,1,0,3890.13,8134.48,0.71
M0014597,N,69,1,6686.69,0,0,0,5932.51,3632.64,0.93
M0014598,N,56,1,6560.59,0,0,0,1859.95,4259.36,1.36
M0014599,N,25,0,18093.35,0,1,0,5116.92,20247.49,0.44
M0014600,N,20,1,3468.03,0,0,0,877.17,2072.91,1.33
M0014601,N,32,2,6849.37,0,2,0,3922.2,7533.89,0.53
M0014602,N,29,2,11696.63,0,0,0,5007.05,4802.35,1.97
M0014603,N,53,0,16280.01,0,1,0,1128.79,21949.35,1.56
M0014604,N,19,1,38693.71,0,0,0,5079.04,31448.5,2.61
M0014605,N,40,0,3102.72,0,0,0,1567.53,2559.42,0.75
M0014606,N,75,0,6319.01,0,1,0,2414.59,4414.44,0.46
M0014607,N,51,0,9126.81,0,0,1,2375.65,5779.89,0.68
M0014608,N,51,2,25690.89,0,2,0,8977.14,17094.36,2.33
M0014609,N,53,0,11342.72,0,0,0,1850.81,7605.55,1.31
M0014610,N,49,2,36242.46,0,0,1,4746.0,32029.48,0.0
M0014611,N,68,1,8773.74,0,0,0,2658.27,4551.44,0.0
M0014612,N,67,0,20369.24,0,1,0,7039.95,10999.06,0.43
M0014613,N,43,0,4352.9,1,1,0,1388.01,2078.47,0.0
M0014614,N,80,2,8233.45,0,0,1,847.78,7587.0,1.25
M0014615,N,70,0,4020.31,0,0,1,1425.32,3516.77,0.61
M0014616,N,50,0,9192.38,2,0,0,1359.28,6664.58,0.0
M0014617,Y,46,9,251725.24,5,2,6,86706.7,238526.45,8.6
M0014618,Y,50,5,118859.05,3,3,5,46115.77,79491.87,3.19
M0014619,Y,81,8,186377.93,5,2,4,52545.47,161736.53,8.56
M0014620,N,54,1,31650.55,0,2,0,15807.06,17421.77,1.78
M0014621,N,41,0,4911.51,0,0,0,1804.57,3533.15,0.61
M0014622,N,78,0,12335.2,0,0,0,3076.2,6795.28,1.69
M0014623,N,57,1,16821.42,0,2,0,5766.47,8123.48,1.61
M0014624,N,61,0,15960.82,0,2,0,2593.47,12917.15,0.61
M0014625,N,42,2,10618.19,0,0,0,1981.04,13225.15,1.42
M0014626,N,27,1,18861.9,0,2,0,8841.15,6157.69,2.58
M0014627,N,77,0,6575.54,1,0,0,2685.58,5214.69,2.16
M0014628,N,54,1,33031.4,0,1,1,5741.55,40140.27,0.38
M0014629,N,50,0,11765.79,0,0,1,4095.46,9033.37,0.52
M0014630,N,34,1,16508.72,1,2,0,3539.06,10090.44,0.39
M0014631,N,71,3,16686.86,2,0,2,4169.24,14214.14,2.84
M0014632,N,58,1,7974.48,0,1,0,2873.56,9930.2,1.0
M0014633,N,55,0,4189.3,0,0,0,1027.58,3953.99,0.31
M0014634,N,78,1,13204.25,0,2,0,5760.07,7936.7,2.11
M0014635,N,79,1,6634.44,0,0,0,4000.51,3557.09,0.0
M0014636,N,62,0,5078.74,0,1,0,1537.51,6281.77,1.1
M0014637,N,38,2,26313.04,0,0,0,1761.73,21933.31,1.8
M0014638,N,21,1,11316.67,1,2,0,961.97,14624.24,2.41
M0014639,N,35,2,20723.25,0,1,0,9197.21,19416.24,0.0
M0014640,Y,83,2,216795.82,4,3,4,74809.15,120519.84,6.4
M0014641,Y,58,4,600068.74,7,8,6,270426.34,352439.27,4.22
M0014642,Y,74,3,152010.19,1,1,4,97747.4,89655.05,5.12
M0014643,N,20,0,9024.08,0,0,0,3351.02,10067.88,0.71
M0014644,N,67,1,12802.23,0,0,0,4231.27,10804.41,1.01
M0014645,Y,72,3,131205.0,2,5,3,94592.87,74420.98,4.13
M0014646,N,79,0,12834.98,0,0,0,1715.75,8319.15,0.0
M0014647,N,60,0,33597.69,0,1,0,8016.31,27095.81,1.44
M0014648,N,45,1,8695.2,0,0,0,3916.88,5997.38,1.07
M0014649,N,58,1,6300.9,0,0,1,3077.26,5811.53,2.09
M0014650,N,72,0,21457.86,0,1,0,3991.58,16076.13,1.58
M0014651,N,74,3,15916.25,1,1,0,1175.53,12993.41,1.03
M0014652,N,40,1,5464.9,0,0,0,4453.5,1660.9,1.42
M0014653,N,38,0,8148.16,0,0,0,9406.79,4820.56,1.32
M0014654,N,66,2,20405.12,0,1,0,6226.75,11358.5,0.91
M0014655,N,25,2,18088.51,0,1,1,4161.72,12157.8,1.62
M0014656,N,63,0,20752.78,1,0,0,3945.58,16077.35,1.8
M0014657,N,24,0,25926.63,1,1,1,7010.89,20211.22,0.79
M0014658,N,63,3,16452.46,0,0,0,6846.3,8950.31,2.06
M0014659,N,68,2,40749.52,0,1,0,12927.96,19006.36,2.04
M0014660,N,80,0,4954.91,0,0,0,4681.91,3327.05,1.58
M0014661,N,46,1,17810.67,0,1,1,2033.71,12568.14,0.81
M0014662,N,57,1,41480.43,0,2,1,3804.29,31737.67,0.61
M0014663,N,23,1,8029.48,0,1,0,2593.71,3938.9,1.24
M0014664,N,69,0,13399.17,0,0,0,7474.73,7638.83,0.63
M0014665,N,77,0,11651.59,0,0,0,866.79,11070.22,1.21
M0014666,N,38,1,8646.87,1,2,0,2320.47,8227.49,0.78
M0014667,N,67,2,2460.41,0,1,1,468.31,2636.75,0.0
M0014668,N,56,1,16640.23,0,0,0,3175.48,17112.77,1.32
M0014669,N,46,1,22768.34,2,0,2,2558.29,26808.98,1.43
M0014670,N,40,1,17355.16,0,1,1,3223.8,15481.52,2.23
M0014671,N,36,1,11702.86,0,2,0,5244.23,4284.0,1.27
M0014672,N,65,1,6228.71,0,0,0,2328.59,3708.19,0.72
M0014673,N,30,1,11721.29,1,1,0,2342.25,15838.08,0.75
M0014674,N,53,0,9271.75,0,1,1,310.09,7256.42,0.84
M0014675,N,58,0,10300.45,1,0,1,1591.19,7283.9,0.0
M0014676,N,19,2,26250.82,0,0,1,9776.33,13283.08,1.18
M0014677,N,75,1,23105.49,0,1,0,3094.78,29513.5,2.34
M0014678,N,57,3,26058.88,0,1,1,2534.67,28878.22,1.71
M0014679,N,59,2,13072.97,1,0,1,4775.89,16482.87,1.63
M0014680,N,77,0,21951.06,0,1,1,7200.57,13678.77,0.02
M0014681,N,31,1,15209.71,0,0,0,4364.66,9879.45,2.11
M0014682,N,40,1,5424.4,0,0,0,2491.25,4109.03,1.26
M0014683,N,18,2,12136.14,0,2,0,2722.07,13332.57,0.2
M0014684,N,70,1,14197.59,0,1,1,6694.74,8564.88,2.31
M0014685,N,69,2,5418.18,0,0,0,826.33,5924.02,0.52
M0014686,N,79,2,24187.44,1,2,0,12639.87,10096.33,0.8
M0014687,N,57,1,3320.7,0,0,0,226.33,3182.53,0.17
M0014688,N,22,0,8872.44,0,3,0,2010.73,7851.55,0.12
M0014689,N,26,1,9335.71,0,1,0,3425.84,8931.8,0.62
M0014690,N,59,0,12933.5,0,2,0,4955.83,8373.8,2.03
M0014691,N,19,2,19229.41,0,0,0,4136.2,11525.8,0.27
M0014692,Y,49,5,318779.84,3,1,4,92522.22,239787.69,5.23
M0014693,N,55,0,8396.57,0,0,0,7549.77,1887.35,0.0
M0014694,N,19,0,19752.25,0,2,1,1330.2,15667.25,0.0
M0014695,N,38,2,22182.05,0,2,1,22546.92,9778.26,1.98
M0014696,N,53,1,10334.59,0,1,1,4054.49,6973.52,2.26
M0014697,N,60,2,31353.28,0,0,0,9478.53,26705.06,0.0
M0014698,N,75,1,2017.86,0,1,0,633.2,2629.22,1.59
M0014699,N,19,0,2831.76,1,1,0,1853.04,1550.88,0.0
M0014700,N,70,0,7139.24,0,0,0,1699.92,3887.09,0.0
M0014701,N,50,2,6944.45,0,0,0,3926.54,2997.24,2.01
M0014702,N,67,0,4123.36,0,1,0,386.49,3059.61,0.15
M0014703,N,54,0,2211.17,0,0,0,641.84,1878.3,0.0
M0014704,N,44,1,6149.1,0,2,0,1650.22,7795.56,1.12
M0014705,N,66,1,11883.44,0,2,0,7477.52,6477.09,1.37
M0014706,N,66,0,24983.97,0,1,1,11920.96,13158.62,2.41
M0014707,N,26,1,9460.18,1,0,1,1053.19,6690.54,0.19
M0014708,N,73,0,6890.21,0,0,0,1067.04,7306.19,1.11
M0014709,N,48,1,6769.69,0,0,0,6369.98,4986.52,0.0
M0014710,N,56,0,8755.04,0,0,1,1551.96,12044.27,1.59
M0014711,N,28,1,25421.73,0,0,1,1900.52,19587.67,0.46
M0014712,N,56,0,3889.91,0,0,0,1443.74,2845.54,0.0
M0014713,N,53,3,10578.11,1,1,1,6414.55,8694.66,3.67
M0014714,N,62,0,30237.59,0,0,0,4534.26,20488.17,2.12
M0014715,N,40,2,4000.21,1,0,0,1871.34,4119.52,1.53
M0014716,N,77,1,9237.31,0,0,0,4549.53,7126.43,2.09
M0014717,N,29,0,53805.18,0,1,2,27745.69,14599.12,2.17
M0014718,N,33,1,26676.74,0,2,0,3590.74,17863.12,1.46
M0014719,N,32,1,17411.26,0,0,0,1283.73,16503.49,1.12
M0014720,N,73,2,13133.38,0,1,0,6508.57,6616.05,3.65
M0014721,N,26,1,13273.86,0,0,0,2046.23,9696.5,0.82
M0014722,N,19,1,4774.08,1,1,0,964.49,3731.1,1.06
M0014723,N,50,2,5330.94,0,0,1,2044.48,2897.07,1.01
M0014724,N,48,0,5923.01,0,1,0,1713.64,3042.42,0.88
M0014725,N,47,0,14498.42,0,0,0,2775.58,11981.41,0.55
M0014726,N,38,1,30010.96,0,2,0,3751.89,33423.62,1.09
M0014727,N,62,1,6499.79,1,0,0,542.64,5188.61,0.99
M0014728,N,49,0,20545.92,1,2,0,6329.15,12988.67,0.75
M0014729,N,64,0,8409.87,0,0,0,2130.77,5543.38,0.61
M0014730,N,59,0,7054.12,1,1,0,2930.96,8410.49,0.46
M0014731,N,69,3,15827.74,0,2,1,7722.16,5101.81,2.82
M0014732,N,23,0,7912.41,0,0,0,2446.43,7537.28,0.86
M0014733,N,78,3,11304.43,0,0,0,4534.22,6576.71,1.58
M0014734,N,64,1,3945.71,0,1,0,1733.43,2261.32,1.58
M0014735,N,71,1,23318.28,0,1,1,5101.17,20709.59,2.72
M0014736,N,39,1,32933.85,0,3,1,13825.61,14816.58,1.82
M0014737,N,18,0,5708.8,1,1,0,2011.64,6521.26,1.88
M0014738,N,24,1,23552.06,0,1,0,3659.73,15985.13,1.04
M0014739,N,58,1,14011.38,0,0,0,2551.71,8900.9,0.81
M0014740,N,22,1,5654.22,0,2,0,600.04,5085.47,0.72
M0014741,N,47,1,11603.54,0,1,0,2682.5,11176.05,0.0
M0014742,N,76,0,3573.21,1,2,0,777.31,3450.85,1.87
M0014743,Y,65,4,489740.58,3,5,5,241689.78,248966.7,5.87
M0014744,N,29,4,17742.38,1,2,1,2173.38,25319.45,2.99
M0014745,N,36,1,15430.42,1,3,2,3450.54,9846.61,3.07
M0014746,N,40,1,4424.69,0,1,0,3495.18,3636.57,1.3
M0014747,N,48,0,15133.77,2,0,0,2805.5,10773.5,1.11
M0014748,N,37,1,17736.81,0,1,0,2914.5,20298.69,2.35
M0014749,N,30,2,5215.15,0,0,0,3984.53,3030.5,0.42
M0014750,N,22,0,8736.38,0,1,0,3460.46,4604.15,0.0
M0014751,N,76,0,7806.66,0,0,1,1933.39,5535.69,1.84
M0014752,N,46,1,4038.31,0,1,0,518.95,4436.56,0.98
M0014753,N,47,2,11878.27,0,1,0,3002.94,8713.12,2.58
M0014754,N,41,2,9477.69,0,0,0,2791.29,8776.94,0.59
M0014755,N,69,0,2811.91,0,0,0,2879.95,1190.22,0.94
M0014756,N,22,2,22937.33,0,2,0,13102.18,8671.82,1.41
M0014757,N,77,1,3342.88,0,1,0,1558.79,1548.61,0.0
M0014758,N,54,2,9612.6,0,2,1,8157.77,6124.54,0.0
M0014759,N,76,1,3098.15,0,0,0,1203.38,2748.67,0.45
M0014760,N,60,1,12174.78,0,2,0,3029.39,11230.74,0.15
M0014761,N,66,0,9525.58,0,0,0,4834.85,5724.21,0.34
M0014762,N,79,2,5204.98,1,1,1,1314.42,6758.64,1.56
M0014763,N,59,0,13098.18,0,1,1,7151.31,5601.38,0.37
M0014764,N,36,2,6065.55,0,1,0,2644.74,3669.17,0.46
M0014765,N,31,1,10972.26,0,0,1,4581.37,11038.37,1.44
M0014766,N,27,1,21236.33,0,1,0,5177.89,20156.55,2.24
M0014767,N,20,0,12463.55,0,0,0,2298.45,14494.21,0.0
M0014768,N,74,2,7210.47,0,0,1,2937.3,3405.69,0.18
M0014769,N,25,1,4440.63,0,0,0,3002.6,2300.87,1.38
M0014770,N,46,0,19163.86,0,0,2,4600.52,12214.67,1.88
M0014771,N,60,2,8702.97,0,0,0,2949.82,10119.14,1.49
M0014772,N,34,0,3902.37,1,0,0,2106.04,1867.27,0.91
M0014773,N,55,1,20974.0,0,1,0,922.6,17806.26,2.17
M0014774,N,21,1,7968.54,0,0,0,4368.52,4767.8,1.64
M0014775,N,65,0,5337.06,0,0,0,3681.33,3502.27,0.34
M0014776,N,49,0,4113.94,0,1,0,1353.17,5971.1,1.06
M0014777,N,27,2,15401.52,0,1,0,5285.33,8745.18,2.11
M0014778,N,37,1,43921.49,0,1,1,15762.54,19174.65,0.0
M0014779,Y,59,5,191625.29,1,4,3,70830.4,103767.38,4.84
M0014780,Y,39,2,156003.43,4,5,5,49915.04,149289.91,4.02
M0014781,N,52,1,21576.52,0,0,0,2846.54,16116.77,1.51
M0014782,N,76,1,28183.66,0,0,0,15355.93,13727.88,0.47
M0014783,N,66,0,17321.09,1,0,0,1380.83,12446.71,1.09
M0014784,N,58,2,4232.29,0,0,0,1863.17,2416.84,0.6
M0014785,N,18,1,4873.23,1,1,1,1776.8,3349.99,0.18
M0014786,N,31,1,3821.87,0,1,0,3297.6,3371.67,0.0
M0014787,N,44,3,12807.63,0,1,2,5934.6,9064.1,1.15
M0014788,N,71,0,11675.9,0,0,1,5825.26,13625.28,0.61
M0014789,N,62,2,42262.38,1,1,1,4951.13,34075.14,1.61
M0014790,N,65,0,8914.23,2,0,0,5221.93,3781.58,1.42
M0014791,N,32,1,3936.77,0,0,0,1553.63,3194.08,0.0
M0014792,N,22,1,22585.01,0,1,0,2552.36,17260.59,1.5
M0014793,N,50,1,5733.14,0,1,0,2288.6,2583.69,2.21
M0014794,N,55,1,11288.63,0,0,0,5655.64,7628.07,1.96
M0014795,N,55,1,8180.85,1,0,0,1710.87,6372.68,0.31
M0014796,N,21,0,11716.32,0,1,0,1866.39,18657.78,0.43
M0014797,N,22,0,8181.5,0,0,0,4861.83,9137.93,1.69
M0014798,N,27,0,3330.99,1,1,0,1017.18,3922.82,1.58
M0014799,N,47,2,4446.5,0,2,1,964.86,4727.69,1.05
