member_id,synthetic_high_cost_member_flag,member_age,chronic_condition_count,prior_year_paid_claims,inpatient_admissions,er_visits,specialty_rx_count,rx_paid_claims,medical_paid_claims,comorbidity_score
M0140559,N,45,0,3387.85,1,0,0,1028.52,2517.72,0.86
M0140560,N,52,1,14419.48,0,1,1,4924.83,8942.96,1.26
M0140561,N,22,1,17127.67,0,0,1,4318.67,14382.25,2.05
M0140562,N,61,0,6914.25,0,0,0,2307.17,3412.81,0.2
M0140563,N,58,1,3019.48,0,0,0,629.35,3767.05,0.67
M0140564,N,73,0,18969.9,0,1,1,8533.77,6483.44,0.74
M0140565,N,77,0,5581.41,0,0,0,1776.5,6606.71,0.0
M0140566,N,60,1,30012.61,0,1,0,8199.27,15782.55,2.27
M0140567,N,53,1,16342.32,1,2,0,8043.6,5764.23,1.39
M0140568,N,26,0,17134.73,0,0,0,5007.48,13387.42,0.38
M0140569,N,51,1,4470.12,1,0,0,2660.63,3958.35,0.37
M0140570,N,38,0,5012.6,0,1,0,2225.81,4585.67,1.54
M0140571,N,22,1,10391.25,0,1,0,3665.37,10304.83,1.04
M0140572,N,28,1,9281.81,0,0,0,1948.36,6211.72,1.46
M0140573,N,28,0,6237.5,0,0,0,1916.55,3756.8,0.0
M0140574,N,57,1,13166.28,1,2,0,3683.73,17061.91,1.61
M0140575,N,36,2,10197.9,0,0,0,749.72,8263.04,0.0
M0140576,N,30,0,6069.9,0,1,0,975.8,4611.95,0.74
M0140577,N,72,2,3905.45,0,0,0,2948.13,3560.18,0.97
M0140578,N,41,1,46951.98,0,1,0,1768.03,40699.18,1.03
M0140579,N,23,0,20097.05,0,1,0,1173.13,14748.97,0.5
M0140580,N,44,1,29515.18,1,0,2,6163.5,27391.81,3.01
M0140581,N,29,3,12852.78,0,2,0,1689.19,9356.78,0.53
M0140582,N,54,0,22973.59,0,1,1,3966.3,19974.69,0.36
M0140583,N,33,0,6169.49,0,0,0,233.15,10128.62,1.18
M0140584,N,20,3,16094.84,0,2,0,4130.94,15861.88,2.47
M0140585,N,63,2,23021.6,0,1,1,4127.89,14687.4,3.35
M0140586,N,59,1,17073.81,2,0,1,8229.77,12271.07,1.7
M0140587,N,18,2,6216.66,0,1,0,1311.59,5913.51,1.38
M0140588,N,32,2,9565.06,1,2,1,1550.25,6803.33,0.78
M0140589,N,30,1,7126.85,1,0,0,1065.59,8097.26,1.88
M0140590,N,65,1,11183.95,0,0,0,4430.89,10068.32,0.95
M0140591,N,74,1,7100.93,0,0,0,3109.49,8645.17,1.65
M0140592,N,38,0,2835.37,0,1,1,1658.56,2795.55,0.64
M0140593,N,22,2,40273.62,0,2,0,26373.06,8093.78,1.24
M0140594,N,46,2,25902.12,1,1,0,6200.45,18215.41,0.8
M0140595,N,21,0,9569.28,0,1,0,4861.66,5633.36,1.62
M0140596,N,55,2,13689.89,0,0,1,2224.37,8869.61,0.33
M0140597,Y,74,4,339713.08,5,7,5,124423.8,234794.59,8.43
M0140598,N,72,2,48177.7,1,1,0,11528.54,27859.92,2.85
M0140599,N,56,2,41675.27,0,1,1,2798.11,31729.32,0.92
M0140600,N,59,1,15722.9,0,1,0,1465.13,11312.82,2.53
M0140601,N,32,1,10870.45,0,2,0,2634.67,7367.57,0.72
M0140602,N,75,1,7529.23,0,1,1,3305.29,10231.17,0.71
M0140603,N,27,4,86002.47,0,3,0,9947.28,57292.99,2.03
M0140604,N,49,2,10985.69,0,0,0,512.26,9205.95,0.86
M0140605,N,50,0,18637.33,1,0,0,17190.71,7562.06,0.39
M0140606,N,69,2,6341.16,0,0,0,2594.38,6484.72,0.8
M0140607,N,44,0,12057.72,0,2,2,3466.96,15088.29,2.51
M0140608,N,30,1,19560.65,0,1,1,4160.95,16089.69,1.97
M0140609,N,72,2,3053.63,0,0,0,1585.52,1540.41,1.66
M0140610,N,70,2,12732.92,1,1,0,1963.05,8927.15,0.92
M0140611,N,32,1,5077.63,0,0,0,191.44,4516.74,0.0
M0140612,N,33,0,12172.95,0,0,0,8662.96,3186.96,1.62
M0140613,N,63,1,15431.35,0,2,0,5141.6,15944.32,2.57
M0140614,N,42,2,18083.23,1,0,1,4769.8,10639.2,2.74
M0140615,N,25,0,12901.3,0,1,1,2812.06,11003.68,1.38
M0140616,N,78,1,14806.39,1,2,0,857.96,14425.18,1.81
M0140617,N,51,2,29047.87,0,1,0,17149.0,8185.88,1.37
M0140618,N,48,2,17609.25,1,0,1,1747.37,21096.85,1.51
M0140619,N,43,2,13992.1,0,0,0,6665.97,5772.49,0.92
M0140620,N,49,0,2623.32,0,0,0,1852.47,1105.26,0.15
M0140621,N,33,1,5210.12,0,0,0,3235.32,3961.06,0.0
M0140622,N,24,2,7811.17,0,0,0,2430.85,8321.64,1.47
M0140623,Y,56,5,360547.04,4,5,3,104974.58,228553.47,5.79
M0140624,N,58,1,9361.67,0,0,0,1538.8,6920.05,1.89
M0140625,N,49,2,15777.43,3,0,1,6771.78,17980.93,1.9
M0140626,N,38,1,13951.59,0,1,0,1913.58,9966.26,0.75
M0140627,N,40,2,10593.42,0,2,1,1565.3,15511.13,0.5
M0140628,N,67,2,35902.23,0,0,1,30966.43,26657.41,1.69
M0140629,N,26,0,6837.18,0,2,1,135.92,5450.3,0.0
M0140630,N,52,2,22638.29,1,2,1,5806.33,12207.88,0.8
M0140631,N,44,1,8111.31,0,1,0,2028.21,7866.31,0.27
M0140632,N,26,0,9095.23,0,0,0,8489.54,5666.01,0.22
M0140633,N,49,0,14587.1,0,0,0,2938.53,20412.51,1.95
M0140634,N,75,1,7989.71,0,1,0,1727.39,5428.69,0.98
M0140635,N,47,0,12023.12,0,2,1,1465.44,16412.47,1.24
M0140636,N,41,1,13064.53,0,0,0,2958.99,11667.93,0.99
M0140637,N,32,1,50214.74,0,2,1,10635.72,31875.08,0.63
M0140638,N,80,1,6991.08,0,0,0,2407.71,9897.19,0.0
M0140639,N,18,0,6608.78,0,3,0,1696.7,7003.29,1.25
M0140640,N,37,2,7943.22,0,0,0,3261.57,5070.22,0.69
M0140641,N,70,0,12485.09,0,0,0,1290.85,12521.84,0.88
M0140642,N,44,0,8045.46,1,0,1,2525.73,4621.63,0.0
M0140643,N,73,2,13172.69,1,1,0,3690.61,12252.77,1.3
M0140644,N,77,1,3716.94,0,0,0,637.28,6031.93,0.15
M0140645,N,79,2,14643.26,0,1,0,5311.49,20466.12,2.25
M0140646,N,53,3,5074.25,0,0,1,1056.24,7602.86,1.07
M0140647,N,33,1,18417.66,0,0,0,2309.76,12887.25,2.58
M0140648,N,59,0,4996.42,1,1,0,2356.42,2293.88,0.74
M0140649,N,62,2,11777.61,0,1,0,4943.39,14855.26,1.74
M0140650,N,27,0,2718.11,0,0,0,1003.23,3224.46,0.44
M0140651,N,62,2,9670.04,0,0,0,931.3,14127.03,0.44
M0140652,N,38,0,16232.92,0,1,0,998.13,13165.52,0.19
M0140653,N,57,1,15723.8,0,0,0,2976.48,13803.99,0.83
M0140654,N,22,0,10184.15,1,2,0,3675.16,13690.84,1.15
M0140655,N,79,2,4851.91,0,1,0,1392.88,2950.11,0.78
M0140656,N,28,0,14998.44,0,0,1,1063.34,17963.79,2.22
M0140657,N,72,1,13186.46,0,2,0,1643.96,10376.23,0.77
M0140658,N,54,0,3520.0,0,0,0,1538.57,2850.17,0.16
M0140659,Y,54,4,207374.54,2,2,4,74940.79,99876.5,5.72
M0140660,N,50,0,5181.45,0,0,0,2002.9,2685.88,1.56
M0140661,N,75,0,7090.9,0,2,0,4270.21,2557.16,0.83
M0140662,N,54,0,14742.16,2,1,0,2902.74,18033.17,0.0
M0140663,N,65,3,27791.33,0,1,2,5103.66,20577.25,2.38
M0140664,N,21,0,21688.87,0,3,0,7851.93,16867.33,2.0
M0140665,N,28,1,22830.68,0,0,2,5907.26,27808.66,0.55
M0140666,N,60,3,6696.47,1,1,0,2681.61,5452.58,2.25
M0140667,N,41,0,16145.5,0,0,1,951.0,12344.79,0.52
M0140668,N,70,2,9873.44,0,1,0,2152.87,8951.49,0.0
M0140669,N,55,1,14463.25,0,0,0,5066.19,13413.61,2.4
M0140670,N,76,1,22363.0,0,1,1,5287.14,22107.72,1.85
M0140671,N,55,1,5261.47,0,0,0,2807.57,3425.52,0.0
M0140672,N,20,1,7531.98,0,0,0,1835.37,5885.56,0.04
M0140673,N,42,0,17049.48,0,0,0,885.23,15665.99,2.54
M0140674,N,59,0,4258.26,0,2,0,1500.09,1984.43,1.82
M0140675,N,54,2,34794.55,1,2,0,2695.13,25295.18,3.13
M0140676,N,38,0,3745.02,1,0,0,3537.97,2374.8,0.0
M0140677,N,73,0,14644.64,0,0,0,2663.82,14335.91,1.09
M0140678,N,44,0,3459.72,0,2,0,1641.83,2651.89,0.17
M0140679,N,59,2,6434.49,1,1,1,2202.79,5544.03,0.28
M0140680,N,73,2,2212.12,0,1,0,345.11,2388.62,1.02
M0140681,N,21,1,26098.57,1,1,1,4087.52,20552.47,2.99
M0140682,N,54,0,3368.36,0,1,1,3230.87,2088.53,0.0
M0140683,N,60,2,19850.96,0,1,1,2281.45,13633.95,1.44
M0140684,N,32,0,5763.27,0,0,0,1189.64,5526.7,1.2
M0140685,N,43,1,3831.0,0,1,0,640.59,2877.99,0.0
M0140686,N,44,3,16641.6,1,0,1,2976.77,19216.11,2.41
M0140687,N,21,0,2053.68,0,1,0,504.87,1973.41,0.96
M0140688,N,29,1,7576.59,1,0,0,9114.16,4519.52,0.47
M0140689,N,20,1,7595.26,0,2,0,930.53,9790.92,0.4
M0140690,N,72,0,5178.61,1,0,0,284.51,6805.79,0.97
M0140691,N,67,2,16412.88,1,0,0,3680.2,16557.45,2.63
M0140692,N,67,0,8114.62,0,0,0,4634.39,3609.02,1.0
M0140693,N,73,2,29761.77,2,1,0,9533.56,14647.43,3.16
M0140694,N,53,2,8783.15,1,1,0,1866.38,8368.98,0.03
M0140695,N,21,2,17543.9,2,1,2,3681.49,16218.96,1.46
M0140696,N,39,0,2224.24,0,0,0,443.52,2077.3,0.0
M0140697,N,37,1,11514.55,0,0,0,6824.26,7191.27,1.3
M0140698,N,41,0,8531.38,0,0,0,2353.21,6888.93,0.21
M0140699,N,38,0,5433.16,0,0,0,2432.89,2388.27,0.0
M0140700,N,60,3,29580.87,0,0,0,16046.93,19121.99,1.23
M0140701,N,52,2,14932.23,1,1,0,3970.27,14858.24,0.81
M0140702,Y,79,7,174396.6,3,3,6,72005.29,170185.77,6.01
M0140703,N,70,0,4286.95,0,1,0,1493.08,4283.69,0.27
M0140704,N,37,1,16251.85,0,2,0,1392.84,16089.21,1.22
M0140705,N,73,1,8826.88,0,1,0,2997.81,7699.56,0.39
M0140706,N,44,1,13875.5,1,1,0,4035.96,11280.44,0.78
M0140707,N,55,1,12521.85,0,1,1,1886.9,13714.41,1.69
M0140708,N,60,3,31520.64,0,1,0,15869.92,12278.91,2.74
M0140709,N,29,1,74077.09,0,0,0,29887.13,28059.06,1.05
M0140710,N,70,0,15179.34,0,2,0,4302.78,11153.42,2.13
M0140711,Y,39,5,223201.06,3,1,2,120555.22,153246.29,3.09
M0140712,N,35,2,14012.4,0,0,0,10103.06,10458.73,1.42
M0140713,N,33,0,12291.61,0,1,0,2536.47,7892.08,1.32
M0140714,N,59,0,10618.93,0,2,1,10664.1,5845.06,0.0
M0140715,N,59,1,10137.11,0,1,1,1767.92,10560.83,0.74
M0140716,N,36,2,19930.79,0,1,1,8643.79,15367.16,0.62
M0140717,N,41,0,4850.2,0,1,0,542.37,6553.27,0.14
M0140718,N,39,1,4526.2,2,0,0,1153.42,3348.84,0.83
M0140719,N,67,2,21152.39,1,3,0,7113.47,10828.8,1.76
M0140720,N,72,1,16028.87,1,0,1,3227.45,18123.94,0.78
M0140721,N,73,0,32167.32,1,1,0,8269.71,32176.5,1.45
M0140722,N,54,2,32701.76,0,1,0,21347.7,11797.55,2.5
M0140723,N,72,0,7923.26,1,0,1,2626.2,3592.21,1.05
M0140724,N,37,0,35021.24,0,3,0,2836.89,26987.16,2.61
M0140725,N,28,0,11866.53,0,2,0,1015.28,15922.75,1.42
M0140726,N,63,0,3087.2,0,1,0,726.16,4379.44,0.35
M0140727,N,79,1,10964.4,0,0,0,2345.2,7451.85,1.17
M0140728,N,54,2,11327.82,0,1,0,4533.99,4500.31,0.91
M0140729,N,75,1,15628.11,0,0,0,4373.39,21804.85,1.87
M0140730,N,50,0,3099.47,0,0,0,1564.81,2391.65,0.6
M0140731,N,54,1,5156.03,0,0,0,669.8,8412.28,0.0
M0140732,N,39,0,5525.18,0,0,0,2847.14,1538.58,0.3
M0140733,N,42,2,17950.92,0,0,0,2156.43,13992.86,0.12
M0140734,N,46,0,1963.69,0,1,0,1038.12,2419.74,1.31
M0140735,N,37,0,6759.45,0,0,0,1826.99,8016.68,0.0
M0140736,N,20,2,13344.1,1,1,0,4145.95,10387.46,3.03
M0140737,N,65,1,9078.17,0,2,0,4508.23,5645.81,2.52
M0140738,N,18,0,6930.23,0,0,0,3204.22,6134.63,0.6
M0140739,N,73,0,10079.47,0,0,1,4694.35,12101.46,0.88
M0140740,N,68,0,5573.13,1,1,1,1549.7,3911.81,0.04
M0140741,N,21,0,6810.75,1,2,0,3851.74,4032.02,1.15
M0140742,N,61,0,58330.82,0,2,0,10933.45,41345.42,2.32
M0140743,Y,38,5,136831.35,1,3,3,53934.78,90044.95,4.18
M0140744,N,36,2,8146.12,0,0,0,8591.55,3608.56,0.78
M0140745,N,45,1,28308.81,0,1,0,5733.76,18189.51,0.74
M0140746,N,62,0,12650.01,0,0,1,6469.42,5236.23,0.78
M0140747,N,57,1,15968.15,0,1,0,3108.29,12237.96,2.05
M0140748,N,42,0,3434.8,0,0,0,528.94,4155.35,2.19
M0140749,N,40,0,4391.92,0,0,0,2215.12,1239.24,1.75
M0140750,N,27,2,4175.24,0,1,0,2873.28,3015.87,2.35
M0140751,N,80,0,6120.49,2,2,0,3663.39,6225.95,1.28
M0140752,N,63,2,13987.73,0,1,0,5068.31,19084.67,2.64
M0140753,N,54,2,6608.57,0,2,0,1779.26,6615.39,0.56
M0140754,N,36,2,6486.3,0,0,0,1453.74,5264.8,0.99
M0140755,N,31,1,3580.0,0,0,0,2109.26,3576.92,0.0
M0140756,N,35,0,8761.34,0,1,0,1640.59,8953.36,0.57
M0140757,N,64,0,6438.27,0,0,0,778.77,6581.68,0.31
M0140758,N,19,2,8149.19,1,0,1,2717.26,10092.12,1.39
M0140759,N,32,0,12608.67,0,0,0,890.55,12127.14,0.99
M0140760,N,55,1,7890.55,0,2,0,2208.55,4818.72,0.0
M0140761,N,41,0,15514.99,0,1,0,3949.7,9107.98,2.83
M0140762,N,78,0,4565.71,0,0,0,1091.91,3257.63,0.78
M0140763,N,42,0,4858.97,1,0,0,2637.27,5908.6,0.0
M0140764,N,25,1,7119.51,0,0,0,3649.58,4108.82,1.1
M0140765,N,48,1,13154.82,0,2,0,8564.68,11537.54,1.08
M0140766,N,75,2,11427.17,0,0,0,1030.76,9965.72,0.24
M0140767,N,43,1,16340.94,0,1,1,9174.28,5535.9,2.54
M0140768,N,79,1,1943.18,1,1,0,797.58,2246.34,2.47
M0140769,N,18,0,7821.3,0,0,0,977.44,6491.06,1.57
M0140770,N,29,0,10543.92,0,1,2,2993.92,10251.64,1.28
M0140771,N,39,1,19332.05,1,0,0,14848.17,8808.91,1.19
M0140772,N,35,1,7467.54,0,0,0,1055.82,6242.03,0.11
M0140773,N,62,1,13998.12,0,1,1,4979.48,15680.29,0.0
M0140774,N,53,2,22497.15,0,0,0,6744.0,24438.49,2.26
M0140775,N,24,1,10967.64,0,1,0,4181.26,5649.42,2.78
M0140776,N,48,1,5221.03,0,2,0,4118.45,3984.54,0.78
M0140777,N,76,0,5087.51,0,0,0,3020.53,3019.63,0.54
M0140778,N,23,1,4472.05,0,0,0,785.45,4074.44,0.0
M0140779,N,20,0,4264.17,0,0,0,1527.71,5199.33,0.43
M0140780,N,79,2,43516.31,1,3,0,4056.78,36841.03,2.53
M0140781,N,50,1,17695.29,0,1,0,1801.81,13103.84,0.97
M0140782,N,27,3,8073.96,0,1,1,3542.41,9803.88,2.55
M0140783,N,42,1,13330.48,0,0,1,3368.07,14080.56,2.46
M0140784,N,21,2,6881.12,0,0,1,612.52,7052.55,0.05
M0140785,N,37,4,29149.34,0,0,0,2728.29,25822.39,1.07
M0140786,N,65,1,10667.86,0,0,0,3811.95,15115.31,1.63
M0140787,N,38,0,3825.19,0,0,0,1231.06,5469.12,0.0
M0140788,N,58,1,9979.44,0,2,0,2342.47,6013.31,1.3
M0140789,N,69,0,15561.5,0,2,1,3038.0,11850.73,0.78
M0140790,N,38,0,8907.23,0,0,0,300.71,8167.12,0.92
M0140791,N,64,2,14117.44,0,1,0,11756.63,8061.19,2.09
M0140792,N,38,0,9988.51,1,1,1,3944.19,5299.0,0.0
M0140793,N,49,0,5499.26,0,0,1,2205.51,3043.53,0.0
M0140794,N,30,0,3796.28,0,0,0,989.86,4588.15,1.45
M0140795,N,36,0,4429.36,1,0,0,1654.79,5855.56,1.84
M0140796,N,36,0,22854.47,0,1,2,4715.06,18103.49,1.87
M0140797,N,78,0,11537.01,0,0,0,1642.53,10521.41,0.0
M0140798,N,41,0,10419.15,0,0,0,2712.92,8247.9,1.51
M0140799,N,77,2,10377.89,0,0,0,3479.05,9989.24,1.61
M0140800,N,50,3,2834.05,2,0,0,2096.32,1996.23,0.86
M0140801,Y,62,5,172950.44,6,4,1,93673.82,136920.75,4.69
M0140802,N,39,0,6651.79,0,1,0,1170.03,4806.0,0.02
M0140803,N,19,2,13494.86,0,0,1,3112.85,20569.5,0.59
M0140804,N,71,2,7683.13,0,1,0,3557.25,4272.47,1.64
M0140805,N,36,1,1832.74,0,0,0,749.72,2394.93,0.91
M0140806,N,69,1,4394.65,0,0,0,1005.34,3400.34,0.22
M0140807,N,39,0,4176.03,0,0,1,1331.15,3813.85,0.4
M0140808,N,47,0,5268.69,0,0,0,1121.62,5900.16,0.75
M0140809,N,48,1,8125.21,0,0,0,606.16,10624.71,1.02
M0140810,N,53,0,5246.3,0,1,1,2560.96,2186.46,0.0
M0140811,N,67,3,15623.89,0,0,0,5236.09,7270.21,0.0
M0140812,N,62,0,9591.21,0,2,0,3074.05,11868.92,0.3
M0140813,N,26,0,14577.55,0,0,0,2227.0,15568.01,0.74
M0140814,N,33,1,4108.93,0,1,1,4833.06,1174.34,0.95
M0140815,N,47,2,29669.08,0,0,0,3744.97,22252.44,1.71
M0140816,N,26,0,3301.91,0,1,0,849.4,2952.57,1.06
M0140817,N,28,0,7874.32,0,1,1,1696.72,12039.44,1.32
M0140818,N,71,0,4661.52,0,1,0,1311.64,5371.69,0.93
M0140819,N,72,1,9766.57,0,0,0,4081.04,12605.39,0.55
M0140820,N,32,0,31355.12,1,0,1,6600.58,38379.08,1.68
M0140821,N,26,0,7935.81,0,0,0,4519.45,9426.44,1.91
M0140822,N,60,0,2637.17,0,0,0,1389.7,2034.73,0.85
M0140823,N,29,0,9284.43,0,1,0,1843.4,6748.65,1.01
M0140824,N,19,2,18655.86,0,1,1,5976.44,18889.2,0.89
M0140825,N,24,3,24370.22,0,1,0,4768.77,17969.87,1.9
M0140826,N,63,2,7982.37,0,0,0,794.27,6070.14,0.0
M0140827,N,79,0,6063.39,0,0,0,4734.16,3294.1,0.73
M0140828,N,70,2,20494.97,0,0,0,1021.18,15026.57,0.41
M0140829,N,32,0,3141.52,0,1,0,642.12,4849.24,0.69
M0140830,N,79,2,4350.03,0,0,0,901.07,2569.21,0.85
M0140831,Y,83,6,275747.58,3,4,4,139745.91,192105.02,3.88
M0140832,N,70,0,9755.66,0,2,1,2945.1,8115.24,0.64
M0140833,N,59,2,24359.08,0,2,0,8747.27,14625.01,1.65
M0140834,N,57,0,11284.95,0,1,0,2829.45,15880.4,1.09
M0140835,N,33,0,8594.6,0,1,0,1553.63,5196.32,0.21
M0140836,N,39,0,15589.13,2,0,0,7024.92,7186.13,2.29
M0140837,N,75,2,13510.91,0,1,1,2035.28,15490.56,1.07
M0140838,N,33,0,19635.59,0,0,0,4781.39,18698.0,0.18
M0140839,N,59,2,4201.17,0,0,0,580.99,6439.49,0.0
M0140840,N,35,0,8644.8,1,0,0,3910.16,2907.87,1.74
M0140841,N,64,2,19482.31,0,0,1,9195.95,25816.63,1.67
M0140842,N,79,0,3484.64,0,0,1,1468.59,4562.7,1.19
M0140843,N,25,1,19352.62,0,2,1,3792.6,12113.33,1.31
M0140844,N,60,1,15095.98,0,0,0,4249.98,12253.9,1.59
M0140845,N,41,1,9658.73,0,1,0,1303.82,7571.66,1.04
M0140846,N,27,0,10088.61,0,0,1,1896.54,11183.27,1.06
M0140847,N,50,0,4874.4,0,0,0,1003.53,3657.13,0.54
M0140848,Y,61,2,142424.0,3,4,3,75108.93,112972.84,3.42
M0140849,N,59,0,18181.81,1,0,0,9272.31,10286.52,0.99
M0140850,N,20,2,7102.5,0,0,0,482.03,5684.85,0.0
M0140851,N,75,0,3851.85,0,0,0,2166.22,1170.62,0.58
M0140852,N,58,0,20216.16,0,0,1,2914.87,21210.97,1.52
M0140853,N,46,2,5870.58,0,0,0,1831.69,3430.47,0.02
M0140854,N,58,0,6895.87,0,0,1,1114.33,10636.27,1.17
M0140855,N,19,0,16512.43,0,1,0,3394.64,14020.46,1.06
M0140856,N,57,0,5763.55,0,0,0,475.74,5147.61,0.37
M0140857,N,67,1,25119.58,0,0,0,3108.13,23431.39,1.89
M0140858,Y,68,7,506847.69,6,5,7,274015.95,286287.31,8.28
M0140859,N,52,2,12998.87,1,1,0,10164.84,12971.81,0.58
M0140860,N,50,1,15168.13,0,0,0,1357.97,12839.99,1.21
M0140861,N,19,1,10220.02,0,0,1,10482.94,4673.58,0.0
M0140862,N,52,1,69308.5,0,1,1,5314.35,52931.32,0.84
M0140863,N,23,0,4763.9,0,0,0,791.27,5285.47,0.0
M0140864,Y,78,2,301336.12,1,4,6,121785.55,146618.24,7.09
M0140865,N,31,1,6077.97,1,0,0,4510.92,4460.67,1.27
M0140866,N,35,1,10232.54,0,0,0,2180.31,7863.12,0.59
M0140867,N,50,2,49786.95,1,2,1,22822.93,26326.38,1.98
M0140868,N,24,0,5083.21,0,0,2,1640.2,6048.21,0.3
M0140869,N,58,0,11038.22,1,0,0,2513.4,7543.89,0.0
M0140870,N,28,1,12720.39,0,0,1,1250.88,8761.82,1.29
M0140871,N,18,2,9887.61,0,1,0,3326.14,7903.56,2.34
M0140872,N,41,0,5790.68,0,1,0,2769.0,2652.17,0.03
M0140873,N,51,1,12405.91,0,2,0,2403.62,16176.52,1.8
M0140874,N,39,3,10993.43,0,1,0,9112.54,4580.82,1.21
M0140875,N,47,2,15237.33,0,0,0,1640.62,13242.7,0.0
M0140876,N,78,0,38823.73,0,1,0,3707.26,30456.39,0.76
M0140877,N,23,0,10816.59,0,1,0,3304.84,6064.01,1.05
M0140878,N,63,0,10305.54,0,0,0,2655.0,10300.89,0.8
M0140879,N,33,2,11191.23,1,0,0,3921.19,10064.79,1.58
M0140880,N,66,0,8467.54,0,0,0,2263.25,6627.24,1.35
M0140881,N,25,1,6811.95,0,0,0,1598.46,3780.45,2.33
M0140882,N,62,1,13462.67,0,0,0,6129.49,9713.85,0.09
M0140883,N,45,2,11482.79,0,2,0,3400.47,16027.87,1.12
M0140884,N,40,1,14069.88,0,1,0,5301.56,8405.35,1.93
M0140885,N,59,0,4279.38,0,0,0,4059.45,2735.0,1.05
M0140886,N,63,3,4624.2,1,0,0,606.91,5114.0,1.07
M0140887,N,78,1,5769.95,0,0,0,1612.21,5358.9,1.56
M0140888,N,27,1,8506.47,0,0,0,2709.86,10006.36,0.9
M0140889,N,64,0,6075.27,0,2,0,3201.76,5735.05,0.65
M0140890,N,60,1,10291.06,0,0,0,1543.43,6745.48,0.0
M0140891,Y,64,5,314568.03,5,3,4,121624.9,196030.94,4.12
M0140892,N,35,1,6180.43,0,1,0,2015.93,2985.55,1.41
M0140893,N,65,0,4778.33,0,0,1,1225.91,6242.56,1.84
M0140894,N,23,1,3380.1,0,1,0,1531.41,2883.34,0.98
M0140895,N,74,0,4477.06,0,1,1,982.06,3277.48,0.96
M0140896,N,74,1,7715.29,1,1,1,3300.44,5269.16,0.07
M0140897,Y,38,4,116807.54,4,2,7,40544.06,90764.69,4.59
M0140898,N,24,1,12376.9,0,3,0,3590.04,10439.2,0.76
M0140899,N,67,1,2615.13,0,0,0,1359.87,2149.41,0.0
M0140900,N,25,1,9567.84,0,0,1,2058.02,10953.72,1.22
M0140901,N,43,1,12347.2,0,0,0,6974.63,11829.61,2.34
M0140902,N,76,0,10909.81,1,0,1,1628.82,6940.65,0.0
M0140903,N,66,1,14879.88,0,0,0,8928.56,5946.92,2.47
M0140904,N,18,0,19687.28,0,1,1,5258.55,17416.81,2.43
M0140905,N,51,1,8815.32,0,1,0,3079.7,12275.81,1.61
M0140906,N,31,0,16447.86,0,1,1,11292.79,4101.03,1.43
M0140907,N,43,0,11405.45,1,0,0,1174.74,10484.11,0.0
M0140908,N,66,1,5141.66,0,0,0,482.42,4793.27,0.54
M0140909,N,76,2,10351.49,0,1,0,4693.9,9007.98,2.57
M0140910,N,58,0,8908.54,0,0,0,1225.84,7299.24,1.41
M0140911,N,70,2,17750.53,0,2,0,2082.94,25713.17,1.31
M0140912,N,51,1,3996.77,0,1,0,2011.63,4636.75,0.0
M0140913,N,75,1,6768.2,0,1,1,3592.03,6549.11,1.73
M0140914,N,39,0,22447.3,0,3,0,3134.25,14569.37,1.46
M0140915,N,19,1,7975.62,0,0,1,2447.7,5027.93,0.7
M0140916,N,58,1,21270.73,0,0,0,1427.47,20519.61,0.57
M0140917,N,40,1,14407.84,0,0,0,5172.21,15545.73,0.61
M0140918,N,32,2,17851.03,0,0,0,11343.66,13286.3,1.28
M0140919,N,46,1,8135.34,0,0,0,3041.61,5483.89,0.0
M0140920,N,20,2,10123.37,0,1,1,8342.24,5920.63,1.47
M0140921,N,62,1,49038.11,0,1,0,18109.88,29511.56,1.5
M0140922,N,80,2,25220.12,0,1,0,2072.27,18211.57,1.76
M0140923,N,29,1,10310.78,0,0,0,3322.57,12506.78,1.24
M0140924,N,65,2,15042.05,0,0,0,6025.2,8703.56,0.0
M0140925,N,45,1,26264.45,0,2,2,4562.97,19446.08,2.25
M0140926,N,45,3,5165.17,0,0,0,2719.32,2771.38,0.35
M0140927,N,73,0,10343.52,0,2,0,3488.63,9418.42,0.66
M0140928,N,52,3,5827.82,0,0,0,3708.97,4185.78,1.67
M0140929,N,23,0,20074.34,1,1,0,11882.76,6008.24,0.13
M0140930,N,74,0,9911.95,0,1,0,4025.16,4218.41,1.31
M0140931,N,66,0,7085.02,1,0,1,1564.35,4180.32,0.86
M0140932,N,21,1,16644.69,0,1,0,5997.97,19425.43,0.92
M0140933,N,60,2,10035.24,0,1,0,1782.76,6272.3,1.06
M0140934,N,49,0,17662.51,0,0,0,761.53,13155.94,0.92
M0140935,Y,42,5,210176.33,3,2,2,46735.53,137364.29,2.7
M0140936,N,29,1,14626.42,0,1,1,4478.77,15924.12,1.77
M0140937,N,27,2,17774.82,0,1,0,4046.3,21743.16,2.45
M0140938,N,35,2,22653.83,1,2,0,7194.54,15597.03,1.82
M0140939,N,45,1,23990.94,0,0,0,4126.8,15112.97,1.24
M0140940,N,72,2,19678.98,0,1,0,6244.68,10370.78,0.91
M0140941,N,40,1,9722.34,0,0,0,5424.31,10599.72,1.4
M0140942,N,59,1,7974.02,0,0,1,765.06,5912.06,0.86
M0140943,N,24,2,16372.22,1,1,0,8969.52,4939.33,2.13
M0140944,N,56,3,24138.51,1,1,0,5430.94,23847.84,1.41
M0140945,N,68,1,15914.11,0,0,0,4908.57,13175.22,0.77
M0140946,N,80,1,20577.51,1,0,0,1738.0,18210.55,1.27
M0140947,N,38,1,19465.24,0,1,1,8730.32,9222.09,0.85
M0140948,N,65,0,3075.87,0,1,0,857.24,3159.55,1.67
M0140949,N,73,0,4824.47,0,0,1,625.52,4767.57,1.96
M0140950,N,21,0,14312.03,0,2,1,2780.01,13482.61,1.82
M0140951,Y,39,5,206081.5,2,3,5,77989.62,93858.95,5.19
M0140952,N,48,1,13063.78,0,1,0,2080.31,8305.52,0.97
M0140953,N,56,1,6273.45,0,0,1,4161.52,4393.63,1.82
M0140954,N,42,0,5045.75,1,1,0,386.79,5294.34,0.0
M0140955,N,36,0,3516.95,1,1,0,1498.13,1910.17,0.82
M0140956,N,31,1,6447.81,0,2,0,2315.97,8368.66,0.0
M0140957,N,33,0,8347.08,0,0,0,1714.07,6174.87,3.16
M0140958,N,29,0,3082.22,1,0,0,1530.12,1160.71,0.73
M0140959,N,35,1,7741.29,0,2,0,2814.41,6909.65,0.58
M0140960,N,28,0,5317.03,0,0,0,1394.99,6344.96,0.9
M0140961,N,56,1,5670.17,0,0,0,1883.52,2756.59,1.86
M0140962,N,79,2,13723.13,0,1,0,5590.2,8249.14,1.7
M0140963,N,35,1,6663.7,0,1,0,3265.91,5628.1,1.92
M0140964,N,77,3,12027.02,0,0,0,1787.65,7672.1,1.52
M0140965,N,75,0,21815.25,0,1,0,15015.34,14036.34,0.9
M0140966,N,58,1,9666.78,1,1,2,2601.44,13313.29,2.02
M0140967,N,32,0,18247.37,0,1,2,4627.54,17577.8,0.32
M0140968,N,63,0,6283.18,0,0,0,3672.73,1578.0,0.0
M0140969,N,76,2,10326.06,0,1,0,7341.29,9500.29,0.92
M0140970,N,28,2,16449.44,0,0,0,5742.28,7141.54,1.74
M0140971,N,64,1,5100.59,0,0,1,1931.26,3828.1,1.5
M0140972,N,42,0,19656.7,0,1,2,6039.34,10348.24,2.09
M0140973,N,77,0,8200.58,0,0,0,5903.4,4660.88,0.1
M0140974,N,18,2,9420.98,0,0,0,5592.38,10395.89,0.56
M0140975,N,60,3,14125.15,0,0,0,2512.62,13148.27,2.07
M0140976,N,48,0,4322.21,0,0,1,317.01,3314.53,0.0
M0140977,Y,69,5,306105.08,5,6,4,108142.69,188979.19,4.9
M0140978,N,38,1,7574.0,1,0,0,2287.15,5842.79,0.15
M0140979,N,41,1,8194.36,0,0,0,4078.46,6796.07,1.21
M0140980,Y,61,5,155649.91,1,5,5,60656.47,104526.15,3.26
M0140981,N,32,1,8196.12,0,3,0,1440.13,5087.93,0.99
M0140982,N,75,2,7583.57,0,0,0,6182.14,4536.79,0.0
M0140983,N,77,1,3873.21,0,0,0,2567.79,2130.73,1.82
M0140984,N,73,1,10523.33,0,1,0,4420.69,9296.19,2.85
M0140985,N,21,2,22720.38,1,1,0,2203.69,18599.2,2.38
M0140986,N,25,1,14508.18,0,0,0,1138.64,10697.26,0.87
M0140987,N,32,0,10220.33,0,1,0,1269.16,9199.94,2.43
M0140988,N,56,0,10537.85,0,1,0,1179.74,8781.32,0.82
M0140989,N,47,3,18824.73,0,0,0,1310.39,14322.19,0.76
M0140990,N,69,1,11656.8,0,0,0,3654.52,8491.7,2.36
M0140991,N,53,2,11371.33,0,3,2,5692.31,5152.77,1.39
M0140992,N,60,2,4955.2,0,0,0,2017.51,3768.39,0.96
M0140993,Y,79,4,349679.1,3,5,5,147105.93,161297.08,6.62
M0140994,N,41,0,9399.37,0,0,0,4086.59,7071.75,0.86
M0140995,N,76,1,2929.81,0,0,0,580.33,2272.94,1.49
M0140996,N,32,2,10391.18,0,2,0,4122.74,5134.77,1.58
M0140997,N,32,0,30161.97,0,1,1,17210.98,19166.45,1.86
M0140998,N,27,2,11570.23,1,1,0,4321.35,6257.79,1.53
M0140999,N,60,0,18858.43,1,1,0,2748.15,18996.69,0.33
M0141000,N,78,0,5747.22,0,1,0,2382.0,4330.22,0.51
M0141001,N,73,2,17673.42,1,0,1,4418.7,9626.35,1.28
M0141002,N,71,3,73180.25,2,0,0,8700.57,50727.03,2.27
M0141003,N,60,1,28407.89,0,1,0,5733.8,42450.76,0.76
M0141004,N,32,1,13310.42,0,0,0,1702.65,20022.95,0.98
M0141005,N,55,2,15388.21,0,3,0,10093.71,11912.12,2.12
M0141006,N,22,0,11695.98,0,0,0,1464.39,11334.95,0.09
M0141007,N,19,0,6498.3,0,0,0,1803.31,4910.55,0.43
M0141008,N,37,1,16963.88,0,0,0,4660.69,14052.28,0.85
M0141009,N,79,0,6536.95,0,0,0,2000.18,6280.9,0.85
M0141010,N,76,0,6606.65,0,0,0,1339.06,4034.06,1.84
M0141011,N,42,0,3174.79,0,0,1,1163.13,2761.86,0.94
M0141012,N,25,0,9388.95,0,1,0,2471.27,5004.93,1.84
M0141013,N,60,0,11163.13,0,1,0,1554.76,15930.24,0.91
M0141014,N,69,0,5132.23,0,0,0,2685.72,4063.48,0.27
M0141015,N,58,0,6524.4,0,0,0,4756.59,5867.02,1.49
M0141016,N,35,0,7224.26,0,0,0,3119.39,4128.12,0.35
M0141017,N,41,1,5475.49,1,0,0,819.71,8187.73,1.47
M0141018,Y,79,8,385558.91,4,4,4,182308.58,217003.07,6.16
M0141019,N,52,0,6239.5,0,0,0,3464.78,6852.35,1.74
M0141020,N,62,2,13542.57,0,0,0,3686.0,16765.26,1.4
M0141021,N,72,2,20406.21,0,2,0,2835.83,19744.22,1.52
M0141022,N,19,2,10675.87,0,0,0,3078.51,10278.26,2.17
M0141023,N,40,1,5179.1,1,1,0,1873.88,5576.81,0.73
M0141024,N,23,2,19243.78,0,3,0,5132.35,21594.57,1.95
M0141025,N,23,0,3194.4,1,1,0,1543.72,2763.7,1.36
M0141026,N,19,0,12737.38,0,0,0,3974.85,6199.78,0.0
M0141027,N,31,1,9962.1,1,2,0,2375.98,9648.51,0.25
M0141028,N,76,1,13922.43,0,0,0,4932.05,6593.77,1.47
M0141029,N,45,2,28429.59,1,0,0,7028.33,17915.89,2.28
M0141030,N,18,0,9478.03,0,1,1,6453.76,2461.25,2.39
M0141031,N,18,1,18465.33,0,0,2,1242.32,18475.49,0.12
M0141032,N,67,0,5402.91,0,1,2,2035.24,5294.68,0.14
M0141033,N,46,1,11129.47,0,1,0,1062.2,12178.95,0.11
M0141034,N,42,1,13616.8,0,0,1,2730.58,8665.62,0.86
M0141035,N,58,1,12121.62,1,0,2,10741.62,2718.32,0.21
M0141036,N,55,0,17205.82,0,1,0,4171.17,13511.68,1.49
M0141037,N,40,0,6706.94,0,0,0,1331.68,6418.07,0.0
M0141038,N,68,2,27334.74,0,2,1,6482.47,21709.66,1.35
M0141039,N,50,1,6132.41,1,2,0,711.82,7166.84,1.09
M0141040,N,75,1,12050.29,0,0,1,4075.94,5739.01,1.75
M0141041,N,51,1,7028.38,0,2,0,1361.91,4387.79,1.38
M0141042,N,79,1,13752.52,0,2,1,4824.79,17388.88,2.38
M0141043,N,42,1,4079.96,1,0,0,2170.44,4291.89,1.22
M0141044,N,61,1,5705.76,0,0,2,1258.2,8434.44,1.51
M0141045,N,27,3,9910.67,0,0,1,8012.98,7741.22,0.39
M0141046,N,37,0,7131.33,0,1,0,1065.48,4634.62,0.29
M0141047,N,46,0,7284.68,1,0,1,4081.76,3031.09,0.75
M0141048,N,44,1,3908.86,1,0,0,1206.91,3506.76,1.09
M0141049,N,19,0,7940.24,1,1,0,3090.88,9563.11,2.59
M0141050,N,30,1,13001.83,0,2,0,2777.36,10401.07,1.42
M0141051,N,22,1,11541.99,0,2,0,9957.1,5201.46,1.72
M0141052,N,76,0,7697.44,0,0,0,1622.86,5322.57,0.0
M0141053,N,38,1,4348.02,0,0,0,1617.24,4077.47,0.49
M0141054,N,48,0,21010.07,0,2,0,10067.68,10501.73,0.15
M0141055,N,44,0,6482.99,0,0,0,1220.23,3928.98,1.17
M0141056,N,29,2,6256.06,0,0,0,1172.1,7802.92,1.04
M0141057,N,29,1,12761.81,0,1,0,5550.98,15929.54,1.48
M0141058,N,77,0,15892.13,1,2,0,7842.96,9195.01,2.47
M0141059,N,57,1,15016.71,0,0,1,2834.7,12443.1,1.93
M0141060,N,32,2,23764.83,0,1,2,29081.69,8769.29,1.09
M0141061,N,31,0,5188.89,0,0,0,3490.32,4675.49,0.93
M0141062,N,73,0,6796.7,1,1,0,800.7,5567.17,0.23
M0141063,N,34,2,40017.82,0,2,0,4780.48,29122.05,0.93
M0141064,N,66,1,3429.14,0,0,0,1784.21,3243.63,2.03
M0141065,N,58,1,12211.79,1,2,1,2565.96,11383.24,1.84
M0141066,N,25,0,2871.73,1,0,0,1080.14,2188.96,1.13
M0141067,N,55,0,31905.05,0,0,0,7157.06,23483.1,0.0
M0141068,N,44,2,11132.52,0,1,0,2969.01,12193.07,1.75
M0141069,N,41,2,16436.53,0,2,1,1910.64,14140.19,1.22
M0141070,N,62,1,8064.57,0,1,0,3257.23,3954.65,0.92
M0141071,N,76,0,5169.78,0,0,1,1184.33,3358.11,0.0
M0141072,N,50,2,15291.34,0,2,1,5174.53,17298.26,2.81
M0141073,N,43,3,10640.22,0,2,0,8333.66,3378.91,0.6
M0141074,N,23,3,21849.52,2,2,1,20630.86,10893.93,2.29
M0141075,N,66,0,10224.33,0,0,0,3496.8,6858.39,0.0
M0141076,N,55,0,3965.55,1,0,0,1632.94,2758.56,0.54
M0141077,N,73,1,19823.36,0,0,0,5508.97,12746.28,0.94
M0141078,N,61,3,32182.37,0,0,0,38387.82,14079.86,0.84
M0141079,N,31,0,7095.97,1,0,0,6029.5,3939.12,1.59
M0141080,N,75,0,32384.19,0,2,0,2081.93,27392.54,0.13
M0141081,N,70,1,5539.76,0,2,0,635.61,3935.73,0.49
M0141082,N,31,0,14102.48,1,0,0,3333.7,8517.44,1.28
M0141083,Y,70,4,393430.98,4,4,2,175154.47,205576.29,5.38
M0141084,N,67,3,9171.1,0,1,0,3134.15,5945.0,2.09
M0141085,N,78,0,6997.61,1,0,0,2407.47,8563.19,0.84
M0141086,N,62,1,7241.17,1,2,2,1769.07,5965.92,3.12
M0141087,N,57,2,2665.04,1,0,0,1537.57,3178.21,0.86
M0141088,N,47,1,8818.91,0,0,0,5311.68,5940.42,1.5
M0141089,N,53,1,21741.64,0,1,0,4597.28,32653.02,2.52
M0141090,N,20,0,18685.16,0,1,0,2274.98,16088.27,2.33
M0141091,N,43,1,4725.39,0,0,0,648.25,3962.78,1.17
M0141092,N,29,0,21691.63,0,0,0,6434.66,10658.25,0.8
M0141093,N,47,0,3145.39,0,0,0,1631.29,3211.02,0.94
M0141094,N,20,1,10418.7,0,0,1,2470.78,16219.17,2.12
M0141095,N,42,1,8490.45,0,1,0,1573.72,6030.36,0.09
M0141096,N,46,2,16184.33,0,0,0,2445.45,12976.76,1.3
M0141097,N,32,0,7679.59,0,0,1,968.04,6272.51,0.55
M0141098,N,74,0,2985.84,0,0,1,1102.35,2772.49,0.35
M0141099,N,40,4,19105.64,0,0,0,4238.83,11724.23,0.12
M0141100,N,71,2,16622.0,1,1,0,8714.99,10072.15,1.43
M0141101,N,69,2,6286.27,0,1,1,4922.64,5651.74,1.22
M0141102,N,32,2,5927.33,1,1,0,1767.31,2928.45,1.42
M0141103,N,80,3,27371.09,0,2,1,12454.79,18804.94,1.8
M0141104,N,65,1,33484.43,0,0,0,5516.35,21295.57,1.87
M0141105,N,49,1,15780.27,0,0,1,3836.07,12500.32,1.25
M0141106,N,24,2,9578.93,0,1,0,458.77,8618.4,0.52
M0141107,N,68,1,19646.4,0,2,0,8762.08,14470.91,2.0
M0141108,N,66,2,7471.47,0,2,1,4604.05,6909.92,2.55
M0141109,N,24,0,3948.95,0,0,0,1904.07,4526.34,0.0
M0141110,N,75,1,16083.18,0,0,1,2328.09,13394.86,1.34
M0141111,N,39,3,4529.53,0,0,0,969.66,4324.62,1.6
M0141112,N,68,1,73562.46,1,2,1,46064.49,26849.16,2.35
M0141113,N,69,1,2700.61,0,1,0,754.33,3027.79,1.67
M0141114,N,59,0,10967.21,0,1,0,2299.86,8948.94,0.0
M0141115,N,79,1,18909.65,0,1,0,1470.96,17625.32,0.8
M0141116,N,66,1,21092.43,1,0,0,7623.18,10612.16,0.93
M0141117,N,71,1,7620.58,0,1,0,2629.04,8157.15,0.75
M0141118,N,71,1,10252.26,0,1,0,4587.27,4241.71,2.13
M0141119,Y,40,4,135431.91,1,6,3,82911.66,59402.53,4.24
M0141120,N,41,2,18304.94,0,0,1,8162.75,12198.7,1.81
M0141121,N,27,0,11878.69,0,1,0,1192.77,10381.76,0.99
M0141122,N,63,0,14551.85,1,1,0,1539.95,13914.19,0.0
M0141123,N,24,1,23389.8,1,3,0,5939.15,17566.43,1.65
M0141124,N,23,0,6268.19,1,1,1,1603.01,4949.33,0.0
M0141125,N,46,3,11708.07,1,1,0,4265.67,7719.32,2.21
M0141126,N,76,1,5998.46,0,1,0,607.05,6286.38,0.0
M0141127,N,52,0,4208.13,0,0,0,839.83,6763.62,0.31
M0141128,N,62,1,12288.72,0,3,0,1670.22,16053.67,1.3
M0141129,N,73,0,4813.89,1,1,0,1463.74,2683.43,0.85
M0141130,N,41,1,14515.43,0,0,1,6548.44,6195.93,1.81
M0141131,N,40,0,11357.35,1,0,1,4157.87,7538.53,1.24
M0141132,N,69,2,14851.1,0,1,0,5497.36,8139.41,0.15
M0141133,N,52,1,16178.4,0,2,0,1767.39,15197.55,2.92
M0141134,N,32,0,16981.36,2,3,0,6112.94,15393.91,2.31
M0141135,N,67,1,14855.65,0,2,0,4124.48,10303.59,1.92
M0141136,Y,60,2,333590.8,1,3,2,137510.55,232559.61,5.82
M0141137,N,57,1,25762.5,1,2,0,9018.32,35166.63,2.4
M0141138,N,70,1,12973.08,1,0,1,828.6,11911.62,1.31
M0141139,N,78,2,12274.52,0,0,2,3441.63,9237.78,0.77
M0141140,N,35,3,7409.1,0,1,0,614.46,5797.29,0.09
M0141141,N,59,1,4504.14,0,0,0,2726.31,2366.49,0.0
M0141142,N,60,1,18661.76,0,0,0,9856.83,8607.12,0.16
M0141143,N,75,1,26809.8,1,0,0,3426.45,18588.1,1.43
M0141144,N,33,1,8177.2,0,1,0,3017.11,4157.14,0.55
M0141145,N,30,2,15925.81,0,3,0,10054.59,7747.75,1.11
M0141146,N,77,0,13904.5,1,0,1,2548.0,8939.16,0.52
M0141147,N,74,2,7220.95,1,0,1,1301.68,5331.89,1.8
M0141148,N,48,0,13767.72,0,1,1,2453.48,13854.08,0.73
M0141149,N,25,1,19577.3,0,2,2,5669.62,16814.6,0.5
M0141150,N,52,2,1962.54,0,1,0,1116.43,1821.84,0.44
M0141151,N,55,2,15034.05,0,1,0,11398.17,13337.93,2.61
M0141152,N,32,2,10472.45,0,0,1,5253.26,8372.24,0.86
M0141153,N,51,2,8802.96,0,0,0,1021.9,6188.13,0.28
M0141154,N,21,0,5999.85,0,2,0,3354.59,5738.9,2.42
M0141155,N,65,0,11263.38,0,1,0,784.07,11476.15,0.0
M0141156,N,47,1,27985.31,0,2,1,4249.32,23840.28,2.43
M0141157,N,49,0,4289.48,0,0,0,1108.21,2674.49,0.83
M0141158,N,53,1,6535.44,0,1,1,4249.95,6975.92,1.77
M0141159,Y,80,3,127067.69,1,2,1,70701.28,102648.01,4.66
M0141160,N,19,0,12308.64,0,0,1,1728.93,9696.94,0.55
M0141161,N,30,1,29298.07,0,1,0,5529.37,17868.92,0.95
M0141162,N,28,2,8587.82,0,0,1,1138.22,6673.64,0.52
M0141163,N,20,0,5461.32,0,1,0,2183.0,3968.48,0.99
M0141164,N,24,1,6002.08,0,0,0,1442.92,4505.57,0.49
M0141165,Y,70,6,332478.86,4,5,3,89020.77,305673.28,5.75
M0141166,N,21,2,10490.88,2,0,0,4755.78,11981.76,0.9
M0141167,N,53,1,10465.15,0,2,0,1105.27,7662.42,1.06
M0141168,N,36,0,4571.83,0,1,0,4121.35,3663.04,0.0
M0141169,N,42,1,14236.94,0,1,1,3255.34,10999.93,0.66
M0141170,N,38,3,14729.49,0,0,0,4622.0,7002.92,1.24
M0141171,N,20,0,3252.38,0,0,0,1846.96,2994.3,0.0
M0141172,N,71,1,20411.36,0,3,1,3571.89,17915.37,2.83
M0141173,N,62,0,16035.8,0,0,0,3767.83,13232.52,1.7
M0141174,N,18,0,6393.42,1,0,1,1707.13,4470.43,0.34
M0141175,N,25,1,10857.9,0,0,0,5088.39,5426.99,1.4
M0141176,N,59,0,8603.94,0,1,2,5008.99,5614.98,3.16
M0141177,N,23,2,12771.63,0,0,0,6693.33,6200.29,1.7
M0141178,N,22,2,3995.17,0,1,0,1711.22,2973.58,1.61
M0141179,N,80,1,4732.48,0,2,0,1311.6,4565.77,0.48
M0141180,N,60,1,5660.41,0,1,0,1336.96,4945.65,0.36
M0141181,N,75,2,10866.86,0,1,0,2196.88,9130.45,2.42
M0141182,N,75,0,5747.7,0,1,0,2918.76,5116.39,1.28
M0141183,N,42,1,9225.02,0,1,0,1732.71,7990.53,0.93
M0141184,N,68,0,16311.54,1,0,0,10650.48,10694.98,0.77
M0141185,N,66,2,10875.4,0,0,0,4040.63,8440.52,1.68
M0141186,N,25,2,28368.5,0,1,0,6915.77,20778.78,1.39
M0141187,N,24,2,7067.55,0,1,0,3396.33,6366.6,1.29
M0141188,N,59,0,9767.18,0,0,1,1093.11,8536.76,0.67
M0141189,N,65,1,4172.76,0,0,1,645.5,4566.16,0.74
M0141190,N,22,0,20271.22,0,0,1,7095.64,15346.21,2.89
M0141191,N,50,2,6519.22,0,0,0,1609.33,4413.19,0.71
M0141192,Y,38,6,284075.46,3,5,4,97828.19,186523.09,4.86
M0141193,N,42,0,10574.6,0,2,0,5124.33,6054.02,0.31
M0141194,N,64,2,13184.84,1,1,0,3388.93,15258.27,1.09
M0141195,N,69,2,8914.82,0,0,0,1897.79,5322.39,0.66
M0141196,N,26,1,6132.26,0,0,1,2738.85,3243.05,0.45
M0141197,N,39,1,9051.68,0,0,0,1771.11,7044.43,2.01
M0141198,N,41,2,4725.74,0,1,0,1743.31,2197.73,0.96
M0141199,N,79,0,9890.19,1,0,0,2049.33,5840.53,0.88
M0141200,N,79,1,11158.38,0,0,0,1605.82,13973.24,0.0
M0141201,N,39,2,10223.07,0,1,1,5142.96,3496.43,1.39
M0141202,N,68,0,11714.97,0,1,2,7346.38,5516.64,1.57
M0141203,N,78,4,30408.6,0,1,0,4268.83,29020.21,1.25
M0141204,N,47,1,7213.44,0,0,0,1856.23,4059.73,0.0
M0141205,N,67,0,13367.04,0,1,0,1997.51,8699.4,0.88
M0141206,N,79,0,33356.75,0,2,0,3595.53,31576.01,1.04
M0141207,N,23,3,25110.52,1,2,0,1736.92,25987.8,1.56
M0141208,N,30,1,18255.62,1,1,0,13583.46,6379.45,1.44
M0141209,N,56,1,12191.2,0,0,0,499.81,13966.79,1.23
M0141210,N,58,0,4991.93,0,0,0,2071.02,3426.85,1.01
M0141211,N,40,1,7044.51,1,0,0,3883.39,4022.65,0.65
M0141212,N,65,1,31105.82,0,2,0,3610.48,24239.18,2.74
M0141213,N,37,2,14711.39,0,1,0,5947.67,9325.13,0.34
M0141214,N,51,1,9280.33,0,0,0,2093.8,5370.48,0.0
M0141215,N,50,3,14683.41,1,1,0,2330.69,9767.33,0.0
M0141216,N,67,0,7668.82,0,0,1,3295.83,4559.12,0.32
M0141217,N,48,0,12143.38,0,2,0,3990.17,13649.92,0.21
M0141218,N,57,0,8692.12,0,0,0,4454.62,6791.64,0.0
M0141219,N,41,1,34259.61,0,1,1,5943.96,25213.3,2.69
M0141220,N,31,1,15624.1,0,2,0,8419.23,7318.89,0.69
M0141221,N,49,0,9724.51,0,0,0,4495.63,3366.35,2.54
M0141222,N,18,1,40656.14,0,2,0,19567.83,20702.29,0.9
M0141223,N,74,1,5353.64,0,0,1,4859.11,3193.35,1.21
M0141224,N,53,2,7353.94,0,0,0,8740.57,4246.21,2.09
M0141225,N,46,1,6107.51,0,0,0,3026.33,2104.15,2.74
M0141226,N,28,1,9308.87,0,2,0,2222.5,6728.85,1.32
M0141227,N,60,0,7978.2,1,2,0,3905.86,3247.94,1.67
M0141228,N,52,2,9463.59,0,0,0,3468.31,4253.81,0.86
M0141229,Y,72,9,201185.32,4,1,2,58166.55,122362.83,3.84
M0141230,N,19,2,2859.42,0,0,1,720.19,3596.08,0.37
M0141231,N,39,0,4929.89,0,0,0,2135.84,2513.17,0.11
M0141232,N,52,1,9625.78,0,0,0,4355.63,4801.88,0.55
M0141233,N,76,2,18790.5,0,0,1,6527.1,8167.69,1.31
M0141234,N,47,3,7084.62,0,0,1,975.3,5944.68,0.84
M0141235,N,25,0,7682.13,0,0,0,1399.31,5042.8,0.0
M0141236,N,45,0,5329.88,0,0,0,1652.09,4105.47,1.63
M0141237,N,31,0,19624.6,0,0,0,5214.14,25123.13,0.72
M0141238,N,47,2,19096.43,2,0,1,6674.02,11938.53,0.0
M0141239,N,53,3,20167.03,0,2,0,9963.38,18166.26,2.41
M0141240,N,28,2,14536.15,0,0,1,4062.18,8593.76,2.14
M0141241,N,20,1,11120.19,0,1,0,3867.18,9267.18,1.55
M0141242,N,66,0,19132.73,0,1,0,1948.08,16781.12,0.0
M0141243,N,33,1,6276.71,0,2,1,6691.06,4303.79,0.0
M0141244,N,56,0,20589.16,0,0,0,5987.28,14941.98,1.45
M0141245,N,70,0,14229.7,0,1,1,799.48,11328.24,0.0
M0141246,N,68,1,11871.86,1,1,0,2721.65,9728.45,2.01
M0141247,N,35,0,16540.82,0,2,1,1734.88,11708.56,0.0
M0141248,N,27,0,3112.97,0,0,0,372.31,4253.43,1.37
M0141249,N,27,0,3777.12,0,1,0,4129.88,1848.43,0.28
M0141250,N,64,2,17840.82,0,0,0,3930.02,17017.58,1.34
M0141251,N,61,1,8628.3,0,1,0,1088.94,10985.25,0.42
M0141252,Y,39,7,262624.13,2,4,2,129158.62,130442.32,3.24
M0141253,N,54,0,6890.2,0,1,0,4720.85,5590.81,0.19
M0141254,N,60,1,9154.48,0,0,1,2308.52,10325.36,1.97
M0141255,N,18,2,8123.09,3,0,0,2091.22,6365.26,1.58
M0141256,N,61,2,10140.2,0,0,0,3617.02,11084.39,3.08
M0141257,Y,71,7,178443.15,4,2,2,85314.4,84658.6,5.39
M0141258,N,42,1,22996.65,1,1,3,6451.86,20691.09,1.85
M0141259,N,50,0,13932.28,0,1,0,2620.84,9318.38,0.24
M0141260,N,79,0,3829.09,0,0,1,2115.23,4178.93,1.71
M0141261,N,35,1,6499.79,0,0,0,1375.57,5737.21,0.0
M0141262,N,62,1,4459.29,1,0,0,2103.55,4681.39,0.89
M0141263,N,23,1,5768.19,0,0,0,751.59,5839.63,0.0
M0141264,N,46,1,24649.32,0,0,0,1531.95,31914.6,1.54
M0141265,N,79,0,2378.15,1,0,0,1344.22,828.82,0.09
M0141266,N,56,3,25353.84,0,1,0,4052.05,34465.81,0.28
M0141267,N,71,0,35773.94,0,0,0,1218.86,34742.89,0.25
M0141268,N,27,1,29707.47,0,0,1,2457.34,24191.3,0.74
M0141269,N,60,0,15351.16,0,1,2,3581.29,12648.47,2.1
M0141270,N,28,0,34657.19,2,0,0,9220.05,27941.41,1.85
M0141271,N,23,1,23779.68,0,3,1,3623.94,37758.84,3.16
M0141272,N,50,2,15501.4,1,2,0,3068.12,12868.73,2.89
M0141273,N,55,1,21540.28,0,0,2,3041.03,30526.54,2.72
M0141274,N,30,2,21123.69,0,1,1,12218.49,18579.75,1.77
M0141275,N,32,1,6124.21,0,0,0,363.98,4525.32,1.27
M0141276,N,18,2,12964.7,0,1,0,2904.37,13339.97,2.56
M0141277,N,35,1,10552.33,1,0,0,1950.23,15439.92,1.45
M0141278,N,29,2,21987.66,1,1,0,16075.28,11942.74,2.3
M0141279,N,24,0,7536.85,0,0,0,537.31,7917.23,0.61
M0141280,Y,50,3,118676.87,3,3,3,26345.04,83833.52,4.52
M0141281,N,52,1,3591.39,0,0,0,1274.42,3080.0,0.43
M0141282,N,59,1,7283.7,0,1,1,2470.55,8383.43,0.13
M0141283,N,47,1,12683.99,0,0,3,2892.35,8599.22,0.47
M0141284,N,47,2,5324.12,0,0,0,1066.36,6862.98,0.38
M0141285,N,70,2,16008.76,1,0,0,4291.44,9155.17,1.2
M0141286,N,57,0,5193.82,0,1,0,2841.47,6261.55,2.37
M0141287,N,65,0,3341.59,0,0,0,2318.57,2374.35,2.55
M0141288,Y,76,6,225958.59,2,5,1,52549.38,204281.41,6.2
M0141289,N,28,1,4529.32,0,0,0,1231.5,6562.17,1.17
M0141290,N,40,2,7131.94,0,1,0,3571.78,8898.4,1.06
M0141291,N,64,0,4398.03,0,0,0,1570.23,3112.12,0.0
M0141292,N,40,3,12528.18,0,0,0,9164.8,9143.33,2.56
M0141293,N,75,3,8381.37,0,3,1,4071.49,8626.5,1.6
M0141294,N,54,0,12286.7,0,1,0,1333.16,14440.05,0.18
M0141295,N,29,2,13705.3,0,0,0,3508.41,12892.69,1.62
M0141296,N,45,0,12224.34,1,1,0,1375.41,8457.5,0.0
M0141297,N,33,1,13838.99,0,0,0,7435.41,9215.82,1.56
M0141298,N,63,0,17848.33,0,1,1,5836.53,22054.25,1.94
M0141299,N,65,0,5259.18,1,1,1,2452.68,5677.39,1.93
M0141300,N,25,1,12108.2,0,2,2,10766.51,11035.46,1.31
M0141301,N,35,2,17397.04,0,3,0,4464.02,10158.69,1.07
M0141302,N,70,2,9498.79,0,1,0,2750.68,7728.55,0.6
M0141303,N,47,1,21838.6,0,1,1,8563.82,10189.26,0.17
M0141304,N,57,2,4162.65,0,2,0,1257.04,5045.08,2.77
M0141305,N,28,1,14460.98,0,1,0,1548.95,11112.35,0.95
M0141306,N,30,0,5794.64,1,0,0,4021.2,6292.37,1.17
M0141307,N,54,0,5569.64,0,1,0,3881.52,4714.36,0.58
M0141308,N,64,0,7292.33,1,0,0,1875.05,4111.15,0.06
M0141309,N,31,3,8309.7,0,0,0,405.74,11644.32,2.09
M0141310,N,52,1,22989.77,0,2,0,1262.07,40464.71,1.92
M0141311,N,68,4,30949.02,0,2,0,16674.18,13548.0,1.02
M0141312,N,67,2,11664.39,0,1,0,3388.91,15512.79,1.73
M0141313,N,58,2,37479.2,1,1,0,9984.91,24499.52,1.56
M0141314,N,50,1,20878.1,0,0,0,4215.96,12582.32,0.2
M0141315,N,20,0,5196.5,0,1,0,361.65,7033.19,1.48
M0141316,N,33,0,7633.74,0,0,0,942.86,7506.56,0.88
M0141317,N,51,1,3812.98,0,1,0,1113.01,3108.61,0.76
M0141318,N,71,2,9263.02,0,1,1,1926.08,10642.45,2.16
M0141319,N,41,1,7096.03,0,0,0,1350.17,6148.1,0.89
M0141320,N,54,2,17430.93,1,2,1,610.31,15237.15,0.64
M0141321,N,45,1,6633.29,0,0,0,2716.43,4124.38,0.72
M0141322,N,32,0,39292.85,1,0,0,17914.65,31240.44,3.36
M0141323,N,18,0,14831.49,0,2,0,3389.21,11386.04,1.52
M0141324,N,74,3,10792.92,1,1,2,4309.14,4243.35,1.04
M0141325,N,20,1,8664.38,0,0,0,2667.34,8774.08,1.81
M0141326,N,62,0,14221.83,0,0,0,1837.18,11066.43,1.32
M0141327,N,51,2,33200.66,1,0,0,9733.53,19787.86,1.14
M0141328,N,72,0,13092.51,0,1,1,4398.08,8169.51,1.42
M0141329,N,62,1,9669.92,0,0,0,5938.83,4181.12,0.05
M0141330,N,59,2,8170.0,0,0,0,2527.82,4246.83,1.93
M0141331,N,29,1,15477.8,0,1,0,2320.85,13495.74,2.52
M0141332,N,79,1,4440.64,0,1,0,2721.86,5223.59,2.21
M0141333,N,24,0,1775.45,0,0,0,493.76,2505.79,0.52
M0141334,N,27,0,10331.37,0,0,0,3238.53,6789.63,0.61
M0141335,N,69,0,2140.6,0,0,0,678.75,2578.0,0.39
M0141336,N,55,1,11178.58,0,0,0,895.03,17584.46,1.32
M0141337,N,72,2,28135.22,0,1,1,2685.51,33324.97,0.18
M0141338,N,22,2,11190.2,1,0,0,1276.62,7467.82,0.61
M0141339,N,59,2,18631.56,1,2,1,1605.35,13275.04,1.73
M0141340,N,71,2,11565.77,1,0,0,4236.33,6273.94,1.91
M0141341,N,51,1,5122.92,0,0,0,1232.72,5032.86,1.15
M0141342,N,71,2,7057.44,1,2,0,2776.02,5534.31,1.95
M0141343,N,66,1,12661.2,1,1,0,3998.71,6780.66,0.52
M0141344,N,79,1,6025.93,0,1,0,1244.21,4816.23,1.4
M0141345,N,36,2,10138.15,1,0,1,2358.16,10638.37,1.11
M0141346,N,79,2,7575.12,0,1,1,1958.41,8285.17,2.02
M0141347,N,63,0,13181.31,0,0,0,3711.01,8278.85,0.0
M0141348,N,26,0,5813.49,0,1,0,621.43,7884.05,0.0
M0141349,N,63,1,41663.64,0,1,0,19918.9,31730.0,1.95
M0141350,Y,70,3,162396.1,1,3,1,70538.14,111803.97,5.18
M0141351,N,57,2,1487.3,0,0,0,1053.63,1143.84,1.22
M0141352,N,75,0,8301.82,0,0,0,1304.79,6311.83,0.95
M0141353,N,67,3,11597.47,0,0,0,4561.17,4880.37,1.69
M0141354,N,74,0,9560.93,0,0,0,3210.17,11829.24,0.92
M0141355,N,56,0,8494.45,0,1,1,3227.66,9286.51,0.59
M0141356,N,75,0,9806.93,0,0,0,5560.82,5354.61,1.47
M0141357,N,66,0,9995.42,0,2,0,6125.88,4562.85,1.88
M0141358,N,29,0,23654.54,0,1,1,2804.07,23803.0,1.15
M0141359,N,70,0,27493.78,0,1,0,3645.87,18231.23,0.0
M0141360,N,69,1,12270.22,1,0,0,7528.24,9318.59,0.64
M0141361,N,54,0,8756.39,0,1,0,4709.53,7249.17,0.0
M0141362,N,37,1,11437.15,0,0,0,3708.28,8802.9,1.08
M0141363,N,33,1,8192.64,0,2,0,440.32,6189.13,0.8
M0141364,N,29,1,17874.95,0,1,0,12589.53,18615.18,0.63
M0141365,N,38,2,15852.47,0,1,1,5328.52,21918.08,0.02
M0141366,N,18,3,3278.05,0,0,0,884.34,3139.38,0.0
M0141367,N,64,1,7321.52,0,0,1,972.07,5374.77,0.0
M0141368,N,78,1,27232.69,1,1,1,11031.09,21906.59,1.22
M0141369,N,27,2,11115.6,0,2,1,2085.13,8188.59,1.5
M0141370,N,71,1,12889.63,0,2,0,3546.5,17617.9,1.81
M0141371,N,49,2,2791.97,0,0,0,358.24,2181.2,1.51
M0141372,Y,71,5,322537.98,2,3,3,235390.12,138348.53,3.12
M0141373,Y,42,2,185871.06,4,3,3,100254.9,149529.9,5.33
M0141374,Y,70,7,221186.95,4,2,3,80719.34,207035.26,5.38
M0141375,N,62,2,16498.1,0,0,0,5624.84,13338.77,1.51
M0141376,N,77,0,5591.96,0,0,0,916.49,4007.88,1.12
M0141377,N,50,0,19056.33,0,2,0,3223.16,13230.31,0.41
M0141378,N,62,2,16888.28,0,1,1,3568.97,13340.2,2.09
M0141379,N,51,1,17303.78,0,0,0,5040.29,11275.07,1.28
M0141380,N,79,1,5367.83,0,0,0,3732.02,4053.69,0.96
M0141381,N,75,2,16428.44,0,2,1,3962.92,12357.34,2.2
M0141382,N,44,0,8506.2,0,1,0,7726.54,7317.14,2.97
M0141383,N,57,2,10768.74,0,0,0,869.22,7655.51,1.63
M0141384,N,46,2,25455.72,0,2,1,4745.0,21173.04,0.74
M0141385,N,24,0,2041.65,0,0,0,767.44,2468.92,0.43
M0141386,N,27,2,11504.77,0,1,0,3309.02,12116.7,2.17
M0141387,N,70,1,11016.01,0,1,1,611.25,16101.4,3.05
M0141388,N,60,1,18167.3,0,1,1,2378.18,26367.3,2.26
M0141389,N,40,0,7647.09,1,0,0,5514.0,2401.75,1.02
M0141390,N,39,2,11610.33,0,1,1,5855.31,7411.24,2.15
M0141391,N,74,1,2984.88,0,2,0,2372.47,2012.65,0.93
M0141392,N,27,0,7827.11,0,0,1,3152.75,7372.8,0.62
M0141393,N,76,0,8151.83,1,0,2,2519.04,7824.78,2.37
M0141394,N,58,1,12234.67,0,0,0,3086.36,7667.97,0.67
M0141395,Y,54,7,230252.5,3,2,4,67727.31,126651.74,3.97
M0141396,N,41,1,22003.22,1,2,0,6784.17,11342.88,2.73
M0141397,N,71,1,3552.05,0,1,0,1020.14,3633.9,1.32
M0141398,N,59,0,2397.58,0,0,0,470.77,2369.44,0.0
M0141399,N,23,0,15153.78,0,3,0,2676.37,12032.63,2.0
M0141400,N,27,1,9353.36,0,0,1,406.4,8858.92,2.54
M0141401,N,57,2,7435.31,0,0,0,3270.93,8935.84,1.25
M0141402,N,25,0,18142.02,1,0,0,8331.76,7401.38,0.31
M0141403,N,59,0,12361.8,0,0,0,1389.76,15415.62,1.31
M0141404,N,64,0,11843.73,0,0,0,3203.83,6715.79,0.34
M0141405,N,47,2,11043.69,0,2,1,3587.24,15187.14,2.88
M0141406,N,63,3,16889.74,0,1,1,8624.84,12200.13,1.83
M0141407,N,71,1,48079.85,0,1,0,5002.46,34659.84,2.06
M0141408,N,66,0,7391.87,1,1,1,314.06,6134.24,0.56
M0141409,N,80,2,11628.54,0,0,0,5589.03,6738.63,0.43
M0141410,N,65,2,20178.26,1,2,0,9900.95,7638.78,1.04
M0141411,N,50,2,8779.82,1,1,1,4807.88,7983.75,1.85
M0141412,N,66,0,33547.59,0,0,0,2998.53,23470.3,2.07
M0141413,Y,79,6,109353.71,2,2,2,36408.8,90299.9,2.68
M0141414,N,65,0,7229.6,1,0,0,1323.58,6651.1,0.8
M0141415,N,75,1,1408.72,0,1,0,794.6,1658.43,1.05
M0141416,N,65,1,10768.42,0,2,0,3692.32,6230.86,0.12
M0141417,N,62,2,2275.05,0,0,0,1256.95,2339.78,0.38
M0141418,N,18,0,13270.78,1,1,0,4533.67,7133.99,0.68
M0141419,N,21,0,9652.68,0,1,2,6946.61,6746.36,0.2
M0141420,N,71,1,11900.95,0,1,0,5062.81,14426.18,1.01
M0141421,N,62,3,15650.69,1,1,0,2870.76,15178.37,0.0
M0141422,N,26,0,12532.5,0,0,1,1342.21,9799.78,0.98
M0141423,N,23,2,18682.34,0,1,0,3307.65,11835.97,2.09
M0141424,N,52,2,6259.73,0,1,0,3739.13,5171.32,0.5
M0141425,N,39,0,15053.4,0,1,0,5458.6,14681.48,0.78
M0141426,N,18,0,6254.82,1,0,0,2880.03,2753.15,0.65
M0141427,N,18,1,4544.87,1,1,0,918.03,3816.64,1.22
M0141428,Y,68,5,307307.32,3,3,3,191995.86,153950.97,7.08
M0141429,N,33,0,19778.67,0,0,0,7529.63,8987.72,1.5
M0141430,N,48,0,14890.4,0,0,0,3702.69,10301.85,0.0
M0141431,N,76,0,17042.99,1,0,1,4787.27,21867.23,2.17
M0141432,N,69,3,11342.75,0,1,1,7694.85,2953.98,0.0
M0141433,N,80,1,31389.98,1,2,1,15409.41,10990.8,1.68
M0141434,N,64,2,13387.37,0,1,0,2218.34,12383.28,1.54
M0141435,N,48,1,35094.8,1,1,0,18148.76,12267.54,0.73
M0141436,N,20,0,4387.94,0,0,0,901.72,4047.94,0.65
M0141437,N,19,3,24752.17,0,0,0,4727.78,21969.93,1.27
M0141438,N,26,0,2147.91,0,0,0,300.16,3435.54,0.92
M0141439,N,78,2,24315.15,1,0,0,7848.65,32748.67,2.66
M0141440,N,77,1,5544.74,0,0,1,2168.39,3655.27,0.0
M0141441,N,67,1,8290.89,0,0,0,2728.06,7837.46,0.35
M0141442,N,70,0,12465.08,0,1,0,2641.85,9851.65,0.75
M0141443,N,67,0,7527.45,0,0,0,641.15,7577.14,1.5
M0141444,N,44,0,5320.63,0,0,0,1129.98,4502.32,0.0
M0141445,N,63,0,17458.85,1,0,0,2641.15,24445.88,1.17
M0141446,N,66,1,12274.78,0,0,0,11612.76,7547.65,0.62
M0141447,N,18,3,14306.14,1,0,1,7907.91,6993.88,1.36
M0141448,N,42,3,12235.71,0,1,0,8597.18,5394.54,1.07
M0141449,N,33,3,8606.2,2,0,0,2818.52,4706.83,1.6
M0141450,N,49,0,22971.04,0,0,0,8859.89,11398.98,1.89
M0141451,N,77,0,4541.23,0,2,0,4238.43,3186.04,0.59
M0141452,N,42,0,34645.91,0,1,0,15163.81,13289.48,1.93
M0141453,N,41,1,9301.42,0,0,0,764.3,9154.1,2.09
M0141454,N,30,1,7405.96,0,0,0,583.32,6049.37,0.17
M0141455,N,24,1,5786.32,0,2,0,3066.31,6408.02,2.31
M0141456,N,46,0,5026.17,0,0,0,1349.05,5475.01,1.52
M0141457,N,49,2,19067.23,0,1,0,6828.7,10745.55,1.76
M0141458,N,19,2,8914.93,0,0,1,1399.73,9780.1,0.0
M0141459,N,27,2,5290.16,0,1,0,1735.7,4184.97,0.0
M0141460,N,19,2,10416.19,1,2,1,5658.86,8987.88,1.02
M0141461,Y,84,5,296362.27,2,5,5,60325.08,290436.29,4.52
M0141462,N,49,0,9609.06,0,1,1,2160.15,6429.87,0.53
M0141463,N,54,1,20846.08,0,0,0,2190.96,15472.69,1.13
M0141464,Y,60,5,226746.64,3,2,4,81463.3,219541.72,4.13
M0141465,N,31,3,16841.39,0,1,0,4587.2,12082.68,2.22
M0141466,N,46,1,14765.61,0,2,0,8762.72,3664.77,0.3
M0141467,N,57,0,16073.39,1,0,0,5964.04,8593.43,0.64
M0141468,N,62,1,11151.43,1,2,0,4484.24,13684.21,2.22
M0141469,N,24,0,5258.66,0,0,0,1394.47,3076.6,0.64
M0141470,N,66,2,5964.94,1,1,0,1463.21,6882.54,0.76
M0141471,Y,77,4,250875.42,4,1,4,134636.76,193673.34,3.98
M0141472,N,55,0,7884.72,0,1,0,5893.49,7771.77,1.48
M0141473,N,61,0,5900.8,0,0,0,5477.5,4736.2,0.55
M0141474,N,74,1,15102.72,0,0,0,1948.16,17190.56,0.29
M0141475,N,61,2,14994.25,0,3,2,2256.3,10434.89,1.35
M0141476,N,27,2,3368.99,0,0,0,1524.3,2039.19,2.82
M0141477,N,45,1,20013.36,0,1,1,3526.5,13238.11,1.88
M0141478,Y,60,6,193714.69,2,3,4,118884.1,85888.94,6.2
M0141479,N,24,1,28579.95,1,0,0,8608.74,34400.06,1.71
M0141480,N,63,1,18848.81,0,0,0,1157.68,17974.49,1.12
M0141481,N,75,0,4886.71,0,0,0,342.82,5424.7,1.46
M0141482,N,42,0,3582.0,0,0,0,652.22,2586.7,0.33
M0141483,N,29,0,9243.35,0,0,0,1195.36,9489.44,1.01
M0141484,N,20,1,5817.62,0,0,1,1991.48,4615.37,0.0
M0141485,N,19,1,30135.76,0,1,0,2936.2,21311.58,1.19
M0141486,N,76,1,7607.28,0,0,1,1894.09,9663.8,0.92
M0141487,N,23,0,8100.58,0,0,0,3404.92,6605.6,0.42
M0141488,N,43,2,12168.53,0,1,0,665.61,9828.62,0.0
M0141489,N,77,2,9790.49,0,0,0,825.72,7733.31,0.43
M0141490,N,71,1,18325.57,0,1,0,12368.28,17246.32,2.23
M0141491,N,40,1,13310.76,0,2,0,5049.54,13581.88,1.74
M0141492,N,68,0,17559.58,0,0,0,909.73,15865.16,0.53
M0141493,N,39,0,15571.54,0,1,0,6037.08,10073.49,1.13
M0141494,N,60,0,28611.63,0,1,1,8281.2,15851.84,1.01
M0141495,N,67,1,1068.75,0,0,0,376.84,1563.73,0.0
M0141496,N,60,0,14272.82,2,0,0,2608.46,13451.26,2.6
M0141497,N,58,1,9048.76,0,2,0,1991.14,6410.92,1.14
M0141498,N,56,3,7993.21,0,2,1,1597.6,5773.34,0.0
M0141499,N,62,1,12723.99,0,0,0,7492.78,5196.43,0.45
M0141500,N,74,0,7035.33,0,0,0,508.03,5123.87,0.22
M0141501,N,41,0,14930.41,0,0,0,1793.34,14805.28,0.28
M0141502,N,47,0,4252.07,0,0,1,943.34,2521.57,1.32
M0141503,N,21,0,8657.92,0,0,1,807.29,7937.12,1.26
M0141504,N,55,0,6835.75,0,0,0,2827.26,2851.51,0.87
M0141505,N,31,2,6377.02,0,0,0,4308.08,5056.79,0.78
M0141506,N,26,0,8712.31,0,0,0,2708.87,4700.68,1.56
M0141507,N,66,0,23134.65,0,2,0,2728.06,20700.5,2.82
M0141508,N,56,1,9116.75,0,0,0,2607.54,7593.67,0.78
M0141509,N,45,1,5406.55,0,0,0,1214.67,5429.79,1.43
M0141510,N,72,1,7668.31,0,0,0,3592.71,6115.87,0.0
M0141511,N,72,0,14583.98,0,1,0,2062.16,13788.09,1.63
M0141512,N,80,1,10372.96,0,0,0,5314.82,9543.28,0.0
M0141513,N,72,0,1884.29,0,0,1,1020.28,1652.6,1.83
M0141514,N,76,1,11788.34,1,1,2,10953.44,4570.71,1.64
M0141515,N,80,2,12445.92,0,0,0,2654.13,7114.37,2.04
M0141516,N,47,1,22783.65,0,1,0,7558.11,22835.45,1.39
M0141517,N,52,3,17227.6,0,2,0,12890.77,4941.44,1.48
M0141518,N,69,0,14441.58,1,0,0,1157.01,11076.52,0.0
M0141519,N,69,1,16913.28,0,0,1,3867.49,12272.47,1.1
M0141520,N,26,0,6752.48,1,0,0,2443.18,5369.96,1.1
M0141521,N,45,1,5489.07,0,2,0,782.94,6753.16,0.03
M0141522,N,58,2,13665.27,0,0,0,1426.67,9703.96,0.31
M0141523,N,36,3,11962.42,0,0,0,3986.39,6475.78,2.49
M0141524,N,26,0,3757.13,1,0,0,547.96,3640.12,0.66
M0141525,N,37,1,9124.49,0,0,0,3372.24,4273.29,0.0
M0141526,N,44,2,7285.61,0,2,0,3175.13,3584.53,1.51
M0141527,N,79,1,10517.92,0,1,1,2382.38,13894.09,1.51
M0141528,N,48,2,43879.66,0,1,0,11541.43,30776.48,1.87
M0141529,N,29,0,8119.49,0,2,0,1701.54,10284.82,0.32
M0141530,N,33,0,42604.22,0,0,0,2171.55,34979.74,0.61
M0141531,N,76,0,11784.15,0,1,0,8298.71,11304.9,0.68
M0141532,N,20,1,4790.84,0,0,0,1321.77,2788.63,0.0
M0141533,N,64,1,12693.78,0,0,0,2718.73,9122.21,0.46
M0141534,N,59,0,5460.96,0,1,1,2898.54,5970.29,1.66
M0141535,N,21,1,11996.49,0,0,0,1846.2,8216.11,1.66
M0141536,N,24,1,8678.76,0,0,0,2491.95,10418.5,0.62
M0141537,N,21,0,6015.41,0,0,0,2338.14,3905.8,0.72
M0141538,N,37,1,8100.31,1,2,0,2038.59,6779.64,0.76
M0141539,N,61,2,11916.43,1,1,0,6008.36,6120.12,0.0
M0141540,N,60,0,18645.64,1,1,0,10294.38,20894.21,1.39
M0141541,N,49,1,17165.24,0,2,0,6480.08,13800.49,0.04
M0141542,N,49,0,4860.62,0,0,0,2202.91,2168.09,0.89
M0141543,N,22,2,4648.65,0,0,0,1174.54,4805.69,0.0
M0141544,N,33,1,6438.6,0,0,0,4030.89,4753.39,0.44
M0141545,Y,85,6,259572.57,4,3,3,70377.3,164604.48,2.79
M0141546,N,58,2,7232.81,1,0,0,2540.74,5146.95,1.26
M0141547,N,78,2,18770.82,1,0,0,10229.35,8167.78,1.44
M0141548,N,28,0,8066.86,0,0,0,4568.8,7340.45,2.19
M0141549,N,55,0,6913.99,0,0,0,1134.88,5637.3,1.26
M0141550,N,69,1,34371.03,0,0,0,1660.8,27790.64,1.77
M0141551,N,47,0,8972.81,0,2,0,2864.7,12336.42,0.38
M0141552,N,22,1,17260.7,0,1,1,9199.69,9855.72,1.58
M0141553,N,32,1,26371.97,1,1,0,7161.64,18303.24,1.99
M0141554,N,60,0,2865.3,0,1,0,1734.61,3404.13,1.71
M0141555,N,56,1,10545.0,2,2,0,5461.5,12169.79,1.86
M0141556,N,55,0,7638.35,0,1,1,1440.48,7386.3,0.0
M0141557,N,32,2,8135.94,0,1,0,9540.65,3383.16,0.45
M0141558,N,40,2,20097.17,1,1,0,4855.59,22247.17,0.38
M0141559,N,40,0,4251.56,0,2,1,3787.68,2981.42,0.47
M0141560,N,52,3,20042.65,0,0,1,14629.01,7719.96,2.02
M0141561,N,30,1,14798.33,0,1,2,2510.21,23449.47,2.4
M0141562,N,27,1,17506.0,1,1,0,6117.91,11295.72,2.04
M0141563,N,30,0,15828.47,0,2,1,833.28,14714.01,0.0
M0141564,N,35,4,14421.1,1,1,0,2836.72,10290.97,1.86
M0141565,N,47,2,24350.03,1,1,2,6195.27,16396.68,2.37
M0141566,N,52,0,5162.61,0,0,0,1586.74,4591.86,0.0
M0141567,N,19,0,7513.18,0,0,0,2634.45,3921.58,1.85
M0141568,N,18,1,10234.94,0,2,0,2316.09,5713.15,0.86
M0141569,N,43,2,6859.67,0,0,0,6824.71,4504.34,1.96
M0141570,N,24,0,7031.68,0,1,2,1361.72,5624.45,0.0
M0141571,N,68,1,13608.26,0,2,0,5644.85,8731.96,1.08
M0141572,N,51,1,7022.71,0,0,0,993.26,6958.67,0.33
M0141573,N,62,0,5790.89,1,0,0,2210.81,2544.71,1.31
M0141574,N,45,1,10986.79,0,0,0,1561.25,9903.55,1.6
M0141575,N,35,2,15587.03,0,0,0,4129.41,22853.43,1.58
M0141576,N,24,2,4924.73,0,1,0,2141.31,6523.18,0.47
M0141577,N,46,2,5454.69,0,0,0,1719.65,5864.51,0.03
M0141578,N,50,0,7595.18,0,0,1,1105.08,5376.11,1.64
M0141579,N,56,3,17266.86,2,4,0,2321.76,18355.08,0.82
M0141580,N,60,2,13596.14,0,0,1,1492.03,11486.42,0.9
M0141581,N,40,0,11605.42,0,1,0,1686.64,14695.55,1.76
M0141582,N,45,1,21135.16,1,0,1,20445.68,17438.21,1.92
M0141583,N,34,1,7333.29,0,0,0,3744.41,6576.12,0.56
M0141584,N,68,1,17022.9,0,0,1,5761.4,8264.98,0.0
M0141585,N,44,0,11009.75,0,0,1,4436.83,14821.45,0.31
M0141586,N,46,0,15489.23,1,0,0,5124.04,8694.36,1.01
M0141587,N,55,0,13219.89,0,0,0,2931.61,16257.99,1.66
M0141588,N,60,0,8223.21,0,0,1,3274.37,5564.07,0.54
M0141589,N,57,1,9182.63,0,1,0,7133.57,2161.91,2.36
M0141590,N,50,2,25446.73,1,1,0,9335.4,10666.3,2.79
M0141591,N,29,1,8548.02,0,0,0,1406.69,8410.95,0.69
M0141592,N,74,1,13463.56,0,1,0,2329.29,20307.5,0.34
M0141593,N,64,0,13547.5,0,1,0,1085.67,21762.52,2.08
M0141594,N,38,0,5740.16,0,1,0,971.1,9168.85,0.95
M0141595,N,42,0,12078.2,0,1,0,5586.91,5221.31,1.36
M0141596,N,32,2,9680.65,0,0,0,3473.82,4172.35,1.56
M0141597,N,30,2,22979.92,0,2,0,2155.7,37712.58,1.13
M0141598,N,21,1,13320.76,0,1,0,2590.39,16588.6,0.11
M0141599,N,37,1,11486.05,1,0,0,2475.44,13906.45,0.86
M0141600,N,59,0,31477.71,2,2,0,11232.04,19351.37,1.33
M0141601,N,39,2,3617.93,0,0,0,675.58,3300.33,0.0
M0141602,N,28,0,14814.72,0,1,3,1813.16,13858.13,0.82
M0141603,N,26,1,7551.28,1,1,0,5143.51,6824.59,2.0
M0141604,N,46,2,18944.21,0,0,0,16247.94,14126.51,2.4
M0141605,N,70,3,14140.36,1,2,0,3403.71,12192.16,3.21
M0141606,N,19,0,11212.38,0,1,0,7302.53,6124.27,0.74
M0141607,N,63,2,11204.16,0,0,0,6503.36,6591.99,0.96
M0141608,N,53,0,4670.59,0,1,0,4244.45,3483.57,0.0
M0141609,N,78,1,17940.44,0,2,0,3892.54,11827.49,2.3
M0141610,Y,84,5,281965.77,5,2,4,47264.11,194344.2,6.97
M0141611,N,61,0,21475.67,0,1,0,8013.99,10041.69,1.75
M0141612,N,49,0,5002.88,0,3,0,3598.4,3637.6,1.91
M0141613,N,80,0,9745.15,0,2,1,2520.6,7619.72,0.7
M0141614,N,62,0,7686.77,0,1,1,1604.96,9653.14,2.09
M0141615,N,39,0,6303.18,0,0,0,832.46,4884.57,1.21
M0141616,N,48,1,9850.28,1,0,0,1775.52,7024.94,0.67
M0141617,N,18,0,5796.44,0,2,0,1411.7,4544.32,1.35
M0141618,N,58,0,8336.51,1,0,0,2250.49,5117.18,0.85
M0141619,N,46,2,15149.93,0,1,1,4503.89,9017.81,1.97
M0141620,N,53,1,44084.11,0,0,1,19421.43,18896.69,1.62
M0141621,N,63,1,10812.35,0,0,0,5928.81,11723.26,1.68
M0141622,N,49,0,12657.99,0,0,0,2386.84,14239.74,1.2
M0141623,N,36,1,9651.9,0,3,0,4023.63,11087.46,2.37
M0141624,N,38,0,13891.45,0,0,1,3263.15,14895.63,1.17
M0141625,N,71,0,6402.64,0,0,0,3980.57,1474.58,0.13
M0141626,N,38,1,23692.45,1,1,1,6893.71,16115.27,1.72
M0141627,N,74,1,15726.6,0,2,0,3729.7,9719.01,1.62
M0141628,N,40,1,14105.71,0,0,0,2782.72,12318.59,2.93
M0141629,N,22,3,4580.91,0,0,0,1225.65,5108.03,0.85
M0141630,N,48,1,5288.14,1,0,0,617.46,4622.04,0.0
M0141631,N,66,1,7889.77,0,1,0,902.41,8660.22,0.05
M0141632,N,37,2,13538.04,1,2,0,3601.35,9273.29,1.81
M0141633,N,38,1,26667.11,0,0,0,2392.52,24554.73,0.74
M0141634,N,78,2,9829.19,0,3,0,1076.52,7495.99,2.56
M0141635,N,74,0,7050.72,0,0,0,818.72,7592.12,2.47
M0141636,N,56,1,17334.65,0,1,0,5624.52,9372.88,0.32
M0141637,N,54,0,5027.89,0,2,0,1006.09,5543.92,2.23
M0141638,N,54,1,20325.26,0,1,1,14772.56,8522.63,2.2
M0141639,N,23,0,8340.67,0,0,0,2667.59,5844.13,0.0
M0141640,N,44,1,7208.76,0,0,0,3549.24,5923.88,1.02
M0141641,N,58,0,7942.07,0,1,0,1376.94,8502.6,0.0
M0141642,N,62,1,3826.01,0,1,0,302.84,4757.53,0.11
M0141643,N,40,0,22516.86,0,1,1,3515.85,21739.58,2.49
M0141644,N,53,1,13666.16,0,1,0,5843.19,9462.61,1.44
M0141645,N,72,2,7350.25,1,1,1,3990.03,4924.21,0.15
M0141646,N,74,1,5029.7,0,0,1,2639.89,3128.56,0.83
M0141647,Y,86,5,145618.5,3,1,1,75510.99,122857.0,2.29
M0141648,N,21,2,4092.85,0,1,1,2095.54,2445.51,0.25
M0141649,N,52,0,6008.94,0,0,0,3104.45,4773.22,0.79
M0141650,N,31,0,4290.47,0,0,0,1494.89,6122.44,0.28
M0141651,N,24,1,6274.69,0,1,0,3062.08,5711.18,1.96
M0141652,N,18,0,4130.18,0,0,0,651.78,4049.13,0.0
M0141653,N,64,0,6255.16,0,0,0,1361.9,6192.27,2.25
M0141654,N,25,0,4592.85,0,0,0,819.77,3424.19,0.34
M0141655,N,30,0,5953.58,0,1,0,694.71,6349.8,1.24
M0141656,N,37,1,8031.07,0,0,0,2158.63,4463.95,0.69
M0141657,N,64,0,4470.95,0,0,1,1103.56,2519.71,0.3
M0141658,N,57,0,10810.24,0,1,0,3133.06,9724.52,0.0
M0141659,N,78,0,5751.97,0,0,0,1402.01,3318.51,0.44
M0141660,N,54,1,5138.86,0,0,0,1574.73,3202.93,0.0
M0141661,N,19,1,10065.29,0,0,0,2082.65,7620.29,0.0
M0141662,N,19,0,25937.65,1,1,1,17342.54,6643.19,1.69
M0141663,N,39,0,4401.61,0,0,0,467.57,4182.89,0.45
M0141664,N,63,0,19315.3,0,1,0,8937.32,24599.14,2.08
M0141665,N,68,1,8779.18,0,0,0,2252.36,7716.36,0.0
M0141666,N,78,1,11643.78,0,0,0,3272.28,16203.85,0.52
M0141667,N,75,1,27679.14,0,0,0,11443.6,17419.65,1.68
M0141668,N,20,1,14246.15,0,1,0,3478.08,20143.16,0.91
M0141669,N,75,0,21298.5,1,1,2,5249.35,11426.96,1.86
M0141670,N,59,0,17622.59,1,0,0,1958.22,12883.96,1.51
M0141671,N,72,2,2276.87,0,0,0,1735.49,2339.74,0.0
M0141672,N,62,0,10879.5,0,1,0,1965.74,10160.79,1.51
M0141673,N,32,1,5527.52,0,0,0,3313.74,1257.64,1.36
M0141674,N,53,1,44182.0,1,1,0,23040.04,16453.82,1.68
M0141675,N,47,1,8424.47,0,2,0,4515.65,4359.18,2.15
M0141676,N,38,0,6863.43,0,0,1,4955.12,2305.76,1.98
M0141677,N,77,0,14851.15,1,1,1,6534.64,9742.55,1.22
M0141678,N,25,0,1941.77,0,1,0,607.72,2632.52,1.68
M0141679,N,78,1,7825.38,0,0,1,1935.96,9871.25,2.18
M0141680,N,23,1,6111.1,0,0,0,2164.19,7275.53,0.35
M0141681,N,50,1,16810.28,0,0,0,9902.89,14085.26,2.05
M0141682,N,21,0,10552.48,1,2,0,5079.6,4116.22,1.72
M0141683,N,73,1,12351.95,1,0,0,5403.13,15919.22,1.31
M0141684,N,22,1,9682.28,0,0,0,1531.95,8057.21,1.04
M0141685,N,49,3,11759.66,0,1,0,6487.49,8568.96,1.48
M0141686,N,62,0,8554.54,0,1,0,1419.15,6122.37,1.21
M0141687,N,79,1,4147.01,0,1,0,1462.55,3405.22,1.17
M0141688,N,72,3,30055.92,1,1,1,9291.14,22140.68,1.81
M0141689,N,55,1,4899.15,0,0,0,1101.77,6769.99,0.0
M0141690,N,76,2,19262.39,0,1,0,10343.98,8726.59,2.47
M0141691,N,61,1,7575.37,0,0,0,2312.07,5709.29,0.66
M0141692,N,35,2,20062.75,0,2,0,747.39,19876.31,0.44
M0141693,N,51,0,2041.8,0,0,0,401.15,3027.77,0.34
M0141694,N,72,1,13745.28,0,1,0,2884.52,8382.18,2.64
M0141695,N,26,1,10967.39,0,1,1,1373.09,8992.8,0.32
M0141696,N,29,0,7249.31,0,1,0,898.97,5525.98,0.0
M0141697,N,28,0,9932.2,0,0,0,7797.36,8106.38,0.26
M0141698,N,76,0,11749.59,0,0,0,1477.35,11190.46,0.66
M0141699,N,42,1,7238.53,0,0,1,2945.27,6135.3,2.67
M0141700,N,26,2,9573.29,1,1,2,7631.73,8709.65,2.7
M0141701,Y,68,5,150556.9,3,6,4,33796.68,128486.68,4.67
M0141702,N,75,3,12194.87,0,1,0,9531.36,6120.79,0.0
M0141703,N,50,2,9472.13,1,1,0,1317.91,8947.93,2.61
M0141704,N,75,2,19708.68,0,1,0,5723.31,11693.02,1.09
M0141705,N,24,1,28055.04,0,1,0,13388.37,13218.34,0.0
M0141706,N,39,0,7868.12,0,2,0,591.15,7966.42,1.21
M0141707,N,35,3,16089.9,0,0,1,2217.67,15777.09,0.74
M0141708,N,36,2,7038.51,1,0,0,2442.47,6893.86,0.22
M0141709,N,76,1,10952.65,0,0,0,4100.79,5407.11,2.28
M0141710,N,69,0,21733.94,1,2,0,2877.63,23045.59,0.54
M0141711,N,23,0,7864.7,0,0,1,1194.99,5158.75,1.48
M0141712,N,21,0,6172.09,0,0,0,4478.98,2977.92,0.13
M0141713,N,39,0,4233.55,0,2,0,794.09,6355.14,0.64
M0141714,N,19,0,6812.28,1,1,0,1572.22,8190.8,2.38
M0141715,N,45,1,57646.28,0,1,0,8012.11,43490.71,0.87
M0141716,N,75,1,15391.92,0,1,0,3659.97,9285.24,1.26
M0141717,N,36,1,8869.68,0,1,0,4491.16,3363.1,1.58
M0141718,N,71,0,16052.23,0,0,1,10008.37,11524.96,1.57
M0141719,N,74,1,26225.48,1,1,0,13333.28,16769.93,2.04
M0141720,N,20,0,10821.76,0,1,2,7358.18,7732.43,0.24
M0141721,N,50,2,37078.32,0,0,0,3664.69,26037.22,0.82
M0141722,N,72,0,8583.05,1,1,0,6168.84,6367.74,0.78
M0141723,N,68,3,8495.38,1,0,0,4511.11,3465.36,1.64
M0141724,N,73,0,6764.75,0,0,1,1286.46,6705.6,2.92
M0141725,N,66,1,7625.62,0,1,0,8783.06,1894.26,1.22
M0141726,N,76,1,15049.14,0,1,1,5980.99,13889.04,1.49
M0141727,N,33,1,11279.13,0,0,0,4051.99,11041.67,0.27
M0141728,N,20,1,6582.07,1,0,0,2022.75,4609.0,1.63
M0141729,N,38,0,36837.99,1,2,0,11503.23,27626.28,3.27
M0141730,N,79,4,27085.06,1,0,1,9590.43,13955.75,2.76
M0141731,N,70,2,18350.23,0,2,1,2906.43,11644.37,1.59
M0141732,N,41,1,16750.26,0,0,2,3309.3,14304.95,2.73
M0141733,N,59,2,7562.36,0,2,1,3666.54,7433.49,1.9
M0141734,N,45,4,29936.31,1,0,1,10041.31,22698.02,1.41
M0141735,N,20,0,4972.83,0,1,1,1221.86,3507.49,0.57
M0141736,N,70,0,5040.75,0,0,0,1243.12,2951.54,1.45
M0141737,N,34,3,7158.82,0,1,0,2269.25,10668.64,2.39
M0141738,N,24,2,9106.42,0,0,0,7107.69,7655.79,1.38
M0141739,N,38,0,10447.57,0,1,0,3074.53,7473.25,1.24
M0141740,N,52,0,6582.02,0,0,0,3422.99,2000.09,0.0
M0141741,N,45,1,6796.46,0,2,2,5957.42,5255.98,2.32
M0141742,N,45,2,12969.05,0,1,0,4332.11,9421.22,2.76
M0141743,N,77,1,7353.44,0,1,0,2240.51,4279.74,1.33
M0141744,N,58,0,8766.08,0,0,0,638.21,10584.19,0.09
M0141745,N,51,2,26588.26,0,1,0,9037.75,29592.52,3.09
M0141746,N,58,1,10207.47,1,1,1,7452.19,9653.1,3.56
M0141747,N,56,1,31301.66,0,0,1,19280.06,5416.02,1.53
M0141748,N,39,3,6120.23,0,0,0,1213.01,6891.76,0.0
M0141749,N,53,1,15110.12,0,0,0,5555.94,6257.39,0.0
M0141750,N,68,2,9890.14,0,1,0,2202.37,8808.54,1.98
M0141751,N,27,0,13526.64,0,0,1,3857.44,13643.08,0.0
M0141752,N,62,0,13721.07,0,1,0,6470.58,17145.9,1.3
M0141753,N,48,0,9063.14,0,0,0,2033.12,8964.35,0.0
M0141754,N,23,1,12390.88,1,1,0,1978.29,9040.96,2.29
M0141755,N,44,0,7592.35,0,0,0,2601.21,5299.71,1.23
M0141756,N,22,4,12045.63,0,1,1,3796.58,7717.14,3.53
M0141757,N,47,1,12887.52,0,3,0,4770.07,6809.37,1.54
M0141758,N,23,1,13461.35,0,0,0,1193.1,12826.67,0.17
M0141759,Y,65,3,262822.4,4,4,5,56103.62,272138.28,4.63
M0141760,N,37,1,12487.7,0,0,1,2157.07,10284.36,1.99
M0141761,N,27,2,5422.68,0,1,0,623.87,4944.29,2.31
M0141762,N,47,1,7909.24,0,1,0,6784.89,1769.04,0.07
M0141763,N,79,1,6591.03,0,0,0,805.95,6143.49,1.08
M0141764,N,62,2,10229.07,0,1,0,3141.02,10384.23,0.91
M0141765,N,37,0,2054.39,0,1,0,340.47,1401.86,0.75
M0141766,N,70,0,5955.43,1,1,0,3466.29,5873.77,0.3
M0141767,N,80,0,40010.66,0,1,0,5298.1,26483.5,1.23
M0141768,N,54,0,4177.97,1,0,1,1814.7,3611.93,0.4
M0141769,N,44,0,12752.03,0,1,0,4656.37,12604.63,0.54
M0141770,N,37,1,11891.6,0,1,0,2876.46,12757.26,1.73
M0141771,N,25,0,20441.87,0,1,0,9431.38,14921.73,1.12
M0141772,N,54,1,9259.73,1,0,1,3595.08,4957.81,1.1
M0141773,N,20,1,17861.22,1,1,0,3861.05,11358.16,2.77
M0141774,N,32,2,13941.32,0,0,1,12023.3,7318.98,1.17
M0141775,N,47,0,15225.68,0,0,0,8536.37,9386.79,0.71
M0141776,N,59,1,53050.3,0,2,1,6259.21,52427.1,0.59
M0141777,N,61,0,12598.74,0,0,0,4886.32,9397.39,1.25
M0141778,N,67,1,22855.12,0,0,0,7649.04,11803.79,1.43
M0141779,Y,77,4,138052.36,3,1,1,20400.91,163588.37,4.11
M0141780,N,75,0,11566.1,1,1,1,3035.86,7752.13,1.58
M0141781,N,48,1,3768.13,1,0,2,2670.42,4171.39,0.95
M0141782,N,33,0,7895.67,0,2,0,2368.51,8936.99,0.45
M0141783,N,52,1,35507.85,1,0,0,2754.04,39647.78,1.92
M0141784,N,60,2,14553.96,0,1,1,4638.52,12408.37,2.31
M0141785,N,23,0,11048.8,1,1,0,7132.6,10530.95,0.7
M0141786,N,21,2,10832.83,0,1,0,5933.85,9112.7,2.3
M0141787,N,73,1,13200.07,0,0,2,1969.58,14587.49,0.99
M0141788,N,22,1,12387.87,1,1,0,4173.34,14920.03,2.08
M0141789,N,39,0,7472.65,0,0,2,2283.48,7306.51,1.33
M0141790,N,52,1,3865.91,0,2,0,1274.27,5556.31,0.84
M0141791,N,45,1,5122.36,0,0,1,1841.77,4946.05,2.39
M0141792,N,52,1,12098.25,1,1,0,3928.12,6872.92,0.04
M0141793,N,30,0,12046.44,0,0,0,5644.25,6102.79,0.17
M0141794,N,47,2,29823.13,0,2,1,22904.5,6911.12,2.37
M0141795,N,79,1,7580.92,0,1,0,1227.46,6542.51,0.49
M0141796,N,50,1,11313.35,0,0,0,2138.25,12154.69,1.06
M0141797,N,72,0,8075.64,0,0,0,3069.92,5008.33,0.73
M0141798,N,77,1,16424.27,0,0,0,4899.48,9700.3,1.15
M0141799,N,58,0,3215.04,0,0,0,1506.83,2960.53,0.0
M0141800,N,47,0,15967.69,0,0,0,1694.59,12185.47,0.0
M0141801,N,20,0,13616.75,0,1,0,770.22,10333.17,1.03
M0141802,N,39,0,6235.43,1,1,1,3589.64,2630.96,1.78
M0141803,N,29,3,14892.11,1,0,0,8767.07,10121.91,1.19
M0141804,N,44,1,8387.66,1,0,0,2548.6,8594.46,1.03
M0141805,N,44,2,20573.32,0,0,1,9143.25,6954.02,0.0
M0141806,N,19,0,8454.0,1,1,0,3308.5,4309.32,2.45
M0141807,N,28,1,17124.51,0,2,1,10241.5,10975.75,2.64
M0141808,N,70,1,6253.82,0,2,0,3487.52,1927.03,1.81
M0141809,N,54,0,11666.5,0,2,0,4608.03,8309.38,0.0
M0141810,N,62,0,5428.4,0,0,1,2721.46,1585.98,0.22
M0141811,N,32,0,3058.48,0,0,0,545.81,3940.95,0.53
M0141812,N,53,2,8888.47,0,2,0,4714.95,2855.44,0.15
M0141813,N,61,1,7044.94,1,1,1,4018.85,8181.77,0.62
M0141814,N,79,0,16037.76,1,1,0,1955.28,12774.77,2.45
M0141815,N,44,1,8103.4,0,0,0,4367.64,5434.61,1.37
M0141816,N,77,0,32294.02,1,2,0,10946.92,19033.15,1.49
M0141817,N,20,2,4376.35,0,1,0,1183.58,4954.91,1.03
M0141818,N,50,1,12311.84,1,0,0,5804.73,6603.05,0.99
M0141819,N,35,1,21224.82,2,1,0,8993.21,9406.32,3.53
M0141820,N,53,0,7077.42,0,0,0,4764.1,7648.34,2.29
M0141821,N,42,0,5435.88,0,0,0,2317.07,5838.96,0.0
M0141822,N,57,1,5471.8,0,1,0,1795.98,4307.87,0.0
M0141823,N,71,0,4905.78,0,0,0,2780.57,3785.24,0.0
M0141824,N,41,1,13032.13,0,0,0,6749.44,7204.51,0.0
M0141825,N,42,1,2205.99,0,0,0,743.86,2855.32,1.67
M0141826,N,41,1,10498.18,1,3,1,1389.31,12146.23,0.66
M0141827,N,62,2,7205.35,2,0,1,3552.56,7203.88,0.76
M0141828,N,80,0,6862.76,0,0,0,1941.15,8767.32,1.19
M0141829,Y,52,4,235669.72,3,5,5,88889.57,125615.35,5.11
M0141830,N,19,1,4169.69,0,0,0,1145.13,5276.61,0.84
M0141831,N,25,0,6620.2,0,0,0,4390.61,3873.58,0.43
M0141832,N,68,0,5548.56,0,1,0,2498.78,3239.82,0.97
M0141833,N,71,1,17577.73,0,1,2,5188.32,10293.5,0.73
M0141834,N,76,2,11378.22,0,1,0,4164.25,8017.04,2.18
M0141835,N,31,1,9926.81,1,1,0,2358.96,8455.46,0.76
M0141836,N,65,1,10237.57,0,2,0,4152.14,5461.3,0.1
M0141837,N,20,0,9683.76,0,1,1,2071.25,8147.37,0.0
M0141838,N,75,0,16617.53,0,1,0,3498.56,19189.77,2.25
M0141839,N,80,0,18046.98,0,0,0,2074.67,14413.34,2.46
M0141840,N,59,1,17835.2,0,0,1,5750.55,9710.98,1.1
M0141841,N,61,0,8676.39,0,0,0,1078.63,7853.29,0.46
M0141842,N,60,0,13505.64,0,2,0,3023.17,11734.22,1.87
M0141843,N,60,2,8557.42,0,0,0,3019.21,5464.44,1.64
M0141844,N,60,1,8339.5,1,0,0,4116.87,10590.0,0.61
M0141845,N,31,3,5624.37,0,1,0,3824.33,3513.05,2.85
M0141846,N,49,1,4909.71,1,1,0,603.98,5864.0,1.28
M0141847,N,55,0,4255.11,1,0,1,2942.82,3279.47,1.2
M0141848,N,62,0,8256.12,0,0,1,6748.35,6589.98,0.1
M0141849,N,65,0,5157.7,0,0,0,871.25,3563.94,0.0
M0141850,N,33,1,8007.33,0,1,0,2385.67,5713.76,0.0
M0141851,N,80,0,7601.2,0,1,1,4120.15,2481.01,0.94
M0141852,N,73,0,23939.4,0,1,0,3630.73,21926.05,0.27
M0141853,N,56,1,37635.11,0,1,0,1518.96,35870.73,0.04
M0141854,N,59,1,12468.87,1,1,0,4859.08,8665.8,0.95
M0141855,Y,51,8,224839.83,3,4,2,91061.23,111116.97,5.62
M0141856,N,41,2,11192.69,0,2,0,10806.77,7958.0,1.72
M0141857,N,26,0,12633.65,0,0,0,5812.02,4837.79,0.12
M0141858,N,76,2,40436.49,0,0,1,11842.77,25597.3,0.0
M0141859,N,31,0,2663.7,1,1,0,634.4,1692.24,1.1
M0141860,N,36,0,7032.64,0,1,0,2578.38,4648.2,0.96
M0141861,N,71,1,7833.98,0,3,0,907.48,5826.33,1.49
M0141862,N,23,1,15841.65,1,0,0,6323.64,8100.31,0.0
M0141863,N,21,3,42922.81,1,0,1,5448.81,36262.09,2.51
M0141864,N,18,2,8764.62,0,0,0,4397.35,7068.31,1.28
M0141865,N,73,1,5595.57,0,2,0,1474.45,4450.48,0.54
M0141866,N,51,1,10283.04,0,0,0,2948.42,9240.67,0.81
M0141867,N,57,1,6311.49,0,0,2,1473.28,8008.93,1.26
M0141868,N,51,0,5345.92,0,0,0,1732.8,3213.61,0.78
M0141869,N,49,1,14066.52,0,0,0,1183.95,10137.08,0.0
M0141870,Y,49,5,428586.9,4,4,3,169727.72,367183.5,7.56
M0141871,N,56,2,19285.94,0,1,1,5684.88,14054.39,0.87
M0141872,N,37,2,13185.93,1,1,0,2422.62,9167.89,2.11
M0141873,N,43,1,7466.86,0,0,1,5024.43,5605.15,0.0
M0141874,N,22,1,4943.39,0,2,0,844.01,5893.24,0.02
M0141875,N,40,1,5851.44,0,0,0,3003.31,2661.52,0.15
M0141876,N,54,2,24280.27,0,3,0,4748.45,18239.04,2.33
M0141877,N,43,1,7651.55,0,0,1,2734.67,3622.49,1.31
M0141878,N,27,0,13846.41,1,0,0,3340.65,9686.04,1.66
M0141879,N,52,2,18915.88,0,1,0,4689.95,10840.45,1.17
M0141880,N,21,2,24254.1,1,1,0,2898.82,23048.56,1.55
M0141881,N,80,0,5332.82,0,1,3,858.86,5650.99,0.81
M0141882,N,25,1,35448.58,0,2,0,1417.93,28532.21,2.85
M0141883,N,50,0,10461.21,0,2,0,2525.84,11012.52,1.04
M0141884,N,43,3,17817.03,0,1,1,3153.72,13826.05,1.29
M0141885,N,77,0,15656.69,0,0,2,3221.13,9769.57,0.53
M0141886,N,68,2,2968.31,0,0,0,1355.59,2060.87,0.44
M0141887,N,59,2,9860.39,0,0,0,4585.64,5271.32,1.96
M0141888,N,38,1,7901.93,0,0,0,3353.46,8854.52,1.03
M0141889,N,55,2,13723.11,0,1,0,14544.53,9013.89,3.34
M0141890,N,31,0,11230.86,0,3,0,6715.78,4063.32,0.79
M0141891,N,51,0,16157.33,0,0,0,2630.41,19416.74,2.21
M0141892,N,76,1,7816.98,0,0,0,6364.89,4538.23,1.44
M0141893,N,68,4,12585.52,0,0,0,1836.07,10296.08,1.5
M0141894,N,54,2,11770.56,0,1,0,4451.64,6000.61,1.08
M0141895,N,64,2,42650.77,0,2,1,4377.47,29754.31,2.03
M0141896,N,33,2,15776.77,0,0,0,3528.44,9796.19,0.64
M0141897,N,26,0,17395.5,0,2,0,4903.29,10162.73,1.8
M0141898,N,54,0,12427.52,0,2,0,3622.77,8243.63,2.53
M0141899,N,40,1,7585.15,0,1,0,4239.03,8638.79,1.62
M0141900,N,61,1,8784.22,0,0,0,498.27,11542.15,0.55
M0141901,N,69,1,30093.77,1,2,0,1547.47,29713.51,1.8
M0141902,N,53,2,10023.77,1,2,0,4545.44,7333.22,0.18
M0141903,N,31,2,16015.5,0,1,0,4332.13,12514.27,1.52
M0141904,N,27,0,38507.42,0,2,0,7230.16,29301.5,1.93
M0141905,N,29,0,3472.24,1,0,0,1006.35,1909.21,0.0
M0141906,N,30,2,6425.32,0,0,0,2126.5,6993.4,0.11
M0141907,N,80,1,13202.63,0,1,1,6505.49,4949.24,1.52
M0141908,N,45,2,8836.52,0,1,0,2020.41,8788.09,1.86
M0141909,N,45,2,8130.2,0,0,0,1466.57,6294.06,0.18
M0141910,N,23,1,5563.8,0,0,0,3004.56,6986.63,2.29
M0141911,N,19,0,9324.19,0,0,0,6324.25,5063.27,2.02
M0141912,N,45,0,4647.11,1,0,0,1270.32,2616.47,0.56
M0141913,Y,77,3,297837.52,3,2,2,68101.92,203394.99,2.46
M0141914,N,44,1,8540.88,2,2,0,1463.87,9778.25,2.04
M0141915,N,40,1,8460.5,0,0,0,5757.8,5271.85,2.59
M0141916,N,69,0,3595.6,0,0,0,2974.97,2618.56,1.51
M0141917,N,61,1,6101.06,0,0,0,3823.71,2966.65,2.77
M0141918,N,19,1,11155.16,0,1,1,3792.83,8183.8,1.42
M0141919,N,24,1,10044.47,0,0,0,4238.36,6486.34,2.28
M0141920,N,18,0,8170.69,1,1,0,7204.57,2320.88,0.16
M0141921,N,64,0,4189.86,1,0,0,1596.47,4377.44,0.53
M0141922,N,57,1,7933.84,0,0,1,2412.21,7058.0,0.0
M0141923,N,71,0,5440.2,0,1,0,2240.17,5917.7,2.04
M0141924,N,46,0,6658.76,0,0,0,2052.37,3939.71,1.5
M0141925,Y,59,4,161325.6,2,3,3,76520.42,152141.86,4.72
M0141926,N,30,1,23685.01,0,2,1,2517.88,20627.31,0.43
M0141927,N,29,2,17603.04,0,1,1,9569.68,12747.17,2.51
M0141928,N,59,1,4724.0,1,2,1,1391.45,3940.6,0.81
M0141929,N,49,2,11460.34,0,2,0,3778.78,15090.25,1.44
M0141930,N,66,2,6935.29,0,0,0,1730.24,6250.94,1.22
M0141931,N,31,1,5768.73,1,0,1,2045.21,6918.23,0.65
M0141932,N,25,0,6619.56,0,0,0,3501.46,6028.5,1.39
M0141933,N,55,0,4970.98,0,1,0,2185.63,5392.16,0.0
M0141934,N,35,1,6239.31,0,1,0,1961.75,4767.35,1.66
M0141935,N,54,0,12717.99,0,2,1,4304.74,6435.82,0.94
M0141936,N,62,1,12793.02,0,0,0,1294.38,15166.07,0.0
M0141937,N,56,3,27649.61,0,0,0,1875.0,24697.47,1.08
M0141938,N,43,1,27282.53,0,1,1,16841.64,16457.5,1.02
M0141939,N,32,0,9287.85,0,1,2,1953.87,6184.45,0.52
M0141940,N,28,0,6571.94,0,0,0,4707.42,3397.46,0.83
M0141941,N,30,0,7623.92,0,0,1,2615.09,9683.82,1.2
M0141942,N,74,1,15607.65,0,1,2,1528.28,15937.83,0.95
M0141943,N,53,0,17239.82,0,1,0,5494.77,22213.61,1.94
M0141944,N,57,0,36922.77,0,0,0,10426.66,20916.88,1.03
M0141945,N,40,0,7655.79,0,0,0,1454.89,9158.81,2.24
M0141946,N,41,1,6799.68,0,0,0,2295.31,4918.28,0.36
M0141947,N,35,2,6616.65,0,1,0,1953.68,4566.58,0.0
M0141948,N,24,2,3207.73,0,0,0,2153.84,3089.83,0.97
M0141949,N,59,3,25860.47,0,0,0,3208.88,18764.24,1.64
M0141950,N,67,0,12773.3,0,0,1,4952.42,6277.44,0.0
M0141951,N,60,1,10502.21,1,1,1,2382.67,6130.2,2.55
M0141952,N,27,2,16195.75,1,0,1,5259.45,8453.94,0.88
M0141953,N,60,1,8267.73,0,1,0,1841.71,7328.32,2.16
M0141954,N,79,1,16818.72,0,1,1,9517.65,6676.68,0.87
M0141955,N,67,0,3956.75,0,0,0,1729.48,2519.71,1.05
M0141956,N,49,1,5556.71,0,1,0,4226.04,5850.38,1.18
M0141957,N,75,1,30512.05,1,2,0,2104.07,27113.28,0.54
M0141958,N,62,2,6707.83,1,1,0,3364.07,3670.48,1.67
M0141959,Y,61,5,147721.18,1,5,4,63553.2,68251.22,6.89
M0141960,N,69,1,2301.11,0,0,0,265.14,2851.28,0.75
M0141961,N,36,1,8878.61,1,0,0,1463.87,7791.91,0.49
M0141962,N,23,0,1899.81,0,1,0,708.7,2453.73,0.7
M0141963,N,27,1,9819.11,0,0,0,9200.32,6144.55,1.52
M0141964,N,55,2,19107.72,1,1,0,7494.77,23244.65,2.34
M0141965,Y,47,7,297634.09,4,4,5,99103.47,262623.63,5.81
M0141966,Y,52,5,91113.67,2,3,6,59973.36,64195.78,6.36
M0141967,N,18,0,6506.05,0,2,0,3423.53,5614.23,1.62
M0141968,N,79,2,8399.87,0,0,0,3260.57,7259.91,1.57
M0141969,N,52,1,5066.5,0,2,0,3089.47,3097.17,0.0
M0141970,N,43,1,11167.26,0,0,0,1942.36,11883.23,0.97
M0141971,N,39,1,6453.81,2,2,1,1343.12,3910.65,0.64
M0141972,N,75,0,17635.54,0,2,0,5365.58,10213.84,0.0
M0141973,N,40,1,12934.23,1,0,2,6433.29,8063.67,1.21
M0141974,N,77,0,5170.85,0,0,0,992.0,4188.36,1.94
M0141975,N,44,1,15509.39,0,0,0,6447.56,7185.29,1.2
M0141976,N,53,1,23040.53,0,2,1,3323.14,15355.52,2.1
M0141977,Y,80,7,196188.27,3,6,5,72643.8,168503.04,4.08
M0141978,N,26,0,3502.4,0,2,0,295.61,5470.95,0.17
M0141979,N,71,1,31605.41,0,1,0,8113.48,16670.93,0.43
M0141980,N,60,1,2700.7,0,0,0,3206.59,1521.42,0.64
M0141981,Y,63,6,286445.99,5,8,8,186760.38,93440.64,8.32
M0141982,N,76,1,13636.63,1,0,0,2059.41,9394.03,1.11
M0141983,Y,61,4,148508.49,2,2,2,77647.2,78377.32,2.66
M0141984,N,27,1,4594.5,0,0,1,1363.43,6813.82,0.29
M0141985,N,22,0,3857.64,0,1,0,2766.74,2151.72,0.52
M0141986,N,22,2,12155.19,0,2,2,4241.01,14704.22,1.47
M0141987,N,50,0,12502.01,0,1,0,1896.64,8926.43,1.27
M0141988,N,75,3,21919.97,0,0,2,3603.84,22136.06,1.55
M0141989,N,69,2,20833.64,1,0,0,3580.65,17362.13,1.44
M0141990,N,64,0,16106.75,0,0,1,4527.03,9044.61,1.38
M0141991,N,50,1,4949.95,0,2,0,2998.1,5827.33,1.67
M0141992,N,77,1,6274.8,0,0,0,1647.21,4703.74,0.0
M0141993,N,61,2,32369.11,0,0,0,16505.88,12548.63,2.12
M0141994,N,46,3,10496.53,1,3,0,6140.91,9844.83,2.52
M0141995,N,36,0,10999.56,1,0,0,2708.52,11117.68,2.2
M0141996,N,51,0,4474.51,0,0,0,2192.92,5040.22,0.39
M0141997,N,39,1,5810.66,0,1,0,507.85,4445.51,1.68
M0141998,N,29,0,15323.3,0,0,0,1631.88,13768.1,0.37
M0141999,N,66,0,3451.19,0,0,0,1787.68,2485.42,1.43
M0142000,N,22,0,3368.03,0,0,0,349.43,3064.18,0.62
M0142001,N,57,1,7835.61,0,0,0,1475.0,5837.62,0.45
M0142002,N,76,0,5341.05,0,0,0,1696.34,4696.29,0.19
M0142003,Y,52,5,193610.88,2,2,3,122135.5,141423.69,5.37
M0142004,N,40,1,24888.26,0,0,1,4612.74,16935.18,2.5
M0142005,N,45,0,2470.05,0,0,0,1610.52,1737.47,1.18
M0142006,N,19,2,17931.77,0,0,1,3793.86,23486.02,0.0
M0142007,N,26,0,26133.24,0,2,0,4984.81,19761.76,1.16
M0142008,N,62,1,12423.68,0,2,0,3292.64,9323.26,2.49
M0142009,N,43,2,11636.57,2,2,0,3404.07,9873.34,2.17
M0142010,N,77,0,27260.31,0,1,1,4680.63,18592.91,0.85
M0142011,N,41,0,20722.86,0,0,0,1583.88,21627.78,1.86
M0142012,N,22,0,7471.48,0,0,1,2314.02,9509.24,0.0
M0142013,N,33,1,23174.92,0,2,1,11637.71,9158.26,2.18
M0142014,N,42,0,15707.34,0,1,0,9065.21,4921.06,0.32
M0142015,N,18,2,10832.26,0,1,0,3804.36,4694.88,0.84
M0142016,Y,58,2,190838.37,3,5,2,69979.29,140722.52,2.63
M0142017,N,40,2,19109.68,1,0,0,2289.2,14429.02,0.0
M0142018,Y,48,5,221335.03,4,4,6,48506.17,155316.52,5.36
M0142019,N,43,1,24125.91,0,1,1,7218.17,21949.67,0.43
M0142020,N,60,1,9170.07,0,0,0,2990.37,13185.63,1.88
M0142021,N,28,1,12800.38,0,0,1,2481.42,13378.9,1.77
M0142022,N,66,1,31208.17,0,1,0,9841.81,18890.21,1.95
M0142023,Y,51,4,115344.71,3,5,4,20190.4,124618.19,2.0
M0142024,N,76,0,30574.57,0,1,0,22114.43,3352.06,3.25
M0142025,N,20,1,7276.43,0,0,0,940.44,5547.49,0.61
M0142026,N,46,1,6253.17,0,1,0,1352.6,4134.96,1.37
M0142027,N,78,1,5491.7,0,0,1,497.65,4741.13,0.46
M0142028,N,61,1,6272.22,1,1,0,1437.13,4215.74,1.15
M0142029,N,61,4,16142.6,1,0,0,11946.29,5383.77,1.05
M0142030,N,33,2,12128.28,0,0,0,4134.86,6028.8,3.33
M0142031,N,48,3,9914.48,0,1,0,3663.47,6320.99,0.14
M0142032,N,21,1,17599.03,0,1,0,1501.95,15984.59,0.25
M0142033,N,34,1,8712.03,0,1,0,1866.17,5535.97,0.71
M0142034,N,57,1,18189.94,0,0,0,4360.32,10440.17,1.5
M0142035,N,70,0,5597.82,0,0,0,1498.33,7278.23,0.7
M0142036,N,31,1,8046.95,0,0,0,5919.36,6601.96,1.2
M0142037,N,45,1,7896.69,0,0,1,2381.15,7843.09,2.2
M0142038,N,65,0,3735.19,0,0,0,838.26,4191.28,1.63
M0142039,N,80,0,16274.9,0,2,0,1054.58,12121.02,1.46
M0142040,N,36,1,2881.23,0,0,0,1356.44,1397.0,0.0
M0142041,N,40,1,38600.13,0,2,2,11153.41,19798.06,1.59
M0142042,N,19,0,9976.31,0,1,0,2675.18,5449.91,0.05
M0142043,N,36,3,29085.69,1,0,1,3749.22,26899.05,1.06
M0142044,N,29,1,9804.29,0,1,0,1591.06,6462.49,0.73
M0142045,N,41,1,13277.95,0,0,0,3360.9,15401.09,0.66
M0142046,N,71,2,7085.94,1,0,0,1384.68,4660.94,1.88
M0142047,N,75,1,3557.62,0,1,0,3994.96,2333.71,1.4
M0142048,N,51,0,3298.34,0,0,1,1359.02,3454.34,0.63
M0142049,N,48,1,8482.25,0,3,0,6930.21,7528.77,1.96
M0142050,N,80,0,5504.23,0,1,0,2445.04,4343.09,1.97
M0142051,N,26,0,9229.04,0,0,0,447.48,11408.94,0.7
M0142052,N,69,1,7002.75,1,2,0,1831.97,7666.5,0.0
M0142053,N,44,2,17182.78,2,2,2,7926.61,9288.76,2.1
M0142054,N,75,1,9486.17,0,0,1,1918.83,9506.36,2.67
M0142055,N,71,1,21765.7,1,2,0,7752.12,16705.12,2.77
M0142056,N,79,1,12250.83,0,0,0,1641.89,19152.99,0.36
M0142057,N,28,1,8008.94,2,1,0,1479.4,11318.78,0.21
M0142058,N,45,1,16560.29,2,0,0,2960.19,16587.6,1.26
M0142059,N,79,0,9204.11,0,0,0,1548.27,5712.32,0.72
M0142060,N,25,2,8898.92,0,2,0,4437.8,5260.54,0.65
M0142061,N,65,0,18820.76,0,0,0,4182.34,11729.31,2.11
M0142062,N,33,2,14341.83,0,0,0,2012.22,22019.26,0.69
M0142063,N,67,1,6643.46,0,0,0,898.75,4320.16,0.39
M0142064,N,52,1,28162.31,0,0,0,1759.96,25871.21,2.39
M0142065,N,30,0,25904.03,0,1,1,24959.12,4809.7,0.89
M0142066,Y,67,6,307486.81,4,7,5,87527.59,212388.04,5.83
M0142067,N,41,0,8531.26,0,0,2,1446.88,7609.89,0.42
M0142068,N,40,1,20386.93,0,3,1,2027.99,20485.8,0.88
M0142069,N,52,3,17481.83,0,0,0,6172.4,7515.69,0.0
M0142070,N,43,2,12588.72,0,1,0,6518.03,14647.76,1.91
M0142071,N,39,1,55461.58,1,0,1,4351.08,41836.08,0.04
M0142072,N,33,0,10445.52,0,0,0,3396.22,4782.5,1.16
M0142073,N,58,0,37744.48,0,0,0,10043.0,28311.95,2.08
M0142074,N,29,0,12611.45,0,2,0,4120.67,10818.95,3.4
M0142075,N,27,1,15112.88,0,2,0,1299.82,11984.76,0.35
M0142076,N,60,0,6292.99,0,0,0,736.53,4646.68,0.83
M0142077,N,22,1,1914.17,0,1,1,267.82,1500.91,0.0
M0142078,N,69,0,3155.0,0,0,0,1535.48,3621.38,0.72
M0142079,N,53,0,3326.14,0,2,0,2215.65,2911.69,0.81
M0142080,N,78,1,9306.4,0,1,1,3001.53,12710.55,2.24
M0142081,N,67,0,6109.76,0,0,0,2054.73,5611.52,0.0
M0142082,N,34,1,15813.87,0,3,0,2521.14,14308.53,0.22
M0142083,N,38,2,7799.77,0,0,0,918.64,6175.51,0.0
M0142084,N,23,1,6921.82,1,2,0,991.86,6689.49,1.23
M0142085,Y,36,8,424699.64,2,3,4,212729.08,247067.07,5.01
M0142086,N,52,1,15664.69,0,1,0,9691.78,12065.43,2.38
M0142087,N,47,1,7238.87,0,0,0,6268.65,3562.77,0.88
M0142088,Y,78,4,135950.38,4,3,3,58479.98,119599.01,4.87
M0142089,N,47,0,5422.12,1,0,0,1761.59,5316.31,0.33
M0142090,N,78,0,13255.91,0,0,1,5079.72,5882.09,1.35
M0142091,N,65,2,15905.71,1,0,0,2572.75,11839.92,2.0
M0142092,N,49,0,11059.74,0,1,1,997.53,8436.49,0.0
M0142093,N,80,1,35223.75,0,0,0,4220.84,28474.28,0.23
M0142094,N,55,2,6445.11,1,0,0,3615.44,4770.94,1.69
M0142095,N,78,1,9734.58,0,2,0,5080.47,5546.26,1.43
M0142096,N,47,1,11467.28,0,0,0,3418.69,9278.33,2.04
M0142097,N,36,2,2660.86,0,0,0,597.77,3358.73,1.25
M0142098,N,43,1,13441.05,0,0,0,1252.95,13926.72,0.74
M0142099,N,60,2,29437.15,0,1,1,1410.43,34526.39,1.49
M0142100,N,63,0,6241.9,0,0,1,1742.79,3582.67,1.55
M0142101,N,75,0,5437.3,0,1,0,3384.4,5087.22,0.17
M0142102,N,72,0,4472.37,0,0,0,1897.17,2966.94,0.0
M0142103,N,33,2,16484.48,1,2,1,8882.28,8751.4,1.07
M0142104,N,63,1,14955.75,0,1,1,5154.3,7159.15,2.36
M0142105,Y,42,3,186204.29,2,7,1,75344.95,123079.88,4.8
M0142106,N,43,1,3745.4,0,0,0,1113.22,5665.27,1.23
M0142107,N,37,1,10840.28,0,0,0,2961.65,8541.01,0.0
M0142108,N,39,1,6283.46,0,1,0,3741.18,2028.79,0.87
M0142109,N,40,1,13389.35,0,3,1,5182.93,7498.97,1.73
M0142110,N,72,1,14447.07,0,1,1,5831.75,6360.42,1.52
M0142111,N,50,2,23147.98,0,0,0,8059.26,13383.81,1.64
M0142112,N,38,1,21508.54,0,1,1,2271.54,17043.02,0.27
M0142113,N,21,2,22280.19,0,2,1,3674.81,24368.25,0.82
M0142114,N,32,0,16258.8,0,1,1,4360.48,14623.18,1.9
M0142115,N,47,1,13225.65,0,0,0,1855.15,10902.01,1.98
M0142116,Y,76,7,204661.84,3,2,6,82970.97,108343.11,5.84
M0142117,N,29,2,44641.96,1,2,1,7378.85,38335.12,2.11
M0142118,N,59,3,15212.49,0,1,0,10823.47,9309.5,3.01
M0142119,N,50,1,2842.96,0,0,0,749.53,2385.97,0.16
M0142120,N,42,0,15294.42,0,0,0,934.44,11084.57,0.83
M0142121,N,44,0,5282.72,0,0,0,1463.57,4445.61,0.0
M0142122,Y,46,8,312951.65,5,4,3,153918.37,147998.94,6.33
M0142123,N,45,1,9953.01,0,2,0,7345.23,9333.18,1.31
M0142124,N,76,2,16711.75,1,2,0,2524.59,27242.7,2.81
M0142125,N,80,3,4573.81,0,1,0,1632.71,3266.47,0.94
M0142126,N,47,1,5150.31,0,0,0,1084.75,6174.38,1.22
M0142127,N,65,1,9661.59,1,1,0,2063.49,9400.58,0.42
M0142128,N,42,0,11959.59,1,0,0,2104.22,8231.25,0.0
M0142129,N,74,0,9814.12,0,0,0,2413.21,7152.07,1.35
M0142130,N,64,1,9960.99,1,0,0,872.39,7184.87,0.0
M0142131,N,40,1,21269.88,1,2,1,6373.75,14277.0,2.8
M0142132,N,73,1,2592.84,2,0,0,1346.37,2863.47,1.0
M0142133,N,72,0,7602.41,0,0,0,1140.14,8406.69,0.17
M0142134,N,28,0,13997.8,0,0,0,1234.9,22739.85,0.35
M0142135,N,53,2,32757.81,2,3,0,15982.99,9782.05,1.0
M0142136,N,67,2,15766.73,0,2,0,4998.56,11779.01,1.97
M0142137,N,41,1,30619.57,0,0,0,1663.29,27491.63,0.0
M0142138,N,56,0,18953.06,0,0,0,5545.69,11162.62,0.84
M0142139,N,75,1,13081.66,0,1,0,7134.14,6690.64,2.86
M0142140,N,57,2,15888.98,0,1,1,3083.33,12856.98,0.43
M0142141,N,51,2,17779.4,0,1,0,1743.9,12665.74,1.18
M0142142,N,71,1,32517.15,0,0,2,21950.94,10464.21,1.28
M0142143,N,30,1,5805.73,0,0,1,1799.59,3160.25,1.06
M0142144,N,63,0,12006.17,0,0,0,1391.31,9360.48,1.49
M0142145,N,62,0,6039.47,0,1,0,2657.87,6107.05,1.02
M0142146,Y,64,2,134374.61,1,3,2,84412.52,95651.58,3.84
M0142147,N,65,1,21769.1,1,2,1,8669.68,19544.54,2.45
M0142148,Y,64,2,382930.28,3,8,5,176474.85,202501.4,7.15
M0142149,Y,55,5,274620.65,1,3,1,98111.72,172614.94,3.91
M0142150,N,40,1,22891.02,0,0,1,1956.94,18931.08,0.45
M0142151,N,23,0,24492.84,0,0,0,8226.52,25736.17,1.53
M0142152,N,34,1,3621.16,0,0,0,1285.27,2258.16,0.0
M0142153,N,34,0,5075.23,0,1,0,1303.22,4067.16,0.49
M0142154,N,77,1,6333.81,0,1,1,1181.99,4618.77,0.94
M0142155,N,66,0,17723.96,0,1,1,7568.52,10016.92,2.48
M0142156,N,61,3,17068.23,0,3,0,3806.23,12751.63,1.63
M0142157,N,41,2,5542.59,0,0,0,1922.98,3117.74,0.62
M0142158,N,41,0,3730.61,0,0,0,393.83,4998.21,0.46
M0142159,N,48,0,14343.52,1,4,1,4747.84,12516.41,1.14
M0142160,N,26,0,15389.93,1,0,0,9992.14,8980.4,0.07
M0142161,N,49,2,14534.85,0,1,0,1180.76,13159.58,2.09
M0142162,N,21,1,45008.1,0,1,0,14611.27,27351.61,2.53
M0142163,N,55,1,7178.86,0,0,1,3630.16,5899.36,1.04
M0142164,N,37,2,5927.57,0,0,0,1549.77,4805.39,0.53
M0142165,N,18,3,11300.58,0,1,0,4502.88,7502.36,1.09
M0142166,N,76,2,8156.44,0,0,1,1564.85,7712.71,0.75
M0142167,N,20,0,21673.0,0,2,1,3717.47,13928.56,1.26
M0142168,N,52,0,20585.91,0,0,0,4582.34,14315.0,3.11
M0142169,N,54,1,11739.61,0,0,0,1459.52,17698.54,0.91
M0142170,N,20,1,2939.75,0,0,1,1087.04,2101.54,0.0
M0142171,N,80,1,5107.84,0,1,0,1238.65,5071.91,0.86
M0142172,Y,50,3,103853.75,5,3,4,37831.5,104050.84,3.31
M0142173,N,35,0,18210.32,1,3,1,5748.04,16107.89,2.58
M0142174,N,43,0,10491.49,0,0,1,3302.04,5193.13,1.28
M0142175,N,71,0,11358.43,0,0,0,5289.45,6013.91,1.03
M0142176,N,20,0,10504.29,0,2,0,2498.68,7009.13,1.01
M0142177,N,20,0,19174.62,1,1,0,2026.42,13503.43,2.06
M0142178,N,67,1,7168.0,0,0,0,3536.96,3447.01,0.71
M0142179,N,19,1,7132.81,1,3,0,1491.2,5794.58,1.14
M0142180,N,55,2,16816.27,1,0,0,1469.0,13495.14,0.46
M0142181,N,54,3,18756.69,0,1,1,4299.97,11198.54,2.53
M0142182,N,60,1,12940.26,0,2,0,2413.85,9556.74,0.5
M0142183,N,24,1,6940.53,0,0,1,3696.22,3051.72,1.74
M0142184,N,79,2,10196.57,0,0,0,2936.56,8651.9,1.41
M0142185,N,75,0,6444.23,0,1,0,1267.13,4126.54,0.0
M0142186,N,49,1,2682.74,0,0,0,1486.53,2465.14,0.11
M0142187,N,55,2,19533.41,0,1,1,4009.57,14283.1,2.27
M0142188,N,32,0,12718.59,0,0,0,1060.0,12062.15,0.79
M0142189,N,53,0,7117.3,0,0,0,2115.76,6531.59,0.0
M0142190,N,64,0,16115.94,0,0,0,3425.87,12340.02,0.92
M0142191,N,74,0,4669.79,0,0,0,2323.07,2977.23,0.39
M0142192,N,71,1,9229.61,0,1,0,1838.74,5745.46,0.96
M0142193,N,69,2,6776.81,0,2,0,2408.46,7837.53,0.71
M0142194,N,68,1,8468.27,0,1,0,4213.14,6105.83,0.0
M0142195,Y,79,3,469211.25,4,2,3,247149.27,258086.98,4.79
M0142196,N,60,1,2594.83,0,0,0,878.04,2456.13,0.2
M0142197,N,67,3,26154.45,0,0,0,4260.3,29350.53,0.25
M0142198,N,60,2,7793.56,0,0,0,4363.95,1872.33,0.01
M0142199,N,74,0,11851.56,0,0,1,2034.13,8399.73,0.36
M0142200,N,38,1,37629.55,0,3,0,11895.97,38343.43,1.98
M0142201,N,43,2,41968.82,1,2,0,11688.4,42966.56,0.87
M0142202,N,23,0,6709.85,0,0,0,1300.37,10691.34,0.74
M0142203,N,49,1,3916.48,0,0,1,1271.98,2645.53,0.87
M0142204,N,36,0,6960.0,0,0,0,5305.55,3850.41,0.0
M0142205,N,23,1,15493.4,0,2,0,3875.21,15671.82,1.16
M0142206,N,44,0,13688.48,0,0,0,8243.35,13225.36,0.19
M0142207,N,66,1,8958.7,0,1,1,3146.22,12397.04,1.49
M0142208,N,38,0,5557.63,0,0,0,1782.31,4690.87,0.0
M0142209,N,52,1,6120.51,0,0,0,3655.7,4940.52,0.0
M0142210,N,34,2,8876.39,0,0,1,1878.47,5197.12,1.82
M0142211,N,50,0,15780.35,0,0,0,9118.71,4743.26,1.72
M0142212,N,31,0,8443.93,0,1,0,1789.71,5343.91,0.91
M0142213,N,68,1,21289.09,0,2,1,7977.1,24902.88,1.3
M0142214,N,35,2,12725.61,0,1,0,3849.67,11538.62,1.69
M0142215,N,56,1,2354.81,0,0,0,1532.3,1899.28,1.0
M0142216,N,50,0,11009.97,1,0,0,1682.56,7484.23,0.37
M0142217,N,37,1,23804.52,0,1,0,3105.75,17391.91,2.24
M0142218,N,46,3,16431.21,1,0,0,1320.99,16258.03,1.94
M0142219,N,44,1,7952.39,0,2,1,4647.01,7923.43,1.94
M0142220,N,38,1,7816.4,0,0,0,7619.03,4265.99,0.0
M0142221,N,30,1,9393.66,0,0,1,1624.48,6990.52,1.59
M0142222,N,69,1,5352.32,0,0,0,666.05,5078.95,0.4
M0142223,N,24,0,10273.26,0,0,0,6274.88,6395.02,0.71
M0142224,N,69,2,13215.22,1,0,0,4625.21,6432.46,1.79
M0142225,N,18,2,15881.46,1,0,0,3911.44,11636.56,1.09
M0142226,N,36,0,19234.41,0,0,0,2152.09,19821.97,1.47
M0142227,N,20,0,43648.71,0,1,0,3206.99,38928.61,2.67
M0142228,N,56,0,17372.0,0,0,0,2434.85,18006.61,2.96
M0142229,Y,66,5,117232.58,2,1,2,76184.9,87185.87,3.99
M0142230,N,20,0,14244.92,0,1,0,4200.92,9818.25,1.15
M0142231,N,52,1,10815.62,0,0,2,3318.6,6406.73,2.3
M0142232,N,39,3,10839.75,0,0,1,4298.57,11026.05,2.53
M0142233,N,70,0,16984.57,1,0,1,9495.63,4322.7,0.0
M0142234,N,37,0,11602.9,1,0,0,1131.32,9401.58,1.36
M0142235,N,79,2,11617.66,0,2,0,3931.5,7150.61,2.04
M0142236,N,51,0,5473.36,0,1,0,3196.05,6424.09,0.82
M0142237,N,55,1,17989.1,1,1,0,581.07,14449.69,2.55
M0142238,N,37,0,4830.74,0,0,0,1853.7,2348.75,0.28
M0142239,N,42,1,3675.4,0,2,0,1394.11,4949.3,1.1
M0142240,N,25,2,14242.52,1,1,0,4146.37,7559.96,1.28
M0142241,N,79,1,18426.43,0,0,0,5983.22,13425.92,0.86
M0142242,N,79,1,11834.46,0,0,1,2504.99,8146.98,1.94
M0142243,N,59,0,10651.55,0,0,1,1072.75,9878.5,1.54
M0142244,N,30,2,28873.92,1,1,1,5226.82,26576.41,3.58
M0142245,N,25,2,9729.06,0,0,0,1784.94,7511.81,1.05
M0142246,N,57,1,12825.49,0,0,0,6811.34,4721.43,2.32
M0142247,N,36,0,30869.79,0,0,0,9820.1,31669.42,1.76
M0142248,N,24,0,4212.92,0,1,0,2021.91,3928.26,0.76
M0142249,N,52,1,12764.35,0,1,0,9589.29,5381.66,2.19
M0142250,N,59,1,6455.6,0,1,1,1900.36,5362.91,1.3
M0142251,N,36,0,5890.37,0,3,0,1704.92,6743.62,0.0
M0142252,N,45,1,5836.45,0,0,1,749.93,8703.34,0.9
M0142253,N,49,0,13386.82,0,0,0,1900.66,19974.83,2.1
M0142254,N,53,0,5277.28,0,1,0,1862.92,5769.26,2.33
M0142255,Y,38,6,361735.99,6,3,4,115228.26,234626.26,5.93
M0142256,N,43,1,5622.29,0,0,1,1062.77,3710.27,1.15
M0142257,N,63,2,27759.33,0,2,2,12989.6,26728.46,1.81
M0142258,N,44,1,9289.0,0,0,0,848.85,7763.96,0.0
M0142259,N,69,0,6591.23,0,1,1,933.55,4498.19,0.0
M0142260,N,80,0,7098.59,0,1,0,4853.52,5975.78,1.93
M0142261,Y,76,7,97693.59,1,3,3,30291.96,105953.53,4.32
M0142262,N,31,0,4087.72,0,2,0,796.25,3690.21,0.68
M0142263,N,74,0,8530.98,0,1,0,6217.35,6398.72,1.18
M0142264,N,43,1,32007.67,0,0,1,1139.11,29536.25,1.78
M0142265,N,53,3,8675.43,0,0,0,2467.68,5887.66,0.0
M0142266,N,39,0,4910.84,0,1,0,1605.98,4585.48,2.13
M0142267,N,20,3,25566.08,0,1,2,5341.76,31554.7,3.88
M0142268,N,42,2,10301.02,0,1,1,1380.65,13194.14,1.29
M0142269,N,45,0,4022.14,1,1,1,887.19,4607.95,1.61
M0142270,N,62,1,8961.86,0,0,0,6324.97,8952.87,1.28
M0142271,N,46,0,6411.37,0,0,0,3366.85,6322.85,0.18
M0142272,N,35,0,12867.85,0,2,0,9272.2,12670.21,0.95
M0142273,N,38,0,30899.41,1,2,0,6094.76,42630.21,0.95
M0142274,N,73,1,10940.07,1,2,2,2022.65,15525.29,1.44
M0142275,N,35,1,30986.65,0,1,1,4061.46,21952.15,2.31
M0142276,N,53,2,28167.16,0,1,1,9025.86,15015.46,1.29
M0142277,N,37,1,6304.34,1,1,1,3250.5,4206.03,1.54
M0142278,N,68,1,19475.28,0,1,0,7525.34,11606.02,1.8
M0142279,N,26,0,16453.4,0,0,0,2662.09,17514.47,1.75
M0142280,N,31,3,13968.92,0,1,0,3336.61,9332.48,0.79
M0142281,N,74,3,40378.46,0,0,0,5557.65,27624.94,1.48
M0142282,N,22,1,10267.92,0,0,0,1636.85,7709.84,0.6
M0142283,N,59,1,5160.55,1,0,0,909.54,5614.76,0.0
M0142284,N,79,0,2011.31,0,0,0,302.81,2943.1,2.12
M0142285,N,43,1,12871.29,0,1,0,2518.68,12163.53,1.51
M0142286,N,45,2,12592.98,0,2,1,1303.52,16327.98,2.45
M0142287,N,33,0,8918.14,0,1,0,3435.15,4293.24,1.56
M0142288,N,66,1,13524.01,1,2,0,3510.55,11316.33,2.55
M0142289,N,53,1,16482.41,0,0,0,2689.74,13040.95,0.89
M0142290,N,62,0,6414.41,0,0,0,1341.02,3857.0,1.46
M0142291,Y,86,4,435207.72,2,1,2,357238.87,88817.75,4.43
M0142292,Y,64,5,198946.72,3,1,3,77102.58,104232.52,3.25
M0142293,N,50,4,22134.4,0,1,0,9245.66,15454.65,0.16
M0142294,N,55,1,23656.79,0,2,0,5606.16,13078.95,0.33
M0142295,N,42,1,11617.88,0,1,0,2350.36,7803.68,1.38
M0142296,N,40,0,3268.17,0,1,0,675.59,2705.95,1.23
M0142297,Y,83,6,134533.77,3,1,3,48309.55,98352.83,6.04
M0142298,N,27,2,13291.41,0,1,2,4365.41,7323.88,0.0
M0142299,N,49,0,32383.68,1,1,0,3137.17,23760.66,0.0
M0142300,N,43,0,5220.17,0,1,0,1430.07,3911.59,0.0
M0142301,N,64,3,9171.99,0,0,1,766.63,7450.77,0.41
M0142302,Y,48,5,435953.26,3,5,5,214215.08,287503.63,6.2
M0142303,N,35,1,39396.13,1,2,0,14676.52,37367.46,1.43
M0142304,N,22,1,25172.02,0,2,2,5981.94,14719.87,1.87
M0142305,N,24,1,22265.41,1,0,1,3050.44,17451.24,1.41
M0142306,N,74,0,11570.11,1,1,1,4555.73,5863.97,0.32
M0142307,N,31,1,11488.63,0,0,0,4378.16,8876.99,0.0
M0142308,Y,74,6,197077.41,5,5,3,98687.47,169791.19,7.6
M0142309,N,39,0,17677.84,0,0,0,11840.11,4281.28,0.32
M0142310,N,25,1,8810.0,0,1,0,2792.38,6340.18,0.05
M0142311,N,37,0,15286.71,0,0,2,1732.06,10653.74,0.0
M0142312,N,58,0,8418.74,0,0,1,321.6,6546.9,1.11
M0142313,N,33,1,20155.35,0,1,1,13245.92,20344.23,0.63
M0142314,N,64,0,11429.03,0,1,0,3638.05,5498.78,1.37
M0142315,N,48,0,7513.1,0,0,0,1372.04,6995.66,1.26
M0142316,N,43,4,9075.16,0,0,0,4358.04,7095.69,2.62
M0142317,N,29,1,29371.71,0,0,0,3169.45,24348.81,1.09
M0142318,N,56,1,18488.13,1,0,0,7729.68,15149.02,0.8
M0142319,N,77,0,26295.79,1,1,1,2866.57,21889.25,2.85
M0142320,N,53,2,10406.17,1,1,1,2126.28,8390.19,0.69
M0142321,N,29,2,8643.72,0,0,0,4824.34,5931.11,1.31
M0142322,N,46,1,7988.31,0,1,0,4558.16,5454.44,0.55
M0142323,N,60,1,14574.28,0,1,0,4772.83,7995.18,2.01
M0142324,N,40,1,19806.42,1,0,0,5552.99,11379.01,0.54
M0142325,N,20,1,23068.85,1,1,0,2693.45,16066.36,0.79
M0142326,N,27,0,2771.99,0,0,0,880.99,1962.99,0.0
M0142327,Y,51,3,321222.07,5,6,1,101559.05,312652.93,5.81
M0142328,N,73,1,28493.78,0,0,1,7003.53,16548.6,0.79
M0142329,N,61,2,18184.03,0,1,0,1477.55,16806.56,0.87
M0142330,N,41,3,12128.66,1,0,1,2544.93,18913.24,0.94
M0142331,Y,53,7,202260.08,4,5,4,75677.0,94004.2,4.62
M0142332,N,54,0,9866.89,0,2,0,3278.52,4456.23,1.82
M0142333,N,53,2,13706.73,1,0,1,3685.28,17850.48,1.09
M0142334,N,51,2,16027.3,0,0,1,3786.72,16190.66,0.13
M0142335,N,36,0,2312.09,0,1,0,442.2,3748.76,0.29
M0142336,N,20,0,4318.3,0,0,0,2252.3,2082.85,0.85
M0142337,Y,59,6,429892.57,3,3,3,312289.01,235331.53,4.32
M0142338,N,35,2,8999.79,0,0,0,2109.72,10440.89,0.0
M0142339,N,74,0,9852.41,0,1,0,1775.68,7212.66,1.29
M0142340,N,50,0,7094.58,0,0,0,3016.8,5942.98,0.77
M0142341,N,57,1,17280.68,0,0,0,9365.84,5733.7,1.9
M0142342,N,54,1,16108.3,0,0,0,1899.37,13306.14,0.91
M0142343,N,78,1,16418.85,0,2,0,6523.54,14243.31,2.66
M0142344,N,32,1,2893.13,0,0,1,1410.64,1486.17,0.62
M0142345,N,56,1,15083.9,1,3,0,6824.82,10194.21,0.0
M0142346,N,75,1,13295.42,0,0,0,5781.48,11302.49,1.71
M0142347,N,75,3,29935.25,2,1,0,5191.01,24879.22,1.6
M0142348,N,45,0,8695.79,0,0,1,1552.3,11045.5,0.84
M0142349,N,67,0,4484.6,0,3,1,3084.73,4521.29,2.28
M0142350,N,64,2,23518.1,0,2,0,2169.47,20337.45,1.52
M0142351,N,75,1,12746.21,0,1,0,5966.63,4592.97,0.0
M0142352,N,65,1,8741.8,0,0,1,5138.71,9183.99,2.03
M0142353,N,45,2,27640.36,0,3,1,3897.84,34505.09,2.39
M0142354,N,23,0,9898.73,1,0,0,2973.43,4987.68,1.12
M0142355,N,54,1,11309.02,0,0,0,4615.08,7325.38,1.37
M0142356,N,65,1,17728.88,0,0,0,4204.02,11720.67,1.12
M0142357,N,79,1,48486.98,1,1,0,12424.66,25536.67,2.15
M0142358,N,74,0,4014.4,1,0,1,1241.18,3315.53,0.63
M0142359,N,62,1,3556.33,0,2,0,1077.14,2546.92,0.24
M0142360,N,41,1,3971.41,0,1,2,920.76,2965.52,0.82
M0142361,N,26,0,16625.23,0,2,0,8814.73,7168.32,0.54
M0142362,N,54,1,9814.01,1,0,0,2807.47,6512.99,0.76
M0142363,N,61,2,11357.99,0,0,0,2360.35,7819.36,1.06
M0142364,N,30,1,16280.65,2,1,0,5294.89,13258.23,2.1
M0142365,N,73,2,9240.72,0,2,0,4437.97,9325.37,0.45
M0142366,N,42,0,22998.94,0,0,0,5200.26,15989.01,0.75
M0142367,N,36,1,2358.86,0,0,0,796.12,1614.86,0.43
M0142368,N,67,0,7588.03,0,1,0,2541.48,3459.4,2.84
M0142369,N,35,0,15109.58,0,1,0,5040.47,7902.84,1.3
M0142370,Y,37,4,228355.87,4,3,2,74214.67,141112.52,6.87
M0142371,N,58,0,8979.82,0,1,0,3926.16,5825.93,1.57
M0142372,N,80,2,12591.95,0,0,1,2235.03,9052.06,0.14
M0142373,N,44,1,13730.2,0,1,2,7149.65,8106.67,0.6
M0142374,N,54,2,13664.9,2,1,0,2590.46,11247.67,1.91
M0142375,N,20,2,29155.45,0,1,0,1653.09,22674.68,1.92
M0142376,N,72,3,6026.76,0,3,1,740.81,5696.94,1.58
M0142377,N,52,1,5725.06,1,0,0,1146.3,3525.84,0.55
M0142378,N,80,1,9009.32,0,0,0,8566.33,4646.0,0.88
M0142379,N,65,0,18507.57,2,1,0,6868.4,12446.59,1.65
M0142380,N,45,1,6103.07,0,0,0,717.78,4633.2,1.64
M0142381,N,20,1,6134.74,0,0,0,1167.22,5412.93,0.42
M0142382,N,53,0,11705.51,0,0,0,1614.19,12771.4,0.0
M0142383,N,76,3,13357.61,1,2,1,6374.4,7105.48,3.08
M0142384,N,19,0,10678.0,0,1,0,2749.51,14664.91,1.0
M0142385,N,71,1,32020.1,1,0,0,651.91,30244.96,0.57
M0142386,N,46,0,3546.49,0,0,0,1665.68,1979.51,1.21
M0142387,N,47,0,9365.6,0,0,1,5786.63,10403.55,1.5
M0142388,N,78,4,9507.77,0,0,0,1739.13,7672.95,0.84
M0142389,N,48,0,17745.69,0,2,0,1012.48,17548.83,1.11
M0142390,N,57,0,18488.29,1,0,0,3807.93,12642.78,2.83
M0142391,N,62,3,11782.48,2,1,0,3568.83,10210.79,1.15
M0142392,N,74,0,3657.96,0,1,0,974.34,3917.41,0.0
M0142393,N,41,0,6596.13,0,0,0,1992.76,4733.49,1.2
M0142394,N,52,1,6015.93,0,0,0,726.8,9076.47,0.83
M0142395,N,39,2,38653.07,0,1,0,1821.39,33591.68,0.68
M0142396,N,64,0,26701.7,0,0,0,3833.21,20096.85,1.95
M0142397,Y,74,8,389780.01,4,6,3,166408.41,209695.47,4.13
M0142398,N,31,2,19635.36,1,1,1,2700.1,27336.89,1.53
M0142399,N,31,1,9902.46,0,0,0,8222.2,7070.62,0.01
M0142400,N,73,2,13647.5,0,1,0,8471.52,8265.83,0.0
M0142401,N,75,1,9528.89,0,0,0,306.58,8198.11,0.39
M0142402,N,42,0,17560.18,0,0,1,3166.51,16696.82,0.0
M0142403,N,51,0,5236.89,1,1,0,973.93,3293.01,0.0
M0142404,N,79,1,24381.14,0,1,0,9688.86,15124.49,0.94
M0142405,N,62,1,7233.24,0,0,0,1273.81,10376.62,2.21
M0142406,N,52,1,9345.02,1,0,0,2570.9,5785.17,0.89
M0142407,N,57,2,5984.74,1,1,1,2310.16,4167.52,1.96
M0142408,N,60,0,10392.34,0,0,1,2909.71,9912.94,0.0
M0142409,N,56,2,8303.27,0,1,1,3096.88,10431.84,1.49
M0142410,N,72,3,8673.64,0,0,0,1575.35,5248.36,0.56
M0142411,N,39,1,17485.52,0,0,0,3830.29,10032.8,1.41
M0142412,N,25,3,22416.6,0,2,0,11871.09,8823.02,0.72
M0142413,N,23,1,11693.04,0,0,1,917.64,9105.76,0.95
M0142414,N,64,0,27024.51,0,1,0,3415.43,41862.69,0.05
M0142415,N,52,0,11688.65,0,1,1,6289.27,12079.89,1.26
M0142416,N,34,0,4820.87,0,1,0,2438.22,3340.82,0.67
M0142417,N,66,1,11316.79,1,0,0,2072.78,16929.77,0.87
M0142418,N,44,3,45492.82,0,2,0,42644.89,20805.3,2.38
M0142419,N,37,2,4295.7,0,0,0,1931.42,5685.19,0.26
M0142420,N,73,0,5785.56,0,0,0,606.27,5923.12,0.59
M0142421,N,41,0,3926.64,0,1,0,1007.18,5345.9,1.91
M0142422,N,48,1,13807.52,1,1,0,1495.54,9802.7,0.0
M0142423,N,76,0,14195.05,0,0,2,7752.03,5535.92,1.3
M0142424,N,53,2,26445.73,1,1,0,4467.3,18761.39,0.93
M0142425,N,76,1,11682.68,0,0,0,2574.21,12518.87,0.0
M0142426,Y,60,5,221835.6,2,1,3,121602.96,92129.51,7.35
M0142427,N,43,2,3396.02,1,0,0,2579.1,1713.43,0.38
M0142428,N,42,2,9308.66,0,3,0,6433.2,8962.91,1.86
M0142429,N,26,0,11084.82,0,0,0,2201.27,11238.8,1.61
M0142430,N,49,2,16230.91,0,1,1,3095.41,10637.83,0.56
M0142431,N,34,2,11778.23,0,0,0,925.74,9797.74,0.62
M0142432,N,18,2,5717.51,0,2,0,1354.02,8997.48,0.0
M0142433,N,56,0,10660.74,0,1,1,3525.76,13431.52,0.0
M0142434,N,68,1,11041.79,0,1,2,1086.7,12971.25,1.17
M0142435,N,66,3,13889.11,1,1,0,8420.25,12558.49,1.25
M0142436,N,58,0,19173.75,0,1,0,4377.76,13688.51,0.89
M0142437,N,41,2,16919.25,1,2,0,6770.45,19866.19,0.89
M0142438,N,78,2,22154.85,1,2,0,6223.07,16026.39,1.84
M0142439,N,50,2,3832.4,1,0,0,3046.0,3213.81,0.81
M0142440,N,45,1,6837.22,0,1,1,1255.44,5114.17,0.7
M0142441,N,80,5,14061.72,0,2,0,4492.31,7119.66,3.09
M0142442,N,41,1,60935.42,1,0,0,3424.26,45147.65,1.28
M0142443,N,22,2,17042.48,0,0,0,954.35,13620.98,0.69
M0142444,N,75,1,2592.54,0,0,0,1167.12,2211.69,1.1
M0142445,N,21,0,18333.9,1,1,2,12327.83,4321.49,0.96
M0142446,N,73,0,9286.25,1,2,0,1588.92,7340.67,0.0
M0142447,N,25,0,20803.89,0,1,0,4944.15,13923.37,2.42
M0142448,N,31,1,37521.45,1,0,1,4038.99,31254.43,2.41
M0142449,N,69,2,17349.94,0,0,0,1539.04,13998.37,0.95
M0142450,N,36,0,5628.25,0,0,1,1202.31,5686.11,1.33
M0142451,N,76,0,11187.22,0,1,0,4315.24,5577.57,2.11
M0142452,N,44,0,13529.97,0,0,0,6818.65,4821.92,0.6
M0142453,Y,77,5,152212.26,4,1,3,49774.33,112273.04,4.55
M0142454,N,75,3,7225.67,0,0,2,1533.61,6881.05,1.68
M0142455,N,25,0,9698.18,1,0,0,2077.46,6653.36,2.24
M0142456,N,39,2,5077.56,0,1,0,1272.66,4122.09,0.58
M0142457,N,37,0,7673.22,0,0,2,1518.2,9334.72,0.62
M0142458,N,49,2,23648.16,0,1,1,6125.44,18296.8,0.32
M0142459,N,31,0,21878.26,2,2,1,4787.58,17040.31,3.07
M0142460,N,78,0,5917.17,0,1,0,1200.54,9101.69,0.76
M0142461,N,77,0,2018.01,0,0,0,479.06,3153.65,0.71
M0142462,N,60,0,23132.02,0,0,2,2854.95,30003.8,1.68
M0142463,N,27,0,2372.19,0,0,0,511.15,2127.36,1.56
M0142464,N,59,3,24845.48,0,1,1,6584.06,13453.22,1.86
M0142465,N,45,0,17495.65,0,2,0,5929.87,11338.81,1.49
M0142466,N,43,2,10325.81,0,2,1,3598.1,5952.33,1.51
M0142467,N,54,1,22577.42,0,1,0,5235.93,14180.22,0.74
M0142468,N,49,0,27495.81,0,1,0,1191.25,21824.54,0.82
M0142469,N,80,0,3737.46,0,0,0,919.85,3849.98,1.51
M0142470,N,35,1,11996.72,0,0,0,11384.0,10259.05,0.3
M0142471,N,49,0,50755.2,0,0,0,33244.56,6880.86,0.6
M0142472,N,78,3,23225.89,1,1,1,4222.83,18205.96,0.0
M0142473,N,47,1,11782.88,0,0,0,2503.38,8369.98,0.0
M0142474,N,26,0,14189.95,0,1,0,7188.64,10308.04,0.07
M0142475,N,77,2,13283.08,0,1,1,6206.46,13558.75,1.56
M0142476,N,23,0,12836.06,0,1,0,1278.74,14116.83,1.34
M0142477,N,60,1,17548.07,0,0,0,2148.45,14833.97,1.88
M0142478,N,64,1,13721.21,0,1,0,1455.52,18146.91,0.62
M0142479,N,31,0,9055.86,1,1,1,687.59,7321.37,0.02
M0142480,N,19,0,13106.62,0,2,1,5333.78,6317.32,1.59
M0142481,N,25,2,23297.27,0,2,0,7910.8,17587.34,0.91
M0142482,N,36,0,6981.2,0,0,0,1241.37,4466.62,1.14
M0142483,N,57,0,3093.32,0,1,0,1596.54,2081.61,0.89
M0142484,Y,73,5,219017.98,4,3,4,160791.43,104733.36,7.13
M0142485,N,55,1,10686.74,0,0,1,964.81,13634.44,0.46
M0142486,N,23,0,9229.95,0,0,0,2207.64,10803.51,0.0
M0142487,N,33,0,10126.76,0,0,0,5623.64,3289.21,0.83
M0142488,N,60,0,2299.29,0,0,0,1415.49,2423.14,0.68
M0142489,N,78,1,8092.08,0,0,0,4791.05,5410.29,0.12
M0142490,N,63,1,14397.93,0,0,1,2548.47,12807.8,0.0
M0142491,N,77,4,16944.94,0,3,1,5766.1,16657.69,2.22
M0142492,N,77,2,8476.33,0,0,0,3055.03,5257.49,0.88
M0142493,Y,73,3,296030.34,2,3,1,60215.18,234096.08,4.12
M0142494,N,56,2,16657.61,0,2,1,1480.44,12003.11,2.03
M0142495,N,60,0,6478.85,0,1,1,1613.61,3897.45,0.83
M0142496,N,68,2,5318.82,0,1,0,2975.2,6551.49,1.57
M0142497,N,58,1,12514.58,0,0,0,8064.0,7708.32,1.45
M0142498,Y,64,3,152445.05,1,2,1,49683.05,136307.73,3.13
M0142499,N,45,0,15180.05,1,0,1,5913.22,10547.83,0.48
M0142500,N,21,1,8144.22,0,3,0,1987.06,8395.27,1.06
M0142501,N,21,0,2429.33,0,1,0,427.35,3683.03,1.52
M0142502,N,25,1,14745.46,0,0,0,3666.28,8763.38,0.0
M0142503,N,48,0,7482.82,0,0,0,1799.39,5035.14,0.0
M0142504,N,56,1,4008.99,0,2,0,1472.97,4559.38,0.45
M0142505,N,72,1,29193.61,0,1,2,4374.45,21345.75,1.91
M0142506,N,24,1,5576.82,0,0,0,1205.6,5063.61,0.01
M0142507,N,21,4,8488.95,0,2,1,4097.16,5793.37,2.17
M0142508,N,71,0,6630.49,0,1,0,1590.87,7314.49,2.49
M0142509,N,32,0,3743.86,0,2,0,1209.1,5250.62,1.01
M0142510,N,47,0,7812.61,0,0,0,1211.98,5266.59,1.22
M0142511,N,22,0,13569.86,0,1,1,2754.23,18753.71,2.54
M0142512,N,41,0,27555.29,0,1,0,17782.06,5282.44,2.38
M0142513,N,35,2,7326.5,0,0,0,1364.9,6927.39,1.83
M0142514,N,59,1,13489.35,0,0,0,7314.42,5346.34,1.31
M0142515,N,28,1,10398.76,0,0,0,1361.09,9567.06,0.0
M0142516,N,26,0,1709.16,0,0,1,286.39,1784.63,1.55
M0142517,N,42,0,4902.74,0,0,0,401.87,8384.01,2.34
M0142518,N,56,1,8922.92,0,2,0,1354.17,5969.07,0.46
M0142519,N,30,0,8351.7,0,1,0,2220.21,7039.15,1.51
M0142520,N,22,2,23583.9,0,2,1,3588.02,26059.15,1.0
M0142521,N,42,0,9595.54,0,0,0,2970.35,7359.08,0.15
M0142522,N,47,0,3430.37,0,0,0,1551.12,3237.17,0.3
M0142523,N,25,0,27734.64,1,1,1,6539.46,20925.17,0.0
M0142524,N,72,1,8743.29,0,1,0,1650.0,5782.86,1.51
M0142525,N,28,3,31663.46,0,0,0,4520.52,20869.7,0.29
M0142526,Y,60,3,173240.89,4,4,2,34326.69,160551.3,6.36
M0142527,N,79,2,10329.27,0,0,0,913.39,7531.31,1.47
M0142528,N,66,0,34913.38,1,0,1,27873.68,8479.88,0.92
M0142529,N,68,2,7007.77,0,0,0,864.7,7398.75,0.01
M0142530,N,45,1,10254.44,0,0,0,6123.7,3147.11,1.94
M0142531,N,67,1,4207.85,0,1,0,941.73,3066.43,1.65
M0142532,N,43,1,8455.88,0,1,0,1122.83,9746.08,0.86
M0142533,N,30,0,13576.96,0,1,0,3173.43,8876.66,0.3
M0142534,N,76,1,6828.7,0,2,0,1628.46,8213.47,1.71
M0142535,N,40,1,11480.67,0,0,1,7097.42,9619.1,2.31
M0142536,N,76,2,5425.07,0,0,0,1420.99,6285.99,0.62
M0142537,N,61,0,10300.02,0,1,0,1303.42,12886.79,2.33
M0142538,N,34,0,9372.01,0,0,0,2743.59,8529.01,0.0
M0142539,N,62,1,15227.65,0,2,1,5325.99,17695.77,1.9
M0142540,N,58,4,8620.19,0,0,1,3245.49,4923.02,0.0
M0142541,N,29,0,7932.24,0,0,0,2897.07,4932.93,0.0
M0142542,N,68,1,9450.72,0,0,0,2582.08,6490.34,0.56
M0142543,N,43,0,8565.27,0,0,0,5509.14,2294.04,2.84
M0142544,N,36,0,6413.15,0,0,0,2805.94,4738.21,0.93
M0142545,N,71,2,2665.54,0,0,0,606.1,3780.59,1.39
M0142546,N,56,0,10695.41,0,2,1,1531.74,10789.21,0.4
M0142547,N,36,1,32968.82,0,0,1,5987.61,26421.02,2.29
M0142548,N,24,2,6513.96,0,0,0,1009.68,6373.1,0.09
M0142549,Y,58,8,181300.2,2,6,3,104620.03,141616.58,4.63
M0142550,N,43,2,26838.68,0,1,2,6735.81,16470.56,2.47
M0142551,N,21,0,9618.87,0,0,0,3290.29,7612.76,1.37
M0142552,N,21,0,3911.26,0,0,0,1718.71,4001.95,1.42
M0142553,N,20,2,24727.27,0,0,0,1896.74,23073.92,1.12
M0142554,N,75,2,17956.07,2,1,0,11017.47,6325.85,2.25
M0142555,N,28,2,10938.75,0,0,0,8186.79,5032.97,1.72
M0142556,N,20,2,7215.01,1,2,0,3676.45,6354.02,2.57
M0142557,N,49,0,5608.87,0,1,0,1485.04,2933.19,0.34
M0142558,N,50,1,21142.44,1,0,1,11717.25,16138.86,2.46
M0142559,N,51,1,22676.88,0,1,0,4580.69,18803.06,1.61
M0142560,N,68,1,3820.59,0,0,0,2308.38,3543.53,0.0
M0142561,N,72,3,2817.94,0,0,1,2462.96,2502.23,1.46
M0142562,N,67,1,3074.62,0,0,0,1979.55,2230.4,0.21
M0142563,N,73,1,10544.82,0,0,1,4825.26,6386.4,2.12
M0142564,N,64,2,13438.86,0,0,0,4868.8,7399.29,0.0
M0142565,N,53,2,17139.0,0,0,0,1509.97,13329.84,2.76
M0142566,N,57,1,8171.54,0,0,0,2624.17,7686.02,0.58
M0142567,N,70,0,7090.49,1,0,0,1111.12,6479.36,0.13
M0142568,N,25,0,11418.33,0,1,0,6884.57,7997.65,1.02
M0142569,N,23,2,20330.56,1,2,1,13230.44,13336.92,2.08
M0142570,N,66,2,6807.84,1,0,0,1540.27,8890.75,0.4
M0142571,N,29,1,6911.91,0,0,0,3725.74,3312.96,1.23
M0142572,N,66,0,7539.67,0,1,0,2699.0,8850.91,0.96
M0142573,N,24,0,14721.1,0,0,1,3378.69,20020.38,1.17
M0142574,N,28,0,18994.34,1,1,0,1769.69,17217.45,2.27
M0142575,N,66,0,31200.46,0,1,1,7847.96,17329.38,0.68
M0142576,N,41,1,9036.42,1,1,1,1123.37,9813.32,1.23
M0142577,N,24,0,5956.42,1,0,0,430.97,5688.15,2.22
M0142578,N,22,1,17520.21,0,0,0,9987.44,6321.35,0.19
M0142579,N,27,0,2896.21,0,0,0,3011.17,1805.08,0.68
M0142580,N,62,0,2537.67,0,0,0,2251.42,1961.5,0.06
M0142581,N,43,0,2050.3,0,1,0,885.43,2798.54,1.64
M0142582,N,76,1,5878.68,0,0,0,814.9,5482.09,0.0
M0142583,N,30,0,4260.63,0,0,0,3722.47,2757.82,1.42
M0142584,N,79,2,26577.17,0,1,0,5069.79,16160.1,2.93
M0142585,Y,44,3,167433.16,2,5,4,40351.22,119444.1,4.79
M0142586,N,59,4,12077.86,0,2,0,5395.14,10914.57,1.55
M0142587,N,59,1,10218.96,0,0,2,1416.94,7642.75,0.34
M0142588,N,28,1,10287.91,1,0,1,1656.48,9035.69,1.65
M0142589,N,36,0,1686.49,0,0,1,624.26,2072.31,0.42
M0142590,N,72,0,25153.53,0,2,0,10073.46,10894.28,1.61
M0142591,N,52,0,16951.77,0,3,1,11766.99,4438.7,0.98
M0142592,N,46,0,11315.69,1,0,0,1865.49,13405.74,0.59
M0142593,N,22,0,7955.52,0,0,2,4956.78,6110.52,0.5
M0142594,N,43,2,27400.99,0,0,0,10237.83,14499.73,1.18
M0142595,N,78,0,7978.42,0,0,0,2269.5,4789.02,0.76
M0142596,N,77,3,23402.43,0,0,0,4172.54,31776.67,1.02
M0142597,N,52,0,4408.46,0,1,1,2886.17,2799.56,0.0
M0142598,N,50,0,7235.66,0,0,0,507.17,6223.39,0.0
M0142599,N,29,4,6869.48,0,0,0,1690.36,7510.45,0.0
M0142600,N,28,1,7565.14,0,1,0,704.2,12109.52,1.24
M0142601,Y,53,2,240989.18,1,3,2,43913.22,162048.31,4.61
M0142602,N,73,2,8073.14,0,1,1,1331.3,11518.3,1.13
M0142603,N,52,2,8984.71,0,0,0,4000.27,3804.36,2.02
M0142604,N,32,2,8450.86,0,1,0,5032.61,9017.78,0.48
M0142605,N,31,0,2985.97,0,1,0,1158.05,3731.04,0.0
M0142606,N,75,0,2376.35,0,0,0,1975.9,1893.29,0.0
M0142607,N,30,1,8389.76,0,0,0,1465.62,7452.02,2.19
M0142608,N,45,0,4755.26,0,0,0,1356.01,2860.25,0.68
M0142609,N,66,3,6306.4,0,0,0,1903.39,5127.86,1.44
M0142610,Y,86,4,148484.03,3,4,3,32623.0,114695.08,4.87
M0142611,N,49,1,3942.87,0,1,2,1336.25,5227.45,0.0
M0142612,N,33,3,11140.51,0,0,2,7787.1,12055.23,1.65
M0142613,N,46,1,6168.14,0,0,0,1772.61,5407.47,1.0
M0142614,N,59,2,13392.8,0,0,2,4943.54,8585.21,2.04
M0142615,N,64,1,10157.94,0,1,0,5808.38,4660.44,1.53
M0142616,N,46,1,4835.58,0,0,0,1408.43,3126.85,0.68
M0142617,N,74,2,8621.01,0,0,0,2568.1,12370.49,1.31
M0142618,N,45,0,11824.82,0,0,1,3190.34,10604.94,1.71
M0142619,N,58,0,9540.18,0,0,0,749.38,8227.62,0.94
M0142620,N,40,0,12525.06,0,0,0,1841.2,13884.5,1.28
M0142621,N,48,1,5086.36,0,1,0,1897.06,2592.79,0.0
M0142622,Y,86,4,218363.38,1,1,4,81016.35,208566.66,3.46
M0142623,N,67,0,24011.88,0,0,0,2369.18,28050.07,0.0
M0142624,N,25,0,17140.07,0,1,0,1975.08,15339.26,1.36
M0142625,N,24,2,7170.68,0,2,0,1747.86,10853.32,0.32
M0142626,N,68,3,16630.09,0,0,0,8029.86,5240.25,2.03
M0142627,N,44,1,10275.29,1,1,0,5157.97,12047.94,0.86
M0142628,N,44,3,8261.34,0,2,0,2783.82,10255.55,2.94
M0142629,N,60,1,16217.39,1,1,0,7561.83,7926.54,0.87
M0142630,N,42,2,48673.53,1,1,1,8932.62,39114.5,1.26
M0142631,N,37,1,15710.78,1,1,0,3154.52,10313.14,1.87
M0142632,N,66,0,4789.67,0,0,0,606.78,4564.33,0.61
M0142633,N,76,1,2746.7,0,0,0,649.03,3835.3,1.04
M0142634,N,57,2,5095.35,0,2,0,3343.38,3030.8,0.82
M0142635,N,69,1,19787.64,0,1,0,8036.56,11167.84,0.87
M0142636,N,34,0,3402.21,0,1,0,1398.13,2153.32,1.75
M0142637,N,77,0,10100.17,0,0,0,2239.82,12648.17,0.0
M0142638,N,21,1,6968.62,0,0,0,1574.87,5656.91,0.0
M0142639,N,46,2,9296.1,0,1,0,3349.31,13382.22,1.25
M0142640,N,20,1,23847.87,0,2,0,15563.08,10464.69,1.94
M0142641,N,19,1,11209.85,1,1,0,5106.07,8615.91,0.0
M0142642,N,53,1,8969.29,0,1,0,1696.12,10522.24,3.07
M0142643,N,45,1,2042.56,0,1,1,1244.77,2335.69,0.0
M0142644,N,78,2,7297.44,0,2,0,1973.98,6587.72,0.3
M0142645,N,67,0,9669.68,0,0,1,1977.4,14962.74,0.0
M0142646,N,49,2,31824.35,1,0,1,3421.54,25815.86,2.37
M0142647,N,51,0,3543.75,0,2,0,1051.03,1763.39,0.49
M0142648,N,54,2,22382.41,0,3,0,9595.18,16894.98,0.65
M0142649,N,39,0,12377.59,0,0,0,1067.6,15233.69,1.32
M0142650,N,48,3,5932.3,0,1,0,1552.43,7185.67,1.76
M0142651,N,23,2,7139.56,0,1,1,2645.96,9855.07,0.54
M0142652,N,74,0,5065.75,0,1,0,1639.07,3382.58,1.72
M0142653,N,74,1,13951.26,1,0,0,1751.53,9787.6,0.17
M0142654,N,73,0,5759.34,0,1,0,2435.65,2216.67,1.17
M0142655,N,72,0,6647.61,0,2,1,6603.66,3720.33,0.02
M0142656,N,21,2,3654.15,0,2,0,591.4,5894.37,1.17
M0142657,N,18,0,10684.83,0,0,1,3480.14,5796.36,1.61
M0142658,N,20,0,9035.02,0,0,0,1500.37,8058.98,1.39
M0142659,N,25,0,8839.82,0,0,0,1732.03,8716.48,2.17
M0142660,N,46,1,8002.0,0,2,0,2264.7,9283.16,1.22
M0142661,N,40,3,21344.29,1,2,1,6706.41,21901.37,2.74
M0142662,N,63,1,13050.41,0,1,0,5352.98,11044.13,0.11
M0142663,N,49,2,5880.57,0,0,1,2715.81,3257.62,1.45
M0142664,N,33,2,9211.55,0,0,0,1121.9,9534.79,0.34
M0142665,N,79,1,8032.36,1,1,0,2519.46,5576.19,0.18
M0142666,N,53,0,9755.16,0,0,0,3815.67,3982.45,0.48
M0142667,N,64,0,10963.3,1,0,1,2866.27,10380.11,2.23
M0142668,N,53,1,4969.82,1,1,0,2771.58,4336.58,2.39
M0142669,N,78,1,7589.76,0,1,0,2490.41,7584.26,0.05
M0142670,N,56,1,8368.72,0,0,1,1855.15,5419.35,0.99
M0142671,N,64,0,12339.65,0,0,0,472.94,15612.56,2.33
M0142672,N,58,2,9262.68,0,0,1,6631.97,7608.98,2.11
M0142673,Y,78,2,94333.63,2,2,1,49464.0,72252.2,4.6
M0142674,N,23,0,8939.4,0,2,1,726.91,10828.1,2.25
M0142675,N,69,1,2377.95,0,0,0,528.83,3161.84,0.33
M0142676,N,76,1,7912.83,0,1,1,2737.68,4933.62,1.0
M0142677,N,73,0,13352.07,0,2,1,2352.59,12218.56,1.85
M0142678,N,31,0,5161.35,1,1,2,3697.33,3816.08,0.92
M0142679,N,30,2,29505.36,1,2,1,10948.81,21182.31,3.18
M0142680,N,76,0,3198.67,0,1,0,471.77,3405.53,0.0
M0142681,N,21,2,4729.26,0,0,0,796.72,3768.73,0.0
M0142682,N,78,1,4682.41,0,0,0,1731.2,3400.4,0.99
M0142683,N,35,2,19518.41,0,1,0,4583.54,12293.49,1.87
M0142684,N,36,0,23590.37,0,1,0,7389.43,30482.25,2.22
M0142685,N,32,1,5346.46,0,1,0,1457.9,3003.03,1.69
M0142686,N,70,1,4052.28,0,0,1,3608.8,3669.48,2.56
M0142687,N,78,2,30732.19,0,3,1,14795.15,19472.41,2.02
M0142688,N,38,0,5264.38,0,1,0,1646.36,5137.14,0.77
M0142689,N,78,1,11331.87,0,1,0,3283.8,15234.87,1.12
M0142690,N,38,1,21271.51,1,0,0,4298.97,19274.79,1.26
M0142691,N,66,1,6179.09,0,0,0,3856.2,4280.45,0.73
M0142692,N,22,1,14593.84,0,0,0,1568.07,11390.33,0.0
M0142693,N,50,2,7757.39,0,0,0,2001.98,4173.11,0.07
M0142694,N,41,0,12803.22,0,0,0,4812.53,8090.22,0.16
M0142695,N,72,1,18483.5,1,1,0,2989.75,14810.56,1.8
M0142696,N,53,2,17106.61,0,2,1,2384.64,13300.62,2.01
M0142697,N,80,0,8351.21,0,0,0,1059.53,8549.81,0.0
M0142698,N,59,0,11748.93,0,1,0,3032.69,6214.72,0.48
M0142699,N,59,0,11099.32,1,0,0,4194.06,15142.88,2.31
M0142700,N,22,1,16323.55,0,1,0,5703.94,16218.47,2.14
M0142701,N,52,3,22530.1,0,1,0,3781.68,19644.18,0.65
M0142702,N,73,3,13958.7,0,1,1,3553.01,13446.94,2.52
M0142703,N,72,1,4785.04,0,0,0,2042.52,2500.23,0.66
M0142704,N,58,0,18993.51,0,0,0,4958.27,11688.15,1.05
M0142705,N,54,2,8651.74,0,1,0,3417.33,4894.86,0.7
M0142706,N,50,0,2387.88,0,0,0,461.16,3191.4,0.26
M0142707,N,51,1,7238.62,0,0,0,3881.06,4337.81,2.19
M0142708,N,19,0,11985.41,0,0,0,3777.67,17960.14,1.51
M0142709,N,60,1,4457.28,0,2,0,838.38,5044.01,0.19
M0142710,N,44,0,6643.1,0,0,0,1755.97,4657.96,0.54
M0142711,N,41,0,14252.09,1,1,1,3545.61,9929.06,0.66
M0142712,N,77,1,11029.63,1,1,0,1764.48,7754.29,1.41
M0142713,N,32,0,6049.33,0,0,0,4290.85,3986.66,0.72
M0142714,N,22,2,29651.49,0,0,1,7580.19,26205.18,1.64
M0142715,N,56,1,3422.67,0,0,0,956.23,2489.37,0.26
M0142716,N,28,2,3498.6,0,0,0,1151.94,1701.85,0.11
M0142717,N,47,3,35713.98,0,1,1,12305.58,18603.84,2.87
M0142718,N,73,0,23350.51,0,1,0,2074.79,31841.1,1.56
M0142719,N,38,1,12815.56,0,2,0,5131.55,6714.13,0.39
M0142720,N,50,0,12889.73,0,0,1,3031.53,19110.36,0.48
M0142721,N,39,0,5608.75,0,0,1,2399.84,7578.81,1.01
M0142722,N,43,1,12744.28,0,1,0,3220.84,10920.38,1.27
M0142723,N,33,0,32051.34,0,0,0,5580.68,21762.28,1.54
M0142724,N,76,1,14922.86,0,1,0,4875.36,7797.21,2.68
M0142725,N,37,2,4859.58,0,0,0,508.15,4074.9,1.27
M0142726,N,64,0,7623.5,0,0,0,3342.29,6157.72,0.0
M0142727,N,28,1,8447.19,0,0,0,1608.81,6740.19,1.5
M0142728,N,72,0,19940.6,0,0,0,10094.04,6039.98,1.43
M0142729,N,77,1,18245.58,0,0,1,6109.72,10914.17,1.44
M0142730,N,53,0,2674.38,0,0,0,1268.56,1023.17,1.43
M0142731,N,49,1,11290.08,0,0,0,3272.07,7888.13,1.95
M0142732,N,73,1,8194.91,0,1,0,3256.66,7662.98,2.64
M0142733,N,68,3,8946.6,0,1,0,2854.9,7695.26,0.0
M0142734,N,30,0,16491.27,0,2,0,11727.49,15756.72,2.28
M0142735,N,59,2,28438.68,0,1,3,17042.55,9365.97,3.28
M0142736,N,22,0,7435.24,0,1,0,3083.46,2755.36,1.5
M0142737,N,78,2,3801.94,0,1,0,1991.77,4201.66,0.0
M0142738,N,58,0,3565.32,0,0,0,2628.7,3333.0,0.0
M0142739,N,79,3,13413.87,0,1,1,5535.49,10570.84,2.23
M0142740,N,53,3,36589.93,0,0,0,2617.69,26754.56,0.88
M0142741,N,55,2,8192.09,1,0,1,1547.6,11158.91,0.94
M0142742,N,25,1,13278.72,0,1,1,2794.62,11368.18,2.46
M0142743,N,43,1,27956.11,0,1,0,5732.58,16138.12,2.46
M0142744,N,61,0,7354.22,0,0,0,1623.15,4309.86,0.08
M0142745,N,23,1,12704.7,0,0,0,1775.84,8183.39,2.09
M0142746,N,25,1,7672.47,0,1,0,3883.04,8680.76,0.0
M0142747,N,42,0,12354.16,1,0,0,2286.13,14769.41,1.01
M0142748,N,34,1,12551.08,0,2,0,7575.05,7508.41,0.8
M0142749,N,71,0,6329.28,0,0,0,2021.17,4830.57,0.62
M0142750,N,35,1,19543.31,0,3,0,10746.08,4542.26,2.51
M0142751,N,65,2,35604.49,0,0,0,8434.43,21536.94,1.74
M0142752,N,19,0,3665.78,0,0,0,1083.55,4498.1,0.01
M0142753,N,23,2,5569.35,0,0,0,1376.53,4084.96,1.11
M0142754,N,62,1,4153.88,0,0,0,839.06,3891.12,1.24
M0142755,N,66,1,4923.07,0,1,0,470.55,3601.1,1.86
M0142756,N,46,0,8784.44,0,0,1,1832.99,13568.88,2.24
M0142757,N,80,0,6133.96,2,1,0,1179.68,4087.45,0.81
M0142758,N,27,0,5862.67,0,0,1,4880.22,4008.13,2.14
M0142759,N,68,1,6593.94,0,1,0,3182.47,5634.78,0.0
M0142760,N,24,0,3482.14,0,1,1,775.11,3818.44,0.09
M0142761,N,25,0,4533.32,0,0,0,1811.12,4285.16,2.13
M0142762,N,22,2,23518.13,0,2,0,3546.12,27010.13,2.21
M0142763,N,37,1,9931.09,0,2,0,6455.28,4410.32,0.44
M0142764,Y,85,6,229740.81,2,1,2,58121.57,193254.77,3.55
M0142765,N,48,2,14716.76,0,1,0,2249.7,14710.54,0.42
M0142766,N,68,3,17453.3,0,2,0,1925.89,22014.85,0.39
M0142767,N,70,0,15147.11,0,1,0,9221.33,3311.7,0.51
M0142768,N,38,0,12827.42,0,0,1,2642.76,12102.97,0.05
M0142769,N,49,1,18390.98,0,1,0,3783.88,12827.27,2.53
M0142770,N,45,0,7444.64,0,1,0,1311.64,6928.43,1.18
M0142771,N,64,2,7741.79,0,1,0,1744.78,9211.18,0.27
M0142772,N,20,2,19758.66,2,1,1,5828.48,12851.73,0.55
M0142773,N,58,1,23252.36,2,0,1,3561.72,14918.3,1.58
M0142774,N,34,1,26667.96,1,1,0,10177.43,11307.08,0.74
M0142775,N,61,2,22639.97,1,2,0,3021.1,23714.84,0.91
M0142776,N,48,0,8190.78,0,0,0,1987.08,10946.09,0.67
M0142777,N,19,0,9800.38,1,0,0,936.98,11913.06,1.65
M0142778,N,57,2,14221.04,0,2,0,3085.69,8377.78,1.92
M0142779,Y,68,7,230314.82,1,7,4,97991.73,131445.53,4.27
M0142780,N,24,2,15086.18,0,0,0,5493.31,9500.03,0.16
M0142781,N,35,1,6011.26,0,2,0,3420.46,3463.43,1.85
M0142782,N,32,1,5277.53,0,1,1,1096.59,5609.62,0.07
M0142783,N,26,1,16190.49,2,0,2,2787.94,19299.09,1.26
M0142784,N,36,0,10540.26,0,0,0,540.89,10617.1,0.16
M0142785,N,53,0,8635.82,0,0,0,990.86,5786.3,1.89
M0142786,N,79,1,5338.88,0,1,0,1147.29,3176.58,0.89
M0142787,N,67,0,6993.02,0,1,0,3175.31,4583.54,0.1
M0142788,N,36,2,12657.43,0,1,1,1937.06,8600.83,0.23
M0142789,N,76,1,6856.79,0,1,0,2770.18,6725.32,0.43
M0142790,N,41,1,5030.41,0,0,2,2333.5,5814.73,0.89
M0142791,N,62,1,14498.33,0,2,1,3594.45,8154.03,1.43
M0142792,N,78,3,8315.95,0,1,0,2972.8,6390.88,2.1
M0142793,N,61,0,6967.06,1,1,0,1246.98,5849.22,2.07
M0142794,N,73,2,13525.73,1,0,0,2504.3,10100.93,1.14
M0142795,N,23,1,10031.33,0,1,0,4011.55,5654.97,0.87
M0142796,N,21,0,16199.98,0,0,0,2537.4,10809.36,0.48
M0142797,N,48,1,9113.56,0,1,0,1419.05,6451.59,1.47
M0142798,N,51,0,3016.03,0,0,0,1660.8,3451.22,0.7
M0142799,N,62,3,13660.91,0,0,2,4683.58,9401.61,1.73
M0142800,N,57,0,7737.07,0,2,0,670.03,7094.17,0.05
M0142801,N,79,0,11355.33,0,2,1,1886.34,10796.07,0.51
M0142802,N,78,1,4437.44,1,1,0,1889.36,4325.38,0.06
M0142803,N,31,1,12934.41,0,2,2,3434.63,9328.34,2.05
M0142804,N,72,1,10128.63,0,1,1,8437.55,3388.83,0.37
M0142805,N,33,3,6943.01,0,1,0,919.99,5696.42,0.54
M0142806,N,76,1,6065.44,0,1,0,2084.23,3086.25,1.14
M0142807,N,56,1,7543.43,0,1,1,3231.31,2717.66,1.48
M0142808,N,45,1,5976.24,0,1,0,1258.82,8758.95,0.65
M0142809,N,31,0,8941.3,0,0,0,2686.06,5350.57,2.05
M0142810,N,71,0,28408.67,0,1,0,10325.76,12295.13,1.93
M0142811,Y,80,6,99118.9,3,5,2,53576.64,81630.39,3.11
M0142812,N,23,0,4840.23,0,0,0,1543.6,5342.7,0.57
M0142813,N,67,1,13062.82,0,1,1,7457.26,3841.95,0.87
M0142814,N,76,1,32363.76,0,0,0,2186.78,24101.27,1.84
M0142815,N,67,3,6588.14,1,0,1,2673.66,8715.31,2.96
M0142816,N,21,2,7321.98,0,1,0,598.02,11699.37,0.0
M0142817,N,49,0,21970.45,0,1,0,1516.63,15757.63,1.66
M0142818,N,28,0,7570.11,0,0,0,1196.36,8888.36,1.19
M0142819,N,64,1,4125.2,0,2,0,765.36,4128.18,0.55
M0142820,N,35,0,18353.55,0,1,0,6072.79,10159.97,0.79
M0142821,N,22,1,23063.68,0,1,0,7388.21,18507.55,0.77
M0142822,N,19,2,5612.99,0,2,1,3256.18,3638.32,2.26
M0142823,N,50,0,8791.33,0,1,0,2791.39,6484.81,1.88
M0142824,N,55,1,6157.64,1,0,1,2817.41,4546.98,1.01
M0142825,N,36,2,6514.07,0,0,1,4772.79,6034.65,1.21
M0142826,N,47,3,9953.89,0,1,0,4644.25,10270.65,0.96
M0142827,N,51,1,13809.04,0,0,0,791.88,12175.92,0.0
M0142828,N,33,1,13753.44,1,1,0,4802.93,8033.32,1.82
M0142829,N,18,2,10018.45,1,0,0,3779.65,5877.54,1.11
M0142830,N,70,1,17588.44,0,1,0,3228.61,11070.14,1.68
M0142831,N,22,1,16925.9,0,1,1,2924.9,13491.29,0.06
M0142832,N,79,0,3911.51,0,2,0,1561.73,2404.02,0.6
M0142833,N,51,1,19223.06,0,1,0,5414.72,21802.01,2.63
M0142834,N,25,2,28135.39,1,0,1,2475.78,22031.16,2.47
M0142835,N,18,0,20556.5,0,0,1,3132.49,15020.89,0.76
M0142836,N,30,2,20032.69,0,1,0,828.27,19185.33,1.37
M0142837,N,58,0,9419.0,0,2,0,1578.49,8514.66,1.63
M0142838,N,59,1,9253.57,0,0,0,3854.32,8706.14,1.99
M0142839,N,53,0,12843.22,0,1,0,2026.39,12412.1,1.68
M0142840,N,50,0,18817.69,1,2,0,3995.19,12911.24,2.48
M0142841,N,68,1,23327.93,0,2,2,3277.54,21060.76,0.81
M0142842,N,76,1,13355.46,2,1,0,3845.52,9327.11,2.42
M0142843,N,79,0,6371.26,0,0,0,1335.61,7134.23,0.85
M0142844,N,52,0,5425.17,0,0,0,2413.7,5179.14,1.21
M0142845,N,47,2,6989.7,0,1,0,1977.17,9113.91,0.99
M0142846,N,36,1,4415.07,0,0,0,2134.75,3888.03,0.0
M0142847,N,37,0,44947.49,1,0,0,1974.58,43245.45,1.12
M0142848,N,76,0,14473.65,0,0,0,6057.86,6652.57,1.81
M0142849,N,73,0,13212.61,0,0,0,6794.04,5180.53,1.89
M0142850,N,21,0,14028.29,0,1,0,1426.03,12715.92,0.99
M0142851,N,57,0,6695.94,0,0,1,492.84,6029.85,0.6
M0142852,N,70,1,6261.32,0,0,0,1239.06,5160.83,2.18
M0142853,N,47,1,15572.29,0,1,0,3194.09,20280.11,0.0
M0142854,Y,47,4,127060.52,1,3,1,46752.94,63021.99,3.08
M0142855,N,32,1,14725.6,0,0,0,3492.94,8728.36,1.06
M0142856,N,54,0,5892.53,1,2,0,2521.15,2326.44,1.43
M0142857,N,75,2,15260.01,0,1,1,3767.34,17566.39,2.87
M0142858,N,62,2,18348.54,0,0,0,3802.29,15903.43,0.0
M0142859,N,28,0,9676.49,0,2,0,4549.27,12065.95,1.19
M0142860,N,30,4,4121.03,0,0,0,1574.26,5706.76,1.19
M0142861,N,22,3,7886.68,1,0,0,4951.06,9168.82,2.51
M0142862,N,79,0,9746.02,0,1,0,3097.24,4986.74,1.47
M0142863,N,79,0,9978.54,0,0,1,3452.89,9199.81,0.0
M0142864,N,58,0,4541.23,0,0,0,1203.11,5110.37,0.09
M0142865,N,54,0,11940.34,0,0,0,2399.19,8002.93,0.64
M0142866,N,35,0,23874.24,0,0,1,2865.96,22932.28,0.19
M0142867,N,76,0,1908.83,1,1,0,613.78,2030.43,1.47
M0142868,N,74,1,10718.18,0,0,0,5174.5,11741.63,1.48
M0142869,N,58,3,64910.39,0,1,0,30052.97,35080.65,1.41
M0142870,N,56,2,12789.82,1,0,0,2599.68,7929.07,1.06
M0142871,N,32,0,11525.54,1,0,0,1480.88,12100.84,0.07
M0142872,N,22,2,11571.45,0,0,0,2202.95,9544.54,1.18
M0142873,N,43,0,9404.55,0,1,0,1757.07,10188.2,0.59
M0142874,N,22,1,8132.08,1,0,0,1084.64,6556.9,0.24
M0142875,N,72,1,8331.91,0,0,0,4146.41,7503.85,0.07
M0142876,Y,65,2,183778.91,1,3,2,51049.14,155225.74,2.0
M0142877,N,35,0,14186.33,0,2,0,6507.09,4756.53,0.59
M0142878,N,37,0,11799.75,0,0,1,3195.13,7624.88,1.34
M0142879,N,47,0,11141.28,0,0,0,1083.64,18174.13,1.37
M0142880,N,42,1,11184.16,0,0,0,2938.33,6830.07,1.45
M0142881,N,64,2,5393.49,0,0,0,1400.33,7689.0,0.21
M0142882,N,79,3,8135.17,0,0,0,4511.0,6209.83,0.35
M0142883,N,39,0,14870.45,0,0,0,3493.3,9936.88,1.46
M0142884,N,57,1,16170.04,0,2,0,5029.98,21189.97,2.06
M0142885,N,54,0,3730.37,0,0,0,1337.08,3398.84,0.0
M0142886,N,65,0,13635.99,1,1,1,3271.93,20951.44,1.12
M0142887,Y,54,4,140124.05,3,4,2,70435.59,109845.82,3.98
M0142888,N,76,1,6709.12,0,0,0,2177.2,7666.76,0.14
M0142889,N,60,0,3692.74,0,1,0,1707.7,1921.18,0.74
M0142890,N,56,2,7230.49,0,2,0,1469.72,5224.62,2.1
M0142891,N,60,2,23120.95,0,0,0,10405.96,13421.61,1.91
M0142892,N,77,1,21194.8,0,0,1,877.4,22931.28,0.16
M0142893,N,45,3,19893.65,0,1,3,7530.22,12077.18,1.18
M0142894,N,55,0,2134.3,0,0,0,576.99,2087.8,0.71
M0142895,N,72,1,10505.87,0,0,0,1899.02,6594.34,0.02
M0142896,N,36,2,10514.85,0,0,1,1815.23,7471.46,0.02
M0142897,N,70,1,18903.65,0,0,0,4293.37,18020.79,1.1
M0142898,N,60,1,18262.19,0,2,0,7052.51,10053.3,0.51
M0142899,N,54,1,19027.92,0,1,0,10453.47,6484.67,2.04
M0142900,N,66,1,14847.59,0,1,0,1717.07,10213.89,1.38
M0142901,N,49,1,6756.33,0,1,0,865.06,4902.59,0.45
M0142902,N,74,1,12095.46,0,0,0,669.49,12461.72,0.41
M0142903,N,70,1,8147.72,0,1,0,3065.12,9286.02,0.45
M0142904,Y,38,2,204031.95,1,2,4,74477.39,155177.24,4.04
M0142905,N,47,3,31549.16,0,2,0,7415.82,25509.24,1.9
M0142906,N,43,1,5497.0,0,0,1,1444.11,6335.99,1.47
M0142907,N,69,0,10863.29,0,2,0,5911.02,12371.33,0.28
M0142908,N,47,0,13284.4,0,0,0,824.86,10940.01,0.0
M0142909,N,79,0,18193.46,0,1,0,5007.47,13865.38,0.25
M0142910,N,58,0,24686.2,0,0,1,3471.74,31755.75,1.83
M0142911,N,42,1,54071.55,1,0,1,14678.7,30522.68,3.0
M0142912,N,64,0,15093.93,0,1,1,8627.57,7628.08,2.73
M0142913,N,53,0,32022.13,1,1,1,12404.08,15598.36,1.52
M0142914,N,57,2,17224.2,0,0,0,451.66,14044.07,0.91
M0142915,N,31,0,9732.14,0,0,0,1437.92,8114.75,0.36
M0142916,N,44,1,5821.57,0,0,0,756.27,5362.95,0.71
M0142917,N,39,2,13133.5,0,0,1,1023.21,11986.03,1.56
M0142918,N,79,0,6923.23,0,0,0,2869.74,6192.55,0.0
M0142919,N,72,0,4137.56,0,1,0,1013.74,2890.77,0.6
M0142920,Y,76,5,177633.18,5,1,1,81693.79,135895.03,2.33
M0142921,N,24,1,6585.11,0,1,0,4436.44,7172.96,1.59
M0142922,N,23,1,11852.26,0,1,0,10260.91,10523.91,2.46
M0142923,N,46,0,14519.03,0,0,0,2222.68,16102.31,2.11
M0142924,N,50,1,12560.24,0,2,0,650.26,10056.34,0.19
M0142925,N,28,1,9907.08,0,0,0,2537.43,6681.3,1.23
M0142926,N,43,0,5100.51,0,1,0,590.74,4675.53,1.37
M0142927,N,77,1,7900.79,0,0,1,3076.0,7462.78,0.81
M0142928,N,55,1,18586.65,0,2,0,3657.22,13974.81,1.24
M0142929,N,68,1,5336.12,0,0,0,2923.22,6565.0,1.23
M0142930,N,49,2,10424.31,0,0,0,997.67,7463.47,0.0
M0142931,N,39,0,9050.91,0,1,1,4631.96,10050.07,0.0
M0142932,Y,52,3,78758.09,1,1,3,49444.19,53965.29,3.98
M0142933,N,74,0,4451.77,0,1,0,3054.24,4034.43,1.25
M0142934,N,40,1,69405.7,0,2,0,21507.76,37530.83,1.72
M0142935,N,26,3,7429.5,0,0,1,1033.15,6483.62,1.91
M0142936,N,63,1,29332.87,0,0,1,2708.41,27926.14,0.0
M0142937,N,38,1,3808.43,0,1,1,2060.73,3598.16,0.51
M0142938,N,33,3,6002.68,0,0,0,4286.47,2823.77,0.13
M0142939,N,50,1,15808.88,0,1,0,6081.21,11844.75,1.17
M0142940,N,79,0,5666.25,0,0,0,3112.89,4606.67,0.91
M0142941,N,43,2,34748.41,0,2,0,39551.37,15344.43,1.94
M0142942,N,72,1,8471.08,0,0,0,1300.44,12888.62,1.01
M0142943,N,19,0,5071.31,0,1,0,1766.36,7251.86,1.58
M0142944,N,65,0,10685.63,1,2,1,6299.16,3378.58,0.97
M0142945,N,72,1,11566.25,0,0,1,4348.2,10739.03,0.76
M0142946,N,41,0,9730.09,0,0,0,4688.39,3748.69,0.0
M0142947,N,66,3,10228.57,0,1,0,2067.63,6526.05,0.79
M0142948,N,71,1,2525.96,0,1,2,1768.21,2183.63,1.64
M0142949,N,64,3,17705.51,0,0,1,2909.61,14212.11,1.05
M0142950,N,38,1,6011.06,0,0,1,1929.98,4016.15,0.39
M0142951,N,43,2,6244.23,0,1,0,6497.64,4666.9,2.15
M0142952,N,73,2,11457.74,0,0,0,2888.63,9811.2,0.26
M0142953,N,59,1,2277.21,0,1,2,894.67,2913.62,2.21
M0142954,N,30,0,10208.36,0,0,0,3160.07,5570.54,1.52
M0142955,N,59,0,8951.73,1,0,0,2864.28,5929.42,0.0
M0142956,N,62,2,4767.79,0,1,0,3754.3,4584.37,0.39
M0142957,N,54,1,10046.18,0,0,0,1683.33,6443.42,2.04
M0142958,N,34,0,8509.57,0,0,0,2374.38,7651.35,0.4
M0142959,N,18,2,16032.81,0,1,1,11162.33,13013.64,2.34
M0142960,N,72,2,32574.27,2,0,0,16815.16,13355.3,2.74
M0142961,N,58,3,8735.92,0,0,0,1743.65,6283.87,2.27
M0142962,N,72,0,12547.02,0,0,0,2961.37,10755.67,0.19
M0142963,Y,71,6,292534.98,4,4,7,167294.35,187730.43,5.47
M0142964,N,60,2,6284.25,0,0,0,2304.97,5026.22,0.97
M0142965,N,22,0,23702.23,0,1,1,4013.26,15535.82,2.48
M0142966,N,32,0,8834.37,1,0,0,1978.59,6737.16,1.04
M0142967,N,20,1,4036.71,0,0,0,3504.58,1801.12,1.28
M0142968,N,31,1,13562.6,0,0,2,5130.81,8088.81,1.65
M0142969,N,78,2,38173.51,0,0,0,13514.26,22933.63,0.91
M0142970,N,47,0,11098.95,0,1,0,6133.61,9010.03,1.1
M0142971,N,28,1,7459.28,0,1,0,868.4,5767.79,0.23
M0142972,N,29,1,14011.7,2,1,2,10729.81,11638.65,2.75
M0142973,N,26,0,10305.59,0,2,0,3089.27,7372.96,1.44
M0142974,N,55,2,30245.53,1,0,0,3355.92,23761.41,0.51
M0142975,N,48,2,9673.0,0,0,0,1959.98,11297.28,0.88
M0142976,N,21,1,10385.45,0,0,0,2342.48,9381.63,1.76
M0142977,N,72,0,24226.22,0,1,0,14806.91,9964.77,1.89
M0142978,N,48,1,19814.07,0,1,0,2856.02,17199.85,0.0
M0142979,N,28,1,17433.78,0,2,1,1672.98,28687.63,0.65
M0142980,N,67,1,10504.17,0,0,0,3249.57,5955.36,0.97
M0142981,N,19,2,6762.33,0,0,1,910.06,6927.47,0.22
M0142982,N,19,0,12246.26,0,0,0,3029.45,7223.91,0.26
M0142983,N,20,0,15611.18,0,1,0,1875.58,11504.51,0.63
M0142984,N,31,0,4670.58,0,0,0,1199.83,4358.11,0.44
M0142985,N,54,0,8592.69,1,0,0,8247.8,5410.7,1.38
M0142986,N,24,1,25742.33,0,0,1,9166.52,13664.47,1.22
M0142987,N,39,2,10597.73,0,0,1,6656.26,6759.81,0.24
M0142988,N,34,0,29930.51,0,0,0,16940.7,12447.06,0.26
M0142989,N,23,0,11928.65,0,0,0,4330.54,7182.88,2.1
M0142990,N,72,1,7070.96,1,1,0,5972.31,5836.51,0.0
M0142991,N,64,2,12535.29,0,1,2,2018.96,12341.75,1.73
M0142992,N,49,2,4185.76,0,0,0,1021.6,6288.25,1.64
M0142993,N,21,1,9081.92,0,1,0,1671.67,8040.7,0.0
M0142994,N,54,0,4405.14,0,0,0,1538.28,2813.79,0.0
M0142995,N,32,2,18882.59,0,3,0,7475.5,9514.0,1.19
M0142996,N,48,0,10966.46,2,0,0,3167.72,8423.7,1.4
M0142997,N,41,1,2993.59,0,0,0,2265.47,1713.13,1.58
M0142998,N,73,1,17787.15,0,2,0,3281.27,16776.13,1.33
M0142999,N,39,0,7358.64,0,1,0,1493.7,8288.28,0.83
M0143000,N,62,1,5031.69,0,2,0,2416.49,5253.93,0.0
M0143001,N,29,0,10735.72,0,1,0,1301.53,9507.97,0.82
M0143002,N,78,1,15601.2,0,1,0,1073.0,16568.77,1.22
M0143003,N,32,2,5372.29,0,0,0,1477.5,6103.91,0.0
M0143004,N,37,1,15835.84,0,0,0,3608.02,17509.97,0.0
M0143005,N,36,1,10097.2,0,0,1,8927.02,8430.61,1.41
M0143006,N,42,0,4026.31,0,1,0,4536.57,2361.73,0.97
M0143007,N,18,1,12034.06,0,2,0,540.34,14216.33,0.2
M0143008,N,23,0,7300.01,0,0,0,3199.22,6020.28,0.97
M0143009,N,64,2,35230.55,0,1,0,4081.97,35853.54,1.85
M0143010,N,29,0,18965.74,0,0,0,3718.12,15308.96,1.78
M0143011,Y,82,4,278778.54,3,4,4,108027.5,171227.61,5.69
M0143012,N,54,1,24361.79,1,1,0,7494.45,24745.6,1.34
M0143013,N,67,2,19309.96,0,1,0,4568.72,14845.45,2.89
M0143014,N,44,0,15075.34,1,1,1,7822.73,14104.68,1.75
M0143015,N,46,1,15618.44,0,0,0,13812.03,6865.12,2.04
M0143016,N,28,1,14920.58,0,1,0,3090.51,11831.62,0.09
M0143017,Y,52,5,182350.09,3,5,5,89004.06,158220.76,7.33
M0143018,N,29,1,4558.66,1,0,0,512.87,4241.91,0.95
M0143019,N,18,1,15872.3,0,1,0,5234.26,10960.86,1.43
M0143020,N,71,3,7103.94,0,0,0,988.04,5185.37,1.47
M0143021,N,51,2,6315.38,0,0,0,4552.2,6601.16,1.09
M0143022,N,23,1,11287.11,0,1,0,3813.42,13575.34,0.98
M0143023,N,42,0,4986.56,0,3,0,1855.07,4886.74,0.9
M0143024,N,39,1,17023.18,0,0,0,11282.84,2032.95,0.89
M0143025,N,25,0,15762.1,0,0,0,1281.57,13061.3,1.4
M0143026,N,63,2,11783.57,0,0,0,3700.17,6637.73,0.36
M0143027,Y,64,6,306293.81,4,4,4,106623.53,231564.34,5.78
M0143028,N,30,3,21312.73,0,0,0,12972.57,8133.27,1.97
M0143029,Y,42,4,366908.86,2,4,3,75901.43,399278.22,6.96
M0143030,N,65,3,9072.11,2,2,1,1132.68,6004.31,0.84
M0143031,N,51,1,8769.09,0,2,0,1623.24,5780.39,1.59
M0143032,N,20,0,23765.58,0,0,0,3630.11,19431.36,2.1
M0143033,N,28,0,13561.0,0,0,0,3912.28,9126.61,2.09
M0143034,N,79,0,27714.77,0,0,0,4254.75,26895.7,1.48
M0143035,N,29,1,12208.74,0,0,1,2093.83,14209.47,0.0
M0143036,N,57,3,22281.91,0,0,2,9635.17,16854.46,1.37
M0143037,Y,46,4,258303.51,5,2,3,132206.95,101666.72,4.76
M0143038,N,25,1,12591.25,0,0,1,2895.71,8301.36,0.44
M0143039,N,59,1,11995.29,0,0,1,2184.96,14393.79,2.09
M0143040,N,76,2,22342.87,0,1,0,5791.93,17668.78,2.01
M0143041,N,30,1,4053.38,0,1,0,2906.18,3742.9,1.69
M0143042,N,54,0,4896.05,0,0,0,4782.55,3779.01,0.0
M0143043,N,48,0,6444.24,0,0,0,3762.22,2324.91,1.63
M0143044,N,65,2,11501.69,1,2,2,7449.73,6849.71,1.24
M0143045,N,78,2,17424.79,0,1,1,10983.71,10202.32,1.42
M0143046,N,30,1,18126.69,0,0,0,5963.59,8950.66,2.2
M0143047,N,53,2,12264.69,0,0,1,1643.86,11145.1,0.29
M0143048,N,46,0,15044.91,1,0,0,6470.4,5378.75,1.54
M0143049,N,59,1,22876.31,0,0,1,9688.23,22928.96,0.55
M0143050,N,46,0,7143.84,0,0,0,1230.73,8606.4,1.2
M0143051,N,58,1,7625.43,0,0,0,4254.05,4943.3,0.35
M0143052,N,64,2,19297.48,0,4,1,6366.67,26750.33,0.67
M0143053,N,72,1,5765.67,0,0,1,2269.55,4173.51,0.19
M0143054,N,77,0,33618.23,1,1,0,10063.57,16531.13,2.44
M0143055,N,51,3,4241.37,0,1,0,2250.5,4763.9,0.68
M0143056,N,60,0,7187.21,0,1,0,2009.74,4062.55,0.99
M0143057,N,31,1,7122.32,2,1,2,2298.78,9182.69,0.21
M0143058,N,34,2,15734.61,0,1,2,3438.91,18452.09,1.06
M0143059,N,22,1,44016.21,2,2,0,15012.38,35606.48,2.41
M0143060,N,32,1,10156.8,0,1,0,3700.61,5821.14,0.04
M0143061,N,50,1,15364.99,0,1,0,16619.05,7114.97,0.8
M0143062,N,33,1,3384.45,0,0,0,797.21,3074.2,0.42
M0143063,N,33,0,16973.83,0,0,0,2804.11,13341.11,0.78
M0143064,N,64,1,7294.45,1,0,0,2339.24,7984.62,2.49
M0143065,N,67,0,10883.28,0,0,0,2898.76,13420.79,1.23
M0143066,N,69,0,9042.55,0,0,0,740.08,7908.58,1.41
M0143067,N,45,1,10861.72,0,0,0,2686.16,8032.19,0.43
M0143068,Y,85,3,283220.45,4,5,3,85330.78,155766.98,5.64
M0143069,N,79,1,2034.8,1,2,0,1729.64,1924.75,0.85
M0143070,N,33,2,13856.04,1,0,1,3838.57,11669.91,0.28
M0143071,N,52,1,31918.7,1,0,0,9727.92,15693.7,1.49
M0143072,N,27,1,5435.76,0,1,0,2110.64,2566.79,0.19
M0143073,N,31,2,36584.9,1,1,2,18051.14,18129.9,2.54
M0143074,N,49,2,19585.66,0,1,0,11251.79,21795.81,2.87
M0143075,N,70,1,10930.47,0,1,0,1445.52,8616.33,1.49
M0143076,N,27,0,9898.59,0,1,0,3792.02,8476.06,0.72
M0143077,N,65,2,36146.77,1,1,0,4232.43,34520.57,1.96
M0143078,N,20,0,3999.63,0,0,1,1654.36,4372.83,0.82
M0143079,N,65,1,15671.42,1,0,1,5464.78,13216.89,2.44
M0143080,N,60,1,18489.86,1,1,0,3423.06,13599.43,1.32
M0143081,N,51,1,16457.35,0,1,1,1187.22,12101.05,0.92
M0143082,N,22,0,10289.83,0,0,0,1322.86,6852.29,0.68
M0143083,N,66,1,12536.45,1,2,2,9508.19,5160.37,1.43
M0143084,N,51,0,9314.71,1,0,0,941.15,6776.83,1.7
M0143085,N,36,0,3755.26,1,0,1,667.94,2964.86,0.24
M0143086,N,77,1,1380.92,0,0,0,712.89,1249.42,0.43
M0143087,N,62,3,13182.52,1,3,2,7540.03,16209.95,3.1
M0143088,Y,47,6,198171.62,4,4,5,71736.94,130111.93,5.57
M0143089,N,40,1,33563.12,0,1,0,16809.45,12274.85,2.51
M0143090,N,33,2,7842.61,0,0,0,4799.95,7472.67,0.96
M0143091,N,59,3,15915.9,0,1,0,4443.39,15272.13,0.19
M0143092,N,63,1,19835.51,0,0,0,9334.54,8214.24,1.43
M0143093,N,33,1,14024.83,0,2,1,2685.44,11782.67,1.13
M0143094,N,55,1,9533.95,2,0,0,3164.34,5488.93,1.16
M0143095,N,74,1,13421.21,1,0,1,9623.36,6659.65,1.48
M0143096,N,21,0,21511.83,0,1,1,1233.03,17991.16,1.48
M0143097,N,60,1,7110.8,0,0,0,6427.37,2696.08,2.91
M0143098,N,42,0,3565.22,0,0,0,536.3,3461.81,1.92
M0143099,Y,49,7,505800.73,2,7,2,292228.54,327468.16,6.03
M0143100,N,28,1,26328.75,0,0,0,3703.97,20816.1,1.07
M0143101,N,75,0,7310.11,0,1,1,1404.43,6320.72,2.19
M0143102,N,51,3,10700.73,1,0,0,3382.78,14257.58,2.21
M0143103,N,77,0,6745.93,1,0,0,1841.41,4213.36,1.3
M0143104,N,51,1,5303.46,0,0,0,2477.64,4114.87,0.74
M0143105,N,67,0,6330.91,0,0,0,2017.12,7216.61,1.37
M0143106,N,73,1,24209.51,0,1,0,3637.73,18659.72,0.62
M0143107,N,58,2,10775.17,1,1,0,1691.29,11462.11,0.91
M0143108,N,60,0,5240.51,0,2,0,751.31,4387.38,0.0
M0143109,N,37,2,28416.61,1,2,1,12894.29,36328.42,2.29
M0143110,N,57,0,15097.48,0,1,0,2424.88,11217.1,2.06
M0143111,N,75,2,8381.18,0,1,0,3211.45,10299.19,0.0
M0143112,N,22,2,18792.15,0,0,1,1053.16,17431.4,0.34
M0143113,N,74,1,27104.73,0,0,0,2700.5,28130.75,1.82
M0143114,N,21,1,9479.58,1,2,0,3307.82,7727.92,1.92
M0143115,N,73,1,8483.78,0,0,0,1522.7,6329.79,0.77
M0143116,N,28,2,38932.74,0,2,1,11804.27,23071.95,2.08
M0143117,N,69,0,7715.89,0,0,0,4175.42,2024.46,0.51
M0143118,N,46,0,11361.78,0,2,1,5556.02,6356.09,1.23
M0143119,N,43,2,9252.11,0,0,0,1732.56,6130.67,0.71
M0143120,N,34,2,12739.48,0,1,0,5450.52,4777.6,1.58
M0143121,N,72,2,13848.21,0,1,2,3526.05,8195.74,2.27
M0143122,N,36,0,3355.64,1,1,0,2762.21,2297.46,0.43
M0143123,N,61,0,9246.39,1,1,0,1746.45,7421.91,1.3
M0143124,N,74,0,12046.72,0,0,0,4810.85,7759.69,0.65
M0143125,Y,72,5,286267.11,3,3,1,90686.45,159093.25,4.89
M0143126,N,80,1,11508.58,0,2,0,3417.51,14795.37,0.9
M0143127,N,41,3,15012.76,0,0,1,2848.84,10221.08,0.88
M0143128,N,56,0,5352.83,0,2,0,1922.31,4324.56,0.06
M0143129,N,47,0,8427.74,0,1,0,2756.09,9285.88,0.53
M0143130,N,76,3,17184.02,0,1,2,7475.74,11010.11,1.22
M0143131,N,36,1,14302.86,0,1,1,5063.23,7412.55,1.08
M0143132,N,77,0,6529.99,0,0,0,1212.44,4044.68,0.0
M0143133,N,38,0,4576.58,0,1,0,757.46,3072.07,0.0
M0143134,N,80,1,20684.3,0,0,2,2834.33,17901.04,0.89
M0143135,N,42,2,5887.46,0,0,0,3251.14,6505.01,0.49
M0143136,N,64,3,19327.3,0,0,0,5070.44,20774.04,2.48
M0143137,N,38,0,3771.16,0,0,0,793.21,4829.15,0.16
M0143138,N,35,0,6384.03,0,0,0,2521.42,4628.52,0.68
M0143139,N,79,1,13050.05,0,0,1,2799.43,11372.49,0.42
M0143140,N,32,1,14307.13,0,1,0,3579.39,12027.91,2.79
M0143141,N,34,3,42161.12,1,0,1,14682.97,37912.21,1.44
M0143142,N,42,1,6118.84,1,2,1,3326.93,5687.54,0.61
M0143143,N,76,0,11058.84,0,0,0,3391.41,5531.45,0.75
M0143144,N,44,0,5071.91,0,1,0,1075.36,3845.63,0.0
M0143145,N,79,0,9570.93,0,0,0,1326.31,6642.58,2.6
M0143146,N,67,1,13308.66,0,1,0,2275.73,11437.31,1.36
M0143147,N,36,0,31339.64,0,0,1,7214.4,20896.18,2.43
M0143148,N,23,3,37925.43,2,1,0,4463.55,35010.82,2.27
M0143149,Y,78,6,222558.99,2,7,3,57249.6,182666.96,4.14
M0143150,N,27,2,22814.36,0,0,1,6089.04,15636.27,2.33
M0143151,N,55,0,6977.6,0,2,0,2446.33,6071.17,1.37
M0143152,N,42,1,3675.9,0,0,0,2156.8,2335.66,0.49
M0143153,N,53,2,4825.79,0,0,0,3588.32,1812.11,0.0
M0143154,N,31,0,15312.35,0,1,0,3911.94,12400.27,0.0
M0143155,N,58,2,2083.16,0,0,1,1328.32,2095.06,1.21
M0143156,N,20,3,24421.21,0,1,1,2955.48,17714.04,2.11
M0143157,N,29,0,6487.17,0,1,0,1177.1,4467.87,0.82
M0143158,N,21,0,11085.25,0,0,0,2358.85,8890.37,0.16
M0143159,N,79,4,49161.29,0,1,1,11608.91,34542.14,1.31
M0143160,N,37,3,34767.77,0,1,0,2943.18,24847.14,1.42
M0143161,N,59,2,19632.9,0,1,1,6162.54,15879.38,1.13
M0143162,Y,80,6,226188.33,4,8,7,64313.82,241331.56,5.58
M0143163,N,67,2,46463.87,1,1,0,25368.02,12879.06,0.0
M0143164,N,44,0,4080.3,1,2,0,748.93,2638.14,0.66
M0143165,N,35,1,32024.33,0,0,1,2871.57,25244.44,2.49
M0143166,N,41,0,4812.87,0,0,0,3573.63,2419.22,1.77
M0143167,N,34,0,9985.61,0,0,1,5090.66,10780.49,2.83
M0143168,N,66,1,10678.88,0,0,0,3863.0,7382.32,1.5
M0143169,N,41,0,21586.4,0,2,1,6691.91,10774.12,1.39
M0143170,N,69,0,4361.49,1,1,1,3085.01,3534.48,0.16
M0143171,N,40,1,8899.41,0,0,0,1820.33,5920.28,0.25
M0143172,Y,66,7,180331.1,3,6,5,109107.23,74778.74,5.79
M0143173,N,68,0,10938.97,0,1,0,4219.08,9231.08,1.13
M0143174,N,21,0,28804.6,0,0,0,3593.41,37501.21,0.0
M0143175,N,80,1,11534.55,0,1,0,2583.14,6867.97,0.78
M0143176,N,56,2,7905.46,0,1,0,5395.79,4870.54,2.13
M0143177,N,66,2,6765.85,0,1,0,5972.28,5620.03,2.29
M0143178,N,45,2,24985.29,0,2,1,8271.75,22420.64,0.67
M0143179,N,25,1,16406.52,0,0,0,5640.08,14405.62,1.11
M0143180,N,53,0,1812.43,1,1,0,1235.93,1785.66,0.54
M0143181,N,61,0,34999.17,1,2,0,4431.57,27265.61,3.11
M0143182,N,58,3,11704.19,0,0,0,3135.42,10144.33,0.09
M0143183,N,80,1,23306.78,2,1,0,3758.05,19380.24,1.9
M0143184,N,53,1,5387.44,0,0,2,2292.74,7141.52,1.17
M0143185,N,35,2,4258.05,0,0,0,2620.39,4977.74,1.47
M0143186,N,38,0,7281.85,0,0,1,2206.42,5196.15,0.14
M0143187,N,45,0,7316.42,0,0,0,1421.37,5513.0,0.65
M0143188,N,47,1,9636.06,0,0,0,1402.28,6934.39,1.77
M0143189,N,39,0,29483.68,0,0,0,1446.8,21691.09,0.31
M0143190,N,33,0,6683.88,0,0,0,2201.1,6033.87,0.8
M0143191,N,28,1,19912.78,1,1,0,9845.38,11481.73,1.39
M0143192,N,73,1,21878.73,0,0,0,3213.56,30463.25,1.95
M0143193,N,33,0,11222.66,0,0,1,4081.04,4907.75,0.13
M0143194,N,51,1,5458.62,1,1,0,3131.71,2706.81,0.0
M0143195,N,69,1,2340.85,0,1,1,901.63,2516.82,1.05
M0143196,Y,55,7,322768.29,4,7,4,72581.79,362182.55,6.18
M0143197,N,42,1,20968.71,1,0,0,6823.44,11839.74,3.71
M0143198,N,55,3,8449.62,0,0,0,4035.46,7551.95,1.28
M0143199,N,60,0,7050.16,0,1,1,2538.45,3223.46,1.11
M0143200,N,23,1,16470.91,0,0,1,5229.37,21340.3,1.48
M0143201,N,56,0,5667.59,0,0,0,2284.99,4357.56,0.68
M0143202,N,36,0,16268.55,0,0,0,992.69,12053.68,1.16
M0143203,N,76,1,11845.61,0,0,0,2140.04,12291.75,0.97
M0143204,Y,64,8,231630.77,5,5,7,74750.34,119246.81,7.29
M0143205,N,29,1,4239.03,1,0,0,242.06,4456.3,0.0
M0143206,N,66,0,7901.97,2,0,2,693.13,9480.74,1.38
M0143207,N,72,1,10829.09,0,0,0,2074.33,13215.77,1.6
M0143208,N,66,1,16319.84,1,0,0,1010.13,18772.19,0.4
M0143209,N,37,1,9609.85,0,1,0,4614.78,9867.74,1.61
M0143210,N,47,2,9656.79,1,0,0,1839.52,7303.66,2.96
M0143211,N,51,0,18947.14,0,0,0,4803.24,12896.9,1.63
M0143212,N,44,1,14060.56,0,0,3,5912.91,17638.63,0.17
M0143213,Y,56,5,163630.58,2,4,4,58228.15,143060.24,4.25
M0143214,N,29,2,3522.66,0,0,0,569.9,2522.85,1.37
M0143215,N,21,0,21540.78,1,1,0,4442.59,16586.2,2.3
M0143216,N,68,0,4998.67,0,0,0,1097.58,3884.77,1.92
M0143217,N,21,2,21330.06,0,1,1,8992.35,8854.97,1.84
M0143218,N,43,0,6454.74,0,0,0,1696.04,5598.08,2.53
M0143219,N,66,0,17601.8,1,2,1,4680.66,9753.1,0.93
M0143220,N,73,0,3624.46,0,0,0,586.86,4188.76,0.46
M0143221,N,19,1,14525.21,1,1,1,4224.95,7489.75,0.68
M0143222,N,43,1,20957.15,1,3,1,3564.06,19036.48,1.63
M0143223,N,53,0,3421.81,0,0,0,823.35,4108.74,0.56
M0143224,N,68,0,24577.76,0,0,0,2383.04,17297.33,2.69
M0143225,N,79,1,17399.71,0,0,0,3558.13,11038.62,1.3
M0143226,N,28,2,17823.62,0,1,1,3959.35,25050.24,2.03
M0143227,N,35,0,7244.33,0,0,0,2716.03,6632.79,0.31
M0143228,N,44,2,2783.36,0,2,0,1827.67,2574.05,0.0
M0143229,N,27,1,5679.14,1,0,0,1500.67,7769.38,2.75
M0143230,N,58,3,6545.99,0,0,1,4015.32,6754.55,0.55
M0143231,Y,69,3,401011.44,2,1,4,141302.96,219658.06,4.31
M0143232,N,52,0,8652.96,0,1,0,2700.53,8969.18,0.01
M0143233,N,72,0,8560.84,0,0,1,2521.79,6093.93,0.0
M0143234,N,47,0,6123.34,0,0,0,960.39,4025.04,0.0
M0143235,N,23,1,30571.49,0,1,1,2609.24,28218.57,1.29
M0143236,N,80,1,4649.74,0,0,0,1319.52,3113.1,0.17
M0143237,N,52,2,16527.65,0,1,1,3206.66,10095.84,2.09
M0143238,N,57,2,22841.84,0,1,0,9883.58,11870.24,2.81
M0143239,N,24,2,8312.2,0,0,0,4286.59,10221.33,2.99
M0143240,N,69,1,12899.2,0,0,0,6501.73,10653.75,0.69
M0143241,N,33,2,16145.12,0,1,0,7705.81,8259.43,1.88
M0143242,N,30,1,8418.02,0,3,0,3144.19,10551.77,0.84
M0143243,N,36,0,6332.2,0,0,1,2520.07,6420.14,1.24
M0143244,N,72,2,53386.26,1,2,1,23924.02,22159.08,3.65
M0143245,N,64,0,9859.06,0,0,0,4274.85,8278.93,1.36
M0143246,N,65,2,9557.52,0,1,0,2264.29,8113.82,1.27
M0143247,N,66,1,11199.8,0,1,0,772.18,14384.97,0.23
M0143248,N,75,1,9328.93,0,0,0,3324.58,4518.13,1.52
M0143249,N,55,1,3703.9,0,0,0,432.09,2752.77,0.76
M0143250,N,23,0,8849.04,0,0,2,3862.04,7280.86,1.59
M0143251,N,40,2,3183.08,1,0,0,2915.92,2623.09,0.23
M0143252,N,47,0,6031.8,0,2,0,2264.17,2808.51,0.27
M0143253,N,37,1,4569.25,0,1,0,1804.08,3111.55,0.79
M0143254,N,80,0,10896.56,1,0,0,2877.05,6416.7,1.37
M0143255,N,65,2,15957.68,0,1,0,3695.65,19526.45,0.01
M0143256,N,77,2,19586.43,0,1,1,15224.19,8072.91,1.51
M0143257,N,29,2,5208.52,1,2,0,2139.14,3005.88,2.39
M0143258,N,33,0,19827.18,0,1,0,3568.76,21939.45,1.0
M0143259,N,78,2,11505.3,0,0,0,1741.0,7305.3,1.21
M0143260,N,40,1,4886.87,0,0,0,2593.97,2301.16,0.41
M0143261,N,74,1,8951.3,1,0,0,4940.88,3333.62,1.79
M0143262,N,75,0,4685.65,1,0,0,2135.79,3660.51,0.38
M0143263,N,51,2,17590.01,1,2,0,7494.75,11756.91,0.56
M0143264,N,20,1,13824.38,0,0,1,3454.51,8526.73,1.63
M0143265,N,77,1,8445.53,0,1,0,1071.05,9667.34,0.62
M0143266,N,40,3,24306.2,0,2,0,2049.45,26563.3,1.48
M0143267,N,40,2,7097.88,0,0,0,2440.13,3189.47,1.08
M0143268,N,49,1,15274.43,1,0,0,1382.9,19337.06,0.87
M0143269,N,79,0,7145.38,0,0,0,1283.35,11120.84,1.13
M0143270,N,25,3,19010.85,0,0,0,1830.58,18379.68,1.27
M0143271,N,77,1,14697.72,0,0,0,5258.97,7469.18,0.0
M0143272,N,38,1,11381.11,0,0,0,4581.58,8876.22,1.06
M0143273,N,79,0,6793.54,0,1,0,1611.04,7519.61,1.74
M0143274,N,62,3,30456.66,0,1,0,11568.8,13338.56,1.29
M0143275,N,62,1,7471.51,0,2,0,2984.66,5589.64,1.75
M0143276,N,29,0,5635.12,1,0,1,736.84,4278.21,0.04
M0143277,N,78,3,13737.52,0,0,1,6474.69,8197.45,1.86
M0143278,N,71,0,8603.43,0,0,1,1484.82,6970.92,0.0
M0143279,N,55,2,28943.72,0,1,0,5081.91,18250.85,1.41
M0143280,N,22,0,4271.66,0,1,0,2374.72,2221.39,0.92
M0143281,N,49,0,5985.76,0,0,0,1613.38,6052.37,0.18
M0143282,N,76,0,26140.23,0,1,0,1725.62,23956.43,1.73
M0143283,N,72,2,14305.6,1,0,0,16071.18,4667.91,2.02
M0143284,N,26,3,4712.14,0,0,0,1814.34,6448.88,1.15
M0143285,N,50,0,35613.97,0,2,0,14455.27,19966.64,0.93
M0143286,N,51,0,5816.08,0,0,1,1371.58,5098.88,0.0
M0143287,Y,68,7,212975.42,2,3,2,42791.55,165583.66,3.61
M0143288,N,36,1,16600.69,0,2,0,3697.83,10301.1,1.23
M0143289,N,55,0,15701.2,0,2,0,6642.39,9239.18,1.0
M0143290,N,58,1,27027.45,0,1,2,12132.42,13355.9,2.82
M0143291,N,62,1,3412.68,0,0,0,1403.37,2138.46,0.32
M0143292,N,39,2,43282.72,1,1,2,27391.22,8757.75,1.45
M0143293,N,35,0,3907.82,0,0,0,1208.65,2867.72,0.87
M0143294,N,79,2,15538.41,0,2,0,5469.46,7175.65,1.49
M0143295,N,79,0,2684.58,0,0,0,1095.69,3385.27,0.0
M0143296,N,72,1,17718.15,0,1,1,10960.33,5432.56,0.0
M0143297,N,62,1,16692.58,1,3,0,2763.0,16212.82,0.0
M0143298,N,51,2,30505.15,0,1,1,5031.08,21995.66,1.49
M0143299,N,65,2,6371.42,0,1,0,1873.17,4895.96,1.09
M0143300,N,29,3,10929.97,0,0,0,3369.32,5803.84,3.19
M0143301,N,27,0,7619.77,0,1,1,2596.42,4940.09,1.19
M0143302,N,77,0,31274.7,1,1,1,7326.16,21602.11,1.81
M0143303,N,66,0,5954.22,0,0,0,768.68,7080.38,0.9
M0143304,N,27,3,13681.67,0,0,0,3954.44,9499.34,1.68
M0143305,N,19,0,5611.29,1,2,2,1631.7,4174.57,0.0
M0143306,N,22,2,15096.51,1,0,0,3794.93,8456.02,0.4
M0143307,N,56,1,27376.44,1,0,2,15964.23,13629.28,1.57
M0143308,N,44,1,14423.84,0,0,0,4852.61,13228.99,0.83
M0143309,N,58,2,22105.8,0,2,0,11549.42,13637.79,0.71
M0143310,N,56,2,12051.16,1,0,1,756.06,12852.11,0.17
M0143311,N,56,2,6367.56,0,0,0,916.07,8057.57,1.01
M0143312,N,25,0,7319.97,0,0,0,1635.75,4468.66,1.25
M0143313,N,34,3,37267.43,0,1,0,25751.53,14893.11,3.55
M0143314,N,31,2,12630.57,0,1,0,1722.84,16017.44,2.39
M0143315,N,42,0,3800.59,0,2,0,1201.04,3029.6,1.2
M0143316,N,44,1,11435.6,0,0,0,3807.1,6106.07,0.77
M0143317,N,56,0,8584.55,0,0,0,3572.15,3756.36,0.56
M0143318,N,66,0,4167.81,0,1,1,1486.66,3128.27,1.05
M0143319,N,27,1,4639.93,0,0,0,843.05,7042.03,0.32
M0143320,N,59,1,25176.48,0,0,1,7504.91,19506.68,1.37
M0143321,N,77,1,10154.56,0,1,1,1740.96,7238.07,2.51
M0143322,N,36,2,7908.16,0,1,2,5318.2,4396.12,0.55
M0143323,N,49,2,3336.35,0,2,2,873.22,2088.1,0.12
M0143324,N,32,0,5807.94,0,0,0,5227.98,3861.93,1.8
M0143325,N,42,2,12293.42,0,0,1,3133.5,9544.29,2.01
M0143326,N,72,0,19218.0,0,1,0,6253.14,20634.63,0.7
M0143327,N,49,0,4625.4,0,0,0,1449.02,4582.36,0.0
M0143328,N,48,0,3383.28,0,0,0,1368.64,3812.73,0.0
M0143329,N,57,1,15574.78,1,0,1,8169.96,4214.88,1.1
M0143330,N,44,4,8598.63,0,0,1,2689.79,8886.11,1.68
M0143331,N,53,1,2388.46,0,0,0,675.25,2655.47,0.12
M0143332,N,71,0,11950.33,2,1,0,6514.21,7553.28,3.06
M0143333,N,30,2,9821.23,0,0,0,565.14,8081.13,0.0
M0143334,N,75,1,6089.2,0,2,1,2565.06,5650.47,1.35
M0143335,N,30,3,7116.47,1,1,0,2741.6,7958.06,0.98
M0143336,N,52,1,21480.86,0,0,1,7455.21,9927.82,1.54
M0143337,N,31,0,3787.65,0,0,0,589.37,5936.45,0.53
M0143338,N,49,1,5777.28,0,1,0,2565.16,4720.79,0.84
M0143339,N,61,2,16969.35,0,0,0,1840.6,13090.49,0.0
M0143340,N,28,1,5266.18,0,0,0,2041.61,3149.96,0.0
M0143341,N,64,0,12204.8,0,3,0,3167.86,8151.8,1.62
M0143342,N,52,2,16414.2,0,1,0,2202.68,18307.17,1.03
M0143343,Y,85,6,216116.51,4,1,6,37665.07,237137.58,7.18
M0143344,N,34,1,22081.41,0,1,0,4467.37,14395.36,1.1
M0143345,N,58,2,13401.05,0,0,1,4707.63,8322.2,1.08
M0143346,N,72,1,6327.46,0,1,1,2486.74,6516.77,1.01
M0143347,N,72,2,19729.14,0,2,1,2899.98,14285.7,1.51
M0143348,N,18,2,5988.83,0,1,0,1550.07,5156.02,0.72
M0143349,N,62,2,7644.85,0,0,0,3796.68,5245.71,2.01
M0143350,N,46,1,11502.59,0,2,1,1663.03,7518.52,2.18
M0143351,N,59,0,8838.71,1,1,0,1777.28,5677.01,0.28
M0143352,N,41,0,3514.49,0,0,0,1608.28,4626.96,0.51
M0143353,N,62,2,34051.22,1,0,0,1495.18,30813.14,1.51
M0143354,N,47,0,6094.77,0,1,1,2151.06,3421.61,1.81
M0143355,N,27,1,2527.2,0,1,0,1122.5,3312.76,0.98
M0143356,N,61,1,4833.36,0,1,0,2184.42,5093.77,0.17
M0143357,N,73,1,7774.29,0,0,0,4912.76,6608.95,1.13
M0143358,N,21,4,24379.76,0,3,0,25628.67,10568.62,1.91
M0143359,N,46,2,6908.87,1,1,0,1960.93,7961.38,2.03
M0143360,N,21,0,3699.63,0,0,1,469.51,2854.48,0.13
M0143361,N,25,1,1833.29,0,1,0,1362.75,1450.19,1.32
M0143362,N,22,2,10596.89,0,0,0,1768.86,9193.14,1.21
M0143363,N,57,2,12954.33,0,0,0,3081.32,7996.74,1.06
M0143364,Y,81,3,311386.7,4,4,4,203306.01,201239.21,7.24
M0143365,N,74,0,8760.99,0,0,0,1745.47,6772.67,1.43
M0143366,N,50,0,12172.76,0,1,1,5253.28,7330.58,2.11
M0143367,N,56,0,7192.65,1,0,0,5106.91,5838.67,1.05
M0143368,N,37,1,25249.89,1,1,1,1636.68,23281.95,1.92
M0143369,N,21,3,12975.88,0,2,1,5408.41,13348.78,1.24
M0143370,N,42,0,4190.19,0,0,0,3499.16,3898.22,0.55
M0143371,N,38,0,4750.68,0,0,0,4321.25,2393.43,0.03
M0143372,N,58,1,37323.78,0,0,0,2280.01,31386.96,2.53
M0143373,N,39,2,10330.56,0,1,0,9005.09,5890.48,1.86
M0143374,N,30,1,9132.14,1,1,0,4422.84,5658.2,1.45
M0143375,N,51,0,11646.13,1,2,1,6652.35,4545.06,1.5
M0143376,N,67,1,32851.71,0,1,1,8414.93,18727.24,2.54
M0143377,N,33,1,15712.58,1,0,1,1971.33,11895.03,0.91
M0143378,N,29,0,2513.28,0,0,0,675.85,2383.15,0.8
M0143379,N,57,1,5351.9,0,0,0,1789.54,3168.06,0.48
M0143380,N,73,2,8279.65,0,0,0,667.61,7674.25,0.0
M0143381,N,58,2,5099.37,0,2,2,1091.93,5252.8,1.55
M0143382,Y,54,4,334131.12,4,5,3,129801.94,178011.71,6.27
M0143383,N,43,0,31560.21,0,0,0,24596.74,7016.54,1.28
M0143384,N,53,2,41906.45,1,0,0,2925.55,47836.08,3.86
M0143385,N,72,3,13524.68,0,0,0,2395.93,8912.92,1.31
M0143386,N,63,0,7107.31,1,1,0,3699.97,5866.3,0.0
M0143387,N,72,0,10895.71,0,0,0,1551.51,7425.65,1.0
M0143388,N,21,3,23644.26,0,0,1,16194.31,22671.21,2.67
M0143389,N,47,0,5180.51,1,0,1,2303.16,5693.23,1.29
M0143390,N,25,1,10863.88,1,0,0,5672.77,3632.76,1.7
M0143391,N,49,0,22874.53,0,0,0,8146.38,12074.21,1.45
M0143392,N,75,0,2428.47,0,0,0,641.48,1856.45,0.89
M0143393,N,63,1,17265.44,1,0,1,12917.51,18132.79,2.16
M0143394,N,62,2,22018.0,0,0,0,2391.46,17953.31,1.63
M0143395,N,73,2,3929.75,0,0,0,1032.43,4261.06,1.41
M0143396,N,18,2,16529.54,0,2,0,13149.41,16313.07,1.91
M0143397,N,18,1,6583.68,0,0,1,1936.07,8570.86,0.11
M0143398,N,34,1,4597.66,0,1,0,1183.67,4203.82,0.15
M0143399,N,71,2,36420.36,0,1,0,2577.58,31833.56,1.12
M0143400,N,59,2,30733.07,0,0,0,7042.32,22630.4,3.79
M0143401,N,45,1,73312.06,1,1,0,6409.91,55228.66,0.0
M0143402,N,53,0,4751.08,0,1,0,732.46,3645.08,0.0
M0143403,N,42,0,6462.34,0,0,0,635.17,6002.88,0.96
M0143404,N,63,0,35692.82,0,0,0,20347.77,13308.25,2.08
M0143405,N,48,0,3263.44,0,1,0,394.21,2172.35,0.62
M0143406,N,72,1,18046.2,0,1,2,4411.85,15364.37,1.78
M0143407,N,30,3,9031.84,0,1,0,1913.92,11327.94,0.45
M0143408,N,61,2,50911.95,0,0,0,3464.6,36432.48,0.64
M0143409,N,74,2,23414.17,0,3,1,7948.69,15261.48,1.96
M0143410,N,54,0,5385.31,0,3,0,710.96,4726.46,0.29
M0143411,N,54,0,20649.66,0,0,1,2386.8,16650.88,1.37
M0143412,N,18,1,12088.74,0,1,0,3539.78,8488.72,0.42
M0143413,N,74,0,14908.14,2,2,1,4558.01,14496.56,1.01
M0143414,N,35,2,11242.63,0,0,2,5821.66,3118.27,1.2
M0143415,N,24,0,4869.96,0,0,1,456.11,3735.79,1.13
M0143416,N,51,1,13602.47,0,1,1,4748.18,8509.52,1.26
M0143417,N,62,0,4528.33,0,0,0,634.02,4760.48,0.23
M0143418,N,40,2,9531.4,0,0,0,4706.93,4998.59,0.45
M0143419,N,78,1,11725.93,0,0,1,3183.53,12556.95,1.7
M0143420,Y,67,4,296490.82,4,6,3,138260.3,150202.87,5.84
M0143421,N,39,1,20935.33,1,0,1,7300.95,13928.16,0.82
M0143422,N,21,1,12104.34,0,1,0,6300.05,6849.33,1.25
M0143423,N,50,0,5136.32,0,1,1,1685.1,5269.53,1.99
M0143424,N,42,2,4041.78,0,0,1,992.41,4486.35,1.14
M0143425,N,31,2,10610.9,0,1,0,5114.34,6673.05,2.33
M0143426,N,56,0,16979.73,0,2,0,3259.47,10695.11,0.76
M0143427,N,40,4,40915.86,0,1,1,11377.39,22767.23,2.23
M0143428,N,73,2,9705.53,0,0,0,4017.57,6100.09,0.48
M0143429,N,78,0,3592.26,0,1,0,1266.28,4052.84,0.54
M0143430,N,44,0,2232.58,0,0,0,1349.58,1920.68,1.08
M0143431,N,76,0,13517.96,0,0,0,1583.97,10259.33,1.55
M0143432,N,73,0,14783.42,0,2,0,1627.79,16730.43,0.0
M0143433,N,64,1,7391.45,0,1,0,3131.0,8655.91,1.08
M0143434,N,76,0,4878.48,0,0,0,3171.14,4085.24,0.22
M0143435,N,47,2,11388.45,0,0,0,1074.24,8116.18,1.8
M0143436,N,58,0,21326.43,0,0,0,6201.26,11637.71,0.23
M0143437,N,78,1,14269.42,0,1,1,2469.87,12103.4,1.43
M0143438,N,40,2,22926.47,0,1,1,3913.08,21962.4,2.63
M0143439,N,34,2,5275.42,0,0,0,1566.04,5596.91,2.58
M0143440,N,77,1,28695.29,1,0,0,1352.44,25539.03,1.16
M0143441,N,34,0,6180.47,0,0,0,498.37,4342.16,1.58
M0143442,N,38,0,8857.66,0,0,1,8528.71,6096.5,0.48
M0143443,N,44,1,2564.5,0,1,0,874.82,2959.66,1.57
M0143444,N,53,1,10147.81,0,0,1,2706.25,6677.1,0.82
M0143445,N,37,2,7123.21,1,0,0,1789.43,5295.8,0.15
M0143446,N,46,1,17786.55,0,2,0,9633.11,8715.12,1.25
M0143447,N,70,0,19633.72,0,0,0,2399.18,13076.55,1.53
M0143448,N,76,0,14093.59,0,1,0,1162.27,24030.49,0.74
M0143449,Y,36,5,230858.53,4,5,5,122085.39,189639.5,7.67
M0143450,N,44,1,6403.95,0,1,0,1596.19,3448.83,1.04
M0143451,N,31,2,20345.7,0,2,0,3923.34,20444.3,0.58
M0143452,N,44,0,17424.46,0,2,0,2607.3,11714.58,2.15
M0143453,N,48,1,6761.79,0,1,0,1869.47,4636.47,0.65
M0143454,N,34,1,6483.33,0,1,0,4238.7,6303.51,1.61
M0143455,N,18,2,2220.62,1,1,0,1761.59,2062.36,0.78
M0143456,N,67,1,17838.42,0,2,1,4130.27,10703.94,0.2
M0143457,N,48,2,26201.76,0,2,0,10344.57,17588.88,1.45
M0143458,N,27,4,12707.11,1,0,2,4020.73,15464.62,1.66
M0143459,N,63,1,9709.07,0,0,0,5438.08,5164.82,1.46
M0143460,N,29,1,10768.76,0,1,0,3264.74,8551.63,1.49
M0143461,N,78,0,7108.74,0,1,0,3969.39,4952.69,0.49
M0143462,N,18,0,3271.7,0,0,0,586.89,3984.63,0.0
M0143463,N,54,2,10396.05,0,0,1,6973.7,9680.48,0.0
M0143464,N,47,0,6321.54,0,0,0,2116.61,3117.96,0.0
M0143465,N,68,0,11788.62,0,0,0,2694.22,7755.32,1.97
M0143466,N,64,0,32839.18,0,2,0,4446.27,23731.32,0.66
M0143467,N,29,1,11385.14,0,1,0,5118.25,8687.42,1.65
M0143468,Y,56,8,369862.52,4,6,7,100999.66,244095.16,6.69
M0143469,N,74,0,10395.01,0,1,1,2238.57,11142.09,0.21
M0143470,N,20,1,12266.2,0,0,1,1329.85,8301.42,0.01
M0143471,N,18,1,10834.83,0,0,0,5633.76,4138.42,0.66
M0143472,Y,69,5,207446.0,4,5,2,44877.68,143409.71,3.35
M0143473,N,50,1,7885.9,0,1,0,4039.74,9591.82,1.58
M0143474,Y,52,2,275043.03,6,3,3,135314.77,159176.54,4.99
M0143475,N,57,2,13260.62,1,0,0,3787.55,9936.87,0.51
M0143476,N,30,1,28552.49,0,0,0,18225.75,5928.71,1.1
M0143477,N,45,1,6851.75,0,1,0,1844.36,5348.16,0.0
M0143478,N,54,1,8335.85,0,0,0,1165.89,6733.3,0.0
M0143479,N,34,2,19918.29,1,0,1,3829.04,21164.6,1.52
M0143480,N,29,0,6143.97,0,0,0,1771.58,3692.64,1.24
M0143481,N,52,2,29744.64,0,2,0,2102.22,43265.6,1.82
M0143482,N,52,0,8819.64,1,0,1,3455.44,6629.34,1.57
M0143483,N,75,2,3380.05,0,2,0,1102.6,2650.45,0.89
M0143484,N,80,2,27254.17,1,1,1,3978.77,38716.24,0.16
M0143485,N,55,0,6617.24,0,0,0,2280.89,3369.34,1.12
M0143486,N,72,2,14469.43,1,1,1,3599.72,7751.6,2.24
M0143487,N,43,1,40419.48,1,1,0,6709.22,29728.74,1.82
M0143488,N,69,3,16954.38,0,1,0,5668.9,19852.25,1.99
M0143489,N,54,2,19382.42,0,2,1,4928.63,19590.63,1.67
M0143490,N,73,2,12798.97,1,0,0,1576.49,8990.67,0.51
M0143491,Y,57,5,158617.41,3,6,5,96701.44,85566.22,3.31
M0143492,N,55,0,8739.86,0,0,0,1693.63,6509.87,1.15
M0143493,N,71,2,23584.85,0,0,0,11343.83,12723.82,1.52
M0143494,N,29,1,18101.07,0,0,1,2846.9,14728.09,1.57
M0143495,N,40,1,38020.58,0,1,0,10537.81,26020.12,1.24
M0143496,N,74,2,20604.48,0,2,0,10967.8,7103.88,0.88
M0143497,N,25,2,4026.16,0,2,1,1145.35,3950.39,0.71
M0143498,N,27,2,15234.09,0,1,0,3996.17,8460.14,0.4
M0143499,N,61,0,6330.4,0,1,0,2620.32,3681.07,0.54
M0143500,N,48,0,21865.54,0,2,0,2598.39,27463.4,1.91
M0143501,N,70,0,14782.39,0,0,0,2143.36,16152.49,1.6
M0143502,N,61,0,2944.49,0,1,0,1218.5,2697.35,0.77
M0143503,N,56,1,15705.33,0,1,0,4722.2,14920.42,0.0
M0143504,N,79,1,12256.22,0,1,0,3239.51,6407.7,0.17
M0143505,N,54,0,4684.28,0,0,0,2743.89,3031.23,2.14
M0143506,N,36,1,5969.6,0,1,1,917.32,4233.31,0.61
M0143507,N,29,0,13481.28,0,1,0,2672.63,12153.45,2.1
M0143508,Y,55,7,321025.22,3,4,4,73173.69,257475.45,5.28
M0143509,N,71,1,1650.31,0,1,0,935.16,1923.36,0.97
M0143510,N,58,1,23140.6,0,0,0,7941.45,18484.66,0.21
M0143511,N,52,1,13790.16,0,1,1,1305.19,14710.25,1.73
M0143512,N,53,1,4256.49,0,0,0,1938.75,4894.81,1.09
M0143513,N,29,1,6706.12,0,0,0,5118.47,6050.25,1.72
M0143514,N,53,4,6469.01,0,0,0,2903.27,3252.55,1.01
M0143515,N,78,1,5510.68,0,0,1,2880.63,3343.36,1.69
M0143516,N,58,1,11277.73,1,1,0,3132.67,9396.02,2.14
M0143517,N,20,2,3704.69,1,0,0,2734.95,3765.0,0.18
M0143518,N,43,0,9231.19,1,1,0,5021.99,4915.66,0.46
M0143519,N,32,1,7397.38,0,0,1,3108.65,7732.17,0.68
M0143520,N,49,1,28116.07,0,2,0,3187.59,21259.77,0.52
M0143521,N,28,1,12003.32,1,0,1,1082.94,10182.04,1.63
M0143522,N,62,2,14536.93,0,0,0,3493.63,17327.85,1.43
M0143523,N,63,0,10377.74,0,0,0,3045.66,11137.19,0.38
M0143524,N,72,0,8862.59,1,0,1,3065.27,4142.6,1.09
M0143525,Y,36,3,139789.69,2,4,2,69865.01,122705.45,4.36
M0143526,N,51,0,17227.38,0,0,0,2295.95,13468.19,0.41
M0143527,N,23,2,34412.67,0,0,0,3925.52,26672.39,1.35
M0143528,N,31,1,14649.11,0,0,0,3331.48,19800.25,2.04
M0143529,N,79,0,34495.48,0,2,0,2657.16,27809.21,2.96
M0143530,N,65,0,32749.77,0,0,0,7407.0,18544.8,1.52
M0143531,N,19,1,8200.8,0,1,0,2975.47,5856.23,0.5
M0143532,N,51,1,9298.44,0,0,0,3140.36,7132.66,0.77
M0143533,N,37,0,16009.96,2,2,0,4998.35,7880.44,0.96
M0143534,N,33,0,9701.03,0,0,0,4622.61,10377.83,3.5
M0143535,N,64,1,3075.81,0,1,0,1719.15,1316.72,1.01
M0143536,N,20,2,6010.67,0,1,0,1213.24,7474.01,0.0
M0143537,N,55,0,7202.21,2,0,1,1730.93,8214.74,2.13
M0143538,N,57,0,12887.71,0,0,0,6424.74,6725.39,0.95
M0143539,N,67,3,8904.6,1,2,1,1904.97,9443.15,1.34
M0143540,N,75,0,5113.66,1,1,1,1071.13,3806.43,0.0
M0143541,N,59,2,45276.75,0,1,0,8416.59,32634.13,2.09
M0143542,N,45,0,16004.8,0,0,0,3994.03,10521.26,0.0
M0143543,N,75,2,5844.36,0,1,0,2537.53,6899.13,1.27
M0143544,N,57,3,2092.13,0,1,0,1032.67,2524.16,0.0
M0143545,Y,47,4,197840.48,1,2,4,107501.89,102164.36,4.41
M0143546,N,71,0,7242.88,0,0,0,4334.03,3281.21,0.0
M0143547,N,45,1,36141.91,0,3,0,5181.49,35259.78,2.84
M0143548,N,73,1,6503.44,0,0,0,935.92,4786.83,0.0
M0143549,N,71,0,6508.36,0,0,0,3019.06,6868.37,1.5
M0143550,N,34,0,5264.87,0,1,0,3050.59,5807.63,1.76
M0143551,N,23,2,8777.2,0,0,0,5379.14,8884.58,3.21
M0143552,N,18,0,8035.17,0,1,0,2511.03,6512.04,1.06
M0143553,N,65,3,7314.03,0,1,0,4231.92,2649.54,1.07
M0143554,N,56,1,6410.69,0,0,0,2727.21,4586.19,0.0
M0143555,N,25,0,8295.98,0,0,0,2271.8,6342.54,0.4
M0143556,N,47,1,8920.93,1,0,0,7116.32,7908.67,0.75
M0143557,N,73,0,5199.96,0,0,1,1105.8,3832.72,1.11
M0143558,N,35,1,3322.96,1,0,0,986.2,4680.18,0.0
M0143559,N,74,0,12289.11,0,0,0,2632.14,8510.89,0.2
M0143560,Y,59,5,342559.82,4,4,6,187982.46,196308.18,6.49
M0143561,Y,37,5,274407.7,5,2,3,182597.18,133202.02,5.11
M0143562,N,28,1,12119.14,1,1,0,5466.23,7077.98,0.02
M0143563,N,21,1,6506.26,0,1,1,1816.15,7066.84,1.95
M0143564,N,46,1,8246.1,0,2,0,7541.1,6975.07,2.32
M0143565,N,38,2,9281.99,0,0,0,1255.08,8349.26,1.57
M0143566,N,25,0,9520.57,0,1,0,2868.29,8385.68,0.0
M0143567,N,22,0,15580.62,1,1,0,3887.85,9017.94,1.04
M0143568,N,78,0,13219.59,0,1,1,2757.5,8279.13,0.35
M0143569,N,27,0,5832.37,0,0,0,2511.96,2858.81,0.57
M0143570,N,77,0,3691.38,0,1,1,1228.79,3287.21,1.2
M0143571,N,63,2,9372.45,2,0,1,5402.5,5753.95,3.77
M0143572,N,34,2,14600.79,0,2,0,3225.44,9787.95,0.52
M0143573,N,49,1,12220.62,0,0,0,2427.45,7736.37,0.73
M0143574,N,51,1,3049.24,0,2,0,2440.72,2644.95,1.8
M0143575,N,51,0,7927.17,0,0,1,2117.59,10184.78,1.53
M0143576,N,28,2,11289.84,1,1,0,6089.45,6773.56,1.07
M0143577,N,32,0,6619.58,0,0,0,1836.86,8480.87,0.0
M0143578,N,77,3,20303.18,0,1,1,11838.8,21669.39,1.58
M0143579,N,21,1,14304.36,1,0,0,2509.43,23344.91,0.57
M0143580,N,58,1,15214.41,0,1,0,3237.19,8732.42,1.11
M0143581,N,23,0,2361.13,0,2,0,1595.56,1259.85,0.87
M0143582,N,77,2,3945.88,0,0,0,488.94,6529.81,1.33
M0143583,N,67,0,17328.19,0,0,0,1904.07,15762.11,0.31
M0143584,N,48,2,7307.7,0,1,0,1699.31,8528.78,1.55
M0143585,N,35,2,2122.46,0,1,0,539.14,2379.15,1.44
M0143586,N,35,0,3803.89,0,0,0,1382.37,1883.45,2.17
M0143587,N,59,1,10979.61,2,0,0,3773.9,6352.48,1.33
M0143588,N,50,1,6559.86,0,0,0,2782.53,3791.24,0.0
M0143589,N,57,2,11875.46,0,0,0,5508.68,4568.83,0.67
M0143590,N,78,1,8825.77,0,2,1,1862.71,9584.33,0.23
M0143591,N,74,2,18386.58,0,1,0,1056.71,16183.59,1.3
M0143592,N,27,2,31215.78,0,0,1,7006.5,23116.58,2.16
M0143593,N,31,0,9699.41,0,2,0,3602.2,4594.03,0.09
M0143594,N,33,2,16880.79,1,0,2,10648.83,18265.47,1.16
M0143595,N,41,3,22276.57,1,4,0,14906.06,11430.65,0.52
M0143596,N,33,1,8801.02,0,0,1,1068.56,9486.51,0.6
M0143597,N,65,0,6549.2,0,1,0,1351.42,4337.17,0.0
M0143598,N,41,2,34329.11,0,1,0,22460.09,9771.73,2.61
M0143599,N,37,2,7090.57,2,1,0,2616.02,4562.26,1.16
M0143600,N,29,3,20317.36,0,0,1,7037.86,10602.71,1.64
M0143601,N,61,0,13735.53,0,0,0,3938.11,12066.66,0.86
M0143602,N,47,0,3044.73,0,0,1,1886.55,2119.89,1.02
M0143603,N,21,2,19331.67,0,1,1,4071.36,11923.53,1.55
M0143604,N,29,1,18282.24,0,0,1,480.61,16850.8,1.22
M0143605,N,60,2,9965.53,1,0,0,2572.45,6091.63,1.21
M0143606,N,72,0,8401.19,0,0,0,1582.8,9312.26,1.23
M0143607,N,44,0,4158.44,0,1,0,662.26,5558.51,0.0
M0143608,N,58,1,14937.52,0,2,0,7082.68,9384.46,1.3
M0143609,N,49,1,7145.45,0,0,0,1468.07,5594.46,0.6
M0143610,N,71,1,65210.53,0,2,0,1555.37,59049.66,1.33
M0143611,N,46,1,6546.93,0,1,0,780.65,7042.73,0.39
M0143612,N,31,2,12605.95,0,0,0,1125.11,9813.48,0.38
M0143613,N,60,2,9696.99,0,2,1,6502.29,10879.5,1.4
M0143614,N,21,1,11471.04,0,0,0,5955.43,9595.65,0.0
M0143615,N,26,2,23038.01,0,2,0,4507.66,20759.03,2.45
M0143616,N,60,3,28945.5,1,2,1,13965.79,15980.35,2.67
M0143617,N,51,0,14967.28,0,2,1,5772.94,21153.09,1.24
M0143618,N,30,0,5602.15,0,2,1,1765.24,5793.89,0.0
M0143619,N,68,1,2701.96,0,0,0,918.4,3739.0,0.29
M0143620,N,21,2,7694.76,2,0,1,2152.22,4854.8,2.03
M0143621,N,38,0,5178.17,0,1,0,3432.1,3329.0,1.44
M0143622,N,73,1,2689.19,0,0,0,745.43,2984.1,0.0
M0143623,N,38,0,17693.88,0,1,1,6282.6,15454.38,2.01
M0143624,N,73,2,9829.35,0,1,2,9387.85,7601.03,0.0
M0143625,N,45,2,22878.4,1,1,0,5205.63,17298.0,1.59
M0143626,N,46,2,7247.89,0,0,0,5736.75,4716.0,0.81
M0143627,Y,71,5,260093.4,3,4,2,67013.03,215703.46,5.82
M0143628,N,77,1,6051.41,0,1,0,778.02,5040.49,1.21
M0143629,N,21,0,3990.65,1,1,0,2281.66,3481.64,0.83
M0143630,N,42,2,12355.89,0,0,4,4103.54,7201.66,1.34
M0143631,N,36,0,13565.06,0,2,0,2604.92,8922.19,1.17
M0143632,N,36,0,17407.35,0,0,1,11738.86,12404.48,0.96
M0143633,N,58,2,7349.87,0,1,0,1902.06,6320.04,2.7
M0143634,N,34,0,5065.68,1,0,0,602.67,3689.18,1.48
M0143635,N,72,1,13520.22,1,1,0,7090.38,11868.1,0.46
M0143636,N,75,0,4958.26,0,0,0,1793.12,4817.71,1.17
M0143637,N,69,1,9127.19,1,0,0,2437.9,4712.15,1.93
M0143638,N,75,0,7882.09,0,1,0,938.8,6221.26,1.03
M0143639,Y,36,4,108512.15,5,1,3,44615.92,75693.97,4.5
M0143640,N,63,0,5143.31,0,2,0,690.61,4986.54,1.95
M0143641,N,60,1,11366.62,0,3,1,5922.48,4248.72,0.05
M0143642,N,37,1,9436.45,1,1,0,3507.99,12959.42,0.0
M0143643,N,37,0,21864.26,0,1,2,4792.17,14860.19,2.34
M0143644,N,60,0,3429.28,0,1,0,1376.33,1474.9,0.0
M0143645,N,74,2,17341.88,1,0,0,8779.36,13194.24,2.51
M0143646,N,48,1,10210.05,0,0,0,1195.82,8251.25,0.1
M0143647,N,29,1,11153.63,0,1,2,7308.0,6010.85,0.0
M0143648,N,43,0,5807.59,0,0,0,2006.89,3582.51,0.34
M0143649,N,58,3,23316.75,0,2,1,13916.3,6819.0,1.96
M0143650,N,55,2,4622.93,0,0,0,1621.45,2854.01,1.19
M0143651,N,59,0,9658.53,0,1,1,979.26,11736.89,0.95
M0143652,N,41,0,5307.55,0,0,1,1129.7,3792.41,1.41
M0143653,N,55,1,15791.04,0,1,0,2900.55,10061.6,0.94
M0143654,N,58,0,20952.88,0,0,0,3841.42,13021.22,0.54
M0143655,N,37,0,7023.75,0,2,0,2939.11,3336.58,0.97
M0143656,N,47,0,22190.67,0,0,1,9229.28,11745.08,1.85
M0143657,N,80,1,11837.66,0,0,1,5323.88,7042.89,2.23
M0143658,N,73,0,2112.95,0,1,0,1781.25,1720.65,0.59
M0143659,N,72,1,10017.35,0,0,0,3235.85,5146.56,0.99
M0143660,Y,58,3,341430.62,3,6,6,121525.8,179450.57,2.63
M0143661,N,47,2,26221.25,1,0,1,7622.05,15591.05,0.35
M0143662,N,68,2,37688.04,0,1,0,6229.24,25100.99,2.02
M0143663,N,43,1,11594.6,0,2,0,3009.77,13406.71,1.67
M0143664,N,56,0,4590.62,0,0,0,1000.38,3941.54,0.0
M0143665,N,73,2,11946.26,0,0,1,2683.12,15108.0,2.3
M0143666,N,76,0,11901.81,0,0,0,5325.01,4154.33,1.46
M0143667,N,47,1,9828.59,0,1,0,2015.56,8602.64,0.0
M0143668,N,30,0,9112.31,2,0,0,2386.65,7722.21,1.03
M0143669,N,73,1,13369.66,0,1,0,3133.67,10055.15,1.43
M0143670,N,23,0,3685.59,0,0,0,510.41,5368.32,0.96
M0143671,N,47,0,2003.82,0,1,0,941.32,2356.59,0.11
M0143672,N,72,2,18579.9,1,3,0,3507.88,20768.14,0.98
M0143673,N,53,0,15935.21,0,2,0,3149.66,9808.35,0.82
M0143674,N,77,0,21879.47,0,0,0,2263.88,20193.85,1.04
M0143675,N,47,0,5979.84,0,1,1,1758.21,3754.51,0.38
M0143676,N,66,0,14613.93,1,1,0,6034.9,5751.27,0.79
M0143677,N,71,2,10445.46,0,0,0,1518.02,6740.2,0.33
M0143678,N,39,1,4565.21,0,0,0,2638.56,3622.94,1.27
M0143679,N,40,1,2105.78,0,1,1,659.61,998.8,0.0
M0143680,N,58,1,9682.4,0,0,0,1748.41,6610.07,1.01
M0143681,N,75,2,23781.13,1,0,0,1861.8,19947.21,0.98
M0143682,N,20,0,7638.05,0,0,1,725.19,7201.98,0.91
M0143683,N,38,1,7880.61,0,3,2,1895.96,10948.55,2.02
M0143684,N,22,2,13622.61,1,2,2,3411.44,13470.12,2.33
M0143685,N,61,0,19743.62,2,1,0,8158.08,10811.41,1.33
M0143686,N,79,0,10536.12,1,1,0,13600.81,5276.35,1.26
M0143687,N,41,1,13178.16,0,1,0,6903.83,13203.43,0.66
M0143688,N,20,1,13199.85,0,0,0,3260.51,15607.28,0.6
M0143689,N,34,1,13738.39,1,2,1,8152.61,8399.87,0.42
M0143690,N,62,1,4371.43,0,1,1,4735.06,1173.82,0.87
M0143691,N,69,0,7615.24,1,2,0,1348.44,5008.72,1.18
M0143692,N,37,1,15131.16,0,1,0,4088.1,14816.57,0.16
M0143693,N,76,0,14267.67,1,1,0,4789.89,8839.97,0.84
M0143694,N,42,1,7461.31,2,2,0,689.4,6772.56,0.47
M0143695,N,63,0,6956.75,0,0,0,1324.28,5108.27,0.82
M0143696,Y,64,6,233866.81,5,4,4,108653.91,173800.2,4.66
M0143697,N,18,1,12693.06,0,0,0,816.8,9526.33,0.49
M0143698,N,22,1,9616.21,0,0,0,4181.63,4800.96,0.99
M0143699,N,54,0,15949.05,0,0,0,2843.04,17153.57,1.89
M0143700,N,78,0,10664.67,0,1,0,3903.82,4682.26,0.0
M0143701,N,22,2,15150.49,0,1,1,3222.1,21307.74,1.84
M0143702,N,48,0,20960.73,1,1,1,11740.29,9460.23,1.25
M0143703,N,75,1,17829.3,0,1,0,2906.87,20558.82,0.52
M0143704,N,64,2,21302.77,1,1,1,2545.49,18475.39,1.83
M0143705,N,34,0,2743.33,0,0,0,788.95,2224.45,1.77
M0143706,N,51,1,12486.56,1,3,0,5201.89,5613.71,0.12
M0143707,N,60,1,9645.67,0,1,1,3216.25,9440.55,0.0
M0143708,N,47,0,4558.87,0,1,1,1865.0,4292.18,2.5
M0143709,N,48,1,14431.98,1,0,0,7810.69,9299.47,1.45
M0143710,N,31,3,9206.21,0,0,1,1326.06,13257.18,1.14
M0143711,N,70,2,25061.36,0,0,1,8778.04,11756.48,2.65
M0143712,N,32,1,37551.38,1,1,0,9084.03,24998.98,1.08
M0143713,N,36,1,9283.06,0,0,1,1765.51,6200.42,1.41
M0143714,Y,48,5,138545.0,3,2,3,69735.16,79905.23,2.83
M0143715,N,21,0,7309.48,0,0,1,3468.33,7583.04,1.06
M0143716,N,33,4,8060.18,0,1,0,3326.1,5839.6,1.67
M0143717,N,77,0,1100.2,0,2,0,263.36,1707.14,0.0
M0143718,N,28,1,4494.04,0,0,0,650.35,5209.81,1.37
M0143719,N,63,2,9952.61,0,0,0,846.09,11470.85,0.23
M0143720,N,23,1,14617.44,0,0,0,2143.72,10341.73,2.55
M0143721,N,57,1,7379.65,0,2,0,2491.01,7652.65,1.04
M0143722,N,24,2,6195.89,0,0,0,937.75,5152.29,0.0
M0143723,N,48,2,33417.83,2,0,2,19982.25,20000.39,1.71
M0143724,N,76,1,3074.97,0,0,0,1227.49,1514.56,1.69
M0143725,N,40,0,11587.79,1,0,0,2204.62,7984.31,0.6
M0143726,Y,71,7,903527.74,3,9,5,239860.92,523673.53,6.47
M0143727,N,42,0,9362.44,0,3,0,3305.95,7004.68,0.92
M0143728,N,39,0,5273.66,0,2,0,930.65,4185.28,0.0
M0143729,N,68,1,4812.69,0,0,0,3686.88,3413.26,2.26
M0143730,N,79,1,8699.75,0,1,0,5603.04,9519.56,0.27
M0143731,N,55,1,17124.32,1,0,0,5768.94,18842.52,0.05
M0143732,N,69,3,9446.15,0,2,0,2987.13,5419.98,3.14
M0143733,N,49,3,24664.0,1,1,1,10483.11,24858.92,2.89
M0143734,N,34,0,14585.0,0,1,0,2706.19,9390.58,1.6
M0143735,N,57,0,16743.3,0,0,0,2879.4,13783.89,0.61
M0143736,N,80,3,10779.56,0,0,0,2132.29,16221.11,1.8
M0143737,N,41,2,3264.87,0,2,0,896.05,4588.6,1.92
M0143738,N,56,0,8253.22,1,1,0,3148.62,5950.17,1.25
M0143739,N,41,1,7169.91,0,1,0,2142.79,6155.88,1.75
M0143740,Y,59,7,294885.6,4,7,4,77049.1,209333.44,4.89
M0143741,N,52,2,5262.99,0,0,0,1965.21,2597.79,0.73
M0143742,N,64,1,20602.47,1,0,0,20935.96,8834.78,1.55
M0143743,N,73,2,12737.96,1,1,0,2940.15,7224.96,0.96
M0143744,N,78,1,39535.98,0,1,0,1723.15,37418.68,3.38
M0143745,N,77,1,9592.58,0,1,1,2328.84,7713.81,2.0
M0143746,N,45,2,7200.39,0,1,0,2415.53,9742.37,1.33
M0143747,N,59,0,2689.8,0,1,0,1546.81,2562.49,1.32
M0143748,N,78,2,8448.12,0,2,0,1823.88,7748.74,0.75
M0143749,Y,38,4,176892.32,3,2,3,43281.32,107499.84,3.44
M0143750,N,24,0,14506.21,0,0,0,4976.45,8171.63,2.61
M0143751,N,57,1,8646.6,2,0,0,1461.02,8643.54,0.78
M0143752,N,22,0,3570.78,0,1,0,1210.05,3096.55,1.08
M0143753,N,68,1,10648.76,0,2,0,1024.37,17466.98,0.77
M0143754,N,44,1,7108.95,0,0,0,470.98,7663.65,0.51
M0143755,N,35,3,18418.04,0,0,0,4162.12,13872.94,0.06
M0143756,N,33,3,36903.41,0,1,1,3677.09,25168.3,1.21
M0143757,N,76,2,42512.81,1,3,2,3538.36,43618.64,1.88
M0143758,N,44,1,15433.85,0,0,1,4440.07,8865.58,1.72
M0143759,N,22,0,8763.53,0,0,1,2382.85,6146.35,0.08
M0143760,N,24,2,9061.29,0,1,0,938.51,6274.18,0.73
M0143761,N,34,1,11977.26,0,1,0,3460.95,8042.98,0.0
M0143762,N,32,0,27803.8,0,0,0,6938.85,16824.32,0.79
M0143763,N,47,4,54168.01,1,3,1,17002.44,32499.7,3.23
M0143764,N,58,1,22092.54,0,0,0,18505.15,5528.11,1.04
M0143765,N,43,0,16309.7,1,0,0,4879.64,8168.17,0.95
M0143766,N,37,2,16362.05,3,1,1,7733.18,5499.49,0.89
M0143767,N,24,1,5167.06,1,0,0,3498.47,3881.15,1.37
M0143768,N,64,1,3480.28,0,0,0,974.61,2243.92,1.41
M0143769,N,18,0,16171.18,0,1,1,8980.94,7850.92,2.23
M0143770,N,44,1,4112.35,0,1,0,1658.36,2394.23,0.77
M0143771,N,80,0,5557.95,0,0,0,1447.19,4640.46,1.37
M0143772,N,75,1,46953.31,2,1,0,13432.77,24781.55,1.66
M0143773,N,20,1,6754.03,1,0,1,2826.42,6858.41,0.0
M0143774,N,56,0,7768.69,0,0,0,3150.69,8717.01,0.3
M0143775,N,42,1,15510.77,0,2,1,696.26,15366.82,0.0
M0143776,N,52,1,42133.01,1,0,0,10906.67,27764.32,1.84
M0143777,N,67,1,11699.43,0,1,1,2513.26,18479.52,1.89
M0143778,N,78,0,7509.73,0,0,0,2149.2,4701.84,1.09
M0143779,N,18,1,12876.37,0,1,0,3032.08,11306.04,0.93
M0143780,N,75,1,13755.52,0,1,0,1557.6,11185.95,1.5
M0143781,N,43,1,24737.1,0,0,1,5196.88,24987.7,0.64
M0143782,N,78,1,6290.61,0,0,1,2804.59,6780.55,0.55
M0143783,N,49,0,10596.87,1,0,0,6466.35,7813.09,0.32
M0143784,N,71,0,13543.05,0,0,0,16051.2,6391.87,0.2
M0143785,N,41,1,22756.23,0,1,0,7773.75,20111.74,0.09
M0143786,N,79,1,8251.88,0,1,0,2616.23,10600.04,1.32
M0143787,N,53,1,5901.62,0,0,0,2192.26,5493.35,1.64
M0143788,N,37,1,4048.7,0,0,0,1253.48,4124.15,0.15
M0143789,N,40,1,24096.73,2,3,1,5629.06,18839.49,1.55
M0143790,N,24,2,6356.59,1,0,1,1293.06,10001.9,2.11
M0143791,N,28,1,4396.37,0,1,0,2038.94,4039.61,0.0
M0143792,N,57,1,10293.13,0,1,0,1082.65,16032.67,1.02
M0143793,N,36,1,16221.82,0,2,2,2171.15,22020.75,1.95
M0143794,N,25,2,14051.8,0,1,0,1722.64,14799.32,0.37
M0143795,Y,38,4,436776.98,1,6,2,212089.2,158056.88,7.85
M0143796,N,73,0,9339.2,0,0,0,1428.71,6843.17,0.62
M0143797,N,40,2,31459.89,0,0,0,10788.84,14987.17,0.8
M0143798,N,74,2,11962.07,0,1,0,6073.46,6000.0,1.95
M0143799,N,76,2,11613.76,1,2,1,4903.36,11919.97,1.82
M0143800,N,56,0,5371.08,0,1,0,3374.8,1931.09,0.62
M0143801,Y,37,5,135288.97,4,5,4,33265.01,112748.51,4.25
M0143802,N,76,0,3563.49,0,0,0,746.99,2477.63,0.0
M0143803,N,72,0,7348.7,0,2,0,4704.11,1618.6,1.12
M0143804,N,69,0,7892.14,1,0,0,2538.14,10695.91,0.86
M0143805,N,78,0,7210.34,0,0,0,2680.57,4530.15,1.23
M0143806,N,73,0,7605.29,1,1,0,1115.45,5280.39,0.0
M0143807,N,77,0,7428.34,0,0,0,2143.1,3857.69,0.39
M0143808,N,53,2,30699.72,1,1,0,18948.39,8949.81,0.51
M0143809,N,78,1,9334.46,0,2,1,494.34,11331.73,0.0
M0143810,N,53,0,6857.76,0,1,0,890.88,8697.68,0.93
M0143811,N,71,1,12224.96,0,1,0,706.85,15266.93,0.84
M0143812,N,21,1,8005.64,0,0,0,2580.12,4740.81,0.33
M0143813,Y,73,7,474866.85,4,3,7,121476.86,275740.69,6.82
M0143814,N,60,0,9033.71,0,0,0,2908.99,4319.16,0.09
M0143815,N,59,1,15190.31,0,1,0,6888.56,9541.16,2.38
M0143816,N,21,1,20905.61,0,2,1,8813.25,25940.1,2.48
M0143817,N,66,0,31083.2,0,0,0,4222.03,29897.58,0.0
M0143818,N,30,1,3724.03,0,0,0,2838.77,3230.48,1.27
M0143819,N,40,1,7127.47,0,0,0,5114.58,4808.37,1.51
M0143820,N,42,1,5969.59,0,0,0,719.19,5332.21,0.63
M0143821,N,66,1,5738.29,0,1,0,3588.74,4673.55,0.0
M0143822,N,41,0,3231.2,1,2,0,823.05,2278.73,1.24
M0143823,N,38,1,9150.41,0,0,0,2136.27,5719.08,0.0
M0143824,N,25,1,7084.79,0,0,0,3280.78,9226.38,1.47
M0143825,N,57,1,4811.18,0,1,0,3221.87,4854.12,1.73
M0143826,N,80,2,48014.9,0,1,1,3218.18,34821.95,2.35
M0143827,N,19,3,6499.2,1,0,0,3685.13,6053.5,0.57
M0143828,N,70,1,3787.25,0,1,0,1003.13,2015.32,0.0
M0143829,N,80,1,33392.75,0,1,0,2046.44,26777.98,1.53
M0143830,N,50,3,20093.81,1,1,2,2587.09,16212.94,1.41
M0143831,N,41,2,6175.53,1,0,2,2098.15,6847.79,1.29
M0143832,N,29,3,17108.7,1,1,2,3531.4,19415.1,1.86
M0143833,N,42,3,33350.88,1,1,0,13363.32,15152.66,1.96
M0143834,N,48,0,10810.41,1,0,0,4842.59,12355.48,1.59
M0143835,N,35,2,7594.18,0,0,0,889.3,6116.11,0.54
M0143836,N,54,0,21591.18,1,0,1,9184.49,14155.28,1.61
M0143837,N,19,1,6747.68,2,1,0,6252.68,1645.76,1.63
M0143838,N,31,1,12271.47,0,1,1,10396.99,9254.61,1.53
M0143839,N,69,2,13151.34,0,1,0,3691.48,8331.69,0.59
M0143840,N,37,1,11879.26,0,1,1,2182.57,10448.91,0.0
M0143841,N,32,3,13227.93,0,1,0,9139.22,13620.23,2.79
M0143842,N,63,2,5236.04,0,0,2,1671.46,4495.84,1.58
M0143843,N,24,1,3001.33,1,0,0,844.86,3740.47,0.64
M0143844,N,19,1,14749.9,0,1,0,2042.95,10297.15,0.78
M0143845,N,39,1,13127.09,1,1,1,2208.58,12247.81,1.61
M0143846,N,50,0,28383.04,0,1,0,6166.32,17768.77,0.61
M0143847,N,50,0,27676.9,0,0,0,4772.44,18371.94,2.87
M0143848,N,77,1,17940.89,0,2,0,11591.68,16503.27,0.0
M0143849,N,27,1,5737.6,0,0,0,3745.84,6595.59,0.6
M0143850,N,50,2,4389.65,0,1,0,604.92,5333.0,0.0
M0143851,N,77,2,23824.01,0,1,3,10379.58,18629.88,2.59
M0143852,N,69,0,32011.65,0,0,1,4480.4,20689.69,1.67
M0143853,N,52,0,9906.66,0,1,0,2274.99,5951.2,0.69
M0143854,N,23,2,14857.48,0,0,0,3587.92,12949.83,2.21
M0143855,N,42,2,18432.74,0,1,0,4254.31,23537.32,1.04
M0143856,N,42,1,9624.88,0,2,0,3838.77,7029.62,0.0
M0143857,N,37,0,10958.96,0,0,0,3370.09,6131.03,1.41
M0143858,N,48,0,15208.68,0,3,0,6381.88,8004.65,1.42
M0143859,N,71,2,11985.29,0,0,0,1379.67,13993.48,1.16
M0143860,N,23,1,33184.58,2,1,0,10221.83,20147.64,2.73
M0143861,N,50,0,14654.32,0,1,1,2255.09,11544.85,1.54
M0143862,N,28,0,39484.53,0,0,0,3438.72,29635.21,2.43
M0143863,N,45,1,22320.52,0,0,1,10493.02,16182.53,0.61
M0143864,N,22,0,24474.98,0,1,0,4459.39,23369.39,2.04
M0143865,N,41,0,3267.04,0,0,0,528.82,2406.51,0.0
M0143866,N,30,1,10410.21,0,0,0,2739.9,6298.13,1.54
M0143867,N,56,1,18994.91,1,1,0,10158.84,4788.77,1.78
M0143868,N,46,1,2966.85,1,2,0,2976.16,2246.37,2.4
M0143869,N,73,1,11581.81,0,1,0,4696.05,7692.44,1.77
M0143870,N,25,1,13253.69,0,0,0,8944.49,11809.91,1.17
M0143871,N,31,0,7214.27,0,1,0,3256.0,3556.18,0.32
M0143872,N,18,0,6576.77,0,1,0,3460.42,2824.08,0.0
M0143873,N,60,1,26128.44,0,0,0,5109.57,15357.84,0.84
M0143874,N,43,0,4173.94,0,1,0,4481.17,2501.12,0.82
M0143875,N,40,1,4637.53,0,0,0,4084.71,2584.11,0.38
M0143876,N,61,3,6135.31,0,0,0,1376.73,4696.42,2.41
M0143877,N,53,1,35693.53,0,1,0,35060.91,13289.83,1.53
M0143878,N,49,1,6076.37,0,0,2,3075.76,6517.12,2.07
M0143879,N,56,1,4460.5,0,1,0,812.34,4075.82,0.0
M0143880,N,55,1,11154.91,0,0,0,673.77,8163.7,0.0
M0143881,N,37,3,6736.49,0,0,0,4472.39,5141.82,0.95
M0143882,N,22,0,4986.51,0,0,0,2348.32,3043.63,1.06
M0143883,N,19,1,9443.72,1,2,0,2187.04,10737.34,1.98
M0143884,N,21,1,19742.26,0,2,0,4988.42,11874.99,0.64
M0143885,N,65,0,2827.96,0,1,0,451.4,3729.16,0.0
M0143886,N,35,0,13155.63,0,1,0,5227.62,13404.61,2.11
M0143887,N,46,0,16386.03,0,0,0,1724.82,17989.0,1.31
M0143888,N,35,1,8710.02,0,1,1,2999.11,4395.26,0.0
M0143889,N,70,2,3526.64,0,0,0,980.76,4427.29,0.0
M0143890,N,34,0,15372.38,0,0,0,3644.23,19625.3,1.81
M0143891,N,42,1,20621.46,0,0,0,3594.21,20778.87,0.94
M0143892,N,35,0,9391.68,0,1,0,1595.51,10367.44,1.79
M0143893,N,35,2,4795.39,0,1,0,1122.96,4581.18,1.29
M0143894,N,50,0,7462.71,0,1,0,3261.49,2596.49,0.25
M0143895,N,40,2,4664.81,1,1,0,2358.75,1456.83,0.7
M0143896,N,61,1,9520.18,0,0,0,3342.27,10417.27,0.74
M0143897,N,28,2,5466.95,0,0,0,635.3,4262.2,0.0
M0143898,N,79,1,10670.24,0,2,0,4956.2,8980.59,0.91
M0143899,N,54,3,8803.39,1,0,1,3048.55,11012.39,2.43
M0143900,N,61,2,6473.49,1,2,0,2559.52,5704.56,0.52
M0143901,N,34,1,30038.73,1,0,0,3661.57,38220.25,0.43
M0143902,N,57,2,9931.1,0,1,2,3891.14,4929.41,1.47
M0143903,N,22,0,7132.94,0,3,0,2759.23,3540.44,0.48
M0143904,N,35,2,6961.37,0,1,1,7727.61,4174.07,1.54
M0143905,N,66,2,6611.42,0,0,1,2035.19,7336.85,0.52
M0143906,N,72,2,1956.61,0,0,0,416.31,2594.29,1.81
M0143907,N,33,2,13301.3,0,0,0,5121.86,11960.59,1.33
M0143908,N,47,1,5515.51,0,2,0,1248.82,6204.26,0.99
M0143909,N,68,1,4329.8,0,1,0,1339.07,3909.47,0.0
M0143910,N,48,2,11925.8,0,0,0,1187.92,11071.66,1.85
M0143911,N,73,1,37053.47,1,0,0,4850.95,26005.41,3.15
M0143912,N,50,2,5537.84,0,0,0,1143.74,3372.7,0.08
M0143913,N,49,2,27411.05,0,1,0,8867.99,13249.79,1.26
M0143914,N,76,1,9165.11,0,0,0,3455.66,4861.42,1.24
M0143915,N,55,2,9258.97,0,0,0,3375.23,5628.33,1.05
M0143916,N,46,1,21087.7,0,2,0,6414.84,17451.82,1.41
M0143917,N,39,2,9855.68,2,2,0,4982.8,7762.35,2.07
M0143918,N,51,3,3744.75,0,0,0,1267.58,1710.41,1.03
M0143919,Y,76,6,415303.56,4,5,5,96411.05,388367.44,6.0
M0143920,N,19,3,8215.02,0,2,1,5592.72,6241.97,0.58
M0143921,N,39,1,6007.75,0,1,0,1777.33,3283.6,0.93
M0143922,N,32,1,30534.39,0,1,2,15941.1,29817.24,3.2
M0143923,N,56,3,33450.62,0,2,1,5757.55,21554.43,1.76
M0143924,N,45,1,13176.09,1,1,0,4177.83,13454.53,1.63
M0143925,N,36,1,25511.82,0,0,0,5271.98,15100.55,1.64
M0143926,N,77,0,10073.72,0,0,1,5141.5,6743.29,2.75
M0143927,N,40,0,27620.04,0,1,0,11836.5,11893.06,0.81
M0143928,N,37,3,11179.62,0,1,1,3314.16,8576.48,1.25
M0143929,Y,57,4,241276.82,5,8,6,100437.85,195383.18,8.16
M0143930,N,30,0,31558.95,0,0,0,4750.76,21608.09,0.02
M0143931,N,28,1,6394.76,0,0,0,1185.89,6548.95,1.79
M0143932,N,26,1,13129.09,0,0,1,2223.28,17591.16,0.0
M0143933,N,41,3,12706.74,0,0,0,7638.16,9198.7,2.35
M0143934,N,51,1,7829.48,0,0,0,6604.74,7604.41,1.95
M0143935,N,31,2,6193.28,0,1,0,2687.36,3782.48,0.64
M0143936,N,75,0,8389.24,0,0,0,1978.87,6585.09,1.88
M0143937,N,24,2,5483.62,0,0,0,1278.28,8077.38,0.93
M0143938,N,59,1,25718.36,0,1,2,9005.82,13296.58,1.02
M0143939,N,45,0,7353.76,0,0,0,1880.71,3958.41,0.29
M0143940,N,55,0,3108.67,0,2,0,228.21,3504.96,0.0
M0143941,N,66,3,17613.68,0,2,0,4493.72,22933.79,2.65
M0143942,N,38,1,18831.57,0,1,0,5014.75,16450.23,1.22
M0143943,N,68,2,16935.43,0,0,0,2589.14,16453.73,0.53
M0143944,N,61,1,14832.4,0,0,0,2177.52,11199.03,1.44
M0143945,N,75,0,4705.65,0,3,0,642.71,5306.95,0.23
M0143946,N,24,0,7811.03,1,2,1,1044.97,6288.84,2.35
M0143947,N,36,2,14361.34,0,1,2,9864.9,15963.87,1.83
M0143948,Y,46,5,451205.51,3,3,4,317320.08,169785.33,6.2
M0143949,N,53,0,5657.35,0,0,1,3604.26,6271.76,0.31
M0143950,N,26,1,3552.21,0,0,0,2761.76,3183.95,0.0
M0143951,N,54,1,6000.42,0,1,0,2718.58,2403.25,1.1
M0143952,N,57,2,3633.77,0,1,0,707.72,4598.65,1.85
M0143953,N,18,0,24150.82,0,1,0,1172.44,18652.81,0.44
M0143954,N,19,0,2396.43,0,0,0,591.6,2738.85,0.0
M0143955,N,25,0,12619.05,0,0,0,292.24,14633.08,1.25
M0143956,N,28,1,18270.85,1,3,0,3154.54,11699.08,2.01
M0143957,N,49,0,7336.84,0,0,1,2101.12,5657.23,0.0
M0143958,N,22,0,5713.77,0,1,0,711.07,5636.09,1.43
M0143959,N,80,2,9368.81,1,0,0,1337.79,8171.37,1.13
M0143960,N,40,1,8589.54,1,2,0,750.02,7487.75,0.22
M0143961,N,42,3,43367.79,0,1,0,9983.47,29042.9,2.15
M0143962,N,63,1,8902.38,0,0,0,2473.33,7592.21,0.38
M0143963,N,43,2,13571.76,0,3,0,698.7,10187.22,0.0
M0143964,N,75,3,22983.68,1,0,1,10145.91,11039.9,2.59
M0143965,N,26,1,5276.2,0,0,0,958.03,3681.79,0.0
M0143966,N,69,2,38129.52,0,2,0,8811.4,34584.22,2.97
M0143967,N,71,0,5224.65,0,0,0,4394.44,3769.96,0.06
M0143968,N,23,1,5626.91,0,0,0,2853.94,1612.47,0.75
M0143969,N,18,0,9944.22,0,0,0,2843.28,11649.57,0.0
M0143970,N,23,0,10210.0,0,1,0,2517.28,6865.54,2.0
M0143971,N,42,1,6504.34,0,1,0,3668.35,6150.81,1.48
M0143972,N,77,0,21161.91,0,1,0,6571.61,11323.15,1.46
M0143973,N,43,2,5586.89,1,3,1,3703.99,3454.76,0.77
M0143974,N,44,2,21838.69,0,1,2,11037.59,12623.37,0.29
M0143975,N,19,2,11300.83,0,1,0,2206.37,12166.51,1.26
M0143976,N,67,3,18381.2,1,2,0,8237.88,20590.52,2.16
M0143977,N,51,1,13358.1,0,0,0,862.31,11675.79,0.77
M0143978,N,46,1,4790.85,0,1,0,681.49,5982.93,0.86
M0143979,N,76,2,16553.76,0,1,2,1727.3,22324.45,0.54
M0143980,N,27,0,4308.74,0,0,1,3972.57,1506.61,0.54
M0143981,N,42,0,12746.92,0,0,0,4764.22,10253.41,0.61
M0143982,N,74,1,17033.03,0,0,1,8633.06,6999.58,2.72
M0143983,N,39,1,15468.38,0,0,0,2790.22,11262.65,1.33
M0143984,N,38,0,34836.34,0,0,1,5191.06,26108.56,1.33
M0143985,N,32,1,6369.67,0,0,0,1030.28,5626.3,1.16
M0143986,N,36,1,3563.84,0,2,0,1527.77,4488.3,0.29
M0143987,N,79,1,10815.63,0,0,0,3780.38,12591.53,1.38
M0143988,N,69,0,5971.35,0,0,0,3054.81,4131.64,0.55
M0143989,Y,67,7,177614.0,1,1,3,86478.73,106210.59,5.83
M0143990,N,23,0,5801.87,0,1,2,1709.92,4974.96,1.45
M0143991,N,64,1,15677.72,0,1,0,3619.03,11749.86,2.36
M0143992,N,26,0,19725.88,0,0,0,6328.74,11606.99,0.25
M0143993,Y,70,4,260462.22,1,4,1,126661.4,102409.0,2.93
M0143994,N,24,1,22479.14,0,1,0,7672.16,20055.2,1.6
M0143995,N,80,2,19972.57,0,1,2,8620.93,15872.26,3.71
M0143996,N,40,1,17403.53,1,2,0,12472.82,12267.33,0.42
M0143997,N,74,0,3489.85,1,0,0,712.02,4477.24,0.77
M0143998,N,28,0,6245.5,0,0,2,477.54,5278.32,2.55
M0143999,N,62,2,5318.49,0,0,0,1424.59,4304.12,0.4
M0144000,N,64,3,8762.5,1,1,0,1059.9,7612.08,0.23
M0144001,N,39,1,13208.19,0,0,1,6331.37,8639.48,1.2
M0144002,N,56,0,3360.24,0,2,1,3639.48,1752.76,1.83
M0144003,N,44,0,7860.39,0,1,1,808.88,11008.15,0.4
M0144004,N,40,1,11415.0,0,0,0,1962.5,8333.47,1.51
M0144005,N,62,1,10353.45,1,1,1,2484.88,6137.11,0.0
M0144006,N,27,2,12113.28,0,3,0,2142.46,10068.69,1.88
M0144007,N,67,3,16136.21,0,2,1,6543.3,7109.27,2.0
M0144008,N,18,1,10452.87,1,1,0,3689.16,6199.59,0.69
M0144009,N,69,1,35138.1,1,2,0,3414.17,56549.67,1.29
M0144010,N,47,0,10262.76,1,0,0,2914.43,6427.53,1.02
M0144011,N,71,2,14071.03,0,2,0,1365.71,14571.06,0.95
M0144012,N,51,2,9629.18,0,0,0,2322.32,6032.31,0.21
M0144013,N,57,1,9834.42,0,0,0,1408.07,15176.13,1.68
M0144014,N,79,3,53400.78,0,0,0,1602.69,40744.06,1.09
M0144015,N,36,1,4101.44,0,0,0,1505.64,4650.42,0.0
M0144016,N,32,2,14325.09,0,0,0,8726.71,5248.69,0.21
M0144017,N,56,0,19028.14,0,0,1,15684.13,17487.53,2.8
M0144018,N,50,1,3155.99,0,0,0,1174.95,2648.78,0.78
M0144019,N,43,0,15330.62,0,0,0,8327.47,4257.46,1.86
M0144020,N,29,2,49348.52,0,1,1,5640.72,36187.41,1.16
M0144021,N,40,0,2969.49,0,0,0,965.41,1600.32,0.98
M0144022,N,69,0,3410.4,0,0,0,1520.06,2902.57,1.44
M0144023,N,66,0,16019.64,0,0,1,3008.5,9651.19,0.0
M0144024,N,19,1,5965.78,0,1,1,1685.66,3565.82,0.0
M0144025,N,57,1,8179.14,1,0,0,1139.85,8656.41,0.14
M0144026,N,56,2,10042.96,1,1,1,3880.67,5883.08,1.29
M0144027,N,18,2,13189.51,1,0,1,3133.1,9499.39,0.4
M0144028,N,38,1,10626.07,0,0,0,3428.87,8404.04,0.9
M0144029,N,23,0,11798.02,0,1,0,3805.03,5686.06,0.53
M0144030,N,67,2,4306.08,0,0,1,815.41,4527.01,0.18
M0144031,N,29,1,25199.69,1,0,1,4396.69,38144.43,1.97
M0144032,N,44,2,14349.15,0,2,0,10725.58,8825.14,0.48
M0144033,N,61,1,6338.55,0,0,0,4293.26,1074.57,1.98
M0144034,N,22,1,16742.27,0,0,1,8627.75,5898.51,1.58
M0144035,N,44,0,6189.47,0,0,0,1651.51,5581.2,1.71
M0144036,N,29,0,14050.73,0,1,0,1160.39,11286.87,1.72
M0144037,N,39,0,9178.96,0,0,0,2092.88,14159.08,0.91
M0144038,N,73,0,10055.84,1,0,0,1241.26,7031.03,1.13
M0144039,N,38,1,6261.73,0,0,0,3185.42,5845.01,0.6
M0144040,N,68,1,8291.56,0,2,0,2751.23,6737.01,0.35
M0144041,N,35,0,15895.05,1,0,0,5843.11,14844.64,1.26
M0144042,N,74,1,31283.38,1,1,0,5594.67,20033.41,1.44
M0144043,N,67,2,24690.88,0,1,0,1800.1,20196.8,1.55
M0144044,N,19,1,15735.1,0,0,0,1522.84,11723.25,1.41
M0144045,N,52,3,32776.83,1,3,0,13270.88,20236.33,1.59
M0144046,N,45,1,16345.92,0,1,0,5343.39,13353.9,0.06
M0144047,N,66,1,10473.2,0,2,0,6829.11,4693.01,0.0
M0144048,N,19,1,6245.71,0,2,1,2165.88,3198.01,1.56
M0144049,N,24,1,15303.63,0,2,0,1990.95,12639.28,1.69
M0144050,N,22,2,6473.99,3,1,0,4078.16,6874.56,0.0
M0144051,N,74,0,18480.93,1,0,0,4515.33,13358.17,0.06
M0144052,N,61,1,11033.74,1,1,0,3645.43,8380.52,1.64
M0144053,N,76,0,7298.83,0,1,0,4631.29,2352.3,1.65
M0144054,N,35,0,28678.83,1,0,1,4910.64,20017.32,1.12
M0144055,N,28,1,14071.13,0,0,0,4867.24,10090.18,0.0
M0144056,N,26,1,25239.69,0,0,0,4129.94,18798.94,0.1
M0144057,N,76,0,3235.93,0,1,0,561.79,2638.63,0.42
M0144058,N,28,2,19847.14,0,1,0,6159.1,10365.17,0.73
M0144059,N,21,0,21788.18,0,0,0,8455.07,8727.85,0.0
M0144060,N,31,2,6616.81,1,1,0,1004.29,9557.83,0.76
M0144061,N,22,2,5200.03,1,0,0,2263.8,4482.83,0.38
M0144062,N,39,2,19035.88,0,1,1,1820.46,15648.54,1.72
M0144063,N,73,1,16120.21,1,1,1,6409.02,8761.09,1.53
M0144064,Y,47,4,259482.96,3,2,4,70502.64,178465.48,4.69
M0144065,N,49,2,20988.04,0,0,0,8420.86,11155.54,0.42
M0144066,N,79,0,4710.82,0,0,0,765.54,3193.86,0.71
M0144067,N,21,1,15983.29,0,3,0,9088.04,11267.26,1.2
M0144068,N,64,3,6246.63,1,0,0,1101.13,7141.24,1.16
M0144069,N,73,1,12389.09,0,0,0,2970.13,10476.85,0.97
M0144070,N,35,1,14371.01,0,0,0,4266.17,17014.24,0.87
M0144071,N,53,0,5530.31,0,0,0,508.88,4815.0,0.54
M0144072,N,77,0,5525.24,1,0,0,1616.94,3063.48,0.28
M0144073,N,36,0,7306.19,0,2,1,4175.56,5996.37,0.75
M0144074,N,40,2,12646.98,0,0,0,892.53,9058.1,0.84
M0144075,N,76,2,10192.23,0,0,0,4323.13,4651.25,1.8
M0144076,N,24,1,4356.68,0,1,0,1760.61,2019.02,0.23
M0144077,N,61,0,23655.25,1,1,0,8459.5,33255.89,1.84
M0144078,N,18,2,21653.19,0,0,0,3898.12,13210.38,1.55
M0144079,N,27,0,8628.04,0,0,0,4039.66,6275.59,1.34
M0144080,N,60,1,39312.49,0,1,0,5401.23,38953.03,1.58
M0144081,N,35,2,25375.67,0,1,0,7622.26,13116.41,1.24
M0144082,Y,59,5,169885.71,2,2,2,34052.54,120253.17,2.99
M0144083,N,40,1,9233.3,0,1,0,1587.91,7204.88,1.87
M0144084,N,33,1,18237.91,0,1,0,1508.1,15888.24,0.0
M0144085,N,37,0,8350.03,0,0,0,2133.5,12006.32,1.02
M0144086,N,51,2,22014.08,0,2,0,11155.29,14751.19,1.05
M0144087,N,77,1,13579.1,1,0,0,7212.3,5045.44,1.62
M0144088,N,46,1,5442.75,0,1,0,1777.57,4021.16,0.71
M0144089,N,45,1,33543.37,0,0,0,4281.26,34489.77,1.95
M0144090,N,72,1,4932.54,0,0,0,599.55,6358.05,0.0
M0144091,N,60,1,21115.36,0,0,0,3359.85,13521.07,1.46
M0144092,N,42,0,7193.61,0,0,0,4503.03,8344.26,0.78
M0144093,N,55,0,19433.45,0,2,0,12799.79,5891.24,1.29
M0144094,N,52,0,17664.34,1,0,1,4228.84,16629.72,2.09
M0144095,N,21,1,14095.48,0,1,0,2106.42,13172.5,1.95
M0144096,N,23,0,23813.53,0,0,1,6791.67,17287.14,2.28
M0144097,N,65,0,9770.42,0,0,0,401.64,15372.67,0.0
M0144098,N,24,1,2849.4,0,0,0,1291.75,3033.36,0.63
M0144099,N,21,0,11364.8,0,3,0,3571.92,7476.45,0.76
M0144100,N,23,3,11403.32,0,0,0,2790.46,9013.33,0.58
M0144101,N,78,0,9870.71,0,1,0,12096.05,5720.53,1.21
M0144102,N,73,1,11588.76,0,1,0,1612.94,10839.85,0.8
M0144103,N,47,0,15864.43,0,2,0,1682.86,10891.9,1.02
M0144104,N,44,0,7309.2,0,0,0,2275.69,10977.18,1.6
M0144105,N,47,1,11468.94,0,1,1,6103.76,14411.05,0.97
M0144106,N,73,0,4789.64,0,0,0,2273.66,1745.14,0.0
M0144107,N,22,2,11271.21,0,0,1,3668.4,13066.34,2.08
M0144108,N,60,1,7763.96,0,0,0,1133.61,8323.43,1.06
M0144109,N,31,1,17163.39,0,1,0,833.7,12805.34,0.98
M0144110,N,47,2,11266.01,0,0,0,6273.92,9185.49,2.25
M0144111,N,20,1,8175.86,0,0,2,6744.14,5483.03,1.01
M0144112,N,18,2,19613.61,0,1,0,960.41,23685.83,1.26
M0144113,N,60,0,17201.52,0,1,1,2820.37,16661.13,1.96
M0144114,N,71,0,19550.03,1,0,0,11218.51,10188.6,0.41
M0144115,N,53,1,16563.05,0,1,0,1654.3,13178.2,1.11
M0144116,N,62,0,12692.45,0,3,0,3420.37,7890.12,1.06
M0144117,N,57,1,4854.9,0,0,1,5585.83,2784.54,0.43
M0144118,N,46,1,17002.64,0,1,0,8250.17,21152.48,0.0
M0144119,N,30,0,13716.93,0,0,0,1175.47,9868.73,0.77
M0144120,N,34,2,14451.09,0,0,2,2155.2,11972.97,1.21
M0144121,N,28,1,28207.78,0,1,2,4167.25,43077.17,2.29
M0144122,N,26,2,14826.67,0,1,2,2649.05,9037.5,1.49
M0144123,N,26,1,17322.96,2,3,0,4007.98,13727.25,2.75
M0144124,N,66,2,11047.4,0,0,1,2570.47,6831.65,0.94
M0144125,N,64,0,4752.16,0,0,1,917.28,4827.56,1.59
M0144126,N,28,0,12066.61,0,1,1,2015.71,9773.83,1.31
M0144127,N,35,2,19681.4,0,2,0,1602.25,16926.57,1.61
M0144128,N,40,2,13827.44,0,1,0,3046.91,16709.95,2.11
M0144129,N,27,1,15906.26,0,0,0,2369.33,14213.74,2.02
M0144130,N,58,0,7199.28,0,2,1,4137.93,8583.02,2.24
M0144131,N,67,2,28342.41,0,1,0,7217.01,15511.55,1.21
M0144132,Y,43,6,346142.88,4,6,7,135052.23,210072.47,4.55
M0144133,N,43,1,17420.42,0,1,0,1967.67,12339.92,2.67
M0144134,N,25,0,31270.77,0,0,0,6901.98,19023.69,0.0
M0144135,N,57,1,10759.45,1,3,0,1786.09,8956.14,0.7
M0144136,N,73,1,8278.46,0,1,1,4944.91,5499.79,1.49
M0144137,N,42,1,15306.04,1,0,0,2249.8,10697.34,1.72
M0144138,N,38,2,14271.28,0,0,1,7215.17,13686.95,1.32
M0144139,N,62,0,3353.43,0,0,0,1497.1,3329.69,1.66
M0144140,N,71,1,8533.07,0,0,0,3608.73,9676.68,0.76
M0144141,Y,75,5,305584.74,1,3,3,108219.41,146975.85,3.93
M0144142,N,25,2,9845.76,1,0,0,3367.49,9081.28,0.0
M0144143,N,55,1,2790.54,0,2,0,1216.56,2484.18,0.42
M0144144,N,23,0,15039.1,0,0,0,3294.79,13646.61,0.12
M0144145,N,48,1,9632.21,0,0,1,1263.76,7359.66,0.0
M0144146,N,49,1,3794.07,0,0,0,504.35,4592.39,0.14
M0144147,N,48,1,11161.25,0,0,0,2166.36,7478.0,0.95
M0144148,N,55,1,20537.72,1,1,0,1518.62,19925.63,1.34
M0144149,N,73,2,13109.7,0,1,0,9106.91,12172.23,0.45
M0144150,N,80,1,9044.57,0,0,0,1520.03,10591.76,1.17
M0144151,N,77,2,22874.38,0,1,1,2096.34,17474.52,1.52
M0144152,N,55,1,15076.29,0,0,1,4580.62,12561.61,0.0
M0144153,N,46,0,3577.72,0,0,1,798.26,2429.21,1.19
M0144154,N,62,2,33543.0,0,2,0,7012.44,31598.72,2.3
M0144155,Y,77,4,165953.6,2,3,5,139061.83,77984.23,4.64
M0144156,N,46,2,20382.26,0,0,1,3016.81,14484.19,1.51
M0144157,N,68,0,6278.1,0,1,1,1235.81,7641.41,0.11
M0144158,N,52,0,3248.17,0,0,0,1434.98,2184.72,1.24
M0144159,N,40,0,5398.54,0,1,0,1395.88,3444.76,0.0
M0144160,N,27,2,6977.16,0,1,0,1959.6,7420.27,0.67
M0144161,N,60,2,16949.28,0,0,0,7674.55,9253.43,1.68
M0144162,N,73,2,3024.92,0,2,0,1907.05,3281.21,0.97
M0144163,N,30,1,7686.19,1,0,0,1124.93,6858.15,1.81
M0144164,N,67,1,17266.77,0,3,1,5604.26,14906.28,0.83
M0144165,N,38,1,14332.68,0,2,0,6330.74,7203.41,2.78
M0144166,N,35,1,10794.43,0,0,1,7024.16,7091.99,1.3
M0144167,N,54,0,11309.15,0,0,0,10852.26,9655.1,1.79
M0144168,N,79,0,9533.56,1,0,0,3558.88,9290.49,0.76
M0144169,N,63,0,13314.28,1,0,1,4316.73,10428.64,1.16
M0144170,N,35,3,4185.75,0,1,0,4910.65,2013.1,0.12
M0144171,N,37,1,15464.25,0,1,1,5765.13,15653.5,0.56
M0144172,N,33,0,27159.62,1,2,0,5140.2,16632.52,0.92
M0144173,N,37,1,19961.05,0,2,1,2188.29,33195.77,1.79
M0144174,N,80,0,6431.88,0,1,2,472.09,8338.33,1.29
M0144175,N,74,0,8071.32,0,1,1,2282.59,11970.61,0.64
M0144176,N,31,0,5279.19,0,0,0,936.25,4052.73,1.05
M0144177,N,79,2,18238.94,1,0,0,8957.85,8740.07,0.65
M0144178,N,48,0,4519.31,0,0,0,2854.16,3889.02,1.62
M0144179,N,54,2,5471.15,0,0,0,1736.85,6347.33,0.47
M0144180,N,72,1,3687.72,0,2,0,1443.15,2430.04,0.0
M0144181,N,43,0,2207.68,0,2,1,2086.46,1717.1,0.0
M0144182,N,51,3,21564.08,0,2,1,11815.27,16814.45,1.85
M0144183,N,68,0,8380.53,0,2,0,1221.02,5449.67,0.0
M0144184,N,65,0,7030.48,0,0,1,2678.19,4774.65,0.54
M0144185,N,62,1,32667.51,0,2,0,14423.65,13934.72,0.14
M0144186,N,24,2,13519.26,1,1,0,1630.91,11363.18,1.44
M0144187,N,23,1,15584.2,0,1,0,5617.56,15571.64,1.88
M0144188,N,26,1,20812.06,0,0,0,4177.81,14891.87,1.71
M0144189,N,29,0,3526.53,0,0,0,995.69,2115.89,1.29
M0144190,N,42,0,2905.81,0,0,1,852.75,3975.3,0.0
M0144191,N,45,1,23878.58,1,0,0,1028.93,21125.02,0.83
M0144192,N,44,0,28669.28,1,1,0,1158.39,31796.44,2.39
M0144193,N,36,0,3086.32,0,0,0,1183.65,3615.1,0.55
M0144194,N,69,3,18184.46,0,1,0,4601.7,16439.37,1.38
M0144195,N,23,1,15044.0,0,2,0,8642.48,6358.18,1.3
M0144196,N,21,1,3741.22,0,0,0,787.02,2349.54,1.16
M0144197,N,45,2,8058.48,1,2,1,4319.5,8493.8,0.1
M0144198,N,72,0,13058.77,0,2,0,6200.54,8460.85,1.36
M0144199,N,80,0,29538.45,0,2,0,12704.38,15478.3,1.98
M0144200,N,74,1,16904.53,0,0,0,7917.32,7750.98,0.67
M0144201,N,27,1,14481.5,0,0,0,2168.17,14551.83,1.67
M0144202,N,56,2,4023.58,1,0,0,1970.95,4176.16,0.0
M0144203,N,66,2,12480.7,1,1,1,3759.08,9155.6,1.27
M0144204,N,18,1,4048.65,0,0,0,796.27,4360.36,1.31
M0144205,N,29,1,14742.65,0,0,0,2331.48,12024.68,1.45
M0144206,N,34,0,7580.44,0,0,0,635.6,5305.89,2.4
M0144207,N,25,1,13371.45,0,0,0,2032.81,10384.91,1.53
M0144208,N,75,3,34533.26,0,2,0,2376.04,48761.25,3.91
M0144209,N,68,0,28746.77,0,3,1,17253.29,33093.14,1.6
M0144210,N,48,1,16317.15,0,0,1,3195.53,13257.15,1.29
M0144211,N,74,1,19585.74,0,2,0,13122.35,12184.58,2.34
M0144212,N,71,1,9177.75,1,1,0,4870.19,6119.13,0.5
M0144213,N,48,3,16804.49,2,0,1,5672.26,9563.01,0.95
M0144214,N,62,0,18456.14,0,0,0,2361.8,13156.38,0.0
M0144215,N,77,3,9430.92,0,1,1,887.05,11317.69,2.59
M0144216,N,29,2,11770.02,1,2,0,869.84,10286.14,0.83
M0144217,N,71,0,5084.81,0,0,1,176.76,3929.65,0.0
M0144218,N,80,0,6738.82,0,0,0,1995.08,5522.58,0.55
M0144219,N,52,0,57526.04,0,0,0,16791.87,35520.2,1.5
M0144220,N,78,3,11179.03,0,2,1,3964.85,8726.4,2.5
M0144221,N,47,0,4977.17,1,0,0,2507.18,3188.55,0.72
M0144222,N,20,0,4801.83,0,0,0,987.55,6902.98,1.0
M0144223,N,25,1,11120.98,0,3,1,2291.55,9245.93,1.35
M0144224,N,72,0,14527.15,0,1,0,2820.75,11775.19,1.57
M0144225,N,53,1,21263.47,0,1,0,2302.54,15877.97,0.64
M0144226,N,30,1,3437.12,1,0,0,1408.25,4450.75,1.59
M0144227,N,71,1,2383.29,0,1,0,442.92,2409.42,0.0
M0144228,N,75,1,9943.92,0,1,1,4735.98,8513.73,0.0
M0144229,N,29,0,4944.61,0,2,0,2905.56,5373.65,1.64
M0144230,N,62,1,26225.09,1,1,0,4012.02,23691.07,1.15
M0144231,N,30,0,13141.06,0,0,2,1935.75,14903.35,0.23
M0144232,N,60,0,5330.23,0,0,0,4120.51,5076.23,1.05
M0144233,N,30,1,9328.93,0,1,1,1464.07,7168.31,0.83
M0144234,N,56,0,26698.81,0,0,0,4194.63,17868.01,0.57
M0144235,N,41,1,5046.6,0,0,0,4792.62,3450.69,0.62
M0144236,N,25,1,31173.04,0,1,0,3104.09,28360.68,0.69
M0144237,Y,84,5,238467.29,4,4,4,127717.1,112099.42,4.68
M0144238,N,22,0,11302.1,0,0,1,1202.99,13378.06,0.09
M0144239,N,53,1,28605.77,0,2,0,6833.68,31215.15,2.95
M0144240,N,27,1,19697.67,0,2,1,15594.77,13303.86,2.81
M0144241,N,79,0,9714.68,0,1,1,2364.73,9429.23,0.55
M0144242,N,60,1,12380.67,0,1,1,10256.36,7258.85,1.55
M0144243,N,69,0,5772.12,0,2,0,1788.3,3770.02,0.0
M0144244,N,44,2,10398.63,0,0,2,1231.04,11125.07,0.61
M0144245,N,35,0,21741.22,0,1,0,3273.5,31782.47,2.4
M0144246,N,58,1,4478.2,0,0,0,2672.93,2464.86,0.27
M0144247,N,19,1,6326.7,0,1,0,1766.4,6714.34,0.0
M0144248,N,73,2,9182.43,0,2,0,2000.33,6097.16,0.0
M0144249,N,35,0,2921.85,1,2,0,2472.46,1643.66,0.0
M0144250,N,59,2,26419.89,0,2,0,2477.56,21556.29,0.64
M0144251,N,37,1,6866.18,0,2,0,2444.78,4646.38,1.96
M0144252,N,75,2,3366.3,0,2,0,957.06,2578.21,0.0
M0144253,N,58,1,22910.18,0,0,0,4696.01,32999.1,1.12
M0144254,N,22,1,8276.81,0,0,0,1153.29,5366.43,2.33
M0144255,N,64,0,6359.46,1,1,0,1295.44,6384.09,0.0
M0144256,N,70,1,14088.87,1,2,0,8229.91,12521.64,3.06
M0144257,N,51,1,4959.54,0,2,0,2920.62,2932.14,2.44
M0144258,N,73,1,4550.99,0,1,0,1048.07,4999.57,0.45
M0144259,N,57,1,11763.75,0,1,0,3542.08,7175.92,1.58
M0144260,N,76,1,2973.18,0,0,0,692.43,3320.35,0.07
M0144261,N,52,1,8413.62,0,0,0,3207.48,8389.59,0.33
M0144262,N,30,1,5771.88,0,0,0,1283.22,5159.74,0.29
M0144263,N,45,1,5757.75,0,0,0,1067.28,5421.46,0.0
M0144264,N,74,3,17080.19,0,1,0,18720.71,4062.59,1.51
M0144265,N,52,2,5947.08,0,1,1,5840.97,3452.81,2.82
M0144266,N,52,2,10726.67,1,2,0,1701.5,15023.54,1.19
M0144267,N,32,0,4244.5,0,0,0,751.0,3207.44,1.5
M0144268,N,32,1,10925.99,0,0,0,2570.36,12552.07,0.27
M0144269,N,69,3,16609.45,0,0,0,9063.08,13881.26,0.61
M0144270,N,59,0,6373.14,1,1,0,1520.27,8859.38,2.12
M0144271,N,59,2,32440.62,1,1,0,1048.01,36342.91,0.54
M0144272,N,63,0,14670.88,0,0,0,1744.4,19913.41,0.22
M0144273,N,66,1,9961.78,0,0,0,5269.85,9504.37,1.44
M0144274,N,41,2,3169.43,0,1,1,1324.78,3180.64,2.08
M0144275,N,35,0,2189.72,1,0,0,1050.6,2127.02,0.17
M0144276,N,47,2,18381.34,0,2,0,1759.39,28659.08,1.03
M0144277,N,77,2,13551.61,0,2,0,3578.47,8031.67,1.78
M0144278,N,79,0,4055.84,1,1,0,2405.6,3747.61,0.4
M0144279,N,26,1,17109.54,1,0,0,897.09,13853.29,1.31
M0144280,N,43,0,8557.61,0,0,0,2640.72,6647.6,1.3
M0144281,N,26,0,6607.31,0,0,0,3699.43,2110.62,1.15
M0144282,N,31,2,4759.69,0,1,1,3059.95,5178.72,0.0
M0144283,N,41,3,23872.98,1,0,0,1463.26,36362.52,1.93
M0144284,N,45,1,55360.24,0,1,0,10476.37,37213.55,1.2
M0144285,N,47,2,6601.3,1,0,0,908.59,4262.49,0.89
M0144286,N,64,1,13089.2,0,0,0,7078.43,3535.76,0.75
M0144287,N,67,2,28685.8,0,2,0,10761.84,12672.26,1.08
M0144288,N,42,0,5669.78,0,1,0,1359.66,4476.5,0.2
M0144289,N,25,0,6472.41,0,0,0,760.61,8558.19,0.75
M0144290,N,58,3,16594.89,0,0,1,7711.41,6850.61,1.28
M0144291,N,70,1,26699.92,0,1,1,3358.4,21387.0,1.59
M0144292,N,77,1,23847.76,0,0,0,13472.43,10328.5,2.21
M0144293,N,36,2,42294.77,0,2,1,5801.41,37348.27,1.37
M0144294,N,80,1,8924.8,0,2,0,7825.41,4075.92,1.39
M0144295,N,61,1,19390.77,0,1,0,2465.82,18214.82,0.77
M0144296,Y,38,4,412247.48,4,6,6,326395.06,186589.44,6.75
M0144297,N,61,1,35072.68,0,1,0,22027.06,26666.9,1.33
M0144298,N,73,0,18160.85,0,0,0,1518.0,13565.31,1.16
M0144299,N,80,2,10872.47,0,1,1,4962.03,5844.87,1.09
M0144300,N,27,1,21831.01,0,0,0,4851.23,20476.67,0.93
M0144301,N,67,0,5612.03,0,0,0,2134.3,5790.42,1.04
M0144302,N,42,0,2587.73,0,0,2,698.06,1850.46,0.0
M0144303,N,38,0,23627.35,1,1,0,4450.38,17986.79,1.57
M0144304,N,52,1,10121.58,0,0,0,6223.14,6438.75,0.37
M0144305,N,58,1,59001.43,1,1,0,3805.59,69193.95,0.93
M0144306,N,53,0,16710.38,0,1,0,1978.64,22612.04,0.58
M0144307,N,38,0,3952.26,1,1,1,1304.64,5734.44,0.27
M0144308,Y,44,7,164269.67,4,6,2,55264.47,134560.21,5.79
M0144309,N,70,2,12495.97,1,0,0,2049.18,9128.31,0.0
M0144310,N,52,2,38252.96,0,0,0,15334.08,14763.77,2.0
M0144311,N,78,0,4331.77,0,0,0,1595.36,4721.29,0.96
M0144312,N,61,2,10191.19,0,2,1,2191.71,7149.61,2.56
M0144313,N,42,0,6674.55,0,0,0,2897.96,2646.38,0.18
M0144314,N,23,0,7516.72,1,0,0,3508.41,8989.82,1.51
M0144315,N,54,1,8765.94,0,0,2,1033.58,14537.47,2.39
M0144316,N,50,1,5459.6,0,0,0,1165.14,4640.18,2.05
M0144317,N,21,0,5671.5,0,1,0,4529.05,4152.15,2.01
M0144318,N,25,3,10872.97,1,1,1,5835.63,4086.85,3.58
M0144319,N,68,0,12137.83,0,0,0,5828.18,10882.51,1.43
M0144320,N,18,0,8788.41,0,0,0,3681.33,5737.91,0.26
M0144321,N,44,1,3113.26,0,0,0,1096.06,1573.17,0.79
M0144322,N,65,0,22844.43,0,1,0,8206.2,12061.22,0.0
M0144323,Y,85,3,71125.31,1,1,1,28312.91,54296.88,3.56
M0144324,N,79,1,14515.28,0,1,0,1877.73,12268.55,1.06
M0144325,N,70,1,24454.37,0,1,0,3024.11,20925.7,1.76
M0144326,N,31,2,12269.81,0,0,0,6194.34,6862.7,0.56
M0144327,N,49,0,13870.09,0,1,0,1318.81,10114.11,0.58
M0144328,N,63,2,8054.13,0,1,0,2303.16,8441.34,0.72
M0144329,N,53,1,4532.75,1,0,0,1661.93,5010.42,0.0
M0144330,N,29,0,33132.73,2,0,0,10835.91,15650.95,2.17
M0144331,N,76,0,6940.65,0,0,0,2301.29,3564.24,1.47
M0144332,N,69,2,22382.18,0,0,0,6478.08,18553.12,1.33
M0144333,N,32,0,4155.8,0,1,0,1538.39,4547.93,0.06
M0144334,N,68,1,33522.61,0,1,0,6936.46,24502.21,1.29
M0144335,Y,66,6,182807.87,3,7,3,37534.54,152907.13,5.15
M0144336,N,40,1,6221.23,2,0,1,3881.61,5580.69,0.21
M0144337,N,24,2,10466.74,0,2,0,4672.0,13482.02,2.17
M0144338,N,75,0,6001.81,0,0,0,2253.8,5123.87,1.13
M0144339,N,49,0,4400.14,0,0,1,471.62,4838.99,0.0
M0144340,N,41,2,40064.72,0,2,1,2252.04,48461.84,1.73
M0144341,N,47,3,31076.1,0,0,1,10046.5,26783.71,1.6
M0144342,N,19,1,3758.0,0,1,0,1462.55,4591.54,1.99
M0144343,N,30,1,16924.2,1,0,1,8604.76,9442.14,1.7
M0144344,N,76,0,7573.95,0,0,0,1277.7,10586.45,1.85
M0144345,N,44,1,12889.89,0,2,2,4654.34,10061.09,2.47
M0144346,N,70,3,24410.85,1,1,0,7077.41,14048.17,1.54
M0144347,N,57,2,14152.64,0,1,2,7135.23,15796.44,1.26
M0144348,N,57,1,9495.0,0,1,0,4210.46,11625.75,1.72
M0144349,N,32,0,4803.72,0,1,0,1409.41,3107.09,0.58
M0144350,N,47,2,28214.79,0,1,1,11329.14,11664.71,0.82
M0144351,N,68,0,14196.8,1,0,0,478.27,20538.49,0.8
M0144352,N,56,0,4676.0,0,1,0,714.61,7786.48,0.93
M0144353,N,63,1,8000.34,0,0,0,2559.35,8596.46,2.76
M0144354,N,41,2,18947.52,0,2,0,8594.04,7244.02,0.5
M0144355,N,19,2,9539.59,0,1,0,2109.76,8778.32,1.82
M0144356,N,51,0,27426.51,0,0,0,13277.28,16434.51,1.69
M0144357,N,60,2,22466.48,1,0,1,2541.02,20135.58,2.01
M0144358,N,60,1,5775.3,0,2,0,590.95,6262.07,0.69
M0144359,N,42,2,10513.47,0,0,0,4137.25,12958.54,0.0
M0144360,N,23,1,5616.25,0,0,0,2056.52,2797.87,0.86
M0144361,N,25,2,9951.46,0,0,0,903.06,9325.59,1.69
M0144362,N,49,1,40340.37,1,3,1,4053.17,33863.07,1.21
M0144363,N,23,1,6705.24,0,0,1,1061.16,8797.32,1.1
M0144364,Y,36,4,157521.47,1,2,4,117055.42,97057.89,3.66
M0144365,N,40,1,6746.32,0,1,0,622.73,6726.61,0.14
M0144366,N,24,0,12947.57,0,2,1,2833.75,8742.67,1.1
M0144367,N,21,0,2797.78,0,0,1,1926.39,974.46,0.0
M0144368,N,78,0,26724.62,0,0,0,10806.86,14131.9,1.13
M0144369,N,76,1,6272.3,0,0,0,3844.78,2511.77,0.3
M0144370,N,78,1,11876.88,0,1,0,498.05,12401.52,1.14
M0144371,N,25,0,10677.87,0,0,0,983.6,8146.13,2.06
M0144372,Y,36,5,145261.73,2,3,3,91954.97,102781.55,3.0
M0144373,N,80,0,11793.87,0,0,2,3706.2,6649.1,0.86
M0144374,N,80,1,8196.88,0,0,0,1075.95,6396.95,1.41
M0144375,N,24,0,6633.72,0,0,0,3251.73,6967.87,0.46
M0144376,N,46,2,26385.52,0,1,0,17748.14,14355.49,1.62
M0144377,N,21,2,15583.24,0,1,0,2530.53,13005.96,1.44
M0144378,N,54,2,17901.42,1,2,0,7726.15,15009.15,1.9
M0144379,N,48,3,6216.05,0,1,0,3419.68,4740.59,0.34
M0144380,N,21,1,10919.84,0,0,0,1800.4,8006.04,2.1
M0144381,N,22,2,2685.34,0,0,0,2172.79,2629.76,0.07
M0144382,N,42,1,3632.24,0,0,0,527.46,5081.56,0.47
M0144383,N,34,1,7434.94,0,0,0,590.64,6525.94,0.58
M0144384,N,40,3,8900.38,0,1,3,3855.76,7302.85,1.87
M0144385,N,72,0,5913.13,0,0,0,2778.68,2621.98,0.25
M0144386,N,46,2,11695.99,0,1,1,5108.19,8925.92,0.98
M0144387,N,65,1,4506.99,1,1,1,2970.41,4123.74,1.65
M0144388,N,39,2,20213.75,0,2,1,4372.04,16368.48,2.23
M0144389,Y,53,5,234636.05,5,6,2,110041.15,182957.47,4.29
M0144390,N,63,1,18951.52,0,0,0,6041.96,20247.45,1.49
M0144391,N,47,3,22512.95,1,1,0,4969.65,14637.91,2.32
M0144392,N,27,1,35632.52,1,1,1,3089.23,35146.24,1.58
M0144393,N,35,1,9469.64,0,0,0,3306.66,4283.79,0.86
M0144394,N,71,1,6921.08,0,1,0,3241.95,4618.69,1.07
M0144395,N,19,1,15107.31,1,0,0,3902.71,10546.54,0.11
M0144396,N,27,0,18840.69,0,1,0,3200.22,12921.83,1.7
M0144397,N,60,0,10757.97,0,1,0,2140.06,9795.52,1.56
M0144398,Y,80,6,218217.19,4,2,5,43075.59,145345.92,3.47
M0144399,N,67,1,2225.0,0,0,0,789.88,3249.68,0.0
M0144400,N,66,1,15820.49,0,0,0,8090.67,7978.99,0.89
M0144401,N,45,1,38469.31,0,0,0,4513.81,30853.3,0.19
M0144402,N,41,1,15009.5,0,1,1,3894.85,14723.95,0.0
M0144403,Y,63,4,174640.57,2,1,5,79384.49,162495.15,2.18
M0144404,Y,41,5,282364.11,6,6,2,89677.9,199963.55,4.98
M0144405,N,21,2,10998.25,0,0,0,2126.56,11116.52,2.44
M0144406,N,26,2,40301.1,0,1,1,1458.26,33045.98,1.68
M0144407,N,42,1,35007.19,0,2,0,5333.84,25795.11,2.38
M0144408,N,32,2,4764.6,0,1,0,1540.87,3808.38,1.31
M0144409,N,41,2,12150.46,1,1,0,1693.76,12687.15,1.29
M0144410,N,40,1,14727.76,0,2,0,925.68,10739.37,1.69
M0144411,N,38,2,21043.72,0,0,1,3668.85,33454.05,1.26
M0144412,N,71,0,2461.83,0,1,0,577.81,1738.58,0.0
M0144413,N,35,0,17431.19,0,0,0,1368.99,12805.59,1.63
M0144414,N,39,0,16935.67,0,0,0,3605.6,19566.48,0.87
M0144415,N,20,1,10559.12,0,0,1,3216.28,5093.31,1.51
M0144416,N,37,0,4812.32,0,0,0,2432.32,5322.04,0.47
M0144417,N,63,0,8577.2,1,1,0,5791.97,4560.47,1.36
M0144418,N,62,0,8494.81,0,1,1,2557.94,12555.1,1.17
M0144419,N,66,1,3879.27,0,0,1,1154.77,4824.35,0.69
M0144420,N,71,2,3455.18,0,0,0,761.1,3458.49,1.54
M0144421,N,77,2,15187.72,0,1,0,3705.38,9011.04,0.7
M0144422,N,64,1,28661.89,1,0,1,8262.82,25437.88,2.3
M0144423,N,61,3,11498.38,1,0,0,3660.98,11406.62,1.88
M0144424,N,27,0,4388.16,0,0,0,1542.52,4644.65,0.69
M0144425,N,32,1,3707.25,1,0,0,2478.81,2357.03,0.96
M0144426,N,70,0,6929.53,0,0,0,1478.37,4900.0,1.02
M0144427,N,46,0,30023.56,0,2,0,1797.31,22980.28,1.96
M0144428,N,67,0,16122.32,0,2,0,6188.16,6644.16,1.02
M0144429,N,72,1,1445.47,0,1,1,527.72,1308.15,1.1
M0144430,N,67,0,8774.99,0,0,0,2749.18,11342.4,0.67
M0144431,N,79,3,13329.79,0,0,1,2002.52,15290.86,1.14
M0144432,N,28,0,10857.54,0,1,0,7562.14,10491.93,0.8
M0144433,N,71,2,3989.41,0,0,0,2016.58,2007.21,0.31
M0144434,N,65,0,20947.32,0,0,0,2946.02,13906.28,1.86
M0144435,N,25,1,12189.42,0,0,0,2967.64,10114.49,0.0
M0144436,Y,64,4,160779.91,1,4,1,98895.29,39782.97,2.2
M0144437,N,41,2,3683.69,1,0,0,2103.24,1372.87,0.0
M0144438,N,64,0,6392.01,0,0,0,5995.53,4729.02,1.42
M0144439,N,31,0,20156.82,0,0,0,3461.0,13079.14,0.0
M0144440,N,25,0,21715.88,0,0,0,3116.91,21436.55,1.12
M0144441,N,24,1,6716.5,0,0,1,2224.11,7073.97,0.0
M0144442,N,80,0,19822.69,0,2,0,3053.14,22943.44,2.08
M0144443,N,40,0,34224.25,0,0,0,5551.91,48222.45,0.56
M0144444,N,26,1,10492.54,0,0,0,2530.96,6328.58,1.73
M0144445,N,45,3,17597.63,0,1,0,4335.79,11859.08,1.77
M0144446,N,66,2,8487.84,0,0,0,4112.98,11280.02,1.95
M0144447,N,31,1,23357.9,0,0,0,4713.22,13813.92,0.2
M0144448,N,53,2,1590.5,0,0,0,318.44,1147.7,0.29
M0144449,N,74,0,3912.29,0,0,0,1207.76,3433.17,1.03
M0144450,N,22,1,16786.99,0,0,0,2987.01,10332.84,0.26
M0144451,N,40,1,4705.69,0,1,0,761.47,3765.74,0.89
M0144452,N,26,1,4897.16,0,1,0,395.04,4327.09,1.72
M0144453,N,31,0,8009.74,1,0,0,582.94,6040.88,1.41
M0144454,N,27,0,9852.11,0,0,0,4040.52,6386.72,0.96
M0144455,N,33,0,7833.72,0,1,0,1791.79,6881.91,0.71
M0144456,N,53,0,14397.69,0,0,0,1451.7,15631.7,0.07
M0144457,N,59,0,18121.88,0,1,0,945.46,13449.47,1.23
M0144458,N,29,0,10597.4,0,1,0,4649.47,4519.5,0.0
M0144459,N,32,1,3674.74,1,0,0,919.36,4474.88,1.48
M0144460,N,79,0,2002.04,0,0,1,830.11,1076.86,1.34
M0144461,N,69,1,4093.05,0,1,1,1598.8,4201.11,1.09
M0144462,N,62,0,10407.58,0,0,0,6404.12,8801.0,0.61
M0144463,N,34,2,8706.61,0,0,0,2736.6,5968.71,1.73
M0144464,N,21,2,19476.03,0,2,0,3074.49,18454.23,3.03
M0144465,N,52,1,17896.93,0,1,1,5698.85,9742.93,1.1
M0144466,N,27,1,17374.0,0,1,1,1917.48,12665.0,3.87
M0144467,N,78,1,2752.31,0,0,0,560.77,2714.01,0.0
M0144468,N,45,0,30684.86,0,2,0,490.31,31947.39,0.08
M0144469,N,39,1,4362.69,0,2,0,4734.64,2850.29,1.55
M0144470,N,45,0,8686.07,0,0,0,2149.89,6584.31,1.29
M0144471,N,42,1,12727.48,0,0,1,1454.8,14655.56,1.78
M0144472,N,64,1,8562.98,0,0,0,6057.92,2614.55,0.77
M0144473,N,80,2,16253.16,0,0,0,2602.26,13139.68,0.56
M0144474,N,20,0,10366.09,1,1,0,2083.68,13681.22,1.69
M0144475,N,73,1,39975.34,0,0,0,3094.77,31817.83,0.45
M0144476,N,61,2,33839.58,0,1,0,14385.37,15758.01,1.36
M0144477,N,66,0,15579.27,0,2,1,3872.64,9180.49,1.13
M0144478,N,22,0,14930.43,2,2,0,870.5,13399.59,1.16
M0144479,N,44,0,6965.34,0,0,0,3799.38,5864.51,0.29
M0144480,N,80,0,54468.48,0,0,1,27634.18,18701.65,3.32
M0144481,N,19,0,18835.79,0,0,0,5986.99,9777.34,1.77
M0144482,N,58,1,9271.98,1,0,0,2899.96,9618.2,1.97
M0144483,N,76,1,7151.41,0,0,0,3835.24,4182.36,0.82
M0144484,N,70,0,7819.71,0,1,0,1848.22,4452.08,2.34
M0144485,N,54,1,25219.07,0,1,0,8428.81,14295.18,1.31
M0144486,N,40,1,5207.7,0,0,0,1643.63,5697.2,0.51
M0144487,N,64,1,8287.34,1,0,0,5462.76,8012.52,1.41
M0144488,N,64,0,9736.44,0,1,0,3738.46,4793.62,1.54
M0144489,N,41,1,11049.7,1,1,0,3629.63,7029.48,1.47
M0144490,N,31,0,4946.74,0,0,1,2519.64,4059.71,2.12
M0144491,N,50,2,26140.79,0,1,1,3205.12,18054.35,1.32
M0144492,N,43,1,15606.14,1,1,0,5424.34,9714.32,2.26
M0144493,N,22,0,7301.8,0,0,0,2901.15,10174.17,1.3
M0144494,N,24,0,3502.05,1,0,0,652.09,4417.88,1.33
M0144495,N,54,0,4857.1,0,0,0,2513.95,4376.97,0.36
M0144496,N,39,2,11033.0,0,0,0,7103.73,5387.27,0.42
M0144497,N,77,1,15097.58,0,1,0,2608.71,9803.46,0.98
M0144498,N,22,0,24920.71,0,0,0,7369.15,12322.0,1.29
M0144499,N,64,0,17731.8,0,0,0,6363.35,8307.4,0.32
M0144500,N,74,1,18211.12,0,0,0,3520.72,15281.71,0.98
M0144501,N,20,1,4491.4,0,1,0,4267.23,2833.97,1.53
M0144502,N,33,0,42676.14,1,0,1,10611.39,33896.92,1.07
M0144503,N,46,1,26311.0,0,1,1,7289.07,25308.78,1.28
M0144504,N,32,0,17989.39,0,2,0,8698.91,10789.08,2.15
M0144505,N,68,0,10702.43,0,0,0,3079.83,6641.72,1.5
M0144506,N,62,0,8937.03,1,0,0,5974.47,3798.03,0.06
M0144507,N,51,0,5096.36,0,1,0,1055.68,4072.71,1.08
M0144508,N,22,2,4514.49,0,0,0,1490.78,6061.39,2.51
M0144509,N,45,1,11115.4,1,1,0,2190.42,7514.69,1.1
M0144510,N,37,3,4946.14,0,0,0,3248.17,4615.02,0.46
M0144511,N,22,0,12462.06,0,0,0,2165.42,8097.69,0.0
M0144512,Y,65,5,179320.28,6,3,5,134857.06,111780.65,6.16
M0144513,N,59,2,19344.76,1,1,1,5676.72,23877.03,2.89
M0144514,N,69,1,11708.67,0,0,0,2135.9,14290.31,0.2
M0144515,N,76,2,16171.72,0,1,1,8178.57,9556.1,2.84
M0144516,N,30,0,13063.42,0,0,0,1396.88,12186.86,1.64
M0144517,N,68,0,12731.88,0,0,1,2762.12,16965.85,1.39
M0144518,N,63,2,22286.59,0,2,1,17898.13,8821.24,2.73
M0144519,N,61,0,9053.46,0,0,0,1410.1,9047.27,1.69
M0144520,N,65,0,7773.79,0,0,0,4177.49,5925.86,0.99
M0144521,N,80,0,24064.56,0,1,0,2310.83,18434.65,0.49
M0144522,N,53,0,5258.94,0,0,0,707.59,8024.94,0.0
M0144523,N,37,1,10836.35,0,0,0,2854.96,9401.08,2.14
M0144524,N,51,0,4392.6,0,0,0,1173.03,6281.98,0.56
M0144525,N,72,0,9717.8,0,0,0,3451.19,5334.04,0.2
M0144526,N,61,2,3660.15,0,1,2,3456.01,2550.41,0.45
M0144527,N,69,0,6053.33,0,0,0,772.54,4131.97,0.0
M0144528,Y,72,6,132818.1,4,3,5,106144.13,61087.6,4.34
M0144529,N,45,2,5299.37,0,0,1,2222.99,2836.8,1.3
M0144530,N,48,0,8696.89,0,0,0,2122.46,9105.01,1.59
M0144531,N,18,2,35143.24,1,1,2,6837.95,24362.81,0.69
M0144532,N,52,0,4261.75,0,0,0,1350.77,4666.79,1.14
M0144533,N,42,2,22445.85,0,2,1,8113.59,15192.41,1.44
M0144534,N,20,0,6199.59,0,0,0,1511.35,4399.25,1.75
M0144535,N,37,2,11392.83,1,1,0,7577.0,6784.6,2.2
M0144536,N,53,2,24046.83,0,0,1,3854.89,18916.33,1.31
M0144537,N,68,1,8053.9,0,2,0,3001.54,5555.42,1.09
M0144538,N,70,2,8225.43,1,0,1,1996.66,4744.31,0.06
M0144539,N,55,1,7080.93,0,0,0,1214.43,4986.0,0.74
M0144540,N,70,2,27142.01,0,1,0,7700.2,17375.77,1.91
M0144541,N,54,2,15747.5,0,3,1,11528.37,10589.84,1.51
M0144542,N,51,4,13187.06,0,1,0,4484.47,8856.38,1.17
M0144543,N,52,3,5917.23,0,0,0,1612.11,5046.49,1.38
M0144544,N,31,0,12077.54,0,1,0,1198.37,10226.53,0.46
M0144545,N,76,0,14966.05,0,0,0,4953.04,15782.86,0.86
M0144546,N,20,1,15314.13,0,0,0,4037.7,8638.27,1.68
M0144547,N,30,0,13657.56,0,0,0,2034.76,16909.76,0.24
M0144548,N,23,0,3569.75,0,0,0,589.53,3678.33,0.59
M0144549,Y,57,3,243363.06,3,1,1,115780.73,121041.28,6.66
M0144550,N,54,2,7783.29,1,0,0,1243.8,8692.12,1.11
M0144551,N,36,1,4020.02,1,0,0,266.35,3380.69,0.0
M0144552,N,48,2,5699.22,1,0,0,2577.37,5748.61,0.34
M0144553,N,59,2,16727.07,0,0,1,1247.98,22219.17,1.12
M0144554,N,76,0,8274.65,1,1,0,1779.99,5956.3,0.55
M0144555,N,72,3,4205.9,0,2,0,1269.32,4728.2,0.74
M0144556,N,23,2,2787.85,0,0,0,980.6,2186.91,0.78
M0144557,N,58,2,10115.71,0,0,0,11095.66,4990.84,0.48
M0144558,Y,65,3,354920.02,4,2,4,97382.68,246375.58,6.6
M0144559,N,80,0,26218.54,0,1,0,1653.54,22492.26,2.48
M0144560,N,43,0,50494.89,0,0,0,7312.19,32711.69,0.98
M0144561,N,73,0,3559.98,0,0,1,744.39,2697.62,0.29
M0144562,N,71,3,47225.81,1,3,2,9279.15,31025.19,2.12
M0144563,N,24,2,12956.08,0,0,0,1697.64,15885.53,0.83
M0144564,N,27,1,12389.73,0,3,0,6760.37,7060.42,1.45
M0144565,N,80,2,5816.38,0,0,0,1118.76,4572.65,0.0
M0144566,N,29,1,25022.78,1,3,0,1883.79,18497.63,1.37
M0144567,N,34,0,1984.01,0,0,0,547.93,2926.36,0.25
M0144568,N,70,1,19705.09,0,0,1,10603.12,19384.46,1.57
M0144569,N,27,0,2894.62,1,1,0,1053.05,2511.06,0.0
M0144570,N,31,0,16164.88,0,0,0,926.45,12657.69,0.27
M0144571,N,51,1,6083.26,0,0,0,2670.24,3093.56,0.5
M0144572,N,67,2,3099.89,0,0,0,714.9,2926.43,1.46
M0144573,N,47,1,12102.65,0,0,0,2155.77,7338.92,0.0
M0144574,N,65,0,94842.57,0,4,0,2734.19,96413.01,2.11
M0144575,N,25,1,9450.91,0,3,2,2733.77,7235.58,2.58
M0144576,N,77,1,31809.21,0,0,0,8163.61,18007.14,1.34
M0144577,N,44,0,6006.54,0,1,0,2238.66,3005.12,0.0
M0144578,N,76,0,6411.54,0,0,0,1019.01,10347.36,1.12
M0144579,N,51,1,5743.8,0,0,1,2363.24,7806.4,1.15
M0144580,Y,60,3,277826.54,4,1,3,145415.29,202846.2,2.59
M0144581,N,49,1,17227.54,0,0,0,2809.88,17159.94,1.6
M0144582,N,64,1,31354.33,0,0,2,8477.92,21466.37,1.1
M0144583,N,57,0,5106.08,0,1,0,3086.73,4832.47,1.52
M0144584,N,22,1,17049.09,0,1,0,9828.56,7584.92,1.61
M0144585,N,21,0,28701.87,0,0,0,4211.45,21002.15,1.68
M0144586,Y,73,5,292670.08,4,4,4,84308.01,203220.59,6.92
M0144587,N,76,1,5686.6,0,0,0,2012.74,6622.43,0.27
M0144588,N,56,1,5837.56,0,0,0,1018.52,4751.35,0.0
M0144589,N,26,1,3876.4,0,0,1,2229.5,3277.49,1.27
M0144590,N,43,1,10045.31,0,0,0,3354.95,8645.71,0.74
M0144591,N,42,0,10653.48,0,0,0,3661.97,9064.98,1.52
M0144592,N,59,1,2174.38,0,0,0,759.3,2960.3,1.45
M0144593,N,21,2,4740.76,0,1,0,1643.26,6432.1,1.27
M0144594,N,58,1,19648.45,1,0,0,5263.12,26649.73,2.08
M0144595,N,63,1,6522.32,0,1,1,4835.69,4271.09,0.48
M0144596,N,75,2,18530.63,0,1,0,3741.48,13956.0,1.45
M0144597,N,65,0,6722.28,0,0,0,493.37,5201.09,1.35
M0144598,N,56,0,18058.67,0,0,1,4466.91,12796.11,0.0
M0144599,N,62,1,40977.4,0,2,1,13361.61,23449.79,0.07
M0144600,N,20,0,8659.49,0,1,0,1793.0,7327.82,1.6
M0144601,N,69,0,3164.66,0,1,0,1250.08,3851.33,0.0
M0144602,N,67,1,5055.62,0,1,1,1511.59,2662.57,0.27
M0144603,N,27,2,32148.2,0,3,1,18495.82,14446.17,1.89
M0144604,N,68,0,15718.94,2,2,0,12213.32,8044.29,2.17
M0144605,Y,63,6,171210.57,2,2,1,33833.84,112747.88,2.73
M0144606,N,21,2,11405.83,0,0,1,4750.43,10934.77,2.15
M0144607,N,54,0,5572.91,0,0,0,1588.01,5362.55,0.83
M0144608,N,42,0,9279.82,0,0,0,3821.42,9158.07,0.0
M0144609,N,51,0,10276.27,0,1,1,282.29,9247.89,0.66
M0144610,N,78,1,33947.98,2,3,0,16762.66,35219.25,1.75
M0144611,N,30,1,9749.91,0,0,1,3492.27,4868.0,2.14
M0144612,N,23,1,8565.65,0,1,0,3884.55,7643.04,1.11
M0144613,N,38,2,28846.36,1,2,0,7372.92,29435.03,1.8
M0144614,N,41,3,15777.39,0,0,0,12962.71,8087.97,1.08
M0144615,N,72,1,8902.82,0,0,2,1575.89,8381.43,1.3
M0144616,N,39,1,22504.3,0,1,0,3838.79,21677.57,2.14
M0144617,N,49,0,12935.36,0,1,1,10601.74,11725.88,1.17
M0144618,N,57,1,16596.5,0,0,0,3136.35,12886.48,0.36
M0144619,N,65,1,7535.89,0,0,1,1553.21,11890.78,1.25
M0144620,N,33,0,28778.27,0,0,0,4580.83,18475.21,0.97
M0144621,N,41,1,19742.05,0,2,0,4802.98,12385.63,0.58
M0144622,N,60,1,10266.59,1,0,0,2754.9,12817.42,1.04
M0144623,N,66,2,12698.56,0,0,0,3662.68,9026.62,0.04
M0144624,N,41,1,10025.77,0,0,0,1212.83,13138.95,1.47
M0144625,N,60,0,16299.94,0,0,0,4727.41,12872.64,0.5
M0144626,N,65,1,12509.0,0,2,1,2988.2,7661.58,2.81
M0144627,N,39,0,5836.59,0,1,0,2843.57,4372.09,0.7
M0144628,N,36,4,8379.0,0,0,0,4173.11,3519.62,2.19
M0144629,N,26,0,10938.07,0,0,0,1271.93,9465.6,0.5
M0144630,N,63,2,22709.48,2,3,1,10178.32,9182.22,2.85
M0144631,N,45,2,14028.44,0,1,0,9263.15,7211.39,2.42
M0144632,N,23,1,6210.55,0,0,0,4946.27,4466.87,1.87
M0144633,N,55,2,2610.29,0,0,1,417.92,4249.81,0.66
M0144634,N,73,1,7340.79,0,2,0,1620.35,5327.62,2.21
M0144635,N,41,0,14348.88,0,0,0,5513.27,8852.08,1.61
M0144636,N,79,2,11346.11,0,1,1,4512.83,6722.02,2.69
M0144637,N,38,0,5713.72,1,0,0,902.49,4388.16,0.0
M0144638,N,51,1,4228.6,0,0,0,1988.89,3355.75,0.0
M0144639,N,25,1,25595.91,0,0,0,11795.8,12546.18,1.7
M0144640,N,74,1,6844.57,0,1,0,3359.11,6256.03,1.31
M0144641,N,26,1,8651.81,2,0,0,986.36,7907.91,0.16
M0144642,N,61,0,10221.88,1,0,1,7497.86,8999.32,1.18
M0144643,N,74,2,8342.69,0,0,0,1900.51,6790.4,2.99
M0144644,Y,68,3,171642.37,1,2,3,81930.21,83105.1,3.39
M0144645,N,23,1,8887.18,0,0,2,1210.08,14189.06,3.67
M0144646,N,52,0,13112.57,0,0,0,3149.31,10345.86,1.17
M0144647,N,70,2,11376.51,1,0,1,3230.07,9707.76,1.6
M0144648,N,49,0,10726.57,0,2,0,1401.91,16494.48,1.07
M0144649,N,70,0,9433.5,0,0,0,4001.76,7994.27,1.48
M0144650,N,33,3,25065.25,0,1,0,3483.37,23333.53,2.57
M0144651,N,40,0,7513.17,0,0,0,1122.48,10632.59,1.17
M0144652,N,50,2,21236.79,0,0,0,2852.27,20676.03,0.43
M0144653,N,31,2,13297.53,0,0,0,1199.21,11390.84,1.29
M0144654,N,44,0,6281.41,1,0,0,948.79,6452.8,0.53
M0144655,N,56,0,5832.76,0,0,0,5275.43,3875.35,0.58
M0144656,N,41,3,15451.27,1,2,1,7413.6,11923.37,2.06
M0144657,N,78,0,19691.23,0,2,0,4342.5,16267.64,1.15
M0144658,N,68,1,13155.22,0,1,1,2916.41,10273.46,1.28
M0144659,N,54,0,12187.94,0,1,0,2415.21,7649.41,2.12
M0144660,N,38,0,9390.84,0,0,0,1105.39,9260.84,1.22
M0144661,N,70,0,3794.64,0,0,0,2910.51,2717.85,0.0
M0144662,N,52,3,17903.34,1,2,0,1224.72,12829.47,1.92
M0144663,N,55,2,17668.77,1,0,0,6118.99,13254.47,1.93
M0144664,N,29,0,7041.56,0,2,0,1363.47,5774.81,0.0
M0144665,N,72,2,3145.64,0,0,0,712.4,2090.09,0.15
M0144666,N,40,1,7289.56,0,0,1,1781.72,10553.75,1.42
M0144667,N,43,0,10602.97,0,0,1,1022.96,10471.51,1.54
M0144668,N,21,0,5741.3,1,2,1,3653.15,3681.32,0.0
M0144669,N,37,2,5715.8,0,0,0,4162.35,3207.04,0.22
M0144670,N,53,0,10845.69,0,0,1,2054.36,7791.88,1.61
M0144671,N,43,2,6953.87,0,1,0,7242.41,4924.06,0.46
M0144672,N,42,0,3420.25,0,0,1,1625.89,4352.64,1.07
M0144673,N,33,0,5535.34,0,0,0,2191.9,2937.9,0.78
M0144674,N,64,2,10285.62,1,1,1,1789.54,7446.12,1.06
M0144675,N,33,0,17355.59,0,0,0,1117.57,26535.93,2.17
M0144676,N,24,3,8391.34,0,0,1,1055.9,12140.1,0.0
M0144677,N,41,0,3924.81,0,0,0,573.09,2970.37,1.61
M0144678,N,62,0,5714.36,0,0,0,2194.43,2528.25,1.14
M0144679,N,54,2,22035.09,0,2,3,9607.69,8187.64,1.48
M0144680,N,21,1,8647.79,0,0,0,960.32,7679.15,0.65
M0144681,N,53,2,5034.5,0,1,0,3125.6,5586.15,1.02
M0144682,N,71,1,16951.18,0,1,0,2040.62,17926.0,0.0
M0144683,N,32,2,11126.53,0,1,1,1382.8,14410.04,0.93
M0144684,N,39,1,21089.31,0,1,2,7624.37,17065.37,1.85
M0144685,N,26,2,10815.75,1,0,0,6856.86,10645.96,1.54
M0144686,N,74,2,6962.41,1,0,0,413.78,10725.62,1.15
M0144687,N,38,2,18101.47,1,1,0,5835.89,26769.61,1.27
M0144688,N,27,2,16332.42,1,2,0,3425.53,13493.09,2.19
M0144689,N,67,3,40556.42,0,1,0,9993.89,23386.19,3.14
M0144690,N,73,2,32124.59,0,1,0,3478.85,27129.13,3.06
M0144691,N,42,0,14268.52,0,0,0,5138.1,7066.85,1.12
M0144692,N,29,0,4887.61,1,0,0,1536.26,6101.97,0.0
M0144693,N,41,0,4654.69,0,0,0,1836.0,4894.78,1.41
M0144694,N,38,0,10342.22,0,0,0,3034.1,8874.89,0.39
M0144695,N,20,2,9838.56,0,1,0,4163.22,12035.8,0.0
M0144696,N,35,0,4004.04,0,0,0,1000.42,2995.81,0.0
M0144697,N,63,2,12749.27,0,2,0,3687.55,18633.55,2.14
M0144698,N,27,1,7464.42,0,1,1,3198.6,3984.53,0.65
M0144699,N,78,0,7661.36,0,0,0,2695.63,7528.81,0.0
M0144700,N,68,1,22941.6,1,1,0,7530.13,14988.45,2.13
M0144701,Y,75,5,287697.05,1,4,1,84895.43,172570.96,3.91
M0144702,N,61,1,17904.82,1,2,0,9545.9,9811.0,1.73
M0144703,N,62,0,5692.95,0,0,0,2341.78,3225.75,0.0
M0144704,N,53,1,19905.94,0,1,0,3195.11,17285.9,1.74
M0144705,N,70,1,14830.68,1,0,1,6152.61,8817.49,1.29
M0144706,N,18,0,5567.99,0,1,1,2070.35,2505.13,0.72
M0144707,N,78,1,28032.24,0,0,0,12563.25,10482.25,1.39
M0144708,Y,86,5,167017.27,3,3,5,62515.11,165510.83,3.25
M0144709,N,63,0,27653.51,0,0,1,894.04,21857.94,0.62
M0144710,N,58,1,14261.44,1,0,0,2354.27,14624.06,1.05
M0144711,N,36,1,16961.2,0,1,0,3875.06,15515.89,1.89
M0144712,N,27,1,9612.64,0,0,0,1584.96,9914.09,0.0
M0144713,N,48,2,11703.82,0,2,2,2400.63,7608.08,0.0
M0144714,N,38,1,11555.18,0,0,0,2821.01,7353.26,2.23
M0144715,N,46,0,7659.45,0,1,0,1748.01,4414.81,0.0
M0144716,N,42,1,21994.0,0,2,1,4334.04,14904.62,0.0
M0144717,Y,53,4,152602.31,5,6,5,44636.55,155095.29,3.85
M0144718,Y,74,4,122252.88,2,1,3,46705.88,65655.58,5.8
M0144719,N,54,1,9069.03,1,2,0,1236.01,6281.55,1.4
M0144720,N,62,0,26155.7,1,1,0,9395.76,14757.77,0.52
M0144721,N,46,2,6091.68,1,2,0,1742.39,8041.87,0.31
M0144722,N,35,0,8663.14,1,0,1,3457.48,4881.78,1.41
M0144723,N,29,1,3052.21,1,0,0,1352.41,3065.59,0.63
M0144724,N,38,0,11383.36,0,0,0,2498.85,6623.71,1.86
M0144725,N,21,0,10077.84,0,0,0,3821.24,4485.22,0.08
M0144726,N,27,1,19283.34,0,0,0,11602.8,10099.96,2.17
M0144727,N,38,0,6551.29,0,0,1,4986.94,3179.43,1.96
M0144728,N,23,2,11817.68,1,0,1,1056.45,10385.74,0.0
M0144729,N,77,0,6167.58,0,0,1,3076.35,5517.04,0.16
M0144730,N,23,0,3115.37,1,1,0,1272.34,2726.23,0.9
M0144731,N,45,1,17383.9,0,1,0,1226.19,12553.7,1.38
M0144732,N,76,4,10768.41,0,3,2,1257.73,15582.02,0.11
M0144733,N,76,1,13300.84,1,1,0,3444.36,13885.29,1.7
M0144734,N,69,2,51205.78,0,0,1,11643.33,31962.3,3.0
M0144735,N,74,2,10950.35,1,0,0,6657.76,7283.08,1.12
M0144736,N,56,2,10651.14,0,1,1,2063.47,7608.51,1.46
M0144737,N,33,0,8170.56,0,0,0,1130.08,7119.02,0.5
M0144738,N,27,0,3554.79,0,0,0,883.23,4131.45,0.59
M0144739,N,38,0,10518.4,0,0,0,883.11,10972.39,1.52
M0144740,N,43,1,20559.97,0,0,0,6244.1,22719.02,1.23
M0144741,N,68,2,8210.55,0,2,0,2100.31,4705.02,0.33
M0144742,N,34,1,18936.7,0,3,0,1275.41,15416.81,0.51
M0144743,N,39,1,16815.91,0,2,0,1647.98,16601.01,0.3
M0144744,N,42,0,20044.08,0,1,0,4838.15,12887.25,0.81
M0144745,N,18,0,6329.35,0,0,0,2877.28,5206.46,0.94
M0144746,N,39,2,19350.08,1,0,0,10061.0,12950.63,0.64
M0144747,N,52,3,19925.1,0,0,0,25811.8,5296.21,2.66
M0144748,N,57,2,17597.89,0,2,0,1390.36,14442.04,2.44
M0144749,N,52,1,7717.65,0,1,0,1730.7,7438.66,0.12
M0144750,N,36,4,10764.1,0,0,0,2918.66,10197.49,0.21
M0144751,N,57,2,7549.87,0,1,0,1257.42,5486.23,1.26
M0144752,N,61,0,17695.98,0,1,0,4646.56,20606.78,0.86
M0144753,N,70,0,10203.1,0,0,0,2497.1,6587.76,0.27
M0144754,N,40,0,18798.91,0,0,0,1392.19,14660.66,1.44
M0144755,N,66,2,41801.71,0,0,0,2445.81,43220.83,2.17
M0144756,N,62,0,9968.67,0,1,0,1151.11,7003.85,0.07
M0144757,N,43,2,4203.8,1,0,0,1710.98,1969.75,1.2
M0144758,N,34,2,9362.19,0,2,0,3010.34,6655.41,1.61
M0144759,N,49,1,12150.42,0,2,0,8483.6,11343.85,0.36
M0144760,N,22,0,4609.0,0,1,0,2314.29,3025.32,0.0
M0144761,N,74,1,6498.15,0,0,0,3128.36,4472.66,0.0
M0144762,N,61,0,3688.54,0,0,1,2091.34,1490.76,0.0
M0144763,N,71,2,29779.49,0,0,0,6462.77,19354.16,0.35
M0144764,N,49,1,4738.1,0,1,0,3368.38,4579.38,1.33
M0144765,N,53,0,8861.15,0,0,1,4666.6,6233.3,0.79
M0144766,Y,50,7,237191.37,3,7,2,141040.38,178084.95,4.96
M0144767,N,78,3,14198.96,0,0,0,4550.74,8153.49,1.05
M0144768,N,72,0,26862.6,0,2,0,8316.65,16357.85,1.32
M0144769,N,70,0,14882.02,0,0,0,2132.19,15520.38,1.15
M0144770,N,74,0,14457.77,0,1,0,7660.93,4294.56,0.0
M0144771,N,31,1,24751.85,0,1,0,20551.9,14161.96,1.01
M0144772,N,61,1,9558.85,1,0,0,1282.97,10506.55,1.35
M0144773,N,38,1,5417.56,0,0,1,871.37,4377.16,0.73
M0144774,N,54,0,7630.96,0,0,0,3979.03,6090.16,2.77
M0144775,N,78,2,22293.99,0,0,0,1269.61,18443.58,0.44
M0144776,N,66,1,18061.74,1,1,0,5299.58,14282.01,1.94
M0144777,N,75,0,12288.6,1,0,1,4446.12,5783.22,0.23
M0144778,N,80,0,4071.76,0,1,0,861.76,2937.88,0.0
M0144779,N,70,0,7210.35,1,0,2,2505.55,9317.1,0.54
M0144780,N,70,1,4334.19,0,0,0,861.77,2663.73,0.94
M0144781,N,75,1,46063.75,0,2,0,1982.63,34215.24,2.01
M0144782,N,77,1,2553.45,0,0,0,1554.48,2094.96,1.31
M0144783,N,75,1,33419.8,0,2,0,4725.59,23562.64,0.6
M0144784,N,78,0,11045.15,0,2,0,6175.78,8712.14,0.74
M0144785,N,21,1,5845.18,0,1,0,450.46,4843.3,1.44
M0144786,N,71,2,25825.12,1,0,2,23692.51,13688.19,0.8
M0144787,N,35,0,7606.1,0,1,0,2209.56,11441.44,1.17
M0144788,N,36,0,3423.36,0,1,0,989.42,4063.3,1.03
M0144789,N,56,3,4865.64,0,1,0,2398.0,3474.12,1.44
M0144790,N,77,1,18125.43,1,1,1,6582.3,15673.28,1.39
M0144791,N,67,1,8304.92,0,1,1,3116.95,6092.43,1.63
M0144792,N,53,0,10600.55,0,3,0,1414.64,13106.67,0.0
M0144793,N,44,0,9677.18,0,0,1,2462.94,7331.87,1.75
M0144794,N,72,1,54198.28,0,3,0,2583.63,41682.95,0.0
M0144795,N,32,1,4063.8,0,1,0,2710.27,2935.05,1.13
M0144796,N,72,1,28218.35,0,0,0,3781.43,37034.27,1.78
M0144797,N,38,2,13531.85,0,1,0,1930.05,12973.35,1.73
M0144798,Y,69,6,326519.56,5,6,5,277837.81,179712.26,6.33
M0144799,N,78,1,11108.61,0,1,0,2441.31,7732.67,2.76
M0144800,N,43,0,4815.48,0,0,0,604.27,4701.31,0.0
M0144801,N,28,2,16619.05,0,0,0,992.56,12004.5,1.29
M0144802,N,56,2,12049.8,0,1,0,3943.4,16313.11,0.11
M0144803,N,21,2,7057.99,0,2,0,948.64,5068.96,2.01
M0144804,N,78,1,6974.85,0,2,0,1504.25,5114.79,1.43
M0144805,N,77,0,11570.59,0,1,0,6415.86,9295.2,1.33
M0144806,N,53,1,4869.7,0,2,0,2769.74,5371.94,1.51
M0144807,Y,79,6,335506.82,4,3,3,186877.33,184877.29,6.15
M0144808,N,33,1,5455.54,1,0,1,5594.75,4202.74,0.0
M0144809,N,58,0,10348.5,1,1,0,922.57,8603.98,0.76
M0144810,N,40,1,6660.59,0,0,0,6587.02,2005.4,1.77
M0144811,N,29,1,10738.25,0,0,0,6693.46,9817.95,1.33
M0144812,N,22,1,7897.54,0,1,1,2160.03,6209.24,1.82
M0144813,N,47,0,4965.4,0,0,0,816.59,7083.73,1.75
M0144814,N,66,1,15423.45,0,2,0,3377.32,18741.71,0.33
M0144815,N,44,1,14390.26,0,0,1,1238.49,11207.94,0.87
M0144816,Y,61,3,447387.13,3,1,1,157718.17,262309.37,3.35
M0144817,N,37,2,20745.11,0,0,0,7319.84,12453.9,0.56
M0144818,N,28,0,2525.71,0,1,0,2359.8,2180.5,0.01
M0144819,N,37,3,12590.78,0,2,1,8461.83,13360.4,2.59
M0144820,N,61,3,12900.1,1,3,0,3104.81,18583.34,2.59
M0144821,N,39,2,23674.9,1,1,1,2697.67,23828.04,2.65
M0144822,N,39,0,13908.99,0,2,0,2527.05,13303.89,0.0
M0144823,N,26,1,6167.87,0,2,0,1270.29,7841.24,1.76
M0144824,N,23,0,8932.97,0,0,2,5536.35,5700.67,0.31
M0144825,N,49,2,6681.86,0,1,0,769.07,5281.07,0.72
M0144826,N,64,1,16304.9,0,0,1,2963.09,11405.47,0.24
M0144827,N,25,0,24819.31,0,2,0,9327.07,13648.57,1.46
M0144828,N,29,2,14571.19,0,1,0,666.34,12551.77,0.0
M0144829,N,40,1,3227.54,0,0,2,1294.97,3849.26,0.28
M0144830,N,63,1,9749.04,0,1,0,1490.6,7758.75,2.7
M0144831,Y,63,4,134548.1,5,3,2,52466.49,75648.8,5.4
M0144832,N,41,2,6196.07,1,0,0,2957.37,4998.63,0.55
M0144833,N,23,0,21368.87,0,2,2,3254.02,26211.69,1.2
M0144834,N,54,1,6539.21,0,0,0,4026.85,4027.37,0.0
M0144835,N,78,1,7628.78,2,0,0,959.01,5973.15,1.37
M0144836,N,62,2,7402.62,0,0,0,3437.08,6542.94,0.3
M0144837,N,66,1,22888.88,0,0,0,4579.16,13948.22,0.45
M0144838,N,25,1,32354.36,1,1,0,21708.7,10862.8,2.87
M0144839,N,35,2,9339.75,1,0,0,2478.29,5021.21,0.33
M0144840,N,34,0,27938.73,0,1,0,6390.46,16364.54,0.38
M0144841,N,18,2,42490.88,0,3,0,27557.92,11109.3,2.09
M0144842,N,34,2,23339.24,0,2,0,2565.87,15778.96,1.29
M0144843,Y,82,5,381509.95,4,3,3,275598.52,75138.91,5.27
M0144844,N,45,2,20120.99,0,1,0,6122.61,10963.49,1.19
M0144845,N,57,1,44353.15,0,0,1,9752.99,25839.53,0.99
M0144846,N,37,1,21628.63,0,0,0,7368.11,11356.62,0.0
M0144847,N,22,1,11931.84,0,0,0,3896.55,10741.88,1.41
M0144848,N,19,2,16885.99,2,3,1,5656.55,12665.37,2.43
M0144849,N,49,2,4692.99,0,2,1,2328.53,4719.37,1.41
M0144850,N,69,0,5531.97,0,1,0,375.14,5723.49,0.0
M0144851,N,72,1,16904.18,1,2,1,6816.13,14657.87,2.08
M0144852,N,57,0,3804.35,0,0,0,3075.87,1041.17,1.14
M0144853,N,42,1,7789.17,0,2,0,1449.5,5693.23,1.01
M0144854,N,41,0,10032.76,0,0,0,3367.54,7639.1,0.0
M0144855,N,23,0,5552.25,0,1,1,1650.64,4592.52,1.18
M0144856,N,19,0,12547.28,1,0,0,3222.62,8972.22,2.02
M0144857,N,69,0,11889.62,0,0,1,1587.93,9413.49,1.28
M0144858,N,66,2,15189.86,1,0,1,2136.87,10012.04,0.3
M0144859,N,25,0,11862.39,0,1,0,1092.62,10289.79,0.0
M0144860,N,23,1,6163.97,0,0,0,979.99,4975.62,1.25
M0144861,N,60,1,16300.07,0,0,0,6016.56,7060.5,2.35
M0144862,N,18,1,7538.2,0,0,0,4008.96,3160.08,0.06
M0144863,Y,74,2,123115.67,1,1,2,65519.32,100205.23,3.8
M0144864,N,72,1,9679.3,0,0,0,2133.25,13273.09,1.6
M0144865,N,39,1,11385.01,0,0,0,1343.39,7870.27,1.3
M0144866,N,34,0,8728.82,0,1,0,1453.95,10448.36,0.0
M0144867,N,52,1,19545.1,0,1,0,1932.78,28688.92,1.3
M0144868,N,68,0,16864.49,0,0,0,8384.99,8782.61,0.04
M0144869,N,61,0,7468.61,0,0,0,669.24,6216.42,0.57
M0144870,N,29,1,6264.08,1,0,0,1325.82,8228.02,1.0
M0144871,Y,49,6,177546.27,4,4,2,91200.36,91164.87,5.8
M0144872,N,60,2,20566.72,0,0,0,6647.31,19196.18,0.76
M0144873,N,73,1,15160.98,0,0,0,2338.46,11319.56,0.0
M0144874,N,21,2,12474.84,0,1,0,11686.99,6981.16,2.59
M0144875,N,31,0,6787.3,0,0,0,1267.71,5780.2,1.04
M0144876,N,70,1,7965.87,0,2,0,4199.48,8732.58,1.73
M0144877,Y,80,2,227302.69,5,2,5,124911.41,110230.61,4.48
M0144878,N,48,1,6289.77,0,1,0,1894.41,5602.34,0.36
M0144879,N,67,1,6517.29,0,0,1,3309.08,8204.44,0.68
M0144880,N,19,0,21158.96,0,1,1,4302.35,12398.23,2.11
M0144881,N,24,2,9122.39,0,0,0,6417.23,5278.04,1.73
M0144882,N,44,1,4396.68,0,0,0,1227.9,6375.31,0.0
M0144883,N,34,0,9626.0,1,0,1,6162.56,4434.98,1.43
M0144884,N,67,0,4062.01,0,1,0,1396.8,5766.17,0.56
M0144885,N,25,0,5367.68,1,1,0,2033.92,2253.77,1.39
M0144886,N,78,0,4601.04,1,1,0,2114.18,6130.48,1.95
M0144887,Y,86,6,244726.88,4,1,5,76515.57,211063.44,4.42
M0144888,N,54,1,2420.26,1,1,0,1457.06,2870.97,0.72
M0144889,N,24,1,5339.2,0,0,1,2862.99,4461.81,0.05
M0144890,N,57,1,5362.93,1,0,0,2416.77,4733.59,1.7
M0144891,N,31,2,9539.05,0,2,0,2799.66,5917.4,0.09
M0144892,N,54,0,8843.99,1,1,0,1941.83,8017.55,1.93
M0144893,N,72,0,4085.51,0,1,0,863.94,4490.13,0.95
M0144894,N,34,1,7876.38,0,2,0,1071.66,13237.58,0.0
M0144895,N,19,2,13829.88,1,2,0,1884.5,11493.21,0.0
M0144896,N,69,0,12248.04,0,0,0,1311.15,9628.53,1.26
M0144897,N,64,1,5905.27,0,1,0,2368.38,6872.23,1.37
M0144898,N,73,0,3723.3,0,0,0,1182.51,3955.05,0.0
M0144899,N,58,1,5538.17,0,0,0,2884.96,4206.49,0.03
M0144900,N,65,1,5553.25,0,0,0,5159.81,3090.71,0.36
M0144901,N,58,1,9476.34,1,1,0,2407.51,14618.75,0.94
M0144902,N,71,1,12457.48,0,0,1,3713.81,16163.31,2.14
M0144903,N,35,2,10734.34,2,0,0,9684.11,5858.54,0.92
M0144904,N,21,1,5444.72,1,0,0,2076.48,6367.07,0.68
M0144905,N,53,1,24990.83,0,0,0,2257.7,18275.05,0.0
M0144906,N,35,3,16041.31,2,3,2,8632.02,17587.18,1.36
M0144907,N,54,1,11566.64,0,0,2,1315.68,14082.77,1.47
M0144908,N,18,0,15392.57,0,0,0,1726.41,19971.39,1.86
M0144909,N,50,1,16230.59,0,1,1,3333.95,10571.12,2.09
M0144910,N,48,1,6838.07,0,1,2,1384.94,6244.58,2.02
M0144911,N,55,2,6788.61,1,1,0,807.64,9720.88,0.28
M0144912,N,38,1,15217.73,2,2,2,4817.04,20489.37,2.78
M0144913,N,31,2,16957.83,0,0,0,5910.25,16315.36,2.05
M0144914,N,62,1,7139.68,1,0,0,3901.44,2197.41,0.05
M0144915,N,77,0,10050.68,1,0,0,2508.34,7771.64,0.59
M0144916,N,26,1,13969.13,0,1,0,519.07,12075.57,1.5
M0144917,N,28,1,7831.18,0,1,1,2805.06,6041.77,0.83
M0144918,N,76,3,1483.23,0,0,1,698.09,1020.99,1.59
M0144919,N,48,0,7369.49,0,0,0,261.9,5891.28,1.06
M0144920,N,74,2,11837.56,0,0,0,2846.9,6909.78,1.03
M0144921,N,71,0,9078.03,0,0,1,4118.47,7098.54,1.46
M0144922,N,22,1,16585.67,0,0,0,6400.83,10146.44,1.84
M0144923,N,65,0,5836.29,0,2,0,2294.65,6926.45,1.0
M0144924,N,64,0,14725.45,0,2,0,2767.12,12438.97,1.49
M0144925,N,79,1,23857.05,1,0,0,13513.63,14066.29,1.06
M0144926,N,24,1,3585.79,0,1,0,446.87,3015.97,1.97
M0144927,N,43,0,13124.88,0,0,0,3117.25,16043.2,0.19
M0144928,N,52,1,10057.21,0,1,0,1774.85,11515.43,0.82
M0144929,N,76,1,7402.99,0,2,0,2866.44,3474.24,2.12
M0144930,N,26,1,15160.51,0,0,1,6792.48,16995.54,3.02
M0144931,N,20,0,4997.77,0,1,1,2286.02,4213.55,0.89
M0144932,Y,85,5,290289.03,4,5,1,164570.76,102421.0,5.37
M0144933,N,56,0,3414.11,1,1,0,869.7,3412.28,0.0
M0144934,N,59,0,5669.61,0,0,1,842.89,5101.7,0.8
M0144935,N,75,2,18888.0,0,0,1,4880.9,25232.45,2.32
M0144936,N,67,1,10282.52,0,0,1,5204.01,5018.33,0.0
M0144937,N,55,2,11565.33,1,2,0,2348.09,10146.98,1.19
M0144938,N,77,0,12386.96,0,1,0,1396.78,13823.09,0.63
M0144939,N,39,0,13232.71,0,1,0,3451.57,10720.47,0.46
M0144940,N,45,0,26132.74,0,1,1,2509.15,20594.29,1.52
M0144941,N,36,3,7219.34,0,0,0,1590.98,10788.8,1.64
M0144942,N,24,1,6731.65,0,0,0,1776.46,7499.53,0.89
M0144943,N,46,1,16478.15,0,0,0,5173.09,12553.97,0.89
M0144944,N,57,2,6366.23,0,1,1,2833.07,2342.88,1.37
M0144945,N,40,1,18942.41,0,0,0,4894.95,15115.84,0.97
M0144946,N,25,2,20402.98,1,2,1,13499.28,20240.57,1.83
M0144947,N,19,3,22410.47,0,0,0,2886.32,20787.88,2.49
M0144948,N,72,1,7610.05,0,0,0,2934.52,5561.47,0.57
M0144949,N,24,0,8673.51,0,0,0,1899.19,9405.17,0.61
M0144950,N,24,0,7674.4,0,1,0,2486.24,5985.93,0.89
M0144951,Y,84,8,171835.94,3,4,2,42137.95,181620.84,5.39
M0144952,N,56,0,11206.34,0,1,0,8434.39,3750.51,1.23
M0144953,N,58,2,4151.03,2,0,0,1305.02,4898.96,1.65
M0144954,N,43,2,2797.99,0,0,0,290.57,2523.6,0.87
M0144955,N,28,1,12449.84,0,2,0,1732.36,9925.56,0.65
M0144956,Y,76,7,158414.27,2,4,5,124533.8,91588.77,6.25
M0144957,N,25,0,3635.66,0,0,0,2521.69,3421.99,1.35
M0144958,N,43,0,5553.93,0,1,1,1814.64,3244.47,0.61
M0144959,N,67,2,46478.9,0,2,0,23894.99,16342.52,1.42
M0144960,N,68,0,15475.81,0,2,0,3173.94,12780.72,1.31
M0144961,N,44,0,3300.67,0,1,0,1129.04,4348.07,0.34
M0144962,N,74,0,19556.19,1,0,1,3400.46,19134.99,0.0
M0144963,N,45,0,14252.08,0,1,0,3448.5,9199.63,0.64
M0144964,N,40,2,16577.99,0,0,0,7007.83,7460.91,2.17
M0144965,N,64,0,7918.29,0,0,2,4399.49,7598.51,0.61
M0144966,N,69,1,20255.14,0,0,1,2197.69,19697.18,1.39
M0144967,N,64,3,7482.06,1,1,0,3687.74,6030.98,1.26
M0144968,N,37,1,15564.05,0,0,0,6474.58,10127.39,1.18
M0144969,N,45,1,19486.97,0,1,1,10027.29,9204.08,0.32
M0144970,N,79,1,20255.12,1,0,0,2891.29,19559.52,2.16
M0144971,N,51,0,4350.98,0,1,0,1811.62,5815.71,1.99
M0144972,N,45,0,7279.96,0,0,0,1500.69,7096.23,0.66
M0144973,N,43,0,5667.3,0,1,0,1599.81,5102.28,1.86
M0144974,N,50,1,1727.77,0,0,0,659.69,1815.6,1.33
M0144975,N,75,1,8735.64,0,1,1,2174.5,10361.06,0.94
M0144976,N,62,0,8981.06,0,1,1,2962.47,4496.74,0.92
M0144977,N,36,1,10392.23,0,0,0,2548.33,7980.4,0.0
M0144978,N,36,2,19369.32,0,2,2,17645.08,10217.21,2.38
M0144979,N,33,2,12141.24,0,2,0,2998.91,8409.34,2.74
M0144980,N,25,0,22012.41,0,1,0,3444.56,17778.12,1.56
M0144981,N,33,0,16554.72,0,0,0,1746.34,12393.31,0.51
M0144982,N,59,0,10546.72,1,1,0,5970.76,5126.69,0.0
M0144983,N,44,0,20445.56,0,1,0,6280.49,12688.93,0.91
M0144984,N,28,1,12116.15,0,0,0,3289.51,8125.12,0.96
M0144985,N,37,1,17214.22,0,2,1,4884.68,15554.88,1.36
M0144986,N,47,2,14326.96,1,2,0,4661.65,12963.32,1.64
M0144987,N,76,1,18652.93,0,2,2,5535.52,9351.5,0.07
M0144988,Y,74,4,185725.55,2,4,3,66238.21,137721.7,2.72
M0144989,N,47,0,16291.26,1,3,1,7285.58,15118.96,2.08
M0144990,N,60,1,4342.87,0,0,0,592.47,5073.11,0.12
M0144991,N,65,0,11271.54,0,1,0,4510.69,4384.55,0.9
M0144992,N,24,0,4986.59,0,0,0,2225.01,2838.55,0.0
M0144993,N,48,0,56512.44,0,1,0,2453.24,64457.35,1.01
M0144994,N,29,2,5644.71,0,0,0,1063.68,4695.93,1.48
M0144995,N,58,2,18969.5,1,2,0,9555.4,5274.48,1.86
M0144996,N,21,2,9480.23,0,1,0,5139.68,4366.09,0.48
M0144997,N,68,1,8959.74,1,0,0,1333.37,5880.65,0.76
M0144998,N,45,0,6510.84,0,0,0,1609.63,4857.02,0.73
M0144999,N,42,0,9161.17,1,1,0,3323.02,4449.21,0.84
M0145000,N,49,0,6219.72,0,0,0,2601.9,3761.56,0.81
M0145001,N,57,1,14534.2,0,2,0,6280.17,9419.52,0.84
M0145002,N,43,2,6665.12,0,2,0,2749.78,7985.05,0.1
M0145003,N,31,0,4243.87,0,0,2,997.31,3241.82,1.71
M0145004,N,43,0,28813.87,0,2,1,4688.31,21090.68,1.26
M0145005,N,47,1,23531.79,0,2,0,2277.13,17517.72,1.31
M0145006,N,36,3,26009.92,0,1,2,10957.46,25378.85,0.34
M0145007,N,61,1,3918.67,1,1,1,1192.46,3569.58,1.56
M0145008,N,48,3,26991.88,1,1,0,5070.52,19067.94,2.27
M0145009,N,51,1,9021.11,1,2,0,2900.4,4334.46,1.9
M0145010,N,39,2,5769.94,0,2,0,1941.3,4834.67,0.71
M0145011,N,44,3,10050.51,0,0,0,3743.1,4457.26,0.7
M0145012,N,62,1,17029.17,0,0,0,7062.13,7723.4,2.29
M0145013,N,77,0,4520.84,0,1,0,907.81,5112.14,0.87
M0145014,N,57,1,26086.83,1,0,0,2871.68,32508.91,0.18
M0145015,N,69,1,6128.08,0,2,0,1679.92,8086.08,2.67
M0145016,N,46,0,12444.33,1,0,1,3664.71,10885.93,2.73
M0145017,N,77,0,13027.78,0,0,0,4532.24,8122.21,2.27
M0145018,N,32,1,11814.59,0,1,0,6242.85,10115.91,1.49
M0145019,N,46,0,16807.5,0,0,0,7663.94,7175.88,0.04
M0145020,N,63,1,3307.53,1,2,0,1866.01,3177.21,0.46
M0145021,N,35,1,7958.97,2,0,0,673.83,8292.27,0.33
M0145022,N,36,1,13852.19,0,2,0,1032.3,10121.15,1.26
M0145023,N,68,1,16774.67,0,1,1,6849.16,16637.72,1.53
M0145024,N,52,1,16693.2,1,1,1,3709.57,22723.53,1.17
M0145025,N,32,1,10743.37,0,0,0,3117.3,8778.01,0.37
M0145026,N,72,2,29040.16,2,1,0,12102.47,13922.76,2.05
M0145027,N,59,2,5874.54,0,1,1,1090.07,3644.06,0.51
M0145028,N,18,1,6569.02,1,0,0,511.49,5019.27,0.35
M0145029,N,33,1,7831.78,0,2,1,3713.95,3109.67,0.74
M0145030,N,65,0,5874.14,0,2,0,935.78,4231.3,3.09
M0145031,N,40,2,37132.31,0,1,0,3017.32,34485.42,2.11
M0145032,N,72,0,6964.24,1,0,0,2315.52,8442.48,1.25
M0145033,N,36,0,11038.52,0,1,0,1761.5,7773.91,0.2
M0145034,N,37,1,10782.16,0,1,0,8725.95,7257.85,2.0
M0145035,N,69,1,14029.32,1,1,1,3664.21,7955.64,2.83
M0145036,N,54,0,13386.38,0,0,0,8250.13,2847.57,2.29
M0145037,Y,51,5,268362.37,2,3,1,134360.54,111106.89,3.61
M0145038,N,50,1,11494.51,0,2,0,3554.22,10046.52,1.31
M0145039,N,34,1,30245.05,0,1,0,13058.03,28877.31,2.38
M0145040,N,29,2,17434.09,0,1,0,9014.19,7117.05,1.56
M0145041,N,52,1,5872.64,1,0,0,713.69,7589.87,0.71
M0145042,N,19,0,5877.41,2,0,0,2152.74,8305.45,0.31
M0145043,N,55,3,7310.35,0,1,0,3655.02,4473.99,0.0
M0145044,N,67,1,5782.96,0,0,0,1856.9,3714.53,0.26
M0145045,N,64,0,15948.68,0,0,0,5666.63,8731.1,1.24
M0145046,N,66,1,15897.04,1,0,0,1137.11,12394.64,0.2
M0145047,N,72,1,7905.67,1,0,0,1180.36,8725.02,0.0
M0145048,N,58,1,6757.48,0,0,1,1932.96,5096.13,0.89
M0145049,N,62,0,10714.67,0,1,0,991.05,11046.38,1.45
M0145050,N,20,1,23183.68,1,3,0,14240.36,13929.52,0.88
M0145051,N,22,1,55157.38,0,1,0,11811.46,40097.58,0.38
M0145052,N,75,1,11148.09,2,0,0,3040.99,12051.52,0.97
M0145053,N,42,2,12148.23,0,1,0,3046.8,17552.61,2.11
M0145054,Y,42,5,169746.3,3,4,4,59227.51,123458.74,3.53
M0145055,N,35,0,22513.01,1,1,1,14683.33,15998.96,0.86
M0145056,N,73,0,8445.52,0,0,0,1430.01,8219.08,1.72
M0145057,N,64,0,21688.36,0,0,0,1795.0,19147.94,1.68
M0145058,N,48,2,4223.18,0,2,0,1803.36,3640.27,0.0
M0145059,N,36,1,10542.53,1,0,0,1753.31,6915.86,1.15
M0145060,N,23,1,47655.42,0,1,0,21085.34,31622.92,1.76
M0145061,N,35,3,18039.46,0,0,0,2805.95,15293.31,1.09
M0145062,N,79,1,9473.0,0,4,0,1327.59,13306.55,1.31
M0145063,N,75,1,9952.62,0,1,0,2385.47,5398.4,1.16
M0145064,N,76,1,12161.87,0,0,0,2889.27,18050.8,1.17
M0145065,N,32,1,6103.87,0,0,0,627.85,9779.06,0.33
M0145066,N,35,2,20430.4,0,0,0,3254.16,14978.8,0.78
M0145067,N,28,3,15620.65,0,1,0,2988.4,16074.09,2.01
M0145068,N,44,0,19137.46,1,2,0,1269.65,16662.06,0.63
M0145069,N,21,2,12441.15,0,2,0,6404.96,8814.54,0.85
M0145070,N,65,2,7573.54,0,1,0,1542.61,4818.34,0.95
M0145071,N,55,1,9069.78,1,0,0,3101.13,4871.19,1.17
M0145072,N,62,2,3731.12,0,0,0,1699.47,4405.81,0.35
M0145073,N,65,0,11309.83,0,0,0,2227.95,8757.59,1.55
M0145074,N,31,1,5928.29,1,0,0,2732.16,3156.13,0.87
M0145075,N,20,1,15204.81,0,0,0,931.16,11485.16,0.48
M0145076,N,60,0,7791.05,0,1,1,2540.07,3729.28,1.06
M0145077,N,39,1,15722.71,0,0,2,3040.96,12164.63,2.17
M0145078,N,50,0,3176.19,0,1,0,2654.79,2781.24,0.26
M0145079,N,34,2,22172.09,0,0,0,4917.56,14005.9,2.16
M0145080,N,31,0,10126.19,0,1,0,5380.75,3407.76,0.0
M0145081,Y,54,2,89559.79,2,4,1,76068.64,35988.94,3.44
M0145082,N,35,0,8703.51,0,0,0,1225.54,5775.31,0.71
M0145083,N,20,0,13060.7,0,0,0,2269.81,8170.86,0.26
M0145084,N,60,2,25746.08,0,1,0,3322.87,17783.75,1.02
M0145085,N,31,0,12930.47,0,3,0,2417.85,12497.13,2.01
M0145086,N,22,1,7698.87,0,1,0,1242.1,5504.17,0.59
M0145087,N,43,3,25054.43,0,0,0,14744.36,14645.19,2.87
M0145088,N,30,0,7606.21,1,0,0,661.75,7859.13,1.23
M0145089,N,29,2,21364.31,0,0,2,1371.29,21180.77,1.01
M0145090,N,61,1,17001.57,1,1,0,7441.74,13047.38,0.3
M0145091,N,41,3,25433.06,0,1,1,711.52,23319.16,1.78
M0145092,N,64,1,8901.72,0,0,0,478.88,12869.99,2.16
M0145093,N,43,0,5044.01,1,2,0,3097.05,2167.18,1.07
M0145094,Y,78,5,100045.85,3,1,1,50665.31,89747.26,3.89
M0145095,N,52,0,11561.25,0,1,0,3940.52,7134.77,1.51
M0145096,Y,84,4,187249.59,1,3,3,83407.28,95599.22,4.84
M0145097,N,33,0,5930.88,0,2,2,3326.23,2933.95,1.6
M0145098,N,30,1,5094.15,0,0,0,4209.22,2315.5,0.0
M0145099,N,60,1,19020.11,0,3,0,2003.39,15279.63,1.01
M0145100,N,53,1,4771.73,0,0,1,2480.63,3248.29,0.0
M0145101,N,48,0,4094.37,0,1,0,772.76,2922.43,1.38
M0145102,N,80,1,7740.25,0,3,0,2120.48,5691.57,0.98
M0145103,N,55,1,4357.32,0,1,1,929.97,4119.65,1.34
M0145104,N,75,0,19067.31,0,0,1,14556.73,17391.21,0.96
M0145105,N,25,1,8425.04,0,1,0,1581.79,11697.16,1.54
M0145106,N,67,1,5410.55,0,0,0,4389.33,3898.9,0.4
M0145107,N,19,0,17029.14,0,0,0,9245.6,4219.59,1.0
M0145108,N,58,1,19991.79,0,0,0,4006.6,14266.27,0.48
M0145109,N,19,0,11035.69,1,0,0,5297.3,5698.73,0.04
M0145110,N,54,3,16095.39,0,2,0,3906.37,8859.29,0.87
M0145111,N,64,0,10716.22,0,0,1,3630.97,9279.69,1.62
M0145112,N,26,1,4655.69,0,0,1,1401.69,4914.76,1.18
M0145113,N,72,3,29899.28,0,1,1,21829.71,18369.49,1.26
M0145114,N,34,0,3834.41,0,0,0,1718.78,2324.51,0.86
M0145115,N,73,2,10595.07,1,1,0,1772.48,10146.94,0.51
M0145116,N,78,0,14250.68,0,1,1,2654.54,10722.16,1.6
M0145117,N,28,3,11510.95,0,2,1,3702.84,8890.96,1.85
M0145118,N,57,0,2882.94,0,0,1,1598.67,2612.61,1.2
M0145119,N,55,1,27188.03,1,1,0,5636.57,27364.44,3.16
M0145120,N,58,1,4857.83,0,1,0,1657.68,3745.76,0.0
M0145121,N,22,3,13713.4,0,2,2,3756.23,19535.48,2.1
M0145122,N,34,3,18457.31,0,1,1,5745.53,11701.23,1.82
M0145123,N,42,0,7763.82,0,0,1,2425.91,6239.71,0.0
M0145124,N,63,1,15303.55,1,1,0,3226.1,16654.41,0.31
M0145125,N,54,1,13565.31,0,0,0,3838.62,18051.35,0.31
M0145126,Y,61,3,264866.1,3,5,2,100278.73,185560.02,5.3
M0145127,N,50,2,14483.02,0,2,1,5927.15,9006.35,2.67
M0145128,N,58,1,9920.73,0,1,2,839.84,12283.63,0.21
M0145129,N,60,0,39268.05,0,0,0,6529.78,27541.86,0.54
M0145130,N,75,2,15313.9,0,0,0,10970.11,2290.0,0.52
M0145131,N,34,0,18032.92,0,1,0,2659.54,16947.74,2.07
M0145132,N,71,1,15588.55,0,1,0,8791.66,5023.84,1.3
M0145133,Y,53,5,165811.8,1,1,3,39598.76,130270.9,3.49
M0145134,N,22,1,29984.85,1,0,0,10113.44,23934.78,1.48
M0145135,N,49,4,7042.78,0,2,1,5111.76,7595.2,1.63
M0145136,N,58,1,14058.35,0,1,0,2447.53,14048.36,1.39
M0145137,N,44,0,4700.68,0,0,1,904.6,5144.23,0.83
M0145138,N,59,2,15656.65,0,0,0,2137.66,15391.1,0.96
M0145139,N,43,1,13923.0,0,0,1,1214.14,13701.03,1.06
M0145140,N,33,1,19440.1,0,0,0,297.29,16431.59,1.18
M0145141,N,66,0,15701.6,0,1,0,4885.07,8712.37,0.89
M0145142,N,26,2,8426.35,1,1,2,1009.72,12711.79,2.01
M0145143,N,47,0,2197.09,0,1,0,724.78,1862.22,1.06
M0145144,N,34,0,15911.78,0,1,0,2144.81,18053.6,0.28
M0145145,N,48,1,7746.21,0,1,1,2709.93,4555.54,0.53
M0145146,N,33,0,8881.56,0,0,0,4302.01,5445.93,0.78
M0145147,N,50,1,13785.25,0,0,0,3967.59,11122.17,3.6
M0145148,N,71,2,11381.23,1,1,0,1740.11,12910.68,0.95
M0145149,N,51,1,12801.02,1,0,0,14772.29,6736.05,2.61
M0145150,N,72,1,11150.39,0,1,1,2268.85,12502.62,1.9
M0145151,N,67,1,15380.28,0,0,0,6286.26,9866.92,1.09
M0145152,N,21,4,25577.32,1,1,0,11422.58,13188.99,1.19
M0145153,N,52,0,7363.95,0,0,0,1203.09,7170.86,1.62
M0145154,N,71,1,3714.44,0,0,0,964.74,3319.73,0.0
M0145155,N,65,2,7793.47,0,1,0,1207.27,6056.74,0.49
M0145156,N,21,2,7777.5,0,2,0,4260.87,2706.28,1.48
M0145157,N,58,2,6518.55,0,0,0,516.53,5246.2,0.5
M0145158,N,61,1,15300.56,0,2,1,4948.14,7109.86,0.0
M0145159,N,54,0,11575.07,0,0,0,4238.93,8460.85,2.15
M0145160,N,29,1,15980.56,0,2,0,3030.61,10440.57,0.0
M0145161,N,66,3,4463.08,0,1,0,1656.13,5098.23,1.56
M0145162,N,76,3,13546.52,0,0,0,4468.01,14651.71,2.38
M0145163,N,54,0,3252.54,0,1,0,942.76,3467.87,0.27
M0145164,N,49,2,9669.95,0,1,0,3544.18,9055.79,1.34
M0145165,N,78,1,4387.93,0,0,1,1338.48,3243.86,0.57
M0145166,N,71,0,15474.98,0,1,1,797.31,11430.3,0.3
M0145167,N,24,1,1705.87,0,0,0,943.53,956.14,0.0
M0145168,N,20,2,20793.32,0,0,0,7055.26,12832.25,1.11
M0145169,N,57,0,7069.55,0,0,0,2043.34,7609.1,0.88
M0145170,N,32,0,10333.87,0,1,0,1833.94,7597.69,0.0
M0145171,N,46,0,18779.77,0,1,0,8212.78,11375.84,1.3
M0145172,N,52,3,4595.2,0,0,0,2448.42,5335.99,0.48
M0145173,N,20,0,24898.63,0,1,0,3050.46,18353.92,2.13
M0145174,N,37,2,18293.57,0,0,0,12220.54,13843.63,2.2
M0145175,N,74,0,8930.05,0,1,1,1400.83,10022.88,1.08
M0145176,Y,76,4,600912.13,6,4,6,391884.9,226793.83,6.3
M0145177,Y,70,4,395893.94,3,1,3,247794.9,82610.86,4.39
M0145178,N,69,1,9666.26,0,1,0,1035.45,8836.63,0.35
M0145179,N,46,1,27821.12,0,1,0,15699.86,9315.31,1.01
M0145180,N,73,2,12962.14,0,0,0,4529.82,8761.97,0.0
M0145181,N,48,3,12149.58,1,1,0,1497.81,11016.01,1.58
M0145182,N,19,2,35666.44,1,2,0,3440.57,28637.94,3.06
M0145183,N,37,0,12814.82,1,1,0,1953.24,19200.38,1.8
M0145184,N,78,0,7689.03,0,2,0,6274.61,4976.62,1.34
M0145185,N,39,0,12282.84,0,0,1,4896.89,5977.72,1.33
M0145186,N,73,1,15224.09,0,0,0,4801.38,9439.1,1.62
M0145187,N,38,0,7659.18,0,1,0,2828.3,9502.24,1.97
M0145188,N,70,0,5853.38,0,0,0,1464.69,5484.14,1.93
M0145189,N,76,0,10288.88,1,0,0,733.36,7901.94,0.0
M0145190,N,25,1,9981.42,0,2,0,4301.42,9637.67,0.15
M0145191,N,53,1,17675.56,1,0,1,5298.92,9874.65,1.48
M0145192,N,31,1,26799.58,0,0,0,4466.15,17102.93,0.52
M0145193,N,37,2,22574.39,0,1,1,7427.35,23292.89,1.93
M0145194,N,50,0,10969.83,0,2,1,1539.58,10618.97,2.42
M0145195,N,44,0,20342.73,0,1,0,1921.63,25717.35,1.41
M0145196,N,45,1,15131.57,0,2,1,1697.0,18119.32,1.44
M0145197,N,31,0,13105.44,0,0,1,544.04,9971.67,0.02
M0145198,N,30,0,16945.8,0,0,0,5674.07,8659.11,0.0
M0145199,N,39,2,10501.35,0,1,0,2856.33,11809.03,0.8
M0145200,N,40,0,7237.18,1,0,0,1955.36,5848.18,1.92
M0145201,N,76,0,4869.82,0,0,0,929.71,5932.9,2.7
M0145202,N,62,3,10727.55,0,0,1,2676.25,14119.86,1.72
M0145203,N,31,0,4212.69,0,0,1,1740.85,4554.8,1.1
M0145204,N,34,0,4371.21,1,0,0,837.17,2822.33,1.37
M0145205,N,27,2,11225.39,1,0,0,6046.83,6088.3,2.73
M0145206,N,42,0,9337.29,1,1,0,3279.4,7520.61,0.66
M0145207,N,51,0,3873.47,0,0,0,1382.84,3392.8,1.2
M0145208,Y,79,5,146005.71,2,2,5,43536.41,121679.32,4.03
M0145209,Y,61,5,157994.86,3,1,4,34655.53,109511.74,4.55
M0145210,N,35,0,14442.1,2,0,1,5157.28,8192.27,0.85
M0145211,N,79,0,5848.88,0,0,0,2047.19,6729.55,1.72
M0145212,N,51,1,22540.63,0,1,1,5247.47,14408.82,3.78
M0145213,N,26,0,7306.27,0,0,0,3111.22,4396.47,2.32
M0145214,N,59,2,7757.75,0,1,1,3591.26,3737.48,1.84
M0145215,N,61,2,49239.65,1,2,1,30401.14,23516.82,2.67
M0145216,N,18,0,14773.56,0,2,0,3024.84,9847.79,0.49
M0145217,N,77,1,7649.29,0,1,0,404.6,11599.63,0.85
M0145218,N,23,1,15793.75,0,4,1,8798.82,16208.61,2.71
M0145219,N,48,2,8193.35,0,1,0,1266.73,8431.25,0.34
M0145220,N,38,0,5503.3,0,0,0,1851.13,5841.97,0.0
M0145221,N,54,2,6280.33,0,0,0,4982.64,6323.0,1.72
M0145222,N,19,3,24691.18,0,1,0,2737.57,18466.76,1.9
M0145223,N,71,2,18028.12,0,1,0,6117.24,16331.64,2.06
M0145224,N,69,2,5775.93,0,2,0,1139.89,8911.57,1.61
M0145225,N,72,0,19942.08,1,2,1,3370.94,14451.37,0.62
M0145226,N,29,1,6447.71,0,0,1,682.49,7127.56,2.88
M0145227,N,58,0,26378.5,1,0,0,10372.75,14689.28,1.55
M0145228,N,76,0,7677.21,0,0,0,5709.62,7631.03,1.28
M0145229,N,30,1,21883.81,0,0,0,2824.37,16729.79,0.61
M0145230,N,50,0,14843.87,1,2,0,9380.54,7246.72,1.89
M0145231,N,61,0,15134.73,0,2,0,9737.97,16219.11,1.82
M0145232,N,23,0,5782.04,0,1,0,1155.31,4162.8,1.42
M0145233,N,63,1,7892.96,1,0,0,2576.79,4773.49,1.78
M0145234,N,23,1,15830.91,0,0,0,2597.46,22546.31,1.22
M0145235,N,23,1,11346.98,0,2,2,4922.18,7126.59,2.08
M0145236,N,44,2,26524.89,0,0,1,6395.99,15683.3,1.38
M0145237,N,44,2,12943.95,0,2,0,5057.27,12840.7,0.33
M0145238,N,80,2,7059.96,0,1,0,3802.79,4911.21,0.19
M0145239,N,59,2,16032.1,2,0,2,2086.55,11792.49,3.13
M0145240,N,41,2,2717.18,0,0,0,503.94,3703.23,1.84
M0145241,N,49,2,21191.49,1,2,1,6572.72,21978.22,1.65
M0145242,N,76,2,12939.46,0,0,0,4245.27,11016.66,1.58
M0145243,N,76,1,10034.36,1,0,0,2121.36,9408.09,0.22
M0145244,N,49,2,18169.26,0,2,0,5688.47,23359.97,1.41
M0145245,N,29,0,5525.55,0,0,0,3303.75,3233.09,0.0
M0145246,N,25,0,5891.57,0,1,0,5570.72,2161.13,1.49
M0145247,N,78,3,29666.35,0,0,0,4859.06,35130.76,1.28
M0145248,N,67,2,12231.13,0,1,0,4526.87,12109.11,2.55
M0145249,N,55,1,12175.08,0,0,0,1892.31,11915.86,0.33
M0145250,N,58,0,12642.57,0,0,0,3286.37,12093.64,0.0
M0145251,N,80,0,12053.51,0,0,0,4174.22,17400.11,0.0
M0145252,N,50,1,8913.9,0,0,0,1860.97,10834.74,1.3
M0145253,N,55,2,3938.51,0,0,0,1390.57,3839.69,1.79
M0145254,N,79,2,10667.75,0,1,0,1402.34,7464.55,1.76
M0145255,N,46,0,5581.04,1,1,0,2402.61,4630.77,2.16
M0145256,N,79,1,6304.19,0,0,0,1950.31,4776.42,0.88
M0145257,N,28,0,5778.61,0,0,0,1665.89,4118.15,0.63
M0145258,N,39,1,30625.71,1,2,0,3199.75,22398.69,1.43
M0145259,N,60,2,3084.0,0,0,0,1501.17,1727.79,0.0
M0145260,N,61,0,14860.13,1,0,0,2867.06,14981.33,2.09
M0145261,N,80,4,10109.26,1,1,2,7069.28,9718.98,1.81
M0145262,N,71,0,25136.22,0,2,0,2774.23,18561.32,0.27
M0145263,N,75,2,6350.28,0,0,0,912.11,5788.08,1.28
M0145264,N,72,0,11123.8,0,0,0,10056.44,4035.75,0.0
M0145265,N,59,1,5113.13,0,0,0,2130.43,6626.32,1.32
M0145266,N,32,2,12120.66,0,1,0,4324.02,7373.9,1.22
M0145267,N,51,1,5151.47,0,0,0,1042.83,3936.71,0.57
M0145268,N,45,1,38290.53,1,1,0,16257.2,22954.76,0.51
M0145269,N,32,2,11620.95,0,0,1,5058.91,13358.32,2.01
M0145270,N,66,2,10998.81,0,1,0,6800.16,4925.91,0.78
M0145271,N,71,1,6017.15,0,1,0,504.09,4725.84,2.89
M0145272,N,32,0,10686.29,1,1,1,973.34,8058.93,1.44
M0145273,N,62,1,7864.64,0,0,0,2231.08,4281.16,0.58
M0145274,N,80,0,9037.06,0,0,1,4766.99,5651.34,1.11
M0145275,Y,71,4,96964.48,3,4,1,46801.21,77385.58,3.32
M0145276,Y,40,5,229086.32,3,6,4,163103.19,160036.07,4.5
M0145277,N,29,1,7921.88,0,0,0,2719.58,5484.13,0.0
M0145278,N,64,0,7838.12,0,1,0,4324.88,8963.94,1.22
M0145279,N,37,1,12665.15,0,2,0,1790.1,14582.6,2.26
M0145280,N,73,0,2818.3,1,0,0,1579.37,2722.41,1.4
M0145281,N,60,1,7358.55,0,0,0,6209.06,6464.39,1.48
M0145282,N,23,0,20447.24,0,1,0,3447.08,15441.75,2.92
M0145283,N,66,0,10465.04,1,2,2,2725.2,10797.16,2.07
M0145284,N,38,1,7232.37,0,2,0,2208.76,4245.69,0.62
M0145285,N,27,3,15842.27,0,0,0,1967.3,14480.78,1.43
M0145286,N,56,0,33069.55,0,1,0,12660.01,24899.62,1.63
M0145287,N,30,2,8071.93,0,1,1,5992.76,5319.35,1.58
M0145288,N,24,0,8782.83,0,2,1,1722.91,5822.27,1.19
M0145289,N,44,1,3163.81,0,0,0,808.71,4427.24,0.0
M0145290,N,76,1,10717.77,0,1,0,10934.48,5545.69,0.86
M0145291,N,73,0,8697.93,0,0,0,1622.54,8679.46,1.43
M0145292,N,39,0,7863.22,0,0,0,839.97,7865.67,0.34
M0145293,N,45,0,4162.67,0,2,0,4406.53,1872.19,2.34
M0145294,N,76,0,13995.06,1,0,1,3005.3,10117.0,0.28
M0145295,N,68,0,6770.47,0,0,0,1628.67,8987.29,2.61
M0145296,N,63,2,3313.26,0,0,0,2057.85,2219.29,0.76
M0145297,N,74,0,10956.56,0,2,0,3094.23,12970.64,1.85
M0145298,N,70,0,18474.21,1,1,0,950.76,29944.63,2.33
M0145299,N,47,0,16750.16,0,0,0,3090.38,16969.59,1.08
M0145300,N,66,0,14412.09,0,0,0,9518.18,7376.3,1.12
M0145301,N,74,1,8427.37,0,2,0,2453.47,6495.64,0.12
M0145302,N,22,0,6900.4,0,1,0,1967.2,6036.84,0.0
M0145303,N,48,0,7046.59,0,0,1,1117.89,5853.6,1.4
M0145304,N,68,0,10253.78,0,0,0,1276.49,6867.23,0.39
M0145305,N,26,0,15056.68,0,2,1,5132.72,7156.72,1.37
M0145306,N,40,1,8545.06,0,0,0,4020.26,8613.96,0.97
M0145307,N,37,2,6700.39,0,0,1,1592.43,8107.17,0.0
M0145308,N,58,0,8016.41,0,1,0,1136.77,8859.57,0.78
M0145309,N,47,2,15468.18,1,0,0,6122.11,8333.46,1.92
M0145310,N,65,1,7792.56,0,0,0,3535.69,6581.02,0.57
M0145311,N,42,1,9033.49,0,0,0,1326.99,12900.85,0.0
M0145312,N,36,2,16188.97,0,0,0,9197.77,9226.82,2.1
M0145313,Y,37,6,167558.45,1,5,4,84206.31,114338.74,3.08
M0145314,N,32,0,11750.04,0,0,1,989.34,9508.17,0.0
M0145315,N,62,1,10137.61,0,0,0,928.97,10886.01,0.91
M0145316,N,34,0,2444.58,0,0,1,867.25,2559.45,0.87
M0145317,N,77,0,3317.07,0,0,0,969.07,2110.59,0.18
M0145318,N,77,1,13614.81,0,2,1,5520.57,12644.52,1.4
M0145319,N,52,1,24778.46,1,1,0,6847.95,15656.83,0.51
M0145320,N,21,0,15898.96,1,1,1,4911.06,10382.27,1.22
M0145321,N,21,0,1552.87,0,0,1,1163.13,1467.18,0.48
M0145322,N,77,1,16000.84,1,1,1,4000.79,12460.91,1.42
M0145323,Y,50,9,164239.07,4,4,2,86549.36,103202.91,3.91
M0145324,N,61,1,10426.86,0,0,0,2127.14,6267.79,2.18
M0145325,N,36,0,29031.52,0,1,0,7488.43,20672.15,1.92
M0145326,N,73,0,10153.6,0,0,1,5946.12,3360.14,0.96
M0145327,N,55,1,3768.23,0,0,1,693.42,4784.13,0.58
M0145328,N,62,1,8715.43,1,0,0,4915.66,2429.31,2.96
M0145329,N,69,1,17580.53,1,1,1,6450.47,9787.01,0.64
M0145330,N,79,2,13552.69,1,0,1,8099.17,13718.69,1.25
M0145331,N,39,1,5104.49,1,2,0,1414.47,4518.6,1.59
M0145332,N,31,0,9542.07,1,1,1,2036.29,12443.74,0.26
M0145333,N,48,0,26347.47,0,1,0,4463.83,23348.89,2.0
M0145334,N,66,3,5183.45,0,1,0,2603.46,4607.36,0.19
M0145335,N,33,1,15100.04,0,0,0,2902.87,10471.2,2.19
M0145336,N,27,1,7175.03,0,0,0,984.42,4633.09,0.27
M0145337,N,63,0,4240.89,0,1,1,2112.27,4168.34,0.0
M0145338,N,22,0,11246.93,1,2,0,2102.61,17246.58,2.28
M0145339,N,77,0,5509.01,0,0,0,1945.39,2963.34,2.0
M0145340,N,26,0,2824.54,0,1,0,823.93,2916.24,0.29
M0145341,N,29,0,2566.88,0,1,1,848.23,1322.04,0.45
M0145342,N,51,1,7089.68,0,0,1,5838.83,3761.64,0.25
M0145343,N,18,0,3981.19,0,2,0,822.03,4567.43,0.24
M0145344,N,73,1,5525.33,0,1,0,2112.38,5504.12,1.28
M0145345,N,42,2,8066.18,0,1,0,778.03,7001.5,0.28
M0145346,N,51,1,25766.03,1,0,1,13090.45,19180.87,1.76
M0145347,N,67,1,48453.75,0,0,1,9148.98,44517.17,2.76
M0145348,N,49,1,12097.05,0,1,0,3489.19,14706.63,1.75
M0145349,N,52,2,20731.44,1,0,0,2852.15,19112.48,1.57
M0145350,N,64,1,2624.71,0,1,0,676.3,3536.85,2.45
M0145351,N,43,1,9434.17,0,0,0,5329.62,2578.78,1.08
M0145352,N,27,1,6367.47,0,2,0,888.29,4379.33,0.5
M0145353,N,71,0,9660.55,0,1,0,6897.03,9077.18,0.17
M0145354,N,22,1,4564.13,0,0,0,1429.65,2680.12,1.64
M0145355,N,31,1,28862.1,1,2,1,4769.34,19092.16,2.25
M0145356,Y,64,2,235934.31,1,1,1,63029.62,143886.49,3.97
M0145357,N,42,0,9102.22,0,0,0,3112.23,6181.53,1.04
M0145358,N,69,2,12146.3,0,0,0,1186.44,10758.84,0.86
M0145359,N,36,3,6171.62,1,0,1,2330.38,4811.39,0.45
M0145360,N,34,3,28506.78,1,2,1,11477.67,23110.12,1.66
M0145361,N,44,0,26426.52,0,0,0,4413.6,17918.66,2.1
M0145362,N,24,1,14395.79,0,0,0,6328.51,18756.26,0.0
M0145363,N,50,0,9286.38,0,0,1,1333.97,11814.27,0.64
M0145364,N,19,1,6324.86,0,0,0,5330.66,3620.45,1.16
M0145365,N,73,0,9832.16,1,2,1,5468.97,10995.2,1.46
M0145366,N,72,4,6154.42,0,0,0,1330.67,3897.17,1.46
M0145367,N,35,1,22629.99,0,0,0,9289.35,22428.13,0.32
M0145368,N,63,0,7289.19,0,2,0,2894.9,7451.48,0.76
M0145369,N,60,0,16182.16,0,0,1,3812.01,18825.23,0.42
M0145370,N,71,0,19861.72,0,1,2,13284.76,7233.95,1.92
M0145371,N,47,1,11406.49,0,0,0,3065.87,6660.96,0.85
M0145372,N,19,1,4830.45,0,0,0,1186.74,7148.95,0.71
M0145373,N,44,0,5610.39,0,0,0,1167.17,4714.0,0.62
M0145374,N,62,0,24286.21,0,0,0,1155.12,20369.03,2.26
M0145375,N,20,0,6844.06,0,0,2,1331.87,10915.03,0.0
M0145376,Y,36,5,236092.89,3,5,5,117295.56,124364.43,5.43
M0145377,N,33,1,2942.76,0,1,0,477.39,3022.61,0.0
M0145378,N,32,2,41128.03,0,0,1,2940.76,47321.66,0.37
M0145379,N,33,2,4972.6,0,2,0,2970.22,4865.09,0.08
M0145380,N,71,1,6028.77,0,0,0,1743.14,4818.41,0.88
M0145381,Y,68,6,365647.74,3,4,2,216744.74,103918.64,2.87
M0145382,N,79,1,51289.79,1,2,0,8996.68,41700.52,1.46
M0145383,N,32,0,13048.19,1,0,0,3920.39,7872.63,2.36
M0145384,N,42,1,19285.17,1,0,0,4932.08,15030.24,1.02
M0145385,N,33,2,3705.99,0,0,0,2264.84,3704.94,1.49
M0145386,N,43,1,11358.02,0,1,1,3150.92,10912.88,0.53
M0145387,N,51,0,10773.55,0,0,0,1560.17,9915.6,1.31
M0145388,N,73,2,26173.26,0,0,0,6489.37,15770.5,3.09
M0145389,N,42,2,5856.07,0,0,0,2980.22,2942.03,1.37
M0145390,N,23,1,3584.61,1,0,0,3440.04,2086.86,0.36
M0145391,N,66,2,21391.19,0,1,0,8558.26,10431.73,1.58
M0145392,N,42,1,10493.04,0,2,0,1903.32,6987.49,1.01
M0145393,N,18,3,15408.74,0,0,0,1842.2,22251.53,1.88
M0145394,N,77,1,11404.2,0,2,0,1815.8,9794.07,0.64
M0145395,N,61,1,7168.27,0,0,0,2788.16,4598.58,0.57
M0145396,N,37,3,5619.67,0,0,0,1685.41,3941.36,1.01
M0145397,N,50,0,4333.12,0,0,0,2639.56,1944.3,1.22
M0145398,N,63,0,22816.27,0,1,0,3773.46,14394.67,1.49
M0145399,N,45,0,11363.95,1,0,1,10664.39,7587.96,0.74
M0145400,N,65,0,27631.01,0,0,1,13493.35,8716.36,0.26
M0145401,N,23,0,9766.2,1,1,0,6600.71,3953.0,1.92
M0145402,N,31,0,16444.78,1,0,1,2969.78,14772.08,1.09
M0145403,N,25,0,8804.98,0,0,0,842.5,9524.25,0.9
M0145404,N,52,2,13320.57,0,0,0,1714.36,9270.14,1.0
M0145405,N,66,0,5423.89,1,2,0,1495.8,4849.88,0.84
M0145406,N,37,0,5176.15,0,0,0,2658.19,2243.35,0.24
M0145407,N,22,3,33859.6,0,0,0,3349.1,23104.13,1.52
M0145408,N,32,1,13357.79,1,1,1,6753.25,12239.61,2.18
M0145409,N,24,0,3815.6,0,0,0,1015.48,4938.24,0.01
M0145410,N,66,1,22004.85,1,1,1,8987.41,16604.25,2.44
M0145411,N,47,2,20526.17,1,1,0,3830.3,15657.1,0.0
M0145412,N,29,1,3880.96,0,1,0,1412.63,3451.23,0.08
M0145413,N,66,1,15836.77,0,3,0,5709.33,8619.71,2.23
M0145414,N,79,0,9518.42,0,0,0,3905.67,9800.97,0.0
M0145415,N,22,0,6551.69,0,1,0,1549.75,5670.81,1.05
M0145416,N,64,0,3933.67,0,1,0,991.27,3741.26,0.37
M0145417,N,54,1,13494.56,0,2,0,7931.64,9558.85,2.05
M0145418,N,61,2,19945.85,0,0,0,3297.43,13086.14,2.28
M0145419,N,21,3,52856.87,0,2,0,13348.34,42492.33,0.99
M0145420,N,65,0,9940.14,0,0,0,1875.59,15303.99,1.44
M0145421,N,53,0,41329.55,0,1,0,6348.62,32514.21,1.64
M0145422,N,33,2,14922.17,0,0,2,7288.15,5061.83,0.94
M0145423,N,49,1,14160.24,0,2,0,2301.94,10084.68,0.66
M0145424,N,50,1,15400.05,1,1,1,3747.98,21384.47,3.35
M0145425,N,30,1,26384.21,0,0,0,9307.42,25878.64,1.98
M0145426,N,76,1,13721.7,0,0,0,2624.63,12235.63,0.63
M0145427,N,28,0,5045.02,0,0,0,1799.71,2863.21,0.16
M0145428,N,20,0,7339.41,1,0,1,4128.04,5906.36,0.0
M0145429,N,57,0,8892.6,0,1,0,5004.77,10764.34,2.69
M0145430,N,37,3,7090.34,0,0,0,7541.65,3815.94,2.72
M0145431,N,57,2,2872.96,0,0,0,549.02,4164.12,0.97
M0145432,N,62,0,7649.46,0,0,0,7055.91,5845.13,1.67
M0145433,N,47,2,10838.84,0,1,0,2341.48,8177.42,1.03
M0145434,N,41,3,8800.72,0,0,0,2326.99,4918.68,0.0
M0145435,N,63,3,7639.59,0,2,0,4646.28,4716.72,1.83
M0145436,N,67,1,10719.45,1,1,0,1151.69,10723.42,0.0
M0145437,N,77,0,12777.54,0,1,0,4341.82,9985.78,0.0
M0145438,N,35,0,3806.88,0,0,0,1388.23,1622.57,0.0
M0145439,N,64,0,5229.86,0,0,0,396.81,3971.16,1.42
M0145440,N,51,0,3046.28,0,1,1,1158.39,2298.59,0.58
M0145441,N,54,3,9514.68,0,1,0,1694.62,6972.81,2.41
M0145442,Y,75,4,259918.28,3,1,1,57182.8,164504.72,3.3
M0145443,N,55,0,5109.27,0,2,0,2734.22,6008.1,1.9
M0145444,N,54,0,12158.29,1,0,0,692.32,16486.0,0.0
M0145445,N,47,0,8489.67,0,0,1,2957.2,8704.67,0.29
M0145446,N,58,2,33042.3,0,1,0,3747.71,31487.21,0.83
M0145447,N,28,1,5754.62,0,1,0,1934.99,4131.35,1.48
M0145448,N,73,0,14155.11,0,0,0,2005.45,11517.07,1.68
M0145449,N,36,1,25104.53,0,0,0,2771.78,21102.29,2.19
M0145450,N,37,0,6472.64,0,0,0,2582.66,5213.47,0.67
M0145451,N,42,0,16528.55,0,0,1,2241.42,10794.68,0.32
M0145452,N,79,0,3595.54,0,0,0,2047.23,3449.25,0.29
M0145453,N,79,3,13574.51,0,1,0,3145.77,11001.95,0.87
M0145454,N,46,0,10427.27,0,0,0,4607.55,7410.62,0.0
M0145455,N,43,1,14644.25,0,0,0,2415.13,13030.15,1.6
M0145456,N,44,0,9501.18,0,0,0,2824.95,6898.64,0.0
M0145457,N,53,0,25336.58,0,0,0,1942.23,20400.18,0.5
M0145458,N,60,0,4397.96,0,0,0,1332.7,3076.09,0.42
M0145459,N,73,1,12733.97,2,0,0,895.27,12947.98,0.0
M0145460,N,22,3,12518.73,1,0,1,3132.37,9825.44,2.66
M0145461,N,48,3,4376.4,0,0,0,1964.81,4548.9,0.0
M0145462,N,67,2,14707.99,1,2,1,1169.16,18573.6,1.99
M0145463,N,71,0,17228.79,0,1,1,8632.45,13360.77,0.25
M0145464,Y,66,7,222221.76,3,3,2,120974.72,101772.74,4.94
M0145465,N,50,1,4443.59,0,0,0,3381.28,2790.94,0.11
M0145466,N,55,2,12718.28,0,1,0,2366.56,16058.6,1.66
M0145467,N,53,1,6845.4,0,2,0,1135.55,4810.48,0.0
M0145468,N,24,0,20835.14,0,0,0,2865.54,18099.41,0.0
M0145469,N,25,2,25415.69,1,0,0,5611.21,26145.73,2.04
M0145470,N,31,2,34047.74,1,2,0,5155.81,26694.36,0.67
M0145471,N,49,0,11038.6,0,2,0,3538.79,11705.75,0.43
M0145472,N,27,2,31711.48,0,1,1,4283.0,30824.22,1.66
M0145473,N,55,2,24159.79,0,0,1,9062.57,10225.72,1.72
M0145474,N,66,2,16905.2,0,2,0,9648.63,5393.27,2.55
M0145475,N,67,2,36530.29,0,0,0,12103.46,17238.84,1.24
M0145476,N,22,0,10047.55,0,1,0,4487.48,9198.71,0.71
M0145477,N,38,0,12039.63,0,2,0,7300.48,3847.1,1.37
M0145478,N,26,0,5697.44,0,0,0,2923.61,6775.9,0.0
M0145479,N,77,0,13045.48,1,1,1,4256.86,11074.78,2.21
M0145480,N,73,1,6139.99,0,0,0,1162.26,5282.74,0.45
M0145481,N,39,1,15226.22,0,0,0,3449.19,9721.84,0.45
M0145482,N,60,4,13894.33,0,2,0,2922.85,11586.92,1.63
M0145483,N,60,3,83696.45,0,3,0,15785.67,124720.47,1.48
M0145484,N,39,0,12720.89,0,0,0,1920.42,8192.92,0.0
M0145485,N,32,1,5703.61,0,0,0,4048.13,2858.75,0.82
M0145486,N,27,2,3709.42,0,0,1,287.37,3245.33,0.05
M0145487,N,45,0,5171.51,0,1,1,1346.01,4769.0,0.01
M0145488,N,52,1,17845.39,1,2,0,5922.94,26487.52,2.33
M0145489,N,78,1,14677.06,1,0,0,3126.84,12231.35,0.0
M0145490,N,46,2,9135.51,0,0,0,3570.99,6416.56,0.96
M0145491,N,48,1,6136.37,0,0,1,662.31,5444.85,0.94
M0145492,N,77,0,13345.02,1,0,0,1884.55,14065.43,0.52
M0145493,N,49,0,8400.3,0,0,0,3030.83,3561.03,0.46
M0145494,N,52,0,7673.08,0,0,0,2620.3,5880.78,0.55
M0145495,N,42,0,9525.41,0,0,0,699.19,12329.29,0.01
M0145496,N,26,1,6472.49,0,1,0,2672.28,5746.92,0.64
M0145497,N,44,3,8474.67,1,0,1,1113.89,9787.17,2.21
M0145498,N,68,0,5281.68,0,0,0,2723.36,4891.44,0.0
M0145499,N,44,0,11061.67,0,0,0,2657.81,6658.77,1.9
M0145500,N,28,1,14864.56,1,1,1,5020.24,16525.83,1.54
M0145501,N,37,0,13582.01,1,1,2,5631.43,5533.73,0.85
M0145502,N,66,0,3947.23,0,0,0,828.61,4520.72,0.58
M0145503,N,80,1,12016.02,1,0,2,2676.81,9687.98,0.82
M0145504,N,54,3,14115.83,0,0,0,2213.67,17172.19,0.78
M0145505,N,35,2,11637.95,0,0,0,9328.4,5021.32,2.13
M0145506,N,50,1,18288.09,0,2,0,5930.68,13133.57,1.31
M0145507,N,39,1,6960.87,0,1,0,4531.84,7047.41,0.68
M0145508,N,44,1,7000.64,1,1,1,3058.45,6940.88,0.75
M0145509,N,67,0,2039.33,0,0,0,1677.72,1536.88,1.71
M0145510,N,19,1,5965.67,0,0,0,943.37,4565.4,0.7
M0145511,N,40,2,6798.53,0,0,0,1929.69,8021.42,1.09
M0145512,N,65,2,5347.71,0,0,0,1993.68,6748.14,0.77
M0145513,N,43,0,3918.83,2,0,0,2761.63,4073.64,0.26
M0145514,N,54,3,17585.4,0,1,0,9149.87,9889.23,1.04
M0145515,N,66,2,20375.43,1,0,0,2067.71,14217.54,1.82
M0145516,N,28,2,12588.6,1,0,0,4785.58,7630.63,1.29
M0145517,N,46,1,8644.55,0,0,0,1656.9,6553.68,0.78
M0145518,N,51,0,5335.76,0,2,1,1033.81,4430.64,1.29
M0145519,N,22,2,19530.47,0,0,0,5994.7,17666.94,1.73
M0145520,N,49,1,31823.59,0,0,2,4307.78,24306.62,1.16
M0145521,N,64,1,26875.41,0,1,1,13465.88,20521.9,1.08
M0145522,N,37,0,7944.21,0,0,0,1074.06,6830.62,0.0
M0145523,N,29,1,12668.36,0,0,0,1971.7,9348.7,1.33
M0145524,N,47,0,21260.56,0,0,0,3393.55,13569.34,0.86
M0145525,Y,70,3,160737.88,3,1,1,47982.86,130521.74,2.0
M0145526,N,66,1,24814.9,0,0,0,7445.95,17192.19,1.87
M0145527,N,70,1,11623.05,0,0,1,749.12,12155.43,0.53
M0145528,N,24,0,16754.32,0,0,1,5708.43,21777.78,0.0
M0145529,N,78,0,1439.81,0,0,0,479.46,1745.55,1.72
M0145530,N,45,0,6010.92,0,1,0,428.16,5722.84,0.0
M0145531,N,37,1,4544.61,0,0,0,2342.02,4353.76,0.93
M0145532,N,60,0,11421.0,0,0,0,1220.58,7845.66,2.23
M0145533,N,62,0,5493.81,0,0,0,1582.07,5958.37,0.0
M0145534,N,74,0,19310.13,0,1,0,20451.27,8560.41,1.13
M0145535,N,58,1,28364.07,0,1,0,2667.15,24069.01,1.69
M0145536,N,52,0,4330.01,0,1,0,3389.5,3987.12,2.25
M0145537,N,39,1,9746.4,1,3,1,7010.01,4337.99,1.22
M0145538,N,64,1,11935.09,0,0,0,8186.68,3101.25,2.14
M0145539,N,64,0,12949.83,0,1,0,1114.53,13265.66,2.47
M0145540,N,45,1,16157.51,0,1,2,6265.38,6930.51,0.26
M0145541,N,64,3,11448.7,0,0,2,5744.13,4785.8,1.92
M0145542,N,59,2,8829.5,0,2,1,2296.85,5114.35,1.96
M0145543,N,41,1,15331.01,0,1,0,4133.91,12759.27,1.66
M0145544,N,48,0,42327.5,0,0,1,2401.11,56233.07,2.15
M0145545,N,34,0,8205.86,0,0,0,5955.18,7484.58,0.84
M0145546,N,22,0,3980.41,0,0,0,769.69,3014.03,0.0
M0145547,N,80,2,19576.5,0,1,0,8924.6,12064.65,1.7
M0145548,N,60,0,6832.03,0,3,0,1925.32,3735.52,2.82
M0145549,N,74,0,10440.56,1,1,0,1572.18,7093.73,1.98
M0145550,N,76,0,4674.99,0,2,0,1179.09,5201.41,1.05
M0145551,N,19,0,43300.97,1,1,1,3260.05,41104.38,1.6
M0145552,N,42,0,9865.76,0,0,0,2759.93,5644.13,0.49
M0145553,Y,56,3,316810.11,4,3,7,145084.21,119116.13,4.48
M0145554,N,60,2,5188.22,0,0,1,2333.86,4740.39,1.38
M0145555,N,60,1,6532.02,0,0,0,358.32,5286.64,0.48
M0145556,N,63,1,9969.73,0,1,0,4391.81,9874.84,1.23
M0145557,N,65,0,13305.61,0,1,0,2011.49,8426.32,0.3
M0145558,N,70,2,20217.73,0,1,0,1476.09,17284.29,0.56
M0145559,N,32,2,7824.23,0,0,1,1215.7,11140.43,0.0
M0145560,N,48,1,13369.58,0,1,0,12379.67,6730.32,1.11
M0145561,N,68,1,14050.07,0,1,1,4941.53,9289.58,0.91
M0145562,N,58,3,7744.76,0,0,1,3658.8,4527.14,1.71
M0145563,N,23,0,11728.81,0,3,1,3989.59,10857.59,2.63
M0145564,N,76,2,11752.49,0,1,0,3357.45,15404.03,1.99
M0145565,N,41,3,9869.77,0,2,2,4319.16,4690.47,0.84
M0145566,N,69,0,10280.56,0,0,0,1062.38,7963.33,0.99
M0145567,N,55,1,4525.11,0,1,0,710.1,3344.3,0.45
M0145568,N,70,0,10187.74,0,1,0,1555.47,11764.8,0.87
M0145569,N,44,1,12998.91,0,3,0,4390.93,16948.61,1.68
M0145570,N,23,0,7210.59,0,0,0,3560.24,4853.86,1.79
M0145571,N,56,2,25567.32,1,1,0,13113.93,12831.17,0.52
M0145572,N,38,2,38720.97,1,1,1,11309.09,20665.48,0.21
M0145573,N,27,0,8633.6,1,1,0,3101.74,6832.81,2.77
M0145574,N,38,1,28532.22,2,2,0,4885.73,35589.42,0.66
M0145575,Y,69,5,208886.0,1,1,2,74085.64,146026.67,4.09
M0145576,N,73,0,3862.73,0,0,2,1364.93,3832.26,0.48
M0145577,N,75,0,3831.76,0,1,0,596.4,3077.98,0.0
M0145578,N,21,0,6134.65,0,0,1,2648.63,4550.43,0.59
M0145579,N,42,2,7409.15,1,1,0,6801.31,2518.22,2.37
M0145580,N,34,1,14041.13,0,0,1,4985.45,12765.28,0.69
M0145581,N,70,0,8404.32,0,1,0,1615.9,11673.93,0.65
M0145582,N,67,1,6799.0,0,1,0,3361.93,6266.48,0.64
M0145583,N,66,0,2294.0,0,0,0,1334.3,2157.64,0.0
M0145584,N,36,0,8827.86,1,0,0,7343.03,3573.84,1.75
M0145585,N,45,1,9034.28,0,0,0,6118.61,4686.2,1.31
M0145586,N,57,1,8750.59,0,0,0,3298.57,3698.59,1.69
M0145587,N,49,2,52086.43,1,0,2,7977.1,35503.93,0.37
M0145588,N,18,2,29454.25,0,1,2,16793.96,21034.35,1.8
M0145589,N,80,1,9809.21,0,1,0,827.01,9458.78,0.84
M0145590,N,68,0,16756.78,0,1,0,1481.36,18541.88,0.0
M0145591,N,46,1,33406.4,1,1,0,9193.23,18232.32,0.0
M0145592,N,21,0,48612.58,1,2,0,2185.79,36123.12,1.69
M0145593,N,59,2,12932.78,1,0,0,4634.85,12409.48,3.2
M0145594,N,49,0,8008.65,0,0,0,5003.09,2630.3,0.52
M0145595,N,60,0,4619.77,0,0,0,2744.5,2185.22,0.0
M0145596,N,61,1,3939.48,0,1,1,995.67,5783.32,0.0
M0145597,N,26,0,7287.84,1,1,0,2205.57,5578.5,0.71
M0145598,N,74,0,22022.51,0,2,0,15276.49,8644.28,1.63
M0145599,N,40,1,13300.08,0,0,2,7548.0,8585.28,1.06
M0145600,N,60,2,13368.09,0,0,0,2317.85,15430.43,1.24
M0145601,N,28,0,8084.25,0,0,0,2247.5,6517.28,0.68
M0145602,N,57,1,2316.09,0,0,2,1795.6,1890.42,0.33
M0145603,N,19,1,2370.22,0,2,0,1155.15,1420.38,2.5
M0145604,Y,70,2,199469.39,1,3,6,77821.06,123378.65,4.62
M0145605,N,73,0,12573.77,0,1,1,1089.22,9604.23,1.4
M0145606,N,46,2,12659.37,0,0,0,4267.18,12762.03,1.01
M0145607,N,48,1,4162.68,0,0,0,5600.48,1894.05,0.51
M0145608,N,53,1,5879.27,0,0,0,3016.1,2765.65,1.35
M0145609,N,23,1,9825.03,0,1,0,1972.54,11023.59,1.46
M0145610,Y,58,5,114778.2,4,2,4,20098.93,135112.49,3.23
M0145611,N,24,4,37057.54,0,2,0,7107.6,25646.9,3.28
M0145612,N,75,3,3950.03,1,0,0,3282.98,2790.91,0.04
M0145613,N,76,0,7901.17,1,0,0,1981.04,7847.09,1.86
M0145614,N,63,1,6706.56,0,0,0,3414.13,3195.12,1.45
M0145615,N,47,1,12749.99,2,0,0,4960.49,5171.57,1.67
M0145616,N,46,0,16612.1,0,1,1,3528.08,11049.52,0.39
M0145617,N,18,0,24897.76,2,0,0,2066.63,34662.13,0.92
M0145618,N,28,0,15246.34,0,0,0,1926.89,13580.14,1.02
M0145619,N,67,0,4911.03,0,0,1,2172.86,5407.31,0.62
M0145620,N,47,0,6135.02,0,0,0,978.94,8718.01,0.05
M0145621,N,62,1,18923.12,0,0,0,7634.26,11884.56,1.14
M0145622,N,32,1,37396.05,0,3,0,7255.4,27225.36,3.63
M0145623,N,78,1,21679.81,0,0,0,10808.08,12294.82,0.0
M0145624,N,67,2,23828.39,2,4,1,7919.42,13462.31,3.09
M0145625,N,40,1,8037.11,0,0,0,1285.43,11095.35,0.6
M0145626,N,77,2,5326.36,0,3,0,3405.5,2096.16,0.85
M0145627,N,77,2,21656.97,1,3,0,2529.2,29545.34,1.75
M0145628,N,74,0,12499.64,1,1,0,11607.17,4192.51,0.55
M0145629,N,51,1,7961.97,0,0,0,1677.28,7669.09,1.46
M0145630,N,75,0,12354.4,0,0,0,2810.09,11685.58,1.68
M0145631,N,78,0,4967.92,0,0,1,3785.5,4649.49,0.1
M0145632,N,80,0,5980.74,0,1,0,1518.09,4111.06,2.19
M0145633,N,80,2,6170.2,0,2,1,5724.23,4218.65,1.64
M0145634,N,24,0,10648.32,0,2,0,7447.78,3844.05,0.96
M0145635,N,70,2,4901.77,0,1,1,1006.24,4539.67,0.0
M0145636,N,23,1,6964.52,0,0,0,1996.74,7213.07,0.95
M0145637,N,45,0,4507.74,0,2,0,969.08,5067.33,0.0
M0145638,N,21,1,10097.52,0,0,1,933.11,9142.33,0.0
M0145639,N,22,1,10471.88,0,0,0,6233.93,3913.86,0.78
M0145640,N,31,0,20642.71,1,2,1,1227.76,16010.77,1.37
M0145641,N,35,1,6551.87,0,0,0,1473.05,8387.02,2.37
M0145642,N,75,0,12202.31,0,0,0,4802.59,7714.81,1.81
M0145643,N,72,1,19878.54,1,1,0,4605.31,16019.12,1.34
M0145644,N,80,0,30727.65,0,1,0,7196.68,24449.29,1.18
M0145645,N,63,0,5157.06,0,0,0,911.23,3713.01,1.13
M0145646,N,60,0,6513.58,0,0,0,1496.1,9727.94,0.0
M0145647,N,67,1,13412.28,1,2,0,2814.43,7799.84,1.8
M0145648,N,24,2,17321.24,1,0,0,4234.75,11458.31,1.8
M0145649,N,52,0,11295.75,0,1,1,5797.84,8813.18,2.03
M0145650,N,40,0,4414.41,0,0,0,2224.72,2997.42,0.47
M0145651,N,77,1,7016.33,0,0,0,1580.64,8767.5,1.88
M0145652,N,44,1,23135.8,0,0,0,4410.86,16609.69,3.09
M0145653,N,31,0,9945.35,1,1,0,5442.44,10730.42,0.46
M0145654,N,67,1,8097.84,0,1,0,3472.18,3359.17,1.65
M0145655,N,63,0,2937.01,0,0,0,1557.65,1214.33,0.0
M0145656,N,36,1,10833.25,1,1,0,5567.76,5613.27,1.37
M0145657,N,66,1,12326.48,0,1,0,2650.29,8240.07,0.31
M0145658,N,32,1,8283.72,0,1,1,8212.22,6469.94,0.08
M0145659,N,37,0,7112.28,0,0,0,1726.96,3954.66,0.67
M0145660,N,28,0,3351.65,0,1,0,608.3,2280.55,1.11
M0145661,N,59,1,28589.91,0,1,0,2895.0,25545.16,0.43
M0145662,N,67,0,3493.37,1,0,0,1305.44,2370.56,0.0
M0145663,N,18,0,7590.0,1,1,0,2876.38,10012.1,0.64
M0145664,N,34,0,8780.84,0,0,1,1064.69,8293.83,1.28
M0145665,N,71,0,3988.49,0,1,0,988.99,3643.32,0.0
M0145666,N,30,1,7816.74,0,1,1,3433.37,10085.32,1.86
M0145667,N,54,0,13431.34,0,0,0,1197.31,10482.86,0.55
M0145668,N,27,1,17922.64,0,1,0,3289.36,25972.46,1.74
M0145669,N,70,2,9846.95,0,0,0,3446.32,10861.35,2.51
M0145670,N,41,1,9789.04,0,0,0,4731.23,6441.67,0.82
M0145671,N,52,3,67895.15,0,2,1,6189.67,61113.62,2.18
M0145672,N,55,2,60994.55,0,1,0,6876.89,51222.28,0.91
M0145673,N,46,1,7502.25,0,0,0,994.3,6844.73,1.05
M0145674,N,47,2,4776.83,0,2,0,732.53,5279.75,1.06
M0145675,N,32,1,7092.6,1,1,0,2645.56,9388.66,1.73
M0145676,Y,43,7,359663.07,5,1,6,182472.45,202027.85,7.92
M0145677,N,44,0,4384.38,0,0,0,1328.87,2765.02,0.79
M0145678,N,71,0,6148.89,0,0,0,894.9,4430.51,0.0
M0145679,N,41,2,10927.87,0,0,0,5079.74,14138.32,0.58
M0145680,N,35,1,31904.65,0,3,0,6300.06,50491.97,1.33
M0145681,N,41,0,21416.03,1,2,1,2613.43,15405.79,2.26
M0145682,Y,58,5,135020.93,1,1,2,29848.83,117083.49,2.64
M0145683,N,62,1,9077.07,0,0,0,2337.3,5872.6,0.49
M0145684,N,65,2,9657.35,0,1,0,2707.32,11059.45,2.21
M0145685,Y,57,8,85570.08,2,4,1,32039.76,65631.16,5.27
M0145686,N,25,1,13953.31,2,1,1,2790.85,10882.3,1.83
M0145687,N,31,1,7141.66,0,0,0,968.39,7158.99,1.0
M0145688,N,44,1,20289.25,0,0,0,2934.73,18261.12,0.0
M0145689,N,34,3,11295.49,0,0,0,3107.45,6639.39,2.01
M0145690,N,46,3,10607.79,1,0,0,4607.71,4688.62,1.41
M0145691,N,28,0,11086.28,0,1,0,6631.24,4124.58,1.05
M0145692,N,63,1,13773.91,0,0,0,2544.38,18039.68,1.66
M0145693,N,71,0,10585.95,0,2,0,1401.31,9950.82,1.07
M0145694,N,77,0,22394.65,0,0,0,3175.43,14576.8,0.98
M0145695,N,69,1,9419.68,0,0,0,3560.34,4860.24,1.2
M0145696,N,77,1,9600.18,0,0,0,3462.06,12325.35,2.73
M0145697,N,68,1,5309.32,0,0,0,959.18,3485.07,0.0
M0145698,N,62,1,14109.99,0,1,1,3601.73,13467.46,1.8
M0145699,N,62,1,2898.04,0,1,0,1037.23,4200.33,1.53
M0145700,Y,39,5,175367.66,3,2,3,74059.6,107329.11,4.7
M0145701,Y,57,6,143487.28,3,1,2,42730.19,97115.5,4.7
M0145702,N,67,1,30068.36,0,1,0,4793.37,20780.1,0.87
M0145703,N,44,1,7439.95,1,1,0,1982.75,7866.57,0.0
M0145704,N,68,3,8680.81,0,0,0,4671.85,8773.35,0.26
M0145705,N,72,1,17416.98,0,0,0,6986.08,8893.41,2.2
M0145706,N,37,0,12938.2,0,0,0,6943.5,11675.93,0.5
M0145707,N,63,0,11404.19,0,0,1,2325.45,8725.52,2.18
M0145708,N,44,1,5924.81,1,0,0,3857.94,3529.66,1.18
M0145709,Y,47,8,183494.95,2,3,1,67474.03,110713.61,4.47
M0145710,N,69,1,27607.98,1,0,0,12199.75,10078.71,1.86
M0145711,N,68,1,13150.02,0,0,0,2471.81,9302.37,0.56
M0145712,N,77,2,14419.11,0,0,1,1099.25,17340.06,1.68
M0145713,N,30,0,6917.06,2,3,0,4717.51,6581.64,0.7
M0145714,Y,80,8,263518.89,1,1,4,66546.61,176042.01,4.78
M0145715,N,41,0,14377.87,1,0,0,3108.41,9846.03,1.74
M0145716,Y,51,5,392018.06,5,5,4,110203.15,225234.63,7.64
M0145717,N,52,1,4781.73,0,0,0,1061.28,5643.47,0.0
M0145718,N,19,0,10404.53,0,0,0,3644.39,9951.72,0.74
M0145719,N,28,3,3432.99,0,1,1,3526.76,2352.19,2.05
M0145720,N,46,1,25114.25,0,0,0,8490.32,11818.77,3.2
M0145721,N,59,1,8655.88,0,1,1,1925.53,6877.91,2.26
M0145722,N,32,1,4710.38,0,0,0,1574.28,4691.01,1.72
M0145723,N,33,0,16625.81,0,1,1,5255.76,12925.08,1.81
M0145724,N,62,1,12846.29,0,0,1,5302.25,5638.08,1.01
M0145725,N,70,0,7444.77,0,0,0,1449.27,5334.86,0.0
M0145726,N,71,1,8324.29,0,2,0,3923.08,7916.07,1.17
M0145727,N,80,0,17087.22,0,1,0,8725.34,12503.88,2.43
M0145728,N,64,2,38907.1,0,0,1,11999.06,21130.93,2.23
M0145729,N,67,1,29980.18,0,0,0,3423.43,22863.82,1.57
M0145730,N,60,0,5071.81,0,1,0,1566.2,2857.31,0.65
M0145731,N,52,2,7438.17,0,1,0,1822.21,5757.69,0.82
M0145732,N,65,1,2104.68,0,0,0,281.72,2375.99,0.95
M0145733,N,66,0,3898.4,0,0,0,1728.86,3278.35,0.81
M0145734,N,36,0,3095.26,0,0,0,1283.8,1507.83,0.46
M0145735,N,75,0,4751.95,0,0,0,1738.48,2102.63,0.98
M0145736,N,79,0,6027.61,1,0,0,3540.45,5910.03,0.64
M0145737,N,42,0,4147.61,2,1,1,1413.7,3699.86,0.0
M0145738,N,69,0,8765.39,0,1,0,2516.11,10848.78,0.86
M0145739,N,67,2,7779.42,0,2,0,6186.0,5277.64,0.87
M0145740,N,70,0,8835.83,0,2,0,1625.37,13429.47,0.49
M0145741,N,33,0,4745.37,0,0,0,2014.3,4322.24,0.0
M0145742,Y,66,7,352509.09,4,3,4,238859.49,98939.35,5.74
M0145743,N,22,1,9866.57,1,1,0,985.45,13868.04,0.89
M0145744,N,51,2,32358.31,0,1,2,13696.88,13238.94,1.7
M0145745,N,36,2,14546.6,0,1,0,1459.0,10444.46,2.22
M0145746,N,75,0,6990.56,0,1,0,3140.09,3063.69,1.77
M0145747,N,69,0,8118.26,2,0,1,2607.49,4327.13,1.14
M0145748,N,57,1,7564.63,0,0,1,1949.14,4354.2,0.0
M0145749,N,68,2,15765.72,1,2,0,2768.69,11911.02,0.26
M0145750,N,24,1,8538.39,0,0,1,4970.53,3976.44,0.11
M0145751,N,39,3,8308.01,0,1,0,4846.99,2642.37,1.43
M0145752,N,21,3,20590.02,2,0,0,3479.3,15458.25,0.5
M0145753,N,63,1,23827.13,0,1,0,2921.95,17493.67,1.75
M0145754,N,25,2,7451.08,0,0,1,3457.12,8223.45,1.64
M0145755,N,34,1,7784.96,0,0,0,1046.48,6022.91,2.6
M0145756,N,80,3,14685.08,0,0,2,4163.04,11720.6,1.88
M0145757,N,18,0,11028.92,0,1,0,1073.44,13780.96,0.3
M0145758,N,49,2,68414.57,3,1,0,9560.29,46501.05,1.07
M0145759,N,41,0,7124.56,0,0,0,896.13,8988.61,1.0
M0145760,N,74,1,10614.17,1,0,0,3887.15,14663.52,0.0
M0145761,N,69,1,3912.81,0,0,0,947.36,3614.1,1.63
M0145762,N,52,0,11802.98,0,2,0,8088.78,6122.13,0.64
M0145763,N,55,0,11933.68,1,0,0,877.37,8961.72,0.8
M0145764,N,36,0,31795.6,0,0,1,2503.05,32167.96,0.12
M0145765,N,43,1,9760.26,0,1,1,3246.89,4385.31,1.47
M0145766,N,42,1,30050.31,0,1,0,2220.58,23761.41,1.29
M0145767,N,72,1,2964.5,0,1,0,1286.95,1435.14,0.0
M0145768,N,76,3,9121.05,0,1,0,2631.57,9863.06,2.17
M0145769,N,40,2,36429.25,0,1,2,3718.29,32324.39,0.78
M0145770,N,46,0,16243.95,3,2,0,2301.91,12058.83,1.54
M0145771,N,18,1,10803.6,0,1,1,4991.35,5565.73,0.75
M0145772,N,75,0,15626.02,0,1,1,2721.9,10934.91,1.64
M0145773,N,69,0,7838.38,0,1,0,4776.39,2724.77,1.29
M0145774,N,43,2,19557.06,0,0,0,3273.12,13358.44,1.15
M0145775,N,80,4,48416.16,0,2,0,13089.17,24802.43,1.89
M0145776,N,63,0,18881.37,0,1,0,5792.09,17466.27,1.88
M0145777,Y,74,3,187863.1,1,1,3,119909.08,50150.29,6.06
M0145778,N,48,1,15940.18,0,0,0,3518.55,9691.38,1.4
M0145779,N,49,0,7180.34,1,1,0,2980.34,5928.01,1.4
M0145780,N,54,2,13603.6,0,2,1,986.1,13408.49,1.13
M0145781,N,71,0,12257.92,0,0,1,3339.19,8524.19,0.38
M0145782,N,79,1,18215.27,1,0,2,5775.09,16490.67,1.64
M0145783,N,44,0,6654.81,0,1,1,2862.47,6545.13,0.75
M0145784,N,69,2,5932.17,0,0,0,651.75,9827.27,1.99
M0145785,N,68,1,17293.76,0,0,2,2302.5,12993.81,2.02
M0145786,N,43,1,6618.99,0,0,0,3402.73,4193.38,0.0
M0145787,N,23,1,11686.52,0,0,1,4895.47,10682.46,0.95
M0145788,N,59,1,15164.58,0,1,0,1816.18,11102.2,3.0
M0145789,N,60,1,2342.39,0,0,2,634.39,2064.54,0.72
M0145790,N,34,1,4848.01,1,3,0,1872.38,4791.89,2.31
M0145791,N,63,1,10471.84,0,1,1,1763.3,8587.2,0.83
M0145792,N,73,0,5128.38,0,0,0,3784.99,3794.76,0.72
M0145793,N,60,3,4738.8,0,0,2,529.37,4052.5,0.36
M0145794,N,75,0,8190.89,0,0,0,608.43,7650.88,0.0
M0145795,N,70,0,17690.83,0,0,0,1218.68,13935.51,1.57
M0145796,Y,81,5,261126.48,3,2,3,62430.69,178674.93,7.95
M0145797,N,58,3,28382.6,2,3,0,5928.76,17683.66,2.13
M0145798,N,54,1,15473.92,1,0,1,2678.41,17347.63,1.46
M0145799,N,65,1,13400.43,1,0,0,5647.35,5257.25,0.63
M0145800,N,80,1,12837.99,0,1,2,2771.79,8301.66,1.79
M0145801,N,71,2,51739.86,0,1,1,16019.16,34448.05,2.04
M0145802,N,52,2,21168.39,0,2,0,3211.07,15180.31,1.26
M0145803,N,23,1,6272.86,0,0,0,3994.21,4575.33,1.33
M0145804,N,57,1,13977.06,0,1,0,10801.12,14319.92,2.45
M0145805,N,73,0,9618.05,0,1,0,1389.53,15415.44,1.09
M0145806,N,70,1,17087.17,0,0,0,5738.05,13381.44,0.03
M0145807,N,60,2,1535.18,1,1,1,1034.41,1271.42,0.73
M0145808,N,22,1,7062.57,0,0,0,1614.74,5371.77,0.0
M0145809,N,60,0,2417.86,0,2,0,602.48,1858.63,1.61
M0145810,N,21,0,21866.44,1,0,0,2328.23,21258.05,0.24
M0145811,N,22,3,11721.4,1,3,1,1589.64,18589.09,1.77
M0145812,N,72,1,18141.65,0,2,1,7761.0,19432.62,2.55
M0145813,N,50,0,5746.54,0,2,1,3438.77,4355.48,0.52
M0145814,N,37,0,5743.57,0,0,0,1788.03,3725.15,0.37
M0145815,N,43,0,13145.11,0,0,0,1448.75,12824.36,0.32
M0145816,N,77,2,17520.2,0,0,0,2689.77,14929.04,0.74
M0145817,N,73,1,31026.36,0,0,0,6472.59,21638.08,2.14
M0145818,N,20,0,6294.07,0,2,0,3969.81,3843.11,0.38
M0145819,N,60,0,11396.51,1,1,0,5134.39,12364.35,1.14
M0145820,N,35,0,12449.69,0,1,0,6392.28,4999.18,0.08
M0145821,N,47,0,12779.18,0,2,0,2992.39,11499.32,1.84
M0145822,N,56,2,4496.05,0,0,0,176.08,6201.1,0.0
M0145823,N,47,0,11410.57,0,2,1,907.93,9812.18,0.26
M0145824,N,71,1,10135.31,0,0,0,1154.6,8947.68,0.86
M0145825,N,63,3,16042.28,0,2,1,2225.45,12038.8,1.49
M0145826,N,28,1,4602.74,0,0,0,2120.49,5998.62,1.54
M0145827,N,53,2,24518.98,0,0,0,2263.34,21805.23,1.67
M0145828,N,35,0,8679.04,0,0,0,1608.64,5737.35,1.49
M0145829,N,65,4,22261.94,0,0,0,12146.54,14710.12,2.8
M0145830,N,34,2,5871.7,1,1,0,812.02,7009.65,0.0
M0145831,N,33,1,4452.03,0,1,0,767.49,5324.92,1.66
M0145832,N,79,0,3965.89,0,1,1,1592.16,2184.52,1.12
M0145833,N,52,1,9199.09,0,1,1,4389.39,5596.0,1.21
M0145834,N,36,1,8586.95,0,1,0,1623.14,10575.17,0.37
M0145835,N,63,1,38658.17,0,1,1,31101.99,12781.74,1.01
M0145836,N,52,3,41799.11,1,1,1,11089.15,27173.75,1.96
M0145837,Y,47,4,239427.12,2,4,6,109804.83,105399.72,5.54
M0145838,N,77,0,19649.43,0,0,1,13679.96,12645.6,0.71
M0145839,N,24,1,7079.02,0,0,0,2787.06,6217.0,0.77
M0145840,N,23,0,8470.01,0,0,0,3173.72,3662.19,0.0
M0145841,N,22,2,18607.07,0,2,0,1549.97,17425.02,0.56
M0145842,N,27,0,9253.36,0,0,0,1351.93,6389.71,1.7
M0145843,N,46,2,16441.88,0,0,0,8362.21,5024.9,2.28
M0145844,N,54,1,7412.57,0,0,0,1094.77,10124.9,0.05
M0145845,N,33,3,25871.13,0,1,0,3179.38,25187.47,1.55
M0145846,N,42,0,12733.02,0,1,0,2000.97,12624.93,0.4
M0145847,N,59,1,3310.67,0,1,0,1719.57,1506.03,0.85
M0145848,N,19,2,4767.1,1,1,0,1569.29,3125.76,1.25
M0145849,N,60,0,8319.57,0,2,0,2212.88,6303.48,0.0
M0145850,N,35,2,7371.6,1,0,1,4643.16,3747.28,0.9
M0145851,N,75,2,5366.73,0,1,0,2696.59,1651.82,0.08
M0145852,N,38,0,9019.5,0,0,1,4161.54,6034.69,1.34
M0145853,N,33,1,4691.82,0,0,0,3575.66,1724.29,0.67
M0145854,N,68,1,5878.97,0,4,1,2706.9,5610.58,2.07
M0145855,N,24,1,6627.23,0,1,0,3556.41,7986.31,0.7
M0145856,N,51,0,10418.4,1,0,0,6813.38,5030.32,0.45
M0145857,N,36,2,21103.97,1,0,0,1882.04,25585.48,1.36
M0145858,N,20,2,4552.63,0,0,0,1000.99,4739.45,0.0
M0145859,N,75,0,30396.36,1,1,0,15986.31,27184.3,2.29
M0145860,N,62,0,44949.31,1,2,1,25385.83,13018.95,1.69
M0145861,N,78,2,12759.61,0,0,1,708.91,9683.08,0.4
M0145862,N,41,2,24007.17,0,2,2,18259.48,6238.66,1.79
M0145863,N,71,1,6367.04,0,0,0,2331.95,6967.5,1.1
M0145864,N,79,0,5633.91,0,0,0,2465.02,4325.27,2.29
M0145865,Y,83,5,228089.98,2,3,1,53272.1,191902.91,3.67
M0145866,N,46,1,16311.91,0,1,0,3488.31,13133.53,1.64
M0145867,N,20,2,2955.33,1,2,0,1490.93,3232.0,1.51
M0145868,N,38,0,20616.2,0,3,1,2324.05,17595.21,2.92
M0145869,N,49,2,27965.09,1,1,0,10787.54,11497.56,1.33
M0145870,N,54,3,27780.68,1,0,0,8348.72,40963.89,1.12
M0145871,N,52,2,7590.87,1,0,1,1212.38,10817.27,1.11
M0145872,N,72,0,13621.51,0,0,0,3817.96,7860.87,1.23
M0145873,N,50,0,10800.63,1,0,0,5480.61,7177.02,1.56
M0145874,N,56,3,5497.6,0,1,0,3594.79,5593.91,1.3
M0145875,Y,49,3,107225.15,6,3,2,34879.96,98633.52,4.59
M0145876,N,62,1,43105.3,0,1,0,11246.03,35605.74,1.7
M0145877,N,35,1,8802.2,0,0,0,4308.88,6034.35,1.5
M0145878,N,30,2,12530.95,0,0,1,1599.98,10134.98,2.43
M0145879,N,39,1,15465.52,0,0,0,5559.28,7839.45,0.4
M0145880,N,37,0,18084.17,0,1,0,5340.88,11123.81,1.76
M0145881,N,27,1,11571.18,0,0,0,2086.9,7660.64,0.0
M0145882,N,45,3,4491.87,0,0,0,2729.62,2907.73,2.33
M0145883,N,46,2,19708.42,0,1,1,4578.48,20823.33,1.07
M0145884,N,31,0,27061.38,0,0,1,13248.8,10011.58,0.74
M0145885,N,56,2,7894.75,0,1,1,1086.98,11668.66,2.1
M0145886,N,33,2,5983.88,0,0,0,2373.9,5480.57,0.58
M0145887,N,20,0,3981.97,0,0,0,1346.95,5088.23,0.0
M0145888,N,67,2,14113.45,1,1,0,3440.71,10655.44,3.16
M0145889,N,19,0,6530.71,0,2,0,1442.39,5598.4,1.48
M0145890,N,71,0,9992.57,0,3,0,4673.22,8648.98,1.17
M0145891,N,58,0,10516.12,0,2,1,2355.91,7998.59,0.75
M0145892,N,59,0,5472.67,0,0,1,2404.2,2468.82,0.0
M0145893,N,35,0,3893.55,0,0,0,1106.02,2019.32,0.02
M0145894,N,67,1,19580.68,0,0,0,2686.01,14722.85,0.87
M0145895,N,49,0,10697.3,0,0,0,2965.93,5631.0,0.73
M0145896,N,73,1,39967.33,0,2,0,26725.43,5537.18,0.81
M0145897,N,38,0,11086.65,0,2,0,4366.05,6263.36,0.0
M0145898,N,58,0,19396.96,0,0,0,2031.67,15558.95,0.0
M0145899,N,68,0,19079.94,0,0,1,7210.23,14763.93,1.52
M0145900,N,71,2,12723.14,0,0,0,6562.03,5554.56,0.31
M0145901,N,55,0,6455.47,0,1,0,362.42,6838.94,0.11
M0145902,N,51,3,10401.16,0,0,0,1583.01,9848.03,2.52
M0145903,N,56,1,10574.64,0,1,0,3448.06,14962.62,0.95
M0145904,N,69,1,2924.7,0,1,0,824.9,3257.06,0.0
M0145905,N,66,1,7468.96,2,0,0,1987.15,6445.07,0.0
M0145906,N,73,2,13665.46,1,0,0,1561.12,13199.91,0.09
M0145907,N,18,1,16105.03,0,2,0,7093.13,12904.28,1.55
M0145908,N,61,1,18118.26,0,1,0,4748.49,9888.8,0.0
M0145909,N,35,2,25703.61,0,1,0,11829.48,18993.55,2.94
M0145910,N,46,2,11489.57,0,1,1,4320.07,9009.59,1.62
M0145911,N,31,0,5096.39,0,1,0,985.3,5956.1,0.29
M0145912,N,67,0,8613.48,0,1,1,7896.43,5511.26,0.83
M0145913,N,22,0,15200.69,0,0,0,2217.68,10233.94,2.22
M0145914,N,70,2,6941.64,0,0,0,6511.01,5609.8,1.74
M0145915,N,56,2,5313.61,0,0,0,847.5,3514.07,0.0
M0145916,Y,70,5,134895.9,2,3,4,68019.19,99093.23,4.29
M0145917,N,20,2,25048.56,1,0,0,27568.03,10383.88,1.48
M0145918,N,24,1,7119.32,0,1,0,4426.6,7797.66,1.21
M0145919,N,33,0,27719.04,2,1,0,2001.65,21349.54,0.45
M0145920,N,63,0,18120.17,0,2,0,6870.78,8191.45,0.0
M0145921,N,75,2,4737.13,0,1,0,914.86,3949.78,0.53
M0145922,N,26,0,4095.27,0,0,0,826.72,3220.99,0.76
M0145923,N,38,0,4701.31,0,1,3,1605.86,4472.68,0.78
M0145924,N,35,0,7353.25,0,0,0,804.55,5978.4,0.44
M0145925,N,56,0,10900.52,1,0,0,1474.65,12017.51,0.0
M0145926,N,61,1,18639.33,1,0,0,2620.32,12153.89,0.0
M0145927,N,62,2,4873.63,0,0,0,506.69,5894.38,1.12
M0145928,N,67,1,16083.45,0,0,0,13094.06,4226.49,2.97
M0145929,N,56,1,6251.09,0,1,0,3083.44,4631.0,0.0
M0145930,N,73,0,10467.53,1,1,1,4282.09,11322.21,0.39
M0145931,N,67,2,15984.42,0,1,1,10899.43,8890.61,0.0
M0145932,N,46,2,9934.92,0,0,1,8528.42,6251.34,2.53
M0145933,N,54,0,8176.9,0,1,0,3484.52,3012.41,0.0
M0145934,N,59,0,13232.43,0,0,0,1778.2,13204.78,1.75
M0145935,Y,41,9,187461.73,3,2,2,46232.62,119793.33,4.0
M0145936,N,63,0,5616.59,0,0,0,2035.46,7826.94,0.92
M0145937,N,42,1,3167.16,1,0,0,956.36,1835.66,0.0
M0145938,N,60,1,9063.52,0,0,0,1656.83,9006.08,1.77
M0145939,N,41,1,4054.81,0,0,1,2779.79,4109.71,0.0
M0145940,N,59,1,15948.14,0,0,0,5846.7,12001.6,1.08
M0145941,N,44,1,37120.4,0,0,0,5035.61,32223.55,2.37
M0145942,N,47,0,12623.95,0,3,0,4831.85,10148.45,1.19
M0145943,N,29,1,8429.74,0,2,0,3301.57,9325.95,1.19
M0145944,N,72,1,2593.86,0,2,1,973.23,3511.13,0.0
M0145945,N,75,1,8087.83,0,1,0,849.46,13080.56,1.61
M0145946,N,57,0,5376.35,0,0,1,1893.79,2362.03,1.06
M0145947,N,23,0,22585.24,0,1,0,8705.76,10621.53,2.74
M0145948,N,24,1,8667.01,1,0,0,3485.77,8228.36,0.5
M0145949,N,21,2,6289.75,0,2,1,1321.48,7160.4,0.9
M0145950,Y,70,3,127496.44,2,1,3,51593.44,120434.05,3.13
M0145951,N,74,0,3954.0,0,0,0,2196.96,4382.32,1.42
M0145952,N,66,1,5322.62,1,0,0,2957.03,3616.88,0.35
M0145953,N,24,3,37819.95,1,0,0,2030.51,30279.5,2.04
M0145954,N,52,0,26803.12,1,2,0,15469.9,8540.27,1.12
M0145955,N,26,0,5858.79,1,0,0,5293.47,4723.46,0.59
M0145956,N,79,2,15017.6,0,2,1,8720.0,3519.84,1.53
M0145957,N,48,0,15386.69,1,1,1,5226.15,7973.57,0.68
M0145958,N,26,0,9624.51,0,1,1,4912.14,6346.72,1.83
M0145959,N,21,0,8852.4,0,1,0,1978.46,5944.18,0.0
M0145960,Y,74,5,304310.21,5,3,4,83845.11,241505.98,7.69
M0145961,N,33,1,4830.06,0,1,1,1478.06,4044.15,0.48
M0145962,N,28,2,9466.0,0,0,0,1327.29,10020.77,0.02
M0145963,N,18,1,6199.68,0,0,0,3083.43,6971.83,1.89
M0145964,N,18,0,9917.01,0,1,0,6932.04,3034.72,0.21
M0145965,Y,84,3,151011.35,1,3,1,41943.99,87596.4,2.0
M0145966,N,63,1,11848.19,0,2,2,4603.29,12944.35,1.36
M0145967,N,58,0,12638.95,0,0,1,1703.38,8687.57,0.11
M0145968,N,31,0,12216.97,1,0,0,4295.74,12154.63,1.51
M0145969,Y,37,4,323144.05,3,4,4,63090.29,287811.52,6.46
M0145970,N,36,1,12257.27,0,1,0,6479.25,10922.88,2.22
M0145971,N,69,0,12412.07,0,0,0,4618.78,8178.81,0.0
M0145972,N,27,0,9130.5,0,0,0,1854.43,6440.97,1.9
M0145973,N,32,1,7144.09,0,2,0,735.16,5839.23,0.86
M0145974,N,54,0,5522.9,1,0,0,1441.05,4234.72,0.0
M0145975,N,52,0,2837.99,0,0,0,1049.3,3479.52,1.05
M0145976,N,56,1,16618.78,1,0,1,2085.4,25715.24,1.18
M0145977,N,21,1,16210.51,0,0,0,1573.13,12389.86,0.35
M0145978,N,24,1,13225.79,1,2,0,7717.04,7211.6,1.92
M0145979,N,36,3,9291.36,0,0,1,3236.7,6861.46,0.89
M0145980,N,65,0,17177.23,0,0,0,2478.11,21806.32,1.59
M0145981,N,63,3,12635.19,0,0,0,2497.99,13584.23,0.0
M0145982,N,61,1,24174.72,0,1,0,2411.3,26119.1,2.19
M0145983,N,26,2,30651.0,1,1,0,9256.96,27505.09,0.0
M0145984,N,62,0,5803.58,0,0,0,2497.0,2708.22,0.47
M0145985,N,57,0,7048.05,0,0,0,2195.55,7657.55,1.22
M0145986,N,37,0,11164.42,0,1,0,1988.78,15867.98,1.66
M0145987,N,79,0,10182.3,0,1,0,7394.78,3991.77,1.7
M0145988,N,77,2,4292.72,0,0,1,1584.22,2655.94,0.21
M0145989,N,32,0,8668.8,0,0,0,1324.94,10490.52,0.27
M0145990,N,71,0,8403.16,0,1,0,3866.43,6350.7,0.49
M0145991,N,69,0,6876.21,0,0,0,2302.85,9671.38,1.65
M0145992,N,65,1,11418.72,0,0,2,2309.77,7036.02,1.61
M0145993,N,40,0,4419.51,0,1,0,268.68,4476.93,0.77
M0145994,N,34,0,8448.57,0,0,0,694.5,6918.54,0.71
M0145995,N,60,0,17255.54,1,0,0,8779.53,10308.98,0.51
M0145996,N,59,1,4378.32,0,0,1,689.11,5921.97,1.44
M0145997,N,54,4,11168.76,0,0,0,1973.19,11854.7,0.96
M0145998,N,45,1,10807.38,0,0,0,2865.14,12763.7,1.41
M0145999,N,23,2,29729.93,0,1,1,5573.14,23514.85,2.4
M0146000,N,33,1,11696.61,0,0,0,5642.55,6009.32,1.91
M0146001,N,68,1,3925.82,0,0,0,1547.33,1730.94,1.68
M0146002,N,78,1,10094.02,0,0,0,6161.73,2671.99,0.0
M0146003,N,63,0,15666.66,0,1,1,7791.76,16977.94,0.28
M0146004,Y,85,9,590312.57,3,3,6,123203.15,388985.2,5.65
M0146005,N,20,0,3120.73,0,0,1,641.16,4430.5,0.6
M0146006,N,47,3,18693.14,1,0,0,4831.81,9982.38,0.52
M0146007,Y,50,4,274448.72,3,2,3,205440.26,137906.68,3.62
M0146008,N,19,0,15754.64,0,1,0,6525.59,7680.4,0.46
M0146009,N,56,2,4434.54,0,0,0,1589.32,2403.73,0.69
M0146010,N,24,0,21697.16,1,2,0,9290.43,8692.58,1.93
M0146011,N,57,1,21110.47,1,0,2,9606.03,9302.81,1.21
M0146012,N,64,1,8924.6,0,2,0,4639.37,8511.21,1.58
M0146013,N,35,2,6518.72,0,0,0,1729.96,5370.93,0.04
M0146014,N,59,1,38921.71,1,1,0,3078.54,48539.15,2.06
M0146015,N,35,1,12834.26,0,2,1,8335.31,10996.27,1.29
M0146016,N,48,0,4392.35,0,0,0,634.44,5035.15,1.07
M0146017,N,64,1,4131.59,0,0,0,651.4,5648.46,0.95
M0146018,N,39,1,4518.8,0,1,0,1913.65,2484.84,1.44
M0146019,N,47,1,7349.06,1,1,0,1701.72,11189.11,1.8
M0146020,N,47,1,4295.14,0,1,0,5724.22,1765.81,0.01
M0146021,N,58,2,9345.79,0,1,0,2390.53,9255.09,1.12
M0146022,N,43,2,6802.85,0,0,0,1462.37,6413.83,0.24
M0146023,N,19,2,5277.92,0,0,0,815.33,6911.12,0.0
M0146024,N,71,0,6575.49,0,0,0,745.43,6873.4,1.02
M0146025,N,77,0,10465.25,0,0,0,2720.73,7248.55,0.59
M0146026,N,77,0,6512.55,0,0,0,2283.62,6114.51,0.36
M0146027,N,44,1,1997.48,0,0,0,674.66,2106.0,0.2
M0146028,N,57,0,8662.34,0,0,0,2195.9,7892.35,1.41
M0146029,N,54,3,23971.02,0,2,1,6281.7,17238.57,1.19
M0146030,N,47,1,2990.82,0,0,0,1426.44,3479.75,0.35
M0146031,Y,39,4,239192.34,1,3,3,92025.73,127446.21,5.43
M0146032,N,80,1,8006.37,0,2,0,3133.61,5081.4,0.47
M0146033,N,69,0,23364.68,2,2,1,6143.56,15518.17,0.45
M0146034,N,63,0,10949.3,0,0,0,3268.0,6137.71,1.05
M0146035,N,18,3,4573.42,0,0,0,4172.0,2106.77,0.51
M0146036,N,72,1,3062.42,0,0,0,2314.29,1883.38,0.0
M0146037,N,60,1,2409.12,0,0,0,1121.13,2168.92,1.19
M0146038,N,56,0,6298.11,1,3,0,1523.22,6042.21,0.67
M0146039,N,61,0,10201.9,0,0,0,3100.77,7664.39,0.0
M0146040,N,56,1,16241.28,0,0,0,2207.71,11868.26,1.54
M0146041,N,36,0,9015.0,0,1,0,6853.45,5863.28,0.7
M0146042,N,69,0,9297.34,0,0,0,9299.34,1524.87,1.09
M0146043,N,52,0,9883.92,0,1,0,3146.78,12842.46,2.15
M0146044,N,28,1,9997.43,0,1,0,7899.61,9003.27,0.74
M0146045,N,22,2,13550.95,1,1,0,13915.2,4011.32,0.34
M0146046,N,65,2,14564.13,0,1,0,4037.56,8247.05,1.52
M0146047,N,53,1,46636.48,1,1,1,25233.1,21400.09,2.78
M0146048,N,46,1,3667.72,0,0,0,1794.47,4873.09,0.0
M0146049,N,53,0,10375.8,0,2,0,5320.48,5064.52,1.31
M0146050,N,43,1,6111.58,1,0,0,3742.61,6761.61,0.17
M0146051,N,75,0,13285.47,0,0,1,1557.9,13871.16,0.88
M0146052,N,56,3,7739.28,0,2,0,4869.52,8347.36,3.23
M0146053,N,18,2,26646.54,0,1,0,6558.37,23644.72,1.52
M0146054,N,78,0,48491.46,0,1,0,17452.51,22434.7,3.24
M0146055,N,56,0,13930.73,0,2,0,3227.72,9445.06,0.47
M0146056,N,34,0,7912.81,0,0,0,799.45,9146.26,0.76
M0146057,N,80,1,1542.9,0,0,0,735.1,1366.4,0.0
M0146058,N,22,0,16712.0,0,0,0,1675.65,27222.21,0.39
M0146059,N,24,0,4448.06,0,0,0,1340.65,4187.01,1.67
M0146060,N,36,0,14615.42,0,0,0,2905.17,9394.67,2.92
M0146061,N,51,1,5833.78,1,1,0,1303.4,9281.02,1.34
M0146062,N,33,0,10315.19,1,0,0,2382.27,6793.91,0.07
M0146063,N,28,1,12124.84,0,1,0,5815.65,13441.29,0.98
M0146064,N,76,1,15736.81,0,1,1,2702.81,20076.16,1.38
M0146065,N,73,2,5054.19,0,0,1,2511.01,6241.21,0.93
M0146066,Y,43,5,452192.42,4,3,2,169516.64,264284.2,8.64
M0146067,N,41,0,9038.54,0,3,0,3208.1,5836.86,0.62
M0146068,Y,64,6,108176.16,3,1,1,28859.9,82752.81,4.19
M0146069,N,22,3,12758.01,1,1,0,6867.39,5500.95,0.38
M0146070,N,48,3,16316.53,0,1,0,2295.31,22301.28,2.65
M0146071,N,23,0,7505.13,0,0,1,3373.87,9657.81,0.86
M0146072,N,62,0,8989.82,0,0,0,3628.16,6540.28,0.17
M0146073,N,64,2,5371.55,0,0,0,1132.89,6611.04,1.46
M0146074,N,68,1,4445.64,0,0,0,860.8,3350.54,0.98
M0146075,N,60,2,12221.48,1,1,0,283.91,11980.71,1.67
M0146076,N,26,0,3537.82,0,1,0,1103.52,1984.09,0.0
M0146077,N,36,0,3621.08,0,2,0,1358.8,4022.46,0.72
M0146078,N,24,0,9157.02,0,0,1,829.26,8461.81,1.2
M0146079,N,64,1,12108.38,0,1,2,4587.93,7857.51,1.87
M0146080,N,29,0,4769.7,0,1,0,2499.5,2149.89,0.0
M0146081,N,80,0,7993.54,0,2,0,4557.84,2894.28,0.97
M0146082,N,32,1,11337.99,0,0,0,12968.37,4210.64,0.0
M0146083,N,44,1,5785.79,0,2,0,1171.03,6353.83,1.44
M0146084,N,63,0,8734.62,0,1,0,2196.06,6266.45,1.19
M0146085,N,40,1,19324.23,1,1,0,2973.33,12947.32,1.52
M0146086,N,66,1,2627.45,0,0,0,1171.74,2640.8,0.95
M0146087,N,28,0,13687.36,0,0,0,3347.19,7977.73,2.02
M0146088,Y,77,5,209343.59,1,1,1,65785.53,174520.49,2.88
M0146089,N,52,0,22264.25,0,0,0,4680.33,17391.83,0.93
M0146090,N,36,1,39673.63,0,0,1,8455.49,23621.32,0.0
M0146091,N,57,0,17059.11,0,0,1,1761.17,22400.92,1.09
M0146092,N,29,1,17157.25,0,0,0,5194.15,19121.37,3.21
M0146093,N,53,0,8032.02,1,0,0,1842.69,6741.23,0.34
M0146094,N,25,0,32801.98,0,0,0,10147.45,24142.68,1.0
M0146095,N,59,1,22996.69,0,0,0,4506.14,13628.0,0.75
M0146096,N,25,0,3599.34,0,0,0,483.1,3882.18,0.09
M0146097,N,74,0,17154.48,0,0,0,3917.37,26635.4,1.55
M0146098,N,79,0,7513.82,1,2,1,2136.25,6351.45,0.63
M0146099,N,71,1,6641.94,0,2,0,1935.8,9542.49,1.32
M0146100,N,33,0,3494.36,1,0,0,845.09,3533.64,0.33
M0146101,Y,73,4,206783.9,4,1,4,59392.12,213227.05,3.72
M0146102,N,22,0,8794.48,0,0,1,5586.52,6886.17,1.63
M0146103,N,34,2,6081.84,0,0,1,1534.05,4700.78,0.0
M0146104,N,22,2,5991.28,1,0,0,2578.16,4500.05,0.49
M0146105,N,44,0,8634.75,0,0,0,2264.65,6706.63,1.83
M0146106,N,37,1,13238.48,0,1,0,1799.85,8632.73,1.2
M0146107,N,64,0,15436.57,0,1,0,7130.53,19515.52,0.68
M0146108,N,28,0,7156.44,1,2,1,1793.51,5492.66,0.32
M0146109,N,52,1,8655.08,0,0,0,3111.47,11275.17,0.87
M0146110,N,28,1,12163.12,0,2,0,7310.01,6857.1,0.04
M0146111,N,79,2,3992.47,0,0,0,1088.11,4534.96,0.54
M0146112,N,24,3,7878.95,0,2,0,7491.93,4557.01,1.56
M0146113,Y,53,5,178402.4,3,6,5,30584.6,189556.22,2.96
M0146114,N,31,1,24388.59,0,2,0,2095.08,22622.18,1.75
M0146115,N,49,1,7060.06,0,1,0,5451.53,3778.43,0.0
M0146116,N,78,0,9821.88,0,2,0,3743.77,12998.28,1.95
M0146117,N,32,0,6326.9,0,0,2,3791.38,1279.24,0.6
M0146118,N,63,1,8085.97,0,1,1,4350.3,2537.34,0.7
M0146119,N,75,2,7463.43,0,1,1,2012.39,7149.45,2.64
M0146120,Y,56,6,134452.4,1,3,2,16059.15,113611.19,4.98
M0146121,N,77,2,10624.79,0,0,2,640.96,9216.24,2.34
M0146122,N,61,1,13349.95,0,2,0,5205.3,15808.66,0.66
M0146123,N,76,1,14430.4,1,0,1,4206.84,18813.55,3.53
M0146124,N,35,1,10434.88,2,0,2,6334.5,9153.97,1.55
M0146125,N,61,1,11500.0,0,0,0,4823.54,4672.48,0.0
M0146126,N,48,1,17315.64,0,0,0,4361.36,9736.85,0.2
M0146127,N,72,2,9043.91,0,0,0,1527.85,9510.75,0.99
M0146128,N,18,1,10310.35,0,0,0,4365.89,5091.24,1.8
M0146129,N,44,1,8421.3,0,0,0,2321.5,5509.02,1.57
M0146130,N,64,2,13288.52,0,0,0,1356.7,10595.96,0.82
M0146131,Y,74,4,441054.56,3,3,6,160140.95,234437.99,6.26
M0146132,N,23,0,8571.1,1,0,0,1134.97,9530.02,0.02
M0146133,N,39,0,12046.68,0,1,1,1170.36,8641.25,1.55
M0146134,N,63,1,7759.87,0,3,0,7555.51,3584.35,1.58
M0146135,N,58,1,13304.15,0,0,1,10260.41,13127.25,2.93
M0146136,N,68,0,10549.88,0,0,0,2010.45,13694.33,1.79
M0146137,N,40,1,6363.82,0,0,0,1159.88,6696.17,1.14
M0146138,N,42,0,4624.71,1,0,0,1063.4,3998.94,1.13
M0146139,N,75,2,45469.99,0,2,0,11637.8,36377.21,0.0
M0146140,N,26,2,22184.39,0,1,0,3336.67,21954.17,1.44
M0146141,N,45,0,28098.93,0,1,0,20043.07,6601.19,0.13
M0146142,N,27,1,20697.39,0,0,0,4530.02,16546.95,0.96
M0146143,N,25,0,9621.94,0,0,1,2823.44,11967.88,0.69
M0146144,N,64,1,11576.85,1,3,1,10876.02,7737.4,2.85
M0146145,N,21,1,5686.03,0,0,0,1348.61,5310.04,0.25
M0146146,N,72,0,3247.35,0,0,0,999.81,4834.07,0.33
M0146147,N,51,1,13891.19,0,0,0,1339.08,10269.13,2.75
M0146148,N,70,1,9883.07,0,1,2,3374.15,5334.26,1.28
M0146149,N,19,0,23214.76,0,0,1,7855.74,13927.55,2.56
M0146150,N,19,3,5106.99,0,0,0,2107.51,4090.51,1.29
M0146151,N,43,4,20691.43,0,1,0,8652.06,12510.33,1.45
M0146152,N,55,1,12835.04,0,0,0,1277.2,13672.16,2.47
M0146153,N,60,0,4611.57,0,0,0,870.16,6568.26,1.94
M0146154,N,24,3,27163.89,0,1,0,12008.97,18238.14,1.75
M0146155,N,47,1,23913.56,0,1,1,4302.42,22193.83,1.54
M0146156,N,25,1,4322.05,0,0,0,1277.64,2952.87,1.43
M0146157,N,58,4,23846.26,0,3,1,16519.96,6172.12,1.8
M0146158,N,30,1,23483.95,0,2,0,3372.55,25466.11,1.73
M0146159,N,45,0,5731.77,0,1,1,1275.83,5466.38,0.0
M0146160,N,27,0,6414.78,0,1,0,2218.81,8971.1,1.69
M0146161,N,18,2,15707.89,0,2,0,1158.05,14398.71,1.6
M0146162,N,43,0,15022.33,0,2,0,1846.81,13421.54,0.72
M0146163,N,54,1,2358.85,0,0,0,1747.59,2106.72,0.44
M0146164,N,32,0,3973.36,0,0,0,1182.57,2003.01,0.0
M0146165,N,31,1,10266.0,0,1,0,7128.16,5338.37,1.09
M0146166,N,64,1,11494.72,1,3,1,7360.65,8356.67,1.83
M0146167,N,23,0,30826.23,0,0,1,8521.52,21464.17,1.49
M0146168,N,32,3,8576.32,0,0,1,1766.56,8049.51,1.63
M0146169,N,25,2,18151.73,0,0,0,2178.62,12105.13,1.3
M0146170,N,49,1,10227.82,1,0,0,3028.5,9777.54,1.66
M0146171,N,29,1,5694.86,0,0,0,2037.75,4707.72,0.0
M0146172,N,56,1,12864.22,1,1,0,4195.7,10404.07,1.92
M0146173,N,59,1,15274.3,1,2,2,1641.11,12735.26,1.76
M0146174,N,55,2,10280.7,0,1,0,723.98,8381.28,1.03
M0146175,N,49,0,7016.49,0,1,0,1405.01,5443.16,0.0
M0146176,N,39,0,8455.02,0,0,0,5268.19,6301.17,1.64
M0146177,N,47,1,8643.84,0,1,0,3027.45,11747.9,0.0
M0146178,N,40,2,11616.82,1,3,0,4329.42,10309.83,1.63
M0146179,N,60,1,7676.76,0,0,0,1431.94,7409.61,1.09
M0146180,N,70,1,11993.81,0,1,0,3672.52,11511.64,0.0
M0146181,N,24,1,12859.92,0,1,0,4249.3,7824.68,1.2
M0146182,N,77,0,7498.44,0,0,0,3297.55,8214.93,0.76
M0146183,N,67,1,2151.69,0,0,0,518.02,1744.34,1.09
M0146184,Y,71,5,112259.24,1,2,3,37281.1,120858.07,3.99
M0146185,N,56,2,10707.55,0,1,1,875.02,9960.56,0.31
M0146186,N,47,0,8152.51,0,0,0,3517.07,3339.43,0.19
M0146187,N,37,2,6054.08,0,1,0,748.71,4436.22,0.38
M0146188,N,40,0,15062.44,0,1,0,1535.8,11200.0,2.13
M0146189,N,23,0,13721.59,1,0,0,2903.65,10545.72,0.47
M0146190,N,28,1,4838.8,0,0,0,1434.95,5299.08,1.08
M0146191,N,21,0,7311.29,0,1,0,3014.52,9435.95,0.0
M0146192,N,64,0,9412.92,0,0,0,4537.31,8392.89,0.32
M0146193,N,54,2,19596.9,0,1,0,8899.03,11364.9,1.52
M0146194,N,36,2,8921.36,0,0,0,2487.22,12347.61,0.87
M0146195,N,50,2,11193.12,1,2,0,9453.42,5773.75,1.33
M0146196,N,77,0,38476.09,0,0,0,1114.87,29465.0,0.83
M0146197,N,24,2,23482.41,1,0,1,14541.44,11291.83,1.86
M0146198,N,36,2,17870.7,1,0,0,3766.01,11052.51,0.0
M0146199,N,40,3,33909.24,0,0,0,14899.86,12073.56,1.97
M0146200,N,80,0,20767.88,0,1,0,1429.27,22265.05,2.39
M0146201,N,23,0,13656.66,0,0,0,5871.3,10449.49,0.46
M0146202,N,79,0,26890.14,0,0,0,2920.51,26315.45,1.38
M0146203,N,26,1,12460.19,0,2,0,1860.8,11092.87,0.84
M0146204,N,27,0,15961.42,0,0,2,5448.06,7737.06,1.91
M0146205,N,43,2,3790.84,1,0,0,1796.0,2172.71,0.08
M0146206,N,70,1,23046.87,0,0,1,5748.76,22694.79,1.4
M0146207,N,27,0,13169.04,0,0,0,9671.61,6443.46,1.11
M0146208,N,30,0,3842.86,0,1,0,1081.07,3786.28,1.58
M0146209,N,33,3,14927.03,0,1,0,6730.49,10945.2,1.33
M0146210,N,42,1,19390.82,2,0,1,10073.75,9563.01,2.06
M0146211,N,55,2,9428.9,2,0,1,6956.65,7137.01,2.46
M0146212,Y,40,5,273575.77,3,2,2,89418.32,141866.72,3.89
M0146213,N,43,1,6813.01,0,0,1,3646.81,6308.79,1.68
M0146214,N,60,0,5650.77,0,0,0,3650.93,6480.65,0.64
M0146215,N,31,1,2768.61,0,0,1,1411.47,3290.05,1.65
M0146216,N,26,0,10865.76,0,0,0,1177.08,13460.87,1.11
M0146217,N,51,0,7314.86,0,2,0,1122.29,5087.58,1.11
M0146218,N,33,0,6326.77,1,0,1,1445.16,4968.31,0.0
M0146219,N,48,0,12657.77,0,1,1,2988.78,7910.23,2.21
M0146220,N,63,1,6785.3,1,0,0,1652.15,7119.34,1.49
M0146221,N,28,2,8678.61,0,1,0,3264.04,9523.91,1.31
M0146222,N,64,1,8337.14,0,1,0,1500.61,8345.79,0.0
M0146223,N,32,0,14679.78,0,1,0,3943.14,13897.82,1.92
M0146224,N,22,1,10876.48,0,0,0,510.45,9434.89,0.82
M0146225,Y,43,3,215027.05,4,5,4,65173.07,184327.92,6.73
M0146226,N,77,0,8951.99,0,1,0,2566.71,10570.06,0.84
M0146227,N,40,1,4462.86,0,0,0,623.28,2938.0,0.0
M0146228,Y,41,4,211084.34,1,2,6,82051.61,199082.26,3.04
M0146229,N,26,2,17075.07,1,0,0,8623.36,11290.11,2.92
M0146230,N,45,3,46117.79,0,1,0,11065.24,30900.87,1.96
M0146231,N,69,0,19153.7,1,0,0,3923.21,21675.09,1.14
M0146232,N,22,2,10378.8,0,0,0,1811.26,10897.96,0.21
M0146233,N,49,0,12745.28,0,2,0,4883.92,11207.17,2.25
M0146234,N,45,2,11150.05,0,0,0,7785.06,4563.17,1.44
M0146235,N,66,0,7752.15,1,2,0,1266.35,5998.3,0.48
M0146236,N,78,0,6140.3,0,0,0,1063.74,5735.58,1.05
M0146237,N,20,1,3621.85,0,0,0,2115.73,2960.46,0.23
M0146238,N,31,1,4045.95,0,0,0,1116.43,5923.13,0.86
M0146239,N,18,1,18457.62,1,0,0,1581.52,15014.91,2.31
M0146240,N,59,1,3396.38,0,1,0,613.99,5260.54,0.0
M0146241,N,18,1,32373.4,1,0,0,10686.65,14992.3,2.54
M0146242,N,62,0,4775.69,1,0,1,2355.59,2219.64,0.61
M0146243,N,54,1,15662.41,0,2,0,17087.28,3525.36,1.83
M0146244,N,41,0,17249.17,0,2,0,10368.31,14686.63,0.52
M0146245,N,67,4,29443.79,0,0,2,6916.59,16428.04,0.73
M0146246,N,18,1,10339.87,0,1,0,6154.43,6963.05,1.21
M0146247,N,53,1,26599.66,0,2,1,15885.19,23991.93,1.64
M0146248,N,80,1,3529.14,0,0,0,2161.58,1981.16,0.0
M0146249,Y,68,6,257419.06,3,4,6,194088.47,123057.32,5.02
M0146250,N,20,0,12480.96,0,1,0,2501.94,12356.65,0.78
M0146251,N,63,1,13806.3,0,1,1,2585.94,17583.71,2.07
M0146252,N,71,2,13369.45,0,1,0,2318.22,10842.95,1.08
M0146253,N,64,0,4312.55,0,2,2,4730.48,2506.98,0.46
M0146254,N,42,1,8332.01,1,2,0,4362.19,7020.38,0.19
M0146255,N,26,0,12458.99,0,0,0,2821.85,8114.83,1.45
M0146256,N,54,2,8315.97,0,1,1,6471.67,6445.67,0.0
M0146257,N,45,2,10172.87,0,0,0,6225.59,8464.68,0.39
M0146258,N,26,0,5530.29,0,1,0,946.85,4668.84,0.0
M0146259,N,43,0,5140.72,0,1,0,1940.96,3260.55,0.0
M0146260,N,67,0,11979.76,0,1,0,2204.29,14483.53,0.1
M0146261,N,49,0,3148.52,0,0,0,1854.65,2430.45,1.27
M0146262,N,72,1,8821.46,0,1,0,4004.09,7620.21,2.68
M0146263,N,24,0,9530.6,0,0,0,3196.56,8216.04,2.57
M0146264,N,52,2,3208.46,0,0,0,1959.74,3152.84,0.04
M0146265,N,34,1,16446.4,0,1,0,7080.22,11571.39,1.33
M0146266,N,38,1,4592.27,0,0,0,2501.5,2603.26,2.26
M0146267,N,26,2,30865.37,0,2,0,13328.6,19365.31,1.37
M0146268,N,76,1,8232.88,0,1,0,8549.36,6356.7,1.08
M0146269,N,33,1,7075.05,0,0,1,1707.87,4591.51,1.86
M0146270,N,68,1,24824.84,0,0,2,7009.43,21435.56,2.69
M0146271,N,77,1,5592.2,0,0,0,2005.0,4881.02,0.0
M0146272,N,46,0,8512.26,1,0,0,1732.72,5569.37,0.92
M0146273,N,80,1,3986.54,0,1,0,3745.12,2759.32,0.74
M0146274,N,65,1,11573.09,0,2,0,7353.33,10761.08,1.13
M0146275,N,31,2,32591.69,1,1,2,6888.11,22870.43,0.72
M0146276,N,29,0,7140.43,0,1,0,3481.73,7508.32,0.76
M0146277,N,50,0,5306.65,0,0,0,1533.07,3116.67,0.47
M0146278,N,63,1,4337.96,0,0,0,797.57,5817.37,1.04
M0146279,Y,57,3,283001.68,1,2,3,152167.17,168728.83,4.15
M0146280,N,76,1,5267.35,0,1,1,620.2,6922.39,1.08
M0146281,N,35,4,9432.43,1,1,1,5704.0,8309.57,2.27
M0146282,N,47,2,12302.99,0,1,0,1635.89,12225.72,0.46
M0146283,N,19,0,16019.83,1,1,0,1557.48,13566.09,2.6
M0146284,N,67,1,7142.51,0,0,0,3354.81,2504.27,0.32
M0146285,N,49,1,22273.57,0,0,0,14706.54,21058.59,1.65
M0146286,N,22,1,4295.4,0,2,0,2259.85,2632.44,1.2
M0146287,Y,81,2,128664.2,2,2,3,74048.85,75386.41,2.46
M0146288,N,25,3,6232.79,0,0,0,2855.96,2970.2,0.71
M0146289,N,22,1,7275.89,0,2,0,2737.61,5134.02,1.31
M0146290,N,34,0,20910.54,2,1,2,3113.02,15268.61,2.33
M0146291,N,28,0,5351.34,0,0,0,2372.55,3532.81,0.0
M0146292,N,70,1,6692.77,0,0,0,1385.38,4639.82,0.0
M0146293,N,44,0,6540.87,0,0,0,4091.81,5750.05,1.59
M0146294,N,56,1,7814.15,0,2,0,2831.96,7111.97,2.02
M0146295,N,43,1,4522.02,0,0,0,1447.93,6150.99,0.22
M0146296,N,56,2,28270.26,1,0,0,5213.46,26495.94,0.65
M0146297,N,38,0,30366.77,0,0,0,3059.02,31243.66,0.09
M0146298,N,64,1,11278.37,0,0,0,8161.61,4621.39,1.98
M0146299,N,69,2,20254.31,0,0,0,5992.93,13456.4,1.94
M0146300,N,77,0,24916.35,0,0,0,2279.95,17350.01,0.48
M0146301,N,30,0,27133.29,0,0,1,6169.64,15843.11,2.92
M0146302,N,22,1,12393.8,0,0,0,2755.15,17074.42,1.71
M0146303,N,40,0,9583.88,0,0,0,8755.4,3653.8,1.03
M0146304,N,76,1,29405.92,0,3,0,9685.61,22002.72,1.76
M0146305,N,64,0,15583.59,1,0,0,6677.82,9083.68,1.12
M0146306,N,49,0,7732.09,1,1,0,2832.28,3846.59,2.01
M0146307,N,57,0,22437.65,0,0,1,9273.61,9204.35,2.74
M0146308,N,72,3,5662.39,1,1,0,2365.69,6701.6,1.64
M0146309,N,54,3,26092.32,2,0,0,12061.41,10852.42,1.99
M0146310,N,49,1,6144.74,0,0,0,3028.99,4472.45,0.96
M0146311,N,70,0,9877.97,0,0,0,5472.74,8192.73,0.0
M0146312,N,71,0,3692.44,0,0,0,758.36,2445.33,0.0
M0146313,N,63,1,4724.58,0,2,1,1693.75,2912.62,0.71
M0146314,N,56,2,9261.97,0,2,0,3442.95,4265.93,1.47
M0146315,N,65,0,13221.43,0,1,0,5799.09,9143.36,2.16
M0146316,N,47,1,5176.08,0,1,1,2218.91,3241.47,0.0
M0146317,N,51,2,4807.11,0,0,0,1469.51,5992.78,1.61
M0146318,N,56,2,1932.08,1,0,1,1757.12,1755.12,1.34
M0146319,N,69,1,14992.5,0,0,0,5247.66,8452.17,0.78
M0146320,N,45,3,20062.62,0,0,1,5731.73,14255.0,1.61
M0146321,N,31,1,29935.27,0,1,0,5606.42,46376.19,1.74
M0146322,N,26,1,9295.17,0,2,1,2648.0,6379.59,1.3
M0146323,N,40,2,16256.39,1,0,0,2491.51,12551.57,0.51
M0146324,N,38,1,29213.57,2,3,0,7322.96,22618.67,1.34
M0146325,N,72,1,3544.56,0,0,0,959.02,3463.68,0.45
M0146326,N,73,0,7554.93,0,1,0,1900.27,9483.69,0.58
M0146327,N,26,0,14862.57,0,0,1,2905.26,10431.34,2.67
M0146328,N,32,1,4450.06,0,1,2,2139.14,2207.14,0.27
M0146329,N,30,0,32395.17,2,1,0,7028.78,35224.44,1.91
M0146330,N,62,2,8207.1,0,1,0,2476.5,9873.38,0.03
M0146331,N,49,2,14263.85,0,0,0,8266.45,3865.77,0.38
M0146332,N,63,2,14820.92,1,2,0,6414.67,5469.98,1.72
M0146333,N,47,1,13269.9,0,0,0,3097.91,12944.23,1.87
M0146334,N,56,1,14608.01,0,0,1,5996.21,10114.67,2.23
M0146335,N,48,1,11038.57,1,0,0,1300.27,13750.51,0.0
M0146336,N,43,0,4713.75,0,0,0,696.17,5859.86,0.0
M0146337,N,58,0,2815.48,0,1,0,1834.46,2182.12,1.33
M0146338,N,71,1,9090.46,1,2,2,2764.0,5509.53,1.54
M0146339,N,19,2,24246.6,0,1,0,3272.8,32721.84,1.85
M0146340,N,37,1,3282.45,0,1,0,2821.96,2953.32,1.67
M0146341,N,34,2,21111.1,1,2,1,3755.14,15754.44,0.99
M0146342,N,40,1,6961.36,0,0,1,4464.8,7646.02,0.87
M0146343,N,38,0,2805.65,1,0,0,794.59,2361.48,0.14
M0146344,N,45,2,15499.29,1,2,1,7012.64,13757.32,1.99
M0146345,N,29,2,9076.0,0,0,0,5116.88,8407.09,1.37
M0146346,N,45,0,6742.45,0,1,1,3920.53,6227.14,1.23
M0146347,N,72,0,6473.03,0,0,0,2143.56,4689.53,0.52
M0146348,N,69,1,18845.85,1,1,0,10544.19,20019.0,0.14
M0146349,Y,36,6,305589.33,3,4,4,102921.03,176726.14,5.07
M0146350,N,71,0,2470.02,1,0,0,1292.36,2556.08,0.0
M0146351,N,25,0,14866.96,0,0,0,7705.95,3920.06,0.0
M0146352,N,28,2,2003.78,0,1,0,582.56,1760.09,0.95
M0146353,N,78,1,15109.44,0,1,0,7654.35,8110.95,2.2
M0146354,Y,42,5,215818.51,5,5,1,123560.53,136651.3,6.7
M0146355,N,24,0,40532.37,0,0,0,10740.4,21653.37,2.73
M0146356,N,36,0,10102.96,0,1,1,2347.02,7663.71,0.0
M0146357,N,36,1,20499.88,1,0,0,7542.32,25873.45,1.56
M0146358,Y,76,5,159745.22,3,1,5,71005.1,76994.81,3.18
M0146359,N,29,0,14374.3,0,0,0,6115.69,15036.14,1.75
M0146360,N,71,1,6745.64,0,0,0,2359.97,5767.79,0.45
M0146361,N,48,1,11627.78,1,1,0,2675.34,7684.38,1.41
M0146362,N,61,2,6846.57,0,0,0,666.28,6957.22,0.25
M0146363,N,74,0,5265.62,0,0,0,2205.26,2174.29,0.74
M0146364,N,20,0,2871.79,0,0,0,680.93,2308.08,0.0
M0146365,N,40,0,8074.58,0,1,2,621.99,7949.95,0.84
M0146366,N,31,1,17083.21,0,0,1,4759.06,9678.63,1.15
M0146367,N,44,2,7732.84,0,0,0,4664.97,6512.86,0.03
M0146368,N,40,0,73003.87,1,1,2,3289.71,62306.37,1.75
M0146369,N,21,1,44458.02,1,0,0,7735.15,36177.5,1.25
M0146370,N,46,0,3115.22,0,0,0,2585.5,2523.43,0.0
M0146371,N,68,3,24826.48,0,2,1,13734.8,7961.48,1.41
M0146372,N,28,0,9304.35,1,1,0,667.83,7274.77,0.45
M0146373,N,53,0,28698.67,0,0,0,17448.47,6448.62,1.13
M0146374,N,47,0,17479.57,1,2,0,2567.05,14523.59,0.51
M0146375,N,32,1,11538.42,0,0,0,5429.45,13366.86,0.74
M0146376,N,69,2,10685.1,1,1,0,2606.51,9268.69,1.63
M0146377,N,75,1,3209.06,0,1,0,1359.3,1964.0,1.1
M0146378,N,54,1,13863.47,0,0,0,5236.95,10171.83,1.15
M0146379,N,69,0,8255.45,0,0,0,1641.41,13214.77,1.11
M0146380,Y,62,4,276563.4,4,4,3,129876.95,160605.07,4.03
M0146381,N,52,0,9817.27,0,2,0,7710.65,8976.47,1.61
M0146382,Y,50,8,435285.91,4,2,4,197173.59,175431.39,6.99
M0146383,Y,36,6,180401.73,5,4,2,57064.56,113551.19,3.56
M0146384,N,48,0,14958.39,0,0,0,3945.92,13300.61,0.65
M0146385,N,23,1,2394.85,0,0,1,1160.6,726.0,1.53
M0146386,N,47,1,6527.82,0,3,1,6278.53,4655.94,0.25
M0146387,N,80,0,36987.33,1,3,1,5199.88,32492.67,3.45
M0146388,N,60,2,6825.61,0,0,0,514.91,6857.17,0.37
M0146389,N,79,1,3188.65,0,0,2,2271.13,2064.63,0.99
M0146390,N,39,1,16739.46,1,1,0,1624.55,25351.03,1.77
M0146391,N,67,2,17618.17,0,0,0,4355.01,14862.75,2.27
M0146392,N,73,3,10655.27,0,0,2,2512.05,8900.7,1.84
M0146393,N,72,0,4297.36,0,0,0,1396.56,5846.04,1.47
M0146394,N,76,2,5710.96,0,0,0,1326.59,3667.38,0.95
M0146395,N,32,1,7790.91,0,0,0,3295.01,5059.85,0.06
M0146396,N,32,2,13584.72,1,2,1,4966.89,9148.87,2.35
M0146397,N,59,1,33871.44,0,2,0,8747.09,22692.31,2.53
M0146398,N,36,2,5701.69,0,0,0,2351.87,2943.48,0.32
M0146399,N,45,0,12809.11,1,0,1,2178.62,15971.81,0.2
M0146400,N,63,0,20175.93,0,0,0,5285.87,15307.22,1.68
M0146401,N,35,1,2657.28,0,0,0,718.0,3167.53,0.3
M0146402,N,33,1,13232.53,0,1,0,3486.95,6972.7,0.43
M0146403,N,29,1,13905.12,0,1,0,1973.09,10258.28,0.2
M0146404,N,41,1,15241.01,0,1,1,4860.21,9227.96,0.0
M0146405,N,55,1,4810.17,0,1,0,3174.01,4025.77,0.51
M0146406,N,75,0,6800.89,0,0,2,1002.61,7145.78,0.78
M0146407,N,67,0,9518.1,0,1,1,600.08,12005.69,0.77
M0146408,N,74,0,19783.19,0,1,0,10528.79,7500.21,2.24
M0146409,N,44,1,23382.84,0,2,0,5214.22,22716.56,1.12
M0146410,N,40,3,14943.67,1,1,1,4384.97,12233.7,1.99
M0146411,Y,51,4,104431.09,2,2,3,60459.62,27848.73,4.62
M0146412,N,55,1,6246.3,0,0,0,2584.88,7705.33,0.5
M0146413,N,63,0,5066.75,0,0,0,742.48,8403.36,1.67
M0146414,N,69,0,5854.41,1,1,0,2784.28,7320.51,1.03
M0146415,N,18,1,14856.86,0,0,0,3341.56,10130.85,0.0
M0146416,N,62,0,4535.28,0,0,0,676.88,4613.46,0.51
M0146417,N,47,1,15411.89,0,0,0,3774.77,9394.48,2.47
M0146418,N,59,1,13677.56,0,4,3,4219.13,13535.9,2.06
M0146419,N,41,2,7151.17,0,0,0,1050.26,6902.41,0.99
M0146420,N,60,1,1315.66,1,1,0,547.63,1294.05,0.56
M0146421,N,66,0,14987.07,1,0,0,4897.25,16933.74,1.43
M0146422,N,59,3,9607.48,0,1,0,3366.67,8143.86,1.24
M0146423,Y,85,4,212571.35,3,5,2,60771.75,124998.9,6.9
M0146424,N,48,2,3461.82,0,1,0,1129.06,4805.57,1.23
M0146425,N,28,3,15295.33,0,0,0,2120.02,10963.39,1.65
M0146426,N,43,4,5305.88,0,2,1,1951.26,3910.34,2.87
M0146427,N,24,0,32081.31,0,1,0,2015.94,23101.84,1.33
M0146428,N,75,1,5876.68,1,0,0,1512.56,4085.32,0.98
M0146429,N,20,0,26878.94,0,1,1,23186.68,9695.87,2.32
M0146430,N,48,3,27179.07,1,1,1,2069.22,27563.55,0.44
M0146431,N,64,1,7920.36,0,1,0,1819.03,5496.58,1.32
M0146432,N,45,0,10692.98,1,0,0,5957.04,6975.88,0.47
M0146433,N,65,3,6027.42,0,0,0,1804.43,4005.0,0.71
M0146434,N,36,0,2172.15,0,0,0,1001.05,1098.06,0.41
M0146435,N,36,2,3886.14,0,0,0,3463.69,3187.26,0.0
M0146436,N,58,0,4520.68,1,1,0,3078.37,3897.27,0.36
M0146437,N,23,0,10627.87,0,0,0,3965.72,5486.2,1.28
M0146438,N,33,1,7497.23,0,0,0,490.93,10785.71,1.03
M0146439,N,51,1,4479.72,0,0,1,4029.69,2944.82,0.0
M0146440,N,24,1,9743.84,0,2,0,1395.53,7297.75,0.0
M0146441,N,71,1,2320.2,0,1,2,727.13,3408.29,0.33
M0146442,Y,54,7,727096.13,3,3,6,136470.27,534382.2,7.39
M0146443,N,66,0,4301.74,0,0,0,936.78,6369.31,0.25
M0146444,N,72,0,6032.19,0,1,0,3991.82,4017.47,0.7
M0146445,N,20,2,16503.19,0,0,1,5810.29,13875.15,1.9
M0146446,N,31,1,25549.74,0,0,0,36629.65,6036.77,1.54
M0146447,N,59,1,15572.05,0,2,0,5288.62,16642.87,1.13
M0146448,N,31,2,11390.35,0,1,1,1795.21,18909.6,2.26
M0146449,N,27,0,5029.32,0,0,0,2411.54,2320.71,0.24
M0146450,N,74,3,23333.55,0,3,0,4260.31,15247.43,1.72
M0146451,N,47,0,15718.32,0,0,0,1229.74,12935.5,1.76
M0146452,Y,72,10,239688.73,4,5,6,81092.64,170185.14,6.89
M0146453,N,22,0,13246.04,0,0,0,5440.65,9122.67,1.26
M0146454,Y,72,6,354870.12,4,5,4,274055.28,176780.41,6.36
M0146455,N,21,0,5998.5,1,0,0,3241.08,3653.35,1.12
M0146456,N,40,0,4225.59,0,0,0,1552.48,5159.2,1.05
M0146457,N,20,2,12447.17,0,0,0,4187.78,6658.37,1.09
M0146458,N,56,3,23891.38,0,1,0,2606.37,40822.96,2.36
