member_id,synthetic_high_cost_member_flag,member_age,chronic_condition_count,prior_year_paid_claims,inpatient_admissions,er_visits,specialty_rx_count,rx_paid_claims,medical_paid_claims,comorbidity_score
M0108279,N,50,0,12156.31,0,0,0,2633.73,15464.93,1.22
M0108280,N,65,3,27695.21,0,2,0,6426.78,18855.16,1.91
M0108281,N,66,0,7320.29,0,1,0,2783.43,4897.62,1.02
M0108282,N,38,1,10322.63,1,0,1,8635.82,8313.43,1.96
M0108283,N,64,0,18586.14,0,2,0,4816.65,10569.07,0.87
M0108284,Y,81,4,172554.41,4,1,1,141752.71,99107.68,5.1
M0108285,N,51,2,8092.01,1,1,0,3555.9,5300.55,0.0
M0108286,N,79,1,23135.33,0,3,0,9205.36,28711.99,1.66
M0108287,N,32,0,5099.0,1,0,0,510.97,3975.91,0.0
M0108288,N,25,1,10412.41,0,0,0,5383.33,4716.08,0.54
M0108289,N,41,1,16827.37,1,1,1,5561.63,22201.66,1.47
M0108290,N,77,2,5052.84,0,0,0,4773.07,4034.91,1.08
M0108291,N,66,1,19961.99,0,0,1,2751.28,17606.8,2.85
M0108292,N,76,2,11803.79,0,1,0,2420.4,16412.65,1.77
M0108293,N,19,1,4312.85,0,0,0,4144.73,3164.0,1.38
M0108294,N,48,0,11056.91,0,1,0,1636.07,8683.31,0.07
M0108295,N,34,1,26400.35,0,0,0,8119.04,15742.02,1.38
M0108296,N,66,1,6731.79,1,1,0,2893.83,3567.42,0.68
M0108297,N,41,2,12842.11,0,0,2,2132.39,18731.95,0.01
M0108298,N,55,1,4681.99,0,0,0,702.69,2982.58,0.58
M0108299,N,45,0,8732.91,0,0,0,744.25,8034.75,0.0
M0108300,N,31,1,10596.61,1,0,1,2007.96,6713.78,0.0
M0108301,N,44,0,4590.48,0,0,1,3248.29,5077.92,1.47
M0108302,N,62,0,3577.4,0,1,1,1578.43,2053.73,0.49
M0108303,N,64,0,5014.72,0,1,0,1251.85,6701.81,2.08
M0108304,N,57,0,10966.91,0,2,0,8738.52,9845.84,1.63
M0108305,N,64,0,6075.52,0,1,0,3083.86,3452.15,1.04
M0108306,N,75,0,5828.84,0,0,0,790.71,5444.95,0.72
M0108307,N,65,2,7318.31,0,0,3,2588.91,5375.11,0.58
M0108308,N,63,1,23552.62,0,1,0,10519.24,14974.3,0.0
M0108309,N,21,1,20300.29,0,2,0,1721.64,15253.91,0.11
M0108310,N,64,0,15920.46,1,0,1,7979.77,5519.96,0.9
M0108311,N,72,2,12962.25,0,0,0,9143.58,3985.05,0.0
M0108312,N,48,1,25216.71,1,2,0,3618.83,28371.36,2.23
M0108313,N,51,0,20466.55,0,2,0,5722.0,13048.63,0.21
M0108314,N,59,1,16138.94,0,1,0,2338.45,14176.56,1.49
M0108315,N,58,1,20988.49,0,0,0,2397.16,14378.09,2.22
M0108316,N,28,1,10008.95,1,1,1,3401.73,11654.18,0.2
M0108317,N,54,1,12529.5,0,0,0,1573.12,10509.37,0.0
M0108318,N,49,0,11029.23,0,0,0,8046.64,8702.85,0.47
M0108319,N,64,1,23945.1,0,0,0,1921.51,23723.77,0.47
M0108320,N,75,1,21224.28,0,0,0,2676.83,15597.19,2.43
M0108321,N,26,0,8238.08,1,0,0,3477.21,3605.94,0.96
M0108322,N,63,3,19169.32,0,1,1,14370.34,18494.21,0.33
M0108323,N,21,1,3105.1,0,0,0,2302.3,2949.42,0.11
M0108324,N,61,0,6056.24,2,0,0,1943.0,3393.82,0.8
M0108325,N,79,1,4274.32,0,0,0,1042.59,2341.67,2.49
M0108326,N,26,1,3561.46,0,0,0,729.77,5078.95,0.03
M0108327,N,30,1,9598.26,0,0,0,2610.86,12884.71,1.6
M0108328,N,50,1,9136.78,0,2,0,1629.64,14565.73,0.92
M0108329,N,55,2,50689.1,1,1,1,14120.0,73463.65,1.8
M0108330,N,79,1,44174.12,0,2,0,1538.53,47908.43,1.51
M0108331,N,49,1,7361.86,0,1,1,5254.17,6818.1,2.08
M0108332,N,56,1,5084.65,0,0,1,4691.87,2496.48,0.57
M0108333,N,55,0,14273.03,0,1,0,2655.88,9482.99,1.49
M0108334,N,45,0,4268.04,0,1,0,1977.41,5393.68,1.3
M0108335,N,33,0,5537.48,0,0,0,1300.09,8058.51,1.8
M0108336,N,38,2,4110.09,0,0,0,866.33,2611.09,0.7
M0108337,N,72,2,16152.72,0,0,0,2502.84,12812.4,0.2
M0108338,N,37,2,3399.24,0,1,0,622.24,2744.63,0.33
M0108339,N,67,2,8707.11,0,0,1,3889.71,8519.61,0.99
M0108340,N,40,0,3746.83,0,1,0,2826.0,3537.55,0.57
M0108341,N,28,1,21139.04,0,0,0,6297.83,20206.66,0.0
M0108342,N,57,0,4803.53,0,0,1,2864.86,2665.92,0.19
M0108343,N,64,2,6795.75,1,0,1,3897.99,3996.73,1.1
M0108344,N,33,2,21548.55,0,3,2,4036.95,15601.8,3.36
M0108345,N,41,1,16468.96,0,1,0,2812.13,20304.39,0.79
M0108346,N,38,2,7233.31,0,1,0,1927.51,7793.59,0.76
M0108347,N,52,0,9474.36,0,1,1,3550.27,13504.7,0.09
M0108348,N,66,1,7572.53,0,0,0,1958.95,4325.21,2.14
M0108349,N,56,0,7831.22,0,1,0,1240.4,9064.82,0.38
M0108350,N,76,2,16419.47,1,0,1,6293.89,7277.84,0.34
M0108351,N,30,1,2498.69,0,2,0,982.45,2757.8,1.48
M0108352,N,77,1,7745.03,0,2,0,3230.06,5923.37,0.83
M0108353,N,27,1,4276.48,0,1,0,1808.08,3192.31,1.1
M0108354,N,43,1,19081.98,0,1,0,5997.07,10097.38,0.08
M0108355,N,25,2,4509.5,0,2,0,2360.7,5364.69,2.08
M0108356,N,78,0,7439.41,0,0,0,4701.19,4892.1,1.45
M0108357,N,34,2,10417.73,1,2,0,7565.93,3699.28,1.82
M0108358,Y,84,5,324570.5,1,4,3,146660.52,143562.73,5.33
M0108359,N,45,1,12632.43,1,1,0,5787.45,11875.58,1.34
M0108360,N,71,2,20676.57,0,0,0,6319.09,15256.36,0.72
M0108361,N,21,1,11419.3,0,0,0,1129.64,8029.69,0.54
M0108362,N,23,1,13043.75,0,0,1,3979.2,15647.37,1.29
M0108363,N,41,2,3524.07,0,0,0,1062.39,2252.72,0.33
M0108364,N,29,1,11768.33,0,0,0,2427.32,7628.36,1.33
M0108365,N,76,2,41951.55,1,0,0,4891.3,29632.58,2.68
M0108366,N,33,1,5410.8,0,0,0,931.75,8732.0,1.47
M0108367,N,75,1,22028.62,0,1,0,2933.28,20360.47,0.86
M0108368,N,27,1,13115.76,0,0,0,2785.52,11527.46,2.21
M0108369,N,44,3,12398.97,1,0,0,3633.53,9233.36,1.9
M0108370,N,40,1,35643.81,1,0,1,7616.3,20911.45,1.51
M0108371,N,58,1,5990.34,1,1,0,4862.61,5371.86,1.73
M0108372,N,21,2,10717.73,1,1,0,4991.98,6237.82,0.71
M0108373,N,51,2,5904.11,1,0,0,3836.68,5600.57,2.23
M0108374,N,29,0,6466.78,0,0,0,1219.98,5007.87,0.25
M0108375,N,43,1,4719.8,1,0,0,2220.45,5033.09,0.86
M0108376,N,67,0,25756.08,0,0,0,5393.44,15806.4,0.85
M0108377,N,22,0,4823.02,0,0,0,539.63,4976.66,1.8
M0108378,N,77,2,31667.28,0,1,0,10101.42,26131.3,1.02
M0108379,N,39,1,7076.03,0,0,0,1911.71,3786.77,1.43
M0108380,N,67,2,33324.97,0,0,1,3601.97,27250.74,2.2
M0108381,N,64,1,18659.85,0,1,0,2227.93,29628.88,1.89
M0108382,N,41,1,24300.2,0,1,0,7710.28,17254.81,0.27
M0108383,N,62,1,27898.65,0,0,0,3131.1,43027.93,1.19
M0108384,N,67,1,25294.29,0,0,0,6504.61,17716.71,2.53
M0108385,N,65,1,26835.26,0,0,0,2219.01,20743.01,2.1
M0108386,N,25,1,7973.83,0,0,1,1824.61,6698.28,0.43
M0108387,N,36,0,8210.95,0,2,0,1370.63,5276.38,0.0
M0108388,N,51,3,29728.72,0,2,0,10716.07,15158.51,0.51
M0108389,Y,58,8,130225.6,6,4,3,92675.53,86287.83,3.32
M0108390,N,37,1,4110.05,0,0,0,1614.25,2232.92,0.77
M0108391,N,51,2,22572.13,1,0,0,9421.46,12614.14,0.52
M0108392,Y,36,3,294422.55,3,6,4,87678.98,215530.79,6.41
M0108393,N,55,0,11584.42,0,0,1,3646.66,11104.92,2.62
M0108394,N,77,1,12351.6,0,0,0,912.0,11638.68,1.54
M0108395,N,46,0,5573.24,0,1,0,3225.02,3260.09,0.41
M0108396,N,22,0,13312.29,1,0,1,6636.15,5905.25,1.04
M0108397,N,67,2,10863.1,0,0,0,2760.93,6965.15,2.06
M0108398,N,74,0,8876.86,0,1,0,3832.79,6612.42,1.07
M0108399,N,35,0,5663.42,0,2,0,3120.19,2871.28,1.24
M0108400,N,53,0,3576.72,0,1,0,1142.75,4617.21,0.02
M0108401,N,31,1,5644.4,0,0,0,2725.34,6169.87,1.24
M0108402,N,60,1,16764.24,0,0,0,845.91,15382.2,1.16
M0108403,N,52,2,7637.78,0,0,0,1060.03,5312.09,0.89
M0108404,N,48,0,8497.69,1,0,1,6373.77,7245.36,1.89
M0108405,N,26,0,16181.39,1,0,2,1940.6,14825.15,1.19
M0108406,N,56,0,10327.85,0,1,0,4085.39,4024.69,0.64
M0108407,N,44,0,5632.11,0,0,0,2137.93,4660.96,0.0
M0108408,N,55,1,9939.31,1,1,1,1197.71,9355.06,0.0
M0108409,N,68,4,11896.63,0,0,0,2746.3,7387.41,1.55
M0108410,N,30,2,16734.12,0,2,0,3091.64,16224.3,2.12
M0108411,N,42,0,2959.16,0,1,0,605.07,4210.44,0.0
M0108412,N,76,1,32006.33,0,1,0,4847.95,21643.58,1.73
M0108413,N,67,0,10261.99,2,1,0,1893.39,12191.67,2.19
M0108414,N,70,2,18426.89,1,2,0,4765.89,12187.07,1.23
M0108415,Y,58,3,210090.67,2,3,1,67368.89,145507.93,4.22
M0108416,N,73,0,2030.65,0,0,0,1148.31,1740.55,0.39
M0108417,N,19,0,9838.57,0,2,0,3426.07,4529.41,0.06
M0108418,N,79,0,5626.69,0,0,0,428.58,5222.69,0.2
M0108419,N,70,2,31428.76,0,1,1,12498.72,21903.57,0.0
M0108420,N,27,1,2785.99,0,0,0,1248.81,1653.94,0.67
M0108421,N,68,0,5813.89,0,1,0,979.79,3750.08,1.47
M0108422,N,56,3,27628.41,0,0,1,14850.22,10214.05,1.99
M0108423,N,56,1,7235.82,1,0,0,4120.33,5775.45,0.51
M0108424,N,51,0,7056.52,0,1,0,2999.41,2580.91,1.03
M0108425,N,74,1,5137.87,0,0,0,2508.86,3948.53,0.0
M0108426,N,23,0,12165.02,0,2,0,6092.92,5006.98,0.88
M0108427,N,70,0,17148.46,1,1,1,3987.49,10113.53,1.62
M0108428,N,26,0,4726.84,0,0,0,1898.61,1986.89,0.05
M0108429,N,70,0,19877.32,0,0,0,5127.49,11337.84,1.1
M0108430,N,75,2,9811.48,1,0,1,1209.41,9598.3,1.31
M0108431,N,70,1,14061.44,0,0,0,2972.87,9437.79,0.0
M0108432,N,63,0,2773.56,0,0,0,556.02,3015.79,0.0
M0108433,N,37,0,6955.94,0,0,1,1895.26,5457.12,2.56
M0108434,N,61,1,11455.89,0,1,1,3165.27,13003.11,0.37
M0108435,N,62,1,2037.13,0,0,0,1298.77,1532.15,0.0
M0108436,N,36,1,26764.46,0,1,0,2738.55,19434.35,1.64
M0108437,N,38,1,8894.04,0,1,1,1471.24,13472.69,1.33
M0108438,N,63,1,7250.68,0,1,0,2595.0,3858.67,1.78
M0108439,N,48,0,9268.38,0,0,0,802.89,6695.14,1.29
M0108440,N,37,1,20509.83,0,0,0,4593.29,14212.4,0.82
M0108441,N,49,0,23299.59,1,1,1,10138.6,12932.47,1.87
M0108442,N,36,2,1449.59,0,1,1,944.07,1366.86,0.43
M0108443,N,45,1,5649.65,0,1,0,2326.11,6445.07,0.46
M0108444,N,54,1,8665.81,0,0,1,2208.2,8686.31,1.52
M0108445,N,36,1,21659.98,0,1,2,7502.13,20018.98,2.68
M0108446,N,56,2,14922.52,0,3,1,6001.29,20826.86,0.3
M0108447,N,21,1,3924.41,0,0,0,2113.7,2506.16,0.79
M0108448,N,35,2,20992.75,0,2,0,8100.4,11225.72,1.86
M0108449,N,71,0,1435.13,0,0,1,427.29,2127.4,0.0
M0108450,N,68,0,10738.55,0,0,0,3293.83,15262.56,2.53
M0108451,N,28,1,7862.19,0,0,0,2234.27,3978.46,1.02
M0108452,N,76,3,11870.21,0,2,0,3144.58,10809.73,2.33
M0108453,N,38,0,6249.63,0,0,0,949.96,4486.05,0.39
M0108454,N,59,3,66280.0,0,2,1,35618.02,19688.57,2.19
M0108455,N,49,2,4195.31,0,0,0,1305.87,2149.15,0.0
M0108456,N,25,1,12048.67,0,1,0,8969.88,7192.04,1.76
M0108457,N,50,1,2584.55,0,1,0,755.16,2345.34,0.53
M0108458,N,18,0,7284.27,0,2,0,1993.98,5928.95,0.29
M0108459,N,50,0,10758.84,0,0,0,2589.8,11203.83,1.05
M0108460,N,38,0,8732.56,0,0,0,5549.42,3204.16,0.82
M0108461,N,52,1,9915.43,1,1,0,1728.81,7580.69,0.07
M0108462,N,69,2,9519.82,0,1,1,1873.94,9212.89,0.0
M0108463,N,66,2,15059.92,1,0,0,2294.1,10612.3,2.35
M0108464,N,74,1,12910.12,1,1,2,2432.4,12587.24,0.23
M0108465,N,38,2,6615.25,1,1,0,3974.51,3487.0,1.75
M0108466,N,52,0,2925.91,0,2,2,805.74,4175.57,0.77
M0108467,N,80,2,17591.72,0,1,0,4672.24,13839.71,0.81
M0108468,N,51,1,21108.45,0,1,0,6878.8,10230.89,1.12
M0108469,N,19,0,11559.34,0,1,0,1990.39,17016.45,1.28
M0108470,N,70,2,7785.86,0,0,1,3024.13,8679.95,2.08
M0108471,N,23,0,13589.88,0,0,0,3119.89,9371.76,0.75
M0108472,N,53,2,5527.28,1,0,0,1011.1,9016.52,0.0
M0108473,N,44,0,9376.55,0,0,0,2350.9,13159.71,0.0
M0108474,N,24,1,5472.26,0,0,1,2858.64,6080.31,1.45
M0108475,N,32,0,24419.76,0,0,0,3587.93,19336.71,1.35
M0108476,N,47,0,11300.1,0,0,0,3022.21,7285.12,0.54
M0108477,N,54,2,20822.14,0,0,0,3780.36,15500.95,1.3
M0108478,N,37,2,64974.17,1,2,0,2250.65,49017.74,2.41
M0108479,N,39,3,8672.67,1,1,0,3089.81,4881.42,0.96
M0108480,N,30,2,30127.69,1,1,0,10643.04,21077.83,2.88
M0108481,N,70,1,10788.54,0,3,1,1927.33,8741.96,2.01
M0108482,N,58,2,18213.41,0,2,0,5962.18,12031.75,2.06
M0108483,N,50,2,13690.22,0,0,1,4750.3,11767.4,2.54
M0108484,N,75,0,14538.31,0,1,0,9947.39,12584.23,0.49
M0108485,N,47,0,6902.01,0,0,0,1223.77,6120.09,1.49
M0108486,N,70,1,12204.45,0,1,0,1217.47,8875.45,2.28
M0108487,N,38,1,12572.48,0,0,0,9498.49,7169.51,0.78
M0108488,N,24,1,3100.78,0,0,0,402.2,2247.49,0.0
M0108489,N,37,0,9175.27,1,0,0,1349.18,9809.48,1.74
M0108490,N,64,0,5542.37,0,0,0,3629.57,5131.36,1.0
M0108491,N,66,1,6876.69,0,0,0,1906.91,4211.78,0.6
M0108492,N,31,1,13235.33,1,0,0,5682.7,6656.54,1.51
M0108493,N,59,0,17083.34,0,1,0,5087.63,11189.43,0.0
M0108494,N,73,1,14403.39,0,0,0,8764.34,5648.38,1.8
M0108495,N,37,0,8852.2,0,0,0,3415.4,3637.0,0.25
M0108496,N,34,2,7796.31,0,0,1,1908.98,6942.02,1.28
M0108497,N,64,0,5435.88,1,1,0,1273.89,4310.53,1.15
M0108498,N,72,1,12522.91,0,0,1,2162.72,9005.45,0.0
M0108499,N,39,0,7991.96,0,3,1,1027.89,10010.68,1.53
M0108500,N,68,3,31131.51,1,2,0,939.52,24623.33,2.79
M0108501,N,31,1,10191.69,0,0,0,3309.47,9790.47,1.81
M0108502,N,49,2,16320.68,0,1,0,7558.63,6884.47,1.72
M0108503,N,78,1,43223.77,0,0,0,10144.84,29899.14,0.74
M0108504,N,60,1,5044.13,0,1,1,880.8,7655.99,1.21
M0108505,N,66,1,21887.34,0,2,0,12410.05,7545.01,0.94
M0108506,N,70,0,10581.01,0,0,0,1590.19,8924.99,1.02
M0108507,N,49,1,26574.33,1,0,0,3211.18,24888.75,0.94
M0108508,N,42,2,14235.09,1,1,1,5732.99,16356.52,2.35
M0108509,N,78,2,21756.19,0,2,0,5179.56,12044.47,2.14
M0108510,Y,70,4,251268.35,4,2,4,193214.51,100959.6,5.89
M0108511,N,41,0,7583.76,2,1,0,2015.8,4967.89,0.44
M0108512,N,70,2,7608.89,1,0,0,1922.61,9361.16,2.24
M0108513,N,57,3,31907.44,1,0,1,12635.2,21248.54,2.08
M0108514,N,21,1,33050.35,0,1,0,19281.37,8617.45,1.44
M0108515,N,42,0,73889.63,0,2,1,6565.81,52065.27,1.84
M0108516,N,60,4,13850.81,0,2,0,16120.68,7369.14,1.67
M0108517,N,52,2,18278.45,1,1,0,5546.07,26192.41,1.09
M0108518,N,80,1,5200.67,1,0,0,1457.82,4727.36,1.67
M0108519,N,77,0,9646.25,0,1,0,3030.44,5608.24,1.04
M0108520,N,19,0,11804.01,0,2,0,4735.51,5009.82,0.56
M0108521,N,48,0,28500.19,0,1,1,18269.7,8625.95,2.1
M0108522,N,51,1,28111.89,1,2,0,2607.32,37489.16,0.64
M0108523,N,55,0,15298.43,0,1,1,4915.16,9345.83,2.13
M0108524,N,47,4,10689.98,2,0,0,3349.6,9232.94,1.53
M0108525,N,80,0,16782.87,0,3,0,5449.27,14367.27,1.59
M0108526,N,63,1,4331.66,0,0,0,653.01,3803.17,1.35
M0108527,N,43,2,9917.85,1,0,0,3356.58,7258.08,0.9
M0108528,N,28,1,15930.04,1,0,0,2828.36,11560.23,1.37
M0108529,N,20,4,18838.79,0,0,0,2053.06,27966.99,0.7
M0108530,N,77,1,15158.49,0,0,0,1398.69,13398.84,0.17
M0108531,Y,60,7,320109.15,4,5,4,105799.83,279809.92,7.58
M0108532,N,42,0,9328.07,0,0,0,4063.75,4368.71,0.47
M0108533,N,52,1,6967.07,1,0,0,3110.01,6206.83,1.7
M0108534,N,19,3,22798.0,0,0,0,2409.13,16747.47,0.89
M0108535,N,35,2,4273.37,0,2,1,4891.93,2541.35,0.93
M0108536,N,59,0,10769.35,0,1,0,1812.69,7072.41,1.72
M0108537,N,72,1,28222.76,1,1,0,17926.22,11398.74,1.85
M0108538,N,79,3,26391.68,0,0,0,2375.07,18291.69,2.11
M0108539,N,28,0,10321.91,0,0,0,3901.69,7885.38,1.76
M0108540,Y,74,5,186905.46,3,1,2,77581.7,117428.22,5.13
M0108541,N,35,1,7123.73,1,0,0,4114.64,5527.73,1.4
M0108542,N,69,1,17985.73,0,0,1,2867.37,16512.34,1.94
M0108543,N,22,1,1850.95,0,0,1,632.59,2651.26,0.77
M0108544,N,56,0,12931.03,0,0,0,5926.87,5195.47,0.0
M0108545,N,70,0,1565.13,0,0,0,784.66,2057.42,0.55
M0108546,N,24,0,3300.55,0,0,0,1375.72,3668.9,0.0
M0108547,N,79,0,16200.17,0,1,0,3423.82,11717.93,0.81
M0108548,N,55,2,6470.51,1,2,0,2345.64,5744.11,0.0
M0108549,N,73,0,3256.83,0,1,0,954.03,2319.33,0.0
M0108550,N,72,2,13964.99,0,1,0,2854.87,9485.68,0.6
M0108551,N,64,3,36866.77,0,1,2,4901.91,24722.37,1.08
M0108552,N,63,1,14578.24,1,1,0,12468.06,10215.27,1.54
M0108553,Y,82,6,504259.75,4,4,3,250236.05,181474.02,7.11
M0108554,Y,64,5,322914.97,3,2,2,182417.21,192676.4,5.41
M0108555,N,73,1,12377.22,0,0,0,3509.23,18977.74,1.29
M0108556,N,34,1,6650.37,0,1,2,1283.04,4138.69,0.71
M0108557,N,79,2,23041.17,0,1,0,2088.94,16985.28,1.43
M0108558,N,30,2,38589.79,2,4,0,10460.32,28432.95,1.97
M0108559,N,23,0,10238.38,0,1,0,1502.61,11100.61,0.0
M0108560,N,29,0,8964.31,0,0,0,3146.19,4099.85,0.7
M0108561,N,32,1,3204.36,1,0,0,1508.35,2651.42,0.88
M0108562,N,49,1,13138.79,0,0,0,5168.31,17518.04,0.39
M0108563,N,77,2,6161.25,0,1,1,3411.59,5529.83,1.69
M0108564,N,26,0,10322.41,0,0,0,3233.52,7716.91,0.86
M0108565,N,60,0,6328.2,0,1,0,2212.68,8290.82,1.62
M0108566,N,60,2,20427.92,0,2,0,3337.66,14678.72,3.03
M0108567,N,24,1,25553.63,1,0,1,8913.17,17464.83,1.38
M0108568,N,70,3,3867.15,0,1,1,1409.26,1810.96,2.1
M0108569,N,71,1,8054.86,0,0,0,1968.49,10449.86,1.71
M0108570,N,67,0,8733.5,0,0,0,6788.38,3998.59,2.36
M0108571,N,66,2,20563.04,0,1,0,404.75,17049.6,1.53
M0108572,N,28,0,4559.89,0,1,0,749.4,5578.32,0.19
M0108573,N,46,0,7983.45,1,1,1,1112.31,9791.85,1.66
M0108574,N,57,1,9592.17,0,0,0,1471.34,6644.62,0.0
M0108575,N,55,1,8649.39,0,0,1,3300.55,8431.58,2.02
M0108576,N,57,2,22002.46,1,1,2,8043.02,13844.4,1.67
M0108577,N,77,1,16031.19,0,2,0,4214.81,10271.89,0.0
M0108578,N,69,0,8507.81,1,1,0,2017.38,8407.79,1.44
M0108579,N,30,0,16029.23,0,2,0,3698.45,9237.72,1.48
M0108580,N,73,2,8783.97,1,1,0,2111.16,8506.67,1.67
M0108581,Y,60,5,203329.61,1,2,2,164768.43,84918.05,6.6
M0108582,N,74,3,8553.1,0,0,0,3705.1,7051.95,0.79
M0108583,N,52,1,12215.77,1,0,0,6497.0,10718.05,0.37
M0108584,N,53,0,5722.22,0,2,0,5111.49,5165.08,0.0
M0108585,N,36,0,3203.31,0,1,0,811.59,3971.79,0.0
M0108586,N,61,2,25606.72,0,0,0,8948.29,15581.2,0.97
M0108587,N,65,0,10877.59,1,1,0,2542.87,7404.69,0.8
M0108588,N,58,3,10215.09,0,1,0,4856.26,7496.68,1.39
M0108589,N,55,0,10841.29,0,1,1,3876.87,9188.22,2.64
M0108590,N,47,2,6375.54,0,1,0,636.49,7114.75,1.65
M0108591,N,36,2,3741.85,0,2,0,2545.05,3673.44,0.51
M0108592,N,23,2,5597.02,0,1,1,3027.19,7076.82,0.24
M0108593,N,62,2,24853.02,0,0,1,1491.05,21710.4,0.43
M0108594,N,71,2,21454.97,1,1,0,2821.51,21385.63,2.56
M0108595,N,47,1,10748.74,1,0,1,3761.01,10117.09,0.79
M0108596,N,53,0,22332.23,0,2,0,15275.89,12104.66,2.54
M0108597,N,19,2,32813.6,1,2,1,19314.15,14295.16,2.56
M0108598,N,67,3,5294.42,2,1,0,2465.11,6814.66,1.04
M0108599,N,73,2,16254.06,0,2,0,8282.09,7236.97,0.26
M0108600,N,28,2,18979.83,0,0,1,3427.43,22342.85,1.98
M0108601,N,71,0,4581.95,0,0,0,170.11,4906.07,0.87
M0108602,N,70,2,7277.59,0,0,0,4649.18,3285.15,0.44
M0108603,N,31,0,10639.97,1,0,1,6066.78,10735.37,2.04
M0108604,Y,68,4,96949.25,3,4,1,45844.16,69701.65,3.6
M0108605,N,33,3,13215.74,0,1,0,3002.99,9512.81,2.38
M0108606,N,59,1,7635.64,0,0,0,2640.07,7492.65,1.81
M0108607,N,75,2,12887.56,0,1,0,8645.43,3240.88,1.04
M0108608,N,56,2,4354.13,0,0,0,974.54,3956.14,0.0
M0108609,N,38,0,16442.97,0,1,1,10015.53,6300.58,0.51
M0108610,Y,61,5,147177.61,3,3,5,128974.79,75679.18,6.01
M0108611,Y,74,7,203573.52,3,4,7,71676.26,184029.82,5.3
M0108612,N,78,2,6545.68,1,2,0,1178.4,4902.81,2.18
M0108613,N,21,0,9181.38,0,1,0,6370.33,4333.86,2.11
M0108614,N,36,1,3022.35,0,2,1,3196.6,1285.3,1.54
M0108615,N,77,3,14907.96,0,0,1,6837.56,15991.84,0.81
M0108616,N,67,0,10371.51,0,1,1,3171.77,14577.36,1.88
M0108617,N,58,2,6615.1,0,2,0,4351.91,5429.28,0.72
M0108618,N,73,1,21506.56,0,1,0,11022.7,14098.15,2.95
M0108619,N,61,2,3112.19,2,2,0,3226.44,1377.15,2.5
M0108620,N,31,1,7579.54,1,0,0,3961.84,3518.47,1.3
M0108621,N,56,1,12894.91,1,0,0,2778.89,7628.62,1.52
M0108622,N,34,0,11898.34,1,0,0,4208.74,7827.03,0.99
M0108623,N,20,0,11265.99,0,1,1,1674.03,10526.18,1.28
M0108624,N,64,1,4591.97,1,1,0,1188.01,6508.0,0.0
M0108625,N,48,0,14222.56,0,1,0,1026.18,20339.8,0.73
M0108626,N,19,0,6456.93,1,0,0,927.09,10639.47,0.94
M0108627,N,35,0,16256.79,0,1,0,5217.23,11292.06,0.0
M0108628,N,80,0,6178.83,0,0,0,918.86,5851.76,0.29
M0108629,N,73,1,3589.47,1,2,0,1002.39,4749.69,0.74
M0108630,N,59,1,10566.36,0,0,2,3542.47,9831.7,0.0
M0108631,N,24,3,7163.32,0,1,0,3118.52,4630.23,1.14
M0108632,Y,66,6,416437.14,4,2,6,97305.38,278110.55,4.83
M0108633,N,78,0,5250.33,0,0,0,609.11,3901.29,0.42
M0108634,N,31,0,14398.41,0,1,1,7113.59,13879.5,2.75
M0108635,N,44,2,52723.42,0,0,1,6211.6,55615.24,0.89
M0108636,N,49,1,5635.55,0,1,1,1851.53,4837.56,0.96
M0108637,N,52,0,4882.48,0,1,0,1426.48,3225.89,0.68
M0108638,Y,61,5,166249.38,1,2,1,84656.33,132466.32,2.92
M0108639,N,75,0,4840.79,0,1,1,3679.61,3817.6,0.0
M0108640,N,63,1,6143.3,0,2,0,2134.57,5044.22,1.86
M0108641,N,37,1,19442.62,0,0,0,5228.32,14786.89,0.35
M0108642,N,78,2,9835.99,1,0,0,1863.07,6110.82,1.0
M0108643,N,68,2,40139.83,0,3,0,11034.22,21957.69,1.01
M0108644,N,33,1,8170.74,0,3,1,4008.06,8390.83,2.37
M0108645,N,39,1,15398.5,0,1,0,3224.89,11377.62,1.55
M0108646,N,49,0,21696.41,0,1,2,6110.3,11228.45,2.17
M0108647,N,55,0,6084.68,0,0,0,2058.94,2804.26,1.22
M0108648,N,58,1,4782.67,0,1,0,351.02,5706.82,0.06
M0108649,N,20,0,2399.89,0,0,0,588.72,2080.64,0.0
M0108650,N,68,1,6003.32,0,0,0,1914.96,5742.57,1.04
M0108651,N,31,3,9179.56,0,0,1,945.73,13576.11,0.56
M0108652,N,73,3,6421.75,1,2,0,2427.78,5990.92,1.54
M0108653,N,80,1,12610.57,0,0,0,1913.01,9868.47,0.2
M0108654,N,42,1,10573.14,1,0,0,7956.43,7940.04,0.0
M0108655,N,67,0,6624.79,0,1,0,1597.87,5325.54,0.21
M0108656,N,73,0,12925.57,0,0,1,1855.19,15500.8,0.84
M0108657,N,64,2,14570.15,2,1,1,3455.51,9492.13,1.46
M0108658,N,35,2,8142.52,0,0,0,881.09,7240.27,0.99
M0108659,N,70,0,6654.46,0,0,1,2047.1,4151.18,1.58
M0108660,N,62,2,4373.21,0,0,0,1990.24,1744.81,0.2
M0108661,N,20,0,7342.91,0,0,0,2373.9,9674.78,1.32
M0108662,N,69,2,8040.35,0,1,0,2013.53,8319.96,1.35
M0108663,N,28,0,13478.18,0,2,1,3044.6,17828.39,2.79
M0108664,N,33,2,32102.56,0,1,1,7285.16,24055.05,2.15
M0108665,N,37,3,10076.77,0,0,0,4105.95,11259.12,0.02
M0108666,N,77,0,13493.8,0,0,0,2787.74,14505.97,0.86
M0108667,N,59,1,12172.18,0,1,0,4146.88,6419.24,0.0
M0108668,N,40,2,10347.78,0,2,0,2357.13,9991.44,0.41
M0108669,N,40,0,10257.74,0,1,0,4139.91,11562.63,0.0
M0108670,N,47,0,15493.06,0,0,1,3614.64,19973.76,0.0
M0108671,N,27,2,6148.44,2,2,0,1307.3,4758.65,1.46
M0108672,N,70,2,13140.45,0,1,0,4126.28,16581.35,1.73
M0108673,N,67,1,6215.06,0,0,1,1572.4,4874.67,0.34
M0108674,N,67,0,3370.3,1,0,0,835.64,5284.46,0.14
M0108675,N,48,2,14064.31,1,0,0,4499.98,14085.21,0.64
M0108676,N,36,1,35069.72,0,2,0,16655.23,16120.58,1.33
M0108677,N,51,0,7496.98,0,0,0,1995.99,7117.0,0.07
M0108678,N,73,2,11644.16,0,1,0,2400.33,9758.67,0.0
M0108679,N,21,2,11318.39,0,1,0,4859.65,14897.69,1.66
M0108680,N,27,0,2783.23,0,0,0,1583.54,3012.98,0.0
M0108681,N,23,2,9355.07,0,0,1,1064.95,7756.85,1.4
M0108682,N,35,0,17107.65,0,0,0,2783.54,11818.18,0.97
M0108683,N,46,1,12112.05,1,0,0,4284.06,8085.16,0.98
M0108684,N,62,0,2568.16,0,0,0,880.69,2721.76,1.11
M0108685,N,78,0,4553.39,0,1,0,792.23,4121.72,0.0
M0108686,N,54,2,19301.9,0,0,0,2577.26,18809.98,0.58
M0108687,N,39,2,4572.73,0,0,1,1374.82,3912.07,0.0
M0108688,N,65,0,7698.73,0,2,0,591.92,5774.78,0.0
M0108689,N,18,2,19549.59,0,1,0,2777.68,13939.33,1.68
M0108690,N,20,0,8517.85,0,1,0,3999.58,4666.22,0.19
M0108691,N,18,1,11306.77,0,0,0,4410.98,6609.1,1.22
M0108692,N,55,2,9029.87,0,0,0,2827.0,8919.27,0.5
M0108693,N,50,1,3552.27,0,1,0,3117.7,2114.05,1.09
M0108694,N,59,1,11377.57,1,1,1,5405.3,11517.65,1.53
M0108695,N,59,0,8184.75,0,0,0,1854.36,5357.07,1.34
M0108696,N,60,0,10036.28,0,0,0,5892.38,10709.26,1.53
M0108697,N,50,0,8422.45,0,0,1,5169.26,3931.67,1.99
M0108698,N,71,0,6219.25,0,0,0,2186.89,3825.38,0.0
M0108699,N,80,2,7116.68,0,1,0,2763.63,9078.15,0.67
M0108700,N,78,0,9680.94,0,1,0,2700.28,5240.12,0.71
M0108701,N,29,3,11206.49,0,2,0,6324.4,13699.26,1.26
M0108702,N,34,0,4069.98,0,0,1,2326.11,1053.57,0.0
M0108703,N,70,1,7880.12,0,0,0,5007.89,4076.42,0.7
M0108704,N,29,0,5778.6,0,0,1,582.56,5636.52,1.27
M0108705,N,48,1,7075.65,0,0,0,1019.24,8625.27,0.25
M0108706,N,76,0,8568.28,0,0,0,581.97,7914.8,0.61
M0108707,N,60,2,23345.64,0,2,0,1995.83,16570.69,0.93
M0108708,N,79,0,7895.24,0,0,1,7769.25,6205.34,0.25
M0108709,N,27,1,7899.7,0,0,1,5493.65,3767.3,1.39
M0108710,N,45,2,2094.7,0,0,0,854.5,1630.23,0.0
M0108711,N,66,4,10830.1,0,1,0,4021.85,10740.42,2.33
M0108712,N,24,0,6379.39,0,0,0,2466.16,4203.22,0.77
M0108713,N,57,0,2560.55,0,0,0,1919.92,2511.38,0.6
M0108714,N,49,0,13504.79,0,0,1,4576.4,9496.99,1.31
M0108715,N,78,1,9397.14,0,1,0,1622.29,10390.15,0.5
M0108716,N,52,0,2684.46,0,2,0,1543.53,3288.1,1.75
M0108717,N,59,0,13376.66,0,1,0,2951.04,14282.78,0.49
M0108718,N,42,1,12207.95,0,2,1,4017.59,7927.81,1.02
M0108719,N,71,3,10783.22,1,2,0,5356.45,9580.47,0.63
M0108720,N,33,1,14156.64,0,3,1,7492.57,11350.67,2.16
M0108721,N,62,1,28029.54,2,1,0,4971.17,18587.01,0.44
M0108722,N,60,0,15571.39,0,0,1,2850.95,15860.73,1.1
M0108723,N,45,0,3621.81,0,0,0,949.17,2114.6,0.0
M0108724,N,61,0,6160.15,0,1,0,1038.47,4457.45,1.33
M0108725,N,36,0,7388.03,1,0,0,1265.21,5457.57,0.01
M0108726,N,62,3,44893.95,2,0,1,31552.36,10887.21,3.23
M0108727,N,38,2,8424.14,0,2,0,1487.77,9299.98,2.04
M0108728,N,44,1,8639.31,0,0,0,3259.68,7914.05,0.03
M0108729,N,59,1,10785.54,0,0,0,10815.88,5534.17,1.13
M0108730,N,71,3,15076.92,0,0,0,624.08,14383.68,1.79
M0108731,N,77,0,6456.11,0,0,0,2440.63,4825.03,0.74
M0108732,N,52,0,25850.49,0,2,0,1937.25,18461.02,0.0
M0108733,N,40,0,11189.43,0,0,0,1308.96,7548.36,0.08
M0108734,N,49,0,3304.96,0,0,0,762.39,4092.11,0.08
M0108735,N,80,2,15826.29,0,2,1,2792.43,13876.5,1.05
M0108736,N,54,0,9132.65,1,0,0,807.73,13592.29,0.87
M0108737,N,38,1,10001.96,1,2,0,2150.6,9684.85,2.27
M0108738,N,46,0,6349.05,0,0,0,1024.37,4172.9,0.0
M0108739,N,39,1,38437.77,0,0,0,22407.36,9991.08,1.57
M0108740,N,74,0,15487.19,0,0,0,3563.89,12490.9,0.34
M0108741,N,42,2,7045.18,0,0,1,1656.36,6884.2,2.79
M0108742,N,19,1,14549.93,1,1,1,3743.14,22409.54,0.66
M0108743,N,32,0,15478.95,0,0,0,1316.78,16142.01,0.54
M0108744,N,48,1,7738.53,0,1,0,1814.33,4935.8,2.07
M0108745,N,19,1,8371.74,0,0,0,5404.69,5433.65,1.35
M0108746,N,72,1,3032.8,0,0,0,1340.37,1842.4,1.33
M0108747,N,59,0,10699.64,2,1,0,2471.66,5959.97,0.0
M0108748,N,80,0,12709.42,0,0,0,6080.69,14694.56,2.7
M0108749,N,45,2,35747.93,0,0,0,1749.77,30360.14,1.21
M0108750,N,47,1,7408.1,0,2,0,4509.03,4330.95,1.41
M0108751,N,69,1,18978.17,0,2,0,5374.86,16352.43,1.19
M0108752,N,78,0,3409.55,1,1,0,1344.75,1718.91,0.79
M0108753,N,63,2,11892.92,0,0,0,1224.96,9885.25,1.33
M0108754,N,61,1,26576.66,0,1,2,3408.41,22159.76,0.67
M0108755,N,58,5,23890.15,0,0,1,4625.27,16723.83,1.83
M0108756,N,64,2,33260.83,0,2,1,8910.84,37936.66,2.05
M0108757,N,24,0,10817.44,0,0,0,5636.03,4899.78,0.81
M0108758,N,29,1,18515.91,0,0,0,8912.84,10831.28,1.35
M0108759,N,21,0,5562.53,0,0,0,1259.75,7753.65,0.89
M0108760,N,22,0,37426.12,0,0,1,21235.28,15113.9,0.54
M0108761,Y,42,5,117552.49,2,4,5,24895.9,89929.92,5.45
M0108762,N,42,1,13728.13,0,0,0,4022.48,14123.29,1.89
M0108763,N,56,0,18236.31,0,1,0,2296.16,14854.8,1.72
M0108764,N,64,2,14397.81,0,1,2,4806.56,6469.67,1.94
M0108765,N,55,1,4933.33,0,0,0,1263.88,4448.22,1.7
M0108766,N,66,1,5257.11,0,0,1,1281.59,5094.43,0.18
M0108767,N,36,1,15227.1,0,0,0,1360.67,18400.39,0.61
M0108768,N,70,1,10081.06,0,0,0,2320.86,10640.56,0.68
M0108769,N,20,2,11092.94,0,0,1,2957.56,11349.55,0.47
M0108770,N,50,0,7014.36,0,0,0,561.05,7510.72,1.21
M0108771,N,19,0,14799.99,0,1,0,1782.71,10271.37,0.63
M0108772,N,62,0,23928.19,0,0,0,6771.73,12822.71,2.82
M0108773,N,48,2,8525.5,0,2,1,2381.33,6024.61,0.0
M0108774,N,38,0,2948.01,0,0,0,1034.86,2811.13,0.98
M0108775,N,47,0,4837.51,0,0,0,557.29,3471.21,0.0
M0108776,N,68,0,5119.46,0,0,0,1905.97,2178.4,0.07
M0108777,N,57,2,3176.69,1,0,0,1263.95,3894.62,0.0
M0108778,N,23,1,12864.76,0,2,1,7706.41,6359.25,2.12
M0108779,N,41,2,8466.87,1,1,0,2863.67,6235.54,0.5
M0108780,N,29,0,15453.36,0,1,1,3583.18,17406.37,2.98
M0108781,N,47,1,7916.95,0,1,0,1779.38,6894.08,1.03
M0108782,N,75,2,5524.46,0,0,1,1957.52,3393.9,0.62
M0108783,N,78,1,4666.43,0,0,0,860.13,5548.23,1.42
M0108784,Y,36,5,334078.78,2,4,3,94846.63,370516.78,4.78
M0108785,N,48,0,4812.66,0,1,0,1391.51,4226.18,0.0
M0108786,N,70,3,14249.71,0,0,0,620.64,15164.44,1.11
M0108787,N,51,0,12333.84,0,0,0,3652.21,8216.21,0.0
M0108788,N,69,0,4538.63,1,0,0,1349.61,3008.82,1.22
M0108789,N,36,2,10270.45,0,1,0,783.68,10029.22,1.15
M0108790,N,52,0,13945.52,0,0,0,7887.66,4524.54,0.44
M0108791,N,32,0,14217.5,0,0,0,3546.57,8844.27,1.83
M0108792,N,32,0,5525.86,0,1,0,1730.84,3987.58,0.67
M0108793,N,77,0,7692.59,0,1,0,1020.96,5080.86,1.91
M0108794,N,20,1,9096.29,0,0,0,1802.71,10973.05,0.82
M0108795,N,26,2,19252.66,1,3,1,3568.77,21041.3,1.65
M0108796,N,79,0,7823.87,1,0,0,3938.11,10181.61,1.85
M0108797,N,70,1,8936.16,0,1,2,2842.34,6220.63,1.07
M0108798,N,53,1,13852.73,0,0,0,1929.6,14290.39,0.31
M0108799,N,71,0,11441.58,0,0,0,901.97,8668.26,0.79
M0108800,N,39,1,24210.49,1,1,0,6513.05,20956.55,2.36
M0108801,N,27,0,6620.12,0,0,0,5672.0,3704.86,1.41
M0108802,N,37,2,6623.94,0,1,1,1546.32,3791.66,0.91
M0108803,N,70,2,8457.45,0,1,0,3067.76,4435.03,0.0
M0108804,N,70,1,2451.2,1,3,0,429.5,3855.27,0.28
M0108805,N,58,1,11781.67,1,0,0,2149.47,8074.88,0.39
M0108806,N,41,1,3109.48,0,1,0,534.38,3185.67,0.4
M0108807,N,71,1,19731.07,0,1,1,2108.4,17630.11,1.59
M0108808,N,34,0,9376.06,0,0,0,6123.31,8966.4,0.25
M0108809,N,50,1,48365.85,1,0,1,12191.34,44633.05,2.0
M0108810,N,28,1,30934.79,1,0,0,7160.86,19264.15,2.29
M0108811,N,76,0,7914.99,0,0,0,785.73,8028.39,0.49
M0108812,N,19,2,34172.47,0,1,0,10688.99,40100.23,2.96
M0108813,N,59,2,22768.92,0,1,0,8505.88,10570.57,0.0
M0108814,N,80,1,8059.61,0,2,0,1860.3,4545.96,1.46
M0108815,N,30,0,8219.7,1,0,0,1619.71,5698.36,0.86
M0108816,N,67,3,21150.62,0,0,0,2819.06,27244.27,2.03
M0108817,N,39,1,18978.99,1,1,0,9265.31,10720.55,1.58
M0108818,N,33,0,12920.48,1,0,1,806.38,13450.73,2.52
M0108819,N,74,1,14546.66,0,2,0,7445.23,16223.04,1.77
M0108820,N,35,2,5105.73,0,0,0,894.56,4111.54,0.77
M0108821,N,54,0,7101.27,1,1,0,2408.64,5300.68,1.54
M0108822,N,69,1,14819.6,0,2,0,5550.29,10740.64,1.15
M0108823,N,66,1,5564.68,0,1,1,1462.6,5468.55,2.03
M0108824,N,29,2,8925.63,1,1,1,532.12,8076.88,0.26
M0108825,N,39,1,8218.55,0,0,0,966.48,6330.75,1.3
M0108826,N,59,0,15507.48,2,1,1,8915.77,4104.38,1.78
M0108827,N,57,2,13110.4,1,0,0,1691.95,11259.61,1.63
M0108828,N,69,3,8742.6,0,3,0,1981.95,8499.16,2.78
M0108829,N,48,1,14519.12,0,2,1,5340.69,11159.61,1.57
M0108830,N,72,0,5886.99,0,0,0,829.47,4024.83,0.77
M0108831,N,22,4,11984.18,0,2,0,4830.53,9949.89,1.41
M0108832,N,36,1,30437.8,0,3,0,8439.53,19075.19,1.91
M0108833,N,26,1,11625.65,0,3,0,3523.97,5820.12,0.43
M0108834,N,61,2,22292.79,0,1,1,8307.47,21120.79,2.83
M0108835,N,64,0,20914.76,0,2,0,863.95,16939.99,2.43
M0108836,N,79,2,12205.32,0,0,0,1039.98,16533.83,1.16
M0108837,N,46,0,11705.44,0,0,0,3809.93,15980.81,1.63
M0108838,N,68,1,12868.48,0,1,2,1822.78,9531.71,1.09
M0108839,N,44,0,33746.47,0,0,1,16855.65,17233.62,1.52
M0108840,N,56,0,32005.6,0,0,0,2596.32,27011.16,1.73
M0108841,N,35,1,2695.43,0,0,0,1118.95,2997.16,0.0
M0108842,N,77,2,24518.32,1,1,0,6371.31,14672.64,1.23
M0108843,N,23,0,6982.12,0,0,0,6209.15,5326.36,0.0
M0108844,N,45,1,23142.63,0,2,2,10174.95,10189.91,2.75
M0108845,N,50,1,8099.84,0,1,0,3465.79,5439.46,1.08
M0108846,N,21,1,8657.33,1,0,0,3480.58,4982.13,2.58
M0108847,N,40,2,27386.02,0,3,0,21098.75,27109.99,2.2
M0108848,N,55,0,8344.24,0,0,0,2225.82,7530.31,2.75
M0108849,N,53,3,24990.62,1,2,1,4046.05,17037.36,1.25
M0108850,N,63,0,15089.39,0,1,0,3987.95,15270.22,0.0
M0108851,N,27,1,11318.5,0,0,0,7760.47,3665.18,1.34
M0108852,N,46,0,5420.54,1,1,0,434.64,4244.28,0.0
M0108853,N,49,0,27966.51,0,0,0,10673.79,11530.72,4.02
M0108854,N,76,1,2863.66,0,2,0,1330.55,3466.47,0.42
M0108855,N,48,2,6746.99,0,2,0,4392.97,4034.01,2.18
M0108856,N,35,1,4045.79,0,0,0,1385.6,3910.43,0.0
M0108857,N,79,0,5673.04,0,0,0,1515.16,4833.72,0.4
M0108858,N,48,1,6181.12,1,1,1,1014.6,5393.01,1.38
M0108859,N,27,0,26035.79,0,0,2,8318.26,21678.9,0.0
M0108860,N,22,0,9694.76,0,1,0,7290.97,4908.08,1.32
M0108861,N,37,2,6231.25,0,1,0,2578.92,7176.0,0.29
M0108862,N,62,1,25059.84,0,4,0,3520.07,16474.8,1.82
M0108863,N,43,0,6903.1,0,0,1,1320.39,5548.47,0.79
M0108864,Y,43,6,108733.42,3,1,2,61339.59,68246.9,3.26
M0108865,N,42,0,16129.9,0,1,1,2753.61,10381.06,0.72
M0108866,N,66,0,6513.63,0,0,0,806.3,4498.1,0.02
M0108867,N,20,1,11134.75,1,1,0,1289.61,11922.89,0.71
M0108868,N,35,0,10164.69,1,0,0,1454.68,9848.48,0.74
M0108869,N,50,0,11996.95,0,0,0,3138.8,7738.47,0.48
M0108870,N,64,2,6422.52,0,1,0,636.5,5577.63,1.09
M0108871,Y,36,3,142688.77,2,4,2,22725.22,97803.05,3.31
M0108872,N,48,0,9298.4,0,3,0,2920.49,4948.06,0.0
M0108873,N,32,1,11311.33,1,0,0,5279.63,5475.06,1.6
M0108874,N,40,2,10596.77,0,1,1,2360.2,6336.94,1.94
M0108875,Y,62,4,263980.33,2,3,4,95829.76,147426.96,4.4
M0108876,N,52,0,25112.4,0,4,1,11182.41,10876.38,2.46
M0108877,N,47,2,10805.31,0,1,0,4095.24,8331.73,0.16
M0108878,N,76,2,12714.72,0,0,0,3046.79,7005.21,1.93
M0108879,N,67,0,11641.08,0,2,1,3820.11,6839.22,2.53
M0108880,N,26,2,11593.16,1,2,1,3329.76,14660.96,2.54
M0108881,N,31,1,11891.78,0,0,0,2806.72,17750.55,1.11
M0108882,N,76,1,3029.32,0,1,0,1093.98,2570.09,0.0
M0108883,N,27,1,14245.09,0,2,0,3346.19,9859.99,0.44
M0108884,N,35,0,12124.2,0,0,1,4147.25,6324.85,0.19
M0108885,N,42,1,15077.68,0,2,2,10183.6,11920.88,1.57
M0108886,N,47,0,6064.66,0,0,0,1856.4,4118.7,2.18
M0108887,N,59,2,13437.68,0,0,0,3119.43,17627.36,1.24
M0108888,N,69,1,5035.25,0,1,0,1824.04,3906.91,0.0
M0108889,N,58,1,7296.84,0,1,0,704.12,5616.26,0.18
M0108890,N,44,0,8527.4,0,0,0,3561.89,3606.62,1.19
M0108891,N,71,1,7175.23,0,0,0,1438.11,6018.32,0.0
M0108892,N,71,1,6415.24,0,0,0,2806.2,4989.6,2.15
M0108893,N,72,0,15814.56,1,0,0,8394.75,11825.01,2.45
M0108894,N,26,2,15613.94,0,1,0,2852.95,13759.13,1.66
M0108895,N,25,0,3577.24,0,1,0,858.09,2283.19,0.92
M0108896,N,19,1,3798.01,0,0,0,616.57,3289.23,0.65
M0108897,N,34,2,9980.88,0,0,0,2560.32,13260.5,0.38
M0108898,N,41,1,28777.31,0,0,1,4037.5,22025.76,0.1
M0108899,N,37,2,27495.17,0,1,1,2007.38,29803.55,1.78
M0108900,N,80,1,6010.74,0,1,0,701.6,4977.38,0.0
M0108901,Y,45,6,205015.04,5,3,7,72787.77,210353.03,6.79
M0108902,Y,66,6,136423.66,3,6,3,70571.42,96820.03,7.22
M0108903,N,42,1,2949.21,0,1,0,1500.02,1917.16,0.5
M0108904,N,53,1,21143.13,0,0,1,4023.48,15261.38,1.31
M0108905,N,38,0,11384.32,0,0,0,1802.12,7621.17,1.99
M0108906,N,77,0,8209.66,0,0,0,1271.84,5207.1,0.45
M0108907,N,57,0,39953.49,1,1,1,10387.64,22701.78,3.02
M0108908,Y,40,4,329050.23,5,2,6,101264.0,212164.81,5.41
M0108909,N,44,1,5768.49,0,0,2,2968.94,7343.06,1.59
M0108910,N,53,1,4123.9,0,0,0,4135.79,3279.32,0.69
M0108911,Y,62,4,180838.97,3,1,4,79212.13,158009.34,4.84
M0108912,N,66,0,3895.55,0,0,0,1591.79,5445.38,0.48
M0108913,N,22,3,15816.78,1,1,0,3085.36,15845.42,2.01
M0108914,N,76,0,23520.66,0,0,0,1711.35,19908.41,2.23
M0108915,N,76,1,7259.48,0,0,0,3096.15,8774.72,0.52
M0108916,N,59,0,15295.87,0,0,0,720.01,12645.75,0.55
M0108917,N,19,2,15549.17,0,0,1,4986.18,7284.68,0.97
M0108918,N,36,1,4040.0,0,0,0,1189.47,5802.59,1.73
M0108919,N,25,0,6630.24,0,0,0,944.45,5251.07,1.35
M0108920,N,59,1,9355.48,0,1,0,4568.78,8826.38,0.29
M0108921,N,74,3,15911.53,1,1,0,3491.26,13912.03,2.43
M0108922,N,44,1,15441.04,0,2,2,3227.72,13771.75,1.66
M0108923,N,25,0,6499.0,1,0,0,1441.75,3970.3,0.72
M0108924,N,72,0,13233.86,0,0,0,1629.53,11119.4,2.54
M0108925,N,49,1,10135.11,2,0,1,6854.26,3556.33,0.79
M0108926,N,61,0,9388.52,0,1,0,2066.62,5852.77,0.98
M0108927,N,59,0,18494.58,0,0,0,4279.3,11181.84,1.45
M0108928,N,61,0,6795.39,0,0,2,1552.29,4653.66,0.35
M0108929,N,49,1,21294.3,0,3,0,4349.84,23098.47,1.71
M0108930,N,41,1,9502.79,0,0,0,5659.93,4467.36,0.0
M0108931,N,34,1,11906.65,0,2,1,478.62,15840.45,0.81
M0108932,N,80,3,22501.53,0,1,1,13270.42,9740.02,1.5
M0108933,N,62,1,10984.64,0,1,0,3748.68,7290.71,0.29
M0108934,N,80,2,15774.1,0,2,0,4278.78,11427.68,1.25
M0108935,N,42,1,7371.06,0,3,1,4106.1,6824.06,1.13
M0108936,N,52,0,12449.74,0,0,0,1322.99,18196.14,1.11
M0108937,N,21,0,21118.54,0,0,1,4416.55,18594.83,0.77
M0108938,N,40,2,19539.32,0,1,0,2544.62,16221.64,2.26
M0108939,N,37,1,3475.14,0,1,1,1258.36,3191.39,0.22
M0108940,N,65,0,4264.25,0,0,0,3698.25,2657.03,1.28
M0108941,N,54,2,10238.07,0,0,0,2104.89,8946.06,0.11
M0108942,N,19,0,12327.38,0,1,0,1992.65,16947.47,0.24
M0108943,N,25,0,9957.47,1,0,0,2371.54,5573.29,0.56
M0108944,N,60,3,17128.94,1,1,0,2780.43,14132.03,0.66
M0108945,N,30,0,2175.7,0,0,0,1331.72,2373.92,0.5
M0108946,N,52,1,5382.89,0,1,0,2962.65,5941.58,0.18
M0108947,N,40,0,7371.99,0,0,0,6033.35,6571.03,0.79
M0108948,Y,63,8,386513.56,2,3,3,39086.61,341598.25,5.42
M0108949,N,31,0,4412.08,0,0,0,402.48,5798.98,0.1
M0108950,N,40,1,22501.5,0,1,0,12594.0,10587.23,1.66
M0108951,N,25,0,12906.72,0,2,0,5019.18,8418.36,0.07
M0108952,N,33,1,3788.88,0,0,0,527.91,2566.28,0.81
M0108953,N,30,0,18489.88,0,1,1,3574.8,16296.1,1.65
M0108954,N,58,0,3532.4,0,0,0,2503.94,2271.1,1.27
M0108955,N,69,2,9256.3,1,0,0,1601.62,15098.86,1.76
M0108956,N,44,2,9510.72,1,1,0,2647.2,6834.53,1.56
M0108957,N,75,2,8595.36,0,1,1,935.97,9950.11,0.09
M0108958,N,38,2,11328.71,0,0,0,1603.02,14970.47,1.12
M0108959,N,41,3,9066.65,0,1,0,1357.03,7433.71,0.45
M0108960,N,77,0,19496.2,1,2,0,3212.5,16134.58,2.12
M0108961,N,60,2,8393.84,0,2,0,6901.65,6486.63,1.13
M0108962,N,36,1,9043.03,0,0,1,3039.72,5357.2,0.98
M0108963,N,36,0,7172.74,0,1,0,694.73,6311.15,0.0
M0108964,N,24,2,35275.14,1,1,0,7079.66,21015.69,2.27
M0108965,N,73,0,2909.17,1,0,0,2180.34,1173.05,0.0
M0108966,N,36,1,18606.71,1,2,0,8150.55,11971.11,2.38
M0108967,N,55,2,27740.44,0,0,0,9334.71,15397.67,1.51
M0108968,N,36,1,9221.71,0,2,1,3360.07,7028.5,1.67
M0108969,N,61,0,14232.95,0,1,1,4149.6,7108.66,0.24
M0108970,N,56,1,15879.48,0,1,0,2129.73,21548.15,1.46
M0108971,N,31,2,20286.44,2,0,0,1801.87,15106.63,0.32
M0108972,N,66,0,15748.97,0,0,0,2929.42,24993.34,1.54
M0108973,N,41,1,25211.12,1,0,0,3175.52,25300.69,0.0
M0108974,N,28,0,59319.65,1,1,0,17421.06,29907.93,1.16
M0108975,N,57,2,11964.97,0,3,0,2428.58,8063.72,2.16
M0108976,N,69,2,17067.17,0,2,1,2814.51,12079.66,2.66
M0108977,N,69,0,8512.11,0,2,1,4962.88,7085.32,1.31
M0108978,N,63,1,5803.08,0,2,0,2328.18,5188.5,2.26
M0108979,N,78,0,20403.96,0,3,0,2063.27,17351.59,1.97
M0108980,N,41,1,11246.88,1,2,0,4850.14,7210.11,1.76
M0108981,Y,81,4,139384.27,1,2,1,42023.3,76806.87,4.61
M0108982,N,32,2,20476.54,1,1,0,1763.14,16655.89,1.95
M0108983,N,37,3,7579.24,0,0,0,666.7,12353.88,1.42
M0108984,N,46,2,12656.82,1,2,0,2651.39,15674.8,1.89
M0108985,N,79,0,31832.66,0,0,0,4075.01,31598.98,1.25
M0108986,N,44,2,18174.66,0,0,1,13522.56,10318.64,1.22
M0108987,N,30,0,6293.04,0,0,1,2022.51,7031.03,1.01
M0108988,N,23,0,34170.17,1,1,1,15192.69,12459.68,1.96
M0108989,N,19,0,10240.75,0,0,0,3152.38,6112.23,0.89
M0108990,N,46,2,25840.19,0,0,0,1322.76,26137.42,1.79
M0108991,Y,63,6,476969.02,4,2,5,78064.23,331509.86,7.17
M0108992,N,35,0,13419.93,0,0,1,2360.91,8713.9,0.0
M0108993,N,49,0,4101.91,0,0,0,965.28,4313.61,0.0
M0108994,N,20,2,15694.37,1,1,0,5136.8,9195.9,0.0
M0108995,N,50,2,9796.31,0,1,0,9036.21,3071.13,1.66
M0108996,N,26,2,60420.22,0,1,0,39077.58,9062.82,3.17
M0108997,N,24,0,5785.5,0,1,0,1709.33,6231.24,0.81
M0108998,Y,63,3,345257.04,2,3,6,167411.38,197372.86,5.48
M0108999,N,33,2,3931.86,0,0,1,362.9,4242.54,1.55
M0109000,N,73,1,7720.62,0,0,0,1088.59,12807.54,0.0
M0109001,N,54,3,67632.28,1,0,0,35402.64,33680.63,1.83
M0109002,N,73,1,14678.34,0,0,0,2166.47,18356.93,0.01
M0109003,N,33,0,3835.8,0,0,0,1472.76,2989.12,1.33
M0109004,N,43,2,15876.38,0,0,0,6699.91,8292.4,0.95
M0109005,N,68,1,6415.14,0,0,2,3601.83,5070.82,0.0
M0109006,N,19,1,6126.07,0,0,0,4674.26,6171.31,0.0
M0109007,N,74,0,5540.06,0,2,0,1389.35,4463.35,0.88
M0109008,N,62,0,3050.34,0,0,1,2114.36,3187.11,0.25
M0109009,N,23,2,8895.23,0,0,0,2184.76,7025.23,1.12
M0109010,N,57,1,16096.83,0,2,0,6197.88,18970.51,0.21
M0109011,N,63,0,4405.98,0,0,1,1642.28,3927.09,1.12
M0109012,N,69,2,12266.26,1,1,0,6492.22,10963.94,2.03
M0109013,N,23,0,6597.62,0,0,0,1580.32,4144.31,1.14
M0109014,N,78,0,6457.45,0,0,0,1725.97,6709.36,1.03
M0109015,N,38,0,3232.05,0,0,0,1512.63,2938.42,0.83
M0109016,N,50,2,6732.78,0,0,0,3127.11,4992.67,0.47
M0109017,N,39,1,21800.12,0,2,1,7253.9,14034.85,0.93
M0109018,N,74,2,10781.63,0,0,0,7036.05,6984.05,1.53
M0109019,N,21,0,3733.01,0,0,0,586.12,5900.83,1.52
M0109020,N,63,1,8192.56,0,1,0,2575.87,6933.5,0.0
M0109021,N,58,1,7982.92,0,0,0,3605.15,7775.51,0.47
M0109022,N,23,0,13605.19,0,0,0,6962.72,3995.68,0.84
M0109023,Y,49,3,139989.52,2,5,3,35004.93,103541.14,3.8
M0109024,N,80,0,2961.22,0,1,0,731.24,2834.31,0.58
M0109025,N,66,0,5718.24,0,0,0,2013.35,5534.71,0.0
M0109026,Y,64,5,124860.85,4,1,2,63999.23,100270.92,4.4
M0109027,N,75,1,22738.09,0,2,1,15581.11,6862.83,1.18
M0109028,N,25,2,9677.54,1,2,0,3037.41,12482.36,1.61
M0109029,Y,53,7,276768.69,2,5,3,122791.83,158087.54,5.42
M0109030,Y,43,5,260704.19,4,2,2,78922.25,143269.41,5.58
M0109031,N,49,1,5006.92,0,0,0,648.73,4371.64,0.64
M0109032,N,33,0,7793.29,0,0,0,879.85,9320.6,0.42
M0109033,N,79,0,19767.62,1,2,0,5382.33,15916.69,1.05
M0109034,N,49,2,19960.96,0,1,1,8061.54,10056.15,1.33
M0109035,N,63,0,34986.33,0,0,0,8394.56,20430.47,0.0
M0109036,N,79,0,18202.15,0,0,0,1627.52,14145.79,1.24
M0109037,N,38,1,5199.56,1,1,0,469.49,4445.06,0.0
M0109038,N,66,1,12719.78,0,0,1,6815.52,12140.58,0.64
M0109039,N,44,1,48206.36,2,1,0,3880.87,38714.05,2.76
M0109040,N,76,1,7697.59,0,0,0,1061.7,5918.07,0.22
M0109041,N,71,3,23189.08,0,0,0,17148.06,13158.69,1.13
M0109042,N,66,0,13163.54,0,0,0,3517.55,9712.01,0.0
M0109043,N,23,2,11528.8,0,0,1,2977.09,12391.22,0.99
M0109044,N,57,0,8517.73,1,1,1,2416.31,5992.89,0.63
M0109045,N,72,0,8856.83,0,0,0,2304.38,8641.39,1.26
M0109046,N,40,1,12019.18,0,2,0,4054.78,5632.05,0.62
M0109047,N,69,1,8645.46,0,1,0,4027.94,6254.87,0.91
M0109048,N,41,2,5280.37,0,2,0,2641.76,4532.86,0.51
M0109049,N,53,1,12593.03,0,0,0,2667.74,14948.5,1.64
M0109050,N,41,2,17509.36,0,0,3,1679.39,13723.38,3.56
M0109051,N,28,2,10758.24,1,2,1,4197.09,5754.07,1.7
M0109052,N,20,1,7916.82,1,2,0,3334.58,10981.07,0.72
M0109053,N,38,0,14510.14,0,0,0,4855.3,13560.28,0.25
M0109054,N,47,3,9698.28,1,1,1,1569.56,7728.87,1.71
M0109055,N,69,2,8789.78,0,3,0,3873.56,5798.1,0.0
M0109056,N,32,0,3098.79,1,0,0,1241.28,3300.27,1.45
M0109057,N,28,0,11342.79,0,0,0,5926.0,8685.93,0.0
M0109058,N,21,3,45638.71,1,0,2,26884.47,12266.29,1.96
M0109059,N,53,0,26759.07,0,1,0,7554.17,13881.26,0.54
M0109060,N,78,3,15292.11,0,0,0,960.4,12382.3,1.38
M0109061,N,77,0,4551.2,1,0,0,2267.06,2699.67,0.58
M0109062,N,24,2,8614.92,0,1,0,3249.7,8713.88,0.49
M0109063,N,45,1,1643.78,0,0,0,956.51,1264.94,0.36
M0109064,Y,51,4,319793.94,6,4,3,161091.72,252536.28,6.6
M0109065,N,20,1,7242.32,0,1,0,3458.05,6621.14,2.52
M0109066,N,55,2,17371.78,0,3,1,5044.25,14881.27,1.7
M0109067,N,64,2,18740.43,0,1,0,6767.35,11509.09,0.9
M0109068,N,73,0,6792.97,0,0,0,1908.58,10393.54,0.31
M0109069,N,33,1,14034.64,1,2,1,2445.06,19535.65,1.72
M0109070,Y,60,5,453786.24,4,3,3,273603.76,188408.49,6.92
M0109071,N,29,1,5546.42,0,0,1,1616.06,3414.46,1.25
M0109072,N,57,2,17431.32,0,0,0,4221.77,14347.1,1.63
M0109073,N,34,1,9157.81,2,1,0,4001.96,10106.17,1.34
M0109074,N,39,1,9093.93,0,0,0,1514.15,7952.17,2.0
M0109075,N,43,1,3010.06,0,0,0,453.67,4701.9,0.1
M0109076,N,33,2,23789.11,0,0,0,17668.73,3743.58,0.63
M0109077,N,75,1,34720.15,0,0,0,15758.43,20896.82,1.22
M0109078,N,42,2,5499.77,0,1,0,1940.72,2452.72,0.0
M0109079,N,34,4,22619.27,1,0,0,1380.89,26662.96,0.13
M0109080,N,55,0,13625.12,0,2,0,1866.35,11504.43,1.5
M0109081,N,57,1,22409.4,0,0,1,1817.01,18891.56,1.36
M0109082,N,59,3,25053.83,0,3,0,4233.2,28737.52,0.0
M0109083,N,36,1,6895.76,0,0,0,816.73,4854.11,1.26
M0109084,N,59,0,7775.91,0,2,0,2547.37,3770.02,0.95
M0109085,Y,38,8,279175.5,6,5,3,139827.56,160383.95,5.99
M0109086,Y,70,4,273592.14,2,3,3,43634.92,211922.79,4.98
M0109087,N,64,1,79862.72,1,2,1,14063.73,63281.2,1.32
M0109088,Y,47,6,271767.54,4,4,3,95224.09,272593.28,4.13
M0109089,N,22,2,32840.69,0,0,0,30458.77,9935.24,1.3
M0109090,N,66,1,13551.46,0,2,1,3386.62,8565.02,0.0
M0109091,N,22,0,7275.77,0,0,0,3513.11,3273.37,0.0
M0109092,N,75,1,11532.95,0,1,0,3133.04,6672.39,1.24
M0109093,N,33,0,10977.62,0,0,0,1270.0,13672.35,0.0
M0109094,N,30,1,9061.13,0,2,0,897.23,9932.37,0.0
M0109095,Y,50,7,409852.75,4,1,5,99105.64,334448.54,4.79
M0109096,N,53,0,1749.81,1,0,0,1100.14,1690.7,1.02
M0109097,N,30,0,7536.01,0,2,0,534.0,5952.12,0.26
M0109098,Y,66,7,202269.17,4,1,3,108238.58,160295.11,4.75
M0109099,N,76,1,17158.01,0,0,1,4203.47,12826.02,0.09
M0109100,N,37,4,40093.55,1,2,0,12579.37,30231.97,2.8
M0109101,N,52,2,31065.92,0,1,1,4321.09,20374.73,1.78
M0109102,N,61,3,4141.64,0,1,0,2097.04,4140.06,1.74
M0109103,N,63,0,14933.78,0,2,1,1381.5,10961.24,0.38
M0109104,Y,57,4,173403.5,5,5,4,40514.08,166080.75,7.45
M0109105,N,29,0,10212.09,0,0,0,6913.05,3573.58,0.0
M0109106,N,42,0,5797.08,0,1,0,2507.15,7448.46,0.14
M0109107,N,62,2,21071.99,0,1,0,1875.28,21632.73,0.0
M0109108,N,65,1,8614.18,1,0,0,2578.0,5779.84,1.77
M0109109,N,23,2,8038.75,0,0,0,5315.22,7684.36,1.58
M0109110,N,45,2,14025.19,0,2,2,6488.67,13109.27,1.43
M0109111,N,64,2,23751.1,0,1,0,5382.33,21179.64,3.05
M0109112,N,71,0,6440.82,0,0,0,1054.79,10083.18,1.34
M0109113,Y,49,6,273791.23,5,7,5,160783.5,210824.56,8.65
M0109114,N,56,1,8967.37,0,2,0,9765.71,2464.76,1.38
M0109115,N,78,1,7125.61,1,1,1,5262.84,4021.34,1.26
M0109116,N,76,3,29969.11,0,0,0,6183.45,19139.1,0.43
M0109117,N,22,1,9721.97,0,1,0,4192.05,8163.07,0.76
M0109118,Y,82,5,163318.48,2,2,2,41572.5,120284.45,4.3
M0109119,N,77,0,11014.0,0,1,0,3827.71,5867.6,0.94
M0109120,N,20,0,9924.09,0,0,0,3553.63,5130.29,1.03
M0109121,N,64,0,11371.57,0,1,0,6144.05,14018.63,0.89
M0109122,N,56,1,12625.88,0,0,0,4104.08,9533.37,1.55
M0109123,N,57,2,12851.63,0,1,1,1559.85,12918.94,1.46
M0109124,N,74,1,5000.74,0,0,0,1545.31,3760.56,2.24
M0109125,N,22,0,9703.51,0,1,0,3398.59,6692.4,2.78
M0109126,N,56,0,11821.22,0,1,0,2122.22,8096.69,0.64
M0109127,Y,85,3,152058.93,2,4,2,77751.09,97517.06,2.0
M0109128,N,33,1,25166.59,0,0,1,5987.08,15639.35,0.96
M0109129,N,36,0,2712.09,0,0,1,2213.2,1749.76,0.0
M0109130,N,79,0,6889.65,0,0,0,1744.84,4432.21,0.0
M0109131,N,65,1,14355.78,0,0,2,2359.15,9053.79,0.61
M0109132,N,52,1,1442.32,0,0,0,837.94,1287.02,1.4
M0109133,N,49,1,21660.5,0,1,0,4494.26,12809.29,0.92
M0109134,N,45,2,15264.8,0,2,1,4259.13,8664.11,1.02
M0109135,N,77,0,20590.14,1,0,0,7414.96,13160.99,0.76
M0109136,N,63,1,5170.07,0,3,1,902.93,5006.5,0.99
M0109137,N,24,0,7117.21,0,0,0,1334.89,11412.88,0.58
M0109138,N,53,0,9543.96,0,0,0,1345.65,7389.47,1.19
M0109139,N,51,1,28396.19,0,2,1,8380.26,15839.58,3.41
M0109140,N,25,0,12234.46,0,1,1,2275.67,7449.84,1.27
M0109141,N,35,0,7079.6,0,1,0,4074.68,6562.18,2.11
M0109142,Y,66,4,222926.84,5,7,5,89433.48,146848.98,5.22
M0109143,N,45,0,10312.87,0,0,0,2035.61,8384.68,0.23
M0109144,N,57,2,21274.51,0,2,1,13359.84,20288.47,1.72
M0109145,N,29,3,19779.16,0,2,0,4261.57,14743.1,1.52
M0109146,N,78,1,6951.52,0,0,0,3598.47,5210.67,0.0
M0109147,N,18,0,3379.94,1,0,0,943.66,3616.75,0.16
M0109148,Y,42,4,135315.78,2,3,1,46528.17,117081.0,4.0
M0109149,N,26,2,11827.11,0,0,0,2381.28,8623.08,0.5
M0109150,N,62,3,19040.71,1,2,2,4642.9,11823.63,2.51
M0109151,N,58,1,10773.67,0,0,0,3330.8,10950.52,2.38
M0109152,N,53,1,9255.84,0,0,0,9333.95,3231.48,1.89
M0109153,N,66,1,6587.39,0,1,1,3818.11,5107.36,1.63
M0109154,N,26,0,15907.46,0,0,2,2573.29,11081.11,1.18
M0109155,N,52,3,12791.82,0,0,0,5661.92,5481.67,0.83
M0109156,N,25,1,4716.11,0,0,1,943.0,5416.14,1.64
M0109157,N,60,0,9225.37,0,3,1,1913.3,9947.98,1.9
M0109158,N,60,1,11397.41,0,1,0,3663.97,7413.16,1.12
M0109159,N,19,2,11300.78,1,0,0,7140.08,4287.27,0.87
M0109160,N,47,1,10481.02,1,2,0,997.38,9979.89,0.61
M0109161,N,68,3,26442.62,0,0,1,6205.18,23658.21,3.03
M0109162,N,62,1,5922.16,0,0,0,4503.34,4486.27,2.12
M0109163,N,71,3,2527.87,0,0,0,427.23,4017.03,0.48
M0109164,N,66,0,18923.34,0,0,0,2271.02,14566.59,1.13
M0109165,N,46,2,11144.9,0,1,0,7783.98,10700.84,1.54
M0109166,N,35,0,8764.15,0,1,0,2850.46,6370.73,0.75
M0109167,N,75,1,39063.48,2,3,1,21520.12,27790.68,1.53
M0109168,N,69,3,21239.63,0,1,0,3210.42,17187.92,1.05
M0109169,N,48,0,3886.48,0,1,0,2605.44,1278.08,0.0
M0109170,N,20,3,15976.1,1,0,0,6735.53,8531.05,2.28
M0109171,N,21,0,11309.1,0,1,0,2628.74,8225.91,0.18
M0109172,N,22,1,10696.56,0,2,0,4440.77,9872.22,2.52
M0109173,N,37,1,12542.6,0,1,0,3493.18,9784.31,0.67
M0109174,N,53,0,10686.5,0,0,0,2885.27,7871.73,0.99
M0109175,N,52,1,11109.84,1,3,0,2522.52,14200.62,0.77
M0109176,N,41,3,5058.1,0,1,1,2198.74,5733.21,0.56
M0109177,Y,63,5,247171.94,3,7,6,177563.55,154792.98,6.96
M0109178,N,38,3,14566.91,0,1,1,3702.56,14279.01,2.11
M0109179,N,58,2,10838.39,0,0,0,4191.12,10157.33,0.71
M0109180,N,39,1,10004.93,0,0,0,3619.41,12849.34,0.54
M0109181,N,48,2,7925.7,0,0,0,720.6,11465.54,0.0
M0109182,N,68,1,20928.94,0,1,0,4943.0,14044.13,1.74
M0109183,N,69,0,6735.2,0,0,0,3014.09,6745.51,0.0
M0109184,N,50,0,5495.52,0,1,0,1561.29,3923.85,2.36
M0109185,N,33,2,11495.74,1,0,0,6964.41,4180.29,0.19
M0109186,N,32,2,11943.57,0,1,0,3723.81,7516.87,0.27
M0109187,N,22,0,13047.69,0,0,0,953.11,10085.48,0.08
M0109188,N,37,3,24266.33,0,0,0,17979.32,19965.06,0.21
M0109189,N,68,1,14330.98,0,2,0,3772.49,7545.27,0.67
M0109190,N,21,2,18864.28,0,1,0,12490.31,10600.66,1.76
M0109191,N,36,0,26715.19,0,1,1,12258.99,12464.77,1.82
M0109192,N,49,1,13518.75,0,1,0,2852.13,10120.4,1.27
M0109193,N,56,0,9568.03,0,2,0,1362.46,10052.58,1.43
M0109194,N,39,2,11383.46,1,0,0,9280.95,4021.19,2.29
M0109195,N,23,3,12224.37,0,0,0,6857.31,4880.32,0.83
M0109196,N,72,0,2876.19,0,0,0,1519.45,2947.3,0.27
M0109197,N,48,2,13710.58,0,0,0,7501.77,13516.01,0.96
M0109198,N,59,2,22595.55,2,2,0,8213.61,26081.7,1.75
M0109199,N,73,3,19256.1,1,1,1,6841.49,9713.91,1.02
M0109200,N,39,1,23612.17,0,0,0,9954.01,8956.0,1.23
M0109201,N,34,0,4489.99,0,0,1,2266.94,3020.8,0.97
M0109202,N,47,0,4025.51,0,0,0,2672.27,1531.15,1.11
M0109203,N,80,0,6557.6,0,0,0,1148.23,4662.34,2.31
M0109204,N,34,0,13213.46,0,0,0,3987.85,7113.93,1.65
M0109205,N,63,0,12525.57,0,2,0,4465.43,8853.45,1.85
M0109206,N,35,0,2873.9,0,1,0,2127.06,2714.11,0.6
M0109207,N,79,0,15707.43,0,0,1,1646.59,14480.54,1.23
M0109208,N,48,0,55032.54,0,1,3,1448.13,45931.08,0.97
M0109209,N,45,1,2764.9,0,0,0,1682.43,3255.53,1.13
M0109210,N,55,0,7280.9,0,0,0,1147.53,5270.3,0.28
M0109211,N,37,1,11660.31,0,0,1,2283.33,7182.21,1.85
M0109212,N,38,2,30750.88,0,1,0,12163.84,18585.62,2.32
M0109213,Y,81,4,198780.99,4,3,1,109756.96,155252.68,5.4
M0109214,N,42,0,14922.49,1,0,1,5252.19,21452.29,2.79
M0109215,N,27,0,6205.35,0,0,0,1882.02,5114.82,0.87
M0109216,N,60,3,4551.23,0,1,0,671.03,3709.94,1.89
M0109217,N,67,0,15206.0,1,1,0,6652.51,12085.24,0.88
M0109218,N,32,2,19995.79,0,2,0,6556.18,18629.64,0.0
M0109219,N,43,2,10925.77,0,0,0,4648.22,5491.23,2.0
M0109220,N,35,0,12058.91,0,0,0,1220.01,18136.93,0.85
M0109221,N,49,1,2691.11,2,0,0,763.36,2169.62,0.19
M0109222,N,46,1,3805.78,0,0,0,889.57,3717.88,1.2
M0109223,N,64,2,13704.72,0,1,0,11429.53,6080.86,3.06
M0109224,N,48,2,8938.56,0,2,0,2736.0,11882.78,2.37
M0109225,N,46,1,25810.31,0,1,1,19414.08,7997.53,1.49
M0109226,N,26,0,14263.71,1,2,1,3278.96,11521.11,0.14
M0109227,N,73,1,12662.52,0,1,1,5767.28,15199.71,1.69
M0109228,N,53,0,40272.38,0,1,0,1415.58,32371.97,0.2
M0109229,N,69,0,20379.34,0,0,0,2803.33,17593.24,1.33
M0109230,N,25,1,12213.25,1,1,0,4510.21,7371.43,1.91
M0109231,N,80,1,4762.18,1,0,0,3081.52,4654.85,0.57
M0109232,N,48,1,10169.55,0,0,0,3725.84,8905.28,1.49
M0109233,N,18,1,22915.89,0,0,0,762.0,21530.03,1.42
M0109234,N,38,1,11525.88,0,0,1,4412.54,10569.0,2.49
M0109235,N,25,2,6893.98,1,0,0,918.85,7207.51,0.56
M0109236,N,50,0,9544.94,0,1,1,670.92,9514.87,0.62
M0109237,N,43,0,10048.0,0,1,0,740.77,10256.42,2.02
M0109238,N,26,3,12339.3,1,0,0,4819.14,5588.23,0.0
M0109239,N,62,0,8853.17,0,1,0,582.69,7290.81,1.15
M0109240,N,18,2,9290.82,0,3,0,6974.7,9028.99,0.0
M0109241,N,44,0,26438.21,1,1,0,7914.34,19679.48,1.67
M0109242,N,74,0,11662.35,2,0,1,2542.86,7510.22,2.0
M0109243,N,66,1,20664.84,1,1,1,13068.72,15757.03,0.8
M0109244,N,39,1,27419.64,0,2,0,5674.72,20910.28,2.33
M0109245,N,80,2,7997.84,0,0,1,8768.34,5375.21,1.72
M0109246,N,59,0,14157.38,0,1,0,3496.06,10015.86,0.67
M0109247,N,31,3,9719.46,2,0,0,6622.93,7059.71,1.3
M0109248,N,36,0,23387.82,0,0,1,21939.4,4528.23,1.38
M0109249,N,74,3,7215.46,1,0,2,4386.43,7658.73,2.85
M0109250,N,69,0,7859.16,0,1,0,3750.53,6974.44,1.45
M0109251,Y,82,8,172004.06,3,5,6,99643.21,107081.03,5.18
M0109252,N,72,0,6386.56,0,0,0,625.34,4374.94,1.43
M0109253,N,69,0,15277.31,0,0,0,5101.95,7288.15,0.47
M0109254,N,23,0,4705.54,0,2,0,1006.16,7050.54,0.72
M0109255,N,23,0,8591.06,0,1,0,7501.8,4989.67,0.56
M0109256,N,79,0,6287.04,0,0,0,3961.58,3618.35,0.0
M0109257,Y,51,6,169905.82,1,1,6,154787.57,53224.17,5.82
M0109258,N,29,0,24852.87,0,0,0,4634.59,23228.82,2.36
M0109259,N,67,2,15287.29,0,0,1,7101.58,12576.97,0.66
M0109260,N,62,2,26941.53,0,1,1,6148.99,14967.77,1.78
M0109261,N,28,1,10460.01,0,1,0,6423.15,1904.92,0.52
M0109262,N,45,0,11242.23,0,0,0,4599.05,6049.34,0.62
M0109263,N,27,0,11674.6,0,0,0,2268.86,7352.56,0.16
M0109264,N,50,2,5025.02,1,3,0,2594.08,4240.21,1.08
M0109265,N,23,0,9095.05,0,0,0,4189.92,7305.8,1.9
M0109266,N,77,1,6396.11,0,1,0,1860.93,8069.49,0.0
M0109267,N,37,1,44094.22,0,0,0,6664.62,29314.83,2.36
M0109268,N,28,1,9593.24,0,0,0,1907.87,5709.81,0.03
M0109269,N,70,2,9705.97,0,0,0,3056.82,8747.71,0.78
M0109270,N,34,0,6872.02,0,0,0,220.79,5491.91,1.32
M0109271,N,55,1,13787.07,0,1,0,826.49,12153.64,1.1
M0109272,N,58,1,30117.64,0,0,0,3667.67,22312.62,1.81
M0109273,N,55,0,8450.36,0,0,0,4722.94,3850.44,2.79
M0109274,N,79,1,18511.2,0,1,0,2901.08,13946.84,1.05
M0109275,N,44,0,13537.09,0,1,0,9646.54,8725.86,1.69
M0109276,N,36,2,9786.23,0,2,0,1003.89,12511.83,0.43
M0109277,N,33,0,3626.22,0,0,0,1150.93,4099.03,1.03
M0109278,N,55,0,4671.51,0,0,0,1555.59,2165.4,1.1
M0109279,N,62,0,8982.62,0,0,0,2351.28,8209.32,0.75
M0109280,N,72,1,10755.97,0,1,1,2316.61,8664.35,0.5
M0109281,N,68,0,6672.83,0,0,1,653.62,4961.26,1.13
M0109282,Y,84,3,479648.76,6,4,4,135184.33,299800.87,6.3
M0109283,N,36,1,10916.79,0,0,0,1749.41,7512.13,0.0
M0109284,N,65,0,4384.29,0,1,0,999.74,2620.06,0.16
M0109285,N,64,2,23784.77,0,1,2,7567.25,12327.74,2.94
M0109286,N,19,1,9810.29,0,1,1,1242.92,11055.82,1.25
M0109287,N,42,1,10207.22,0,0,0,4530.78,6530.59,1.71
M0109288,N,72,2,11118.43,0,0,0,6638.54,4797.32,1.91
M0109289,N,64,1,7498.89,0,1,2,3269.72,9935.03,1.58
M0109290,N,32,1,10083.77,0,0,1,3932.15,10340.09,1.44
M0109291,N,40,1,10876.36,0,1,0,4271.12,11593.86,1.27
M0109292,N,58,0,3568.73,0,0,0,1179.3,2862.6,0.58
M0109293,N,67,1,10731.2,0,0,0,1642.79,13015.24,1.07
M0109294,N,39,1,15338.42,0,1,0,1372.74,11175.84,0.0
M0109295,N,49,2,9244.79,0,2,0,4989.97,5319.04,0.88
M0109296,N,37,0,6253.54,0,0,0,1504.25,7433.17,0.8
M0109297,N,43,2,12675.46,1,1,0,4199.47,6396.36,1.42
M0109298,N,32,1,7256.35,0,2,0,816.5,7497.09,0.0
M0109299,N,19,0,7334.34,0,1,0,2226.01,4909.8,0.49
M0109300,N,45,2,19122.37,2,0,3,11675.64,18378.32,1.34
M0109301,N,21,1,17393.31,0,2,0,2626.71,15427.35,1.02
M0109302,N,20,1,6755.25,0,1,0,1951.92,5540.82,0.94
M0109303,N,26,1,17239.83,0,3,0,4730.94,10260.27,1.72
M0109304,N,73,3,23200.58,0,0,2,5060.94,17659.65,0.5
M0109305,N,41,1,13529.32,0,0,0,1912.54,8804.29,1.24
M0109306,Y,78,5,192799.26,2,1,3,27239.8,202145.48,5.27
M0109307,N,80,0,9695.17,0,0,1,6275.84,11116.81,1.15
M0109308,N,80,0,6172.56,0,1,0,3293.66,7083.64,1.34
M0109309,N,33,0,5056.31,0,1,0,1330.45,4232.66,1.57
M0109310,N,28,1,4698.99,0,1,0,1792.69,5739.8,1.36
M0109311,N,71,2,2877.49,0,0,1,1078.39,4055.95,1.36
M0109312,N,39,1,9806.44,0,0,0,4114.88,8930.75,0.36
M0109313,N,24,0,18153.71,0,0,0,2413.71,12999.74,2.09
M0109314,N,54,0,10161.62,0,3,0,7993.19,4410.54,0.0
M0109315,N,64,1,3317.04,0,0,1,1236.52,4335.15,1.25
M0109316,N,69,1,19622.52,1,1,0,13182.34,16255.57,2.93
M0109317,N,61,0,15852.52,0,0,0,2649.69,15807.67,1.04
M0109318,N,61,1,13444.2,0,1,1,7470.02,15127.15,1.27
M0109319,N,66,0,8116.86,2,1,1,4784.08,7677.62,1.51
M0109320,N,67,1,18723.99,0,1,0,2809.54,12370.94,0.51
M0109321,N,28,1,8746.56,1,2,0,2930.01,12702.15,2.27
M0109322,N,45,1,19819.17,0,0,0,1320.47,15389.2,0.19
M0109323,N,41,0,9708.96,0,4,0,1752.63,10499.48,2.72
M0109324,N,74,1,9100.73,0,1,1,5334.27,5875.69,0.32
M0109325,N,43,0,4280.74,0,0,0,686.29,2760.68,0.0
M0109326,Y,58,5,246237.28,2,8,3,117182.6,208663.41,5.8
M0109327,N,19,0,9091.96,0,2,0,3447.0,4829.06,1.44
M0109328,N,27,1,11401.12,0,1,2,8693.4,6227.31,1.51
M0109329,N,45,0,18387.17,0,0,0,9144.72,6079.51,1.04
M0109330,N,77,1,23316.08,0,0,0,3968.07,16829.18,1.52
M0109331,N,20,0,19000.64,1,2,1,9848.32,16696.85,0.79
M0109332,N,34,2,18671.59,2,1,0,4689.84,16118.38,0.91
M0109333,N,73,2,13886.27,2,1,0,8667.45,8048.21,1.19
M0109334,N,20,1,9431.85,0,0,0,4690.61,9768.8,0.59
M0109335,N,35,3,16322.66,0,1,2,5211.44,14929.68,2.07
M0109336,N,18,1,14801.46,0,0,0,668.74,11006.66,0.19
M0109337,N,56,0,11882.69,0,0,0,1622.6,9505.2,1.4
M0109338,N,29,0,2423.12,0,0,0,783.42,3518.08,0.0
M0109339,N,57,0,4023.92,0,0,0,1559.62,5635.21,0.91
M0109340,N,24,2,9361.52,0,4,0,7892.2,8822.46,2.02
M0109341,N,40,0,6668.73,0,1,0,2795.13,3845.09,0.66
M0109342,Y,63,5,164251.25,4,5,3,42078.0,96932.23,4.69
M0109343,N,33,0,15519.66,0,0,0,1319.96,14609.23,1.22
M0109344,N,26,1,15165.82,0,1,1,12031.85,3299.97,1.75
M0109345,N,28,0,9376.5,0,0,0,4079.52,3283.44,0.58
M0109346,N,54,2,9975.62,1,2,1,4488.44,5396.61,0.64
M0109347,N,20,1,17539.54,0,1,1,7792.0,8783.98,0.44
M0109348,N,41,1,13101.13,0,1,1,1777.11,10714.49,1.25
M0109349,N,55,2,9180.92,0,1,0,2720.65,12282.3,1.93
M0109350,N,47,3,23779.11,1,3,0,3510.72,15722.17,2.34
M0109351,N,58,2,6150.0,0,1,1,1066.72,6358.22,1.68
M0109352,N,57,1,11917.1,0,1,1,1509.45,17195.66,0.51
M0109353,N,45,0,6237.31,0,0,1,5978.15,1953.24,0.0
M0109354,N,52,0,13208.32,1,1,0,3492.79,10810.89,2.39
M0109355,N,21,1,9558.63,0,0,0,3555.63,4377.12,0.0
M0109356,N,79,2,52666.12,0,0,0,2127.52,40227.99,1.25
M0109357,N,22,1,11273.61,1,1,0,1662.82,7792.76,0.95
M0109358,N,78,1,5521.84,1,0,0,1240.66,5941.91,0.71
M0109359,N,61,0,30984.85,0,1,0,19906.05,20395.28,3.23
M0109360,N,62,0,5793.56,0,0,0,2952.48,5315.93,1.73
M0109361,Y,70,2,142341.68,5,7,3,47926.02,105459.57,3.64
M0109362,N,35,2,21307.62,0,1,0,6159.89,11625.6,2.11
M0109363,N,21,0,8527.58,0,0,0,585.32,12060.87,1.54
M0109364,N,32,2,26939.98,0,2,0,7003.32,26755.75,2.58
M0109365,N,57,2,15270.47,0,1,0,9953.02,10583.27,0.1
M0109366,N,28,0,8084.91,0,1,1,2116.95,4658.53,0.57
M0109367,N,48,2,4778.38,0,2,0,1789.07,2246.96,0.65
M0109368,N,75,1,26036.82,1,0,0,2853.91,27347.25,1.01
M0109369,N,43,3,13091.79,0,2,0,3029.05,10798.0,1.91
M0109370,N,27,0,22046.01,0,1,0,3451.5,15894.03,1.99
M0109371,Y,61,6,233414.77,1,1,5,82215.75,116646.43,3.56
M0109372,N,69,2,4657.48,0,1,1,1275.92,5635.87,0.0
M0109373,N,35,0,23121.14,0,1,0,17407.07,14473.73,3.31
M0109374,N,72,1,6524.37,0,0,1,2023.5,6020.56,0.98
M0109375,N,76,0,48803.95,0,0,0,2355.88,39797.5,2.28
M0109376,N,69,1,29450.84,0,0,0,4217.68,18797.28,1.86
M0109377,N,42,0,14408.64,1,0,0,4984.72,14328.53,0.0
M0109378,N,56,0,12637.08,0,0,0,1098.45,15757.72,1.13
M0109379,N,24,0,8838.73,0,0,0,866.67,7473.81,1.12
M0109380,N,34,1,10619.17,1,1,0,2948.08,6737.09,1.91
M0109381,N,36,2,18564.16,0,1,0,2858.91,13586.14,0.62
M0109382,N,24,0,14531.98,0,0,1,1188.24,12718.84,2.15
M0109383,N,69,0,6849.68,1,0,0,4106.19,3785.46,0.79
M0109384,N,19,1,5508.87,0,0,0,1432.31,5508.22,0.43
M0109385,N,27,1,6432.6,0,0,1,1761.08,5771.95,1.18
M0109386,N,59,0,5785.5,0,0,0,1667.86,5016.29,0.0
M0109387,N,55,2,6151.67,0,0,1,1244.2,7407.16,0.89
M0109388,N,36,0,10043.83,1,1,0,5814.75,4336.09,1.98
M0109389,N,77,1,6235.2,0,1,1,5448.72,4685.46,1.94
M0109390,N,31,0,5642.22,0,2,0,3822.93,3491.09,0.14
M0109391,N,22,0,14571.74,0,0,1,1181.49,11638.46,0.82
M0109392,N,60,0,4639.63,0,0,0,2120.78,5900.44,1.36
M0109393,N,79,0,23872.2,1,1,1,12040.05,9160.19,1.75
M0109394,N,42,0,22857.08,0,0,0,6934.49,10942.75,2.44
M0109395,N,22,1,17818.2,0,2,0,5397.29,9246.14,0.0
M0109396,N,44,0,4889.66,0,0,0,1506.19,6107.72,0.61
M0109397,N,65,2,28656.76,0,1,0,8767.83,18395.3,2.55
M0109398,N,39,2,5909.34,0,0,1,775.33,9444.5,1.24
M0109399,N,53,1,12522.14,1,0,0,2405.52,14290.93,1.77
M0109400,Y,70,3,466397.57,3,7,4,232865.13,163949.73,6.39
M0109401,N,53,0,2472.25,0,1,0,1278.71,2331.73,0.0
M0109402,N,69,1,20673.69,1,3,0,10824.59,14225.22,1.85
M0109403,N,67,1,3400.63,0,0,0,1647.64,3893.9,1.08
M0109404,N,49,1,15430.78,0,1,0,2980.17,11079.77,0.94
M0109405,N,30,0,13921.25,1,1,0,3032.68,12423.26,0.0
M0109406,N,49,0,5765.64,1,0,0,1000.32,8262.23,1.81
M0109407,N,49,1,9632.38,0,1,0,4420.86,5830.68,0.74
M0109408,N,54,2,8991.86,0,0,0,1339.16,11321.3,0.64
M0109409,N,76,0,9603.53,0,0,0,5921.75,6065.19,2.0
M0109410,N,39,0,1558.87,0,0,0,295.75,2074.89,0.0
M0109411,N,68,1,34621.46,0,1,0,2159.33,26636.97,0.35
M0109412,N,40,1,12619.23,0,2,0,2350.95,7860.17,1.09
M0109413,N,26,0,12415.04,0,0,0,2334.14,12745.73,0.01
M0109414,N,39,1,3564.53,0,1,0,880.7,3291.7,0.2
M0109415,N,34,0,4785.22,0,0,1,4764.63,1816.51,0.0
M0109416,N,61,0,13826.24,0,1,1,2540.99,20814.5,0.0
M0109417,N,53,1,7176.87,0,0,0,4336.76,2008.63,0.59
M0109418,N,72,0,8158.75,0,1,0,575.4,12548.13,1.58
M0109419,N,61,1,5977.36,0,0,0,1545.72,3270.43,0.41
M0109420,N,36,1,18852.58,0,0,0,8946.66,7303.43,0.91
M0109421,N,29,2,8759.65,0,1,2,2131.23,11484.89,1.14
M0109422,N,58,1,13772.48,0,0,1,696.19,10423.72,0.82
M0109423,N,47,0,14671.84,1,2,1,6356.24,8664.81,3.95
M0109424,N,77,1,3870.28,0,0,0,1510.34,3890.48,2.22
M0109425,N,49,0,5035.39,0,0,0,400.31,6253.05,1.89
M0109426,N,69,0,6578.2,0,1,0,2582.34,6232.17,2.04
M0109427,N,18,0,15517.45,0,1,0,3346.44,11848.6,1.54
M0109428,N,66,0,11589.86,1,1,0,2845.23,8185.18,1.2
M0109429,N,63,0,10948.29,0,1,0,3820.61,6552.13,0.9
M0109430,N,65,0,4378.6,0,0,0,819.19,6548.38,0.0
M0109431,N,25,0,4778.99,0,1,1,1498.02,3692.66,1.22
M0109432,N,59,0,5489.63,0,0,1,2441.56,7202.83,0.9
M0109433,N,52,0,11864.92,0,1,0,3604.78,6853.02,1.27
M0109434,Y,49,6,303341.34,7,7,7,205529.39,176524.33,7.16
M0109435,N,70,0,21529.64,1,1,0,1591.21,20690.92,2.02
M0109436,N,66,0,9306.81,0,0,0,2793.86,7477.56,0.68
M0109437,N,34,1,11455.79,0,1,0,6015.52,10382.12,2.15
M0109438,N,61,1,2905.79,0,1,0,1338.68,1313.15,1.88
M0109439,N,75,2,44927.38,1,1,0,23409.87,16640.94,3.03
M0109440,N,59,2,42048.74,1,0,0,4366.48,34647.52,2.18
M0109441,N,66,0,11652.22,0,1,0,7300.11,2836.11,1.09
M0109442,N,35,0,17169.04,0,0,0,11412.78,17779.83,1.23
M0109443,N,20,0,7234.24,0,0,0,2619.6,4056.7,1.55
M0109444,N,51,1,19567.83,2,0,0,2038.01,17051.35,0.66
M0109445,N,66,0,4324.79,1,0,1,1239.57,5336.71,0.95
M0109446,N,77,0,18342.34,0,1,1,1608.88,15925.32,0.0
M0109447,N,76,1,8451.44,0,0,1,2220.62,5468.96,0.26
M0109448,N,43,0,15793.91,0,1,0,5641.99,10867.85,0.35
M0109449,N,57,3,18943.62,0,0,0,4139.62,27901.78,0.51
M0109450,N,53,2,30379.96,1,0,0,9535.83,19661.72,2.92
M0109451,N,55,0,10937.09,0,2,0,2250.23,9871.68,1.13
M0109452,N,26,0,14682.41,0,0,0,788.54,11859.63,1.25
M0109453,N,64,2,30189.91,0,0,0,4448.24,30580.99,1.85
M0109454,N,34,1,7184.85,0,0,0,632.53,6141.45,0.72
M0109455,N,76,2,10301.28,1,0,1,3953.12,5275.64,1.04
M0109456,N,65,1,3708.21,1,2,0,1603.35,1889.88,0.0
M0109457,N,35,0,8208.81,0,2,0,3206.41,10863.2,0.89
M0109458,N,64,1,8308.67,0,2,1,1925.29,4965.26,0.0
M0109459,N,25,1,12029.92,0,1,0,1697.4,9203.41,0.81
M0109460,N,74,0,2906.68,0,0,0,754.83,1961.52,0.0
M0109461,N,76,2,5719.04,0,0,0,791.03,4535.38,0.77
M0109462,N,61,0,6756.06,0,2,0,958.48,7282.74,0.28
M0109463,N,61,2,16269.47,0,0,2,8734.93,4183.14,0.85
M0109464,N,51,0,10301.95,0,0,0,1472.15,6648.92,1.19
M0109465,N,23,0,9218.82,0,2,0,1591.43,11840.09,1.06
M0109466,N,71,1,7385.41,0,0,0,2662.53,3817.52,0.84
M0109467,N,56,1,11165.87,0,2,0,871.05,8182.79,0.27
M0109468,N,52,0,11060.01,0,1,0,3648.14,11137.26,0.52
M0109469,N,57,2,16158.21,0,3,0,4538.93,11522.73,1.26
M0109470,N,34,3,25487.25,0,1,1,7736.54,19903.7,1.76
M0109471,N,32,0,6143.67,1,0,0,1687.85,6183.53,1.17
M0109472,N,36,0,3586.84,0,2,0,1487.55,4882.75,2.3
M0109473,N,55,2,2334.23,0,0,0,1337.54,730.96,0.69
M0109474,N,71,0,11695.57,0,0,1,7875.68,3134.37,2.35
M0109475,N,75,1,4077.17,1,1,0,342.47,3701.24,0.2
M0109476,N,29,1,13859.84,1,0,0,8087.74,13195.61,1.1
M0109477,N,48,1,10325.1,0,0,0,7186.42,4400.31,0.11
M0109478,N,65,2,24542.24,1,0,0,5139.62,16379.99,0.85
M0109479,N,52,1,31570.58,0,1,0,3690.55,21140.66,2.17
M0109480,N,37,0,2246.43,1,2,0,974.32,1519.92,1.36
M0109481,N,36,0,7267.65,0,2,0,2285.86,9580.28,1.15
M0109482,N,37,2,9243.06,0,1,0,4033.08,4736.03,1.11
M0109483,N,76,0,12825.19,1,0,1,2295.35,9745.61,0.74
M0109484,N,42,0,20473.01,0,0,0,2976.77,15211.44,1.2
M0109485,N,73,0,6343.58,1,1,0,2115.76,6386.6,0.14
M0109486,N,79,1,3787.88,0,0,0,681.45,4097.24,1.1
M0109487,N,36,0,10444.85,0,0,0,3417.81,6988.44,0.73
M0109488,N,70,3,10926.99,0,1,0,4579.38,11852.12,0.07
M0109489,N,79,2,12739.62,0,2,0,4845.32,17216.95,0.0
M0109490,N,52,0,4498.04,0,0,0,551.23,4264.83,0.9
M0109491,N,79,0,3594.7,0,0,0,2179.1,3776.57,0.8
M0109492,N,39,3,39970.39,0,2,0,20438.09,18304.89,2.96
M0109493,N,58,3,11399.83,0,1,0,6195.28,11335.59,2.22
M0109494,N,45,0,2248.33,0,1,0,993.0,2006.34,0.0
M0109495,N,35,2,13053.18,0,0,1,8806.03,6629.25,1.08
M0109496,N,25,0,9334.95,0,0,0,786.85,13871.12,1.16
M0109497,N,28,2,10281.6,0,1,1,1908.12,12652.39,0.98
M0109498,N,63,1,9607.57,0,1,0,4503.16,3714.62,1.21
M0109499,N,66,0,7862.39,0,2,0,2974.58,6453.18,1.36
M0109500,N,25,2,6820.02,0,1,0,752.62,6928.09,0.49
M0109501,N,80,2,9818.74,0,1,0,4323.09,6624.21,0.88
M0109502,N,80,1,27454.03,0,1,0,6350.93,20665.47,0.94
M0109503,N,79,2,15453.02,0,0,0,8986.96,4830.02,0.15
M0109504,N,65,0,9429.04,0,0,0,3537.13,7043.74,1.5
M0109505,N,41,0,13643.94,1,2,0,454.99,20580.25,0.78
M0109506,N,21,1,11564.73,0,2,0,6027.2,4315.7,1.6
M0109507,N,51,3,12949.28,0,2,0,2544.29,15330.73,0.6
M0109508,N,68,3,5372.44,0,1,1,2168.4,3288.68,1.17
M0109509,N,58,2,4338.86,0,0,0,966.94,4023.55,0.39
M0109510,N,18,1,4107.61,0,0,0,2289.55,3386.78,1.36
M0109511,N,20,0,6883.85,0,3,0,6174.88,6183.2,1.27
M0109512,N,25,0,14197.46,0,1,0,1936.34,12853.5,0.0
M0109513,N,79,1,11612.42,0,0,0,3214.9,9611.19,0.49
M0109514,N,46,3,32677.33,0,2,0,12427.2,16390.46,1.58
M0109515,N,26,1,13792.43,1,0,0,4882.13,14857.15,0.0
M0109516,Y,38,4,291561.02,5,5,2,114527.46,254537.97,8.59
M0109517,N,66,0,15917.85,0,0,0,1903.44,20034.92,0.87
M0109518,N,78,1,24717.68,1,2,0,4927.53,20505.31,1.14
M0109519,N,43,0,4831.11,2,1,1,1899.32,6451.06,1.5
M0109520,N,67,0,5394.42,0,0,0,391.04,6416.21,0.0
M0109521,N,70,0,9343.77,1,1,0,2435.45,5827.73,2.11
M0109522,N,19,1,15276.69,0,2,0,11259.56,9587.81,2.53
M0109523,N,33,1,6794.9,0,1,0,5030.84,4460.91,0.11
M0109524,N,71,0,7963.43,1,2,0,2174.39,11854.84,0.46
M0109525,N,71,0,8116.67,0,0,1,1403.32,9821.99,1.54
M0109526,N,22,1,2927.61,0,0,0,787.77,2474.45,0.0
M0109527,N,51,0,7684.66,1,1,0,1595.18,6083.03,0.58
M0109528,N,54,1,6575.6,0,0,0,1276.06,9669.53,0.32
M0109529,Y,41,5,284198.08,1,5,4,142928.95,256726.01,4.92
M0109530,N,80,2,19935.96,0,2,0,17279.97,7835.66,2.48
M0109531,N,58,0,10318.15,0,0,0,1010.5,8874.57,1.06
M0109532,N,70,1,10480.69,0,0,0,3140.14,7641.26,1.44
M0109533,N,40,0,3605.28,0,0,0,926.46,4195.53,1.03
M0109534,N,78,1,6589.56,0,0,0,1251.17,6470.65,0.28
M0109535,N,76,1,7146.39,0,1,0,2719.15,6895.45,0.58
M0109536,N,63,1,14236.23,1,0,0,3107.11,13025.56,0.0
M0109537,N,31,2,17400.77,0,1,1,2077.39,12351.97,0.15
M0109538,N,49,0,20076.27,1,1,0,4642.32,17636.86,1.22
M0109539,N,51,0,14019.15,0,0,0,2284.78,10767.28,0.78
M0109540,N,80,1,3884.93,0,0,0,793.13,3661.07,1.99
M0109541,N,30,0,4828.48,0,1,0,1131.67,3711.96,0.27
M0109542,N,58,0,4729.87,0,0,0,2065.1,3942.96,0.0
M0109543,N,65,0,68428.64,0,0,0,2538.38,54359.44,2.01
M0109544,N,45,1,13981.85,0,0,1,6167.05,9176.51,1.63
M0109545,N,18,0,26301.26,0,1,0,5041.72,15804.83,0.0
M0109546,N,65,1,6192.06,1,1,0,1965.05,8419.75,1.31
M0109547,N,37,0,17726.67,0,0,1,3708.61,12429.87,0.81
M0109548,N,39,1,11815.65,0,0,0,8016.5,4809.8,0.33
M0109549,N,41,2,5688.84,0,1,0,1914.86,5606.8,1.08
M0109550,N,73,1,11407.3,1,0,1,1838.24,10589.66,0.97
M0109551,N,43,0,6606.68,0,0,0,4080.29,5442.9,0.12
M0109552,N,63,0,3548.85,1,1,0,1152.34,2589.46,0.92
M0109553,N,24,0,16713.9,1,0,0,3679.21,14380.98,0.98
M0109554,N,25,1,7250.69,0,0,0,1181.66,6812.77,0.27
M0109555,N,40,0,11015.64,0,0,0,1976.2,7300.68,1.19
M0109556,N,50,1,8686.1,0,0,0,2183.77,7308.84,0.25
M0109557,N,51,0,8440.23,0,0,1,2115.52,5246.13,2.74
M0109558,N,48,0,11634.32,0,0,0,3018.84,9093.33,0.22
M0109559,Y,45,5,173212.37,1,1,3,65273.66,139984.16,5.84
M0109560,N,73,2,20166.07,0,1,0,2638.4,20405.36,2.37
M0109561,N,65,1,2630.53,1,1,1,1035.94,2339.28,1.61
M0109562,N,74,0,14807.13,0,1,1,3100.78,9167.32,2.93
M0109563,N,68,0,13569.82,0,1,0,2361.28,18987.13,1.15
M0109564,N,24,1,14835.4,0,2,0,1813.62,15642.1,2.1
M0109565,N,79,1,15039.62,1,0,0,5574.56,15088.78,1.53
M0109566,N,80,1,9673.24,0,0,0,3140.49,5191.72,0.6
M0109567,N,39,1,4666.22,0,1,0,2355.9,3620.93,0.54
M0109568,N,61,0,11435.43,0,2,1,4507.58,13967.38,2.78
M0109569,N,18,0,1885.88,1,1,0,1430.01,1317.46,0.03
M0109570,N,47,1,9823.22,0,0,0,1435.94,10555.64,0.15
M0109571,N,40,0,5470.03,0,0,2,1972.58,3344.13,0.03
M0109572,N,25,3,16290.0,0,0,0,3297.9,17331.79,2.75
M0109573,N,58,2,26447.36,0,0,0,5503.86,23390.76,1.59
M0109574,N,26,2,13188.68,0,0,0,3440.31,8089.44,1.34
M0109575,N,38,1,9491.49,0,0,0,3508.16,12524.6,0.79
M0109576,N,70,0,20886.73,0,0,0,2755.09,17027.92,0.85
M0109577,N,55,1,8073.86,0,0,1,3817.56,4610.98,0.19
M0109578,N,65,1,20312.38,0,0,1,12774.78,15301.99,2.3
M0109579,N,38,0,7180.59,0,0,0,3455.75,6770.34,0.42
M0109580,N,28,0,10902.46,0,1,0,1230.4,11616.38,1.24
M0109581,N,20,2,12811.8,0,0,0,3863.08,9208.42,0.62
M0109582,N,43,2,17004.28,1,1,1,2049.55,18694.78,1.56
M0109583,N,62,0,1269.21,0,0,0,488.76,1099.13,0.0
M0109584,Y,58,8,334246.69,4,2,1,274077.96,164577.1,3.84
M0109585,N,46,0,6561.96,0,0,0,1995.88,3899.12,0.0
M0109586,N,23,1,5149.62,0,0,0,887.79,4488.85,1.37
M0109587,N,42,2,8236.95,0,1,0,5737.36,4279.08,0.86
M0109588,Y,43,6,277861.65,1,2,3,46680.56,198885.46,3.23
M0109589,N,26,0,3787.04,1,1,0,1939.84,4568.95,0.08
M0109590,N,37,2,11858.83,0,1,0,4385.06,10605.57,2.8
M0109591,N,26,3,7702.39,0,3,2,1851.48,5761.81,1.87
M0109592,Y,59,2,103937.64,2,3,1,43343.15,70550.55,2.73
M0109593,N,26,0,6502.82,0,0,1,2788.25,2765.13,1.04
M0109594,N,68,2,4731.24,0,0,1,2578.78,2646.82,1.07
M0109595,N,32,1,23667.49,1,0,0,4170.4,18639.24,1.82
M0109596,Y,68,3,270164.97,3,1,1,24541.2,210128.52,4.03
M0109597,N,27,0,9383.0,0,0,0,2073.69,6336.44,1.99
M0109598,N,69,3,14906.46,0,2,2,7580.24,13377.91,0.63
M0109599,N,27,1,4818.82,0,0,0,2291.54,5064.22,2.1
M0109600,N,59,0,51383.5,1,1,0,17333.24,38022.0,0.52
M0109601,N,71,0,2372.25,0,2,0,1278.75,2970.7,0.16
M0109602,N,57,1,13152.82,0,1,0,1011.25,13802.46,0.0
M0109603,N,60,1,8666.23,0,0,0,1572.96,6370.36,1.64
M0109604,N,41,2,4700.09,0,0,0,4406.04,4107.24,0.56
M0109605,N,54,0,6090.14,0,1,1,2206.58,4694.46,0.0
M0109606,N,34,0,43535.02,0,2,0,8692.3,30967.06,0.38
M0109607,N,45,0,5646.24,0,0,0,2868.6,6266.3,1.48
M0109608,N,42,2,4990.49,0,0,0,730.8,5661.57,1.18
M0109609,N,63,0,4945.78,0,0,0,887.28,4841.0,0.22
M0109610,N,38,0,2517.56,0,1,0,952.59,3599.01,0.0
M0109611,N,42,1,12225.57,1,0,0,4478.33,8346.12,0.86
M0109612,N,39,1,5748.05,0,0,1,1312.0,4558.91,0.6
M0109613,N,18,0,3592.39,1,0,0,1079.47,2877.37,0.0
M0109614,N,18,0,22751.58,1,0,0,4186.43,14167.85,0.26
M0109615,N,25,2,15842.25,0,1,0,10498.84,10185.26,0.85
M0109616,Y,71,5,166223.93,1,3,4,34723.28,116483.75,3.1
M0109617,N,38,2,25017.1,0,2,0,16513.31,10165.59,1.18
M0109618,N,23,1,7713.13,1,0,1,1741.61,6382.45,1.84
M0109619,N,46,0,13811.58,0,0,0,4324.42,7623.97,0.75
M0109620,N,75,0,2800.98,0,0,0,1439.48,2054.46,1.21
M0109621,N,48,0,6397.45,0,0,0,2738.52,5086.59,0.0
M0109622,N,31,1,3493.34,0,0,0,1566.51,3691.69,0.74
M0109623,N,56,0,13814.32,1,1,1,5116.81,9069.23,1.17
M0109624,N,19,0,3581.42,0,0,1,338.88,5919.99,1.45
M0109625,N,53,3,13134.93,1,1,0,4512.15,7562.74,1.53
M0109626,N,69,2,20996.95,0,1,0,5592.49,32003.84,1.92
M0109627,N,34,0,12200.66,0,1,0,777.25,14394.71,0.61
M0109628,N,32,1,8074.5,0,0,1,1195.27,7063.44,3.41
M0109629,N,42,0,13183.08,0,0,1,1463.28,9089.38,0.44
M0109630,N,42,0,5824.83,0,0,0,3211.23,3111.16,0.72
M0109631,N,80,0,8106.33,0,0,0,535.47,6960.53,1.12
M0109632,N,70,1,3883.22,0,1,0,1726.72,3088.4,1.4
M0109633,N,67,1,17261.35,0,2,0,1440.26,15394.69,1.23
M0109634,N,22,2,35268.14,0,2,0,12421.0,16932.34,1.98
M0109635,N,73,0,6996.45,0,1,0,3246.55,7553.83,0.93
M0109636,N,38,1,5699.66,1,0,0,1247.98,8413.75,1.54
M0109637,N,41,2,9578.77,1,0,0,3246.57,4278.56,0.22
M0109638,N,48,0,16384.67,1,1,0,5927.93,8227.99,0.42
M0109639,N,18,0,16430.61,0,1,0,9576.45,9584.0,1.75
M0109640,Y,82,2,291408.47,4,3,5,123264.69,147635.93,8.21
M0109641,N,28,0,9301.76,0,1,1,2540.81,6822.75,0.5
M0109642,N,36,1,10871.94,0,0,0,3505.65,14933.97,0.0
M0109643,N,49,0,14481.77,0,0,0,2586.89,12688.88,1.33
M0109644,N,79,1,13940.1,0,0,0,4249.79,8152.15,0.9
M0109645,N,63,2,25066.98,1,0,0,7916.82,14936.38,1.01
M0109646,N,73,0,11108.35,1,0,0,2352.65,6817.49,2.16
M0109647,N,79,2,8531.45,0,0,0,2115.25,12175.83,0.07
M0109648,N,57,2,4689.09,0,0,0,1436.74,3346.07,1.45
M0109649,N,68,1,4337.34,0,1,0,2105.06,3333.97,0.85
M0109650,N,30,1,17147.9,0,0,0,1980.67,11492.59,2.39
M0109651,N,18,0,17129.86,0,0,0,2247.47,14989.72,1.02
M0109652,N,47,2,17677.34,0,1,0,10792.28,8712.46,0.42
M0109653,N,24,3,20409.19,0,1,1,5553.39,11480.02,1.91
M0109654,N,36,1,50479.02,0,0,0,2783.45,43757.95,0.6
M0109655,N,21,1,12287.54,0,2,0,4401.97,9248.24,1.28
M0109656,N,63,1,28039.63,0,1,0,11290.24,36418.4,1.68
M0109657,N,52,1,7096.55,0,2,0,6260.02,5389.64,1.49
M0109658,Y,52,4,131187.9,2,1,5,41103.66,108524.05,3.75
M0109659,N,19,1,10048.14,0,0,0,832.08,9300.05,0.0
M0109660,N,66,0,10134.4,0,0,0,2130.38,9343.65,0.5
M0109661,N,52,1,7074.11,0,1,0,5241.14,2203.53,0.0
M0109662,N,22,3,26150.04,1,2,1,4306.09,30556.45,1.81
M0109663,N,68,0,10510.39,0,1,0,1470.5,10465.59,0.57
M0109664,N,69,2,5153.63,0,1,2,1518.06,6414.82,1.96
M0109665,N,34,2,11697.3,0,1,0,3878.0,7206.41,0.86
M0109666,N,56,0,7869.1,0,0,0,2524.24,5054.65,1.28
M0109667,N,41,2,15417.95,0,1,0,5493.41,18547.96,1.93
M0109668,N,31,2,7867.59,0,0,0,3528.43,10631.78,2.09
M0109669,N,25,0,3538.68,0,2,0,1514.58,4247.52,1.01
M0109670,N,43,0,4906.48,0,1,0,1148.66,5800.41,0.27
M0109671,N,54,2,5489.81,1,1,0,2364.65,2012.86,0.75
M0109672,N,51,3,31513.3,0,1,0,14383.9,18473.06,0.65
M0109673,N,75,0,6144.48,0,2,0,3444.24,5773.07,0.65
M0109674,N,24,0,16018.8,1,0,0,4919.27,11129.99,2.2
M0109675,N,30,2,12081.7,0,1,2,643.03,10499.14,0.0
M0109676,N,45,0,4395.33,0,2,0,3097.25,3896.62,0.31
M0109677,N,55,1,8115.48,1,1,0,2745.95,5644.24,1.5
M0109678,N,53,2,5001.59,0,1,0,2422.5,3917.42,1.08
M0109679,N,60,1,13660.85,0,1,0,3942.64,15863.18,2.36
M0109680,N,19,1,5203.65,0,0,0,4211.88,3418.71,0.0
M0109681,N,66,0,15155.26,0,1,0,9043.85,6129.55,1.21
M0109682,N,42,1,9048.06,0,0,0,2921.82,9801.79,1.16
M0109683,N,77,3,5725.4,0,0,0,2510.15,5257.46,0.0
M0109684,N,38,1,38112.81,0,2,1,2169.75,28289.2,0.95
M0109685,N,30,0,6672.62,0,2,0,2046.24,3701.27,0.99
M0109686,N,36,1,7147.07,0,0,0,2423.45,3363.65,1.09
M0109687,N,59,2,10149.59,0,1,0,5375.67,6489.95,1.32
M0109688,N,62,3,5646.31,0,0,2,776.05,3950.86,0.66
M0109689,N,65,0,5420.24,1,1,1,4432.57,3729.97,1.25
M0109690,N,60,0,8318.88,0,1,0,1500.6,10097.32,0.69
M0109691,Y,51,7,221654.17,5,2,2,59206.35,244085.92,5.97
M0109692,N,33,1,9326.04,0,0,0,1428.4,8903.78,1.38
M0109693,N,40,1,6840.19,1,1,0,984.68,4623.86,0.7
M0109694,N,76,2,4860.77,0,0,0,1211.07,3046.11,0.0
M0109695,N,29,4,7676.71,0,0,0,3056.58,6853.31,2.3
M0109696,N,68,1,23350.82,0,0,0,10534.16,9912.16,0.49
M0109697,N,41,2,12056.93,0,1,0,3260.31,8516.83,0.0
M0109698,N,73,1,14024.92,0,1,0,3902.19,8603.55,1.19
M0109699,N,77,2,12746.17,0,0,0,240.22,14732.58,1.22
M0109700,N,61,1,13236.76,1,0,0,1294.45,11513.42,0.78
M0109701,N,22,0,16094.71,0,1,0,3477.72,12028.82,0.09
M0109702,N,31,0,10110.29,0,0,0,1515.55,8558.79,0.0
M0109703,N,23,1,13415.97,1,1,0,4623.52,11941.77,0.0
M0109704,N,29,0,10147.11,0,2,1,2374.28,10180.98,1.41
M0109705,N,31,0,7092.08,0,0,0,676.62,7129.11,0.65
M0109706,N,70,2,9603.84,0,0,0,2983.42,8076.69,1.66
M0109707,N,52,1,39110.95,0,0,1,875.07,36440.09,1.32
M0109708,N,36,3,14730.73,0,1,0,5872.23,6126.78,1.16
M0109709,N,63,0,3445.6,0,0,0,718.21,3772.37,1.35
M0109710,N,18,2,14377.48,0,1,0,4507.64,7109.81,1.63
M0109711,N,60,1,20664.11,0,1,0,8082.38,12124.71,1.37
M0109712,N,78,0,5137.79,0,2,1,1650.57,4733.26,1.36
M0109713,N,51,1,3870.45,0,3,0,2242.68,3921.19,0.09
M0109714,N,26,1,7630.86,0,3,1,1937.75,6600.25,0.53
M0109715,N,51,2,4707.23,1,0,0,1224.25,3117.11,0.62
M0109716,N,36,0,13252.87,1,1,0,1849.49,15783.65,0.23
M0109717,N,79,0,10546.08,0,1,0,2951.53,7330.78,1.24
M0109718,N,31,0,4527.33,0,0,0,1265.6,6234.31,0.0
M0109719,N,33,0,45068.96,0,1,0,1653.17,43703.16,1.12
M0109720,N,48,0,18969.74,0,0,0,7046.01,9582.82,0.0
M0109721,N,59,2,13566.08,0,1,0,5109.13,6725.45,1.83
M0109722,N,55,1,15661.64,0,0,2,6429.4,15210.87,1.56
M0109723,N,72,1,14732.13,0,0,0,8536.63,3097.15,1.26
M0109724,N,53,1,7682.31,0,0,0,1131.73,7679.25,1.83
M0109725,N,67,1,5124.11,0,1,0,2274.45,6631.23,1.69
M0109726,N,35,1,24885.29,0,2,0,11982.15,31203.31,1.65
M0109727,N,73,0,11754.92,0,1,0,1890.58,9094.89,1.09
M0109728,N,68,0,10735.62,0,0,2,1628.18,6810.9,1.66
M0109729,N,70,1,6326.68,0,2,1,1680.52,4894.25,1.38
M0109730,N,37,0,22616.93,2,2,1,3017.69,17212.95,2.37
M0109731,N,65,2,15171.97,0,0,0,1163.99,15405.31,1.22
M0109732,N,56,0,4362.21,0,0,0,1080.38,3959.55,0.0
M0109733,N,33,1,23671.69,0,0,0,2144.65,17997.34,1.89
M0109734,N,41,0,5043.1,0,0,0,1394.11,3961.81,0.58
M0109735,N,62,3,12292.28,1,1,0,3154.09,6993.47,1.83
M0109736,N,62,1,22013.04,0,0,0,10268.13,10208.01,1.2
M0109737,N,68,2,7265.94,0,2,1,2637.27,5874.11,0.31
M0109738,N,41,0,11780.47,0,0,0,10063.94,7296.82,0.0
M0109739,N,18,2,7750.01,0,2,0,2013.87,4249.35,1.13
M0109740,N,65,1,3552.1,0,0,2,454.25,3043.93,0.0
M0109741,N,48,0,12126.3,0,0,1,6270.9,12379.35,1.28
M0109742,N,39,0,31237.43,1,0,0,35895.98,11469.43,2.36
M0109743,N,31,1,8491.61,0,3,1,6994.35,5116.52,2.82
M0109744,N,29,2,4415.55,0,1,0,4373.78,2444.47,1.25
M0109745,N,32,1,3778.6,0,0,1,2937.29,3250.49,0.48
M0109746,N,29,0,11602.84,0,0,1,6021.08,3931.05,0.28
M0109747,N,31,0,13112.08,0,0,0,1148.93,14235.6,1.34
M0109748,N,40,0,12250.18,0,0,0,1660.94,8350.02,1.52
M0109749,N,41,1,8172.67,1,0,1,2681.02,6560.08,1.56
M0109750,N,76,1,19705.43,0,2,0,4240.31,12642.41,0.31
M0109751,N,47,0,9813.03,0,0,0,2779.44,6692.61,0.34
M0109752,N,44,2,3952.01,0,1,0,1870.72,3111.16,1.29
M0109753,N,67,2,9088.2,1,1,0,1652.48,8249.79,1.37
M0109754,N,22,0,10640.94,0,0,0,3332.57,5852.71,0.13
M0109755,N,61,2,11788.9,1,2,1,6948.38,7470.13,1.68
M0109756,N,44,0,29320.29,0,1,0,5231.56,28671.45,0.44
M0109757,N,65,1,11324.28,0,2,0,6750.44,12281.73,3.16
M0109758,N,72,1,11999.25,2,0,0,5211.39,15160.8,0.72
M0109759,N,19,1,3927.72,0,0,0,948.12,2768.2,1.27
M0109760,N,74,1,55445.08,0,2,0,21676.41,24996.61,2.37
M0109761,N,47,0,4588.26,0,0,0,2165.51,2760.74,0.76
M0109762,N,56,1,7506.46,0,1,0,1059.04,5708.32,0.63
M0109763,N,40,4,15519.4,1,2,1,1888.13,13034.49,1.63
M0109764,N,25,1,18487.22,0,0,0,3050.69,13134.45,2.18
M0109765,N,56,4,31333.19,1,1,0,10893.08,17585.35,0.6
M0109766,N,32,1,11576.45,0,0,0,1162.37,12508.44,1.95
M0109767,N,35,0,8530.02,0,0,0,2572.3,5800.91,1.04
M0109768,N,38,0,8975.73,0,0,1,2749.3,4514.01,0.0
M0109769,N,64,0,13233.87,0,1,1,1491.25,10500.47,1.48
M0109770,N,36,2,2027.31,0,0,0,921.49,1913.87,0.62
M0109771,N,80,2,26118.67,0,1,0,2253.15,27390.74,1.59
M0109772,N,21,0,8555.64,0,0,0,1958.47,6408.17,0.0
M0109773,N,32,0,5379.07,0,1,0,1156.83,3348.9,1.33
M0109774,N,24,3,51547.0,0,0,0,23843.07,24922.67,2.98
M0109775,N,79,0,4361.91,0,1,0,763.89,4181.59,0.64
M0109776,N,39,1,13892.31,0,1,0,4299.09,11979.53,1.99
M0109777,N,57,0,9860.74,0,0,0,3244.95,5637.82,2.06
M0109778,N,56,2,25583.74,1,0,0,1670.81,18921.39,1.53
M0109779,N,76,2,15341.13,0,0,1,2051.67,14023.23,1.52
M0109780,N,65,0,15309.11,0,2,0,5290.03,8683.52,1.78
M0109781,N,50,0,6286.2,0,0,1,1670.36,3933.15,1.26
M0109782,N,61,1,26145.44,1,1,0,6156.42,18620.75,3.44
M0109783,N,37,2,28686.57,2,2,0,12009.83,11078.55,2.69
M0109784,N,70,1,9612.19,1,0,0,1522.59,12546.12,0.63
M0109785,N,27,2,11999.46,0,1,0,2075.92,10787.54,0.25
M0109786,N,42,0,7819.1,0,1,0,2723.0,4217.17,0.86
M0109787,N,49,2,4051.44,0,1,1,2921.2,2516.85,0.9
M0109788,N,36,0,7359.11,0,0,0,4441.97,4098.46,1.08
M0109789,N,43,1,14453.29,0,0,1,4689.8,9251.03,1.28
M0109790,N,71,0,5234.23,0,0,0,1210.22,3632.07,0.44
M0109791,N,52,1,7218.65,0,2,0,1325.9,5007.94,0.0
M0109792,N,32,1,6971.36,0,0,0,5248.0,4292.65,0.17
M0109793,N,44,2,20459.49,1,0,1,4843.31,13620.4,1.07
M0109794,N,79,2,16830.23,0,0,0,5188.99,21830.3,1.5
M0109795,N,50,0,5167.02,0,2,0,3451.67,2876.12,0.52
M0109796,N,65,0,12187.58,1,1,0,3286.26,7655.12,0.06
M0109797,N,20,0,5679.12,1,0,0,1605.17,5514.55,0.0
M0109798,N,41,0,20947.04,0,0,0,4420.17,14088.05,0.76
M0109799,N,41,1,3464.97,0,0,0,331.59,3956.56,0.0
M0109800,N,80,2,13001.7,0,0,0,9639.02,6416.61,1.53
M0109801,N,20,0,7757.86,2,0,0,953.54,7747.34,0.0
M0109802,N,71,1,5870.95,0,0,0,2949.77,3138.43,1.22
M0109803,N,49,1,4977.65,0,0,0,1754.26,2768.98,1.59
M0109804,N,67,0,14024.63,0,1,0,4464.69,11187.05,1.29
M0109805,N,38,0,14214.88,0,0,0,1031.68,20417.45,0.0
M0109806,N,54,1,7418.95,0,1,0,1392.68,7060.49,0.97
M0109807,N,80,1,17093.91,0,0,1,9109.41,10823.55,1.99
M0109808,N,22,0,8013.77,0,2,1,1971.05,5758.01,1.31
M0109809,N,65,1,5150.14,0,1,1,2303.18,6685.57,1.37
M0109810,N,46,0,4189.72,0,1,0,570.57,5046.3,0.04
M0109811,N,73,0,14221.25,0,1,0,5023.97,12968.36,0.85
M0109812,N,41,1,5833.61,0,0,0,3259.7,1956.54,0.0
M0109813,N,38,2,8221.32,0,0,0,2327.36,9538.16,0.23
M0109814,N,36,1,12973.35,1,2,0,7335.95,4918.36,1.86
M0109815,N,64,2,7723.83,0,1,1,757.99,6296.52,0.42
M0109816,N,77,1,23395.03,0,1,0,3563.94,16355.08,0.52
M0109817,N,52,1,5891.58,1,1,0,2922.14,2685.0,1.16
M0109818,N,60,0,9956.88,0,1,0,3425.04,8012.52,0.0
M0109819,N,78,1,5305.55,0,0,0,679.78,3574.47,1.04
M0109820,N,29,3,11748.45,0,1,1,4048.69,5327.45,0.0
M0109821,N,49,0,3759.86,0,0,1,3408.26,1964.5,1.5
M0109822,Y,44,4,236503.56,3,5,2,37997.31,196286.72,5.18
M0109823,N,31,2,3748.42,0,0,0,1434.85,2651.59,0.0
M0109824,N,50,2,17778.09,0,0,1,3879.28,10040.7,2.46
M0109825,N,49,2,16063.86,1,1,0,4459.98,14432.92,1.61
M0109826,N,20,2,17937.84,0,0,0,1686.88,13519.56,1.47
M0109827,N,27,1,6653.72,0,1,0,1565.06,3920.94,0.27
M0109828,N,73,0,9110.21,0,0,1,1296.7,8055.79,0.0
M0109829,N,73,1,3704.4,1,0,1,1025.37,5353.69,0.79
M0109830,N,71,1,10149.22,0,0,1,1973.6,7356.24,0.61
M0109831,N,29,1,5376.72,0,0,0,441.91,4316.9,0.18
M0109832,N,26,1,9467.24,1,0,0,1168.78,8181.53,0.33
M0109833,N,43,3,17017.77,0,2,1,7878.55,6480.56,1.07
M0109834,Y,57,5,322935.36,4,4,6,139958.51,159583.77,4.16
M0109835,N,56,1,8232.77,0,3,1,2245.86,5865.16,2.32
M0109836,N,40,0,4662.28,0,0,0,2325.27,4814.76,1.62
M0109837,N,53,2,12524.72,0,2,0,5267.09,7890.62,0.11
M0109838,N,38,1,5341.28,1,1,0,1560.78,3138.27,0.57
M0109839,N,38,0,11437.06,1,1,0,9481.96,5603.5,0.86
M0109840,N,69,1,12104.86,0,1,0,2382.34,10082.02,1.8
M0109841,N,54,0,28935.5,0,1,1,12626.5,15657.62,1.16
M0109842,Y,80,7,576022.88,5,2,4,330066.38,315520.29,8.53
M0109843,N,24,0,12447.92,0,1,1,5381.43,11899.03,2.51
M0109844,N,25,1,6865.81,0,1,1,2985.87,4248.11,1.07
M0109845,N,41,1,13656.66,1,2,0,10150.05,2789.38,1.23
M0109846,Y,61,4,252942.89,3,6,5,51273.53,207975.97,5.06
M0109847,N,35,2,14903.3,0,0,0,7453.71,4505.79,2.24
M0109848,N,39,0,11089.67,0,0,0,2412.27,10670.26,0.0
M0109849,N,27,1,3038.89,0,0,0,1262.03,2499.35,1.64
M0109850,N,44,0,6776.92,0,0,0,4836.65,4014.93,1.08
M0109851,N,52,1,12622.45,0,0,1,3699.27,8548.39,0.99
M0109852,N,55,1,4406.59,0,0,0,3054.58,4112.92,0.41
M0109853,N,72,1,3841.05,0,0,0,2325.83,3433.11,0.0
M0109854,N,62,1,38600.49,0,2,0,3111.16,30841.96,1.7
M0109855,N,32,3,12811.79,0,0,1,7899.86,3865.98,0.0
M0109856,N,70,2,25958.74,1,0,0,10886.04,10677.2,0.0
M0109857,N,42,0,6585.83,0,0,1,461.24,5041.05,0.29
M0109858,N,36,1,4874.15,1,0,1,2270.98,3180.75,0.39
M0109859,N,46,1,16301.07,0,2,1,7825.42,8238.65,0.96
M0109860,N,43,1,7355.24,0,1,0,968.96,6271.25,0.3
M0109861,N,62,3,10883.63,0,0,0,6240.03,10902.91,1.41
M0109862,N,68,1,3077.15,0,2,0,2671.69,1812.91,0.21
M0109863,Y,39,6,243314.83,4,5,3,112960.56,141819.36,5.75
M0109864,N,29,0,18764.28,1,3,0,8310.3,9692.01,3.54
M0109865,N,74,0,8358.51,0,0,0,2188.74,4694.06,0.0
M0109866,N,37,2,3232.43,0,0,0,804.92,3428.58,0.71
M0109867,N,50,0,4284.54,0,0,0,231.58,4253.61,0.0
M0109868,N,57,1,9216.65,1,1,0,2593.97,5466.48,1.03
M0109869,N,62,2,5760.23,0,0,0,6259.32,1251.2,0.76
M0109870,Y,58,2,184326.25,4,4,3,142059.22,120159.08,5.18
M0109871,N,58,1,25562.66,1,1,0,4851.98,37875.08,1.72
M0109872,N,43,2,6368.28,0,2,0,2449.22,3766.37,2.39
M0109873,N,34,0,32110.81,0,0,1,7261.74,21068.84,0.0
M0109874,N,45,1,18005.37,1,1,0,6888.66,17138.61,1.31
M0109875,N,58,0,6577.89,0,0,0,777.6,6623.99,0.0
M0109876,N,25,0,3252.15,0,0,0,1398.95,4317.68,0.01
M0109877,N,71,0,5287.83,0,1,0,2778.78,4316.78,0.8
M0109878,N,62,0,4774.18,0,0,0,1840.14,2635.93,0.91
M0109879,N,40,3,17461.41,1,1,2,1517.37,13798.6,1.1
M0109880,N,31,0,7050.54,0,0,0,4316.89,4979.88,0.08
M0109881,N,45,1,10545.91,0,0,0,2427.69,13905.53,0.34
M0109882,N,39,3,23209.6,0,0,0,6734.37,12744.46,1.8
M0109883,N,45,2,9304.08,0,0,0,4101.47,3784.51,1.28
M0109884,N,31,0,9118.09,0,0,1,1761.48,5468.48,0.64
M0109885,N,22,0,18894.0,0,1,0,2959.12,13771.97,2.28
M0109886,N,66,0,17531.65,0,2,0,3720.05,10146.16,0.26
M0109887,N,70,2,15702.91,2,0,0,5615.14,14625.06,0.73
M0109888,N,68,0,8800.35,0,0,0,781.84,6266.63,2.25
M0109889,N,48,0,20580.37,0,1,0,2642.18,17544.04,0.28
M0109890,N,70,1,12027.48,0,2,1,4040.23,11030.94,0.54
M0109891,N,39,1,21015.51,0,0,0,4507.61,13821.66,1.36
M0109892,N,45,1,17554.92,0,0,1,6720.2,11438.53,1.94
M0109893,N,40,0,4912.83,0,1,0,1075.4,3212.58,0.63
M0109894,N,51,2,23300.17,0,1,0,3448.9,17355.18,1.6
M0109895,N,55,1,6402.03,0,1,0,2964.92,3611.61,1.11
M0109896,N,51,0,4526.94,0,0,0,1591.73,3436.46,0.3
M0109897,N,37,1,7320.79,0,1,1,4742.76,3093.06,0.87
M0109898,N,68,0,2212.08,0,0,0,621.09,2158.21,0.51
M0109899,N,80,0,3423.75,0,0,0,853.35,3233.32,0.86
M0109900,N,20,1,14358.67,0,0,0,2726.17,9162.09,1.44
M0109901,N,27,2,6473.8,0,0,0,2924.93,2321.61,1.21
M0109902,N,43,2,11935.75,0,0,0,1719.06,8718.23,0.0
M0109903,N,21,0,5712.31,0,1,0,2741.51,4065.33,1.38
M0109904,N,77,0,24260.9,0,2,1,2813.01,20596.55,1.34
M0109905,N,18,2,9162.41,0,0,0,2959.37,6622.32,2.7
M0109906,N,39,0,3824.3,0,0,1,4248.36,2314.94,0.74
M0109907,N,40,0,8453.71,0,2,0,4513.97,5065.41,2.46
M0109908,N,45,0,2680.97,0,0,0,1392.66,1924.16,0.97
M0109909,N,66,1,11662.2,0,1,0,5343.66,7062.91,2.17
M0109910,Y,42,7,346446.42,5,6,5,66992.55,260404.29,8.0
M0109911,N,55,0,7671.45,0,0,1,586.79,8731.72,1.42
M0109912,N,74,1,9556.21,0,1,1,3385.27,5521.28,0.51
M0109913,N,32,1,2385.12,0,2,0,545.89,2926.11,0.55
M0109914,N,31,0,11845.41,0,1,0,2667.44,12900.82,2.45
M0109915,N,74,0,8671.39,0,0,1,1801.18,5435.27,0.87
M0109916,N,18,1,6150.93,0,0,0,1400.18,7221.98,0.0
M0109917,N,79,1,73925.41,0,1,0,6746.87,51558.25,1.38
M0109918,N,26,1,9888.67,1,0,0,4675.62,6369.41,1.69
M0109919,N,53,0,2733.66,0,3,0,893.15,3697.77,1.67
M0109920,N,30,0,11178.38,0,0,0,3824.12,8288.9,0.5
M0109921,N,30,2,5845.86,0,0,0,2402.46,5744.98,0.21
M0109922,N,35,1,11306.5,1,2,0,2940.46,8374.36,1.31
M0109923,N,28,2,13201.07,0,0,0,4229.17,7739.95,0.88
M0109924,N,44,2,30583.45,0,1,1,16372.26,9765.24,0.0
M0109925,N,68,0,5395.46,0,0,0,2785.16,3062.43,1.11
M0109926,N,76,0,12605.72,1,1,0,4752.58,9794.31,1.0
M0109927,N,21,0,14303.14,0,0,1,3559.94,8339.21,0.43
M0109928,N,50,0,10290.36,0,2,1,2613.06,8491.92,0.36
M0109929,N,23,1,19893.45,0,1,0,4010.51,27095.91,1.99
M0109930,N,60,0,2866.27,0,0,0,1430.01,3255.42,2.29
M0109931,Y,37,4,206208.41,3,2,2,54817.35,193355.8,3.91
M0109932,N,43,0,13238.42,0,1,1,3501.72,14869.23,0.18
M0109933,Y,74,6,175376.57,6,8,2,111827.8,116035.55,5.87
M0109934,N,49,3,5522.33,0,0,1,2820.94,6473.94,1.66
M0109935,N,75,1,11535.55,0,0,0,4479.95,6888.15,1.22
M0109936,N,50,1,18896.58,0,2,0,2749.04,15146.07,0.0
M0109937,N,45,0,3304.21,0,0,0,864.99,3828.61,0.0
M0109938,N,51,1,6240.95,0,2,0,4520.84,3409.83,0.08
M0109939,N,78,1,17529.06,0,0,0,10135.97,8158.43,1.73
M0109940,N,59,0,9563.37,1,0,1,6142.39,4041.81,1.42
M0109941,N,28,3,16554.92,0,1,0,4754.89,19011.51,1.47
M0109942,N,37,2,4769.08,0,1,0,2185.35,2666.05,0.66
M0109943,N,19,1,22722.45,1,2,0,7740.68,18418.53,0.0
M0109944,N,19,1,10716.22,0,0,1,965.04,10350.82,0.17
M0109945,N,34,1,11820.73,2,0,0,6755.85,4961.42,2.04
M0109946,N,32,2,8250.95,1,0,0,1429.1,5708.47,1.57
M0109947,N,38,0,5924.48,0,0,0,4878.87,3949.38,0.82
M0109948,N,63,2,3835.43,0,0,0,772.05,4262.06,0.69
M0109949,N,54,0,4960.79,0,0,0,1437.82,7428.95,0.0
M0109950,N,25,1,9266.25,0,0,0,5598.54,3144.46,0.41
M0109951,N,49,0,5761.33,1,0,0,905.7,5609.38,0.75
M0109952,N,30,0,6608.55,0,0,0,3313.41,2803.26,2.16
M0109953,N,74,1,18063.77,1,1,0,2262.07,15524.91,0.61
M0109954,N,65,0,25704.07,1,1,1,9030.07,12420.5,2.61
M0109955,N,31,1,9255.0,0,0,0,2801.06,6652.38,0.31
M0109956,N,23,0,4345.28,0,2,1,1504.97,2825.95,0.72
M0109957,Y,50,5,142992.55,4,2,3,47191.09,108412.71,3.57
M0109958,N,73,2,1960.33,0,0,0,923.39,1267.25,0.42
M0109959,N,64,1,2854.69,0,0,0,1620.18,2757.63,0.69
M0109960,N,20,0,6201.74,0,0,0,1697.03,5051.62,0.0
M0109961,N,34,0,10334.84,0,1,2,1560.95,7965.05,2.33
M0109962,N,65,1,28872.43,1,1,0,2036.59,32240.83,2.42
M0109963,Y,47,3,128120.68,2,2,1,33977.32,91880.15,4.34
M0109964,N,27,0,5141.07,0,1,0,1201.43,4930.05,1.51
M0109965,N,39,1,12578.35,1,0,0,2497.24,7571.27,1.74
M0109966,N,64,0,10538.16,0,0,0,410.02,8756.82,1.05
M0109967,N,27,0,10363.62,0,0,1,3176.63,14548.58,0.0
M0109968,N,57,1,4334.99,0,0,0,1159.84,5809.49,0.07
M0109969,N,19,0,14374.27,2,0,0,2951.88,8375.78,1.61
M0109970,N,57,1,11646.36,0,0,0,5275.28,6879.27,0.0
M0109971,N,73,1,11141.93,0,2,1,2066.6,14638.76,1.51
M0109972,N,53,2,17564.57,0,1,0,1626.59,18434.97,0.57
M0109973,N,47,2,2679.78,0,2,0,1806.24,2265.02,0.93
M0109974,N,46,2,14103.59,0,1,0,3990.32,12221.32,1.4
M0109975,N,68,1,10811.09,0,0,0,874.76,10988.51,0.0
M0109976,N,37,0,7184.48,0,0,0,319.55,5320.84,0.0
M0109977,N,41,1,20559.07,0,0,0,3894.01,22690.43,0.86
M0109978,N,62,0,5036.43,0,0,0,490.44,4741.98,0.82
M0109979,N,70,0,36885.52,0,1,0,2442.42,27322.42,1.52
M0109980,N,28,0,5362.78,0,0,0,575.07,5670.41,0.92
M0109981,N,22,0,22402.53,0,1,0,380.09,17761.25,0.0
M0109982,N,41,0,11564.83,0,1,0,2323.2,6740.23,2.13
M0109983,N,72,3,10050.8,0,0,0,3007.95,5017.76,1.45
M0109984,N,77,0,3713.99,0,0,1,695.82,4527.75,0.5
M0109985,Y,61,3,269190.98,4,5,2,77341.85,228693.74,5.3
M0109986,N,61,1,9944.84,0,0,0,1125.2,14797.48,0.26
M0109987,N,62,1,17167.57,1,0,0,5626.03,12035.17,1.39
M0109988,N,52,0,4897.33,0,0,0,1495.49,4864.68,0.0
M0109989,N,26,1,18724.42,0,1,0,6151.71,9331.58,1.38
M0109990,N,18,1,10257.5,0,3,1,7647.2,8368.2,2.08
M0109991,N,36,0,3406.9,0,0,0,1813.58,3549.39,0.68
M0109992,N,78,2,6763.76,1,1,0,5384.74,5076.04,0.36
M0109993,N,20,1,11340.11,0,1,1,3713.36,12044.91,0.83
M0109994,N,61,0,12697.26,0,0,0,403.36,10640.11,0.0
M0109995,N,56,2,7985.21,1,3,0,10465.93,3420.72,1.15
M0109996,N,58,0,8280.53,0,1,1,5462.0,7194.39,1.29
M0109997,N,28,2,6763.86,0,0,0,1713.73,9239.92,0.07
M0109998,N,79,0,8810.55,1,2,0,2489.54,4921.95,0.0
M0109999,N,50,0,6734.88,0,1,2,1366.1,7516.68,1.18
M0110000,N,69,0,16186.03,0,0,0,6258.84,6912.83,1.98
M0110001,N,43,1,7500.42,0,1,2,380.56,7596.22,0.0
M0110002,N,71,0,11419.2,0,0,0,1932.77,8917.6,0.0
M0110003,N,73,0,11608.39,0,0,0,3450.21,9472.86,0.0
M0110004,N,25,1,14776.48,0,0,0,4558.97,13622.63,1.73
M0110005,N,68,1,21308.07,0,3,1,14040.53,23097.08,2.25
M0110006,N,69,0,10049.1,1,0,0,1721.84,7966.68,1.95
M0110007,N,34,1,13432.65,0,0,0,8100.55,3040.41,1.14
M0110008,N,35,1,23864.63,0,1,0,5355.93,15102.32,1.08
M0110009,N,46,1,21061.06,0,1,1,11756.03,10914.73,1.38
M0110010,N,76,2,11799.67,0,2,0,3278.51,9465.56,2.29
M0110011,N,36,1,27484.48,0,1,0,3371.55,18388.09,1.99
M0110012,Y,85,5,451404.14,4,5,3,247663.12,146335.9,4.33
M0110013,N,30,1,5319.88,0,2,0,3315.03,3468.02,0.0
M0110014,N,20,0,13887.77,0,1,0,2824.6,10345.75,1.98
M0110015,N,42,0,5835.0,0,0,1,3913.8,5309.14,1.39
M0110016,N,51,0,3695.66,0,0,0,998.29,2826.83,0.0
M0110017,N,47,1,7189.99,0,1,0,1993.67,3879.52,1.37
M0110018,N,53,0,39707.37,0,0,1,4851.54,34838.71,0.74
M0110019,N,70,0,6815.31,0,0,0,1223.49,4986.39,0.13
M0110020,N,58,1,3218.61,0,2,0,1626.3,3317.55,0.52
M0110021,N,25,0,8077.65,0,2,0,1231.4,6892.9,0.97
M0110022,N,44,2,26717.34,0,1,1,8542.12,14050.35,0.44
M0110023,N,72,2,15344.04,0,1,0,14029.51,8661.02,1.22
M0110024,N,49,3,10201.04,0,0,0,1103.73,7593.82,0.62
M0110025,N,79,0,24988.51,0,0,0,8542.3,16111.34,1.74
M0110026,N,54,1,13020.45,1,0,0,1158.49,12962.33,1.79
M0110027,N,67,0,8968.38,0,1,0,1486.82,7465.76,0.64
M0110028,N,54,0,14285.91,0,0,0,4064.38,18836.25,1.42
M0110029,N,26,0,1395.0,0,2,0,791.5,1596.54,0.42
M0110030,N,71,0,9404.62,0,0,0,1124.01,6392.69,0.79
M0110031,N,72,4,10309.25,0,1,1,3757.28,9101.99,2.2
M0110032,N,20,0,4643.37,0,1,0,1444.52,4019.09,0.0
M0110033,N,36,0,21551.28,0,0,1,5452.09,22789.17,1.03
M0110034,N,76,1,5749.36,0,1,1,3009.45,3674.2,0.59
M0110035,N,35,1,9459.36,0,0,2,6333.71,2112.79,2.62
M0110036,N,47,2,5306.3,0,0,0,1804.52,5867.91,1.08
M0110037,N,31,0,9170.28,0,1,1,9746.39,5505.11,1.43
M0110038,Y,54,5,306667.97,6,7,8,289871.11,126850.11,4.01
M0110039,N,58,0,2098.08,1,0,0,485.74,2596.4,1.49
M0110040,N,47,2,12696.75,0,0,1,6294.71,14849.65,0.14
M0110041,N,48,2,4497.53,0,0,0,3030.33,4689.66,0.59
M0110042,N,48,1,19049.62,0,0,1,10322.07,11303.33,1.38
M0110043,N,23,0,5395.01,1,0,0,542.79,4328.13,0.71
M0110044,N,50,0,14588.78,1,1,0,11334.78,8747.93,2.09
M0110045,N,47,1,13415.32,1,0,1,6630.99,10631.81,1.14
M0110046,N,78,2,12384.65,0,1,0,5200.75,8791.93,1.54
M0110047,N,51,0,23939.35,1,0,0,3972.71,15498.15,1.43
M0110048,N,68,0,24715.48,0,0,1,3155.54,27113.93,2.79
M0110049,N,30,2,49295.42,0,0,2,13805.84,50915.56,1.12
M0110050,N,41,0,2557.77,0,0,0,920.04,2256.47,0.46
M0110051,N,64,0,6575.55,0,2,1,979.92,5042.22,1.36
M0110052,N,32,0,11498.94,0,0,0,3210.68,7597.45,1.37
M0110053,N,18,0,4301.05,0,1,1,4376.43,2006.87,0.0
M0110054,N,72,0,13148.01,0,1,0,5660.97,7079.22,0.0
M0110055,N,76,0,26330.65,1,0,1,4372.75,16356.88,2.12
M0110056,N,36,0,12845.96,0,0,0,5943.64,4438.8,0.46
M0110057,N,24,1,9187.43,0,0,0,1068.78,12657.86,0.85
M0110058,N,77,0,25324.49,0,2,2,9319.16,23435.91,0.79
M0110059,N,30,1,19120.64,0,0,0,9312.84,15472.08,0.78
M0110060,N,64,1,11886.13,0,0,0,7128.88,6682.03,0.0
M0110061,N,42,1,25783.46,1,1,1,2097.4,18069.3,0.0
M0110062,N,20,1,19184.26,1,0,2,4909.41,13758.02,0.3
M0110063,N,30,0,18962.91,0,1,0,5621.26,11059.91,1.44
M0110064,N,57,0,4564.52,0,1,1,943.91,5390.8,0.76
M0110065,N,28,1,1592.82,0,1,0,1201.28,1321.81,0.06
M0110066,N,57,0,3997.2,0,0,0,1197.5,2301.76,0.0
M0110067,N,66,1,27317.28,1,0,2,10637.53,14445.61,0.0
M0110068,N,63,1,6244.18,1,0,1,4887.85,3848.62,2.12
M0110069,N,47,0,11477.26,1,2,0,6004.79,5781.99,0.73
M0110070,N,21,1,5817.27,1,0,0,5203.35,4418.63,1.12
M0110071,N,21,2,32919.13,0,0,2,11248.11,18309.74,2.14
M0110072,N,53,1,13325.94,1,1,1,4807.48,14101.83,1.52
M0110073,N,75,1,15784.49,0,1,1,3546.71,11807.42,1.1
M0110074,N,75,2,3054.14,0,1,0,1459.59,3741.27,2.25
M0110075,N,57,0,6338.93,0,0,2,901.3,5932.73,0.88
M0110076,N,76,0,6617.29,0,0,0,2391.01,4663.13,1.34
M0110077,N,37,0,6891.42,0,3,0,5022.75,5062.13,0.06
M0110078,N,25,0,5730.83,0,1,0,2782.63,1873.51,0.0
M0110079,N,39,1,21804.42,1,2,0,7677.86,10532.53,0.9
M0110080,N,23,2,11117.89,0,2,0,11784.27,7784.5,0.07
M0110081,N,66,0,5386.63,0,0,1,3342.16,3441.58,1.11
M0110082,N,53,3,16586.09,0,2,0,6603.92,12969.11,2.18
M0110083,N,35,0,4895.58,1,1,1,1482.65,2996.07,0.0
M0110084,Y,57,5,287521.34,5,1,4,164553.87,216985.71,8.31
M0110085,N,41,0,16519.2,0,0,1,2912.37,21910.73,1.27
M0110086,N,79,0,12573.2,0,0,1,3740.22,6602.2,0.38
M0110087,N,52,2,36293.43,0,1,1,4112.54,49415.57,2.25
M0110088,N,29,0,36318.2,0,0,1,9984.92,27252.07,2.21
M0110089,N,27,0,16900.29,0,1,1,945.82,16246.42,0.96
M0110090,N,55,2,35549.82,0,2,0,3851.97,43019.95,2.39
M0110091,N,56,2,27626.52,1,0,0,6644.46,16653.9,0.97
M0110092,N,37,2,12775.07,0,0,0,1692.13,9869.82,1.13
M0110093,N,22,4,8762.71,0,1,0,3307.17,11562.35,1.33
M0110094,N,47,0,3459.5,0,0,1,3049.49,2725.76,1.31
M0110095,N,60,1,25213.26,1,0,1,7127.94,21576.71,1.01
M0110096,N,62,2,11688.2,0,0,0,5157.14,6697.54,0.0
M0110097,N,78,1,8127.31,0,0,0,994.57,6165.41,1.29
M0110098,N,58,1,17589.06,0,1,0,2975.99,11766.14,2.03
M0110099,N,51,3,9105.23,1,2,0,5888.97,7041.65,1.2
M0110100,N,21,1,8249.4,0,1,0,2649.9,10111.69,0.83
M0110101,N,62,1,26818.26,0,1,1,1260.68,19781.29,1.66
M0110102,N,64,0,8404.18,1,0,0,2120.29,11204.97,0.75
M0110103,N,63,0,22248.18,1,0,1,4582.68,16898.44,1.05
M0110104,N,79,1,18577.33,0,1,2,4558.97,15433.13,1.57
M0110105,N,77,0,10729.81,2,1,1,4059.27,14342.71,1.56
M0110106,N,42,2,17802.82,0,1,0,3911.31,10745.8,1.84
M0110107,N,32,0,12991.51,1,0,2,9171.37,1745.65,2.91
M0110108,N,54,0,2968.56,0,2,0,771.27,2348.97,0.56
M0110109,N,32,2,8704.24,0,0,0,1879.09,9260.62,0.57
M0110110,N,27,2,19555.1,2,2,0,5033.61,15531.71,1.43
M0110111,N,39,1,5306.13,0,0,1,2061.86,3789.55,0.6
M0110112,Y,39,2,217856.17,3,4,5,73230.57,137805.97,3.83
M0110113,N,33,0,19343.07,1,0,0,466.1,23169.47,1.65
M0110114,N,59,3,12609.04,0,0,1,2065.13,16236.83,1.84
M0110115,N,21,1,28914.47,0,0,0,1815.33,26063.29,0.0
M0110116,N,75,0,4277.0,0,0,0,1254.3,2149.28,0.5
M0110117,N,38,0,23603.25,1,0,0,4240.78,16072.0,0.87
M0110118,N,55,1,13766.28,0,1,0,1593.93,15341.5,1.42
M0110119,N,79,0,14091.01,1,0,1,4681.74,7790.15,1.09
M0110120,N,36,0,10140.88,0,1,0,4357.89,7895.6,0.0
M0110121,N,58,2,21851.25,0,0,1,5408.74,13570.1,0.42
M0110122,N,80,0,13628.95,0,0,0,11082.84,8089.48,1.66
M0110123,N,65,2,18202.15,0,2,0,3004.97,19140.31,0.0
M0110124,N,23,0,21045.18,0,0,2,5355.69,16893.71,1.55
M0110125,N,27,1,22717.62,0,3,0,3841.71,15763.71,2.87
M0110126,N,47,1,3737.76,0,0,0,218.82,3776.38,0.0
M0110127,N,34,3,3358.41,0,0,0,1778.7,1426.66,1.53
M0110128,N,23,2,6242.01,0,1,0,878.45,5159.82,0.67
M0110129,N,62,2,7637.59,0,0,0,1825.26,5389.3,0.0
M0110130,N,71,3,12075.12,0,0,0,984.49,8557.7,1.0
M0110131,N,48,0,10981.02,0,0,0,5060.76,6436.78,0.87
M0110132,N,30,2,33323.27,2,2,1,3902.91,31331.85,0.88
M0110133,N,64,0,8502.49,0,0,0,2121.39,8743.87,2.1
M0110134,N,18,0,7868.99,0,0,0,2373.65,4243.53,0.0
M0110135,N,27,0,7795.75,0,0,0,3638.5,3881.68,0.98
M0110136,N,59,0,1891.06,0,0,0,739.4,1969.97,0.13
M0110137,N,58,0,10378.82,0,1,0,2979.51,6810.7,0.37
M0110138,N,73,1,16690.37,0,1,0,2689.53,12418.94,0.91
M0110139,N,30,2,31660.44,0,0,0,4435.28,25811.56,0.82
M0110140,N,60,0,6996.61,1,1,0,1739.53,6230.39,0.61
M0110141,N,43,0,6830.07,0,0,0,3510.49,7417.89,0.0
M0110142,Y,85,8,426193.9,5,10,2,206682.18,218416.88,7.13
M0110143,N,36,0,3155.02,1,0,0,1489.76,3129.89,0.33
M0110144,N,40,1,8124.51,1,1,0,659.64,5958.67,0.0
M0110145,N,28,0,14546.19,0,1,0,6585.86,7298.32,0.62
M0110146,N,32,1,4497.57,0,1,0,2538.58,4879.27,0.78
M0110147,N,26,1,18395.48,1,1,0,3198.65,23188.17,2.13
M0110148,N,39,0,21861.16,0,1,0,1735.06,18785.22,0.57
M0110149,N,75,0,19594.28,0,2,1,11232.69,9931.35,2.06
M0110150,N,33,2,4524.46,0,0,1,1588.65,2895.37,1.38
M0110151,N,37,1,11646.27,1,0,0,7192.62,2886.33,1.28
M0110152,Y,81,3,118345.49,1,4,3,56103.59,77446.26,2.66
M0110153,N,49,1,13753.71,0,1,0,4461.75,8311.33,0.81
M0110154,N,73,0,6779.12,0,0,0,3916.9,2430.27,2.04
M0110155,Y,53,6,143413.2,4,5,2,96335.5,76645.07,6.32
M0110156,N,47,0,5391.21,0,2,0,2712.11,5394.21,2.11
M0110157,N,28,1,5553.38,0,0,0,973.59,3579.45,1.32
M0110158,N,59,2,10750.86,0,0,0,9269.95,5554.42,0.0
M0110159,N,53,3,20946.22,0,1,0,10382.24,15085.22,1.65
M0110160,N,36,2,6947.69,0,2,0,2779.35,4251.67,2.37
M0110161,N,75,1,11014.65,0,0,0,2163.29,9834.64,0.0
M0110162,N,36,2,7822.43,0,0,0,3638.13,8457.71,0.6
M0110163,N,39,0,2397.28,0,1,1,519.03,2892.9,1.19
M0110164,N,20,1,26589.09,2,3,0,12380.73,14379.56,1.36
M0110165,N,19,0,4914.57,1,2,0,2061.95,5955.65,2.09
M0110166,N,23,0,4355.0,0,0,0,4237.7,3085.13,0.31
M0110167,N,63,2,22852.73,1,2,0,5295.92,14992.46,3.46
M0110168,N,28,2,16087.45,1,1,0,4348.37,11852.68,2.85
M0110169,N,75,1,19325.83,0,0,0,1012.14,14134.11,0.85
M0110170,N,76,0,6082.72,0,1,0,1164.05,8955.13,0.0
M0110171,N,35,2,21525.94,1,2,0,11830.49,5562.08,0.8
M0110172,N,24,1,5806.16,0,0,0,2116.01,5822.4,1.22
M0110173,N,26,0,11967.51,1,0,0,2380.58,13000.76,0.37
M0110174,N,32,2,7904.48,0,1,1,1907.11,12196.84,1.69
M0110175,N,64,1,12419.72,0,1,0,2025.61,12652.53,1.17
M0110176,N,42,0,22897.59,0,0,0,9109.58,18245.61,1.59
M0110177,N,37,0,7402.56,0,0,1,3092.72,4918.15,0.08
M0110178,N,20,1,25978.08,0,0,0,16563.37,18021.23,1.81
M0110179,N,61,0,29110.72,0,1,0,34766.59,4578.83,0.62
M0110180,N,32,0,5377.82,0,0,0,3756.15,3126.52,0.0
M0110181,N,68,0,26237.04,1,0,0,6297.83,14632.6,2.16
M0110182,N,56,0,16406.11,0,0,1,2769.48,18616.04,0.22
M0110183,N,76,0,8578.4,0,1,2,2487.57,8502.54,1.15
M0110184,N,73,2,11639.17,1,2,1,3235.52,6715.96,1.31
M0110185,N,76,1,10412.26,0,1,0,6515.55,6258.53,1.28
M0110186,Y,62,3,252542.02,3,1,3,94872.65,163133.97,6.93
M0110187,N,55,1,12839.02,1,0,0,5531.73,11397.55,1.21
M0110188,N,41,2,7430.02,1,1,1,1579.83,7310.92,1.49
M0110189,N,72,1,23798.6,0,1,0,7455.98,13882.64,0.0
M0110190,N,60,0,16788.57,0,0,0,4344.51,9182.38,0.75
M0110191,N,61,0,6414.69,1,0,0,650.89,5800.76,0.0
M0110192,N,28,0,9773.33,0,1,1,5026.27,6055.76,2.36
M0110193,N,63,2,30204.53,1,0,2,2693.97,25962.75,1.62
M0110194,N,53,1,8822.66,0,0,1,2538.62,4873.99,1.35
M0110195,N,29,0,9671.82,1,0,0,6850.52,4081.4,0.64
M0110196,N,80,0,14413.21,0,1,0,3022.51,17566.18,1.12
M0110197,N,23,1,14299.87,0,0,0,1545.4,11280.62,1.33
M0110198,N,26,2,18225.5,0,0,0,1418.98,14616.83,1.89
M0110199,N,42,1,11654.41,0,1,1,1840.15,10682.89,2.29
M0110200,N,26,0,61659.98,1,2,0,5755.08,42545.63,0.95
M0110201,N,34,2,13634.74,0,0,1,2217.83,8908.56,2.32
M0110202,N,79,2,9288.79,0,0,0,1961.82,9284.74,1.64
M0110203,N,59,0,21830.08,0,0,0,6498.78,22790.95,2.24
M0110204,N,65,3,18144.27,1,1,0,9755.13,13782.91,0.0
M0110205,N,74,1,22787.52,0,2,0,1903.51,20827.14,1.86
M0110206,N,79,1,12094.6,1,0,1,991.8,12349.39,2.28
M0110207,N,79,1,6303.96,0,2,0,2092.08,5390.9,1.58
M0110208,N,31,1,2995.98,0,3,0,1052.4,4231.11,0.09
M0110209,N,19,0,5927.57,0,0,0,3849.17,5369.24,0.36
M0110210,N,73,0,3529.83,0,0,0,1074.92,3858.3,1.93
M0110211,N,25,1,11336.98,0,0,0,4056.84,13954.82,1.3
M0110212,N,25,2,8731.89,0,0,0,2318.59,5774.92,0.98
M0110213,Y,44,7,198194.04,1,2,4,107644.05,144154.19,3.3
M0110214,N,34,2,14456.02,1,2,1,3037.45,9569.41,1.36
M0110215,N,49,1,7168.33,0,2,0,3877.37,1885.37,0.54
M0110216,N,36,2,3715.3,0,0,0,1002.61,3009.88,0.91
M0110217,N,50,0,14009.89,0,1,0,5385.85,13309.0,1.78
M0110218,N,48,1,5526.7,0,0,0,567.62,4090.74,0.05
M0110219,N,36,1,15358.26,0,0,0,5964.56,7928.03,1.7
M0110220,Y,67,5,507889.96,4,8,3,57189.78,371144.52,6.79
M0110221,N,44,2,4798.94,0,0,1,3482.33,3008.49,0.99
M0110222,N,69,2,7079.6,0,0,0,1339.07,5978.16,0.32
M0110223,N,56,1,15205.5,0,1,0,1444.59,13025.94,0.22
M0110224,N,61,1,3484.97,0,0,0,2448.48,2831.5,0.07
M0110225,N,75,0,2434.53,0,0,1,1778.63,2459.43,0.0
M0110226,N,36,1,2664.0,0,0,0,558.03,2400.64,0.55
M0110227,N,72,0,8345.92,0,0,0,4274.65,6117.73,1.11
M0110228,N,43,2,6879.15,0,0,0,2009.7,9552.9,2.43
M0110229,N,71,3,24032.49,0,0,1,3984.09,16846.71,0.57
M0110230,N,78,0,8873.31,0,2,0,2835.58,4175.93,0.59
M0110231,N,37,3,10570.95,0,2,1,2006.82,6957.14,0.42
M0110232,N,79,0,11116.2,0,2,0,3724.99,8994.87,0.55
M0110233,N,39,0,18998.75,1,0,0,3794.44,11641.19,0.0
M0110234,N,18,4,30102.25,0,2,0,11045.37,18493.82,2.98
M0110235,Y,39,8,436838.3,6,6,7,253486.8,256841.75,7.91
M0110236,N,56,0,25559.03,0,1,0,721.29,25702.16,0.15
M0110237,N,61,1,24028.42,0,1,1,2463.58,21256.52,0.98
M0110238,N,63,1,4877.35,0,0,0,1201.44,2813.24,0.0
M0110239,N,22,1,25956.75,1,0,0,11661.65,13907.61,2.51
M0110240,N,35,1,12359.85,0,1,0,994.32,17052.19,0.21
M0110241,N,75,0,10860.13,1,0,0,6706.3,2502.52,0.55
M0110242,N,52,2,4653.13,0,1,0,4714.77,2289.11,0.65
M0110243,N,48,1,26704.73,0,2,0,3319.94,22003.37,2.08
M0110244,N,35,1,17565.34,0,1,2,4588.2,11220.93,0.74
M0110245,N,35,0,8096.26,0,1,0,2985.1,4597.64,1.32
M0110246,N,31,0,5836.53,0,0,0,1396.36,4042.96,0.73
M0110247,N,50,0,10034.31,0,0,0,2557.75,5648.94,1.67
M0110248,N,63,2,5552.7,0,0,0,1648.0,3753.81,0.0
M0110249,N,79,2,3695.41,0,0,0,808.19,3553.21,1.11
M0110250,N,43,2,9413.53,0,1,1,1983.4,11012.24,1.17
M0110251,N,46,2,13419.06,0,0,0,2122.37,11036.17,1.45
M0110252,N,47,1,16814.02,0,1,0,2907.07,11353.09,2.59
M0110253,N,66,2,51078.32,2,0,0,30122.52,24432.04,1.51
M0110254,N,50,1,10380.8,0,0,0,3627.39,5112.76,1.67
M0110255,N,46,1,6356.5,0,0,1,5786.76,5448.29,1.28
M0110256,N,74,1,7384.98,1,2,1,2059.29,7017.8,1.52
M0110257,N,31,2,22761.51,0,2,0,8373.61,11010.23,0.3
M0110258,N,75,1,5762.36,1,1,0,4492.35,4541.7,2.17
M0110259,N,32,1,49441.73,0,0,0,31774.42,8467.83,0.55
M0110260,N,69,2,6847.78,0,0,0,913.39,5857.48,1.14
M0110261,N,27,0,13060.54,0,1,0,3868.02,15049.82,1.09
M0110262,N,21,0,20343.92,0,1,1,7236.38,13048.2,1.47
M0110263,N,74,2,13308.6,1,0,0,4919.75,6618.25,0.54
M0110264,N,35,1,7258.78,1,0,0,3433.84,4807.35,0.47
M0110265,N,60,3,16886.68,1,0,2,2336.08,14707.53,1.63
M0110266,N,66,2,12144.8,0,1,1,2235.43,8669.42,2.0
M0110267,N,46,2,13035.67,0,0,0,6497.65,7397.68,1.67
M0110268,N,46,0,18936.22,1,0,1,3272.74,15819.49,2.06
M0110269,N,38,1,8311.56,1,1,2,1840.46,8817.06,1.91
M0110270,N,66,2,12726.6,0,3,1,4158.42,5850.52,2.25
M0110271,N,57,1,8072.63,0,0,0,2830.95,10936.62,1.07
M0110272,N,22,0,4072.51,0,0,1,2473.75,2888.03,0.0
M0110273,N,67,2,2020.64,1,0,0,999.22,1191.11,0.08
M0110274,N,21,1,11640.0,0,0,0,11476.82,6767.0,1.64
M0110275,N,71,1,21633.22,0,0,0,2383.99,18100.17,2.07
M0110276,N,79,0,9711.97,0,1,1,3019.76,6974.28,2.09
M0110277,N,77,3,8959.3,0,0,0,1720.74,5616.34,1.35
M0110278,N,61,1,8015.52,1,1,0,2695.51,7338.6,0.74
M0110279,N,62,1,3721.61,0,2,0,3810.02,2280.08,0.69
M0110280,N,51,1,15462.61,1,0,0,5165.95,7392.32,1.05
M0110281,N,34,1,9431.76,0,1,0,3516.53,6047.74,0.32
M0110282,N,39,2,7329.05,0,1,1,8138.38,4206.63,2.09
M0110283,N,23,0,9131.54,0,0,0,700.13,8149.81,0.0
M0110284,N,27,1,91975.97,1,0,0,2462.51,71499.81,1.63
M0110285,N,41,0,34754.06,0,0,0,1531.87,36489.21,1.25
M0110286,N,52,1,15794.32,1,0,0,7221.9,10802.42,0.0
M0110287,N,75,0,8571.24,0,1,0,3650.09,6345.9,0.63
M0110288,N,48,0,15088.58,1,0,0,3795.99,13882.98,1.04
M0110289,N,56,2,30036.97,0,1,1,7802.78,15916.63,1.6
M0110290,Y,44,7,200422.01,1,2,3,131166.6,48730.16,3.79
M0110291,N,54,1,5265.57,0,1,0,859.4,4075.36,1.28
M0110292,N,34,0,3934.98,0,0,2,1830.2,3945.85,1.38
M0110293,N,69,1,9641.25,0,0,0,2298.93,12618.25,0.21
M0110294,N,42,1,43384.14,0,1,0,32298.45,18112.67,1.66
M0110295,N,30,3,22970.61,0,0,1,4569.59,13402.94,0.57
M0110296,N,75,1,4435.92,0,0,1,2198.96,4971.96,1.83
M0110297,Y,60,4,114727.77,2,1,1,68172.46,80299.17,4.54
M0110298,N,55,1,34594.94,1,0,1,11425.97,20777.11,0.34
M0110299,N,54,3,13525.12,0,0,1,7638.65,8513.45,1.31
M0110300,Y,81,6,225593.29,2,6,4,163275.29,126527.97,4.4
M0110301,N,61,0,4224.01,0,1,0,1763.52,5077.03,0.52
M0110302,N,28,1,8094.48,1,1,0,4202.84,8684.54,0.9
M0110303,N,74,1,3441.96,0,0,0,924.86,1928.19,0.0
M0110304,N,19,2,5435.96,0,2,0,1072.86,3576.28,0.91
M0110305,N,59,0,4537.04,0,1,1,4212.31,3116.82,0.83
M0110306,N,39,3,13120.87,1,0,0,3224.3,14892.46,1.47
M0110307,N,49,1,16744.33,0,1,0,7681.44,5918.68,0.0
M0110308,N,30,0,3801.09,0,0,0,510.01,3132.47,0.95
M0110309,N,67,1,8778.15,0,0,0,2226.18,8238.1,0.75
M0110310,N,65,1,6273.16,0,1,1,4869.01,5077.02,1.96
M0110311,N,23,3,13800.85,1,1,0,6108.52,15605.3,2.17
M0110312,N,28,2,22051.07,0,2,0,8787.9,10478.56,1.56
M0110313,N,35,2,1394.58,0,0,0,1048.21,923.22,0.0
M0110314,N,26,3,8224.33,0,0,0,6928.83,5292.77,1.08
M0110315,N,51,3,32220.73,0,0,0,5455.67,24559.1,1.42
M0110316,N,63,0,6816.77,0,0,0,2773.84,4205.34,1.07
M0110317,N,77,1,19389.49,0,1,0,5926.56,11407.5,2.29
M0110318,N,42,1,11158.18,0,0,0,659.54,14225.07,1.21
M0110319,N,42,1,6057.53,0,0,0,1514.75,6174.16,2.01
M0110320,N,51,0,6418.97,0,0,0,1156.1,4807.94,0.0
M0110321,N,60,2,10159.17,0,0,0,1737.43,8492.05,1.93
M0110322,N,73,5,27114.12,1,0,1,19733.66,14485.96,1.26
M0110323,N,21,0,2852.68,0,0,0,1992.24,2880.82,0.66
M0110324,N,37,1,3162.56,0,1,0,926.18,2946.61,0.92
M0110325,N,55,1,3970.7,0,0,0,3108.62,3886.65,1.0
M0110326,N,36,2,28492.99,1,0,0,4263.01,18486.98,1.32
M0110327,Y,40,5,158751.01,3,1,4,70307.7,107571.18,5.99
M0110328,N,70,2,8835.68,0,0,0,4508.09,9419.14,2.29
M0110329,N,19,0,17444.77,0,0,0,6251.95,11887.41,1.6
M0110330,N,67,1,4638.59,0,0,0,1178.22,4823.91,1.13
M0110331,N,53,1,41957.23,0,1,1,2398.3,38509.62,1.36
M0110332,N,41,0,23176.75,0,1,0,2992.12,29555.29,1.6
M0110333,N,74,0,3655.59,0,0,1,1708.41,3834.39,0.0
M0110334,N,48,2,13040.39,0,0,0,3116.73,11348.07,1.36
M0110335,N,28,1,10082.13,0,0,0,2902.53,7733.17,1.45
M0110336,N,69,1,34458.49,0,0,0,17528.62,11173.9,2.82
M0110337,N,32,2,29224.99,0,1,1,8743.3,23450.79,0.62
M0110338,N,71,1,3637.6,0,1,0,1924.34,4219.39,0.71
M0110339,N,34,1,7227.37,0,0,0,2996.87,3706.83,1.69
M0110340,N,79,1,7998.65,0,1,0,2356.52,6239.44,0.41
M0110341,N,39,1,4634.49,0,0,0,513.0,3664.38,0.0
M0110342,N,33,2,15585.09,1,0,0,3471.09,8785.61,1.27
M0110343,N,58,0,11809.72,0,1,1,2801.59,11441.87,1.64
M0110344,N,39,0,9691.18,0,0,0,2421.57,9131.42,1.26
M0110345,N,73,2,4454.15,0,2,1,2067.98,3867.82,1.23
M0110346,N,55,1,2684.56,0,0,0,1166.32,1634.17,0.0
M0110347,N,63,1,4827.43,0,1,1,2966.99,3717.72,2.3
M0110348,N,36,0,48472.7,1,0,1,24126.55,24915.87,2.76
M0110349,N,23,2,9911.0,0,0,2,1446.62,10188.57,0.39
M0110350,Y,37,4,221144.5,3,2,4,47674.26,148139.66,5.87
M0110351,N,47,0,6035.58,0,1,1,1671.52,3792.19,1.45
M0110352,N,22,1,15339.07,0,0,0,1976.7,13664.01,1.11
M0110353,N,54,0,28770.59,0,2,1,25059.2,12471.03,1.52
M0110354,N,37,0,5006.92,0,0,0,2746.04,4307.24,1.05
M0110355,N,30,1,5728.04,0,1,0,1550.33,3858.98,1.09
M0110356,N,50,0,2468.57,0,1,0,1307.48,2960.08,0.37
M0110357,N,53,0,5636.0,0,1,0,1809.01,4047.73,0.0
M0110358,N,20,0,37120.59,1,1,0,13329.72,16926.74,0.0
M0110359,N,49,2,16194.23,0,2,0,6793.61,9744.44,0.63
M0110360,N,64,2,7278.12,0,0,0,3412.99,7304.94,0.01
M0110361,N,47,0,5238.39,0,0,0,2611.97,6268.17,1.06
M0110362,N,53,0,9946.24,1,1,0,2600.81,8968.41,1.82
M0110363,N,24,0,7043.73,2,1,0,1902.13,5079.58,0.0
M0110364,N,39,2,6499.45,0,1,2,1689.73,7451.62,0.0
M0110365,N,23,2,4195.19,0,0,1,1831.52,3297.03,0.97
M0110366,N,70,0,6175.18,0,0,0,2637.8,6132.84,0.0
M0110367,N,24,2,7840.56,0,0,0,2548.52,5688.81,1.64
M0110368,N,47,1,5184.95,0,0,0,171.35,5052.1,0.15
M0110369,N,19,2,13784.41,0,0,0,7925.72,5933.13,1.84
M0110370,N,71,0,11839.73,0,0,0,2827.08,11784.63,0.5
M0110371,N,61,1,6750.06,0,0,1,3560.74,2796.46,0.68
M0110372,N,19,1,11207.15,0,1,1,2051.09,6871.74,1.47
M0110373,N,65,1,16523.38,0,0,1,5010.44,10249.02,1.41
M0110374,N,59,1,10977.87,0,0,0,2039.52,6825.94,1.37
M0110375,N,74,3,19612.61,0,2,2,3028.65,22820.15,1.08
M0110376,N,61,1,9998.03,0,0,0,7225.14,6736.2,0.37
M0110377,N,53,2,17820.57,0,0,1,1043.86,14706.43,1.67
M0110378,N,25,1,6151.36,0,0,0,3591.08,3454.34,2.01
M0110379,N,33,1,18522.6,0,0,1,4709.75,11367.17,0.0
M0110380,N,73,0,12834.69,0,0,0,6912.76,6581.55,1.0
M0110381,N,59,0,6717.0,0,0,0,4869.4,2102.4,2.7
M0110382,N,65,0,8394.73,0,0,0,1288.18,5812.61,1.83
M0110383,N,38,2,2241.76,1,0,1,603.5,1631.71,2.61
M0110384,N,75,3,41511.78,1,2,1,8045.75,26738.41,2.72
M0110385,Y,54,7,400082.46,4,5,4,144058.49,292050.09,5.41
M0110386,N,65,1,22440.95,0,2,0,19548.89,4924.47,1.72
M0110387,N,22,0,20420.29,0,0,0,3573.32,13699.68,1.81
M0110388,N,42,0,3117.69,0,0,0,762.86,2330.2,1.33
M0110389,N,46,2,5647.41,0,0,0,2964.2,4708.74,0.29
M0110390,N,57,1,12006.09,1,2,0,2485.37,13402.37,0.02
M0110391,N,33,2,2620.33,0,0,0,426.78,3912.95,0.31
M0110392,N,26,1,4877.02,0,1,0,1552.04,7073.5,0.69
M0110393,N,52,1,15669.59,1,0,0,5292.44,16998.21,1.69
M0110394,N,35,1,3441.93,0,1,0,865.95,1997.6,0.99
M0110395,N,34,0,5979.01,0,3,0,510.89,8246.86,0.41
M0110396,N,55,1,8255.06,0,1,0,2785.65,7550.53,0.0
M0110397,N,54,0,5212.8,1,0,0,593.32,4540.8,0.0
M0110398,N,63,0,18039.55,1,0,0,2686.31,14569.74,1.24
M0110399,Y,73,5,423091.82,1,4,4,138188.38,254120.75,8.73
M0110400,N,44,0,32285.22,0,1,0,3798.13,28598.47,1.84
M0110401,N,61,2,10149.28,0,0,0,2009.6,5942.83,0.8
M0110402,N,40,1,8270.05,0,1,1,1818.87,5732.3,0.0
M0110403,N,35,1,6938.24,0,0,0,4816.77,4557.89,1.07
M0110404,N,37,1,9249.24,0,1,0,2900.64,5850.36,0.0
M0110405,N,28,1,9663.56,0,0,0,2407.21,9060.71,1.82
M0110406,N,50,1,16597.12,0,0,0,2244.3,14097.26,1.27
M0110407,N,51,2,15890.52,0,0,0,9467.85,11825.33,2.15
M0110408,Y,44,4,211416.21,5,5,3,97162.43,125366.12,2.73
M0110409,N,46,0,9568.05,0,1,0,3165.88,10983.46,1.79
M0110410,N,49,0,3592.57,0,0,0,1726.49,2530.05,0.0
M0110411,N,46,0,16735.84,1,1,0,10953.62,14293.68,1.0
M0110412,N,21,0,9675.13,0,0,0,1783.96,7869.7,0.78
M0110413,N,64,3,9263.05,0,0,1,2633.06,6787.31,0.78
M0110414,N,79,2,12168.86,0,0,0,13756.65,7252.39,0.75
M0110415,Y,73,4,410522.16,2,5,4,177697.45,197077.79,4.74
M0110416,N,23,1,9606.49,0,0,0,3969.23,6962.32,1.58
M0110417,N,57,2,8159.16,0,0,1,4741.2,3435.18,1.94
M0110418,N,20,0,6073.15,0,1,0,697.91,8029.4,0.0
M0110419,N,18,0,6035.38,0,0,0,977.41,4819.39,1.57
M0110420,N,19,1,10836.83,0,0,0,1677.94,7357.04,0.77
M0110421,N,30,0,13721.36,0,0,0,2627.62,16986.85,1.07
M0110422,N,56,1,10221.25,0,1,1,3686.94,8470.4,1.24
M0110423,N,46,1,7923.68,0,0,1,6503.08,3302.25,1.68
M0110424,N,47,0,6015.79,0,0,0,3700.91,3053.49,0.97
M0110425,N,36,1,2103.93,0,1,0,2499.74,872.3,0.59
M0110426,N,35,1,11843.74,0,1,0,4605.96,6357.69,0.22
M0110427,N,79,1,18371.64,0,0,0,6873.6,8059.97,0.32
M0110428,N,46,1,7418.86,0,0,0,3848.1,5221.26,0.17
M0110429,N,27,2,7025.44,0,0,0,3309.92,3352.35,1.91
M0110430,N,52,0,18159.62,0,0,0,12792.18,2775.42,1.04
M0110431,N,72,0,10678.82,0,0,0,760.78,9033.08,1.01
M0110432,N,39,1,4415.38,0,0,0,2982.43,3431.05,0.46
M0110433,N,78,0,5590.18,1,0,0,2564.59,1984.87,0.39
M0110434,N,33,0,10181.49,0,2,1,2187.81,6706.84,1.19
M0110435,N,23,2,13331.22,0,0,0,4867.48,8117.67,0.31
M0110436,N,59,2,30988.58,1,0,1,9746.82,16046.49,2.84
M0110437,N,21,2,12697.56,0,2,0,2835.18,12597.77,0.39
M0110438,N,74,3,8618.28,0,1,1,2786.93,10490.57,0.86
M0110439,N,45,2,16300.38,0,2,0,5535.67,10315.42,0.98
M0110440,N,46,1,9906.57,1,0,0,3284.48,8189.53,2.8
M0110441,N,73,1,8985.28,0,1,0,1465.32,9233.61,1.48
M0110442,N,68,1,12713.74,0,0,0,4525.47,11774.0,0.0
M0110443,N,46,0,2548.66,0,1,0,871.73,1498.74,0.11
M0110444,N,40,0,6212.98,0,1,0,2501.71,3503.68,2.64
M0110445,N,67,0,11337.37,0,1,0,1933.96,11276.19,0.97
M0110446,Y,84,6,154272.58,3,4,1,37734.03,119615.25,4.33
M0110447,N,19,2,9147.09,0,1,0,3400.57,6931.91,0.37
M0110448,N,33,1,10922.14,1,3,0,1784.0,9635.91,1.62
M0110449,N,26,1,10255.84,0,2,0,8118.55,10144.98,1.37
M0110450,N,46,0,14315.64,0,1,0,1143.44,12624.77,0.0
M0110451,N,22,2,5638.65,0,1,0,2335.06,6594.35,1.34
M0110452,N,64,0,8336.44,0,0,0,3177.73,8151.97,0.11
M0110453,N,59,2,8147.07,0,2,0,6233.3,1766.61,1.2
M0110454,N,46,0,11348.07,0,0,0,10006.62,3010.63,1.1
M0110455,N,37,2,8524.21,0,0,0,1921.34,10272.46,0.87
M0110456,N,64,1,17822.48,3,1,1,3606.4,15857.56,1.44
M0110457,N,44,2,4477.75,0,0,0,924.8,6219.34,0.86
M0110458,N,28,0,4650.7,0,0,0,1442.1,4657.0,1.32
M0110459,N,68,0,4504.67,0,0,0,1008.16,3417.58,0.3
M0110460,N,24,0,9745.79,0,3,0,3135.7,10705.21,0.72
M0110461,Y,53,5,227361.04,3,3,2,128589.9,111255.92,4.88
M0110462,N,53,3,7926.49,0,2,0,2925.09,7749.44,1.33
M0110463,N,80,3,3370.13,1,0,0,821.66,5251.72,0.0
M0110464,N,22,3,21096.67,0,0,0,4543.85,14620.07,1.85
M0110465,N,42,1,9326.35,0,0,1,5005.67,9485.34,2.6
M0110466,N,52,0,7764.85,0,2,0,3397.04,10007.34,2.1
M0110467,N,35,1,10533.12,0,1,0,8772.41,3511.63,1.14
M0110468,N,59,1,16073.61,0,1,0,4414.98,10973.2,2.04
M0110469,N,67,2,21641.43,0,0,0,6155.16,15849.63,0.0
M0110470,N,61,0,5731.64,0,0,0,1157.99,4997.45,0.0
M0110471,N,27,3,8034.08,0,0,0,2815.71,5058.82,0.77
M0110472,N,69,0,9135.14,0,0,0,869.94,7575.21,1.53
M0110473,N,63,0,6941.26,0,0,0,4016.08,4433.24,1.47
M0110474,N,53,0,17635.74,2,1,1,6972.57,10973.84,1.09
M0110475,N,38,1,7479.11,0,1,0,1255.92,10753.03,1.42
M0110476,N,20,0,7314.67,0,1,0,2068.6,5099.5,0.71
M0110477,N,34,2,37061.58,0,3,0,2940.89,27281.64,2.54
M0110478,N,24,0,4831.11,0,2,0,568.38,6371.51,0.97
M0110479,N,52,0,10607.06,0,1,0,3333.92,6091.28,0.69
M0110480,N,66,1,2034.13,0,2,0,1037.92,2170.04,1.3
M0110481,N,39,0,4741.74,0,0,1,1130.23,6168.16,0.28
M0110482,N,22,1,11702.44,0,0,0,1035.93,17160.15,1.36
M0110483,N,66,1,5212.06,1,0,0,1209.24,5211.69,0.17
M0110484,N,37,1,7289.41,0,3,1,2026.26,3912.12,0.06
M0110485,N,73,1,9157.49,0,0,0,10695.37,2847.79,1.04
M0110486,N,22,1,10336.35,0,0,0,2598.73,9569.45,1.2
M0110487,N,77,1,7362.8,0,2,0,1033.23,8887.61,1.57
M0110488,Y,83,5,167623.41,1,1,3,49135.23,169678.95,4.17
M0110489,N,32,2,10856.72,0,2,0,2427.28,6971.23,0.66
M0110490,N,45,0,17718.77,0,1,0,7443.02,7496.53,1.52
M0110491,N,43,2,7103.1,0,0,0,2533.38,5721.08,0.48
M0110492,N,71,1,5134.31,0,0,1,931.15,6008.47,1.07
M0110493,N,42,0,2295.11,0,0,0,288.68,2010.27,0.65
M0110494,N,39,2,7401.2,0,0,0,4197.87,8970.99,0.59
M0110495,N,29,1,7628.83,0,1,0,6097.93,7233.97,1.88
M0110496,N,76,0,8720.68,0,2,0,4182.88,5325.16,0.51
M0110497,N,59,1,11146.63,0,0,0,688.76,10424.92,1.03
M0110498,N,31,3,2006.29,0,0,0,1790.66,1079.55,1.94
M0110499,N,28,1,6608.69,0,2,0,5165.63,6141.48,0.52
M0110500,N,63,3,31457.1,0,2,0,24243.5,18505.26,2.87
M0110501,N,44,0,5426.59,0,2,0,3021.76,3818.31,0.79
M0110502,N,31,1,7953.01,0,0,0,5418.91,6303.72,0.66
M0110503,N,28,1,5466.94,1,1,0,1414.21,3948.06,0.1
M0110504,N,68,0,9745.44,0,1,1,4164.49,11057.42,1.26
M0110505,N,58,1,8452.98,0,1,0,860.28,8427.73,0.0
M0110506,N,32,3,30952.6,0,0,0,6431.15,20125.4,1.27
M0110507,N,56,0,6574.05,1,2,0,2326.94,3039.29,0.0
M0110508,N,26,3,13462.23,1,1,0,6532.12,11949.33,0.0
M0110509,N,74,1,5456.66,0,0,0,742.5,4622.14,0.0
M0110510,N,76,4,15909.75,1,1,1,4905.81,15549.02,2.18
M0110511,N,21,1,3397.67,1,1,2,546.77,3208.65,0.84
M0110512,N,53,1,4084.09,0,0,0,1893.17,4853.54,0.44
M0110513,Y,80,4,264857.29,3,2,4,161565.62,171180.62,3.57
M0110514,N,41,3,8089.44,1,1,2,6610.87,4558.2,1.53
M0110515,N,56,0,8918.29,0,0,0,1728.3,7029.34,0.55
M0110516,N,20,3,23170.54,1,1,0,8844.92,27495.82,0.57
M0110517,N,77,1,15039.1,0,1,1,5792.14,11029.97,1.63
M0110518,N,78,2,8253.77,0,0,0,4175.86,9522.82,2.06
M0110519,N,60,0,6176.98,0,0,0,1408.98,3542.12,0.02
M0110520,N,29,1,88047.09,0,2,0,3087.57,117927.84,2.66
M0110521,N,51,1,6821.38,0,0,0,1624.33,4481.62,0.0
M0110522,N,38,2,3069.68,0,3,0,1257.81,2690.71,0.0
M0110523,N,72,0,3469.04,0,0,0,825.81,4705.4,0.0
M0110524,N,67,0,18074.79,0,0,0,2150.06,13317.85,0.0
M0110525,N,42,0,5378.1,0,0,1,641.65,7347.01,2.84
M0110526,N,54,1,6131.96,1,2,0,809.26,9496.53,1.53
M0110527,N,61,2,36218.59,0,0,0,13337.5,19025.24,2.23
M0110528,N,37,1,5022.79,0,0,0,3275.83,2914.82,1.13
M0110529,N,78,1,9986.52,0,0,1,4601.38,11715.42,0.84
M0110530,N,18,2,5327.63,0,0,0,4089.23,3544.62,2.45
M0110531,N,50,0,18833.6,0,0,0,1759.39,31854.49,1.09
M0110532,N,39,0,6967.25,0,1,0,6756.49,2318.24,0.79
M0110533,N,29,2,10135.19,0,0,0,4569.78,4335.51,0.0
M0110534,N,58,2,8019.37,0,2,0,621.32,7385.66,2.78
M0110535,N,77,1,6033.07,0,0,0,973.19,6804.53,0.0
M0110536,N,54,2,12610.21,0,0,0,6200.64,6711.09,0.0
M0110537,N,52,0,9239.84,0,0,1,1785.44,9920.69,0.31
M0110538,N,34,0,15289.75,1,2,0,6985.34,8685.78,1.43
M0110539,N,32,2,25903.42,0,0,0,9547.61,14072.99,2.72
M0110540,N,26,1,6255.32,0,0,0,2255.6,7855.49,1.08
M0110541,N,75,2,3571.69,0,1,0,1387.45,2437.39,0.0
M0110542,N,55,0,8638.23,1,0,0,1054.84,10664.57,1.18
M0110543,N,34,1,9984.85,0,2,1,4327.33,12850.33,0.48
M0110544,N,41,2,2088.87,0,0,0,502.14,1540.6,0.43
M0110545,N,49,1,9350.97,1,1,0,7502.62,5173.19,2.21
M0110546,N,46,2,7476.74,0,0,0,1957.56,5652.14,0.0
M0110547,N,55,1,9231.3,0,1,0,3448.41,5254.29,1.61
M0110548,N,19,0,17404.81,1,1,0,4506.18,9856.54,1.34
M0110549,N,29,1,21224.37,0,1,0,15366.55,13203.91,2.41
M0110550,N,69,0,6121.7,0,0,0,2059.49,7184.56,0.7
M0110551,N,43,1,14620.53,0,0,0,5423.15,16324.28,2.88
M0110552,N,40,1,26246.69,0,0,1,15239.42,14168.04,0.49
M0110553,N,37,0,5189.07,0,0,0,2941.03,5164.95,2.43
M0110554,N,74,1,21126.69,2,0,0,10833.57,21820.18,1.6
M0110555,N,20,0,23184.02,0,0,0,8329.5,9829.96,1.9
M0110556,N,66,1,11384.04,0,0,0,2007.05,10316.33,1.14
M0110557,N,58,1,5916.62,0,1,0,1476.62,5082.34,0.0
M0110558,N,29,0,6511.88,1,0,0,2655.24,7684.2,0.99
M0110559,N,79,0,10038.25,0,1,0,3622.73,6912.58,0.0
M0110560,N,63,1,16447.65,0,1,0,2734.29,22546.26,0.65
M0110561,N,63,0,23035.65,0,0,0,5146.18,14037.76,0.0
M0110562,N,20,1,22884.49,0,0,0,5306.85,29758.3,1.24
M0110563,N,79,2,10677.1,0,0,0,3012.88,10236.15,1.02
M0110564,N,34,1,44229.44,1,1,2,14560.07,27810.55,2.22
M0110565,N,49,0,9111.15,0,1,0,1251.44,7246.18,0.7
M0110566,N,66,2,17680.06,0,0,0,3188.42,23513.22,0.36
M0110567,N,61,2,8936.88,1,0,0,3093.04,9374.93,0.31
M0110568,N,77,1,14016.61,0,2,0,10048.08,13296.97,0.73
M0110569,N,66,1,7912.48,0,2,1,5978.89,8147.52,1.23
M0110570,N,73,1,20219.42,0,1,0,8519.03,13951.47,0.33
M0110571,N,42,1,22203.0,0,1,0,8206.5,9883.69,0.99
M0110572,N,52,0,38263.15,0,1,0,14601.38,15796.18,2.27
M0110573,N,59,1,6570.76,1,2,0,2911.74,5758.45,0.96
M0110574,N,34,0,5398.45,0,0,0,1261.06,6791.59,1.99
M0110575,N,25,0,14227.25,0,1,2,4215.58,11929.9,1.11
M0110576,N,53,0,10858.36,0,1,0,4238.18,14442.45,0.88
M0110577,N,59,2,10487.12,0,2,0,4626.48,12243.55,1.74
M0110578,N,40,1,10779.31,0,0,0,1023.87,8160.67,0.84
M0110579,N,67,2,4431.27,0,1,0,1010.81,3148.41,1.05
M0110580,Y,55,4,333853.36,1,6,3,128918.08,247469.61,6.09
M0110581,N,59,2,23168.95,1,0,1,9500.85,21555.14,1.03
M0110582,N,56,3,15253.36,2,2,0,5417.19,8396.6,1.48
M0110583,N,52,0,8226.86,0,2,0,1446.45,6451.16,1.0
M0110584,N,33,0,9378.99,1,1,0,784.4,7814.46,1.34
M0110585,N,59,3,13247.59,1,2,0,3416.94,8713.5,0.82
M0110586,N,44,1,10110.97,1,1,0,2877.18,14157.52,2.67
M0110587,N,39,1,3376.34,1,0,0,2035.09,2442.99,0.0
M0110588,N,57,1,5475.43,1,0,0,940.78,8616.15,0.71
M0110589,N,28,0,8745.2,0,1,0,1842.15,5482.31,0.26
M0110590,N,42,1,15889.19,0,2,1,8602.17,10408.32,1.38
M0110591,N,38,0,10002.48,0,1,0,1999.94,7372.26,0.93
M0110592,N,53,0,8667.89,0,0,0,581.2,7109.86,1.6
M0110593,N,19,1,6981.03,0,0,1,780.42,8677.06,0.0
M0110594,N,38,1,5148.85,0,1,0,1288.71,4131.97,1.47
M0110595,N,62,1,8184.47,0,0,0,2452.77,10676.1,0.0
M0110596,N,44,0,7475.16,0,1,0,617.38,6494.54,0.3
M0110597,N,53,0,7434.98,0,1,0,1177.99,6668.55,1.77
M0110598,N,71,1,29225.84,0,0,0,28098.87,12944.38,2.68
M0110599,N,56,0,16105.69,0,3,0,5076.14,16308.35,1.53
M0110600,N,77,0,6474.27,0,0,0,566.26,9594.45,2.01
M0110601,N,68,0,16131.88,0,1,1,3462.64,9400.55,1.13
M0110602,N,26,1,17623.82,1,0,1,4125.4,12289.96,1.6
M0110603,N,74,1,12559.06,0,1,0,9417.84,6636.65,0.66
M0110604,N,63,1,19002.2,0,0,0,4024.88,20264.9,1.72
M0110605,N,74,1,9369.56,0,3,0,9772.51,6444.21,1.33
M0110606,N,47,0,5537.44,0,0,0,1785.62,7177.55,1.63
M0110607,N,58,1,7760.51,0,0,0,1678.01,8182.81,2.15
M0110608,N,26,3,28587.56,1,0,1,3392.67,21653.69,1.61
M0110609,N,58,0,7388.13,0,0,0,1176.78,5953.67,1.85
M0110610,N,38,2,12256.27,0,0,0,752.63,15898.28,1.7
M0110611,N,33,2,12926.27,0,0,0,4723.05,8080.48,0.89
M0110612,N,46,1,7536.68,0,0,0,3060.94,6878.08,0.0
M0110613,N,56,0,4454.79,0,0,0,2672.43,2140.27,1.37
M0110614,N,19,0,14371.05,0,1,0,5519.56,6670.88,0.19
M0110615,N,46,3,15846.05,1,1,1,3750.61,9601.51,1.08
M0110616,N,51,3,10111.4,0,2,0,2106.69,9252.73,0.45
M0110617,N,36,2,12937.95,0,0,0,10195.69,4615.84,0.48
M0110618,N,63,1,24229.3,0,1,0,6152.21,20115.6,1.66
M0110619,N,58,0,6703.38,0,1,0,3777.16,7677.93,2.76
M0110620,N,74,0,5402.78,0,1,0,1818.97,3680.0,0.01
M0110621,N,53,1,4727.44,1,0,0,1236.43,4213.75,0.03
M0110622,N,43,1,7939.46,0,0,0,3182.05,4517.34,0.54
M0110623,N,70,1,18192.11,0,0,0,2351.6,12153.18,1.4
M0110624,N,74,1,10997.92,0,0,1,5707.93,6715.25,1.56
M0110625,N,39,0,5098.65,0,0,1,714.63,4314.11,0.0
M0110626,Y,82,6,221906.29,1,5,5,79384.02,211463.3,5.56
M0110627,Y,55,5,172956.1,4,5,4,79011.78,77774.15,6.66
M0110628,N,46,1,7024.35,0,0,0,2456.13,7143.09,0.11
M0110629,N,19,1,12828.34,0,0,0,6529.88,9999.55,0.74
M0110630,N,70,1,9080.43,0,0,0,4538.6,5663.23,0.28
M0110631,N,55,1,5698.75,0,1,1,1387.02,3551.7,0.69
M0110632,N,26,0,7059.06,0,0,0,3950.2,3229.44,0.93
M0110633,N,60,1,6645.93,0,0,0,641.87,5512.71,0.0
M0110634,Y,72,4,303941.85,2,4,2,95962.18,185302.35,3.93
M0110635,N,47,0,13482.06,1,0,0,2067.29,12148.67,0.41
M0110636,N,79,1,12785.44,0,2,1,4815.65,5894.16,1.32
M0110637,N,53,1,10198.28,0,1,0,7854.14,7918.74,1.1
M0110638,N,38,0,7824.49,0,0,0,8111.64,5920.94,0.85
M0110639,N,52,1,14521.88,0,1,1,1625.52,13044.82,1.05
M0110640,N,30,0,11487.1,0,0,0,4155.49,8037.87,1.01
M0110641,N,45,0,9096.23,0,0,0,2755.86,4368.32,0.47
M0110642,N,36,1,10445.43,0,0,1,3710.15,11886.73,1.96
M0110643,N,62,1,11727.65,1,1,0,5053.89,10708.65,1.46
M0110644,N,71,1,4570.97,1,1,1,1745.55,1911.13,0.0
M0110645,N,46,1,23675.48,0,1,1,3753.47,26460.4,1.01
M0110646,N,58,1,8232.09,0,0,0,1080.71,9174.52,1.22
M0110647,N,55,0,8510.5,0,1,1,3620.27,3592.61,0.8
M0110648,N,72,3,9462.82,0,0,1,1032.15,7883.26,0.93
M0110649,N,20,1,18822.19,0,1,0,4873.53,23348.91,1.82
M0110650,N,49,3,22400.53,0,1,0,6151.63,14627.79,1.26
M0110651,N,45,2,9871.27,0,0,0,7098.07,5739.08,1.27
M0110652,N,41,2,8360.1,0,1,1,4644.45,5912.54,2.13
M0110653,N,41,2,16791.18,0,1,0,4284.45,22484.87,3.01
M0110654,N,76,0,12164.08,0,0,1,1591.15,8027.77,1.33
M0110655,N,48,0,12021.22,0,0,0,3402.83,18361.1,1.38
M0110656,N,55,1,3654.64,0,0,0,826.2,2832.86,0.65
M0110657,N,34,2,48495.49,1,2,0,6293.86,49388.96,2.42
M0110658,Y,61,8,215610.04,6,1,1,69325.49,227378.08,4.14
M0110659,N,34,0,6039.77,0,0,0,2101.44,3516.29,0.0
M0110660,N,43,1,18942.66,0,0,0,5497.81,12397.95,1.52
M0110661,N,57,0,5755.86,0,1,0,792.76,4979.33,0.0
M0110662,N,60,2,97670.02,0,2,1,3411.17,74212.26,1.92
M0110663,N,19,1,5395.15,0,0,1,1931.42,4594.26,0.0
M0110664,N,26,0,8247.31,0,0,0,1022.06,7167.72,1.71
M0110665,N,36,0,3320.4,0,0,0,3278.98,1529.52,0.41
M0110666,N,79,1,14252.99,0,0,1,3960.72,11140.75,0.63
M0110667,N,73,0,8121.75,0,0,0,1678.06,5591.14,0.22
M0110668,N,55,2,13802.23,0,0,0,732.18,11538.16,1.66
M0110669,N,57,0,14325.07,0,0,1,1915.98,10716.67,0.04
M0110670,N,30,1,7423.41,0,1,0,2072.71,5329.94,0.0
M0110671,N,50,1,27100.41,0,1,0,6284.75,18392.48,2.55
M0110672,N,77,2,14283.97,0,0,0,9431.3,8849.19,1.87
M0110673,N,34,1,6685.85,0,0,0,3847.83,6599.27,1.25
M0110674,N,21,0,3588.73,2,0,0,278.15,2635.1,0.85
M0110675,N,78,3,14694.39,1,2,0,4692.12,20403.15,2.01
M0110676,N,55,0,9717.26,0,0,0,8876.39,1336.32,1.02
M0110677,N,68,0,18383.15,0,1,0,7843.06,24554.55,0.86
M0110678,N,64,1,15030.15,0,0,0,5020.35,8910.67,1.17
M0110679,N,31,0,13598.83,0,3,0,7511.73,8799.08,0.54
M0110680,N,33,0,4729.48,0,2,0,1838.17,3504.37,0.85
M0110681,N,31,1,14354.31,1,0,0,739.82,12216.97,1.36
M0110682,N,53,0,2453.35,0,0,1,346.64,1612.06,0.1
M0110683,N,34,0,10622.01,0,0,1,669.14,12112.61,0.0
M0110684,N,78,0,4981.1,0,2,0,2837.83,5464.01,1.31
M0110685,N,59,0,7417.6,1,0,0,4218.98,2602.22,1.4
M0110686,N,60,0,4372.87,0,0,0,1474.79,4791.35,0.38
M0110687,N,18,0,3454.97,0,0,0,1145.64,3030.24,0.86
M0110688,N,75,2,21237.11,1,1,0,5962.18,15848.26,0.73
M0110689,Y,37,5,77401.44,3,4,3,33557.79,71277.61,2.92
M0110690,N,61,1,9434.03,0,1,0,1632.44,14917.21,1.24
M0110691,N,78,0,7862.21,1,1,1,1287.52,6299.33,1.89
M0110692,N,64,0,4259.68,0,0,0,1179.67,5318.26,1.37
M0110693,N,26,3,53312.83,1,2,0,7997.88,60176.47,0.54
M0110694,N,56,0,7143.94,0,2,0,6398.03,4484.14,2.53
M0110695,N,72,1,16069.9,0,0,0,2569.99,10654.29,2.89
M0110696,N,75,1,10800.76,0,2,0,1568.75,12321.51,1.13
M0110697,N,58,1,22856.39,1,1,1,7382.79,11531.51,2.46
M0110698,N,24,1,13728.21,1,2,0,5037.35,13746.07,1.54
M0110699,N,18,2,5065.39,1,2,0,3522.78,4412.69,1.85
M0110700,N,43,0,8271.93,0,0,0,1007.18,6026.86,0.38
M0110701,N,32,2,22116.84,1,0,1,10733.07,14782.38,2.26
M0110702,N,67,1,24625.4,1,1,1,3731.65,30488.29,0.99
M0110703,N,63,0,17018.24,0,1,2,3364.56,13983.45,1.99
M0110704,N,73,0,7828.6,0,0,0,1063.76,5849.42,1.37
M0110705,N,79,0,11885.88,0,1,0,797.11,9171.57,0.05
M0110706,N,55,2,22472.58,0,0,0,1811.32,19308.71,1.38
M0110707,N,52,2,41988.86,1,1,1,9635.6,44017.58,3.22
M0110708,N,72,1,9910.82,0,1,1,1481.76,6448.78,0.0
M0110709,N,47,0,47104.65,1,2,1,8849.73,29723.28,1.26
M0110710,N,20,2,14061.04,1,0,0,8957.81,7748.26,1.79
M0110711,N,75,0,10008.18,0,1,1,5393.92,7197.23,1.87
M0110712,N,57,1,21866.0,0,1,1,5385.13,18383.2,1.49
M0110713,N,43,4,10175.58,0,0,0,3521.04,11123.66,0.0
M0110714,N,38,2,15946.88,0,2,1,2173.5,10776.33,2.59
M0110715,N,40,1,11520.92,0,0,0,4285.3,5917.38,0.99
M0110716,N,76,1,24672.28,0,0,1,1195.0,18619.86,0.57
M0110717,N,62,0,1848.59,0,0,0,2074.63,1029.59,2.21
M0110718,N,50,2,8303.51,0,0,0,2715.33,6083.5,1.41
M0110719,N,23,2,4544.72,0,0,0,1299.04,5576.28,0.67
M0110720,N,53,0,8758.81,0,1,0,2855.78,5584.74,0.0
M0110721,N,57,1,5597.13,0,0,0,697.95,4788.56,0.0
M0110722,N,40,0,5138.02,0,0,0,2265.44,4851.21,1.96
M0110723,N,21,0,5605.07,1,0,0,2147.47,4711.45,1.51
M0110724,N,80,0,12977.44,0,0,0,2579.99,10859.57,0.4
M0110725,N,29,0,8441.55,0,0,1,4061.05,7718.88,2.35
M0110726,N,54,1,18795.11,0,0,0,2945.6,21100.49,1.26
M0110727,N,21,2,15988.39,1,1,0,5936.81,12407.56,3.11
M0110728,N,36,2,25549.85,1,0,1,3770.62,24179.05,2.4
M0110729,N,18,1,4343.42,0,1,0,1313.18,5044.96,0.16
M0110730,N,50,0,4066.34,0,0,0,3345.96,2044.72,0.0
M0110731,N,66,3,15465.04,0,0,0,2438.85,11871.55,1.7
M0110732,N,25,0,7483.5,0,1,0,2050.37,6115.0,0.93
M0110733,N,18,0,6796.56,0,0,0,1935.69,3603.23,0.0
M0110734,N,36,1,5502.0,1,0,0,1996.69,7256.19,1.88
M0110735,Y,67,4,230598.64,3,1,4,142811.01,163886.05,5.41
M0110736,N,44,0,6900.19,0,0,0,1436.71,10808.91,0.51
M0110737,N,76,1,12034.32,0,0,0,1898.6,9578.57,0.44
M0110738,N,50,0,19022.76,1,1,1,5057.54,10580.83,0.07
M0110739,N,75,0,6957.23,1,2,0,1454.41,5385.45,0.45
M0110740,N,42,0,11813.49,0,0,1,2124.12,8095.53,1.71
M0110741,N,66,0,7426.98,0,0,0,2132.26,7074.94,0.99
M0110742,N,41,1,9057.87,0,1,0,12851.13,2447.68,1.86
M0110743,N,22,1,4653.27,0,0,0,2132.55,5137.45,1.55
M0110744,N,29,0,12889.74,1,0,0,1039.24,10758.36,1.28
M0110745,N,51,1,14033.08,0,0,1,2758.47,9022.77,0.57
M0110746,N,75,1,10111.49,1,2,0,5623.67,8620.61,1.86
M0110747,Y,82,8,258542.49,3,3,6,81717.15,134805.57,6.76
M0110748,N,45,0,14465.94,1,0,0,936.28,10418.29,0.95
M0110749,N,27,0,18641.32,0,1,0,3013.22,20127.27,1.27
M0110750,N,30,2,18786.64,0,0,0,7364.98,7900.67,0.93
M0110751,N,21,0,7232.4,0,0,0,1190.77,7315.69,1.06
M0110752,N,65,4,23625.0,0,0,0,2589.36,17165.41,0.88
M0110753,N,66,0,4869.3,0,1,0,1999.87,2236.86,0.24
M0110754,N,32,1,5282.44,1,1,0,2289.09,3803.18,1.62
M0110755,N,58,1,14882.12,0,3,1,5330.75,6581.94,1.29
M0110756,N,23,1,5786.77,1,0,0,907.7,5266.99,1.48
M0110757,N,50,0,7135.72,0,0,0,1200.6,8134.6,0.85
M0110758,N,71,1,21011.44,0,3,0,8306.72,9921.16,0.0
M0110759,N,29,0,11629.32,0,0,0,808.92,9316.96,0.48
M0110760,N,62,3,7867.89,0,0,2,2457.68,6340.73,0.11
M0110761,Y,39,3,228597.09,6,6,4,103549.07,207989.03,7.97
M0110762,N,41,0,19209.04,1,2,0,2836.7,13896.19,0.63
M0110763,N,43,3,26276.68,1,1,1,2899.5,38621.04,1.57
M0110764,N,43,0,13352.35,0,0,0,530.7,10020.68,0.94
M0110765,N,65,2,8633.14,0,2,0,5396.29,3446.02,0.0
M0110766,N,55,1,5222.08,0,0,0,2579.46,1534.64,0.47
M0110767,N,61,1,34928.9,0,2,0,16178.97,17560.25,1.31
M0110768,N,40,1,9505.65,0,0,2,4604.41,9331.16,0.0
M0110769,N,35,0,5847.04,1,1,1,1465.78,4189.73,0.96
M0110770,N,53,2,4909.41,0,0,1,1774.71,3339.83,2.08
M0110771,N,50,0,8267.07,0,0,1,1425.24,6655.09,0.58
M0110772,N,60,0,6883.99,0,1,0,2701.17,2764.78,2.08
M0110773,N,75,0,11255.48,0,0,0,2406.75,12155.44,1.5
M0110774,N,77,0,7348.47,0,1,0,5756.54,1921.41,0.32
M0110775,N,52,2,4967.36,0,0,1,2380.92,4205.39,0.84
M0110776,N,32,2,10552.96,0,2,0,2874.37,14876.16,2.01
M0110777,N,43,0,4107.97,1,1,0,2251.82,2180.37,0.65
M0110778,N,71,0,4762.39,0,0,1,1326.49,3707.79,0.17
M0110779,N,67,0,6407.58,0,0,0,2511.77,4330.25,1.12
M0110780,N,54,3,8832.49,1,1,2,4087.96,10131.09,2.74
M0110781,N,75,1,1666.14,0,2,0,970.08,1198.67,0.3
M0110782,N,26,0,7170.64,0,1,2,3618.46,7916.72,0.0
M0110783,N,66,0,12011.12,0,0,0,8404.58,10009.17,0.0
M0110784,N,76,1,10503.63,0,0,0,3500.02,7213.38,0.18
M0110785,N,21,1,5903.42,0,1,1,472.18,7610.64,1.84
M0110786,N,71,3,23481.56,1,0,1,23434.8,10956.65,3.73
M0110787,N,28,0,10539.58,1,0,0,659.11,12586.54,2.28
M0110788,N,18,1,7887.51,0,1,1,1277.51,8729.77,0.78
M0110789,N,40,0,11319.68,0,1,0,12753.14,4998.55,1.47
M0110790,N,55,0,20346.99,0,3,0,7709.65,14582.84,2.47
M0110791,N,44,1,62883.56,0,0,1,13756.16,48618.11,2.03
M0110792,N,76,0,10363.11,0,1,0,2159.72,7267.42,0.0
M0110793,N,69,0,24778.44,2,3,0,11707.34,25132.47,3.09
M0110794,N,25,0,15765.48,0,0,0,4842.53,9892.26,0.5
M0110795,N,42,0,15654.71,0,0,0,3074.38,9956.44,0.88
M0110796,N,57,0,18228.09,0,0,0,1975.1,24370.58,1.96
M0110797,N,49,3,8578.43,0,2,0,2843.68,9801.53,0.78
M0110798,N,80,1,29882.11,0,1,1,8159.65,20050.31,1.86
M0110799,N,78,0,12499.36,0,0,0,5226.17,5349.38,0.74
M0110800,N,78,3,24512.61,0,3,0,8000.11,11901.32,2.17
M0110801,N,61,2,7817.14,1,3,1,4883.14,5884.68,0.21
M0110802,N,60,2,15578.41,0,0,1,4073.42,10064.3,0.68
M0110803,N,44,0,4103.57,0,1,2,1043.78,5334.86,0.84
M0110804,N,63,1,7417.5,0,2,1,2834.54,9544.12,0.0
M0110805,N,26,2,8391.55,1,0,0,4883.26,9605.13,2.21
M0110806,N,52,3,8953.31,1,1,0,1341.99,11908.97,1.69
M0110807,N,44,0,11568.81,0,1,0,5024.7,7340.99,0.0
M0110808,N,28,1,10816.46,0,0,0,1822.35,9956.76,1.26
M0110809,N,63,0,8639.51,1,0,0,2746.31,4305.33,1.84
M0110810,N,43,0,9802.51,0,2,0,2997.63,6131.11,0.0
M0110811,N,64,0,16000.58,0,0,0,4337.17,9418.73,0.0
M0110812,N,41,0,5204.55,0,1,0,1503.86,3707.68,0.47
M0110813,N,39,1,12598.07,0,1,0,4112.92,15671.35,1.19
M0110814,N,47,1,4386.45,0,0,0,1611.61,3606.76,0.97
M0110815,N,32,1,38959.13,0,0,0,8710.66,21876.41,1.13
M0110816,N,33,1,17171.44,0,0,0,5082.71,23605.44,2.84
M0110817,N,51,1,10518.63,0,0,0,4565.1,8424.97,2.33
M0110818,N,75,0,19248.84,0,1,0,3537.33,30867.32,2.1
M0110819,N,51,2,5976.49,1,1,0,1595.34,8624.45,0.75
M0110820,N,60,0,8813.75,1,0,0,4130.16,3728.62,3.32
M0110821,N,50,1,21630.39,0,0,1,4597.23,16261.6,1.9
M0110822,N,54,1,13154.07,1,1,0,880.98,13439.59,0.0
M0110823,N,26,0,31664.16,0,0,0,17158.1,22967.06,2.19
M0110824,N,67,0,9872.75,1,0,0,1575.05,7167.0,0.07
M0110825,N,59,0,11907.08,0,0,0,1440.41,9933.93,0.99
M0110826,N,52,2,29733.99,0,2,0,8007.59,23955.47,2.85
M0110827,N,49,0,25638.64,0,0,0,13143.7,9686.33,0.84
M0110828,N,58,0,14155.73,1,1,0,5224.66,13402.92,1.88
M0110829,N,53,0,7142.53,0,0,0,2328.11,8015.35,0.0
M0110830,N,27,0,7281.0,1,0,0,427.87,10891.28,1.89
M0110831,N,25,0,8384.09,0,0,0,6992.25,4465.8,1.11
M0110832,N,71,0,9145.83,1,0,0,3937.74,4518.74,0.55
M0110833,N,53,2,35990.33,0,1,0,10954.53,21779.16,1.42
M0110834,N,55,2,8559.14,0,1,0,7226.67,3539.97,1.24
M0110835,N,21,1,6349.61,0,2,0,3175.12,2706.04,1.34
M0110836,N,70,0,18036.4,2,2,2,7427.06,9182.6,1.75
M0110837,N,63,0,15628.86,0,0,0,1686.29,11997.35,1.01
M0110838,N,74,0,3783.95,0,0,0,861.55,2397.76,0.0
M0110839,N,28,1,38216.62,1,0,0,1976.55,32213.1,1.09
M0110840,N,65,2,15646.66,1,1,2,3828.35,8744.19,2.68
M0110841,N,20,2,14199.46,2,2,0,3067.85,17170.17,2.2
M0110842,N,44,2,27588.75,0,0,2,14979.43,13164.98,1.7
M0110843,N,73,1,14241.23,0,0,0,6768.54,4815.2,0.81
M0110844,N,70,3,16637.8,0,1,0,6809.86,18616.86,1.21
M0110845,N,36,0,3749.33,1,0,0,1210.6,5258.64,0.0
M0110846,N,68,1,3632.74,0,1,0,2227.26,2314.63,0.0
M0110847,N,31,2,20108.77,0,0,0,3200.94,13230.1,0.08
M0110848,N,74,1,31493.3,2,2,1,1198.7,29078.36,0.85
M0110849,N,32,0,5821.92,0,0,0,518.28,6340.84,0.47
M0110850,N,18,1,8262.79,0,0,0,1264.68,5408.19,1.48
M0110851,N,56,0,9505.32,0,1,0,1930.21,10820.56,0.7
M0110852,N,33,2,6816.81,0,0,1,3060.91,2764.02,0.0
M0110853,N,34,0,10060.05,0,0,0,1803.57,6108.07,1.83
M0110854,N,62,1,27472.44,0,1,0,10452.38,15011.29,2.38
M0110855,N,21,0,2413.03,0,0,0,466.11,2718.03,0.87
M0110856,N,72,0,19142.85,1,0,0,9884.51,5419.22,0.58
M0110857,N,45,3,16192.08,0,0,0,3088.17,11864.56,1.22
M0110858,N,49,2,15118.64,1,2,0,5399.57,13166.7,0.0
M0110859,N,45,3,14135.28,0,1,0,1528.14,13635.84,1.39
M0110860,N,40,0,3775.49,0,0,0,1853.91,2227.79,0.13
M0110861,N,52,0,17032.73,0,2,0,1858.31,12803.35,0.94
M0110862,N,71,0,22565.58,0,2,1,4600.91,15677.23,1.51
M0110863,N,41,1,7412.76,0,0,1,4071.54,3918.03,0.57
M0110864,N,66,2,16924.41,0,3,0,1374.25,18529.75,0.21
M0110865,N,56,1,8014.92,0,1,0,4312.55,5058.67,1.95
M0110866,N,29,1,14590.95,0,0,0,6444.48,7787.57,0.0
M0110867,N,57,1,13049.36,0,1,0,1274.95,17113.24,2.2
M0110868,N,79,2,11101.99,0,0,0,8072.49,6421.71,0.57
M0110869,N,80,0,8696.88,0,0,0,3907.28,11328.01,0.93
M0110870,N,57,3,39848.67,1,2,1,14464.1,17357.86,2.12
M0110871,N,38,3,29202.09,0,2,0,7566.3,24882.91,1.11
M0110872,N,75,0,8186.48,0,1,1,1877.09,5419.43,0.0
M0110873,N,32,0,4952.11,0,0,0,671.34,4861.66,1.51
M0110874,N,63,2,23686.52,1,1,0,2385.14,17182.07,1.14
M0110875,N,61,2,9628.91,0,1,0,1681.85,10032.0,0.0
M0110876,N,77,1,7454.47,0,0,0,1166.03,5545.13,0.31
M0110877,N,25,1,12285.01,1,1,0,4215.12,6602.67,1.09
M0110878,N,37,2,7594.66,0,0,0,674.81,6982.71,0.18
M0110879,N,40,0,24473.51,0,1,0,6399.8,26655.7,2.09
M0110880,N,62,2,12350.18,0,1,0,6449.87,7043.58,0.27
M0110881,N,19,2,8235.03,0,1,1,5418.56,5796.33,2.1
M0110882,N,65,2,9569.26,0,0,0,2178.98,8528.99,0.18
M0110883,N,38,0,7026.26,0,1,0,1605.07,7435.23,0.81
M0110884,N,52,1,20391.28,0,2,0,5651.08,23785.88,1.02
M0110885,N,18,4,22924.86,0,0,0,6703.38,12823.31,4.23
M0110886,N,46,3,13472.27,0,0,1,3931.99,6838.25,0.1
M0110887,N,66,1,7435.85,1,0,0,785.53,6262.77,0.19
M0110888,N,40,1,28070.79,0,1,0,1582.27,20719.85,1.83
M0110889,N,25,0,18123.53,1,1,1,4925.22,10486.36,2.01
M0110890,N,41,1,22040.46,0,1,0,2543.12,16797.02,0.25
M0110891,N,75,1,7460.76,0,2,0,3117.9,9184.54,0.83
M0110892,N,27,0,4375.67,0,2,0,1453.58,4122.91,1.0
M0110893,N,26,0,11674.93,0,0,0,3207.84,9407.53,2.48
M0110894,N,31,1,10231.14,1,1,0,2854.17,6913.77,0.69
M0110895,N,26,0,14273.12,0,2,1,1972.44,11304.31,1.34
M0110896,N,35,0,13406.94,0,1,0,1598.1,12361.97,0.29
M0110897,N,43,0,5248.12,0,1,0,4057.79,3319.36,1.44
M0110898,N,35,4,10643.99,0,1,0,7315.28,7659.78,0.11
M0110899,N,53,2,7260.22,0,0,0,6117.46,6721.23,1.07
M0110900,N,59,1,14697.86,0,0,1,5016.48,14931.81,1.27
M0110901,N,43,0,14460.52,0,0,1,2376.84,9656.0,2.1
M0110902,N,67,1,11450.37,0,1,0,4038.85,16197.49,1.75
M0110903,N,46,0,53489.88,0,2,0,8450.31,56042.91,2.61
M0110904,N,42,0,24238.4,1,0,0,1875.48,19472.09,0.0
M0110905,N,30,0,10353.33,1,0,1,1940.28,9916.94,0.6
M0110906,N,72,1,98617.72,0,0,1,2582.87,79434.67,1.07
M0110907,N,32,1,7769.86,0,1,1,3665.26,4237.46,1.25
M0110908,N,25,1,2859.89,0,0,1,2335.76,2765.56,0.0
M0110909,N,61,2,10818.48,0,0,0,2934.47,5827.05,1.15
M0110910,N,31,1,54044.7,0,1,1,9002.17,38940.64,0.71
M0110911,N,40,0,5707.72,0,2,0,4183.56,5971.98,0.86
M0110912,N,34,1,8449.49,1,0,0,3110.62,5580.32,0.52
M0110913,Y,85,8,177767.37,4,5,3,77251.61,115406.1,6.17
M0110914,N,44,1,4498.41,0,0,1,2183.42,1664.73,1.15
M0110915,N,20,1,5352.1,1,1,2,2823.64,3439.09,0.66
M0110916,N,44,0,3724.14,0,2,1,2985.27,3690.04,2.08
M0110917,N,21,2,16634.46,0,2,0,1300.79,18115.95,1.98
M0110918,N,56,1,7551.97,0,0,0,1402.89,5031.91,0.43
M0110919,N,36,1,10516.52,0,2,0,2255.8,11114.25,1.03
M0110920,N,28,0,6218.07,0,0,1,1848.64,4002.78,0.55
M0110921,N,42,1,42068.3,1,0,1,4233.12,31628.71,0.0
M0110922,N,66,0,5254.71,0,0,0,455.69,5106.25,0.0
M0110923,N,52,0,6713.54,1,0,0,3387.09,3379.81,1.58
M0110924,N,19,1,6317.32,0,0,1,4013.12,5722.9,0.0
M0110925,N,66,1,11927.77,0,0,0,1951.51,10023.53,2.32
M0110926,N,59,0,8433.05,0,0,0,2000.07,5728.41,1.64
M0110927,N,32,0,16053.13,1,0,0,1374.79,23307.75,0.84
M0110928,N,64,1,24476.75,0,1,0,7643.37,31098.74,1.96
M0110929,N,36,0,5614.66,0,1,0,1055.42,7432.19,0.0
M0110930,N,44,1,20571.4,0,2,0,12655.0,11061.36,1.08
M0110931,N,43,2,14638.65,0,0,0,2483.13,12377.82,1.24
M0110932,N,51,1,2959.09,0,0,0,1790.39,3183.28,1.67
M0110933,N,49,0,6177.45,0,0,0,2113.67,3977.55,0.63
M0110934,N,46,1,12966.74,0,1,0,5048.43,7123.51,2.38
M0110935,N,43,0,16323.37,1,1,0,6272.31,12544.02,0.3
M0110936,N,39,1,30402.02,0,1,0,3903.56,24162.12,2.06
M0110937,N,35,1,14769.69,0,1,1,2627.02,16525.27,1.24
M0110938,N,25,2,19910.05,0,3,0,8848.17,7303.16,2.59
M0110939,N,50,0,18138.79,1,0,1,5216.67,10785.88,0.65
M0110940,N,43,0,10994.06,0,1,0,1217.24,13922.65,1.26
M0110941,N,41,0,21540.08,0,2,0,5265.06,15355.23,0.82
M0110942,N,34,0,9034.29,0,0,0,1523.52,10356.16,0.0
M0110943,N,41,1,15063.72,1,2,0,6070.24,6344.5,2.58
M0110944,N,66,1,20417.57,0,2,1,14336.51,11474.44,1.88
M0110945,N,69,0,9886.56,1,2,0,2273.77,8652.45,2.25
M0110946,N,49,3,4641.4,0,1,0,1238.74,6249.74,0.15
M0110947,N,80,2,7352.66,0,1,0,598.95,12380.14,1.16
M0110948,N,24,1,27643.71,0,2,1,21750.98,8722.29,1.74
M0110949,Y,65,5,271345.33,2,3,1,122533.97,122997.85,7.12
M0110950,N,57,1,17692.45,0,0,0,2122.8,12961.88,0.23
M0110951,N,63,2,5724.95,0,0,0,1890.88,4403.53,0.12
M0110952,N,68,2,14915.56,0,1,0,5344.07,7521.9,0.94
M0110953,N,68,2,3185.64,0,0,0,1108.53,3987.35,0.94
M0110954,N,40,1,14917.43,1,0,0,6680.17,5851.63,1.7
M0110955,N,19,1,15865.53,0,0,1,7846.92,12797.33,1.15
M0110956,N,57,0,5227.2,0,1,0,1052.65,4492.61,1.55
M0110957,N,71,1,11669.03,0,0,0,3576.08,10058.72,1.0
M0110958,N,75,1,3024.5,0,0,0,445.43,3991.15,0.1
M0110959,N,50,0,28278.59,1,1,0,11169.19,30996.2,1.91
M0110960,N,21,0,4810.54,0,1,0,666.64,7062.59,0.0
M0110961,N,48,1,8299.59,0,0,0,4899.93,5841.88,0.02
M0110962,N,60,1,19472.84,1,2,0,6594.11,13187.44,0.82
M0110963,N,63,0,28622.8,0,2,1,4354.76,22348.43,0.51
M0110964,N,28,1,11836.75,1,1,1,430.12,9638.34,1.12
M0110965,N,18,2,9519.09,0,0,0,3163.64,4908.69,1.31
M0110966,N,45,1,8154.87,0,1,0,3418.59,6405.5,1.61
M0110967,N,76,0,13390.58,0,0,0,2815.97,11455.39,0.57
M0110968,N,60,0,9729.02,0,0,0,2200.78,6807.58,0.82
M0110969,N,44,0,18144.97,0,0,0,7182.12,15569.09,2.43
M0110970,N,26,0,2278.81,0,1,0,456.09,3448.27,0.98
M0110971,N,80,0,12592.59,0,1,1,10103.32,3741.38,0.81
M0110972,N,36,2,4094.41,1,0,0,1426.6,4040.46,0.25
M0110973,N,38,1,11007.99,1,0,0,1255.13,8996.88,0.66
M0110974,N,60,1,14604.31,1,1,1,5153.98,6323.8,2.93
M0110975,N,79,3,11044.67,0,0,0,757.71,10887.21,1.44
M0110976,N,60,1,4487.24,0,0,0,3107.9,3485.29,1.28
M0110977,N,31,1,4386.4,1,2,0,1895.99,5996.96,2.35
M0110978,N,69,0,12361.71,0,1,0,4603.84,8196.96,1.23
M0110979,N,39,0,21251.53,0,1,0,798.73,17833.07,0.0
M0110980,N,19,1,17425.51,1,1,0,4087.89,18673.43,0.38
M0110981,N,73,0,20016.47,2,1,0,3653.92,12741.62,1.14
M0110982,N,44,4,17847.31,1,1,1,6188.3,8551.42,2.42
M0110983,Y,79,4,317716.89,1,3,3,181930.05,175984.78,4.14
M0110984,N,65,2,9718.68,0,0,1,3500.59,13948.98,0.0
M0110985,N,79,1,7745.81,0,2,0,5362.93,7552.24,0.22
M0110986,N,64,0,39789.45,1,1,1,6534.02,24641.94,0.63
M0110987,N,77,0,18031.33,0,1,2,4506.48,19538.42,1.17
M0110988,N,68,1,11870.97,0,3,0,4525.91,8011.18,1.59
M0110989,N,28,1,17777.6,0,2,1,5887.91,11421.07,2.11
M0110990,N,31,0,2417.95,0,0,0,1394.04,1940.08,1.17
M0110991,N,54,0,7635.4,0,0,0,2013.16,4762.93,0.52
M0110992,N,43,0,9193.83,0,0,0,5252.25,5048.09,0.0
M0110993,N,37,0,10311.85,0,0,0,4119.52,10237.73,0.2
M0110994,N,34,1,11892.23,0,0,0,5927.96,10160.34,1.49
M0110995,N,18,0,6206.85,0,0,0,3763.82,4712.84,0.0
M0110996,N,29,0,8378.71,0,2,0,381.11,7583.54,0.61
M0110997,N,76,0,31399.9,2,2,1,11448.46,21697.26,3.51
M0110998,N,28,2,8400.06,0,2,1,1479.78,6654.25,0.66
M0110999,N,51,0,8436.0,0,1,0,764.48,13898.71,0.59
M0111000,N,27,2,11506.3,0,2,0,2914.16,7426.77,0.0
M0111001,N,71,2,13495.48,0,0,0,9760.07,6518.16,0.08
M0111002,N,75,2,17924.98,0,1,0,4453.24,11473.21,1.63
M0111003,N,24,2,11689.76,0,0,0,8976.32,5410.9,0.94
M0111004,N,64,1,7272.21,0,0,0,1018.22,5731.13,2.35
M0111005,N,32,2,12775.05,0,0,2,1848.88,8293.45,2.44
M0111006,N,71,0,16953.43,0,0,0,9474.12,8858.21,0.86
M0111007,N,27,0,10022.03,0,2,1,2605.73,7455.24,1.26
M0111008,N,71,2,16153.93,0,0,0,2596.93,25300.63,1.81
M0111009,N,69,2,6535.75,0,1,0,904.53,5633.52,1.12
M0111010,N,38,2,6367.29,0,1,0,6168.03,2024.93,0.14
M0111011,N,19,0,6311.8,0,1,1,1499.29,5440.04,1.08
M0111012,N,53,0,1641.48,0,0,0,679.87,1265.81,0.77
M0111013,N,65,0,12899.66,0,0,0,7852.42,13212.82,0.39
M0111014,N,41,1,7341.78,0,0,0,4702.77,3760.24,1.1
M0111015,N,44,0,9836.56,1,1,0,6491.13,8307.73,0.31
M0111016,Y,41,6,291530.09,4,6,4,77014.38,215619.99,6.12
M0111017,N,67,0,6728.88,0,1,0,7768.73,3343.52,0.87
M0111018,N,38,1,4352.79,0,1,1,574.2,5234.46,0.0
M0111019,N,51,1,4656.24,0,0,0,977.51,2859.27,0.0
M0111020,N,71,0,20338.88,0,0,1,2363.1,14153.25,1.99
M0111021,N,27,3,20456.7,0,1,0,3285.15,17134.3,2.43
M0111022,N,34,1,10414.28,1,1,0,2165.14,6757.88,0.0
M0111023,N,59,0,4893.24,1,0,0,677.15,5526.9,0.68
M0111024,N,45,1,8735.09,0,2,2,2542.87,6790.73,1.72
M0111025,N,69,0,17418.18,1,0,0,5225.18,17191.51,1.43
M0111026,N,56,2,28625.1,0,1,0,3975.26,21177.39,0.18
M0111027,N,46,0,6415.18,0,0,0,2379.63,6438.94,2.0
M0111028,N,55,1,8890.93,0,2,0,2003.54,10436.08,1.84
M0111029,N,56,1,28276.73,0,2,1,2805.6,40081.96,0.99
M0111030,N,72,2,13192.67,0,1,0,4197.55,7006.31,1.29
M0111031,Y,52,4,144630.22,2,4,5,68544.29,89282.51,5.66
M0111032,N,50,0,14959.53,0,0,0,3179.03,10891.2,1.21
M0111033,N,29,1,11624.53,0,1,1,5196.7,10225.6,0.27
M0111034,N,79,0,2479.84,0,0,0,417.72,3908.4,0.42
M0111035,N,27,1,13123.9,0,2,0,1589.97,10180.5,0.52
M0111036,N,43,0,10840.8,0,1,0,1007.88,9733.78,0.88
M0111037,N,29,0,7662.95,0,0,0,1765.15,7238.24,0.23
M0111038,N,19,1,11774.26,0,0,0,8610.56,2789.84,0.88
M0111039,N,45,0,5081.89,1,0,0,1059.93,4463.16,1.28
M0111040,N,63,0,6276.63,0,0,0,1156.89,4693.05,0.71
M0111041,N,63,2,29809.33,1,1,0,34076.24,8299.75,1.01
M0111042,N,72,2,30848.15,1,0,1,4692.9,20855.45,1.82
M0111043,N,49,2,17203.61,0,1,1,1878.81,13710.47,0.91
M0111044,N,25,1,22244.62,0,0,0,4217.86,18983.0,1.37
M0111045,N,32,1,10239.78,0,0,0,1717.19,10562.42,0.01
M0111046,N,30,1,10923.74,0,3,1,1630.37,15155.4,0.49
M0111047,Y,73,5,269222.21,5,3,4,66443.33,233177.96,5.94
M0111048,N,20,2,10767.37,0,0,0,1230.1,8855.4,0.0
M0111049,N,80,1,7791.98,0,0,0,1288.95,7545.32,0.03
M0111050,N,74,0,9858.82,0,1,0,1569.35,7857.43,0.16
M0111051,N,61,1,9728.02,0,1,0,2860.03,8210.83,0.47
M0111052,N,73,0,12153.65,0,0,0,972.81,16281.71,0.48
M0111053,N,64,2,12406.37,1,3,0,15163.56,2952.73,1.28
M0111054,N,58,3,9989.93,0,2,0,7724.78,6796.86,1.02
M0111055,N,46,2,8829.88,1,2,0,784.84,6906.39,2.47
M0111056,N,32,1,24135.85,0,1,0,4639.38,16255.83,2.0
M0111057,N,25,0,6898.31,0,0,0,2807.18,6592.81,2.24
M0111058,N,24,2,6434.46,0,2,1,2449.95,4294.62,1.09
M0111059,N,49,1,7861.84,0,0,0,2770.0,3643.86,1.15
M0111060,N,62,2,26702.07,0,2,0,6232.29,15338.75,2.81
M0111061,N,39,2,7842.31,0,0,0,3627.75,3469.74,0.63
M0111062,N,24,1,19721.82,0,0,0,2329.37,13639.49,0.0
M0111063,N,54,0,3827.94,0,0,1,935.13,2807.64,0.93
M0111064,N,41,1,2677.39,0,0,0,1218.23,3559.63,0.95
M0111065,N,61,2,20463.71,1,0,0,898.22,15457.44,1.0
M0111066,N,53,1,7129.37,0,0,1,4616.69,5838.39,0.93
M0111067,N,73,1,18773.52,0,0,0,904.97,20838.84,1.07
M0111068,N,67,4,7260.06,1,2,0,5221.14,7702.96,0.0
M0111069,N,28,1,6130.48,0,0,1,1555.41,5580.87,1.81
M0111070,N,18,0,11095.33,0,0,0,3164.21,13758.0,0.92
M0111071,N,71,0,8861.44,0,2,0,4767.22,7280.83,0.54
M0111072,N,67,1,13465.2,1,2,0,1685.66,12577.88,0.42
M0111073,N,72,1,9389.18,0,1,1,5774.41,4396.09,1.89
M0111074,N,67,0,10959.0,0,1,0,8203.63,7190.44,0.24
M0111075,N,43,1,8776.25,0,0,1,4249.11,11368.26,1.29
M0111076,N,75,1,46652.59,0,3,1,4526.16,32685.31,2.22
M0111077,N,68,2,10988.77,0,1,1,3010.79,13022.38,0.84
M0111078,N,76,1,7249.75,0,1,1,2051.43,10257.84,1.16
M0111079,N,55,1,12797.18,1,1,0,964.85,9176.81,0.02
M0111080,N,55,0,9417.48,0,0,2,1550.3,10840.14,1.01
M0111081,N,45,1,5001.81,0,0,0,1787.46,2223.56,0.39
M0111082,N,54,0,7542.31,0,0,0,731.99,5439.13,0.31
M0111083,N,64,1,10504.43,0,1,0,5614.48,4338.69,0.84
M0111084,N,37,1,7145.05,1,0,0,5423.02,3848.11,1.49
M0111085,N,48,0,6863.47,0,0,0,1105.65,5597.91,0.0
M0111086,N,37,0,5258.81,0,0,0,830.97,7787.15,1.7
M0111087,Y,83,7,169090.06,1,1,5,103703.13,100542.96,5.35
M0111088,N,25,2,9213.9,0,2,1,1121.54,13378.66,0.73
M0111089,N,21,0,3230.32,0,0,0,1324.85,2105.23,0.46
M0111090,N,52,0,24308.67,0,0,0,8203.06,11916.62,1.11
M0111091,Y,61,4,197471.85,3,4,3,72517.23,114885.76,2.55
M0111092,N,63,1,9193.44,0,2,0,3291.12,7389.58,2.14
M0111093,N,42,1,12471.95,0,0,1,1393.49,14513.41,0.8
M0111094,N,61,3,19606.34,0,1,0,2049.1,16160.3,0.35
M0111095,N,48,2,4334.18,0,0,0,949.72,5062.4,0.13
M0111096,Y,52,5,191941.18,3,5,6,160207.36,95960.16,6.48
M0111097,N,58,3,4421.23,0,1,0,734.35,3451.28,1.32
M0111098,N,75,1,4421.94,1,0,0,2139.18,3865.77,0.52
M0111099,N,68,1,6359.51,0,0,0,2094.14,5221.72,1.21
M0111100,N,54,1,7982.27,0,0,0,3921.84,7470.65,0.0
M0111101,N,76,2,33633.44,1,0,0,736.07,35402.85,1.34
M0111102,N,71,2,8021.87,0,0,0,1861.35,4526.34,0.14
M0111103,N,68,3,10858.02,1,0,0,3638.36,7688.13,0.4
M0111104,N,76,1,4473.5,0,0,0,3580.31,1296.84,0.0
M0111105,N,49,0,1868.2,0,0,0,601.16,1985.93,1.28
M0111106,N,59,1,12732.75,0,1,0,8002.89,11210.71,2.28
M0111107,N,65,1,12630.93,0,0,0,2700.77,9871.05,0.96
M0111108,N,26,0,14259.05,1,1,0,5393.8,12370.6,2.2
M0111109,N,67,0,17188.53,0,1,1,1070.57,16184.41,1.7
M0111110,N,19,1,12493.16,0,0,0,1012.76,12335.11,0.27
M0111111,N,24,0,8987.56,0,1,0,5718.9,3727.11,0.16
M0111112,N,22,1,5749.3,0,0,0,1234.78,8108.1,1.82
M0111113,N,67,1,8766.91,0,0,0,5415.57,7438.48,1.63
M0111114,N,37,0,5879.78,0,1,2,3294.14,2574.9,1.18
M0111115,N,72,1,16655.14,0,2,2,2257.38,12343.27,1.06
M0111116,N,36,1,8166.67,1,0,1,5525.57,4174.07,1.9
M0111117,N,46,2,14963.32,0,1,0,6089.21,7993.35,0.67
M0111118,N,41,0,3805.79,0,0,1,3496.67,2291.89,0.0
M0111119,N,34,0,4332.58,0,0,0,1266.84,5445.19,0.23
M0111120,N,35,0,6862.03,0,0,0,3011.95,3743.29,0.45
M0111121,N,43,1,2031.89,0,0,0,1208.67,1486.97,0.0
M0111122,N,39,1,17216.79,0,0,1,3909.71,14305.52,0.71
M0111123,N,63,1,8330.81,0,0,0,8549.0,5903.05,0.09
M0111124,N,47,2,11391.3,0,0,0,2639.91,16950.94,0.07
M0111125,N,74,0,4756.76,0,0,1,3865.7,2948.39,0.0
M0111126,N,54,1,12727.54,0,2,0,3064.4,14322.45,1.91
M0111127,N,58,1,8316.89,1,0,0,4038.68,4026.62,0.98
M0111128,N,50,2,6380.15,0,2,0,4447.45,6358.73,0.0
M0111129,N,53,0,3494.46,0,0,0,2114.66,2469.94,0.25
M0111130,N,34,0,15659.26,0,0,0,1807.4,10727.56,0.43
M0111131,N,68,0,2692.12,1,0,0,556.96,1942.1,0.46
M0111132,N,22,1,3631.87,0,0,0,707.89,3999.8,0.0
M0111133,N,68,1,9863.79,0,0,0,2894.71,6622.08,2.21
M0111134,N,56,2,11510.76,0,1,0,1876.16,16676.86,2.42
M0111135,N,65,0,4709.94,0,2,0,1750.85,6490.15,1.26
M0111136,N,43,0,4377.28,0,0,1,2342.93,5220.52,1.91
M0111137,N,57,1,10861.92,0,0,0,1881.83,12165.25,1.35
M0111138,N,67,1,3805.08,0,1,0,839.11,3718.68,0.01
M0111139,N,70,1,8347.29,0,0,0,468.56,10444.89,0.16
M0111140,N,66,0,5382.33,0,1,1,441.62,4519.85,1.36
M0111141,N,74,0,12298.82,0,0,0,3003.52,8728.26,0.0
M0111142,N,44,1,6689.61,0,0,0,2449.8,5855.25,0.48
M0111143,N,45,0,16507.47,0,0,0,4626.26,8937.2,0.71
M0111144,N,24,1,15988.82,1,2,1,12358.01,10254.94,1.34
M0111145,N,33,0,4882.87,0,1,0,445.51,3411.29,0.61
M0111146,N,61,2,30181.29,1,3,1,4001.67,22114.82,2.41
M0111147,N,21,1,15962.58,0,0,0,7808.12,17357.77,2.19
M0111148,N,34,1,17529.86,0,0,0,6900.66,7126.37,1.18
M0111149,Y,36,5,270292.07,1,1,4,84324.31,169414.64,4.89
M0111150,N,76,2,7292.93,0,0,0,2628.51,5861.67,1.6
M0111151,N,69,1,2905.06,0,0,0,737.79,1920.18,0.24
M0111152,N,51,0,15487.48,0,1,0,6736.44,6988.0,1.59
M0111153,N,33,4,14719.08,0,0,0,2196.71,9828.03,1.57
M0111154,N,54,1,17277.13,0,0,0,10127.37,4663.77,0.0
M0111155,N,55,0,8605.19,0,1,0,1347.39,10265.67,0.87
M0111156,N,63,0,6343.38,0,0,1,2093.07,7139.04,0.0
M0111157,N,55,0,5716.01,0,0,0,290.65,8285.65,0.48
M0111158,N,57,0,13812.16,1,0,0,8718.81,3090.45,1.26
M0111159,N,51,1,5862.27,1,1,0,4228.32,4738.41,2.77
M0111160,N,73,1,10475.05,0,0,0,5019.75,5661.65,1.71
M0111161,N,80,0,2634.32,0,0,0,1806.63,771.93,0.51
M0111162,N,64,3,21839.19,0,0,0,6016.73,11802.35,1.56
M0111163,N,77,2,30607.31,1,1,0,16007.79,12874.91,1.22
M0111164,N,28,1,11512.43,1,0,0,4175.72,6786.73,0.96
M0111165,N,52,1,5598.33,0,0,0,1284.71,7650.7,0.0
M0111166,N,74,0,4860.07,0,0,0,1733.95,4554.36,0.0
M0111167,N,34,2,9583.31,1,1,1,1585.02,9970.46,0.65
M0111168,N,69,0,2872.84,0,1,0,942.99,1866.06,1.46
M0111169,N,24,1,14375.23,1,2,0,8572.53,13978.84,1.99
M0111170,N,22,1,6948.93,0,2,0,1991.85,8832.34,1.76
M0111171,N,25,1,16711.3,0,3,0,2044.9,16498.32,1.88
M0111172,N,38,2,5429.97,1,0,0,1573.59,6616.85,2.0
M0111173,N,46,0,4023.32,0,0,0,1240.84,3034.07,0.0
M0111174,N,65,1,7305.77,0,1,0,2016.74,3853.7,0.81
M0111175,N,28,1,17971.99,1,0,2,10022.22,7778.79,1.25
M0111176,N,42,2,44549.96,1,0,0,2570.15,38059.56,1.58
M0111177,N,80,1,9470.26,0,0,0,1553.9,13664.06,0.0
M0111178,N,21,1,33786.33,0,2,0,20884.47,12944.21,0.86
M0111179,N,57,0,8378.32,0,0,0,3688.93,5148.28,0.09
M0111180,N,21,2,14315.97,2,0,0,4835.31,9839.43,1.53
M0111181,N,43,0,7443.71,1,1,0,5361.22,5494.03,0.0
M0111182,N,40,1,6940.89,0,0,1,1974.62,5656.52,1.21
M0111183,N,65,2,2646.49,0,2,0,1154.83,1524.21,0.78
M0111184,N,80,0,10227.2,0,0,0,4498.79,6626.7,1.42
M0111185,N,33,1,7211.81,0,1,0,801.99,9393.41,1.76
M0111186,N,78,0,18850.18,1,2,0,3094.74,11688.18,0.51
M0111187,N,45,0,8225.48,0,0,0,2331.34,4912.46,0.0
M0111188,N,78,2,8306.37,0,0,0,668.4,11048.42,2.23
M0111189,N,40,0,4406.46,0,0,0,351.18,5327.95,0.67
M0111190,N,77,0,14680.38,0,3,2,6706.54,12572.91,1.98
M0111191,N,76,0,31075.11,0,2,1,4756.07,26409.63,1.08
M0111192,N,52,1,5253.48,0,0,1,1733.11,3272.99,0.68
M0111193,N,62,1,2272.23,0,0,0,957.99,1798.36,0.91
M0111194,N,25,1,8418.15,0,0,0,4513.5,2690.1,1.72
M0111195,Y,63,6,433631.88,3,4,3,90285.83,278105.58,5.92
M0111196,N,54,1,5988.28,1,1,0,1491.39,6510.85,0.0
M0111197,N,39,1,13272.53,0,0,0,3574.03,14530.39,0.83
M0111198,N,28,2,30999.03,0,0,0,6953.48,17970.83,2.12
M0111199,N,54,2,4551.46,2,1,0,1996.13,4733.21,0.0
M0111200,N,30,0,13537.3,1,1,0,774.17,14454.62,0.88
M0111201,N,31,2,7094.97,0,0,0,2921.58,4949.47,0.66
M0111202,N,51,0,5882.87,0,1,1,3520.87,4519.56,0.0
M0111203,N,23,1,7035.62,0,0,1,2798.47,8935.12,0.85
M0111204,N,24,1,30016.98,0,1,0,3778.21,28496.79,1.81
M0111205,N,70,1,12537.47,0,0,0,2685.77,7509.9,0.25
M0111206,N,33,0,10070.31,0,1,0,2976.27,5553.22,1.29
M0111207,N,25,1,5640.66,0,0,0,1935.36,4274.74,0.61
M0111208,N,19,2,5785.67,0,3,0,1738.88,6630.79,0.78
M0111209,N,23,2,30013.66,0,2,0,6611.8,18421.86,0.68
M0111210,N,25,2,11255.61,0,2,0,3921.22,5702.6,0.98
M0111211,N,42,0,3892.0,0,0,1,1779.89,3490.96,0.0
M0111212,N,25,2,20636.1,1,0,0,5464.51,24801.17,1.71
M0111213,N,27,0,16257.98,0,1,0,900.31,13750.96,0.8
M0111214,N,71,0,25067.11,0,1,0,15892.25,6706.46,0.67
M0111215,N,71,2,8935.27,0,0,0,5303.24,10885.96,1.55
M0111216,Y,60,5,230354.84,5,7,5,81453.73,201207.99,5.38
M0111217,N,38,0,5957.01,0,0,0,2816.34,5691.98,0.51
M0111218,N,53,2,17853.79,0,0,1,5109.21,10129.13,0.39
M0111219,Y,85,8,348947.38,4,2,3,64281.73,286900.54,6.35
M0111220,N,41,1,3002.21,0,0,0,1628.42,3788.5,0.0
M0111221,N,60,0,4508.72,0,0,1,821.57,5257.26,1.88
M0111222,N,24,0,28510.05,1,1,0,14981.09,7344.22,1.61
M0111223,N,53,0,10773.32,1,0,0,717.08,8289.4,2.25
M0111224,N,51,1,4693.65,0,2,1,1989.24,4538.2,0.57
M0111225,N,69,2,10482.99,1,1,0,4555.03,11791.87,2.62
M0111226,N,46,1,14435.59,0,1,0,3450.37,8790.47,1.84
M0111227,N,22,0,7007.77,1,0,0,2339.09,6083.79,0.92
M0111228,N,46,1,7560.78,0,0,0,3172.79,5815.74,1.09
M0111229,N,52,0,8164.86,0,0,1,1897.27,5948.68,0.0
M0111230,N,78,0,23368.61,1,2,0,1778.63,18601.41,0.59
M0111231,N,52,2,22789.46,1,2,1,12209.89,13049.22,1.0
M0111232,N,27,0,4689.89,0,0,0,1331.74,3009.37,0.28
M0111233,N,42,2,9056.45,0,1,0,872.99,7196.93,3.07
M0111234,N,39,0,8182.72,0,0,0,1624.11,5157.36,0.0
M0111235,N,48,1,16208.99,0,1,0,8079.45,4796.01,1.21
M0111236,N,69,0,4727.52,0,0,1,1501.1,2915.71,1.03
M0111237,N,22,1,6103.76,1,1,0,4149.35,5495.77,0.7
M0111238,N,59,1,15988.22,0,1,2,4855.6,10706.4,3.42
M0111239,N,22,2,11504.83,0,2,1,9432.7,10525.02,1.76
M0111240,N,24,2,5968.9,0,0,0,1539.86,5447.54,0.97
M0111241,N,74,0,18030.23,0,0,0,3499.44,13897.28,0.0
M0111242,N,63,0,10852.16,0,0,0,6569.3,4109.68,0.83
M0111243,N,52,0,4131.42,0,0,0,2193.24,1559.22,0.0
M0111244,N,56,2,10223.37,1,1,0,1567.29,16388.38,1.07
M0111245,N,58,2,11835.52,0,0,0,2586.53,7499.27,1.44
M0111246,N,54,0,11183.24,0,1,1,5858.35,12990.04,1.43
M0111247,N,52,2,6346.24,0,0,0,740.95,7899.73,0.82
M0111248,N,53,3,6506.31,0,0,0,2444.36,6633.05,2.43
M0111249,N,62,2,4334.59,0,0,1,914.31,6674.59,0.47
M0111250,N,39,2,14779.92,0,0,0,1084.82,10591.95,0.22
M0111251,N,58,0,12545.37,0,1,1,1231.96,11037.2,0.34
M0111252,N,37,0,6751.5,0,1,1,2540.94,4541.63,0.85
M0111253,N,20,1,8539.58,0,0,0,2242.18,7164.49,0.45
M0111254,Y,59,6,199326.23,3,5,5,100887.79,160390.94,6.8
M0111255,N,56,2,22043.09,1,1,0,6203.27,17680.18,2.0
M0111256,N,27,1,22912.37,0,0,0,8746.21,11675.16,0.47
M0111257,N,68,1,3983.38,0,0,0,1387.58,3562.77,1.08
M0111258,N,22,0,6757.85,0,0,0,1273.47,4235.35,1.79
M0111259,Y,36,6,326922.72,2,3,1,135470.1,162517.47,6.32
M0111260,N,45,0,7564.66,0,1,0,1665.58,4472.8,0.65
M0111261,N,39,0,12010.08,0,2,0,2260.38,8666.28,0.25
M0111262,N,33,1,3868.13,0,0,0,1903.68,3416.6,0.11
M0111263,Y,63,5,278570.78,6,6,3,111034.77,138479.29,3.45
M0111264,N,77,0,23014.42,1,2,1,8524.52,10991.09,2.37
M0111265,N,72,0,10544.63,0,1,0,1935.58,16318.99,1.41
M0111266,N,20,2,18464.1,0,1,0,2044.24,13596.55,0.86
M0111267,N,35,0,5788.04,0,0,0,1234.42,7178.29,0.0
M0111268,N,31,0,5732.54,0,0,0,4733.78,1671.33,0.56
M0111269,N,70,0,15476.47,0,0,0,2390.9,10222.08,1.31
M0111270,N,20,4,14885.93,0,1,0,5166.91,18751.55,2.26
M0111271,N,29,1,21028.52,0,1,1,4326.72,21276.74,1.52
M0111272,N,60,3,10111.6,0,0,1,2603.06,6429.65,2.51
M0111273,N,51,1,13407.01,0,4,1,8135.85,11341.31,1.58
M0111274,N,34,2,6454.16,0,0,0,3025.26,7232.2,0.6
M0111275,N,30,1,15273.38,0,0,2,4966.49,7202.39,0.0
M0111276,N,25,1,13131.13,0,1,0,3032.74,7603.0,1.4
M0111277,Y,84,3,197177.85,3,1,2,126173.45,79820.08,3.17
M0111278,N,58,1,4175.82,1,2,0,2291.75,3003.97,0.86
M0111279,N,75,0,2804.98,0,0,0,380.63,2812.12,0.11
M0111280,N,70,0,17677.54,0,1,0,2807.78,14296.38,2.39
M0111281,N,20,1,8469.97,0,2,0,9891.66,2247.19,1.95
M0111282,N,51,0,22635.17,0,1,0,4120.92,16526.92,0.0
M0111283,N,59,2,20976.38,0,1,2,1225.06,16333.84,1.36
M0111284,Y,37,6,302745.89,4,8,5,148270.05,106413.01,7.07
M0111285,N,70,0,8917.68,0,0,0,1505.57,10466.55,0.7
M0111286,N,19,0,9219.37,0,1,1,2336.4,4867.38,0.85
M0111287,N,27,2,12285.79,0,1,0,7629.15,6224.06,1.53
M0111288,N,33,0,14880.57,0,1,0,1810.14,12254.49,0.0
M0111289,N,54,1,1610.63,0,0,1,759.95,2155.86,0.95
M0111290,N,68,2,20139.11,1,1,0,8710.62,8517.59,1.76
M0111291,N,44,0,7470.29,0,1,0,1328.8,8239.36,0.0
M0111292,N,48,1,14443.39,0,0,3,5581.68,13055.07,1.92
M0111293,N,44,0,7939.52,0,0,0,692.79,12784.86,0.0
M0111294,N,57,0,11160.71,0,0,2,3538.98,9306.08,0.45
M0111295,N,40,0,9293.04,0,2,0,3474.76,6843.97,2.7
M0111296,N,65,1,17679.55,2,0,0,3779.71,11814.47,1.76
M0111297,N,52,1,2283.75,0,1,0,619.56,3109.96,0.29
M0111298,N,63,1,9327.42,0,0,1,1831.24,6361.06,0.0
M0111299,N,29,0,12544.21,1,2,0,6293.79,10700.63,2.04
M0111300,N,76,2,33865.7,0,0,1,6414.46,27815.97,0.87
M0111301,N,19,1,12465.78,0,0,1,2646.49,17370.17,0.22
M0111302,N,57,1,14698.06,0,0,0,9934.76,2588.85,1.44
M0111303,N,47,1,7799.63,0,1,0,5581.82,4747.82,0.3
M0111304,N,52,1,4524.96,0,1,0,1205.18,2671.41,1.06
M0111305,N,45,0,16043.46,0,0,0,6797.08,9728.39,0.19
M0111306,N,49,1,17398.06,1,0,0,4972.22,8655.91,2.01
M0111307,N,34,3,16990.99,1,0,1,5858.09,10605.97,2.51
M0111308,N,43,3,28373.57,0,0,0,8516.85,14956.28,1.88
M0111309,N,41,0,14468.52,0,2,0,819.89,11966.32,0.49
M0111310,N,68,0,16567.43,0,0,0,3860.3,9155.54,2.1
M0111311,N,37,3,26243.27,0,1,0,5360.43,24304.45,2.85
M0111312,Y,55,2,293941.33,4,3,3,57172.54,201608.8,2.0
M0111313,N,69,1,9934.25,0,0,0,5540.25,11909.4,1.39
M0111314,N,79,0,3983.82,0,2,0,701.23,6448.17,1.16
M0111315,N,21,1,16436.34,0,0,1,909.46,23322.18,2.46
M0111316,N,68,1,12954.44,0,0,0,4121.69,6462.14,2.23
M0111317,N,46,0,4341.35,0,0,0,1262.74,4324.99,0.55
M0111318,N,32,2,11091.22,0,0,0,5071.12,9961.43,0.0
M0111319,N,34,0,7547.18,0,2,0,6742.55,4860.99,1.33
M0111320,N,22,1,6508.47,0,1,0,1591.08,4149.62,0.26
M0111321,N,75,1,11494.97,1,0,0,1317.51,13438.57,0.21
M0111322,N,35,0,8879.71,0,1,1,1483.94,6388.97,0.0
M0111323,N,22,3,11853.56,0,0,0,6681.53,3830.55,0.51
M0111324,N,75,1,7873.8,0,2,0,2062.7,7497.99,0.73
M0111325,N,68,1,8741.68,0,1,0,1651.66,13315.16,1.58
M0111326,N,61,0,14243.44,0,1,0,2604.41,19570.52,0.32
M0111327,N,60,1,14743.41,0,1,2,3934.8,13458.95,1.48
M0111328,N,43,0,5983.59,0,1,1,4507.04,5800.91,0.85
M0111329,N,27,0,11991.83,0,0,0,4146.17,5325.89,1.34
M0111330,N,39,4,17160.48,0,1,1,3252.9,17773.28,2.06
M0111331,N,54,0,6030.85,0,0,0,1534.38,4488.07,1.71
M0111332,N,39,0,29458.98,1,1,0,12787.29,11362.79,0.79
M0111333,N,29,0,8719.77,0,1,0,1605.92,5221.99,0.68
M0111334,Y,55,7,265041.95,5,7,5,92841.17,204044.65,7.3
M0111335,N,43,1,18388.04,1,3,0,4711.32,15794.05,0.33
M0111336,N,34,1,6270.4,0,0,0,1812.92,5058.89,1.61
M0111337,N,25,2,15201.56,0,1,1,7856.72,5851.62,1.14
M0111338,N,78,1,6854.3,0,0,0,814.75,6863.94,0.46
M0111339,N,59,1,13663.85,0,0,0,1565.94,10362.78,0.13
M0111340,N,35,1,24909.57,1,0,2,8508.67,27725.24,0.97
M0111341,N,77,1,32652.93,0,0,0,3126.41,23707.32,1.25
M0111342,N,59,1,11226.3,0,0,0,3548.82,15141.17,0.7
M0111343,N,72,2,24246.96,1,0,0,6847.18,16454.86,1.52
M0111344,N,55,0,7025.66,0,0,0,1903.31,10464.76,1.92
M0111345,N,54,0,12420.1,0,1,1,3062.15,15169.5,1.24
M0111346,N,41,0,3197.86,0,1,0,370.73,2672.31,0.3
M0111347,N,39,0,8136.79,0,0,0,1716.67,11496.96,0.0
M0111348,N,50,0,6464.28,1,1,0,368.49,7145.99,1.26
M0111349,N,47,0,7649.38,2,3,0,8398.08,5504.91,1.33
M0111350,N,49,0,9061.77,0,0,0,1290.13,10911.95,0.2
M0111351,N,71,0,1300.32,0,0,0,781.3,1354.31,0.45
M0111352,N,68,2,16815.51,0,0,1,8659.12,11418.4,2.75
M0111353,N,23,2,22287.78,1,0,1,5583.75,25827.21,1.15
M0111354,N,32,2,24554.1,0,2,0,4329.59,28815.63,0.0
M0111355,N,41,1,18944.43,0,0,0,3929.35,17598.25,3.01
M0111356,Y,46,6,353541.23,4,5,2,91075.64,210027.27,4.13
M0111357,N,56,2,25539.9,0,0,0,3056.53,34852.8,1.95
M0111358,N,74,1,18701.19,0,2,0,1862.22,24209.03,0.19
M0111359,N,73,3,13770.41,0,0,0,2891.82,8950.06,0.9
M0111360,N,27,2,14099.72,0,1,0,7589.08,8614.44,0.0
M0111361,N,68,0,10081.76,1,0,0,1523.99,7622.89,1.63
M0111362,N,72,0,12416.11,0,0,0,1972.94,7751.56,1.61
M0111363,N,64,0,12627.28,0,0,0,2003.22,14135.67,2.79
M0111364,N,19,1,15936.23,2,0,0,1386.38,15114.17,1.73
M0111365,N,73,1,22377.34,0,1,0,3116.68,16317.28,0.32
M0111366,N,20,0,14803.97,0,0,0,4585.14,16009.13,0.0
M0111367,N,50,0,5772.03,1,0,0,2236.47,5168.05,0.71
M0111368,N,51,1,29212.38,0,1,1,21087.16,3891.36,1.79
M0111369,N,34,3,24341.78,0,1,0,8462.34,30771.26,1.31
M0111370,N,51,1,21025.18,0,2,1,5234.58,12078.28,1.39
M0111371,N,52,1,22085.99,0,1,0,15829.7,16479.57,2.04
M0111372,N,45,3,20687.02,0,0,0,2680.8,14225.31,1.38
M0111373,N,68,0,7268.59,1,1,0,3172.27,2638.41,0.76
M0111374,N,42,1,21213.78,0,1,0,11540.59,7187.73,2.02
M0111375,N,41,1,18946.68,2,0,0,6789.37,13632.04,2.15
M0111376,N,39,1,19575.82,0,0,1,3231.31,12150.67,1.01
M0111377,N,24,2,34737.68,0,1,1,3676.29,24114.07,2.84
M0111378,N,23,1,17742.9,0,1,0,3467.3,12569.1,0.0
M0111379,N,75,1,4809.38,0,0,0,1008.09,4365.16,1.18
M0111380,N,37,1,10079.35,0,1,0,1277.38,7863.17,1.84
M0111381,N,64,1,9854.7,0,0,1,1610.87,8944.26,1.27
M0111382,N,34,1,21630.2,0,1,0,7532.72,11086.15,1.15
M0111383,N,46,2,15697.69,2,1,1,11105.94,8856.89,1.16
M0111384,N,65,1,27525.77,0,1,0,2523.4,19688.91,0.24
M0111385,N,46,0,17928.13,0,0,1,2052.38,12554.89,1.13
M0111386,N,62,2,16633.52,1,3,0,7222.59,13608.68,0.43
M0111387,N,30,1,12412.55,0,2,1,935.31,8777.97,1.43
M0111388,N,80,3,15915.89,0,2,1,6216.88,17606.92,2.11
M0111389,N,43,1,14232.02,1,1,0,2829.09,19240.16,1.92
M0111390,N,73,0,13533.59,0,0,0,12448.06,9827.83,0.54
M0111391,N,23,2,5015.25,0,1,0,1942.16,6131.77,1.15
M0111392,N,27,2,9595.9,0,1,0,5319.45,9984.26,0.47
M0111393,N,72,0,7645.85,0,0,1,1156.7,8086.64,0.81
M0111394,N,21,0,8381.46,0,0,0,2519.21,9575.49,2.12
M0111395,N,23,1,8320.93,0,1,0,6665.5,7577.04,1.11
M0111396,N,18,1,4926.69,1,0,0,1001.56,3261.74,1.81
M0111397,N,39,1,13333.2,0,1,0,3845.63,7890.9,1.93
M0111398,N,23,2,8783.87,1,0,1,3165.24,4621.2,0.51
M0111399,N,76,1,9214.42,0,0,0,2475.24,4869.94,0.55
M0111400,N,64,0,13217.08,0,2,0,3184.4,12886.86,0.0
M0111401,N,43,0,6267.38,0,0,0,2967.8,3288.69,0.38
M0111402,N,57,1,10346.48,0,0,0,2135.57,7250.62,0.0
M0111403,N,45,3,14858.36,1,0,0,2842.95,20941.19,2.05
M0111404,Y,55,7,498255.62,1,6,4,220000.46,209073.07,7.81
M0111405,N,29,3,5815.79,0,1,0,4135.42,3843.09,2.18
M0111406,N,73,1,5655.44,0,0,0,3965.33,5026.17,1.42
M0111407,N,67,1,9335.41,0,1,1,1604.18,6327.49,0.75
M0111408,N,52,2,5539.1,0,0,0,2510.58,3468.7,0.76
M0111409,N,58,2,12012.32,0,1,0,871.6,9011.88,0.92
M0111410,N,70,1,3112.28,0,0,0,1116.43,3414.74,0.3
M0111411,Y,74,6,279923.44,4,6,3,146670.65,220862.28,8.31
M0111412,N,60,0,20373.48,0,0,0,3038.99,13665.27,1.89
M0111413,N,76,0,9263.03,0,0,0,7943.43,4301.87,1.55
M0111414,N,37,0,10602.67,0,1,1,3699.22,10118.89,0.77
M0111415,N,59,0,11874.56,0,1,1,5719.29,5266.03,2.64
M0111416,N,54,0,15029.66,0,1,1,4079.32,15750.12,1.61
M0111417,N,77,1,12368.73,1,1,0,7834.4,10058.63,1.47
M0111418,N,36,3,8633.5,0,0,0,6010.64,3100.16,0.17
M0111419,N,73,1,4801.21,1,0,0,4014.66,2462.13,1.06
M0111420,N,62,0,8655.52,0,2,0,2409.95,11249.54,0.79
M0111421,N,62,0,22551.3,1,0,0,894.92,23958.66,0.75
M0111422,N,69,0,5219.07,0,2,0,682.03,4972.21,0.97
M0111423,N,56,2,12928.27,0,1,0,4141.95,6191.02,0.0
M0111424,N,42,0,11428.89,0,1,0,3935.77,10477.32,0.45
M0111425,N,39,1,5696.86,0,0,0,2578.44,4817.92,0.9
M0111426,N,27,0,19727.64,0,1,1,2932.91,18925.36,1.5
M0111427,N,56,1,14302.82,1,0,0,4697.85,9380.44,2.14
M0111428,N,61,0,16306.49,0,1,0,2875.95,24038.48,1.77
M0111429,N,27,1,9563.57,0,1,3,3667.49,9584.55,1.47
M0111430,N,67,0,7390.15,0,2,1,2284.76,10332.72,0.0
M0111431,N,64,3,6514.78,0,0,0,1659.77,9558.44,1.93
M0111432,N,52,0,5506.92,1,0,0,4563.29,5389.3,0.91
M0111433,N,20,0,5698.98,1,1,0,722.29,9228.0,2.74
M0111434,N,47,2,17296.12,0,1,1,4731.3,10868.14,0.52
M0111435,N,19,2,12143.83,0,0,1,4083.53,14958.88,1.82
M0111436,N,57,2,13515.83,0,1,0,4077.7,10208.6,0.81
M0111437,N,55,4,10388.28,0,1,0,6162.77,12217.46,0.82
M0111438,N,67,3,17733.57,1,1,2,7676.49,14035.23,1.02
M0111439,Y,37,3,85981.01,5,1,1,45922.44,65041.91,4.83
M0111440,N,39,1,20644.53,0,0,1,739.4,16662.25,1.92
M0111441,N,62,1,13010.03,1,1,0,2137.53,14281.59,0.0
M0111442,Y,48,7,255543.73,5,9,3,142937.64,107173.74,6.84
M0111443,N,37,3,18593.09,0,1,0,3934.46,11086.82,0.65
M0111444,N,59,1,2211.07,0,0,0,1348.13,2541.81,0.45
M0111445,N,41,1,24883.72,1,1,0,11701.96,16466.69,1.57
M0111446,N,23,0,7902.46,1,2,0,2488.84,10151.27,0.38
M0111447,N,76,1,14026.3,0,0,0,2756.46,17777.9,0.55
M0111448,N,47,0,13769.38,2,0,1,3108.07,7976.38,0.2
M0111449,N,68,1,5581.59,0,0,0,877.76,6053.33,0.86
M0111450,Y,44,6,131394.81,5,4,4,67001.46,80949.92,4.84
M0111451,N,23,0,10655.7,0,1,1,2395.56,8456.27,0.71
M0111452,N,39,2,12087.22,0,2,0,3071.1,9812.34,2.18
M0111453,N,30,1,21214.87,1,0,1,1113.98,25942.56,2.13
M0111454,N,27,2,19550.24,1,0,0,2522.31,12967.15,0.95
M0111455,N,43,1,5057.22,1,0,0,2627.09,6407.42,0.72
M0111456,N,49,1,30606.28,1,0,1,1923.16,22397.8,0.0
M0111457,N,67,3,18107.26,0,0,0,7399.85,7027.74,2.05
M0111458,N,34,1,31003.72,0,0,2,6695.87,18784.76,0.96
M0111459,N,28,2,8649.03,1,0,0,2846.1,7947.38,1.52
M0111460,N,34,1,7244.95,0,1,1,1181.21,7902.85,1.68
M0111461,N,45,1,22799.75,0,1,2,3827.36,17861.46,0.14
M0111462,N,50,3,10155.18,0,1,0,3752.27,6343.6,1.73
M0111463,N,52,1,4551.46,0,1,0,1052.84,7156.18,0.0
M0111464,N,67,3,15843.61,1,2,0,6580.38,20913.61,2.14
M0111465,N,42,3,11289.22,0,0,0,2551.86,11622.25,0.58
M0111466,N,52,1,10264.24,1,3,0,1626.81,11345.06,2.21
M0111467,N,58,2,8116.35,1,0,0,2534.85,8594.87,2.02
M0111468,N,49,0,6264.64,0,0,1,840.67,7682.74,0.45
M0111469,N,79,2,8704.95,1,0,0,4634.85,7074.45,0.82
M0111470,Y,75,5,300727.6,6,2,5,71068.6,251639.15,2.71
M0111471,N,61,0,12504.85,0,0,0,7451.57,5263.98,1.96
M0111472,N,79,4,17095.77,0,0,1,10611.28,3814.71,1.53
M0111473,Y,81,4,235693.87,2,3,4,56147.11,160611.55,4.08
M0111474,N,34,1,9923.3,0,0,1,3037.94,7981.82,0.2
M0111475,N,19,2,8717.54,0,0,2,1195.5,7958.81,1.39
M0111476,N,39,2,8124.37,0,0,1,2751.49,6996.75,1.13
M0111477,N,37,1,2989.65,0,0,0,371.47,2288.29,0.0
M0111478,N,80,0,5222.32,0,0,0,4178.61,4252.71,1.34
M0111479,N,25,0,17439.59,0,2,1,1013.01,30077.48,1.32
M0111480,N,20,2,19274.84,0,0,0,4688.71,10894.25,1.01
M0111481,N,75,0,7291.66,1,0,0,4075.94,4708.18,0.66
M0111482,N,67,0,3777.74,0,0,0,668.29,3357.7,1.71
M0111483,N,80,1,9991.29,0,0,0,2123.6,13297.03,0.59
M0111484,N,42,1,7095.33,0,1,0,1295.48,5250.83,0.4
M0111485,N,67,0,8913.81,0,0,1,2958.23,5174.75,0.17
M0111486,N,56,1,7597.97,1,1,2,1000.99,7713.9,1.2
M0111487,N,52,0,13893.96,0,1,1,4779.72,7871.45,0.82
M0111488,N,49,0,15536.89,0,0,0,2372.84,10314.81,0.0
M0111489,N,49,0,17294.76,0,0,0,6677.94,11670.74,0.42
M0111490,N,71,1,26518.25,0,0,1,3342.37,25835.04,3.92
M0111491,N,78,0,6451.24,1,0,0,3296.69,5083.65,1.89
M0111492,N,60,0,6411.6,0,1,0,2488.49,2653.78,1.83
M0111493,N,77,0,5831.16,0,0,1,3437.76,1752.53,0.86
M0111494,N,26,0,34078.72,0,1,0,3221.62,26051.62,0.95
M0111495,N,30,2,16201.11,1,0,2,3754.76,17503.78,1.39
M0111496,N,26,0,9242.84,0,0,0,6309.93,8175.09,2.14
M0111497,N,79,1,13209.77,0,0,1,2992.78,15175.11,0.18
M0111498,N,78,0,11573.47,0,1,0,1771.79,15963.27,3.01
M0111499,Y,70,6,259133.73,4,4,3,57439.84,167766.34,6.44
M0111500,N,40,0,6307.83,1,0,0,729.81,5691.85,0.3
M0111501,N,48,0,5732.56,0,0,0,1445.25,3724.87,1.5
M0111502,N,70,3,12534.49,1,1,0,6229.68,11278.15,2.24
M0111503,N,27,0,4647.4,0,0,0,2550.5,1266.61,0.2
M0111504,N,61,1,11872.89,1,1,0,2993.79,8607.68,1.43
M0111505,N,67,2,3635.42,0,0,0,879.39,2687.79,0.94
M0111506,N,57,2,24296.9,0,3,0,4061.58,17468.43,2.76
M0111507,N,40,0,9545.13,1,2,0,1496.35,6121.57,0.66
M0111508,N,50,3,37041.92,0,1,1,1778.45,38731.53,1.93
M0111509,N,34,2,11368.42,2,1,0,1020.16,17077.25,1.22
M0111510,N,76,2,6050.69,0,1,0,2286.32,4664.6,1.32
M0111511,N,28,0,13883.82,2,0,0,2748.15,9669.89,2.38
M0111512,N,22,1,12892.43,0,0,0,3639.16,16780.79,0.0
M0111513,N,64,0,6076.99,1,2,0,3368.55,3237.86,0.59
M0111514,N,52,1,8462.76,0,2,0,5137.51,7494.48,1.3
M0111515,N,46,0,26289.56,1,0,0,3958.6,17068.73,1.85
M0111516,N,75,0,11524.83,0,0,0,4690.27,5207.24,1.08
M0111517,N,20,2,54695.28,0,2,0,16253.55,34229.65,2.42
M0111518,N,18,0,12424.07,0,1,1,3297.33,8848.28,2.28
M0111519,N,77,3,17258.17,0,2,0,1728.54,12309.6,2.25
M0111520,N,57,0,7992.64,0,0,0,2498.68,4554.0,0.12
M0111521,N,78,1,2682.88,0,0,1,697.29,1855.41,0.0
M0111522,N,76,1,6587.25,0,0,0,332.42,7565.13,0.0
M0111523,N,80,1,16135.11,0,0,0,7001.44,9248.77,0.77
M0111524,N,48,0,12268.7,1,0,0,2709.33,8236.66,1.42
M0111525,N,49,0,7945.62,0,0,0,1142.88,5638.15,0.03
M0111526,N,66,0,6003.68,0,0,0,2629.0,5103.41,0.0
M0111527,N,80,1,8741.53,0,0,2,2766.37,5522.23,0.2
M0111528,N,55,1,2578.31,0,1,0,1157.84,2718.79,0.74
M0111529,N,77,0,10309.96,0,1,0,3344.71,5928.87,0.99
M0111530,N,72,1,25052.54,1,1,1,3820.65,27224.15,0.54
M0111531,N,35,0,14186.99,0,0,0,10453.74,6176.58,0.24
M0111532,N,50,0,8111.42,0,0,0,1104.42,6921.14,0.14
M0111533,N,20,1,10391.93,0,1,0,2822.32,8416.58,1.74
M0111534,N,27,2,14757.48,0,0,1,1423.87,12594.47,0.52
M0111535,N,27,0,38069.45,0,0,1,1952.05,36756.33,0.04
M0111536,N,49,2,40454.93,1,2,2,16788.46,39394.56,2.45
M0111537,N,36,0,6517.34,0,1,0,917.82,4305.99,0.39
M0111538,N,33,2,4973.89,0,0,0,1517.35,2890.35,0.96
M0111539,N,19,0,17024.74,0,0,0,12787.29,7869.41,0.12
M0111540,N,58,1,16764.8,0,1,0,6325.54,7633.76,2.27
M0111541,N,31,1,27622.29,0,0,0,9054.82,16239.39,1.04
M0111542,N,54,2,5785.66,1,1,0,1320.66,5879.75,0.55
M0111543,N,23,2,14459.56,0,0,0,1646.42,23174.94,1.51
M0111544,N,44,2,23971.59,0,2,0,4382.45,16100.73,1.48
M0111545,Y,46,6,593249.11,2,7,6,111424.47,388426.09,5.98
M0111546,N,27,1,7566.97,0,0,0,4704.75,8305.32,1.49
M0111547,N,42,0,9798.42,0,1,0,3431.21,4808.87,1.99
M0111548,N,40,1,23064.62,0,1,1,549.65,20961.83,2.05
M0111549,N,59,1,14679.64,0,0,0,2436.03,17429.06,0.0
M0111550,Y,72,2,267975.16,1,5,5,200498.56,102873.84,4.65
M0111551,N,54,1,11782.6,0,0,1,2822.36,15169.46,1.59
M0111552,N,79,0,41391.56,0,1,0,2700.55,29641.08,1.11
M0111553,N,80,1,10701.85,0,0,1,4093.75,9974.56,0.0
M0111554,N,77,1,3156.81,0,0,0,1853.58,1248.4,0.29
M0111555,N,30,0,11279.72,0,0,0,3850.4,9357.3,1.21
M0111556,N,26,1,2828.22,0,0,0,866.86,2098.25,1.11
M0111557,N,25,1,24878.43,0,1,1,10110.68,14518.46,2.69
M0111558,N,31,1,14013.26,0,2,1,1605.55,13110.79,2.5
M0111559,N,74,2,14468.12,0,1,2,5303.21,9141.62,0.67
M0111560,N,37,3,15249.85,1,0,1,7392.19,8279.73,2.87
M0111561,N,45,0,10826.11,1,1,1,3189.57,9692.31,1.53
M0111562,N,73,2,10246.8,1,1,2,4018.97,10873.65,0.44
M0111563,N,60,2,33524.4,1,1,2,5841.62,22959.41,2.46
M0111564,N,74,1,8160.96,0,0,0,5112.31,6828.16,0.22
M0111565,N,40,1,12925.26,0,0,1,1263.01,10190.51,1.13
M0111566,N,63,2,10228.01,0,0,1,4891.37,4386.53,2.15
M0111567,N,58,2,7989.12,0,0,0,1151.85,5771.45,0.25
M0111568,N,40,1,9897.94,0,2,0,1187.88,11903.45,0.7
M0111569,N,55,3,12691.12,0,0,1,6078.0,11577.64,2.59
M0111570,N,76,0,18261.61,1,0,0,16439.16,4702.63,1.25
M0111571,N,56,1,12126.56,2,2,2,5336.69,5571.25,2.18
M0111572,N,45,2,13246.57,0,0,0,4424.72,7529.61,1.56
M0111573,Y,63,8,283697.46,4,5,3,177599.03,183482.74,5.77
M0111574,N,69,2,8920.86,0,0,0,2215.41,4817.7,0.94
M0111575,N,67,2,3122.57,1,1,0,507.08,2904.27,1.78
M0111576,N,77,0,21869.76,0,0,0,2105.41,18688.0,2.0
M0111577,N,57,0,15817.67,1,1,0,1464.12,14401.6,0.04
M0111578,N,76,0,19587.66,1,0,0,3793.43,12698.81,3.39
M0111579,N,43,0,11304.22,0,0,0,4430.48,7875.99,1.06
M0111580,N,48,0,8544.17,0,1,0,813.03,12956.07,1.41
M0111581,N,62,0,3529.94,0,1,1,1734.07,3971.7,2.48
M0111582,Y,56,6,165802.52,1,2,4,31703.38,202151.24,4.59
M0111583,N,52,2,13736.7,1,0,1,6384.5,7297.92,2.6
M0111584,N,75,1,6471.48,0,0,0,2255.93,6990.13,0.79
M0111585,N,27,0,28823.13,0,1,0,2147.46,23059.49,0.1
M0111586,N,49,1,8502.15,0,1,1,2350.5,12599.14,0.59
M0111587,Y,78,5,201253.87,3,2,3,107558.92,139900.85,4.99
M0111588,N,24,1,7090.57,0,0,1,6471.75,4070.45,2.3
M0111589,N,33,0,4102.98,0,0,0,1126.68,5887.27,0.0
M0111590,N,26,1,9693.8,0,0,0,567.96,8476.52,1.48
M0111591,N,65,2,21298.11,0,1,1,6777.14,13894.02,2.57
M0111592,N,69,0,6845.21,0,0,0,2364.71,3199.32,0.0
M0111593,N,18,0,3583.29,0,0,0,1638.63,2550.6,1.72
M0111594,N,69,1,5076.3,0,0,1,1883.06,4758.91,0.0
M0111595,N,52,3,15735.75,1,0,1,3149.93,17431.61,1.18
M0111596,N,62,1,10330.59,0,2,1,3271.55,12565.06,2.44
M0111597,N,67,2,3822.34,1,0,0,2535.81,1539.12,0.51
M0111598,N,80,2,5571.84,0,1,0,3054.15,3554.18,2.3
M0111599,N,77,3,14704.26,0,1,0,10950.62,4032.71,2.2
M0111600,N,21,1,6864.47,0,1,1,824.7,4654.75,0.45
M0111601,N,28,2,20284.3,0,2,0,1871.84,20875.74,2.72
M0111602,N,65,0,20528.44,1,0,0,3078.84,33866.68,2.91
M0111603,N,52,1,13492.7,0,0,0,2116.95,13213.55,2.75
M0111604,N,64,0,11676.9,0,1,1,2498.14,16657.15,0.11
M0111605,N,23,1,8965.18,0,0,0,2290.64,6324.77,1.14
M0111606,N,51,0,9103.81,0,1,1,2747.54,10667.44,0.67
M0111607,N,41,2,18536.32,0,0,2,3875.55,15730.52,0.59
M0111608,N,55,0,7905.6,0,0,0,1999.76,4302.41,1.79
M0111609,N,42,1,9752.58,0,1,0,1355.67,7003.35,0.28
M0111610,N,53,0,7027.59,0,1,0,2347.09,8442.57,0.87
M0111611,N,44,2,19631.91,0,0,1,6279.67,12430.73,0.21
M0111612,N,65,1,12225.48,0,2,1,7978.39,12486.13,2.1
M0111613,N,27,3,12504.69,1,1,2,1533.69,11392.13,2.41
M0111614,N,37,1,26274.79,0,0,0,7462.22,37258.68,1.09
M0111615,N,41,1,14838.95,0,0,0,1009.4,12176.22,2.45
M0111616,N,20,3,9195.94,0,1,0,2427.49,9586.1,2.45
M0111617,N,20,1,3776.52,0,0,0,1189.78,3118.21,1.0
M0111618,N,30,1,12501.61,1,1,0,6163.58,10235.47,0.82
M0111619,N,75,1,20828.02,0,1,2,6819.64,19531.81,0.45
M0111620,N,62,0,14100.67,0,0,1,10808.87,5559.51,2.41
M0111621,N,71,2,4662.11,0,2,0,964.83,4340.43,1.06
M0111622,N,46,1,11551.88,0,0,0,4664.65,12568.78,0.42
M0111623,N,24,1,6620.65,0,0,0,3393.97,4520.68,0.13
M0111624,N,76,1,5546.0,0,0,0,685.86,4010.43,0.0
M0111625,N,31,2,13510.65,0,1,0,4196.23,6992.46,1.06
M0111626,N,53,1,27647.8,1,1,2,4490.86,19363.92,1.95
M0111627,N,54,1,2667.17,0,0,0,835.93,2589.69,1.43
M0111628,N,19,2,18357.39,1,0,0,2776.94,20720.63,0.0
M0111629,N,43,0,25806.87,0,2,1,7247.22,14195.81,0.88
M0111630,N,68,0,2725.59,0,0,0,2797.82,761.07,0.0
M0111631,N,73,0,24142.53,0,0,0,2245.21,27249.4,0.07
M0111632,N,69,2,21362.5,0,1,0,14606.63,10535.91,1.3
M0111633,N,63,1,11991.12,0,0,0,3389.66,7060.59,0.0
M0111634,N,23,0,8788.02,0,0,0,3003.74,5361.15,1.42
M0111635,N,65,2,54007.48,1,3,0,6900.44,40898.31,0.47
M0111636,N,51,1,16697.23,0,1,0,5381.39,16681.83,0.91
M0111637,N,37,2,14825.21,0,2,0,1565.25,14046.39,1.15
M0111638,N,44,1,7824.92,1,0,0,1866.97,6102.97,1.06
M0111639,N,42,1,7881.67,0,0,1,1320.91,10971.5,0.23
M0111640,N,54,2,50171.44,0,2,0,10257.49,40928.71,2.43
M0111641,Y,64,7,303438.36,7,3,3,94556.82,215881.13,8.08
M0111642,N,24,2,7858.13,0,0,0,3581.9,5444.84,0.5
M0111643,N,57,2,23709.98,1,1,0,12237.53,12045.74,1.1
M0111644,N,55,0,11297.5,1,0,0,2945.25,11908.26,1.14
M0111645,N,70,2,4336.71,0,1,1,762.39,5909.05,0.19
M0111646,N,33,0,5538.02,0,0,0,1075.93,8708.8,0.41
M0111647,N,33,2,26117.22,0,0,0,11568.92,10892.47,0.16
M0111648,N,34,0,26556.29,0,0,0,7095.72,21038.91,0.82
M0111649,N,68,1,11253.89,0,0,0,5014.72,9115.29,0.49
M0111650,N,76,1,6244.66,0,1,0,1905.56,9207.15,0.57
M0111651,N,55,2,13020.17,0,3,0,8652.83,7726.6,2.16
M0111652,N,57,2,13154.46,2,1,1,5693.59,14833.77,0.66
M0111653,N,34,2,62558.63,0,3,1,11814.24,45270.91,2.07
M0111654,N,51,1,14220.86,0,0,0,3268.37,8388.03,0.6
M0111655,N,18,0,21655.53,0,0,2,2845.42,16852.07,0.0
M0111656,N,63,2,17209.65,0,3,0,11559.96,15740.06,1.64
M0111657,N,40,2,27592.82,0,2,0,1030.51,28410.73,0.91
M0111658,N,41,0,13185.51,0,0,2,1294.96,9632.71,1.69
M0111659,N,64,1,14730.04,1,1,0,2060.36,10065.45,1.09
M0111660,N,73,1,34712.21,2,0,0,20586.81,7155.68,1.69
M0111661,N,80,0,4315.74,0,1,0,3745.14,3817.44,0.48
M0111662,N,59,0,7074.15,1,0,0,2121.83,3411.67,1.61
M0111663,N,20,0,8761.18,0,1,0,1171.62,8271.71,0.37
M0111664,N,77,2,13620.0,1,0,0,3414.47,8536.35,0.41
M0111665,N,51,0,21090.32,0,1,0,2593.1,18130.87,1.12
M0111666,N,26,2,10666.74,0,1,2,3112.79,9809.42,3.3
M0111667,N,54,0,14482.38,0,1,0,4136.28,9149.1,0.0
M0111668,N,64,0,4709.42,0,0,0,468.43,4329.57,1.41
M0111669,N,35,0,7551.76,0,0,1,430.64,7152.76,0.0
M0111670,N,68,0,15629.39,0,1,1,6833.25,6988.34,0.49
M0111671,N,61,1,11166.52,0,2,1,7212.98,4283.05,1.08
M0111672,N,24,2,5591.09,0,2,1,3372.43,4747.93,1.04
M0111673,N,35,0,27414.38,0,2,0,14194.52,15065.81,2.49
M0111674,N,67,0,10915.3,0,1,0,2798.57,12638.76,0.73
M0111675,N,47,2,18901.54,1,2,0,3886.91,25468.48,2.45
M0111676,N,20,0,40104.04,0,0,0,13435.97,20430.82,2.5
M0111677,N,79,2,2742.71,0,0,0,772.88,2464.96,0.0
M0111678,N,44,0,8694.44,0,1,0,860.23,8457.83,0.29
M0111679,N,56,1,3122.2,0,0,0,1797.63,3547.83,0.53
M0111680,N,50,2,7542.71,1,2,0,4471.8,5690.41,0.33
M0111681,N,55,0,6100.12,0,0,1,2090.25,7089.66,1.03
M0111682,N,26,0,8753.36,0,0,1,3764.9,9879.65,0.76
M0111683,N,43,0,27951.52,0,0,0,4792.12,33202.52,1.35
M0111684,N,63,0,7969.83,0,1,0,1749.07,6159.66,0.87
M0111685,N,38,3,12508.28,0,0,0,3524.05,9461.04,1.04
M0111686,N,68,0,9625.13,0,0,0,1257.84,9754.04,0.0
M0111687,N,34,1,7573.73,1,1,0,1212.75,6453.82,0.35
M0111688,N,28,1,10154.44,0,1,0,3156.18,7348.85,1.21
M0111689,N,47,1,7819.74,2,2,1,1634.4,5482.94,0.69
M0111690,N,39,1,9847.04,1,2,1,10355.36,5132.05,0.87
M0111691,N,31,1,6501.33,0,2,2,1466.99,4114.73,0.07
M0111692,N,55,2,13576.08,0,0,1,1124.8,15960.61,0.82
M0111693,N,60,0,6964.27,0,1,0,6546.27,2797.39,0.0
M0111694,N,27,0,14578.25,0,0,0,5610.72,9850.38,0.95
M0111695,N,45,1,6648.52,0,3,0,4172.02,3352.15,1.22
M0111696,N,58,2,4298.84,0,0,0,1233.24,3291.68,1.51
M0111697,N,27,1,5795.94,0,0,0,1144.25,4505.62,0.77
M0111698,Y,47,8,155470.04,4,3,4,70428.85,98962.17,5.18
M0111699,N,40,1,4563.35,0,1,0,1095.54,5816.51,1.21
M0111700,N,38,0,2919.52,0,0,0,577.44,3991.28,1.05
M0111701,N,51,3,5063.79,0,0,1,550.49,3706.58,1.5
M0111702,N,52,1,5094.78,0,0,0,1833.21,5072.18,0.53
M0111703,N,18,0,11161.44,1,0,1,2964.63,8367.36,1.68
M0111704,N,18,3,9471.05,1,1,1,4919.44,10827.24,1.52
M0111705,N,58,1,4258.85,1,0,0,1931.89,5148.56,0.0
M0111706,N,72,3,17624.21,1,0,1,10197.71,8207.71,0.04
M0111707,N,57,0,10963.03,1,2,1,1420.87,11272.25,1.73
M0111708,N,50,2,21589.32,0,1,0,5697.78,15281.74,1.78
M0111709,N,55,1,17537.13,0,0,0,2909.7,13144.89,1.25
M0111710,N,48,1,36722.39,1,1,2,4759.76,24467.53,2.54
M0111711,N,19,1,7726.45,1,2,1,3281.03,8944.82,0.98
M0111712,N,64,1,10104.4,0,0,0,1111.28,11423.4,2.78
M0111713,N,70,0,11365.45,1,0,0,1534.7,17323.86,2.18
M0111714,N,57,0,20355.3,0,1,1,3059.33,15552.02,2.37
M0111715,N,46,1,1982.92,1,1,0,927.24,1856.56,0.0
M0111716,N,41,2,10196.18,0,3,1,2862.9,7033.04,2.1
M0111717,N,31,1,3496.02,1,0,0,1860.03,2414.49,0.0
M0111718,N,30,1,5442.46,0,1,0,1047.9,3351.88,0.03
M0111719,N,76,2,6328.48,2,2,1,4265.49,7134.17,3.02
M0111720,N,72,0,14557.99,1,2,0,8775.12,3129.85,0.74
M0111721,N,51,3,41738.51,0,1,0,7653.73,35033.97,3.27
M0111722,N,25,2,8740.03,0,0,0,378.78,7173.42,0.0
M0111723,N,39,0,6870.4,0,0,1,1759.15,7045.91,0.53
M0111724,N,44,2,19793.28,0,1,0,6806.61,11553.74,1.71
M0111725,N,22,3,51794.72,0,2,0,17627.56,30018.87,1.72
M0111726,N,46,1,3693.55,0,0,0,1206.53,2789.81,0.55
M0111727,N,73,0,5342.94,0,0,0,845.81,4756.87,0.49
M0111728,N,44,0,16623.58,1,2,0,10664.39,3288.14,1.0
M0111729,N,20,1,8683.45,0,2,1,5797.04,7949.68,3.17
M0111730,N,79,0,3778.71,0,0,0,589.28,2504.95,0.48
M0111731,N,18,0,38953.88,2,1,1,3718.69,36869.74,1.88
M0111732,N,67,2,10129.64,0,0,0,6110.71,9680.55,0.9
M0111733,N,36,4,2942.32,0,0,0,1814.32,3508.01,1.82
M0111734,N,59,1,32367.1,0,0,0,1269.15,26396.44,0.64
M0111735,N,42,2,14664.51,0,0,0,9948.36,10826.01,3.37
M0111736,N,68,1,16675.94,0,1,0,13035.29,8358.38,0.27
M0111737,N,37,2,3644.63,0,0,0,971.8,5554.81,0.74
M0111738,N,41,0,17889.18,1,1,1,3153.92,19115.35,1.9
M0111739,N,45,0,7510.29,0,0,0,4373.97,3558.42,0.98
M0111740,N,59,1,12936.0,0,1,0,4216.19,7142.83,1.96
M0111741,N,70,1,9046.19,1,0,0,1600.95,12049.18,0.0
M0111742,N,76,2,8304.3,0,0,0,1123.05,7082.7,1.06
M0111743,N,76,2,19302.9,0,2,0,5593.24,13668.37,0.74
M0111744,N,23,2,22634.59,1,0,0,3220.85,26578.69,2.94
M0111745,N,29,1,35628.26,1,0,0,2473.91,50821.03,0.8
M0111746,N,74,1,3886.03,0,0,0,1478.9,3980.64,0.81
M0111747,N,38,2,18216.56,1,0,0,6714.06,9193.05,0.49
M0111748,Y,67,4,107550.74,2,1,2,31935.04,61505.51,3.16
M0111749,N,23,1,5378.97,0,1,0,1488.08,4295.91,1.44
M0111750,N,37,2,5560.04,0,0,0,788.3,4789.4,0.0
M0111751,N,69,0,19903.08,0,1,1,4247.0,11328.18,1.85
M0111752,N,78,2,13785.75,0,0,1,3471.23,9562.72,0.01
M0111753,N,65,3,21853.46,0,2,0,9318.41,29975.39,0.91
M0111754,N,61,2,13919.73,1,1,0,4727.33,6259.81,0.93
M0111755,N,30,0,13648.18,0,1,0,1473.37,12227.78,0.22
M0111756,N,50,0,4336.8,0,0,0,465.45,7323.77,0.09
M0111757,N,24,1,14069.94,0,1,0,3696.25,19801.04,1.38
M0111758,N,37,0,3707.25,0,0,0,1217.24,4350.73,1.17
M0111759,N,39,0,11683.05,1,1,0,2746.92,6913.58,1.17
M0111760,N,47,1,10739.57,0,0,2,4213.1,4292.61,1.04
M0111761,N,29,2,33414.33,0,3,0,1851.1,25200.11,1.39
M0111762,N,75,2,14354.31,0,1,0,1115.49,16647.92,1.11
M0111763,N,80,0,10168.04,0,1,0,1603.08,9003.82,0.0
M0111764,N,36,1,16234.57,1,0,0,1736.49,16374.07,2.88
M0111765,N,60,3,27939.88,0,3,0,6730.25,26035.2,3.31
M0111766,N,27,0,11077.74,0,1,0,5437.64,9002.3,2.33
M0111767,N,29,2,8177.34,1,1,0,1498.86,8234.59,2.06
M0111768,N,30,0,7456.5,0,0,0,701.21,7974.38,1.3
M0111769,N,34,0,16862.37,1,1,0,2747.22,11547.22,1.37
M0111770,N,20,1,17983.09,0,0,0,2703.58,15138.55,1.86
M0111771,N,71,0,16662.71,0,2,0,6545.83,8398.96,0.88
M0111772,N,60,3,21083.73,0,1,1,1848.19,19968.45,1.79
M0111773,N,71,3,13682.71,1,0,0,1545.07,15116.41,2.12
M0111774,N,52,0,34469.5,0,0,0,13225.12,19452.86,0.84
M0111775,N,62,2,13014.84,0,0,1,2719.84,11291.33,1.42
M0111776,N,35,2,25652.02,1,0,0,8322.6,12984.92,1.7
M0111777,N,24,0,20995.99,0,0,0,1935.89,14942.13,0.0
M0111778,N,78,1,4635.52,0,0,0,2222.36,2742.8,0.57
M0111779,N,47,2,4303.58,1,0,0,1480.71,5705.38,1.61
M0111780,N,37,0,3889.72,0,0,0,2079.33,4867.51,1.85
M0111781,Y,67,4,157662.17,5,4,2,43708.71,97415.65,3.57
M0111782,N,50,0,15575.04,1,0,1,8211.43,14830.82,0.66
M0111783,N,77,1,20779.2,0,1,0,5323.13,10950.84,1.43
M0111784,N,33,2,18851.94,0,1,0,2898.55,11844.91,0.49
M0111785,N,27,1,6419.73,0,0,0,1948.32,3896.59,0.0
M0111786,N,33,0,20852.43,0,1,0,6639.88,9777.37,3.57
M0111787,N,78,1,16073.27,1,0,0,3435.53,14718.21,0.91
M0111788,N,52,1,19400.99,0,0,1,4376.86,20152.67,1.36
M0111789,N,64,0,6904.67,0,3,1,1749.61,7424.45,0.0
M0111790,N,54,1,4428.65,0,0,0,1220.51,2945.39,0.13
M0111791,N,30,0,7227.87,0,1,1,4847.57,5538.09,0.61
M0111792,N,38,0,9062.34,0,0,0,670.12,8159.82,0.0
M0111793,N,23,0,8728.6,0,0,0,1790.27,6996.52,0.0
M0111794,N,67,1,7186.99,0,2,0,894.61,9147.26,1.31
M0111795,N,54,0,14366.97,1,3,1,5381.39,12838.39,2.35
M0111796,N,40,2,27562.97,0,0,1,8015.72,13640.67,0.43
M0111797,N,31,1,5037.43,1,2,0,760.98,4972.95,0.38
M0111798,N,23,2,4450.37,0,1,1,664.13,3490.41,1.97
M0111799,N,77,0,12943.19,0,0,0,5968.07,8208.51,0.0
M0111800,N,35,0,2029.92,0,0,0,1056.69,2507.62,2.3
M0111801,N,62,0,11196.25,0,0,0,688.39,9490.52,0.0
M0111802,N,47,0,9572.27,0,1,2,764.78,8334.13,0.66
M0111803,N,59,1,53016.48,0,1,0,3616.89,50958.36,1.46
M0111804,N,75,2,8376.99,0,1,0,2942.71,5240.32,1.46
M0111805,N,45,4,18119.53,0,2,1,14240.11,14719.84,1.09
M0111806,N,65,2,13684.84,0,0,0,1932.11,9532.23,1.41
M0111807,N,25,0,8669.24,0,0,0,3213.99,10953.68,0.0
M0111808,N,71,2,11414.59,0,1,0,4848.08,4707.06,0.62
M0111809,N,46,1,15842.31,0,0,0,6571.1,17626.06,0.87
M0111810,N,68,2,26140.96,0,2,0,5309.31,18967.85,2.27
M0111811,N,23,1,4741.02,0,1,0,679.82,5152.97,0.0
M0111812,N,49,2,7661.7,0,0,0,563.51,7802.83,1.09
M0111813,Y,75,7,137051.75,3,4,3,64708.15,107165.05,2.52
M0111814,N,35,0,4865.71,1,0,0,2044.76,5112.07,0.0
M0111815,N,51,1,9201.26,0,1,0,2455.76,5909.5,0.0
M0111816,N,26,2,6006.29,1,1,1,1674.2,7324.88,3.08
M0111817,N,60,2,14573.08,0,1,0,2322.51,17290.45,0.15
M0111818,N,18,0,19884.42,0,1,1,3122.77,13761.68,1.06
M0111819,N,32,2,16744.27,0,1,0,9111.0,15557.44,3.26
M0111820,N,76,1,12803.8,0,2,2,2618.7,9110.09,1.51
M0111821,N,64,2,8884.32,1,1,2,1766.03,11702.63,0.42
M0111822,N,55,1,26225.89,1,0,1,10733.22,16241.11,2.0
M0111823,N,53,1,9694.02,0,0,0,4068.77,5067.1,0.26
M0111824,N,28,0,6988.28,0,0,1,2425.83,3987.81,0.97
M0111825,N,59,1,12581.77,0,0,0,7484.79,7424.25,1.05
M0111826,Y,74,4,291238.43,1,3,1,29532.58,334157.9,4.61
M0111827,N,73,0,7578.57,0,0,0,1910.14,6554.47,0.5
M0111828,N,68,2,34450.09,0,1,0,24908.3,16216.2,2.66
M0111829,N,29,1,14040.15,0,0,0,4543.3,9569.11,0.98
M0111830,N,40,1,6265.55,0,0,0,4474.34,3124.75,0.0
M0111831,N,58,1,15613.0,0,1,0,4858.83,11342.58,0.67
M0111832,N,76,1,4761.8,0,0,1,4057.99,3638.1,1.07
M0111833,N,42,0,7460.37,0,0,0,4373.37,5322.61,1.29
M0111834,N,56,2,7705.0,0,0,0,4148.5,7365.91,1.78
M0111835,N,22,0,5393.33,0,0,0,2030.72,4563.53,0.0
M0111836,N,26,0,12299.52,0,0,0,1116.23,16748.73,0.9
M0111837,N,77,0,8338.17,1,0,0,4760.35,7161.82,1.65
M0111838,N,19,0,6135.99,0,0,1,1370.97,4609.2,1.3
M0111839,N,57,0,2219.86,0,1,0,1521.82,1867.86,0.89
M0111840,N,77,1,12061.01,1,0,0,4873.79,8865.62,0.78
M0111841,N,33,3,28581.25,0,3,1,10184.52,24573.88,1.84
M0111842,N,72,2,7306.2,0,0,0,4957.64,7660.98,1.3
M0111843,N,76,3,18651.2,0,3,0,4909.56,19850.06,2.67
M0111844,N,67,1,6839.17,1,1,0,3077.89,2801.24,1.56
M0111845,N,34,1,18890.9,0,0,0,2484.91,16301.75,1.41
M0111846,N,67,0,9406.6,0,0,1,1167.59,14334.0,1.06
M0111847,N,65,2,5546.78,0,1,1,1609.25,6164.26,0.36
M0111848,N,37,0,6407.78,0,0,0,1368.38,8113.05,1.42
M0111849,N,46,1,14839.39,0,1,0,5078.63,11807.06,0.63
M0111850,N,32,1,7063.8,0,0,1,2607.18,4617.66,0.28
M0111851,N,38,0,7428.7,0,1,0,4548.32,5311.15,1.4
M0111852,N,56,1,11490.03,0,0,0,2499.63,7919.77,1.73
M0111853,N,42,0,10283.66,0,1,2,3280.39,6764.26,1.46
M0111854,N,57,0,18932.37,0,1,0,8222.96,15438.05,2.35
M0111855,N,54,2,11915.47,0,1,0,2575.05,11762.08,1.08
M0111856,N,58,0,12231.89,0,2,0,3899.48,6452.65,0.23
M0111857,N,37,1,3184.51,0,0,0,907.77,3467.91,1.25
M0111858,N,19,0,20085.75,0,1,0,1979.08,20934.95,1.52
M0111859,N,77,0,5905.96,0,0,0,1492.13,7411.84,0.84
M0111860,Y,43,7,155303.03,2,4,2,44025.74,173176.4,5.25
M0111861,N,71,1,27297.0,0,0,0,8642.2,14161.05,0.0
M0111862,N,39,2,10119.99,0,1,0,958.05,7780.22,1.85
M0111863,N,68,1,15375.23,0,0,1,21528.33,5697.31,0.0
M0111864,N,30,0,5888.06,0,0,0,1358.36,6796.63,0.54
M0111865,N,28,0,5062.9,0,0,0,4179.03,4323.77,0.0
M0111866,N,25,0,11600.2,0,0,0,1192.74,9065.77,0.84
M0111867,N,73,1,11405.38,1,1,0,2497.8,6579.11,1.53
M0111868,N,46,1,7162.38,0,0,1,1889.62,7718.76,0.69
M0111869,N,47,2,5594.58,1,0,0,5399.68,2829.64,0.9
M0111870,N,77,0,11257.6,0,1,0,3594.71,9895.64,1.86
M0111871,N,27,0,6013.0,0,1,1,1475.41,4008.89,1.04
M0111872,N,51,0,9065.05,0,0,0,4527.58,3386.26,0.0
M0111873,N,19,2,9064.69,1,0,1,2992.21,6768.32,1.51
M0111874,N,72,1,9021.81,0,0,0,7327.79,6219.57,1.63
M0111875,N,20,0,8400.87,0,0,0,7280.29,3980.91,1.39
M0111876,N,28,2,12819.21,1,2,0,2871.1,11290.01,1.66
M0111877,N,50,0,17089.6,0,0,0,14150.58,13336.53,0.58
M0111878,N,21,0,23449.99,0,1,0,10422.47,7986.57,2.69
M0111879,N,65,2,6958.59,0,3,0,5606.1,4611.73,0.7
M0111880,N,22,1,20261.35,0,0,0,612.84,18634.88,2.71
M0111881,N,27,0,8634.35,1,0,0,1447.2,7196.05,0.7
M0111882,N,69,0,8991.94,0,1,0,2129.39,6439.06,0.09
M0111883,N,58,0,13149.08,0,2,1,2317.92,13936.85,0.48
M0111884,N,79,2,9681.47,1,0,0,4913.32,6303.1,1.67
M0111885,N,47,1,6942.19,0,0,0,3436.24,5136.71,1.66
M0111886,N,73,0,11920.96,0,0,0,1073.42,9964.79,1.6
M0111887,N,33,1,3653.13,0,0,0,1215.89,2430.27,0.23
M0111888,N,35,2,14658.33,0,1,0,5587.22,9643.31,0.57
M0111889,N,59,1,2679.89,1,2,1,800.29,3600.1,2.5
M0111890,N,60,1,16084.89,1,0,0,1268.95,12136.97,2.11
M0111891,N,54,0,8385.05,0,0,0,2350.49,4481.36,1.2
M0111892,N,71,0,2563.27,0,1,1,1754.22,1427.02,0.19
M0111893,N,40,1,6091.22,0,0,0,4127.09,4590.53,1.92
M0111894,N,49,0,13074.38,0,0,0,2505.46,9839.04,0.35
M0111895,Y,78,6,240836.66,4,6,3,125556.35,121334.2,7.44
M0111896,N,38,2,25280.12,0,2,0,6398.91,18678.48,1.72
M0111897,N,62,0,7474.94,0,0,0,2487.02,4163.91,0.0
M0111898,N,44,2,14247.48,1,1,0,3189.4,12002.9,1.47
M0111899,N,27,1,19720.21,0,0,0,1673.12,14145.46,0.38
M0111900,N,68,2,4536.43,0,0,0,2155.45,2527.72,1.21
M0111901,N,26,2,20500.93,0,0,1,1843.25,18682.8,1.26
M0111902,Y,70,4,125824.1,3,8,5,77630.34,99920.32,5.08
M0111903,N,61,1,7353.16,0,1,0,4800.14,3899.1,0.0
M0111904,N,41,0,9075.1,0,1,0,1492.86,7266.58,0.48
M0111905,N,41,2,12674.6,0,1,0,2454.15,17843.61,2.35
M0111906,N,35,1,12411.34,0,1,0,7131.04,8706.0,0.62
M0111907,N,63,0,5054.78,0,0,0,1278.31,7476.79,0.48
M0111908,N,25,0,6124.2,0,0,1,1680.01,5096.3,0.0
M0111909,N,38,0,6991.71,0,0,0,2334.02,3398.3,1.61
M0111910,N,65,2,16049.22,0,1,1,3046.4,12229.0,0.0
M0111911,N,51,0,10027.58,0,0,0,1318.08,14865.94,0.65
M0111912,N,74,3,15217.5,0,0,0,3684.1,21296.68,1.61
M0111913,N,54,2,11817.64,1,0,0,3714.62,6856.06,1.61
M0111914,N,75,0,3859.57,1,2,0,1000.86,3621.56,1.51
M0111915,N,42,3,37657.32,0,0,0,16934.29,23201.67,0.0
M0111916,N,36,1,4355.07,0,1,1,3052.64,4415.54,0.0
M0111917,N,20,0,11751.51,0,0,0,4630.57,16181.4,2.27
M0111918,Y,49,4,359062.84,5,5,3,123554.88,178657.57,5.24
M0111919,N,49,0,4425.31,0,0,0,303.43,5332.91,0.0
M0111920,N,63,1,9597.63,0,0,0,1191.4,7841.49,0.0
M0111921,Y,74,4,215799.73,2,1,2,116611.45,88663.62,5.26
M0111922,N,21,0,6153.79,0,2,1,2019.14,3578.4,0.86
M0111923,N,33,3,19011.35,0,0,1,5197.24,10460.57,1.14
M0111924,N,22,1,15243.82,0,0,1,4872.49,12831.27,0.0
M0111925,N,73,0,11990.84,0,0,0,4840.48,13840.68,0.0
M0111926,N,48,2,22668.98,1,1,2,10539.49,7660.4,1.54
M0111927,N,76,1,6409.54,0,0,2,728.38,7562.46,0.0
M0111928,N,42,2,23586.81,0,2,0,5514.14,22727.86,1.9
M0111929,N,39,2,14654.58,0,0,0,4777.29,8868.41,2.01
M0111930,N,66,1,16125.9,0,1,0,4767.99,15058.23,1.48
M0111931,N,20,1,15781.68,0,0,0,11595.07,4032.01,0.87
M0111932,Y,80,4,440488.11,1,6,3,123808.9,274854.38,7.03
M0111933,N,79,2,14609.15,0,0,1,7885.66,7474.58,1.4
M0111934,N,71,0,7732.39,0,0,1,1386.7,6370.27,0.97
M0111935,N,72,1,13465.38,0,1,0,1536.24,12388.64,1.29
M0111936,N,71,0,16638.07,0,2,0,3198.85,19844.31,1.58
M0111937,N,49,3,8182.29,0,0,1,1118.0,5289.61,0.75
M0111938,N,60,2,5567.48,0,2,0,1699.27,3175.28,1.11
M0111939,N,80,2,38091.64,0,1,1,5568.8,25463.23,1.97
M0111940,N,58,3,15524.0,0,0,0,4398.65,17135.43,0.0
M0111941,N,59,2,13013.65,0,0,0,663.21,15089.25,0.16
M0111942,N,79,0,16209.22,0,0,0,3848.8,9482.38,1.1
M0111943,N,20,1,6910.9,0,0,0,4193.6,6350.35,1.62
M0111944,N,50,2,7992.78,0,0,1,7601.69,2822.85,1.12
M0111945,N,68,0,5485.33,0,0,0,2512.23,6015.99,0.56
M0111946,N,65,2,5992.55,0,0,0,1775.45,8325.12,1.39
M0111947,N,51,0,4412.68,0,0,0,788.89,3794.97,0.0
M0111948,N,49,1,16092.51,0,2,0,16947.57,9054.68,0.72
M0111949,N,60,1,8542.29,0,0,0,1856.47,8065.65,0.05
M0111950,N,61,1,8497.33,0,0,1,5729.16,4020.94,0.84
M0111951,N,21,2,5377.45,0,1,0,1718.57,6047.64,0.08
M0111952,N,25,0,12982.92,1,0,0,4917.03,11593.77,0.83
M0111953,N,23,0,12720.94,0,0,1,2571.47,14979.34,2.63
M0111954,N,77,0,9566.57,0,1,0,3776.75,5034.14,1.89
M0111955,N,77,2,13434.77,0,2,1,13632.92,7266.74,1.29
M0111956,N,38,2,15425.59,0,0,0,2503.73,10619.16,1.82
M0111957,N,40,1,26386.58,1,0,0,5136.84,16511.7,2.33
M0111958,Y,37,7,203867.17,5,1,3,79717.06,122340.67,6.02
M0111959,N,47,1,3910.28,0,0,0,3149.07,1877.48,1.5
M0111960,N,23,2,8104.64,0,0,1,1204.19,5754.42,0.38
M0111961,N,25,1,21183.51,0,0,0,5169.47,22173.58,1.07
M0111962,N,70,1,19364.74,0,0,0,1513.26,15527.08,0.72
M0111963,Y,57,3,271360.71,1,3,4,129589.13,228281.21,3.59
M0111964,N,21,0,28751.0,0,1,0,6594.14,25009.0,0.52
M0111965,N,62,1,5475.67,2,0,0,1625.15,4287.8,0.37
M0111966,N,72,0,5444.21,0,2,0,574.84,7614.77,0.8
M0111967,N,41,1,7660.72,0,0,0,2235.09,5059.94,1.4
M0111968,N,57,2,12250.75,0,0,0,2514.66,7876.26,1.13
M0111969,N,63,0,6571.75,1,3,0,3042.99,7200.94,1.26
M0111970,N,72,1,5717.2,0,0,0,1000.68,3577.86,0.0
M0111971,N,43,0,7619.21,0,0,0,1585.74,4906.6,1.06
M0111972,N,65,1,6793.25,0,0,0,1639.44,4666.59,1.32
M0111973,N,32,1,4350.1,0,0,0,1304.01,2851.55,0.73
M0111974,N,25,1,23857.36,2,2,1,11919.6,16709.52,2.24
M0111975,N,24,1,11670.98,0,0,0,2970.81,13500.98,1.22
M0111976,N,56,1,5093.46,1,0,0,3977.79,4517.11,0.58
M0111977,N,42,0,9044.85,0,0,0,2886.4,8439.09,1.98
M0111978,N,69,2,30983.93,1,1,1,6053.38,19606.97,0.0
M0111979,N,59,2,11481.61,1,0,0,8890.7,4992.35,0.35
M0111980,N,73,2,28814.46,0,0,0,6416.71,27736.91,2.23
M0111981,N,60,0,6951.2,0,0,0,2125.54,5062.56,0.55
M0111982,N,63,0,19030.35,0,2,2,8036.07,7172.13,2.15
M0111983,N,61,1,9708.05,0,0,0,1773.17,12692.67,0.0
M0111984,N,62,0,10725.99,0,0,0,3224.69,6272.11,1.83
M0111985,N,38,0,7410.44,1,0,1,1232.27,6512.71,1.42
M0111986,Y,41,4,658894.55,4,5,6,157291.44,445520.51,6.54
M0111987,N,55,1,9023.0,0,0,0,7287.56,2362.44,0.13
M0111988,N,53,2,29490.47,0,0,0,8729.5,15882.2,2.25
M0111989,N,47,2,7735.22,0,1,0,3089.94,4422.7,0.91
M0111990,N,34,2,4528.18,0,0,0,1398.05,3349.98,0.0
M0111991,N,47,1,9765.95,0,0,0,1547.78,6466.06,0.71
M0111992,N,26,1,14685.32,0,0,0,5714.65,6836.43,1.26
M0111993,N,75,1,16052.18,0,0,1,2400.2,11028.44,1.39
M0111994,N,72,1,2308.08,0,0,0,1337.42,1865.73,1.69
M0111995,N,61,3,7049.39,0,2,0,2077.21,10582.78,1.21
M0111996,N,41,1,7125.81,0,0,1,4767.82,2872.2,0.99
M0111997,N,45,0,8637.43,0,0,0,3333.45,7764.82,1.48
M0111998,N,35,1,11175.2,1,0,1,13783.77,3854.21,0.18
M0111999,N,51,2,43707.01,0,3,1,18708.89,16169.23,3.01
M0112000,N,30,0,9204.1,0,1,0,5019.2,10708.76,2.37
M0112001,N,32,0,5309.7,0,1,0,394.83,4231.71,1.05
M0112002,N,23,1,3666.83,2,0,0,1080.81,2562.64,0.63
M0112003,N,53,0,6238.35,0,1,0,4106.16,2875.77,1.31
M0112004,N,63,1,4831.79,1,0,0,1234.91,5709.56,1.98
M0112005,N,28,2,6198.13,0,0,1,2745.57,4349.68,1.09
M0112006,N,37,0,3823.11,0,0,0,568.09,3571.42,0.97
M0112007,N,40,0,4472.92,0,1,0,1099.4,4258.73,0.0
M0112008,N,59,0,5919.22,0,0,0,2852.61,1957.75,1.72
M0112009,N,54,1,18919.24,0,1,0,6408.95,10519.05,1.72
M0112010,N,71,0,12649.33,0,0,1,2184.54,9966.35,2.1
M0112011,N,45,0,21231.62,1,0,1,3490.07,26365.21,1.57
M0112012,N,37,2,13947.88,1,1,1,1228.06,12119.65,0.64
M0112013,N,42,1,39201.38,0,1,1,3939.89,36119.09,2.89
M0112014,N,44,2,7237.62,0,0,0,994.88,5683.03,0.0
M0112015,N,38,3,12082.96,0,1,0,1824.82,12803.01,1.01
M0112016,N,44,0,8373.27,0,1,0,8875.44,4935.16,1.5
M0112017,N,25,1,7266.6,0,2,0,1242.43,4746.02,1.59
M0112018,N,38,2,12713.74,0,0,0,2629.42,8535.35,1.62
M0112019,N,57,2,20126.11,0,0,0,10982.26,7977.99,1.18
M0112020,Y,46,7,420712.32,4,4,5,105563.78,266739.08,5.7
M0112021,N,58,0,5771.93,0,0,0,1470.29,3688.36,0.56
M0112022,N,21,2,14411.79,0,0,0,4004.48,17144.5,0.6
M0112023,N,33,1,12070.75,0,1,0,2286.87,10376.71,1.02
M0112024,N,27,1,24767.62,0,2,0,15376.04,19197.02,0.59
M0112025,N,28,2,27375.79,0,1,0,8307.51,14590.82,1.37
M0112026,N,40,2,7823.34,1,0,0,3211.17,4764.59,0.71
M0112027,N,37,1,29318.25,0,0,0,2187.75,22059.43,3.31
M0112028,N,18,2,7941.14,0,3,0,3243.0,9651.47,0.5
M0112029,N,78,0,4240.99,0,0,0,450.14,2961.09,0.73
M0112030,N,78,1,11510.99,0,0,1,2930.98,10429.36,2.08
M0112031,N,23,2,30462.2,1,1,2,1967.34,22532.7,1.71
M0112032,N,20,2,32101.56,0,2,0,8519.72,22587.38,1.29
M0112033,N,39,0,7823.92,0,0,0,1915.41,7332.86,0.92
M0112034,N,57,1,8255.96,0,0,0,4316.58,2697.14,0.0
M0112035,N,69,0,6129.37,0,2,0,1491.14,8026.67,0.85
M0112036,N,19,0,7748.68,0,2,0,2796.92,7373.45,0.0
M0112037,Y,45,3,183605.11,3,3,2,69225.59,122232.3,4.07
M0112038,N,67,1,6308.13,1,0,0,1994.16,5230.99,1.56
M0112039,N,69,1,6306.15,0,2,1,994.51,7604.12,0.69
M0112040,N,79,0,31650.97,0,0,0,3100.74,25441.26,1.12
M0112041,N,18,3,44575.16,0,2,0,3959.91,30967.54,3.1
M0112042,N,79,2,23548.39,0,0,0,8832.0,14264.19,0.02
M0112043,N,20,1,7245.86,0,0,0,1824.87,4017.35,0.68
M0112044,N,56,0,9936.29,0,2,0,2892.59,7763.03,1.39
M0112045,N,71,2,17064.73,0,0,0,1586.42,12018.43,2.06
M0112046,N,24,1,8613.44,1,0,1,6187.86,2578.39,0.0
M0112047,N,61,1,7320.1,0,0,0,2684.51,6253.07,1.54
M0112048,N,70,2,20513.57,0,1,0,3824.1,17904.29,1.24
M0112049,N,56,2,12986.06,0,1,0,1565.01,9172.43,0.0
M0112050,N,80,2,13629.73,2,1,0,8339.26,6605.78,2.11
M0112051,N,63,4,9061.69,0,0,0,3966.22,3185.43,0.7
M0112052,N,39,0,8715.91,0,0,0,3207.24,8637.38,2.31
M0112053,N,32,0,4388.47,0,0,0,567.72,4857.91,0.29
M0112054,N,55,0,9614.08,0,0,2,1172.86,7791.77,1.37
M0112055,N,27,2,22352.62,2,2,0,3462.02,28974.02,1.28
M0112056,N,62,1,4363.18,0,0,0,2378.26,1891.88,0.0
M0112057,N,37,2,7625.89,0,0,0,1260.52,8378.09,0.16
M0112058,Y,83,6,370603.11,4,3,4,163039.7,188900.95,5.6
M0112059,N,63,1,2893.88,0,1,0,1210.03,3246.64,0.0
M0112060,N,74,1,7140.19,0,0,0,427.9,6754.41,0.0
M0112061,N,22,1,25121.18,0,1,0,3933.91,18334.25,0.11
M0112062,N,78,1,3111.9,0,0,0,411.23,4468.74,0.0
M0112063,N,59,0,22180.59,0,2,0,5093.21,12743.61,0.0
M0112064,N,30,1,13893.03,0,2,0,5736.3,9498.15,1.48
M0112065,N,23,1,13892.79,0,2,1,1784.89,11906.1,1.36
M0112066,N,26,0,3922.32,0,0,0,807.49,2967.71,0.0
M0112067,N,55,0,3854.14,0,0,1,3165.13,3630.04,0.16
M0112068,N,37,0,18012.09,0,1,1,4791.5,10359.06,1.53
M0112069,N,26,0,28499.08,1,2,1,3190.24,41240.93,1.32
M0112070,N,35,1,4867.81,0,0,0,1494.92,2736.54,0.95
M0112071,N,35,1,9068.42,0,0,0,4056.33,5258.54,0.0
M0112072,N,25,0,10243.05,0,0,0,540.15,9416.26,0.87
M0112073,N,65,2,13095.89,0,0,0,1252.19,16170.31,1.12
M0112074,N,78,0,8586.9,0,0,0,3235.41,3492.87,2.12
M0112075,N,71,2,2939.99,0,0,0,664.98,4608.37,0.04
M0112076,N,59,0,6485.55,0,1,0,6206.07,3796.65,0.46
M0112077,N,76,0,4332.34,0,1,0,931.34,4444.12,1.04
M0112078,N,51,0,32333.29,1,0,1,10894.03,25705.23,2.15
M0112079,N,41,0,6482.01,1,0,1,4108.47,6384.46,1.69
M0112080,N,58,3,15181.97,0,1,0,2954.61,10024.79,1.66
M0112081,N,29,2,18602.51,0,2,0,4830.53,9828.41,2.79
M0112082,N,80,1,14174.7,0,0,0,5367.29,14700.07,1.5
M0112083,N,54,2,20153.94,0,2,0,7148.72,27700.04,0.57
M0112084,N,68,0,16181.84,0,1,0,7188.77,13304.17,1.88
M0112085,N,39,0,25215.8,0,0,1,2463.59,17657.38,1.2
M0112086,N,34,0,2362.93,0,0,0,769.7,3016.01,0.69
M0112087,N,64,2,15861.35,0,2,1,2890.81,10816.88,1.55
M0112088,N,28,2,13016.89,1,0,0,4156.63,10421.2,0.57
M0112089,N,31,2,25028.96,0,2,0,14260.3,26216.93,2.57
M0112090,N,77,1,18169.46,0,0,0,6822.04,11635.51,1.23
M0112091,N,65,0,10326.53,0,0,0,2150.95,8900.34,1.08
M0112092,N,63,0,10682.62,0,3,0,7494.83,5468.08,0.81
M0112093,N,70,0,27877.03,1,2,2,6476.53,21719.09,0.42
M0112094,Y,42,3,335033.74,3,3,2,51763.14,251837.1,5.61
M0112095,N,40,1,4902.95,0,0,1,1165.93,3048.2,1.41
M0112096,N,32,0,5773.69,1,1,0,769.5,5287.21,1.22
M0112097,N,77,1,11151.55,0,2,0,246.92,9324.87,1.16
M0112098,N,78,1,36829.62,0,0,0,13837.39,15128.92,2.02
M0112099,N,68,0,17981.64,0,2,0,5341.01,14826.46,1.3
M0112100,N,63,1,2805.84,0,0,0,922.32,2904.32,0.0
M0112101,N,59,2,18849.6,0,1,0,10594.29,12606.88,1.07
M0112102,N,73,1,3201.54,0,0,1,733.02,2019.24,0.0
M0112103,N,58,0,23245.18,0,1,0,9590.67,10484.61,1.06
M0112104,N,25,0,7116.01,0,1,0,5517.21,5835.42,1.08
M0112105,N,61,0,11980.05,0,0,0,1108.46,10765.12,0.59
M0112106,N,18,2,34927.15,0,0,1,5211.21,33530.53,1.72
M0112107,N,41,1,11404.73,0,0,1,6874.29,5549.6,1.33
M0112108,N,57,1,2807.4,0,2,0,648.1,3134.88,2.27
M0112109,N,39,1,15991.54,1,1,1,1009.63,15541.24,0.85
M0112110,N,18,1,18893.27,0,0,0,3587.36,14536.46,0.97
M0112111,N,67,0,5469.52,0,0,0,1231.19,7318.45,1.92
M0112112,N,55,1,2796.12,0,0,1,473.96,2172.96,1.33
M0112113,N,55,1,3891.04,0,2,0,2272.89,3259.26,1.64
M0112114,N,24,0,6792.56,0,1,0,1683.61,4755.66,1.31
M0112115,N,51,0,17646.48,0,0,0,3151.48,11415.54,0.37
M0112116,N,60,2,13016.57,0,2,1,2535.43,13175.02,1.93
M0112117,N,76,1,20589.41,0,0,1,26471.56,4067.93,0.34
M0112118,N,22,1,23506.87,0,0,0,7689.72,10688.86,1.7
M0112119,N,45,1,12049.83,0,1,1,4862.31,9516.08,0.61
M0112120,N,18,1,14124.38,0,0,1,3841.82,8443.04,2.4
M0112121,N,80,0,11657.29,0,1,0,861.44,8475.04,0.0
M0112122,N,38,0,10528.22,0,2,0,1139.84,11654.48,1.28
M0112123,N,45,0,6793.87,0,0,0,1228.63,6822.58,1.45
M0112124,N,48,3,12620.89,1,2,1,7942.92,7481.71,2.45
M0112125,N,42,0,4249.73,0,2,0,1435.32,5756.69,1.12
M0112126,N,60,3,24288.94,0,0,0,4472.99,18291.53,2.67
M0112127,N,34,1,9261.53,2,1,0,1067.47,8109.47,0.88
M0112128,N,45,1,12438.88,0,0,0,3982.45,6509.58,2.69
M0112129,N,69,2,22349.07,0,2,1,15318.6,7928.93,2.34
M0112130,N,33,1,18753.76,0,1,0,5070.23,11297.11,0.0
M0112131,N,30,1,22197.8,0,0,0,5172.12,13451.51,0.06
M0112132,N,53,2,9921.55,1,2,0,2459.62,10884.32,1.7
M0112133,N,67,0,30426.7,1,3,1,6619.44,24365.86,2.63
M0112134,N,63,2,9889.99,0,1,1,3358.16,13438.46,1.76
M0112135,N,51,1,11395.55,0,0,0,2912.81,6176.08,1.45
M0112136,N,22,1,5166.28,0,0,0,1403.03,4114.77,1.08
M0112137,N,31,1,5622.6,0,0,0,2164.92,4353.1,0.17
M0112138,N,23,0,8662.77,0,0,0,1091.35,7148.04,1.09
M0112139,N,48,0,10789.24,0,0,1,6489.49,5240.34,2.04
M0112140,N,48,2,4331.13,0,0,0,735.11,7008.27,1.45
M0112141,N,35,0,5518.14,0,2,0,1620.04,3562.45,0.92
M0112142,Y,46,5,520956.39,9,4,5,179156.54,306874.87,5.97
M0112143,N,54,1,9934.76,0,3,1,6105.6,8643.72,2.08
M0112144,N,64,2,11031.87,0,0,0,7106.92,9097.99,1.71
M0112145,N,48,1,9266.13,0,0,0,598.03,6803.78,1.07
M0112146,Y,53,4,275224.11,5,3,5,201440.01,149119.61,6.19
M0112147,N,62,2,10610.94,0,1,1,3689.29,8540.21,2.49
M0112148,N,52,0,24605.87,0,1,1,5736.07,17904.93,0.54
M0112149,N,61,1,3449.11,0,0,1,927.63,4015.44,0.91
M0112150,N,18,0,11497.37,0,2,0,7988.93,11269.07,1.28
M0112151,N,29,0,21258.87,0,0,0,4316.06,17588.32,1.8
M0112152,N,44,2,11882.8,0,1,0,1516.81,14677.33,0.57
M0112153,N,42,2,3032.3,2,1,0,835.44,3778.62,2.12
M0112154,N,27,1,16918.57,0,0,0,2072.51,15039.81,0.86
M0112155,N,68,0,20576.16,1,1,0,559.93,18532.74,0.84
M0112156,N,19,0,2749.75,0,1,0,478.71,3499.76,0.79
M0112157,N,32,0,17882.63,0,0,0,5373.66,10778.3,1.17
M0112158,N,79,2,2990.04,0,0,0,1158.9,1800.45,0.68
M0112159,N,58,0,4954.7,0,0,0,1076.65,6227.52,1.55
M0112160,N,35,1,12106.45,0,1,2,3189.29,10115.51,2.27
M0112161,N,75,2,14475.11,1,2,0,6087.9,13285.94,1.8
M0112162,N,38,0,2938.85,0,1,0,901.26,1612.44,1.01
M0112163,N,62,0,16949.47,0,2,1,8435.26,6986.22,0.57
M0112164,N,55,1,48150.9,0,0,0,23133.99,24021.95,1.36
M0112165,N,68,0,3238.06,0,0,1,3241.8,2476.26,1.22
M0112166,N,32,0,3500.19,0,0,1,733.14,2861.7,1.28
M0112167,Y,39,2,141799.3,2,4,1,81053.51,88532.66,3.91
M0112168,N,21,2,8480.94,0,1,0,5785.24,6659.62,1.36
M0112169,N,53,1,3831.5,0,0,0,2807.48,3925.51,0.62
M0112170,N,24,2,17797.58,0,0,0,2825.26,16329.36,0.97
M0112171,N,58,1,8878.44,0,0,1,1729.78,7720.77,0.0
M0112172,N,78,2,8326.58,0,2,0,2590.09,5735.72,2.53
M0112173,N,66,0,4329.46,1,0,0,715.44,3207.12,1.74
M0112174,N,46,2,5370.11,0,1,1,2458.44,3395.18,1.26
M0112175,N,69,0,10308.23,0,1,1,4133.96,10159.55,1.9
M0112176,N,70,2,16167.52,0,0,0,5927.72,14514.14,0.97
M0112177,N,34,0,30700.26,0,2,0,1313.57,27764.56,2.43
M0112178,N,75,2,7141.24,0,0,0,1989.51,4589.12,0.0
M0112179,N,73,0,11407.22,1,2,2,7450.59,10894.94,2.43
M0112180,N,38,3,9068.94,0,0,0,1073.2,11659.49,1.15
M0112181,N,65,2,4607.92,0,0,0,543.43,3873.36,0.95
M0112182,N,39,2,20969.78,0,1,1,20615.49,5995.68,0.94
M0112183,Y,46,7,204946.75,4,1,1,97454.6,166876.32,4.67
M0112184,N,53,2,59471.5,0,1,1,25483.54,41794.19,2.91
M0112185,N,43,0,22452.89,0,1,0,8713.98,10451.55,2.3
M0112186,N,73,1,4213.02,0,0,0,2813.64,1852.7,0.0
M0112187,N,49,1,17079.09,1,0,0,6416.44,10259.58,0.16
M0112188,N,20,0,25667.22,0,1,0,3729.57,24600.02,1.33
M0112189,N,73,2,31693.84,1,1,1,3799.24,36293.99,1.5
M0112190,N,68,0,20692.24,0,0,0,960.92,24929.45,0.82
M0112191,N,54,1,6788.3,0,2,2,2360.46,7517.96,1.19
M0112192,N,18,1,19802.23,1,1,1,2320.5,17410.94,0.43
M0112193,N,55,1,4293.46,1,0,0,2841.9,4708.64,0.58
M0112194,N,59,2,10720.39,0,1,0,2202.65,9199.71,0.62
M0112195,N,62,2,19580.12,0,1,0,5592.32,15779.24,1.48
M0112196,N,64,1,25767.58,0,0,1,10482.17,26475.81,2.2
M0112197,N,75,1,2518.09,0,0,0,1317.98,2766.63,0.0
M0112198,N,33,1,3466.48,0,1,0,1169.5,5105.1,0.32
M0112199,N,63,1,27390.33,0,1,0,4091.22,38761.58,1.04
M0112200,N,28,1,13177.91,0,1,0,11664.88,6508.22,1.7
M0112201,N,29,0,6674.55,0,0,2,800.9,4782.88,0.57
M0112202,N,55,0,10014.04,0,1,0,6171.81,8538.19,1.72
M0112203,N,20,1,7110.05,0,0,1,1367.93,4664.0,0.0
M0112204,N,47,0,21811.8,0,0,0,8696.24,9510.62,2.27
M0112205,N,65,2,5317.68,1,0,0,1621.66,2762.28,0.84
M0112206,N,57,2,16721.47,0,2,0,3855.25,9213.84,0.0
M0112207,N,79,1,10410.49,0,1,0,1418.82,9518.77,0.47
M0112208,N,22,2,2258.13,1,1,0,2023.71,1199.12,1.13
M0112209,N,67,1,31783.76,2,1,1,19707.54,13626.06,0.48
M0112210,N,35,0,7128.06,0,0,1,3564.48,2874.38,1.15
M0112211,N,71,3,5456.99,0,0,0,2713.74,3790.81,1.16
M0112212,N,25,3,4194.95,0,0,0,947.75,2465.59,1.45
M0112213,N,69,1,10944.56,0,2,1,2312.98,6871.46,1.33
M0112214,N,66,3,11619.8,0,3,0,4317.37,6757.99,2.22
M0112215,N,36,3,35774.72,0,0,2,5915.9,32170.42,1.32
M0112216,N,27,1,4515.72,0,1,0,2593.26,2910.62,0.0
M0112217,N,79,0,5422.21,0,0,0,1019.96,4937.36,0.32
M0112218,N,26,1,13966.43,1,0,1,7446.62,14825.17,1.54
M0112219,N,33,1,11946.67,0,0,0,1448.84,8406.9,0.75
M0112220,N,72,0,4120.05,0,1,0,1837.81,5208.65,0.26
M0112221,N,42,1,10926.88,0,0,0,1923.39,8445.98,1.72
M0112222,Y,51,2,409147.64,2,1,1,169747.53,186190.61,5.2
M0112223,N,21,0,5994.08,0,1,0,1422.24,7340.58,0.4
M0112224,N,53,0,11620.98,0,0,0,2946.98,10079.8,1.76
M0112225,Y,57,7,457754.3,3,5,7,263874.18,150680.02,6.36
M0112226,N,77,1,8192.53,0,0,0,1226.7,11031.43,0.36
M0112227,Y,48,5,115357.0,3,8,3,68973.88,66976.83,3.02
M0112228,N,80,1,18703.38,0,3,0,1979.31,14155.29,1.58
M0112229,Y,76,4,169210.05,3,2,2,87684.25,62199.66,4.1
M0112230,N,75,0,3600.12,0,0,0,2544.39,1538.81,2.11
M0112231,N,31,1,8310.82,0,1,0,2319.71,7993.19,1.62
M0112232,N,47,1,11004.71,0,1,0,1962.26,10323.21,0.76
M0112233,N,42,0,4813.96,1,0,1,1844.18,4404.59,1.17
M0112234,N,64,2,22265.43,0,1,0,3869.51,21571.39,0.32
M0112235,N,65,0,5778.61,0,0,1,1554.22,3258.86,0.46
M0112236,N,75,0,7521.7,0,1,0,4951.72,7307.52,0.0
M0112237,N,71,0,10384.66,0,2,0,1689.18,11788.88,1.47
M0112238,N,42,3,6150.65,0,2,0,2147.08,5638.33,1.02
M0112239,N,80,2,4630.61,0,0,2,3101.65,4322.22,0.7
M0112240,N,80,2,14644.96,1,1,0,4247.61,10605.39,2.47
M0112241,N,51,1,13915.33,1,1,1,13751.19,9972.73,2.01
M0112242,N,23,0,5350.99,0,0,0,2555.97,6253.54,0.16
M0112243,N,79,2,10013.77,0,0,0,4473.75,6873.3,1.78
M0112244,N,47,5,18619.07,0,0,1,5595.73,15359.95,0.97
M0112245,N,51,0,18467.46,2,2,0,5460.16,19006.71,1.13
M0112246,Y,58,2,121791.42,3,1,2,39882.45,102689.06,5.88
M0112247,N,74,2,10896.3,0,0,0,2681.87,10436.63,0.4
M0112248,N,34,2,4890.65,0,0,0,652.47,7078.7,0.0
M0112249,N,56,1,4652.17,0,0,0,1682.52,3162.04,1.26
M0112250,N,62,0,8105.78,0,0,0,3993.35,2803.72,0.45
M0112251,Y,52,7,205940.74,4,4,4,69047.22,112115.98,3.47
M0112252,N,50,3,9937.71,0,0,0,3902.27,7872.73,1.71
M0112253,N,68,1,16485.35,0,0,0,5771.2,15989.67,1.63
M0112254,N,36,0,13338.73,0,0,0,2607.51,13487.84,1.09
M0112255,N,23,2,2824.94,0,0,0,401.09,4328.15,1.33
M0112256,N,79,1,7206.19,0,0,0,3739.59,6741.36,1.03
M0112257,N,36,1,30436.15,0,1,0,5161.39,25260.74,1.94
M0112258,N,67,1,22538.72,0,0,0,6522.49,11715.71,0.7
M0112259,N,29,0,23184.16,1,2,0,2025.99,19037.71,0.95
M0112260,N,77,1,7814.8,0,0,0,8165.33,2802.7,2.49
M0112261,N,61,0,13509.74,1,1,0,1083.12,14466.17,0.97
M0112262,N,26,2,6687.11,1,2,0,2158.0,7229.45,1.8
M0112263,Y,81,5,352473.46,3,5,4,180878.54,151735.44,4.13
M0112264,N,48,0,22719.85,0,0,1,17089.18,7472.73,0.86
M0112265,N,20,0,4490.48,0,0,0,763.77,3101.36,1.4
M0112266,N,55,1,7629.9,1,3,0,843.74,6627.09,0.65
M0112267,N,31,2,13108.82,0,2,1,4164.28,7962.15,1.3
M0112268,N,23,1,29801.18,0,0,1,6635.11,20403.97,1.52
M0112269,N,59,0,5588.22,0,0,0,2390.67,2098.07,0.0
M0112270,N,65,2,29085.9,0,0,0,3437.13,20009.57,1.55
M0112271,N,24,1,4527.99,0,1,1,2565.73,3832.31,1.03
M0112272,N,31,2,7688.33,0,0,0,1894.57,4992.27,0.14
M0112273,N,54,2,10999.21,0,0,0,1691.19,7266.18,0.52
M0112274,N,58,2,15876.25,0,1,0,2977.86,15298.91,0.91
M0112275,N,68,1,15564.91,1,0,0,1737.84,12472.26,1.69
M0112276,N,69,2,4632.57,0,0,0,4128.46,2491.14,1.45
M0112277,N,67,1,5333.32,0,0,0,1581.47,3312.36,0.0
M0112278,N,35,1,4272.13,0,2,0,489.71,3027.67,0.0
M0112279,N,61,0,10142.66,1,0,0,4107.95,8203.59,1.19
M0112280,N,79,0,8651.49,0,0,0,922.07,8738.65,2.05
M0112281,N,78,2,38956.02,0,1,1,9489.78,26329.89,0.91
M0112282,N,76,2,27064.31,0,2,0,9349.41,25600.87,1.16
M0112283,N,54,0,36334.73,0,1,0,5058.06,38571.13,1.17
M0112284,N,40,3,50358.23,1,0,1,4020.87,43595.37,3.13
M0112285,N,61,1,7690.41,0,1,0,2222.08,4622.08,0.0
M0112286,N,68,0,6365.66,0,1,0,2807.66,5955.22,2.21
M0112287,N,41,1,9306.03,1,0,0,1201.52,15168.77,0.96
M0112288,N,34,1,9404.95,0,1,0,4000.69,7150.15,0.0
M0112289,N,21,1,19200.1,0,0,0,3210.07,15362.91,1.78
M0112290,N,18,1,34777.01,0,3,2,9792.36,22082.32,3.01
M0112291,Y,69,5,240689.79,3,7,5,179807.11,153631.15,6.88
M0112292,N,61,1,18733.86,1,1,0,2733.9,13665.89,3.21
M0112293,N,44,0,10072.65,0,0,1,5456.96,7635.09,0.88
M0112294,N,64,2,26759.13,0,0,0,10827.8,11396.31,2.26
M0112295,N,18,0,6750.16,0,0,0,1793.25,9230.84,1.76
M0112296,N,56,0,2353.85,1,0,1,1393.46,2104.34,1.49
M0112297,N,41,1,7016.27,0,0,0,2711.31,5625.6,0.7
M0112298,N,66,1,9390.6,0,3,0,5677.42,3304.45,0.89
M0112299,N,31,2,5326.55,0,0,0,2277.83,4314.02,0.62
M0112300,N,35,1,10335.1,0,0,1,2739.51,8467.73,0.56
M0112301,N,61,1,7287.81,1,0,0,6079.52,4759.84,1.41
M0112302,N,50,2,9919.43,0,0,0,1186.29,11061.55,1.58
M0112303,N,46,1,19446.58,0,0,1,2521.15,28201.06,2.15
M0112304,Y,44,4,237503.51,3,2,5,86457.01,241956.76,4.52
M0112305,N,75,1,11159.54,0,1,1,2127.26,8009.4,1.15
M0112306,N,44,1,13457.97,0,0,0,3563.89,7450.3,0.27
M0112307,N,24,0,25977.28,0,0,2,8393.38,34360.37,2.03
M0112308,N,58,0,8931.0,0,1,1,754.96,6566.18,0.99
M0112309,N,68,1,7758.34,0,2,1,3559.3,9631.94,1.07
M0112310,Y,76,5,312187.5,2,2,6,132852.27,218218.24,3.46
M0112311,N,25,1,13490.09,1,1,1,3390.13,7154.8,1.78
M0112312,Y,45,3,144044.68,5,5,1,41922.55,122971.57,5.89
M0112313,N,43,1,50626.01,0,0,0,1923.63,45680.97,2.93
M0112314,N,70,1,10342.52,0,1,0,1846.61,6744.47,1.6
M0112315,N,66,1,16216.84,1,0,1,4523.36,10116.78,1.11
M0112316,N,67,1,11333.7,0,0,0,5156.25,13970.22,0.58
M0112317,N,37,0,4379.95,0,2,0,857.15,3258.19,0.32
M0112318,N,57,0,3363.17,0,0,0,1353.76,3985.15,0.24
M0112319,N,37,0,12034.01,0,0,0,2771.99,9643.41,0.06
M0112320,N,23,1,4201.38,0,1,0,763.2,6368.86,0.87
M0112321,N,42,0,24650.77,0,1,0,10042.13,17513.84,0.55
M0112322,N,62,1,14062.12,1,1,0,2357.61,10228.63,1.59
M0112323,N,46,0,5315.93,2,0,1,454.53,3804.67,0.19
M0112324,N,39,3,5867.89,1,0,1,1748.88,4186.44,1.51
M0112325,N,57,0,5269.63,1,0,1,1627.53,3717.39,1.86
M0112326,N,67,0,8656.02,0,2,0,1171.97,8533.36,1.43
M0112327,N,78,2,12633.13,0,3,0,1416.44,11148.38,1.91
M0112328,N,80,2,5755.03,0,0,0,1927.93,3540.74,0.0
M0112329,Y,75,4,149477.86,2,2,3,46315.84,96557.94,5.48
M0112330,N,24,1,13992.49,0,1,1,7694.69,17547.25,1.62
M0112331,N,79,0,8216.35,0,0,0,2026.19,7828.56,1.12
M0112332,N,20,1,19483.28,1,1,1,8343.4,17460.79,0.64
M0112333,N,80,1,7753.12,1,1,0,1141.87,5558.03,0.0
M0112334,N,73,0,4774.75,0,0,0,2420.22,2864.01,1.34
M0112335,N,31,0,2266.18,0,0,0,491.13,2457.68,0.65
M0112336,N,63,0,10441.48,1,1,0,2729.18,11376.09,1.3
M0112337,N,70,1,13190.69,0,2,0,3372.11,14436.33,2.29
M0112338,N,76,2,13705.41,0,0,1,8679.62,3878.2,1.99
M0112339,N,39,1,7337.85,1,0,0,2755.61,5223.96,0.67
M0112340,N,30,1,5788.41,0,0,0,1842.64,7709.52,1.34
M0112341,N,61,1,8301.43,0,2,0,1385.43,8102.67,0.0
M0112342,N,68,0,8916.85,0,1,1,2698.03,6157.12,1.4
M0112343,N,74,1,4705.02,0,1,0,3864.96,3414.69,2.29
M0112344,N,69,1,11858.65,0,0,0,7297.2,10407.09,1.9
M0112345,N,63,1,13170.64,0,0,0,2105.27,13758.51,0.1
M0112346,N,60,0,9905.55,0,0,0,613.31,14578.27,0.53
M0112347,N,30,1,9850.25,0,1,0,4503.17,7398.8,1.54
M0112348,N,75,3,10275.87,0,0,0,4753.04,13191.89,2.59
M0112349,N,31,1,4266.25,0,1,0,657.24,5570.84,1.23
M0112350,N,27,1,3460.12,0,1,0,1532.14,4520.49,1.13
M0112351,N,29,0,13741.27,2,0,0,1205.29,11762.29,0.0
M0112352,N,19,3,8831.35,0,2,0,2078.94,13024.12,2.03
M0112353,N,43,0,5451.06,0,2,0,751.74,5760.73,1.84
M0112354,N,34,1,36949.75,0,1,0,9727.21,33617.29,0.38
M0112355,N,21,0,4285.9,1,0,1,919.13,3250.53,0.0
M0112356,N,68,0,2859.68,0,1,0,661.13,1787.48,0.0
M0112357,N,59,1,8524.53,1,0,1,1424.04,6260.04,2.44
M0112358,N,66,1,12674.56,0,0,2,655.45,18087.25,1.81
M0112359,N,67,1,17486.06,1,2,0,3306.63,11712.17,3.11
M0112360,N,72,1,8494.32,1,0,0,3944.03,5282.62,0.82
M0112361,N,41,3,26585.19,0,2,1,2814.59,18614.24,1.47
M0112362,N,57,2,8668.36,0,2,0,6665.57,2592.99,0.94
M0112363,N,69,2,21584.78,0,0,0,8698.9,17138.12,0.89
M0112364,N,78,1,9625.16,0,0,0,1067.15,8267.02,1.2
M0112365,N,69,1,14333.13,0,0,0,4983.38,10306.18,1.74
M0112366,N,64,0,5079.91,1,1,0,1825.35,5077.42,1.48
M0112367,Y,67,5,352976.16,6,4,6,103214.14,191159.24,8.36
M0112368,N,43,1,16184.02,0,0,0,783.38,12812.58,1.1
M0112369,N,34,0,6555.82,0,0,0,2674.36,4748.44,0.0
M0112370,N,57,0,4990.82,0,1,0,2837.59,3351.68,0.35
M0112371,N,45,1,14911.91,0,0,0,8045.2,10250.99,1.52
M0112372,N,26,2,9454.92,0,0,0,9513.43,5856.97,1.81
M0112373,N,80,1,15058.49,1,0,1,3317.43,13161.26,0.63
M0112374,N,35,1,3911.35,1,2,1,1282.99,3376.42,0.14
M0112375,N,76,4,23371.87,0,2,0,5266.83,15343.08,0.0
M0112376,Y,62,5,156736.58,1,4,3,83470.26,135069.32,2.94
M0112377,N,54,0,13925.23,0,2,0,1963.14,9529.58,1.14
M0112378,N,38,0,33187.64,0,1,0,5979.41,20215.67,0.55
M0112379,N,28,1,9792.68,0,2,1,3466.02,5764.72,0.92
M0112380,N,76,1,6233.32,0,0,0,2404.85,3207.36,0.17
M0112381,N,71,1,39713.72,0,0,1,5680.35,26174.82,0.5
M0112382,Y,78,4,212355.18,5,1,6,167520.78,64832.63,4.45
M0112383,N,48,0,12407.46,0,0,0,871.62,12072.48,1.81
M0112384,N,35,2,5367.28,0,0,0,1247.56,3311.64,0.0
M0112385,N,41,0,2530.39,0,0,0,1246.56,2875.69,0.25
M0112386,N,32,2,22582.16,0,0,0,3476.97,19966.35,1.49
M0112387,N,50,1,17332.14,0,2,0,2801.28,28025.67,1.38
M0112388,N,73,1,26972.33,0,0,0,6395.76,15069.41,1.49
M0112389,N,54,3,6785.57,0,0,0,801.8,4524.09,1.03
M0112390,N,27,0,9739.16,0,0,0,4960.76,7879.01,1.34
M0112391,N,65,0,12331.29,0,1,1,7108.24,12607.11,2.41
M0112392,N,44,0,1181.41,0,0,0,461.59,1238.88,0.34
M0112393,N,59,0,4282.73,0,0,1,1154.29,3419.81,0.99
M0112394,N,70,0,14721.47,0,0,0,2625.64,13526.62,0.55
M0112395,N,63,1,3196.45,0,0,0,512.53,2375.88,0.12
M0112396,N,34,0,1887.91,0,0,0,759.94,2552.42,0.0
M0112397,N,45,0,5078.32,1,0,0,177.32,4256.05,1.14
M0112398,N,19,1,29665.61,0,0,0,4417.33,19111.92,0.88
M0112399,N,39,0,5828.66,0,2,0,970.84,6285.66,0.8
M0112400,N,26,0,7799.67,0,1,0,1265.97,8623.1,1.57
M0112401,N,62,0,19947.42,0,0,0,3337.14,17329.12,2.01
M0112402,N,36,1,10661.95,0,1,0,3759.37,9408.29,1.32
M0112403,N,26,1,8148.25,0,0,1,1334.61,9104.76,1.13
M0112404,N,66,0,17665.59,0,1,1,2524.01,25908.41,0.04
M0112405,N,33,1,13500.19,0,2,0,783.03,10191.53,0.0
M0112406,N,65,0,5854.8,0,0,0,3142.11,1448.76,0.66
M0112407,N,76,2,9840.17,1,1,1,11566.71,5245.44,1.45
M0112408,N,68,0,5068.98,0,0,0,790.78,3283.89,1.01
M0112409,N,18,0,22315.85,0,2,1,9620.37,17839.47,0.76
M0112410,N,21,0,6346.9,0,1,0,730.7,4255.98,0.0
M0112411,N,61,2,12445.57,0,0,1,4576.5,10734.97,1.04
M0112412,N,24,2,29349.4,1,1,1,38177.26,11023.38,0.96
M0112413,N,78,2,19839.93,1,1,1,6439.16,25028.33,1.85
M0112414,N,50,1,9752.91,0,2,1,4663.26,9307.61,1.94
M0112415,N,39,3,49381.49,0,1,0,5037.54,45321.61,0.23
M0112416,N,44,0,8349.12,0,0,0,1271.28,7621.77,0.37
M0112417,N,45,0,6367.06,0,0,0,2869.16,5531.36,0.0
M0112418,N,67,0,34337.9,0,2,1,2020.75,24942.62,2.56
M0112419,N,76,1,18847.82,0,1,0,11398.09,4417.66,1.6
M0112420,N,36,2,29255.38,0,0,0,14457.71,9932.53,2.73
M0112421,N,69,1,19447.86,0,1,1,7834.99,10968.8,0.0
M0112422,N,54,0,23684.97,0,0,2,14857.33,6500.11,0.98
M0112423,N,41,1,10048.98,0,0,2,4039.53,4323.08,0.71
M0112424,N,32,0,12387.69,0,0,0,2300.79,10591.52,1.76
M0112425,N,66,1,41490.85,1,3,1,15370.3,33832.69,2.96
M0112426,N,51,0,23185.22,1,2,1,14332.77,10329.22,0.82
M0112427,N,45,0,52722.22,0,0,0,18556.92,29723.7,2.34
M0112428,N,65,2,7836.86,0,1,0,2155.21,5537.64,0.08
M0112429,N,79,1,3693.59,0,0,0,1337.78,3296.38,1.55
M0112430,N,64,2,6451.93,0,0,0,1984.39,4613.45,0.62
M0112431,N,57,1,10820.27,1,0,2,4581.41,4504.31,1.22
M0112432,N,35,2,24523.93,0,1,0,10529.42,9426.92,1.08
M0112433,N,55,2,17624.12,0,0,0,4242.14,23337.62,0.22
M0112434,N,42,0,6201.51,0,0,1,2290.47,4452.59,0.68
M0112435,N,69,1,10266.21,0,0,0,10269.1,6152.79,0.35
M0112436,N,59,3,1115.5,0,0,0,393.17,781.85,0.32
M0112437,N,27,0,5331.2,0,2,0,1013.14,3194.0,0.0
M0112438,N,42,0,4534.31,0,0,0,1558.47,5488.83,0.0
M0112439,N,23,2,6615.92,1,0,0,1424.27,8294.21,1.59
M0112440,N,67,0,4159.8,0,2,0,639.01,3481.67,0.0
M0112441,N,51,1,6732.89,0,0,0,1731.45,5245.46,0.32
M0112442,N,42,1,9090.68,1,0,1,8072.86,6608.11,0.39
M0112443,N,53,2,7625.3,0,0,0,2734.67,8708.03,0.0
M0112444,N,55,3,30942.26,0,2,0,3441.82,24958.42,1.91
M0112445,N,61,1,12148.89,0,0,0,3224.84,16299.03,2.15
M0112446,N,80,1,4124.95,0,0,0,1249.39,3828.37,0.37
M0112447,N,77,0,12598.88,0,0,1,7980.37,10050.18,0.66
M0112448,N,68,2,31203.93,0,0,1,7957.78,17156.84,2.25
M0112449,N,32,1,7526.52,0,2,0,1660.59,9464.8,0.0
M0112450,N,44,3,48090.63,1,2,1,766.21,39330.84,1.84
M0112451,N,54,0,11884.81,0,0,0,9247.45,4170.58,0.0
M0112452,N,66,0,18979.77,0,0,0,8340.15,6795.54,0.75
M0112453,Y,81,9,319667.22,3,2,3,157061.67,154453.54,5.63
M0112454,N,67,1,12067.45,0,1,0,1998.64,11983.59,0.8
M0112455,N,44,0,7675.87,0,0,0,809.01,7955.05,1.17
M0112456,N,49,1,14013.68,0,0,0,2656.19,11121.35,1.62
M0112457,N,36,1,10487.09,1,1,1,9628.21,4953.29,2.07
M0112458,N,51,2,20507.17,0,0,0,5833.82,16260.43,1.74
M0112459,N,68,0,14550.47,0,0,0,1145.15,11705.97,0.9
M0112460,N,28,1,5680.61,0,0,0,1411.91,4025.98,1.16
M0112461,Y,64,5,237937.46,4,4,2,164286.44,112043.96,6.53
M0112462,N,54,1,12184.7,1,0,2,3935.45,15640.86,1.44
M0112463,N,46,0,11766.69,0,0,0,3765.31,14634.4,2.43
M0112464,N,27,0,11120.01,0,2,0,2766.68,13987.6,1.22
M0112465,N,42,0,14183.59,0,0,0,4008.12,7483.8,1.1
M0112466,N,35,1,4694.35,0,1,0,1820.11,5382.86,1.59
M0112467,N,39,1,14549.02,0,1,0,5397.39,9285.53,0.0
M0112468,N,75,0,20609.0,0,0,1,7236.31,24738.56,1.66
M0112469,N,31,1,19171.26,0,1,0,5227.03,10076.32,1.88
M0112470,Y,58,3,85290.3,4,2,5,56197.3,54709.81,5.83
M0112471,N,71,1,18151.05,1,0,0,1815.63,16270.56,1.18
M0112472,N,71,1,7867.18,0,0,0,6225.38,3986.75,0.93
M0112473,N,32,1,11195.29,0,1,0,2128.63,10999.81,2.28
M0112474,N,68,2,9243.44,0,0,0,757.82,6682.26,1.47
M0112475,N,29,2,15793.12,0,1,1,7356.37,6600.53,2.79
M0112476,N,34,0,8737.72,0,0,0,1907.45,5708.63,0.72
M0112477,N,29,1,32040.44,1,2,1,31272.18,12711.21,0.19
M0112478,N,60,0,5013.03,1,0,0,1358.25,3924.82,0.28
M0112479,N,38,1,6215.56,0,0,0,438.92,4553.81,0.71
M0112480,N,24,0,8619.6,0,0,0,2820.73,10980.7,1.17
M0112481,N,20,2,10031.14,0,0,0,4765.14,11960.43,0.0
M0112482,N,77,0,10211.05,0,1,0,6924.19,3284.33,0.98
M0112483,N,67,0,2262.87,0,0,0,872.67,1245.45,0.61
M0112484,N,44,2,12429.41,0,0,1,4608.66,17629.56,1.47
M0112485,Y,62,5,198963.33,2,7,4,85810.76,93394.91,4.77
M0112486,N,77,1,22192.52,0,3,0,4169.43,13745.99,0.93
M0112487,Y,58,5,355897.38,4,6,3,142527.52,213553.63,6.67
M0112488,N,45,0,17595.0,0,1,0,819.02,15725.73,0.02
M0112489,N,62,2,17087.37,1,1,0,5923.63,7495.25,2.34
M0112490,N,77,2,10050.31,0,0,1,2513.22,7882.06,1.75
M0112491,N,19,1,41542.87,0,1,0,12133.67,28847.17,1.29
M0112492,N,80,0,13901.05,0,0,0,9862.02,10954.92,1.44
M0112493,N,55,0,13909.65,1,0,1,15073.28,5574.2,1.27
M0112494,N,61,0,20929.45,0,1,0,1276.57,23497.69,2.85
M0112495,N,59,2,2198.21,0,0,0,874.31,1597.07,1.84
M0112496,N,46,0,10927.72,0,0,0,1009.12,9289.69,0.0
M0112497,N,26,0,6356.87,0,1,0,1907.21,7189.2,2.07
M0112498,N,21,1,20722.98,0,1,0,4385.48,19812.29,2.02
M0112499,N,25,1,8244.19,0,1,0,2837.95,9967.16,1.03
M0112500,N,45,2,24906.32,0,0,2,7127.06,15493.3,2.85
M0112501,N,70,1,4746.84,0,0,0,1142.99,2816.17,0.57
M0112502,N,41,1,7065.8,0,1,0,2132.71,7264.19,0.0
M0112503,N,46,2,7930.91,0,2,2,1974.48,4963.08,1.84
M0112504,Y,84,4,186580.17,4,6,5,120720.55,104403.6,5.09
M0112505,Y,67,9,173531.14,3,2,4,44994.07,125308.88,8.54
M0112506,N,36,2,24064.49,0,0,0,8323.92,11439.77,0.9
M0112507,N,70,1,47065.47,1,1,2,9098.18,31040.28,2.96
M0112508,N,25,0,7805.15,0,1,0,4152.02,7985.64,0.0
M0112509,N,79,0,7147.73,0,2,0,7543.76,5081.74,1.05
M0112510,N,43,0,4439.74,0,1,0,1484.05,6059.59,0.0
M0112511,N,56,2,26372.49,0,1,0,11221.33,32331.69,1.92
M0112512,N,79,2,10505.59,0,0,0,1321.52,11100.23,0.96
M0112513,N,47,1,15759.83,0,2,0,5608.95,9003.11,2.35
M0112514,N,26,2,16031.42,1,3,0,3040.78,10040.5,2.68
M0112515,N,53,0,39532.45,0,1,1,5291.09,28808.97,1.57
M0112516,N,58,1,6030.95,0,0,0,1233.73,3503.51,1.45
M0112517,N,28,0,7853.02,0,2,0,5367.38,5892.32,0.0
M0112518,N,53,2,6346.35,0,1,0,903.2,9818.97,0.97
M0112519,N,37,0,2905.2,1,0,0,1222.92,3093.17,0.17
M0112520,N,39,1,56819.15,1,3,0,4703.03,43400.16,3.4
M0112521,N,77,2,32160.18,0,2,0,8702.61,23248.06,1.16
M0112522,N,73,0,18359.72,0,0,0,11561.44,3424.68,0.0
M0112523,N,69,0,1881.02,0,0,1,193.15,2168.82,0.58
M0112524,N,20,0,8147.12,0,0,0,9283.67,3467.94,1.48
M0112525,N,62,0,6097.57,0,0,0,1011.62,5216.96,1.21
M0112526,N,72,0,9460.33,0,0,0,1069.91,7966.13,1.13
M0112527,N,47,0,15517.08,0,1,0,1843.26,24416.66,1.65
M0112528,N,65,1,17029.5,0,0,0,2189.81,11554.75,1.45
M0112529,N,55,2,19186.26,0,0,0,8082.02,15087.62,1.78
M0112530,N,24,0,14684.63,0,1,0,3015.66,15108.75,0.57
M0112531,N,33,0,9109.39,0,1,0,1557.98,6885.93,0.51
M0112532,N,41,1,6835.12,0,0,0,2485.29,9056.12,0.71
M0112533,Y,73,6,240561.87,3,7,6,80610.26,228195.94,7.46
M0112534,Y,52,5,277766.63,1,4,4,125994.95,127467.12,3.87
M0112535,N,40,0,19802.28,0,1,0,13170.0,5749.97,1.0
M0112536,Y,44,3,205652.22,2,5,2,39830.31,182508.4,6.06
M0112537,N,45,0,20151.19,2,0,0,11411.09,21882.16,2.55
M0112538,N,44,0,11687.82,0,0,0,1953.07,11289.7,0.89
M0112539,N,73,0,8394.57,0,0,0,2714.54,6093.04,1.22
M0112540,N,56,0,8668.58,1,0,0,1966.62,5734.43,0.0
M0112541,N,54,0,8764.11,0,1,0,1769.47,8400.37,1.11
M0112542,N,70,1,3492.95,0,0,0,2294.07,3268.87,0.94
M0112543,N,40,0,15018.71,1,1,0,14731.48,4706.12,0.0
M0112544,N,18,0,14409.8,1,0,0,2674.53,11282.45,1.24
M0112545,N,39,1,14396.03,0,1,0,2232.76,10760.08,0.0
M0112546,N,36,2,15781.39,0,0,0,1831.02,11435.89,2.0
M0112547,N,33,1,10362.99,0,1,0,4201.66,5222.2,0.0
M0112548,N,70,0,3278.7,0,0,0,1945.77,2759.55,1.11
M0112549,N,48,0,2501.38,0,0,0,540.1,1422.91,0.58
M0112550,N,22,1,3967.77,0,0,0,838.97,4620.13,0.63
M0112551,N,66,1,4928.27,0,0,0,2025.76,2760.95,1.13
M0112552,Y,42,5,143637.82,4,5,5,64555.56,71882.32,3.57
M0112553,N,69,1,7370.87,0,1,1,464.27,5316.89,0.48
M0112554,N,60,0,23614.42,0,0,0,6652.43,17992.88,1.92
M0112555,N,37,2,28981.15,0,3,2,7902.72,14837.41,1.1
M0112556,N,64,2,22725.35,0,0,1,4333.72,21751.77,0.33
M0112557,N,56,0,75517.05,0,0,1,6489.15,53444.7,1.18
M0112558,N,51,2,2838.15,0,0,0,1772.77,3357.93,1.42
M0112559,N,78,0,15634.08,0,2,0,3061.8,11480.09,0.0
M0112560,N,50,0,5477.1,1,1,0,2104.18,7352.77,1.42
M0112561,N,26,3,6368.93,0,0,1,1097.55,4406.41,0.99
M0112562,N,32,1,11848.31,0,0,0,1882.99,11052.96,0.45
M0112563,N,72,0,40779.62,2,0,0,9321.9,24056.41,1.47
M0112564,N,65,0,15624.89,0,3,1,3986.84,11790.55,2.03
M0112565,N,38,2,30464.01,0,1,0,3945.7,29479.31,0.87
M0112566,N,63,1,16663.08,0,0,0,8218.46,12874.43,1.73
M0112567,N,76,0,13865.44,0,2,0,4683.9,6215.93,0.24
M0112568,N,42,2,42158.87,0,0,1,4241.32,31822.38,1.85
M0112569,N,61,0,10979.12,2,0,0,5761.11,10602.86,0.72
M0112570,N,41,0,10088.38,0,0,0,4036.93,6221.52,0.99
M0112571,N,48,0,14050.76,0,2,0,4328.74,9818.48,1.89
M0112572,N,35,2,6296.02,0,0,0,1896.39,3789.55,1.4
M0112573,N,72,0,29047.71,0,2,1,4311.43,26460.56,0.86
M0112574,N,76,0,17472.55,1,1,1,8934.02,12169.9,2.04
M0112575,Y,60,5,128918.57,1,1,3,26665.46,98731.34,3.36
M0112576,N,18,0,10992.42,0,0,0,1523.34,10074.51,1.5
M0112577,N,72,1,37952.19,0,1,0,4896.93,30734.06,2.06
M0112578,N,79,1,12390.82,0,2,2,5955.18,8822.1,0.0
M0112579,N,19,0,23915.95,0,0,1,3928.54,34815.52,1.81
M0112580,N,52,0,12247.78,0,1,0,3116.63,16421.36,1.14
M0112581,N,26,0,20328.82,2,3,1,2469.34,26614.18,2.82
M0112582,N,42,2,11251.67,0,1,0,3971.35,15486.18,0.57
M0112583,N,42,1,7215.73,0,0,1,651.91,10420.53,1.88
M0112584,N,54,2,5985.46,0,3,0,662.7,6028.83,0.15
M0112585,N,23,2,2447.43,0,0,0,953.66,1442.33,0.25
M0112586,N,49,0,13431.58,0,0,0,1955.92,8609.72,0.04
M0112587,N,23,1,14179.11,0,0,1,1193.46,11086.83,0.0
M0112588,N,36,0,14843.05,0,1,0,4760.64,7413.25,0.83
M0112589,N,78,1,2921.42,0,0,1,1734.57,2250.71,0.6
M0112590,N,27,1,12245.03,0,1,0,3816.13,7891.45,0.19
M0112591,N,48,2,9266.06,0,2,1,2301.95,9919.74,1.98
M0112592,N,29,0,9230.53,0,0,0,3961.0,3273.01,0.85
M0112593,N,43,0,9590.63,3,1,0,2287.38,10720.93,0.12
M0112594,N,64,0,5517.66,1,0,1,1057.94,6446.27,0.44
M0112595,N,61,0,5443.75,0,0,0,1407.43,3376.61,0.21
M0112596,N,30,1,16380.55,0,1,0,2120.15,12949.08,1.63
M0112597,N,40,1,9279.71,0,0,0,1069.31,7777.93,0.83
M0112598,N,29,0,6198.74,0,0,0,2431.9,3686.92,1.11
M0112599,N,34,1,12706.31,0,0,1,16599.75,4009.61,2.1
M0112600,N,61,0,48839.56,0,1,1,27652.72,22401.82,2.1
M0112601,N,26,1,10584.59,0,1,2,4388.71,6057.06,0.89
M0112602,N,58,2,5816.67,0,1,1,2571.43,3882.94,0.69
M0112603,N,26,0,12224.36,1,1,0,11652.6,4803.85,0.0
M0112604,N,73,0,4579.71,0,0,0,679.77,3456.52,0.11
M0112605,N,19,0,2380.14,0,0,0,1564.13,1965.1,0.0
M0112606,N,41,0,21266.94,0,2,1,2831.54,18447.31,2.13
M0112607,N,33,2,26573.03,0,0,1,8465.06,15693.84,1.57
M0112608,N,21,1,3600.62,0,0,0,2861.14,2473.56,0.0
M0112609,N,77,2,22797.13,0,0,0,4885.65,13623.96,0.87
M0112610,N,27,0,10529.29,0,0,0,2611.48,9083.95,0.0
M0112611,Y,42,2,269839.25,1,2,2,55244.61,233523.52,4.62
M0112612,N,25,0,8792.02,1,1,1,1342.51,11340.35,1.19
M0112613,N,52,2,21167.7,2,0,0,2454.57,21357.01,2.19
M0112614,N,20,0,4427.11,1,0,0,1762.31,2266.02,0.0
M0112615,N,62,1,16284.84,0,1,0,1877.63,21410.11,1.52
M0112616,N,34,1,7243.57,0,0,0,1640.0,5562.98,0.0
M0112617,N,74,0,3816.2,1,0,0,649.82,3696.7,0.63
M0112618,N,69,0,24486.74,0,2,1,2076.72,19964.09,0.0
M0112619,N,54,0,16749.99,0,0,0,7129.89,7638.41,2.28
M0112620,N,57,0,10137.36,1,0,0,2058.56,13535.5,0.58
M0112621,Y,37,6,186345.46,3,6,2,72603.23,142550.06,4.64
M0112622,N,52,2,5237.08,1,0,0,1231.88,4311.58,0.42
M0112623,Y,47,4,285083.5,5,7,4,66799.94,280183.22,4.9
M0112624,Y,70,5,378725.72,4,6,6,223133.96,174052.93,5.72
M0112625,N,33,0,5828.5,0,0,1,3405.83,1273.68,0.68
M0112626,N,35,1,26753.89,1,1,0,1563.61,21921.99,0.27
M0112627,N,48,0,10712.34,0,0,0,2499.19,10461.68,0.05
M0112628,N,78,2,9184.98,0,0,0,6524.62,5896.85,0.76
M0112629,N,73,1,6858.28,0,0,0,2863.05,2739.87,1.5
M0112630,N,45,0,12155.43,0,1,1,3797.53,10612.86,1.56
M0112631,N,50,1,5551.59,1,1,0,2440.53,5925.32,1.06
M0112632,N,56,1,14019.8,1,0,0,2741.82,13442.57,0.65
M0112633,N,35,2,21875.33,0,0,0,4257.17,17753.5,0.05
M0112634,N,80,2,20303.62,0,2,0,3213.88,14596.43,0.33
M0112635,N,29,2,10210.74,1,3,0,2586.25,12709.7,2.04
M0112636,N,48,0,26849.35,1,1,1,7791.25,19628.92,0.3
M0112637,N,31,1,23927.41,1,1,0,13025.06,7504.61,1.35
M0112638,N,79,0,11918.75,0,0,0,572.19,11420.27,0.38
M0112639,N,77,2,5368.76,0,0,0,5615.0,2146.27,2.03
M0112640,N,49,1,30969.46,2,2,0,31785.58,23113.35,3.79
M0112641,N,29,1,12812.41,0,1,1,1424.44,11408.73,0.0
M0112642,N,45,2,17372.06,0,1,0,3723.39,16766.6,1.7
M0112643,Y,72,4,180363.52,2,1,2,22635.97,129266.51,4.41
M0112644,N,64,1,22318.22,0,0,1,9596.46,27017.61,2.23
M0112645,N,33,0,11134.84,0,1,0,4039.96,15408.53,0.79
M0112646,N,28,3,8812.04,1,0,0,554.47,8098.83,0.95
M0112647,N,29,0,4994.45,0,0,0,1682.42,5192.84,1.7
M0112648,N,18,2,5595.45,0,0,0,1659.89,7230.65,0.32
M0112649,N,67,2,5125.94,1,0,0,338.93,4551.2,0.29
M0112650,Y,64,4,347992.92,4,3,5,128854.4,209468.92,4.07
M0112651,N,61,1,6143.06,1,0,0,2117.04,2979.01,0.0
M0112652,N,73,0,20296.92,0,0,1,5936.96,12317.23,1.59
M0112653,Y,79,5,110954.04,1,1,3,45330.74,79318.64,3.87
M0112654,N,80,2,12559.69,0,0,0,5724.11,6975.27,2.17
M0112655,N,57,0,4076.47,1,0,1,728.32,3129.48,0.94
M0112656,N,29,1,9088.57,0,0,0,3518.29,8252.95,1.98
M0112657,N,34,1,13057.87,0,1,0,2097.42,8932.28,1.87
M0112658,N,52,2,16545.39,0,0,2,8542.77,8324.24,0.61
M0112659,N,26,1,19943.14,0,1,1,3150.81,15407.55,0.51
M0112660,N,37,0,9627.23,0,0,0,3230.96,7677.28,0.0
M0112661,N,66,0,20169.8,1,1,0,12211.91,6259.19,1.3
M0112662,N,20,0,4928.17,0,0,0,1189.35,4608.58,0.87
M0112663,N,49,0,9169.17,0,1,1,3896.23,5961.13,3.11
M0112664,N,33,0,11094.17,0,0,0,859.21,9815.73,0.13
M0112665,N,53,0,16896.94,0,0,1,2311.5,11937.31,1.64
M0112666,N,37,1,16330.3,0,1,1,4081.92,10054.69,0.34
M0112667,N,29,1,4779.36,0,1,0,1138.81,2774.97,0.68
M0112668,N,49,0,27892.28,1,1,0,3113.38,19936.0,0.93
M0112669,N,24,2,3694.31,1,0,0,1019.75,2548.75,0.18
M0112670,N,58,2,8970.32,0,2,0,1970.49,7718.59,1.93
M0112671,N,69,1,5118.04,0,0,0,2470.69,5995.72,0.87
M0112672,N,51,3,19779.34,0,1,0,2319.74,16380.18,1.71
M0112673,Y,41,4,459632.65,4,4,2,278143.68,286240.89,4.15
M0112674,N,25,0,11376.89,0,0,0,4659.5,6037.66,0.2
M0112675,N,44,0,60061.65,1,0,0,3642.5,47759.19,1.44
M0112676,N,23,0,58486.02,0,0,0,16290.17,61473.75,1.15
M0112677,N,75,0,7520.43,0,0,1,1738.38,9521.97,1.96
M0112678,N,54,3,7297.39,0,1,0,1063.35,6320.63,0.0
M0112679,N,37,1,7498.49,1,0,0,3655.73,3685.51,0.0
M0112680,N,68,0,7266.84,0,1,0,1193.18,7498.88,0.4
M0112681,N,24,2,14459.87,0,0,0,6138.67,15327.9,0.86
M0112682,N,39,1,30155.05,0,0,0,5767.48,18217.8,0.24
M0112683,N,53,0,2809.12,0,1,1,592.17,4482.34,0.94
M0112684,N,31,1,3682.16,0,0,0,1106.45,3018.21,0.0
M0112685,N,25,1,9266.91,1,0,1,3711.15,12170.97,1.3
M0112686,N,43,2,7539.71,0,3,1,3174.22,5592.6,1.57
M0112687,N,26,0,8162.51,0,0,0,1644.33,7230.93,0.3
M0112688,N,67,0,5486.17,0,0,0,1278.11,3574.2,0.81
M0112689,N,43,1,17193.73,0,0,0,6851.47,10030.67,1.11
M0112690,N,28,0,13219.87,0,3,0,4197.34,16272.86,0.1
M0112691,N,78,1,27350.93,0,0,0,4875.89,27866.27,0.61
M0112692,N,77,0,12727.88,0,0,1,13831.37,7520.55,0.15
M0112693,N,57,1,6691.83,0,1,0,4411.3,4123.91,1.0
M0112694,N,61,0,19437.58,0,2,0,7156.41,8761.96,2.7
M0112695,N,21,0,17127.63,0,0,0,3639.68,14837.7,0.87
M0112696,N,50,1,8835.64,0,0,0,4417.13,4101.08,0.05
M0112697,N,66,2,17045.73,1,1,0,978.47,20205.3,0.39
M0112698,N,45,0,3786.42,0,1,0,437.56,4060.2,0.71
M0112699,N,51,2,11992.75,0,0,1,4347.31,8603.65,1.49
M0112700,N,42,1,15105.77,0,0,0,2986.17,12122.99,1.05
M0112701,N,70,2,20499.49,0,1,0,9584.32,14402.75,2.1
M0112702,Y,75,6,85791.78,3,4,1,31045.61,80726.98,4.81
M0112703,N,47,0,6076.11,0,0,1,987.12,6328.42,0.57
M0112704,Y,60,4,410207.27,2,2,7,164480.15,178019.5,6.82
M0112705,N,62,1,7578.03,0,1,1,1030.23,5268.28,0.41
M0112706,N,78,1,8720.64,0,0,0,6712.29,4491.29,0.32
M0112707,N,45,0,6616.55,1,0,0,1878.11,6142.92,1.12
M0112708,N,49,1,12783.25,0,0,0,7075.63,6814.42,2.5
M0112709,N,63,2,2766.55,0,0,1,1731.49,2718.23,0.0
M0112710,N,65,1,6299.6,0,0,1,841.77,6462.83,0.0
M0112711,N,38,1,3876.1,0,0,2,2402.65,3149.23,0.92
M0112712,N,80,1,4629.39,0,1,0,1529.67,4868.22,0.99
M0112713,Y,49,5,267022.88,5,7,2,110501.39,136648.97,5.63
M0112714,N,65,0,7076.6,0,0,2,839.91,7508.55,2.31
M0112715,N,72,1,7922.29,0,0,0,2712.96,5774.46,0.75
M0112716,N,21,1,17803.22,0,0,0,5286.44,16966.9,1.17
M0112717,N,57,0,16545.87,0,1,0,5649.26,13280.55,1.62
M0112718,N,52,2,27182.15,2,1,0,4444.36,33372.64,1.32
M0112719,Y,59,3,139472.45,3,4,4,41566.55,128742.56,4.39
M0112720,N,69,3,33266.24,2,0,0,9504.37,21890.79,1.55
M0112721,N,62,0,5757.36,0,1,0,6266.45,3207.11,1.93
M0112722,N,41,1,6700.01,0,1,0,2774.38,7252.54,2.21
M0112723,N,23,4,29804.22,0,2,2,4921.92,28847.02,0.32
M0112724,N,67,0,7246.8,0,0,0,1385.43,8910.84,0.57
M0112725,N,79,0,7053.95,0,0,0,2128.09,4928.19,1.0
M0112726,N,43,2,9637.39,1,0,1,3496.13,7386.23,0.36
M0112727,N,38,2,7781.22,0,1,1,3188.6,6211.72,0.01
M0112728,N,63,0,11131.4,1,2,0,1600.09,13774.93,2.3
M0112729,N,59,1,9330.37,1,2,0,1999.2,10379.88,1.01
M0112730,N,71,1,11428.64,0,2,0,3795.32,10830.72,1.06
M0112731,N,52,1,5860.55,0,0,1,874.77,6675.09,0.0
M0112732,N,72,0,25234.56,0,1,0,1739.48,19479.81,1.9
M0112733,N,59,1,24802.38,1,2,0,8675.78,14624.98,1.55
M0112734,N,26,1,6584.89,1,1,0,3038.75,3688.29,0.0
M0112735,N,51,1,28473.68,0,0,0,9085.47,16027.1,2.94
M0112736,N,74,0,5694.4,0,1,0,787.7,3774.04,0.2
M0112737,N,63,1,9449.95,0,1,0,456.09,11166.79,1.33
M0112738,Y,63,4,158168.77,3,3,5,112418.03,107993.23,6.18
M0112739,N,42,1,13509.81,0,0,1,4343.17,12759.45,0.41
M0112740,N,22,1,31482.68,1,1,1,12000.89,20001.81,1.37
M0112741,N,64,0,2748.18,1,0,0,1541.61,2745.51,2.06
M0112742,N,20,0,9806.34,0,0,0,808.22,8866.81,1.1
M0112743,N,39,0,14421.09,0,0,1,2953.61,9137.32,0.5
M0112744,N,80,1,5418.41,1,0,0,2223.85,7236.33,0.32
M0112745,N,21,2,10912.72,0,1,0,1397.95,8012.34,0.09
M0112746,N,45,1,3029.1,0,0,0,1069.74,2688.08,0.58
M0112747,N,77,3,7549.67,1,0,2,5409.21,6176.21,0.86
M0112748,N,42,2,27185.83,0,0,1,1716.85,21287.1,1.91
M0112749,N,40,2,16920.51,0,0,0,1595.82,23216.4,0.94
M0112750,N,30,0,5784.08,0,2,1,1004.87,5002.78,0.59
M0112751,Y,50,7,426404.66,4,4,3,153609.61,342851.98,6.71
M0112752,N,56,1,5838.56,1,0,0,1140.85,5324.32,1.32
M0112753,N,60,2,4225.49,0,0,0,1354.41,5394.79,0.05
M0112754,N,45,2,13373.92,0,0,2,1172.77,11659.45,0.0
M0112755,N,20,1,4815.92,0,1,0,1869.88,5631.55,1.65
M0112756,N,41,1,9323.38,0,1,0,1095.6,8555.27,3.2
M0112757,N,50,2,21099.78,1,0,1,8876.02,11576.35,1.8
M0112758,N,41,0,12533.85,0,0,0,6238.36,3847.89,0.0
M0112759,N,50,1,21505.66,0,1,0,7409.71,9612.36,1.84
M0112760,N,43,0,13770.57,1,1,0,6142.57,4764.35,1.79
M0112761,N,70,0,8734.46,0,0,1,4194.71,9429.99,1.22
M0112762,Y,58,7,646830.56,4,5,2,76157.6,650165.69,4.98
M0112763,N,58,1,10687.08,0,0,0,2471.37,12205.51,0.65
M0112764,N,48,2,11422.32,0,0,0,2250.85,7797.91,1.19
M0112765,N,34,1,6802.07,0,0,0,2473.41,5190.13,0.0
M0112766,N,20,3,10638.49,0,1,0,2332.17,7807.12,0.0
M0112767,N,40,0,1270.81,0,1,0,330.79,1308.41,1.1
M0112768,N,34,2,8224.9,0,0,0,5237.02,7903.82,0.9
M0112769,N,48,0,12060.5,0,1,0,560.32,8982.98,0.13
M0112770,N,38,0,3764.97,0,2,1,680.69,5120.41,0.97
M0112771,N,79,1,6820.86,0,1,0,1008.4,8604.18,1.4
M0112772,Y,53,7,342833.26,4,6,5,247663.98,133700.8,6.34
M0112773,N,22,1,5464.33,0,1,0,671.26,5044.11,1.12
M0112774,N,55,2,35745.09,1,0,1,26928.35,16317.84,2.3
M0112775,N,20,0,6814.3,0,0,0,3637.32,7979.13,1.92
M0112776,N,72,1,6281.82,0,0,0,2884.5,4465.12,0.0
M0112777,N,77,0,11200.47,0,0,0,1107.55,8829.58,1.89
M0112778,N,32,1,8669.33,0,0,0,1927.52,5195.08,0.81
M0112779,N,39,0,4739.26,1,1,2,1532.77,3009.7,2.51
M0112780,N,80,1,9890.67,0,0,0,4027.51,5951.18,0.27
M0112781,N,59,2,16141.9,1,1,0,1418.55,13622.01,0.4
M0112782,N,57,0,15966.91,0,0,0,1056.88,13778.15,1.87
M0112783,N,51,1,2346.53,0,1,0,1465.94,2621.76,0.79
M0112784,N,20,1,11461.86,0,2,0,3999.02,9214.67,1.08
M0112785,N,41,2,9703.46,0,0,0,7841.86,4178.09,0.0
M0112786,N,52,1,6089.09,0,0,0,1048.17,9076.46,1.06
M0112787,N,38,1,4629.41,0,1,0,3107.72,3924.62,0.69
M0112788,N,29,2,5028.1,1,3,0,2167.62,4317.06,2.08
M0112789,N,41,0,9508.7,0,1,0,3502.19,8865.45,2.1
M0112790,N,72,2,6205.31,0,0,0,2820.0,7300.08,1.44
M0112791,N,27,0,11581.98,0,1,0,4757.05,6464.52,1.25
M0112792,N,43,0,18632.89,0,0,0,2393.16,16620.3,1.19
M0112793,N,29,0,2798.04,0,0,0,1089.85,3742.59,0.6
M0112794,N,47,0,10404.92,0,0,0,4440.82,3737.26,1.61
M0112795,N,54,0,8150.39,0,1,0,1309.73,5065.43,1.33
M0112796,N,67,0,15565.4,0,1,0,7866.44,5980.19,1.83
M0112797,N,40,1,4616.35,0,0,0,2556.07,2984.97,1.41
M0112798,N,22,2,13948.0,0,0,0,9483.02,10092.13,1.06
M0112799,N,62,2,8138.73,0,2,0,1702.35,4802.97,0.68
M0112800,N,71,2,33072.67,0,1,1,3250.5,43438.33,1.92
M0112801,N,66,2,4476.85,0,1,0,2544.49,5262.01,2.76
M0112802,N,77,1,5936.66,0,0,1,2227.75,3391.75,0.4
M0112803,N,41,2,9760.09,0,0,1,3137.74,12152.52,0.51
M0112804,N,57,2,3152.44,0,2,0,1371.35,3680.59,0.42
M0112805,N,58,2,14036.93,0,0,1,8558.81,14351.49,0.94
M0112806,N,48,2,6017.47,0,2,0,1133.95,3911.7,1.68
M0112807,N,65,2,11265.37,0,0,0,1801.74,8386.13,0.0
M0112808,N,38,1,8308.93,0,1,0,1108.98,9614.45,0.0
M0112809,N,32,0,8938.14,0,0,0,1657.94,14103.6,1.45
M0112810,N,38,2,18090.26,0,0,0,4323.43,11710.08,3.18
M0112811,N,19,4,23678.27,1,0,0,2797.75,29276.08,2.25
M0112812,N,68,2,10324.84,0,0,0,813.23,12223.23,0.77
M0112813,N,36,0,12881.86,0,0,0,3270.07,10119.29,0.0
M0112814,N,20,2,11710.15,1,0,0,3269.79,13973.99,1.16
M0112815,N,44,0,7298.55,0,0,1,558.62,6608.21,0.0
M0112816,N,76,0,2690.69,0,0,0,1174.01,1849.4,1.24
M0112817,N,62,2,18184.57,0,2,0,3517.78,14827.86,2.55
M0112818,N,62,2,38568.85,0,0,1,3897.03,30846.74,0.48
M0112819,N,37,2,16278.61,0,0,0,4526.39,16372.21,3.6
M0112820,N,42,0,22056.69,1,1,0,3497.65,16959.62,1.19
M0112821,N,46,0,14933.78,0,0,1,3938.17,19166.1,1.94
M0112822,N,72,0,6721.16,0,0,1,1370.12,4019.16,0.36
M0112823,N,38,1,4049.99,0,0,0,201.63,5199.75,0.0
M0112824,N,73,1,5606.74,1,0,0,1253.82,8010.57,1.75
M0112825,N,49,3,32938.06,0,1,0,10257.19,27563.11,2.23
M0112826,N,45,1,10394.72,0,1,0,876.51,8545.78,0.95
M0112827,N,57,1,26187.53,0,3,1,13960.71,9219.99,0.76
M0112828,N,53,2,9309.22,0,1,0,10684.86,5508.83,2.66
M0112829,N,79,0,2977.37,0,0,0,1063.27,3445.15,0.06
M0112830,N,20,1,8971.34,0,0,0,6169.07,4248.02,0.0
M0112831,N,58,1,3411.17,0,0,0,363.69,5293.09,1.45
M0112832,N,25,0,7864.46,0,1,0,4351.18,3577.25,0.35
M0112833,N,45,0,19485.25,0,3,0,8425.16,8002.52,0.0
M0112834,N,51,0,4187.99,0,1,0,730.78,6450.39,0.0
M0112835,N,77,3,29020.43,0,1,1,2096.23,21188.27,2.84
M0112836,N,22,2,23113.19,1,1,0,5896.52,12318.24,1.1
M0112837,N,49,0,12727.38,0,0,0,10024.41,9940.91,1.18
M0112838,N,80,1,5365.54,1,0,0,3419.84,2844.78,0.46
M0112839,N,51,3,31806.52,1,1,1,6501.82,20185.54,2.7
M0112840,N,29,1,4513.69,0,0,0,335.21,5477.81,0.19
M0112841,N,46,0,5480.54,0,1,0,3255.24,1388.12,2.2
M0112842,N,31,1,14309.8,0,0,0,1683.9,14028.19,0.52
M0112843,N,23,1,8818.95,0,2,0,3306.04,8008.26,1.1
M0112844,N,75,3,23463.62,0,0,0,5368.31,17743.47,0.72
M0112845,N,36,0,5747.39,0,1,0,3191.84,5333.57,2.06
M0112846,N,28,0,21709.17,1,0,0,3081.4,20896.11,1.09
M0112847,N,53,2,4297.57,0,1,1,938.0,4170.68,1.85
M0112848,N,62,0,21841.65,0,1,0,3903.03,18616.65,0.32
M0112849,N,52,1,18553.53,1,1,0,10053.95,6670.63,2.05
M0112850,N,59,1,6365.06,2,0,0,3668.6,2960.29,1.34
M0112851,N,22,3,12158.54,0,0,0,1855.74,7645.12,0.77
M0112852,Y,36,5,172279.4,4,3,6,65922.96,164365.32,4.73
M0112853,N,75,2,11332.33,0,0,0,2328.46,7308.28,0.0
M0112854,N,66,1,41163.54,0,0,1,25041.15,14050.5,1.79
M0112855,N,48,0,16674.34,0,0,0,1753.33,11429.59,0.19
M0112856,N,53,2,18204.0,0,1,1,12618.81,17263.88,3.2
M0112857,N,20,2,19066.11,0,1,0,11847.01,3399.84,0.6
M0112858,N,76,1,20189.12,1,0,0,11153.36,4830.36,2.76
M0112859,N,54,0,10154.32,1,0,0,4471.46,8740.07,0.75
M0112860,N,62,1,8246.09,0,1,1,2231.58,5178.79,0.0
M0112861,N,66,3,12101.26,1,0,1,3316.81,7171.04,1.66
M0112862,N,44,0,10774.26,0,0,1,5899.29,8282.03,2.55
M0112863,N,19,1,12977.79,1,1,0,2857.08,17729.9,0.29
M0112864,N,49,0,19116.17,0,0,0,8401.54,13385.67,2.09
M0112865,N,19,0,5106.05,0,0,0,3444.01,3330.77,0.0
M0112866,N,54,0,6705.91,0,0,0,2123.14,4273.92,1.06
M0112867,N,36,0,14349.33,1,0,0,8636.94,8319.65,2.18
M0112868,N,42,2,6776.39,0,0,0,4771.8,3685.33,0.0
M0112869,N,78,0,26997.72,0,1,1,4459.62,17911.53,2.32
M0112870,N,61,2,16392.94,0,0,0,9944.15,5747.92,2.99
M0112871,N,35,0,6844.67,0,0,0,555.21,4909.7,0.0
M0112872,N,55,2,29041.62,0,0,0,2819.19,22509.61,0.0
M0112873,N,62,1,6791.41,0,1,0,2956.41,7884.84,0.61
M0112874,N,38,0,13778.3,0,0,1,3171.24,19405.19,0.72
M0112875,N,40,2,15653.68,0,2,0,3388.74,17380.52,0.82
M0112876,N,58,0,9082.89,0,2,0,5890.35,6830.36,1.87
M0112877,N,71,1,23084.45,1,2,0,3489.1,20774.03,1.96
M0112878,N,34,2,7131.94,0,2,0,2000.32,6164.35,0.0
M0112879,N,49,2,8723.29,1,0,0,3000.44,10035.77,2.43
M0112880,N,27,2,23459.1,2,2,1,13321.98,15540.25,1.82
M0112881,N,34,0,3977.56,0,0,0,234.97,4531.35,0.0
M0112882,N,27,1,8654.4,0,1,1,4353.87,8062.42,2.02
M0112883,N,54,1,8228.94,0,0,1,1956.4,8565.28,0.0
M0112884,N,66,0,7038.47,0,0,0,1173.71,5065.14,1.13
M0112885,N,66,0,4471.2,1,0,0,1391.44,6201.22,0.0
M0112886,N,53,1,4962.82,0,0,0,822.54,4809.58,0.2
M0112887,Y,72,6,268656.49,3,3,2,67469.71,168840.81,5.68
M0112888,N,47,0,6291.4,0,0,0,2279.17,3311.32,0.89
M0112889,N,52,2,30337.57,0,1,1,10052.71,19769.92,2.13
M0112890,N,61,2,7338.59,0,1,0,2427.61,8490.65,0.96
M0112891,N,66,2,19059.68,0,2,0,9404.41,10597.52,3.11
M0112892,N,77,1,32923.08,0,0,0,3238.21,31486.43,3.78
M0112893,N,39,0,4255.91,0,0,0,845.26,4726.46,0.15
M0112894,N,74,2,35626.39,0,0,0,10274.97,18836.44,1.53
M0112895,N,47,1,5014.57,0,0,1,2161.03,2699.43,0.77
M0112896,N,23,0,7942.79,0,2,0,2768.96,7680.24,0.9
M0112897,Y,82,6,155139.88,4,4,1,74523.23,121420.57,2.78
M0112898,N,41,0,5231.71,0,1,0,877.1,4087.84,0.0
M0112899,N,75,1,6750.09,0,1,0,765.31,5244.89,1.92
M0112900,N,44,1,3861.65,0,0,1,1116.51,5233.5,0.41
M0112901,N,77,1,5909.11,0,1,0,3504.34,1709.92,0.99
M0112902,N,52,1,12828.11,1,0,0,3259.44,15273.19,2.48
M0112903,N,54,1,2126.64,0,0,0,1074.24,2292.54,0.74
M0112904,N,59,0,13421.72,0,2,0,1268.59,13180.03,0.82
M0112905,N,47,2,13741.49,0,0,1,1202.89,12947.37,0.11
M0112906,N,62,1,16699.74,0,1,1,3520.74,12050.69,0.36
M0112907,N,55,0,10467.02,0,0,1,970.82,7349.31,0.55
M0112908,N,46,2,13740.55,0,2,1,1588.29,9893.04,1.61
M0112909,N,41,2,9643.83,1,0,0,5490.64,9891.93,0.47
M0112910,N,44,0,24752.13,0,1,1,5376.11,23565.18,2.5
M0112911,N,59,3,9948.06,0,1,0,2955.67,5127.6,1.49
M0112912,N,59,2,7891.1,0,1,1,2265.59,9451.63,0.69
M0112913,N,61,1,32899.65,1,1,1,5283.87,23357.97,1.17
M0112914,N,67,0,17957.86,1,1,0,4523.3,11334.37,1.16
M0112915,N,43,0,7561.56,1,2,0,1246.5,6805.54,0.53
M0112916,N,77,2,14312.25,0,0,0,5793.27,13034.38,0.0
M0112917,N,19,0,7037.65,1,0,1,3512.07,5161.96,1.82
M0112918,N,70,1,27825.88,0,2,1,4628.3,23663.61,1.6
M0112919,N,29,1,7552.08,1,2,1,2163.72,7661.77,2.69
M0112920,N,26,0,8203.76,0,0,0,1330.29,6886.89,0.69
M0112921,N,49,0,18650.06,2,1,0,2260.05,17947.25,0.0
M0112922,N,43,1,16151.31,0,1,0,2296.91,20222.23,1.98
M0112923,N,28,0,9014.04,1,0,0,1712.73,9521.45,0.0
M0112924,Y,72,4,186305.85,3,1,3,101382.69,97809.21,4.55
M0112925,N,60,2,7715.76,0,1,0,2607.49,5589.47,1.18
M0112926,N,36,0,13841.24,0,1,1,2347.55,10249.82,1.04
M0112927,N,22,1,4171.33,0,3,0,431.77,4141.39,0.15
M0112928,N,57,0,25260.92,0,0,1,5625.76,18387.34,1.33
M0112929,N,74,1,15051.14,0,0,0,3095.92,11788.47,0.98
M0112930,N,65,0,4476.09,0,0,0,3596.23,2897.1,0.87
M0112931,N,66,1,7867.52,0,2,0,1964.73,5373.76,1.56
M0112932,N,57,1,3455.14,0,1,0,1019.54,5036.1,1.39
M0112933,N,40,0,7036.51,0,2,0,630.65,5530.81,0.0
M0112934,N,61,0,14540.52,0,0,0,3769.58,10922.46,1.21
M0112935,Y,66,3,290835.95,2,3,6,107297.08,264577.38,6.49
M0112936,N,39,0,30485.35,0,0,2,2927.15,24171.96,0.85
M0112937,N,28,0,14390.18,0,0,0,7443.59,8014.38,3.22
M0112938,N,49,0,3257.93,0,0,0,638.56,5030.86,1.01
M0112939,Y,41,6,150229.36,3,2,2,34064.82,151455.01,4.3
M0112940,N,48,1,46990.97,0,2,1,2467.77,43567.54,2.17
M0112941,N,65,0,3435.81,0,0,0,567.96,5491.94,0.5
M0112942,N,71,2,17473.1,0,0,0,6301.43,15061.74,2.35
M0112943,N,43,0,13051.19,0,0,0,6713.18,3758.52,0.56
M0112944,N,18,3,10066.85,0,1,0,5905.55,10812.91,1.24
M0112945,N,56,0,4404.91,0,1,0,1673.67,2930.26,1.74
M0112946,N,55,2,5110.86,0,0,0,1512.3,5392.42,1.61
M0112947,N,20,1,22693.85,0,2,0,9971.3,11342.44,0.59
M0112948,N,47,1,13206.12,0,0,1,8578.94,6108.71,0.0
M0112949,N,39,0,7346.54,0,1,0,2643.79,6171.15,0.9
M0112950,N,54,0,9989.12,0,0,2,2894.28,14419.09,2.54
M0112951,N,18,1,8687.5,0,0,0,826.07,6661.3,1.37
M0112952,N,63,1,15584.96,0,1,0,3686.86,13427.88,1.51
M0112953,N,52,0,3917.76,0,0,0,1302.35,5486.78,0.94
M0112954,N,59,3,10339.38,0,0,0,6091.9,6706.53,1.55
M0112955,N,51,0,11782.65,0,0,0,3298.68,8162.66,0.34
M0112956,N,48,0,8866.34,0,1,3,5105.94,9543.05,0.84
M0112957,N,66,0,12394.16,0,0,1,3494.63,10473.15,0.87
M0112958,N,75,1,20736.17,0,1,0,11280.55,11308.74,0.41
M0112959,N,62,1,12674.51,0,0,0,1980.24,8913.13,0.94
M0112960,N,70,2,32364.67,0,0,0,4227.62,23587.34,1.21
M0112961,N,43,1,21215.32,0,4,0,4383.26,20536.55,1.27
M0112962,N,67,0,3582.04,0,0,0,243.17,5522.23,0.88
M0112963,N,68,1,18598.91,0,3,0,5019.21,15735.05,1.9
M0112964,N,38,1,21847.04,0,0,0,7291.97,10493.98,2.8
M0112965,N,21,0,13152.95,0,1,0,5212.27,8465.3,2.03
M0112966,N,36,1,5473.95,0,1,2,652.44,4574.74,1.15
M0112967,N,80,2,6791.57,0,1,0,4361.4,1926.38,0.08
M0112968,N,74,2,9417.13,0,0,1,3077.88,11303.64,1.77
M0112969,N,30,0,19492.09,0,1,0,6204.94,9331.45,0.45
M0112970,N,61,2,35183.94,0,3,3,5037.46,39051.27,1.14
M0112971,N,37,2,20002.85,1,0,1,8487.97,13452.41,1.56
M0112972,N,57,0,7842.04,0,2,0,4171.19,8102.2,0.0
M0112973,N,49,0,5099.93,0,2,0,3667.08,4998.31,0.34
M0112974,N,20,1,9136.37,0,0,0,3947.19,7704.83,1.91
M0112975,N,41,1,5796.7,0,0,0,2439.91,5750.97,0.63
M0112976,N,56,2,2687.71,0,0,0,751.37,3701.82,0.0
M0112977,N,30,1,9389.31,0,1,0,4502.2,5215.35,0.86
M0112978,Y,44,6,289478.75,5,3,1,137101.83,113239.56,4.35
M0112979,N,46,1,11873.21,0,0,0,2688.04,9443.29,0.42
M0112980,N,51,0,13325.26,0,0,1,1480.93,18761.12,0.0
M0112981,N,75,1,6885.1,0,1,1,1585.75,4339.29,0.83
M0112982,N,69,1,8924.37,1,0,0,4150.52,9283.27,1.43
M0112983,N,53,2,3579.91,0,0,0,2533.98,3047.93,0.57
M0112984,N,75,1,4963.88,0,0,0,2146.51,4442.92,1.31
M0112985,N,58,1,29764.93,0,3,2,8336.16,17793.29,2.18
M0112986,N,33,0,5372.07,0,0,1,2991.74,3431.8,1.19
M0112987,N,43,0,4577.89,0,0,0,1661.7,4038.39,0.18
M0112988,N,21,1,11338.32,1,1,0,3274.2,8086.74,1.01
M0112989,N,31,2,15033.58,0,2,2,3710.91,8498.92,0.79
M0112990,N,76,0,12469.61,1,1,0,1242.74,11670.42,0.25
M0112991,N,22,0,9709.29,0,0,0,5514.72,2681.64,0.24
M0112992,N,33,2,10789.21,0,1,0,2447.32,6031.75,2.35
M0112993,N,48,0,12343.88,0,1,0,1411.84,12490.52,0.43
M0112994,N,67,3,14227.86,0,1,0,4657.96,12638.76,0.81
M0112995,N,20,0,9378.36,0,0,0,640.7,11945.7,0.83
M0112996,N,61,0,5915.13,0,0,1,2034.7,7779.69,0.0
M0112997,N,33,0,9568.67,0,0,2,1246.13,6601.8,1.28
M0112998,N,43,0,5396.94,0,0,1,2834.99,4226.14,2.76
M0112999,N,27,2,10019.55,0,0,0,5443.55,4869.57,1.87
M0113000,N,18,0,20533.31,0,0,0,3607.87,14043.72,1.49
M0113001,N,39,1,28016.33,0,0,0,13967.98,19292.2,1.18
M0113002,N,52,0,6459.72,0,0,0,2470.0,4314.52,0.26
M0113003,Y,78,7,275031.09,1,3,4,275674.38,108726.46,4.61
M0113004,N,61,1,12205.98,0,0,0,1094.06,13234.73,0.31
M0113005,N,70,3,13146.83,1,2,0,10878.02,10521.54,1.92
M0113006,N,31,1,11113.98,0,1,1,2239.68,14186.79,0.0
M0113007,N,66,3,18853.4,0,2,0,8507.02,8108.0,0.44
M0113008,N,63,2,16631.64,0,2,1,9315.1,4580.58,0.19
M0113009,N,48,2,6433.94,0,0,0,3282.69,3956.4,1.54
M0113010,N,70,0,6227.0,0,0,0,1055.4,5533.78,0.92
M0113011,N,52,0,13236.95,0,0,0,11147.82,5484.11,0.88
M0113012,N,18,0,15296.88,0,2,0,332.66,15295.83,2.18
M0113013,N,37,1,19040.19,0,3,0,4550.34,10531.22,0.29
M0113014,N,26,3,7727.88,2,2,2,3514.37,9414.19,0.0
M0113015,N,53,0,15121.85,1,1,0,4125.8,12108.18,2.12
M0113016,N,70,1,11518.13,0,1,0,2132.43,14403.94,1.5
M0113017,Y,43,4,140257.15,2,1,1,46956.93,74884.82,3.6
M0113018,N,28,0,19059.39,0,0,0,18180.23,3955.35,1.06
M0113019,N,77,2,5890.87,0,1,0,557.8,4102.09,0.77
M0113020,N,67,1,35807.31,0,1,1,3370.13,25526.22,1.63
M0113021,N,27,1,3822.91,0,0,1,1594.39,2442.99,1.66
M0113022,N,52,0,13839.67,0,1,1,1594.48,20617.25,0.0
M0113023,N,44,0,15455.78,0,1,0,6209.01,12977.65,2.37
M0113024,N,38,1,4630.05,0,0,0,1414.07,2372.67,0.0
M0113025,N,56,0,5007.25,0,0,0,1124.44,6460.13,0.99
M0113026,N,26,1,17227.44,0,3,0,2179.12,13548.52,0.0
M0113027,N,37,1,6210.74,1,1,0,7159.35,3473.11,1.29
M0113028,N,58,1,14112.49,0,0,1,4147.81,15931.3,1.07
M0113029,N,65,0,3920.38,0,0,0,3258.9,2390.58,0.89
M0113030,N,20,1,11830.02,0,0,0,3879.64,5460.2,0.83
M0113031,N,48,1,21004.23,0,0,0,8317.23,8876.46,0.77
M0113032,N,67,2,28085.87,0,1,0,10950.13,26671.4,0.39
M0113033,N,32,2,7794.42,0,0,0,2724.13,7679.16,0.0
M0113034,N,66,2,14247.16,0,0,0,5547.36,9275.02,2.19
M0113035,N,37,0,12165.86,0,0,0,1109.18,8427.98,0.35
M0113036,N,77,2,6402.29,0,0,0,1691.17,4258.07,1.55
M0113037,Y,53,4,179598.77,3,2,4,129727.51,86834.13,2.31
M0113038,N,63,1,24508.79,0,0,0,1759.48,19296.36,1.47
M0113039,N,65,0,5392.72,0,0,0,1872.05,4422.77,0.39
M0113040,N,33,1,3241.82,1,0,1,1037.7,4277.19,1.71
M0113041,N,33,2,6093.09,0,0,1,4690.02,5423.57,0.0
M0113042,N,76,1,5175.47,0,1,0,2974.38,5226.66,1.66
M0113043,N,61,0,13362.16,0,1,0,7817.09,3417.56,1.26
M0113044,N,33,1,15202.0,1,0,0,3250.66,22369.7,0.0
M0113045,N,45,3,17406.28,0,0,0,4916.65,20275.14,3.56
M0113046,N,47,0,5126.08,0,3,0,2607.71,2511.97,2.3
M0113047,N,48,1,31161.77,1,4,0,8674.74,21559.77,2.79
M0113048,N,70,2,4960.86,0,1,0,2903.35,5732.71,0.0
M0113049,N,61,1,3411.82,1,1,1,2158.91,3923.79,2.63
M0113050,N,18,2,19386.16,1,0,0,2699.5,13861.9,2.02
M0113051,N,73,0,26453.94,0,2,0,2744.95,23279.48,0.0
M0113052,N,27,0,15051.67,0,2,0,2339.35,9916.67,1.24
M0113053,N,40,1,9028.56,0,1,1,3452.77,6962.44,1.46
M0113054,N,18,1,9325.66,0,2,1,2023.37,13846.75,1.15
M0113055,N,64,1,5339.83,0,0,1,1532.55,3334.65,0.76
M0113056,N,48,1,8316.91,0,0,0,1037.5,9157.77,0.11
M0113057,N,53,0,9624.49,1,2,0,3522.49,7437.63,0.28
M0113058,N,46,0,27063.92,1,2,0,16261.68,17391.04,0.54
M0113059,N,51,1,9804.05,1,0,0,1623.06,11174.16,1.38
M0113060,N,19,0,29325.73,0,0,0,4359.31,20372.65,1.27
M0113061,N,69,0,11590.07,1,0,1,4312.5,4967.93,1.03
M0113062,N,62,0,6943.61,0,1,0,2709.39,4747.21,1.88
M0113063,N,64,2,3636.78,0,0,0,1337.13,2856.77,1.59
M0113064,N,22,0,16856.97,0,0,0,5617.4,8914.61,0.49
M0113065,N,39,2,8846.83,0,0,0,2814.07,5215.96,1.18
M0113066,N,28,1,4110.05,0,0,0,2195.51,3232.55,0.56
M0113067,N,20,0,58786.68,1,1,0,4052.21,52636.26,1.21
M0113068,N,76,3,17200.4,0,0,0,7913.04,13080.2,1.5
M0113069,N,33,0,17214.95,0,2,1,10474.93,14288.68,2.01
M0113070,N,42,1,7242.24,0,0,1,1124.11,6527.24,1.22
M0113071,N,70,1,22960.52,0,0,0,4232.19,19280.16,0.34
M0113072,N,34,2,27940.35,1,1,1,16000.29,24264.34,0.47
M0113073,N,73,1,5051.97,1,1,0,1225.13,2757.56,0.32
M0113074,N,25,2,4998.97,0,2,0,2744.1,2635.42,1.01
M0113075,N,77,0,5386.57,1,0,0,1121.86,3383.81,0.36
M0113076,N,60,1,10187.81,0,0,0,3315.55,9068.82,0.84
M0113077,N,80,2,9022.19,1,0,0,2697.81,8356.05,1.05
M0113078,N,54,1,1701.25,0,1,0,449.13,2539.32,0.0
M0113079,N,54,1,11012.01,0,0,0,435.7,12975.05,0.6
M0113080,N,71,0,9867.44,0,1,0,5183.5,4955.17,0.84
M0113081,N,24,1,10771.76,0,1,1,3806.72,5549.12,0.0
M0113082,N,43,2,5698.53,0,0,0,1399.43,6028.03,0.0
M0113083,N,51,0,6221.13,1,0,0,6991.61,1652.71,0.0
M0113084,N,39,0,8275.89,0,1,0,1076.91,8728.93,0.63
M0113085,N,28,0,5588.43,0,2,1,1999.37,4290.42,1.12
M0113086,N,37,3,9637.75,0,0,0,4135.03,8142.87,0.13
M0113087,N,30,3,5436.38,0,2,2,599.45,5169.87,2.53
M0113088,N,61,0,9823.3,0,0,0,12172.52,3463.91,1.01
M0113089,N,46,0,5365.71,0,0,2,1038.0,4093.99,1.17
M0113090,N,54,1,7810.37,0,0,0,839.49,6206.68,1.23
M0113091,N,18,0,7914.37,0,1,0,3644.95,9079.02,1.31
M0113092,N,68,0,11118.88,0,2,1,3004.72,5854.07,0.95
M0113093,N,34,2,12172.61,0,0,0,7179.73,6012.89,0.3
M0113094,N,65,2,9456.58,0,2,0,4686.63,8074.33,1.59
M0113095,N,65,1,11187.18,1,0,0,3113.1,5926.29,0.61
M0113096,Y,40,4,246358.24,4,2,3,106603.99,118648.65,3.05
M0113097,N,60,2,5401.52,0,2,0,765.67,5732.63,1.18
M0113098,N,58,0,10436.6,0,1,0,3149.78,5241.86,0.48
M0113099,N,56,1,63622.85,2,1,0,15804.11,50190.07,3.13
M0113100,N,78,2,19723.73,0,0,0,3200.34,31573.07,1.12
M0113101,N,19,2,10161.83,0,1,0,2159.9,8578.24,1.61
M0113102,N,55,1,2846.72,0,0,1,1324.71,2990.9,1.0
M0113103,N,19,1,5617.73,0,2,0,1569.91,3828.69,0.29
M0113104,N,75,0,31888.25,2,2,1,22684.64,14852.07,2.62
M0113105,Y,47,5,328420.57,2,3,6,138416.27,152184.91,4.04
M0113106,N,60,1,17082.81,0,1,0,2292.03,21233.23,0.52
M0113107,Y,74,5,257927.06,2,3,2,42363.71,174617.3,5.67
M0113108,N,24,1,3136.3,0,0,2,1615.28,2123.18,1.84
M0113109,N,60,0,3519.23,0,0,1,1934.82,3436.95,0.23
M0113110,Y,50,4,223621.09,5,1,3,61755.15,161197.62,2.0
M0113111,N,42,2,13585.65,0,0,0,3450.47,8316.29,1.98
M0113112,N,46,1,21012.12,0,0,0,4077.37,16742.75,1.63
M0113113,N,30,0,6453.64,0,0,1,865.7,5930.52,0.5
M0113114,N,18,1,1696.1,0,2,1,846.45,1247.83,0.92
M0113115,N,77,1,7179.03,0,0,0,446.62,11955.23,0.05
M0113116,N,22,2,7788.5,0,1,0,1721.21,6991.1,0.41
M0113117,N,64,2,8295.42,0,0,0,5063.07,7502.68,0.0
M0113118,N,54,0,36552.1,0,1,0,3238.67,29549.28,0.0
M0113119,N,38,0,5929.43,0,0,0,1317.34,4468.56,0.52
M0113120,N,63,3,33294.93,0,0,1,4736.76,25428.58,1.08
M0113121,Y,64,4,296842.57,2,1,4,137676.8,259107.85,5.64
M0113122,N,30,0,14141.44,0,0,1,3414.74,11346.87,1.31
M0113123,N,38,1,7289.97,1,1,1,2710.29,7230.1,1.44
M0113124,N,48,0,12186.71,0,0,0,5666.0,6532.49,0.12
M0113125,N,22,2,14800.24,0,0,1,10881.47,9364.1,1.91
M0113126,N,37,3,31344.77,0,0,0,9318.9,19670.68,3.03
M0113127,N,72,1,8004.87,1,0,0,2730.49,5695.06,0.9
M0113128,N,69,1,6251.22,1,0,0,1642.49,5085.41,0.71
M0113129,N,18,0,4166.07,0,0,0,1681.7,5285.41,0.09
M0113130,N,72,1,16120.7,1,0,1,2825.26,11039.29,2.54
M0113131,N,37,0,9636.98,0,2,0,10493.0,4401.95,0.0
M0113132,N,35,0,2240.4,0,1,0,467.86,1658.71,0.0
M0113133,N,20,2,15929.62,1,1,0,3882.08,10559.99,2.54
M0113134,N,19,0,7405.68,0,1,1,1798.39,9154.02,1.19
M0113135,N,70,2,20570.98,1,1,0,20111.98,13749.22,0.57
M0113136,N,77,1,69482.1,1,0,0,3672.0,55295.87,1.45
M0113137,N,18,2,4698.07,0,0,1,1108.49,3580.35,0.93
M0113138,N,77,1,6753.38,0,0,0,2855.84,3726.3,1.8
M0113139,N,48,0,3020.43,0,0,0,742.54,1984.14,0.0
M0113140,N,20,0,26128.32,0,0,0,9906.93,10535.07,1.05
M0113141,N,50,1,14265.8,2,0,1,5337.83,7814.68,2.12
M0113142,N,60,0,21057.51,0,2,1,3737.7,14354.95,1.59
M0113143,N,77,1,8088.63,0,1,2,2913.13,5863.04,1.33
M0113144,N,35,1,9812.64,2,0,0,3978.57,10762.46,0.0
M0113145,Y,78,6,193222.18,2,4,4,54192.92,173951.52,5.39
M0113146,N,48,1,28876.24,1,0,1,10622.21,21010.57,1.39
M0113147,N,25,0,4290.21,1,2,2,1931.27,5317.91,0.53
M0113148,N,61,1,5449.09,0,0,1,1717.71,4944.01,1.68
M0113149,N,69,0,9798.91,0,1,0,816.12,8545.65,1.48
M0113150,N,67,2,11259.03,1,1,1,3338.84,5850.68,1.38
M0113151,N,68,1,38689.07,0,3,0,8356.49,37919.32,2.59
M0113152,N,58,1,7659.56,0,0,0,561.58,5969.64,0.39
M0113153,N,68,0,2424.92,0,0,0,495.94,2961.3,0.97
M0113154,N,54,1,22675.63,0,1,0,8376.27,15277.02,0.52
M0113155,N,21,2,30456.18,0,0,0,3452.66,20786.02,2.1
M0113156,N,75,0,18340.47,0,0,0,2346.68,13680.66,1.18
M0113157,N,72,2,10456.62,0,1,0,7864.31,10455.5,1.79
M0113158,N,80,1,6115.19,0,1,1,1307.83,5236.53,1.01
M0113159,N,29,0,6609.37,1,0,0,4097.69,4216.69,1.38
M0113160,N,72,0,4481.18,0,0,0,1811.56,3093.81,1.74
M0113161,N,21,2,7942.05,0,2,0,1129.56,7210.88,1.6
M0113162,N,18,1,10364.69,0,0,0,1804.74,13679.43,0.6
M0113163,N,33,0,9135.06,0,2,0,6305.16,3707.19,1.45
M0113164,N,46,1,7056.98,0,1,0,1024.4,5202.03,0.0
M0113165,N,32,1,11785.36,0,0,0,1720.05,14355.41,0.8
M0113166,N,44,3,22535.78,0,1,0,4444.86,26759.23,2.31
M0113167,N,65,1,11560.91,0,1,0,4984.41,9049.22,1.87
M0113168,N,70,1,12717.19,1,1,1,1883.46,10440.83,1.42
M0113169,N,79,0,17393.11,1,1,0,2995.51,12483.64,3.89
M0113170,N,31,2,31791.31,0,0,1,5206.01,34932.61,2.47
M0113171,N,26,2,10040.45,0,2,0,6872.57,6040.46,0.0
M0113172,N,56,3,26959.49,0,3,0,5875.53,31737.09,2.02
M0113173,N,44,0,10323.77,0,0,0,5621.69,6805.61,0.71
M0113174,N,38,2,4291.93,0,0,0,778.94,5221.88,1.33
M0113175,N,61,0,14364.79,1,1,0,5438.0,12846.95,1.42
M0113176,N,41,1,5950.32,0,3,0,1278.56,4063.86,0.63
M0113177,N,65,0,29403.51,0,0,2,1829.47,23815.3,0.93
M0113178,N,72,0,5149.44,0,0,0,1884.99,2557.95,0.43
M0113179,N,21,0,19775.83,0,1,0,8746.16,11457.51,0.76
M0113180,N,21,1,9607.7,0,0,1,4450.17,12021.59,1.76
M0113181,N,40,1,9281.88,0,0,0,3270.01,6413.01,1.54
M0113182,N,19,2,10205.12,0,2,0,3303.37,11253.18,1.77
M0113183,N,77,0,5050.78,0,0,0,869.92,5230.14,0.46
M0113184,Y,44,7,350126.8,2,8,3,203915.93,211653.76,5.34
M0113185,N,23,0,5994.45,0,0,0,874.56,7469.0,1.04
M0113186,N,72,1,7128.44,0,0,1,2139.38,9656.13,0.5
M0113187,N,28,2,17311.69,0,2,0,2302.45,20287.57,1.42
M0113188,N,56,3,29453.16,0,0,0,3961.91,31879.68,3.11
M0113189,N,54,0,5871.22,0,2,0,2122.86,3550.99,0.1
M0113190,N,56,0,10033.46,0,0,0,3880.94,8160.11,1.83
M0113191,N,57,1,15272.62,0,2,0,4771.81,11445.89,0.48
M0113192,N,60,1,7964.82,0,0,0,2451.98,4758.3,1.2
M0113193,N,70,0,9713.6,0,0,0,4220.09,8786.09,0.85
M0113194,N,37,0,9643.89,1,0,0,3792.22,8443.64,1.76
M0113195,Y,67,8,200004.79,3,7,8,92047.77,162811.94,6.57
M0113196,N,25,2,7073.97,1,1,2,5346.67,2344.39,1.56
M0113197,N,49,0,5421.41,1,0,0,4133.18,4298.47,0.0
M0113198,N,65,2,3839.0,0,0,0,2260.56,2568.83,0.62
M0113199,N,62,2,24250.92,2,1,1,7683.92,14621.63,1.38
M0113200,N,70,1,11682.41,0,1,0,1796.55,12597.22,1.74
M0113201,N,74,1,27936.52,0,2,2,11763.95,15559.97,2.65
M0113202,N,59,1,7241.71,0,0,1,3147.29,6760.54,0.88
M0113203,N,65,1,12773.66,0,1,0,2175.53,9755.94,0.01
M0113204,N,35,2,3590.08,0,2,0,1962.2,2625.67,1.78
M0113205,N,23,1,13763.39,0,2,1,4228.83,13337.87,1.81
M0113206,N,32,1,2253.32,1,0,0,1668.57,1350.97,0.29
M0113207,N,29,1,3938.77,0,0,0,243.21,4921.46,0.13
M0113208,N,42,0,3541.8,0,0,0,3111.54,2619.78,1.48
M0113209,N,60,0,3046.58,0,0,1,1447.3,2174.76,0.62
M0113210,N,21,3,14694.76,0,1,0,4247.58,8502.29,1.06
M0113211,N,34,1,12239.26,0,1,1,3540.45,12224.97,1.71
M0113212,N,36,1,11076.06,0,3,0,2608.96,8456.67,1.81
M0113213,N,72,1,11377.49,0,0,0,1129.27,8590.71,0.7
M0113214,N,19,1,17045.09,0,1,0,3274.48,11920.71,0.0
M0113215,N,57,1,5705.49,0,1,0,1060.3,8011.95,0.38
M0113216,N,52,1,10582.56,0,0,0,5050.26,13755.86,1.3
M0113217,N,79,1,8896.19,0,0,0,1123.66,8779.23,1.21
M0113218,N,63,4,16192.62,1,2,2,6231.2,7579.95,1.81
M0113219,N,26,1,7678.54,0,0,0,1341.16,6556.61,1.48
M0113220,N,53,1,9619.81,0,1,0,2082.66,7262.59,0.9
M0113221,N,47,0,5160.85,0,0,0,748.76,4183.68,0.69
M0113222,N,26,2,10880.65,1,0,0,1941.83,7566.19,1.3
M0113223,N,38,0,8709.76,0,0,0,2195.61,11200.88,2.23
M0113224,N,39,0,9721.47,0,1,0,2219.29,8907.56,0.04
M0113225,N,46,2,15131.51,1,0,0,5378.5,10557.19,0.97
M0113226,N,32,0,2898.46,0,2,0,2145.85,2495.51,0.0
M0113227,N,30,1,14895.54,0,1,0,3633.93,12337.3,1.87
M0113228,Y,58,7,429498.58,6,5,6,102369.28,416868.93,6.01
M0113229,N,24,0,6589.26,0,0,1,2256.61,8488.05,2.08
M0113230,N,78,0,12633.79,0,0,0,8720.81,3760.82,0.71
M0113231,Y,69,6,204714.88,2,4,2,89171.55,141732.76,3.14
M0113232,N,80,1,6939.8,0,0,0,1957.86,3531.17,0.54
M0113233,N,45,2,4990.58,0,0,0,2393.96,4794.51,2.08
M0113234,N,53,1,7011.02,0,0,0,2627.33,6865.05,1.19
M0113235,N,48,1,23376.16,0,4,1,12026.35,19784.04,2.7
M0113236,N,75,2,3841.87,1,0,0,1532.39,2951.72,0.84
M0113237,Y,64,3,191790.56,3,3,2,87958.77,135073.0,4.81
M0113238,N,54,2,19153.65,0,1,0,3666.51,17144.37,0.89
M0113239,N,26,0,5928.97,1,1,0,2532.81,7776.16,0.3
M0113240,N,58,1,11573.74,0,2,0,3990.75,11297.18,1.37
M0113241,N,56,0,11867.24,0,0,0,2237.58,8253.11,0.68
M0113242,N,50,1,5186.87,0,2,0,2009.3,7074.7,1.14
M0113243,N,22,1,14850.52,0,0,0,10587.69,13633.42,1.21
M0113244,N,40,2,25853.61,0,2,0,1662.98,34164.47,1.47
M0113245,N,50,0,7090.69,0,0,0,956.76,9800.33,1.42
M0113246,N,28,1,18413.53,0,0,0,7393.74,11218.29,2.66
M0113247,N,19,1,11188.01,0,0,0,3335.99,7906.58,0.86
M0113248,N,33,3,19313.98,0,2,1,8796.31,8962.89,3.19
M0113249,N,34,1,9573.46,0,1,0,2753.47,6166.29,0.69
M0113250,N,18,0,6249.23,0,0,0,2414.78,2687.65,2.58
M0113251,Y,52,5,352958.58,4,2,3,152036.33,341912.03,4.46
M0113252,N,68,1,18037.65,0,1,0,742.05,13872.62,0.4
M0113253,N,35,1,26343.47,2,1,1,1590.45,19481.88,3.0
M0113254,N,64,2,6478.04,0,0,1,2211.13,7835.13,1.22
M0113255,N,54,0,7392.55,0,0,0,3722.16,4939.22,0.95
M0113256,N,40,0,4681.07,0,0,2,783.99,4597.1,0.0
M0113257,N,77,1,9067.98,0,2,0,1199.18,12585.56,0.45
M0113258,N,28,0,16960.12,0,2,0,5146.51,8890.2,0.45
M0113259,N,73,0,3201.22,0,0,0,1420.05,1172.24,1.03
M0113260,N,60,1,6262.85,0,0,1,763.2,4159.6,0.0
M0113261,Y,85,5,250335.42,2,2,3,75987.58,180658.18,5.2
M0113262,N,33,1,15246.88,0,0,1,5593.12,12991.49,3.35
M0113263,N,72,2,10302.02,0,2,1,5053.29,7003.26,1.05
M0113264,N,74,0,8518.47,1,1,1,5217.84,4875.45,1.3
M0113265,N,61,1,9973.17,0,0,1,1870.65,9867.79,0.59
M0113266,N,74,1,4420.41,0,0,0,1375.26,5318.93,0.96
M0113267,N,76,1,7151.59,0,1,0,3387.31,6370.05,0.0
M0113268,N,30,1,15446.98,1,2,0,8972.93,5152.73,1.03
M0113269,N,33,1,11230.74,0,0,0,2622.05,12548.23,0.89
M0113270,Y,46,7,189799.94,5,5,5,94436.2,109957.57,6.16
M0113271,N,57,1,15108.76,0,0,2,2372.33,23537.64,1.69
M0113272,N,76,1,5915.47,0,0,0,2551.49,3550.02,2.49
M0113273,N,45,0,19450.8,0,0,2,3726.86,13505.07,0.61
M0113274,N,50,0,3591.07,0,0,0,843.59,5344.49,1.11
M0113275,N,36,2,16802.58,2,0,0,5392.21,8711.3,1.06
M0113276,N,45,0,24051.06,0,1,0,22769.08,6469.6,1.27
M0113277,N,32,2,17426.12,1,0,0,4393.85,12492.39,1.29
M0113278,N,66,1,9630.88,0,0,0,2968.47,5196.71,0.59
M0113279,N,45,1,37768.9,0,2,1,7138.43,27360.96,2.01
M0113280,N,28,0,3743.89,0,0,0,2199.5,2832.36,0.78
M0113281,N,26,0,11803.49,1,1,2,2403.32,9962.83,0.05
M0113282,N,26,0,5213.12,1,1,0,864.42,4331.81,1.54
M0113283,N,35,0,12212.81,0,0,0,10506.76,7124.05,0.28
M0113284,N,39,0,3335.2,1,1,0,528.19,2580.3,0.0
M0113285,N,32,1,3437.11,0,0,0,1941.87,1198.32,0.0
M0113286,N,47,0,3794.38,0,0,0,1056.2,1933.66,0.0
M0113287,N,59,1,21801.97,0,1,0,7617.08,9685.8,0.62
M0113288,N,28,1,18116.78,0,2,0,1788.6,26726.95,1.88
M0113289,N,27,0,6069.77,0,0,0,1536.01,5145.86,0.0
M0113290,N,50,1,19656.82,0,0,0,3593.56,19963.49,0.92
M0113291,N,54,1,9278.24,0,0,0,1130.62,8727.95,1.21
M0113292,N,77,0,23821.55,0,0,0,3874.66,19240.89,0.0
M0113293,N,59,0,26969.41,0,0,1,10081.53,22112.72,0.71
M0113294,N,22,1,8184.31,0,0,0,1883.9,4869.04,0.26
M0113295,N,55,0,14678.29,0,1,0,2657.81,10082.09,0.14
M0113296,N,42,3,32552.38,0,1,1,8144.77,23937.42,2.62
M0113297,N,58,0,5589.06,0,0,0,3159.94,3798.48,1.12
M0113298,N,72,0,4748.24,0,0,0,1612.36,2789.93,0.0
M0113299,N,68,1,9088.8,0,1,0,2111.14,7139.63,0.78
M0113300,N,76,3,5516.59,0,0,0,1408.05,6294.84,0.95
M0113301,N,69,2,3046.51,0,0,0,418.39,2769.09,1.56
M0113302,N,74,1,10689.15,0,1,0,2228.92,7185.24,2.76
M0113303,N,42,0,3417.8,0,0,0,926.86,1927.59,2.47
M0113304,N,37,0,19615.17,0,0,0,3105.25,21233.9,1.52
M0113305,N,39,2,5482.15,0,1,0,3890.4,5479.79,1.62
M0113306,N,47,1,5799.73,0,0,0,1918.46,5603.82,0.0
M0113307,N,47,0,4471.54,0,0,0,2590.99,4542.55,0.0
M0113308,N,18,1,13539.2,0,1,0,954.28,12346.75,0.6
M0113309,N,58,1,23634.62,0,2,0,5661.51,16683.74,1.62
M0113310,N,62,0,6042.94,0,0,0,1074.71,5233.16,0.0
M0113311,N,74,3,22039.4,0,0,1,4063.79,13822.44,0.67
M0113312,N,78,0,5933.07,0,1,0,1130.07,4041.57,0.95
M0113313,N,29,3,20475.55,0,0,0,1049.7,22764.88,0.0
M0113314,N,42,1,5365.37,0,1,0,1538.08,5639.44,0.47
M0113315,N,21,2,4748.77,0,1,0,2294.95,4264.4,2.05
M0113316,N,67,2,3420.36,0,1,1,2018.97,2599.5,0.92
M0113317,N,32,0,5702.0,0,0,0,1429.62,6741.46,0.37
M0113318,N,20,0,10896.42,0,0,0,3404.02,8979.27,0.0
M0113319,N,32,1,5872.36,0,0,0,2111.23,3688.65,1.29
M0113320,Y,81,6,324655.6,4,5,5,123957.5,201357.26,5.82
M0113321,Y,57,6,306472.81,1,5,3,92288.59,213547.16,5.18
M0113322,N,76,0,9987.39,0,0,0,3252.56,7070.26,2.34
M0113323,N,47,0,13009.69,0,2,0,5436.19,10165.36,0.0
M0113324,N,51,2,22804.29,0,4,0,9961.84,9422.45,1.6
M0113325,N,40,0,10962.34,0,0,0,1945.05,6824.9,0.12
M0113326,N,26,1,5398.73,0,0,0,2554.46,2451.14,0.98
M0113327,N,63,0,9934.97,1,1,2,2463.35,8028.87,1.71
M0113328,N,65,2,6153.77,0,0,0,2487.85,4872.3,0.14
M0113329,N,38,0,5053.52,1,2,0,1454.65,4675.36,1.37
M0113330,N,65,2,47231.77,0,1,1,18574.56,20705.78,0.29
M0113331,N,69,1,19420.7,0,1,0,6326.13,9904.24,2.02
M0113332,N,80,0,9960.61,0,1,1,2239.68,15621.07,0.2
M0113333,N,28,2,12137.13,0,0,1,3323.1,11252.96,0.05
M0113334,N,37,2,16815.97,1,0,1,2832.47,11002.7,0.32
M0113335,N,43,2,9800.52,0,1,0,2330.11,7583.54,0.83
M0113336,N,78,2,14797.53,0,0,0,9643.72,8467.49,1.25
M0113337,N,75,1,22395.05,1,2,0,4669.32,26529.24,1.5
M0113338,N,23,0,3447.32,0,0,0,1379.65,1937.66,0.0
M0113339,N,69,0,4838.37,0,1,0,1344.76,4509.83,0.0
M0113340,N,66,3,12467.34,0,0,0,8044.96,8989.45,1.52
M0113341,N,72,0,8644.05,0,0,0,2956.85,5088.0,1.81
M0113342,N,50,3,21993.14,1,2,2,3691.47,18730.2,1.38
M0113343,N,34,2,17595.67,0,2,1,3954.21,15300.04,1.21
M0113344,N,18,1,8538.74,0,0,0,2127.86,11772.9,0.63
M0113345,N,31,1,16961.23,0,2,2,2269.52,13433.47,1.2
M0113346,N,44,1,7513.62,0,0,0,1664.01,4767.77,0.0
M0113347,N,36,1,11286.56,0,0,0,6280.37,8702.31,0.58
M0113348,N,22,2,10359.29,0,0,0,5399.3,12082.9,0.0
M0113349,N,53,1,14583.06,0,2,0,5558.47,8751.13,1.07
M0113350,N,53,0,26450.61,0,0,0,4359.55,18380.68,0.8
M0113351,N,67,2,4285.07,0,0,0,1318.42,4779.1,1.42
M0113352,N,45,2,26417.18,0,0,1,8036.2,26559.32,0.68
M0113353,N,34,1,26276.83,1,1,1,6832.57,19815.8,2.2
M0113354,N,19,2,9395.05,1,0,1,1014.39,11788.73,1.29
M0113355,N,59,0,18619.95,0,0,0,10396.53,8815.83,2.6
M0113356,N,52,0,6424.35,0,2,1,1004.27,8574.8,1.58
M0113357,N,28,3,4181.53,0,1,0,1026.53,4527.29,1.13
M0113358,N,19,2,11350.23,0,1,0,4027.58,5124.62,0.0
M0113359,N,55,0,5452.9,0,0,0,1048.38,6010.39,0.0
M0113360,N,40,1,14514.15,0,0,0,2571.19,9026.18,1.81
M0113361,N,42,0,6384.05,0,0,1,802.68,6814.29,1.37
M0113362,N,57,0,15624.6,1,0,1,15760.11,4640.85,1.0
M0113363,N,59,1,2968.92,0,0,0,1547.06,3516.44,0.03
M0113364,N,69,1,4477.25,0,2,0,2840.66,4339.47,0.92
M0113365,N,24,1,2896.0,0,1,0,583.62,2585.3,1.6
M0113366,N,19,0,5984.04,1,0,0,1671.79,8357.62,0.0
M0113367,Y,45,7,257341.53,4,4,4,96983.3,172778.31,7.49
M0113368,N,20,2,10554.8,0,1,1,3637.4,10513.91,2.21
M0113369,N,18,0,4633.4,0,3,0,2299.02,4168.49,0.04
M0113370,N,44,0,5710.65,0,0,0,289.88,7720.22,0.0
M0113371,N,21,2,27969.33,0,3,0,9615.29,25803.4,1.72
M0113372,N,35,0,10661.09,0,0,0,2039.63,10821.31,0.0
M0113373,N,53,3,16814.57,0,0,0,2236.92,22755.51,0.14
M0113374,N,54,0,18070.45,1,2,0,5452.12,14036.49,2.62
M0113375,N,27,3,17113.43,1,1,0,5352.84,10456.16,0.27
M0113376,N,66,2,12954.52,0,2,1,9949.89,9926.98,0.95
M0113377,N,73,0,21777.47,0,0,0,6013.42,11513.95,1.41
M0113378,N,67,3,19217.04,2,2,1,10576.82,13571.74,3.16
M0113379,N,42,1,11786.83,0,0,0,2443.52,8771.23,0.16
M0113380,N,78,0,11084.6,0,0,0,3064.58,5853.1,1.36
M0113381,N,65,0,3081.21,0,0,0,758.48,1976.93,0.06
M0113382,N,51,1,15486.62,0,2,0,2898.01,9986.05,0.83
M0113383,N,78,1,6461.93,0,0,0,6904.2,3435.99,1.68
M0113384,N,65,0,9780.29,0,0,0,1050.19,7820.66,0.0
M0113385,N,19,1,20904.95,1,1,0,9600.06,10529.84,0.47
M0113386,N,64,0,9577.03,0,1,0,2818.96,8148.52,0.37
M0113387,N,79,1,6601.05,0,1,0,1955.96,3535.76,1.05
M0113388,N,74,2,9684.07,0,0,0,2206.31,10930.62,0.69
M0113389,N,46,2,14170.58,0,0,0,8446.51,7283.54,2.08
M0113390,N,48,1,13675.74,0,1,0,3702.4,8069.08,1.0
M0113391,N,48,1,6563.28,0,2,0,1226.14,6557.63,0.52
M0113392,N,72,2,22465.38,1,0,1,2369.72,21239.5,1.13
M0113393,N,28,2,10093.6,0,2,0,3061.33,4994.81,2.45
M0113394,N,38,2,26192.91,1,0,0,6208.06,18314.5,1.85
M0113395,N,43,0,3336.51,0,0,0,886.8,2216.61,1.94
M0113396,N,49,1,4659.71,0,1,1,1280.41,5083.22,1.87
M0113397,N,36,2,16686.57,1,1,0,1238.88,18704.09,3.15
M0113398,N,76,0,6408.82,0,0,1,4320.87,4917.83,0.65
M0113399,N,18,1,14280.96,1,3,0,2895.94,15178.15,0.61
M0113400,N,46,1,10881.69,0,2,0,6133.88,7372.99,1.36
M0113401,N,64,1,15252.34,0,0,1,4689.66,8036.34,2.25
M0113402,N,21,0,10404.75,2,1,1,2207.47,11822.46,1.13
M0113403,N,35,0,13866.02,0,2,0,669.09,11578.77,0.07
M0113404,Y,71,2,136415.97,4,3,1,83793.85,107078.47,3.61
M0113405,N,71,1,6161.43,0,2,0,1964.03,8318.46,0.06
M0113406,N,47,2,51559.15,3,0,0,36009.38,6486.77,1.02
M0113407,N,64,1,16579.4,0,2,0,8007.03,10661.52,1.26
M0113408,N,51,2,43907.75,0,0,1,14175.04,23941.74,2.75
M0113409,N,49,2,4514.08,0,0,1,720.72,6566.64,0.79
M0113410,N,77,0,12282.04,1,0,0,1851.35,8096.21,0.44
M0113411,N,49,0,5047.66,1,0,0,2127.89,2377.57,0.0
M0113412,N,30,0,55021.16,0,1,0,3423.79,42653.21,1.0
M0113413,N,52,1,9807.36,0,0,0,2409.62,6627.36,0.0
M0113414,N,45,1,21629.08,0,0,0,1720.43,16773.07,0.24
M0113415,N,61,1,9393.2,0,1,1,6157.01,9849.79,1.11
M0113416,N,31,1,8007.82,0,0,0,1680.18,11905.0,0.96
M0113417,N,22,0,17861.77,0,1,0,22064.98,8856.75,1.73
M0113418,N,28,0,3937.08,0,0,0,1107.69,5169.03,0.41
M0113419,N,48,2,7953.2,2,2,0,3234.28,5643.34,1.27
M0113420,N,66,0,5428.49,0,0,2,507.93,6238.54,0.95
M0113421,N,50,2,38091.43,0,2,1,4805.32,25274.95,2.59
M0113422,N,61,1,8510.16,1,0,0,3647.54,10699.77,2.4
M0113423,N,43,0,12882.25,0,0,0,4357.76,9306.88,0.24
M0113424,N,68,0,3773.61,0,0,0,2767.15,3294.8,0.19
M0113425,N,29,0,5684.46,0,1,0,5612.14,3267.04,1.22
M0113426,N,37,0,4698.19,0,0,0,1509.67,3065.92,0.0
M0113427,N,38,3,11514.08,0,1,0,2700.85,9481.37,0.9
M0113428,N,64,1,11967.74,0,0,0,3405.83,7322.48,1.07
M0113429,N,76,1,24066.89,0,0,0,4901.17,16846.17,1.2
M0113430,N,76,0,8589.57,0,1,2,3409.75,7240.85,1.07
M0113431,N,79,0,8836.52,0,0,0,301.51,8220.85,1.38
M0113432,N,67,2,10826.3,1,1,0,1722.0,13335.71,1.04
M0113433,N,47,1,8672.52,0,1,0,4955.88,4615.14,0.9
M0113434,N,23,1,17267.99,0,1,0,4848.5,13337.6,1.43
M0113435,N,57,0,13270.72,0,0,1,3686.16,8770.73,0.61
M0113436,N,68,1,5923.48,0,0,0,2188.78,4475.72,0.68
M0113437,N,43,2,7791.26,0,1,0,2730.68,7387.7,0.81
M0113438,N,60,3,12196.19,0,1,2,2654.15,15174.27,2.59
M0113439,N,18,1,16768.31,0,1,0,6098.81,8350.96,1.03
M0113440,N,37,1,5250.09,0,0,0,1328.89,5375.54,1.01
M0113441,N,29,0,5179.92,0,0,1,926.4,3795.82,1.33
M0113442,N,80,1,6119.69,0,1,0,2117.44,6287.09,0.0
M0113443,N,29,1,23348.35,0,0,0,7871.27,12249.29,1.4
M0113444,N,59,1,5342.37,0,0,0,711.57,7179.67,1.82
M0113445,N,44,1,4370.5,0,1,1,2264.83,4466.71,0.31
M0113446,N,72,2,18223.01,2,3,0,4073.45,13603.54,2.54
M0113447,N,55,1,5807.66,0,0,0,1887.47,4412.81,0.41
M0113448,N,25,2,12775.73,1,0,1,2056.8,8004.75,0.0
M0113449,N,20,0,32333.75,0,0,1,3299.13,25722.15,0.78
M0113450,N,48,1,13826.83,0,0,0,2812.62,9262.72,2.25
M0113451,N,66,2,46007.87,1,0,1,7893.23,34594.49,1.67
M0113452,N,39,2,33231.7,0,0,0,17384.02,24393.2,1.37
M0113453,N,25,2,13064.53,0,1,0,2200.05,8814.31,0.68
M0113454,N,19,1,5914.4,0,1,0,1634.85,4397.77,0.0
M0113455,N,32,0,6463.59,0,0,0,1042.07,4437.42,1.01
M0113456,N,71,1,19359.46,0,1,0,5220.1,10866.07,1.71
M0113457,N,23,5,35038.82,0,1,1,2760.3,27758.83,0.8
M0113458,Y,84,7,282855.57,3,5,1,45603.37,202446.21,7.09
M0113459,N,48,0,7377.38,0,0,0,5049.35,5621.74,0.0
M0113460,N,62,0,16812.19,0,0,0,671.45,13230.15,0.05
M0113461,N,63,3,9156.26,0,1,0,5825.75,10789.71,0.91
M0113462,N,31,2,12753.81,0,0,1,9357.21,3989.69,2.42
M0113463,N,55,1,24344.26,0,1,1,12851.01,21240.83,2.76
M0113464,N,59,2,10680.84,0,1,0,5199.7,3731.68,1.7
M0113465,N,24,2,10715.89,0,2,0,1439.72,7186.86,1.67
M0113466,N,71,0,4940.25,0,1,0,1093.88,3845.79,0.0
M0113467,N,29,1,4531.87,0,0,0,1275.3,3020.25,0.0
M0113468,N,59,1,2992.68,0,1,0,1387.29,3784.25,0.0
M0113469,N,58,1,13833.1,0,1,0,11586.87,10033.01,0.9
M0113470,Y,57,3,192313.91,2,5,4,65948.85,205538.72,4.02
M0113471,N,49,0,3764.4,0,1,0,358.43,3310.56,0.0
M0113472,N,34,0,5068.18,0,0,0,3757.33,3634.79,0.73
M0113473,N,36,1,10809.21,0,0,1,6826.74,3104.36,0.89
M0113474,N,63,1,13461.97,0,0,0,2096.88,8625.65,0.0
M0113475,N,58,3,10754.02,0,2,1,3639.73,8258.91,1.42
M0113476,N,24,1,4977.09,1,1,0,5277.91,3338.59,0.73
M0113477,N,19,0,10163.91,0,0,0,1617.21,7396.84,0.43
M0113478,N,69,0,9069.21,0,1,0,2373.76,4986.68,0.63
M0113479,N,45,1,5920.21,0,0,2,2470.31,3038.53,1.88
M0113480,N,41,1,57811.85,1,2,0,15083.4,32231.62,2.58
M0113481,N,38,2,73266.7,0,2,0,3962.48,53489.75,0.7
M0113482,N,45,1,9299.98,0,2,0,5460.93,4700.02,1.23
M0113483,N,71,1,6550.87,0,0,1,3899.98,5281.99,0.0
M0113484,N,67,1,9579.95,0,0,0,1295.34,13059.42,0.0
M0113485,Y,63,4,100760.36,1,3,3,56926.09,69088.11,4.26
M0113486,N,65,1,8626.71,0,0,1,2757.12,10933.0,0.07
M0113487,N,42,3,7875.29,0,1,1,4477.18,6394.16,2.49
M0113488,N,79,1,19974.79,0,0,0,5114.48,12970.49,0.09
M0113489,N,74,0,6414.16,0,1,0,1001.93,4496.93,0.0
M0113490,N,76,1,12528.1,0,0,0,661.32,9309.0,1.24
M0113491,N,32,1,26736.04,1,1,0,3327.92,22769.75,1.61
M0113492,N,34,2,12112.01,0,1,0,1639.14,18000.97,1.58
M0113493,N,68,2,21564.86,0,1,1,8266.13,17175.81,2.11
M0113494,N,43,1,7964.64,1,0,0,1569.36,10162.93,0.08
M0113495,N,34,0,15395.49,0,0,1,13412.19,9176.38,2.01
M0113496,N,49,0,13828.02,0,2,0,4094.44,10805.02,1.19
M0113497,N,77,2,26927.45,2,1,0,7658.87,15460.06,1.64
M0113498,N,58,2,11356.09,0,1,1,909.79,10656.59,0.78
M0113499,N,29,2,13179.03,0,0,0,2760.76,8506.26,0.91
M0113500,N,46,1,9535.2,1,1,2,6697.65,4505.79,1.77
M0113501,N,44,0,17145.03,0,0,2,4095.71,9386.47,1.05
M0113502,N,34,1,6616.18,0,2,0,1091.95,4728.18,1.64
M0113503,N,27,0,9800.46,0,0,0,7760.97,5233.37,0.39
M0113504,N,37,0,14242.12,0,0,0,1576.7,9555.83,0.0
M0113505,N,47,1,5300.3,0,0,0,3133.26,2277.94,0.71
M0113506,N,56,1,11403.32,0,1,0,4285.26,9575.78,1.03
M0113507,N,45,2,8684.93,0,2,0,988.04,7550.79,0.77
M0113508,N,24,1,34737.1,0,2,1,5127.75,23912.64,3.12
M0113509,N,31,2,3849.13,0,2,0,1209.81,5543.02,0.19
M0113510,N,46,1,6470.07,0,0,0,2190.66,4533.53,0.55
M0113511,N,38,0,19633.09,0,0,0,12119.43,5228.31,1.76
M0113512,N,66,1,14950.66,1,0,0,3962.64,11310.91,1.63
M0113513,N,60,0,8951.59,0,0,2,4161.11,5309.66,0.0
M0113514,Y,61,4,158436.68,1,3,3,64603.37,90348.0,6.85
M0113515,Y,63,5,195435.54,4,5,1,75710.65,161969.87,5.14
M0113516,N,40,2,11236.73,0,1,0,5209.67,5558.79,1.08
M0113517,N,33,0,3360.25,0,0,0,1885.47,2414.73,0.0
M0113518,N,74,1,12760.47,0,1,0,2440.15,10283.26,1.24
M0113519,N,56,0,23970.57,0,0,0,10754.6,26298.34,0.04
M0113520,N,42,0,16387.14,0,0,0,4659.96,8144.75,2.92
M0113521,N,59,1,3201.64,0,0,2,2777.91,2652.08,0.59
M0113522,N,79,2,4584.22,0,0,0,1688.74,3541.11,1.42
M0113523,N,72,0,8536.88,0,0,0,3822.2,7275.38,2.13
M0113524,N,61,1,7514.56,1,2,0,1224.54,10420.17,0.55
M0113525,N,74,2,7713.78,2,1,0,5344.45,2175.17,0.33
M0113526,N,54,2,13985.92,0,1,1,1764.47,11675.74,1.88
M0113527,N,75,1,5067.3,0,1,0,3434.98,1604.12,0.26
M0113528,N,33,1,11989.82,1,0,1,6185.38,9480.65,2.46
M0113529,N,39,3,12290.82,0,1,0,6679.66,14788.43,2.39
M0113530,N,19,2,16681.92,0,0,0,4898.49,16919.58,1.23
M0113531,N,31,1,6800.22,0,1,0,740.67,6700.91,1.2
M0113532,N,40,0,22276.0,0,0,0,3929.72,16309.84,1.27
M0113533,N,58,1,14686.29,0,0,0,9788.32,8428.26,1.66
M0113534,N,36,1,6806.16,1,0,0,3075.87,8112.04,0.04
M0113535,N,51,0,9723.57,1,1,0,2157.49,7303.6,1.06
M0113536,N,49,0,2999.22,0,0,0,1495.19,2231.58,0.0
M0113537,N,78,0,8891.06,0,0,1,1471.87,9779.15,1.83
M0113538,N,64,0,10874.64,0,1,0,1283.45,12091.45,0.52
M0113539,N,33,0,10515.78,1,1,1,1173.72,9131.97,0.0
M0113540,N,46,1,14164.16,0,0,1,1549.41,12872.36,0.0
M0113541,N,18,0,3083.78,0,0,0,1988.42,2432.42,0.0
M0113542,N,29,0,19272.36,0,1,0,3582.2,18034.91,0.0
M0113543,N,44,1,6580.34,0,0,0,3216.42,2191.09,0.69
M0113544,N,19,2,20386.37,0,0,0,3498.75,14373.6,1.25
M0113545,N,38,0,5124.45,0,0,0,366.8,6863.92,0.0
M0113546,N,75,0,3453.59,0,0,0,427.09,5316.27,0.18
M0113547,N,30,0,27034.91,0,2,0,2976.8,28723.1,1.92
M0113548,N,46,0,6035.97,0,1,0,2199.49,4120.3,2.49
M0113549,N,73,1,6102.48,0,1,0,1767.87,6197.58,1.42
M0113550,N,72,0,2437.75,1,0,0,872.49,1390.8,0.0
M0113551,N,44,2,20263.18,1,1,0,5962.81,14110.15,1.0
M0113552,N,23,2,7303.85,0,0,0,3563.97,3118.78,0.58
M0113553,N,42,0,6527.7,0,0,0,981.31,6006.13,0.0
M0113554,N,59,0,19137.97,1,2,0,2446.97,24211.14,1.4
M0113555,N,31,0,17898.19,0,0,0,2173.76,14644.49,1.19
M0113556,N,39,2,6959.44,0,1,0,2255.58,7851.54,1.54
M0113557,N,46,1,1965.26,0,0,0,1560.23,1386.69,1.06
M0113558,N,69,0,14836.56,0,1,0,1004.27,12234.28,1.0
M0113559,N,43,1,5515.01,0,0,0,2446.23,3455.02,0.67
M0113560,N,66,0,5441.01,0,0,0,2401.04,6113.26,0.93
M0113561,N,57,2,8054.54,0,2,0,3256.18,3555.83,1.06
M0113562,N,74,2,10236.68,0,2,1,4250.48,7481.35,1.46
M0113563,N,34,0,5418.23,0,1,0,2246.71,5992.88,2.43
M0113564,N,35,1,8228.32,0,1,0,3983.83,8920.29,2.14
M0113565,N,51,1,6431.98,0,0,0,2462.64,3832.22,0.25
M0113566,N,30,0,3035.26,0,0,1,2579.05,2295.12,0.72
M0113567,N,38,0,11437.15,0,2,0,2732.62,12471.48,1.58
M0113568,N,49,0,9496.71,0,0,1,1450.43,6133.89,0.0
M0113569,N,42,1,8099.33,0,2,0,2794.02,8128.72,1.35
M0113570,N,52,1,9786.86,0,0,0,1477.77,7081.07,0.5
M0113571,N,24,2,20842.76,0,0,0,2699.46,23831.15,0.0
M0113572,N,42,0,15119.23,0,1,0,3878.96,8863.04,0.0
M0113573,N,58,0,14481.15,0,0,0,995.59,16001.93,0.14
M0113574,N,58,0,3980.46,0,0,0,1354.24,4508.94,1.08
M0113575,N,40,1,7901.66,0,1,0,4383.1,2834.23,1.03
M0113576,N,56,1,15462.16,0,2,0,3673.83,11816.41,3.39
M0113577,N,47,2,25485.16,0,1,0,5062.51,15988.35,0.73
M0113578,N,46,0,22618.15,0,0,0,2010.14,20047.66,1.71
M0113579,N,74,2,14354.4,0,2,1,4137.19,10907.09,1.53
M0113580,N,37,0,9643.81,0,1,0,5454.3,4800.07,1.78
M0113581,N,34,0,6250.95,0,1,0,2354.14,4182.18,2.54
M0113582,N,77,0,7679.28,0,0,0,2096.66,8225.57,0.99
M0113583,N,38,1,8075.85,0,1,1,3406.07,4345.91,1.23
M0113584,N,29,0,7617.76,0,1,0,2724.92,4597.29,0.93
M0113585,N,75,2,11984.02,0,0,0,7714.76,3908.73,0.13
M0113586,N,54,1,8937.39,1,0,0,3022.53,11705.85,1.86
M0113587,Y,86,4,146349.15,2,6,6,100914.02,59304.27,7.12
M0113588,N,54,3,8638.78,1,0,0,5539.12,5668.54,1.1
M0113589,N,34,0,8067.96,0,0,0,1296.5,5587.36,0.0
M0113590,N,26,0,22395.46,0,0,0,10485.64,8511.36,0.0
M0113591,N,61,2,15856.35,0,0,0,2208.43,14418.62,0.53
M0113592,N,58,1,12803.03,0,0,0,6078.67,13531.11,0.9
M0113593,N,43,0,3886.5,0,0,1,3198.45,2630.11,2.3
M0113594,N,67,2,5062.6,0,0,0,1365.86,4203.32,0.66
M0113595,N,35,0,9050.12,1,0,1,3348.76,4422.76,0.0
M0113596,N,52,0,6495.2,0,0,0,2466.75,4946.61,0.37
M0113597,N,25,2,10216.05,1,1,0,3314.67,4738.37,2.14
M0113598,N,58,2,6181.14,0,0,0,807.78,4349.33,0.0
M0113599,N,30,0,3065.63,0,1,0,1356.25,3819.03,0.28
M0113600,N,78,2,12093.25,1,1,0,3896.48,16199.0,2.75
M0113601,N,34,0,4916.95,1,0,0,815.81,3988.36,0.61
M0113602,N,54,0,5143.55,0,1,0,4299.94,2731.71,0.03
M0113603,N,18,1,8191.78,0,1,1,1597.29,10161.91,1.55
M0113604,N,38,0,6243.43,0,1,0,2058.31,3727.12,0.0
M0113605,N,58,2,9740.78,0,1,0,1961.52,6568.72,1.53
M0113606,N,38,0,14832.67,0,0,1,1274.65,17302.03,0.64
M0113607,N,77,1,9724.33,0,1,0,1194.0,8880.09,0.99
M0113608,N,18,1,9620.92,0,1,0,2793.13,5330.93,1.71
M0113609,N,40,2,5705.36,0,0,0,1075.13,6175.73,1.26
M0113610,N,27,0,11806.72,0,0,0,3842.82,6389.78,0.4
M0113611,N,49,2,7879.88,0,0,1,4028.07,5874.02,2.0
M0113612,N,42,1,25178.14,0,0,0,4272.32,22351.16,0.82
M0113613,N,75,1,20818.53,1,2,0,7886.56,16312.62,1.88
M0113614,N,49,0,5182.38,0,0,0,1364.06,4715.47,0.27
M0113615,N,31,0,5354.22,0,0,1,533.28,6678.69,1.68
M0113616,N,45,0,16306.01,0,0,1,12662.54,6371.52,1.58
M0113617,N,74,0,6494.77,2,1,1,4634.53,3913.51,2.15
M0113618,N,45,0,18435.17,0,2,0,1084.29,25984.98,1.44
M0113619,N,63,2,9774.82,0,1,0,3878.79,10590.21,1.52
M0113620,N,24,1,4995.77,0,0,0,2149.09,5176.35,2.07
M0113621,N,34,1,4979.61,1,0,0,1736.35,4648.88,1.01
M0113622,N,37,2,9330.19,2,1,0,9206.47,5567.05,2.59
M0113623,N,63,0,3675.12,0,0,0,359.51,6016.35,1.38
M0113624,N,32,0,1792.18,0,0,0,1535.08,1598.77,0.98
M0113625,N,50,1,25804.41,0,3,1,7853.48,19053.88,2.07
M0113626,N,53,1,5071.81,0,2,0,1618.14,6215.76,0.0
M0113627,N,63,3,35124.36,0,0,0,4344.2,33454.23,0.59
M0113628,N,29,0,10480.9,0,1,1,3448.69,7547.45,0.0
M0113629,N,34,0,5867.86,0,0,1,4817.74,3117.08,1.02
M0113630,Y,55,6,268990.01,1,1,4,168497.93,150287.13,5.07
M0113631,N,38,0,35968.1,0,1,0,3067.96,37859.03,1.41
M0113632,N,24,0,3793.55,0,0,0,1716.74,5147.25,1.15
M0113633,N,51,2,4761.98,0,0,0,1309.99,5535.49,0.7
M0113634,N,55,1,5275.07,0,1,0,2627.67,4667.93,0.29
M0113635,N,62,0,8977.44,0,0,1,3258.57,5341.75,1.39
M0113636,N,43,1,9596.66,0,1,0,1679.76,7365.27,0.15
M0113637,N,54,0,4737.76,0,0,1,426.93,3734.0,0.06
M0113638,N,70,3,15349.26,1,3,0,7708.05,13350.93,2.95
M0113639,N,42,0,8944.44,0,1,0,3354.17,11171.15,0.05
M0113640,N,43,0,4106.64,1,0,1,2561.56,4425.79,0.41
M0113641,N,45,3,40685.72,0,1,2,3966.99,31744.21,2.52
M0113642,N,40,2,3747.69,0,1,0,2578.4,1523.75,0.71
M0113643,N,30,1,9950.04,0,0,0,1655.71,6482.49,0.0
M0113644,N,44,2,6505.7,1,3,0,968.59,7192.66,0.71
M0113645,Y,51,6,175457.89,2,9,2,94968.57,64276.21,5.96
M0113646,N,22,0,6954.93,0,1,0,3091.04,6894.24,1.98
M0113647,N,52,2,4689.06,1,0,0,479.35,3277.33,0.5
M0113648,N,63,0,9118.61,0,0,0,4824.92,4827.04,1.54
M0113649,N,19,1,3574.47,1,0,0,719.68,5179.87,0.19
M0113650,N,68,0,17761.93,0,0,0,4099.06,13380.95,2.13
M0113651,N,19,0,5816.62,0,0,0,1401.35,4116.38,0.07
M0113652,N,27,2,11136.88,0,1,0,2073.65,7037.07,1.53
M0113653,N,67,0,21427.19,0,2,1,7655.58,22595.19,0.76
M0113654,N,45,0,5928.68,0,1,0,2925.03,2922.42,1.48
M0113655,N,41,0,16404.66,0,0,0,12552.92,7061.95,2.51
M0113656,Y,58,4,95503.54,2,1,4,19198.53,109209.25,4.52
M0113657,N,35,3,14998.48,0,2,1,4425.33,15243.06,1.88
M0113658,N,39,1,19397.8,0,0,0,10548.5,12898.86,0.96
M0113659,N,71,1,5005.08,0,0,0,5192.66,3535.17,1.65
M0113660,N,61,0,18099.95,0,1,0,4254.45,13746.61,1.18
M0113661,N,55,0,7490.83,1,1,0,3879.01,8005.28,2.91
M0113662,N,37,1,17886.03,0,1,1,5035.95,12002.88,0.02
M0113663,N,28,1,8373.11,0,0,0,205.65,7118.86,1.02
M0113664,N,42,0,26791.2,0,1,0,1484.62,21649.48,0.47
M0113665,N,25,1,3545.95,1,1,0,853.17,2787.15,0.72
M0113666,Y,63,3,121315.79,3,1,2,54325.45,83870.03,5.23
M0113667,N,61,1,9000.5,0,2,0,1777.39,8625.95,0.72
M0113668,N,34,2,8822.38,0,1,0,2687.07,7627.02,0.0
M0113669,N,43,0,8055.24,1,0,0,595.71,12834.99,1.22
M0113670,Y,50,4,183391.34,3,3,5,85649.4,105583.49,4.7
M0113671,N,19,1,34574.55,0,0,1,14510.57,16033.26,1.77
M0113672,N,46,2,14319.45,0,0,1,8552.6,7275.43,2.97
M0113673,N,58,0,31310.22,1,2,0,7670.9,19856.69,1.71
M0113674,N,60,0,9113.97,0,0,0,2165.79,10735.98,2.33
M0113675,N,77,1,6498.39,1,0,1,5163.25,6276.77,1.93
M0113676,N,47,1,5550.87,0,0,1,2698.7,2718.47,0.69
M0113677,N,36,0,11316.58,0,2,0,2901.23,7637.91,0.16
M0113678,Y,53,3,229313.47,2,1,5,56805.49,162725.67,4.64
M0113679,N,21,2,10210.72,0,0,0,2362.63,6343.6,0.06
M0113680,N,38,2,16639.81,0,1,0,3551.56,10463.35,1.58
M0113681,N,51,0,4133.62,1,1,0,1910.53,4553.54,0.58
M0113682,N,26,1,15433.38,1,1,0,9983.46,2461.59,1.69
M0113683,N,69,3,8065.12,0,1,0,1264.04,8936.98,0.71
M0113684,N,73,0,9495.16,0,3,0,5005.76,8284.95,0.29
M0113685,N,71,2,17901.53,0,1,0,9780.51,5710.94,1.21
M0113686,N,19,0,7627.5,0,0,0,1844.01,9090.16,1.01
M0113687,N,46,2,6153.75,0,2,0,1334.48,8477.94,1.25
M0113688,N,69,0,9337.87,0,1,0,3572.81,4611.95,1.65
M0113689,N,33,3,10276.61,1,1,1,3159.24,11622.42,1.4
M0113690,N,48,2,18857.09,0,1,1,7948.02,12720.12,2.67
M0113691,N,53,0,24219.31,0,3,0,10971.22,14155.71,1.56
M0113692,N,65,0,4556.28,0,0,0,3551.73,3322.02,0.05
M0113693,N,40,0,12187.43,1,1,0,3174.52,6751.48,1.92
M0113694,N,46,0,21597.91,0,1,1,10175.38,19228.08,1.22
M0113695,N,42,0,14322.07,0,0,0,3207.45,8501.25,1.39
M0113696,N,52,0,6047.3,0,2,0,2801.57,1969.95,1.31
M0113697,N,64,2,7746.5,0,1,1,3636.8,6493.63,0.45
M0113698,N,52,1,8763.7,0,2,0,2294.98,5814.55,0.33
M0113699,N,39,1,8646.44,0,1,0,3305.82,9593.94,1.4
M0113700,Y,54,5,290705.21,3,6,4,64738.93,206471.93,4.46
M0113701,N,58,0,13119.9,0,1,1,2757.71,18323.68,1.43
M0113702,N,60,2,3853.03,0,1,0,982.21,3832.8,2.23
M0113703,N,43,1,6175.76,0,0,0,2336.22,3142.41,2.03
M0113704,N,30,2,14100.38,0,1,1,9215.35,15430.19,3.19
M0113705,N,21,0,20893.74,0,1,0,8375.15,15561.38,2.07
M0113706,N,41,1,18237.89,0,0,0,9752.63,7908.2,0.0
M0113707,N,37,0,4202.22,0,0,0,1337.54,3308.28,0.11
M0113708,Y,77,3,99972.65,1,3,1,30532.65,99571.01,3.08
M0113709,N,68,1,6731.24,0,0,0,2487.03,6603.72,0.75
M0113710,N,69,0,9839.32,0,2,0,6424.26,9255.44,2.08
M0113711,N,28,1,5824.22,0,1,0,3569.7,4627.86,1.82
M0113712,N,32,0,25155.35,0,1,0,3398.97,20261.06,1.62
M0113713,N,43,2,12507.42,0,1,0,1873.42,14595.87,2.54
M0113714,N,76,1,6443.77,0,0,0,3337.91,4916.12,0.5
M0113715,N,41,2,16705.59,1,3,0,2103.03,21845.4,1.58
M0113716,N,78,2,12918.34,0,1,0,2719.57,9914.75,0.82
M0113717,Y,72,4,134176.84,2,1,5,90391.69,64312.0,5.71
M0113718,N,63,2,20045.05,0,1,0,9545.13,10505.56,2.7
M0113719,N,60,2,31942.73,0,2,0,19259.25,21136.2,2.9
M0113720,N,53,1,6790.94,0,1,0,1973.51,6862.11,1.98
M0113721,N,46,4,23787.47,0,2,0,1789.74,22267.11,0.96
M0113722,N,66,0,5161.23,0,2,0,1032.28,6660.58,0.34
M0113723,N,46,0,56476.01,1,0,0,6075.11,41633.34,2.74
M0113724,N,50,2,21671.82,0,0,1,18048.45,3193.35,1.81
M0113725,N,75,1,3039.36,0,1,0,503.96,3070.33,0.46
M0113726,N,80,1,17281.15,0,3,1,5822.0,13409.93,1.08
M0113727,N,21,1,7877.22,0,1,0,1805.73,4638.37,0.0
M0113728,N,24,2,5411.15,0,0,1,1711.16,6575.32,1.09
M0113729,N,46,0,10748.0,0,1,0,3063.75,9696.65,2.1
M0113730,N,54,0,9670.8,0,2,1,2906.99,6747.64,2.25
M0113731,N,51,2,61391.2,0,3,1,4474.28,51507.87,3.73
M0113732,N,64,1,15096.52,1,1,0,4583.91,7372.23,3.02
M0113733,N,61,4,15990.2,1,3,1,7803.06,8647.11,3.89
M0113734,N,38,0,10220.07,0,0,0,5404.94,6703.45,1.65
M0113735,N,54,2,2863.25,0,0,0,777.52,3854.47,0.0
M0113736,N,44,1,2394.46,0,0,0,770.56,3203.42,1.63
M0113737,N,65,0,29192.46,0,1,2,5515.52,35993.93,2.02
M0113738,N,69,2,25124.53,0,1,0,5721.46,15591.09,1.41
M0113739,N,54,2,13256.14,0,2,1,3439.04,10931.27,0.49
M0113740,N,20,1,6328.09,0,0,0,1892.29,5374.83,1.72
M0113741,Y,39,5,175526.12,6,4,3,42467.23,166041.18,6.03
M0113742,N,29,2,42895.63,1,0,1,9371.97,26136.2,2.57
M0113743,N,45,1,25914.06,0,1,1,2881.09,42083.07,1.66
M0113744,N,43,0,14170.08,0,2,0,2344.27,17981.83,1.29
M0113745,N,77,1,39559.96,1,1,0,15844.84,41336.92,2.09
M0113746,N,57,3,31070.14,1,1,0,7224.25,27181.89,1.62
M0113747,N,31,1,4233.7,1,0,0,1076.44,3794.41,0.97
M0113748,N,21,2,22047.78,0,0,0,1856.71,15470.07,2.46
M0113749,N,60,1,3717.76,0,0,0,2435.93,3211.27,0.78
M0113750,N,52,2,7985.96,1,1,0,906.94,6924.86,0.57
M0113751,N,50,0,7345.45,1,0,0,3123.24,5621.84,2.04
M0113752,N,24,2,135971.46,0,1,0,10078.89,105847.2,1.07
M0113753,N,48,0,6690.05,0,1,1,5963.5,2620.55,0.81
M0113754,N,53,2,16447.88,0,0,0,3092.58,17538.51,1.34
M0113755,N,50,0,3142.04,0,2,0,739.58,1798.66,1.51
M0113756,N,77,0,23050.53,0,0,0,2879.88,16005.48,1.17
M0113757,N,56,2,33298.0,0,1,0,16952.96,17463.09,0.68
M0113758,N,51,1,37164.24,0,0,1,4080.83,47725.21,2.55
M0113759,N,64,0,30465.88,0,2,0,17305.25,12350.42,2.16
M0113760,N,42,1,5430.07,1,0,0,4772.2,2018.68,1.55
M0113761,N,43,1,20480.13,0,0,0,9609.42,9156.49,1.63
M0113762,N,33,1,14226.0,0,2,1,6212.13,7668.17,1.41
M0113763,N,51,0,8402.16,0,0,0,2015.3,12540.61,0.82
M0113764,Y,84,7,514142.15,5,7,3,148739.9,314476.13,6.23
M0113765,N,71,3,72610.47,1,3,1,18926.01,44743.85,1.11
M0113766,N,42,1,10978.13,0,3,0,1986.34,7930.72,1.64
M0113767,N,45,1,13164.45,0,1,0,1017.91,9519.7,1.38
M0113768,N,42,0,5475.24,0,0,0,2208.15,2131.83,1.66
M0113769,N,58,2,12791.66,0,0,0,4972.92,7166.27,2.0
M0113770,N,29,0,6754.18,0,1,0,3254.11,3827.87,0.0
M0113771,Y,55,6,118042.43,4,2,3,85547.47,82989.9,4.79
M0113772,N,65,3,12197.49,0,1,0,3655.1,11683.78,1.46
M0113773,N,74,0,14913.73,0,1,1,2944.59,9798.1,1.01
M0113774,N,33,1,13653.44,1,0,2,3392.89,9516.49,2.05
M0113775,N,34,1,9295.71,0,0,0,1850.74,8341.32,1.13
M0113776,N,18,3,8237.94,0,0,1,1631.36,5640.42,0.0
M0113777,N,21,1,7289.29,0,0,0,899.46,5537.83,1.34
M0113778,N,29,3,8108.16,1,0,0,2775.62,5810.74,0.93
M0113779,N,30,0,16031.95,0,1,0,2307.8,16282.46,1.66
M0113780,N,54,1,8560.46,0,2,1,3015.4,11048.57,2.34
M0113781,N,30,1,13347.39,0,1,0,647.67,10688.51,0.16
M0113782,N,45,1,26886.28,1,2,0,8624.2,28088.18,3.39
M0113783,N,37,1,21790.88,0,0,1,1033.96,24416.47,1.83
M0113784,N,35,1,1853.15,0,0,0,1319.43,1103.41,0.38
M0113785,N,55,1,13788.69,0,1,0,11018.48,6468.78,1.5
M0113786,N,37,2,5872.11,0,0,0,937.66,6782.88,1.07
M0113787,N,51,1,3858.02,0,0,0,1742.44,4518.97,0.0
M0113788,N,60,0,15464.3,0,1,0,3142.85,16847.82,1.07
M0113789,N,42,0,10976.15,0,0,0,1331.7,10636.59,0.95
M0113790,N,65,0,15207.03,0,1,0,2168.91,11974.35,0.0
M0113791,N,58,3,28909.98,0,2,1,10628.43,15046.78,1.71
M0113792,N,46,2,42207.4,2,0,0,3352.17,30305.43,0.0
M0113793,N,51,0,17347.68,0,0,0,1938.95,11908.75,0.57
M0113794,N,62,2,3816.94,0,1,0,4545.94,2293.85,1.5
M0113795,N,77,3,19909.31,0,2,0,2389.67,21943.59,1.84
M0113796,N,32,0,12554.4,0,0,0,6065.59,8449.7,2.42
M0113797,N,50,1,7406.98,1,0,0,4711.68,3970.21,0.7
M0113798,N,46,0,4418.75,0,0,0,1389.85,6225.42,0.15
M0113799,N,67,1,4899.59,0,0,0,2469.86,2859.12,0.65
M0113800,N,21,1,6560.06,0,1,0,4504.27,5704.93,0.44
M0113801,N,37,0,6211.4,0,0,0,242.31,4644.68,2.3
M0113802,N,50,0,17283.6,1,2,2,3464.67,15554.87,0.8
M0113803,N,21,1,12621.11,0,1,1,7443.83,9612.95,2.46
M0113804,N,59,0,5340.43,0,0,0,1866.49,3506.56,1.46
M0113805,N,74,0,19631.22,0,0,0,372.52,17226.18,0.0
M0113806,N,21,0,3228.45,0,0,0,2578.54,1779.35,0.61
M0113807,N,69,2,32207.03,0,0,0,3143.51,37367.06,2.18
M0113808,N,74,2,12437.93,1,0,0,1689.02,16010.44,1.39
M0113809,N,54,1,10021.59,0,0,0,3239.15,10298.42,1.73
M0113810,N,32,0,9292.37,0,0,0,3425.14,7686.36,0.0
M0113811,N,39,2,24905.21,1,3,0,9471.63,26633.98,1.09
M0113812,Y,50,3,236450.53,3,4,2,60269.2,243196.88,6.33
M0113813,N,49,1,14790.51,0,1,1,12942.54,10689.13,1.22
M0113814,N,66,0,9913.68,0,1,0,4770.25,4981.54,1.31
M0113815,N,80,2,3439.15,0,0,0,2292.61,3133.12,0.53
M0113816,N,58,2,16606.83,1,1,0,2311.43,11232.82,2.35
M0113817,N,37,2,9231.07,0,1,0,2335.48,7632.76,2.15
M0113818,N,54,1,12300.36,0,0,0,3197.56,7964.16,0.13
M0113819,Y,42,7,314445.36,3,7,5,210006.13,163703.18,8.5
M0113820,N,22,0,6708.11,0,1,0,2939.34,5796.58,1.55
M0113821,N,35,1,10509.84,0,1,1,2197.66,10589.1,0.0
M0113822,N,32,0,18841.93,2,0,1,1154.28,16318.34,2.53
M0113823,N,18,1,12649.11,0,0,0,6424.86,7283.14,0.88
M0113824,N,70,2,18937.39,0,0,1,1963.67,22411.66,1.1
M0113825,N,37,0,6481.19,0,0,1,3518.94,4462.27,2.08
M0113826,N,72,0,12145.77,0,1,0,3398.51,6998.76,1.36
M0113827,N,40,1,23521.03,0,0,0,3605.37,16157.08,2.27
M0113828,N,57,0,11132.93,1,0,0,1531.96,17378.24,0.51
M0113829,N,52,3,11575.4,0,0,0,1504.62,13779.22,0.0
M0113830,N,31,2,10884.0,0,1,0,4789.78,4916.38,1.64
M0113831,N,36,3,5199.78,0,0,0,2142.29,2822.61,1.12
M0113832,N,64,0,5920.43,0,1,0,1110.27,3681.47,0.28
M0113833,N,19,2,4966.87,0,0,0,1070.56,6738.31,0.98
M0113834,N,49,3,9858.48,0,1,1,2417.17,7388.49,1.46
M0113835,N,54,2,5776.17,0,0,0,2207.67,5139.73,0.0
M0113836,N,47,3,7470.04,0,1,0,4214.63,1839.83,0.87
M0113837,N,21,2,27354.44,2,0,0,3364.38,20763.59,0.0
M0113838,N,21,1,11040.64,0,2,0,6507.75,5152.19,1.85
M0113839,N,72,0,28154.94,0,2,1,8489.26,24958.27,1.82
M0113840,N,55,4,81074.99,0,0,1,2629.62,117567.44,1.81
M0113841,N,63,2,18233.69,0,0,0,11278.71,3200.08,1.59
M0113842,N,46,0,15397.82,1,0,0,6192.31,10060.23,2.44
M0113843,N,53,0,5113.63,0,1,0,877.4,4730.69,0.0
M0113844,N,35,0,4553.45,0,0,0,380.28,4007.86,0.0
M0113845,N,72,1,24699.66,0,0,1,4507.78,15552.34,1.75
M0113846,N,46,2,8391.55,1,1,0,7734.95,5453.03,1.39
M0113847,N,51,1,3250.65,0,0,0,2072.46,2625.31,0.0
M0113848,N,37,1,43087.68,0,2,1,7223.4,28005.97,1.58
M0113849,N,36,0,10732.01,0,1,0,1708.64,17717.64,1.57
M0113850,N,58,0,6350.51,1,0,0,2371.37,3304.77,0.31
M0113851,N,53,0,12606.0,0,0,1,6826.85,5828.08,2.41
M0113852,N,73,1,8452.33,0,1,0,1519.29,5488.82,0.0
M0113853,N,30,2,8468.91,0,1,1,2193.64,6751.38,2.18
M0113854,N,78,1,19320.6,0,1,0,2658.82,16481.45,0.68
M0113855,N,35,0,4601.13,0,0,0,889.71,3483.97,0.02
M0113856,N,39,0,10340.91,0,0,0,1097.07,7442.05,0.66
M0113857,N,66,0,13991.25,1,1,0,3739.25,9611.01,0.0
M0113858,N,51,1,10486.2,0,0,2,5448.04,9995.61,1.2
M0113859,N,38,0,1542.62,0,0,0,776.02,1723.96,0.59
M0113860,N,44,2,17590.83,0,1,1,6712.6,8818.94,2.07
M0113861,N,55,1,27131.4,0,0,1,15252.61,21279.17,2.77
M0113862,N,28,2,11671.74,1,3,0,4211.8,11245.62,1.09
M0113863,N,32,0,2924.08,0,0,1,988.95,3309.9,0.02
M0113864,N,44,1,17843.02,0,0,0,8378.99,6601.07,1.47
M0113865,N,35,5,6727.57,1,2,0,3050.15,3157.25,0.83
M0113866,N,30,1,12800.23,0,1,0,5278.56,16808.55,0.91
M0113867,Y,66,6,322554.92,5,3,4,98878.05,183842.05,6.36
M0113868,N,72,0,8871.84,0,0,0,2419.09,6283.14,0.53
M0113869,N,43,1,4643.61,0,2,0,3316.93,2667.76,1.05
M0113870,N,33,1,8056.89,0,0,0,1093.52,5733.5,0.39
M0113871,N,31,0,50174.25,0,2,0,4523.29,37405.82,2.91
M0113872,N,45,0,7713.04,0,2,0,7047.49,6648.63,0.61
M0113873,N,75,1,7079.92,0,1,1,2967.92,6417.82,1.57
M0113874,N,63,1,10497.59,0,0,0,2664.67,11035.51,0.86
M0113875,N,21,2,10125.46,1,2,0,8940.11,7492.8,1.33
M0113876,N,79,2,10135.5,0,2,0,1552.45,14225.37,0.9
M0113877,N,66,1,57280.78,0,1,0,2219.26,52577.7,2.56
M0113878,N,72,2,15149.49,0,0,0,3015.39,11430.11,2.34
M0113879,N,21,0,3545.67,1,1,0,2269.15,2557.5,0.22
M0113880,Y,70,3,221471.1,5,1,4,122164.02,84724.8,3.23
M0113881,Y,66,4,289610.1,5,4,3,108431.63,165998.42,3.16
M0113882,N,64,1,9345.08,0,0,0,1048.49,8393.43,1.72
M0113883,Y,36,5,403993.02,5,4,7,217377.35,347293.42,7.2
M0113884,N,69,0,24383.79,0,1,0,2756.89,20897.89,0.55
M0113885,N,63,3,44679.27,1,0,0,2119.26,35101.38,2.28
M0113886,Y,53,2,95705.71,1,4,1,31672.36,61586.38,4.51
M0113887,Y,74,7,218545.4,4,8,4,128979.83,117396.29,5.49
M0113888,N,67,1,8373.98,0,1,1,1490.49,7281.81,0.56
M0113889,N,68,2,26456.11,1,2,1,3089.45,22173.26,3.01
M0113890,N,70,2,8622.01,1,0,0,2043.69,9462.46,1.87
M0113891,N,71,1,12443.12,1,0,0,2546.75,9194.76,1.61
M0113892,N,48,0,5401.79,0,0,1,3383.83,1426.86,0.57
M0113893,N,27,2,11901.04,0,0,0,3334.57,7862.1,2.11
M0113894,N,27,0,2704.7,0,0,0,2486.1,2058.47,0.83
M0113895,N,71,0,22500.11,0,1,0,20041.28,3300.32,1.9
M0113896,N,35,0,11061.87,0,1,1,8333.63,5918.41,0.93
M0113897,N,71,1,7568.76,1,1,0,1433.34,6855.49,0.0
M0113898,N,35,2,9186.85,0,0,0,1736.27,6769.83,1.0
M0113899,N,52,0,23735.24,0,0,0,3178.09,33602.22,0.66
M0113900,N,21,2,13591.16,0,0,0,4614.35,6377.72,1.99
M0113901,N,33,1,20017.18,1,2,1,5651.18,16211.96,0.53
M0113902,N,48,0,9398.79,0,0,1,2612.24,8291.85,1.47
M0113903,N,67,1,3598.41,0,0,0,514.92,4043.55,1.44
M0113904,N,57,3,21140.3,1,0,0,5317.25,11524.67,1.58
M0113905,N,42,1,28552.36,0,0,0,2948.98,25588.05,1.78
M0113906,N,48,2,15610.53,0,0,0,14262.38,9562.58,1.75
M0113907,N,53,1,14028.64,1,0,1,8316.54,5347.85,0.05
M0113908,N,49,0,4542.77,0,1,1,1345.15,4668.15,0.13
M0113909,N,20,2,9187.51,0,0,0,3283.71,7484.79,2.14
M0113910,N,79,0,3187.59,0,0,1,277.2,5511.44,1.07
M0113911,N,28,2,8165.4,0,0,0,2782.59,8724.03,1.73
M0113912,N,68,1,16316.29,0,2,1,5903.25,8419.14,1.15
M0113913,N,41,0,5662.59,0,0,1,3597.45,4098.77,0.27
M0113914,N,77,0,5867.75,0,0,0,5091.73,5296.45,0.14
M0113915,Y,37,4,138357.45,1,4,2,51626.01,125139.74,3.86
M0113916,N,40,1,10272.66,0,2,0,1942.01,8017.21,0.19
M0113917,N,54,2,23997.07,0,1,2,16876.75,7342.57,0.81
M0113918,N,80,1,6126.76,0,0,0,2584.97,2688.46,1.3
M0113919,N,65,3,8453.12,0,1,0,3831.91,8991.99,1.13
M0113920,N,45,3,7148.0,0,0,0,1703.69,4601.91,0.92
M0113921,N,80,0,13591.01,0,1,0,3938.32,15282.8,1.49
M0113922,N,61,1,6240.66,0,0,0,1736.44,4731.96,1.03
M0113923,N,36,0,4748.96,1,0,0,1135.48,3403.56,1.64
M0113924,N,67,0,4150.04,0,2,0,2168.8,2956.33,1.24
M0113925,N,62,1,27585.98,0,0,0,14394.04,9568.81,2.39
M0113926,N,31,3,25581.21,0,0,0,10394.81,15575.88,1.09
M0113927,N,34,1,7952.93,0,0,0,1685.03,10477.08,0.18
M0113928,N,27,0,33030.68,0,0,0,4442.06,30775.57,2.47
M0113929,N,38,0,45990.22,0,0,0,4079.27,34694.92,0.29
M0113930,N,40,1,11032.52,0,0,0,2371.56,7137.89,0.0
M0113931,N,32,0,20035.32,0,3,0,7077.85,24595.4,0.75
M0113932,N,60,1,11154.43,0,0,0,6121.07,6294.08,2.31
M0113933,N,21,0,11571.72,0,1,1,3336.79,6712.36,2.5
M0113934,N,47,2,11289.1,1,0,1,3598.53,12293.19,1.38
M0113935,Y,65,5,154737.96,4,4,3,103802.26,110933.31,5.51
M0113936,N,56,1,12012.59,0,2,0,4279.63,5454.4,1.35
M0113937,N,73,0,6609.41,0,0,1,2815.64,4344.97,0.36
M0113938,N,27,2,13395.13,1,0,0,4760.39,8908.07,2.17
M0113939,N,68,0,7903.5,0,0,0,1196.07,6456.89,1.08
M0113940,N,74,0,16248.59,1,0,0,731.25,12852.11,0.92
M0113941,N,45,0,5896.9,0,2,0,1272.09,5501.97,0.07
M0113942,N,39,1,10748.76,1,1,0,4510.03,8290.46,2.07
M0113943,N,51,2,14979.17,1,1,0,6966.31,11613.71,0.38
M0113944,N,56,1,6797.0,0,0,0,1998.03,4804.59,0.3
M0113945,N,54,0,11228.24,0,3,1,3109.08,5844.8,1.96
M0113946,N,79,0,5963.84,0,0,0,1260.65,8245.97,1.43
M0113947,N,24,2,17448.54,0,1,0,5948.59,8360.91,2.69
M0113948,N,22,4,23841.32,0,1,1,2628.44,18392.77,0.13
M0113949,N,73,1,15076.57,0,0,0,5054.29,10296.07,1.04
M0113950,N,37,0,5530.65,1,0,0,1559.28,7062.24,1.35
M0113951,N,29,2,29237.42,1,1,1,10262.84,16160.55,3.09
M0113952,N,21,2,7486.39,0,0,0,950.47,6464.1,0.0
M0113953,N,69,0,7331.42,0,0,0,932.76,4886.42,0.0
M0113954,N,38,1,14450.74,0,0,0,3530.66,8405.27,0.44
M0113955,N,78,0,10297.18,0,1,0,4421.84,6118.58,0.12
M0113956,N,42,2,8928.92,1,2,0,1914.54,10576.03,0.69
M0113957,N,37,1,9769.14,2,0,0,10091.2,4306.2,1.63
M0113958,N,26,0,6134.54,0,0,0,2594.75,3343.45,0.01
M0113959,N,60,1,24466.98,0,1,1,7377.28,13235.28,0.94
M0113960,N,78,0,11825.92,0,0,0,1621.05,10239.34,1.06
M0113961,N,36,3,10408.56,1,0,1,6832.4,2360.86,2.89
M0113962,N,20,1,9636.67,0,0,0,821.67,8621.85,1.7
M0113963,N,33,0,14551.24,0,2,0,5279.31,8758.91,1.25
M0113964,N,34,1,9925.66,0,2,1,1572.7,7469.99,1.01
M0113965,N,73,0,6994.07,0,0,0,943.27,6125.07,0.0
M0113966,N,56,0,5920.14,1,0,1,1358.42,8264.13,0.7
M0113967,N,59,2,7680.82,0,1,0,2988.58,7018.93,1.96
M0113968,N,61,0,6449.25,1,0,0,1618.04,8462.28,0.33
M0113969,N,40,0,2489.56,0,0,0,550.67,1528.91,0.8
M0113970,N,32,0,21122.56,0,1,0,1877.81,18128.38,2.03
M0113971,N,25,3,21140.87,0,0,0,8364.88,10147.27,1.61
M0113972,N,58,0,9875.89,1,0,0,2138.78,7182.39,0.58
M0113973,N,18,0,6237.14,0,0,0,921.55,8142.3,0.66
M0113974,N,27,1,6432.31,0,1,0,761.57,9450.14,1.55
M0113975,Y,70,3,167718.23,3,6,3,64988.11,114954.76,2.91
M0113976,N,45,1,11599.34,0,1,0,2480.12,8939.73,2.05
M0113977,N,74,1,17125.9,0,0,0,21331.08,9081.35,0.88
M0113978,N,36,1,9806.65,1,1,0,2587.83,5185.65,0.49
M0113979,N,39,2,11333.05,0,1,1,7731.58,7372.53,2.0
M0113980,N,52,0,9153.42,0,1,0,2852.01,7420.39,0.69
M0113981,N,60,1,7666.78,0,2,0,1844.13,10506.41,0.8
M0113982,N,43,1,11445.37,0,0,0,2516.72,10783.33,1.29
M0113983,N,57,0,3948.33,0,1,0,226.0,3235.37,1.38
M0113984,N,54,2,6086.2,1,1,2,7035.95,3816.69,1.6
M0113985,N,50,1,11283.19,0,0,0,2324.58,8328.57,0.73
M0113986,N,57,1,9949.04,0,1,0,2901.75,5229.6,0.2
M0113987,N,27,1,22115.51,1,2,0,5670.28,24345.96,0.0
M0113988,N,69,0,8870.59,0,1,1,1164.22,8244.13,2.48
M0113989,N,19,2,16583.56,0,2,1,3873.13,10057.56,1.45
M0113990,N,73,2,17554.66,0,1,0,6189.58,8864.39,0.79
M0113991,N,48,1,15637.96,1,1,0,3010.63,9254.19,1.97
M0113992,N,43,0,17168.43,0,1,0,1537.36,13913.62,0.24
M0113993,N,72,0,17326.17,0,0,0,1784.48,18745.78,1.7
M0113994,N,19,1,8965.96,0,0,0,1517.65,6166.71,1.85
M0113995,N,44,3,13127.36,0,0,0,3821.91,10305.28,0.73
M0113996,N,80,1,9469.48,1,1,0,5066.59,3102.23,1.48
M0113997,N,50,0,12121.19,1,0,0,3033.49,12612.19,1.46
M0113998,N,35,1,15972.65,1,0,1,1789.25,18387.11,1.09
M0113999,N,21,3,4821.95,1,0,0,1866.23,3071.85,0.02
M0114000,N,20,2,15889.18,0,1,0,9939.95,8164.42,2.34
M0114001,N,23,0,7241.24,0,0,0,1110.77,8120.21,0.0
M0114002,N,27,1,14021.19,0,1,0,2502.29,15885.4,1.33
M0114003,Y,58,6,218400.6,5,7,5,80571.16,204009.84,5.84
M0114004,N,20,1,4439.84,0,0,0,1481.69,6167.33,2.3
M0114005,N,24,1,21907.88,0,2,0,3671.3,24699.06,2.04
M0114006,N,32,0,2279.64,0,0,1,2128.79,1802.43,1.33
M0114007,N,77,0,4926.46,0,0,0,3858.81,1807.45,0.0
M0114008,N,65,0,16063.15,0,1,0,4357.64,13607.51,0.57
M0114009,N,29,1,4610.74,0,1,0,1992.54,3542.77,0.7
M0114010,N,70,2,19931.61,0,0,2,9966.01,7290.85,1.96
M0114011,N,49,0,11020.3,0,0,1,2105.09,17014.52,1.06
M0114012,N,65,2,12612.76,0,0,0,5984.48,6651.87,1.13
M0114013,N,52,2,15156.69,0,0,0,13173.58,6947.98,0.7
M0114014,N,32,1,5117.21,0,1,2,1823.94,3080.28,1.38
M0114015,N,39,2,7986.7,0,1,0,2101.13,8448.02,1.02
M0114016,N,66,0,11066.87,0,1,1,7417.79,10332.34,1.0
M0114017,N,28,1,8553.08,0,0,0,1691.69,6093.42,0.69
M0114018,N,45,0,30845.43,0,1,0,23805.52,12690.62,0.33
M0114019,N,52,2,42543.82,1,2,0,10035.18,36350.36,3.35
M0114020,N,64,0,7324.42,0,0,0,1798.32,5293.22,2.52
M0114021,N,18,1,3863.69,0,0,0,515.25,3046.06,2.07
M0114022,Y,61,7,287950.13,4,4,3,252515.14,130506.05,5.81
M0114023,N,71,1,25963.08,0,3,0,12678.23,16171.12,2.63
M0114024,N,44,1,21811.12,1,3,0,3397.64,28156.52,2.24
M0114025,N,40,0,6398.91,0,0,0,801.9,6537.3,0.0
M0114026,N,44,0,10973.07,0,1,1,1394.16,7657.96,0.0
M0114027,N,45,1,19041.84,0,3,0,12332.25,7946.39,0.0
M0114028,N,18,1,8542.63,0,0,0,3020.71,4171.97,1.87
M0114029,N,72,0,12447.87,0,1,0,573.95,13461.16,0.07
M0114030,N,75,0,18967.23,1,0,0,9880.46,20566.71,2.61
M0114031,N,63,0,8900.88,1,1,1,4320.21,7065.9,2.39
M0114032,N,22,1,5715.59,1,0,0,993.22,3945.95,0.94
M0114033,N,48,1,6611.53,0,0,0,3214.3,7042.64,1.45
M0114034,N,47,1,22283.67,1,0,0,14307.55,9061.71,1.95
M0114035,N,50,1,6046.88,1,1,0,2763.5,7441.81,1.49
M0114036,N,72,2,9230.38,0,1,2,4029.48,11878.24,3.55
M0114037,N,73,1,13475.9,0,0,0,3172.37,7362.44,0.78
M0114038,Y,85,6,214381.87,2,2,3,108928.37,72945.57,3.69
M0114039,Y,43,5,324616.33,2,3,5,187262.73,114712.42,4.0
M0114040,N,73,1,14903.11,0,1,0,4634.52,9968.51,1.15
M0114041,N,39,0,6421.69,1,0,0,1346.36,5835.96,0.0
M0114042,N,39,2,64140.98,0,2,0,30925.87,21766.17,1.6
M0114043,N,61,1,14257.19,1,0,0,3392.56,15182.08,1.41
M0114044,N,33,0,36530.78,0,0,1,8300.98,25407.92,0.76
M0114045,N,66,2,9128.39,0,0,0,2250.22,7920.29,0.4
M0114046,N,71,0,19355.83,0,0,0,5969.42,9351.18,1.26
M0114047,N,73,1,15070.83,0,1,1,1663.81,17474.8,0.73
M0114048,N,19,0,6427.53,0,1,0,3802.98,7009.51,0.0
M0114049,N,62,2,19364.53,0,1,0,5120.71,17704.98,1.29
M0114050,N,70,0,24820.36,0,1,0,2239.18,24476.06,1.72
M0114051,N,35,1,11200.94,0,1,0,2493.33,8881.32,1.3
M0114052,N,38,2,5532.55,0,2,0,1967.75,2634.09,0.48
M0114053,N,48,1,14201.77,0,0,0,6564.2,9829.65,0.98
M0114054,N,37,2,4384.2,0,0,2,1672.26,2857.34,0.5
M0114055,N,68,2,8566.3,0,1,0,4843.9,10590.53,2.26
M0114056,N,80,1,10785.56,1,0,0,6603.65,5547.15,0.29
M0114057,N,47,0,9053.25,1,1,0,1155.37,9577.19,1.76
M0114058,N,31,2,4075.49,0,0,0,1302.91,2669.08,0.0
M0114059,N,44,2,26437.51,0,1,0,1562.96,22569.02,1.95
M0114060,N,78,1,19366.44,0,2,0,16486.1,8205.9,2.84
M0114061,N,79,0,11766.2,0,0,0,7686.2,4215.9,0.0
M0114062,N,60,0,18524.93,0,1,1,1478.42,27357.81,1.5
M0114063,N,74,0,10594.93,0,1,0,2396.72,12014.17,1.76
M0114064,N,52,2,9711.69,0,0,0,4198.65,9023.1,1.16
M0114065,N,35,2,10615.76,0,0,0,1053.38,9060.62,1.5
M0114066,N,38,0,26102.21,0,0,0,2259.62,18700.18,0.08
M0114067,N,52,1,35496.72,0,3,1,21956.49,23339.23,2.53
M0114068,N,26,2,8435.77,0,1,1,1750.12,7852.87,1.13
M0114069,N,32,1,7547.48,0,0,0,4645.31,4005.78,2.04
M0114070,N,68,0,2929.47,1,1,0,683.4,1640.9,0.82
M0114071,N,18,3,24671.99,0,0,0,17544.37,22271.35,3.29
M0114072,N,19,2,16781.71,0,3,0,1411.73,16343.94,0.85
M0114073,N,69,0,7739.9,0,1,0,2289.48,4558.36,1.03
M0114074,N,49,0,16125.66,0,3,1,3628.0,13302.79,0.81
M0114075,N,54,1,5372.97,0,0,0,1405.06,6760.43,0.82
M0114076,N,52,1,7350.09,2,0,1,6617.26,6095.46,2.18
M0114077,N,73,2,12149.54,0,1,0,7021.9,14237.54,0.45
M0114078,N,78,0,17040.14,0,0,0,2824.22,12554.41,0.99
M0114079,N,76,1,12556.19,0,1,0,3285.06,8374.05,0.28
M0114080,N,66,2,21358.94,1,1,0,3135.41,14351.81,0.0
M0114081,N,20,1,6118.57,0,0,0,2578.91,5454.22,0.96
M0114082,N,67,0,6406.65,0,0,0,1949.17,3423.66,0.0
M0114083,N,49,1,41791.51,0,1,1,13979.15,40587.06,3.15
M0114084,N,43,2,10895.0,1,0,0,1976.77,6742.49,1.03
M0114085,N,66,1,13688.27,0,0,0,1839.58,9249.59,1.7
M0114086,N,19,1,36351.5,0,1,0,21035.54,8687.36,2.92
M0114087,N,51,2,8234.3,0,1,2,2236.78,5613.07,2.12
M0114088,N,54,0,9896.97,0,0,0,3524.91,11372.72,1.78
M0114089,N,78,1,46692.53,0,0,0,8423.24,31379.97,1.14
M0114090,N,23,1,10130.75,1,0,1,2296.59,9347.73,0.86
M0114091,N,24,2,7128.26,0,0,0,2088.21,4497.37,0.29
M0114092,N,60,1,18099.03,0,0,0,6422.18,14345.78,1.86
M0114093,N,56,1,20601.28,0,0,1,1802.31,15460.69,1.99
M0114094,N,55,0,21956.45,0,3,1,3822.65,23535.1,0.31
M0114095,N,78,0,8522.44,0,0,0,2210.09,4875.3,0.72
M0114096,N,46,0,22327.27,0,0,0,6529.6,13334.62,1.61
M0114097,N,22,2,8489.1,0,2,0,1992.66,6219.48,0.89
M0114098,N,25,0,7190.02,0,1,1,1494.98,5924.94,0.0
M0114099,N,27,0,2267.28,0,1,0,1040.61,2297.69,1.13
M0114100,N,76,0,19489.83,0,2,1,1949.16,13825.53,0.36
M0114101,Y,65,3,284094.92,5,2,6,117431.55,189109.43,7.71
M0114102,N,28,0,14269.73,0,0,0,1174.15,11103.05,0.0
M0114103,N,66,3,7358.34,0,0,0,3854.11,3297.38,0.43
M0114104,N,46,1,7760.57,0,2,0,4114.2,8240.86,1.76
M0114105,N,27,0,13462.03,0,2,0,6393.29,5706.74,0.91
M0114106,N,65,0,17687.52,0,0,0,3938.73,12854.96,0.47
M0114107,N,74,2,3966.16,0,0,1,528.74,5148.88,0.28
M0114108,N,20,1,28568.89,0,0,0,8021.79,23762.99,1.56
M0114109,N,19,0,5488.85,0,2,0,3196.71,5843.8,0.96
M0114110,N,52,3,14606.21,0,2,0,5165.35,10607.43,0.87
M0114111,N,30,2,7900.8,0,0,0,3413.76,4947.68,0.0
M0114112,N,38,0,8662.3,0,0,0,8742.73,6631.46,2.29
M0114113,N,34,1,16270.31,0,0,0,451.17,17965.44,1.09
M0114114,N,27,0,5947.04,1,0,0,1650.84,4051.78,0.02
M0114115,Y,42,8,229937.34,3,6,3,81132.73,126028.9,5.49
M0114116,N,62,0,13643.8,1,0,0,3047.92,10890.97,1.28
M0114117,N,31,1,9933.87,0,1,2,3806.06,5451.23,0.29
M0114118,N,50,0,4274.29,0,0,0,1724.75,5175.5,0.37
M0114119,N,33,1,24018.77,0,2,0,25111.63,11001.33,1.23
M0114120,N,63,2,7350.77,0,3,1,478.69,9158.68,2.4
M0114121,N,78,1,4927.57,1,1,1,1003.09,6528.93,1.14
M0114122,N,54,0,30817.49,0,1,0,2880.12,22061.94,0.0
M0114123,N,61,1,9181.72,1,1,0,1090.74,11490.84,2.32
M0114124,N,56,0,16603.78,0,0,0,1318.9,21882.85,1.4
M0114125,N,79,3,5566.13,0,0,0,1762.54,2983.85,1.55
M0114126,N,18,2,24303.86,0,1,0,2494.29,17571.19,0.96
M0114127,N,56,1,13774.8,0,0,0,5323.18,8614.41,2.75
M0114128,N,47,1,64591.53,0,0,1,1519.26,55437.16,1.59
M0114129,N,66,1,23938.94,0,1,0,5918.96,16627.35,0.59
M0114130,N,78,2,3301.74,0,0,0,1974.55,2489.64,0.22
M0114131,N,39,2,18819.68,0,0,0,2350.27,13760.66,0.12
M0114132,N,44,0,1949.54,0,1,1,1348.98,2002.5,0.0
M0114133,N,31,0,5880.8,0,0,0,1060.24,7226.45,1.33
M0114134,N,63,0,16343.5,0,2,1,8724.65,6387.92,1.89
M0114135,N,31,1,7191.37,0,0,0,2003.37,8283.77,1.55
M0114136,N,30,1,25544.08,0,1,0,2413.11,34181.05,0.77
M0114137,N,40,1,11080.36,2,1,1,2368.16,7306.7,1.42
M0114138,N,69,0,8231.77,0,0,1,2594.01,5044.04,0.52
M0114139,N,50,2,43299.83,1,1,3,8301.58,27287.53,1.58
M0114140,N,64,0,7653.65,1,0,0,2471.71,10691.79,0.0
M0114141,N,45,2,9865.07,0,1,1,4250.33,12864.83,1.61
M0114142,N,44,1,19889.71,0,2,0,9971.68,10810.69,2.37
M0114143,N,25,1,11781.02,0,0,0,1428.51,8887.57,1.27
M0114144,N,32,1,7261.18,0,1,0,7766.17,3083.89,1.22
M0114145,N,39,3,6267.59,0,2,0,686.89,5805.76,0.27
M0114146,N,40,1,11824.52,1,0,0,2692.51,9759.09,2.08
M0114147,N,72,0,16854.24,0,2,0,2632.71,13808.71,1.41
M0114148,N,69,1,10033.04,0,1,0,2449.68,12917.56,0.0
M0114149,N,50,0,7040.45,0,0,2,4701.1,3016.4,1.54
M0114150,N,39,0,4381.74,0,1,0,2046.79,4324.49,0.36
M0114151,N,54,0,4461.94,0,0,0,974.97,3532.56,0.0
M0114152,N,32,2,18493.25,0,1,0,4196.7,10654.29,0.78
M0114153,N,26,1,12017.26,1,2,0,3260.27,10329.17,0.74
M0114154,N,36,0,10587.74,1,1,0,3413.82,8682.16,0.24
M0114155,N,29,0,3597.66,0,1,0,1348.47,2637.86,0.81
M0114156,N,51,2,9124.58,0,1,0,3373.85,10571.32,0.0
M0114157,N,50,1,13684.81,0,0,2,11937.18,8768.82,2.14
M0114158,N,40,0,11628.38,1,0,1,369.09,9529.02,0.46
M0114159,N,64,0,8569.37,1,1,0,5648.27,7814.12,1.08
M0114160,N,49,1,4881.08,0,2,0,2911.24,5788.99,1.01
M0114161,N,48,0,4616.53,0,1,0,2810.21,1239.54,1.01
M0114162,N,70,2,5407.59,0,0,0,1631.72,4519.35,0.31
M0114163,N,64,2,24247.02,0,0,0,12419.02,8248.57,2.15
M0114164,N,41,2,23182.04,0,1,0,6855.69,33615.87,1.36
M0114165,N,64,2,12407.61,0,0,1,9588.92,5818.07,2.21
M0114166,N,26,1,15059.2,0,2,0,2944.81,12125.07,0.43
M0114167,N,31,0,5417.49,0,0,0,903.4,7708.6,1.25
M0114168,N,37,0,13361.52,1,1,0,1414.94,12502.91,0.03
M0114169,N,24,1,18456.84,1,0,1,889.31,14361.96,1.28
M0114170,N,45,0,10020.51,0,0,0,5325.48,4450.75,1.28
M0114171,N,28,0,4726.76,0,1,0,3619.52,1581.92,0.99
M0114172,N,76,2,16032.79,0,0,0,4559.77,12080.81,0.54
M0114173,N,71,2,18961.65,1,0,0,4891.79,10427.56,1.9
M0114174,N,73,1,5443.25,1,0,1,673.89,5547.92,0.16
M0114175,N,58,0,7475.0,0,0,0,875.06,7553.04,0.0
M0114176,N,41,2,27186.24,0,1,0,3329.48,38993.91,2.77
M0114177,N,80,0,1644.34,0,0,1,821.95,1904.73,0.0
M0114178,N,43,0,4084.9,0,2,0,1661.85,2236.59,0.98
M0114179,N,31,3,17160.68,0,0,0,5407.37,9179.28,0.35
M0114180,N,50,0,3525.96,0,0,0,1207.82,4692.89,1.32
M0114181,N,22,0,8445.55,0,0,0,765.01,6922.95,1.05
M0114182,N,39,1,8022.23,0,1,0,257.09,6677.54,0.65
M0114183,N,35,0,5172.57,0,2,0,3178.62,3404.57,1.31
M0114184,N,56,1,26903.24,0,1,1,11750.13,17792.97,1.62
M0114185,N,60,0,3550.72,0,2,0,1525.34,2751.55,1.35
M0114186,N,47,2,16983.81,0,1,0,3437.41,11062.02,0.91
M0114187,Y,60,3,149033.81,4,5,3,102574.07,69893.6,3.67
M0114188,N,36,1,5453.54,0,0,2,2177.47,7674.26,1.27
M0114189,N,68,0,9504.99,2,0,0,8792.63,6804.03,1.56
M0114190,N,58,2,10119.96,0,0,0,3792.39,5461.34,0.43
M0114191,N,50,1,14675.84,0,0,0,7743.26,8981.53,1.03
M0114192,N,38,0,15494.18,0,0,0,5050.34,12377.14,1.57
M0114193,N,21,2,15313.4,0,0,0,8588.73,3924.94,0.47
M0114194,N,44,1,4630.11,0,2,0,576.74,4402.89,0.0
M0114195,N,40,2,10657.27,0,1,0,7596.66,6229.46,1.99
M0114196,N,36,0,6901.94,0,0,0,5087.32,2777.85,0.15
M0114197,N,64,1,16609.33,0,2,0,13913.04,7066.36,1.08
M0114198,N,33,0,6434.35,0,0,2,1145.91,5409.49,0.87
M0114199,N,26,0,3104.18,1,1,0,465.53,4956.4,0.0
M0114200,N,65,1,12922.9,0,0,0,5946.84,5250.58,0.54
M0114201,N,24,2,17856.89,0,1,0,2369.91,18033.7,1.55
M0114202,N,24,0,8491.13,0,1,0,1921.17,7808.61,1.08
M0114203,Y,51,5,248245.84,3,4,2,143296.58,97703.36,4.34
M0114204,N,52,1,10891.3,0,1,0,3863.74,5940.46,0.0
M0114205,N,48,1,18294.9,0,1,0,5426.72,12355.5,1.72
M0114206,N,55,0,25995.04,0,0,0,3224.4,22580.61,0.0
M0114207,N,60,0,10663.05,0,1,0,4409.4,13240.83,0.84
M0114208,N,21,1,4558.87,0,0,0,1257.46,2992.71,0.18
M0114209,N,38,2,5393.71,0,1,0,3695.85,5660.14,2.32
M0114210,N,72,1,43556.18,0,0,0,6555.13,29939.8,0.35
M0114211,N,32,2,54811.6,1,0,1,32984.06,17308.62,1.8
M0114212,N,68,1,5819.19,0,0,1,1272.72,3742.03,0.77
M0114213,N,27,2,9702.8,0,0,0,1838.05,13947.64,0.37
M0114214,N,61,0,7109.47,0,1,0,2931.4,3607.4,0.22
M0114215,N,25,0,4996.65,0,0,0,975.48,3570.76,0.88
M0114216,N,18,2,13797.69,1,1,0,2774.14,20612.46,1.33
M0114217,N,18,1,6086.34,0,0,0,1211.82,4124.1,1.04
M0114218,N,37,0,23682.99,1,0,1,10371.2,10765.36,2.42
M0114219,N,21,1,13446.81,0,0,0,1996.45,8946.89,0.08
M0114220,N,29,0,6252.94,0,0,0,3487.06,3569.04,0.0
M0114221,N,32,1,4737.59,0,1,0,2575.74,5295.82,0.84
M0114222,N,40,2,4712.89,0,1,0,767.35,6616.55,0.4
M0114223,Y,66,3,236173.11,2,4,3,102913.62,204732.71,6.99
M0114224,N,32,2,15467.07,0,0,0,3911.09,8241.94,0.36
M0114225,N,26,1,12972.3,0,0,1,1328.69,18826.29,0.0
M0114226,N,56,3,61871.32,1,0,0,18088.51,34450.23,1.98
M0114227,N,38,2,44510.81,1,2,0,13605.21,35536.19,1.72
M0114228,N,28,1,10617.25,0,2,0,2650.54,6578.75,0.52
M0114229,N,18,3,17227.49,0,0,0,7494.43,15842.37,0.0
M0114230,N,70,0,9320.26,0,1,0,4451.44,6428.14,0.78
M0114231,N,20,1,7023.74,0,2,0,1152.26,5538.1,1.54
M0114232,N,26,1,3489.29,0,0,0,794.71,3373.76,0.0
M0114233,N,62,0,15926.61,1,2,0,8002.49,11134.88,1.09
M0114234,N,24,3,15011.8,1,2,0,2401.04,10889.15,0.37
M0114235,N,31,1,10020.03,0,0,0,3021.87,7402.45,1.0
M0114236,N,72,1,16498.37,1,0,0,9158.6,7335.6,2.21
M0114237,N,54,2,10636.95,0,2,3,3220.28,6190.27,0.83
M0114238,N,21,0,3664.8,0,1,0,615.08,3062.05,0.18
M0114239,N,31,0,18337.98,0,2,0,1680.24,14224.94,1.32
M0114240,N,30,2,8967.33,0,3,0,3865.2,5314.19,1.74
M0114241,N,31,2,16547.04,0,0,1,3849.45,17760.81,2.16
M0114242,N,34,1,11781.11,0,1,1,1919.56,7433.77,1.7
M0114243,N,21,2,14017.48,0,0,0,1066.64,11640.63,1.99
M0114244,N,25,2,21565.65,0,0,0,29311.04,8028.16,2.04
M0114245,N,69,1,5718.62,0,0,0,1822.6,3311.47,1.34
M0114246,N,38,0,12602.17,0,0,0,4349.36,5759.54,1.26
M0114247,N,71,1,24593.05,0,0,0,3893.83,22054.61,0.89
M0114248,N,69,1,3862.1,0,0,2,1128.29,5527.28,1.79
M0114249,N,55,2,29560.67,0,0,0,4747.55,22531.83,2.27
M0114250,N,22,0,25756.43,1,0,0,928.11,19411.54,0.0
M0114251,N,63,2,24480.85,0,2,0,4361.8,20796.69,1.8
M0114252,N,50,1,6990.44,0,0,0,901.68,7357.4,0.0
M0114253,N,41,0,15429.73,0,1,0,2952.95,9195.43,0.17
M0114254,N,56,1,5462.92,1,0,0,874.66,3848.06,0.2
M0114255,N,54,1,6353.14,0,2,1,2447.6,7564.8,0.3
M0114256,N,23,1,4026.35,0,0,0,689.31,4523.63,0.66
M0114257,N,70,0,7665.56,0,0,0,4651.89,4005.42,0.65
M0114258,N,22,2,31741.86,1,1,1,8484.21,34444.01,1.99
M0114259,N,56,1,14593.07,0,1,0,1820.75,10671.27,1.75
M0114260,N,64,2,1974.53,0,0,0,686.52,2073.35,1.62
M0114261,N,42,1,8539.52,0,1,1,1584.57,5220.68,0.13
M0114262,N,76,3,11846.59,0,0,2,969.78,11184.41,0.18
M0114263,N,38,2,8475.17,0,0,0,5829.83,7700.11,0.0
M0114264,N,42,2,16276.51,2,0,2,2226.74,14276.57,1.26
M0114265,N,49,1,8057.75,0,1,0,1229.47,5186.09,0.67
M0114266,N,79,0,18926.54,0,1,1,7618.57,13990.43,1.81
M0114267,N,45,0,24422.31,1,1,0,23037.88,7178.26,1.27
M0114268,N,80,0,14340.1,0,2,0,1881.66,10413.64,1.19
M0114269,N,28,0,17651.45,0,0,2,10004.06,7234.52,1.91
M0114270,N,55,1,6104.05,0,1,1,4508.58,3372.71,2.12
M0114271,N,65,0,10802.6,0,1,0,550.73,10785.22,0.52
M0114272,N,79,2,28200.09,1,2,1,7635.12,35812.01,2.34
M0114273,Y,40,4,290669.5,5,4,6,168979.83,218747.05,5.74
M0114274,N,73,1,8205.05,0,0,0,1550.75,9817.14,0.88
M0114275,N,58,0,6830.38,1,0,0,7003.4,2465.95,0.76
M0114276,N,36,2,26716.22,1,1,1,11313.71,18597.84,2.95
M0114277,N,62,0,17443.85,1,0,0,6610.95,8435.77,2.71
M0114278,N,18,0,33922.09,0,0,0,1190.72,29837.06,1.4
M0114279,N,22,0,5996.58,0,0,0,1417.42,4336.82,0.51
M0114280,N,34,1,10734.02,0,0,2,4644.38,6207.95,2.67
M0114281,N,61,0,8458.42,0,0,0,7528.4,4596.86,0.0
M0114282,N,25,1,5796.22,0,1,1,3095.7,7119.49,2.49
M0114283,N,57,0,27625.89,0,0,0,5880.02,22416.13,0.83
M0114284,N,23,2,24981.22,1,0,0,2805.12,36479.85,1.37
M0114285,N,46,0,3096.84,0,0,0,1077.01,3192.04,0.28
M0114286,N,45,0,6986.85,0,1,1,1823.38,4114.58,0.0
M0114287,N,80,1,3186.32,0,1,0,1585.8,2497.15,0.41
M0114288,N,23,3,6306.38,0,1,0,2607.58,2827.55,1.43
M0114289,N,67,0,9657.57,1,0,0,2293.87,14559.92,0.37
M0114290,N,39,0,11905.75,0,0,0,3635.86,8340.41,1.86
M0114291,N,79,1,5588.32,0,0,0,2093.56,7364.8,1.41
M0114292,N,73,1,18328.47,0,0,0,4505.56,10984.52,0.72
M0114293,N,46,0,3584.95,1,0,0,595.48,5602.4,0.89
M0114294,N,30,3,9976.27,0,1,0,2085.73,10000.28,2.96
M0114295,Y,54,5,299655.75,3,3,6,95638.92,209140.14,6.25
M0114296,N,78,0,6270.68,0,0,0,2729.91,6254.68,0.11
M0114297,N,55,0,3935.13,0,0,0,441.0,2936.15,0.0
M0114298,N,31,0,10332.94,0,0,0,5288.15,6360.35,1.41
M0114299,N,77,1,6744.6,0,2,1,4320.33,7147.81,0.59
M0114300,N,45,0,22985.4,0,1,0,865.7,35637.27,0.59
M0114301,N,65,0,12670.09,0,1,1,3994.35,6173.72,1.43
M0114302,N,27,0,30994.52,0,0,1,20712.55,8772.19,0.62
M0114303,N,64,0,20796.42,0,1,0,4156.56,12240.34,0.0
M0114304,N,78,0,22007.93,0,1,0,2093.02,15966.39,0.58
M0114305,N,74,1,9656.46,1,1,0,1044.22,7436.49,2.04
M0114306,N,64,2,13744.48,1,1,0,4771.53,8238.83,1.5
M0114307,N,63,1,7125.16,0,0,0,525.06,5855.23,2.25
M0114308,N,35,1,27040.42,1,0,2,15666.28,11511.46,2.25
M0114309,N,24,1,15910.84,0,0,0,6975.77,13608.53,0.93
M0114310,N,78,0,7265.8,0,0,0,1245.27,6715.67,0.0
M0114311,N,24,0,15829.41,0,0,0,3191.08,13478.61,0.81
M0114312,Y,58,4,237385.36,3,2,5,108550.01,108876.94,2.93
M0114313,N,66,0,11109.24,0,2,0,4321.33,5339.83,2.14
M0114314,N,61,1,7675.42,0,1,0,604.82,8995.48,0.59
M0114315,N,26,0,13416.74,0,0,1,7623.3,10406.8,1.04
M0114316,N,18,2,22769.34,1,2,0,11758.92,16936.21,2.1
M0114317,N,77,1,18340.18,0,3,0,4717.73,14477.12,1.45
M0114318,N,27,3,19396.98,0,2,1,6842.93,9738.54,1.79
M0114319,N,26,0,21537.7,0,0,0,7624.35,12787.85,2.2
M0114320,N,31,0,10964.76,0,1,1,1273.82,8374.94,0.0
M0114321,N,22,0,8496.6,0,0,0,6575.91,2445.11,0.22
M0114322,N,20,0,1663.17,0,0,0,532.28,2455.93,0.0
M0114323,N,57,0,8693.75,0,0,0,756.43,7433.82,1.06
M0114324,N,65,0,2196.06,0,1,0,777.45,2586.51,1.47
M0114325,N,40,3,23505.85,0,2,2,8465.75,10990.03,1.16
M0114326,N,23,0,4240.51,0,1,0,1180.9,4905.61,0.18
M0114327,N,31,1,10620.94,1,2,0,2453.99,9458.84,1.14
M0114328,N,59,1,5946.4,0,1,0,1738.74,7105.72,0.51
M0114329,N,72,0,7680.96,0,0,0,1640.18,4431.67,1.37
M0114330,N,51,0,6338.56,0,0,1,1064.88,8189.15,0.0
M0114331,N,19,0,14238.22,0,1,0,4886.82,6513.29,1.58
M0114332,Y,74,6,152501.74,5,2,3,95167.75,90717.46,5.54
M0114333,N,78,0,22283.72,1,2,0,4247.63,15267.95,1.47
M0114334,N,37,0,7256.03,1,0,0,3979.42,7024.47,1.33
M0114335,N,66,2,4319.95,0,1,0,2096.35,2725.02,0.08
M0114336,N,27,0,23113.1,0,1,0,9898.4,31310.2,1.03
M0114337,N,73,2,11901.83,0,0,0,3640.32,8351.5,1.19
M0114338,N,69,1,12330.04,0,1,1,7417.72,14435.82,0.71
M0114339,N,70,1,11047.82,0,0,0,3432.61,11373.73,2.07
M0114340,N,27,0,3491.54,0,0,0,1578.69,3338.29,0.15
M0114341,N,47,1,13462.57,0,0,0,4978.46,18231.8,1.25
M0114342,N,32,1,2533.72,0,1,0,655.02,3090.83,0.63
M0114343,N,32,0,6288.73,0,0,0,3354.61,7355.16,0.0
M0114344,Y,45,5,182664.15,3,2,2,72514.1,154374.25,5.75
M0114345,N,70,1,14031.57,0,2,1,4348.23,17635.15,2.97
M0114346,N,51,1,6039.36,0,0,2,2535.25,3558.36,0.83
M0114347,N,71,1,6445.44,0,0,0,1470.81,5971.81,0.53
M0114348,N,26,0,6229.39,0,0,0,3096.97,7120.0,0.65
M0114349,N,72,2,6886.96,0,0,0,4228.91,6318.77,1.19
M0114350,N,42,0,7170.85,0,1,0,862.18,9776.84,0.69
M0114351,N,44,1,4742.88,0,1,0,2463.18,4302.34,0.54
M0114352,N,23,1,14304.76,0,1,0,4879.73,14006.03,0.0
M0114353,N,48,1,15669.91,0,0,1,3498.84,8883.72,1.93
M0114354,N,47,1,18221.2,0,1,0,1198.82,17371.85,2.1
M0114355,N,54,1,10571.3,0,0,0,2893.78,6298.91,1.79
M0114356,N,18,1,24202.83,0,0,0,4065.98,29580.26,0.83
M0114357,N,27,1,25048.3,1,0,0,14498.59,16417.36,3.33
M0114358,N,38,1,31691.74,0,1,0,3232.94,24463.23,2.7
M0114359,N,41,1,62476.37,0,1,0,2959.92,51124.9,3.21
M0114360,N,22,1,5250.74,0,2,0,1259.18,5996.49,0.0
M0114361,N,60,0,2567.38,0,0,1,1380.59,2028.41,0.44
M0114362,N,59,2,18691.01,2,1,0,2056.79,22421.33,0.87
M0114363,N,74,0,6674.12,1,1,0,865.53,5970.49,0.43
M0114364,N,33,0,4961.81,0,0,0,1762.31,6235.33,0.09
M0114365,N,74,1,30289.59,0,0,0,3632.79,23302.54,0.86
M0114366,N,51,0,11733.84,0,1,0,1161.33,11702.11,0.96
M0114367,N,55,0,2277.14,0,2,0,819.75,1668.23,0.0
M0114368,N,26,0,1973.91,0,0,0,539.88,1192.25,0.21
M0114369,N,36,0,5040.02,1,1,0,2186.14,3992.37,0.89
M0114370,N,27,0,10005.58,1,0,0,1637.28,7113.76,1.33
M0114371,N,28,0,13281.09,0,0,1,3269.84,9737.15,0.6
M0114372,N,26,0,3427.13,1,0,0,683.59,3155.47,1.07
M0114373,N,80,0,12764.94,1,1,0,1530.36,9300.14,0.66
M0114374,N,75,1,8816.34,0,3,1,3754.95,11386.61,2.78
M0114375,N,54,1,11776.21,0,1,0,3014.62,6193.52,0.0
M0114376,N,31,0,8992.72,1,0,1,2198.99,7207.7,0.83
M0114377,N,44,0,2641.22,1,2,1,1738.49,1753.06,1.38
M0114378,N,19,1,17151.27,0,0,0,3505.78,11559.69,0.0
M0114379,N,46,1,13550.63,0,1,0,1125.0,9633.55,1.93
M0114380,N,44,0,2311.47,0,0,1,1203.41,1779.54,0.0
M0114381,N,44,2,28996.88,0,2,0,3316.59,25884.97,1.47
M0114382,N,23,1,8589.71,0,0,1,11416.21,3772.12,2.11
M0114383,N,42,1,15263.33,0,0,0,995.74,12910.12,0.73
M0114384,N,39,1,9227.28,1,0,0,3959.94,5862.61,0.87
M0114385,N,68,0,9995.35,0,0,0,4604.11,4000.45,0.69
M0114386,N,69,1,14664.14,0,0,0,4901.7,6664.14,1.92
M0114387,N,63,0,28230.04,0,1,1,4385.85,17979.36,1.08
M0114388,N,57,0,12343.26,1,0,0,1707.52,9258.44,1.87
M0114389,N,40,0,7728.4,0,0,0,5468.95,5960.77,1.27
M0114390,N,70,2,33249.18,0,1,0,4492.01,23590.09,2.15
M0114391,N,55,1,11170.93,0,0,1,5171.4,8289.84,1.63
M0114392,N,26,3,7681.08,0,0,1,2631.89,7566.46,1.1
M0114393,N,66,3,11872.79,0,0,0,4787.54,8697.25,2.36
M0114394,N,25,0,4773.87,0,0,0,1463.97,4331.42,1.82
M0114395,N,32,2,9103.92,0,0,0,488.81,14778.01,0.23
M0114396,N,38,0,4707.34,1,1,0,1512.65,2386.93,0.62
M0114397,N,60,3,15951.87,1,0,0,6048.24,6775.18,1.93
M0114398,Y,64,5,193008.33,3,3,2,53965.82,159249.79,3.88
M0114399,N,39,0,10849.02,0,0,0,4731.67,8266.12,0.9
M0114400,N,29,0,9955.33,0,0,0,4102.59,11671.55,2.58
M0114401,N,45,0,14224.3,0,0,0,2125.01,11846.07,1.64
M0114402,N,74,0,2349.25,1,1,0,496.14,3609.35,1.3
M0114403,N,58,0,9059.24,0,1,0,2519.34,8734.68,0.0
M0114404,Y,83,6,153472.7,1,4,6,72897.6,136393.78,4.8
M0114405,N,24,2,12219.76,0,0,0,1675.19,11315.27,2.16
M0114406,N,45,2,5277.05,0,0,0,2768.0,2730.68,0.89
M0114407,N,51,2,23147.36,1,1,2,6302.09,19731.39,2.05
M0114408,N,38,0,24937.49,0,0,0,7967.1,16563.53,2.85
M0114409,N,56,0,1587.37,1,0,1,654.55,1580.28,0.57
M0114410,N,30,0,8148.46,0,1,0,5986.65,8762.79,1.02
M0114411,N,77,3,8667.7,0,1,0,3264.38,6537.44,1.55
M0114412,N,39,0,8286.23,0,0,0,3615.82,5275.24,0.0
M0114413,N,69,0,4378.98,0,1,0,2235.45,4709.73,0.96
M0114414,N,46,1,9295.07,0,0,1,6033.37,2942.45,1.71
M0114415,N,51,1,16511.75,0,1,1,1566.81,13058.38,0.92
M0114416,N,65,0,8153.15,0,0,0,2738.01,8055.62,1.45
M0114417,N,75,2,10484.78,0,1,1,1691.67,11718.95,1.5
M0114418,N,75,1,5732.93,0,0,0,1102.05,8952.85,0.0
M0114419,N,53,2,11854.17,0,0,1,7547.22,8046.44,0.17
M0114420,N,41,2,10705.36,0,0,0,3771.33,6092.65,2.0
M0114421,N,28,1,15195.02,0,0,0,10592.73,6569.66,1.66
M0114422,Y,43,5,262501.53,3,2,3,36795.31,260221.85,3.67
M0114423,N,29,0,29420.94,0,1,1,2121.44,21774.11,1.52
M0114424,N,53,0,1855.94,0,0,0,745.09,1216.48,0.24
M0114425,N,41,0,10694.36,0,0,0,4842.48,7451.9,0.86
M0114426,N,31,0,15183.99,0,1,0,8001.25,12963.82,2.23
M0114427,N,64,1,7341.95,0,0,1,5459.03,6109.51,2.79
M0114428,N,26,2,6233.96,0,2,0,1361.17,5204.3,1.29
M0114429,N,79,2,10552.49,1,0,0,4906.19,7356.32,0.54
M0114430,N,56,3,8890.33,1,0,0,2183.8,6109.64,0.35
M0114431,Y,42,6,191692.27,2,3,4,50202.35,211822.94,4.45
M0114432,N,61,0,12554.02,2,1,0,1559.09,14815.62,0.86
M0114433,N,50,1,63048.1,0,3,0,3947.52,70061.38,2.49
M0114434,N,19,0,3828.22,1,0,0,1395.19,4355.57,1.5
M0114435,N,42,1,26384.34,1,0,0,10257.78,19592.34,1.25
M0114436,N,21,0,13384.89,1,0,0,4512.45,6247.76,2.17
M0114437,N,71,3,30233.01,1,1,2,20634.24,8406.66,1.93
M0114438,N,42,0,21308.1,0,0,1,4569.91,13805.4,0.93
M0114439,N,72,1,19455.96,0,2,0,3004.55,24687.57,0.0
M0114440,N,55,1,9108.84,0,0,0,2405.15,8296.76,1.57
M0114441,N,72,0,7728.88,0,0,1,3461.25,8459.31,1.34
M0114442,N,77,2,14302.91,0,0,0,1524.05,11642.84,0.0
M0114443,N,75,1,9555.28,0,2,0,930.56,8294.68,1.95
M0114444,N,31,1,11873.79,0,0,0,2004.97,11725.99,2.62
M0114445,N,70,0,6586.91,1,0,0,1414.74,3744.49,0.19
M0114446,N,55,1,6648.81,0,0,0,2608.31,6504.49,0.86
M0114447,N,32,0,9060.63,0,1,0,1547.59,13325.12,1.0
M0114448,N,42,2,14162.67,0,2,0,2817.38,13799.0,3.86
M0114449,N,31,1,7365.75,0,0,0,4380.07,5245.52,1.67
M0114450,N,77,1,15668.18,0,0,0,603.77,16214.13,0.04
M0114451,N,61,0,35345.02,0,2,1,3158.78,24666.76,1.72
M0114452,N,20,3,13699.7,0,0,0,1318.47,10938.25,1.02
M0114453,N,76,2,10754.3,0,2,0,8651.87,2426.93,0.38
M0114454,N,25,1,23402.75,0,1,0,8547.01,10410.72,1.73
M0114455,N,49,3,16294.6,1,2,1,9470.89,12028.59,1.87
M0114456,N,28,0,5996.58,0,1,0,1133.7,3852.79,1.4
M0114457,N,41,0,16154.77,0,1,1,2790.59,13412.17,1.38
M0114458,N,51,1,17665.93,0,1,0,4983.26,25653.59,1.53
M0114459,N,79,2,6607.97,1,1,0,1721.24,4820.81,0.81
M0114460,N,58,1,10017.7,0,0,0,3508.89,6740.8,1.81
M0114461,N,70,1,4532.42,1,0,0,1140.24,3448.68,1.53
M0114462,N,60,1,27804.68,0,2,1,7770.52,27846.14,2.08
M0114463,N,28,0,20046.2,1,0,2,1963.39,21162.1,1.82
M0114464,N,45,1,15275.1,0,0,1,2144.16,12446.57,1.2
M0114465,N,25,1,8085.86,0,0,0,1333.7,5175.41,0.2
M0114466,N,47,2,6596.74,0,0,0,629.71,7812.55,1.33
M0114467,N,31,0,4163.18,0,1,0,1320.28,2010.49,0.57
M0114468,N,78,3,11383.09,1,1,1,8270.4,6727.25,2.51
M0114469,N,32,0,7485.74,0,0,1,2103.52,10474.71,1.46
M0114470,N,42,2,7372.73,0,0,0,2140.93,3686.49,0.51
M0114471,N,32,3,9981.73,1,0,0,1234.44,9711.81,1.64
M0114472,N,55,3,14043.58,0,0,0,1385.82,9591.72,1.66
M0114473,N,65,0,4343.7,0,1,1,4974.67,2276.19,0.68
M0114474,N,48,0,5386.05,1,0,0,1825.63,2490.74,1.1
M0114475,N,65,1,22569.52,0,0,0,13075.64,6094.8,0.52
M0114476,N,29,2,7046.33,1,2,1,1115.32,5718.09,1.34
M0114477,N,30,1,14698.96,1,2,0,2525.78,14255.13,0.76
M0114478,N,78,1,10379.89,0,0,0,2614.36,6254.2,1.53
M0114479,N,66,2,8984.38,0,1,0,1936.27,7677.42,0.0
M0114480,N,68,1,16171.68,0,0,1,6713.15,8524.88,1.56
M0114481,N,36,1,2519.52,0,1,1,3138.93,974.99,0.98
M0114482,N,48,1,4815.06,0,2,1,2054.31,4988.86,2.08
M0114483,N,28,0,15730.55,1,0,1,1842.75,12387.12,1.98
M0114484,N,33,0,4440.33,0,0,1,1339.43,3997.71,0.47
M0114485,N,34,0,11348.54,0,0,0,4468.65,5487.91,1.64
M0114486,N,57,0,15382.42,0,2,1,4221.5,8982.14,0.63
M0114487,N,43,2,8197.5,0,0,0,4256.83,2900.36,0.0
M0114488,N,50,1,12296.8,1,1,0,1410.85,13078.03,1.37
M0114489,N,47,2,16240.12,0,0,0,5001.89,10560.84,0.89
M0114490,N,60,0,19262.57,0,1,0,6486.78,9073.06,0.0
M0114491,N,59,1,6782.79,1,0,1,3978.49,4195.68,0.0
M0114492,N,41,0,5028.29,0,1,0,665.59,5357.21,2.1
M0114493,Y,55,5,241966.76,4,1,7,41471.48,242341.68,6.21
M0114494,N,31,0,7477.75,0,0,0,1192.65,4731.35,1.83
M0114495,N,66,2,6917.58,0,1,1,1551.85,5508.28,0.0
M0114496,N,45,1,9547.67,0,0,1,3227.13,4280.01,0.89
M0114497,N,27,2,9580.99,0,1,0,1535.53,6512.73,2.54
M0114498,N,70,1,19863.89,0,0,0,3565.59,13206.45,1.07
M0114499,N,23,1,15904.02,0,0,1,7858.23,6542.36,0.72
M0114500,N,59,1,7256.85,0,0,0,2043.13,4394.51,1.74
M0114501,N,28,1,14521.06,0,2,0,2475.72,13013.38,0.71
M0114502,N,29,2,31442.9,0,2,1,7908.5,26790.4,2.43
M0114503,N,54,1,6593.41,0,1,0,2997.8,6110.22,1.12
M0114504,N,23,0,14359.64,0,1,1,2716.39,8773.3,0.34
M0114505,N,56,1,14229.44,0,0,1,1582.17,16572.33,1.82
M0114506,N,27,0,16800.85,0,1,0,10592.46,15156.36,0.6
M0114507,Y,38,3,143856.04,4,4,1,43985.56,95591.26,3.52
M0114508,N,23,0,6556.78,2,0,0,1598.0,3854.5,0.0
M0114509,N,40,0,4857.8,0,0,0,4348.28,3149.35,0.58
M0114510,N,22,0,4519.34,0,0,0,3352.46,4803.64,2.32
M0114511,N,29,3,8382.13,0,1,0,771.32,6081.41,0.45
M0114512,N,25,2,42755.69,0,0,2,9210.22,34409.93,0.62
M0114513,N,46,1,4831.81,0,1,1,1646.35,5989.62,2.28
M0114514,N,52,1,10399.99,1,0,0,4998.47,6862.94,0.41
M0114515,N,19,2,9624.66,0,2,0,6540.28,7749.5,1.03
M0114516,N,44,1,6576.77,0,0,0,3462.86,5532.94,1.92
M0114517,N,54,0,10445.79,0,1,0,1218.7,9145.87,1.01
M0114518,N,59,1,11791.47,0,0,0,4047.13,12310.09,0.49
M0114519,N,71,0,6833.16,0,1,0,1318.68,5872.22,0.52
M0114520,N,56,2,26365.08,0,1,0,15129.4,10771.6,1.83
M0114521,N,37,1,18339.27,0,0,0,3554.9,12721.92,2.42
M0114522,N,78,3,12569.12,0,0,1,6621.29,7901.33,1.23
M0114523,N,71,2,3885.98,0,0,0,1433.62,3037.79,0.82
M0114524,N,26,0,17426.95,1,0,1,2656.65,16916.89,1.68
M0114525,Y,74,5,222398.62,1,1,1,97886.04,139913.53,4.52
M0114526,N,70,1,6239.18,0,0,0,2833.27,4116.54,0.0
M0114527,N,56,1,8940.25,0,1,0,1954.56,5462.6,1.08
M0114528,N,31,1,7132.01,0,1,0,2162.23,4693.19,0.0
M0114529,N,59,0,10931.87,1,1,0,4160.66,7641.67,0.98
M0114530,N,48,1,6390.04,1,2,0,1568.69,7839.59,1.89
M0114531,N,42,2,32908.36,1,3,0,22345.14,7747.11,1.3
M0114532,N,39,1,18363.48,0,1,1,2965.59,20485.25,0.69
M0114533,N,27,0,8807.88,0,1,0,3292.06,10899.28,1.38
M0114534,N,27,0,20929.39,0,0,0,1223.41,25906.87,1.82
M0114535,N,42,3,5900.25,0,0,0,1545.88,5675.31,1.06
M0114536,N,59,0,14867.12,0,0,0,2831.54,9309.65,1.13
M0114537,N,31,1,5066.79,0,1,0,1859.52,6592.05,1.02
M0114538,N,77,0,11905.6,0,1,2,4579.41,12664.02,2.28
M0114539,N,61,2,5905.37,0,0,0,1098.82,5719.52,1.07
M0114540,N,39,0,9780.42,0,0,0,7035.88,8910.52,1.36
M0114541,N,43,2,15461.0,0,0,0,2008.63,17923.51,2.62
M0114542,N,65,3,11028.49,0,0,2,2560.17,8171.46,2.54
M0114543,N,66,0,15936.55,0,1,0,1476.93,12583.97,2.22
M0114544,N,38,0,8727.32,1,0,1,1274.19,7824.89,1.66
M0114545,N,54,3,12595.31,0,2,0,1689.0,14879.02,0.86
M0114546,N,38,1,7763.5,0,0,1,637.72,6327.6,0.22
M0114547,N,36,0,6552.97,0,0,0,4597.86,4378.84,0.88
M0114548,N,47,0,10610.83,0,1,0,3028.49,7465.19,0.77
M0114549,N,71,2,12948.3,0,0,0,885.48,9592.51,0.16
M0114550,N,46,0,4402.74,0,1,0,2064.91,5890.15,0.35
M0114551,N,72,1,6129.64,0,1,1,2247.14,3127.16,0.08
M0114552,N,66,0,9059.81,0,1,0,1983.16,5250.88,0.73
M0114553,N,66,0,9229.84,0,1,0,2737.66,7635.16,0.99
M0114554,N,61,2,5469.77,0,1,0,2297.76,3398.33,0.03
M0114555,N,76,0,12292.23,0,0,0,4643.04,5474.65,1.04
M0114556,N,34,0,14077.52,1,0,0,3747.62,12147.87,1.49
M0114557,Y,45,6,229717.74,1,7,1,42962.12,183575.71,3.28
M0114558,N,63,1,13342.63,1,0,0,5062.09,11270.68,0.76
M0114559,N,27,0,12514.27,0,0,0,1654.27,16476.34,0.97
M0114560,N,42,2,25210.61,0,1,0,10018.87,13914.47,1.39
M0114561,N,37,0,8501.83,0,0,0,4221.31,3612.11,0.86
M0114562,N,75,1,3746.71,0,1,0,1224.57,4266.13,1.15
M0114563,N,27,2,33418.35,1,0,0,14809.05,20302.81,1.09
M0114564,N,24,0,9816.4,0,0,0,2279.36,9583.16,1.55
M0114565,N,76,0,9864.45,0,1,0,878.51,8825.71,1.03
M0114566,N,21,1,7714.56,0,1,0,901.24,9316.2,1.01
M0114567,N,43,2,11157.0,0,1,0,4196.56,15513.48,1.07
M0114568,N,40,1,3638.02,1,1,1,1342.9,4259.73,1.68
M0114569,N,43,1,19726.31,0,0,0,5845.75,9705.18,2.0
M0114570,N,31,2,12592.92,1,1,1,3011.35,17758.11,1.46
M0114571,N,58,0,6167.66,0,0,0,1581.39,5521.24,0.77
M0114572,N,40,1,8535.13,0,2,0,854.01,7438.8,1.51
M0114573,N,56,1,7507.51,0,2,1,1695.06,4503.8,0.63
M0114574,N,43,3,9839.98,1,0,0,2425.32,7268.1,1.48
M0114575,N,36,1,9201.48,0,0,0,3207.86,8282.12,0.84
M0114576,N,40,2,5303.88,0,0,1,1574.98,2793.44,0.24
M0114577,N,44,0,21096.59,0,2,1,6163.39,13515.98,2.5
M0114578,N,58,0,10351.55,1,1,0,2377.26,10582.31,2.04
M0114579,N,41,1,7935.06,1,2,1,3226.04,4902.72,0.41
M0114580,N,52,0,2959.15,0,0,0,403.58,3530.09,0.0
M0114581,N,47,0,6975.28,0,1,0,1125.27,6766.1,0.0
M0114582,N,49,1,3226.61,1,0,0,518.23,2856.6,0.62
M0114583,N,74,2,10439.73,0,0,0,10103.84,5905.78,0.0
M0114584,N,25,1,17376.82,0,0,0,5917.31,19112.8,0.0
M0114585,N,18,0,5026.25,0,0,0,2070.12,5264.42,0.67
M0114586,N,39,1,14823.99,0,0,0,1813.65,10153.09,0.74
M0114587,N,78,1,16577.78,0,0,0,11673.82,7309.24,1.46
M0114588,N,30,1,52641.27,1,2,0,23882.14,27684.17,2.64
M0114589,N,26,0,1784.3,0,0,0,1294.63,1064.77,0.54
M0114590,N,25,1,8597.06,0,2,0,1766.93,5190.06,1.05
M0114591,N,32,1,12916.04,0,0,1,5335.48,16210.74,3.0
M0114592,N,58,2,5935.67,0,0,0,1351.81,8599.78,0.89
M0114593,N,20,3,10661.41,0,2,1,5466.27,9267.91,1.84
M0114594,N,31,1,13266.17,0,0,0,2098.08,11752.21,1.15
M0114595,N,39,1,12173.89,0,1,1,4192.53,6061.94,0.13
M0114596,N,22,1,5215.53,0,0,0,1454.9,6844.22,0.22
M0114597,N,73,0,6418.49,0,0,2,2870.01,3927.94,1.06
M0114598,N,66,0,937.21,0,0,1,530.35,1021.14,1.52
M0114599,N,18,4,19324.18,0,2,0,3953.37,18827.9,2.94
M0114600,N,34,2,3332.37,0,1,0,1572.44,2575.64,0.45
M0114601,N,66,0,3271.93,0,0,0,1290.04,3526.65,0.0
M0114602,Y,81,3,157338.49,5,3,1,37415.34,121494.25,4.62
M0114603,N,63,0,18251.08,0,0,0,4300.14,10056.84,1.37
M0114604,N,78,1,10873.24,1,1,1,5403.3,6065.06,1.93
M0114605,N,62,2,5233.39,0,2,1,4868.11,3479.85,0.3
M0114606,N,60,1,6032.15,0,0,1,5164.65,2525.23,1.41
M0114607,N,55,0,17906.69,0,0,2,4483.72,9915.78,2.86
M0114608,N,66,2,30464.96,0,0,0,8085.69,27717.11,0.14
M0114609,N,18,0,8841.79,0,0,1,1541.46,11454.48,1.4
M0114610,N,56,1,19857.1,0,0,0,6618.3,23678.91,0.27
M0114611,N,52,0,13366.34,0,1,0,3432.36,19985.25,0.09
M0114612,N,61,0,5605.84,1,0,0,1601.72,8046.17,0.0
M0114613,N,78,1,8401.56,0,1,1,3443.66,3650.57,1.1
M0114614,N,61,0,3478.76,1,0,0,1979.82,1354.62,1.95
M0114615,N,39,1,6524.45,0,1,0,3569.85,7001.55,1.9
M0114616,N,41,0,5158.42,0,0,0,970.7,8303.73,0.38
M0114617,N,21,2,5771.94,0,0,0,3164.22,3436.56,1.1
M0114618,N,80,0,3551.8,0,0,1,1889.54,3700.76,1.46
M0114619,N,28,0,10534.95,0,1,0,4403.5,8320.83,1.37
M0114620,N,69,0,5477.09,0,0,0,1407.81,4925.72,0.12
M0114621,N,48,1,15221.07,0,2,0,5948.48,8459.94,2.61
M0114622,N,77,2,14771.8,0,1,0,8071.64,4595.35,1.29
M0114623,N,74,2,14684.55,0,2,0,6978.38,7016.62,1.74
M0114624,N,67,1,7408.26,0,2,0,3397.08,3351.07,0.82
M0114625,N,42,0,13355.12,1,3,0,2096.91,11462.43,1.55
M0114626,N,58,0,20321.39,0,1,1,13951.25,6343.61,0.41
M0114627,N,61,2,17589.28,0,0,0,5468.81,13659.66,0.21
M0114628,N,79,0,4942.96,0,0,0,2229.02,5552.03,2.02
M0114629,N,70,2,12899.1,0,0,0,1661.35,11023.38,0.48
M0114630,N,39,0,28752.64,0,0,0,17322.4,7367.2,1.26
M0114631,N,37,1,14694.27,0,2,1,6522.66,9978.33,1.26
M0114632,N,58,2,11149.55,0,0,1,3860.06,11767.53,1.04
M0114633,N,60,2,11451.69,0,2,0,3723.2,9318.68,0.38
M0114634,N,67,1,8935.19,1,1,0,2637.25,11222.43,1.78
M0114635,N,54,0,2385.23,0,0,0,1022.96,1716.3,1.83
M0114636,N,77,1,14448.65,0,0,0,8643.11,15622.63,0.28
M0114637,N,32,0,15656.22,1,2,1,13080.7,3564.92,0.0
M0114638,N,72,1,3319.82,2,0,1,1649.8,3302.29,1.26
M0114639,N,56,0,13289.16,0,0,0,4012.2,12841.2,1.95
M0114640,N,70,0,2846.83,0,0,0,1223.08,3169.7,0.4
M0114641,N,51,1,4950.48,0,0,0,2356.37,2921.63,0.94
M0114642,N,79,1,10037.03,1,1,1,4594.08,7287.03,0.82
M0114643,N,28,1,14345.4,0,1,0,798.72,15912.47,2.1
M0114644,N,25,1,33631.74,0,0,0,4908.52,24115.36,3.66
M0114645,N,44,2,8114.72,1,1,0,3210.87,5103.6,2.25
M0114646,N,65,0,3898.57,0,0,0,1583.15,3971.41,0.76
M0114647,N,54,1,13537.63,1,0,0,6749.33,13724.84,0.61
M0114648,N,68,1,10318.65,2,0,0,3491.74,10100.1,0.04
M0114649,N,79,0,9995.45,0,1,0,2880.59,5267.86,0.0
M0114650,N,38,0,15141.74,0,1,0,6015.03,8960.4,0.56
M0114651,N,28,0,4363.07,1,0,0,818.21,2645.95,0.0
M0114652,N,76,2,8097.73,0,0,0,1767.15,5554.0,0.88
M0114653,N,52,0,9414.87,0,1,0,2072.42,10451.15,0.55
M0114654,N,43,0,8765.23,0,1,1,2727.77,6481.4,1.02
M0114655,N,30,2,18727.73,0,2,0,6192.89,11804.71,1.14
M0114656,N,76,0,9003.35,1,1,1,2043.87,7658.97,0.0
M0114657,N,74,0,10933.39,0,0,0,4353.78,4844.04,1.19
M0114658,N,42,0,22004.36,0,1,1,10125.46,9064.61,1.49
M0114659,N,70,1,10370.71,1,0,0,6176.97,8839.2,0.37
M0114660,Y,41,6,107505.78,4,5,6,53913.73,95962.09,5.11
M0114661,N,32,1,13607.57,0,0,0,1285.48,10024.28,1.21
M0114662,N,73,0,17811.29,1,0,0,9439.59,9547.69,1.43
M0114663,Y,82,7,382927.58,4,3,1,103224.94,218140.93,5.41
M0114664,N,48,2,2710.69,0,0,0,1105.01,3490.83,0.83
M0114665,N,40,0,5865.33,1,1,1,440.21,6857.61,0.0
M0114666,N,27,1,13826.43,1,0,1,4876.64,9065.49,0.9
M0114667,N,51,1,50895.3,0,0,2,6548.55,33705.77,3.29
M0114668,N,32,1,13612.88,0,1,1,6983.84,3915.2,1.96
M0114669,N,38,1,13260.2,1,1,0,6252.98,14459.36,0.62
M0114670,N,39,0,12216.67,1,0,1,6192.37,7499.96,0.78
M0114671,N,44,1,15242.2,0,0,0,6249.76,7063.21,1.25
M0114672,Y,43,5,527231.89,2,1,3,355079.21,139096.94,5.94
M0114673,N,55,0,12033.55,0,1,1,6918.57,8212.95,1.57
M0114674,N,19,3,12523.15,0,1,0,3282.65,11453.85,1.03
M0114675,N,30,1,22674.69,0,2,0,11865.56,9380.95,0.14
M0114676,N,67,1,15864.25,0,3,2,2318.7,10083.84,1.83
M0114677,N,29,1,20907.91,0,0,2,8950.86,14175.2,1.88
M0114678,Y,67,5,217414.54,2,2,5,70902.73,153548.48,6.3
M0114679,N,72,0,19119.62,0,1,0,11305.68,5820.47,0.14
M0114680,N,65,0,5099.21,1,0,1,745.23,4768.28,0.0
M0114681,N,33,1,6305.78,0,1,0,1494.83,5190.79,0.0
M0114682,N,63,0,3380.13,0,1,0,506.48,3538.49,2.18
M0114683,N,71,1,53087.21,0,0,0,1318.49,48275.46,1.72
M0114684,N,35,4,6456.69,0,0,0,3891.22,6294.97,1.05
M0114685,N,63,1,9924.55,2,2,0,1884.3,6858.78,1.12
M0114686,N,41,2,12011.51,0,1,0,3240.83,8424.53,0.57
M0114687,N,53,1,8084.99,0,0,0,1631.48,9320.93,0.98
M0114688,N,78,3,7843.36,0,1,0,1655.81,6027.84,0.55
M0114689,N,48,2,23081.11,1,2,0,5345.71,21649.07,1.34
M0114690,N,67,1,3544.76,0,0,1,3446.83,2425.65,0.52
M0114691,N,48,1,6288.22,1,0,1,2539.82,5990.91,0.0
M0114692,N,55,0,4741.1,0,0,1,1671.39,5566.35,0.8
M0114693,N,80,0,16516.14,1,3,0,8327.62,6207.87,2.02
M0114694,N,29,1,16917.22,0,1,0,4560.59,17378.99,1.07
M0114695,N,61,1,7495.29,0,0,1,3672.04,8950.48,0.24
M0114696,N,64,2,9911.97,0,0,1,1559.84,7777.0,1.29
M0114697,N,75,1,12159.25,1,0,0,6348.19,14351.66,1.35
M0114698,N,28,2,29429.64,1,2,0,3448.88,25771.98,1.54
M0114699,N,49,0,7814.26,0,0,0,1601.89,5435.03,0.01
M0114700,N,66,1,8000.44,0,1,0,2494.31,7962.06,0.49
M0114701,N,80,1,17350.61,0,1,0,1930.77,13416.33,0.89
M0114702,N,30,1,11102.32,1,1,0,1210.18,10036.81,1.54
M0114703,N,57,0,16680.66,1,0,2,5882.37,10986.04,3.0
M0114704,N,47,0,8147.07,0,1,0,1824.45,5081.49,0.42
M0114705,N,36,1,12616.34,0,1,0,3143.18,13368.49,2.09
M0114706,N,69,1,4003.89,0,1,2,806.12,4970.54,1.14
M0114707,N,64,1,7444.43,1,1,0,2042.15,9879.41,0.53
M0114708,N,71,3,29308.42,0,2,0,7247.12,30775.1,1.14
M0114709,N,32,2,19139.09,0,0,0,3031.94,21973.39,2.01
M0114710,N,34,1,10481.47,0,1,1,10184.77,7971.58,0.78
M0114711,N,47,0,7418.07,0,0,0,3475.21,7431.88,0.44
M0114712,N,65,1,21093.55,0,0,1,2708.18,27848.21,0.38
M0114713,Y,38,6,162507.24,2,1,2,66204.49,152785.83,4.6
M0114714,N,59,2,5903.04,0,0,0,2146.43,4905.46,1.1
M0114715,N,63,1,9201.29,0,0,0,782.81,8503.29,1.11
M0114716,N,51,1,16071.51,0,0,1,7071.55,9622.75,1.15
M0114717,Y,80,4,211220.75,4,5,4,105676.12,133967.28,7.5
M0114718,N,65,0,26516.55,0,0,1,2894.32,21801.23,1.97
M0114719,N,53,1,8444.98,0,0,0,4560.0,5787.58,2.09
M0114720,N,52,0,22308.76,0,2,0,1761.66,18238.76,0.68
M0114721,N,49,1,9924.72,1,0,0,4079.76,6099.44,1.28
M0114722,N,78,3,31358.92,0,2,1,2737.48,27428.01,1.64
M0114723,N,54,0,6512.25,0,0,0,4230.84,3774.54,0.19
M0114724,N,60,1,8131.68,1,2,0,2615.15,9913.56,0.91
M0114725,N,26,0,5213.92,0,0,1,1490.75,4921.92,0.0
M0114726,N,35,1,14037.7,0,0,0,2459.44,8801.67,0.76
M0114727,N,62,1,6121.31,0,0,0,475.91,4748.54,0.5
M0114728,N,29,0,19518.58,0,0,1,2774.36,15746.57,1.72
M0114729,N,21,1,5225.69,0,0,0,1068.62,3105.41,0.02
M0114730,N,39,0,9186.81,0,0,0,2119.95,9038.46,0.77
M0114731,N,32,0,9424.24,0,2,0,6200.55,8796.67,0.68
M0114732,N,74,1,5726.35,0,2,0,1716.3,3736.52,0.96
M0114733,N,19,1,5235.22,0,0,0,2418.88,5216.75,1.18
M0114734,N,22,0,11390.57,0,1,0,7905.8,6468.27,0.0
M0114735,N,32,1,10304.02,0,1,0,1783.66,7494.88,1.54
M0114736,N,72,0,5448.56,0,0,0,2454.82,2302.9,1.54
M0114737,N,22,0,13698.85,0,0,0,1682.07,9130.21,0.48
M0114738,N,62,0,2964.7,0,0,0,1421.48,3735.42,1.84
M0114739,N,67,1,32621.95,0,0,1,3671.13,26514.99,2.22
M0114740,N,72,0,11104.14,0,0,1,1955.34,9315.7,0.64
M0114741,N,49,1,9022.99,0,0,0,8237.78,3126.76,0.65
M0114742,N,75,0,20137.87,0,0,1,4199.41,11804.62,0.0
M0114743,N,78,0,19831.0,2,1,1,5182.9,25285.75,1.72
M0114744,N,78,0,13102.38,0,0,0,1955.75,14622.07,0.8
M0114745,N,38,2,19475.92,0,0,0,11637.51,11597.97,2.87
M0114746,N,73,0,4995.96,0,0,0,943.23,3305.77,0.94
M0114747,N,48,1,7060.22,0,2,1,2582.54,6908.66,0.35
M0114748,N,68,2,36345.71,0,2,0,3300.86,41862.37,2.27
M0114749,N,22,1,11775.02,1,1,1,3094.49,6469.38,1.19
M0114750,N,65,3,8772.11,0,1,0,1247.03,9132.92,0.65
M0114751,N,37,0,13833.73,1,0,0,2125.76,10777.96,0.63
M0114752,N,36,1,25317.13,0,0,0,1936.83,19756.67,1.16
M0114753,N,21,2,15654.63,0,2,0,6275.13,21148.19,1.15
M0114754,N,74,2,21046.8,1,2,0,2422.72,18135.9,1.29
M0114755,N,46,0,6353.16,0,2,0,676.97,6833.15,1.02
M0114756,N,42,1,3198.03,0,1,0,810.25,2697.99,0.2
M0114757,N,43,3,7497.2,0,0,1,1266.29,7585.06,0.25
M0114758,N,44,2,8069.47,0,1,1,2353.85,5390.81,0.3
M0114759,N,21,1,9125.03,0,2,0,2853.55,5004.27,0.58
M0114760,N,43,2,6785.18,0,0,0,1562.76,5684.26,0.0
M0114761,N,67,0,16870.44,0,0,0,4205.7,10868.32,0.6
M0114762,N,44,0,10821.35,0,0,0,1141.63,14737.26,0.54
M0114763,N,44,1,8194.84,0,2,0,4576.06,7691.59,0.95
M0114764,N,73,0,32413.55,0,2,0,18153.68,20310.52,2.73
M0114765,N,60,3,4922.83,0,0,0,387.99,8202.56,1.35
M0114766,N,36,0,10745.11,0,0,0,2316.12,15997.47,0.96
M0114767,N,74,0,8559.61,0,0,0,4405.56,5298.53,1.38
M0114768,Y,64,7,201250.45,6,5,10,82455.3,180255.02,6.82
M0114769,N,54,2,8232.52,0,1,0,4857.8,4063.91,1.76
M0114770,N,36,1,4579.38,0,1,0,1272.7,4629.69,0.27
M0114771,Y,61,4,173190.91,1,6,2,36148.77,110232.79,3.57
M0114772,N,42,0,17727.31,0,0,0,4284.02,10538.33,0.6
M0114773,N,44,2,18183.79,1,2,1,4445.58,18730.91,1.75
M0114774,N,73,2,12818.39,0,2,1,8989.27,4032.09,1.57
M0114775,Y,75,2,710663.79,2,4,6,154470.76,474845.96,5.49
M0114776,N,19,0,15531.88,1,0,0,832.21,14748.77,0.45
M0114777,N,22,0,8503.84,0,1,1,1152.2,6151.66,1.23
M0114778,N,69,2,9339.03,0,0,0,3959.79,4399.92,0.63
M0114779,N,26,0,8427.76,0,2,0,2951.14,7562.18,1.25
M0114780,N,71,1,11927.89,0,0,1,4201.45,5204.15,0.45
M0114781,N,34,1,10996.39,0,0,1,5471.81,6273.38,0.96
M0114782,N,50,1,34569.16,2,2,0,4317.26,26625.13,0.67
M0114783,N,74,2,10099.78,1,0,0,10882.1,5559.99,3.37
M0114784,N,65,1,1683.35,1,0,1,452.1,1654.09,0.75
M0114785,N,47,3,16857.31,0,3,0,10322.42,8279.69,1.2
M0114786,N,33,2,15587.12,0,0,1,2897.96,17217.08,3.31
M0114787,N,28,2,10535.98,0,2,0,4275.09,8287.04,0.23
M0114788,Y,59,8,444052.1,5,5,3,161154.89,283545.33,7.83
M0114789,N,28,1,11068.65,0,0,0,3974.33,13041.89,0.74
M0114790,N,79,0,3071.37,0,0,1,677.04,4605.1,0.84
M0114791,N,25,0,7357.43,0,1,0,649.26,6102.66,0.54
M0114792,N,75,1,8928.69,0,0,0,2975.77,9196.13,1.99
M0114793,N,65,2,8638.58,1,0,0,3779.01,3155.35,0.0
M0114794,N,43,0,5087.3,0,1,2,2682.54,3446.91,0.0
M0114795,N,66,0,6414.71,0,1,0,4509.85,4237.56,0.32
M0114796,N,18,0,4145.76,0,0,0,1040.99,5997.23,0.85
M0114797,N,60,2,21280.13,0,0,1,8243.2,10713.87,0.76
M0114798,N,43,1,3502.83,0,1,0,1480.91,4142.62,0.03
M0114799,N,41,3,20615.93,1,1,0,3618.9,13218.48,3.33
M0114800,N,66,0,17486.91,0,0,1,1574.38,14364.52,0.74
M0114801,N,79,1,4518.74,0,0,0,1100.43,3847.72,0.65
M0114802,N,35,2,17482.3,0,0,0,13852.22,5705.07,0.94
M0114803,Y,70,6,90677.21,3,1,1,32352.16,96616.28,3.96
M0114804,N,26,1,28044.64,0,1,1,6707.22,18021.16,1.48
M0114805,N,58,0,6180.68,0,0,0,3914.0,4118.17,0.0
M0114806,N,72,0,2653.46,0,0,1,1393.11,3300.73,0.0
M0114807,N,24,3,25036.34,1,3,0,15234.62,14229.16,2.6
M0114808,N,51,1,38610.31,0,0,1,6770.6,23514.34,1.1
M0114809,N,19,1,8644.14,0,1,1,2235.96,7128.36,0.19
M0114810,N,76,1,11134.21,1,1,0,5491.17,8686.78,0.2
M0114811,N,29,0,12455.15,0,1,0,1260.35,14202.19,0.85
M0114812,Y,50,4,310956.71,5,1,6,155261.07,156485.26,5.4
M0114813,N,20,2,20321.51,2,1,2,3997.36,28698.16,1.96
M0114814,N,40,1,4793.97,0,0,0,1335.06,3765.6,1.27
M0114815,N,22,2,34697.28,1,1,0,30894.51,27229.81,3.32
M0114816,N,77,0,7467.85,0,2,0,2175.99,6716.9,1.69
M0114817,N,77,0,7778.45,0,0,0,5040.85,3390.28,0.0
M0114818,N,59,0,21750.25,0,1,0,8296.24,10840.16,0.57
M0114819,N,40,2,17270.33,0,2,0,1521.77,13029.87,1.96
M0114820,N,73,0,2230.6,0,1,0,1164.61,2253.43,1.2
M0114821,N,19,0,11142.15,0,2,0,2845.44,7218.24,0.0
M0114822,N,77,0,16038.88,0,0,2,7683.53,8075.2,1.48
M0114823,N,18,0,5509.07,0,0,1,2025.96,6001.36,0.06
M0114824,N,68,2,29107.48,0,1,2,13560.4,22840.29,2.16
M0114825,N,31,0,8109.13,0,0,1,4120.38,5277.0,0.04
M0114826,N,26,1,9450.02,0,1,1,3232.06,7575.58,1.2
M0114827,N,36,3,21738.74,0,2,0,7466.87,12781.28,2.51
M0114828,N,50,2,18724.68,0,1,0,6468.76,12208.55,0.89
M0114829,N,41,0,7458.39,0,0,0,3140.31,5243.74,0.0
M0114830,N,62,2,7842.89,0,1,0,2026.88,11311.7,0.31
M0114831,N,65,2,10886.98,0,0,1,9733.26,7323.42,1.41
M0114832,N,20,1,5049.87,0,0,0,2087.11,3873.64,1.76
M0114833,N,70,1,5343.38,1,1,0,931.59,4106.99,1.86
M0114834,N,45,0,19883.63,1,2,0,7494.97,10908.39,0.0
M0114835,N,55,1,11485.96,0,0,0,2365.29,7152.09,2.35
M0114836,N,72,0,16100.39,0,2,1,810.49,25817.98,0.94
M0114837,N,73,2,10694.51,0,0,0,2945.71,5908.08,1.71
M0114838,N,29,0,14301.11,0,0,0,1092.33,11359.67,0.52
M0114839,N,28,4,19964.95,0,0,1,2450.02,13505.22,1.38
M0114840,N,49,1,5197.17,0,0,0,2969.53,3879.81,0.04
M0114841,N,70,0,33484.65,0,1,0,9371.62,22895.8,0.97
M0114842,N,70,1,14536.72,0,0,1,4278.97,10282.98,0.81
M0114843,N,37,0,6394.15,0,1,0,1182.8,8526.37,0.0
M0114844,N,53,1,3097.99,0,2,0,595.14,4128.16,0.71
M0114845,N,42,0,5674.09,1,0,0,596.56,7836.85,1.13
M0114846,N,29,1,3147.6,0,0,0,701.09,4304.51,0.01
M0114847,N,70,1,7630.4,0,0,0,3330.07,10148.22,1.36
M0114848,Y,44,5,212819.69,2,4,4,103127.82,139531.11,4.54
M0114849,N,78,0,16843.64,0,0,1,9661.86,7117.77,0.44
M0114850,N,29,0,5003.84,0,0,0,2110.04,3161.43,1.32
M0114851,N,36,1,30998.11,1,1,0,1233.01,26021.95,1.82
M0114852,N,33,2,8809.53,0,1,1,6735.06,9059.42,0.79
M0114853,N,60,1,7059.54,0,0,0,2389.4,5079.94,1.11
M0114854,N,59,1,20436.84,0,1,1,1518.77,16672.73,1.48
M0114855,N,41,0,21625.37,0,0,0,1157.82,18109.19,0.23
M0114856,N,59,1,3482.6,0,0,0,1590.22,3892.47,0.12
M0114857,N,74,0,6769.18,0,1,0,950.9,10739.98,0.77
M0114858,N,19,1,14532.0,0,1,0,10382.93,5549.76,1.05
M0114859,N,56,0,4252.21,0,2,0,2503.88,4320.7,1.09
M0114860,N,80,1,8653.23,0,0,0,3116.29,9421.1,0.78
M0114861,N,80,0,27658.02,1,1,0,7880.49,14805.98,1.59
M0114862,N,79,1,10350.71,0,1,0,2633.36,6231.07,0.44
M0114863,N,71,2,7321.86,0,2,1,4875.16,5806.5,0.0
M0114864,N,37,2,10738.87,1,3,1,8571.51,5827.19,1.95
M0114865,N,52,1,12023.33,0,2,0,10549.76,6883.51,1.05
M0114866,N,77,1,6711.13,1,0,0,831.16,10621.79,0.0
M0114867,N,24,0,6829.51,0,0,0,1856.7,8415.15,0.26
M0114868,N,31,0,4911.78,0,0,0,2557.49,2750.78,0.0
M0114869,N,48,4,13304.81,0,0,0,4164.03,6555.6,0.97
M0114870,N,46,1,7476.56,0,0,0,4727.11,4840.31,2.02
M0114871,N,20,1,6971.82,0,0,0,991.38,5792.35,0.0
M0114872,N,39,1,12169.56,0,0,0,3520.52,10270.33,1.31
M0114873,N,70,1,8385.11,0,2,0,3985.46,6865.03,0.57
M0114874,N,29,0,11847.01,0,1,0,3267.16,7377.5,2.1
M0114875,N,68,3,16737.56,1,1,1,3810.76,9505.77,0.97
M0114876,N,48,2,18813.83,0,0,0,5122.87,22919.43,1.28
M0114877,N,37,0,10376.75,0,0,0,2782.38,6628.63,0.24
M0114878,N,33,0,19527.22,1,1,0,11357.2,6913.28,0.33
M0114879,N,47,2,6390.97,0,1,0,3116.38,7135.01,0.98
M0114880,N,20,1,3472.85,1,2,0,747.04,3769.17,0.85
M0114881,N,52,2,11196.66,0,0,0,4685.42,8061.45,1.44
M0114882,N,62,2,7078.21,0,1,2,1757.79,6952.76,0.0
M0114883,N,18,1,10222.33,0,0,1,4574.92,9591.87,1.58
M0114884,Y,68,6,292363.0,4,3,7,192429.4,90960.22,3.73
M0114885,N,44,0,4242.6,0,0,0,428.3,4496.28,0.91
M0114886,Y,41,5,397358.26,4,6,1,288328.83,93499.48,7.92
M0114887,N,56,0,9279.87,0,1,0,836.47,6515.15,0.0
M0114888,N,28,1,23076.89,0,2,0,4595.51,14806.81,1.64
M0114889,Y,54,7,211565.08,4,7,4,111745.02,160805.74,4.4
M0114890,N,23,1,55284.52,0,0,1,9789.08,39232.58,0.44
M0114891,N,43,0,3258.4,0,1,1,1802.01,2235.54,0.73
M0114892,N,29,1,13528.44,0,0,0,4318.94,11947.34,1.69
M0114893,N,76,1,10465.18,0,2,0,1363.69,7993.74,1.46
M0114894,N,75,2,3586.09,0,0,0,1495.43,2095.15,0.11
M0114895,N,73,1,4169.37,0,0,0,2707.83,3397.07,0.27
M0114896,N,62,0,3409.57,0,0,1,2440.67,2591.13,0.0
M0114897,N,68,0,5929.91,1,0,0,3713.23,6080.65,0.53
M0114898,N,66,1,8980.42,0,0,0,2898.1,5041.18,0.0
M0114899,Y,65,2,178484.94,2,1,2,43304.93,159145.17,5.71
M0114900,N,45,1,9034.19,0,0,1,3683.77,5453.28,0.0
M0114901,N,67,2,3118.88,1,0,0,634.83,2106.35,1.07
M0114902,N,31,1,11735.28,0,3,0,3954.49,7547.22,1.35
M0114903,N,31,4,8486.49,1,2,1,2952.17,10960.38,2.32
M0114904,N,40,0,24570.1,0,0,1,6512.21,21753.83,1.39
M0114905,N,76,2,40279.69,0,0,0,15454.38,16944.39,1.15
M0114906,N,54,0,6906.52,0,0,0,4147.47,8140.34,0.42
M0114907,N,21,1,9285.17,0,0,0,1150.8,6859.58,1.13
M0114908,N,20,0,13873.25,0,1,0,4434.84,7393.25,2.24
M0114909,N,62,3,24621.11,0,1,0,4117.55,20743.85,1.88
M0114910,N,21,0,9498.75,0,0,1,4738.31,8090.54,0.17
M0114911,N,70,1,12188.63,0,2,0,3828.98,12260.08,0.42
M0114912,N,61,1,19940.38,0,1,0,3238.37,18044.51,2.35
M0114913,N,27,3,37280.96,1,1,1,6245.79,39765.27,1.81
M0114914,N,68,1,17785.17,0,0,0,5884.79,9080.22,1.76
M0114915,N,50,2,13152.21,0,0,1,3456.69,6853.85,3.1
M0114916,N,23,3,14945.76,0,2,0,3384.07,11624.49,2.63
M0114917,N,45,1,15294.94,0,1,0,3545.93,19247.7,0.21
M0114918,N,28,0,3326.83,1,1,0,1200.94,4354.63,1.21
M0114919,N,78,0,4524.65,0,0,0,2194.05,5999.12,1.57
M0114920,N,61,3,9558.98,0,0,0,2311.42,6447.93,1.7
M0114921,N,47,0,7616.35,0,2,0,1490.5,8184.17,1.47
M0114922,N,47,1,33945.46,1,1,0,16483.8,10109.81,2.06
M0114923,N,49,0,5886.3,1,0,0,2636.73,7743.9,0.0
M0114924,N,63,1,11675.92,0,1,0,2340.94,7441.45,0.0
M0114925,N,49,2,4048.72,0,0,0,1765.19,2358.75,0.0
M0114926,N,33,0,3994.96,0,2,0,2104.63,5093.51,0.01
M0114927,N,30,1,20274.16,0,2,0,2732.17,19052.77,0.06
M0114928,N,42,2,7871.13,0,0,0,1305.58,8322.91,1.07
M0114929,N,24,0,6468.87,0,0,1,1653.36,7066.24,0.0
M0114930,N,75,0,11178.55,1,0,0,1658.96,7085.13,0.0
M0114931,N,31,1,16023.95,0,1,1,6059.31,21157.83,2.29
M0114932,N,59,0,7695.67,0,1,0,968.69,8366.71,0.99
M0114933,N,30,2,13918.99,1,0,0,4673.94,7063.11,1.32
M0114934,N,20,2,12193.34,0,1,0,1800.34,9258.82,1.01
M0114935,N,18,0,22317.1,0,1,0,885.2,22834.33,0.54
M0114936,N,37,1,4412.16,0,0,1,4080.86,3916.97,0.35
M0114937,N,61,2,38096.6,1,3,0,14692.13,29764.37,1.82
M0114938,N,57,1,13377.14,1,2,0,4446.81,18642.67,2.89
M0114939,N,51,0,10844.54,0,0,1,2043.72,7330.66,2.64
M0114940,N,70,0,13562.47,0,0,0,11115.55,9428.37,0.0
M0114941,N,36,2,9580.52,0,1,0,5326.46,3930.48,0.0
M0114942,N,78,0,8604.86,0,3,0,4376.82,8693.79,1.26
M0114943,N,38,0,11981.87,0,0,1,894.84,10132.91,0.12
M0114944,N,66,0,9547.57,1,2,0,4846.56,8932.77,1.71
M0114945,N,68,2,9618.23,0,1,1,5789.78,5825.81,0.67
M0114946,N,36,1,3913.79,0,0,0,2104.43,1624.11,0.0
M0114947,N,79,0,23008.95,1,1,0,949.47,32938.21,2.19
M0114948,N,44,2,15336.78,0,0,0,5892.77,14227.21,0.0
M0114949,N,66,0,3018.02,0,0,0,1445.03,3546.95,0.18
M0114950,N,39,0,12998.74,0,1,0,7567.79,13012.56,1.78
M0114951,N,62,0,8438.69,0,0,0,4642.53,4737.81,0.81
M0114952,N,61,1,5826.39,0,1,0,5143.11,4780.12,0.1
M0114953,N,41,1,11042.85,0,0,1,6576.1,9763.61,1.51
M0114954,N,67,3,5315.81,0,1,0,2041.33,2405.73,0.79
M0114955,N,45,0,4684.0,0,0,0,1922.53,6217.95,0.0
M0114956,N,41,1,3797.22,0,0,0,2993.38,3203.74,0.31
M0114957,N,42,0,3482.15,0,0,0,2085.45,2930.41,0.66
M0114958,N,79,3,45777.88,0,1,0,15752.17,51420.05,0.15
M0114959,N,67,0,6699.08,0,1,1,1690.3,7817.77,0.91
M0114960,N,37,0,3319.9,0,1,0,1197.73,1483.95,0.62
M0114961,N,50,1,20643.55,0,0,0,10747.1,10931.26,1.72
M0114962,N,41,1,13279.95,0,1,0,4595.26,6552.97,1.93
M0114963,N,41,1,14284.84,0,0,0,4038.49,7759.17,0.72
M0114964,N,32,1,3867.63,0,0,0,1568.74,3009.14,0.34
M0114965,N,19,1,13333.07,0,1,0,615.4,18360.43,1.59
M0114966,N,80,0,5517.79,0,0,1,742.8,6197.44,0.54
M0114967,N,73,1,6871.44,0,0,0,1140.43,8589.74,1.58
M0114968,N,65,1,11409.57,0,0,1,3885.52,5165.07,0.0
M0114969,N,58,2,11607.12,0,1,0,4160.81,16576.46,2.33
M0114970,N,23,1,20251.22,1,1,0,8399.58,10249.02,0.16
M0114971,N,77,3,12289.59,0,1,0,3747.14,10125.57,2.38
M0114972,N,24,1,5256.96,0,1,0,2931.07,5670.09,0.0
M0114973,N,22,1,7826.03,0,0,0,3752.69,4535.4,0.69
M0114974,N,70,1,25673.83,0,1,0,1346.26,19815.65,1.88
M0114975,Y,42,6,121492.78,1,6,2,77501.42,57994.43,4.45
M0114976,N,77,1,25068.72,0,2,0,7300.55,19866.11,2.71
M0114977,N,23,0,25215.98,1,0,0,1440.58,22713.55,1.24
M0114978,N,19,1,17143.81,1,1,1,6728.43,9177.4,0.0
M0114979,N,76,1,14190.74,0,1,1,4225.44,9275.66,1.73
M0114980,N,54,1,13670.63,0,1,0,4524.23,6437.63,0.36
M0114981,N,46,2,10217.84,0,1,0,1746.01,15126.19,0.96
M0114982,N,63,2,15110.33,1,0,2,1921.8,16119.73,2.43
M0114983,N,55,0,32677.06,0,1,1,6561.52,19068.28,1.08
M0114984,N,72,1,10728.77,0,0,2,3318.91,7156.01,1.69
M0114985,N,49,0,3340.89,0,0,0,454.45,2784.3,0.58
M0114986,N,56,1,21458.48,0,0,1,5678.49,14246.44,0.88
M0114987,N,60,1,22634.64,0,1,0,2934.29,16442.67,1.56
M0114988,N,31,2,6831.02,0,1,0,3434.53,6444.04,0.7
M0114989,N,63,3,20344.52,0,0,0,3241.58,22830.57,0.56
M0114990,N,19,3,4344.46,1,0,0,1076.26,6441.45,0.2
M0114991,N,74,1,4701.63,0,0,0,3492.28,5045.92,0.66
M0114992,N,45,3,48035.54,0,2,0,4631.95,33674.51,2.16
M0114993,N,50,2,12719.55,0,0,0,918.63,10859.94,0.0
M0114994,N,26,1,10746.24,0,0,0,2146.6,8165.91,0.17
M0114995,N,74,3,11737.0,0,3,3,1806.26,11281.23,1.35
M0114996,N,44,0,8878.24,0,0,0,2080.15,8921.74,0.99
M0114997,N,44,0,31165.4,0,1,1,4362.7,22901.88,2.69
M0114998,N,56,1,3832.04,0,0,1,1312.65,5127.83,0.22
M0114999,N,31,0,9301.87,0,0,0,2881.49,6618.65,2.18
M0115000,N,80,0,9623.36,0,0,0,4046.08,11807.37,0.76
M0115001,N,76,0,22288.3,0,0,0,5689.31,29104.02,1.99
M0115002,N,79,2,31468.96,2,1,2,12915.04,37876.64,1.92
M0115003,N,30,0,6005.08,0,1,0,6105.86,3944.02,1.5
M0115004,N,56,2,7088.35,1,0,0,2158.91,4817.45,0.16
M0115005,N,40,0,9361.13,1,1,0,1795.62,12510.45,1.79
M0115006,N,61,2,19251.39,0,0,0,4488.85,12824.92,1.41
M0115007,N,47,2,18127.77,0,2,0,1965.17,12529.51,0.65
M0115008,N,36,2,9363.65,0,0,0,2751.02,4645.07,0.92
M0115009,N,57,1,2375.6,0,1,1,497.83,2749.81,0.3
M0115010,N,70,1,6006.47,0,0,0,1753.23,3475.88,0.0
M0115011,N,51,1,8508.54,0,1,0,5419.68,7278.36,0.24
M0115012,N,53,0,16334.97,0,0,0,14196.53,9982.83,0.26
M0115013,N,29,0,9488.51,1,0,2,1622.27,9940.49,1.54
M0115014,N,52,3,8270.33,0,0,0,4742.24,2405.92,0.0
M0115015,N,78,2,160069.62,0,0,0,3190.93,122904.36,1.42
M0115016,N,25,1,17562.88,0,1,0,1166.43,19935.41,2.34
M0115017,N,43,2,63829.48,0,1,2,19689.23,31687.57,1.25
M0115018,N,30,0,7259.5,0,1,1,4087.38,5373.68,2.03
M0115019,N,27,2,4465.88,1,1,0,2214.04,3641.8,0.0
M0115020,N,33,1,6426.52,1,0,0,3836.71,5611.76,1.16
M0115021,N,35,1,13575.22,0,0,0,2108.53,13062.37,0.0
M0115022,Y,81,5,210479.12,4,2,6,149271.18,91435.99,5.9
M0115023,N,32,0,5032.21,0,0,0,5628.88,2674.22,0.0
M0115024,N,63,2,10983.32,1,1,0,3610.55,8968.26,0.0
M0115025,N,40,1,9469.98,1,0,0,2730.87,5206.02,1.76
M0115026,N,34,2,27682.75,1,3,0,4037.05,30532.7,3.43
M0115027,N,21,1,7321.6,0,2,1,4922.66,2428.72,2.36
M0115028,N,62,1,22908.41,0,0,0,4749.02,14493.37,1.41
M0115029,N,72,0,11385.62,0,0,0,2873.71,8124.6,0.0
M0115030,N,80,2,35506.07,0,0,0,5940.87,36964.7,0.55
M0115031,N,30,1,4742.99,0,1,0,3060.09,4629.35,0.44
M0115032,N,43,2,5249.24,0,1,1,1500.42,6231.94,1.09
M0115033,Y,66,5,212359.75,3,2,5,119044.4,79179.72,3.86
M0115034,N,60,1,20119.97,1,0,2,9753.78,6857.52,2.73
M0115035,N,59,1,6354.16,0,0,0,2975.34,7376.34,1.37
M0115036,N,50,2,14692.79,0,2,1,5401.36,12931.12,0.32
M0115037,N,23,0,7825.48,0,2,0,2893.46,7863.83,1.24
M0115038,N,76,0,5887.4,0,0,0,1586.07,6150.93,1.16
M0115039,N,73,0,19959.11,0,0,0,9718.44,12443.03,0.0
M0115040,N,20,1,9124.82,1,0,1,5208.73,4978.69,0.0
M0115041,N,71,0,8148.5,0,0,0,789.75,9591.81,0.0
M0115042,N,66,0,5230.1,0,1,0,1298.27,7959.33,0.36
M0115043,N,19,1,2582.75,0,1,0,1465.05,1775.87,1.98
M0115044,N,74,2,4978.41,0,0,0,1484.8,3779.78,2.34
M0115045,N,30,3,6523.83,1,0,0,1923.82,3520.32,0.0
M0115046,N,79,2,8639.7,0,2,0,9505.7,6067.64,1.03
M0115047,N,66,2,9800.02,0,0,0,3353.92,13576.6,0.43
M0115048,N,62,2,10125.7,0,1,0,1239.81,8213.35,1.45
M0115049,N,19,1,9985.81,0,0,0,3046.26,6410.92,3.53
M0115050,N,32,1,6638.56,0,0,0,5636.99,5927.19,0.08
M0115051,N,62,0,7761.6,0,0,1,6094.69,2190.65,0.0
M0115052,N,78,1,9919.1,0,1,0,3052.12,12988.12,0.66
M0115053,N,28,3,21007.47,0,1,0,7786.68,13637.23,1.5
M0115054,N,41,0,10967.49,0,2,1,5495.36,5498.03,2.89
M0115055,N,33,0,3849.99,0,1,0,760.17,2564.79,0.05
M0115056,N,46,0,4043.86,0,0,0,1017.58,2188.8,1.08
M0115057,N,31,0,12976.92,0,1,0,9295.61,5507.47,0.97
M0115058,N,30,1,15042.14,0,0,0,3061.17,9465.24,0.72
M0115059,N,80,1,30060.66,0,0,0,6465.05,17041.54,0.65
M0115060,N,35,0,9578.09,0,0,0,992.98,8906.13,0.95
M0115061,Y,62,7,168593.26,3,3,4,89728.29,98113.32,2.13
M0115062,N,72,0,17946.65,1,0,1,1672.44,16868.7,2.1
M0115063,N,46,2,12606.05,0,0,0,1564.55,10279.83,0.36
M0115064,N,27,2,7084.69,0,2,0,3142.58,4030.42,0.81
M0115065,N,45,1,6863.07,0,1,0,3446.1,4466.09,1.83
M0115066,N,23,0,5559.27,0,0,0,2183.35,5309.47,1.68
M0115067,N,45,1,18238.24,0,1,0,4282.9,12313.92,2.94
M0115068,N,37,0,9161.71,0,0,0,3895.6,3896.88,0.98
M0115069,N,55,0,43146.41,0,2,1,9043.8,25408.4,1.13
M0115070,N,22,2,6171.89,0,0,0,1229.06,5096.68,0.11
M0115071,N,48,0,24132.92,0,0,0,4962.21,16671.49,2.42
M0115072,N,72,3,14221.46,0,2,0,2177.36,10802.5,0.0
M0115073,N,19,0,1922.17,0,0,0,564.05,1884.76,0.6
M0115074,N,60,1,5095.65,1,2,0,5233.86,3943.56,0.0
M0115075,N,74,1,4087.16,0,0,0,574.9,3123.93,1.63
M0115076,N,73,1,14796.6,1,3,0,6707.93,14817.18,0.8
M0115077,N,56,2,44353.77,0,4,1,38794.06,16577.08,2.73
M0115078,N,48,1,31256.69,1,4,1,17620.2,12085.06,3.03
M0115079,N,56,2,5235.14,0,0,1,3271.66,5438.44,0.0
M0115080,N,46,0,4767.3,0,1,0,1834.7,4855.04,1.72
M0115081,N,54,3,23152.66,0,0,1,4421.83,18472.09,2.67
M0115082,N,56,1,39060.25,1,2,1,8145.35,22568.0,1.2
M0115083,N,45,0,12439.66,0,0,0,3331.8,6699.91,0.52
M0115084,N,59,4,6434.05,0,1,0,2983.74,5552.78,1.52
M0115085,N,56,0,105681.16,1,2,1,23533.46,72307.49,3.07
M0115086,N,65,2,20010.67,0,1,0,2348.26,13945.92,1.67
M0115087,N,25,2,11096.64,0,0,1,2118.17,8635.08,2.06
M0115088,N,71,1,7054.29,0,0,0,1284.05,9175.87,0.41
M0115089,N,61,1,13411.45,0,0,0,2579.46,14067.5,0.93
M0115090,N,52,0,2859.41,0,0,0,1573.91,666.93,2.37
M0115091,N,63,1,3800.26,0,0,0,750.31,3051.44,0.0
M0115092,N,66,0,33918.72,0,0,1,9783.19,25508.76,0.0
M0115093,N,77,0,6998.43,0,0,0,1047.79,9129.15,0.18
M0115094,N,29,1,4150.16,0,2,0,872.99,3793.94,0.77
M0115095,N,37,4,16181.6,0,0,0,12634.67,13981.24,1.36
M0115096,N,72,1,13880.1,0,2,0,4636.67,11308.32,1.2
M0115097,N,27,1,3631.79,0,0,1,1048.76,3245.87,1.8
M0115098,N,35,0,6808.81,0,1,0,2962.79,7762.38,1.11
M0115099,Y,63,5,277879.42,5,2,3,144177.03,120262.12,6.43
M0115100,N,45,2,9862.88,0,2,0,1928.98,6715.73,1.13
M0115101,N,26,1,17377.99,0,2,0,4337.96,12094.33,0.11
M0115102,N,37,2,10742.35,2,0,1,2449.38,9761.96,1.39
M0115103,N,58,2,10820.5,0,2,0,783.24,9618.79,0.75
M0115104,N,43,0,4807.9,0,0,1,1496.28,3819.38,2.02
M0115105,N,30,0,7579.31,0,0,0,1417.5,8744.54,1.33
M0115106,N,47,2,20823.09,0,2,0,7270.09,14262.03,3.11
M0115107,N,61,2,7267.91,0,1,1,3245.08,9671.57,0.07
M0115108,N,45,0,10317.16,1,1,0,4293.55,6217.06,0.48
M0115109,N,79,1,5554.55,0,0,0,3598.35,4561.08,1.15
M0115110,N,31,0,13410.62,0,0,1,1533.53,9710.95,1.67
M0115111,N,33,2,2771.22,0,0,0,1420.17,1968.94,0.0
M0115112,N,55,2,12596.62,0,2,0,2979.4,12478.12,1.45
M0115113,N,42,0,4673.32,0,0,0,4991.8,3441.63,1.23
M0115114,N,72,2,36372.97,1,3,1,7479.91,22695.0,1.6
M0115115,N,23,3,11497.47,0,0,1,2014.76,7237.73,0.11
M0115116,N,45,1,5115.74,0,0,0,285.15,7277.82,1.06
M0115117,N,58,0,6288.77,2,0,0,3624.65,6407.15,1.73
M0115118,N,56,2,39381.07,0,1,0,3935.02,28621.0,1.36
M0115119,Y,83,2,79522.77,1,3,2,21444.79,61827.76,4.46
M0115120,N,22,0,19033.81,0,0,1,8676.46,20785.72,0.0
M0115121,N,71,1,14361.07,0,0,1,2212.34,10668.5,0.93
M0115122,N,78,1,15549.44,0,1,0,2283.35,10565.66,0.82
M0115123,N,56,1,11312.73,0,1,1,3466.72,11943.23,1.46
M0115124,N,23,2,20454.91,0,1,0,5194.96,10948.51,0.23
M0115125,N,31,1,7835.21,0,1,0,2005.38,10011.42,0.52
M0115126,N,30,1,4100.88,2,0,0,1217.88,5345.32,0.14
M0115127,Y,74,4,367555.05,4,1,5,70164.14,314990.07,5.6
M0115128,N,54,0,19719.94,0,0,1,3615.32,24195.21,1.36
M0115129,N,38,1,37413.92,0,2,0,4170.15,27753.74,0.0
M0115130,N,41,0,7603.95,0,1,0,1259.95,11347.11,2.21
M0115131,N,18,0,6440.27,1,0,1,2904.69,3456.64,1.71
M0115132,N,44,1,20238.46,1,1,0,18372.7,10519.15,2.37
M0115133,N,71,0,6462.95,0,0,1,2774.91,8305.3,2.05
M0115134,N,28,1,11313.5,0,0,1,2780.64,11842.78,0.0
M0115135,N,30,3,10306.51,0,1,0,6603.31,11856.57,1.43
M0115136,N,78,0,13218.06,0,0,0,3777.16,7608.28,0.81
M0115137,N,29,2,36230.41,0,2,1,8598.57,30678.65,3.19
M0115138,N,60,1,8530.84,1,1,1,635.84,6372.66,0.02
M0115139,N,38,0,9195.14,0,0,0,2310.69,7598.25,1.37
M0115140,N,66,2,17187.72,0,1,0,8031.23,16815.42,0.75
M0115141,N,77,2,15074.97,0,2,0,6075.7,11140.32,0.83
M0115142,N,80,2,9018.64,0,0,0,2921.59,4213.72,1.22
M0115143,N,30,1,9873.74,1,0,0,5746.92,11235.72,1.02
M0115144,N,20,2,20473.06,0,0,1,7906.78,20183.15,0.0
M0115145,N,26,1,8987.99,0,1,0,2791.02,5549.75,1.09
M0115146,N,48,1,13622.24,0,0,0,4371.28,8787.74,2.01
M0115147,N,61,3,8520.07,0,0,0,1881.14,11578.6,0.98
M0115148,N,42,0,4264.66,0,0,0,2315.93,1697.99,0.94
M0115149,N,47,1,8927.88,0,0,0,882.07,7165.16,0.99
M0115150,N,42,2,34009.35,0,1,2,7910.32,30780.18,1.58
M0115151,N,65,2,6774.91,0,1,0,2742.86,2655.01,1.02
M0115152,N,66,0,5187.82,0,0,0,2474.14,2333.35,1.56
M0115153,N,33,0,12428.63,0,1,0,1277.45,11371.64,0.75
M0115154,N,72,3,8439.11,0,2,0,898.0,8598.32,1.04
M0115155,N,27,2,13733.81,1,0,0,2634.81,12649.93,2.21
M0115156,N,71,0,4786.7,0,1,0,862.94,3039.34,0.08
M0115157,N,38,2,38864.18,1,2,2,5667.55,30859.77,3.32
M0115158,N,74,3,10240.83,0,0,0,1921.76,6391.64,0.54
M0115159,N,78,0,13223.4,1,0,0,1435.79,13539.03,1.04
M0115160,N,62,1,34750.91,0,0,0,8538.7,20138.56,2.33
M0115161,N,67,0,9677.74,0,1,0,1730.31,7433.49,2.13
M0115162,N,65,0,9549.55,2,1,0,5240.12,4950.93,0.94
M0115163,N,18,0,15863.29,0,3,0,2874.02,13025.78,0.99
M0115164,N,76,0,11450.61,0,1,0,1420.54,11209.9,0.36
M0115165,N,59,2,6434.97,0,0,0,5880.47,2291.1,0.14
M0115166,N,46,2,14454.1,1,0,1,4800.8,7033.69,1.59
M0115167,N,28,1,3867.57,0,1,0,2263.78,3555.63,1.66
M0115168,N,25,0,16036.47,0,0,0,7172.27,8304.97,0.47
M0115169,N,52,0,9001.49,0,1,0,1515.75,14827.84,0.73
M0115170,N,59,1,41176.05,0,2,0,5568.43,35380.98,0.0
M0115171,N,72,0,3082.98,0,1,0,1318.35,3627.22,0.62
M0115172,N,36,1,16123.64,0,1,3,2138.53,23043.6,1.47
M0115173,N,66,1,4065.11,0,0,0,497.92,5032.09,1.37
M0115174,N,18,1,8455.57,0,0,1,1381.05,6562.06,0.0
M0115175,N,69,2,6270.91,0,0,0,1905.83,6634.74,1.03
M0115176,N,23,2,4414.06,0,1,0,2038.74,2736.27,0.3
M0115177,N,23,0,7198.53,0,1,0,4718.69,6138.86,1.12
M0115178,N,56,0,3706.99,0,1,2,2545.15,3048.76,2.6
M0115179,N,34,3,8792.09,0,1,0,3769.88,4679.67,0.0
M0115180,N,55,1,18485.41,0,0,0,3682.14,11527.09,1.67
M0115181,N,66,0,8228.24,0,0,1,1530.3,8023.09,1.65
M0115182,N,42,0,3351.21,0,1,0,946.76,2897.71,0.0
M0115183,N,39,2,6664.01,0,0,0,1483.84,7573.28,2.02
M0115184,N,53,0,19880.34,0,2,1,3502.54,19203.22,0.31
M0115185,N,40,1,8173.28,0,1,2,720.04,7856.43,0.0
M0115186,N,71,2,21737.58,0,2,2,2068.92,20257.67,2.54
M0115187,N,65,0,9438.42,0,0,0,463.72,7424.74,0.78
M0115188,N,31,1,18972.37,0,1,1,3512.95,25964.31,0.92
M0115189,N,40,0,11517.36,1,2,0,1363.35,8502.57,1.67
M0115190,N,62,0,13735.72,0,1,1,2417.2,9796.1,1.11
M0115191,N,29,1,15091.4,0,0,0,12989.29,6753.38,0.59
M0115192,N,53,2,43170.95,1,1,0,4682.32,37274.74,2.74
M0115193,N,65,0,17039.41,0,0,0,13013.7,12566.76,0.55
M0115194,N,20,2,1704.2,0,1,0,939.22,1816.05,1.22
M0115195,N,46,1,31456.24,0,0,0,1849.0,34093.29,2.2
M0115196,N,35,0,7473.31,0,0,0,2360.58,6478.11,0.31
M0115197,N,23,1,17078.99,0,0,0,5771.71,11791.68,0.64
M0115198,N,20,0,12541.66,0,1,1,6507.43,9978.05,1.31
M0115199,N,55,0,7185.4,0,1,0,1868.43,5928.1,1.38
M0115200,N,51,0,12028.04,0,0,1,2382.54,16393.45,0.61
M0115201,N,19,0,4697.42,0,0,0,1227.57,3202.82,0.8
M0115202,N,54,1,17954.13,1,0,1,1986.61,18409.1,1.55
M0115203,N,44,2,12258.54,0,0,0,2594.43,15838.89,0.91
M0115204,N,69,0,8572.04,0,0,0,1419.52,7475.74,3.0
M0115205,N,73,0,7166.37,0,0,0,1666.33,5067.26,0.36
M0115206,N,60,3,12722.92,1,0,0,6215.4,14702.54,1.55
M0115207,N,59,1,3833.55,0,0,0,1373.7,4498.86,0.0
M0115208,N,45,2,6022.06,1,0,0,5569.95,2166.81,0.0
M0115209,N,46,0,24364.71,0,0,0,10430.22,21471.4,1.37
M0115210,N,71,1,7193.68,1,0,0,1271.65,6891.89,0.51
M0115211,N,36,0,9644.62,1,0,1,403.62,7782.95,0.0
M0115212,N,33,0,5392.35,0,1,0,1255.3,5493.12,0.16
M0115213,N,52,1,5524.01,0,0,0,1408.72,4316.27,1.94
M0115214,N,71,0,5798.71,0,0,1,2186.22,6539.71,1.3
M0115215,N,50,2,9576.46,0,0,0,3291.42,12065.19,1.81
M0115216,N,73,1,23203.29,0,1,0,5250.27,17592.85,0.55
M0115217,N,38,1,11576.94,0,2,0,1709.97,9894.08,0.32
M0115218,N,23,0,2053.97,0,2,0,700.83,2191.39,0.18
M0115219,N,32,2,28871.88,1,3,1,27606.38,6190.39,0.08
M0115220,N,70,1,26419.17,0,2,0,15264.26,16657.32,2.81
M0115221,N,44,0,9619.61,1,1,0,1559.65,8333.43,0.73
M0115222,N,48,1,3148.5,0,0,0,2409.08,2792.86,0.63
M0115223,N,28,2,6300.57,0,0,0,2115.05,6415.08,1.09
M0115224,N,24,1,9540.17,0,2,2,6877.07,9368.85,2.27
M0115225,N,43,0,18394.93,0,0,0,3257.3,15406.89,0.13
M0115226,N,21,3,12914.04,1,0,0,6650.14,11229.56,1.76
M0115227,N,56,0,6227.33,0,1,0,1975.47,4322.12,0.95
M0115228,N,76,2,5151.72,0,0,0,1453.94,5218.76,0.2
M0115229,N,79,1,18793.35,0,0,0,7944.97,7655.83,2.08
M0115230,N,44,2,35835.94,1,0,0,8880.42,23912.2,2.43
M0115231,N,40,2,6239.34,0,0,1,1570.66,3304.89,1.04
M0115232,N,22,1,5293.89,1,0,1,1583.84,6153.99,0.13
M0115233,N,80,0,8424.73,0,0,0,5213.9,2346.81,0.7
M0115234,N,21,2,24977.24,1,2,0,1738.41,22798.44,1.49
M0115235,N,76,0,10834.01,0,2,2,10124.73,5071.72,1.45
M0115236,N,24,1,20240.25,0,1,1,1610.52,18010.28,2.31
M0115237,N,56,2,14779.98,1,2,0,3663.68,18714.47,1.97
M0115238,N,58,1,17505.85,0,0,0,2360.99,16685.39,0.22
M0115239,N,56,1,8543.8,1,0,0,5384.98,4635.92,0.54
M0115240,N,54,0,19570.23,0,0,1,2463.1,13282.7,0.73
M0115241,N,18,0,10402.97,0,0,0,3933.33,8296.22,0.1
M0115242,N,22,0,37522.51,1,1,1,4261.25,36699.95,1.98
M0115243,N,35,1,4094.77,0,0,0,1359.15,3666.41,0.96
M0115244,N,56,0,7943.67,0,1,0,3722.52,3798.98,1.8
M0115245,N,45,0,3962.37,0,0,0,3270.36,1923.81,0.16
M0115246,N,46,2,18523.44,0,0,0,7443.16,9016.1,1.82
M0115247,N,26,2,20177.92,1,1,1,3591.65,18324.83,2.04
M0115248,N,29,0,8887.75,0,0,0,3342.46,6423.85,0.0
M0115249,N,76,1,20428.93,0,2,0,5692.6,15442.78,1.98
M0115250,N,30,0,2507.88,0,1,0,996.68,1944.22,2.32
M0115251,Y,51,5,162860.01,5,4,5,95199.23,76160.63,5.85
M0115252,N,25,1,9979.76,0,2,2,2354.63,10798.67,1.03
M0115253,N,54,2,5470.87,0,0,1,2760.55,6064.17,1.55
M0115254,N,30,2,42050.99,0,2,1,6138.16,38800.43,1.83
M0115255,N,52,1,8120.54,0,0,1,5434.59,3952.41,0.35
M0115256,N,46,1,21222.51,0,0,0,3636.63,17095.21,0.3
M0115257,N,53,0,38069.83,0,3,0,9221.18,22049.9,1.57
M0115258,N,30,0,8094.64,1,0,0,3927.54,5639.45,0.0
M0115259,N,73,1,8739.54,1,1,0,3832.86,6465.15,0.63
M0115260,N,69,0,7499.85,1,0,0,2044.06,9941.39,1.86
M0115261,N,22,2,10459.86,1,2,0,2376.12,7514.27,2.89
M0115262,N,52,0,4455.29,1,0,1,2169.14,4802.45,0.74
M0115263,Y,53,4,283546.71,4,3,6,119465.4,138560.02,4.94
M0115264,N,71,2,25237.34,0,0,0,8009.75,30221.85,0.45
M0115265,N,64,0,7974.74,0,0,0,2549.39,8592.84,0.48
M0115266,N,68,1,41941.5,0,3,0,23376.14,16529.51,1.79
M0115267,N,67,0,8328.47,0,0,0,1600.03,6977.5,0.55
M0115268,N,74,0,7342.04,0,2,0,1390.16,4611.25,1.23
M0115269,Y,54,4,294351.79,3,6,3,82835.78,208348.56,3.96
M0115270,N,31,0,11764.57,0,2,0,1877.45,8889.89,1.02
M0115271,N,43,0,9099.26,0,0,0,3522.25,4992.52,0.0
M0115272,Y,71,5,292665.36,8,7,10,83956.69,177718.51,7.62
M0115273,N,76,4,36218.79,0,3,1,3133.2,51809.31,2.81
M0115274,N,34,0,5473.17,0,0,0,3790.08,5405.72,0.0
M0115275,N,28,0,9161.24,0,2,1,2008.79,10736.21,1.3
M0115276,N,79,1,13011.34,0,1,0,3520.93,8443.58,0.38
M0115277,N,61,1,4586.07,0,0,0,909.75,4368.44,0.8
M0115278,N,64,2,8896.6,0,1,0,2097.14,5271.13,2.38
M0115279,N,67,0,11433.8,0,0,0,3316.63,16118.12,0.0
M0115280,N,59,1,16316.33,0,2,0,4298.0,12132.73,1.74
M0115281,N,50,0,15676.59,2,1,0,4748.28,17026.96,2.6
M0115282,N,75,0,2314.49,0,1,0,304.13,3435.79,1.44
M0115283,N,67,1,24636.27,0,3,1,10399.64,21887.49,2.85
M0115284,N,21,2,9920.02,2,1,1,1459.67,10790.15,1.96
M0115285,N,31,2,18475.48,0,0,0,1961.46,23551.18,2.25
M0115286,N,72,2,20320.95,1,0,0,2683.25,14017.9,1.58
M0115287,N,46,0,17304.92,0,0,0,2249.12,14855.34,0.65
M0115288,N,77,1,11289.37,1,0,0,1483.01,15220.23,2.94
M0115289,N,39,2,4713.95,0,0,1,1132.84,2912.7,0.43
M0115290,N,39,1,4767.52,0,0,0,4705.78,3052.92,1.12
M0115291,N,57,1,15570.74,0,1,0,4552.06,11172.44,1.37
M0115292,N,40,0,13658.33,0,1,2,7360.92,3465.23,1.13
M0115293,N,22,0,18869.11,0,1,0,12562.39,12552.86,2.07
M0115294,N,54,0,10502.66,0,2,1,955.28,11339.12,1.05
M0115295,Y,46,6,171297.8,5,5,6,83092.46,117358.34,6.72
M0115296,N,77,1,10922.61,0,0,0,1552.29,8731.05,0.9
M0115297,N,74,2,6846.94,0,0,0,684.36,5073.54,0.0
M0115298,N,80,0,8931.43,0,0,0,3099.14,5246.37,0.95
M0115299,N,80,0,3159.69,0,0,0,1058.42,3499.72,1.32
M0115300,N,34,2,8772.16,0,2,0,3326.78,7616.92,2.96
M0115301,N,22,1,9399.05,0,0,0,1885.95,9493.16,1.09
M0115302,N,68,2,9650.14,0,1,1,1360.43,10196.74,0.81
M0115303,N,31,3,16666.41,0,1,0,4012.22,18253.24,1.27
M0115304,N,63,2,8212.5,1,1,1,4886.05,6488.28,2.47
M0115305,N,79,2,8374.23,0,0,0,1313.37,6669.55,0.0
M0115306,N,42,1,21943.11,0,1,1,1631.28,16722.03,0.0
M0115307,N,47,2,9827.83,1,3,0,3710.39,5739.06,0.33
M0115308,N,70,1,15188.29,0,2,0,4899.59,10482.39,1.29
M0115309,N,21,0,3218.92,2,0,0,583.26,2517.56,0.0
M0115310,N,38,3,21604.88,1,1,0,8426.56,11092.79,0.75
M0115311,N,69,0,13064.37,0,1,2,3663.78,8398.29,1.21
M0115312,N,33,0,8561.69,0,1,0,2665.33,5023.07,1.16
M0115313,N,20,2,17741.27,0,1,0,7415.95,7289.13,1.53
M0115314,N,60,3,11930.96,1,0,0,2917.31,7388.31,0.51
M0115315,N,46,0,3344.9,2,1,1,806.02,4963.28,0.0
M0115316,N,39,0,12915.62,2,0,1,2310.17,12711.59,0.0
M0115317,N,25,0,7245.49,0,2,2,1802.33,4163.3,0.0
M0115318,N,26,0,2293.74,0,0,0,316.44,1737.67,0.09
M0115319,N,45,3,11728.58,1,1,0,8309.17,6561.17,1.77
M0115320,N,64,1,4793.48,0,0,0,719.01,3830.58,0.0
M0115321,N,75,2,33987.37,0,0,0,2930.97,29039.05,2.37
M0115322,N,55,1,6637.15,0,2,0,3047.0,3915.92,0.69
M0115323,N,77,2,23775.51,0,1,1,2972.94,19445.83,1.84
M0115324,N,18,1,10697.32,0,1,0,1527.86,12555.3,0.37
M0115325,N,31,0,11359.12,0,0,0,2664.38,10355.02,0.78
M0115326,N,28,0,9841.05,0,1,0,2516.35,8634.97,1.68
M0115327,N,43,0,7215.33,2,1,0,3853.76,4887.08,1.75
M0115328,N,76,0,4479.12,0,0,0,1210.48,3146.7,0.0
M0115329,N,34,0,3145.26,1,1,0,570.03,3666.5,0.0
M0115330,N,47,2,10526.49,0,2,0,2344.08,7542.9,1.17
M0115331,N,46,3,15930.67,0,0,1,1299.57,24089.65,2.19
M0115332,N,70,0,3772.96,0,1,0,824.13,3382.94,2.03
M0115333,N,54,1,7367.37,0,0,0,5762.4,5290.76,0.48
M0115334,N,28,1,7904.76,0,0,0,606.1,6190.41,1.29
M0115335,N,71,0,5465.81,0,0,0,1991.03,3734.1,1.1
M0115336,N,66,1,10041.69,0,0,0,6829.4,5879.16,1.37
M0115337,N,70,2,8628.73,0,2,1,1540.66,10588.79,1.3
M0115338,N,72,1,28450.27,1,1,0,2645.62,20073.49,0.81
M0115339,N,71,1,12367.5,2,1,0,2541.61,8155.18,0.5
M0115340,N,66,2,14120.43,0,1,0,5834.84,5463.31,1.37
M0115341,N,55,1,10297.76,0,1,1,2857.72,5565.65,0.31
M0115342,N,74,1,10732.77,1,0,0,3351.22,8119.88,1.23
M0115343,N,57,1,7203.48,0,0,0,2709.03,6825.3,0.67
M0115344,N,59,0,8413.45,0,0,0,2811.38,7995.53,0.72
M0115345,N,35,1,4365.31,0,2,1,1959.9,2621.23,0.22
M0115346,N,75,1,5321.62,0,0,0,1344.92,7226.48,1.18
M0115347,N,72,2,19013.06,0,1,0,3215.52,13924.14,1.19
M0115348,N,61,3,23109.04,1,0,0,5535.16,15423.65,0.84
M0115349,N,74,0,5992.78,0,1,0,1309.41,3633.01,0.64
M0115350,N,39,1,3966.58,0,0,0,715.65,6339.88,0.01
M0115351,N,65,1,4543.0,0,0,0,500.97,5376.38,0.87
M0115352,N,74,1,6016.71,0,1,0,631.84,6687.26,0.27
M0115353,N,40,2,21910.66,0,1,0,13357.12,15037.04,1.38
M0115354,N,45,0,15803.41,0,2,0,3081.06,11733.75,1.31
M0115355,N,26,0,19382.83,0,0,1,7356.82,9229.66,0.0
M0115356,N,69,2,11944.49,0,3,0,3501.83,10940.18,1.66
M0115357,N,41,0,9643.64,0,1,0,4146.98,6523.59,1.11
M0115358,N,51,1,20788.91,1,2,1,2780.71,14823.82,1.66
M0115359,N,18,1,9701.1,0,2,0,7226.23,4219.89,1.26
M0115360,N,57,0,10579.03,1,0,0,2812.53,6786.67,1.1
M0115361,N,60,2,41269.44,0,1,1,1984.45,31174.16,2.13
M0115362,N,19,0,9457.8,0,0,0,5819.79,3732.74,1.56
M0115363,N,37,2,7479.96,0,0,0,812.69,7462.24,0.0
M0115364,N,22,1,3238.93,0,0,0,681.32,4848.83,1.48
M0115365,N,65,0,9742.81,0,0,0,6146.22,4258.66,0.0
M0115366,N,69,1,13132.97,0,0,0,4908.6,5890.62,0.58
M0115367,N,61,0,11695.68,0,1,2,4228.59,9304.68,1.17
M0115368,N,30,1,11684.79,2,0,0,1655.14,9764.93,1.7
M0115369,N,24,0,5107.58,0,1,1,3224.48,2972.33,2.7
M0115370,N,65,1,9652.81,0,0,2,1740.72,8439.52,0.0
M0115371,N,70,0,26649.69,0,0,0,11835.18,9102.58,0.0
M0115372,N,43,1,19898.02,0,1,0,4896.76,18481.48,1.11
M0115373,N,61,0,6504.8,0,0,0,640.54,4922.62,1.31
M0115374,N,47,0,6340.69,0,0,1,2021.55,5241.63,0.29
M0115375,N,60,1,26027.15,1,3,0,6804.68,13703.69,2.31
M0115376,N,26,0,2666.38,0,0,0,1362.18,1209.88,0.39
M0115377,Y,53,5,203063.68,2,2,5,121810.79,82089.75,3.96
M0115378,N,40,2,10580.99,0,0,0,4190.3,12901.25,0.99
M0115379,N,47,0,9362.51,0,0,1,1268.01,6624.79,2.76
M0115380,N,54,1,10311.61,1,1,0,2013.4,9516.73,0.41
M0115381,N,37,1,18384.83,0,0,0,7133.38,17597.87,0.48
M0115382,N,51,1,14661.04,0,0,2,1023.42,24745.63,0.89
M0115383,N,38,0,9845.85,0,2,0,740.85,10078.04,0.2
M0115384,N,56,0,17263.77,0,2,0,1548.1,13178.38,1.44
M0115385,N,30,2,8419.95,0,1,0,1749.24,6364.06,1.66
M0115386,N,29,3,7378.09,0,2,0,6132.17,6181.86,2.0
M0115387,N,57,0,16259.32,0,0,0,3553.17,10343.5,1.64
M0115388,N,20,1,32049.8,1,2,0,6982.42,28398.21,1.77
M0115389,N,57,2,3854.21,0,0,1,1844.93,5118.51,0.62
M0115390,N,69,0,13624.53,0,2,0,1995.6,12324.94,1.12
M0115391,N,26,1,4265.53,0,0,0,1085.56,5757.05,0.14
M0115392,N,36,3,11360.68,1,2,0,2034.82,8861.92,1.67
M0115393,N,33,0,5180.0,0,3,0,2374.76,4883.26,0.72
M0115394,N,40,0,11482.47,1,0,0,2292.8,11189.75,0.79
M0115395,N,27,1,3557.6,0,1,0,2009.45,3904.76,0.0
M0115396,N,72,2,38067.35,1,0,1,9188.84,43221.87,2.42
M0115397,N,36,1,15172.21,0,1,1,5283.11,11804.02,1.52
M0115398,N,63,1,13045.23,0,0,0,3022.14,10396.82,0.81
M0115399,N,45,1,4547.28,1,1,0,1750.04,2884.76,0.92
M0115400,N,45,1,19394.14,0,0,0,4838.17,30371.47,2.42
M0115401,N,37,1,13430.05,1,1,0,2722.77,10914.9,1.18
M0115402,N,30,0,16432.64,1,0,0,7927.04,16425.82,0.43
M0115403,Y,83,6,239887.13,3,3,1,101676.28,178500.07,4.8
M0115404,N,52,0,8108.62,0,0,0,1675.07,7189.8,1.03
M0115405,N,46,0,4934.5,0,1,0,597.33,4138.11,1.57
M0115406,N,57,0,18702.29,0,0,0,4037.11,11925.25,2.31
M0115407,N,52,0,2305.14,0,2,0,900.32,1335.88,0.29
M0115408,N,18,3,2629.41,0,2,0,778.59,1905.62,0.44
M0115409,N,37,0,16221.89,0,0,0,4725.17,8582.99,0.92
M0115410,N,20,2,30542.42,0,1,0,1383.87,27654.74,2.57
M0115411,N,54,0,9482.81,0,0,0,5146.99,5201.74,0.54
M0115412,N,37,2,20057.93,0,0,0,14471.01,10936.14,1.58
M0115413,N,26,0,5409.53,0,0,0,1129.88,5239.13,2.03
M0115414,N,25,1,6597.5,1,0,1,2832.08,8147.11,0.0
M0115415,N,42,1,6200.81,0,0,0,2460.44,8689.83,1.65
M0115416,N,49,3,26726.65,0,1,1,1841.67,20310.81,0.01
M0115417,N,61,0,11876.38,0,0,0,2751.8,6935.66,0.68
M0115418,N,76,1,5934.26,0,1,0,1709.94,7132.09,0.87
M0115419,Y,72,5,247088.48,3,5,4,107400.03,146518.82,6.51
M0115420,N,42,2,18087.4,0,1,0,5542.82,11097.19,2.08
M0115421,N,71,2,10500.54,0,2,1,1808.74,9268.97,1.4
M0115422,N,22,1,23578.05,0,0,0,4792.92,19694.09,2.98
M0115423,N,53,2,8256.8,0,0,0,3224.66,3932.06,0.0
M0115424,N,60,0,16311.55,0,1,0,5544.73,11043.13,0.81
M0115425,N,22,0,11294.68,1,0,1,4718.01,12344.45,1.87
M0115426,N,51,3,7682.06,0,0,0,6193.18,3813.23,1.1
M0115427,N,29,0,13188.13,0,1,0,6157.44,4481.9,2.05
M0115428,N,25,3,5275.9,0,1,0,1311.84,4673.06,1.94
M0115429,N,27,1,7220.38,1,0,0,2940.8,5438.47,1.53
M0115430,N,22,3,11962.75,0,1,0,6013.63,8036.25,0.0
M0115431,N,58,0,7649.48,0,0,0,2015.65,4094.39,1.38
M0115432,N,76,1,6506.41,0,2,1,1739.33,7628.43,0.0
M0115433,N,33,1,13028.76,0,0,0,4942.15,13572.38,0.62
M0115434,N,67,1,11948.2,0,1,0,1990.7,11256.56,0.0
M0115435,N,33,2,15765.89,1,0,2,4284.4,9801.17,0.79
M0115436,N,37,1,21873.91,0,0,0,2227.7,23396.89,1.76
M0115437,N,63,0,6339.51,0,1,0,3758.31,4880.72,1.28
M0115438,N,80,1,14789.69,0,1,0,3529.37,10640.44,0.0
M0115439,N,49,2,9037.96,0,1,0,1163.85,6300.64,1.71
M0115440,N,18,1,17213.23,0,1,0,3700.69,10820.04,2.17
M0115441,N,50,1,16304.12,0,0,1,14681.6,8609.51,0.5
M0115442,Y,45,8,338987.52,2,3,5,169587.66,117740.87,5.22
M0115443,N,44,1,10871.97,0,0,0,2786.42,6939.55,1.27
M0115444,Y,61,6,214622.73,3,6,2,93896.81,119990.22,4.92
M0115445,N,20,0,8699.45,0,0,1,2035.16,6014.38,2.24
M0115446,N,70,1,9407.16,0,2,0,3659.05,4622.6,1.28
M0115447,N,47,0,11884.91,1,0,0,1239.95,14053.51,0.05
M0115448,N,18,2,8733.25,0,1,0,3351.91,5748.29,0.33
M0115449,N,58,0,8237.09,0,0,0,1698.29,5300.51,1.83
M0115450,N,28,0,6154.05,0,0,0,1394.21,4230.97,0.83
M0115451,N,63,1,18885.95,0,0,0,4981.86,11507.49,0.36
M0115452,N,68,1,17433.91,2,3,0,5466.72,8898.43,2.67
M0115453,N,30,2,9913.45,0,0,0,1643.0,6606.32,0.82
M0115454,N,60,1,8812.08,0,0,0,2333.19,8201.92,0.6
M0115455,Y,61,2,228677.16,4,5,2,180230.91,131605.43,3.49
M0115456,N,35,1,3355.62,0,0,1,955.3,3552.62,0.51
M0115457,N,20,2,8431.86,0,1,0,2602.37,11509.0,0.86
M0115458,N,41,1,14854.13,1,2,0,4692.4,9726.93,0.6
M0115459,N,79,2,15762.06,0,2,1,2945.49,20623.33,1.5
M0115460,N,24,1,4189.58,0,0,2,725.21,3745.96,0.0
M0115461,N,21,1,3414.93,0,0,0,852.05,2480.48,0.73
M0115462,N,52,1,20467.23,0,1,0,3248.88,13553.01,0.0
M0115463,N,64,1,5726.36,1,1,0,1867.22,4940.06,0.06
M0115464,N,53,2,4564.75,0,1,1,1644.03,6396.73,0.31
M0115465,N,23,1,11311.15,0,2,0,3675.81,11208.53,0.22
M0115466,N,40,1,31890.04,0,1,0,8790.6,29107.99,3.17
M0115467,N,20,0,10817.92,0,1,0,3372.95,6868.27,2.08
M0115468,N,46,2,4704.51,0,2,0,948.96,4992.97,1.08
M0115469,N,60,0,14654.34,0,0,0,10273.59,7903.14,0.0
M0115470,N,36,1,10578.51,0,1,0,1809.65,9676.4,0.0
M0115471,N,50,0,29589.94,0,3,0,16557.9,6853.15,3.2
M0115472,N,30,0,2547.67,0,1,0,1256.41,2642.24,0.85
M0115473,N,34,2,16087.71,0,0,0,1218.56,26264.65,0.69
M0115474,N,61,1,21744.13,0,0,0,5993.3,12673.08,0.68
M0115475,N,19,0,17564.94,0,0,0,7170.99,9584.16,2.48
M0115476,N,37,1,11045.1,0,1,1,2855.76,10537.9,0.0
M0115477,N,64,3,10873.57,1,0,2,2544.86,10550.13,0.9
M0115478,N,37,1,4672.78,0,0,0,1775.66,4846.44,0.36
M0115479,N,55,0,13574.36,1,2,0,4050.03,7197.44,2.1
M0115480,N,24,0,5427.91,0,1,0,1891.85,4875.01,0.85
M0115481,N,22,1,34583.25,1,2,0,13278.75,15145.78,1.48
M0115482,N,76,2,5552.97,0,1,0,1282.83,4890.45,1.35
M0115483,N,52,0,9716.7,0,0,0,887.0,10055.67,0.47
M0115484,N,43,0,25226.15,0,0,0,3910.29,16767.42,0.8
M0115485,N,49,0,13426.42,0,0,1,8191.19,3638.49,0.59
M0115486,N,60,1,10945.46,0,0,0,2222.14,9008.04,0.25
M0115487,Y,81,4,280392.46,3,1,4,178491.96,156521.69,4.18
M0115488,N,18,2,2806.25,0,1,0,2324.19,2086.56,0.52
M0115489,N,62,0,11658.46,0,1,1,2551.13,8549.29,0.0
M0115490,N,27,1,25962.95,0,2,0,2787.91,18943.43,1.49
M0115491,N,64,1,9985.17,0,0,1,3022.8,5014.07,0.7
M0115492,N,23,0,3451.83,0,0,0,531.44,3754.51,1.22
M0115493,N,38,1,14264.72,1,1,0,10954.14,8788.15,0.85
M0115494,N,44,0,11313.17,0,0,0,2983.95,16044.28,0.68
M0115495,N,19,0,23044.0,0,0,1,3401.74,26813.23,2.29
M0115496,N,52,2,10615.57,0,0,0,4933.19,3381.75,0.62
M0115497,N,37,1,10478.12,0,0,0,3290.19,13080.18,3.03
M0115498,N,70,1,3002.74,0,0,0,760.79,2197.78,0.0
M0115499,N,37,0,5850.9,0,0,0,742.38,4264.44,1.63
M0115500,N,36,2,11620.85,1,1,0,4797.81,8619.84,1.13
M0115501,N,46,0,13690.46,0,0,0,973.22,10202.65,1.89
M0115502,N,39,3,14709.71,1,0,0,4068.78,7443.22,0.47
M0115503,N,68,0,3663.16,0,1,0,1676.91,2505.51,0.88
M0115504,N,43,0,2996.65,0,1,0,2474.38,1346.37,0.58
M0115505,N,52,1,17085.28,0,1,2,3820.44,11914.14,0.98
M0115506,N,51,1,6359.83,0,1,1,2703.84,8724.92,1.87
M0115507,N,77,0,5729.64,0,1,0,2931.82,4339.08,1.93
M0115508,N,37,2,7329.63,0,0,0,2099.96,5588.65,0.54
M0115509,N,69,0,10097.1,0,0,0,7202.44,8254.42,0.0
M0115510,N,70,0,19038.74,1,2,0,1233.99,19639.3,1.21
M0115511,N,42,2,18263.32,0,0,1,2880.83,11833.46,1.05
M0115512,N,76,3,19684.83,1,1,0,8979.67,6800.23,0.64
M0115513,N,76,0,12006.54,0,1,0,3214.66,15953.38,1.38
M0115514,N,59,1,23502.02,0,1,0,8825.9,9893.2,1.43
M0115515,N,52,0,18083.42,0,3,0,3673.0,15812.19,1.18
M0115516,N,41,1,22070.83,0,1,1,2494.85,16853.07,1.71
M0115517,N,36,1,8517.7,0,0,0,4027.88,5933.54,1.16
M0115518,N,53,3,21365.67,0,1,1,2793.52,20777.76,3.02
M0115519,N,19,1,22359.89,1,0,0,9293.98,9772.46,1.37
M0115520,N,38,2,33513.01,0,0,0,5089.09,24590.9,1.62
M0115521,N,45,2,2436.74,0,1,0,1532.4,2146.84,0.0
M0115522,N,79,2,5791.09,0,0,0,689.16,4217.34,1.49
M0115523,N,73,0,10187.43,0,0,0,1590.09,8275.44,0.31
M0115524,Y,78,5,292249.96,4,4,6,129251.17,138655.17,5.18
M0115525,N,47,0,7093.77,1,2,0,358.07,5393.49,0.36
M0115526,N,69,2,6110.97,0,0,0,509.34,4962.05,0.85
M0115527,N,61,1,11611.64,0,0,0,2288.88,10646.73,1.87
M0115528,N,66,2,19176.73,0,2,0,7827.73,8749.21,2.18
M0115529,N,48,1,14090.56,0,1,0,5340.41,10572.8,2.85
M0115530,N,45,0,13718.09,1,0,0,6213.22,7188.64,2.63
M0115531,N,59,0,3680.99,0,0,0,542.48,4254.47,1.02
M0115532,N,19,0,4363.31,0,1,0,444.79,4329.89,1.53
M0115533,N,70,1,17181.35,0,0,1,5166.5,8444.22,2.0
M0115534,N,77,2,12386.7,0,1,0,3992.25,9468.74,1.48
M0115535,N,51,0,4445.79,0,0,1,1165.69,3283.83,0.97
M0115536,N,74,2,14590.13,0,0,0,2704.66,11042.12,0.89
M0115537,N,31,2,17809.89,0,1,0,2939.69,12219.68,1.72
M0115538,N,43,2,18150.66,0,1,0,4729.82,14392.28,1.13
M0115539,N,24,2,8232.66,0,1,0,1332.43,5547.43,1.13
M0115540,N,44,1,17529.3,3,1,1,3100.47,14335.55,0.64
M0115541,N,21,1,4946.77,0,0,0,1767.38,4372.57,1.65
M0115542,N,24,1,10866.3,0,1,1,8248.61,4829.69,1.05
M0115543,N,27,0,7603.51,0,1,2,1171.42,9829.72,2.04
M0115544,N,62,1,7365.03,0,0,0,2631.68,3800.69,0.0
M0115545,N,51,1,3046.87,0,0,0,1428.71,2875.06,0.53
M0115546,N,79,1,11984.95,0,1,0,1767.18,15885.62,0.85
M0115547,N,36,0,11871.26,0,0,0,1940.02,9420.14,0.69
M0115548,N,52,0,2875.5,0,0,0,1045.74,4035.05,0.66
M0115549,N,35,1,14602.1,0,2,0,17625.4,7111.04,1.99
M0115550,N,73,1,14011.6,0,1,0,6902.09,7175.77,1.1
M0115551,Y,70,3,172700.22,4,4,3,82920.95,63770.04,5.23
M0115552,N,26,0,3984.08,0,1,0,2108.72,2401.25,2.32
M0115553,N,42,1,10889.37,0,0,2,4675.14,8194.68,1.72
M0115554,N,62,0,17360.11,0,0,0,3280.8,11813.21,1.98
M0115555,N,26,1,6926.18,1,0,0,2507.09,3026.61,0.01
M0115556,N,76,2,12480.98,2,1,0,1630.6,10401.19,0.39
M0115557,N,67,2,21521.13,0,1,0,13073.72,5765.42,2.42
M0115558,N,27,3,30398.61,0,1,0,5164.69,41407.67,1.13
M0115559,N,41,0,15753.11,0,3,0,868.27,12139.7,1.61
M0115560,N,65,1,20911.7,0,0,0,5288.76,14656.72,0.97
M0115561,N,18,0,21028.88,1,0,0,4121.94,12456.71,2.44
M0115562,N,56,2,14054.96,1,0,0,3160.39,9914.47,2.6
M0115563,N,68,0,18700.22,0,0,0,6719.43,8747.15,1.15
M0115564,N,26,2,15479.06,0,1,0,3784.24,10809.0,3.11
M0115565,Y,39,8,278380.76,4,3,5,104693.92,276329.69,5.68
M0115566,N,40,2,20719.61,0,2,0,3743.56,22965.36,1.32
M0115567,N,52,1,5015.31,0,1,0,2896.47,2310.22,1.34
M0115568,N,54,1,13909.88,1,0,1,4790.83,8198.4,2.03
M0115569,N,39,0,4081.0,0,0,0,414.78,4249.04,0.63
M0115570,N,34,0,6440.26,0,0,0,1324.66,3707.3,1.02
M0115571,N,18,1,20673.19,0,2,1,3250.91,26699.14,0.95
M0115572,N,59,3,31041.12,0,2,1,9619.34,28305.0,2.01
M0115573,N,46,1,18087.9,0,2,1,4148.98,14505.17,1.38
M0115574,N,67,0,10600.74,0,1,0,4301.35,6889.59,0.0
M0115575,N,43,0,3867.39,0,1,1,2968.81,3006.79,2.22
M0115576,N,54,0,12548.67,2,0,1,7045.55,6685.61,1.87
M0115577,N,69,2,9644.97,0,1,0,4717.11,6585.72,0.86
M0115578,N,21,0,5712.75,0,0,0,4110.47,1490.35,0.05
M0115579,N,21,0,8972.1,0,0,0,4333.35,6648.21,1.18
M0115580,N,80,2,13276.12,0,0,0,6617.45,16332.67,1.19
M0115581,N,80,0,5897.19,0,0,0,2522.57,3375.3,1.8
M0115582,N,75,0,1438.95,0,1,0,431.71,1250.68,0.12
M0115583,N,71,1,12207.72,1,0,1,6813.78,4790.14,2.51
M0115584,N,47,1,8045.12,1,0,0,2030.1,10300.88,1.46
M0115585,N,22,1,29511.94,0,1,1,1231.36,24217.38,0.76
M0115586,N,49,2,25869.29,1,1,0,3538.13,27073.19,2.27
M0115587,N,73,1,12379.52,1,0,0,6888.97,2984.7,0.56
M0115588,N,30,0,6082.85,0,0,0,223.78,4652.72,0.49
M0115589,N,73,0,3661.59,0,1,1,3734.99,2813.97,1.42
M0115590,N,50,2,16157.39,1,0,0,5023.8,8674.54,0.24
M0115591,Y,52,4,274889.6,3,1,3,111508.51,215506.59,3.97
M0115592,N,73,3,20141.15,0,1,0,3111.57,21980.29,1.38
M0115593,N,72,1,25067.18,0,1,0,8929.12,20279.58,3.02
M0115594,N,48,2,16743.83,0,1,0,3133.88,11743.45,1.84
M0115595,N,58,1,9729.44,0,0,0,1579.53,14989.61,1.64
M0115596,N,76,2,9721.04,0,0,0,2852.06,5391.57,0.79
M0115597,N,72,0,22447.12,0,1,1,3503.35,20341.12,1.05
M0115598,N,47,2,17495.38,0,2,0,5618.58,25048.6,1.46
M0115599,Y,45,5,394896.84,2,4,7,127690.92,262956.37,6.08
M0115600,N,38,1,16378.37,0,1,0,7276.26,8729.1,2.46
M0115601,N,19,0,13687.79,0,0,0,8426.6,7950.8,0.0
M0115602,N,51,3,6915.17,0,1,0,3537.06,2866.62,0.0
M0115603,N,28,0,7105.48,0,1,0,2454.73,8850.15,0.45
M0115604,Y,76,8,339891.69,3,4,5,113759.41,203422.95,5.96
M0115605,Y,39,7,411928.28,4,5,5,118794.55,309863.47,5.6
M0115606,N,52,0,3798.32,0,0,0,559.79,4459.7,0.66
M0115607,N,39,1,13336.22,0,0,0,6749.94,6482.55,1.3
M0115608,N,63,0,15182.19,0,0,0,753.97,13235.27,0.0
M0115609,N,22,3,35700.14,0,0,0,4187.56,27048.66,2.47
M0115610,N,43,0,6312.34,0,0,0,1225.47,4601.81,0.0
M0115611,N,36,2,6274.2,1,0,0,3145.04,3087.24,0.95
M0115612,N,22,1,7950.58,0,0,0,3222.66,5176.2,1.59
M0115613,N,24,1,17258.82,0,1,0,495.03,13989.41,0.02
M0115614,N,46,1,16945.58,0,0,0,3163.56,11209.72,1.36
M0115615,N,80,1,4132.33,1,2,0,1046.17,4410.42,0.27
M0115616,N,51,2,14139.56,0,1,0,1494.65,13413.72,1.75
M0115617,N,70,2,16262.15,1,1,0,7131.7,14732.63,0.82
M0115618,N,63,3,29261.95,0,0,0,6228.89,38597.5,1.46
M0115619,N,62,0,11370.65,0,0,0,2190.77,15907.64,2.19
M0115620,Y,41,3,99679.12,3,2,3,36780.91,83726.87,3.84
M0115621,N,74,1,18998.9,0,1,0,6620.75,9860.4,1.81
M0115622,N,31,2,7439.84,0,0,0,3785.16,8777.82,0.99
M0115623,N,35,3,15189.55,0,0,0,2532.55,9504.44,1.4
M0115624,N,55,0,5494.24,0,0,0,1687.57,5256.76,0.28
M0115625,N,40,2,9664.86,0,0,1,4726.18,6508.6,2.12
M0115626,N,60,0,5542.65,0,1,0,1059.79,3768.19,0.0
M0115627,N,73,1,5118.89,1,0,0,1468.97,2755.1,1.72
M0115628,N,73,0,5847.5,0,0,0,1596.62,3416.68,0.47
M0115629,N,43,1,10693.19,0,3,0,1415.53,8456.94,1.15
M0115630,N,24,0,8129.14,0,1,0,2798.46,7153.5,1.45
M0115631,N,80,0,3514.02,0,0,0,1428.93,3416.11,1.32
M0115632,N,20,0,14510.48,0,0,0,9846.6,2563.62,0.14
M0115633,N,43,2,10533.39,0,1,1,771.9,17972.21,1.28
M0115634,N,63,1,8588.67,0,3,0,1766.52,5364.56,0.0
M0115635,N,47,2,3345.04,0,0,1,1511.9,2440.46,0.0
M0115636,N,43,1,18833.61,0,0,0,2200.13,14622.24,2.08
M0115637,N,64,0,18826.71,0,0,0,4935.36,16456.03,0.49
M0115638,N,72,1,14857.0,0,1,0,6929.35,10519.73,1.58
M0115639,N,38,2,32216.11,0,1,0,4737.8,24368.02,1.12
M0115640,N,51,3,12985.44,0,1,0,3326.71,7193.56,1.86
M0115641,N,75,1,28030.42,1,1,1,9439.76,17177.69,0.52
M0115642,N,78,0,18768.04,0,3,0,3047.72,25159.31,3.05
M0115643,N,50,1,12772.46,0,1,0,11144.34,3483.66,0.49
M0115644,N,75,0,22077.61,0,0,1,5045.93,12409.08,2.24
M0115645,N,35,2,9236.57,0,0,0,2838.0,10749.82,1.06
M0115646,N,20,0,15194.75,0,0,0,1573.36,10679.72,1.22
M0115647,N,28,0,6949.76,0,0,0,1931.71,3839.64,1.16
M0115648,N,69,2,19249.15,0,0,0,1773.72,21514.37,0.36
M0115649,N,43,0,13226.4,1,0,0,2735.53,9107.32,0.84
M0115650,N,54,0,21001.19,1,3,0,10167.58,12507.37,2.84
M0115651,N,29,0,6612.89,0,1,0,1650.93,8751.88,0.17
M0115652,N,53,0,7437.29,0,1,0,2890.08,4352.89,0.9
M0115653,N,35,0,40977.52,0,2,1,3440.95,44416.91,1.47
M0115654,N,63,3,26348.1,1,3,0,4903.14,19140.67,1.31
M0115655,N,24,0,10374.39,0,0,1,3569.52,8113.43,0.61
M0115656,N,20,1,10649.58,0,1,0,3820.29,9989.42,0.63
M0115657,N,80,2,5029.62,0,0,0,2155.83,3129.49,0.0
M0115658,N,57,1,19750.98,0,1,0,9963.74,5488.78,1.28
M0115659,N,61,0,5664.36,0,0,0,1990.95,7542.32,0.63
M0115660,N,61,1,6925.58,0,0,0,2001.26,7042.28,1.08
M0115661,N,58,1,9887.03,0,2,0,5413.21,9724.64,1.13
M0115662,N,66,1,3909.1,0,0,0,324.05,3805.2,0.99
M0115663,N,42,0,30349.44,1,2,1,6619.46,19646.95,1.38
M0115664,N,49,0,4882.71,0,0,0,1253.96,3582.61,1.83
M0115665,N,80,1,30276.94,0,2,0,6539.46,18622.49,1.96
M0115666,N,60,0,13053.54,0,0,1,6358.0,9819.57,0.48
M0115667,N,79,0,6535.41,0,1,0,2383.92,6505.14,0.82
M0115668,Y,53,4,160476.26,2,1,1,51567.1,95851.48,4.67
M0115669,N,47,1,11606.18,0,0,0,3926.66,7202.45,0.88
M0115670,N,47,0,4352.37,0,0,0,1196.03,5015.52,0.0
