member_id,synthetic_high_cost_member_flag,member_age,chronic_condition_count,prior_year_paid_claims,inpatient_admissions,er_visits,specialty_rx_count,rx_paid_claims,medical_paid_claims,comorbidity_score
M0146459,N,26,0,9133.41,0,1,0,6548.71,3937.85,0.97
M0146460,N,25,2,11214.94,0,1,0,4580.25,11899.72,1.94
M0146461,N,65,1,9555.61,0,0,1,3344.52,8572.11,1.9
M0146462,N,21,2,13256.53,0,0,1,9296.17,4545.81,0.26
M0146463,N,72,1,18430.21,0,0,0,11252.4,8490.05,1.43
M0146464,N,37,1,7814.86,0,1,1,6062.22,2016.48,2.9
M0146465,N,44,2,7074.18,0,1,0,2159.57,4976.79,0.62
M0146466,N,70,1,9417.92,0,1,1,1925.64,6125.46,1.26
M0146467,N,51,1,3582.78,0,0,0,1501.45,2085.81,0.21
M0146468,N,64,0,4513.67,0,1,0,1549.49,2479.7,1.14
M0146469,N,19,1,7465.73,0,0,1,3021.63,4512.14,0.75
M0146470,N,51,1,3299.05,0,0,0,2034.46,3772.45,2.58
M0146471,N,60,2,3358.23,0,0,0,1619.67,2900.25,1.62
M0146472,N,73,1,5529.32,0,0,1,2223.19,5936.14,2.0
M0146473,N,20,1,9618.17,0,2,0,2651.9,13841.26,1.06
M0146474,N,53,0,6956.13,0,0,0,1748.36,5826.5,1.31
M0146475,N,47,0,10281.79,0,0,0,5173.73,8512.62,1.54
M0146476,N,36,1,12675.7,0,0,1,7381.44,8004.41,2.49
M0146477,N,34,2,3923.17,0,0,0,2864.71,3138.85,0.26
M0146478,N,21,0,43225.32,0,1,1,3017.86,32132.94,2.33
M0146479,N,59,1,10266.21,1,2,1,4030.53,5099.92,1.76
M0146480,Y,40,7,175499.88,6,4,4,58537.15,94219.26,4.57
M0146481,N,28,0,11634.5,0,0,1,1155.66,10452.94,1.43
M0146482,N,43,0,6002.35,1,0,0,1941.58,3717.39,0.0
M0146483,N,35,0,26219.4,0,2,0,4736.84,18883.89,2.43
M0146484,N,52,0,7693.15,0,0,0,1583.1,8842.5,0.4
M0146485,N,31,0,7627.06,0,0,0,2324.53,4614.27,0.0
M0146486,N,77,1,21632.59,0,3,0,6688.28,12531.98,2.72
M0146487,N,28,1,24227.06,0,0,0,11644.96,7392.11,1.61
M0146488,N,80,0,17746.84,1,0,0,3254.02,11249.71,0.54
M0146489,N,49,3,24755.23,0,1,0,13622.41,26675.73,2.37
M0146490,N,78,1,6747.42,0,0,0,1165.02,7531.45,0.0
M0146491,Y,50,5,199474.98,3,6,1,102466.23,127756.1,5.73
M0146492,N,79,0,13767.92,0,0,0,2575.01,10392.12,1.71
M0146493,N,38,0,11304.28,0,2,0,4616.84,11310.91,0.35
M0146494,N,25,1,7584.64,1,1,0,3660.3,9100.97,1.94
M0146495,N,22,1,7018.84,0,0,1,1153.91,7066.59,0.34
M0146496,N,60,0,11204.69,0,1,0,3104.22,6196.78,1.29
M0146497,N,26,3,8833.32,1,0,0,1418.84,6963.88,2.49
M0146498,N,64,2,26252.25,0,0,0,7614.52,13506.47,2.55
M0146499,N,76,0,13636.21,0,1,0,5124.31,8707.45,1.11
M0146500,N,71,0,16615.5,0,0,0,2196.99,13207.15,0.39
M0146501,N,27,0,21281.65,0,2,1,4037.01,18709.6,0.3
M0146502,N,80,1,14323.13,0,2,1,12291.02,11915.71,1.62
M0146503,N,57,0,6201.55,0,0,0,1122.52,6488.63,0.83
M0146504,N,79,1,2886.49,0,0,0,1299.25,3512.95,0.0
M0146505,N,43,1,3560.08,0,0,0,1114.5,3024.91,1.21
M0146506,N,35,0,16879.97,1,2,0,4871.3,9786.58,2.71
M0146507,N,18,1,7869.98,0,0,0,2977.42,3610.87,1.97
M0146508,N,53,1,8906.5,0,0,0,1294.36,8357.51,0.39
M0146509,N,60,3,5496.37,0,1,0,3168.91,5958.05,0.07
M0146510,N,52,1,8655.98,1,0,1,3874.73,10855.4,2.47
M0146511,N,45,0,8382.97,0,0,0,4758.37,5756.62,0.95
M0146512,N,40,0,8716.74,0,2,1,992.34,7534.22,1.62
M0146513,N,69,0,10017.13,0,0,1,9004.89,6220.07,0.64
M0146514,N,53,0,11154.68,0,0,0,1210.96,7988.6,1.59
M0146515,N,76,0,4074.08,0,0,0,4504.63,1346.85,0.0
M0146516,N,39,1,1986.7,0,0,0,814.56,2121.58,0.0
M0146517,N,59,3,30299.24,0,0,0,2936.24,23615.49,2.79
M0146518,N,27,4,7550.8,0,0,0,1665.65,9027.85,1.51
M0146519,N,74,1,15989.06,0,1,0,3748.63,8773.62,1.57
M0146520,N,55,0,6942.89,0,1,0,2500.51,7830.99,0.21
M0146521,N,58,1,7959.2,0,0,0,1310.9,5386.55,0.45
M0146522,N,32,0,12458.97,0,1,0,5561.26,8271.71,0.12
M0146523,N,20,0,5304.82,0,0,0,2259.26,5504.67,0.64
M0146524,N,57,0,16906.52,0,2,0,5161.92,8345.48,1.41
M0146525,N,76,0,24067.26,0,1,0,5512.16,13662.81,1.02
M0146526,N,48,2,31386.25,1,1,0,4285.25,24584.77,2.22
M0146527,N,34,0,13454.54,0,0,0,7042.28,4799.31,1.33
M0146528,Y,42,3,296160.56,4,3,2,89265.1,244386.24,5.22
M0146529,N,47,2,8989.38,1,0,0,4698.5,3303.88,1.29
M0146530,N,37,2,8281.83,0,0,0,5677.39,3402.58,1.83
M0146531,N,33,1,11822.03,0,1,0,15185.96,4359.62,2.17
M0146532,N,57,1,20979.46,0,1,1,14200.65,12826.67,0.35
M0146533,N,58,1,14197.9,0,2,0,4494.98,8398.28,2.25
M0146534,N,34,1,6117.23,0,2,0,1923.45,3673.56,0.86
M0146535,N,66,1,8403.04,1,0,0,6140.88,2286.02,1.43
M0146536,N,54,0,11346.1,0,3,0,992.46,11292.57,0.21
M0146537,N,51,0,5267.49,0,2,0,1682.6,3392.88,0.23
M0146538,N,53,0,5813.48,0,0,0,3208.7,7171.82,0.64
M0146539,N,37,0,21708.71,0,1,0,7994.72,9544.43,0.88
M0146540,N,21,1,6052.49,0,1,0,175.59,6637.33,1.08
M0146541,N,19,2,6323.84,0,0,0,2384.2,2931.22,1.6
M0146542,Y,72,2,144467.51,2,3,2,70184.61,69186.74,4.64
M0146543,N,42,1,5491.95,0,1,0,4445.54,5032.75,1.93
M0146544,N,37,1,11320.15,0,1,0,1768.73,10466.74,0.0
M0146545,N,21,0,20579.6,0,1,0,3596.95,16834.51,0.76
M0146546,N,51,0,5268.83,0,1,1,2041.7,6490.71,0.74
M0146547,N,56,0,3400.79,0,1,0,1106.97,4153.82,0.29
M0146548,N,24,1,12397.13,0,1,0,2181.86,8252.01,1.41
M0146549,N,42,1,7350.77,1,0,0,1406.88,8466.41,0.31
M0146550,N,46,3,10998.33,0,1,0,5101.5,7900.27,2.92
M0146551,N,74,0,8323.16,0,0,0,2383.67,6202.3,1.03
M0146552,N,60,1,4488.91,0,0,0,3033.53,3692.16,0.98
M0146553,N,26,0,18907.39,0,2,1,946.67,21942.91,0.03
M0146554,N,22,1,51696.53,0,2,0,4375.33,37436.53,2.21
M0146555,N,76,3,5488.6,1,1,0,3809.83,4955.48,1.75
M0146556,N,39,1,17551.31,1,1,0,1116.71,16545.29,1.93
M0146557,N,20,0,8550.43,0,1,0,3342.04,11918.42,0.41
M0146558,N,35,1,26289.62,0,0,1,3220.49,17670.46,0.42
M0146559,N,68,0,4397.04,0,0,0,400.78,3051.26,0.67
M0146560,N,49,0,5908.35,0,0,0,2495.14,3757.45,0.69
M0146561,N,31,0,6651.61,0,0,0,7348.82,2830.08,2.13
M0146562,N,68,0,8071.85,0,0,1,721.73,6222.27,0.0
M0146563,N,66,0,7429.85,0,0,1,1910.18,3989.78,1.16
M0146564,Y,59,10,458045.5,5,5,8,96084.89,299563.57,5.87
M0146565,N,32,2,13738.02,0,0,0,1694.82,12187.9,0.84
M0146566,N,49,2,11463.05,1,2,0,3954.82,13228.67,0.71
M0146567,N,39,0,13461.71,0,0,0,5518.82,10207.9,1.11
M0146568,N,63,2,7276.89,0,0,0,2452.86,8490.09,0.0
M0146569,N,79,0,9934.99,1,0,0,1403.78,9043.33,1.66
M0146570,N,56,0,15442.63,0,0,0,1779.21,13262.93,1.18
M0146571,N,50,2,18620.72,0,0,1,8966.56,13379.33,0.84
M0146572,N,44,0,20136.79,2,0,0,8832.86,10763.75,0.63
M0146573,N,46,0,7782.23,2,0,0,3929.5,7189.26,0.71
M0146574,N,57,2,41203.89,0,3,2,15798.52,43122.4,3.01
M0146575,N,40,1,4724.11,0,0,0,1824.88,3779.54,0.91
M0146576,N,25,0,11058.21,0,0,0,8016.03,10576.84,2.77
M0146577,N,33,3,15213.56,1,2,0,6358.07,7858.37,2.1
M0146578,N,52,1,6019.72,0,1,0,1767.0,8637.34,1.76
M0146579,N,21,1,4315.42,0,0,1,1978.73,2540.56,0.0
M0146580,N,30,1,6222.1,0,1,0,679.92,6600.61,1.7
M0146581,N,80,0,22612.52,1,2,1,2381.62,23014.84,1.9
M0146582,N,59,1,18225.25,0,2,0,8254.02,20265.5,1.44
M0146583,N,23,0,24357.59,0,0,0,1570.75,21240.22,1.5
M0146584,N,61,2,16940.63,1,2,0,7536.48,7280.27,0.74
M0146585,N,43,1,4869.03,0,0,1,507.3,7996.79,1.22
M0146586,N,54,2,28517.57,0,0,0,13536.28,11833.0,2.67
M0146587,N,52,0,5279.41,0,1,0,2330.87,4176.42,0.0
M0146588,Y,57,6,244881.12,4,8,4,119816.54,197589.85,6.65
M0146589,N,76,1,2831.29,0,0,0,1479.97,2393.44,0.0
M0146590,N,28,0,6361.35,2,1,0,1621.32,5598.47,2.09
M0146591,N,66,0,4984.56,0,0,1,3014.68,3130.0,1.75
M0146592,Y,61,5,191749.06,2,2,1,132059.67,109807.8,3.57
M0146593,N,75,1,21835.53,0,0,3,4406.74,12942.39,1.02
M0146594,N,59,2,9667.9,0,0,0,2637.65,8853.99,0.69
M0146595,N,31,2,4059.84,1,0,1,2355.88,1074.92,0.84
M0146596,N,33,2,3557.34,0,0,0,360.34,5723.56,0.0
M0146597,N,67,2,9173.87,0,2,0,2200.42,9432.76,0.82
M0146598,N,33,0,10696.38,1,2,0,1758.97,10885.83,0.85
M0146599,N,42,0,31132.5,0,1,0,2226.32,23991.2,1.47
M0146600,N,29,0,11470.13,0,0,0,2179.29,9912.09,1.25
M0146601,N,61,2,12192.78,0,0,0,2075.14,10507.9,0.0
M0146602,N,42,0,19827.97,0,1,1,8596.57,11819.71,1.05
M0146603,N,19,1,11530.76,0,0,0,921.04,13369.41,0.0
M0146604,N,42,0,7100.6,0,1,0,1996.51,3565.01,1.4
M0146605,N,66,2,10652.66,0,0,0,3064.33,5342.45,0.45
M0146606,N,58,0,29857.35,0,2,0,4905.6,20309.32,0.48
M0146607,N,49,3,7985.43,1,1,2,1506.69,12229.88,1.5
M0146608,N,56,2,24312.44,0,0,0,4147.69,19823.48,0.0
M0146609,N,39,2,19176.93,1,1,0,6640.04,8471.52,1.51
M0146610,N,35,1,16720.88,0,2,0,8206.56,5876.96,0.6
M0146611,N,43,0,10951.27,0,2,2,1310.4,10533.48,0.14
M0146612,N,75,2,19044.94,0,0,0,4712.72,11409.38,0.89
M0146613,N,79,2,27891.5,0,1,0,7106.6,27593.92,1.45
M0146614,N,78,2,16359.03,0,2,0,7602.01,6567.08,0.22
M0146615,N,46,0,25678.42,0,0,1,7282.99,33225.57,1.64
M0146616,N,26,2,16570.73,1,1,0,4422.74,16004.11,1.88
M0146617,N,51,3,8966.67,0,3,2,3493.64,5296.58,2.07
M0146618,Y,48,7,362140.14,3,3,1,202706.46,164408.51,6.01
M0146619,N,28,0,10954.99,0,0,0,2023.78,12824.25,0.56
M0146620,N,27,1,35197.01,0,0,0,9549.66,38233.47,1.32
M0146621,N,26,1,4694.12,0,0,0,3515.75,4947.35,1.53
M0146622,N,24,1,32516.61,0,1,0,14357.32,13507.89,1.69
M0146623,N,50,2,2392.84,0,0,0,1260.62,2509.27,0.0
M0146624,N,34,2,6063.12,0,2,1,3059.46,6049.67,0.29
M0146625,N,49,2,14072.96,0,1,1,3043.79,18786.79,1.55
M0146626,N,22,1,18820.12,1,0,0,1139.26,15825.84,0.67
M0146627,N,50,3,10032.19,0,1,0,2086.49,10503.69,1.22
M0146628,N,29,1,7790.94,2,1,0,1130.88,5767.99,2.94
M0146629,N,68,0,5563.35,0,0,1,2276.21,7667.67,1.05
M0146630,N,42,0,6269.59,0,1,0,1455.8,5322.78,1.48
M0146631,N,23,0,11247.71,1,1,0,6618.25,10169.42,2.21
M0146632,N,70,1,4776.56,1,0,0,3314.19,3920.02,1.17
M0146633,Y,61,4,167405.71,2,1,5,62795.46,164428.68,5.63
M0146634,N,20,1,13463.36,1,2,0,3435.75,8000.99,0.8
M0146635,N,23,2,17943.42,0,0,0,3432.65,11905.66,1.81
M0146636,N,51,1,17493.0,0,0,0,6516.69,10193.27,1.1
M0146637,N,44,1,28017.28,1,1,0,6154.97,23256.49,1.89
M0146638,N,72,1,6332.73,0,0,0,2015.43,3665.97,0.48
M0146639,N,42,2,12032.62,0,0,0,2702.69,6957.44,0.07
M0146640,N,25,1,4980.72,0,0,0,1208.9,4228.62,0.19
M0146641,N,18,1,20886.68,1,0,1,1131.61,19896.27,0.86
M0146642,N,53,2,22034.7,1,1,2,10082.62,25087.49,2.22
M0146643,N,35,0,21567.61,0,2,0,4898.96,13169.46,2.48
M0146644,N,77,0,7084.72,0,0,0,1311.19,7720.42,0.0
M0146645,N,50,1,8278.44,0,0,1,2735.84,6898.19,0.96
M0146646,N,58,1,4251.55,0,0,0,1491.4,2298.65,0.86
M0146647,N,25,0,87783.79,0,0,0,70950.75,12716.99,0.9
M0146648,N,32,1,14389.24,1,1,0,2725.72,10092.27,1.5
M0146649,N,68,2,39566.19,1,1,1,20119.81,12663.14,2.11
M0146650,N,28,1,7142.99,0,1,0,2446.27,9134.04,0.82
M0146651,N,60,0,5897.84,0,1,1,2972.97,5228.27,0.93
M0146652,N,74,2,25126.39,1,4,2,6105.45,34312.11,0.88
M0146653,N,54,2,9911.63,0,0,0,2883.18,10400.44,2.7
M0146654,N,62,0,3844.75,0,0,0,484.8,2824.22,0.0
M0146655,N,41,0,9723.31,0,1,0,10038.13,7385.99,0.97
M0146656,N,74,1,25099.25,1,0,1,6744.86,30301.31,1.76
M0146657,N,43,0,5776.51,0,0,0,1796.03,3875.17,1.4
M0146658,N,41,2,16848.38,0,2,1,10602.5,5689.27,0.0
M0146659,N,26,1,2830.5,0,0,0,2741.13,2297.59,0.0
M0146660,N,57,1,13826.36,0,0,0,2329.6,16801.41,0.34
M0146661,N,56,1,8350.35,0,1,0,1149.6,9243.58,0.94
M0146662,N,78,0,9011.6,0,1,0,3345.61,3764.35,0.01
M0146663,N,24,2,44191.19,0,4,1,22434.67,13268.77,1.91
M0146664,N,44,0,9538.97,0,1,0,6757.37,9198.04,1.63
M0146665,N,50,0,4531.78,0,0,0,724.4,4691.06,0.0
M0146666,N,26,3,10764.73,0,0,0,7043.26,8570.15,2.12
M0146667,N,59,0,8675.42,0,0,0,2688.15,5375.7,0.28
M0146668,N,59,2,3333.57,0,0,0,2557.26,2577.73,1.22
M0146669,N,34,1,8466.45,0,2,1,3801.99,8091.42,1.38
M0146670,N,29,0,6279.42,0,0,0,1543.43,4321.54,0.13
M0146671,N,37,1,31820.02,0,2,1,8383.4,17344.22,1.59
M0146672,N,54,3,15379.02,1,0,2,2672.23,16963.68,1.29
M0146673,N,62,1,8229.01,1,2,1,4436.13,8454.76,1.77
M0146674,N,79,1,2627.31,0,0,0,875.08,3153.7,0.0
M0146675,N,22,0,2768.32,0,0,0,973.78,2476.71,0.0
M0146676,N,42,1,27004.99,0,0,1,2891.1,30298.06,2.49
M0146677,N,51,2,21584.78,0,0,0,2697.77,16626.59,1.15
M0146678,N,44,0,13193.48,0,0,1,3039.02,17016.6,0.0
M0146679,N,79,0,10771.9,0,1,0,3635.8,11788.29,1.26
M0146680,N,38,2,10251.51,1,0,1,4194.72,8279.86,1.29
M0146681,N,37,1,2045.8,0,0,0,1226.84,854.11,0.85
M0146682,N,32,1,1796.48,0,0,0,289.59,2105.08,0.23
M0146683,N,46,0,3279.5,0,0,0,272.46,2551.37,0.0
M0146684,Y,70,5,118967.71,2,1,1,60741.54,97877.68,4.18
M0146685,N,72,0,17739.11,0,0,0,10692.78,10892.04,0.41
M0146686,N,40,0,9449.58,0,3,0,864.58,8455.1,2.02
M0146687,N,61,1,3982.69,0,1,0,1340.43,5583.32,0.0
M0146688,N,45,0,7911.12,0,0,0,4177.19,5915.46,1.07
M0146689,N,73,1,32282.59,0,0,0,2617.88,23351.71,0.83
M0146690,N,47,1,17935.64,0,0,0,2596.59,22739.41,0.74
M0146691,N,58,1,15913.83,0,0,1,6095.43,14379.04,1.51
M0146692,N,42,0,6727.39,0,0,0,608.42,5153.58,0.0
M0146693,N,51,3,24577.59,0,2,2,4359.18,18473.51,3.23
M0146694,N,52,0,11465.5,1,1,0,3327.81,9262.51,2.38
M0146695,N,57,0,15305.72,0,1,0,1019.69,11333.9,1.57
M0146696,N,75,1,19405.79,1,1,0,7176.87,19959.99,1.45
M0146697,N,68,0,8357.92,0,0,0,2743.21,6090.83,0.0
M0146698,N,39,0,20984.28,0,0,0,4316.08,13857.7,1.91
M0146699,N,46,3,29696.78,0,1,0,5122.45,20260.77,1.3
M0146700,N,65,2,19868.89,2,2,0,9676.84,11978.09,2.48
M0146701,N,65,0,7196.66,0,0,0,3077.42,7705.06,1.87
M0146702,N,63,2,10464.24,0,0,0,4140.95,6561.54,1.72
M0146703,N,35,2,6599.58,1,1,1,2223.54,5660.57,0.0
M0146704,N,54,0,14841.16,0,1,0,6155.48,12109.83,2.27
M0146705,N,57,2,16314.73,0,1,0,2384.34,20032.18,2.14
M0146706,N,72,4,11770.93,0,2,0,7645.03,3338.65,1.3
M0146707,N,64,1,14341.11,0,2,2,3081.86,21527.69,3.17
M0146708,N,29,2,8020.87,0,3,0,2866.99,5032.98,0.87
M0146709,N,79,0,20706.05,0,0,0,6078.68,24547.89,0.96
M0146710,N,52,0,19318.49,0,1,0,1858.64,15141.13,1.0
M0146711,N,37,0,12112.68,0,1,0,6024.87,12650.53,0.92
M0146712,N,31,1,7804.8,1,0,1,3284.65,9343.97,1.74
M0146713,N,67,1,5675.06,0,0,2,679.26,5752.54,0.0
M0146714,N,20,0,18223.72,1,0,0,2764.25,14109.58,2.61
M0146715,N,70,2,8120.06,0,0,2,3800.58,5589.61,2.0
M0146716,N,70,3,8582.29,0,0,1,1604.48,10172.81,0.05
M0146717,N,53,2,18991.68,0,2,0,4619.1,13445.57,1.73
M0146718,N,52,0,6241.5,0,0,1,2325.2,3347.13,0.92
M0146719,N,45,3,9622.67,0,1,0,1474.89,7682.51,1.09
M0146720,N,21,1,4362.28,0,0,0,1626.06,2721.69,1.23
M0146721,N,25,0,7238.93,0,1,0,3688.46,7846.75,0.83
M0146722,N,39,2,14567.02,0,0,0,3584.49,11065.55,2.47
M0146723,N,72,1,46609.64,1,2,3,38796.44,12762.69,2.35
M0146724,N,30,2,6244.57,0,0,0,817.2,6202.29,0.0
M0146725,N,34,2,71334.81,1,3,0,7099.51,57656.62,1.77
M0146726,N,33,1,9694.46,1,2,0,3167.07,7417.97,0.29
M0146727,N,72,1,12359.81,0,2,0,1727.34,10644.03,1.68
M0146728,N,20,2,5491.9,0,2,0,4899.47,2795.19,1.32
M0146729,N,40,1,13380.14,0,0,0,2645.66,9680.92,1.81
M0146730,N,20,0,6889.64,1,0,1,4751.51,6019.81,1.57
M0146731,N,35,1,31951.29,0,0,1,7374.49,17784.79,0.67
M0146732,N,35,3,27476.17,0,1,1,8176.56,14841.81,0.71
M0146733,N,20,1,9202.74,1,0,1,1035.69,6942.28,0.0
M0146734,N,41,1,7958.94,0,1,0,1734.06,7730.38,1.0
M0146735,N,23,1,9981.35,0,0,0,1421.99,9504.05,1.5
M0146736,N,77,3,40692.08,1,0,0,10680.75,33530.25,1.91
M0146737,N,46,0,14466.04,0,2,0,2744.11,11036.74,2.65
M0146738,N,24,1,9258.78,1,1,1,1773.37,13566.5,1.77
M0146739,N,80,1,9012.78,0,1,0,2087.53,5053.73,0.99
M0146740,N,51,3,2898.48,0,0,0,347.01,4911.97,0.48
M0146741,N,22,1,12440.01,0,0,1,1669.78,9607.15,0.54
M0146742,N,69,1,6371.74,0,0,0,2372.95,4842.61,0.46
M0146743,Y,78,5,300003.59,4,4,8,160800.48,261848.88,7.39
M0146744,N,56,3,23839.74,0,2,1,13685.73,7107.57,3.12
M0146745,N,31,0,12568.62,0,0,1,3473.98,10378.5,0.26
M0146746,N,36,1,12709.16,0,0,0,4273.42,6155.47,1.75
M0146747,N,59,3,5719.99,0,1,0,1087.04,5996.94,1.7
M0146748,N,77,1,6420.04,0,0,0,1818.25,7369.86,1.48
M0146749,N,19,0,10096.62,0,2,0,4607.36,3925.85,1.31
M0146750,N,62,2,24299.78,0,0,0,5411.38,22248.84,0.0
M0146751,N,51,2,9988.91,0,1,0,3284.35,4904.93,0.98
M0146752,Y,41,6,193492.92,3,2,3,90100.37,99172.87,3.8
M0146753,N,22,0,4557.9,0,1,0,1907.49,3063.99,0.47
M0146754,N,53,1,5661.98,0,1,3,2700.71,4172.92,1.2
M0146755,N,38,0,4072.91,0,0,0,2000.95,1805.13,1.65
M0146756,N,61,2,17504.72,2,0,1,7376.16,11872.97,1.98
M0146757,N,66,2,10079.17,0,1,1,3925.23,4681.08,1.69
M0146758,N,61,3,11156.12,1,1,0,8065.04,8506.59,1.99
M0146759,N,39,2,59360.35,0,1,0,35206.91,14060.63,0.6
M0146760,Y,76,4,202868.88,4,5,5,84228.08,100339.34,4.61
M0146761,N,59,0,8599.64,0,0,0,612.11,6860.7,0.01
M0146762,N,23,1,14228.59,0,1,0,7371.15,7233.79,0.69
M0146763,N,68,0,3356.46,0,0,0,1950.63,4095.22,1.07
M0146764,N,36,0,4632.48,0,0,1,2620.88,2922.91,0.0
M0146765,N,60,2,26389.38,0,1,0,7225.93,22766.93,2.26
M0146766,N,26,0,15896.46,1,0,0,1325.85,14347.86,0.0
M0146767,N,75,1,13393.97,2,1,0,3900.49,8677.45,1.83
M0146768,N,55,1,9266.77,0,0,0,3774.65,10129.98,1.2
M0146769,N,69,1,7440.21,0,0,0,1836.19,7907.51,1.76
M0146770,N,28,0,6255.34,0,1,1,2640.05,8084.55,1.24
M0146771,N,66,0,1240.63,0,0,0,577.8,1523.03,0.66
M0146772,N,68,1,10340.78,1,0,0,759.06,8828.21,1.13
M0146773,N,54,1,5951.25,0,0,0,4207.55,6151.51,0.15
M0146774,N,67,3,23256.94,0,0,0,7390.28,21246.48,1.58
M0146775,N,46,0,4710.34,0,1,0,531.44,4104.16,0.35
M0146776,N,45,2,16777.97,0,1,0,2330.86,14677.84,1.45
M0146777,N,32,0,4403.83,0,0,0,1671.63,6276.17,0.16
M0146778,N,19,1,11068.69,0,1,0,2491.75,17248.98,0.0
M0146779,Y,73,4,218529.02,2,4,3,69492.82,200558.59,5.47
M0146780,N,77,0,38239.39,0,4,2,15157.22,20889.23,2.1
M0146781,N,33,2,10948.17,0,0,1,7088.05,7150.24,0.14
M0146782,N,71,0,13051.86,0,0,0,1576.51,12618.44,1.53
M0146783,N,78,2,8594.6,0,0,0,2514.14,10931.61,0.13
M0146784,N,23,0,14020.95,0,0,0,12922.36,2692.91,0.0
M0146785,N,25,1,5465.68,0,0,0,2637.04,4635.87,1.24
M0146786,N,27,0,10726.86,0,0,1,5567.7,3964.47,0.16
M0146787,N,28,1,45290.85,0,0,1,741.32,38174.26,2.39
M0146788,N,31,1,48101.61,0,0,0,10034.71,28696.33,3.07
M0146789,N,50,2,6221.26,0,2,1,7605.43,2194.98,1.04
M0146790,N,71,1,7948.89,0,0,1,788.07,7413.19,0.86
M0146791,N,66,1,7630.78,0,0,0,1155.07,5624.13,0.0
M0146792,N,27,1,14159.52,0,0,0,947.63,10282.34,0.05
M0146793,N,31,1,4654.02,1,0,0,1355.85,5483.51,0.98
M0146794,N,29,1,7343.25,0,1,0,229.34,6010.73,0.0
M0146795,Y,38,7,268168.82,5,1,5,149127.5,136200.06,7.9
M0146796,N,18,1,5099.64,0,0,0,2390.61,6273.63,0.0
M0146797,N,68,2,14587.79,0,2,0,4143.36,7292.15,0.8
M0146798,N,44,1,32922.74,0,0,0,6516.04,22972.6,1.87
M0146799,N,40,2,12126.89,0,2,0,8844.28,5940.53,2.2
M0146800,Y,41,4,193595.37,1,4,1,102335.71,89612.22,4.3
M0146801,Y,38,8,184727.02,6,6,2,85229.16,170992.54,6.65
M0146802,N,50,2,16893.11,0,1,0,7775.05,10949.68,1.67
M0146803,N,59,1,18637.84,0,0,0,1442.21,31780.14,1.56
M0146804,N,21,3,11546.33,0,1,0,8475.72,9704.81,1.71
M0146805,N,53,1,43830.03,1,0,1,29037.18,7637.9,2.34
M0146806,N,47,1,7413.54,0,1,2,3457.61,7481.75,1.72
M0146807,N,64,1,12589.06,0,3,0,2244.95,12883.45,1.31
M0146808,N,52,1,25576.7,0,0,0,1127.32,28152.77,2.71
M0146809,N,62,1,20469.14,2,0,0,2870.2,13766.31,0.0
M0146810,N,23,2,7695.36,0,1,0,3486.51,7298.8,0.76
M0146811,N,80,1,18343.36,0,1,1,4285.39,25499.14,0.93
M0146812,N,22,1,13610.55,0,0,0,4651.45,6633.36,0.85
M0146813,N,35,0,5943.02,0,0,0,2171.28,6081.92,1.23
M0146814,N,21,1,8346.02,0,0,1,1643.37,7020.83,0.0
M0146815,N,34,1,7933.3,0,1,0,6023.95,5083.49,2.0
M0146816,Y,81,5,266845.41,1,5,6,104610.64,160123.94,3.43
M0146817,N,74,1,6370.1,1,0,0,2179.79,6617.25,0.0
M0146818,N,75,0,5891.82,0,0,0,1491.9,5825.88,1.12
M0146819,N,50,0,17685.41,1,2,0,5875.12,10872.94,1.18
M0146820,N,36,1,4224.16,1,3,0,914.73,5430.64,0.81
M0146821,N,26,1,9883.91,0,1,0,1900.01,6623.02,0.69
M0146822,N,57,1,5768.84,1,0,1,3168.75,6664.8,0.47
M0146823,N,36,1,6357.36,0,0,0,1314.93,8239.35,0.68
M0146824,N,54,1,5358.59,0,0,0,2291.3,2164.05,0.39
M0146825,N,22,0,8998.15,1,0,1,1179.06,8310.29,0.0
M0146826,N,33,2,3265.25,0,3,2,1824.94,3388.07,1.02
M0146827,N,75,0,30327.05,1,0,0,8517.15,16703.5,0.48
M0146828,N,74,0,6573.91,0,0,0,1492.57,5997.39,0.12
M0146829,N,47,2,11074.62,0,1,1,5047.75,10816.47,1.21
M0146830,N,56,3,12306.35,0,1,0,7595.67,7227.03,3.62
M0146831,N,28,0,5428.35,1,1,1,2148.65,6968.07,0.63
M0146832,N,25,0,12178.96,1,0,0,2917.82,17193.74,0.72
M0146833,N,34,0,12186.25,0,0,0,3855.5,6048.13,1.52
M0146834,N,26,1,19859.39,0,0,1,4627.65,11053.19,1.01
M0146835,N,62,0,25396.91,1,1,0,11166.18,15542.18,2.72
M0146836,N,66,0,23597.03,0,3,0,6895.71,15912.78,2.58
M0146837,N,49,2,16558.91,0,3,0,5945.82,18755.08,1.63
M0146838,N,39,0,2306.0,0,0,0,1204.66,2169.49,1.75
M0146839,N,28,2,7294.59,1,0,1,3833.43,4238.17,1.59
M0146840,N,78,0,9913.1,0,0,0,2877.84,6148.86,0.05
M0146841,N,40,1,25769.78,0,0,1,2990.52,18599.29,2.49
M0146842,N,52,0,5436.84,0,0,0,1067.05,4032.99,0.49
M0146843,N,46,1,3554.28,0,2,0,2052.61,3423.72,1.04
M0146844,N,34,1,24245.66,1,0,0,9606.07,9679.85,0.69
M0146845,N,26,0,7064.17,0,0,0,6333.38,5685.58,0.3
M0146846,N,53,0,15839.9,0,1,0,3935.7,12011.42,1.47
M0146847,N,59,3,59707.86,0,2,0,18103.12,42569.0,2.3
M0146848,N,39,2,16602.04,0,0,0,2759.7,14455.64,0.49
M0146849,N,73,1,8285.69,1,0,0,1325.79,8707.42,0.0
M0146850,N,22,1,11453.5,0,1,1,5726.71,4210.14,0.71
M0146851,N,58,1,20146.05,0,0,0,3561.22,12791.21,1.34
M0146852,N,75,0,58801.42,0,3,2,11823.93,35448.06,3.55
M0146853,N,31,1,7706.23,1,2,0,2608.47,5912.87,1.12
M0146854,N,36,0,14031.85,1,1,0,6955.23,5768.04,0.83
M0146855,N,80,1,28231.8,0,0,0,11552.88,12835.99,1.19
M0146856,N,67,2,12123.79,0,3,0,5964.71,7297.74,0.81
M0146857,N,80,1,3569.98,0,1,0,745.33,3566.35,0.0
M0146858,N,23,0,25115.64,0,0,0,2057.13,19224.92,1.49
M0146859,N,51,1,5897.15,0,2,0,2938.03,3824.21,0.18
M0146860,N,27,0,7131.33,1,1,1,3271.09,4733.78,0.0
M0146861,N,63,3,8563.63,0,1,1,2412.97,5986.69,0.86
M0146862,N,22,1,36400.51,1,0,0,3070.65,44884.57,1.18
M0146863,N,52,0,3506.05,1,0,0,1090.89,1677.64,0.0
M0146864,N,61,0,6789.77,0,0,0,698.58,10529.18,0.36
M0146865,Y,43,3,208792.0,4,5,3,56277.73,123447.97,4.96
M0146866,N,68,2,6678.24,0,0,0,4708.58,7408.03,0.81
M0146867,N,52,0,13917.07,0,1,1,3565.21,12677.6,0.85
M0146868,N,75,2,15116.81,0,2,0,1381.69,12164.67,2.17
M0146869,N,63,0,11411.29,0,0,0,2782.84,7614.48,1.3
M0146870,N,37,1,22778.19,0,2,2,10600.78,15034.86,0.73
M0146871,N,62,1,11347.22,0,1,0,3236.05,6832.84,1.47
M0146872,N,24,0,13055.64,0,0,0,4430.22,11122.13,1.05
M0146873,N,75,2,8654.87,0,0,2,2480.42,10594.56,1.21
M0146874,N,48,0,6611.52,0,0,0,4675.93,7138.46,0.65
M0146875,N,67,0,16471.45,0,1,0,1703.24,17666.87,1.06
M0146876,N,20,0,6394.75,0,0,2,2180.14,5681.42,0.58
M0146877,N,48,1,4858.78,0,0,0,2332.01,2547.36,1.5
M0146878,N,68,2,17145.23,0,1,0,1559.08,20574.01,0.3
M0146879,N,35,2,27209.01,0,1,0,8979.3,13008.76,0.42
M0146880,N,60,1,14282.7,0,0,0,6264.88,17030.57,1.77
M0146881,N,50,1,35419.81,1,1,0,1807.33,27086.49,2.35
M0146882,N,39,0,24653.18,0,1,0,15653.55,6252.97,1.08
M0146883,N,45,0,5903.63,0,0,1,1574.01,4682.06,1.72
M0146884,N,74,1,8994.9,0,1,0,6115.77,6155.9,0.0
M0146885,N,44,2,16045.82,1,1,0,2685.39,20156.59,0.64
M0146886,N,21,1,8395.48,0,1,0,4242.36,7440.53,1.88
M0146887,N,43,0,16025.07,1,0,0,5179.15,7952.5,0.99
M0146888,N,28,1,20274.54,0,2,0,3717.88,15758.48,0.56
M0146889,N,79,1,23076.31,1,0,0,12629.51,9915.61,1.19
M0146890,N,23,1,27887.36,0,1,0,1329.76,27225.78,0.67
M0146891,N,70,1,34098.94,0,1,1,443.98,31471.77,2.05
M0146892,N,26,2,4015.58,0,1,0,1309.76,2341.45,0.98
M0146893,N,24,1,9690.17,0,0,0,728.61,12529.19,0.64
M0146894,N,23,0,16039.23,0,1,0,9586.83,16807.4,2.49
M0146895,N,54,1,5110.28,0,0,0,1771.86,4549.36,1.57
M0146896,N,37,2,17623.76,0,1,1,5574.65,11891.94,2.25
M0146897,Y,42,7,226542.72,7,7,5,133370.2,185475.38,4.69
M0146898,N,66,2,15131.44,0,0,0,1897.36,21096.99,0.77
M0146899,N,44,0,3459.01,0,0,0,3695.84,2556.78,2.17
M0146900,N,71,0,21959.59,0,0,0,1253.23,19697.02,0.38
M0146901,N,32,2,9570.25,0,1,0,2061.54,7792.6,1.53
M0146902,N,20,1,8417.05,0,1,0,997.54,7183.51,1.59
M0146903,Y,74,7,226485.75,4,8,5,94556.31,179322.77,4.79
M0146904,N,43,0,2504.66,0,0,0,1256.69,1821.83,0.79
M0146905,N,35,1,11458.77,1,0,1,6377.33,6572.81,0.82
M0146906,N,63,0,12058.7,0,2,0,4462.05,8387.13,2.01
M0146907,N,67,0,5144.31,0,0,0,2468.5,5325.37,1.36
M0146908,N,64,1,5191.13,0,0,0,2503.16,3401.09,0.75
M0146909,N,35,0,9659.48,0,0,0,808.35,9761.5,0.84
M0146910,N,76,3,24351.97,0,0,0,2891.89,21012.58,1.45
M0146911,N,74,0,4429.59,0,0,1,1545.85,2328.77,0.41
M0146912,N,55,0,17490.19,0,0,0,6774.64,9221.92,1.61
M0146913,N,48,0,13127.38,1,2,0,8717.05,10174.37,0.21
M0146914,N,36,0,9967.86,0,1,0,4374.42,3662.38,1.12
M0146915,N,64,2,28384.83,1,2,0,4014.71,18643.74,1.53
M0146916,Y,45,6,275486.38,3,1,3,160303.68,77050.29,5.99
M0146917,N,77,1,4983.23,0,1,0,2595.17,3828.23,0.75
M0146918,N,50,2,10577.74,0,0,0,3244.51,10964.51,0.46
M0146919,N,70,1,4895.69,0,1,0,1248.54,2727.62,0.94
M0146920,N,57,0,5345.16,1,1,1,1513.1,3240.62,0.64
M0146921,N,66,1,20200.88,1,3,0,5383.2,13188.26,2.14
M0146922,N,45,2,7153.02,0,1,0,1696.55,4448.91,0.9
M0146923,N,61,0,21014.99,1,2,0,2529.95,14092.57,2.28
M0146924,N,54,2,4024.47,0,0,0,1414.52,4338.21,1.51
M0146925,N,44,2,23082.23,0,2,0,8255.45,17651.72,2.35
M0146926,Y,59,6,358540.65,2,2,2,116215.08,191886.23,5.79
M0146927,N,46,3,8647.61,0,1,1,691.77,8593.53,0.49
M0146928,N,71,3,30360.98,2,1,2,8412.35,28702.21,4.23
M0146929,N,40,1,11470.95,0,2,0,4749.41,7242.48,1.28
M0146930,N,69,2,22414.39,0,1,1,2219.85,16959.71,0.55
M0146931,N,37,1,15953.27,0,1,0,2625.58,18595.9,0.0
M0146932,N,66,2,13786.55,0,2,0,3085.92,12136.41,0.55
M0146933,N,59,1,6371.79,0,0,1,983.18,5526.66,0.0
M0146934,N,43,0,6087.5,1,0,0,1985.6,3614.42,0.77
M0146935,N,80,2,32351.64,0,0,1,8305.97,27267.65,2.36
M0146936,N,69,0,2593.39,0,1,0,1072.83,2094.98,0.0
M0146937,N,44,2,11981.05,0,0,2,2365.67,10343.88,1.51
M0146938,N,72,1,23453.51,0,1,1,6624.19,12099.74,2.32
M0146939,N,32,1,10403.98,0,0,0,6339.29,3419.84,1.11
M0146940,N,54,2,10425.32,0,0,0,4615.76,8176.36,1.16
M0146941,N,21,0,24694.17,0,1,1,2623.2,16777.87,1.37
M0146942,Y,48,5,171591.32,3,3,3,57948.61,114727.61,2.73
M0146943,N,69,0,8297.77,0,1,1,3053.99,10957.56,1.94
M0146944,N,38,1,6462.8,0,1,1,1127.67,4905.72,0.0
M0146945,N,70,1,27479.58,0,3,0,5004.79,17774.22,2.59
M0146946,N,29,0,12631.65,1,1,0,3862.11,9311.59,1.17
M0146947,N,72,3,26545.75,0,0,2,2532.4,33133.06,2.89
M0146948,N,38,2,13258.92,0,0,0,1371.6,9224.28,1.62
M0146949,N,26,0,22382.57,0,0,0,6077.44,12207.56,1.48
M0146950,N,22,0,18192.05,0,0,0,1329.46,13482.44,0.51
M0146951,N,53,1,10780.85,0,0,0,3008.4,7341.43,1.06
M0146952,N,19,0,10368.03,1,0,0,3949.81,9623.31,0.97
M0146953,N,22,1,32947.26,0,3,1,6715.59,27383.25,1.87
M0146954,N,61,1,18187.23,1,0,0,1854.11,13770.68,0.79
M0146955,N,40,0,18414.1,0,1,1,534.13,14054.76,1.02
M0146956,N,66,0,11440.41,0,0,1,3492.46,14824.59,0.75
M0146957,N,48,3,16791.97,0,0,0,1226.36,14622.8,2.47
M0146958,N,29,0,5093.4,0,1,0,3926.24,4121.97,0.34
M0146959,N,67,1,7560.42,1,1,0,8787.63,2541.59,2.08
M0146960,N,37,1,7086.04,0,0,1,5368.84,2791.19,1.16
M0146961,N,66,2,35543.93,0,0,0,10422.69,20371.72,1.95
M0146962,N,57,0,12661.75,0,0,0,3120.83,17423.75,1.14
M0146963,N,24,3,66296.27,0,1,1,11633.66,41748.85,2.96
M0146964,N,62,1,13600.81,0,0,0,2153.61,10089.57,0.98
M0146965,N,44,1,3122.03,0,0,2,594.73,3953.43,0.45
M0146966,N,41,1,3163.75,0,0,0,462.55,4793.6,0.0
M0146967,N,29,2,7732.77,1,2,1,1455.1,8837.93,1.02
M0146968,N,28,0,5459.33,0,0,0,2807.55,5679.89,1.86
M0146969,N,59,2,13877.42,0,2,0,3291.14,11403.75,0.94
M0146970,N,67,1,22676.03,0,0,1,3040.51,15070.09,1.57
M0146971,N,56,0,5000.36,0,0,1,1090.69,3013.76,0.44
M0146972,N,55,1,3824.57,0,0,1,945.62,3714.86,1.1
M0146973,N,21,2,37117.18,0,1,0,2399.41,29149.04,1.76
M0146974,N,18,0,13533.89,0,0,0,7795.43,10186.88,1.48
M0146975,N,78,1,12501.75,0,2,0,5191.97,8360.76,3.26
M0146976,N,69,2,13827.46,0,1,1,1168.11,10184.66,1.07
M0146977,N,21,2,9762.33,0,1,0,1887.11,8614.83,1.51
M0146978,N,68,1,11754.48,0,0,1,5518.31,10827.2,1.82
M0146979,N,72,1,13310.78,0,0,0,7232.81,7750.93,4.4
M0146980,N,52,2,9286.87,0,0,0,3748.62,9854.05,2.51
M0146981,N,52,2,28845.45,0,1,1,3613.06,18934.53,0.8
M0146982,N,61,1,2045.04,0,0,0,347.82,1689.65,0.68
M0146983,N,32,0,15094.57,0,0,0,1352.38,12145.88,1.81
M0146984,N,76,1,15509.47,0,0,1,1872.95,12720.06,1.57
M0146985,N,42,1,6693.35,0,0,0,2174.84,4971.44,0.0
M0146986,N,20,1,10411.51,0,0,0,2606.64,11168.46,0.8
M0146987,N,52,2,9939.65,0,1,1,3990.35,4179.48,0.71
M0146988,N,65,1,4337.97,0,0,0,2635.93,4612.5,1.73
M0146989,N,32,0,40209.43,0,1,2,23283.35,11130.49,1.7
M0146990,N,41,1,11573.12,0,1,0,4124.91,8629.24,0.74
M0146991,N,29,4,27957.73,0,0,1,4468.07,22922.7,3.45
M0146992,N,68,0,8401.92,0,0,0,475.79,8674.19,0.65
M0146993,Y,83,7,304122.82,4,3,3,136509.44,150977.75,5.42
M0146994,N,63,0,9689.03,0,2,0,3438.08,6116.04,0.0
M0146995,N,68,2,15738.46,0,0,0,6743.84,10218.37,2.2
M0146996,N,48,1,27245.95,1,0,1,3593.48,24684.19,0.48
M0146997,N,35,2,21233.36,0,1,0,11211.76,9771.64,1.3
M0146998,N,27,1,6810.37,1,1,1,1376.8,5228.08,0.25
M0146999,N,69,0,6885.37,0,0,0,3175.17,3581.15,1.19
M0147000,N,65,0,6228.88,0,1,0,3371.92,7593.75,0.58
M0147001,N,61,3,11139.17,0,2,0,7901.03,7719.54,2.06
M0147002,N,20,0,22173.16,0,0,0,8941.2,9933.95,2.05
M0147003,N,68,2,8004.69,0,1,0,3920.22,4997.37,1.27
M0147004,N,78,2,23157.92,0,0,0,2332.97,20872.33,1.54
M0147005,N,29,0,18209.3,0,1,1,4445.83,20004.21,1.73
M0147006,N,38,1,9876.76,0,0,1,2623.28,7060.01,1.43
M0147007,N,77,1,20101.72,0,0,1,3518.76,12934.49,0.24
M0147008,N,72,0,5160.83,0,1,0,1528.57,4095.33,0.0
M0147009,N,68,2,14073.77,0,2,1,4837.21,12907.83,0.6
M0147010,N,80,3,10599.74,0,2,0,1312.89,8952.88,0.0
M0147011,N,76,2,15245.41,0,0,0,1502.56,17409.63,0.89
M0147012,N,51,2,18941.98,0,0,0,14106.5,13626.1,1.39
M0147013,N,55,0,6267.32,0,1,0,3921.27,5302.66,1.96
M0147014,N,67,2,7161.49,0,0,0,3786.26,2168.13,0.0
M0147015,N,24,2,16093.47,1,0,0,5915.33,18451.92,0.89
M0147016,N,43,3,10381.77,0,0,0,2850.76,9110.17,0.48
M0147017,N,50,1,10868.21,0,0,0,857.86,10634.5,0.43
M0147018,N,65,0,20869.09,0,0,0,5465.46,10940.79,0.89
M0147019,N,18,1,46193.03,1,3,0,5002.46,36151.81,2.41
M0147020,N,36,0,7056.24,0,1,0,3493.13,7992.71,0.0
M0147021,N,64,1,5531.53,0,0,0,666.67,4257.27,1.56
M0147022,N,54,0,9372.68,0,0,0,1598.04,10136.28,2.53
M0147023,N,65,0,17439.1,0,0,0,4538.18,17112.24,0.87
M0147024,N,45,0,7087.96,0,0,1,2362.62,5494.78,1.02
M0147025,N,23,1,9240.25,0,1,0,3312.61,12074.07,1.75
M0147026,N,38,4,11510.52,0,0,0,2317.13,9963.5,1.53
M0147027,N,78,0,13698.29,0,0,0,2781.1,8555.51,0.89
M0147028,N,55,2,11816.19,0,0,1,6596.32,8375.52,0.7
M0147029,N,35,1,46228.01,1,0,0,5095.3,37761.63,0.84
M0147030,N,27,1,21685.99,2,0,0,4755.11,14069.81,0.65
M0147031,N,18,1,10754.27,0,0,1,2264.02,12453.3,1.3
M0147032,N,37,2,2291.89,0,0,0,1017.06,2921.51,0.81
M0147033,N,48,1,7288.69,2,0,0,1060.91,6010.11,1.72
M0147034,N,34,2,21334.43,1,0,0,11051.08,9202.51,0.95
M0147035,N,74,1,12737.25,0,3,0,3360.12,7251.23,0.47
M0147036,N,58,0,3061.47,0,0,0,284.56,3205.09,1.23
M0147037,N,29,2,4754.11,0,0,1,764.45,5347.51,1.46
M0147038,N,27,1,4023.86,0,0,0,3592.41,3328.44,0.94
M0147039,N,74,2,16531.95,0,1,0,12070.55,9866.89,2.19
M0147040,N,55,0,6078.23,0,0,0,3196.35,7426.77,1.92
M0147041,N,41,1,24808.49,1,0,0,5025.49,28529.02,0.07
M0147042,N,26,1,17060.36,0,0,0,3947.37,9603.8,0.44
M0147043,N,73,1,25578.12,1,0,0,19543.53,18954.86,0.46
M0147044,N,71,1,10463.1,1,0,0,1767.41,6929.27,0.0
M0147045,N,55,2,11772.44,0,2,1,7799.0,12043.41,0.97
M0147046,N,27,1,15036.43,0,1,0,5407.45,19579.99,2.29
M0147047,N,33,0,6466.72,0,1,0,876.07,5254.88,0.77
M0147048,N,37,1,4819.24,0,1,0,2602.45,3894.62,0.0
M0147049,N,76,3,9258.99,0,1,0,3423.3,7774.44,1.27
M0147050,N,74,2,11578.06,0,1,1,8016.1,2633.75,0.81
M0147051,N,34,0,35893.68,0,0,0,6579.57,33810.36,1.29
M0147052,N,52,0,21507.65,0,0,1,1098.55,16710.55,1.2
M0147053,N,63,0,5734.27,1,0,0,4974.35,4141.5,3.51
M0147054,N,80,2,22238.88,0,1,0,10407.82,14853.83,0.97
M0147055,N,56,0,8514.9,0,0,1,3633.46,8947.16,0.91
M0147056,N,54,0,8421.39,0,0,0,4494.11,3817.98,0.0
M0147057,N,21,2,28460.21,0,0,1,2185.22,33003.03,1.27
M0147058,N,19,0,6572.1,0,0,0,479.56,6602.85,0.25
M0147059,Y,77,4,112538.01,1,4,1,41586.36,95385.92,2.0
M0147060,N,61,1,14169.65,1,1,0,2166.69,9249.43,0.87
M0147061,N,35,2,12541.68,0,0,0,2569.14,8859.41,1.18
M0147062,Y,38,5,341720.0,5,5,3,62095.05,240517.85,8.37
M0147063,N,68,1,30609.87,0,1,0,4368.77,32644.11,0.95
M0147064,Y,50,8,274399.73,2,2,6,138365.88,158396.0,3.99
M0147065,N,80,0,2681.49,0,0,0,608.12,1683.2,0.0
M0147066,N,49,0,9656.32,0,0,0,1377.04,7386.65,0.25
M0147067,N,55,1,10979.43,0,1,0,10418.25,6582.49,1.96
M0147068,N,34,4,43706.69,1,2,1,4820.15,38379.4,2.56
M0147069,N,27,2,6579.05,0,0,2,1213.64,5808.52,0.19
M0147070,N,31,0,19845.96,0,1,0,719.11,30347.49,0.43
M0147071,N,36,1,3752.0,0,0,0,1819.54,1640.28,0.16
M0147072,N,80,4,20019.06,1,1,1,5286.61,18974.43,1.68
M0147073,N,35,1,8717.56,0,0,0,979.06,14164.39,1.22
M0147074,N,72,1,11960.67,0,2,0,4628.42,11197.68,2.06
M0147075,N,52,1,15366.0,0,0,0,3789.11,17318.5,1.08
M0147076,N,69,0,4602.41,0,0,0,1754.85,5153.67,0.49
M0147077,N,22,0,9676.71,0,0,0,3864.69,6886.68,0.72
M0147078,N,72,3,26554.2,0,2,0,7317.29,14451.59,2.44
M0147079,N,28,1,31277.39,0,1,0,3585.35,33746.82,2.97
M0147080,N,39,0,60893.83,0,0,0,15702.16,50772.38,0.97
M0147081,N,64,3,21440.82,0,1,2,3412.71,28480.49,2.4
M0147082,N,42,1,5318.4,1,0,0,3235.97,5420.35,2.31
M0147083,N,49,1,10114.43,0,1,0,1658.89,10503.29,0.78
M0147084,N,60,2,4690.52,0,0,0,1438.23,6766.43,1.36
M0147085,N,33,0,20034.43,0,0,0,654.95,16726.68,1.06
M0147086,N,57,2,69381.27,0,3,0,9571.73,47002.88,1.78
M0147087,N,75,0,15257.76,0,1,1,4909.35,11991.2,1.38
M0147088,N,58,1,11952.63,0,0,1,3565.07,16431.82,0.71
M0147089,N,26,2,52380.07,0,0,1,8435.98,42270.29,2.17
M0147090,N,61,1,11421.94,0,0,0,4075.46,6653.08,0.5
M0147091,Y,76,5,197956.89,3,1,4,76051.28,157285.69,5.7
M0147092,N,55,2,30267.69,1,2,0,21395.18,2507.95,2.66
M0147093,N,46,1,9425.6,0,0,0,12912.19,3532.76,1.32
M0147094,N,41,0,8579.56,0,2,1,4596.77,3428.72,0.11
M0147095,N,76,0,3772.42,0,0,0,1436.54,5064.15,1.97
M0147096,N,58,3,33814.18,0,2,1,10232.7,27178.09,0.9
M0147097,N,27,2,7152.87,1,0,1,1880.24,6774.17,0.0
M0147098,N,68,0,4129.94,0,1,1,506.45,3081.18,0.0
M0147099,N,66,2,28080.0,1,2,0,6820.7,24828.01,3.56
M0147100,N,24,0,4870.38,0,0,0,294.8,3830.19,0.0
M0147101,N,19,0,5656.54,0,0,0,952.13,5146.41,1.52
M0147102,N,23,1,18189.42,1,1,0,2564.62,24341.66,3.09
M0147103,N,68,0,3849.19,1,0,1,1779.38,3747.69,1.06
M0147104,N,29,0,5016.58,0,0,1,2646.65,3585.29,1.71
M0147105,N,22,2,7842.39,0,1,1,3960.86,3798.16,1.63
M0147106,N,74,2,25063.6,0,0,0,3629.39,20566.87,0.42
M0147107,N,79,1,16549.71,0,0,1,2818.63,15492.6,0.52
M0147108,N,79,2,4718.83,0,2,0,1522.68,5241.28,0.92
M0147109,N,46,1,6050.74,0,1,0,1832.66,5011.86,0.51
M0147110,N,46,0,9081.53,0,0,0,4574.43,6479.19,1.56
M0147111,N,73,0,28832.56,0,0,1,4167.0,21406.79,1.31
M0147112,N,69,0,16595.89,0,1,0,3749.05,14106.08,0.72
M0147113,N,47,1,5729.16,0,0,0,3402.89,4959.31,0.91
M0147114,N,39,1,4967.89,0,1,0,1613.25,5036.95,0.73
M0147115,N,33,1,9247.44,0,1,1,3180.45,5700.3,1.07
M0147116,N,80,1,5209.83,0,0,0,551.87,4364.68,1.8
M0147117,N,27,2,2591.0,0,0,0,1916.59,2666.86,0.53
M0147118,N,47,0,12486.62,1,1,0,853.6,14491.46,1.1
M0147119,N,64,0,10970.03,0,0,0,2280.54,8988.05,2.02
M0147120,N,54,0,8957.97,1,2,0,2116.59,4885.33,1.61
M0147121,N,35,1,18236.84,0,2,1,7401.65,21907.21,1.95
M0147122,N,63,0,6212.19,1,1,0,3701.06,5048.42,1.54
M0147123,N,40,1,7644.24,0,1,0,1606.71,5593.24,0.16
M0147124,N,28,0,29002.55,1,1,0,25068.74,11681.46,2.02
M0147125,N,79,0,5740.18,0,0,0,1212.45,8569.51,0.43
M0147126,N,51,2,5993.66,0,0,0,1407.07,8523.32,0.89
M0147127,N,66,0,2248.92,0,0,0,576.82,2909.28,1.36
M0147128,N,37,2,2613.64,0,2,1,2025.3,1891.68,0.44
M0147129,N,45,1,10576.64,2,0,0,12219.45,5740.4,0.52
M0147130,N,71,0,9227.05,2,0,0,4072.27,5357.17,0.26
M0147131,N,78,1,6127.25,0,0,0,1249.3,5283.95,0.68
M0147132,N,80,0,4615.96,0,0,0,839.28,3452.49,0.51
M0147133,N,49,2,7584.31,0,3,0,1968.71,9822.62,1.5
M0147134,N,22,1,21870.98,0,1,0,4933.51,20313.07,1.19
M0147135,N,20,2,19251.59,0,0,0,6135.98,12518.5,1.36
M0147136,Y,70,6,219687.52,4,4,6,121395.77,148255.78,6.5
M0147137,N,56,1,18060.48,1,2,0,3444.83,10903.89,1.51
M0147138,Y,48,5,331052.77,4,6,6,92558.78,317529.08,9.41
M0147139,N,29,1,14262.14,0,0,0,7330.55,5187.95,0.0
M0147140,N,67,1,11486.36,0,0,0,1435.86,8331.45,0.0
M0147141,N,61,0,16626.09,0,0,1,5891.91,10418.22,0.85
M0147142,N,30,0,2183.82,1,0,0,1540.74,2228.27,1.87
M0147143,N,42,3,20040.77,1,0,2,2252.13,14460.34,2.17
M0147144,N,29,1,5708.42,0,1,0,3142.41,5573.08,0.69
M0147145,N,40,1,6826.67,0,0,0,1255.51,4911.24,0.0
M0147146,N,23,1,29067.6,0,0,0,14553.12,9649.53,0.79
M0147147,N,54,1,9607.62,0,0,0,4491.43,5099.89,0.01
M0147148,N,56,0,8189.05,0,0,0,1970.0,5873.99,0.0
M0147149,N,20,0,2929.6,0,0,0,872.49,2146.88,1.15
M0147150,N,39,0,12559.99,1,0,0,949.65,12572.05,1.53
M0147151,N,30,0,13147.76,0,0,0,501.41,15413.55,2.61
M0147152,N,47,0,21155.49,0,0,0,1851.49,17950.07,0.0
M0147153,N,42,0,4281.65,0,0,0,653.48,4893.34,0.32
M0147154,N,64,1,15495.35,0,1,0,1347.11,15353.85,0.61
M0147155,N,37,1,24890.48,0,1,1,1161.12,22923.28,2.78
M0147156,N,51,2,6876.42,1,2,2,1332.16,6437.37,1.4
M0147157,N,65,1,5492.59,0,0,2,2237.0,6012.93,0.64
M0147158,N,73,2,29718.97,0,4,1,6281.14,19158.95,1.99
M0147159,N,35,0,1633.21,0,1,0,765.23,2100.87,0.94
M0147160,N,42,3,7010.62,1,0,0,1565.32,6397.86,1.41
M0147161,N,46,1,19667.49,1,1,1,5446.91,16735.04,2.3
M0147162,N,65,0,17641.24,0,1,0,6034.81,12685.87,0.77
M0147163,N,59,0,5802.03,0,1,0,1310.49,7974.69,0.7
M0147164,N,36,0,10470.08,0,1,1,2879.08,6924.97,0.74
M0147165,N,53,0,5601.28,1,2,0,3030.1,4347.06,0.0
M0147166,N,39,1,4187.17,0,0,0,1690.32,2912.1,1.31
M0147167,N,25,1,35942.93,0,2,1,7866.96,22915.31,1.46
M0147168,N,23,2,3907.75,0,0,0,823.6,2898.45,1.5
M0147169,Y,64,5,192971.73,1,1,3,88028.79,118995.79,2.98
M0147170,N,25,1,15156.27,0,0,0,3529.36,14060.62,2.22
M0147171,N,23,1,13545.01,0,1,0,6000.37,5143.67,0.21
M0147172,N,78,1,18212.23,0,0,0,4793.57,9636.27,0.95
M0147173,N,61,0,80036.84,0,0,0,4161.18,60920.39,2.15
M0147174,N,19,0,5770.76,0,1,1,2500.44,2195.52,0.97
M0147175,N,57,1,5331.74,0,0,1,140.37,4447.24,1.26
M0147176,N,61,1,3166.62,0,0,0,429.29,3478.12,0.69
M0147177,N,42,3,12038.38,1,0,0,7859.79,6570.06,2.21
M0147178,N,35,1,94213.09,0,1,1,4809.73,101451.65,1.65
M0147179,N,24,2,11174.59,0,1,1,5067.4,8395.55,0.11
M0147180,N,19,1,11833.22,0,1,0,4323.32,5462.52,0.0
M0147181,N,41,0,12944.15,0,1,0,2002.79,9776.22,1.26
M0147182,N,51,2,6839.4,1,1,0,2733.78,7514.59,1.1
M0147183,N,31,0,22011.24,0,2,0,2046.41,21991.79,1.54
M0147184,N,47,1,30256.81,1,0,0,2083.45,29106.53,1.47
M0147185,N,27,1,7565.36,0,1,2,5214.81,5211.52,1.87
M0147186,N,51,2,15713.14,0,0,0,3601.23,11414.14,1.08
M0147187,Y,74,3,225221.51,3,2,3,58263.57,145371.12,4.5
M0147188,N,60,1,23227.72,0,0,1,2697.27,25867.98,0.84
M0147189,N,46,2,9293.32,0,0,0,4608.46,7927.58,1.86
M0147190,N,36,0,4350.29,0,1,0,1142.59,5369.59,1.88
M0147191,Y,58,5,245380.23,1,2,4,61913.61,223941.45,5.69
M0147192,N,30,1,10834.41,0,1,1,6354.54,7102.53,0.9
M0147193,N,60,0,9709.65,0,1,0,1931.81,14390.55,1.35
M0147194,N,59,2,20930.67,0,4,1,12798.07,6085.31,1.38
M0147195,N,42,0,14444.19,0,0,0,4564.89,11244.37,1.56
M0147196,N,74,2,12106.55,1,0,0,4945.09,12470.97,1.99
M0147197,N,45,0,2865.48,0,0,0,209.74,3775.53,0.99
M0147198,N,67,1,5286.57,0,0,0,356.96,3916.21,0.0
M0147199,N,32,2,7625.92,0,0,0,858.64,12809.42,0.0
M0147200,N,23,0,3257.53,0,2,0,2445.39,2063.94,1.41
M0147201,N,25,0,9890.69,0,0,0,1807.59,11196.87,0.0
M0147202,Y,60,5,295108.92,3,1,2,116198.81,161166.25,5.87
M0147203,N,21,1,10119.37,0,0,0,9201.51,4350.07,2.37
M0147204,N,41,2,18180.06,0,0,0,7095.01,19258.37,2.35
M0147205,N,60,2,10284.14,0,1,0,1739.13,8805.53,1.21
M0147206,N,22,1,6388.19,0,1,0,1607.06,4900.73,0.0
M0147207,N,72,1,11346.58,0,0,0,4772.36,15125.12,1.26
M0147208,N,61,0,13793.3,0,0,0,3535.79,10409.31,0.0
M0147209,N,26,4,14518.56,0,1,0,10367.36,8130.65,1.85
M0147210,N,47,1,15711.55,1,0,0,1810.01,12551.3,1.91
M0147211,N,52,1,10723.42,0,2,0,4529.33,8830.5,0.0
M0147212,N,43,1,17705.64,0,0,0,2953.3,18311.65,0.72
M0147213,N,30,0,10407.12,0,0,0,3474.35,7286.6,1.67
M0147214,N,43,1,2860.03,0,0,0,2266.65,2250.51,0.0
M0147215,N,48,0,7884.28,0,0,0,1345.43,5983.74,0.0
M0147216,N,33,3,12289.42,1,0,0,3521.34,8560.42,1.62
M0147217,Y,36,8,93184.74,1,3,6,48371.87,73754.44,5.14
M0147218,N,18,2,47532.09,0,2,0,9127.15,34387.47,2.24
M0147219,N,74,2,15240.2,0,0,0,9817.23,12945.69,0.61
M0147220,N,25,0,12661.93,0,0,0,8266.64,5111.56,1.67
M0147221,N,55,0,3656.14,0,0,0,2826.82,3221.95,1.23
M0147222,N,25,1,25343.08,0,0,0,7101.78,14279.95,1.6
M0147223,N,75,2,8520.93,0,0,0,1822.53,6361.38,0.94
M0147224,N,68,0,25035.48,0,1,0,4326.6,15716.42,1.44
M0147225,N,44,2,16600.29,0,0,1,13446.48,5030.62,1.36
M0147226,N,39,1,17111.04,0,0,1,2479.68,14063.22,0.44
M0147227,N,20,0,51605.06,0,2,3,31960.46,8904.55,2.69
M0147228,Y,50,3,128828.79,5,2,3,45881.34,109964.6,2.85
M0147229,N,71,0,15738.83,0,0,0,2709.04,11875.6,1.01
M0147230,N,18,0,6678.74,0,0,0,1272.61,4623.31,1.26
M0147231,N,23,1,5488.7,1,1,0,1218.12,4627.91,1.9
M0147232,N,69,1,10456.5,0,2,1,9892.86,7588.04,2.78
M0147233,N,31,2,13922.16,0,0,0,4130.17,9711.32,0.0
M0147234,N,29,0,3870.06,0,0,0,1566.34,4720.46,0.1
M0147235,N,32,3,16435.15,0,3,0,1632.9,18338.12,2.88
M0147236,N,54,0,14299.52,0,0,1,1781.42,16690.08,0.48
M0147237,N,18,1,11658.85,1,3,0,3743.22,10064.95,1.37
M0147238,N,56,2,6784.87,1,0,1,2022.17,10307.55,0.6
M0147239,N,20,0,7814.09,0,2,0,1184.8,5234.61,0.58
M0147240,N,54,0,32733.76,0,2,0,3464.69,23766.3,0.44
M0147241,N,41,0,8938.26,0,0,0,1594.65,12655.9,0.0
M0147242,N,21,0,10517.83,0,0,0,1378.84,10419.09,1.34
M0147243,N,67,0,4943.87,0,0,0,1145.91,7685.24,2.11
M0147244,N,46,1,3994.87,1,1,1,712.98,3752.34,1.43
M0147245,N,39,2,7893.37,1,2,1,2755.52,8626.88,0.0
M0147246,N,65,2,17646.57,0,2,0,1841.63,17798.93,1.99
M0147247,N,33,2,14681.37,0,2,0,1027.66,25508.23,1.8
M0147248,N,42,2,10955.43,0,0,0,4020.4,9897.4,1.46
M0147249,N,62,0,5991.75,0,0,0,1941.67,3978.15,0.18
M0147250,N,35,0,10741.43,0,0,0,2199.49,9757.99,0.66
M0147251,N,71,0,5190.9,0,0,0,2058.35,3418.19,0.89
M0147252,N,59,2,7706.47,1,0,0,2667.11,6896.78,0.0
M0147253,N,66,3,15364.37,0,1,2,1793.09,16014.41,2.68
M0147254,N,45,1,10334.92,0,0,0,3516.19,7201.65,0.59
M0147255,N,28,1,11920.13,0,3,2,5008.98,5707.74,2.29
M0147256,N,52,0,8119.98,0,0,0,853.33,6238.4,1.62
M0147257,N,26,0,5604.0,0,0,0,1628.09,3101.54,1.64
M0147258,N,54,0,8643.0,0,1,0,3216.53,10050.32,0.08
M0147259,N,43,2,10523.91,0,1,0,1751.14,6734.89,0.53
M0147260,N,56,0,5391.59,1,0,0,510.55,4914.26,1.74
M0147261,N,59,0,2845.64,0,0,0,666.49,4052.73,1.3
M0147262,N,21,2,28094.4,0,1,0,5407.85,22272.65,0.73
M0147263,N,56,1,3542.48,0,0,0,1499.31,4465.99,0.69
M0147264,N,51,0,9656.49,0,1,0,2075.1,8340.58,0.68
M0147265,N,36,1,8963.45,0,0,0,5029.86,7916.94,0.07
M0147266,N,74,0,8794.42,1,0,0,3875.42,10803.2,0.83
M0147267,N,36,1,11049.5,1,1,0,3913.99,5098.97,1.65
M0147268,N,21,0,9201.56,0,0,0,3672.32,8551.49,0.42
M0147269,N,33,0,27217.98,0,0,1,2736.64,24644.9,0.76
M0147270,N,66,0,3954.33,0,1,0,475.5,4672.54,0.29
M0147271,N,47,0,4712.11,0,0,0,2125.91,2110.15,0.0
M0147272,N,57,0,15328.83,0,1,0,8324.22,8814.06,1.59
M0147273,N,74,2,3771.93,0,0,0,1225.58,3148.58,0.72
M0147274,N,27,3,29240.99,1,0,0,17969.0,34945.32,1.14
M0147275,N,45,0,3149.08,0,1,1,1450.46,3413.72,0.44
M0147276,N,26,0,13380.92,1,1,0,6661.71,7862.35,0.62
M0147277,N,28,0,27303.74,0,2,0,16162.68,7376.47,1.26
M0147278,N,60,0,5775.53,0,2,0,2964.17,6667.7,0.61
M0147279,N,41,0,4201.32,0,1,0,2470.14,3092.58,0.17
M0147280,N,32,1,13354.84,0,0,0,8883.43,2189.34,0.24
M0147281,N,22,0,12547.14,1,0,0,11362.74,11267.45,1.62
M0147282,N,68,0,15115.67,1,0,0,8187.78,6275.25,1.83
M0147283,N,67,2,10718.54,0,2,1,3529.48,7158.23,1.46
M0147284,N,66,0,11278.34,0,2,0,6188.16,13977.51,1.29
M0147285,N,72,0,8381.88,0,2,0,455.45,9195.54,0.78
M0147286,N,48,1,22522.92,0,0,1,2739.81,22291.32,1.0
M0147287,N,50,3,29338.97,0,2,1,8355.19,21831.47,0.9
M0147288,N,63,2,9520.91,0,2,2,5008.89,8197.65,0.6
M0147289,N,36,0,6666.39,1,0,0,1663.91,5066.8,0.0
M0147290,N,46,0,5115.24,0,0,0,3440.06,3378.06,0.6
M0147291,N,79,1,7226.48,0,1,0,5000.4,6612.87,2.26
M0147292,N,77,2,19401.62,1,1,0,4548.44,21120.21,0.99
M0147293,N,62,0,30983.32,0,0,0,1117.85,35572.09,0.13
M0147294,Y,40,5,177851.21,3,3,1,107722.82,114557.4,3.83
M0147295,N,27,0,10387.66,0,0,0,3029.35,13040.87,0.66
M0147296,N,35,1,8238.17,0,1,0,2857.92,5380.82,2.77
M0147297,N,40,2,26436.24,1,2,0,8267.35,38190.9,1.44
M0147298,N,78,0,14475.05,0,1,0,10490.55,1251.97,1.12
M0147299,N,50,1,2310.21,1,1,0,847.02,1700.38,1.48
M0147300,N,69,0,14660.58,0,0,0,9666.75,10468.58,1.23
M0147301,N,21,0,6033.29,0,1,1,793.98,5978.06,2.57
M0147302,N,23,0,14616.61,0,1,0,4624.87,10155.37,1.74
M0147303,N,75,1,7030.11,0,0,0,1098.69,9586.85,1.92
M0147304,N,25,1,5212.67,0,0,0,1198.84,2893.38,1.33
M0147305,N,57,0,7815.88,0,0,0,3368.42,4767.85,0.18
M0147306,N,22,1,6869.29,0,1,0,2204.32,5279.91,1.83
M0147307,Y,75,4,216422.92,5,10,3,49970.39,232075.61,6.92
M0147308,N,65,0,6841.08,0,1,1,3294.99,6031.39,2.8
M0147309,N,65,1,6104.93,0,1,0,1667.33,3474.57,1.05
M0147310,N,38,0,6842.19,0,0,0,3893.44,7043.2,1.74
M0147311,N,28,0,17560.55,1,2,2,2685.43,14927.28,1.02
M0147312,N,45,3,12318.78,0,1,2,4969.49,15623.44,1.72
M0147313,N,74,2,20273.98,0,0,1,10041.02,6529.0,0.63
M0147314,N,58,0,9590.51,0,1,0,3448.85,9565.1,0.48
M0147315,N,19,2,12679.5,0,0,0,5278.47,9978.78,1.64
M0147316,N,52,1,17319.81,0,1,2,3466.84,15988.38,0.6
M0147317,N,32,1,8127.98,0,2,0,4018.09,3309.62,0.0
M0147318,N,66,1,8761.48,0,0,0,2336.74,6786.74,0.0
M0147319,N,69,2,11757.3,0,0,0,3235.79,6384.52,0.34
M0147320,N,41,0,2062.16,0,0,0,1361.58,1474.21,1.02
M0147321,N,46,1,36345.1,0,0,0,12686.63,21886.36,2.96
M0147322,N,30,0,11029.26,0,1,0,1770.18,8496.05,2.41
M0147323,N,72,2,21384.77,0,0,1,4201.98,28199.59,2.0
M0147324,N,72,0,9947.43,0,0,1,5079.86,12659.97,1.86
M0147325,N,46,1,9059.5,0,1,2,2880.96,7039.58,1.1
M0147326,N,41,1,5042.36,1,0,0,3765.07,3943.5,0.28
M0147327,N,51,0,5638.79,0,0,0,5568.4,4499.51,1.25
M0147328,N,19,3,9892.9,0,0,0,8958.18,6766.29,0.07
M0147329,N,73,2,22527.93,0,1,0,13745.92,5046.28,1.04
M0147330,N,57,0,3984.77,1,0,0,934.97,3703.34,0.6
M0147331,N,34,2,18945.11,0,1,0,11217.94,7463.43,0.15
M0147332,N,42,0,6536.96,0,2,1,1806.2,4543.38,1.95
M0147333,N,71,1,10592.76,0,0,0,2061.72,16243.16,1.3
M0147334,N,64,0,16027.51,0,0,0,869.51,11859.14,1.91
M0147335,N,30,1,5156.35,0,0,0,1369.27,5343.16,1.7
M0147336,N,74,3,3033.34,0,0,0,1340.73,2863.01,2.63
M0147337,N,28,0,18879.83,0,0,1,2780.02,15953.85,1.08
M0147338,N,53,0,8530.8,0,0,1,2437.23,7255.35,0.21
M0147339,N,24,1,6819.72,0,3,0,1881.37,7083.95,0.0
M0147340,N,39,0,4776.77,1,0,0,2024.71,5467.36,0.22
M0147341,N,23,0,7041.13,0,0,0,1853.96,3953.94,0.68
M0147342,N,75,1,10035.56,0,2,1,6233.35,3334.12,0.6
M0147343,N,78,2,42911.65,0,1,1,10986.54,29520.47,3.07
M0147344,Y,46,4,141467.02,1,4,2,70442.53,56371.98,2.0
M0147345,N,62,2,26343.61,0,0,1,3953.01,18443.13,1.1
M0147346,N,58,2,12231.88,0,0,0,5313.67,4374.72,2.67
M0147347,N,18,2,13823.53,0,1,0,5444.14,11934.98,0.73
M0147348,Y,47,6,228782.89,1,5,3,102404.96,108838.9,2.59
M0147349,N,44,2,13610.83,0,0,1,4632.56,6337.64,2.11
M0147350,N,39,0,1743.63,0,0,0,489.17,1516.23,0.65
M0147351,N,61,1,5763.7,0,1,0,2037.59,6588.4,1.25
M0147352,N,78,1,6127.88,1,0,0,2398.88,7415.5,2.3
M0147353,N,30,1,7517.85,0,1,0,1323.36,6873.54,0.29
M0147354,N,30,1,6845.32,0,0,0,3760.47,4656.51,0.16
M0147355,N,23,0,9076.6,1,1,0,4231.54,8050.09,2.66
M0147356,N,33,0,4679.82,2,0,0,794.94,4680.05,1.31
M0147357,N,31,3,17436.75,0,0,0,3928.61,15708.26,1.49
M0147358,N,54,0,3735.78,0,1,0,907.45,3350.22,1.06
M0147359,N,21,0,4826.09,1,3,0,436.48,5255.09,0.35
M0147360,N,70,0,4854.83,0,0,0,840.6,4487.54,0.75
M0147361,N,72,0,18088.78,1,1,0,8661.95,9145.0,1.78
M0147362,N,62,3,19441.7,1,2,2,16662.98,14336.62,1.84
M0147363,N,48,0,3773.67,0,0,0,416.86,2741.32,0.0
M0147364,N,39,0,14635.09,0,0,0,9375.04,5884.1,0.89
M0147365,N,30,2,15985.73,1,0,0,2950.47,10413.41,2.0
M0147366,N,45,0,8684.59,0,0,0,2768.22,4812.18,0.0
M0147367,N,80,0,4627.74,0,0,1,5111.27,2641.19,0.95
M0147368,N,70,2,12274.65,0,1,0,2655.86,9239.0,1.07
M0147369,N,30,1,13506.77,1,0,1,6559.35,8266.33,1.7
M0147370,N,20,2,4144.7,0,1,0,1465.38,4271.58,0.81
M0147371,N,20,1,12420.09,0,0,0,1162.11,8836.61,1.96
M0147372,N,64,1,7998.65,0,0,0,1260.42,6349.84,0.47
M0147373,N,21,0,5816.59,0,0,2,1708.89,7398.98,0.49
M0147374,N,36,2,29506.72,0,0,0,2968.43,21496.92,1.41
M0147375,N,44,3,23805.28,0,0,1,1338.91,22886.87,2.1
M0147376,N,29,0,6726.9,0,0,0,1847.2,5227.65,0.83
M0147377,N,59,0,10760.51,1,0,0,2320.21,10443.26,1.04
M0147378,N,62,2,1696.28,0,1,0,2143.69,892.99,0.0
M0147379,N,79,1,4174.31,1,0,0,986.71,4378.64,1.05
M0147380,N,39,1,20296.66,0,1,1,4083.59,27278.23,2.78
M0147381,N,46,0,3691.88,0,0,0,1020.93,3016.22,0.0
M0147382,N,56,2,21292.16,1,1,0,2192.38,15885.93,2.63
M0147383,N,25,2,20641.35,0,0,0,7753.44,25179.06,3.04
M0147384,N,19,1,22688.06,0,2,0,3667.65,16764.09,1.27
M0147385,N,49,2,21704.55,0,2,0,2316.28,17350.61,3.28
M0147386,N,64,0,4871.63,0,0,1,960.26,3927.11,1.46
M0147387,N,45,1,8619.86,0,1,0,2297.07,10522.21,0.0
M0147388,N,78,1,21147.48,0,1,0,7560.33,15966.69,1.31
M0147389,N,59,0,5916.68,0,0,0,3184.78,5115.73,0.29
M0147390,N,51,3,17046.96,1,1,0,9066.97,11600.42,1.52
M0147391,N,47,1,16167.86,0,0,0,4448.55,10411.81,1.26
M0147392,N,76,0,4535.1,0,0,0,1849.67,3110.94,0.12
M0147393,N,72,1,6186.18,1,0,1,714.11,6770.45,0.0
M0147394,N,32,3,46499.96,2,1,0,16109.41,30839.9,1.78
M0147395,N,75,1,19209.67,2,0,2,3433.73,16186.72,2.36
M0147396,N,70,0,9178.35,1,0,0,1912.65,7510.32,2.47
M0147397,N,33,3,26121.98,1,1,0,7240.9,18315.32,2.44
M0147398,Y,67,6,279606.56,2,4,3,105890.39,131717.74,4.06
M0147399,N,24,2,11316.72,1,2,1,3218.32,9308.63,2.4
M0147400,N,40,1,6426.87,0,0,0,2304.16,3456.11,0.84
M0147401,N,49,0,4726.92,0,0,0,1141.32,3588.51,0.0
M0147402,N,35,3,36935.32,0,3,1,6574.9,32982.52,2.35
M0147403,N,30,1,24305.2,0,0,1,3360.8,17384.85,1.22
M0147404,N,45,2,55835.35,1,1,1,9847.42,41722.44,0.91
M0147405,N,68,0,10959.89,1,1,1,4597.36,5857.33,1.23
M0147406,N,59,2,2826.74,0,0,0,1567.57,2153.11,2.25
M0147407,N,64,0,5138.9,0,0,0,3120.76,3761.32,0.92
M0147408,N,23,0,6042.25,0,1,0,1233.77,3507.63,1.94
M0147409,N,26,1,7444.83,0,2,0,3523.45,3661.76,1.14
M0147410,N,66,2,24468.34,0,0,1,4152.38,15747.0,2.12
M0147411,N,53,3,96541.57,2,1,1,13550.6,68048.36,1.34
M0147412,N,32,2,41051.48,1,1,1,5971.36,28604.52,0.0
M0147413,N,37,0,8908.32,0,0,0,6789.15,6561.12,2.38
M0147414,N,66,2,10518.99,0,1,0,2726.21,10031.33,2.38
M0147415,N,49,2,13382.15,1,1,0,6361.26,12688.9,2.32
M0147416,N,78,3,36905.22,1,0,1,9218.27,23461.82,2.08
M0147417,N,32,2,3962.45,1,0,0,1987.1,4496.05,1.94
M0147418,N,67,1,42299.88,1,3,0,10222.89,24797.29,2.1
M0147419,N,56,1,10448.17,0,0,0,6094.56,6507.88,0.39
M0147420,N,80,0,22684.8,0,1,0,2437.31,20154.61,1.69
M0147421,N,53,0,14600.16,1,1,1,9201.01,9076.54,1.81
M0147422,N,79,1,2894.74,0,2,0,1109.8,3105.92,0.72
M0147423,N,21,1,9649.47,0,1,0,5792.03,10631.16,0.65
M0147424,N,37,1,13326.02,0,0,0,1829.12,9262.74,1.51
M0147425,N,61,0,8011.84,0,0,0,3968.34,7742.7,1.36
M0147426,N,74,0,10557.01,0,1,0,6545.69,8269.21,1.99
M0147427,N,60,2,8745.08,0,0,0,3001.93,8156.39,1.51
M0147428,N,64,0,6153.26,0,0,1,482.84,8620.97,0.89
M0147429,N,59,1,22618.8,0,0,0,5979.96,19331.69,0.59
M0147430,N,27,4,11378.94,0,2,0,5559.54,3799.46,2.14
M0147431,N,74,0,19415.23,0,1,0,11060.75,6614.71,0.66
M0147432,N,53,1,14932.06,0,0,2,5615.0,10678.92,1.9
M0147433,N,79,0,13930.76,1,0,0,1406.17,11634.25,1.76
M0147434,N,61,0,9856.56,0,0,0,8350.38,7044.63,0.68
M0147435,N,78,1,12511.52,0,1,0,5009.54,14314.87,2.16
M0147436,N,31,1,8406.1,0,0,0,6103.8,3717.81,2.17
M0147437,N,51,0,7546.17,0,0,0,6040.93,4321.39,0.6
M0147438,N,78,2,10637.62,0,1,1,1541.21,7353.7,1.38
M0147439,Y,51,5,154815.41,3,3,3,57839.84,125483.94,4.15
M0147440,N,19,0,7224.86,0,1,0,1666.17,4596.93,0.49
M0147441,N,76,3,3989.89,0,0,0,1828.56,2313.35,0.68
M0147442,N,66,0,8524.91,1,0,0,2973.01,7800.55,1.28
M0147443,N,58,1,15169.95,0,1,0,5269.63,13716.28,3.32
M0147444,N,34,1,9143.03,0,2,1,1160.13,14168.88,0.0
M0147445,N,27,0,17863.51,0,0,1,3045.34,12999.18,1.05
M0147446,N,56,1,17147.47,0,1,0,4053.45,10783.31,2.28
M0147447,N,80,1,12763.34,0,0,0,2234.59,10629.8,1.43
M0147448,N,58,2,10214.82,0,0,1,6343.67,7993.59,1.92
M0147449,N,79,0,10320.52,0,2,1,1441.13,14292.33,0.4
M0147450,N,43,0,18487.92,0,0,0,2422.46,17786.32,0.94
M0147451,N,72,1,11274.54,1,1,0,6298.96,6218.04,1.53
M0147452,N,55,1,14132.81,0,0,0,9336.73,2160.02,1.19
M0147453,N,57,0,6703.97,1,0,2,837.45,6161.38,0.16
M0147454,N,77,1,26775.57,0,1,0,15280.78,7489.42,3.03
M0147455,N,31,0,5732.48,1,0,0,636.62,3861.69,0.0
M0147456,N,26,0,9453.75,1,1,0,5253.31,10890.67,1.58
M0147457,N,26,0,9576.07,0,0,0,2275.74,6025.9,1.94
M0147458,N,34,1,18181.01,0,0,0,1605.34,13311.6,0.62
M0147459,N,71,1,5805.61,0,1,1,852.56,4981.62,0.58
M0147460,N,63,1,11690.59,0,1,0,2932.04,7457.3,1.48
M0147461,N,38,1,8871.72,0,0,0,2597.18,7041.53,1.67
M0147462,N,33,2,20372.87,0,1,0,3006.2,14346.72,0.13
M0147463,N,37,1,4789.3,1,1,0,1125.14,4907.91,0.0
M0147464,N,76,1,4615.58,0,0,0,1530.96,4934.95,0.0
M0147465,Y,79,3,136434.62,1,6,2,59276.56,117540.55,5.6
M0147466,N,72,0,12068.54,0,0,0,4460.61,5510.37,0.0
M0147467,N,18,0,17799.09,0,0,0,1014.95,13665.54,0.42
M0147468,N,33,1,12858.79,0,0,0,6072.64,7981.61,0.0
M0147469,N,80,0,6976.88,1,0,2,1442.43,6230.0,1.86
M0147470,N,18,3,27404.42,0,2,0,7771.11,31354.01,0.99
M0147471,N,49,0,7940.2,0,0,0,1542.28,8414.76,0.99
M0147472,N,36,0,1726.93,0,0,0,437.45,1727.02,1.77
M0147473,N,76,0,9660.79,0,0,1,704.52,7113.12,0.79
M0147474,N,27,0,5971.07,0,0,0,735.11,4179.75,0.0
M0147475,N,51,1,14485.59,1,1,0,2554.25,9006.33,2.78
M0147476,N,75,1,24451.74,0,2,1,1761.53,24387.47,1.14
M0147477,N,60,0,2361.49,0,0,0,635.97,2953.09,0.0
M0147478,N,30,1,6013.29,0,1,0,4157.12,3947.44,3.01
M0147479,N,28,0,11247.91,0,2,0,4062.18,8826.31,2.65
M0147480,N,47,0,3404.21,1,1,2,921.49,4013.15,0.67
M0147481,N,53,2,14402.02,1,0,0,4333.92,11946.03,0.04
M0147482,N,58,1,19667.79,0,0,0,1226.82,19902.73,0.95
M0147483,N,70,1,7293.54,1,2,1,1946.53,4109.97,0.2
M0147484,N,48,1,11444.83,0,0,0,4188.85,6662.56,0.93
M0147485,N,73,1,4621.53,0,0,0,1967.02,4972.38,0.0
M0147486,N,49,0,2539.47,0,0,0,1260.6,3189.35,0.58
M0147487,N,76,1,17350.27,0,1,1,7387.92,8588.46,0.49
M0147488,N,50,1,3309.56,1,2,1,1962.36,3547.87,0.96
M0147489,N,62,0,14146.82,0,0,0,4159.27,8943.86,2.46
M0147490,N,42,1,9186.08,0,1,2,6740.07,2508.77,1.41
M0147491,N,55,0,5793.68,0,1,0,2797.4,2393.09,0.0
M0147492,N,34,1,17988.71,1,0,0,6204.27,11725.99,2.4
M0147493,N,51,0,6072.56,0,1,0,2432.0,4119.39,0.32
M0147494,N,43,0,9372.98,0,1,0,2544.58,6208.72,1.37
M0147495,N,78,1,39748.78,0,0,0,9754.42,27656.92,1.61
M0147496,N,23,0,6022.93,0,1,0,1274.58,4521.68,0.0
M0147497,Y,64,5,315863.9,4,4,6,145391.38,163403.83,6.47
M0147498,N,72,0,12426.58,0,0,0,5502.69,8191.88,1.7
M0147499,N,80,0,8591.32,0,1,1,2632.41,4953.87,2.59
M0147500,N,58,2,12282.82,1,1,0,4180.93,17956.14,1.43
M0147501,N,52,1,6101.29,0,0,0,1148.81,5803.28,0.82
M0147502,N,22,1,3234.16,0,0,0,1305.09,2173.34,0.0
M0147503,N,68,0,3631.54,0,1,1,1677.54,2344.97,0.0
M0147504,N,53,0,5335.9,0,1,0,919.1,6890.99,2.04
M0147505,N,44,2,15539.15,0,2,0,2132.17,24601.82,0.28
M0147506,N,71,2,19439.83,0,0,0,2807.84,13591.0,1.6
M0147507,N,38,0,6785.04,0,0,0,835.44,6831.13,1.63
M0147508,N,65,2,17231.59,0,0,1,4426.72,14542.15,1.41
M0147509,N,52,0,7404.98,0,0,0,2733.67,7102.43,0.0
M0147510,N,77,2,52555.07,1,1,0,7065.55,36635.65,2.68
M0147511,N,68,0,13744.08,0,0,0,4206.13,7541.79,2.4
M0147512,N,45,1,28989.38,1,2,0,2932.67,20012.66,2.27
M0147513,N,28,2,22279.1,0,0,0,3160.32,14761.39,0.99
M0147514,N,35,1,17518.57,0,0,0,1297.14,13168.45,1.49
M0147515,N,36,2,18031.12,0,1,1,5090.82,12554.69,1.02
M0147516,N,67,0,5420.49,0,0,0,3183.96,5258.76,1.46
M0147517,N,20,0,7028.48,0,0,0,789.78,7760.39,1.63
M0147518,N,53,1,4709.76,2,0,0,1294.66,5233.76,0.21
M0147519,Y,43,5,234918.81,2,4,1,60328.01,198189.6,4.22
M0147520,N,48,1,16009.15,0,3,0,2834.42,16022.89,1.29
M0147521,N,65,1,1878.65,0,0,0,541.78,1956.42,1.08
M0147522,N,44,0,9501.15,1,0,0,3182.48,11325.18,0.74
M0147523,N,24,1,21327.11,1,0,0,2604.47,16091.81,0.67
M0147524,N,69,3,14154.79,1,2,0,3045.85,10371.75,2.33
M0147525,N,45,0,5894.52,0,1,0,1386.33,7365.09,0.0
M0147526,N,37,1,22750.61,0,1,0,7715.7,26883.38,1.79
M0147527,Y,75,5,195110.09,5,2,2,53300.53,166310.78,4.62
M0147528,N,21,1,5354.74,0,1,2,3176.22,3748.68,0.77
M0147529,N,58,1,7212.7,0,2,0,1516.24,9302.49,1.71
M0147530,N,80,2,15552.14,0,1,0,3981.39,8816.55,0.97
M0147531,N,43,3,6821.33,0,0,0,1333.0,4472.62,2.42
M0147532,N,49,3,13245.62,0,1,0,2190.16,8250.1,2.65
M0147533,N,68,1,12576.91,0,1,1,2570.22,16629.19,0.05
M0147534,N,40,1,12887.36,0,0,1,1351.87,19654.29,0.2
M0147535,N,43,1,8688.75,0,0,0,1969.39,9454.51,1.41
M0147536,N,67,0,7550.97,0,0,2,3089.84,10285.04,0.0
M0147537,N,31,0,16260.29,0,1,0,11183.32,7938.79,2.19
M0147538,N,18,0,4735.62,0,1,0,1225.49,3393.02,0.0
M0147539,N,75,0,14721.02,1,1,0,3153.56,18386.87,1.8
M0147540,N,25,2,5392.0,0,1,0,1807.4,2542.01,0.31
M0147541,N,36,1,9124.32,1,0,0,3213.47,6976.6,2.16
M0147542,N,57,3,6269.1,0,0,0,2997.76,6485.2,1.58
M0147543,N,68,1,27313.56,0,0,0,1774.38,23968.92,1.31
M0147544,N,45,0,16171.96,0,0,0,2469.71,12099.27,0.68
M0147545,N,46,1,27606.12,1,0,1,4697.37,18512.39,1.28
M0147546,N,63,0,57768.56,0,1,1,4926.23,55771.42,1.75
M0147547,N,57,1,15616.54,0,0,0,2029.03,16356.86,3.21
M0147548,N,36,0,4967.43,0,1,0,1141.15,3481.6,0.45
M0147549,N,54,1,9091.74,1,0,0,5340.44,7493.85,1.43
M0147550,N,48,0,9678.53,0,0,0,615.41,7530.32,0.84
M0147551,N,38,0,13072.1,0,1,0,12239.23,6256.1,0.56
M0147552,N,63,2,30836.23,0,0,1,7756.22,20478.14,2.45
M0147553,N,51,1,17862.11,1,0,0,4257.07,11004.08,1.01
M0147554,N,20,1,12244.84,0,0,0,2224.03,19292.14,2.07
M0147555,N,53,0,8409.79,0,0,1,2610.64,5189.96,1.02
M0147556,N,22,0,12695.94,0,0,0,462.74,9787.05,1.05
M0147557,N,67,1,20696.04,0,1,0,7721.64,9746.93,1.79
M0147558,N,48,1,3463.39,0,0,0,1038.26,2584.44,2.95
M0147559,Y,85,6,180619.71,3,4,4,94492.78,150393.38,4.83
M0147560,N,21,0,7283.41,1,0,1,1436.2,5159.81,0.35
M0147561,N,25,1,18643.02,0,2,0,1493.4,14754.07,1.01
M0147562,N,69,0,13598.07,0,1,0,8086.42,10964.49,0.58
M0147563,N,60,0,12915.91,0,1,1,4964.95,8065.17,2.08
M0147564,N,23,3,24266.04,1,0,2,4822.42,25852.07,1.83
M0147565,N,77,1,24551.33,0,1,1,4294.2,19217.49,2.02
M0147566,Y,58,9,304366.16,4,4,2,101563.08,164449.43,5.16
M0147567,N,20,1,10984.94,0,2,1,1875.83,15807.26,1.15
M0147568,N,77,1,16097.28,0,1,0,4527.02,8171.1,1.33
M0147569,N,80,1,3197.57,0,0,1,1258.94,2704.92,1.28
M0147570,N,54,0,22730.34,0,1,0,3505.08,16798.57,0.38
M0147571,N,29,3,10411.78,0,0,0,8676.52,3389.55,1.87
M0147572,N,45,0,6398.01,0,3,0,1098.9,6251.49,0.0
M0147573,N,71,3,9941.23,0,0,0,2793.88,6286.64,1.01
M0147574,N,56,2,15878.67,0,1,1,7502.41,8534.13,2.81
M0147575,N,19,2,31761.53,0,2,1,2625.52,22328.72,2.38
M0147576,N,80,3,14400.2,2,0,0,4633.31,9018.01,1.18
M0147577,N,67,0,8460.14,0,0,1,952.72,7355.19,2.89
M0147578,N,26,0,3225.63,0,0,0,2340.08,1994.08,1.11
M0147579,N,66,2,21498.71,1,3,0,8547.54,9908.92,2.46
M0147580,N,48,2,8374.0,0,2,0,2088.81,8760.91,0.9
M0147581,N,64,1,21078.8,1,0,0,6133.89,17092.36,1.96
M0147582,N,70,0,24622.26,0,0,0,5509.31,27261.25,2.21
M0147583,N,69,1,8922.44,1,2,0,5992.03,8316.08,2.37
M0147584,N,80,1,15991.64,0,2,0,4605.49,9051.28,2.24
M0147585,N,70,1,21697.44,1,0,0,1946.66,21384.81,1.86
M0147586,N,61,1,10091.27,0,2,0,2027.55,10969.62,1.6
M0147587,N,52,0,8104.07,0,0,0,712.35,5826.66,1.04
M0147588,N,41,0,7645.62,0,0,0,7876.49,3598.78,1.27
M0147589,N,40,0,22327.62,0,0,1,2137.27,27037.71,1.76
M0147590,Y,86,3,213973.22,4,3,2,121229.66,142354.14,4.22
M0147591,N,21,2,15323.3,0,0,1,12462.47,10161.46,1.31
M0147592,N,31,1,10327.4,0,0,0,3320.72,15340.75,2.41
M0147593,N,69,0,22288.81,0,2,0,8319.06,9974.42,0.22
M0147594,N,54,0,22139.89,0,1,1,3691.15,19327.52,0.23
M0147595,N,30,0,3744.27,0,0,1,1585.42,4292.41,0.0
M0147596,N,20,0,8796.24,0,1,0,1936.52,6986.26,1.13
M0147597,N,71,0,3977.74,0,1,0,2559.31,4264.85,0.68
M0147598,N,53,1,3533.13,1,0,0,1856.39,2848.38,0.08
M0147599,Y,83,4,359886.16,1,5,5,67700.14,246353.52,4.84
M0147600,N,28,0,14244.71,0,1,0,736.1,12574.29,0.84
M0147601,N,30,2,22050.47,0,2,0,5275.97,15152.1,1.93
M0147602,N,66,1,8352.19,0,0,0,1479.87,8513.77,1.7
M0147603,N,67,0,30269.52,1,0,0,4805.76,21689.4,1.4
M0147604,N,29,1,2971.3,0,0,0,723.64,2676.66,1.59
M0147605,N,69,2,19297.78,0,1,1,2634.43,15600.1,0.77
M0147606,N,21,1,15587.4,0,0,0,2780.98,11644.5,0.66
M0147607,N,28,2,7260.43,0,1,0,8260.11,1471.24,1.3
M0147608,N,42,0,7991.78,0,0,0,1455.09,4800.4,1.37
M0147609,N,53,2,12362.92,0,2,0,3519.33,14105.56,1.49
M0147610,N,27,0,17024.49,0,0,1,5141.22,15051.45,2.89
M0147611,N,32,0,15710.19,0,1,0,1776.09,11913.79,1.8
M0147612,N,78,0,6278.88,0,0,0,1244.75,6424.81,0.97
M0147613,N,19,0,18383.47,0,1,1,4365.73,10731.75,1.04
M0147614,N,21,0,2646.23,0,0,0,1094.36,2400.26,0.4
M0147615,N,68,1,9688.47,0,1,0,4093.6,4873.4,0.4
M0147616,N,26,2,3058.27,0,0,0,1445.54,3777.03,1.36
M0147617,N,25,2,10896.05,0,1,0,6004.41,3677.09,0.0
M0147618,N,49,2,10873.01,0,1,1,7419.58,4402.52,1.87
M0147619,Y,84,5,213890.58,3,5,5,150749.45,139388.44,6.68
M0147620,N,36,2,12930.74,0,0,0,4166.75,8728.91,1.23
M0147621,N,52,1,26859.26,2,2,2,5613.18,19867.31,1.33
M0147622,N,46,1,6054.29,0,0,0,2960.67,3755.81,0.89
M0147623,N,71,1,6777.46,0,0,0,1539.04,7284.48,2.12
M0147624,N,19,0,6614.66,0,1,0,450.67,10131.63,0.34
M0147625,N,35,1,3608.06,0,0,0,729.2,2146.55,0.07
M0147626,N,44,2,13388.97,0,2,0,9180.94,8140.64,0.89
M0147627,N,23,1,12155.0,0,0,0,553.44,14933.96,0.0
M0147628,N,78,0,19837.43,0,0,0,10942.0,7830.24,0.0
M0147629,N,44,0,4738.41,0,0,0,2442.52,4309.37,1.28
M0147630,N,35,1,9894.15,0,1,0,1787.0,8914.77,1.52
M0147631,N,41,2,2063.22,0,1,0,1078.97,2627.74,0.0
M0147632,N,34,2,16391.59,0,1,2,2058.69,11029.45,1.49
M0147633,N,51,3,20686.29,0,2,0,3182.2,19512.28,1.15
M0147634,N,78,0,6351.63,0,1,1,1546.03,5235.61,0.38
M0147635,N,77,1,18986.08,0,2,1,9846.49,12639.56,2.29
M0147636,N,68,4,37132.97,1,3,2,10606.75,33719.3,2.58
M0147637,N,40,2,21354.83,2,1,0,1360.23,15736.32,0.6
M0147638,N,46,1,17413.68,0,1,1,6803.2,7181.25,0.9
M0147639,N,63,0,6711.25,0,1,0,1314.79,6381.97,0.84
M0147640,N,21,0,12539.65,0,0,0,2971.6,12416.69,1.84
M0147641,N,58,2,6186.89,0,0,1,3375.72,4982.33,0.51
M0147642,N,67,2,14024.4,0,0,0,8177.69,16333.03,1.12
M0147643,N,29,0,4819.83,0,0,1,3699.88,4633.37,0.0
M0147644,N,79,0,7102.41,0,0,0,2633.11,5208.79,0.0
M0147645,N,31,1,3270.05,0,1,0,1542.17,2298.24,0.99
M0147646,N,34,2,148134.49,0,0,0,5799.42,114571.38,2.61
M0147647,N,77,2,7491.07,1,2,0,2577.32,4922.87,1.89
M0147648,N,70,1,6327.35,0,0,0,923.95,5501.65,1.54
M0147649,N,45,1,10839.73,0,0,0,1242.88,9874.19,2.39
M0147650,N,32,1,11689.42,0,0,0,5431.28,10138.26,2.44
M0147651,N,73,0,7391.34,0,1,0,1658.28,7202.91,1.25
M0147652,N,79,1,12940.55,0,0,0,3629.51,11475.15,1.83
M0147653,N,80,0,10866.26,0,0,0,4000.94,5547.24,1.39
M0147654,N,79,2,10856.15,0,0,1,2003.64,14399.54,2.16
M0147655,N,43,1,17286.04,0,0,0,1420.97,16823.45,0.0
M0147656,N,38,1,18683.77,0,1,0,6424.96,10094.78,1.76
M0147657,N,76,0,10328.2,0,0,0,1664.46,10192.45,0.0
M0147658,N,35,0,6847.13,0,0,0,3434.64,4642.23,1.2
M0147659,N,23,0,6938.98,1,0,0,1658.44,4812.9,0.3
M0147660,N,65,3,24837.16,1,0,2,4572.6,37061.14,3.27
M0147661,N,54,1,20712.54,0,0,0,2614.52,14334.25,0.36
M0147662,N,36,1,6373.04,0,0,0,6211.14,4837.78,2.02
M0147663,Y,49,2,218090.86,1,4,2,35164.54,161416.15,4.88
M0147664,N,54,2,25015.72,1,1,2,19254.72,8727.45,2.14
M0147665,N,72,1,5015.92,0,1,0,1238.65,4268.47,0.42
M0147666,N,21,0,9905.03,0,1,0,2187.99,6812.53,2.65
M0147667,N,42,2,15426.4,0,2,0,6025.19,10519.37,2.34
M0147668,N,48,1,19256.06,0,2,0,6925.83,15272.04,0.96
M0147669,N,19,0,17228.24,1,1,1,5817.95,10623.26,1.6
M0147670,N,48,0,6078.22,0,1,1,1997.41,2859.97,0.76
M0147671,N,50,2,35268.72,0,1,1,1427.4,26892.85,1.89
M0147672,N,58,1,3775.85,0,0,0,1169.68,2219.97,0.35
M0147673,N,36,0,26361.95,1,0,0,4636.57,33429.61,2.14
M0147674,N,62,1,11470.85,0,2,0,4096.79,8412.43,2.5
M0147675,Y,55,7,221107.78,5,4,6,97298.77,164574.38,5.49
M0147676,N,27,0,7302.96,0,0,0,2489.45,4953.06,0.94
M0147677,N,20,2,11067.29,0,0,0,8056.99,3593.38,2.12
M0147678,N,20,0,6923.64,0,1,0,6305.86,3719.18,2.39
M0147679,N,36,2,10787.22,0,1,0,2203.7,10224.17,0.24
M0147680,N,50,2,10280.43,0,0,0,4072.63,6055.86,2.09
M0147681,N,34,0,13641.33,0,0,0,3814.58,11369.63,2.78
M0147682,N,80,0,7081.92,0,0,0,2690.76,3177.93,0.0
M0147683,N,69,0,4656.08,0,0,1,1208.02,2434.41,0.37
M0147684,N,35,1,13838.58,0,0,0,2143.4,22835.52,1.96
M0147685,N,42,2,8762.68,1,1,0,3497.8,6339.85,0.76
M0147686,N,18,0,14710.57,0,1,0,2325.1,16498.87,1.37
M0147687,N,28,1,11835.17,0,2,0,2192.23,13194.75,0.68
M0147688,N,26,0,10977.31,1,0,0,1912.01,9026.06,2.55
M0147689,N,49,1,17795.53,0,1,0,4925.38,13941.86,1.37
M0147690,N,54,0,2587.06,0,0,1,405.85,3910.25,0.77
M0147691,N,18,1,3875.84,0,0,0,1573.63,4989.99,0.0
M0147692,N,55,0,7084.39,0,1,0,3112.62,9556.89,0.0
M0147693,N,39,0,7613.88,1,0,1,1399.67,5647.18,2.07
M0147694,N,68,1,9849.97,1,0,0,7086.78,6433.34,0.0
M0147695,N,31,2,30165.86,0,1,3,10384.92,16144.8,1.66
M0147696,N,30,0,10698.07,0,1,0,2453.1,8218.55,1.92
M0147697,N,37,0,10395.23,1,0,0,3111.55,6110.4,0.48
M0147698,Y,84,4,167294.43,2,2,4,31290.62,167784.74,4.31
M0147699,N,28,0,14264.83,0,0,0,518.91,10813.13,2.06
M0147700,N,79,1,13969.6,0,0,0,3120.05,20640.88,0.38
M0147701,Y,52,3,242548.83,1,5,6,113524.47,178029.57,5.5
M0147702,N,58,0,8452.4,0,0,0,2944.14,6468.87,0.64
M0147703,N,25,0,8621.22,0,0,0,1247.54,6787.63,0.01
M0147704,N,63,1,16185.06,0,1,1,2389.47,14926.43,1.05
M0147705,N,74,1,10175.17,0,2,0,1317.06,7239.99,0.98
M0147706,N,53,0,20200.2,0,1,0,1621.78,14238.4,2.24
M0147707,N,55,0,5044.44,0,1,0,3829.28,5074.19,0.24
M0147708,N,18,0,9192.32,0,1,0,3288.74,6119.4,1.63
M0147709,N,28,0,13002.93,0,0,0,3524.52,11551.73,0.91
M0147710,N,42,1,3717.59,0,1,0,1358.84,5373.93,1.28
M0147711,N,29,1,8911.44,0,0,1,1545.52,8044.8,1.13
M0147712,N,78,0,3234.72,1,1,0,885.98,4513.61,0.73
M0147713,N,51,0,12660.15,0,0,0,2287.55,8707.06,1.35
M0147714,N,46,2,3266.26,0,0,0,2004.07,2242.98,0.0
M0147715,N,76,1,8846.83,0,2,0,1393.71,8428.0,0.0
M0147716,N,32,2,9893.85,0,0,0,1644.76,9107.11,1.49
M0147717,N,38,0,5673.43,1,1,0,2442.37,6255.7,1.89
M0147718,N,56,1,8352.75,2,0,1,3980.38,2620.87,1.87
M0147719,N,68,1,12371.55,1,0,0,3970.28,12808.84,3.26
M0147720,Y,62,6,251147.74,4,4,2,80030.79,170411.09,3.55
M0147721,N,79,1,2422.25,0,0,0,523.97,2184.34,0.23
M0147722,N,25,1,5037.23,0,1,0,1193.03,2829.87,1.11
M0147723,N,57,2,11299.82,1,0,0,3872.22,5323.56,2.26
M0147724,N,64,1,16761.7,0,4,0,5881.75,21570.5,2.36
M0147725,N,35,2,7374.56,0,1,0,4633.4,6282.82,1.68
M0147726,N,19,0,10519.87,0,2,1,4209.17,6839.07,0.14
M0147727,N,25,0,10992.41,0,0,0,3528.36,13175.27,1.07
M0147728,N,40,0,3350.06,0,1,0,2017.93,2915.59,1.28
M0147729,N,62,0,11125.56,0,1,2,8175.31,4637.22,0.08
M0147730,N,39,1,5713.09,0,0,0,5385.25,3164.7,1.01
M0147731,Y,36,4,132814.92,1,3,2,44928.59,80852.21,3.21
M0147732,N,30,2,15727.8,0,2,0,14411.15,7953.74,0.63
M0147733,N,45,0,14778.86,0,1,2,2665.69,16802.0,0.44
M0147734,N,61,3,13322.85,0,0,0,1228.42,12974.36,1.05
M0147735,N,54,2,28441.02,1,1,0,7193.42,16286.64,2.49
M0147736,N,59,1,3101.44,1,1,0,1942.21,1686.24,2.27
M0147737,N,36,1,7453.38,0,1,0,1576.88,5117.62,0.53
M0147738,Y,64,2,257580.56,2,3,1,136353.68,95601.24,4.87
M0147739,N,24,0,18239.95,0,2,0,7181.32,17434.24,1.28
M0147740,N,40,2,12605.74,0,0,0,2174.53,14203.6,0.33
M0147741,N,30,0,6760.15,2,1,0,739.38,4662.76,0.52
M0147742,N,41,1,9003.23,0,2,0,2871.27,4971.51,0.5
M0147743,N,78,0,23476.87,0,0,0,3231.62,16676.94,1.26
M0147744,N,58,2,13522.57,1,1,0,3204.29,13826.08,2.78
M0147745,N,19,0,14507.12,0,1,0,6728.45,7351.48,1.46
M0147746,N,26,0,8181.91,0,0,0,1681.68,10593.77,1.43
M0147747,N,48,1,9802.41,0,0,0,9093.71,5646.05,1.15
M0147748,N,20,2,10138.31,0,1,1,5974.18,11460.46,2.69
M0147749,N,80,2,19944.94,0,0,0,9107.65,11262.04,1.81
M0147750,N,80,1,3301.68,0,1,0,2736.23,2240.18,0.83
M0147751,N,26,1,7723.06,0,1,0,716.06,5915.07,0.78
M0147752,N,60,2,3440.51,0,0,0,1073.83,4699.52,2.65
M0147753,N,35,2,11760.73,1,1,0,12997.81,8154.63,2.97
M0147754,N,65,1,7890.33,1,0,0,3668.59,6851.7,1.16
M0147755,N,60,1,1558.19,0,0,1,441.81,1553.46,0.91
M0147756,N,72,0,7367.29,0,1,0,2229.39,5445.18,0.0
M0147757,N,57,2,12173.85,1,1,0,1147.73,15326.31,1.36
M0147758,N,20,0,10856.1,0,1,0,2849.93,14801.92,1.28
M0147759,N,25,1,28678.29,0,2,0,6882.53,24068.54,1.48
M0147760,N,43,1,11609.16,0,1,1,555.95,8620.47,1.43
M0147761,N,57,0,7326.47,0,1,0,2036.73,4362.52,0.54
M0147762,N,38,0,8218.49,1,1,0,1176.61,6681.61,1.81
M0147763,N,21,4,10277.36,0,0,1,2527.13,13382.48,2.53
M0147764,N,39,0,7175.16,0,1,1,1407.85,6581.93,1.98
M0147765,N,67,2,24425.61,0,1,0,21253.22,10430.61,2.06
M0147766,N,72,2,22060.01,0,1,1,6122.54,19078.02,1.03
M0147767,N,19,2,10209.35,0,1,1,3406.77,6313.45,1.39
M0147768,N,56,2,19386.6,0,1,0,2048.06,26836.08,1.73
M0147769,Y,70,7,195833.03,2,1,2,39269.06,135545.5,5.27
M0147770,N,61,0,6356.56,0,0,0,1621.67,8216.78,0.82
M0147771,N,23,0,2728.12,0,1,0,1190.24,2593.33,2.68
M0147772,N,49,0,9477.46,0,0,1,4472.47,8309.38,0.75
M0147773,N,34,0,6437.17,1,0,0,602.23,7617.95,0.01
M0147774,N,26,1,8068.02,0,0,0,2258.12,4138.24,0.34
M0147775,N,58,0,13925.02,0,1,0,1350.15,13574.71,1.51
M0147776,Y,42,5,280654.54,4,3,3,211906.79,107730.85,4.49
M0147777,N,32,0,33557.84,2,0,1,7452.83,21236.93,2.29
M0147778,N,73,1,11267.45,0,2,0,2823.77,17022.62,1.68
M0147779,N,54,1,8478.16,2,1,0,5216.87,5575.52,1.19
M0147780,N,32,0,9830.32,0,0,0,4095.16,10151.95,0.21
M0147781,N,47,1,12708.21,0,0,0,4737.64,9263.08,1.23
M0147782,N,58,0,31812.34,0,2,0,22352.84,26310.25,1.61
M0147783,Y,62,5,319748.02,5,6,3,94738.16,240742.6,9.01
M0147784,N,67,0,6010.29,0,2,0,4143.77,4807.07,0.97
M0147785,N,30,0,2242.16,0,1,0,1060.48,2968.28,0.24
M0147786,N,71,0,19123.5,0,1,0,4648.07,13077.87,0.91
M0147787,N,23,0,6154.01,1,0,0,2727.57,5859.96,0.54
M0147788,N,31,0,8362.29,0,0,0,1726.61,5299.42,0.0
M0147789,N,45,3,24759.89,1,2,0,8580.55,26996.46,2.89
M0147790,Y,63,4,226644.75,4,3,3,93632.31,132240.12,4.26
M0147791,N,68,2,7223.92,0,1,0,838.4,6779.98,0.0
M0147792,N,19,0,6514.48,0,0,0,1708.91,4756.11,0.0
M0147793,N,27,1,10392.73,0,1,0,3900.84,6778.8,0.66
M0147794,N,57,1,21617.03,0,2,1,1944.91,18993.51,1.82
M0147795,N,72,2,17116.28,0,3,0,9231.71,17649.38,1.93
M0147796,N,28,0,6232.11,0,1,1,530.59,7840.97,0.25
M0147797,Y,41,5,210188.73,2,1,5,47857.81,132917.18,2.17
M0147798,N,28,0,2224.42,0,0,0,300.9,2730.79,0.76
M0147799,N,44,0,13936.78,0,2,1,1869.97,12527.33,1.78
M0147800,N,56,2,10253.76,1,0,1,3937.73,5012.54,1.77
M0147801,N,80,1,22432.26,0,0,1,1716.91,19392.38,0.52
M0147802,N,72,0,8596.26,0,0,0,496.34,8678.79,0.28
M0147803,N,32,0,4858.67,0,0,0,1429.98,3468.67,0.98
M0147804,N,25,2,27168.48,2,2,0,32866.75,6889.72,0.94
M0147805,N,56,3,8913.93,0,1,0,1935.63,12952.61,2.02
M0147806,N,48,2,43069.97,1,1,0,5996.22,40011.36,1.75
M0147807,N,48,3,15550.59,0,0,1,5057.29,8304.12,1.12
M0147808,N,70,2,15980.7,1,1,0,4593.75,8087.04,1.04
M0147809,N,53,2,24270.52,0,0,1,7033.23,13028.01,0.58
M0147810,N,34,0,40313.46,0,0,0,40355.97,16944.87,0.84
M0147811,N,20,2,24884.03,1,0,0,5559.1,17509.04,2.55
M0147812,N,41,0,5060.04,0,0,0,2006.87,4198.23,0.93
M0147813,N,70,0,9386.09,1,2,0,822.64,6552.52,1.55
M0147814,N,75,2,8334.39,0,0,0,1920.14,7711.26,0.79
M0147815,N,80,0,13833.02,1,1,0,829.09,13451.13,0.75
M0147816,N,50,0,25708.82,1,1,1,6854.52,16269.02,1.79
M0147817,N,28,2,38803.56,0,0,0,6520.71,29513.78,0.54
M0147818,N,41,0,4499.51,0,0,0,2651.18,3413.98,1.11
M0147819,N,71,2,3667.91,0,1,0,1173.08,3697.12,0.0
M0147820,N,32,2,6897.82,0,0,0,1710.5,10433.71,2.01
M0147821,N,51,2,3303.54,0,0,0,753.0,2068.74,1.6
M0147822,N,78,1,24395.01,0,0,0,1758.68,24868.51,0.13
M0147823,N,64,1,13642.46,0,0,0,7194.62,12141.06,2.25
M0147824,N,62,0,33548.26,0,3,0,5805.84,25649.3,0.0
M0147825,N,61,0,6871.92,0,0,0,1614.2,8718.05,0.06
M0147826,N,66,0,26021.9,1,3,2,2635.38,35589.94,2.34
M0147827,N,40,1,23203.71,0,0,0,7678.19,18705.21,1.36
M0147828,N,55,1,20104.45,0,1,1,211.76,24850.45,0.27
M0147829,N,33,2,9818.68,0,1,0,3909.97,7512.95,0.0
M0147830,N,80,3,2820.65,0,1,0,1288.22,2071.94,0.0
M0147831,N,37,0,19795.92,0,0,0,4488.04,16861.38,0.46
M0147832,N,68,2,17126.15,0,1,0,6300.92,8585.12,3.76
M0147833,N,58,0,15656.89,2,2,0,9342.71,7780.39,1.06
M0147834,N,30,0,4523.52,0,0,0,2302.89,2710.43,0.0
M0147835,N,73,1,9639.95,0,0,0,2337.55,13206.2,1.58
M0147836,N,41,3,18234.54,0,2,0,2718.46,11645.43,0.55
M0147837,N,78,0,2472.59,0,1,1,591.89,3274.0,1.82
M0147838,N,53,0,11417.11,0,0,0,3490.47,16515.87,0.61
M0147839,N,49,0,7293.32,0,1,0,1650.56,8346.31,1.86
M0147840,Y,44,4,232997.06,5,4,4,75074.2,242136.61,7.99
M0147841,N,78,1,13550.94,0,0,1,9595.52,13847.23,0.0
M0147842,N,37,0,3887.58,0,1,0,2673.75,4196.18,0.0
M0147843,N,60,1,17930.9,0,0,1,2460.49,18523.81,1.25
M0147844,N,39,2,20782.79,0,0,0,15015.23,3570.12,0.55
M0147845,N,80,0,6638.88,1,1,2,3290.65,6633.6,1.23
M0147846,N,19,1,11233.86,0,0,0,7674.07,3382.72,0.56
M0147847,N,71,0,9389.74,1,1,0,3022.19,13417.69,2.06
M0147848,N,67,2,7836.34,0,2,1,3397.12,5252.12,2.03
M0147849,N,67,1,23884.75,0,1,1,6016.48,16700.75,1.56
M0147850,N,43,1,14380.3,0,0,2,4424.38,12312.58,0.46
M0147851,N,47,3,13203.93,0,2,0,7950.65,13355.36,3.1
M0147852,N,53,2,44810.55,2,2,1,4419.89,54484.29,1.67
M0147853,N,28,1,8708.87,0,0,0,2570.91,6603.22,1.37
M0147854,N,58,2,3932.39,0,1,0,2118.17,4965.09,2.78
M0147855,N,42,1,18634.51,0,2,0,1223.64,14210.64,1.98
M0147856,N,26,0,15089.9,0,1,1,1442.17,11098.95,1.1
M0147857,N,59,0,4008.78,0,0,0,307.29,4297.89,0.42
M0147858,N,41,0,2511.46,0,0,0,1150.26,1913.82,0.0
M0147859,N,40,0,4844.78,1,0,0,3657.05,3733.85,0.15
M0147860,N,68,2,25226.79,2,0,0,2627.14,17946.58,1.13
M0147861,N,67,2,11839.82,0,1,1,866.12,19316.2,1.99
M0147862,N,28,0,7642.24,1,0,0,2311.59,8790.39,1.61
M0147863,N,59,0,2307.84,0,0,0,1880.66,1741.97,1.17
M0147864,N,34,1,10580.27,0,0,0,3833.72,13890.51,1.12
M0147865,N,58,2,4641.84,0,1,0,1843.2,6355.22,0.0
M0147866,N,62,2,44190.41,0,0,2,4203.54,31390.42,1.44
M0147867,N,74,0,18167.51,0,0,1,6207.72,11164.03,1.96
M0147868,N,32,2,17410.45,0,1,0,9711.62,9547.7,1.93
M0147869,N,23,0,2412.71,0,3,1,1877.49,2463.25,0.3
M0147870,N,72,1,9833.03,0,0,0,1782.66,9357.92,0.55
M0147871,N,77,1,10790.05,0,0,0,4532.44,14477.62,1.81
M0147872,N,26,2,23227.39,1,0,0,2263.65,16033.3,1.27
M0147873,N,48,0,21337.29,0,2,1,1112.07,15788.85,1.93
M0147874,N,52,1,20867.73,0,1,0,7711.6,12518.95,2.27
M0147875,N,53,1,9063.69,0,0,0,2385.97,10646.41,0.71
M0147876,N,29,1,8823.25,0,0,0,1297.61,6283.86,0.0
M0147877,N,80,0,38464.61,0,0,0,2086.43,30793.49,0.54
M0147878,N,48,2,58760.9,0,1,0,17253.64,41047.73,1.71
M0147879,N,68,2,10337.71,1,0,1,3545.18,10393.83,0.46
M0147880,N,54,1,5052.01,0,2,1,3241.01,4871.03,1.14
M0147881,N,40,0,15345.84,0,0,0,7186.3,7272.38,1.7
M0147882,N,21,0,8089.86,0,0,0,2491.79,5866.34,1.0
M0147883,N,22,2,26590.75,1,1,0,13501.76,14577.07,1.79
M0147884,N,22,1,7433.59,1,1,0,1381.66,5484.98,0.0
M0147885,N,25,2,5180.93,0,2,0,4193.78,1684.26,1.48
M0147886,N,50,0,3924.49,0,0,0,1024.07,2835.88,1.02
M0147887,N,23,0,7709.32,0,1,1,1228.68,5913.59,1.26
M0147888,N,19,1,20313.07,0,1,0,1101.54,14973.54,0.94
M0147889,N,77,1,21555.19,1,0,1,7511.01,12268.82,0.91
M0147890,N,54,1,32216.08,0,2,0,11735.09,18178.16,1.1
M0147891,N,63,1,10609.85,1,0,0,2112.51,7492.98,1.15
M0147892,Y,69,5,263355.44,3,3,3,189874.72,145812.38,4.45
M0147893,N,65,0,8379.54,1,0,0,1507.43,6884.71,1.6
M0147894,N,72,0,5860.87,0,1,0,1367.9,4999.15,0.0
M0147895,N,42,2,23924.7,0,0,0,7686.86,29543.53,1.07
M0147896,N,23,0,15204.14,0,0,1,3921.17,8744.85,0.94
M0147897,Y,46,5,221541.84,2,2,5,76433.74,207100.66,3.45
M0147898,N,78,2,9202.02,0,0,0,2454.09,10392.18,3.03
M0147899,N,61,1,3709.85,0,1,0,1643.42,3340.26,0.28
M0147900,N,21,1,18939.07,0,0,0,12591.09,4040.34,1.74
M0147901,N,66,1,10468.57,0,0,0,1453.19,7799.82,1.24
M0147902,N,45,1,9409.19,2,1,1,3857.31,8824.21,2.59
M0147903,N,72,0,9591.14,1,1,1,6475.8,9565.29,1.1
M0147904,N,33,2,12105.19,1,1,0,2361.79,7339.52,2.23
M0147905,N,29,2,20946.69,1,0,0,8508.97,16954.48,2.61
M0147906,N,25,2,10442.38,1,1,1,3140.16,10468.86,1.87
M0147907,N,25,1,9268.33,0,0,0,2751.14,6499.78,1.26
M0147908,N,55,2,6504.46,0,0,0,2265.96,7890.72,0.91
M0147909,N,40,1,19437.02,0,0,0,6954.31,9102.65,0.0
M0147910,N,66,0,9991.88,0,0,0,3337.15,12563.38,0.18
M0147911,N,33,2,8567.84,0,0,0,3573.81,3730.75,0.41
M0147912,N,38,1,11280.21,1,1,1,7197.54,5963.29,2.22
M0147913,N,54,1,15350.67,1,1,1,8636.42,13679.43,1.56
M0147914,N,52,0,23442.01,0,0,1,3422.61,25053.12,2.69
M0147915,N,19,0,10213.1,0,0,0,2515.55,7731.35,0.06
M0147916,N,80,0,12641.49,0,0,0,2633.5,9593.65,2.37
M0147917,N,32,3,29430.69,1,2,0,6439.55,18894.51,2.55
M0147918,N,80,0,6779.0,0,1,2,3440.29,4739.17,1.34
M0147919,N,50,1,26731.02,0,0,0,12488.53,19492.65,1.4
M0147920,N,57,0,7067.58,0,2,0,3278.8,5861.89,0.0
M0147921,N,56,2,4411.7,1,2,0,1864.21,5104.0,1.78
M0147922,N,51,4,29136.89,1,1,1,4007.03,22010.04,1.52
M0147923,N,76,2,15137.99,0,0,0,2623.72,12768.41,1.16
M0147924,N,39,1,2814.09,1,0,0,657.72,2074.96,1.5
M0147925,N,27,1,9427.12,0,2,1,4781.35,10181.99,1.08
M0147926,N,58,0,6589.22,0,1,0,1366.46,6341.07,0.0
M0147927,N,38,0,3877.29,0,2,0,2337.61,2313.94,0.12
M0147928,N,54,1,15002.48,1,0,0,3894.8,9684.44,2.69
M0147929,N,22,0,10731.48,0,0,0,2741.43,10105.48,1.75
M0147930,N,47,1,4086.53,0,0,0,2095.11,3739.14,1.14
M0147931,N,62,1,7555.04,0,0,0,1738.81,11789.91,1.1
M0147932,N,62,1,24941.28,1,0,1,3004.58,20428.69,0.61
M0147933,N,41,0,13415.59,0,0,0,1501.37,14403.17,0.0
M0147934,N,53,4,10403.04,0,2,1,3834.49,7606.98,2.12
M0147935,N,38,1,6168.86,0,1,0,2171.7,5097.48,2.07
M0147936,N,52,3,15213.17,1,1,1,1946.79,21900.8,1.89
M0147937,N,66,1,4641.43,0,0,0,1539.48,3563.19,0.6
M0147938,N,41,2,7478.38,1,1,1,2431.33,3948.26,0.62
M0147939,N,41,1,19602.95,1,4,0,3182.79,15923.97,1.13
M0147940,N,19,3,8756.41,1,2,1,8670.37,4427.47,3.8
M0147941,Y,82,6,253090.72,4,4,8,142603.92,177019.74,8.34
M0147942,N,80,1,6182.86,0,1,1,4366.49,2285.75,1.09
M0147943,N,71,0,9919.21,0,0,0,2161.81,15037.69,0.26
M0147944,N,24,2,20266.94,0,0,0,3808.56,12352.39,0.99
M0147945,Y,60,6,212305.47,3,1,4,71345.3,177493.68,3.17
M0147946,N,60,1,10007.49,0,0,0,2688.35,7546.33,0.24
M0147947,N,46,0,6709.81,0,0,0,1754.55,5987.29,0.0
M0147948,N,29,3,47842.76,2,2,0,36147.68,15243.14,2.65
M0147949,N,39,1,8197.59,1,1,0,4143.94,10502.59,0.64
M0147950,N,50,4,14394.61,0,0,0,2692.08,8738.81,2.38
M0147951,N,24,1,21607.18,1,0,0,15011.38,23201.43,0.62
M0147952,N,32,1,8981.06,1,0,1,7165.51,3092.61,0.0
M0147953,N,39,0,17079.34,0,0,0,1500.16,13259.78,0.0
M0147954,N,21,3,8358.49,0,0,0,1733.94,5441.56,1.2
M0147955,Y,71,4,232592.25,4,1,1,105525.78,114685.03,4.12
M0147956,N,79,2,27226.06,0,2,1,31487.32,7600.14,1.98
M0147957,N,77,0,3616.09,0,1,0,1123.87,2534.69,1.61
M0147958,N,73,2,10402.05,0,0,0,1207.12,8741.66,1.64
M0147959,N,46,0,10127.25,0,1,0,2210.53,6584.56,1.23
M0147960,N,70,0,5797.91,0,0,0,1758.94,5514.54,0.21
M0147961,N,41,2,18506.13,1,0,0,7685.15,10147.4,1.04
M0147962,N,19,2,19880.69,0,3,1,4116.17,22294.33,2.44
M0147963,N,39,1,8730.25,1,0,1,1126.84,6332.99,1.42
M0147964,N,57,0,10290.31,0,0,0,1160.28,16063.52,0.15
M0147965,N,70,2,12407.65,0,0,0,6192.09,4786.17,1.24
M0147966,N,61,1,4867.93,0,1,0,2232.88,5648.81,1.18
M0147967,N,79,1,11197.96,0,1,0,3446.85,6625.09,1.08
M0147968,N,77,0,15146.82,0,1,0,2863.5,9084.96,0.76
M0147969,N,48,0,4580.21,0,0,0,1108.92,5504.51,0.0
M0147970,N,76,1,6744.39,0,0,0,3628.22,4868.37,0.25
M0147971,N,18,1,19458.28,0,1,1,7270.78,13933.12,2.55
M0147972,N,67,2,5032.13,0,0,0,810.99,5318.39,1.37
M0147973,N,73,1,8623.77,2,1,2,6292.96,8661.01,1.0
M0147974,N,66,1,4154.47,0,1,0,877.92,2373.34,1.12
M0147975,N,67,2,9629.6,0,1,0,5398.6,10356.26,2.49
M0147976,N,27,1,7222.09,0,1,0,1066.7,6569.66,0.26
M0147977,N,67,0,3838.14,0,0,0,2228.18,3851.93,1.94
M0147978,N,44,1,17186.78,0,1,0,1724.68,13041.39,1.14
M0147979,N,42,1,9438.72,0,1,0,2165.55,5506.01,1.32
M0147980,N,63,0,7062.99,0,0,0,2435.59,7264.87,0.5
M0147981,N,28,0,6826.97,1,0,0,1012.39,4916.6,0.94
M0147982,N,26,3,11084.73,0,0,1,1930.39,13384.01,0.71
M0147983,N,69,0,4850.01,0,1,0,1242.45,7131.69,0.6
M0147984,N,33,1,6870.56,0,2,0,5308.89,6803.21,0.0
M0147985,N,33,0,6014.92,0,0,1,2974.45,2698.96,1.15
M0147986,N,47,2,5829.78,0,0,0,671.99,7012.38,0.0
M0147987,N,52,1,13693.77,0,1,0,2339.07,20553.8,1.49
M0147988,N,63,1,19889.11,0,0,0,748.68,20192.62,2.35
M0147989,N,63,0,13476.58,0,0,0,10690.11,5584.1,2.22
M0147990,N,18,1,10344.28,1,0,0,3491.76,10878.12,0.91
M0147991,N,33,2,5325.6,0,2,0,4348.36,3567.89,0.84
M0147992,N,42,2,12350.25,0,0,0,2997.72,18438.55,1.77
M0147993,N,25,1,5803.73,0,0,0,4175.61,2504.91,0.64
M0147994,Y,70,5,308999.19,7,6,8,112358.04,266231.36,7.52
M0147995,N,77,1,21052.13,0,1,1,2551.26,19183.86,1.22
M0147996,N,42,2,11975.34,1,0,0,8737.79,11707.42,0.76
M0147997,N,43,2,24393.79,2,1,0,4974.19,25691.23,3.03
M0147998,N,38,1,4963.82,0,2,1,4575.48,1686.0,0.83
M0147999,N,23,0,7057.32,0,0,0,161.68,11385.72,0.5
M0148000,N,65,2,7936.55,0,1,0,838.12,6880.07,0.04
M0148001,N,45,0,18546.82,1,2,1,5866.91,12428.66,2.57
M0148002,N,41,0,12396.5,1,0,2,4777.88,8708.96,1.05
M0148003,N,79,3,38115.13,0,3,1,6495.19,37593.66,3.44
M0148004,N,51,2,37937.6,1,3,1,5702.6,31673.41,1.6
M0148005,N,30,0,15206.94,0,2,0,5676.07,9265.78,1.35
M0148006,N,55,2,24197.83,1,2,1,1533.29,24500.68,2.2
M0148007,N,74,0,18250.97,0,0,0,4211.24,10609.59,0.49
M0148008,N,21,1,7764.62,0,0,0,1903.59,7102.52,0.0
M0148009,N,61,2,5765.37,0,1,0,3852.97,5180.38,1.4
M0148010,N,31,1,8498.64,0,0,0,3517.07,7783.56,0.94
M0148011,N,39,0,11881.64,0,2,1,4853.68,7848.1,2.65
M0148012,N,42,3,9025.41,1,2,0,2101.86,7595.27,1.03
M0148013,N,62,2,27254.46,0,0,1,6512.88,36345.07,1.5
M0148014,N,58,1,10910.24,0,0,0,6304.45,7707.47,1.89
M0148015,N,36,0,9601.31,0,1,0,8879.27,2426.94,0.0
M0148016,N,48,2,10673.37,0,0,0,2032.01,9977.71,0.5
M0148017,N,72,2,7213.3,0,2,1,3276.26,2840.81,1.87
M0148018,N,48,0,7947.8,0,1,0,1580.55,6570.93,0.86
M0148019,N,19,0,12689.28,0,2,0,2956.37,12299.13,1.05
M0148020,N,52,0,36158.38,1,1,1,9551.31,19587.87,2.32
M0148021,N,59,1,34183.34,0,1,0,17023.09,16333.26,1.86
M0148022,N,64,0,9304.94,0,0,1,3052.22,11413.68,0.84
M0148023,N,41,1,19820.18,0,0,0,4629.25,15619.35,0.83
M0148024,Y,49,3,509940.77,3,5,3,279694.69,345529.77,5.58
M0148025,N,56,1,6627.55,0,0,0,2603.95,8116.12,2.61
M0148026,N,44,0,9133.45,0,0,3,3775.1,6816.01,0.46
M0148027,N,29,1,4926.97,0,0,0,1309.28,3947.86,0.89
M0148028,N,79,0,9235.65,0,1,0,1543.14,10590.77,0.12
M0148029,N,48,1,9986.7,0,0,0,4181.53,8816.52,1.33
M0148030,N,63,0,14001.03,1,0,0,1021.61,12987.19,1.73
M0148031,N,71,0,5575.46,0,0,0,1136.1,4848.49,1.33
M0148032,N,22,2,14564.84,0,0,1,1541.54,13925.38,0.16
M0148033,N,32,0,6722.14,0,1,0,4038.54,1596.51,0.0
M0148034,N,21,2,12476.49,0,0,0,5261.45,10026.11,2.43
M0148035,N,72,1,6097.81,0,0,0,6750.62,4270.64,0.14
M0148036,N,68,0,12307.48,0,1,0,1322.51,13071.11,0.8
M0148037,N,48,0,7955.36,0,1,1,1790.1,7049.83,1.56
M0148038,N,78,3,13589.25,0,2,1,5703.23,13890.28,2.08
M0148039,N,72,0,10112.75,0,0,0,3208.6,4819.0,1.7
M0148040,N,22,2,13594.65,0,2,0,4037.8,8224.41,1.85
M0148041,N,32,0,9370.17,0,1,1,5085.3,6510.28,1.36
M0148042,N,49,0,22264.23,0,0,0,2345.0,26248.98,1.54
M0148043,N,64,2,44463.81,0,3,0,11047.04,29307.22,1.81
M0148044,N,56,0,5771.32,0,0,1,618.59,3928.5,0.27
M0148045,N,40,1,10863.37,0,1,0,4193.05,5872.18,1.16
M0148046,N,64,0,4341.25,0,1,0,804.77,4389.37,1.27
M0148047,N,23,2,8118.57,1,0,0,3604.89,6432.52,0.65
M0148048,N,21,1,17207.43,0,2,0,5910.23,7732.97,0.91
M0148049,N,60,0,8988.73,0,0,0,1005.08,7717.66,0.41
M0148050,N,56,0,11575.75,0,0,0,7371.02,12333.46,0.85
M0148051,N,37,0,10791.66,0,0,0,6028.4,4039.98,2.24
M0148052,N,66,1,10174.15,0,1,0,3027.26,9830.13,0.26
M0148053,N,78,1,13744.49,0,0,0,3243.04,9038.08,0.12
M0148054,Y,50,4,152498.88,2,3,4,83710.04,113961.76,2.3
M0148055,N,49,2,18962.75,0,0,1,1362.34,15174.13,2.66
M0148056,N,46,0,8656.25,0,2,0,4810.42,3228.48,0.7
M0148057,N,64,1,33916.42,0,0,0,10232.28,19323.84,0.38
M0148058,N,70,1,17923.19,0,1,1,2827.33,18147.27,0.84
M0148059,N,35,0,30147.86,1,0,0,8342.32,15626.21,1.57
M0148060,N,68,4,19005.3,0,3,1,9599.23,16444.72,1.81
M0148061,N,46,2,10343.01,0,0,0,2028.48,7501.8,1.05
M0148062,Y,63,4,415033.49,4,1,3,117106.15,329340.88,5.91
M0148063,N,47,1,10189.45,0,0,0,6450.72,5326.23,2.12
M0148064,N,41,1,52020.63,0,0,0,12897.93,43392.91,2.31
M0148065,N,70,1,12287.41,1,0,0,4349.74,8409.99,1.0
M0148066,N,64,1,11081.92,0,1,1,4998.02,3769.81,1.55
M0148067,N,79,1,8349.64,0,1,0,3126.24,5885.37,2.73
M0148068,N,23,1,6525.78,1,1,0,2571.44,8548.44,2.18
M0148069,N,67,3,16676.55,0,1,0,3198.78,15876.27,2.3
M0148070,N,27,2,18184.29,1,0,1,16904.78,12691.33,2.67
M0148071,N,58,0,8629.28,0,0,0,2057.08,9311.79,1.22
M0148072,N,58,1,7449.09,0,2,0,974.07,7449.15,0.66
M0148073,N,47,0,15996.06,0,1,0,3314.22,11200.23,1.3
M0148074,N,49,1,16181.58,0,0,1,3717.76,11782.94,0.98
M0148075,N,73,0,6765.33,0,0,0,8334.02,3169.53,1.75
M0148076,N,58,1,8621.43,0,1,0,2346.57,6607.29,0.82
M0148077,N,79,0,8355.29,0,1,0,2343.81,7488.66,0.6
M0148078,N,57,1,3943.21,0,0,0,1518.5,4872.05,1.11
M0148079,N,59,0,13279.3,0,0,0,7062.25,7160.61,1.41
M0148080,N,68,1,10052.7,0,0,0,3406.42,8476.23,1.36
M0148081,N,46,1,22155.36,1,2,1,16045.52,19006.89,3.04
M0148082,N,76,4,14147.98,1,0,0,556.38,10550.41,0.92
M0148083,N,68,2,5362.6,0,0,0,1074.09,3733.52,0.92
M0148084,N,29,2,24888.45,1,0,1,1652.3,34704.6,0.98
M0148085,N,19,0,21766.08,0,0,1,5348.94,18882.16,2.29
M0148086,N,55,5,38382.82,0,4,1,10574.12,48841.65,1.81
M0148087,N,78,3,6602.68,0,0,0,2546.6,3372.56,0.0
M0148088,N,19,1,10333.6,0,0,1,3650.61,5465.91,0.86
M0148089,N,69,1,8218.53,0,2,1,2787.23,5165.55,1.53
M0148090,N,68,2,72338.89,0,2,1,7211.93,50238.23,2.63
M0148091,N,67,1,8215.03,1,1,0,1515.02,5495.13,0.73
M0148092,N,46,3,41765.89,0,1,0,14113.78,32450.13,1.24
M0148093,N,34,0,7631.88,0,0,1,4207.96,5997.65,0.84
M0148094,N,45,1,49002.68,1,0,0,11290.05,28667.64,2.07
M0148095,N,70,2,24724.02,0,0,0,4839.16,28622.03,1.75
M0148096,Y,53,4,201444.59,1,7,2,75893.34,194298.53,4.08
M0148097,N,56,0,4014.39,0,0,0,1317.3,4045.89,2.18
M0148098,N,79,0,2365.34,0,0,2,2622.91,901.38,0.6
M0148099,N,67,1,6992.79,1,2,1,3757.33,4060.07,1.85
M0148100,N,39,3,37611.22,0,1,1,2689.09,26790.82,0.0
M0148101,N,52,2,9614.62,0,0,0,2896.47,6869.03,1.43
M0148102,N,72,1,9132.52,0,2,0,1465.13,6779.66,1.1
M0148103,Y,73,5,167367.75,2,5,1,64836.29,117584.61,6.49
M0148104,N,30,2,3564.11,1,1,0,846.61,2648.14,0.13
M0148105,N,56,3,16382.33,0,0,0,5124.63,12649.33,1.39
M0148106,N,32,2,13853.77,0,0,0,1357.09,14239.48,1.84
M0148107,N,44,1,5329.29,0,1,0,1460.15,3039.36,0.03
M0148108,N,31,0,47506.62,0,2,0,6866.36,30988.49,0.65
M0148109,N,27,0,3645.84,0,0,0,2032.79,1474.43,2.29
M0148110,N,25,1,4204.52,0,1,0,886.47,6525.82,1.16
M0148111,N,62,1,11116.13,0,0,0,2829.0,15415.05,1.63
M0148112,N,21,1,1370.52,0,0,0,389.48,2001.73,0.0
M0148113,N,59,1,21211.22,0,0,1,3344.75,14390.54,0.0
M0148114,N,21,1,20984.16,0,0,0,991.69,21708.11,1.71
M0148115,N,34,2,20523.82,0,1,0,13796.51,20313.88,0.61
M0148116,N,60,2,11808.21,0,0,0,5680.08,5471.63,2.2
M0148117,N,20,1,10108.73,0,2,0,1072.16,7515.52,0.42
M0148118,N,75,0,4984.86,0,1,1,3653.0,4234.13,0.02
M0148119,N,73,0,19697.03,1,0,0,2167.3,16611.34,1.64
M0148120,N,39,0,4122.22,1,0,1,1285.79,3569.51,1.52
M0148121,N,46,1,4946.05,0,0,0,1031.87,4101.8,0.0
M0148122,N,53,0,13693.77,0,0,0,2631.09,10746.65,0.61
M0148123,N,34,0,16358.6,0,1,0,3214.51,9571.82,2.1
M0148124,N,38,1,9779.68,0,0,0,2383.96,10144.86,2.37
M0148125,N,76,1,7933.73,0,1,0,2803.75,9247.02,0.65
M0148126,N,65,2,8341.63,0,0,0,865.89,5732.88,0.52
M0148127,N,74,2,6073.47,0,0,1,1970.56,8602.31,0.64
M0148128,N,60,1,9224.85,0,0,0,1372.6,7403.7,1.0
M0148129,N,46,1,11402.24,0,0,0,2007.02,8365.4,0.0
M0148130,N,64,1,4930.76,0,1,1,1723.01,3564.01,0.2
M0148131,N,18,2,6351.48,0,0,0,3533.76,4690.59,0.83
M0148132,N,25,0,9991.42,0,0,0,3244.94,5731.21,0.88
M0148133,N,47,1,6925.81,0,0,1,3666.12,4999.77,0.37
M0148134,N,23,1,3612.55,1,0,1,916.69,3064.76,0.0
M0148135,N,58,2,20301.27,1,1,0,7041.77,13809.22,1.03
M0148136,N,39,0,2620.33,0,0,1,934.73,2625.29,1.38
M0148137,N,26,4,16353.59,0,1,2,3057.95,15182.89,0.43
M0148138,N,65,3,26484.1,0,1,0,2946.88,27276.16,0.0
M0148139,N,70,0,10705.47,0,0,0,2872.73,7097.31,0.0
M0148140,N,59,3,16124.24,0,0,0,13940.77,9032.54,0.89
M0148141,Y,42,6,365451.54,5,5,3,111204.07,234711.76,6.18
M0148142,N,37,1,11469.49,0,0,0,1111.4,8425.46,0.63
M0148143,N,50,1,6314.76,0,0,0,3176.03,4284.51,0.26
M0148144,N,63,0,9998.63,0,0,0,1904.42,6327.39,1.01
M0148145,N,31,2,7945.4,1,0,0,907.01,7299.11,0.79
M0148146,N,56,0,11049.8,2,0,2,2321.46,7724.33,1.52
M0148147,N,49,1,5032.26,0,1,0,2835.01,2474.63,0.65
M0148148,N,68,0,5045.36,0,0,0,819.89,6165.55,0.0
M0148149,N,45,2,6991.06,0,1,1,4560.78,2575.58,0.0
M0148150,N,19,0,8610.82,0,0,0,4480.92,3098.21,0.72
M0148151,N,54,2,10020.24,1,0,0,1645.08,6784.78,1.17
M0148152,N,78,1,18537.98,1,1,0,2538.07,14838.66,1.48
M0148153,N,29,2,37600.54,0,3,1,5853.72,27105.13,2.85
M0148154,N,24,0,4218.87,0,0,0,1549.67,3564.66,1.19
M0148155,N,67,0,14519.65,0,0,0,2761.41,12272.2,1.52
M0148156,N,20,1,11770.25,0,0,0,3400.57,8546.82,0.48
M0148157,N,44,0,17801.63,0,0,0,2652.11,17169.0,1.98
M0148158,N,38,2,5091.11,0,0,0,2731.65,5522.73,0.76
M0148159,Y,72,7,283335.41,2,3,6,67628.63,204051.94,7.81
M0148160,N,33,2,4640.78,0,0,0,1292.75,6148.42,0.0
M0148161,N,32,0,39657.47,0,1,0,14090.43,19991.87,1.67
M0148162,N,18,2,18106.48,0,3,0,4840.38,12714.65,1.94
M0148163,N,41,0,9238.87,0,0,0,4306.7,6642.32,2.1
M0148164,N,78,2,8269.1,0,0,0,1752.85,9047.37,1.0
M0148165,N,28,0,5344.07,0,1,0,408.38,4256.16,1.06
M0148166,Y,60,3,108253.73,2,3,3,47817.47,60679.54,3.95
M0148167,N,43,0,9733.38,0,0,0,1989.61,9611.11,0.85
M0148168,N,46,2,22076.44,1,1,0,4183.19,13921.18,0.83
M0148169,N,40,1,21694.81,0,1,0,5997.24,13115.06,0.3
M0148170,N,44,3,58846.56,0,0,0,10312.78,37253.94,2.42
M0148171,N,52,0,7663.74,0,2,0,913.56,11576.06,1.82
M0148172,N,29,3,7756.02,0,0,0,1742.63,4700.48,0.34
M0148173,N,28,0,6155.13,0,2,0,1246.69,5926.44,0.7
M0148174,N,36,0,6872.19,0,0,0,2884.94,3123.61,0.93
M0148175,N,57,1,12968.2,0,0,2,9265.1,11154.37,1.08
M0148176,N,79,0,14243.65,0,1,1,728.07,10898.01,0.65
M0148177,N,71,0,10095.38,0,0,0,4189.98,6326.86,0.07
M0148178,Y,86,2,139907.69,2,4,3,74954.24,123570.77,4.26
M0148179,N,34,1,9940.56,0,0,1,2690.99,5397.58,0.99
M0148180,N,75,3,10760.3,0,1,0,4231.47,10487.19,1.49
M0148181,N,54,0,5433.94,0,0,0,2991.38,3629.69,1.49
M0148182,N,23,1,6605.56,0,0,0,3439.87,6200.27,0.26
M0148183,N,29,1,7266.78,1,1,0,1180.41,11295.45,0.37
M0148184,N,68,1,5122.44,0,0,0,4831.41,4284.82,1.35
M0148185,N,18,0,4572.3,0,0,0,475.74,5232.08,1.62
M0148186,N,75,2,12577.18,0,1,0,4273.91,11652.35,1.08
M0148187,N,64,0,32715.93,0,1,1,6615.49,35435.53,2.29
M0148188,N,40,0,12031.08,0,0,1,1100.6,8502.38,0.0
M0148189,N,35,2,8800.96,0,0,0,980.81,7576.21,0.41
M0148190,N,39,0,7093.2,0,0,0,2703.4,7087.28,0.29
M0148191,N,56,1,14981.14,0,1,0,1955.22,19854.39,1.63
M0148192,N,58,0,14276.17,0,2,0,5360.81,13257.66,1.28
M0148193,N,68,0,20351.15,0,0,0,2485.19,28235.0,1.75
M0148194,N,66,0,8139.2,0,1,1,3510.91,2957.34,0.54
M0148195,N,50,0,6743.87,0,2,1,1645.49,8392.65,1.47
M0148196,N,18,1,10517.14,1,2,0,1270.62,8427.65,0.31
M0148197,N,45,1,9021.11,0,0,0,851.71,9006.37,0.0
M0148198,N,57,0,2386.4,0,0,0,866.49,2541.09,0.74
M0148199,N,32,0,5611.33,0,0,0,1024.67,5301.62,1.46
M0148200,N,58,2,15116.19,0,0,1,4019.78,9128.47,1.99
M0148201,N,34,1,7442.06,0,1,0,2058.15,5408.87,1.81
M0148202,N,19,1,8686.41,0,1,0,3065.68,4264.67,1.45
M0148203,N,33,0,19156.54,0,0,0,512.56,22423.11,1.47
M0148204,N,27,2,30201.46,2,1,0,6697.77,21071.9,2.41
M0148205,N,28,1,17734.84,0,1,0,3022.54,16185.14,0.28
M0148206,N,75,0,3966.33,1,1,0,2071.45,1496.75,0.61
M0148207,N,39,1,28610.16,0,1,0,6845.22,33802.02,0.75
M0148208,N,24,1,14204.61,0,1,0,5715.25,11308.2,0.88
M0148209,N,51,1,20344.92,0,1,2,5980.4,10947.84,0.76
M0148210,N,19,1,4378.61,1,0,0,815.36,5218.9,0.01
M0148211,Y,79,5,284069.03,3,3,3,105361.27,169682.35,4.34
M0148212,N,33,1,5011.69,0,2,0,2168.89,2773.7,0.7
M0148213,N,22,3,13464.03,1,1,2,5429.58,11127.39,1.68
M0148214,N,37,0,2021.33,0,0,0,690.3,1816.38,0.33
M0148215,N,59,2,19167.54,1,2,1,6614.86,10168.29,2.76
M0148216,N,80,1,27082.46,0,1,0,2431.2,19315.21,1.32
M0148217,N,39,2,8978.37,1,1,1,2523.37,7782.43,1.64
M0148218,N,20,1,22998.78,1,5,0,10339.92,25713.92,1.9
M0148219,N,26,1,8317.74,0,1,0,1868.51,5578.42,2.18
M0148220,N,46,0,5343.52,0,0,0,2013.02,3230.76,0.63
M0148221,N,19,2,12893.13,0,0,0,720.13,11658.28,1.53
M0148222,N,80,3,10888.36,1,1,1,4430.42,5801.95,1.14
M0148223,N,65,0,8319.5,0,0,0,2801.68,7099.32,1.07
M0148224,N,25,1,36063.23,0,1,0,5725.21,38488.36,2.09
M0148225,N,72,1,8473.56,0,0,1,1285.01,12438.66,0.31
M0148226,N,77,2,15206.93,0,1,0,9566.37,12341.4,1.96
M0148227,N,44,3,10347.0,0,1,0,4480.42,7656.07,0.94
M0148228,N,44,2,18714.98,0,2,1,5845.66,10348.46,2.01
M0148229,N,56,1,7595.12,0,1,0,652.76,12319.45,0.0
M0148230,N,58,2,7249.74,0,3,1,1886.33,7257.6,1.55
M0148231,N,40,3,28207.11,0,1,0,3551.79,23079.36,2.65
M0148232,N,43,1,4569.94,0,0,0,1654.17,5903.84,0.34
M0148233,N,30,2,7952.6,0,1,0,3101.35,3805.01,0.84
M0148234,N,30,1,9197.02,0,0,0,5539.71,7445.34,1.69
M0148235,N,58,0,7700.42,0,0,0,2461.89,6218.66,0.88
M0148236,N,65,1,14176.16,0,0,0,3038.04,11036.97,0.99
M0148237,N,58,0,8631.42,0,0,0,7197.9,7202.34,0.0
M0148238,N,73,0,6545.66,0,0,0,2874.65,6550.02,0.87
M0148239,N,39,2,10828.97,1,1,0,4549.59,9002.13,1.2
M0148240,Y,45,7,176129.49,4,4,4,55525.17,120203.51,4.87
M0148241,N,66,1,6402.88,0,0,2,4745.13,2363.87,0.84
M0148242,N,48,1,10979.48,0,0,1,2853.17,6974.52,1.68
M0148243,N,47,0,16301.47,0,2,1,1277.88,16384.54,0.99
M0148244,N,53,0,6939.22,0,0,0,1684.94,6406.82,1.64
M0148245,N,59,0,16420.61,0,1,0,11318.49,10540.65,1.41
M0148246,N,19,0,4398.66,1,1,0,1925.72,3184.93,1.92
M0148247,N,48,3,13258.59,1,1,2,2489.56,9993.15,2.18
M0148248,N,64,1,18318.6,1,0,0,3709.28,13090.16,0.0
M0148249,N,76,0,7456.79,0,0,0,771.35,12732.73,1.88
M0148250,Y,76,4,164478.15,5,4,2,48538.76,152399.23,2.81
M0148251,N,31,2,3105.55,0,0,0,1705.21,2224.64,0.11
M0148252,N,42,0,2274.45,0,1,0,2374.54,1309.86,0.0
M0148253,Y,42,6,169279.77,3,2,3,63810.68,148550.33,6.03
M0148254,N,43,0,35587.57,0,0,1,6381.78,43954.62,3.51
M0148255,N,24,2,9845.42,0,0,0,5078.57,3226.02,0.24
M0148256,N,26,1,20059.17,0,2,0,2618.23,13627.92,2.43
M0148257,N,42,1,2803.07,0,0,0,3260.97,1600.19,0.52
M0148258,Y,69,5,161709.48,1,1,2,55519.24,104455.45,5.3
M0148259,N,64,1,9047.56,0,0,0,923.86,6717.51,0.31
M0148260,N,37,0,26817.28,1,1,1,6168.84,36095.65,2.6
M0148261,N,22,1,1821.73,0,1,0,1152.73,1736.43,0.28
M0148262,N,62,2,6976.51,1,0,0,3141.03,4712.71,0.47
M0148263,N,65,1,19939.08,0,0,0,7565.0,13477.8,1.73
M0148264,N,18,0,4211.07,2,0,0,2363.11,2287.88,0.3
M0148265,N,73,3,18830.44,1,2,1,6726.91,12761.17,2.29
M0148266,N,58,1,9483.02,0,3,0,5884.95,8856.4,0.12
M0148267,N,47,4,43570.81,1,3,0,9908.11,27623.85,2.35
M0148268,N,57,1,14818.63,0,1,0,1032.73,15379.87,2.31
M0148269,N,31,0,7239.44,0,1,0,5997.09,6100.22,0.12
M0148270,N,60,2,4695.9,1,0,0,1403.38,7097.39,0.36
M0148271,N,69,1,11250.93,0,0,1,2948.65,13296.16,0.0
M0148272,N,75,0,9033.24,0,0,0,550.26,6902.81,1.09
M0148273,N,25,1,40588.27,0,3,0,18842.76,26290.05,2.07
M0148274,N,48,2,11414.58,0,1,2,6061.25,2996.73,0.0
M0148275,N,52,1,17833.27,0,0,0,1912.86,18860.08,1.63
M0148276,N,25,3,12882.41,0,2,0,4437.1,6397.76,0.42
M0148277,N,41,3,4923.86,1,1,1,3943.35,3032.92,2.08
M0148278,N,25,2,18346.54,0,1,0,6097.27,19169.33,1.69
M0148279,Y,44,8,161718.9,4,3,4,34435.23,113659.36,4.72
M0148280,N,45,0,5983.89,1,0,0,1388.82,5833.74,0.75
M0148281,N,43,2,14711.81,0,0,0,1453.92,10041.02,0.9
M0148282,N,58,0,5600.92,1,1,0,2293.9,5227.06,0.49
M0148283,N,58,0,3989.23,0,0,0,698.23,3378.07,0.43
M0148284,N,41,0,4897.33,0,0,1,2218.01,3222.29,0.63
M0148285,N,79,1,31057.38,0,1,1,3788.78,23156.48,1.6
M0148286,N,73,2,4792.42,0,0,0,906.84,3544.77,1.45
M0148287,N,56,0,10319.88,0,0,1,5396.59,3418.27,1.33
M0148288,N,76,2,45485.92,1,3,1,27428.85,13064.41,2.59
M0148289,N,62,2,22087.56,0,1,1,2650.7,15465.61,3.67
M0148290,N,52,1,12799.86,0,1,1,1816.44,11471.08,0.01
M0148291,N,37,2,9983.48,0,0,1,2894.5,13250.33,0.77
M0148292,N,48,0,10075.67,1,1,0,2097.66,9414.51,1.64
M0148293,N,76,0,7607.91,1,0,1,5688.02,6860.34,2.36
M0148294,N,46,0,14772.26,0,0,0,8800.87,4151.71,0.12
M0148295,N,38,0,2848.62,0,2,0,1655.04,2518.37,0.64
M0148296,N,63,3,25806.67,0,0,0,3633.15,20630.46,1.1
M0148297,N,45,1,8288.54,1,0,0,873.22,5658.1,0.29
M0148298,N,67,1,8154.85,0,2,0,2096.3,5533.61,1.46
M0148299,N,35,2,13858.45,2,2,1,4888.27,20294.94,1.29
M0148300,N,69,0,6731.5,0,0,0,3768.33,4294.61,1.41
M0148301,N,55,2,7091.82,1,1,1,1098.53,6002.57,0.62
M0148302,N,80,2,9828.97,0,0,0,1975.43,6951.63,1.09
M0148303,N,28,0,2930.24,0,0,0,1395.16,2571.11,1.29
M0148304,N,40,0,3230.09,0,0,0,862.24,4023.24,1.35
M0148305,N,51,2,10771.01,0,0,0,956.04,9356.28,0.88
M0148306,N,51,2,21483.06,0,3,0,4769.69,24521.19,0.18
M0148307,N,60,1,6552.56,0,1,0,2774.76,3233.26,2.05
M0148308,N,77,2,12947.81,1,0,0,2338.5,15629.0,1.66
M0148309,N,79,2,20765.08,0,2,1,4993.62,17524.83,0.18
M0148310,N,49,0,6985.77,0,0,1,1509.8,4597.68,0.31
M0148311,N,66,1,14000.58,0,1,0,1653.0,20457.51,3.95
M0148312,N,39,1,24461.69,1,2,1,12210.77,13996.27,2.98
M0148313,Y,67,3,113230.74,1,5,1,24714.04,87295.36,3.14
M0148314,N,76,1,7751.57,0,1,0,2951.29,11102.05,0.83
M0148315,N,40,0,5343.16,0,0,0,2322.35,7290.66,1.2
M0148316,N,63,0,8892.14,0,0,0,936.62,7333.27,1.03
M0148317,N,76,1,15517.78,0,1,1,6660.04,7248.56,0.51
M0148318,Y,70,6,263434.3,3,3,2,82924.17,191656.68,2.0
M0148319,N,33,1,7080.88,0,2,0,2507.66,5117.28,0.33
M0148320,N,37,0,8752.15,0,0,0,1490.0,12286.12,1.17
M0148321,N,24,0,9562.6,0,1,0,3103.94,5491.8,0.62
M0148322,N,53,0,14173.19,0,0,0,13303.92,10278.4,1.73
M0148323,N,67,0,23697.13,1,2,0,4681.21,21241.67,1.73
M0148324,N,65,0,4974.9,0,1,0,4246.28,2398.11,0.62
M0148325,N,32,2,20481.2,0,0,0,2102.51,14954.19,0.87
M0148326,N,73,0,34778.48,1,0,0,5919.55,30191.53,0.9
M0148327,N,30,1,8732.21,0,0,0,1183.07,8392.45,0.06
M0148328,N,47,1,8094.3,0,0,0,3484.54,6174.5,0.0
M0148329,N,55,1,19283.77,0,2,2,5261.8,10314.25,2.14
M0148330,N,20,1,64770.11,1,0,0,38711.91,20378.35,1.63
M0148331,Y,85,5,179631.04,5,4,4,102488.1,126031.55,4.46
M0148332,N,23,1,12560.72,0,0,0,6165.54,13290.33,2.17
M0148333,N,35,2,5839.67,2,0,0,7928.63,2517.44,1.82
M0148334,N,24,0,6032.52,0,0,0,3063.0,2444.84,0.77
M0148335,N,80,1,8612.88,0,0,0,5723.67,8303.54,1.09
M0148336,N,75,2,5521.54,0,0,2,1930.05,6159.33,0.0
M0148337,N,76,0,6462.09,0,0,0,2764.67,3988.6,0.29
M0148338,N,23,1,15299.77,1,0,1,8078.52,5088.72,1.04
M0148339,N,40,0,38600.81,1,2,0,28110.5,24706.39,3.02
M0148340,N,24,1,6477.27,0,0,0,1857.56,5578.67,2.14
M0148341,N,24,1,16101.47,0,1,0,2957.87,15381.5,2.11
M0148342,N,60,0,4355.83,1,0,0,1604.46,4129.2,0.0
M0148343,N,24,2,13841.78,0,0,0,5115.66,7051.66,1.35
M0148344,N,46,2,6908.81,0,1,0,2685.85,9148.52,1.06
M0148345,N,33,1,7984.97,0,0,1,1918.52,6959.98,0.47
M0148346,N,47,0,6169.22,0,2,0,2310.71,5224.49,0.62
M0148347,N,30,4,29451.84,1,0,0,12198.52,18337.25,3.53
M0148348,N,33,0,13640.19,0,0,0,3205.09,9203.53,1.04
M0148349,N,23,1,8011.78,1,1,0,5486.45,4607.12,0.1
M0148350,N,48,3,16989.27,0,0,1,12357.58,14351.21,2.33
M0148351,N,72,0,22150.0,0,2,1,17227.88,13346.86,2.4
M0148352,N,52,1,9099.84,0,2,0,1960.5,5797.35,0.1
M0148353,N,80,0,18214.71,0,2,0,4593.83,21518.22,0.54
M0148354,Y,56,6,314968.1,6,4,3,145325.26,128599.84,5.23
M0148355,N,18,2,10988.94,0,1,0,2956.68,6789.92,1.23
M0148356,N,37,1,7074.72,0,1,0,4165.62,8218.78,0.73
M0148357,N,34,1,22910.18,0,1,0,10546.64,10245.29,1.23
M0148358,N,49,2,18959.3,0,0,0,6542.78,14996.07,0.56
M0148359,N,49,1,4932.22,0,2,0,2010.82,3163.31,0.58
M0148360,N,27,1,5785.4,0,0,1,357.57,7526.99,0.0
M0148361,N,25,1,6177.07,0,0,0,696.04,4656.46,0.6
M0148362,N,72,0,2806.31,0,0,0,255.11,4553.13,1.27
M0148363,N,31,2,8048.17,2,1,0,3570.39,4039.8,2.83
M0148364,N,53,0,7547.57,0,2,1,5839.35,5923.39,0.92
M0148365,N,53,3,34681.21,0,0,0,11708.41,17235.86,0.96
M0148366,N,52,1,10332.16,0,1,0,2287.01,11577.16,0.0
M0148367,N,34,0,10102.49,1,2,1,5128.53,8483.54,1.45
M0148368,N,44,4,27584.43,0,1,0,14068.84,17175.83,0.92
M0148369,N,53,1,2560.38,0,0,1,998.01,2103.88,0.88
M0148370,N,54,0,3240.74,0,0,0,1303.48,3277.55,0.32
M0148371,N,80,0,21658.84,1,2,0,6471.76,12530.01,1.36
M0148372,N,72,1,32300.61,0,1,1,6596.65,21017.01,1.63
M0148373,N,28,2,18775.88,0,2,1,1681.3,27554.24,2.35
M0148374,Y,76,3,181744.67,3,3,3,73893.08,160212.06,3.21
M0148375,N,39,1,9932.12,0,0,0,3266.92,5624.86,1.71
M0148376,N,71,0,6398.68,0,0,0,1208.66,5513.09,0.98
M0148377,N,33,2,3998.81,0,0,0,560.3,5177.05,1.11
M0148378,N,55,2,4367.57,0,0,0,1491.8,3879.74,0.68
M0148379,Y,50,8,338295.28,5,5,4,112097.75,187413.36,6.86
M0148380,N,78,0,6418.17,0,1,0,657.82,7813.41,0.81
M0148381,N,79,0,5655.58,0,1,0,2810.34,6197.72,0.77
M0148382,N,29,2,5806.64,1,2,2,1325.17,5937.65,1.89
M0148383,N,20,1,10691.89,0,1,0,2239.38,7940.57,0.17
M0148384,N,65,0,13684.64,1,1,0,2725.24,8319.41,1.35
M0148385,N,49,2,7050.26,1,0,0,3049.43,8307.01,0.62
M0148386,N,21,2,26001.54,0,1,0,6760.91,19073.52,0.82
M0148387,N,19,0,10052.85,0,0,1,3708.89,7756.03,1.31
M0148388,N,18,1,25452.98,0,1,0,8793.84,18680.37,1.34
M0148389,N,59,0,15651.33,0,1,0,7759.03,17323.01,0.66
M0148390,N,19,1,6004.4,0,0,0,1046.24,7427.36,0.62
M0148391,N,21,2,6106.77,0,2,0,1547.03,3266.26,0.87
M0148392,N,25,0,5377.64,0,0,0,2067.94,4001.2,0.93
M0148393,N,21,0,3534.04,1,0,0,896.23,2267.89,0.88
M0148394,N,76,0,5552.27,0,1,0,3552.64,5049.49,1.2
M0148395,N,48,3,11428.08,0,1,2,6173.76,13699.73,1.02
M0148396,Y,60,8,267163.99,3,1,1,86996.01,165188.32,5.49
M0148397,N,43,0,10256.09,0,1,0,2578.8,6994.12,1.78
M0148398,N,52,1,13025.64,0,0,1,4989.69,12493.2,0.91
M0148399,N,64,2,8005.43,0,0,0,1806.06,6088.6,1.83
M0148400,N,38,0,7960.61,0,1,0,2427.85,4426.42,0.18
M0148401,N,25,1,14007.42,0,2,0,2956.98,10452.34,1.19
M0148402,N,71,1,5372.26,0,2,0,1259.12,3847.36,3.0
M0148403,N,42,1,5349.11,0,0,1,1971.51,2852.31,0.0
M0148404,N,68,0,19421.58,1,2,1,6315.81,10477.36,0.9
M0148405,N,50,0,6653.25,0,1,0,1617.59,9538.9,0.1
M0148406,N,70,1,38281.09,0,1,1,5522.19,34114.11,2.26
M0148407,N,66,2,26517.67,0,1,2,20012.28,20815.23,1.43
M0148408,N,63,3,21234.91,0,0,0,4423.54,23317.96,2.88
M0148409,Y,38,3,387424.59,2,4,3,51823.76,307748.17,4.04
M0148410,N,29,1,19583.61,2,2,1,3924.28,28850.59,1.15
M0148411,N,29,0,20122.86,0,1,0,8965.42,10036.44,1.67
M0148412,N,23,1,4722.31,0,0,0,1125.71,6375.86,0.83
M0148413,N,26,1,12046.1,0,1,0,1224.53,11507.16,0.76
M0148414,N,23,1,14295.92,0,0,0,2243.03,14647.27,0.0
M0148415,N,77,1,9816.58,0,1,0,1342.84,11751.37,0.67
M0148416,N,26,0,6250.08,0,2,0,1835.68,5266.87,2.03
M0148417,N,49,1,7736.35,0,1,0,4273.64,6567.08,1.77
M0148418,N,54,0,1714.89,0,0,0,879.67,1671.04,0.41
M0148419,N,56,1,13034.86,0,0,0,2938.05,10952.54,0.0
M0148420,N,33,3,5642.73,0,0,1,2619.04,5882.68,2.15
M0148421,N,60,1,4237.75,0,0,0,1160.23,3742.61,0.48
M0148422,N,71,1,24957.66,0,0,1,9285.65,11149.0,2.23
M0148423,N,66,2,7312.86,0,0,1,1931.91,5349.43,1.21
M0148424,N,52,1,6495.21,0,2,0,1825.82,4445.7,0.29
M0148425,N,42,1,2932.71,0,0,0,643.38,3924.1,1.17
M0148426,N,64,1,22888.07,2,1,0,3830.79,15171.73,1.97
M0148427,Y,79,7,218597.08,4,7,5,44358.14,220104.75,4.9
M0148428,N,45,1,10945.0,0,1,0,1356.67,7739.16,0.7
M0148429,Y,80,5,256434.11,4,5,6,154640.0,114182.34,6.3
M0148430,N,27,2,5659.65,0,0,0,3687.01,3473.0,1.46
M0148431,N,26,0,4775.34,0,0,0,4066.05,3775.79,2.01
M0148432,N,20,0,2387.91,1,0,2,1148.7,1995.82,0.04
M0148433,N,75,2,5326.63,0,3,1,594.58,4288.18,0.48
M0148434,N,23,1,17172.99,0,0,0,2431.25,13628.02,1.75
M0148435,Y,76,8,365671.72,2,4,4,205223.69,104679.13,5.42
M0148436,N,24,3,6095.37,0,2,0,6509.74,4443.81,0.77
M0148437,N,29,1,8497.83,0,0,0,1991.98,11485.81,0.33
M0148438,N,55,0,3702.09,2,1,0,1140.19,3872.62,0.0
M0148439,N,41,0,5909.04,0,0,0,851.91,3875.27,0.28
M0148440,N,78,0,11923.35,0,2,0,4855.98,4818.9,0.82
M0148441,N,21,0,6569.44,0,0,0,2123.13,4627.18,0.61
M0148442,N,18,1,3607.03,0,0,0,873.4,3386.3,1.85
M0148443,N,35,0,7563.24,0,0,1,542.31,9029.82,0.0
M0148444,N,28,1,22573.45,1,0,1,3585.85,16165.14,2.66
M0148445,N,69,0,5510.32,1,1,0,1447.16,7089.44,1.83
M0148446,N,33,0,16017.73,0,1,0,1943.66,12296.9,0.74
M0148447,Y,73,7,641807.64,4,4,3,99280.21,526707.93,4.42
M0148448,N,61,1,6293.09,0,0,1,2035.13,3725.37,0.99
M0148449,N,22,0,18542.76,1,0,0,3019.17,13431.18,1.42
M0148450,N,52,3,17475.01,0,0,0,3166.48,16879.89,0.4
M0148451,N,71,0,18395.58,1,2,0,5900.04,17362.64,1.65
M0148452,N,54,1,17099.53,1,0,1,9537.91,12518.86,1.46
M0148453,N,35,2,12041.99,0,0,0,1121.95,8308.89,1.0
M0148454,N,69,1,16084.69,1,0,1,7023.74,15414.84,2.21
M0148455,N,31,2,11876.37,0,1,0,3181.45,6608.28,1.41
M0148456,N,61,0,3625.18,0,1,0,983.41,2511.54,1.43
M0148457,N,48,2,11651.68,0,0,0,1476.34,8778.22,1.11
M0148458,N,59,2,15735.51,1,0,0,1453.62,11706.84,1.2
M0148459,N,63,1,11456.2,0,0,1,5214.46,7144.73,0.75
M0148460,N,46,0,16598.61,0,0,0,6033.72,7431.89,0.48
M0148461,N,74,0,9932.36,0,0,0,4493.08,7456.68,1.49
M0148462,N,25,1,21339.22,0,1,0,17007.37,5002.56,1.48
M0148463,N,60,0,5558.86,0,0,0,1117.86,6020.82,1.6
M0148464,N,70,2,6294.4,0,0,0,2925.85,3681.08,1.46
M0148465,Y,86,6,326751.37,2,10,5,90139.24,247733.5,3.59
M0148466,N,69,1,9048.15,0,0,1,1677.51,8561.78,0.64
M0148467,N,67,1,5211.04,0,0,0,1174.78,2993.27,0.22
M0148468,N,31,2,32157.84,0,0,2,4897.8,29582.55,2.22
M0148469,N,41,0,5648.69,0,0,0,3631.3,5380.11,2.55
M0148470,N,63,2,14114.13,1,0,1,3230.39,13134.57,1.58
M0148471,N,63,3,13123.3,0,2,0,4769.01,9669.98,0.97
M0148472,N,38,0,16671.32,0,0,0,5156.25,8199.95,0.48
M0148473,N,47,0,10209.91,0,0,1,2841.82,13542.54,0.0
M0148474,N,20,2,7379.49,0,0,0,3223.04,4257.67,0.37
M0148475,N,66,2,18828.24,0,1,0,2722.68,17128.7,1.02
M0148476,N,22,3,8140.44,0,0,0,6004.01,6942.1,1.32
M0148477,N,75,0,6874.09,1,0,0,3252.28,3621.28,1.17
M0148478,N,52,0,14202.7,0,1,0,5038.68,6073.32,0.95
M0148479,Y,61,5,205060.93,3,1,2,64397.44,146972.3,2.0
M0148480,N,66,1,9089.7,0,1,0,5164.37,10493.43,1.02
M0148481,N,53,2,5357.08,0,0,0,2781.35,3650.87,1.8
M0148482,N,55,0,18071.12,0,0,0,3222.4,13350.3,1.31
M0148483,N,47,1,14439.82,0,1,0,3948.72,7734.0,0.89
M0148484,N,36,1,4692.35,0,1,0,1017.8,4627.41,1.84
M0148485,N,30,0,9483.03,0,0,0,1045.5,10023.65,0.15
M0148486,N,47,2,9059.91,1,0,2,6304.57,4502.03,1.44
M0148487,N,69,2,7861.92,0,0,0,4177.22,10044.93,2.26
M0148488,N,63,0,5412.28,1,1,0,2170.03,4827.67,1.73
M0148489,N,52,0,13556.26,0,0,0,4678.83,6632.61,0.75
M0148490,N,54,1,12924.8,0,1,0,6565.98,16199.5,1.04
M0148491,N,33,0,10962.89,0,1,0,2469.06,6610.34,1.0
M0148492,N,76,2,31191.94,0,1,0,11361.26,13386.93,2.4
M0148493,N,30,0,9476.31,1,2,0,1489.37,9503.47,0.71
M0148494,N,51,0,18048.04,3,1,0,5967.41,8830.46,1.63
M0148495,N,56,0,7858.04,0,0,0,1777.79,4784.81,0.44
M0148496,N,73,2,14255.02,0,2,2,4327.27,11591.9,1.43
M0148497,N,37,1,12615.4,0,0,0,5558.75,7071.06,1.06
M0148498,N,39,2,7170.82,0,0,0,1739.41,5820.62,0.27
M0148499,N,27,2,20326.74,0,0,1,2475.41,17728.12,0.0
M0148500,Y,77,4,262314.69,2,2,4,67400.11,179657.1,3.22
M0148501,N,25,2,10961.18,0,0,0,6559.2,6172.74,0.26
M0148502,N,80,1,6675.22,0,0,1,1184.78,4214.21,0.82
M0148503,N,60,0,8195.08,0,1,0,3212.97,7980.86,0.44
M0148504,N,48,0,2513.28,0,1,1,1679.29,1544.77,0.12
M0148505,N,54,0,5755.87,0,0,1,3047.82,4927.28,2.59
M0148506,Y,63,3,243225.42,3,5,4,31465.62,178766.13,2.69
M0148507,N,40,0,21453.82,0,1,1,6534.25,24531.93,2.36
M0148508,N,23,0,17014.1,0,1,0,3189.39,15292.55,2.4
M0148509,N,22,1,11809.71,0,2,0,2572.19,9476.45,1.17
M0148510,N,53,2,11864.26,1,0,0,7883.47,7746.45,2.25
M0148511,N,73,2,12603.07,1,2,0,2849.45,14065.47,2.83
M0148512,N,23,2,12808.93,1,1,0,7286.82,7179.57,1.05
M0148513,Y,59,6,219503.97,4,2,3,120346.44,114155.21,8.15
M0148514,N,73,1,11831.66,0,0,0,5374.74,9697.34,1.35
M0148515,N,31,0,18414.75,0,2,1,1729.04,18563.01,0.64
M0148516,N,71,1,4162.04,0,2,0,1393.3,2736.45,0.0
M0148517,N,51,4,44245.65,0,2,0,26644.98,15304.42,2.66
M0148518,N,29,1,7952.78,0,0,0,2068.38,6482.02,0.0
M0148519,N,70,1,8000.57,0,2,0,610.81,7570.43,0.0
M0148520,N,80,2,28214.11,0,2,0,5830.97,31903.67,0.31
M0148521,N,29,0,7387.78,1,3,0,3412.43,9723.32,0.0
M0148522,N,21,0,16923.06,0,1,0,9050.41,4900.04,0.57
M0148523,N,57,4,28604.13,0,2,1,3650.11,19627.14,1.22
M0148524,N,41,3,24805.98,0,0,0,17260.76,18874.95,0.46
M0148525,N,69,2,7653.82,0,1,0,765.64,10322.87,0.35
M0148526,N,70,4,46838.16,0,1,1,10607.92,34865.76,1.9
M0148527,N,54,0,15462.58,0,0,0,3013.32,10246.77,0.31
M0148528,N,56,2,27027.97,0,1,0,612.95,24466.51,1.69
M0148529,N,55,1,14283.8,0,0,0,7634.31,4255.32,1.2
M0148530,N,20,0,10613.88,1,0,0,3246.78,5280.04,0.45
M0148531,N,78,3,6495.31,0,1,0,4386.62,6301.53,0.72
M0148532,N,80,0,3271.39,1,0,1,1039.54,4329.23,0.13
M0148533,N,53,2,22406.93,0,0,1,5923.9,13362.86,2.68
M0148534,N,64,1,13023.28,1,0,1,4662.06,5896.26,1.62
M0148535,N,48,1,14916.26,0,2,0,7552.28,13806.77,0.89
M0148536,N,28,1,7187.91,0,1,0,2557.2,8318.28,1.95
M0148537,N,23,2,10736.65,0,1,1,5083.39,6348.96,1.24
M0148538,N,33,1,5336.94,0,0,0,879.5,8512.77,0.0
M0148539,N,26,1,16950.98,0,1,1,1266.02,13686.49,0.54
M0148540,N,71,1,13592.76,0,0,0,1720.17,9070.84,1.69
M0148541,N,47,1,17383.95,0,0,0,5366.69,14519.07,0.0
M0148542,N,72,1,10145.73,0,0,1,3460.43,14723.79,1.09
M0148543,N,47,1,6352.41,0,1,0,1105.15,4278.27,2.39
M0148544,N,54,1,5046.97,0,1,0,1747.81,4557.66,1.0
M0148545,N,72,2,13749.4,1,2,0,3503.58,10914.29,0.81
M0148546,N,78,2,11476.03,0,1,0,3381.49,8871.59,0.83
M0148547,N,40,1,5414.57,1,0,1,2020.23,2823.78,0.83
M0148548,N,73,0,7034.01,0,1,0,1782.62,5851.21,0.29
M0148549,N,48,3,6957.35,0,0,0,6283.02,3942.67,1.11
M0148550,N,44,1,8662.56,0,0,0,1389.94,6754.92,0.28
M0148551,N,22,0,14372.81,0,0,0,2626.42,14591.49,0.0
M0148552,N,70,1,3235.45,2,0,1,1269.83,3795.28,0.0
M0148553,N,23,0,5723.58,0,1,1,1749.98,4967.3,0.0
M0148554,N,50,3,19620.32,1,1,2,885.99,16366.8,0.41
M0148555,N,50,1,6385.15,0,1,0,3133.79,2460.87,1.61
M0148556,N,77,1,9450.49,0,1,0,2944.11,9846.16,0.0
M0148557,N,35,4,7910.02,0,2,1,4636.13,6769.74,1.68
M0148558,N,68,0,12469.84,2,1,0,5050.44,8925.54,3.1
M0148559,N,30,1,17917.07,0,0,0,1655.54,15408.83,0.12
M0148560,N,38,3,15088.29,1,0,2,1769.09,12461.97,0.84
M0148561,N,35,1,18217.37,1,1,0,5147.3,15932.19,1.69
M0148562,N,44,1,17904.74,0,2,0,7096.63,10233.85,0.73
M0148563,N,26,1,11223.42,0,1,2,4647.96,6042.36,1.63
M0148564,N,18,2,21179.87,0,0,0,3205.4,15571.32,1.54
M0148565,N,42,0,15955.29,0,0,0,7623.81,5617.38,0.47
M0148566,N,72,0,5298.88,0,0,0,1083.09,3357.86,0.0
M0148567,N,54,0,5548.87,2,1,0,2131.58,2214.04,1.72
M0148568,N,76,0,6319.82,1,0,1,4327.03,5570.87,0.11
M0148569,N,51,2,9145.99,1,1,0,3120.96,9392.51,1.4
M0148570,N,34,2,6715.14,0,0,0,3525.71,2321.02,2.16
M0148571,N,44,1,3776.06,0,2,0,1864.78,4066.91,2.21
M0148572,N,51,0,8690.71,0,2,0,6624.62,4520.59,0.0
M0148573,N,24,1,6511.75,0,0,2,691.07,4842.88,1.81
M0148574,N,22,1,8638.73,0,2,0,6944.58,8272.99,1.39
M0148575,N,45,1,9059.47,0,3,0,2419.92,14044.15,0.92
M0148576,N,38,0,10567.92,0,0,0,1208.9,15734.35,1.04
M0148577,N,69,0,9774.95,0,0,0,4860.02,3571.42,1.46
M0148578,N,55,0,12313.89,0,0,0,1916.46,13772.53,2.38
M0148579,N,67,0,12725.26,0,0,1,2364.48,8560.27,0.37
M0148580,N,73,2,8477.63,0,1,1,6496.78,8647.0,0.85
M0148581,N,71,2,6412.1,0,0,0,308.45,5562.92,1.04
M0148582,N,22,1,12988.79,0,0,1,8462.94,9466.04,0.99
M0148583,N,79,2,10619.18,0,0,2,13286.29,4527.56,0.76
M0148584,N,62,0,9067.48,0,0,0,708.98,6691.55,0.88
M0148585,N,48,1,15047.33,0,0,0,4237.07,10082.42,1.95
M0148586,N,74,0,5076.7,0,0,0,315.95,7602.99,1.34
M0148587,N,58,0,23683.14,0,0,0,4822.72,21580.66,0.74
M0148588,N,70,0,5041.63,1,0,1,2027.68,6865.16,0.0
M0148589,N,56,0,15895.47,1,2,0,2339.39,15405.7,0.04
M0148590,N,51,1,14678.65,1,0,0,3109.58,9479.76,0.0
M0148591,N,55,1,26099.74,0,2,1,26676.22,11212.42,2.08
M0148592,N,33,0,8957.22,0,1,0,2894.84,9867.68,0.67
M0148593,N,53,0,15657.16,1,1,1,496.19,14372.99,0.56
M0148594,N,73,0,21159.12,0,1,0,4656.4,12624.0,0.86
M0148595,N,79,1,11916.12,0,1,0,4387.71,7821.48,1.2
M0148596,N,64,0,2442.71,0,1,0,970.82,1367.56,0.0
M0148597,N,26,0,10437.26,0,0,1,5725.22,5858.66,1.16
M0148598,N,46,2,6213.89,0,2,0,1895.45,9251.29,1.56
M0148599,N,19,3,46110.25,0,0,0,10155.41,30278.64,2.67
M0148600,N,68,2,22177.21,0,1,1,9418.92,24938.85,2.39
M0148601,N,76,1,4067.65,1,2,0,2072.61,2078.41,0.73
M0148602,N,39,2,14949.81,0,1,0,8493.82,16640.48,1.47
M0148603,Y,49,6,331907.59,1,4,5,91331.28,372590.25,5.55
M0148604,N,76,1,4383.83,0,0,0,1018.23,2853.69,1.28
M0148605,N,35,1,9758.59,1,0,0,2405.22,13902.69,2.02
M0148606,N,31,1,11661.34,0,0,1,1632.32,10191.22,0.16
M0148607,N,32,0,15476.09,0,3,0,702.11,18463.22,1.59
M0148608,N,61,1,12902.71,0,0,1,2117.6,15509.87,1.19
M0148609,N,30,1,12337.53,0,0,2,5620.32,16606.56,1.67
M0148610,N,51,0,8934.25,0,1,0,4008.19,4146.11,0.34
M0148611,N,78,2,15104.51,1,0,0,5620.34,12737.5,2.25
M0148612,N,71,0,11278.27,1,0,0,4520.14,11738.63,0.0
M0148613,N,67,1,7142.7,1,1,0,2134.75,5606.87,0.0
M0148614,N,32,1,10943.85,0,1,1,1529.58,7275.06,0.16
M0148615,N,49,0,6582.42,0,0,0,3861.68,6453.9,0.88
M0148616,N,61,0,10320.08,0,1,0,6010.08,7039.65,0.7
M0148617,N,26,2,15973.51,0,0,1,8471.86,14200.97,1.52
M0148618,N,45,0,5621.67,1,0,0,1901.22,5395.46,0.0
M0148619,N,24,0,17448.74,0,0,0,1615.53,19720.19,1.7
M0148620,N,62,1,6010.56,0,0,0,1637.65,5420.69,0.51
M0148621,N,28,1,9643.64,1,1,1,2199.04,7802.27,2.02
M0148622,N,48,1,3794.19,0,3,0,1261.46,3670.92,0.82
M0148623,N,44,0,13843.28,2,0,0,4495.17,9424.4,2.74
M0148624,N,34,1,7263.3,0,0,0,1340.77,6396.25,0.0
M0148625,N,59,3,11564.07,0,0,0,3688.91,8248.02,0.64
M0148626,N,46,1,12317.62,0,1,0,7604.01,6216.66,0.03
M0148627,N,77,0,20225.11,0,0,0,4519.02,11562.37,1.31
M0148628,N,30,1,4181.64,0,0,0,3599.97,2715.01,1.1
M0148629,N,74,0,5964.02,0,0,0,6230.65,3927.72,0.31
M0148630,N,58,0,4838.85,0,0,0,877.58,3178.61,0.28
M0148631,N,25,2,37307.89,0,0,1,3643.52,27854.27,2.62
M0148632,N,33,1,5426.32,1,2,0,3337.22,6240.74,1.49
M0148633,N,65,0,3951.16,0,1,0,899.66,2672.73,1.07
M0148634,N,36,1,29621.86,0,1,0,3154.8,22482.89,1.07
M0148635,N,25,1,19152.08,0,1,1,20192.65,6318.44,2.51
M0148636,N,42,3,4586.08,0,0,1,1066.51,3987.8,1.69
M0148637,N,63,0,4179.9,0,2,0,2304.2,4346.99,1.78
M0148638,N,21,2,12612.98,0,0,0,4287.95,8601.99,0.0
M0148639,N,20,1,14480.26,0,0,0,7823.19,10308.17,2.55
M0148640,N,68,1,12156.49,0,0,0,2895.89,10745.21,0.84
M0148641,N,22,1,2574.15,1,0,1,766.08,1604.87,1.85
M0148642,Y,85,5,133613.0,2,3,5,40643.52,84866.82,2.9
M0148643,N,68,2,13894.12,0,0,0,7596.21,4986.88,1.62
M0148644,N,40,2,21715.36,0,0,1,1967.28,17853.36,0.0
M0148645,N,79,0,4126.03,1,0,0,2416.8,2293.44,0.11
M0148646,N,76,0,24379.92,0,1,0,2819.44,16686.31,0.9
M0148647,N,44,2,8414.94,0,2,0,1675.6,8250.04,0.38
M0148648,N,68,0,6167.86,0,0,0,1291.34,8583.64,0.69
M0148649,N,23,0,2515.61,0,0,0,687.73,3818.98,0.09
M0148650,N,75,1,3880.97,0,0,0,3527.5,2427.84,1.51
M0148651,N,32,1,15722.88,1,0,0,4337.07,9684.61,1.56
M0148652,N,37,0,21757.79,0,0,1,5883.24,15508.82,1.78
M0148653,N,69,1,4323.72,0,0,0,983.25,3117.21,0.59
M0148654,N,58,0,6341.27,0,0,0,2432.81,3507.12,0.33
M0148655,N,33,0,9505.65,0,1,1,8009.56,6551.78,2.7
M0148656,N,67,0,9329.56,0,1,0,2362.5,7026.43,0.38
M0148657,N,35,1,20327.18,0,1,0,5792.64,15807.85,1.54
M0148658,N,33,2,16090.09,0,0,0,5546.08,17320.68,1.88
M0148659,N,78,3,18268.8,0,0,1,2168.78,13774.8,1.41
M0148660,N,57,1,5716.29,0,0,0,5620.5,2889.14,0.8
M0148661,N,31,0,2608.33,0,0,0,835.17,1959.38,0.58
M0148662,N,61,0,4833.92,1,0,1,562.66,6152.91,0.93
M0148663,N,19,3,25352.84,0,2,0,4365.77,16685.32,1.61
M0148664,N,18,3,4881.22,0,0,1,2214.52,6393.93,0.35
M0148665,N,78,1,18243.43,0,0,1,21571.37,8259.26,1.67
M0148666,N,55,1,13154.47,0,2,3,1931.24,11110.33,2.04
M0148667,N,63,0,11877.42,1,1,1,4033.35,6672.93,1.18
M0148668,N,38,1,11969.02,0,0,1,13704.53,6992.93,3.59
M0148669,N,68,1,15232.21,0,0,0,2188.54,11699.74,1.52
M0148670,N,25,0,10948.31,0,0,0,2812.69,11164.58,0.98
M0148671,N,46,0,14099.49,0,2,0,9899.11,9208.2,1.93
M0148672,N,75,3,9789.72,0,1,0,3550.29,4705.71,0.12
M0148673,N,36,1,6388.06,0,1,0,1328.81,5917.91,1.1
M0148674,N,27,2,50144.67,0,2,0,2872.77,41586.52,2.03
M0148675,N,33,1,29029.52,1,0,0,3394.34,48591.74,1.84
M0148676,N,78,0,32380.13,0,0,1,9009.27,29437.0,0.21
M0148677,N,36,1,17185.03,1,0,0,1280.04,20966.81,0.0
M0148678,N,72,1,10727.91,0,0,0,1765.58,7951.77,0.54
M0148679,N,67,2,17745.81,1,0,2,4945.39,10148.22,0.09
M0148680,N,61,2,6557.9,1,1,2,2839.82,5995.74,1.85
M0148681,N,40,2,1528.16,0,0,0,896.98,1222.66,0.71
M0148682,N,79,2,5969.53,0,0,0,980.05,4156.24,0.0
M0148683,N,35,2,6233.74,2,0,0,5155.59,4659.08,0.15
M0148684,Y,74,6,158748.82,1,4,4,53863.65,115769.48,2.29
M0148685,N,18,1,6151.55,1,0,0,1026.79,6778.82,2.42
M0148686,N,74,3,14255.16,0,1,0,10181.92,9254.85,1.37
M0148687,N,46,3,11800.95,0,0,1,2460.74,18159.28,1.58
M0148688,N,71,3,6728.41,0,1,0,2376.54,6779.81,1.4
M0148689,N,72,0,5668.17,1,0,1,2901.35,4697.28,3.24
M0148690,N,34,0,9904.46,0,0,0,2260.32,6491.65,0.16
M0148691,N,41,2,14620.07,0,0,0,3287.88,8863.98,0.32
M0148692,N,19,0,6892.84,0,0,0,1811.22,7722.26,1.42
M0148693,N,57,1,18901.98,1,0,1,1709.03,19523.07,0.0
M0148694,N,31,4,12940.64,2,0,0,4548.92,8505.01,0.9
M0148695,N,61,0,14062.15,0,2,0,5354.93,13225.82,1.8
M0148696,N,41,0,4383.91,0,0,0,1410.68,6353.5,1.14
M0148697,N,18,1,9812.65,0,0,1,798.97,7792.44,0.0
M0148698,N,23,2,9970.22,0,1,0,6126.76,9516.69,2.67
M0148699,N,38,0,11863.21,2,1,1,3286.04,7244.25,0.91
M0148700,N,60,1,15573.93,0,1,0,5382.57,11883.36,1.85
M0148701,N,48,1,6976.79,0,1,0,798.82,7701.37,0.0
M0148702,N,33,1,13191.64,1,2,0,6011.68,5524.81,2.35
M0148703,N,33,0,7383.63,1,0,0,1129.85,6444.35,0.27
M0148704,N,71,1,17110.47,1,2,0,3051.71,16388.25,0.89
M0148705,N,55,0,27326.94,0,2,0,3712.08,19030.08,0.76
M0148706,N,23,1,52515.66,0,0,0,6200.62,56677.7,0.75
M0148707,N,26,0,4944.3,0,0,0,1992.57,2627.49,0.5
M0148708,N,31,0,9114.85,0,0,0,7689.68,5838.81,2.58
M0148709,N,42,0,5332.94,0,0,1,608.25,5029.06,0.0
M0148710,N,35,0,2085.44,2,1,1,961.28,980.94,1.4
M0148711,N,34,1,6758.9,1,0,0,1985.79,3588.16,0.0
M0148712,N,38,1,17815.87,0,0,1,2227.7,12865.9,1.72
M0148713,N,52,0,5812.27,1,1,2,2333.31,5571.55,2.82
M0148714,Y,73,3,193570.64,1,2,1,127111.41,115507.71,2.94
M0148715,Y,43,7,506038.82,2,4,4,279924.55,180021.66,5.48
M0148716,N,80,0,5025.36,0,0,0,1361.89,4339.69,0.81
M0148717,N,69,1,18751.75,1,1,0,3734.88,16449.57,1.14
M0148718,N,33,2,17723.33,0,1,0,2261.29,12145.6,2.21
M0148719,N,42,1,8975.32,0,0,0,3752.6,3432.38,0.0
M0148720,N,68,2,20949.62,0,1,0,5079.52,18431.59,1.68
M0148721,N,40,2,14562.51,0,2,2,8497.76,6818.16,1.54
M0148722,N,23,3,34778.87,0,2,0,15365.08,18453.51,2.11
M0148723,Y,48,6,289581.66,3,7,2,120786.14,130225.92,6.1
M0148724,N,30,1,7994.39,0,1,1,3095.3,4643.55,2.31
M0148725,N,21,0,7436.72,0,1,0,1146.15,5907.97,1.43
M0148726,N,18,0,21420.61,0,2,0,2486.38,29732.11,1.46
M0148727,N,70,1,30248.64,0,0,0,7651.58,32122.34,1.04
M0148728,N,32,0,10331.25,1,1,0,1688.49,10469.86,1.01
M0148729,N,65,0,2565.45,0,0,0,1189.58,2273.91,0.67
M0148730,N,59,0,11046.56,0,1,0,1610.01,11812.52,1.57
M0148731,N,65,1,4583.08,1,0,0,1994.89,5524.72,0.0
M0148732,N,49,2,15946.16,0,0,0,6921.53,8415.46,0.82
M0148733,N,53,0,6172.0,0,1,0,3002.53,6285.99,0.16
M0148734,N,77,0,5734.42,0,0,1,1647.59,4866.32,0.19
M0148735,N,30,0,10661.07,1,0,0,1327.49,8146.18,0.0
M0148736,N,38,0,5934.12,0,1,0,2507.68,4373.87,0.37
M0148737,N,41,1,5233.08,0,1,0,1249.09,7163.14,1.34
M0148738,N,62,2,11063.96,0,2,1,5397.0,6434.67,2.19
M0148739,N,25,2,31621.53,0,0,0,5258.82,23381.19,1.29
M0148740,N,32,0,6463.5,0,0,0,3425.54,4729.43,1.15
M0148741,N,65,2,11806.65,0,0,0,3274.09,8312.0,1.22
M0148742,N,60,1,22232.43,1,1,1,7283.22,11477.32,2.88
M0148743,N,40,1,9687.32,0,0,1,1492.83,11712.62,1.2
M0148744,N,28,0,4839.68,0,1,0,3930.63,2583.67,0.32
M0148745,N,44,2,11075.62,1,0,1,3351.55,7961.22,0.24
M0148746,N,40,2,11776.3,0,1,0,8390.74,3466.15,0.79
M0148747,N,46,0,24827.42,0,0,2,5487.36,25238.92,1.92
M0148748,N,62,0,5989.31,0,0,0,2326.25,8399.79,0.16
M0148749,N,52,1,13087.81,0,0,0,11699.5,5180.03,1.83
M0148750,N,49,2,17569.84,0,1,0,9256.16,5740.01,0.19
M0148751,N,59,0,14370.06,0,1,0,4968.92,15662.47,0.63
M0148752,N,46,1,5320.47,0,0,1,2692.64,5877.12,0.23
M0148753,N,58,1,11370.57,0,0,0,2149.24,14326.88,0.98
M0148754,N,22,1,3332.77,1,2,0,1474.05,1648.65,2.16
M0148755,N,58,0,19124.76,0,1,0,5619.05,17661.12,2.29
M0148756,Y,85,6,238935.58,3,2,4,128215.63,138268.94,6.09
M0148757,N,22,4,8008.11,0,1,1,4760.51,5302.92,2.28
M0148758,N,56,2,38799.98,0,0,1,8354.44,23287.47,1.74
M0148759,N,36,2,19835.52,0,0,1,6770.9,8937.94,0.99
M0148760,Y,79,6,178896.86,6,4,6,67117.0,141608.41,5.5
M0148761,N,46,3,10895.38,2,0,0,1610.12,13853.5,1.24
M0148762,N,52,1,22942.68,0,0,0,8032.1,21695.27,2.15
M0148763,N,74,0,14511.12,0,1,0,2759.99,14239.8,1.53
M0148764,N,70,1,9638.82,0,0,0,1244.19,9217.47,0.94
M0148765,N,61,0,27396.85,0,0,0,5514.23,21047.31,0.58
M0148766,N,71,0,3216.44,1,0,0,510.4,2047.34,1.6
M0148767,N,77,2,17326.72,0,1,0,2988.94,19490.18,1.53
M0148768,N,24,0,6540.03,0,0,0,1680.58,3623.71,0.0
M0148769,N,80,2,4256.9,0,1,0,1599.2,3687.43,1.13
M0148770,N,20,0,7954.25,0,0,0,3509.98,5128.03,0.14
M0148771,N,74,2,12089.48,0,0,0,3303.52,10472.38,2.29
M0148772,N,27,0,8707.18,0,1,0,3293.51,5695.29,0.07
M0148773,N,19,2,12849.01,0,0,1,3376.66,15337.86,0.82
M0148774,N,64,1,3926.66,0,0,0,506.27,4807.22,0.06
M0148775,N,55,2,7727.64,0,2,0,2897.79,4906.55,0.14
M0148776,N,23,1,14008.12,0,2,1,3321.99,9708.56,3.02
M0148777,N,46,0,12421.0,0,1,0,7745.77,11886.38,2.07
M0148778,Y,50,6,341129.59,1,5,3,109212.55,176733.43,5.92
M0148779,N,34,4,11045.68,0,1,0,1836.78,11447.82,0.75
M0148780,N,23,0,4124.6,0,1,0,973.36,4761.21,0.78
M0148781,N,69,2,5277.77,1,2,0,1709.66,6223.91,1.33
M0148782,N,75,0,19629.03,0,0,0,2254.51,16001.77,0.78
M0148783,N,38,2,12643.21,0,0,0,4028.91,8745.8,2.36
M0148784,N,25,1,8102.45,1,0,0,4578.9,7980.96,2.04
M0148785,N,68,0,18728.25,0,0,2,1949.03,13129.14,2.09
M0148786,N,57,0,14654.26,0,2,0,9151.63,6727.43,0.11
M0148787,N,20,1,6320.4,1,2,0,2990.52,2041.2,0.54
M0148788,N,80,1,4876.03,0,0,0,1919.23,4712.34,1.99
M0148789,N,21,0,15570.79,0,0,0,845.4,11353.21,0.0
M0148790,N,56,1,14531.74,0,1,0,7553.38,5560.16,0.84
M0148791,N,35,1,13325.78,0,0,0,3649.32,6774.08,0.58
M0148792,N,62,3,15350.09,0,1,0,2365.31,15595.52,2.08
M0148793,N,69,0,7372.48,0,0,0,3729.64,4007.83,1.79
M0148794,N,65,1,24432.61,0,0,2,8510.47,33214.9,1.88
M0148795,N,54,1,16885.65,0,1,1,2331.54,14009.35,0.37
M0148796,N,55,0,9994.21,0,1,0,6907.14,9434.31,1.29
M0148797,N,57,2,6462.28,1,1,1,878.17,5183.22,1.4
M0148798,N,20,2,13390.18,0,1,0,3353.68,8720.89,0.91
M0148799,N,58,0,13594.75,0,1,0,4270.5,11532.83,0.0
M0148800,N,31,1,6703.45,0,1,0,1732.85,4976.91,0.0
M0148801,N,37,0,22721.32,0,1,0,4359.91,14059.64,1.03
M0148802,N,66,1,12731.93,0,1,0,1988.56,13909.0,0.46
M0148803,N,53,3,4847.14,0,0,0,653.75,6868.14,0.48
M0148804,N,64,0,4368.8,0,0,0,988.24,3572.35,0.59
M0148805,N,78,0,10580.62,0,0,0,1974.24,10502.82,1.81
M0148806,N,76,0,4192.13,0,2,0,1791.98,4302.87,0.0
M0148807,N,54,0,54252.75,0,0,0,2332.4,42005.45,1.54
M0148808,N,39,1,8576.01,0,0,0,3997.19,6955.17,3.08
M0148809,N,64,1,1857.6,0,1,0,983.01,2292.57,1.64
M0148810,N,41,1,3267.72,0,0,0,1427.56,4051.51,0.07
M0148811,Y,55,4,178877.68,1,3,4,26055.81,144392.11,3.84
M0148812,N,79,3,54448.29,0,2,1,6459.4,39983.97,1.49
M0148813,N,29,0,1798.86,0,0,0,548.8,2694.15,2.84
M0148814,N,73,3,10107.24,1,0,0,8937.8,5730.16,2.1
M0148815,N,49,3,26089.26,0,4,1,32026.87,4361.54,1.75
M0148816,N,57,2,3413.05,0,0,0,1417.81,2807.73,1.19
M0148817,N,32,2,16267.39,0,0,2,8789.21,11520.09,1.67
M0148818,N,26,1,4452.08,0,1,0,826.72,2959.21,1.83
M0148819,N,57,2,18275.06,0,0,0,1190.63,15866.07,0.31
M0148820,N,79,1,9473.53,0,0,0,3617.01,7049.22,0.0
M0148821,N,61,0,4064.81,0,2,0,1640.5,4250.26,0.62
M0148822,N,25,2,9334.25,0,0,0,2432.18,7502.83,0.96
M0148823,N,59,0,22766.92,0,0,0,2021.24,18485.51,1.11
M0148824,N,55,1,2642.01,0,0,0,328.58,4281.72,0.54
M0148825,N,23,1,6264.6,0,0,0,3001.46,7079.82,0.0
M0148826,N,27,3,20737.21,0,0,1,2881.15,15303.99,0.95
M0148827,N,31,0,17601.92,0,1,1,4961.62,17105.99,1.58
M0148828,N,64,1,8420.18,0,2,0,2395.1,5766.73,0.14
M0148829,N,53,0,8907.13,0,0,0,2653.49,7685.05,1.43
M0148830,Y,37,6,129674.1,2,4,5,35973.56,75129.19,5.87
M0148831,N,68,2,7247.25,0,0,2,3474.51,4295.36,0.0
M0148832,N,67,1,23364.43,0,0,0,1121.94,19976.33,1.75
M0148833,N,23,2,41512.54,0,0,0,3153.04,30937.53,2.39
M0148834,N,48,0,7798.42,0,1,0,3430.8,5015.35,1.09
M0148835,N,79,1,12582.29,1,0,0,1001.85,15562.99,2.33
M0148836,N,48,1,12583.43,0,1,0,1958.7,10204.96,1.82
M0148837,N,54,2,20237.56,1,2,0,12615.05,10567.35,1.08
M0148838,N,65,1,9281.04,0,2,1,6218.68,9671.19,0.54
M0148839,N,39,0,21365.46,0,0,0,7865.18,18602.34,1.91
M0148840,N,31,1,5773.58,1,0,1,1221.92,4950.3,1.44
M0148841,N,28,0,4600.0,0,0,0,3405.46,4100.75,1.67
M0148842,Y,52,4,268663.35,1,3,1,89885.93,168110.42,2.86
M0148843,N,69,1,10678.22,0,2,0,3185.61,6016.74,0.0
M0148844,N,71,1,4647.2,0,0,0,1245.22,4955.64,0.98
M0148845,N,59,2,13587.22,0,1,0,11481.05,4644.82,1.99
M0148846,N,59,3,7379.83,0,2,0,3256.16,9473.9,3.22
M0148847,N,32,0,11666.98,0,1,0,5485.62,9206.83,0.92
M0148848,N,28,0,5450.51,0,0,0,626.47,4021.19,0.03
M0148849,N,68,0,19034.37,0,1,0,12123.73,10701.33,1.02
M0148850,N,30,3,9555.65,0,0,0,731.74,6784.96,0.27
M0148851,N,65,2,16307.77,0,0,1,3761.39,19932.05,1.91
M0148852,N,38,0,7871.05,0,1,0,3205.56,10867.48,0.21
M0148853,N,31,1,13884.06,0,0,0,1057.98,10885.01,1.02
M0148854,N,37,2,26286.93,0,0,0,7432.4,14118.02,0.78
M0148855,N,45,3,21687.27,0,0,2,2160.27,18898.04,2.46
M0148856,N,44,0,5213.56,1,0,0,2453.83,2319.9,0.75
M0148857,N,67,0,5857.46,0,0,0,3077.9,7079.49,1.84
M0148858,N,35,2,65641.24,0,1,0,3263.22,59492.8,3.22
M0148859,N,70,1,8737.47,0,1,1,2666.79,11210.2,1.23
M0148860,N,55,1,1010.55,1,0,0,224.22,1185.37,0.09
M0148861,N,75,0,1892.61,1,0,0,398.02,2276.93,0.0
M0148862,N,34,0,13985.99,1,2,0,7048.77,15926.05,1.7
M0148863,N,43,1,23793.71,0,1,0,4608.12,34964.73,2.53
M0148864,N,47,0,6286.43,0,1,0,723.65,9646.18,1.48
M0148865,N,29,1,28210.55,0,2,0,3911.88,32170.08,0.74
M0148866,N,26,4,20376.99,0,0,0,1112.8,20096.1,1.41
M0148867,N,58,0,3669.62,0,1,0,358.16,4217.64,0.0
M0148868,N,76,0,7919.83,0,0,0,1695.04,6336.89,0.17
M0148869,Y,46,5,258304.2,3,6,4,118441.31,226242.82,7.89
M0148870,N,79,2,11106.64,0,0,0,2823.86,10110.82,2.14
M0148871,N,31,2,6358.6,0,1,0,1194.88,5899.45,1.61
M0148872,N,46,2,11245.62,1,1,0,3962.2,9420.65,0.67
M0148873,N,31,0,22708.53,0,0,1,6996.63,13742.1,0.06
M0148874,N,29,0,5358.12,0,0,0,882.14,6149.2,0.0
M0148875,N,65,2,7427.73,1,1,0,868.97,10162.38,1.46
M0148876,N,74,1,12713.72,0,0,0,5275.12,7442.22,2.47
M0148877,N,77,0,9211.68,0,0,2,1593.48,11174.15,0.85
M0148878,N,79,1,13497.39,0,0,0,4433.21,12712.29,0.0
M0148879,N,20,2,10699.37,1,2,0,6186.52,5639.28,0.13
M0148880,N,74,0,9985.52,1,0,1,2051.69,7781.64,1.96
M0148881,N,55,0,11220.03,0,2,0,8323.87,9516.78,0.65
M0148882,N,65,3,15250.03,0,2,0,4462.62,12495.77,1.22
M0148883,N,47,1,28154.21,0,1,0,1028.79,26483.58,1.47
M0148884,N,28,2,24207.32,0,1,2,2452.85,19132.6,0.58
M0148885,N,62,1,14137.3,0,0,1,1769.95,11044.4,0.25
M0148886,N,32,0,5876.6,0,0,0,2025.36,5769.31,0.0
M0148887,N,42,1,9115.79,0,1,0,3777.07,5330.13,0.49
M0148888,N,48,3,11993.03,0,1,1,6738.25,9482.8,1.12
M0148889,Y,57,8,309478.99,5,2,5,87087.48,203633.7,7.45
M0148890,N,53,0,15263.25,0,0,1,2832.47,12319.93,0.5
M0148891,N,63,0,7143.08,1,0,0,6194.1,1324.03,0.0
M0148892,N,74,0,12865.91,0,1,0,3845.17,7800.19,0.52
M0148893,N,36,0,4183.09,0,1,1,3256.92,2620.57,0.8
M0148894,N,23,1,18341.28,0,0,1,1637.9,16719.8,0.69
M0148895,N,31,3,28651.06,0,1,0,9702.75,13951.64,1.19
M0148896,N,56,2,7501.85,0,1,0,1152.1,6333.12,0.2
M0148897,N,38,1,19721.07,0,0,1,633.18,20846.42,0.0
M0148898,N,23,2,2387.33,0,1,0,1897.53,2069.0,1.56
M0148899,N,69,0,10950.38,0,0,0,2263.28,17126.38,0.89
M0148900,N,58,3,21581.92,1,2,3,12431.01,11355.35,2.07
M0148901,N,35,1,5249.26,0,0,0,1820.66,4636.57,1.76
M0148902,N,39,0,32968.51,0,0,0,8297.81,19415.46,0.61
M0148903,N,47,0,6826.53,0,0,0,2860.47,5772.81,1.0
M0148904,N,53,1,5705.17,0,1,0,1667.77,3090.0,0.31
M0148905,N,38,1,26523.94,0,0,0,12054.88,8687.58,0.15
M0148906,N,49,1,5959.27,0,1,2,4559.87,4760.36,0.89
M0148907,N,66,0,3222.93,0,0,0,889.57,2188.95,1.86
M0148908,N,63,2,45156.59,0,2,1,5030.52,35488.32,1.84
M0148909,N,24,2,15179.28,1,1,0,417.58,11512.93,1.9
M0148910,N,63,2,41082.2,0,0,0,2766.34,37299.58,1.43
M0148911,N,61,1,17593.16,0,2,1,5896.19,13271.93,0.64
M0148912,Y,83,7,363861.76,3,4,3,140201.11,264777.48,6.94
M0148913,N,30,1,28321.71,0,2,0,5005.89,28552.33,0.9
M0148914,N,71,1,17373.01,0,0,0,3697.65,11781.7,1.5
M0148915,N,44,1,19814.39,1,1,0,8198.79,7360.39,0.94
M0148916,N,60,0,19797.59,0,0,0,2513.37,16496.4,1.33
M0148917,N,65,0,17620.8,0,1,0,4862.3,12465.07,0.56
M0148918,N,74,0,5408.02,0,0,0,2479.84,6589.91,0.81
M0148919,N,51,1,11115.46,0,0,1,3855.29,5997.01,0.0
M0148920,Y,47,7,241298.59,4,6,2,159181.69,92894.69,5.9
M0148921,N,29,0,5734.27,0,0,0,3150.01,3107.18,1.03
M0148922,Y,55,6,133312.6,2,4,4,46154.52,114931.1,3.15
M0148923,N,51,0,13783.44,0,2,0,2113.62,20048.1,1.05
M0148924,N,42,1,5487.56,0,0,0,3677.93,4931.81,0.55
M0148925,N,47,1,26785.63,0,0,1,2710.72,23271.09,0.0
M0148926,N,76,1,20817.18,0,0,0,3924.87,16090.25,0.83
M0148927,N,69,0,8283.18,0,2,0,1125.11,7913.83,0.0
M0148928,N,69,0,6746.15,0,1,0,3425.61,7625.86,1.0
M0148929,N,61,1,3685.84,0,2,0,3216.63,3438.03,0.52
M0148930,N,61,0,4085.3,0,0,0,1145.1,2555.64,0.5
M0148931,N,72,1,13780.07,1,0,1,2408.2,20857.17,0.92
M0148932,N,59,1,10530.07,0,2,1,1564.77,9576.86,1.81
M0148933,N,28,2,13467.26,0,0,0,1284.9,12649.55,0.43
M0148934,N,33,1,3666.57,0,0,0,759.91,2235.76,0.13
M0148935,N,22,0,7242.32,0,0,0,555.45,7781.12,0.13
M0148936,N,70,1,8012.78,0,0,0,606.33,5833.52,1.76
M0148937,N,27,0,11373.38,0,2,1,1911.09,8003.45,0.3
M0148938,N,75,0,27132.9,0,0,0,2758.97,18987.4,1.84
M0148939,N,61,0,12213.22,0,0,3,9823.74,10039.47,2.28
M0148940,N,66,1,12148.06,0,0,2,2434.84,7913.55,0.69
M0148941,N,22,2,10367.08,0,2,0,3173.23,5880.58,0.91
M0148942,N,63,0,2972.56,0,1,0,1730.31,3652.44,0.6
M0148943,N,35,2,9889.86,2,1,0,6583.67,9602.67,2.05
M0148944,N,59,1,11236.78,0,0,0,2165.26,11504.08,0.74
M0148945,N,67,0,7374.74,0,1,0,2262.82,6187.43,1.52
M0148946,N,60,1,33283.02,1,0,0,9610.85,21705.26,1.08
M0148947,N,75,0,2123.31,0,0,0,1443.54,1785.43,1.87
M0148948,N,66,2,16700.75,1,2,0,5511.13,18455.64,2.05
M0148949,N,21,1,6488.36,0,1,1,2074.86,3819.94,1.96
M0148950,N,35,2,71988.41,0,1,0,6236.58,57456.91,0.94
M0148951,N,27,1,16598.08,0,1,0,3386.18,13920.19,2.73
M0148952,N,52,0,4866.22,1,2,0,2162.19,4574.52,0.0
M0148953,N,33,0,15081.31,0,0,1,2515.7,11241.89,0.5
M0148954,Y,48,2,194834.87,4,6,3,87009.46,79528.38,5.07
M0148955,N,74,0,4178.57,0,0,0,1516.68,3975.3,0.53
M0148956,N,23,4,19923.05,0,1,0,3419.72,21662.98,0.72
M0148957,N,68,1,8134.35,0,1,0,1415.05,6436.13,1.92
M0148958,N,75,2,6681.63,1,0,0,2484.57,8655.73,1.42
M0148959,N,19,1,11762.1,0,2,0,1020.94,8401.64,1.5
M0148960,N,33,1,7276.64,0,2,0,840.01,5055.47,0.0
M0148961,N,38,0,4741.07,0,0,1,2907.65,3476.64,0.33
M0148962,N,41,2,3511.17,0,1,0,1728.71,4297.7,0.49
M0148963,N,61,1,16718.25,0,3,0,3862.39,23599.65,2.02
M0148964,N,21,0,6844.02,0,0,2,1839.26,6124.44,0.65
M0148965,N,31,0,12943.36,0,0,0,8097.52,2267.94,0.6
M0148966,N,80,1,7799.66,0,0,0,3873.0,5518.15,0.2
M0148967,N,49,3,7256.26,1,0,0,5575.18,2183.9,0.0
M0148968,N,39,0,4163.55,0,0,2,1279.97,3539.28,0.0
M0148969,N,28,1,9747.19,0,1,1,5259.07,10426.71,1.07
M0148970,N,30,0,6968.74,0,0,0,1841.29,5491.83,1.13
M0148971,N,64,2,6400.06,0,0,0,817.77,7266.52,1.5
M0148972,N,42,2,4365.7,0,0,0,2558.49,4351.74,0.0
M0148973,N,37,1,23346.98,0,0,0,9868.58,8760.42,2.48
M0148974,N,33,0,20296.99,0,0,0,3351.78,17313.27,0.0
M0148975,N,60,1,5496.26,0,0,1,1558.14,3867.48,1.05
M0148976,N,37,0,3912.18,1,0,0,2275.87,2348.25,0.74
M0148977,N,42,0,9398.87,0,2,0,4433.71,6211.58,1.02
M0148978,N,23,1,8982.85,0,2,0,1783.1,8237.52,0.95
M0148979,N,39,0,3837.82,0,1,0,2191.9,3433.86,0.91
M0148980,N,47,0,10426.38,0,0,0,2980.66,8169.35,0.79
M0148981,N,26,0,5841.55,0,1,0,982.63,6645.59,0.0
M0148982,N,60,2,2895.48,0,0,0,637.64,2907.76,0.34
M0148983,N,73,0,4533.37,0,0,0,2197.61,1774.44,0.23
M0148984,N,39,0,8633.96,0,1,1,3056.64,9494.3,0.39
M0148985,N,62,1,23993.1,0,2,0,13693.8,26048.62,0.93
M0148986,N,71,0,6253.92,0,0,0,1540.07,3945.18,1.12
M0148987,N,55,1,18188.91,0,1,0,4895.68,14334.31,2.02
M0148988,N,51,0,20697.43,0,0,0,3007.78,15212.41,0.41
M0148989,N,75,3,64830.95,0,2,1,1818.69,95987.27,2.19
M0148990,N,78,0,12111.78,0,0,0,8452.31,8099.93,0.64
M0148991,N,56,2,4668.19,0,1,0,3364.43,3398.77,0.0
M0148992,N,27,1,13868.27,0,1,0,3975.27,18196.56,2.15
M0148993,N,77,1,9190.33,0,0,0,2201.52,6714.24,1.7
M0148994,N,32,2,10317.5,0,0,0,2387.54,9378.34,1.61
M0148995,Y,44,4,149515.16,2,3,3,77479.24,72421.84,4.31
M0148996,Y,56,5,91129.1,3,4,3,32352.25,79662.19,4.34
M0148997,N,70,0,17928.36,0,2,1,2689.8,27680.18,1.76
M0148998,N,34,0,19635.79,0,2,0,2834.37,26160.58,1.88
M0148999,N,62,3,9298.78,1,0,0,3214.98,4128.06,0.49
M0149000,N,60,1,11319.67,0,0,0,2356.5,6808.42,0.15
M0149001,N,76,2,8099.57,1,0,0,2285.83,4207.0,0.81
M0149002,N,57,1,9842.7,0,0,0,4890.09,4772.8,0.05
M0149003,N,35,0,3023.77,0,0,0,1049.66,3170.92,1.4
M0149004,N,31,0,6622.52,0,2,0,4046.14,1775.89,0.0
M0149005,N,73,0,20695.79,0,1,0,4434.73,14871.03,2.01
M0149006,N,35,2,53751.38,0,0,2,2118.42,42774.64,2.21
M0149007,N,27,1,26767.06,0,2,1,17301.57,5291.96,2.56
M0149008,N,77,1,28438.47,0,1,0,8564.34,16965.76,1.04
M0149009,N,31,0,5566.26,1,2,0,547.41,3917.07,0.2
M0149010,Y,64,6,215077.41,1,1,1,109864.4,141310.44,3.31
M0149011,N,45,2,8075.47,0,3,0,1276.88,11554.19,1.46
M0149012,N,61,0,2218.95,0,0,0,599.48,2900.49,0.0
M0149013,N,73,2,18014.85,0,1,0,3561.27,21024.59,3.2
M0149014,N,64,0,12107.29,0,0,1,8033.15,4337.94,1.85
M0149015,N,38,0,6573.07,0,0,0,1756.95,6333.62,0.55
M0149016,N,30,2,10814.4,0,0,0,2564.54,10010.23,0.74
M0149017,N,27,0,11392.76,1,0,0,2366.72,7371.29,0.0
M0149018,N,75,2,6889.74,0,0,0,775.9,8009.45,0.84
M0149019,N,79,0,13555.39,1,0,0,832.0,11137.22,1.08
M0149020,N,77,1,9849.96,1,0,0,2847.89,5325.32,2.67
M0149021,N,78,2,6114.27,0,0,0,6381.1,2993.48,0.1
M0149022,N,45,0,3412.72,1,0,1,1143.45,4230.25,0.0
M0149023,N,60,3,7968.62,0,0,0,1712.75,12407.06,1.43
M0149024,N,49,0,11300.43,0,0,1,5228.5,6195.5,0.0
M0149025,N,51,2,5995.34,0,0,1,2462.7,3988.13,0.15
M0149026,N,56,1,10986.65,0,1,0,2496.14,16450.45,0.61
M0149027,N,48,0,5968.65,0,1,0,1772.35,5306.19,1.89
M0149028,N,67,2,15291.42,0,1,0,5057.89,8982.69,0.48
M0149029,N,40,0,14389.05,0,0,0,3631.67,8224.26,1.44
M0149030,N,73,0,31123.24,0,0,1,10260.73,30001.5,1.75
M0149031,N,19,2,14230.05,0,0,1,4348.09,8378.34,1.59
M0149032,N,63,1,37211.51,0,0,0,24699.6,9919.94,0.0
M0149033,N,67,1,5563.75,0,0,0,2339.16,4799.33,0.0
M0149034,N,60,1,14701.47,1,0,0,4154.96,20521.34,0.32
M0149035,N,19,0,9420.69,0,0,0,5049.01,4344.13,0.0
M0149036,N,47,1,8349.22,0,0,0,1503.12,9966.63,0.74
M0149037,N,24,3,3579.85,1,1,0,1562.46,3211.74,1.45
M0149038,N,80,1,9036.84,0,0,0,5796.16,3420.36,0.0
M0149039,N,46,1,6815.86,0,1,0,342.32,6010.16,0.43
M0149040,N,21,2,21426.9,0,0,0,2152.96,16801.09,0.63
M0149041,N,65,0,12211.77,1,0,2,890.22,15096.07,0.93
M0149042,N,75,2,22324.38,0,2,1,5410.04,26414.36,1.53
M0149043,N,32,2,9064.5,0,0,0,2809.33,4464.43,2.3
M0149044,N,46,1,4236.75,0,0,0,642.74,2840.19,1.15
M0149045,N,35,1,27329.21,0,0,0,7991.61,34205.41,0.09
M0149046,N,76,0,24207.43,0,3,0,9432.23,9595.74,1.24
M0149047,N,24,0,36033.64,0,1,0,3557.01,30146.88,0.69
M0149048,N,76,1,19473.39,2,1,0,8527.76,22939.16,1.89
M0149049,N,38,2,7821.78,0,1,0,1764.42,5556.94,2.07
M0149050,N,25,0,7976.97,0,0,0,1289.81,10294.14,0.04
M0149051,N,80,0,11489.66,0,0,0,1129.51,8112.41,0.24
M0149052,N,61,2,59892.87,0,4,0,5153.58,42754.18,2.49
M0149053,N,41,0,2465.02,0,0,1,1439.25,2166.37,0.7
M0149054,N,32,0,3893.71,0,0,2,3140.58,3884.06,0.0
M0149055,N,28,3,16301.27,0,2,0,1235.11,12442.64,0.0
M0149056,N,71,2,16332.09,0,1,2,11452.16,12242.0,2.21
M0149057,Y,47,7,258267.05,5,3,5,99660.44,144806.21,5.65
M0149058,N,50,0,4219.36,1,0,0,2267.57,2019.25,0.0
M0149059,N,31,0,4987.38,0,0,0,801.06,4684.18,0.8
M0149060,N,21,3,14021.64,2,1,0,4515.47,12291.31,1.4
M0149061,N,73,0,6444.71,0,2,0,712.28,6987.71,1.01
M0149062,N,18,1,6439.66,0,1,1,1442.97,9853.21,1.86
M0149063,N,47,3,21660.49,1,2,0,7215.32,16740.47,2.31
M0149064,N,49,2,9151.45,0,0,0,3112.87,12174.63,0.72
M0149065,N,25,2,29902.94,1,1,0,8251.68,16461.08,2.61
M0149066,N,23,0,4499.95,0,1,0,1846.07,3262.43,1.04
M0149067,N,21,3,18969.26,0,0,1,2139.46,16195.04,0.63
M0149068,N,20,1,12292.01,0,0,0,4819.6,4835.63,1.9
M0149069,N,24,2,4741.25,0,0,0,284.8,3873.6,0.0
M0149070,N,30,3,9400.22,0,1,0,4920.87,8405.17,1.16
M0149071,N,63,2,56335.42,1,3,0,7520.04,37723.72,1.74
M0149072,N,29,2,18690.93,0,1,0,1130.03,16202.11,0.0
M0149073,N,27,0,16509.45,1,0,0,6016.92,10462.08,1.01
M0149074,N,59,1,8222.63,0,0,0,1487.74,5886.49,0.06
M0149075,N,18,1,10167.38,0,0,0,3859.41,11352.99,0.89
M0149076,N,65,0,9371.27,0,0,0,2986.05,5810.69,0.89
M0149077,N,67,1,10490.06,0,1,1,4735.6,3872.66,0.65
M0149078,N,65,1,4591.34,0,3,0,980.27,2742.57,1.06
M0149079,N,54,1,3685.88,0,0,0,1489.95,2721.78,0.89
M0149080,N,63,0,22010.68,1,2,1,4078.88,19045.28,2.3
M0149081,N,74,1,17714.47,0,1,0,2255.47,13755.04,1.2
M0149082,N,34,1,17373.05,0,0,0,5082.19,15808.51,1.98
M0149083,N,61,2,16910.85,0,1,0,2078.03,16894.93,2.05
M0149084,N,23,3,10673.66,2,0,0,2161.82,7692.81,0.0
M0149085,N,72,2,23152.39,1,1,0,4315.73,15705.74,1.65
M0149086,N,48,0,3811.83,0,1,0,527.51,5439.27,0.95
M0149087,N,41,0,3344.65,0,0,0,672.32,4052.39,0.0
M0149088,N,34,0,6836.33,1,0,0,1715.34,4687.59,3.19
M0149089,N,72,2,6404.76,0,2,0,1363.24,7346.51,0.6
M0149090,N,53,2,8123.52,0,0,0,2515.05,6046.38,1.3
M0149091,N,22,1,11588.68,0,0,0,2756.4,9903.29,1.06
M0149092,N,26,1,24822.83,1,1,1,11243.29,10216.94,2.6
M0149093,N,80,0,9796.19,0,1,0,3734.7,5683.79,0.84
M0149094,N,43,0,8838.59,0,0,1,4225.32,5396.04,0.02
M0149095,N,53,1,4879.9,1,1,1,888.79,7542.48,1.28
M0149096,Y,79,6,117181.61,3,5,6,74559.54,82507.1,3.93
M0149097,N,23,0,11626.61,1,0,1,2234.73,9997.38,1.9
M0149098,N,36,0,6734.56,0,0,0,3184.01,8050.73,1.69
M0149099,N,31,2,13798.39,0,1,1,3315.6,12111.38,1.15
M0149100,N,71,0,14347.82,0,1,1,2868.38,11699.05,1.74
M0149101,N,25,1,10617.82,0,2,0,4661.55,5889.62,0.31
M0149102,N,47,0,1800.65,0,0,0,815.26,1949.49,1.88
M0149103,N,74,1,5699.7,0,0,0,2726.67,4832.27,0.0
M0149104,N,79,2,11012.58,0,0,0,1987.41,11124.33,2.81
M0149105,N,33,0,13116.8,0,1,0,591.76,18026.83,0.97
M0149106,N,64,1,4284.85,1,0,0,3338.73,1953.41,0.0
M0149107,N,18,2,5956.06,0,0,0,2271.93,3953.77,1.34
M0149108,N,78,0,15179.84,0,2,0,9010.36,12573.17,1.8
M0149109,N,66,1,19237.65,1,2,2,3569.12,12632.48,1.69
M0149110,N,32,1,8486.74,0,1,3,3681.49,6339.64,0.89
M0149111,N,42,2,10444.84,0,1,1,2338.2,5959.05,2.33
M0149112,N,57,0,13744.85,0,0,0,6180.32,15255.87,1.06
M0149113,N,72,0,3072.75,0,1,0,1230.27,2021.5,0.0
M0149114,N,79,1,18279.08,0,1,0,827.87,17085.72,0.63
M0149115,N,54,0,3243.78,0,1,0,1145.14,4471.01,0.07
M0149116,Y,77,5,211054.83,1,2,1,101445.89,124258.09,4.69
M0149117,N,56,1,5812.06,1,0,0,1070.42,6455.34,1.21
M0149118,N,72,2,13403.14,1,0,1,2413.46,8826.43,0.81
M0149119,Y,81,3,312965.65,4,1,1,173179.39,156472.61,3.03
M0149120,N,80,1,9075.77,1,2,0,920.65,14635.81,1.34
M0149121,N,29,0,4355.04,0,0,0,426.85,3232.44,0.0
M0149122,N,36,0,3954.01,0,0,0,698.69,2402.1,0.06
M0149123,N,25,1,7173.84,2,0,1,2519.44,7230.86,2.65
M0149124,N,55,0,11224.56,0,0,0,7999.43,8417.91,2.51
M0149125,N,29,0,5794.34,0,0,0,2493.98,2599.37,1.6
M0149126,N,47,0,4377.79,0,0,1,2998.06,1919.84,0.73
M0149127,N,24,0,15187.73,0,0,0,3360.13,9020.97,1.33
M0149128,N,54,0,10143.38,0,0,1,1444.32,7910.95,0.18
M0149129,N,46,0,1749.5,3,0,0,672.73,2354.03,2.52
M0149130,N,55,1,19517.51,1,1,0,6444.47,10525.09,1.24
M0149131,N,70,0,32609.71,0,2,0,7223.18,19441.17,0.03
M0149132,N,67,1,9864.94,0,0,0,1554.14,7336.01,0.83
M0149133,N,61,1,24008.09,0,0,1,15401.55,19464.08,1.51
M0149134,N,25,1,7841.62,0,2,1,1856.2,6247.14,1.05
M0149135,N,38,0,4738.65,0,0,0,784.85,3828.79,0.0
M0149136,N,58,0,22907.75,0,0,1,9104.35,9172.3,1.79
M0149137,N,18,1,3298.45,0,0,0,946.63,3089.3,1.27
M0149138,N,35,1,13124.59,1,0,1,3164.85,7434.78,1.24
M0149139,N,18,1,3356.96,0,2,1,542.97,4174.78,0.0
M0149140,N,46,1,19805.43,0,1,2,4623.43,11465.49,1.32
M0149141,N,55,0,38174.81,0,0,1,24553.11,8564.65,1.66
M0149142,N,63,0,16361.96,0,2,0,4440.47,9229.8,2.35
M0149143,N,64,1,13392.38,0,1,0,5619.52,6246.47,1.13
M0149144,N,62,2,9123.78,1,3,0,6396.91,5163.55,1.61
M0149145,N,37,2,11627.98,1,2,0,3632.85,9976.65,1.4
M0149146,N,44,1,11239.49,0,1,0,2808.4,9738.4,0.52
M0149147,N,31,0,4310.56,0,0,0,2190.84,3810.0,0.24
M0149148,Y,59,5,300692.59,3,4,3,71341.05,193981.22,2.84
M0149149,N,47,1,8685.51,0,1,1,4099.12,9754.06,1.77
M0149150,N,34,1,19263.81,1,1,1,4305.48,21008.19,0.0
M0149151,N,44,0,4077.56,0,1,0,2082.27,2021.32,0.39
M0149152,N,64,1,6442.44,0,1,0,3922.3,3982.54,1.55
M0149153,N,45,2,13746.74,1,2,0,2825.87,10612.21,1.94
M0149154,N,54,0,7212.55,1,0,0,2666.82,7966.83,1.72
M0149155,N,32,2,35449.05,0,1,0,2583.77,42178.24,1.31
M0149156,N,60,1,21757.53,0,0,1,3778.34,18700.11,0.75
M0149157,N,65,1,6613.53,0,0,0,2478.5,3636.16,0.59
M0149158,N,58,1,19317.14,1,1,0,2744.33,12865.31,1.04
M0149159,N,20,1,13710.16,0,1,1,5852.12,11723.8,0.92
M0149160,N,65,3,9231.62,1,0,0,2594.95,6048.71,0.44
M0149161,N,22,1,9831.47,0,1,1,491.77,11493.83,1.86
M0149162,N,22,0,7226.88,0,0,0,1244.4,4795.0,1.84
M0149163,N,76,2,6474.47,0,0,0,2325.88,6227.72,0.95
M0149164,N,28,2,7722.16,0,0,1,1163.21,7259.41,1.69
M0149165,N,60,0,18585.49,0,0,1,2201.94,16248.39,1.34
M0149166,N,25,0,21982.48,0,1,2,9678.61,9240.73,2.2
M0149167,N,25,0,9342.67,0,0,0,1084.52,7401.89,0.0
M0149168,N,77,0,8217.19,0,0,0,4183.06,4955.95,0.02
M0149169,N,28,1,19227.94,0,0,0,2655.15,13018.7,0.92
M0149170,N,59,3,16768.42,1,4,1,14294.15,4493.08,1.94
M0149171,N,77,0,5309.15,0,0,0,1758.31,4529.67,1.61
M0149172,N,42,0,5443.9,1,0,1,1641.54,4380.87,0.78
M0149173,N,59,0,13913.59,0,0,0,1366.15,20597.0,1.39
M0149174,N,29,3,17140.09,2,0,2,7003.73,12437.95,2.05
M0149175,N,63,2,13496.44,0,0,0,1743.87,12191.84,2.27
M0149176,N,66,0,6498.65,0,0,0,1374.6,8227.44,0.72
M0149177,N,52,2,15660.56,0,0,0,668.47,11645.75,0.8
M0149178,N,71,1,8800.72,0,0,0,2419.28,11966.72,0.55
M0149179,N,55,2,15552.3,0,2,0,12475.94,6381.69,3.23
M0149180,N,42,2,4956.25,0,0,0,955.76,6211.73,1.59
M0149181,N,39,0,4118.55,0,0,0,1118.61,5425.66,1.28
M0149182,N,50,1,14922.42,0,0,0,4871.62,12275.57,1.5
M0149183,N,62,0,7387.47,1,2,0,4135.03,6152.38,0.0
M0149184,N,30,1,5387.86,0,1,1,3335.81,2861.25,0.0
M0149185,N,43,2,7941.13,0,0,0,2506.95,4975.69,2.47
M0149186,N,58,0,8209.01,0,0,0,1378.43,6423.28,1.18
M0149187,N,50,1,16664.66,0,2,1,6130.61,14189.12,1.33
M0149188,N,22,0,3955.67,0,0,1,1486.15,5683.73,1.05
M0149189,N,64,1,7389.7,0,0,1,2858.84,3592.66,0.72
M0149190,N,67,2,2648.18,1,0,0,1002.62,3178.97,0.0
M0149191,N,67,0,7682.53,0,0,1,2146.5,4640.68,0.07
M0149192,N,56,2,7885.44,0,1,0,2602.46,4185.28,3.4
M0149193,N,64,0,7546.66,1,0,0,1587.1,6777.97,0.68
M0149194,N,39,1,19749.78,0,1,1,6032.62,14732.11,1.95
M0149195,N,79,1,17266.5,0,0,0,15767.2,4512.0,2.33
M0149196,N,44,0,4218.91,0,1,1,1989.85,3224.5,0.0
M0149197,N,43,1,13034.38,0,0,2,2939.59,7311.34,0.0
M0149198,Y,68,5,198405.89,5,2,7,152800.94,105072.45,6.03
M0149199,N,64,1,17445.33,0,2,0,3174.58,26786.64,2.35
M0149200,N,42,1,6904.05,0,0,0,2449.06,4550.42,0.7
M0149201,N,59,0,17702.24,0,0,1,8786.43,10378.39,1.4
M0149202,N,57,1,5513.63,1,2,0,2481.05,6007.88,2.54
M0149203,Y,36,4,186638.72,2,1,2,108489.99,71584.13,5.2
M0149204,N,69,1,4167.1,0,0,0,2511.7,2962.35,2.25
M0149205,Y,53,5,146477.37,3,4,2,100380.16,70001.57,3.18
M0149206,N,72,0,6897.06,0,0,0,1445.52,8792.72,1.54
M0149207,N,38,0,15383.73,0,0,2,2586.96,10125.56,0.08
M0149208,N,60,1,6708.63,0,0,0,585.15,6707.54,0.66
M0149209,N,33,0,8845.67,0,0,1,2475.46,4443.1,0.0
M0149210,N,43,2,25834.86,0,2,0,1101.54,20063.2,1.78
M0149211,N,75,1,19182.25,0,0,0,13689.11,8480.76,2.15
M0149212,N,70,1,19467.67,0,0,0,7681.92,7650.35,1.2
M0149213,N,40,1,3875.13,1,2,0,815.16,4435.23,0.68
M0149214,N,21,0,8091.61,0,2,0,982.97,6389.53,1.34
M0149215,N,74,1,21166.21,0,0,0,12117.37,12896.97,0.52
M0149216,N,71,0,10713.55,0,0,0,657.35,9011.81,1.47
M0149217,N,44,0,3701.14,0,0,0,1875.33,2326.64,1.32
M0149218,N,33,0,13676.31,0,0,0,7679.27,5936.59,0.36
M0149219,N,70,1,9088.34,1,0,0,1201.53,9723.82,3.12
M0149220,N,58,1,51080.47,1,1,0,14054.53,26262.9,0.6
M0149221,N,35,0,16463.97,0,0,2,3865.71,12107.58,0.4
M0149222,N,34,2,27993.71,1,1,1,9486.24,21770.72,2.38
M0149223,N,31,0,17050.58,2,1,0,1504.33,12583.43,1.5
M0149224,N,46,1,11508.85,1,1,0,8424.32,8184.44,0.44
M0149225,N,31,2,3150.67,0,0,0,2328.47,2852.21,0.61
M0149226,N,61,1,6646.06,0,0,0,1864.95,5185.29,1.06
M0149227,Y,36,5,315940.22,3,3,5,68221.74,221797.05,6.11
M0149228,N,24,1,10742.42,0,0,0,4810.62,7401.53,0.69
M0149229,N,51,0,10979.39,0,0,1,1294.1,8259.37,0.0
M0149230,N,35,0,8291.23,0,2,0,771.01,7318.4,0.04
M0149231,N,28,0,18682.04,0,2,1,2628.14,19370.94,2.78
M0149232,N,54,0,12652.24,0,0,0,4906.81,5505.36,1.28
M0149233,N,30,0,10565.01,0,0,2,7616.18,2283.8,0.91
M0149234,N,49,2,10319.3,0,0,0,1864.23,10029.12,0.78
M0149235,N,76,1,18958.71,0,3,0,6187.92,12800.83,0.45
M0149236,Y,52,3,220584.97,3,3,1,49502.37,162742.7,2.0
M0149237,N,65,0,24570.27,0,1,0,970.93,19476.9,1.42
M0149238,N,45,3,3779.53,0,0,0,1127.34,4268.54,1.07
M0149239,N,33,0,10030.67,0,1,0,7554.67,4493.15,1.9
M0149240,N,43,1,6280.25,0,0,1,3919.48,5067.78,1.82
M0149241,N,51,2,43349.98,0,2,0,3441.7,32429.89,0.75
M0149242,N,48,0,8199.92,1,0,0,8547.56,4829.58,0.45
M0149243,N,18,2,3790.13,0,0,0,1293.03,4503.86,0.0
M0149244,N,63,2,26552.06,0,1,0,8915.03,34753.26,1.62
M0149245,N,24,0,10505.89,0,2,0,7436.52,9928.01,2.1
M0149246,N,55,0,6633.79,0,1,1,1262.76,3983.7,0.0
M0149247,N,36,3,27258.76,0,2,0,2405.61,28308.25,1.62
M0149248,N,65,1,7612.48,0,2,0,4815.47,6166.44,1.37
M0149249,Y,39,4,327848.97,3,6,5,73377.23,220998.79,3.49
M0149250,Y,43,5,133274.02,2,2,2,79945.0,82484.64,3.89
M0149251,N,44,2,21528.7,0,0,0,5383.37,13690.76,0.0
M0149252,N,79,1,6487.35,1,1,0,4981.52,3923.4,1.65
M0149253,N,61,3,41377.91,0,1,2,13467.62,24709.91,2.94
M0149254,N,65,1,16528.03,1,1,0,2859.07,12180.95,1.72
M0149255,N,71,0,5193.12,0,0,1,2324.29,3644.53,1.1
M0149256,N,57,1,20813.47,1,0,0,4164.8,17912.69,0.72
M0149257,N,45,1,16125.07,1,1,0,8781.73,6635.77,1.54
M0149258,N,18,1,7253.75,1,0,1,1800.17,7891.7,0.79
M0149259,N,30,0,11828.11,0,0,1,4665.39,10976.86,1.58
M0149260,N,65,0,11500.46,0,0,0,5250.44,13489.93,0.26
M0149261,N,62,1,33566.83,0,1,0,27492.21,6437.91,1.47
M0149262,N,24,0,13670.05,0,0,0,3843.64,8985.96,0.52
M0149263,N,63,0,10079.22,0,0,0,3266.08,9166.2,0.64
M0149264,N,30,0,9258.73,0,0,1,2141.76,6857.24,0.0
M0149265,N,21,0,16208.35,0,0,0,3427.17,15177.58,0.96
M0149266,N,79,2,8616.96,0,2,0,4213.1,4004.52,0.65
M0149267,N,20,1,4589.84,0,1,0,1403.76,3193.46,0.0
M0149268,N,63,2,3675.06,1,0,0,776.76,4407.59,0.19
M0149269,N,45,0,18250.85,0,1,1,7253.24,8347.5,1.44
M0149270,N,42,0,4481.28,0,0,0,946.84,3841.51,0.0
M0149271,N,59,1,9786.91,0,0,1,3987.12,9650.85,0.39
M0149272,N,60,3,37251.3,0,2,0,43851.63,16535.19,2.08
M0149273,N,77,0,3812.46,1,0,0,1205.87,4015.19,1.56
M0149274,N,60,0,3643.14,0,0,0,1691.76,1577.43,1.39
M0149275,N,39,0,6542.0,0,1,1,2425.26,3468.91,3.23
M0149276,N,25,4,23447.66,0,1,2,8912.95,15206.89,3.31
M0149277,Y,55,6,245272.39,2,5,5,65820.44,185525.99,7.11
M0149278,N,65,1,6547.42,0,1,0,1636.61,3498.41,1.69
M0149279,N,28,1,9323.28,1,0,0,5080.0,9000.02,2.66
M0149280,N,70,1,7640.59,0,2,0,1855.5,11575.77,2.18
M0149281,Y,79,4,927309.73,4,6,4,124503.14,694583.42,8.39
M0149282,N,26,1,6310.64,0,1,0,3036.75,5779.2,1.28
M0149283,N,73,1,9784.95,0,0,0,842.45,7090.07,0.0
M0149284,N,33,2,6316.71,0,0,0,3301.2,3783.84,0.75
M0149285,N,57,1,11553.45,0,0,0,4420.36,5543.25,0.47
M0149286,N,77,2,19649.87,1,1,0,6459.33,18283.7,1.54
M0149287,N,71,0,4947.64,1,0,0,1796.97,6850.71,0.84
M0149288,N,66,1,17594.01,0,1,0,6106.04,10402.85,2.23
M0149289,N,64,0,7941.94,0,1,0,1039.74,8518.98,0.84
M0149290,N,72,0,8295.88,1,0,1,2739.17,10019.04,1.98
M0149291,N,37,1,9413.46,0,0,1,8327.44,7103.11,1.13
M0149292,N,37,1,3631.89,1,1,0,1677.54,4545.42,1.08
M0149293,N,76,1,8460.25,1,2,1,5751.81,4401.37,1.15
M0149294,N,33,2,27595.79,0,2,0,13329.89,10120.21,1.59
M0149295,N,59,0,12139.95,0,0,0,7282.73,3175.17,0.91
M0149296,N,54,1,6156.81,0,0,2,2673.98,4556.84,1.12
M0149297,N,28,0,2961.63,0,1,1,472.42,2957.97,0.0
M0149298,N,72,1,16850.77,1,4,1,10382.04,12698.18,1.01
M0149299,N,21,1,23618.82,0,0,1,6383.7,17043.15,0.95
M0149300,N,29,0,4055.52,0,0,1,3513.82,1553.18,0.59
M0149301,N,34,1,17062.48,0,1,1,6251.49,18750.01,2.65
M0149302,N,24,1,7589.91,0,0,0,2806.43,9281.53,0.5
M0149303,N,77,3,15223.95,1,1,0,3973.97,15945.02,1.6
M0149304,N,68,1,8692.87,1,1,2,2614.49,7640.08,1.57
M0149305,N,36,0,21488.17,0,1,0,6754.71,17815.16,2.83
M0149306,N,24,1,8544.28,0,0,1,2419.35,5009.29,0.0
M0149307,N,18,1,15371.42,0,0,0,3135.02,10963.86,0.0
M0149308,N,37,0,6970.69,0,0,0,747.9,9238.11,0.0
M0149309,N,20,2,4642.5,0,0,0,4364.39,3598.9,1.19
M0149310,N,50,1,9531.16,1,3,2,4486.71,3491.05,1.89
M0149311,N,52,0,2195.38,0,0,1,1773.65,1032.43,0.9
M0149312,N,52,0,16535.3,0,0,0,15279.09,1526.47,1.56
M0149313,N,71,1,16508.99,1,3,0,11952.06,3170.92,0.21
M0149314,N,35,1,7021.37,0,0,0,3205.28,2800.58,0.52
M0149315,N,62,1,16573.31,0,1,0,5272.46,18831.85,0.56
M0149316,N,60,1,8488.59,0,1,0,4390.31,5010.77,0.04
M0149317,N,56,0,6720.04,0,1,0,2418.74,4631.69,0.22
M0149318,N,37,1,15026.1,0,0,0,5522.21,10226.33,2.12
M0149319,N,18,2,15854.62,0,0,0,4167.54,9994.11,0.04
M0149320,N,70,1,14962.62,0,3,0,3730.95,15984.96,1.14
M0149321,N,25,0,21291.22,0,1,0,8343.46,14066.37,3.18
M0149322,N,55,2,5597.01,0,0,1,3182.76,4944.45,1.34
M0149323,N,78,1,6016.06,0,0,0,1224.61,7559.6,0.05
M0149324,N,49,2,14941.07,0,1,0,4095.41,12151.96,0.75
M0149325,N,34,3,30666.27,1,0,2,7013.98,19758.17,1.72
M0149326,N,77,0,10542.33,1,1,1,1326.7,10712.3,0.97
M0149327,N,78,0,12476.04,0,1,0,799.69,12008.19,1.74
M0149328,N,67,0,4704.39,0,0,0,579.36,6386.86,0.72
M0149329,N,31,1,18619.82,0,0,1,8341.09,11641.19,0.09
M0149330,N,21,0,8785.96,0,3,0,666.3,6923.78,0.21
M0149331,N,75,1,18239.17,0,2,2,4038.73,11707.93,1.75
M0149332,N,26,1,42125.84,0,1,1,38263.43,6496.6,1.05
M0149333,N,74,0,6883.54,0,0,0,377.07,8346.57,1.39
M0149334,N,80,1,5106.76,0,1,1,923.16,5976.31,1.01
M0149335,N,23,1,20306.57,0,3,1,19334.17,13022.69,2.02
M0149336,N,72,0,3202.75,0,0,0,607.64,2138.01,0.97
M0149337,N,52,2,12151.37,0,1,0,4080.7,7633.07,0.26
M0149338,N,58,1,10543.97,0,1,1,2267.23,6417.04,0.81
M0149339,N,29,1,7097.13,1,0,1,1290.15,4852.43,0.0
M0149340,N,71,0,3589.91,0,1,1,843.93,3070.8,1.8
M0149341,N,29,1,2995.91,0,0,0,1841.34,2340.18,2.22
M0149342,N,59,1,9579.21,0,0,1,4410.51,6272.23,0.31
M0149343,N,45,1,16088.93,0,1,0,4103.51,17797.58,0.36
M0149344,N,57,0,8140.73,0,0,0,319.44,10732.43,1.1
M0149345,N,31,1,6613.56,0,1,0,1308.39,7856.98,0.83
M0149346,N,45,0,1749.24,0,0,0,530.99,2534.01,0.41
M0149347,N,33,4,20411.57,0,2,0,6080.19,14041.2,2.72
M0149348,Y,82,6,204458.94,2,4,2,84979.7,178057.93,5.8
M0149349,N,48,1,4259.17,0,0,0,1916.62,3456.75,1.5
M0149350,N,27,0,6065.9,0,0,0,2791.1,3550.43,0.6
M0149351,N,57,1,6564.04,0,1,0,1655.29,5982.2,0.28
M0149352,N,32,1,10927.01,1,2,0,7647.05,9447.32,2.24
M0149353,N,35,2,8504.85,0,0,0,1673.44,6381.47,1.14
M0149354,N,32,1,14930.2,0,0,0,3875.36,21468.15,1.35
M0149355,N,43,0,2400.42,0,0,1,662.59,2382.15,0.63
M0149356,N,68,5,20056.4,1,4,0,6696.55,18633.76,2.33
M0149357,N,31,1,6861.55,0,0,1,1362.6,4003.93,1.61
M0149358,N,71,0,9438.13,1,2,0,6978.75,8709.25,0.55
M0149359,N,80,1,20259.5,1,1,0,1589.89,17619.9,0.75
M0149360,N,25,0,21627.19,0,0,0,3648.94,23916.76,0.47
M0149361,N,39,0,19670.29,0,1,0,506.43,17940.67,0.75
M0149362,N,62,1,4630.94,0,0,0,2108.37,2687.94,0.14
M0149363,N,29,2,23805.6,1,0,0,6702.88,18614.42,0.59
M0149364,N,70,2,30233.98,0,0,1,1964.14,27982.08,2.04
M0149365,N,41,0,8850.01,0,0,0,1789.33,6849.19,2.0
M0149366,N,27,0,8336.55,1,1,0,4912.77,5519.47,0.56
M0149367,N,70,0,1740.49,0,0,0,400.03,2231.25,0.56
M0149368,N,64,0,6349.13,0,0,0,3589.47,5296.54,1.69
M0149369,N,59,1,5872.22,0,0,0,952.98,4947.04,1.21
M0149370,N,78,1,6528.52,0,0,0,1978.45,4564.11,0.91
M0149371,N,47,3,26240.38,0,1,0,3506.78,27927.64,2.16
M0149372,N,74,1,7196.33,0,0,1,2077.68,6856.87,1.46
M0149373,N,41,2,7623.89,0,0,0,8682.44,1413.54,0.93
M0149374,N,45,0,10145.11,0,0,1,571.37,8407.72,1.16
M0149375,N,21,0,4707.68,0,0,0,1084.86,3302.71,1.66
M0149376,N,54,0,24127.51,0,0,0,8337.27,13268.77,1.57
M0149377,N,25,2,3482.36,0,1,0,1176.67,1668.45,0.78
M0149378,N,63,1,6450.7,0,2,1,3181.49,3558.22,0.12
M0149379,N,44,0,12244.38,1,0,0,4363.78,6738.31,1.11
M0149380,N,26,1,5423.27,0,0,0,2998.23,4421.31,0.17
M0149381,N,55,1,5314.91,0,0,2,1273.43,7913.04,1.83
M0149382,N,65,1,3740.28,2,0,0,1476.76,3267.44,3.62
M0149383,N,63,1,13846.2,0,1,1,5073.84,12753.34,2.85
M0149384,N,56,3,45514.96,0,2,1,18025.04,31558.66,2.47
M0149385,N,31,1,12867.63,0,1,0,3634.17,7071.49,0.87
M0149386,N,46,2,8078.37,1,1,0,2523.77,11001.01,0.0
M0149387,N,58,2,15068.28,0,0,0,8168.17,18944.79,1.51
M0149388,N,58,1,8607.05,0,2,0,3544.6,4721.83,0.0
M0149389,N,35,0,14152.69,0,0,0,2621.81,12553.42,0.4
M0149390,N,70,1,8817.0,0,0,1,2513.72,4960.28,0.0
M0149391,N,53,1,5477.08,1,0,1,1584.99,3350.07,1.49
M0149392,Y,44,3,212522.24,6,9,7,102645.85,83235.34,7.52
M0149393,N,38,0,22390.38,0,1,0,12101.34,13671.62,0.88
M0149394,N,59,1,7745.45,0,1,0,3261.41,5595.65,0.33
M0149395,N,28,1,5855.2,0,0,0,1433.13,8159.62,2.88
M0149396,Y,59,5,293097.73,2,4,2,48161.4,239429.11,4.99
M0149397,N,31,0,28266.29,1,0,1,6003.13,20180.63,0.26
M0149398,N,72,1,6344.61,0,0,1,3881.03,3288.55,2.3
M0149399,N,68,1,11793.83,1,0,0,2316.98,13688.62,1.28
M0149400,N,27,2,71253.94,0,0,2,6585.28,51850.34,3.37
M0149401,N,47,0,16908.33,0,2,0,7841.7,11042.21,2.07
M0149402,N,76,0,14440.68,0,0,0,476.44,12667.49,1.51
M0149403,N,54,1,25067.7,0,3,0,9700.75,17696.0,0.0
M0149404,N,41,1,21618.57,0,0,0,7431.6,20010.48,0.07
M0149405,N,42,3,16972.76,0,0,0,2901.9,20248.2,1.68
M0149406,N,19,1,4058.76,0,1,0,1131.01,5202.9,0.19
M0149407,N,58,0,2982.79,0,1,0,514.16,2759.74,0.43
M0149408,N,44,1,24855.47,0,0,1,18804.2,10375.62,1.95
M0149409,N,23,0,5047.59,0,0,1,1890.69,3249.13,1.58
M0149410,N,59,0,6175.32,0,1,1,6140.82,3299.6,2.03
M0149411,N,74,1,26006.19,1,2,2,7108.82,14477.48,0.0
M0149412,N,49,0,3296.52,0,0,1,1798.94,2629.37,0.98
M0149413,N,38,1,21711.2,1,1,1,6318.54,16164.47,0.5
M0149414,N,18,1,18918.82,0,3,2,4341.48,17099.86,1.94
M0149415,N,80,1,10573.61,0,0,0,4394.29,11145.27,0.36
M0149416,N,52,0,4923.32,1,0,0,2660.61,4124.68,0.29
M0149417,N,66,1,17136.86,0,1,0,3878.96,10315.4,1.48
M0149418,Y,70,5,177676.24,2,2,2,58932.31,137979.86,4.97
M0149419,N,70,1,28490.11,0,0,0,2114.41,25994.13,1.12
M0149420,N,40,0,6301.7,0,1,0,1306.09,4801.16,0.0
M0149421,N,36,0,4087.27,0,0,0,735.36,3485.26,1.64
M0149422,N,32,0,5308.16,0,0,1,1438.33,7077.32,2.46
M0149423,N,79,2,13224.03,1,1,0,7770.85,11311.58,2.63
M0149424,N,63,1,6273.09,0,1,0,1197.39,4977.26,1.29
M0149425,N,21,1,14889.17,1,2,1,5701.59,8606.7,2.19
M0149426,N,44,2,35144.24,0,1,0,9663.81,24368.35,1.14
M0149427,N,71,1,3274.55,0,0,0,1309.17,4433.49,0.86
M0149428,N,21,2,6411.35,0,0,0,1748.82,5813.83,2.29
M0149429,N,24,0,7457.23,0,1,1,3033.76,4014.21,1.85
M0149430,N,63,0,12338.25,0,0,0,1677.23,8685.24,1.49
M0149431,N,26,2,16810.93,0,1,2,1819.5,14615.86,1.82
M0149432,N,77,1,9122.69,0,1,0,1646.72,6955.69,1.35
M0149433,N,35,2,13346.56,0,2,0,4020.73,10862.31,1.04
M0149434,N,48,3,5677.33,0,0,1,1136.31,5619.89,2.42
M0149435,N,35,0,10079.44,1,0,1,2983.54,8106.42,0.24
M0149436,N,37,2,21873.77,0,1,0,2992.11,24692.99,1.24
M0149437,N,49,0,12661.6,1,0,0,5120.59,6995.06,1.2
M0149438,N,78,0,8652.03,0,0,0,1505.57,7233.83,1.45
M0149439,N,74,0,12051.52,0,0,0,7442.33,7677.88,1.19
M0149440,N,70,1,16782.81,0,0,0,3095.15,12756.31,1.52
M0149441,N,31,1,9412.57,0,0,0,5599.81,7815.0,0.64
M0149442,N,26,1,6250.51,0,1,0,4035.39,5276.78,1.79
M0149443,N,73,4,31914.39,0,5,2,3363.42,22712.97,1.86
M0149444,N,23,2,4386.5,1,0,0,349.85,5940.43,0.21
M0149445,N,29,1,13900.24,0,0,0,7099.99,9677.88,1.46
M0149446,N,74,0,10162.82,0,0,0,1398.71,6999.24,0.0
M0149447,N,66,0,6478.18,0,1,0,1950.96,4484.16,0.71
M0149448,N,61,0,18272.45,1,0,0,6990.23,7720.97,2.42
M0149449,N,77,0,6475.05,0,0,1,1860.45,5044.39,1.4
M0149450,N,19,1,6197.53,1,1,0,1347.16,3652.74,0.71
M0149451,N,25,0,13305.92,1,1,1,1199.83,10901.44,0.82
M0149452,N,59,2,17667.85,0,0,1,2657.85,13767.49,0.14
M0149453,Y,67,7,131481.23,5,5,5,53708.84,132428.09,4.93
M0149454,N,48,0,10082.41,0,0,0,3007.73,9167.73,0.89
M0149455,N,56,1,5751.85,0,0,0,562.7,6501.19,0.98
M0149456,N,31,1,45436.55,0,0,0,4352.03,40933.61,2.39
M0149457,N,22,3,37876.89,0,1,2,21840.11,8556.06,1.92
M0149458,N,73,1,20223.07,1,0,0,1196.8,16928.74,0.0
M0149459,N,54,0,5888.32,0,1,0,3061.8,3354.88,0.39
M0149460,N,19,2,29833.83,0,0,0,2020.9,24279.43,1.58
M0149461,N,35,1,5053.06,0,1,0,1727.13,4838.56,1.22
M0149462,Y,44,7,71086.56,2,4,2,46905.96,52631.25,2.61
M0149463,N,23,1,5536.48,1,0,0,635.83,5384.02,0.32
M0149464,N,30,1,5190.99,0,0,0,804.02,4381.24,1.7
M0149465,N,47,2,11145.43,0,0,0,3113.84,8612.97,1.93
M0149466,N,73,2,16195.92,0,1,1,4567.68,10498.21,0.87
M0149467,N,66,3,26465.6,0,0,0,6007.6,20955.83,1.06
M0149468,N,67,0,17025.5,0,0,0,2764.13,14855.25,2.56
M0149469,N,58,2,7145.57,0,0,0,936.37,10412.71,1.35
M0149470,N,61,0,31406.38,0,2,0,9370.54,17913.93,0.21
M0149471,N,37,0,6939.18,0,0,1,825.61,8099.64,0.25
M0149472,N,61,0,4594.13,1,0,1,1981.08,6163.11,1.64
M0149473,N,58,1,26053.49,0,0,0,3749.22,20431.66,0.0
M0149474,N,65,1,6322.73,1,0,0,995.38,4790.06,0.77
M0149475,N,69,2,10896.34,0,1,0,5136.29,4247.43,1.91
M0149476,N,54,3,4898.44,0,0,0,904.62,4722.2,1.9
M0149477,N,69,2,8438.56,1,1,0,7177.18,5597.4,2.81
M0149478,N,30,1,5361.2,0,0,0,3387.55,2867.6,0.1
M0149479,N,26,2,17285.3,0,0,1,2717.46,15445.71,2.66
M0149480,N,56,0,3636.98,0,0,0,2278.37,2511.23,0.69
M0149481,N,36,2,11082.99,0,0,0,6051.11,10860.17,1.45
M0149482,N,51,2,10302.46,0,0,1,4502.55,4967.82,0.78
M0149483,N,77,2,23719.9,1,1,0,16663.02,17394.25,2.1
M0149484,N,49,1,22239.15,0,1,1,6495.22,12256.38,2.43
M0149485,N,40,0,6068.34,1,0,1,1229.44,5972.42,0.48
M0149486,N,52,0,2963.91,0,1,0,2816.37,1547.85,0.92
M0149487,N,50,0,11551.54,0,1,0,769.39,11686.59,0.6
M0149488,N,71,0,12871.07,0,0,0,1064.92,15270.38,2.08
M0149489,N,50,1,12934.33,0,2,1,4212.51,10031.44,3.32
M0149490,N,27,0,10341.64,0,0,0,2004.73,7044.24,1.31
M0149491,N,69,2,29973.58,1,1,0,8484.81,18299.91,2.15
M0149492,N,27,1,9096.35,1,0,0,1089.03,10848.66,0.0
M0149493,N,54,1,10004.38,2,0,0,3864.07,11304.29,2.76
M0149494,N,60,0,10162.89,0,0,0,2599.82,6010.58,0.94
M0149495,N,19,2,5030.28,0,0,0,721.69,4990.33,0.76
M0149496,N,27,1,9878.25,0,1,2,7111.65,3787.57,1.39
M0149497,N,78,3,39828.76,1,1,0,8986.79,24124.42,1.93
M0149498,N,52,1,7095.6,0,0,0,3588.32,5633.45,0.4
M0149499,N,46,1,21316.75,0,0,0,9273.99,27195.3,0.72
M0149500,N,47,1,9816.55,0,1,1,1410.81,9270.13,1.16
M0149501,N,36,1,10002.53,0,2,1,4045.53,4312.18,0.57
M0149502,N,25,0,6002.24,0,0,1,913.74,5858.28,0.37
M0149503,N,53,4,21462.89,0,0,0,1122.9,15663.88,0.86
M0149504,N,28,0,7207.15,0,1,1,567.58,5483.23,0.82
M0149505,N,80,1,7574.69,0,1,0,2390.9,9905.7,0.97
M0149506,N,21,1,16421.29,1,0,0,1873.98,16711.93,1.45
M0149507,N,45,0,13103.44,0,0,0,5115.24,7818.13,0.66
M0149508,N,67,0,7917.01,0,0,0,2384.42,3876.93,0.0
M0149509,N,43,1,5703.25,0,1,0,1380.44,3568.64,0.11
M0149510,N,67,0,11784.96,0,0,0,2108.24,13349.47,0.79
M0149511,N,66,2,46383.31,0,0,1,5538.3,31759.85,2.09
M0149512,N,66,1,5265.95,0,0,0,730.43,4073.19,1.38
M0149513,N,61,0,20767.79,0,1,0,1998.45,16871.2,1.69
M0149514,N,41,1,5668.57,0,0,0,1578.98,7637.17,1.13
M0149515,N,55,3,9405.59,0,0,1,4385.83,10469.0,1.2
M0149516,N,27,1,10136.09,0,2,0,9698.43,3518.59,0.35
M0149517,N,50,3,15498.66,0,0,2,2748.2,14479.6,0.56
M0149518,N,56,1,9950.82,0,1,1,6325.15,5761.35,1.87
M0149519,N,18,2,28596.29,0,0,1,5451.81,21343.04,1.79
M0149520,N,68,1,8970.84,0,0,0,3243.0,4177.56,0.17
M0149521,N,51,0,12932.34,1,0,0,5919.87,4463.18,1.74
M0149522,N,38,0,8113.48,0,0,0,1357.48,8607.11,0.0
M0149523,N,22,0,11430.96,0,0,0,1258.82,10809.9,0.72
M0149524,N,52,0,6065.12,0,0,0,993.57,4738.06,0.58
M0149525,N,37,0,4026.93,0,1,0,656.76,5871.74,1.83
M0149526,N,18,1,5943.81,0,0,0,7165.29,3409.91,1.72
M0149527,N,72,1,29754.42,1,0,0,22344.02,21684.47,1.79
M0149528,N,55,4,26390.77,0,2,0,9780.47,23074.05,1.54
M0149529,N,80,2,15364.26,0,0,0,1883.7,17804.75,0.02
M0149530,N,42,1,3668.28,0,2,1,996.83,4879.45,1.13
M0149531,Y,56,8,242620.39,3,1,6,87832.94,154554.07,4.62
M0149532,N,18,2,32146.84,0,1,0,15644.99,15029.52,1.85
M0149533,N,72,0,9864.49,0,0,1,3615.86,5585.13,2.0
M0149534,N,51,2,12585.63,1,1,2,2100.49,19441.15,2.91
M0149535,N,78,1,18041.27,0,3,0,1715.11,24264.21,0.83
M0149536,N,76,0,10765.39,0,2,0,4518.88,9591.82,1.22
M0149537,N,38,0,7627.48,1,0,0,455.42,8681.54,0.84
M0149538,N,54,2,7194.25,0,1,0,5662.82,6204.61,1.98
M0149539,N,27,1,4020.53,0,1,0,1803.63,2244.68,0.0
M0149540,N,27,0,9339.96,0,0,0,1414.44,9185.41,1.36
M0149541,N,72,1,15360.38,0,0,1,2842.21,24333.42,0.0
M0149542,N,32,1,8523.47,0,1,0,1601.38,12729.63,2.88
M0149543,N,41,2,22763.56,0,3,0,4016.55,27233.37,1.04
M0149544,N,56,0,18997.16,0,1,0,4895.67,10228.67,0.0
M0149545,N,20,0,9198.55,0,1,1,3627.51,9060.21,0.83
M0149546,N,22,2,26718.15,0,0,0,8279.24,18283.82,1.8
M0149547,Y,52,8,254909.58,4,3,6,101504.63,217857.67,4.11
M0149548,N,21,2,9302.41,0,1,0,3565.98,5125.4,2.61
M0149549,N,70,0,2802.71,0,0,0,640.22,1572.07,0.39
M0149550,N,50,1,6927.92,0,0,1,325.04,5424.49,1.53
M0149551,N,22,0,1927.14,0,1,0,688.32,2665.99,1.28
M0149552,N,35,0,8815.77,0,0,0,1184.17,6114.73,0.61
M0149553,N,21,0,14015.98,0,0,0,4422.67,7111.73,2.4
M0149554,N,52,1,11914.81,0,1,0,2803.88,10119.66,0.9
M0149555,N,42,0,5137.26,0,0,1,3014.75,3160.31,0.0
M0149556,N,26,3,14034.72,1,3,1,1463.06,13413.07,0.44
M0149557,N,27,2,6752.98,0,1,0,1688.82,5989.19,0.42
M0149558,N,78,1,11926.5,1,1,0,4344.63,5617.8,1.59
M0149559,N,26,0,11790.35,1,0,0,7854.1,5292.02,1.31
M0149560,N,67,2,3538.1,0,0,0,500.13,4729.82,0.12
M0149561,N,50,1,3774.78,0,0,1,2349.26,2309.0,0.13
M0149562,N,78,0,2552.06,1,0,0,896.69,2938.9,0.67
M0149563,Y,75,7,162877.3,2,1,2,66174.14,93880.29,6.18
M0149564,N,70,0,4076.64,0,1,0,3184.82,4198.77,0.67
M0149565,N,55,3,4520.22,0,2,0,3764.5,2349.82,0.76
M0149566,N,29,2,19457.0,0,1,0,9579.6,16295.1,1.52
M0149567,N,51,0,10323.36,0,0,0,3664.49,8523.37,1.93
M0149568,N,65,1,15099.68,1,0,0,2092.61,10955.64,0.07
M0149569,N,33,4,24514.36,2,2,0,11815.35,9671.12,3.02
M0149570,N,75,3,8835.11,0,0,0,1792.29,7416.36,1.83
M0149571,N,61,0,11649.91,0,0,2,3194.0,10276.48,0.32
M0149572,N,62,1,11196.38,0,2,0,3065.28,7862.5,1.21
M0149573,N,46,1,11711.77,1,0,0,1509.76,7808.96,0.49
M0149574,N,21,2,6747.03,0,2,0,727.74,5120.52,0.69
M0149575,N,20,2,5223.94,0,0,0,2475.12,2642.83,0.75
M0149576,N,36,3,51329.83,0,2,1,27129.43,27447.3,2.87
M0149577,N,19,1,35815.74,1,4,0,11425.27,18277.27,2.05
M0149578,N,56,1,12201.97,0,0,0,7290.59,11127.94,1.45
M0149579,N,74,3,38594.78,0,2,0,7515.7,26201.09,2.31
M0149580,N,31,1,7405.2,0,0,0,610.16,6421.96,1.72
M0149581,N,65,0,3050.0,1,1,0,435.42,4153.71,0.0
M0149582,N,60,2,20097.08,0,1,0,11451.44,8046.88,0.0
M0149583,N,59,0,7173.97,0,0,0,4400.0,5321.03,0.86
M0149584,N,55,2,11670.39,1,0,0,3342.93,5782.19,0.3
M0149585,N,68,3,28244.35,0,2,1,7981.48,15339.25,0.92
M0149586,N,53,0,3786.14,0,1,0,1793.67,4326.3,0.42
M0149587,N,74,0,23233.9,0,0,0,2503.76,19997.35,0.67
M0149588,N,73,2,27922.17,1,0,1,4093.06,20197.0,0.51
M0149589,N,77,2,13601.17,0,2,0,3430.35,12453.54,2.73
M0149590,N,70,1,14622.33,0,2,1,2607.16,9850.39,1.38
M0149591,N,79,2,20468.19,0,0,0,7486.69,12931.94,1.44
M0149592,N,31,4,16651.66,0,2,0,5878.9,12969.04,1.5
M0149593,N,38,0,5499.67,0,2,0,1461.59,3142.47,0.0
M0149594,N,73,0,6303.93,0,0,0,1617.88,6055.03,0.0
M0149595,N,32,0,13370.08,1,1,0,3343.83,17848.54,2.46
M0149596,N,28,2,12092.24,0,2,0,1222.32,14446.07,2.91
M0149597,N,18,0,11588.09,0,0,0,624.4,9169.14,1.4
M0149598,N,24,3,9596.81,0,0,0,1116.07,6613.42,1.74
M0149599,N,41,0,9079.27,1,1,1,7395.06,4290.17,2.22
M0149600,N,55,2,24137.95,0,2,2,4663.9,19692.92,2.99
M0149601,N,34,0,7226.08,1,1,0,2305.3,3687.64,0.5
M0149602,N,27,1,9882.27,0,0,0,2506.15,5793.57,1.48
M0149603,N,55,0,8772.31,1,2,1,1526.28,8457.74,1.08
M0149604,N,40,3,27843.26,0,0,0,2311.5,21522.5,0.72
M0149605,N,59,0,4553.19,0,0,0,1821.3,4020.73,1.05
M0149606,N,64,0,8838.54,0,1,3,4093.76,7568.41,1.22
M0149607,N,63,0,8288.29,0,1,0,2769.68,4460.21,1.55
M0149608,N,51,1,16367.0,0,3,0,9982.75,4437.62,0.48
M0149609,N,38,1,7549.08,0,2,0,3804.83,7363.71,0.91
M0149610,N,64,0,5403.64,0,0,0,1572.24,5305.4,0.24
M0149611,N,75,2,39895.6,0,1,2,4045.45,28589.76,0.99
M0149612,N,43,1,15099.67,0,0,1,6652.24,5571.16,0.62
M0149613,N,21,1,4274.5,0,0,0,2135.22,2215.28,0.31
M0149614,N,33,1,11849.41,0,2,0,1930.93,12661.49,2.21
M0149615,N,18,2,7768.26,0,1,1,767.72,7329.17,0.08
M0149616,N,63,0,5838.83,0,0,0,5007.41,4000.62,0.77
M0149617,N,61,1,7214.08,2,0,0,1324.11,9948.03,0.7
M0149618,N,30,1,8418.74,0,1,0,1961.97,7164.06,0.94
M0149619,N,56,3,22023.66,0,0,0,4165.1,13416.74,2.3
M0149620,N,38,1,3297.87,0,0,0,1061.57,4172.93,0.57
M0149621,N,40,1,9191.58,0,1,0,2429.96,5530.12,0.0
M0149622,N,59,0,7019.02,0,1,1,2623.2,5310.59,0.0
M0149623,N,72,2,12232.59,1,1,0,3236.09,9008.91,1.68
M0149624,N,56,0,6646.49,0,0,0,1644.42,9678.38,0.63
M0149625,N,26,0,5192.73,0,0,0,646.56,7155.59,0.0
M0149626,N,44,1,6146.57,0,0,0,2413.85,3937.34,0.0
M0149627,N,71,1,28770.78,1,2,0,4634.4,23590.65,1.63
M0149628,N,45,0,14295.35,0,0,0,4773.25,9448.72,0.35
M0149629,N,26,1,17195.58,1,2,1,4969.21,15418.08,0.69
M0149630,N,42,0,8595.17,0,0,0,3279.66,11123.2,2.06
M0149631,N,46,2,9718.42,0,0,0,1870.34,7911.48,1.94
M0149632,N,58,0,10819.38,1,1,0,4194.79,10813.84,0.69
M0149633,N,40,2,15438.14,0,0,0,1648.69,13312.61,0.0
M0149634,N,25,0,4354.52,1,2,0,1576.89,3815.07,0.67
M0149635,N,80,0,5793.1,0,1,0,1038.33,3641.56,0.02
M0149636,Y,85,6,91566.13,1,4,1,39802.05,66711.51,3.37
M0149637,N,29,0,5113.2,1,0,0,1466.17,5983.16,0.0
M0149638,N,56,2,15773.42,0,0,0,2041.86,13093.96,1.6
M0149639,N,33,0,10258.11,0,0,1,3743.38,8232.59,1.97
M0149640,N,35,2,11900.7,1,2,0,3613.51,11696.0,0.68
M0149641,N,61,0,17454.12,2,1,0,3189.54,14990.86,1.88
M0149642,N,36,0,10554.57,0,1,0,1261.3,9364.73,2.03
M0149643,N,68,1,8296.44,1,0,0,2132.44,9402.77,0.23
M0149644,N,38,0,3440.85,0,0,0,655.37,3688.42,0.84
M0149645,N,21,0,4703.64,1,1,0,1540.9,3664.36,1.7
M0149646,N,19,2,4030.76,0,0,0,1324.77,3599.46,0.0
M0149647,N,38,0,17478.51,1,0,0,6582.3,7919.17,2.1
M0149648,N,44,1,32712.11,0,1,0,6102.53,20151.25,1.78
M0149649,N,53,1,3738.37,0,0,0,3772.85,2406.83,1.07
M0149650,N,74,0,8945.7,0,1,0,4732.23,3787.09,0.59
M0149651,N,47,2,7888.35,1,1,0,2174.55,12082.47,1.82
M0149652,N,71,2,14366.56,0,2,1,6734.75,9359.98,1.56
M0149653,N,37,0,14501.94,0,0,0,878.67,13100.85,1.04
M0149654,N,60,2,22991.06,1,2,0,5748.4,13919.08,0.81
M0149655,N,29,0,14954.01,0,1,0,884.49,11944.29,0.04
M0149656,N,37,1,21153.24,0,0,1,11186.05,16174.77,0.86
M0149657,N,80,1,4476.07,0,0,0,392.63,3696.01,1.39
M0149658,N,76,2,30984.44,1,2,1,3402.52,52606.34,1.84
M0149659,N,55,1,19960.3,0,2,0,3595.85,18596.57,0.08
M0149660,N,26,1,10291.88,0,1,0,3991.57,9828.12,0.98
M0149661,Y,57,4,152670.81,5,4,2,67489.48,72337.27,2.76
M0149662,Y,39,4,234636.94,5,4,3,119084.44,118388.65,5.27
M0149663,N,34,1,12229.24,0,1,0,7069.64,4763.02,0.0
M0149664,N,29,2,19139.53,0,2,1,2884.91,16163.13,2.4
M0149665,N,50,0,33025.06,0,0,1,10148.42,16572.21,0.73
M0149666,N,49,1,2307.01,0,0,0,1715.89,2120.69,0.3
M0149667,N,73,0,10731.66,0,0,0,858.78,9482.91,0.64
M0149668,N,75,0,5652.61,0,0,0,383.3,7103.53,0.17
M0149669,N,54,0,24833.07,1,0,1,6400.21,13015.14,0.3
M0149670,N,38,2,25095.17,0,1,0,9418.69,10823.48,1.92
M0149671,N,22,1,7214.57,0,0,1,1976.1,8428.38,0.43
M0149672,N,37,3,21829.13,0,1,0,5736.42,14963.38,0.63
M0149673,N,57,1,6634.18,0,0,1,1618.84,8987.9,1.11
M0149674,N,51,3,7672.35,0,0,2,1921.98,4072.79,1.35
M0149675,N,43,0,7242.61,0,3,0,2255.78,9753.34,0.89
M0149676,N,48,0,15852.25,1,1,0,1870.39,13170.87,0.0
M0149677,N,44,1,9316.36,0,2,0,4694.08,9970.71,0.61
M0149678,N,34,0,3484.43,0,1,0,448.35,3161.24,0.0
M0149679,N,22,2,16731.91,0,2,1,3490.26,13773.31,2.01
M0149680,N,40,0,3959.77,0,0,0,1370.47,3159.09,1.94
M0149681,N,62,1,6957.79,0,0,0,1431.94,5221.17,1.51
M0149682,N,52,3,2400.77,0,0,0,1125.88,2269.84,1.34
M0149683,N,47,1,9925.74,0,1,0,2546.11,5745.48,1.73
M0149684,N,34,2,14975.15,1,3,0,2460.99,11288.68,0.99
M0149685,N,45,0,73587.72,0,2,0,18377.52,51355.15,2.86
M0149686,N,49,2,22122.57,0,0,0,11581.5,7127.81,2.23
M0149687,N,55,0,3662.59,0,1,2,1992.45,2032.66,1.12
M0149688,N,55,3,14407.65,0,0,4,2754.78,10385.64,1.64
M0149689,N,36,1,4713.16,2,1,0,874.67,2987.14,0.0
M0149690,N,61,1,16783.02,1,1,0,6953.47,7200.17,2.0
M0149691,N,19,0,8549.74,0,0,0,1649.63,5157.62,0.5
M0149692,N,71,2,26882.72,0,0,2,1860.49,25538.31,0.9
M0149693,N,53,0,16063.88,0,1,0,2698.07,10363.52,0.0
M0149694,N,38,1,5732.14,0,0,1,1024.71,3488.07,0.25
M0149695,N,26,0,27833.2,0,0,1,12761.97,10172.33,2.13
M0149696,N,56,1,8094.13,0,0,0,1756.33,4651.97,0.0
M0149697,N,27,2,11093.23,0,1,2,2471.39,10860.02,0.62
M0149698,N,20,0,11568.86,0,1,1,1529.85,8866.03,1.27
M0149699,N,23,1,8676.79,0,1,1,4617.79,4045.68,1.09
M0149700,N,34,1,6937.6,0,0,0,1375.74,5187.75,0.0
M0149701,N,59,1,5810.59,0,0,1,3656.87,4121.18,0.0
M0149702,N,43,0,17385.05,0,2,1,2207.37,18695.94,2.24
M0149703,N,28,2,13687.63,1,2,0,5011.49,6000.91,0.73
M0149704,N,32,1,4561.49,1,0,0,2641.76,5442.11,2.31
M0149705,N,77,1,7925.23,0,1,0,690.7,5778.4,0.75
M0149706,N,80,0,21982.47,0,0,0,7950.81,13407.89,2.37
M0149707,N,68,1,10671.06,0,2,0,2008.3,8093.79,1.54
M0149708,N,44,2,14942.99,1,1,0,2089.83,10761.12,2.42
M0149709,N,22,1,22094.7,1,1,0,4664.43,14464.35,2.43
M0149710,N,55,2,51918.23,0,1,0,4464.98,40461.91,1.28
M0149711,N,59,0,6117.02,0,0,0,2380.41,7881.68,1.18
M0149712,N,32,1,28516.9,0,0,0,3677.43,36443.75,0.78
M0149713,N,45,1,6208.42,0,0,0,2308.52,4372.0,0.72
M0149714,N,47,1,25625.89,0,1,0,24432.19,9101.17,0.89
M0149715,N,68,1,11056.58,0,0,0,1135.96,8069.35,0.25
M0149716,N,23,0,3257.32,0,0,0,1552.97,3572.54,0.81
M0149717,N,34,0,14903.88,1,1,0,5909.96,13820.22,1.85
M0149718,N,79,0,14455.64,0,0,1,5872.59,11059.78,1.2
M0149719,N,54,1,14642.23,1,1,1,13712.2,4594.37,0.06
M0149720,N,30,0,16775.36,0,0,1,793.16,13652.12,0.11
M0149721,N,18,1,37968.7,0,0,0,6709.71,36875.5,0.88
M0149722,N,54,1,11087.12,0,1,1,4728.5,11327.49,1.95
M0149723,N,49,0,13745.29,0,1,1,3949.52,11712.86,1.13
M0149724,N,29,4,15930.48,0,1,0,1933.45,15699.29,1.77
M0149725,N,21,2,13840.57,0,0,1,2633.2,11602.53,0.58
M0149726,N,41,1,14052.66,0,0,0,2885.01,19405.38,0.0
M0149727,N,42,3,63044.17,0,1,0,3217.06,46071.16,0.76
M0149728,N,79,1,17971.66,1,1,0,9549.69,4538.22,1.12
M0149729,N,33,2,24683.39,0,1,0,5125.1,25247.61,2.44
M0149730,N,49,2,15291.69,0,3,0,6279.67,6171.33,0.75
M0149731,N,67,1,30481.78,0,1,0,2806.79,24690.78,1.32
M0149732,N,42,1,8675.39,2,0,0,1547.94,9138.65,1.5
M0149733,N,26,0,12568.83,0,1,2,1315.42,10103.89,0.3
M0149734,N,48,0,16735.71,0,1,0,7025.85,18238.86,1.19
M0149735,N,56,0,11142.56,0,1,1,758.01,12154.96,1.29
M0149736,N,78,1,6518.71,0,2,0,2561.41,5736.46,2.84
M0149737,N,74,0,8928.22,0,0,0,594.97,6548.89,0.67
M0149738,N,33,1,13257.49,0,1,0,7596.36,12161.8,0.66
M0149739,N,53,0,4668.82,0,0,0,2603.52,3691.3,1.32
M0149740,N,37,1,34035.82,1,2,0,13822.61,20369.45,0.59
M0149741,N,80,2,16642.88,1,2,0,4959.56,11932.53,0.79
M0149742,N,24,0,12235.86,0,3,1,6568.64,5461.28,0.69
M0149743,N,40,1,12093.33,0,1,0,4078.17,13379.07,2.21
M0149744,N,48,0,11762.54,0,2,1,3593.17,12095.88,2.5
M0149745,Y,61,6,329416.95,4,4,5,129366.99,193754.13,4.98
M0149746,Y,54,2,115881.2,5,1,1,68325.9,92889.31,4.89
M0149747,N,18,2,6102.44,0,0,0,2149.57,5714.58,0.77
M0149748,N,30,0,6109.67,0,0,0,1831.43,5414.49,0.57
M0149749,N,20,2,11544.58,0,1,0,3420.43,13447.41,1.47
M0149750,N,27,2,9807.78,0,1,0,3947.98,7550.95,1.28
M0149751,N,53,2,6781.5,0,2,2,1938.06,5434.12,0.84
M0149752,N,51,2,5592.33,0,0,0,2560.99,4013.4,0.33
M0149753,N,46,3,23425.17,0,0,1,4061.68,20679.44,2.35
M0149754,N,42,0,23602.77,0,0,0,6633.15,19930.63,1.04
M0149755,N,21,2,27230.33,0,1,0,3793.46,20064.76,0.23
M0149756,N,26,3,23272.79,2,2,1,25211.39,11960.19,2.04
M0149757,N,71,0,9599.16,0,2,0,1198.83,12980.51,0.52
M0149758,N,69,1,12387.89,1,0,1,5213.56,10922.74,1.51
M0149759,N,71,1,18834.43,0,0,0,3581.88,13153.51,1.83
M0149760,N,71,0,35513.2,0,0,0,23128.77,12880.25,2.55
M0149761,N,18,3,15512.02,0,1,1,3131.35,21996.53,1.37
M0149762,N,66,0,10965.03,0,3,1,5295.41,6523.6,2.11
M0149763,Y,84,4,130228.16,4,2,2,41067.49,141032.9,3.9
M0149764,N,32,0,9955.62,0,0,0,992.42,14612.39,1.13
M0149765,N,66,0,7977.6,0,0,0,1260.13,5924.07,0.42
M0149766,N,59,0,4831.1,2,0,0,1170.38,6084.78,1.47
M0149767,N,74,1,5952.56,0,1,1,2026.03,8378.05,0.47
M0149768,N,78,1,5362.46,0,0,1,1018.19,4090.32,0.15
M0149769,N,37,1,16147.63,0,1,0,4399.84,12450.65,2.41
M0149770,N,72,2,23552.86,1,0,1,10779.48,8502.36,1.25
M0149771,N,23,1,9565.87,1,1,0,2121.52,6025.33,1.72
M0149772,N,43,1,33776.08,1,0,0,21975.78,7853.44,1.81
M0149773,N,41,2,15158.05,0,0,1,8440.74,6022.28,1.24
M0149774,N,41,1,17094.51,0,1,0,13266.02,5679.62,0.76
M0149775,N,78,0,6463.23,0,0,0,4576.38,6340.21,1.66
M0149776,N,64,0,5247.42,1,0,0,1435.2,5208.0,0.0
M0149777,N,31,2,3795.34,0,1,0,454.44,5995.49,1.36
M0149778,N,52,0,11078.4,0,1,0,6181.14,3859.78,2.32
M0149779,N,53,1,8051.66,0,0,0,4354.43,7501.77,2.31
M0149780,N,41,0,25634.47,0,1,0,1118.02,20223.07,1.21
M0149781,N,41,0,16980.2,1,1,0,10921.68,14287.1,0.86
M0149782,N,68,1,3278.02,0,0,0,2063.3,3269.97,0.64
M0149783,N,62,1,19973.1,0,0,0,13292.31,10648.36,1.8
M0149784,N,42,1,8036.01,0,1,1,1840.73,7026.23,2.49
M0149785,N,60,1,18856.46,0,1,0,3926.73,14959.57,1.61
M0149786,N,32,2,8034.85,0,2,0,5802.39,7037.73,1.23
M0149787,N,25,0,16645.7,0,1,0,4880.2,8895.15,1.2
M0149788,N,64,2,8477.04,0,0,0,3100.93,11030.42,0.0
M0149789,Y,42,4,151792.85,5,2,3,117332.86,45508.5,2.68
M0149790,N,46,3,15910.78,0,2,0,3365.33,12327.11,0.79
M0149791,N,25,2,9652.91,0,0,1,4117.6,10382.05,2.6
M0149792,N,31,1,25209.24,0,2,1,9630.88,10737.92,0.41
M0149793,N,55,1,6321.58,1,0,0,1226.46,5270.19,1.0
M0149794,N,33,3,7462.96,2,1,0,3772.25,6766.38,1.03
M0149795,N,39,0,5334.25,0,1,0,3199.04,5897.71,0.0
M0149796,N,27,1,50105.89,0,0,0,12099.31,33564.42,1.12
M0149797,N,53,2,7065.33,0,0,0,6881.22,2192.56,1.95
M0149798,N,25,0,5172.59,0,0,2,549.82,4924.91,1.31
M0149799,N,45,0,8674.02,0,0,2,2316.69,7375.13,0.39
M0149800,N,68,0,11232.64,0,0,0,1595.01,7193.56,1.16
M0149801,N,72,1,13691.96,0,0,0,2779.1,8481.25,1.7
M0149802,N,37,0,12581.65,0,0,0,6257.85,5574.02,0.64
M0149803,N,60,0,16469.04,1,2,1,2698.63,11503.13,2.34
M0149804,N,70,0,2264.46,0,0,0,1144.52,2782.76,0.04
M0149805,N,51,1,6461.62,0,2,0,6132.5,5465.59,2.07
M0149806,N,27,2,8265.72,0,0,1,4876.19,7046.66,1.6
M0149807,N,29,0,9741.9,0,1,0,3593.81,10893.57,1.0
M0149808,N,50,0,11196.38,0,0,1,4081.04,8043.17,1.1
M0149809,N,22,2,20620.01,1,1,1,7850.36,24244.58,1.37
M0149810,N,30,1,12698.73,0,1,1,497.23,11740.83,1.19
M0149811,N,70,1,4927.88,0,2,0,4025.33,4875.88,0.99
M0149812,N,41,0,3961.96,0,0,0,798.18,2477.91,0.5
M0149813,N,72,0,16525.51,1,0,0,1763.39,13793.38,1.76
M0149814,N,74,0,4757.52,0,0,0,4088.54,2835.5,0.62
M0149815,N,78,2,5534.12,0,0,0,297.86,6631.75,0.0
M0149816,N,54,0,6489.94,1,0,0,2717.74,5957.74,0.8
M0149817,N,45,2,18758.88,0,1,2,9667.95,10102.12,0.81
M0149818,N,42,1,10103.05,1,0,2,2950.97,14959.04,2.4
M0149819,N,73,0,6108.93,2,0,0,790.27,5300.79,0.56
M0149820,N,53,1,23513.04,0,1,1,4051.34,24926.74,3.07
M0149821,N,44,2,19150.51,0,1,1,4971.68,19031.64,1.46
M0149822,N,68,1,4418.24,0,0,2,1577.91,5579.77,0.0
M0149823,N,68,0,3696.97,0,0,0,704.01,3948.12,0.71
M0149824,N,50,0,21998.68,0,0,0,11042.12,13550.12,1.0
M0149825,N,36,1,17835.58,1,1,0,3870.54,14448.89,1.05
M0149826,N,56,1,8100.01,1,2,0,5848.26,3094.24,0.62
M0149827,N,69,1,8966.8,0,1,1,5851.4,8861.27,1.57
M0149828,N,35,0,5408.61,0,0,0,2863.01,2411.16,2.27
M0149829,N,34,1,6551.1,1,0,0,1782.3,5290.63,0.73
M0149830,N,65,0,4106.13,0,0,0,1648.67,4372.21,1.08
M0149831,N,74,0,4858.02,0,0,0,1701.86,5947.27,1.01
M0149832,N,26,2,18461.79,2,1,0,7430.17,12530.67,2.32
M0149833,N,69,1,20809.55,0,1,0,4221.9,12448.3,1.54
M0149834,N,35,0,11131.32,0,0,1,4667.01,5188.03,1.98
M0149835,N,55,1,42697.63,0,1,0,10168.8,32362.99,2.7
M0149836,N,29,1,7167.12,0,0,0,3114.32,3357.8,0.0
M0149837,N,21,1,20020.0,1,0,0,10779.72,7104.86,1.36
M0149838,N,18,2,20849.58,1,4,0,2332.54,14577.67,0.63
M0149839,N,74,1,9152.58,0,1,0,2081.02,7754.49,0.89
M0149840,N,38,1,11629.64,0,0,0,6830.81,2528.51,1.31
M0149841,N,76,3,22036.08,0,0,0,9026.56,10370.68,1.38
M0149842,N,34,0,13839.68,0,3,1,4921.68,9841.0,0.78
M0149843,N,19,0,11545.24,0,0,0,3135.85,6435.2,0.0
M0149844,N,43,1,2702.65,0,1,0,2470.44,1962.05,0.0
M0149845,N,63,3,5230.27,1,1,1,3118.07,6389.68,1.33
M0149846,N,52,0,17671.46,0,2,0,2128.96,13494.47,0.68
M0149847,N,44,1,2828.95,0,0,0,1490.09,2001.05,0.6
M0149848,N,79,1,5470.81,0,0,0,3438.65,6103.76,1.49
M0149849,N,70,0,13702.57,0,1,0,1160.5,11715.69,0.11
M0149850,N,74,2,31220.34,0,0,1,6370.99,22032.65,2.49
M0149851,N,67,1,11065.91,0,1,0,4553.38,8784.38,2.54
M0149852,N,31,2,12157.82,0,2,0,1733.87,12277.02,0.8
M0149853,N,66,2,33741.93,0,1,0,6734.0,21611.41,1.84
M0149854,N,67,0,10551.1,0,0,0,437.62,9195.87,1.45
M0149855,N,79,1,5633.39,1,0,0,952.31,3671.86,0.29
M0149856,N,20,1,16962.81,0,0,1,2441.7,14999.12,0.03
M0149857,N,79,0,12782.64,0,1,0,2639.57,9649.13,2.96
M0149858,N,53,0,9144.09,0,1,1,1580.92,9445.36,1.22
M0149859,N,62,1,3255.89,0,0,0,1325.06,1607.36,0.0
M0149860,N,45,0,8723.41,0,0,0,2804.82,7107.72,0.63
M0149861,N,60,1,7084.75,1,0,0,2002.47,5116.71,0.84
M0149862,N,36,2,25979.32,1,2,0,2703.39,21467.03,1.53
M0149863,N,76,0,6873.94,0,0,0,4425.03,5098.91,1.4
M0149864,N,28,3,25165.6,0,2,2,8843.54,14825.7,2.17
M0149865,N,73,3,7786.49,0,0,0,1746.03,4338.2,1.01
M0149866,N,26,0,5657.1,0,0,0,369.51,6005.75,1.05
M0149867,N,46,1,11590.81,0,1,1,3525.89,8150.42,1.07
M0149868,N,55,1,16760.24,1,0,1,8208.74,4897.74,0.76
M0149869,N,43,2,13141.46,0,0,0,2753.81,9535.04,2.15
M0149870,N,32,1,2823.44,0,1,0,1220.11,1519.97,0.0
M0149871,N,30,0,3091.79,0,0,0,529.15,4131.55,1.67
M0149872,N,23,1,10608.01,0,1,0,2186.83,7063.05,1.32
M0149873,N,63,1,11095.62,0,0,1,2038.28,7107.91,0.0
M0149874,N,52,0,7423.75,0,0,2,2004.94,6167.51,0.13
M0149875,N,19,1,7168.88,1,0,0,4298.28,8306.28,1.3
M0149876,N,50,0,18992.22,0,0,0,1418.67,20108.55,3.51
M0149877,Y,53,4,250918.81,2,5,5,159816.24,104301.91,5.63
M0149878,N,27,0,15692.17,0,0,1,5296.93,20750.61,0.91
M0149879,N,49,0,10358.06,0,0,0,677.79,14781.58,0.96
M0149880,N,20,0,30140.05,0,3,0,1800.77,22257.25,0.88
M0149881,N,43,1,9238.75,0,0,0,3737.6,6022.04,1.01
M0149882,Y,59,8,303909.56,3,6,4,211166.17,172593.97,8.14
M0149883,Y,76,3,139799.36,1,5,4,44428.13,115440.2,5.27
M0149884,N,47,3,11318.94,0,2,0,583.99,9953.36,1.21
M0149885,N,35,2,21745.44,0,0,0,11396.5,13749.05,1.81
M0149886,N,78,1,41971.07,0,3,0,5396.8,36859.39,0.32
M0149887,N,79,0,11976.99,0,1,0,1226.7,8744.16,0.26
M0149888,N,76,2,24605.66,0,1,2,3847.57,36675.48,1.63
M0149889,N,48,2,22426.79,0,1,1,4346.15,25465.69,1.25
M0149890,N,56,2,35877.41,1,1,1,17316.47,26203.04,0.27
M0149891,N,79,2,2145.52,0,0,1,710.07,1425.65,0.15
M0149892,N,77,2,18138.6,0,1,0,3801.95,11580.59,0.33
M0149893,N,40,1,4669.14,0,1,0,1403.62,6612.37,1.35
M0149894,N,33,0,5201.38,0,0,0,678.32,5808.7,0.0
M0149895,N,68,1,13007.39,0,1,0,1281.72,9054.65,0.6
M0149896,Y,54,4,347808.0,2,5,4,202222.38,99952.22,3.44
M0149897,N,31,1,7460.26,0,2,0,1841.63,4970.04,1.76
M0149898,N,41,2,5159.5,0,0,0,4145.39,3856.25,0.0
M0149899,N,79,0,6626.26,0,0,0,1066.14,7257.58,1.23
M0149900,N,62,2,18893.86,0,1,0,7016.98,17605.17,0.81
M0149901,N,37,1,38106.46,0,2,0,2158.61,28360.78,0.66
M0149902,N,20,1,19487.34,0,0,0,1147.68,21230.67,2.16
M0149903,N,43,1,17925.69,0,1,0,1711.67,13199.04,2.51
M0149904,N,37,0,20333.74,1,1,0,3839.07,25407.15,0.65
M0149905,N,51,1,39443.66,0,2,0,13946.64,24251.43,2.86
M0149906,N,55,0,6832.81,0,1,0,763.49,7695.05,0.24
M0149907,N,67,2,3770.93,0,0,0,1650.25,4037.92,0.45
M0149908,N,69,0,12433.16,0,0,0,2361.43,9878.43,0.08
M0149909,N,20,2,14275.16,0,1,1,6356.75,6373.35,0.74
M0149910,N,72,2,27520.25,1,2,0,6214.5,22044.54,3.31
M0149911,N,20,0,18078.0,0,0,0,4321.99,14218.49,2.59
M0149912,N,34,0,2657.61,0,0,0,916.83,3847.17,0.0
M0149913,Y,53,6,281649.13,5,3,2,142444.35,107966.02,7.3
M0149914,N,71,1,13328.8,0,1,0,5612.71,15019.78,1.65
M0149915,N,24,0,18568.02,0,0,0,13037.36,9141.72,1.36
M0149916,N,78,0,18285.75,0,0,1,2139.83,24605.3,0.78
M0149917,N,74,0,7343.88,0,1,1,939.79,7918.48,0.0
M0149918,N,44,2,12279.99,1,0,1,12000.25,9116.65,1.85
M0149919,N,56,1,6900.47,0,0,0,4126.09,3413.72,0.71
M0149920,N,36,3,14024.39,0,0,0,3591.38,9104.73,0.0
M0149921,N,48,1,12630.59,1,0,1,4773.06,8879.4,0.06
M0149922,N,67,2,20449.99,0,0,1,6203.98,11605.49,1.81
M0149923,N,77,2,13454.29,0,0,1,1547.16,17146.59,1.2
M0149924,N,69,0,6731.67,0,0,0,1039.38,6739.52,0.0
M0149925,N,78,1,6635.26,0,0,0,2058.96,8481.05,1.68
M0149926,N,60,0,14183.13,0,0,1,3906.68,14034.72,0.76
M0149927,N,23,2,15067.73,1,1,0,12085.37,14350.02,2.21
M0149928,N,46,1,6373.02,1,1,0,2416.91,7230.61,0.89
M0149929,N,58,3,4990.7,0,0,0,1300.28,3987.08,0.0
M0149930,N,60,0,9952.23,0,0,1,1940.29,12888.57,0.73
M0149931,N,33,3,13557.73,1,3,2,4462.45,10108.49,0.0
M0149932,N,37,0,7282.04,0,0,0,1011.93,5517.56,0.2
M0149933,N,27,1,8870.05,0,2,0,1743.93,10235.5,0.0
M0149934,N,69,1,8511.07,0,2,1,3155.54,6411.93,1.14
M0149935,N,44,1,15474.55,0,2,1,3683.37,20813.42,4.5
M0149936,N,44,0,6407.56,0,2,0,2488.34,4132.83,1.16
M0149937,N,64,2,10387.16,0,0,1,1406.4,9970.14,1.82
M0149938,N,51,0,2018.39,0,0,0,522.08,1778.55,0.0
M0149939,N,50,2,3727.39,0,0,1,2270.86,3259.9,0.65
M0149940,N,67,0,3707.99,0,1,0,2605.1,2778.18,2.12
M0149941,N,69,0,2727.65,0,0,0,1937.99,1618.04,0.09
M0149942,N,33,0,4333.04,1,2,0,1255.56,2639.73,1.3
M0149943,N,32,2,7763.83,0,0,0,498.71,8016.58,0.43
M0149944,N,68,0,15106.41,0,1,1,7719.57,7352.21,1.97
M0149945,N,70,0,9927.06,0,0,0,863.67,8216.68,0.0
M0149946,N,44,1,15417.79,0,0,0,4615.65,14748.85,1.99
M0149947,N,41,2,8352.44,0,1,0,2852.9,7155.41,1.72
M0149948,N,57,0,5791.66,0,0,0,2432.29,2987.97,0.0
M0149949,N,35,1,15098.09,2,0,2,3927.78,19660.85,2.18
M0149950,N,31,1,25947.94,0,2,0,5221.96,15216.47,0.66
M0149951,N,70,1,18562.06,0,1,0,2587.67,17976.73,0.71
M0149952,N,56,1,17405.11,0,2,0,4394.11,9362.63,2.17
M0149953,N,67,2,26149.91,1,2,1,2043.26,27301.22,2.58
M0149954,N,38,0,7979.72,0,0,0,1689.31,8517.11,0.51
M0149955,N,54,1,21895.35,0,3,0,7783.04,13916.87,1.93
M0149956,N,42,2,7295.03,0,0,0,1961.45,4598.25,0.0
M0149957,N,48,1,14121.16,1,0,0,6530.69,5318.9,0.37
M0149958,N,25,3,13274.51,1,2,0,4984.65,8044.07,0.82
M0149959,N,77,1,10953.9,0,0,0,3311.26,8111.85,0.14
M0149960,N,49,2,5598.33,0,0,0,2613.81,6588.43,0.98
M0149961,Y,63,6,258446.41,7,3,4,116998.58,148797.87,7.73
M0149962,N,53,0,6846.49,1,0,0,2173.99,6289.66,0.4
M0149963,N,22,1,14702.3,0,1,0,5627.73,8339.79,1.53
M0149964,N,44,2,8288.51,0,0,0,1224.4,10078.35,0.61
M0149965,N,76,1,15658.53,0,1,0,4631.49,9488.04,0.92
M0149966,N,33,1,18196.05,0,0,0,4650.7,16186.64,1.74
M0149967,N,33,0,3501.13,0,0,0,1950.6,3804.14,3.06
M0149968,N,75,0,5657.48,0,0,0,2131.54,3496.95,1.58
M0149969,N,22,0,7419.67,0,1,1,5726.71,7154.23,1.13
M0149970,N,63,0,23324.85,0,3,1,5031.7,16737.18,1.76
M0149971,N,54,0,4949.18,0,0,0,1354.34,2732.41,1.75
M0149972,N,44,4,18427.97,1,2,0,6168.82,16115.15,1.69
M0149973,N,79,0,3048.91,0,0,0,3156.68,1480.33,0.32
M0149974,N,65,2,4775.18,0,1,1,1072.72,4112.34,0.97
M0149975,N,54,1,14101.91,0,2,0,2556.24,9425.23,0.3
M0149976,N,57,0,15270.81,0,1,0,887.13,15031.63,0.56
M0149977,N,26,1,16894.22,0,1,0,4815.46,11755.45,2.71
M0149978,N,50,0,10035.86,1,0,0,1161.19,9747.35,1.2
M0149979,N,23,0,9811.0,0,1,0,4569.06,8828.2,2.05
M0149980,N,37,1,6644.32,0,0,0,3305.72,7222.7,0.0
M0149981,N,27,0,20368.16,0,1,0,12001.23,17281.69,1.31
M0149982,N,54,1,15827.15,0,1,1,1530.68,11748.79,0.0
M0149983,N,80,0,5956.47,0,0,0,336.82,5236.28,0.0
M0149984,N,75,0,9396.75,0,0,0,2066.63,5925.94,0.11
M0149985,N,34,0,23677.22,0,1,0,4259.88,17951.29,0.11
M0149986,Y,56,7,379206.91,4,2,4,201577.81,145123.31,6.13
M0149987,N,22,2,17814.1,0,1,0,5199.99,26760.04,2.64
M0149988,N,80,3,18718.39,1,2,1,8891.12,17195.68,2.57
M0149989,N,42,0,17005.87,1,1,0,2751.15,13748.76,1.19
M0149990,N,50,1,3657.04,0,0,1,1325.99,4391.93,0.94
M0149991,N,62,0,18829.92,0,1,0,1162.5,18553.9,0.96
M0149992,N,43,3,9205.12,1,4,1,4114.87,5322.88,3.07
M0149993,N,47,0,6093.05,0,3,0,4257.23,4589.48,0.44
M0149994,N,33,1,14381.09,1,1,0,4092.76,9864.71,1.58
M0149995,Y,68,6,393836.24,4,3,3,169188.81,205239.91,3.81
M0149996,N,67,0,8955.71,1,0,0,4281.71,9689.63,0.32
M0149997,N,64,2,10048.46,0,1,0,4141.24,8366.1,2.68
M0149998,N,64,1,4029.46,1,0,1,2785.22,3896.59,0.03
M0149999,N,38,0,14767.51,0,0,0,2180.22,9558.86,0.47
M0150000,N,61,3,15654.23,0,2,1,3254.99,17386.29,1.89
M0150001,N,70,1,42260.81,0,1,2,3457.95,31653.32,1.5
M0150002,N,58,0,23652.95,0,0,0,14345.74,4726.11,1.98
M0150003,N,30,1,13228.05,0,0,0,5259.99,12939.49,1.64
M0150004,N,23,2,16518.52,0,2,0,12670.75,13324.41,2.0
M0150005,N,30,1,16197.8,0,2,0,1125.31,15288.45,1.65
M0150006,N,19,0,3783.84,0,1,0,3103.78,1447.94,0.28
M0150007,N,44,1,4359.34,2,1,0,2617.02,4939.7,1.3
M0150008,N,25,0,4917.98,0,1,0,987.46,6057.37,1.21
M0150009,N,20,1,5115.25,0,1,0,2640.94,3594.65,1.2
M0150010,N,39,3,32395.05,0,1,1,12933.72,18491.1,0.9
M0150011,N,34,3,21242.41,1,1,0,12368.05,22257.38,2.69
M0150012,N,70,3,9246.0,0,0,0,2120.04,11040.9,0.59
M0150013,N,22,1,8068.88,0,0,0,3033.15,3885.63,0.23
M0150014,N,26,0,14781.76,0,1,0,4836.24,9595.89,1.91
M0150015,N,28,2,5666.44,0,1,0,2645.25,6519.91,0.6
M0150016,N,32,2,8492.32,1,1,0,1915.15,8770.42,1.8
M0150017,N,75,0,13657.85,0,1,0,7963.18,10648.29,1.05
M0150018,N,80,2,17373.81,0,0,0,1676.81,13566.92,2.08
M0150019,N,67,1,8322.06,0,1,0,3238.95,4417.33,0.5
M0150020,Y,45,5,218648.73,1,1,5,116662.2,75469.5,2.5
M0150021,N,69,0,5344.13,0,0,0,649.16,4430.05,1.56
M0150022,N,47,1,15007.8,0,1,0,3959.56,11595.29,1.62
M0150023,N,77,1,39786.32,0,1,0,7583.77,36706.17,0.92
M0150024,N,42,0,3793.9,0,0,1,589.55,5091.87,1.34
M0150025,N,25,4,24211.01,0,1,0,2029.96,22131.46,2.84
M0150026,N,22,0,3418.88,0,3,1,3298.17,2420.3,0.21
M0150027,N,76,2,15517.49,0,1,0,5238.03,20348.22,1.62
M0150028,Y,75,6,332181.09,4,6,2,177113.74,248742.11,4.02
M0150029,N,34,2,15532.1,1,0,0,8720.75,7022.67,1.41
M0150030,N,72,2,9911.26,2,1,0,4897.16,4258.7,0.58
M0150031,N,74,3,6481.69,0,1,0,4462.65,4424.86,0.0
M0150032,N,18,0,12168.19,1,1,0,4870.75,5143.9,0.62
M0150033,N,35,0,6459.74,0,0,0,2576.52,8363.7,2.05
M0150034,N,40,2,15079.05,0,0,0,3838.01,11097.43,0.68
M0150035,N,19,0,6664.12,1,1,0,2462.56,4346.74,0.46
M0150036,N,74,2,21570.53,0,1,0,8442.91,10819.48,1.31
M0150037,N,37,2,7220.13,0,3,1,4542.53,5490.66,1.19
M0150038,N,77,2,17756.68,0,2,0,11819.98,14992.17,1.61
M0150039,N,38,1,3723.42,0,1,0,510.64,3139.26,2.09
M0150040,N,75,0,7818.35,0,0,0,4194.11,8347.84,1.28
M0150041,N,32,0,4602.04,2,1,0,5389.69,2387.62,1.58
M0150042,N,47,0,4148.27,0,0,0,2084.87,3288.59,0.89
M0150043,N,73,1,17575.04,0,0,1,11008.62,7953.75,1.45
M0150044,N,62,1,19437.8,0,0,0,6100.0,10695.18,0.13
M0150045,N,52,0,11162.04,0,2,0,1576.93,10102.92,0.29
M0150046,N,58,1,8074.58,0,3,1,5464.02,7365.19,1.93
M0150047,N,44,0,12261.83,0,0,1,4648.81,10271.97,2.06
M0150048,N,44,1,13344.67,0,0,1,5982.89,15025.66,1.57
M0150049,N,71,1,16703.8,1,1,2,13035.8,15517.61,1.65
M0150050,N,57,2,41565.37,0,1,0,21131.17,15975.35,1.12
M0150051,N,68,1,28310.53,0,0,0,9096.98,14027.01,1.73
M0150052,N,32,1,10093.67,0,1,0,1507.13,9333.68,1.14
M0150053,N,27,1,39745.95,0,1,0,1784.9,30621.82,0.9
M0150054,N,72,0,15707.99,1,1,0,6502.91,8284.13,0.88
M0150055,N,65,0,4807.08,0,0,0,1733.4,2556.88,0.0
M0150056,N,62,2,20200.91,0,1,1,3197.27,22018.15,2.5
M0150057,N,29,2,13935.89,0,0,0,6578.59,6708.08,2.5
M0150058,N,71,0,8283.33,0,0,2,2962.52,7776.35,2.53
M0150059,N,56,1,16571.44,0,0,1,3822.56,14527.67,0.56
M0150060,N,39,2,9415.73,0,1,0,3546.5,11913.11,0.0
M0150061,N,49,1,31470.22,0,1,1,4860.93,20477.14,0.8
M0150062,N,36,0,3989.0,0,0,0,1469.0,3638.98,2.29
M0150063,N,39,2,18668.13,0,1,0,4302.56,14763.82,1.39
M0150064,N,68,2,12346.68,0,0,0,1177.35,18908.61,1.15
M0150065,N,39,0,4185.5,0,0,0,617.24,5213.08,0.0
M0150066,N,51,1,8069.83,0,0,0,1902.61,6782.0,1.21
M0150067,Y,68,2,236104.6,4,2,2,175437.03,74612.52,2.0
M0150068,Y,41,5,143302.15,3,1,1,76184.79,125314.35,2.58
M0150069,N,44,0,10422.84,0,0,1,6939.94,9700.06,0.38
M0150070,N,53,2,4617.36,0,1,0,4147.2,3913.81,1.28
M0150071,N,43,0,7182.15,0,0,0,3303.44,6062.31,1.79
M0150072,N,25,1,4302.64,0,1,2,1600.49,6067.02,1.24
M0150073,N,66,0,10580.73,0,1,2,5393.26,3297.92,1.71
M0150074,N,74,4,23442.51,1,3,0,5443.19,26779.29,2.0
M0150075,N,29,1,12683.06,1,2,0,2349.22,14803.13,1.22
M0150076,N,65,1,46653.74,2,0,0,12129.93,59884.89,1.96
M0150077,N,51,0,37887.2,0,0,0,6583.51,27226.57,2.66
M0150078,N,48,2,10427.3,0,1,0,4367.24,9532.54,0.72
M0150079,N,27,0,9927.12,0,0,0,2546.17,5365.57,0.58
M0150080,N,24,1,5734.85,0,0,0,1159.56,8222.8,0.33
M0150081,N,37,2,12412.4,0,0,0,1409.97,11266.62,1.5
M0150082,N,55,0,13204.88,0,0,0,3157.6,11853.11,2.36
M0150083,N,37,0,3696.49,0,0,0,1259.74,2382.62,0.0
M0150084,N,18,3,11624.64,1,0,0,5455.36,3905.47,1.53
M0150085,N,78,0,12180.96,0,0,0,3458.73,14550.38,1.39
M0150086,N,71,0,10121.14,0,0,2,3129.3,10074.31,1.85
M0150087,N,23,2,2577.51,0,0,0,454.6,2110.59,0.64
M0150088,N,27,1,14653.35,1,0,0,8107.63,9227.39,1.55
M0150089,N,29,0,3125.13,0,0,0,1556.77,3768.45,0.68
M0150090,N,22,3,6820.01,0,1,0,1246.49,6814.88,0.82
M0150091,N,62,0,9729.23,0,0,0,1758.62,7738.79,3.0
M0150092,N,28,0,11900.8,0,0,0,2727.42,6883.04,0.24
M0150093,N,49,0,8166.75,1,0,0,1335.53,5045.9,0.0
M0150094,N,69,0,4493.75,0,1,2,3597.04,1920.94,1.35
M0150095,N,30,1,16698.15,0,1,0,3154.93,12890.9,1.46
M0150096,N,50,0,3740.52,0,0,0,2705.25,3047.81,0.45
M0150097,N,70,2,4594.86,0,0,1,1667.17,5704.67,0.78
M0150098,N,55,0,28244.8,1,1,1,15379.99,11893.28,1.8
M0150099,N,50,2,13361.61,0,0,0,7444.56,3151.27,2.25
M0150100,N,53,1,17023.27,0,2,1,4507.43,17842.29,0.8
M0150101,N,57,2,3322.61,0,0,0,2671.35,2457.7,0.96
M0150102,N,25,4,18720.27,1,2,1,2341.76,25600.42,3.56
M0150103,Y,56,3,210754.1,4,3,1,97827.36,176082.12,4.59
M0150104,N,62,1,10389.04,0,1,0,3453.91,6296.71,0.6
M0150105,N,28,0,8475.36,0,0,0,1802.63,6614.24,0.77
M0150106,N,78,1,4540.36,0,1,0,1240.03,2823.09,0.84
M0150107,N,77,2,13508.82,0,0,0,1220.43,11394.74,0.6
M0150108,N,54,1,7714.62,0,0,0,2846.75,3777.76,0.04
M0150109,N,38,2,36717.27,0,0,0,8035.16,28338.89,0.93
M0150110,N,52,0,4622.64,0,0,0,1672.67,3315.44,1.27
M0150111,N,73,1,15271.51,0,2,0,4082.78,9676.69,2.05
M0150112,N,62,1,10145.36,0,2,2,3114.59,15184.07,1.51
M0150113,N,57,0,4218.37,0,0,0,1946.09,3732.01,0.17
M0150114,N,63,1,6199.8,1,0,2,1725.77,7773.4,1.28
M0150115,N,54,3,32711.31,0,3,0,9630.33,25789.13,1.94
M0150116,N,68,0,16720.41,0,0,0,2285.2,15329.8,1.43
M0150117,N,54,0,15881.04,0,0,0,7577.21,7542.66,0.45
M0150118,N,22,2,28839.73,0,0,0,14727.73,27367.97,1.41
M0150119,N,31,0,28815.69,0,2,0,4580.64,20590.24,1.42
M0150120,N,65,0,18563.83,0,0,0,4929.5,11567.87,0.69
M0150121,N,47,0,9352.92,0,0,1,875.63,12716.49,1.06
M0150122,N,75,0,9186.33,1,0,0,2150.24,7130.42,0.38
M0150123,N,40,2,13257.64,1,2,0,3071.18,17148.85,1.69
M0150124,N,30,1,2126.04,0,1,0,450.2,2730.73,1.69
M0150125,N,61,2,25383.86,0,0,0,3339.83,16641.75,0.74
M0150126,N,54,1,9114.7,0,0,0,1732.88,8118.1,1.52
M0150127,N,79,0,3902.32,0,0,1,537.93,2687.16,0.66
M0150128,N,51,0,17507.3,0,1,0,15201.91,9069.04,2.33
M0150129,N,60,0,5969.41,1,0,0,1055.63,6744.52,0.26
M0150130,N,26,1,10348.76,0,0,0,1032.28,7700.09,0.12
M0150131,N,60,1,8175.92,0,1,0,2169.73,5142.58,0.35
M0150132,N,65,1,78682.75,2,2,1,4087.48,59523.6,1.85
M0150133,N,33,2,12694.52,0,0,0,1029.03,10369.56,0.0
M0150134,N,70,2,10373.04,0,3,0,2637.59,10247.04,1.71
M0150135,N,19,0,7510.93,1,0,0,2066.97,4408.09,1.88
M0150136,N,60,0,7856.63,0,2,0,1249.52,7012.05,1.25
M0150137,N,31,0,9369.17,0,0,0,2848.74,6612.87,2.33
M0150138,N,30,0,11675.68,0,1,0,939.96,8678.79,0.51
M0150139,N,40,1,7073.62,0,0,1,5645.19,2432.23,1.11
M0150140,N,66,1,4089.27,0,0,1,792.6,4048.82,0.36
M0150141,N,19,1,9181.95,2,0,0,3976.36,7319.57,1.64
M0150142,N,80,1,5821.36,0,1,0,2510.02,7805.4,0.19
M0150143,N,33,1,12903.18,0,0,0,3743.13,14707.47,0.0
M0150144,N,35,1,8031.44,0,2,1,1607.14,5918.59,1.73
M0150145,N,78,2,10096.63,0,0,0,2195.9,11021.45,0.0
M0150146,N,58,1,6170.64,0,0,0,5332.6,5678.43,0.61
M0150147,N,39,0,3418.11,0,0,0,1726.35,949.08,0.0
M0150148,N,53,0,8093.89,0,0,1,2045.65,4616.62,1.12
M0150149,Y,73,2,208962.26,5,3,5,124368.93,107282.27,7.44
M0150150,N,26,0,5910.19,1,0,1,1087.0,5981.11,1.25
M0150151,N,23,2,9880.04,0,0,2,964.03,7943.04,0.42
M0150152,N,69,2,29406.66,0,0,0,11436.54,28258.15,1.73
M0150153,N,58,1,20940.04,1,0,0,6268.37,11756.22,1.26
M0150154,Y,83,4,260136.96,4,2,3,111229.64,164519.3,3.22
M0150155,N,80,1,11152.12,0,0,0,3884.59,6304.75,1.3
M0150156,Y,85,3,247865.66,4,5,3,88966.53,195971.61,5.37
M0150157,N,65,2,7452.0,0,3,0,1820.86,11206.08,0.91
M0150158,N,38,1,7190.85,0,0,0,2331.16,3700.36,2.18
M0150159,N,72,0,10548.56,0,0,1,4201.51,8243.99,0.59
M0150160,N,57,1,10343.55,1,1,0,2842.76,6221.55,1.63
M0150161,N,18,2,15591.7,1,0,1,5240.23,17257.44,1.03
M0150162,N,25,0,8189.3,0,2,1,4160.93,6308.85,0.44
M0150163,N,43,2,18664.37,0,0,0,15619.51,8122.13,0.98
M0150164,Y,80,5,270857.13,1,3,4,126058.23,120870.44,3.07
M0150165,N,42,0,3258.24,0,1,0,1030.92,3489.92,0.84
M0150166,Y,60,6,351583.86,2,5,3,112815.54,205426.2,5.14
M0150167,N,30,2,9319.29,2,0,0,1043.43,8842.94,0.0
M0150168,N,21,3,20609.53,0,2,0,6270.99,12618.96,0.65
M0150169,N,50,1,3577.65,0,0,0,404.29,3220.47,0.0
M0150170,Y,83,6,415986.77,5,3,5,157464.56,253694.82,7.43
M0150171,N,34,0,3835.37,0,0,0,2123.54,4086.24,1.61
M0150172,N,28,0,6559.01,0,0,0,5672.79,2895.59,0.95
M0150173,Y,38,6,422310.22,4,6,7,302277.21,101445.84,6.65
M0150174,N,46,1,12476.93,0,1,2,3557.66,15207.77,0.0
M0150175,N,46,1,19707.76,1,1,0,1788.02,22599.94,1.98
M0150176,N,50,0,4048.07,0,1,0,2054.99,5007.45,1.18
M0150177,N,61,1,31116.31,0,3,0,2422.87,45981.63,2.03
M0150178,Y,56,8,343445.21,1,5,6,174170.2,159758.1,3.44
M0150179,N,51,2,60278.9,0,1,1,19907.33,27417.34,2.72
M0150180,N,47,1,13152.68,0,0,0,549.44,12701.23,1.91
M0150181,N,43,0,10801.53,0,1,0,2036.68,14110.98,0.18
M0150182,N,22,2,26676.1,1,0,0,3852.08,18898.02,2.15
M0150183,N,75,3,14086.92,1,0,0,2274.28,21102.87,1.58
M0150184,N,18,2,32702.85,0,2,0,5650.94,34766.68,2.56
M0150185,N,61,1,11678.43,2,0,0,3539.45,6531.97,1.35
M0150186,N,33,0,11114.58,0,0,0,3792.73,8786.1,1.8
M0150187,N,39,1,3760.3,0,0,1,328.64,5448.31,0.61
M0150188,N,41,1,11606.49,0,0,0,8852.32,10685.55,2.48
M0150189,N,24,1,6062.85,0,0,1,1487.58,3682.82,1.26
M0150190,N,66,2,10740.31,0,1,0,2668.04,11773.76,1.76
M0150191,N,65,1,6909.6,0,1,1,644.23,5644.11,2.49
M0150192,N,33,1,17277.3,0,0,0,6720.68,11329.23,1.23
M0150193,N,71,1,15538.25,1,1,0,4510.34,8276.98,0.25
M0150194,N,20,0,13177.59,0,0,0,1432.61,8939.49,0.0
M0150195,N,70,1,18892.37,0,0,0,1483.5,14477.97,1.84
M0150196,N,31,1,16787.47,0,2,0,4229.59,9522.37,1.54
M0150197,N,56,0,5927.04,0,2,1,1886.1,7464.97,2.77
M0150198,N,62,0,4632.81,0,0,1,1512.86,3627.65,0.3
M0150199,N,79,2,10002.44,0,0,0,4433.78,4937.74,0.87
M0150200,N,19,0,5450.56,0,1,1,952.71,7927.82,0.21
M0150201,N,74,0,18099.99,0,0,0,2614.89,14071.44,0.29
M0150202,N,55,1,25159.51,0,1,0,4051.52,20235.5,1.76
M0150203,N,56,0,14138.45,0,0,0,1317.39,13505.81,0.95
M0150204,N,30,1,11933.57,0,0,0,4557.33,5332.97,1.77
M0150205,N,48,2,22079.02,0,0,1,11192.44,9058.84,1.96
M0150206,N,75,0,13863.58,1,2,1,4510.04,14307.35,0.96
M0150207,N,43,3,20701.25,1,0,0,3597.13,13778.45,2.47
M0150208,N,42,1,24862.41,1,1,0,10652.94,10742.44,1.69
M0150209,N,63,2,8063.31,0,0,0,2222.68,5529.46,1.27
M0150210,N,26,3,31246.29,0,3,0,11566.91,13137.12,3.4
M0150211,N,22,1,14558.24,2,0,0,1383.16,10164.53,1.25
M0150212,N,48,0,11348.0,0,0,0,5322.88,12649.31,0.8
M0150213,N,60,0,23574.64,0,2,0,1919.37,17888.46,1.87
M0150214,N,34,2,26022.82,0,0,1,12464.86,15587.39,1.84
M0150215,N,18,1,6831.9,0,1,0,4213.96,7755.25,1.93
M0150216,N,80,1,1977.34,0,0,0,593.47,2631.26,0.0
M0150217,N,28,0,2319.88,0,0,0,558.56,2789.44,0.34
M0150218,N,28,0,12649.71,1,2,2,4253.91,17846.91,1.27
M0150219,N,29,0,10533.23,0,0,1,3843.01,5931.17,1.39
M0150220,N,39,2,30173.11,0,0,0,2433.24,23911.84,0.56
M0150221,N,25,0,4768.93,0,1,1,946.09,5627.36,0.43
M0150222,N,19,1,6132.88,0,0,0,2185.9,5876.64,1.66
M0150223,N,39,2,7317.51,0,1,1,1276.15,4902.82,0.8
M0150224,N,77,0,8245.83,0,0,1,2655.78,8712.55,0.7
M0150225,N,23,0,15141.56,0,2,0,1680.5,12389.82,0.86
M0150226,Y,68,5,192290.89,1,2,4,72174.57,90101.48,5.52
M0150227,N,28,1,3961.98,0,1,0,1054.16,6111.06,1.35
M0150228,Y,64,6,390028.54,4,3,6,155192.73,170915.62,5.24
M0150229,N,67,2,11729.09,0,1,0,4501.69,4687.05,1.52
M0150230,N,68,0,8295.75,0,0,0,2322.98,12119.95,0.77
M0150231,N,30,0,4776.0,0,1,0,1642.6,4767.31,0.83
M0150232,N,49,1,10875.9,0,0,1,1962.37,6802.94,0.6
M0150233,N,74,3,13297.55,0,0,0,4956.0,9893.34,1.85
M0150234,Y,47,7,180317.97,3,4,2,94213.74,155900.66,6.05
M0150235,N,45,2,4493.24,0,1,0,1859.17,4296.49,1.04
M0150236,N,27,0,7326.12,1,2,0,3243.26,7258.77,1.03
M0150237,N,75,1,8421.46,0,0,1,9752.22,4085.94,1.32
M0150238,N,55,3,17476.13,1,0,0,7826.18,15133.88,3.51
M0150239,N,68,2,26555.34,0,0,1,2506.68,23546.68,2.22
M0150240,N,49,2,6030.66,0,1,1,2080.57,6703.64,1.6
M0150241,N,64,1,9001.93,1,2,1,1968.18,7862.74,1.19
M0150242,N,75,0,12841.98,0,2,1,5196.45,12906.58,1.14
M0150243,N,75,0,7903.77,0,0,0,1562.54,6254.65,0.39
M0150244,N,78,2,36253.13,0,2,0,9763.73,23704.84,2.1
M0150245,N,74,1,8489.09,1,0,2,2914.15,4955.63,0.36
M0150246,N,56,2,12682.26,1,3,0,4120.43,11167.01,0.48
M0150247,N,20,2,14482.08,0,1,0,2209.84,15083.93,0.3
M0150248,Y,53,3,190015.77,4,5,5,93394.8,115339.9,7.58
M0150249,N,32,0,7079.89,0,0,0,683.56,6254.94,0.69
M0150250,N,71,3,6184.67,0,0,0,1368.29,5525.5,1.4
M0150251,N,54,0,12370.99,0,1,0,2576.07,7745.79,0.4
M0150252,N,70,1,7212.74,0,0,0,1295.1,10122.59,1.21
M0150253,N,19,1,9667.56,0,0,0,2382.45,7167.15,0.53
M0150254,N,67,0,3665.18,0,0,2,1299.68,4647.04,0.0
M0150255,N,44,0,6095.26,0,2,1,3078.13,5086.87,1.62
M0150256,N,79,2,8678.95,0,2,0,10434.58,4431.75,1.03
M0150257,N,20,0,16804.32,1,2,0,8246.91,10674.3,2.91
M0150258,N,74,0,6752.9,0,0,0,4406.1,5827.3,1.03
M0150259,N,48,1,18326.17,0,2,0,8692.38,11639.15,1.84
M0150260,N,72,1,11848.89,0,1,0,5760.5,13456.16,1.96
M0150261,Y,81,4,215133.77,1,2,3,90602.42,175693.88,3.1
M0150262,N,37,3,14583.71,0,1,0,6844.14,5569.29,0.04
M0150263,N,23,0,13109.11,0,0,1,2413.52,13381.57,1.24
M0150264,N,27,2,7879.56,0,1,0,701.68,8721.96,0.0
M0150265,N,28,2,15438.9,0,2,0,1220.5,13338.21,2.47
M0150266,N,29,1,22011.74,0,0,0,2768.84,14610.88,0.0
M0150267,N,66,1,7328.12,0,0,0,3547.04,4052.75,2.46
M0150268,N,39,0,3991.16,0,0,0,2149.55,3790.66,1.5
M0150269,N,79,0,9432.86,1,1,0,2563.18,10680.54,1.29
M0150270,N,24,1,6391.54,0,1,0,495.58,5055.02,1.21
M0150271,N,64,1,17527.83,0,1,1,4353.35,23970.54,0.2
M0150272,N,49,1,5852.5,0,0,1,3650.94,4750.32,0.23
M0150273,N,39,0,9274.69,0,0,0,2302.84,6739.02,1.11
M0150274,N,45,0,12143.36,0,1,1,6563.4,6085.03,0.85
M0150275,N,42,2,31603.01,2,1,0,8905.8,23787.0,1.84
M0150276,N,70,1,5806.75,1,0,0,542.9,8367.39,0.0
M0150277,N,62,1,17212.7,0,2,2,3471.44,11554.63,0.72
M0150278,N,43,2,22799.92,0,2,2,4838.65,16580.63,1.74
M0150279,N,21,0,20272.66,0,2,0,8973.68,13725.58,1.22
M0150280,N,74,1,6364.69,0,2,0,1649.52,8265.73,1.08
M0150281,N,61,1,9736.67,0,0,0,2929.27,10047.25,0.0
M0150282,N,52,3,6165.43,0,2,0,1859.67,7312.9,2.09
M0150283,N,62,0,36583.86,0,0,0,1059.31,47896.21,2.29
M0150284,N,55,1,51098.34,0,0,1,13133.32,27560.23,1.6
M0150285,N,69,2,7669.02,1,1,0,1067.14,5391.86,1.41
M0150286,N,58,2,44565.97,1,0,0,19629.35,18253.45,0.67
M0150287,N,47,0,10955.59,0,0,0,1263.04,9054.54,0.79
M0150288,N,79,1,21525.16,0,1,0,8431.77,27382.76,0.67
M0150289,N,79,1,4536.33,0,0,0,2715.46,4682.27,0.0
M0150290,Y,81,6,150391.93,3,4,1,93389.08,119794.27,6.43
M0150291,N,27,0,9962.28,0,0,1,1963.03,10081.56,1.23
M0150292,N,32,0,9904.85,0,0,0,3324.4,6127.06,1.2
M0150293,N,73,1,2359.85,0,0,0,1554.48,1460.16,0.4
M0150294,N,22,2,4742.04,1,0,0,3874.08,4202.96,0.0
M0150295,N,59,1,10718.29,0,3,0,4806.97,9136.51,0.42
M0150296,N,41,2,26763.11,1,1,1,10272.79,12618.24,0.63
M0150297,N,44,0,12800.09,0,0,1,987.36,12868.44,1.22
M0150298,N,45,0,22988.45,1,2,1,12188.99,11075.28,2.6
M0150299,N,74,1,19616.38,0,1,1,6377.29,23075.82,1.92
M0150300,N,59,0,6881.61,0,1,0,2754.28,4483.02,1.56
M0150301,N,59,0,20948.99,0,0,0,11738.94,12215.43,0.98
M0150302,N,80,0,19374.91,0,1,0,1241.92,21259.49,0.27
M0150303,N,46,1,9763.63,0,0,0,2849.48,13342.37,0.47
M0150304,N,41,0,5810.27,1,0,0,2684.52,2972.59,0.15
M0150305,N,19,0,7517.26,0,1,0,1121.26,8398.95,0.4
M0150306,N,61,1,15853.35,0,1,0,6325.35,14196.68,1.33
M0150307,N,43,1,8963.96,0,1,1,9902.35,3392.52,0.39
M0150308,N,65,2,28073.86,0,2,1,10675.52,12766.4,1.2
M0150309,N,62,2,8599.99,0,2,0,2691.67,6043.59,0.98
M0150310,N,63,0,101333.7,0,2,2,5037.37,77234.61,2.33
M0150311,N,79,0,5125.55,0,2,1,1162.15,2959.06,1.15
M0150312,N,67,0,4992.13,0,0,0,1667.03,5136.23,1.13
M0150313,N,65,0,8371.18,0,0,0,1888.66,8050.14,0.0
M0150314,Y,61,4,330179.65,5,5,6,100700.86,193889.07,4.09
M0150315,N,42,1,9377.66,0,1,1,4794.35,10603.54,0.57
M0150316,N,43,3,14604.49,0,0,0,7936.87,12276.75,2.09
M0150317,N,26,1,20943.32,0,0,0,6730.9,12972.88,0.55
M0150318,N,36,0,9545.18,0,1,0,4085.9,8329.38,0.59
M0150319,N,43,2,21409.52,0,0,0,17842.46,4613.91,2.87
M0150320,N,74,0,14104.7,0,0,0,2807.38,12574.49,1.37
M0150321,N,72,3,14296.74,0,2,0,6023.75,12051.12,1.03
M0150322,N,68,1,24064.52,0,1,2,11827.3,9359.42,1.33
M0150323,N,55,1,50151.94,0,1,2,8969.61,32907.55,0.75
M0150324,Y,54,3,229529.4,3,5,8,30682.11,174547.88,4.61
M0150325,N,68,4,24162.18,0,2,1,1940.49,27111.56,1.4
M0150326,N,50,2,18280.37,1,1,0,1527.29,19195.45,2.34
M0150327,N,20,2,33315.09,0,1,2,3732.85,36045.77,3.55
M0150328,N,47,3,21799.98,0,1,0,18709.63,9269.95,2.27
M0150329,N,76,1,15049.15,0,0,1,5630.28,7230.8,1.78
M0150330,N,30,1,16551.17,0,0,0,2800.69,11930.7,1.04
M0150331,N,62,1,11100.14,1,0,0,3119.09,7563.38,0.16
M0150332,Y,72,3,250802.18,1,1,4,66796.9,142562.75,3.63
M0150333,N,20,2,14296.81,0,0,0,5631.47,8610.08,0.73
M0150334,N,75,1,2987.69,0,0,0,1733.75,2511.57,0.0
M0150335,Y,76,5,286184.28,7,7,5,158698.17,203316.88,4.14
M0150336,N,59,1,3575.05,0,0,0,2477.84,2593.61,1.55
M0150337,N,42,0,29899.99,0,0,1,2165.53,43152.07,1.11
M0150338,N,77,1,15065.51,1,1,0,4427.34,13428.58,0.34
M0150339,N,53,0,9812.49,1,0,1,3161.6,13745.62,1.71
M0150340,N,37,1,8066.3,0,1,0,861.59,9285.58,0.26
M0150341,N,46,1,6752.28,0,2,0,959.25,10891.43,0.0
M0150342,N,43,1,3162.46,0,1,1,488.6,4393.8,0.22
M0150343,N,48,2,6282.53,0,2,0,3410.47,7521.27,1.73
M0150344,N,20,3,27508.01,0,1,1,8975.68,17596.57,3.75
M0150345,N,76,2,12754.27,0,2,2,3601.17,13440.33,2.6
M0150346,N,68,1,13521.32,0,0,0,5774.32,13671.54,1.42
M0150347,Y,48,4,577249.7,3,5,3,150377.52,354877.76,5.28
M0150348,N,76,2,4505.03,0,1,0,1138.9,4149.8,0.78
M0150349,N,32,1,23865.2,0,0,0,6269.64,18358.35,1.04
M0150350,N,71,3,16832.26,0,2,0,2833.35,13176.72,1.87
M0150351,N,23,2,9781.27,0,0,0,1641.3,9673.34,0.0
M0150352,N,32,0,8492.65,0,1,0,1879.74,5854.89,0.71
M0150353,N,52,1,4228.7,0,0,0,2797.49,3447.97,0.89
M0150354,N,66,0,20254.87,0,1,0,4761.32,13475.28,0.63
M0150355,N,33,1,5447.06,0,1,2,2260.74,3249.98,1.66
M0150356,N,28,3,3157.21,0,1,0,1005.73,3009.31,0.0
M0150357,N,28,3,6360.01,0,1,1,2181.97,4018.2,0.65
M0150358,N,34,0,7897.3,0,2,0,1547.54,10403.19,0.0
M0150359,N,39,1,11923.16,0,0,0,4945.51,6736.71,1.74
M0150360,N,23,0,11558.41,0,1,0,2396.05,7597.18,1.64
M0150361,N,37,3,43262.4,0,2,0,5110.49,31600.4,1.66
M0150362,N,72,1,19372.56,1,1,0,2640.46,12748.57,0.57
M0150363,N,28,0,35001.54,0,0,0,3936.29,25891.64,1.61
M0150364,N,54,0,10538.68,0,0,0,841.02,7766.21,1.42
M0150365,N,35,1,19253.51,1,2,1,7689.6,11904.13,2.15
M0150366,N,47,0,7565.81,1,0,1,280.58,6199.6,1.57
M0150367,N,20,0,28609.78,0,2,1,8108.31,17742.61,1.85
M0150368,N,72,0,9936.19,0,0,0,3512.83,6840.98,0.16
M0150369,N,35,1,10153.75,1,0,0,2468.04,8417.47,1.36
M0150370,N,31,1,3519.27,0,0,0,869.25,3201.73,0.0
M0150371,N,54,0,14291.62,0,0,0,4288.8,9367.56,0.0
M0150372,Y,37,6,111952.44,3,3,2,38373.8,108310.8,3.18
M0150373,N,26,2,5432.29,0,0,0,671.71,6207.81,0.22
M0150374,N,37,0,3013.5,0,0,0,865.85,2385.77,0.0
M0150375,N,80,1,11565.46,0,1,0,1344.53,12929.61,0.0
M0150376,N,39,1,9522.17,0,1,0,3290.8,6579.54,0.91
M0150377,N,30,3,8418.36,0,0,0,1746.81,10804.83,0.77
M0150378,N,38,0,3394.68,0,0,3,3252.07,2657.74,1.08
M0150379,N,39,2,14008.04,0,1,0,12364.15,9379.5,0.0
M0150380,N,36,0,20745.44,0,0,0,1253.65,17446.02,2.28
M0150381,N,26,0,6047.82,0,2,1,791.67,4140.54,0.64
M0150382,N,71,0,19707.18,0,3,0,4334.68,20660.86,0.1
M0150383,N,30,0,2481.6,0,1,0,346.77,3028.7,0.69
M0150384,N,49,1,9614.44,0,0,0,1550.85,6678.99,0.84
M0150385,N,50,1,28438.12,0,0,0,1053.96,23537.53,2.36
M0150386,N,57,1,21622.68,0,1,0,12685.22,7311.51,2.42
M0150387,N,61,0,10321.04,0,1,1,5189.98,4837.84,1.74
M0150388,N,60,2,7012.12,1,2,0,2417.35,10216.54,2.71
M0150389,N,35,1,10045.43,0,1,0,3989.81,4841.25,0.3
M0150390,N,48,1,5360.93,0,2,0,1260.07,7220.44,0.19
M0150391,N,70,0,18792.23,0,0,1,6723.08,12848.74,0.9
M0150392,N,51,2,13492.83,1,1,0,9242.9,4680.58,2.1
M0150393,N,66,2,17363.87,0,0,2,1327.16,12851.84,0.74
M0150394,N,50,0,20666.16,0,2,0,757.02,16582.17,0.0
M0150395,N,22,0,5320.52,1,1,0,4638.32,1234.75,0.09
M0150396,N,78,0,14593.66,0,0,0,6438.82,6224.1,2.39
M0150397,N,23,0,15963.08,0,0,0,12841.74,4566.31,1.56
M0150398,N,65,0,8307.57,0,0,0,749.96,6889.84,0.94
M0150399,N,57,1,15292.35,1,3,0,8649.53,15360.69,1.47
M0150400,N,52,1,16481.41,0,2,1,2175.17,12270.55,2.61
M0150401,N,43,0,5026.25,2,1,0,776.72,4356.22,0.78
M0150402,N,38,2,4557.33,0,2,0,1188.85,5522.81,1.44
M0150403,N,34,1,9154.42,0,1,0,935.89,6819.82,0.93
M0150404,N,45,1,14866.82,1,1,1,7829.33,7098.52,1.15
M0150405,N,50,2,8444.9,0,2,0,7697.25,7469.58,1.97
M0150406,N,62,1,6469.05,0,0,0,1997.98,4224.21,0.34
M0150407,N,21,1,15302.86,0,0,0,1183.44,13726.38,0.07
M0150408,N,76,0,7061.71,0,0,0,494.12,5799.37,0.47
M0150409,N,72,1,18491.72,1,1,0,3016.93,18491.33,2.52
M0150410,N,67,1,8190.42,0,1,0,5584.96,8134.42,2.17
M0150411,N,20,1,10569.32,0,1,1,1143.46,12294.82,2.65
M0150412,N,36,2,7342.61,1,2,0,2139.07,3762.8,2.85
M0150413,N,66,2,12677.12,0,0,0,2410.37,16144.9,1.14
M0150414,N,67,2,21761.83,0,1,1,8990.08,22480.66,1.02
M0150415,N,59,0,6191.44,0,1,1,3107.64,4348.9,0.71
M0150416,N,37,1,25249.1,1,3,0,4284.56,27997.04,2.01
M0150417,N,24,0,8587.34,1,1,0,2520.08,6772.48,3.25
M0150418,N,33,1,23092.49,0,0,0,2562.83,20770.59,2.46
M0150419,N,18,1,32030.67,0,0,0,6994.94,18562.44,0.0
M0150420,N,70,0,4588.58,0,0,0,2106.11,2537.12,0.71
M0150421,N,36,0,14072.02,0,0,1,4027.51,8548.43,2.11
M0150422,N,57,1,14479.2,0,0,0,704.86,22749.42,0.0
M0150423,N,44,1,5291.62,0,2,0,1245.02,4440.72,0.16
M0150424,N,30,0,6293.87,0,2,1,2131.42,5200.5,0.75
M0150425,N,25,0,7769.2,0,1,0,1080.34,5506.07,1.05
M0150426,N,37,0,23945.44,0,1,0,8296.94,22781.23,1.44
M0150427,N,46,0,28679.4,0,0,1,644.82,22789.48,1.14
M0150428,N,23,1,8125.59,0,0,0,1402.39,9168.54,0.47
M0150429,N,74,0,44028.97,1,2,1,10295.46,24176.09,2.53
M0150430,N,77,2,12135.0,1,0,0,4876.37,11560.8,1.9
M0150431,N,66,0,5182.29,1,0,0,1564.59,4173.48,0.0
M0150432,N,26,0,12431.83,0,0,0,4022.81,14349.4,1.17
M0150433,N,27,0,7061.77,0,0,0,2740.41,5216.42,1.69
M0150434,N,40,2,10089.94,1,2,0,3929.65,10466.9,0.96
M0150435,N,19,0,5189.36,0,2,0,3813.12,3817.15,2.6
M0150436,N,21,0,10457.91,0,0,0,1959.37,7340.26,0.11
M0150437,N,20,1,3885.11,0,0,0,1831.53,3816.82,0.14
M0150438,N,40,2,7047.92,0,2,0,2017.41,8913.26,1.81
M0150439,N,31,2,41614.02,0,1,0,30301.73,15129.77,0.73
M0150440,N,48,2,14804.41,0,1,1,3159.89,16357.3,1.16
M0150441,N,28,0,7068.84,0,1,1,1432.28,6386.12,1.19
M0150442,N,49,0,11868.9,1,1,1,13027.96,7794.18,1.05
M0150443,N,62,2,24280.05,1,1,0,1996.21,20322.76,0.51
M0150444,N,24,2,17915.03,1,0,1,2288.62,24451.41,1.27
M0150445,N,26,0,14116.35,0,1,0,4849.96,16760.2,2.09
M0150446,N,30,0,24055.92,0,2,0,4251.76,22615.49,0.85
M0150447,N,37,1,3574.26,0,0,1,683.44,3670.9,1.29
M0150448,N,65,1,4718.27,0,3,0,3791.97,3815.43,0.0
M0150449,N,73,0,5274.25,2,0,1,1887.41,4138.12,1.27
M0150450,N,30,2,9363.08,0,1,2,1009.36,10978.4,1.73
M0150451,N,75,1,48934.17,0,1,0,7561.52,30784.51,1.68
M0150452,Y,45,3,239824.19,5,2,6,107748.77,93026.56,5.43
M0150453,N,71,0,4707.36,0,0,1,4760.27,2720.23,0.81
M0150454,N,24,0,12091.02,0,1,1,2336.53,13342.68,0.0
M0150455,N,29,0,19252.14,0,0,0,11087.28,9418.17,0.88
M0150456,N,20,1,52099.17,0,1,0,7783.45,44635.31,2.58
M0150457,N,41,2,37195.59,0,1,1,8579.0,28905.27,0.54
M0150458,Y,85,3,327703.49,3,5,2,116117.06,229934.63,6.66
M0150459,N,72,1,5050.22,0,1,0,1390.57,2711.51,0.27
M0150460,N,20,0,4007.71,0,0,1,2697.1,2578.93,0.0
M0150461,N,73,2,2795.2,0,0,0,1838.71,1310.76,0.68
M0150462,N,52,2,22591.67,1,1,1,9685.94,12703.81,0.89
M0150463,N,46,1,20910.52,0,0,0,5559.42,14559.63,0.94
M0150464,N,57,0,11656.1,0,0,0,2638.21,10015.22,0.18
M0150465,N,76,1,11369.15,0,1,0,634.64,12262.41,0.65
M0150466,Y,37,3,141830.22,2,1,1,90610.56,106962.79,3.42
M0150467,N,45,0,31567.86,1,0,0,5921.17,33738.77,2.77
M0150468,N,62,0,6656.1,0,0,1,890.59,4623.8,0.0
M0150469,N,35,1,5001.49,0,1,0,1089.68,3624.2,0.34
M0150470,N,62,2,4145.74,0,0,0,1352.71,5195.74,0.71
M0150471,N,35,2,10280.49,0,2,0,2429.22,8630.31,2.11
M0150472,Y,59,3,296317.91,2,3,3,152526.77,105483.5,2.0
M0150473,N,60,3,14690.38,0,0,0,5945.65,10323.34,1.61
M0150474,N,74,1,10100.75,0,0,2,1407.83,12733.05,1.25
M0150475,N,54,3,22075.7,0,3,1,14034.23,11257.81,1.19
M0150476,N,80,1,3939.19,1,0,0,684.75,2909.16,0.05
M0150477,N,59,0,7600.46,0,2,0,2657.36,6283.73,0.0
M0150478,N,74,2,31272.83,0,1,0,4382.51,20189.03,1.69
M0150479,N,27,0,8370.61,0,1,0,3167.93,4179.89,0.0
M0150480,N,48,0,4629.34,0,1,0,1175.11,2765.82,0.0
M0150481,N,57,0,33237.48,0,0,0,3356.53,33937.24,2.37
M0150482,N,31,0,15861.01,0,0,0,2845.6,17310.37,0.78
M0150483,N,37,0,6710.89,0,1,0,2436.54,3398.11,2.33
M0150484,N,72,3,13400.6,1,3,0,2915.35,11109.57,2.06
M0150485,N,78,0,16978.77,1,1,4,5919.45,8984.75,2.52
M0150486,N,33,0,1489.31,0,0,0,979.3,1670.46,0.99
M0150487,N,38,2,35712.83,0,0,0,6982.6,20943.53,0.98
M0150488,N,33,1,5818.51,0,1,0,1683.47,5666.64,2.04
M0150489,N,36,0,9362.7,0,0,0,4110.07,7614.25,0.94
M0150490,N,46,0,10776.97,0,0,1,989.82,9956.53,0.4
M0150491,N,20,0,4378.24,0,1,0,610.44,2851.66,0.35
M0150492,N,65,1,23115.61,0,0,0,12084.29,13859.69,1.08
M0150493,N,30,2,9739.71,0,1,0,2554.32,6139.5,1.22
M0150494,N,43,3,16455.9,0,0,0,2425.11,14361.92,0.33
M0150495,N,18,2,14788.87,0,1,0,3054.87,10658.29,2.09
M0150496,N,24,2,22353.25,0,3,0,9004.98,18531.66,2.2
M0150497,N,42,1,3600.68,0,0,1,578.99,4141.54,0.0
M0150498,N,24,3,5681.06,0,0,0,3883.51,5397.57,2.54
M0150499,Y,63,6,128381.08,1,3,1,45815.44,91495.95,3.01
M0150500,N,78,2,7720.26,0,1,0,1349.16,7272.3,1.23
M0150501,N,39,1,3303.24,0,0,1,2197.4,1141.75,0.0
M0150502,N,79,2,2370.92,0,1,1,1261.14,2436.65,0.0
M0150503,N,45,1,14444.2,0,0,0,547.47,10960.47,0.0
M0150504,N,33,2,4111.31,1,0,0,2413.98,3327.96,1.64
M0150505,N,63,0,12096.39,0,1,0,4812.86,6888.95,0.0
M0150506,N,75,2,24464.06,1,2,0,17378.98,26829.89,2.19
M0150507,N,50,0,15349.33,0,1,1,6409.96,15158.68,1.98
M0150508,N,63,0,13869.54,0,0,0,3481.33,9970.75,0.53
M0150509,N,54,1,7953.69,1,0,0,2582.26,6245.59,0.0
M0150510,N,54,2,7010.46,0,0,0,2548.63,3507.41,1.32
M0150511,N,74,1,4699.52,0,1,0,1329.27,5054.29,0.73
M0150512,N,29,0,5675.06,0,0,0,1062.96,3523.48,0.26
M0150513,N,28,0,4406.13,0,0,1,702.02,5853.74,0.0
M0150514,N,21,0,13268.69,0,0,1,1745.95,9910.27,0.0
M0150515,N,62,0,7969.64,0,2,0,2092.45,6744.15,0.8
M0150516,N,58,3,31227.16,0,1,0,18008.7,21173.26,1.5
M0150517,N,75,2,20502.94,0,2,1,10628.2,22769.71,1.41
M0150518,N,32,3,13503.51,0,1,0,12897.56,5044.69,0.98
M0150519,N,58,0,13237.81,0,0,0,9849.79,12021.98,2.33
M0150520,N,70,1,4916.56,0,0,0,575.22,4427.99,1.7
M0150521,N,33,0,15834.47,0,0,1,4984.95,16172.4,1.71
M0150522,N,29,3,11230.91,0,0,0,5582.52,10515.78,1.4
M0150523,N,80,0,6221.04,0,0,1,578.91,5776.79,0.15
M0150524,N,29,0,5581.72,1,0,0,486.09,4960.89,0.98
M0150525,N,19,1,11855.33,0,1,1,5856.06,6897.69,2.19
M0150526,N,39,1,4154.48,0,1,0,2267.21,2153.5,0.36
M0150527,N,29,1,7989.8,0,0,0,1183.4,10347.74,0.66
M0150528,N,40,1,22486.56,0,0,0,11663.04,16786.86,0.38
M0150529,N,32,2,38552.19,0,3,0,3469.04,46900.34,1.41
M0150530,N,56,2,5725.37,0,1,0,1110.9,7915.01,1.11
M0150531,N,61,1,1709.6,0,0,0,1269.45,1332.61,1.17
M0150532,N,36,0,3515.73,0,0,0,2337.53,2106.14,0.67
M0150533,N,55,1,5343.08,0,0,0,1658.08,4254.54,0.21
M0150534,N,44,1,9224.22,0,0,1,2798.74,13519.3,1.47
M0150535,N,50,0,8771.73,2,0,2,609.27,9605.38,0.42
M0150536,N,38,0,11066.99,0,1,0,5993.26,7758.25,0.74
M0150537,N,41,0,12600.08,0,0,0,6823.64,3118.63,1.54
M0150538,N,20,1,13959.19,0,0,1,1669.21,11503.51,0.75
M0150539,N,70,1,27697.46,0,2,0,12951.74,9304.11,1.81
M0150540,N,72,2,8932.6,0,0,0,5218.81,3210.06,1.04
M0150541,N,60,0,8003.79,0,1,1,1922.62,5587.43,1.69
M0150542,N,35,0,20209.96,0,0,0,4472.89,13745.51,0.46
M0150543,N,35,0,4966.2,0,1,0,885.92,4317.58,1.34
M0150544,N,34,0,7357.27,0,1,0,1813.05,4283.66,0.0
M0150545,N,51,0,6096.05,1,1,0,2996.35,3713.17,1.47
M0150546,N,49,0,34940.09,0,0,0,7356.52,24634.52,1.64
M0150547,N,48,2,15271.01,0,0,0,4936.03,7249.61,0.44
M0150548,N,57,0,7479.14,0,0,0,901.87,5857.69,0.46
M0150549,N,19,1,14491.83,0,1,0,2331.03,11897.8,0.67
M0150550,N,64,0,15632.82,0,2,0,9644.42,14439.59,1.88
M0150551,N,66,0,7545.82,1,0,2,3220.05,5817.33,0.93
M0150552,N,56,1,4591.31,0,2,0,1379.22,3146.45,0.23
M0150553,N,53,3,26154.82,1,1,0,10081.52,18459.91,2.17
M0150554,N,68,2,5504.03,0,0,0,1526.87,2967.9,0.03
M0150555,N,60,2,14739.4,0,2,0,8286.39,9976.45,1.52
M0150556,N,58,0,15403.71,0,2,0,3981.59,16820.2,1.28
M0150557,N,51,0,2943.19,0,0,0,920.92,2397.23,0.0
M0150558,N,25,2,7951.2,0,0,0,2245.8,9957.13,0.36
M0150559,N,53,1,14925.69,0,1,1,768.89,13120.06,0.74
M0150560,N,56,0,6256.22,1,1,0,1671.49,6669.11,0.0
M0150561,N,56,1,10608.07,0,0,1,2184.37,7414.97,1.82
M0150562,N,30,1,11761.24,0,0,0,4016.5,9692.53,1.8
M0150563,N,51,4,12617.36,0,0,0,3814.66,8715.32,2.77
M0150564,N,59,4,20499.51,1,3,0,5581.78,18740.85,2.4
M0150565,N,66,2,14986.27,1,3,0,7368.46,11442.32,0.47
M0150566,N,39,1,10058.06,0,0,0,4318.97,6353.87,2.38
M0150567,N,22,2,14621.38,0,5,1,4200.08,11142.55,1.53
M0150568,N,79,0,9988.79,1,0,2,1113.08,9506.08,0.48
M0150569,N,38,2,7185.23,0,0,0,2246.55,8945.69,1.62
M0150570,N,65,1,46841.96,0,0,1,19840.8,20268.36,2.64
M0150571,N,27,1,27739.27,0,0,0,3661.73,18987.08,0.94
M0150572,N,44,1,39907.83,0,1,0,7253.38,30531.73,1.13
M0150573,N,33,0,16101.54,0,3,0,1344.65,12405.07,1.3
M0150574,N,78,1,36907.22,0,1,2,1202.15,29992.23,0.23
M0150575,N,65,0,6599.16,0,0,0,314.83,4966.59,0.0
M0150576,N,46,0,7615.03,0,1,0,5699.94,3206.27,1.09
M0150577,N,50,0,5152.95,0,1,0,1216.93,4451.58,0.6
M0150578,N,42,0,12435.11,0,0,0,7531.83,8115.17,2.42
M0150579,N,24,0,17294.79,0,0,0,8780.94,12099.86,0.33
M0150580,N,72,1,8894.32,0,0,1,1891.82,11885.53,2.73
M0150581,N,65,2,17397.06,0,0,1,4867.76,10050.6,1.0
M0150582,Y,56,3,168702.18,1,2,1,71780.26,101179.22,2.03
M0150583,N,22,2,13833.5,0,0,0,14581.27,8933.58,0.5
M0150584,N,36,1,14912.51,0,1,0,7857.85,9255.69,0.44
M0150585,N,75,1,4522.47,0,1,0,1040.27,2895.15,0.69
M0150586,Y,43,4,240901.98,3,3,4,152362.23,118522.72,6.03
M0150587,N,75,1,21660.55,0,2,0,4730.56,24016.11,1.47
M0150588,N,68,2,9580.2,0,0,0,596.46,8550.92,1.39
M0150589,N,54,0,10606.33,0,1,0,3390.97,6007.88,1.2
M0150590,N,29,1,3023.98,0,1,0,1197.41,3485.93,0.61
M0150591,N,48,2,20594.51,1,2,0,12383.41,10632.33,0.86
M0150592,N,52,2,26523.27,0,0,0,2789.95,18053.85,1.88
M0150593,N,55,1,7391.32,0,1,0,3969.54,6040.42,1.03
M0150594,N,75,1,7418.17,0,1,2,4149.21,6143.96,2.15
M0150595,N,67,0,3951.32,0,0,0,1112.41,2571.41,0.0
M0150596,N,43,2,4129.17,0,0,1,4068.67,3109.7,2.1
M0150597,N,45,0,21975.21,0,0,0,1098.82,16101.64,0.66
M0150598,N,30,1,6234.09,0,0,0,828.71,5365.47,0.83
M0150599,N,34,1,34255.22,1,4,1,27780.64,9274.14,0.94
M0150600,N,23,2,27527.38,0,1,1,6274.4,17084.84,0.61
M0150601,N,70,2,15503.56,0,1,1,9533.92,15671.8,0.67
M0150602,N,80,0,9138.16,0,1,0,2589.8,5394.76,1.35
M0150603,Y,66,4,149349.97,1,3,2,22261.05,138378.9,3.28
M0150604,N,26,2,16331.51,1,1,1,3889.19,12149.88,1.34
M0150605,Y,48,3,149922.42,3,4,4,138637.16,75061.42,6.29
M0150606,N,48,0,5296.06,0,0,0,3085.02,2640.98,0.0
M0150607,N,24,1,12128.71,0,1,0,3270.37,7954.76,1.39
M0150608,N,80,0,9059.41,0,1,0,2918.35,5864.98,1.74
M0150609,N,61,2,12861.08,0,4,1,3724.13,7221.62,0.47
M0150610,N,34,2,16559.28,1,0,1,7933.56,7540.46,1.37
M0150611,N,77,2,16594.13,1,0,0,6530.83,9551.84,2.41
M0150612,N,32,0,4644.46,0,0,0,724.43,3478.9,1.41
M0150613,Y,84,4,233805.51,2,3,2,103872.78,145517.94,4.88
M0150614,N,72,1,14140.42,0,0,0,8729.44,12603.85,2.01
M0150615,N,19,0,22677.38,0,1,1,9461.08,11633.27,1.59
M0150616,N,61,2,6877.04,0,2,0,7511.3,2616.41,2.29
M0150617,N,34,1,8502.03,0,1,0,4373.18,8025.01,0.59
M0150618,N,49,0,25781.24,0,0,0,4856.03,20405.73,1.01
M0150619,N,65,1,19037.59,0,1,0,3649.02,14060.57,1.46
M0150620,N,62,0,8727.8,1,0,0,2992.3,5700.48,0.0
M0150621,N,54,1,13375.66,0,0,0,2570.56,7945.47,1.41
M0150622,N,50,0,7960.91,0,2,0,1507.28,10515.53,0.81
M0150623,N,77,2,13728.58,0,2,0,3998.43,10794.86,1.95
M0150624,N,24,0,3420.94,0,0,0,1006.86,4483.31,0.05
M0150625,N,49,3,4385.66,1,0,0,2267.01,3062.2,0.0
M0150626,Y,44,6,277335.8,1,4,4,110221.28,130952.12,6.82
M0150627,Y,39,4,343943.09,4,4,4,116381.43,195083.91,5.34
M0150628,N,57,2,15436.91,1,1,1,3726.17,12683.95,1.8
M0150629,N,80,0,4906.51,1,2,0,1457.32,6376.6,1.63
M0150630,N,49,4,12330.39,0,0,0,972.62,9569.17,0.61
M0150631,N,62,0,15431.21,0,0,0,2880.63,16537.32,1.03
M0150632,N,23,1,15463.13,0,1,0,6558.4,8967.39,2.42
M0150633,N,31,2,42663.31,2,2,1,9479.04,47463.18,1.42
M0150634,N,80,2,4201.0,0,0,1,2032.08,2946.03,0.0
M0150635,N,70,1,7896.58,0,0,1,2344.7,5556.14,1.33
M0150636,N,18,1,4845.15,2,1,0,1878.23,4620.82,2.0
M0150637,N,48,1,20954.9,0,0,0,4018.17,12432.54,2.13
M0150638,N,80,2,11928.1,0,2,0,2823.05,14215.78,0.44
M0150639,N,77,2,46571.74,0,0,1,1940.23,36726.37,2.19
M0150640,N,55,2,8980.37,1,3,2,6998.7,8535.65,2.87
M0150641,N,48,2,20845.44,0,1,0,870.3,16882.52,0.62
M0150642,N,77,0,5276.11,2,0,0,1391.72,6793.81,0.0
M0150643,N,19,2,10210.04,0,0,0,6954.67,5173.28,0.86
M0150644,N,56,1,9614.28,0,0,0,1052.51,6742.94,1.31
M0150645,N,78,2,16485.05,0,1,0,2054.43,11636.62,0.94
M0150646,N,53,0,12006.96,0,0,0,9561.93,9785.18,1.11
M0150647,N,24,2,9037.05,1,0,1,355.31,10861.31,0.0
M0150648,N,20,1,17962.39,0,1,0,2634.92,13974.69,0.66
M0150649,N,38,0,8789.76,0,1,1,3993.25,7242.41,0.07
M0150650,N,47,0,7801.79,0,0,0,2351.16,6384.74,0.0
M0150651,N,20,0,15603.15,0,0,0,3645.53,10347.22,1.17
M0150652,N,62,1,11929.04,0,0,1,3418.38,8597.23,1.69
M0150653,N,27,0,3680.19,0,0,0,4876.94,1561.18,1.33
M0150654,N,74,4,12554.54,0,1,1,3572.8,10096.79,2.55
M0150655,N,35,2,14914.74,0,1,0,3735.04,10843.82,1.49
M0150656,N,76,0,10725.26,0,1,0,2480.44,6886.87,0.41
M0150657,N,40,1,7045.24,0,0,0,1391.95,8212.73,0.0
M0150658,N,35,0,37818.9,0,2,1,2402.71,28916.16,0.64
M0150659,N,76,2,23149.77,1,1,0,6407.06,22222.73,0.47
M0150660,N,22,1,15326.46,0,0,0,4599.85,14087.66,1.26
M0150661,N,18,1,10956.48,0,2,0,2116.88,15161.51,1.09
M0150662,N,22,2,2655.54,0,0,0,1555.28,1543.17,1.39
M0150663,N,53,0,7439.18,0,0,0,2461.6,3427.96,1.01
M0150664,N,46,1,3986.27,0,0,0,2238.46,2382.66,0.81
M0150665,N,60,1,7707.1,0,0,0,1847.83,4374.05,0.0
M0150666,N,30,1,7097.06,0,0,0,2250.4,8827.12,0.19
M0150667,N,40,1,20835.09,0,1,0,5223.1,11655.3,0.82
M0150668,N,76,2,28702.83,1,2,1,11063.4,15036.8,2.17
M0150669,N,79,0,30055.87,1,3,0,2871.45,39328.93,2.45
M0150670,N,62,0,18717.3,1,0,0,7581.09,21012.11,1.72
M0150671,N,27,0,10063.87,0,0,0,2330.65,6170.19,0.9
M0150672,N,66,0,7148.98,0,1,0,3924.3,8469.6,0.14
M0150673,N,51,3,11848.66,0,2,0,6756.51,6902.46,2.13
M0150674,N,38,1,4422.29,0,1,0,1033.84,2939.54,0.31
M0150675,N,35,2,8600.07,0,0,0,2750.37,5249.05,0.24
M0150676,N,61,2,11706.72,0,0,1,4275.83,5258.53,1.52
M0150677,N,40,0,5597.98,0,1,0,2283.5,4956.71,0.84
M0150678,N,68,0,5455.65,0,1,0,2472.11,2122.48,0.18
M0150679,N,36,0,9348.97,0,1,0,905.3,7108.91,0.0
M0150680,N,30,0,14149.32,0,1,0,2605.29,8937.17,1.46
M0150681,N,60,0,9447.07,1,1,0,2645.51,11472.62,1.38
M0150682,N,43,0,11724.89,0,0,0,2102.77,10157.22,0.06
M0150683,N,39,1,6569.78,0,0,0,1361.08,4110.1,1.3
M0150684,N,76,0,12160.48,0,2,1,4112.36,11192.61,1.38
M0150685,N,34,2,5042.67,0,0,0,2176.74,2902.02,1.55
M0150686,N,73,0,7766.63,1,0,0,2030.78,7696.38,0.9
M0150687,N,60,0,4135.94,0,0,0,1672.25,3230.7,0.69
M0150688,N,46,0,8858.89,0,1,0,1195.69,6661.62,0.55
M0150689,N,68,0,4929.85,0,2,0,2902.33,3997.31,1.62
M0150690,N,56,0,10096.48,0,0,0,4789.81,4411.9,1.34
M0150691,Y,60,3,181465.13,2,1,4,48667.19,161653.8,3.76
M0150692,Y,38,3,278427.61,4,2,4,101970.51,183823.19,2.69
M0150693,N,26,0,9820.24,0,0,0,2387.11,5848.48,0.44
M0150694,N,19,2,9096.76,0,2,0,1327.38,9846.13,0.08
M0150695,N,18,2,11980.44,0,0,0,381.52,9673.18,0.0
M0150696,N,42,0,4981.06,0,0,0,2233.99,2607.89,0.47
M0150697,N,20,1,20280.72,0,2,0,7986.67,15871.91,0.33
M0150698,N,38,0,9390.89,0,0,1,1063.57,8931.95,0.96
M0150699,N,62,3,6338.83,0,0,1,3925.96,6757.89,0.0
M0150700,N,40,0,5292.83,0,0,0,1689.69,6059.65,0.78
M0150701,N,54,1,26798.52,0,0,1,3119.7,22793.18,1.35
M0150702,N,58,0,6905.3,0,0,0,670.37,6294.3,0.16
M0150703,N,25,2,24722.26,0,0,1,9100.19,18479.31,1.75
M0150704,N,28,2,15540.9,0,1,1,3659.95,11751.45,2.15
M0150705,Y,53,7,318114.77,2,1,4,90095.3,191644.9,6.16
M0150706,N,65,0,19671.56,0,1,0,4130.66,12658.49,0.71
M0150707,N,62,2,20717.07,0,1,1,7572.49,10422.59,3.33
M0150708,Y,86,4,148023.24,1,3,1,50544.42,97423.25,2.2
M0150709,N,45,1,25680.74,0,1,0,13225.11,11771.97,2.16
M0150710,N,18,1,41049.72,0,0,1,30428.87,18547.24,1.31
M0150711,N,46,0,12269.0,0,0,1,927.87,12077.39,1.97
M0150712,N,26,0,9735.82,1,0,2,6072.57,9230.25,0.94
M0150713,N,62,1,4609.49,1,0,0,2812.83,5028.85,0.0
M0150714,N,79,1,23671.0,0,0,0,2982.65,17760.91,0.9
M0150715,N,53,0,7458.56,0,2,1,4903.61,5895.45,1.42
M0150716,N,52,3,42647.97,0,2,1,28665.93,6115.84,1.22
M0150717,N,42,0,10052.85,0,0,0,1812.31,9352.59,1.22
M0150718,Y,57,5,200689.73,2,4,7,61557.67,172425.71,6.18
M0150719,N,49,1,6999.2,0,1,0,2061.26,4522.52,0.65
M0150720,N,42,1,13498.39,0,1,0,4626.53,6347.98,0.53
M0150721,N,38,1,13500.4,0,0,0,5789.65,6435.48,1.91
M0150722,N,60,2,7194.97,0,0,0,2115.6,4045.97,0.64
M0150723,N,19,1,5242.66,0,1,0,3328.01,5821.84,2.25
M0150724,N,40,3,30505.43,1,1,1,2782.59,22431.05,1.36
M0150725,N,58,0,4497.01,1,0,0,1672.67,3604.86,0.0
M0150726,N,55,1,12567.28,0,1,0,10319.44,10177.69,1.41
M0150727,N,27,3,12062.64,0,0,0,2090.74,7701.46,0.78
M0150728,N,56,0,8039.59,0,0,0,2014.75,4631.36,1.91
M0150729,N,51,3,15569.38,1,2,1,14598.01,10673.72,1.88
M0150730,N,76,1,21215.47,0,1,0,5588.43,13018.34,1.54
M0150731,N,59,1,8481.96,0,0,0,3194.99,3810.2,0.27
M0150732,N,59,1,8658.5,1,1,0,2127.82,8217.04,0.25
M0150733,N,32,0,6358.75,0,1,0,577.73,4741.41,0.0
M0150734,N,67,3,27246.3,1,0,0,4075.18,21595.99,0.0
M0150735,N,64,1,12670.16,0,3,0,6654.0,3680.32,1.5
M0150736,N,60,2,21220.21,2,0,0,2512.45,16502.22,1.39
M0150737,N,18,0,8203.04,0,0,0,2477.4,7091.98,0.91
M0150738,N,77,0,3053.16,0,0,0,776.9,3346.36,1.17
M0150739,N,46,0,6523.39,0,0,0,2609.91,4040.28,0.1
M0150740,N,25,1,14676.19,0,2,0,3690.28,12879.85,1.08
M0150741,N,57,2,13133.77,0,0,0,1904.39,11637.76,1.42
M0150742,N,27,2,15708.91,0,0,0,4424.38,8390.17,1.28
M0150743,N,28,0,1318.34,0,0,0,1427.13,957.8,0.37
M0150744,N,49,1,19991.5,0,1,0,13710.67,7454.42,2.89
M0150745,N,56,0,31718.08,1,3,1,5271.36,29884.18,0.45
M0150746,N,46,0,13601.02,0,0,0,1811.37,10528.07,0.27
M0150747,N,80,0,5790.1,0,1,1,1057.15,3647.68,0.0
M0150748,N,58,0,4678.03,0,0,0,1112.7,5610.99,1.66
M0150749,N,32,1,4477.58,0,0,0,1045.54,5309.87,2.07
M0150750,N,23,2,31570.92,0,0,1,11341.68,14365.04,1.05
M0150751,N,66,2,6779.66,1,0,0,581.64,7949.02,0.22
M0150752,N,44,1,10743.26,0,1,0,7923.33,6985.87,0.87
M0150753,N,19,0,13974.74,0,0,0,6950.34,13984.05,0.97
M0150754,N,50,1,6241.09,1,0,1,5488.43,1940.55,2.65
M0150755,N,42,0,23998.11,0,0,1,2380.59,34999.7,1.51
M0150756,N,63,0,8885.29,0,1,0,4495.6,6775.42,0.18
M0150757,N,24,1,17306.41,1,1,1,3938.37,16514.73,1.74
M0150758,N,63,0,3083.04,0,0,0,1816.5,3719.78,0.0
M0150759,N,51,0,10348.21,0,0,0,1232.45,7241.64,0.0
M0150760,N,79,1,15534.37,0,1,0,1013.55,11753.61,0.0
M0150761,N,39,1,24315.91,0,0,2,7236.22,19004.79,2.39
M0150762,N,37,1,22815.38,0,1,1,5669.1,12920.78,0.08
M0150763,N,35,1,5480.08,1,0,1,1732.35,3843.57,2.42
M0150764,N,48,0,21928.63,0,1,0,1118.18,20665.69,0.81
M0150765,N,32,0,11806.76,0,0,0,4531.48,4954.2,1.55
M0150766,N,75,0,5662.94,1,0,2,2469.88,4700.08,0.25
M0150767,N,53,1,21212.32,0,0,0,2443.36,18478.8,2.12
M0150768,N,62,2,20533.71,0,1,0,6850.07,19324.56,2.01
M0150769,N,77,1,14847.96,1,0,1,9224.75,6931.75,2.6
M0150770,N,75,0,2235.85,0,1,0,2103.24,1369.6,2.22
M0150771,N,25,1,20774.19,0,1,0,7362.36,14714.95,1.51
M0150772,N,19,2,9500.71,0,0,0,1987.56,12712.88,1.62
M0150773,N,68,0,14615.49,1,0,0,1387.07,13866.06,1.35
M0150774,N,78,0,22309.02,0,1,0,2029.66,16967.55,0.0
M0150775,N,41,0,8582.09,0,1,0,560.73,10518.89,1.13
M0150776,N,63,1,10239.37,0,0,0,430.04,7843.79,0.0
M0150777,N,57,1,16353.28,0,2,0,3451.8,10445.98,1.59
M0150778,N,73,0,22736.96,0,1,0,8576.31,19291.44,0.05
M0150779,N,61,1,19763.66,1,1,0,6062.2,9820.01,2.0
M0150780,N,63,0,7692.24,0,0,0,5363.87,6714.3,0.83
M0150781,N,69,5,18135.12,0,0,0,6856.99,15450.33,2.99
M0150782,N,28,1,12958.35,0,0,0,6255.89,9433.02,1.53
M0150783,Y,59,4,161524.72,4,3,5,41779.19,146651.19,4.98
M0150784,N,29,0,8318.27,0,0,0,2271.8,4775.31,0.9
M0150785,N,58,3,7301.73,0,2,1,5415.85,7728.43,1.78
M0150786,N,29,0,3953.0,1,0,0,2369.22,4656.52,0.0
M0150787,N,68,0,11150.94,0,0,0,1487.21,9931.4,0.29
M0150788,N,29,1,9312.35,0,1,0,2832.76,8490.06,1.83
M0150789,N,29,1,6996.2,0,1,1,2098.52,9262.48,1.75
M0150790,N,53,1,7227.07,0,1,1,1523.35,8732.6,0.66
M0150791,N,38,0,4874.11,0,0,0,2840.39,5511.79,1.8
M0150792,N,32,0,3710.63,0,0,0,736.29,2423.35,1.19
M0150793,N,48,0,5848.0,0,2,0,2089.69,5602.69,0.3
M0150794,N,46,1,5566.4,0,0,0,2829.76,2236.01,0.74
M0150795,N,63,3,27806.33,1,0,0,10144.44,24758.39,2.83
M0150796,N,58,1,23053.94,0,0,0,3153.73,25709.58,1.34
M0150797,N,38,2,6135.01,0,0,0,760.99,4941.96,1.26
M0150798,N,53,1,17081.94,0,1,1,8549.61,11233.66,0.21
M0150799,N,72,2,15662.93,0,3,0,12877.39,14311.44,2.5
M0150800,N,24,0,29914.71,0,0,0,11276.96,27780.19,1.16
M0150801,N,69,0,4279.98,0,1,2,1672.94,3071.51,0.86
M0150802,N,51,0,24696.03,0,2,0,20305.62,4339.62,0.89
M0150803,N,18,1,31284.09,0,0,0,3426.98,21768.52,0.33
M0150804,N,20,2,27475.85,0,2,0,5717.81,20265.89,1.64
M0150805,Y,82,3,200464.71,6,2,2,75213.07,118851.89,4.61
M0150806,N,64,2,10547.39,0,1,2,4088.47,7998.11,1.68
M0150807,N,48,0,10032.28,0,0,0,1304.2,9926.6,1.17
M0150808,N,39,2,7240.45,0,1,0,6227.36,5204.64,1.31
M0150809,N,80,0,14380.52,0,0,0,3033.62,9231.41,0.75
M0150810,N,73,0,18192.79,0,2,1,1518.21,20297.57,0.74
M0150811,N,63,0,35310.99,0,1,1,1615.3,42082.27,1.16
M0150812,N,67,1,13811.71,0,2,1,1607.45,9382.41,1.21
M0150813,N,71,1,12591.82,0,1,0,2230.03,10936.4,1.06
M0150814,N,19,3,25637.13,2,1,1,4282.15,20234.97,1.94
M0150815,N,67,2,40737.14,0,0,0,10141.91,30308.35,1.82
M0150816,N,69,1,10406.15,0,0,0,7430.66,3113.83,1.0
M0150817,N,64,3,12204.69,0,1,0,3831.83,5826.25,0.98
M0150818,N,37,0,19289.75,0,0,0,2049.92,14663.52,2.48
M0150819,N,76,0,5998.32,0,0,0,4883.04,3051.94,0.7
M0150820,N,27,0,6318.53,0,0,1,6448.77,4176.14,1.21
M0150821,N,51,0,5552.61,0,1,0,1319.99,6759.61,0.0
M0150822,N,71,1,20375.07,0,0,0,1714.35,19766.31,1.85
M0150823,N,72,0,3386.83,0,0,0,1518.43,2751.6,1.01
M0150824,N,60,1,27280.22,1,0,0,4515.34,18495.46,1.63
M0150825,N,37,0,3609.24,0,0,0,444.57,3586.57,0.0
M0150826,N,56,0,4000.29,0,1,0,789.03,3065.16,0.0
M0150827,N,42,0,9069.84,0,2,0,1530.82,8971.1,1.39
M0150828,N,41,1,13221.53,0,1,2,3088.8,7841.28,1.59
M0150829,Y,60,6,421616.0,5,2,3,186714.18,196541.2,5.77
M0150830,N,50,1,11947.49,0,1,1,2269.27,8309.81,0.29
M0150831,N,77,1,6262.73,0,0,0,1574.29,3939.33,1.42
M0150832,N,67,0,8287.26,0,0,0,5159.03,4089.64,0.37
M0150833,N,20,0,6209.45,0,1,0,6217.71,4324.88,0.0
M0150834,N,76,1,47296.07,0,1,2,18877.69,26170.41,0.99
M0150835,N,30,2,36005.25,0,0,0,2628.98,25632.91,0.0
M0150836,N,26,0,4413.65,0,0,1,2837.07,3640.09,0.0
M0150837,N,48,3,16051.79,0,2,0,10838.68,10464.87,2.72
M0150838,N,79,0,11362.51,1,0,0,833.76,11422.44,1.68
M0150839,Y,61,4,227787.28,2,4,1,29610.37,263125.36,3.74
M0150840,Y,74,8,307646.35,5,4,8,226606.17,196557.54,5.88
M0150841,N,39,0,5032.7,1,1,0,2021.0,6786.95,0.51
M0150842,N,47,1,11335.26,1,1,0,3675.54,6522.28,0.76
M0150843,N,66,0,2225.81,0,0,0,1563.26,1305.47,0.0
M0150844,N,52,1,11101.27,0,1,0,2376.04,12595.27,0.28
M0150845,N,79,1,6508.66,0,1,1,1999.86,6732.27,0.01
M0150846,N,33,2,10289.92,0,2,0,1427.05,12128.02,0.0
M0150847,N,67,1,24933.42,0,0,0,5681.9,14188.53,1.46
M0150848,Y,86,7,348605.6,3,3,6,199086.39,164490.94,4.78
M0150849,N,55,1,14865.22,0,0,0,1473.0,12205.49,1.74
M0150850,N,31,0,8106.98,0,0,0,1140.36,5789.17,1.44
M0150851,N,32,2,65339.79,0,1,0,11237.85,41913.44,2.98
M0150852,N,51,2,17438.29,0,0,0,1984.15,14113.99,1.03
M0150853,N,41,0,4908.9,0,0,0,1515.34,4946.37,0.95
M0150854,N,21,0,3321.5,1,0,0,871.74,1741.48,0.0
M0150855,N,28,2,5234.25,1,0,0,1206.65,3061.95,0.0
M0150856,N,37,1,38378.04,0,1,2,9740.44,28528.45,1.12
M0150857,N,58,0,3920.35,0,1,0,2838.53,3770.51,0.33
M0150858,N,70,0,11755.89,0,1,0,3694.82,7865.74,0.0
M0150859,N,79,0,11739.03,0,2,0,1638.7,11318.78,2.61
M0150860,N,27,1,17458.83,0,0,1,4204.16,16712.75,0.29
M0150861,N,71,2,14057.54,0,0,1,8814.11,8373.14,0.26
M0150862,N,41,3,8687.61,0,1,2,3747.94,4829.89,0.95
M0150863,N,67,0,13415.71,0,1,1,2481.26,9231.71,0.0
M0150864,N,33,0,5201.15,0,0,0,637.23,8494.2,1.39
M0150865,N,35,0,11568.6,0,0,0,3273.03,6614.56,0.0
M0150866,N,67,0,4298.53,0,0,1,2124.57,5063.8,0.65
M0150867,Y,76,8,352373.87,5,3,2,68129.37,237230.58,6.77
M0150868,N,59,1,6786.36,1,1,1,678.22,5235.46,0.67
M0150869,N,48,2,2478.58,0,0,0,821.23,1863.7,0.0
M0150870,N,32,3,23293.69,0,2,0,4641.05,14317.81,3.0
M0150871,N,69,0,3476.6,0,0,0,891.18,4225.32,0.0
M0150872,N,55,1,20415.28,0,1,0,2461.42,16926.43,0.57
M0150873,N,66,1,6021.66,0,1,0,1922.45,5901.05,0.07
M0150874,N,23,0,10766.73,1,2,0,5445.24,13929.63,0.5
M0150875,N,63,0,2945.52,0,0,0,1560.85,2121.82,0.29
M0150876,N,73,1,47562.57,0,1,1,8488.03,33144.55,0.92
M0150877,N,21,2,6543.84,0,2,0,4737.59,3300.11,1.8
M0150878,N,56,1,8520.71,0,3,0,1395.92,7762.0,2.67
M0150879,N,38,1,8850.76,0,1,0,1252.85,11018.27,2.6
M0150880,N,53,1,8475.14,0,0,1,5313.94,9830.62,1.42
M0150881,N,19,0,3515.04,0,0,0,779.16,1974.19,0.22
M0150882,N,45,1,14665.13,0,2,0,2897.83,10734.07,0.64
M0150883,N,30,1,9889.64,0,1,0,3427.91,8755.52,0.62
M0150884,N,30,1,22007.83,0,0,1,5229.1,17530.85,1.38
M0150885,N,55,0,2467.52,0,0,0,2046.95,1930.21,0.46
M0150886,N,39,3,19418.93,0,0,1,2608.29,13878.41,2.1
M0150887,N,39,0,4857.09,0,0,0,3458.82,1949.52,1.83
M0150888,N,32,1,9298.42,0,0,1,2286.18,7001.88,0.64
M0150889,N,23,1,25372.64,1,1,0,3086.56,28274.06,0.96
M0150890,N,46,2,10088.43,1,2,0,4974.6,9285.45,1.76
M0150891,N,29,2,12787.41,0,0,0,10049.81,8230.69,0.27
M0150892,N,27,1,10695.92,0,2,0,3472.67,6818.69,1.35
M0150893,N,41,2,5223.78,0,0,1,1736.03,2711.32,1.41
M0150894,N,70,1,6598.21,0,1,1,1249.19,7430.06,0.83
M0150895,N,47,0,11362.53,2,0,0,1016.42,9702.15,0.89
M0150896,Y,50,5,129798.98,1,1,3,108334.7,44382.73,3.18
M0150897,N,35,2,14314.33,1,0,0,4249.39,10972.93,0.0
M0150898,N,75,1,7714.56,0,1,0,1300.48,8636.91,0.0
M0150899,N,27,0,20429.77,0,0,0,6491.89,24506.79,1.55
M0150900,N,46,1,8002.79,0,0,0,2445.84,3973.54,0.31
M0150901,Y,60,6,98183.11,4,4,1,38072.41,65868.04,4.13
M0150902,N,48,0,9795.57,0,0,0,3035.04,5241.53,2.38
M0150903,N,54,0,5780.32,0,3,1,5464.61,3013.38,1.57
M0150904,N,77,1,10057.82,0,3,1,3090.88,13903.48,0.0
M0150905,N,79,0,7802.37,0,1,0,1597.69,12443.81,1.66
M0150906,N,19,0,5601.11,0,0,1,2227.91,3772.87,0.0
M0150907,N,56,1,11579.14,0,0,0,1043.28,10521.84,1.7
M0150908,N,58,1,5797.97,0,1,0,2832.33,3225.59,0.63
M0150909,N,49,0,13561.22,0,0,0,17642.21,4113.66,0.0
M0150910,N,28,0,6031.78,0,1,0,2672.31,6666.54,1.38
M0150911,N,47,2,23338.42,1,0,1,3138.88,15224.78,1.42
M0150912,N,25,0,6772.76,0,0,0,1057.53,7452.99,0.69
M0150913,N,36,0,15542.42,0,1,0,710.37,12228.94,1.34
M0150914,N,29,3,11439.38,2,0,0,2550.61,6693.31,1.28
M0150915,N,57,2,15444.93,0,1,1,4842.14,15820.13,0.79
M0150916,N,43,0,6385.93,0,2,0,1350.56,5749.18,0.0
M0150917,N,77,2,7116.12,0,0,0,1231.93,8771.31,1.69
M0150918,N,44,1,18260.94,0,0,0,1977.39,21793.71,1.63
M0150919,N,71,1,9343.26,0,0,1,2393.87,6400.47,0.93
M0150920,N,47,0,9641.75,0,1,0,4746.3,8243.27,2.13
M0150921,N,42,2,9712.94,0,0,0,5888.37,4237.46,3.55
M0150922,N,33,2,4576.98,0,0,0,2611.85,1315.73,0.81
M0150923,N,54,1,5687.66,2,2,0,3648.75,1875.2,0.28
M0150924,N,66,1,22065.19,0,0,0,9673.66,8567.61,0.83
M0150925,N,77,1,8509.66,0,1,0,3633.75,4265.18,0.92
M0150926,N,60,2,13647.17,0,1,1,10670.27,8843.29,1.43
M0150927,N,67,1,11611.78,0,0,1,1986.25,9779.62,1.81
M0150928,N,26,2,5397.0,0,1,0,670.37,6685.51,0.55
M0150929,N,75,1,14399.25,0,3,0,6841.5,4626.1,1.48
M0150930,N,41,0,26424.43,0,0,1,10832.37,13754.32,1.2
M0150931,N,71,0,7884.61,0,0,0,3886.77,7890.41,0.36
M0150932,N,35,0,5827.33,0,0,0,5466.78,4456.94,1.95
M0150933,Y,73,6,191914.61,4,2,4,83110.23,105536.61,4.22
M0150934,N,62,1,21812.05,0,0,0,3946.75,15911.93,0.96
M0150935,N,72,3,4621.38,0,0,0,2456.36,2058.29,1.24
M0150936,N,71,0,5889.21,0,1,0,605.9,6634.04,0.32
M0150937,N,34,2,6375.96,0,1,0,1198.74,4873.37,0.93
M0150938,N,60,1,6458.82,0,0,0,1719.06,6008.98,0.1
M0150939,N,31,0,7629.23,0,1,1,1825.74,5527.02,0.77
M0150940,N,40,4,43075.77,0,1,2,2829.25,32535.35,1.36
M0150941,N,53,1,2377.15,0,0,1,1857.96,2351.14,0.0
M0150942,N,22,1,13676.35,1,1,0,2229.65,11297.49,1.53
M0150943,N,72,1,3899.28,0,0,0,1411.62,1699.14,1.41
M0150944,N,19,0,12985.31,0,0,0,6669.56,4451.62,1.15
M0150945,N,21,1,3257.19,0,1,0,1451.15,3780.3,0.31
M0150946,Y,62,9,299411.12,4,7,4,65822.33,186700.13,5.61
M0150947,N,23,1,11997.97,0,1,0,2771.05,7095.23,1.49
M0150948,N,30,1,11475.61,0,1,1,1149.06,14983.04,0.28
M0150949,N,54,1,14116.68,0,2,0,3623.49,10488.53,1.09
M0150950,N,65,0,13420.8,0,0,0,4627.51,6355.83,1.71
M0150951,N,47,0,3511.39,1,1,0,3123.07,3205.3,1.27
M0150952,N,78,1,21265.95,1,1,0,8403.68,18759.06,1.98
M0150953,N,51,2,12951.61,0,1,1,5245.09,10142.49,0.0
M0150954,N,78,2,11245.73,0,0,0,3514.36,8177.62,1.94
M0150955,N,32,1,11354.19,0,0,0,4549.84,7146.39,2.76
M0150956,N,18,0,11393.79,1,0,0,1955.41,7703.55,0.67
M0150957,N,45,1,7702.28,0,2,0,2846.76,4212.08,0.72
M0150958,N,29,1,52076.1,0,3,2,17405.12,32302.56,2.59
M0150959,Y,86,3,325783.49,6,4,2,72590.92,241309.85,5.81
M0150960,N,20,2,35345.21,0,2,0,7874.86,19896.62,1.36
M0150961,N,60,1,6285.26,0,1,0,1135.06,6426.23,2.05
M0150962,N,40,2,11323.67,0,0,0,1669.88,7517.16,0.0
M0150963,N,63,1,7134.52,0,3,0,2248.3,3685.13,2.5
M0150964,N,22,2,13276.05,0,0,0,2043.12,13539.63,0.12
M0150965,N,34,0,10609.08,0,1,0,3653.19,11349.7,2.2
M0150966,N,73,0,6178.76,0,2,0,1345.36,3998.78,0.46
M0150967,N,62,0,30311.85,1,1,0,1109.78,35688.56,1.24
M0150968,N,24,0,6153.43,2,1,0,1372.32,7320.46,0.0
M0150969,N,48,2,16270.69,1,2,1,9928.36,9799.49,0.99
M0150970,N,32,3,12610.76,0,2,0,7303.92,7147.58,0.77
M0150971,N,59,0,23679.65,0,0,0,7967.22,19560.88,0.67
M0150972,N,65,1,14648.51,0,0,0,7964.79,14724.39,1.14
M0150973,N,23,2,14970.18,0,0,0,1218.86,12918.17,0.66
M0150974,N,77,0,8589.71,0,0,0,1792.1,8145.58,1.19
M0150975,N,32,1,17686.48,0,0,0,1371.25,16711.09,0.54
M0150976,N,45,1,43234.73,0,1,0,17493.03,27337.14,1.58
M0150977,N,74,1,11567.38,0,1,0,2083.24,7663.35,0.82
M0150978,N,55,1,26601.77,0,2,0,3697.18,17157.52,0.47
M0150979,N,74,0,4449.11,0,0,0,1533.34,4904.35,1.38
M0150980,N,72,2,14678.84,1,2,0,3344.47,11886.24,1.21
M0150981,N,42,1,11825.86,0,0,0,1180.95,10131.56,1.32
M0150982,N,71,1,10206.94,0,0,1,5842.55,8730.07,1.61
M0150983,N,68,2,4999.47,0,0,0,5451.78,1350.38,0.8
M0150984,Y,83,4,226511.47,1,1,1,85696.03,145768.8,2.0
M0150985,N,54,1,12349.56,0,0,0,6358.25,11604.19,0.32
M0150986,N,30,1,4789.77,1,0,0,1894.88,5860.24,0.0
M0150987,N,40,1,8672.34,0,0,0,1859.99,5895.69,0.43
M0150988,N,18,1,11228.13,0,0,1,4331.43,4756.88,0.0
M0150989,N,28,1,34024.37,0,2,2,2111.31,39067.66,0.31
M0150990,N,32,0,5193.05,1,0,0,1732.46,6865.86,0.57
M0150991,N,80,2,13718.67,0,1,0,2547.23,8433.49,0.78
M0150992,N,36,0,7412.22,0,0,0,4165.1,7386.97,0.16
M0150993,N,31,0,2775.64,0,1,0,366.77,2475.61,0.38
M0150994,N,50,1,16864.37,0,0,0,3735.41,21856.87,2.87
M0150995,Y,43,3,175964.13,1,1,6,86897.65,60287.49,3.78
M0150996,N,59,0,6017.6,0,0,0,1212.52,9375.0,0.32
M0150997,N,32,0,26264.99,0,1,0,5205.3,16360.02,0.82
M0150998,N,68,1,8727.48,1,2,0,2696.85,10897.81,1.71
M0150999,N,64,0,5163.63,0,0,0,1755.67,7275.3,0.66
M0151000,N,36,1,7094.65,0,0,0,1141.29,6789.84,2.18
M0151001,N,71,1,14402.54,1,0,0,6165.74,10561.73,1.61
M0151002,N,58,1,7932.12,1,1,0,970.62,5935.21,1.41
M0151003,N,55,3,5824.89,0,0,2,3554.46,2273.18,0.38
M0151004,N,73,0,3870.27,0,0,0,2538.69,3740.01,0.93
M0151005,N,61,0,7730.07,0,0,1,3137.69,3145.97,1.7
M0151006,Y,56,3,234841.84,1,1,2,140707.6,81746.32,6.18
M0151007,N,52,3,6316.84,0,0,0,4271.54,4021.9,1.14
M0151008,N,31,0,6956.22,0,0,1,3821.97,5960.14,1.45
M0151009,N,52,0,8172.79,0,1,0,4942.29,7090.71,0.82
M0151010,N,19,1,6921.25,0,0,0,2017.23,5279.33,1.47
M0151011,N,50,0,16567.47,1,0,0,1612.38,16167.61,2.61
M0151012,N,69,1,7118.2,0,1,0,1458.56,4998.31,0.77
M0151013,N,29,1,12378.47,1,1,0,8094.75,1634.78,1.39
M0151014,N,73,1,18917.59,1,2,0,12133.36,14778.19,2.25
M0151015,N,59,0,8131.83,0,1,0,2378.26,6703.01,1.68
M0151016,N,76,0,11156.27,0,1,2,2603.14,11998.16,0.14
M0151017,N,41,0,6296.61,0,2,0,3953.79,3358.69,1.55
M0151018,N,18,2,14340.22,0,0,1,862.05,11315.11,1.26
M0151019,N,42,2,35606.72,0,2,0,6430.27,31249.67,2.12
M0151020,N,59,0,8959.52,0,0,0,2395.35,13514.66,0.97
M0151021,N,59,0,19157.59,0,0,0,4446.49,12144.94,0.22
M0151022,N,63,1,17747.53,0,2,1,4245.31,12485.94,2.2
M0151023,N,62,1,7542.73,0,1,0,3373.75,4974.65,0.49
M0151024,N,67,1,3148.23,0,2,0,1338.59,3051.2,1.4
M0151025,N,30,2,35451.85,0,2,0,14096.22,15893.55,0.79
M0151026,N,74,2,16064.42,0,2,1,6648.64,17037.29,2.75
M0151027,N,62,0,4061.44,0,0,0,1505.99,2311.66,0.77
M0151028,N,70,0,6269.22,0,0,0,2502.01,5377.56,0.0
M0151029,N,53,2,7932.39,0,2,0,2360.4,3994.05,0.41
M0151030,N,31,2,44888.21,0,0,0,2257.64,32910.91,0.0
M0151031,N,59,0,3868.07,0,1,0,1090.88,4967.84,0.86
M0151032,N,78,0,9670.88,0,2,0,2486.07,5480.82,1.32
M0151033,N,53,2,14947.06,0,2,0,3314.11,8513.61,0.7
M0151034,N,33,0,2673.71,0,0,0,940.29,3814.48,0.15
M0151035,Y,67,5,163655.55,1,5,3,119597.78,106061.29,3.99
M0151036,N,23,2,13507.79,0,2,1,899.35,20604.99,1.94
M0151037,N,59,2,84430.06,0,2,0,33708.93,41131.83,2.05
M0151038,N,25,1,9446.62,0,1,0,872.56,7070.58,1.21
M0151039,N,33,0,8264.25,0,0,1,670.08,6529.73,0.0
M0151040,N,71,0,6766.53,1,0,0,3276.32,2724.19,1.09
M0151041,N,31,0,8396.68,0,0,0,3530.47,5964.51,0.4
M0151042,N,35,2,11578.91,0,0,0,2608.03,10189.19,1.23
M0151043,N,30,4,15179.05,0,0,0,3727.16,9510.6,1.6
M0151044,N,33,0,9914.44,0,0,0,5280.21,3673.51,2.07
M0151045,N,18,0,8271.1,0,1,0,1122.09,5626.45,1.35
M0151046,N,74,0,2839.89,0,0,0,2379.81,1816.09,0.34
M0151047,N,50,0,6587.92,0,0,0,5116.91,944.73,1.23
M0151048,N,48,0,15296.6,0,0,0,2028.0,10062.37,0.0
M0151049,N,79,0,17946.39,0,0,0,745.24,23566.53,1.47
M0151050,N,31,2,22563.15,1,1,1,7629.73,16828.94,1.75
M0151051,N,29,3,7329.71,0,1,0,1262.25,6001.64,1.58
M0151052,N,78,1,17454.79,0,1,0,3470.84,14327.8,1.12
M0151053,N,36,2,14281.74,1,1,0,1455.38,13621.94,1.3
M0151054,N,76,1,3926.19,0,0,0,3028.01,3139.4,0.6
M0151055,N,60,1,7698.47,0,0,0,1915.51,11214.5,0.0
M0151056,N,40,3,14473.02,2,1,0,4732.49,12648.84,2.23
M0151057,N,33,1,29271.73,0,0,0,9879.47,20864.98,1.69
M0151058,N,46,0,4915.71,0,2,0,1813.65,5885.48,1.61
M0151059,N,42,1,6474.11,0,0,0,306.47,7121.11,0.45
M0151060,N,50,0,9731.45,0,0,0,4295.47,3886.92,0.0
M0151061,N,39,3,55395.44,0,0,0,14216.92,35614.87,0.0
M0151062,N,69,0,7404.37,0,1,0,1421.11,8836.7,0.86
M0151063,N,70,1,20353.22,0,0,0,16486.18,7699.81,1.31
M0151064,N,34,1,11251.51,0,0,0,6887.0,7138.67,1.02
M0151065,N,47,2,10679.84,0,2,0,5191.05,13529.84,1.39
M0151066,N,19,1,10323.37,0,2,0,7815.04,6621.12,1.54
M0151067,N,69,2,11846.45,1,2,0,1192.68,12985.98,2.22
M0151068,N,48,2,16149.41,0,2,0,1238.13,16382.91,1.2
M0151069,N,78,0,5772.64,0,0,0,1083.0,4824.82,0.08
M0151070,N,72,0,11532.02,0,0,0,3899.8,10402.21,0.43
M0151071,N,78,0,11200.37,0,1,0,1863.58,8427.3,0.76
M0151072,N,62,1,4510.51,0,0,1,930.38,6338.42,1.05
M0151073,N,26,4,17826.35,0,1,0,7224.49,20322.13,2.05
M0151074,N,35,1,10207.99,0,1,0,1057.03,8146.15,0.0
M0151075,N,42,1,4697.88,0,0,0,754.0,3975.3,0.0
M0151076,N,73,0,26296.52,1,0,0,2939.56,22780.36,0.56
M0151077,N,40,1,5499.64,0,2,0,1937.14,5737.82,0.0
M0151078,N,18,3,22561.09,0,2,0,3968.29,18779.38,2.72
M0151079,N,32,1,1815.75,0,0,0,329.57,2069.3,1.91
M0151080,N,70,0,14251.76,0,0,0,5140.91,6582.26,0.71
M0151081,N,63,1,9606.25,0,0,0,4181.71,3569.52,0.63
M0151082,N,58,1,14600.8,0,1,0,7302.98,6991.5,1.69
M0151083,N,39,1,29425.24,1,1,0,8017.85,16574.2,1.7
M0151084,N,64,2,3926.53,1,0,0,1209.52,5920.54,0.85
M0151085,N,27,0,9855.95,0,0,0,2161.21,6587.52,0.94
M0151086,N,54,1,15562.73,0,1,0,1433.99,14197.66,0.54
M0151087,N,65,1,7948.49,0,0,0,3628.05,4886.18,0.79
M0151088,N,30,0,20085.94,0,1,0,12251.65,7417.9,0.74
M0151089,N,50,0,8128.23,0,0,0,2347.9,5765.38,0.95
M0151090,N,73,1,11706.27,1,0,0,6375.34,6401.2,0.31
M0151091,Y,85,8,202308.38,1,2,5,119311.98,120486.58,4.75
M0151092,N,31,3,13266.75,0,0,0,1690.23,11838.73,1.96
M0151093,N,32,1,41637.35,1,0,0,2261.35,35237.71,2.91
M0151094,N,41,2,6961.25,1,0,1,2537.53,6764.09,1.26
M0151095,N,31,0,11151.99,1,1,1,4929.94,8317.81,3.03
M0151096,N,55,2,7339.11,0,2,1,3339.4,7030.7,0.42
M0151097,N,36,1,8686.19,0,1,0,1311.03,9872.73,0.66
M0151098,N,47,0,4135.01,2,0,0,2307.79,5204.64,0.32
M0151099,N,46,3,10103.69,0,1,1,4503.55,10129.44,2.06
M0151100,N,30,1,12831.54,0,0,0,4013.23,7677.55,0.0
M0151101,N,63,2,9018.95,0,0,0,2074.7,5543.45,0.37
M0151102,N,79,0,2855.26,0,0,0,653.27,4208.71,0.58
M0151103,N,31,3,5512.07,0,1,0,1384.81,3802.52,0.13
M0151104,Y,51,4,224242.25,2,2,2,78547.75,127591.23,4.52
M0151105,Y,75,5,205879.05,3,6,2,105820.59,157006.67,5.69
M0151106,N,65,1,5641.1,0,1,0,1095.99,4018.62,0.0
M0151107,N,28,0,14085.74,0,1,0,2094.3,12313.1,0.0
M0151108,N,50,2,7596.28,0,3,0,4756.83,8575.82,1.24
M0151109,N,75,0,14240.65,0,0,1,6195.41,10433.87,0.15
M0151110,N,59,0,5418.82,0,0,1,2994.67,2481.45,0.4
M0151111,N,60,0,8473.33,0,0,0,530.89,6750.95,0.9
M0151112,N,62,0,10990.08,0,0,0,7297.54,5261.45,2.24
M0151113,N,46,0,3573.06,0,0,1,1024.99,3352.73,0.96
M0151114,N,78,2,16990.16,0,0,0,13780.91,15861.79,2.39
M0151115,N,50,2,10134.83,0,1,1,3664.28,11979.32,0.54
M0151116,N,32,0,12419.36,0,1,0,1936.27,9281.45,2.21
M0151117,Y,67,4,374689.19,5,4,5,225094.59,221035.72,6.02
M0151118,N,69,1,15141.56,0,0,0,824.95,14119.1,0.11
M0151119,N,58,3,23288.51,0,1,0,3334.14,27208.78,1.26
M0151120,N,22,1,9780.96,0,0,0,4346.47,5570.57,0.04
M0151121,N,61,2,26220.52,1,1,0,1566.8,22725.31,2.47
M0151122,N,71,3,11420.33,0,0,0,1028.6,12789.19,1.81
M0151123,N,53,0,14838.1,0,0,0,10130.35,7849.03,1.8
M0151124,N,60,0,27209.16,0,0,0,1846.69,21545.22,0.94
M0151125,N,32,0,1161.13,0,0,0,280.16,1424.64,0.0
M0151126,N,37,2,9122.07,0,1,0,1038.27,12600.45,1.48
M0151127,N,69,0,1641.68,1,0,0,1627.42,1322.71,0.14
M0151128,N,75,0,10195.54,0,1,0,4669.85,6310.9,0.79
M0151129,N,48,0,17632.13,1,3,0,2577.53,21251.28,2.32
M0151130,N,29,1,4878.05,0,1,1,1074.27,6347.11,0.42
M0151131,N,69,0,7745.16,0,0,0,846.54,10826.11,1.18
M0151132,Y,82,4,206406.22,5,6,1,79753.59,181436.32,7.5
M0151133,N,78,3,12673.18,0,0,1,2444.54,9207.34,2.01
M0151134,N,51,0,11126.1,0,1,0,887.24,17091.81,0.93
M0151135,N,68,0,10560.76,0,0,0,1048.43,7356.03,1.63
M0151136,N,46,0,13546.5,0,1,0,4441.33,9316.79,0.49
M0151137,N,65,0,11172.5,2,1,0,8831.31,7086.52,0.66
M0151138,N,28,2,12328.74,0,2,0,3598.81,15736.65,2.13
M0151139,N,79,0,8252.44,1,1,0,1867.58,12687.18,0.86
M0151140,N,75,4,69572.1,0,1,0,7785.1,66213.15,2.6
M0151141,N,69,1,17320.63,1,1,0,5757.58,8624.65,1.27
M0151142,N,66,0,9241.89,0,0,0,2279.1,7633.63,1.94
M0151143,N,47,1,39807.16,0,1,0,18761.03,12379.48,0.96
M0151144,N,48,0,4883.5,0,0,0,893.62,3203.84,0.02
M0151145,N,73,0,10333.5,0,0,0,3523.87,9705.52,0.0
M0151146,N,54,1,7666.52,1,0,0,6170.42,5077.15,1.13
M0151147,N,40,2,19793.86,0,1,0,5499.05,14857.59,1.3
M0151148,N,40,0,2715.54,0,0,0,461.08,4215.09,1.1
M0151149,N,55,1,12612.32,0,2,1,5028.51,4940.87,2.22
M0151150,N,61,0,10354.94,0,1,0,2704.7,15746.0,2.82
M0151151,N,75,2,20176.73,0,0,0,7467.48,16755.38,1.76
M0151152,N,79,3,6784.57,0,0,1,3310.87,5046.21,0.82
M0151153,N,46,0,25996.61,0,1,0,1119.68,24688.11,1.88
M0151154,N,50,1,15712.33,0,0,2,6356.63,6518.8,0.94
M0151155,N,49,0,11923.26,0,0,0,1862.95,14764.41,0.71
M0151156,N,75,1,22362.24,0,1,0,4604.2,13949.08,1.18
M0151157,N,30,2,4888.71,1,0,0,1506.8,4335.41,0.0
M0151158,N,53,1,2520.45,0,1,0,1315.09,2370.0,1.74
M0151159,N,62,0,5502.05,0,2,0,1940.37,4097.98,1.43
M0151160,N,41,0,11586.05,0,0,0,2435.63,9968.56,0.06
M0151161,N,65,0,6884.6,1,2,0,8374.11,3656.04,0.96
M0151162,N,46,1,9571.96,0,2,0,2786.84,7649.11,0.36
M0151163,N,52,3,2219.52,0,1,1,1520.34,2253.85,1.25
M0151164,N,42,0,14025.23,0,0,2,1773.12,11044.1,0.0
M0151165,N,29,0,11592.07,0,0,0,4201.93,5379.12,1.8
M0151166,N,59,1,4596.94,1,0,0,2005.4,3389.5,0.86
M0151167,N,20,1,3412.53,0,1,0,1577.86,1692.39,0.65
M0151168,N,31,1,11244.21,0,1,0,1611.0,8338.88,0.45
M0151169,N,45,1,10346.68,0,0,1,1995.63,7743.76,1.83
M0151170,N,75,0,32170.18,1,1,0,1004.23,26323.46,1.24
M0151171,N,31,0,14251.32,1,0,0,2367.04,11077.11,0.59
M0151172,N,37,2,14952.86,0,1,0,4654.83,11826.71,1.37
M0151173,N,30,1,6612.37,1,0,0,1701.15,6185.17,1.42
M0151174,N,56,4,9986.06,0,0,0,4274.43,9413.47,1.18
M0151175,N,68,1,5690.77,0,0,1,1194.07,5371.46,0.31
M0151176,N,43,3,28548.08,0,1,0,3761.45,31962.2,1.13
M0151177,N,51,1,4457.8,0,0,0,459.94,5724.57,0.0
M0151178,N,48,0,14957.78,0,0,0,1865.86,14998.88,0.76
M0151179,Y,69,5,151967.22,3,6,4,56252.87,143765.66,3.84
M0151180,N,36,0,10099.63,0,1,2,1401.01,8842.5,0.6
M0151181,N,58,0,9808.86,0,0,0,2924.62,5927.56,1.6
M0151182,N,26,0,19681.29,0,1,0,1099.28,17953.34,0.0
M0151183,N,27,1,7249.77,1,0,2,1314.16,8750.45,1.86
M0151184,N,22,0,4793.3,0,0,1,2460.75,3507.39,0.21
M0151185,N,75,2,11082.19,0,1,0,2087.85,8529.26,1.03
M0151186,N,37,1,5407.85,0,0,0,2114.79,4880.26,0.6
M0151187,Y,69,6,464133.86,4,4,1,214165.5,251007.33,5.56
M0151188,N,56,0,4443.6,0,0,0,2782.51,2121.77,1.55
M0151189,N,77,2,5643.52,0,1,1,639.22,5658.49,0.66
M0151190,N,24,4,33397.16,0,1,2,17981.95,14431.98,1.65
M0151191,N,42,2,16109.5,0,0,0,2849.47,13915.99,2.37
M0151192,N,64,2,6803.67,1,0,1,1377.97,7807.09,0.88
M0151193,N,71,0,11820.55,0,0,0,3298.61,8989.28,0.28
M0151194,N,27,2,6578.99,0,1,0,1036.91,7781.22,0.0
M0151195,N,30,0,6526.93,0,1,0,2888.78,7594.65,1.66
M0151196,N,47,2,33637.17,0,0,0,9603.66,23949.25,1.76
M0151197,N,78,1,9501.23,0,0,1,7115.07,4815.61,1.37
M0151198,N,19,2,11341.36,0,0,0,4641.75,6769.78,0.31
M0151199,N,49,1,4330.53,0,1,0,885.82,3258.81,0.0
M0151200,N,30,2,10874.99,1,0,0,2675.79,8910.01,0.0
M0151201,N,45,0,3084.36,0,0,0,738.8,2184.66,0.52
M0151202,N,78,2,12114.27,1,0,0,3218.52,11506.49,1.31
M0151203,N,53,1,7360.79,0,1,0,4116.34,6433.02,1.68
M0151204,N,63,0,6295.01,0,1,0,3288.53,3126.24,0.57
M0151205,N,53,0,12668.55,0,0,0,1125.11,12895.84,0.0
M0151206,N,50,0,6184.03,0,0,1,455.23,6510.01,0.0
M0151207,N,65,1,32191.86,0,2,1,3894.72,32210.96,1.49
M0151208,N,34,3,17259.37,0,1,2,7811.43,20654.64,2.64
M0151209,N,37,2,29984.95,0,2,0,14443.68,11377.38,1.24
M0151210,N,45,2,8881.38,1,0,0,3789.59,3830.61,0.74
M0151211,N,47,1,7548.49,0,1,0,525.4,11993.89,0.98
M0151212,N,31,0,2227.91,1,0,0,1375.67,2204.86,0.53
M0151213,N,59,0,8043.61,0,1,0,1318.15,9755.22,3.1
M0151214,N,23,2,74812.47,0,2,0,6141.13,74751.22,2.35
M0151215,N,48,0,24045.15,0,3,0,7658.26,12224.82,0.88
M0151216,N,47,2,22946.43,0,1,1,1733.49,22466.27,0.88
M0151217,N,61,0,3638.23,0,0,0,1223.75,2447.03,0.0
M0151218,N,53,0,20421.94,1,1,1,4236.18,13748.94,0.98
M0151219,N,30,0,6975.8,0,0,0,4541.51,5973.77,1.92
M0151220,N,80,1,15715.69,0,0,0,952.55,21234.8,3.47
M0151221,N,55,0,12061.22,0,1,0,1798.25,8926.16,0.62
M0151222,N,72,2,25465.07,0,0,0,5512.76,14573.81,1.64
M0151223,N,40,1,14432.37,0,0,0,2875.27,9394.83,2.51
M0151224,N,63,1,11310.0,0,1,0,4735.2,10143.73,2.51
M0151225,Y,44,5,161497.32,1,1,2,33117.15,145120.98,5.16
M0151226,N,18,0,6511.01,0,0,0,4073.53,4107.09,0.3
M0151227,N,80,0,19108.54,0,1,0,2327.73,24914.99,2.29
M0151228,N,67,0,2895.45,0,0,0,2323.92,2680.97,1.91
M0151229,N,60,0,20419.28,0,1,1,10244.69,13864.03,2.09
M0151230,N,51,2,20557.15,0,0,2,3842.48,15413.23,0.9
M0151231,N,46,0,9748.57,0,0,0,3401.22,5311.28,0.69
M0151232,N,59,1,12060.61,0,2,0,4736.06,4702.71,0.63
M0151233,N,52,1,7822.65,0,1,0,1959.38,6797.37,1.31
M0151234,N,59,1,8386.89,0,0,0,2855.45,5466.87,1.49
M0151235,N,48,2,5919.51,0,1,0,883.24,6222.83,1.19
M0151236,N,50,1,10388.31,0,1,1,8549.22,3547.36,1.99
M0151237,N,35,1,16260.75,0,1,0,1596.99,22430.22,2.83
M0151238,N,57,0,10881.96,0,0,0,3324.82,8889.41,0.0
M0151239,N,43,1,6481.43,0,2,0,3025.64,4732.62,1.44
M0151240,N,44,1,13761.74,0,1,2,3129.4,13722.44,0.73
M0151241,N,33,0,18485.53,0,0,0,24292.46,7460.87,2.15
M0151242,N,49,1,15888.3,1,1,0,4271.11,24464.34,1.2
M0151243,N,60,0,5940.43,0,0,0,1685.38,8590.28,0.19
M0151244,N,68,1,5498.08,2,0,0,1540.57,5158.9,0.47
M0151245,N,24,2,5776.68,0,1,1,786.74,5528.66,1.9
M0151246,N,75,2,21924.36,0,1,2,10122.4,28673.09,2.21
M0151247,N,65,1,7559.47,1,0,0,7821.55,5643.82,1.97
M0151248,N,42,0,7692.08,0,1,1,383.57,9687.77,0.0
M0151249,N,61,1,11429.94,2,0,0,6590.42,9534.51,1.4
M0151250,N,54,2,7560.35,2,0,1,1995.64,6592.81,0.04
M0151251,N,56,3,41804.89,0,0,0,3300.67,36526.99,0.95
M0151252,Y,53,5,294263.25,3,3,3,38914.47,254991.19,5.29
M0151253,N,80,0,5757.92,0,0,0,1683.06,3622.35,1.47
M0151254,N,69,1,3992.85,1,1,0,4901.3,964.38,1.81
M0151255,N,71,2,24149.49,0,2,0,781.76,19294.42,1.23
M0151256,N,63,2,14820.64,0,3,0,2149.63,12972.88,0.3
M0151257,N,68,1,13301.1,0,0,0,2689.05,8056.37,0.96
M0151258,N,53,2,9309.26,0,2,0,4637.87,11865.4,2.74
M0151259,Y,55,4,103404.22,1,3,3,20599.22,124580.73,4.26
M0151260,Y,62,7,292863.39,4,1,5,70763.65,178561.6,5.77
M0151261,N,26,1,18910.44,0,1,0,2825.59,12263.4,0.39
M0151262,N,53,2,10727.78,0,0,2,7934.9,11480.78,2.06
M0151263,N,72,1,12677.4,0,2,1,6833.47,13764.4,3.26
M0151264,N,67,1,40347.3,0,1,1,11207.3,24521.07,3.33
M0151265,N,41,1,4072.54,0,0,0,1177.3,2778.16,0.0
M0151266,N,36,1,4688.47,0,1,0,808.37,3950.5,1.1
M0151267,N,41,0,17331.87,0,0,0,1522.5,16066.47,0.17
M0151268,N,75,2,14665.95,0,1,1,3920.61,15940.5,1.11
M0151269,N,67,2,30040.92,1,0,1,23282.45,4914.42,0.62
M0151270,N,68,0,4997.12,0,0,0,1482.34,3263.08,0.41
M0151271,N,70,1,13234.97,1,2,0,3522.89,17118.0,1.63
M0151272,N,44,1,7672.93,0,1,0,1905.23,4273.67,0.1
M0151273,N,75,0,20805.43,0,1,0,3971.44,14012.09,1.68
M0151274,N,64,1,12538.58,0,1,0,3145.46,7582.96,1.73
M0151275,N,29,2,4561.09,0,2,1,648.12,3705.06,0.89
M0151276,N,70,1,8492.96,0,3,0,865.16,10397.86,2.9
M0151277,N,76,2,14806.19,0,1,1,5813.94,8899.34,2.05
M0151278,N,78,1,18688.43,0,0,0,3607.3,11108.52,0.0
M0151279,N,39,2,8482.1,0,0,0,3296.84,6997.66,1.7
M0151280,N,55,2,17244.85,0,0,0,1889.01,14421.56,0.16
M0151281,N,75,0,14643.99,0,0,0,6554.56,5069.68,0.0
M0151282,Y,42,5,180471.79,3,3,4,93878.67,117875.1,6.97
M0151283,N,18,1,13149.15,1,0,0,2080.22,9749.45,0.11
M0151284,N,64,1,17869.17,0,0,0,3824.08,15971.21,0.74
M0151285,N,55,2,3286.61,0,0,0,1795.44,2909.75,0.0
M0151286,N,33,1,33915.43,0,1,2,10399.6,17219.14,2.15
M0151287,N,58,0,19860.88,0,0,1,4404.5,11133.02,1.35
M0151288,N,57,2,5350.95,0,2,0,1850.81,6780.75,0.0
M0151289,N,57,0,6152.65,0,1,1,1456.35,4613.08,0.44
M0151290,N,53,1,6305.12,0,0,0,856.57,7430.18,0.94
M0151291,N,35,0,11792.03,0,0,0,4387.58,5194.38,0.1
M0151292,N,32,3,9298.21,0,0,0,1236.8,7009.74,0.19
M0151293,N,59,0,4015.59,0,0,0,2284.32,3130.85,0.82
M0151294,Y,38,6,287643.42,6,2,4,127718.55,124630.55,7.49
M0151295,N,49,0,8707.11,0,2,0,2345.25,6420.0,0.91
M0151296,N,22,0,5491.38,0,0,0,1784.35,6042.53,0.92
M0151297,N,65,2,9244.29,1,2,1,3208.6,11766.35,0.7
M0151298,N,43,3,2416.76,0,1,0,1212.42,2122.19,0.68
M0151299,N,20,2,4480.1,1,1,0,1308.34,2257.26,0.0
M0151300,N,58,3,9101.2,0,1,0,5650.2,3701.83,2.44
M0151301,N,31,1,7917.74,0,0,0,902.7,9900.63,0.95
M0151302,N,21,1,4225.2,0,0,0,1418.5,3431.16,1.32
M0151303,N,24,2,8845.46,0,0,0,2697.08,6345.13,0.19
M0151304,N,76,0,5833.5,0,1,0,1743.7,4346.45,0.0
M0151305,N,21,0,9611.75,0,0,0,3490.49,5946.54,2.2
M0151306,N,77,1,3501.46,0,1,0,711.46,4836.33,0.0
M0151307,N,58,1,5312.54,0,3,0,1179.51,4016.45,0.56
M0151308,N,60,1,8716.29,0,2,0,3678.87,7926.65,0.41
M0151309,N,45,0,5852.84,0,1,0,1883.16,3502.5,0.26
M0151310,N,24,3,17470.38,0,1,0,2380.59,14086.36,0.72
M0151311,N,46,1,9710.25,1,1,0,1498.57,9622.33,0.22
M0151312,N,71,0,6153.05,1,0,0,2744.46,6281.23,1.34
M0151313,N,55,1,11955.75,0,1,0,6548.11,8552.37,0.96
M0151314,N,72,1,1805.53,0,0,1,982.84,967.34,1.87
M0151315,N,60,2,23836.61,0,2,2,11775.02,16737.93,2.1
M0151316,N,23,1,14109.6,1,1,0,1695.71,10075.52,0.34
M0151317,N,62,0,23877.11,0,0,1,13551.36,9247.52,2.0
M0151318,N,57,1,9885.49,1,1,1,4584.73,11965.03,1.84
M0151319,N,35,2,2970.41,0,2,0,1581.94,2099.92,1.15
M0151320,N,59,0,2687.8,0,0,0,1251.99,1844.88,1.08
M0151321,N,44,1,9539.08,0,1,0,6053.17,8519.9,1.94
M0151322,N,75,1,17212.95,0,1,0,1027.86,14937.06,0.54
M0151323,N,54,1,5111.52,2,0,0,769.69,4356.84,0.93
M0151324,N,39,0,13475.76,0,0,0,2474.74,14639.09,1.62
M0151325,N,55,1,2055.48,0,2,0,2160.14,1364.0,0.0
M0151326,N,31,1,25812.03,0,2,3,10895.95,12317.68,1.5
M0151327,N,67,0,14908.51,0,0,0,1168.63,12741.57,0.0
M0151328,N,76,1,24541.96,0,1,0,9111.46,12960.05,0.19
M0151329,N,78,0,18174.37,0,2,0,2713.36,17040.78,0.93
M0151330,N,25,1,12908.12,1,2,0,6882.69,4838.01,1.6
M0151331,N,38,1,8543.4,0,0,0,1582.18,8043.98,2.15
M0151332,N,25,0,9110.81,0,2,0,5874.34,7056.27,0.56
M0151333,N,48,2,15229.88,0,1,0,5787.82,8483.41,1.42
M0151334,Y,44,5,170995.64,3,1,1,95309.22,90794.24,5.43
M0151335,N,29,2,17598.19,1,0,2,9404.52,7253.92,2.3
M0151336,N,61,3,41989.58,1,0,0,13680.76,22865.03,2.02
M0151337,N,32,3,35724.7,0,3,0,7795.91,30951.99,2.12
M0151338,Y,38,4,120133.96,4,6,2,74946.16,92469.96,5.39
M0151339,N,36,1,12961.43,0,0,0,2265.83,16084.14,1.11
M0151340,N,37,0,6816.44,0,0,0,2062.32,3499.32,0.36
M0151341,N,23,1,47298.72,0,0,1,2574.81,35535.24,1.42
M0151342,N,53,0,6129.77,0,1,0,4052.93,7076.5,0.65
M0151343,N,29,0,4712.13,0,0,0,2848.07,3763.74,0.13
M0151344,N,40,3,5872.27,0,0,0,3989.5,6045.44,0.49
M0151345,N,24,0,5332.81,0,0,0,364.21,4701.49,0.77
M0151346,N,70,0,4770.53,0,0,0,614.49,6297.4,0.28
M0151347,N,60,1,7462.55,1,2,0,1045.08,10984.14,0.93
M0151348,N,80,2,2773.67,1,0,0,1182.44,3210.55,1.46
M0151349,N,33,1,7774.27,0,2,1,2804.16,7845.51,1.2
M0151350,N,79,2,9296.78,0,0,0,4353.17,6794.38,1.53
M0151351,N,73,2,3566.41,0,1,0,832.72,2753.89,0.1
M0151352,N,58,0,4757.61,0,1,0,3120.34,3455.15,0.0
M0151353,N,52,0,9201.46,0,0,0,2482.36,12336.61,1.95
M0151354,N,55,1,10374.23,1,2,0,2804.77,7642.41,1.44
M0151355,N,71,0,21231.49,0,1,0,1061.98,17739.25,0.76
M0151356,N,22,3,10761.84,0,0,0,3484.68,6297.45,0.81
M0151357,N,78,2,21026.96,1,2,0,9574.77,14654.9,3.47
M0151358,N,44,2,12112.47,1,2,0,7358.78,8142.09,1.82
M0151359,N,57,2,35183.86,1,2,0,11919.41,16812.74,1.41
M0151360,N,36,1,4582.52,0,1,0,2197.39,3155.5,0.0
M0151361,N,26,0,8586.01,1,0,0,2144.56,5799.07,1.18
M0151362,N,56,1,4251.78,0,0,0,1515.51,4038.61,0.0
M0151363,N,54,1,10611.74,0,3,0,2061.21,10837.11,0.96
M0151364,N,45,0,16104.24,0,0,0,3596.66,14777.19,1.87
M0151365,N,69,0,19420.52,0,1,0,1264.15,22465.63,1.71
M0151366,N,21,3,30020.91,1,2,1,12741.51,14048.09,0.32
M0151367,N,27,0,11900.79,0,0,0,2733.59,7283.89,1.66
M0151368,Y,79,3,160665.87,2,5,1,79636.24,65253.54,7.64
M0151369,N,72,0,39642.04,1,1,3,6631.21,26412.21,2.87
M0151370,N,51,2,15787.3,0,0,1,4614.45,9071.96,0.4
M0151371,N,55,1,5569.03,0,1,0,2641.42,6591.9,3.19
M0151372,N,55,0,8379.37,0,0,0,568.85,6137.23,0.35
M0151373,N,36,2,8616.24,0,0,0,760.1,8994.17,0.76
M0151374,N,22,2,14844.67,0,2,1,1505.24,10798.9,0.95
M0151375,N,60,0,6318.63,0,0,0,2311.2,3355.81,0.0
M0151376,N,70,0,13266.87,0,3,1,3784.8,9665.73,1.19
M0151377,N,72,2,7656.31,0,0,0,2623.72,8024.12,0.0
M0151378,N,64,0,24008.29,0,1,0,758.72,32382.41,2.39
M0151379,Y,46,6,136425.32,2,4,2,70598.82,113852.09,2.59
M0151380,N,32,3,17703.35,0,1,1,4041.45,12149.73,1.45
M0151381,N,71,2,6019.2,0,2,0,1767.47,5770.38,0.41
M0151382,N,71,3,35989.25,1,0,0,15595.58,19059.26,2.12
M0151383,N,59,1,15710.43,0,0,0,2328.35,13702.47,0.0
M0151384,N,44,0,11368.16,0,0,0,1617.38,8510.67,1.23
M0151385,N,68,2,8943.17,0,0,0,2758.12,6100.01,1.4
M0151386,N,50,1,6712.0,0,0,0,918.15,7280.74,1.94
M0151387,N,24,0,3682.01,0,0,0,1945.09,2348.02,0.5
M0151388,N,21,0,2046.05,0,0,0,832.17,2300.2,0.0
M0151389,N,66,0,28787.32,0,1,0,3163.85,19410.4,1.61
M0151390,N,52,1,5938.32,0,0,0,1042.74,4403.91,1.33
M0151391,N,22,2,6917.31,0,0,0,2757.87,7357.76,0.04
M0151392,N,31,0,1944.88,0,0,0,523.45,2564.39,0.0
M0151393,N,68,0,22798.25,0,0,0,2252.79,18595.63,1.74
M0151394,N,78,1,3736.46,0,0,0,1595.63,4790.79,1.5
M0151395,N,64,1,9118.82,0,0,0,863.53,6853.11,0.03
M0151396,N,32,1,12390.25,0,0,0,4062.49,14924.63,0.57
M0151397,N,59,0,8073.75,0,0,1,3006.63,5959.0,0.0
M0151398,N,55,1,6561.34,0,0,0,4912.97,5583.81,2.63
M0151399,N,75,2,13320.39,0,0,0,9737.8,9620.21,1.34
M0151400,N,64,1,4430.74,0,0,2,3034.11,3856.61,0.7
M0151401,N,55,1,4000.3,0,0,0,1153.86,3672.25,1.32
M0151402,N,79,0,7248.74,0,1,0,1118.22,9334.19,1.09
M0151403,N,33,2,4516.2,0,2,0,3879.62,1552.34,1.35
M0151404,N,48,1,31843.27,0,1,0,6729.31,18622.78,0.97
M0151405,N,29,2,16847.96,0,0,0,3358.04,10672.44,1.36
M0151406,N,49,0,2446.55,0,0,0,1332.89,3081.79,0.0
M0151407,N,19,0,17489.71,0,2,0,3882.03,10070.69,2.19
M0151408,N,36,2,16198.44,0,3,0,1969.96,11288.05,1.44
M0151409,N,67,2,6462.95,0,1,0,1541.58,9780.77,0.21
M0151410,N,38,1,4382.62,0,0,2,373.22,5850.84,0.06
M0151411,N,28,3,14469.85,0,2,0,3513.11,8988.67,1.37
M0151412,N,30,1,14342.53,0,1,1,7137.28,5508.35,1.75
M0151413,N,62,1,5491.21,0,0,0,1591.6,6720.59,0.0
M0151414,N,73,2,10263.32,0,0,0,1269.86,9686.63,0.37
M0151415,N,68,2,17771.07,1,3,0,6824.21,11730.19,2.8
M0151416,N,73,1,12331.79,1,2,0,3879.33,13786.19,0.66
M0151417,N,49,2,2715.11,1,0,0,1949.23,1643.73,2.42
M0151418,N,76,2,11266.74,0,0,0,2537.84,16604.34,2.79
M0151419,N,60,0,18803.3,0,0,0,10696.99,7055.51,0.93
M0151420,N,69,0,15948.78,1,2,0,2097.55,13584.57,0.7
M0151421,N,72,1,24508.37,0,1,1,11595.23,12672.23,1.95
M0151422,N,36,0,3250.32,0,0,0,2246.93,3601.96,0.49
M0151423,N,32,0,11661.28,1,0,0,4735.27,6909.45,0.4
M0151424,N,18,1,4406.06,0,1,1,1052.12,6056.43,1.6
M0151425,N,67,0,9733.82,0,1,0,1124.33,8585.74,1.67
M0151426,N,79,1,23510.15,0,1,0,2630.19,19760.31,0.38
M0151427,N,35,0,7584.6,0,0,0,1568.74,5289.72,0.39
M0151428,N,35,0,9031.95,0,1,1,3737.45,3780.05,1.46
M0151429,N,63,0,3608.42,0,0,0,442.66,3460.87,0.75
M0151430,N,49,0,22536.01,0,2,0,3382.44,14645.39,1.9
M0151431,N,18,0,4184.37,0,0,0,1162.08,2942.17,0.25
M0151432,N,43,1,20309.64,0,1,0,1836.87,19050.01,1.48
M0151433,N,46,2,12905.57,0,0,0,2247.71,8882.88,0.22
M0151434,N,29,0,13381.51,0,3,0,2073.71,11576.3,2.09
M0151435,N,77,0,9747.17,1,1,0,1952.67,8416.81,1.24
M0151436,N,70,1,5841.97,1,1,0,4112.85,4384.99,1.38
M0151437,N,54,2,7938.46,1,0,0,623.0,9480.89,1.84
M0151438,N,33,1,4875.22,0,0,0,2501.09,1750.02,0.45
M0151439,N,32,2,8550.43,0,1,0,3436.87,5971.13,0.98
M0151440,N,20,0,13556.72,1,1,0,6997.16,12563.23,0.77
M0151441,Y,78,5,126210.34,4,5,2,25126.93,80725.23,2.0
M0151442,N,40,1,3822.14,0,0,1,4252.84,2454.26,1.17
M0151443,N,25,2,12014.79,0,1,0,3134.8,7158.08,0.6
M0151444,N,61,1,11831.3,0,0,0,3633.22,12215.82,1.56
M0151445,Y,85,5,257604.61,3,6,2,133235.1,100308.76,5.18
M0151446,N,65,1,19607.4,0,0,1,13979.89,9086.45,1.26
M0151447,N,75,1,29420.24,2,0,0,2723.99,36466.75,1.68
M0151448,N,46,1,9105.14,0,1,1,4473.19,5557.34,0.63
M0151449,N,55,0,2306.54,1,1,0,2087.49,1381.45,0.0
M0151450,N,72,0,6958.11,1,1,0,3821.02,3373.07,1.12
M0151451,N,69,1,43679.36,0,0,1,8565.48,48631.7,0.23
M0151452,Y,44,4,233585.12,2,3,2,48879.98,206605.1,5.49
M0151453,N,33,0,10232.71,0,1,1,1252.62,6755.39,1.37
M0151454,N,60,0,15534.12,0,1,0,5221.37,7406.68,0.0
M0151455,N,30,0,3599.22,0,0,1,740.61,2812.64,1.54
M0151456,N,56,1,21589.75,0,1,1,3123.71,20514.39,0.61
M0151457,N,60,1,5231.69,0,0,0,1181.21,3186.67,1.73
M0151458,N,50,1,6227.27,1,0,1,917.94,6332.73,0.62
M0151459,N,33,0,11313.48,0,0,0,3112.38,8672.13,1.8
M0151460,N,46,1,10439.37,0,0,1,2620.32,7525.4,1.02
M0151461,N,61,1,4648.13,1,0,0,790.13,5245.04,1.01
M0151462,N,25,0,3509.24,0,3,0,2352.82,3685.28,1.58
M0151463,N,59,1,7277.82,0,0,0,2358.65,8873.77,0.99
M0151464,N,21,0,3850.26,0,2,0,1010.62,5888.41,0.14
M0151465,N,63,0,10245.83,0,2,0,2949.34,9702.02,0.48
M0151466,N,79,2,27891.89,0,1,0,9788.4,12543.83,3.08
M0151467,N,35,2,11355.94,1,0,0,3274.03,9620.64,2.35
M0151468,N,60,1,8108.43,1,1,0,825.42,9873.3,2.59
M0151469,N,76,2,12484.52,0,2,0,8219.39,13180.31,1.57
M0151470,N,23,0,6352.89,0,0,0,4529.55,3944.91,0.0
M0151471,N,50,0,4894.56,0,0,0,5169.66,2662.16,1.08
M0151472,N,64,2,13790.49,0,1,0,5263.96,10397.05,0.73
M0151473,N,66,0,7629.64,0,0,1,1494.37,10361.31,0.0
M0151474,N,32,0,3094.55,0,0,0,715.98,3875.29,0.0
M0151475,N,33,0,3044.87,0,1,1,2480.72,2447.36,0.0
M0151476,N,49,0,11314.45,0,1,0,4541.37,6381.93,0.6
M0151477,N,49,0,3822.1,0,0,0,4219.36,2378.47,0.9
M0151478,N,22,0,4706.85,0,0,0,1966.59,2715.21,1.25
M0151479,N,37,3,33394.82,0,2,0,16120.52,11063.55,2.71
M0151480,N,70,1,6347.44,0,0,0,1430.48,9972.27,1.58
M0151481,N,64,0,4558.39,0,0,1,3300.38,4139.74,1.29
M0151482,N,37,2,30911.45,0,0,1,15791.97,27895.79,2.31
M0151483,N,21,0,4584.35,0,0,0,609.87,5000.07,0.88
M0151484,N,74,1,5280.25,0,0,0,1824.21,4894.7,0.01
M0151485,N,35,0,18759.63,0,3,0,3369.45,13693.22,0.45
M0151486,N,64,3,9751.78,0,0,0,3492.26,4199.05,1.07
M0151487,N,46,0,7910.02,0,0,1,563.42,7486.39,1.83
M0151488,Y,55,5,250848.59,4,2,4,65225.94,251085.3,5.31
M0151489,N,52,0,14108.16,0,1,0,4116.36,16793.25,1.09
M0151490,N,21,1,18501.66,1,3,0,7711.47,16104.84,0.89
M0151491,N,39,1,8945.23,0,0,1,854.33,13932.79,1.01
M0151492,N,49,0,12342.15,0,1,0,3287.13,6873.9,0.15
M0151493,Y,76,5,365488.24,4,5,1,87669.27,259321.34,2.89
M0151494,N,37,1,8904.43,0,1,0,1876.93,14287.81,2.32
M0151495,N,18,1,17918.3,1,0,1,5559.57,12545.93,0.59
M0151496,N,79,1,3285.15,0,2,0,1495.48,3217.55,0.0
M0151497,N,35,0,6003.94,0,0,0,1267.08,7769.43,0.52
M0151498,N,49,0,4959.25,0,1,0,601.0,3588.62,1.42
M0151499,N,26,0,4558.19,0,1,0,2206.33,5956.37,0.0
M0151500,N,36,0,3039.32,0,0,0,778.16,3074.76,1.38
M0151501,N,72,1,11669.49,0,0,0,2891.76,10120.98,1.19
M0151502,N,60,0,14819.24,0,1,0,2656.58,12615.2,0.86
M0151503,N,70,0,8688.44,1,0,0,708.27,8154.85,1.93
M0151504,N,42,1,2159.56,0,0,1,360.67,3059.53,1.14
M0151505,N,79,1,16761.22,0,0,0,6736.19,8311.92,1.13
M0151506,N,58,0,3320.95,0,0,0,1322.55,2515.99,2.67
M0151507,N,22,0,16392.05,1,0,1,2202.67,11316.29,1.64
M0151508,Y,45,6,204728.52,6,4,3,56702.72,118148.58,5.56
M0151509,N,29,2,13520.96,0,1,0,2501.28,9101.06,0.0
M0151510,N,60,1,10699.79,0,2,0,2273.36,7895.21,0.87
M0151511,N,72,0,8503.47,0,0,0,719.74,8673.85,0.53
M0151512,N,28,2,24451.55,0,3,1,3063.36,18718.7,1.21
M0151513,N,46,2,4641.19,1,0,0,4299.41,3581.6,0.04
M0151514,N,30,3,22991.42,0,2,0,4800.68,22087.45,1.91
M0151515,N,65,2,10414.89,0,1,0,3020.35,6401.22,0.05
M0151516,N,76,2,11104.16,0,1,0,6169.15,9795.43,0.22
M0151517,N,64,2,26460.82,1,1,0,22061.87,24659.75,1.71
M0151518,N,24,0,9790.46,1,1,0,6275.5,3973.96,0.13
M0151519,N,24,1,9954.89,0,0,0,1815.64,13400.85,1.73
M0151520,Y,40,6,262178.65,1,2,3,107659.81,200638.06,5.39
M0151521,Y,49,3,205014.54,2,7,2,122758.21,161495.53,5.03
M0151522,N,33,1,11179.22,0,1,0,2998.26,10554.38,0.0
M0151523,N,58,0,12259.89,0,1,0,2757.32,13003.15,0.78
M0151524,N,47,1,5911.42,0,1,0,2459.96,5114.77,2.35
M0151525,N,64,3,5866.35,1,0,0,724.69,5311.11,0.57
M0151526,N,42,0,14250.92,0,2,0,7561.5,12720.98,0.86
M0151527,N,60,0,12861.85,1,1,1,5317.31,15051.98,2.43
M0151528,N,70,0,5010.63,0,0,0,1194.09,4068.3,0.0
M0151529,N,67,1,10006.78,0,1,1,1876.4,8359.58,0.78
M0151530,N,80,1,7396.8,0,0,0,2528.09,8368.59,1.38
M0151531,N,70,3,69082.37,0,1,1,3465.19,81077.36,2.97
M0151532,N,58,2,25584.08,0,0,0,3913.82,27982.82,1.16
M0151533,N,22,0,6996.5,1,1,0,2539.18,5115.91,1.57
M0151534,N,54,2,18376.69,0,1,0,3528.66,13141.66,1.85
M0151535,N,72,1,18257.44,0,1,0,6949.58,14698.72,0.08
M0151536,N,22,0,26260.24,0,0,0,3742.28,29179.7,0.49
M0151537,N,37,3,34254.88,1,1,2,3046.18,30156.98,1.11
M0151538,N,42,0,6108.08,0,0,0,3019.92,4957.34,0.31
M0151539,N,70,0,14262.09,0,1,1,5986.8,5848.83,0.97
M0151540,N,75,1,13116.79,0,1,0,4799.4,7312.07,0.68
M0151541,N,30,1,6099.13,0,0,0,2530.43,5799.39,1.29
M0151542,N,70,0,27236.69,0,1,0,3630.23,25307.53,3.09
M0151543,N,59,0,6165.53,0,2,0,1481.41,8529.0,0.96
M0151544,N,50,0,11336.55,0,0,0,6064.18,5906.65,0.77
M0151545,N,44,0,7529.38,0,0,1,3862.44,7067.84,0.11
M0151546,Y,84,7,297948.2,2,6,3,91504.32,234949.01,4.19
M0151547,N,80,1,10141.25,0,0,1,2961.21,5711.53,0.0
M0151548,N,53,1,14056.9,1,0,0,1930.98,9219.68,0.89
M0151549,N,21,2,2252.03,0,0,0,887.43,2451.72,0.76
M0151550,N,18,1,30258.3,0,0,0,4715.55,19238.03,1.12
M0151551,N,21,0,3570.16,0,0,0,790.61,1998.82,1.31
M0151552,N,77,2,22956.4,0,0,0,4681.13,15259.49,0.0
M0151553,Y,63,5,182644.64,4,3,1,116392.09,70138.12,5.16
M0151554,N,34,1,5164.52,0,1,0,1446.73,2844.28,1.33
M0151555,Y,86,7,344649.18,3,5,2,131241.29,179514.97,6.59
M0151556,N,71,0,6666.74,0,0,1,1878.28,4494.95,0.0
M0151557,N,68,2,1984.78,0,0,0,307.89,2612.03,0.06
M0151558,N,66,1,9227.94,0,0,0,5105.0,3957.96,0.93
M0151559,N,32,0,4379.72,1,1,0,728.29,6395.67,0.09
M0151560,N,56,0,5995.13,0,1,0,1463.69,8250.82,1.07
M0151561,Y,48,2,93277.93,2,3,1,37274.6,78341.28,4.26
M0151562,N,61,1,22448.26,0,0,0,14856.88,22142.39,0.81
M0151563,N,49,1,3682.42,0,0,0,480.12,5048.23,0.0
M0151564,N,78,1,15832.35,0,2,0,1642.77,13851.95,0.51
M0151565,N,80,1,13528.41,1,2,0,4651.58,18636.7,2.43
M0151566,N,18,0,12461.91,0,0,2,2336.54,7766.95,1.32
M0151567,N,43,0,9526.96,0,1,1,6740.09,5811.28,3.03
M0151568,N,37,2,28240.91,0,0,0,5648.0,27607.96,2.2
M0151569,N,50,0,10402.28,0,2,1,823.53,8697.22,1.87
M0151570,N,71,0,2292.99,0,0,0,2045.49,1013.4,0.48
M0151571,N,64,0,16429.14,1,1,1,1886.03,14734.2,0.63
M0151572,N,28,1,12977.87,0,1,0,6052.93,12512.99,2.82
M0151573,N,37,1,17705.75,0,1,0,2189.15,13703.89,2.11
M0151574,N,19,0,22423.49,1,0,2,2448.33,15360.71,0.99
M0151575,N,62,1,4492.64,0,1,0,1469.9,6561.55,0.31
M0151576,N,58,2,22099.92,0,1,0,5710.27,13188.99,2.56
M0151577,N,29,1,20688.42,0,0,1,3484.44,13450.17,0.79
M0151578,N,26,0,2506.94,0,0,0,1180.1,2630.06,0.0
M0151579,N,68,0,4798.7,0,0,0,1199.18,3059.61,0.87
M0151580,N,48,3,7402.57,0,0,0,2626.46,8083.8,0.22
M0151581,N,64,1,5810.64,1,1,0,1567.63,5350.69,0.55
M0151582,Y,51,2,294505.08,3,1,2,56707.38,212001.29,4.2
M0151583,N,48,2,13697.18,0,0,0,566.98,14954.43,1.47
M0151584,N,36,2,9451.4,0,0,0,3647.03,3877.24,1.03
M0151585,Y,74,4,135403.04,5,4,5,56207.96,97062.81,6.15
M0151586,N,71,1,13275.42,0,0,0,4242.85,9152.29,1.18
M0151587,N,34,2,25681.41,0,3,0,14488.06,16119.75,2.44
M0151588,N,51,0,28804.18,0,1,0,9533.73,14060.32,1.73
M0151589,Y,79,7,254545.22,1,1,1,121053.0,93721.43,4.81
M0151590,N,23,0,13026.21,0,0,0,2264.19,8124.19,0.31
M0151591,N,32,0,8034.36,0,1,1,2548.82,7376.8,0.53
M0151592,N,47,0,3416.07,0,0,0,1917.55,3033.1,1.92
M0151593,N,27,2,17765.02,1,0,1,12050.45,12081.81,0.0
M0151594,N,79,0,14381.39,0,2,0,3592.53,9224.63,0.78
M0151595,N,77,1,13572.11,0,1,0,3476.85,8473.64,1.44
M0151596,N,29,1,5399.21,1,0,1,2543.66,1689.05,0.3
M0151597,N,21,1,11074.37,1,0,0,978.77,12335.19,0.0
M0151598,N,30,1,9747.71,0,0,0,5789.63,6233.39,2.02
M0151599,N,19,1,6984.47,0,1,0,4752.95,6245.37,2.16
M0151600,N,40,1,37425.71,1,0,1,6782.66,39420.49,0.9
M0151601,N,28,1,14936.03,0,0,0,913.22,15014.24,0.08
M0151602,N,71,0,5887.97,1,0,0,933.15,4468.69,0.0
M0151603,N,45,1,3930.1,0,0,0,832.14,3235.43,1.93
M0151604,N,21,2,16027.53,0,0,0,5592.54,10406.62,0.7
M0151605,N,19,1,6789.7,0,1,1,3549.8,4954.05,0.31
M0151606,Y,59,5,244496.69,2,5,3,28987.5,179403.9,5.61
M0151607,N,26,1,4379.88,0,0,0,1749.32,4612.82,0.46
M0151608,N,42,1,16035.09,0,0,0,6079.71,6878.32,0.93
M0151609,N,31,0,14205.71,0,0,0,5781.27,12147.55,0.98
M0151610,Y,53,2,248890.88,3,3,2,86143.23,176619.43,4.76
M0151611,N,68,2,9463.89,0,1,1,2341.98,5741.28,1.8
M0151612,N,53,1,18196.05,0,2,0,5925.77,16322.65,2.11
M0151613,N,80,0,18867.8,0,0,0,1104.89,14310.49,0.23
M0151614,N,25,1,16175.33,0,1,0,779.36,16663.19,1.56
M0151615,N,54,0,8930.08,0,1,0,1301.2,10425.46,0.0
M0151616,N,55,0,8485.78,1,0,1,1035.15,10498.86,0.59
M0151617,Y,41,5,202018.86,4,5,5,88172.32,138003.76,6.23
M0151618,N,67,1,7525.68,0,1,0,2819.05,5509.89,0.0
M0151619,N,67,1,11764.6,0,2,0,629.09,9958.0,1.12
M0151620,N,43,0,11725.59,1,0,0,7316.45,4715.85,0.0
M0151621,N,31,0,14635.36,0,2,0,3132.81,11267.33,0.33
M0151622,N,27,1,13809.49,0,0,0,2427.41,11164.46,0.89
M0151623,N,18,2,19811.51,0,1,0,1785.12,17204.01,0.87
M0151624,N,71,0,6271.61,0,0,0,2128.49,7438.63,0.97
M0151625,N,49,2,8234.49,0,0,0,2037.62,8003.37,0.0
M0151626,N,31,2,1994.36,0,0,0,1532.97,1320.82,0.0
M0151627,N,55,3,11621.21,0,0,0,5460.47,12122.42,1.38
M0151628,N,75,0,15774.35,0,0,1,2714.36,12561.7,2.52
M0151629,N,21,1,10257.74,0,1,0,7996.93,4174.71,1.55
M0151630,N,50,3,27691.51,1,0,2,1933.86,20352.9,2.74
M0151631,N,28,1,6886.48,0,0,0,489.11,10570.28,1.71
M0151632,N,79,0,6513.76,0,0,0,2993.67,7509.97,0.0
M0151633,N,21,0,6771.13,0,0,0,1762.51,4766.52,0.69
M0151634,N,32,0,10672.88,0,0,0,4506.07,7001.79,0.98
M0151635,N,78,1,18169.85,0,1,0,3557.76,13173.91,1.34
M0151636,N,65,1,2472.4,0,0,0,1154.48,2393.3,0.5
M0151637,N,26,0,16156.96,0,1,0,4794.54,10948.26,1.16
M0151638,N,71,1,15353.53,0,0,1,1259.66,11610.97,0.9
M0151639,N,40,3,8173.3,0,0,0,4252.55,5025.87,2.07
M0151640,N,46,1,18114.22,0,2,1,3541.68,11213.55,1.16
M0151641,N,28,1,10713.92,0,0,1,1382.97,7218.86,0.87
M0151642,N,19,1,32743.27,0,1,2,9229.27,30763.6,1.33
M0151643,N,62,0,6504.38,0,0,0,1740.63,4803.52,1.2
M0151644,N,66,0,13029.51,0,1,0,6740.89,6937.29,1.7
M0151645,N,21,1,26571.34,0,2,1,4674.07,21207.0,3.45
M0151646,N,32,2,4573.73,0,0,0,2586.08,2504.89,0.13
M0151647,N,42,0,7052.2,0,0,0,1433.71,9137.84,0.34
M0151648,N,26,0,9938.74,0,1,1,2917.11,10840.08,1.33
M0151649,Y,43,5,185780.36,1,3,5,34049.14,162139.52,4.66
M0151650,N,20,0,12298.96,0,0,1,1486.16,8345.34,1.35
M0151651,N,63,1,7950.02,1,1,0,4640.9,4883.36,0.55
M0151652,N,61,1,14463.09,0,1,0,5875.95,11512.3,0.42
M0151653,N,20,1,10665.41,1,2,0,1879.09,7282.71,3.27
M0151654,N,37,1,3845.18,1,2,0,2288.18,1276.07,0.93
M0151655,N,21,1,17748.06,0,0,0,8672.9,19363.04,2.45
M0151656,N,31,0,7689.2,0,0,0,1657.68,5204.9,0.85
M0151657,N,77,2,8738.59,0,2,1,1772.71,10399.74,0.64
M0151658,N,34,1,7626.67,1,0,0,4812.09,8932.54,1.79
M0151659,N,60,0,5729.55,0,0,0,3189.17,1697.01,0.69
M0151660,N,26,1,10292.04,0,1,0,5507.97,4847.63,0.62
M0151661,N,43,2,5954.6,0,0,1,1441.5,7447.84,1.72
M0151662,N,50,2,13864.99,0,2,0,6007.17,18307.93,2.68
M0151663,N,35,2,25494.61,0,0,1,4187.43,20593.08,1.16
M0151664,N,26,0,25406.22,0,0,0,2566.21,18283.28,1.83
M0151665,N,50,0,2717.96,0,0,0,1545.61,2228.38,0.36
M0151666,N,66,0,15150.59,0,0,0,1550.11,16962.28,0.72
M0151667,N,52,1,12364.18,0,0,0,3974.44,7613.07,0.88
M0151668,N,51,0,28661.14,0,0,0,6200.79,22875.75,1.34
M0151669,N,37,0,10999.32,0,2,0,2846.02,12089.3,2.19
M0151670,N,69,2,22400.12,2,0,0,9146.31,16684.39,0.73
M0151671,N,46,0,5208.92,0,0,0,1306.2,3517.73,0.62
M0151672,N,36,2,31548.96,1,3,1,8250.47,34991.76,1.9
M0151673,N,46,0,3707.42,1,1,0,2648.92,2522.07,0.55
M0151674,N,37,0,5007.3,0,0,0,1707.47,2305.64,1.27
M0151675,N,58,1,15754.1,0,1,1,5586.81,7774.67,0.97
M0151676,N,69,0,11829.0,1,1,0,4162.71,9875.63,0.81
M0151677,N,74,1,9097.38,0,2,0,2571.97,8161.41,1.65
M0151678,N,60,0,5861.5,1,1,0,3985.69,5421.74,0.03
M0151679,N,45,2,19868.29,0,0,0,1330.86,17897.86,2.03
M0151680,N,69,1,6663.53,0,0,1,2646.16,2841.24,0.89
M0151681,N,39,0,11287.73,0,0,0,3491.22,11147.07,0.39
M0151682,N,39,2,25715.71,1,0,1,4160.89,17641.85,0.0
M0151683,N,53,1,15210.23,0,2,1,7059.12,6372.77,3.15
M0151684,N,77,2,4545.72,0,0,0,1024.54,4874.32,0.0
M0151685,N,20,2,44186.66,0,2,0,22712.06,17507.27,2.19
M0151686,N,42,0,4584.94,0,1,0,1625.92,3270.8,0.0
M0151687,N,70,0,14341.95,0,1,0,3297.44,8484.06,0.46
M0151688,N,64,0,10398.53,0,0,0,3574.44,14565.96,0.92
M0151689,N,58,1,10624.26,0,0,0,2089.58,7913.11,1.43
M0151690,N,23,0,9647.37,0,0,0,1468.59,6076.4,0.34
M0151691,N,32,0,9543.53,1,0,0,3908.42,5037.97,1.03
M0151692,N,51,1,3937.08,0,1,1,2389.14,2499.1,1.68
M0151693,N,38,2,11692.25,0,1,0,5368.04,8099.21,0.0
M0151694,N,52,2,8211.92,1,0,2,5372.89,3556.81,1.0
M0151695,N,73,0,6312.25,0,0,0,1853.11,4708.33,0.53
M0151696,N,49,1,8740.94,0,0,0,7585.36,5261.68,0.88
M0151697,N,56,1,5627.68,0,1,1,4535.95,2654.3,1.36
M0151698,N,32,0,7341.85,1,1,0,2906.97,6547.31,1.9
M0151699,N,66,0,5714.94,1,0,0,1943.87,3850.51,0.31
M0151700,N,50,2,22292.18,1,1,0,5110.56,13500.33,1.86
M0151701,N,77,1,9531.92,0,0,0,3004.93,5317.91,0.0
M0151702,N,79,1,4640.08,0,1,0,2625.6,2899.88,1.07
M0151703,N,67,3,14977.14,0,1,0,7403.47,14617.53,1.91
M0151704,N,52,1,50952.85,0,1,0,6973.33,35573.52,0.82
M0151705,N,31,0,3932.65,0,0,0,2273.52,3296.03,1.2
M0151706,Y,41,4,253698.04,2,1,3,97423.68,132987.19,6.21
M0151707,N,62,0,22795.04,1,0,0,5324.69,25735.71,0.0
M0151708,N,37,2,37400.71,0,0,0,15223.34,22648.85,1.72
M0151709,N,51,1,13167.8,0,1,0,1726.09,12902.22,1.3
M0151710,N,39,1,3962.73,0,0,1,1490.4,4659.3,3.5
M0151711,N,18,0,4629.5,0,0,1,2105.27,3851.79,0.05
M0151712,N,54,1,18495.07,0,0,0,3368.6,16828.07,1.8
M0151713,N,27,1,6485.84,0,1,0,2665.29,5251.37,0.0
M0151714,N,47,0,25727.06,0,1,0,5150.05,16932.54,1.36
M0151715,N,47,1,21014.08,0,2,0,6513.67,13612.98,1.44
M0151716,N,74,0,13338.13,0,0,0,7543.36,10637.96,3.71
M0151717,N,59,2,4806.24,0,0,0,1771.2,3798.42,1.45
M0151718,N,54,1,11422.5,0,0,1,4407.95,8593.97,2.56
M0151719,N,36,1,10508.41,0,2,2,6818.39,9496.28,1.98
M0151720,N,70,4,4917.1,1,0,2,3241.36,5317.21,1.55
M0151721,N,73,3,13480.99,0,1,0,519.6,17617.63,0.4
M0151722,N,63,1,16079.17,0,0,0,2841.04,9908.37,0.0
M0151723,N,53,1,4884.26,0,0,0,2508.6,5735.0,2.14
M0151724,N,19,1,5489.87,0,1,1,1255.54,5566.12,0.0
M0151725,N,39,0,7148.46,0,0,0,1105.09,8541.05,1.25
M0151726,N,73,1,12554.3,0,0,0,2867.45,12215.61,1.25
M0151727,N,33,2,15313.43,0,2,0,5401.72,12612.68,0.0
M0151728,N,21,0,16597.39,0,1,1,3242.0,11506.64,1.52
M0151729,N,59,2,14396.04,0,0,1,6814.87,7622.93,1.51
M0151730,N,18,0,3416.89,0,0,0,1867.5,3233.02,0.59
M0151731,N,56,2,17331.9,0,1,0,5229.01,16427.52,1.23
M0151732,Y,39,6,156847.61,3,1,3,80775.84,127418.28,3.38
M0151733,N,39,1,6970.57,0,1,0,3432.75,4825.54,1.21
M0151734,N,62,1,8905.75,0,0,2,5830.82,7491.3,0.9
M0151735,N,32,0,8217.47,0,2,0,2067.01,9622.83,0.0
M0151736,N,27,0,14977.7,1,0,1,11701.84,7706.17,0.83
M0151737,N,35,1,7419.76,0,1,0,3211.91,3376.06,0.39
M0151738,N,61,0,6385.32,0,0,1,384.33,7787.5,0.97
M0151739,N,71,0,3819.91,0,0,1,1008.38,2155.77,2.03
M0151740,N,26,1,15988.1,1,0,0,2646.29,9947.73,1.63
M0151741,N,37,2,6850.25,1,1,0,4575.19,6788.5,1.09
M0151742,N,23,2,7007.99,0,0,1,1761.68,4458.63,1.04
M0151743,N,64,0,8693.15,1,0,0,5979.44,8920.44,0.05
M0151744,N,76,2,22331.26,0,1,0,4003.34,13871.97,1.6
M0151745,N,52,0,4816.58,0,0,0,1678.98,6274.99,0.55
M0151746,N,37,0,10860.05,0,0,0,5877.11,4306.64,2.07
M0151747,N,47,3,11881.33,0,1,0,4577.9,9272.13,1.17
M0151748,N,68,1,18076.91,0,0,0,10843.83,8036.29,0.54
M0151749,N,30,0,10182.58,0,0,1,3755.81,8819.55,1.33
M0151750,N,44,1,20846.94,0,0,1,4620.3,13783.44,0.81
M0151751,N,78,2,15347.27,1,0,0,4855.61,13165.05,1.8
M0151752,N,51,0,3662.68,0,0,0,2956.64,3546.4,0.0
M0151753,N,46,1,10728.67,1,0,2,4473.94,14477.47,1.87
M0151754,N,62,0,10894.93,0,0,0,3711.71,9184.32,0.0
M0151755,N,18,2,12637.26,0,0,0,5207.74,8329.26,0.87
M0151756,N,63,1,8098.6,0,1,0,3242.69,10695.37,0.38
M0151757,N,74,0,13324.37,0,1,0,3585.22,14764.07,1.12
M0151758,N,73,1,29378.28,0,0,1,2561.59,25328.59,3.0
M0151759,N,77,0,6417.12,1,0,1,2941.26,6356.36,2.32
M0151760,N,75,2,20247.53,0,0,0,3042.07,18163.65,1.13
M0151761,N,63,2,19273.98,0,1,0,1557.68,19240.88,1.25
M0151762,N,72,0,2584.47,0,0,0,1125.82,3391.05,0.59
M0151763,N,44,1,24383.85,0,1,0,14344.02,18947.69,2.04
M0151764,N,64,1,7065.62,0,1,0,1036.26,7523.67,2.31
M0151765,N,37,0,3544.88,1,2,0,539.21,3406.38,0.22
M0151766,N,23,4,13737.65,0,1,1,3720.19,10465.09,2.64
M0151767,N,77,2,35225.9,0,0,0,15223.02,14788.96,2.22
M0151768,N,65,0,4349.94,0,1,0,2935.78,2130.39,0.83
M0151769,N,33,0,8184.61,0,0,0,2644.39,9218.91,0.0
M0151770,N,45,2,7545.97,0,0,1,3124.29,5455.82,2.51
M0151771,N,61,0,37901.28,0,2,0,1946.84,31577.82,2.04
M0151772,N,53,1,8264.83,1,0,0,2997.5,4032.16,0.0
M0151773,N,36,0,12739.02,0,1,0,8742.09,10290.08,0.77
M0151774,N,32,1,17333.56,0,2,0,1766.23,14120.95,0.58
M0151775,N,28,3,24831.26,0,2,1,11457.22,14312.26,1.54
M0151776,N,23,3,30551.35,1,0,0,6793.21,18048.56,2.88
M0151777,N,64,1,3496.32,0,0,0,1601.95,2227.37,0.16
M0151778,N,70,0,1580.26,0,0,0,349.12,2152.96,0.22
M0151779,N,31,3,25622.27,0,0,0,6207.4,33033.9,0.0
M0151780,N,75,1,4870.73,0,1,1,1588.52,4720.32,0.93
M0151781,N,19,0,3698.98,0,0,0,486.38,3489.12,1.23
M0151782,Y,54,4,141361.64,2,7,1,37930.42,131778.15,6.65
M0151783,N,27,1,2617.49,0,0,0,1234.43,3513.43,0.51
M0151784,N,23,1,17425.91,0,0,0,2303.72,15242.4,0.5
M0151785,N,23,0,4135.28,0,1,0,2113.25,5238.04,0.9
M0151786,N,38,2,16452.19,0,1,1,4315.77,12697.98,2.43
M0151787,N,78,0,17817.76,0,0,0,2645.07,13546.54,0.83
M0151788,N,36,1,8395.42,0,1,0,2525.16,7402.55,0.5
M0151789,N,50,3,17677.28,0,0,0,3599.59,11725.15,2.23
M0151790,N,79,1,4837.48,1,1,0,1224.46,4154.27,0.0
M0151791,N,20,1,19517.75,0,0,1,7608.21,25857.83,0.87
M0151792,N,59,0,6743.53,0,1,1,1830.4,5462.5,0.0
M0151793,N,36,0,21657.27,0,0,1,5974.74,12276.53,0.78
M0151794,N,28,2,4400.28,0,0,0,354.19,3282.91,0.72
M0151795,N,64,0,13689.26,0,1,0,3301.43,19620.44,0.82
M0151796,N,54,0,9751.64,0,0,0,3450.53,8771.46,2.11
M0151797,N,74,2,61152.68,0,2,1,14147.27,78428.83,1.96
M0151798,N,48,2,28953.41,0,0,1,12099.22,13663.18,1.0
M0151799,N,32,1,36701.78,1,0,0,8904.86,26957.95,2.47
M0151800,N,55,2,9053.42,1,1,0,4148.55,9476.38,0.86
M0151801,N,24,2,8916.52,0,0,0,1734.96,9830.22,1.33
M0151802,Y,78,5,140555.18,3,4,3,41970.71,111312.58,6.32
M0151803,N,47,3,32164.83,1,1,0,2032.49,25103.14,1.42
M0151804,N,55,2,6178.74,0,1,0,1869.74,4796.81,0.04
M0151805,N,77,1,10106.35,0,0,0,3608.67,4748.87,0.0
M0151806,N,25,1,15200.85,1,1,1,9253.58,14917.87,0.3
M0151807,N,41,1,21625.93,0,0,0,1476.71,15607.17,2.87
M0151808,N,50,1,7032.5,0,0,0,3827.21,7934.86,1.19
M0151809,N,30,1,4876.18,0,0,1,882.15,7578.34,0.2
M0151810,N,50,2,10933.17,0,0,0,3949.94,10062.29,0.28
M0151811,N,26,1,6727.56,0,2,0,2338.83,4808.81,0.03
M0151812,N,59,0,2561.65,0,0,0,1200.67,3362.43,1.22
M0151813,N,43,1,32729.68,0,0,0,10552.0,19917.43,1.14
M0151814,N,28,2,6323.84,0,0,0,1793.67,4327.31,0.8
M0151815,N,72,0,20416.75,0,1,0,6234.34,13302.16,0.31
M0151816,N,64,3,6751.14,0,0,0,765.91,6508.45,1.83
M0151817,N,53,1,6905.31,0,1,0,2003.09,3483.92,0.14
M0151818,N,42,3,19185.15,1,1,0,6094.71,11114.14,0.86
M0151819,Y,80,7,267395.75,2,3,4,93480.62,151393.3,4.46
M0151820,N,61,2,19329.97,0,1,0,1256.44,15778.87,1.56
M0151821,N,35,0,8421.68,0,0,0,1444.9,10529.65,1.58
M0151822,N,60,0,12969.1,0,0,0,7584.28,9619.31,2.56
M0151823,N,23,2,2727.06,1,0,1,2141.52,2232.33,0.0
M0151824,N,49,1,6341.23,0,0,0,1292.45,9543.61,0.04
M0151825,N,41,2,10406.54,0,0,0,4783.72,3972.95,0.0
M0151826,N,28,2,10160.02,0,1,0,7322.56,4755.23,2.62
M0151827,N,50,2,6470.76,0,0,0,929.4,5009.14,0.71
M0151828,N,36,1,11396.55,0,0,1,6693.11,2411.76,0.57
M0151829,N,29,2,6421.29,0,1,0,3490.97,3867.34,0.69
M0151830,N,61,1,8003.42,0,0,0,4745.74,5222.65,0.18
M0151831,N,26,2,9675.85,0,0,1,3600.73,7412.81,1.45
M0151832,N,31,0,7229.89,0,0,0,1117.59,5678.87,0.57
M0151833,N,34,0,12866.99,0,1,0,2023.84,16217.31,2.63
M0151834,N,39,0,10783.66,0,1,1,2625.83,7492.86,0.3
M0151835,N,25,2,16228.03,1,3,0,5357.57,10568.01,1.06
M0151836,N,27,2,13100.52,1,1,0,2851.0,10461.88,1.91
M0151837,N,43,1,27514.74,0,1,0,18498.05,5899.41,1.59
M0151838,N,52,2,13886.41,0,2,0,2689.95,19798.88,0.0
M0151839,N,57,1,15816.07,1,1,0,12626.02,8064.95,2.24
M0151840,N,75,0,16266.95,0,1,1,8161.58,21192.05,0.32
M0151841,N,42,1,4828.78,0,0,0,3556.46,2819.94,0.01
M0151842,N,55,1,16193.54,0,0,0,4524.15,12194.65,2.4
M0151843,N,43,2,13914.31,1,1,1,7705.36,7267.91,1.57
M0151844,N,60,0,9285.96,0,2,0,7769.72,8031.64,1.51
M0151845,N,27,1,32679.65,0,0,1,6523.97,20350.24,2.83
M0151846,N,40,2,9976.34,0,0,0,3679.03,7420.0,0.57
M0151847,N,80,0,23529.67,0,0,0,8433.26,12627.8,0.07
M0151848,N,48,0,26101.69,0,2,0,2879.1,25303.38,0.63
M0151849,N,72,0,15230.49,0,1,0,1475.78,12884.19,0.98
M0151850,N,30,1,4457.5,0,0,0,2440.36,4653.43,0.04
M0151851,N,44,2,45701.05,0,0,1,6426.79,29646.1,1.15
M0151852,N,74,1,22850.91,0,1,1,5540.23,13920.01,2.93
M0151853,N,28,0,5900.01,0,1,0,834.37,6602.51,0.55
M0151854,N,35,0,4645.43,0,0,1,1204.77,3566.9,0.58
M0151855,N,29,1,10242.24,0,0,2,4821.46,6545.25,2.21
M0151856,N,34,1,15768.56,0,0,0,6039.43,10068.14,1.54
M0151857,N,41,1,7641.71,1,3,0,4041.8,4091.36,0.88
M0151858,N,62,1,11029.9,0,0,0,1659.74,8462.63,0.2
M0151859,N,57,0,4348.97,0,0,0,2175.61,2097.0,0.0
M0151860,N,80,2,27602.47,1,0,0,8856.95,24217.97,1.91
M0151861,N,72,1,10732.29,0,2,0,1909.92,10505.7,0.05
M0151862,N,44,0,7271.63,1,1,0,2432.89,8625.1,0.0
M0151863,N,67,0,4193.65,0,0,0,2624.02,3213.74,1.64
M0151864,N,43,1,22734.74,0,1,1,4812.8,21154.68,2.19
M0151865,N,64,1,25707.51,0,1,1,3951.18,21306.88,1.44
M0151866,N,51,0,6466.38,0,0,0,1710.06,4404.43,0.9
M0151867,N,23,0,9717.99,0,0,0,2150.19,7508.38,1.91
M0151868,N,52,0,4375.46,0,1,0,382.03,3245.44,0.74
M0151869,N,21,2,26599.96,0,1,0,2685.03,19724.41,1.24
M0151870,N,32,1,16227.28,1,1,0,3880.88,18762.52,1.46
M0151871,N,69,1,14271.86,0,1,0,2502.73,9828.83,0.0
M0151872,N,62,0,5465.13,0,1,0,1181.78,3301.3,1.13
M0151873,N,43,2,27203.58,0,2,2,22579.26,4666.76,0.0
M0151874,N,64,0,13137.06,0,0,0,4591.87,10531.78,1.63
M0151875,N,22,0,10193.78,1,2,2,2060.25,6530.32,1.45
M0151876,N,47,1,12876.96,0,0,0,2545.57,8302.54,0.61
M0151877,N,43,0,7268.16,1,0,0,2559.95,10105.42,1.28
M0151878,N,49,1,16256.15,0,0,0,1620.95,14271.3,0.65
M0151879,N,58,2,17369.95,0,1,0,1693.74,12303.85,0.02
M0151880,N,49,1,9456.05,1,0,2,7918.62,7089.88,2.04
M0151881,N,38,0,13675.65,1,0,1,1176.35,15067.5,1.03
M0151882,N,75,2,26497.7,0,1,0,9178.61,22141.49,1.98
M0151883,N,25,1,7732.62,1,1,1,2075.47,5445.57,1.78
M0151884,N,78,0,5832.9,0,2,0,1167.47,3953.75,1.45
M0151885,N,60,3,13740.61,0,2,0,6283.61,11397.66,1.09
M0151886,N,58,1,52404.87,1,1,0,30233.65,18562.97,1.84
M0151887,N,77,0,15591.14,1,0,0,4004.11,11569.02,0.74
M0151888,N,31,1,6206.49,0,0,0,2398.03,6086.46,0.0
M0151889,N,63,0,4222.46,0,0,0,1003.41,4204.93,0.49
M0151890,N,80,0,4504.48,0,0,0,690.96,6184.7,1.37
M0151891,N,34,2,6717.87,0,0,0,2634.49,6461.57,1.29
M0151892,N,21,2,56541.23,2,2,0,3333.82,41275.98,2.21
M0151893,N,65,1,13082.85,0,0,0,2979.49,7831.57,0.17
M0151894,N,45,1,2324.28,0,0,1,799.89,1967.37,0.62
M0151895,N,23,1,8857.74,0,1,0,3605.45,4301.76,0.14
M0151896,N,45,1,5043.56,1,1,0,1880.14,3663.18,1.34
M0151897,N,61,2,10580.87,1,0,0,1020.83,16485.97,0.0
M0151898,N,72,0,31466.77,0,1,0,4076.57,23131.88,0.51
M0151899,N,64,1,7135.63,0,0,0,317.95,7869.87,0.68
M0151900,N,75,1,18308.64,0,0,1,3325.82,13126.53,0.62
M0151901,N,70,5,9574.52,1,2,0,2066.18,6252.71,0.38
M0151902,N,18,0,4856.02,0,2,0,2913.82,5723.22,0.0
M0151903,N,48,0,12096.95,0,1,0,3250.83,7549.74,0.5
M0151904,N,53,1,15442.55,0,0,0,1295.58,12328.75,0.45
M0151905,N,25,0,8235.36,0,2,0,2613.91,8058.57,1.65
M0151906,Y,74,5,186495.91,1,3,2,57823.25,126182.73,2.0
M0151907,N,56,2,10033.49,2,0,0,9071.63,2528.96,0.99
M0151908,N,40,0,10503.22,0,0,0,3786.17,4984.27,0.95
M0151909,N,66,0,18676.75,0,1,0,6960.08,11493.26,1.44
M0151910,N,38,2,12195.44,0,0,0,5697.38,5598.86,0.57
M0151911,Y,37,4,406390.59,3,6,6,154375.21,299196.79,5.56
M0151912,N,26,1,27074.33,0,0,0,8455.07,17187.13,0.36
M0151913,N,63,0,12468.91,1,0,0,5348.3,5890.92,0.23
M0151914,Y,53,4,285018.2,1,6,4,171861.53,150025.87,4.25
M0151915,N,57,2,4269.07,1,0,1,412.7,4797.62,1.86
M0151916,N,49,1,9628.49,0,0,0,2680.95,7984.79,0.3
M0151917,N,18,2,7565.68,0,1,1,1586.57,8823.31,1.97
M0151918,N,23,2,16768.38,1,2,1,6041.91,10800.25,1.57
M0151919,N,68,2,5006.85,0,0,0,533.08,4779.47,1.77
M0151920,N,68,3,9759.82,1,1,2,6685.34,10308.37,2.01
M0151921,N,30,2,5761.1,1,0,1,3864.81,5946.25,0.6
M0151922,N,65,2,6690.79,0,2,0,4026.73,5499.06,0.56
M0151923,N,57,0,21469.91,0,1,0,16197.73,8119.1,1.47
M0151924,N,60,1,6963.41,0,1,0,2928.43,8165.61,0.77
M0151925,N,53,0,2950.7,0,0,0,1333.22,3651.71,1.07
M0151926,N,37,1,4544.93,0,0,0,1887.34,4068.31,0.76
M0151927,N,51,0,18680.54,0,0,0,7065.79,7815.88,0.12
M0151928,N,51,0,5524.04,0,0,0,5403.51,3820.83,1.48
M0151929,N,21,2,24864.29,0,2,1,21066.44,9724.14,2.23
M0151930,N,50,1,2589.02,0,1,0,746.72,3127.23,0.28
M0151931,N,41,2,14476.18,0,2,0,2828.28,14239.98,0.0
M0151932,N,65,0,4912.8,0,1,0,635.38,5129.34,0.64
M0151933,N,45,1,7960.58,0,1,0,1129.56,7095.19,1.34
M0151934,N,28,0,10579.11,0,0,0,419.42,14659.26,0.0
M0151935,N,31,0,2337.86,1,0,1,1241.59,1893.23,0.81
M0151936,Y,65,6,106927.73,2,3,4,28670.58,96800.65,2.0
M0151937,N,53,1,4882.69,1,1,1,3134.6,3270.19,0.6
M0151938,N,42,1,6204.83,0,0,1,427.11,9506.77,0.4
M0151939,N,75,2,16330.11,0,1,1,8978.0,5987.52,1.95
M0151940,N,78,0,14221.12,1,0,1,3414.2,9016.01,2.04
M0151941,N,51,2,16800.82,0,2,0,6239.23,8843.76,1.11
M0151942,N,19,1,4619.08,0,0,0,2213.39,2444.96,1.91
M0151943,Y,36,5,286391.72,3,2,7,94397.82,158241.7,6.76
M0151944,N,70,0,9155.5,1,2,0,1075.74,6261.17,1.11
M0151945,N,64,0,4096.79,0,0,1,4611.75,2762.93,0.82
M0151946,N,36,2,10827.9,0,0,0,2753.82,8222.71,1.01
M0151947,N,46,0,7376.61,0,0,0,2078.07,5563.59,0.99
M0151948,N,38,1,14013.57,1,0,0,1659.65,9638.0,1.19
M0151949,N,62,1,7008.27,1,0,0,2530.05,3526.7,1.91
M0151950,N,44,1,43665.49,1,3,0,14955.33,32695.14,2.81
M0151951,N,29,2,16146.41,0,3,0,1883.84,15331.12,0.75
M0151952,N,28,2,15246.79,1,2,1,2236.95,10646.93,1.44
M0151953,N,43,1,23454.44,0,0,0,14734.53,8164.94,0.82
M0151954,N,63,0,7346.92,0,1,0,8344.5,4551.55,1.09
M0151955,N,42,1,4196.41,0,0,0,655.51,4550.95,0.0
M0151956,N,52,1,29925.13,0,1,1,5773.74,23250.37,1.86
M0151957,N,24,1,16254.98,1,2,0,4825.34,18991.55,0.83
M0151958,N,49,0,4416.38,0,0,0,832.73,3481.59,0.12
M0151959,N,53,0,12188.69,0,2,1,4027.98,10095.41,2.25
M0151960,N,64,1,7898.61,0,0,0,3427.34,9016.27,3.86
M0151961,N,37,1,7016.42,0,1,0,2799.35,6182.65,0.18
M0151962,N,23,0,6665.12,0,0,0,3108.09,3384.59,0.0
M0151963,N,75,1,16048.94,0,0,0,4520.25,14321.61,1.82
M0151964,N,56,1,8245.24,0,0,2,1377.44,12015.35,0.9
M0151965,N,21,3,43891.55,0,1,1,4553.18,30858.78,2.43
M0151966,N,49,2,8921.39,1,0,1,2366.16,6650.36,0.44
M0151967,N,59,2,17875.47,1,1,0,6012.32,12842.5,1.46
M0151968,N,49,0,12035.65,0,1,2,3750.62,12462.41,2.05
M0151969,N,62,0,13123.92,0,1,0,1400.92,8874.73,1.06
M0151970,N,64,2,12214.63,0,1,0,5586.5,6447.56,1.94
M0151971,N,21,0,7358.44,2,0,1,3353.94,5529.79,0.57
M0151972,N,34,2,3637.83,0,0,0,865.66,3542.47,0.3
M0151973,N,51,2,14387.89,1,1,0,10100.37,13978.02,0.81
M0151974,Y,80,4,97451.94,1,1,2,33616.0,55154.13,3.55
M0151975,N,79,3,9447.36,1,1,1,2303.7,8984.1,1.11
M0151976,N,45,0,7628.18,0,0,0,1130.31,7586.2,1.19
M0151977,N,18,2,6496.3,1,3,0,2560.87,3100.4,0.98
M0151978,N,54,1,9543.69,1,0,0,1265.59,8089.83,1.86
M0151979,N,20,1,3178.92,1,1,0,1410.39,3774.79,1.14
M0151980,N,34,3,15164.87,0,0,0,2134.04,10387.37,1.3
M0151981,N,74,1,15776.87,0,2,0,3607.77,22976.86,2.45
M0151982,N,28,1,15443.88,0,1,0,2091.76,10036.61,0.41
M0151983,N,77,1,21494.18,0,1,0,3172.52,26451.83,1.21
M0151984,N,28,0,5953.66,0,1,0,1450.65,6293.86,0.82
M0151985,N,56,0,8713.99,0,1,1,1547.58,12683.45,1.37
M0151986,N,71,2,8031.25,0,0,0,1324.19,7706.99,0.61
M0151987,N,30,0,6271.03,0,2,0,4390.91,5219.23,1.18
M0151988,Y,74,7,256857.16,4,6,4,168697.83,124693.42,6.6
M0151989,N,58,1,12644.77,0,3,0,7203.14,15061.56,1.48
M0151990,N,29,0,12978.0,0,1,0,6210.0,5997.34,0.22
M0151991,N,54,0,7412.47,0,1,0,1178.9,4906.79,0.55
M0151992,N,44,3,7481.25,0,0,0,990.0,10148.14,1.16
M0151993,N,22,3,28285.18,1,1,0,15075.97,16328.96,1.82
M0151994,N,25,0,23350.34,0,1,0,10089.67,20917.32,2.42
M0151995,N,56,2,3660.46,0,0,0,3529.8,3097.24,0.21
M0151996,Y,71,5,261943.17,1,1,5,58511.91,254579.51,5.04
M0151997,N,43,4,16146.24,0,1,1,5659.01,23226.38,0.25
M0151998,N,54,2,12179.07,0,0,0,2076.7,8485.18,0.7
M0151999,N,72,0,12701.5,0,1,0,3660.78,12522.49,1.2
M0152000,N,65,0,1092.8,0,0,0,450.99,1453.89,0.0
M0152001,N,73,1,7847.36,0,0,0,846.69,8225.4,0.0
M0152002,N,75,2,24168.35,0,1,0,8458.76,26148.86,1.57
M0152003,N,69,0,10096.75,0,0,0,912.48,14839.5,1.2
M0152004,N,39,0,2542.43,0,0,0,1469.3,2708.34,0.54
M0152005,Y,38,5,479336.89,3,7,4,155456.12,286431.74,3.87
M0152006,N,26,0,9675.66,0,2,1,6702.7,10690.19,0.11
M0152007,N,40,4,22936.68,0,1,1,5094.35,19310.01,2.29
M0152008,N,61,1,23865.21,1,1,0,4625.96,22518.89,1.96
M0152009,N,33,1,30694.7,0,1,0,12896.27,12514.93,0.67
M0152010,N,25,3,14249.65,1,1,1,3007.96,9018.88,1.6
M0152011,N,68,1,9805.33,1,2,0,1182.46,14940.58,1.91
M0152012,N,39,5,42419.0,0,0,0,13884.87,20596.91,1.59
M0152013,Y,40,8,288120.31,4,3,6,85536.63,183148.82,4.46
M0152014,N,51,1,10188.93,1,1,0,1190.43,7892.94,1.86
M0152015,N,59,2,19875.3,0,1,0,5822.87,10845.63,1.61
M0152016,N,71,0,9645.35,0,0,0,1423.65,6343.34,0.9
M0152017,N,52,2,19210.49,1,2,0,3790.69,18793.1,2.37
M0152018,N,70,1,17185.95,0,0,0,2266.92,15891.56,0.43
M0152019,N,41,1,37519.75,0,0,0,8941.35,25694.94,1.79
M0152020,N,67,0,10802.84,0,0,0,1070.41,13158.65,0.72
M0152021,N,34,3,15320.67,0,2,1,1937.08,18770.87,2.29
M0152022,N,35,1,21986.93,1,2,0,6568.0,24309.62,1.87
M0152023,N,43,2,12667.6,0,0,0,4785.82,10019.49,1.01
M0152024,N,27,3,21655.76,1,1,0,3489.36,13562.95,0.9
M0152025,N,47,2,9193.46,1,1,1,3118.52,9066.95,0.31
M0152026,N,55,3,8068.34,0,1,1,2634.17,6031.2,2.3
M0152027,Y,53,5,218632.48,4,7,5,106714.34,187836.39,4.0
M0152028,N,18,2,10901.31,0,1,1,3605.4,7828.7,0.93
M0152029,N,65,0,8261.87,1,0,0,2680.3,7805.84,1.12
M0152030,Y,59,6,163799.4,3,3,4,56313.28,110626.15,5.99
M0152031,N,49,0,1430.27,0,0,0,1044.06,968.15,0.56
M0152032,N,38,0,6559.39,0,1,0,2530.75,5066.27,0.14
M0152033,N,72,1,12824.82,0,0,0,3138.22,12158.26,0.4
M0152034,N,73,0,5000.72,0,0,0,2187.77,2927.35,0.14
M0152035,N,72,0,4215.63,0,1,0,422.93,3264.84,0.0
M0152036,N,74,0,11860.45,0,1,1,7056.8,8005.97,1.23
M0152037,N,31,1,3470.04,0,0,0,1220.68,4244.28,0.08
M0152038,N,34,1,4419.41,1,0,0,2085.08,5223.62,1.56
M0152039,N,37,1,8016.79,0,1,0,3253.82,3719.84,1.09
M0152040,N,21,3,6292.9,0,1,0,3702.1,6895.13,0.87
M0152041,Y,68,2,333080.71,3,3,4,155095.74,196494.53,6.73
M0152042,N,70,1,35596.31,0,0,1,2778.62,29427.12,2.87
M0152043,N,51,2,23828.67,1,2,0,13925.96,19916.58,0.9
M0152044,N,78,2,7937.65,0,1,0,6056.01,7498.84,0.31
M0152045,Y,75,7,189087.49,3,5,2,72067.57,123873.26,4.71
M0152046,N,62,0,17972.68,0,2,0,3264.9,12326.13,0.94
M0152047,N,30,1,9662.11,0,1,1,9263.46,6088.45,0.57
M0152048,N,34,1,52309.23,0,1,1,9106.67,45196.1,0.7
M0152049,N,67,0,8511.06,0,1,0,4143.47,3520.02,1.83
M0152050,N,25,1,28083.09,0,1,0,12214.47,13207.0,1.3
M0152051,N,41,0,13509.84,1,2,0,4977.22,10291.27,1.16
M0152052,N,36,1,15723.75,1,1,0,3090.42,20124.09,0.94
M0152053,N,27,0,22937.81,1,1,0,7698.89,17542.7,1.63
M0152054,N,45,2,13744.62,0,0,0,1830.31,9468.7,1.81
M0152055,N,78,3,38427.07,0,2,0,4209.3,31420.37,2.14
M0152056,N,41,1,12151.87,1,0,0,4135.59,8058.06,0.5
M0152057,N,48,0,4689.6,0,1,0,500.38,4156.31,2.08
M0152058,N,78,1,19230.44,0,1,0,5962.87,12070.57,0.0
M0152059,N,32,2,10075.83,0,1,0,3730.25,14004.23,0.81
M0152060,N,40,0,6793.74,0,0,0,1301.05,5042.59,0.21
M0152061,N,63,0,9441.25,0,2,0,1844.2,9578.7,0.0
M0152062,N,23,3,33182.55,0,0,2,12645.92,16042.2,2.03
M0152063,N,31,1,20395.71,0,1,1,4497.9,24690.02,2.42
M0152064,N,22,1,20259.77,1,0,0,1875.17,14644.3,0.87
M0152065,N,34,1,5951.65,0,0,0,1473.27,8380.21,0.82
M0152066,N,52,0,6969.59,0,0,0,681.69,5547.86,0.0
M0152067,N,70,2,10990.31,0,1,0,3558.01,14166.95,1.4
M0152068,N,26,2,3708.89,0,0,0,714.52,3782.79,0.0
M0152069,N,45,0,12573.86,0,0,0,2197.58,7957.99,0.05
M0152070,N,33,1,8063.12,0,2,0,319.53,10831.98,0.16
M0152071,N,51,2,11243.59,1,0,1,2730.83,10259.18,1.63
M0152072,N,44,0,15401.6,0,1,0,5647.67,9260.59,0.0
M0152073,N,44,0,9062.04,0,1,1,3478.04,6530.93,1.41
M0152074,N,21,1,6852.05,0,1,1,1400.38,8900.21,0.61
M0152075,N,44,0,8491.38,0,0,1,2141.72,8065.45,0.15
M0152076,N,26,0,10873.57,0,3,1,4391.66,9500.06,0.19
M0152077,N,61,0,1852.85,0,0,0,1372.57,1889.33,2.46
M0152078,N,32,0,11138.24,0,1,2,2858.79,7182.37,1.93
M0152079,N,68,1,3178.39,0,0,0,1712.55,3185.73,0.0
M0152080,N,36,2,13092.89,0,2,0,7078.99,7084.55,2.86
M0152081,N,24,0,4269.32,0,0,0,1023.48,5961.48,0.0
M0152082,N,59,1,3342.29,0,0,0,270.85,4893.78,2.01
M0152083,N,37,1,9808.86,0,0,1,1941.76,8092.03,1.15
M0152084,N,20,2,50619.96,0,3,0,7236.45,40342.53,2.28
M0152085,N,72,1,19819.13,0,1,0,6122.0,9513.82,0.88
M0152086,N,71,2,20665.04,1,1,0,3783.27,13688.34,1.11
M0152087,N,74,1,23693.42,0,0,0,12447.93,13007.4,3.21
M0152088,N,45,0,4113.38,1,0,0,997.68,2913.78,0.39
M0152089,N,62,1,18237.56,1,0,0,22468.8,8881.13,2.19
M0152090,N,50,3,6388.76,0,1,0,2318.09,7136.29,0.62
M0152091,N,57,2,8570.56,1,1,0,1730.72,8727.78,1.85
M0152092,N,41,1,37128.43,0,2,0,21231.04,13245.9,2.24
M0152093,N,80,1,9167.42,1,1,1,2549.01,11003.53,1.94
M0152094,N,41,0,13154.99,1,0,0,1162.16,13027.83,1.56
M0152095,N,78,2,6137.0,0,0,1,1335.7,3991.5,0.23
M0152096,N,70,1,10231.33,1,1,1,3245.85,8720.72,1.82
M0152097,N,66,0,8112.33,0,0,0,5005.55,6191.93,0.66
M0152098,N,66,1,29016.62,0,0,0,2979.89,23285.76,0.59
M0152099,N,44,1,7036.78,0,1,0,1130.41,5179.49,1.76
M0152100,N,23,3,22408.09,0,0,0,15866.19,3976.75,0.15
M0152101,N,51,2,5526.71,0,2,0,3524.39,4798.21,1.07
M0152102,N,73,0,9730.33,0,3,0,3588.7,7976.74,1.61
M0152103,N,76,1,8891.44,0,2,1,3131.22,7346.21,1.03
M0152104,N,61,1,16305.28,0,1,0,9125.82,17906.76,1.97
M0152105,N,75,1,34446.66,0,2,0,3433.51,23586.06,2.36
M0152106,N,55,2,4208.22,0,1,0,3821.43,3189.05,0.0
M0152107,N,23,1,9946.68,0,0,0,1103.36,13370.76,0.47
M0152108,N,75,2,7540.64,0,2,0,4325.63,9124.27,1.33
M0152109,N,25,0,7913.9,0,0,0,4116.03,2133.28,1.17
M0152110,N,21,1,7449.97,1,1,0,1010.06,5363.99,0.0
M0152111,N,74,2,7079.76,0,0,0,6449.19,3756.17,2.03
M0152112,N,43,2,16399.11,0,1,0,5400.73,19556.37,0.55
M0152113,N,74,2,3491.21,0,0,0,991.59,2182.88,1.69
M0152114,N,29,0,10111.09,0,1,0,2170.72,6876.81,0.02
M0152115,N,47,0,1859.24,0,0,0,769.42,1770.7,0.16
M0152116,N,48,1,16065.74,0,0,0,1063.42,16180.49,1.57
M0152117,N,54,1,12312.06,0,0,2,4391.89,8902.36,2.62
M0152118,N,70,1,33603.42,0,2,1,7152.12,20299.54,1.3
M0152119,Y,40,8,328481.01,3,3,1,63958.13,235710.78,5.89
M0152120,N,34,1,33235.04,2,2,1,7302.41,20178.53,1.93
M0152121,N,46,1,10875.56,0,0,0,1460.73,7945.85,0.0
M0152122,N,65,0,14142.47,0,0,0,3983.46,16659.78,1.39
M0152123,N,22,3,11624.1,0,0,1,5879.35,4130.82,3.13
M0152124,N,27,2,12613.19,0,0,0,2110.93,9342.7,0.35
M0152125,N,20,0,6104.53,0,0,0,2381.81,2822.32,0.87
M0152126,N,41,0,7111.78,0,0,1,2497.0,3334.65,0.76
M0152127,N,73,2,3996.09,0,0,0,810.17,3775.08,2.57
M0152128,N,71,1,8097.78,0,0,0,2036.28,8505.85,0.88
M0152129,N,73,3,7483.76,0,0,0,2007.95,9803.84,0.3
M0152130,N,70,1,17118.08,0,2,2,6831.7,15811.55,0.52
M0152131,N,59,1,4258.09,0,1,0,381.35,6837.66,1.77
M0152132,N,74,0,12026.08,0,0,0,3318.73,6112.12,0.16
M0152133,N,47,0,17167.85,1,0,0,7018.78,14524.82,0.82
M0152134,N,68,0,2453.86,0,1,0,1167.9,2799.4,0.0
M0152135,N,75,0,10281.63,0,1,0,8684.92,3447.45,0.55
M0152136,N,57,1,6375.36,0,0,0,1677.08,7354.63,0.22
M0152137,N,53,0,8236.21,0,1,0,4902.06,5679.96,0.28
M0152138,N,67,1,7597.11,0,0,0,3881.73,3405.95,0.16
M0152139,N,64,0,9939.65,0,0,0,7365.19,3168.83,2.05
M0152140,N,34,1,3082.09,1,1,0,641.13,4429.62,0.62
M0152141,N,53,2,10512.04,0,0,1,4213.71,6147.91,0.5
M0152142,N,48,0,8206.72,0,0,0,7642.98,3226.31,0.24
M0152143,N,53,1,8193.44,0,0,1,2732.58,6373.22,0.86
M0152144,N,24,1,20191.77,1,0,0,2881.09,14797.57,0.97
M0152145,N,60,0,12234.57,0,2,1,5066.81,13827.14,1.09
M0152146,N,23,3,15241.2,1,0,2,10735.69,5665.48,1.04
M0152147,N,65,0,8060.22,0,1,0,2554.1,9137.1,0.0
M0152148,N,28,2,28118.44,0,2,1,3274.42,20587.76,2.11
M0152149,N,46,0,11964.12,0,0,2,3108.76,7019.61,0.59
M0152150,N,56,0,26130.54,2,0,1,4489.19,15981.86,2.34
M0152151,Y,50,5,105302.99,1,4,1,53254.94,78285.21,4.84
M0152152,N,32,1,17868.63,0,0,0,6376.59,9388.66,1.09
M0152153,N,56,0,32120.15,0,0,0,2312.2,23303.79,1.89
M0152154,N,29,1,19660.9,1,2,0,2340.97,13075.39,0.66
M0152155,N,22,2,9519.78,0,2,0,10607.36,4105.34,0.59
M0152156,N,23,1,20697.15,0,3,0,3552.13,14340.86,1.74
M0152157,N,76,0,11440.52,0,1,0,1869.41,9453.16,1.44
M0152158,N,27,0,6995.89,0,0,2,335.78,8690.73,0.16
M0152159,N,68,0,8083.75,0,0,0,2510.38,6883.8,0.96
M0152160,N,80,1,17689.59,0,2,0,6149.78,24796.38,0.39
M0152161,N,30,1,4736.43,1,1,0,544.42,5529.3,0.33
M0152162,N,45,2,18781.03,1,0,1,6209.18,10930.81,0.71
M0152163,N,55,2,24801.59,2,1,1,5899.38,16878.46,2.94
M0152164,N,58,1,7857.89,0,3,0,2323.84,10742.02,1.28
M0152165,N,77,1,18204.87,0,1,0,4060.32,12153.26,0.86
M0152166,N,70,1,10515.89,0,1,0,1922.82,12487.94,0.5
M0152167,N,45,0,3067.67,0,1,0,554.27,2166.61,1.63
M0152168,N,74,0,24788.34,0,0,0,3147.29,16346.43,1.06
M0152169,N,19,2,33865.69,1,0,0,6970.12,32742.16,3.09
M0152170,N,36,1,9269.28,0,0,0,5665.65,5996.68,1.19
M0152171,N,64,1,7215.67,0,0,1,3576.55,4033.2,0.92
M0152172,N,79,2,17800.45,0,1,2,3253.09,13380.1,0.56
M0152173,N,55,1,10913.57,0,0,0,960.55,12112.68,1.69
M0152174,N,21,1,3729.42,0,1,0,903.44,5195.39,0.9
M0152175,N,60,2,21478.42,1,2,0,5237.87,12326.52,2.7
M0152176,N,52,0,8614.82,0,1,0,1712.3,5196.19,0.59
M0152177,N,72,2,15223.64,0,0,0,3502.21,8627.25,1.93
M0152178,N,74,0,6777.91,0,2,0,2125.49,4805.57,0.44
M0152179,N,58,1,27590.77,1,0,0,9595.08,26217.53,0.28
M0152180,N,76,0,5302.33,1,0,0,2100.58,5063.08,0.0
M0152181,N,29,2,7268.09,1,1,0,6070.92,4323.9,2.27
M0152182,N,52,2,23689.44,0,0,0,3219.81,24437.58,1.45
M0152183,N,19,1,2316.04,0,0,0,994.27,1439.72,0.0
M0152184,N,27,1,17439.83,0,0,0,3364.58,10879.56,1.17
M0152185,N,36,0,42774.66,0,0,0,1767.52,65941.0,1.46
M0152186,N,70,2,22418.87,0,1,1,8121.53,29051.56,1.77
M0152187,N,45,0,4091.59,1,1,2,1894.73,2574.64,0.93
M0152188,N,28,0,17726.89,0,1,1,2822.79,19085.41,0.13
M0152189,N,48,0,18009.19,0,0,0,11385.99,8201.3,0.93
M0152190,N,23,2,19635.48,0,2,0,3126.88,15446.46,0.4
M0152191,N,49,0,18954.34,0,0,0,1739.73,14395.18,1.26
M0152192,N,57,0,2821.48,0,0,0,921.06,3840.44,0.49
M0152193,N,49,1,2487.21,0,2,1,603.63,2527.04,0.0
M0152194,N,62,1,21217.82,0,0,0,2959.81,13756.5,0.0
M0152195,N,78,2,16455.71,1,1,1,1103.72,14477.22,3.73
M0152196,N,35,0,7378.91,0,0,0,4282.07,3836.39,1.49
M0152197,N,58,0,10522.32,0,0,1,1865.12,12674.67,0.0
M0152198,N,56,0,13059.41,0,0,1,2307.31,10613.4,1.03
M0152199,N,18,0,19812.46,0,2,0,7260.43,14229.83,1.03
M0152200,N,53,0,10778.1,0,0,0,3858.17,8917.73,1.13
M0152201,Y,42,9,253480.36,3,6,1,172111.08,132461.03,3.36
M0152202,Y,75,7,190958.09,1,3,5,76428.7,125692.63,3.82
M0152203,N,21,1,13032.71,0,2,1,3612.06,14018.19,0.99
M0152204,N,71,0,15829.86,0,3,0,4945.38,18661.2,2.6
M0152205,N,29,2,38156.21,0,1,1,6114.06,41227.19,1.63
M0152206,N,63,1,21993.71,1,1,1,4793.84,15981.58,3.07
M0152207,N,35,1,5707.5,0,1,0,1508.93,6190.63,1.84
M0152208,N,51,1,20674.71,1,1,0,2612.43,14942.64,1.88
M0152209,N,72,0,3805.47,0,0,0,1183.07,2670.95,0.0
M0152210,N,34,0,9648.81,0,2,1,1859.75,10055.25,1.01
M0152211,N,75,0,11367.09,1,1,0,1053.57,11144.17,0.69
M0152212,N,33,0,3429.56,0,2,0,2119.16,2949.88,0.35
M0152213,N,57,4,13279.6,0,0,0,2177.23,9733.97,0.49
M0152214,N,56,1,24213.74,1,1,0,8103.68,16176.7,1.68
M0152215,Y,86,4,198504.67,4,5,6,99120.18,170042.14,5.23
M0152216,N,52,0,6102.53,1,1,0,1750.45,6293.07,0.2
M0152217,N,38,0,4662.55,1,0,0,2468.47,2768.76,1.67
M0152218,N,27,0,5546.78,1,2,0,4176.85,5744.47,1.11
M0152219,N,45,2,2728.21,1,1,0,279.83,3676.18,0.0
M0152220,N,67,1,14530.13,0,0,0,7373.4,12813.07,0.32
M0152221,N,56,0,37407.2,0,1,1,2539.96,34732.35,2.17
M0152222,N,32,0,9929.43,0,0,0,3806.04,6910.67,1.1
M0152223,N,43,0,4184.17,0,0,0,2349.24,3211.78,0.0
M0152224,N,75,1,5687.31,0,0,1,3445.36,3087.81,0.46
M0152225,N,55,0,3413.22,0,0,0,1069.34,1875.38,0.75
M0152226,N,40,0,7082.16,0,2,0,4726.88,5512.16,0.58
M0152227,N,60,0,10454.2,0,2,1,3463.02,10419.01,2.09
M0152228,Y,46,6,308753.17,2,1,2,224096.7,83918.47,5.19
M0152229,N,19,2,8461.38,0,0,1,1373.78,6968.52,0.25
M0152230,N,70,0,2252.75,1,1,0,955.42,1450.26,1.03
M0152231,N,61,2,10284.48,0,1,0,1834.87,7961.15,0.64
M0152232,N,39,2,26049.67,2,1,0,4374.97,18418.25,0.0
M0152233,Y,42,5,379750.62,7,4,6,55507.53,343412.18,8.11
M0152234,Y,53,5,141271.75,4,1,1,42429.03,119539.2,3.93
M0152235,N,58,2,31343.12,0,1,0,2407.46,34322.08,1.22
M0152236,N,51,1,15955.21,0,0,0,1625.8,13286.44,2.35
M0152237,N,23,1,9450.65,1,0,0,5246.43,3336.88,1.49
M0152238,N,57,2,6875.79,1,0,0,2052.66,7688.28,0.17
M0152239,N,38,4,42128.11,2,2,0,11668.02,30109.17,1.94
M0152240,N,42,0,19724.83,0,0,0,2648.06,19783.48,1.17
M0152241,N,73,0,6053.12,1,1,1,3397.7,5483.13,1.05
M0152242,N,69,0,6268.78,0,0,1,849.12,7269.41,0.68
M0152243,N,30,0,9711.87,0,1,0,2344.5,5567.11,0.56
M0152244,N,79,1,41373.97,1,0,0,9094.95,33248.67,0.92
M0152245,N,30,1,43124.39,0,0,0,9441.21,25763.49,1.77
M0152246,N,80,2,7832.2,0,0,0,3171.84,5953.14,3.37
M0152247,N,80,0,2550.74,0,0,1,320.6,3161.38,1.9
M0152248,N,50,1,4501.9,0,1,0,929.22,2695.06,0.0
M0152249,N,65,1,3163.46,1,0,0,1303.04,2833.99,0.0
M0152250,N,18,1,5318.02,0,0,0,1615.21,5661.02,0.97
M0152251,N,25,2,24249.58,0,1,0,12512.12,11956.68,2.77
M0152252,N,54,0,14453.8,0,1,0,1740.38,12219.86,2.32
M0152253,N,52,1,6008.45,1,0,0,1388.01,6716.3,0.51
M0152254,N,55,1,5368.81,0,0,0,2272.71,4993.97,0.47
M0152255,N,44,2,11636.26,0,0,0,14934.29,3228.92,0.93
M0152256,N,71,0,8499.84,0,1,0,6947.41,2983.83,1.48
M0152257,N,55,2,9469.45,0,0,0,4788.46,8095.74,0.32
M0152258,N,38,0,12536.44,0,2,2,4614.82,5586.59,0.63
M0152259,N,56,0,3871.81,0,0,0,1544.77,4934.55,0.28
M0152260,N,50,2,10438.09,0,1,0,6232.79,9342.91,1.5
M0152261,N,19,1,3946.05,0,0,0,1912.11,5243.71,1.45
M0152262,Y,39,2,118468.5,2,2,3,62635.63,93843.04,2.0
M0152263,N,37,1,6141.31,2,0,0,1072.82,7062.76,1.12
M0152264,N,65,0,11303.05,0,0,0,1255.48,7664.15,0.42
M0152265,N,72,1,15892.54,0,2,1,5124.91,7428.7,0.32
M0152266,N,33,1,42005.9,1,0,0,13751.12,20081.35,1.58
M0152267,N,22,1,16155.61,0,1,0,1855.35,25368.99,1.01
M0152268,N,34,2,5796.13,0,0,0,1261.1,3276.11,1.13
M0152269,N,75,0,8800.78,0,1,2,2336.87,5215.36,0.0
M0152270,N,33,0,11894.08,0,0,0,9318.47,6680.54,1.91
M0152271,N,35,1,103467.58,0,1,1,6224.15,80028.3,3.27
M0152272,N,29,1,14195.92,1,0,0,1879.62,9549.82,1.22
M0152273,N,52,1,44128.04,0,1,0,1311.07,38737.59,1.41
M0152274,N,70,1,11474.4,0,2,0,1413.29,10593.59,0.43
M0152275,N,58,1,9295.25,0,0,1,3254.64,4169.23,1.26
M0152276,N,19,2,37534.41,1,1,0,21015.53,15072.48,1.96
M0152277,N,59,0,8719.59,0,1,1,2822.57,5034.12,1.86
M0152278,N,52,2,11405.44,1,1,1,4038.45,15152.62,1.69
M0152279,N,60,0,12930.71,0,1,0,7034.4,4888.94,0.66
M0152280,Y,39,6,200775.99,3,4,1,40946.03,183577.32,3.89
M0152281,N,61,1,10297.88,0,0,0,6381.14,6418.95,1.94
M0152282,N,26,1,24335.57,0,0,0,2605.06,22151.26,1.11
M0152283,N,30,1,9727.43,0,2,1,471.15,7428.29,0.49
M0152284,N,47,3,5147.58,0,3,0,3692.09,4693.14,2.28
M0152285,N,31,1,1609.32,0,1,1,790.92,1449.16,0.79
M0152286,N,58,1,5044.93,0,1,0,1684.07,3885.02,1.69
M0152287,N,33,0,6784.63,0,2,0,6398.9,3357.28,0.42
M0152288,N,47,3,19308.51,2,2,0,1973.11,21613.75,2.88
M0152289,N,28,3,12277.54,0,0,0,7038.42,10689.14,1.13
M0152290,N,26,1,7250.8,0,1,1,2449.96,6515.73,0.0
M0152291,N,59,1,12311.33,0,0,0,8911.34,8968.44,0.0
M0152292,Y,70,2,222943.66,2,2,5,55804.46,145319.54,4.53
M0152293,N,64,4,9487.3,0,1,0,4428.54,6208.42,2.37
M0152294,N,49,0,2885.25,0,0,0,1168.88,1116.65,1.28
M0152295,N,70,0,7094.77,1,0,0,2407.04,8789.18,0.79
M0152296,Y,47,9,196185.56,5,2,1,156565.79,114929.91,4.64
M0152297,N,75,2,11405.04,0,1,1,1202.09,10960.64,1.97
M0152298,N,19,1,12539.42,0,1,0,1520.08,14860.5,2.34
M0152299,N,74,0,23790.91,0,0,0,16279.07,20124.83,2.14
M0152300,N,61,0,9894.65,0,0,0,1475.28,9713.12,0.96
M0152301,N,31,0,5684.19,0,0,0,825.56,7044.29,0.0
M0152302,N,45,1,14628.87,0,0,1,5190.09,10173.25,0.68
M0152303,Y,62,5,183526.09,1,2,5,47665.19,129937.98,2.04
M0152304,N,69,0,24859.23,1,1,1,6225.09,17426.33,0.97
M0152305,N,72,0,6784.46,0,1,0,1205.78,7020.99,1.53
M0152306,N,22,3,27774.94,2,2,1,1647.46,36359.38,1.98
M0152307,Y,84,4,268785.25,5,5,2,104047.01,121545.9,3.6
M0152308,N,22,1,5503.56,0,0,0,1184.05,3843.58,0.54
M0152309,N,22,0,25132.07,0,1,0,7595.73,18279.35,1.52
M0152310,N,52,2,17876.38,0,1,0,4087.83,15263.47,0.95
M0152311,N,42,0,8274.34,0,0,0,3007.84,4593.19,0.9
M0152312,N,48,0,11573.64,1,0,0,3758.74,6606.28,1.63
M0152313,N,67,1,27842.2,0,1,1,4364.52,20897.76,1.58
M0152314,N,55,0,11962.56,0,0,0,6379.09,4656.71,1.81
M0152315,N,64,2,12197.92,0,1,0,2020.63,8053.19,0.9
M0152316,N,76,4,12422.9,0,0,0,5493.43,8065.87,2.21
M0152317,N,26,0,5139.18,0,0,0,849.18,3254.95,0.77
M0152318,N,25,1,9926.03,1,0,0,2882.42,4984.83,0.0
M0152319,N,79,1,8035.84,0,0,1,2238.42,4329.64,0.58
M0152320,N,64,2,15697.05,0,4,1,5682.3,13530.59,3.62
M0152321,N,65,0,11557.36,0,1,0,4218.95,5050.45,1.71
M0152322,N,27,1,9952.17,0,1,0,3964.9,7248.22,0.0
M0152323,N,56,0,22988.9,0,1,0,2598.93,23696.55,0.05
M0152324,N,33,1,2887.97,0,0,0,1230.55,1944.12,0.91
M0152325,N,38,2,9510.03,0,0,1,3516.0,10216.59,1.57
M0152326,N,55,0,2348.61,0,2,0,322.9,3433.08,0.0
M0152327,N,80,0,3918.91,0,0,1,1215.95,3645.66,1.81
M0152328,N,26,1,4519.13,0,2,0,1033.36,4383.23,0.0
M0152329,N,45,1,28366.15,0,0,0,4207.27,31965.42,2.02
M0152330,N,74,0,6638.7,0,0,2,1897.17,8476.46,0.02
M0152331,N,29,2,24689.85,0,1,0,9652.86,24442.65,1.43
M0152332,N,67,2,7424.11,0,0,1,1794.32,10130.21,1.44
M0152333,Y,50,6,593371.18,3,2,7,271238.17,391372.47,7.8
M0152334,N,34,1,13888.54,1,1,0,4528.15,12433.12,1.12
M0152335,N,49,1,19840.7,0,0,0,2950.44,17407.68,2.23
M0152336,N,53,1,1493.06,0,0,0,305.56,2045.55,0.75
M0152337,N,67,1,6751.46,0,2,0,3524.59,5311.69,0.82
M0152338,N,56,0,8372.76,1,0,0,737.36,6909.42,0.77
M0152339,N,72,2,9013.21,0,0,2,2240.41,5423.74,0.45
M0152340,N,56,2,8172.51,0,0,0,2999.63,9969.25,2.62
M0152341,N,57,1,9915.67,1,1,0,8718.4,3837.27,0.67
M0152342,N,44,2,13771.41,0,0,0,4098.27,7356.58,2.2
M0152343,N,73,0,5203.84,0,0,1,941.0,4546.98,1.47
M0152344,N,26,1,27575.09,1,1,1,5735.49,20144.24,1.49
M0152345,N,67,2,3995.42,0,1,1,642.25,2595.71,1.12
M0152346,N,33,1,11144.39,0,1,0,2313.33,7119.67,1.68
M0152347,N,36,0,10365.19,0,1,2,2685.2,9328.76,1.5
M0152348,N,27,0,4998.07,0,0,0,1022.09,5374.76,0.46
M0152349,N,37,0,14359.71,0,1,0,1750.27,10311.38,0.47
M0152350,N,40,1,11529.23,0,1,0,3114.89,9152.63,0.79
M0152351,N,64,3,1554.91,0,0,0,989.52,1352.56,1.31
M0152352,N,21,1,30091.25,0,1,1,13908.99,12014.09,2.07
M0152353,N,63,1,5886.81,0,0,1,191.19,6093.59,0.63
M0152354,Y,57,4,331562.71,3,3,4,122492.22,158141.61,6.04
M0152355,N,60,0,11941.72,0,0,0,1507.7,12602.11,1.22
M0152356,N,71,2,9040.37,0,1,0,6813.06,4510.24,2.31
M0152357,N,33,0,8779.4,0,0,0,2556.89,10687.94,1.31
M0152358,N,70,2,5324.44,0,1,0,1542.65,7768.31,0.36
M0152359,N,21,0,7300.25,0,2,0,4234.23,6175.77,0.1
M0152360,N,55,1,10829.08,0,0,0,4679.81,6791.92,2.17
M0152361,N,18,2,22444.03,0,2,1,3670.73,30739.8,1.45
M0152362,N,48,0,13452.73,1,0,2,2493.84,9709.75,0.0
M0152363,N,74,1,17452.16,0,0,0,6836.0,12923.31,2.45
M0152364,N,24,1,7562.42,0,0,0,2771.63,6294.32,1.5
M0152365,N,25,1,13062.07,0,0,0,2748.59,8106.05,0.71
M0152366,N,64,0,4760.08,0,0,0,2358.95,3764.95,0.47
M0152367,N,78,0,6148.32,0,0,0,956.39,6845.96,1.7
M0152368,N,20,0,4339.29,0,0,0,505.54,5499.64,0.58
M0152369,N,57,0,11045.98,1,1,1,1730.16,7388.25,2.05
M0152370,N,26,0,9075.74,2,1,0,5277.47,6896.09,0.88
M0152371,Y,46,6,207512.65,4,1,1,72020.65,133106.21,3.6
M0152372,N,62,1,9201.59,0,0,0,9119.3,5763.41,0.7
M0152373,N,28,1,7429.69,1,0,0,1614.44,8006.36,1.24
M0152374,N,69,1,31847.57,0,2,1,7321.34,21713.44,0.0
M0152375,N,40,0,11251.13,0,1,0,753.18,10875.99,0.0
M0152376,N,53,0,7781.2,0,1,2,2277.32,4190.9,0.91
M0152377,N,21,0,7653.91,0,2,0,1704.13,4313.1,1.31
M0152378,N,20,2,5864.41,0,0,0,2341.99,8208.52,2.21
M0152379,N,35,0,8983.34,0,0,0,3542.62,6012.27,0.0
M0152380,Y,73,4,182254.76,2,5,6,26616.44,125765.69,3.93
M0152381,N,75,1,9926.7,0,2,0,1834.59,7338.88,1.78
M0152382,N,19,0,15283.71,0,0,2,9002.02,16262.34,0.53
M0152383,N,22,1,11942.93,0,1,0,2397.89,10562.46,1.27
M0152384,N,61,0,9722.32,1,1,0,1984.89,7070.53,1.02
M0152385,N,70,2,6927.94,0,1,1,6159.61,6131.01,2.94
M0152386,N,35,1,2905.97,0,1,0,759.28,4064.68,0.81
M0152387,N,47,1,13268.25,0,0,0,1984.31,12067.68,0.57
M0152388,N,37,0,13357.15,0,1,0,11856.17,8416.0,1.86
M0152389,N,41,2,5831.61,1,0,2,4360.27,3091.0,2.74
M0152390,N,24,0,4304.28,0,1,0,1570.27,3239.32,0.76
M0152391,N,50,0,5875.59,0,1,0,1497.64,7841.67,0.0
M0152392,N,51,0,13467.12,0,0,0,1421.74,11401.16,0.56
M0152393,N,69,1,6675.03,1,0,1,890.36,8720.61,1.82
M0152394,N,48,0,11746.05,0,0,0,6685.09,9446.4,1.13
M0152395,Y,86,5,140839.16,2,6,1,64011.09,95417.05,4.61
M0152396,N,19,0,8747.62,0,0,0,2181.07,5492.12,0.71
M0152397,N,22,3,7998.93,1,1,1,4808.01,6600.74,1.94
M0152398,N,61,0,6970.3,0,0,0,2170.41,5838.77,1.3
M0152399,N,29,3,13368.85,0,0,0,3263.32,10262.53,1.34
M0152400,Y,72,5,161871.23,3,2,1,67305.67,77250.41,3.4
M0152401,N,70,0,26636.32,0,1,0,6732.84,18628.17,1.74
M0152402,N,20,0,19379.34,1,0,1,900.77,18834.98,2.62
M0152403,N,45,3,10535.63,0,1,0,1975.4,6300.04,0.99
M0152404,N,18,0,21303.96,0,1,0,4556.7,12279.07,0.0
M0152405,N,41,0,6185.0,0,0,0,1063.65,7238.19,1.75
M0152406,N,37,2,14609.95,0,1,0,14382.22,9334.57,2.16
M0152407,N,54,0,12419.11,0,0,0,1458.72,14944.75,0.0
M0152408,N,24,1,4806.89,0,1,0,2106.94,3825.0,0.13
M0152409,N,80,0,5286.89,0,2,1,4494.09,3544.45,0.0
M0152410,N,35,1,8811.81,1,0,0,4088.89,4495.62,0.0
M0152411,N,26,1,15016.21,1,0,0,8219.24,10675.35,0.26
M0152412,N,37,0,7548.4,0,0,0,227.84,12333.0,0.74
M0152413,N,60,2,23392.95,0,1,1,8439.93,26365.33,1.76
M0152414,N,21,0,5130.06,0,1,1,2025.15,3003.32,0.47
M0152415,N,38,1,27354.41,0,1,0,5384.42,16202.67,2.34
M0152416,N,63,0,10830.16,0,0,1,2798.53,11226.4,0.57
M0152417,N,63,0,8016.11,0,1,0,1360.06,9475.0,0.0
M0152418,N,61,1,10137.79,0,0,0,4900.73,7058.17,0.77
M0152419,N,58,1,14818.53,0,0,0,6658.75,6990.03,1.52
M0152420,N,79,1,10253.88,0,1,1,2145.71,6123.01,0.31
M0152421,N,39,0,5272.55,0,0,0,2430.48,2859.16,1.32
M0152422,N,61,0,7044.96,1,2,0,4278.54,5079.88,1.64
M0152423,N,18,1,21863.61,0,0,0,1830.49,31831.31,0.87
M0152424,N,32,0,16400.25,0,0,2,1560.91,12078.59,0.93
M0152425,N,60,1,10244.12,0,1,0,2584.75,7995.12,0.0
M0152426,N,61,1,18077.02,0,1,0,9698.08,6534.88,1.03
M0152427,N,31,0,56555.43,0,4,0,8569.79,36960.28,2.43
M0152428,Y,84,4,429024.55,6,7,6,39936.87,370891.74,6.13
M0152429,N,37,0,4724.0,0,0,0,2310.71,5073.47,1.42
M0152430,N,49,0,9850.85,0,0,0,1231.1,6986.99,0.0
M0152431,N,46,0,21798.94,0,2,0,4178.05,15233.75,1.95
M0152432,N,22,0,7184.16,0,1,0,3700.0,5571.45,0.74
M0152433,N,70,2,26158.44,0,1,0,5509.97,20994.23,1.43
M0152434,N,79,1,3652.2,0,1,0,1021.75,4634.8,0.78
M0152435,N,75,2,14452.92,0,3,0,3509.46,12065.33,3.12
M0152436,N,60,0,12371.07,0,0,0,7886.69,5830.4,1.32
M0152437,N,42,1,4505.39,0,1,0,2007.23,2321.88,1.45
M0152438,N,52,1,5391.43,0,0,0,1219.17,4533.39,0.0
M0152439,N,70,0,9535.95,0,0,0,10367.19,2740.64,1.11
M0152440,N,51,1,9496.99,0,3,1,3761.81,12857.2,1.16
M0152441,N,57,4,6763.41,0,1,0,4981.11,3759.32,0.0
M0152442,N,75,0,6693.54,0,1,0,4851.51,2794.22,0.0
M0152443,N,69,2,17541.58,0,2,1,6622.74,22315.25,1.98
M0152444,N,51,0,8391.86,0,0,0,8068.56,7053.94,1.63
M0152445,N,32,2,12590.61,1,1,0,7856.45,7528.74,0.0
M0152446,N,28,2,5839.44,0,1,0,2245.15,7336.67,1.32
M0152447,N,44,3,11837.54,0,0,0,5684.18,12357.95,1.25
M0152448,N,44,3,9405.51,0,2,0,3576.65,12017.86,1.59
M0152449,N,31,1,9280.07,0,2,0,3898.26,3377.66,0.72
M0152450,N,65,0,16958.53,0,0,0,1733.77,11882.37,0.96
M0152451,N,37,2,18301.15,1,2,0,3898.2,10861.71,1.27
M0152452,N,71,0,12730.29,0,0,0,7764.93,4653.22,0.0
M0152453,N,77,1,6196.03,0,0,0,1152.82,5234.16,1.85
M0152454,N,54,0,3894.55,1,1,2,1041.24,2010.09,1.13
M0152455,N,64,0,4165.7,0,0,0,4321.63,2585.32,1.15
M0152456,N,37,0,2457.11,0,0,0,2248.94,781.95,2.03
M0152457,N,47,0,8144.42,0,0,0,3789.59,6709.68,0.9
M0152458,N,49,1,23450.9,0,1,0,5189.24,13319.36,1.78
M0152459,N,62,0,29036.64,0,1,0,1009.98,25051.49,0.0
M0152460,N,58,2,10531.94,1,0,1,3368.88,9822.47,1.7
M0152461,N,28,0,13418.57,0,0,1,18539.68,2956.72,1.31
M0152462,N,68,0,11505.37,0,0,0,1546.88,8399.0,1.74
M0152463,N,54,1,13469.17,0,1,0,5438.84,7601.34,1.36
M0152464,N,67,1,17496.31,0,1,0,4321.4,14883.18,1.44
M0152465,N,78,1,12587.33,0,0,0,6844.84,12006.6,2.5
M0152466,N,50,0,3868.02,0,0,0,1600.59,5226.08,1.33
M0152467,N,66,3,16838.79,0,0,1,4051.33,15103.64,1.88
M0152468,Y,75,6,177441.09,4,2,1,77369.03,116448.37,3.2
M0152469,N,35,0,11695.74,0,0,0,8500.42,2790.66,1.23
M0152470,N,67,0,15791.03,0,0,0,5454.66,10311.82,0.77
M0152471,N,22,0,11446.25,0,3,0,2816.33,9413.2,1.46
M0152472,N,33,0,5338.31,1,0,0,1651.95,4284.62,0.68
M0152473,N,80,0,23212.12,0,1,0,13964.49,4386.45,0.0
M0152474,N,32,1,8932.17,0,1,0,2986.83,11385.53,2.19
M0152475,N,30,1,8080.34,0,0,0,685.57,7160.58,1.29
M0152476,N,30,3,12689.9,0,1,0,4800.78,6834.2,1.68
M0152477,N,18,0,8693.19,0,0,0,3440.63,5355.51,0.77
M0152478,N,30,2,7443.73,0,0,0,932.91,6721.23,1.08
M0152479,N,29,2,12445.42,0,1,1,2544.49,19528.77,0.59
M0152480,N,73,2,6287.56,0,0,0,3302.74,4989.18,0.62
M0152481,N,54,2,4623.43,1,2,1,2782.52,5109.31,1.46
M0152482,N,75,1,11685.31,0,0,1,4742.61,8273.41,1.51
M0152483,N,41,0,4322.68,0,0,1,2509.5,3645.27,1.49
M0152484,N,77,1,19849.56,0,2,1,13919.49,14198.02,2.38
M0152485,N,29,1,12660.31,1,0,1,3838.36,15626.69,1.72
M0152486,N,33,1,10588.9,1,1,0,3728.42,7693.91,0.02
M0152487,N,48,0,5735.57,0,2,0,1969.18,2737.11,0.52
M0152488,N,50,0,5189.69,0,0,0,1664.74,7470.85,0.64
M0152489,N,18,1,5902.7,0,0,0,2179.53,7078.99,0.67
M0152490,N,79,1,11761.34,0,0,0,820.3,10675.54,0.32
M0152491,N,33,0,17215.17,1,0,0,6599.68,23145.29,1.11
M0152492,N,52,0,5938.06,0,1,0,1845.15,7104.71,0.94
M0152493,N,71,0,14440.01,0,2,0,9128.72,14801.19,2.06
M0152494,Y,71,8,322498.72,3,7,5,122131.13,235796.86,6.62
M0152495,N,44,1,9507.38,0,0,0,1717.51,7068.08,1.68
M0152496,N,74,5,16600.73,0,2,1,4864.53,15363.76,1.31
M0152497,N,43,1,17065.28,0,0,0,5610.2,23635.53,2.11
M0152498,N,72,2,14427.18,0,1,1,4523.02,15700.62,1.33
M0152499,N,64,0,5777.28,1,0,0,1664.5,5520.96,1.16
M0152500,Y,76,5,163407.31,3,4,5,73744.14,71725.11,6.42
M0152501,N,47,2,10302.3,0,0,0,5572.61,8910.29,0.98
M0152502,N,45,1,7370.67,1,1,0,6689.83,6298.52,0.59
M0152503,N,28,2,2715.22,1,1,0,1769.26,2520.54,0.17
M0152504,N,47,2,13431.37,0,0,0,1419.1,9667.21,2.13
M0152505,Y,74,6,576332.59,4,5,7,85717.94,412007.83,6.07
M0152506,N,44,0,8356.2,1,0,0,741.3,10834.46,1.52
M0152507,N,70,0,5528.48,0,0,0,876.88,4579.61,1.15
M0152508,N,23,1,5805.46,0,0,0,3093.94,3201.4,1.29
M0152509,N,21,1,16657.02,0,0,0,1913.26,11238.56,1.97
M0152510,N,79,0,9206.23,0,0,0,2023.23,9193.64,0.0
M0152511,Y,74,5,145343.01,1,1,1,75839.77,112606.43,3.54
M0152512,N,57,0,5833.19,0,1,0,3312.53,3859.7,0.84
M0152513,N,71,2,11654.01,0,1,1,3075.18,8959.66,1.25
M0152514,N,39,1,12122.78,0,0,1,1359.9,9741.74,0.0
M0152515,N,69,0,15968.05,0,1,2,1836.98,12158.75,0.51
M0152516,N,18,2,44187.88,0,1,2,26306.52,8404.52,2.32
M0152517,N,54,1,7225.33,0,0,0,1245.96,7063.54,0.0
M0152518,N,42,2,6460.39,0,0,0,2480.23,6950.12,0.0
M0152519,N,20,2,30768.43,1,1,1,5377.54,22408.87,2.91
M0152520,N,27,2,21913.15,0,1,0,14019.17,3245.42,0.62
M0152521,N,37,0,19030.35,0,1,0,8200.16,6758.32,2.08
M0152522,N,24,1,11105.86,0,1,0,8190.82,4738.36,1.19
M0152523,N,49,3,19106.79,0,1,0,1450.34,17741.82,1.34
M0152524,N,28,1,6081.01,0,0,0,1237.65,5588.16,1.1
M0152525,N,36,0,1768.26,0,1,0,2253.01,784.84,0.36
M0152526,N,48,1,8047.81,0,0,1,2352.93,6735.32,0.12
M0152527,N,73,1,18192.39,0,0,1,865.32,15490.0,1.66
M0152528,N,24,0,13598.04,1,0,0,2860.01,8086.34,1.69
M0152529,N,60,1,16343.92,0,1,0,3118.13,12220.38,0.59
M0152530,N,80,1,20877.79,0,2,0,7367.8,15351.06,2.16
M0152531,N,38,0,7980.49,0,3,0,793.01,9776.87,1.91
M0152532,N,26,1,3763.36,0,0,0,1515.05,2410.9,0.92
M0152533,N,61,0,18793.64,1,2,1,1464.71,21820.59,0.0
M0152534,N,43,1,3478.83,0,1,0,2737.48,3439.03,1.74
M0152535,N,24,0,9331.51,1,0,0,4682.64,5023.49,1.1
M0152536,N,36,2,12254.82,2,1,0,6195.55,13148.08,1.7
M0152537,N,68,1,7340.19,0,0,0,2431.04,5546.58,0.0
M0152538,N,67,1,14567.99,1,1,0,5147.77,11040.98,1.91
M0152539,N,39,1,26568.38,0,2,1,21627.47,8174.67,2.07
M0152540,N,80,0,23671.52,0,0,2,2057.12,20735.54,0.65
M0152541,N,63,1,18239.77,0,0,1,3054.18,13189.23,0.63
M0152542,N,41,2,7532.37,0,0,0,1905.82,7402.31,1.18
M0152543,N,73,1,4723.72,0,0,0,1739.34,2057.45,0.44
M0152544,N,72,0,9294.25,1,2,0,5019.91,9918.77,1.97
M0152545,N,56,0,16480.13,0,2,0,8428.41,12115.55,2.02
M0152546,N,68,1,7183.12,2,1,0,3909.5,4847.09,1.55
M0152547,N,66,2,4655.5,0,1,0,2214.06,6029.22,1.18
M0152548,N,21,1,13917.49,0,1,1,4073.11,7857.07,2.49
M0152549,N,70,1,14505.2,0,0,1,10524.52,6153.73,2.16
M0152550,N,19,3,22588.7,0,2,0,4528.11,16486.81,3.89
M0152551,N,29,0,6789.55,0,0,0,1351.47,6582.79,0.75
M0152552,N,35,1,26461.92,0,0,2,12956.17,33246.9,1.32
M0152553,Y,62,4,463146.92,4,6,4,148977.22,313407.8,6.46
M0152554,N,37,0,22942.73,1,2,0,2897.76,16177.29,2.03
M0152555,N,72,0,15597.69,0,1,0,3379.75,22233.99,1.5
M0152556,N,68,0,18882.56,1,2,0,7993.54,8371.17,2.3
M0152557,N,75,2,25896.54,0,0,0,14492.93,5742.69,1.2
M0152558,N,62,1,10597.47,0,0,0,1924.61,9472.23,1.3
M0152559,N,64,2,22804.22,1,2,2,10951.91,15738.83,2.25
M0152560,N,25,3,13498.31,1,0,1,1410.24,14016.91,0.69
M0152561,N,22,2,11787.83,1,0,0,2885.02,13062.52,0.93
M0152562,N,24,2,17372.06,0,1,1,14773.7,13682.23,2.01
M0152563,N,18,2,2298.5,0,0,0,1012.92,2312.11,1.38
M0152564,N,77,0,15859.35,0,2,0,1262.67,11573.06,1.27
M0152565,N,37,0,6960.0,0,2,1,900.84,7157.97,0.61
M0152566,N,43,1,10501.53,0,1,0,1358.04,8452.69,0.0
M0152567,N,41,1,13506.54,0,0,0,2386.26,13360.32,1.12
M0152568,N,59,1,17477.16,1,1,0,2035.24,21460.54,0.6
M0152569,N,51,1,4564.08,1,1,0,1826.07,6080.39,1.05
M0152570,N,32,1,19064.26,1,0,1,5226.7,13885.89,1.42
M0152571,N,57,1,24022.97,2,0,0,16487.85,8211.25,1.36
M0152572,N,18,3,22041.78,1,2,1,7631.65,10607.95,1.69
M0152573,N,55,1,10361.02,0,2,0,3925.73,6648.33,1.17
M0152574,N,50,0,12608.39,0,1,1,750.3,11044.99,1.32
M0152575,N,41,4,26511.65,1,3,2,21407.12,21715.32,0.77
M0152576,N,52,3,25248.07,0,1,0,7404.5,17851.81,2.08
M0152577,N,38,2,20521.29,0,1,1,8147.49,9869.07,1.41
M0152578,N,75,0,22190.67,1,0,0,5658.56,33704.83,1.69
M0152579,N,51,0,15143.31,0,0,0,2896.24,9098.84,0.71
M0152580,N,63,1,10489.25,0,0,0,3535.57,11070.57,0.98
M0152581,N,66,1,17609.81,0,1,0,6575.23,7568.44,0.75
M0152582,N,68,1,8369.85,0,1,0,2792.16,4975.69,1.02
M0152583,N,52,1,10809.36,0,1,0,3647.38,11088.7,1.99
M0152584,N,72,0,19622.21,0,1,0,3210.69,15644.61,1.96
M0152585,N,32,1,14063.25,0,0,0,4432.98,6825.12,2.01
M0152586,N,44,2,20868.77,0,2,0,6979.06,11360.65,1.75
M0152587,N,78,1,38474.38,0,0,2,4583.63,45089.82,1.38
M0152588,N,23,3,22195.35,0,2,0,9856.87,8148.23,2.32
M0152589,N,62,0,6520.85,0,2,0,1978.26,5385.77,1.33
M0152590,N,25,0,3658.8,0,0,0,1109.7,2665.51,0.0
M0152591,N,44,1,5508.56,0,0,1,2049.44,4415.68,2.76
M0152592,N,69,0,12131.43,0,1,0,4077.25,6802.73,0.71
M0152593,N,18,1,47890.6,0,2,2,7076.79,32047.67,1.47
M0152594,N,56,2,12828.19,0,0,0,3737.11,18449.9,2.94
M0152595,N,23,2,12457.87,0,1,0,2614.71,12578.5,1.44
M0152596,N,26,1,19353.83,1,0,0,5129.37,11514.2,1.38
M0152597,N,42,1,20674.32,1,0,0,6336.79,19568.72,0.82
M0152598,N,77,0,56951.93,0,2,2,1081.8,44048.25,2.25
M0152599,N,70,1,12839.27,0,0,0,1492.15,9058.63,0.36
M0152600,N,76,4,10932.19,0,4,0,5158.6,7547.07,1.02
M0152601,N,28,2,7055.85,0,0,0,2880.71,7177.75,2.03
M0152602,N,55,1,21790.52,0,0,2,10564.39,16969.2,0.92
M0152603,N,37,0,16487.37,0,0,0,2760.03,12333.04,1.64
M0152604,N,73,0,3383.85,0,0,0,1904.56,3796.39,0.12
M0152605,N,41,2,28499.79,0,1,0,5962.42,20683.81,4.09
M0152606,N,62,1,31124.43,1,2,0,16406.55,17657.91,2.6
M0152607,N,70,0,17014.67,0,0,0,3603.07,11432.09,0.0
M0152608,N,19,0,4107.0,0,1,0,1577.43,4627.73,1.02
M0152609,Y,69,5,212648.51,1,3,2,56397.02,192498.89,4.9
M0152610,N,74,0,14743.1,0,1,1,6912.01,9818.1,1.75
M0152611,N,63,2,13653.06,0,1,0,5285.01,9737.71,2.24
M0152612,N,31,0,5579.56,0,1,0,867.64,5681.08,0.08
M0152613,N,46,1,5745.34,0,0,0,1290.84,4555.3,0.0
M0152614,N,78,2,5310.73,1,0,0,3507.64,3766.49,0.89
M0152615,N,79,0,1572.88,0,0,1,1202.84,1633.24,0.11
M0152616,N,28,1,6648.5,1,0,0,981.64,7449.66,1.81
M0152617,N,76,1,23094.84,0,2,0,9438.16,10754.16,1.04
M0152618,N,20,0,3585.32,1,1,0,1215.74,1753.21,0.0
M0152619,N,29,1,17111.46,1,0,1,3500.96,24400.41,1.02
M0152620,N,28,2,8811.16,0,0,0,1004.49,7934.33,0.0
M0152621,N,50,0,6093.75,0,0,2,5469.53,2708.22,1.13
M0152622,N,22,1,4236.99,0,0,0,3968.77,3515.45,1.07
M0152623,N,22,0,11548.01,1,1,0,3403.91,6231.45,1.48
M0152624,N,45,1,2665.5,0,0,0,1172.16,1980.32,0.54
M0152625,N,38,2,45676.68,0,1,0,31134.02,19901.35,1.35
M0152626,N,33,0,3548.13,0,0,0,2226.41,935.0,0.07
M0152627,N,51,0,6930.78,0,0,0,3978.41,2008.33,1.2
M0152628,N,77,0,8774.17,0,0,0,1015.16,10429.01,1.01
M0152629,N,27,0,11169.52,0,1,0,2895.99,9582.14,1.26
M0152630,N,38,1,16024.19,1,1,0,3746.88,20248.06,2.68
M0152631,N,23,0,16786.39,0,1,1,5387.69,11175.8,0.86
M0152632,N,79,2,23055.57,0,0,0,2154.76,21614.63,2.62
M0152633,N,68,3,6716.69,0,0,0,1525.46,7569.89,1.21
M0152634,N,50,0,16116.45,1,1,1,1821.53,15609.64,1.15
M0152635,N,31,0,16492.22,0,1,2,6755.11,10054.63,0.81
M0152636,N,28,0,19934.79,0,0,0,3417.59,12463.98,0.27
M0152637,N,64,1,8842.33,1,0,0,2606.14,11328.07,1.54
M0152638,N,30,0,2446.3,0,0,0,934.3,1570.87,0.78
M0152639,N,53,2,11318.41,1,1,1,7528.58,9166.7,2.85
M0152640,N,36,0,7414.43,0,0,2,4114.24,4078.93,0.79
M0152641,N,43,2,9754.53,0,0,0,7156.95,1996.58,0.0
M0152642,N,54,1,10192.79,0,1,0,1845.73,7737.2,0.75
M0152643,N,37,3,15604.87,0,0,0,10303.89,11615.72,1.43
M0152644,N,52,0,5354.0,0,0,0,1038.33,3955.95,0.03
M0152645,N,45,0,16891.37,1,0,0,1759.3,13454.87,0.0
M0152646,N,25,0,7475.89,0,3,0,4615.0,8027.68,0.31
M0152647,N,40,2,49560.0,1,1,0,10178.37,35337.75,3.02
M0152648,N,18,0,9885.22,0,0,0,4009.25,8440.16,2.19
M0152649,N,30,2,8185.3,0,2,0,2356.27,5970.72,1.49
M0152650,N,20,1,8801.35,0,0,0,5965.03,6043.22,1.36
M0152651,N,30,0,25255.61,0,0,2,20423.4,9097.72,1.08
M0152652,N,61,2,2844.13,0,2,0,546.23,4279.72,1.84
M0152653,N,49,1,31483.29,1,1,0,4923.31,28248.97,1.75
M0152654,N,77,0,9535.74,0,0,0,1377.84,12632.62,1.58
M0152655,N,38,1,6449.87,1,0,0,2434.56,6160.99,0.82
M0152656,N,75,1,3142.43,0,0,0,833.63,4006.77,0.43
M0152657,N,80,0,8239.08,0,0,0,3990.13,5693.65,0.63
M0152658,N,58,0,11798.04,0,0,1,10332.23,9368.5,0.95
M0152659,N,73,0,7718.11,0,0,0,3747.49,5425.78,1.56
M0152660,N,57,2,18782.32,0,0,0,2378.5,16117.1,2.54
M0152661,Y,57,5,150711.56,3,6,6,43438.91,152144.22,4.78
M0152662,N,42,2,49377.1,0,1,0,25547.1,17726.92,1.61
M0152663,N,31,1,24735.03,0,1,0,1135.54,20039.38,0.43
M0152664,N,74,1,26130.75,0,2,1,6238.88,29283.68,2.0
M0152665,N,48,1,8887.37,0,1,0,2212.18,8368.99,0.86
M0152666,N,48,0,5948.45,0,1,0,2668.39,4305.96,0.0
M0152667,N,50,0,8843.24,0,0,0,4746.23,3100.57,1.48
M0152668,N,46,1,7811.2,0,0,1,1715.39,7197.09,0.0
M0152669,N,51,1,16160.24,0,1,0,2712.26,12695.0,0.59
M0152670,N,51,1,14149.74,0,0,0,6201.88,7088.78,0.62
M0152671,N,56,1,21356.89,0,2,0,2751.26,15989.97,1.57
M0152672,N,77,1,10011.58,1,2,0,2869.22,15101.79,0.97
M0152673,N,20,0,10598.82,0,0,0,2434.99,6333.6,0.71
M0152674,N,64,0,8959.88,0,1,0,2960.32,6150.24,0.9
M0152675,N,42,2,10961.79,1,2,0,7279.58,10642.71,1.15
M0152676,N,77,1,13319.62,0,0,0,7110.58,15053.73,0.87
M0152677,N,77,2,9713.62,0,0,0,3506.91,4638.31,1.28
M0152678,N,32,0,2041.45,0,1,0,642.29,1905.75,0.39
M0152679,N,59,1,3837.38,0,0,0,877.53,3109.21,0.0
M0152680,N,46,0,6756.81,0,0,1,757.97,5551.31,1.39
M0152681,N,64,1,17473.41,0,0,0,5315.74,13797.0,1.25
M0152682,N,80,1,19528.94,1,0,1,18125.81,12728.54,1.51
M0152683,N,39,0,4261.83,0,1,0,4693.23,2896.75,1.33
M0152684,N,36,0,7440.11,0,0,0,870.78,8129.82,0.37
M0152685,N,80,1,17991.31,1,1,0,1621.46,18620.25,0.32
M0152686,N,52,2,10599.35,1,0,0,4098.35,5906.07,3.69
M0152687,N,36,1,5390.13,0,0,0,6277.7,2568.51,0.9
M0152688,N,76,1,17790.75,0,1,0,5707.76,10242.41,1.12
M0152689,N,42,0,8300.19,1,1,0,3344.2,4561.01,1.01
M0152690,N,25,2,12427.84,0,1,0,4657.03,12916.76,0.92
M0152691,N,58,1,4163.28,0,2,0,779.63,4001.3,0.0
M0152692,N,36,2,29362.8,0,0,2,15294.55,16725.57,1.73
M0152693,N,44,0,5788.94,0,1,1,2569.69,5538.45,1.25
M0152694,N,47,1,21736.75,0,0,1,2279.05,22870.82,1.01
M0152695,N,72,0,5514.13,0,0,0,1914.03,2930.42,0.0
M0152696,Y,40,6,205268.43,4,6,5,80881.4,180788.61,7.26
M0152697,N,35,1,8809.79,0,1,0,2509.23,12703.4,1.14
M0152698,N,29,1,6123.99,0,0,0,1382.81,3448.42,1.09
M0152699,N,44,1,15841.83,0,0,0,4018.21,12705.39,1.63
M0152700,N,62,1,10270.58,0,1,1,3306.89,8610.39,1.42
M0152701,N,29,0,9279.87,1,0,0,2531.26,7637.94,1.6
M0152702,N,62,3,42787.52,0,4,0,24162.73,25170.79,1.79
M0152703,N,60,1,28921.23,0,1,1,4609.8,18246.35,0.77
M0152704,N,66,2,13338.61,0,0,0,6826.23,11881.04,1.1
M0152705,N,40,2,8798.25,0,2,1,1370.08,9625.59,1.67
M0152706,N,19,2,11321.38,0,0,0,2006.32,10922.5,0.39
M0152707,Y,45,7,277157.78,1,2,3,109940.17,221188.31,4.57
M0152708,N,71,2,15581.7,0,0,0,5583.39,7817.73,0.82
M0152709,N,75,3,10292.44,0,0,0,4927.91,8089.67,0.4
M0152710,N,23,1,13126.56,0,0,0,3776.26,14947.89,0.73
M0152711,N,47,2,8761.22,0,0,0,2610.79,5227.93,1.71
M0152712,N,69,1,3748.0,0,0,0,538.3,2985.47,0.68
M0152713,N,46,0,7307.7,0,1,0,1530.72,4486.32,1.8
M0152714,N,18,0,10617.66,0,0,0,3085.12,5365.63,0.28
M0152715,Y,41,6,137240.28,3,2,3,67328.59,111878.55,6.49
M0152716,N,28,0,6581.59,0,1,0,1094.96,4785.49,1.28
M0152717,N,71,1,10457.93,1,1,2,6441.07,4682.95,0.64
M0152718,N,42,0,11636.96,0,1,0,1800.02,19353.28,1.09
M0152719,N,26,0,8514.83,0,0,1,3392.48,7978.19,1.1
M0152720,N,44,2,31504.96,1,2,1,8339.1,19710.89,1.81
M0152721,N,27,2,14432.32,0,1,1,11959.27,4322.81,1.02
M0152722,N,56,0,6011.81,0,0,0,1705.72,5649.48,1.89
M0152723,N,25,1,5840.15,0,1,0,3227.84,3263.65,2.06
M0152724,N,31,0,13145.89,0,0,0,2528.55,18413.16,1.18
M0152725,N,24,0,4563.6,0,1,2,985.77,4607.8,2.25
M0152726,N,24,1,4066.39,0,0,1,2244.82,3457.58,0.98
M0152727,N,55,0,27289.9,2,0,2,4782.84,18717.96,3.57
M0152728,N,45,0,11850.22,0,0,0,4966.43,4693.16,0.88
M0152729,N,50,0,16595.86,1,2,1,1993.86,20610.73,1.06
M0152730,N,53,1,16682.19,0,1,1,12274.29,8889.5,0.48
M0152731,N,60,0,6328.35,0,1,1,5114.32,4557.4,1.01
M0152732,N,20,0,14047.78,0,0,0,1810.83,10458.33,0.68
M0152733,N,21,0,5437.79,1,0,0,2768.5,5030.3,1.85
M0152734,N,31,0,11022.05,0,0,0,2490.13,14124.0,0.36
M0152735,N,50,1,16169.35,0,1,1,2575.3,12274.5,1.22
M0152736,N,32,2,7283.1,0,2,0,1135.25,4612.05,1.62
M0152737,N,61,0,24740.75,0,2,1,8734.97,13690.15,1.11
M0152738,N,46,1,14665.56,0,1,0,1924.37,11631.29,0.77
M0152739,N,54,2,10499.65,0,0,0,8546.03,10107.07,1.04
M0152740,N,61,1,11016.82,0,0,0,6194.78,5973.54,2.11
M0152741,N,64,1,14273.54,0,0,0,601.02,14403.81,1.89
M0152742,N,69,1,7815.19,0,0,0,948.1,5330.85,0.02
M0152743,N,54,0,3933.9,1,1,0,2414.27,4609.17,0.0
M0152744,N,69,0,8624.98,0,2,1,2216.61,7068.92,2.96
M0152745,N,32,3,20395.56,0,1,0,8377.97,8788.89,1.07
M0152746,N,64,1,21173.01,1,0,1,8726.14,19871.24,1.81
M0152747,N,47,2,38709.7,0,1,1,7494.57,23468.35,1.63
M0152748,N,76,1,12308.24,1,2,0,3799.7,13257.25,1.45
M0152749,N,51,1,7367.3,0,0,0,2214.8,6363.48,0.0
M0152750,N,20,1,6102.13,0,0,0,1991.96,6412.2,1.14
M0152751,N,56,1,18244.53,0,0,0,2429.74,12799.64,1.33
M0152752,N,80,0,7568.29,1,1,0,1377.52,6894.98,2.2
M0152753,N,46,1,29973.98,0,1,0,1960.23,22596.18,1.79
M0152754,N,67,0,5483.38,0,0,0,994.1,3843.25,1.53
M0152755,N,18,0,15788.47,0,0,0,3804.39,11824.71,0.06
M0152756,Y,78,6,196770.76,4,3,3,58580.16,198383.6,3.03
M0152757,N,71,0,39305.97,0,0,0,2591.03,32645.67,0.9
M0152758,N,55,2,15877.31,0,1,0,1661.94,14126.1,0.05
M0152759,N,49,0,19027.98,1,1,0,7213.71,11355.57,1.25
M0152760,N,51,1,8556.9,0,1,1,2757.56,11985.3,0.53
M0152761,N,60,1,5369.0,0,1,0,917.55,7106.05,1.41
M0152762,N,80,1,11477.23,1,0,2,8873.61,9484.42,0.72
M0152763,N,34,1,5317.63,0,2,0,2112.75,6170.87,1.34
M0152764,N,42,2,19523.62,0,2,1,6084.31,13415.12,1.01
M0152765,N,54,1,6438.87,1,3,1,3013.24,5525.47,1.48
M0152766,N,49,1,6729.64,0,0,0,1846.19,5797.81,0.0
M0152767,N,59,2,13803.99,0,0,0,21994.27,3087.3,0.0
M0152768,N,37,3,39251.29,2,1,1,15739.47,22105.36,3.65
M0152769,N,24,2,13023.4,0,0,0,10289.68,9150.25,1.82
M0152770,N,34,1,14466.74,1,1,1,2074.75,17465.56,1.82
M0152771,N,78,2,8898.69,0,0,0,6873.65,5301.29,1.76
M0152772,N,25,2,6663.39,1,2,0,1158.52,5367.24,1.34
M0152773,N,64,1,12547.16,1,1,1,4791.73,11407.15,1.81
M0152774,N,59,3,6402.07,0,2,1,3892.95,6392.62,1.2
M0152775,N,69,1,9179.37,0,1,0,3169.33,6941.32,1.73
M0152776,N,40,2,13082.95,0,1,1,1960.13,19566.65,1.36
M0152777,N,21,0,4078.35,0,1,1,2947.55,2411.48,1.22
M0152778,N,64,2,16209.96,0,1,0,6289.12,10347.01,0.66
M0152779,N,20,4,17710.15,0,0,0,13572.38,17833.12,2.35
M0152780,N,20,0,8203.87,1,0,0,3414.24,8698.93,2.31
M0152781,N,61,0,13192.64,0,1,0,5085.41,6205.75,0.42
M0152782,N,30,1,6781.24,0,0,0,6657.58,2054.67,0.0
M0152783,N,19,0,11613.38,0,0,0,2116.48,8719.29,0.99
M0152784,N,30,2,27292.24,1,1,0,10248.3,14490.0,2.52
M0152785,N,65,4,21369.13,2,2,0,7873.89,20318.97,1.19
M0152786,N,72,1,25690.42,0,1,1,11074.82,14488.14,1.27
M0152787,N,50,0,10280.07,0,0,0,1880.65,6153.2,2.28
M0152788,N,77,3,24740.1,0,1,0,3191.56,19227.55,0.81
M0152789,N,69,2,11355.15,0,0,0,994.77,9226.33,1.53
M0152790,N,67,0,27020.82,0,2,0,4883.4,31629.62,2.68
M0152791,N,35,0,14426.17,0,2,0,8937.31,4637.95,2.55
M0152792,N,70,2,20968.95,1,1,0,1796.08,18838.14,2.23
M0152793,N,50,0,19907.96,0,0,0,8934.16,8491.53,0.36
M0152794,N,64,0,10476.62,0,0,0,1546.05,13283.23,0.81
M0152795,N,28,1,9435.51,0,0,1,2494.91,10196.22,0.06
M0152796,N,48,0,11155.75,0,0,0,1858.14,11284.94,1.59
M0152797,N,50,1,7136.8,1,0,0,1696.67,4430.08,2.2
M0152798,N,62,1,80040.11,0,2,1,8772.56,71461.3,2.75
M0152799,N,48,1,3166.42,0,2,0,1146.16,3506.43,1.08
M0152800,N,78,2,5074.24,1,0,0,3236.51,5575.61,1.96
M0152801,N,55,1,10722.32,0,1,0,4087.56,4341.76,2.13
M0152802,N,62,2,12623.69,0,4,0,4348.15,10868.53,0.67
M0152803,N,49,1,27584.04,0,1,0,16086.8,10114.79,2.15
M0152804,N,55,2,10656.55,0,3,0,3007.09,8695.91,1.7
M0152805,N,66,1,12809.7,0,0,0,1812.65,10225.16,0.0
M0152806,N,24,2,8713.3,0,0,1,1771.09,7379.02,0.57
M0152807,N,78,0,19165.94,0,0,0,1978.18,23011.74,0.76
M0152808,N,73,0,9426.15,0,0,1,5198.95,6254.94,1.54
M0152809,N,48,0,70086.41,0,1,0,5871.76,66869.16,1.74
M0152810,N,57,0,4026.72,0,0,1,1410.21,2682.63,1.21
M0152811,N,67,2,11446.04,0,3,1,2752.11,14868.95,2.51
M0152812,N,69,2,6639.51,0,0,1,915.37,7053.21,0.14
M0152813,N,38,2,8993.7,0,0,0,2546.81,11883.82,0.85
M0152814,N,31,0,7845.85,0,0,1,2668.16,5376.13,0.0
M0152815,N,76,1,24556.1,0,2,1,5814.31,14754.5,2.22
M0152816,N,27,1,3969.69,0,0,0,2233.25,2945.28,0.38
M0152817,N,54,1,3153.04,0,0,0,952.79,2043.1,0.0
M0152818,N,63,1,29428.51,0,2,0,8065.18,28248.6,1.61
M0152819,N,79,0,13661.44,0,1,0,2902.17,13715.72,0.26
M0152820,N,19,2,3446.94,0,0,0,2141.48,3552.13,0.96
M0152821,N,80,0,11797.61,0,1,0,1862.95,10704.17,2.11
M0152822,N,51,2,11393.28,1,0,1,6546.67,6988.03,0.13
M0152823,N,26,2,3394.73,0,0,0,1024.46,2952.8,0.0
M0152824,N,78,2,17492.72,1,0,0,2887.12,11154.59,0.0
M0152825,N,28,1,44979.74,2,1,0,14877.62,23792.45,3.18
M0152826,N,67,1,7162.11,0,0,0,2587.99,4713.2,1.03
M0152827,N,80,0,8283.73,0,0,0,3496.94,10869.24,0.72
M0152828,N,38,1,11713.95,0,0,1,1022.58,13339.42,0.34
M0152829,N,65,0,8711.25,0,1,0,2461.83,10394.37,0.22
M0152830,N,53,2,8912.42,0,1,0,6450.34,4867.52,2.11
M0152831,N,78,3,22269.83,0,1,0,8474.04,13547.25,2.0
M0152832,N,23,2,12212.84,0,1,1,5756.62,16288.76,1.57
M0152833,N,66,2,11255.31,2,2,1,1094.98,10967.6,1.05
M0152834,N,34,3,26864.15,0,1,0,3988.98,17689.39,0.79
M0152835,N,77,2,21991.26,1,1,1,8551.28,13757.42,1.23
M0152836,N,44,3,11964.77,1,1,0,5197.15,5784.88,0.56
M0152837,N,33,0,21903.61,1,0,0,4050.71,13356.58,0.38
M0152838,N,41,2,7917.55,1,0,1,1897.75,5561.66,0.97
M0152839,N,68,1,20570.03,0,0,1,11953.18,20621.44,2.14
M0152840,N,22,0,12312.67,0,0,1,6117.44,4086.03,0.07
M0152841,N,61,1,8058.57,0,0,1,2558.57,5666.37,0.98
M0152842,N,44,1,3838.94,0,0,0,3264.28,3390.92,1.37
M0152843,N,60,1,8788.23,0,0,0,1095.07,7102.4,0.04
M0152844,N,55,0,6099.62,0,0,0,759.89,5208.82,0.0
M0152845,N,79,2,19167.89,1,1,0,6671.67,8733.16,0.92
M0152846,N,34,2,11127.28,0,0,0,2887.2,6561.19,0.73
M0152847,N,44,3,23847.5,0,1,0,2231.35,23172.08,2.05
M0152848,N,45,0,13703.89,0,1,0,6291.83,9851.83,0.0
M0152849,N,70,0,5044.12,0,0,0,686.19,6445.92,1.8
M0152850,N,64,1,14672.87,0,0,1,1988.67,9605.23,0.69
M0152851,N,20,2,15039.05,0,3,1,9851.92,8998.23,0.0
M0152852,N,52,1,7438.47,0,2,0,4185.48,9099.33,1.54
M0152853,N,53,1,13868.63,0,2,1,2887.66,21863.38,2.14
M0152854,N,45,2,10023.38,0,0,0,3256.45,14725.88,3.09
M0152855,N,28,2,42676.52,0,0,0,24692.83,9988.56,1.32
M0152856,N,46,1,3706.26,0,0,1,2550.23,3756.83,1.07
M0152857,N,46,2,12604.05,0,0,0,7124.9,5416.81,0.96
M0152858,N,26,1,3482.1,0,0,0,2087.95,2362.88,1.13
M0152859,N,71,0,18616.49,0,0,0,7421.26,8106.02,0.07
M0152860,N,80,0,5340.24,0,3,0,1810.2,4814.44,0.58
M0152861,N,77,1,9564.69,0,2,0,1752.87,6587.73,1.21
M0152862,N,71,1,6997.79,0,0,0,4066.41,6868.34,0.97
M0152863,N,42,1,4985.24,0,0,0,1976.92,4874.26,0.0
M0152864,N,55,2,5345.44,0,0,1,833.51,7768.0,0.48
M0152865,N,62,2,8728.66,0,0,0,1003.57,6903.88,0.53
M0152866,N,25,2,9983.52,0,2,0,2565.12,8393.36,2.39
M0152867,Y,73,4,290452.02,4,1,3,109943.12,134827.79,4.89
M0152868,N,18,1,6617.72,0,0,0,732.3,6164.22,0.0
M0152869,N,32,0,19546.93,0,2,0,947.7,20697.85,0.0
M0152870,N,24,2,11575.83,0,0,0,9794.63,2577.25,1.09
M0152871,N,41,2,4244.57,0,0,0,1400.66,2961.44,0.97
M0152872,N,20,0,23453.74,0,0,0,1513.06,24872.22,0.0
M0152873,N,46,2,9404.01,2,2,1,2816.36,5204.97,1.19
M0152874,N,46,0,19900.27,0,0,0,1242.9,18367.66,1.59
M0152875,N,49,1,19066.55,0,2,1,3129.58,17052.59,1.13
M0152876,N,53,1,8367.54,0,1,0,2850.67,4455.15,0.61
M0152877,N,29,0,11081.12,0,1,0,824.26,11553.13,0.37
M0152878,N,48,0,17529.1,0,0,0,8679.9,5933.45,1.2
M0152879,N,59,0,7488.75,0,2,0,996.02,9084.33,1.3
M0152880,N,33,1,4977.54,0,1,0,4313.31,3087.0,1.86
M0152881,N,50,0,21042.73,0,1,0,8389.92,17184.35,1.14
M0152882,N,67,3,12303.37,0,1,0,5173.59,5489.15,2.31
M0152883,N,47,2,7119.82,0,0,0,3307.39,5173.3,0.49
M0152884,N,20,1,33922.51,0,1,0,38926.14,7351.39,1.56
M0152885,N,31,0,6822.41,0,1,0,5183.86,4350.69,1.96
M0152886,N,22,4,21831.07,0,1,2,4953.08,15404.78,1.94
M0152887,N,20,0,3880.72,0,0,1,881.29,2408.81,0.0
M0152888,N,58,1,6287.76,1,0,0,1091.83,7652.69,0.89
M0152889,N,46,2,25858.96,0,2,1,2298.01,18584.45,1.43
M0152890,N,74,0,8344.01,0,1,1,2269.3,9418.07,2.19
M0152891,N,51,0,11202.6,0,1,0,1261.15,8109.83,0.75
M0152892,N,41,0,2088.16,0,0,0,448.98,2904.41,0.43
M0152893,N,50,0,5278.49,0,0,0,1508.89,5396.19,1.25
M0152894,N,20,0,7954.73,0,1,0,5527.83,8373.35,0.34
M0152895,N,55,0,4020.21,0,0,0,4222.6,2723.66,0.55
M0152896,N,76,3,9482.5,0,0,0,2664.44,6987.46,0.61
M0152897,N,34,3,10366.17,0,0,0,1387.87,10301.75,1.6
M0152898,N,58,0,4622.93,0,2,0,2341.82,1801.21,1.43
M0152899,N,74,0,13850.31,0,2,0,1820.91,10967.46,1.42
M0152900,N,52,2,9080.2,0,1,0,5269.41,6576.42,0.0
M0152901,N,50,1,15302.7,2,1,1,7459.65,4965.48,0.37
M0152902,N,51,1,10466.45,0,0,0,5386.43,2880.97,0.38
M0152903,N,77,0,2726.11,1,0,0,860.63,1629.34,0.29
M0152904,N,51,1,11324.15,0,1,0,4113.32,5729.55,1.55
M0152905,N,45,0,2950.71,0,1,0,583.29,2725.74,1.07
M0152906,N,53,0,2973.63,0,0,1,905.91,3867.08,0.41
M0152907,N,64,0,19530.52,0,1,0,1782.97,14053.79,1.7
M0152908,Y,44,5,136965.37,3,3,2,43539.68,72737.14,2.57
M0152909,N,47,3,10933.05,0,0,1,7857.83,8531.22,0.0
M0152910,N,42,0,6055.77,0,0,0,1218.68,9748.89,0.0
M0152911,N,67,3,16526.61,0,1,0,1515.41,24690.82,1.97
M0152912,N,76,1,4750.87,0,0,0,369.46,4266.51,0.21
M0152913,N,51,1,10435.12,0,1,0,1973.76,9096.0,2.08
M0152914,N,52,0,19482.01,0,0,0,6671.19,24166.52,1.55
M0152915,N,18,0,23917.03,0,0,0,1560.91,17435.2,0.69
M0152916,N,41,0,12284.76,0,0,0,5949.67,8375.37,0.57
M0152917,N,37,1,29310.79,0,0,0,1137.9,30584.82,1.42
M0152918,N,78,1,9864.37,0,2,0,2765.49,10384.94,0.72
M0152919,N,75,0,8036.19,0,0,0,4361.95,9170.24,0.54
M0152920,N,34,2,12110.3,0,1,0,10347.4,10106.46,1.93
M0152921,N,40,0,7959.49,0,0,0,1935.32,5551.02,0.89
M0152922,N,69,2,8604.28,1,2,0,2555.21,4562.1,1.03
M0152923,N,62,3,9724.17,0,1,0,1349.7,8435.3,0.0
M0152924,N,19,1,11879.94,1,1,2,4916.61,7434.89,1.27
M0152925,N,78,1,10594.69,1,0,0,5941.17,2624.32,0.0
M0152926,N,80,1,2912.58,0,2,0,708.73,4446.06,0.92
M0152927,N,47,0,10707.09,1,1,1,1669.86,15889.63,1.37
M0152928,N,22,0,1779.09,0,0,0,256.42,1556.56,2.11
M0152929,N,56,1,38683.73,1,1,1,2445.33,35297.26,1.67
M0152930,N,75,1,7826.25,0,0,0,1319.2,8495.7,1.72
M0152931,N,71,0,19299.59,1,0,2,9931.46,5561.86,0.0
M0152932,N,19,1,10188.38,0,2,1,2103.38,14687.73,2.29
M0152933,N,30,1,8942.11,0,0,1,2047.38,5621.22,0.07
M0152934,N,51,1,11255.16,0,1,2,3909.57,11300.0,1.98
M0152935,N,25,0,5672.89,0,0,0,4066.16,5854.4,1.31
M0152936,N,71,1,16483.84,0,0,0,6512.12,9378.69,0.29
M0152937,N,42,2,21339.83,1,0,0,4259.39,16042.01,1.25
M0152938,N,54,0,13585.35,0,0,0,918.74,14577.27,0.77
M0152939,N,43,0,11057.72,0,2,0,4935.46,6492.74,1.02
M0152940,N,62,1,11151.88,0,1,0,6735.43,9415.16,1.85
M0152941,N,52,0,24587.72,1,2,0,1358.7,25507.81,1.6
M0152942,N,70,3,17396.39,0,1,0,7312.18,20740.47,1.73
M0152943,N,68,0,10992.57,0,0,0,1724.62,11852.84,1.79
M0152944,N,37,0,34960.76,1,0,1,2531.59,25156.1,1.17
M0152945,N,34,1,6490.45,0,2,0,1059.68,4497.66,0.27
M0152946,N,48,3,33907.39,0,1,0,7086.56,24573.45,0.78
M0152947,N,22,1,13668.87,1,1,0,2566.99,10561.48,1.42
M0152948,N,64,0,7797.84,2,0,0,616.05,10158.92,2.16
M0152949,N,68,2,49377.15,1,2,1,6600.11,36731.71,3.32
M0152950,N,46,2,7373.57,0,2,1,3261.08,6799.53,2.83
M0152951,N,23,1,8373.83,1,0,1,2103.98,7033.28,1.11
M0152952,N,79,0,2770.02,0,0,0,1060.89,1965.35,0.37
M0152953,N,42,0,16834.42,0,0,1,2921.79,10682.48,1.17
M0152954,N,54,1,6754.9,0,0,0,1257.86,8657.94,0.75
M0152955,N,78,1,6799.87,0,2,1,2118.57,5832.83,0.3
M0152956,N,77,2,7504.89,0,1,0,4065.77,7966.22,1.34
M0152957,N,47,1,29001.93,0,4,0,9901.9,18435.93,1.87
M0152958,N,74,0,14351.7,0,0,1,11675.11,7598.95,1.96
M0152959,N,34,2,3098.85,0,0,0,1844.35,2685.44,0.0
M0152960,N,78,0,9282.22,0,0,0,3402.01,7238.57,1.55
M0152961,N,77,2,16462.65,1,1,0,6715.84,16917.1,2.09
M0152962,N,37,0,11612.36,1,2,0,1094.88,11984.47,0.4
M0152963,N,21,3,9214.74,0,0,1,2793.15,6551.2,1.31
M0152964,N,49,2,10626.72,0,0,0,4864.76,5849.21,0.0
M0152965,N,22,3,18392.09,0,0,0,5504.6,12061.31,1.47
M0152966,N,79,1,18882.04,1,1,0,4394.41,11985.32,1.87
M0152967,N,33,1,3962.89,0,0,0,1874.01,4856.66,1.17
M0152968,N,57,0,10884.88,2,1,0,4262.74,14111.38,0.0
M0152969,N,35,0,6177.92,0,0,0,1371.66,5717.09,1.18
M0152970,N,49,1,11127.43,0,0,0,3377.45,11996.27,0.53
M0152971,N,33,0,17688.39,0,0,0,3253.77,16276.26,1.24
M0152972,N,24,1,3766.52,2,0,0,1199.71,2686.77,0.0
M0152973,N,79,3,6323.35,0,1,1,2267.88,3660.33,1.91
M0152974,N,21,3,9111.15,1,0,0,1092.26,6087.61,1.12
M0152975,N,48,1,5209.97,0,0,1,1782.21,2329.76,0.59
M0152976,N,35,0,6443.31,2,0,1,2859.74,3359.67,0.18
M0152977,N,48,0,10921.01,0,1,0,2597.45,6212.02,1.96
M0152978,N,30,0,4328.79,0,0,0,2700.31,3555.89,1.09
M0152979,Y,73,5,246682.9,4,3,6,62705.45,189365.19,5.55
M0152980,N,26,0,10967.02,2,1,0,3212.85,14582.38,1.28
M0152981,N,47,1,15601.37,0,0,0,9410.58,3418.24,0.77
M0152982,N,55,3,24911.86,1,2,1,9106.04,31898.28,2.04
M0152983,N,32,0,11827.96,1,0,0,12176.39,5513.74,0.7
M0152984,N,51,0,4918.04,0,0,0,2252.32,3496.54,0.66
M0152985,N,18,0,8687.54,0,1,1,4623.97,6372.91,1.94
M0152986,N,34,2,12002.93,0,2,0,1719.7,10141.31,1.79
M0152987,N,37,1,21910.26,0,1,0,5243.03,12227.45,0.39
M0152988,N,67,0,4259.92,0,1,0,1054.99,5592.97,1.42
M0152989,N,61,0,10751.46,0,0,0,2175.57,12036.21,0.87
M0152990,N,36,1,2740.13,1,1,0,627.09,1514.35,0.6
M0152991,N,78,0,9238.92,0,1,1,3344.51,10315.81,1.55
M0152992,N,63,0,5630.22,0,0,0,2158.6,6295.05,2.02
M0152993,N,60,1,12884.0,0,0,0,1716.24,16814.97,2.15
M0152994,N,33,0,2875.25,0,1,0,812.46,3924.79,0.51
M0152995,N,63,0,10605.25,0,1,0,3427.69,13435.4,0.0
M0152996,N,23,0,9230.85,1,0,1,1217.39,12584.96,0.35
M0152997,N,28,0,3581.24,0,1,0,1230.84,4732.31,1.13
M0152998,N,59,2,5912.06,1,1,0,3119.87,6653.89,1.08
M0152999,N,68,0,7850.73,0,0,0,3320.09,6068.87,0.39
M0153000,N,21,1,5457.03,0,0,0,1995.21,3662.2,0.86
M0153001,N,57,1,6407.72,0,2,0,1724.25,4316.3,1.42
M0153002,N,46,2,6527.86,0,0,0,1781.5,6729.3,1.88
M0153003,N,75,0,6912.82,0,1,0,1039.96,5720.13,1.65
M0153004,N,33,1,6954.67,0,0,1,4334.13,4797.99,0.63
M0153005,N,75,0,10091.99,0,0,0,1361.45,12491.26,1.42
M0153006,N,56,1,8659.03,0,0,0,2876.23,10868.98,2.21
M0153007,N,21,1,4541.65,0,0,1,1059.33,2755.1,0.0
M0153008,N,80,1,28824.97,0,1,2,2965.35,22829.32,0.81
M0153009,N,51,1,7260.95,0,0,0,3343.22,5783.87,0.0
M0153010,N,62,2,13060.51,0,1,0,2699.15,9518.93,0.14
M0153011,N,31,1,7627.6,0,0,0,3173.67,3188.0,0.72
M0153012,N,28,1,12991.23,0,3,0,1556.44,11098.61,1.42
M0153013,N,49,1,10280.39,0,0,0,3755.73,10448.61,0.24
M0153014,N,19,1,16866.24,0,0,0,1824.21,14905.27,0.22
M0153015,N,63,3,10715.46,0,0,0,4038.17,10062.55,0.86
M0153016,N,47,0,8329.59,0,0,0,1687.19,5915.76,0.84
M0153017,N,43,1,21303.87,1,1,1,3515.41,13730.71,3.18
M0153018,N,21,1,8648.44,0,2,1,2278.45,7841.01,0.9
M0153019,N,78,0,19597.5,0,2,0,4923.22,23893.93,2.31
M0153020,N,18,1,11362.69,1,0,0,613.89,9552.33,0.82
M0153021,N,43,3,5659.61,0,2,0,3237.01,5982.3,1.29
M0153022,N,35,0,10537.04,0,2,0,1969.55,14477.79,0.44
M0153023,N,19,0,16122.17,1,0,0,3034.39,11319.99,1.97
M0153024,N,32,0,9236.53,0,0,0,1253.0,9451.88,1.54
M0153025,N,73,0,11049.44,2,0,0,1964.57,10778.75,2.16
M0153026,N,40,0,3165.35,0,0,0,1309.04,1375.41,0.45
M0153027,N,26,0,16240.78,1,0,0,5771.83,15822.18,2.06
M0153028,Y,75,6,112694.04,2,3,2,83680.92,59602.91,2.99
M0153029,N,21,3,25244.87,0,2,0,9989.56,19555.95,0.83
M0153030,Y,73,5,223297.44,3,6,7,123661.7,100475.93,4.06
M0153031,N,26,0,4612.84,1,0,0,718.29,5640.93,2.06
M0153032,N,18,1,10785.13,0,1,0,1425.28,7374.92,0.27
M0153033,N,36,1,18747.74,0,2,0,7508.18,8624.31,1.19
M0153034,N,54,1,9601.98,0,1,0,8188.23,5617.03,1.27
M0153035,N,20,3,23573.07,2,2,0,8982.66,12368.57,1.79
M0153036,N,50,0,14839.03,0,0,0,8889.37,5860.92,0.0
M0153037,N,55,1,4542.12,0,1,0,2163.29,2416.1,2.56
M0153038,N,67,1,6351.33,0,0,0,1485.87,3817.38,0.82
M0153039,N,27,1,7787.2,0,0,1,1546.79,5525.67,1.73
M0153040,N,66,0,3902.79,0,0,0,851.93,2859.08,1.37
M0153041,N,51,1,17297.95,0,0,0,6077.45,12445.8,0.71
M0153042,N,32,0,6417.93,0,2,0,2158.72,5131.98,0.0
M0153043,N,22,1,7177.67,0,1,0,1918.02,5447.71,1.13
M0153044,N,44,0,11112.53,0,0,0,3240.15,16142.49,2.46
M0153045,N,58,0,8950.6,0,0,1,3537.75,6437.61,0.83
M0153046,N,30,0,9126.49,0,1,0,4799.18,3044.42,1.31
M0153047,N,65,1,9377.14,0,0,1,1332.9,6919.99,1.42
M0153048,N,39,0,8377.18,0,0,0,580.64,7040.54,1.0
M0153049,N,49,1,6346.48,0,0,0,962.18,5447.97,0.92
M0153050,N,80,1,4011.28,0,0,1,1093.47,2331.85,0.54
M0153051,N,79,1,13794.59,1,2,0,9256.87,5264.54,1.67
M0153052,N,70,1,37512.63,0,2,1,6667.71,22756.55,0.0
M0153053,N,24,3,37103.65,0,0,2,19962.15,22893.74,2.4
M0153054,N,18,1,11055.39,0,3,0,601.35,9345.31,1.0
M0153055,N,77,0,15219.44,0,1,0,1473.38,15281.13,0.2
M0153056,N,30,0,6122.97,0,0,0,1152.9,5979.38,0.27
M0153057,N,28,1,20526.18,0,2,1,5075.55,17363.51,1.39
M0153058,N,77,0,13724.44,0,0,0,1753.73,9259.06,1.72
M0153059,N,49,2,54948.73,2,2,0,4705.56,40226.35,2.5
M0153060,N,49,1,3988.66,0,0,0,671.11,6580.51,0.0
M0153061,N,19,0,5850.23,0,0,0,752.04,5652.64,1.58
M0153062,N,76,1,17706.15,0,0,1,4894.15,10336.55,0.22
M0153063,N,52,1,10944.82,0,0,0,1168.73,8979.07,1.0
M0153064,N,40,0,3346.42,0,1,0,946.16,4497.61,1.85
M0153065,N,53,0,7360.01,0,2,0,2510.88,7218.47,1.03
M0153066,N,80,1,4100.39,0,0,0,1199.41,3850.1,0.18
M0153067,N,77,0,12573.52,0,1,0,5037.12,13623.79,1.1
M0153068,N,38,0,19546.02,0,1,1,7024.6,8888.21,2.51
M0153069,N,21,0,8980.64,1,1,0,2050.97,7993.92,1.34
M0153070,N,63,1,5035.63,0,0,0,1642.2,5489.78,0.0
M0153071,N,28,1,19594.55,2,1,1,5867.53,11561.68,0.49
M0153072,N,30,1,6347.97,0,2,0,6880.5,4476.65,1.51
M0153073,N,62,0,5969.04,0,0,0,1031.99,9671.05,0.23
M0153074,N,66,1,17452.35,0,0,0,4528.26,10645.47,2.17
M0153075,N,35,0,20739.28,0,0,0,3584.36,14006.93,0.85
M0153076,N,79,2,23389.66,0,2,1,4510.65,16208.16,2.02
M0153077,N,27,1,11326.72,1,0,0,3357.46,7854.21,0.9
M0153078,N,42,0,9902.29,1,0,0,5398.67,5474.0,1.37
M0153079,N,39,1,9223.17,2,0,1,5117.73,10465.38,1.41
M0153080,N,31,0,23465.27,0,0,0,3469.52,16176.91,0.88
M0153081,N,76,2,3996.61,0,0,1,689.58,4005.65,1.71
M0153082,N,52,0,11668.19,0,0,0,3452.14,8852.72,1.54
M0153083,N,54,2,18459.78,0,1,0,7140.9,7281.27,1.08
M0153084,N,31,1,11067.1,0,1,0,8077.3,8130.73,1.9
M0153085,N,49,0,9210.8,0,0,2,1830.67,6998.61,1.27
M0153086,N,37,0,7659.92,0,1,1,4597.03,4359.54,0.86
M0153087,N,63,0,9570.92,1,0,1,851.39,10477.37,0.08
M0153088,N,21,1,8627.48,0,0,0,436.52,7250.34,1.4
M0153089,N,76,1,9022.37,1,0,1,3816.31,4408.36,0.73
M0153090,N,31,1,6765.96,0,1,0,2991.88,8585.93,1.93
M0153091,N,27,0,8588.78,0,2,0,1990.2,9208.18,1.84
M0153092,N,28,0,6670.87,0,1,0,1651.44,4561.05,1.04
M0153093,N,47,1,13182.49,1,0,1,1288.57,17722.44,1.68
M0153094,N,68,1,10356.56,0,1,0,5211.54,4659.49,1.51
M0153095,N,46,1,17472.79,0,1,0,6654.62,14889.45,0.8
M0153096,N,56,1,14249.24,0,0,1,5554.39,8839.72,1.36
M0153097,N,71,1,7930.94,0,0,0,725.82,7017.23,0.05
M0153098,N,63,1,12709.65,1,2,0,3240.25,7741.7,0.81
M0153099,N,53,1,11485.54,1,0,0,765.35,14701.84,1.98
M0153100,N,20,1,5781.83,0,0,1,1016.29,7842.2,1.83
M0153101,N,18,3,7637.2,0,1,0,564.48,7925.29,1.25
M0153102,N,68,1,12728.47,1,1,2,4637.79,7732.07,0.02
M0153103,N,64,0,18809.09,0,0,0,2880.04,17862.01,1.38
M0153104,N,73,1,5022.58,0,0,0,1848.23,3273.12,0.13
M0153105,N,28,1,13197.64,0,0,0,4778.15,9178.76,1.91
M0153106,N,54,1,8781.98,0,0,1,2845.57,7788.0,0.0
M0153107,N,72,1,8708.26,0,1,0,3414.01,8494.06,2.4
M0153108,N,66,0,30060.05,1,0,0,4234.25,20383.56,0.93
M0153109,N,44,0,7672.26,0,2,0,1468.45,5879.28,1.08
M0153110,N,69,0,19314.86,1,1,1,6760.09,10505.37,0.71
M0153111,N,68,2,8630.99,0,0,1,2421.9,8026.97,0.67
M0153112,N,74,1,5645.28,0,3,0,2467.38,2725.03,0.73
M0153113,N,58,0,5872.75,1,1,0,970.46,5032.03,1.22
M0153114,N,78,1,10172.89,0,0,1,3301.42,7899.73,1.52
M0153115,N,79,1,7474.39,1,1,0,6556.66,4487.02,1.24
M0153116,N,42,0,2646.96,0,2,0,1071.14,1727.68,0.0
M0153117,N,34,0,11971.81,1,1,1,1335.66,9314.53,1.8
M0153118,N,27,0,8075.83,0,1,0,3967.38,9341.99,0.83
M0153119,N,32,0,15035.75,0,3,0,6184.23,17625.25,1.5
M0153120,N,71,0,10059.86,0,1,0,3156.92,6003.61,0.27
M0153121,N,74,0,8004.18,0,0,1,2285.49,8064.16,0.14
M0153122,N,70,0,7676.57,1,0,1,1865.41,6767.59,1.76
M0153123,N,48,1,8339.72,0,0,0,2040.64,5374.5,1.41
M0153124,N,35,0,19385.59,1,0,0,716.14,17407.94,0.9
M0153125,N,42,2,6857.53,0,2,0,2164.93,3645.92,1.56
M0153126,N,34,1,4968.87,1,0,0,2137.79,5060.07,0.27
M0153127,N,67,1,12712.03,0,0,0,3139.61,7156.77,0.05
M0153128,N,72,0,13693.83,0,1,0,596.5,13565.76,1.4
M0153129,N,70,0,23273.69,0,0,0,3371.07,14964.34,0.0
M0153130,N,38,1,48883.24,0,0,2,16279.57,42731.92,2.91
M0153131,N,36,2,41865.41,1,1,1,23880.94,28375.33,2.86
M0153132,N,19,1,13117.8,1,1,0,5658.89,15306.3,0.6
M0153133,N,72,1,15822.5,0,0,1,6966.06,8962.53,1.21
M0153134,N,55,3,14155.61,0,0,1,4842.55,8433.53,2.59
M0153135,N,69,2,9277.37,0,0,0,1207.33,10066.77,0.37
M0153136,N,75,0,17679.48,0,1,0,797.27,13229.99,0.0
M0153137,N,48,0,10782.61,1,0,0,3079.37,8012.44,1.07
M0153138,N,61,2,86447.93,0,0,1,9483.35,58256.94,3.17
M0153139,N,74,1,5854.16,0,1,2,2425.94,5370.38,0.49
M0153140,N,30,1,5759.3,0,0,0,3067.32,5882.54,0.0
M0153141,N,40,0,7815.13,1,1,0,1727.35,9654.55,1.03
M0153142,N,58,0,5294.25,0,0,1,1077.42,7535.86,0.85
M0153143,N,58,2,19055.64,0,0,0,13411.17,9475.73,2.5
M0153144,N,54,3,16370.47,0,0,0,3020.77,14724.93,0.36
M0153145,N,79,0,13440.2,1,1,0,3827.79,14333.89,0.19
M0153146,Y,69,5,429715.62,2,4,4,272314.42,101355.83,3.94
M0153147,N,34,2,14982.59,0,1,0,4883.38,12370.94,2.9
M0153148,N,74,1,2929.25,0,0,1,1158.52,2104.53,1.6
M0153149,N,27,1,35342.77,1,0,1,11167.81,20291.96,2.71
M0153150,N,36,1,25290.4,0,0,0,4205.69,16245.21,1.58
M0153151,N,67,0,3095.08,0,0,0,2380.46,2458.41,0.0
M0153152,N,45,2,12686.24,0,1,0,3168.59,8591.18,0.85
M0153153,N,70,1,4323.88,0,0,0,3552.98,3915.62,0.76
M0153154,N,35,0,12712.28,0,1,1,3574.73,10214.08,2.18
M0153155,N,45,1,11488.97,0,2,0,4840.56,6398.69,1.41
M0153156,N,26,1,30777.0,0,2,3,4617.66,31122.87,0.0
M0153157,N,41,1,8324.11,0,1,0,1365.44,10606.7,0.83
M0153158,N,61,0,22964.16,0,0,2,943.58,22772.76,0.97
M0153159,N,50,2,4786.24,0,0,0,2377.16,1975.26,0.12
M0153160,N,51,0,16838.36,0,0,0,2228.85,11630.45,0.0
M0153161,N,46,0,25072.62,0,0,3,5263.24,14520.17,0.98
M0153162,N,77,0,7592.15,0,0,1,1456.5,6678.92,1.71
M0153163,N,21,1,9629.54,0,0,0,4485.17,4632.71,0.0
M0153164,N,36,1,10365.82,1,1,0,2476.48,5726.3,1.6
M0153165,N,78,0,7937.43,1,1,0,3087.32,11241.71,2.18
M0153166,N,50,1,20914.37,1,1,0,2177.33,21440.93,2.17
M0153167,N,65,1,5150.44,0,1,0,5628.4,3606.11,1.61
M0153168,N,22,0,5132.84,0,0,0,1640.58,6844.24,2.0
M0153169,N,70,0,21528.94,0,0,1,4010.82,13534.83,0.0
M0153170,N,23,0,6861.48,0,0,0,1845.65,5617.21,1.46
M0153171,N,24,0,2886.93,0,0,0,741.47,3219.03,0.46
M0153172,N,29,0,6237.8,0,0,1,1417.59,4226.76,1.58
M0153173,N,19,2,12099.58,0,0,0,8598.87,6960.74,1.21
M0153174,N,71,1,2530.37,0,0,0,1513.36,2095.41,1.15
M0153175,N,30,2,14303.96,0,2,0,1391.58,18908.21,2.35
M0153176,Y,65,5,386224.75,2,5,1,142353.14,182626.41,2.81
M0153177,N,39,1,12445.03,0,0,0,2703.44,11157.62,0.21
M0153178,N,26,2,13196.59,1,2,0,9775.71,8298.21,0.76
M0153179,N,66,0,6763.75,0,1,0,2121.77,4126.31,1.04
M0153180,N,61,0,8997.27,0,0,0,547.97,12234.33,2.13
M0153181,N,65,0,14513.51,0,0,1,2716.53,9944.62,1.98
M0153182,N,25,1,11282.56,0,0,0,5407.94,3834.05,0.54
M0153183,N,20,1,7422.54,0,0,0,1290.01,7444.17,1.7
M0153184,N,36,2,6701.08,1,1,0,1218.89,7170.15,1.82
M0153185,N,62,0,5554.58,0,0,0,5226.01,3627.73,0.05
M0153186,N,80,1,8982.55,0,1,0,3304.5,7874.78,0.83
M0153187,N,27,0,1967.64,0,2,0,825.61,2710.64,1.42
M0153188,N,46,0,18143.24,2,1,1,11383.68,3297.64,3.11
M0153189,N,60,1,11407.15,0,0,0,2344.92,8089.24,0.64
M0153190,N,30,0,6626.36,0,0,1,5604.78,6062.01,0.24
M0153191,N,69,0,10344.93,0,0,0,4769.96,4062.82,0.61
M0153192,N,20,2,12382.49,1,2,0,1995.73,19546.94,2.68
M0153193,N,45,3,69749.78,0,2,0,9078.22,52043.27,2.87
M0153194,N,38,0,8224.2,1,1,2,6721.45,7697.05,2.68
M0153195,N,77,1,9862.93,0,0,0,3196.32,7231.29,1.72
M0153196,N,44,0,38075.18,0,1,1,6970.65,29974.69,0.0
M0153197,N,45,2,10228.14,0,0,0,812.5,11210.66,1.57
M0153198,N,43,1,35353.9,1,0,0,5106.98,28767.63,1.04
M0153199,N,19,1,7310.45,0,0,0,1755.99,3958.45,1.21
M0153200,N,76,3,8757.0,0,0,1,1860.1,7743.81,0.31
M0153201,N,25,0,19895.1,0,3,1,6024.25,14885.91,1.79
M0153202,N,76,1,5036.49,1,1,0,2031.77,2407.14,0.0
M0153203,N,19,0,3211.6,0,0,0,704.71,3827.85,0.83
M0153204,N,80,0,5494.47,0,1,0,3685.93,4018.27,2.0
M0153205,N,66,0,12357.29,0,0,0,2614.79,12036.4,1.69
M0153206,N,39,0,11926.88,0,2,0,4011.05,15605.03,2.05
M0153207,N,74,0,9857.96,0,1,0,2215.63,11144.6,1.76
M0153208,N,33,0,12028.82,0,0,0,3468.04,9052.31,2.21
M0153209,N,19,2,17468.95,1,0,1,2143.81,15261.47,4.16
M0153210,Y,75,4,165729.59,4,3,1,60612.99,109990.88,4.33
M0153211,N,72,2,26207.76,0,0,0,3678.29,18874.91,0.94
M0153212,N,78,0,8113.59,0,0,0,930.32,7103.91,1.17
M0153213,N,80,0,7400.51,1,1,0,565.2,8395.61,1.87
M0153214,N,21,1,9163.27,1,0,1,5851.65,5240.03,1.25
M0153215,N,42,1,16992.86,0,1,0,2390.17,12771.97,1.02
M0153216,N,50,0,5988.44,0,1,0,2501.27,4449.96,1.24
M0153217,N,75,0,10595.19,0,1,0,1928.47,6712.23,1.05
M0153218,N,44,0,21316.86,0,0,0,11768.16,8761.48,0.67
M0153219,N,39,0,25868.6,1,0,0,8835.52,11523.44,0.0
M0153220,N,64,0,5516.38,0,0,0,4483.48,5411.96,0.33
M0153221,N,69,0,4023.8,0,0,0,1108.46,2111.78,1.0
M0153222,N,63,2,28567.82,0,1,1,17898.98,17930.62,1.21
M0153223,N,77,1,14371.89,0,1,0,4289.72,11175.46,1.35
M0153224,N,53,0,4037.74,0,1,1,1219.65,2280.18,1.1
M0153225,N,61,2,18198.18,0,1,2,10767.18,14505.75,2.43
M0153226,N,67,2,8882.88,0,0,0,4944.55,7126.88,0.72
M0153227,N,49,0,48441.29,1,1,0,3087.68,36722.33,2.06
M0153228,N,80,0,21033.8,0,0,0,7272.39,19110.94,0.31
M0153229,N,53,1,31836.2,0,3,1,9892.27,15419.84,2.57
M0153230,N,45,2,11394.91,0,2,1,1324.2,8067.87,1.07
M0153231,N,80,0,3001.49,0,0,0,2298.73,2582.33,1.02
M0153232,N,80,0,1821.51,1,1,1,633.34,1565.85,0.56
M0153233,N,32,1,25828.58,0,1,1,14858.49,16092.96,2.52
M0153234,N,68,1,5494.3,0,0,0,1975.11,5223.07,0.07
M0153235,N,58,2,8350.34,0,0,0,2127.73,9894.74,0.52
M0153236,N,57,2,25263.78,0,0,1,4691.79,19889.41,1.76
M0153237,N,77,3,14972.25,0,2,1,10981.13,12127.22,1.4
M0153238,N,19,1,13992.56,0,1,0,4120.14,10808.56,0.52
M0153239,N,63,0,4253.12,0,0,1,3993.37,1937.79,0.0
M0153240,N,79,0,17260.68,0,2,0,3300.5,10350.25,0.56
M0153241,N,69,2,32360.38,0,1,0,5297.63,27595.73,1.69
M0153242,N,78,1,17822.14,2,1,3,11079.54,13045.21,1.91
M0153243,N,33,1,25829.75,1,0,1,2341.31,25773.18,3.12
M0153244,N,32,0,3289.16,0,0,0,708.56,2448.68,1.16
M0153245,N,71,1,11801.51,0,1,0,2331.42,7202.98,2.01
M0153246,N,53,0,4363.26,0,0,0,481.64,3565.18,0.56
M0153247,Y,58,3,313473.88,1,3,2,123489.91,233615.27,6.08
M0153248,N,68,0,15386.63,0,1,0,1299.28,16564.22,2.44
M0153249,N,32,2,4368.07,0,1,0,1723.53,2486.65,0.0
M0153250,N,48,0,10906.72,0,0,0,3717.93,7879.06,0.51
M0153251,N,44,2,23904.58,0,0,1,12004.66,11631.61,0.72
M0153252,N,29,0,15678.63,0,0,0,3005.23,9684.05,1.46
M0153253,N,43,3,11362.19,0,1,1,2810.05,9581.41,0.69
M0153254,N,44,1,11982.42,1,0,0,6972.26,12234.42,0.5
M0153255,N,79,0,8819.26,0,0,1,2121.5,5454.24,0.0
M0153256,N,23,0,11434.11,0,1,0,1862.41,13469.49,0.52
M0153257,N,53,1,4751.1,1,0,0,1062.9,4554.22,0.14
M0153258,N,71,2,15065.65,0,1,0,12389.88,7549.6,1.76
M0153259,N,77,1,5446.95,0,0,0,2210.48,5789.28,1.21
M0153260,N,68,0,1469.43,0,1,0,429.41,1731.19,0.1
M0153261,N,70,1,5731.99,0,0,0,1274.37,7044.61,0.66
M0153262,N,35,0,22184.95,0,0,0,4981.77,21432.09,2.09
M0153263,N,51,1,10231.67,1,2,0,1607.6,8832.5,0.34
M0153264,N,75,1,23111.21,0,0,1,7268.04,20644.13,0.22
M0153265,N,58,3,17290.93,0,1,0,4611.92,11453.91,1.29
M0153266,Y,44,4,280863.6,1,1,4,85263.77,156412.87,4.83
M0153267,N,52,0,4106.27,0,1,0,1717.61,5441.49,0.0
M0153268,N,37,0,22191.4,0,0,1,4369.75,19396.01,0.91
M0153269,N,58,1,27275.52,0,1,0,11087.98,17430.28,2.89
M0153270,Y,64,5,458549.65,3,2,3,106226.18,389188.45,5.42
M0153271,N,46,0,13190.11,0,0,0,4130.81,14338.78,0.32
M0153272,N,39,0,11437.92,0,0,0,868.22,15595.24,0.0
M0153273,N,21,2,4406.2,0,0,2,2094.78,1512.9,0.37
M0153274,N,30,1,8931.98,0,0,1,2854.41,13355.48,2.06
M0153275,N,56,3,9838.05,1,0,0,1344.28,15119.32,1.61
M0153276,N,64,0,5901.24,0,1,0,2827.12,3836.04,0.79
M0153277,N,74,0,6543.76,0,0,0,3128.5,4242.7,0.03
M0153278,N,36,1,6440.09,0,0,0,8982.07,2320.22,0.94
M0153279,N,44,1,13813.78,0,2,0,5036.62,6863.24,2.26
M0153280,N,26,1,34824.75,0,0,0,6948.82,29179.65,2.01
M0153281,N,41,2,17547.24,0,0,0,11127.66,6841.33,2.07
M0153282,N,70,0,7667.84,0,0,0,2023.94,5609.79,0.02
M0153283,N,77,2,9948.96,0,0,1,1345.12,12163.3,0.0
M0153284,N,46,1,6453.74,0,0,0,4493.68,5164.85,0.48
M0153285,N,19,1,16338.01,0,0,0,6990.5,12494.87,1.36
M0153286,N,56,1,16694.59,0,0,1,11187.27,11364.36,0.0
M0153287,N,75,1,13578.35,0,0,0,421.21,21062.52,0.28
M0153288,N,26,1,5515.43,0,1,1,1322.64,4439.03,0.0
M0153289,N,41,0,4175.88,1,0,0,2743.2,2684.11,1.07
M0153290,N,73,0,7198.05,0,2,0,3898.96,3217.94,1.69
M0153291,N,30,2,11993.73,0,0,1,4289.43,16846.86,1.31
M0153292,N,80,2,18471.59,0,0,1,2996.89,17268.6,1.56
M0153293,N,71,3,5741.56,0,2,0,4636.89,5160.3,0.59
M0153294,N,55,1,4465.11,1,0,0,889.13,5515.41,1.68
M0153295,N,44,2,5724.29,1,1,2,2461.05,2809.91,0.72
M0153296,N,75,0,8734.84,0,0,0,3887.12,7038.06,1.44
M0153297,N,26,1,9466.78,0,0,1,3857.46,8445.34,0.0
M0153298,N,39,3,9949.17,1,2,1,4446.75,5920.76,3.17
M0153299,N,68,2,9377.13,0,1,0,2662.93,5570.92,2.23
M0153300,Y,80,5,119635.67,2,2,3,57703.04,93430.59,3.1
M0153301,N,56,0,28908.53,0,2,1,29461.07,15686.03,2.66
M0153302,N,49,0,2859.25,0,1,1,473.57,1773.5,1.12
M0153303,N,45,2,10147.22,0,1,2,4186.89,11604.7,2.5
M0153304,N,33,3,28910.35,1,1,0,6274.32,18256.28,2.05
M0153305,Y,61,5,130756.44,4,4,2,52237.57,118685.6,4.8
M0153306,N,53,1,7771.13,1,0,0,2695.54,8028.85,0.92
M0153307,N,27,2,8941.7,0,3,0,3196.71,9196.63,1.3
M0153308,N,49,0,4981.64,0,0,0,2285.73,2687.71,0.9
M0153309,N,31,1,7972.28,0,0,0,4473.52,7022.05,0.69
M0153310,N,38,0,11190.04,0,0,1,5088.51,6371.57,1.48
M0153311,N,30,0,5584.23,0,0,0,1696.12,4923.29,1.13
M0153312,N,69,0,40763.88,0,1,0,7297.06,25179.31,1.27
M0153313,N,59,0,1281.9,0,1,0,751.15,612.8,0.05
M0153314,N,44,1,41439.66,0,3,0,9513.19,27230.98,2.03
M0153315,N,41,1,17889.2,0,0,0,2713.91,11457.15,0.69
M0153316,N,68,2,12412.16,0,0,0,2606.23,12660.29,1.95
M0153317,N,79,0,31927.21,0,2,0,5514.08,27436.23,0.51
M0153318,N,61,1,3313.23,1,0,0,1617.42,3791.12,0.93
M0153319,N,37,1,15399.5,0,0,1,3433.74,11281.69,2.49
M0153320,N,36,2,16082.75,1,1,0,969.37,13753.07,0.0
M0153321,N,25,0,10589.23,0,0,0,3226.48,10065.51,0.94
M0153322,N,34,1,3028.07,0,1,0,1604.95,3857.38,0.93
M0153323,N,59,1,8121.96,0,0,1,3903.07,7444.65,0.53
M0153324,N,77,1,10016.47,0,1,0,1866.26,13822.65,0.0
M0153325,N,69,1,8700.4,1,1,0,5542.65,4792.4,0.78
M0153326,N,23,1,15499.91,0,1,0,3306.29,18102.71,0.0
M0153327,N,54,2,11140.92,1,0,2,8701.2,4529.44,1.24
M0153328,N,48,2,20202.44,0,0,1,4480.17,11345.01,1.91
M0153329,N,35,1,6436.42,0,0,0,2419.49,4325.05,1.34
M0153330,Y,45,7,463376.3,1,3,7,97881.73,353964.32,6.36
M0153331,N,51,0,9550.0,0,2,0,1780.19,10633.56,0.0
M0153332,N,25,1,6512.69,0,0,0,1824.89,3426.82,0.85
M0153333,N,24,1,12418.07,0,2,1,4371.92,6585.02,1.58
M0153334,N,55,0,26185.53,0,1,0,14990.48,11555.77,1.72
M0153335,N,46,0,4961.64,0,1,1,3486.2,4574.8,0.42
M0153336,N,34,1,6129.08,0,0,1,1788.42,5933.14,0.35
M0153337,N,25,2,17148.94,1,0,0,2269.3,19115.26,0.08
M0153338,N,50,1,8323.67,0,0,0,3681.2,4584.87,0.53
M0153339,N,26,1,7893.44,1,0,0,6791.81,6768.73,1.22
M0153340,N,20,1,24925.91,1,0,0,3581.62,19305.48,1.03
M0153341,N,43,1,14828.82,0,1,1,2149.53,12064.4,0.5
M0153342,N,78,2,12505.25,0,1,1,3606.21,9712.89,0.31
M0153343,N,27,2,9663.9,1,1,1,6104.65,8968.1,2.04
M0153344,N,58,0,3563.89,0,1,0,2105.13,1531.24,0.33
M0153345,N,27,0,7516.54,0,0,0,3330.41,5078.86,0.98
M0153346,N,54,3,12194.62,0,1,1,3883.87,15324.65,1.62
M0153347,N,58,2,10002.45,0,1,0,4976.49,7017.28,1.99
M0153348,N,31,1,5513.64,1,0,0,528.76,4689.42,0.0
M0153349,N,36,1,9881.55,0,0,0,6633.77,5932.02,1.53
M0153350,N,59,0,2717.55,0,2,0,1232.93,1309.41,0.0
M0153351,Y,75,3,321149.49,4,7,3,155358.67,233925.71,5.56
M0153352,N,68,1,6662.13,2,0,0,3033.12,3346.24,0.05
M0153353,N,46,0,5906.17,0,0,0,2532.21,3401.97,0.0
M0153354,N,48,2,7984.63,0,1,0,5730.96,4784.79,0.35
M0153355,N,59,1,17766.95,0,0,0,3665.18,12072.06,0.0
M0153356,N,44,4,15027.22,0,2,0,7611.64,9121.62,2.13
M0153357,N,40,0,5447.01,0,1,0,1058.14,6520.44,0.35
M0153358,N,79,0,21093.26,0,0,1,14595.05,3453.56,2.43
M0153359,N,36,4,10864.4,0,0,0,4365.3,14338.12,0.05
M0153360,N,27,2,31769.77,0,0,1,3552.37,22376.18,1.01
M0153361,N,59,1,11126.52,0,0,0,1594.98,10163.17,1.8
M0153362,N,24,2,8949.01,0,2,0,7214.71,4778.59,0.73
M0153363,N,23,1,6955.14,0,2,0,846.11,6120.38,2.21
M0153364,Y,82,5,155207.92,1,3,4,48112.52,120003.28,3.46
M0153365,N,22,0,5304.4,0,1,0,1881.68,5350.85,0.63
M0153366,N,48,2,4702.97,0,0,0,1040.72,4852.45,0.16
M0153367,N,27,0,5347.3,0,0,0,2574.29,5256.57,1.49
M0153368,N,71,1,9454.75,1,1,1,4510.21,10189.1,0.67
M0153369,N,71,2,11996.07,2,1,0,2003.25,14190.22,0.0
M0153370,N,20,1,18982.54,0,1,0,10194.88,15920.13,2.8
M0153371,N,22,1,7218.16,0,0,0,968.97,4866.15,0.62
M0153372,N,39,0,6777.73,0,1,0,1663.14,8223.19,1.5
M0153373,N,63,3,12713.1,0,2,1,2900.96,8556.32,0.54
M0153374,N,45,1,13235.18,0,1,0,6375.81,9908.95,2.18
M0153375,N,64,3,36286.84,0,0,1,9318.48,26513.95,2.36
M0153376,N,67,1,58269.81,1,2,1,6866.95,39699.56,2.92
M0153377,N,63,0,10390.75,0,1,0,2445.98,7959.66,2.05
M0153378,N,56,2,5317.82,0,0,0,439.25,6369.27,0.9
M0153379,N,79,2,6794.8,0,0,0,4976.3,3505.75,1.01
M0153380,N,23,1,17471.27,1,0,0,8641.67,7886.06,1.42
M0153381,N,62,1,6843.28,0,0,1,1862.24,4223.93,0.84
M0153382,N,66,3,16007.49,0,0,0,4390.77,15719.4,1.83
M0153383,N,80,0,4873.45,0,0,0,1795.94,5024.35,0.43
M0153384,N,49,0,20118.92,1,1,0,6726.47,17005.25,1.0
M0153385,N,75,3,10973.42,0,1,0,6614.5,6703.8,0.48
M0153386,N,32,0,4238.93,0,0,0,2070.53,2746.76,0.0
M0153387,N,56,1,17466.19,0,0,1,740.01,14321.2,0.03
M0153388,N,22,3,12160.77,0,1,2,12680.31,8009.29,1.11
M0153389,N,41,0,5894.74,0,0,0,1567.3,3517.85,0.0
M0153390,N,39,1,2470.37,0,1,0,655.85,3699.74,0.68
M0153391,N,64,2,13573.98,0,1,0,6473.0,14716.51,1.59
M0153392,N,19,1,12196.56,0,1,0,4462.88,5539.59,0.2
M0153393,Y,58,2,188584.64,4,6,2,107893.4,105340.34,6.83
M0153394,N,56,0,6460.44,0,2,0,1745.8,7801.4,2.14
M0153395,N,68,0,7854.42,2,1,0,3697.86,5961.13,2.51
M0153396,N,66,1,10809.88,0,0,0,5151.97,3335.49,1.21
M0153397,N,41,1,38646.31,0,0,0,3360.53,32514.13,1.44
M0153398,N,78,1,25381.26,0,2,2,8066.18,12124.06,1.73
M0153399,Y,57,7,266440.7,3,4,2,83356.13,229114.27,5.84
M0153400,N,27,2,9324.49,0,2,0,3861.25,6352.31,1.26
M0153401,N,30,0,16739.55,0,1,0,5776.95,8980.44,0.83
M0153402,N,71,0,3838.74,0,0,0,662.54,2774.93,0.0
M0153403,N,70,0,4949.51,0,0,0,1816.9,3657.69,0.0
M0153404,N,28,0,16745.89,0,1,0,13072.53,4193.65,0.42
M0153405,N,57,3,71933.1,1,2,2,10392.25,53462.96,3.74
M0153406,N,74,0,12250.25,0,1,0,2682.19,9033.56,0.72
M0153407,N,69,3,9929.15,0,0,0,1521.77,8687.79,0.85
M0153408,N,30,1,6977.35,0,0,0,794.3,8123.81,1.38
M0153409,N,61,2,6097.4,0,0,0,1910.52,7105.55,0.0
M0153410,N,64,1,10574.08,0,2,0,4176.58,5156.18,0.0
M0153411,N,71,3,23239.21,0,1,2,1071.48,29091.45,1.52
M0153412,N,30,0,2495.17,0,0,1,1287.39,2993.41,0.0
M0153413,N,27,1,16862.77,0,1,0,1095.19,24351.89,0.11
M0153414,N,27,1,5320.38,0,0,0,2073.88,5657.44,1.72
M0153415,N,77,1,8177.19,0,0,0,4729.36,6177.29,0.74
M0153416,N,69,1,14634.0,0,0,0,4084.09,10353.43,0.02
M0153417,N,58,0,13377.02,0,3,1,8210.91,7302.61,1.34
M0153418,N,39,2,19513.65,0,2,1,4264.42,23363.4,2.91
M0153419,N,49,3,12922.8,0,1,0,1873.05,8859.92,1.76
M0153420,N,55,1,66398.96,0,1,1,13509.71,38531.19,1.41
M0153421,N,37,0,9795.47,0,1,0,1506.37,14524.44,0.32
M0153422,N,24,1,9143.35,0,0,0,8451.33,6267.82,1.79
M0153423,N,68,1,4536.62,0,0,0,1391.47,3016.04,1.47
M0153424,N,65,2,29942.24,0,1,2,5621.14,21483.9,2.12
M0153425,N,45,1,16869.08,0,1,0,5899.12,18656.82,1.14
M0153426,Y,64,2,216052.11,6,7,3,87234.04,185411.16,7.27
M0153427,N,37,0,4870.81,0,1,0,891.63,7454.37,0.35
M0153428,N,77,0,13438.33,0,1,0,2474.17,8282.35,1.41
M0153429,N,25,2,12898.51,0,2,0,4269.86,6173.61,2.71
M0153430,N,47,2,34316.88,0,0,2,17638.83,11000.35,3.05
M0153431,N,29,1,6065.4,0,2,0,1153.02,5120.28,0.0
M0153432,N,34,2,19432.5,0,0,0,2929.0,26320.74,1.23
M0153433,N,49,1,10459.7,0,0,0,6016.82,5832.92,0.17
M0153434,N,46,2,23541.48,0,0,0,10037.2,9049.7,2.46
M0153435,N,65,1,5724.36,0,1,0,847.88,9255.87,0.07
M0153436,N,20,3,10944.53,0,0,0,2994.34,7800.73,0.73
M0153437,N,34,1,42444.42,0,1,0,5592.54,27996.15,1.59
M0153438,N,46,1,20765.61,0,1,1,8651.55,13108.91,0.07
M0153439,N,77,2,7948.3,0,2,0,4698.47,5605.64,1.05
M0153440,N,27,1,21397.14,0,0,2,1080.35,18070.47,1.65
M0153441,N,75,2,15231.25,1,0,1,3172.65,9914.65,1.26
M0153442,N,56,2,16670.57,0,1,0,4946.79,13630.12,0.5
M0153443,N,20,0,6229.95,0,1,0,3929.35,3112.79,0.0
M0153444,N,69,3,14935.77,1,0,0,1802.03,16912.67,0.84
M0153445,N,36,0,8300.81,0,2,0,4673.85,3072.43,0.81
M0153446,N,60,2,16819.6,0,1,1,4456.19,12593.55,0.0
M0153447,N,76,0,3620.9,0,0,0,992.46,5572.14,0.93
M0153448,N,53,2,18627.98,0,2,1,6342.14,9035.84,1.02
M0153449,N,24,0,2268.44,0,0,0,680.32,2661.23,0.81
M0153450,N,52,0,3071.97,0,2,0,583.92,2194.0,0.12
M0153451,N,39,1,13594.57,0,1,1,2754.36,14415.76,1.6
M0153452,N,73,2,11090.19,0,0,1,3834.26,12694.96,1.73
M0153453,N,46,1,18092.11,0,1,0,4180.76,15858.63,0.78
M0153454,N,48,2,18241.66,1,0,0,9716.36,15881.09,0.75
M0153455,N,71,2,6203.01,0,2,0,3403.48,4007.89,0.06
M0153456,N,23,0,6769.67,0,2,0,1851.95,5660.48,1.29
M0153457,N,66,0,12917.43,0,0,0,2025.68,11677.45,0.68
M0153458,N,23,2,15257.17,0,1,0,2476.98,10208.95,2.3
M0153459,N,36,2,36754.19,0,1,0,2346.15,27516.27,1.48
M0153460,N,59,2,11050.18,0,0,0,7217.51,6533.14,1.75
M0153461,N,48,0,4629.08,0,0,1,3737.93,3011.24,0.57
M0153462,N,32,3,24469.85,0,0,0,15916.15,13675.8,2.27
M0153463,N,39,0,4811.87,0,0,0,2501.47,3965.9,0.77
M0153464,N,64,1,5211.54,0,1,0,1490.22,5660.15,1.75
M0153465,N,47,0,5037.85,0,0,0,2304.37,1722.29,0.21
M0153466,N,77,0,7325.89,0,1,0,4746.45,3064.83,1.84
M0153467,N,48,1,7961.96,0,3,0,3092.92,5918.06,1.16
M0153468,N,20,1,16429.99,0,1,0,5024.65,10402.25,1.69
M0153469,N,29,3,14649.47,0,2,2,5349.78,18376.04,0.1
M0153470,N,52,1,18890.88,0,1,0,2593.57,17641.54,1.52
M0153471,N,68,0,5743.77,0,0,0,1682.55,3628.36,0.0
M0153472,Y,82,7,400326.97,4,3,5,254892.93,126258.53,7.9
M0153473,N,70,1,6696.81,0,1,0,2419.65,3439.59,0.0
M0153474,N,70,0,5058.29,1,0,1,1475.75,3216.56,0.0
M0153475,N,74,0,18707.6,1,0,0,1678.29,19145.37,0.19
M0153476,N,32,0,6233.78,0,1,0,3887.78,4887.48,1.63
M0153477,N,74,0,20461.27,0,0,1,3891.16,19693.33,1.56
M0153478,N,80,1,5816.66,0,1,1,2521.6,3771.3,2.04
M0153479,N,65,1,11959.02,0,0,0,4827.16,13670.79,1.5
M0153480,N,24,1,11648.09,0,0,1,3940.14,9039.03,0.17
M0153481,N,31,0,6680.48,0,0,0,1523.01,4857.38,1.34
M0153482,N,72,1,3834.75,0,0,0,1184.4,3257.54,1.18
M0153483,N,47,2,8747.27,0,1,0,3883.14,3093.39,1.2
M0153484,Y,55,4,251090.12,1,3,5,97976.03,124951.76,4.0
M0153485,N,31,1,6833.68,0,0,0,1623.03,6785.15,0.21
M0153486,N,53,0,12758.4,1,3,0,6718.0,11643.14,1.69
M0153487,N,48,3,10952.66,0,0,1,3450.75,10210.99,0.13
M0153488,N,55,0,5898.38,0,0,0,2036.08,4189.57,0.5
M0153489,N,34,1,13182.26,0,0,0,5101.97,12477.34,1.61
M0153490,N,51,0,11702.79,0,1,0,4222.05,5383.32,0.0
M0153491,N,29,0,3041.04,0,0,0,1179.91,1613.93,0.17
M0153492,N,51,2,23193.57,1,0,0,3977.52,16890.33,1.82
M0153493,N,30,1,4888.32,0,0,0,1775.11,4494.18,0.35
M0153494,N,45,2,20191.13,0,0,0,6328.74,14054.02,1.24
M0153495,N,66,2,5935.37,0,0,1,1441.0,7952.94,0.36
M0153496,N,29,0,10301.51,0,2,0,10193.37,5103.25,1.99
M0153497,N,32,2,11576.52,1,2,1,5657.9,13963.33,1.66
M0153498,N,18,2,29257.09,1,1,0,1419.32,24077.05,1.44
M0153499,N,27,0,6556.88,0,0,0,2459.18,3368.59,0.14
M0153500,Y,37,4,233661.67,5,7,2,123493.65,124077.04,3.31
M0153501,N,37,0,5204.46,0,0,0,1397.85,3997.29,1.69
M0153502,N,79,2,14956.08,0,0,0,10034.76,5409.32,1.14
M0153503,N,36,2,5574.51,0,0,0,1048.06,6996.56,1.28
M0153504,N,19,2,29423.15,0,1,0,8400.05,16362.6,2.53
M0153505,N,50,0,20495.37,0,0,0,1647.49,17606.3,1.0
M0153506,N,51,0,12010.48,1,0,1,6328.44,9842.83,1.16
M0153507,N,79,1,18739.61,0,0,1,8550.68,7212.58,1.18
M0153508,N,19,0,5153.73,0,0,0,4338.71,4471.25,0.64
M0153509,N,33,2,16866.41,1,3,1,1447.17,13465.59,0.39
M0153510,N,43,0,1472.35,0,0,0,725.03,1825.8,0.98
M0153511,N,57,0,3786.47,0,0,1,980.4,3966.9,0.92
M0153512,N,66,2,29587.34,0,2,1,9912.86,17163.99,0.32
M0153513,N,67,2,4027.41,0,1,0,958.83,2994.51,0.07
M0153514,N,72,3,12872.42,0,0,0,4675.87,7220.45,0.75
M0153515,N,73,1,56693.92,1,1,1,5471.68,40749.22,2.6
M0153516,N,27,0,27275.18,0,0,0,4934.6,16835.3,1.36
M0153517,N,32,0,6817.18,0,1,0,2050.3,6375.26,1.24
M0153518,N,74,1,16700.52,1,0,0,6796.46,10051.77,0.0
M0153519,N,64,1,3755.04,0,0,0,1907.6,3252.63,0.0
M0153520,N,55,4,29103.71,0,0,0,12024.99,26728.1,2.34
M0153521,N,59,1,4021.42,0,0,0,1586.73,5543.74,0.22
M0153522,N,54,0,17542.25,0,1,1,3887.31,18777.33,2.5
M0153523,N,54,2,7140.4,0,0,0,1913.96,7979.86,0.0
M0153524,N,66,2,13937.77,0,1,0,5008.88,6803.2,1.36
M0153525,N,74,1,13757.08,0,2,0,5069.96,7527.07,1.06
M0153526,N,23,1,12095.8,0,1,0,1458.32,12617.52,2.1
M0153527,N,24,0,6119.65,0,1,0,910.11,5200.62,1.07
M0153528,N,30,2,10850.16,0,1,0,6009.76,9295.57,0.08
M0153529,Y,39,7,482895.21,1,6,3,142385.72,305905.0,5.35
M0153530,N,51,3,27473.67,0,0,2,12055.59,16691.07,2.8
M0153531,N,74,0,3918.42,1,0,0,1760.29,4598.25,0.23
M0153532,N,80,1,4453.48,0,1,0,583.84,4458.35,0.19
M0153533,Y,64,6,172161.17,3,1,1,64209.05,106138.81,3.32
M0153534,N,54,2,8004.08,2,2,0,4109.49,7463.54,2.67
M0153535,N,43,2,7683.0,0,1,1,2641.78,7817.68,1.27
M0153536,N,50,1,11937.05,0,2,0,3315.09,6785.05,0.94
M0153537,N,35,2,9359.97,0,0,1,4020.64,6024.56,1.09
M0153538,N,77,0,6573.02,0,0,0,3016.75,8386.46,1.59
M0153539,N,54,0,7504.98,1,1,0,3034.96,5915.41,0.94
M0153540,N,64,2,7401.64,0,0,0,4837.2,2289.63,0.21
M0153541,N,66,1,7771.02,0,2,1,1898.05,7690.72,1.64
M0153542,N,25,2,3407.22,0,1,0,2237.09,3738.3,1.23
M0153543,N,26,1,15739.76,0,1,1,1084.76,18943.97,1.22
M0153544,N,21,1,10533.38,0,0,0,1156.69,7141.67,1.66
M0153545,N,51,1,34048.12,0,2,0,1694.09,26085.65,1.75
M0153546,N,19,2,6224.07,0,2,0,1043.83,5800.58,2.63
M0153547,N,39,1,12276.11,0,1,1,7512.79,8469.06,1.74
M0153548,N,48,3,7316.41,0,3,2,2222.95,5420.63,1.1
M0153549,N,53,2,7146.47,0,0,0,1410.91,5380.88,0.4
M0153550,N,46,3,23313.44,0,2,0,9700.66,10017.41,1.56
M0153551,N,39,2,13681.26,1,2,0,3087.64,12690.01,2.11
M0153552,N,63,2,16248.13,0,1,1,990.1,16703.92,1.48
M0153553,N,32,2,26096.47,1,1,0,3510.6,23200.54,3.09
M0153554,N,40,2,4480.64,0,0,0,2032.6,5403.83,0.0
M0153555,N,24,2,71113.71,0,0,1,5034.51,58509.68,2.09
M0153556,N,64,1,22157.33,0,1,0,5804.79,12929.14,1.47
M0153557,N,50,3,5608.99,0,0,0,319.53,4270.06,0.18
M0153558,N,50,0,38316.66,0,0,0,3263.21,29031.71,1.38
M0153559,N,38,0,32048.18,0,0,1,681.0,24382.21,0.36
M0153560,N,22,0,17728.95,0,0,0,4842.45,9525.29,0.0
M0153561,N,52,1,8536.25,0,1,0,1810.96,11581.68,2.28
M0153562,N,52,2,5216.63,0,0,0,1293.69,3052.3,0.92
M0153563,N,62,0,12330.98,1,0,0,8188.14,6086.0,0.01
M0153564,N,64,0,18938.75,0,1,0,13873.24,4460.79,2.23
M0153565,N,53,0,6256.15,0,0,0,3345.88,4125.64,1.01
M0153566,N,55,0,8207.12,0,3,0,2197.29,9280.66,1.16
M0153567,N,58,1,14658.43,0,0,0,2465.6,9531.01,2.47
M0153568,Y,74,3,227443.08,3,2,4,44670.54,158763.51,4.55
M0153569,N,76,2,14416.81,0,1,0,1507.88,9837.11,1.27
M0153570,N,49,1,24661.64,1,0,0,17977.69,7674.76,0.0
M0153571,N,77,2,25091.91,2,1,1,3580.21,16726.03,1.5
M0153572,N,27,1,14234.73,0,2,0,8515.95,15871.8,1.03
M0153573,N,57,0,11738.08,0,2,0,2445.96,7458.33,0.54
M0153574,N,36,0,30837.3,0,0,0,4454.96,31147.77,1.64
M0153575,N,80,1,8259.92,0,1,0,2213.45,5658.49,0.92
M0153576,N,61,0,4649.69,0,1,0,688.56,7564.79,0.26
M0153577,N,68,0,20178.38,0,0,1,9753.78,10593.81,1.15
M0153578,N,38,1,28261.9,0,0,0,19523.66,15837.1,0.54
M0153579,N,67,1,14479.45,0,2,0,7565.95,10243.16,1.73
M0153580,N,20,1,16019.55,0,2,0,4548.8,10207.09,0.39
M0153581,N,33,0,12761.93,0,0,1,6329.49,10915.26,1.97
M0153582,N,62,1,5354.04,0,1,0,751.65,6402.43,0.0
M0153583,N,43,1,3665.9,0,0,0,1031.01,1856.99,0.4
M0153584,N,73,1,18512.81,0,0,0,7317.62,8281.83,0.91
M0153585,N,26,2,25870.59,1,0,1,4353.18,19589.65,1.77
M0153586,N,56,1,9627.58,0,0,0,4206.85,3801.92,0.22
M0153587,N,48,0,17305.02,0,1,0,13918.13,11862.01,2.06
M0153588,N,57,2,7485.59,0,0,1,3320.4,7362.17,1.45
M0153589,N,51,2,14097.75,0,0,0,10996.24,7643.79,2.12
M0153590,N,19,1,4700.43,1,0,0,193.41,7490.0,0.92
M0153591,N,74,0,24517.49,0,0,0,1655.98,22834.48,1.07
M0153592,N,38,1,9987.29,1,0,0,2502.41,8480.7,1.72
M0153593,N,30,0,8519.74,0,1,0,2153.9,8364.44,1.58
M0153594,N,48,0,16573.27,0,0,0,5804.21,8176.7,2.68
M0153595,N,53,1,7568.28,0,0,0,1855.73,8125.94,0.84
M0153596,N,39,2,11995.81,0,1,0,2048.8,11740.15,1.07
M0153597,N,56,1,4965.44,0,0,0,1611.61,4737.96,0.26
M0153598,N,60,1,6651.84,0,1,0,761.69,6355.42,0.89
M0153599,N,69,0,8709.2,0,1,0,6279.11,5709.68,0.99
M0153600,N,71,1,8455.03,0,0,0,2327.74,4465.35,0.95
M0153601,N,26,2,31307.44,1,0,0,2522.35,26635.05,3.34
M0153602,N,68,2,10624.68,0,0,0,2613.45,12382.44,2.34
M0153603,N,30,1,7070.68,0,2,0,3841.97,1974.19,0.0
M0153604,N,30,0,5630.97,0,0,0,2445.85,2287.49,0.87
M0153605,N,33,0,10959.29,0,3,0,3792.57,12803.01,0.9
M0153606,N,37,0,12746.79,0,0,0,1226.43,10413.72,1.51
M0153607,N,23,1,10299.49,1,2,1,4177.14,10960.81,0.6
M0153608,Y,39,6,179939.26,5,3,6,54864.24,170015.8,6.75
M0153609,N,40,2,7101.22,0,1,0,1476.15,5366.14,0.0
M0153610,N,18,0,4198.59,0,0,0,3206.56,3394.18,0.45
M0153611,N,18,0,6219.48,0,0,0,677.3,10011.56,0.0
M0153612,N,19,1,14518.27,0,0,2,1216.36,18370.2,0.82
M0153613,N,74,0,19016.78,0,0,1,9437.7,14044.69,0.64
M0153614,N,42,0,7118.04,1,0,0,1915.3,3797.05,0.0
M0153615,N,64,0,11671.23,0,2,0,3211.1,6160.18,0.73
M0153616,N,50,0,10171.16,0,1,0,1447.98,8135.97,0.42
M0153617,N,41,0,5279.52,0,1,0,2502.17,1726.94,2.13
M0153618,N,47,3,6273.49,0,1,0,1937.1,8423.81,0.54
M0153619,N,22,1,6531.74,0,1,0,1318.99,8386.6,0.25
M0153620,N,29,3,10695.04,0,1,0,3922.25,8550.52,0.71
M0153621,N,56,1,9408.5,0,0,0,666.66,7291.86,2.18
M0153622,N,24,1,4354.15,0,0,0,155.01,4396.36,0.76
M0153623,N,19,0,8991.82,0,1,0,3661.24,6688.66,1.57
M0153624,N,21,1,12582.69,0,1,1,2615.91,7570.75,0.45
M0153625,N,28,0,7169.87,0,1,2,1904.62,4910.1,1.31
M0153626,N,70,2,38910.27,1,2,0,4136.96,29847.62,2.27
M0153627,N,80,2,21701.26,0,0,1,3481.61,18900.63,1.07
M0153628,N,33,1,10080.57,0,0,0,5786.74,5660.87,0.86
M0153629,N,18,2,5068.67,0,0,0,1878.95,3546.51,0.0
M0153630,N,30,1,3640.77,0,1,0,1269.69,2738.96,0.29
M0153631,N,34,0,12943.8,0,1,0,4975.38,17594.7,1.64
M0153632,N,80,1,13766.99,1,0,0,2394.98,12553.86,0.41
M0153633,N,41,2,23014.99,0,1,0,8883.37,14311.41,1.49
M0153634,N,72,1,19606.36,0,1,0,3132.18,12219.72,0.69
M0153635,N,58,0,5414.49,0,0,0,1820.16,2959.28,0.13
M0153636,N,55,2,7108.4,0,0,0,4071.38,2572.81,0.0
M0153637,N,28,2,9102.24,0,0,0,3959.6,4206.21,0.75
M0153638,N,61,1,2508.38,0,0,0,1225.3,2706.93,2.04
M0153639,N,35,0,5901.02,0,0,0,2021.63,2681.13,1.27
M0153640,N,39,0,15085.2,0,0,0,3576.92,10755.94,0.0
M0153641,N,71,0,10949.8,0,1,0,1628.39,7485.06,0.0
M0153642,N,49,2,16245.19,1,0,0,5894.22,13792.38,1.14
M0153643,N,52,3,15864.17,0,0,0,5606.1,9052.51,1.59
M0153644,N,35,1,6412.21,0,0,0,1908.61,6221.57,0.94
M0153645,N,67,3,5051.85,0,1,0,1663.3,3694.52,0.04
M0153646,N,79,0,54382.74,0,1,2,5181.54,71731.32,2.94
M0153647,N,43,1,11803.05,1,0,1,4195.82,5806.7,2.01
M0153648,N,54,1,5340.18,0,3,2,4767.77,3516.29,1.62
M0153649,Y,50,6,381411.88,2,8,4,116689.49,342450.3,5.94
M0153650,N,74,1,16592.85,0,0,0,4936.39,9193.1,1.94
M0153651,N,47,0,7812.99,0,0,0,2311.61,4738.19,1.66
M0153652,N,74,2,13132.54,0,0,0,7865.75,7933.39,2.8
M0153653,N,25,1,4673.84,0,2,0,2392.4,1662.41,0.0
M0153654,N,62,2,15559.85,0,1,1,6126.63,20754.68,2.32
M0153655,N,63,3,20158.9,0,1,1,3512.79,18338.64,1.8
M0153656,N,33,1,10506.45,0,2,0,7368.44,10509.92,2.34
M0153657,N,54,0,12622.77,1,0,0,1203.38,11281.93,1.59
M0153658,N,71,2,19097.98,1,0,0,3481.07,19626.02,1.82
M0153659,N,44,1,7093.47,0,3,0,5855.53,2522.3,0.71
M0153660,N,25,2,24792.83,2,1,0,3331.38,16270.87,1.79
M0153661,N,74,0,7546.72,0,0,1,864.9,5714.98,1.15
M0153662,N,63,1,6067.69,1,0,0,2791.41,4507.51,0.0
M0153663,Y,54,5,392749.4,5,5,5,188945.52,187928.11,6.64
M0153664,N,36,0,6497.88,0,1,0,1829.06,8760.69,0.78
M0153665,N,36,1,8215.84,0,0,1,3184.0,4044.89,0.84
M0153666,N,52,1,16364.19,0,1,0,6704.42,12708.74,1.52
M0153667,N,20,3,19963.4,0,2,1,8308.78,12466.22,3.39
M0153668,N,44,2,16051.8,1,2,0,7360.87,9479.75,1.19
M0153669,N,67,0,15079.25,1,0,0,1796.93,10732.86,0.16
M0153670,N,65,2,10853.77,0,0,2,5712.2,8259.73,1.43
M0153671,N,46,2,7116.34,0,0,0,2196.79,4358.97,0.35
M0153672,N,57,1,21236.13,0,2,2,5740.39,24114.66,2.33
M0153673,N,56,3,11893.65,0,0,0,7708.17,10478.95,0.26
M0153674,Y,82,6,313334.38,4,7,2,88843.31,190600.34,6.21
M0153675,N,74,0,5290.24,0,0,0,2290.4,6517.27,1.29
M0153676,N,39,1,8126.3,0,0,0,3908.9,10345.71,1.13
M0153677,N,70,0,3436.86,0,0,0,834.56,2393.03,0.65
M0153678,N,39,1,2418.64,0,1,0,271.19,3808.23,0.16
M0153679,N,67,2,15276.43,2,0,0,2623.66,9407.81,0.93
M0153680,N,18,0,11329.75,0,0,1,1703.76,8379.44,1.97
M0153681,N,75,2,17083.1,0,1,0,2469.48,11586.94,1.33
M0153682,N,22,0,12715.4,0,0,0,1329.76,10136.97,0.05
M0153683,N,40,1,13173.18,0,0,0,3726.07,15359.27,3.01
M0153684,N,75,1,16423.1,0,1,0,2926.25,23989.94,1.23
M0153685,N,67,2,13230.83,0,2,0,1560.4,10372.12,2.18
M0153686,N,56,1,10768.92,0,0,0,5205.7,10599.21,0.25
M0153687,Y,42,5,362083.62,3,7,4,95379.48,238148.1,5.06
M0153688,N,42,1,5608.73,0,1,0,497.19,6592.78,0.1
M0153689,N,38,1,10700.44,0,1,0,572.4,11201.19,1.78
M0153690,N,80,1,26489.32,0,1,0,4951.2,17167.85,2.03
M0153691,N,66,0,6893.93,0,0,0,4803.95,3972.15,1.11
M0153692,N,34,2,9478.81,1,3,0,8774.51,7395.88,1.17
M0153693,N,47,0,11558.05,0,0,0,2079.98,10140.69,0.65
M0153694,N,80,2,35768.89,0,0,1,22596.46,8310.61,0.4
M0153695,N,21,0,4175.31,1,1,0,556.36,3053.38,0.19
M0153696,N,34,4,22412.8,1,2,0,3097.83,16799.53,1.94
M0153697,N,33,1,5004.16,0,0,0,638.94,3858.7,0.95
M0153698,N,53,0,13041.91,1,0,1,1478.15,9573.14,0.81
M0153699,N,37,0,13722.29,0,0,1,7268.52,8565.63,2.39
M0153700,N,35,3,14854.53,0,0,0,7225.5,6283.92,2.42
M0153701,N,41,0,11113.88,0,0,0,942.09,16334.91,1.6
M0153702,N,71,1,24713.35,0,0,0,7102.11,14869.36,1.14
M0153703,N,78,1,8147.3,0,0,0,4574.92,4505.85,0.91
M0153704,N,79,2,21456.71,0,0,1,4045.51,31158.04,2.39
M0153705,N,53,2,17621.1,0,0,0,5920.69,14284.12,2.22
M0153706,N,48,3,4474.43,0,1,0,3456.39,4490.98,1.91
M0153707,N,48,0,9106.71,0,1,0,4463.76,5193.49,1.83
M0153708,N,56,2,10153.09,1,1,0,4896.84,5740.57,1.67
M0153709,N,45,0,7434.78,1,0,1,1718.79,6544.99,1.13
M0153710,Y,57,6,162840.47,1,3,4,67872.13,125783.3,4.63
M0153711,N,42,0,3776.1,0,0,0,1895.18,3596.67,0.7
M0153712,N,51,0,9978.88,0,1,0,1185.5,11851.19,0.84
M0153713,N,21,1,7914.77,0,0,1,1924.74,5022.07,2.79
M0153714,N,23,3,45552.02,0,1,0,10072.69,44228.77,2.37
M0153715,N,22,2,18216.49,0,2,0,3501.85,18503.34,1.62
M0153716,Y,54,2,291234.08,3,1,4,159540.89,89663.44,5.7
M0153717,N,56,0,24624.98,1,0,0,1230.93,20238.55,2.2
M0153718,N,58,2,6411.65,0,1,1,1298.89,5908.56,0.33
M0153719,N,59,1,7987.27,0,1,0,1700.59,10213.78,3.82
M0153720,N,66,0,8082.74,0,0,1,1355.27,5761.09,1.2
M0153721,N,23,0,7343.76,0,0,2,1773.27,7095.57,1.83
M0153722,N,40,0,9367.41,0,0,0,3823.96,5432.1,1.16
M0153723,N,27,0,13508.07,1,0,0,5541.97,5846.67,0.0
M0153724,N,30,1,18415.86,0,0,0,10680.26,8836.68,0.0
M0153725,N,48,0,13834.59,0,2,0,2689.44,8642.71,1.89
M0153726,N,78,1,16308.23,0,1,0,7087.96,15037.77,2.13
M0153727,N,19,0,17836.54,0,1,0,5784.08,12088.93,1.99
M0153728,N,25,1,13635.55,0,0,1,1898.66,14909.45,0.9
M0153729,N,66,1,4519.84,0,2,0,1199.68,3651.5,0.0
M0153730,N,53,0,7286.19,0,0,1,1613.89,7496.67,2.51
M0153731,N,37,3,9809.95,0,1,0,1582.99,15420.47,2.33
M0153732,N,36,1,26342.65,0,0,1,6236.74,15742.44,2.21
M0153733,N,73,1,16725.72,0,0,0,699.85,12676.95,0.0
M0153734,N,35,0,10729.62,0,0,1,1548.04,11193.91,1.35
M0153735,N,72,2,13072.75,1,1,0,2121.06,17619.29,1.65
M0153736,N,52,0,5734.86,0,1,0,2515.71,3441.04,0.23
M0153737,N,43,0,6701.44,1,0,0,602.33,8308.02,0.0
M0153738,N,20,1,9576.33,0,1,0,3135.31,6314.71,0.95
M0153739,N,72,1,4068.27,0,0,1,1964.92,2543.9,1.7
M0153740,N,42,3,18207.44,1,1,0,1492.34,12969.43,1.5
