member_id,synthetic_high_cost_member_flag,member_age,chronic_condition_count,prior_year_paid_claims,inpatient_admissions,er_visits,specialty_rx_count,rx_paid_claims,medical_paid_claims,comorbidity_score
M0061500,N,62,2,18736.22,1,0,1,15695.39,6338.99,0.0
M0061501,N,70,2,19340.25,0,1,1,8864.66,6671.87,0.33
M0061502,N,63,2,13599.22,0,1,0,2253.64,11224.46,1.2
M0061503,N,25,0,8780.8,1,0,1,3382.75,5106.26,1.72
M0061504,Y,81,3,166659.13,2,2,3,56429.24,106760.84,5.08
M0061505,N,37,1,8061.8,1,1,1,1898.34,5509.16,0.0
M0061506,N,61,2,13177.5,2,0,0,7871.15,10428.39,1.3
M0061507,N,44,0,9984.16,0,0,0,1243.98,16577.75,0.65
M0061508,N,27,1,4368.1,0,0,0,966.48,6811.2,0.89
M0061509,N,54,1,11210.18,0,1,0,3789.03,5211.09,0.0
M0061510,N,50,0,21000.12,1,1,2,12382.73,9249.05,2.18
M0061511,N,60,1,6814.42,0,0,0,2479.95,4781.1,0.21
M0061512,N,66,3,15536.59,1,2,0,2907.98,20257.01,1.87
M0061513,N,25,1,4686.81,0,0,2,3265.37,4275.23,2.72
M0061514,N,19,0,4928.31,0,0,0,2257.83,2997.62,1.07
M0061515,N,79,0,16551.2,0,0,1,1062.83,13177.16,1.42
M0061516,N,64,1,22112.36,2,1,1,10581.97,7835.32,0.34
M0061517,N,25,1,11340.29,0,0,0,3598.58,5657.32,0.0
M0061518,Y,51,2,87899.58,2,2,1,37226.26,65920.04,5.56
M0061519,N,61,0,17777.38,0,3,0,5168.49,12923.1,1.41
M0061520,N,57,0,16767.11,0,1,0,8317.82,13943.58,2.91
M0061521,N,50,0,19014.93,0,0,0,11660.02,18333.92,1.33
M0061522,N,25,0,8160.59,0,2,0,1228.43,6406.6,0.0
M0061523,N,22,0,6434.44,0,0,0,980.46,6500.76,0.06
M0061524,N,39,1,10670.65,0,0,0,781.2,9302.66,2.79
M0061525,N,68,0,10438.19,0,0,0,714.31,10765.93,1.74
M0061526,N,63,2,5761.2,0,0,1,210.72,4798.36,0.06
M0061527,N,18,0,7515.88,0,0,0,3706.06,5668.27,0.0
M0061528,N,20,2,13103.43,2,0,1,2792.35,12569.22,0.68
M0061529,N,18,0,9466.39,0,0,0,3129.44,9599.31,0.73
M0061530,N,54,0,9134.88,0,0,0,748.32,10994.42,1.03
M0061531,N,57,2,17915.98,1,1,0,3424.38,18379.71,1.33
M0061532,N,45,1,2123.51,0,1,0,329.58,2039.12,0.48
M0061533,N,47,0,13326.02,0,1,0,3894.42,7214.87,1.16
M0061534,N,45,2,22842.23,0,1,1,8841.23,13517.99,2.28
M0061535,N,20,2,6070.64,0,0,0,3675.56,4273.75,0.77
M0061536,N,76,2,9225.91,0,0,0,2542.43,6270.72,0.09
M0061537,N,53,2,21155.42,0,2,0,16466.04,11967.59,1.64
M0061538,N,24,2,10076.07,0,1,0,3945.48,11441.75,1.1
M0061539,N,46,0,33530.72,1,0,1,13227.35,21672.48,2.48
M0061540,N,28,1,27211.36,0,0,2,10259.89,19839.14,1.7
M0061541,N,31,2,11620.92,0,1,0,2630.01,7126.89,1.9
M0061542,N,37,2,4372.12,0,0,0,5025.96,2172.62,0.57
M0061543,N,79,2,7619.03,0,0,0,1002.01,6848.81,0.0
M0061544,N,80,2,41903.51,0,0,0,18315.98,20819.72,2.14
M0061545,N,44,1,10451.93,0,2,0,1101.01,12523.51,1.68
M0061546,N,38,0,38537.66,1,1,0,3589.84,34509.36,0.45
M0061547,N,24,0,15534.89,0,0,0,4982.18,11388.84,1.77
M0061548,N,51,1,4887.58,0,0,1,2024.27,4999.93,1.01
M0061549,N,55,0,4008.9,0,0,1,2023.31,3889.87,1.28
M0061550,N,68,2,6612.55,1,0,0,1114.62,9840.44,0.03
M0061551,N,22,2,16578.44,0,1,0,4132.4,12482.58,2.02
M0061552,N,62,1,9869.79,1,1,0,3466.07,8636.28,1.22
M0061553,N,49,2,24502.53,0,1,0,9818.64,12659.16,0.0
M0061554,Y,86,4,225553.26,4,4,3,149050.39,120017.9,6.46
M0061555,N,43,2,19837.83,0,0,0,9541.45,6260.76,0.77
M0061556,N,18,2,8802.87,0,1,0,4495.32,5615.54,1.13
M0061557,N,52,1,11349.48,0,0,0,1773.4,11391.51,0.93
M0061558,N,67,1,12044.1,1,0,0,2864.16,12116.84,2.5
M0061559,N,59,3,9984.77,0,0,2,1860.4,10891.13,2.47
M0061560,N,56,1,3393.61,1,0,0,2249.33,2209.58,0.0
M0061561,N,55,2,24610.14,1,0,1,2824.71,32763.95,2.75
M0061562,N,76,0,4401.39,0,0,0,2795.91,3947.26,0.45
M0061563,N,76,1,6846.98,0,1,0,3902.13,1705.12,1.24
M0061564,N,49,2,7893.96,1,0,0,1478.11,5090.85,0.71
M0061565,N,61,2,25945.23,1,0,0,3431.6,23905.5,0.86
M0061566,N,31,0,8763.56,0,0,0,5603.35,3121.22,0.77
M0061567,N,41,0,6258.26,0,0,0,841.43,8106.6,0.0
M0061568,N,72,1,4163.04,0,0,1,1840.24,3366.22,0.0
M0061569,N,52,2,9758.81,0,0,0,4609.46,6114.05,1.52
M0061570,N,69,0,11692.77,1,0,0,1881.78,8725.0,0.59
M0061571,N,38,1,4822.94,0,1,0,716.44,3243.01,0.49
M0061572,N,80,0,27229.38,0,1,0,3071.6,26826.08,0.69
M0061573,N,74,1,21265.96,1,0,0,6344.71,12536.34,3.13
M0061574,N,39,2,6877.47,0,2,0,2422.98,4736.12,1.15
M0061575,N,27,1,5349.83,1,0,0,2502.66,4996.8,1.37
M0061576,N,37,1,16191.53,1,0,0,7749.36,9634.13,1.74
M0061577,N,34,1,6244.81,0,0,0,442.94,7628.64,0.0
M0061578,N,59,2,14815.57,0,1,0,5678.7,18233.28,1.78
M0061579,N,56,0,4547.35,0,0,0,850.25,6827.34,0.15
M0061580,N,66,1,4860.19,0,0,0,1851.92,4584.93,1.29
M0061581,N,52,0,15810.18,0,2,1,5474.48,12159.41,0.62
M0061582,N,31,1,9409.74,0,0,0,1802.45,13359.96,0.88
M0061583,N,35,2,23844.41,0,1,1,14105.79,11161.03,2.0
M0061584,N,25,3,12831.58,0,0,0,2580.03,8320.68,0.27
M0061585,N,23,1,7261.59,0,1,0,4166.41,2388.13,0.0
M0061586,N,66,1,12124.51,1,0,1,1594.18,9429.65,0.42
M0061587,N,31,1,12757.99,0,0,1,4128.51,8321.34,2.81
M0061588,N,77,2,1988.02,0,0,0,1156.0,2366.27,1.59
M0061589,N,38,1,9893.46,0,2,0,2970.99,4928.87,0.11
M0061590,Y,37,6,444150.65,2,6,4,152087.83,378524.79,5.9
M0061591,N,70,1,8039.76,0,2,1,1114.04,7782.53,1.37
M0061592,N,28,1,7700.24,0,0,1,2353.4,6721.89,0.67
M0061593,N,18,1,8855.14,1,0,0,3588.52,10159.73,1.06
M0061594,Y,60,7,247538.69,5,7,4,64106.79,278981.76,5.09
M0061595,N,30,0,24684.45,0,1,1,2630.28,22146.63,2.06
M0061596,N,38,1,30419.43,0,0,0,11849.83,12786.71,0.0
M0061597,N,66,0,4915.57,0,1,0,1330.89,4337.83,0.37
M0061598,N,68,0,4960.02,0,0,0,1416.5,2904.62,1.02
M0061599,N,51,3,13073.07,0,0,0,4644.53,7673.52,1.08
M0061600,N,72,1,70566.77,1,1,0,7249.89,48327.07,1.04
M0061601,N,32,0,9551.16,0,2,0,5090.97,8697.65,0.0
M0061602,N,46,0,35123.25,0,1,0,5833.7,42778.76,1.88
M0061603,N,23,0,6014.59,0,0,0,5744.02,3079.08,0.0
M0061604,Y,47,4,299031.36,3,3,2,163646.47,165043.34,5.67
M0061605,N,60,0,9306.93,0,1,1,6640.11,3212.91,1.32
M0061606,N,65,0,3649.57,0,0,0,2181.46,4054.54,2.08
M0061607,Y,43,5,192543.76,4,4,3,91183.51,103253.88,4.7
M0061608,N,45,1,16966.16,1,1,1,4031.99,13166.68,1.11
M0061609,N,18,1,4670.43,0,0,0,3404.19,2735.15,0.19
M0061610,N,57,1,5032.1,1,0,1,1281.53,3021.37,0.0
M0061611,N,74,1,10498.69,0,0,0,1208.27,7790.12,1.64
M0061612,N,27,0,32060.24,0,2,0,5398.05,40416.73,0.66
M0061613,N,53,0,7356.46,1,1,0,1337.37,6790.1,0.0
M0061614,N,76,1,7513.9,0,0,0,3550.1,6401.36,2.58
M0061615,N,54,3,41099.93,1,0,0,8003.54,25263.44,2.66
M0061616,N,38,1,5885.79,0,0,0,2356.0,4680.93,1.78
M0061617,N,66,3,6317.64,0,0,0,2454.0,5177.4,0.0
M0061618,N,70,2,11323.49,0,0,0,1841.07,8139.18,1.75
M0061619,N,63,0,4336.92,0,1,0,1887.48,5427.65,1.63
M0061620,N,59,3,13507.39,0,0,0,7805.99,13042.84,0.0
M0061621,N,29,0,9566.16,0,3,0,3426.84,13071.02,0.91
M0061622,N,54,0,17641.14,0,1,0,5586.46,11644.76,1.16
M0061623,N,41,0,31273.51,0,2,0,5511.3,20783.97,1.5
M0061624,N,72,2,9853.87,0,2,0,4759.35,5423.87,1.09
M0061625,N,33,2,7880.19,0,0,0,1288.67,6017.56,0.25
M0061626,N,20,0,20769.77,0,0,0,1965.33,27975.22,0.82
M0061627,N,33,1,12642.29,0,1,0,16751.25,6210.08,0.42
M0061628,N,29,1,8111.54,0,0,0,2315.13,8843.21,0.29
M0061629,N,63,2,8650.7,0,0,0,5106.47,8327.39,0.69
M0061630,N,58,1,8123.0,0,0,1,11039.47,2658.94,1.62
M0061631,N,49,0,27263.07,0,0,0,3506.65,33607.14,0.77
M0061632,N,33,0,3607.22,0,0,1,1128.65,1846.49,0.0
M0061633,N,66,0,11944.9,0,1,0,3442.01,10271.75,0.73
M0061634,N,70,1,22508.1,1,0,0,2502.05,18689.36,1.62
M0061635,N,52,2,7665.54,0,0,0,1423.7,6561.22,1.01
M0061636,N,67,0,15143.74,0,0,0,2427.55,13926.38,0.39
M0061637,N,40,0,2537.99,0,0,0,240.35,2498.78,0.52
M0061638,N,49,2,17883.72,1,0,0,2168.2,15231.54,2.03
M0061639,N,32,0,7960.28,0,0,0,2181.34,4690.26,1.57
M0061640,N,51,2,10728.56,0,0,0,2973.5,9568.87,0.54
M0061641,N,43,2,16678.31,0,0,0,7029.85,12182.99,1.02
M0061642,N,67,2,10189.54,0,0,1,7739.16,5135.75,1.22
M0061643,N,62,0,5132.66,0,0,0,1540.24,4344.21,1.5
M0061644,N,52,0,16958.27,0,0,0,2346.08,18470.46,1.81
M0061645,N,46,1,6007.43,0,0,0,2706.43,2635.78,0.92
M0061646,N,59,0,9078.86,0,0,0,1420.51,8862.24,0.97
M0061647,N,18,3,18186.39,0,0,0,5617.81,12220.48,2.25
M0061648,N,77,1,18973.44,0,0,0,4781.99,10913.42,1.57
M0061649,N,62,0,5166.4,1,0,1,1606.4,5417.26,0.11
M0061650,N,33,1,5149.98,1,1,1,952.84,4935.16,1.74
M0061651,N,25,0,3776.23,0,0,0,2524.28,1566.73,0.32
M0061652,N,79,2,10432.19,0,1,0,7681.18,6652.1,1.93
M0061653,N,79,2,15737.19,1,0,1,5439.78,7047.01,2.33
M0061654,N,29,1,5435.84,0,0,1,2482.59,5294.54,1.93
M0061655,N,58,0,17574.78,0,1,0,4197.39,10187.01,1.19
M0061656,N,69,1,11488.44,0,0,0,2068.24,7848.97,0.86
M0061657,N,29,1,11994.84,1,1,1,3415.97,6939.72,2.52
M0061658,N,46,1,13037.51,1,0,0,1960.8,9869.61,2.11
M0061659,N,72,1,12085.43,0,0,0,1774.22,10257.38,0.29
M0061660,N,28,0,12493.48,0,0,0,2136.16,11958.83,0.99
M0061661,N,71,1,21023.94,0,2,1,3642.0,22293.91,1.53
M0061662,N,40,1,20471.95,1,0,1,2394.49,17509.63,2.03
M0061663,N,74,1,5924.45,0,0,0,1495.74,3707.62,1.18
M0061664,N,79,1,10156.31,0,0,1,9256.57,4892.05,0.42
M0061665,N,20,1,1980.26,0,1,1,1142.43,1198.95,1.77
M0061666,N,22,1,3738.68,0,0,0,1636.89,2836.57,0.88
M0061667,Y,54,8,427077.09,5,3,4,192439.42,206589.68,4.39
M0061668,N,20,1,15533.55,0,2,0,5515.52,6814.59,0.0
M0061669,N,41,2,24227.03,1,0,0,6087.82,12869.85,2.3
M0061670,N,66,0,11556.44,0,1,0,4448.63,7934.63,0.34
M0061671,N,42,2,7552.53,0,0,0,1214.42,4947.19,0.99
M0061672,N,47,0,5450.04,0,0,0,1602.81,3363.15,0.89
M0061673,N,54,2,4608.49,1,0,0,1550.58,5791.46,0.92
M0061674,N,77,0,5649.46,0,0,0,4614.86,3444.31,0.48
M0061675,N,68,3,27399.15,1,0,1,6917.62,22525.04,0.67
M0061676,N,37,0,7560.85,0,0,1,8818.74,4315.88,1.57
M0061677,N,24,2,16213.0,0,0,0,7437.91,12791.67,1.68
M0061678,N,24,1,21524.46,0,0,1,13011.4,14356.9,2.07
M0061679,N,40,0,5858.22,0,1,1,3724.48,3093.95,1.54
M0061680,N,53,1,31904.93,0,2,1,1164.54,27322.01,0.25
M0061681,N,43,1,7727.9,0,1,0,3220.99,8211.03,2.78
M0061682,N,66,2,20609.51,0,0,0,3946.29,18863.82,0.11
M0061683,N,41,2,17655.37,0,1,0,6117.89,14844.15,1.37
M0061684,N,65,1,10397.19,0,0,1,3697.03,10850.73,0.19
M0061685,N,32,0,7108.91,0,1,0,795.26,8741.76,0.35
M0061686,N,57,1,8803.23,0,1,0,2440.86,9382.24,0.36
M0061687,N,18,1,13851.47,1,1,2,3212.44,11853.61,1.87
M0061688,N,50,1,4448.36,0,0,0,1745.12,2154.84,0.35
M0061689,N,52,1,22075.58,0,1,1,2981.89,24407.77,0.09
M0061690,N,61,0,5819.69,0,2,0,3823.65,3224.51,1.29
M0061691,N,79,0,4227.88,0,0,0,325.13,5999.94,0.91
M0061692,N,80,0,2872.49,0,1,0,552.8,2676.65,0.13
M0061693,N,51,1,11158.65,0,1,2,2623.27,10266.84,0.08
M0061694,N,36,1,13399.56,0,0,0,4284.91,11486.08,0.15
M0061695,Y,80,5,278521.25,3,4,4,200095.68,89367.82,4.93
M0061696,N,46,0,6020.08,0,0,0,809.26,6434.09,0.96
M0061697,N,44,0,17574.21,0,2,0,6907.39,23157.3,2.31
M0061698,N,43,0,13062.12,0,2,0,2407.48,12542.83,0.04
M0061699,N,26,0,17904.69,0,3,0,4196.71,10892.87,0.4
M0061700,N,73,1,16856.97,0,1,0,6147.52,7557.69,0.98
M0061701,Y,65,3,261493.86,7,2,1,38878.19,205635.22,4.58
M0061702,N,76,1,6800.63,0,0,0,3649.38,4034.9,0.33
M0061703,N,36,0,3520.52,1,0,0,562.83,2820.8,0.65
M0061704,N,67,1,4955.62,0,0,0,2154.03,3041.87,2.78
M0061705,N,19,1,7903.07,0,1,0,2825.3,7192.41,0.0
M0061706,N,54,2,12780.03,1,1,1,7937.27,12754.84,0.54
M0061707,N,67,0,2556.32,0,0,0,838.46,1493.51,0.0
M0061708,N,53,1,21059.34,1,1,0,6407.81,19422.13,0.44
M0061709,N,64,1,12431.52,0,0,0,1765.72,14121.98,0.0
M0061710,N,52,0,24066.22,0,1,0,11523.95,9918.4,2.24
M0061711,N,43,0,6579.29,0,0,1,2406.25,3024.77,1.45
M0061712,N,72,1,18591.45,0,1,0,7771.48,9201.39,0.6
M0061713,N,69,2,1889.29,0,2,0,1331.41,1168.05,0.16
M0061714,N,59,0,4126.98,0,0,0,960.78,4159.63,0.0
M0061715,N,62,2,26289.38,0,0,0,9532.36,14358.51,2.55
M0061716,N,48,1,6421.98,0,1,2,722.88,7759.66,0.0
M0061717,N,39,1,7878.82,0,0,0,1099.74,7154.07,2.26
M0061718,N,59,0,3960.08,0,0,0,1163.0,4121.98,0.44
M0061719,N,46,2,9229.77,0,2,1,3889.41,5802.42,1.79
M0061720,N,39,1,14656.97,0,0,0,4923.92,10319.12,1.91
M0061721,N,37,1,7674.7,0,1,0,1754.38,11393.78,0.0
M0061722,N,24,3,19449.8,0,0,1,6868.95,20205.29,1.79
M0061723,N,21,0,9271.51,0,0,0,5287.86,5598.33,0.41
M0061724,N,55,0,13271.46,1,0,0,3626.63,7773.13,1.37
M0061725,N,33,1,19157.38,1,2,0,6614.69,15435.79,0.92
M0061726,N,41,0,22929.02,1,1,0,2191.18,16072.62,1.09
M0061727,N,77,0,6795.21,0,2,0,2906.51,6490.68,1.35
M0061728,N,69,1,5961.2,0,3,0,3248.77,2846.75,1.22
M0061729,N,20,2,15445.7,0,0,0,5223.81,13872.12,1.46
M0061730,N,70,1,9722.05,0,1,0,2974.94,11213.19,1.4
M0061731,N,48,0,7704.96,0,2,1,2568.64,8367.83,1.45
M0061732,N,54,1,6905.7,0,0,1,2553.56,6159.38,0.36
M0061733,N,74,1,10356.95,0,2,0,1368.89,8821.56,1.7
M0061734,N,42,1,10142.54,0,0,0,5608.64,9589.55,0.45
M0061735,Y,59,7,212348.73,2,3,3,68993.04,189178.69,4.67
M0061736,N,64,0,5198.34,0,0,0,2484.51,4239.99,0.71
M0061737,N,44,0,3315.37,0,0,0,1161.73,4301.24,0.72
M0061738,N,32,2,13397.49,0,1,0,2881.45,11947.08,3.17
M0061739,N,42,3,20274.72,0,1,1,7108.95,9246.83,2.68
M0061740,N,23,2,7837.49,0,0,1,5688.37,3370.99,1.85
M0061741,N,23,0,3151.35,0,0,0,1364.31,3486.5,0.8
M0061742,N,63,2,10402.86,0,0,2,3770.5,10708.92,1.93
M0061743,N,24,1,33048.82,0,0,0,4063.02,25361.51,2.09
M0061744,N,32,1,2476.4,0,0,0,1519.51,1049.29,0.12
M0061745,N,55,2,14493.54,0,0,2,1509.93,20570.9,2.5
M0061746,N,69,0,9947.59,0,0,0,2511.52,10598.36,0.0
M0061747,N,71,0,4407.72,0,1,0,1282.28,4923.56,0.65
M0061748,N,57,0,11495.23,0,2,0,1939.38,16035.64,0.67
M0061749,N,62,3,13445.35,0,0,0,9374.38,9862.85,2.75
M0061750,N,25,0,11318.28,0,0,0,6129.9,10743.48,0.84
M0061751,N,18,2,13136.94,1,0,1,5280.58,14755.54,2.14
M0061752,N,36,3,6942.22,1,1,1,4979.31,7132.65,0.78
M0061753,N,61,0,8410.6,0,1,0,3542.58,3726.55,0.39
M0061754,N,56,1,7518.09,2,1,0,4484.47,6683.33,1.66
M0061755,N,35,0,20055.37,0,1,0,11957.31,8004.77,2.07
M0061756,N,18,1,13701.44,0,1,0,806.38,10244.23,0.4
M0061757,N,51,1,5783.43,0,1,0,1835.5,6332.11,0.96
M0061758,N,60,2,7648.78,0,0,0,2105.6,6949.11,1.93
M0061759,N,67,1,3395.67,0,0,0,2690.07,2353.74,0.0
M0061760,N,19,2,15762.33,1,1,0,3730.3,11380.13,1.85
M0061761,N,41,1,23376.36,0,0,1,5482.26,18820.82,1.05
M0061762,N,62,3,3493.83,0,1,1,1040.89,2038.33,0.03
M0061763,N,45,0,43626.44,1,0,1,12319.72,22729.35,1.33
M0061764,N,36,0,1698.55,1,0,0,972.95,1244.15,1.52
M0061765,N,50,0,10255.1,0,1,0,4630.56,5772.68,0.9
M0061766,N,62,1,18985.34,0,0,0,6544.87,10540.23,2.71
M0061767,N,30,2,11802.21,0,0,0,2631.85,10491.26,1.03
M0061768,N,77,0,3280.23,0,0,0,1122.37,4673.83,0.37
M0061769,N,42,4,3218.14,0,3,1,1633.38,4128.73,1.71
M0061770,N,26,1,10725.9,0,0,0,3272.85,6093.47,0.0
M0061771,N,47,1,3289.54,0,0,0,873.0,1995.17,0.0
M0061772,N,18,3,18828.59,1,2,1,15082.26,6676.02,0.74
M0061773,N,52,1,8293.68,0,2,0,1026.69,5720.15,0.0
M0061774,N,70,0,20081.53,0,2,1,5742.85,15366.84,0.59
M0061775,N,76,0,26758.12,0,1,0,2735.56,18411.82,0.33
M0061776,N,46,3,13722.77,0,1,0,3976.19,8934.67,1.31
M0061777,N,58,0,7637.52,0,0,0,2263.19,7422.38,0.95
M0061778,N,46,0,6826.54,0,0,0,5029.45,5569.79,0.71
M0061779,N,55,1,10356.11,0,2,0,8929.18,5001.42,0.73
M0061780,N,33,1,24199.93,0,1,0,1908.01,18579.51,1.05
M0061781,N,33,2,7636.9,0,0,0,1148.39,9086.76,0.58
M0061782,N,21,3,14922.99,0,1,0,2111.38,16575.1,2.61
M0061783,N,27,1,19064.16,1,1,0,4800.01,11429.0,1.06
M0061784,N,25,1,13981.81,1,1,0,6184.76,12177.98,0.72
M0061785,N,71,1,13203.98,0,0,0,2149.73,16379.34,1.42
M0061786,N,54,0,1800.65,0,0,0,470.42,2497.96,0.27
M0061787,N,67,1,14396.94,0,2,0,3453.29,10958.3,1.24
M0061788,N,70,1,12326.83,0,1,0,3823.07,7959.56,1.61
M0061789,N,51,0,22976.61,0,2,0,7904.1,13679.13,1.33
M0061790,N,31,0,6278.03,1,0,1,1588.45,7651.62,1.66
M0061791,N,44,1,6529.81,0,0,2,3432.35,8350.2,0.67
M0061792,N,59,2,21403.97,1,0,1,10606.43,13418.81,0.02
M0061793,N,78,1,3483.61,1,0,0,597.17,2241.96,0.0
M0061794,N,73,1,4464.25,1,2,0,1857.79,4848.24,0.0
M0061795,N,21,0,9998.4,0,0,0,678.18,7148.12,1.15
M0061796,N,22,1,12293.23,0,1,0,1994.09,14847.13,0.46
M0061797,N,76,0,9255.49,1,2,0,1285.36,6261.39,0.45
M0061798,N,55,0,3888.4,0,0,0,1088.48,3436.7,0.79
M0061799,N,38,2,8066.21,1,3,1,3100.34,10453.37,2.2
M0061800,Y,81,8,251556.97,2,2,6,82133.9,153519.98,2.0
M0061801,N,77,1,3523.22,0,0,0,2275.8,3758.75,0.78
M0061802,N,65,0,6723.72,0,0,1,3768.79,5526.02,1.54
M0061803,N,35,1,10507.0,0,0,0,5788.67,2631.82,1.68
M0061804,N,62,2,7402.59,0,1,0,2419.6,4017.26,2.17
M0061805,N,62,2,10271.12,1,2,0,2514.95,14084.19,1.27
M0061806,N,64,1,10179.18,0,0,1,5810.22,12242.62,1.21
M0061807,N,23,0,4650.44,1,1,2,3519.98,3981.4,1.2
M0061808,N,46,0,8218.0,0,1,0,1983.18,7341.27,0.07
M0061809,N,51,0,7962.41,1,0,0,2839.93,3690.94,1.09
M0061810,N,65,0,7779.28,1,1,0,1168.03,6009.38,0.92
M0061811,N,62,0,22135.82,0,2,0,6854.99,22198.91,2.61
M0061812,N,38,0,12791.46,0,1,0,1403.2,8663.99,1.08
M0061813,N,36,0,3889.75,0,0,0,1084.55,3615.51,0.69
M0061814,N,54,1,15430.46,0,0,0,6667.84,6958.22,0.72
M0061815,Y,53,6,407965.28,2,4,1,74278.73,274462.3,5.68
M0061816,N,52,1,16415.61,0,0,0,1516.68,24543.83,1.08
M0061817,N,50,0,13623.01,0,1,0,4601.33,10250.45,0.96
M0061818,Y,38,5,333039.51,4,5,5,212079.29,165715.25,7.77
M0061819,N,43,2,14789.05,0,1,0,4889.17,17455.7,1.94
M0061820,N,70,2,17558.73,0,0,0,7280.13,10760.58,2.5
M0061821,N,67,1,12576.62,0,1,0,2701.51,7131.41,0.73
M0061822,N,55,1,8753.77,2,0,1,4496.96,8920.11,0.96
M0061823,N,72,0,14218.83,0,0,0,2497.43,10329.66,0.19
M0061824,N,33,1,13720.71,2,1,0,2971.39,14757.16,1.32
M0061825,N,52,0,10467.21,1,0,0,2466.16,10540.47,1.96
M0061826,N,47,1,3723.02,0,0,0,1519.14,1902.53,0.25
M0061827,N,36,2,25636.84,0,1,0,6166.29,18711.5,2.26
M0061828,N,39,0,4581.65,0,0,0,2133.49,3899.94,2.06
M0061829,N,21,3,15761.29,0,1,1,1529.89,11766.89,1.35
M0061830,N,54,2,4524.03,0,0,1,2150.2,4066.52,1.82
M0061831,N,77,3,13972.64,0,0,0,8161.11,13252.41,0.29
M0061832,N,44,0,3611.73,2,0,0,2291.78,1373.36,0.96
M0061833,N,39,0,11775.0,0,1,0,3252.25,9545.02,0.0
M0061834,N,67,2,44548.92,0,1,0,4351.63,41305.88,0.55
M0061835,N,76,1,18207.34,0,0,0,3458.51,11328.91,1.73
M0061836,N,46,0,5724.69,0,0,0,1163.01,4995.36,0.66
M0061837,N,51,1,25822.19,0,0,0,9618.08,19685.25,1.39
M0061838,N,60,0,7744.21,0,1,0,2703.97,7317.44,0.34
M0061839,N,37,0,32374.93,1,1,0,12866.16,14860.48,1.64
M0061840,N,32,0,7100.42,0,0,0,708.41,7650.26,1.11
M0061841,N,74,1,12364.97,0,1,0,2915.3,9842.79,0.0
M0061842,N,74,2,10741.16,1,0,0,6181.01,4864.51,2.65
M0061843,N,53,0,8149.31,0,0,0,629.67,7618.31,0.22
M0061844,N,20,0,5702.38,0,1,1,1798.76,8429.02,1.3
M0061845,N,79,0,3765.03,1,2,0,2874.33,3792.18,1.15
M0061846,N,50,3,5861.33,0,0,0,2053.83,3881.44,1.66
M0061847,N,34,2,7271.19,0,1,0,4031.38,6327.79,0.47
M0061848,N,33,1,11486.03,1,1,0,5950.28,5254.54,1.58
M0061849,N,57,2,6312.81,2,1,0,4672.7,3906.32,1.71
M0061850,Y,48,5,427466.85,4,1,5,71888.58,305197.66,6.8
M0061851,N,27,0,3430.85,0,0,0,806.07,2517.92,0.04
M0061852,N,19,0,12993.55,0,0,0,1455.26,9644.8,0.14
M0061853,N,57,3,11047.64,0,0,0,1038.62,8649.19,0.0
M0061854,N,42,0,4623.83,0,1,0,862.01,3847.21,0.0
M0061855,N,35,2,6429.94,0,0,0,665.52,4629.01,2.16
M0061856,N,55,0,14744.21,0,0,0,4701.51,7962.64,1.61
M0061857,N,25,3,10942.7,0,0,0,4031.61,4937.7,1.13
M0061858,N,43,2,8704.73,0,1,0,1174.99,7785.71,1.85
M0061859,N,18,3,11324.17,1,0,0,935.06,9561.41,0.24
M0061860,N,25,3,14147.31,1,2,0,7218.12,6411.59,1.67
M0061861,N,19,0,9021.43,0,1,0,777.74,8414.66,0.57
M0061862,N,56,0,8896.98,0,2,0,2940.79,6189.23,0.0
M0061863,N,77,0,18017.1,1,1,0,17150.61,7177.35,0.5
M0061864,N,67,0,6478.29,0,1,0,2476.44,3483.65,0.0
M0061865,N,65,1,9595.04,0,1,1,2667.34,5194.78,0.33
M0061866,N,64,1,6406.14,0,0,0,3164.56,8322.9,1.24
M0061867,N,73,0,11526.3,0,0,0,1986.36,9617.18,2.17
M0061868,N,28,2,9003.68,0,0,1,6184.3,1712.46,0.85
M0061869,N,61,2,52250.71,1,2,1,7733.38,45582.68,3.18
M0061870,N,42,0,3223.19,0,1,0,735.56,3059.64,1.34
M0061871,N,65,2,8883.74,0,0,0,1263.08,6774.98,0.63
M0061872,N,28,1,6986.54,0,3,1,2189.35,6872.21,1.83
M0061873,N,25,2,6569.59,0,1,0,3135.02,7301.84,1.58
M0061874,N,75,1,2629.2,0,0,1,1727.83,2409.97,1.74
M0061875,N,37,1,11124.48,1,0,0,1610.61,12568.52,0.57
M0061876,N,26,2,20045.25,0,2,1,3082.58,19862.55,1.19
M0061877,N,50,1,8430.87,0,0,1,969.36,6150.98,0.52
M0061878,N,40,0,10290.33,0,0,0,3756.74,4851.65,1.35
M0061879,N,30,0,45190.33,0,1,1,2131.85,37694.6,2.32
M0061880,N,41,1,11803.13,0,1,1,3270.12,7138.18,1.16
M0061881,N,79,1,23558.39,0,0,0,2771.67,21514.15,0.43
M0061882,N,55,1,3606.36,1,0,0,337.03,3796.06,1.17
M0061883,N,61,0,7513.45,0,0,0,4776.99,1177.24,0.23
M0061884,N,19,1,18791.47,0,0,0,4033.53,18054.9,1.98
M0061885,N,20,2,4898.05,0,2,0,2290.51,3608.97,0.0
M0061886,N,70,0,6953.27,0,2,1,4866.47,3961.75,0.95
M0061887,N,51,0,5805.93,0,2,0,295.78,7675.15,0.72
M0061888,N,61,0,5396.24,0,1,0,872.19,3952.86,0.08
M0061889,N,80,1,8367.13,0,0,0,986.42,11673.06,0.73
M0061890,N,37,2,31414.66,1,2,0,13430.2,21415.05,2.05
M0061891,N,36,0,14140.11,0,0,0,1446.75,15318.03,1.31
M0061892,N,22,1,18633.87,0,2,1,1742.96,15367.91,1.01
M0061893,N,64,0,13950.55,1,1,0,6430.95,15659.19,1.51
M0061894,Y,44,6,263122.54,4,8,5,217672.09,125688.1,7.11
M0061895,N,57,0,25979.08,0,1,0,3941.76,18344.53,0.0
M0061896,N,74,0,18976.65,1,1,0,1296.93,31252.08,0.0
M0061897,N,63,3,18995.69,1,1,2,3371.99,25273.61,2.58
M0061898,N,78,1,4868.66,0,0,0,964.2,4210.01,0.45
M0061899,N,58,3,11977.6,1,1,0,7933.95,6258.59,1.3
M0061900,N,33,2,11641.72,0,0,0,1052.18,11249.84,1.14
M0061901,N,52,2,7787.99,0,2,1,3126.34,6887.03,0.76
M0061902,N,80,1,9407.27,0,0,0,1437.95,10455.84,1.9
M0061903,N,57,0,17628.52,0,2,0,7933.28,8279.79,1.16
M0061904,N,44,0,8291.19,0,1,0,6121.85,4186.03,0.0
M0061905,N,51,0,5423.22,0,1,0,620.26,5262.04,0.0
M0061906,N,33,1,5112.22,0,1,0,1347.8,5907.74,1.39
M0061907,N,27,0,12637.47,0,0,0,2710.11,7974.31,0.0
M0061908,N,56,1,3534.99,0,0,0,793.71,4858.47,0.0
M0061909,N,47,1,2698.8,0,1,0,625.1,3704.01,1.4
M0061910,N,55,2,16494.05,0,0,1,3759.07,9470.05,0.86
M0061911,N,68,0,18252.75,1,1,1,6991.29,21016.63,1.91
M0061912,N,57,0,17568.01,0,0,0,2124.48,18833.36,1.48
M0061913,N,44,1,7700.52,0,0,1,2592.52,4957.6,0.22
M0061914,N,39,1,7819.18,0,1,0,3377.39,5008.51,0.0
M0061915,N,38,1,10265.38,1,0,0,1728.53,6554.48,0.0
M0061916,N,65,1,24020.64,1,1,0,9029.46,11379.0,0.65
M0061917,N,75,1,2165.91,0,0,0,830.19,2426.62,0.0
M0061918,N,50,1,37853.14,0,0,0,6153.05,23668.91,0.79
M0061919,N,57,1,5438.89,0,0,0,844.07,5886.45,1.7
M0061920,N,27,1,13783.64,0,0,0,2394.1,20628.69,0.0
M0061921,N,42,0,9622.18,0,0,0,1462.95,7623.41,0.6
M0061922,N,49,0,14935.36,1,1,0,4047.44,8165.87,1.31
M0061923,N,65,0,7840.48,0,1,0,2737.92,10041.92,0.62
M0061924,N,70,1,10635.24,0,1,0,5554.05,3921.66,0.12
M0061925,N,69,2,14130.92,0,0,0,10547.04,5535.77,0.87
M0061926,N,69,0,5689.9,0,1,0,1159.02,8832.68,0.6
M0061927,N,55,2,5317.94,0,0,0,647.95,8341.26,0.0
M0061928,N,75,1,32448.3,1,1,0,19415.93,7487.39,2.11
M0061929,Y,36,3,268956.01,5,3,4,101250.29,166161.55,4.56
M0061930,N,79,1,9017.14,0,0,1,4165.2,9920.19,0.09
M0061931,N,80,0,5528.73,0,0,0,1448.82,6843.82,0.52
M0061932,N,59,2,14037.07,1,0,0,3268.51,18055.85,1.18
M0061933,N,30,2,39230.2,0,0,1,15863.77,19776.02,1.85
M0061934,N,55,1,10428.2,0,0,0,1264.11,7729.35,0.18
M0061935,N,51,1,24948.12,0,2,0,3519.11,40627.57,1.42
M0061936,N,63,1,4646.56,0,1,0,1063.1,4022.99,0.81
M0061937,N,34,2,4018.71,1,0,0,1200.12,3204.76,0.0
M0061938,N,65,0,17857.87,0,1,0,3089.9,12329.44,0.6
M0061939,N,48,1,3726.54,0,0,0,786.47,3552.08,0.73
M0061940,N,80,2,11034.98,0,1,1,1631.01,11437.9,2.58
M0061941,N,55,1,5174.34,0,0,0,2627.03,2986.42,1.16
M0061942,N,58,1,10923.45,1,1,0,3153.17,11184.14,1.63
M0061943,N,54,3,33153.14,0,1,0,1886.58,24844.85,1.86
M0061944,N,54,1,2756.27,0,0,0,1254.82,2339.65,0.26
M0061945,Y,86,6,289362.05,5,4,1,205835.28,171864.94,3.79
M0061946,N,19,1,12820.27,0,0,0,2350.03,8062.68,0.48
M0061947,N,53,1,7074.02,0,1,0,2678.53,4133.95,1.19
M0061948,N,66,2,13438.41,1,0,0,3401.37,7404.74,0.99
M0061949,N,20,3,13126.64,1,0,2,1891.13,14167.27,1.09
M0061950,N,59,1,14455.87,0,1,0,11890.4,5084.36,0.0
M0061951,N,78,2,13142.89,0,0,2,3983.22,9257.94,1.98
M0061952,N,19,0,22258.27,1,0,1,9693.63,26251.42,3.41
M0061953,N,27,0,6800.81,0,0,1,1190.19,4220.0,0.0
M0061954,Y,81,6,317157.74,2,4,4,166696.37,195376.61,5.54
M0061955,N,41,1,6713.3,0,1,1,2870.32,6256.58,1.05
M0061956,N,27,0,7760.71,0,0,0,4912.59,7763.47,0.15
M0061957,N,64,1,12630.03,0,2,1,4689.8,7276.49,0.37
M0061958,N,43,2,19754.02,2,2,1,6408.47,21557.5,2.99
M0061959,N,27,1,6460.75,0,0,0,1591.94,7058.88,0.49
M0061960,N,66,0,12677.23,0,0,1,6132.33,7761.02,0.38
M0061961,N,24,0,10522.34,0,1,0,5017.2,3241.03,1.79
M0061962,N,60,1,10941.7,0,0,0,1427.53,9534.52,0.16
M0061963,N,60,1,12927.09,0,1,1,3724.41,10027.49,0.29
M0061964,N,25,1,5769.25,0,1,0,5809.66,4331.19,1.21
M0061965,N,19,0,29027.79,2,1,0,1050.11,32527.88,0.3
M0061966,N,72,2,12573.14,0,0,0,6398.77,4327.65,1.04
M0061967,N,63,2,48284.14,1,2,1,32662.57,17651.77,2.0
M0061968,N,23,2,8796.81,1,0,0,5452.41,5395.46,2.1
M0061969,N,52,1,13803.36,0,0,0,4195.25,13024.57,1.64
M0061970,N,33,3,16186.39,0,0,0,1728.11,13158.21,0.92
M0061971,N,65,1,7352.03,0,2,1,1311.36,10998.43,3.12
M0061972,N,75,1,23934.75,1,2,0,9522.34,12775.63,1.66
M0061973,N,62,1,26145.85,0,2,1,7268.39,19772.76,1.88
M0061974,N,71,1,25165.59,0,1,0,3933.08,41779.57,2.64
M0061975,N,63,1,6283.83,0,0,0,1957.44,3347.91,1.19
M0061976,N,79,4,14409.52,0,0,0,8654.35,7640.53,0.61
M0061977,N,48,1,14937.45,0,1,1,1254.33,15248.12,1.03
M0061978,N,71,0,6834.05,0,0,0,2926.12,3786.85,0.16
M0061979,N,43,0,14883.61,0,1,1,6417.74,6524.25,1.77
M0061980,N,50,1,10546.15,0,2,0,4072.04,5102.03,1.18
M0061981,N,72,2,3699.02,0,0,0,1717.54,1527.78,0.25
M0061982,N,56,0,14049.71,0,2,0,5177.15,14096.02,0.97
M0061983,N,48,0,12516.32,0,0,0,3139.38,8335.09,1.74
M0061984,N,20,0,6652.57,0,0,0,3653.81,3412.4,0.52
M0061985,Y,49,3,297867.38,3,5,3,101862.6,160555.45,3.63
M0061986,N,32,1,44390.19,0,0,1,866.56,35575.27,0.2
M0061987,N,60,2,7517.72,0,0,0,2465.41,8183.21,0.0
M0061988,N,74,2,2657.93,1,2,0,836.64,3268.44,1.05
M0061989,N,39,2,18672.91,0,2,0,12118.14,11189.73,1.95
M0061990,N,79,2,4126.94,1,0,0,1667.04,5301.96,0.75
M0061991,N,44,0,34992.69,0,0,1,13169.3,16548.37,0.26
M0061992,N,23,0,3367.97,0,0,1,467.23,2927.38,0.16
M0061993,N,47,0,11438.63,0,0,0,917.25,11023.95,1.06
M0061994,N,55,0,12549.24,0,1,1,3720.28,6526.18,1.21
M0061995,N,30,0,22160.87,0,0,0,2908.33,15260.57,1.08
M0061996,N,61,3,37606.62,0,0,0,42493.2,7370.83,0.59
M0061997,N,49,1,7643.06,0,0,0,2513.92,10466.72,2.34
M0061998,N,48,0,7188.53,0,0,0,1744.36,8381.87,0.0
M0061999,N,40,0,9710.33,0,3,1,2299.64,7346.17,0.26
M0062000,N,51,3,12342.9,1,3,2,2387.88,13226.11,1.26
M0062001,N,73,2,17367.36,0,0,0,7191.5,11460.78,2.68
M0062002,Y,50,6,205734.91,1,3,4,69837.36,149373.51,5.62
M0062003,N,20,1,12646.21,0,1,1,2269.63,15637.06,2.19
M0062004,N,20,0,3726.36,0,0,0,794.82,4896.14,0.0
M0062005,N,49,0,19159.94,0,0,0,4754.3,11582.39,0.0
M0062006,N,50,0,17673.17,0,2,0,7355.06,19383.84,1.22
M0062007,N,68,1,16995.42,0,1,1,3992.92,10389.49,1.05
M0062008,N,68,0,8860.13,1,3,1,1608.18,5969.5,1.7
M0062009,N,34,3,25701.46,0,2,1,15785.86,26685.26,1.11
M0062010,N,45,1,10924.42,1,1,0,6196.02,8894.07,0.81
M0062011,N,25,1,46182.28,0,1,0,3232.47,40342.62,1.27
M0062012,Y,77,8,142800.55,1,2,3,36853.63,156434.09,2.26
M0062013,N,63,2,19424.07,0,2,0,7309.42,21750.05,1.06
M0062014,N,59,2,6553.83,0,0,1,1208.02,6438.78,2.24
M0062015,N,46,0,3761.0,0,0,0,3773.0,2802.51,0.67
M0062016,N,56,2,6685.1,0,0,0,3228.29,3193.43,0.0
M0062017,N,73,2,26244.3,1,0,1,10683.15,11906.35,1.88
M0062018,N,57,1,12410.76,0,2,0,11086.87,10400.08,1.01
M0062019,N,27,1,13014.51,0,1,0,2464.41,10526.72,1.32
M0062020,N,52,0,9613.47,0,0,1,4516.0,3210.18,0.38
M0062021,N,27,1,5419.45,0,0,0,2924.8,6655.14,0.42
M0062022,N,65,4,25206.05,1,3,0,18981.89,9044.61,2.93
M0062023,N,23,0,6149.72,0,0,0,940.03,5872.5,2.52
M0062024,N,23,2,17542.67,0,4,1,3883.7,12261.89,1.96
M0062025,N,26,0,10257.06,0,1,0,3416.87,5905.74,2.09
M0062026,N,26,0,4178.1,0,0,1,1604.18,3363.99,1.3
M0062027,N,26,1,11559.25,0,0,0,821.35,10651.55,1.21
M0062028,N,72,0,14138.97,0,0,0,4092.15,11929.26,0.0
M0062029,N,59,0,17135.11,0,0,0,1720.45,12321.29,1.19
M0062030,N,34,2,6602.41,0,0,2,1888.31,3523.74,0.0
M0062031,N,68,1,13567.36,0,1,0,5883.87,9333.03,1.06
M0062032,N,36,1,17927.55,0,0,1,5591.02,18606.51,3.28
M0062033,N,49,1,31912.98,1,2,0,30679.88,10214.76,0.0
M0062034,N,32,0,4664.53,0,2,0,4287.24,1782.82,1.43
M0062035,N,37,0,8573.77,0,1,0,2336.41,6264.99,1.43
M0062036,N,62,0,7179.53,1,0,0,1593.58,4648.26,0.0
M0062037,N,55,2,28869.72,0,2,1,6657.32,23604.21,2.58
M0062038,N,78,2,25301.44,0,0,0,12408.73,19110.39,2.3
M0062039,N,64,0,4220.48,0,0,0,563.53,3180.96,0.0
M0062040,N,39,3,30467.35,0,1,1,37723.57,12052.45,2.51
M0062041,N,24,0,4745.86,0,0,1,3822.13,2078.37,0.08
M0062042,N,62,1,7143.85,1,1,0,2159.22,9895.83,1.92
M0062043,N,57,1,10865.02,1,1,0,1803.27,8715.78,0.52
M0062044,N,19,1,21420.5,1,2,0,3520.28,22906.35,1.58
M0062045,N,26,1,38206.72,1,1,2,4138.25,33665.72,2.42
M0062046,N,67,1,9060.49,0,2,0,3587.87,11176.37,2.68
M0062047,N,63,4,17920.25,0,1,0,4826.96,16522.27,1.59
M0062048,N,70,0,4946.11,0,0,0,958.16,6146.16,0.56
M0062049,N,57,0,4298.18,0,0,0,895.93,6575.11,0.0
M0062050,N,53,1,10480.71,1,1,0,5027.43,10532.48,3.07
M0062051,N,50,0,3883.93,0,0,0,1152.48,4574.42,0.0
M0062052,N,57,1,5082.92,0,2,0,1166.9,4451.68,1.68
M0062053,N,33,1,9124.58,0,0,1,496.14,12657.94,0.0
M0062054,N,43,1,8075.19,0,0,0,903.21,11963.0,0.15
M0062055,N,30,2,11297.08,0,1,2,2150.65,9250.71,0.88
M0062056,N,37,1,5420.29,0,1,0,3038.33,1981.38,1.81
M0062057,N,47,2,12802.25,0,1,0,2666.79,7474.56,0.4
M0062058,N,24,0,7692.72,0,0,1,815.68,5698.4,1.06
M0062059,N,76,0,23997.38,1,0,0,14413.21,13369.85,3.1
M0062060,N,27,1,22298.51,0,2,1,8168.9,29984.84,0.3
M0062061,N,71,2,6200.46,0,0,0,939.87,8597.41,0.59
M0062062,N,61,1,15957.39,0,0,0,4032.78,12676.1,0.0
M0062063,N,30,1,11661.64,1,0,0,1694.84,7962.32,1.13
M0062064,N,78,1,7293.04,0,2,1,4530.63,3922.52,0.5
M0062065,N,31,2,10838.97,0,0,0,2652.48,6632.27,1.23
M0062066,N,32,0,18016.6,0,1,0,8938.13,9619.85,1.13
M0062067,N,36,0,7596.14,0,0,0,2802.65,8106.75,0.0
M0062068,N,32,0,16437.19,0,1,1,4029.82,11318.95,0.87
M0062069,N,30,2,9823.23,0,3,0,3899.08,6731.01,2.52
M0062070,N,52,0,11405.79,0,0,0,1135.55,12214.49,1.14
M0062071,N,25,0,9040.07,0,0,0,1233.25,7944.89,1.68
M0062072,N,35,2,8793.51,0,0,0,4854.9,3601.41,0.73
M0062073,N,72,1,5699.58,0,0,0,727.16,6014.25,0.5
M0062074,Y,39,6,296843.33,3,3,4,100591.74,236819.52,5.83
M0062075,N,30,1,14280.43,0,0,0,4150.9,11321.93,1.14
M0062076,N,72,0,7105.13,0,0,0,2111.67,4884.21,1.9
M0062077,N,58,1,4868.91,0,0,0,1527.07,4205.63,1.04
M0062078,N,48,1,5954.7,0,0,0,1274.32,8361.99,0.0
M0062079,N,48,4,11482.62,1,1,0,6010.03,6710.88,1.25
M0062080,N,26,1,14768.59,0,0,1,10511.0,13702.45,0.72
M0062081,N,56,0,4937.94,0,1,0,1336.71,4192.62,0.0
M0062082,N,35,1,17015.22,0,1,0,6076.21,8248.14,0.42
M0062083,N,27,2,15188.47,0,1,1,4680.62,9477.88,1.32
M0062084,N,75,2,23711.92,0,0,0,3967.07,20297.44,2.07
M0062085,N,48,2,8273.74,0,0,2,3099.85,6203.43,1.59
M0062086,N,28,2,6711.85,0,1,0,3795.03,7628.57,0.53
M0062087,N,25,3,6744.21,1,2,1,1934.23,5423.89,0.51
M0062088,N,48,1,11359.44,0,0,1,6487.25,7034.49,0.51
M0062089,N,33,0,11060.25,1,0,2,5439.53,4081.92,0.98
M0062090,N,66,0,8698.5,0,1,0,5724.19,3017.89,0.61
M0062091,N,55,0,6900.85,0,0,0,1372.09,9408.94,2.08
M0062092,N,45,0,7722.93,0,0,0,564.86,7255.43,0.0
M0062093,N,19,0,9373.44,0,0,0,1928.37,5528.81,0.69
M0062094,N,30,1,16326.39,0,0,0,4690.12,8310.42,1.41
M0062095,N,37,2,16358.98,0,0,1,7330.68,10722.13,0.9
M0062096,N,23,0,5516.8,0,0,0,1118.41,5417.24,1.51
M0062097,N,23,1,23553.5,0,1,2,5083.13,22517.75,1.72
M0062098,N,57,1,12747.18,1,3,0,3176.27,8596.81,1.83
M0062099,N,77,1,7450.12,0,0,0,481.14,9503.36,0.0
M0062100,N,22,0,2432.38,1,1,0,425.46,3606.86,1.23
M0062101,N,31,2,4617.47,1,3,0,2526.19,3334.7,0.16
M0062102,Y,40,3,162267.94,1,4,1,82886.79,83732.11,3.39
M0062103,N,63,2,25059.31,1,0,0,10622.43,15219.77,2.38
M0062104,N,41,0,12973.76,0,0,0,4211.42,6575.15,0.0
M0062105,N,48,0,30002.61,0,2,0,1826.7,26488.06,0.79
M0062106,N,58,0,4558.01,0,0,1,3441.16,2943.51,1.7
M0062107,N,22,0,11593.22,0,1,0,1437.29,12259.32,1.68
M0062108,N,78,0,9670.35,0,0,0,640.87,10203.5,0.51
M0062109,N,24,1,6906.52,0,0,0,3013.62,6590.12,1.59
M0062110,N,58,0,7079.83,0,0,0,2398.86,8558.41,1.03
M0062111,N,58,2,7782.12,0,0,0,2374.19,8365.43,1.61
M0062112,N,36,3,8163.4,0,0,0,2149.49,10640.22,1.91
M0062113,N,28,1,14440.41,3,2,0,5145.48,7642.76,1.24
M0062114,Y,77,6,397684.64,3,2,4,65159.73,372635.4,5.67
M0062115,N,58,3,4295.35,0,0,0,309.09,4514.2,0.74
M0062116,N,27,1,21473.09,0,0,0,13110.06,5407.45,1.62
M0062117,N,46,2,8798.07,0,1,0,2474.35,8392.54,1.41
M0062118,N,39,0,9608.65,0,0,0,4054.34,9531.99,2.0
M0062119,N,60,0,5124.05,0,0,0,1733.07,2761.28,0.0
M0062120,N,59,1,13744.88,0,1,0,6426.27,6975.09,0.0
M0062121,N,73,1,5367.42,0,0,0,1517.61,3347.57,0.83
M0062122,N,27,1,5369.67,0,0,0,3134.64,5420.06,0.29
M0062123,Y,65,6,424130.62,4,2,1,183064.26,269384.71,7.4
M0062124,N,33,1,7811.61,0,1,1,5546.23,5112.95,0.75
M0062125,N,64,2,7818.43,0,0,0,2494.33,9442.92,1.21
M0062126,N,61,1,6991.97,1,0,0,2060.59,7293.9,0.0
M0062127,N,56,0,11752.69,0,1,0,3235.9,7995.01,1.56
M0062128,N,39,2,57501.81,1,2,0,17294.13,43222.66,1.64
M0062129,N,62,0,6852.95,1,0,0,1929.18,6830.5,0.95
M0062130,N,22,0,16029.86,0,0,1,5137.39,7549.41,2.15
M0062131,N,75,0,8604.17,0,0,0,2547.96,6731.0,2.07
M0062132,N,24,0,7992.33,0,0,0,3016.78,9571.05,1.57
M0062133,N,36,0,4895.94,0,0,0,2180.78,4907.55,2.46
M0062134,N,61,0,30292.93,1,0,1,835.67,39753.08,0.12
M0062135,N,64,1,20998.04,0,1,0,2967.66,19416.47,1.69
M0062136,N,77,1,5694.62,0,0,0,2384.98,6590.46,0.0
M0062137,N,31,1,24178.24,0,1,0,13029.83,19685.82,0.5
M0062138,N,27,2,6429.65,0,0,0,1842.53,5308.72,0.15
M0062139,N,31,1,6351.43,0,0,0,2451.23,7728.65,0.0
M0062140,N,40,0,11669.24,0,1,0,1020.08,9125.35,0.99
M0062141,Y,49,5,219252.22,2,1,3,66307.82,153575.0,4.92
M0062142,N,41,2,32081.73,0,2,1,15895.87,11770.08,1.09
M0062143,N,19,0,5981.06,1,1,0,2788.87,7593.5,0.93
M0062144,N,70,1,30642.05,0,1,0,1849.55,23814.67,0.8
M0062145,N,18,0,6556.59,0,0,0,392.09,6767.92,2.16
M0062146,N,19,3,13407.7,0,0,2,2783.61,9207.93,1.2
M0062147,N,55,1,15069.82,0,1,1,2332.08,11667.8,1.19
M0062148,N,44,1,14979.34,0,0,0,5318.56,6763.83,0.39
M0062149,N,19,1,12191.68,0,2,1,5868.99,10378.0,1.55
M0062150,N,62,0,26477.87,0,1,2,2737.87,20730.46,0.66
M0062151,N,19,0,5175.11,0,0,0,3501.95,5134.3,1.58
M0062152,N,50,1,10289.93,0,0,0,6479.23,9443.41,0.45
M0062153,N,33,1,3244.31,0,0,0,706.37,3549.38,1.52
M0062154,N,52,2,8699.49,1,0,0,967.13,9215.3,0.81
M0062155,N,25,0,8271.08,0,0,0,3968.9,2901.49,1.52
M0062156,N,38,2,9034.15,0,0,0,6121.96,2920.87,0.98
M0062157,N,52,1,18342.36,0,2,0,4314.74,10331.61,2.25
M0062158,N,78,3,7366.96,0,0,0,6203.91,4292.34,0.56
M0062159,Y,48,7,87449.02,2,4,4,43666.18,67785.13,5.47
M0062160,N,33,0,7394.84,0,1,2,4864.32,8167.65,1.02
M0062161,N,73,0,18546.97,0,1,1,1429.96,13846.07,1.06
M0062162,N,23,1,30743.2,0,2,0,14825.21,14492.46,0.88
M0062163,N,58,0,8863.27,0,0,0,2193.63,5048.79,0.82
M0062164,N,53,1,9278.62,0,2,0,2501.65,12894.14,1.57
M0062165,N,68,2,3992.12,0,0,0,1092.14,3292.24,0.59
M0062166,N,34,0,10555.09,0,0,0,4975.17,5468.26,0.38
M0062167,N,68,3,37177.93,0,2,0,3622.36,29052.14,3.09
M0062168,N,63,1,24135.58,0,3,0,3543.7,17800.33,1.62
M0062169,N,79,2,11360.24,0,0,0,3988.24,8146.05,1.8
M0062170,N,63,1,18160.58,0,1,1,5341.46,15647.36,1.25
M0062171,N,58,1,7448.68,1,0,1,1258.64,6513.9,1.68
M0062172,N,39,0,5026.97,0,0,2,1336.56,3894.05,0.0
M0062173,N,60,1,9415.28,0,0,0,1743.45,6990.12,0.02
M0062174,N,63,1,4565.27,0,0,0,262.58,4901.24,1.21
M0062175,N,63,1,5912.98,0,0,0,673.26,7504.75,0.13
M0062176,N,60,0,2863.25,1,0,0,2257.38,2571.57,0.86
M0062177,N,59,0,3544.05,0,0,1,1339.3,2302.4,1.28
M0062178,N,53,2,9862.69,1,0,1,5959.41,6293.12,0.1
M0062179,N,19,1,13551.3,0,0,0,3117.89,7505.09,0.3
M0062180,N,70,0,4549.03,0,0,2,2715.22,4194.09,1.26
M0062181,N,67,1,17130.81,0,1,2,7373.06,10546.99,1.85
M0062182,N,40,0,14854.75,0,1,0,3333.99,22331.46,2.69
M0062183,Y,57,7,438265.85,5,6,4,83228.04,427778.45,7.83
M0062184,N,47,3,14309.18,0,0,0,675.76,11196.84,0.7
M0062185,N,35,1,19792.1,0,1,0,3950.93,21693.28,0.61
M0062186,N,47,1,9345.4,0,1,0,3903.82,8321.66,2.54
M0062187,N,73,1,13735.12,1,1,0,4473.87,8639.09,1.26
M0062188,N,67,1,6116.83,0,2,0,3684.66,3589.79,0.8
M0062189,N,66,1,8356.32,0,2,0,3986.99,4886.16,1.02
M0062190,N,73,3,10818.55,0,0,0,3307.79,8590.47,1.65
M0062191,N,36,0,7741.88,1,0,0,2926.69,3334.01,0.01
M0062192,N,23,1,3388.42,0,0,0,529.56,4156.31,0.6
M0062193,N,23,0,19008.51,0,0,0,546.16,18785.67,0.0
M0062194,N,70,0,5989.33,0,0,0,862.32,4851.7,0.0
M0062195,N,62,2,16334.27,0,2,0,14977.12,9837.95,1.31
M0062196,N,40,0,6333.96,0,0,0,575.57,5399.88,0.62
M0062197,N,40,2,20370.32,0,0,0,4982.7,14575.3,1.77
M0062198,N,77,1,10879.48,0,1,1,4522.05,12218.57,2.29
M0062199,N,23,0,6845.62,0,0,0,1505.58,8018.6,0.0
M0062200,N,24,1,11313.47,0,0,0,2546.37,12513.17,1.25
M0062201,N,73,2,9299.59,0,0,0,4375.82,4946.37,1.7
M0062202,N,44,2,8052.67,1,0,0,7403.68,4471.68,1.3
M0062203,N,32,1,7693.3,0,2,0,1518.67,6659.03,1.0
M0062204,N,26,0,14448.93,0,1,1,3761.72,13171.39,0.0
M0062205,N,24,0,4613.41,0,2,0,2944.0,4791.1,1.9
M0062206,N,63,4,17458.68,0,2,0,8044.94,14435.08,2.69
M0062207,N,77,0,9985.2,1,0,0,2522.6,8573.01,0.0
M0062208,N,50,1,8086.3,0,1,0,4620.29,5373.31,1.52
M0062209,N,30,1,28238.19,0,0,0,6234.39,16221.65,3.27
M0062210,Y,43,4,214118.35,3,3,3,49844.87,153174.24,4.77
M0062211,Y,85,8,153888.83,3,4,2,52599.52,76633.46,2.69
M0062212,N,61,3,12229.19,0,0,1,6836.88,12793.31,3.1
M0062213,N,49,1,10533.27,1,0,0,2075.62,10930.25,1.07
M0062214,N,63,1,6950.78,0,0,0,2185.54,6470.12,1.09
M0062215,N,58,2,11769.66,0,2,0,4034.7,15750.2,0.79
M0062216,N,60,2,24409.52,1,3,0,7071.02,15503.17,2.51
M0062217,N,42,1,3815.0,0,1,0,2554.02,1653.37,0.33
M0062218,N,48,1,11314.66,0,2,0,2595.86,10487.54,1.21
M0062219,N,60,1,10899.44,0,1,0,3382.37,8178.99,0.58
M0062220,N,19,1,13388.92,0,0,0,6872.89,6130.44,0.9
M0062221,N,25,0,9583.02,0,0,0,2083.16,10361.44,1.44
M0062222,N,62,0,4963.27,0,0,0,1635.04,5161.93,0.22
M0062223,N,28,3,14215.01,0,0,1,6203.03,7905.64,2.0
M0062224,N,54,1,7789.77,0,3,0,2267.87,5682.53,2.3
M0062225,N,20,0,3341.78,0,1,0,2285.91,3618.11,1.89
M0062226,N,70,0,18372.39,1,2,1,5924.77,8632.47,0.78
M0062227,N,25,1,7709.92,0,0,0,2297.22,9080.74,0.58
M0062228,N,57,3,18057.68,0,3,1,2646.59,12409.58,1.78
M0062229,N,43,1,7785.78,0,0,0,2492.05,6378.56,0.56
M0062230,N,45,1,3652.75,1,2,1,1588.26,3176.45,1.07
M0062231,N,32,1,50440.82,0,0,0,2074.61,38045.57,1.67
M0062232,N,20,1,14543.72,0,0,0,6269.27,10654.42,0.55
M0062233,N,23,2,25487.71,1,2,0,6163.72,21351.39,0.81
M0062234,N,65,0,8142.15,0,1,0,2496.34,3901.26,1.2
M0062235,Y,47,5,319629.72,3,4,5,61945.69,253908.04,4.83
M0062236,N,66,0,15052.82,0,2,0,1546.13,10965.06,2.91
M0062237,N,66,2,8659.07,0,0,0,6410.36,6735.71,0.45
M0062238,N,46,1,7827.49,0,2,1,1087.36,7746.01,1.09
M0062239,N,69,2,9777.8,0,2,1,1958.75,11734.38,0.35
M0062240,N,55,2,5495.93,0,0,1,3545.68,4867.79,3.23
M0062241,N,38,0,10252.02,0,0,0,4888.33,4973.89,0.61
M0062242,N,33,1,6913.85,0,1,0,3716.53,2164.2,0.43
M0062243,N,80,0,14093.02,0,0,0,4774.5,9479.05,0.86
M0062244,N,19,1,13639.82,1,1,0,4305.22,14133.77,0.88
M0062245,N,21,0,21567.88,0,0,0,7861.16,20263.44,0.32
M0062246,N,76,2,17975.63,0,1,0,8241.32,7280.09,3.18
M0062247,N,60,1,16432.19,0,3,1,5105.43,24422.86,0.2
M0062248,Y,49,6,355966.07,2,1,1,119113.76,224725.03,7.34
M0062249,N,57,1,5325.12,1,1,0,1778.04,2820.65,0.94
M0062250,N,55,0,22037.34,1,1,0,1961.33,15371.26,0.82
M0062251,N,68,2,15635.26,0,0,0,12382.64,4582.75,0.56
M0062252,N,70,1,11525.41,0,1,0,5890.06,10028.03,0.41
M0062253,N,21,1,21665.12,0,1,0,17194.2,15061.11,0.87
M0062254,N,63,1,19086.16,0,1,0,1661.13,26531.06,1.1
M0062255,N,30,1,8322.86,0,0,0,1751.82,7962.18,0.91
M0062256,N,71,2,5155.31,0,1,0,1302.24,7851.45,1.27
M0062257,N,72,2,24547.65,0,0,0,9574.61,11519.45,1.91
M0062258,N,43,3,18950.97,0,0,1,9279.19,15197.57,2.62
M0062259,N,25,2,8771.97,0,0,0,436.77,8999.4,0.0
M0062260,N,41,2,3513.0,0,0,0,1535.59,2545.84,0.6
M0062261,N,79,1,5518.89,0,1,1,4957.97,4311.12,1.36
M0062262,N,40,3,9179.81,0,1,0,4318.76,7042.05,0.88
M0062263,N,48,1,12954.47,0,1,1,5204.04,16809.54,1.1
M0062264,N,60,1,7588.27,0,0,1,3424.19,7634.93,1.24
M0062265,N,71,0,22709.65,0,1,0,4033.32,16501.15,1.05
M0062266,N,75,2,10079.89,0,0,1,4698.89,7125.92,1.78
M0062267,N,27,2,10143.56,0,2,0,954.57,11976.64,0.84
M0062268,N,27,1,28555.07,0,2,0,6645.6,18932.04,0.47
M0062269,N,65,2,8413.28,0,3,0,2597.85,12403.71,3.32
M0062270,N,66,1,5087.97,0,1,0,1486.07,3144.47,0.36
M0062271,N,57,1,24319.33,0,1,0,4469.2,16445.53,0.86
M0062272,N,76,1,2517.7,0,0,0,1304.87,2772.88,0.59
M0062273,N,62,1,14164.0,0,2,1,13623.4,7422.6,0.51
M0062274,N,70,1,2778.03,0,0,1,978.67,3421.54,1.52
M0062275,N,50,2,32665.6,0,1,0,1444.91,29479.77,0.0
M0062276,N,24,3,10388.58,0,0,0,2895.49,8985.67,1.06
M0062277,N,60,0,4498.59,0,0,2,2285.52,3106.46,1.64
M0062278,N,50,0,6116.25,0,1,1,2273.52,4603.55,0.09
M0062279,N,43,0,31674.58,0,1,0,5551.48,32141.2,0.0
M0062280,N,22,0,25723.53,0,0,1,3174.1,23510.34,1.42
M0062281,N,19,0,7553.52,0,1,0,1822.65,7758.2,0.84
M0062282,N,64,0,10729.58,0,0,0,4425.42,8877.84,1.45
M0062283,N,75,1,9067.38,0,0,1,1867.15,7976.02,1.42
M0062284,N,21,0,2081.6,0,0,0,588.34,2140.43,0.2
M0062285,Y,61,4,113312.08,3,2,3,87522.95,46421.46,6.1
M0062286,N,45,1,20299.11,0,2,0,11662.1,6739.2,0.63
M0062287,Y,77,4,107626.01,3,1,1,28399.55,117465.47,5.98
M0062288,N,52,1,29400.35,0,2,1,12967.39,12296.36,2.37
M0062289,N,68,1,29779.64,0,3,2,5290.41,23019.57,0.79
M0062290,N,55,0,5242.39,0,0,0,1237.18,7582.95,0.0
M0062291,N,50,0,3647.5,0,0,0,923.46,2219.3,0.0
M0062292,N,61,0,5154.83,0,0,0,335.6,4860.92,0.0
M0062293,N,43,1,22853.52,1,0,1,4814.43,13389.72,0.34
M0062294,N,42,0,11512.49,0,2,0,5981.31,14124.18,0.55
M0062295,N,26,0,3170.11,0,0,1,972.49,2519.56,0.94
M0062296,N,75,3,26137.62,1,2,0,8838.26,15021.75,3.56
M0062297,N,54,0,16116.74,0,0,0,3784.4,9063.39,1.7
M0062298,N,61,3,9332.15,1,2,1,3031.22,11893.28,2.34
M0062299,N,38,0,4228.16,0,0,0,600.78,4961.56,0.0
M0062300,N,69,2,27589.73,0,1,2,11482.5,19048.31,1.51
M0062301,N,60,1,15416.86,0,3,1,1574.95,16426.36,2.0
M0062302,N,64,0,8840.85,0,0,0,1042.11,8750.45,0.08
M0062303,N,40,1,20275.16,1,2,0,3314.55,24178.95,1.38
M0062304,N,70,1,11929.82,0,0,0,1050.77,12799.69,1.7
M0062305,N,24,2,25955.42,1,1,0,12273.08,8579.6,2.2
M0062306,N,35,0,11675.4,0,1,0,1461.55,14060.22,1.15
M0062307,N,56,0,7241.6,0,1,0,1370.25,4353.78,0.12
M0062308,N,36,1,20337.89,0,0,0,7355.66,18162.61,1.0
M0062309,N,68,1,7009.95,0,0,1,3388.87,3164.71,0.42
M0062310,N,72,1,6856.36,0,0,0,1522.16,7999.34,0.0
M0062311,N,71,0,2103.46,0,0,1,319.78,3404.63,0.5
M0062312,N,34,0,10178.16,0,1,0,8110.67,7983.69,2.21
M0062313,N,63,0,6283.87,0,0,0,3172.05,3725.85,1.05
M0062314,N,38,0,3103.41,0,0,0,2934.8,2325.87,1.52
M0062315,N,73,0,3922.06,0,1,0,281.61,3772.03,0.55
M0062316,N,78,0,13241.36,1,1,2,2721.96,11395.89,0.94
M0062317,N,26,2,11358.26,0,0,0,3132.91,10088.07,1.04
M0062318,Y,84,4,235179.33,1,1,4,151517.99,104388.47,5.71
M0062319,N,27,0,11665.98,0,0,0,4511.53,6887.85,1.75
M0062320,N,38,0,2033.22,1,2,0,1331.33,1271.17,0.0
M0062321,N,76,2,22679.63,1,0,0,7013.58,14542.23,0.74
M0062322,N,39,2,13409.64,0,2,1,5200.73,11750.41,1.97
M0062323,N,20,3,4476.39,0,1,0,4684.19,3109.47,2.0
M0062324,N,80,0,6124.35,0,0,0,3362.87,1912.8,0.73
M0062325,N,49,0,12855.27,0,0,0,4215.1,14410.84,0.93
M0062326,N,47,1,7172.23,0,0,0,1144.52,5635.11,2.0
M0062327,N,63,0,7822.19,0,0,0,6124.62,4393.51,0.78
M0062328,N,74,3,11958.29,1,2,0,1482.75,10518.68,3.09
M0062329,N,28,0,4706.01,0,1,0,2377.29,2814.18,0.0
M0062330,N,70,2,32367.92,1,2,1,11184.08,29997.06,1.98
M0062331,N,28,2,13200.12,0,0,1,1241.66,12584.51,2.07
M0062332,N,41,2,33973.76,0,2,1,9473.61,30400.47,2.6
M0062333,N,70,3,14520.91,1,0,0,5628.64,7378.12,3.18
M0062334,N,53,1,17714.29,0,0,0,10367.74,8103.4,0.68
M0062335,N,75,1,7695.29,0,0,0,2515.73,4917.41,0.9
M0062336,N,51,0,19103.94,0,0,0,3369.9,12213.32,0.53
M0062337,N,58,2,8116.03,0,1,0,901.03,6164.02,0.0
M0062338,N,33,1,7301.71,0,1,0,1489.95,7165.59,1.8
M0062339,N,33,3,30095.89,0,1,0,789.68,29644.17,1.75
M0062340,N,51,0,10582.87,0,0,0,7552.83,2974.97,0.22
M0062341,N,59,0,11272.95,0,0,0,3631.07,7039.01,0.48
M0062342,N,36,1,7188.44,1,2,0,5298.98,7084.54,2.07
M0062343,N,65,1,13689.6,0,0,0,5090.34,9764.58,1.22
M0062344,N,67,2,8025.4,0,2,0,2379.51,4683.66,0.95
M0062345,N,62,2,30868.62,0,1,0,10900.04,15743.46,0.0
M0062346,N,21,1,3444.51,0,3,0,1016.53,3690.65,0.0
M0062347,N,30,1,14614.82,0,0,0,7689.34,10496.23,0.42
M0062348,N,79,3,16943.26,2,0,0,5930.53,10022.65,2.87
M0062349,Y,82,9,488455.38,6,6,5,123426.35,345326.27,8.57
M0062350,N,22,1,7678.34,0,0,0,1392.44,8995.31,0.0
M0062351,Y,73,3,200671.0,4,2,2,45049.12,158666.53,6.07
M0062352,Y,56,8,342850.19,3,3,5,161288.3,124844.04,6.31
M0062353,N,32,0,9412.49,1,1,1,2420.87,6108.68,2.22
M0062354,N,41,0,3466.7,0,0,0,1445.79,2059.71,0.66
M0062355,N,43,2,20815.71,0,2,0,9510.61,18985.13,2.17
M0062356,N,33,0,12363.58,0,0,1,2446.05,8944.57,0.75
M0062357,N,27,0,7277.94,1,0,0,1237.18,10426.79,0.14
M0062358,N,45,3,17835.18,1,2,1,5706.61,10286.79,1.89
M0062359,N,74,1,12729.36,0,0,0,3453.45,6893.77,2.46
M0062360,N,35,1,7706.72,2,2,0,1984.73,8723.58,1.42
M0062361,N,27,1,8803.97,1,0,1,2847.84,5111.61,0.67
M0062362,N,25,0,7805.89,1,0,0,1601.81,6562.98,0.87
M0062363,N,60,0,4709.12,0,0,0,1075.29,3885.84,0.19
M0062364,N,47,0,19240.58,0,0,0,23812.79,7999.45,2.83
M0062365,N,70,0,5975.92,0,2,0,906.06,5197.81,1.34
M0062366,N,46,1,14877.13,0,2,1,7860.94,5856.65,2.34
M0062367,N,42,0,14482.11,1,0,0,2486.14,9400.19,0.42
M0062368,N,32,1,3951.95,0,0,0,736.54,2988.31,0.0
M0062369,Y,64,5,347549.72,3,3,2,144590.14,164058.2,4.89
M0062370,N,54,0,4803.41,0,0,0,1999.93,2398.37,0.5
M0062371,N,78,0,11616.64,0,0,0,5357.87,5588.12,0.93
M0062372,N,31,1,12719.07,1,1,1,1449.11,14054.05,0.2
M0062373,N,63,0,18182.21,1,0,1,3309.81,11840.03,0.0
M0062374,N,42,1,4921.91,1,1,2,1099.2,4960.84,0.0
M0062375,N,18,1,9917.83,2,0,0,5117.5,4598.47,1.39
M0062376,N,22,3,12504.22,0,3,2,4334.23,9599.51,0.23
M0062377,N,78,0,7185.64,1,1,0,1781.12,8424.05,1.98
M0062378,N,31,1,3878.16,0,1,0,354.87,5048.97,0.0
M0062379,N,39,2,25518.97,2,1,0,2108.69,20646.03,1.8
M0062380,N,34,1,10549.41,0,0,0,4537.91,11410.99,1.55
M0062381,N,19,2,15004.07,1,0,1,8521.74,6796.66,1.24
M0062382,N,80,1,5390.66,0,0,0,1552.52,3718.95,0.02
M0062383,N,42,1,20798.06,0,1,0,12807.25,5141.93,2.08
M0062384,N,22,0,10333.53,0,0,0,8233.63,4356.3,0.08
M0062385,N,40,1,16062.51,0,1,0,4386.32,9058.77,0.65
M0062386,N,30,0,3874.47,0,1,0,1315.53,2216.51,0.62
M0062387,N,47,1,24020.43,1,0,0,3589.87,16175.32,1.94
M0062388,N,56,0,4486.11,0,0,0,1572.01,4282.24,0.06
M0062389,N,72,2,62972.41,0,0,0,24163.04,29484.57,2.13
M0062390,N,23,0,5392.45,0,0,0,1876.48,3359.96,1.91
M0062391,N,51,1,9888.71,1,0,0,1934.71,7751.63,0.49
M0062392,Y,82,4,103667.74,1,1,1,44527.01,76055.31,3.92
M0062393,N,63,2,6227.45,0,0,0,1503.71,9090.5,1.89
M0062394,N,71,1,15358.88,0,0,1,2553.43,20283.81,2.89
M0062395,N,62,2,22408.63,0,1,1,4669.11,16864.39,2.49
M0062396,N,55,1,8840.66,1,0,0,1733.11,8341.36,0.0
M0062397,N,21,0,7176.91,0,1,0,4252.43,4631.28,0.0
M0062398,N,58,2,13937.6,1,0,0,3888.22,14333.62,0.35
M0062399,Y,50,5,247394.53,1,2,1,71270.15,213126.86,3.61
M0062400,N,32,2,31936.63,0,1,0,8472.64,17171.84,2.76
M0062401,N,24,2,17527.1,0,0,0,3610.87,16026.3,0.0
M0062402,N,51,1,5266.0,0,0,0,757.57,4971.93,0.59
M0062403,N,50,0,4375.06,0,0,0,836.48,4113.55,0.21
M0062404,N,64,2,29492.06,1,0,0,14739.08,13613.33,2.19
M0062405,N,54,3,21356.6,0,1,0,21182.71,13653.7,1.32
M0062406,N,43,0,8507.04,1,3,0,2888.93,10696.97,0.29
M0062407,Y,68,7,298563.72,4,4,4,181309.78,137763.84,5.55
M0062408,N,61,1,9729.83,0,0,0,4523.11,11028.98,1.14
M0062409,N,76,2,24022.63,0,0,0,5489.93,18257.28,1.74
M0062410,N,46,0,6891.2,0,0,1,259.36,9208.59,0.0
M0062411,Y,37,4,269857.35,1,6,4,133878.63,161977.34,5.59
M0062412,N,27,2,22072.91,0,1,0,1935.69,22600.14,2.58
M0062413,N,29,2,11570.17,1,0,0,2432.54,7144.74,0.54
M0062414,N,76,0,31565.86,0,0,0,5827.53,19479.79,1.23
M0062415,N,30,0,6271.27,0,0,0,1649.43,4919.39,1.07
M0062416,N,45,0,4088.1,0,1,0,1392.64,2890.35,0.33
M0062417,N,45,2,14494.52,1,3,0,7094.59,12642.82,1.83
M0062418,N,31,1,13356.06,0,2,0,6085.11,9450.06,2.26
M0062419,N,21,3,11191.49,0,0,1,4516.35,15304.68,1.12
M0062420,N,55,1,8158.8,0,0,0,10794.56,3124.26,1.79
M0062421,N,53,2,12944.32,0,2,0,7358.68,5559.07,0.38
M0062422,N,21,0,6020.98,0,0,0,1152.51,6903.2,0.17
M0062423,N,33,0,8888.28,1,1,0,4917.75,5078.36,1.79
M0062424,N,19,0,14543.22,0,0,0,7440.49,6798.27,1.32
M0062425,N,64,0,3412.65,0,0,2,1512.47,1730.68,0.34
M0062426,N,43,0,5236.57,0,0,0,1023.49,6095.52,0.0
M0062427,N,64,0,5600.69,1,0,0,1907.16,7016.86,0.38
M0062428,N,68,2,19209.65,1,0,1,6123.04,20773.45,2.71
M0062429,Y,49,7,530135.08,2,3,3,193532.82,321788.95,5.81
M0062430,N,65,1,13802.88,0,0,1,2790.88,20742.04,1.14
M0062431,N,41,1,16243.3,1,2,0,9403.43,12019.01,1.45
M0062432,N,51,2,6696.79,0,2,0,5242.03,3349.46,0.0
M0062433,N,38,1,3179.63,0,0,1,1306.56,1279.83,1.28
M0062434,N,77,1,6461.78,0,1,0,1454.22,3897.75,0.0
M0062435,N,71,1,20772.82,0,2,2,5328.13,15142.14,0.98
M0062436,N,54,0,8473.4,0,0,0,1356.51,11627.38,2.19
M0062437,N,47,0,6652.52,0,0,0,2938.31,6801.21,2.1
M0062438,N,24,0,6531.38,0,0,0,3308.56,3469.14,0.0
M0062439,N,78,2,4745.32,0,0,1,755.0,5279.5,0.63
M0062440,N,70,1,13062.05,0,1,0,3542.83,11174.22,1.05
M0062441,N,33,1,3867.68,1,0,0,1906.5,4096.97,0.04
M0062442,N,31,2,28913.47,0,0,0,10216.36,12386.72,0.0
M0062443,N,33,0,13692.64,0,0,0,1276.56,12364.37,0.38
M0062444,N,35,2,9348.9,1,0,1,2450.37,10562.42,0.43
M0062445,N,22,2,10703.19,0,0,1,6358.89,7091.48,0.0
M0062446,N,29,0,3909.29,0,0,0,475.74,2923.07,0.0
M0062447,N,46,1,14386.96,0,1,0,13712.78,7987.04,0.66
M0062448,N,60,1,12097.03,0,0,0,4372.08,5169.37,0.55
M0062449,N,63,2,5336.85,0,0,0,2575.45,4169.41,0.71
M0062450,N,63,3,26925.56,0,1,0,4977.2,34297.2,0.24
M0062451,N,59,1,11780.7,0,0,0,4824.95,4754.81,0.05
M0062452,N,41,0,2835.28,0,1,2,1456.97,3695.11,0.84
M0062453,N,46,1,4840.52,0,1,0,3809.53,3652.02,1.75
M0062454,N,21,0,4631.0,0,0,0,3410.37,3802.27,0.4
M0062455,N,38,1,12238.87,0,0,1,1499.21,14027.11,1.13
M0062456,N,48,2,9016.26,2,0,1,445.31,7826.04,2.21
M0062457,N,19,2,6566.83,1,0,0,1714.93,4243.27,1.68
M0062458,N,79,0,7429.33,0,0,0,1143.57,9637.55,1.03
M0062459,N,52,1,23871.66,0,1,2,12120.49,12448.8,1.44
M0062460,N,39,0,8257.53,0,0,0,2474.47,7960.97,1.21
M0062461,N,75,1,24659.22,0,0,0,6482.35,14426.29,0.95
M0062462,N,71,0,17633.63,0,0,0,403.2,14573.13,0.1
M0062463,N,57,2,4033.59,0,1,0,1559.65,2948.07,0.0
M0062464,N,64,2,2921.24,0,0,0,2113.84,2877.21,0.45
M0062465,N,46,1,3260.3,0,0,0,483.49,4831.83,1.02
M0062466,N,52,1,17284.74,0,2,0,3576.73,23957.51,0.7
M0062467,N,30,3,59122.44,1,0,1,5229.22,56358.4,3.06
M0062468,N,63,1,8270.53,0,0,0,6166.35,5326.7,0.69
M0062469,N,46,1,9317.58,0,2,0,3022.67,6612.46,1.5
M0062470,N,45,2,24998.32,0,1,1,5640.33,21866.48,1.27
M0062471,N,51,0,2630.6,0,0,0,719.48,3993.94,1.84
M0062472,Y,45,9,241819.44,3,4,4,97062.14,204151.04,4.3
M0062473,Y,46,5,123478.82,2,3,2,55540.82,55507.79,6.88
M0062474,N,70,0,11137.58,0,2,1,2015.73,9926.72,1.89
M0062475,N,72,1,13567.28,0,2,0,4832.33,8608.07,1.8
M0062476,N,23,0,6861.04,0,1,0,3088.52,6758.09,0.44
M0062477,N,76,0,9774.58,0,1,0,759.71,8769.16,0.0
M0062478,Y,80,3,141180.43,1,3,2,44239.48,130157.55,3.9
M0062479,N,59,0,8261.08,0,2,1,3803.16,5794.99,1.32
M0062480,N,22,1,23684.35,0,1,1,3279.8,22404.52,1.09
M0062481,N,44,1,21064.43,0,0,1,2932.03,17160.4,1.13
M0062482,N,76,3,22295.44,0,1,1,6970.28,16896.63,0.36
M0062483,N,60,1,12985.44,0,0,1,2761.89,10115.65,2.06
M0062484,N,25,0,4593.04,0,0,0,1694.6,3356.87,1.85
M0062485,N,71,2,13066.99,0,1,0,12931.78,8259.01,1.46
M0062486,N,65,1,2749.38,1,0,0,1436.63,2323.1,0.0
M0062487,N,21,1,13137.71,0,0,0,1195.41,11172.19,1.95
M0062488,N,32,1,8645.01,0,1,1,1775.78,7451.57,1.06
M0062489,N,21,0,18647.7,1,0,1,6694.89,16001.2,1.54
M0062490,N,63,1,7155.17,0,0,0,2559.64,3814.46,0.87
M0062491,N,23,2,9299.23,0,0,0,6168.04,2951.48,0.86
M0062492,N,54,0,4119.18,0,1,1,1561.75,3649.25,0.2
M0062493,N,35,1,9452.15,0,1,0,5609.68,8480.21,0.29
M0062494,N,28,1,15737.48,0,0,0,1853.07,10965.66,1.97
M0062495,N,64,3,14123.6,0,0,0,10284.24,6031.78,0.92
M0062496,N,18,1,6405.52,0,1,0,1032.43,6377.82,0.0
M0062497,N,67,0,6232.06,0,0,0,603.48,4877.48,1.34
M0062498,N,39,1,11704.33,0,2,1,3228.89,9619.72,0.08
M0062499,N,46,1,12262.13,1,0,0,1918.12,18839.94,1.06
M0062500,N,45,2,5214.39,0,1,0,3602.14,1809.45,0.08
M0062501,N,61,1,4232.9,0,0,0,2613.8,5080.27,0.61
M0062502,N,55,1,4766.73,0,0,1,1049.95,6202.14,0.0
M0062503,N,67,0,8622.34,0,1,0,2578.68,6816.78,1.36
M0062504,N,63,2,19856.88,0,0,0,6283.08,11211.11,1.61
M0062505,N,55,2,8967.11,0,0,0,3059.84,8540.98,0.95
M0062506,N,62,2,15231.69,0,1,0,7821.12,4687.85,1.23
M0062507,N,69,2,8890.59,0,0,0,1461.06,9303.15,1.16
M0062508,Y,57,5,251231.3,2,5,3,52814.94,168728.99,3.25
M0062509,N,70,0,11262.95,1,1,0,1294.79,10961.54,0.0
M0062510,Y,37,4,281109.14,2,5,1,30062.08,368001.49,5.38
M0062511,N,49,1,4652.44,1,0,1,2490.66,2131.89,0.0
M0062512,N,62,0,11932.1,0,1,1,2482.77,7537.54,1.64
M0062513,N,68,2,6995.02,0,1,0,5652.38,3254.6,0.96
M0062514,N,27,0,3635.78,0,1,0,3877.73,1998.52,0.0
M0062515,N,55,2,8828.34,0,2,1,2447.03,8395.46,2.1
M0062516,N,80,0,3844.82,0,0,1,2411.39,2531.41,0.52
M0062517,N,22,1,7804.14,0,0,0,5637.21,7227.42,1.31
M0062518,N,65,0,20548.9,0,2,0,3470.1,17775.74,1.45
M0062519,N,31,1,14541.73,1,2,1,13558.82,7192.49,2.41
M0062520,N,44,1,24454.25,0,0,1,11821.2,25456.96,2.52
M0062521,N,65,0,27253.32,0,0,0,15632.97,8977.76,1.12
M0062522,N,60,0,18554.09,0,1,0,5697.81,8915.89,0.93
M0062523,N,49,1,6145.4,0,0,0,3490.15,2933.16,0.3
M0062524,N,49,2,7071.14,0,1,1,3665.09,2619.22,1.23
M0062525,N,42,2,9110.38,0,0,0,3554.5,3682.76,1.05
M0062526,N,23,0,9545.36,1,1,2,2025.15,6238.16,0.54
M0062527,N,52,1,25229.55,0,1,0,4095.11,18436.27,2.7
M0062528,N,76,2,30069.56,1,0,1,12090.28,12447.35,1.26
M0062529,Y,68,2,191832.2,1,1,2,85900.95,88067.8,3.91
M0062530,N,45,2,20067.71,0,2,1,4426.52,12684.69,2.2
M0062531,N,71,1,4341.87,0,1,0,407.86,3670.51,1.19
M0062532,Y,70,3,136525.28,2,1,2,96066.38,66125.94,4.98
M0062533,N,67,0,18645.52,0,1,2,2101.86,15891.8,0.99
M0062534,N,45,4,10404.79,0,2,0,1081.72,12667.22,1.28
M0062535,N,23,0,16768.85,0,1,1,4342.34,12339.94,1.09
M0062536,N,76,0,2700.04,1,1,0,270.09,3378.02,0.17
M0062537,N,25,2,5209.67,0,2,0,941.98,3581.35,1.26
M0062538,N,25,0,6235.32,0,3,0,958.85,3918.62,0.87
M0062539,N,31,1,4865.31,1,0,0,1370.95,2614.56,1.13
M0062540,N,54,1,8782.92,0,0,1,3138.98,7543.74,1.81
M0062541,N,73,3,82828.66,0,0,0,11306.65,55051.58,1.54
M0062542,N,79,2,8474.9,0,1,0,749.75,6535.84,0.44
M0062543,N,64,2,10077.36,0,0,0,3587.38,8405.21,0.0
M0062544,N,65,0,19766.55,0,1,1,4835.05,11245.96,0.95
M0062545,Y,67,7,343420.34,6,4,4,96412.18,247530.35,5.52
M0062546,N,41,2,25389.2,0,1,0,5789.17,15589.84,0.69
M0062547,N,68,0,8527.22,0,0,0,1179.18,9804.93,1.11
M0062548,N,23,0,30732.95,1,1,0,7068.83,28606.89,2.35
M0062549,N,37,1,19409.96,1,0,0,5355.17,15240.41,2.29
M0062550,N,64,2,6767.7,0,2,0,1672.29,6509.08,0.74
M0062551,N,50,1,16190.49,0,1,1,10164.52,8403.74,1.73
M0062552,N,49,1,15495.09,0,0,0,4389.78,20568.17,1.16
M0062553,N,44,0,27219.74,0,0,2,9732.42,14034.84,2.64
M0062554,N,20,1,20007.96,1,0,1,2734.32,21539.31,1.61
M0062555,N,43,2,12858.7,0,1,1,8893.44,4599.09,0.93
M0062556,N,49,0,8664.31,0,0,0,1423.89,7938.58,0.0
M0062557,N,59,0,12012.51,0,1,0,7787.97,10270.31,0.0
M0062558,N,27,1,8102.06,0,0,1,1103.46,5583.57,0.26
M0062559,N,39,1,8261.11,0,1,0,1900.22,9302.09,1.48
M0062560,N,56,2,21248.03,0,2,0,4564.07,22778.07,0.29
M0062561,N,76,0,4960.34,0,0,2,1594.74,4052.28,1.36
M0062562,N,63,1,10167.3,0,0,0,3189.0,8625.52,1.38
M0062563,N,63,2,19616.06,1,1,1,5433.99,10516.86,1.01
M0062564,N,25,1,16059.41,2,0,0,11682.67,11084.93,2.82
M0062565,N,27,1,11327.51,0,0,0,2330.34,11432.62,1.38
M0062566,N,70,0,24019.35,0,0,0,15455.22,5340.81,2.26
M0062567,N,67,0,10020.1,0,0,0,8823.34,7072.95,0.56
M0062568,N,21,1,9912.63,0,1,0,1435.27,10821.97,0.9
M0062569,N,66,1,13480.31,1,0,0,5170.2,18412.05,1.97
M0062570,N,19,0,5236.24,0,2,0,1422.25,6439.68,1.16
M0062571,N,38,2,14902.77,0,0,0,1954.75,23340.74,2.5
M0062572,N,63,0,3011.06,0,0,1,1066.4,4074.04,1.08
M0062573,N,43,3,16225.05,0,1,0,1612.04,13740.98,1.32
M0062574,N,27,0,7467.05,0,1,0,3655.29,6757.33,0.8
M0062575,N,38,1,5362.03,0,1,2,2067.13,5449.89,0.69
M0062576,N,22,0,16403.23,0,1,0,5196.23,8613.71,0.82
M0062577,N,73,2,18410.75,0,0,1,8886.32,13214.26,1.05
M0062578,N,60,2,4102.64,1,1,1,3028.8,3706.98,0.4
M0062579,N,34,2,8840.8,0,0,0,2394.46,11601.43,2.49
M0062580,N,77,1,6296.99,0,3,0,1599.36,5988.33,0.53
M0062581,N,61,1,12530.02,0,0,2,2866.51,7328.62,0.89
M0062582,N,38,2,12455.25,0,1,1,5461.64,8410.0,1.21
M0062583,N,44,0,4767.76,0,0,1,1777.43,4353.73,0.81
M0062584,N,28,0,6233.5,0,0,0,3129.01,5636.27,0.0
M0062585,N,29,3,12426.88,0,0,1,2381.65,14706.87,1.98
M0062586,N,24,2,11140.12,0,1,0,2347.27,12155.6,2.14
M0062587,N,21,1,22565.05,0,1,0,1526.88,16242.22,1.78
M0062588,N,27,1,11157.95,0,0,0,3559.56,11658.05,0.98
M0062589,N,62,2,7867.69,0,0,0,2771.29,9261.17,1.62
M0062590,N,60,0,6417.33,0,1,1,2014.02,9500.51,1.33
M0062591,N,51,1,6664.59,0,0,0,8003.44,3239.21,1.27
M0062592,N,55,1,10911.41,2,1,0,1469.15,9080.69,1.43
M0062593,N,28,1,34054.62,1,2,1,1212.55,26238.51,0.03
M0062594,N,27,2,12441.42,0,3,0,3157.14,7026.09,3.27
M0062595,N,29,1,8524.08,0,0,0,6789.53,8662.66,0.61
M0062596,N,57,2,10349.79,0,0,0,1831.01,8930.51,0.62
M0062597,N,34,2,12968.65,0,0,0,2159.15,9767.31,1.23
M0062598,N,39,0,9453.13,0,1,0,3516.29,12418.94,1.38
M0062599,N,28,1,21416.74,1,0,1,8892.37,22998.6,0.48
M0062600,N,68,0,8009.36,0,0,0,4120.91,6061.96,0.47
M0062601,N,48,1,3369.99,1,0,0,1786.79,4139.38,1.45
M0062602,N,58,0,20473.12,0,1,0,3701.54,13530.77,1.45
M0062603,N,38,0,4735.1,0,0,0,3075.82,5215.37,1.52
M0062604,N,22,2,27421.27,1,0,0,5126.85,28056.84,1.52
M0062605,N,50,2,5459.81,0,2,0,2648.27,3461.0,1.49
M0062606,N,77,0,15180.99,0,1,0,5313.52,6614.81,0.0
M0062607,N,36,0,28864.65,1,0,0,8697.96,14014.48,1.5
M0062608,N,20,0,5013.43,0,0,1,390.36,3693.89,0.69
M0062609,Y,63,2,133159.98,4,4,4,54117.24,114692.34,8.6
M0062610,N,78,0,2511.7,1,1,0,1353.29,1318.45,0.0
M0062611,Y,74,6,157340.06,3,1,4,51465.26,81805.34,4.68
M0062612,N,36,0,3687.95,0,0,1,2351.32,1729.87,0.84
M0062613,N,29,0,24946.87,0,1,0,2202.49,18587.49,0.16
M0062614,N,20,0,3679.03,0,0,0,1160.33,5309.95,0.82
M0062615,N,56,1,16058.91,2,0,0,1708.71,15410.86,0.0
M0062616,N,51,1,15424.95,0,1,1,4288.11,8631.15,0.99
M0062617,N,79,0,2163.61,0,2,0,1536.78,2315.42,0.0
M0062618,N,67,1,12539.25,0,2,0,7362.29,6117.9,0.76
M0062619,N,72,1,6321.83,0,0,0,426.29,4854.58,0.0
M0062620,Y,61,4,119886.3,4,2,1,89344.45,73531.6,5.65
M0062621,N,77,0,10793.61,0,0,0,4713.59,13654.43,1.62
M0062622,N,21,1,8878.44,0,1,1,2885.59,7537.44,1.53
M0062623,N,45,3,36982.97,2,2,0,9840.44,20236.69,1.69
M0062624,N,18,2,9133.98,0,1,1,4086.86,10694.7,1.42
M0062625,N,74,2,8030.15,0,0,0,3624.84,10431.63,0.0
M0062626,N,31,0,14713.35,0,0,1,6597.88,10418.05,2.07
M0062627,N,25,1,4793.25,0,0,0,1426.35,4935.06,1.11
M0062628,N,34,2,8881.1,0,0,0,3509.43,5001.54,1.83
M0062629,N,64,3,8664.29,0,1,2,2018.35,10607.56,2.02
M0062630,N,48,0,5187.12,0,0,1,714.03,5748.37,0.72
M0062631,N,61,0,15127.41,0,0,0,5065.67,9088.3,2.4
M0062632,N,77,1,12236.16,0,0,1,3984.48,5752.72,1.54
M0062633,N,60,1,15058.66,0,2,1,1204.97,12521.77,0.15
M0062634,N,21,1,16565.26,0,0,0,8323.01,4658.83,1.49
M0062635,N,80,0,10609.28,0,0,0,6362.84,3108.29,1.56
M0062636,N,60,2,15049.22,0,0,0,7230.74,8913.0,0.15
M0062637,N,31,1,8668.98,0,0,0,1791.04,5448.94,0.0
M0062638,N,48,1,2159.56,0,1,0,680.89,3045.52,0.06
M0062639,N,78,0,6958.57,0,1,0,3069.38,5335.02,0.49
M0062640,N,37,0,5527.67,1,2,0,1053.79,4205.5,0.77
M0062641,N,77,2,21218.26,0,1,1,4870.83,15464.0,1.11
M0062642,N,49,3,8859.1,0,0,0,4071.33,8412.59,1.74
M0062643,N,34,0,12083.49,0,1,1,925.12,9084.83,1.47
M0062644,N,56,1,9645.76,0,0,0,3317.29,5694.07,0.89
M0062645,N,31,1,19462.11,0,0,0,10139.42,8792.21,1.38
M0062646,N,73,2,31907.38,0,3,0,24839.39,10714.95,1.18
M0062647,N,58,0,6145.65,0,0,1,1154.17,3999.57,0.13
M0062648,N,19,0,7541.41,0,0,0,2075.57,4759.31,0.21
M0062649,N,65,0,9178.5,0,0,0,2850.43,5508.3,0.24
M0062650,N,23,1,5879.06,0,1,1,3802.2,5292.92,1.56
M0062651,N,41,1,11025.3,0,0,0,2551.95,7404.47,2.91
M0062652,N,66,0,9543.66,0,0,0,1684.0,6255.47,0.87
M0062653,N,72,1,56790.38,0,3,1,19630.58,29614.13,2.4
M0062654,N,76,3,18211.24,0,4,1,6453.13,10450.25,3.67
M0062655,N,29,0,7981.77,0,1,0,7192.25,2249.97,1.38
M0062656,N,61,1,5942.73,1,2,0,3896.1,4050.99,1.3
M0062657,N,60,0,16283.96,1,1,0,5448.3,8096.08,1.01
M0062658,N,69,2,26550.07,0,2,0,2741.05,35145.37,2.07
M0062659,N,38,3,29822.66,1,2,0,5564.29,23303.3,1.69
M0062660,N,48,0,18983.04,0,1,0,1350.94,16146.69,0.0
M0062661,N,70,0,3210.61,0,1,0,2499.15,983.74,0.35
M0062662,N,64,0,3538.42,0,0,1,1644.19,3825.86,0.0
M0062663,N,66,2,15585.74,0,2,0,2990.15,11877.59,0.8
M0062664,N,50,1,12725.29,0,1,0,4619.67,8340.46,0.46
M0062665,N,29,1,8952.29,0,0,1,1828.21,5643.1,1.15
M0062666,N,36,0,11456.13,0,1,0,9291.7,8324.87,1.32
M0062667,N,78,2,17550.9,0,0,0,7175.49,7894.38,0.46
M0062668,N,61,2,4436.17,0,0,0,1045.81,3191.78,1.35
M0062669,N,57,2,16265.9,1,1,1,18606.1,8607.73,1.99
M0062670,N,41,2,5733.47,0,0,0,3847.05,3048.55,1.15
M0062671,N,80,2,10633.7,1,1,1,3843.38,11634.87,2.39
M0062672,N,73,1,10452.07,0,0,0,2037.76,10810.55,0.0
M0062673,N,78,0,19502.66,0,1,0,2324.09,17059.46,1.5
M0062674,N,46,0,14258.41,1,0,0,1191.02,17839.69,0.0
M0062675,N,72,0,6454.32,0,0,1,2632.36,7655.07,0.34
M0062676,N,24,0,17888.79,0,0,0,6060.19,10544.03,1.96
M0062677,N,59,2,10646.67,0,1,0,4053.21,5941.16,0.77
M0062678,N,64,0,13018.43,0,1,0,3061.36,11322.12,2.57
M0062679,N,43,0,63420.98,0,1,1,23962.79,43457.7,1.09
M0062680,N,48,1,36819.01,0,0,0,4931.66,39611.54,0.52
M0062681,N,33,0,8961.89,0,0,0,3584.62,4941.0,0.77
M0062682,N,62,2,9795.63,1,0,0,2109.39,6723.69,2.19
M0062683,N,34,1,6213.23,0,1,0,1581.07,4593.76,0.85
M0062684,N,31,0,12613.62,0,1,0,3680.32,9029.55,2.11
M0062685,N,33,1,18797.1,0,0,1,5367.26,11982.11,0.33
M0062686,Y,63,2,266902.82,7,5,1,36186.9,303206.52,4.96
M0062687,N,73,2,4792.76,0,0,0,2169.42,6488.76,0.88
M0062688,N,59,1,6937.53,0,1,0,3713.17,5717.77,0.86
M0062689,N,21,1,12269.23,0,1,1,2066.01,7609.32,1.51
M0062690,N,45,0,11113.07,0,1,1,2304.51,8068.5,0.74
M0062691,N,37,1,2984.03,0,0,1,1054.01,3051.34,0.92
M0062692,N,40,0,14343.22,0,0,0,2044.62,11499.45,0.97
M0062693,N,79,2,10263.34,0,0,0,3310.98,7842.93,0.94
M0062694,N,80,1,21479.21,0,0,0,2701.62,14550.43,0.92
M0062695,N,35,2,16089.04,0,2,0,4946.57,9105.57,2.36
M0062696,N,32,1,32208.8,0,0,1,3461.93,40588.6,1.88
M0062697,N,28,0,18517.87,1,0,0,2692.71,14629.19,1.35
M0062698,N,53,2,23570.1,0,0,0,14696.5,5616.46,1.41
M0062699,N,33,0,7863.49,0,0,0,1692.48,4701.8,1.67
M0062700,N,34,0,11889.98,0,0,0,2336.43,8103.35,0.74
M0062701,N,52,0,39821.74,0,0,0,23737.31,8429.04,2.37
M0062702,N,57,0,8898.37,0,1,0,6009.83,3741.98,0.0
M0062703,N,51,3,23087.28,1,1,0,1795.41,20262.43,0.38
M0062704,N,67,1,8319.12,0,1,0,2968.81,8947.71,0.28
M0062705,N,73,1,23426.98,0,3,1,5322.76,16183.08,1.38
M0062706,N,79,0,8723.27,2,0,0,1865.0,5514.17,1.15
M0062707,N,50,1,15662.78,2,1,0,2254.33,18267.6,1.23
M0062708,N,53,2,4865.69,1,1,2,3703.94,2757.25,1.98
M0062709,N,20,1,8253.26,0,0,0,3388.1,7085.42,0.16
M0062710,N,21,1,13129.62,1,0,0,8650.76,11980.44,0.0
M0062711,Y,50,5,270751.08,5,1,2,50620.19,199237.98,3.39
M0062712,N,23,1,9087.46,1,0,0,2525.12,7104.22,0.39
M0062713,N,39,0,7192.37,1,1,0,1186.24,5388.0,1.27
M0062714,N,60,2,7922.96,0,2,0,5022.61,8284.39,0.69
M0062715,N,49,2,13428.46,0,2,1,5842.69,15653.22,1.62
M0062716,N,42,1,22111.2,0,1,0,4961.36,13419.08,2.2
M0062717,N,64,2,37449.75,0,3,1,31267.17,11547.06,2.29
M0062718,N,54,2,12504.81,0,1,0,4353.88,6696.18,0.54
M0062719,N,34,0,6495.22,0,0,1,5197.52,3703.42,1.24
M0062720,N,42,0,6753.56,0,1,0,1980.12,8185.05,0.64
M0062721,N,79,2,11521.07,0,2,0,9026.79,8150.21,2.78
M0062722,N,54,0,11435.41,0,1,0,2530.89,12814.2,0.61
M0062723,N,45,2,19632.7,0,1,1,4655.43,16979.53,1.97
M0062724,N,30,0,2495.82,0,0,0,891.78,1983.35,0.41
M0062725,N,35,0,11716.09,0,0,1,4007.88,5279.75,0.79
M0062726,N,58,1,8529.46,0,0,0,2609.8,7881.03,1.22
M0062727,N,34,1,17000.42,0,1,0,10112.04,9441.87,1.4
M0062728,N,48,1,1965.08,0,0,0,657.97,2133.42,0.29
M0062729,N,32,0,3778.0,0,0,1,2142.7,4268.94,0.72
M0062730,N,20,0,16414.4,0,0,0,7812.15,8616.81,1.07
M0062731,N,68,1,28500.69,0,0,0,1572.99,23278.29,1.5
M0062732,N,36,0,7629.05,0,0,0,5372.88,2277.63,0.3
M0062733,N,67,1,9875.2,0,1,0,3724.16,4974.5,0.5
M0062734,N,77,2,6974.4,0,2,1,2397.32,8692.55,1.76
M0062735,N,23,2,4032.61,0,0,0,1315.72,4195.33,0.0
M0062736,N,33,1,9885.6,0,2,0,5568.55,12133.67,0.0
M0062737,N,32,0,15768.94,0,1,0,4631.82,8585.4,2.24
M0062738,N,64,0,13849.24,0,0,0,1568.81,11188.17,0.86
M0062739,Y,66,6,355916.74,4,4,7,93563.9,251632.07,8.21
M0062740,N,54,0,10072.12,0,1,0,2280.81,13692.89,0.81
M0062741,N,74,0,19267.27,0,0,0,1390.57,20615.13,0.9
M0062742,N,58,1,4442.79,0,1,0,3039.22,3631.23,0.91
M0062743,N,40,2,9719.41,0,0,0,792.73,6971.69,0.4
M0062744,N,51,1,5981.89,0,1,0,1554.73,4437.29,0.81
M0062745,N,37,1,7515.05,0,3,0,1430.99,5586.43,0.45
M0062746,N,69,2,11037.56,0,2,1,6799.34,5426.12,0.59
M0062747,N,61,0,5418.6,0,0,0,3155.59,3339.71,0.15
M0062748,N,19,1,11855.64,0,1,1,466.94,12635.59,0.63
M0062749,N,72,0,11640.01,1,0,0,2063.51,8199.73,1.74
M0062750,Y,70,6,266913.06,4,6,3,205784.0,85078.51,3.58
M0062751,N,65,1,31876.26,0,0,0,5883.13,19328.31,2.32
M0062752,N,39,1,10274.94,0,1,1,3934.84,7602.12,2.09
M0062753,N,28,0,25073.63,1,1,0,15682.49,21195.81,1.77
M0062754,N,35,2,2507.15,0,0,1,1019.16,2681.08,0.84
M0062755,N,80,0,4996.47,0,1,0,705.28,4488.06,1.03
M0062756,N,48,0,7816.86,0,1,0,6219.02,5305.43,1.08
M0062757,N,26,1,11895.44,1,0,0,9057.93,12226.16,1.12
M0062758,N,47,1,8371.62,1,0,0,4792.48,6058.13,0.32
M0062759,N,54,1,13375.39,0,0,0,4841.38,14349.91,0.11
M0062760,N,72,1,18427.36,0,0,0,6702.82,8934.99,2.11
M0062761,N,20,0,12895.24,0,2,0,5166.22,11844.33,1.8
M0062762,N,78,1,26938.8,0,1,1,7024.54,16021.67,1.74
M0062763,N,78,1,11466.49,1,0,0,3518.63,12843.11,0.82
M0062764,Y,66,5,98072.35,2,4,4,55148.42,84787.9,5.18
M0062765,N,46,0,11194.45,0,0,0,1924.44,7438.73,1.19
M0062766,N,63,2,9678.57,1,1,0,1876.27,6220.19,1.15
M0062767,N,33,1,7898.54,0,2,0,2003.9,6276.92,1.97
M0062768,N,31,1,9409.44,0,0,0,1840.15,9660.99,2.33
M0062769,N,32,0,2978.29,0,0,0,1795.2,2423.93,0.16
M0062770,N,35,0,7148.98,0,0,0,1802.84,8522.28,0.07
M0062771,N,57,1,10711.19,0,1,0,5557.34,10648.0,1.74
M0062772,N,56,2,13145.05,1,1,0,2220.76,14606.88,1.66
M0062773,N,47,0,3609.96,0,1,1,1298.76,4082.1,0.56
M0062774,N,67,0,17352.89,0,0,0,6093.53,14050.98,2.14
M0062775,N,19,1,14696.85,0,0,0,404.94,11845.64,0.32
M0062776,N,59,0,5145.85,0,0,0,1277.4,2958.04,0.93
M0062777,N,36,0,5850.56,1,1,0,1761.4,3607.5,0.0
M0062778,N,74,0,6757.14,0,0,0,3482.91,7721.58,1.54
M0062779,N,74,1,22240.29,0,1,0,3763.9,21318.69,2.34
M0062780,N,43,0,14147.93,0,2,0,6945.96,6042.72,2.22
M0062781,N,77,0,5010.43,0,1,0,3230.31,5207.16,0.0
M0062782,N,51,2,6257.39,0,0,1,1587.14,5607.03,2.37
M0062783,N,72,2,25162.81,0,0,0,4876.94,18438.35,2.68
M0062784,N,60,1,5927.3,0,0,0,350.63,4290.33,0.15
M0062785,N,48,1,25663.68,0,3,1,6083.37,18767.85,2.13
M0062786,N,50,0,7844.18,0,0,0,942.33,12694.2,1.2
M0062787,N,37,3,9427.37,0,0,1,4611.57,10679.9,0.6
M0062788,N,51,1,8062.08,0,2,0,3103.71,5516.8,0.02
M0062789,N,51,1,13015.86,0,1,0,2813.82,8721.42,1.4
M0062790,N,49,2,19506.37,0,1,0,16984.73,12934.69,1.6
M0062791,N,73,3,17936.08,2,0,1,6640.58,16110.91,1.91
M0062792,Y,75,5,267078.28,2,4,2,107599.09,199793.8,6.26
M0062793,N,20,1,14108.54,1,1,0,8270.82,5525.02,0.89
M0062794,N,41,0,10849.72,0,0,1,1421.79,11147.8,0.33
M0062795,N,72,0,4730.96,0,2,1,1295.04,3257.42,0.43
M0062796,N,70,0,5145.24,0,0,0,1618.3,3465.52,1.16
M0062797,N,43,0,11181.8,0,0,0,3911.39,6113.06,1.11
M0062798,N,31,0,15386.33,0,0,0,1783.01,12052.7,1.8
M0062799,N,58,2,6687.6,0,0,0,1946.49,4307.58,0.99
M0062800,N,35,1,11759.54,0,1,0,5882.28,5679.72,0.0
M0062801,N,56,2,17515.54,0,0,0,3206.26,11335.34,3.5
M0062802,N,36,2,14177.42,0,0,0,4707.85,7926.06,1.8
M0062803,N,41,0,21090.78,1,1,0,4971.26,15017.74,0.0
M0062804,N,63,1,8442.54,0,1,1,2529.54,5174.85,1.77
M0062805,N,74,0,7271.92,0,1,0,1211.67,4650.49,0.41
M0062806,N,71,1,3647.95,0,2,0,2260.81,1830.39,0.03
M0062807,N,29,3,20876.48,1,0,1,1174.56,15494.08,1.22
M0062808,N,67,1,20264.15,0,2,0,2213.06,21905.41,1.58
M0062809,N,32,2,25583.45,0,0,2,3309.87,32626.8,1.4
M0062810,N,44,0,4922.24,0,1,0,1661.77,3291.74,1.17
M0062811,N,41,0,12792.94,1,1,0,5821.19,10953.97,1.18
M0062812,N,63,0,11158.94,0,0,0,2938.23,7684.95,1.21
M0062813,N,56,2,15858.41,0,1,0,2743.45,21875.31,1.48
M0062814,N,55,1,17400.98,0,3,1,5153.29,11951.27,1.97
M0062815,N,71,4,15620.98,1,0,0,4684.23,12773.13,1.98
M0062816,N,61,0,9324.86,0,0,0,4630.71,9856.58,1.63
M0062817,N,53,3,15073.07,0,2,1,2016.26,10203.52,1.08
M0062818,N,80,1,12716.62,0,1,0,3597.79,7076.67,0.35
M0062819,N,64,0,12147.35,0,0,0,2283.18,8326.23,0.0
M0062820,N,73,2,11966.99,1,1,0,9074.52,9500.14,0.47
M0062821,N,65,1,14783.13,0,2,0,4287.94,7302.72,0.0
M0062822,N,48,2,7037.03,2,0,0,1628.96,9148.36,0.83
M0062823,N,50,2,1842.13,0,0,0,1105.32,1733.2,0.0
M0062824,N,65,0,33024.26,1,0,2,11978.6,20978.89,1.09
M0062825,N,61,2,6668.54,0,1,2,3303.58,6624.57,0.0
M0062826,Y,79,5,170322.63,1,1,3,84902.04,75832.12,3.93
M0062827,N,75,1,9161.86,0,1,0,4958.84,8135.25,0.49
M0062828,N,36,1,14637.15,1,2,1,10142.97,14218.7,1.92
M0062829,N,72,0,3914.06,0,1,0,3182.06,1858.27,2.25
M0062830,N,62,0,18542.52,0,0,0,3470.27,18376.37,1.48
M0062831,N,59,2,12745.0,0,1,0,4644.15,5653.3,0.0
M0062832,N,25,0,13068.93,0,0,0,4600.09,13548.78,0.55
M0062833,N,71,1,28105.37,0,0,0,20406.36,9899.21,0.23
M0062834,N,32,1,13702.7,1,0,0,12027.57,4480.57,0.72
M0062835,N,30,0,4038.8,0,2,0,2631.01,2059.08,1.53
M0062836,N,31,1,10417.24,1,0,0,5603.98,9068.52,2.12
M0062837,N,49,1,21007.61,0,1,0,9607.59,11640.38,0.45
M0062838,N,40,0,2767.78,0,0,0,751.82,1899.29,1.09
M0062839,N,57,1,7257.17,0,1,1,1737.9,4731.32,1.42
M0062840,N,65,1,24264.85,0,0,0,3805.01,19726.93,1.12
M0062841,N,67,1,17209.13,0,1,1,10140.52,15263.14,0.73
M0062842,N,56,0,13940.24,0,3,0,3124.06,14773.69,3.73
M0062843,N,47,0,9184.31,0,1,0,5733.41,4863.67,1.91
M0062844,N,57,0,17489.68,0,0,0,6208.07,10253.79,2.26
M0062845,N,80,0,6131.78,1,0,1,767.34,6819.93,0.0
M0062846,N,52,2,44817.51,0,2,0,3183.2,33960.57,0.72
M0062847,N,58,3,12628.63,0,1,0,1509.0,13023.19,0.0
M0062848,N,62,2,10594.22,1,1,1,7708.62,9620.4,1.53
M0062849,N,23,1,12314.43,0,1,2,5261.6,11555.02,2.46
M0062850,N,38,0,4175.49,0,0,0,813.23,5834.12,0.95
M0062851,N,32,1,4851.81,0,0,1,1060.45,7131.88,0.88
M0062852,N,42,0,4053.61,0,0,0,1397.41,3190.48,1.8
M0062853,N,27,0,10997.85,1,0,0,3153.51,10189.87,1.47
M0062854,N,69,0,6305.49,0,0,0,287.23,6771.05,0.1
M0062855,N,49,1,7115.65,0,0,0,419.1,6858.95,1.22
M0062856,N,35,2,17369.76,0,1,1,11294.97,14647.02,1.74
M0062857,N,52,3,12012.63,0,0,1,7630.37,10115.42,2.56
M0062858,N,50,0,4621.02,0,0,0,1453.83,2404.92,1.17
M0062859,Y,81,6,333587.96,4,5,5,127367.5,228666.07,5.42
M0062860,N,18,0,8708.26,1,0,1,2063.7,5227.1,1.15
M0062861,Y,61,5,181447.84,2,2,4,88082.43,125326.95,3.23
M0062862,N,56,1,12824.22,0,0,0,5102.86,6804.44,2.19
M0062863,N,68,0,8928.6,0,0,0,7214.3,2598.48,0.0
M0062864,N,57,1,20790.39,1,0,2,2202.55,14260.74,1.07
M0062865,N,24,1,13285.91,0,1,0,4021.0,7887.96,2.03
M0062866,N,37,0,7737.16,0,0,0,617.94,5685.31,1.84
M0062867,N,69,0,12420.18,2,2,0,6922.3,11852.34,1.71
M0062868,N,75,1,20562.75,1,1,0,6981.96,26752.8,1.64
M0062869,N,47,2,18284.87,0,0,0,4706.37,13104.75,1.45
M0062870,N,21,2,52540.48,2,0,0,28867.51,21220.87,1.24
M0062871,N,23,2,23710.01,0,1,0,1970.08,19030.33,0.85
M0062872,N,20,3,14900.68,1,0,0,3742.27,12967.13,1.16
M0062873,N,23,2,13776.43,0,0,0,3446.32,7321.77,0.0
M0062874,N,61,0,1774.54,0,0,0,911.91,1779.77,0.0
M0062875,N,34,1,36391.33,0,0,3,1898.54,40217.58,0.52
M0062876,N,33,2,15912.04,0,1,0,6512.19,16552.22,2.93
M0062877,N,46,0,16685.69,0,0,0,6565.43,15220.15,1.18
M0062878,N,38,1,27836.4,0,1,1,11097.03,16896.69,1.24
M0062879,N,31,1,10790.36,0,0,1,1197.64,8599.42,0.96
M0062880,N,44,1,6836.79,0,0,0,5689.62,2020.69,0.02
M0062881,N,66,0,2852.67,1,1,0,1263.08,3645.38,0.95
M0062882,N,34,3,4254.68,0,2,0,940.49,5982.99,2.37
M0062883,N,66,1,4644.62,0,0,0,2749.54,4477.43,1.59
M0062884,Y,67,3,406065.84,2,4,1,149698.16,214827.13,2.23
M0062885,N,73,0,13208.25,1,0,0,4234.72,12153.76,0.82
M0062886,N,73,0,5603.23,0,0,0,2740.93,4040.99,0.16
M0062887,N,58,3,10574.47,0,0,0,1638.1,7363.8,1.96
M0062888,N,54,1,7622.07,0,0,0,1799.72,10053.72,1.34
M0062889,N,30,0,2771.48,0,0,0,2842.36,1324.1,0.0
M0062890,N,61,1,11729.02,0,0,0,2971.02,7455.69,0.94
M0062891,N,32,1,26241.93,1,0,0,7531.19,28154.94,1.99
M0062892,N,64,0,3133.79,0,0,0,601.17,3629.44,0.48
M0062893,N,22,0,20335.03,0,0,0,2705.15,14852.47,1.87
M0062894,N,64,2,9557.75,0,1,0,4052.79,10381.96,1.45
M0062895,N,38,0,7812.67,0,0,0,2029.94,4392.88,0.0
M0062896,N,73,2,5391.01,0,1,1,2877.17,6178.96,2.62
M0062897,Y,60,6,334154.45,4,7,4,147500.87,247675.44,5.97
M0062898,N,47,0,2089.95,0,0,0,328.29,3333.1,1.61
M0062899,N,68,1,11857.95,0,1,0,1624.87,19299.51,0.77
M0062900,N,51,0,11149.93,0,0,1,2536.45,11632.75,2.26
M0062901,N,37,1,18225.76,1,0,0,8884.16,7147.31,0.42
M0062902,N,30,1,6475.95,0,1,0,6454.14,4354.75,0.32
M0062903,N,49,2,5729.65,0,0,0,1636.0,3259.69,0.15
M0062904,N,41,2,39469.78,0,0,1,9256.53,34236.39,1.8
M0062905,N,69,1,17782.3,0,1,0,4760.03,13312.08,2.17
M0062906,N,19,2,12879.87,1,1,0,6584.66,10439.16,0.17
M0062907,N,34,1,8208.57,0,0,0,4932.71,5535.24,0.35
M0062908,N,28,2,19748.04,0,2,0,3082.88,19025.0,2.57
M0062909,N,60,0,10895.36,0,2,0,1988.5,11767.33,1.57
M0062910,N,58,1,6938.43,0,1,1,2353.23,6452.52,0.0
M0062911,N,62,0,14968.28,0,0,0,3404.32,11319.07,0.83
M0062912,N,49,0,5169.28,0,2,0,1636.0,3849.09,0.24
M0062913,N,49,1,41956.59,0,0,0,5452.47,39074.94,2.14
M0062914,N,41,2,24638.71,0,2,0,9856.68,10749.81,1.85
M0062915,N,56,1,16074.74,0,1,0,4038.41,8922.55,0.35
M0062916,N,75,1,9332.69,1,0,0,1435.22,11618.05,0.59
M0062917,N,53,0,10906.69,1,1,0,4439.09,5150.68,0.75
M0062918,N,73,0,11216.03,0,0,0,5212.45,8300.58,0.0
M0062919,Y,66,4,244577.61,3,5,2,61324.36,212899.91,6.32
M0062920,N,56,1,5349.2,0,0,0,1077.26,5912.1,0.93
M0062921,N,69,0,6039.34,0,1,0,1750.39,4164.52,0.65
M0062922,N,76,0,8393.55,0,1,0,2919.73,4022.33,0.29
M0062923,N,22,0,21009.95,1,1,2,5964.4,11315.69,1.88
M0062924,N,26,2,21163.87,0,0,0,7326.14,12837.49,1.4
M0062925,N,22,2,21718.87,1,0,0,15383.22,6459.68,0.95
M0062926,N,37,0,4220.44,0,0,2,1128.2,3714.83,0.0
M0062927,N,48,1,3359.5,0,2,2,1437.91,3670.25,0.83
M0062928,N,48,0,24593.66,0,1,0,2877.13,29148.57,1.71
M0062929,N,27,0,6660.34,0,1,1,7878.51,3729.95,0.98
M0062930,N,53,2,20747.18,0,2,1,8243.75,12006.25,2.16
M0062931,N,44,1,9451.14,0,1,0,6945.03,5130.07,1.94
M0062932,N,49,0,38034.33,0,4,0,1386.4,39975.05,0.55
M0062933,N,63,0,6997.87,0,0,0,2751.06,3187.16,1.75
M0062934,N,46,0,10824.32,2,1,0,2704.53,9142.29,2.16
M0062935,N,31,1,11128.0,0,1,0,6370.48,6291.46,0.0
M0062936,N,69,2,23467.95,1,0,1,9724.4,9645.39,0.0
M0062937,N,28,1,21229.67,0,0,0,1165.34,17769.72,0.0
M0062938,N,70,1,18145.51,0,0,0,6388.22,7934.44,0.64
M0062939,N,58,0,20164.1,1,0,2,16129.01,5066.22,0.43
M0062940,N,37,0,8653.57,1,1,1,2596.78,10470.19,2.31
M0062941,N,74,0,4957.63,0,0,0,1485.59,3247.5,0.53
M0062942,N,58,1,9142.07,1,1,1,3660.71,7121.66,1.04
M0062943,N,79,0,6861.76,0,0,1,2666.78,6266.62,0.57
M0062944,N,26,0,3973.5,0,0,0,2037.26,3231.1,0.25
M0062945,N,27,1,14522.97,0,0,0,3694.6,15380.9,0.04
M0062946,N,63,1,5277.74,0,0,0,1140.48,3677.18,0.62
M0062947,N,40,1,14224.04,1,2,0,3046.44,11692.6,1.18
M0062948,N,73,2,16076.01,0,1,1,3572.13,15033.63,1.24
M0062949,N,66,2,40430.71,0,2,0,5759.37,31293.84,0.64
M0062950,N,46,1,5060.32,0,0,0,1580.88,5117.13,0.0
M0062951,N,60,0,5463.21,0,0,0,3160.21,1792.95,0.71
M0062952,N,19,0,4638.28,0,1,0,3725.06,4644.37,0.0
M0062953,N,47,0,5282.31,0,0,0,1246.88,4992.33,1.04
M0062954,N,72,2,8869.82,0,2,0,5752.79,6079.38,0.71
M0062955,N,43,1,11185.11,2,0,0,4895.66,7405.35,0.83
M0062956,N,68,2,9849.18,1,2,1,2005.48,14569.54,1.74
M0062957,N,26,1,3242.03,0,0,0,1756.45,2700.72,1.8
M0062958,N,64,2,15984.63,0,1,0,10863.04,8945.07,1.02
M0062959,N,33,0,6158.27,0,2,0,3500.08,4202.0,1.5
M0062960,N,53,0,6392.24,0,2,0,2373.95,4469.84,2.08
M0062961,N,73,0,7696.0,0,0,1,1907.27,6352.69,0.54
M0062962,N,39,0,3648.4,0,0,0,822.05,3160.97,0.36
M0062963,N,49,0,6878.52,0,0,0,3401.99,2377.84,0.97
M0062964,Y,74,2,170160.76,3,4,1,19557.05,138913.22,3.67
M0062965,N,53,0,12481.3,0,1,0,3294.44,8309.72,0.99
M0062966,N,34,0,6683.74,0,0,1,371.73,7102.52,0.0
M0062967,N,46,3,33174.91,1,2,1,14368.83,26532.43,1.61
M0062968,N,19,2,6109.52,0,0,0,1135.62,6543.91,0.5
M0062969,N,51,2,27067.18,0,1,1,13113.05,9417.01,0.07
M0062970,N,61,1,5715.77,0,2,2,3264.1,5684.46,1.4
M0062971,N,30,1,6350.91,1,0,1,3863.66,6201.46,0.06
M0062972,N,37,0,5126.55,0,0,0,1344.95,3172.89,1.13
M0062973,N,58,0,12736.48,0,0,1,1740.07,18440.37,0.0
M0062974,N,74,0,6708.83,0,1,0,6811.67,1351.68,1.33
M0062975,N,58,3,2364.38,0,1,1,1181.51,1825.14,1.62
M0062976,N,41,1,5592.13,0,3,0,1200.22,7055.1,0.8
M0062977,N,43,2,4976.21,0,1,0,1499.87,6234.95,2.13
M0062978,N,55,0,8105.83,1,1,0,2730.52,7235.85,2.53
M0062979,Y,75,5,153840.82,2,4,2,104959.98,101513.07,6.24
M0062980,N,68,0,11980.82,0,2,0,11934.38,4235.48,0.27
M0062981,N,23,2,3933.46,0,2,0,1598.34,3183.48,0.38
M0062982,N,47,1,11699.85,0,0,0,1695.92,17519.98,2.16
M0062983,N,48,1,39563.16,2,1,1,26104.65,10808.61,1.11
M0062984,N,70,1,16308.9,0,0,1,2977.02,9893.14,2.75
M0062985,N,34,0,5300.13,1,0,1,719.02,3728.7,0.75
M0062986,N,20,2,30802.04,1,2,0,15997.26,11863.96,0.55
M0062987,Y,55,5,138799.5,2,3,2,37346.03,130864.26,3.28
M0062988,N,60,3,16268.88,0,2,1,4178.97,13599.51,1.92
M0062989,N,54,1,43536.9,1,2,0,2116.92,34620.26,2.09
M0062990,N,57,3,22679.67,0,1,0,6539.27,27112.34,0.85
M0062991,Y,44,4,426288.43,4,2,3,164434.6,405868.03,6.83
M0062992,Y,74,4,99893.99,3,3,4,53724.13,82190.47,4.99
M0062993,N,32,2,8980.64,1,0,1,6574.38,6353.26,1.32
M0062994,N,55,1,4399.21,0,0,0,2849.83,1907.74,0.0
M0062995,N,62,2,13463.84,0,0,0,1354.63,9996.47,1.39
M0062996,N,57,0,5231.25,0,1,0,4549.9,4070.36,3.1
M0062997,N,28,2,2005.64,0,0,0,794.63,1702.23,2.3
M0062998,N,33,2,21899.78,1,0,0,945.11,22443.27,1.43
M0062999,N,68,1,14478.82,1,2,0,4037.56,8248.19,0.51
M0063000,N,46,2,6904.9,0,1,0,2620.66,5370.34,0.4
M0063001,N,62,0,5692.67,0,0,0,765.58,7726.92,0.0
M0063002,N,50,3,3727.09,1,2,3,684.36,5435.86,1.77
M0063003,N,27,3,10900.17,0,0,0,4039.6,6531.3,1.62
M0063004,N,31,1,10700.41,1,1,1,6715.66,4476.98,1.51
M0063005,N,51,0,5786.08,0,1,0,2142.99,4653.86,2.06
M0063006,N,52,0,3348.58,1,2,0,2230.4,2776.3,0.66
M0063007,N,44,2,11087.15,0,2,0,2645.18,11033.06,0.0
M0063008,N,41,1,10068.67,0,2,1,5238.21,3968.97,1.59
M0063009,N,43,1,4599.05,0,1,0,2858.41,2174.11,1.68
M0063010,N,65,2,4208.06,0,0,1,1012.23,2344.83,1.59
M0063011,N,49,0,9573.23,0,1,1,972.99,8779.44,0.86
M0063012,N,24,2,15603.79,0,1,0,5443.27,10967.78,1.07
M0063013,N,79,0,6157.3,0,1,0,1750.44,4641.02,0.21
M0063014,N,28,1,40896.72,1,2,0,7470.58,28211.97,2.86
M0063015,N,30,1,12632.81,0,3,0,2587.03,9454.07,0.59
M0063016,N,39,0,3713.38,1,0,0,2968.43,1971.51,0.16
M0063017,N,48,3,27821.64,0,2,0,7428.85,26187.78,1.81
M0063018,N,53,2,10487.44,0,0,2,4561.43,5836.14,0.0
M0063019,N,18,1,8111.88,0,0,0,4921.82,5439.57,0.34
M0063020,N,79,1,11094.17,1,0,0,6668.12,10338.84,1.69
M0063021,N,36,1,18093.87,0,3,1,2319.62,20913.51,1.44
M0063022,N,67,3,53397.54,0,1,1,7105.83,39182.43,1.3
M0063023,N,24,1,3723.75,1,1,0,1323.0,2670.05,1.19
M0063024,Y,72,4,354755.2,4,6,4,145260.68,313772.96,6.43
M0063025,Y,50,5,216474.78,4,3,2,54388.64,149634.55,2.05
M0063026,N,18,0,10767.6,0,2,1,7828.8,3284.13,0.8
M0063027,N,42,2,4686.37,0,2,0,929.21,2828.55,1.94
M0063028,N,77,1,15286.09,0,2,1,4291.4,16934.22,0.74
M0063029,N,61,0,4056.98,1,0,0,2470.84,2821.72,0.0
M0063030,N,39,3,6678.06,0,0,0,1949.68,8791.06,0.67
M0063031,N,62,0,9434.48,0,0,0,1316.17,9993.52,0.0
M0063032,N,51,3,13835.89,2,3,0,10469.31,12670.06,1.59
M0063033,N,54,3,12761.89,0,0,0,2046.15,12081.94,1.37
M0063034,N,68,1,25148.17,0,1,1,5245.35,37996.68,3.54
M0063035,N,26,0,5368.44,1,0,0,1384.47,2998.84,0.89
M0063036,N,80,2,47175.6,0,3,1,3617.46,53723.69,2.02
M0063037,N,36,0,3615.07,0,1,1,645.1,4462.42,0.0
M0063038,N,25,1,20317.89,0,0,0,1779.39,17567.27,1.39
M0063039,N,79,0,11655.22,0,0,0,8401.09,8323.56,1.43
M0063040,N,67,0,1857.62,0,0,0,818.32,2297.26,1.1
M0063041,N,43,1,10256.31,0,0,0,4249.53,5198.61,0.48
M0063042,N,47,0,14197.9,0,2,1,5599.52,7606.85,0.05
M0063043,N,46,2,14062.46,0,1,0,3736.87,7791.3,1.67
M0063044,N,61,0,18002.73,0,1,1,2347.74,19834.87,1.54
M0063045,N,68,2,4610.9,0,0,0,2232.23,4310.14,0.89
M0063046,N,32,2,5907.69,0,1,1,3629.44,5784.77,2.56
M0063047,Y,63,5,175439.03,5,5,4,57321.64,98245.86,3.94
M0063048,N,25,1,8587.08,1,1,0,5901.65,8759.41,0.95
M0063049,N,74,1,10462.69,1,1,0,697.14,17906.34,1.09
M0063050,N,70,1,12868.3,0,1,1,3173.15,7860.28,0.63
M0063051,N,57,1,12120.62,0,1,0,2912.99,7527.29,0.96
M0063052,N,46,0,2298.08,0,0,1,867.55,2523.99,0.0
M0063053,N,18,1,27883.4,0,0,0,1581.29,20423.78,2.28
M0063054,Y,55,5,478107.69,4,7,4,50010.15,349622.17,3.69
M0063055,N,22,0,6685.01,0,0,0,1464.37,5340.37,0.51
M0063056,N,18,1,15350.27,0,0,0,3769.75,10488.24,1.1
M0063057,Y,54,5,178745.0,4,4,4,41261.55,171026.2,6.53
M0063058,N,36,0,5416.06,0,2,1,2016.74,7117.64,1.08
M0063059,N,71,0,9422.63,0,0,0,1219.68,12164.8,1.17
M0063060,Y,59,4,455617.66,5,5,7,184585.73,250639.55,6.46
M0063061,N,60,0,5582.0,0,1,0,1198.31,7327.2,1.28
M0063062,N,60,0,2875.98,0,0,0,1662.69,3249.73,2.29
M0063063,N,38,3,5784.57,1,2,0,2208.48,5351.39,1.54
M0063064,N,54,0,3925.15,0,0,0,1910.21,2582.05,0.3
M0063065,N,23,0,30224.11,2,0,0,9642.93,21476.01,2.04
M0063066,N,76,1,4150.68,0,1,0,871.06,3751.28,0.0
M0063067,N,79,1,4753.91,0,3,0,714.2,3738.88,0.35
M0063068,N,23,2,10931.14,0,0,0,4439.14,7113.15,0.98
M0063069,N,59,2,6010.64,0,0,0,2077.48,6056.96,0.25
M0063070,N,48,0,12575.05,0,0,0,552.79,9486.47,2.36
M0063071,N,49,1,6626.5,0,2,0,7099.94,4284.91,0.6
M0063072,N,28,2,15966.37,0,0,0,1543.41,13645.92,0.0
M0063073,N,42,2,31281.22,0,0,1,8794.14,16691.74,1.75
M0063074,N,56,0,8407.03,0,0,0,886.58,12876.92,0.49
M0063075,N,66,1,10385.4,0,0,0,4093.9,4814.24,0.77
M0063076,N,40,1,13055.65,0,2,0,2697.76,7961.25,1.26
M0063077,N,33,0,11605.44,0,1,0,4330.61,12281.35,1.44
M0063078,N,19,0,10709.68,0,0,0,5701.8,7654.65,0.88
M0063079,N,54,2,17457.98,0,0,2,8156.69,15501.03,0.73
M0063080,N,59,0,10291.74,0,0,1,2472.55,5915.46,0.96
M0063081,N,41,2,19083.41,0,2,1,9681.53,19664.49,1.77
M0063082,N,20,2,9295.37,0,1,0,1922.38,6619.89,0.0
M0063083,N,20,2,2989.41,0,0,0,279.29,3727.87,0.07
M0063084,N,26,0,4494.16,0,1,1,496.92,5921.84,0.88
M0063085,N,71,3,36040.4,2,3,1,27304.74,13777.6,0.86
M0063086,N,53,1,25457.61,0,2,0,1741.78,19512.55,0.14
M0063087,N,56,0,11407.4,1,1,0,1069.97,8418.28,1.84
M0063088,Y,50,9,239781.5,5,8,5,126960.17,192314.23,6.69
M0063089,N,65,0,4683.75,0,0,0,2430.78,2659.83,1.74
M0063090,N,21,0,8533.14,0,0,0,4210.5,8084.18,0.0
M0063091,N,45,0,4707.89,0,0,0,821.84,3663.62,1.1
M0063092,N,73,0,5113.23,0,0,1,2620.7,2401.61,0.0
M0063093,N,71,0,7662.01,0,1,0,1220.46,9198.0,2.02
M0063094,Y,40,6,309831.97,5,5,4,126344.44,203869.58,3.59
M0063095,N,27,2,5019.77,0,2,0,1141.63,4454.23,1.89
M0063096,N,28,1,6788.41,0,1,1,2311.42,6629.26,0.32
M0063097,N,34,1,17979.86,0,2,0,2153.98,12334.2,1.06
M0063098,N,76,1,11161.04,0,0,0,6443.74,10475.4,2.17
M0063099,N,19,1,7697.37,0,0,0,775.76,6871.67,2.16
M0063100,N,50,2,12232.57,0,1,1,1575.89,8606.94,1.61
M0063101,N,80,0,3900.32,0,1,0,1571.08,4728.99,0.0
M0063102,N,35,0,23332.31,0,0,0,11826.58,12055.05,1.15
M0063103,N,71,1,5426.24,0,1,1,1335.71,4659.12,0.0
M0063104,N,37,1,13909.89,0,0,0,3920.08,12789.11,1.78
M0063105,N,25,3,7650.45,0,0,0,4226.53,4001.22,1.75
M0063106,N,20,0,15543.27,1,1,1,1653.05,14067.66,2.99
M0063107,N,55,0,12147.47,0,0,0,3908.79,8494.25,2.18
M0063108,N,74,2,7869.86,0,2,0,6025.97,3313.02,0.37
M0063109,N,80,1,3310.97,0,1,1,1431.29,3663.08,0.23
M0063110,N,73,0,11878.96,0,2,0,1770.63,10647.57,0.71
M0063111,N,50,0,48950.16,1,1,0,9722.78,30998.52,1.29
M0063112,N,72,0,15164.96,1,1,0,772.54,13911.47,0.3
M0063113,N,63,1,2953.3,0,0,0,1128.27,3818.81,0.85
M0063114,N,27,1,6947.22,1,0,0,1901.33,7437.75,0.99
M0063115,N,74,0,9875.71,0,0,1,2429.09,7966.79,1.15
M0063116,N,54,0,5235.16,0,0,1,2059.81,5849.14,0.37
M0063117,N,80,2,15067.23,1,2,1,7611.37,4998.23,0.68
M0063118,Y,62,6,216745.78,2,3,5,68951.79,236741.34,6.56
M0063119,N,38,1,10435.56,0,0,0,2395.16,15245.06,0.23
M0063120,N,43,2,7104.83,0,0,0,2140.39,4481.76,1.28
M0063121,N,78,1,44158.53,0,0,0,10900.17,23935.69,3.19
M0063122,N,41,0,7824.61,0,0,0,2079.69,4882.77,0.0
M0063123,N,64,1,6091.22,1,0,1,5297.43,4034.92,0.0
M0063124,N,18,0,4929.39,0,0,0,1296.45,4866.2,0.49
M0063125,N,54,0,9516.43,0,2,0,4092.38,8336.82,1.78
M0063126,N,62,2,16164.77,0,1,0,5090.53,9536.55,2.08
M0063127,N,44,0,5389.67,0,0,0,1180.84,3789.53,1.5
M0063128,N,61,1,2950.63,0,0,1,703.76,2201.53,1.19
M0063129,N,48,0,5879.53,0,1,1,1650.78,7042.73,0.47
M0063130,N,62,2,15183.79,0,0,1,11221.59,8333.21,0.0
M0063131,N,28,0,2966.72,0,1,0,783.56,4135.51,0.0
M0063132,N,38,3,13344.47,0,0,0,2897.01,18539.34,0.0
M0063133,N,80,1,21756.0,0,0,1,9225.38,8797.94,0.65
M0063134,N,68,1,17057.97,1,1,0,11926.24,13661.9,0.35
M0063135,N,51,1,64987.46,0,2,0,7046.31,52424.78,1.51
M0063136,N,57,2,4082.65,0,1,2,1352.45,4151.94,0.31
M0063137,N,56,3,20434.84,0,2,0,9033.64,21043.28,1.32
M0063138,N,48,1,10691.14,0,0,0,2964.67,5800.57,0.19
M0063139,N,74,1,18536.86,0,1,0,4934.23,20260.84,0.51
M0063140,N,38,1,10307.12,0,0,1,7912.06,8386.86,2.37
M0063141,N,18,0,13987.48,1,1,0,1444.18,10254.67,0.0
M0063142,N,31,0,8779.34,1,1,0,3307.22,3580.76,2.33
M0063143,N,19,2,51213.38,2,2,0,13915.8,27198.12,1.02
M0063144,N,52,0,22014.38,0,3,0,21697.06,4945.87,2.02
M0063145,N,79,3,6662.08,0,1,1,1451.76,9681.17,0.87
M0063146,N,48,2,4137.07,0,0,0,2299.68,2916.26,0.64
M0063147,N,50,1,14136.5,0,2,0,1752.89,14381.83,2.01
M0063148,N,33,0,3420.44,0,0,0,1469.43,3673.65,0.28
M0063149,N,55,1,6686.24,0,3,0,3410.96,4472.02,0.7
M0063150,N,77,0,3927.91,0,0,0,1496.2,5055.55,0.37
M0063151,N,31,2,7389.85,0,1,0,7742.87,4914.34,1.59
M0063152,N,64,2,16100.02,0,0,0,4120.65,14475.08,0.46
M0063153,N,80,1,57492.24,0,2,0,17020.96,50807.69,1.64
M0063154,N,76,0,6014.07,0,2,0,2955.84,2498.27,1.23
M0063155,N,32,2,19106.03,1,1,0,3951.08,13087.15,1.82
M0063156,N,57,2,19822.73,0,0,1,11919.67,6783.59,0.01
M0063157,N,24,0,13880.95,1,1,0,4340.08,9634.92,0.27
M0063158,N,39,3,13292.23,0,0,1,7126.33,12783.9,0.32
M0063159,N,70,1,28584.8,0,1,0,12791.47,14298.07,2.24
M0063160,N,49,0,5202.37,0,3,0,1125.25,5520.62,0.0
M0063161,N,63,0,6445.06,0,0,0,2010.71,7408.73,1.5
M0063162,N,78,2,16003.89,1,2,0,5919.38,21171.8,2.67
M0063163,N,31,2,4297.13,0,0,0,1958.25,4984.91,0.76
M0063164,N,30,0,17084.86,0,0,0,3192.2,15350.45,1.54
M0063165,N,49,1,6835.69,0,0,0,2289.92,3780.9,1.48
M0063166,N,23,2,20675.71,0,1,0,3708.37,13347.97,0.0
M0063167,N,62,1,7088.2,0,2,0,4142.16,4444.05,0.36
M0063168,N,30,2,14246.56,0,1,1,1096.93,16544.38,1.35
M0063169,N,44,0,3792.84,0,0,0,1339.18,3133.09,0.0
M0063170,N,52,1,4612.47,0,0,0,2766.28,5601.77,0.0
M0063171,N,26,1,14750.89,0,1,1,3100.44,17890.46,1.06
M0063172,N,68,1,11941.92,0,0,0,2104.57,8160.83,0.83
M0063173,N,48,2,17057.41,0,0,1,3679.29,9859.28,0.0
M0063174,N,28,1,5304.69,0,1,0,845.52,3863.84,0.0
M0063175,N,28,0,10318.37,1,2,0,11340.12,6781.03,2.88
M0063176,N,34,2,14953.69,0,1,0,6047.12,14041.75,3.09
M0063177,N,30,0,11100.4,0,0,0,1167.13,8568.17,0.96
M0063178,N,72,0,15332.48,1,0,0,4401.49,12028.19,1.63
M0063179,N,30,1,16615.58,1,0,0,2009.0,11334.49,0.32
M0063180,N,33,0,6734.36,0,0,1,904.85,5283.96,0.14
M0063181,N,28,1,7725.62,0,1,0,606.3,10205.24,0.67
M0063182,N,64,2,18526.34,0,3,0,8423.86,7974.21,1.21
M0063183,N,72,1,27891.09,0,3,1,11609.53,10423.98,1.71
M0063184,N,80,1,8521.18,0,0,1,978.14,6788.03,0.12
M0063185,N,76,0,10762.66,1,0,1,5624.51,9055.05,1.06
M0063186,N,65,2,17450.37,0,0,0,5945.06,8112.14,2.07
M0063187,N,75,1,33756.5,0,2,2,9000.98,27837.09,0.81
M0063188,N,70,0,8436.9,0,0,0,1389.25,5441.18,0.65
M0063189,N,44,2,27077.17,0,1,0,12231.64,10439.36,1.72
M0063190,N,22,2,9357.71,1,0,1,4069.31,8615.34,0.79
M0063191,N,35,1,6251.57,0,1,1,1001.73,5104.68,0.0
M0063192,N,44,0,11889.65,0,0,0,5825.58,6153.86,1.6
M0063193,N,74,0,13148.33,0,0,1,3678.82,9432.58,0.73
M0063194,N,47,3,13160.52,1,0,0,2778.31,8779.84,0.6
M0063195,N,53,0,5290.09,0,0,0,1519.38,6603.06,0.37
M0063196,N,37,0,8285.15,0,0,0,1185.18,6862.86,1.67
M0063197,N,70,1,5426.11,0,0,0,1064.92,7564.96,0.2
M0063198,N,20,2,8348.78,0,3,0,2330.36,11869.86,0.02
M0063199,N,47,0,6949.44,0,0,0,3204.69,2991.52,1.37
M0063200,N,80,1,7489.84,0,1,0,3718.28,6915.55,1.44
M0063201,N,18,1,4805.62,0,0,1,2679.4,5876.44,2.11
M0063202,N,55,2,7481.76,0,0,1,3245.76,2689.06,1.76
M0063203,N,27,2,4077.28,0,0,0,2127.44,3171.3,0.0
M0063204,N,35,1,25272.5,1,1,0,2126.35,19640.85,0.54
M0063205,N,79,1,6776.61,0,0,0,887.05,7670.02,0.18
M0063206,N,28,1,31016.85,1,1,1,6298.32,28133.35,1.46
M0063207,N,32,1,2299.35,2,1,1,1173.04,2046.68,0.0
M0063208,N,49,1,9717.74,0,0,0,1723.31,5876.43,0.68
M0063209,N,35,2,29856.05,0,1,0,3924.06,22777.84,2.33
M0063210,N,27,1,3526.47,0,1,0,1763.8,3378.45,0.0
M0063211,N,75,1,28546.83,0,0,0,6362.12,16278.0,0.53
M0063212,N,53,0,9965.18,0,0,0,1299.04,7492.11,0.81
M0063213,N,64,0,10888.61,0,1,0,4702.95,4714.1,1.36
M0063214,Y,54,3,334453.93,5,2,7,187135.36,236446.87,9.47
M0063215,N,50,0,4938.1,0,0,1,2065.55,4276.56,0.61
M0063216,N,73,1,13201.9,0,0,0,3122.38,13790.93,1.37
M0063217,N,53,0,11913.92,1,1,1,4011.8,6909.34,0.0
M0063218,N,24,1,17548.7,0,1,0,1030.99,15296.0,0.65
M0063219,N,59,2,5276.83,0,0,0,2098.87,6036.88,2.2
M0063220,N,50,0,11519.98,0,1,1,1395.41,7908.16,0.89
M0063221,N,77,1,16788.55,1,0,1,9312.07,11539.06,1.26
M0063222,N,25,0,7355.13,0,0,0,2632.1,6396.57,1.93
M0063223,N,72,2,14764.7,0,0,0,10811.58,8783.14,1.25
M0063224,N,45,1,1778.28,0,2,0,1479.18,1700.55,0.0
M0063225,N,20,1,1366.48,0,0,0,876.33,1075.95,1.02
M0063226,N,58,1,42853.76,0,0,0,15665.19,24480.18,1.45
M0063227,N,29,2,3982.57,1,1,0,860.11,2441.49,0.27
M0063228,N,51,2,7259.85,0,0,0,732.69,5485.62,0.35
M0063229,N,46,0,13446.39,0,2,0,6269.09,10083.05,0.33
M0063230,N,25,0,7761.0,0,0,0,1641.34,5362.32,0.36
M0063231,N,69,2,16044.49,1,0,0,2047.85,14976.45,0.86
M0063232,N,64,1,8390.52,0,1,0,3744.76,4051.54,1.84
M0063233,N,39,3,15209.67,0,0,0,5677.79,11728.84,1.02
M0063234,N,36,0,16320.63,0,0,0,614.72,14495.24,2.5
M0063235,N,47,0,8054.48,0,1,0,1925.84,5444.51,0.52
M0063236,N,34,0,10617.61,0,2,1,998.14,14813.1,0.23
M0063237,N,18,0,6154.59,0,0,0,1580.54,6828.14,0.85
M0063238,N,20,0,4343.37,0,2,0,416.72,3553.93,0.0
M0063239,N,69,1,12210.49,1,0,0,4167.5,8761.51,2.01
M0063240,N,41,0,15913.48,0,0,0,6776.32,9510.38,0.5
M0063241,N,22,0,3055.69,0,0,0,1636.01,1042.55,2.02
M0063242,N,66,2,4634.77,1,0,0,2241.98,6085.97,0.0
M0063243,N,56,0,15121.85,0,1,0,1263.61,15768.91,0.84
M0063244,N,73,3,26653.34,1,1,0,6792.4,25152.84,1.4
M0063245,N,68,1,9954.58,0,0,1,3767.46,7691.67,1.25
M0063246,N,72,2,6692.48,0,2,1,4264.45,3921.66,1.64
M0063247,N,62,2,7714.22,0,0,0,3576.93,4987.7,1.53
M0063248,N,49,1,14110.69,0,1,0,1497.99,12976.71,1.18
M0063249,N,79,1,7740.44,0,0,0,778.61,9409.98,2.12
M0063250,Y,75,3,443282.54,5,5,5,127596.11,289678.22,5.03
M0063251,N,35,0,6425.91,0,0,0,4499.68,4749.52,0.42
M0063252,N,77,1,4362.84,1,1,0,1412.05,4993.0,0.0
M0063253,N,79,3,10231.83,0,0,0,1856.43,7589.74,0.0
M0063254,N,45,1,5358.83,0,0,0,1024.4,5195.43,0.65
M0063255,N,53,1,12974.12,0,0,0,5069.62,9179.54,0.72
M0063256,N,80,2,39433.84,0,0,0,1658.03,45505.01,0.31
M0063257,N,73,2,10135.54,0,0,1,1960.35,6598.39,1.78
M0063258,N,50,1,4190.82,0,0,0,1667.49,2284.34,0.74
M0063259,N,28,2,7219.3,0,1,0,484.93,6601.15,1.12
M0063260,N,63,2,12738.6,1,2,0,5286.44,13355.47,1.45
M0063261,N,55,1,28752.3,0,1,0,1324.11,38577.97,1.68
M0063262,N,78,1,3437.21,0,0,1,432.89,5262.41,0.48
M0063263,N,55,2,11545.73,0,0,0,1961.97,7234.62,1.63
M0063264,N,40,0,6668.61,0,1,0,667.27,6291.29,0.53
M0063265,N,70,1,10029.83,0,0,0,4526.31,4584.42,2.29
M0063266,N,78,3,10745.82,1,1,0,1926.02,10613.3,0.57
M0063267,N,52,1,16091.36,0,1,0,4075.89,19892.83,0.64
M0063268,N,40,2,13073.21,0,0,0,5031.18,13467.84,1.6
M0063269,N,59,0,3748.93,0,1,0,2286.04,3405.28,1.09
M0063270,N,21,0,36109.47,0,1,1,4215.28,25816.26,2.09
M0063271,N,25,1,14746.01,0,2,0,4335.76,19348.45,2.23
M0063272,N,20,3,25732.52,0,1,1,17253.77,16233.57,2.94
M0063273,N,58,2,21086.03,0,1,0,8028.23,17710.03,0.41
M0063274,N,35,2,17253.94,0,1,0,8904.85,8293.34,2.0
M0063275,N,34,3,9539.04,0,1,0,1777.58,12116.03,0.46
M0063276,N,22,0,7156.93,0,1,1,1148.98,4611.44,0.0
M0063277,Y,74,5,149942.92,6,1,3,36907.06,109851.67,4.74
M0063278,N,70,1,7899.44,0,0,0,4677.79,2298.64,0.17
M0063279,N,77,2,14358.23,0,4,0,4271.34,10925.09,0.3
M0063280,N,60,0,12679.98,0,0,0,5195.16,12140.79,2.02
M0063281,N,70,1,24274.45,1,0,0,5532.46,21486.29,2.89
M0063282,N,33,1,13151.15,0,1,0,3032.91,14946.72,0.35
M0063283,N,78,2,24062.91,0,0,0,16351.2,15555.58,1.12
M0063284,N,75,1,27207.77,1,0,3,3311.15,18561.32,1.58
M0063285,N,37,3,22397.93,0,0,3,10721.0,7929.59,1.68
M0063286,N,73,1,5224.37,0,1,0,2399.42,5408.08,0.81
M0063287,N,57,2,15043.19,0,2,0,6191.21,10639.58,1.53
M0063288,N,20,0,13245.08,0,2,2,3678.83,17693.32,0.84
M0063289,N,77,0,2934.67,0,2,0,1380.44,3287.02,0.0
M0063290,N,69,1,2388.52,1,0,0,502.96,3535.87,0.3
M0063291,N,67,2,6462.18,1,0,0,2471.02,7354.93,0.0
M0063292,N,21,1,8547.58,0,1,1,3346.6,7014.26,0.0
M0063293,N,29,1,5876.86,0,0,0,551.72,6437.03,0.27
M0063294,N,50,0,5579.24,0,2,0,860.05,7863.55,0.0
M0063295,N,50,0,6979.68,0,1,0,1581.61,5000.45,0.24
M0063296,N,37,0,13458.54,0,0,2,3562.01,15229.51,2.69
M0063297,N,19,0,7078.84,0,0,0,1559.76,6401.67,1.35
M0063298,N,36,1,8129.45,0,1,0,2691.74,5313.9,1.32
M0063299,N,60,0,4351.24,0,1,0,4754.32,2640.29,0.74
M0063300,N,61,1,11444.19,0,0,0,3696.61,6735.49,0.52
M0063301,N,62,1,10958.05,1,1,0,4404.25,6902.45,1.36
M0063302,N,73,1,7554.55,0,1,0,2034.8,7863.4,0.0
M0063303,N,22,1,7029.64,1,1,0,913.13,5961.21,0.24
M0063304,N,75,0,8739.19,0,0,0,3102.51,10542.85,1.78
M0063305,Y,37,5,236192.2,3,4,4,128178.56,168192.07,6.79
M0063306,N,77,2,19978.87,1,0,0,5392.31,10672.64,0.99
M0063307,N,20,0,12078.0,0,0,0,2222.19,7516.39,1.6
M0063308,N,42,1,11197.32,0,0,0,1507.94,8082.69,0.63
M0063309,N,38,1,11767.44,1,2,0,2954.0,13314.72,0.6
M0063310,N,76,1,30338.11,0,0,0,1972.84,26445.77,2.45
M0063311,N,50,2,20465.85,0,2,0,5897.77,12507.89,1.01
M0063312,N,24,2,15054.1,0,0,1,3848.08,11187.9,1.93
M0063313,N,22,0,3691.34,0,1,0,1391.95,5253.92,1.3
M0063314,N,72,2,13808.37,0,0,0,3968.6,17324.99,1.38
M0063315,N,63,3,7188.65,0,0,2,1946.13,4991.57,0.0
M0063316,N,77,1,7707.38,0,2,0,4373.37,5895.15,2.24
M0063317,N,30,0,6594.16,0,0,0,1058.13,4495.9,0.46
M0063318,N,56,0,2206.22,0,0,0,1209.54,999.49,0.86
M0063319,N,61,1,12453.02,0,2,1,2084.17,11538.89,0.15
M0063320,N,36,1,2948.71,0,1,0,1286.12,2643.62,1.31
M0063321,N,73,1,6405.9,0,0,2,3487.16,3899.76,2.14
M0063322,N,51,2,24799.73,1,1,0,22471.0,7159.81,3.52
M0063323,N,73,1,45783.21,0,0,0,2168.31,37613.85,1.78
M0063324,N,57,0,14468.02,0,0,0,4335.42,11321.77,0.68
M0063325,N,39,1,6287.19,1,0,0,1223.58,4081.15,0.0
M0063326,N,56,1,20547.36,0,1,1,4046.99,17319.78,1.62
M0063327,N,24,1,11792.35,0,0,0,1122.3,19587.28,1.31
M0063328,N,26,2,15612.3,0,1,0,6254.12,20895.9,0.32
M0063329,N,72,1,9619.0,0,2,0,2576.05,7341.9,0.69
M0063330,N,22,1,7957.19,0,0,0,1356.37,8453.31,0.24
M0063331,N,32,2,7970.48,1,1,0,5293.35,3604.36,0.81
M0063332,N,29,1,7547.48,0,0,1,2457.98,5053.07,1.35
M0063333,N,59,0,12299.57,0,0,1,8898.44,4912.6,0.88
M0063334,N,42,1,6853.29,0,0,0,2354.6,3187.52,1.17
M0063335,N,46,1,8892.63,1,0,0,3859.85,4117.82,1.32
M0063336,N,19,0,5117.27,1,0,0,3139.16,4637.1,1.19
M0063337,N,42,1,12369.63,0,0,0,7981.1,3210.06,0.0
M0063338,N,63,2,7752.96,0,1,0,3575.96,3376.39,2.42
M0063339,N,69,0,9376.24,1,3,2,6067.88,3008.99,1.11
M0063340,N,78,2,7143.62,0,1,0,5671.93,3260.86,0.0
M0063341,N,36,1,21502.21,0,0,1,7094.48,10694.64,1.99
M0063342,N,41,0,1729.02,0,0,1,1558.98,1364.29,0.31
M0063343,N,79,0,26519.98,0,1,0,7955.78,13278.16,0.12
M0063344,Y,82,4,142662.86,2,3,2,69565.14,108642.03,3.94
M0063345,N,26,1,11086.14,0,2,0,11267.05,7330.99,0.0
M0063346,N,67,2,4388.34,1,0,0,2493.54,3084.3,1.12
M0063347,Y,41,6,167001.47,3,1,2,59192.42,103442.56,3.5
M0063348,N,65,1,22141.95,0,0,0,8071.14,11357.78,0.0
M0063349,N,76,2,36153.76,0,1,2,6177.19,42908.15,1.87
M0063350,N,23,2,9482.41,1,0,0,3468.14,5564.57,0.79
M0063351,N,49,1,8005.02,0,2,0,2421.63,4526.04,1.91
M0063352,N,40,1,8832.98,1,1,0,6348.98,5687.2,3.03
M0063353,N,72,1,26570.02,0,1,0,3722.08,17060.39,2.02
M0063354,N,78,1,7948.05,0,1,1,3039.78,9895.42,0.89
M0063355,N,30,1,5328.51,0,1,0,773.77,3648.93,0.3
M0063356,N,38,1,61170.02,2,1,0,4814.29,43655.5,4.5
M0063357,N,45,1,6990.99,0,0,0,558.03,8659.66,1.96
M0063358,N,26,0,26952.55,0,1,3,5227.55,21440.86,2.7
M0063359,N,65,0,7299.41,0,1,1,3715.64,3130.35,0.37
M0063360,N,30,1,23696.01,0,2,0,685.3,18139.85,0.4
M0063361,N,31,2,46532.15,0,1,0,16030.87,22268.58,2.27
M0063362,N,72,2,17493.14,1,0,0,8304.82,9022.51,1.92
M0063363,N,77,0,8052.78,0,2,0,7910.85,5882.77,0.64
M0063364,N,30,1,18657.76,0,2,0,2587.3,17599.93,2.09
M0063365,N,32,0,8111.15,0,0,0,1972.8,6991.58,1.26
M0063366,N,44,1,17882.78,0,1,0,5280.67,10798.98,1.35
M0063367,N,50,0,4714.62,0,0,0,488.29,4172.18,0.0
M0063368,N,38,0,5920.94,0,1,1,1088.04,8689.07,1.85
M0063369,N,66,0,1302.93,1,0,0,292.86,1587.3,0.0
M0063370,N,45,1,6325.79,1,0,0,2092.62,4455.37,1.68
M0063371,N,33,1,12919.85,1,0,0,3657.0,13949.08,1.57
M0063372,N,68,0,12177.85,0,1,0,8182.47,3792.16,0.0
M0063373,N,44,2,2133.08,0,1,0,821.15,2690.63,0.8
M0063374,N,39,0,17476.09,0,0,1,3152.83,15226.03,2.04
M0063375,N,29,1,6470.64,0,0,0,4168.39,5924.73,1.2
M0063376,N,34,0,7053.21,2,1,1,5528.02,6742.67,1.07
M0063377,N,79,0,13331.62,0,2,1,4470.17,15605.09,0.84
M0063378,N,74,3,12040.72,1,3,1,2259.25,14274.81,3.08
M0063379,N,71,1,8890.22,0,1,0,2589.92,12022.89,2.5
M0063380,N,19,1,12753.95,0,0,1,2743.23,15846.57,0.56
M0063381,N,57,0,29104.37,0,0,0,8629.3,16660.01,1.27
M0063382,N,77,1,9694.89,0,1,0,1050.43,7194.36,1.15
M0063383,N,52,3,9627.87,0,0,0,1830.98,9896.38,0.0
M0063384,N,39,2,18762.43,0,2,1,15140.5,8906.39,1.67
M0063385,N,56,0,10531.34,1,1,0,1601.36,7051.07,0.76
M0063386,N,20,1,9163.46,0,1,0,5817.54,6247.73,1.66
M0063387,N,46,1,17163.46,0,0,0,1303.13,14358.86,0.77
M0063388,N,57,2,41327.86,0,1,0,7320.2,33912.63,1.25
M0063389,N,72,1,9813.04,0,0,0,1899.57,6971.52,0.86
M0063390,N,47,2,5926.44,2,0,0,817.45,3919.48,0.08
M0063391,N,80,0,13170.52,0,0,0,3735.19,8268.35,0.5
M0063392,N,44,2,16487.82,1,2,2,3546.33,20325.03,1.41
M0063393,N,64,0,16592.28,0,0,0,2813.64,10893.8,1.39
M0063394,N,30,0,5784.58,0,0,0,3563.05,1543.29,0.0
M0063395,N,38,0,4459.17,0,1,1,1404.25,5254.03,0.66
M0063396,N,37,0,20428.01,0,0,0,7313.56,9517.54,1.04
M0063397,N,46,2,12447.26,1,1,0,1592.8,11921.33,0.66
M0063398,N,35,2,4876.28,0,1,0,1215.54,6128.71,1.69
M0063399,N,36,0,11911.43,1,2,0,1497.1,9397.95,1.72
M0063400,N,32,1,15451.77,0,1,0,7455.78,9362.61,0.8
M0063401,N,53,1,4448.31,0,0,0,3867.4,2936.48,0.25
M0063402,N,37,0,23188.02,0,2,0,13633.71,6999.84,0.71
M0063403,N,47,2,18992.95,0,2,0,9902.73,14666.49,0.51
M0063404,N,72,3,13005.15,1,0,0,5430.82,6752.66,1.06
M0063405,N,70,2,17597.75,1,0,1,1072.23,25319.48,0.57
M0063406,N,64,1,4365.5,0,1,0,2858.32,4968.42,0.78
M0063407,N,72,0,13567.95,1,1,0,3102.19,14007.78,1.06
M0063408,N,65,0,7390.15,0,0,0,3241.63,8619.78,0.16
M0063409,N,73,0,14008.68,0,2,0,8397.99,4295.86,1.14
M0063410,N,27,1,8555.13,1,0,0,3917.3,3921.5,2.05
M0063411,N,49,0,25594.15,0,1,0,4016.96,16642.95,1.51
M0063412,Y,40,5,292890.71,4,5,2,85257.63,174938.67,4.2
M0063413,N,59,0,10957.63,0,1,1,3538.85,15118.11,1.33
M0063414,Y,75,5,194243.44,1,4,3,45902.37,118063.46,2.94
M0063415,N,64,0,12511.58,0,0,0,1700.9,17988.6,1.64
M0063416,N,75,0,23302.02,1,1,0,5461.99,13297.41,2.5
M0063417,N,42,0,7790.86,0,0,0,4648.65,3565.67,0.5
M0063418,Y,52,6,285826.25,1,3,1,75037.8,262896.74,3.88
M0063419,Y,86,8,433549.41,3,5,5,129223.65,238224.85,7.7
M0063420,N,60,0,10612.88,0,1,0,6010.58,4316.64,0.83
M0063421,N,35,2,12913.73,0,0,1,3680.6,17474.9,0.7
M0063422,N,77,3,12003.52,0,0,0,5928.25,12076.29,2.13
M0063423,N,47,1,6770.97,0,2,0,2630.24,3275.08,1.54
M0063424,N,23,0,3736.95,0,1,2,869.67,2816.13,1.05
M0063425,N,79,1,4136.46,1,0,1,1920.4,2277.91,0.49
M0063426,N,53,0,6244.1,2,0,0,2269.92,2886.76,1.14
M0063427,N,71,0,11575.36,0,0,0,4994.8,4610.14,0.92
M0063428,N,58,0,10957.29,0,0,0,1609.6,8577.15,0.43
M0063429,N,52,2,7884.4,0,0,1,1764.2,4610.6,0.18
M0063430,N,55,3,45324.31,2,0,1,9952.23,26703.54,2.23
M0063431,N,35,2,6095.39,0,0,0,1975.42,6848.32,0.0
M0063432,N,47,0,8162.95,0,0,0,2405.1,6608.26,1.12
M0063433,N,50,1,6956.07,0,1,0,1155.06,8664.49,0.76
M0063434,N,27,0,3370.23,0,0,0,197.56,3684.63,0.86
M0063435,N,28,2,16568.89,0,0,0,7832.39,8781.24,1.08
M0063436,N,23,1,16574.31,0,1,0,5607.77,7797.53,0.72
M0063437,N,35,1,12097.63,0,0,0,10942.86,6692.44,1.43
M0063438,N,26,0,30970.98,0,0,2,7890.91,30706.78,1.89
M0063439,N,18,4,25625.01,2,0,0,3159.62,17145.25,3.0
M0063440,N,46,1,16526.56,0,0,1,11771.79,8033.51,1.17
M0063441,N,66,3,5933.59,0,0,0,1900.44,5193.59,0.39
M0063442,N,47,2,11412.18,0,1,1,490.11,12976.28,0.17
M0063443,N,38,1,7249.38,1,0,0,4141.0,3716.42,0.0
M0063444,N,48,1,26668.8,0,0,0,5990.76,26951.96,2.44
M0063445,N,48,1,18087.02,0,2,0,13281.3,11514.49,1.84
M0063446,N,22,1,12469.64,0,0,1,2734.98,14335.76,1.45
M0063447,N,44,0,15161.04,0,1,0,3933.22,10740.14,1.17
M0063448,N,74,0,19169.31,1,3,1,6057.19,9894.44,2.21
M0063449,N,24,0,27481.96,0,0,0,2085.2,25112.79,1.86
M0063450,N,50,2,27067.93,0,1,0,673.96,21882.78,0.17
M0063451,N,70,0,7574.12,0,0,0,556.67,7371.24,0.0
M0063452,Y,72,5,190755.03,1,4,3,89214.36,107409.17,2.0
M0063453,N,72,0,8739.91,0,0,1,3985.5,9863.67,2.52
M0063454,N,18,2,9378.88,0,0,1,1623.61,5956.77,1.17
M0063455,N,61,0,24626.51,0,0,1,4891.44,16473.68,1.92
M0063456,N,53,2,17325.3,0,0,1,5241.29,9588.68,0.45
M0063457,N,39,2,25081.05,1,2,0,5198.01,20318.82,1.61
M0063458,N,40,1,11314.95,0,2,0,4729.61,10898.53,1.39
M0063459,N,65,2,3205.36,0,1,0,1100.12,3674.37,0.5
M0063460,N,22,0,3441.89,0,0,0,2034.52,1362.35,0.94
M0063461,N,52,0,5949.05,0,0,0,918.65,4424.56,0.41
M0063462,N,52,1,9507.45,0,1,0,3249.5,4833.83,0.1
M0063463,N,68,2,16967.06,0,1,0,5513.39,18248.71,2.09
M0063464,N,64,3,22450.11,0,2,1,11470.82,12006.78,0.53
M0063465,Y,83,2,301121.73,3,6,1,61369.67,198139.06,2.0
M0063466,N,73,0,1863.02,0,1,0,614.97,1903.86,0.34
M0063467,N,48,0,1260.57,0,0,0,783.54,1404.18,1.47
M0063468,N,68,2,14378.94,0,0,0,2033.0,10449.59,1.75
M0063469,N,22,2,6090.92,0,2,0,2738.08,5798.28,0.14
M0063470,N,70,2,9485.46,0,0,0,3027.29,12402.92,1.3
M0063471,N,77,0,10627.39,0,0,1,1299.94,7640.5,0.28
M0063472,N,64,3,11702.23,0,1,0,1745.7,18898.66,2.09
M0063473,N,57,0,6295.68,0,0,1,775.27,4681.27,0.93
M0063474,N,52,1,5494.68,0,0,1,2516.57,7136.91,0.88
M0063475,N,80,1,9952.46,1,0,1,3619.31,7786.09,1.69
M0063476,N,54,2,6546.82,0,0,1,2776.32,3173.91,1.29
M0063477,N,40,0,6387.3,0,1,1,1827.02,4369.81,0.02
M0063478,N,43,0,7367.37,0,0,1,1959.51,11262.56,0.0
M0063479,N,48,1,6092.56,0,1,0,1903.06,4313.25,0.46
M0063480,N,40,0,13818.69,0,0,0,3726.77,7386.99,1.13
M0063481,N,53,0,10979.93,0,0,0,7315.23,4460.43,2.02
M0063482,N,79,1,4449.96,0,0,0,1424.94,2690.38,0.25
M0063483,Y,77,3,203752.78,2,3,2,79409.23,181983.2,6.51
M0063484,N,44,0,6179.3,1,0,0,2361.94,4733.25,0.33
M0063485,N,18,0,10027.3,0,0,0,1357.11,10349.95,0.0
M0063486,N,25,3,24967.66,0,0,0,15476.49,8858.32,0.65
M0063487,N,38,3,25254.89,0,0,1,10347.54,12637.95,1.5
M0063488,N,32,1,20292.3,0,0,1,7646.14,16095.58,1.83
M0063489,N,61,0,13995.19,0,1,0,3581.4,12420.86,1.51
M0063490,N,24,0,5601.71,0,0,0,627.92,6473.5,0.0
M0063491,N,25,3,21307.36,1,2,1,8435.92,9326.52,0.79
M0063492,N,37,0,11091.81,0,0,0,4859.97,5800.46,2.09
M0063493,N,18,1,15473.26,0,0,0,864.24,12122.07,0.0
M0063494,N,24,1,3847.18,1,2,0,1441.68,2799.69,0.37
M0063495,N,72,3,7338.81,0,1,0,2205.46,7100.14,0.91
M0063496,N,72,1,4745.95,0,0,0,1611.01,2893.83,0.12
M0063497,N,79,0,8764.33,1,0,0,3941.29,8888.28,1.88
M0063498,Y,41,6,194710.67,5,5,4,130997.28,64894.77,5.55
M0063499,N,74,0,2630.33,0,0,1,3018.95,1021.04,2.1
M0063500,N,39,0,15333.86,1,1,0,12523.3,5947.74,2.27
M0063501,N,62,1,7405.62,0,0,0,2157.71,4732.8,1.28
M0063502,N,24,0,10137.76,1,0,0,4159.08,5096.11,1.03
M0063503,N,75,0,25759.37,1,1,1,4632.98,19990.79,1.31
M0063504,N,73,1,6684.01,0,0,0,2998.68,7099.41,1.52
M0063505,N,51,1,5243.31,1,1,0,1777.94,2641.02,0.54
M0063506,N,33,2,4003.27,0,0,0,1072.48,4436.3,1.02
M0063507,N,57,1,11645.36,1,0,0,1630.76,9722.8,1.16
M0063508,N,46,0,8928.58,1,0,0,2575.33,5459.97,0.0
M0063509,N,60,1,30393.98,0,2,0,6585.46,33037.73,1.06
M0063510,N,41,2,24400.62,0,2,1,15042.92,9815.9,0.63
M0063511,N,59,2,52589.9,0,0,1,6478.72,38181.87,0.0
M0063512,N,46,1,3511.19,0,0,0,1364.73,3759.29,0.21
M0063513,N,48,0,17134.3,0,1,0,4692.82,9434.06,1.58
M0063514,N,23,1,7487.31,0,0,0,1739.57,10135.93,1.79
M0063515,Y,45,7,272059.74,3,6,3,53125.21,316833.61,5.64
M0063516,N,28,0,12306.98,1,2,0,2997.75,13989.92,2.11
M0063517,N,68,0,26229.44,0,0,0,2725.57,28305.83,1.11
M0063518,N,36,1,10736.67,0,0,0,9351.37,3635.77,0.2
M0063519,N,79,1,7659.4,0,0,0,2634.12,8996.34,1.77
M0063520,N,30,0,6750.58,0,0,0,1813.38,6164.88,1.14
M0063521,N,51,0,14299.85,0,0,1,7044.46,12628.79,0.22
M0063522,N,40,1,7393.12,0,1,0,3423.69,6505.51,0.0
M0063523,N,46,1,7158.05,0,1,0,2947.72,9752.32,0.48
M0063524,N,54,1,10323.21,0,2,0,1331.55,6882.39,0.69
M0063525,N,68,0,6629.29,0,3,0,4716.45,3207.08,1.72
M0063526,N,34,0,8106.83,0,1,0,1595.81,6269.86,1.6
M0063527,N,37,3,8921.42,0,1,0,11244.18,4857.73,1.88
M0063528,N,34,1,5530.23,0,0,1,1866.18,3279.46,0.96
M0063529,N,32,2,8776.07,0,0,0,4059.69,5555.26,1.33
M0063530,N,19,0,7742.93,0,0,0,5617.63,2742.91,0.81
M0063531,N,48,2,26586.49,0,3,0,2944.9,25074.51,2.19
M0063532,N,69,2,7933.9,1,0,1,1861.26,5590.25,1.74
M0063533,N,36,1,14788.65,0,1,2,4916.65,11055.0,0.29
M0063534,N,21,1,18698.82,1,2,1,4768.66,18582.79,0.12
M0063535,N,62,1,37785.12,1,1,0,3363.66,29350.02,0.0
M0063536,N,72,0,15743.84,0,2,0,1258.8,22363.69,1.37
M0063537,N,52,0,4766.64,1,2,0,2891.58,4193.78,1.78
M0063538,Y,42,6,195012.05,3,6,4,122019.41,129133.91,5.56
M0063539,N,51,1,7011.13,1,0,0,2892.83,7653.31,0.54
M0063540,N,26,0,3860.44,0,1,0,1399.33,2560.19,0.0
M0063541,Y,61,3,221607.63,3,6,6,110868.5,90322.59,4.37
M0063542,N,74,0,10582.48,1,2,1,2500.46,8057.21,1.67
M0063543,N,52,0,7095.91,0,0,0,808.9,8608.3,0.0
M0063544,N,70,1,5485.09,0,0,0,1130.96,4813.35,1.0
M0063545,Y,68,3,101740.37,2,2,3,45240.21,45514.78,3.31
M0063546,N,18,1,3139.24,0,0,0,3832.15,1406.25,0.58
M0063547,N,48,0,6812.98,1,1,0,5540.62,6187.96,0.95
M0063548,N,55,0,17122.17,0,0,0,4921.04,8702.1,0.09
M0063549,N,40,0,4253.75,1,0,0,3951.36,3392.72,1.04
M0063550,Y,76,6,132291.54,4,5,3,70052.34,107455.15,4.86
M0063551,N,26,0,6130.9,1,1,0,2312.19,3124.17,0.04
M0063552,N,24,1,2174.41,0,0,0,1488.96,2333.75,0.85
M0063553,N,59,2,16704.28,1,0,0,2873.91,18401.79,0.53
M0063554,N,70,0,7882.65,0,2,0,2454.52,4627.74,0.1
M0063555,N,21,2,18388.69,0,2,1,5843.55,19692.17,1.04
M0063556,N,77,0,9492.61,0,0,1,5540.26,7275.34,0.3
M0063557,Y,54,5,180578.89,4,5,5,79444.78,177747.19,6.07
M0063558,N,67,1,12260.74,0,0,0,5095.18,12793.83,1.89
M0063559,N,51,0,9079.79,0,0,0,2460.71,7288.93,0.38
M0063560,N,61,0,11118.11,0,0,0,5327.47,8405.45,2.02
M0063561,N,69,3,5578.25,1,1,1,2827.21,5493.7,3.05
M0063562,N,57,1,5924.0,1,0,0,1971.62,8581.85,1.9
M0063563,Y,85,5,141932.0,2,1,2,59005.5,122407.57,3.34
M0063564,N,37,1,13842.24,0,1,0,11022.5,6391.28,1.13
M0063565,N,49,1,17217.62,0,0,0,5228.64,13309.07,2.57
M0063566,N,33,2,14348.88,0,1,0,882.27,10418.7,0.08
M0063567,N,57,0,15397.37,0,2,0,5159.4,8572.72,0.0
M0063568,N,67,0,5070.57,1,0,0,2783.83,5699.72,0.0
M0063569,N,62,0,6059.85,0,1,0,2945.11,6409.43,0.0
M0063570,N,70,2,6386.38,0,0,0,3503.05,1945.46,0.5
M0063571,N,36,1,9273.46,0,1,1,1320.55,7368.96,0.29
M0063572,N,36,0,9648.33,0,1,2,1192.7,8595.6,0.06
M0063573,N,33,1,4798.65,0,0,0,1440.83,4406.52,0.0
M0063574,N,24,0,13473.78,0,0,0,3800.95,10844.98,1.12
M0063575,N,69,0,14873.32,0,0,0,861.16,11512.31,0.0
M0063576,N,74,1,6427.42,0,0,0,726.39,5479.61,1.08
M0063577,N,40,2,12032.5,0,2,0,1744.17,16270.06,1.52
M0063578,N,28,0,3869.79,0,0,0,1851.5,4144.69,0.47
M0063579,N,23,1,24386.54,0,2,0,2225.6,28306.58,1.02
M0063580,N,58,1,8632.34,0,0,1,5869.29,7815.01,1.48
M0063581,N,69,0,4288.48,0,0,0,223.26,4516.6,0.0
M0063582,N,22,2,17675.39,0,1,1,4217.58,10711.02,1.62
M0063583,N,46,1,8569.35,1,0,0,1191.13,9475.0,0.04
M0063584,N,78,0,3708.67,0,0,0,699.86,3317.27,0.63
M0063585,N,61,1,6050.67,1,1,1,2179.81,5372.63,0.14
M0063586,N,60,3,55518.89,0,0,0,7788.44,60799.21,2.13
M0063587,N,73,0,27636.87,0,1,0,7293.71,22694.6,1.98
M0063588,N,74,2,15095.48,0,0,0,4591.37,9243.03,0.0
M0063589,N,59,1,18167.25,0,0,1,3231.95,20112.05,1.75
M0063590,N,76,1,27930.45,0,1,1,19371.43,8979.69,2.26
M0063591,N,19,1,2283.67,1,0,0,841.72,2090.01,0.61
M0063592,N,68,0,19624.08,0,1,1,12846.0,6591.96,0.77
M0063593,N,27,2,4561.61,1,1,0,1060.42,5373.87,0.53
M0063594,N,34,0,2937.33,0,1,0,359.71,3732.98,1.79
M0063595,N,74,0,8389.21,0,1,0,4703.79,2500.31,1.58
M0063596,N,68,0,4820.31,0,0,1,2070.87,4560.57,1.46
M0063597,N,54,3,32575.73,0,2,0,13308.32,13457.78,2.19
M0063598,N,36,0,8287.63,0,1,0,618.93,10966.79,0.46
M0063599,N,22,0,17480.19,0,0,0,1690.45,19168.22,0.04
M0063600,N,20,0,11728.88,0,0,0,8436.44,7515.92,1.91
M0063601,N,73,0,9053.63,0,2,0,2570.89,7370.16,0.8
M0063602,N,67,0,16602.05,0,0,2,1996.68,13809.91,0.91
M0063603,N,74,1,12882.61,0,0,1,6695.05,6689.3,0.61
M0063604,N,71,1,22139.76,0,2,0,1983.73,18578.85,1.3
M0063605,N,50,1,5077.9,0,0,0,4421.33,1689.39,0.35
M0063606,N,74,1,3720.2,0,1,0,1597.98,4429.11,0.85
M0063607,N,73,1,5664.02,0,1,2,2164.53,5020.63,0.08
M0063608,N,45,2,10796.01,0,1,2,5755.51,10146.43,2.47
M0063609,N,27,0,6299.97,0,0,0,1860.45,3628.43,0.78
M0063610,N,48,2,8762.12,0,1,0,6236.25,6787.83,2.27
M0063611,N,55,0,15824.07,0,2,2,7670.48,5756.35,0.68
M0063612,N,37,0,1842.94,0,0,1,161.72,1880.32,0.89
M0063613,N,49,0,9099.23,0,0,0,4513.45,4207.61,0.69
M0063614,N,70,0,4722.14,0,0,0,633.8,5567.56,0.41
M0063615,N,75,1,5862.73,1,0,0,2339.14,5741.74,0.69
M0063616,N,52,1,30761.15,0,1,1,5283.8,26838.18,0.0
M0063617,N,56,2,17324.35,0,1,1,4551.33,12925.98,1.43
M0063618,N,65,2,13147.75,1,1,0,2488.78,19965.4,1.23
M0063619,N,33,1,17048.44,1,0,1,5240.83,8875.11,1.27
M0063620,N,31,1,6203.09,0,0,0,1513.3,5811.22,0.0
M0063621,N,19,0,26858.69,2,3,0,2380.43,24915.23,3.2
M0063622,N,36,1,8153.95,0,0,0,1188.71,12845.42,0.0
M0063623,N,78,2,6364.72,0,0,0,933.73,4350.36,1.04
M0063624,N,53,1,5459.04,0,1,1,2258.61,4744.98,0.71
M0063625,N,28,0,7264.5,0,0,0,1848.12,6092.93,0.0
M0063626,N,70,1,5622.71,0,0,0,571.64,5026.65,0.0
M0063627,N,46,1,7948.07,0,0,0,7098.38,6400.64,3.14
M0063628,N,41,1,6001.67,0,0,0,1006.8,4787.88,1.26
M0063629,N,75,2,13578.77,0,0,0,2669.8,20996.16,1.37
M0063630,N,49,2,15538.87,1,1,0,3348.5,19880.87,1.69
M0063631,N,45,1,11168.5,0,2,0,4418.88,13118.12,1.02
M0063632,N,46,1,7368.85,0,0,0,5005.81,5580.19,0.22
M0063633,N,74,0,11639.5,0,0,0,10797.82,3929.32,1.2
M0063634,N,59,0,20399.17,1,2,0,1345.63,16192.73,0.45
M0063635,N,68,0,4858.07,0,0,1,1274.38,4590.02,0.63
M0063636,N,70,1,15970.78,0,0,1,1524.77,13986.4,1.65
M0063637,N,55,0,10698.68,0,0,0,2541.97,7023.68,0.32
M0063638,N,56,1,5675.55,0,1,0,4465.46,4176.62,1.08
M0063639,N,67,2,3474.48,0,1,0,1282.02,2419.76,0.0
M0063640,N,48,0,13625.69,0,1,1,6943.03,12112.47,1.04
M0063641,N,37,1,6744.07,0,2,0,564.35,6471.02,0.48
M0063642,Y,83,4,165726.17,3,3,1,39471.86,117890.23,4.88
M0063643,N,55,3,26532.74,1,0,0,823.17,28720.65,0.55
M0063644,N,51,2,16607.28,0,1,1,2100.85,12319.73,3.41
M0063645,N,74,0,8350.5,0,0,0,5224.86,6482.04,1.68
M0063646,N,43,0,10092.88,0,2,0,1676.05,7680.02,2.15
M0063647,N,58,1,17099.78,0,2,1,9011.81,13812.96,2.72
M0063648,N,36,2,22149.47,0,1,0,5189.75,13380.29,2.33
M0063649,N,18,1,6606.46,0,0,0,2138.48,7550.15,1.17
M0063650,N,60,0,12293.77,0,0,1,10028.68,5632.1,2.24
M0063651,N,68,1,14198.72,0,1,1,4711.13,10311.83,0.0
M0063652,N,39,2,21588.45,0,1,0,1989.31,20981.93,0.47
M0063653,Y,51,6,218294.08,3,4,5,100370.25,125616.26,6.48
M0063654,N,41,1,17220.7,0,0,0,2404.34,11556.25,0.68
M0063655,N,47,0,10751.42,0,1,1,3604.98,5670.92,0.39
M0063656,N,34,1,7410.94,1,0,0,3448.36,5177.9,0.72
M0063657,N,27,1,11016.53,2,0,2,1100.98,10636.07,1.27
M0063658,N,26,0,5100.24,0,1,0,2118.94,3043.01,0.33
M0063659,N,62,0,5535.59,1,0,0,3496.57,4177.09,1.19
M0063660,N,65,0,10030.35,0,2,0,6803.69,8347.57,1.81
M0063661,N,36,0,7777.79,0,1,0,2142.32,5383.52,1.15
M0063662,N,50,0,11546.86,0,2,0,4872.09,9428.58,0.66
M0063663,N,19,0,12142.01,0,0,0,2122.88,18974.12,0.19
M0063664,N,69,1,7069.94,0,1,0,1934.85,7393.29,2.86
M0063665,N,74,1,9933.07,0,0,1,2757.48,6293.83,2.4
M0063666,N,19,1,5299.57,0,0,0,840.78,7088.54,1.2
M0063667,N,38,0,15101.07,0,1,0,7370.22,7043.57,0.97
M0063668,N,54,0,19683.24,0,1,0,1078.45,14321.87,1.18
M0063669,N,61,2,10856.11,0,0,1,3011.68,6098.87,0.63
M0063670,N,54,1,29010.68,0,1,1,2866.05,19969.65,0.78
M0063671,N,41,0,2984.08,0,0,0,981.87,3058.53,0.62
M0063672,N,41,0,10618.32,0,0,0,4560.09,7304.9,0.67
M0063673,N,19,2,21541.87,0,1,0,4251.55,20634.38,0.57
M0063674,N,24,1,6017.91,0,0,0,1556.05,5255.72,0.0
M0063675,N,34,3,9658.04,0,0,0,1021.22,6892.35,0.19
M0063676,N,75,3,33882.92,1,1,0,18043.48,10450.75,2.22
M0063677,Y,83,6,246064.14,6,7,3,118940.2,167520.79,5.19
M0063678,N,20,1,6486.35,0,0,0,2064.58,8691.99,3.16
M0063679,N,33,0,5908.02,0,0,0,609.9,4854.07,0.0
M0063680,Y,66,3,134931.97,3,1,2,59385.28,111295.99,4.46
M0063681,N,52,2,11037.57,0,2,0,4838.56,10280.0,2.99
M0063682,N,37,3,30976.71,0,0,0,13273.53,11154.79,1.94
M0063683,N,62,0,7560.6,0,0,0,980.17,7111.98,0.0
M0063684,N,74,0,23171.81,0,1,0,2435.89,18868.07,0.69
M0063685,N,75,0,10424.97,0,1,1,1873.06,8797.8,0.0
M0063686,N,39,2,3579.3,0,1,0,860.25,3125.22,0.69
M0063687,N,32,1,22010.47,0,2,0,16548.73,6178.07,0.0
M0063688,N,74,2,9513.58,0,0,0,5459.35,7343.78,1.04
M0063689,N,64,1,21489.21,0,2,0,13604.96,8429.65,1.3
M0063690,N,25,1,8311.84,0,0,2,3058.88,10046.16,1.63
M0063691,N,30,2,13535.29,0,2,0,2471.29,10219.53,2.62
M0063692,N,79,3,5265.49,0,0,0,1558.09,4473.12,0.0
M0063693,N,20,1,4171.98,0,1,0,1297.34,2658.47,0.0
M0063694,N,76,0,6958.14,0,0,0,2026.29,7467.46,0.0
M0063695,N,24,2,13982.57,0,0,0,2593.57,12772.15,0.82
M0063696,N,39,1,17873.67,0,0,0,10087.5,9882.12,0.69
M0063697,N,65,1,11095.32,0,0,1,5138.18,7851.73,1.35
M0063698,N,79,1,15245.19,0,1,1,5830.98,14270.77,0.77
M0063699,N,39,0,17550.66,0,2,0,16599.94,14310.17,1.68
M0063700,N,46,2,8947.7,1,0,0,5301.59,5517.9,2.17
M0063701,N,26,0,5594.22,0,0,0,1131.3,3688.97,0.1
M0063702,N,61,0,21864.04,1,0,1,12328.89,16611.69,0.37
M0063703,N,50,2,9091.78,1,0,0,3934.69,8795.94,0.88
M0063704,N,47,2,35835.67,0,1,0,4418.47,29326.75,1.41
M0063705,N,27,0,5680.04,0,0,0,1172.46,3839.14,0.64
M0063706,N,75,1,23972.6,1,1,0,6903.02,22331.06,2.43
M0063707,N,61,0,10872.47,1,2,0,3694.48,4950.33,1.13
M0063708,N,18,1,5093.28,1,0,1,2523.76,4665.75,0.65
M0063709,N,24,1,4452.82,0,0,1,1736.76,5234.58,0.0
M0063710,N,52,0,28203.93,0,1,0,4918.74,20739.09,0.99
M0063711,N,26,1,13947.68,0,0,0,11498.51,12105.41,2.75
M0063712,N,45,1,10523.64,0,0,0,2615.25,7546.24,1.69
M0063713,N,68,0,5574.83,0,0,0,1870.63,3728.56,1.87
M0063714,N,22,0,7490.98,0,0,1,2873.8,9828.56,0.4
M0063715,N,79,1,25370.56,0,1,0,1912.4,32343.8,1.93
M0063716,Y,65,6,121053.35,1,4,3,57128.16,55582.96,3.77
M0063717,N,22,1,9063.91,0,2,0,7105.95,3355.99,0.83
M0063718,N,50,0,2085.85,0,1,0,621.86,1935.6,1.03
M0063719,N,18,0,5861.2,1,2,0,2526.61,7816.58,0.09
M0063720,N,75,2,8243.19,0,1,0,3183.1,8167.94,1.1
M0063721,N,50,3,14386.01,0,0,1,9252.57,15901.8,2.13
M0063722,N,72,0,18414.49,0,1,1,7079.76,8012.62,3.43
M0063723,N,59,2,16374.39,0,0,1,7510.04,19146.46,1.57
M0063724,N,40,0,2625.67,0,0,0,850.22,3216.26,0.4
M0063725,N,77,0,5713.8,0,0,0,735.16,7600.19,1.05
M0063726,N,60,2,9352.37,0,1,0,1870.36,7855.14,1.91
M0063727,Y,77,3,184048.54,1,1,3,84689.04,73607.21,3.51
M0063728,N,38,0,7100.28,0,2,0,1169.06,6333.15,1.04
M0063729,N,61,2,37364.81,1,1,0,2757.22,33159.91,0.0
M0063730,N,35,1,6659.09,0,0,0,2499.63,3871.56,1.58
M0063731,N,40,0,3374.44,0,2,0,865.65,3567.83,0.54
M0063732,N,78,0,32958.56,0,0,0,23161.38,3217.36,0.62
M0063733,N,36,0,5898.14,0,1,0,2783.04,4612.41,0.21
M0063734,N,28,0,22900.22,0,1,0,1700.17,19579.27,1.22
M0063735,N,37,0,4186.59,0,0,0,2455.79,3341.01,1.13
M0063736,N,59,2,2736.03,0,1,0,779.63,3208.47,0.0
M0063737,N,78,0,9231.12,0,1,1,569.44,6667.12,0.22
M0063738,N,61,2,13809.4,0,0,0,6223.69,4762.7,0.98
M0063739,N,38,0,23454.81,0,0,0,9388.68,11514.09,0.74
M0063740,N,70,0,4943.33,0,1,0,1364.44,2863.91,0.41
M0063741,N,23,0,9322.83,0,0,0,3125.8,10165.62,0.0
M0063742,N,66,0,3978.29,1,1,0,2475.75,3525.56,2.18
M0063743,N,75,0,3799.58,0,0,0,3772.68,1765.87,0.0
M0063744,N,19,2,22299.09,0,0,0,7307.53,16651.13,1.18
M0063745,N,51,2,7950.31,0,1,0,2461.06,10781.34,0.0
M0063746,Y,79,4,171220.04,4,2,5,90885.11,62311.85,4.64
M0063747,N,40,2,12077.36,0,0,0,7052.67,8477.75,1.05
M0063748,N,78,0,7744.4,0,0,2,1215.21,7319.63,0.0
M0063749,N,29,1,10850.06,0,1,1,3224.88,6098.64,0.34
M0063750,N,73,0,10043.62,0,1,0,3689.93,6095.42,1.24
M0063751,N,18,1,27228.66,0,0,1,3026.68,19246.97,0.05
M0063752,N,71,4,25770.56,0,0,1,1327.1,19235.28,2.45
M0063753,N,32,0,15821.64,0,1,1,2063.61,14759.39,1.83
M0063754,N,55,0,8140.51,0,0,0,1803.6,7900.82,1.68
M0063755,N,50,2,11049.57,0,1,0,2690.58,10041.22,1.78
M0063756,N,74,0,14346.95,1,0,0,3099.98,9452.36,0.0
M0063757,N,56,2,11368.68,0,2,0,3061.18,10363.92,1.5
M0063758,N,20,1,11350.45,0,1,0,1798.92,7762.42,1.51
M0063759,N,44,4,23213.55,1,1,0,10482.74,11975.73,2.48
M0063760,N,56,1,31341.36,1,2,1,11737.23,12906.08,1.83
M0063761,N,33,2,6932.02,0,2,0,6410.44,4534.19,1.52
M0063762,N,25,0,12156.46,1,0,0,3135.67,7152.54,0.47
M0063763,N,59,4,15866.31,1,1,0,2874.88,21182.4,1.65
M0063764,N,19,1,8066.66,1,0,0,1822.62,4487.24,1.47
M0063765,N,21,0,4950.25,0,0,2,1875.21,5288.2,2.57
M0063766,N,53,1,51515.86,1,1,0,10273.09,31492.18,2.42
M0063767,N,69,1,4587.28,0,0,0,1322.37,5604.24,1.61
M0063768,N,24,0,17550.24,0,1,1,16401.16,4962.35,2.46
M0063769,N,39,0,12952.85,1,0,0,4426.95,15929.58,0.96
M0063770,N,21,0,6566.05,0,2,0,3396.15,3178.84,0.47
M0063771,Y,62,3,219361.93,2,4,1,26003.26,212608.71,4.07
M0063772,N,52,0,3625.1,0,0,0,879.95,2644.55,0.0
M0063773,N,37,3,34108.97,1,0,2,7459.4,28798.07,0.96
M0063774,Y,49,6,431886.31,2,4,3,123578.46,259441.53,4.12
M0063775,N,78,2,25725.9,1,3,0,24535.82,5570.05,2.83
M0063776,N,74,0,4037.91,0,0,0,1219.23,5210.3,1.25
M0063777,N,75,0,11483.26,0,2,0,1653.27,11209.6,0.88
M0063778,N,58,1,10266.4,0,2,1,8968.3,7023.77,2.09
M0063779,N,28,0,19031.74,0,1,1,5940.71,11488.94,0.16
M0063780,N,47,0,10058.32,1,0,0,3818.61,6968.2,2.02
M0063781,N,63,2,22721.58,1,0,1,6480.85,22021.09,2.6
M0063782,N,68,1,50836.74,0,0,0,4576.46,36345.11,0.42
M0063783,N,51,2,5362.46,0,1,0,1150.75,3187.26,1.97
M0063784,N,70,1,13958.01,0,0,0,9249.45,11794.73,1.12
M0063785,N,80,0,8834.73,0,0,2,1660.61,5351.6,0.83
M0063786,N,53,0,6639.93,0,0,0,2346.44,3602.05,0.3
M0063787,N,23,2,32682.92,0,0,0,4259.15,23051.29,0.27
M0063788,N,53,0,10776.08,0,0,1,3078.35,5363.68,0.21
M0063789,N,43,0,15137.67,0,1,1,2407.83,10648.63,2.0
M0063790,N,77,0,7114.07,0,1,0,1180.21,7521.68,0.39
M0063791,N,75,0,12149.43,0,2,0,4547.59,12003.18,0.23
M0063792,N,39,0,1848.0,0,1,1,1209.77,2047.03,0.0
M0063793,N,20,2,5455.98,0,0,1,2073.97,3643.8,0.22
M0063794,N,34,0,5624.73,0,0,0,822.55,5728.32,0.72
M0063795,N,34,1,17342.92,0,0,0,5400.35,10101.58,0.5
M0063796,N,22,1,4006.68,0,0,0,1597.41,1727.61,0.0
M0063797,N,70,0,6984.44,0,0,0,6072.05,6052.14,1.25
M0063798,N,75,1,43683.5,1,2,2,26792.66,41651.07,3.1
M0063799,N,32,2,51594.6,1,1,0,10718.78,45502.22,2.12
M0063800,N,69,1,8814.81,1,1,0,4545.72,2594.25,1.47
M0063801,N,48,2,8252.44,0,2,1,1431.81,8577.85,0.87
M0063802,N,26,0,6032.03,0,1,0,2726.67,7327.45,0.0
M0063803,N,35,3,17946.46,1,0,0,7405.92,16089.64,2.07
M0063804,N,70,1,19124.83,0,0,0,2701.76,14399.02,0.53
M0063805,N,55,0,13664.09,1,0,0,1884.56,12642.54,0.32
M0063806,N,52,1,3992.68,0,1,0,1266.01,3106.52,0.0
M0063807,N,57,2,9929.47,1,0,0,4007.25,5692.69,0.52
M0063808,N,53,0,20330.91,0,0,0,4097.58,12777.37,1.23
M0063809,N,72,1,12419.29,0,2,2,5504.39,6345.17,3.6
M0063810,N,48,0,6460.05,0,0,0,1362.85,4068.67,0.87
M0063811,N,43,0,31594.62,0,0,0,6851.6,17878.15,1.13
M0063812,N,67,0,16701.38,0,0,0,2960.57,10094.85,0.49
M0063813,N,42,0,13313.73,0,0,1,1360.83,12360.09,0.59
M0063814,N,47,1,8787.37,1,2,1,1138.53,8123.46,1.02
M0063815,N,19,2,9535.65,0,0,0,1796.46,8299.12,1.12
M0063816,N,60,0,11746.36,1,2,1,3647.93,16067.22,1.91
M0063817,N,77,0,7539.81,0,0,0,1943.48,5197.23,1.6
M0063818,N,38,0,2096.32,0,3,0,2123.14,1417.99,0.0
M0063819,N,75,1,19373.6,0,0,0,16548.7,11598.48,2.96
M0063820,N,80,2,6897.33,1,1,0,2379.25,6662.76,2.57
M0063821,N,35,2,27643.68,0,0,0,6247.35,22816.9,2.21
M0063822,N,38,0,30955.35,0,0,1,3723.97,26783.03,1.0
M0063823,N,63,1,7720.41,0,1,0,2517.49,4374.85,0.87
M0063824,N,55,1,4950.8,0,0,0,942.31,5650.34,0.11
M0063825,N,32,0,7985.3,0,0,1,3618.45,5835.64,0.29
M0063826,N,32,0,9587.99,1,1,0,2400.8,6471.1,1.13
M0063827,N,18,2,18362.93,0,0,0,2899.58,12019.75,2.11
M0063828,N,65,1,7819.28,0,1,1,2048.63,4309.62,0.9
M0063829,N,21,3,48852.8,0,2,0,23255.51,23241.81,1.51
M0063830,N,54,2,18363.27,0,1,0,10174.85,12672.18,1.62
M0063831,N,37,1,11251.14,0,0,0,1749.79,10177.29,1.08
M0063832,N,74,2,50408.69,0,2,1,6218.01,36862.23,2.16
M0063833,N,73,2,6144.99,0,3,0,1870.15,7263.64,0.36
M0063834,N,61,3,20405.27,0,2,1,1220.47,19061.73,1.05
M0063835,N,48,1,6885.51,0,1,1,4341.43,5068.48,1.63
M0063836,N,29,1,13783.18,0,0,0,3923.22,16206.02,0.83
M0063837,N,30,2,15375.18,1,0,1,3540.67,9128.27,2.61
M0063838,N,51,0,22951.59,1,2,0,6323.37,12684.88,0.72
M0063839,N,38,0,2145.12,0,0,0,889.28,2840.25,0.31
M0063840,N,48,1,16214.38,0,1,0,4288.88,24662.47,0.5
M0063841,N,43,0,7038.58,0,0,2,3615.88,3605.97,1.33
M0063842,N,44,1,28726.25,1,0,0,6481.05,17869.06,1.07
M0063843,N,60,1,5855.29,0,0,1,1491.16,3327.8,0.0
M0063844,N,36,1,13272.05,1,1,0,1640.5,9762.72,1.98
M0063845,Y,56,6,247503.83,1,5,2,155720.6,138047.74,5.64
M0063846,N,44,0,6142.1,0,0,1,2048.13,3919.24,1.77
M0063847,N,61,0,3771.12,0,1,0,2108.08,4716.83,0.29
M0063848,N,44,2,2299.52,0,1,0,1168.67,2712.43,0.0
M0063849,N,77,1,5530.13,0,1,1,3095.25,5025.81,1.56
M0063850,N,63,0,3587.35,0,0,0,2215.23,3453.78,0.94
M0063851,N,41,1,9591.18,0,0,2,887.31,7454.13,0.39
M0063852,N,71,2,9800.43,0,1,0,7057.33,10533.95,3.14
M0063853,N,43,1,5218.27,1,0,0,2718.42,5129.52,2.76
M0063854,N,80,0,5180.99,0,0,0,4245.68,4367.02,1.22
M0063855,N,77,1,12969.59,1,0,1,1865.21,9573.47,0.53
M0063856,N,76,1,16878.11,0,0,1,1808.52,11875.54,0.0
M0063857,N,80,0,8971.1,0,1,1,4492.37,7550.56,2.27
M0063858,N,34,1,39867.48,0,0,0,2397.22,44843.67,3.1
M0063859,N,43,1,15105.78,0,0,0,10621.45,15606.66,1.46
M0063860,N,50,1,8690.49,1,1,1,950.3,12898.29,0.42
M0063861,N,57,1,17875.91,1,1,1,3897.09,14461.92,0.55
M0063862,N,76,0,13361.58,0,0,2,2473.88,8055.42,0.22
M0063863,N,61,1,51699.8,0,1,0,28725.64,14029.83,2.56
M0063864,N,70,1,12452.38,0,1,0,5541.08,6110.82,0.73
M0063865,N,60,0,4118.83,0,0,0,2917.49,3197.56,0.25
M0063866,N,57,1,9308.84,0,1,0,2000.53,7329.56,0.0
M0063867,N,52,2,9078.77,0,0,1,611.99,9120.71,0.0
M0063868,N,66,0,5229.31,0,0,0,1275.8,3635.9,1.2
M0063869,Y,83,5,281667.5,1,5,4,185035.78,119357.49,7.96
M0063870,N,52,3,45218.11,0,0,2,20975.78,18012.15,1.82
M0063871,N,53,3,21176.5,0,0,0,2002.76,24830.35,1.14
M0063872,Y,49,4,268109.45,2,6,5,74295.75,151228.35,4.73
M0063873,N,78,1,25487.53,0,1,0,9188.66,12896.66,1.71
M0063874,N,62,0,3957.43,0,0,0,999.19,4051.66,0.3
M0063875,N,60,2,17791.0,1,1,0,15625.39,14077.75,2.46
M0063876,N,24,2,28415.29,1,1,0,2610.97,19893.56,0.76
M0063877,N,37,2,6152.65,0,0,1,1492.44,7811.07,1.82
M0063878,N,76,0,16937.19,0,0,0,5697.66,13112.0,2.92
M0063879,N,23,2,6715.25,0,1,0,6264.89,3343.57,0.8
M0063880,N,45,0,12664.66,0,0,0,1621.02,10327.34,0.0
M0063881,N,75,1,19840.24,0,0,1,2675.38,18387.21,1.11
M0063882,N,22,0,74350.99,0,0,1,3555.0,72883.29,3.06
M0063883,N,21,0,6615.21,0,0,0,1839.79,6285.59,0.54
M0063884,N,20,0,10148.92,0,0,0,4831.37,10135.36,1.04
M0063885,N,63,0,17621.91,0,2,1,7404.69,8522.27,1.21
M0063886,N,57,0,18419.34,0,0,0,11940.11,7535.77,0.68
M0063887,N,60,1,14062.42,0,2,1,3506.55,17366.92,0.65
M0063888,N,66,0,5583.05,0,1,1,3541.65,1784.74,0.24
M0063889,N,77,0,13006.26,0,0,0,2273.4,11317.35,0.0
M0063890,N,61,0,5263.54,0,0,0,1834.87,3370.48,0.76
M0063891,N,76,3,24727.68,1,2,0,17300.69,12477.77,0.81
M0063892,N,71,0,48933.08,0,0,0,24747.12,22030.39,1.39
M0063893,N,44,1,6883.48,1,0,0,2177.04,7096.8,1.0
M0063894,Y,64,4,298241.33,4,3,2,84400.85,189583.1,4.78
M0063895,N,27,1,16022.38,1,1,1,3041.11,10883.6,1.16
M0063896,N,35,0,5394.95,0,1,0,264.4,7916.2,0.05
M0063897,N,67,1,16725.5,1,0,0,7442.86,13068.76,0.78
M0063898,N,64,1,6362.73,0,2,0,2265.71,7342.77,1.1
M0063899,N,22,2,25423.96,1,0,0,1866.7,18767.77,1.43
M0063900,N,41,1,11937.32,1,3,1,2640.58,8413.97,0.98
M0063901,N,73,0,9671.4,0,2,0,1210.7,12472.18,1.72
M0063902,N,35,0,11220.77,0,1,1,3219.2,13250.75,0.0
M0063903,N,52,0,2765.94,0,0,0,2144.72,2113.48,0.84
M0063904,N,64,1,9628.71,0,3,0,3994.92,7828.21,1.2
M0063905,N,53,0,11375.21,0,1,0,3205.85,7358.19,1.24
M0063906,N,35,1,24174.5,0,0,0,5874.07,15313.72,0.0
M0063907,N,52,0,21298.54,0,1,1,3659.21,18050.18,1.59
M0063908,N,47,2,13464.52,0,1,0,1473.48,10097.6,0.04
M0063909,N,56,2,31774.1,0,0,0,6714.06,22579.53,0.03
M0063910,N,36,0,19600.99,0,0,1,9163.14,7647.75,1.12
M0063911,N,72,1,9375.62,0,2,0,2149.25,5649.3,2.12
M0063912,N,40,2,23722.87,0,1,0,4112.68,19273.6,1.07
M0063913,N,39,1,13355.73,0,0,0,3908.88,7396.23,2.22
M0063914,N,71,2,30125.11,1,1,0,11843.52,16262.13,1.94
M0063915,N,32,2,7284.18,0,0,0,2104.36,6303.06,0.0
M0063916,N,25,0,9808.18,0,1,0,1579.66,15892.77,0.36
M0063917,N,44,0,19489.3,2,1,1,3871.67,15183.59,1.42
M0063918,Y,84,3,631705.74,4,3,3,266846.54,365467.03,4.28
M0063919,N,56,1,7695.02,0,1,0,1946.17,5312.57,0.0
M0063920,N,26,0,4687.2,0,0,0,2776.02,1965.61,0.69
M0063921,N,69,0,7465.82,0,0,1,3593.78,5299.61,0.36
M0063922,Y,42,4,122634.89,4,1,2,42058.31,122639.51,4.53
M0063923,N,50,0,5532.74,0,0,0,1538.67,5599.78,2.57
M0063924,N,55,1,15697.1,2,2,0,5506.02,14639.82,3.59
M0063925,N,54,2,31932.33,0,1,0,6963.76,23315.1,0.54
M0063926,N,20,1,14279.16,0,1,0,4155.84,13532.29,0.86
M0063927,N,76,1,3938.09,0,0,0,1557.26,3104.11,0.81
M0063928,N,26,1,30358.75,1,3,1,2371.79,21853.52,0.66
M0063929,N,51,1,24738.66,1,1,0,1498.68,36060.83,1.01
M0063930,N,73,2,29009.64,0,1,0,3952.53,25101.24,1.52
M0063931,N,55,0,20620.41,0,0,0,3747.05,18921.56,0.39
M0063932,N,21,0,5781.0,0,0,0,1745.98,4483.47,1.29
M0063933,N,59,3,20274.48,0,2,0,12576.16,5964.21,1.2
M0063934,N,45,1,21669.52,0,1,0,6851.26,10861.24,1.32
M0063935,N,65,3,17718.86,0,1,0,3069.17,25317.18,1.96
M0063936,N,21,0,5791.72,0,0,0,1589.7,4694.2,0.93
M0063937,N,46,1,17959.72,0,1,1,16345.77,11063.27,1.14
M0063938,N,41,2,5044.54,0,0,0,2996.17,3250.28,1.18
M0063939,N,54,1,13948.94,0,3,1,4116.21,13331.04,1.76
M0063940,N,77,0,10829.55,0,1,0,3931.56,9268.29,0.83
M0063941,N,66,1,14482.34,0,1,0,6500.65,9454.33,1.83
M0063942,Y,46,7,137877.04,2,7,3,111915.6,73512.04,3.3
M0063943,N,60,0,20033.69,0,0,0,3648.49,16459.7,0.08
M0063944,N,50,0,7191.67,0,0,0,2911.74,3928.03,0.46
M0063945,N,65,1,4156.68,0,2,0,1898.21,1728.22,0.49
M0063946,N,77,3,14419.51,0,0,0,7811.32,4864.1,0.68
M0063947,N,64,1,7658.59,1,1,0,2829.16,4779.61,1.03
M0063948,N,22,2,15411.69,1,0,0,1592.05,20814.4,0.9
M0063949,N,79,2,13252.87,1,1,1,7130.0,10339.45,0.47
M0063950,N,76,1,11740.49,1,0,0,9072.6,10987.33,0.75
M0063951,N,40,0,7960.38,0,0,0,1658.65,10762.61,1.65
M0063952,N,58,3,8292.61,0,0,0,4372.8,5074.02,1.39
M0063953,N,72,0,9922.75,1,1,0,8262.97,5968.54,0.75
M0063954,N,70,0,6045.48,0,0,0,6790.05,2942.7,0.74
M0063955,N,47,1,6672.82,0,2,0,2842.78,3173.36,1.54
M0063956,N,60,0,3624.11,0,0,0,1379.29,4081.4,0.61
M0063957,N,79,1,14445.81,0,2,2,894.93,12404.71,2.82
M0063958,N,27,0,7956.93,0,0,1,7109.83,5663.97,0.0
M0063959,N,52,2,10251.28,0,0,0,561.22,9251.28,0.0
M0063960,N,28,2,15827.19,0,0,0,3003.53,10411.88,1.18
M0063961,N,46,0,8015.87,0,1,0,7927.75,3265.09,2.12
M0063962,N,78,1,18326.66,0,0,0,11717.77,5264.04,0.76
M0063963,N,23,0,18899.66,0,1,1,18481.14,11136.51,2.63
M0063964,N,22,1,27160.97,0,2,0,5286.63,23098.13,2.81
M0063965,N,41,1,7514.0,0,0,0,2710.25,8872.12,0.66
M0063966,N,71,2,33129.81,0,2,0,6371.11,20591.99,1.85
M0063967,N,46,3,5736.4,0,1,1,1350.21,4560.59,0.46
M0063968,N,67,0,4535.03,0,1,0,2018.97,3925.77,0.42
M0063969,N,60,1,10630.03,0,1,0,1322.34,7649.27,1.36
M0063970,Y,82,6,278122.72,4,5,8,116238.64,162539.94,7.5
M0063971,N,76,1,10447.81,0,0,0,1902.74,8625.19,0.82
M0063972,N,65,2,11537.98,0,1,0,6341.46,5491.56,1.08
M0063973,N,41,0,7843.49,0,1,0,4107.24,4791.51,2.82
M0063974,N,78,2,18615.18,0,0,0,4172.08,11703.04,0.66
M0063975,N,36,2,10572.33,0,0,0,4252.89,7702.62,3.04
M0063976,N,54,2,32541.16,0,0,0,1283.48,36189.39,2.86
M0063977,N,59,1,7667.17,1,0,1,4297.87,7645.31,2.37
M0063978,N,55,1,13039.84,0,1,0,3037.46,16596.06,2.37
M0063979,N,42,2,65871.84,0,0,0,18140.11,41076.14,1.6
M0063980,N,47,0,12193.6,1,1,0,1570.45,12845.92,0.0
M0063981,N,73,1,20130.11,0,0,1,2701.99,16442.99,1.51
M0063982,N,19,2,11334.93,0,0,0,4103.21,9536.8,0.4
M0063983,N,73,0,12731.87,0,0,1,4400.54,6180.14,2.32
M0063984,N,24,3,4867.52,0,0,0,3308.05,1745.32,0.0
M0063985,N,57,0,6530.49,0,2,0,3937.9,6096.8,1.52
M0063986,N,32,2,10966.03,0,0,0,2641.15,7737.07,0.34
M0063987,N,55,1,11536.58,0,0,0,2791.12,8367.21,0.76
M0063988,N,23,2,18341.16,0,1,0,3441.3,13472.13,1.3
M0063989,N,39,0,9140.08,0,0,2,2095.81,5364.53,1.63
M0063990,N,20,0,11904.65,0,1,0,2595.84,6912.75,0.96
M0063991,N,29,1,19581.34,0,0,0,5846.3,11066.96,0.69
M0063992,N,72,1,15545.02,0,2,0,2344.87,17293.2,0.33
M0063993,N,67,0,5589.98,0,1,0,1182.86,4820.76,1.76
M0063994,N,78,1,33872.24,0,2,0,7162.21,19808.09,2.4
M0063995,Y,67,4,187074.04,2,2,3,76193.89,159811.2,4.81
M0063996,N,57,0,27849.0,0,0,1,16840.52,7189.47,1.99
M0063997,N,72,0,11375.44,0,1,0,3039.29,6612.23,0.0
M0063998,N,39,2,19900.76,0,0,0,3427.64,17372.25,1.18
M0063999,N,60,1,37959.41,0,3,0,11994.96,20991.88,2.02
M0064000,N,79,3,19677.18,1,0,0,4160.11,19100.75,1.8
M0064001,N,53,1,10577.51,2,0,0,2218.76,16459.86,0.67
M0064002,N,25,1,9575.58,0,0,0,2679.54,5518.33,0.89
M0064003,N,45,2,35741.94,0,3,0,18762.62,10335.99,1.39
M0064004,N,66,2,7854.23,0,0,1,2794.56,9556.11,0.36
M0064005,N,23,0,7560.08,0,0,0,1658.29,5026.92,0.3
M0064006,N,27,0,7116.87,0,0,0,1802.92,7156.8,1.45
M0064007,N,64,2,6119.62,0,0,0,3216.51,2625.03,0.28
M0064008,N,33,0,10161.41,0,1,0,1785.3,6892.31,2.52
M0064009,N,73,2,17731.44,0,0,0,1774.84,14316.27,0.0
M0064010,N,25,0,6342.06,1,1,0,1579.33,5460.59,0.06
M0064011,N,64,0,8904.17,0,0,0,3511.27,6111.39,0.69
M0064012,N,29,0,4835.98,1,0,0,1435.07,3118.66,0.15
M0064013,N,29,2,8932.26,0,0,1,3958.12,5224.64,1.97
M0064014,N,46,1,32148.89,0,1,0,10747.12,40150.27,2.47
M0064015,N,53,0,9149.51,1,1,0,7715.96,6942.43,0.47
M0064016,N,55,1,62904.55,1,0,0,1899.64,51921.27,3.1
M0064017,N,25,2,11697.66,0,0,0,2045.55,7831.1,0.43
M0064018,N,25,1,10415.84,0,0,0,3084.19,5291.8,1.02
M0064019,N,35,2,6630.68,0,0,0,888.15,5446.47,1.02
M0064020,N,22,2,19931.61,0,1,1,18622.4,6281.75,3.27
M0064021,N,25,1,3991.32,2,0,0,1425.89,2574.72,0.88
M0064022,N,78,1,7485.35,0,1,0,3464.62,3429.15,0.42
M0064023,N,62,1,8761.6,0,1,0,2470.94,4413.14,1.26
M0064024,N,66,1,6271.27,2,1,0,868.69,6072.5,1.03
M0064025,N,23,0,3321.97,0,0,0,885.82,2351.94,0.0
M0064026,N,20,0,12150.67,0,1,0,1711.55,16695.37,0.84
M0064027,N,78,1,7506.06,1,1,0,2412.95,7750.98,0.72
M0064028,N,54,1,5250.23,0,0,0,1228.67,3315.55,1.29
M0064029,N,56,4,7494.06,0,0,1,2041.85,5223.87,0.23
M0064030,N,54,1,14291.5,1,3,0,4068.62,21397.69,2.11
M0064031,N,39,0,15593.35,0,1,0,4186.01,11062.55,1.86
M0064032,N,38,3,18492.0,0,0,0,2936.71,13029.92,2.57
M0064033,N,44,0,28861.53,0,0,0,2058.18,22912.61,1.53
M0064034,N,38,0,14907.27,0,0,0,10050.48,3928.08,0.45
M0064035,N,33,1,6341.72,0,0,0,3891.11,6306.18,0.61
M0064036,N,43,0,12965.93,0,1,0,3085.03,10032.37,0.49
M0064037,N,36,3,38212.02,0,1,1,19361.49,16594.7,3.32
M0064038,N,34,1,4217.45,0,0,0,1295.95,2616.91,0.0
M0064039,N,22,0,7323.44,1,1,0,1908.07,6756.73,0.78
M0064040,N,29,0,18420.43,0,0,0,9394.39,8543.32,0.28
M0064041,N,33,2,18237.2,1,0,2,7807.35,6505.26,0.0
M0064042,N,72,0,4574.08,0,2,1,768.85,4328.98,1.12
M0064043,N,59,0,18901.58,0,2,1,7100.52,10817.31,0.86
M0064044,N,41,1,11236.02,0,1,0,8411.61,4229.52,1.52
M0064045,N,35,1,10399.5,1,0,0,4348.92,6890.95,2.56
M0064046,N,63,1,29062.78,0,2,2,3607.49,26864.08,2.71
M0064047,N,42,1,21260.76,0,0,1,9258.07,8149.66,0.45
M0064048,N,36,0,4174.3,0,0,0,961.62,4254.97,0.77
M0064049,Y,62,4,281487.79,4,4,4,102244.19,152086.25,7.82
M0064050,N,38,0,4721.64,0,0,0,2106.98,1964.96,0.66
M0064051,N,78,0,13264.81,0,1,0,4081.01,8086.95,1.51
M0064052,N,62,1,19106.07,0,0,0,6285.46,16716.42,1.74
M0064053,N,77,1,9365.13,0,0,1,4961.44,3480.97,0.71
M0064054,N,27,1,16435.86,0,0,2,3196.52,10232.17,1.72
M0064055,Y,85,5,230765.4,3,5,5,65765.2,195616.52,4.0
M0064056,N,31,0,9680.92,0,2,0,1563.88,8859.63,0.15
M0064057,N,66,0,3565.23,0,0,0,1260.9,4992.71,0.77
M0064058,N,37,3,33159.03,0,1,1,5358.28,23865.6,1.47
M0064059,N,26,0,5377.08,1,0,0,3055.86,6115.07,0.0
M0064060,N,77,2,13028.6,0,1,0,1853.15,10404.68,1.48
M0064061,N,64,1,7744.81,1,1,0,3392.21,8320.5,0.58
M0064062,N,64,0,6185.2,0,0,0,1834.41,3302.36,0.79
M0064063,N,34,2,21229.8,0,1,0,2575.84,14430.11,0.93
M0064064,N,64,1,10969.53,0,1,0,3466.67,5141.6,1.01
M0064065,N,65,2,6797.54,0,0,2,2555.35,5544.57,1.22
M0064066,N,65,0,22041.69,0,0,0,2351.91,25862.14,1.44
M0064067,N,70,1,25765.76,0,1,1,3678.52,29486.05,1.56
M0064068,N,49,3,7050.71,0,1,0,2472.05,6602.82,0.51
M0064069,N,45,2,11017.66,0,0,0,2338.33,6538.12,0.81
M0064070,N,48,2,5098.39,0,0,0,961.49,4250.39,0.34
M0064071,N,51,0,9171.61,0,0,0,1315.77,6219.46,0.13
M0064072,N,22,2,54210.36,1,3,0,20903.93,27197.37,2.87
M0064073,N,19,0,12396.85,0,1,2,4528.01,10321.14,1.95
M0064074,N,70,0,24994.31,1,1,0,6846.06,14148.13,2.06
M0064075,N,62,1,4481.28,0,0,0,1681.29,3282.5,0.54
M0064076,N,70,2,19187.65,0,1,1,8024.38,20025.46,2.11
M0064077,N,38,0,12023.5,0,1,1,3722.15,11156.49,1.82
M0064078,N,65,0,4285.58,0,0,0,4055.17,2255.26,0.7
M0064079,Y,60,6,291799.05,4,5,7,84399.83,307765.54,4.92
M0064080,N,78,1,11564.61,0,0,0,1733.48,12900.88,1.03
M0064081,N,79,2,7696.01,2,0,0,807.76,6043.99,0.0
M0064082,N,44,1,16642.76,1,1,0,7219.23,13774.52,2.65
M0064083,N,57,0,5254.17,0,1,1,4513.56,1470.89,0.35
M0064084,N,52,1,8538.06,0,1,0,4175.62,4282.66,1.67
M0064085,N,58,3,29878.2,1,1,1,7468.29,21329.88,2.58
M0064086,N,26,1,8311.72,0,1,0,3600.31,7146.63,1.15
M0064087,N,35,0,4515.16,0,2,1,1980.97,2456.34,0.32
M0064088,Y,39,6,354749.14,3,2,4,85035.42,227034.47,6.66
M0064089,N,74,2,12543.77,0,1,0,2579.95,13990.86,2.85
M0064090,N,21,0,4396.62,0,0,0,975.44,4855.26,0.0
M0064091,N,57,0,27794.79,0,1,0,4496.83,26985.01,2.26
M0064092,N,47,1,9437.02,0,1,0,1038.09,6394.52,0.27
M0064093,N,21,0,16636.45,0,1,0,5989.23,11119.89,1.82
M0064094,N,22,1,7221.09,0,1,0,1371.63,8970.01,0.25
M0064095,N,61,0,23104.82,0,3,1,5493.31,17195.41,0.0
M0064096,N,38,2,47368.27,0,1,1,17003.65,27372.47,0.65
M0064097,N,35,0,5843.11,0,0,0,2047.73,3883.39,0.63
M0064098,N,24,1,10044.76,0,0,0,692.77,9255.46,1.46
M0064099,N,35,2,6169.23,1,0,0,2864.3,5664.55,1.68
M0064100,N,45,2,17300.3,1,1,2,4756.69,11451.72,1.55
M0064101,N,40,2,16545.57,0,0,0,4048.59,12683.97,0.03
M0064102,N,38,1,3340.95,0,0,0,2144.38,3210.74,1.3
M0064103,N,51,0,5772.2,0,0,0,1545.1,5348.93,1.28
M0064104,N,62,0,8470.48,0,2,0,2928.76,4642.76,1.75
M0064105,N,18,2,13710.64,1,3,0,3800.09,14677.75,0.43
M0064106,N,76,1,23125.91,0,0,1,3245.95,17191.9,2.19
M0064107,Y,44,5,205525.09,1,3,4,64842.63,145057.67,3.5
M0064108,N,70,1,11180.89,0,0,0,5256.27,4593.6,1.0
M0064109,N,48,1,14598.85,0,1,1,1289.22,13282.52,0.0
M0064110,N,74,2,16303.98,0,1,0,14165.15,4329.88,1.86
M0064111,N,28,0,7993.97,0,1,0,1427.16,12652.15,0.0
M0064112,N,37,1,13166.33,1,0,0,6220.25,10820.08,1.49
M0064113,N,54,1,36834.47,0,0,0,11036.32,27235.04,2.23
M0064114,N,66,1,18977.17,0,2,1,3625.94,15993.61,1.4
M0064115,N,59,3,11555.1,1,0,0,4727.7,14991.28,1.39
M0064116,N,31,0,4734.5,1,0,0,1140.4,2668.57,0.99
M0064117,N,76,1,10130.12,0,3,1,2867.22,5714.21,2.38
M0064118,N,77,2,13575.11,0,0,1,2941.74,11157.89,0.64
M0064119,N,26,2,15371.21,0,1,0,3712.05,8835.6,1.07
M0064120,N,23,1,11577.99,0,0,0,3199.79,8651.39,2.0
M0064121,N,37,2,10575.41,2,1,0,2077.27,15137.62,0.74
M0064122,N,61,0,7911.65,1,0,0,2026.86,5330.19,0.46
M0064123,N,25,1,8036.05,0,0,0,612.33,7567.27,1.53
M0064124,N,50,0,16061.48,0,1,0,3169.01,10841.97,0.58
M0064125,N,65,2,10667.36,1,1,0,7163.85,10290.79,0.86
M0064126,N,26,0,10968.63,0,0,0,14219.75,4489.91,0.59
M0064127,N,77,0,19864.12,0,1,0,10270.17,15420.22,0.91
M0064128,N,79,0,13320.59,1,0,0,3935.09,10900.55,1.71
M0064129,N,72,2,16211.74,1,1,0,10834.64,11796.98,1.12
M0064130,N,39,1,14807.35,1,0,2,3519.19,10208.85,1.13
M0064131,N,40,2,12102.15,0,0,0,2053.31,18716.92,1.41
M0064132,N,67,2,3640.21,0,1,0,1245.35,4759.56,0.0
M0064133,N,50,0,37069.17,0,2,2,17801.19,21351.76,1.42
M0064134,N,26,1,3487.22,0,0,1,2605.52,3437.33,1.95
M0064135,N,61,1,4264.23,0,0,2,4017.97,3347.87,0.02
M0064136,N,55,2,13764.89,0,1,0,2680.72,8415.22,1.88
M0064137,N,33,0,7760.55,0,0,0,1640.1,5248.29,0.0
M0064138,N,20,0,23381.6,1,0,0,5229.71,14570.14,1.38
M0064139,N,36,1,9707.55,0,0,1,5321.67,7332.03,0.37
M0064140,N,62,1,16069.19,0,1,0,1423.95,20823.83,1.84
M0064141,N,34,2,19528.2,0,2,0,20103.8,11514.39,0.34
M0064142,N,34,1,6604.61,0,0,1,1316.32,7194.91,1.01
M0064143,N,37,0,2623.69,0,0,0,1108.59,1983.08,0.0
M0064144,N,42,1,8596.91,0,0,0,2085.37,4863.89,1.99
M0064145,N,19,0,7637.9,0,0,0,2155.67,8679.87,0.0
M0064146,N,58,0,15591.91,0,0,1,8396.65,4059.38,1.55
M0064147,N,40,1,8590.64,0,0,0,830.11,10286.32,0.47
M0064148,N,60,0,11151.15,0,2,0,1467.41,14866.27,1.06
M0064149,N,60,1,7948.74,0,2,0,4931.76,2775.21,1.31
M0064150,N,34,0,6071.68,0,2,1,1110.56,5237.1,1.12
M0064151,N,64,1,3099.15,0,0,0,749.8,3368.55,0.49
M0064152,N,44,0,23271.04,0,2,1,12860.18,26672.89,3.28
M0064153,N,24,0,6677.57,0,0,0,818.31,7113.05,1.05
M0064154,N,21,1,81968.34,0,2,0,4725.25,62511.86,2.24
M0064155,N,35,1,5263.56,0,0,1,2789.02,5360.13,0.75
M0064156,N,44,1,9524.62,2,1,0,4575.79,12239.36,2.24
M0064157,N,35,4,10463.69,0,2,0,4598.16,8096.28,1.75
M0064158,N,49,2,10555.55,1,0,1,3034.79,5416.25,1.39
M0064159,N,37,2,9808.81,0,0,0,2551.05,5433.96,0.82
M0064160,N,24,1,13583.68,0,2,0,9207.51,12829.87,0.75
M0064161,N,51,0,18120.62,0,0,1,6402.94,10740.21,0.65
M0064162,N,68,0,12428.21,1,0,0,3264.94,8015.63,1.03
M0064163,N,78,1,11150.69,0,0,0,8026.11,6151.49,1.09
M0064164,N,77,0,15077.01,0,1,0,2524.39,10859.6,0.0
M0064165,N,62,0,6486.06,0,0,0,833.02,6106.75,0.71
M0064166,N,58,1,9612.4,0,0,0,1243.56,8806.32,1.49
M0064167,N,76,0,22100.24,2,2,0,6728.28,11676.05,0.77
M0064168,N,32,2,10136.56,1,0,2,2929.88,12339.09,1.66
M0064169,N,25,1,11773.67,0,0,1,4237.55,10409.57,0.92
M0064170,N,52,2,7767.72,0,0,0,1961.9,5880.14,0.86
M0064171,N,35,2,7751.37,0,1,1,6365.4,4425.79,1.55
M0064172,N,25,0,20179.51,1,0,0,5443.1,11902.22,1.1
M0064173,N,57,0,8113.82,0,0,0,1578.9,10450.3,1.6
M0064174,N,26,0,2605.39,0,0,0,456.23,2725.86,0.6
M0064175,N,73,1,10596.45,0,0,0,1362.98,7715.82,0.0
M0064176,N,28,0,10514.11,0,1,0,5321.26,5053.89,0.59
M0064177,N,32,0,21282.87,0,0,0,4950.28,16023.33,0.69
M0064178,N,66,1,12676.4,0,0,0,3164.13,13357.14,0.58
M0064179,N,29,1,5964.66,0,0,0,2408.33,7374.29,0.9
M0064180,Y,47,5,164500.99,3,4,7,33921.91,149543.88,2.37
M0064181,N,39,1,4614.37,0,0,0,904.98,4269.0,1.55
M0064182,N,56,1,11172.27,1,3,1,2661.97,6559.09,1.36
M0064183,N,58,2,7275.27,0,1,0,2204.68,7126.52,2.49
M0064184,N,28,1,24179.67,0,0,2,10345.52,9167.79,0.14
M0064185,N,70,1,6489.13,0,1,1,4913.21,5736.61,1.52
M0064186,N,53,1,15610.19,0,0,0,1335.98,11644.7,0.49
M0064187,N,62,1,5916.61,0,1,0,651.11,7849.28,0.35
M0064188,N,45,0,4026.04,0,0,0,1901.17,3331.13,0.01
M0064189,N,28,1,4385.82,0,1,1,1341.28,2584.2,0.0
M0064190,N,41,0,14410.69,0,1,0,1637.81,14826.73,0.0
M0064191,N,78,1,6282.26,0,1,0,3112.28,6661.17,1.37
M0064192,N,41,0,4709.11,0,0,0,2276.21,5122.66,0.8
M0064193,N,46,1,16096.76,2,0,0,814.98,12346.76,0.64
M0064194,N,51,1,3846.64,0,0,0,436.46,6196.56,0.73
M0064195,N,42,0,10064.54,0,1,0,3438.6,11517.41,1.57
M0064196,N,38,2,12297.64,1,3,0,5941.21,7511.59,2.7
M0064197,N,37,0,7206.45,0,1,0,1984.44,7185.89,1.22
M0064198,N,36,2,12796.36,0,1,0,2183.07,8026.95,0.58
M0064199,N,35,1,10466.54,0,0,2,3540.0,14481.51,0.89
M0064200,N,19,0,11962.53,0,1,0,1948.59,9592.33,0.74
M0064201,N,60,2,7606.52,1,1,0,2539.39,8732.76,0.34
M0064202,N,29,1,28895.19,1,3,0,4381.0,31239.87,1.65
M0064203,N,37,1,2257.91,1,2,0,405.4,3659.98,0.59
M0064204,N,27,0,10880.65,0,0,1,1496.92,7014.17,1.28
M0064205,N,70,1,18096.12,1,0,0,16350.16,8697.15,1.23
M0064206,N,36,2,6605.01,0,1,0,1998.7,6762.14,0.0
M0064207,N,55,1,8899.91,0,0,0,2143.39,7195.53,0.54
M0064208,N,80,0,29886.58,0,2,0,14292.71,9469.5,1.81
M0064209,N,58,0,3060.9,0,2,0,1745.69,3658.4,1.29
M0064210,N,30,0,7664.21,1,0,0,4049.16,3909.02,0.72
M0064211,N,18,2,15828.03,0,2,0,9299.68,12911.41,1.02
M0064212,N,28,1,6320.09,0,1,0,570.73,9752.69,0.74
M0064213,N,48,2,6800.18,0,1,0,862.35,5949.96,2.04
M0064214,N,69,1,3388.52,0,1,0,2403.66,2166.51,0.13
M0064215,N,26,1,13150.81,0,0,2,2020.99,9083.89,0.82
M0064216,N,25,1,17919.54,0,1,0,3532.31,10741.25,1.56
M0064217,N,63,1,14829.13,0,1,0,1372.01,11191.5,1.59
M0064218,N,67,2,18914.17,0,0,0,1997.99,20433.43,1.46
M0064219,N,47,0,4700.78,0,0,0,3340.59,4417.57,1.04
M0064220,N,65,1,7090.54,0,1,0,360.57,5285.96,0.85
M0064221,N,57,2,14806.08,0,3,0,2220.23,16612.91,0.0
M0064222,N,33,2,13888.41,1,0,0,1899.15,9039.85,0.0
M0064223,N,48,1,27778.22,0,0,1,3266.15,25340.26,2.17
M0064224,Y,69,5,118422.42,2,2,5,51566.73,72064.56,2.95
M0064225,N,64,0,2981.7,0,0,0,829.81,3593.42,0.0
M0064226,N,47,0,6256.76,0,0,0,3937.41,3760.03,0.0
M0064227,N,59,0,7486.07,0,0,0,3790.68,2251.73,0.0
M0064228,N,71,0,33243.02,0,0,0,10430.57,18385.79,1.9
M0064229,N,58,0,5773.91,1,0,0,1145.43,6119.73,0.75
M0064230,N,20,1,4103.91,0,0,0,1409.91,6035.8,1.12
M0064231,N,44,3,20656.59,0,0,2,1881.79,16087.96,0.89
M0064232,N,48,0,21394.96,0,1,0,2022.63,32235.02,2.1
M0064233,N,49,2,2170.05,0,2,0,520.21,2888.78,0.0
M0064234,N,54,0,16839.49,0,1,0,3120.08,10179.79,0.81
M0064235,N,53,2,25237.66,0,1,1,11911.69,16736.41,0.98
M0064236,N,18,2,54570.95,0,2,0,17229.11,29748.48,1.4
M0064237,N,62,0,8754.78,0,0,0,1418.62,8211.88,0.46
M0064238,N,29,1,5824.08,0,2,0,3182.39,3136.6,1.67
M0064239,N,55,1,7508.96,1,0,1,1501.68,5098.51,1.08
M0064240,N,50,1,12452.86,0,1,0,7151.55,3740.71,3.59
M0064241,N,32,0,24428.69,0,1,0,6716.52,14045.41,0.89
M0064242,N,29,0,4646.25,1,0,0,1169.57,6024.84,0.79
M0064243,Y,61,5,160302.52,2,5,4,102665.64,98120.76,2.0
M0064244,N,60,1,5535.19,0,2,0,803.61,9030.29,0.97
M0064245,N,45,3,15182.73,0,0,0,3626.6,18837.18,0.71
M0064246,N,35,1,3123.23,0,0,0,691.83,2260.5,0.0
M0064247,N,24,0,2564.79,0,0,0,627.92,3806.98,1.04
M0064248,N,59,0,3798.67,0,0,0,1811.35,3584.65,0.02
M0064249,N,30,0,11741.35,1,1,0,4450.74,14052.89,2.1
M0064250,N,70,2,36155.05,0,1,2,11091.79,23906.12,1.84
M0064251,N,59,0,5861.31,0,0,0,1930.73,5004.85,0.0
M0064252,N,53,1,16302.55,0,2,0,6277.25,7696.84,1.77
M0064253,N,80,0,6853.18,0,1,0,1963.69,5291.56,0.0
M0064254,N,23,1,13566.66,0,1,1,2317.7,13872.21,1.78
M0064255,N,58,1,8050.08,0,1,0,1199.14,5300.93,0.0
M0064256,N,74,0,17131.21,0,2,2,3241.28,13381.1,1.22
M0064257,N,56,2,18680.95,0,0,0,1672.62,16158.79,2.5
M0064258,N,30,0,7048.8,0,0,0,4016.05,5323.92,1.09
M0064259,N,80,0,6308.75,1,2,0,2757.47,4717.39,2.6
M0064260,N,21,0,4012.03,0,1,0,1887.76,4697.48,0.0
M0064261,N,54,1,11823.97,0,1,0,1477.87,7918.1,0.72
M0064262,N,50,0,3271.72,0,0,0,1648.26,1061.86,0.99
M0064263,N,66,0,7717.39,0,0,0,7411.51,3978.84,1.46
M0064264,N,60,0,7942.88,0,0,1,882.07,5983.71,0.56
M0064265,N,24,0,10812.03,0,1,1,3398.96,12853.36,1.72
M0064266,N,76,1,49460.66,0,1,1,4527.41,37963.76,0.3
M0064267,N,47,0,10811.78,1,1,0,4708.99,7226.56,1.5
M0064268,N,22,0,9062.22,0,0,0,2589.24,4631.22,0.83
M0064269,N,18,2,11152.96,0,0,1,2995.28,7702.42,1.23
M0064270,N,40,1,15712.68,0,0,1,2979.23,12557.49,1.7
M0064271,N,34,0,2783.31,0,0,0,1038.28,1955.48,0.53
M0064272,N,71,0,12300.9,0,2,0,4289.24,5511.47,0.0
M0064273,N,28,0,17685.95,0,1,0,6589.96,10305.4,2.15
M0064274,N,23,0,6524.31,1,0,0,3855.02,4673.23,0.65
M0064275,N,49,1,5954.5,0,0,0,810.64,8635.04,0.99
M0064276,N,27,0,13079.85,0,1,0,3106.5,9113.48,0.0
M0064277,N,41,0,6756.49,1,0,0,2164.62,3281.51,0.76
M0064278,N,43,2,35419.82,0,1,0,10380.35,25815.51,1.77
M0064279,N,45,0,4881.75,0,1,1,1864.43,4142.88,0.0
M0064280,N,42,1,19880.23,1,2,0,2725.23,20645.03,1.53
M0064281,N,22,2,6365.03,1,0,0,4035.7,3493.49,1.41
M0064282,N,71,0,5392.58,0,2,0,3163.59,6081.31,0.52
M0064283,N,45,3,11624.71,0,0,0,1920.2,16965.55,0.36
M0064284,N,48,0,15333.88,0,1,0,3229.14,11992.83,0.0
M0064285,N,78,1,24307.84,1,1,0,4914.78,14589.77,1.97
M0064286,N,54,1,4055.84,0,0,0,369.75,3217.0,0.52
M0064287,N,52,2,9179.33,0,0,0,1426.99,7823.44,1.31
M0064288,N,34,2,17567.91,0,0,0,13811.73,3201.37,0.17
M0064289,N,72,2,17204.37,1,0,0,6944.26,8618.3,0.36
M0064290,N,18,1,8346.38,0,1,0,2921.65,6015.82,1.54
M0064291,N,40,1,26769.6,0,0,0,7450.85,21747.42,1.91
M0064292,N,44,2,10002.76,0,2,0,5862.16,3480.7,2.07
M0064293,N,61,0,5711.19,0,0,0,1401.76,4781.98,0.48
M0064294,N,24,3,17360.63,1,3,0,5862.35,22510.71,1.92
M0064295,N,27,0,18379.93,0,0,0,1121.72,14485.85,0.76
M0064296,N,18,1,22727.1,1,0,0,5761.66,16878.69,2.7
M0064297,N,60,1,9955.24,0,3,1,4058.75,7859.31,1.5
M0064298,N,64,1,4237.8,1,2,2,2181.46,5353.35,0.09
M0064299,N,56,0,5620.97,0,1,0,2016.15,3274.84,0.63
M0064300,N,40,0,3211.86,1,0,0,1409.27,2094.63,0.0
M0064301,N,45,0,5737.2,0,1,0,2704.45,5512.6,0.83
M0064302,N,46,3,11659.76,0,0,0,7494.03,8782.29,0.89
M0064303,N,43,0,5800.12,0,1,0,455.45,5107.13,0.91
M0064304,N,39,0,8834.73,1,0,0,6823.33,3354.8,1.51
M0064305,N,19,2,47927.58,0,2,1,14000.52,31027.66,3.83
M0064306,N,79,0,7475.92,0,0,0,870.76,10912.7,0.0
M0064307,Y,85,2,365997.2,4,3,5,149997.57,217752.3,6.04
M0064308,N,67,1,10155.04,0,0,0,3027.89,6168.01,0.23
M0064309,N,38,1,4222.46,0,2,0,5046.46,1550.88,0.0
M0064310,N,43,0,16034.86,0,0,0,2487.29,16579.25,0.69
M0064311,N,74,0,6351.39,0,0,0,3880.53,4911.85,1.03
M0064312,N,61,1,30348.58,2,1,1,8180.84,27502.2,3.83
M0064313,N,20,0,16220.37,0,0,1,7956.26,6148.37,0.0
M0064314,N,48,0,3939.13,0,0,0,1206.89,2742.94,1.94
M0064315,N,28,1,6557.27,0,0,0,1116.01,5729.74,0.76
M0064316,N,43,0,17845.96,0,1,0,4590.08,12634.41,1.18
M0064317,N,42,0,7625.15,0,1,0,2073.74,6981.03,0.12
M0064318,N,27,0,8522.22,0,1,0,4574.76,6087.88,0.15
M0064319,N,75,2,8141.84,0,1,1,1023.48,6329.83,0.0
M0064320,N,35,1,11849.89,0,0,1,1408.82,10755.42,0.88
M0064321,N,23,0,19449.9,0,0,0,4911.32,28169.65,1.72
M0064322,N,72,0,8254.02,0,1,0,1927.22,7273.21,0.36
M0064323,N,58,2,23690.03,0,0,0,1646.58,19575.72,0.0
M0064324,N,62,1,9892.9,0,0,1,825.77,7590.07,0.38
M0064325,N,21,0,7309.5,0,0,0,2902.23,8193.45,0.0
M0064326,N,37,0,36760.58,0,3,0,5703.34,26832.49,2.74
M0064327,N,69,2,18175.97,0,3,0,5619.99,12065.07,1.48
M0064328,N,62,1,10365.99,0,1,1,2032.03,7948.23,1.3
M0064329,N,53,0,7654.1,0,0,0,596.85,5950.9,0.0
M0064330,N,42,0,2680.48,0,0,0,900.3,2796.19,0.77
M0064331,N,19,1,2157.02,0,1,1,718.07,2495.19,0.77
M0064332,N,36,4,18891.51,0,1,0,7641.66,23146.56,1.97
M0064333,N,32,1,5098.38,0,0,0,1918.71,5357.48,0.0
M0064334,N,36,0,14675.08,0,1,0,9373.85,7584.07,2.5
M0064335,N,69,0,5861.5,1,2,0,5466.2,4625.96,0.34
M0064336,N,44,0,18450.01,0,2,0,1669.15,22480.29,1.15
M0064337,N,58,2,20560.94,1,1,0,8811.15,8886.0,1.35
M0064338,N,60,0,7017.54,0,0,1,3934.44,2385.05,0.52
M0064339,N,56,1,2723.05,0,0,0,614.14,2863.57,0.75
M0064340,N,28,1,30999.25,0,1,0,3503.19,25962.61,1.12
M0064341,N,45,1,7495.46,1,2,0,1943.36,6669.6,0.4
M0064342,N,42,0,7817.23,0,0,0,3364.53,3108.5,0.72
M0064343,N,19,3,37993.99,0,1,0,12290.83,21134.1,1.59
M0064344,N,52,1,12903.67,0,0,0,9390.92,7652.98,0.22
M0064345,Y,48,6,180125.5,5,5,3,74847.26,112353.52,4.28
M0064346,N,62,2,20121.07,0,1,0,3151.41,15232.36,0.99
M0064347,N,33,2,14821.85,0,0,0,2063.42,18325.93,1.04
M0064348,N,48,0,1780.93,1,1,0,465.48,2028.88,1.54
M0064349,N,50,0,6763.01,0,0,1,1610.76,6014.64,1.08
M0064350,N,23,1,2703.83,0,2,1,1315.08,3148.35,1.76
M0064351,N,71,4,22483.97,0,2,0,6150.98,12560.98,0.86
M0064352,N,58,2,8236.79,0,0,0,4639.09,5085.73,0.19
M0064353,N,66,1,6115.7,1,2,0,938.0,5955.41,1.97
M0064354,N,42,1,8318.67,0,1,0,1260.04,9744.77,1.29
M0064355,N,59,2,16176.98,1,0,0,3856.52,10446.99,0.7
M0064356,N,23,1,10314.92,1,0,1,3356.67,5671.65,0.31
M0064357,N,36,1,4170.92,0,0,0,3186.69,2776.25,0.0
M0064358,N,26,2,34986.26,0,2,0,3604.46,24696.61,0.65
M0064359,N,50,1,19805.6,0,0,0,906.29,17622.45,0.58
M0064360,N,46,2,10384.86,1,1,1,1559.76,14244.74,1.31
M0064361,N,74,0,162536.83,0,1,0,8253.08,122721.82,2.4
M0064362,N,56,3,43617.48,1,1,0,8908.65,40685.89,2.38
M0064363,N,74,0,21978.26,0,3,0,5131.71,22756.27,0.72
M0064364,N,50,2,13717.2,0,1,0,1978.82,9901.0,1.47
M0064365,N,25,0,5378.29,0,1,0,2169.8,3419.4,0.0
M0064366,N,66,1,11243.14,0,0,0,1632.12,11746.37,1.49
M0064367,N,24,0,20716.82,0,0,1,5338.64,12952.14,0.98
M0064368,Y,46,7,730310.11,4,8,6,147266.62,512608.3,5.63
M0064369,N,54,1,7324.74,0,0,0,4033.17,5142.32,1.36
M0064370,N,25,0,14854.0,0,0,3,1660.98,12341.52,1.32
M0064371,Y,45,5,181781.24,1,7,5,111088.23,113486.28,5.31
M0064372,N,63,1,26673.66,0,0,0,4702.71,17196.06,1.88
M0064373,N,76,2,31291.08,0,0,0,11930.35,15543.07,1.82
M0064374,N,53,0,12404.67,0,0,1,11130.93,3120.51,1.36
M0064375,Y,75,4,286812.09,3,1,7,75019.32,217380.32,3.78
M0064376,N,48,1,3539.99,0,0,0,492.44,5891.96,0.0
M0064377,N,40,0,6282.6,0,0,0,4796.74,1621.95,0.13
M0064378,N,69,2,17787.56,0,1,0,2101.51,12782.22,1.54
M0064379,N,42,0,13740.87,0,0,0,2197.44,12697.65,1.8
M0064380,N,43,0,2070.12,0,1,0,1717.02,1679.06,0.15
M0064381,N,58,0,10177.5,0,1,1,4740.46,7080.19,0.57
M0064382,N,28,3,17401.05,0,0,1,3759.73,15016.27,0.88
M0064383,N,49,1,18227.91,1,1,1,4797.19,20613.82,1.79
M0064384,N,20,0,2479.14,0,0,0,269.83,1841.6,0.28
M0064385,N,79,3,25013.11,0,1,0,4252.18,18262.61,1.17
M0064386,N,24,0,5419.72,0,2,1,1045.73,6123.33,0.76
M0064387,N,31,1,56386.13,0,0,0,24467.01,30566.78,1.73
M0064388,N,18,0,4814.04,0,0,0,4242.12,3935.58,0.01
M0064389,N,58,2,6653.52,0,1,0,2409.73,3847.84,1.84
M0064390,N,40,2,21283.63,0,2,0,3484.1,13204.92,1.84
M0064391,N,53,0,3469.28,0,0,0,1771.78,2586.86,1.93
M0064392,Y,69,6,315000.18,3,2,4,79858.0,204188.57,3.75
M0064393,N,64,1,19352.07,1,1,0,6766.08,8616.39,0.0
M0064394,N,59,1,2955.37,0,1,0,992.66,2117.66,1.19
M0064395,Y,62,5,290295.13,5,3,4,99479.9,162987.76,7.93
M0064396,N,60,0,7945.51,0,0,0,529.36,7431.57,0.7
M0064397,N,34,0,10978.39,0,0,0,833.73,10873.16,0.0
M0064398,N,55,0,7128.48,0,1,1,1820.54,4782.04,0.65
M0064399,N,47,1,4309.59,1,0,0,778.35,2825.2,1.42
M0064400,N,62,2,9791.85,0,0,0,4746.96,7032.38,0.69
M0064401,N,49,1,45515.9,1,0,0,4560.98,40238.26,1.53
M0064402,N,69,1,9098.87,0,1,0,1400.66,7995.29,2.09
M0064403,N,19,1,6923.51,0,1,0,2841.33,4593.49,0.84
M0064404,N,78,0,5170.67,1,0,0,1403.01,5964.54,0.68
M0064405,N,21,1,9560.93,0,0,0,5007.33,2988.76,1.27
M0064406,N,68,1,7793.96,0,2,1,3313.16,7280.6,2.0
M0064407,N,66,2,66727.57,0,2,0,8785.61,43542.26,3.18
M0064408,N,32,0,10021.49,0,0,0,584.4,8143.14,0.01
M0064409,N,75,1,16478.24,0,1,0,1609.66,16666.43,1.1
M0064410,N,31,0,5335.31,0,1,0,4243.31,2776.08,0.96
M0064411,N,40,0,13985.05,1,0,0,2920.68,9743.92,2.46
M0064412,N,62,2,16495.73,0,1,1,11845.61,12172.48,3.4
M0064413,N,71,1,17370.48,0,2,0,2017.63,12324.86,1.84
M0064414,N,50,1,4693.71,1,0,1,1754.91,3795.36,0.0
M0064415,Y,48,3,102865.35,4,7,1,39234.36,99662.85,6.16
M0064416,N,63,4,19300.21,0,1,0,7700.89,11441.75,1.45
M0064417,N,80,1,23750.25,1,2,0,13095.95,12802.13,2.18
M0064418,Y,61,3,361874.94,5,2,5,292759.39,130806.01,5.33
M0064419,Y,83,6,413150.72,4,4,4,151099.45,230985.94,5.71
M0064420,N,25,1,5718.23,0,1,1,3253.51,1539.01,0.59
M0064421,N,67,1,7595.95,0,1,0,1561.7,5858.26,0.16
M0064422,N,51,2,2233.66,0,0,0,1564.89,2429.83,0.5
M0064423,N,65,2,9338.74,0,0,0,815.74,8103.99,0.0
M0064424,N,35,1,8206.11,0,0,0,3318.77,6479.38,0.0
M0064425,N,64,0,8668.25,0,0,1,1311.01,8656.58,0.41
M0064426,N,46,0,14677.52,0,1,0,3178.44,16971.9,2.13
M0064427,N,31,1,26560.65,2,0,0,2759.04,19385.84,2.31
M0064428,N,70,0,23983.5,0,1,0,2474.41,24154.68,2.22
M0064429,N,76,0,10220.91,0,0,1,1098.42,8625.8,0.83
M0064430,N,23,1,35877.82,0,1,0,2683.05,36339.72,0.6
M0064431,N,20,0,3932.88,0,2,0,1079.09,2959.81,1.01
M0064432,Y,60,6,249893.15,6,7,3,39647.5,226904.33,6.92
M0064433,Y,85,7,208602.84,2,2,1,61137.21,125299.4,5.62
M0064434,N,38,1,7721.61,0,1,0,1792.39,6083.53,0.33
M0064435,N,46,2,8524.92,0,2,2,5426.19,5006.37,3.08
M0064436,N,41,1,10170.39,0,1,0,3424.51,14580.75,2.53
M0064437,N,24,0,7528.1,0,0,0,2477.03,3757.93,1.37
M0064438,N,75,1,15249.72,0,0,2,2528.22,21051.86,1.6
M0064439,N,77,0,6012.48,0,0,1,4341.09,2028.0,0.51
M0064440,N,24,0,10493.6,0,0,0,1865.32,10265.37,2.32
M0064441,N,25,0,28140.81,1,0,1,4309.4,25119.33,0.0
M0064442,N,31,1,11940.46,0,0,1,5926.89,5638.83,2.07
M0064443,N,60,1,8534.76,1,0,0,2108.51,12698.81,0.77
M0064444,N,43,0,20395.19,0,2,0,1654.36,20557.98,1.43
M0064445,N,18,0,8090.87,2,0,0,2256.47,9739.25,2.51
M0064446,N,24,2,10165.57,0,1,1,4198.96,6772.21,2.0
M0064447,N,54,2,19123.11,0,0,0,8948.07,14333.33,1.79
M0064448,N,19,1,4831.21,1,1,1,687.6,3720.64,2.46
M0064449,N,53,4,13101.19,1,0,0,5725.05,5124.55,1.11
M0064450,N,27,0,11062.43,0,1,0,722.23,8023.94,0.22
M0064451,N,19,3,22872.2,0,1,0,2359.32,27716.63,1.25
M0064452,Y,77,6,389042.7,3,5,6,135112.19,193158.47,6.68
M0064453,N,28,1,11952.24,1,1,0,3575.84,10582.08,2.09
M0064454,N,18,0,61798.65,1,0,0,4911.14,47697.43,1.8
M0064455,N,34,1,16081.21,0,0,0,2897.29,18216.78,1.97
M0064456,N,23,0,11165.3,0,1,0,3459.05,7471.02,0.0
M0064457,N,24,1,12645.37,0,1,0,3443.84,9312.1,0.74
M0064458,N,25,1,7361.3,0,0,0,2993.47,5146.85,0.67
M0064459,N,55,0,6562.21,0,2,0,2590.27,6272.07,0.76
M0064460,N,41,0,11486.72,0,0,0,513.93,10928.06,0.0
M0064461,N,62,0,22284.1,0,1,1,8221.34,10972.68,0.5
M0064462,N,18,0,6973.82,0,1,0,2911.46,4900.22,0.0
M0064463,N,24,0,2961.51,0,0,0,714.29,1785.28,0.63
M0064464,N,75,0,26347.27,0,0,0,4759.37,29336.93,0.21
M0064465,N,30,0,5388.49,0,0,0,479.6,4268.48,1.11
M0064466,N,24,0,4005.75,0,2,0,957.6,2639.53,0.37
M0064467,N,49,2,15669.7,0,1,0,4752.18,18071.53,1.67
M0064468,N,55,2,8002.69,1,0,1,4999.91,9502.38,2.34
M0064469,N,49,0,2778.54,0,1,0,1122.31,2735.33,0.12
M0064470,N,19,2,28841.29,1,2,1,5804.68,36485.87,0.72
M0064471,Y,39,8,317048.33,3,4,2,85809.89,245639.95,6.31
M0064472,N,69,2,3839.43,0,0,1,2020.56,2356.18,0.0
M0064473,N,49,0,8659.98,0,0,0,806.52,7008.27,1.55
M0064474,N,55,2,5662.97,0,0,0,2162.4,3971.54,0.0
M0064475,N,51,0,7392.89,1,0,0,3998.26,7339.4,0.36
M0064476,N,28,0,9300.22,0,0,0,1181.35,12589.4,1.52
M0064477,N,63,0,9159.93,0,1,0,3808.79,3736.01,0.15
M0064478,N,78,0,39314.32,1,2,2,36388.72,6821.28,2.97
M0064479,N,55,2,3203.62,0,0,0,784.72,4373.41,0.0
M0064480,N,60,0,6536.57,0,3,0,1653.2,9194.23,0.28
M0064481,N,53,1,15151.95,0,1,1,3727.63,9882.36,1.73
M0064482,N,66,1,9807.6,1,0,0,2541.1,5574.32,0.0
M0064483,N,44,2,18008.66,1,1,0,2923.95,17789.43,1.84
M0064484,N,72,3,4571.14,1,0,1,1935.75,1760.46,1.17
M0064485,N,62,0,7286.13,0,0,0,6333.71,1961.37,0.02
M0064486,N,58,2,13897.36,1,0,2,6256.93,17107.44,0.75
M0064487,N,57,0,6640.38,1,0,1,2309.58,7672.82,0.79
M0064488,N,43,0,12896.57,1,2,1,11404.84,2122.86,1.48
M0064489,N,46,1,11748.85,0,1,0,421.48,12717.66,0.98
M0064490,N,42,2,12759.66,0,0,1,3305.69,6796.77,1.36
M0064491,N,29,3,9706.86,0,0,1,1792.41,8555.38,1.24
M0064492,N,64,1,7467.38,0,1,1,1647.63,5066.76,1.32
M0064493,N,56,1,8586.62,0,1,0,1143.96,6672.58,1.6
M0064494,N,49,2,15916.72,0,0,0,1488.97,13781.4,1.97
M0064495,N,19,0,10072.51,0,0,0,4564.99,7040.75,0.75
M0064496,N,45,2,20022.47,0,0,1,4510.1,12111.23,2.49
M0064497,N,26,0,4254.14,0,1,0,3666.27,2652.95,0.27
M0064498,N,33,1,7671.84,0,0,0,1532.21,7550.63,1.22
M0064499,N,79,0,18562.9,0,2,0,5133.38,11383.36,2.63
M0064500,N,58,1,14153.34,0,3,0,13247.38,9153.39,2.58
M0064501,N,60,0,20032.67,0,1,1,9556.96,10734.51,2.16
M0064502,N,68,0,9459.69,0,2,0,4200.77,4765.51,1.61
M0064503,N,33,1,10242.58,0,1,2,2667.91,15881.91,1.25
M0064504,N,42,1,5064.46,1,0,0,776.5,4640.78,1.25
M0064505,N,45,1,27240.61,1,1,0,7864.24,15808.9,1.99
M0064506,N,51,1,13551.09,0,2,0,2342.3,8616.21,0.89
M0064507,N,80,3,12307.26,1,1,1,9570.07,9490.49,0.11
M0064508,N,59,0,10073.27,0,1,1,3392.78,7072.47,0.8
M0064509,N,46,0,4652.58,0,0,0,738.18,5106.97,1.23
M0064510,N,63,0,10108.19,0,0,0,3157.83,7596.71,0.97
M0064511,N,43,1,2288.45,0,1,0,894.07,1650.64,1.44
M0064512,N,73,2,18212.87,0,0,0,8094.69,10185.64,2.12
M0064513,N,33,1,4572.51,0,2,0,3428.91,3265.97,2.16
M0064514,N,24,1,5044.57,0,1,0,2003.75,3432.29,1.7
M0064515,N,61,0,12874.97,0,0,0,6849.2,6636.56,0.49
M0064516,N,28,1,8045.46,2,1,0,3123.35,9874.63,0.41
M0064517,N,44,0,14616.21,0,0,0,3701.97,7764.15,0.1
M0064518,N,59,1,6117.63,0,0,0,2880.14,2943.3,1.89
M0064519,N,24,0,16116.02,2,1,1,9696.3,15278.19,0.77
M0064520,N,21,0,16072.36,1,0,0,1473.57,17477.12,0.32
M0064521,N,60,1,4333.84,0,1,0,1952.08,4030.71,0.93
M0064522,N,18,0,9629.15,1,1,0,3891.35,7133.68,2.13
M0064523,N,26,0,10830.26,0,0,0,1859.77,8538.05,1.46
M0064524,Y,79,9,394016.06,4,5,3,113490.75,245515.27,7.08
M0064525,N,47,1,14256.98,1,0,2,1917.95,11569.15,1.16
M0064526,N,58,1,7424.23,0,0,0,1048.79,5619.77,0.93
M0064527,N,36,2,16810.84,1,0,0,7084.59,9514.02,0.31
M0064528,N,65,1,67211.97,0,2,1,6858.79,74304.91,1.55
M0064529,N,35,1,25666.37,0,1,0,14959.6,26101.35,1.78
M0064530,N,44,2,24123.45,0,0,0,4489.24,14974.24,1.93
M0064531,N,72,2,9008.63,0,3,0,3937.96,7580.72,2.16
M0064532,N,51,0,8870.07,1,0,0,2262.68,6734.65,1.26
M0064533,N,21,2,5255.32,0,1,0,2706.49,4773.82,0.0
M0064534,N,21,1,6736.78,0,0,0,3222.06,4079.5,0.0
M0064535,Y,40,7,152492.39,2,3,2,67719.09,90009.78,4.13
M0064536,N,40,1,6682.73,0,1,0,2508.13,3485.36,0.2
M0064537,Y,75,4,135936.57,2,1,5,76834.7,68459.24,4.79
M0064538,N,20,0,18967.83,0,0,0,3553.08,15122.27,1.68
M0064539,N,26,2,24022.52,0,1,0,7725.13,13227.46,0.83
M0064540,N,58,2,4363.23,0,0,0,2438.88,4706.12,0.0
M0064541,N,41,1,9542.26,1,0,1,4502.96,7298.12,0.0
M0064542,N,40,2,7717.82,0,0,1,3930.15,3956.74,2.12
M0064543,N,23,0,2034.62,0,2,0,617.92,3059.66,0.76
M0064544,N,28,2,11449.03,0,1,0,4234.47,5204.73,0.87
M0064545,N,64,0,21753.17,0,0,0,1954.39,18681.29,1.46
M0064546,N,76,1,56852.56,0,0,0,5780.02,55074.48,2.46
M0064547,N,19,3,15252.47,1,1,0,5124.91,8035.3,1.25
M0064548,N,48,0,11666.52,0,0,2,2261.76,10427.37,0.05
M0064549,N,43,0,3987.76,0,0,1,754.31,5454.55,0.44
M0064550,N,32,0,12821.08,0,1,0,10640.05,4127.0,0.06
M0064551,N,62,2,10998.23,0,0,0,2723.88,12196.5,0.75
M0064552,N,74,1,12739.29,0,2,1,853.86,13421.51,0.09
M0064553,N,37,0,7452.48,0,1,0,2169.63,3700.62,0.1
M0064554,N,68,2,7236.36,1,0,0,3161.26,8507.31,0.09
M0064555,N,34,1,6895.6,0,0,0,2947.14,5995.03,1.71
M0064556,N,67,0,7709.54,0,0,0,4287.92,4147.08,0.09
M0064557,N,63,1,10513.84,0,0,0,2292.55,6228.42,1.4
M0064558,N,23,0,6269.22,0,1,1,752.8,7537.53,0.4
M0064559,N,64,2,13204.8,0,1,0,1789.88,12968.74,1.14
M0064560,N,26,0,7933.09,0,0,0,1034.03,6378.52,1.61
M0064561,N,27,0,7560.15,0,0,0,3049.89,5056.37,2.1
M0064562,N,25,0,7163.64,0,1,1,5780.21,4733.03,1.68
M0064563,N,79,1,6767.9,1,0,1,2440.03,7057.3,0.22
M0064564,N,28,3,20143.85,0,2,2,10303.94,5987.71,1.46
M0064565,N,63,1,12387.02,1,0,1,3587.63,8911.11,0.28
M0064566,N,79,1,16990.14,0,0,0,3292.61,13609.8,0.0
M0064567,N,36,2,30317.07,0,0,0,7981.52,28778.87,1.54
M0064568,N,60,1,20947.03,0,0,0,12434.43,6483.27,0.0
M0064569,N,49,1,4392.61,0,0,0,362.23,4796.11,0.11
M0064570,N,18,0,17553.74,0,0,1,2165.57,21465.87,0.0
M0064571,N,41,0,15147.51,1,0,0,3401.36,13217.39,0.64
M0064572,N,72,0,11881.2,0,0,0,5689.45,6227.1,1.08
M0064573,N,47,1,17744.38,0,0,0,3350.26,14982.48,2.3
M0064574,N,46,1,20024.61,0,0,0,7832.31,19376.72,0.0
M0064575,N,75,0,6089.98,0,2,0,5097.06,5214.89,1.11
M0064576,N,19,1,22796.28,1,0,0,5961.78,12434.08,1.35
M0064577,N,56,2,15048.77,2,0,0,4906.88,7192.43,2.43
M0064578,N,56,1,8394.92,0,0,0,1473.37,5300.17,0.0
M0064579,N,34,3,31108.73,0,2,2,11394.23,19238.89,3.45
M0064580,N,19,2,11231.39,0,1,0,2542.23,8441.83,0.0
M0064581,N,26,1,8940.32,0,1,1,1634.37,7101.05,0.0
M0064582,N,41,0,3187.35,0,0,1,1881.76,2409.2,0.0
M0064583,Y,49,4,148669.61,2,3,3,66864.2,133088.67,3.17
M0064584,Y,49,7,135837.14,1,2,5,72168.94,71509.91,5.94
M0064585,N,59,0,7139.63,0,0,0,3146.13,6353.88,0.85
M0064586,N,40,1,9335.8,0,0,0,2790.18,7222.46,0.31
M0064587,N,29,2,10891.84,0,2,0,4214.35,6394.2,0.1
M0064588,N,63,1,7313.44,1,0,1,5282.41,5896.51,0.0
M0064589,N,67,1,12437.47,0,0,0,4910.87,8151.99,0.1
M0064590,N,35,0,11522.19,0,0,0,3524.18,6868.27,1.22
M0064591,N,57,0,6684.08,1,2,0,2241.09,3714.76,0.0
M0064592,N,37,4,24297.34,0,2,1,13739.65,7048.32,1.81
M0064593,N,53,0,16567.69,0,0,0,3321.14,10167.0,0.0
M0064594,N,59,1,17520.25,0,0,0,4128.47,16057.39,0.87
M0064595,N,63,0,7471.67,0,1,0,1812.86,4095.59,0.0
M0064596,N,51,2,7188.83,1,1,0,1384.06,10099.44,1.15
M0064597,N,39,2,5555.38,0,3,1,3824.25,6178.18,1.64
M0064598,N,43,1,11429.81,0,0,0,4336.74,4921.15,1.18
M0064599,N,63,1,11748.93,0,0,0,2080.32,7336.91,0.57
M0064600,N,31,2,8831.91,0,1,0,4664.22,4441.5,0.41
M0064601,N,51,0,6089.61,1,0,0,1178.93,8948.06,0.96
M0064602,N,21,0,14492.24,1,0,0,8671.89,7572.32,1.13
M0064603,N,75,0,2678.79,0,0,0,1340.85,1289.79,0.0
M0064604,N,60,3,24749.28,1,0,0,7292.79,13703.77,0.35
M0064605,N,31,0,17719.43,0,0,0,8654.74,5277.57,1.38
M0064606,N,32,1,14446.06,0,0,0,2689.96,10391.28,0.66
M0064607,N,54,4,8420.01,0,0,0,2367.27,6604.57,2.07
M0064608,N,25,2,18087.79,0,0,0,6128.3,14575.52,0.34
M0064609,N,28,2,8872.86,0,2,1,6441.83,5698.64,1.28
M0064610,N,29,1,4189.01,1,3,0,463.76,3533.22,0.53
M0064611,N,76,1,13374.72,0,2,0,6457.81,6930.29,1.9
M0064612,N,63,0,5839.78,0,0,0,2061.48,4520.94,1.1
M0064613,Y,68,3,229934.31,1,3,1,61479.85,252186.29,2.51
M0064614,N,18,1,9141.81,0,1,0,927.87,8182.22,2.0
M0064615,N,36,0,14398.68,0,0,0,1635.31,12692.09,0.53
M0064616,N,26,0,21608.52,0,1,0,3762.86,16293.75,1.43
M0064617,N,50,2,18025.83,0,2,0,4820.04,21059.59,0.67
M0064618,N,22,1,2737.0,0,0,0,930.67,2333.05,0.5
M0064619,N,75,0,7172.06,0,0,0,2948.39,6765.02,0.0
M0064620,Y,49,5,171958.36,4,4,4,100537.62,117772.14,4.65
M0064621,N,80,0,9718.03,0,0,0,1024.6,8109.72,0.84
M0064622,N,21,0,9552.44,0,1,0,4445.18,3629.94,0.75
M0064623,N,76,1,8247.15,0,1,0,1649.27,5534.15,1.74
M0064624,N,80,3,8557.9,1,2,0,1975.57,9575.11,0.47
M0064625,N,29,0,12436.15,0,0,0,2921.58,15636.32,1.57
M0064626,N,19,0,11391.47,0,0,0,4035.05,7429.76,0.0
M0064627,N,57,2,5855.5,0,0,0,1967.97,3407.96,0.61
M0064628,N,65,1,10654.32,0,2,1,5645.53,6325.12,1.33
M0064629,N,61,0,11839.15,0,0,0,2904.35,7619.73,0.0
M0064630,Y,80,5,412340.09,5,4,6,73356.68,276682.16,8.93
M0064631,N,67,3,9805.11,0,2,0,10308.64,6220.12,2.23
M0064632,N,78,1,13714.37,0,0,0,4237.53,11293.18,1.52
M0064633,N,25,2,11219.16,0,1,0,3825.67,8590.76,0.86
M0064634,N,19,2,18814.34,0,1,0,5002.84,9805.75,1.69
M0064635,N,34,1,10347.22,0,0,1,4069.62,6150.38,1.41
M0064636,N,22,1,18819.34,1,2,0,8812.86,16520.06,1.82
M0064637,N,42,1,9071.02,1,0,0,2210.82,10713.45,0.0
M0064638,N,29,1,13078.14,1,0,0,1542.51,9066.38,0.0
M0064639,N,36,1,23396.72,0,0,0,5411.98,16388.76,3.03
M0064640,N,75,2,21558.66,1,2,1,2555.58,21811.7,1.73
M0064641,N,28,0,5641.42,0,1,0,4658.11,3535.79,0.19
M0064642,N,40,0,7006.24,0,1,0,1617.66,5491.98,0.67
M0064643,N,45,0,12457.23,0,0,0,3907.27,6717.21,1.48
M0064644,N,28,3,5465.53,0,0,1,1749.35,3375.06,1.34
M0064645,N,62,0,5566.52,0,1,0,4723.93,4387.03,0.38
M0064646,N,34,2,5150.41,0,0,1,2592.72,1701.41,0.53
M0064647,N,77,1,10767.58,0,2,0,6074.71,5513.57,0.88
M0064648,N,76,1,10480.85,0,1,0,5755.99,11123.18,1.42
M0064649,N,18,1,9095.46,1,0,0,2231.52,10793.51,2.03
M0064650,N,21,1,12606.89,0,0,0,782.93,9711.31,1.37
M0064651,N,37,0,14779.21,0,1,1,2356.0,13569.93,2.3
M0064652,N,40,0,27742.1,0,0,0,9135.55,14015.93,1.25
M0064653,N,32,2,8233.55,1,0,0,3119.87,5549.47,0.73
M0064654,N,47,0,18585.85,0,0,1,12417.28,17440.19,1.29
M0064655,N,38,1,56499.27,1,3,0,4086.77,49670.6,2.37
M0064656,N,18,1,10263.21,0,1,0,2045.18,9440.41,1.66
M0064657,N,28,2,12306.9,0,0,0,4141.98,6797.4,2.49
M0064658,N,40,0,9336.21,0,2,0,2074.1,7064.68,0.0
M0064659,N,44,0,10446.14,0,1,0,1819.88,6819.4,1.32
M0064660,N,56,1,4904.33,0,1,0,565.36,4275.37,1.36
M0064661,N,40,2,6202.67,0,0,1,569.44,7072.57,0.0
M0064662,N,33,2,12531.69,0,0,0,2119.16,9281.94,3.27
M0064663,N,80,1,6662.78,0,1,0,3485.7,3248.76,0.13
M0064664,N,31,2,12451.27,1,2,0,2998.04,10724.57,1.15
M0064665,N,71,1,8697.12,0,0,0,2052.84,6314.64,0.48
M0064666,N,41,4,55312.66,0,1,1,14109.81,46320.05,1.21
M0064667,N,71,0,5177.32,1,3,0,2214.88,6757.17,2.48
M0064668,N,61,0,7165.53,0,1,0,2416.48,6703.44,2.11
M0064669,N,23,1,2739.04,0,0,0,668.62,1631.94,0.0
M0064670,N,38,0,16073.32,0,2,1,8303.83,11226.17,1.35
M0064671,N,65,0,5574.26,0,0,0,451.48,6829.02,0.68
M0064672,N,38,1,54240.81,1,0,1,12638.66,35598.69,2.48
M0064673,Y,59,8,258342.4,4,5,5,189402.28,178530.01,7.03
M0064674,N,23,0,18700.53,0,0,0,8820.19,9433.01,0.0
M0064675,N,68,1,3226.73,0,0,0,932.77,2058.66,1.21
M0064676,N,29,0,47168.01,0,1,0,14325.94,37903.27,1.33
M0064677,N,18,1,3597.26,0,1,0,4526.51,1793.96,0.0
M0064678,N,23,1,18973.71,0,1,1,11572.14,6664.51,0.0
M0064679,N,28,1,23309.16,0,0,0,10046.47,14357.27,3.12
M0064680,N,27,1,25619.25,1,2,1,22024.05,18534.66,0.85
M0064681,N,63,1,5488.02,1,0,0,882.78,4520.77,0.0
M0064682,N,25,1,32135.28,1,1,1,2174.05,30349.22,1.54
M0064683,N,50,1,10625.94,0,1,0,4030.99,5796.09,0.93
M0064684,N,29,1,34081.45,1,1,1,5119.86,22017.24,2.4
M0064685,N,46,1,23202.21,0,0,0,2516.13,24687.99,0.87
M0064686,N,27,1,4743.58,0,1,0,3295.65,4173.16,1.42
M0064687,N,80,0,13452.85,1,1,1,1738.52,13382.56,0.48
M0064688,N,39,0,7916.76,0,0,0,2734.02,8374.71,0.27
M0064689,N,18,1,10092.74,0,1,0,4782.42,12056.32,0.73
M0064690,N,45,2,30167.35,1,1,1,4234.48,22689.3,1.2
M0064691,N,20,1,17664.52,1,0,0,19169.04,7149.67,2.14
M0064692,N,40,1,2748.54,0,0,0,856.52,3959.36,1.04
M0064693,N,18,1,34731.44,0,0,0,7490.27,26178.31,3.03
M0064694,N,23,2,17631.35,1,1,0,6793.49,7362.67,1.73
M0064695,N,42,0,48540.74,0,1,0,5595.37,32449.26,0.08
M0064696,N,79,0,12944.21,0,0,0,3251.32,7423.7,1.67
M0064697,N,67,2,18103.38,0,2,0,2266.12,12651.61,1.97
M0064698,N,70,0,6998.02,0,0,0,1348.05,4760.74,1.9
M0064699,N,46,1,26760.76,1,1,3,10695.73,27680.06,2.66
M0064700,N,75,0,2997.17,1,1,0,518.21,3618.21,1.98
M0064701,N,35,1,10683.01,0,1,0,11719.21,6562.33,0.73
M0064702,N,55,1,7439.05,0,0,1,3582.46,7627.24,1.19
M0064703,N,51,1,3995.62,0,0,1,543.8,4479.51,0.33
M0064704,N,80,2,6710.08,0,1,0,1390.08,5616.63,2.64
M0064705,N,43,0,7038.61,2,1,0,3123.31,7111.43,1.15
M0064706,N,66,1,12269.61,0,1,1,2552.8,13689.87,2.1
M0064707,N,72,1,18298.02,1,0,0,4888.56,16314.51,1.52
M0064708,N,54,1,11110.8,0,0,0,4121.36,4602.57,0.0
M0064709,N,28,1,22058.16,0,0,0,973.12,17030.3,1.06
M0064710,N,71,2,14956.03,0,0,1,2214.96,11293.3,2.57
M0064711,N,64,1,6284.18,1,0,1,823.92,5818.26,0.92
M0064712,N,71,0,8720.04,2,2,1,3660.42,4373.54,2.09
M0064713,Y,58,6,190500.29,4,3,3,148281.09,108580.89,6.73
M0064714,N,43,3,8972.73,1,0,0,4806.49,9130.67,0.64
M0064715,N,61,3,55709.7,0,0,1,25294.59,39149.24,1.74
M0064716,N,45,2,8624.11,2,1,0,2411.55,4701.56,0.0
M0064717,Y,63,5,224612.53,4,5,4,121460.77,115343.05,4.45
M0064718,Y,55,5,116946.16,2,5,4,36946.97,82171.99,5.07
M0064719,N,77,0,8264.0,0,1,2,785.34,6979.07,0.0
M0064720,N,40,2,14208.02,0,1,0,6735.32,9003.75,0.87
M0064721,N,67,0,6167.82,0,2,0,905.43,5654.58,1.99
M0064722,N,77,2,24635.04,0,2,1,12273.85,7145.16,2.67
M0064723,N,74,0,7537.83,0,1,0,2546.59,4216.44,0.22
M0064724,N,22,1,16855.4,0,0,0,3285.96,24447.21,1.16
M0064725,N,79,1,17235.61,0,0,1,3294.35,25483.69,2.11
M0064726,N,50,1,10873.08,0,1,0,3248.66,6095.82,0.0
M0064727,N,71,2,5862.28,1,0,0,1893.99,3827.0,0.33
M0064728,N,64,0,2620.69,0,0,0,1039.75,1378.02,0.0
M0064729,N,65,1,10584.79,0,0,0,890.48,12640.99,1.93
M0064730,N,27,1,14065.19,0,2,1,5105.87,6065.28,0.89
M0064731,N,78,2,27198.32,1,1,0,3558.05,22373.46,1.37
M0064732,Y,77,6,158907.67,3,7,6,73357.68,144025.97,6.85
M0064733,N,43,1,6446.66,0,0,0,6394.5,4613.65,0.98
M0064734,N,29,3,56828.44,1,2,2,14160.83,41378.05,2.75
M0064735,N,78,0,34540.89,1,1,0,2537.68,41133.11,2.35
M0064736,N,80,0,6261.75,0,0,0,2304.86,2661.22,0.33
M0064737,N,22,1,5254.05,0,0,0,1992.11,5070.18,0.8
M0064738,N,56,3,21106.94,0,2,0,5615.93,16279.74,1.93
M0064739,N,71,2,12455.42,0,0,0,5326.83,4738.85,0.81
M0064740,N,22,1,5102.45,0,0,0,2743.58,3120.28,0.0
M0064741,N,27,1,8214.15,0,0,0,4039.06,4942.67,1.28
M0064742,N,80,2,16771.37,0,2,0,1396.01,13792.17,0.79
M0064743,N,72,0,8744.7,0,0,1,4755.36,8209.46,0.0
M0064744,N,45,2,24330.33,0,0,0,3597.84,20844.59,1.91
M0064745,N,59,1,9195.71,0,1,0,1235.33,8259.23,0.89
M0064746,N,56,0,6237.72,1,0,0,5724.05,3963.78,2.53
M0064747,N,22,0,8339.97,1,0,0,1553.41,5318.68,0.74
M0064748,N,22,0,14485.86,0,2,2,2616.38,23483.56,0.98
M0064749,N,24,0,10758.27,1,0,0,1696.65,7090.9,0.28
M0064750,N,45,1,18990.97,0,0,1,3492.94,11758.81,2.49
M0064751,N,53,3,15335.05,0,1,0,6103.52,5877.36,1.92
M0064752,N,57,1,17919.83,0,0,0,8264.5,6003.59,0.0
M0064753,N,47,0,6489.21,0,0,0,874.73,4446.42,0.0
M0064754,N,43,0,13000.36,0,0,0,7704.86,6534.6,0.4
M0064755,N,50,1,9670.89,0,0,0,3371.95,5272.47,0.59
M0064756,N,26,1,16352.97,1,0,1,11244.91,17403.04,2.49
M0064757,N,48,3,20544.22,1,2,1,5891.4,10391.33,1.8
M0064758,N,58,2,24227.45,0,1,0,11181.35,12764.73,0.89
M0064759,N,26,0,15294.98,0,0,0,8809.91,5448.91,1.62
M0064760,N,37,1,14967.3,0,0,0,1388.31,18537.31,0.74
M0064761,N,30,0,4531.24,0,1,0,1300.53,5034.62,0.89
M0064762,N,29,1,29275.15,2,1,1,9769.6,25304.09,2.15
M0064763,N,48,1,8760.43,0,0,0,3706.32,8870.13,0.0
M0064764,N,58,1,13350.79,0,0,0,1319.21,9458.28,1.07
M0064765,N,35,2,12986.98,0,1,0,8774.62,5778.06,2.01
M0064766,N,21,0,8304.83,0,0,0,1078.55,7056.21,0.24
M0064767,N,20,1,42792.93,0,0,1,2081.85,35655.7,0.55
M0064768,N,20,1,9845.11,0,0,0,3308.35,4887.08,0.88
M0064769,N,20,1,8734.48,0,1,1,3327.99,5040.89,0.53
M0064770,N,22,1,8002.89,0,2,0,2608.94,11523.48,1.37
M0064771,N,48,1,4006.57,0,0,0,410.51,3659.6,0.6
M0064772,N,65,1,14919.85,0,0,0,5345.51,8352.15,0.57
M0064773,N,27,1,6446.35,0,1,0,3904.87,2785.28,0.48
M0064774,N,46,0,17957.86,1,1,1,2650.12,12193.41,1.95
M0064775,N,71,1,12936.9,0,1,1,3603.14,7995.74,2.7
M0064776,N,78,0,12765.76,1,0,1,1336.73,11217.04,2.57
M0064777,N,38,1,8498.43,0,0,0,1764.88,7735.28,1.56
M0064778,N,25,0,23203.64,0,1,1,5248.6,13376.07,1.4
M0064779,N,25,0,9963.11,1,0,0,3688.4,4440.91,1.68
M0064780,N,26,1,12897.21,0,1,0,5276.37,7855.3,1.4
M0064781,N,60,0,20296.66,0,0,0,3166.49,18681.14,1.71
M0064782,N,79,2,3746.21,0,0,1,1329.37,4550.0,1.55
M0064783,N,56,1,13046.9,0,0,0,11871.56,10785.95,1.9
M0064784,N,44,1,12524.12,1,0,0,2021.49,11170.56,1.68
M0064785,N,78,0,6174.68,0,0,1,2106.88,7950.26,0.36
M0064786,N,55,2,31174.99,0,0,0,4030.83,30865.06,1.48
M0064787,N,49,2,10372.27,1,0,0,6017.82,7767.45,1.33
M0064788,N,24,4,16676.59,1,1,0,3475.7,16806.88,2.19
M0064789,N,45,0,16551.96,0,0,0,7041.46,14820.48,1.8
M0064790,N,34,0,10897.25,0,0,0,2663.3,5902.9,0.37
M0064791,N,54,1,17623.16,1,0,0,6127.96,10372.09,1.86
M0064792,Y,47,8,155568.81,1,2,4,50264.72,94377.37,4.19
M0064793,N,77,1,17617.05,0,2,1,6469.4,9283.23,2.48
M0064794,Y,72,5,198285.8,1,4,1,79727.07,121412.52,4.54
M0064795,N,43,0,9602.13,0,0,0,2046.09,11877.96,0.94
M0064796,N,67,0,10522.26,0,1,1,3389.18,14872.87,0.7
M0064797,Y,63,5,247300.18,4,1,2,132201.05,95800.86,3.27
M0064798,N,63,2,16204.04,0,0,0,2493.72,13830.69,0.99
M0064799,N,34,2,4083.87,0,3,1,1517.78,4619.1,2.73
M0064800,N,36,2,14492.17,0,1,0,1528.99,23530.86,1.93
M0064801,N,75,1,7027.51,0,1,0,1682.33,7133.07,0.42
M0064802,N,48,0,3452.38,1,2,0,2136.17,3566.33,1.47
M0064803,N,74,0,12867.77,0,0,0,2282.2,12266.93,2.17
M0064804,Y,47,6,179134.67,2,3,1,55138.08,172708.47,5.57
M0064805,N,36,0,15353.11,1,1,1,9544.0,11261.24,1.33
M0064806,N,44,2,8853.51,0,2,0,1353.8,8609.58,1.52
M0064807,N,47,2,30250.87,1,2,1,8408.73,21808.44,4.44
M0064808,N,36,1,11015.05,1,0,1,10951.98,2700.88,1.13
M0064809,N,78,0,26010.79,0,0,0,5113.24,36801.8,2.21
M0064810,N,52,0,6620.98,0,1,1,3588.87,7539.47,0.0
M0064811,N,72,0,5390.98,0,0,0,2466.88,5975.89,0.73
M0064812,N,63,0,22315.75,2,0,0,6899.45,12412.32,1.69
M0064813,N,43,0,10490.87,0,0,0,892.16,9242.26,1.84
M0064814,N,20,0,17686.39,0,2,1,7750.21,16974.88,2.83
M0064815,N,61,3,13526.82,0,2,1,1340.47,9815.68,1.43
M0064816,N,18,1,3758.14,0,0,0,1202.92,3089.13,0.06
M0064817,N,70,1,3242.87,1,1,0,1650.98,3311.38,0.89
M0064818,N,25,1,21119.82,0,1,0,13453.95,8815.25,0.45
M0064819,N,51,2,16026.58,0,0,0,5957.39,10457.65,1.75
M0064820,N,73,2,6580.45,0,1,0,4832.17,4090.65,1.21
M0064821,N,72,0,5478.94,0,0,0,2119.6,4497.09,0.36
M0064822,N,35,1,8955.78,0,1,0,1821.57,6380.99,2.62
M0064823,N,56,3,9224.63,1,1,2,2031.2,8516.75,2.06
M0064824,N,68,1,8759.09,0,2,0,2609.7,6144.29,0.35
M0064825,N,47,0,17483.27,0,1,0,970.89,17857.93,0.05
M0064826,N,47,0,28226.05,0,1,2,6632.16,29066.52,2.05
M0064827,N,78,0,6293.07,0,1,1,3785.58,4714.92,0.61
M0064828,N,76,0,6423.68,0,1,1,4928.41,5026.54,1.37
M0064829,N,71,0,11510.17,0,0,1,5423.75,9696.61,1.62
M0064830,N,72,1,6788.35,1,1,0,1649.86,5483.4,1.11
M0064831,N,64,2,7312.34,0,1,0,1124.28,4901.25,0.09
M0064832,N,29,0,8421.58,0,0,0,7736.81,6962.1,0.63
M0064833,N,55,0,15363.65,0,1,0,3185.55,11536.26,0.55
M0064834,N,18,0,8290.05,1,0,0,1441.71,8902.69,1.16
M0064835,Y,45,6,310189.63,1,4,6,39863.1,247997.05,8.06
M0064836,N,63,1,8497.01,0,1,0,1388.96,6611.9,0.9
M0064837,N,18,1,14022.52,0,0,0,1729.42,10755.61,0.35
M0064838,N,57,1,8196.78,0,2,0,3246.04,6761.84,2.02
M0064839,N,51,1,6944.42,0,0,0,2128.52,5615.5,0.4
M0064840,N,26,0,8271.39,1,0,0,2059.47,9715.6,1.61
M0064841,N,64,0,5344.26,0,0,0,1295.45,7777.0,0.39
M0064842,N,33,0,6976.37,0,1,0,826.78,8186.73,0.0
M0064843,N,31,2,14845.52,0,1,1,3141.19,11502.94,1.88
M0064844,N,67,2,10364.91,0,0,0,1586.73,10312.43,1.2
M0064845,N,33,2,9174.91,0,2,1,1995.64,7650.26,1.3
M0064846,N,59,2,4927.26,0,0,0,2706.73,3687.71,0.0
M0064847,N,36,0,2632.26,0,0,1,1059.6,3363.04,0.4
M0064848,N,75,1,33937.99,0,2,2,13142.81,18199.38,1.17
M0064849,N,24,2,17272.06,1,1,0,12656.88,7815.51,3.84
M0064850,N,41,1,12269.71,0,1,0,1974.99,9236.67,0.59
M0064851,N,70,0,2391.21,0,0,0,743.87,2965.34,1.75
M0064852,N,53,2,5538.19,0,0,0,1945.49,7217.32,1.1
M0064853,N,62,2,19873.1,0,1,1,5234.78,13079.16,1.93
M0064854,N,41,2,28525.65,1,2,0,2933.63,20833.58,2.08
M0064855,N,27,0,3974.97,0,0,1,1200.12,3534.7,1.48
M0064856,N,66,1,10690.83,0,1,0,1214.97,10677.51,0.0
M0064857,N,75,0,4568.25,0,0,0,2053.87,2833.63,0.0
M0064858,N,34,2,11968.18,0,0,0,1275.16,8365.82,1.47
M0064859,N,74,2,8553.58,0,0,0,3679.82,6850.02,0.0
M0064860,N,32,0,21670.66,0,0,0,4178.85,13380.41,2.21
M0064861,N,76,3,14373.08,0,1,0,891.63,10484.92,0.03
M0064862,N,69,1,40924.5,1,2,0,2375.11,48598.71,1.83
M0064863,N,44,0,16174.19,0,3,0,3934.96,18639.85,1.36
M0064864,N,73,0,24308.7,1,1,1,3001.85,20046.91,0.0
M0064865,N,50,3,12491.58,1,1,0,3327.06,12614.74,0.18
M0064866,N,18,1,6050.21,0,0,0,869.32,7077.68,0.0
M0064867,N,33,0,3213.04,0,0,0,1076.39,2949.43,0.12
M0064868,N,33,1,3911.0,0,1,0,1044.98,5414.76,0.82
M0064869,N,23,0,7810.33,1,1,0,3438.49,5152.27,0.85
M0064870,N,47,1,2936.01,0,1,0,918.14,4276.7,1.19
M0064871,N,38,1,8808.94,0,0,0,2403.82,6302.68,1.1
M0064872,N,26,1,4228.65,0,0,0,1869.56,1957.88,0.3
M0064873,N,76,0,7014.33,1,0,0,2714.03,7767.64,1.42
M0064874,N,37,3,12376.01,0,0,0,3000.13,12886.06,0.0
M0064875,N,68,3,26445.63,2,2,0,2666.43,26688.23,2.1
M0064876,N,38,2,10671.98,1,0,0,4016.65,7172.89,0.55
M0064877,N,80,1,17053.33,0,0,0,2118.57,12544.39,0.0
M0064878,N,25,0,4055.23,0,0,0,2126.88,2050.55,0.0
M0064879,N,35,0,5806.84,0,0,0,3167.61,4717.87,1.39
M0064880,N,78,3,12145.53,0,0,0,2570.64,8571.39,1.59
M0064881,N,34,0,9499.52,0,0,0,2893.04,4997.54,1.52
M0064882,N,68,1,4444.73,0,1,1,1672.54,4717.31,1.31
M0064883,Y,85,5,163355.19,3,1,4,89683.79,90033.51,4.33
M0064884,N,18,1,3902.41,0,0,0,2039.15,4515.86,0.97
M0064885,N,46,2,12644.18,1,0,0,6715.17,12622.7,0.19
M0064886,N,33,2,5486.17,0,0,0,362.9,4280.11,0.42
M0064887,N,79,0,2796.24,1,1,0,1096.76,2192.8,0.96
M0064888,N,40,1,6546.49,0,1,0,1810.52,7438.22,1.68
M0064889,N,33,0,4618.7,0,0,0,1048.72,3721.79,0.0
M0064890,N,31,0,9251.41,0,1,0,1884.26,11417.56,0.05
M0064891,N,63,0,19500.75,2,2,0,13473.33,1946.6,0.88
M0064892,N,37,2,3898.37,1,1,0,1862.49,4340.75,2.28
M0064893,N,47,0,1355.1,0,0,1,1409.07,670.5,0.0
M0064894,N,49,2,6357.25,0,0,0,2352.34,3246.43,0.84
M0064895,N,62,1,19183.89,0,1,0,6081.08,10839.26,0.75
M0064896,N,64,1,6948.48,0,1,0,2790.79,4870.32,0.47
M0064897,N,28,1,10938.8,0,0,0,1786.87,11838.69,1.47
M0064898,N,26,2,11568.81,0,0,0,4635.52,4680.4,1.45
M0064899,N,75,3,6137.81,0,2,0,1589.59,5095.34,0.32
M0064900,N,79,1,8302.23,0,0,0,2817.29,11679.88,0.94
M0064901,N,66,2,3950.36,0,0,0,1443.96,3248.84,0.97
M0064902,N,75,3,22724.78,0,1,0,8439.42,24694.77,0.97
M0064903,N,76,0,18313.99,0,1,0,3831.6,15757.95,0.25
M0064904,N,21,1,19836.59,0,1,0,5090.1,22159.79,2.0
M0064905,N,48,3,31201.63,0,1,0,3639.83,48021.59,1.19
M0064906,N,33,1,5976.54,0,1,0,4341.71,5919.16,0.0
M0064907,N,69,0,15141.45,0,1,0,2435.48,11258.93,1.26
M0064908,N,20,0,3943.61,0,1,0,1409.24,2241.98,0.61
M0064909,N,19,1,4845.25,0,0,0,645.78,7254.58,0.38
M0064910,N,41,0,3626.55,0,0,0,892.72,2253.57,0.0
M0064911,N,26,0,4372.89,0,0,0,404.3,6555.73,0.0
M0064912,N,63,2,8221.52,0,0,0,1688.53,4909.28,0.26
M0064913,N,18,0,14703.84,1,0,1,6308.48,6963.0,0.8
M0064914,N,41,0,6108.07,0,0,1,2895.89,5356.2,0.81
M0064915,N,56,2,14572.14,1,0,0,2422.78,10113.42,0.0
M0064916,N,57,1,14254.46,0,2,0,2437.94,15728.23,2.23
M0064917,N,50,2,20933.71,0,0,0,1039.3,22380.1,2.63
M0064918,N,78,0,8148.32,0,1,0,2740.65,10297.59,1.08
M0064919,N,23,2,7554.32,1,0,1,5031.05,4248.01,1.65
M0064920,N,59,1,16190.13,0,2,0,1001.87,13494.77,0.51
M0064921,N,31,2,7631.31,0,1,0,3518.38,6123.99,0.57
M0064922,N,31,1,2563.1,0,1,0,1105.65,3257.83,1.28
M0064923,N,70,2,13867.08,0,2,0,6979.71,9383.01,0.0
M0064924,N,34,1,26410.4,0,0,0,4707.4,18645.77,0.31
M0064925,N,57,1,4716.04,0,3,1,1351.47,3643.62,0.82
M0064926,N,61,0,6366.11,1,0,0,3009.77,6209.34,1.42
M0064927,N,34,1,9196.22,0,0,1,3078.08,9291.48,1.12
M0064928,N,70,1,32752.5,0,2,0,10998.93,23200.46,1.02
M0064929,N,51,2,20913.53,0,0,1,5888.15,11223.16,2.37
M0064930,N,18,0,15812.55,0,0,0,5520.18,13570.52,1.53
M0064931,N,19,0,13229.16,0,1,0,7689.72,6449.25,0.0
M0064932,N,25,2,19102.43,0,0,0,536.7,26484.66,3.36
M0064933,N,58,0,13303.16,0,1,1,1959.77,17329.04,0.85
M0064934,N,73,1,11096.92,0,0,2,3309.55,7452.86,0.81
M0064935,N,59,1,8739.29,0,1,0,4888.89,7584.64,0.02
M0064936,N,69,4,34280.32,1,3,2,8307.1,22214.22,3.11
M0064937,N,37,0,10757.15,1,0,0,1270.09,7513.64,2.12
M0064938,N,29,2,5817.29,0,0,0,1319.56,5737.61,0.5
M0064939,Y,73,3,311688.45,2,2,3,65297.98,204298.15,3.38
M0064940,N,79,1,20813.0,1,0,0,5663.04,21607.98,2.09
M0064941,N,18,1,34270.35,1,0,1,4717.95,22304.3,0.89
M0064942,N,44,2,2834.52,0,0,1,1987.49,2755.05,0.0
M0064943,N,65,1,8629.47,0,0,0,3434.02,3388.74,2.39
M0064944,N,42,0,7976.46,0,2,1,2624.54,9909.55,2.09
M0064945,N,51,0,13776.16,0,0,0,6368.02,16947.85,1.49
M0064946,N,53,1,6005.9,1,0,0,820.39,6978.93,0.57
M0064947,N,49,2,42412.32,2,0,0,4189.86,30221.09,2.29
M0064948,N,64,0,11121.89,0,0,0,1843.11,9648.07,0.17
M0064949,N,24,2,17623.19,0,0,0,6376.66,10173.42,1.5
M0064950,N,36,2,6833.37,0,0,1,2965.75,3879.07,0.4
M0064951,N,63,0,11103.0,0,1,0,3157.8,14243.06,0.0
M0064952,N,22,0,5392.88,0,0,0,818.9,4726.94,0.0
M0064953,N,48,1,6856.73,0,1,1,1891.6,7199.19,1.07
M0064954,N,80,2,19626.66,0,1,0,8895.21,6931.71,0.17
M0064955,N,50,2,31252.26,2,1,2,1892.17,23826.18,3.09
M0064956,N,21,1,5594.17,0,1,0,1003.37,4011.61,0.66
M0064957,N,55,1,5652.43,0,0,0,2288.71,6358.43,0.0
M0064958,N,67,0,10364.0,0,0,1,7485.83,8616.44,1.04
M0064959,N,60,1,6002.07,0,0,0,1673.77,5386.66,0.14
M0064960,N,54,0,2664.43,0,0,1,1407.65,2469.01,0.0
M0064961,N,46,1,11983.51,0,0,0,3087.05,9256.38,1.58
M0064962,N,68,1,14450.23,0,0,0,3024.71,8725.99,0.61
M0064963,N,24,0,9354.21,0,0,0,2592.67,5328.44,1.54
M0064964,N,65,0,5621.67,0,0,0,1015.35,6494.43,0.02
M0064965,N,80,2,20563.05,0,0,0,6313.14,14626.16,0.35
M0064966,N,50,0,3322.01,0,3,1,2876.91,3016.23,1.56
M0064967,N,59,3,10279.77,1,1,1,3225.84,5045.31,0.45
M0064968,N,48,0,21634.98,0,0,0,4216.51,13262.01,1.15
M0064969,N,78,2,5960.09,0,0,0,594.04,4746.56,0.85
M0064970,N,22,1,11370.0,1,1,0,6868.46,8386.32,1.5
M0064971,N,33,1,6495.87,2,0,1,593.0,5000.84,1.27
M0064972,N,77,0,16627.95,0,0,0,13531.86,8519.93,1.45
M0064973,N,67,1,24757.36,0,2,0,8474.96,12709.16,2.26
M0064974,Y,81,4,131815.04,2,2,2,64708.08,54433.32,5.14
M0064975,N,45,1,11460.83,0,1,0,1977.62,16398.59,1.86
M0064976,N,71,2,10308.04,0,1,0,1191.52,8511.67,0.0
M0064977,N,25,2,4031.03,0,1,0,1935.14,4083.21,0.0
M0064978,N,40,0,13803.76,0,0,1,10187.71,5934.7,0.15
M0064979,N,48,1,16986.75,0,1,0,7713.47,10896.76,0.32
M0064980,N,71,4,23179.84,1,1,0,8220.1,12954.48,1.49
M0064981,N,43,3,17352.6,2,0,0,8087.03,19523.89,0.49
M0064982,N,44,1,13043.55,1,1,1,7337.52,9297.85,1.93
M0064983,N,33,2,28002.9,1,1,1,13112.98,24900.36,1.8
M0064984,N,55,3,14102.05,0,1,0,4381.87,9209.85,2.6
M0064985,N,47,0,12915.42,0,0,0,411.93,12134.78,0.08
M0064986,N,48,2,15057.45,0,2,0,7676.86,11187.35,0.95
M0064987,N,30,0,4819.94,0,1,1,853.43,4126.07,2.08
M0064988,N,27,0,24188.37,0,0,1,4739.67,17312.16,1.65
M0064989,N,47,1,20947.17,0,1,1,2633.62,21617.03,2.05
M0064990,N,31,0,4636.1,0,1,0,407.74,3361.33,0.0
M0064991,N,28,0,14337.74,0,1,0,7038.2,6546.38,1.37
M0064992,N,68,2,14091.28,0,1,0,8039.44,7136.55,0.79
M0064993,N,64,1,3493.95,1,0,0,2122.28,1516.92,0.92
M0064994,Y,73,4,239600.31,2,6,2,90604.78,134435.11,6.99
M0064995,N,32,1,5347.89,0,0,0,331.95,7299.18,0.49
M0064996,N,80,4,11568.13,0,0,0,5872.92,11598.66,1.56
M0064997,N,75,1,6561.15,1,1,0,1832.01,6792.89,1.11
M0064998,N,27,2,8437.9,0,0,1,817.47,5982.67,1.5
M0064999,N,28,0,2304.22,0,0,0,1077.42,2443.62,0.0
M0065000,N,76,3,8202.47,0,1,1,2853.38,7870.51,0.52
M0065001,N,33,3,50351.64,0,1,0,3607.74,43518.0,3.31
M0065002,N,75,0,10908.03,1,0,0,1413.2,9309.85,0.41
M0065003,N,20,0,4564.88,0,0,0,2369.09,3051.67,0.22
M0065004,N,45,2,9295.56,0,0,0,688.89,6812.18,0.95
M0065005,N,51,1,2014.3,0,0,0,1810.24,1779.81,0.37
M0065006,N,70,1,14265.42,1,1,0,3187.15,13075.79,0.19
M0065007,N,80,0,9362.38,0,0,0,5416.61,10972.56,0.04
M0065008,N,63,1,5056.97,0,0,0,1992.93,2907.24,0.29
M0065009,Y,83,5,358044.3,4,2,4,162520.18,174595.16,6.88
M0065010,N,67,0,8831.31,0,1,0,1569.87,6485.56,0.09
M0065011,N,34,0,18108.86,0,2,0,3219.74,21023.9,2.11
M0065012,N,72,2,7990.88,0,1,1,4126.51,5424.05,1.53
M0065013,N,33,1,3003.9,0,0,0,1703.8,3440.83,0.38
M0065014,N,60,3,12838.22,0,0,1,9294.51,7564.32,2.04
M0065015,N,37,0,16060.84,0,0,0,9303.75,7686.36,1.09
M0065016,N,75,1,23572.63,0,0,1,5245.63,25815.4,1.92
M0065017,Y,59,2,113410.01,1,2,1,36057.56,123193.46,2.23
M0065018,N,62,0,6866.58,0,0,0,379.84,5767.76,1.21
M0065019,N,37,2,10142.74,0,1,1,2367.11,5949.17,0.55
M0065020,N,49,1,12282.67,1,0,0,2556.68,10044.55,1.33
M0065021,N,79,0,20038.92,0,0,0,1386.51,14336.43,1.11
M0065022,N,25,1,31133.91,0,3,1,2588.44,21871.6,2.8
M0065023,N,67,0,5353.99,0,0,1,285.6,6209.37,1.43
M0065024,N,52,0,9202.46,1,0,0,3059.7,6110.73,1.61
M0065025,N,80,2,12195.7,1,2,0,10074.5,2212.97,1.71
M0065026,N,27,0,6470.08,0,0,0,1075.95,4456.98,0.88
M0065027,Y,36,3,369495.22,2,1,4,58610.94,260169.23,5.78
M0065028,N,65,2,4090.68,0,1,0,1058.02,3331.4,0.29
M0065029,N,25,1,21944.87,1,0,0,4399.96,25434.72,1.98
M0065030,N,32,1,4658.31,0,0,0,3574.2,2685.48,1.19
M0065031,N,73,3,16681.94,0,0,0,9508.7,9275.89,1.3
M0065032,N,65,2,5668.11,0,2,1,2388.26,4596.31,1.16
M0065033,Y,62,5,471530.89,1,5,4,253190.26,166855.62,7.11
M0065034,N,35,1,14317.81,0,1,0,9762.13,14633.83,1.54
M0065035,N,67,2,27147.72,0,1,0,2719.5,18638.0,0.12
M0065036,N,48,0,12381.57,0,1,0,806.26,9729.56,1.47
M0065037,N,25,0,19488.59,0,0,0,5560.81,10787.1,1.49
M0065038,N,44,0,6548.86,0,0,0,2073.95,8936.69,0.0
M0065039,N,57,0,7261.52,0,0,0,4459.17,5676.94,2.59
M0065040,Y,83,6,249127.49,5,6,5,80555.62,185744.05,7.12
M0065041,N,24,3,32560.45,1,0,0,12603.55,13384.62,2.45
M0065042,N,39,2,8836.0,0,1,0,6976.91,4760.42,0.0
M0065043,N,49,0,6303.57,1,0,0,1323.76,4265.31,1.04
M0065044,N,46,0,3077.38,0,0,0,933.08,3949.75,2.04
M0065045,N,73,3,15202.28,0,2,0,9239.24,11606.17,0.71
M0065046,N,28,2,6595.14,0,3,0,2934.38,5998.88,0.93
M0065047,N,40,1,8389.4,0,0,0,3162.74,7377.94,0.0
M0065048,N,50,1,9904.92,0,1,0,2568.89,11947.77,2.72
M0065049,N,65,2,3629.06,0,1,0,2487.94,1720.39,1.11
M0065050,N,48,2,3040.54,1,0,0,756.17,3296.27,0.98
M0065051,N,40,0,10325.25,0,0,0,4252.45,5157.57,1.23
M0065052,N,49,2,33300.67,1,1,1,10255.13,23917.19,2.88
M0065053,N,61,2,13669.7,0,0,1,7928.02,12349.35,0.4
M0065054,N,65,0,21030.57,2,0,0,2841.1,27491.38,1.97
M0065055,N,45,1,7773.44,0,1,0,2068.81,5312.84,0.0
M0065056,N,56,1,4939.92,0,0,0,1451.14,7318.18,0.15
M0065057,N,57,0,2105.11,0,1,0,301.73,1836.02,0.21
M0065058,N,47,3,11149.83,0,1,0,4416.4,15132.61,1.67
M0065059,N,72,0,8072.41,0,2,0,1935.0,6451.19,1.37
M0065060,N,23,2,8484.02,0,0,0,3254.84,7543.95,2.42
M0065061,N,71,0,14740.77,0,1,1,2620.93,17704.52,2.19
M0065062,N,48,0,7996.57,0,1,1,3936.8,3361.63,0.94
M0065063,N,43,0,26205.78,0,1,0,5253.94,17715.87,0.85
M0065064,N,35,4,35234.55,2,2,1,21001.86,13412.29,2.72
M0065065,N,71,1,7253.7,0,0,0,1324.85,6618.31,1.3
M0065066,N,43,0,8930.75,0,1,0,3600.58,9004.81,1.34
M0065067,N,53,1,23809.17,0,1,0,7357.97,15893.07,1.0
M0065068,N,39,1,15715.73,0,1,0,3799.97,12138.51,2.04
M0065069,N,58,1,10425.33,0,1,0,1601.74,7166.1,1.67
M0065070,N,51,1,16283.61,0,1,0,9177.25,3980.84,2.0
M0065071,N,68,2,7960.22,0,2,0,3933.9,5507.72,1.12
M0065072,N,71,1,14805.83,0,1,1,3812.56,18657.31,1.76
M0065073,N,74,1,6007.43,0,0,0,1529.35,7416.14,1.47
M0065074,N,55,0,5862.74,1,0,0,3005.49,3052.88,0.78
M0065075,N,69,0,5227.18,1,0,0,953.22,3940.9,0.99
M0065076,N,36,3,16996.25,1,1,1,3503.72,17786.4,1.68
M0065077,N,64,1,8178.84,0,3,0,1435.85,6957.89,0.83
M0065078,N,60,2,4847.28,0,0,2,2628.69,2698.24,1.3
M0065079,N,30,1,7379.02,0,1,0,1797.47,7925.39,1.03
M0065080,N,27,0,8359.32,0,0,0,724.19,9867.39,0.97
M0065081,N,69,1,5074.62,0,1,0,949.02,3848.04,0.28
M0065082,N,34,0,11143.36,0,3,1,4511.13,9218.61,0.0
M0065083,N,67,1,8712.77,0,0,0,3912.74,8409.71,2.55
M0065084,N,54,2,9294.53,0,0,1,693.21,6800.61,1.05
M0065085,N,76,0,8764.38,0,0,0,1808.08,12124.7,0.65
M0065086,N,36,0,33807.16,1,0,0,6339.09,22011.75,2.4
M0065087,N,34,0,2576.47,0,2,1,2158.09,1560.84,0.31
M0065088,N,63,5,41406.85,0,0,0,5057.73,28065.68,1.54
M0065089,Y,61,4,285016.13,3,6,4,91040.22,147819.21,3.86
M0065090,N,52,2,5546.64,0,0,0,1746.51,5630.0,0.5
M0065091,N,46,1,19107.37,0,0,0,9308.55,6545.38,1.31
M0065092,N,79,1,24921.53,1,0,1,7955.03,17234.12,2.97
M0065093,N,45,2,8299.1,1,1,0,1606.0,9405.17,1.25
M0065094,N,45,1,14098.08,0,0,0,2127.75,9433.76,0.29
M0065095,N,64,1,4054.67,0,0,0,2178.59,2314.22,0.38
M0065096,N,27,0,5676.96,0,0,0,878.4,6247.61,0.79
M0065097,Y,37,4,420511.84,4,2,7,249051.96,247158.69,6.43
M0065098,N,20,0,10552.97,0,0,0,3580.04,11731.04,0.79
M0065099,N,23,0,5062.84,0,0,1,1147.6,3049.48,0.13
M0065100,N,25,0,7784.85,0,0,0,2145.36,7480.47,0.58
M0065101,N,47,1,12644.43,0,1,2,2666.69,9523.63,1.36
M0065102,N,18,0,5119.52,0,0,0,1769.33,4780.14,1.32
M0065103,N,29,3,6410.68,1,1,1,1161.72,7227.41,2.64
M0065104,N,45,0,7236.66,0,0,0,668.07,7265.7,0.0
M0065105,N,47,2,14185.25,0,0,0,2187.89,9962.98,1.0
M0065106,N,34,0,4869.45,0,0,0,2935.96,4900.86,1.27
M0065107,N,43,2,26202.14,1,1,1,6934.61,23656.11,0.46
M0065108,N,33,2,17015.38,0,0,0,7621.93,9931.8,1.77
M0065109,N,68,3,13825.44,0,2,0,7786.29,8148.64,0.38
M0065110,N,23,0,18926.0,0,0,0,1986.75,14565.44,0.33
M0065111,N,26,0,7711.74,1,0,0,670.9,13269.59,0.51
M0065112,N,73,0,6320.6,0,0,1,5496.45,3969.48,0.97
M0065113,N,70,2,16647.47,0,1,0,3294.15,13121.48,0.08
M0065114,N,75,1,19217.28,0,1,0,6276.33,15170.8,1.33
M0065115,N,29,0,3985.09,0,0,0,1051.1,2623.41,0.0
M0065116,N,19,1,16015.63,0,0,0,4172.89,15515.98,2.08
M0065117,Y,57,7,111152.38,1,4,2,45290.65,50773.61,3.38
M0065118,Y,72,5,407663.48,3,3,5,141343.68,218993.25,5.53
M0065119,N,43,1,5524.1,0,1,0,1095.67,5888.77,1.79
M0065120,N,65,2,51092.2,2,2,1,60889.3,11275.25,2.6
M0065121,N,42,2,16987.32,1,1,0,2172.89,18875.11,2.97
M0065122,N,72,0,2720.02,0,0,0,2136.17,1739.7,1.21
M0065123,N,21,1,13696.6,0,2,0,2289.06,9294.5,0.61
M0065124,N,64,1,16445.82,0,1,0,5299.31,9763.46,0.84
M0065125,N,76,0,37079.23,2,0,0,3853.66,37643.7,0.94
M0065126,N,59,1,7119.25,0,0,0,825.16,5892.42,0.73
M0065127,N,42,1,10268.85,0,0,0,3365.33,5277.36,1.61
M0065128,N,59,0,10661.69,1,0,1,4485.2,7387.96,1.61
M0065129,N,41,2,10538.62,0,0,0,1457.06,9638.51,1.3
M0065130,N,19,0,3561.78,0,0,0,580.44,5446.52,0.06
M0065131,N,76,0,16685.93,0,1,1,9899.63,4289.24,1.31
M0065132,N,80,1,29380.49,0,2,0,2765.29,22115.71,2.61
M0065133,N,64,1,8206.75,2,1,0,4661.64,6437.14,1.47
M0065134,N,54,3,3787.55,1,1,0,918.17,5937.77,1.81
M0065135,N,35,2,11066.22,0,1,0,2117.77,9468.63,2.16
M0065136,N,24,0,1228.04,1,0,0,1407.24,815.1,0.59
M0065137,N,77,2,12884.4,0,2,0,5154.06,7569.66,1.93
M0065138,N,47,2,22219.89,0,2,2,3957.18,14803.09,1.84
M0065139,N,39,2,11608.22,0,1,1,2781.97,6419.67,0.87
M0065140,N,71,0,8911.74,0,2,0,995.06,6293.55,0.5
M0065141,N,36,0,4439.71,0,0,0,1615.36,2174.49,0.0
M0065142,N,71,1,7323.67,0,0,0,2708.07,3977.67,1.13
M0065143,N,39,1,4569.87,0,0,0,669.86,4667.95,0.28
M0065144,N,75,0,7416.36,0,0,0,2879.67,2933.6,1.18
M0065145,N,53,2,4377.73,0,0,0,3223.22,2935.29,0.46
M0065146,Y,47,4,449422.16,2,1,2,81518.18,350909.01,2.25
M0065147,N,73,1,8938.19,0,0,1,1514.55,13718.07,0.37
M0065148,N,48,1,13140.1,0,0,0,7109.19,6156.43,1.51
M0065149,N,54,1,14880.78,0,1,0,2430.75,9475.79,1.62
M0065150,N,41,0,4235.51,0,0,0,1317.88,4302.3,0.68
M0065151,N,61,1,25508.55,0,0,0,7123.07,14712.17,2.01
M0065152,N,68,0,22433.98,0,1,0,5526.3,18115.61,0.0
M0065153,N,69,3,12593.95,0,1,0,9638.85,5802.73,1.35
M0065154,N,19,1,5208.87,0,0,0,2124.29,6791.36,0.0
M0065155,N,50,1,7646.14,0,0,0,1757.44,10048.44,0.25
M0065156,N,33,2,13019.96,0,0,0,5339.61,5606.11,0.63
M0065157,N,25,0,7402.51,0,0,0,3475.71,3776.83,0.85
M0065158,N,44,0,7528.19,0,0,0,2826.51,6183.64,0.62
M0065159,N,60,0,6056.41,0,0,2,3246.93,7028.6,1.3
M0065160,N,20,4,10713.61,0,2,0,4609.72,13639.48,0.59
M0065161,N,48,0,6476.19,0,0,0,717.18,5267.62,0.0
M0065162,N,69,0,6346.47,0,0,0,2513.61,7587.99,0.3
M0065163,N,72,1,27808.43,0,0,2,4705.93,26672.66,0.98
M0065164,N,50,0,6747.23,0,1,0,2266.54,7683.22,1.66
M0065165,N,28,1,16769.87,0,2,0,2067.9,12338.37,1.43
M0065166,N,58,0,4416.6,1,1,0,1910.7,5522.72,0.28
M0065167,N,46,2,5034.95,0,1,0,3411.82,3179.57,1.33
M0065168,N,35,1,12078.11,0,0,0,2132.84,10531.01,1.91
M0065169,N,49,1,10979.13,0,1,0,1047.71,7621.62,0.82
M0065170,N,32,3,6440.03,0,0,0,3357.27,3642.52,1.21
M0065171,N,52,2,7057.83,0,1,0,6024.38,4001.79,0.36
M0065172,N,79,2,29862.37,0,2,0,15514.52,11783.0,1.61
M0065173,N,56,0,7282.63,0,0,1,1666.44,9449.08,1.38
M0065174,N,23,0,14632.55,0,1,0,5905.66,5644.64,0.74
M0065175,N,23,1,28002.99,0,1,0,16533.31,30747.9,1.39
M0065176,N,79,0,9892.93,1,0,0,3106.56,9642.29,0.78
M0065177,N,46,3,30389.96,0,1,0,1493.94,30269.87,1.21
M0065178,N,40,1,7546.83,0,0,0,5311.12,5603.84,1.55
M0065179,N,60,0,5104.52,0,0,0,956.6,4167.5,1.01
M0065180,N,42,1,22810.86,1,2,1,4378.24,25954.75,1.33
M0065181,N,58,1,1876.68,0,0,0,743.96,955.77,0.0
M0065182,N,77,2,11453.27,0,2,0,8299.56,2247.1,1.25
M0065183,N,25,2,10115.09,0,0,0,3566.88,10996.06,0.77
M0065184,N,60,1,5293.64,0,0,0,3120.54,5543.23,1.14
M0065185,N,48,1,14881.6,0,1,0,6434.21,9348.28,2.25
M0065186,Y,36,5,366161.66,4,3,4,87980.21,227144.59,6.95
M0065187,N,54,1,22955.15,0,0,0,3953.33,33128.07,2.27
M0065188,N,36,3,12861.8,0,1,0,3975.17,14525.94,0.63
M0065189,N,70,1,6591.8,1,0,0,1949.86,9128.01,1.54
M0065190,N,53,0,4645.86,0,0,0,2149.12,2212.8,1.06
M0065191,N,54,3,16651.07,1,0,0,8567.56,9591.19,2.41
M0065192,N,66,1,4777.81,0,1,0,2919.01,4453.97,0.46
M0065193,N,56,1,5790.83,0,0,0,1969.91,5395.2,1.68
M0065194,N,45,3,17005.2,0,2,0,3124.34,12363.43,1.28
M0065195,N,35,3,20573.74,0,0,0,2108.72,16856.42,2.52
M0065196,N,50,1,8469.22,0,2,0,2164.27,8858.86,2.1
M0065197,N,67,0,10685.75,0,1,0,1769.71,16971.45,2.87
M0065198,N,39,0,3404.1,0,0,2,274.02,3641.14,0.32
M0065199,N,51,1,16436.61,0,0,0,7555.43,6455.83,1.3
M0065200,N,77,1,4664.46,0,1,1,2298.57,3580.89,0.1
M0065201,N,80,2,15835.93,0,0,1,2124.93,13116.21,1.89
M0065202,N,41,0,9304.22,0,0,0,7797.07,7554.41,0.96
M0065203,N,57,3,14763.25,0,0,0,1918.67,13484.0,1.01
M0065204,N,19,0,9015.27,0,1,0,2672.42,5569.3,1.66
M0065205,N,64,0,8555.47,0,1,1,3039.08,5922.83,0.0
M0065206,N,19,1,15518.93,0,1,0,3996.53,10876.69,0.57
M0065207,N,55,0,7045.1,0,0,0,1829.85,5604.94,0.0
M0065208,N,52,1,11758.25,0,1,0,4366.17,9228.99,1.21
M0065209,N,80,1,5521.56,0,1,0,1659.98,5109.89,0.36
M0065210,N,75,0,9641.7,0,0,0,1533.18,6746.19,1.98
M0065211,N,73,1,16988.28,1,2,0,4367.26,12119.68,1.53
M0065212,N,41,1,17288.41,1,0,0,6117.35,15321.88,1.28
M0065213,N,44,0,6815.64,1,0,0,2351.17,4374.3,0.57
M0065214,N,46,0,2383.73,0,1,0,1018.69,1716.09,0.23
M0065215,Y,58,3,197258.37,1,2,2,59220.54,111201.25,4.83
M0065216,N,24,0,9274.58,0,0,0,767.45,8508.27,0.1
M0065217,N,29,1,21536.36,0,0,0,8238.75,11976.84,1.12
M0065218,N,64,2,35628.88,0,0,0,7469.11,27272.25,1.0
M0065219,N,39,2,3395.09,0,0,0,1644.24,3525.49,0.83
M0065220,N,54,0,4431.85,0,0,0,1817.54,4145.67,0.04
M0065221,N,18,0,3031.52,0,1,0,1304.32,2169.63,1.15
M0065222,N,54,0,18558.2,0,1,0,4903.2,13282.17,2.0
M0065223,N,22,0,10471.45,1,2,0,2910.1,10132.42,0.78
M0065224,Y,72,2,141085.31,2,2,1,48311.28,92869.35,3.27
M0065225,N,76,0,10407.84,0,1,0,4246.94,4508.71,1.05
M0065226,N,47,0,6453.72,0,0,1,3699.41,6879.68,0.89
M0065227,N,60,2,8913.73,0,1,0,5016.34,9376.3,1.78
M0065228,N,56,0,14035.57,0,2,1,4307.76,18420.8,1.79
M0065229,N,53,0,11658.28,0,1,0,4262.98,4995.7,1.33
M0065230,N,52,0,106044.82,1,1,0,1435.01,96174.64,2.73
M0065231,N,79,3,21604.85,1,1,0,2646.7,17114.07,2.53
M0065232,N,37,0,2756.36,0,0,3,619.35,3573.24,1.06
M0065233,N,67,1,18985.52,0,1,0,5908.78,9585.29,1.33
M0065234,N,41,3,9905.23,0,1,0,4458.1,6124.23,0.34
M0065235,N,52,2,27381.56,1,0,0,6895.1,17243.21,2.07
M0065236,N,40,2,3242.31,2,0,0,876.87,1808.55,0.44
M0065237,N,44,1,20977.9,0,1,0,6611.06,11773.85,0.83
M0065238,N,18,0,6582.48,0,1,1,2946.69,8677.06,0.1
M0065239,N,42,0,31365.89,0,0,0,13948.68,11916.5,1.48
M0065240,N,43,1,12643.05,0,1,0,4805.78,13732.9,1.6
M0065241,N,32,0,8921.75,0,0,1,2546.42,4679.57,1.97
M0065242,Y,76,7,196422.72,1,4,3,100170.68,138970.02,2.56
M0065243,N,29,2,16237.1,0,1,0,9063.22,11466.05,2.35
M0065244,N,67,1,7366.8,0,0,0,2083.23,7358.21,0.08
M0065245,N,18,1,12343.31,1,0,0,4129.05,15996.97,0.75
M0065246,N,67,1,19700.87,0,0,0,5741.51,14275.6,0.56
M0065247,N,48,2,8573.15,0,0,1,5943.99,5394.47,0.66
M0065248,N,65,2,19832.07,0,0,0,2693.97,14692.86,0.06
M0065249,N,25,0,15146.5,2,0,0,3960.29,8007.0,0.78
M0065250,N,51,2,12615.92,1,0,0,2597.96,16607.64,1.01
M0065251,N,73,0,13490.72,0,1,0,2275.64,9800.01,1.69
M0065252,N,52,3,37106.7,0,0,0,21980.87,8502.79,2.81
M0065253,N,26,1,6053.8,1,2,0,3389.78,5650.52,0.72
M0065254,N,27,2,17341.88,0,0,0,3404.09,10886.38,0.47
M0065255,N,25,0,9709.24,0,1,0,1162.36,6572.44,0.51
M0065256,N,33,1,19443.86,0,0,0,5934.81,9318.14,0.0
M0065257,N,60,1,22273.44,0,0,0,2100.77,17669.3,0.89
M0065258,N,47,1,10511.73,1,0,0,1516.54,8372.3,1.17
M0065259,N,77,2,10060.11,0,0,1,8188.69,3399.08,0.37
M0065260,N,71,0,4792.48,1,1,0,1623.01,3831.99,0.62
M0065261,N,79,1,2049.89,0,0,1,1055.62,2174.59,1.5
M0065262,N,67,0,10618.19,0,1,0,2057.66,7008.08,0.41
M0065263,N,65,0,12553.37,0,1,0,9404.92,9914.81,1.54
M0065264,N,55,0,2968.08,0,0,0,1956.82,3114.32,0.62
M0065265,N,38,1,39150.3,1,2,1,12706.84,21877.43,2.44
M0065266,N,23,0,11529.32,0,0,0,1619.03,9742.84,1.05
M0065267,N,26,3,2798.23,0,0,1,614.17,3415.23,1.8
M0065268,N,18,3,4545.22,0,0,0,1275.91,2898.3,1.31
M0065269,N,18,2,8756.23,0,0,0,2941.34,4906.07,1.0
M0065270,N,56,1,4650.77,0,0,0,3711.49,3931.84,1.4
M0065271,N,18,1,43204.98,0,1,0,1985.48,49157.48,0.29
M0065272,N,48,0,16736.59,0,0,0,2313.2,15569.38,1.77
M0065273,N,61,0,6196.02,0,1,0,2575.01,3124.24,0.03
M0065274,N,49,1,2773.82,0,1,0,1487.45,3172.69,0.86
M0065275,N,28,0,26247.92,0,1,0,8669.34,14407.31,1.63
M0065276,N,75,2,7360.9,0,0,0,1052.4,6988.45,0.0
M0065277,N,50,1,33097.84,0,1,0,14711.73,22186.19,1.68
M0065278,N,21,1,18802.53,0,2,0,2701.15,16741.69,1.57
M0065279,N,73,0,12998.1,0,0,0,7904.27,10018.75,1.27
M0065280,N,22,0,15115.1,0,0,1,3409.39,13764.31,0.84
M0065281,N,34,0,22127.32,2,0,0,13688.85,6461.44,1.27
M0065282,N,62,1,14644.56,0,1,0,4194.54,8815.89,0.0
M0065283,N,24,2,33830.02,0,1,0,5250.51,22592.0,1.86
M0065284,N,26,0,2860.96,0,1,0,2288.21,1993.63,0.0
M0065285,N,51,1,5951.46,0,0,1,1172.43,4231.23,1.01
M0065286,N,58,1,8316.63,0,1,0,3165.79,3612.83,0.17
M0065287,N,21,2,6436.81,1,0,0,2010.04,3446.02,1.21
M0065288,N,37,2,7980.39,1,0,0,4865.05,7009.11,1.48
M0065289,N,35,2,46233.19,1,1,0,6836.2,30294.33,1.67
M0065290,N,76,0,21152.16,1,0,0,9815.56,7286.43,1.62
M0065291,N,44,2,21975.67,0,2,1,5643.07,15489.9,0.79
M0065292,N,58,1,6460.69,0,0,0,2439.21,4982.04,0.7
M0065293,N,18,1,25777.48,0,0,1,3510.56,34260.07,0.0
M0065294,N,43,0,20917.14,0,0,0,6051.47,14661.48,1.67
M0065295,N,26,1,15615.7,0,1,1,2986.28,15664.31,1.02
M0065296,N,29,1,10748.84,0,0,0,1671.02,14583.36,0.84
M0065297,N,44,3,8835.02,2,2,1,8030.46,5846.2,2.03
M0065298,N,78,1,8346.05,0,1,2,2545.51,5792.87,1.15
M0065299,N,29,1,13281.93,1,1,0,3806.47,7495.0,0.17
M0065300,N,71,2,13304.08,0,2,0,2180.55,9182.6,1.48
M0065301,N,22,1,8286.39,0,0,0,592.39,9967.7,0.58
M0065302,N,19,0,4965.09,0,1,0,1090.47,5915.01,0.46
M0065303,N,31,1,11176.65,0,2,1,2561.69,7544.08,0.73
M0065304,N,40,0,12250.34,1,0,0,3698.26,11000.56,1.52
M0065305,N,31,2,5563.63,0,0,0,1745.71,4749.39,2.27
M0065306,N,33,0,24780.6,0,0,0,9876.75,23798.32,1.08
M0065307,N,18,0,9205.09,0,0,0,2189.33,9687.79,0.54
M0065308,N,37,1,8510.33,0,1,0,6801.25,4116.33,0.45
M0065309,N,38,1,21869.58,0,0,0,15725.71,14949.52,3.42
M0065310,N,50,2,10833.86,0,0,1,1782.91,7686.68,1.09
M0065311,N,36,0,3283.69,0,1,0,707.18,2633.48,0.8
M0065312,N,61,0,6088.02,0,1,0,1910.87,3668.21,0.0
M0065313,N,62,4,6744.07,0,0,1,2095.36,4109.89,1.72
M0065314,N,69,0,25170.28,0,0,0,2837.65,17435.13,1.3
M0065315,N,60,3,4838.82,0,1,0,2732.65,5159.66,0.0
M0065316,N,41,1,10043.92,0,0,1,2030.77,11183.54,2.47
M0065317,N,24,3,29935.7,0,1,1,13114.55,16205.33,1.29
M0065318,N,47,1,5484.53,0,0,0,878.61,4136.79,0.33
M0065319,N,47,2,29099.48,0,0,0,1075.16,23808.54,1.14
M0065320,N,67,0,18768.79,0,1,0,2994.01,11902.36,1.42
M0065321,N,25,1,8491.97,1,0,0,2930.54,5074.51,0.88
M0065322,Y,83,2,325891.03,3,7,3,105467.63,322167.44,6.72
M0065323,N,53,3,13570.26,1,0,1,6397.95,6036.24,2.45
M0065324,Y,53,5,196107.45,4,2,1,72915.01,121474.81,4.77
M0065325,N,28,0,6357.86,0,1,2,1719.86,5397.04,0.54
M0065326,N,62,1,9320.89,0,0,0,1641.2,7453.22,1.12
M0065327,N,55,1,12902.16,0,0,0,850.12,9267.53,0.79
M0065328,N,39,0,18906.02,0,0,0,5056.54,11068.16,2.35
M0065329,N,77,1,8093.14,0,0,0,795.64,9513.62,0.0
M0065330,N,31,1,11461.62,0,0,0,3917.83,9379.99,0.83
M0065331,N,80,1,14851.6,0,1,0,8402.37,5706.6,0.51
M0065332,N,43,0,8682.92,1,0,0,3364.34,11474.16,1.4
M0065333,N,43,1,11554.13,1,2,0,3290.98,8413.73,2.46
M0065334,Y,58,4,389230.56,2,4,2,141895.96,209591.9,3.7
M0065335,N,36,0,9049.2,0,0,2,1325.06,10111.81,1.02
M0065336,N,36,1,5321.54,0,0,0,1260.4,3505.49,1.67
M0065337,Y,80,3,344261.36,1,8,1,158369.99,159754.61,3.27
M0065338,Y,85,5,183814.9,2,5,7,99500.14,119464.07,6.13
M0065339,N,30,0,6628.7,0,0,1,3585.77,7180.79,0.0
M0065340,N,63,1,10520.51,0,1,0,2302.34,6807.7,1.93
M0065341,N,36,1,4016.63,0,0,1,2087.38,4129.89,0.0
M0065342,N,69,1,11889.5,0,0,0,5823.23,9977.62,0.26
M0065343,N,38,3,26507.55,0,2,2,3816.68,23693.74,2.79
M0065344,N,32,1,13019.7,0,1,0,12169.49,9555.04,0.46
M0065345,N,25,1,3980.72,0,0,0,865.52,4011.84,0.41
M0065346,N,60,0,3960.51,0,0,1,488.04,5160.91,0.0
M0065347,N,41,3,43686.16,0,1,0,16349.29,27050.12,1.59
M0065348,N,68,3,23355.59,0,1,0,11793.5,20343.24,1.85
M0065349,N,23,2,16124.86,0,1,0,8514.56,4578.56,1.18
M0065350,N,71,0,12454.24,0,2,0,3635.21,6546.92,1.57
M0065351,Y,80,6,221763.55,1,1,1,97929.68,112025.85,4.21
M0065352,N,31,1,15313.79,1,1,2,5309.35,16909.64,2.41
M0065353,N,22,0,9098.16,0,0,0,3516.52,8788.24,1.94
M0065354,N,75,1,4307.88,0,2,0,1081.73,4668.32,0.0
M0065355,N,67,1,26083.15,0,1,0,9130.4,15621.61,1.13
M0065356,N,33,1,50714.12,1,1,0,4600.01,42844.89,1.93
M0065357,N,52,2,12248.54,0,2,0,4644.05,8180.64,0.64
M0065358,N,30,1,16648.25,0,0,2,4839.97,14627.86,0.1
M0065359,N,23,0,25586.05,0,0,0,4775.95,18307.36,0.01
M0065360,N,58,0,16304.92,1,2,0,749.1,12870.31,0.19
M0065361,N,56,0,2527.28,0,0,0,1365.49,3167.19,0.25
M0065362,N,66,1,17601.52,0,0,1,4329.97,17979.28,2.09
M0065363,N,60,2,6181.26,0,0,0,922.13,3974.21,0.0
M0065364,N,67,3,14076.79,0,3,1,5160.2,6119.95,3.11
M0065365,N,27,0,5086.46,1,0,1,1872.36,5701.86,0.0
M0065366,N,79,1,11532.2,0,1,0,2845.93,9412.01,0.0
M0065367,N,24,1,11702.34,0,0,0,2764.26,10249.19,0.0
M0065368,N,35,1,7546.9,0,0,0,2696.62,3530.42,0.0
M0065369,N,27,2,23190.91,0,1,0,3258.66,16027.7,1.33
M0065370,N,77,2,15273.52,0,2,0,2681.0,12649.97,0.46
M0065371,N,21,0,23807.65,1,0,0,5253.21,17170.22,2.62
M0065372,N,79,3,22243.49,0,0,0,5514.9,17603.68,1.19
M0065373,N,67,0,7524.66,1,1,0,1027.63,5091.39,0.41
M0065374,N,25,2,19042.14,0,1,0,3141.23,15746.42,2.43
M0065375,N,19,2,11131.0,0,1,0,1560.72,10274.24,1.09
M0065376,N,22,0,8159.02,0,0,1,2873.48,10524.55,0.94
M0065377,N,47,1,5479.85,0,1,0,1200.6,4712.18,0.94
M0065378,N,33,2,27955.11,0,0,0,12726.34,10853.38,0.0
M0065379,N,68,0,5655.4,0,0,1,1228.62,6808.69,0.13
M0065380,N,76,1,9127.7,0,1,0,936.07,6243.49,1.68
M0065381,N,30,0,15472.85,0,0,2,3355.39,15412.93,1.61
M0065382,N,51,0,20461.23,0,2,0,3321.24,12804.42,0.9
M0065383,N,19,1,18666.74,0,0,0,1094.51,16108.69,0.0
M0065384,N,78,0,5239.97,0,0,0,2067.62,4846.48,0.91
M0065385,N,20,2,21404.22,0,0,0,1617.95,17886.53,1.11
M0065386,N,29,0,23339.83,0,0,0,5024.68,14628.76,0.6
M0065387,N,75,1,20358.11,0,1,0,3128.9,20475.42,0.87
M0065388,N,22,1,9406.19,0,0,0,1922.05,8635.76,2.34
M0065389,N,32,0,3822.19,1,0,1,1823.09,2565.77,0.51
M0065390,N,75,0,16836.75,0,0,0,7614.87,10791.46,0.0
M0065391,N,56,1,6262.33,0,1,0,1064.57,5487.64,0.99
M0065392,N,78,0,9774.27,0,1,1,4102.44,6737.56,1.07
M0065393,Y,47,4,277904.82,4,3,3,112398.67,157670.78,4.49
M0065394,N,46,0,8528.59,0,1,2,1509.69,9398.28,1.35
M0065395,N,71,2,8007.92,0,1,0,578.91,6043.39,2.0
M0065396,N,37,0,5615.96,0,1,0,1920.89,3093.62,1.32
M0065397,N,33,2,8381.83,0,0,0,4495.78,9816.72,2.29
M0065398,N,57,2,6753.33,0,2,0,4335.16,5938.92,1.88
M0065399,N,30,0,7278.13,1,0,0,2830.9,5973.1,1.73
M0065400,N,45,1,36896.69,0,1,0,15596.52,18499.71,1.99
M0065401,N,68,0,4173.45,0,0,0,1790.26,1974.71,0.73
M0065402,N,76,1,2278.23,0,0,0,802.64,3292.33,0.84
M0065403,N,58,3,9675.79,2,2,2,3120.44,11841.77,4.31
M0065404,Y,54,7,193913.91,3,3,2,122846.82,145507.31,6.23
M0065405,N,25,2,20397.58,2,1,2,7182.38,13016.33,2.34
M0065406,N,24,1,10227.64,1,1,1,3619.71,7752.68,1.94
M0065407,N,36,1,24860.53,0,0,0,24243.17,9537.81,1.42
M0065408,N,27,0,21832.53,1,1,1,5720.66,12147.02,0.38
M0065409,N,64,2,8569.15,0,1,0,1247.74,8998.47,1.85
M0065410,N,71,0,8330.51,0,1,0,451.33,10315.18,1.38
M0065411,N,80,0,4194.58,0,0,0,599.99,4851.4,0.67
M0065412,N,53,2,20302.46,1,2,0,8075.08,14595.73,2.75
M0065413,N,27,1,7359.88,2,0,0,753.67,7856.35,0.0
M0065414,N,47,1,26825.64,1,2,0,6663.13,38686.64,1.08
M0065415,N,19,1,12621.51,0,0,0,1697.38,14423.66,1.21
M0065416,N,48,0,7616.48,0,0,0,2562.7,9276.9,1.65
M0065417,Y,86,4,285156.44,3,4,5,154414.73,209148.38,6.18
M0065418,N,29,0,15718.82,0,1,2,1083.61,11373.37,0.07
M0065419,N,51,3,17774.86,1,0,0,14512.99,13824.76,1.65
M0065420,N,22,3,24680.68,0,0,0,8168.63,19368.65,1.25
M0065421,N,25,0,8216.19,1,1,0,1575.24,6110.79,0.4
M0065422,N,49,0,8493.14,0,0,1,4104.35,4461.89,0.0
M0065423,N,25,1,20634.66,0,0,1,2291.9,17904.79,1.22
M0065424,N,31,0,41503.51,0,1,0,27604.94,16715.86,0.0
M0065425,N,75,1,14138.51,1,1,0,3538.5,7848.37,0.61
M0065426,N,76,1,5734.2,0,0,0,1838.05,3402.76,0.03
M0065427,N,41,0,4219.61,0,0,0,4315.36,3292.73,0.56
M0065428,N,60,5,28597.58,0,0,0,1751.07,29575.58,2.47
M0065429,N,44,2,14387.51,0,2,0,7064.53,12366.38,1.39
M0065430,N,74,2,6429.47,0,0,0,4725.07,5568.44,1.78
M0065431,N,34,0,17341.83,0,2,0,3908.46,12384.15,0.17
M0065432,N,54,1,4130.9,0,0,0,2221.26,3404.64,1.44
M0065433,N,25,1,15616.79,1,0,0,2784.91,11328.02,1.22
M0065434,N,79,2,9617.58,0,2,1,1548.99,6683.75,0.19
M0065435,N,49,0,13354.83,0,0,0,4985.25,14602.95,0.0
M0065436,N,65,2,6149.26,0,0,0,1974.47,4698.39,0.63
M0065437,N,43,2,7571.52,0,1,0,1590.7,7730.57,0.78
M0065438,N,21,1,5177.51,0,0,0,5110.31,2552.05,0.9
M0065439,N,57,0,11840.18,0,1,0,3380.23,6117.18,1.06
M0065440,N,53,2,11514.63,0,0,1,6597.1,5080.25,0.0
M0065441,N,49,1,13397.0,0,0,0,4504.39,10467.9,1.73
M0065442,N,71,3,36657.89,1,2,0,6262.54,24366.26,2.17
M0065443,N,76,2,23521.3,0,1,0,15483.3,10886.92,0.04
M0065444,N,38,0,4249.45,0,0,0,1654.34,2334.14,1.14
M0065445,N,31,1,2634.78,0,0,0,1753.05,2326.64,0.42
M0065446,N,40,2,28314.6,0,1,2,2435.39,21441.1,1.36
M0065447,N,23,2,27764.02,0,1,0,14191.79,11107.01,2.98
M0065448,N,38,1,4195.03,1,0,1,1897.14,2270.21,1.55
M0065449,N,74,2,14283.03,0,0,0,7999.02,6029.4,3.8
M0065450,N,76,0,4585.91,0,2,0,1338.68,2612.38,0.14
M0065451,N,66,1,20998.63,0,3,0,2988.63,16722.39,3.32
M0065452,N,68,0,8986.31,0,2,0,9900.62,6233.73,1.66
M0065453,N,30,0,18944.76,2,1,0,3647.15,26510.14,1.03
M0065454,N,70,2,41139.9,0,2,0,4095.65,32231.97,2.19
M0065455,N,35,0,20127.68,0,1,0,2632.25,18648.38,1.54
M0065456,N,42,1,23105.5,0,1,0,3673.94,15105.84,0.19
M0065457,N,77,0,3264.82,0,0,0,852.02,2870.85,0.0
M0065458,N,73,1,6548.88,0,1,0,1427.3,6284.81,1.32
M0065459,N,22,0,6450.26,0,0,1,2575.42,5106.85,0.63
M0065460,N,53,0,4711.75,0,0,1,1632.7,2897.63,0.9
M0065461,N,79,0,17232.2,2,1,1,5915.32,22007.91,2.36
M0065462,N,61,0,2992.25,0,0,0,1831.83,1059.18,0.0
M0065463,N,69,1,9480.27,1,0,0,2647.37,10072.66,0.76
M0065464,N,80,0,6459.62,1,0,0,2943.71,7698.39,1.27
M0065465,N,18,1,13917.68,1,0,0,2096.44,9218.82,1.71
M0065466,N,20,0,5065.31,0,0,0,3325.06,4099.78,0.31
M0065467,N,66,0,12617.94,1,1,1,1998.68,14014.45,1.61
M0065468,N,22,1,16571.01,0,0,0,1996.72,12559.15,1.45
M0065469,N,42,0,5619.63,0,0,1,661.97,3920.65,1.22
M0065470,N,41,0,11731.4,0,0,0,1167.94,8183.13,0.0
M0065471,N,58,2,9779.37,0,0,2,4953.09,12503.96,0.8
M0065472,N,60,0,7900.32,0,0,0,3389.83,6258.67,1.24
M0065473,N,73,0,7497.41,0,0,0,1533.89,7771.38,1.26
M0065474,N,49,1,13373.92,2,2,1,4996.75,6013.35,0.27
M0065475,N,28,1,6394.5,0,2,0,1027.66,4280.55,1.06
M0065476,N,65,0,7118.1,0,0,0,3021.71,5580.73,0.8
M0065477,N,26,1,10316.38,0,2,0,2314.41,5956.45,2.72
M0065478,N,45,0,7139.16,0,0,0,1076.46,4825.32,0.98
M0065479,N,56,1,16938.58,1,0,1,5517.71,9270.87,1.15
M0065480,N,54,1,10223.6,1,1,1,2718.24,13069.89,1.76
M0065481,N,28,0,13905.29,0,0,0,3237.27,11291.6,0.65
M0065482,N,54,0,13742.0,0,0,0,2029.87,10111.78,1.8
M0065483,N,22,2,22116.09,0,0,1,3937.77,21420.38,2.34
M0065484,N,36,2,41516.83,0,1,1,10271.61,22197.01,2.81
M0065485,N,40,1,7059.09,1,1,0,1810.02,9081.83,1.4
M0065486,N,76,0,31855.6,0,1,1,3576.51,22164.85,1.33
M0065487,Y,40,2,114371.73,3,3,1,55115.85,80903.91,3.15
M0065488,N,32,1,5950.42,0,0,0,2213.46,7167.39,1.66
M0065489,N,35,0,6707.5,0,0,0,1821.9,4710.94,0.22
M0065490,N,51,1,18679.65,0,0,0,4212.07,11136.35,0.75
M0065491,N,36,0,11080.65,0,1,0,2504.68,9068.22,1.5
M0065492,N,56,2,30510.88,1,1,0,4156.19,21065.9,1.94
M0065493,N,69,1,10959.35,0,0,0,972.04,8045.13,0.0
M0065494,N,75,2,5098.06,1,0,0,969.41,3779.07,0.35
M0065495,N,56,1,27155.22,0,0,0,13198.6,23837.98,2.22
M0065496,N,42,0,2648.66,0,0,0,1069.22,2466.46,1.57
M0065497,N,62,1,25472.41,1,2,0,4089.09,16548.17,1.08
M0065498,N,69,1,10083.46,0,2,0,3291.09,9109.24,0.48
M0065499,N,25,0,9139.93,0,0,1,332.2,7026.0,0.09
M0065500,N,25,0,6075.51,0,0,0,1201.14,4919.57,0.93
M0065501,N,27,0,4433.27,1,2,0,2208.99,5229.37,0.98
M0065502,N,80,1,5983.76,0,0,0,2984.54,5072.78,1.26
M0065503,N,76,1,19648.91,0,1,0,6961.27,10284.74,1.64
M0065504,N,79,1,15776.76,0,2,0,7662.38,4973.34,0.82
M0065505,N,80,2,7267.97,1,1,0,4118.46,5696.32,3.11
M0065506,N,21,1,3413.84,0,1,1,1668.84,2555.55,0.0
M0065507,N,69,1,14570.25,0,0,0,6376.04,15825.19,1.78
M0065508,N,64,0,10138.92,0,1,0,1456.45,13548.83,0.0
M0065509,N,46,1,9625.03,0,0,0,4491.25,8401.34,1.84
M0065510,N,27,0,4763.56,0,0,0,2128.28,4182.74,1.01
M0065511,N,67,1,3378.76,0,0,0,1934.42,2577.89,1.34
M0065512,N,64,1,6671.35,0,0,1,3273.29,2455.32,0.01
M0065513,N,66,1,11954.67,1,1,0,4399.99,11563.06,1.68
M0065514,Y,69,4,424276.48,4,7,2,63081.11,347973.51,6.16
M0065515,N,56,2,14494.05,0,1,0,2856.33,11929.83,2.11
M0065516,N,62,0,7008.76,0,0,0,1768.35,3868.5,0.9
M0065517,N,47,1,3252.05,0,0,0,475.87,4653.61,0.38
M0065518,N,51,1,4518.3,1,0,0,1339.62,6837.68,2.01
M0065519,N,21,2,21195.09,0,1,2,16699.63,1833.0,2.22
M0065520,N,31,2,8088.82,1,0,0,1273.2,8232.59,2.03
M0065521,N,37,1,12579.58,0,0,0,3498.93,17602.31,0.0
M0065522,N,42,0,12654.29,0,1,1,2102.03,7922.05,0.66
M0065523,N,41,0,2978.74,0,0,0,747.72,4533.14,1.27
M0065524,N,75,2,4115.56,0,2,1,3099.12,3810.85,1.21
M0065525,N,25,0,9296.97,1,0,2,1401.33,12265.82,0.39
M0065526,N,74,0,5385.9,2,0,0,4971.81,3856.83,0.84
M0065527,N,61,0,18038.51,1,0,1,2510.34,13016.32,1.01
M0065528,N,55,0,9981.02,1,0,0,3535.58,6350.39,0.66
M0065529,N,47,1,6642.66,0,1,0,2415.86,4857.52,0.93
M0065530,N,69,0,16249.73,0,0,0,7784.45,8201.64,0.23
M0065531,N,61,0,2661.62,0,0,0,2489.12,1727.36,0.74
M0065532,N,36,1,4182.77,0,2,0,1156.29,3029.91,0.5
M0065533,N,24,1,11341.18,0,1,0,1854.66,7340.8,1.09
M0065534,N,21,1,14848.21,0,1,0,11999.58,8951.39,1.65
M0065535,N,36,3,11052.36,0,2,1,5744.92,12620.92,1.41
M0065536,N,68,2,28962.73,0,0,0,8727.69,15776.64,1.66
M0065537,N,66,0,4753.24,0,0,0,1421.41,4966.76,2.04
M0065538,N,43,0,7252.1,0,1,1,3398.01,6621.26,2.1
M0065539,N,68,0,15441.99,0,0,0,1412.39,18131.05,1.13
M0065540,N,20,1,8932.64,0,2,1,2612.76,8540.54,2.2
M0065541,N,43,1,17388.18,0,1,0,10989.35,14776.37,1.93
M0065542,N,35,0,40483.76,1,0,1,10387.1,22393.09,2.38
M0065543,N,34,1,18939.95,0,1,0,1689.96,21458.69,3.22
M0065544,N,73,0,22330.96,0,1,0,1769.2,33835.31,2.06
M0065545,N,22,0,12234.72,0,2,1,2848.46,11936.99,0.61
M0065546,N,63,1,3585.28,1,0,0,1154.17,2817.2,0.9
M0065547,N,80,0,4046.28,0,0,0,387.93,5713.24,0.0
M0065548,Y,51,5,504094.25,2,5,2,167965.77,313619.03,7.98
M0065549,N,36,1,19714.21,1,2,0,4358.84,11928.88,1.64
M0065550,N,33,1,4235.96,1,1,1,4031.08,2948.43,0.85
M0065551,N,45,0,3688.17,1,0,0,1130.12,4725.37,0.04
M0065552,N,79,1,2541.06,0,0,0,1196.1,2932.81,1.82
M0065553,N,79,0,11162.43,0,2,1,2863.03,7185.97,0.0
M0065554,N,80,1,5502.43,1,0,0,632.65,4479.97,0.44
M0065555,N,48,1,15138.69,1,0,0,4578.07,7738.79,0.9
M0065556,N,73,2,9081.4,0,1,0,2122.72,9558.92,1.33
M0065557,N,67,0,3925.96,0,0,0,1815.86,2695.54,0.59
M0065558,N,61,0,21850.43,0,1,0,4368.5,12902.91,1.44
M0065559,N,49,1,11284.35,0,0,1,2330.6,6494.54,1.37
M0065560,N,61,0,5538.06,0,0,0,1617.22,3831.32,0.11
M0065561,N,61,0,9563.23,0,0,0,1542.66,9167.58,1.26
M0065562,N,34,2,6732.72,0,1,0,7109.62,4973.34,1.28
M0065563,N,75,1,9037.12,0,1,0,1938.45,12628.38,1.52
M0065564,N,20,0,9307.11,1,3,0,2503.71,7067.36,0.59
M0065565,N,52,0,7669.57,1,0,0,2300.98,6394.11,0.1
M0065566,N,20,0,5764.71,1,0,0,2510.78,2067.27,1.66
M0065567,N,31,1,8657.36,0,1,0,4172.4,3313.56,1.0
M0065568,N,37,2,50902.17,0,0,0,12660.49,28128.39,1.8
M0065569,N,33,0,3518.91,0,0,0,1579.79,2882.3,0.0
M0065570,N,80,1,6146.65,0,0,0,668.32,4256.92,0.4
M0065571,N,67,0,5870.07,0,0,0,2453.86,5982.11,0.46
M0065572,N,56,3,8852.69,0,2,1,6821.96,7637.2,2.86
M0065573,N,59,1,15739.21,1,2,0,5050.63,13958.92,2.29
M0065574,N,60,2,6003.83,0,1,0,2240.69,5030.33,1.32
M0065575,N,72,2,8243.3,0,0,0,2202.4,8544.89,1.02
M0065576,N,34,2,12224.33,0,1,0,1911.09,9339.86,0.0
M0065577,N,66,1,20786.55,0,2,0,9723.94,17870.48,1.24
M0065578,N,72,1,18148.83,0,1,1,7534.89,17844.6,1.43
M0065579,N,43,2,15110.15,0,2,2,6413.41,17464.51,2.87
M0065580,N,71,1,9423.08,1,0,0,5330.47,2637.44,0.42
M0065581,N,50,1,20288.46,0,1,0,7628.11,8477.79,0.0
M0065582,N,19,1,4509.92,0,1,0,1441.61,5158.9,1.47
M0065583,N,27,3,12673.68,1,1,0,2558.72,7948.38,1.84
M0065584,N,80,2,2433.91,0,0,0,1334.07,1647.24,0.0
M0065585,N,44,1,17223.08,1,1,1,3232.65,15376.1,0.0
M0065586,N,25,0,17226.67,0,0,0,3441.76,11101.75,1.2
M0065587,N,42,2,18251.03,0,2,0,7102.32,12518.23,0.0
M0065588,N,80,0,12493.33,0,1,0,5320.04,6651.75,0.16
M0065589,N,58,1,18881.55,0,1,0,14090.81,5660.95,1.46
M0065590,N,80,0,4481.23,0,0,0,1282.97,2495.54,0.93
M0065591,N,42,1,1459.82,0,1,0,847.17,1748.83,0.93
M0065592,N,64,2,48998.81,0,1,0,15670.55,38979.58,2.1
M0065593,N,63,1,14541.15,1,0,1,5699.21,7755.03,1.05
M0065594,N,42,4,8486.88,0,2,1,6159.9,6319.08,1.06
M0065595,N,69,1,7896.69,0,1,1,1161.69,5109.64,1.2
M0065596,N,32,1,35926.75,0,2,0,5212.78,44994.97,2.01
M0065597,N,68,1,14797.29,0,0,0,3560.24,9649.9,0.62
M0065598,N,63,0,35702.47,0,1,0,3794.37,29867.1,1.4
M0065599,N,77,3,14834.03,0,0,3,8749.61,14323.36,1.18
M0065600,N,54,0,11964.95,0,0,0,1374.22,16344.5,0.76
M0065601,N,46,1,3778.92,0,0,0,874.63,2963.65,1.3
M0065602,N,31,0,3141.3,0,1,0,1221.51,2042.3,0.97
M0065603,N,78,1,30886.69,0,0,0,1029.72,26502.32,0.89
M0065604,N,54,1,3959.39,0,0,0,1658.43,5225.81,1.14
M0065605,N,29,1,13564.79,0,1,1,6768.92,7380.17,0.96
M0065606,Y,81,8,328782.71,3,5,2,191616.28,169589.12,6.75
M0065607,N,33,1,12766.95,0,0,0,2005.9,10656.82,0.92
M0065608,N,71,0,30359.27,0,0,1,11683.02,16316.04,0.52
M0065609,N,27,1,8867.11,0,1,0,2122.88,10389.76,1.06
M0065610,N,39,2,9401.05,0,1,2,1553.74,6878.85,1.04
M0065611,N,32,0,2277.45,0,0,0,648.11,2226.78,0.48
M0065612,N,22,1,31634.61,0,1,0,2461.5,30556.23,2.3
M0065613,N,50,0,7368.39,0,0,0,860.5,6352.88,1.92
M0065614,N,20,0,3105.0,0,0,1,1053.38,3866.8,0.46
M0065615,N,62,0,6802.37,0,0,1,1834.85,7188.99,0.39
M0065616,N,32,0,9264.04,0,0,0,535.37,7222.58,1.55
M0065617,N,20,3,10283.98,0,1,2,3732.69,6974.74,1.86
M0065618,N,30,0,6795.68,0,1,0,1184.21,5837.74,0.6
M0065619,N,33,1,14875.32,0,0,0,2286.03,11071.46,2.22
M0065620,N,38,0,5137.55,0,0,0,2224.68,2548.09,0.87
M0065621,N,39,0,12446.01,0,0,0,3646.69,6812.95,0.81
M0065622,N,21,1,10237.54,0,0,0,1782.67,11362.25,1.04
M0065623,N,31,0,3961.55,0,1,0,1281.86,4454.23,0.92
M0065624,N,23,0,7300.38,0,1,0,900.18,5246.52,0.46
M0065625,N,49,3,18503.8,0,0,1,3984.78,20335.21,1.71
M0065626,N,61,2,7146.24,0,0,2,5388.16,4621.01,1.04
M0065627,N,18,2,9667.97,1,1,0,3962.98,12580.67,0.0
M0065628,N,59,1,7642.75,0,0,0,2775.03,7707.49,2.18
M0065629,N,75,0,8264.01,0,0,1,5453.09,6059.01,0.94
M0065630,N,41,1,6289.33,0,0,1,3945.41,3068.29,1.8
M0065631,N,21,1,13118.95,1,0,0,1266.34,9734.91,1.43
M0065632,N,31,2,12265.48,0,1,0,6666.36,4139.94,0.45
M0065633,N,54,2,20508.17,0,1,0,7349.01,9461.96,1.23
M0065634,N,70,0,9231.66,1,1,0,3471.11,7154.61,1.54
M0065635,N,75,0,31531.17,0,2,0,3348.72,25662.41,0.0
M0065636,N,34,3,12674.75,1,1,0,1803.28,11072.42,1.17
M0065637,N,44,1,5648.54,0,1,2,1088.16,9165.16,0.75
M0065638,N,43,2,12726.0,0,2,0,2612.1,8656.92,1.1
M0065639,N,38,3,11918.14,0,2,0,1408.05,17501.41,2.38
M0065640,N,66,2,11113.77,0,1,0,2026.62,6884.39,1.48
M0065641,N,34,2,8429.97,0,3,0,3491.88,8068.54,2.52
M0065642,N,27,0,29301.49,0,1,0,10573.91,13301.4,2.46
M0065643,N,71,2,18537.71,0,0,1,1188.02,13913.01,1.03
M0065644,N,40,1,7379.16,0,0,1,2235.71,4127.47,0.97
M0065645,N,38,0,11152.75,1,1,1,2341.1,6897.85,2.3
M0065646,N,43,0,33623.99,1,2,0,8505.05,28019.65,1.19
M0065647,N,24,1,5555.92,0,0,0,2589.11,4384.27,0.34
M0065648,N,25,1,6155.3,0,0,1,3935.36,4912.18,0.22
M0065649,N,40,0,9794.24,0,1,1,966.31,9524.56,0.57
M0065650,N,27,2,45592.26,1,1,1,21127.26,28931.16,2.5
M0065651,N,43,0,13616.54,0,2,0,4836.23,8789.89,1.38
M0065652,N,71,0,10709.99,0,1,0,820.74,9042.36,0.81
M0065653,N,35,0,2902.7,0,2,2,2101.9,1850.73,1.09
M0065654,N,18,0,4982.2,0,0,0,1130.01,5973.64,0.72
M0065655,N,26,2,14819.57,0,0,0,18274.88,7503.67,0.53
M0065656,N,79,0,12754.4,1,1,0,2224.16,8467.83,3.25
M0065657,N,79,4,14698.5,0,0,0,1082.51,10473.53,1.96
M0065658,N,60,1,13826.42,0,1,0,666.69,11659.57,0.66
M0065659,Y,37,3,200517.87,1,2,3,108323.23,78082.31,4.66
M0065660,N,61,0,6222.1,0,0,0,1689.77,6715.86,0.24
M0065661,N,29,0,4973.38,1,0,0,968.72,3120.84,0.89
M0065662,N,80,0,16959.8,0,0,0,4687.12,9474.83,1.58
M0065663,N,57,1,5875.7,0,1,0,2582.52,5149.55,0.76
M0065664,N,24,0,3043.18,0,1,0,172.88,3138.25,0.0
M0065665,N,66,0,2911.22,0,2,0,1627.59,1699.27,0.15
M0065666,N,73,3,24693.28,1,0,0,11247.01,23638.21,3.23
M0065667,N,22,0,2240.79,0,0,0,1720.31,2027.12,0.01
M0065668,N,34,0,3651.08,0,1,0,2193.55,2816.86,0.93
M0065669,N,36,4,14929.26,0,0,0,7504.29,13766.6,1.91
M0065670,N,68,0,19761.31,0,0,0,3673.84,14791.67,1.8
M0065671,N,40,1,18370.32,0,0,0,9034.98,7169.78,1.06
M0065672,N,43,3,7676.0,0,0,0,1912.23,8753.45,1.46
M0065673,N,18,0,8710.83,0,2,0,5189.39,2857.21,0.19
M0065674,N,69,2,36341.4,1,2,0,6238.04,31980.13,3.04
M0065675,N,74,0,11566.18,0,1,0,2978.26,8590.4,1.14
M0065676,N,72,1,8500.23,0,1,0,1544.53,8613.24,1.87
M0065677,N,18,0,26697.95,0,0,0,12923.36,13517.83,1.73
M0065678,N,31,1,23777.56,0,2,0,5110.28,18631.55,3.76
M0065679,N,51,1,5970.91,0,1,1,1416.45,8689.69,0.0
M0065680,N,75,1,11784.38,0,1,2,4736.57,5294.45,0.65
M0065681,N,54,2,12430.15,1,2,2,6407.91,9298.42,1.84
M0065682,Y,67,6,274300.4,2,1,1,116725.06,150673.82,4.47
M0065683,N,56,1,25703.13,0,1,2,13769.67,16679.6,1.62
M0065684,N,52,0,11805.28,0,0,0,1485.85,9734.84,1.71
M0065685,N,68,1,3303.38,0,0,0,2682.68,3231.53,0.13
M0065686,N,61,2,8054.78,1,2,0,1504.49,7800.08,0.82
M0065687,N,38,1,2308.43,0,1,1,645.3,3116.92,0.0
M0065688,N,59,2,25481.72,0,1,1,7399.54,28485.44,1.79
M0065689,N,23,1,4338.71,0,0,0,1334.82,4595.3,0.68
M0065690,N,60,0,6876.7,0,1,0,1247.96,5927.73,0.0
M0065691,N,46,1,19694.24,0,0,1,6389.15,22709.72,0.9
M0065692,N,64,0,18779.17,0,0,0,5728.53,12786.72,0.16
M0065693,N,48,1,8777.21,1,0,0,4224.43,3270.11,0.78
M0065694,N,73,1,3852.22,1,0,0,1137.25,4808.65,0.0
M0065695,Y,68,4,299488.94,3,5,2,138677.66,135240.06,5.8
M0065696,N,67,0,8963.68,0,0,0,3249.6,4956.62,1.81
M0065697,N,77,0,13763.95,0,2,0,1266.98,12838.64,0.74
M0065698,N,76,1,18463.09,0,2,1,12388.2,8404.32,3.21
M0065699,N,53,0,4708.8,0,0,0,2626.37,5299.59,0.44
M0065700,N,46,1,3389.75,0,1,0,650.09,4438.7,0.97
M0065701,Y,71,3,176295.97,4,4,1,85939.18,67094.67,2.98
M0065702,N,50,1,5273.34,0,1,0,4783.15,2935.09,0.74
M0065703,N,69,0,8839.85,0,0,0,6673.77,6785.36,0.37
M0065704,N,42,0,6452.96,0,1,0,4460.39,3036.44,1.54
M0065705,N,43,0,13639.92,0,0,0,3613.05,8036.08,1.73
M0065706,N,54,2,5353.4,0,1,0,3376.72,4678.86,0.66
M0065707,N,25,2,2955.2,0,1,0,1306.2,1946.02,0.0
M0065708,Y,43,5,197954.62,3,1,2,84956.9,93449.71,2.0
M0065709,N,25,1,13869.15,0,0,1,7691.24,5185.94,0.0
M0065710,N,24,1,8822.39,0,0,0,4369.51,2958.65,1.1
M0065711,N,55,2,4016.43,0,0,0,3428.78,2337.23,0.0
M0065712,N,29,1,33741.18,0,1,1,7083.72,20474.8,1.18
M0065713,N,52,0,17698.7,0,0,0,3725.11,10883.76,1.55
M0065714,N,22,3,15751.44,0,0,0,2290.87,15401.86,1.88
M0065715,N,24,3,9001.34,0,1,0,2475.29,5573.08,0.0
M0065716,N,76,0,5051.5,0,2,0,1076.09,5260.62,1.41
M0065717,N,66,1,13549.34,0,1,0,4018.02,11477.69,1.91
M0065718,N,30,1,13400.19,0,0,0,3427.12,7399.57,0.53
M0065719,N,59,1,6206.0,1,1,0,5205.61,3558.48,1.63
M0065720,Y,70,3,235979.27,1,3,3,68875.18,172094.06,2.12
M0065721,N,27,1,6082.33,0,1,0,4457.17,2656.27,1.36
M0065722,N,20,0,9559.19,0,0,0,1644.61,6255.2,1.96
M0065723,N,74,0,9204.12,0,0,0,1791.09,8322.9,0.0
M0065724,N,55,0,16171.66,0,1,0,1046.55,21650.83,0.0
M0065725,N,39,0,10358.73,0,1,0,448.63,9694.68,0.74
M0065726,N,25,3,20224.2,0,0,0,3875.34,22335.96,1.34
M0065727,Y,74,5,128146.66,1,2,1,62784.27,60993.72,2.56
M0065728,N,50,1,3267.91,0,0,0,207.83,2356.3,0.36
M0065729,N,54,2,20304.8,0,0,0,2367.16,14029.74,0.51
M0065730,N,72,3,6053.88,0,1,0,349.71,7303.17,0.0
M0065731,N,24,0,4647.74,0,3,1,1839.45,2264.6,0.0
M0065732,N,62,1,8137.8,1,1,0,4191.46,7500.05,1.15
M0065733,N,34,1,8112.56,0,0,0,3485.78,6267.54,0.49
M0065734,N,35,2,10859.94,0,1,0,2720.44,8656.13,1.03
M0065735,N,27,1,19376.39,1,0,0,2645.14,12585.8,2.62
M0065736,N,34,0,19053.23,0,0,1,14865.17,6758.59,1.94
M0065737,N,31,0,25087.33,0,0,0,3772.93,17034.18,1.35
M0065738,N,58,2,17729.59,0,0,0,1894.22,16995.99,0.79
M0065739,N,38,1,22824.33,1,2,1,4011.62,24139.12,0.92
M0065740,N,32,1,2910.6,0,0,0,577.78,1976.3,0.78
M0065741,N,33,2,7642.45,0,1,0,1968.22,4973.8,1.16
M0065742,N,45,0,35192.26,0,3,1,2066.3,25646.73,2.2
M0065743,N,31,1,8101.2,1,1,0,5365.99,4155.14,1.76
M0065744,N,48,0,18064.26,0,1,1,5361.27,12035.75,1.54
M0065745,N,44,3,11112.83,0,0,2,3135.39,16284.25,2.6
M0065746,N,41,2,5996.96,0,0,0,1180.0,6213.3,1.73
M0065747,Y,51,7,125751.31,1,1,1,25876.16,83959.05,2.0
M0065748,N,37,2,16063.47,1,1,1,16539.88,7169.83,0.39
M0065749,N,50,2,15620.19,0,1,0,5473.29,10139.26,0.81
M0065750,N,27,1,13113.0,0,0,0,5908.64,5314.27,0.18
M0065751,N,77,2,9363.62,0,0,0,1874.87,11235.07,2.75
M0065752,N,40,1,12622.29,1,0,1,9059.1,9731.94,2.06
M0065753,N,65,1,6914.99,1,0,0,1673.88,8162.82,2.06
M0065754,N,21,1,79322.98,1,2,0,6659.48,56917.52,1.94
M0065755,N,31,3,13322.56,0,1,1,3661.87,9206.9,0.52
M0065756,N,55,0,3525.75,0,0,0,1209.44,2221.37,2.89
M0065757,N,67,1,57775.26,0,0,0,4088.75,61791.25,1.87
M0065758,N,64,0,14607.15,1,3,1,6395.97,10664.75,1.61
M0065759,N,64,1,11163.87,0,0,2,1744.52,8833.75,0.0
M0065760,N,50,1,27280.35,0,3,0,11544.19,18343.71,1.33
M0065761,N,50,0,7752.43,0,3,2,2138.67,4837.34,0.98
