member_id,synthetic_high_cost_member_flag,member_age,chronic_condition_count,prior_year_paid_claims,inpatient_admissions,er_visits,specialty_rx_count,rx_paid_claims,medical_paid_claims,comorbidity_score
M0070615,N,50,0,8515.51,0,0,0,2355.4,9278.87,0.91
M0070616,N,20,3,14111.24,0,1,0,8587.95,6801.09,1.24
M0070617,N,51,1,13920.85,0,0,0,1574.74,11444.27,0.24
M0070618,N,58,0,11719.18,0,0,2,4904.52,7725.35,1.34
M0070619,N,74,2,7696.62,0,0,1,3549.0,8523.38,0.0
M0070620,N,69,0,24877.59,0,0,1,13800.87,5753.42,0.85
M0070621,N,38,1,15900.27,0,0,0,2990.48,11108.15,1.1
M0070622,N,71,0,21704.94,1,1,2,1507.98,19898.06,1.16
M0070623,N,55,0,1890.01,1,0,1,647.82,1279.64,1.71
M0070624,N,77,1,11647.14,1,0,0,1968.07,12309.02,1.16
M0070625,N,52,1,14982.93,1,0,0,2362.01,14569.91,1.52
M0070626,N,24,2,16039.81,0,0,0,5751.66,9158.54,2.53
M0070627,N,53,1,8496.64,0,0,0,3657.35,9806.41,1.29
M0070628,N,70,0,1899.89,0,1,0,1676.96,1746.43,0.0
M0070629,Y,75,5,154509.47,2,5,1,45983.04,90099.45,4.45
M0070630,N,47,1,13779.0,0,2,0,3483.1,21284.91,2.03
M0070631,N,53,1,13441.18,0,0,0,5458.56,16911.09,0.67
M0070632,N,50,3,3698.97,1,0,1,885.36,4775.69,0.6
M0070633,N,41,0,5627.18,0,0,0,1278.52,7173.16,0.79
M0070634,Y,59,3,148475.92,1,4,1,75079.89,70974.23,3.32
M0070635,N,27,0,8235.75,0,0,0,878.19,6270.37,0.71
M0070636,N,75,1,2839.99,0,1,0,1475.08,3536.88,0.81
M0070637,N,64,2,13868.54,0,0,1,8639.26,10810.78,1.11
M0070638,N,21,0,21064.19,0,0,0,4552.49,13096.98,1.98
M0070639,N,52,2,20069.1,0,1,0,12773.24,10794.04,1.22
M0070640,N,56,3,10800.28,1,1,1,2634.39,6190.54,2.02
M0070641,N,35,1,4118.14,0,0,0,1091.2,3866.2,0.34
M0070642,N,42,0,11448.17,0,0,0,2541.76,12104.28,0.37
M0070643,N,76,0,11887.59,1,2,0,2852.43,10054.02,1.12
M0070644,Y,36,5,145833.32,1,6,2,53483.81,129006.12,3.95
M0070645,N,33,0,5479.6,0,0,1,522.05,5769.94,0.54
M0070646,N,43,0,4341.15,0,0,0,1731.26,2315.37,1.85
M0070647,N,28,1,15706.84,1,0,0,2109.91,12851.09,2.13
M0070648,N,18,2,6733.67,0,1,0,1236.84,8715.57,1.18
M0070649,N,20,1,9457.57,0,0,0,2475.82,5088.78,0.0
M0070650,N,31,2,9454.05,0,1,3,2892.12,11710.9,1.9
M0070651,N,67,2,11472.87,1,2,0,1473.02,10014.03,0.19
M0070652,N,77,0,8516.94,0,1,0,5150.49,7943.88,0.0
M0070653,N,33,1,8898.82,0,0,1,1685.36,10724.03,1.08
M0070654,N,80,0,20528.13,0,1,0,3655.98,14976.47,1.29
M0070655,N,70,1,31800.73,2,2,1,3579.89,28532.15,3.24
M0070656,N,47,1,23451.08,1,2,0,11661.63,9644.11,1.44
M0070657,N,76,0,8055.59,0,0,0,1832.65,5343.92,0.27
M0070658,N,61,2,14361.37,1,1,0,9032.89,13535.99,0.58
M0070659,N,62,1,20535.68,1,0,2,5198.44,11175.12,0.69
M0070660,Y,73,5,161334.55,3,2,1,41329.89,154625.83,2.66
M0070661,N,58,0,17132.74,0,1,1,1856.26,11877.89,0.0
M0070662,N,26,1,9953.15,0,0,0,3164.33,7179.34,0.87
M0070663,N,40,0,9870.75,0,0,0,3372.71,4809.12,0.53
M0070664,N,44,2,39196.76,0,1,1,10721.99,22975.28,1.38
M0070665,N,67,0,7259.75,0,2,0,4806.61,2110.33,1.08
M0070666,N,18,0,11969.07,1,0,1,5346.16,9492.5,2.08
M0070667,N,47,0,26555.05,0,0,0,4458.22,19113.55,1.49
M0070668,N,29,0,6435.01,1,0,2,1052.19,4674.91,0.28
M0070669,N,50,1,4144.94,0,0,1,4343.85,3090.2,0.68
M0070670,N,55,1,5668.72,0,1,0,3282.3,6274.72,1.18
M0070671,N,79,0,6698.19,0,1,0,5366.96,3366.73,0.91
M0070672,N,51,0,11996.31,0,0,0,1570.85,12344.92,2.15
M0070673,N,37,1,6523.25,0,1,1,3419.12,6129.56,1.63
M0070674,N,65,3,12471.5,0,1,0,3487.61,15997.89,1.53
M0070675,N,32,0,12831.57,0,2,0,5703.75,14089.07,1.26
M0070676,N,78,0,16960.38,0,1,0,2392.79,13842.23,0.84
M0070677,N,80,0,14217.45,0,1,0,4367.62,9435.61,2.02
M0070678,N,60,0,16638.28,0,0,0,6280.12,7063.57,0.24
M0070679,N,44,2,16796.52,2,0,1,6008.57,15471.89,3.07
M0070680,N,66,2,15112.12,1,2,1,2536.81,9950.37,0.71
M0070681,N,68,0,26137.54,0,2,1,4402.09,27789.58,1.47
M0070682,N,79,1,3715.18,1,0,0,795.41,2116.08,1.32
M0070683,N,43,0,15924.02,0,0,0,2332.4,14782.97,0.0
M0070684,N,71,2,13123.02,0,1,0,4435.75,7973.1,2.99
M0070685,N,80,0,8932.25,0,0,0,1491.34,7456.86,1.2
M0070686,N,46,3,21292.36,0,2,0,10267.1,25210.33,1.78
M0070687,N,70,0,8412.34,0,0,0,1277.2,9754.06,0.22
M0070688,N,66,2,41178.45,1,2,0,7436.94,42423.72,1.82
M0070689,N,79,1,6569.03,0,1,1,1285.75,4469.13,0.0
M0070690,N,22,0,1684.65,0,0,1,664.41,1898.48,0.82
M0070691,N,65,2,20759.52,0,1,0,7271.03,11853.77,3.21
M0070692,N,26,0,18642.73,1,0,0,5166.62,11106.87,1.82
M0070693,N,58,0,22269.58,0,0,0,14772.78,11975.21,1.45
M0070694,N,24,2,10261.27,1,0,1,1389.21,16733.29,1.97
M0070695,N,77,3,14972.66,0,2,1,15411.67,10290.42,2.85
M0070696,N,23,3,26540.61,1,0,0,7775.01,32377.39,2.05
M0070697,N,74,1,17864.72,1,1,1,7802.2,16036.48,3.87
M0070698,N,26,0,7385.99,0,0,0,1836.56,4301.84,0.36
M0070699,N,48,2,7809.95,0,2,0,2536.01,10021.15,1.78
M0070700,Y,70,5,277134.21,1,2,4,72702.91,186861.79,4.1
M0070701,Y,75,5,348670.46,6,3,4,223060.88,174778.43,5.73
M0070702,N,76,0,6593.6,0,0,0,857.17,5444.13,0.73
M0070703,N,57,1,5549.62,0,0,0,514.59,5218.42,1.36
M0070704,N,26,0,6261.11,0,2,0,2297.08,7043.7,0.7
M0070705,N,44,0,5094.31,0,0,0,1189.09,5394.49,0.97
M0070706,N,30,0,14950.75,0,1,2,1161.54,13399.58,0.64
M0070707,N,25,0,4802.52,1,1,0,4120.17,2884.58,0.0
M0070708,N,20,2,15212.91,1,0,0,5908.9,18060.62,1.24
M0070709,N,23,2,26967.53,0,0,1,3594.34,24142.06,1.69
M0070710,N,39,2,3386.79,0,1,1,710.43,2758.42,0.22
M0070711,N,65,1,9803.32,0,0,0,3058.95,10614.14,1.09
M0070712,N,72,0,10596.92,0,0,0,3395.79,5490.68,1.31
M0070713,N,26,1,4236.56,0,1,0,2204.22,3510.76,0.03
M0070714,N,78,1,7022.42,1,1,0,4145.11,2948.97,0.64
M0070715,N,73,1,26660.09,0,1,0,4625.95,20707.55,1.71
M0070716,N,30,0,3202.62,2,1,0,1162.83,1493.07,0.0
M0070717,N,21,0,6455.56,1,0,0,3614.08,4782.48,1.36
M0070718,N,53,1,41013.1,0,1,0,814.83,33743.75,2.63
M0070719,N,31,0,11141.9,0,0,0,848.85,8218.8,0.83
M0070720,Y,56,5,177508.72,3,2,1,54510.62,146294.14,4.07
M0070721,N,61,3,12599.04,1,2,2,2707.56,10277.74,2.71
M0070722,N,54,0,6199.28,0,1,0,3972.93,5989.72,0.0
M0070723,N,63,1,5707.9,0,0,0,1526.02,6416.46,1.4
M0070724,N,50,0,1889.25,0,0,0,509.27,2840.42,0.94
M0070725,N,61,0,7175.09,0,1,0,764.52,6679.33,1.13
M0070726,N,35,0,17490.05,2,1,1,1770.57,12893.21,1.48
M0070727,Y,60,5,114288.7,3,1,4,75353.91,79896.29,5.55
M0070728,N,25,3,7767.83,0,1,1,1005.85,6756.34,0.26
M0070729,N,44,2,7010.43,0,2,0,1424.03,5606.7,0.56
M0070730,N,23,2,15259.62,1,2,0,2231.03,10154.33,1.23
M0070731,N,62,1,20463.52,0,2,0,8848.92,15945.74,1.31
M0070732,N,51,2,9506.7,0,0,1,2135.96,12590.19,0.41
M0070733,N,62,1,21841.06,0,1,0,9485.94,12579.01,0.95
M0070734,N,68,1,11393.84,0,1,0,5416.77,11898.78,1.33
M0070735,N,22,2,9851.19,0,0,1,2404.03,7088.78,0.72
M0070736,N,65,1,7739.54,0,1,0,1411.74,11927.09,0.0
M0070737,N,77,0,11473.81,0,0,0,3155.64,11358.04,3.1
M0070738,N,63,1,16939.67,0,2,1,7215.46,6831.56,2.23
M0070739,N,34,0,6774.01,0,0,1,1076.0,6568.17,0.46
M0070740,N,25,1,9630.31,0,0,0,4035.69,5299.96,0.34
M0070741,N,36,0,10577.11,0,2,1,3919.42,6370.34,1.11
M0070742,N,23,0,4732.63,0,0,1,897.12,3804.75,0.64
M0070743,N,51,3,2746.17,0,0,0,2908.73,2032.77,2.07
M0070744,N,52,3,21761.08,0,3,0,9989.27,7471.78,1.23
M0070745,N,68,0,9018.81,0,0,0,1929.19,10276.84,1.87
M0070746,N,25,2,7318.22,0,2,1,1903.86,5669.81,0.0
M0070747,N,45,1,17896.79,0,1,0,7677.74,13007.36,2.04
M0070748,N,36,0,25171.68,0,2,0,15253.08,14694.76,1.54
M0070749,N,80,3,15922.38,0,1,0,1400.96,11419.55,1.51
M0070750,Y,64,5,191371.33,1,4,3,61112.47,144782.28,2.4
M0070751,N,31,0,11028.55,0,1,1,2331.08,8406.78,0.15
M0070752,N,26,1,9480.46,0,1,0,3707.86,6227.92,1.44
M0070753,N,58,0,15624.01,0,0,0,5131.81,8104.61,1.77
M0070754,N,50,0,4340.59,0,0,0,1133.11,3457.95,0.5
M0070755,Y,43,5,540267.03,3,5,5,181304.19,282718.26,4.85
M0070756,N,44,0,11608.97,1,0,0,7478.72,5688.34,0.56
M0070757,N,69,0,7384.61,1,1,0,1238.82,6563.6,0.2
M0070758,N,56,0,5887.21,0,0,0,2380.54,3061.41,0.58
M0070759,N,28,0,12193.38,0,2,1,10308.44,8937.11,0.92
M0070760,N,38,0,11598.74,0,1,0,2495.75,12622.94,0.96
M0070761,Y,67,7,363537.98,4,3,1,130491.66,183726.69,4.49
M0070762,N,65,1,5646.97,0,1,0,1677.08,4907.73,0.59
M0070763,N,78,0,4777.53,1,0,0,3423.13,3938.87,0.19
M0070764,N,80,1,14434.09,0,0,0,6269.57,6583.14,2.66
M0070765,N,32,1,7831.66,2,1,0,6081.15,6605.63,2.3
M0070766,N,68,0,7785.56,0,0,1,669.2,8688.8,1.93
M0070767,N,35,0,7733.63,0,0,0,2528.78,6524.19,1.06
M0070768,N,44,2,30370.92,0,1,0,6492.27,23450.0,2.89
M0070769,N,73,2,15606.92,0,0,0,3911.41,12323.6,0.06
M0070770,N,34,0,8180.86,0,0,1,3107.05,7136.6,0.7
M0070771,N,38,3,43885.5,1,1,0,13991.78,21322.03,2.57
M0070772,N,77,0,12689.55,0,0,0,4344.95,7682.22,1.01
M0070773,N,41,1,22452.82,0,1,0,3663.99,13897.81,1.66
M0070774,N,63,1,8458.45,0,0,0,578.49,7207.98,0.25
M0070775,N,49,2,11277.94,0,1,0,3419.03,6573.26,2.04
M0070776,N,71,0,15640.1,0,2,0,3665.18,13777.27,2.18
M0070777,N,78,2,24392.82,0,1,2,5308.2,16973.14,3.57
M0070778,N,72,3,32044.14,0,0,0,4592.29,22803.93,1.31
M0070779,N,34,0,21989.13,0,0,1,1661.61,24877.86,1.42
M0070780,N,18,1,8903.14,0,0,2,8406.24,6683.07,0.08
M0070781,N,48,0,10594.28,0,1,1,2425.31,11749.98,0.46
M0070782,N,66,2,17848.24,1,1,1,3757.9,22798.43,2.6
M0070783,N,21,2,15002.79,0,0,0,1123.08,11453.57,1.13
M0070784,N,80,0,6817.64,0,0,0,2562.02,7996.4,0.73
M0070785,N,28,0,7015.57,0,2,1,2450.68,4723.46,1.16
M0070786,N,70,0,7852.49,0,0,1,564.1,6555.45,0.0
M0070787,N,39,2,12874.23,0,0,0,4748.13,9420.18,2.38
M0070788,N,41,1,2713.45,1,0,1,1779.33,2407.53,0.0
M0070789,N,41,2,7754.99,0,0,1,1580.72,11558.42,1.13
M0070790,N,45,3,14221.05,2,1,0,9447.79,7739.53,0.74
M0070791,N,32,2,15868.79,0,0,0,3102.11,16585.63,2.22
M0070792,N,68,2,5826.5,1,0,1,2797.05,5620.93,0.54
M0070793,N,20,0,21497.52,1,0,0,6927.23,10465.36,0.0
M0070794,N,59,2,10322.5,0,0,0,6283.83,8717.59,0.35
M0070795,N,61,1,28066.57,0,2,0,5307.89,25154.37,1.08
M0070796,N,76,0,12826.28,1,0,2,2828.36,15781.45,1.58
M0070797,N,35,0,8274.52,0,0,1,6225.08,7351.96,0.0
M0070798,N,62,2,27177.45,0,2,0,8535.74,21216.41,1.13
M0070799,N,29,0,12787.59,0,0,1,3556.48,19082.7,2.18
M0070800,N,33,3,20621.3,0,1,0,1453.64,26298.7,1.16
M0070801,N,71,1,5794.22,0,0,0,2305.66,6647.57,1.4
M0070802,N,37,1,15520.69,0,2,0,2986.05,10240.67,0.0
M0070803,N,48,1,9301.28,0,0,0,4455.07,8462.85,0.28
M0070804,N,20,0,6751.76,0,1,0,835.25,7724.84,1.47
M0070805,N,59,0,21190.72,0,0,0,1185.22,18242.61,2.66
M0070806,N,63,0,5163.06,0,1,0,3350.55,3389.7,0.88
M0070807,N,77,0,55118.69,0,0,0,17274.52,33478.38,0.96
M0070808,N,73,0,16054.54,0,0,0,5680.14,9558.07,0.35
M0070809,N,48,1,32355.07,0,0,0,1307.84,40122.01,0.32
M0070810,N,28,0,8600.21,1,1,0,990.54,9538.0,0.41
M0070811,N,77,0,15514.91,2,0,1,1996.21,12551.63,0.68
M0070812,N,57,1,9664.21,0,0,1,1210.65,6866.07,0.32
M0070813,N,46,1,14345.74,0,0,0,844.24,21547.38,2.01
M0070814,N,48,3,21425.16,0,3,0,2939.68,14965.8,0.97
M0070815,N,59,0,11899.85,0,2,0,4015.14,15971.7,1.91
M0070816,N,59,1,10152.46,0,0,0,1636.34,12886.7,0.0
M0070817,N,39,0,11241.81,0,1,0,738.09,9717.1,0.0
M0070818,N,22,1,11454.46,1,0,0,4050.77,5019.03,0.58
M0070819,N,54,1,7151.93,0,0,0,3542.7,4197.07,0.65
M0070820,N,35,0,9123.47,0,0,0,1351.18,6198.42,0.48
M0070821,N,44,0,8833.87,0,0,0,4445.24,5304.74,0.0
M0070822,N,43,3,12328.45,0,1,0,1349.93,9331.61,1.11
M0070823,N,62,0,5944.68,0,0,0,3090.07,7103.04,0.28
M0070824,N,56,0,2043.59,0,0,0,761.52,1634.1,0.24
M0070825,N,66,3,13959.47,3,1,0,1758.64,22435.76,1.53
M0070826,N,44,1,6803.62,0,0,0,3469.06,2360.98,1.89
M0070827,Y,44,4,211301.24,5,6,4,96541.25,146505.25,8.35
M0070828,N,37,0,5219.65,0,0,0,1259.1,8158.95,0.0
M0070829,N,38,1,17039.86,0,1,0,2040.16,17155.95,1.91
M0070830,N,31,1,7572.99,0,1,1,998.05,6430.39,0.49
M0070831,N,37,1,8335.07,0,2,0,1161.32,5976.16,0.0
M0070832,N,18,0,8809.58,0,0,0,735.46,6896.07,1.52
M0070833,N,33,1,6860.8,0,0,0,6652.09,3409.76,1.75
M0070834,N,37,3,14701.98,0,0,0,2530.77,17843.74,1.6
M0070835,N,64,1,2413.64,0,0,0,695.76,3300.27,1.04
M0070836,N,56,0,8625.67,1,2,0,2692.91,5787.87,0.86
M0070837,N,60,1,3273.08,0,0,0,1504.28,1889.2,0.82
M0070838,N,22,0,3802.32,0,1,0,2048.34,2872.23,1.49
M0070839,N,36,1,11169.21,0,1,0,10173.08,8906.75,0.33
M0070840,N,45,0,45636.76,0,0,0,13624.16,35071.79,1.82
M0070841,N,22,0,6548.48,0,0,0,2783.55,8008.1,0.99
M0070842,N,73,3,5688.81,0,1,0,530.25,5425.88,0.06
M0070843,Y,85,4,109327.01,2,1,1,34421.17,74480.21,2.11
M0070844,N,72,1,15654.04,0,1,0,2730.88,19672.56,1.6
M0070845,N,69,0,13678.41,0,1,0,3802.1,8269.4,0.01
M0070846,N,71,1,3908.22,0,0,0,1276.79,2179.68,0.17
M0070847,N,76,2,12126.53,0,0,0,2437.74,7606.08,0.0
M0070848,N,30,0,14449.56,0,0,2,4283.39,7057.65,0.72
M0070849,N,64,1,26018.57,1,1,1,4908.28,18023.51,2.09
M0070850,N,61,0,8703.72,0,0,1,4533.02,7991.11,0.0
M0070851,N,27,0,11765.05,0,0,0,2356.0,9457.41,0.65
M0070852,N,52,0,6528.72,0,0,0,6050.47,2530.35,0.71
M0070853,N,66,0,5621.17,0,0,0,3417.48,3077.02,0.65
M0070854,N,37,0,7224.98,1,0,0,391.24,6014.33,0.71
M0070855,N,29,2,18096.58,0,4,1,2545.4,15697.76,1.18
M0070856,N,74,0,4563.54,0,0,2,1215.56,4909.12,0.71
M0070857,N,76,1,7428.61,2,2,0,1405.82,8020.26,1.37
M0070858,N,42,3,34774.88,0,1,0,9908.81,19382.98,2.2
M0070859,N,59,0,5609.15,1,0,0,3042.36,2650.01,1.13
M0070860,N,59,1,3642.95,0,1,1,884.98,4861.7,0.74
M0070861,N,40,2,11441.54,1,2,0,3376.82,8956.16,1.57
M0070862,N,27,1,13826.95,0,0,1,3199.74,16399.44,1.54
M0070863,N,21,1,6259.19,0,0,0,479.84,6339.27,0.41
M0070864,N,22,1,20974.18,0,0,0,4463.18,20234.19,0.69
M0070865,Y,58,7,294644.61,3,1,4,106602.08,163824.54,3.3
M0070866,Y,47,4,134142.17,3,3,5,57356.44,116436.9,5.5
M0070867,N,18,1,8091.51,0,1,0,2917.02,3962.86,0.59
M0070868,N,66,0,7989.88,0,0,0,9953.9,3831.7,1.51
M0070869,N,78,0,2632.19,0,0,1,967.25,2502.52,0.0
M0070870,N,57,0,21537.39,1,0,0,1801.96,17132.68,0.69
M0070871,N,66,0,7209.3,0,0,0,2294.31,7508.39,0.59
M0070872,N,59,2,10080.82,1,1,0,2627.72,6192.51,0.84
M0070873,N,47,0,6403.99,0,0,0,1043.21,9850.5,0.0
M0070874,N,23,2,16842.55,0,0,0,5271.2,9264.23,0.54
M0070875,N,80,3,27418.58,1,1,1,20457.27,16093.62,2.01
M0070876,N,31,1,5512.34,1,0,1,2555.01,4296.1,0.88
M0070877,N,26,2,30368.8,0,1,0,3107.82,27136.17,2.0
M0070878,N,78,2,86961.01,0,2,0,13822.47,54801.13,1.82
M0070879,N,52,2,14626.74,0,0,3,6828.12,10049.78,1.39
M0070880,N,50,1,18923.19,0,0,0,3332.63,12399.89,1.13
M0070881,N,78,0,10080.28,0,2,0,2066.72,7642.88,0.0
M0070882,N,23,1,5022.79,0,1,0,2971.0,3400.32,1.44
M0070883,N,61,0,3215.72,1,0,0,1554.99,1423.71,0.0
M0070884,N,70,3,8533.48,0,1,0,2285.31,11221.07,1.99
M0070885,N,19,2,4964.1,0,0,1,1142.59,5588.31,0.85
M0070886,N,67,1,18606.42,0,2,0,3091.85,22861.28,1.81
M0070887,Y,49,5,157997.15,1,1,2,75350.3,89383.83,3.38
M0070888,N,77,0,3510.66,0,1,0,1144.68,5141.06,1.16
M0070889,N,69,1,13080.41,1,1,0,4209.14,8392.57,0.86
M0070890,N,75,0,32740.88,0,0,0,10457.35,22476.65,1.23
M0070891,N,47,3,24633.5,0,2,0,9905.67,10699.3,1.5
M0070892,N,72,0,2518.6,0,0,0,1611.57,2069.06,0.0
M0070893,N,46,0,9042.45,0,0,0,691.54,10894.39,0.71
M0070894,Y,59,6,272337.36,2,2,1,110513.89,156273.15,3.83
M0070895,N,25,1,12345.33,0,0,1,1204.68,11262.9,0.0
M0070896,N,29,1,6804.55,0,1,0,4239.61,6477.63,0.47
M0070897,N,40,2,16797.82,1,3,1,5483.56,11149.28,2.78
M0070898,N,42,0,12204.34,0,0,0,2321.76,9647.63,0.0
M0070899,N,50,1,10503.77,1,0,1,2772.37,14638.89,1.87
M0070900,N,32,3,11612.79,0,0,0,4210.13,10041.19,1.65
M0070901,N,54,0,5091.69,0,1,0,1955.16,5987.73,0.04
M0070902,Y,77,3,150801.34,3,3,2,81360.56,65539.34,5.53
M0070903,N,55,2,18175.96,1,0,0,11280.67,9981.42,1.47
M0070904,N,68,0,6506.45,0,1,0,2007.19,6346.09,0.38
M0070905,N,70,0,3141.77,0,1,1,901.63,4665.46,1.98
M0070906,N,47,0,13018.13,0,2,0,5552.74,10775.55,1.89
M0070907,N,74,1,6362.84,0,0,1,4534.79,4189.54,0.6
M0070908,Y,49,3,239140.36,2,3,3,47145.16,203151.05,5.74
M0070909,N,59,1,7789.55,0,0,0,2350.72,8868.84,1.16
M0070910,N,34,1,24362.76,1,0,1,8809.29,11034.76,2.12
M0070911,N,26,3,5032.59,0,0,0,354.9,4552.73,1.05
M0070912,N,18,0,8825.76,0,1,0,966.2,6201.25,0.64
M0070913,N,71,1,6543.52,0,1,1,1010.6,5449.02,0.79
M0070914,N,72,0,14717.89,0,0,0,3034.96,18167.19,1.37
M0070915,N,80,3,33278.18,0,1,0,3471.71,22951.82,1.25
M0070916,N,64,0,10824.12,1,0,0,9072.51,3074.27,2.15
M0070917,N,79,1,12128.7,0,0,0,6083.57,8418.9,0.73
M0070918,N,43,1,30842.88,0,0,0,3733.42,25733.67,2.09
M0070919,N,64,2,11847.36,0,0,1,3742.92,14111.03,3.92
M0070920,N,62,0,8881.57,0,0,0,3675.56,5205.23,0.0
M0070921,N,31,2,16860.4,1,1,1,4124.75,17462.79,2.37
M0070922,N,52,1,20680.54,0,1,0,2439.26,23896.91,1.1
M0070923,N,21,0,10132.12,0,0,0,952.7,7843.7,1.39
M0070924,N,72,0,2886.95,0,0,0,944.6,4146.66,0.23
M0070925,Y,75,7,125166.53,3,3,4,41188.92,129217.48,6.7
M0070926,N,19,1,16863.77,1,0,1,4089.93,9849.79,0.88
M0070927,N,18,0,13003.43,0,0,0,1876.64,9179.13,1.6
M0070928,N,53,2,24433.7,0,0,0,3510.55,21848.4,1.35
M0070929,N,55,1,21312.91,0,2,0,3462.89,13706.47,1.22
M0070930,N,40,2,7566.88,0,2,0,2827.72,7879.85,1.58
M0070931,N,29,1,11278.74,0,0,1,2639.05,7763.29,0.99
M0070932,N,49,2,30417.81,1,0,0,11646.56,17744.73,2.7
M0070933,N,33,0,18429.76,0,0,1,3356.43,17054.01,0.18
M0070934,N,50,0,6173.33,0,0,0,1740.06,9148.75,0.3
M0070935,N,49,3,9613.88,0,2,0,946.78,10150.81,0.99
M0070936,N,68,1,10461.67,0,0,0,5083.47,6515.48,2.71
M0070937,N,26,1,18809.17,0,1,0,8233.12,6747.65,2.19
M0070938,N,79,2,11151.71,1,1,0,2030.56,7802.13,0.6
M0070939,N,55,1,16539.53,0,1,1,2730.71,11271.19,1.41
M0070940,N,51,1,14413.6,2,3,2,6388.45,11527.73,1.78
M0070941,N,61,0,3563.98,0,1,0,2179.47,2443.07,0.87
M0070942,N,34,0,20397.08,0,1,0,4798.12,12359.93,1.41
M0070943,N,69,2,23310.38,0,1,0,8852.95,16642.94,2.01
M0070944,N,37,1,11515.66,0,0,0,1164.23,8272.16,0.0
M0070945,N,49,1,10450.45,0,1,1,6198.17,5915.77,1.53
M0070946,N,50,3,20001.14,0,4,0,1676.5,15111.35,1.33
M0070947,N,18,1,6204.77,0,0,0,313.11,8158.27,0.5
M0070948,N,22,0,10178.87,0,2,0,6869.21,11083.7,1.03
M0070949,N,22,0,2171.02,0,0,0,1058.07,1798.73,0.0
M0070950,N,30,0,10676.78,0,1,0,2966.03,7013.08,0.83
M0070951,N,66,1,5872.1,0,1,0,4093.48,6175.5,1.22
M0070952,N,32,0,13067.06,0,0,0,4561.46,15682.64,1.73
M0070953,N,40,2,28161.37,0,2,0,2610.6,25463.53,0.0
M0070954,Y,83,9,220952.8,1,7,1,47320.71,171841.05,3.84
M0070955,N,28,0,9900.33,1,1,0,1955.42,7593.13,0.95
M0070956,N,33,1,5413.96,0,0,0,2717.41,6188.71,1.19
M0070957,N,26,2,7215.94,0,1,0,479.43,10547.4,0.6
M0070958,N,56,0,17268.57,1,0,0,1233.57,14154.5,0.0
M0070959,N,59,0,1640.03,0,0,2,1042.34,1447.69,0.09
M0070960,N,18,1,3095.93,0,1,0,1017.2,2054.82,1.48
M0070961,N,24,0,5820.93,0,2,0,365.92,4982.0,0.03
M0070962,N,61,0,8186.77,0,0,0,4076.17,8171.53,2.59
M0070963,N,23,1,5535.23,1,0,1,3706.26,5307.4,1.23
M0070964,N,55,1,7742.07,0,1,0,2305.23,8811.72,1.07
M0070965,N,76,0,11145.45,0,1,0,8467.39,1269.33,0.07
M0070966,Y,68,5,141605.29,3,5,2,100426.68,94810.22,4.98
M0070967,N,31,0,11832.82,2,0,0,5970.13,7230.68,2.58
M0070968,Y,81,6,452155.95,4,6,4,272837.73,142330.42,5.86
M0070969,N,28,0,6695.12,0,1,0,2885.6,3197.42,0.9
M0070970,N,65,0,10247.72,0,0,0,3032.75,5370.81,0.0
M0070971,N,22,1,3854.96,0,0,0,236.38,5381.14,0.18
M0070972,N,43,0,9283.86,0,2,0,1235.17,6269.59,1.61
M0070973,N,41,1,19581.22,0,0,0,1923.51,14414.61,1.45
M0070974,N,59,1,11995.72,1,2,0,3936.3,16455.02,1.5
M0070975,N,79,1,10502.65,0,1,1,2025.5,8858.45,1.23
M0070976,N,33,1,12717.43,1,0,1,5068.98,5037.08,1.19
M0070977,N,39,0,9287.18,0,2,0,459.97,8763.23,2.02
M0070978,N,30,3,12104.76,0,1,0,1708.54,12614.84,0.28
M0070979,N,23,0,7195.01,1,1,0,3371.39,9088.97,1.62
M0070980,N,20,0,8113.34,1,2,1,2170.52,6048.48,1.98
M0070981,N,74,1,14800.64,0,1,0,7328.42,4839.98,0.12
M0070982,N,52,2,34130.48,1,1,0,22535.69,21587.68,3.04
M0070983,N,42,0,8785.75,1,0,0,810.88,10805.76,2.13
M0070984,N,35,1,9826.2,0,3,0,2681.35,8271.09,1.36
M0070985,N,63,2,16307.06,0,0,1,2859.79,12270.42,0.47
M0070986,N,38,0,19470.6,0,0,0,2672.47,13560.44,1.1
M0070987,N,44,1,5429.91,0,1,0,2326.55,3884.78,0.75
M0070988,N,28,1,7436.21,0,2,1,2577.01,3441.64,0.52
M0070989,N,66,0,21686.32,0,1,0,1851.51,19917.79,0.7
M0070990,N,38,1,19477.32,0,1,0,5037.07,27339.65,0.87
M0070991,N,32,1,19004.32,1,0,1,4921.89,13425.12,2.69
M0070992,N,56,0,11804.22,0,3,0,4628.97,14524.07,1.4
M0070993,N,56,1,6606.91,0,1,0,1371.85,9482.31,0.97
M0070994,N,54,1,46473.09,0,1,0,19967.08,21706.06,0.43
M0070995,N,52,0,13499.46,0,2,0,9776.69,9881.84,0.54
M0070996,N,72,2,19107.05,0,0,0,8918.41,8565.29,0.0
M0070997,Y,82,4,323777.05,3,3,6,57234.31,282895.2,5.32
M0070998,N,29,0,14162.34,0,0,0,3576.21,15245.31,0.74
M0070999,N,80,1,11085.53,1,0,0,2816.36,9930.37,2.62
M0071000,N,49,1,13263.55,0,1,0,3379.92,15773.73,2.24
M0071001,N,39,0,16950.22,0,0,0,4226.24,12797.19,0.94
M0071002,N,51,3,41017.74,2,2,0,6499.79,31291.01,2.48
M0071003,N,59,1,22671.16,0,0,0,13612.11,12458.23,1.28
M0071004,N,54,1,12870.67,0,0,0,2541.76,11867.26,1.15
M0071005,N,36,2,10848.43,0,0,0,1940.77,8535.52,1.96
M0071006,N,39,3,26667.74,0,0,1,3705.6,19985.59,2.08
M0071007,N,75,2,26795.07,1,1,0,3022.91,18856.26,0.49
M0071008,N,51,2,43235.13,0,0,0,5440.0,31883.98,1.62
M0071009,N,60,0,6679.38,0,0,1,1939.05,3353.48,0.29
M0071010,N,40,0,12218.1,0,0,0,5578.82,7832.73,1.64
M0071011,N,30,1,15278.28,0,0,0,5313.38,16691.79,1.27
M0071012,N,77,1,39094.31,1,1,0,7644.49,29410.78,2.43
M0071013,N,50,3,14858.1,0,2,1,7247.71,10102.0,2.23
M0071014,N,71,2,20818.92,1,0,0,7420.5,15037.16,1.99
M0071015,N,29,0,8415.07,0,0,1,2170.48,11511.89,0.62
M0071016,N,77,1,12099.65,0,0,0,8336.12,8915.73,2.32
M0071017,N,44,1,15548.54,0,2,1,5969.65,9811.8,2.58
M0071018,N,70,0,7221.79,0,1,0,526.97,5745.78,2.09
M0071019,N,55,0,10879.13,0,0,1,1919.17,7106.68,0.38
M0071020,N,64,0,11206.89,0,0,0,1760.03,7672.61,0.5
M0071021,N,70,2,19693.66,0,2,0,2227.46,16554.77,1.68
M0071022,N,47,2,13594.01,0,1,0,3534.81,11158.13,1.83
M0071023,N,51,0,17381.0,0,1,0,5984.02,18396.24,0.74
M0071024,N,78,4,5899.61,0,1,0,2615.07,3753.88,0.0
M0071025,N,73,1,10614.17,0,1,0,3914.86,14723.25,2.29
M0071026,N,45,1,9698.75,0,1,0,2997.96,7059.5,1.55
M0071027,N,70,1,6903.02,0,0,0,2498.23,4255.17,0.0
M0071028,N,52,0,4843.57,1,4,0,439.93,4980.38,1.51
M0071029,N,57,1,12117.72,0,1,1,1302.14,14678.86,0.12
M0071030,N,79,0,5640.18,0,0,0,1403.63,6011.9,0.65
M0071031,N,32,1,9513.07,0,0,0,2992.07,6622.3,1.98
M0071032,N,55,2,15687.1,0,1,0,6670.47,9173.1,1.76
M0071033,N,20,1,8509.42,0,1,0,2822.23,9419.28,0.0
M0071034,N,24,1,5766.26,0,0,0,3542.01,6672.33,1.05
M0071035,N,21,1,6695.07,0,0,0,3293.92,2443.38,0.48
M0071036,N,23,0,27015.53,0,0,0,3645.05,20101.51,0.06
M0071037,N,29,2,12493.35,0,0,0,5775.1,4386.82,1.33
M0071038,N,21,3,13102.55,0,0,1,2027.56,10179.81,2.14
M0071039,N,26,0,10257.69,0,0,0,2649.86,5597.85,0.33
M0071040,N,19,0,9211.35,1,2,0,1747.39,6353.6,0.0
M0071041,N,57,1,24206.66,0,1,0,5199.74,13985.67,2.09
M0071042,N,77,0,4279.09,1,0,0,2146.08,2762.74,0.41
M0071043,N,50,2,9088.89,0,1,0,4173.61,4844.38,1.3
M0071044,N,26,3,18266.78,1,2,0,4653.42,20439.42,1.57
M0071045,N,53,0,6143.14,0,0,1,1482.87,7502.12,0.0
M0071046,N,71,2,7823.54,0,0,0,1746.73,7921.31,0.0
M0071047,N,46,1,9529.64,0,2,1,2431.92,7942.77,0.46
M0071048,N,51,0,17775.16,0,0,0,5802.27,10770.45,2.65
M0071049,N,70,0,6271.07,0,0,2,2152.55,5227.12,0.53
M0071050,N,44,1,8190.11,0,1,0,5760.93,6809.63,1.39
M0071051,N,79,0,15126.48,1,1,0,4392.73,12598.02,1.05
M0071052,N,48,2,37159.44,0,1,0,2628.48,45558.12,1.77
M0071053,N,35,0,14240.71,1,0,0,3498.49,17201.38,1.06
M0071054,N,30,1,5428.38,0,0,0,4090.02,2516.94,1.23
M0071055,N,46,1,14626.62,1,2,2,2149.16,13328.66,0.98
M0071056,N,27,0,5318.27,0,0,0,2104.29,3520.39,0.0
M0071057,N,59,1,7137.97,0,1,0,429.35,5418.11,0.0
M0071058,N,55,0,6482.85,0,0,1,1820.1,5722.21,1.34
M0071059,N,48,1,32462.99,0,0,0,2883.02,27626.03,2.22
M0071060,N,51,2,18900.09,0,1,0,5173.18,14928.12,0.3
M0071061,N,34,1,7402.21,0,0,1,756.9,5243.43,1.44
M0071062,N,70,2,13446.17,1,0,1,9975.86,12813.93,1.12
M0071063,N,41,0,4428.43,0,0,0,2046.06,4912.66,2.68
M0071064,N,23,0,7925.23,0,0,0,3156.79,6020.77,0.64
M0071065,N,75,1,15994.74,0,1,0,5116.12,12195.25,2.23
M0071066,N,21,2,7627.65,1,0,0,2537.93,5161.43,0.85
M0071067,N,20,0,2048.53,0,1,0,1527.57,1837.3,1.5
M0071068,N,26,0,4597.22,0,0,0,1933.81,5773.36,2.12
M0071069,N,67,2,18988.21,1,1,0,5087.72,19721.61,1.0
M0071070,N,45,1,22814.83,0,0,0,2160.47,18945.17,1.6
M0071071,N,28,2,18051.64,0,3,2,11646.47,6745.66,2.16
M0071072,N,28,2,10570.92,2,1,1,1084.27,14708.99,1.51
M0071073,N,70,0,12657.42,1,1,2,3338.82,17976.6,0.76
M0071074,N,78,0,11814.39,0,1,0,4250.0,4996.63,1.35
M0071075,N,47,4,18933.5,0,1,1,5166.88,17769.55,2.89
M0071076,N,47,1,3410.37,0,1,0,887.7,2486.3,0.35
M0071077,N,43,1,10956.58,0,1,0,4114.07,5863.67,2.44
M0071078,N,18,0,6155.24,0,1,1,992.87,5276.31,0.0
M0071079,N,46,1,1594.94,0,0,1,712.71,1674.23,0.67
M0071080,N,56,0,3422.26,0,0,0,445.05,4263.07,0.0
M0071081,N,67,0,9089.2,0,0,1,995.24,7354.65,0.0
M0071082,N,21,0,6729.94,0,1,1,1623.1,6793.87,0.0
M0071083,N,53,0,8726.05,0,2,0,4039.96,3158.15,0.2
M0071084,N,63,0,16106.35,0,0,1,4760.16,15794.43,1.09
M0071085,N,73,1,17087.53,1,0,0,4461.56,11524.47,1.82
M0071086,N,24,1,10066.62,0,0,0,3427.55,5867.93,0.07
M0071087,N,27,0,10507.07,0,0,0,4580.71,7776.22,2.31
M0071088,N,39,1,6289.35,0,1,0,3242.37,5669.51,1.62
M0071089,N,76,0,4286.67,0,0,0,1005.35,5071.72,0.66
M0071090,N,68,0,14304.09,0,0,0,6025.28,6996.27,0.42
M0071091,N,24,2,8641.97,0,0,0,4876.77,2636.92,1.17
M0071092,N,61,0,21531.13,0,0,0,8338.0,14808.59,2.52
M0071093,N,70,0,20401.81,0,2,0,6809.56,12067.12,0.62
M0071094,N,32,0,5504.48,0,2,0,1893.38,6769.39,1.36
M0071095,N,19,1,6300.82,0,1,1,1667.63,6021.64,0.0
M0071096,N,80,2,9688.98,0,0,0,6079.4,6151.02,1.26
M0071097,N,51,1,12323.59,0,0,0,9407.79,9458.42,2.13
M0071098,N,69,1,5091.0,0,0,1,2424.3,5816.15,0.93
M0071099,N,72,0,7977.04,0,0,0,1469.62,4808.89,1.49
M0071100,N,36,1,3194.03,1,0,1,1765.89,2772.73,0.0
M0071101,N,75,1,7981.94,1,2,0,1614.33,5400.23,0.0
M0071102,N,66,1,8230.67,0,0,0,3114.7,6214.37,1.69
M0071103,N,61,3,16797.73,0,1,0,1999.84,12030.49,0.91
M0071104,N,54,2,24322.67,0,2,0,16562.19,9197.09,2.6
M0071105,N,73,2,22093.01,0,1,0,4978.54,16037.8,2.59
M0071106,N,54,1,15455.98,0,2,0,1139.93,13686.27,0.23
M0071107,N,22,1,12490.27,0,2,0,7448.46,4101.34,0.54
M0071108,N,55,1,11509.89,1,0,0,1692.92,13908.82,2.82
M0071109,N,22,1,10454.04,0,0,0,1767.49,7102.87,1.18
M0071110,N,40,2,12214.4,1,1,3,2185.44,18746.73,1.2
M0071111,N,78,0,23240.58,0,1,0,5217.12,24788.97,0.43
M0071112,N,25,0,20194.95,0,0,0,2476.76,23742.01,0.98
M0071113,N,58,0,8677.29,1,0,0,1509.2,5635.75,0.33
M0071114,N,79,0,16056.02,1,0,2,2045.98,14826.23,2.56
M0071115,N,40,0,8895.57,0,0,0,2323.5,6487.71,0.13
M0071116,N,68,0,13280.56,0,0,0,1211.63,9490.39,0.0
M0071117,N,70,2,15117.33,0,1,0,9166.81,11037.63,2.53
M0071118,N,49,0,13195.99,0,3,0,855.66,9975.53,0.96
M0071119,N,51,4,36725.91,0,1,0,16576.24,24466.84,1.54
M0071120,N,59,1,10779.19,0,1,0,2024.9,7790.25,0.99
M0071121,N,80,0,7097.68,0,1,0,7286.13,1727.53,0.92
M0071122,N,52,0,6291.25,0,0,0,2220.17,5546.62,0.8
M0071123,Y,66,6,97910.44,2,4,1,35964.1,78044.46,3.98
M0071124,N,57,0,16229.77,0,0,0,5495.41,8175.01,2.17
M0071125,N,38,2,27689.93,1,2,1,4742.95,18053.83,3.3
M0071126,Y,86,5,296916.11,5,2,6,158460.67,121135.81,5.24
M0071127,N,31,2,6681.0,0,0,0,3018.24,3427.76,1.89
M0071128,N,68,0,15174.41,0,2,0,2814.74,9173.21,0.63
M0071129,N,43,1,13783.39,1,1,0,6292.61,10904.43,1.49
M0071130,Y,38,2,166266.62,1,3,2,59723.46,80287.18,4.66
M0071131,N,52,2,15521.23,1,0,0,4638.12,8650.83,1.34
M0071132,N,73,1,27022.76,2,1,0,2242.7,40080.06,1.27
M0071133,N,70,3,14016.52,0,0,1,9220.32,8477.43,1.09
M0071134,Y,82,7,206877.26,6,7,3,104354.72,141930.18,5.72
M0071135,N,39,0,6626.39,1,0,0,2064.15,3923.8,0.97
M0071136,Y,47,6,198071.98,4,4,4,67354.71,104267.86,5.78
M0071137,N,25,1,6586.83,0,3,1,1772.22,7564.41,0.5
M0071138,Y,83,8,561368.1,6,9,6,99317.03,436519.1,10.0
M0071139,N,55,3,32259.11,2,1,1,1234.23,34019.85,2.0
M0071140,N,19,1,17325.25,0,0,1,18233.18,4508.49,0.43
M0071141,N,56,0,7588.95,0,0,0,1517.48,6335.08,0.92
M0071142,N,53,2,4150.22,0,0,0,507.69,2739.26,1.09
M0071143,N,52,2,9452.75,0,2,0,2389.23,6042.59,1.9
M0071144,N,23,1,10290.59,0,0,0,4974.22,6102.45,1.82
M0071145,N,42,2,8342.21,0,0,0,1659.93,9951.18,0.74
M0071146,N,32,0,12947.05,0,1,0,4007.18,18923.8,0.03
M0071147,N,70,1,7968.99,0,1,0,2137.68,6978.1,0.93
M0071148,N,19,0,7531.27,0,0,0,3221.51,5517.53,0.97
M0071149,N,35,0,17025.38,0,0,0,8262.97,9759.5,1.4
M0071150,N,48,0,37961.5,0,1,0,2315.41,31949.36,0.68
M0071151,Y,47,5,179542.8,4,3,2,101988.4,152507.33,7.17
M0071152,N,56,3,8460.94,0,0,0,3237.1,5431.05,1.89
M0071153,N,33,1,4618.03,0,0,0,395.99,4738.1,0.0
M0071154,N,29,0,3126.45,1,0,1,1192.36,1355.16,0.38
M0071155,N,21,0,7475.3,0,1,0,1677.06,6542.02,1.44
M0071156,N,26,0,7514.45,0,0,0,2337.54,7556.6,1.04
M0071157,N,32,3,8727.27,0,0,0,7978.8,7394.43,1.55
M0071158,N,73,1,15315.28,1,1,0,8450.77,8912.31,0.73
M0071159,N,30,0,5733.28,0,0,2,2390.37,5801.78,0.6
M0071160,N,27,2,7543.89,0,2,0,1677.89,10026.08,1.27
M0071161,N,77,0,7091.17,0,0,0,2441.01,3738.13,0.06
M0071162,N,34,2,7923.54,1,1,0,3095.18,3341.42,1.16
M0071163,N,65,0,7515.44,0,0,0,2882.17,4997.58,2.13
M0071164,N,74,1,36739.83,0,2,1,3899.29,61180.7,2.06
M0071165,N,53,2,17684.26,2,1,0,6285.48,11052.71,4.45
M0071166,N,55,2,24807.96,1,2,0,2580.14,17646.57,1.14
M0071167,N,23,1,9426.6,0,0,0,5366.47,6295.0,1.87
M0071168,N,68,0,5777.53,0,0,0,3206.2,5441.52,0.22
M0071169,N,40,1,14329.48,0,0,0,6215.71,12188.08,1.19
M0071170,N,41,1,11065.38,0,0,0,7030.42,8529.98,0.66
M0071171,N,41,0,5510.9,0,0,0,1696.79,4005.4,0.02
M0071172,N,80,1,19885.08,0,1,0,3296.04,14470.47,1.36
M0071173,N,78,0,26706.23,0,1,1,3605.5,30837.73,0.98
M0071174,N,66,1,10012.46,0,0,0,4839.69,5946.15,0.57
M0071175,N,34,0,7091.88,0,0,0,2740.58,4946.5,0.76
M0071176,N,47,0,9201.01,2,0,1,978.08,9468.69,1.13
M0071177,N,68,0,11974.78,0,0,0,6299.89,4585.29,1.59
M0071178,N,72,1,7687.88,0,1,0,1693.51,9099.61,0.42
M0071179,N,47,3,29885.72,0,1,0,6661.08,28536.28,1.5
M0071180,N,62,3,24310.53,0,3,0,2618.46,20382.95,0.44
M0071181,N,79,0,4061.78,0,1,0,335.23,3931.1,0.3
M0071182,N,33,0,5649.1,0,0,1,671.46,7171.57,1.15
M0071183,N,59,1,12705.14,1,1,0,3951.06,6059.19,1.07
M0071184,N,42,1,6428.17,1,1,0,6075.97,4843.92,0.44
M0071185,N,78,0,13106.99,0,0,1,4527.9,13725.36,1.44
M0071186,N,77,2,23401.63,1,1,0,1965.58,19418.76,2.24
M0071187,N,29,1,45168.24,1,3,1,2913.48,36030.83,2.66
M0071188,N,72,1,7537.42,0,1,2,540.46,7721.43,0.91
M0071189,N,39,0,18649.79,0,0,0,4433.18,20902.57,1.24
M0071190,N,22,2,18089.06,0,0,0,1883.2,26635.44,0.86
M0071191,Y,78,7,170232.08,2,5,3,71917.9,135975.52,4.39
M0071192,N,40,3,15007.49,0,0,0,7383.36,7696.03,0.78
M0071193,N,35,1,4954.65,0,0,0,1549.94,6138.52,1.36
M0071194,N,53,2,8474.18,1,0,1,4373.37,9521.94,1.53
M0071195,N,49,4,29802.24,1,1,1,13020.87,23355.88,2.17
M0071196,N,72,2,17115.94,0,2,0,2660.38,20441.28,1.59
M0071197,N,47,1,15719.55,0,0,0,3648.96,10471.63,0.99
M0071198,N,78,0,16824.44,1,0,0,1485.77,25412.05,2.34
M0071199,N,41,1,5292.72,0,2,0,2900.38,1950.45,0.0
M0071200,N,55,0,14971.68,1,1,1,6317.6,8406.61,1.57
M0071201,N,36,1,17222.83,0,0,0,8498.99,12450.59,1.27
M0071202,N,47,0,3657.65,0,0,1,1333.39,2958.55,0.4
M0071203,N,51,2,6272.65,0,0,1,2509.73,5795.49,0.74
M0071204,N,21,1,8560.6,0,1,0,590.06,10758.8,0.0
M0071205,N,75,2,9827.08,0,0,0,1069.12,9632.05,2.02
M0071206,Y,65,4,270507.61,1,3,5,86853.76,153357.72,4.23
M0071207,N,41,1,21965.74,1,0,0,10569.14,10171.8,1.17
M0071208,N,64,1,8980.15,1,1,1,1592.17,9374.82,1.25
M0071209,N,42,2,14356.48,0,0,0,5344.23,7120.69,0.75
M0071210,N,63,2,29266.18,0,1,0,13422.8,13215.59,1.4
M0071211,N,37,0,2103.38,0,0,0,864.54,1385.33,0.99
M0071212,N,34,0,7979.06,0,0,0,2084.03,7775.75,0.96
M0071213,N,50,0,12008.02,0,1,0,3300.28,10559.1,1.18
M0071214,N,21,1,6327.12,0,0,0,1168.12,4348.63,0.9
M0071215,N,70,0,12729.13,0,0,1,3341.29,8911.09,0.02
M0071216,N,76,0,14113.85,0,0,0,4462.42,9338.37,0.43
M0071217,N,28,1,5828.7,0,1,0,1747.74,8719.32,2.05
M0071218,N,26,1,8524.0,0,0,1,3706.01,3681.38,2.31
M0071219,N,45,0,6166.02,0,0,0,2549.47,2745.66,0.0
M0071220,N,80,1,16578.88,0,0,0,8871.14,5787.65,0.0
M0071221,N,35,1,8025.81,0,2,0,1350.17,10016.79,2.02
M0071222,Y,71,5,210712.92,4,3,5,71329.64,119443.55,3.49
M0071223,N,31,0,3993.66,0,1,0,1916.96,3728.02,0.56
M0071224,N,35,0,10514.79,0,0,0,3646.44,7861.33,1.81
M0071225,N,70,1,7133.78,0,0,0,3946.1,6822.85,1.92
M0071226,N,47,0,13334.31,0,0,0,2827.61,16297.06,1.25
M0071227,N,53,2,9545.06,0,0,2,2644.99,13038.61,1.49
M0071228,N,77,0,11348.27,0,1,0,9700.86,9340.35,1.08
M0071229,N,46,1,4879.74,0,0,0,1963.03,4069.9,0.21
M0071230,N,76,0,3863.99,0,0,3,1668.09,5214.24,1.85
M0071231,Y,76,6,90695.98,1,3,5,47102.09,66365.71,4.39
M0071232,N,42,2,14538.72,1,2,0,4037.08,20198.27,3.68
M0071233,N,72,0,9313.6,0,0,0,1407.2,12437.59,0.7
M0071234,N,71,3,14849.94,1,3,0,7663.57,11573.4,1.27
M0071235,N,20,1,7672.01,0,2,1,2859.45,6742.26,0.0
M0071236,N,24,1,4531.4,0,0,0,1310.94,4953.24,0.52
M0071237,N,54,0,14941.28,0,0,0,762.15,11369.49,0.0
M0071238,N,52,2,9750.43,1,1,0,3166.63,11659.41,2.07
M0071239,N,49,2,16994.54,0,1,0,1727.89,14852.74,2.22
M0071240,N,47,3,28354.47,1,1,0,7485.43,16868.17,2.03
M0071241,N,79,2,7683.37,0,1,0,1562.04,8340.6,0.49
M0071242,N,28,1,18534.11,1,1,0,1777.83,16976.43,0.53
M0071243,N,64,3,10541.47,1,1,0,4952.92,9595.29,2.4
M0071244,N,45,2,14832.66,1,1,1,5724.87,19833.96,0.49
M0071245,N,72,0,5066.64,0,0,1,1878.28,3890.73,0.0
M0071246,N,39,0,3133.91,0,1,0,1047.85,3419.56,0.98
M0071247,N,55,1,6667.25,0,2,0,1661.17,3987.95,1.56
M0071248,N,62,2,17447.38,0,1,1,6365.36,7945.41,1.19
M0071249,N,38,1,8942.68,0,1,0,1643.53,9513.86,0.75
M0071250,N,46,0,17065.24,1,0,2,2864.52,11073.3,0.7
M0071251,N,53,1,9678.97,0,2,0,1483.55,7184.69,0.22
M0071252,N,64,2,29245.84,0,0,2,3773.13,32913.99,2.05
M0071253,N,55,2,24707.85,1,1,0,5683.02,14640.32,2.54
M0071254,N,26,0,2093.11,0,1,0,819.08,1214.09,1.37
M0071255,N,54,0,10637.98,0,0,0,4736.48,4740.74,2.37
M0071256,N,80,0,11966.09,0,1,1,1737.12,9728.6,0.0
M0071257,N,19,2,6898.7,0,0,1,3397.17,3379.96,1.17
M0071258,N,50,1,13092.76,0,1,0,3271.38,8806.57,2.72
M0071259,N,78,0,14224.41,0,1,0,6949.23,16823.85,0.15
M0071260,N,47,0,10085.55,1,2,2,3065.85,7454.39,1.15
M0071261,N,23,1,13597.6,0,0,0,2168.23,11942.8,2.05
M0071262,Y,65,5,244496.32,5,1,1,60582.58,176492.01,4.4
M0071263,N,36,1,35434.5,0,2,0,2778.05,26963.95,0.65
M0071264,N,77,0,3120.88,1,1,0,770.64,4333.53,1.17
M0071265,N,79,1,17984.16,0,1,1,6943.49,11720.55,2.24
M0071266,N,41,1,3314.96,0,0,0,1626.58,4170.89,1.96
M0071267,N,36,0,29645.66,0,1,1,12985.69,15501.92,0.92
M0071268,N,23,0,13046.77,0,1,0,1688.94,15890.25,0.0
M0071269,N,69,3,17302.83,1,2,0,9467.66,18161.07,1.65
M0071270,N,53,0,3455.67,0,0,0,1773.62,1325.66,0.46
M0071271,N,63,1,22864.63,1,0,0,4693.86,26216.45,1.96
M0071272,N,49,2,19081.65,0,0,0,2274.0,15238.7,1.01
M0071273,N,27,0,11866.18,0,0,1,1671.52,15992.72,0.44
M0071274,N,78,0,4395.41,1,0,1,2619.6,3789.07,1.14
M0071275,N,76,0,11439.62,0,1,1,2640.59,11269.59,1.29
M0071276,Y,51,4,131374.37,2,3,4,47716.28,101006.88,2.84
M0071277,N,29,0,11262.57,1,0,0,1505.83,9631.6,1.41
M0071278,N,56,1,4089.56,0,2,0,1271.94,3376.38,0.0
M0071279,N,19,1,15317.41,1,1,1,12092.44,8123.76,2.13
M0071280,N,63,0,6157.12,0,0,0,933.79,4032.93,0.0
M0071281,N,67,1,5501.31,0,0,0,1761.41,3586.21,0.15
M0071282,N,61,1,2775.5,1,0,0,896.33,2367.73,0.79
M0071283,N,26,0,5324.23,0,1,1,2849.05,4737.28,1.86
M0071284,N,48,1,8464.0,0,1,0,2381.1,8655.05,1.53
M0071285,N,58,0,2699.24,0,1,0,1288.71,3112.26,1.19
M0071286,N,50,1,26833.36,0,1,0,6646.36,19942.55,2.48
M0071287,N,50,0,4425.44,0,0,0,866.63,2917.64,0.26
M0071288,N,57,1,9614.88,1,0,0,2372.27,10959.4,1.41
M0071289,N,35,0,9709.55,0,0,0,3614.72,4619.67,1.27
M0071290,N,44,2,5718.03,0,1,0,2491.27,3899.79,0.0
M0071291,N,64,0,20254.42,1,1,0,2738.53,19872.17,2.27
M0071292,N,42,0,13206.68,0,1,0,4661.11,6100.02,1.25
M0071293,N,33,2,14077.68,0,0,0,8413.43,4744.14,0.61
M0071294,N,51,3,11573.65,0,1,0,6598.42,9007.38,2.11
M0071295,N,47,2,71027.0,0,0,0,8190.88,50725.97,0.54
M0071296,N,44,1,16869.37,1,0,2,6212.91,10107.34,1.22
M0071297,N,76,2,8464.48,0,1,0,3269.49,6026.3,0.0
M0071298,N,34,0,6000.41,1,0,0,1071.84,9043.32,0.08
M0071299,N,48,0,26415.6,1,1,0,6804.37,17350.04,0.94
M0071300,N,48,3,12292.59,0,1,0,2880.86,13316.52,0.21
M0071301,N,63,1,17565.36,0,0,2,2201.28,15121.85,2.33
M0071302,N,26,3,13925.15,1,1,1,5467.84,9881.7,3.22
M0071303,N,63,2,7775.84,0,2,0,1830.49,9287.05,0.64
M0071304,N,67,2,10603.36,0,1,1,5230.02,3101.36,1.66
M0071305,N,34,1,7983.23,0,0,0,2655.69,11736.07,1.89
M0071306,N,68,0,3831.08,1,0,0,768.41,3049.25,1.13
M0071307,Y,46,7,208959.12,6,3,5,122893.29,105656.6,5.62
M0071308,N,73,1,7513.32,0,0,0,4038.38,8917.92,1.53
M0071309,N,74,3,5822.84,1,0,0,2370.92,5111.57,0.71
M0071310,N,26,0,5207.18,0,1,0,2147.82,6889.47,0.0
M0071311,N,51,2,20593.52,0,0,0,3810.0,18359.93,2.41
M0071312,N,64,2,10605.35,0,0,0,2653.45,7254.73,0.01
M0071313,N,29,1,4395.38,0,0,0,4110.0,1963.84,0.56
M0071314,N,53,1,11726.91,1,0,0,6579.01,9856.95,1.83
M0071315,N,47,2,13464.26,1,3,1,7469.74,4700.17,1.84
M0071316,N,18,1,19041.76,1,0,0,4425.58,11269.22,1.01
M0071317,N,55,0,3663.03,0,1,0,1178.74,2593.75,0.0
M0071318,N,70,2,9465.25,0,1,0,2572.85,7078.03,0.0
M0071319,N,29,1,5267.8,0,0,0,1050.09,3726.03,1.56
M0071320,N,56,1,19610.73,0,0,1,2636.54,17916.84,1.23
M0071321,N,64,1,3496.83,0,0,0,2570.43,1795.97,1.23
M0071322,N,22,0,25568.05,0,0,0,2920.62,19318.67,0.9
M0071323,Y,40,6,272203.91,2,3,4,134685.53,123050.6,3.19
M0071324,N,57,0,8641.52,0,1,0,1547.81,5885.22,0.15
M0071325,N,79,2,13583.98,0,1,1,5656.38,10884.67,1.32
M0071326,N,57,0,21173.51,2,1,1,5352.7,14048.69,1.17
M0071327,N,71,1,17887.92,0,0,1,5523.09,13821.81,0.0
M0071328,Y,69,3,149812.2,2,3,2,82143.4,79296.41,4.54
M0071329,N,64,0,6152.19,0,0,0,631.42,6803.57,0.0
M0071330,N,75,2,2505.93,0,0,0,577.28,2312.47,0.91
M0071331,Y,85,4,167276.42,2,1,4,47716.42,108538.69,4.33
M0071332,Y,40,5,204789.07,1,2,1,67546.4,179137.26,3.17
M0071333,N,47,0,3780.26,0,0,0,643.45,5879.69,1.61
M0071334,N,54,1,5165.8,0,0,1,392.11,5775.73,0.0
M0071335,N,25,0,8543.0,1,0,0,684.65,6372.33,0.35
M0071336,N,63,2,2946.45,0,0,0,1334.11,3492.68,1.39
M0071337,N,41,1,3799.61,1,0,0,1604.66,5192.39,1.42
M0071338,N,43,1,4635.38,0,0,0,938.86,4479.12,1.14
M0071339,Y,42,5,225387.34,2,1,5,175168.16,99049.93,3.82
M0071340,N,24,1,7717.99,0,2,1,1892.91,8849.47,2.0
M0071341,N,53,1,9341.64,0,0,0,1849.61,8011.62,1.17
M0071342,N,39,0,27390.35,0,2,1,19584.11,3649.69,0.0
M0071343,N,60,0,6965.34,0,1,0,2905.81,5359.79,0.39
M0071344,N,75,0,10586.92,0,0,0,2367.64,6254.49,1.25
M0071345,N,30,1,39689.96,0,2,0,4554.25,28513.44,1.67
M0071346,N,30,0,12469.76,0,0,1,1466.56,15865.25,0.52
M0071347,N,70,0,11288.45,0,1,0,1516.34,10561.87,1.74
M0071348,N,61,2,3168.45,1,0,0,691.77,3867.89,0.92
M0071349,N,32,0,5107.26,0,1,1,2358.66,5892.2,0.0
M0071350,N,69,2,10762.3,0,0,0,783.29,17531.77,0.5
M0071351,N,54,0,5912.09,0,0,2,934.21,3834.18,0.33
M0071352,N,42,0,14867.67,0,1,0,4433.98,20935.44,1.08
M0071353,N,56,4,34790.81,0,1,0,10932.0,16587.46,1.77
M0071354,N,40,2,16274.96,0,2,0,2688.49,10255.84,2.35
M0071355,N,28,1,5591.78,1,0,0,4607.43,4971.82,1.22
M0071356,N,31,2,19986.33,0,0,0,1673.0,17513.51,2.55
M0071357,N,68,2,11343.53,0,1,2,1129.77,17289.62,1.55
M0071358,N,48,2,4741.8,0,0,0,3386.09,3176.68,1.9
M0071359,N,80,1,4859.79,0,2,0,1713.54,4281.7,0.71
M0071360,N,47,0,9250.99,0,2,0,9526.66,6416.44,0.92
M0071361,N,66,0,5456.92,1,0,0,3202.5,3497.22,0.02
M0071362,N,56,1,6913.64,0,2,1,782.08,10306.14,1.75
M0071363,N,79,2,9672.64,1,1,1,4937.78,7172.87,1.03
M0071364,Y,55,5,219862.28,4,1,1,109904.22,168439.19,6.31
M0071365,N,58,1,14444.34,0,0,0,1353.46,13886.36,0.0
M0071366,N,44,1,11428.96,0,2,0,2179.79,11094.61,1.62
M0071367,N,40,1,4933.27,0,0,0,2191.33,1881.99,0.3
M0071368,N,33,2,18387.89,0,0,0,4250.96,11123.1,0.2
M0071369,N,49,1,17533.64,0,1,1,10162.11,3879.8,1.0
M0071370,N,33,2,24711.1,1,1,1,14178.86,21246.28,2.83
M0071371,N,30,1,1546.51,0,0,1,431.7,2329.16,0.73
M0071372,N,52,1,7406.28,1,2,0,1335.94,4659.44,1.23
M0071373,N,48,2,12514.41,1,0,0,8773.37,7680.07,1.66
M0071374,N,71,1,7809.05,1,1,0,2479.31,9214.68,0.6
M0071375,N,66,2,7113.91,0,1,1,2193.12,5655.96,2.39
M0071376,Y,58,5,226307.58,2,3,2,44872.18,149856.54,2.03
M0071377,N,42,2,6433.05,0,1,0,3619.11,7532.78,2.27
M0071378,N,64,0,5032.57,0,0,1,2430.67,2527.64,0.71
M0071379,N,63,0,6765.58,0,1,1,2427.38,9396.92,0.94
M0071380,N,68,2,36799.42,0,2,0,16286.14,14174.24,3.15
M0071381,N,54,3,15858.42,0,2,4,4744.7,14614.05,2.62
M0071382,N,37,0,8081.47,1,2,1,3366.88,9627.54,1.31
M0071383,N,35,0,8842.75,0,0,1,3099.94,8251.09,0.56
M0071384,N,52,1,11515.29,0,0,0,1866.96,7991.74,1.48
M0071385,N,21,0,10117.97,0,2,0,1995.44,8752.41,1.11
M0071386,N,31,2,17473.35,1,0,1,13988.02,10232.78,3.2
M0071387,N,68,0,9477.53,0,0,0,2571.86,6230.22,1.32
M0071388,Y,55,3,179267.89,6,5,1,125055.94,107678.79,6.36
M0071389,N,55,1,6356.04,0,0,0,3346.89,3648.43,0.0
M0071390,N,29,2,7630.28,0,0,0,3502.41,6949.87,3.22
M0071391,N,71,1,12007.55,0,0,0,2812.21,7085.05,0.53
M0071392,N,66,1,2787.75,0,1,0,1019.66,1473.58,1.11
M0071393,N,31,1,5898.06,0,0,0,274.76,4977.3,0.53
M0071394,N,49,0,9443.82,0,1,0,2370.74,13726.1,2.98
M0071395,N,77,2,5394.62,0,1,0,2498.21,6352.11,0.07
M0071396,N,75,2,7609.76,0,1,0,3919.41,2497.45,0.0
M0071397,N,62,1,41462.0,0,0,0,11250.52,31974.72,2.13
M0071398,N,64,1,32552.99,0,1,0,5980.43,23480.92,2.81
M0071399,N,43,1,20969.83,0,0,0,12928.0,8918.89,1.32
M0071400,N,79,0,3801.68,0,0,0,2811.49,3881.16,0.0
M0071401,N,65,1,65275.7,0,1,0,5689.48,46010.17,2.58
M0071402,N,49,2,10128.49,0,1,0,2317.85,12303.89,0.54
M0071403,N,77,1,47116.32,0,2,0,4053.55,38056.91,0.33
M0071404,N,79,1,29519.07,0,1,0,3957.76,26940.65,0.24
M0071405,N,71,2,30875.85,0,2,0,17646.96,10311.1,0.52
M0071406,N,61,1,6054.96,0,0,0,1179.64,4060.75,0.27
M0071407,N,53,0,5318.06,0,0,0,1631.98,6342.37,0.0
M0071408,N,51,1,3279.68,0,0,0,1615.14,2013.15,1.77
M0071409,N,35,0,10677.17,0,1,0,4102.12,11415.04,0.0
M0071410,N,44,1,11707.43,1,1,0,1809.44,14176.46,1.31
M0071411,N,21,0,13515.74,1,1,1,1842.11,10234.48,0.81
M0071412,N,74,0,9814.57,0,0,0,3167.71,6859.54,0.0
M0071413,N,44,0,19828.38,0,0,1,6811.35,13109.17,3.54
M0071414,N,52,1,9075.93,0,2,0,1935.81,7135.85,1.16
M0071415,N,65,2,4015.09,0,0,1,1799.35,3488.75,0.43
M0071416,N,75,1,8755.58,0,0,1,9494.6,4177.19,2.36
M0071417,N,70,1,8852.37,1,1,2,2710.02,7393.59,0.46
M0071418,N,25,3,14811.64,0,0,0,6947.3,5148.67,3.24
M0071419,N,54,1,15522.78,0,0,0,5747.11,7558.51,0.0
M0071420,N,52,0,12523.13,0,0,0,4016.27,17338.65,0.84
M0071421,N,38,0,8390.6,0,0,0,6509.21,8030.49,1.85
M0071422,N,65,0,11712.01,0,0,0,2074.83,7151.61,1.36
M0071423,N,57,1,12272.84,0,1,0,2834.58,18725.47,1.48
M0071424,N,64,1,2836.71,0,0,0,521.26,3700.1,0.0
M0071425,Y,44,5,170519.65,5,1,4,80866.35,110551.32,2.04
M0071426,N,80,2,16155.57,0,2,0,1675.01,23096.49,0.17
M0071427,N,57,1,17734.98,0,0,1,1115.11,19109.47,0.49
M0071428,N,51,2,7942.59,0,0,0,464.37,6444.83,2.33
M0071429,N,70,1,12176.03,2,0,0,3983.8,10864.98,2.63
M0071430,N,21,0,11437.52,0,0,1,6404.11,11177.73,2.0
M0071431,N,31,1,10059.74,0,1,0,1606.92,6339.31,0.6
M0071432,N,73,3,13972.35,0,3,0,6252.24,7820.59,0.87
M0071433,N,74,0,3431.66,0,1,0,784.67,2579.2,0.71
M0071434,N,63,1,11750.16,0,0,0,2925.55,7550.03,0.33
M0071435,N,46,1,15576.16,0,1,0,6443.32,14431.29,1.68
M0071436,N,68,0,3062.81,0,1,0,1311.48,3989.31,0.61
M0071437,N,53,2,8744.24,0,2,0,1228.28,10603.14,1.18
M0071438,N,71,1,15086.78,1,1,0,5036.55,14148.55,1.08
M0071439,N,64,0,30064.09,0,0,0,4656.13,26996.75,1.19
M0071440,N,46,1,13224.76,1,0,1,4215.38,7918.49,0.85
M0071441,N,71,0,6262.65,0,0,0,990.89,7183.5,2.06
M0071442,N,49,4,35469.48,1,0,0,27027.86,17464.13,2.5
M0071443,N,55,2,22479.09,1,2,2,2146.4,17025.78,1.1
M0071444,N,61,2,6633.66,0,0,3,1657.41,5565.86,2.05
M0071445,N,57,3,18631.82,0,2,1,5988.41,9119.73,1.84
M0071446,N,42,1,23003.89,1,2,0,15025.6,11162.02,1.35
M0071447,N,42,3,22009.4,1,0,2,7029.5,12710.44,2.04
M0071448,N,63,1,5333.24,0,0,0,2755.55,3526.23,1.38
M0071449,N,48,3,21457.9,0,1,2,8052.16,18640.96,2.2
M0071450,N,72,1,8217.05,1,0,0,1629.31,10735.59,1.4
M0071451,N,68,1,6676.41,0,2,0,4569.31,4631.16,1.56
M0071452,N,49,0,19059.91,1,0,0,5898.07,14302.9,2.19
M0071453,N,56,1,11213.1,1,0,0,1430.86,7859.81,0.51
M0071454,N,68,0,42423.24,0,0,0,5026.12,35496.01,2.5
M0071455,N,43,0,6492.65,0,1,0,4577.67,5242.41,2.55
M0071456,N,27,0,7597.11,0,0,0,3557.55,3863.09,0.56
M0071457,N,56,1,14114.06,0,0,0,5365.21,11354.69,0.08
M0071458,N,57,0,9118.32,1,1,0,3890.55,5229.33,1.63
M0071459,N,32,0,6165.05,0,1,0,1298.29,4824.47,0.67
M0071460,N,26,1,6234.22,0,0,0,4108.98,1194.26,0.28
M0071461,N,80,0,34057.78,0,2,0,3514.48,23800.09,0.36
M0071462,N,26,1,38552.36,1,1,0,23417.86,12451.71,0.65
M0071463,N,43,0,3475.75,0,0,0,1630.2,4079.7,0.0
M0071464,N,75,0,33420.8,1,0,0,10085.07,21629.46,0.46
M0071465,N,51,1,23472.85,0,1,0,2130.27,22379.98,1.02
M0071466,N,61,0,15472.87,0,0,0,3681.7,9177.31,0.45
M0071467,N,53,1,2073.05,0,1,1,642.08,2152.76,1.06
M0071468,N,27,0,9258.37,0,1,0,710.87,7924.8,1.42
M0071469,N,78,2,6963.95,0,3,0,3781.13,6554.73,0.47
M0071470,N,18,1,15386.7,0,2,0,5499.25,7446.68,0.66
M0071471,N,74,1,12740.64,1,0,0,1655.54,12337.57,0.0
M0071472,N,77,0,8493.82,0,1,0,607.5,9044.64,1.4
M0071473,N,75,0,10217.32,0,1,0,2190.31,7066.37,1.11
M0071474,N,19,2,4864.52,1,1,0,4344.35,2908.72,0.98
M0071475,N,57,0,12318.9,0,0,0,4800.3,5453.51,0.41
M0071476,N,33,0,15067.95,0,1,1,5067.37,7232.43,1.88
M0071477,N,48,0,7321.42,0,0,1,3886.49,5309.91,1.5
M0071478,N,22,1,12013.41,0,1,0,5961.59,3831.69,2.03
M0071479,N,19,1,8718.72,0,2,0,2897.18,5574.53,2.19
M0071480,N,51,0,21305.63,0,1,1,839.24,20137.87,0.04
M0071481,N,45,2,13511.1,1,0,0,1620.49,14930.34,1.51
M0071482,Y,43,5,339459.42,4,1,7,203086.77,145320.1,5.41
M0071483,N,43,0,10819.34,0,0,0,505.97,8622.87,0.63
M0071484,N,69,0,13548.12,0,0,0,1368.77,14141.23,1.5
M0071485,N,43,1,6235.11,0,0,1,2181.25,3163.4,2.85
M0071486,N,54,2,2333.96,0,0,0,884.28,2598.76,1.56
M0071487,N,78,0,10328.22,1,1,1,1938.38,8415.09,1.42
M0071488,N,24,0,11602.12,0,0,0,806.49,14287.92,0.62
M0071489,N,68,2,22800.39,0,0,0,2860.75,15049.15,1.86
M0071490,N,30,0,21504.04,0,0,0,14750.06,6840.1,1.68
M0071491,N,66,1,8123.94,0,1,0,560.29,7552.57,1.3
M0071492,N,61,0,52674.29,1,3,1,17992.86,29099.26,1.46
M0071493,N,39,1,10441.52,0,1,1,1808.5,7609.37,0.4
M0071494,N,29,0,15317.92,0,0,0,4975.79,14135.06,0.43
M0071495,N,32,0,8384.43,0,0,0,2049.19,9599.7,2.37
M0071496,N,73,2,10906.41,0,1,0,3051.95,12031.13,0.11
M0071497,N,61,1,7689.89,0,0,0,2937.01,3214.38,1.1
M0071498,N,41,2,9408.05,1,1,0,4688.33,5007.27,3.28
M0071499,N,65,0,15642.04,0,0,0,7561.92,4754.51,0.49
M0071500,N,26,3,22597.68,0,1,0,7324.96,18409.19,2.79
M0071501,N,76,1,10183.51,1,1,0,1966.1,6940.57,2.48
M0071502,N,28,0,5233.9,0,1,3,470.41,3877.04,0.42
M0071503,N,38,0,13558.26,0,1,0,2139.06,12682.56,1.19
M0071504,N,21,2,9163.06,0,0,0,7166.6,3790.53,1.17
M0071505,N,68,1,38521.21,0,0,0,15426.28,21934.4,0.43
M0071506,N,72,2,6101.64,0,0,1,3999.29,6697.25,1.44
M0071507,N,66,1,37605.58,0,0,1,3705.8,34038.64,3.2
M0071508,N,30,1,9080.97,1,0,2,3696.43,4170.85,0.71
M0071509,N,68,2,24210.89,0,3,0,8221.65,20969.01,0.68
M0071510,N,39,1,15845.81,0,0,0,4553.56,11124.24,0.0
M0071511,N,66,1,7611.59,0,0,0,4937.33,6854.32,0.0
M0071512,Y,69,7,176604.81,5,5,6,103420.72,72936.7,8.05
M0071513,N,39,1,6459.2,1,1,0,861.45,5286.95,0.86
M0071514,N,64,1,7817.46,1,0,0,2358.71,7872.42,0.98
M0071515,N,70,0,5618.91,0,2,0,1824.29,3626.99,0.0
M0071516,N,30,0,4759.31,0,2,0,2477.48,2158.02,0.09
M0071517,N,40,1,9639.02,0,2,0,878.09,7087.08,0.59
M0071518,N,30,1,9373.59,0,0,0,2497.1,11967.72,2.09
M0071519,N,49,2,7915.85,0,1,0,3616.82,10615.77,1.89
M0071520,N,56,0,8426.46,0,0,0,3343.66,5608.59,2.05
M0071521,N,21,0,6830.82,1,0,0,1956.39,7087.69,0.01
M0071522,N,18,0,7409.13,1,1,0,634.23,7740.11,1.76
M0071523,N,79,3,25978.69,0,1,0,6832.56,18532.52,0.62
M0071524,N,23,0,1892.41,0,0,0,699.29,997.02,0.22
M0071525,N,65,0,7417.2,0,0,1,9850.36,1727.78,0.74
M0071526,N,72,2,24727.54,0,1,1,8016.8,11692.43,1.72
M0071527,N,46,2,16956.27,0,1,0,4274.52,15231.08,2.18
M0071528,N,78,1,15854.24,0,0,1,9456.1,15034.21,1.03
M0071529,N,75,0,2486.98,0,0,0,809.35,3327.99,1.09
M0071530,N,62,0,14941.07,0,0,0,1928.16,11329.5,1.06
M0071531,N,29,0,6062.6,0,1,1,5367.05,4176.47,0.5
M0071532,N,70,0,13095.27,1,2,0,11875.27,6130.35,1.73
M0071533,N,67,1,6329.93,0,2,3,3902.68,3830.79,0.23
M0071534,N,26,0,7975.79,0,1,0,929.65,10268.76,0.0
M0071535,N,22,1,49403.88,0,2,1,4130.54,36458.93,1.18
M0071536,N,45,1,6154.67,0,1,0,4491.25,4356.29,0.63
M0071537,N,53,2,52468.24,0,1,1,9712.13,31895.47,1.27
M0071538,N,52,0,14582.99,0,1,2,1164.34,14057.58,0.44
M0071539,N,52,2,4403.32,1,1,0,1394.63,5511.22,2.31
M0071540,N,55,0,6796.85,0,1,1,1284.05,4479.33,2.45
M0071541,N,53,0,5398.84,0,0,0,624.31,5085.39,0.38
M0071542,N,26,1,10221.63,0,0,0,2404.3,9597.99,1.06
M0071543,N,53,1,10839.8,0,0,0,3019.86,7162.69,0.63
M0071544,N,40,1,11004.5,1,0,1,7649.97,4392.7,1.21
M0071545,Y,40,5,181167.85,1,5,4,72236.32,159366.69,3.27
M0071546,N,35,1,5654.78,1,2,0,768.36,9030.72,1.17
M0071547,N,60,5,6395.99,1,1,0,2400.72,4002.26,2.2
M0071548,N,31,1,6160.84,2,2,0,2744.92,5184.84,1.55
M0071549,N,67,0,4758.49,0,1,0,2066.6,4740.49,0.39
M0071550,N,33,0,16139.78,0,2,0,3647.74,9109.82,1.64
M0071551,N,21,2,23782.52,0,0,0,12735.63,6330.46,1.22
M0071552,N,73,1,7430.95,0,0,0,820.85,12557.5,1.59
M0071553,N,80,2,22161.35,0,1,0,7696.96,16128.07,1.33
M0071554,N,36,1,8929.46,0,0,1,4340.79,2943.59,0.0
M0071555,N,39,2,9211.32,0,2,0,1255.37,14796.82,0.0
M0071556,Y,73,6,257948.86,4,4,3,121848.46,238719.55,6.24
M0071557,N,75,1,9981.65,0,0,0,3448.89,9235.81,0.02
M0071558,N,72,0,20463.92,0,0,0,10849.86,16769.83,0.54
M0071559,N,26,1,5296.22,0,0,1,992.46,4054.64,0.0
M0071560,Y,67,5,190108.57,2,2,1,83181.8,98575.4,2.61
M0071561,N,50,1,16771.24,0,2,0,4875.36,8838.92,0.0
M0071562,N,18,1,6354.23,0,0,0,2154.73,3038.55,0.79
M0071563,N,70,1,28600.2,0,0,0,14216.63,12501.9,1.82
M0071564,N,68,1,12559.47,1,1,0,7487.94,14241.14,1.21
M0071565,N,73,2,7792.19,0,1,0,5151.2,5797.0,1.67
M0071566,N,40,0,4634.05,0,0,1,1552.94,6783.5,1.85
M0071567,N,64,2,13543.89,0,0,0,3785.42,11259.6,1.21
M0071568,N,39,2,12778.8,1,0,2,4643.99,6890.55,1.37
M0071569,N,28,2,20242.97,0,0,0,1462.55,16007.51,3.86
M0071570,N,65,1,26646.42,0,3,1,10364.0,20267.72,2.02
M0071571,N,70,1,15951.01,0,1,0,855.25,16047.0,1.09
M0071572,N,60,2,14072.47,0,0,0,3500.1,10514.8,1.29
M0071573,Y,74,4,171936.01,1,5,3,43022.64,104926.61,5.55
M0071574,N,61,0,28968.88,0,2,2,4091.53,25596.44,1.71
M0071575,N,63,0,7130.06,0,0,0,2469.53,3214.09,0.73
M0071576,N,65,3,12359.76,1,1,0,1145.19,9487.58,0.63
M0071577,N,70,1,18798.08,0,1,1,6026.1,9667.68,0.29
M0071578,N,32,0,13445.86,2,1,0,5184.71,12569.05,0.75
M0071579,N,64,0,1644.86,0,1,0,1539.27,1375.35,1.98
M0071580,N,76,0,9962.48,0,0,0,1137.26,7638.42,1.39
M0071581,N,63,1,28802.42,1,1,1,4696.93,17993.9,2.05
M0071582,N,73,2,10730.09,1,1,1,5323.05,12313.28,3.38
M0071583,N,60,1,5764.95,0,1,0,1904.63,4857.09,0.0
M0071584,N,65,0,9792.78,0,0,1,795.13,11801.38,0.52
M0071585,N,53,1,6460.79,0,0,0,2176.43,4848.79,0.0
M0071586,N,40,0,13659.37,0,2,0,4294.45,18049.72,0.0
M0071587,N,34,0,5246.32,0,1,0,988.6,3408.36,0.77
M0071588,N,18,1,4653.46,0,0,0,2668.71,2963.8,0.72
M0071589,N,51,1,9663.06,0,2,0,1626.64,8423.87,0.75
M0071590,N,33,2,7445.04,0,1,0,6634.82,5952.2,1.52
M0071591,N,33,1,11097.33,0,0,0,4796.94,6266.9,2.83
M0071592,N,73,2,49578.45,0,1,0,13813.36,26199.01,1.62
M0071593,N,35,1,14898.93,1,1,0,3424.49,17276.07,0.46
M0071594,N,59,0,4938.76,0,0,0,1881.13,5832.35,1.29
M0071595,N,80,1,5243.14,0,1,0,1776.4,3149.83,1.03
M0071596,N,67,2,7749.69,0,0,0,2313.27,8984.62,1.8
M0071597,N,66,2,11432.22,0,2,0,4169.71,15131.76,2.67
M0071598,N,54,2,15692.54,0,0,0,2921.89,16642.98,0.81
M0071599,N,73,2,9251.08,0,0,1,6315.57,2180.49,1.12
M0071600,N,28,3,14615.51,1,0,0,3703.59,8147.0,0.96
M0071601,N,26,0,28722.92,0,1,0,2838.52,25760.56,2.01
M0071602,N,47,1,5018.6,0,0,0,3334.88,3419.24,0.81
M0071603,N,54,0,9066.79,0,0,0,2223.21,7818.35,0.0
M0071604,N,52,2,5036.42,0,0,1,860.18,3442.73,0.08
M0071605,N,54,2,5478.88,0,0,0,3133.46,3022.1,2.05
M0071606,N,41,1,6160.3,0,0,0,4648.1,5912.03,0.0
M0071607,N,48,2,17903.9,0,2,0,3228.25,14824.76,1.49
M0071608,N,22,1,16756.89,0,1,1,7158.92,10918.46,1.49
M0071609,N,32,2,11464.79,1,2,0,4448.37,6955.27,0.54
M0071610,N,35,2,10139.37,0,0,0,840.06,7182.98,1.69
M0071611,N,42,0,3065.25,0,1,2,763.83,3359.27,1.5
M0071612,N,24,0,5230.51,0,0,0,611.6,7641.82,0.53
M0071613,N,62,0,5335.9,0,2,0,1642.51,3653.38,0.0
M0071614,N,69,1,5509.46,0,0,1,1424.46,3762.69,0.82
M0071615,N,29,0,13327.34,0,2,0,1863.42,12684.17,0.27
M0071616,N,44,0,2305.93,0,0,0,647.88,2805.61,0.1
M0071617,N,74,2,5537.26,0,2,0,2596.95,2718.68,1.89
M0071618,N,70,1,5481.09,0,0,0,2149.33,2279.04,1.39
M0071619,N,28,1,8918.84,0,1,0,1670.12,7114.67,1.23
M0071620,N,34,3,10592.18,0,1,0,3266.3,11563.61,1.11
M0071621,N,70,2,6033.69,0,3,0,1461.05,6673.96,0.83
M0071622,N,31,0,26733.21,0,0,0,5885.4,21242.86,2.0
M0071623,N,55,0,26593.85,0,0,0,5992.43,15906.12,0.96
M0071624,N,46,1,5117.54,0,1,1,847.83,3174.2,1.53
M0071625,N,63,0,10090.91,0,0,0,3416.19,7095.83,1.35
M0071626,N,22,2,8250.32,0,1,0,1036.49,5583.8,0.39
M0071627,N,61,0,7244.31,0,0,0,519.82,5986.81,2.02
M0071628,N,37,0,7947.39,0,0,0,996.13,6702.97,0.87
M0071629,N,72,3,9552.23,1,1,0,3162.27,4907.12,2.57
M0071630,N,70,1,11382.24,1,1,0,4213.58,12521.61,0.35
M0071631,N,76,1,7468.67,0,0,0,1986.15,7898.9,0.45
M0071632,N,35,2,8064.39,0,0,0,1532.79,7045.52,1.54
M0071633,N,77,0,8589.82,0,0,0,1900.55,8850.78,0.15
M0071634,N,27,2,24638.16,1,0,0,11401.75,8593.25,1.7
M0071635,N,18,1,12706.12,0,0,0,3342.56,15982.77,1.1
M0071636,N,48,1,19915.33,0,0,0,2874.9,23818.39,0.79
M0071637,N,51,0,11966.64,0,0,0,3459.83,8594.53,1.62
M0071638,N,48,0,7557.83,0,0,1,625.18,5796.91,0.0
M0071639,N,74,0,7446.76,0,0,0,607.5,8525.32,0.58
M0071640,N,34,0,7202.53,0,0,0,2033.1,5199.63,1.26
M0071641,N,74,1,8737.5,0,1,1,1468.58,8025.19,1.52
M0071642,N,77,2,12737.02,0,1,1,5823.79,9927.58,0.48
M0071643,N,44,1,16273.09,0,1,0,7101.05,7150.2,2.76
M0071644,N,60,0,7640.83,0,0,0,1207.54,5048.96,1.24
M0071645,N,72,0,2068.11,0,0,0,633.97,2775.2,0.28
M0071646,N,72,0,9771.5,1,0,0,6375.06,4596.62,1.65
M0071647,N,48,0,8994.3,0,1,0,3152.25,5575.0,0.63
M0071648,N,74,0,10138.73,0,0,1,1529.25,7234.57,2.01
M0071649,N,33,0,4474.39,0,0,0,1409.88,3381.64,0.04
M0071650,N,54,1,23871.94,0,0,0,6425.9,12230.25,1.24
M0071651,N,63,0,7418.23,0,0,0,2506.15,6911.12,1.6
M0071652,N,24,0,31798.13,0,0,0,1215.85,25542.98,1.46
M0071653,N,70,1,6429.37,0,2,0,1420.47,7699.09,0.98
M0071654,N,54,1,4835.63,1,0,0,1178.74,4745.89,0.55
M0071655,N,36,2,23057.94,0,0,1,1837.53,19526.95,2.54
M0071656,N,62,0,21528.38,0,0,0,4139.97,12776.89,1.07
M0071657,N,69,1,4703.68,0,0,0,915.59,5662.3,0.0
M0071658,N,63,2,33667.47,0,2,1,4347.96,28857.55,0.78
M0071659,N,78,2,9710.7,0,0,0,1796.57,6236.91,1.53
M0071660,N,75,1,4608.68,0,0,0,550.91,5762.61,0.06
M0071661,N,58,1,6670.79,0,0,2,2384.12,3922.78,2.13
M0071662,N,59,2,12235.16,0,2,0,1847.12,8576.01,2.55
M0071663,N,70,2,17469.46,0,0,0,9587.83,18790.77,0.56
M0071664,N,33,0,18154.08,0,2,1,7733.59,7372.41,1.28
M0071665,N,69,1,3064.55,1,0,0,1406.35,3288.15,0.36
M0071666,N,25,1,38658.14,0,2,0,15277.79,16479.82,1.83
M0071667,N,41,1,7910.3,0,0,0,352.89,6416.36,1.11
M0071668,N,21,3,26027.78,0,3,0,7910.51,16038.44,1.93
M0071669,N,20,2,15995.3,0,1,1,7145.47,17049.86,2.17
M0071670,N,72,1,3439.6,1,2,0,764.76,4680.36,1.62
M0071671,N,32,0,21228.28,0,0,0,3108.21,14741.69,1.4
M0071672,N,53,2,9792.68,0,0,1,6155.19,4950.11,0.99
M0071673,N,29,1,6438.65,0,0,1,2823.37,2420.3,2.38
M0071674,N,39,1,42685.71,0,1,1,6279.21,30170.33,0.96
M0071675,N,51,0,5057.17,0,0,0,3316.99,942.25,0.0
M0071676,N,46,0,8386.67,2,1,0,3516.09,5610.95,1.31
M0071677,N,63,2,3419.6,0,0,1,633.04,3696.6,1.59
M0071678,N,31,3,4509.28,0,0,0,1869.33,4924.68,1.13
M0071679,N,34,1,4520.71,0,1,0,3541.78,4166.05,0.69
M0071680,N,25,0,13118.02,0,1,2,3660.04,8739.47,1.12
M0071681,N,71,0,11391.47,0,0,1,7658.96,8449.34,0.15
M0071682,N,58,1,23023.76,1,2,0,1006.99,18261.85,2.18
M0071683,N,74,0,15377.02,0,0,0,6200.96,8469.94,0.48
M0071684,N,42,5,11619.19,0,1,1,7386.57,8679.71,1.99
M0071685,N,65,1,11526.11,1,0,0,2995.14,6125.36,0.23
M0071686,N,45,0,8309.76,0,0,0,896.96,8444.46,0.0
M0071687,N,76,3,21747.79,0,1,1,5702.81,24938.35,2.31
M0071688,N,65,1,16431.83,1,1,0,7031.53,6117.66,0.62
M0071689,N,56,2,16117.24,0,0,0,2737.1,10491.57,1.2
M0071690,N,58,0,11152.79,0,0,1,3559.23,6220.47,1.59
M0071691,N,66,1,12061.06,0,0,0,1352.71,10926.68,1.53
M0071692,N,23,1,8203.82,1,2,2,6973.93,5479.61,0.56
M0071693,N,43,0,39103.01,0,0,0,4354.23,27191.71,0.83
M0071694,N,51,1,12221.9,0,0,0,3023.2,7269.17,1.82
M0071695,N,68,2,15229.3,0,1,0,4420.78,7936.08,2.32
M0071696,N,43,2,2268.07,0,2,0,1929.61,1828.78,1.62
M0071697,N,31,1,21678.65,0,0,1,3715.9,20555.07,1.44
M0071698,N,63,2,16643.28,0,0,0,12901.55,8993.51,2.51
M0071699,N,71,2,15250.42,0,0,0,4797.84,7583.2,0.14
M0071700,N,45,2,4067.16,0,0,2,1714.49,4044.08,1.65
M0071701,N,39,3,20317.22,1,0,0,5628.16,11566.55,1.98
M0071702,N,21,0,5574.73,0,0,0,5485.9,4214.75,1.13
M0071703,N,54,0,4679.16,0,0,0,2094.65,2333.77,0.57
M0071704,N,55,2,23863.47,1,0,1,7703.7,14584.59,0.58
M0071705,N,30,3,22188.58,1,1,1,4281.07,19421.14,3.68
M0071706,N,74,0,5783.04,0,0,0,884.04,8259.8,1.47
M0071707,N,72,0,21591.06,1,0,0,7279.55,20921.84,1.32
M0071708,N,24,2,6054.14,0,0,0,1670.99,7865.9,0.91
M0071709,N,44,0,13361.27,0,0,0,11174.75,4631.24,1.02
M0071710,N,42,0,15136.16,0,1,0,10331.24,9829.42,0.0
M0071711,N,38,1,9981.59,0,0,0,3493.97,5941.98,0.87
M0071712,Y,36,5,405992.3,2,3,3,135167.01,235945.9,5.58
M0071713,Y,81,4,140614.34,4,3,3,32389.54,95236.97,4.71
M0071714,N,60,2,24064.06,0,2,0,7121.61,13860.64,0.94
M0071715,N,21,2,5281.54,0,1,0,3468.68,3618.49,1.3
M0071716,N,31,1,19351.14,1,1,2,1667.84,13504.55,2.11
M0071717,N,48,1,4374.45,0,0,1,2972.84,3997.36,0.0
M0071718,N,66,1,8509.61,0,1,0,1064.42,7117.81,0.0
M0071719,N,33,0,4208.93,0,0,0,944.72,4273.63,0.7
M0071720,N,22,1,6222.0,0,3,0,6720.65,2327.96,1.99
M0071721,N,26,0,3137.2,0,1,0,527.9,5036.15,0.85
M0071722,N,77,0,20241.92,0,2,0,7961.0,13971.9,1.71
M0071723,N,45,0,21613.34,0,1,0,3980.87,15757.91,1.45
M0071724,N,40,1,10183.58,0,1,1,1582.03,10514.47,2.48
M0071725,N,58,1,19891.83,0,0,0,2932.31,13003.33,0.27
M0071726,N,29,2,7541.77,0,0,0,4562.37,4636.39,2.79
M0071727,N,27,3,59495.73,0,1,1,25050.85,25943.0,2.42
M0071728,N,33,1,4200.11,0,1,1,893.8,3867.53,0.15
M0071729,N,18,0,6737.15,0,1,0,879.86,5079.5,0.0
M0071730,N,79,0,4866.37,0,1,0,1224.21,3113.0,0.0
M0071731,N,72,1,3250.51,0,0,0,1110.51,4196.72,0.87
M0071732,N,19,1,5743.45,0,2,0,2108.85,3263.62,1.16
M0071733,N,38,0,3594.53,0,3,0,1539.3,3214.58,0.65
M0071734,N,37,0,10228.6,0,1,0,9801.49,3043.96,1.54
M0071735,N,36,0,5289.29,0,0,1,2511.78,6098.72,1.5
M0071736,N,54,1,16567.15,0,1,0,2165.93,21575.88,1.27
M0071737,N,25,2,19705.05,0,0,0,1575.04,17700.11,2.05
M0071738,N,37,0,3291.55,1,2,0,1521.04,3199.7,1.36
M0071739,N,25,1,3755.04,0,0,0,653.39,4260.43,0.07
M0071740,N,32,1,21466.65,1,0,1,3534.08,13595.36,1.75
M0071741,N,48,4,2749.25,0,1,0,625.56,3543.72,1.06
M0071742,N,26,2,6136.17,0,1,0,2265.5,5915.73,2.75
M0071743,N,25,1,14147.42,0,0,0,2944.59,9351.92,0.51
M0071744,N,37,2,24131.97,1,1,1,6668.25,12724.77,1.58
M0071745,N,21,0,8830.36,0,2,0,662.92,10454.24,0.0
M0071746,N,29,1,7417.11,0,1,0,1176.06,4799.84,1.6
M0071747,N,38,0,6347.49,0,2,0,3241.2,7394.79,0.87
M0071748,N,25,2,17303.88,0,0,0,4631.47,9418.84,0.0
M0071749,N,41,1,7355.27,0,0,0,2415.62,7308.72,0.52
M0071750,N,18,0,8839.86,0,0,0,6966.67,4542.11,1.7
M0071751,N,48,2,14840.22,0,0,0,5391.87,9779.96,0.26
M0071752,N,74,2,14784.24,0,1,0,3237.44,16266.73,1.98
M0071753,N,35,0,3431.91,0,0,0,858.81,4682.41,0.0
M0071754,N,67,2,17418.21,1,2,0,6924.22,6895.69,1.2
M0071755,N,78,0,15628.8,0,1,0,2452.15,17335.89,2.3
M0071756,N,30,0,2126.03,0,0,0,396.14,3025.01,0.0
M0071757,N,27,0,9351.25,1,2,1,3050.19,6069.39,1.14
M0071758,N,48,1,8527.67,0,1,0,875.88,6321.5,1.18
M0071759,N,33,0,46434.46,0,0,0,1317.47,35784.14,1.26
M0071760,N,45,1,4493.05,0,1,0,1110.86,4904.16,0.86
M0071761,N,51,1,9470.95,1,0,0,1848.47,12416.4,0.24
M0071762,N,65,0,9420.72,0,2,1,2893.24,9023.97,1.32
M0071763,N,34,1,7162.56,0,1,0,997.27,6045.42,1.31
M0071764,N,45,0,5694.57,0,2,0,3696.64,3871.45,1.36
M0071765,Y,44,3,416632.71,7,5,6,138975.69,304442.9,6.95
M0071766,N,19,2,4572.58,0,0,0,772.87,2967.68,0.0
M0071767,N,45,1,7304.37,0,0,0,1706.02,4469.39,0.0
M0071768,N,60,2,5683.75,1,1,0,806.67,5014.49,1.18
M0071769,N,20,0,8717.34,0,1,0,1791.82,11495.74,1.06
M0071770,N,36,0,11480.32,1,1,0,5935.53,9825.48,1.06
M0071771,N,72,2,20510.67,0,1,1,5948.52,16411.8,2.11
M0071772,N,59,2,19396.68,1,2,0,1442.1,18134.41,3.25
M0071773,N,29,2,3860.36,0,1,0,1772.68,2226.23,1.04
M0071774,N,50,0,6269.59,0,0,0,2871.31,5802.5,1.1
M0071775,N,47,2,12889.6,0,1,0,3896.82,17657.69,1.17
M0071776,N,35,0,9942.55,0,0,0,2469.91,11794.92,1.25
M0071777,Y,58,4,201535.91,2,4,2,77309.81,159208.95,3.92
M0071778,N,65,0,14520.52,0,2,0,5198.63,12409.04,2.24
M0071779,N,39,0,12119.24,1,1,0,1482.84,13067.11,0.59
M0071780,N,41,2,2802.18,0,0,1,1308.99,3061.2,0.43
M0071781,N,38,1,8173.2,0,0,0,2815.85,6726.57,1.12
M0071782,N,40,0,3852.45,0,0,1,791.95,2574.08,0.0
M0071783,N,47,1,15815.05,0,0,0,10601.25,10314.63,1.67
M0071784,N,63,1,14619.99,1,1,0,10147.92,3394.4,1.85
M0071785,N,57,1,10536.26,0,0,1,1870.91,13188.59,1.59
M0071786,N,29,0,7488.5,0,0,1,2470.81,7032.75,1.45
M0071787,N,54,0,9564.9,0,1,0,4765.47,7655.23,1.66
M0071788,N,37,0,10270.2,0,0,0,2590.19,6653.75,0.76
M0071789,N,25,2,13400.82,0,1,0,2039.52,11053.96,0.84
M0071790,N,80,0,7872.97,0,1,0,3834.61,3059.84,0.0
M0071791,N,40,0,25655.61,0,0,0,2321.82,27831.64,2.59
M0071792,N,22,0,5834.38,0,1,0,1452.92,5524.33,0.0
M0071793,N,28,2,22275.39,0,0,0,5325.34,12472.04,1.07
M0071794,N,31,0,8912.84,0,0,0,1208.45,10503.57,1.93
M0071795,N,48,2,18498.23,0,2,0,4656.42,11797.96,2.01
M0071796,N,29,0,4487.44,0,0,0,1937.99,2608.54,0.66
M0071797,N,72,1,18948.81,0,0,0,7664.51,9088.2,2.15
M0071798,N,78,1,25203.45,0,0,0,3724.29,16092.62,0.85
M0071799,N,55,3,20151.83,0,2,2,3639.63,19695.14,0.92
M0071800,N,26,1,16532.55,0,1,0,2248.97,14176.69,0.43
M0071801,N,18,0,16171.01,2,0,0,5990.55,13615.06,2.32
M0071802,N,39,0,9303.04,1,2,0,4808.08,10272.22,1.23
M0071803,N,45,0,25632.44,0,1,0,4833.02,24785.53,0.83
M0071804,N,41,1,58060.5,0,2,0,15385.16,44193.22,0.98
M0071805,N,61,1,17014.09,0,0,0,2180.89,16333.85,1.77
M0071806,N,52,2,6004.65,0,1,2,2064.51,5494.88,1.7
M0071807,N,44,2,26072.32,0,0,0,2250.54,22423.41,0.94
M0071808,N,19,0,7325.33,0,0,0,3536.64,4422.2,0.0
M0071809,N,69,0,4231.67,0,0,0,594.52,3656.58,1.45
M0071810,N,61,3,32431.4,0,2,1,6119.78,24883.72,3.09
M0071811,N,24,2,14448.65,1,3,1,6034.66,6510.48,1.25
M0071812,N,26,0,8630.85,2,0,0,3924.09,7694.65,0.9
M0071813,N,72,0,8012.28,0,0,0,10885.47,2346.85,1.55
M0071814,N,52,1,27629.85,1,0,0,3670.31,20546.83,1.54
M0071815,N,23,1,20300.84,1,0,0,1200.51,18507.58,1.45
M0071816,N,26,1,7087.14,0,0,0,2581.49,5352.27,0.0
M0071817,N,54,1,11247.98,1,0,0,3375.54,7513.13,1.25
M0071818,N,52,1,7770.67,1,2,0,1181.68,10807.27,1.2
M0071819,N,66,1,12122.15,0,1,0,2461.93,7494.2,1.77
M0071820,N,34,0,16703.29,0,2,0,4402.97,9736.8,2.14
M0071821,N,80,2,24359.9,0,1,0,10041.96,18650.97,2.9
M0071822,N,19,0,39190.25,1,1,2,848.66,40309.63,2.72
M0071823,N,28,1,12528.19,0,0,0,4242.6,13529.16,0.79
M0071824,N,24,1,21244.24,1,2,1,15106.52,9080.74,1.53
M0071825,N,73,0,4741.36,0,0,0,2054.12,1941.67,0.0
M0071826,N,54,2,23864.86,0,1,0,3396.33,24359.26,2.51
M0071827,N,27,0,8513.24,0,0,0,2157.21,8708.11,0.0
M0071828,N,54,1,20993.44,1,2,0,7276.76,11171.82,1.04
M0071829,N,65,1,50170.19,1,0,1,7533.45,43834.04,1.81
M0071830,N,29,1,19789.9,1,0,1,9067.69,13584.05,2.8
M0071831,N,59,0,5410.27,0,1,0,282.78,4276.79,0.34
M0071832,N,34,1,45696.76,0,0,0,4866.36,40045.46,0.74
M0071833,N,66,1,6791.29,0,0,0,1519.64,6182.23,2.29
M0071834,N,62,2,9601.35,0,0,1,6014.44,5311.2,2.07
M0071835,N,65,0,10960.74,0,3,0,2325.01,11156.97,0.63
M0071836,N,18,0,8984.72,0,1,0,4865.27,6243.31,0.98
M0071837,N,54,3,32144.71,0,2,0,6086.06,32486.77,0.97
M0071838,N,75,1,3972.64,1,1,2,406.14,4783.39,1.16
M0071839,N,74,0,9670.76,0,1,1,6995.22,4191.03,0.56
M0071840,N,29,2,24159.6,0,0,1,8126.22,18997.02,1.93
M0071841,N,36,0,7127.53,0,0,0,3358.96,2948.19,0.52
M0071842,N,72,0,1817.8,0,1,0,691.36,1939.01,0.76
M0071843,N,31,0,28471.23,0,1,0,6540.49,22242.28,1.99
M0071844,N,69,2,5521.7,0,0,0,1188.98,6777.79,0.59
M0071845,N,43,0,5865.05,0,0,1,1315.52,4619.4,0.49
M0071846,N,57,0,37905.5,0,2,0,14463.58,17377.8,1.44
M0071847,N,80,0,9068.79,0,0,2,3708.49,5927.4,0.35
M0071848,N,54,1,7151.0,0,1,0,1377.47,4219.68,0.61
M0071849,N,22,0,15315.49,1,2,2,8999.71,6082.01,2.91
M0071850,N,23,0,6679.83,1,0,0,2510.24,4212.36,0.8
M0071851,N,45,1,4777.98,0,2,0,822.17,3867.17,1.93
M0071852,N,48,0,21731.51,0,0,0,2230.4,26197.54,1.55
M0071853,N,79,0,5327.38,0,1,0,2665.1,4461.38,0.47
M0071854,N,20,0,3692.58,1,0,0,1499.95,2375.93,0.69
M0071855,N,51,1,6889.49,0,0,0,1118.01,8944.72,0.0
M0071856,N,29,1,55048.12,0,1,0,44082.69,21440.51,0.94
M0071857,N,53,1,7929.59,0,0,0,2485.28,7479.38,0.93
M0071858,Y,78,5,145292.5,3,3,2,78135.05,105381.57,3.47
M0071859,N,69,0,28264.64,0,0,0,2657.14,21183.39,1.45
M0071860,N,19,0,5712.77,0,1,0,799.62,4155.91,1.01
M0071861,N,64,1,5237.92,0,0,0,3581.15,3927.23,0.0
M0071862,N,53,1,17993.36,0,1,1,8484.54,15355.91,0.0
M0071863,N,63,0,13552.53,0,0,0,2930.06,9462.7,0.84
M0071864,N,26,0,10502.5,0,1,0,2999.9,10974.33,0.97
M0071865,N,38,1,3089.32,2,0,0,2058.67,1347.81,0.24
M0071866,N,80,0,18978.03,0,3,0,1209.06,15516.91,0.86
M0071867,N,68,0,17545.45,0,0,0,3302.74,10717.96,0.27
M0071868,N,18,2,96516.09,1,1,0,11010.83,68506.85,1.42
M0071869,N,58,1,9537.56,0,0,0,6554.7,2628.33,0.0
M0071870,N,61,0,13340.63,0,2,0,3823.41,9943.3,2.64
M0071871,N,24,0,9635.44,1,0,0,7372.79,8597.62,2.4
M0071872,N,66,2,3476.52,0,1,1,1142.92,3501.22,0.82
M0071873,N,46,0,17389.59,0,2,1,8816.76,8622.9,2.34
M0071874,Y,56,5,218733.98,1,2,5,93429.8,141320.81,4.99
M0071875,N,65,2,26982.86,1,0,0,1665.27,22537.83,1.01
M0071876,N,73,2,31523.91,1,1,0,13257.25,18306.24,1.44
M0071877,N,57,2,7304.01,0,0,0,1709.35,7604.24,1.86
M0071878,N,18,2,25487.8,0,0,0,3591.42,25301.13,2.49
M0071879,N,27,1,15266.09,0,1,0,5118.54,9994.62,2.27
M0071880,N,55,2,48951.41,0,1,0,14304.06,24636.14,1.4
M0071881,N,78,2,6120.02,0,1,0,1374.6,8278.24,1.25
M0071882,N,72,0,16391.13,1,1,0,3329.71,15792.49,0.94
M0071883,N,72,1,9843.2,0,0,0,1324.62,15717.49,0.18
M0071884,N,19,3,6543.43,0,1,0,497.12,8486.62,0.92
M0071885,N,32,0,11330.55,0,1,0,4564.61,12939.11,1.99
M0071886,N,40,1,31214.82,0,2,0,10016.61,37091.01,1.63
M0071887,N,49,1,19945.97,0,0,0,8897.59,7907.22,1.07
M0071888,N,37,2,15351.16,0,1,0,1785.54,15709.66,0.0
M0071889,N,45,0,3328.55,0,2,0,1556.09,2368.28,0.65
M0071890,N,27,1,5895.34,0,0,0,768.38,3872.91,1.53
M0071891,N,29,0,34565.63,2,0,2,11975.95,26043.87,0.97
M0071892,N,32,3,44547.95,1,1,0,3472.86,39366.82,2.44
M0071893,N,21,0,10116.72,0,2,0,10452.32,3668.25,0.39
M0071894,N,31,2,13352.95,0,3,1,1527.75,10071.0,1.94
M0071895,N,45,1,19127.37,0,0,0,8404.51,7479.55,0.39
M0071896,N,31,0,6098.45,0,0,0,1925.35,6622.1,1.91
M0071897,N,69,0,44666.58,0,1,0,3414.14,35751.14,0.98
M0071898,N,64,1,11837.67,0,2,1,5136.25,7619.21,0.5
M0071899,N,26,2,10494.98,0,0,0,3040.21,10644.76,1.31
M0071900,N,64,0,7445.32,0,0,0,2775.53,4113.13,0.31
M0071901,N,61,1,3034.94,0,1,1,722.57,2048.77,0.0
M0071902,N,41,0,24573.69,0,1,0,2004.04,20853.61,1.61
M0071903,N,75,0,13625.27,2,1,0,6198.36,14830.3,0.0
M0071904,Y,59,7,92992.04,3,5,4,42921.27,76723.96,4.9
M0071905,N,24,2,7448.08,0,0,0,1856.63,5277.89,0.96
M0071906,N,56,0,6325.44,1,0,0,923.42,6153.02,0.98
M0071907,N,59,1,20466.02,0,0,0,5239.7,11929.38,0.41
M0071908,N,80,1,9324.85,0,1,0,2263.58,9416.61,1.62
M0071909,N,23,1,12576.91,0,1,0,2331.46,8950.37,0.85
M0071910,N,63,0,23246.94,0,1,0,7343.2,11582.11,2.27
M0071911,N,43,0,2557.61,0,0,0,1865.25,2115.12,0.91
M0071912,N,80,1,4614.28,0,0,0,2767.05,2856.98,0.0
M0071913,N,77,1,6068.94,0,1,2,1608.11,4920.06,2.37
M0071914,N,45,1,17392.79,1,1,0,8033.93,12056.18,1.56
M0071915,N,78,0,4994.57,0,0,0,735.35,3521.42,2.2
M0071916,N,52,0,14563.01,0,1,0,4049.65,7439.39,1.23
M0071917,N,35,3,4595.57,0,0,0,1153.87,2509.26,1.23
M0071918,N,66,0,5614.88,0,0,0,4202.14,5379.22,1.37
M0071919,N,22,0,7203.12,0,0,0,3302.23,3020.55,0.46
M0071920,N,20,0,20036.28,0,0,0,3335.69,13396.32,1.24
M0071921,N,77,0,14122.98,0,0,0,4374.61,10976.76,0.84
M0071922,N,20,0,5432.5,0,0,0,406.04,4932.37,1.46
M0071923,N,59,1,24028.49,0,0,1,3437.68,16312.89,0.4
M0071924,N,65,2,15282.8,0,1,0,3144.29,12008.75,3.07
M0071925,N,66,1,12438.79,0,0,0,3518.23,8194.36,0.0
M0071926,N,22,0,4826.35,0,1,0,1202.92,3439.78,1.0
M0071927,N,19,1,29681.31,0,2,0,3335.91,39282.06,2.01
M0071928,N,60,2,16565.64,0,3,0,6473.89,19658.46,2.94
M0071929,N,20,2,45546.36,0,0,1,8759.56,28207.89,0.0
M0071930,N,36,0,4788.89,0,1,0,3865.39,3317.5,0.29
M0071931,N,76,1,19249.46,0,1,0,15287.32,9107.28,1.56
M0071932,N,80,2,14152.05,0,2,0,10900.76,11833.51,3.06
M0071933,N,68,0,7362.58,0,0,0,894.78,7523.34,0.54
M0071934,N,39,1,7072.02,0,1,0,2799.2,4816.57,0.52
M0071935,N,40,1,6130.27,0,1,0,1132.58,3695.56,0.0
M0071936,N,67,1,10448.67,0,0,0,3005.12,6231.88,0.16
M0071937,N,30,0,7189.89,0,0,0,2019.41,5934.05,0.92
M0071938,N,71,2,8203.07,0,0,0,4743.47,4541.53,0.0
M0071939,N,54,0,13656.45,0,1,1,4183.62,9022.75,0.96
M0071940,N,19,2,22806.11,0,0,1,17178.04,8941.88,1.47
M0071941,N,37,2,9442.3,0,2,0,2320.54,12234.77,2.46
M0071942,N,44,2,30240.75,0,1,2,6599.94,43562.51,3.32
M0071943,N,75,0,4716.03,1,0,0,450.76,6663.1,0.78
M0071944,N,70,1,11589.48,1,0,0,4735.75,15858.0,1.83
M0071945,N,47,1,5365.95,0,0,0,1486.1,3174.31,0.45
M0071946,N,38,2,18929.43,0,0,0,6577.37,12687.24,2.07
M0071947,N,55,1,12117.95,1,0,1,2058.67,7736.08,0.1
M0071948,N,25,0,8119.75,0,0,0,3105.62,3885.3,0.0
M0071949,N,41,1,25860.62,0,2,0,5683.01,21852.94,1.09
M0071950,N,40,0,3395.26,1,1,0,1736.47,1464.31,1.53
M0071951,N,34,3,18701.67,0,1,0,1006.08,21630.87,1.96
M0071952,N,40,1,25631.63,0,1,1,9065.34,11613.93,1.69
M0071953,N,70,2,11439.67,1,1,0,2287.38,7480.42,0.89
M0071954,N,58,2,1667.0,0,0,1,265.55,2693.76,1.43
M0071955,N,30,3,6145.54,0,2,0,1183.83,4395.39,0.84
M0071956,N,80,0,12175.01,1,0,1,4558.6,5172.29,0.24
M0071957,N,24,1,2411.16,1,0,0,673.53,2655.42,0.0
M0071958,N,54,0,22216.5,0,0,1,1001.29,19012.73,0.0
M0071959,N,62,1,14609.91,0,0,0,4029.62,9546.11,1.68
M0071960,N,60,0,8074.9,0,2,0,2408.21,4983.47,1.42
M0071961,N,52,0,78167.48,1,2,0,2859.79,61224.1,0.72
M0071962,N,37,1,69519.34,0,0,1,10341.53,88383.56,1.11
M0071963,N,19,1,9887.6,0,0,0,3609.42,6161.78,0.0
M0071964,N,63,1,10647.46,1,1,0,2600.97,8568.72,2.02
M0071965,N,25,0,15628.69,1,2,0,2916.92,11174.81,0.65
M0071966,N,56,0,9044.87,0,0,0,1133.1,8110.97,0.0
M0071967,N,33,0,5558.34,0,0,1,1273.05,4577.86,0.09
M0071968,N,48,0,19699.14,0,2,0,16706.87,6167.91,0.0
M0071969,N,77,0,16174.25,0,0,0,1362.46,14587.19,2.81
M0071970,N,77,0,30720.63,0,1,0,2943.66,21592.81,0.11
M0071971,N,36,0,5288.31,0,1,0,1219.79,3085.61,1.03
M0071972,N,77,1,19152.17,0,1,0,2428.42,17719.36,2.24
M0071973,N,60,0,4945.12,0,1,0,799.52,5580.69,1.06
M0071974,N,66,0,4422.98,1,0,0,3356.65,2114.09,0.85
M0071975,N,27,0,17505.06,0,0,1,4386.06,10139.61,1.5
M0071976,N,30,1,11274.8,1,2,0,2020.17,11929.15,1.92
M0071977,N,73,0,9546.21,0,0,0,2148.31,5593.13,1.45
M0071978,N,31,1,10643.06,1,3,0,2903.48,10405.55,0.08
M0071979,N,64,1,8134.47,0,1,0,3637.81,9651.67,0.0
M0071980,N,34,2,20851.34,0,2,1,2495.66,23997.52,1.25
M0071981,N,31,0,6370.16,0,1,0,2033.29,3939.97,0.85
M0071982,N,45,1,15538.62,0,1,0,1112.81,11500.95,1.58
M0071983,N,67,2,8243.02,2,0,1,2870.04,11399.87,1.01
M0071984,N,23,0,2851.63,2,1,0,238.26,2307.02,0.0
M0071985,N,28,3,2893.0,1,1,0,2040.8,2030.2,3.04
M0071986,N,41,1,10206.27,0,1,0,3183.5,8600.84,0.42
M0071987,N,23,0,10184.93,1,0,0,611.95,14401.62,0.42
M0071988,N,60,0,12889.6,0,0,0,2334.56,8215.36,1.17
M0071989,N,18,0,16076.91,0,2,0,1976.92,13335.16,0.93
M0071990,N,27,1,5095.2,0,0,1,1549.75,3378.27,1.69
M0071991,N,73,0,7159.97,0,0,0,1267.49,6124.66,2.27
M0071992,N,25,1,14361.12,0,0,1,3916.62,7485.8,3.06
M0071993,N,73,0,8733.23,1,1,0,3323.84,4573.29,1.65
M0071994,N,76,1,8431.92,0,1,0,622.39,12895.27,1.86
M0071995,N,56,1,2755.92,1,2,0,1050.02,3386.3,0.0
M0071996,N,70,1,2623.99,0,0,1,1001.11,2300.15,0.0
M0071997,N,75,0,15771.01,0,0,0,1890.12,12084.73,1.79
M0071998,N,38,0,11103.25,0,3,0,4186.61,7506.48,1.46
M0071999,N,25,0,2425.46,0,0,0,745.75,3052.01,0.69
M0072000,N,26,2,13278.7,1,1,0,3372.38,19080.71,1.63
M0072001,Y,41,3,203393.81,3,6,3,75549.25,204664.16,3.97
M0072002,N,74,1,11523.7,3,2,0,3006.78,14829.07,0.98
M0072003,N,30,3,2706.78,0,1,0,830.14,1959.68,0.04
M0072004,N,70,0,22850.92,0,2,0,7902.46,11112.28,1.79
M0072005,N,39,1,4794.9,0,2,0,1727.17,4259.19,0.77
M0072006,N,45,1,5026.39,0,2,1,1446.48,5869.49,0.99
M0072007,N,43,1,17036.95,0,1,0,7949.35,6813.85,1.08
M0072008,N,72,0,10352.81,0,0,0,1461.17,16740.71,0.25
M0072009,N,34,1,7036.19,0,2,0,2312.26,6442.08,2.07
M0072010,N,49,1,18238.18,0,1,0,6594.95,23177.68,0.14
M0072011,N,73,1,4219.14,1,0,0,2149.1,4451.45,1.18
M0072012,N,37,0,5922.53,0,1,0,4472.03,3345.42,0.15
M0072013,N,69,0,4207.87,0,0,0,2428.89,4633.7,0.01
M0072014,N,45,0,5229.48,1,1,0,2681.9,5056.08,0.72
M0072015,N,76,1,13423.6,0,1,0,2073.31,8683.59,1.1
M0072016,N,53,3,14514.92,2,1,0,2460.91,17826.39,2.24
M0072017,N,26,1,9599.33,0,3,1,2061.58,6878.27,2.41
M0072018,N,29,1,12022.82,0,0,1,4072.63,8927.56,0.59
M0072019,N,26,0,19789.45,1,1,0,7279.22,8561.55,0.88
M0072020,N,52,0,8818.16,0,1,0,3694.01,5659.8,0.97
M0072021,N,22,1,6567.16,0,0,0,2395.92,6728.46,2.07
M0072022,N,29,3,3608.69,0,0,0,365.48,5626.98,0.88
M0072023,N,71,1,13300.41,0,0,0,1007.78,14262.06,0.24
M0072024,N,39,0,16906.47,0,2,0,2405.44,18500.68,1.13
M0072025,N,56,0,5351.47,1,0,0,1603.96,3561.02,0.0
M0072026,Y,83,4,395823.3,5,3,4,85912.19,261077.06,5.42
M0072027,N,73,1,6994.87,1,0,0,1674.18,8666.16,1.27
M0072028,N,56,0,19934.97,1,1,1,1806.53,16514.56,1.2
M0072029,N,40,1,11208.38,1,1,0,4971.3,13160.22,2.72
M0072030,N,63,0,17382.2,0,1,0,2884.95,15272.69,2.24
M0072031,Y,43,3,281897.58,5,3,4,154746.2,197650.68,6.13
M0072032,N,48,1,8145.75,0,1,1,5672.71,7142.3,1.17
M0072033,N,25,1,9387.56,0,2,0,2609.27,5119.58,1.33
M0072034,N,39,1,27307.31,0,0,0,2139.2,33702.89,0.5
M0072035,N,55,3,8746.71,0,3,0,1804.08,5559.86,1.96
M0072036,N,42,1,4921.53,0,0,0,732.72,4964.51,0.0
M0072037,N,79,2,37848.24,0,0,0,1272.44,49734.98,2.67
M0072038,N,69,1,47347.12,0,0,0,3787.08,41760.78,1.87
M0072039,N,37,2,7796.55,0,1,0,6076.17,7971.88,1.45
M0072040,N,72,2,5393.91,0,0,0,1157.31,3945.34,1.24
M0072041,N,32,0,8881.58,0,1,0,1723.85,5710.98,1.07
M0072042,N,33,3,13817.85,1,2,1,9048.0,13305.89,2.07
M0072043,N,57,1,6234.99,1,1,1,1285.69,6644.09,0.59
M0072044,N,36,0,6922.89,0,3,1,1284.98,4867.02,2.91
M0072045,N,36,3,26854.66,0,1,1,14447.39,28223.3,2.95
M0072046,N,80,1,11708.67,0,1,0,4643.04,10055.58,1.65
M0072047,N,63,2,8516.99,0,0,1,2580.14,4890.47,0.74
M0072048,N,49,0,16867.02,0,0,0,3948.3,11193.15,1.31
M0072049,N,72,0,3858.43,1,0,1,918.31,4801.73,0.31
M0072050,N,65,1,9604.13,0,1,0,2521.51,8720.63,0.7
M0072051,N,42,1,5830.14,0,0,0,6470.13,4050.75,2.76
M0072052,N,74,0,14501.02,0,0,0,3943.7,10615.54,2.47
M0072053,N,18,0,6039.86,0,2,0,1007.27,5305.92,0.49
M0072054,N,41,0,2975.04,0,0,3,1170.18,3567.51,0.89
M0072055,N,69,0,6759.77,0,0,0,1245.87,4897.3,1.73
M0072056,N,19,1,20200.31,1,0,2,12750.84,11172.85,0.95
M0072057,N,50,0,7793.95,0,1,0,2229.6,6563.7,0.19
M0072058,Y,75,3,146367.12,3,4,2,128580.83,56676.87,3.01
M0072059,N,19,1,59946.58,0,2,1,9231.62,37899.47,1.79
M0072060,N,22,1,6924.1,0,0,0,907.65,4527.38,0.2
M0072061,N,26,0,2881.82,1,0,0,1861.86,1805.73,0.0
M0072062,N,51,1,23366.77,0,0,0,2600.88,19821.84,0.82
M0072063,N,70,1,22984.88,0,0,2,2895.81,21715.4,0.0
M0072064,N,57,1,3581.01,1,0,0,484.74,4135.25,0.0
M0072065,N,78,1,15670.49,0,0,0,3616.12,19082.38,0.0
M0072066,Y,49,4,107912.92,2,1,1,49283.71,82383.06,4.55
M0072067,N,41,2,6272.47,0,0,1,4102.39,4762.58,1.89
M0072068,N,62,0,12185.52,0,2,0,4114.41,12639.03,0.86
M0072069,N,48,0,12166.4,0,0,0,6512.66,3065.45,0.4
M0072070,N,60,1,13410.66,1,1,1,5396.67,7455.32,0.49
M0072071,N,43,2,10918.51,0,0,2,2628.6,10886.27,2.4
M0072072,N,40,1,5701.94,0,0,0,409.23,6756.56,0.0
M0072073,N,69,0,6029.14,0,0,0,1494.61,3746.46,0.17
M0072074,N,41,0,13952.88,0,1,0,896.43,14522.84,0.19
M0072075,N,27,1,13132.62,0,1,0,1514.76,9832.31,1.06
M0072076,N,38,0,12962.83,0,0,0,2358.88,8059.31,1.48
M0072077,N,68,1,9336.06,0,1,0,1443.16,14817.26,0.0
M0072078,N,44,1,3997.85,0,0,0,2326.99,2151.93,0.0
M0072079,N,39,0,19087.55,0,1,0,342.67,14808.1,1.39
M0072080,N,51,0,1016.12,0,0,0,251.37,625.87,1.08
M0072081,N,45,3,36378.03,0,3,1,17972.73,25850.8,1.81
M0072082,Y,48,8,247694.71,7,3,3,148688.8,169501.88,8.34
M0072083,N,62,3,9047.44,0,0,0,3734.96,11124.82,1.83
M0072084,N,66,1,7698.87,0,0,1,2879.85,10345.09,1.52
M0072085,N,25,1,5716.31,0,1,0,2094.13,6260.39,1.15
M0072086,N,73,1,2426.7,0,0,0,914.27,1308.91,0.0
M0072087,N,76,2,7229.62,0,1,1,1580.21,4157.47,1.8
M0072088,N,59,1,8909.07,0,0,0,952.88,11191.44,0.0
M0072089,N,62,0,21625.67,0,1,0,12686.57,11390.98,1.83
M0072090,N,80,1,3446.34,1,1,0,1230.57,3847.94,1.27
M0072091,N,37,0,8368.7,0,0,0,444.32,9114.64,0.0
M0072092,N,40,2,15111.01,0,0,1,8223.7,17483.06,2.24
M0072093,N,18,0,13515.55,0,0,0,3062.92,14359.83,0.0
M0072094,N,21,1,1622.92,0,0,0,886.57,2006.41,0.85
M0072095,N,72,1,8496.31,0,0,0,6950.45,1547.91,1.77
M0072096,N,44,0,6723.44,0,0,0,2372.17,6982.59,1.35
M0072097,N,80,0,23392.71,0,0,0,971.36,17569.76,1.09
M0072098,N,23,1,18809.01,0,1,0,9074.57,21210.28,0.11
M0072099,N,45,0,18500.56,0,0,0,5785.81,25153.47,1.85
M0072100,N,22,2,5122.67,0,0,0,2818.12,2216.18,0.0
M0072101,Y,62,2,130932.14,1,3,3,42530.66,122127.06,4.05
M0072102,N,31,2,32790.66,0,1,0,6160.33,19821.93,0.0
M0072103,N,78,2,10823.84,1,0,0,5510.25,8894.75,1.63
M0072104,N,39,0,9194.53,0,0,0,762.88,9030.37,0.0
M0072105,Y,56,3,442255.24,7,5,5,172357.25,228792.96,9.25
M0072106,N,71,2,13779.11,1,0,0,692.66,10912.75,0.48
M0072107,N,25,2,15692.25,1,1,0,897.65,19003.42,0.0
M0072108,N,19,1,15235.05,0,0,1,4575.74,20746.69,1.02
M0072109,N,31,1,17165.68,1,0,0,5224.37,12632.73,0.66
M0072110,N,49,1,7542.73,1,0,0,4878.96,4910.22,1.39
M0072111,N,50,1,9092.29,0,0,1,2308.37,5790.69,0.92
M0072112,N,52,3,24849.94,1,2,0,9327.64,13135.0,2.63
M0072113,N,80,0,8383.61,0,0,0,2042.73,7672.15,1.59
M0072114,N,53,1,32121.77,0,0,2,3385.04,34617.98,1.13
M0072115,N,69,0,14327.12,0,1,0,2800.86,11082.96,0.32
M0072116,N,31,1,25457.66,0,0,0,7414.41,18051.33,3.05
M0072117,N,45,0,4403.02,0,1,0,1769.21,5680.32,0.0
M0072118,N,33,1,10863.69,0,0,1,3086.29,11142.49,0.72
M0072119,N,53,1,4558.01,0,0,0,2505.0,3052.7,0.0
M0072120,N,52,1,5150.03,0,0,0,4750.13,4299.8,0.63
M0072121,N,26,0,10328.89,0,1,0,2399.73,8419.04,1.97
M0072122,N,68,1,4368.71,0,0,0,1240.97,5848.8,2.58
M0072123,N,76,2,7352.77,1,0,0,2851.47,7292.22,1.14
M0072124,N,41,2,4569.87,0,0,0,2150.65,2891.4,1.39
M0072125,N,39,0,9275.74,1,0,0,4240.45,3723.82,2.01
M0072126,N,19,0,47800.07,0,1,0,3030.11,43254.29,1.12
M0072127,N,25,0,5558.18,0,0,0,1343.32,7687.22,1.56
M0072128,N,77,1,15525.04,1,2,0,7788.5,14570.77,2.72
M0072129,N,31,0,3990.63,0,1,0,1434.29,4229.12,0.62
M0072130,Y,64,4,337399.38,5,4,5,128651.31,163406.75,6.62
M0072131,N,27,1,6609.01,0,1,0,1682.42,4374.01,0.0
M0072132,N,31,1,6732.49,0,0,0,3364.03,4701.4,1.58
M0072133,N,32,0,5607.59,0,1,0,1683.92,5919.68,1.96
M0072134,N,37,1,17941.31,0,0,0,4489.21,10411.7,0.98
M0072135,N,45,1,6117.52,0,1,0,1614.14,8503.83,0.9
M0072136,N,80,1,24172.37,0,1,1,2672.89,35674.38,1.69
M0072137,N,22,2,29045.52,0,3,0,8417.34,17094.59,0.28
M0072138,N,64,0,3631.1,1,0,0,300.48,2910.02,0.63
M0072139,N,70,1,9836.09,0,3,3,1730.21,9643.51,2.57
M0072140,N,70,1,10968.5,0,3,0,3710.5,6503.28,0.61
M0072141,N,68,2,16986.2,0,0,0,2832.73,17115.12,2.26
M0072142,N,61,0,7976.8,0,1,0,3607.57,7845.34,1.32
M0072143,N,19,2,7512.28,0,2,0,1971.63,4837.42,1.19
M0072144,N,62,1,24846.74,0,1,0,18698.67,7576.66,2.1
M0072145,N,62,2,10208.13,0,0,0,5105.87,4384.98,0.47
M0072146,N,59,2,11279.95,0,0,0,13293.91,2115.47,0.67
M0072147,N,72,0,7037.41,0,0,0,1283.08,6865.81,1.62
M0072148,N,44,0,5708.4,1,0,0,805.71,8107.19,0.25
M0072149,N,48,2,11561.85,0,0,0,853.08,10169.58,2.01
M0072150,N,68,1,4483.69,0,1,1,3034.0,4213.45,0.99
M0072151,Y,47,4,174444.2,1,5,4,61968.1,129720.23,3.74
M0072152,N,73,0,9464.49,0,2,0,4478.76,3646.28,0.13
M0072153,N,23,3,20144.45,0,0,1,5658.79,16466.36,2.06
M0072154,N,36,1,28300.84,0,2,1,3659.18,18743.94,1.54
M0072155,N,74,0,16695.85,0,2,0,6640.01,6569.97,0.81
M0072156,N,72,0,26997.92,0,0,0,6959.41,16423.53,0.54
M0072157,N,36,1,12148.63,0,0,0,3084.5,6674.36,0.53
M0072158,N,62,3,7484.64,0,1,1,1783.19,11011.87,1.3
M0072159,N,22,0,9659.41,1,1,0,4664.68,10694.94,0.43
M0072160,N,37,1,13561.59,0,2,0,1834.82,12994.01,0.81
M0072161,N,56,1,26550.43,0,1,1,1074.76,20564.38,2.4
M0072162,Y,73,5,148888.98,1,4,1,103514.12,106518.83,3.84
M0072163,N,76,0,13113.56,0,0,1,4356.15,8821.58,0.19
M0072164,N,57,2,8273.97,0,1,0,613.21,9582.94,1.37
M0072165,N,55,2,12112.75,0,1,0,913.95,9902.3,0.96
M0072166,N,48,1,8277.46,0,0,0,4550.19,5892.26,0.69
M0072167,N,76,2,12337.32,0,0,0,5377.54,15973.06,1.84
M0072168,N,32,0,16181.47,0,2,1,3058.33,13072.14,0.0
M0072169,N,23,2,13924.74,0,0,0,2758.89,11816.48,0.0
M0072170,N,60,1,17617.24,1,2,0,3701.08,14064.92,1.6
M0072171,N,74,0,6817.41,0,0,0,888.27,9939.56,0.0
M0072172,N,60,0,10979.69,0,0,0,2329.78,12183.79,1.62
M0072173,N,76,1,5391.94,0,0,1,1693.81,4160.4,0.35
M0072174,N,40,0,9659.93,0,0,0,2157.32,6596.33,0.79
M0072175,N,71,2,16125.16,1,2,2,4059.0,15769.75,1.98
M0072176,N,63,1,25783.32,0,1,1,2659.21,22364.39,1.01
M0072177,N,65,0,6863.34,0,0,1,863.19,6301.59,0.0
M0072178,N,65,2,11334.34,0,0,2,941.26,10920.52,1.34
M0072179,N,64,1,6420.73,0,2,0,1440.49,4330.3,0.11
M0072180,N,55,0,7194.85,0,2,0,971.92,4867.08,0.8
M0072181,N,50,2,4374.01,0,1,0,2423.36,2146.18,1.0
M0072182,N,41,2,23343.21,1,0,0,3016.75,21983.55,0.85
M0072183,N,52,3,21583.12,0,2,1,2665.83,14774.47,0.2
M0072184,N,51,0,9636.38,0,0,0,5049.85,8139.74,2.42
M0072185,N,20,1,24388.58,0,2,0,10232.66,15199.48,3.26
M0072186,N,76,0,16611.07,0,0,0,460.34,12727.89,0.53
M0072187,N,37,2,3456.65,0,0,1,1086.08,5119.84,0.15
M0072188,Y,75,8,309812.29,4,4,2,86344.48,173070.14,2.3
M0072189,N,54,0,9618.77,0,0,0,1313.63,6956.59,0.0
M0072190,N,57,2,7943.65,1,0,1,4450.84,3378.93,0.96
M0072191,N,62,1,10658.3,1,0,0,5544.19,9676.06,0.34
M0072192,N,50,0,7284.27,1,0,1,1569.99,8494.71,1.33
M0072193,N,25,2,12937.9,1,2,0,11527.15,8283.04,1.81
M0072194,N,44,1,5070.11,1,0,0,851.37,4238.21,0.76
M0072195,N,43,2,10603.86,0,0,2,6210.74,4803.32,1.52
M0072196,N,56,0,6430.56,0,1,0,3411.08,4306.2,1.41
M0072197,N,38,2,35028.24,0,1,0,23433.26,8484.51,1.5
M0072198,N,58,1,28388.05,1,0,1,4662.19,30354.61,2.03
M0072199,N,26,1,7670.14,0,0,0,2197.42,4029.79,0.73
M0072200,N,31,0,11233.33,0,0,0,817.69,9546.65,1.39
M0072201,N,34,2,11129.34,0,0,0,3202.61,7934.0,0.54
M0072202,N,39,2,9915.12,0,0,0,1532.56,10287.59,0.94
M0072203,N,79,0,16706.73,0,0,2,2441.66,24109.94,2.39
M0072204,N,19,1,5988.13,0,0,0,634.9,7993.96,0.0
M0072205,N,58,2,13087.34,0,2,1,6440.94,12375.86,1.41
M0072206,N,42,0,9052.98,0,3,0,4172.77,9583.37,0.37
M0072207,N,22,1,9156.81,0,0,0,6881.03,6079.43,1.14
M0072208,N,23,1,8015.23,0,0,1,6048.57,7518.5,1.0
M0072209,N,44,2,18528.42,1,1,0,4071.25,20604.14,0.66
M0072210,N,73,0,16208.28,0,1,1,1218.17,12267.91,0.17
M0072211,N,18,0,10048.07,0,1,0,4082.06,6559.13,0.0
M0072212,N,42,1,8069.63,0,1,0,3313.93,5346.2,0.64
M0072213,N,20,1,16923.37,0,0,0,647.13,15646.16,1.13
M0072214,N,35,0,18110.82,0,2,0,2123.37,18311.05,0.0
M0072215,N,75,0,10837.47,1,0,0,2075.69,7481.09,1.48
M0072216,N,59,0,26296.17,1,1,0,7118.9,16122.31,1.48
M0072217,N,58,4,51310.03,0,1,1,33214.95,20737.58,2.56
M0072218,N,73,1,9386.25,0,1,0,6046.0,9176.92,2.83
M0072219,N,34,1,8215.99,1,0,0,1486.97,4977.27,1.09
M0072220,N,18,2,7781.76,0,0,0,2331.59,4010.93,0.92
M0072221,N,40,3,31349.34,1,2,0,8977.02,33553.0,1.89
M0072222,N,60,2,37361.28,0,2,0,11150.2,28006.59,1.38
M0072223,N,34,2,7399.73,0,0,0,1856.75,7436.26,0.54
M0072224,N,68,2,10479.62,0,0,1,7086.88,6772.46,0.6
M0072225,N,72,1,8306.47,0,0,0,2107.46,7183.51,1.55
M0072226,N,67,0,31554.11,0,0,0,3764.7,25414.89,2.38
M0072227,N,41,0,11893.45,0,0,1,2372.91,10785.63,0.11
M0072228,N,45,1,13308.91,0,1,0,5984.46,7162.54,2.42
M0072229,N,47,0,15821.16,0,2,2,6630.9,13823.16,1.44
M0072230,N,26,1,4177.85,1,0,0,1395.31,3544.22,0.0
M0072231,N,27,1,15761.74,0,0,1,2608.1,17300.4,1.83
M0072232,N,43,2,30955.55,0,0,1,9791.3,28368.72,1.02
M0072233,N,71,2,16778.79,0,1,0,4172.76,10568.32,3.01
M0072234,N,56,2,11375.65,0,2,0,5195.05,5142.2,0.66
M0072235,N,25,2,19527.14,0,0,0,9590.39,12609.63,1.38
M0072236,N,19,0,26104.79,1,3,0,1174.04,22046.62,1.59
M0072237,N,67,1,2448.75,0,0,0,1350.96,2645.98,1.97
M0072238,N,76,1,30034.58,0,1,0,2243.63,26111.79,0.63
M0072239,N,30,2,59681.31,0,0,1,12067.95,45619.32,1.94
M0072240,N,36,0,1808.4,0,0,1,780.88,1710.91,0.0
M0072241,N,18,0,7377.22,0,0,0,2669.3,5073.4,1.89
M0072242,N,59,0,5777.96,0,2,0,889.99,5114.45,0.0
M0072243,N,67,1,17017.25,0,1,1,10244.43,8429.42,1.42
M0072244,N,56,2,9946.11,0,1,0,9145.58,1675.47,1.31
M0072245,N,52,0,11632.45,0,3,0,8664.0,11057.75,3.12
M0072246,N,73,1,7317.44,0,0,1,747.23,6227.4,1.9
M0072247,N,46,1,21738.94,0,0,0,18247.41,6416.71,0.98
M0072248,N,64,1,6791.97,0,0,0,2162.49,3307.36,1.54
M0072249,N,63,0,4097.96,0,1,0,1582.94,4579.46,2.2
M0072250,N,25,2,17733.66,0,0,0,4094.85,14411.44,2.77
M0072251,N,68,1,3768.16,0,1,0,2614.02,4005.26,1.11
M0072252,N,55,0,5291.0,0,0,0,3327.87,2621.24,0.54
M0072253,N,47,1,5046.31,1,0,1,690.42,3564.85,1.03
M0072254,N,46,1,10803.91,1,1,0,1792.92,17449.53,1.25
M0072255,N,41,1,9972.94,0,1,0,1036.24,7768.98,1.38
M0072256,N,76,0,13546.87,0,1,0,1527.15,10355.93,1.06
M0072257,N,18,0,10562.0,0,2,1,1569.52,6743.24,1.36
M0072258,N,70,1,10426.65,1,1,1,2994.77,6056.78,0.81
M0072259,N,73,1,5253.18,1,0,0,1022.53,3658.75,0.79
M0072260,Y,37,3,249369.57,4,7,3,105054.82,110054.78,6.35
M0072261,N,41,0,12438.73,0,0,0,2160.36,8281.19,1.37
M0072262,Y,45,7,248091.62,1,4,4,120474.59,159684.63,4.59
M0072263,N,49,2,9482.05,0,0,1,3472.74,5618.01,1.17
M0072264,Y,69,3,99443.28,1,3,1,36318.11,100304.94,2.0
M0072265,N,36,1,25128.36,0,0,0,5616.18,14449.67,0.08
M0072266,N,67,0,3608.23,0,1,0,2436.89,2564.7,0.76
M0072267,N,62,1,4471.04,0,0,0,4368.66,1933.47,2.27
M0072268,N,68,2,15229.19,0,2,0,1569.11,13296.47,0.0
M0072269,N,76,2,12657.99,0,3,0,3539.24,10867.81,0.65
M0072270,N,69,1,15711.83,0,2,0,1039.71,11310.67,0.54
M0072271,N,80,1,5499.59,0,0,0,2593.06,3532.8,0.0
M0072272,N,20,1,8280.81,0,0,1,5725.56,3491.42,0.35
M0072273,N,46,3,20839.59,0,0,0,5254.4,19887.07,0.21
M0072274,N,79,0,9096.29,0,1,0,1399.77,9917.33,1.95
M0072275,N,65,3,35757.12,0,2,2,9133.5,24831.18,2.18
M0072276,N,33,0,21297.25,1,1,0,2709.86,14281.92,2.55
M0072277,Y,77,5,379511.2,4,6,2,176495.09,274977.31,4.54
M0072278,N,32,2,4624.56,0,0,0,2779.85,4101.82,0.78
M0072279,N,58,1,25700.21,0,2,1,8228.66,15065.2,1.88
M0072280,N,45,3,13878.34,1,2,0,1830.1,13149.6,3.08
M0072281,N,57,0,25888.44,0,1,0,3982.71,35143.48,1.78
M0072282,N,76,2,34862.45,0,1,1,15391.21,16236.03,0.98
M0072283,Y,69,3,177785.68,5,2,3,72557.27,169119.44,5.57
M0072284,N,24,2,14446.76,0,0,0,12269.23,5685.22,0.75
M0072285,N,68,3,6940.93,0,0,0,4480.13,4108.55,1.13
M0072286,N,74,1,15023.28,0,1,0,6076.86,6150.48,1.36
M0072287,N,44,1,10267.14,0,0,0,4354.93,3739.74,0.95
M0072288,N,53,0,10215.33,0,2,1,2653.39,11173.74,1.07
M0072289,N,27,3,30080.24,0,2,1,5754.08,34384.66,1.56
M0072290,Y,60,7,131616.23,2,3,3,55491.16,120121.18,3.76
M0072291,N,18,1,8741.58,0,0,0,5823.15,1783.18,0.94
M0072292,N,27,2,8717.99,0,0,0,1558.86,5760.55,0.11
M0072293,N,62,0,14593.16,0,1,0,6250.03,11284.37,2.69
M0072294,N,33,0,4542.29,0,1,0,1778.04,4157.05,2.15
M0072295,N,46,0,9797.15,0,0,0,805.53,9639.58,0.89
M0072296,N,34,0,5638.33,0,2,0,2302.76,6308.85,1.13
M0072297,N,64,1,11902.83,0,1,0,4330.08,7032.25,0.46
M0072298,N,29,0,25896.29,1,2,1,12926.7,9239.86,2.34
M0072299,N,58,0,14799.28,0,1,1,879.9,12842.04,2.15
M0072300,N,30,0,13551.63,1,0,0,1700.59,13665.53,0.93
M0072301,N,33,0,13799.11,0,1,1,8846.72,7278.68,2.6
M0072302,Y,36,6,312139.23,2,5,3,162454.46,145470.78,4.47
M0072303,N,48,1,22950.32,0,0,1,3059.65,15787.57,1.99
M0072304,N,54,0,4187.24,0,0,1,498.98,3844.75,0.58
M0072305,Y,60,5,134034.37,1,1,1,64809.73,89471.63,2.85
M0072306,N,75,0,8312.52,0,0,0,1936.93,5903.11,1.31
M0072307,N,36,1,13045.2,1,0,0,1827.16,10142.84,2.21
M0072308,N,53,2,18321.8,0,1,0,1173.97,14485.11,0.12
M0072309,N,55,3,60633.24,1,3,1,6267.84,71456.56,2.34
M0072310,N,79,2,8057.84,0,3,1,4122.16,4371.68,2.76
M0072311,N,34,2,14439.38,0,0,0,5302.95,7966.08,0.99
M0072312,N,20,1,7205.09,0,0,0,1766.16,4909.26,0.72
M0072313,N,30,1,10812.33,0,0,0,2575.94,14241.68,0.0
M0072314,N,77,0,3641.88,0,0,0,1153.51,1719.12,0.67
M0072315,N,40,2,12868.59,0,1,0,1739.17,16581.74,1.55
M0072316,N,62,0,4902.49,2,0,0,1565.31,4625.57,0.73
M0072317,N,32,3,34387.51,0,2,1,6236.48,31203.8,3.66
M0072318,N,47,2,5688.59,0,0,0,4153.56,4516.05,0.48
M0072319,N,70,0,5578.44,0,0,0,672.0,4586.17,0.74
M0072320,N,26,1,4836.12,0,0,0,1771.0,6594.56,0.06
M0072321,N,65,1,5836.77,0,0,0,1646.79,3305.91,1.03
M0072322,N,39,0,6492.79,2,1,0,2245.55,5060.87,1.05
M0072323,N,76,0,6356.49,0,0,0,2894.28,2577.28,0.58
M0072324,N,64,2,25097.25,0,0,1,9837.07,11315.43,1.4
M0072325,N,49,1,12551.32,0,0,0,3774.61,11295.58,1.18
M0072326,N,41,0,24339.23,0,1,1,12318.79,15642.51,3.14
M0072327,N,78,2,5838.64,1,2,0,1594.81,3121.18,2.03
M0072328,N,28,3,25107.65,3,0,0,2240.24,17831.77,1.7
M0072329,N,58,1,29662.18,1,0,0,1767.74,23430.6,1.8
M0072330,N,46,2,16202.37,0,3,0,6210.9,13296.91,1.64
M0072331,N,69,1,5310.1,0,2,0,1684.42,6097.71,0.18
M0072332,N,72,2,14575.57,0,1,0,2219.92,16444.35,0.28
M0072333,N,56,0,7279.23,1,2,1,1596.13,7589.86,0.98
M0072334,N,22,1,17178.81,0,0,1,2159.52,13343.89,0.34
M0072335,N,53,0,8306.99,0,0,1,1669.65,6180.36,0.0
M0072336,N,60,2,7093.16,0,0,1,3163.31,9255.68,0.91
M0072337,N,45,1,6558.71,0,2,1,1092.52,7560.11,1.91
M0072338,N,78,0,11444.96,0,1,0,9470.33,2049.2,0.62
M0072339,N,32,0,14528.0,0,0,0,830.78,10763.64,0.0
M0072340,N,28,0,19206.68,0,0,0,2263.98,19209.51,1.37
M0072341,N,30,1,8288.06,0,0,0,1178.93,5645.22,0.96
M0072342,N,29,0,11992.63,0,0,1,8053.87,4633.84,1.71
M0072343,N,66,0,1290.04,1,0,0,705.17,948.14,0.06
M0072344,Y,51,6,236130.87,3,4,3,56228.39,162734.48,4.33
M0072345,Y,60,7,208271.68,3,2,4,90706.88,134277.46,4.41
M0072346,N,74,1,17242.72,0,2,0,1802.4,20439.7,0.78
M0072347,N,67,1,11866.91,0,0,0,6853.26,7079.83,0.94
M0072348,N,46,2,14549.75,0,1,1,8537.51,11822.86,2.2
M0072349,N,29,0,6199.48,0,0,0,805.53,4663.32,0.0
M0072350,N,47,0,16490.13,0,0,0,12609.44,12519.76,1.71
M0072351,N,36,1,9761.44,1,0,0,4176.24,6858.08,2.29
M0072352,N,74,2,40790.83,0,2,0,2432.9,29835.74,0.96
M0072353,N,25,1,27721.41,0,1,0,2898.14,18918.2,0.76
M0072354,Y,74,5,239437.8,4,1,1,84432.2,136155.97,2.76
M0072355,N,29,1,11355.48,0,1,0,1303.95,7953.69,0.33
M0072356,N,47,1,13199.94,1,0,0,5684.34,6179.9,0.77
M0072357,N,61,0,8177.77,0,0,0,1354.21,7016.93,0.59
M0072358,N,28,1,9752.98,0,0,0,1672.63,6286.29,2.91
M0072359,N,19,1,10988.94,1,0,0,616.12,9344.91,0.0
M0072360,N,24,2,23835.03,0,0,0,1833.91,20525.3,0.56
M0072361,N,38,1,13077.74,0,0,0,1606.86,9352.92,1.71
M0072362,N,79,2,9505.94,0,0,0,1536.14,10108.12,0.79
M0072363,N,60,1,38734.31,0,1,1,40051.95,8135.7,2.06
M0072364,N,65,1,7112.55,0,0,0,1270.62,5616.77,0.24
M0072365,N,55,1,4392.71,0,1,0,1562.05,6030.51,0.78
M0072366,N,42,0,8170.65,0,2,1,4034.95,6487.75,2.47
M0072367,N,57,1,27138.2,0,0,0,7661.63,15802.51,1.05
M0072368,N,19,1,12286.25,0,0,0,1454.0,8314.49,0.0
M0072369,Y,43,6,192007.38,1,2,4,118607.35,68066.2,6.0
M0072370,N,30,0,19714.75,0,1,0,6847.08,19231.86,3.04
M0072371,N,27,0,4367.17,0,0,0,665.17,3106.34,2.13
M0072372,N,20,1,8539.2,0,1,1,1477.81,13939.75,0.36
M0072373,N,63,4,42139.24,0,3,1,5691.04,30632.32,2.83
M0072374,N,60,2,11138.94,0,0,0,1500.06,7382.8,0.46
M0072375,N,44,0,4103.73,0,1,0,1282.61,4776.54,0.79
M0072376,N,65,1,12949.07,0,0,0,5069.81,5186.81,1.12
M0072377,N,69,1,17715.73,1,0,1,10505.17,7222.46,2.06
M0072378,N,48,2,7034.78,0,0,0,5232.04,6593.99,1.58
M0072379,N,75,0,8449.32,1,2,0,8527.93,5291.99,0.52
M0072380,N,76,0,9407.81,0,0,0,2634.97,12405.49,2.56
M0072381,N,44,2,2664.87,0,1,0,1840.43,2124.81,0.0
M0072382,N,46,1,10275.93,1,1,0,1731.59,12038.7,2.22
M0072383,N,75,2,5108.78,0,2,0,1024.55,5051.09,1.7
M0072384,N,54,2,12253.27,0,1,0,1791.08,8339.64,2.59
M0072385,N,60,1,21280.2,0,1,0,8869.14,11059.96,1.27
M0072386,N,28,2,40659.92,1,3,2,8039.42,31317.67,0.84
M0072387,N,25,2,21851.99,0,0,0,7716.56,10005.44,0.0
M0072388,N,70,1,10765.06,0,0,1,3807.61,13741.41,1.89
M0072389,N,47,1,13869.78,0,2,2,5655.98,8208.21,1.31
M0072390,N,45,1,4169.72,0,0,0,564.12,6885.54,2.06
M0072391,N,49,2,24888.61,1,0,0,6224.91,17931.15,1.71
M0072392,N,23,1,21652.63,0,1,0,8335.77,22453.11,1.96
M0072393,N,28,2,11587.82,1,1,0,4713.9,11834.8,1.22
M0072394,N,30,0,20276.47,0,1,1,2181.79,14257.53,1.14
M0072395,N,80,2,17299.12,1,1,0,7631.28,8240.98,0.0
M0072396,N,72,2,15843.6,1,0,1,1864.7,11734.99,0.82
M0072397,Y,66,4,298382.4,3,5,2,188453.34,90456.81,5.8
M0072398,N,38,2,3838.55,0,1,0,3643.9,2359.97,0.92
M0072399,Y,54,5,223977.17,2,2,1,56941.75,206134.48,5.34
M0072400,N,38,0,12086.15,0,1,0,1838.64,8992.06,1.73
M0072401,N,37,2,15631.35,0,0,0,4605.74,7715.29,2.09
M0072402,N,38,1,8989.32,0,1,0,3366.97,5188.62,1.6
M0072403,N,65,0,11936.41,1,1,0,885.48,8725.82,0.15
M0072404,N,55,1,13156.0,0,0,1,9361.46,4607.15,0.65
M0072405,N,71,0,25903.65,0,0,0,16151.3,6317.76,2.05
M0072406,N,29,0,10387.85,0,0,0,2879.26,6724.23,0.03
M0072407,N,77,2,16393.25,0,1,1,1292.4,19735.33,0.86
M0072408,N,69,1,3893.82,0,0,1,1431.62,4199.96,1.5
M0072409,N,31,0,10025.75,2,2,0,1713.92,9087.4,1.52
M0072410,N,30,0,8318.06,0,1,0,1774.56,10235.77,1.21
M0072411,N,71,0,11417.81,0,1,0,1782.2,9044.8,1.59
M0072412,N,54,0,9262.28,0,2,1,4247.98,8892.14,1.24
M0072413,N,56,1,11183.28,0,3,0,2919.39,7566.73,0.17
M0072414,N,80,1,9140.1,0,1,0,1702.18,12311.22,2.66
M0072415,N,80,1,8667.91,0,0,0,4282.14,3803.19,0.0
M0072416,N,58,0,12867.64,0,0,0,3872.25,6256.24,0.0
M0072417,N,80,1,5048.79,0,1,1,2067.56,5738.01,0.36
M0072418,N,35,1,8307.08,0,1,0,1896.83,10695.57,1.84
M0072419,N,18,1,32046.27,0,0,1,4989.52,21445.17,2.08
M0072420,N,72,2,4059.09,0,2,0,2357.54,4423.53,2.88
M0072421,N,32,1,9408.86,0,2,0,689.54,7400.62,0.0
M0072422,Y,51,4,98734.27,2,2,4,26181.95,56686.97,4.95
M0072423,N,49,3,42082.43,0,2,0,9538.21,32248.46,2.2
M0072424,N,58,1,17848.02,0,0,0,12281.31,8519.97,0.0
M0072425,N,21,2,12195.15,0,1,0,2407.51,9012.53,2.07
M0072426,N,26,2,10819.83,0,0,0,1480.2,9433.68,0.0
M0072427,N,68,2,2212.04,0,0,0,441.91,3060.01,1.04
M0072428,N,26,0,6658.94,0,0,0,2585.36,4890.59,1.2
M0072429,N,71,1,17819.44,0,1,0,7177.96,17589.75,1.88
M0072430,N,18,0,16473.21,0,2,1,8526.63,16056.12,0.58
M0072431,N,78,0,10505.65,0,0,0,394.9,10749.35,0.94
M0072432,N,43,3,12458.06,0,2,1,1121.64,11895.6,1.14
M0072433,N,58,0,1874.29,0,0,0,504.15,1008.92,1.3
M0072434,N,80,1,12526.51,1,0,0,1507.61,8294.44,1.69
M0072435,N,58,2,12353.91,0,0,0,1834.17,11968.89,2.45
M0072436,N,38,3,20386.84,0,1,0,6964.3,22608.81,1.06
M0072437,Y,65,5,263603.94,2,5,5,91356.83,131688.58,5.1
M0072438,N,27,3,14135.84,0,3,0,1847.84,10597.53,2.33
M0072439,N,56,0,53112.01,0,1,1,13820.96,28182.89,2.35
M0072440,N,39,1,16283.52,0,1,0,4390.12,18943.6,2.75
M0072441,N,28,2,13626.76,0,1,1,6695.06,10440.82,2.13
M0072442,N,75,0,15443.99,0,0,0,2496.93,11379.91,0.98
M0072443,N,32,2,7649.8,0,1,0,1844.54,7584.6,1.51
M0072444,N,50,2,13318.68,0,1,0,1291.73,16695.49,0.0
M0072445,N,71,2,8933.33,0,0,0,4175.76,5838.65,1.25
M0072446,N,41,1,9618.65,0,1,0,3337.75,6312.31,1.04
M0072447,N,52,0,7409.19,0,0,0,7230.98,2838.03,1.84
M0072448,N,76,0,3925.38,0,1,0,1091.03,2389.74,1.11
M0072449,N,51,0,27771.83,0,0,0,4726.99,17379.5,2.16
M0072450,N,27,1,16497.23,0,2,0,8252.54,6282.71,1.01
M0072451,N,52,2,8867.76,1,0,0,3307.48,4675.68,1.89
M0072452,N,52,3,8329.76,0,1,0,4192.97,9977.7,0.03
M0072453,N,45,2,15970.08,0,1,0,11546.37,4660.7,2.33
M0072454,N,59,2,13196.54,0,1,0,5286.09,10794.32,1.35
M0072455,N,50,1,14500.2,0,2,0,5161.0,14565.46,0.45
M0072456,N,35,0,8550.08,0,2,0,1373.54,6917.12,0.12
M0072457,N,22,1,5573.56,0,1,0,703.43,4547.63,0.37
M0072458,N,76,2,16858.42,0,0,0,2372.18,18965.59,0.08
M0072459,N,74,0,11885.04,0,1,0,2043.62,10587.39,1.56
M0072460,N,79,1,2839.69,0,0,0,1826.44,3062.34,0.0
M0072461,N,72,2,22623.34,0,1,1,6086.23,13148.97,0.91
M0072462,N,21,0,32000.86,0,1,0,3366.18,31210.0,2.48
M0072463,N,43,0,8915.04,1,2,1,1329.75,6868.11,3.09
M0072464,N,18,0,8457.76,0,0,2,864.54,11007.05,0.4
M0072465,N,32,1,19028.45,2,1,0,6979.92,13499.45,0.49
M0072466,N,43,1,6299.76,0,1,1,1701.24,7873.34,0.75
M0072467,N,34,1,6901.56,0,0,1,2584.81,5332.63,1.44
M0072468,N,30,0,14819.58,2,0,1,2407.65,10954.27,2.45
M0072469,N,51,2,14394.35,0,0,0,11161.65,10324.58,1.59
M0072470,N,22,1,10083.11,0,1,0,3703.28,9476.69,2.27
M0072471,N,68,0,5554.1,0,1,1,2971.64,4210.78,1.39
M0072472,N,79,1,11692.48,0,1,1,1709.56,14657.78,0.62
M0072473,N,29,1,27327.24,0,0,0,3998.11,19589.49,1.12
M0072474,N,79,2,11026.27,0,1,0,11283.42,5680.74,0.96
M0072475,Y,78,3,117404.12,2,1,1,59021.9,82496.18,2.93
M0072476,Y,62,3,166426.54,2,4,1,85221.35,132286.56,6.58
M0072477,N,58,2,12461.01,0,1,0,8185.25,9273.28,1.38
M0072478,N,51,2,16069.65,0,1,1,432.88,12143.56,2.92
M0072479,N,19,0,6888.65,1,1,0,1814.59,6899.67,0.43
M0072480,N,26,1,14760.89,1,1,1,17360.53,5954.48,0.72
M0072481,N,56,0,6227.08,0,0,1,1403.01,9401.16,0.0
M0072482,Y,81,3,161124.76,3,2,1,38846.06,169925.65,4.65
M0072483,N,22,3,28416.21,0,1,1,6253.2,20064.92,2.7
M0072484,N,75,1,15374.23,0,1,0,3242.53,10399.3,0.28
M0072485,N,54,0,6280.95,0,0,0,1909.41,4371.45,0.22
M0072486,N,72,0,12762.83,0,1,0,1617.45,12849.36,0.0
M0072487,Y,82,7,407170.59,4,3,4,128342.44,312237.15,6.12
M0072488,N,74,1,13835.5,0,0,0,5454.21,15355.07,2.17
M0072489,N,23,1,12662.85,0,1,0,3020.95,8790.86,0.34
M0072490,N,20,2,9675.61,0,0,0,5458.84,6736.98,2.8
M0072491,N,71,1,4083.11,0,0,1,921.38,4017.54,1.04
M0072492,N,59,0,6106.67,0,0,2,1672.24,5085.17,0.33
M0072493,N,38,1,2316.28,0,0,0,1538.38,2226.41,1.38
M0072494,N,42,0,9375.51,0,1,0,1929.35,9539.13,0.68
M0072495,N,65,1,16091.97,0,1,0,4346.85,11662.87,2.75
M0072496,N,20,1,16693.98,0,0,0,11080.12,10624.6,1.72
M0072497,N,76,1,11959.16,0,2,0,2271.54,16316.4,1.41
M0072498,N,31,0,5329.24,0,0,0,2391.26,3246.88,0.41
M0072499,N,29,0,18680.6,0,0,0,6457.42,9578.89,0.33
M0072500,N,77,1,10188.68,0,0,0,1791.86,11781.86,1.74
M0072501,N,74,1,5309.26,0,0,0,2749.52,6695.78,1.11
M0072502,N,25,1,7804.39,0,0,1,2000.77,5190.48,1.25
M0072503,N,68,2,11580.59,0,0,0,5200.0,11140.06,0.73
M0072504,N,35,0,6208.53,0,1,1,2349.22,6278.08,1.69
M0072505,N,46,2,4318.21,0,0,1,2421.43,3716.96,0.11
M0072506,N,59,1,6187.08,1,3,1,1872.6,8364.84,1.48
M0072507,N,70,0,15324.25,0,1,0,1454.32,18382.65,1.09
M0072508,N,66,0,3157.52,0,1,0,1373.21,3129.64,0.87
M0072509,N,74,1,16684.94,0,1,0,4317.11,17223.93,1.6
M0072510,N,18,2,13425.83,0,1,0,1482.4,12381.62,0.05
M0072511,N,29,3,3825.47,0,1,0,2258.81,1823.7,0.38
M0072512,N,47,0,20719.72,1,0,0,5426.56,17366.73,1.87
M0072513,Y,66,6,459137.96,4,6,6,202879.28,294243.81,5.64
M0072514,N,20,1,16278.48,0,2,0,5271.03,8804.86,1.78
M0072515,N,70,1,16264.02,0,1,1,5773.98,8615.2,1.67
M0072516,N,46,0,8798.11,0,2,0,903.69,12962.2,0.0
M0072517,N,23,1,8731.89,0,1,0,462.6,7138.1,0.0
M0072518,N,50,2,23164.04,0,1,1,3049.96,17418.34,1.36
M0072519,Y,65,4,169296.55,2,3,1,54910.65,159411.68,5.74
M0072520,N,19,2,23353.78,0,1,0,5512.59,15723.29,1.55
M0072521,N,27,2,19152.26,0,0,0,1894.63,18615.24,0.97
M0072522,N,57,0,5677.47,0,0,1,1415.09,4999.65,1.28
M0072523,N,66,1,13686.2,0,0,0,7382.04,5186.33,1.68
M0072524,N,68,1,8088.06,1,1,0,3286.02,3605.69,1.55
M0072525,N,69,0,4208.96,0,0,0,933.19,4010.45,1.54
M0072526,N,19,1,19214.47,0,0,1,7575.72,9828.75,0.97
M0072527,N,39,0,14303.34,1,2,1,3501.45,15355.97,1.72
M0072528,N,78,1,6515.15,1,0,0,5952.48,5263.23,1.81
M0072529,N,63,0,5859.36,1,1,0,2962.42,5796.54,1.68
M0072530,N,43,0,2969.35,1,0,0,669.03,2520.5,0.0
M0072531,N,76,1,6421.65,2,1,0,3442.35,3301.18,0.96
M0072532,N,26,2,11077.34,0,1,0,5857.86,6351.92,0.0
M0072533,N,53,1,14951.01,0,1,0,3777.85,8125.22,0.0
M0072534,N,41,2,8187.92,1,0,0,2854.56,8000.88,1.87
M0072535,N,24,2,13841.97,1,1,1,10290.51,9328.57,1.9
M0072536,N,36,0,2680.46,0,1,0,814.62,3586.35,0.0
M0072537,N,78,3,8908.13,0,0,0,9747.98,5004.52,1.35
M0072538,N,69,0,4484.44,0,0,0,2106.99,5610.59,0.47
M0072539,Y,69,5,527376.67,5,6,2,127793.31,322954.88,5.66
M0072540,N,64,1,10145.19,0,0,0,3082.25,8167.7,2.36
M0072541,N,51,1,24574.08,0,1,1,4361.94,17921.73,0.6
M0072542,Y,38,3,165965.63,1,3,3,66350.97,136098.59,4.5
M0072543,N,52,0,5950.33,0,0,1,3792.76,6363.01,1.18
M0072544,N,52,0,3571.34,0,0,0,2445.65,3887.27,0.02
M0072545,N,56,1,9798.98,0,0,1,1649.01,6350.68,0.8
M0072546,N,54,1,13510.51,0,1,0,6184.52,15453.53,2.71
M0072547,N,35,1,17799.69,0,0,1,4278.84,10785.15,0.82
M0072548,N,74,2,10841.78,0,0,1,2649.92,8718.55,0.0
M0072549,N,66,1,8621.86,0,0,0,3559.37,7755.96,1.67
M0072550,N,28,1,3977.19,0,0,0,1163.53,6051.8,1.71
M0072551,N,58,2,32170.85,1,0,1,3948.55,25907.38,0.97
M0072552,N,57,0,11910.21,0,1,0,1943.02,9563.85,1.02
M0072553,N,36,0,7367.65,0,1,1,1238.73,6099.61,0.0
M0072554,N,59,1,4530.85,0,0,0,1961.09,4395.99,0.43
M0072555,N,56,3,12991.55,0,1,1,1485.43,14164.03,2.25
M0072556,N,25,0,14841.57,0,0,0,2773.16,10454.74,1.23
M0072557,N,25,0,18369.24,0,0,0,2397.39,26449.9,0.42
M0072558,N,50,2,19736.42,0,2,1,1798.36,14896.34,1.19
M0072559,N,47,2,3566.05,0,0,0,1189.21,3381.01,0.0
M0072560,N,41,3,22449.19,0,0,0,2259.35,16883.29,1.31
M0072561,N,23,1,13551.53,1,1,1,2373.34,15923.16,2.2
M0072562,N,42,0,6206.13,0,0,0,1497.96,5626.95,0.0
M0072563,N,49,1,11022.85,0,1,0,1555.78,8403.15,1.48
M0072564,N,65,2,25924.61,0,0,0,13741.08,8124.86,2.01
M0072565,N,26,1,2572.63,0,0,0,1046.28,2517.4,0.77
M0072566,N,52,0,13748.61,0,1,1,767.58,21417.54,0.62
M0072567,N,55,0,16077.39,0,1,0,9606.35,10996.72,1.28
M0072568,N,41,0,8830.4,0,0,0,758.36,10117.66,0.59
M0072569,N,46,3,19832.6,1,0,0,3857.36,13258.35,1.6
M0072570,N,77,1,12442.32,1,1,0,7798.0,9787.58,1.41
M0072571,N,59,2,4808.65,0,0,0,2295.05,5570.9,0.21
M0072572,Y,83,6,250244.66,4,4,3,75185.9,158826.3,5.51
M0072573,N,62,0,14374.25,0,1,0,4683.73,7014.39,1.19
M0072574,N,44,1,13155.1,0,0,0,3325.8,12831.76,0.99
M0072575,N,54,1,3934.36,0,0,0,2165.32,4076.89,2.07
M0072576,N,29,0,5415.85,0,0,0,2911.33,2385.85,1.48
M0072577,N,76,0,26804.03,1,0,0,13874.35,10558.96,1.21
M0072578,N,33,0,5603.02,0,0,0,5051.92,3975.66,2.08
M0072579,N,38,1,49282.05,0,2,1,12193.78,27508.1,1.96
M0072580,N,71,0,4306.16,0,1,0,2522.02,2162.42,1.11
M0072581,N,37,0,20815.36,0,0,0,2250.91,24344.0,1.05
M0072582,N,60,1,10088.93,1,1,1,1277.68,12792.4,1.63
M0072583,N,40,2,11447.96,0,1,0,3912.37,15208.27,1.85
M0072584,N,53,0,8074.98,1,0,0,1490.78,5330.87,0.26
M0072585,N,57,0,6923.91,2,2,0,1021.41,6344.82,0.47
M0072586,N,78,3,6811.07,0,1,1,2277.1,6014.56,1.06
M0072587,N,38,2,11945.33,0,1,0,1953.35,12765.26,1.51
M0072588,N,48,1,8676.4,1,1,0,2575.88,11215.5,3.13
M0072589,N,37,0,23281.09,0,1,2,7360.21,11040.19,1.82
M0072590,N,38,1,8366.95,0,0,0,2827.04,7665.17,0.6
M0072591,N,35,0,12630.3,0,0,0,3215.68,14028.48,0.84
M0072592,N,68,0,4910.32,0,0,1,740.69,6235.63,0.0
M0072593,N,29,2,11396.05,1,1,0,7364.18,11931.25,0.62
M0072594,N,73,2,7437.76,0,3,0,2431.08,9173.42,1.15
M0072595,N,61,0,2273.64,0,0,0,1287.08,2175.0,0.78
M0072596,N,37,2,4120.67,0,1,0,1818.39,5468.37,0.71
M0072597,N,68,3,20702.22,0,0,0,3192.75,16075.47,0.19
M0072598,N,56,1,13046.09,0,0,0,5615.95,9172.26,0.45
M0072599,N,26,0,5429.92,0,0,0,1565.06,3093.06,1.36
M0072600,N,55,1,8589.83,0,1,1,624.18,6598.44,2.11
M0072601,N,57,0,12652.75,0,1,0,1731.12,19090.28,0.98
M0072602,N,52,1,26218.32,0,0,0,6577.15,16705.5,1.07
M0072603,N,77,2,5799.02,0,0,0,1835.68,6404.28,1.6
M0072604,N,50,0,10451.28,0,0,0,2077.47,7791.92,1.3
M0072605,N,55,0,6631.32,1,1,0,2301.63,9154.94,0.58
M0072606,N,25,1,10509.7,0,0,1,5229.35,6720.3,0.85
M0072607,N,69,2,11326.25,0,1,0,2735.27,13446.85,1.66
M0072608,N,41,1,20112.98,0,2,0,6258.39,15928.06,1.51
M0072609,N,78,0,6291.86,0,0,0,1285.12,7272.8,0.94
M0072610,N,51,1,9416.41,0,1,0,2382.26,6761.0,0.59
M0072611,N,51,0,8874.05,0,1,1,3900.52,3836.14,1.46
M0072612,N,30,2,14814.44,0,2,0,4499.37,16106.38,2.11
M0072613,N,35,1,9799.0,0,1,0,4601.54,7464.46,1.14
M0072614,N,51,0,4968.4,0,0,0,3043.32,5204.7,1.81
M0072615,N,60,2,5460.83,0,0,0,2295.4,3368.02,0.0
M0072616,N,64,1,11529.29,0,0,1,5419.4,4482.06,0.46
M0072617,N,28,2,4761.04,0,0,0,754.92,3851.81,0.0
M0072618,N,20,2,12858.01,1,0,0,12018.79,6946.22,1.49
M0072619,N,30,0,8832.54,0,0,1,7086.61,2891.54,0.25
M0072620,N,76,1,9370.02,1,1,1,3380.37,8353.89,1.76
M0072621,N,45,1,26252.9,1,2,1,6229.01,16578.54,2.84
M0072622,N,42,1,9357.73,0,0,0,6257.22,5582.87,1.04
M0072623,N,32,1,7835.97,0,1,0,2412.94,5266.25,1.48
M0072624,N,36,1,4188.04,0,1,0,1007.24,4590.17,0.83
M0072625,N,74,0,7915.87,0,2,1,567.26,9413.19,0.8
M0072626,N,49,0,5262.38,1,3,2,3221.66,4610.06,2.24
M0072627,N,28,1,7643.45,0,0,0,2787.87,6105.7,2.08
M0072628,N,71,1,2749.02,0,2,0,1518.53,2420.67,0.15
M0072629,N,39,3,14646.51,0,1,1,9056.75,8512.98,2.24
M0072630,N,58,1,14386.82,0,3,0,2462.88,10702.65,1.76
M0072631,N,72,1,7813.34,0,0,0,1324.32,6561.32,1.77
M0072632,N,41,0,10051.93,0,0,0,4844.03,9513.84,1.55
M0072633,N,24,2,18761.86,0,1,0,1418.35,19304.13,2.17
M0072634,N,38,0,6399.93,0,2,0,1938.3,5417.21,0.72
M0072635,N,27,1,4680.76,0,0,0,1356.55,3924.36,0.0
M0072636,N,74,1,6419.49,1,0,0,5244.83,4756.63,0.0
M0072637,N,41,1,16093.56,0,1,0,5577.09,7129.81,1.62
M0072638,N,51,1,12322.32,0,2,1,645.28,9374.89,0.0
M0072639,N,48,2,8786.43,0,0,0,2838.6,4235.29,1.24
M0072640,N,50,1,23161.97,0,0,0,3787.71,29144.59,2.15
M0072641,N,74,1,18866.17,0,0,0,1342.26,13428.89,0.01
M0072642,N,70,1,41465.14,1,1,0,5794.03,28762.01,1.71
M0072643,N,71,2,21506.93,0,0,0,4515.39,15544.32,1.59
M0072644,N,64,1,13489.53,0,0,0,7260.75,12158.3,2.6
M0072645,Y,51,4,216875.26,3,4,3,56316.19,178940.65,3.45
M0072646,N,66,0,8877.59,0,0,0,1931.9,9957.22,0.83
M0072647,N,19,0,5723.16,0,1,0,1806.34,8502.76,1.06
M0072648,N,75,0,13636.97,0,1,1,7864.72,9743.36,0.67
M0072649,N,31,1,10253.22,0,1,0,5287.53,4693.68,1.88
M0072650,Y,62,7,261580.97,5,4,6,164766.1,115074.57,5.72
M0072651,N,30,1,7423.53,1,1,0,770.56,5269.28,1.34
M0072652,N,80,1,12800.52,1,0,0,2262.11,10146.58,0.9
M0072653,N,28,0,3295.54,0,1,0,703.5,3050.83,0.46
M0072654,N,30,0,5122.9,1,0,0,3163.54,5300.8,1.6
M0072655,N,75,1,4647.79,0,0,0,600.56,3366.83,0.0
M0072656,N,62,2,4953.53,1,0,0,1784.88,2358.5,0.87
M0072657,N,52,3,19378.94,1,1,0,4530.82,27714.79,2.09
M0072658,N,50,2,1530.99,1,0,0,654.5,988.22,0.9
M0072659,N,79,1,10340.74,1,0,1,5039.04,3079.47,0.23
M0072660,N,63,2,28701.74,0,2,0,3228.04,22089.32,1.27
M0072661,N,72,1,26774.28,0,1,0,5538.61,22066.26,2.71
M0072662,N,64,2,61478.77,0,1,0,40616.47,14348.01,1.59
M0072663,N,69,1,15272.57,0,3,0,3831.14,12783.3,1.19
M0072664,N,28,1,10804.25,0,3,0,5582.51,4979.13,1.86
M0072665,N,73,1,11713.89,0,0,0,3527.65,5893.9,1.63
M0072666,N,62,4,11636.87,1,1,1,3656.09,7948.64,0.65
M0072667,N,54,1,9373.17,0,0,0,1466.62,10545.15,0.67
M0072668,N,35,1,8825.43,0,0,1,3386.65,5183.25,1.23
M0072669,N,32,1,10362.61,0,0,0,6428.64,5827.41,1.84
M0072670,N,30,2,17186.23,1,0,1,3292.59,17344.47,0.86
M0072671,N,60,0,3937.4,0,1,0,1016.42,2436.57,0.0
M0072672,N,78,0,5561.31,0,0,0,2856.07,4752.16,1.76
M0072673,N,75,0,8067.1,0,1,1,2672.8,9705.13,0.77
M0072674,N,68,1,7338.42,0,0,1,4032.38,2372.28,0.7
M0072675,N,20,1,10879.71,0,1,1,3849.25,13469.93,2.34
M0072676,N,33,1,12199.56,1,2,0,4470.56,17222.5,2.37
M0072677,N,50,1,13724.98,2,2,2,4062.15,17158.77,1.15
M0072678,N,79,0,8157.1,0,0,1,2850.58,5576.48,1.68
M0072679,N,24,1,4296.74,0,0,1,1810.46,4554.79,1.75
M0072680,Y,81,2,227393.93,1,4,1,96019.06,162165.53,5.5
M0072681,N,45,0,9347.85,0,1,1,2820.78,6345.93,0.92
M0072682,N,64,1,18976.62,0,1,1,2221.78,14666.06,0.82
M0072683,N,76,0,7022.56,0,2,0,1270.95,5347.96,0.61
M0072684,N,79,2,42784.72,0,1,1,13017.56,35524.74,0.56
M0072685,N,59,1,3935.15,0,0,0,1540.85,3393.8,0.0
M0072686,N,65,3,23065.8,0,1,0,6979.43,15096.46,2.21
M0072687,N,36,1,14630.35,2,1,0,2314.59,20482.15,1.54
M0072688,N,62,0,9140.57,0,3,0,7982.98,3243.82,1.18
M0072689,N,26,2,45893.32,0,2,0,4831.41,32394.81,1.35
M0072690,N,55,1,10962.26,0,2,0,556.67,9154.48,0.81
M0072691,Y,82,6,98649.1,1,5,1,48223.11,42074.05,2.62
M0072692,N,58,2,19103.76,0,1,0,5495.33,27078.71,0.0
M0072693,N,65,4,8911.81,2,1,0,1596.5,14526.88,1.03
M0072694,N,60,2,7920.06,1,0,1,2098.8,7749.99,0.43
M0072695,Y,47,4,147280.48,1,7,3,57096.74,104718.25,4.67
M0072696,N,55,1,47757.87,0,0,2,9011.79,30734.44,0.3
M0072697,N,50,3,8027.73,0,0,0,4049.64,3611.23,1.61
M0072698,N,73,0,8298.44,0,0,0,3883.16,7726.81,1.52
M0072699,N,76,2,11257.86,0,0,2,4016.69,6128.88,0.22
M0072700,N,52,0,6348.29,0,1,0,797.67,10041.98,1.69
M0072701,N,65,0,4710.65,0,0,0,4365.63,1765.24,0.04
M0072702,N,28,0,1951.6,0,0,1,1687.93,1800.56,0.0
M0072703,N,64,1,6119.57,0,0,0,2503.59,5440.86,0.2
M0072704,N,71,2,10547.01,0,2,0,844.85,7527.88,0.19
M0072705,N,71,1,10167.48,1,2,0,1343.56,9169.64,0.72
M0072706,N,34,0,14850.3,0,1,0,5301.12,10012.22,0.0
M0072707,N,78,0,14465.7,0,0,0,3490.3,8246.31,0.0
M0072708,N,29,2,8803.33,0,0,1,4713.13,8668.31,0.86
M0072709,N,29,2,26815.66,0,0,0,6085.9,18668.38,1.32
M0072710,N,56,1,19842.05,0,2,1,5033.23,11402.57,2.2
M0072711,N,30,0,5447.99,0,0,1,2001.95,3867.32,0.52
M0072712,N,50,0,5323.24,0,0,0,1475.47,2699.52,1.25
M0072713,N,79,3,9805.72,0,2,1,3125.74,7060.77,2.15
M0072714,N,37,0,25653.72,0,0,0,8003.57,19682.38,1.59
M0072715,N,71,1,15314.55,0,1,1,7550.61,14452.69,0.83
M0072716,N,62,0,12441.25,0,0,0,2554.01,12145.35,1.59
M0072717,N,64,2,23560.88,0,0,0,6661.06,19052.9,0.9
M0072718,N,68,3,14888.8,0,1,1,1349.38,14890.81,2.55
M0072719,N,36,2,17026.22,0,1,1,4925.7,11293.18,1.59
M0072720,N,59,1,9328.91,0,2,0,4523.27,7647.27,2.07
M0072721,N,52,0,30888.07,0,1,0,3783.39,34174.25,1.55
M0072722,N,71,1,5767.12,1,1,0,875.21,5193.56,0.64
M0072723,Y,68,6,62149.66,1,3,2,22156.51,65886.4,3.9
M0072724,N,59,0,6176.65,1,2,0,1255.85,5714.28,2.14
M0072725,N,22,1,27978.87,0,2,1,3010.42,29178.47,0.24
M0072726,N,44,0,17501.1,0,0,0,11455.43,4828.8,0.35
M0072727,N,42,1,15845.43,0,1,0,2231.93,11484.53,2.13
M0072728,N,65,1,15676.1,0,0,0,2665.32,12467.85,0.85
M0072729,N,80,0,4292.87,0,0,0,561.49,4996.39,0.91
M0072730,N,41,0,10095.68,0,0,0,1198.54,9176.22,1.17
M0072731,N,33,2,19849.21,0,0,0,5280.41,14849.82,1.4
M0072732,N,41,0,18230.39,0,0,0,6243.23,9127.38,0.0
M0072733,N,49,3,9028.06,0,0,0,8163.26,5022.76,1.74
M0072734,N,63,2,30901.52,0,1,1,17356.42,14493.71,1.66
M0072735,N,43,1,9042.22,0,0,1,6975.67,2433.48,2.96
M0072736,N,37,2,17814.73,1,0,0,8571.58,10636.21,1.6
M0072737,N,73,0,6715.02,0,1,0,1917.54,5644.64,1.6
M0072738,N,46,1,23631.06,1,0,0,14519.97,14105.31,3.57
M0072739,N,79,4,53801.33,0,2,0,45115.64,12920.43,3.52
M0072740,N,18,1,12711.78,0,1,0,6685.91,6844.54,1.57
M0072741,N,62,1,19113.44,0,0,0,2388.85,16363.86,0.43
M0072742,N,31,1,9153.23,0,1,0,4325.7,3621.35,0.71
M0072743,N,58,1,19357.55,0,0,0,6411.79,9776.47,1.94
M0072744,N,35,0,14145.56,0,1,0,5304.73,17988.76,2.09
M0072745,N,56,1,5681.39,1,0,1,1235.73,6120.02,0.68
M0072746,N,30,0,10442.51,1,0,0,1460.29,8864.17,0.62
M0072747,N,72,1,8541.69,1,2,0,541.61,8134.42,0.5
M0072748,N,24,1,25072.69,0,2,0,11955.79,14080.47,1.0
M0072749,N,80,2,12155.69,0,3,0,4259.42,8301.29,2.6
M0072750,N,50,3,20050.31,1,0,1,2700.74,22237.26,0.97
M0072751,N,61,1,5854.95,0,0,0,927.58,4641.56,0.0
M0072752,N,29,0,9747.95,0,0,1,919.85,7500.12,1.34
M0072753,N,49,0,7738.82,0,0,0,1869.62,10675.94,0.0
M0072754,N,38,2,15564.94,0,0,0,6710.84,6038.53,1.58
M0072755,N,50,0,5232.11,0,0,0,2275.34,6746.3,0.46
M0072756,N,55,2,56040.61,0,2,1,11823.22,32221.23,3.31
M0072757,N,66,1,8109.09,0,1,0,2673.6,5696.74,0.79
M0072758,N,40,3,9787.43,0,1,0,1166.46,6795.78,2.7
M0072759,N,55,0,10607.99,0,1,0,4336.44,5892.55,0.3
M0072760,N,63,1,15486.03,0,0,0,7996.2,9865.21,1.39
M0072761,N,79,3,23502.39,0,1,0,5024.98,13860.37,3.13
M0072762,N,20,2,4720.53,0,0,0,939.09,6570.8,0.43
M0072763,N,71,0,1722.1,0,0,0,1489.06,1246.35,1.55
M0072764,N,73,1,3596.6,0,1,1,1955.68,1932.36,0.6
M0072765,N,44,0,9278.56,0,0,0,1725.22,5587.29,0.0
M0072766,N,65,1,10588.35,1,0,0,2148.21,13651.24,1.36
M0072767,N,59,1,6515.53,0,0,1,1587.21,4842.47,1.17
M0072768,N,77,0,8834.37,0,0,0,1881.11,8714.38,1.19
M0072769,N,59,1,8720.51,2,3,1,3682.83,9192.07,0.76
M0072770,N,44,1,18877.56,0,1,0,16322.59,16844.07,1.1
M0072771,N,33,2,3955.76,0,0,0,620.01,3478.07,1.97
M0072772,N,59,1,12325.39,0,0,0,1179.23,11852.6,0.68
M0072773,N,74,0,12423.95,0,1,0,4066.61,5736.48,0.55
M0072774,N,32,0,7054.82,0,1,0,4512.19,1678.11,1.01
M0072775,N,62,1,14325.61,0,0,0,7922.99,8469.73,2.33
M0072776,N,21,1,14674.89,1,1,1,2782.59,14636.62,1.38
M0072777,N,37,2,6754.99,0,0,0,3102.0,5702.84,0.43
M0072778,N,51,1,6545.92,0,0,0,4675.05,4381.35,2.25
M0072779,N,18,0,4720.79,0,1,0,2201.72,3456.27,1.4
M0072780,N,30,2,41902.76,0,0,0,1286.05,31467.25,1.47
M0072781,N,69,1,13093.25,1,0,0,5590.77,5642.04,1.22
M0072782,N,76,1,12848.12,0,1,1,3234.05,8575.32,2.44
M0072783,N,79,2,4685.93,0,0,0,894.99,6544.68,2.22
M0072784,N,71,2,5242.7,0,1,0,2601.8,4974.46,1.11
M0072785,N,47,2,8743.37,0,0,0,3954.53,11295.11,2.0
M0072786,Y,73,3,181058.07,3,7,5,112581.42,99011.28,6.08
M0072787,N,39,1,11458.75,0,2,1,2198.42,8506.15,1.98
M0072788,N,72,0,6392.75,0,2,0,4490.72,2624.04,1.49
M0072789,N,48,1,15884.92,0,0,0,2879.53,12108.75,0.74
M0072790,N,73,1,5607.59,0,1,0,2562.14,5973.21,0.32
M0072791,N,54,1,6249.75,0,1,0,1393.26,4725.13,2.25
M0072792,N,66,1,5365.61,1,0,0,3235.26,3501.43,2.03
M0072793,N,55,0,9902.67,0,0,1,3371.17,11052.54,0.85
M0072794,N,28,1,12828.37,0,0,1,13863.56,8648.66,0.89
M0072795,N,66,1,13307.26,0,0,1,2133.33,10929.01,1.1
M0072796,N,20,3,9690.21,1,1,0,3572.57,8967.91,1.84
M0072797,N,55,4,11757.82,0,0,0,5093.74,5555.29,2.16
M0072798,Y,84,5,260434.8,2,3,2,77903.74,210244.0,6.4
M0072799,N,61,1,8697.06,0,0,2,1676.39,8957.15,1.85
M0072800,N,37,0,4610.56,0,0,0,1987.27,5298.21,0.8
M0072801,N,70,1,12718.6,1,0,0,2742.64,15937.4,2.03
M0072802,N,69,0,17523.32,1,0,0,4783.01,10340.51,1.54
M0072803,N,42,1,14257.47,0,1,2,1364.81,17274.97,0.35
M0072804,N,48,1,9963.8,0,1,0,2350.77,13294.22,0.61
M0072805,N,33,4,15451.81,0,0,1,10284.33,17621.58,2.61
M0072806,N,49,0,2635.79,0,0,0,683.43,1385.86,0.99
M0072807,N,36,2,40684.71,1,2,1,22647.42,26519.45,0.0
M0072808,Y,83,7,246743.35,3,6,4,180234.19,141962.46,7.04
M0072809,N,74,0,21392.41,1,3,0,5436.73,15344.68,1.95
M0072810,N,47,0,9474.18,0,1,1,4029.75,4815.56,0.38
M0072811,N,27,2,53707.18,1,1,0,5267.25,55217.99,1.64
M0072812,N,70,1,5646.13,0,0,0,1085.41,8638.68,0.36
M0072813,N,73,1,6146.74,0,0,0,1741.05,8880.93,0.52
M0072814,N,80,1,9044.97,1,0,0,5484.83,5352.8,0.0
M0072815,N,39,1,8707.37,0,0,0,3280.19,4962.89,0.5
M0072816,N,51,1,4149.83,0,0,0,2685.34,3643.54,1.02
M0072817,N,40,1,21538.38,0,1,2,4272.47,15573.93,0.42
M0072818,N,51,1,22792.36,1,2,1,10190.74,8545.09,0.72
M0072819,N,32,2,5179.14,0,0,0,1098.67,4798.43,1.88
M0072820,N,21,2,11700.56,0,0,1,5265.14,6712.66,0.29
M0072821,N,62,0,12899.36,0,0,0,6609.61,15001.52,1.92
M0072822,N,31,2,8113.07,0,0,0,4123.59,9630.02,0.0
M0072823,N,53,0,16088.52,0,1,0,2457.92,11286.9,1.23
M0072824,N,73,0,27486.65,0,0,0,3948.24,18728.63,1.5
M0072825,N,42,0,11758.82,0,1,0,487.96,15862.08,0.42
M0072826,N,29,0,3860.56,1,0,0,2493.43,3840.67,0.05
M0072827,N,23,0,27893.2,0,0,0,10749.36,12747.63,1.55
M0072828,N,78,2,6713.97,0,0,1,2197.11,3630.08,0.0
M0072829,N,72,0,11471.67,0,1,1,1716.96,17310.71,1.08
M0072830,N,48,0,7634.59,1,2,0,1986.48,10323.09,0.2
M0072831,N,61,0,10275.8,0,0,0,5693.95,6863.57,0.55
M0072832,N,58,3,10410.68,1,2,0,6670.69,10029.97,1.6
M0072833,N,54,2,8053.91,0,0,0,3515.21,4865.14,2.08
M0072834,N,52,1,16289.6,0,0,1,2990.28,12135.36,1.41
M0072835,N,21,0,13908.17,0,1,1,4636.75,7005.06,0.0
M0072836,N,55,0,20699.59,0,1,0,5000.38,11357.42,1.76
M0072837,N,72,1,9313.31,1,2,0,1603.57,13430.31,1.11
M0072838,N,47,1,6297.26,0,0,1,2352.47,6467.75,0.94
M0072839,N,44,2,2956.52,1,1,0,550.12,2878.2,0.58
M0072840,Y,65,7,209522.38,3,4,4,74720.68,177440.34,4.33
M0072841,N,22,1,6563.95,0,0,1,2095.57,7785.67,2.08
M0072842,N,46,1,2933.21,0,0,1,760.84,1757.6,0.68
M0072843,N,57,1,13529.39,2,1,0,7274.7,6359.63,2.25
M0072844,N,56,1,13294.69,0,0,0,5770.95,13853.94,1.31
M0072845,N,53,1,13347.81,0,1,0,3159.67,7995.64,2.44
M0072846,N,24,0,5008.83,0,0,0,1872.71,3039.61,1.89
M0072847,N,25,1,7636.17,1,0,0,2960.51,6783.25,0.86
M0072848,N,20,1,7617.01,0,1,0,3143.76,2853.31,2.45
M0072849,N,37,2,13827.08,0,0,1,8211.98,3192.81,2.76
M0072850,N,69,3,10876.69,2,0,3,5154.32,5828.57,3.03
M0072851,N,23,0,16405.52,0,1,0,4498.59,16356.67,1.75
M0072852,N,57,1,7140.29,0,0,1,2145.11,9076.91,0.31
M0072853,N,36,1,18078.37,0,0,1,5479.64,15571.78,0.65
M0072854,N,53,1,6552.28,0,0,1,2098.49,7474.38,0.0
M0072855,N,76,2,32268.49,0,2,0,3904.0,28270.38,2.33
M0072856,N,71,1,7394.7,1,1,0,2013.78,6830.85,0.0
M0072857,N,29,0,14330.8,0,2,0,2120.46,10809.86,0.22
M0072858,N,71,0,9381.16,1,0,0,2889.44,6477.83,1.95
M0072859,N,20,2,19979.42,1,1,0,10956.21,13488.2,1.91
M0072860,N,53,0,7904.51,0,0,0,2474.16,5149.4,0.0
M0072861,N,60,0,25474.04,0,0,0,5017.71,16593.18,3.08
M0072862,N,55,0,8439.84,1,0,0,447.15,7579.16,1.18
M0072863,N,68,2,9371.42,0,0,0,2080.79,5869.79,0.29
M0072864,N,32,0,24728.47,0,1,0,7709.83,32944.7,1.43
M0072865,N,67,2,21042.54,0,1,0,373.68,20766.21,1.44
M0072866,N,19,0,8785.25,0,0,0,7495.49,1996.43,1.75
M0072867,Y,59,6,247356.54,4,3,2,92540.34,192886.26,6.07
M0072868,N,51,0,16471.98,0,0,1,4238.75,9387.1,0.59
M0072869,N,61,1,3254.19,0,0,0,839.03,3851.47,0.3
M0072870,N,59,0,6779.8,0,2,0,1610.77,6881.09,1.0
M0072871,N,46,3,26758.23,0,2,1,15142.57,6415.83,1.37
M0072872,N,35,2,13319.1,1,0,0,3936.9,11218.55,2.02
M0072873,N,24,1,9374.4,0,0,0,1011.74,8204.93,0.47
M0072874,N,35,2,9599.63,0,0,1,3617.94,3940.52,0.0
M0072875,N,31,1,12994.63,0,0,0,901.74,9298.77,1.74
M0072876,N,54,4,25153.98,0,1,1,3120.86,20874.27,0.64
M0072877,N,49,1,38267.64,0,1,2,17857.81,25363.93,0.3
M0072878,N,22,0,8884.56,0,1,0,2417.49,9641.94,1.01
M0072879,N,29,3,19114.81,0,3,0,9493.67,21626.79,2.71
M0072880,N,66,0,4624.26,1,0,0,2324.36,5482.66,0.01
M0072881,N,50,0,7811.49,0,0,0,2204.79,7457.97,1.09
M0072882,N,18,2,13751.89,0,0,1,2257.67,12441.02,1.16
M0072883,N,46,2,7598.95,0,1,1,1821.43,6830.37,1.2
M0072884,N,44,0,9208.8,0,1,0,4510.01,3526.56,0.79
M0072885,N,65,0,6279.51,0,1,0,1518.54,6329.06,0.87
M0072886,N,39,1,18132.87,0,0,0,8874.98,6736.54,1.75
M0072887,N,34,2,9446.58,0,1,1,4346.49,7967.53,1.21
M0072888,N,60,0,9292.64,0,0,0,1603.21,7324.11,0.23
M0072889,N,31,0,4471.98,0,0,0,1127.32,2623.0,0.15
M0072890,N,45,0,4489.66,1,0,0,492.71,4278.12,1.31
M0072891,N,80,0,8243.22,0,1,0,1151.47,11391.62,0.98
M0072892,N,25,2,9248.98,0,1,0,3009.35,6864.68,1.66
M0072893,N,34,2,23793.81,1,2,0,7054.28,20486.53,2.66
M0072894,N,25,0,8689.87,0,1,1,1451.54,6292.24,1.54
M0072895,N,71,0,8452.44,0,1,0,2129.28,6858.71,0.81
M0072896,N,53,1,9409.73,0,1,0,4789.86,11648.53,1.74
M0072897,N,24,2,7911.59,0,0,0,3499.74,6804.78,1.87
M0072898,N,33,1,25588.66,1,2,2,9512.44,14142.69,2.62
M0072899,N,64,0,16230.55,0,1,1,1959.51,11051.06,0.0
M0072900,N,31,2,9184.72,0,0,1,3983.32,10917.87,1.37
M0072901,N,70,1,15507.44,0,2,0,2809.83,12439.03,1.87
M0072902,N,41,1,18181.84,1,0,0,1681.82,14398.56,0.81
M0072903,N,44,2,19060.13,0,1,1,3433.25,17859.8,1.28
M0072904,N,64,1,8107.61,0,2,0,3778.97,8480.49,1.68
M0072905,N,76,1,14192.97,0,0,0,2430.69,20589.67,0.7
M0072906,N,43,0,7188.49,0,0,0,2751.65,3269.44,0.0
M0072907,N,50,0,5359.19,0,0,0,3099.66,6475.3,0.41
M0072908,N,65,0,10172.04,0,0,0,2221.68,5885.74,0.9
M0072909,N,43,0,5621.18,0,0,1,3782.82,3773.44,1.81
M0072910,N,47,2,17054.86,1,2,0,4439.64,9193.34,3.24
M0072911,N,32,2,7404.02,0,0,0,3289.55,2815.33,0.38
M0072912,N,34,0,6625.87,0,0,1,3123.63,3118.46,0.45
M0072913,N,79,2,23476.86,2,2,1,9361.64,16447.92,1.2
M0072914,N,55,1,8153.37,0,0,0,878.4,6320.4,1.5
M0072915,N,73,0,3099.4,0,1,1,709.41,4425.23,1.6
M0072916,N,69,0,6944.27,0,0,0,791.79,7583.72,1.12
M0072917,N,29,1,6399.43,0,0,0,2693.33,5328.44,0.62
M0072918,N,57,2,20990.21,0,1,1,9800.63,10905.68,0.35
M0072919,N,38,2,28966.34,0,2,0,15919.66,9237.8,2.05
M0072920,N,44,1,5907.47,0,0,0,1014.88,5211.89,1.24
M0072921,N,62,2,23209.9,0,0,0,3514.3,19368.92,1.84
M0072922,N,45,2,21831.53,0,2,0,2231.15,16358.92,1.05
M0072923,N,48,1,2790.63,0,2,0,1662.49,1734.91,0.5
M0072924,N,59,2,9212.99,0,0,0,2698.78,5192.33,1.75
M0072925,N,44,0,21893.76,0,0,0,3524.18,17113.17,2.22
M0072926,N,59,0,4623.89,0,1,0,386.94,3925.18,0.0
M0072927,N,63,2,11632.97,0,0,0,7008.18,5284.06,1.69
M0072928,N,59,0,11204.92,0,1,0,4642.97,5236.61,0.0
M0072929,N,28,1,6444.71,0,0,0,1877.22,9305.67,0.16
M0072930,N,26,3,10022.88,0,1,0,5972.13,8691.55,0.83
M0072931,N,23,0,11526.11,0,0,0,1267.74,9491.69,1.27
M0072932,N,80,0,34369.93,0,1,0,7698.5,19259.16,2.2
M0072933,N,63,0,5656.61,0,0,1,1579.86,5645.93,1.14
M0072934,N,33,0,7446.96,0,1,0,2812.28,6267.05,0.0
M0072935,N,71,2,10204.39,1,0,2,2030.77,10102.48,2.18
M0072936,N,44,0,2406.24,0,1,1,1918.66,2410.62,1.44
M0072937,Y,51,6,162296.55,5,5,9,76139.54,117019.79,8.0
M0072938,N,73,2,12273.61,0,1,0,1866.65,10213.0,1.27
M0072939,N,70,0,7745.69,0,0,0,2001.5,11765.5,1.42
M0072940,N,37,0,21794.6,0,0,0,3821.27,15954.57,2.5
M0072941,N,18,1,11192.74,0,0,0,4379.91,8141.06,0.03
M0072942,N,74,2,13950.58,0,0,0,2045.39,16774.01,1.03
M0072943,N,44,1,5288.77,0,0,0,2637.35,5731.99,1.97
M0072944,N,18,0,11066.19,0,0,1,1181.21,8925.75,1.2
M0072945,N,28,1,58638.24,0,2,0,9711.28,40585.12,0.49
M0072946,N,22,1,16343.78,0,0,1,3205.17,10030.96,0.58
M0072947,N,45,0,16812.47,0,2,1,11505.84,11166.77,0.89
M0072948,N,49,2,12250.01,0,0,0,4744.02,11309.43,0.07
M0072949,N,38,0,1442.4,1,0,0,340.18,2110.92,0.0
M0072950,N,79,1,6874.01,1,0,1,1864.54,6802.02,1.46
M0072951,N,77,0,43897.07,1,0,0,10742.75,54380.73,2.28
M0072952,N,65,0,12387.53,0,1,0,9878.11,6870.79,1.29
M0072953,N,73,2,13779.06,0,0,0,3803.25,17634.55,1.44
M0072954,N,66,0,15358.59,0,0,0,2439.31,11052.47,1.23
M0072955,N,44,0,8291.42,0,0,0,345.04,7095.55,0.6
M0072956,N,39,0,5767.85,0,1,0,3443.73,4081.48,0.44
M0072957,N,62,1,20192.09,0,2,0,6412.71,10312.62,2.14
M0072958,N,75,4,11565.16,0,0,0,3841.16,6211.99,2.3
M0072959,N,77,0,15324.28,0,0,1,10296.7,17377.82,2.34
M0072960,N,42,0,7349.38,1,0,1,1926.8,5791.72,2.08
M0072961,N,70,2,12405.83,0,1,1,3972.71,12142.49,1.33
M0072962,N,40,0,4980.99,0,1,0,1169.44,4564.44,0.0
M0072963,N,75,2,16544.52,0,0,0,6238.69,14119.58,0.71
M0072964,N,80,1,4862.7,1,0,0,1030.36,4248.95,0.01
M0072965,N,28,0,12351.91,0,2,0,7127.94,9164.65,0.68
M0072966,N,45,3,27985.5,0,1,2,1169.12,21949.91,0.38
M0072967,N,27,0,33826.62,0,0,0,1974.54,25407.77,0.0
M0072968,N,70,0,6337.25,0,1,0,1414.62,4985.54,0.0
M0072969,N,24,2,13461.21,0,1,0,5355.61,10287.95,3.08
M0072970,N,55,0,10288.16,0,1,0,2649.54,15852.7,1.31
M0072971,N,28,2,19129.12,1,0,0,7771.46,11413.61,0.48
M0072972,N,29,2,13334.5,0,3,1,18596.29,4994.34,1.9
M0072973,N,22,2,21356.32,0,0,1,1954.17,18104.03,2.24
M0072974,N,40,2,16174.0,0,1,1,15025.72,9076.41,2.36
M0072975,N,20,1,10511.2,0,1,0,3666.81,7409.88,0.78
M0072976,N,51,1,23229.31,0,0,3,13978.89,19358.63,1.8
M0072977,N,29,1,6615.63,2,1,0,4145.77,5583.03,1.61
M0072978,N,36,0,14367.63,0,0,0,6135.37,10781.07,0.06
M0072979,N,25,1,26831.89,0,2,0,3927.53,18913.26,1.86
M0072980,N,79,1,69140.57,0,0,0,12240.06,43895.73,1.62
M0072981,N,50,1,3763.01,0,0,0,559.75,2848.38,0.78
M0072982,N,26,3,26468.2,0,2,1,22614.41,19358.34,1.97
M0072983,N,43,1,24062.2,1,2,0,2413.83,28822.3,0.66
M0072984,N,77,3,7155.25,0,0,0,6759.4,5585.38,2.59
M0072985,N,60,0,11030.63,0,1,1,4029.25,6866.89,0.85
M0072986,Y,71,4,195898.83,2,1,8,94707.28,180315.74,3.7
M0072987,N,46,3,8049.42,0,2,0,3876.37,9554.4,0.74
M0072988,N,69,1,20638.24,0,1,0,9018.32,17644.87,1.77
M0072989,N,68,0,4092.93,0,1,0,425.58,4223.39,0.19
M0072990,N,75,0,14160.43,0,0,0,1505.82,23094.3,0.0
M0072991,N,38,2,6288.46,0,1,0,1130.17,5929.93,0.0
M0072992,Y,39,5,345973.92,3,4,5,131988.65,211072.04,3.75
M0072993,N,79,0,4180.84,0,0,0,672.39,4966.18,0.62
M0072994,N,69,3,11800.45,1,2,0,5872.84,4722.56,1.3
M0072995,N,57,1,19188.56,0,0,1,1789.02,15313.63,1.16
M0072996,N,39,1,2335.38,1,2,0,1431.66,1097.26,0.0
M0072997,Y,61,5,171613.99,2,1,3,49082.52,97712.55,4.9
M0072998,Y,79,4,215033.5,3,3,7,143163.06,76847.75,5.9
M0072999,N,79,1,20891.29,0,2,0,6033.81,10439.92,0.01
M0073000,N,36,1,14890.48,0,0,0,2627.87,10076.58,0.25
M0073001,N,56,2,17038.48,0,0,1,4479.12,12435.84,1.66
M0073002,N,51,1,9896.56,0,0,0,7374.5,6768.46,1.54
M0073003,N,66,0,17639.06,0,0,1,4094.26,11567.5,0.43
M0073004,N,28,0,8681.77,0,2,0,1001.54,6021.15,0.59
M0073005,N,35,2,18339.73,0,0,0,11241.51,14370.67,0.46
M0073006,N,18,2,17878.6,0,0,1,2971.24,12185.64,1.14
M0073007,N,20,0,17555.06,0,1,1,7321.81,9451.86,1.47
M0073008,N,52,1,8646.06,0,1,0,1688.86,8593.99,0.99
M0073009,N,32,3,28441.26,1,0,2,13271.24,11160.99,2.2
M0073010,N,75,1,8610.0,0,1,0,2101.69,12494.85,0.07
M0073011,N,33,2,9939.79,0,1,0,2119.95,6039.39,0.49
M0073012,N,56,3,7578.43,0,1,0,2730.66,7932.88,0.0
M0073013,N,21,1,14016.93,0,2,0,3940.07,12007.69,1.44
M0073014,N,26,1,4314.6,0,0,0,2124.22,4449.23,0.78
M0073015,N,38,1,26478.65,0,2,2,3598.3,31483.96,1.99
M0073016,N,23,0,15853.32,0,0,0,1655.47,10750.35,1.02
M0073017,Y,83,4,190117.83,4,6,4,70101.32,122641.26,3.07
M0073018,N,34,2,13462.62,0,0,1,5001.48,9686.97,1.36
M0073019,N,50,0,7342.3,0,0,1,584.01,10130.13,1.54
M0073020,N,28,2,8658.47,0,1,0,1414.49,7526.83,0.29
M0073021,N,27,2,31590.11,0,0,0,12918.41,22504.44,1.39
M0073022,N,52,0,8638.95,0,1,0,2116.04,8685.36,0.53
M0073023,N,37,0,4021.19,0,0,0,1722.03,2049.15,0.0
M0073024,N,40,0,8335.46,1,3,0,3830.71,5595.47,3.86
M0073025,N,27,0,6516.09,0,1,0,760.64,4814.85,0.0
M0073026,N,54,1,5374.71,0,2,2,1203.44,3856.4,0.87
M0073027,N,37,1,9404.15,0,1,0,2867.77,13961.39,2.09
M0073028,N,44,2,16324.27,0,0,0,2009.94,11084.89,1.91
M0073029,N,55,1,11399.51,0,0,0,1747.07,12083.07,0.27
M0073030,N,56,1,6690.72,1,0,0,1795.67,3711.35,0.41
M0073031,N,40,0,5661.65,0,0,0,2381.28,6708.67,0.94
M0073032,N,45,0,5868.96,0,1,0,5322.87,5185.15,0.0
M0073033,N,67,2,12831.17,0,2,0,4676.02,9888.32,1.44
M0073034,N,43,1,9626.21,0,0,0,3343.2,6283.28,1.54
M0073035,N,31,1,6806.91,0,1,1,2452.5,3203.74,0.31
M0073036,N,76,1,3753.2,0,0,1,617.35,5396.52,0.0
M0073037,N,45,1,8623.54,0,2,0,7833.89,6968.32,0.78
M0073038,N,51,1,9579.21,0,0,1,5142.87,2427.56,1.67
M0073039,N,55,0,15962.41,1,0,0,2758.66,14769.54,2.76
M0073040,N,69,2,15873.64,0,1,0,3271.83,17175.79,0.63
M0073041,N,51,2,9205.99,0,2,0,5500.83,3038.17,2.81
M0073042,N,51,0,12164.68,0,1,0,935.69,10179.29,0.0
M0073043,N,24,2,10659.92,0,0,0,3620.81,9326.31,2.99
M0073044,N,26,0,3398.49,0,0,1,2745.55,2488.79,0.39
M0073045,N,65,0,11569.95,0,2,0,4335.5,9746.51,1.57
M0073046,N,73,3,25651.33,0,1,0,10800.4,10268.24,1.58
M0073047,N,66,0,10680.29,0,1,0,5179.02,12385.31,2.77
M0073048,N,41,1,15023.12,1,1,0,2549.46,10401.77,0.69
M0073049,N,72,0,50689.11,1,0,0,10518.48,32318.16,2.59
M0073050,N,27,0,25113.87,1,2,0,3371.21,17751.73,0.13
M0073051,N,68,2,10717.58,1,0,0,4692.77,11618.41,1.43
M0073052,N,59,2,11566.38,0,0,1,3004.21,6585.81,0.54
M0073053,N,40,3,14857.41,0,3,1,5063.08,13015.07,1.05
M0073054,N,60,1,8023.86,1,1,0,1707.1,4588.72,0.0
M0073055,N,18,0,3068.13,0,1,1,533.32,1943.36,1.99
M0073056,N,64,2,2289.05,1,0,0,784.43,1667.56,0.0
M0073057,N,58,2,12564.14,0,0,0,4743.28,14121.95,1.06
M0073058,N,76,1,7246.03,0,0,0,2025.72,6115.44,0.68
M0073059,Y,50,7,208114.47,2,3,6,99775.71,87819.2,3.0
M0073060,N,54,0,5475.38,0,1,0,2010.16,7592.98,0.4
M0073061,N,47,2,2698.26,0,0,0,1225.73,2977.42,0.0
M0073062,N,71,1,9380.16,0,1,0,1127.06,7650.75,0.0
M0073063,Y,83,5,505278.69,3,6,7,113169.5,342955.73,4.18
M0073064,N,70,0,4550.23,0,1,0,1840.63,3974.26,0.0
M0073065,N,40,2,35721.72,0,2,0,8435.58,22692.21,2.15
M0073066,N,28,0,12853.16,0,1,0,5863.11,12459.91,2.09
M0073067,N,32,1,11459.71,0,1,0,6725.28,4383.97,0.64
M0073068,N,24,1,9444.88,1,0,0,8556.08,5719.49,1.36
M0073069,N,75,0,10521.59,0,0,0,3395.69,5974.95,0.59
M0073070,N,19,1,16925.89,0,0,0,3175.51,15965.88,1.28
M0073071,N,31,1,57403.71,0,2,0,7818.7,40050.57,1.69
M0073072,N,76,3,38468.12,0,2,0,9182.77,24698.65,2.93
M0073073,N,27,1,9778.85,0,0,0,1653.15,8981.51,1.12
M0073074,N,47,0,10932.45,0,0,0,946.57,9113.83,1.03
M0073075,N,67,0,8439.46,0,1,0,545.96,7946.71,0.79
M0073076,N,62,0,6138.74,0,1,0,4242.23,3590.64,0.0
M0073077,N,40,1,7934.71,0,2,0,1520.95,8426.37,0.79
M0073078,N,26,1,8493.19,0,2,1,4390.87,3252.16,1.85
M0073079,N,61,1,76637.62,0,0,0,20577.2,39413.0,0.64
M0073080,N,20,2,9663.05,0,1,0,4854.34,10483.55,2.3
M0073081,N,51,0,4553.59,0,0,0,3265.21,4329.75,0.82
M0073082,N,26,0,6388.23,0,0,1,3962.28,3165.35,2.05
M0073083,N,79,1,10699.18,0,0,0,1511.0,9371.05,1.1
M0073084,N,26,1,5083.55,0,0,1,721.84,7309.33,1.38
M0073085,N,75,0,5591.7,0,1,1,3292.27,1208.46,0.0
M0073086,N,32,0,6137.79,0,0,0,2203.16,3467.71,0.79
M0073087,N,79,2,10500.04,0,0,1,3541.19,11738.77,2.49
M0073088,N,22,2,4788.04,0,0,0,1925.19,3500.53,0.0
M0073089,N,36,0,7052.91,0,1,0,1378.13,5523.33,0.64
M0073090,N,40,0,7034.88,0,0,0,1208.4,9568.29,0.4
M0073091,N,74,0,7494.1,0,1,1,1574.96,4885.38,0.82
M0073092,Y,71,2,111030.21,1,3,3,39970.76,80068.84,3.73
M0073093,N,42,0,9778.83,0,0,0,5214.17,11155.15,1.72
M0073094,N,67,0,8723.72,0,0,0,3790.92,6323.53,0.66
M0073095,N,56,2,4817.29,1,0,0,1429.01,5250.15,2.42
M0073096,N,18,2,5928.68,0,0,0,1023.91,4349.07,1.29
M0073097,N,78,0,5639.62,0,1,0,1672.88,5896.73,1.44
M0073098,N,76,0,3388.85,0,0,0,1197.74,3967.54,1.84
M0073099,N,78,2,7453.4,0,0,0,1446.09,6992.85,0.0
M0073100,N,59,2,26647.0,1,0,0,6555.83,17109.87,2.04
M0073101,N,33,1,6896.14,1,1,0,1463.03,4878.06,0.42
M0073102,N,56,1,20385.25,0,1,1,3997.23,18696.1,0.65
M0073103,N,53,2,8976.58,1,0,0,3576.82,7650.74,1.52
M0073104,N,49,1,6870.31,0,0,0,2327.38,4883.72,0.77
M0073105,N,68,2,12944.16,0,2,0,650.81,11235.6,1.87
M0073106,N,35,1,8841.51,1,0,0,3146.94,6389.46,0.27
M0073107,N,58,1,14112.68,0,0,1,2513.38,15448.01,1.21
M0073108,N,49,0,10016.88,0,0,1,3061.77,5914.31,0.71
M0073109,N,74,1,12810.82,0,0,0,1345.44,16340.12,0.18
M0073110,N,22,1,6587.13,0,0,0,1408.14,6857.51,1.64
M0073111,N,25,0,6646.85,0,0,0,4046.34,2102.93,0.06
M0073112,N,59,1,10183.58,0,1,0,6258.15,8884.55,1.02
M0073113,N,52,0,5778.08,0,0,0,2109.66,3784.57,0.18
M0073114,N,79,1,3314.43,0,1,0,806.85,4707.63,1.01
M0073115,N,43,1,21105.33,0,0,0,1223.48,29319.14,1.44
M0073116,N,48,2,9777.37,0,0,0,1603.54,9384.81,1.23
M0073117,N,44,0,4517.98,2,0,0,658.06,3067.59,0.47
M0073118,Y,40,6,233799.92,5,6,5,110559.37,127956.97,6.4
M0073119,N,65,2,9558.57,1,0,0,1398.92,13363.41,0.71
M0073120,N,66,0,7733.54,0,1,0,542.16,10983.84,1.74
M0073121,N,37,0,20348.53,0,2,0,7005.97,14570.55,0.01
M0073122,N,40,3,17912.47,0,2,1,3110.85,20455.15,0.73
M0073123,N,77,1,11404.51,0,1,0,5312.75,5997.67,0.53
M0073124,N,18,0,10662.65,1,2,0,7144.63,6164.56,0.77
M0073125,N,79,1,15794.23,0,0,0,3723.38,10114.11,1.21
M0073126,N,31,0,3849.36,0,0,0,848.64,2951.56,0.0
M0073127,N,49,1,13120.07,0,2,0,4216.43,12886.17,2.34
M0073128,N,70,1,14068.01,0,0,2,1758.97,20936.11,0.12
M0073129,N,47,1,15117.16,1,3,0,14213.91,8090.71,1.07
M0073130,N,65,0,7746.67,0,2,0,2811.23,5084.35,1.33
M0073131,N,76,1,9792.7,0,2,1,3322.64,11279.4,0.77
M0073132,N,76,1,10926.41,0,0,0,5784.0,9485.05,1.73
M0073133,N,68,1,13971.06,1,2,0,5192.15,15361.43,1.95
M0073134,N,52,1,20023.51,0,0,0,2948.57,22890.59,1.55
M0073135,N,75,2,3532.87,0,0,1,1295.95,4934.24,0.82
M0073136,N,21,1,5429.56,0,0,0,1079.66,6128.18,0.0
M0073137,N,29,0,2131.82,0,0,0,1064.51,1280.84,0.22
M0073138,N,21,0,12071.35,0,1,1,4830.49,8260.72,0.24
M0073139,N,65,0,60853.63,0,1,1,14357.66,41335.1,0.0
M0073140,N,51,2,3692.84,0,0,0,781.37,3371.05,0.32
M0073141,N,18,2,19911.5,0,0,1,3917.81,14750.28,0.3
M0073142,N,73,0,7791.21,0,0,2,2539.17,4396.93,0.35
M0073143,N,73,1,43186.9,0,0,0,3088.64,36021.21,2.69
M0073144,N,47,1,5692.81,1,0,2,1343.68,5589.83,0.84
M0073145,N,71,1,16981.32,0,1,1,4891.3,8417.33,1.12
M0073146,N,49,0,9031.12,0,0,0,1999.07,5348.28,0.12
M0073147,N,78,3,17288.54,0,2,0,4599.42,9073.94,1.78
M0073148,N,46,2,4446.56,0,0,0,1980.85,5193.23,0.0
M0073149,N,19,0,12174.94,1,3,0,3125.17,18710.61,1.21
M0073150,N,42,2,29347.91,1,3,0,3601.15,44972.84,1.67
M0073151,N,42,0,15131.07,0,1,0,2912.25,13571.65,0.0
M0073152,N,45,1,14926.32,0,0,1,923.86,12709.42,0.0
M0073153,N,29,0,19131.49,0,0,0,3439.35,26731.27,2.02
M0073154,N,52,0,4159.24,0,1,0,1211.48,3711.72,0.52
M0073155,N,61,1,8619.06,0,0,0,4049.92,10004.88,1.98
M0073156,N,74,1,7425.85,0,0,0,3690.75,4293.8,1.5
M0073157,N,41,0,22798.74,0,2,0,1735.58,23837.61,1.3
M0073158,N,23,3,13632.25,2,0,0,5197.15,5875.03,2.28
M0073159,N,34,1,2407.94,0,1,1,1001.7,1243.27,0.0
M0073160,N,76,0,5989.7,0,0,0,1730.64,5403.65,0.56
M0073161,N,53,0,10390.6,1,0,1,3412.53,5023.97,1.85
M0073162,Y,63,6,177648.93,1,2,2,29009.81,141847.13,4.09
M0073163,N,44,0,4637.4,0,0,0,1471.38,3190.77,1.16
M0073164,N,71,0,5039.65,0,0,0,2632.08,5856.14,0.0
M0073165,N,24,0,17599.3,0,0,0,1837.0,13231.43,1.57
M0073166,N,42,3,10210.26,0,0,0,3317.24,5728.22,1.85
M0073167,N,60,1,15443.42,0,1,0,14066.49,8684.88,0.93
M0073168,N,34,1,4924.45,0,1,0,1533.52,3723.8,1.19
M0073169,N,61,0,4827.36,0,0,0,1359.81,3217.77,0.0
M0073170,N,57,0,4337.02,2,0,0,1471.27,5180.42,0.73
M0073171,N,32,3,6729.38,0,2,0,4011.29,3293.77,1.2
M0073172,N,31,1,9693.33,0,0,0,1486.64,14871.23,2.07
M0073173,N,42,2,8030.4,1,0,0,4477.49,4738.18,0.48
M0073174,Y,64,3,262348.94,4,1,2,99126.53,133751.02,3.31
M0073175,N,35,2,4505.29,0,0,0,1819.51,3784.47,0.0
M0073176,N,73,1,12104.6,0,2,1,3986.06,12052.34,1.79
M0073177,N,47,0,15003.35,0,1,0,638.17,22481.73,3.19
M0073178,N,36,2,14152.71,0,0,0,1471.92,10217.23,0.21
M0073179,N,19,1,17412.91,0,2,1,2535.81,14744.14,0.15
M0073180,N,38,0,5858.41,0,1,0,1521.34,3714.92,0.62
M0073181,N,30,3,40953.34,0,0,0,23773.43,15479.6,3.31
M0073182,N,44,0,8268.58,1,0,1,853.55,10131.07,1.44
M0073183,N,79,0,3626.63,0,0,0,1153.35,3241.85,0.98
M0073184,N,46,0,5215.89,0,0,0,1305.72,4184.92,0.63
M0073185,N,49,0,10923.25,0,0,1,8437.88,8609.48,0.59
M0073186,N,43,0,7590.11,0,0,0,466.55,6740.32,1.74
M0073187,N,29,2,10044.62,0,1,0,1550.43,7127.13,1.52
M0073188,N,30,1,4825.76,0,0,0,1273.87,3895.3,0.16
M0073189,N,20,1,18162.79,0,1,0,5711.24,10186.13,0.93
M0073190,N,19,1,39542.43,0,0,0,33609.76,6295.01,3.24
M0073191,N,39,1,3545.17,0,0,0,2038.81,2655.03,0.0
M0073192,N,23,2,5423.54,0,1,0,1584.64,6246.2,1.23
M0073193,N,54,0,6385.92,0,1,0,2369.08,3607.64,0.45
M0073194,N,36,0,4945.58,0,0,0,2152.83,2664.55,0.96
M0073195,N,29,2,15667.52,1,0,0,5867.38,16511.99,0.73
M0073196,N,19,3,5386.04,0,0,0,3082.44,6643.76,0.58
M0073197,N,19,1,8808.97,0,1,1,3957.23,6633.92,1.11
M0073198,N,66,0,13447.27,0,1,0,1722.94,9916.2,0.01
M0073199,N,43,1,3213.26,0,0,0,916.15,3314.07,0.58
M0073200,N,74,1,23316.64,1,1,1,16116.29,8781.04,2.56
M0073201,N,54,1,18667.31,0,0,0,6419.19,11755.56,1.22
M0073202,N,41,2,12940.11,1,2,0,3420.8,11225.36,2.27
M0073203,N,33,0,14381.44,0,0,0,7844.72,15594.76,0.0
M0073204,N,59,0,6687.11,1,0,0,1203.76,9746.7,2.27
M0073205,N,52,1,13156.83,0,0,1,8562.22,5777.88,1.88
M0073206,Y,43,7,117078.82,2,3,1,34175.52,109683.41,5.15
M0073207,N,22,1,9622.72,0,1,0,642.76,7958.87,0.6
M0073208,Y,73,7,314951.61,6,4,3,132983.5,179974.11,6.71
M0073209,N,61,2,16093.52,0,0,0,3998.16,8639.76,0.7
M0073210,N,42,1,15265.83,1,0,1,6700.7,7067.41,3.27
M0073211,N,38,4,10218.09,0,0,0,2341.41,7877.0,0.25
M0073212,N,36,0,10983.33,1,0,0,2052.75,8079.49,0.54
M0073213,N,21,1,8799.33,1,0,0,2707.83,5119.97,0.92
M0073214,N,68,0,3769.47,0,0,0,1146.45,4223.98,0.17
M0073215,N,73,2,4520.21,0,0,0,2219.56,5482.1,1.29
M0073216,N,47,1,8851.71,0,0,1,518.66,8313.62,0.66
M0073217,N,25,0,7642.28,1,0,0,3972.69,9658.71,2.23
M0073218,N,74,1,9548.54,0,0,0,1144.64,9713.94,1.68
M0073219,N,55,1,10342.32,0,0,0,712.53,8294.33,0.63
M0073220,N,40,2,8031.12,0,0,0,2599.24,11616.6,1.45
M0073221,N,21,0,8722.5,0,0,1,3016.0,8636.7,0.59
M0073222,N,27,0,11629.57,0,1,0,3397.65,7461.96,0.08
M0073223,N,64,2,5095.71,0,1,0,2416.95,3030.85,1.71
M0073224,N,75,2,18960.0,0,0,0,23680.41,10296.54,3.36
M0073225,N,24,0,8658.43,0,2,0,1610.21,5375.89,1.73
M0073226,N,80,2,43580.12,0,2,1,6505.39,36613.31,1.77
M0073227,N,43,1,3627.07,0,2,0,1234.38,2936.18,0.52
M0073228,N,30,0,63517.81,0,2,1,8546.86,46314.07,1.58
M0073229,N,60,2,19036.58,1,0,0,6383.92,10840.23,2.15
M0073230,N,32,0,10303.73,0,1,0,3388.71,8114.09,1.64
M0073231,N,49,0,13488.9,0,1,0,4592.65,11994.74,0.85
M0073232,N,26,0,16534.09,0,1,0,2689.5,11545.54,1.36
M0073233,N,73,0,2267.87,0,0,0,2383.43,1353.96,0.37
M0073234,N,29,0,16105.98,0,0,1,7299.45,17567.32,2.59
M0073235,N,74,1,12877.5,1,1,0,2912.45,8879.57,0.55
M0073236,N,22,2,3341.91,0,1,0,2028.6,2152.63,0.78
M0073237,N,37,2,5118.8,0,1,2,485.78,5807.48,0.25
M0073238,N,43,1,29807.82,1,0,0,2375.67,24190.11,1.88
M0073239,N,80,1,4531.88,1,0,0,1115.4,5538.36,1.46
M0073240,N,59,1,10919.74,0,0,1,4182.64,6175.14,1.32
M0073241,N,19,2,8177.02,0,1,0,5251.09,4673.54,0.0
M0073242,N,79,3,22437.42,1,2,2,4756.58,18013.93,1.9
M0073243,N,56,1,5778.32,0,0,0,4840.26,2344.79,0.49
M0073244,Y,42,6,121291.37,4,4,5,63655.83,99809.2,4.46
M0073245,N,44,3,6713.29,1,0,0,1236.34,8614.11,1.93
M0073246,N,26,0,7986.25,0,0,0,2484.4,7685.31,0.77
M0073247,N,36,1,37598.31,1,0,0,4763.52,24993.07,1.35
M0073248,Y,46,8,390447.95,5,7,2,132768.58,245854.95,5.67
M0073249,N,36,0,7707.95,0,0,0,2169.93,4736.27,2.21
M0073250,N,71,2,20542.65,0,0,2,6613.06,10489.02,2.91
M0073251,N,40,2,33486.12,0,0,0,4424.22,29412.04,0.06
M0073252,N,19,1,29054.74,2,1,0,703.99,24353.9,0.57
M0073253,N,76,0,8509.27,0,0,0,3300.47,5648.88,1.3
M0073254,N,80,2,10073.33,2,0,1,5050.88,6682.03,1.5
M0073255,N,61,2,69296.57,1,0,1,5325.37,53888.78,1.58
M0073256,N,57,2,2240.52,1,1,0,749.02,2905.33,1.39
M0073257,N,19,1,4589.17,0,1,1,916.02,5077.94,0.84
M0073258,N,44,0,25692.9,0,0,0,2796.15,17553.2,0.56
M0073259,Y,78,6,279792.09,4,2,2,79610.58,230686.37,4.86
M0073260,N,29,0,3502.58,0,0,0,659.7,3753.24,0.57
M0073261,N,21,2,23791.51,1,1,0,3061.78,19364.3,2.13
M0073262,N,20,2,10126.5,0,1,0,5602.35,11316.16,1.05
M0073263,N,29,0,3160.01,0,0,0,1114.3,3072.12,0.36
M0073264,N,18,1,12092.3,0,1,0,2738.36,14674.96,2.11
M0073265,N,45,2,13664.56,0,1,1,3083.34,17803.31,3.05
M0073266,N,66,1,9938.94,0,0,0,3418.94,6260.24,0.64
M0073267,N,40,1,13598.99,0,1,0,4606.77,7533.25,1.54
M0073268,N,64,1,15912.74,0,0,0,1854.12,12792.23,2.13
M0073269,N,43,2,32890.21,1,0,2,13568.87,32554.63,2.04
M0073270,N,54,0,3862.18,0,0,0,1516.35,4078.63,0.77
M0073271,N,56,1,10647.65,0,0,2,6695.55,12587.22,2.36
M0073272,N,74,0,6342.8,1,0,1,445.24,5780.5,0.71
M0073273,N,50,0,33026.93,0,1,0,5935.3,25240.07,0.0
M0073274,N,38,1,7342.03,2,0,0,4467.38,8146.26,1.93
M0073275,N,28,0,48694.38,0,2,2,7788.06,47435.83,2.45
M0073276,N,40,0,15235.79,0,2,1,2751.53,10793.67,0.9
M0073277,N,72,0,15582.63,0,0,0,3425.07,9602.95,1.01
M0073278,Y,46,4,295402.09,3,5,2,104334.97,282405.01,5.03
M0073279,N,68,0,3663.61,0,2,1,910.18,2578.68,0.73
M0073280,N,32,1,23587.09,0,1,1,7907.1,24281.94,2.01
M0073281,N,68,0,7864.86,0,3,0,1515.27,7498.88,1.14
M0073282,N,43,0,3858.63,0,1,0,2037.5,2166.58,0.0
M0073283,Y,37,5,467895.31,6,4,7,127519.66,308233.75,7.2
M0073284,N,29,1,14161.48,0,0,1,7502.39,4694.8,1.35
M0073285,N,30,0,5528.17,0,1,0,1566.06,5192.92,0.82
M0073286,N,19,2,15006.14,1,2,1,7004.21,9610.55,1.58
M0073287,Y,67,2,244063.03,3,6,1,133967.73,111344.02,6.1
M0073288,N,38,0,20568.88,1,1,0,2364.9,18103.23,1.75
M0073289,N,35,1,16255.35,0,2,0,6161.7,11496.25,1.31
M0073290,Y,77,4,273774.59,2,7,3,57783.52,250097.6,3.35
M0073291,N,42,2,4845.99,0,0,0,2281.78,4174.58,0.0
M0073292,N,57,1,8241.17,0,0,1,3581.7,6258.77,0.0
M0073293,N,54,2,17008.5,0,0,0,6670.05,18236.66,1.41
M0073294,N,69,0,4981.26,0,0,0,485.02,4190.87,0.74
M0073295,N,53,1,8988.91,0,0,0,2560.55,8814.14,0.57
M0073296,N,23,1,18284.64,0,0,0,4722.74,10920.19,1.23
M0073297,N,27,2,9557.3,0,0,0,1969.95,11130.57,0.39
M0073298,N,49,1,10654.26,0,2,1,3272.39,11446.94,1.18
M0073299,N,74,0,19181.79,0,2,0,6123.98,20891.11,1.55
M0073300,Y,52,5,110124.72,4,1,1,17806.42,90102.12,4.25
M0073301,N,37,2,9511.54,0,1,0,987.62,12416.38,0.11
M0073302,N,24,1,13061.99,0,0,0,10557.94,7291.8,1.59
M0073303,N,51,0,3778.01,0,0,0,363.4,2651.29,0.12
M0073304,N,57,2,58862.41,0,0,0,5013.29,42206.57,0.48
M0073305,N,36,1,8053.47,0,1,0,2828.37,3623.42,1.92
M0073306,Y,37,4,192264.08,3,1,3,49135.89,192325.37,4.46
M0073307,N,45,3,8306.38,0,0,0,1674.75,5028.3,0.0
M0073308,N,45,0,5853.85,0,1,0,2131.78,7570.19,0.57
M0073309,N,74,1,10906.22,0,1,0,5278.24,4668.33,1.62
M0073310,N,19,2,12250.45,0,4,0,2840.3,8617.57,2.33
M0073311,N,18,2,16210.25,0,0,0,6895.33,5773.82,0.56
M0073312,N,41,2,6292.17,0,0,0,2550.84,5771.33,0.98
M0073313,N,18,2,28238.33,0,0,2,2979.03,19979.91,1.53
M0073314,N,55,0,15412.92,0,1,0,7397.87,9289.2,1.11
M0073315,N,74,0,4600.88,0,0,0,3483.28,3621.01,1.45
M0073316,N,21,0,13031.32,1,0,0,4001.81,6998.06,0.7
M0073317,N,47,4,13425.11,0,0,0,3779.16,7419.78,1.0
M0073318,N,76,1,21485.83,0,0,0,3406.85,14525.06,2.68
M0073319,N,60,1,5297.94,0,0,0,4837.55,4572.6,0.18
M0073320,N,47,0,4636.25,0,0,0,4491.04,3486.98,0.8
M0073321,N,36,2,26625.85,0,0,0,3080.94,27149.56,0.35
M0073322,Y,52,6,264608.78,4,5,9,41578.57,235648.81,7.43
M0073323,N,61,1,15102.11,1,3,1,7520.67,8233.6,1.27
M0073324,N,34,1,24692.81,1,0,0,3387.62,31420.54,0.99
M0073325,Y,58,5,254531.99,1,5,3,73721.62,284626.48,4.65
M0073326,N,45,1,14198.74,1,0,0,8103.37,7031.35,1.05
M0073327,N,36,2,27382.34,0,0,2,8177.57,17826.76,0.67
M0073328,N,77,0,9212.29,0,0,0,2277.13,5388.65,0.0
M0073329,N,27,0,71377.54,0,1,0,13984.93,43975.13,1.32
M0073330,N,19,0,8801.85,0,2,0,8531.97,4878.17,1.68
M0073331,N,61,0,12423.4,0,1,0,1453.77,14650.32,0.74
M0073332,N,49,2,8254.59,0,1,0,4409.98,10102.54,0.01
M0073333,N,73,1,7756.35,0,1,0,2327.68,5345.37,1.41
M0073334,N,40,0,17087.85,0,2,0,2370.88,18322.24,0.98
M0073335,N,75,0,19187.24,0,0,0,2267.89,18853.86,1.24
M0073336,N,72,4,9565.2,0,3,0,10774.88,6580.23,2.51
M0073337,N,69,1,13852.52,0,1,0,3135.24,12272.93,0.09
M0073338,N,65,1,2961.5,0,0,0,796.03,3369.0,0.0
M0073339,N,66,3,9923.71,0,2,0,2532.73,11190.28,0.99
M0073340,N,36,1,14917.78,1,1,1,4370.99,9710.29,0.97
M0073341,N,53,1,15145.61,2,1,0,2337.42,10189.31,0.83
M0073342,N,54,2,7852.79,1,0,0,3850.43,2835.25,1.01
M0073343,N,77,1,5992.59,0,0,0,2896.75,5768.61,0.78
M0073344,N,76,0,21366.85,0,0,2,5305.65,26671.36,2.34
M0073345,N,38,2,8666.57,0,2,1,8278.76,2498.12,3.31
M0073346,N,40,0,10358.59,0,1,0,5877.53,3249.04,0.73
M0073347,N,29,2,13580.57,1,0,0,7314.24,11025.74,3.92
M0073348,N,23,1,6927.41,0,0,0,929.96,4504.36,0.94
M0073349,N,39,0,17419.78,1,1,0,9153.61,5230.39,3.2
M0073350,N,76,0,3161.68,1,0,0,450.4,2057.44,1.61
M0073351,N,71,2,6395.39,0,0,0,753.23,7078.23,1.71
M0073352,N,32,0,18861.93,2,3,0,3428.84,14230.98,2.13
M0073353,N,69,3,21339.15,0,3,0,7148.7,14492.33,2.55
M0073354,N,75,0,28955.25,0,1,0,21987.81,9766.5,1.35
M0073355,N,53,2,11753.81,0,1,1,5192.86,4580.04,0.53
M0073356,N,42,3,12823.23,0,0,0,5106.74,12732.32,0.0
M0073357,N,39,1,9563.53,0,2,2,7754.0,4453.71,1.42
M0073358,Y,79,4,329353.93,1,5,5,101466.41,212856.08,4.02
M0073359,N,55,1,11885.85,0,0,0,3265.7,6298.85,0.78
M0073360,Y,78,6,209220.98,2,2,2,102166.67,89947.51,2.36
M0073361,N,24,1,7655.71,0,1,0,1726.78,9437.55,0.63
M0073362,N,65,1,15550.39,0,1,0,1358.3,11910.3,1.51
M0073363,N,30,1,7052.18,1,1,0,1507.43,4621.59,0.45
M0073364,N,27,2,9322.57,0,0,1,2003.42,7062.15,0.97
M0073365,N,46,0,11946.63,0,0,0,6488.28,3683.38,2.11
M0073366,N,74,0,10645.42,0,0,0,4279.33,10351.08,0.66
M0073367,N,72,0,8765.11,0,0,1,3234.58,8833.21,1.52
M0073368,N,54,0,2954.98,0,0,1,823.94,3891.67,0.0
M0073369,N,34,0,12942.09,0,2,0,3087.02,13201.66,1.06
M0073370,N,68,1,5163.33,0,1,1,5025.62,3682.58,1.59
M0073371,N,54,1,9312.08,1,0,2,3185.18,9930.2,2.75
M0073372,N,25,0,6195.03,0,1,0,2760.0,5934.75,0.96
M0073373,N,22,0,13850.52,0,2,0,3160.21,8713.53,2.24
M0073374,N,59,2,10034.52,0,0,0,5105.63,3660.32,2.07
M0073375,N,28,0,12059.7,0,1,1,1451.52,16402.28,1.08
M0073376,N,76,0,7493.84,0,1,0,696.0,5243.88,0.41
M0073377,N,41,0,9070.17,0,1,0,6256.71,5815.01,0.0
M0073378,N,61,0,5111.38,0,1,0,2497.65,6281.03,1.02
M0073379,N,48,0,23247.91,0,2,1,4579.75,16133.84,0.56
M0073380,N,65,2,10863.15,0,0,1,2229.77,6466.74,0.84
M0073381,N,31,1,2709.89,0,1,0,498.06,2305.91,0.0
M0073382,N,55,0,4197.38,0,1,0,1268.74,2593.11,0.0
M0073383,N,47,3,12758.44,1,1,0,7007.86,9410.83,0.47
M0073384,N,45,1,4585.27,0,0,0,1191.06,3590.53,0.98
M0073385,N,64,0,4517.56,1,0,0,1962.21,3274.23,1.34
M0073386,N,69,1,17825.81,0,0,0,7310.18,7263.2,1.35
M0073387,N,24,1,33617.74,0,0,0,2044.35,28812.99,0.33
M0073388,N,34,1,5346.16,0,0,0,1321.92,2921.31,0.25
M0073389,Y,80,4,308014.27,3,3,3,72043.63,211149.31,6.56
M0073390,N,30,2,40829.59,0,2,0,7798.17,30740.73,1.09
M0073391,N,24,1,14332.11,0,0,0,1486.66,21325.21,2.26
M0073392,N,80,2,5966.39,0,1,0,2591.96,7398.09,0.0
M0073393,N,63,0,12748.13,0,0,1,4853.33,9511.56,1.64
M0073394,N,45,2,18959.02,0,0,0,4632.02,14661.26,0.59
M0073395,N,57,0,6664.38,0,1,2,725.72,5845.05,0.72
M0073396,N,65,2,24104.85,2,0,0,7142.15,13029.95,0.13
M0073397,N,77,0,6275.19,0,0,0,1743.86,5776.34,0.0
M0073398,N,27,1,46118.82,0,3,1,7498.46,47707.65,1.97
M0073399,N,33,2,24870.3,0,0,0,11915.88,13211.18,1.42
M0073400,N,77,0,3460.6,0,0,0,1227.15,2264.11,0.52
M0073401,N,54,1,10751.99,0,0,0,3559.84,5640.36,0.56
M0073402,N,60,1,5722.38,1,0,0,1531.58,3711.09,0.0
M0073403,N,53,0,7186.55,0,0,0,3597.41,7577.39,0.27
M0073404,N,40,2,7487.4,1,1,0,6299.04,3719.27,1.39
M0073405,N,61,1,14536.36,0,1,0,3373.66,8963.76,2.32
M0073406,N,33,0,16524.01,0,3,0,11434.85,10205.8,0.68
M0073407,N,27,1,6746.26,0,1,1,939.38,4877.86,1.2
M0073408,N,72,1,16403.1,0,1,0,11746.37,7733.91,1.87
M0073409,N,29,1,8279.44,0,0,0,1714.99,6715.41,0.0
M0073410,N,47,2,18392.37,0,2,1,6662.29,14401.27,1.23
M0073411,N,46,0,15089.12,0,0,0,1244.62,13942.38,0.38
M0073412,N,38,0,7915.01,0,0,0,823.08,5529.62,0.69
M0073413,N,69,1,11676.66,0,1,0,4545.66,12905.1,1.09
M0073414,N,48,1,12203.47,0,2,1,1477.7,9252.52,2.03
M0073415,N,58,2,31208.07,1,0,0,7860.0,17123.75,1.02
M0073416,N,36,1,17585.87,0,0,0,5363.86,10826.53,1.37
M0073417,N,41,2,5981.07,0,0,1,2020.71,5628.81,0.01
M0073418,N,41,1,4543.56,0,0,0,960.6,5075.95,0.0
M0073419,N,36,3,10794.2,0,0,1,1507.89,9632.25,0.81
M0073420,N,65,1,12148.69,0,2,1,2626.57,10846.53,1.83
M0073421,N,47,1,3685.97,0,3,0,1248.14,3833.92,0.26
M0073422,N,58,3,12134.15,1,2,1,2491.61,16463.13,0.5
M0073423,N,31,0,3541.93,0,1,0,654.56,2317.6,2.21
M0073424,N,38,2,9433.88,0,2,0,2842.72,4712.6,1.4
M0073425,N,56,0,4462.27,0,0,0,4222.64,3192.76,1.14
M0073426,N,67,3,13826.07,0,1,1,11283.77,10999.7,2.59
M0073427,N,50,1,6143.98,0,1,0,4409.03,3703.66,0.66
M0073428,N,40,2,17423.96,1,1,1,2389.1,12084.98,1.47
M0073429,N,18,0,19674.34,2,0,0,4880.46,17693.13,1.56
M0073430,N,27,0,12922.89,0,1,1,5278.94,6244.21,1.72
M0073431,N,39,1,4297.8,0,0,0,1902.67,5186.18,0.16
M0073432,N,73,3,15329.38,1,1,0,2936.93,14648.81,0.33
M0073433,N,64,1,3473.02,0,0,0,727.55,3165.7,1.2
M0073434,N,59,0,4088.12,1,0,0,833.46,3432.63,0.48
M0073435,N,59,2,14603.25,0,2,0,2223.2,10649.39,0.81
M0073436,N,74,0,2242.33,0,1,0,355.03,2734.26,1.75
M0073437,N,26,0,5847.69,0,0,0,2145.59,5303.33,0.19
M0073438,N,19,2,7699.55,0,0,1,1485.83,7610.78,0.92
M0073439,N,37,1,20669.45,2,1,0,11348.05,18227.51,1.25
M0073440,N,27,0,5094.36,0,0,1,1093.49,5197.6,0.0
M0073441,N,20,1,2607.09,0,1,0,629.18,1615.69,0.99
M0073442,N,58,1,11219.2,0,0,1,4006.77,5993.97,0.22
M0073443,N,45,1,5528.69,0,0,0,1442.88,5532.45,0.0
M0073444,N,18,0,11508.79,1,1,0,5153.51,9758.42,1.25
M0073445,N,58,0,11372.56,0,0,1,3497.81,8289.98,1.02
M0073446,N,62,2,12772.27,1,1,0,5551.03,7743.09,1.09
M0073447,N,55,1,2833.09,0,0,0,881.71,2295.97,0.0
M0073448,N,68,1,10608.31,0,0,2,3094.09,5328.57,0.0
M0073449,N,39,1,13316.44,1,1,0,1198.71,11258.73,0.52
M0073450,N,41,1,12126.14,0,1,0,1482.19,8361.36,1.76
M0073451,N,47,2,34861.27,0,2,0,9628.7,20774.78,1.48
M0073452,N,68,2,7819.72,1,0,0,1768.03,8365.69,1.47
M0073453,N,62,0,2934.06,0,1,0,1530.0,3161.3,0.16
M0073454,N,18,0,17327.07,0,1,0,11488.35,14060.22,0.72
M0073455,N,66,1,3726.56,0,0,0,791.58,4224.14,0.51
M0073456,Y,61,8,474237.57,4,7,6,215338.93,184144.75,8.12
M0073457,N,23,3,14505.62,0,2,0,4419.79,10350.43,0.87
M0073458,N,21,2,9107.39,2,0,1,3389.38,9490.2,0.88
M0073459,N,26,0,11599.62,0,2,0,1267.02,13007.36,1.44
M0073460,N,52,0,2447.27,0,1,0,628.37,2843.16,0.77
M0073461,N,40,1,26699.51,0,0,0,17654.61,18403.38,1.84
M0073462,N,80,1,9371.35,0,0,0,5251.27,8508.03,0.4
M0073463,N,48,1,103207.84,2,1,0,66616.19,24502.94,1.27
M0073464,N,80,3,64582.42,0,1,1,15697.84,41427.39,1.87
M0073465,N,78,1,17696.76,0,0,1,4505.69,11067.15,2.29
M0073466,N,19,0,12427.01,1,1,0,1010.95,13580.19,1.16
M0073467,N,31,4,7260.75,0,1,1,5746.91,4304.95,1.97
M0073468,Y,46,4,382315.06,2,3,4,33269.22,364605.42,5.44
M0073469,N,23,1,4735.61,0,1,0,1570.5,2683.22,0.07
M0073470,N,34,1,10780.34,0,0,1,5305.99,9294.33,1.99
M0073471,N,61,2,8222.93,0,1,0,1615.63,6326.76,0.0
M0073472,N,36,0,6238.36,0,0,2,2695.71,5915.54,1.85
M0073473,N,61,0,23247.29,1,2,1,7810.79,11924.62,1.4
M0073474,N,31,2,7855.52,0,0,0,5144.95,5491.37,1.11
M0073475,N,33,1,14984.88,0,0,0,670.22,11135.63,1.81
M0073476,N,47,4,13075.87,0,2,1,5120.46,13103.25,1.12
M0073477,N,71,1,10634.12,0,0,0,1689.84,9157.16,0.88
M0073478,N,67,1,21598.05,0,2,0,7829.7,23267.14,2.97
M0073479,N,39,2,8603.98,0,2,0,797.27,7157.34,0.71
M0073480,Y,67,6,217136.78,2,5,3,95491.46,99684.16,5.44
M0073481,N,31,1,6139.24,2,0,0,7710.63,2001.16,2.46
M0073482,N,60,0,11464.54,2,0,2,7886.66,3740.69,0.17
M0073483,N,73,2,32189.86,0,3,2,6668.55,27726.52,1.07
M0073484,N,38,0,12810.53,0,1,0,2405.45,12700.26,0.35
M0073485,N,20,1,22919.48,1,1,0,6326.57,26101.6,2.53
M0073486,N,42,1,8716.46,0,0,0,6102.47,5921.39,1.14
M0073487,N,72,0,6174.08,1,0,0,902.92,7543.17,1.61
M0073488,N,70,3,18654.77,0,3,0,6576.66,9945.68,2.32
M0073489,N,78,1,7639.91,0,0,0,5782.8,7533.88,1.38
M0073490,Y,57,4,119267.31,3,1,5,60579.56,93341.55,4.66
M0073491,N,40,1,4147.4,1,0,0,2024.67,3711.28,0.0
M0073492,N,59,1,2786.53,0,0,0,424.47,1908.61,0.0
M0073493,N,31,0,7972.23,0,0,0,1286.25,7472.57,1.02
M0073494,N,57,1,9367.14,0,0,0,3361.55,5312.68,1.07
M0073495,N,27,0,6534.16,1,1,0,636.97,7422.12,0.67
M0073496,N,54,0,6786.64,1,1,0,2450.9,8861.18,0.17
M0073497,N,72,0,26387.01,0,2,2,10004.55,12988.67,1.06
M0073498,N,64,1,13503.06,0,0,0,10937.49,2137.41,0.0
M0073499,N,37,0,9041.05,1,0,0,3323.23,5054.45,1.51
M0073500,N,19,0,8066.07,1,0,0,2838.75,3472.23,0.76
M0073501,N,56,2,25198.23,0,0,0,12954.98,6945.37,0.6
M0073502,N,29,2,17300.01,0,0,0,4232.44,10133.14,1.37
M0073503,N,74,0,17305.43,0,1,2,2034.54,11945.66,1.34
M0073504,N,75,2,41035.03,0,0,1,5148.91,37440.81,1.8
M0073505,Y,52,4,508364.92,4,1,4,225024.36,235816.89,3.77
M0073506,N,31,1,3017.63,0,0,0,264.82,2562.93,0.0
M0073507,N,62,1,8987.35,0,1,1,2081.66,11945.96,1.21
M0073508,N,54,0,5792.04,0,2,1,593.88,4040.02,2.13
M0073509,N,35,2,10085.64,0,1,1,3196.65,11698.01,2.17
M0073510,N,29,4,16543.68,0,1,0,13550.61,14055.97,1.78
M0073511,N,26,3,15315.3,0,1,1,6660.13,5498.95,0.24
M0073512,N,33,1,13567.59,0,1,0,4396.02,10766.12,0.58
M0073513,N,48,0,14965.93,0,1,2,1623.38,10614.44,1.66
M0073514,N,47,1,25430.23,0,1,3,3691.77,16561.71,0.0
M0073515,Y,62,5,133140.6,2,1,2,75219.45,76842.68,3.47
M0073516,N,57,1,5512.53,0,0,1,645.16,4710.96,0.99
M0073517,N,28,0,25882.69,0,0,0,5642.89,16354.04,1.01
M0073518,N,21,0,3862.18,0,1,0,1543.62,3575.23,0.0
M0073519,N,55,0,8198.4,0,0,0,2442.98,5651.79,1.81
M0073520,N,35,1,5575.05,0,1,0,1316.68,8253.53,0.96
M0073521,N,78,1,12751.61,0,0,1,1438.01,11082.88,0.0
M0073522,N,49,3,10484.43,0,1,0,1867.48,10220.2,1.65
M0073523,N,19,3,21871.44,1,0,0,8693.55,22006.28,2.32
M0073524,N,65,1,16868.03,0,1,1,3798.1,17082.78,0.97
M0073525,N,76,2,4893.24,1,2,0,3239.55,4836.25,1.58
M0073526,N,63,2,13661.74,0,0,0,3326.15,7474.36,1.5
M0073527,N,44,1,12494.59,0,0,0,1689.21,10319.63,0.92
M0073528,N,70,0,4923.21,0,0,0,1435.74,3611.25,1.66
M0073529,N,59,1,3494.82,1,0,1,1297.92,2017.47,0.0
M0073530,N,25,0,8872.15,0,0,0,2732.38,8771.29,1.92
M0073531,Y,58,7,371573.09,5,3,7,170625.95,168877.35,6.55
M0073532,N,25,1,9554.2,0,0,2,4251.66,7984.26,2.53
M0073533,N,76,0,5472.95,1,0,0,604.64,5351.36,0.8
M0073534,N,55,0,4826.21,0,0,0,1064.45,6338.24,0.53
M0073535,N,42,0,30693.61,1,1,0,11434.47,16049.51,0.9
M0073536,Y,36,4,151591.7,1,6,3,95566.42,81641.95,2.73
M0073537,N,45,2,17720.96,0,1,0,7459.9,9520.44,2.79
M0073538,N,53,2,8199.87,0,1,0,1413.84,6201.41,1.29
M0073539,N,53,1,23173.99,1,0,2,8122.96,15149.47,2.41
M0073540,N,22,0,4345.46,0,0,0,2465.33,3373.17,0.04
M0073541,N,76,1,9459.99,0,0,0,2728.39,7818.69,1.23
M0073542,N,22,0,14100.89,0,0,0,1554.81,10032.99,0.54
M0073543,N,46,0,6592.03,0,0,0,2342.82,5204.83,2.1
M0073544,N,21,0,9860.15,0,1,0,997.04,7512.97,0.94
M0073545,N,75,1,14248.51,0,0,0,1962.48,9430.52,0.5
M0073546,N,71,1,21141.78,0,1,0,15716.1,12925.2,0.57
M0073547,N,58,2,2515.47,0,0,0,1120.06,1624.6,0.0
M0073548,N,74,0,9261.14,0,0,0,2117.84,5148.27,1.09
M0073549,N,66,0,16620.68,0,1,1,3285.57,14948.49,1.87
M0073550,N,38,3,10232.55,0,1,0,3085.5,6691.6,1.6
M0073551,N,54,0,15131.6,0,0,1,4054.84,11932.66,2.46
M0073552,N,55,0,16162.02,0,1,0,2649.2,12071.12,1.47
M0073553,N,71,0,10293.17,0,0,0,1954.02,12246.58,0.32
M0073554,N,53,1,5768.63,0,1,0,2017.71,4151.65,0.13
M0073555,N,58,1,11274.54,0,1,0,2911.48,11283.52,0.66
M0073556,N,37,1,2592.67,0,0,0,351.88,4321.81,0.15
M0073557,Y,47,6,345508.9,5,4,5,164664.52,126262.86,4.49
M0073558,N,56,1,11937.1,0,0,0,3090.08,7339.02,0.23
M0073559,N,79,2,15081.68,0,2,2,8775.21,6404.1,1.41
M0073560,N,29,1,7566.13,0,2,0,4811.62,2140.32,0.01
M0073561,N,43,2,20728.36,0,0,0,8238.75,16294.93,0.98
M0073562,N,69,2,6904.88,0,0,0,620.66,4806.44,0.78
M0073563,N,53,0,14328.96,0,1,1,5761.85,12565.64,1.32
M0073564,N,36,0,9449.31,0,0,0,1402.4,5998.28,0.0
M0073565,N,59,0,6828.19,0,1,0,4291.65,2963.24,0.65
M0073566,N,18,3,21526.32,1,2,0,3127.69,13937.07,3.62
M0073567,N,76,0,6837.49,0,0,1,3207.86,3416.65,2.04
M0073568,N,64,0,8524.55,0,0,1,8199.98,2612.98,1.06
M0073569,N,77,2,6921.65,0,1,1,2948.66,5604.02,1.46
M0073570,N,56,0,3617.16,0,0,0,640.23,2949.74,0.0
M0073571,N,56,1,13448.57,0,2,1,10878.97,10059.54,1.37
M0073572,N,71,2,15996.04,1,1,1,5723.45,14125.33,1.37
M0073573,N,63,2,9267.55,0,1,0,3149.6,6210.57,0.77
M0073574,N,78,1,6076.24,0,0,0,4612.65,4782.48,1.05
M0073575,N,79,1,6076.71,0,0,0,2848.54,6509.9,1.92
M0073576,N,27,0,8730.72,0,1,2,7642.58,4847.54,1.32
M0073577,N,52,2,9169.55,0,0,0,928.43,7271.74,0.75
M0073578,N,64,0,10737.53,0,0,0,2210.34,8075.0,0.0
M0073579,N,79,1,15789.56,0,1,0,1425.25,15019.18,1.73
M0073580,Y,38,7,143146.01,3,1,1,43593.63,102390.15,4.7
M0073581,N,53,2,17440.23,0,2,0,15992.84,11730.86,3.52
M0073582,N,18,0,15341.34,0,2,1,7627.88,4609.73,0.08
M0073583,N,67,2,8100.48,0,0,0,2966.7,7873.96,1.6
M0073584,N,70,2,8066.19,1,0,0,3298.15,7512.09,1.61
M0073585,N,68,0,14351.55,1,1,1,3452.02,7996.65,1.85
M0073586,Y,62,4,362473.89,5,4,3,141607.45,168271.13,6.32
M0073587,N,45,2,33103.2,2,2,0,7031.39,27891.98,1.94
M0073588,N,52,1,10243.6,1,1,1,4204.53,7662.73,0.6
M0073589,N,74,1,8363.61,0,1,0,3318.07,6681.06,1.11
M0073590,N,58,0,4392.76,0,0,0,2795.19,4130.06,0.71
M0073591,N,18,1,5550.33,1,1,0,1735.38,3319.88,0.77
M0073592,N,59,3,12497.65,0,0,0,3491.57,13177.99,0.51
M0073593,N,26,1,17121.63,0,0,0,6640.44,9221.71,1.42
M0073594,N,66,2,15972.93,2,0,0,10359.03,7441.46,2.24
M0073595,N,31,0,9084.28,0,0,1,1399.47,9366.41,0.0
M0073596,N,62,0,9512.13,0,1,0,865.75,7884.68,1.05
M0073597,N,40,0,8248.84,2,1,0,3042.46,4780.38,0.22
M0073598,N,42,0,19586.42,0,1,0,9199.43,15410.99,0.76
M0073599,N,67,0,6790.24,0,2,0,2479.6,8519.35,0.79
M0073600,N,67,1,30407.35,1,3,0,9964.3,15215.24,1.92
M0073601,N,53,1,5099.76,0,1,0,618.23,5715.49,0.3
M0073602,N,23,2,4358.43,0,0,0,1280.83,2923.92,0.0
M0073603,N,31,1,7185.07,0,0,0,2874.37,7373.29,0.75
M0073604,Y,48,5,197369.57,8,1,6,116087.72,154986.11,6.36
M0073605,N,30,1,13117.67,2,1,0,3788.56,6634.55,1.54
M0073606,N,52,0,11863.97,0,3,0,1627.46,10687.39,0.36
M0073607,N,24,1,4505.67,0,0,1,1793.26,1727.54,0.0
M0073608,N,20,0,61025.71,0,0,0,4797.69,44541.7,0.91
M0073609,N,22,1,22247.75,0,0,0,14068.04,6529.99,1.39
M0073610,N,42,2,4909.02,0,0,0,984.72,4417.76,1.41
M0073611,N,54,1,17192.89,1,1,0,2288.71,19007.76,0.76
M0073612,N,80,0,10333.75,1,0,0,1754.46,7405.98,0.94
M0073613,N,56,0,3924.58,0,0,0,1183.99,2993.96,1.21
M0073614,N,48,1,12188.88,0,1,1,2598.07,9722.35,0.79
M0073615,N,39,2,4084.37,0,1,0,1370.92,5423.56,0.0
M0073616,N,41,1,15327.75,1,3,2,2850.41,12075.32,1.47
M0073617,N,80,1,6532.71,0,0,1,1024.12,4093.16,0.42
M0073618,N,33,2,10111.86,1,2,0,7429.09,6121.96,0.81
M0073619,N,60,0,4577.3,0,0,2,942.73,4495.15,1.1
M0073620,N,43,2,9608.11,0,2,0,2555.61,12470.46,1.64
M0073621,N,80,0,8197.97,0,0,0,3261.92,6456.14,0.0
M0073622,N,33,0,3463.48,0,0,0,2122.76,1782.39,0.69
M0073623,N,65,0,35398.23,0,1,0,7983.58,42736.87,1.62
M0073624,N,35,0,16883.76,0,0,0,1265.64,12986.28,0.0
M0073625,N,56,0,14387.97,0,1,0,3272.97,9077.71,1.44
M0073626,N,48,0,9692.91,0,2,0,2635.69,5590.0,0.54
M0073627,N,79,1,27920.85,1,0,0,23239.7,16347.73,2.14
M0073628,N,68,0,4487.42,0,0,0,1046.19,5065.22,1.02
M0073629,N,59,1,23655.79,1,0,1,5034.27,25024.21,0.8
M0073630,N,29,1,25932.62,0,0,0,1110.89,25420.22,1.57
M0073631,N,79,1,10473.57,0,1,0,5897.41,12107.48,2.49
M0073632,N,19,1,14442.73,0,2,1,7345.17,7761.03,1.38
M0073633,N,49,0,13927.75,0,2,0,2782.66,8498.4,0.73
M0073634,N,54,1,13095.66,1,1,0,5172.06,8621.35,1.51
M0073635,N,32,0,7899.33,0,0,0,552.36,10603.66,0.81
M0073636,N,24,1,11698.27,0,0,0,1051.61,9696.19,0.21
M0073637,N,72,1,15090.39,0,0,0,6496.22,10603.9,1.15
M0073638,N,72,2,10153.39,0,0,0,2239.68,8581.35,0.88
M0073639,N,74,0,16333.83,0,1,0,3060.57,11995.87,1.22
M0073640,N,30,2,9090.04,0,1,1,1832.45,11241.57,0.0
M0073641,N,23,1,32621.62,0,2,0,8099.25,18122.99,2.12
M0073642,N,35,3,36158.13,1,0,0,9123.48,39304.98,3.13
M0073643,N,38,2,12523.11,0,0,0,6288.72,4316.99,0.0
M0073644,N,40,3,12021.78,0,2,0,3882.72,15386.13,2.4
M0073645,N,65,1,14412.39,0,1,0,1122.47,12284.55,0.69
M0073646,N,57,0,3646.34,0,0,0,2281.88,2898.15,0.96
M0073647,N,70,3,18908.28,0,0,0,3460.0,16585.46,0.79
M0073648,N,54,2,13741.88,0,0,0,8529.34,9904.74,0.0
M0073649,N,62,0,14559.09,0,1,0,1618.71,16905.34,1.07
M0073650,N,48,0,9356.56,0,0,0,2506.23,9072.67,1.1
M0073651,N,67,0,1497.83,0,0,0,1118.55,1058.75,1.06
M0073652,N,18,3,16970.08,0,1,0,13406.51,5380.4,2.67
M0073653,N,41,1,6514.19,0,0,0,1013.03,6735.99,0.0
M0073654,N,44,1,13810.02,0,1,0,4564.56,12530.37,0.98
M0073655,N,27,0,11177.96,0,0,0,2967.16,7188.16,0.16
M0073656,N,79,1,17999.99,0,1,0,2362.74,16315.8,1.85
M0073657,N,48,0,7139.86,2,0,1,1430.14,9540.0,1.36
M0073658,N,18,0,14057.99,0,2,0,5878.43,8706.81,1.46
M0073659,N,21,1,22582.1,0,1,0,337.52,27482.68,0.96
M0073660,N,65,2,8545.39,0,1,0,2862.44,8209.0,0.69
M0073661,N,37,0,10701.87,0,0,0,618.56,15263.92,0.21
M0073662,N,56,2,25439.89,1,0,0,7104.14,15064.57,1.27
M0073663,N,71,0,10996.41,0,0,0,1065.28,14481.92,2.06
M0073664,N,43,0,26757.42,0,0,0,1160.91,21927.0,1.2
M0073665,N,22,1,9050.39,0,2,0,2264.12,7374.33,1.01
M0073666,N,66,2,6314.97,0,0,1,3899.25,2873.21,1.91
M0073667,N,64,0,8439.43,0,0,0,1353.57,5592.6,0.82
M0073668,Y,44,5,124446.33,2,3,2,46496.09,72259.73,3.28
M0073669,N,23,0,18151.59,0,2,1,5105.18,12038.67,0.0
M0073670,N,70,1,12839.8,0,2,1,8010.83,12598.83,1.52
M0073671,N,23,0,4716.41,0,1,0,2127.42,3721.22,0.0
M0073672,N,25,1,1875.52,0,0,0,1018.29,2355.55,0.0
M0073673,N,35,1,12261.39,0,0,0,3845.67,11739.01,0.67
M0073674,N,51,0,4809.04,0,2,1,1232.37,4728.32,1.14
M0073675,N,71,0,6773.7,0,0,0,1873.52,8648.42,1.15
M0073676,N,65,1,7967.36,1,0,0,6488.01,2723.49,0.86
M0073677,N,47,1,11328.41,0,1,1,2196.74,9217.35,1.1
M0073678,N,60,0,3303.06,0,0,0,1716.19,3527.57,0.91
M0073679,N,24,2,6396.03,0,1,0,930.7,8652.64,0.64
M0073680,N,68,0,4362.84,0,1,0,1432.69,3000.47,0.95
M0073681,N,19,0,8164.62,0,3,2,1523.19,13107.31,1.01
M0073682,N,53,2,7630.86,0,1,0,8087.27,5318.37,1.42
M0073683,N,19,1,9428.01,0,0,0,1617.45,8286.72,0.58
M0073684,N,67,1,24163.24,0,2,0,3936.34,17499.03,3.63
M0073685,N,77,1,9792.21,0,1,1,6934.21,6501.12,1.24
M0073686,N,77,3,47009.73,0,1,0,25668.28,16950.97,1.24
M0073687,N,69,0,7201.67,0,0,0,1568.75,4150.69,1.0
M0073688,N,75,1,3926.8,1,0,0,2193.93,1835.42,0.0
M0073689,N,41,1,19460.74,0,2,0,3200.26,17726.65,0.29
M0073690,N,29,0,4886.57,0,1,1,2983.15,5397.85,2.36
M0073691,N,24,1,10755.59,0,1,1,3202.21,7672.61,2.78
M0073692,Y,58,6,198641.99,2,3,4,55202.8,140840.46,4.09
M0073693,N,74,1,10372.62,0,1,0,891.9,8137.48,0.64
M0073694,N,80,1,17965.03,1,2,0,3245.38,13306.03,2.36
M0073695,N,32,1,5742.53,1,1,0,2929.88,2599.73,1.3
M0073696,N,78,0,5103.37,0,2,1,3086.05,3282.48,1.38
M0073697,N,42,1,5313.17,0,0,0,1923.68,3151.61,0.0
M0073698,N,30,1,10890.67,0,0,1,1558.42,8370.78,0.15
M0073699,N,27,1,19450.4,0,0,1,1845.29,14465.21,1.63
M0073700,N,30,0,6460.51,0,1,1,3592.71,3593.69,0.0
M0073701,N,58,2,12213.99,0,1,3,4199.16,7837.67,2.58
M0073702,N,46,2,9383.09,0,0,0,1398.46,7316.52,1.42
M0073703,N,48,1,8001.71,0,0,1,3269.31,9877.66,0.46
M0073704,N,71,1,10126.84,0,2,0,5540.72,2568.53,0.0
M0073705,N,22,1,21188.82,1,1,1,11839.47,7473.58,0.88
M0073706,N,69,0,5554.05,0,1,0,2516.44,3181.76,0.49
M0073707,N,77,0,8657.85,1,1,0,3159.17,4734.13,2.04
M0073708,N,53,1,24096.54,1,0,0,8460.36,12089.75,1.86
M0073709,N,64,0,8940.78,0,0,0,747.98,6662.96,0.16
M0073710,N,35,0,7017.25,0,0,0,3555.95,6998.79,0.51
M0073711,N,38,1,5922.87,1,2,0,3231.85,4681.77,1.42
M0073712,N,55,0,2995.19,0,0,0,677.18,3905.5,0.95
M0073713,N,58,0,11624.36,0,0,0,2919.19,12719.19,0.98
M0073714,N,58,0,5793.0,2,0,0,2733.11,5935.63,0.0
M0073715,N,52,1,10511.41,0,0,0,5682.01,3321.39,1.67
M0073716,N,45,0,15343.32,0,1,0,10755.15,10926.23,1.16
M0073717,N,26,3,16650.9,0,2,0,7122.25,7571.25,2.3
M0073718,N,51,2,24929.83,0,0,0,11119.84,9555.86,1.71
M0073719,N,53,2,11691.77,0,3,0,2392.81,11483.68,3.98
M0073720,N,19,1,6908.29,0,1,0,1748.77,4902.83,1.0
M0073721,N,41,0,15917.11,0,2,0,6417.81,18174.13,0.0
M0073722,N,37,0,7501.77,0,0,0,1562.7,7754.57,1.21
M0073723,N,26,0,10076.18,0,0,0,4631.33,9023.42,1.21
M0073724,Y,82,6,198044.28,6,5,7,70373.71,169372.13,7.36
M0073725,N,79,0,10557.22,0,1,0,7702.04,6635.87,0.46
M0073726,N,69,0,16650.16,0,2,0,5003.66,9557.82,1.54
M0073727,N,38,0,8911.59,0,0,0,710.26,12272.51,0.0
M0073728,N,42,1,13402.69,0,0,1,8507.2,5165.36,1.33
M0073729,Y,81,7,263687.18,3,6,3,166621.33,144746.15,6.99
M0073730,N,72,1,2399.67,0,0,1,1722.97,1640.21,1.36
M0073731,N,53,1,7117.23,0,0,0,1840.23,3831.9,0.42
M0073732,N,48,1,7633.61,0,1,0,4417.02,3627.68,0.0
M0073733,N,23,2,6593.57,0,1,0,1057.11,6781.2,0.87
M0073734,N,43,1,16211.36,0,0,0,4476.59,11156.35,0.01
M0073735,N,47,1,8563.64,2,0,0,3814.29,6207.18,1.15
M0073736,N,22,2,28547.09,0,0,0,5296.18,23839.72,1.38
M0073737,N,27,1,11662.96,1,0,0,2628.76,7290.7,2.31
M0073738,N,80,1,11656.18,0,2,0,7477.62,3896.03,0.74
M0073739,N,50,3,6054.24,0,1,0,3537.48,4515.46,0.0
M0073740,N,45,1,14959.63,1,0,0,2191.34,11955.7,1.04
M0073741,N,73,2,7191.06,0,0,2,2615.44,3628.55,0.46
M0073742,N,27,1,5083.83,1,0,0,2482.41,1994.73,1.68
M0073743,N,76,0,10530.92,0,0,0,1804.47,7380.49,0.63
M0073744,N,54,1,7032.28,0,2,0,1525.85,8178.86,0.89
M0073745,N,60,0,9541.43,1,0,0,986.92,7063.03,1.2
M0073746,N,65,1,11425.23,0,2,0,3624.18,6385.08,1.4
M0073747,N,64,1,17307.86,0,2,0,9934.03,7206.26,2.26
M0073748,N,29,0,15434.95,0,0,0,3113.88,13984.97,1.75
M0073749,N,72,2,18422.5,0,1,0,1218.77,13511.01,1.33
M0073750,N,46,1,5656.69,0,0,0,2404.28,2846.09,0.83
M0073751,N,74,1,10164.82,0,0,0,3016.11,9828.97,1.5
M0073752,N,19,2,11464.25,1,0,0,3330.6,5875.5,0.52
M0073753,N,28,2,7017.72,0,0,1,3914.97,5777.8,0.95
M0073754,N,62,1,18575.0,2,0,0,7242.66,16045.31,2.84
M0073755,N,40,0,8229.42,0,0,1,6881.37,4179.44,1.71
M0073756,N,28,1,17493.58,0,0,1,3153.58,12594.12,1.38
M0073757,N,38,2,34781.74,1,2,1,7440.59,29624.63,1.53
M0073758,N,75,1,2525.85,0,0,0,1825.56,1465.03,0.27
M0073759,N,55,0,6983.95,0,0,0,3612.89,2395.16,0.03
M0073760,N,38,0,6585.47,0,0,0,1080.0,4379.12,1.02
M0073761,N,50,0,17327.01,0,0,0,9711.88,10869.4,0.97
M0073762,N,79,1,5521.05,1,2,0,783.46,5599.7,0.41
M0073763,N,50,0,7040.7,0,0,0,969.81,6017.26,1.07
M0073764,N,66,1,9318.09,0,0,1,1465.78,7804.57,0.0
M0073765,N,75,0,6994.74,1,0,0,2547.98,3139.24,0.0
M0073766,N,29,2,15087.04,1,1,0,9669.58,6323.32,1.63
M0073767,N,65,1,6705.76,1,1,0,2269.61,3307.34,0.2
M0073768,N,67,0,16727.41,0,1,0,11654.32,5752.15,1.27
M0073769,N,21,0,10952.15,0,1,0,1385.17,7840.71,0.0
M0073770,N,51,3,28714.15,1,2,0,10690.65,15626.97,2.13
M0073771,N,59,3,14224.63,0,0,0,1110.76,14322.37,1.32
M0073772,N,55,1,11444.95,0,0,0,3289.39,5791.52,1.67
M0073773,N,21,1,19450.26,0,1,0,5665.79,16432.36,1.79
M0073774,N,29,0,4012.43,1,0,0,1300.15,3347.14,0.58
M0073775,N,71,0,21375.82,0,1,0,17025.35,6199.7,1.7
M0073776,N,68,2,33660.96,1,1,0,6173.55,20733.8,1.82
M0073777,N,54,3,23026.87,1,0,0,4148.12,26165.65,1.51
M0073778,N,78,2,8336.17,0,0,0,2637.46,12226.55,0.0
M0073779,N,63,1,14022.3,0,1,0,3532.22,8057.63,2.15
M0073780,N,31,1,4873.68,0,0,0,1608.15,5813.33,1.02
M0073781,N,61,0,4387.99,0,0,1,1146.69,2801.69,0.4
M0073782,N,48,0,5800.75,0,0,0,5146.88,4542.55,0.97
M0073783,N,18,1,3989.14,0,1,0,1183.74,2071.11,0.46
M0073784,N,80,2,10216.56,0,0,0,4400.54,4282.57,0.0
M0073785,N,43,1,6154.37,0,1,0,1837.07,3791.88,0.58
M0073786,N,26,1,7196.03,0,0,0,4355.68,1804.46,0.0
M0073787,N,21,0,12643.51,0,0,0,3251.69,7938.09,0.21
M0073788,N,75,0,13197.49,1,0,0,1658.87,9365.48,1.68
M0073789,N,28,3,15610.51,0,0,0,6985.92,8798.25,2.61
M0073790,N,74,2,27388.04,1,0,1,2863.77,23898.01,3.03
M0073791,N,29,1,13510.44,0,1,1,7035.98,10597.35,0.34
M0073792,N,43,2,16320.95,0,0,0,5974.33,11146.8,0.28
M0073793,N,43,0,25990.01,0,2,0,6324.42,16588.93,1.64
M0073794,N,47,3,14011.1,0,1,1,4877.53,7631.96,1.51
M0073795,Y,80,4,267149.08,1,2,7,49573.35,202507.78,5.29
M0073796,N,39,0,21117.48,0,1,0,4816.96,32770.02,1.74
M0073797,N,66,1,18871.41,1,2,0,5690.23,18054.03,1.07
M0073798,N,20,0,8426.84,0,2,0,2922.73,9602.01,0.93
M0073799,N,56,0,8122.15,0,0,0,2579.71,6701.56,0.67
M0073800,N,40,0,3137.92,0,1,0,1322.85,1601.54,0.35
M0073801,N,49,1,19742.86,0,0,0,2175.54,14219.06,0.99
M0073802,N,66,2,4440.23,0,1,0,1672.98,4979.16,0.67
M0073803,N,43,0,20937.91,0,0,0,3527.42,19002.79,1.6
M0073804,N,49,3,2088.58,0,0,0,1241.62,1945.27,0.58
M0073805,N,60,1,35125.77,0,1,0,20450.51,41106.3,2.76
M0073806,Y,74,6,253559.12,1,6,3,81996.39,135082.2,7.28
M0073807,Y,53,7,222954.59,4,3,4,80343.09,122675.21,4.66
M0073808,Y,57,5,217519.63,4,4,4,100294.92,162167.08,5.26
M0073809,N,72,1,29652.6,1,1,0,4158.07,22348.49,0.22
M0073810,N,23,2,13646.08,0,1,0,4433.77,6858.54,0.53
M0073811,N,72,0,25812.29,1,0,0,3229.0,27726.02,1.06
M0073812,N,34,1,55542.5,0,2,1,21975.48,25398.27,1.47
M0073813,N,43,0,3968.36,0,1,0,870.95,5835.6,0.42
M0073814,Y,63,6,360067.85,2,4,4,125373.86,237538.0,4.35
M0073815,N,64,4,27073.22,1,1,2,6582.9,33506.58,3.21
M0073816,N,61,1,18677.23,0,2,1,5383.27,11840.37,3.38
M0073817,N,56,0,13838.24,0,0,0,1712.25,14070.74,1.34
M0073818,N,62,2,14664.26,0,2,0,2415.61,12203.68,0.49
M0073819,N,47,0,13562.62,1,1,0,4788.84,10543.55,2.23
M0073820,N,70,1,4100.17,0,0,1,2404.46,3897.75,1.79
M0073821,N,22,1,20977.82,0,0,0,7140.67,18674.6,1.58
M0073822,N,28,1,8967.07,0,1,3,3606.08,9204.61,0.0
M0073823,N,44,2,15551.82,0,0,2,4906.2,21073.01,2.68
M0073824,N,56,2,3293.32,0,0,0,1065.11,3357.45,0.0
M0073825,Y,61,4,202319.61,4,3,4,100658.69,156670.31,5.44
M0073826,N,51,0,9996.79,0,1,1,5014.23,12108.24,1.78
M0073827,N,20,1,10906.47,0,1,1,1888.64,7305.82,1.57
M0073828,N,55,1,4831.55,0,0,1,1414.35,4513.2,1.73
M0073829,N,78,0,9072.94,0,0,1,711.63,8565.06,0.73
M0073830,N,58,1,9110.1,1,1,0,4757.76,7970.37,1.74
M0073831,N,55,1,10736.64,0,1,1,1345.55,15494.27,0.47
M0073832,N,62,1,10862.97,0,0,2,4575.78,6397.21,0.52
M0073833,N,21,0,12281.06,0,0,0,3363.73,7329.9,0.35
M0073834,N,55,0,9492.82,0,0,0,539.76,12492.02,0.53
M0073835,N,30,1,13279.32,1,0,1,3100.06,13711.67,0.77
M0073836,N,43,3,14536.5,0,1,1,3164.46,9265.61,1.63
M0073837,N,64,2,20435.28,0,0,1,8125.65,16938.44,2.82
M0073838,N,62,0,9972.21,0,1,0,4659.95,5330.27,0.97
M0073839,N,31,2,14644.38,0,2,0,4728.04,14760.01,0.0
M0073840,N,49,0,8854.76,0,1,0,2187.43,4742.93,1.9
M0073841,N,36,0,15125.18,0,0,0,1714.6,14280.36,0.8
M0073842,N,80,1,11330.41,0,2,0,1178.79,8661.77,0.24
M0073843,N,29,1,3481.45,0,1,0,1970.86,1618.67,0.0
M0073844,N,49,1,3575.6,0,0,1,936.36,3774.99,0.65
M0073845,N,59,0,12456.89,0,2,0,5284.42,6742.7,1.29
M0073846,N,67,1,26447.3,0,2,2,10442.04,14461.66,2.07
M0073847,N,76,1,32789.24,0,0,1,3073.91,27015.31,1.48
M0073848,N,54,0,2603.02,0,0,1,1100.54,2657.25,0.0
M0073849,N,69,0,14401.73,1,0,0,4100.03,8908.0,0.9
M0073850,N,38,2,10950.37,0,0,0,5536.08,9834.49,0.52
M0073851,N,29,0,12952.16,0,1,0,707.91,11859.26,1.49
M0073852,N,29,2,46385.62,1,0,0,23597.45,17356.52,2.18
M0073853,N,76,0,9832.49,0,0,0,769.91,8645.54,0.95
M0073854,N,55,2,24695.54,0,0,1,7014.67,17108.07,0.78
M0073855,Y,83,2,201263.23,1,4,1,93017.38,168200.6,2.9
M0073856,N,40,1,10880.52,0,1,0,5460.04,4240.91,2.8
M0073857,N,44,2,27729.66,0,0,0,16787.03,12494.76,0.83
M0073858,N,31,3,18038.04,1,1,0,7339.35,11091.23,2.9
M0073859,N,23,2,35255.48,1,0,1,10257.52,25556.68,1.53
M0073860,Y,74,7,190981.71,6,1,2,43557.12,160375.29,4.62
M0073861,N,30,0,4940.7,0,0,0,1353.4,3337.43,0.31
M0073862,N,18,1,11178.38,2,3,0,2064.48,16372.01,1.89
M0073863,N,53,1,13569.55,0,0,0,3038.21,10474.71,0.56
M0073864,N,73,1,11174.44,0,0,0,5571.38,3421.4,1.18
M0073865,N,71,2,5208.82,0,1,0,3186.6,4435.89,0.63
M0073866,N,76,1,3137.56,0,0,1,294.44,3235.82,0.0
M0073867,N,32,1,4791.59,0,1,0,1752.55,2871.27,1.04
M0073868,N,54,0,3686.33,1,0,1,1899.0,2349.97,2.36
M0073869,N,79,2,16892.9,1,0,0,2927.39,15931.75,0.21
M0073870,N,64,2,22788.5,1,4,1,1581.1,23012.05,1.66
M0073871,N,27,1,4431.38,0,0,0,1718.07,2202.11,0.42
M0073872,N,29,0,10693.64,0,2,0,1168.34,7818.51,0.06
M0073873,N,57,0,4388.13,0,1,0,768.31,3767.87,0.14
M0073874,N,76,0,3219.26,0,2,0,2233.31,2356.7,1.38
M0073875,N,77,0,9928.32,0,2,1,2270.37,8785.79,0.79
M0073876,N,54,1,1992.01,0,0,0,163.16,1950.4,0.51
M0073877,N,55,0,2038.92,0,0,0,501.44,1116.4,0.78
M0073878,N,45,0,15577.47,0,1,0,957.44,13175.88,0.54
M0073879,N,65,0,10494.39,0,0,0,2474.5,6354.45,2.09
M0073880,N,18,1,3426.69,0,0,0,1804.72,3999.72,0.93
M0073881,N,77,0,19373.04,0,1,0,6347.01,19275.45,1.74
M0073882,N,30,1,7216.92,0,1,1,1558.36,5207.24,0.0
M0073883,N,30,2,6341.15,0,2,0,2700.47,7807.25,0.0
M0073884,N,24,1,12686.05,0,1,0,8959.87,6212.94,1.16
M0073885,N,67,0,5228.78,0,2,0,2130.29,4441.0,0.71
M0073886,N,41,1,5558.86,0,0,0,553.59,4032.77,0.43
M0073887,N,29,1,2938.01,0,1,0,947.59,3073.85,0.0
M0073888,N,54,1,7710.74,0,0,0,2823.66,7068.99,2.4
M0073889,N,44,1,13755.79,0,0,0,6385.63,9317.89,1.69
M0073890,N,41,1,21765.36,1,1,0,5083.08,23202.67,2.39
M0073891,N,48,2,5791.51,1,2,1,2953.93,4863.81,2.16
M0073892,N,71,3,26866.63,1,3,0,10747.93,21357.62,1.69
M0073893,N,41,0,6186.86,0,1,0,427.33,4880.43,0.94
M0073894,N,38,0,4314.05,0,1,0,1004.67,4824.86,0.0
M0073895,N,39,0,11600.28,1,0,0,2081.34,8128.28,0.24
M0073896,N,45,1,6333.8,0,0,1,5350.23,5565.96,1.05
M0073897,N,46,0,9532.33,0,2,0,1037.02,9973.56,0.26
M0073898,N,35,0,15301.1,0,1,1,2707.2,13805.54,1.21
M0073899,N,44,0,17478.11,0,0,0,7522.03,6710.04,0.0
M0073900,N,75,1,4748.73,0,0,0,673.84,6325.6,1.38
M0073901,N,49,0,16896.33,0,1,2,10797.16,5049.34,1.16
M0073902,N,63,0,10911.35,0,1,0,3691.17,11314.53,2.92
M0073903,N,77,0,4284.39,0,0,0,2865.29,4370.44,0.0
M0073904,N,72,0,41860.74,0,0,0,6877.47,40667.9,0.65
M0073905,N,43,1,5347.23,0,0,0,852.43,5616.25,1.18
M0073906,N,49,0,6810.55,1,0,0,2040.91,9195.7,1.05
M0073907,N,45,0,6202.57,0,0,0,1677.28,6000.81,0.31
M0073908,N,44,2,25049.28,0,1,0,7916.04,16259.34,0.89
M0073909,N,19,1,3663.36,0,1,0,938.94,2422.22,0.23
M0073910,N,53,0,6598.19,0,0,0,1676.96,3739.6,0.0
M0073911,N,43,2,10536.04,0,0,0,4191.39,8103.49,2.27
M0073912,N,20,3,12523.65,0,2,0,1802.36,20445.5,2.64
M0073913,N,25,2,6069.75,0,0,0,1088.42,7013.78,0.0
M0073914,N,53,1,34972.05,0,0,0,5707.9,26217.12,0.98
M0073915,N,25,0,15161.68,0,0,0,3719.79,9210.38,0.92
M0073916,N,43,0,8081.8,0,0,0,2627.11,3849.83,1.51
M0073917,Y,68,6,236886.24,2,5,3,92561.3,123241.91,5.31
M0073918,N,22,0,6589.81,0,0,0,3924.62,6442.13,0.0
M0073919,N,59,0,3048.15,0,0,0,1609.77,3286.12,0.04
M0073920,N,55,0,13629.78,0,0,0,9303.33,4517.33,0.74
M0073921,N,35,1,13090.66,1,2,1,6712.95,4820.95,0.9
M0073922,N,58,2,6709.97,1,0,0,3030.06,3360.61,0.34
M0073923,N,20,2,14865.34,0,1,0,813.8,12889.09,2.07
M0073924,N,76,1,27269.75,1,1,0,8548.49,12924.24,1.89
M0073925,N,64,1,4265.18,0,0,0,1309.78,5757.04,0.0
M0073926,N,59,0,11701.97,0,1,0,2912.68,10690.92,1.26
M0073927,N,57,0,8301.23,0,1,0,5309.75,2759.81,0.66
M0073928,N,27,1,31137.39,0,1,1,434.61,24050.03,2.27
M0073929,N,22,0,6795.15,2,0,0,857.6,7139.11,0.24
M0073930,N,56,2,15296.7,0,0,0,3678.23,15592.53,1.78
M0073931,N,77,1,7056.32,0,1,0,2875.93,2805.87,2.29
M0073932,Y,70,5,136344.48,3,1,1,33341.85,82003.29,3.17
M0073933,N,27,0,7108.54,0,0,1,2278.09,6393.58,0.14
M0073934,N,66,0,5149.76,1,2,0,2034.18,3918.2,1.55
M0073935,N,61,0,4292.25,0,0,0,469.2,5187.19,0.0
M0073936,N,38,1,17283.13,0,0,0,8325.79,5244.2,1.61
M0073937,N,65,1,10189.6,0,0,0,2882.39,5820.69,0.7
M0073938,N,28,1,5345.63,0,1,0,1330.37,5462.43,1.88
M0073939,N,80,0,15532.12,1,1,0,1357.11,12665.87,0.35
M0073940,N,24,0,31638.83,0,1,0,11790.37,41318.38,0.97
M0073941,N,75,0,16194.63,0,0,1,9620.9,8580.14,1.79
M0073942,N,62,0,19250.79,0,1,1,4554.91,16826.12,1.79
M0073943,N,43,1,13901.49,0,0,0,9483.87,7231.35,0.71
M0073944,N,63,2,13905.28,1,3,1,3913.34,8041.16,0.63
M0073945,N,28,1,5790.04,0,2,0,3386.01,3014.03,1.41
M0073946,N,54,2,33251.72,1,0,0,9891.9,17699.67,0.19
M0073947,N,78,2,15668.59,1,0,0,4112.96,9149.58,1.73
M0073948,N,18,1,16293.88,0,0,0,8895.38,7145.26,1.5
M0073949,N,67,0,6609.64,0,0,0,1530.85,5128.09,0.0
M0073950,N,41,1,9442.2,0,0,0,2315.69,8197.67,1.82
M0073951,N,80,0,9387.62,0,0,0,759.88,6969.38,1.88
M0073952,N,68,2,15755.84,0,0,1,10940.72,6006.92,0.97
M0073953,N,63,3,12896.56,1,0,0,7780.42,9804.86,0.62
M0073954,N,70,1,12765.82,0,0,0,3162.91,7936.5,0.88
M0073955,N,48,0,4526.65,0,0,0,1008.65,4858.49,0.41
M0073956,N,35,0,10672.78,0,0,0,1921.73,10004.97,0.65
M0073957,N,32,2,24402.97,0,1,1,3197.3,26048.33,2.12
M0073958,N,43,1,3749.9,0,0,1,3512.52,2499.12,1.07
M0073959,N,22,1,4382.46,0,0,0,1100.51,3696.63,0.0
M0073960,N,28,3,39606.73,0,1,0,16119.51,16286.34,2.27
M0073961,N,25,2,8079.57,0,1,0,4905.61,7209.58,0.66
M0073962,N,77,2,3585.03,0,0,1,744.41,2394.1,0.37
M0073963,N,58,0,14296.14,0,2,0,2328.66,11179.4,1.7
M0073964,N,41,0,5867.67,0,0,0,700.62,9618.19,0.98
M0073965,N,47,0,11292.9,0,0,0,1593.9,7685.04,0.47
M0073966,N,33,0,17685.54,0,1,0,7228.63,8111.29,1.37
M0073967,N,59,2,8090.7,0,1,0,2615.47,5712.01,0.6
M0073968,N,32,0,23791.41,1,0,0,965.79,20603.04,0.7
M0073969,N,53,0,11253.79,0,1,0,2797.5,7516.1,0.91
M0073970,N,18,0,15767.63,0,1,1,1640.02,20156.45,1.94
M0073971,N,45,0,11649.6,1,1,0,4791.93,6796.16,0.59
M0073972,N,69,0,5911.64,0,0,1,636.94,7725.95,2.29
M0073973,N,70,2,29898.4,0,0,1,5956.35,21773.7,1.34
M0073974,N,74,1,10392.63,1,2,1,2265.72,6643.41,2.23
M0073975,N,28,2,19189.47,0,1,0,9445.51,15351.76,2.84
M0073976,N,31,1,12301.2,0,1,1,2016.68,14364.42,1.12
M0073977,N,18,1,4711.13,0,1,0,359.78,4122.32,0.58
M0073978,N,28,0,6319.84,0,1,0,875.1,5457.94,0.54
M0073979,Y,59,5,129591.19,3,4,5,78462.05,80221.55,3.62
M0073980,N,41,1,6758.72,0,0,0,1322.07,3958.53,2.25
M0073981,N,57,2,16529.4,0,0,0,14098.0,5929.31,2.33
M0073982,N,76,0,22523.6,0,1,0,2090.91,35375.36,1.44
M0073983,N,50,1,21481.76,1,0,0,2921.5,14470.92,0.78
M0073984,N,73,0,26153.48,1,0,0,5984.22,29597.63,0.0
M0073985,N,45,3,12210.82,1,2,1,7710.77,9676.23,2.52
M0073986,N,71,3,35859.48,1,3,1,13698.38,17330.58,2.74
M0073987,N,73,2,13174.97,1,1,0,3665.46,18615.38,1.68
M0073988,N,74,1,5837.92,0,0,0,1510.13,4785.55,0.23
M0073989,Y,82,7,226519.18,5,3,2,111694.29,130201.16,5.97
M0073990,N,19,1,7169.33,0,2,0,4099.87,3771.71,1.84
M0073991,N,47,1,21917.65,1,1,0,2177.65,16752.08,1.63
M0073992,N,72,1,8529.62,1,0,0,4414.11,10577.43,1.22
M0073993,N,60,1,28593.26,0,1,0,1921.86,21690.49,0.8
M0073994,N,25,0,7084.86,1,2,0,4384.89,8362.16,1.84
M0073995,N,45,0,15730.76,0,1,1,8593.0,12747.48,1.68
M0073996,N,55,1,10249.42,0,0,0,2201.52,7429.08,0.8
M0073997,Y,44,8,187214.51,3,6,4,53454.5,190999.51,6.38
M0073998,N,30,0,25784.42,0,0,0,6243.44,25765.72,0.6
M0073999,N,49,1,22245.26,0,2,1,5056.94,13047.16,1.42
M0074000,N,61,0,8086.5,1,0,1,471.58,8099.92,0.0
M0074001,N,62,1,25683.03,0,2,0,4458.48,19987.95,1.54
M0074002,N,40,0,10956.89,0,0,0,3626.31,6099.08,0.0
M0074003,N,67,0,5091.63,0,0,0,1248.42,6712.83,0.0
M0074004,N,36,2,30319.71,0,1,2,19341.54,6123.95,2.37
M0074005,N,41,0,13702.05,1,0,0,4005.6,7190.75,1.48
M0074006,N,50,0,14466.34,1,0,0,4702.26,13937.47,1.85
M0074007,N,66,3,6432.59,0,2,1,3977.88,4275.51,0.74
M0074008,N,18,1,9626.59,0,0,1,6540.12,8156.38,0.59
M0074009,N,40,0,8527.39,0,2,0,1722.46,11803.42,2.14
M0074010,N,67,2,12245.3,0,2,0,2354.3,9738.46,1.24
M0074011,N,69,2,15688.87,0,1,0,9917.88,6320.26,1.92
M0074012,N,30,2,8400.24,0,1,0,4830.13,3875.1,0.2
M0074013,N,48,0,27364.61,0,1,0,1837.09,27209.01,1.62
M0074014,N,78,0,8180.96,1,2,1,1840.17,7332.27,0.84
M0074015,N,46,3,9361.73,0,0,2,4616.61,3743.14,1.77
M0074016,N,67,0,9817.67,0,0,0,3248.73,8272.66,0.86
M0074017,N,59,0,5218.94,0,0,0,1430.88,5813.8,0.01
M0074018,N,77,2,12305.33,1,0,0,5217.75,6849.53,1.35
M0074019,N,24,0,45100.61,0,2,0,3706.89,35148.84,1.84
M0074020,N,33,0,20274.13,0,1,0,4564.56,20936.1,1.2
M0074021,N,43,1,28270.84,1,0,2,2714.05,21937.49,1.6
M0074022,N,80,0,20104.52,0,2,0,4352.18,18023.39,0.51
M0074023,N,80,0,3575.18,1,0,0,1502.19,1955.84,0.75
M0074024,N,72,0,8190.08,1,1,1,4462.35,8946.79,2.68
M0074025,N,20,1,5802.38,1,0,0,2655.71,3354.48,0.8
M0074026,N,50,2,4977.37,0,0,1,783.68,5930.32,0.69
M0074027,N,59,1,12141.95,0,1,0,4004.25,8429.2,3.17
M0074028,N,48,0,15053.92,0,1,1,2740.02,9040.82,0.19
M0074029,N,28,2,43018.64,0,0,0,14267.73,34056.13,1.72
M0074030,N,46,0,17736.89,0,0,1,7353.71,15212.24,0.98
M0074031,N,25,2,18147.03,0,0,0,1262.18,14645.81,1.81
M0074032,N,64,1,9452.24,0,0,0,3348.93,11683.81,0.79
M0074033,N,49,2,31801.27,1,0,1,14058.81,14065.9,2.13
M0074034,N,67,3,13571.27,1,1,0,13482.03,4310.72,1.8
M0074035,N,48,3,36259.44,0,2,1,17732.03,12233.2,2.6
M0074036,N,56,0,16155.96,0,0,0,2665.97,11488.22,1.25
M0074037,N,54,0,18421.18,1,0,0,5503.79,20866.76,2.35
M0074038,N,74,3,22364.25,0,1,0,11674.22,17393.9,1.77
M0074039,N,78,0,17695.67,0,1,0,2728.81,13078.48,0.32
M0074040,N,18,3,37268.19,0,2,0,4623.36,29805.38,1.12
M0074041,N,76,0,10445.35,0,0,0,1908.14,6401.4,0.6
M0074042,N,70,0,6400.88,0,2,2,1034.39,3999.59,0.0
M0074043,N,26,1,11486.27,1,2,0,4426.58,11088.26,1.93
M0074044,N,65,1,6880.93,0,0,0,1002.28,10776.8,0.02
M0074045,N,62,4,20663.43,0,0,0,3146.11,17302.54,1.27
M0074046,N,65,0,20923.71,1,0,0,1792.5,17815.51,1.74
M0074047,N,33,1,9800.03,0,1,0,2592.14,8129.18,0.97
M0074048,N,34,2,15570.2,1,1,0,9065.76,12869.16,0.55
M0074049,N,74,0,24002.57,0,2,0,3731.59,16105.46,1.43
M0074050,N,79,1,6977.32,0,0,0,2727.6,4263.79,0.0
M0074051,N,48,1,7409.95,0,1,0,1433.92,4605.27,0.0
M0074052,N,56,0,26246.91,1,1,0,5450.44,31691.02,1.64
M0074053,N,46,0,3111.51,0,0,0,1606.45,2277.76,0.0
M0074054,N,30,1,5046.88,0,1,0,1227.16,5603.05,1.6
M0074055,N,39,1,8607.3,0,0,1,3356.12,7153.01,1.74
M0074056,N,66,0,10565.68,0,0,0,2605.96,10817.94,1.63
M0074057,N,79,3,29444.3,0,3,0,3804.8,20352.3,1.94
M0074058,N,44,1,19035.39,0,0,0,2294.83,19649.1,1.63
M0074059,N,76,3,20809.13,0,2,1,5548.09,13141.95,2.44
M0074060,N,71,2,4428.76,0,0,0,2626.48,3268.87,1.23
M0074061,Y,70,7,166793.86,3,1,1,52674.66,96401.9,5.02
M0074062,N,52,0,11666.28,0,0,0,4697.91,6846.83,0.44
M0074063,N,39,0,10405.01,1,1,0,3944.67,8605.53,0.99
M0074064,N,41,2,7233.27,0,0,1,1254.69,7344.36,0.71
M0074065,Y,83,7,602687.69,3,6,2,119909.23,470080.66,7.3
M0074066,N,28,0,8848.46,0,0,0,1325.01,13161.15,0.23
M0074067,N,40,0,3766.85,0,1,0,2702.8,3440.54,1.02
M0074068,N,75,2,7264.32,1,1,0,2082.43,9240.0,1.04
M0074069,N,21,0,8570.44,0,1,0,1284.22,8307.91,1.22
M0074070,N,37,0,2864.7,0,1,0,1480.11,2994.76,0.72
M0074071,N,18,1,17252.0,0,1,2,1394.21,19683.01,2.2
M0074072,N,69,0,17205.83,0,2,1,3561.52,14845.48,2.04
M0074073,N,53,1,12226.52,0,0,0,1213.9,13672.5,1.16
M0074074,Y,86,4,381942.76,4,5,3,220052.7,136450.12,5.21
M0074075,Y,48,4,180691.88,2,2,1,44909.47,144782.54,2.43
M0074076,N,30,0,13471.9,0,0,0,7299.47,3585.01,1.45
M0074077,N,68,2,3179.27,0,0,0,719.46,3313.14,0.12
M0074078,N,56,2,3376.54,1,0,0,1337.43,2259.15,1.88
M0074079,N,22,1,3400.74,0,0,0,2451.08,1110.98,1.04
M0074080,N,28,1,7160.98,0,0,0,2312.02,4229.73,1.15
M0074081,N,52,0,5396.81,0,0,0,488.81,7300.47,1.2
M0074082,N,28,1,7813.86,2,0,0,3791.18,7322.15,1.73
M0074083,N,75,0,3701.54,1,0,1,1079.16,5045.34,0.0
M0074084,N,76,0,3306.34,0,0,1,1379.37,2665.22,1.57
M0074085,N,43,1,17982.45,1,1,0,2968.82,28448.14,1.55
M0074086,N,40,1,2856.25,1,0,0,1458.35,1046.04,0.62
M0074087,N,52,0,15485.16,1,0,0,8851.14,14508.65,1.61
M0074088,N,58,1,9243.76,0,0,0,4281.63,10004.08,0.93
M0074089,N,40,0,14964.51,1,0,2,3625.36,12671.35,1.25
M0074090,N,29,0,6334.06,1,0,0,1526.28,4272.48,0.02
M0074091,N,62,1,13877.32,0,1,0,9388.6,4015.8,1.9
M0074092,N,45,1,13711.01,0,1,0,2203.59,11827.91,0.83
M0074093,N,60,1,25804.13,0,1,1,3839.56,18700.62,0.48
M0074094,N,62,1,35015.0,1,0,0,1686.09,27151.9,1.07
M0074095,N,25,0,9859.22,0,0,0,879.54,7437.93,0.83
M0074096,N,51,1,18666.67,1,0,1,5898.98,27222.77,1.24
M0074097,N,72,2,3856.18,0,1,0,2749.31,1382.58,0.93
M0074098,N,48,2,3843.67,0,0,1,1646.14,4276.1,0.0
M0074099,N,46,1,3018.08,0,0,0,1315.19,4103.01,0.0
M0074100,N,53,0,11762.43,0,1,0,2309.25,16585.61,2.44
M0074101,N,55,0,10940.78,0,0,1,4922.92,5511.14,1.59
M0074102,N,20,0,11187.0,0,0,0,1616.64,9364.89,1.91
M0074103,N,79,2,28309.81,0,1,1,12084.42,34999.41,2.62
M0074104,N,36,2,17985.21,0,1,0,3544.25,11239.3,1.41
M0074105,N,30,2,8216.37,0,0,1,2910.13,4899.71,0.77
M0074106,N,46,1,16618.0,0,0,0,3276.06,12670.44,0.73
M0074107,Y,49,5,368025.01,5,6,3,134629.46,221031.41,3.31
M0074108,N,69,1,2790.82,0,0,0,775.43,1587.67,0.0
M0074109,N,27,1,8644.24,1,1,0,2572.46,11232.52,0.23
M0074110,N,71,0,11718.98,0,0,0,6516.67,9589.34,1.47
M0074111,N,66,1,6125.33,0,0,1,3581.2,5792.21,1.77
M0074112,N,23,1,3706.25,0,1,0,1499.7,3720.3,0.04
M0074113,N,68,1,9280.02,0,0,0,3600.92,8557.88,1.79
M0074114,N,72,0,7638.71,0,1,0,3445.91,7892.97,1.97
M0074115,Y,71,7,224128.02,5,3,3,94716.38,102403.28,6.19
M0074116,N,65,1,7119.97,0,0,0,1491.09,6628.51,1.57
M0074117,N,54,0,6741.39,2,0,1,2017.93,7892.74,0.0
M0074118,N,58,1,7119.18,0,0,2,1594.34,4309.91,2.06
M0074119,N,55,2,6845.45,1,1,1,2992.55,6127.58,1.76
M0074120,N,41,2,19823.82,1,2,1,3697.4,17691.98,2.02
M0074121,N,59,2,12170.18,0,0,0,6207.02,9986.59,0.0
M0074122,N,32,1,10932.34,1,1,0,2381.09,6626.09,1.35
M0074123,Y,40,5,167780.1,5,1,5,87726.27,63897.07,3.34
M0074124,N,49,1,30863.71,0,1,0,8049.74,21014.84,0.99
M0074125,N,28,2,18172.99,0,0,0,7558.12,7378.26,1.64
M0074126,Y,82,3,168435.63,7,2,6,57615.68,173755.84,4.07
M0074127,N,24,0,11846.8,0,0,0,2118.32,13581.45,2.4
M0074128,N,41,0,43765.64,0,1,0,8787.08,25583.1,1.67
M0074129,N,49,1,6014.31,0,1,0,1173.68,4209.83,1.48
M0074130,N,72,0,6867.04,0,0,1,1265.21,5588.21,0.98
M0074131,N,69,1,4275.53,0,0,0,1923.86,5421.01,0.59
M0074132,Y,80,7,221603.33,5,1,4,93508.0,137724.99,3.94
M0074133,N,33,3,8335.21,1,0,0,1325.23,13247.73,0.46
M0074134,N,68,0,10036.41,0,0,0,1760.31,9105.79,1.07
M0074135,N,32,0,6627.15,0,0,0,1534.13,5049.02,0.43
M0074136,N,38,0,4325.24,0,0,0,641.0,5599.37,1.78
M0074137,N,62,1,12397.07,0,2,0,4256.67,17219.03,1.54
M0074138,N,34,0,18239.88,0,0,0,11654.72,3887.46,1.34
M0074139,N,45,0,13716.11,0,1,1,4691.26,18216.32,0.51
M0074140,N,38,1,5766.59,0,0,0,1799.63,4246.49,0.26
M0074141,N,28,1,4578.13,1,1,0,1479.58,3950.12,1.69
M0074142,N,56,2,5982.68,0,0,0,1650.38,4921.56,0.51
M0074143,N,54,2,6233.66,0,1,0,1567.04,5392.19,1.85
M0074144,N,56,2,10617.47,0,3,0,4516.13,10580.9,1.81
M0074145,N,50,0,14254.24,0,0,1,2504.15,9155.54,1.02
M0074146,N,55,0,11797.65,1,1,0,1060.81,10512.27,2.8
M0074147,N,30,0,10165.46,0,0,0,3936.13,6316.53,0.33
M0074148,N,55,1,13163.5,0,1,0,5134.21,6994.57,2.02
M0074149,N,40,0,14892.14,0,0,0,4783.67,8850.63,1.41
M0074150,N,61,2,13415.45,0,1,1,4487.94,11909.61,1.9
M0074151,N,41,3,8249.98,0,0,1,4770.11,5063.6,1.99
M0074152,N,51,2,7121.11,1,0,0,1114.21,5022.74,0.93
M0074153,N,31,0,5071.67,0,0,0,1267.39,5471.53,0.0
M0074154,Y,46,5,389946.12,1,2,2,199390.78,315262.37,3.87
M0074155,N,75,1,8294.09,1,1,1,759.26,9479.69,1.81
M0074156,N,67,1,23389.61,1,1,0,1909.11,21616.4,0.66
M0074157,N,76,1,16363.26,0,0,1,4483.28,21432.79,0.69
M0074158,N,75,4,36003.03,0,1,0,10007.69,25901.34,2.28
M0074159,N,52,0,3626.08,1,1,0,1561.47,3699.71,0.0
M0074160,N,59,0,16279.82,0,2,0,9932.96,17022.86,1.62
M0074161,N,36,0,4547.86,0,1,0,1541.3,2446.3,1.15
M0074162,N,48,2,25616.38,1,1,0,7863.01,16153.22,1.33
M0074163,N,44,3,39469.13,0,0,0,5651.6,38401.24,1.21
M0074164,N,66,0,37958.91,0,1,0,205.68,41941.18,1.31
M0074165,N,32,0,11604.82,0,2,0,4605.28,7374.46,0.15
M0074166,N,21,0,5248.65,0,2,0,2378.68,2454.04,0.0
M0074167,N,32,3,10034.84,0,0,0,4802.53,7902.54,2.17
M0074168,N,79,0,4146.91,0,1,0,2039.88,2417.9,0.04
M0074169,N,19,1,8251.97,0,0,0,668.32,8215.89,0.48
M0074170,N,73,1,10309.36,1,3,0,1966.44,10792.11,0.67
M0074171,N,76,3,13155.43,1,0,2,6313.49,11250.25,0.2
M0074172,Y,47,4,161549.48,4,4,4,76749.92,96835.31,5.21
M0074173,N,55,2,6689.63,0,0,0,2767.0,7235.11,1.15
M0074174,N,56,0,9568.02,0,0,1,2129.74,6622.32,0.64
M0074175,N,31,0,7213.2,0,1,1,1287.05,10163.43,1.91
M0074176,N,41,1,41702.99,0,1,1,25463.57,19090.32,1.25
M0074177,N,56,1,8850.72,0,2,1,3423.62,10150.91,1.97
M0074178,N,75,0,14672.75,0,0,0,3165.32,8332.66,0.64
M0074179,N,80,3,26455.46,0,1,0,5089.38,18234.91,1.93
M0074180,N,51,1,6253.58,0,0,0,1965.24,7672.69,0.27
M0074181,N,45,1,6055.25,0,0,0,1050.85,8346.48,0.28
M0074182,N,71,1,5893.0,0,0,0,1359.66,4600.11,0.49
M0074183,N,26,0,12905.52,1,1,0,4922.44,18465.77,0.57
M0074184,N,64,1,26807.52,0,2,0,556.72,25480.87,0.0
M0074185,N,61,2,9758.92,0,0,0,1495.82,6714.52,1.26
M0074186,N,53,0,10833.83,0,1,0,430.72,8343.97,0.92
M0074187,N,21,2,11639.08,1,1,0,6369.79,10716.19,0.22
M0074188,N,51,1,11526.54,0,0,1,6558.6,8488.49,0.83
M0074189,N,22,1,36276.13,1,1,0,20522.2,10650.13,1.45
M0074190,N,49,1,12431.39,1,2,1,1474.93,14586.23,1.27
M0074191,N,50,0,17586.76,2,2,0,7519.21,12649.28,3.3
M0074192,N,60,2,6470.12,0,1,0,3800.49,1872.82,0.0
M0074193,N,60,3,19951.76,0,3,1,6398.81,17197.48,1.75
M0074194,N,62,0,16209.81,0,0,0,2701.1,11640.22,2.92
M0074195,N,36,0,7017.24,0,1,0,4100.6,5970.38,1.24
M0074196,N,18,1,1847.44,1,0,0,290.36,2746.43,2.19
M0074197,N,48,1,36093.7,0,1,0,3866.12,59416.18,3.3
M0074198,N,45,1,3117.26,0,0,0,821.51,2846.63,0.98
M0074199,N,56,1,20735.74,0,1,0,1902.46,29364.33,2.16
M0074200,N,30,3,15994.55,1,0,1,6321.2,12074.75,1.77
M0074201,N,29,0,6919.44,0,0,0,1802.39,10218.73,0.0
M0074202,N,31,1,10467.24,1,1,1,2109.47,6269.82,0.25
M0074203,N,69,2,14139.51,0,1,0,4118.49,11210.08,0.66
M0074204,N,57,3,28621.52,0,1,0,15629.82,21744.59,0.89
M0074205,N,73,1,18163.83,0,1,0,3269.98,23641.74,1.21
M0074206,N,56,2,8035.59,0,1,1,4116.65,6464.63,1.95
M0074207,N,80,0,9005.23,0,0,0,2245.66,9350.79,0.5
M0074208,N,25,2,18506.65,0,1,0,9136.97,9342.57,0.87
M0074209,N,32,0,10026.78,0,1,0,3426.93,10097.58,0.88
M0074210,N,76,1,19008.92,0,0,0,3794.18,24810.91,1.12
M0074211,N,39,0,8836.54,0,0,0,5145.36,4763.01,0.0
M0074212,N,26,1,3309.84,0,0,0,2392.52,2925.09,0.23
M0074213,N,30,2,7625.86,0,1,2,4116.95,5023.51,0.0
M0074214,N,64,0,7685.49,0,1,1,1617.06,6115.67,1.84
M0074215,N,21,0,3231.24,0,2,0,2159.46,1477.67,0.74
M0074216,N,52,0,3845.78,0,0,0,788.71,4170.67,0.1
M0074217,N,44,0,7971.56,0,0,0,2035.9,5767.93,1.13
M0074218,N,53,2,6895.91,0,1,0,613.17,6019.16,0.03
M0074219,N,73,1,31844.49,0,1,0,5923.41,21370.55,1.12
M0074220,N,28,2,8968.68,0,1,0,2444.62,7198.17,1.83
M0074221,N,29,1,5698.86,1,0,0,1477.23,3510.31,0.58
M0074222,N,30,0,8180.73,0,0,2,992.06,5855.56,0.23
M0074223,N,67,0,7099.15,0,2,0,864.23,5646.79,0.84
M0074224,N,36,0,4490.07,0,2,0,2383.2,2482.83,2.96
M0074225,N,24,3,8350.55,0,1,0,2210.07,5664.23,2.36
M0074226,N,70,2,3532.12,0,1,0,2661.01,3187.66,0.82
M0074227,N,66,0,3166.72,2,0,0,1791.91,3917.28,0.57
M0074228,N,54,1,6958.37,0,1,0,3411.73,6039.13,3.91
M0074229,N,75,1,11445.95,0,0,0,2127.48,7388.68,0.54
M0074230,N,39,0,23860.85,0,2,0,8278.7,31300.76,0.72
M0074231,N,22,0,3246.11,0,1,0,729.34,2512.5,0.0
M0074232,N,64,0,16538.96,0,1,0,3551.16,14918.13,1.44
M0074233,N,28,1,10076.91,0,0,1,3777.88,10234.87,1.16
M0074234,Y,69,5,311375.08,2,3,3,99871.62,290232.69,5.75
M0074235,N,57,2,37119.76,1,2,0,7959.97,25581.56,2.55
M0074236,N,21,2,12693.65,0,0,1,812.37,10961.43,1.17
M0074237,N,18,1,11536.9,0,0,0,1246.59,7977.52,0.83
M0074238,N,73,1,8273.04,0,3,0,3013.24,6195.35,0.09
M0074239,N,54,1,9579.45,1,0,0,1752.72,7185.39,0.84
M0074240,N,40,0,6770.79,0,0,0,324.47,6359.34,0.69
M0074241,N,56,0,6113.14,0,0,0,1514.45,7761.8,0.77
M0074242,N,52,2,38821.41,0,1,0,2818.34,36240.86,0.13
M0074243,N,75,1,10850.69,0,2,0,2670.05,7982.16,1.49
M0074244,N,31,3,23588.01,0,1,0,1556.61,30362.05,1.82
M0074245,N,57,1,14974.59,1,0,0,2809.84,13253.98,1.21
M0074246,Y,57,4,270808.1,3,2,1,98159.43,173300.19,5.2
M0074247,N,73,3,13993.55,0,1,0,15048.83,9063.83,1.07
M0074248,Y,56,5,265918.65,5,7,5,214925.46,144637.75,3.16
M0074249,N,70,1,7114.94,1,1,0,1652.12,6817.23,0.94
M0074250,N,60,1,8191.98,1,0,0,3908.42,10570.44,0.0
M0074251,N,53,0,9005.81,0,0,3,3235.01,5639.46,0.44
M0074252,N,51,0,12614.4,0,2,1,2658.52,13168.55,1.85
M0074253,N,58,0,15961.69,0,1,0,2035.84,12942.02,2.79
M0074254,N,72,3,29844.14,0,1,1,14935.2,15381.79,1.98
M0074255,N,51,2,25952.91,0,1,0,12838.48,13968.55,1.29
M0074256,N,58,0,3922.32,0,0,0,959.79,3878.04,1.1
M0074257,N,64,1,5582.22,0,0,0,2967.03,1627.02,1.11
M0074258,N,35,0,8961.05,0,0,0,3576.2,6071.76,1.43
M0074259,N,52,1,38371.89,0,0,0,3521.22,35111.87,1.43
M0074260,N,34,1,11725.09,0,0,1,6553.1,8226.29,0.0
M0074261,N,51,1,5831.72,0,0,1,3334.94,3998.26,0.26
M0074262,N,27,1,20441.84,1,1,0,3145.7,15892.92,0.49
M0074263,N,45,0,12645.74,1,2,2,2594.03,15202.71,0.0
M0074264,N,76,2,19498.4,0,0,0,7763.41,11243.69,0.69
M0074265,N,56,1,69559.95,2,3,0,2661.83,55484.99,1.03
M0074266,N,20,3,9416.12,0,0,1,5853.46,7163.14,1.8
M0074267,N,29,1,14631.99,0,0,0,5318.08,11730.16,0.0
M0074268,N,34,1,14026.42,0,0,0,5112.31,9942.13,0.95
M0074269,N,40,2,22109.06,0,1,0,3005.06,15992.81,0.08
M0074270,N,28,0,16677.0,0,0,0,5157.77,16609.59,0.54
M0074271,N,31,2,28198.39,0,1,1,1765.78,20545.78,0.52
M0074272,N,21,1,13953.96,0,0,0,5558.68,7565.9,0.48
M0074273,N,23,1,10462.27,0,1,0,1497.65,8979.96,0.0
M0074274,N,33,0,20998.99,0,2,0,15911.85,5022.63,2.22
M0074275,N,27,0,3620.66,0,1,0,1530.99,1965.63,0.0
M0074276,N,76,1,8542.15,1,3,1,2917.82,6063.65,1.78
M0074277,N,25,1,23756.63,2,0,0,10648.76,11635.45,2.91
M0074278,N,54,0,3980.69,0,0,0,3018.89,3454.02,1.12
M0074279,N,22,1,6666.65,0,1,0,1879.53,4654.87,1.36
M0074280,N,27,0,5437.85,0,0,0,473.61,4242.93,0.0
M0074281,N,20,2,20058.09,0,2,0,6469.1,17547.84,1.66
M0074282,N,52,0,17998.3,0,0,0,6828.4,10465.38,0.92
M0074283,N,43,1,4494.86,0,1,0,549.69,5473.25,0.0
M0074284,N,59,2,10095.06,0,2,2,3153.39,13751.73,3.09
M0074285,N,27,1,15192.82,1,0,0,2252.02,10419.01,0.77
M0074286,N,77,0,21281.49,0,1,0,1170.58,17660.49,0.17
M0074287,N,72,1,18708.69,0,1,0,10342.8,7414.52,0.02
M0074288,N,71,1,3880.31,0,0,0,2416.4,4436.75,0.53
M0074289,N,34,2,10554.99,1,0,0,3811.54,6124.68,1.02
M0074290,Y,54,3,197835.61,1,3,3,67753.95,190011.16,3.4
M0074291,N,53,1,21376.43,0,0,0,3112.49,14686.74,0.71
M0074292,N,52,1,4526.01,0,0,0,1543.62,4904.44,0.38
M0074293,N,49,1,4191.66,0,0,0,1208.25,4317.02,0.97
M0074294,N,50,1,26923.81,0,0,0,1369.38,25712.33,2.43
M0074295,N,65,1,7352.93,0,0,0,2354.65,4319.58,0.0
M0074296,N,52,0,28145.11,0,0,1,2004.91,20094.07,0.89
M0074297,N,45,1,49428.63,0,2,0,3496.97,35444.26,0.87
M0074298,N,21,1,5845.62,0,2,0,1549.39,5155.42,1.71
M0074299,N,35,0,3021.12,0,1,1,1434.51,2691.37,0.78
M0074300,N,28,0,4211.62,0,0,1,1304.04,3938.83,0.0
M0074301,N,55,0,16302.62,0,0,0,12184.3,4414.96,1.11
M0074302,N,57,1,17745.56,1,1,0,3585.39,21381.68,2.08
M0074303,N,51,0,2458.32,0,0,0,446.54,2745.82,0.51
M0074304,N,28,1,17200.75,1,0,1,5726.33,7860.61,1.05
M0074305,N,23,1,23030.69,0,0,2,2453.27,17302.45,2.48
M0074306,N,42,2,4808.68,0,0,0,2308.18,4660.86,1.37
M0074307,N,80,2,26588.02,1,0,0,5790.63,19976.89,1.93
M0074308,N,31,2,6322.16,0,2,1,990.87,10434.55,1.98
M0074309,N,35,0,9226.08,1,0,0,1649.68,10880.23,0.75
M0074310,N,33,1,3308.96,0,2,0,775.5,4950.89,0.49
M0074311,N,19,3,48196.82,0,1,0,10637.33,31486.19,3.13
M0074312,N,53,2,10672.75,1,0,0,6082.18,7647.72,2.06
M0074313,Y,56,4,608248.59,4,7,7,210310.61,341005.24,5.39
M0074314,N,74,0,4991.21,0,1,0,3330.31,3485.53,0.77
M0074315,N,62,1,13028.56,0,0,0,5048.8,5705.09,1.29
M0074316,N,73,2,39504.01,0,1,1,21276.7,32234.26,1.47
M0074317,N,59,1,6138.84,0,0,1,746.57,6177.45,0.8
M0074318,N,36,0,2806.85,1,1,0,2529.78,2263.67,1.42
M0074319,N,52,2,15095.48,0,3,0,3089.45,10920.05,1.16
M0074320,N,19,1,6076.5,0,2,0,1137.57,6474.22,0.0
M0074321,N,75,3,10549.38,0,0,0,4047.47,7087.26,1.15
M0074322,N,59,0,26579.76,0,2,0,8879.85,14788.93,1.23
M0074323,N,20,1,15795.27,0,0,0,4632.66,8033.15,1.95
M0074324,N,58,0,14563.47,0,0,0,3147.1,18472.22,0.77
M0074325,N,68,0,3603.1,0,0,0,1379.62,2062.4,0.08
M0074326,N,62,1,19771.84,0,0,0,12681.93,13503.75,1.66
M0074327,N,46,1,6174.46,0,0,0,1136.88,3959.02,0.64
M0074328,Y,70,6,190516.36,2,5,6,78736.24,163211.04,5.49
M0074329,N,35,1,21047.82,0,0,1,2573.42,14149.14,1.83
M0074330,N,18,2,21543.22,0,0,2,14728.44,9274.09,1.41
M0074331,N,21,0,3885.13,0,0,0,3420.04,3150.07,0.0
M0074332,N,45,1,5066.06,0,0,0,2754.43,2025.32,1.3
M0074333,N,49,0,19758.96,0,0,1,4709.28,12452.02,1.93
M0074334,N,77,2,26065.17,0,3,0,4090.51,29264.18,2.4
M0074335,N,79,3,37953.27,0,1,1,14485.0,19631.58,2.0
M0074336,N,68,1,10764.3,0,0,0,1669.52,7933.05,2.02
M0074337,N,79,1,3879.09,0,1,0,2128.03,1303.43,1.88
M0074338,N,37,1,5162.0,0,0,0,6327.79,994.64,1.82
M0074339,N,50,2,12071.76,0,0,2,7021.44,6258.76,1.33
M0074340,Y,40,3,380560.7,2,3,2,112817.91,298060.88,7.62
M0074341,N,54,1,5300.96,0,0,0,958.64,4782.57,0.52
M0074342,N,67,2,39996.33,1,3,0,8229.23,32321.47,1.57
M0074343,N,49,0,1340.89,0,0,0,469.54,1473.49,0.48
M0074344,N,30,1,4074.29,0,0,1,799.82,3525.04,0.47
M0074345,N,40,1,4364.24,0,0,0,2042.18,1873.65,2.94
M0074346,N,71,0,3307.52,0,0,0,980.41,2352.67,0.02
M0074347,N,46,0,4771.51,2,0,0,1775.17,3393.19,0.8
M0074348,N,31,1,9401.5,1,0,2,3247.68,4570.74,0.0
M0074349,N,61,1,60876.22,0,0,1,22403.01,33219.84,2.34
M0074350,N,52,1,16959.58,0,3,1,6666.17,8332.92,1.61
M0074351,N,41,2,8196.31,1,0,0,1723.72,8582.68,0.07
M0074352,N,70,0,11246.66,0,0,0,655.05,9496.59,0.0
M0074353,N,29,2,6900.28,0,0,0,3963.18,4527.63,0.58
M0074354,N,18,0,21041.62,0,1,0,1874.27,32883.75,1.55
M0074355,N,56,0,11473.57,0,1,0,1219.4,10227.88,1.22
M0074356,N,78,1,21801.07,0,1,0,1751.63,23144.85,1.02
M0074357,N,18,2,10612.87,0,0,0,3311.53,6435.47,1.59
M0074358,N,49,0,3973.62,0,1,0,1497.76,5585.38,1.33
M0074359,Y,53,4,194521.74,3,2,1,100363.58,142317.66,2.86
M0074360,N,76,1,13955.9,0,0,0,7617.19,7573.48,1.81
M0074361,N,77,2,8266.41,0,0,0,1779.51,6498.78,1.27
M0074362,N,35,1,14942.91,0,1,0,4927.6,11685.13,2.27
M0074363,N,52,0,7935.86,0,0,0,1132.13,7869.0,1.49
M0074364,N,34,2,10449.52,0,0,0,9999.88,5681.55,2.37
M0074365,N,46,3,10400.04,0,2,0,4152.93,11479.57,0.84
M0074366,N,40,0,6623.99,0,0,0,1502.66,4249.86,1.35
M0074367,N,59,2,9266.32,2,0,0,1988.77,5408.26,0.76
M0074368,N,76,0,18687.53,0,1,0,2652.91,16807.73,0.84
M0074369,N,67,2,4529.6,1,0,1,523.87,5566.95,1.68
M0074370,N,24,1,13651.84,2,2,0,4355.97,7686.81,2.66
M0074371,N,64,0,7979.22,1,0,0,3353.03,10511.92,0.87
M0074372,N,58,3,33227.91,0,2,1,8417.89,35419.82,0.72
M0074373,N,69,1,10273.61,0,0,0,3494.28,5133.69,0.0
M0074374,N,68,2,8662.72,2,0,1,810.49,10274.37,0.58
M0074375,N,52,1,6259.57,0,0,0,3536.6,5696.67,2.52
M0074376,N,37,3,9723.11,0,2,0,1415.53,8683.37,0.0
M0074377,N,35,0,22131.39,0,0,1,11844.72,17477.94,0.45
M0074378,N,51,2,16705.79,1,1,1,9338.47,6703.44,0.33
M0074379,N,33,0,4939.52,0,0,0,2466.36,2843.43,0.96
M0074380,N,67,4,18310.65,0,1,1,15166.91,15669.41,1.98
M0074381,Y,80,4,114848.65,1,1,1,36342.43,86638.31,2.1
M0074382,N,80,1,5439.36,1,0,0,1433.3,2946.44,1.5
M0074383,N,48,0,6346.97,1,1,2,4387.56,6160.28,0.85
M0074384,N,20,0,3858.17,0,1,0,1266.57,4650.93,1.7
M0074385,N,37,0,6011.03,0,0,0,1539.46,5348.56,0.72
M0074386,N,30,0,2271.1,0,0,0,657.73,3256.68,0.39
M0074387,Y,55,3,112698.57,3,3,4,52695.45,65911.79,4.8
M0074388,N,61,0,6242.86,1,0,0,1495.16,4613.81,0.0
M0074389,N,48,2,12206.41,0,0,0,1504.66,10639.85,0.03
M0074390,N,24,2,6457.97,1,3,0,1676.98,9036.77,1.07
M0074391,N,67,0,3226.65,1,0,1,2215.19,3405.28,0.34
M0074392,N,77,2,19128.7,1,0,0,1417.45,14842.44,0.81
M0074393,N,42,2,5657.46,0,2,0,923.9,5056.19,1.98
M0074394,N,42,1,10775.79,0,0,0,3046.17,7875.06,0.57
M0074395,N,70,1,8833.54,0,1,0,4147.39,5898.65,0.0
M0074396,N,41,1,9555.14,0,1,0,664.55,7806.66,0.0
M0074397,N,73,1,19757.33,0,1,0,3501.18,13363.62,0.56
M0074398,N,49,2,22195.81,0,1,0,12594.42,14981.29,1.16
M0074399,N,71,2,19875.67,0,0,1,1522.19,19248.65,0.52
M0074400,N,26,1,7762.05,0,1,0,1372.15,4760.83,0.02
M0074401,N,38,0,12000.2,0,2,1,3431.33,13223.95,0.8
M0074402,N,43,0,8165.34,0,1,0,3355.93,10706.23,1.59
M0074403,N,78,2,4948.73,0,0,0,4759.66,2325.66,1.04
M0074404,N,55,1,5587.68,0,0,0,2329.95,2065.3,1.01
M0074405,N,47,0,11931.93,0,0,0,1091.94,11609.39,0.62
M0074406,N,72,1,7701.02,0,0,1,4164.28,9623.06,1.34
M0074407,N,58,0,10335.02,0,2,1,3302.34,10128.98,0.66
M0074408,N,53,2,6325.22,0,0,0,1011.59,5730.18,2.08
M0074409,N,45,0,20832.08,0,0,0,2997.52,21465.65,0.47
M0074410,N,29,0,15976.08,0,2,0,6896.46,5865.73,0.03
M0074411,N,71,1,5941.7,0,0,0,1805.61,6396.98,0.0
M0074412,N,31,0,8718.77,0,0,1,2156.77,5253.07,0.56
M0074413,N,52,0,10079.98,1,0,0,2836.05,10182.62,0.71
M0074414,N,32,0,13123.4,0,0,0,5092.25,9844.13,1.4
M0074415,N,30,2,14631.94,0,0,0,5551.5,10170.89,0.91
M0074416,N,21,1,8274.45,0,0,1,1004.0,10296.27,1.09
M0074417,N,20,0,5783.35,0,0,0,3058.34,5783.64,1.72
M0074418,N,66,0,10275.2,0,1,0,5224.39,5072.64,0.9
M0074419,N,72,2,5881.5,1,1,0,7052.51,3049.66,0.0
M0074420,Y,62,5,162060.86,6,3,6,67154.43,109267.46,6.12
M0074421,N,50,0,9143.46,0,0,0,4523.89,7606.17,0.0
M0074422,N,44,1,14660.21,0,1,1,4958.89,11136.15,0.64
M0074423,N,48,0,6511.12,0,2,0,4557.69,4277.93,2.15
M0074424,N,29,2,21543.86,1,1,0,7346.24,27904.58,0.95
M0074425,N,56,1,5116.4,0,0,0,2444.04,3766.28,1.26
M0074426,N,25,0,8152.09,0,2,0,3464.22,7302.36,1.69
M0074427,N,22,0,8035.64,0,0,0,2892.42,5737.18,1.19
M0074428,N,79,1,5946.5,0,0,0,1462.96,5340.28,0.0
M0074429,Y,86,3,384205.58,3,4,7,105316.87,284322.91,5.59
M0074430,N,23,3,7834.41,1,0,0,7555.27,4423.2,1.91
M0074431,N,38,0,7284.55,0,2,0,5113.79,4245.12,0.03
M0074432,N,48,1,5756.67,0,1,0,1715.84,5677.29,0.71
M0074433,Y,52,2,244834.0,1,2,1,79374.94,148250.72,3.78
M0074434,N,20,0,6865.98,0,3,0,3918.06,2348.01,0.63
M0074435,N,30,0,8486.39,0,0,0,825.71,10674.87,1.77
M0074436,N,45,2,5892.93,0,0,0,2583.93,6765.65,1.04
M0074437,N,70,1,7487.64,0,1,0,2703.33,5672.25,1.15
M0074438,N,29,0,9909.11,0,0,0,5179.27,5976.7,1.81
M0074439,N,40,2,17902.95,1,0,0,3363.61,11660.91,2.15
M0074440,Y,81,6,204073.33,4,1,5,44852.03,185699.57,4.2
M0074441,N,19,0,5348.5,0,1,0,395.5,8396.49,0.0
M0074442,N,22,2,4356.94,1,1,0,934.07,2533.93,0.6
M0074443,N,51,2,15537.15,0,1,0,1968.37,10225.74,1.1
M0074444,N,34,1,3548.6,0,2,1,1753.41,4622.02,0.34
M0074445,N,72,1,25207.71,0,0,0,12095.49,8007.26,1.81
M0074446,N,51,0,6699.33,0,0,0,3228.7,4126.74,1.16
M0074447,N,55,2,18906.25,0,0,0,10837.09,9088.54,1.53
M0074448,N,73,0,7745.34,0,0,2,1745.66,11650.88,0.0
M0074449,N,22,4,8114.6,0,0,1,4575.68,5585.91,2.81
M0074450,N,18,0,11669.04,1,0,0,5666.44,12225.45,0.0
M0074451,N,67,1,3123.63,0,1,0,1226.22,3005.68,0.88
M0074452,N,74,3,10512.67,0,0,1,4546.51,10896.64,0.89
M0074453,N,49,2,9289.25,0,0,0,1902.23,6215.82,0.41
M0074454,N,37,1,4933.17,0,0,0,1247.21,3558.57,0.84
M0074455,N,38,1,14943.9,0,0,0,2613.37,10039.34,0.71
M0074456,N,49,2,21221.64,0,0,0,15157.48,8593.83,0.64
M0074457,N,32,2,16497.47,1,2,0,3672.51,9935.24,1.83
M0074458,N,67,0,12242.42,0,0,0,5235.21,8509.58,0.81
M0074459,Y,62,3,278944.74,3,2,2,122247.36,116867.98,6.25
M0074460,N,80,0,2740.04,0,1,0,893.74,2808.54,0.0
M0074461,N,21,0,28339.72,0,1,0,9812.28,29736.26,1.25
M0074462,N,70,0,6669.65,0,1,0,1367.3,10516.48,0.31
M0074463,N,68,2,12695.02,0,1,0,2936.46,12637.14,0.0
M0074464,N,41,0,2783.96,0,1,0,1738.36,2767.32,0.48
M0074465,N,51,2,17453.39,1,1,0,2780.27,11091.8,1.31
M0074466,N,25,2,9163.3,0,1,0,2550.24,8625.02,0.74
M0074467,N,18,2,5125.9,0,2,0,3791.49,2012.54,0.25
M0074468,N,59,0,9541.74,1,0,0,4128.68,6855.55,2.13
M0074469,N,61,2,12778.01,0,0,0,11697.91,6458.1,0.89
M0074470,Y,36,3,69830.67,1,5,2,45782.3,44910.3,2.67
M0074471,N,72,1,23221.97,0,1,1,13483.11,13913.23,2.02
M0074472,N,80,0,7204.69,0,0,0,1501.19,5342.4,0.96
M0074473,N,67,0,13177.21,0,1,0,10197.68,12308.99,1.7
M0074474,N,33,1,20999.56,0,0,0,5160.05,12481.28,0.24
M0074475,Y,72,4,82200.05,1,6,2,39437.31,59797.74,4.32
M0074476,N,30,0,5071.13,0,1,0,2312.61,2962.67,0.0
M0074477,N,62,0,7174.42,0,1,0,2450.92,8140.34,0.45
M0074478,N,72,1,15382.95,1,0,0,5670.72,10295.07,0.27
M0074479,N,21,0,3923.55,0,0,1,843.47,3188.82,1.28
M0074480,N,70,0,6173.11,0,2,1,2936.6,6951.48,0.7
M0074481,N,42,0,7299.85,0,1,1,3591.0,6976.1,1.86
M0074482,N,32,2,6163.58,0,1,2,2731.15,4361.0,0.37
M0074483,N,75,2,24518.79,0,0,1,11563.74,9800.25,3.45
M0074484,N,36,2,10645.62,0,1,0,809.68,13649.72,1.48
M0074485,N,22,0,7848.22,0,1,0,1877.13,6144.54,0.0
M0074486,N,80,0,12048.61,0,0,0,2621.5,7772.12,1.29
M0074487,N,46,1,10793.84,0,1,0,1292.07,8943.35,0.83
M0074488,N,19,1,5069.77,0,0,0,752.38,4417.62,0.59
M0074489,N,74,1,4706.92,0,2,0,527.57,4275.26,1.07
M0074490,N,19,0,26361.77,0,0,0,4621.89,19469.8,0.33
M0074491,N,77,1,19554.36,0,1,0,3557.4,14491.67,0.49
M0074492,N,35,0,21453.0,1,0,0,2924.24,14737.45,0.93
M0074493,N,60,1,15672.9,0,1,0,7810.2,5923.0,0.38
M0074494,N,39,1,6131.95,0,0,0,1697.61,5445.17,0.0
M0074495,N,25,0,10117.3,0,0,0,11478.09,3515.65,0.5
M0074496,N,19,1,9931.92,0,0,1,5935.63,10911.87,1.9
M0074497,N,53,1,5876.36,0,1,0,5356.18,4526.35,0.32
M0074498,N,41,0,12442.73,0,0,1,2800.94,6970.29,0.08
M0074499,N,31,3,8419.3,1,0,0,1332.26,5602.09,1.13
M0074500,N,80,2,11607.29,0,1,0,5969.21,12352.22,1.9
M0074501,N,18,1,12651.77,0,1,0,2472.4,8090.85,0.95
M0074502,Y,50,4,331533.87,3,1,1,180578.55,181130.13,5.71
M0074503,N,43,0,26646.65,0,0,0,1364.94,20196.54,0.16
M0074504,N,72,1,11889.18,0,0,1,2120.8,9126.58,1.22
M0074505,N,33,1,34470.64,0,1,1,18717.81,16246.67,3.43
M0074506,N,27,3,13905.66,0,0,0,5076.66,8813.02,1.3
M0074507,N,30,2,16699.35,0,1,1,9457.3,20587.75,2.3
M0074508,N,43,4,41702.53,0,0,0,4482.22,31204.12,0.94
M0074509,N,29,0,13942.42,0,0,1,5821.66,8347.43,0.0
M0074510,N,47,3,15585.44,0,0,0,5089.57,16747.44,2.84
M0074511,N,51,1,9755.98,0,0,0,3043.38,5009.46,1.18
M0074512,N,78,0,4719.56,0,0,0,3680.77,4427.54,1.17
M0074513,N,23,1,7262.52,1,0,0,466.9,5705.1,1.78
M0074514,N,50,0,4111.86,0,2,0,868.61,4842.0,0.0
M0074515,N,28,0,9702.99,0,0,0,664.98,9255.9,1.36
M0074516,N,38,0,15956.23,0,0,0,3209.91,13170.23,0.7
M0074517,N,56,2,4924.4,0,0,0,1244.96,3038.59,0.82
M0074518,Y,76,5,270621.46,4,6,5,120368.68,228045.26,7.78
M0074519,N,48,1,6874.16,1,2,0,4032.98,4036.29,1.46
M0074520,N,69,2,11349.47,0,0,0,7112.61,11246.89,1.07
M0074521,N,68,2,9659.38,0,0,0,891.76,10672.61,0.0
M0074522,N,41,1,6833.74,0,1,0,2381.2,9282.81,1.36
M0074523,N,42,1,11271.1,0,0,0,4070.64,7292.87,0.3
M0074524,N,67,1,8654.52,0,0,0,2302.29,8057.75,1.77
M0074525,N,20,0,8190.51,0,2,0,4237.34,7971.71,0.6
M0074526,N,72,0,3033.74,0,0,0,1104.87,1787.74,1.53
M0074527,Y,57,3,126278.62,1,2,5,79762.32,69550.75,2.25
M0074528,N,28,3,15243.93,1,0,2,5370.32,12943.36,1.52
M0074529,N,60,0,8060.99,1,0,0,1600.03,8966.5,0.55
M0074530,N,23,1,4047.03,0,0,0,2065.32,1498.84,0.17
M0074531,N,49,2,8134.05,0,1,0,4075.74,6289.07,2.92
M0074532,N,29,1,8172.86,0,1,0,2379.02,10085.74,1.44
M0074533,N,34,0,4274.1,0,0,0,4583.99,3009.5,0.0
M0074534,N,63,0,9568.36,0,0,0,3393.52,6770.95,1.71
M0074535,N,61,1,7205.03,0,1,0,4379.01,3737.54,0.0
M0074536,N,46,0,5344.87,0,1,0,1051.09,8451.83,1.05
M0074537,N,19,2,19258.76,1,2,1,4740.63,16232.18,3.32
M0074538,N,56,2,4211.17,0,0,1,2570.6,4966.25,0.73
M0074539,N,68,0,9122.53,1,0,0,2081.64,5843.41,1.24
M0074540,N,60,0,4903.25,0,1,0,1766.06,6763.29,1.12
M0074541,N,80,0,5037.73,0,0,0,4315.56,3741.23,1.42
M0074542,Y,50,6,303378.92,3,5,6,103842.79,274462.67,9.24
M0074543,N,22,1,6873.82,0,1,0,2242.62,5112.26,0.16
M0074544,N,58,2,5858.78,0,0,0,1247.75,4044.13,0.78
M0074545,N,38,0,8417.65,0,0,0,862.62,5815.71,0.8
M0074546,N,27,2,4314.9,0,0,0,828.52,5870.14,0.4
M0074547,N,69,1,10379.92,0,1,0,2090.98,9669.48,0.0
M0074548,N,20,1,20753.52,1,2,1,12085.91,12434.65,2.67
M0074549,N,66,1,15916.88,0,0,0,6747.28,7113.71,1.0
M0074550,N,22,0,7624.25,0,0,0,3412.74,3791.61,1.59
M0074551,N,54,2,9611.95,0,1,1,1233.17,8597.79,0.0
M0074552,N,50,2,21762.12,0,0,0,5911.38,21155.39,0.91
M0074553,N,52,3,20285.4,0,2,0,3512.72,16156.58,1.81
M0074554,N,69,0,13040.73,0,0,1,4638.47,9562.1,2.01
M0074555,N,18,0,14453.82,0,1,2,7571.86,7801.47,2.27
M0074556,N,60,2,7500.23,0,0,0,1667.4,7364.62,0.96
M0074557,N,39,1,9585.86,1,0,0,4413.22,4462.31,0.85
M0074558,N,45,1,7271.52,1,0,0,2807.51,3749.28,0.0
M0074559,N,33,0,11316.4,0,0,0,1840.09,7570.03,0.59
M0074560,N,65,1,9865.17,0,1,0,4277.7,4860.21,2.06
M0074561,N,80,1,12888.49,0,0,0,1349.92,12256.44,0.98
M0074562,N,47,3,4341.27,0,0,0,765.18,4650.95,0.0
M0074563,N,67,3,12212.12,0,1,0,1953.53,19434.06,0.08
M0074564,N,34,2,16064.99,0,2,0,6123.18,22916.38,1.9
M0074565,N,47,0,4616.28,1,1,0,868.25,6454.5,0.86
M0074566,N,50,0,11999.08,0,1,1,3663.67,6477.79,0.99
M0074567,N,60,1,9435.73,0,0,2,5232.16,3988.41,1.06
M0074568,N,72,0,3559.82,0,1,0,587.38,4463.14,1.52
M0074569,N,67,1,25271.16,0,0,0,5053.07,17076.86,0.05
M0074570,N,45,0,10642.38,0,0,0,4948.94,6179.81,0.25
M0074571,Y,68,5,158123.0,2,5,2,55321.55,126219.96,3.22
M0074572,N,73,0,32382.77,1,1,0,1951.23,30793.45,1.19
M0074573,N,67,0,5133.36,1,1,0,1449.92,4726.68,0.09
M0074574,N,43,1,17411.7,0,0,0,10548.21,9777.2,1.31
M0074575,N,57,1,6028.95,0,0,0,2177.7,5409.59,1.06
M0074576,N,66,2,17414.02,0,0,1,1119.19,12572.78,2.48
M0074577,N,66,0,5535.94,0,0,0,1200.16,3555.56,0.38
M0074578,N,52,0,3804.94,0,2,0,1007.06,4348.95,1.61
M0074579,N,56,0,5629.21,0,2,0,2017.02,3772.55,0.41
M0074580,N,77,2,11162.81,0,1,0,965.17,9557.07,0.59
M0074581,N,77,0,4680.15,0,0,1,2438.58,2843.66,0.38
M0074582,N,33,0,9669.35,2,1,0,5708.35,6324.94,0.0
M0074583,N,47,0,5736.33,2,0,0,4029.21,4075.85,1.11
M0074584,N,54,1,10229.21,0,1,0,2463.19,7659.3,0.0
M0074585,N,58,0,4382.23,0,0,0,3437.37,3061.09,1.31
M0074586,N,34,1,6766.89,0,1,0,2637.86,4516.5,0.68
M0074587,N,62,2,8635.16,0,1,0,1150.46,5622.78,1.47
M0074588,N,71,1,34956.43,0,1,0,3993.06,24265.0,2.34
M0074589,N,27,4,10997.58,0,0,0,1580.95,10132.41,0.83
M0074590,N,27,1,9583.34,0,0,0,6610.04,4939.31,1.59
M0074591,N,36,1,6008.91,0,1,0,7130.35,2514.31,1.58
M0074592,N,75,1,6217.57,0,0,0,4051.08,2705.49,0.19
M0074593,N,26,1,13545.93,1,3,0,3569.12,11491.49,2.69
M0074594,N,56,0,5060.45,0,0,0,2237.47,2146.04,1.56
M0074595,N,32,2,4259.44,0,1,1,1605.82,4628.73,1.58
M0074596,N,77,0,4513.37,0,0,0,1354.71,2507.37,0.0
M0074597,N,20,2,17303.45,0,3,2,4065.86,16618.78,2.41
M0074598,N,70,1,12758.15,2,3,1,2527.68,15129.37,2.09
M0074599,N,78,0,4069.66,0,1,1,2066.06,4735.0,0.48
M0074600,N,47,0,14900.71,0,0,0,1749.93,11228.65,0.34
M0074601,N,43,0,5795.98,1,0,0,1872.48,6518.11,0.16
M0074602,N,19,0,8462.77,0,1,0,1603.51,5562.15,1.55
M0074603,N,35,1,5562.47,0,2,1,1125.8,5202.2,0.0
M0074604,N,26,2,3027.41,0,2,0,838.51,4356.15,1.37
M0074605,N,20,0,8599.88,0,1,0,3834.09,7801.94,0.94
M0074606,Y,53,5,208874.79,2,6,3,136446.39,160041.91,5.02
M0074607,N,56,0,7437.55,0,0,1,2329.27,6285.41,1.45
M0074608,N,47,1,4825.2,1,0,1,1262.54,5235.5,1.18
M0074609,N,49,0,11685.64,0,1,0,5168.94,5553.58,2.19
M0074610,N,36,2,16906.41,1,0,0,5875.38,8151.3,0.74
M0074611,N,59,0,14969.3,0,2,0,1730.07,11311.7,0.87
M0074612,N,55,0,17998.12,1,0,1,14017.33,12761.02,0.65
M0074613,N,79,0,23850.67,0,1,0,11620.07,7914.44,1.6
M0074614,N,44,2,10129.83,0,1,0,1784.68,13569.3,2.02
M0074615,N,45,1,21484.69,0,0,0,10138.4,12627.39,0.5
M0074616,N,46,2,11437.66,1,1,0,4566.49,13031.88,1.17
M0074617,N,52,1,17356.69,0,0,0,5593.31,9698.04,0.36
M0074618,N,53,1,11194.31,0,0,0,2398.33,8136.72,1.41
M0074619,N,23,4,24831.14,0,2,0,9747.22,9947.92,2.72
M0074620,N,35,0,7271.01,0,1,0,1632.76,6824.19,0.0
M0074621,N,71,0,6102.19,0,2,1,1359.76,5974.4,1.71
M0074622,N,45,2,6363.52,0,1,2,2208.4,7204.27,2.57
M0074623,N,45,1,10768.76,0,2,0,4008.25,11808.64,0.77
M0074624,N,30,1,12804.1,0,2,0,2328.52,15058.88,1.56
M0074625,N,75,1,3031.19,0,0,0,1330.37,2075.79,0.74
M0074626,N,32,1,43905.04,1,0,0,4455.91,32505.37,2.44
M0074627,Y,69,5,329037.5,2,3,1,91367.11,250237.17,3.67
M0074628,N,35,0,12582.65,0,0,2,4441.07,6354.25,0.18
M0074629,N,19,2,3201.91,0,0,0,960.0,3382.9,1.33
M0074630,Y,61,3,93642.13,3,4,1,26959.02,66516.75,2.8
M0074631,N,58,2,5365.18,0,0,0,2132.5,6424.19,1.06
M0074632,N,24,0,8715.18,0,0,0,1527.91,13302.61,1.39
M0074633,N,29,1,10283.35,0,0,1,2828.55,7696.41,0.58
M0074634,N,56,2,15746.48,0,0,1,4361.11,14114.45,1.22
M0074635,N,48,1,3144.8,0,0,0,907.41,3492.97,0.81
M0074636,N,32,0,6213.01,0,0,1,5792.64,5490.97,1.02
M0074637,N,72,0,23717.6,1,0,0,7101.98,14258.28,0.77
M0074638,N,62,1,2772.12,0,0,0,1575.87,3462.26,2.97
M0074639,Y,64,10,294056.8,5,4,6,83899.56,245137.56,5.23
M0074640,N,49,3,8811.66,0,2,0,3489.91,5767.16,0.0
M0074641,N,38,0,19749.63,0,0,0,1175.72,15640.76,0.01
M0074642,N,26,0,13663.07,0,0,0,2628.85,9130.77,0.93
M0074643,N,66,2,12279.06,0,1,3,2156.43,9208.89,1.44
M0074644,N,52,2,5075.55,0,0,0,1350.9,3431.18,0.84
M0074645,N,37,2,4073.19,0,0,0,2598.39,4015.98,2.04
M0074646,N,22,2,7073.33,0,0,0,1637.09,7384.15,0.0
M0074647,N,35,1,6659.26,0,0,0,941.62,6054.62,1.34
M0074648,N,76,0,6418.16,0,1,0,1121.77,4910.32,1.23
M0074649,N,59,0,8069.07,0,0,0,2341.27,4910.64,0.0
M0074650,N,24,2,10980.26,1,0,1,7133.13,5348.05,0.94
M0074651,N,62,0,3573.79,0,0,0,1203.43,4047.32,0.42
M0074652,N,70,2,19199.33,0,2,0,3959.41,26774.59,1.23
M0074653,N,79,1,25849.66,1,2,0,4305.11,31736.86,0.84
M0074654,N,44,1,7404.92,0,1,0,2610.4,10559.87,1.42
M0074655,N,25,0,6791.71,0,1,0,1490.26,5849.72,0.02
M0074656,N,59,0,10829.58,0,1,0,7800.91,6980.85,2.11
M0074657,N,49,1,4816.7,0,0,0,1123.05,5109.44,0.42
M0074658,N,61,1,11370.48,0,0,0,3968.16,8140.25,1.47
M0074659,N,62,1,9303.81,0,1,0,2385.93,8676.86,0.59
M0074660,N,70,1,45023.18,0,2,1,10159.51,26987.97,1.67
M0074661,N,69,1,20078.45,0,0,1,4515.42,14959.02,2.7
M0074662,N,78,1,18802.94,2,3,1,6621.06,18081.83,2.02
M0074663,Y,71,4,170065.22,3,3,2,139438.54,65932.73,4.3
M0074664,N,23,2,8336.36,0,2,1,5413.19,8751.46,1.17
M0074665,N,74,2,6784.42,0,0,0,892.81,7068.26,1.2
M0074666,N,70,1,7111.8,0,0,1,1781.97,6697.79,0.89
M0074667,N,68,1,15432.9,0,0,0,3121.71,10441.33,0.99
M0074668,N,20,1,15181.56,1,0,0,10935.04,12349.84,1.48
M0074669,N,73,1,3823.18,0,2,0,3175.32,2611.66,0.05
M0074670,N,19,0,14069.88,0,0,0,6389.01,11066.55,2.26
M0074671,N,66,1,4034.99,0,0,1,1475.78,5655.54,1.25
M0074672,N,77,0,4170.04,0,2,0,1380.57,2186.94,2.18
M0074673,N,68,1,15236.28,0,0,0,9026.42,13196.94,0.69
M0074674,N,33,2,12320.43,1,0,1,4335.86,11587.23,1.46
M0074675,N,31,1,8152.54,0,1,0,3216.04,3191.88,1.71
M0074676,N,51,0,14397.89,0,0,0,1548.67,11646.86,0.93
M0074677,N,48,0,17011.2,0,0,2,8422.9,5170.32,0.0
M0074678,N,46,1,3368.41,0,0,0,1410.79,4706.57,2.18
M0074679,N,22,3,10869.9,0,0,0,2458.86,7370.1,1.03
M0074680,N,60,0,8648.95,0,0,1,1824.66,8788.26,0.0
M0074681,N,41,1,32608.63,1,0,0,2442.84,38458.2,0.67
M0074682,N,70,0,12207.99,0,0,0,1837.13,8713.16,0.13
M0074683,N,40,1,16428.86,0,2,0,4691.46,9702.37,1.67
M0074684,Y,52,2,161632.7,3,4,4,71362.95,141377.95,4.41
M0074685,N,63,0,16588.61,0,0,0,2827.19,11100.45,1.14
M0074686,N,63,1,24487.07,0,3,0,4688.53,18868.36,0.88
M0074687,N,77,0,2765.89,0,0,0,1886.59,2390.21,0.64
M0074688,N,25,1,6070.55,1,1,0,2934.89,3866.26,1.13
M0074689,N,42,2,9880.78,0,1,0,3228.67,14205.69,1.78
M0074690,N,71,0,18071.38,0,0,0,2962.29,12173.31,0.24
M0074691,N,39,0,6877.95,0,0,0,2329.53,3889.85,0.52
M0074692,N,39,1,4804.28,1,0,1,2718.57,3402.38,3.01
M0074693,N,19,0,4949.33,0,0,0,2842.48,5002.8,1.1
M0074694,N,58,1,8410.64,0,1,0,910.42,9318.4,0.0
M0074695,N,52,0,6419.57,0,0,0,236.05,5193.52,0.02
M0074696,N,46,0,8172.36,1,1,0,3084.03,7676.4,1.49
M0074697,N,62,1,47964.25,1,2,1,10160.1,31657.41,0.21
M0074698,N,42,2,23741.31,0,1,0,7339.53,14475.27,1.13
M0074699,N,27,3,10689.31,0,0,0,4541.63,7020.16,1.44
M0074700,N,55,1,11920.81,0,1,0,4424.78,12531.74,0.65
M0074701,N,63,1,2523.22,0,2,0,424.66,2520.12,0.0
M0074702,N,33,0,6982.84,0,0,0,1495.28,4932.31,0.26
M0074703,N,72,1,15152.54,1,1,0,3705.29,21484.01,1.27
M0074704,N,64,1,10302.6,0,0,1,2959.62,13872.27,1.93
M0074705,N,67,1,5232.39,0,0,1,3053.31,3756.03,0.44
M0074706,Y,53,4,164680.89,4,2,2,66714.79,125694.6,3.07
M0074707,N,66,1,7392.37,1,0,0,1841.04,6600.67,1.16
M0074708,N,71,1,16032.6,1,2,0,12016.19,9844.01,1.17
M0074709,N,77,1,11384.58,0,0,1,1714.02,12341.37,0.46
M0074710,N,40,0,4819.66,0,0,1,1006.31,3610.26,0.3
M0074711,N,76,2,15898.71,0,0,0,4997.51,8932.93,1.13
M0074712,N,37,2,19029.21,0,2,2,5942.96,9963.5,1.71
M0074713,N,51,1,26775.48,1,2,1,22742.93,8181.63,3.98
M0074714,Y,46,6,165424.03,2,3,3,36766.42,165484.87,4.24
M0074715,N,21,0,8518.27,0,1,0,2696.22,8629.56,1.32
M0074716,N,28,0,8358.25,0,0,0,992.82,6202.54,0.0
M0074717,N,34,1,11468.17,0,1,1,4475.32,7858.75,1.1
M0074718,N,47,1,4126.78,0,2,1,1547.12,2747.92,0.58
M0074719,Y,36,8,279902.77,5,4,5,129393.77,134703.87,6.51
M0074720,N,38,0,8093.48,0,0,0,3696.42,5824.57,3.35
M0074721,N,67,0,5861.69,1,0,0,2579.29,7002.12,1.41
M0074722,N,20,1,21619.85,0,0,1,7196.47,11576.56,1.85
M0074723,N,44,0,7321.01,0,0,0,1828.04,5432.52,2.36
M0074724,N,34,2,19962.84,0,1,2,2975.91,20410.39,0.91
M0074725,N,72,1,14059.65,0,1,0,1521.44,11377.04,1.34
M0074726,N,69,1,5313.54,0,2,1,1967.96,3690.78,0.74
M0074727,N,69,0,7969.42,0,0,0,3950.04,10224.02,0.41
M0074728,N,58,1,13518.09,0,0,0,2939.42,13819.2,0.68
M0074729,N,68,4,16991.37,1,1,1,3431.35,14752.2,1.73
M0074730,N,27,2,16351.67,0,2,1,9361.19,3581.91,1.73
M0074731,N,65,1,18647.1,1,0,0,6153.18,13798.43,0.57
M0074732,N,70,0,7180.01,0,0,0,1431.48,5675.47,0.34
M0074733,N,44,0,9614.63,0,0,0,2371.41,8079.22,0.15
M0074734,N,41,2,26726.85,0,4,1,10392.64,14384.73,2.87
M0074735,N,34,0,25575.08,1,2,0,2925.57,29285.53,1.97
M0074736,N,22,2,15270.02,0,0,0,6721.42,5439.01,2.69
M0074737,N,38,0,26395.79,1,0,0,7159.54,17602.4,2.51
M0074738,N,68,0,17216.89,0,0,0,3901.43,16806.51,1.61
M0074739,N,43,1,5911.22,0,0,2,1008.86,5748.27,0.68
M0074740,N,55,0,7903.02,0,0,0,1391.08,6931.32,0.0
M0074741,N,21,0,2567.91,0,0,0,300.76,2078.36,0.02
M0074742,N,50,2,6134.91,1,1,1,866.73,5880.22,0.0
M0074743,N,22,2,12011.16,0,0,0,7544.5,9482.46,0.16
M0074744,N,44,1,21260.29,0,0,0,2137.17,19746.64,1.64
M0074745,N,34,0,32663.1,0,1,0,5315.96,21417.42,0.55
M0074746,N,29,2,21091.57,0,0,0,14165.99,11190.41,2.18
M0074747,N,52,4,11401.33,0,1,0,10122.31,9081.14,2.89
M0074748,N,76,3,6580.41,1,0,0,4434.51,4388.7,1.22
M0074749,N,59,0,10412.45,0,0,0,2212.54,6177.15,1.4
M0074750,N,73,3,13669.8,0,3,1,5557.5,14659.68,1.5
M0074751,N,55,0,3155.87,0,0,0,1676.33,1493.12,0.55
M0074752,N,69,2,5033.74,1,0,0,3392.22,4430.14,0.66
M0074753,N,70,2,10312.36,0,0,0,4444.19,13090.43,0.0
M0074754,N,62,2,17854.3,0,0,2,4341.41,12336.37,2.04
M0074755,N,26,0,2304.56,1,0,1,253.22,2897.39,0.0
M0074756,N,75,1,21952.44,0,1,0,6112.88,12017.3,1.39
M0074757,N,68,2,26891.99,0,0,1,11383.31,14757.53,1.26
M0074758,N,29,2,10903.41,0,3,2,4595.42,5894.49,3.34
M0074759,N,33,0,8950.04,0,0,0,2099.25,11592.24,0.0
M0074760,N,19,1,16264.62,0,2,1,4755.51,12454.14,2.24
M0074761,N,51,1,6948.77,0,0,0,1227.09,8854.13,1.31
M0074762,N,37,0,12146.84,0,1,0,2451.8,11216.24,0.38
M0074763,N,45,3,14127.03,0,2,1,4073.55,14679.33,1.01
M0074764,N,67,2,19296.21,0,1,0,8817.13,16034.69,2.37
M0074765,N,36,0,13651.56,0,0,0,7782.17,4927.41,0.93
M0074766,N,25,1,17368.26,0,0,0,8604.69,8592.67,1.07
M0074767,N,20,0,11849.92,0,0,0,1212.1,9653.36,0.23
M0074768,N,80,0,5883.91,0,1,0,826.92,8061.72,0.46
M0074769,N,51,1,12858.54,2,1,0,2548.33,9979.05,2.81
M0074770,N,47,1,8659.17,0,0,0,3656.0,10900.11,1.3
M0074771,N,70,1,15095.15,0,1,0,3183.73,9372.09,0.57
M0074772,N,37,1,11966.52,0,0,0,2747.69,17244.33,1.85
M0074773,N,67,0,8389.91,0,1,0,2255.33,9900.68,0.0
M0074774,N,18,1,7089.6,0,0,0,1911.51,9831.18,1.26
M0074775,N,19,0,8714.57,1,1,0,3482.88,8157.3,0.0
M0074776,N,23,1,3090.14,0,0,0,2266.73,2285.01,0.93
M0074777,N,76,1,17167.5,0,1,1,3743.07,22468.05,0.8
M0074778,N,47,2,7687.14,0,1,0,3498.67,4925.72,1.02
M0074779,N,22,1,5139.25,0,0,0,3261.33,2155.91,0.83
M0074780,N,34,2,4681.46,0,0,0,1861.58,4745.62,0.31
M0074781,N,34,0,9412.6,1,0,0,3835.17,4160.67,0.78
M0074782,N,42,0,40876.32,2,0,2,4431.78,31102.5,1.31
M0074783,N,55,1,22237.33,0,1,1,5387.95,12863.21,1.41
M0074784,N,39,1,8937.07,1,0,0,2662.93,7087.72,0.95
M0074785,N,79,2,6785.66,0,1,0,542.28,5918.4,1.37
M0074786,N,43,1,10374.6,1,1,1,2556.78,9687.37,0.57
M0074787,N,29,2,9478.11,1,0,0,3642.95,3789.08,0.0
M0074788,N,72,1,14459.78,0,1,0,5237.97,6378.71,1.25
M0074789,N,25,2,19974.94,1,0,0,10851.53,17426.77,2.18
M0074790,N,29,1,7647.75,1,1,1,2798.61,5899.39,0.63
M0074791,N,24,2,6296.93,0,1,0,7137.49,2791.55,0.63
M0074792,N,33,1,6931.84,0,2,0,4463.64,6254.25,1.28
M0074793,N,52,0,10548.41,0,3,0,1996.81,6824.63,0.82
M0074794,N,43,0,14711.71,1,1,0,5151.6,9829.59,1.26
M0074795,N,34,0,21765.57,0,1,0,1363.8,25675.84,0.0
M0074796,N,59,2,8770.57,0,0,0,1504.48,13958.9,1.31
M0074797,N,77,0,4416.97,0,0,0,537.47,3212.7,0.13
M0074798,N,53,0,7294.63,0,0,1,901.54,7166.99,1.56
M0074799,Y,38,8,260157.7,4,4,2,62915.23,191923.98,4.61
M0074800,N,64,1,7389.32,0,0,0,5388.47,2513.63,0.0
M0074801,N,35,1,8490.19,0,0,0,2586.45,6315.56,0.44
M0074802,N,63,1,3480.79,0,0,0,595.03,2347.94,1.77
M0074803,N,79,2,6099.19,0,2,0,1354.78,4056.04,0.0
M0074804,N,72,1,18013.51,0,0,0,8047.73,13204.88,0.06
M0074805,N,21,0,7820.15,0,0,0,388.33,6763.89,0.0
M0074806,N,52,1,6215.81,0,0,0,2674.85,3736.23,0.0
M0074807,N,78,1,8750.44,0,0,0,3237.0,6769.97,0.96
M0074808,N,58,1,14199.03,0,0,0,2477.02,17331.39,1.22
M0074809,N,39,2,7241.57,0,1,0,2791.85,3285.42,1.83
M0074810,N,79,0,5378.8,0,0,1,1914.56,2674.77,0.75
M0074811,N,34,0,5947.7,0,0,1,783.6,5368.75,0.11
M0074812,N,59,0,6823.14,0,0,1,2090.69,5409.91,1.53
M0074813,N,72,0,4763.11,0,0,0,1908.75,2723.78,0.95
M0074814,N,78,2,4570.07,0,2,0,3026.98,3313.01,1.74
M0074815,N,74,2,7731.67,0,1,1,2154.79,7962.4,2.02
M0074816,N,65,1,12283.29,0,0,0,3863.91,6421.0,0.84
M0074817,N,79,2,20583.23,2,0,0,1433.01,18952.63,1.52
M0074818,N,51,0,2808.47,0,0,0,1560.21,2530.01,0.12
M0074819,N,41,1,27321.63,0,0,0,12765.31,8653.65,2.82
M0074820,N,73,0,17362.63,1,1,0,3657.42,16964.31,0.92
M0074821,N,76,1,2508.1,0,0,0,792.56,3508.24,0.06
M0074822,N,56,0,19082.19,0,0,0,7635.17,12597.89,0.09
M0074823,N,76,0,8768.16,0,1,0,1908.81,10314.62,1.15
M0074824,N,54,1,4785.47,0,0,0,2608.14,2581.54,0.52
M0074825,N,66,1,10000.16,0,0,0,2252.84,9757.14,1.68
M0074826,N,57,1,15657.03,1,2,0,6160.38,15526.33,1.98
M0074827,N,62,0,20792.89,2,0,0,2848.19,15852.44,1.01
M0074828,N,28,1,12049.48,0,2,0,4528.9,11149.64,1.23
M0074829,N,51,1,4782.06,0,0,0,2714.39,3637.26,0.85
M0074830,N,27,1,47610.4,1,2,0,3697.98,36771.21,1.43
M0074831,N,18,0,8349.89,1,0,0,1010.08,6476.64,0.18
M0074832,N,56,2,6811.89,0,1,1,2688.84,4370.41,0.61
M0074833,N,44,0,5935.71,0,0,0,3236.95,3059.88,0.0
M0074834,N,24,1,13267.0,0,0,0,873.24,9742.59,1.6
M0074835,N,37,0,5570.64,0,2,0,1546.11,6203.35,0.85
M0074836,N,30,2,7118.15,0,1,0,2379.59,3913.15,0.0
M0074837,N,52,1,4069.45,0,2,1,1546.39,2572.29,1.07
M0074838,N,54,0,4789.38,0,0,0,3088.6,5001.38,0.61
M0074839,N,77,0,4114.44,0,1,1,1036.9,5676.79,0.21
M0074840,N,71,3,17387.97,1,1,1,2547.1,14414.06,3.04
M0074841,N,50,1,5972.28,0,1,0,3385.98,4619.86,2.06
M0074842,N,34,1,23953.78,0,0,0,11418.88,16757.5,0.89
M0074843,N,75,0,17037.16,0,0,0,13449.39,6349.67,1.98
M0074844,N,68,2,39947.53,0,2,1,1971.39,52667.33,2.04
M0074845,N,23,2,4840.7,0,0,0,871.28,3279.72,0.46
M0074846,N,36,0,2204.02,0,1,0,495.8,2217.71,1.41
M0074847,N,22,2,9536.28,0,1,2,5645.09,5707.02,2.04
M0074848,N,56,2,11923.19,0,2,2,3617.55,10633.22,1.97
M0074849,N,34,3,26704.56,2,0,0,1781.15,24484.21,1.97
M0074850,N,67,0,3643.09,0,1,0,1073.87,3251.36,1.24
M0074851,N,26,0,19715.43,0,0,0,1351.12,15112.48,0.86
M0074852,N,63,0,3623.2,0,0,0,908.29,2959.93,1.11
M0074853,N,74,1,16010.55,0,0,0,7138.73,12402.67,2.42
M0074854,N,27,1,14326.01,0,0,1,2378.04,9189.09,1.74
M0074855,N,79,1,9428.12,0,0,0,4324.43,5165.99,1.23
M0074856,N,43,2,13528.35,0,0,0,5237.17,19216.89,1.45
M0074857,N,43,3,17190.37,0,1,1,3842.75,16700.22,2.15
M0074858,N,71,1,14683.41,0,0,0,2929.88,9189.95,2.1
M0074859,N,67,2,15782.72,0,1,0,1874.85,10884.55,1.67
M0074860,N,43,0,14077.25,0,2,0,880.71,13252.44,0.42
M0074861,N,31,0,8221.2,0,0,1,2961.81,4107.72,1.47
M0074862,N,65,4,37425.94,1,3,0,6467.22,57670.38,3.58
M0074863,Y,52,3,194070.76,3,4,2,29753.94,157729.15,3.31
M0074864,N,68,1,6766.57,0,2,0,3169.8,7189.33,2.67
M0074865,N,20,0,5269.58,0,0,0,1794.42,3332.15,0.59
M0074866,N,28,0,24063.79,0,1,1,1887.21,17384.14,1.86
M0074867,N,52,1,4106.88,0,0,0,2215.98,3086.34,0.0
M0074868,N,71,0,14386.18,0,1,1,2965.97,10525.66,3.15
M0074869,N,38,1,7243.27,1,2,0,2782.49,8207.41,1.72
M0074870,Y,70,2,154573.23,1,6,2,79183.27,66844.86,2.78
M0074871,N,33,0,8565.19,0,1,0,1365.88,6037.98,0.94
M0074872,N,61,0,10200.68,0,1,0,3988.84,4610.69,0.0
M0074873,N,66,1,11429.66,0,0,0,4643.21,9315.38,1.09
M0074874,N,50,0,41653.04,0,2,0,1728.84,31379.44,0.09
M0074875,N,54,2,29414.21,0,2,0,5980.85,22317.2,1.88
M0074876,N,50,3,5681.51,0,1,0,991.02,6645.81,1.11
M0074877,N,29,0,4288.84,0,0,0,3823.32,3195.61,1.05
M0074878,N,50,0,6560.12,0,0,1,3014.56,4889.11,1.5
M0074879,N,80,1,5603.82,0,0,0,4457.07,4272.48,1.06
M0074880,N,38,2,9710.77,0,0,0,2594.66,9470.66,0.89
M0074881,N,60,1,18850.67,0,0,1,9520.53,16796.83,1.44
M0074882,N,33,1,9038.51,0,1,1,7293.54,5493.75,0.94
M0074883,N,71,2,14416.37,1,1,0,5911.49,7114.89,4.42
M0074884,N,64,2,11364.29,0,0,0,1835.37,11116.67,2.46
M0074885,N,79,1,9205.67,0,1,0,1406.45,7675.0,0.22
M0074886,N,67,0,7499.07,0,2,0,2474.16,5582.13,1.12
M0074887,N,44,0,6810.7,0,2,1,3574.42,5248.66,2.16
M0074888,Y,76,5,256031.05,1,3,3,82504.38,200861.93,4.05
M0074889,N,46,2,16459.81,0,0,0,4400.77,10730.26,0.92
M0074890,N,77,2,21443.14,2,0,0,2153.32,22943.86,1.3
M0074891,N,48,1,21674.14,0,1,0,3871.31,16515.23,1.67
M0074892,N,30,1,5690.55,0,0,0,2931.77,4018.46,0.38
M0074893,N,47,1,14425.43,0,0,0,11924.04,9236.08,1.82
M0074894,N,36,0,7927.0,0,0,0,3322.95,8645.95,1.59
M0074895,N,51,1,3060.4,0,0,0,1063.58,3432.7,1.35
M0074896,N,32,1,10021.35,1,1,0,7173.21,6958.73,1.67
M0074897,N,19,2,8994.44,0,0,0,6956.39,3460.0,0.0
M0074898,N,76,0,16705.24,0,2,0,6616.94,7731.51,1.55
M0074899,N,19,2,49663.81,1,2,1,21555.8,18082.22,4.35
M0074900,N,56,1,3805.02,0,0,0,337.6,3329.58,2.1
M0074901,N,53,0,8958.94,1,1,0,2137.21,6885.37,1.62
M0074902,N,78,4,7318.36,0,0,0,928.29,7923.0,0.8
M0074903,Y,58,6,139238.18,4,3,4,57511.82,126286.34,7.58
M0074904,N,76,3,22891.23,0,1,1,1694.46,18729.2,1.96
M0074905,N,27,0,6846.51,0,2,0,1194.58,6786.22,0.62
M0074906,N,38,1,10639.05,0,0,0,4834.9,4468.86,0.5
M0074907,N,44,0,27708.76,0,0,0,3765.77,29497.18,0.69
M0074908,N,45,2,10674.31,0,0,0,3442.9,7186.45,2.57
M0074909,N,68,1,11394.66,0,1,0,2048.56,6966.33,1.79
M0074910,N,32,1,6863.2,0,1,0,3041.89,3434.01,1.25
M0074911,N,57,2,5861.84,0,1,0,782.98,4906.66,1.37
M0074912,N,35,2,9100.13,0,0,0,6075.03,9453.65,0.0
M0074913,N,39,1,12665.87,1,0,0,5571.3,5511.43,0.54
M0074914,N,52,1,7116.63,1,1,0,1170.07,10232.84,0.89
M0074915,N,71,1,11271.59,0,1,0,4653.52,8628.53,3.55
M0074916,N,41,1,5189.94,0,0,0,1350.46,3167.38,0.0
M0074917,N,26,1,7006.43,0,0,1,930.6,7495.23,0.94
M0074918,N,19,0,1834.0,0,0,0,334.14,2126.29,0.0
M0074919,N,67,0,3112.58,0,0,0,666.57,2608.07,0.43
M0074920,N,25,0,13673.47,0,0,0,3936.49,10015.25,1.76
M0074921,N,68,0,3611.77,0,0,1,3774.78,2286.34,0.97
M0074922,Y,69,3,385632.58,2,1,3,130288.79,216593.66,4.1
M0074923,N,23,1,6094.05,0,0,0,1284.27,4581.47,1.03
M0074924,N,62,1,6714.91,1,1,0,4575.38,4567.34,0.05
M0074925,N,65,2,13086.22,0,2,0,3268.23,7135.44,0.05
M0074926,N,18,1,9260.89,0,0,0,1143.49,6812.88,1.0
M0074927,N,53,0,4037.25,1,1,0,2987.76,4163.0,1.25
M0074928,N,49,1,2070.12,0,2,0,810.04,2412.29,0.46
M0074929,N,18,0,5225.74,0,0,0,1322.16,4807.11,1.33
M0074930,N,62,2,13208.07,0,1,0,1159.64,9840.18,2.16
M0074931,N,68,0,6139.99,0,0,1,1182.9,5178.23,0.0
M0074932,N,79,0,7867.47,0,0,0,5444.17,3288.92,2.1
M0074933,N,69,0,6316.32,0,1,0,853.77,4346.4,1.25
M0074934,N,63,1,10867.83,1,0,0,5290.58,11128.95,0.73
M0074935,N,35,1,34082.87,0,0,0,9525.21,27522.64,1.97
M0074936,Y,80,3,157765.2,4,5,2,28732.19,125734.08,4.65
M0074937,N,78,1,4203.09,0,1,0,1151.34,5866.06,0.79
M0074938,N,65,2,9686.3,0,2,1,3310.96,5609.79,0.12
M0074939,N,64,2,10441.99,0,0,1,5437.68,3158.02,0.99
M0074940,N,34,0,1975.05,0,0,0,1063.69,1938.91,1.22
M0074941,N,31,3,12665.89,1,0,0,3035.77,15840.51,0.61
M0074942,N,39,2,34538.97,0,0,2,8045.88,19266.7,1.76
M0074943,N,26,1,3943.13,0,2,1,2697.24,1382.23,0.95
M0074944,N,66,0,9547.6,1,1,0,4580.37,4148.65,0.34
M0074945,N,69,0,6755.88,0,1,0,3383.78,6435.49,1.09
M0074946,N,64,1,5078.53,1,0,0,1140.97,2931.46,1.01
M0074947,N,64,2,11042.82,1,0,0,3659.04,6009.79,1.01
M0074948,N,34,0,12044.14,0,0,0,4857.42,6591.85,2.41
M0074949,N,66,3,7066.32,0,1,0,854.22,5575.13,1.94
M0074950,N,40,1,20153.72,0,1,0,10355.99,7729.8,0.0
M0074951,N,57,2,19190.66,0,1,0,3782.75,14910.91,2.57
M0074952,N,61,0,7093.1,0,2,1,1361.03,4187.75,0.58
M0074953,N,49,1,16421.23,0,0,0,6913.39,9202.4,1.47
M0074954,N,59,1,5024.45,0,0,1,894.02,3479.61,0.95
M0074955,N,62,0,7553.17,0,1,0,3828.2,4157.6,0.77
M0074956,N,67,2,25324.41,0,2,2,3334.96,33707.86,1.91
M0074957,N,25,0,10628.09,0,0,0,1428.74,9083.21,0.0
M0074958,N,54,1,10801.47,0,0,1,933.13,7610.8,0.98
M0074959,N,60,1,6210.71,0,0,0,1849.6,4084.89,0.4
M0074960,N,31,0,4451.3,0,0,0,565.94,6566.19,0.44
M0074961,N,50,1,18952.42,0,1,0,12126.15,7036.95,1.04
M0074962,N,29,0,12570.24,1,0,0,3410.99,6416.98,0.0
M0074963,N,31,2,5125.45,0,1,0,1226.0,7117.21,1.53
M0074964,N,34,3,3398.91,0,0,0,1774.71,2395.31,0.0
M0074965,N,64,0,6278.87,1,0,0,1587.49,4551.61,1.36
M0074966,N,40,0,2176.86,1,0,0,945.97,2088.49,0.0
M0074967,N,31,2,9679.2,0,2,1,4798.14,5487.69,0.87
M0074968,N,57,0,9044.98,0,1,0,497.27,7544.61,0.41
M0074969,N,49,0,10098.27,0,0,0,4135.31,13433.85,1.26
M0074970,N,64,0,2563.24,0,1,1,503.0,3328.67,0.96
M0074971,N,32,1,13408.04,1,0,0,3639.83,13370.79,1.43
M0074972,N,64,2,3768.72,0,0,1,1275.61,4241.1,1.16
M0074973,N,53,2,13555.23,1,1,0,2845.65,11506.01,2.84
M0074974,N,69,2,12280.73,0,1,1,3259.03,13643.01,0.36
M0074975,N,72,2,10200.39,0,1,1,4265.16,4546.56,1.45
M0074976,N,58,1,16609.85,0,0,0,3068.25,11750.18,0.5
M0074977,N,65,0,21785.93,0,2,1,5798.82,15801.43,1.42
M0074978,N,78,1,3852.24,0,1,0,2395.52,2883.7,0.44
M0074979,N,75,1,3284.49,0,1,0,841.48,3250.77,0.0
M0074980,N,52,1,8917.99,0,0,0,2095.87,7120.24,0.0
M0074981,N,36,0,12398.62,0,1,1,2085.25,15588.94,0.24
M0074982,N,40,0,10052.89,0,0,0,6125.54,8701.69,2.85
M0074983,N,52,0,15015.36,0,0,0,2765.91,16585.63,0.26
M0074984,N,37,2,25495.04,0,2,0,6053.2,15479.7,2.37
M0074985,Y,45,5,180358.31,3,3,5,43023.74,116693.0,4.51
M0074986,N,25,2,21205.43,0,2,0,8657.67,8919.63,0.12
M0074987,N,38,0,6021.07,0,0,0,1260.35,5052.02,0.57
M0074988,N,34,1,7012.59,0,0,1,2314.32,6052.18,0.06
M0074989,N,43,0,14060.71,0,2,0,4569.94,14166.93,2.24
M0074990,N,39,1,11600.52,0,0,0,4685.58,10597.76,0.32
M0074991,N,34,1,3536.04,1,0,0,2441.25,3259.57,0.57
M0074992,N,74,2,11969.88,1,0,1,5489.36,8123.02,2.28
M0074993,N,24,0,12525.72,0,2,0,1947.7,11460.53,1.24
M0074994,N,39,1,6800.38,1,0,1,1655.54,5838.67,2.61
M0074995,Y,79,5,159502.31,2,2,6,85705.81,88610.86,3.66
M0074996,N,38,1,6115.93,0,1,1,3135.53,3346.69,1.95
M0074997,N,59,1,23157.45,1,0,0,8129.19,14734.5,0.58
M0074998,N,44,3,6375.36,0,0,2,2840.36,5896.37,1.66
M0074999,N,50,2,11490.32,0,0,0,1622.55,7623.4,1.09
M0075000,N,56,1,3847.84,0,0,0,867.18,2574.14,0.72
M0075001,N,68,4,21624.01,0,1,1,6602.04,12565.83,0.87
M0075002,N,18,0,1698.31,0,0,0,742.08,1598.47,0.15
M0075003,N,55,0,12542.15,0,1,0,2926.32,8524.66,1.32
M0075004,N,45,0,4236.44,0,1,0,1052.78,3287.13,0.82
M0075005,N,29,2,24808.79,0,0,0,3203.43,20155.28,1.41
M0075006,N,22,2,28259.22,0,1,0,8119.04,16185.63,1.36
M0075007,N,29,0,16763.77,0,0,0,2244.35,14191.66,1.52
M0075008,N,79,2,31593.83,1,0,1,7305.63,19637.47,1.88
M0075009,N,18,2,21533.82,0,0,0,12582.94,5666.8,1.52
M0075010,N,40,1,30798.37,0,0,0,17122.5,14839.14,2.0
M0075011,N,20,0,3944.06,0,0,0,1415.98,5258.69,0.0
M0075012,N,52,0,11163.31,1,1,2,6895.44,11028.56,1.7
M0075013,N,20,0,13222.83,0,0,0,1534.58,11042.22,1.48
M0075014,Y,83,4,151405.98,3,5,3,46619.31,152298.41,7.85
M0075015,N,25,0,5620.67,0,0,0,1189.94,8351.63,1.27
M0075016,N,75,2,11228.85,0,1,0,11877.88,6514.46,1.89
M0075017,N,69,1,5722.07,1,1,0,762.84,4190.47,1.21
M0075018,N,57,1,6399.79,1,0,1,1576.05,7152.53,0.0
M0075019,N,33,0,14905.43,0,1,1,776.94,15181.77,0.59
M0075020,Y,86,5,197555.76,3,1,1,32758.11,171203.53,4.41
M0075021,N,39,0,3273.3,0,2,0,1830.54,3813.65,0.29
M0075022,N,20,1,6789.91,0,1,0,5044.94,3931.81,0.62
M0075023,N,53,0,35847.43,0,1,1,4003.38,25667.75,2.43
M0075024,N,28,1,17376.52,0,3,0,5937.48,11260.75,1.42
M0075025,N,66,1,44830.08,0,0,1,27251.79,8066.31,3.56
M0075026,N,47,1,7135.02,1,0,0,8924.07,3763.24,0.33
M0075027,Y,84,4,95350.76,4,2,3,52937.24,79354.0,4.66
M0075028,N,68,0,13507.57,0,0,0,527.89,11482.11,0.09
M0075029,N,47,1,2504.07,0,1,0,997.2,3404.09,1.11
M0075030,N,40,1,12810.17,0,0,0,4909.18,7043.77,0.87
M0075031,Y,46,2,175829.68,3,1,4,71857.99,124651.03,4.65
M0075032,N,74,1,6537.7,0,0,0,3120.46,7546.34,0.21
M0075033,N,72,3,17366.91,0,2,1,9117.79,10179.71,1.06
M0075034,Y,55,5,247718.0,4,5,4,47714.82,257261.52,7.07
M0075035,N,62,1,10222.04,0,1,0,6511.05,3389.36,1.15
M0075036,N,73,0,1878.33,1,0,0,1236.22,2037.23,0.79
M0075037,N,79,1,60081.86,0,0,0,2295.99,44750.46,1.86
M0075038,N,26,1,5774.9,0,0,0,1936.1,5460.75,0.16
M0075039,N,66,1,13734.74,0,1,0,5545.85,6257.48,1.54
M0075040,N,58,3,16468.65,0,0,0,922.35,12799.82,0.0
M0075041,N,52,1,15109.53,0,1,0,4210.5,13744.43,2.08
M0075042,N,33,0,3936.09,0,1,0,1030.39,2640.33,1.18
M0075043,N,40,0,13684.48,0,0,0,9248.58,10686.33,1.2
M0075044,N,52,1,14342.47,0,0,0,9873.52,8163.11,0.31
M0075045,N,20,1,19218.85,0,1,0,971.07,20126.38,0.76
M0075046,N,67,0,10841.83,0,0,0,2607.52,8091.59,0.18
M0075047,N,24,1,10732.03,0,0,1,1883.64,7411.33,1.54
M0075048,N,45,1,8736.86,0,0,0,2769.82,5276.67,0.38
M0075049,N,57,1,24529.2,0,0,0,5122.91,21933.15,0.83
M0075050,N,49,0,8025.78,0,0,0,2815.35,6914.55,0.25
M0075051,N,40,1,7932.55,0,0,0,5392.32,6992.21,0.92
M0075052,N,53,1,15656.77,0,0,0,7603.45,10493.57,1.63
M0075053,N,20,1,25172.71,0,1,0,8487.19,23322.8,1.08
M0075054,N,39,2,8082.11,0,1,0,2063.85,11115.73,0.73
M0075055,N,45,2,7634.93,1,0,0,5402.47,4533.43,1.16
M0075056,N,80,1,11866.68,0,0,0,4738.89,9551.03,1.34
M0075057,N,47,1,8952.1,1,1,0,3117.61,5180.57,1.51
M0075058,N,72,1,11159.89,0,0,0,5089.1,3912.74,2.02
M0075059,N,65,2,11742.9,0,2,0,2693.59,10438.15,1.91
M0075060,N,55,0,5444.86,0,0,0,1783.97,6913.95,1.81
M0075061,N,54,1,14484.57,1,0,0,4893.5,11899.49,1.47
M0075062,N,38,3,26497.03,1,0,0,2208.83,24305.33,1.54
M0075063,N,25,1,8254.54,0,0,0,4418.35,6001.71,1.96
M0075064,N,41,0,14802.38,0,0,0,8093.49,10829.51,2.63
M0075065,N,51,2,6036.07,0,0,1,1799.26,7424.13,0.0
M0075066,N,41,3,9338.61,0,2,0,1318.58,6578.58,1.55
M0075067,N,30,2,44476.44,0,3,1,20537.06,21602.62,0.75
M0075068,N,63,0,8486.78,1,0,0,1524.27,5424.42,0.92
M0075069,N,62,0,4720.46,0,1,0,832.88,6405.93,0.56
M0075070,Y,85,5,234456.03,3,5,4,95130.82,110008.67,5.55
M0075071,N,63,0,2068.09,0,0,0,677.33,2543.89,0.0
M0075072,N,26,1,12027.36,0,1,0,11512.63,5352.1,0.36
M0075073,Y,68,6,218592.09,2,4,5,66111.65,149220.43,2.65
M0075074,N,45,3,7657.99,0,2,0,1261.59,12305.54,0.0
M0075075,N,42,3,60886.91,0,2,1,25568.75,28815.05,1.93
M0075076,N,69,1,4668.14,0,0,0,2096.57,2301.16,0.54
M0075077,N,36,1,11956.4,0,1,0,885.74,10502.79,2.07
M0075078,N,45,1,20431.61,0,0,0,4282.38,15815.29,1.24
M0075079,N,65,1,34104.21,1,0,1,413.94,35463.57,1.1
M0075080,N,53,1,7391.4,0,0,0,2098.55,4094.26,0.27
M0075081,Y,69,4,192100.05,3,3,6,60099.75,116610.92,4.16
M0075082,N,27,3,7867.96,0,0,0,8770.89,4378.38,1.18
M0075083,N,54,0,15078.98,0,1,0,2194.35,19597.57,0.72
M0075084,N,23,1,25658.28,0,0,0,3617.39,22695.1,1.54
M0075085,N,55,1,6513.16,0,0,0,1085.51,7819.96,2.05
M0075086,N,45,1,14827.47,1,3,1,13321.09,9150.17,0.14
M0075087,N,56,1,10894.71,0,0,1,4092.24,5771.32,0.19
M0075088,N,34,1,14611.98,1,1,3,4390.32,14822.53,1.31
M0075089,N,64,3,6281.34,0,0,0,888.76,9874.01,0.76
M0075090,N,74,1,4202.63,0,0,0,466.26,6801.3,1.21
M0075091,N,49,2,16024.31,1,1,0,8578.08,5896.63,0.89
M0075092,N,32,0,20186.12,2,0,1,17863.39,5141.4,1.43
M0075093,N,30,2,8282.81,1,0,0,1697.91,6971.85,0.48
M0075094,N,58,0,7876.27,0,0,0,960.08,8422.8,0.67
M0075095,N,25,0,11122.8,1,0,0,1491.73,7322.34,0.0
M0075096,N,18,0,8479.73,0,2,0,1084.78,8306.96,1.66
M0075097,N,41,0,5621.96,0,0,0,2468.15,4628.96,0.86
M0075098,N,29,1,18750.94,0,1,1,3633.85,14889.85,1.34
M0075099,N,27,3,8797.86,0,0,0,3362.71,3646.49,0.93
M0075100,N,55,0,18604.2,0,1,1,9274.68,13915.02,0.48
M0075101,N,63,1,10579.64,0,2,0,2477.09,11565.96,1.14
M0075102,N,18,1,22991.77,0,1,0,7857.35,11310.65,1.19
M0075103,N,54,3,64464.21,0,1,2,38979.87,19063.78,2.84
M0075104,N,26,0,13555.28,0,2,0,5294.83,8512.11,1.75
M0075105,N,72,0,41760.15,1,2,0,3771.05,34374.6,0.43
M0075106,N,40,0,11527.94,0,0,0,13148.44,6567.39,0.02
M0075107,N,67,1,5334.83,0,0,1,1370.47,3043.23,0.0
M0075108,N,51,1,22075.51,0,0,0,4681.84,13807.04,3.21
M0075109,N,21,1,6555.52,1,1,1,1668.71,8155.65,1.81
M0075110,N,43,0,27862.78,1,1,2,12421.47,11045.57,1.13
M0075111,N,41,1,10008.65,0,0,0,4715.52,3987.96,1.09
M0075112,N,45,0,4787.38,0,0,1,1231.5,3639.87,0.44
M0075113,N,24,1,15435.57,0,0,0,2296.8,16386.8,0.69
M0075114,N,47,0,5451.83,0,1,0,2638.05,5946.81,0.62
M0075115,N,43,3,20992.75,1,0,0,4534.22,20188.18,1.62
M0075116,N,37,0,19004.04,0,0,0,2924.72,14814.08,0.78
M0075117,N,24,0,8436.02,1,0,0,3356.67,4904.83,1.03
M0075118,N,25,1,11719.07,0,1,1,2396.34,10795.75,1.64
M0075119,N,48,2,7396.45,0,1,1,3336.51,9483.78,2.37
M0075120,N,67,0,12990.63,0,1,0,5918.17,7272.18,0.51
M0075121,N,49,1,9870.86,1,0,1,3181.4,14172.53,0.41
M0075122,N,41,0,13823.59,0,0,0,2602.38,12183.59,1.45
M0075123,N,59,1,15406.82,0,2,0,3581.39,14314.38,1.73
M0075124,N,38,1,18260.96,1,2,0,5887.13,18349.46,1.01
M0075125,N,42,1,23920.8,0,2,1,1309.84,20467.05,0.09
M0075126,N,58,0,11778.79,0,0,0,2811.96,14316.4,2.21
M0075127,N,54,0,15239.8,0,2,0,3399.42,15628.08,1.25
M0075128,N,74,0,3730.5,0,0,0,2006.0,2278.84,1.33
M0075129,N,27,1,5289.28,0,0,1,824.88,5632.52,0.35
M0075130,N,22,0,3964.79,0,1,0,1466.06,2835.07,1.59
M0075131,N,49,1,5199.42,0,1,1,1850.54,2717.55,1.81
M0075132,N,75,0,15101.32,1,0,0,6204.89,7844.6,2.81
M0075133,N,60,2,14641.81,0,0,1,5214.99,7992.81,0.2
M0075134,N,57,2,26750.8,0,1,0,17125.96,15821.19,1.92
M0075135,N,66,2,6072.78,0,0,0,1884.69,3158.22,1.56
M0075136,N,35,1,6586.28,0,0,0,1257.41,4935.26,2.45
M0075137,N,63,2,5553.98,0,3,0,1583.54,2849.15,2.14
M0075138,N,54,1,7255.72,0,0,0,2622.79,8907.3,1.52
M0075139,N,55,2,8406.44,0,0,0,2391.29,11163.31,1.31
M0075140,N,52,1,7345.57,0,1,2,1847.97,4638.75,0.39
M0075141,N,43,2,3451.17,0,0,0,246.2,5621.64,0.86
M0075142,N,65,0,9988.64,1,0,0,4597.54,3946.86,1.3
M0075143,N,72,3,9823.14,0,1,0,4323.97,11154.5,0.83
M0075144,Y,37,5,207984.2,3,1,2,54415.78,182474.46,5.79
M0075145,N,23,1,35815.89,1,2,0,31823.95,8070.42,1.75
M0075146,N,19,0,11900.16,0,0,0,1506.85,16414.97,1.02
M0075147,N,52,0,5748.59,0,1,0,2399.01,6775.44,0.64
M0075148,N,53,0,10786.74,1,0,0,10485.04,6256.18,0.05
M0075149,N,26,0,6289.01,0,2,0,3890.37,2408.47,0.65
M0075150,N,49,2,6628.41,0,0,0,3395.08,2655.53,1.49
M0075151,N,50,0,12246.67,1,1,0,3002.51,6888.75,2.72
M0075152,N,74,2,8586.12,0,0,1,3842.91,4377.81,0.0
M0075153,N,23,2,3353.48,1,0,0,654.61,3981.74,0.53
M0075154,N,80,0,7763.2,0,1,0,1231.17,7019.11,1.75
M0075155,Y,74,6,257251.59,5,5,5,149750.15,176650.12,8.09
M0075156,N,46,0,20522.0,0,0,0,7717.47,15934.61,0.54
M0075157,N,27,2,11939.98,1,2,1,6253.91,6640.4,1.86
M0075158,N,59,0,4743.86,0,0,0,678.63,4568.82,0.56
M0075159,N,23,2,5885.86,0,0,0,1956.8,4823.7,0.0
M0075160,Y,62,3,136396.7,1,3,5,68485.0,71485.52,5.05
M0075161,N,37,1,18660.0,0,2,1,5978.37,9422.05,0.49
M0075162,N,41,1,5087.79,0,1,0,2876.9,2178.16,1.52
M0075163,N,21,2,4254.33,0,0,0,1761.29,3045.35,0.37
M0075164,N,33,1,39511.82,1,0,0,4297.69,26675.55,1.97
M0075165,N,30,0,6374.06,0,1,1,5159.27,4458.38,1.33
M0075166,N,25,0,10771.73,0,0,0,4680.43,6362.46,2.22
M0075167,N,64,1,4709.25,0,2,2,2850.38,4746.35,2.19
M0075168,N,70,0,26802.48,0,1,1,8672.42,20613.61,1.78
M0075169,N,49,2,10771.12,0,1,0,1269.36,15347.71,1.33
M0075170,Y,43,5,332976.35,5,7,10,145737.39,164793.87,7.98
M0075171,N,77,0,4983.17,0,0,0,4977.24,3862.24,0.04
M0075172,N,70,2,21416.2,0,0,1,6762.32,17492.7,2.78
M0075173,N,69,0,7476.27,2,0,0,2395.28,4611.53,0.0
M0075174,N,64,1,10696.38,1,0,1,1714.08,7009.67,1.68
M0075175,N,52,1,6153.42,0,2,0,1723.7,3482.87,1.6
M0075176,N,54,1,7238.01,0,0,0,1396.76,4653.79,0.67
M0075177,N,18,0,12903.42,0,1,0,2130.61,15164.27,0.0
M0075178,N,71,2,16085.32,1,2,0,3727.35,13704.21,2.24
M0075179,N,34,1,22991.92,0,0,0,5569.05,13358.32,1.37
M0075180,N,23,0,29051.65,1,0,1,1453.2,23492.89,0.85
M0075181,N,26,1,3684.58,0,0,1,688.85,5228.14,1.06
M0075182,N,35,1,7641.06,0,1,0,2613.69,5601.99,0.0
M0075183,N,40,0,26827.37,1,1,4,3155.77,19027.41,2.93
M0075184,N,52,0,8125.1,0,1,1,1451.41,9198.16,0.91
M0075185,N,79,0,11882.55,0,0,0,2581.03,7079.45,2.39
M0075186,N,38,3,8283.94,1,0,1,1691.51,11983.4,0.88
M0075187,N,19,1,25440.43,0,1,0,10102.85,10211.95,1.08
M0075188,N,80,0,7781.73,0,2,0,4935.66,2399.3,1.18
M0075189,N,33,2,20146.97,1,1,0,2825.52,27596.72,1.08
M0075190,N,77,0,10654.34,1,0,0,6916.87,9363.27,1.72
M0075191,N,53,0,3296.53,0,0,0,934.45,3016.75,0.0
M0075192,N,67,0,10865.68,0,0,1,2449.71,6842.27,0.94
M0075193,Y,67,7,179162.77,2,2,1,39933.83,152225.69,5.74
M0075194,N,76,1,4740.08,0,0,0,3083.81,4028.65,0.07
M0075195,N,50,0,10637.85,0,0,0,1354.05,9758.86,0.0
M0075196,N,77,0,15526.11,0,0,1,1319.85,13645.89,1.37
M0075197,N,30,0,3960.52,1,0,0,1692.54,2289.72,1.35
M0075198,N,20,1,6705.4,0,0,0,4534.35,3635.39,0.09
M0075199,N,33,2,43231.23,1,1,2,7828.52,28301.94,1.36
M0075200,N,22,1,9917.92,1,0,2,3146.59,7426.91,0.98
M0075201,N,67,0,2562.92,0,1,0,189.28,3262.19,1.12
M0075202,N,77,2,14102.51,0,2,1,4086.8,9585.36,0.06
M0075203,N,38,1,25191.53,0,3,1,8681.55,18708.3,2.25
M0075204,N,77,1,19838.27,0,1,0,4331.3,11524.76,2.19
M0075205,N,46,1,13713.53,0,0,1,5268.84,14668.42,2.01
M0075206,N,45,2,14316.2,1,0,0,5837.08,14519.04,2.96
M0075207,N,71,0,21127.94,1,0,0,18162.1,13754.73,2.8
M0075208,N,52,2,21452.02,0,0,0,2081.73,19712.69,1.47
M0075209,N,68,0,10444.51,0,2,0,2831.73,7269.37,2.7
M0075210,N,30,2,8543.37,0,1,1,2985.45,11164.86,0.76
M0075211,N,30,1,21756.08,0,1,0,3476.16,25644.75,1.64
M0075212,N,19,0,25085.28,0,1,0,11021.04,11687.24,2.26
M0075213,N,23,3,10619.67,0,0,1,4878.01,7959.35,1.31
M0075214,N,63,0,4210.98,0,1,0,1868.42,5320.72,0.26
M0075215,N,59,2,5051.2,0,0,1,1531.47,5383.04,0.1
M0075216,N,68,1,2570.87,0,1,1,1905.54,1631.58,0.02
M0075217,N,70,2,5595.5,1,1,1,3250.25,5804.37,0.56
M0075218,N,60,1,8204.66,1,0,1,1924.86,5394.04,1.27
M0075219,N,47,1,4870.01,0,1,0,1380.12,5213.27,0.61
M0075220,N,32,2,33252.7,0,0,1,4722.14,26619.18,4.16
M0075221,N,45,1,3470.06,0,0,0,808.62,2162.91,1.09
M0075222,N,57,0,5456.05,0,0,0,1212.19,3411.03,0.78
M0075223,N,70,1,2422.09,0,1,0,1165.72,2838.18,0.45
M0075224,N,35,0,11556.23,0,0,0,669.94,8826.97,1.43
M0075225,N,54,2,7133.49,1,0,0,1763.76,8657.02,0.91
M0075226,N,70,1,17866.68,0,0,0,657.98,13581.4,0.99
M0075227,N,66,1,7449.42,1,1,0,322.56,9392.02,1.18
M0075228,N,34,0,19091.75,0,0,0,1773.51,22151.81,0.43
M0075229,N,40,1,6463.91,0,0,0,1981.83,8256.14,0.0
M0075230,N,54,0,3015.53,0,0,0,1159.98,3304.27,0.0
M0075231,N,33,2,9328.17,0,1,1,3467.95,12184.72,2.02
M0075232,N,61,1,16781.35,1,1,1,4890.45,20180.18,2.44
M0075233,N,38,2,11323.16,1,0,0,2744.58,10613.21,1.49
M0075234,N,69,0,9096.6,0,1,0,3157.24,7706.35,0.79
M0075235,N,76,1,9448.3,0,0,0,2864.2,7236.83,0.0
M0075236,N,42,0,3880.75,0,0,0,819.12,3500.61,0.16
M0075237,N,40,1,13387.82,1,1,0,2663.82,9938.48,1.7
M0075238,N,44,0,5990.82,0,0,0,1991.93,5836.7,1.59
M0075239,N,23,1,8909.21,0,0,0,1336.14,13263.24,2.22
M0075240,N,75,1,3518.55,0,1,0,876.84,2672.25,0.07
M0075241,N,38,2,8934.16,0,1,0,2610.08,9824.43,0.07
M0075242,N,31,2,17200.5,0,0,0,8394.0,22036.55,2.58
M0075243,N,53,0,8545.54,0,0,0,1458.97,6921.08,0.0
M0075244,N,48,0,19743.85,0,2,0,1618.59,18470.25,3.31
M0075245,N,72,1,8596.87,0,0,0,1364.2,5453.68,0.9
M0075246,N,62,0,4433.57,0,0,0,312.54,6357.37,2.7
M0075247,N,46,1,13051.0,0,1,0,1465.09,17279.65,1.57
M0075248,N,60,0,9324.38,0,0,0,7675.86,4758.71,0.21
M0075249,N,56,0,8705.08,0,1,0,2564.05,5031.94,0.45
M0075250,N,43,1,16715.99,0,1,1,4137.04,10056.1,2.14
M0075251,N,20,0,3897.59,1,0,0,2330.1,4224.33,1.25
M0075252,N,47,0,13373.14,0,1,0,5345.27,12681.71,1.55
M0075253,N,75,3,11285.31,1,1,0,3745.11,5552.94,0.87
M0075254,N,47,0,20017.28,0,2,0,1522.84,19848.08,1.94
M0075255,N,49,2,8629.91,0,1,1,4427.71,9799.91,1.67
M0075256,N,61,1,3577.26,0,0,1,1988.64,3229.17,0.47
M0075257,N,65,2,22165.31,0,1,1,4724.07,18718.37,3.26
M0075258,N,22,4,23699.38,0,1,0,28445.36,11162.55,1.86
M0075259,N,46,1,27450.65,0,2,0,1797.94,23120.24,2.66
M0075260,N,58,1,18458.83,0,1,0,2494.62,18841.59,1.4
M0075261,N,68,1,5980.94,1,0,0,2161.87,3351.6,0.62
M0075262,N,60,1,14350.22,0,0,0,5772.35,8559.12,1.6
M0075263,N,46,1,4635.25,1,0,0,2394.9,3896.49,0.8
M0075264,N,21,0,12731.9,0,0,1,3976.26,8954.59,0.4
M0075265,N,64,0,4539.06,0,0,1,1010.3,4393.49,1.79
M0075266,N,48,2,21767.83,0,0,0,1128.62,17888.27,1.33
M0075267,N,20,0,18055.22,1,0,0,13241.92,6857.38,1.28
M0075268,N,45,1,6083.08,0,1,0,3744.91,4652.72,2.02
M0075269,N,48,3,18699.47,0,1,0,3571.8,14390.86,0.93
M0075270,N,25,2,36299.16,0,1,0,13252.46,44952.11,1.91
M0075271,N,67,0,19360.92,0,1,0,5401.39,10234.96,1.55
M0075272,N,64,2,6568.49,0,1,0,1658.3,4466.93,0.74
M0075273,N,73,2,16171.24,0,0,0,4329.57,8506.67,0.95
M0075274,N,20,0,7631.6,0,0,0,1003.92,6424.88,1.49
M0075275,N,36,0,5846.86,0,0,1,3442.7,6527.29,1.74
M0075276,N,67,0,2500.67,0,0,0,1418.4,2885.17,0.26
M0075277,N,29,0,8247.6,0,0,0,3366.95,4021.47,1.47
M0075278,N,51,4,67914.29,0,2,0,34485.06,21185.76,2.64
M0075279,N,48,1,10135.43,0,0,0,3366.41,9153.98,1.11
M0075280,N,23,0,13848.74,0,1,0,6079.04,7690.6,1.11
M0075281,N,55,1,18268.1,0,1,0,8664.5,9189.03,0.32
M0075282,N,31,0,7706.45,0,2,0,3046.07,5751.04,0.84
M0075283,N,77,1,25036.79,1,1,0,2733.56,17205.66,1.47
M0075284,N,30,0,8563.44,0,0,0,5206.69,1539.73,0.86
M0075285,N,34,0,7096.77,0,0,0,4775.6,2064.32,1.12
M0075286,N,74,0,3412.88,0,0,0,1191.72,4930.44,0.68
M0075287,N,67,0,22236.41,0,0,0,3723.71,22731.07,2.25
M0075288,N,28,0,11517.21,0,0,1,989.68,10531.02,0.0
M0075289,N,58,2,28102.47,0,0,0,4598.86,28846.75,0.56
M0075290,N,78,2,23089.61,1,0,1,4564.67,13728.16,1.62
M0075291,N,22,0,9325.86,1,0,0,1778.97,6571.72,1.61
M0075292,N,36,0,7317.12,0,1,0,468.32,7297.19,1.51
M0075293,N,72,1,41094.24,0,0,0,1024.93,41167.82,1.32
M0075294,N,23,0,9850.92,0,2,0,3382.53,5791.84,0.27
M0075295,N,31,2,16716.8,0,0,0,916.33,16207.13,0.0
M0075296,N,48,0,2765.23,0,0,0,355.4,3892.54,0.0
M0075297,N,70,0,8784.12,0,0,0,4175.06,6356.77,0.08
M0075298,N,71,1,10627.34,0,1,0,1369.9,9858.35,0.94
M0075299,N,38,2,16289.24,1,1,0,3338.77,24131.14,2.08
M0075300,N,58,0,4253.54,0,0,0,1042.77,3689.67,1.19
M0075301,N,46,0,4125.51,0,0,0,808.67,3888.97,1.11
M0075302,N,71,2,8963.5,0,0,0,2849.41,4320.35,2.22
M0075303,Y,47,6,142724.1,3,2,1,33158.25,103396.98,2.0
M0075304,N,21,0,7371.77,1,1,0,1809.09,4030.13,0.0
M0075305,N,44,1,16317.85,0,1,0,3991.8,19152.8,0.91
M0075306,N,28,0,3696.39,0,0,0,2130.48,2112.73,0.06
M0075307,N,29,1,19315.35,0,0,1,1826.49,15913.49,2.74
M0075308,N,40,0,4000.62,0,0,0,2588.88,3151.59,0.0
M0075309,N,62,0,4351.19,0,1,0,1893.37,5845.97,0.91
M0075310,N,56,1,19734.4,1,1,0,7040.85,18221.75,1.34
M0075311,N,65,1,13078.69,0,0,1,1193.26,11778.66,2.4
M0075312,N,27,2,13497.84,0,0,0,4401.47,8105.66,0.0
M0075313,N,51,1,7476.39,0,0,0,1256.07,11622.72,0.31
M0075314,N,60,2,31894.9,0,0,0,22740.75,4332.37,1.43
M0075315,N,49,1,6426.64,0,0,2,2628.23,2797.16,1.23
M0075316,N,67,0,4992.02,0,0,0,1915.56,5324.3,0.87
M0075317,N,22,1,6324.61,0,0,0,530.98,9089.97,0.0
M0075318,N,58,2,25596.48,0,0,2,4998.21,16659.03,1.35
M0075319,N,25,0,4613.77,0,1,0,877.36,4370.82,0.27
M0075320,N,68,0,28959.24,0,2,0,3857.4,22734.29,1.28
M0075321,N,67,0,12183.47,0,0,0,1024.71,13195.99,0.0
M0075322,N,43,1,16686.74,0,1,0,5728.52,8271.54,0.95
M0075323,N,45,1,16552.58,0,1,0,1951.44,13312.16,2.8
M0075324,N,79,1,22462.07,0,2,0,2358.93,15268.04,2.04
M0075325,N,28,0,10789.1,0,1,0,4783.33,9300.83,2.07
M0075326,N,64,1,18462.37,0,1,0,3603.15,12300.9,1.95
M0075327,N,59,1,22002.42,1,0,0,11274.09,15169.7,1.93
M0075328,N,35,0,3790.88,0,0,1,1528.41,2988.29,0.36
M0075329,N,58,0,13446.44,0,1,1,7004.45,6103.9,0.23
M0075330,N,72,1,10053.89,0,0,0,1977.25,7198.84,0.56
M0075331,N,80,3,34306.19,0,1,2,11658.1,24667.67,1.89
M0075332,N,51,1,5258.93,0,1,0,2304.66,4145.37,0.82
M0075333,N,62,1,11979.14,0,1,1,2335.52,7592.88,0.0
M0075334,N,37,2,3016.48,0,0,1,887.87,1715.15,0.5
M0075335,N,40,1,2050.44,0,1,0,597.71,1655.51,1.36
M0075336,N,28,1,14645.15,0,2,0,1499.26,13549.94,1.09
M0075337,N,30,1,28078.33,1,1,0,12196.01,25136.2,2.96
M0075338,N,68,1,8947.8,0,1,0,1572.08,7302.83,1.68
M0075339,N,30,0,8378.17,1,1,1,2032.62,7673.3,2.19
M0075340,N,73,1,25991.54,0,2,1,2936.25,21997.91,1.53
M0075341,N,70,0,16606.23,0,2,0,20166.39,7017.73,3.19
M0075342,N,25,2,14628.08,0,2,0,5599.44,14565.35,1.37
M0075343,N,30,1,8284.12,0,0,0,3382.59,6759.39,1.04
M0075344,N,77,2,27136.9,0,1,0,2934.1,23305.42,3.8
M0075345,N,33,3,4021.83,0,1,2,1342.84,2052.32,2.17
M0075346,N,71,0,14441.8,0,3,0,5433.73,8095.44,1.78
M0075347,N,50,2,10520.13,1,0,0,2644.06,8830.33,1.34
M0075348,N,56,0,10113.55,0,0,0,1601.2,11080.94,1.46
M0075349,N,36,0,12300.13,0,1,0,10153.15,2789.66,2.11
M0075350,N,61,5,31718.74,2,0,0,5334.64,20977.88,1.27
M0075351,N,64,2,5555.47,0,0,0,2002.5,8096.54,0.22
M0075352,N,56,1,15839.87,0,1,0,4255.01,8350.93,2.19
M0075353,N,43,0,5016.67,0,2,0,1719.15,3789.73,0.2
M0075354,N,65,0,12530.47,0,0,0,6724.33,11197.0,1.24
M0075355,N,69,0,1918.53,0,1,0,1098.93,1570.58,0.0
M0075356,N,39,2,17448.47,0,0,1,1012.28,12649.02,1.71
M0075357,N,37,1,14075.75,0,2,0,5638.14,5669.06,0.71
M0075358,N,46,2,45451.77,0,2,1,15441.99,23246.77,1.54
M0075359,N,71,0,10456.37,0,2,0,5638.77,7703.87,1.27
M0075360,N,55,0,9874.99,0,0,2,3583.07,10525.04,0.54
M0075361,N,33,2,21884.26,1,0,1,9021.59,11442.42,1.74
M0075362,N,63,1,2528.38,1,1,0,624.82,2468.75,0.42
M0075363,N,40,0,11939.5,0,0,0,2509.41,17863.76,0.61
M0075364,N,79,0,6551.24,0,1,0,2199.11,4779.51,1.14
M0075365,Y,68,5,349488.06,5,5,4,148565.94,222913.92,6.3
M0075366,N,72,1,7272.23,0,0,0,2755.81,5067.15,1.61
M0075367,N,62,1,10176.31,0,0,0,6402.93,5500.48,1.27
M0075368,N,78,1,4689.91,0,0,0,2454.92,4023.07,0.0
M0075369,N,75,0,49597.04,0,1,0,10486.1,49099.17,0.04
M0075370,N,20,1,6917.32,1,1,2,3459.43,4815.81,1.15
M0075371,N,30,0,13363.79,0,1,0,5947.22,10848.8,0.75
M0075372,N,72,1,8372.71,1,1,0,5247.57,8904.65,0.75
M0075373,N,74,1,8686.44,0,0,1,7040.62,6681.1,0.87
M0075374,N,33,2,3412.42,1,0,1,3750.36,2445.28,0.33
M0075375,N,79,2,25127.05,0,0,0,9050.0,12078.05,0.88
M0075376,N,31,1,13325.65,0,2,1,5252.12,11506.71,0.82
M0075377,N,47,1,8444.16,0,1,0,3328.84,5126.1,0.0
M0075378,N,72,0,9859.2,0,1,0,5943.56,9014.35,2.31
M0075379,N,69,1,7893.18,0,1,0,3604.68,9068.86,1.24
M0075380,N,78,0,2569.52,0,0,0,932.37,2467.76,0.84
M0075381,N,46,2,8711.91,0,0,0,7506.2,3799.74,2.16
M0075382,N,58,2,92281.4,0,2,0,7365.24,107906.35,1.17
M0075383,N,28,1,5250.2,1,1,0,1410.22,4457.83,0.94
M0075384,N,63,0,7211.19,0,0,0,2356.81,6784.03,2.11
M0075385,N,38,0,6793.91,0,1,0,3525.62,5635.98,1.62
M0075386,N,35,1,22562.7,0,0,1,4462.63,14662.38,0.96
M0075387,N,50,2,5153.16,0,0,0,2816.33,2108.37,0.41
M0075388,N,18,2,14350.43,0,0,0,1887.98,20797.82,1.9
M0075389,N,65,2,2961.0,0,0,0,1029.32,1779.83,1.3
M0075390,N,71,2,20278.13,1,1,0,5953.28,19962.86,1.58
M0075391,Y,63,3,193711.32,3,6,6,85632.3,143845.67,6.11
M0075392,N,28,1,18006.17,0,1,0,4353.96,10924.87,1.36
M0075393,N,78,0,7171.52,0,0,0,2727.21,7196.8,1.12
M0075394,N,68,0,12226.94,0,1,0,2436.84,13121.82,0.83
M0075395,N,79,1,10334.25,0,0,0,1158.06,7071.53,0.52
M0075396,N,39,0,5367.42,0,1,1,2048.26,2791.49,0.63
M0075397,N,64,1,14204.89,0,0,0,4520.07,8183.76,0.11
M0075398,N,60,0,1201.41,1,0,0,893.38,1135.15,0.12
M0075399,N,22,0,23475.42,0,0,1,1571.94,19462.73,1.05
M0075400,N,64,1,11157.69,0,0,0,963.27,8383.87,0.79
M0075401,N,62,1,15002.08,0,1,2,7705.67,5290.56,2.4
M0075402,N,46,3,11829.85,0,1,1,2238.28,11392.56,2.18
M0075403,Y,80,5,165380.41,2,1,1,58471.31,96125.97,3.5
M0075404,N,24,0,1881.25,0,0,0,594.92,2137.0,0.33
M0075405,N,59,0,25931.92,0,1,0,3227.34,19248.45,1.08
M0075406,N,22,0,16351.39,0,2,0,5448.13,11020.96,1.96
M0075407,N,61,0,4210.46,0,1,0,1794.76,3326.7,1.07
M0075408,N,63,2,17079.94,0,0,0,712.39,17040.49,1.31
M0075409,N,63,0,3485.81,0,1,1,608.6,4479.89,0.0
M0075410,N,47,2,42834.9,0,2,0,8760.31,31215.19,2.05
M0075411,N,24,1,21782.98,0,0,0,2390.54,16712.3,1.53
M0075412,N,29,0,3029.6,0,1,0,721.2,2658.99,1.76
M0075413,Y,39,3,260326.33,1,2,4,142823.2,98588.93,2.14
M0075414,N,29,0,5965.36,0,1,0,2066.05,2657.26,1.07
M0075415,N,33,2,6704.74,0,1,0,3026.03,2382.96,0.88
M0075416,N,39,1,14089.65,1,0,1,1362.3,21636.35,0.23
M0075417,N,27,0,10844.61,0,1,0,4039.28,5806.61,0.36
M0075418,N,54,0,10445.53,1,2,2,2622.99,6317.31,1.44
M0075419,N,61,0,2396.04,0,1,0,170.69,2347.86,1.02
M0075420,N,34,1,7765.61,0,1,0,3233.52,9189.81,0.37
M0075421,N,20,0,13689.52,1,0,1,2247.36,9381.02,0.46
M0075422,N,47,2,6311.58,0,3,0,1814.88,8333.52,0.28
M0075423,N,60,0,6012.71,0,1,0,1462.07,6896.2,0.64
M0075424,N,56,0,11784.48,0,0,0,7479.97,4227.17,1.12
M0075425,N,19,0,16886.4,1,1,0,11626.6,13931.72,0.85
M0075426,N,54,1,7257.34,1,1,0,4494.48,6652.58,2.17
M0075427,N,26,0,6186.35,0,2,0,1048.77,4528.26,0.38
M0075428,N,61,0,31451.37,2,1,1,3195.6,45350.47,2.69
M0075429,N,65,1,32648.8,0,1,1,2828.41,28096.7,2.01
M0075430,N,41,0,16848.98,0,0,0,3254.8,11548.11,0.2
M0075431,N,49,1,37803.17,0,1,1,1509.66,33973.58,0.6
M0075432,N,40,0,10731.48,0,0,1,696.77,8587.11,0.14
M0075433,N,62,1,8796.47,0,0,0,4087.81,8540.81,0.81
M0075434,N,72,0,3555.44,0,0,0,825.65,3259.94,0.1
M0075435,N,29,1,9786.74,0,1,0,2193.67,7107.1,1.84
M0075436,N,31,1,22102.1,0,1,0,9757.03,7916.52,1.03
M0075437,N,39,1,39766.27,0,1,1,40025.65,7295.64,0.06
M0075438,N,21,0,13285.53,0,0,2,3816.4,7400.48,1.12
M0075439,N,50,0,7050.7,1,1,0,1009.54,9101.35,0.0
M0075440,N,47,1,3434.23,1,0,0,1936.37,2658.03,0.0
M0075441,N,39,1,16637.45,0,0,0,7859.87,19965.12,0.61
M0075442,N,24,2,7124.55,0,0,0,2166.26,5348.8,1.56
M0075443,N,64,0,8580.66,0,1,0,3830.32,5551.88,1.95
M0075444,Y,43,6,248167.24,2,4,1,161106.69,121231.93,3.55
M0075445,N,55,0,5204.03,0,1,0,1823.68,5737.95,1.14
M0075446,N,63,0,3929.16,0,0,0,676.46,6292.78,0.21
M0075447,N,66,0,10352.72,0,0,0,2672.04,6529.11,0.85
M0075448,N,32,0,5258.52,0,0,0,707.25,6890.59,0.46
M0075449,N,70,0,10413.1,0,1,0,965.93,10483.34,1.24
M0075450,N,23,2,21268.93,1,1,1,16031.21,21615.12,2.13
M0075451,N,60,4,14434.76,0,0,0,1974.16,17009.81,1.19
M0075452,N,58,1,2892.22,1,0,1,1342.27,1376.9,0.88
M0075453,N,76,0,8035.75,0,1,0,2843.16,4547.15,0.19
M0075454,N,42,1,17472.41,0,0,2,3716.64,20450.71,1.58
M0075455,N,61,1,16175.75,1,0,0,2551.37,14810.47,0.0
M0075456,N,27,1,5122.77,0,1,1,1691.85,4633.76,0.79
M0075457,N,45,0,8868.12,1,2,0,2735.5,6887.53,0.87
M0075458,N,20,0,8269.52,0,2,1,1610.4,10477.46,0.37
M0075459,N,71,3,42526.98,1,2,0,5493.8,27737.09,2.19
M0075460,N,64,1,16414.16,0,0,0,3110.76,12720.64,1.87
M0075461,N,44,1,8288.5,0,3,0,991.07,8394.25,0.79
M0075462,N,54,2,3949.1,0,1,0,1095.12,4232.25,1.19
M0075463,N,77,1,5696.96,0,0,0,2993.35,3998.11,0.86
M0075464,N,75,0,19298.62,0,1,0,1552.68,16128.84,0.57
M0075465,N,42,1,3338.71,0,0,0,1657.67,3994.4,1.43
M0075466,N,65,0,5793.69,0,0,0,1467.95,4322.75,0.0
M0075467,N,52,0,7900.33,0,0,1,1070.92,11595.99,0.22
M0075468,N,26,0,18902.58,0,0,0,1463.83,26348.75,1.26
M0075469,Y,86,5,248603.55,4,1,4,81130.41,135154.85,2.07
M0075470,N,49,0,6295.89,1,1,0,2526.09,2883.34,0.26
M0075471,N,66,2,6535.87,0,1,0,1498.94,7685.18,1.27
M0075472,N,26,1,5288.19,0,0,0,797.87,5241.68,0.0
M0075473,N,77,1,8323.43,0,1,1,1647.75,11437.75,1.5
M0075474,N,73,0,10292.42,1,1,2,5422.57,11361.25,1.2
M0075475,N,58,2,11162.88,0,0,0,2300.02,10104.36,0.72
M0075476,N,50,2,22979.96,1,0,0,8341.93,26163.18,2.26
M0075477,N,53,2,15183.37,0,1,0,15275.19,11312.84,0.84
M0075478,N,45,1,16696.92,0,1,1,6451.83,7410.86,1.3
M0075479,N,25,1,16075.73,0,1,0,3558.47,11068.34,0.15
M0075480,N,30,0,6184.72,0,0,0,1973.17,4689.29,0.67
M0075481,N,20,3,12198.4,1,3,1,1646.67,9846.28,2.9
M0075482,N,30,3,13159.2,1,0,0,4865.11,17872.15,1.69
M0075483,N,33,1,4747.96,0,1,1,3156.43,3753.96,1.58
M0075484,N,68,1,12477.86,0,0,0,5464.87,12466.13,1.17
M0075485,N,71,0,19940.78,2,1,0,6050.49,18487.04,1.71
M0075486,Y,82,6,203405.17,2,2,1,112551.86,123882.82,5.07
M0075487,N,60,1,23943.13,2,1,0,5395.41,26992.95,0.59
M0075488,N,52,0,9228.87,0,0,0,4646.08,4036.93,0.34
M0075489,N,52,0,4608.73,1,0,0,862.85,4767.58,1.52
M0075490,N,53,1,29024.6,0,0,0,3287.59,48259.8,2.06
M0075491,N,22,1,6767.29,0,1,0,2806.19,6550.43,0.29
M0075492,N,34,0,4229.06,0,0,0,1505.38,2656.89,1.58
M0075493,N,21,1,13955.36,0,1,0,4274.44,6675.69,1.1
M0075494,N,60,0,13021.01,0,0,0,2393.67,11305.52,1.21
M0075495,N,53,1,15379.14,1,1,1,4902.29,7191.48,1.63
M0075496,N,37,0,6266.71,0,2,1,4920.62,4399.99,0.0
M0075497,N,35,1,12382.96,0,0,0,5532.0,8346.52,1.02
M0075498,N,60,0,9495.35,0,0,1,1757.24,11323.08,1.53
M0075499,N,55,4,11558.18,0,1,0,6191.37,14241.8,1.56
M0075500,N,29,0,7932.34,1,2,0,4474.2,2351.96,2.28
M0075501,N,44,3,6258.9,1,0,0,2370.1,4987.69,0.36
M0075502,N,56,0,9721.98,0,0,1,3384.61,10662.1,0.59
M0075503,N,47,1,48218.41,0,1,0,2852.03,37529.55,0.35
M0075504,N,27,1,10980.84,0,0,0,1608.99,8942.24,1.03
M0075505,N,74,2,7042.32,0,1,0,4006.45,3516.35,0.45
M0075506,N,38,0,14237.62,1,0,0,1656.62,10138.98,1.36
M0075507,N,76,1,2527.16,0,0,0,1124.29,2805.12,0.0
M0075508,N,30,1,11953.03,0,2,2,2801.2,9944.74,1.95
M0075509,N,72,0,3624.05,1,0,1,710.83,3677.39,1.33
M0075510,N,58,1,7981.68,0,1,0,3905.97,3617.6,0.88
M0075511,N,43,1,8983.28,0,0,0,2033.51,6790.42,1.57
M0075512,N,45,2,10027.73,0,1,0,2429.43,7842.48,1.72
M0075513,N,57,1,24189.62,1,2,0,17906.36,2809.35,0.97
M0075514,Y,43,3,145835.4,1,1,3,36121.4,85611.2,4.22
M0075515,N,60,2,5837.79,0,1,0,2280.91,5150.41,0.99
M0075516,Y,82,6,321428.31,3,3,4,102705.16,213546.96,6.23
M0075517,N,39,2,6715.99,1,0,0,1518.39,10318.1,1.44
M0075518,N,60,3,5748.83,1,0,0,4659.86,3482.62,2.58
M0075519,N,18,0,15068.83,1,1,1,6382.35,9254.08,1.49
M0075520,N,38,0,25071.87,0,1,0,2972.38,24501.09,2.1
M0075521,N,64,1,10531.09,0,1,0,5587.4,5418.95,0.92
M0075522,N,59,2,19600.4,0,0,2,5206.44,11937.62,0.91
M0075523,N,70,1,10282.72,1,1,1,3775.73,5670.79,0.68
M0075524,N,44,0,22306.03,0,2,0,21881.31,7571.94,0.69
M0075525,N,75,1,10940.84,0,0,0,5805.83,7152.46,0.37
M0075526,N,49,1,7787.42,0,0,1,2185.49,10138.65,1.4
M0075527,N,77,3,11267.02,0,2,0,2403.83,10131.0,2.54
M0075528,N,56,1,13589.51,0,2,0,8971.9,3155.31,1.07
M0075529,N,24,2,5427.67,1,0,2,845.15,6137.03,0.28
M0075530,N,50,1,4575.54,0,1,0,2105.28,5417.54,0.33
M0075531,N,74,1,7076.85,0,2,0,2365.36,8932.06,1.87
M0075532,N,18,1,35055.35,1,0,1,3963.43,27586.81,0.93
M0075533,N,49,4,26192.98,0,2,1,7764.86,30604.6,1.14
M0075534,N,25,0,5730.2,0,1,0,1072.12,6639.98,0.0
M0075535,N,68,0,11928.79,0,1,0,4861.14,12687.76,2.22
M0075536,N,21,0,14445.34,1,0,0,1755.95,14910.7,0.95
M0075537,N,54,1,7012.24,0,0,0,764.23,4991.84,0.37
M0075538,N,56,0,10073.16,0,0,0,2678.16,5211.73,0.84
M0075539,N,47,0,6030.85,0,0,0,2106.52,8727.18,1.43
M0075540,N,39,0,9779.95,0,0,1,4385.36,7650.92,1.12
M0075541,N,45,1,12216.52,0,2,0,4307.0,13223.02,1.35
M0075542,N,29,2,18907.62,0,2,1,6779.58,13723.44,1.9
M0075543,N,38,0,5403.73,0,0,0,622.77,3668.58,0.82
M0075544,N,58,1,7776.05,1,1,0,2837.93,4578.71,0.9
M0075545,Y,51,6,172997.78,3,1,1,98061.85,121360.09,3.96
M0075546,N,60,0,4109.88,0,0,1,1398.78,4616.87,0.34
M0075547,N,68,2,21162.45,0,1,0,3105.14,15653.4,0.08
M0075548,N,57,1,43700.55,0,1,0,9491.14,25438.57,2.14
M0075549,N,50,2,5972.13,0,0,1,2012.45,2887.38,1.22
M0075550,N,23,3,5402.15,0,1,0,1904.13,3141.33,1.55
M0075551,N,32,1,27555.47,0,0,1,1893.97,20522.51,1.46
M0075552,N,67,3,12882.18,0,0,0,13014.02,6445.92,0.46
M0075553,N,66,0,7439.34,1,0,0,4897.39,3086.97,0.72
M0075554,N,58,0,17800.88,1,0,0,10425.13,12014.71,2.7
M0075555,N,40,1,14644.54,0,0,1,1528.02,18715.44,1.89
M0075556,N,62,3,4825.8,2,1,0,2041.16,6397.3,0.0
M0075557,N,39,1,19880.46,0,0,0,3514.78,13153.61,1.02
M0075558,N,19,1,12515.46,0,0,0,2493.69,14375.11,2.03
M0075559,N,75,0,13991.26,0,1,0,2016.8,8964.57,0.0
M0075560,N,55,1,8615.62,0,0,0,1852.88,5333.98,0.94
M0075561,N,69,1,4808.58,0,1,0,1611.31,3006.41,0.99
M0075562,N,63,1,9515.37,0,1,0,1044.65,15057.98,2.03
M0075563,N,37,1,6828.24,0,0,0,2105.08,4783.14,0.63
M0075564,N,55,0,8058.85,0,2,0,1940.7,9370.06,1.65
M0075565,N,42,1,4933.36,0,0,1,3584.37,4276.76,2.13
M0075566,N,55,2,10384.24,0,0,0,2877.12,9927.73,1.76
M0075567,N,32,1,15067.45,0,1,0,11909.86,6767.16,1.08
M0075568,N,52,1,17333.48,0,1,0,1670.47,13281.57,1.74
M0075569,N,72,1,7706.1,0,1,0,1520.56,6368.62,0.0
M0075570,N,71,1,16614.29,0,1,0,8615.61,9274.58,1.86
M0075571,N,22,2,23181.46,0,1,0,1652.39,34740.4,0.0
M0075572,N,69,0,11799.33,0,0,0,2834.5,12532.63,0.61
M0075573,N,22,0,9832.05,0,0,0,2262.95,7739.69,1.22
M0075574,N,54,1,14093.85,0,0,0,1556.18,14185.93,0.44
M0075575,N,67,1,9353.34,0,0,0,1297.99,7151.86,0.01
M0075576,N,18,0,7933.32,1,2,0,4514.25,6553.85,1.89
M0075577,N,78,0,15241.21,1,2,0,9269.52,3976.34,1.0
M0075578,N,27,1,20594.22,2,3,0,4734.27,13619.42,2.18
M0075579,Y,49,3,291167.86,3,5,1,117046.54,132179.43,2.52
M0075580,N,76,1,25925.57,0,2,1,10479.56,11861.74,2.03
M0075581,Y,51,8,227094.85,2,3,1,112232.9,110374.52,3.17
M0075582,N,53,0,5595.9,0,0,0,2414.85,7513.93,1.33
M0075583,N,37,3,13863.98,0,2,0,4325.35,7295.92,1.53
M0075584,N,55,1,6841.63,0,2,0,2166.19,7799.23,0.86
M0075585,N,19,0,17597.11,0,0,0,3667.34,11891.55,1.92
M0075586,N,33,2,9307.41,0,0,1,612.2,7363.97,0.44
M0075587,N,80,0,15570.5,0,1,1,8873.66,8752.91,0.62
M0075588,N,29,2,15550.08,2,1,1,4609.43,8933.46,1.56
M0075589,N,49,1,5490.23,0,1,0,2776.71,4604.0,1.39
M0075590,N,27,1,20999.5,1,0,0,4332.06,17613.32,2.26
M0075591,N,22,1,18828.58,1,1,0,3018.32,20338.07,0.0
M0075592,Y,63,4,302924.66,3,2,2,63110.64,215581.58,7.25
M0075593,N,33,2,15578.69,0,0,1,3919.75,23879.44,0.86
M0075594,N,52,0,18739.33,0,3,0,6299.66,11803.86,0.0
M0075595,N,34,0,4320.37,0,0,0,700.61,4365.69,1.4
M0075596,N,29,0,2233.88,0,0,0,1108.03,1891.03,0.85
M0075597,N,37,1,15404.66,0,0,0,1724.02,16330.52,2.3
M0075598,N,24,1,18620.77,0,0,0,2615.26,14144.56,0.98
M0075599,N,63,1,21328.0,0,0,0,5548.99,13014.42,1.26
M0075600,Y,75,6,454577.63,4,3,5,479172.78,153911.17,5.1
M0075601,N,79,1,13687.4,2,0,0,7756.97,12296.4,2.05
M0075602,N,41,1,6395.67,0,0,0,2346.12,2880.56,0.73
M0075603,N,59,1,2981.6,0,0,0,2018.37,2366.52,0.68
M0075604,N,30,1,4852.71,0,1,0,3759.07,5014.66,1.03
M0075605,N,74,1,10125.41,0,1,0,2004.93,6441.21,1.06
M0075606,N,76,1,4233.88,0,0,0,521.91,4397.22,1.19
M0075607,N,25,0,20758.55,2,3,0,10470.99,14162.13,0.48
M0075608,N,60,1,4971.56,0,0,1,798.96,5215.59,0.0
M0075609,N,71,0,7030.15,0,0,1,2850.23,3509.23,1.14
M0075610,N,69,1,10335.13,0,0,0,2125.65,9617.42,1.63
M0075611,N,38,1,12125.63,0,1,0,2595.74,10260.36,1.6
M0075612,N,72,2,21206.69,0,0,1,2955.71,16857.46,1.56
M0075613,N,71,0,14732.36,0,0,1,3192.5,15266.58,1.64
M0075614,N,60,2,20156.83,0,2,0,11707.7,12006.52,2.39
M0075615,N,49,1,11396.3,0,2,0,3957.13,11569.67,0.35
M0075616,N,48,1,13157.42,0,1,1,4677.91,9292.89,1.4
M0075617,N,68,0,3595.37,0,1,1,1244.59,2813.69,0.66
M0075618,N,80,1,7511.55,0,1,0,8308.18,3480.03,0.19
M0075619,N,38,0,7869.34,0,1,0,3234.63,6677.37,0.0
M0075620,N,23,2,11210.36,0,2,0,7290.83,7763.13,0.84
M0075621,N,55,2,13207.49,1,1,0,7278.01,10870.24,1.08
M0075622,N,77,3,6960.29,1,1,1,3633.7,5251.4,1.0
M0075623,N,52,2,16082.57,0,1,0,6322.35,10139.0,0.0
M0075624,N,74,1,2720.27,0,0,0,2056.21,1873.07,0.31
M0075625,N,38,2,29781.64,0,0,0,28588.85,21255.07,1.44
M0075626,N,47,2,3269.7,0,0,0,1035.59,3566.89,0.37
M0075627,N,71,2,13719.6,0,0,0,1413.12,11085.33,1.39
M0075628,N,57,1,24070.23,1,1,0,5597.21,19989.42,1.44
M0075629,N,53,1,4828.71,0,1,0,997.02,3191.03,1.01
M0075630,N,32,0,6628.5,0,0,0,2829.69,2355.83,1.31
M0075631,N,71,2,14058.28,0,3,0,7458.97,9124.5,1.23
M0075632,N,56,2,6960.94,1,0,0,2319.58,7087.54,1.78
M0075633,N,23,0,4565.95,0,0,1,2734.66,3218.34,0.32
M0075634,N,24,0,6155.52,0,0,0,1406.26,8065.55,0.0
M0075635,N,23,0,23437.9,0,1,0,22464.89,12919.65,2.73
M0075636,N,54,0,5735.51,0,0,1,1698.95,7633.46,1.1
M0075637,N,77,1,21958.7,0,1,0,4309.29,17882.14,2.21
M0075638,N,64,2,42610.58,0,0,0,1505.87,36249.59,1.91
M0075639,N,57,1,8266.81,0,0,0,810.24,7094.58,0.72
M0075640,N,30,0,3392.13,0,0,0,1264.52,1960.42,1.93
M0075641,N,69,0,11382.11,1,0,0,2703.06,9112.28,0.48
M0075642,N,53,3,8256.03,0,1,0,1079.87,6412.81,0.0
M0075643,N,47,0,8340.05,0,2,2,4590.23,1935.98,0.25
M0075644,N,40,1,7136.04,0,1,0,1095.81,11434.55,1.59
M0075645,N,63,2,3605.46,0,0,0,761.87,2288.46,0.48
M0075646,N,56,0,14947.27,0,1,0,4466.11,12958.17,0.64
M0075647,N,44,1,6696.29,0,0,1,2892.97,4442.17,0.0
M0075648,N,45,1,8955.12,0,0,0,4055.23,3102.69,1.86
M0075649,N,72,1,2572.15,0,1,0,941.31,2293.29,1.0
M0075650,Y,40,4,192613.85,2,1,4,93053.68,113111.46,2.81
M0075651,N,56,3,5769.94,0,0,0,2540.25,2861.33,1.77
M0075652,N,77,1,44232.78,0,0,0,14094.8,40243.78,0.73
M0075653,N,48,1,17708.84,0,2,0,2945.43,15403.59,1.93
M0075654,N,22,0,8078.16,0,0,0,10793.95,3301.54,0.96
M0075655,N,70,4,49577.79,1,2,1,34506.75,27915.87,0.64
M0075656,N,26,0,20813.4,1,2,0,3310.84,18668.33,1.28
M0075657,N,52,2,4186.01,0,0,0,4079.66,1576.43,0.83
M0075658,N,57,1,7255.67,1,0,1,3093.97,8571.68,2.18
M0075659,N,31,1,12224.5,1,1,0,1857.04,9930.89,1.31
M0075660,N,25,1,7466.46,0,0,0,3930.47,5909.4,1.28
M0075661,N,20,3,5203.51,0,0,0,1740.37,2767.09,0.0
M0075662,N,21,1,16364.96,0,0,2,4554.12,12838.72,0.62
M0075663,N,76,0,5341.2,1,1,0,2085.89,2467.3,0.17
M0075664,N,19,1,10908.8,0,3,0,4389.67,7185.75,0.0
M0075665,N,38,0,39107.37,2,0,0,2926.65,32323.37,1.37
M0075666,N,37,0,2231.14,0,0,0,846.83,2170.2,0.84
M0075667,N,27,0,6797.38,0,1,0,2712.27,5314.45,0.89
M0075668,N,63,2,10296.05,0,1,1,6603.44,6231.0,1.5
M0075669,N,39,0,12596.0,0,1,0,1731.74,8303.55,2.47
M0075670,N,70,1,25950.47,0,1,1,1713.44,19025.44,0.35
M0075671,N,62,1,22055.2,0,1,0,5586.51,15778.09,0.73
M0075672,N,47,1,10218.88,1,1,0,1034.42,7311.68,0.0
M0075673,N,31,2,19961.39,1,2,1,3490.71,16060.36,1.77
M0075674,N,28,3,4045.38,0,2,0,3329.9,3929.64,2.38
M0075675,N,36,1,3306.76,0,0,0,2304.17,3373.51,0.0
M0075676,N,33,2,10926.79,1,0,1,3445.69,6049.07,0.07
M0075677,N,32,0,31636.09,0,0,1,18549.34,8360.72,2.96
M0075678,N,56,1,11676.01,0,1,0,6157.31,8230.97,2.1
M0075679,N,44,1,8105.67,0,1,1,3308.31,6339.21,0.0
M0075680,N,38,2,4300.43,0,0,0,2255.63,2266.31,0.65
M0075681,N,24,2,13419.9,0,1,0,4707.0,12166.44,0.84
M0075682,N,27,1,4229.5,0,0,1,2237.19,3031.77,0.0
M0075683,N,51,0,2675.2,0,0,0,208.86,2048.64,0.0
M0075684,N,76,1,5132.92,2,0,0,984.49,3187.73,0.43
M0075685,N,33,2,9183.41,0,2,1,6922.38,7168.3,1.67
M0075686,N,60,1,13807.87,0,2,0,9029.5,14269.17,2.0
M0075687,N,59,1,11863.19,1,0,0,4892.96,9258.11,0.46
M0075688,Y,67,6,179008.4,2,2,1,57861.47,117709.37,3.77
M0075689,N,31,0,21340.01,0,0,1,5732.7,13961.5,2.09
M0075690,N,58,0,4450.79,0,0,0,962.11,2717.65,0.67
M0075691,Y,41,3,251107.2,2,4,3,66472.86,182178.54,4.65
M0075692,N,78,1,5285.47,0,1,0,4282.62,2265.45,0.29
M0075693,Y,68,7,139495.99,4,1,1,52834.58,103419.51,5.23
M0075694,N,20,1,30273.32,0,2,0,1853.02,26671.69,0.57
M0075695,N,30,0,3269.53,0,1,0,618.88,2777.46,0.0
M0075696,N,44,1,8257.98,0,0,0,4352.22,7937.08,0.89
M0075697,N,56,0,11746.93,1,0,0,2830.73,9177.48,0.3
M0075698,N,47,0,16790.06,0,2,1,10912.25,3629.88,0.4
M0075699,N,41,1,9401.75,0,1,0,2383.02,5387.85,1.58
M0075700,N,40,1,17453.67,1,1,0,7390.22,8369.36,2.79
M0075701,N,59,1,10897.18,0,2,0,1453.41,12003.06,2.17
M0075702,N,59,1,14169.11,0,0,0,525.84,12958.15,0.82
M0075703,N,51,0,7333.52,0,0,0,1802.19,6737.17,1.73
M0075704,N,22,2,2742.05,0,0,0,633.44,3602.07,0.0
M0075705,N,33,2,16435.77,0,1,0,11851.12,10779.73,0.71
M0075706,N,38,1,11961.96,0,2,0,1342.46,8182.47,2.44
M0075707,N,50,0,9453.38,0,0,0,5767.27,7894.0,0.51
M0075708,N,56,0,21324.87,0,0,0,4955.65,14501.15,0.9
M0075709,N,35,0,6644.77,2,1,1,2434.42,4371.58,0.32
M0075710,N,65,0,3372.59,0,0,1,2030.92,3751.98,1.52
M0075711,N,55,0,9365.29,0,0,0,2488.07,9476.03,0.71
M0075712,N,62,2,6917.01,0,0,0,3706.86,7723.65,0.0
M0075713,N,65,2,28358.38,1,2,1,8404.79,32723.24,2.04
M0075714,N,50,0,9964.25,1,1,0,3789.33,8259.58,1.21
M0075715,Y,39,5,316948.31,2,4,3,55762.32,236407.98,4.14
M0075716,N,51,2,25177.34,1,1,0,2653.75,27091.23,0.87
M0075717,N,26,2,5338.76,0,0,0,1156.87,3817.95,1.66
M0075718,N,70,1,5084.69,1,0,0,3713.96,5073.35,1.72
M0075719,N,55,0,11548.24,1,2,1,1342.64,10622.1,1.07
M0075720,N,48,1,12225.76,0,1,1,2209.41,8332.56,0.26
M0075721,N,76,2,31354.92,0,1,1,1712.04,37019.55,1.97
M0075722,N,76,0,6568.3,0,0,0,2656.21,6837.74,0.0
M0075723,N,57,1,11963.81,0,0,0,4407.54,5525.06,0.83
M0075724,N,57,0,9591.09,0,0,0,1150.31,7735.07,0.0
M0075725,N,63,2,15253.13,0,1,1,5744.2,7466.49,0.42
M0075726,N,23,2,33906.81,0,0,0,1922.71,26810.29,2.59
M0075727,N,64,1,7175.8,0,0,0,4333.97,6433.88,0.4
M0075728,Y,82,6,402894.16,2,2,4,69922.27,279021.11,3.52
M0075729,N,52,0,16209.06,0,0,1,3091.76,20302.67,2.77
M0075730,N,45,1,19132.92,1,0,0,2027.56,24647.51,2.27
M0075731,N,36,1,7491.94,0,0,0,748.21,8590.72,0.0
M0075732,N,38,0,7973.68,0,1,0,905.2,7532.8,0.68
M0075733,N,53,0,7717.29,0,0,0,6818.23,5114.28,0.05
M0075734,N,69,0,2292.24,0,0,0,1209.96,2248.59,2.14
M0075735,N,48,1,12659.28,0,2,2,1382.53,11800.66,0.0
M0075736,N,57,1,8279.72,0,2,0,2541.29,7830.02,0.6
M0075737,N,74,1,7823.36,0,0,0,1537.43,7140.68,0.82
M0075738,Y,38,4,329924.75,4,8,5,137065.0,157466.97,8.76
M0075739,N,55,2,9690.84,0,0,2,7432.99,7658.51,2.12
M0075740,N,29,0,4133.87,0,0,1,1591.1,4164.7,0.17
M0075741,Y,61,7,341623.4,5,5,4,84614.33,320696.83,6.16
M0075742,N,38,1,14176.3,0,0,0,1980.02,13391.43,1.32
M0075743,N,49,1,8160.52,0,0,2,2331.2,11431.72,1.14
M0075744,N,63,3,16068.43,0,1,0,1465.95,20035.02,2.01
M0075745,N,62,3,18193.5,0,0,0,13611.22,5154.28,2.75
M0075746,N,68,0,6459.46,0,1,0,3866.82,4400.13,0.26
M0075747,N,45,0,18698.87,0,1,0,8893.15,6808.77,1.79
M0075748,N,43,0,27878.53,0,0,0,5364.3,16919.69,0.86
M0075749,N,27,1,27439.73,1,2,3,4001.07,28261.17,2.45
M0075750,N,45,1,7076.21,0,0,1,2003.92,4376.24,2.3
M0075751,N,34,1,11984.05,1,1,0,2541.0,16835.48,2.17
M0075752,Y,75,2,158712.73,1,5,4,41257.28,144194.31,5.8
M0075753,N,40,1,12358.89,0,0,0,8547.31,4404.89,1.08
M0075754,N,56,0,11523.69,0,1,0,2417.27,7351.77,1.38
M0075755,N,71,3,26011.27,0,2,0,20609.57,5831.28,2.37
M0075756,N,58,3,33497.39,0,0,0,10428.02,22169.46,1.65
M0075757,N,55,0,8282.74,0,1,0,690.98,7615.1,1.58
M0075758,N,74,0,14700.9,0,1,1,9399.63,9278.87,1.35
M0075759,N,36,2,7780.05,1,2,0,554.57,7044.23,1.68
M0075760,N,20,0,11641.44,0,0,0,2102.64,7673.18,0.11
M0075761,Y,36,2,154554.55,4,2,1,83670.68,63788.85,5.61
M0075762,N,29,2,6556.85,0,1,0,3681.99,3663.24,0.48
M0075763,N,18,1,17139.1,2,2,0,7476.76,18730.43,3.79
M0075764,N,72,0,46344.86,0,1,0,13204.66,27252.73,2.71
M0075765,N,58,2,16338.78,0,1,0,9092.27,10575.88,1.8
M0075766,N,22,1,27264.53,0,1,1,5804.28,18312.6,1.77
M0075767,N,29,0,20343.53,0,1,0,1982.59,15097.42,2.26
M0075768,N,51,2,5896.36,0,1,0,2319.17,7930.47,0.73
M0075769,N,42,0,6824.49,0,2,0,1860.12,4597.73,0.86
M0075770,N,26,0,5985.85,0,0,0,567.18,5068.13,0.59
M0075771,N,67,0,10776.47,0,1,0,4391.61,11588.97,0.6
M0075772,N,47,1,15628.63,0,0,0,3265.9,9199.95,1.42
M0075773,N,28,1,10180.32,1,4,2,5907.44,11125.88,4.5
M0075774,N,80,0,6849.97,0,0,0,1190.32,6862.95,1.14
M0075775,N,79,0,30419.66,0,1,1,2546.2,21886.43,0.81
M0075776,N,34,0,8868.36,0,0,0,2673.29,6892.96,0.34
M0075777,N,66,0,17917.7,0,0,0,1697.81,19366.68,1.52
M0075778,N,35,1,6829.99,0,1,0,853.38,5612.4,1.28
M0075779,N,36,0,12180.79,0,1,1,5169.14,6117.0,0.07
M0075780,N,44,0,5098.46,0,0,0,1482.68,3782.27,0.0
M0075781,N,68,1,14063.95,0,1,0,983.45,19366.32,1.82
M0075782,Y,60,6,393688.55,5,3,7,158125.62,215613.55,6.51
M0075783,N,47,0,7361.17,0,1,0,1135.55,5226.49,0.9
M0075784,N,29,1,22121.73,0,1,0,2078.58,16690.29,0.32
M0075785,N,63,1,13074.14,0,1,0,4476.42,12957.37,1.74
M0075786,N,74,1,26040.42,0,0,0,15797.96,4807.56,1.92
M0075787,N,51,0,3305.09,0,1,0,1896.35,3225.83,0.23
M0075788,N,32,0,2101.29,0,0,0,1770.35,1024.47,1.09
M0075789,N,33,0,9046.7,0,1,0,3423.76,4247.58,0.7
M0075790,Y,60,3,479924.04,5,4,4,153233.65,293508.55,6.2
M0075791,N,73,3,43728.38,0,0,0,37627.25,12017.22,1.67
M0075792,N,24,0,4123.26,0,1,0,622.05,4237.94,1.94
M0075793,N,21,0,13222.23,0,0,0,1540.87,10186.29,0.05
M0075794,N,68,1,3803.93,0,0,0,2964.43,3431.93,0.27
M0075795,N,23,1,15039.03,0,0,0,2025.32,19135.96,0.15
M0075796,N,71,1,1886.64,0,0,0,378.62,2061.59,1.32
M0075797,N,79,1,11377.79,0,0,0,3028.73,6846.1,0.35
M0075798,N,45,1,57820.59,0,2,2,15832.38,35349.95,3.06
M0075799,N,56,2,59672.91,0,0,1,15455.31,33419.17,1.51
M0075800,N,77,0,6304.31,0,1,0,1047.65,3884.72,0.0
M0075801,N,55,2,4315.18,0,0,0,444.37,7215.61,1.2
M0075802,N,79,2,18995.95,0,0,0,5353.27,17194.26,1.73
M0075803,N,40,0,6275.2,0,2,0,461.07,5504.16,1.36
M0075804,N,55,1,20049.29,0,0,0,2616.87,14467.9,0.91
M0075805,N,71,2,45586.3,0,1,1,6107.75,36725.49,1.66
M0075806,N,41,0,31315.62,0,1,0,3443.95,21219.5,0.37
M0075807,N,55,4,30743.44,0,2,1,18668.59,18051.92,2.6
M0075808,N,79,1,30898.77,0,1,2,9068.86,20102.95,2.28
M0075809,N,28,0,12918.72,0,0,0,1663.49,8453.04,1.13
M0075810,N,80,0,7094.46,0,0,0,774.32,6017.94,0.0
M0075811,N,27,1,16571.03,0,0,1,5077.53,7973.05,0.9
M0075812,N,80,1,23292.32,0,0,0,4405.99,21303.0,1.5
M0075813,N,31,1,16883.36,0,3,0,2868.85,11254.2,1.29
M0075814,N,27,1,5536.03,0,0,0,1436.61,4258.05,0.55
M0075815,N,27,1,11884.95,0,0,0,4807.49,9517.95,0.34
M0075816,N,50,2,12357.87,0,2,0,1755.28,10378.87,0.75
M0075817,N,23,2,25365.67,0,0,0,4924.43,15235.42,2.54
M0075818,N,55,1,29036.26,0,2,1,4308.26,20167.11,2.15
M0075819,N,49,1,5715.59,0,1,0,6253.12,2000.66,0.96
M0075820,N,32,0,5506.33,0,0,0,780.33,4287.85,0.0
M0075821,N,54,1,19005.03,0,0,0,3492.38,14668.35,0.93
M0075822,Y,64,4,173791.81,2,1,3,53936.48,104018.22,4.11
M0075823,N,54,0,15637.1,0,1,0,6051.01,10668.82,2.38
M0075824,N,27,0,17950.66,0,0,0,3413.17,11211.75,1.19
M0075825,N,70,0,12647.57,0,1,0,4497.69,7110.89,2.15
M0075826,N,67,1,5969.1,0,1,1,3171.34,7303.51,1.0
M0075827,N,52,2,13948.23,0,1,0,9901.43,10220.82,1.26
M0075828,N,38,0,6736.82,0,0,0,1788.44,6687.94,0.63
M0075829,N,61,1,10546.67,1,0,0,2376.59,5923.15,0.7
M0075830,N,36,3,13450.61,0,0,1,5750.08,13356.5,2.07
M0075831,N,28,2,6108.59,0,0,2,1026.42,4728.04,0.0
M0075832,N,64,1,9698.32,0,0,1,1945.01,6495.05,0.8
M0075833,N,44,3,15728.35,0,0,0,2315.95,13499.67,0.47
M0075834,N,63,0,7505.99,0,1,0,2199.43,4776.05,0.3
M0075835,N,21,0,4489.92,0,0,0,1387.05,5513.09,0.57
M0075836,Y,60,4,200207.94,2,1,5,78710.38,100008.21,4.46
M0075837,N,57,0,9906.27,1,1,2,602.93,9662.77,1.63
M0075838,N,75,1,8529.28,0,1,0,1296.0,8894.58,1.28
M0075839,N,78,1,2777.29,0,0,0,622.54,2897.18,1.51
M0075840,N,79,1,10361.08,0,1,0,873.91,11783.98,1.5
M0075841,N,39,3,8051.17,1,0,1,5430.91,8882.07,1.57
M0075842,N,80,1,11090.45,1,0,0,7896.28,4589.29,0.79
M0075843,N,60,0,10955.21,0,0,0,2537.55,7026.74,0.04
M0075844,N,59,0,5803.84,0,0,0,1788.93,6104.6,1.56
M0075845,N,68,0,8663.78,0,0,0,3000.34,4752.73,0.58
M0075846,N,58,0,4400.64,0,2,0,785.9,3025.51,2.63
M0075847,N,55,1,29689.26,1,1,0,5285.19,47817.04,1.38
M0075848,N,44,2,19192.48,0,1,0,4508.59,12374.12,1.27
M0075849,N,18,1,14898.42,0,0,1,3676.84,9287.51,2.42
M0075850,N,23,0,4433.14,0,1,0,2917.57,3162.46,0.6
M0075851,N,33,1,8316.97,0,0,0,7957.2,4899.56,2.35
M0075852,N,63,1,15964.71,0,1,0,4032.74,13926.81,0.45
M0075853,N,34,0,2937.45,0,1,0,275.22,4356.32,0.4
M0075854,N,41,1,30673.66,1,2,1,3869.95,21402.14,2.81
M0075855,N,70,0,6098.57,0,2,0,1136.01,5458.06,0.48
M0075856,N,73,1,32465.3,1,1,1,2507.54,24466.95,1.17
M0075857,N,49,2,7791.17,0,1,0,3030.32,8540.87,1.31
M0075858,N,26,0,6524.72,0,0,0,2151.13,3568.84,0.13
M0075859,N,61,0,8495.57,0,0,2,2802.47,9462.48,1.85
M0075860,Y,63,7,570072.71,1,5,2,171457.95,492903.46,6.45
M0075861,N,62,1,8736.89,0,0,0,2471.23,5069.34,0.0
M0075862,N,37,2,16322.94,0,1,1,2437.82,11047.35,0.0
M0075863,N,69,2,12002.27,1,1,1,8686.39,5600.71,1.49
M0075864,N,63,2,7275.3,0,1,0,3136.13,7959.29,2.21
M0075865,N,71,2,6788.01,0,0,0,2374.9,5795.25,0.03
M0075866,N,55,1,3006.73,0,0,1,478.45,2092.94,0.1
M0075867,N,23,0,5922.5,0,0,0,4425.94,5939.99,1.48
M0075868,N,51,1,14894.37,0,1,0,2229.43,11985.36,1.99
M0075869,N,49,1,4428.75,0,2,0,2172.33,3738.61,0.11
M0075870,N,68,0,2606.19,0,1,0,976.21,2261.68,0.01
M0075871,N,21,1,16873.52,1,2,0,2170.27,19024.98,0.88
M0075872,N,44,1,15694.43,0,0,1,6727.63,11158.62,0.77
M0075873,N,79,0,5143.28,0,0,0,1068.53,5926.86,0.11
M0075874,N,18,0,10379.39,0,2,0,6040.43,2113.13,1.29
M0075875,N,70,0,9889.72,0,3,0,2108.39,9536.21,1.72
M0075876,N,27,0,6041.0,0,0,0,2268.51,3324.8,0.97
M0075877,N,33,1,6706.77,0,1,0,3243.9,8176.34,0.0
M0075878,N,18,1,9874.17,0,0,0,6249.43,5365.6,1.6
M0075879,N,34,0,5432.76,0,1,1,767.15,3477.92,0.12
M0075880,N,66,0,5532.15,1,1,0,942.84,4282.61,1.23
M0075881,N,76,1,4658.48,1,0,0,797.15,3791.98,0.76
M0075882,N,37,3,7993.48,0,1,0,3639.4,5409.48,0.0
M0075883,N,29,1,6717.55,0,0,1,2150.9,5059.98,1.0
M0075884,N,28,2,9332.8,1,1,1,1762.09,9197.93,2.04
M0075885,Y,36,7,184352.48,2,5,1,49114.9,158614.14,5.62
M0075886,N,49,2,23055.7,0,1,0,2364.79,35627.87,1.48
M0075887,N,72,1,15715.75,1,1,0,9635.0,7326.16,1.32
M0075888,N,27,0,8547.74,0,1,0,2316.49,7136.53,0.56
M0075889,N,40,0,19553.08,0,0,1,18310.56,15709.55,2.32
M0075890,N,23,1,18017.63,1,0,0,14132.51,7643.75,0.8
M0075891,N,27,0,5376.67,0,0,0,1111.74,7601.46,0.0
M0075892,N,41,0,8639.92,0,0,0,2306.09,6450.69,1.19
M0075893,N,66,2,31646.36,0,1,0,5825.75,22716.54,1.36
M0075894,N,33,0,11973.59,0,0,0,6417.74,7217.14,0.0
M0075895,N,23,0,11216.55,1,0,1,4186.07,8100.38,0.0
M0075896,N,24,0,33322.61,0,0,1,11069.62,20519.49,2.68
M0075897,N,57,2,33188.94,3,2,1,8116.21,20570.24,2.06
M0075898,N,18,2,6105.44,0,0,0,882.66,5056.29,2.38
M0075899,N,52,0,8777.92,0,0,0,1749.35,5706.11,0.82
M0075900,N,50,0,11481.39,1,3,0,1380.14,13594.38,1.81
M0075901,N,47,1,11299.61,0,1,0,3021.96,7732.2,0.76
M0075902,N,77,1,15206.16,1,1,0,3212.55,11344.74,0.73
M0075903,N,42,3,18262.48,0,2,0,5913.51,18103.55,2.14
M0075904,N,78,0,5453.26,0,1,0,961.95,6043.22,0.0
M0075905,N,73,1,8912.34,0,2,1,3105.18,8918.13,1.89
M0075906,N,71,1,5156.62,0,2,0,1851.57,4104.18,0.0
M0075907,N,66,3,24290.92,0,2,1,2155.08,19916.51,1.8
M0075908,N,29,0,6177.53,0,0,1,5059.93,3904.78,1.22
M0075909,N,78,3,3232.6,0,0,0,1956.12,3307.48,1.13
M0075910,N,36,0,11774.98,0,2,0,2650.63,7535.78,1.49
M0075911,N,29,0,8410.67,0,0,0,2932.52,8043.43,0.0
M0075912,N,35,3,7104.35,0,0,0,887.31,5884.02,0.11
M0075913,N,25,1,23473.79,0,2,0,1680.96,16877.03,0.0
M0075914,N,48,1,33727.28,1,1,0,23415.37,18419.78,2.04
M0075915,N,26,1,10608.36,0,0,0,993.64,7380.01,1.06
M0075916,N,44,2,11275.16,1,2,0,1690.83,18732.08,0.96
M0075917,N,70,1,11095.94,0,0,0,1526.78,9026.82,0.49
M0075918,N,37,0,8806.45,0,0,0,2952.04,10142.12,1.1
M0075919,N,22,2,21811.69,0,1,1,8900.58,11749.96,1.27
M0075920,N,48,2,16523.52,0,0,0,5289.32,13491.86,1.82
M0075921,N,45,0,1819.14,1,0,0,1165.79,1992.55,0.82
M0075922,N,69,1,22191.32,0,2,1,12530.33,18366.38,1.11
M0075923,N,27,2,7391.49,0,2,1,1388.99,4934.5,0.56
M0075924,N,56,0,5698.26,0,0,0,2433.5,3277.41,0.86
M0075925,N,66,1,14986.61,1,2,0,3077.43,11887.29,1.52
M0075926,N,75,2,13883.11,0,1,0,2883.14,19891.06,1.51
M0075927,N,18,0,5592.57,0,0,0,2385.11,3070.38,1.38
M0075928,N,31,1,4351.26,1,0,0,3220.14,3508.0,0.82
M0075929,N,35,0,12680.42,0,0,0,2530.9,13055.65,2.37
M0075930,N,48,0,5751.63,1,0,0,2138.55,6412.54,0.0
M0075931,N,28,2,22043.48,0,0,1,8125.95,13178.86,1.4
M0075932,N,64,1,19532.65,0,0,0,12610.9,19058.87,2.74
M0075933,N,71,1,19868.72,0,1,1,3665.62,14129.6,2.15
M0075934,N,41,0,6753.35,2,1,0,1371.7,8743.44,1.33
M0075935,N,43,2,36094.05,1,1,2,773.55,41307.73,2.06
M0075936,N,62,0,5389.38,1,0,0,4592.74,3285.96,2.11
M0075937,N,40,0,7035.87,1,0,0,3022.51,8220.55,0.62
M0075938,N,42,1,24975.24,1,3,0,4417.84,18518.11,0.28
M0075939,N,38,1,11877.17,0,1,1,3317.45,6204.9,0.02
M0075940,N,77,0,14872.36,0,1,0,3606.55,10177.12,0.85
M0075941,N,40,0,24224.64,0,2,1,3475.11,26390.28,2.63
M0075942,N,72,1,16491.06,0,0,1,5361.04,14580.47,1.93
M0075943,N,61,0,7319.99,1,0,0,6587.6,2963.11,0.62
M0075944,N,39,0,16748.97,0,1,0,2403.3,11964.29,0.73
M0075945,N,48,1,17998.15,0,0,1,9697.89,7264.59,1.53
M0075946,N,27,0,14608.51,1,1,0,4933.89,8145.68,0.89
M0075947,N,32,0,19178.79,1,1,0,3849.28,11993.07,3.13
M0075948,N,76,2,17050.5,0,0,0,12574.24,3134.88,1.67
M0075949,N,20,0,3079.64,0,0,0,601.34,4516.74,0.0
M0075950,Y,80,8,242052.05,3,3,3,47168.15,164417.35,5.43
M0075951,N,69,0,9690.69,0,1,0,1677.55,6047.43,0.0
M0075952,N,80,0,3648.3,0,1,0,2271.38,2730.02,0.26
M0075953,N,77,1,7616.57,0,0,0,5825.68,6895.47,1.97
M0075954,N,44,0,12965.42,0,0,0,7235.8,3275.23,1.94
M0075955,N,39,1,12544.41,0,3,0,4161.72,10938.78,1.52
M0075956,N,26,1,7312.8,1,0,0,1010.27,7669.61,0.16
M0075957,N,46,0,10827.68,0,0,0,2688.14,12356.19,0.54
M0075958,N,54,0,15822.71,2,1,0,3606.36,19922.6,1.04
M0075959,Y,52,5,164943.0,5,6,5,102215.1,108398.56,5.04
M0075960,N,54,2,16416.6,1,0,0,23139.32,6018.17,1.31
M0075961,N,42,1,11013.02,0,2,0,9734.15,4383.24,2.54
M0075962,N,21,0,16916.35,0,0,1,2154.87,13898.51,2.22
M0075963,N,37,0,26839.32,0,0,2,7782.07,20522.59,1.03
M0075964,N,66,0,3361.21,0,0,0,465.76,5161.15,0.0
M0075965,N,68,1,19721.4,0,0,0,3425.21,21712.04,0.34
M0075966,N,54,0,7244.87,1,0,0,640.1,9730.09,0.41
M0075967,N,73,0,3745.26,0,1,0,513.55,2534.19,0.51
M0075968,N,18,0,9271.47,0,0,1,3111.7,5679.74,0.51
M0075969,N,22,0,4331.45,0,2,0,1171.28,3425.55,1.05
M0075970,N,45,0,10300.1,1,1,0,8790.8,5248.34,0.0
M0075971,N,41,1,1681.78,1,2,0,348.15,1233.42,0.33
M0075972,N,45,0,3289.25,0,0,0,516.84,5288.29,0.84
M0075973,N,32,1,20448.77,0,0,0,2237.45,18579.09,1.43
M0075974,N,65,0,8754.85,0,0,0,2992.4,5136.37,0.54
M0075975,N,57,2,25982.3,0,3,1,8949.93,16885.04,2.3
M0075976,N,31,0,5801.98,0,0,0,2318.29,4612.7,1.83
M0075977,N,50,1,17133.89,0,0,0,1413.16,12691.23,2.15
M0075978,N,60,0,4539.51,0,0,0,2313.06,3203.28,0.37
M0075979,N,69,0,2239.75,0,1,0,1871.07,2182.37,1.79
M0075980,N,50,1,6609.61,0,0,1,3143.68,2470.84,0.8
M0075981,N,21,0,5636.29,1,0,0,1690.09,7781.95,1.46
M0075982,N,62,1,14053.68,0,1,0,7769.16,7041.16,1.31
M0075983,N,26,0,10578.37,0,0,0,2984.95,9800.03,0.61
M0075984,N,73,0,8509.84,0,2,0,835.9,6440.14,1.84
M0075985,N,76,1,4014.32,0,0,0,933.54,3052.78,0.29
M0075986,N,49,1,15917.86,0,0,0,2475.14,11001.39,1.33
M0075987,N,53,0,19964.82,1,0,1,4328.95,12757.29,1.16
M0075988,N,40,1,7131.68,1,0,0,3053.83,8525.55,0.0
M0075989,N,48,2,17865.78,1,2,0,1698.35,14857.73,2.77
M0075990,N,76,3,23974.57,1,0,0,2730.0,22251.98,1.02
M0075991,N,43,0,8555.93,0,3,1,3996.86,7074.38,1.91
M0075992,N,64,1,15199.1,0,1,0,3989.49,12585.81,0.75
M0075993,N,63,0,11511.7,0,1,0,3666.21,10332.27,1.7
M0075994,Y,50,5,221638.79,2,1,1,50583.9,137650.96,5.22
M0075995,Y,48,5,344280.81,3,5,3,188241.68,121807.76,6.34
M0075996,N,27,1,14326.08,0,0,0,2213.14,11168.66,2.33
M0075997,N,60,0,6511.49,0,0,0,980.97,6791.54,1.41
M0075998,N,46,1,5477.66,0,0,0,2793.42,6616.82,0.93
M0075999,N,53,1,2608.36,0,0,0,878.51,2553.69,0.51
M0076000,N,26,3,27665.58,0,1,2,3689.52,21639.41,2.5
M0076001,N,56,1,20099.79,0,0,0,1868.07,15114.44,2.26
M0076002,N,51,1,4658.56,0,1,0,1223.96,7061.53,0.53
M0076003,N,39,1,16798.72,0,2,1,4968.22,14855.68,0.49
M0076004,N,80,1,15934.2,0,0,1,7155.68,16891.68,0.77
M0076005,N,73,0,5450.65,0,0,0,986.45,4394.9,0.63
M0076006,N,31,1,12814.71,0,0,0,3705.76,7129.4,0.6
M0076007,N,38,1,5376.69,0,0,1,2179.64,3943.15,0.42
M0076008,N,36,0,9563.1,0,0,0,2038.77,13464.17,1.02
M0076009,N,52,0,11066.21,1,0,2,2017.54,16458.92,1.07
M0076010,N,46,1,15664.09,0,1,0,7229.2,15525.05,1.09
M0076011,N,60,1,2037.35,0,0,0,837.26,1344.81,1.45
M0076012,N,27,1,7036.62,0,1,1,2745.03,7203.99,0.08
M0076013,N,29,2,13273.25,0,0,1,3551.45,11957.17,0.73
M0076014,N,49,0,7409.12,0,0,0,1507.12,5032.01,2.02
M0076015,N,51,0,6849.8,0,0,0,4580.42,5024.15,0.0
M0076016,Y,61,6,204175.99,2,4,6,63428.63,169776.88,5.14
M0076017,N,19,3,10933.05,0,2,0,1264.64,12570.03,2.19
M0076018,N,32,0,22554.46,0,2,1,620.1,23371.63,0.0
M0076019,N,72,2,15437.42,0,0,0,7206.77,5283.6,1.68
M0076020,N,33,1,4568.77,0,0,0,1123.06,7127.4,0.0
M0076021,N,79,1,5703.97,2,0,0,1429.15,6156.23,0.11
M0076022,N,55,0,3700.79,0,0,0,1775.07,3092.97,0.57
M0076023,N,48,2,7565.75,0,1,1,1375.12,7549.31,1.78
M0076024,N,69,3,27798.96,0,1,0,7427.16,19192.79,1.59
M0076025,N,34,2,32864.45,1,2,0,20475.24,7146.63,1.34
M0076026,N,43,1,11612.48,0,0,1,5196.37,15720.54,1.69
M0076027,N,25,0,7777.33,0,0,0,2806.76,3835.14,0.58
M0076028,N,19,1,6133.52,0,1,1,973.0,5207.5,0.58
M0076029,N,71,1,3855.61,0,0,0,2113.71,3456.9,1.07
M0076030,N,42,0,13454.02,0,0,0,7086.48,5919.74,1.37
M0076031,N,55,2,25267.35,0,0,0,6355.89,16216.73,1.08
M0076032,N,77,4,3635.66,2,1,0,1527.25,4709.63,0.07
M0076033,N,19,1,18088.3,0,0,0,3987.03,13389.29,1.21
M0076034,N,27,2,27292.97,1,0,0,2081.35,23433.7,0.29
M0076035,N,40,2,13453.58,1,0,0,3524.94,8795.28,1.07
M0076036,N,80,2,12083.47,0,1,0,3199.2,7504.13,0.91
M0076037,N,40,0,15108.94,2,1,2,2580.72,11157.7,0.68
M0076038,N,69,0,9828.53,0,0,0,4472.29,3884.08,0.34
M0076039,N,70,0,9405.76,0,0,1,1393.99,6270.06,0.46
M0076040,N,52,1,6921.77,1,0,1,3155.71,3070.51,0.82
M0076041,N,69,0,8316.75,0,1,1,3115.39,4391.22,0.61
M0076042,N,50,2,7842.7,0,0,0,1208.35,7148.23,0.88
M0076043,N,44,0,14126.13,0,0,1,1674.3,22355.57,1.59
M0076044,N,63,0,5880.62,0,1,0,1497.33,7545.76,0.0
M0076045,N,78,1,7054.81,0,1,0,2406.77,6814.59,0.27
M0076046,N,65,1,9764.16,1,0,0,5614.52,10180.93,0.94
M0076047,N,66,0,8050.31,1,2,0,1673.76,5518.76,0.03
M0076048,N,73,2,12920.77,0,1,0,3136.26,7674.5,2.46
M0076049,N,37,0,29628.27,0,0,0,7094.18,19739.24,2.83
M0076050,N,71,2,20410.56,0,0,0,1748.88,14552.83,0.97
M0076051,N,40,1,9709.27,0,1,0,3935.06,8836.4,0.94
M0076052,N,60,0,10685.55,0,2,0,2897.81,14371.15,1.07
M0076053,N,64,0,5103.62,0,1,1,3391.18,5749.08,0.53
M0076054,N,39,0,4626.01,0,1,0,707.5,5378.76,0.31
M0076055,N,23,0,5680.19,0,0,0,983.02,4975.62,0.0
M0076056,N,79,3,32482.06,0,0,1,1990.56,27376.21,2.38
M0076057,N,77,1,8176.9,0,0,0,2623.37,10561.58,0.02
M0076058,N,77,1,33369.4,0,2,0,12713.94,13469.77,1.71
M0076059,N,62,1,14181.31,0,1,1,15516.82,8736.88,1.58
M0076060,N,63,2,8748.06,0,2,0,8228.59,5967.81,2.33
M0076061,N,50,0,6184.68,0,0,0,830.15,5548.58,0.11
M0076062,N,62,1,16637.1,0,1,1,4587.24,14139.01,1.46
M0076063,N,72,1,13399.34,0,0,0,1018.3,13313.3,0.81
M0076064,N,28,1,10054.54,0,2,0,8161.83,9373.89,1.95
M0076065,N,29,3,4828.04,0,1,0,532.94,3567.84,2.27
M0076066,N,78,1,40305.23,0,0,1,3448.68,28735.97,2.23
M0076067,N,41,2,3219.62,0,1,0,833.0,3368.96,0.25
M0076068,N,28,2,4975.69,1,1,0,3245.61,5526.09,1.28
M0076069,N,64,1,7925.17,0,1,0,3297.09,10691.38,0.87
M0076070,N,33,2,16725.5,1,1,0,7078.34,8293.19,1.45
M0076071,N,49,2,31415.98,0,0,1,16828.88,9636.38,2.89
M0076072,N,54,0,6691.8,0,1,0,1466.12,5813.58,0.77
M0076073,N,43,0,6091.73,0,1,0,4210.14,2428.01,1.08
M0076074,N,61,0,12103.83,0,1,0,2443.0,9766.0,0.0
M0076075,Y,53,7,323156.55,4,7,4,269929.06,164876.14,5.92
M0076076,N,23,1,4124.21,0,0,0,1053.66,2907.47,0.97
M0076077,N,19,0,7616.54,0,0,1,1197.8,8720.53,0.94
M0076078,N,66,1,16480.8,0,0,0,6337.44,20172.97,1.68
M0076079,N,25,0,18832.62,2,0,0,1965.75,14181.25,1.03
M0076080,N,38,1,19370.1,0,1,1,15572.1,15961.3,2.28
M0076081,N,52,2,11035.07,0,0,1,2144.74,10326.29,1.44
M0076082,N,41,0,7581.26,0,0,0,544.54,8697.32,1.42
M0076083,N,48,0,14723.05,0,1,0,7529.71,7953.51,2.15
M0076084,N,64,1,13988.79,0,0,0,4786.05,9148.56,0.21
M0076085,N,79,1,11561.57,0,0,0,2925.76,8604.59,0.68
M0076086,N,19,1,7822.58,0,1,0,1361.43,7019.84,1.33
M0076087,N,49,0,6736.07,0,0,0,1399.42,4101.72,0.76
M0076088,N,52,1,6983.57,0,1,2,1375.22,6918.31,1.1
M0076089,N,31,0,15466.02,0,1,0,9059.87,9611.58,2.02
M0076090,N,67,2,7495.23,0,0,0,4332.4,2478.23,0.75
M0076091,N,47,2,8279.58,0,2,0,1336.85,6206.83,0.0
M0076092,N,61,1,6772.92,0,1,0,3770.14,1705.75,0.93
M0076093,N,23,2,5118.23,0,0,1,2353.8,5880.33,0.91
M0076094,N,51,2,15002.99,0,0,1,5085.01,21946.71,1.19
M0076095,N,34,2,17608.79,0,0,1,5963.65,9440.14,0.41
M0076096,N,38,0,30278.21,0,0,0,12019.91,15765.03,2.42
M0076097,N,29,2,8278.79,1,0,0,2538.26,6277.98,0.52
M0076098,N,45,0,4042.39,0,0,0,1089.1,5179.79,0.0
M0076099,N,40,2,7041.93,0,0,0,5373.9,1905.14,1.93
M0076100,N,59,2,3937.58,0,0,1,638.16,3203.29,1.36
M0076101,N,26,0,11213.48,0,3,1,5386.49,6181.43,1.02
M0076102,N,40,2,9721.62,0,1,0,6601.59,4465.01,0.97
M0076103,N,57,0,4659.54,0,1,1,2392.87,1922.11,0.72
M0076104,N,43,1,12308.27,0,1,0,5880.97,12536.53,1.46
M0076105,N,78,1,32734.78,0,1,1,14824.19,13524.13,1.18
M0076106,N,47,3,29501.76,0,3,0,15585.64,29914.42,2.1
M0076107,N,27,1,16584.67,0,0,0,1665.28,11365.78,2.52
M0076108,N,26,2,6878.71,1,1,1,1281.28,6214.78,2.04
M0076109,N,33,0,18516.87,2,2,0,4403.56,24971.32,2.04
M0076110,N,70,0,9403.88,0,2,1,1195.28,9183.67,0.88
M0076111,N,52,1,3961.75,0,0,1,1890.58,4961.01,0.31
M0076112,N,26,2,11347.43,2,1,0,10988.24,4070.14,1.72
M0076113,Y,49,6,248663.86,4,6,2,83117.53,182825.69,6.98
M0076114,N,77,1,19650.07,0,0,0,12705.65,6757.44,1.19
M0076115,N,62,2,6840.06,0,1,0,3782.04,2183.66,1.12
M0076116,N,28,0,20250.42,0,1,0,8132.96,16740.94,0.97
M0076117,N,61,0,13914.71,0,1,1,1239.97,11027.95,2.23
M0076118,N,34,0,4885.88,0,1,0,1491.59,5271.16,0.88
M0076119,N,33,1,4922.04,0,0,0,3634.95,2845.49,0.12
M0076120,N,23,2,4120.53,0,1,0,735.2,3508.51,0.33
M0076121,N,46,0,8964.66,0,0,0,2448.99,8352.6,0.82
M0076122,N,54,0,11178.51,0,2,1,2047.16,9220.93,0.09
M0076123,N,50,1,7441.82,0,1,1,3443.97,5051.57,2.12
M0076124,N,56,0,4437.29,0,0,0,1816.13,2779.09,0.54
M0076125,N,70,1,5570.13,0,0,0,1989.59,7000.87,3.26
M0076126,N,72,3,6339.06,0,1,0,2240.91,4228.93,0.79
M0076127,N,26,2,13404.37,0,0,0,1957.65,21544.12,1.12
M0076128,N,54,1,11730.33,0,1,0,3301.01,11715.32,0.57
M0076129,N,46,1,13631.48,0,0,0,3700.79,15289.92,0.41
M0076130,N,74,1,6742.72,0,0,1,1871.55,7565.7,0.59
M0076131,N,27,1,25162.61,0,2,0,6317.88,14357.97,1.94
M0076132,N,41,1,10730.58,0,1,0,1870.27,10508.38,0.0
M0076133,N,57,0,8302.22,0,0,0,3050.07,6560.63,1.65
M0076134,N,53,1,4663.06,0,0,0,3749.01,4557.97,0.33
M0076135,N,70,1,26602.78,1,4,1,22038.23,17074.12,2.8
M0076136,N,71,1,7177.28,2,1,1,1682.19,7630.89,1.08
M0076137,N,59,0,10815.49,0,0,0,1132.71,10200.26,0.69
M0076138,N,53,2,30350.48,0,0,1,2965.59,31917.29,2.49
M0076139,N,41,0,21040.7,0,1,0,13299.75,8506.19,1.04
M0076140,N,48,0,10111.57,0,0,1,4782.56,8552.31,0.2
M0076141,N,41,1,3483.58,0,0,0,2488.29,3581.98,1.44
M0076142,N,77,1,16359.03,0,0,0,5406.3,17126.02,1.9
M0076143,N,49,2,19017.36,1,1,0,10123.94,10470.07,1.85
M0076144,N,49,1,24281.71,0,0,0,8857.76,23125.47,3.61
M0076145,N,25,1,6426.67,0,0,0,5582.89,4545.51,0.0
M0076146,N,44,2,25691.31,1,2,0,8147.48,18273.7,2.79
M0076147,N,50,0,40169.73,1,2,1,2918.04,31601.74,1.03
M0076148,N,61,1,14028.59,0,0,1,6192.44,12674.7,2.74
M0076149,N,49,1,5535.42,0,0,1,3433.08,4986.12,0.28
M0076150,N,46,0,106285.49,0,2,0,6167.72,98128.82,1.68
M0076151,N,26,1,27810.39,1,0,0,2315.21,29523.94,1.56
M0076152,N,61,3,9387.36,0,0,0,6953.59,10023.72,0.9
M0076153,N,51,2,21407.51,0,2,0,3472.4,13593.31,2.18
M0076154,N,58,0,12607.93,0,0,1,1206.12,12892.91,0.62
M0076155,N,19,1,11574.59,0,1,0,5320.57,6420.96,1.82
M0076156,N,68,1,26421.34,1,1,0,4484.78,32108.62,0.0
M0076157,Y,65,3,179434.45,3,2,3,77890.78,103879.66,4.6
M0076158,N,20,0,7216.2,0,0,0,3781.28,4080.08,0.0
M0076159,N,48,0,7645.69,1,0,0,6400.3,5148.79,1.44
M0076160,N,41,1,8812.59,0,0,0,1022.86,12178.52,0.19
M0076161,N,53,1,12031.42,0,1,0,1860.12,9490.69,1.61
M0076162,Y,77,5,168202.23,2,1,1,124343.05,74457.66,4.86
M0076163,N,42,2,16015.99,0,0,0,2914.53,16183.05,0.22
M0076164,N,28,1,3016.64,1,0,0,933.47,3607.27,1.34
M0076165,N,40,2,4284.54,0,1,1,1230.8,4677.99,0.38
M0076166,N,73,0,8622.91,0,0,0,3944.95,4842.3,0.67
M0076167,N,63,0,10626.35,0,0,0,3284.74,7289.37,1.79
M0076168,N,56,2,10551.75,0,1,0,2495.18,8586.02,1.23
M0076169,N,25,0,17704.35,0,1,0,6563.18,7840.25,0.64
M0076170,N,36,1,12918.68,0,0,0,2309.21,9856.53,0.4
M0076171,N,34,3,23349.19,0,0,1,2259.64,18251.52,0.56
M0076172,N,18,1,3320.42,0,1,2,2212.33,3075.53,1.07
M0076173,N,71,3,8336.12,0,0,1,479.29,10031.83,0.49
M0076174,N,78,2,9400.83,0,0,1,984.62,9742.13,0.42
M0076175,N,32,0,3341.32,0,1,0,1729.82,3429.01,0.0
M0076176,N,53,0,10619.97,0,1,0,3231.86,11097.9,1.56
M0076177,N,60,0,9632.16,1,1,0,3520.28,5376.89,0.89
M0076178,N,27,3,13571.26,0,1,1,6425.35,8174.53,1.59
M0076179,Y,69,4,150861.32,2,5,3,54018.66,135868.38,3.08
M0076180,N,79,1,10189.08,0,0,1,3813.72,5245.43,1.44
M0076181,N,35,1,6942.49,0,0,0,1076.91,8594.76,0.36
M0076182,N,51,0,10388.82,0,0,0,5535.75,10411.43,0.95
M0076183,N,54,1,8745.8,0,0,0,1553.73,8608.97,1.01
M0076184,N,40,1,9528.71,0,1,0,2812.53,9224.84,1.53
M0076185,N,77,0,1683.23,0,1,0,1388.15,1311.12,1.31
M0076186,N,25,1,12540.41,0,1,0,14669.88,6179.13,1.69
M0076187,N,28,0,6993.24,0,0,0,4629.43,6243.99,1.1
M0076188,N,75,1,8202.63,1,1,1,3023.38,11041.69,1.31
M0076189,N,53,2,4338.58,1,2,0,2681.13,4230.03,1.96
M0076190,N,50,1,13157.08,1,3,1,8511.89,11736.2,1.7
M0076191,N,45,0,12104.88,0,1,0,2328.95,9124.43,0.62
M0076192,N,39,0,3679.97,1,0,0,3120.37,2768.72,0.68
M0076193,N,73,0,6073.33,1,1,0,788.42,4862.12,0.0
M0076194,Y,54,4,257514.83,3,2,4,57865.29,272626.77,6.68
M0076195,N,63,0,4578.47,0,0,0,1495.27,4587.76,1.2
M0076196,N,65,0,8134.38,0,1,0,2657.97,6481.41,2.28
M0076197,N,26,0,7160.98,0,0,0,2601.78,4927.87,1.98
M0076198,N,20,2,15604.1,0,2,0,7565.42,7842.4,2.3
M0076199,N,50,0,12712.03,0,1,0,3842.82,9920.27,0.58
M0076200,N,24,0,3878.38,0,0,0,649.08,2705.44,0.43
M0076201,N,78,1,23277.8,0,3,0,5895.17,17718.22,0.19
M0076202,N,49,1,33485.41,0,0,0,3500.08,28236.76,1.82
M0076203,N,63,3,8983.39,0,0,1,1771.23,5770.99,0.0
M0076204,N,30,0,9895.81,0,1,2,1527.97,8636.58,2.55
M0076205,N,64,1,12985.69,0,0,2,4184.39,11155.4,2.81
M0076206,N,65,1,6191.11,0,0,1,1368.72,9115.37,0.0
M0076207,N,28,0,12525.18,1,1,0,5432.74,5940.19,0.0
M0076208,N,20,2,9140.1,0,1,0,2423.9,6177.62,0.95
M0076209,N,27,2,16821.22,0,1,1,6197.92,9474.33,2.61
M0076210,N,21,1,18642.55,0,1,1,6897.0,12501.17,0.24
M0076211,N,54,0,6431.23,0,1,0,976.03,8454.02,0.65
M0076212,N,50,1,6181.36,0,0,0,2791.46,6573.53,1.09
M0076213,N,19,2,15964.09,0,0,0,2626.69,11856.3,3.15
M0076214,N,18,1,26516.21,0,0,0,6055.96,21322.01,1.29
M0076215,N,32,1,13370.71,1,2,1,2134.19,14487.5,1.6
M0076216,N,29,0,11098.86,0,1,0,4088.4,9172.38,0.14
M0076217,Y,68,6,159420.45,1,4,1,105604.62,114586.86,4.38
M0076218,N,21,1,3640.48,0,2,0,2176.05,4308.89,0.0
M0076219,N,26,1,8160.41,0,1,0,1149.76,6926.58,1.49
M0076220,N,51,3,23423.89,1,0,1,9138.16,15973.09,1.44
M0076221,N,69,3,20989.37,0,0,0,2396.53,18673.31,1.06
M0076222,N,72,0,3855.93,1,1,0,832.58,2653.34,0.14
M0076223,N,32,1,5306.34,0,0,2,2427.31,5696.91,0.82
M0076224,Y,43,6,310454.12,2,3,5,209673.53,183253.79,5.48
M0076225,N,31,3,4106.2,0,0,0,2472.08,4884.41,0.29
M0076226,N,73,0,5073.1,0,0,0,2534.97,4770.18,0.0
M0076227,N,65,0,16145.46,0,0,0,637.04,15255.74,0.0
M0076228,N,75,2,17257.02,0,1,1,4293.47,13728.6,0.78
M0076229,N,35,1,3124.59,0,0,0,1832.18,3826.19,0.76
M0076230,Y,51,5,187869.31,2,5,1,65240.12,140868.74,6.54
M0076231,N,23,0,11139.34,1,1,0,1361.79,12370.32,0.44
M0076232,N,61,1,23621.66,0,1,0,16110.26,7699.31,2.27
M0076233,N,33,1,9654.15,0,0,1,481.59,9187.84,0.95
M0076234,N,53,1,4876.51,0,0,1,1073.07,6285.12,0.0
M0076235,Y,72,5,120135.56,3,2,2,21234.79,107455.51,5.1
M0076236,N,39,3,30387.44,2,1,0,12573.8,14453.09,2.17
M0076237,N,42,0,1224.87,0,0,1,621.13,842.37,0.75
M0076238,N,70,1,19704.63,1,0,0,1985.43,25799.08,1.75
M0076239,N,71,2,24239.73,0,3,0,5809.15,13917.38,0.98
M0076240,N,68,3,30866.85,2,1,1,12061.79,29696.53,2.22
M0076241,Y,68,8,212924.25,4,6,1,96631.45,202163.52,5.5
M0076242,N,78,2,33285.63,0,1,1,23939.02,3345.46,1.2
M0076243,N,58,0,3759.65,0,2,0,527.31,2784.54,0.94
M0076244,N,56,1,49000.89,0,1,0,20907.21,22816.54,2.08
M0076245,N,63,1,22966.79,0,1,0,5951.78,31545.03,1.26
M0076246,N,61,0,2095.61,0,1,1,720.12,2114.27,1.75
M0076247,N,47,1,21276.89,1,1,0,6111.32,25285.14,2.48
M0076248,N,31,1,16195.88,0,0,0,1774.26,16511.93,1.17
M0076249,N,29,1,8061.93,0,0,1,2341.4,5524.49,0.36
M0076250,N,38,2,19143.46,0,1,0,10379.75,17308.31,2.37
M0076251,N,43,0,4535.87,0,0,0,3104.49,2125.17,1.05
M0076252,N,56,2,13230.63,0,0,1,9530.83,8004.63,0.5
M0076253,N,59,0,13653.06,0,1,0,3298.03,9975.65,0.0
M0076254,N,32,0,6341.43,0,0,0,572.4,8163.62,2.0
M0076255,N,67,2,10762.66,0,0,3,3155.0,7786.94,0.0
M0076256,N,69,1,5054.5,0,0,1,1634.09,3281.59,0.02
M0076257,N,68,1,11499.83,0,1,0,2904.5,11133.45,0.0
M0076258,N,69,1,30555.73,1,3,2,18877.67,16098.47,2.06
M0076259,N,38,1,14015.87,0,1,0,4673.27,7313.69,2.55
M0076260,N,43,1,6324.46,0,0,1,4137.52,3605.92,1.29
M0076261,Y,72,4,112895.22,3,3,2,17996.78,128784.72,5.35
M0076262,N,77,0,1956.14,0,1,0,371.96,1826.54,0.6
M0076263,N,80,2,7367.78,0,0,1,4416.77,6557.46,1.35
M0076264,N,60,1,21570.05,0,1,0,2182.92,14954.87,0.43
M0076265,N,33,0,5631.47,0,1,0,895.5,5147.43,1.02
M0076266,N,34,0,5458.9,0,0,1,2127.53,3866.15,0.32
M0076267,N,66,1,19536.84,0,1,0,3399.03,12335.1,0.91
M0076268,N,73,0,4567.14,0,0,0,2164.64,2999.06,0.81
M0076269,N,68,0,11935.06,0,0,0,3039.08,13331.74,0.76
M0076270,N,25,0,10780.48,0,1,1,1224.09,13592.79,0.0
M0076271,N,64,0,18528.82,0,0,0,5922.84,9486.71,0.73
M0076272,N,28,1,17310.84,0,0,0,4813.5,11921.74,1.11
M0076273,N,22,0,55596.99,1,2,0,4924.87,39486.68,1.95
M0076274,N,58,1,4331.26,0,0,0,1988.05,3125.17,0.36
M0076275,N,20,1,1826.89,0,0,0,1118.19,1221.52,0.0
M0076276,N,48,1,5023.06,1,0,0,1359.83,4065.02,0.0
M0076277,N,63,0,56725.61,0,0,0,25078.27,21654.11,0.91
M0076278,N,19,1,4647.82,0,0,1,657.6,4078.27,0.49
M0076279,N,20,0,4981.49,0,0,0,3001.34,1777.73,1.41
M0076280,N,54,3,5065.22,0,1,0,2157.91,6457.99,1.64
M0076281,N,45,2,27200.61,1,1,0,11502.09,13216.95,2.08
M0076282,N,68,1,10159.9,0,1,0,4443.62,5067.75,0.05
M0076283,N,38,0,10414.99,0,0,1,5009.07,5516.05,0.0
M0076284,N,77,2,7628.94,0,0,0,1110.01,6682.76,2.61
M0076285,N,46,0,5772.2,0,0,0,1480.47,6823.94,0.97
M0076286,N,76,0,29477.47,0,0,0,3111.09,21757.85,0.29
M0076287,Y,49,4,379472.42,3,6,6,139138.3,177358.0,5.68
M0076288,N,77,1,6241.11,0,0,1,1930.11,9384.45,1.92
M0076289,N,57,0,7994.71,1,0,0,1719.43,6208.07,0.0
M0076290,N,21,0,9235.41,0,1,0,4641.19,7267.24,1.99
M0076291,N,76,1,21140.47,1,1,0,4851.89,20831.54,0.47
M0076292,N,64,0,4523.88,0,1,0,2015.21,4230.1,0.0
M0076293,N,68,1,10432.17,0,0,1,7515.96,6921.53,0.25
M0076294,N,54,1,9957.94,0,2,0,2425.46,7389.28,0.42
M0076295,N,67,1,8780.74,0,0,0,1821.79,7204.78,0.46
M0076296,N,70,1,6952.51,1,0,1,1744.47,5659.23,2.6
M0076297,N,78,1,7921.47,0,0,0,5726.61,6230.43,0.24
M0076298,N,35,0,8902.82,0,0,0,2032.59,10070.86,1.36
M0076299,N,21,1,17819.35,0,0,0,3825.74,10765.4,0.35
M0076300,N,67,0,3117.72,0,0,0,2166.08,2218.48,0.12
M0076301,N,20,0,7664.68,0,2,0,7227.2,5805.03,0.88
M0076302,N,79,2,13792.12,1,0,0,10764.31,6933.16,1.77
M0076303,N,56,0,16238.78,0,1,0,2786.91,10115.17,2.16
M0076304,N,20,2,4682.11,0,1,0,638.62,4471.5,0.0
M0076305,N,62,2,7571.28,0,0,1,1486.25,6195.97,0.68
M0076306,N,24,1,11384.34,0,1,2,7504.73,9143.94,3.62
M0076307,N,45,0,19443.15,0,0,0,758.96,16143.4,1.61
M0076308,N,65,0,4088.82,0,0,0,1499.63,4883.74,1.53
M0076309,N,77,0,4255.77,0,0,2,598.14,3114.84,0.49
M0076310,N,67,0,3785.08,0,0,1,2890.78,3484.3,0.12
M0076311,N,76,0,3074.45,0,1,0,1294.85,2330.68,0.89
M0076312,N,64,4,19879.85,1,2,1,5023.66,16980.17,2.54
M0076313,N,58,2,4055.79,0,0,0,2145.99,4730.09,1.3
M0076314,N,39,0,4064.39,0,0,0,1018.48,4861.0,1.25
M0076315,N,79,1,17336.47,0,0,1,4806.95,9878.89,0.87
M0076316,N,23,0,2850.92,0,0,0,1652.0,2083.48,1.59
M0076317,N,71,0,5105.37,0,0,0,1011.15,5389.6,0.22
M0076318,N,22,1,4038.2,0,0,1,1378.93,2312.09,0.91
M0076319,N,20,1,12995.02,0,0,0,1736.6,8741.78,1.05
M0076320,N,21,2,12257.94,0,0,0,1877.5,14572.78,1.29
M0076321,N,55,1,12557.69,1,1,0,2392.94,7500.45,1.13
M0076322,N,42,0,15337.61,1,0,0,4967.28,11111.3,0.0
M0076323,N,70,2,10760.79,0,0,0,1965.23,9375.13,0.24
M0076324,N,42,1,17108.75,1,0,0,4598.18,13033.38,0.95
M0076325,N,49,2,27794.81,0,0,0,10018.65,16712.2,0.75
M0076326,N,33,1,14169.77,0,1,0,6008.59,5867.38,1.02
M0076327,N,24,1,11715.43,1,2,0,5897.89,3518.39,1.28
M0076328,N,48,2,14602.76,1,2,1,5539.02,8090.44,1.86
M0076329,N,53,0,15485.79,0,1,1,5297.42,15497.09,1.39
M0076330,N,52,3,14491.36,0,0,0,7863.02,5558.72,2.27
M0076331,N,31,1,5736.03,0,0,1,1973.73,5620.74,0.55
M0076332,N,50,1,12640.4,0,1,1,18060.79,4457.73,2.44
M0076333,N,40,0,6848.59,0,1,0,2297.44,6671.27,0.0
M0076334,N,80,0,15106.94,0,0,0,3850.29,9263.98,1.59
M0076335,N,71,1,4037.28,0,0,0,2162.35,4036.68,0.45
M0076336,N,60,1,18502.44,0,0,0,5079.05,12574.43,2.67
M0076337,N,53,0,2953.05,0,1,0,1061.81,1492.68,1.6
M0076338,N,31,2,30847.13,1,0,0,8143.99,22596.84,2.44
M0076339,N,57,0,6143.78,0,0,0,1383.73,5208.88,1.64
M0076340,N,31,0,9160.13,0,1,0,4410.97,6408.61,2.1
M0076341,N,43,0,7841.86,0,0,0,677.06,7918.36,0.0
M0076342,N,54,0,6637.04,0,0,0,1147.87,10014.66,2.39
M0076343,N,66,0,11626.94,0,2,1,6636.95,7209.01,2.14
M0076344,N,50,2,10330.12,0,0,0,852.82,9486.23,0.44
M0076345,N,50,0,12720.18,0,1,0,2969.58,14355.72,0.0
M0076346,N,23,0,7614.02,1,1,1,3870.28,7169.96,1.68
M0076347,N,32,2,25424.86,0,0,0,1411.85,24753.34,2.26
M0076348,N,75,2,16566.68,0,1,0,11562.79,6022.7,1.62
M0076349,N,59,2,19817.99,1,2,1,5749.26,14571.73,1.35
M0076350,N,58,1,10640.79,0,0,0,7478.67,9711.63,1.01
M0076351,Y,49,5,250069.63,2,4,5,61408.13,202851.14,5.7
M0076352,N,18,0,8645.3,0,1,0,1278.34,7186.35,0.78
M0076353,N,46,0,1409.47,0,0,0,573.42,1193.85,0.43
M0076354,N,62,0,16885.83,0,0,1,8154.54,7291.03,0.63
M0076355,N,57,1,8428.22,0,0,1,724.22,6372.39,0.01
M0076356,N,27,1,6003.36,0,2,0,1940.49,5447.88,0.57
M0076357,N,41,3,22210.89,0,1,0,4788.52,28567.05,2.79
M0076358,N,67,2,12500.71,0,1,0,3806.98,6635.97,2.03
M0076359,N,73,1,2946.32,0,1,0,547.99,3019.72,0.87
M0076360,N,21,1,32392.65,0,0,2,11443.68,19245.43,1.95
M0076361,N,22,2,4522.71,0,0,0,1676.58,3457.02,1.18
M0076362,N,43,0,18148.22,0,0,0,2094.83,15048.08,1.19
M0076363,N,66,3,5144.16,1,0,0,1585.3,5603.11,1.69
M0076364,N,42,1,8878.04,0,0,0,1767.34,8694.84,0.0
M0076365,N,57,2,19458.67,0,1,1,4605.95,21532.47,1.94
M0076366,N,27,1,6707.85,0,3,1,1498.59,8486.36,1.19
M0076367,N,63,0,4908.25,1,1,0,673.96,4597.49,1.08
M0076368,N,38,0,6024.55,0,0,0,3598.44,1632.47,1.21
M0076369,N,63,1,10057.14,0,0,0,1684.1,6544.28,0.5
M0076370,N,69,1,27459.55,0,1,0,2068.65,24002.16,0.93
M0076371,N,64,1,12423.52,1,0,1,1471.52,9864.24,0.34
M0076372,N,46,1,14252.79,0,1,0,1694.44,19392.83,0.07
M0076373,N,23,1,8022.2,0,0,1,5329.89,2586.37,2.38
M0076374,N,48,0,8330.56,0,0,0,1254.57,6238.48,0.59
M0076375,N,69,1,14003.16,0,0,0,1945.63,19151.79,0.55
M0076376,N,23,2,5337.95,0,0,0,1686.07,3913.36,1.41
M0076377,N,76,1,7688.87,0,0,1,1616.8,7308.34,0.19
M0076378,N,36,2,5113.26,0,0,0,3741.1,3766.69,0.0
M0076379,N,18,3,4035.87,0,0,0,2345.29,4249.24,1.12
M0076380,N,56,2,14686.39,0,0,1,4245.74,8574.64,2.56
M0076381,Y,42,5,323616.93,4,2,5,50455.54,242354.14,6.8
M0076382,N,43,2,9499.77,0,0,1,4626.44,10500.01,1.93
M0076383,N,18,1,10388.91,0,0,0,1787.55,7286.48,0.0
M0076384,N,40,1,2129.37,0,0,0,890.35,2751.29,0.0
M0076385,N,27,0,7696.55,0,0,0,6100.22,4505.34,1.74
M0076386,N,52,3,27973.85,0,0,1,14026.03,16811.36,3.68
M0076387,N,20,0,6218.63,0,1,1,1839.53,3780.03,0.85
M0076388,N,20,0,11669.31,0,1,0,1998.01,11344.6,0.74
M0076389,N,70,1,10771.05,0,1,0,3001.17,7718.98,1.7
M0076390,N,52,0,19993.45,0,0,0,11365.26,5887.73,1.5
M0076391,N,22,0,15246.75,0,1,0,4572.42,9108.87,1.54
M0076392,N,62,1,11417.55,0,0,0,3206.92,16256.72,0.64
M0076393,N,51,0,18480.86,0,0,1,15825.39,6191.45,0.79
M0076394,N,21,0,2687.23,0,0,0,599.36,3108.97,0.0
M0076395,N,39,1,20670.08,1,0,0,4365.07,14286.11,1.08
M0076396,N,54,2,8279.55,0,1,0,1074.94,7069.1,1.77
M0076397,N,44,1,26148.58,0,1,1,5927.87,14766.23,0.99
M0076398,N,26,1,16722.04,0,1,0,7573.31,8828.72,0.64
M0076399,N,74,2,5748.8,0,0,0,4460.35,3404.45,1.03
M0076400,N,36,2,11806.61,0,0,0,1329.63,13437.64,0.77
M0076401,N,52,1,14446.8,0,3,0,12039.7,14105.37,2.09
M0076402,N,80,0,1638.74,0,0,0,730.92,1976.34,0.0
M0076403,N,53,1,20586.81,1,2,0,8478.94,12285.35,1.06
M0076404,N,53,1,13901.74,0,0,3,4937.22,17621.14,0.32
M0076405,N,73,0,10894.99,0,0,0,3067.97,9825.61,0.0
M0076406,N,63,1,8070.2,1,1,0,2752.42,4044.5,1.01
M0076407,N,39,1,7450.0,0,1,1,997.65,5038.1,1.14
M0076408,N,39,0,8039.34,0,0,0,1631.89,5890.62,1.14
M0076409,N,63,2,6399.76,0,1,0,3408.21,5808.71,0.68
M0076410,N,23,2,19430.04,0,2,0,7364.85,15872.85,1.04
M0076411,N,38,1,1818.4,1,0,0,522.03,2262.7,0.0
M0076412,N,43,0,6330.07,0,2,0,550.39,8015.12,1.42
M0076413,Y,69,5,345565.02,4,2,8,179390.34,128608.82,4.38
M0076414,N,79,1,13651.65,0,1,0,4465.42,6976.26,0.83
M0076415,N,49,1,14468.79,0,1,1,3082.17,16546.17,0.0
M0076416,N,29,1,11825.92,0,2,0,2616.59,6717.2,1.2
M0076417,N,38,1,7152.17,0,0,1,6308.2,2883.82,0.63
M0076418,N,57,1,7255.29,0,0,0,3527.7,3024.28,1.15
M0076419,N,47,1,5901.67,1,0,0,2319.33,7394.98,0.66
M0076420,N,46,1,7711.4,0,1,1,1791.37,6330.65,1.05
M0076421,N,26,0,9813.31,1,0,0,1477.67,6525.7,0.83
M0076422,N,38,0,3536.54,1,2,0,2670.88,3383.67,0.44
M0076423,N,71,2,25773.58,1,1,0,9808.66,10717.02,1.01
M0076424,N,62,1,11248.17,0,2,0,4623.97,7991.62,0.01
M0076425,N,25,0,4307.78,1,1,0,610.15,6701.16,0.84
M0076426,N,43,0,11210.33,0,2,1,5464.85,10048.46,0.86
M0076427,N,53,1,6320.97,0,1,0,3110.5,2592.37,0.77
M0076428,N,58,3,24144.59,1,0,0,5908.05,19958.5,3.73
M0076429,N,35,1,5598.1,0,1,0,691.9,5322.04,1.63
M0076430,N,70,1,3907.26,1,0,0,1128.82,3167.0,0.75
M0076431,N,22,0,6393.44,0,1,0,2065.92,4661.15,0.78
M0076432,N,32,1,9068.4,0,1,1,796.88,6435.85,0.58
M0076433,N,41,1,10393.29,0,2,0,4117.54,5969.33,0.71
M0076434,N,68,1,8673.52,0,0,0,5696.34,4155.05,1.03
M0076435,N,53,2,6002.22,0,0,0,3861.55,2310.23,1.73
M0076436,N,36,0,17699.56,0,1,0,2789.83,11169.37,1.29
M0076437,N,62,0,4892.87,0,1,0,2163.69,2996.21,0.0
M0076438,N,70,2,8736.38,0,1,1,5612.79,7419.01,2.29
M0076439,N,37,1,13898.79,0,1,0,3603.39,9062.86,1.24
M0076440,N,73,1,6260.08,0,1,0,1346.4,8077.69,1.28
M0076441,N,51,0,15362.55,1,1,0,2478.42,14028.02,0.93
M0076442,N,66,2,22712.04,0,0,0,2451.14,19265.25,2.26
M0076443,Y,70,4,204884.15,3,6,2,77553.33,160152.22,6.75
M0076444,N,22,0,37029.57,0,1,0,17519.39,14492.16,0.37
M0076445,N,39,3,13754.15,0,3,0,5988.62,10797.56,2.01
M0076446,N,28,2,14520.87,0,1,0,2760.55,23372.25,2.22
M0076447,N,33,3,20167.88,1,3,1,3933.8,15271.69,1.94
M0076448,N,45,0,20856.1,0,0,1,6659.68,21278.78,1.68
M0076449,N,18,1,9855.94,0,0,1,833.8,8303.42,0.52
M0076450,N,35,1,9846.82,1,0,0,2219.73,6454.24,0.86
M0076451,N,35,0,4056.76,1,0,0,1529.8,4286.33,1.82
M0076452,N,65,0,6008.88,1,1,0,4566.91,6047.59,1.59
M0076453,N,36,2,17153.33,0,1,0,1357.43,14544.96,0.34
M0076454,N,70,2,8108.35,0,0,0,5377.92,6885.48,1.71
M0076455,N,49,1,9079.39,0,0,0,633.87,7105.53,1.31
M0076456,N,49,2,5688.39,0,2,1,2492.47,6072.78,1.96
M0076457,N,58,1,8309.24,1,1,2,1758.35,4778.24,1.09
M0076458,N,26,0,1761.08,0,0,0,1274.91,1505.44,1.56
M0076459,N,38,1,8181.09,1,0,0,1330.38,5329.5,0.2
M0076460,N,18,2,9443.5,0,1,0,5752.12,10541.69,0.46
M0076461,N,52,0,5470.13,0,0,0,2664.81,4758.35,2.52
M0076462,N,62,0,10741.76,0,0,0,2970.1,5441.95,1.31
M0076463,N,27,2,4294.47,0,0,0,2074.62,4510.71,0.67
M0076464,N,24,0,5770.29,2,0,0,3029.8,6201.2,2.06
M0076465,N,33,0,3231.55,0,0,1,1202.16,2906.0,0.86
M0076466,Y,53,5,91437.99,3,2,1,30712.16,97324.3,2.6
M0076467,N,39,0,15752.02,0,0,0,6390.3,17113.37,2.55
M0076468,N,73,1,1489.47,1,0,1,1019.05,1609.49,0.28
M0076469,N,24,1,10996.58,0,1,0,3685.04,10323.81,2.08
M0076470,N,53,1,6979.54,0,0,0,2422.53,7509.34,0.71
M0076471,N,53,1,19738.77,0,2,0,3473.1,13843.02,1.92
M0076472,N,39,0,14510.1,1,0,0,3698.93,9984.44,1.68
M0076473,N,73,1,11951.44,1,0,0,5865.68,9996.76,0.41
M0076474,N,71,2,20412.39,1,0,0,13087.36,7848.7,0.73
M0076475,N,33,0,6401.65,0,0,0,1133.99,8747.07,0.83
M0076476,N,18,1,7974.54,0,1,0,6056.04,2718.78,2.03
M0076477,N,36,1,18224.05,0,2,0,1124.88,14809.24,1.45
M0076478,N,57,1,5427.63,0,3,0,1327.19,8310.62,0.98
M0076479,N,65,1,19123.75,0,0,1,1136.17,16692.16,1.98
M0076480,N,25,0,2159.75,0,0,0,1067.15,2148.76,0.45
M0076481,N,72,1,12296.5,0,0,0,3825.89,6601.35,0.75
M0076482,N,75,2,41867.85,0,2,2,3032.55,30872.82,0.87
M0076483,N,65,0,11296.43,0,1,0,909.97,8431.42,1.44
M0076484,N,53,2,7861.87,0,0,0,1591.56,6856.52,0.0
M0076485,N,32,2,4080.53,0,0,0,977.57,2304.18,0.0
M0076486,N,58,3,2715.41,0,0,0,764.51,3206.06,1.2
M0076487,N,23,2,13734.91,0,0,0,7636.56,3864.78,0.96
M0076488,N,31,0,7579.21,0,1,0,7799.47,2496.39,0.0
M0076489,N,67,1,5309.01,0,0,0,958.44,8038.83,0.42
M0076490,N,30,1,15586.47,0,1,1,1024.28,14175.35,1.36
M0076491,N,32,0,29218.48,0,0,0,6344.73,26049.24,0.92
M0076492,N,24,1,7339.07,0,1,0,3770.1,5121.81,1.57
M0076493,N,76,1,12253.62,1,1,0,2855.51,7237.42,0.1
M0076494,N,79,0,5035.85,0,1,0,425.47,6697.87,0.68
M0076495,N,34,0,11924.78,0,0,0,5400.45,5236.12,2.15
M0076496,N,22,0,3320.88,0,0,0,766.07,1979.29,1.24
M0076497,N,18,0,7453.32,0,1,0,8832.99,3316.69,0.0
M0076498,Y,36,7,176472.12,3,4,2,112099.09,118360.65,4.63
M0076499,N,24,1,10604.5,0,0,0,5231.72,4155.11,0.0
M0076500,N,20,1,12021.78,0,1,0,1548.49,9876.2,1.61
M0076501,N,59,4,25632.48,0,1,0,6617.48,27403.49,1.39
M0076502,N,61,1,2618.7,0,0,0,2349.61,1951.88,0.0
M0076503,N,36,2,27519.84,0,1,0,6019.85,22049.75,2.11
M0076504,N,77,0,4445.51,0,0,0,1552.57,4965.81,0.14
M0076505,N,27,2,85583.79,0,0,1,5561.47,65082.46,0.9
M0076506,N,38,0,4665.98,0,0,0,558.77,6475.21,0.87
M0076507,N,61,1,14944.95,0,0,1,10965.04,3945.5,1.79
M0076508,N,59,0,4092.02,0,0,0,380.45,3156.67,0.0
M0076509,N,56,2,12057.72,0,1,3,2343.23,7646.55,0.68
M0076510,Y,68,5,222714.08,5,4,3,78463.46,133682.29,4.67
M0076511,N,50,1,15705.64,0,2,0,2580.65,10843.35,0.7
M0076512,N,78,0,3402.97,0,0,0,2769.18,1568.78,1.02
M0076513,N,68,1,8071.94,0,0,0,5783.78,4058.4,0.5
M0076514,Y,48,5,412292.24,1,2,5,155319.51,273006.8,4.62
M0076515,N,72,3,29552.27,3,3,0,7322.91,44105.15,1.97
M0076516,N,71,0,17560.02,0,0,2,8543.2,13583.78,2.04
M0076517,N,65,1,14615.95,0,1,1,1943.92,14388.85,1.63
M0076518,N,20,2,7233.59,0,1,0,1141.33,6996.68,1.5
M0076519,N,72,1,5360.41,0,0,1,5672.28,3474.75,0.16
M0076520,N,65,0,19360.18,1,2,0,7225.28,11642.75,0.99
M0076521,N,62,0,7184.79,0,0,0,4074.19,3852.15,1.98
M0076522,N,42,2,19015.46,0,0,0,7783.09,11303.57,2.32
M0076523,N,77,1,12514.25,0,0,0,1087.82,13919.72,2.07
M0076524,N,26,3,14800.88,0,0,0,5261.06,10333.47,0.18
M0076525,N,45,1,3608.25,0,0,0,502.25,3042.82,0.58
M0076526,N,32,1,9428.33,0,0,0,4530.0,5443.11,0.77
M0076527,N,34,1,6734.69,0,1,0,2567.03,5489.69,0.89
M0076528,N,27,2,12172.41,0,0,0,3668.55,12204.6,1.73
M0076529,N,49,0,2248.19,0,2,0,1263.39,2346.65,0.0
M0076530,N,51,0,18604.47,0,0,2,3165.64,30316.19,0.57
M0076531,N,40,0,4806.1,0,1,1,613.16,3809.5,0.97
M0076532,N,60,1,6495.89,0,0,0,3602.35,2716.75,0.7
M0076533,N,78,1,15420.76,0,1,0,1824.72,11903.5,2.17
M0076534,N,69,1,25520.52,1,0,1,1308.28,24860.48,1.11
M0076535,N,58,0,8498.73,0,1,0,5012.24,5414.91,1.34
M0076536,N,19,1,11764.97,1,1,1,2679.03,10064.8,1.17
M0076537,N,74,2,24676.24,0,0,0,4820.02,15735.12,1.5
M0076538,N,20,0,10400.32,1,0,0,3087.57,12208.78,0.85
M0076539,N,64,0,14354.44,0,1,1,7302.34,4351.05,0.44
M0076540,N,54,3,36403.25,0,1,0,11602.28,21684.92,2.49
M0076541,N,75,2,15728.33,0,3,0,18365.74,9958.96,1.93
M0076542,N,44,1,13963.29,0,0,0,2762.15,8921.76,1.89
M0076543,N,24,1,3652.38,0,0,0,380.28,4052.58,1.0
M0076544,N,36,3,18303.75,0,1,2,756.65,21973.72,0.0
M0076545,N,30,2,17280.49,0,0,1,2489.61,16682.01,3.06
M0076546,N,73,0,2236.81,1,2,0,489.7,2287.75,0.21
M0076547,N,20,1,12490.17,0,0,1,5597.01,12375.1,1.75
M0076548,N,45,3,28765.54,1,1,2,8112.82,19509.93,2.11
M0076549,N,69,0,3914.7,0,0,0,1944.42,2893.61,0.19
M0076550,N,46,4,9265.39,1,2,0,3259.03,10137.13,0.34
M0076551,N,65,0,16018.02,0,0,0,1611.05,13465.47,1.65
M0076552,N,43,0,6944.9,1,0,1,1652.27,5665.89,0.83
M0076553,N,36,1,5844.3,0,0,1,544.81,5524.19,0.0
M0076554,N,72,2,9144.88,0,0,0,2868.93,7936.37,0.1
M0076555,N,37,0,7470.51,0,1,0,2130.19,4543.72,0.02
M0076556,N,28,1,8612.34,0,1,0,4804.43,3749.06,0.49
M0076557,N,80,3,10770.06,0,1,0,4612.79,13932.16,0.67
M0076558,N,26,0,14422.19,0,1,0,4093.37,7697.91,1.87
M0076559,Y,79,6,238855.62,4,5,7,97247.87,225648.97,6.01
M0076560,N,56,2,33494.04,0,0,1,15741.62,24419.18,0.67
M0076561,N,27,1,13786.06,2,0,0,1603.76,14547.51,0.0
M0076562,Y,47,6,222330.53,1,3,3,89666.49,183550.12,2.68
M0076563,N,21,0,11049.29,0,0,0,7355.0,10109.15,1.54
M0076564,N,57,2,6149.62,0,0,0,1502.79,3927.78,0.69
M0076565,N,32,1,12212.97,0,1,0,2142.71,13038.9,1.59
M0076566,N,31,3,15446.87,1,3,0,13625.6,13950.0,2.54
M0076567,N,28,2,10422.66,0,0,0,5414.91,9828.26,0.27
M0076568,Y,44,7,348929.34,4,3,6,129301.4,218310.54,7.02
M0076569,N,51,1,29964.81,1,0,0,6929.04,17176.46,1.31
M0076570,N,47,0,15917.71,0,1,0,3554.75,9477.78,0.33
M0076571,N,63,0,20513.91,0,1,0,3291.67,13554.21,2.34
M0076572,N,64,2,10383.19,0,0,1,3983.89,5589.48,0.75
M0076573,Y,73,6,479357.54,4,8,4,216442.12,197256.24,6.19
M0076574,N,50,0,13724.84,0,1,0,3478.53,14736.13,2.36
M0076575,N,21,2,14559.21,0,2,1,4821.39,10539.67,1.99
M0076576,N,74,1,10224.84,0,0,0,1655.68,10791.58,0.48
M0076577,N,74,1,3809.97,0,0,0,813.15,4284.09,1.39
M0076578,N,31,1,14684.86,0,2,0,4133.05,12379.92,2.24
M0076579,N,40,0,10728.05,1,0,0,1612.8,7580.04,0.9
M0076580,N,65,0,15819.1,0,0,1,7404.87,16533.13,1.32
M0076581,N,64,0,30398.35,0,1,1,16076.54,19166.84,1.86
M0076582,N,76,2,7418.85,1,0,0,1694.47,10747.25,0.62
M0076583,N,72,0,8824.84,0,0,0,3033.51,4346.01,0.14
M0076584,N,77,1,7598.98,0,1,0,3480.41,2544.49,0.0
M0076585,N,24,0,2985.29,1,0,0,1911.33,3347.82,2.22
M0076586,N,45,0,4322.05,0,1,2,1218.05,2447.01,0.0
M0076587,N,78,0,12694.63,0,0,0,1170.12,9750.04,2.18
M0076588,N,27,1,17730.03,2,1,1,2410.45,14135.82,2.08
M0076589,N,34,3,52861.29,0,1,1,26355.88,21905.29,2.17
M0076590,N,61,0,6260.37,0,2,0,1355.48,4219.87,1.0
M0076591,N,43,0,21794.17,0,0,0,12735.23,12032.28,2.23
M0076592,N,57,0,11735.69,0,0,0,6463.5,11494.33,0.68
M0076593,N,55,3,7700.87,0,1,0,2828.78,6665.21,0.97
M0076594,N,26,0,3536.94,0,0,0,678.34,3871.28,0.0
M0076595,N,34,1,21463.9,1,1,0,7122.06,13840.56,1.11
M0076596,N,22,2,15325.58,0,0,0,414.02,12399.01,1.8
M0076597,N,32,2,6241.57,0,2,0,1535.28,6032.63,1.68
M0076598,N,25,1,7579.59,0,0,0,4017.41,4369.97,1.12
M0076599,N,33,1,17249.12,0,0,0,7407.78,8156.25,0.4
M0076600,N,56,1,8500.54,0,0,0,2695.39,6228.08,1.48
M0076601,Y,68,3,170463.76,3,1,3,89196.61,122135.5,2.74
M0076602,N,76,1,17666.86,0,2,0,9580.79,8321.96,0.48
M0076603,Y,41,8,304131.75,4,4,5,108613.4,159264.65,4.95
M0076604,N,68,2,7122.45,1,1,1,3422.11,3633.78,2.01
M0076605,N,35,1,9455.6,0,0,0,2980.8,7502.46,0.26
M0076606,N,66,2,7804.42,0,1,0,1606.33,5695.99,0.24
M0076607,N,49,2,27909.4,1,1,2,23753.26,16536.03,2.5
M0076608,N,80,1,8309.63,0,0,0,5461.56,4304.12,0.77
M0076609,N,51,2,11571.03,0,1,0,4365.66,8655.62,1.03
M0076610,N,64,1,5398.24,0,0,0,3523.84,3098.47,1.56
M0076611,N,52,1,12346.31,0,1,1,3934.15,13230.25,0.56
M0076612,N,48,2,13451.27,0,1,0,7439.62,14458.45,0.44
M0076613,N,31,1,5377.97,1,1,0,2407.43,5105.04,0.01
M0076614,N,48,1,25874.27,0,2,1,2593.93,19852.6,2.78
M0076615,N,76,0,25177.39,0,0,0,2222.44,18522.72,0.14
M0076616,N,50,0,12380.24,0,2,0,2210.86,11059.25,0.69
M0076617,N,73,2,2482.54,0,1,0,703.57,2586.09,0.0
M0076618,N,53,1,60442.21,0,1,0,6673.38,42762.92,1.12
M0076619,N,62,2,16904.99,0,0,0,3767.22,11471.54,1.84
M0076620,N,40,1,6143.3,0,1,0,1355.6,6511.9,0.99
M0076621,N,41,0,6022.61,0,0,0,1103.51,4635.99,1.81
M0076622,N,43,0,6851.54,0,0,0,1427.28,5687.5,1.27
M0076623,N,61,0,40303.33,0,1,0,9173.0,24206.37,1.61
M0076624,N,40,1,9118.6,0,0,0,1972.55,13810.17,0.7
M0076625,N,19,1,28047.4,1,0,0,4000.06,21014.43,2.08
M0076626,N,43,0,4415.61,0,0,0,2585.68,4314.13,0.71
M0076627,N,72,0,54959.36,0,1,0,2843.03,47867.7,0.35
M0076628,N,54,1,17388.72,0,1,0,2827.24,14257.14,1.93
M0076629,N,60,1,7827.04,0,0,0,2838.59,6075.55,1.53
M0076630,N,26,0,15602.22,0,0,0,4246.66,8892.07,1.65
M0076631,N,69,0,30197.3,0,0,0,4061.59,21377.66,1.76
M0076632,N,50,3,4966.79,0,2,0,927.08,6304.91,1.68
M0076633,N,34,0,6433.58,0,1,0,3629.62,2682.06,0.0
M0076634,N,31,0,6013.82,0,0,0,3284.76,6216.65,0.22
M0076635,N,71,2,7811.59,0,1,1,1610.77,7708.84,0.33
M0076636,N,28,4,7869.12,0,2,0,1638.16,9161.64,1.11
M0076637,N,31,2,10718.92,0,1,0,3467.17,6683.59,0.38
M0076638,N,68,0,17411.49,0,1,0,2052.43,26188.1,0.0
M0076639,N,49,1,4089.29,0,0,0,1027.4,2876.75,0.0
M0076640,N,19,0,17038.95,0,0,1,5318.18,16575.27,0.0
M0076641,N,68,1,40379.71,0,0,0,5298.19,28752.44,0.34
M0076642,N,61,2,17757.51,0,1,2,1697.26,12822.36,3.35
M0076643,N,53,0,6857.73,0,0,0,2127.06,6189.6,0.95
M0076644,N,45,1,8913.15,0,0,0,3772.58,4362.8,0.39
M0076645,N,45,1,31629.76,0,2,0,4806.99,22874.81,3.54
M0076646,N,80,2,2987.3,0,0,0,1533.24,2560.22,0.2
M0076647,N,40,0,2920.51,1,0,0,1499.6,3726.31,0.57
M0076648,N,36,1,29049.04,0,1,0,6083.23,25012.57,0.25
M0076649,N,60,2,29738.55,0,0,2,8980.94,19188.68,0.26
M0076650,N,65,0,9072.36,0,1,0,2461.33,8149.22,0.18
M0076651,N,51,1,11705.66,0,0,1,4335.38,5289.37,0.97
M0076652,N,25,3,15311.41,0,2,0,16947.74,9702.21,3.0
M0076653,N,62,1,7902.32,0,0,0,1500.64,7931.43,1.24
M0076654,N,30,0,2418.03,0,1,0,740.39,1850.45,0.06
M0076655,N,41,0,6290.53,1,0,1,812.33,5046.75,0.66
M0076656,N,44,1,17540.56,0,1,0,9425.58,9751.34,1.82
M0076657,N,72,3,14064.97,0,1,0,1634.8,9643.78,2.02
M0076658,N,55,0,8331.52,0,0,0,2062.9,7407.81,0.82
M0076659,N,67,0,7999.56,0,0,0,2153.27,12389.56,1.7
M0076660,N,74,1,16225.02,0,0,0,7456.66,7390.81,1.36
M0076661,N,20,0,14530.52,0,1,0,4281.1,9436.76,0.77
M0076662,N,68,3,4586.2,0,0,0,1718.41,4279.27,0.0
M0076663,N,50,2,6752.13,1,1,0,4358.22,6096.19,0.69
M0076664,N,25,0,2316.83,1,0,0,1092.35,1835.26,1.34
M0076665,N,35,0,15618.59,0,0,0,2917.99,14855.23,2.08
M0076666,N,38,0,17275.09,0,0,0,6056.0,7671.1,1.71
M0076667,N,58,0,10581.19,2,1,0,4036.76,6269.31,1.81
M0076668,N,35,2,7437.92,0,2,0,3216.7,6908.99,1.9
M0076669,N,75,2,16923.7,0,0,0,10844.95,12286.87,1.24
M0076670,N,20,1,15665.8,0,0,0,4492.33,19274.9,0.37
M0076671,N,32,0,16978.28,1,1,0,939.65,13521.11,1.59
M0076672,N,79,1,5406.95,0,2,0,366.52,5990.65,0.47
M0076673,N,70,2,16544.98,0,1,0,4662.4,15842.7,1.4
M0076674,N,72,2,4044.94,1,0,0,2015.34,4629.08,0.19
M0076675,N,44,2,14538.53,0,2,1,4135.64,13343.06,2.87
M0076676,N,64,1,7134.69,1,0,0,6985.13,4293.36,1.16
M0076677,N,42,0,9849.74,0,0,1,2976.4,10072.99,1.21
M0076678,N,29,1,10518.16,2,1,0,8117.3,5823.77,1.74
M0076679,N,48,1,25413.86,0,2,0,5485.78,22933.05,1.56
M0076680,N,77,0,11042.1,1,0,1,7572.45,12261.82,1.74
M0076681,N,78,2,10671.23,0,0,0,800.07,8517.01,0.62
M0076682,N,49,1,1322.79,1,1,0,351.05,1924.15,0.0
M0076683,N,43,2,12340.33,1,3,0,7031.74,5955.65,2.16
M0076684,N,27,0,25294.21,0,1,1,10831.85,12711.87,0.77
M0076685,N,43,0,31274.05,0,0,0,27777.93,6398.61,0.25
M0076686,N,72,2,4542.63,0,0,0,1081.69,3434.48,1.21
M0076687,N,56,2,5391.4,0,0,0,3457.51,2884.64,0.76
M0076688,N,65,2,19393.78,0,1,0,5067.33,20678.12,0.49
M0076689,N,60,0,8651.43,1,2,0,3023.59,6633.14,0.67
M0076690,N,41,0,14927.01,0,0,0,3437.39,8991.39,1.3
M0076691,N,60,2,5650.82,0,0,0,436.46,7187.36,0.54
M0076692,N,30,0,19129.73,0,0,1,3494.51,12518.61,0.23
M0076693,N,76,2,5403.55,0,0,0,1131.16,5206.86,0.0
M0076694,N,40,1,4017.3,0,1,0,1816.28,4502.72,0.35
M0076695,N,18,0,16826.18,1,1,0,1882.61,12214.78,0.62
M0076696,N,62,1,4856.2,1,1,0,3146.96,4012.16,0.28
M0076697,N,53,1,8943.71,0,0,0,2185.93,5187.06,1.05
M0076698,N,27,3,10263.2,1,1,1,2902.71,15252.7,1.97
M0076699,N,58,0,7170.61,1,2,0,2785.93,3158.46,0.46
M0076700,N,76,1,7873.55,0,0,1,3645.3,4716.86,1.13
M0076701,N,45,2,6048.51,0,1,0,2449.43,2656.84,0.41
M0076702,N,36,3,11926.76,1,1,0,3294.43,9427.86,2.52
M0076703,N,30,1,21403.28,0,0,0,4445.75,14237.5,0.69
M0076704,N,37,1,4506.89,0,0,0,728.2,5461.21,0.17
M0076705,N,26,2,13210.69,0,0,2,4903.14,10722.79,1.17
M0076706,N,80,1,23459.55,0,1,0,7618.83,14794.06,1.15
M0076707,N,71,2,11435.79,1,0,0,1103.06,8957.77,2.75
M0076708,N,19,1,24768.27,0,0,0,2407.62,32066.5,2.26
M0076709,N,59,2,14898.54,0,1,0,3950.09,9601.13,2.43
M0076710,N,21,0,6368.43,0,0,1,2583.02,8847.2,0.3
M0076711,N,63,0,11574.79,0,1,0,1206.88,8920.16,0.0
M0076712,N,20,0,14244.73,0,0,0,2281.19,13765.5,0.75
M0076713,N,65,2,20477.45,1,3,0,2800.62,16892.96,0.35
M0076714,N,65,1,4157.16,1,0,0,888.22,5426.19,0.42
M0076715,N,60,0,3614.05,0,0,1,1583.28,2369.23,0.92
M0076716,N,46,1,9170.16,0,0,0,573.9,8918.58,0.0
M0076717,N,42,0,13393.02,0,0,0,898.34,13489.85,0.41
M0076718,N,26,0,7225.74,0,1,0,2473.65,7943.39,0.78
M0076719,N,49,2,9186.03,0,0,1,2914.02,7758.69,0.92
M0076720,N,49,1,20895.81,0,1,0,1134.12,25949.82,1.49
M0076721,N,60,1,4520.28,0,0,0,1261.69,3611.9,0.58
M0076722,N,45,0,8006.68,0,0,0,5291.72,2521.04,0.86
M0076723,N,74,1,10856.96,0,1,0,4416.38,6485.39,2.01
M0076724,N,55,0,9907.47,0,0,0,1279.65,7138.28,0.0
M0076725,N,53,2,14553.44,0,1,0,7760.62,5844.68,1.96
M0076726,N,50,2,13262.0,1,1,0,3824.49,10192.09,1.07
M0076727,N,49,0,26945.71,0,1,0,19556.07,4572.61,1.67
M0076728,N,72,2,10146.8,0,1,0,1969.41,7299.4,0.98
M0076729,N,27,1,42358.49,1,0,0,14954.83,56354.8,0.92
M0076730,N,55,0,22493.08,0,0,1,1701.69,17785.08,2.47
M0076731,N,51,2,46481.16,0,0,0,29943.77,7335.16,1.73
M0076732,N,19,1,12670.14,0,0,0,8091.34,4321.15,1.33
M0076733,N,50,1,4229.13,0,0,0,1577.19,2134.2,0.7
M0076734,N,59,1,15825.63,2,1,0,3337.26,16590.17,2.53
M0076735,N,74,1,13270.93,0,0,0,4472.16,6358.2,0.25
M0076736,N,21,0,4242.65,0,0,0,1100.79,5139.84,1.03
M0076737,N,56,1,12620.95,2,0,1,3315.75,14391.22,1.38
M0076738,N,56,1,15862.13,0,0,0,4125.89,10859.91,1.73
M0076739,N,30,1,14339.45,1,2,0,1265.89,13887.9,0.77
M0076740,N,42,2,4986.22,0,0,0,998.85,3369.81,0.0
M0076741,N,59,1,33271.31,0,1,1,11361.57,20264.44,1.71
M0076742,N,44,0,13188.13,1,0,0,2225.35,9232.45,0.46
M0076743,N,54,0,9313.53,1,0,0,2553.26,6649.75,0.21
M0076744,Y,58,8,330244.05,4,4,4,107024.25,170032.51,6.0
M0076745,N,75,1,8021.93,0,0,0,2332.0,7108.79,0.18
M0076746,N,40,2,17480.73,0,0,0,2309.55,19084.45,0.6
M0076747,N,46,0,22797.28,0,2,0,7716.7,22537.41,2.19
M0076748,N,46,0,7452.25,0,0,0,4238.87,8542.8,1.57
M0076749,N,34,3,16510.43,1,3,0,4792.58,12740.72,0.0
M0076750,N,33,0,8098.31,0,1,0,1007.9,11060.46,1.03
M0076751,N,75,1,24077.52,0,3,0,3202.79,16299.35,0.56
M0076752,N,31,0,21413.95,1,1,0,1930.72,16228.26,1.26
M0076753,N,39,1,4996.6,0,0,1,3081.54,3705.36,1.15
M0076754,N,67,1,7200.9,0,0,0,2623.2,6397.74,1.29
M0076755,N,52,0,8433.52,2,0,0,1878.08,5021.85,0.19
M0076756,N,66,2,3306.0,0,0,1,979.35,3912.16,0.0
M0076757,N,46,1,16020.16,0,0,0,7116.98,10482.33,0.89
M0076758,N,20,0,14105.82,0,2,0,1738.11,14350.71,1.91
M0076759,N,52,2,8277.42,0,1,0,3523.44,8143.89,2.17
M0076760,N,44,3,15228.1,1,1,0,4578.23,10629.06,2.11
M0076761,N,37,2,10695.56,0,1,0,1864.37,8155.09,1.9
M0076762,N,32,0,11467.42,1,0,1,2872.0,6354.07,1.47
M0076763,N,69,0,3044.99,0,0,0,1574.12,2007.35,0.45
M0076764,N,53,2,21116.66,0,1,0,2209.59,22574.68,1.23
M0076765,N,75,1,11593.16,0,0,0,2292.87,8390.85,1.89
M0076766,N,54,0,28451.91,0,1,2,4292.73,20528.81,2.23
M0076767,N,19,1,33489.43,0,0,0,7331.36,22611.23,1.21
M0076768,Y,58,4,443607.49,3,6,5,146538.59,319093.28,7.75
M0076769,N,21,2,9859.39,0,0,0,2105.75,13708.09,1.64
M0076770,N,67,1,17261.02,0,0,1,1185.01,13223.39,1.51
M0076771,N,35,0,20939.42,0,1,0,5324.91,13882.94,0.0
M0076772,N,34,0,7662.45,0,1,0,3260.96,2814.09,0.86
M0076773,N,35,1,9820.21,0,0,0,3517.5,6681.31,1.1
M0076774,N,59,2,7374.07,0,0,0,1381.7,11039.72,1.33
M0076775,N,32,0,7854.97,0,0,0,1951.76,7398.37,0.0
M0076776,N,56,0,8160.21,0,1,1,3862.65,4859.32,0.39
M0076777,N,71,1,18650.21,1,1,0,8594.96,11303.36,1.76
M0076778,N,39,0,5341.94,0,0,0,1402.85,3219.8,0.0
M0076779,N,29,1,19113.07,0,2,0,1891.43,17485.48,2.48
M0076780,N,35,0,23947.44,0,1,0,2020.86,17360.29,1.11
M0076781,N,51,0,7101.02,0,1,1,2295.72,4193.68,2.1
M0076782,N,31,1,16692.26,1,1,0,12841.0,16628.57,2.5
M0076783,N,70,0,19620.5,1,0,0,5627.31,17894.31,1.39
M0076784,N,77,1,10204.65,0,1,0,1346.14,9807.59,0.89
M0076785,N,29,2,28622.86,0,2,2,5663.19,20792.51,2.09
M0076786,N,59,1,28034.71,0,2,0,3897.98,22099.44,1.71
M0076787,N,24,0,17980.21,0,1,0,1779.8,15480.73,1.7
M0076788,Y,85,7,219476.17,3,7,4,46969.59,195994.14,5.49
M0076789,N,43,0,7675.75,0,0,0,1627.38,4704.22,0.69
M0076790,N,55,2,29433.45,1,1,1,8686.03,15759.59,1.92
M0076791,N,44,2,10017.56,0,2,1,2337.52,11017.6,0.65
M0076792,N,35,2,7649.53,1,0,0,2044.58,6758.32,0.72
M0076793,N,36,2,19521.37,0,0,0,2601.52,22980.91,1.78
M0076794,N,35,2,15185.87,0,1,1,6987.34,8653.16,1.05
M0076795,N,26,1,21733.44,0,1,0,4165.97,15688.15,0.56
M0076796,Y,41,5,449190.2,1,4,4,118111.81,341504.31,4.87
M0076797,N,61,2,48207.13,0,2,1,3821.91,61271.77,1.9
M0076798,N,39,1,21431.94,0,0,0,2303.49,15494.46,0.63
M0076799,N,19,0,4363.37,0,1,0,1591.39,2598.99,0.21
M0076800,N,19,1,4061.93,0,1,1,1866.24,5396.8,1.05
M0076801,N,59,0,4310.05,0,0,0,3204.38,3711.33,0.37
M0076802,N,42,0,11152.0,0,0,0,1441.91,13236.63,0.55
M0076803,N,64,1,1306.9,0,0,0,872.48,978.77,0.0
M0076804,N,23,1,10501.08,0,0,0,3981.21,4813.95,1.06
M0076805,N,39,1,6194.79,0,2,0,1612.71,4511.92,0.0
M0076806,N,39,1,11817.29,0,1,0,1644.94,15272.57,1.71
M0076807,N,48,2,13218.27,1,3,1,6713.12,13815.76,1.51
M0076808,N,73,1,10418.4,1,0,1,2220.21,7434.2,0.52
M0076809,N,45,0,7407.32,0,0,0,1836.14,5520.62,0.75
M0076810,N,58,1,13285.86,1,0,0,2318.28,8278.74,0.83
M0076811,N,59,1,3940.38,0,1,1,2412.89,1603.38,2.15
M0076812,N,79,0,6973.56,0,0,1,3139.14,3024.52,1.89
M0076813,N,49,1,24907.39,0,2,0,5349.84,22932.19,0.42
M0076814,N,26,2,5925.26,0,0,0,1511.76,6751.98,1.29
M0076815,N,44,1,8241.95,0,0,0,499.24,9176.15,0.65
M0076816,N,27,0,17194.37,1,3,0,2671.19,12053.06,2.3
M0076817,N,78,1,2706.02,0,0,1,1615.4,3295.13,2.0
M0076818,N,53,0,11233.24,0,1,0,3871.35,15367.9,0.02
M0076819,N,39,2,4825.05,0,1,1,1214.22,6583.54,0.71
M0076820,N,19,0,5148.48,0,1,0,1172.81,6619.6,1.68
M0076821,N,24,2,23712.83,0,1,0,1785.79,27986.16,2.62
M0076822,N,67,0,16615.4,0,1,0,4122.76,10965.05,2.62
M0076823,N,74,1,29632.54,0,0,1,11824.88,16562.71,0.75
M0076824,N,50,1,14003.35,0,0,0,2949.42,9644.63,1.89
M0076825,N,46,2,5844.9,0,0,0,2932.39,5409.01,0.93
M0076826,N,77,0,4966.08,0,0,0,1273.44,2932.22,1.45
M0076827,N,79,0,30920.3,0,1,0,11541.47,13880.17,2.51
M0076828,N,60,1,6084.19,0,0,0,1378.99,3780.83,0.01
M0076829,N,70,2,5118.35,0,1,0,2442.52,3205.5,1.7
M0076830,N,80,0,3044.77,0,0,0,2353.5,2746.76,0.0
M0076831,N,68,0,16751.63,1,0,0,4212.18,18509.19,0.0
M0076832,N,27,3,17627.45,0,4,1,9123.81,10957.32,0.81
M0076833,N,27,1,9082.5,1,0,0,1582.54,6744.52,0.57
M0076834,N,27,1,7547.65,0,0,0,2269.38,3986.05,0.0
M0076835,N,44,1,13284.31,0,0,0,2321.45,9833.14,0.48
M0076836,N,45,2,14601.14,0,0,0,13626.57,5341.44,0.52
M0076837,N,35,1,10304.53,0,0,1,2347.9,12188.08,0.98
M0076838,N,38,0,39075.53,0,0,0,1572.64,66850.23,1.21
M0076839,N,78,3,10397.16,0,0,0,5121.78,4303.28,1.69
M0076840,Y,74,5,266971.93,6,6,5,116793.66,166641.68,7.23
M0076841,N,80,2,2270.78,0,0,0,740.77,2830.58,2.18
M0076842,N,50,0,8119.43,0,2,0,7543.56,4291.29,0.92
M0076843,N,50,0,12898.92,1,1,0,2547.04,13071.62,1.3
M0076844,N,27,0,20525.66,0,1,2,9192.6,14958.25,1.94
M0076845,N,45,0,6623.61,0,0,0,1040.41,6176.16,1.6
M0076846,N,22,0,4341.96,0,0,0,1005.99,6177.89,0.0
M0076847,N,20,2,11746.49,0,1,0,2567.24,8449.52,1.08
M0076848,N,74,3,7026.41,1,0,0,1490.48,8611.93,1.01
M0076849,N,62,1,8316.2,0,0,0,3712.94,9170.55,2.03
M0076850,N,50,1,7799.53,0,0,2,3859.36,3070.31,0.1
M0076851,N,68,0,22018.01,1,0,0,7755.63,13242.2,1.26
M0076852,N,79,0,9819.5,0,1,0,908.69,7022.95,0.49
M0076853,N,57,0,11595.37,0,1,0,2563.7,6919.58,1.06
M0076854,N,42,0,6383.9,0,0,0,1456.58,4165.46,1.56
M0076855,N,69,0,2157.76,0,1,0,476.55,2222.1,2.25
M0076856,N,62,0,15622.69,0,0,0,2760.33,12953.16,0.12
M0076857,N,65,2,26838.14,0,1,0,6346.76,20123.62,0.77
M0076858,N,36,2,5145.56,0,0,0,647.43,3680.3,0.0
M0076859,N,65,0,13709.95,0,0,1,2478.25,12357.83,0.15
M0076860,N,32,0,23959.72,0,0,0,3242.75,18533.97,1.24
M0076861,N,19,0,9076.13,0,0,0,9088.37,5896.73,0.73
M0076862,N,42,0,6062.34,0,1,1,1146.85,4244.77,1.39
M0076863,N,66,1,6926.39,0,0,0,807.4,4871.07,1.69
M0076864,Y,69,4,133425.28,3,1,3,44634.81,104241.72,2.0
M0076865,N,49,1,10258.15,1,0,1,2077.38,10774.93,0.8
M0076866,N,34,0,3044.23,1,0,0,1326.63,4086.58,0.23
M0076867,N,20,2,4184.47,0,0,1,802.42,5313.61,2.21
M0076868,N,80,2,10739.54,0,0,0,3950.34,6769.22,1.34
M0076869,N,76,1,6848.54,1,1,0,2928.19,4270.61,2.02
M0076870,N,41,0,31138.12,1,0,0,17419.43,21343.45,1.11
M0076871,N,23,2,12425.66,0,1,1,6213.81,5371.53,0.0
M0076872,N,63,1,7487.64,0,2,1,2124.45,9621.6,0.76
M0076873,N,50,0,13135.72,1,1,0,4086.63,9222.95,2.14
M0076874,N,64,0,4915.13,0,0,2,929.56,7333.75,1.62
M0076875,N,23,3,25061.69,0,0,0,4613.86,21017.06,1.31
M0076876,N,19,0,3366.8,2,0,0,2231.88,2411.24,0.07
M0076877,N,58,2,3145.87,0,0,0,1379.51,3062.89,0.0
M0076878,N,34,0,9424.2,0,1,0,4308.01,12671.73,1.22
M0076879,Y,58,5,305636.66,3,1,3,93775.16,182715.11,7.59
M0076880,N,66,2,7329.95,0,0,0,1403.77,4596.15,0.74
M0076881,N,30,0,3626.65,0,1,1,930.76,2929.92,1.21
M0076882,N,49,2,69315.79,0,1,0,8321.31,59908.52,2.82
M0076883,N,80,1,8863.68,0,1,0,2280.95,7330.14,1.33
M0076884,N,46,0,23450.89,0,0,0,1186.98,18583.42,1.47
M0076885,N,76,0,14021.72,0,0,0,2521.74,13170.15,2.31
M0076886,N,32,0,6778.33,0,2,0,4217.83,4824.37,1.74
M0076887,N,43,0,7032.55,0,0,0,5321.72,5739.07,0.48
M0076888,N,33,2,14126.38,0,0,1,3670.3,7955.67,1.46
M0076889,N,45,3,17203.24,0,2,1,4692.66,11463.12,1.65
M0076890,N,80,2,4143.44,0,1,0,2190.73,5274.78,0.91
M0076891,N,76,2,7950.13,0,1,0,4983.48,8085.69,0.51
M0076892,N,34,2,13275.57,1,1,0,2634.27,10349.21,0.02
M0076893,N,70,0,13123.67,0,0,0,1066.4,11525.09,0.0
M0076894,N,68,0,9158.12,1,0,0,4528.11,4299.66,1.09
M0076895,N,78,1,3532.94,0,1,0,964.41,3749.39,0.5
M0076896,N,19,1,5071.97,0,0,0,1161.4,4985.68,0.8
M0076897,N,25,0,28670.69,0,1,0,4884.86,22549.69,2.8
M0076898,N,74,0,31097.89,0,0,0,12443.5,19209.47,1.99
M0076899,N,64,2,11095.68,1,2,0,2647.39,15435.8,2.27
M0076900,N,23,1,8077.09,0,0,0,2709.01,4322.84,0.0
M0076901,N,50,0,8679.37,1,1,0,2557.83,7457.18,0.92
M0076902,N,79,0,1873.0,1,1,0,384.19,2708.66,0.0
M0076903,N,68,1,17634.28,0,0,1,699.35,17875.42,0.7
M0076904,N,52,0,3244.52,0,0,0,1308.94,4455.43,0.0
M0076905,N,75,1,4247.36,0,0,0,708.98,3751.46,0.35
M0076906,N,51,2,18629.76,1,0,0,8750.13,10461.22,0.83
M0076907,N,50,0,3214.06,0,0,0,1800.71,3566.6,1.1
M0076908,N,52,0,16542.94,0,2,0,4542.82,17546.86,0.88
M0076909,N,36,1,14051.12,0,1,1,6415.79,5588.03,0.13
M0076910,N,39,1,22713.91,1,0,1,1609.61,19478.77,2.73
M0076911,N,72,0,13544.68,0,1,0,9124.65,7785.06,1.33
M0076912,N,55,4,7252.56,0,0,2,3076.38,5074.96,2.34
M0076913,N,41,4,10238.24,0,2,0,3995.77,9266.5,2.25
M0076914,N,33,3,46212.12,1,0,0,15865.87,36341.63,1.78
M0076915,N,48,0,14320.16,0,0,0,3534.73,7881.64,1.94
M0076916,N,26,1,11625.0,0,0,0,4822.04,11584.07,0.0
M0076917,N,52,3,18084.76,0,0,1,5289.56,16622.58,0.71
M0076918,N,43,1,11710.79,0,0,0,2015.23,11077.08,0.7
M0076919,N,37,1,12457.9,0,0,0,7764.85,5801.21,0.0
M0076920,N,29,0,3911.76,1,1,0,2394.2,3560.63,0.81
M0076921,N,41,0,2034.81,0,0,0,772.89,2633.99,0.18
M0076922,Y,65,3,163708.45,1,5,3,132484.41,97347.31,4.33
M0076923,N,41,1,57429.21,0,0,2,2969.11,53876.65,2.33
M0076924,N,21,2,15161.11,0,0,0,2773.67,11843.11,0.49
M0076925,N,38,1,22855.13,0,2,0,6044.26,15976.41,2.71
M0076926,N,74,0,6513.49,0,0,0,1230.97,5089.12,0.0
M0076927,N,44,0,13540.24,0,0,1,2154.59,8775.3,0.0
M0076928,N,40,1,19983.31,0,1,0,1017.77,15006.91,0.0
M0076929,N,68,2,17881.52,0,2,1,6600.96,17629.44,1.39
M0076930,N,29,0,6481.89,0,1,0,1158.23,5352.62,0.0
M0076931,N,74,1,15316.25,0,1,1,8824.95,7971.65,1.12
M0076932,N,40,0,14668.24,0,2,0,4342.5,10367.65,0.61
M0076933,Y,71,6,477382.51,6,5,6,108300.1,321202.86,5.37
M0076934,N,58,1,17780.49,1,2,0,6151.12,9705.03,0.29
M0076935,N,19,2,10260.03,0,1,0,13089.77,2557.55,0.35
M0076936,N,55,0,17376.91,0,0,0,8977.3,14611.43,2.37
M0076937,N,76,1,24912.13,0,4,0,2796.85,18200.39,2.09
M0076938,N,46,2,15610.56,0,1,0,2351.47,16487.07,1.34
M0076939,N,75,0,13983.02,0,0,0,1702.78,9506.6,0.39
M0076940,N,40,2,6433.91,1,0,1,7260.12,4071.55,1.56
M0076941,N,21,1,10528.58,0,1,0,9278.27,3086.3,1.26
M0076942,N,25,1,14603.16,0,1,0,6238.62,6412.39,0.74
M0076943,N,20,1,16450.79,1,0,0,1590.08,20759.81,0.91
M0076944,N,23,0,9328.03,0,0,0,11478.07,4134.99,0.28
M0076945,N,67,1,5518.39,0,1,0,912.04,4261.45,1.03
M0076946,N,69,1,10301.86,1,0,0,665.69,11261.26,0.33
M0076947,N,60,0,17324.79,0,0,1,6481.4,9472.8,2.82
M0076948,N,80,1,5668.11,0,1,0,2628.11,2697.95,0.0
M0076949,N,75,0,3620.15,0,0,0,1491.86,3395.81,0.58
M0076950,N,54,0,8042.87,0,0,1,1028.32,7195.31,1.01
M0076951,N,48,1,9925.37,0,1,0,1908.19,10491.32,0.14
M0076952,N,40,4,4903.44,0,0,0,1789.72,3938.21,0.47
M0076953,N,35,2,8013.79,0,0,0,2696.87,4505.13,0.32
M0076954,N,29,0,6907.54,0,0,0,1185.12,9612.67,0.0
M0076955,N,54,2,5100.36,0,1,0,285.84,3796.2,1.45
M0076956,N,33,1,10701.16,1,0,1,737.79,11720.01,0.0
M0076957,N,20,0,2461.63,0,0,0,1048.04,1445.83,0.0
M0076958,N,73,2,31809.99,0,0,1,14145.79,12777.97,2.23
M0076959,N,62,0,25283.27,1,1,0,21207.73,7582.39,1.17
M0076960,N,63,1,5232.89,0,0,0,1280.85,2814.8,0.63
M0076961,N,21,0,10329.04,0,2,0,5975.87,9254.9,0.35
M0076962,N,43,1,12194.19,0,1,0,1828.65,16136.0,1.34
M0076963,N,70,0,16294.71,0,1,2,16488.52,4105.81,0.34
M0076964,N,26,0,7627.9,0,0,1,1943.36,4682.23,1.32
M0076965,N,48,0,9015.1,1,1,1,2740.09,6825.09,0.83
M0076966,N,46,0,23391.14,0,1,1,4391.73,19781.24,0.38
M0076967,N,75,0,14092.38,0,0,0,4567.05,7341.68,1.63
M0076968,N,37,0,5577.23,0,0,0,1079.09,8118.66,0.53
M0076969,N,45,0,15853.02,0,1,0,1907.67,16079.12,1.0
M0076970,N,53,1,5907.87,0,1,1,3426.08,7041.21,0.39
M0076971,N,48,1,4685.11,1,0,0,978.77,3017.56,1.98
M0076972,N,72,1,8931.96,0,0,1,1068.32,6116.81,1.15
M0076973,N,39,0,33475.57,0,0,0,3111.86,23689.89,1.59
M0076974,N,46,1,28650.89,0,1,0,5991.17,23206.75,1.6
M0076975,N,35,1,25330.68,0,0,0,21272.65,9658.67,2.11
M0076976,N,47,2,15318.23,1,1,1,5887.69,8602.3,2.22
M0076977,N,30,0,5224.09,0,0,1,3493.72,3855.19,0.0
M0076978,N,73,1,11633.12,0,2,1,8465.3,4840.93,0.5
M0076979,N,77,2,15775.28,0,1,0,5723.28,6948.67,2.34
M0076980,N,57,1,9389.77,0,0,1,2175.3,5998.81,0.2
M0076981,N,53,1,20314.26,1,1,0,4458.81,19065.14,2.12
M0076982,N,40,1,16866.85,1,0,0,2931.81,10264.91,0.0
M0076983,N,80,0,8926.76,0,0,0,9185.93,6991.04,0.0
M0076984,N,70,1,5741.03,0,0,0,1847.79,3524.19,1.66
M0076985,N,59,1,11544.91,1,0,0,2264.83,10143.05,0.33
M0076986,N,41,1,14743.7,0,1,1,3302.35,15636.7,2.14
M0076987,N,27,1,2163.42,0,0,0,851.93,987.69,0.58
M0076988,N,42,2,9356.66,1,0,0,7845.33,6528.67,2.73
M0076989,N,24,1,16774.07,1,2,0,1555.83,15816.31,0.4
M0076990,N,51,1,4274.11,0,0,0,1067.07,2606.14,0.02
M0076991,N,41,2,15655.75,1,1,1,670.84,16967.94,0.4
M0076992,N,75,0,5328.03,0,0,0,3065.34,3392.42,0.93
M0076993,N,22,0,14574.63,0,1,0,4478.13,10991.07,2.04
M0076994,N,55,2,56430.5,0,2,1,17248.42,30657.45,1.62
M0076995,N,70,3,16612.25,1,0,0,7539.19,18524.44,0.71
M0076996,N,78,1,19809.04,1,0,0,553.45,23713.89,1.36
M0076997,N,23,0,2290.03,0,1,1,1526.56,1866.72,0.27
M0076998,N,45,1,2661.81,0,0,0,2185.73,1608.69,1.18
M0076999,N,80,2,41751.25,1,1,2,11631.08,23992.01,1.18
M0077000,N,33,0,5005.36,0,1,0,655.33,6861.14,0.14
M0077001,N,57,2,19037.52,0,1,0,10661.79,8731.34,2.87
M0077002,N,22,0,3353.75,0,1,0,443.11,3020.83,0.93
M0077003,N,80,1,3499.15,0,0,0,973.45,2171.43,0.0
M0077004,N,44,1,9618.91,0,1,0,2804.72,11763.81,1.77
M0077005,N,71,0,1397.41,1,0,0,402.95,1885.31,0.01
M0077006,N,78,0,16766.73,0,0,0,6428.97,10642.53,1.86
M0077007,Y,58,7,315352.18,3,5,3,140425.22,141961.98,7.11
M0077008,Y,38,4,321422.08,4,4,1,130533.19,144620.46,6.76
M0077009,N,75,1,4845.31,1,1,0,1261.91,4818.25,0.67
M0077010,N,37,2,16251.49,0,0,0,4541.06,10073.38,0.0
M0077011,N,68,0,3813.85,0,0,1,1731.49,3541.88,1.36
M0077012,N,37,1,4777.5,0,0,0,762.92,3044.09,0.43
M0077013,Y,56,6,220454.18,3,1,4,84202.13,122309.22,6.83
M0077014,N,62,2,15258.02,0,1,0,4503.01,11987.33,1.62
M0077015,Y,84,4,150705.73,2,3,2,65886.39,128635.13,2.73
M0077016,N,44,1,26133.65,1,0,2,4434.11,19709.8,3.46
M0077017,N,23,2,23701.5,0,2,0,12477.35,9623.36,1.73
M0077018,N,39,0,11693.09,1,0,0,4555.69,5561.86,1.3
M0077019,N,22,1,13110.92,0,0,0,2159.37,18032.4,1.77
M0077020,N,70,1,6708.14,0,0,0,998.25,5674.04,0.95
M0077021,N,58,3,4631.84,0,1,0,1246.09,2661.83,1.37
M0077022,N,69,0,2638.22,0,0,0,765.81,1797.32,0.82
M0077023,Y,37,8,338544.95,5,6,5,229756.1,163045.46,7.25
M0077024,N,50,3,15904.07,2,0,0,2872.49,17423.23,2.81
M0077025,N,75,1,10274.53,0,4,1,4807.69,9369.42,1.84
M0077026,N,52,2,14303.01,0,1,1,2000.06,12321.26,2.31
M0077027,N,78,1,7043.22,0,1,0,2157.8,7902.58,1.92
M0077028,N,52,1,7451.63,0,0,0,1797.15,7921.96,0.72
M0077029,N,28,0,5048.47,0,0,0,1074.11,3956.12,1.95
M0077030,N,58,2,7095.91,0,0,0,2374.64,8902.71,0.0
M0077031,N,53,0,24119.23,0,1,0,4098.52,15726.67,0.06
M0077032,N,34,1,20134.72,0,2,0,4449.83,13779.91,0.0
M0077033,Y,82,7,264249.23,2,6,1,102970.5,198950.67,4.77
M0077034,N,37,0,11435.44,0,0,0,2630.27,13124.12,2.01
M0077035,N,56,1,12827.67,0,1,1,1135.29,14776.13,0.81
M0077036,N,35,2,12276.59,0,3,0,7886.46,14428.24,2.97
M0077037,N,55,0,5570.39,0,2,0,1005.69,7387.08,0.96
M0077038,N,58,1,25353.42,1,0,0,1676.86,28805.49,0.08
M0077039,N,39,1,7708.46,0,0,0,330.47,6188.01,1.0
M0077040,N,33,2,12197.21,0,1,0,527.9,21044.44,0.72
M0077041,N,31,1,8833.29,0,1,2,864.25,12020.14,0.92
M0077042,N,46,1,12291.97,2,0,0,1563.99,12763.15,0.52
M0077043,N,32,0,7191.37,1,1,0,1313.64,5977.67,0.28
M0077044,N,79,0,5801.17,0,0,0,2507.64,2425.89,0.49
M0077045,N,29,2,27516.35,0,0,0,8282.29,16083.69,1.16
M0077046,N,21,0,7227.02,0,0,0,2519.7,7830.54,0.64
M0077047,N,37,0,4369.4,0,2,0,1634.25,2000.13,0.41
M0077048,N,24,0,17974.76,0,0,0,1327.79,15206.84,0.22
M0077049,Y,68,3,189151.45,1,2,3,71537.19,99988.35,4.06
M0077050,N,37,1,5387.65,1,0,0,2512.57,4751.71,0.52
M0077051,N,42,1,22625.24,0,1,0,12053.07,14629.8,2.01
M0077052,N,55,0,14853.16,0,0,1,2803.82,19139.88,0.94
M0077053,N,30,0,5435.02,0,0,0,1725.62,3027.48,0.0
M0077054,N,68,0,19155.67,0,2,1,2342.55,14312.27,0.8
M0077055,N,36,2,14135.46,0,1,0,5722.73,14504.68,2.35
M0077056,N,57,0,11366.38,0,1,0,3696.48,5366.83,0.0
M0077057,N,37,0,20184.49,0,2,0,2386.61,31823.96,0.73
M0077058,N,28,0,8076.78,0,0,1,2415.55,8376.19,1.05
M0077059,N,78,0,8617.33,0,0,0,1584.17,8154.7,0.36
M0077060,N,59,0,8701.76,0,2,0,600.52,9537.42,0.0
M0077061,N,46,0,3754.71,0,0,0,947.69,4818.12,0.91
M0077062,N,32,2,11193.12,0,0,0,4400.43,12301.82,3.48
M0077063,N,37,2,6207.32,0,2,0,4257.56,6180.12,1.6
M0077064,N,71,2,4173.89,0,1,1,4557.34,2231.46,0.0
M0077065,N,52,1,11859.67,0,1,0,2094.26,12487.0,0.4
M0077066,N,25,1,3567.6,0,2,0,1295.66,2055.25,0.32
M0077067,N,48,0,26153.25,0,2,1,13044.88,8597.58,2.09
M0077068,N,51,0,8738.46,0,0,0,869.64,7716.93,0.5
M0077069,N,48,0,20084.82,0,1,0,7799.11,11404.76,0.0
M0077070,N,52,0,2742.51,1,1,0,1164.5,3251.54,0.5
M0077071,N,32,4,36698.37,0,2,0,11915.51,19588.43,1.3
M0077072,N,69,3,26853.14,0,1,0,6318.41,15906.68,1.88
M0077073,N,32,1,9150.95,0,2,0,2298.81,12667.34,1.15
M0077074,N,53,1,9410.11,1,0,0,3830.86,4890.41,0.67
M0077075,N,65,2,11676.17,0,1,0,3523.11,6985.58,1.33
M0077076,N,36,1,6193.16,0,0,0,3203.77,4355.64,0.76
M0077077,N,57,2,12473.93,0,0,1,5205.86,13997.0,2.46
M0077078,N,27,0,3943.83,0,0,0,3230.22,3474.73,0.0
M0077079,N,27,2,14699.43,0,1,0,6383.19,13556.54,0.74
M0077080,N,64,0,4262.49,0,1,0,890.01,5592.2,1.37
M0077081,N,40,1,33891.28,0,0,1,1455.17,26832.08,1.69
M0077082,N,45,0,10641.3,0,0,0,896.93,8448.35,2.2
M0077083,N,36,1,8722.83,0,1,0,1361.49,5463.16,1.33
M0077084,N,77,2,6597.12,0,1,0,3108.7,7547.1,1.75
M0077085,N,60,0,5405.67,0,1,1,746.76,6114.68,0.0
M0077086,N,47,1,13960.19,0,2,0,6503.72,8909.28,0.89
M0077087,N,24,0,7742.86,0,0,1,2571.98,8975.44,0.99
M0077088,N,59,1,14508.88,0,1,0,840.06,18069.1,2.25
M0077089,N,67,2,16878.98,1,3,1,9294.39,18502.02,1.18
M0077090,N,23,1,19346.89,0,0,0,14864.86,3088.75,1.19
M0077091,N,41,1,29483.12,0,0,0,27525.35,5361.13,2.58
M0077092,N,54,1,14439.59,1,1,1,2870.52,8804.98,0.78
M0077093,N,63,0,18233.24,0,2,0,1170.99,18341.39,0.62
M0077094,N,56,1,17992.09,0,1,0,2301.06,16626.35,1.1
M0077095,N,67,0,6867.17,0,2,0,1476.18,7528.51,1.14
M0077096,N,34,2,22704.02,0,1,1,7151.79,10799.21,1.03
M0077097,N,39,1,3228.53,0,0,0,712.17,1973.87,1.11
M0077098,N,57,1,8530.82,1,1,0,3082.54,5670.09,1.63
M0077099,N,30,0,8871.63,0,1,0,2006.76,9356.28,0.12
M0077100,N,58,1,12900.46,1,1,0,2994.78,9011.95,2.25
M0077101,N,37,2,8626.12,1,0,0,4741.11,10315.23,0.76
M0077102,N,66,1,9426.67,0,1,0,6304.84,6386.82,1.51
M0077103,N,75,2,18476.62,0,3,0,10414.65,4398.97,0.97
M0077104,N,29,3,9244.36,0,1,0,6241.58,5704.86,2.24
M0077105,N,75,0,10763.44,1,1,0,1864.03,9277.17,1.33
M0077106,N,78,0,18521.14,0,1,0,4004.07,26558.0,0.0
M0077107,N,39,0,6179.58,0,1,1,2273.93,3056.19,0.01
M0077108,N,39,1,5406.3,0,0,1,1871.87,4273.93,0.0
M0077109,N,36,3,8338.72,0,1,0,2743.31,4961.55,1.28
M0077110,N,73,2,26295.47,0,2,1,3503.46,23363.29,1.61
M0077111,N,34,1,5604.65,0,0,0,4043.4,2917.41,0.05
M0077112,N,35,0,27089.08,0,1,0,2938.44,21246.26,2.41
M0077113,N,75,1,10009.26,0,0,1,4112.42,7331.09,0.36
M0077114,N,21,0,5820.6,0,0,0,1412.0,3872.24,1.34
M0077115,N,21,1,16103.23,0,0,0,8528.29,17242.27,1.92
M0077116,N,79,2,8611.78,0,0,1,3294.94,9622.57,1.9
M0077117,N,46,1,16376.44,1,0,0,10222.72,7376.83,1.23
M0077118,N,21,2,4378.86,0,0,0,2375.02,1373.27,1.31
M0077119,N,46,1,6982.37,0,0,0,4619.76,5445.94,1.89
M0077120,N,43,1,4334.6,0,0,0,5227.84,1706.57,0.88
M0077121,N,30,0,6593.25,0,1,0,3041.35,4358.78,0.0
M0077122,N,52,0,7960.34,0,1,0,4438.72,1933.65,0.59
M0077123,N,28,0,14601.99,0,1,1,4520.37,19523.83,2.53
M0077124,N,79,0,6640.59,1,0,0,569.59,9121.06,0.2
M0077125,N,51,1,25273.78,0,0,0,6727.21,19036.76,1.68
M0077126,Y,78,2,225744.62,5,3,2,113237.08,133164.84,6.52
M0077127,N,62,2,5174.68,0,1,1,2890.5,4914.06,0.3
M0077128,N,63,2,6409.11,0,1,0,1178.26,6874.01,2.47
M0077129,N,69,1,18945.22,0,0,0,6839.11,14524.45,1.14
M0077130,N,53,0,3896.11,0,0,0,1251.31,5119.39,0.15
M0077131,N,66,1,18384.39,0,1,0,2016.51,12449.49,1.99
M0077132,N,20,0,7472.78,1,0,1,1880.82,4347.17,0.57
M0077133,N,79,2,12864.38,0,2,0,1784.13,8533.51,0.77
M0077134,Y,44,4,232896.24,1,5,1,94106.13,140339.94,5.04
M0077135,N,32,0,22580.38,0,2,0,2083.58,15692.77,1.66
M0077136,N,46,0,18063.13,1,0,0,6321.58,10633.52,1.04
M0077137,N,44,4,46093.63,0,0,0,2493.18,50881.95,1.47
M0077138,N,30,2,26702.32,0,2,0,4959.57,28191.86,1.5
M0077139,N,74,0,4656.01,0,1,1,1682.91,3683.8,2.61
M0077140,N,54,2,13316.86,0,1,0,4301.67,8782.61,0.84
M0077141,N,36,2,16198.45,0,0,0,5524.52,12264.78,2.99
M0077142,N,23,2,15024.93,0,1,0,2295.25,14681.4,0.73
M0077143,N,50,1,7247.46,0,0,0,2791.26,8032.45,1.17
M0077144,N,18,2,16850.37,0,0,0,5554.2,7624.43,2.01
M0077145,N,24,2,11959.69,0,1,0,3383.51,6742.05,0.97
M0077146,N,78,1,24622.02,1,1,1,9638.15,13715.56,2.16
M0077147,N,41,2,9818.68,0,3,1,2480.09,6137.16,1.1
M0077148,N,75,2,13703.92,0,0,0,1727.66,9634.28,1.32
M0077149,N,48,0,20982.8,0,0,0,2443.66,32386.47,1.19
M0077150,N,76,1,22969.84,0,1,1,3663.9,15470.67,2.22
M0077151,N,57,3,8232.58,0,1,1,510.54,9305.72,0.0
M0077152,N,53,1,16762.66,0,1,0,2165.85,11017.66,0.96
M0077153,N,75,2,72036.56,0,1,0,14405.24,45649.74,2.73
M0077154,N,78,4,9941.55,0,0,1,1990.85,8545.51,0.77
M0077155,N,21,1,22769.14,0,1,1,2306.68,26761.09,0.0
M0077156,N,74,1,5349.31,0,1,0,994.61,6917.66,0.0
M0077157,N,75,3,15327.32,0,2,2,1900.72,10098.17,0.62
M0077158,N,65,0,8268.65,0,0,0,2756.42,7539.97,0.45
M0077159,N,30,1,15512.45,0,1,0,2307.15,13349.74,1.36
M0077160,N,40,1,8731.65,1,1,0,2688.63,7719.88,0.0
M0077161,N,22,3,16852.01,0,0,0,7271.22,6059.46,0.39
M0077162,N,41,1,18471.06,1,0,0,2682.21,19287.12,1.44
M0077163,N,63,2,28150.44,2,0,1,4118.67,18464.45,1.71
M0077164,N,59,0,6066.63,0,0,0,1151.82,4724.77,1.6
M0077165,N,78,1,22822.24,0,0,0,10008.07,10416.04,2.18
M0077166,N,33,1,15304.27,1,0,1,3043.03,14408.37,2.41
M0077167,N,25,2,11820.11,0,1,2,7514.3,9825.07,0.69
M0077168,N,49,1,6479.79,1,2,0,1416.13,5577.95,1.5
M0077169,N,41,1,10995.17,1,3,0,7610.01,11020.74,2.43
M0077170,N,38,1,21711.66,0,0,0,2726.95,25435.07,0.53
M0077171,N,69,1,7073.52,1,2,0,1391.5,8859.07,1.59
M0077172,N,30,2,15811.31,1,1,0,1536.39,20014.35,1.1
M0077173,N,21,1,25314.58,1,2,0,1453.71,24785.87,1.05
M0077174,N,23,1,3981.82,1,1,1,2094.67,4266.05,1.97
M0077175,N,64,3,18868.11,1,1,1,10275.39,9750.06,1.05
M0077176,N,69,2,9498.54,0,1,0,1932.87,14566.39,1.18
M0077177,N,59,1,9805.59,0,1,0,5661.52,5157.5,0.0
M0077178,N,80,1,9350.86,0,1,0,6473.58,7927.52,0.81
M0077179,N,75,2,18558.66,0,1,0,8727.84,8504.41,1.63
M0077180,N,70,0,9407.08,0,0,0,1095.29,11866.07,0.78
M0077181,N,47,1,24816.66,2,1,0,7815.6,11658.45,0.0
M0077182,N,50,0,29388.06,0,0,1,8875.19,15736.91,0.0
M0077183,N,50,1,14936.67,0,1,0,4900.66,9687.16,1.14
M0077184,N,21,0,10272.32,0,1,0,4272.47,5018.12,1.4
M0077185,N,24,1,21902.64,1,1,0,6408.74,10947.89,1.01
M0077186,N,45,0,9094.07,0,0,0,2399.75,8443.49,0.7
M0077187,N,29,3,6910.87,0,0,0,3546.79,2510.75,0.0
M0077188,N,34,2,12707.64,0,0,0,6024.57,12009.78,0.57
M0077189,N,30,1,6097.41,0,0,0,1364.68,5503.55,0.05
M0077190,N,66,0,7512.72,0,1,0,4575.93,5332.97,2.05
M0077191,N,49,1,7419.4,2,0,1,1904.37,4957.6,0.92
M0077192,N,34,1,13503.8,0,0,0,2079.56,9676.79,0.0
M0077193,N,19,0,41275.35,0,1,0,5042.31,42699.53,0.29
M0077194,N,32,0,12552.24,1,0,1,2204.24,9506.45,0.4
M0077195,N,61,0,7899.12,0,0,0,5361.98,4055.67,2.33
M0077196,N,52,0,13052.5,0,0,0,3717.71,9488.07,0.86
M0077197,N,19,0,18048.1,0,1,0,2293.01,16455.16,2.09
M0077198,N,56,4,11095.28,0,0,0,3494.64,6940.86,1.33
M0077199,N,71,0,8716.22,0,0,0,3288.75,3975.41,0.59
M0077200,N,74,1,16947.06,0,1,1,3847.33,9943.83,1.36
M0077201,N,27,2,2931.8,0,0,0,1825.98,3173.81,2.16
M0077202,N,45,2,7515.54,0,1,1,5251.5,4494.21,1.29
M0077203,N,23,1,21195.69,0,4,0,3143.64,16372.25,1.91
M0077204,Y,55,6,217385.59,5,4,1,57568.3,133807.77,3.37
M0077205,N,55,1,20858.59,1,1,0,10719.29,11809.16,1.29
M0077206,N,28,2,12663.54,1,1,0,9505.32,4188.2,1.42
M0077207,N,56,0,3079.76,0,1,0,2185.11,3105.02,0.34
M0077208,N,19,0,4286.36,0,1,0,695.85,4150.7,1.78
M0077209,N,31,1,11782.43,1,0,1,1419.25,9698.3,1.37
M0077210,N,38,1,16470.44,0,3,0,3249.49,19667.26,2.07
M0077211,N,24,0,2949.87,0,1,0,1421.81,1298.03,1.75
M0077212,N,37,0,7067.41,0,1,0,1393.52,7767.54,0.0
M0077213,Y,38,5,223914.3,5,1,4,89368.75,180382.61,4.97
M0077214,N,65,0,7023.86,0,1,0,553.35,4996.77,0.64
M0077215,N,42,0,5652.28,0,0,0,2371.97,6998.21,1.21
M0077216,N,66,1,12408.66,1,3,0,5926.55,8158.68,2.22
M0077217,N,49,0,8106.98,0,0,0,5242.05,3408.77,0.0
M0077218,N,32,1,3577.06,0,1,0,1052.54,5020.26,0.38
M0077219,N,19,2,11501.06,0,1,0,1931.08,7653.01,0.69
M0077220,N,42,1,28161.73,1,1,0,24181.49,12314.15,3.19
M0077221,N,65,0,8423.33,0,0,0,4092.1,3692.78,1.09
M0077222,N,71,2,7875.36,0,0,0,1980.26,8704.43,0.71
M0077223,N,20,0,8254.57,0,0,0,1355.34,5356.92,2.59
M0077224,N,63,1,4662.99,0,2,0,1469.48,3195.13,0.81
M0077225,N,64,1,8870.66,1,1,1,2622.11,4597.03,1.92
M0077226,N,50,1,3456.2,0,0,0,836.91,2423.76,0.0
M0077227,N,27,3,27561.68,0,0,0,11647.03,16046.69,0.1
M0077228,N,34,1,8253.19,0,1,2,2281.61,9641.46,2.21
M0077229,N,56,1,5111.49,0,0,1,726.47,5536.85,0.03
M0077230,N,27,2,13136.99,0,0,1,4862.05,15848.03,1.47
M0077231,N,54,1,15115.39,0,0,0,3586.2,9873.24,2.89
M0077232,Y,78,3,271620.7,5,1,4,52825.39,182750.48,3.31
M0077233,N,28,1,8922.35,1,0,0,598.23,11422.24,0.0
M0077234,N,36,3,5199.88,1,1,0,1342.99,5640.01,0.76
M0077235,N,20,2,22682.02,1,0,1,1290.29,21783.72,0.41
M0077236,N,59,0,16690.04,0,2,0,3392.99,12953.73,1.11
M0077237,N,66,1,11904.08,0,0,0,6645.74,7311.9,0.31
M0077238,N,77,1,9189.48,1,2,0,2114.79,7499.22,1.63
M0077239,N,51,0,13742.02,0,0,0,1984.56,9884.8,0.65
M0077240,N,77,1,7995.5,0,0,0,1166.69,6872.36,1.28
M0077241,N,74,0,3843.35,0,1,0,352.97,4622.35,1.19
M0077242,Y,58,4,255283.66,3,5,3,205247.91,97871.98,5.66
M0077243,N,26,1,4249.49,1,0,0,2003.93,3293.32,0.0
M0077244,N,73,0,9000.71,0,0,0,1961.77,11761.81,0.72
M0077245,N,52,1,7613.2,0,1,0,5314.75,7926.79,1.87
M0077246,N,50,2,5108.84,0,0,0,1237.74,3306.46,0.0
M0077247,N,52,1,8533.76,0,0,0,2802.04,8464.1,0.66
M0077248,N,77,0,12761.46,0,0,1,3703.9,7732.79,0.66
M0077249,N,25,2,19847.78,0,0,0,9056.02,18234.7,1.66
M0077250,N,34,1,16982.63,0,0,0,3503.92,11406.08,1.15
M0077251,N,36,0,22493.86,0,1,1,4016.02,22666.86,0.59
M0077252,N,80,1,6000.76,1,1,0,5680.96,5159.57,0.65
M0077253,N,41,1,8990.69,0,0,1,1718.08,7506.03,0.93
M0077254,N,75,0,5508.94,1,1,0,1700.48,4047.47,0.07
M0077255,N,51,0,5672.21,0,0,0,3379.73,1996.34,1.23
M0077256,N,45,0,4254.97,0,1,0,729.34,4450.48,1.29
M0077257,N,41,1,4523.48,1,0,0,3065.19,1349.57,2.27
M0077258,N,37,0,6833.94,0,3,0,2353.17,8279.85,1.44
M0077259,N,58,1,5432.83,0,0,0,1117.41,4807.08,0.07
M0077260,N,40,2,4275.13,1,1,0,2534.78,4429.66,1.09
M0077261,N,30,1,8895.24,0,0,0,1561.84,7076.68,0.38
M0077262,N,52,1,2525.35,0,0,0,641.33,1973.99,1.96
M0077263,N,45,2,19457.24,1,2,0,7961.1,15626.26,1.11
M0077264,Y,68,8,330319.89,5,6,7,78610.11,266921.31,7.18
M0077265,N,28,0,3813.47,0,1,0,477.69,3473.13,0.0
M0077266,N,29,2,9299.64,0,0,0,1565.37,7904.89,1.3
M0077267,N,51,1,6701.28,0,0,0,4722.91,4426.41,0.2
M0077268,N,48,1,15625.63,0,2,0,3387.65,10696.18,1.91
M0077269,N,56,1,3739.04,0,0,0,1498.45,4427.48,0.0
M0077270,N,60,0,10455.07,0,3,0,2617.06,8553.94,1.09
M0077271,N,76,3,13566.13,0,1,0,6256.86,5613.55,0.7
M0077272,N,77,1,2333.81,0,0,0,618.0,2155.81,1.52
M0077273,N,37,5,41607.83,0,0,0,16124.86,23027.66,2.71
M0077274,N,46,1,12098.87,0,0,0,2610.69,8927.04,0.0
M0077275,N,26,1,15233.8,0,0,0,8024.24,15287.55,0.0
M0077276,N,74,0,7683.71,0,0,0,1752.61,4442.64,0.0
M0077277,N,56,3,9294.9,1,1,0,1504.29,9257.95,0.61
M0077278,N,21,0,10542.0,0,0,0,2129.03,9464.69,1.91
M0077279,N,36,0,9683.48,0,0,0,1747.6,6685.1,1.12
M0077280,N,45,2,6232.77,0,0,0,3026.83,3365.18,0.57
M0077281,N,56,2,17885.16,0,0,0,3043.76,13480.21,1.11
M0077282,N,76,0,7730.77,1,0,1,1327.66,7570.7,0.47
M0077283,N,59,2,5218.75,0,0,0,360.64,6272.71,0.0
M0077284,N,80,0,4590.49,0,0,0,834.28,3170.99,0.0
M0077285,N,35,1,7149.7,0,1,1,1961.55,3879.32,0.15
M0077286,N,56,2,17153.5,1,1,0,4866.44,10750.59,1.06
M0077287,N,22,2,32179.71,1,0,0,14957.53,27160.45,2.67
M0077288,N,60,0,15869.96,0,2,0,4602.81,13226.6,0.75
M0077289,N,23,2,11692.12,0,0,0,1337.62,11577.72,0.81
M0077290,N,41,0,28420.61,1,1,0,7380.8,19442.35,0.84
M0077291,N,62,1,7717.85,0,0,1,3349.79,4225.51,1.31
M0077292,N,79,0,4202.4,0,0,0,1934.86,4756.15,0.49
M0077293,N,58,1,8903.38,0,1,0,1000.43,5999.76,1.33
M0077294,N,19,1,14610.1,0,1,0,5676.14,6814.47,0.55
M0077295,N,20,2,14826.67,0,1,0,7959.22,5359.61,0.0
M0077296,N,30,0,3912.96,0,2,0,2322.97,3540.76,0.37
M0077297,N,73,0,12474.05,0,0,0,2124.02,11564.62,0.61
M0077298,N,66,0,5194.27,0,0,0,1031.35,4571.79,2.12
M0077299,N,68,1,3249.7,1,0,0,887.94,1849.16,0.0
M0077300,N,66,2,13286.14,0,1,1,5395.36,10276.24,2.21
M0077301,N,21,2,2960.83,1,0,1,512.33,3077.62,1.06
M0077302,N,79,2,4827.82,0,2,0,1211.26,4568.32,0.78
M0077303,N,72,1,22892.27,0,1,0,15156.44,12373.27,1.03
M0077304,Y,74,4,182562.9,3,2,3,68168.35,161152.37,3.84
M0077305,N,22,1,5920.74,0,0,0,2341.26,2578.17,0.82
M0077306,N,73,0,12634.49,0,0,1,2393.54,9015.96,1.21
M0077307,N,49,1,13611.23,0,2,2,2287.3,10796.52,1.36
M0077308,N,55,0,13474.03,0,0,0,3753.41,13352.55,0.32
M0077309,Y,73,7,205726.38,3,4,1,128862.95,140970.6,5.39
M0077310,N,27,0,9391.14,0,0,0,2593.28,9321.1,0.24
M0077311,N,30,3,10468.06,0,2,1,6061.78,7954.06,1.97
M0077312,N,36,1,13895.16,0,2,0,1462.93,10746.0,1.77
M0077313,N,20,1,6702.63,1,3,2,1180.87,9523.36,1.18
M0077314,N,77,1,9361.07,0,1,0,7271.34,5936.64,0.66
M0077315,N,28,0,7827.71,0,3,0,692.37,6045.53,0.0
M0077316,Y,40,5,183766.73,2,4,3,46105.64,202560.57,2.12
M0077317,N,70,0,2887.25,0,0,0,676.01,2559.37,0.12
M0077318,N,73,1,2544.13,0,0,0,672.25,2597.87,0.0
M0077319,N,33,4,25018.19,0,3,0,7807.49,17554.08,1.06
M0077320,N,33,1,12381.8,0,1,1,6881.19,10369.07,2.75
M0077321,N,73,0,12294.09,1,0,0,2383.67,10058.24,0.02
M0077322,N,23,0,6666.52,0,0,1,870.82,11126.59,2.13
M0077323,N,23,1,11673.15,1,0,2,4631.04,9224.99,3.7
M0077324,N,35,0,5133.8,0,0,0,3226.73,1525.68,0.88
M0077325,N,57,1,9827.08,0,1,0,1262.34,8009.57,1.35
M0077326,Y,67,5,226691.17,2,1,3,107579.18,136171.59,2.86
M0077327,N,31,0,9665.87,0,2,0,7277.86,9316.96,1.81
M0077328,N,41,1,7060.61,0,0,1,3030.44,5838.63,1.32
M0077329,N,36,0,10919.07,0,2,0,880.41,11329.69,0.45
M0077330,N,26,1,4432.72,0,0,1,678.57,3951.39,1.53
M0077331,N,38,0,4764.53,0,0,0,1554.61,2203.01,1.27
M0077332,N,53,0,14006.91,0,0,0,3976.16,8187.77,1.01
M0077333,N,60,0,3006.06,0,0,0,1698.14,2856.19,0.0
M0077334,N,55,2,9113.78,0,0,0,4183.54,5890.21,0.84
M0077335,Y,65,4,177411.03,4,2,4,73742.41,136654.15,3.77
M0077336,N,30,1,14435.11,0,0,1,941.22,22138.45,0.38
M0077337,N,58,0,9727.82,0,0,0,1755.08,6952.35,0.72
M0077338,N,53,1,16479.85,0,0,1,11689.74,7703.76,1.5
M0077339,N,35,0,21872.75,0,1,0,4314.29,29342.13,0.38
M0077340,N,31,2,14475.69,1,2,0,8427.8,17495.54,2.75
M0077341,N,20,3,13300.5,0,2,0,6967.45,4658.71,1.82
M0077342,N,42,1,6571.52,0,1,0,599.8,8348.04,1.36
M0077343,N,32,0,7567.42,0,0,1,4689.73,3304.24,2.32
M0077344,N,75,0,15015.04,0,0,0,3078.39,9101.57,0.81
M0077345,N,66,1,28450.75,0,0,0,10276.33,20694.67,0.12
M0077346,N,53,2,7689.9,0,0,0,2078.87,6712.58,0.4
M0077347,N,32,0,17158.42,0,0,0,1759.25,12008.9,0.05
M0077348,N,38,2,11942.37,0,1,0,4864.91,6587.97,0.85
M0077349,N,55,2,9627.88,0,1,2,6562.46,9991.43,2.72
M0077350,N,48,1,18267.58,0,2,0,3644.36,15454.32,2.07
M0077351,N,24,1,34766.67,1,0,1,4012.52,25029.08,0.54
M0077352,N,26,2,14806.34,0,0,0,7700.66,13356.94,1.8
M0077353,N,62,2,52238.43,0,1,1,7440.55,38882.31,1.84
M0077354,N,60,0,12496.57,0,1,0,12573.96,4238.28,3.4
M0077355,N,51,2,4359.7,0,1,1,1764.15,1992.25,0.79
M0077356,N,32,1,15482.43,0,1,0,3217.5,17333.72,1.19
M0077357,N,27,1,35954.33,0,0,0,2328.46,25885.39,1.02
M0077358,N,21,0,5165.76,1,2,0,2183.12,6838.82,0.0
M0077359,N,51,1,5617.17,0,0,0,1839.38,4264.55,1.12
M0077360,N,71,2,11095.7,1,3,0,3120.46,9102.35,1.01
M0077361,N,30,2,9219.94,0,0,0,7008.9,5587.44,0.87
M0077362,N,26,0,3289.53,1,1,0,1422.74,3991.78,0.78
M0077363,N,64,0,15822.72,2,2,0,3881.72,9010.13,1.95
M0077364,N,19,0,24745.8,0,2,1,4638.45,16166.16,0.51
M0077365,N,67,1,20517.83,0,0,2,7574.51,11771.49,0.05
M0077366,N,23,2,5576.58,0,0,0,4590.8,4889.61,1.34
M0077367,Y,83,4,162362.82,3,2,3,45946.79,124930.35,4.54
M0077368,N,75,0,7415.61,0,1,0,6923.03,5212.56,0.05
M0077369,N,28,1,5365.78,0,0,0,1328.64,3213.86,1.13
M0077370,N,71,2,3310.84,0,1,0,2102.11,3899.49,1.02
M0077371,N,56,1,19828.25,0,0,0,1877.26,25982.86,2.34
M0077372,Y,75,5,290159.64,3,6,3,64346.59,231343.84,6.33
M0077373,N,28,0,6477.79,0,1,0,1521.55,4102.25,2.11
M0077374,N,35,0,2352.72,0,0,1,1537.19,1120.4,0.0
M0077375,N,53,3,6036.4,0,2,0,2239.5,3401.49,0.35
M0077376,N,64,2,33866.36,1,1,0,6154.22,21101.12,2.4
M0077377,N,30,1,10328.22,0,0,0,1637.5,7835.21,2.41
M0077378,N,36,1,21181.59,0,2,0,10469.19,22497.29,2.43
M0077379,N,71,2,26257.94,2,3,1,2213.3,32658.43,2.07
M0077380,N,55,0,17874.18,1,1,0,6250.84,21150.38,2.24
M0077381,N,34,0,20213.85,0,1,1,2250.17,17360.37,0.07
M0077382,N,38,0,7183.12,0,1,0,3624.71,3091.86,0.84
M0077383,N,39,0,10507.02,0,1,0,12204.6,6831.27,1.59
M0077384,N,70,0,6645.01,0,0,1,3237.48,8439.49,1.36
M0077385,N,23,2,5819.67,0,1,0,940.45,4881.72,1.95
M0077386,N,52,0,6752.4,0,1,0,735.99,6936.63,1.6
M0077387,N,36,2,12627.84,0,0,1,2139.57,10520.42,0.17
M0077388,N,54,0,4628.46,0,0,0,876.64,2740.1,0.01
M0077389,N,70,1,10018.73,0,0,0,1711.93,7419.82,1.21
M0077390,N,23,0,6826.11,0,0,0,2645.98,4604.94,0.64
M0077391,N,34,0,5891.13,0,1,0,2488.22,5252.36,1.54
M0077392,N,25,1,9723.15,0,0,0,2733.74,7064.24,0.0
M0077393,N,25,1,11297.6,0,0,0,1017.26,8918.31,0.6
M0077394,N,32,2,11757.98,0,2,2,1981.69,10602.12,0.84
M0077395,N,77,2,5427.63,0,2,0,3618.75,4490.98,1.44
M0077396,N,57,1,14926.78,0,1,0,1193.45,16180.92,0.0
M0077397,N,50,0,6200.44,0,0,0,1401.2,9476.27,0.66
M0077398,N,76,3,39204.83,2,1,0,11439.64,24030.44,1.23
M0077399,N,55,2,23324.4,1,2,0,14143.81,27920.74,2.86
M0077400,N,32,2,9263.16,0,1,0,4853.28,8807.4,1.05
M0077401,N,32,0,7541.66,1,1,0,847.76,7187.15,0.0
M0077402,N,26,2,11163.33,1,0,1,3028.74,10507.45,0.1
M0077403,N,46,1,5720.43,1,1,1,2427.4,3188.66,0.12
M0077404,N,47,0,12872.03,0,1,2,1935.12,10308.11,1.88
M0077405,N,57,1,18564.15,0,1,0,9585.37,20070.62,1.42
M0077406,N,18,0,6136.1,0,0,1,2166.78,3652.99,2.31
M0077407,N,27,0,10672.29,0,0,0,2965.57,5958.81,2.52
M0077408,N,42,0,6215.81,0,1,1,2851.36,4106.75,0.0
M0077409,N,34,0,3620.64,0,1,0,909.91,5213.61,0.85
M0077410,N,27,1,11997.64,0,0,0,1563.38,8612.26,2.59
M0077411,N,68,2,8671.8,1,0,0,3483.1,4279.29,0.61
M0077412,N,75,0,27289.62,0,0,0,6533.0,20752.56,1.78
M0077413,N,79,1,15368.09,0,1,0,4180.31,12654.03,1.33
M0077414,N,60,1,8746.26,0,0,0,3231.38,4730.62,0.89
M0077415,N,77,1,13096.28,0,2,0,7434.18,9998.95,0.42
M0077416,N,29,1,13516.9,0,0,2,2389.13,15601.24,1.18
M0077417,N,61,1,5299.95,0,1,1,1567.45,6441.04,1.2
M0077418,N,65,0,8377.7,0,2,0,1823.95,5411.39,1.41
M0077419,N,63,1,7167.66,0,0,0,2132.01,4702.62,0.73
M0077420,N,79,1,26222.06,0,0,0,1415.39,20385.09,0.54
M0077421,N,43,0,8012.26,0,0,0,2184.39,8458.2,0.17
M0077422,N,21,0,6188.64,0,0,2,4435.8,6530.54,0.86
M0077423,N,79,1,6879.44,0,0,0,1872.71,5573.6,0.12
M0077424,N,58,0,11518.34,0,1,0,1704.09,11962.74,0.17
M0077425,N,39,1,9346.67,0,0,1,2499.83,6037.21,1.55
M0077426,N,21,2,15516.36,0,1,1,9121.16,6036.25,0.97
M0077427,N,65,0,21102.7,0,0,0,1856.91,19288.34,1.72
M0077428,N,74,1,14308.24,0,0,0,3000.45,10634.75,0.8
M0077429,N,19,0,3212.45,0,0,0,446.03,2263.76,0.0
M0077430,N,71,0,6327.24,1,1,1,734.19,6762.5,0.22
M0077431,Y,61,5,150868.67,3,3,3,92147.48,112790.03,4.79
M0077432,N,65,2,39751.86,0,2,0,16147.73,18871.39,2.01
M0077433,N,21,0,4457.47,0,0,2,438.52,6713.19,1.26
M0077434,N,65,0,12643.94,0,1,0,1308.82,19289.52,0.09
M0077435,N,61,2,15665.98,0,1,1,6613.97,18472.36,2.99
M0077436,N,75,1,8016.27,0,0,0,2946.18,8078.58,1.18
M0077437,N,44,1,10931.39,0,0,0,5140.19,7873.86,1.27
M0077438,N,50,0,5489.06,0,0,0,3051.73,5809.98,1.66
M0077439,N,53,2,12357.1,0,0,0,6501.01,5414.51,1.75
M0077440,N,73,2,12857.42,1,0,0,8510.98,3044.7,2.24
M0077441,N,56,1,9255.65,0,0,0,4194.31,10794.43,0.88
M0077442,N,62,0,5462.57,0,1,0,462.61,4267.37,0.0
M0077443,N,80,2,6791.39,0,2,0,1554.72,4543.44,0.0
M0077444,N,75,0,6651.3,0,0,0,2689.89,7594.01,0.84
M0077445,N,72,0,3337.8,0,0,1,2925.57,3061.35,0.08
M0077446,N,20,1,11805.4,0,0,1,2254.98,10658.72,0.87
M0077447,N,41,3,21331.83,0,2,1,8447.3,14695.18,0.32
M0077448,N,56,0,6453.2,1,1,1,2524.49,6877.81,1.71
M0077449,N,32,2,7350.03,0,0,0,1278.51,5571.44,0.54
M0077450,N,41,0,30273.61,0,0,0,2764.93,22992.54,1.2
M0077451,N,25,1,8662.08,0,0,0,6667.75,6947.98,1.78
M0077452,Y,51,5,372534.08,5,5,5,134256.36,192642.55,6.73
M0077453,N,67,0,7051.25,0,0,0,3076.9,5934.32,1.58
M0077454,N,63,1,12764.21,0,1,0,1235.64,11950.05,0.0
M0077455,N,41,0,9526.05,0,2,0,3630.51,5449.02,0.64
M0077456,N,27,0,15502.78,1,2,1,3487.05,16867.26,1.37
M0077457,N,54,1,15023.66,0,0,1,2497.03,12721.87,1.09
M0077458,N,63,0,2737.81,0,1,0,1404.63,3571.32,0.1
M0077459,N,46,1,2443.52,0,1,0,254.22,1998.69,0.05
M0077460,N,30,2,19737.51,1,1,1,2130.74,22501.42,1.54
M0077461,N,48,0,8185.46,0,0,0,3212.35,3797.48,0.51
M0077462,N,74,2,22583.02,0,1,2,1283.18,23613.73,2.2
M0077463,N,53,0,21935.5,0,1,1,4264.41,13392.85,1.96
M0077464,N,28,1,12000.2,1,1,0,3160.95,15223.16,1.67
M0077465,N,55,1,14645.48,0,1,0,757.22,10687.81,1.02
M0077466,N,31,2,9388.31,0,0,0,5879.69,8757.25,1.86
M0077467,N,30,2,2785.84,0,0,0,1067.49,3645.49,0.0
M0077468,N,22,2,7578.25,0,2,0,3554.09,4157.58,0.33
M0077469,N,49,1,12376.72,0,1,0,1253.09,9591.81,1.5
M0077470,N,34,1,19570.71,0,1,0,4820.55,12651.34,0.18
M0077471,N,40,0,2617.17,0,0,0,1448.54,2077.65,0.89
M0077472,Y,42,7,148733.36,4,4,1,39920.48,156161.79,2.81
M0077473,N,29,2,14003.82,1,0,2,10772.38,8055.59,1.44
M0077474,N,61,0,8118.37,1,0,2,5709.92,7077.8,0.26
M0077475,Y,36,3,190236.35,2,4,5,87918.23,126803.45,7.86
M0077476,N,44,0,6307.55,0,1,1,3268.03,6226.52,0.91
M0077477,N,35,0,5725.26,0,0,1,1387.7,8366.33,1.66
M0077478,N,65,0,14426.1,0,0,0,430.22,12400.3,0.25
M0077479,N,36,0,3815.29,0,0,0,1071.63,5228.15,0.5
M0077480,N,31,2,9199.98,0,0,2,4686.67,3660.49,2.23
M0077481,N,27,1,16333.17,0,0,0,8834.81,4058.81,0.18
M0077482,N,35,0,21697.31,0,2,0,5217.5,16713.72,0.0
M0077483,N,25,0,22914.75,0,3,0,7632.4,12162.62,0.0
M0077484,N,44,1,4569.69,0,0,0,575.25,7016.75,2.1
M0077485,N,79,0,3495.08,0,0,0,514.48,2363.05,0.14
M0077486,N,71,0,28050.33,1,1,1,3027.36,18950.94,2.14
M0077487,Y,86,4,149274.56,2,2,1,76545.33,94694.3,6.63
M0077488,N,59,1,14301.65,0,1,0,1619.41,14643.7,1.38
M0077489,N,45,1,6626.37,0,0,0,916.21,6260.35,1.61
M0077490,N,23,0,23610.18,0,1,0,13945.63,5923.42,0.07
M0077491,N,40,0,4234.02,0,0,0,2882.21,3667.85,1.6
M0077492,N,67,1,26888.94,0,2,0,11448.59,18973.0,2.5
M0077493,N,24,3,17214.5,0,2,1,3524.52,10400.62,2.38
M0077494,N,30,0,10017.11,0,0,0,3194.99,9722.37,0.0
M0077495,N,64,0,7095.45,0,0,0,1703.11,6936.04,1.08
M0077496,N,78,1,25339.78,0,0,0,2885.92,21273.77,2.08
M0077497,N,27,1,14258.11,0,1,1,16753.91,6273.27,2.21
M0077498,N,80,2,3920.18,0,0,1,1819.28,2203.65,0.0
M0077499,N,58,1,3579.02,0,0,0,1119.75,3857.03,0.52
M0077500,N,59,3,9713.66,2,0,0,1877.68,9406.49,3.41
M0077501,N,68,1,16075.73,0,1,0,4453.74,9902.58,0.86
M0077502,N,68,2,8631.12,0,2,0,2614.81,10272.55,1.94
M0077503,N,21,2,8137.96,0,0,0,2163.03,5301.4,0.66
M0077504,N,50,1,20833.51,2,0,0,1447.78,16496.29,0.33
M0077505,N,61,2,17790.25,0,0,1,12631.67,8111.9,0.94
M0077506,N,22,0,8435.05,0,0,0,3504.13,3628.33,0.07
M0077507,Y,83,3,169679.7,3,1,2,78518.31,83196.52,4.85
M0077508,N,64,1,12129.76,1,2,1,3039.09,10706.9,0.0
M0077509,N,22,0,10667.36,0,2,0,4295.26,8513.84,1.84
M0077510,N,44,1,3798.08,0,0,0,636.64,2428.5,0.0
M0077511,N,74,0,17104.85,0,0,0,2620.07,10931.72,1.59
M0077512,N,57,1,7415.07,0,2,0,354.45,5656.36,0.31
M0077513,N,64,0,13929.24,0,2,0,1601.42,21318.41,0.51
M0077514,N,67,0,13662.59,0,0,0,1736.3,9114.88,0.0
M0077515,N,49,3,8226.64,1,0,0,3262.3,3685.09,0.0
M0077516,N,63,0,3485.51,1,0,0,391.7,4187.12,0.0
M0077517,N,23,1,5926.57,1,0,1,2821.97,3868.33,0.84
M0077518,N,35,0,13997.71,0,1,0,1629.52,13618.26,0.0
M0077519,N,65,1,26278.19,0,1,0,6612.27,24390.85,0.0
M0077520,N,80,0,9474.4,0,2,0,3054.62,7504.91,0.55
M0077521,N,49,1,6042.76,0,1,0,2116.12,7978.82,0.05
M0077522,N,79,0,16378.74,0,1,0,1420.64,23672.7,1.34
M0077523,N,53,2,13977.21,0,0,0,16786.5,3436.18,1.82
M0077524,N,55,2,11702.67,0,1,1,2012.57,15315.54,1.03
M0077525,N,23,2,14148.68,0,3,2,4851.22,10571.88,1.6
M0077526,N,75,0,17142.23,1,1,0,2864.46,18708.51,2.23
M0077527,N,26,1,5464.16,0,0,0,2533.32,4347.79,1.98
M0077528,N,61,0,6752.1,0,1,0,1622.12,9282.35,1.34
M0077529,N,48,0,11786.92,1,1,1,5770.56,9488.09,0.0
M0077530,N,18,0,1765.49,0,1,1,540.49,2214.83,0.7
M0077531,N,72,0,4792.86,0,1,0,1457.62,2821.78,0.81
M0077532,N,66,2,10228.4,0,2,1,1502.01,8727.18,1.57
M0077533,N,38,2,6456.6,1,0,0,1788.6,6065.04,0.67
M0077534,N,52,2,5273.85,0,0,1,793.52,4598.57,0.0
M0077535,N,75,1,6924.76,0,1,0,1024.08,11549.49,0.87
M0077536,N,80,2,31071.26,1,1,1,4971.43,22781.75,1.98
M0077537,N,36,1,7732.67,0,0,0,3283.3,5836.51,0.48
M0077538,N,79,1,8473.8,0,2,0,1400.12,6288.64,0.0
M0077539,N,36,0,5303.85,0,2,0,2556.48,2765.77,0.02
M0077540,N,29,1,6992.49,1,0,0,1486.17,4378.94,0.17
M0077541,N,36,0,8043.51,0,2,0,4361.89,3253.13,1.61
M0077542,N,68,0,7045.35,0,1,0,3696.99,4953.78,0.58
M0077543,N,31,0,3902.18,0,0,0,1179.69,1927.38,0.0
M0077544,N,64,1,11181.86,1,1,0,3931.91,10040.6,3.02
M0077545,N,35,1,6696.85,0,0,0,3695.82,5157.26,0.37
M0077546,N,52,0,10098.2,0,0,0,2222.5,6105.28,1.72
M0077547,N,50,3,4672.27,0,1,0,2147.8,4296.8,1.33
M0077548,N,34,1,6134.49,0,0,1,601.45,5898.91,0.69
M0077549,N,44,1,15501.45,0,0,0,4935.14,7460.23,1.05
M0077550,N,68,2,3550.62,0,0,0,418.16,5191.42,0.82
M0077551,N,18,2,7723.99,0,1,2,8161.53,5047.69,2.06
M0077552,N,31,2,3700.09,0,1,0,2594.1,3079.72,0.39
M0077553,N,78,0,7509.22,0,0,0,1369.34,7856.29,0.0
M0077554,N,58,1,8657.14,0,0,0,3928.89,11250.18,0.76
M0077555,N,44,0,8192.19,0,0,0,3246.9,5228.66,0.0
M0077556,N,22,1,6146.66,0,0,0,2134.28,7146.69,1.23
M0077557,N,39,0,7071.98,0,0,0,552.3,8527.04,0.24
M0077558,N,70,1,11555.36,0,0,0,3403.76,12429.18,0.76
M0077559,N,62,0,13012.97,0,0,0,3095.72,14405.7,0.22
M0077560,N,31,0,11328.18,1,0,2,3569.33,8455.39,0.35
M0077561,N,57,1,25096.3,0,0,0,6743.91,12876.88,1.41
M0077562,N,80,1,19417.84,0,1,0,5592.85,12500.3,0.32
M0077563,N,64,1,12302.96,0,1,1,5211.55,10669.49,0.24
M0077564,N,50,1,32174.56,0,1,0,13286.13,12085.46,1.18
M0077565,N,61,1,73184.39,0,1,2,8040.9,58452.04,1.93
M0077566,N,67,0,17884.17,0,0,0,847.55,14283.43,0.51
M0077567,N,39,2,12835.26,0,0,0,3545.79,8339.6,1.42
M0077568,N,39,0,20830.36,1,1,0,3065.09,15184.18,2.33
M0077569,N,48,0,5316.17,0,0,0,2291.85,2265.3,0.57
M0077570,Y,49,4,158761.41,4,2,3,40538.6,154666.04,4.04
M0077571,N,66,0,6871.44,0,1,1,2132.29,3265.77,1.0
M0077572,N,44,1,13658.08,0,0,0,5442.99,11339.46,0.14
M0077573,N,51,3,24549.62,0,1,0,8994.35,12360.63,3.34
M0077574,N,41,1,21469.11,1,0,0,1505.8,18524.95,1.86
M0077575,N,47,1,2738.53,1,0,0,1577.73,2202.33,0.3
M0077576,N,32,1,22082.53,0,0,0,7092.14,14196.9,0.0
M0077577,N,46,0,13169.42,0,1,0,1428.59,10048.06,0.18
M0077578,N,48,1,5239.23,0,0,0,483.81,5155.21,1.23
M0077579,N,30,1,11572.98,0,0,0,5608.82,4089.65,0.0
M0077580,N,53,2,11101.48,0,0,0,8458.38,6537.06,2.72
M0077581,N,68,2,15636.44,0,1,0,1706.86,12058.5,2.39
M0077582,N,20,1,7911.89,0,1,0,968.19,6373.9,0.0
M0077583,N,77,1,6731.26,1,0,0,1958.61,7240.39,0.6
M0077584,N,62,3,26651.99,0,2,0,21321.22,16986.65,2.22
M0077585,N,48,1,5505.19,0,1,1,1359.8,3388.05,2.02
M0077586,N,49,0,16495.64,1,0,1,1565.0,12735.28,0.0
M0077587,N,32,3,22766.63,1,1,0,5050.18,17971.46,2.17
M0077588,N,46,0,3037.34,0,0,0,2444.18,2167.8,0.0
M0077589,N,18,3,46267.24,2,0,0,14874.2,36228.85,3.36
M0077590,N,77,2,5193.04,0,1,0,2149.39,4254.72,0.46
M0077591,N,67,0,7876.33,0,0,0,1541.4,4873.37,2.43
M0077592,N,57,2,12331.29,0,0,0,3762.4,6763.3,2.08
M0077593,N,31,2,33649.24,0,2,2,7338.75,34038.41,2.18
M0077594,N,44,1,13156.09,0,0,1,1651.54,8929.78,0.82
M0077595,N,37,2,10074.16,0,0,1,1735.94,14801.88,1.51
M0077596,N,24,2,5667.17,0,0,0,1584.29,3932.31,1.0
M0077597,N,70,3,24231.28,0,2,1,15456.23,9059.1,2.32
M0077598,N,37,2,19036.33,0,1,1,2470.06,21860.85,2.19
M0077599,N,19,1,12759.1,0,1,2,6475.23,4042.16,1.91
M0077600,N,29,1,10375.06,0,2,1,3523.51,8695.86,2.12
M0077601,N,20,0,20596.45,0,0,0,4868.02,16522.58,1.5
M0077602,N,43,1,5810.04,0,0,0,1598.73,3763.36,0.0
M0077603,N,60,2,24245.02,0,1,0,9679.46,9604.79,2.86
M0077604,N,76,1,4486.43,0,0,0,746.31,4681.73,0.4
M0077605,N,45,0,34669.55,1,0,1,8208.29,29701.91,2.62
M0077606,N,59,1,6330.67,0,0,1,1838.02,5624.47,0.0
M0077607,N,63,0,32655.69,1,1,0,9491.94,23191.22,2.16
M0077608,N,34,1,28794.03,0,0,0,2767.72,19999.04,2.36
M0077609,N,18,4,21358.34,1,2,0,11380.42,7753.69,2.33
M0077610,N,48,2,13798.09,0,0,0,1053.19,14098.11,0.78
M0077611,N,39,0,5207.45,0,0,0,2693.59,6127.88,1.1
M0077612,N,75,1,12604.17,0,0,0,3503.98,10690.64,1.43
M0077613,N,33,1,5176.79,0,1,0,3086.31,3602.23,0.0
M0077614,N,50,1,14870.49,1,1,0,5063.97,11170.76,0.76
M0077615,N,23,1,10395.56,0,0,0,3167.27,7113.77,1.81
M0077616,N,30,0,23499.15,0,2,1,4835.65,19443.55,0.9
M0077617,N,45,4,34113.31,1,2,0,18879.11,11918.84,1.71
M0077618,N,48,2,20541.36,0,1,2,5372.29,13303.16,1.32
M0077619,N,44,2,34115.24,1,2,1,5844.74,23852.42,1.5
M0077620,N,77,1,7715.05,0,0,0,3083.43,3818.51,1.52
M0077621,N,45,2,14324.88,1,0,1,7792.55,10042.49,1.8
M0077622,N,80,1,9278.75,1,1,0,3649.21,7827.6,0.21
M0077623,N,56,2,5176.34,0,0,0,549.54,4973.91,1.62
M0077624,N,23,1,10179.37,1,1,1,2932.25,9215.61,2.79
M0077625,N,66,0,4928.96,0,0,0,1868.98,4409.42,1.33
M0077626,N,37,1,27886.13,0,1,0,9688.68,16354.64,1.65
M0077627,N,69,1,21610.22,0,0,0,1566.61,26345.93,1.71
M0077628,N,67,0,8509.47,0,2,0,1201.21,8276.92,0.0
M0077629,N,31,1,27009.21,1,0,1,2004.68,20680.75,1.91
M0077630,N,62,1,19049.79,1,0,2,3379.67,12310.09,2.02
M0077631,N,76,1,15876.72,0,0,0,251.38,14081.94,0.9
M0077632,N,69,0,28784.44,0,2,1,5752.28,22159.34,1.76
M0077633,N,36,0,22026.59,0,1,0,3369.7,16755.08,1.3
M0077634,N,56,1,20745.45,0,0,0,5039.84,14462.64,1.73
M0077635,N,42,0,7644.88,0,0,0,2849.44,4990.72,0.0
