member_id,synthetic_high_cost_member_flag,member_age,chronic_condition_count,prior_year_paid_claims,inpatient_admissions,er_visits,specialty_rx_count,rx_paid_claims,medical_paid_claims,comorbidity_score
M0132098,N,76,2,18011.37,2,3,0,7015.2,8597.99,1.58
M0132099,N,46,0,4095.24,1,0,0,1661.26,3921.71,0.0
M0132100,N,54,2,7690.5,0,0,0,3068.45,6744.2,1.27
M0132101,N,28,2,8638.48,0,1,0,1446.36,5356.67,0.96
M0132102,N,52,1,4093.13,0,0,0,997.44,4099.3,1.5
M0132103,N,34,1,3450.06,0,1,0,2356.54,1391.63,0.52
M0132104,N,65,0,8434.93,0,0,0,1478.13,7372.68,0.51
M0132105,N,78,0,11216.08,0,0,0,3754.42,8142.76,1.69
M0132106,N,80,0,10447.62,0,1,0,6667.65,5241.98,0.68
M0132107,N,75,1,12421.14,0,0,1,3351.65,12282.91,1.51
M0132108,N,77,3,20223.99,0,0,0,2205.24,16644.18,2.12
M0132109,N,40,2,11242.73,0,0,0,3144.72,10050.56,0.82
M0132110,Y,41,6,198224.68,2,4,3,34179.71,166290.76,3.74
M0132111,N,52,2,4385.23,0,1,0,2187.06,3634.59,1.73
M0132112,N,30,0,22049.01,0,1,0,11959.59,6796.16,2.51
M0132113,Y,58,7,295108.52,5,4,3,41489.57,263445.72,7.12
M0132114,Y,72,6,110466.6,2,3,4,85671.66,64055.69,5.78
M0132115,N,74,3,29061.17,2,0,0,4819.88,18833.22,2.35
M0132116,N,37,0,16401.0,0,1,0,3696.4,11084.06,0.63
M0132117,N,72,1,25683.17,0,1,0,3726.7,21308.33,1.62
M0132118,N,34,1,88907.9,0,1,1,13042.42,72207.44,2.59
M0132119,N,72,1,7246.63,0,0,0,3603.4,5938.85,1.9
M0132120,N,47,0,5510.46,1,0,0,5467.33,3361.24,1.1
M0132121,N,32,1,3882.5,0,0,0,2039.31,1984.3,0.0
M0132122,N,50,1,10572.87,0,1,0,2048.82,10071.42,0.0
M0132123,N,46,0,5455.93,0,0,2,2953.12,6236.0,1.43
M0132124,N,77,2,15836.36,1,1,0,8706.74,7245.63,2.75
M0132125,N,51,0,13110.51,0,0,0,4042.95,8666.52,1.57
M0132126,N,59,2,16862.09,1,1,0,3353.57,11300.35,2.2
M0132127,N,50,0,8965.74,1,0,0,7337.54,6664.93,1.47
M0132128,N,26,1,5883.16,0,0,0,1124.79,7144.44,0.0
M0132129,N,68,0,18096.4,1,1,1,5419.53,16650.71,0.49
M0132130,N,21,0,10710.9,0,0,1,3626.28,6437.8,0.0
M0132131,N,58,1,10111.48,1,0,0,2471.49,5888.54,2.26
M0132132,N,73,1,17349.49,0,0,0,4445.07,13501.47,0.89
M0132133,N,54,0,5888.13,0,0,0,4092.46,1687.78,1.15
M0132134,N,23,2,30657.03,0,0,1,2611.91,23499.92,0.75
M0132135,N,51,1,26060.29,0,0,0,3647.14,20409.36,1.14
M0132136,N,79,0,7324.6,0,1,0,1226.21,11030.67,0.7
M0132137,N,18,1,7891.88,0,0,0,3296.15,6479.09,0.0
M0132138,N,71,1,6230.08,0,0,0,2631.96,5736.27,2.19
M0132139,N,31,0,8500.95,0,1,0,7047.98,5241.98,0.0
M0132140,N,51,1,12488.14,1,1,1,3722.01,7800.19,0.49
M0132141,N,76,2,8396.41,0,1,1,1233.88,7634.96,1.25
M0132142,Y,64,5,217050.34,4,3,3,144074.72,90771.6,4.3
M0132143,N,63,0,4360.63,0,0,0,876.07,2608.87,1.33
M0132144,N,24,3,27572.73,2,0,1,9917.57,13144.42,3.19
M0132145,N,31,0,15888.46,0,1,0,1368.11,11774.27,0.01
M0132146,N,39,1,5247.57,0,0,0,1929.1,4023.35,1.29
M0132147,N,68,1,3179.64,0,0,1,744.8,2220.63,0.36
M0132148,N,49,0,10916.93,1,1,0,2615.41,9121.49,0.22
M0132149,N,30,1,15814.44,0,0,0,5046.38,7357.4,1.18
M0132150,N,51,3,8697.61,0,0,0,4761.13,2223.31,1.15
M0132151,N,51,2,17183.88,0,0,0,6780.24,8776.78,2.08
M0132152,N,42,1,7845.07,1,1,0,3763.22,4794.69,0.26
M0132153,N,49,0,2673.49,1,1,0,556.52,2462.74,1.55
M0132154,N,31,2,29261.06,0,1,2,20854.06,25743.37,1.8
M0132155,N,73,0,12877.86,0,0,0,2764.52,9397.99,0.0
M0132156,N,56,0,10481.7,0,1,0,1900.19,9858.79,0.31
M0132157,N,31,0,11996.33,0,0,0,1493.82,12085.01,1.37
M0132158,N,58,1,9771.42,1,2,0,1678.26,7958.13,1.13
M0132159,N,26,1,5529.21,0,0,0,2074.86,2559.25,0.68
M0132160,N,75,1,3791.95,0,0,0,1516.44,3197.4,1.06
M0132161,N,44,1,4433.77,1,1,0,1042.81,3530.73,0.43
M0132162,N,78,0,17683.67,0,1,1,5814.42,9771.62,1.34
M0132163,N,58,0,17889.56,0,0,1,4806.48,14695.52,1.91
M0132164,N,65,0,16715.73,0,0,0,3369.27,17834.85,0.0
M0132165,N,42,2,4341.14,0,1,0,794.19,3645.19,0.0
M0132166,N,49,0,25379.42,0,1,0,2123.58,21467.28,1.8
M0132167,N,68,2,39698.68,2,1,1,9702.05,25791.79,2.63
M0132168,N,51,0,21939.67,0,2,0,1948.62,15959.45,1.59
M0132169,N,47,1,13796.53,0,0,0,842.7,10009.26,0.0
M0132170,Y,79,6,155273.37,3,4,1,92641.74,112463.15,4.64
M0132171,N,39,1,15198.69,0,0,0,6492.39,8448.34,2.27
M0132172,N,69,1,25998.5,0,2,0,4688.04,25366.91,1.5
M0132173,N,60,1,12766.79,0,1,0,3518.87,14792.85,1.58
M0132174,N,77,2,33578.47,1,1,0,4583.54,35204.16,1.15
M0132175,N,55,3,2708.3,0,0,1,648.42,2295.89,2.14
M0132176,N,39,1,18057.49,0,2,0,2263.61,12597.67,1.82
M0132177,N,38,0,10163.99,0,0,0,2703.51,9436.32,0.5
M0132178,N,62,0,9971.09,0,0,0,1932.05,6060.76,1.57
M0132179,N,56,1,18475.44,0,0,1,4575.86,10332.76,2.3
M0132180,N,37,1,6184.37,0,0,0,3048.23,2670.66,1.78
M0132181,N,73,1,23298.68,0,1,0,1412.18,21044.08,0.96
M0132182,N,35,2,8397.33,1,0,0,2352.72,8238.23,1.24
M0132183,N,77,1,19813.9,0,2,0,18778.9,7999.43,3.39
M0132184,N,27,2,9460.89,0,0,0,999.09,10029.73,1.96
M0132185,N,78,1,1827.63,0,0,0,504.68,2222.8,0.75
M0132186,N,42,1,14627.1,0,1,0,4595.72,9535.47,2.25
M0132187,N,71,0,2253.82,0,0,0,946.6,2707.44,0.29
M0132188,N,78,0,12837.69,1,0,1,691.68,9904.84,1.59
M0132189,N,62,0,7120.34,0,1,0,3896.35,4511.51,0.43
M0132190,N,38,3,44730.86,2,2,0,16847.49,23881.69,3.23
M0132191,N,26,1,6330.79,0,0,0,2395.24,2701.57,1.21
M0132192,N,55,0,12116.15,0,2,0,2889.52,13958.98,1.09
M0132193,N,37,0,15324.24,0,1,1,4807.92,12707.02,1.14
M0132194,N,73,2,7552.66,0,0,0,811.95,8204.64,1.85
M0132195,N,72,0,6412.67,0,0,1,3672.06,3786.32,0.41
M0132196,N,79,1,18715.18,0,2,1,10500.61,16973.68,2.06
M0132197,N,76,0,3264.86,0,0,2,1243.03,3897.4,1.19
M0132198,N,43,2,9484.15,0,0,0,1812.63,7635.09,0.81
M0132199,N,68,2,7802.3,0,1,0,3060.23,6625.86,0.21
M0132200,N,45,1,34296.07,0,1,0,13206.96,16344.19,2.88
M0132201,Y,83,5,146088.13,2,2,2,74394.75,67602.53,4.5
M0132202,N,21,2,22907.19,0,0,1,23049.86,15815.58,2.68
M0132203,Y,42,5,173134.78,4,4,1,56163.41,98582.18,6.57
M0132204,N,32,1,16764.05,0,0,0,2631.91,26490.86,2.28
M0132205,N,76,1,16112.6,0,1,0,1796.0,12764.67,2.23
M0132206,Y,65,4,179768.54,2,5,3,45488.68,116197.59,3.46
M0132207,N,28,4,35082.1,0,1,1,10309.34,30503.9,1.27
M0132208,N,22,0,7240.83,0,1,0,2837.2,5872.31,0.23
M0132209,N,46,3,13805.94,0,1,0,2526.77,10310.22,0.43
M0132210,N,45,3,6943.24,0,1,0,5344.22,6415.4,1.71
M0132211,N,28,0,8736.82,0,0,0,1992.65,4840.09,0.0
M0132212,N,25,2,35845.63,0,1,0,4269.42,32355.94,0.83
M0132213,N,79,2,3811.86,1,0,0,2294.44,3793.1,0.35
M0132214,N,62,1,8306.05,1,1,1,3070.16,6577.66,1.65
M0132215,N,50,0,15007.74,0,1,0,3992.71,8268.26,0.13
M0132216,N,59,1,14894.58,0,1,0,1685.78,14344.69,1.7
M0132217,N,31,0,7494.95,0,0,0,3283.05,2715.16,1.23
M0132218,N,36,2,29849.96,1,1,0,7862.76,23580.11,1.54
M0132219,N,37,2,20432.37,0,1,0,2934.38,18608.97,1.55
M0132220,N,53,2,17154.74,0,1,2,5251.13,10560.45,2.67
M0132221,N,51,2,14781.86,0,1,1,8411.96,14536.33,2.7
M0132222,N,32,1,26482.69,0,1,1,9726.52,13087.81,1.36
M0132223,N,33,0,6776.97,1,0,0,2706.48,2921.86,2.07
M0132224,N,34,0,26212.73,0,0,1,3084.16,30122.82,1.53
M0132225,N,53,0,18458.2,0,0,0,6608.56,12593.75,0.58
M0132226,N,29,2,12719.12,0,0,1,2169.86,10347.69,2.91
M0132227,N,62,1,15218.99,0,1,1,2526.86,11100.07,0.78
M0132228,N,65,2,12669.35,0,0,0,6299.0,15974.57,1.2
M0132229,N,52,0,3428.43,0,0,0,2584.71,2732.14,0.47
M0132230,N,56,2,17988.91,0,2,1,1551.71,15583.22,1.09
M0132231,N,48,1,10701.28,0,1,0,2133.8,10040.22,2.48
M0132232,N,74,0,2766.25,0,0,0,2453.71,2512.38,1.35
M0132233,N,31,1,19845.46,0,0,0,9631.65,9038.08,1.83
M0132234,N,70,2,19562.64,0,1,0,8135.77,13912.89,2.07
M0132235,N,31,1,7706.27,1,1,0,1381.55,7667.34,2.28
M0132236,N,65,1,37276.01,1,1,0,6263.53,30744.7,2.5
M0132237,N,61,3,11014.32,0,1,0,2879.93,6525.08,0.96
M0132238,N,47,0,7666.42,0,1,0,4318.13,3383.31,1.91
M0132239,N,18,2,4682.2,0,1,0,2129.48,4081.48,1.41
M0132240,N,32,0,13809.27,0,1,0,5194.21,5837.86,0.08
M0132241,N,66,1,12625.72,0,0,0,6073.63,9514.93,0.59
M0132242,N,55,1,11882.28,0,3,0,5823.86,8039.8,1.25
M0132243,N,74,2,5419.0,0,0,0,1852.01,3490.32,0.25
M0132244,N,47,0,4656.57,0,1,0,1535.49,2809.01,0.05
M0132245,N,53,0,2777.44,0,0,1,521.9,3550.91,0.14
M0132246,N,80,0,3955.63,0,0,0,944.17,5839.8,1.3
M0132247,N,50,3,31217.44,0,1,0,8267.89,36585.58,2.5
M0132248,N,71,1,12525.33,0,0,0,13868.5,6666.37,2.56
M0132249,N,44,1,31311.36,1,0,0,4235.34,21650.12,1.48
M0132250,N,42,0,6794.33,0,1,0,1793.9,9094.48,2.3
M0132251,N,69,1,11147.21,0,0,0,2240.5,7201.06,0.74
M0132252,N,47,1,11656.39,0,0,0,1289.98,10732.66,1.47
M0132253,Y,42,6,349877.77,2,5,5,219430.24,168629.76,6.64
M0132254,N,39,1,15785.3,0,0,0,2080.26,10900.36,1.41
M0132255,N,45,2,8017.19,0,0,0,3821.14,6676.23,0.13
M0132256,N,40,3,23215.69,0,1,0,2175.87,18483.05,1.8
M0132257,N,23,0,7307.88,0,1,1,1378.37,10397.18,1.64
M0132258,N,51,0,11948.28,0,0,0,1494.35,7986.72,0.91
M0132259,N,51,1,49071.05,0,1,1,1498.93,57950.08,2.43
M0132260,N,75,0,8939.82,0,1,0,715.66,6715.48,0.0
M0132261,N,54,2,10683.65,0,1,0,1580.67,12538.59,0.67
M0132262,N,29,1,8029.97,1,0,0,1136.92,9555.36,0.87
M0132263,Y,66,9,281047.51,4,2,5,76080.07,225366.33,4.29
M0132264,N,22,1,10093.15,0,1,0,4157.21,4151.28,1.73
M0132265,N,33,0,6995.73,0,1,0,4220.44,5113.95,1.0
M0132266,N,51,1,19317.33,0,2,0,6633.63,11616.35,0.16
M0132267,N,24,1,20121.42,2,2,0,3163.24,23948.49,1.63
M0132268,N,78,1,6496.28,0,1,1,477.37,7619.99,0.53
M0132269,N,48,3,16508.27,0,1,1,4835.11,17164.72,1.14
M0132270,N,51,1,16208.14,0,1,1,3178.67,9569.18,0.0
M0132271,N,35,1,25721.02,0,0,0,5903.53,15825.85,2.22
M0132272,N,66,1,16019.52,0,2,0,1623.53,14255.06,3.29
M0132273,N,63,1,12341.58,0,2,1,3797.54,9756.95,2.31
M0132274,N,25,1,11373.51,1,0,0,1145.4,12435.39,0.0
M0132275,N,33,0,1034.07,0,0,0,410.82,1410.71,0.0
M0132276,N,72,1,13194.32,0,2,0,503.13,10354.65,1.28
M0132277,N,38,1,5824.46,0,2,0,1781.46,4621.94,1.39
M0132278,N,34,0,7419.64,1,1,0,3458.31,9086.11,1.49
M0132279,N,27,2,35703.29,2,1,1,5084.78,26172.11,2.75
M0132280,Y,76,2,168965.62,2,2,1,108421.17,71382.36,5.45
M0132281,N,73,0,3165.21,0,0,0,2000.16,2162.49,0.2
M0132282,N,53,1,9415.08,0,2,0,3846.72,6698.72,1.06
M0132283,N,78,0,11320.26,0,0,0,3895.15,5583.06,0.52
M0132284,N,23,2,20922.08,0,2,0,5570.48,24903.27,2.93
M0132285,N,33,1,3715.9,0,0,1,935.32,5692.58,1.23
M0132286,N,62,1,2996.42,0,1,0,1854.88,2255.86,0.0
M0132287,N,36,1,7701.53,0,1,1,4049.05,5744.23,1.61
M0132288,N,65,1,16556.62,0,1,0,2727.52,15728.37,1.85
M0132289,N,43,1,15476.71,0,0,0,2261.34,12670.87,0.81
M0132290,N,64,0,3928.51,0,0,0,821.49,3748.28,0.15
M0132291,N,37,2,28028.61,1,0,1,3933.64,30421.55,0.67
M0132292,N,26,2,11159.36,0,0,0,3155.82,11066.93,0.2
M0132293,N,27,0,4843.04,1,1,0,3113.37,2436.25,0.54
M0132294,N,39,1,3862.57,0,1,0,908.33,4628.73,0.55
M0132295,N,53,1,10937.26,1,1,0,3484.58,9648.38,0.0
M0132296,N,28,2,31587.99,0,1,0,3799.51,23541.22,2.57
M0132297,N,29,1,12482.09,0,1,1,3380.65,17670.03,3.84
M0132298,N,74,2,14216.83,0,0,1,2766.04,15040.52,1.55
M0132299,N,22,0,3387.62,1,0,0,1128.48,3112.91,0.0
M0132300,N,60,0,16341.23,0,2,0,1653.92,13806.24,0.07
M0132301,N,41,2,25689.51,2,1,1,7701.29,25405.0,1.58
M0132302,N,64,0,7387.81,0,0,0,917.36,7813.39,1.54
M0132303,N,31,1,5887.01,0,0,0,201.58,7002.82,0.74
M0132304,N,22,1,12097.32,0,1,0,8576.39,5430.25,0.0
M0132305,N,37,1,16960.46,0,0,0,2656.7,13648.98,1.45
M0132306,N,53,0,4591.93,0,0,0,1052.6,3123.23,1.63
M0132307,N,54,0,4146.14,0,0,0,953.76,3774.92,1.05
M0132308,N,21,1,6293.57,1,2,0,2768.32,5528.3,2.64
M0132309,N,33,2,12710.15,0,2,1,6704.95,9196.29,2.29
M0132310,N,54,0,5128.72,0,1,0,1021.68,4812.6,0.93
M0132311,N,54,0,9552.29,0,0,0,2879.25,12947.87,0.36
M0132312,N,54,2,15594.43,0,0,0,11534.36,7965.65,0.4
M0132313,N,45,2,10621.91,0,0,0,785.83,17026.9,2.14
M0132314,N,79,1,9502.48,1,0,0,1831.3,8346.74,0.47
M0132315,N,80,0,17257.81,0,1,0,3889.51,13421.22,0.36
M0132316,N,31,0,14639.59,1,0,0,3379.45,9415.59,1.42
M0132317,N,68,0,19700.69,0,1,0,612.87,15509.9,0.35
M0132318,N,22,1,9823.48,0,1,0,2370.23,10894.69,0.72
M0132319,N,18,0,4838.91,0,0,0,848.01,7177.95,1.21
M0132320,N,35,1,16541.03,0,1,0,2877.95,10865.03,0.16
M0132321,N,38,0,29283.0,0,1,0,1891.68,21895.97,1.56
M0132322,N,78,0,7130.67,0,1,0,3355.82,7954.56,1.08
M0132323,Y,75,5,228922.92,3,4,3,60337.55,260289.11,5.36
M0132324,N,48,1,11756.32,1,1,0,2089.19,11350.28,1.02
M0132325,N,79,3,12144.35,0,2,1,5789.74,6211.77,1.24
M0132326,N,61,1,31644.0,0,1,2,8172.49,17175.04,1.15
M0132327,N,26,0,14827.84,0,1,0,1316.46,14501.77,2.17
M0132328,N,54,1,15912.44,0,1,0,944.68,26911.62,0.89
M0132329,N,61,1,5256.15,1,0,0,1117.32,6544.77,0.79
M0132330,N,61,2,6793.14,0,0,0,1666.29,5063.77,0.0
M0132331,N,46,2,20559.24,0,1,0,4228.69,11950.79,0.94
M0132332,N,22,0,9476.41,0,0,0,1696.58,14397.33,1.15
M0132333,N,56,2,4314.25,0,0,1,1508.76,4484.85,1.18
M0132334,N,52,2,20153.7,0,2,0,12023.47,8199.43,1.45
M0132335,N,68,2,24772.85,0,0,0,6175.8,36241.94,2.03
M0132336,N,20,0,14026.75,1,0,1,9071.91,2632.8,0.64
M0132337,N,23,3,6825.68,0,2,0,3343.3,5136.22,1.78
M0132338,N,59,2,34262.69,0,0,1,2034.24,29488.89,1.0
M0132339,N,26,1,8685.92,0,0,0,6173.07,7931.3,1.04
M0132340,N,77,2,48103.68,0,1,1,17790.44,21720.94,0.76
M0132341,N,39,1,28445.37,1,0,2,6251.03,16246.18,2.74
M0132342,N,61,0,10190.23,0,0,0,2117.33,11261.56,1.04
M0132343,N,70,0,9047.32,0,0,0,1027.67,6528.08,0.0
M0132344,N,62,0,11200.71,0,0,0,2457.8,8489.55,0.44
M0132345,N,76,0,8089.41,0,0,0,1474.68,7944.86,0.37
M0132346,N,64,0,5932.44,0,0,1,1141.39,7244.88,1.29
M0132347,N,41,0,26110.0,0,2,1,3287.67,27278.33,1.4
M0132348,N,48,1,24841.9,0,3,1,11166.53,13058.14,1.76
M0132349,N,76,2,7352.56,0,0,0,1529.54,6140.27,0.17
M0132350,N,42,1,17468.67,0,0,0,5302.17,11714.6,2.31
M0132351,N,31,0,4942.68,0,0,0,873.93,5628.57,0.0
M0132352,N,75,0,4246.46,0,1,0,2905.72,3373.15,0.0
M0132353,N,47,0,6880.93,0,2,0,5416.34,3507.9,1.98
M0132354,N,63,2,6023.12,0,0,0,2037.71,3058.3,1.02
M0132355,N,47,0,7505.44,0,1,0,1874.39,5181.95,1.76
M0132356,N,65,1,7337.04,0,0,0,3389.97,5668.18,1.94
M0132357,N,72,1,12158.31,1,2,0,6191.45,8720.33,1.83
M0132358,N,19,1,8997.73,0,2,0,809.79,6905.97,0.07
M0132359,N,32,0,5826.96,0,0,0,1977.84,2903.66,1.51
M0132360,N,20,2,19055.4,0,1,1,7642.18,8142.96,0.72
M0132361,N,49,1,16250.79,0,1,0,1815.12,11611.6,2.5
M0132362,N,75,1,3239.16,0,2,0,499.85,3824.06,2.5
M0132363,N,80,2,8323.26,0,1,0,3226.46,3908.05,1.37
M0132364,N,26,3,23890.58,0,1,2,10689.6,22984.04,2.75
M0132365,N,41,2,4526.64,0,0,1,1742.65,3179.95,0.8
M0132366,N,76,1,7725.93,0,0,0,1504.0,9091.52,1.52
M0132367,N,47,2,16512.55,0,1,1,631.3,12620.52,0.23
M0132368,N,33,2,26558.18,0,1,1,5746.87,16098.67,1.62
M0132369,N,26,1,5739.77,1,1,0,1846.87,4510.67,0.83
M0132370,Y,56,3,149917.16,3,1,1,62505.79,97725.45,2.85
M0132371,Y,57,3,165007.91,2,3,2,87402.73,91931.18,4.61
M0132372,N,58,0,19045.79,0,2,0,4998.25,12326.19,1.49
M0132373,N,23,0,9316.87,0,0,0,2875.48,4949.37,0.28
M0132374,N,65,2,20061.01,0,1,0,12178.89,9319.7,1.22
M0132375,N,41,1,10793.04,0,0,2,3224.22,10500.55,0.89
M0132376,N,19,1,40966.05,0,3,2,5821.8,64722.99,2.46
M0132377,N,34,3,18524.1,0,0,0,4873.8,12193.0,3.86
M0132378,N,60,1,12467.71,0,0,0,3202.61,16250.31,3.3
M0132379,N,47,0,31584.42,0,2,0,4736.16,26998.77,2.64
M0132380,N,73,2,20598.54,0,1,0,3766.48,15729.44,0.53
M0132381,N,41,0,3612.37,1,0,0,1488.8,1876.08,0.77
M0132382,N,44,0,6902.55,0,0,0,5523.4,6108.73,1.28
M0132383,N,36,1,9621.84,1,2,2,2262.81,5981.25,2.21
M0132384,N,74,0,11696.9,1,1,1,7376.73,10229.02,1.25
M0132385,N,40,2,5035.14,0,1,0,1159.77,5938.38,0.74
M0132386,N,28,2,17122.22,0,0,0,7841.33,10839.5,0.21
M0132387,N,74,0,10410.41,0,0,1,7141.67,3665.7,0.41
M0132388,N,65,0,9516.3,0,2,0,3268.41,8562.75,1.06
M0132389,N,65,0,10084.86,0,0,0,3531.0,13269.68,1.73
M0132390,N,47,2,7806.73,1,1,1,2642.02,9799.73,1.74
M0132391,N,47,0,10962.2,0,2,0,2383.7,6671.35,0.88
M0132392,N,62,3,13530.88,0,0,0,1887.04,20486.79,1.4
M0132393,N,63,0,8392.24,0,0,0,1051.67,5770.8,0.19
M0132394,N,63,1,5824.84,0,0,0,2191.69,3916.8,0.0
M0132395,N,24,1,23281.92,1,1,1,9130.33,12746.66,2.55
M0132396,N,73,0,7817.26,0,0,0,2171.82,4666.42,0.24
M0132397,N,69,1,54910.25,0,1,0,6591.4,41480.0,1.95
M0132398,N,31,1,6380.96,0,0,0,1123.36,4340.15,0.2
M0132399,N,61,1,12565.03,0,0,0,7232.67,3940.17,1.04
M0132400,N,18,1,28982.31,0,1,0,2574.83,23601.97,1.79
M0132401,N,21,1,18342.42,0,0,0,4130.25,20766.45,0.0
M0132402,N,23,1,4254.86,0,0,0,2914.02,4023.41,1.55
M0132403,N,44,1,6979.71,0,0,0,966.22,6684.35,0.98
M0132404,N,23,2,46597.85,0,1,0,28712.18,11251.84,0.03
M0132405,N,19,1,3832.73,0,0,0,711.95,3870.6,0.67
M0132406,N,48,1,6733.95,0,0,0,1724.9,4554.22,1.79
M0132407,N,22,0,4572.66,0,0,0,950.35,5128.74,0.19
M0132408,N,67,2,24852.21,1,1,0,4257.08,15716.46,2.04
M0132409,N,63,0,10920.54,0,1,0,5534.09,6445.29,0.97
M0132410,Y,54,2,109489.78,4,4,5,92154.94,54103.2,5.4
M0132411,N,23,2,18507.29,0,0,1,3960.09,14376.97,2.18
M0132412,N,25,4,6811.28,0,2,0,2821.59,6865.91,1.82
M0132413,N,28,0,4787.49,0,3,1,328.61,3936.08,0.0
M0132414,N,25,0,16490.47,0,1,2,4289.34,8833.39,0.83
M0132415,N,21,2,15912.56,1,1,1,6525.24,13331.81,3.2
M0132416,N,65,0,19737.87,0,3,2,1500.3,16647.32,1.95
M0132417,Y,70,7,295020.21,5,7,7,164236.21,148221.66,7.44
M0132418,N,74,1,6170.18,0,0,0,2560.99,3495.83,0.47
M0132419,Y,77,9,475589.12,3,6,5,123113.87,396796.61,5.99
M0132420,N,58,0,12283.0,0,0,0,1748.99,9161.4,0.0
M0132421,N,27,0,8461.02,0,0,0,2814.83,3922.56,1.28
M0132422,N,22,1,4228.91,0,0,0,1358.36,4456.21,0.87
M0132423,Y,40,7,238849.57,4,4,5,142286.69,100422.28,5.85
M0132424,N,32,0,12181.02,0,0,0,4465.08,5674.58,0.03
M0132425,N,71,0,8827.7,0,0,0,2252.72,9172.24,1.17
M0132426,N,19,2,4563.77,0,0,0,1153.51,3347.91,0.93
M0132427,N,34,1,5623.67,1,1,0,1343.86,3618.23,0.71
M0132428,N,57,0,6351.96,0,1,0,5006.94,4565.91,0.0
M0132429,N,30,0,5028.05,1,2,0,2084.32,3026.06,0.1
M0132430,N,53,0,15958.41,0,0,0,4622.82,7952.1,2.06
M0132431,N,33,2,26866.86,0,2,1,1925.4,20929.92,2.66
M0132432,N,18,0,6919.15,0,1,0,3418.65,3529.64,0.53
M0132433,N,45,2,11307.31,1,0,1,2374.2,13197.75,0.64
M0132434,N,38,3,11641.97,0,0,0,2123.83,18124.86,2.87
M0132435,N,39,0,26330.17,0,1,0,13837.98,13475.73,0.34
M0132436,N,45,1,12799.14,1,0,1,5191.04,10681.2,1.78
M0132437,N,61,1,7729.51,0,0,0,1055.54,5541.89,0.45
M0132438,N,59,0,5668.89,0,0,0,1646.66,4420.33,0.48
M0132439,N,69,2,3168.69,0,0,1,586.41,4545.97,0.12
M0132440,N,65,0,5334.07,0,0,0,865.69,6423.85,0.07
M0132441,N,44,0,7319.95,1,0,0,2495.99,5035.89,0.49
M0132442,Y,58,3,544844.05,3,5,5,131544.76,388599.61,4.27
M0132443,Y,82,5,336345.55,3,3,2,120630.54,166482.41,5.34
M0132444,N,53,0,6788.82,0,0,0,1690.38,5957.16,0.0
M0132445,N,22,0,4871.94,0,0,0,356.85,5992.7,0.0
M0132446,N,20,0,10196.4,1,1,0,3687.82,12557.65,0.75
M0132447,N,49,0,6959.02,1,0,0,497.87,8738.35,1.13
M0132448,N,42,0,17211.47,0,1,2,9576.59,7691.07,0.86
M0132449,N,53,0,31027.27,0,1,0,2953.81,22687.05,0.0
M0132450,N,25,1,22072.89,0,0,1,7305.39,24149.4,1.39
M0132451,N,36,0,10655.41,0,0,0,436.47,8094.07,1.03
M0132452,N,73,1,8260.58,0,1,0,2052.42,4977.45,1.24
M0132453,N,68,1,19805.55,0,0,0,3905.57,17343.87,1.6
M0132454,N,52,3,5938.51,0,0,0,1569.78,4720.88,1.8
M0132455,N,19,2,6907.18,0,2,1,1443.9,8705.31,1.86
M0132456,N,31,0,5190.63,0,0,0,2275.84,4646.46,0.93
M0132457,N,72,4,24109.85,2,2,2,7937.77,13491.93,2.53
M0132458,N,21,0,7326.73,0,0,0,3028.04,3463.37,1.75
M0132459,N,28,0,4183.38,0,0,0,1217.84,2809.89,0.0
M0132460,N,54,1,15787.66,1,0,0,3162.9,10160.77,1.33
M0132461,N,64,2,31994.23,0,1,0,5520.86,20095.92,1.39
M0132462,N,57,0,4471.9,0,0,0,630.2,6687.1,0.0
M0132463,N,33,0,4923.58,0,0,0,3883.81,3180.88,2.26
M0132464,N,41,0,11971.93,2,1,0,6187.07,3545.46,0.0
M0132465,N,26,0,9898.47,0,0,0,3711.09,8059.42,0.37
M0132466,N,23,0,8235.28,0,0,0,3251.52,7653.2,1.08
M0132467,N,41,0,30782.65,0,0,0,3920.28,33055.02,0.87
M0132468,N,62,0,24734.62,0,0,2,4530.17,37367.3,1.81
M0132469,N,48,1,23950.61,1,2,0,6542.34,21177.16,3.86
M0132470,N,66,3,13399.54,0,0,0,6001.99,15194.39,1.52
M0132471,N,22,1,18338.22,0,1,0,7219.21,16749.59,0.0
M0132472,N,34,3,8495.31,0,2,1,1326.84,8132.38,0.14
M0132473,N,80,0,41731.72,0,1,0,2690.91,38322.77,1.77
M0132474,N,51,2,5827.57,0,0,0,906.3,4002.16,0.49
M0132475,N,32,1,5907.7,0,1,0,5288.2,3326.75,1.83
M0132476,N,39,0,5955.31,0,1,0,1207.57,3617.93,1.16
M0132477,N,29,2,10647.19,0,2,0,5181.44,3683.67,0.6
M0132478,N,40,1,16384.55,1,1,0,1497.98,11629.93,1.44
M0132479,N,31,1,6922.21,0,1,0,2211.7,6630.91,0.77
M0132480,Y,69,4,266458.47,1,4,2,86767.7,203193.54,3.38
M0132481,N,64,1,6314.28,0,0,0,2066.75,3528.89,1.08
M0132482,N,24,2,8417.88,0,0,0,3583.82,8067.12,2.9
M0132483,Y,66,3,150832.35,1,4,7,55269.51,113833.39,2.0
M0132484,N,52,1,32894.54,1,0,0,1802.84,25014.19,1.36
M0132485,N,20,0,6040.85,0,2,1,4493.93,4903.25,1.62
M0132486,N,22,1,6586.73,1,0,2,4719.81,7026.53,1.87
M0132487,N,46,2,15140.18,0,1,0,6675.64,8161.54,1.47
M0132488,N,63,1,8028.42,2,0,0,2239.36,5420.23,2.11
M0132489,N,68,0,16003.25,0,0,0,1031.1,16999.45,0.44
M0132490,N,43,0,9614.08,0,0,0,5879.9,5596.28,0.35
M0132491,N,22,1,15263.63,0,1,0,8080.93,8153.34,1.12
M0132492,N,35,1,7440.06,0,2,0,4496.15,3098.24,0.81
M0132493,N,34,3,6698.77,0,1,0,1145.95,4748.49,0.14
M0132494,N,52,2,7213.74,0,0,1,1101.7,5909.83,0.66
M0132495,N,34,1,6441.44,0,1,0,2305.03,6424.47,0.02
M0132496,N,18,0,9992.18,1,0,0,3531.54,6623.13,1.66
M0132497,N,64,1,12310.61,0,0,0,2545.58,17909.6,0.05
M0132498,Y,69,4,169122.8,4,2,1,84913.88,108324.03,2.21
M0132499,N,23,1,14535.51,0,1,0,6635.08,17988.9,1.37
M0132500,N,68,0,9130.41,0,1,1,3364.29,4563.13,2.13
M0132501,N,63,0,9622.48,0,0,2,2297.89,5643.7,0.28
M0132502,N,41,1,3457.56,0,0,0,5200.45,1045.69,0.5
M0132503,N,23,0,9397.02,0,1,1,506.47,12400.54,0.69
M0132504,N,21,2,8795.0,0,0,0,6735.32,7231.12,0.63
M0132505,N,57,1,23401.49,0,0,0,3494.52,19480.63,1.49
M0132506,N,22,2,8699.59,1,1,0,8177.53,7319.94,1.58
M0132507,N,48,0,9324.42,0,2,0,5865.94,2905.1,1.15
M0132508,N,74,0,18855.44,0,2,0,5874.15,10266.5,2.07
M0132509,N,69,0,7468.94,0,1,0,1650.6,8559.9,0.0
M0132510,N,62,1,15157.16,0,2,1,5888.17,14891.74,1.06
M0132511,N,70,0,23788.12,0,0,0,7800.12,16777.25,0.0
M0132512,N,24,1,2640.07,0,0,0,318.14,2462.04,1.01
M0132513,N,46,0,6884.59,0,1,0,2532.89,4139.13,1.32
M0132514,N,49,0,10247.57,0,0,0,1431.5,11628.21,2.24
M0132515,N,29,0,29455.84,0,1,0,2081.36,27673.64,2.34
M0132516,N,22,1,1554.41,0,0,0,581.99,2035.33,2.1
M0132517,N,56,2,22219.6,0,0,0,10926.89,16793.05,0.69
M0132518,N,70,1,7163.02,0,0,1,1114.76,9649.03,0.0
M0132519,Y,65,6,255521.58,8,5,6,52428.4,222790.86,7.36
M0132520,N,80,0,20468.28,0,2,1,3964.24,12269.93,1.57
M0132521,N,59,0,24173.54,1,1,1,4843.68,14957.42,1.22
M0132522,N,55,0,5598.11,1,0,0,1482.41,8565.69,0.72
M0132523,N,40,1,8643.14,0,0,0,2832.58,9086.23,0.05
M0132524,N,50,0,25354.73,0,0,0,4667.19,22842.24,0.0
M0132525,N,40,1,10093.27,0,0,0,10058.98,4700.5,0.38
M0132526,Y,36,4,230998.35,4,6,3,101244.2,117147.63,3.61
M0132527,N,32,1,8681.14,0,0,0,1217.24,5953.9,0.91
M0132528,Y,86,3,219821.89,3,2,4,27548.36,158699.59,4.44
M0132529,N,46,1,6119.96,0,0,1,3541.36,4211.98,1.11
M0132530,N,31,1,5116.84,0,0,1,1770.16,4837.37,0.0
M0132531,N,54,2,8878.25,0,1,0,6683.54,6892.55,0.96
M0132532,N,75,0,40405.42,0,0,1,1936.72,29869.89,1.61
M0132533,N,59,0,22256.43,0,2,0,3414.08,16747.22,1.69
M0132534,N,36,1,14054.23,0,1,0,2048.26,16156.4,1.33
M0132535,N,65,1,22421.26,0,0,0,3321.43,17871.88,0.84
M0132536,N,36,2,24634.07,1,0,0,759.04,34510.41,1.33
M0132537,N,19,1,10490.08,0,0,0,5492.21,2759.85,1.1
M0132538,N,43,1,6756.96,0,0,0,1939.25,9385.27,0.27
M0132539,N,74,2,14088.33,0,1,0,1693.42,17974.0,1.53
M0132540,N,42,0,14812.03,0,0,0,1524.13,10981.36,2.34
M0132541,N,18,0,5855.03,0,1,0,1062.41,4694.82,0.14
M0132542,N,32,0,7611.57,0,0,0,3160.29,3035.62,0.0
M0132543,N,51,3,22574.0,0,0,1,4168.03,17833.65,0.22
M0132544,N,42,0,9455.31,0,0,0,1709.91,6847.27,0.0
M0132545,N,54,0,7258.81,0,0,0,2254.74,4373.77,0.07
M0132546,N,77,0,4794.36,0,0,0,1381.67,4431.63,0.61
M0132547,N,42,2,5132.76,0,0,0,1150.59,3834.01,0.87
M0132548,N,42,0,2162.4,0,2,0,1643.39,2118.8,0.52
M0132549,Y,61,4,236737.29,3,2,5,103379.23,149805.28,4.53
M0132550,N,34,0,6982.76,0,0,0,4215.33,2152.56,1.44
M0132551,N,22,0,4759.33,0,0,0,917.42,2834.52,0.9
M0132552,N,48,0,8275.22,0,1,0,2613.17,4609.29,0.0
M0132553,N,75,1,11522.91,0,3,0,5870.64,9559.68,1.78
M0132554,N,40,0,5050.53,0,0,0,410.95,5091.18,0.2
M0132555,N,49,0,11527.96,1,1,2,1421.1,8668.49,1.27
M0132556,N,74,0,6284.69,0,0,1,782.36,8349.8,0.21
M0132557,N,47,2,9983.42,0,0,0,3808.21,8453.88,0.64
M0132558,N,28,0,3879.54,0,2,0,1830.15,4896.0,0.03
M0132559,N,74,1,19465.73,0,1,1,12344.88,6025.31,2.2
M0132560,N,49,4,5675.36,0,2,0,3072.24,4856.23,1.71
M0132561,N,19,2,13901.18,2,1,1,3456.56,7898.48,3.08
M0132562,N,66,2,15824.12,0,1,0,1987.54,10805.34,0.56
M0132563,N,31,0,29721.01,0,1,0,448.47,30183.54,0.29
M0132564,N,25,0,4853.41,0,0,0,1728.08,5546.13,0.54
M0132565,N,56,1,9343.29,0,0,0,7263.63,7360.94,0.23
M0132566,N,35,1,13693.24,1,2,0,7244.18,5542.54,1.4
M0132567,N,66,1,23047.46,0,2,0,4687.78,19009.01,2.9
M0132568,N,69,2,10424.51,0,2,0,4725.88,11550.55,2.39
M0132569,N,61,0,11078.33,0,1,0,2529.5,9451.27,0.0
M0132570,N,54,0,21647.84,0,1,0,10838.19,11213.48,0.0
M0132571,N,58,2,13261.38,0,2,0,2609.22,15527.37,2.79
M0132572,N,20,0,2552.83,0,0,0,510.39,3289.09,0.81
M0132573,N,49,0,9673.67,0,1,0,1470.62,8245.61,2.26
M0132574,N,31,0,10456.11,0,0,1,8543.58,6795.65,0.0
M0132575,N,29,1,4438.36,0,0,0,2202.19,3411.54,0.01
M0132576,N,51,2,22200.51,1,0,0,730.79,17346.05,0.0
M0132577,N,70,1,8409.7,1,0,0,1620.96,6361.69,0.0
M0132578,N,31,0,5455.39,0,0,0,1486.19,4077.42,1.4
M0132579,N,34,2,5363.64,0,0,0,2224.34,2322.39,0.0
M0132580,N,79,3,13161.46,0,2,4,8838.96,12251.85,1.93
M0132581,N,65,1,16227.12,0,0,0,4368.38,12864.67,0.54
M0132582,N,24,2,8712.24,0,1,0,3359.96,7603.12,2.04
M0132583,N,33,2,15913.31,1,0,0,1694.76,11741.07,0.0
M0132584,N,22,0,11686.0,0,0,0,1959.22,11069.64,0.61
M0132585,N,23,1,7027.95,0,0,1,1294.18,7291.32,0.0
M0132586,N,42,1,4220.45,0,0,0,1444.83,2299.5,0.0
M0132587,N,53,1,12403.82,1,0,0,4323.01,10428.16,1.78
M0132588,N,22,0,1470.86,0,0,0,403.09,1733.76,0.0
M0132589,N,79,1,9545.58,0,0,1,3764.01,9482.43,0.14
M0132590,N,68,2,16338.82,0,2,0,2943.88,15904.98,1.98
M0132591,N,33,1,13130.98,0,1,0,6637.66,7098.61,1.62
M0132592,N,45,1,10434.56,0,0,0,6297.83,9294.39,1.39
M0132593,N,19,0,8624.34,0,1,0,2297.08,7830.13,1.29
M0132594,N,80,0,11811.06,0,0,1,6478.5,7485.16,1.37
M0132595,N,41,0,6288.27,1,0,1,2551.84,5499.16,0.69
M0132596,N,73,2,6987.61,0,0,1,1943.46,8673.04,0.24
M0132597,N,54,1,12493.89,0,1,0,2699.04,10963.07,1.8
M0132598,N,20,0,15336.02,1,2,1,7224.72,10361.33,1.47
M0132599,N,30,1,8114.38,0,0,0,2710.26,8789.74,2.16
M0132600,N,20,1,21726.13,0,0,0,7359.4,16020.26,1.28
M0132601,Y,44,3,166134.76,1,4,3,83537.19,103778.04,6.78
M0132602,N,21,2,38147.37,0,1,0,1175.15,34588.59,2.12
M0132603,N,43,2,11779.06,0,0,0,3611.71,7600.6,1.79
M0132604,N,67,0,6623.71,0,1,0,3570.51,5368.91,0.0
M0132605,N,60,0,10766.25,0,1,0,6736.4,6016.35,0.81
M0132606,N,29,1,9662.98,0,1,0,2439.04,7459.54,1.55
M0132607,N,36,0,2924.72,0,0,0,635.23,3705.7,0.0
M0132608,N,33,1,11730.57,0,1,1,4043.41,6816.75,0.97
M0132609,N,33,1,17772.72,1,2,2,6055.18,11183.99,1.77
M0132610,N,77,2,7808.64,0,1,0,938.74,7113.32,2.82
M0132611,N,78,2,9966.6,2,1,0,3001.26,8082.82,0.22
M0132612,N,71,2,12307.09,0,0,0,3101.56,10609.83,1.39
M0132613,N,43,1,14746.74,0,2,0,4043.32,11761.13,2.32
M0132614,N,51,0,5989.01,1,1,0,1307.41,5761.07,0.0
M0132615,N,20,1,4979.11,0,2,0,591.53,6958.18,0.41
M0132616,N,63,2,30599.97,1,3,1,8218.85,18948.28,1.88
M0132617,Y,58,5,296077.79,3,6,5,79130.88,200190.74,6.48
M0132618,N,53,2,8026.72,0,0,0,2080.41,9812.08,0.61
M0132619,N,28,1,26413.32,0,0,0,13872.79,8164.01,2.75
M0132620,N,35,0,14658.91,1,0,0,3592.78,10069.49,1.29
M0132621,N,68,0,6726.33,0,1,0,1741.83,3558.33,2.58
M0132622,N,59,0,15146.49,1,0,0,1987.45,12777.62,0.66
M0132623,N,36,1,9028.09,0,0,1,1314.64,7404.35,0.75
M0132624,N,50,1,29131.68,0,1,0,13688.56,10638.22,2.57
M0132625,N,77,0,6041.31,0,0,1,2077.97,3483.19,0.86
M0132626,Y,86,4,111399.35,4,1,3,37749.64,95398.14,3.8
M0132627,N,74,2,32541.73,0,4,0,3377.23,24734.55,0.89
M0132628,N,50,2,45761.26,0,0,0,7641.46,31206.86,1.56
M0132629,N,29,1,23201.54,0,2,1,5008.37,22624.22,1.03
M0132630,N,70,0,6687.73,0,0,0,3421.19,5530.29,1.95
M0132631,N,19,1,19238.95,0,1,0,5152.89,13040.01,3.05
M0132632,N,65,2,10565.59,0,1,0,3238.15,6324.31,0.0
M0132633,N,60,0,2618.78,0,0,0,1251.2,2266.09,0.76
M0132634,N,45,2,5638.91,0,0,0,3492.66,1302.09,0.42
M0132635,N,42,0,6092.51,0,1,0,3189.06,2734.04,0.68
M0132636,N,21,0,5255.58,0,1,0,899.25,6827.97,0.75
M0132637,N,58,1,8140.49,0,0,0,1264.88,6930.97,0.81
M0132638,N,25,2,12007.15,1,1,1,1596.95,8668.09,0.58
M0132639,N,60,1,22436.27,0,0,0,5479.7,14975.38,0.0
M0132640,N,34,2,10434.74,0,1,0,5809.71,5466.52,1.29
M0132641,N,63,1,4428.54,0,0,0,2411.04,4483.69,2.05
M0132642,N,37,1,16964.76,0,0,1,1479.0,12224.58,1.2
M0132643,N,29,2,8959.6,0,0,0,6858.62,4598.5,0.0
M0132644,N,79,2,8995.99,0,0,0,3158.64,6272.64,0.0
M0132645,N,62,1,9855.97,0,1,0,2074.48,7642.26,1.61
M0132646,N,46,0,7792.14,0,0,0,3288.99,3767.59,0.0
M0132647,N,47,2,9377.25,0,1,0,3139.46,8265.64,0.67
M0132648,N,62,0,9283.56,1,1,0,1968.36,9205.31,0.0
M0132649,N,56,1,2818.36,0,0,0,916.96,2674.02,0.29
M0132650,N,48,2,10207.0,0,0,0,2374.79,10228.87,1.49
M0132651,N,21,1,6140.38,0,2,1,3528.4,5008.65,1.96
M0132652,N,70,0,20363.18,0,0,0,6096.16,10486.5,0.0
M0132653,N,43,0,4554.66,0,0,0,507.04,5969.0,0.0
M0132654,N,33,3,5054.75,0,2,0,1938.34,4307.99,0.0
M0132655,N,29,0,11022.19,1,1,0,6208.41,7710.44,1.06
M0132656,N,61,1,24021.48,0,3,1,1387.12,21332.64,2.34
M0132657,N,53,1,10589.61,0,1,0,5420.33,10805.51,0.0
M0132658,N,73,1,3852.91,0,0,0,1276.27,3752.05,0.0
M0132659,N,51,2,22668.62,0,0,0,1621.46,25806.05,1.01
M0132660,N,19,0,10967.45,0,1,0,5994.98,9019.65,0.24
M0132661,N,20,2,10683.85,0,0,0,5496.96,3133.28,0.0
M0132662,N,70,2,19597.2,0,0,0,2594.08,13467.83,2.35
M0132663,N,43,2,3599.54,0,1,0,2167.74,3256.09,2.53
M0132664,N,26,3,6457.19,0,1,0,2205.19,3572.04,1.11
M0132665,N,57,0,2971.3,0,0,1,351.88,2895.51,0.14
M0132666,N,66,0,9636.88,0,0,0,3290.19,9052.4,1.0
M0132667,Y,83,4,310595.99,3,1,3,86254.83,199349.76,3.26
M0132668,N,37,0,11932.66,0,0,0,2108.33,9695.43,0.68
M0132669,N,76,1,6529.23,0,1,1,3883.75,2983.56,0.42
M0132670,N,46,0,12076.37,0,1,0,4813.11,11893.44,1.65
M0132671,N,24,0,18733.14,0,0,0,3763.43,17267.15,0.0
M0132672,N,67,2,9027.88,0,0,0,2683.3,8610.75,0.98
M0132673,N,64,3,26914.68,1,3,0,4429.8,27943.48,1.97
M0132674,N,22,2,10700.22,2,2,0,11390.92,3862.8,2.23
M0132675,N,30,0,9038.72,1,1,0,3024.16,11868.34,1.84
M0132676,N,61,0,4814.18,0,0,0,946.34,3662.69,1.11
M0132677,N,24,2,39967.18,0,0,2,14935.63,17010.46,2.27
M0132678,N,68,0,14633.77,0,1,0,5269.65,8093.74,2.31
M0132679,N,42,1,8064.99,1,1,0,2532.18,11585.24,0.58
M0132680,N,42,0,13194.0,0,0,1,1473.93,10888.99,0.71
M0132681,N,45,4,25497.11,0,0,0,2884.55,30558.42,0.88
M0132682,N,24,1,7559.94,0,0,0,2792.28,8295.93,0.18
M0132683,N,43,2,9458.98,0,2,0,4049.9,4150.5,0.63
M0132684,N,61,0,12056.79,0,0,0,773.52,13108.46,0.89
M0132685,N,50,0,2550.79,1,0,0,1040.13,2422.23,0.0
M0132686,N,72,0,7952.08,0,0,0,3796.66,3874.84,0.0
M0132687,N,44,0,15951.74,0,0,2,6838.58,16856.03,0.63
M0132688,N,31,0,8428.54,0,2,0,2854.65,9271.1,1.19
M0132689,N,57,0,4103.25,0,0,0,868.13,2747.23,0.23
M0132690,N,40,1,9258.61,0,0,0,4036.62,7011.0,0.0
M0132691,N,71,0,14475.64,0,0,1,6542.31,10440.58,0.85
M0132692,N,55,0,36730.46,0,2,0,11403.5,18904.08,2.17
M0132693,N,37,2,45018.63,0,0,0,4589.39,39096.91,2.32
M0132694,N,39,3,6400.35,0,0,0,1134.43,5033.86,0.65
M0132695,N,53,1,18755.17,0,1,0,4114.06,12411.86,2.29
M0132696,N,55,0,12174.59,0,0,0,459.81,10603.46,0.97
M0132697,N,51,0,6934.73,0,0,0,563.91,7503.32,0.39
M0132698,N,53,2,5746.6,0,0,0,1400.4,5756.07,1.58
M0132699,N,30,1,7402.38,1,1,0,2901.45,6265.63,0.68
M0132700,Y,49,5,248499.46,1,4,2,97660.57,140740.48,7.19
M0132701,N,78,1,42152.57,0,1,0,8839.47,26573.26,1.84
M0132702,N,31,2,8466.68,1,3,0,7065.62,6373.49,1.63
M0132703,N,38,0,3702.8,0,0,0,1516.53,4503.59,0.17
M0132704,N,35,2,13292.68,1,2,1,5219.05,7338.9,3.47
M0132705,N,63,1,17731.45,0,0,0,3199.9,22540.56,1.32
M0132706,N,76,2,26390.36,1,0,0,14527.05,11395.48,2.08
M0132707,N,36,0,4513.33,0,0,1,2618.52,1978.4,2.47
M0132708,N,21,0,5971.3,0,0,1,4209.37,3604.73,0.0
M0132709,N,20,0,10658.09,0,2,0,2705.47,13984.41,1.86
M0132710,N,35,3,7948.44,1,2,0,2838.64,9227.97,2.6
M0132711,N,30,1,22563.7,0,2,0,6577.3,13646.19,2.56
M0132712,N,74,0,5864.46,0,0,0,1237.68,5630.98,0.75
M0132713,N,36,2,16188.81,1,1,0,16342.1,7890.17,0.28
M0132714,N,41,1,9330.18,1,1,0,4031.39,3913.66,0.0
M0132715,N,49,0,13364.03,1,1,0,3386.17,13230.07,2.11
M0132716,N,67,1,5866.59,0,0,0,759.8,5337.61,1.42
M0132717,N,24,0,8720.93,0,1,0,5962.84,1776.13,0.82
M0132718,Y,53,6,149426.97,1,5,3,82595.29,61691.03,5.22
M0132719,N,22,1,9503.61,0,0,0,1085.42,9427.82,1.65
M0132720,N,25,1,9753.22,0,0,0,5987.07,5842.69,0.0
M0132721,N,75,0,15648.67,0,0,0,8305.65,6218.35,1.14
M0132722,N,31,3,23150.26,0,2,1,9455.34,14629.32,2.72
M0132723,N,50,0,6449.29,0,0,1,687.69,4947.49,0.0
M0132724,N,20,1,5134.53,1,0,0,2941.88,4909.38,2.9
M0132725,N,40,0,8075.23,0,1,0,1253.29,6242.28,2.32
M0132726,N,46,1,19742.39,0,2,0,1375.6,14738.6,0.36
M0132727,N,62,1,41881.96,0,0,0,3235.06,31681.68,1.02
M0132728,N,68,2,21229.74,0,3,1,10774.66,11649.78,2.02
M0132729,N,34,1,10278.44,0,1,1,1224.41,15297.64,2.01
M0132730,N,23,2,7146.79,0,0,0,2517.3,3545.95,0.26
M0132731,N,18,0,5902.88,1,0,0,2857.36,4337.98,1.76
M0132732,N,68,2,15385.02,1,0,0,7637.03,9669.99,1.19
M0132733,N,24,1,5794.12,0,1,0,5092.06,4406.6,1.16
M0132734,N,36,2,29198.13,0,1,1,7977.45,28362.28,1.52
M0132735,N,28,1,28421.15,0,2,1,7924.62,17648.91,2.36
M0132736,N,57,0,8099.37,0,0,0,4819.0,5024.07,1.51
M0132737,N,60,1,15118.35,0,0,1,2712.16,12774.8,1.34
M0132738,N,75,2,15366.17,1,0,0,5697.63,10279.97,0.27
M0132739,N,73,1,6368.88,1,0,0,1026.22,5912.22,0.81
M0132740,N,63,1,10482.42,0,0,0,1549.98,8357.46,0.86
M0132741,N,44,0,13494.19,0,1,1,2223.95,14468.19,0.41
M0132742,N,58,1,7559.15,0,1,1,2132.77,6216.78,0.0
M0132743,N,57,0,3513.37,0,0,0,553.84,4018.46,0.61
M0132744,N,64,1,15706.79,0,2,0,3383.31,11498.9,1.34
M0132745,N,38,1,7623.54,0,0,0,9354.58,2257.37,0.0
M0132746,N,57,0,12569.01,0,1,0,1091.36,15521.72,0.65
M0132747,N,28,1,7645.68,1,0,0,3715.92,4919.63,0.91
M0132748,N,57,0,13845.68,0,0,0,12677.53,6032.83,0.61
M0132749,N,34,1,5076.07,0,0,0,1180.75,2875.72,2.04
M0132750,N,32,2,9186.58,0,0,0,5420.33,4170.03,1.47
M0132751,N,51,0,10057.22,1,1,0,7325.97,5064.48,2.59
M0132752,N,53,1,9548.52,0,2,0,2762.08,6346.75,0.32
M0132753,N,55,3,9199.3,0,0,0,4126.21,4005.12,0.79
M0132754,N,55,1,10885.7,0,4,0,2821.69,7235.23,0.0
M0132755,N,32,2,5770.89,0,0,1,738.4,6959.12,0.0
M0132756,N,74,0,16740.12,0,0,0,6275.15,8296.77,1.62
M0132757,N,24,0,11681.27,0,0,0,1998.42,11492.63,1.43
M0132758,N,70,1,9218.83,0,1,1,2060.37,6391.91,0.0
M0132759,N,38,3,9396.84,0,1,0,2958.19,4847.55,0.56
M0132760,N,67,1,6547.75,2,1,0,1274.71,8692.43,0.49
M0132761,N,22,3,22126.56,1,0,0,1218.36,17136.61,3.74
M0132762,N,51,0,18617.27,1,0,0,5326.04,23113.29,0.69
M0132763,N,49,1,6573.33,0,0,0,3100.84,3531.38,1.09
M0132764,N,19,1,9237.49,0,1,0,5064.91,6398.83,0.09
M0132765,N,49,2,14360.34,0,0,0,5662.17,8209.58,0.1
M0132766,N,74,1,10103.88,0,1,0,2061.79,15411.92,1.26
M0132767,N,50,0,15375.07,0,0,0,2436.77,13300.55,1.59
M0132768,N,29,1,5344.16,0,0,2,951.55,5435.52,0.5
M0132769,N,41,1,11431.26,2,1,0,5588.66,13107.1,2.37
M0132770,N,66,1,22833.19,0,0,0,1419.51,20916.05,1.77
M0132771,N,69,0,12227.55,0,1,1,4314.81,11136.67,0.92
M0132772,N,25,2,59383.75,0,0,0,11517.74,40147.61,1.93
M0132773,N,19,0,7512.31,0,0,0,1597.91,5109.26,0.82
M0132774,N,30,1,25254.35,0,0,0,5618.46,19044.49,0.0
M0132775,N,30,0,2565.93,0,0,0,876.75,1825.47,0.75
M0132776,N,23,2,26469.85,1,2,0,9245.8,21359.21,2.79
M0132777,N,26,0,21287.99,0,0,0,4003.87,12998.04,1.55
M0132778,N,42,2,9446.98,2,0,0,1841.49,9812.61,1.28
M0132779,N,28,1,63398.48,1,1,0,4022.5,51558.66,1.74
M0132780,N,41,0,5972.59,0,0,0,3830.06,2103.93,0.5
M0132781,N,46,0,7952.01,0,0,0,1112.2,7855.14,1.31
M0132782,N,77,0,19700.87,0,0,1,9140.41,7492.0,1.57
M0132783,N,52,2,6678.81,0,1,1,4826.28,5937.96,0.1
M0132784,N,78,1,15104.74,0,0,0,11165.43,7275.84,0.92
M0132785,N,75,0,29491.16,1,2,2,11958.17,22125.41,0.89
M0132786,N,20,0,10708.23,0,0,0,2114.05,12819.36,1.14
M0132787,N,36,0,29344.36,0,0,0,9483.93,13543.87,0.6
M0132788,N,27,1,17472.06,0,0,0,2876.09,11431.63,1.69
M0132789,N,75,0,1926.15,0,0,0,908.95,2076.82,1.53
M0132790,N,37,0,3089.37,1,0,1,790.81,2013.9,0.0
M0132791,N,72,2,7573.94,0,0,0,4784.03,7897.94,1.33
M0132792,Y,49,8,672081.3,2,6,5,295529.9,279608.58,7.22
M0132793,N,60,0,6009.62,1,0,1,2055.0,8008.48,1.42
M0132794,N,44,1,8933.94,0,0,0,2828.1,4347.86,0.76
M0132795,N,37,2,9993.71,1,1,1,5683.27,5918.53,2.09
M0132796,N,28,1,32033.85,1,0,1,1113.28,47010.43,0.91
M0132797,N,37,0,13803.28,1,2,0,2600.82,19115.64,1.84
M0132798,N,52,1,10927.01,0,0,0,8898.41,7616.96,1.86
M0132799,N,42,2,54014.31,0,0,0,1861.34,40619.88,2.09
M0132800,N,70,0,7448.82,0,1,1,1262.16,5506.21,0.93
M0132801,N,22,2,11558.33,0,1,0,2515.35,10596.24,0.69
M0132802,N,64,2,11051.96,0,1,1,957.13,8790.17,0.97
M0132803,N,21,1,13511.99,0,0,0,5804.89,9091.43,0.32
M0132804,N,69,0,5528.27,0,0,0,987.18,4260.5,0.89
M0132805,N,71,3,3372.62,0,1,0,382.76,3652.2,0.51
M0132806,N,63,3,16565.26,0,2,1,3304.68,11534.26,2.61
M0132807,N,73,0,2845.72,1,1,0,1744.37,1675.09,0.43
M0132808,N,19,0,4241.35,1,0,0,2574.21,5039.52,0.94
M0132809,N,43,3,23189.75,1,1,1,7424.01,21186.58,2.06
M0132810,N,64,0,15435.17,3,0,0,2772.49,11357.18,1.39
M0132811,N,46,1,8898.88,0,0,0,3667.98,4144.6,1.12
M0132812,N,65,2,29896.74,0,3,0,1527.38,25241.55,1.07
M0132813,N,77,0,1781.52,0,1,0,1386.82,1627.94,1.8
M0132814,N,65,1,9692.28,0,0,0,2401.94,9259.44,0.0
M0132815,N,71,0,7837.83,0,2,0,3612.51,3018.79,0.68
M0132816,N,33,2,18011.19,0,2,1,2922.01,15731.95,1.27
M0132817,N,22,1,2877.87,0,1,0,657.42,2738.96,0.59
M0132818,N,80,0,20870.6,1,0,2,10919.76,12713.02,0.87
M0132819,N,60,2,5048.07,0,0,0,2385.69,6516.33,1.39
M0132820,N,23,2,5659.55,0,0,0,1584.83,4202.51,0.39
M0132821,N,37,1,14444.61,0,0,0,6765.34,8647.89,0.0
M0132822,N,70,0,14980.75,0,3,0,2175.9,12210.67,2.07
M0132823,N,34,2,8565.87,0,1,1,3805.22,4817.68,0.2
M0132824,N,38,0,8194.26,0,2,0,3514.52,5007.19,0.91
M0132825,N,78,2,4973.9,0,0,0,1012.06,3443.59,0.19
M0132826,N,77,1,5981.3,0,0,0,1775.85,7751.16,1.4
M0132827,N,49,0,4708.08,1,0,1,1503.3,3869.93,1.95
M0132828,N,51,1,21153.88,0,0,0,1843.75,22682.36,0.59
M0132829,Y,74,4,167260.98,2,1,2,60251.04,148893.68,2.23
M0132830,N,59,2,28685.77,0,1,0,3820.18,32004.09,1.7
M0132831,N,22,0,27359.96,1,0,0,5190.22,22109.75,1.83
M0132832,N,66,2,10625.48,1,0,0,4984.24,4095.42,0.45
M0132833,N,73,0,9049.04,1,2,2,1062.68,10967.05,1.71
M0132834,N,21,0,11559.37,0,0,0,644.59,11179.8,0.36
M0132835,N,75,0,7118.09,0,2,0,6013.5,5525.14,0.0
M0132836,N,80,0,3918.31,0,1,0,1038.3,5279.88,0.68
M0132837,N,20,1,7529.31,0,0,0,4116.42,9161.85,0.16
M0132838,N,71,1,18130.26,0,0,0,2153.99,14873.9,0.0
M0132839,N,71,1,4924.28,0,1,2,1715.03,2566.31,0.67
M0132840,N,68,0,6175.63,2,0,0,770.15,6028.76,0.0
M0132841,N,52,1,23442.3,0,1,0,16972.89,8790.71,0.68
M0132842,N,32,1,9049.15,0,1,0,5421.09,5290.41,0.5
M0132843,N,20,2,5826.38,0,0,1,2103.9,3768.94,0.0
M0132844,N,72,0,6449.5,1,2,0,2957.58,7919.2,0.0
M0132845,N,25,0,4156.99,0,0,0,1027.06,3099.78,0.0
M0132846,N,27,2,20323.38,0,0,0,11495.07,7942.14,0.23
M0132847,N,55,1,19667.8,0,3,1,5763.42,9914.86,2.67
M0132848,N,72,2,8042.73,0,1,0,2652.91,5488.84,1.02
M0132849,N,78,0,13234.6,0,0,0,2299.0,13233.99,0.2
M0132850,Y,77,7,249620.42,3,7,5,93100.81,146668.9,5.6
M0132851,N,31,3,11248.86,1,4,0,3215.21,7692.91,1.5
M0132852,N,48,2,7713.46,0,0,0,2107.84,9301.46,0.6
M0132853,N,73,1,13734.31,0,2,2,9582.59,9863.65,1.76
M0132854,N,58,1,2513.77,0,1,0,317.38,2309.43,0.71
M0132855,N,66,0,3718.14,0,0,0,3877.12,2206.15,1.3
M0132856,N,38,1,6849.89,0,0,0,4236.84,8054.75,3.03
M0132857,Y,63,7,232177.11,1,4,3,93915.92,139757.91,5.87
M0132858,N,35,1,17935.26,0,0,0,4965.85,21414.4,0.4
M0132859,N,33,2,3305.09,0,0,0,1231.07,4397.41,2.3
M0132860,N,54,1,16787.19,0,0,0,551.13,12872.47,0.19
M0132861,N,21,0,2232.93,0,0,0,1308.36,2579.25,0.85
M0132862,N,68,0,26974.45,2,1,1,2767.05,20650.99,0.58
M0132863,N,37,1,11587.55,0,3,0,4375.48,4847.85,1.82
M0132864,N,25,1,4839.28,0,0,0,951.89,2923.21,0.0
M0132865,N,36,1,26354.96,0,2,0,3205.96,28939.09,2.0
M0132866,N,78,1,3138.88,0,0,0,1358.8,3649.83,0.66
M0132867,N,53,3,13961.21,1,2,0,7550.44,7875.4,0.63
M0132868,N,44,1,5623.64,1,2,1,3552.58,6449.82,1.61
M0132869,N,80,1,17046.31,0,0,0,3448.09,11335.27,1.89
M0132870,N,49,1,10218.21,0,0,0,4972.55,3683.36,1.22
M0132871,N,24,1,9420.65,0,0,0,8647.04,6880.01,1.2
M0132872,N,41,0,4009.76,0,0,0,965.57,4923.48,0.19
M0132873,N,66,1,14849.06,0,0,1,8459.26,11655.37,1.72
M0132874,N,72,2,17607.62,1,2,0,10084.43,4781.23,0.74
M0132875,N,32,0,4143.52,0,0,0,1998.2,2364.26,0.4
M0132876,N,72,1,20939.82,0,0,0,5066.5,12852.73,0.37
M0132877,N,76,0,5568.05,0,0,2,2505.99,5713.88,1.26
M0132878,N,42,0,32104.68,0,1,0,6655.0,22327.82,1.08
M0132879,N,76,0,9362.18,2,0,1,4913.47,9800.66,0.0
M0132880,N,72,2,38027.01,0,0,0,6878.97,44616.52,0.0
M0132881,N,52,3,6936.62,0,2,0,1961.58,3975.89,3.57
M0132882,N,76,1,4426.58,0,0,0,1132.84,3825.8,0.15
M0132883,N,27,1,16693.82,0,0,0,7079.02,6200.09,0.0
M0132884,N,59,3,31702.76,1,3,1,10600.05,16349.89,2.38
M0132885,N,31,2,12564.97,0,0,0,8341.15,5838.55,2.13
M0132886,N,74,0,4455.25,0,0,0,1060.79,4474.37,0.89
M0132887,N,61,0,14120.32,1,1,0,2629.05,11298.11,1.25
M0132888,N,74,2,9839.87,0,0,0,6205.64,3541.8,0.31
M0132889,N,26,1,32031.57,0,4,1,15168.31,23084.63,2.76
M0132890,N,41,2,15414.82,0,3,1,8366.32,18407.89,2.36
M0132891,N,78,0,2118.18,0,1,0,565.67,2688.5,0.93
M0132892,N,45,1,7712.81,0,0,0,850.64,7095.24,0.67
M0132893,N,52,1,11489.28,0,0,1,3510.79,11663.58,1.58
M0132894,N,47,0,3802.17,0,0,1,622.89,6070.01,0.45
M0132895,N,18,0,5330.94,0,0,0,1594.35,3067.37,0.33
M0132896,N,75,1,14255.34,0,1,0,11191.39,8031.93,0.96
M0132897,N,78,2,14016.39,0,0,0,1201.18,9763.73,1.0
M0132898,N,62,1,20881.89,0,1,0,2053.08,15245.15,0.07
M0132899,N,52,1,2667.14,0,0,0,1117.9,3593.1,0.87
M0132900,N,18,0,71072.89,0,1,0,7083.06,53472.03,2.26
M0132901,N,46,0,10488.4,0,0,0,2297.55,11444.17,0.11
M0132902,N,46,0,7696.78,0,1,0,5991.57,2540.25,2.33
M0132903,N,18,0,4153.67,2,0,0,2659.8,1755.5,0.0
M0132904,N,30,2,22043.76,0,0,1,6856.47,16960.98,2.72
M0132905,N,51,2,10549.01,0,0,0,7342.46,5108.66,0.75
M0132906,N,55,2,8795.38,0,3,0,3181.16,11028.75,0.17
M0132907,N,32,0,4831.42,0,0,0,2507.43,2384.39,0.76
M0132908,N,27,2,16503.23,1,0,0,2179.58,12177.28,1.03
M0132909,N,20,2,17868.02,0,2,0,1873.36,13162.71,2.58
M0132910,N,27,2,21835.78,1,0,1,5700.96,12722.32,1.39
M0132911,N,19,1,12846.16,0,1,0,740.59,13081.97,1.33
M0132912,N,76,2,19387.38,0,0,0,1890.01,14125.98,0.0
M0132913,N,36,1,8956.15,2,0,0,2030.01,8449.31,1.64
M0132914,N,46,1,13992.24,1,0,0,3033.64,10236.72,0.42
M0132915,N,27,0,6611.79,0,0,0,1843.7,3773.88,3.0
M0132916,N,78,2,7860.67,0,0,0,1429.31,5559.82,1.77
M0132917,N,46,0,11146.9,0,0,0,1709.95,8446.24,1.31
M0132918,N,68,0,25649.05,2,1,1,16316.09,9082.79,2.13
M0132919,N,47,0,11964.52,0,1,0,2807.95,7656.09,3.26
M0132920,N,63,1,21685.02,0,0,1,8221.51,13883.46,2.63
M0132921,N,32,1,7690.83,0,2,0,1551.56,11405.76,1.09
M0132922,N,23,1,12202.65,0,1,0,6694.99,13693.7,1.09
M0132923,N,50,1,8059.8,1,2,2,2723.9,7115.33,0.65
M0132924,N,55,0,31736.85,1,0,0,1216.27,47373.94,1.36
M0132925,N,68,0,10588.41,0,2,0,6710.27,7327.75,0.0
M0132926,N,57,0,3609.77,0,0,1,522.09,4817.27,1.16
M0132927,N,41,2,1892.03,0,0,0,654.77,1634.98,1.11
M0132928,N,35,1,3601.79,0,0,0,2315.04,4015.51,0.0
M0132929,N,51,1,10007.82,0,1,0,4407.85,6351.24,1.07
M0132930,N,21,1,9930.62,0,0,1,3977.36,5053.63,1.75
M0132931,N,57,0,14904.75,0,0,0,8371.36,11505.26,1.2
M0132932,N,75,1,23712.21,0,1,1,14951.93,15729.18,1.36
M0132933,N,25,1,18970.6,0,0,0,3889.78,13580.92,0.56
M0132934,N,39,0,3633.06,0,0,0,1521.47,1632.5,0.76
M0132935,N,29,1,6103.95,0,1,0,1890.51,7466.9,0.71
M0132936,Y,46,4,352717.29,4,3,8,71784.21,341782.51,5.86
M0132937,N,71,0,11092.22,1,1,0,3674.8,5311.97,1.21
M0132938,N,38,0,2634.89,0,0,0,1427.84,1011.73,0.48
M0132939,N,58,0,6581.72,0,0,0,1915.95,10032.07,1.57
M0132940,N,55,0,9884.31,1,0,0,7486.98,2792.75,1.19
M0132941,N,72,0,2671.93,0,0,0,422.6,2115.6,2.02
M0132942,N,54,0,3911.88,1,0,0,1902.0,3257.45,1.63
M0132943,N,30,3,9567.52,0,0,0,5668.06,11684.34,1.88
M0132944,N,61,0,10917.33,0,0,1,5533.46,3740.72,1.98
M0132945,N,41,1,10877.09,0,0,0,1122.15,13015.11,0.22
M0132946,N,49,1,10176.5,0,0,1,1312.36,7365.74,1.51
M0132947,N,41,0,5137.45,0,0,1,572.79,4885.22,1.02
M0132948,N,21,1,22020.73,0,2,0,4770.65,34610.62,1.28
M0132949,N,58,0,3523.95,0,0,1,598.17,2516.58,1.47
M0132950,N,66,1,7470.31,0,1,0,3365.17,5065.64,0.2
M0132951,N,80,1,11227.2,0,0,1,3291.45,7447.0,1.51
M0132952,N,47,0,3937.01,0,0,1,1208.89,5187.89,0.52
M0132953,N,33,0,12582.51,0,1,0,8290.5,2064.6,0.6
M0132954,N,39,0,11536.95,0,1,1,3292.11,7369.0,2.01
M0132955,N,35,0,10837.62,0,0,0,944.32,16343.65,0.64
M0132956,N,58,3,10351.05,1,0,1,2137.17,8917.82,0.0
M0132957,N,73,0,7553.42,0,0,0,1735.4,4518.0,1.49
M0132958,N,39,0,19659.66,1,1,0,4444.78,27652.0,2.25
M0132959,N,54,2,2628.33,1,0,0,707.93,2261.32,0.0
M0132960,N,48,2,11071.67,0,0,0,1703.93,14630.31,1.36
M0132961,N,55,1,7017.45,0,0,0,2312.96,9453.65,0.25
M0132962,N,38,1,7123.4,2,0,1,532.04,11483.84,1.46
M0132963,Y,50,6,207130.79,4,5,1,91655.08,159175.25,3.33
M0132964,N,68,1,4416.29,0,0,0,1346.11,3762.43,2.94
M0132965,N,72,1,3316.28,0,0,0,540.91,3999.19,0.73
M0132966,N,38,0,11190.3,0,0,1,609.33,13613.99,2.66
M0132967,N,42,1,37917.83,0,1,0,3130.81,27471.72,1.6
M0132968,N,66,0,4872.8,0,1,0,920.0,5212.14,0.0
M0132969,N,20,2,9867.72,1,0,1,3101.48,14419.67,0.92
M0132970,N,19,0,13992.13,1,2,0,2594.48,14480.68,1.52
M0132971,N,74,2,7454.95,0,0,0,1612.76,7590.18,1.98
M0132972,N,41,1,18111.97,0,0,0,5013.06,15648.99,1.67
M0132973,N,38,2,19211.04,1,2,1,3046.17,23278.56,3.15
M0132974,N,51,2,18864.19,1,1,0,8390.41,11603.62,1.0
M0132975,N,64,1,7764.23,0,0,0,2519.88,6476.19,0.73
M0132976,N,70,0,4343.98,0,0,0,1007.22,4048.23,0.94
M0132977,N,32,1,9719.64,1,0,0,9244.25,8339.22,0.0
M0132978,N,55,1,10327.46,0,1,2,2845.57,7615.05,1.76
M0132979,N,21,0,12427.11,0,0,0,5393.96,9531.4,0.0
M0132980,N,44,1,8844.54,0,1,0,5229.06,8779.72,1.13
M0132981,N,71,2,38537.24,0,0,0,1770.78,35827.06,1.59
M0132982,N,33,1,20072.19,0,0,0,4989.62,10823.55,1.43
M0132983,Y,86,5,121944.38,2,4,1,73829.17,52174.67,3.5
M0132984,Y,75,5,342734.27,4,4,2,140050.33,200663.54,3.69
M0132985,N,67,0,14394.4,0,1,0,970.85,11295.79,1.03
M0132986,N,69,0,7802.59,0,0,0,1648.66,6280.35,0.02
M0132987,N,40,0,7873.18,0,1,0,532.43,7382.41,0.71
M0132988,N,78,1,16919.05,0,1,0,2050.42,12543.84,0.0
M0132989,N,56,0,4880.01,0,1,0,920.12,3645.65,1.42
M0132990,N,26,2,14368.46,0,0,2,3002.46,11597.96,1.35
M0132991,N,44,0,5790.38,0,3,0,2384.8,3158.45,2.28
M0132992,N,42,1,36031.85,1,2,1,5341.54,34792.75,1.19
M0132993,N,73,1,24548.41,0,2,0,1059.84,18778.81,1.06
M0132994,N,77,1,30196.75,1,0,0,8114.23,25104.72,1.6
M0132995,N,44,0,7607.85,0,0,1,244.75,5825.53,1.25
M0132996,N,57,1,10186.48,0,0,1,622.41,11585.48,1.81
M0132997,N,54,2,4573.01,1,0,0,724.37,3338.99,1.43
M0132998,N,22,1,24525.54,1,1,0,3708.77,16136.75,0.34
M0132999,N,26,1,16397.66,0,0,0,3955.62,10207.44,0.23
M0133000,N,38,1,10157.94,0,0,0,6063.79,9547.64,1.36
M0133001,N,37,1,28618.12,1,0,0,8326.53,16754.31,0.58
M0133002,N,63,1,3640.85,0,0,0,2111.23,3554.49,0.69
M0133003,N,74,1,16153.43,0,2,1,2887.26,22716.66,0.87
M0133004,N,40,2,6059.69,0,0,1,2944.03,3060.13,1.03
M0133005,N,50,0,5900.35,0,1,1,487.91,8628.64,1.84
M0133006,N,67,2,7681.0,0,1,2,3926.61,8661.26,1.04
M0133007,N,78,0,5669.61,0,0,0,1853.51,2755.07,0.45
M0133008,N,60,1,11810.78,0,1,0,4236.45,9523.91,1.6
M0133009,N,48,0,7510.94,0,0,0,2919.22,8144.08,0.99
M0133010,N,22,0,6290.35,0,1,1,542.67,4955.16,1.11
M0133011,N,60,0,7373.8,0,0,0,874.86,6461.48,0.2
M0133012,N,55,2,7320.15,0,0,0,3885.02,2591.75,0.6
M0133013,N,39,1,14415.46,0,3,1,7271.16,11691.92,1.77
M0133014,N,63,3,5958.43,0,0,0,1182.78,7004.51,0.37
M0133015,N,59,1,29322.3,0,1,0,9657.81,16610.42,1.54
M0133016,N,52,1,11087.07,1,1,0,1326.7,8344.37,0.41
M0133017,N,25,1,11571.25,0,0,0,2714.53,7206.86,0.78
M0133018,N,18,0,3508.62,0,0,1,687.44,3530.71,0.73
M0133019,N,33,3,15411.98,0,1,1,1796.07,12094.33,0.78
M0133020,Y,85,6,203349.71,4,5,6,63058.54,176374.48,5.8
M0133021,N,20,0,25357.77,0,0,1,5831.9,22254.77,2.59
M0133022,N,66,1,24485.77,1,1,0,19531.15,19814.45,2.3
M0133023,N,56,1,8210.67,0,0,1,2272.72,8091.61,2.23
M0133024,N,59,3,16748.05,1,1,0,11887.36,11183.88,1.68
M0133025,N,28,1,11066.3,0,0,0,3416.81,11022.67,2.08
M0133026,N,60,1,16818.81,1,1,1,11968.36,6565.57,1.26
M0133027,N,28,1,10383.94,0,1,0,2277.08,7171.65,0.97
M0133028,N,29,0,12312.63,0,1,1,1551.91,8204.83,1.31
M0133029,N,50,1,6217.03,0,1,0,1913.45,3247.3,0.24
M0133030,N,29,1,11074.83,0,0,0,1562.18,10789.85,0.86
M0133031,N,62,4,21533.63,0,0,1,5193.05,12344.51,0.58
M0133032,N,18,1,16503.17,0,1,0,1219.78,12617.52,0.81
M0133033,N,31,0,13129.34,0,1,0,2175.98,8362.64,0.0
M0133034,N,30,1,15338.12,0,1,0,10308.07,4310.13,1.72
M0133035,N,63,1,17278.17,0,0,1,2062.29,11926.55,0.51
M0133036,N,65,0,3355.01,0,0,0,2375.49,1294.11,0.35
M0133037,N,35,2,16313.31,0,0,0,7335.82,7559.43,1.52
M0133038,N,68,1,18490.55,0,1,1,1723.62,23928.1,1.02
M0133039,N,60,0,19378.52,1,0,0,10636.73,4889.21,1.33
M0133040,N,32,2,46983.04,1,2,1,3928.7,33805.14,1.36
M0133041,N,75,0,8929.48,0,0,0,3195.52,5173.98,1.82
M0133042,Y,58,4,140819.81,3,1,4,41553.52,111827.54,3.4
M0133043,N,50,2,6621.38,0,0,0,2301.0,5535.7,1.56
M0133044,N,75,1,11647.69,0,0,0,10112.69,9186.22,0.68
M0133045,N,63,3,6298.14,0,2,0,3272.85,6022.23,0.18
M0133046,N,28,1,11243.22,1,0,1,845.64,11789.18,1.53
M0133047,N,79,1,21200.84,0,1,0,4177.08,20769.03,3.06
M0133048,N,49,0,7851.68,1,0,0,1143.92,5897.35,0.99
M0133049,N,77,2,8842.84,1,1,0,7973.53,4671.26,1.69
M0133050,N,21,0,11025.83,0,2,0,7288.23,5850.56,1.26
M0133051,N,28,0,3204.57,0,0,0,906.9,2869.97,1.63
M0133052,N,49,1,8705.16,0,0,0,2824.24,8357.59,0.44
M0133053,N,74,2,4702.53,1,0,0,3221.84,3012.2,1.51
M0133054,N,26,1,7927.57,1,0,0,4370.83,7760.56,2.47
M0133055,N,66,1,21636.48,0,1,0,6897.83,10766.2,1.65
M0133056,N,39,0,9518.39,0,0,0,3893.45,4040.79,0.0
M0133057,N,37,1,32166.67,1,1,0,10386.85,17899.34,1.37
M0133058,Y,69,5,248823.13,1,6,3,56410.56,152920.59,6.1
M0133059,N,36,1,10257.59,0,0,1,3197.67,14453.77,1.28
M0133060,N,67,0,3797.74,0,1,0,2081.96,3213.61,1.02
M0133061,N,18,3,14102.73,2,1,0,4032.46,17346.63,2.73
M0133062,N,58,0,17790.59,0,0,0,3990.66,11819.71,1.54
M0133063,N,54,3,12091.52,0,0,0,8034.74,7531.4,2.14
M0133064,N,41,0,19974.23,0,0,0,5101.32,14474.81,0.71
M0133065,N,55,1,15010.24,0,0,0,2338.45,10193.94,0.0
M0133066,N,77,3,7984.19,0,1,1,2360.16,11916.47,2.08
M0133067,N,24,1,24028.62,0,1,0,1806.55,19405.79,0.5
M0133068,N,80,1,5527.23,1,0,0,3162.16,6770.87,0.64
M0133069,N,50,0,3724.01,0,0,0,1390.87,3562.6,0.46
M0133070,N,59,3,7649.39,0,0,1,7750.73,5745.82,0.26
M0133071,N,66,2,21479.14,0,2,0,5334.08,16542.94,2.35
M0133072,N,38,0,7707.39,0,0,0,942.66,5113.43,1.14
M0133073,N,24,0,7624.35,0,0,0,2853.67,3190.18,0.0
M0133074,N,23,1,5681.56,0,0,1,2475.59,4698.9,0.0
M0133075,Y,84,4,219593.41,3,7,3,56915.37,138439.12,4.09
M0133076,N,71,0,13496.37,0,2,0,2310.86,12107.01,0.28
M0133077,N,63,3,7514.52,0,1,0,3664.77,4338.43,1.52
M0133078,N,73,0,13092.34,1,0,1,7295.2,3534.87,0.63
M0133079,N,61,0,10523.1,0,0,0,4373.26,6219.07,0.0
M0133080,N,24,1,23720.24,0,1,0,2237.7,19617.62,1.1
M0133081,N,43,1,15222.04,0,1,1,2787.27,9553.69,0.4
M0133082,N,41,1,8211.56,0,1,0,7550.77,6749.09,0.43
M0133083,N,80,0,13422.42,0,1,1,3464.55,7709.67,1.81
M0133084,N,27,3,18362.27,0,0,2,6024.63,11293.34,0.29
M0133085,N,47,0,4695.26,0,0,0,1354.94,6258.0,0.0
M0133086,N,52,2,33591.48,0,3,0,2974.98,42881.49,1.97
M0133087,N,31,3,15514.6,1,2,0,6756.82,12546.49,1.33
M0133088,N,49,0,9565.41,0,2,0,997.33,8101.36,1.25
M0133089,N,32,1,5803.21,0,0,0,2121.78,7253.67,1.48
M0133090,N,69,1,9495.85,1,2,1,5267.01,10741.59,1.39
M0133091,N,61,1,8603.24,0,2,0,397.7,7784.8,0.32
M0133092,N,41,1,4433.55,1,1,2,1731.33,2663.99,0.0
M0133093,N,25,0,10415.01,0,0,0,1068.27,9300.57,1.41
M0133094,N,74,0,8397.99,1,0,0,4239.55,6269.28,1.42
M0133095,N,66,0,10194.79,1,1,1,4095.48,7765.23,0.89
M0133096,N,67,2,4946.77,0,0,0,1682.26,3157.51,0.65
M0133097,Y,76,5,126470.48,4,6,4,48653.96,131305.35,6.77
M0133098,N,70,0,6197.26,0,0,0,3554.02,4979.25,0.27
M0133099,N,71,0,5897.84,0,1,0,1201.94,3957.04,0.47
M0133100,N,77,2,21932.56,2,1,0,14535.38,20384.26,1.95
M0133101,N,24,0,4895.78,0,0,0,4324.78,3566.13,0.58
M0133102,N,63,1,7787.45,1,1,0,4078.21,4298.74,1.58
M0133103,N,76,0,15996.82,0,0,0,7317.08,7089.75,0.98
M0133104,N,58,2,31391.27,0,0,1,11112.92,17063.33,1.58
M0133105,Y,73,7,312085.29,5,4,5,173631.64,166196.25,6.94
M0133106,N,64,2,16979.4,0,0,1,5901.96,7692.61,1.64
M0133107,N,45,0,10492.17,1,1,0,5127.49,6986.74,1.67
M0133108,N,75,1,11624.5,0,0,0,1947.41,7712.31,1.0
M0133109,N,43,0,4019.93,1,0,0,937.24,4126.85,0.78
M0133110,N,56,2,7056.83,0,1,0,2249.07,5946.78,1.48
M0133111,N,71,1,43971.82,0,1,3,24564.73,12966.58,1.9
M0133112,N,75,2,13046.21,0,0,1,1537.18,13275.91,1.7
M0133113,N,19,2,14912.32,1,3,4,5933.09,12440.6,3.02
M0133114,N,57,0,11937.04,0,0,2,7375.09,5031.19,1.32
M0133115,N,27,2,23071.42,0,1,1,3551.92,19230.66,2.65
M0133116,Y,53,4,312648.5,4,5,3,139519.98,215989.45,4.51
M0133117,N,26,1,7827.39,0,0,0,1633.75,5864.01,0.86
M0133118,N,70,2,17267.02,1,1,0,7721.97,23481.17,1.47
M0133119,N,55,1,5699.02,0,0,0,3286.27,6525.45,2.74
M0133120,N,49,0,9858.7,1,0,0,931.67,8629.24,1.63
M0133121,N,52,0,15526.52,0,0,0,3511.07,8994.46,2.09
M0133122,N,66,1,6865.49,0,0,0,2211.71,9696.26,0.39
M0133123,N,55,1,14166.7,0,0,1,5318.01,8886.34,1.62
M0133124,N,28,1,35029.59,0,1,0,8899.15,20789.14,0.88
M0133125,N,65,1,5291.81,0,2,1,191.21,6466.34,1.06
M0133126,N,57,0,20355.19,0,2,0,5172.31,14932.15,0.47
M0133127,N,31,2,29214.01,0,1,0,9737.66,14877.54,1.74
M0133128,N,44,2,36123.77,1,0,0,9246.98,20255.39,0.61
M0133129,N,30,1,11607.62,0,1,0,4096.0,11586.32,1.39
M0133130,N,38,0,7809.48,0,0,0,1534.2,4871.48,0.8
M0133131,N,65,1,9644.34,0,0,0,1670.99,9685.16,1.07
M0133132,N,64,1,20533.01,0,1,1,2082.9,21327.4,1.91
M0133133,N,77,2,10039.84,0,1,0,4060.26,5374.29,0.03
M0133134,N,30,0,13529.25,1,0,0,3195.07,8178.45,0.82
M0133135,N,62,2,22432.33,0,1,0,20612.34,18288.92,1.02
M0133136,N,22,0,10267.46,0,0,0,2985.35,8887.51,2.51
M0133137,N,75,1,12436.77,0,0,0,6817.01,8625.9,0.74
M0133138,N,20,1,9469.68,0,0,0,5485.54,9980.04,0.71
M0133139,N,27,1,12656.78,0,3,0,2344.34,10471.83,0.46
M0133140,Y,66,5,258665.59,2,4,3,119672.66,205062.42,7.3
M0133141,N,38,0,9554.4,0,0,0,2827.67,7875.02,0.19
M0133142,N,35,0,25533.31,0,0,0,7569.47,15423.98,0.12
M0133143,N,61,1,17352.53,0,1,1,9015.36,11355.66,1.14
M0133144,N,36,2,4903.92,1,0,0,1933.68,5111.58,0.01
M0133145,N,39,2,16528.66,0,0,0,5941.25,10286.09,2.07
M0133146,N,68,0,58157.33,0,1,0,1894.3,49460.83,2.43
M0133147,N,19,0,7624.5,0,0,1,1811.25,7772.01,0.46
M0133148,N,39,1,10083.67,0,0,0,5277.05,4310.73,0.0
M0133149,N,58,1,6721.23,0,0,0,1148.82,5771.8,0.0
M0133150,N,21,3,6053.42,0,0,0,581.43,4290.84,1.11
M0133151,N,46,1,7633.53,1,2,1,2877.56,3177.93,0.3
M0133152,N,48,0,8022.04,1,0,1,1556.88,11583.48,1.82
M0133153,N,18,1,5492.4,0,2,1,2706.75,2899.18,1.08
M0133154,N,25,0,16562.0,0,0,0,3218.59,10385.15,0.0
M0133155,N,66,3,18730.27,1,2,1,5622.62,15770.63,1.62
M0133156,N,49,0,8569.03,0,0,0,3841.14,4179.28,0.92
M0133157,N,28,0,4304.07,0,0,0,750.49,5071.86,0.67
M0133158,N,35,1,8131.96,2,1,0,4785.13,5239.73,2.4
M0133159,N,58,1,8401.58,0,1,0,2177.67,7158.55,1.72
M0133160,N,19,3,22356.89,1,2,1,9625.66,28186.21,2.96
M0133161,N,50,0,12206.0,1,0,0,9956.5,6040.23,1.46
M0133162,Y,54,7,357919.93,1,4,4,88672.74,212263.66,4.87
M0133163,N,29,2,5522.07,0,0,0,2555.07,2353.61,2.66
M0133164,N,35,0,19488.97,1,1,1,1463.06,15829.08,1.54
M0133165,N,29,0,1971.8,1,1,0,488.73,2048.11,0.35
M0133166,N,72,1,8432.56,0,0,0,2831.1,6102.5,2.35
M0133167,N,50,0,5985.31,1,1,1,2681.18,5302.49,0.41
M0133168,N,38,0,12034.12,0,0,0,3391.08,6802.24,0.0
M0133169,N,37,0,9970.34,0,1,1,1526.95,14028.68,1.5
M0133170,N,70,1,19505.04,0,1,1,9285.14,11608.59,0.81
M0133171,N,76,2,17504.06,0,1,0,3798.55,15046.39,3.34
M0133172,N,64,0,4917.1,0,1,0,1580.81,3375.22,0.38
M0133173,N,38,1,9474.57,0,0,0,3351.89,4381.85,0.49
M0133174,N,55,0,12004.6,0,0,0,10795.52,10797.91,1.23
M0133175,N,45,1,8727.6,0,0,0,456.95,6381.14,0.69
M0133176,N,33,0,12243.94,0,3,0,6568.55,13424.39,1.47
M0133177,N,74,0,4281.85,0,0,0,1639.59,3323.63,0.53
M0133178,N,42,2,18899.56,0,1,0,6429.44,18630.96,1.92
M0133179,N,24,1,14491.25,1,3,0,2700.54,21315.86,1.05
M0133180,N,63,1,7121.71,1,2,0,5361.02,7346.55,1.28
M0133181,N,56,0,12334.19,0,0,0,6450.13,5657.53,0.0
M0133182,N,63,0,12685.49,0,0,0,2140.14,15194.72,0.84
M0133183,N,53,2,3700.14,0,0,0,1654.94,4137.7,0.0
M0133184,N,27,1,7447.86,0,2,0,3114.14,7799.9,0.45
M0133185,N,73,0,18620.27,0,1,1,11696.43,9850.23,2.51
M0133186,N,58,1,9322.05,0,0,1,6061.79,4334.28,0.62
M0133187,N,28,0,4248.28,0,2,0,455.34,2898.11,0.24
M0133188,N,27,4,52343.02,0,3,1,8624.44,43370.21,2.7
M0133189,N,32,1,17724.79,0,0,0,14843.68,12725.56,0.95
M0133190,N,36,1,17404.63,0,1,2,3947.99,12665.72,2.24
M0133191,N,27,0,2720.96,1,0,0,1404.09,3009.59,1.73
M0133192,N,28,1,16321.15,1,1,1,3020.53,10653.07,1.85
M0133193,N,72,1,11530.22,0,1,0,3405.71,8109.3,1.68
M0133194,N,32,1,22768.12,0,0,0,6456.66,12601.53,1.24
M0133195,N,47,1,5302.63,1,1,0,974.02,4000.61,0.63
M0133196,N,43,2,2519.58,0,1,0,491.34,2784.4,0.0
M0133197,N,19,0,44671.67,1,4,0,18142.48,21334.86,1.09
M0133198,N,29,1,13130.09,1,0,0,1648.51,9689.28,0.7
M0133199,N,79,2,8076.72,1,0,0,1161.08,5297.28,0.0
M0133200,N,68,1,7503.46,0,1,0,834.14,10363.69,0.52
M0133201,N,79,2,9068.27,1,1,0,2879.42,11831.88,1.21
M0133202,N,26,1,8050.39,0,0,1,3035.54,8645.91,0.0
M0133203,N,21,0,6910.54,0,1,0,1639.06,5130.32,0.87
M0133204,N,34,0,6623.98,0,1,0,2311.68,7131.8,1.23
M0133205,N,24,3,4903.36,0,0,2,2374.45,4373.27,1.02
M0133206,N,27,1,10572.28,0,2,0,1959.81,6426.14,1.23
M0133207,N,64,0,13113.3,1,0,0,2826.86,8167.23,0.73
M0133208,N,65,3,45472.93,0,3,2,8687.29,37903.49,3.35
M0133209,N,27,1,30303.83,0,1,1,2637.63,23949.31,0.83
M0133210,N,73,0,2305.7,0,0,0,2075.78,1818.02,1.3
M0133211,N,64,0,12492.91,0,2,0,3128.67,10307.2,0.05
M0133212,N,51,1,2425.75,0,0,0,281.14,3407.67,0.72
M0133213,N,67,0,6358.23,0,1,0,3027.92,5840.79,2.3
M0133214,N,24,0,7648.44,0,2,0,3033.86,3323.37,2.03
M0133215,Y,59,2,205417.01,2,5,4,51772.19,219392.91,4.43
M0133216,N,72,1,8309.9,0,2,0,5158.04,5944.6,0.0
M0133217,N,67,1,14810.83,0,0,0,4868.07,7343.11,1.63
M0133218,N,33,0,5524.46,0,0,0,1892.33,4356.44,1.73
M0133219,N,55,0,8601.95,1,1,0,2940.99,10735.42,0.9
M0133220,N,63,1,5700.06,0,1,0,1579.65,3156.92,0.13
M0133221,N,34,1,21140.89,0,0,0,1475.2,22913.68,0.52
M0133222,N,70,1,21991.3,1,0,0,4132.53,13133.99,1.18
M0133223,N,20,0,8733.3,1,0,0,3714.12,4885.68,1.85
M0133224,N,41,1,10677.61,0,1,1,6687.13,8661.2,1.06
M0133225,N,66,0,23618.24,0,1,2,7516.29,34972.61,1.69
M0133226,N,49,1,15535.88,0,0,0,1952.38,12947.39,0.52
M0133227,N,28,0,6341.33,0,0,0,4179.24,1640.18,0.74
M0133228,N,49,1,10623.74,0,0,0,3814.59,9558.82,0.0
M0133229,N,80,2,9048.85,0,0,0,1928.87,5460.94,0.0
M0133230,N,64,0,11747.82,0,3,0,975.7,15946.16,1.46
M0133231,N,35,3,11150.27,0,1,0,1055.08,10696.23,1.32
M0133232,N,23,0,13231.55,0,1,0,1936.21,9417.9,0.95
M0133233,N,47,2,15114.22,0,2,0,2369.2,19823.61,0.0
M0133234,N,50,1,4764.51,0,1,0,1314.97,3599.11,0.55
M0133235,N,66,0,17182.1,0,3,1,4065.89,12884.46,1.93
M0133236,N,73,2,16947.57,0,0,0,4805.89,15885.86,1.39
M0133237,N,73,0,4993.61,0,2,0,1595.85,4057.74,1.26
M0133238,N,19,0,3879.23,0,2,0,744.17,3042.55,0.83
M0133239,N,59,1,6758.12,0,0,0,1411.79,6802.71,0.12
M0133240,Y,70,4,306187.08,4,2,4,106764.5,209338.41,5.37
M0133241,N,59,0,19999.99,0,1,2,1488.66,18063.36,0.78
M0133242,N,28,0,13388.32,1,0,0,6817.54,9912.02,2.48
M0133243,N,33,0,10851.27,0,0,1,3155.13,10682.99,1.19
M0133244,N,27,0,9598.08,0,0,0,4401.52,4946.28,2.15
M0133245,N,76,2,10534.43,0,0,0,8586.75,5242.81,1.31
M0133246,N,79,0,18547.87,0,1,0,2439.85,14133.02,1.31
M0133247,N,50,1,2737.44,0,0,0,1628.78,1295.06,0.75
M0133248,N,80,1,3497.01,0,0,0,1460.05,1351.98,0.99
M0133249,N,54,2,9528.27,0,0,1,2993.7,5015.78,0.88
M0133250,N,42,2,17303.36,0,2,0,11599.51,9356.54,1.23
M0133251,N,18,1,10494.89,0,1,1,2911.28,8256.69,0.0
M0133252,N,80,1,6498.09,0,0,0,1916.25,6845.65,1.39
M0133253,N,56,2,17234.37,0,0,0,1867.03,12282.63,0.55
M0133254,N,67,1,4665.79,1,0,0,559.57,3787.79,0.0
M0133255,N,33,0,12492.91,0,0,0,3242.38,9886.3,1.04
M0133256,N,26,0,1836.35,1,0,0,618.43,1118.58,1.02
M0133257,N,43,1,11102.07,0,1,0,1266.34,17448.03,0.58
M0133258,N,44,0,4799.01,0,1,0,3888.65,2496.2,0.0
M0133259,N,51,1,5254.85,0,1,0,2374.08,4307.91,1.06
M0133260,N,46,2,7214.11,0,0,0,3083.38,4595.51,0.46
M0133261,N,77,0,5086.93,0,0,0,1507.33,6044.7,1.26
M0133262,N,19,1,3285.36,0,0,0,3873.5,1491.78,0.67
M0133263,N,26,1,6707.81,0,1,1,3650.03,6275.44,1.21
M0133264,N,76,0,3861.37,0,1,1,1448.32,2278.04,0.0
M0133265,N,42,1,17071.67,0,1,0,5842.08,12937.18,1.24
M0133266,N,47,0,10188.67,0,0,1,1732.71,10686.87,0.18
M0133267,N,21,0,7117.67,0,0,0,2383.28,6236.99,1.76
M0133268,N,31,0,3013.13,0,0,0,1687.32,2824.66,0.2
M0133269,N,39,1,47568.29,1,0,0,22628.57,15460.5,1.18
M0133270,N,38,2,8779.45,0,1,0,3497.64,4935.21,0.4
M0133271,N,68,1,5603.61,1,2,0,2664.27,2335.59,1.57
M0133272,N,46,1,22510.13,0,0,1,5571.47,17145.96,0.4
M0133273,N,55,0,9564.34,0,2,0,367.49,7192.8,0.0
M0133274,N,61,0,6715.36,0,1,0,2329.72,3910.86,0.88
M0133275,N,52,2,14263.17,1,4,0,3541.23,16909.82,2.74
M0133276,N,80,0,7968.51,0,1,0,2141.92,10677.29,1.68
M0133277,N,27,1,5605.48,1,1,0,2663.71,3560.18,0.74
M0133278,N,72,1,31166.77,0,0,0,10625.33,20384.33,2.47
M0133279,N,64,1,9564.89,0,0,0,1463.59,12460.88,0.49
M0133280,N,54,3,13287.73,0,0,0,3427.77,7370.26,0.74
M0133281,N,55,3,14578.72,0,0,1,4987.72,15945.2,2.29
M0133282,N,36,2,10002.61,0,0,1,2151.28,7202.04,1.15
M0133283,N,75,0,10362.43,1,0,0,4951.07,6699.87,1.16
M0133284,N,59,3,35394.43,1,2,0,15493.81,16972.31,2.16
M0133285,N,61,1,12461.51,2,0,0,7706.08,8405.38,2.01
M0133286,N,39,0,16920.02,0,0,0,3717.11,17073.09,1.12
M0133287,N,20,0,9263.29,0,1,0,2267.62,12291.18,2.0
M0133288,N,53,2,19769.84,0,1,1,2912.37,14660.8,1.94
M0133289,N,68,1,11916.24,1,1,0,2746.43,7638.93,0.82
M0133290,N,40,1,22273.0,0,1,1,9566.25,10801.88,1.51
M0133291,N,52,2,7538.84,0,0,0,3241.36,3626.06,1.06
M0133292,N,67,1,15880.13,0,0,1,1150.44,12627.68,1.13
M0133293,N,73,1,19642.24,0,2,2,7873.89,9303.71,0.0
M0133294,N,39,0,7966.77,1,1,0,1050.91,5696.37,1.32
M0133295,N,19,1,7177.57,1,0,0,1618.55,9835.38,0.62
M0133296,N,79,2,5384.72,0,1,0,1214.42,4792.51,0.0
M0133297,N,20,1,11389.78,0,0,0,3711.45,8716.28,0.06
M0133298,N,60,0,8080.5,0,0,0,3052.65,3438.6,0.0
M0133299,N,47,3,30693.78,0,3,0,9536.83,16612.06,1.26
M0133300,N,30,0,16695.42,0,0,1,2055.35,14729.2,0.78
M0133301,N,45,1,15787.15,1,1,1,5744.57,10708.48,3.58
M0133302,N,76,1,5353.69,0,1,0,2328.02,5349.08,0.0
M0133303,N,62,0,13124.31,0,0,0,8533.64,2274.07,0.0
M0133304,N,66,2,8726.06,0,2,0,1504.53,11884.95,1.16
M0133305,N,65,1,14180.93,1,0,1,2652.97,16218.39,0.3
M0133306,N,19,1,38747.11,0,1,0,8459.16,29669.93,0.91
M0133307,N,54,1,6738.76,0,0,0,1632.41,7421.5,0.46
M0133308,N,20,0,20136.19,0,1,1,6140.64,16576.91,1.0
M0133309,N,70,0,5057.9,0,0,0,762.65,7804.48,0.7
M0133310,N,53,1,10414.24,0,0,0,2689.14,10312.25,0.0
M0133311,N,39,1,18225.95,0,0,0,2854.95,17945.84,1.15
M0133312,N,37,1,12554.85,0,1,0,12575.46,7416.95,2.28
M0133313,N,29,1,2047.73,1,0,0,739.58,2294.77,1.74
M0133314,N,60,1,6838.99,0,0,0,1870.65,5532.98,0.54
M0133315,N,41,0,11855.79,0,1,0,3399.98,8756.8,0.6
M0133316,N,53,0,10151.68,0,2,1,757.65,8663.27,1.29
M0133317,N,36,0,10897.49,0,0,0,1140.49,7982.66,0.41
M0133318,N,48,1,12229.8,0,1,0,2105.55,9709.01,0.54
M0133319,N,27,0,13084.44,0,0,0,4003.72,7471.84,0.0
M0133320,N,75,2,5551.19,0,1,1,1560.36,6424.43,1.7
M0133321,N,24,1,19529.65,1,1,1,5037.64,26178.58,2.44
M0133322,N,63,1,6493.76,0,0,0,1747.01,4169.27,0.67
M0133323,N,52,0,31462.65,0,1,0,1211.0,24856.67,0.12
M0133324,N,32,1,19415.18,1,2,1,2881.93,13443.34,1.31
M0133325,N,21,0,9628.82,0,0,0,9546.84,3985.68,1.62
M0133326,N,67,1,4293.88,0,0,1,2466.36,3815.76,0.0
M0133327,N,52,0,6674.39,0,0,1,669.14,8741.49,0.0
M0133328,N,39,0,5938.32,0,0,0,3505.68,3263.3,0.0
M0133329,N,62,0,6105.02,0,0,0,1532.82,8616.49,0.0
M0133330,N,25,1,24195.36,0,3,0,2484.89,27460.38,0.88
M0133331,N,24,1,16354.19,1,0,0,7320.69,11726.4,2.0
M0133332,N,78,2,4847.3,0,1,0,2345.11,6218.74,1.88
M0133333,Y,68,4,248662.98,3,6,5,106543.1,196715.98,5.88
M0133334,N,46,0,14859.38,2,0,0,1663.15,12880.46,0.01
M0133335,Y,44,5,259208.42,2,1,1,77372.9,158178.96,5.03
M0133336,N,58,0,5304.17,0,0,0,1879.19,3986.8,0.37
M0133337,N,34,1,11282.69,0,0,1,2565.19,8492.1,3.05
M0133338,N,20,2,5478.87,0,1,0,1902.98,6374.91,1.83
M0133339,Y,57,2,220029.74,2,3,2,59237.51,167672.4,3.98
M0133340,N,37,3,31255.31,0,1,0,3425.99,30572.54,1.8
M0133341,N,31,0,6560.52,0,0,0,794.63,5549.55,1.91
M0133342,N,25,1,19508.8,0,0,0,7455.4,13248.31,2.67
M0133343,N,27,0,6626.77,0,0,0,2381.73,3465.2,0.0
M0133344,N,32,0,8489.46,0,0,0,3221.01,8615.05,0.69
M0133345,Y,72,7,177128.61,4,1,3,39985.62,126425.85,2.44
M0133346,N,61,1,5204.58,1,0,0,916.7,4422.72,0.11
M0133347,N,32,1,35821.26,1,1,0,10443.21,19193.4,1.98
M0133348,N,45,3,19206.93,0,1,0,3957.29,13860.93,0.24
M0133349,N,48,1,1628.23,0,0,0,555.08,2282.32,0.38
M0133350,N,50,2,13764.83,1,2,0,4476.41,7237.27,1.43
M0133351,N,39,2,15235.16,0,2,1,9906.33,10110.71,1.3
M0133352,N,63,1,15257.73,1,3,0,9058.87,14976.88,2.91
M0133353,N,25,1,3135.68,0,0,0,818.0,3893.01,0.7
M0133354,N,38,2,17454.2,2,0,0,2002.98,22717.85,1.57
M0133355,N,62,0,4372.3,0,0,1,3101.99,2370.97,0.92
M0133356,N,79,0,7994.9,0,0,0,2705.54,7213.24,1.39
M0133357,N,31,3,5366.63,1,0,0,530.9,6759.3,0.22
M0133358,N,74,1,22042.23,1,2,0,12724.91,9317.13,3.23
M0133359,N,53,1,7875.15,0,0,2,3123.47,3566.82,1.71
M0133360,N,38,2,22077.33,0,0,1,2344.57,20690.11,0.79
M0133361,N,61,0,11222.34,1,2,0,8224.4,5584.2,0.02
M0133362,N,43,1,10076.08,0,1,0,2034.79,7562.87,1.54
M0133363,N,64,2,6960.82,0,0,0,1187.24,8304.74,1.83
M0133364,N,49,0,21571.71,1,0,0,9169.78,9953.94,2.09
M0133365,N,67,0,28061.32,1,1,1,861.93,21260.26,0.0
M0133366,N,45,0,32098.86,2,2,0,7039.1,24927.77,1.68
M0133367,N,51,1,12625.36,0,2,1,3535.35,15322.43,2.17
M0133368,N,28,1,7667.25,0,3,0,5672.82,6202.12,1.79
M0133369,N,22,0,9364.04,0,0,0,4696.36,5650.34,0.29
M0133370,N,30,0,7492.81,0,0,0,1320.13,6725.34,0.0
M0133371,N,18,0,12073.05,0,0,0,6612.64,2930.57,1.43
M0133372,N,65,1,9036.0,0,0,0,1050.81,8872.43,0.3
M0133373,N,79,1,7903.73,0,0,1,3748.2,4188.67,0.0
M0133374,Y,58,5,225440.16,3,3,3,140254.29,93156.28,3.76
M0133375,N,37,0,10310.76,0,0,0,2493.49,9648.09,0.0
M0133376,N,56,1,26278.96,0,0,0,4109.53,21114.87,1.64
M0133377,N,53,2,32656.42,0,1,1,3533.25,27929.25,2.23
M0133378,N,41,1,3618.08,1,0,0,1348.23,2107.87,1.57
M0133379,N,56,0,30725.91,0,2,2,4498.58,28631.43,0.92
M0133380,N,58,0,17955.08,1,3,0,9120.81,10220.47,1.82
M0133381,N,30,0,9707.32,0,0,0,2651.01,10559.41,0.92
M0133382,N,37,0,7604.43,0,0,0,2087.33,4328.35,0.12
M0133383,N,53,1,12954.46,0,0,0,3654.69,9512.57,1.18
M0133384,N,37,1,7141.24,0,0,0,554.34,5591.44,0.7
M0133385,N,70,1,18305.77,0,2,1,8750.1,11964.97,0.34
M0133386,N,43,1,6551.82,0,0,0,1868.45,6650.77,0.07
M0133387,N,52,5,72214.38,1,3,0,1538.84,57389.43,2.2
M0133388,N,75,1,12522.46,0,0,0,2996.82,10862.41,1.28
M0133389,N,30,1,38221.28,0,1,0,4928.11,26844.67,1.56
M0133390,N,31,0,8863.09,0,0,0,4300.11,9001.61,0.22
M0133391,N,22,0,20887.13,0,2,0,12119.76,16577.31,1.42
M0133392,N,68,3,18358.02,1,2,1,10558.7,10828.2,1.75
M0133393,N,37,0,9294.33,0,0,0,1710.72,6693.14,2.2
M0133394,N,18,3,18411.64,0,2,0,5120.76,19157.45,3.3
M0133395,N,43,1,16554.24,1,1,0,4061.64,10769.06,1.54
M0133396,N,70,2,13152.0,0,1,0,4478.49,6273.41,1.16
M0133397,N,58,1,12057.48,0,1,0,1187.23,16380.92,1.18
M0133398,N,63,0,10107.65,0,0,2,818.19,9059.31,1.3
M0133399,N,68,2,12049.54,0,0,1,3110.55,8942.67,0.0
M0133400,N,61,1,9719.5,0,0,0,2840.14,6024.39,0.0
M0133401,N,64,0,6507.74,0,0,0,2657.46,4634.28,0.57
M0133402,N,63,2,7670.87,0,0,0,1778.67,8634.35,0.37
M0133403,N,21,2,58119.92,0,1,0,4522.39,44491.71,0.12
M0133404,N,43,4,15560.17,1,1,0,3198.13,21427.67,2.08
M0133405,N,80,0,11613.84,0,0,0,1141.05,8241.91,0.81
M0133406,N,21,1,6552.79,1,1,0,1214.13,7260.7,0.72
M0133407,N,37,0,7449.91,1,0,0,739.7,5406.12,1.11
M0133408,N,21,1,9721.8,0,0,0,1633.37,8231.51,1.92
M0133409,N,70,0,6348.0,1,0,1,2005.99,7443.67,1.02
M0133410,N,37,2,9801.74,0,0,1,3249.23,5335.52,2.13
M0133411,N,51,1,5632.22,0,0,0,1303.33,7461.11,1.24
M0133412,N,49,0,7090.53,0,0,0,1384.86,4469.06,2.2
M0133413,Y,46,6,163367.04,4,4,1,70462.17,85459.3,4.43
M0133414,N,64,0,15536.84,0,1,0,8530.17,16412.46,1.74
M0133415,N,58,1,19274.08,0,1,0,674.27,15066.26,1.73
M0133416,N,62,0,5901.73,0,0,0,1335.82,4323.87,0.0
M0133417,N,49,1,8880.19,0,0,1,2627.37,5561.63,1.61
M0133418,N,41,2,7728.52,0,2,1,3724.99,3027.06,0.29
M0133419,N,34,1,14558.83,1,2,0,21554.33,4784.52,1.62
M0133420,N,31,2,1816.44,0,1,0,1171.01,2010.17,1.1
M0133421,N,66,2,20113.29,1,0,0,2987.09,15685.57,1.25
M0133422,N,50,0,5076.86,0,0,0,2377.01,5580.73,0.59
M0133423,N,57,1,10321.13,0,0,2,1152.58,8830.98,0.8
M0133424,Y,72,3,159196.6,1,5,3,88402.25,85769.63,5.47
M0133425,N,40,0,15515.15,0,1,0,3188.69,12291.65,0.96
M0133426,N,78,0,17018.85,0,1,0,11167.81,6448.27,0.28
M0133427,N,21,0,14870.51,0,1,0,3635.72,11763.29,0.83
M0133428,N,51,0,7075.14,0,1,0,2715.45,7945.27,0.25
M0133429,Y,74,7,207976.45,7,5,2,125396.71,147300.7,5.98
M0133430,N,38,1,8621.11,1,1,1,3190.19,9745.62,3.19
M0133431,N,44,1,11790.03,0,1,0,2474.56,7042.88,2.38
M0133432,N,58,1,5361.02,0,2,0,2438.79,2470.01,0.45
M0133433,N,23,1,14264.0,0,0,0,3177.08,9311.68,1.79
M0133434,N,54,2,14391.76,0,1,0,3690.04,9084.49,0.15
M0133435,N,42,0,10678.92,0,2,2,3696.27,12680.44,0.33
M0133436,N,78,0,7038.95,0,0,0,545.78,9757.65,1.25
M0133437,N,38,2,6321.27,0,0,0,2401.68,4326.91,0.75
M0133438,N,39,2,6044.78,0,0,1,2026.42,6207.34,2.14
M0133439,N,73,0,6803.56,0,2,0,1585.03,10367.14,0.21
M0133440,N,29,0,1742.52,0,0,0,455.19,1867.23,1.41
M0133441,N,50,0,15026.93,0,1,0,6937.82,12694.44,0.0
M0133442,N,45,1,3939.15,0,0,0,3223.97,3441.86,1.21
M0133443,N,18,0,13643.64,0,0,0,5011.59,5848.37,0.1
M0133444,N,27,0,12355.26,0,0,0,2215.85,11960.26,0.51
M0133445,N,29,1,9952.8,0,1,1,3437.42,4964.3,0.48
M0133446,N,19,1,28272.33,1,0,0,3020.91,33720.68,1.09
M0133447,N,28,2,8757.3,0,0,0,2100.58,9154.28,0.0
M0133448,Y,64,6,245784.7,4,4,3,121032.62,169893.02,4.89
M0133449,N,49,1,21410.76,0,2,0,3805.22,21139.55,0.84
M0133450,N,68,1,9821.04,0,0,0,3972.81,4289.9,0.09
M0133451,N,23,0,2218.16,0,1,0,1113.82,1523.58,0.79
M0133452,N,59,0,5857.71,0,1,0,2632.95,6115.88,0.82
M0133453,N,75,0,13947.46,1,0,0,4701.76,9958.05,1.07
M0133454,N,56,1,9655.93,0,1,1,2142.98,13493.73,1.74
M0133455,N,80,1,8359.44,0,1,0,1868.03,4985.34,0.0
M0133456,N,77,2,16912.7,1,0,0,10093.64,7749.23,0.42
M0133457,N,61,1,10676.19,0,0,0,5812.04,11415.72,1.12
M0133458,N,36,0,12875.13,1,2,0,2887.78,9784.89,0.87
M0133459,N,63,1,7610.44,0,0,0,2788.78,6224.93,0.59
M0133460,N,80,0,15595.34,0,2,0,1287.67,11421.54,0.13
M0133461,N,50,1,12601.21,1,0,0,814.46,9686.02,1.01
M0133462,N,30,0,11271.68,1,1,0,1560.9,7355.86,1.22
M0133463,N,51,2,8446.52,0,0,0,712.58,11301.72,0.0
M0133464,N,76,0,28368.45,0,1,0,17782.91,16960.77,0.84
M0133465,N,34,2,3834.59,0,0,0,1110.3,5097.01,1.02
M0133466,Y,85,8,235487.1,1,2,3,112327.08,138893.96,4.25
M0133467,N,36,2,9099.09,0,0,0,1707.31,5925.38,3.61
M0133468,N,72,1,60485.1,1,0,0,3371.02,49578.65,1.13
M0133469,N,40,0,9060.17,0,0,0,3856.41,3964.55,2.42
M0133470,N,23,1,8900.51,0,0,0,1880.82,6276.39,0.0
M0133471,N,61,0,1884.53,0,0,1,1238.14,2113.79,0.26
M0133472,N,67,2,8377.43,0,0,0,4898.82,6315.59,3.08
M0133473,N,64,1,3161.16,0,1,0,1094.0,3554.59,0.76
M0133474,N,62,2,18735.03,0,2,1,1336.75,14908.57,0.0
M0133475,N,56,0,12616.31,0,0,0,1401.87,9464.05,1.27
M0133476,N,25,1,8643.58,1,0,0,2902.25,5009.91,1.66
M0133477,N,50,1,10250.82,1,1,2,2269.35,12509.04,1.41
M0133478,N,61,0,2379.15,0,1,1,1255.03,2668.76,0.0
M0133479,N,48,0,11080.49,0,2,0,11551.0,7848.18,0.0
M0133480,N,47,2,12165.63,1,0,0,2997.14,12701.6,1.45
M0133481,N,62,2,22552.04,1,0,1,9481.78,9302.45,0.32
M0133482,N,49,0,7287.89,1,0,2,4643.6,8531.14,2.21
M0133483,N,55,1,13914.79,0,0,0,1654.73,9985.95,0.97
M0133484,N,44,2,4728.17,0,0,0,2763.11,3437.84,0.01
M0133485,N,26,0,12446.81,0,3,0,4636.78,13218.58,0.71
M0133486,N,35,1,10244.14,1,0,0,441.22,9310.09,0.99
M0133487,N,69,1,32935.5,0,3,0,16226.39,11594.29,1.85
M0133488,N,46,3,14125.14,0,0,0,6250.53,6382.25,1.18
M0133489,N,61,0,12939.1,0,0,0,1434.8,14310.45,1.28
M0133490,N,68,0,19397.88,0,0,0,3690.41,14620.49,0.0
M0133491,N,44,0,12088.68,0,0,0,9934.31,2266.31,0.16
M0133492,N,33,3,11914.62,0,1,1,659.5,14055.51,0.04
M0133493,N,53,1,28109.22,0,0,0,7264.06,20851.45,0.0
M0133494,N,19,2,13391.39,0,1,0,11289.67,8984.59,1.51
M0133495,N,45,1,4054.97,0,1,0,3478.85,3176.74,0.42
M0133496,N,41,1,9909.42,0,0,0,1621.68,6451.98,0.0
M0133497,N,25,1,18947.23,0,0,1,8076.68,10563.26,0.33
M0133498,N,42,1,3116.7,0,0,0,1975.7,2005.01,1.48
M0133499,N,46,1,21420.13,0,1,0,22143.53,13823.77,1.27
M0133500,N,37,1,28904.49,0,1,0,5541.84,27123.36,0.25
M0133501,N,75,0,6444.17,0,1,0,312.05,8812.15,0.22
M0133502,N,77,0,9468.76,1,0,0,2099.38,5808.18,0.0
M0133503,N,42,1,7897.74,0,0,0,3288.78,3299.33,2.0
M0133504,N,44,0,10958.63,0,1,2,2516.69,6805.84,1.81
M0133505,N,45,1,133383.85,0,2,0,4397.79,101517.0,2.06
M0133506,N,61,1,30985.6,0,0,0,6098.95,23853.79,0.85
M0133507,N,65,2,7830.42,0,0,0,2008.04,6439.2,0.71
M0133508,N,77,1,10030.48,0,1,0,664.8,9532.3,0.1
M0133509,N,67,2,6768.05,0,1,1,860.88,5380.24,0.81
M0133510,N,60,0,4317.07,1,0,0,3191.46,4447.39,1.38
M0133511,N,26,0,4870.68,0,0,0,2997.44,5055.8,0.31
M0133512,N,34,1,7455.1,0,0,1,2625.64,6290.92,1.96
M0133513,N,63,2,39237.42,2,1,1,2801.21,27982.09,2.08
M0133514,N,62,1,19836.73,0,0,0,1519.05,17613.29,0.0
M0133515,N,36,0,13085.36,0,1,0,4131.05,15896.06,2.2
M0133516,Y,69,6,165017.56,5,7,5,52830.21,136060.05,4.91
M0133517,N,31,0,12229.17,1,0,0,4545.71,7435.94,1.23
M0133518,N,28,0,7145.92,0,0,0,3186.56,6721.59,0.0
M0133519,N,59,0,25388.75,0,0,0,6220.69,22382.81,1.92
M0133520,N,37,2,11820.33,0,0,0,1361.24,12633.91,0.0
M0133521,N,35,0,6947.68,0,0,0,856.29,5451.86,0.04
M0133522,N,52,1,13245.58,1,2,0,5035.71,10230.2,0.34
M0133523,N,39,0,19682.84,1,0,1,3544.55,14707.93,0.42
M0133524,N,54,0,13316.13,0,0,0,7278.63,6176.83,0.89
M0133525,N,49,0,3253.02,0,1,1,982.66,4486.62,1.4
M0133526,N,41,0,4341.02,0,0,0,1834.66,4538.5,0.16
M0133527,N,27,4,14358.24,0,1,0,3758.26,8451.84,1.95
M0133528,N,50,0,2106.82,0,0,0,776.53,2663.42,0.05
M0133529,N,56,2,13098.79,0,2,0,6558.3,10535.66,0.34
M0133530,N,28,1,6856.54,0,0,0,2941.85,8867.61,0.62
M0133531,N,44,1,8537.29,0,2,1,4026.92,6238.09,2.96
M0133532,N,37,0,8779.55,0,0,0,776.68,6385.86,0.68
M0133533,N,49,3,11319.4,0,0,0,4418.69,6629.48,1.44
M0133534,N,59,1,26238.64,0,0,0,3291.7,18435.73,2.46
M0133535,N,59,3,7478.17,2,0,0,2677.42,7289.46,1.66
M0133536,N,29,0,6958.14,0,2,1,3688.08,3418.37,0.99
M0133537,N,28,1,10935.15,0,1,0,6972.05,7517.52,1.64
M0133538,N,50,0,6206.13,1,0,0,511.17,6867.61,0.73
M0133539,N,79,1,19689.38,1,0,0,12511.95,5170.43,2.74
M0133540,N,26,2,20904.36,0,2,1,8219.45,16799.72,2.56
M0133541,Y,59,5,296554.44,4,3,1,64805.74,189311.52,5.26
M0133542,N,21,2,10894.56,1,0,0,1956.37,8390.84,1.95
M0133543,N,73,1,6470.33,0,0,0,991.64,5614.34,0.0
M0133544,N,20,0,3828.82,0,0,1,1357.7,2205.43,1.86
M0133545,N,52,1,7927.94,2,1,1,5236.58,6106.6,1.47
M0133546,N,60,1,4103.31,0,0,1,1790.56,4727.62,0.0
M0133547,Y,47,6,259425.87,3,3,1,79200.0,151064.17,3.8
M0133548,N,64,2,14143.03,0,0,0,9351.98,2511.17,0.72
M0133549,Y,37,5,147479.9,2,4,3,58258.63,118959.63,5.53
M0133550,N,23,0,9947.69,0,1,0,2003.41,7330.66,0.46
M0133551,N,55,1,9969.84,0,1,0,3401.61,5773.76,0.0
M0133552,N,77,1,27965.05,0,2,0,6562.13,20268.32,1.81
M0133553,N,18,0,37832.14,0,0,0,10961.55,20612.85,0.35
M0133554,N,30,2,12292.29,0,1,1,3466.93,13672.87,0.6
M0133555,N,43,0,17803.23,0,1,0,9055.11,11892.36,1.61
M0133556,N,43,2,7624.04,1,0,0,5395.88,2598.23,0.94
M0133557,N,74,2,17905.03,0,0,0,2460.23,20756.12,2.07
M0133558,N,40,0,5203.41,0,0,0,3429.38,4452.87,0.29
M0133559,N,66,2,9766.77,0,2,0,1696.0,9153.66,0.02
M0133560,N,60,0,11178.88,0,0,1,4426.44,9439.57,1.32
M0133561,N,50,0,4821.61,0,0,0,782.66,3710.8,1.14
M0133562,N,57,1,7656.79,1,2,0,1440.86,5672.26,0.13
M0133563,N,28,2,21016.78,0,1,1,7333.63,16975.73,0.25
M0133564,N,39,0,7184.62,0,0,0,5629.26,4015.29,1.6
M0133565,N,66,4,11059.67,0,0,0,1948.91,7798.73,1.19
M0133566,N,30,3,29147.83,1,3,0,4371.7,24916.01,3.92
M0133567,N,74,1,8471.48,0,0,0,2129.61,5922.74,0.26
M0133568,N,56,0,6052.65,0,0,0,3738.4,5870.54,0.75
M0133569,N,31,1,25318.14,0,0,0,4257.61,21977.41,0.94
M0133570,N,61,4,10829.48,0,0,0,4605.2,5440.55,1.48
M0133571,N,36,2,17965.44,0,0,0,7555.63,19038.15,0.78
M0133572,N,61,0,20947.22,0,0,0,2315.27,14219.86,0.41
M0133573,N,56,2,20253.17,1,0,0,2705.62,13487.63,1.38
M0133574,N,44,0,6899.45,0,0,0,1278.52,4839.83,0.2
M0133575,N,30,2,15912.72,0,0,0,857.85,12779.64,1.96
M0133576,N,48,2,6361.69,0,0,0,6059.9,4708.99,2.78
M0133577,N,64,2,14641.86,1,0,1,1885.92,14060.21,0.85
M0133578,N,43,1,9379.13,0,0,0,1329.77,6010.54,1.06
M0133579,N,70,1,11337.81,0,1,0,1793.37,10165.04,0.52
M0133580,N,30,2,16557.04,0,2,0,3991.06,14568.83,0.0
M0133581,N,31,2,13846.51,0,1,0,4812.59,6685.02,1.21
M0133582,N,54,2,2324.07,0,2,0,1913.16,2113.16,0.0
M0133583,N,25,1,6389.46,0,0,0,2098.56,5762.23,0.31
M0133584,N,20,1,9471.42,0,0,0,1000.08,6423.76,0.0
M0133585,N,54,2,18968.67,0,1,0,3548.8,19782.88,1.55
M0133586,N,57,3,29294.1,0,4,0,8314.86,21440.29,2.24
M0133587,N,76,1,9304.99,0,2,0,3788.59,8580.8,0.0
M0133588,N,33,0,6078.69,0,2,1,2284.02,5587.42,0.35
M0133589,N,36,0,20091.29,0,1,0,4756.79,13275.68,1.8
M0133590,N,76,2,12458.57,0,0,0,8033.76,12099.13,1.4
M0133591,N,64,0,16178.67,0,0,1,1854.9,12938.7,1.04
M0133592,N,38,1,13032.61,0,2,0,5186.81,8790.55,1.36
M0133593,N,38,0,5729.75,0,0,0,5860.13,4506.62,0.23
M0133594,N,71,1,18600.49,0,1,0,1422.49,21120.09,2.68
M0133595,N,34,1,3023.54,2,2,1,1997.22,1998.23,0.63
M0133596,N,44,2,8778.02,0,0,0,3365.87,5665.5,0.0
M0133597,N,30,0,5168.08,0,0,0,1208.5,3116.88,0.73
M0133598,N,68,0,10168.91,0,1,1,3485.08,6613.55,1.46
M0133599,N,74,3,8173.67,0,0,0,5239.96,8999.21,0.61
M0133600,N,70,1,4735.9,0,0,0,4698.16,3618.96,0.0
M0133601,N,25,1,7477.86,0,1,0,487.39,9596.98,2.57
M0133602,N,51,3,12827.45,1,4,0,3362.2,10362.14,1.88
M0133603,N,50,0,12758.47,1,0,1,7357.11,12131.93,3.62
M0133604,N,64,3,8428.15,0,0,0,3308.4,6707.18,1.27
M0133605,N,32,0,12603.6,0,0,0,5786.97,6528.49,1.46
M0133606,N,20,3,9211.11,0,2,0,3334.94,8176.19,1.17
M0133607,N,34,2,32240.16,0,0,0,4081.21,24114.63,1.15
M0133608,N,33,0,7067.17,0,0,0,2152.04,7650.85,1.93
M0133609,N,18,0,5433.26,0,0,1,1673.03,4413.09,0.0
M0133610,N,27,1,9319.43,0,0,0,921.8,6721.32,1.9
M0133611,N,30,1,5112.78,1,0,1,3200.33,2116.63,0.0
M0133612,N,70,0,4846.62,0,0,0,2267.79,3408.57,0.0
M0133613,N,19,0,8892.19,0,0,0,774.13,11029.16,0.74
M0133614,N,48,1,9718.53,0,0,0,777.46,7854.27,0.36
M0133615,N,23,1,6506.75,0,1,0,3782.53,6678.96,1.45
M0133616,N,22,3,8151.8,0,0,0,2889.48,10540.1,2.33
M0133617,N,78,0,19232.21,0,0,0,5974.89,13659.9,1.7
M0133618,N,72,0,17833.56,0,2,0,1379.41,17633.18,0.91
M0133619,N,56,1,9482.35,0,0,0,1753.5,8787.87,0.75
M0133620,N,59,4,5029.79,0,1,1,2658.44,4525.39,0.63
M0133621,N,31,1,6664.38,0,0,0,3456.61,5929.27,0.77
M0133622,N,65,1,6475.48,0,0,1,2112.41,3304.14,0.96
M0133623,N,69,0,3560.39,0,0,0,1198.64,1824.48,0.0
M0133624,N,62,1,17642.08,0,0,2,5403.02,9610.76,2.15
M0133625,N,65,1,7522.08,0,1,0,2354.08,6304.53,0.57
M0133626,N,20,0,9767.37,0,0,0,2658.99,6577.44,0.11
M0133627,N,71,4,12466.33,1,2,0,13848.75,5918.04,1.4
M0133628,N,47,1,23191.17,0,0,0,8896.07,10666.38,1.54
M0133629,N,31,3,11358.82,0,1,0,5634.21,7867.56,0.48
M0133630,N,72,1,9560.71,0,0,0,4210.79,4419.49,2.82
M0133631,N,32,0,9470.98,0,0,0,1150.08,8801.4,0.79
M0133632,N,67,2,7842.61,0,0,1,7999.82,5385.28,0.0
M0133633,N,18,3,5692.15,0,0,0,1319.94,6390.65,0.53
M0133634,N,18,0,14034.28,0,1,0,1564.14,15177.31,1.58
M0133635,N,78,2,21122.92,0,1,2,11733.51,19803.43,4.33
M0133636,N,19,0,2003.36,1,1,0,539.64,1896.99,0.26
M0133637,N,57,1,10336.16,0,1,1,6855.29,8312.08,1.02
M0133638,N,68,0,10012.09,1,1,1,7232.38,7584.39,1.08
M0133639,N,48,1,13610.76,0,1,0,1498.98,9700.6,1.56
M0133640,N,44,1,12890.82,0,1,0,9044.71,4926.95,1.12
M0133641,N,38,1,9799.92,0,0,0,6937.48,3253.33,0.38
M0133642,N,52,0,3601.09,0,0,0,713.74,2756.23,0.43
M0133643,N,36,1,3403.97,0,0,0,523.57,2364.46,1.38
M0133644,N,39,1,12302.86,0,2,1,5389.46,12724.61,0.65
M0133645,N,57,2,2035.6,0,0,0,1737.93,794.28,1.1
M0133646,N,26,1,22262.44,0,1,0,3547.81,17315.76,1.3
M0133647,N,77,2,11952.11,1,0,0,5767.7,7509.99,1.22
M0133648,N,74,0,12622.41,0,0,0,3627.75,10642.69,3.36
M0133649,N,27,1,12702.11,0,0,0,1122.74,8828.64,1.26
M0133650,Y,65,6,259880.93,3,1,4,42321.27,224984.85,3.59
M0133651,N,28,0,12189.72,1,0,0,3537.99,6902.94,0.44
M0133652,N,63,1,1703.26,0,0,0,474.91,2536.48,0.05
M0133653,N,78,1,4201.99,0,2,0,1071.46,2609.53,0.4
M0133654,N,46,0,5615.28,0,0,0,1819.07,6282.32,0.05
M0133655,N,31,1,9589.87,0,1,0,3050.59,5492.81,1.17
M0133656,N,21,0,13186.4,0,0,0,362.3,11518.98,2.27
M0133657,N,46,2,9266.33,0,1,0,8609.29,5103.91,1.13
M0133658,N,79,0,41675.12,1,3,0,6359.73,42112.99,0.0
M0133659,N,61,0,3234.21,0,0,0,1817.93,3242.23,0.0
M0133660,N,49,1,16777.18,1,1,0,4253.18,10065.77,1.3
M0133661,N,79,0,17654.22,1,1,0,8442.05,5963.8,0.0
M0133662,N,57,0,4235.81,1,1,0,4696.8,2591.62,0.0
M0133663,N,27,2,7136.99,0,0,0,2625.72,4250.87,0.62
M0133664,N,53,1,9831.35,0,2,1,1772.51,9093.0,1.4
M0133665,N,32,1,10159.62,0,1,1,3989.41,6085.87,1.59
M0133666,N,43,1,16470.31,0,0,1,5990.02,8142.98,1.49
M0133667,N,63,0,2830.3,0,0,0,711.53,3543.1,0.0
M0133668,N,79,3,21086.56,1,2,0,1844.02,36445.19,1.49
M0133669,N,22,1,8122.4,0,0,0,1495.53,6672.9,1.1
M0133670,N,67,0,32122.63,0,2,1,5443.99,20359.22,2.14
M0133671,N,69,1,8350.42,1,1,1,2466.99,7248.55,0.0
M0133672,N,49,2,29333.58,0,0,0,7622.85,19331.29,0.75
M0133673,Y,85,3,269815.98,1,4,4,81713.68,173522.0,3.96
M0133674,N,19,1,4483.35,0,1,1,2310.4,3549.91,0.0
M0133675,N,27,1,43843.01,0,1,1,2520.41,34614.35,1.88
M0133676,N,38,0,5393.31,0,0,0,4479.9,4137.72,0.5
M0133677,N,40,1,10191.34,0,0,0,826.36,11699.56,0.0
M0133678,N,54,1,6859.53,0,0,0,756.85,4786.82,0.0
M0133679,N,45,2,7154.79,0,1,0,4565.76,4201.93,0.9
M0133680,N,65,1,16279.17,0,1,0,3233.23,17913.16,0.18
M0133681,N,23,0,5532.7,0,0,0,1822.86,5476.02,0.46
M0133682,N,36,3,11600.98,1,1,0,1708.59,13759.22,1.37
M0133683,N,61,1,10310.72,0,1,0,2464.8,7960.05,0.68
M0133684,N,35,2,63867.8,0,1,1,14533.52,37120.07,0.54
M0133685,N,48,0,5408.46,0,1,0,2467.15,5382.72,1.18
M0133686,N,42,1,6250.33,0,2,1,2001.0,4812.44,2.51
M0133687,N,44,1,23755.93,0,3,0,9566.6,11226.55,2.25
M0133688,N,27,2,5744.71,0,0,0,2786.1,6889.7,0.87
M0133689,N,58,3,19410.27,0,2,1,3346.88,12967.03,2.05
M0133690,N,76,1,13530.01,1,1,0,3702.11,9946.69,1.48
M0133691,N,69,1,13127.95,1,1,0,2476.99,9480.23,2.34
M0133692,N,70,0,5275.24,1,2,0,3244.44,3420.05,0.0
M0133693,N,23,2,23110.91,1,0,2,5876.81,14651.06,1.8
M0133694,N,74,0,7505.02,1,1,0,2846.07,7018.17,1.13
M0133695,N,64,0,13625.52,0,2,1,1960.39,15643.22,1.51
M0133696,N,25,2,8047.29,0,0,0,3296.56,6937.4,0.02
M0133697,N,47,0,2650.39,0,0,1,2045.6,2599.17,0.45
M0133698,N,58,0,13865.35,0,2,0,3950.98,9757.86,0.0
M0133699,N,61,0,22031.74,0,0,0,14230.32,11353.76,1.28
M0133700,N,18,0,11515.46,0,2,0,4201.49,10672.43,0.81
M0133701,N,41,2,17739.38,0,0,0,1905.53,16574.57,1.42
M0133702,N,42,2,10989.74,0,0,0,7849.68,5035.11,1.54
M0133703,N,64,0,3605.18,0,0,1,531.75,2686.09,0.63
M0133704,N,80,0,11276.05,0,2,0,3383.23,7127.48,0.88
M0133705,N,43,0,8871.89,0,0,0,2694.51,8573.66,0.48
M0133706,N,55,1,35988.9,0,0,1,3217.65,26772.51,2.05
M0133707,N,40,1,18933.23,0,1,0,11377.68,8558.17,1.76
M0133708,N,58,1,5741.92,1,0,0,3944.43,6207.53,0.93
M0133709,N,47,2,15997.63,0,0,0,5329.29,22674.71,1.6
M0133710,N,33,1,7623.74,0,1,0,1907.67,6832.04,1.26
M0133711,N,21,0,4091.5,1,3,0,3094.92,2264.12,0.47
M0133712,N,50,0,7952.97,0,0,1,3750.93,5979.41,1.16
M0133713,N,37,0,7667.78,1,0,0,1563.61,7902.19,1.33
M0133714,N,79,1,2343.31,0,1,0,772.0,2285.65,2.17
M0133715,N,41,3,12153.0,0,0,0,2234.41,9387.02,0.23
M0133716,N,45,1,10788.19,0,0,0,1963.14,8505.23,1.98
M0133717,N,74,0,3011.27,0,0,0,2398.64,970.37,0.49
M0133718,N,63,0,4543.84,0,0,0,735.9,6354.97,0.17
M0133719,N,50,0,14439.88,0,0,0,6883.86,5020.94,3.03
M0133720,N,24,3,19474.25,0,0,0,2483.68,21074.65,1.14
M0133721,N,74,2,6034.45,0,0,0,1210.24,4369.36,1.02
M0133722,N,65,1,13440.37,0,0,0,3281.49,18462.32,0.67
M0133723,N,38,4,12467.76,0,0,2,5315.44,10447.26,0.6
M0133724,N,80,0,14439.64,0,0,0,7131.89,6293.13,0.17
M0133725,N,29,3,8407.16,1,1,0,3498.68,5109.07,1.18
M0133726,N,60,0,10695.98,0,1,0,5023.8,5490.82,0.8
M0133727,N,69,4,6268.21,0,1,1,2914.03,6441.8,0.42
M0133728,N,35,2,18726.48,1,2,0,3014.95,16879.35,0.63
M0133729,N,45,1,7848.03,0,0,0,5723.84,5273.03,1.3
M0133730,N,26,0,4569.78,0,1,1,2382.5,3260.7,1.89
M0133731,N,64,0,5803.67,0,1,1,2085.95,8190.97,1.34
M0133732,N,31,2,24871.96,1,0,0,7781.03,16162.55,0.25
M0133733,N,53,1,7082.82,0,0,1,546.42,6105.74,0.51
M0133734,N,48,0,9252.0,0,0,0,2923.88,8105.44,2.02
M0133735,N,69,0,5828.62,0,1,1,2294.47,4635.1,1.18
M0133736,N,78,0,6288.38,0,0,0,539.57,4874.02,0.5
M0133737,N,28,0,9898.56,0,1,0,950.62,9549.59,0.86
M0133738,N,25,2,32352.46,0,1,0,22109.08,21469.63,1.86
M0133739,N,53,3,13974.91,0,1,0,2518.1,12189.97,1.06
M0133740,N,38,0,13013.3,0,0,0,2014.75,9353.51,0.0
M0133741,N,60,0,46197.77,0,2,0,1661.91,60126.54,0.92
M0133742,N,56,1,8962.53,0,0,1,896.0,7034.74,0.22
M0133743,N,39,1,7400.33,0,0,0,2998.27,5414.43,0.54
M0133744,N,69,1,6469.07,0,1,1,2169.83,3035.93,1.57
M0133745,N,26,1,13287.66,0,1,1,3694.39,10362.01,1.85
M0133746,N,39,0,2844.08,1,0,0,687.91,2358.7,0.51
M0133747,N,48,2,10783.68,0,0,2,7523.87,8163.26,1.89
M0133748,N,58,0,25681.23,0,0,0,4776.76,34549.0,0.19
M0133749,N,65,3,19653.15,0,0,0,13960.46,10600.49,1.07
M0133750,N,39,1,5332.78,0,1,0,2659.54,5206.39,0.99
M0133751,N,57,1,7393.56,2,0,1,2689.02,5491.53,0.61
M0133752,N,72,0,4613.01,0,0,0,3730.0,4342.9,0.0
M0133753,N,40,2,11840.53,0,1,0,3321.5,9037.58,2.47
M0133754,N,42,1,2346.0,0,2,0,818.67,2724.07,0.53
M0133755,N,58,1,11352.14,0,0,0,10087.58,5319.13,1.81
M0133756,N,22,3,13935.7,0,1,0,11054.26,14072.16,1.22
M0133757,N,46,0,16888.96,0,1,1,5672.13,10682.29,1.77
M0133758,N,63,2,30756.41,0,0,0,2943.76,24099.57,0.9
M0133759,N,71,2,14673.52,0,0,0,2365.62,14715.51,0.82
M0133760,N,68,2,10454.36,0,1,1,6265.98,5670.5,1.38
M0133761,N,74,0,8226.47,0,0,0,2389.03,10961.28,0.66
M0133762,N,38,1,9100.47,0,2,0,6138.42,4486.06,2.9
M0133763,N,71,2,6611.91,0,0,0,1752.51,4312.7,0.56
M0133764,N,51,2,2270.13,1,0,0,313.68,1937.67,0.11
M0133765,N,56,3,20652.35,1,0,0,5639.98,11918.27,0.68
M0133766,N,46,0,9503.88,0,1,0,3859.06,5408.89,0.96
M0133767,N,19,2,6189.13,0,0,1,2827.16,6062.07,0.8
M0133768,Y,36,5,404179.86,4,1,5,107308.26,233000.6,7.69
M0133769,N,42,1,4363.25,1,1,0,2375.2,4921.59,0.9
M0133770,N,19,1,6390.16,0,1,0,2150.03,6973.82,3.07
M0133771,N,52,3,18699.8,0,3,0,2957.15,22798.43,1.73
M0133772,N,38,1,9779.81,0,2,1,3169.34,6431.49,2.18
M0133773,N,20,1,8697.96,0,0,0,1426.99,5576.07,1.45
M0133774,N,57,2,14534.81,0,0,1,3771.58,11714.54,0.0
M0133775,N,48,0,8624.61,0,1,0,1083.63,8015.61,0.4
M0133776,N,35,2,11030.51,0,0,1,5011.35,6805.07,0.81
M0133777,N,69,2,7024.64,0,0,2,6433.0,4525.74,1.6
M0133778,N,71,3,6371.74,0,2,0,3022.73,2203.33,0.77
M0133779,N,74,3,16965.09,0,0,1,5321.68,10945.19,0.97
M0133780,N,69,0,13856.76,0,0,0,7454.12,7458.82,1.61
M0133781,N,18,1,23109.14,0,0,0,2888.98,20134.25,1.17
M0133782,N,62,0,8916.98,1,1,0,2755.68,7831.64,0.95
M0133783,Y,61,2,151090.7,4,2,3,56310.55,119943.47,3.77
M0133784,N,19,2,12940.84,1,1,1,1565.17,10231.22,2.51
M0133785,N,26,1,8762.12,0,0,0,2975.05,12569.57,0.92
M0133786,N,65,1,10895.09,0,0,0,2672.28,9674.09,1.02
M0133787,N,69,0,13316.36,0,0,0,5120.63,8624.61,0.52
M0133788,N,52,3,27540.02,0,0,0,10712.87,13304.83,1.95
M0133789,Y,48,5,173870.58,2,4,4,102614.33,80049.8,6.73
M0133790,N,45,1,9800.36,1,0,0,1358.47,6709.33,0.21
M0133791,N,46,2,28988.04,0,3,0,7265.18,31398.45,3.14
M0133792,N,45,0,7490.46,0,0,0,985.26,7133.13,0.21
M0133793,N,43,1,12476.61,0,0,0,4654.77,14188.79,0.52
M0133794,N,59,3,14032.33,0,0,0,5394.51,12233.56,0.03
M0133795,N,35,2,40744.89,0,0,0,5922.58,38933.25,0.62
M0133796,N,47,0,6414.66,0,1,0,913.13,4556.13,0.0
M0133797,N,39,2,15037.81,0,0,0,7081.03,5398.67,0.42
M0133798,N,72,0,8096.47,0,0,0,1435.23,10127.87,1.1
M0133799,N,73,1,11088.83,0,1,0,1816.96,14478.3,3.84
M0133800,N,70,1,6895.8,0,0,1,1696.24,8319.48,0.36
M0133801,N,65,3,20837.64,0,2,0,5969.16,12634.65,1.79
M0133802,N,33,0,13995.34,0,0,2,3669.81,7949.34,1.6
M0133803,N,73,1,4029.63,0,1,0,1619.4,2452.07,0.38
M0133804,N,35,0,21545.68,0,0,0,6211.07,13746.56,0.05
M0133805,N,24,0,16202.85,0,3,0,6091.81,6736.65,2.27
M0133806,N,65,1,6671.12,0,0,0,973.1,7303.73,1.74
M0133807,N,39,0,5710.74,0,0,1,2603.63,2566.83,0.67
M0133808,N,36,2,34923.97,0,0,1,5469.7,24319.05,1.01
M0133809,N,73,3,27433.07,0,0,1,17180.65,9954.26,3.1
M0133810,N,79,0,16445.66,0,0,0,866.28,14726.27,0.82
M0133811,N,63,0,7779.16,0,2,0,1445.36,10591.36,1.52
M0133812,N,55,2,13745.04,1,0,0,2850.82,19747.06,1.95
M0133813,N,23,0,5283.03,0,0,0,4241.22,3056.94,1.4
M0133814,N,56,3,4269.13,0,0,0,1955.31,4582.0,1.32
M0133815,N,67,0,4540.71,0,0,0,1231.54,2391.97,0.92
M0133816,N,44,1,6082.94,0,0,0,2429.38,6828.71,1.26
M0133817,N,37,2,8477.07,0,0,1,1085.94,8116.31,0.13
M0133818,N,33,0,22311.7,0,2,0,1007.71,16583.89,0.99
M0133819,N,25,1,12847.67,1,0,0,1040.63,12890.13,1.63
M0133820,N,42,3,27414.52,1,1,1,15480.45,11345.39,2.64
M0133821,N,18,0,3824.69,1,0,0,1378.12,3448.31,0.0
M0133822,N,65,0,4853.62,0,0,1,2684.47,3936.21,1.88
M0133823,N,75,2,12496.6,0,0,0,4118.65,6444.41,0.0
M0133824,N,35,1,7258.51,1,0,0,5762.82,4119.74,1.06
M0133825,N,54,2,38553.59,0,1,0,1135.41,29295.11,1.95
M0133826,N,46,0,11338.0,0,1,0,3717.47,5482.6,2.64
M0133827,N,25,2,5610.81,1,0,0,1292.03,4871.51,0.0
M0133828,N,70,2,12880.35,1,0,0,9637.48,6979.54,0.97
M0133829,N,39,0,2233.26,0,0,1,747.89,3170.93,0.03
M0133830,N,64,0,8435.89,0,1,0,5025.43,5838.88,1.07
M0133831,N,31,0,6311.17,1,0,1,1695.55,6082.08,0.63
M0133832,N,73,2,5407.33,0,0,1,2701.74,2248.51,1.65
M0133833,N,74,2,12288.96,1,2,1,1129.16,15565.92,0.79
M0133834,N,22,0,8662.1,0,1,0,6794.55,6803.87,0.76
M0133835,N,53,2,12559.4,0,3,1,2420.99,9042.77,1.68
M0133836,N,33,2,18454.28,1,3,0,5685.79,15146.94,1.4
M0133837,N,31,0,4796.61,0,0,0,870.5,3402.68,1.67
M0133838,N,40,0,6242.73,1,0,0,1321.54,7332.88,0.68
M0133839,N,66,1,16209.34,2,2,1,6206.55,10776.33,2.49
M0133840,N,61,1,2419.51,0,1,0,693.85,1674.8,0.0
M0133841,N,37,2,12003.31,0,0,0,8771.81,5616.48,1.5
M0133842,N,32,1,20241.84,0,2,0,3210.91,15468.26,0.36
M0133843,N,68,0,5842.08,0,1,1,1333.06,7114.48,1.38
M0133844,N,80,2,18182.56,0,0,0,1184.65,17861.66,0.99
M0133845,N,37,1,15251.48,0,1,0,3109.14,10638.11,0.68
M0133846,N,75,2,14573.68,1,0,0,2110.34,12226.5,1.93
M0133847,N,78,2,9447.21,1,1,0,2519.84,12327.6,0.21
M0133848,N,53,0,8560.82,0,0,1,3619.92,7384.46,0.84
M0133849,N,75,2,4626.6,0,0,1,1813.1,6325.96,1.3
M0133850,N,22,1,3988.97,0,1,0,2215.33,3176.82,0.4
M0133851,N,27,1,2804.0,0,0,0,897.4,3892.59,0.63
M0133852,N,50,0,19605.77,0,0,0,1177.27,15864.39,0.0
M0133853,N,51,2,15382.96,1,1,0,8886.44,6658.37,1.83
M0133854,N,37,0,10755.91,1,0,0,4827.24,4295.11,2.17
M0133855,N,33,2,23502.11,1,2,1,2645.09,36415.94,0.47
M0133856,N,56,0,8569.31,1,1,1,715.49,8048.16,0.0
M0133857,N,33,3,13206.67,0,2,2,8824.79,13889.89,1.64
M0133858,N,70,0,21439.61,0,0,2,3815.59,32643.63,2.37
M0133859,N,18,1,3459.31,0,0,0,1377.3,3282.43,0.6
M0133860,N,76,0,15404.56,1,0,0,7847.45,5173.85,0.79
M0133861,N,70,0,16665.9,1,2,0,4159.42,11299.94,1.41
M0133862,N,18,0,2158.33,0,1,0,1206.94,2167.61,1.58
M0133863,N,78,2,8164.77,0,1,0,1362.92,5723.99,1.78
M0133864,N,61,1,7897.26,0,1,0,3663.64,8314.53,1.28
M0133865,N,66,0,6164.89,0,1,0,1436.15,4550.27,0.98
M0133866,N,35,1,8229.69,0,0,0,481.43,6516.3,0.12
M0133867,N,62,0,9165.41,0,0,0,2153.08,6273.24,0.97
M0133868,N,37,1,6889.9,1,0,0,2268.63,3981.89,2.21
M0133869,N,64,1,4521.34,0,0,0,459.87,4828.09,1.62
M0133870,N,50,2,8467.18,0,0,0,2124.24,5539.38,0.0
M0133871,N,75,0,12984.02,0,0,0,1405.87,15452.26,1.47
M0133872,N,23,1,75206.11,0,3,1,26907.0,44942.08,3.19
M0133873,N,63,1,15934.83,0,0,0,4607.84,8488.76,0.65
M0133874,N,46,0,6510.83,0,2,0,2713.43,3095.41,1.34
M0133875,N,45,1,6988.35,0,1,0,1010.62,7433.37,1.58
M0133876,N,48,2,35925.77,0,1,0,13997.01,19443.69,2.88
M0133877,N,58,3,54298.42,0,3,0,22047.68,22927.59,1.8
M0133878,N,52,0,8329.64,0,1,0,1988.76,6466.0,0.25
M0133879,N,54,1,12472.43,0,0,0,4640.68,5265.08,1.31
M0133880,N,28,1,9925.44,0,0,0,3753.11,7906.15,0.0
M0133881,N,42,0,23808.88,0,0,0,9274.3,10419.97,1.65
M0133882,N,45,0,7193.15,0,0,0,3956.48,4269.6,0.4
M0133883,N,26,1,21647.6,1,0,0,16189.07,10296.51,1.51
M0133884,N,65,1,13387.36,0,1,1,10312.91,7087.92,1.48
M0133885,N,46,1,11684.77,0,0,0,5031.96,5139.34,1.88
M0133886,Y,70,7,164612.9,2,4,4,75560.08,132651.35,3.77
M0133887,N,57,2,8690.36,0,1,0,2530.01,8758.18,0.87
M0133888,N,29,0,12035.38,0,0,0,3794.98,11174.97,0.8
M0133889,N,37,2,10105.44,0,1,2,3444.53,9692.86,0.95
M0133890,N,56,1,14942.01,0,0,1,1283.29,13182.95,0.0
M0133891,N,22,2,21122.59,0,0,1,4493.66,14129.38,1.48
M0133892,N,39,0,5694.04,0,2,0,2698.53,3252.41,0.0
M0133893,N,45,1,11263.73,1,0,0,3732.57,16721.81,0.78
M0133894,N,40,0,13038.06,0,0,0,3632.16,7117.89,0.86
M0133895,N,51,0,10275.57,1,0,0,4483.94,9202.35,0.65
M0133896,Y,80,6,461338.67,1,3,1,80990.13,311829.73,6.34
M0133897,N,77,2,27158.18,1,1,2,11305.46,11085.31,1.39
M0133898,N,45,0,11014.72,0,0,0,3026.43,9572.25,1.59
M0133899,N,46,0,11763.09,0,1,0,1107.72,10130.44,0.57
M0133900,N,63,0,3523.56,0,0,0,604.3,2428.51,0.25
M0133901,N,67,0,12500.47,0,2,0,6906.71,8063.13,1.15
M0133902,N,28,0,7828.8,0,0,0,5530.37,7291.85,2.26
M0133903,Y,80,5,369589.34,4,4,4,301831.72,98913.2,4.14
M0133904,N,21,3,30950.98,0,2,2,14376.47,22258.3,2.11
M0133905,N,61,0,7122.2,0,0,0,4838.29,2181.37,0.83
M0133906,N,69,3,4985.82,0,0,0,1147.71,6491.81,1.27
M0133907,N,47,1,31419.91,0,0,0,14951.9,12265.11,2.08
M0133908,Y,76,4,201742.89,4,7,4,128674.52,100780.83,6.17
M0133909,N,60,0,6063.63,0,1,0,1932.47,4126.26,0.95
M0133910,N,22,0,6202.34,1,0,0,2001.76,4759.36,0.46
M0133911,N,19,1,10108.85,0,1,0,2039.72,7585.87,2.14
M0133912,N,57,0,25839.12,1,2,2,14997.71,19356.36,2.72
M0133913,N,68,2,13129.24,0,1,0,7005.48,4551.77,0.0
M0133914,N,26,1,15118.86,0,1,1,5613.98,9930.26,2.03
M0133915,N,22,2,10308.57,0,1,0,3682.46,11077.55,2.01
M0133916,N,76,1,12473.26,0,3,1,4191.91,7453.32,0.77
M0133917,Y,66,7,256556.38,2,3,4,102607.76,226303.01,5.25
M0133918,N,51,2,3041.51,0,0,0,1147.61,2203.99,0.22
M0133919,N,23,3,7516.93,0,1,0,1067.58,4820.4,0.5
M0133920,N,53,0,4761.56,0,1,0,1899.39,3721.42,0.11
M0133921,N,44,1,18396.39,0,0,1,3321.82,18173.02,1.93
M0133922,N,56,1,14314.7,0,3,0,1435.69,16570.4,1.65
M0133923,N,18,1,5457.9,0,0,1,1237.7,4526.33,1.6
M0133924,Y,83,6,166972.83,4,3,8,58966.64,132522.22,5.08
M0133925,N,47,4,16680.4,0,2,1,1801.42,15522.8,2.01
M0133926,N,18,0,6125.95,2,1,2,390.93,5293.23,0.0
M0133927,N,18,0,11102.7,1,1,0,3625.4,6390.04,1.14
M0133928,N,63,4,19068.19,0,1,1,4826.88,15396.77,1.26
M0133929,N,26,0,7458.07,1,2,0,1239.84,5665.79,1.26
M0133930,N,27,1,12599.55,0,2,0,1818.87,16838.53,3.03
M0133931,N,76,2,14866.01,0,1,0,6170.23,8057.6,1.77
M0133932,N,47,0,10521.43,0,0,0,2638.84,5724.29,0.25
M0133933,N,46,2,29533.12,0,1,0,7820.86,31962.19,0.6
M0133934,Y,85,4,223821.77,4,4,3,148642.99,72204.7,4.15
M0133935,N,51,0,12673.96,0,1,0,1168.69,9667.61,0.25
M0133936,N,54,1,5559.78,0,0,0,2429.77,6671.26,0.07
M0133937,N,64,0,15630.88,0,0,0,12850.78,2900.95,0.72
M0133938,N,60,2,2762.41,0,1,0,1622.87,2218.8,0.65
M0133939,N,79,0,9886.22,0,0,0,1510.32,9246.37,0.64
M0133940,N,58,0,10925.92,0,3,1,9526.76,4673.87,1.04
M0133941,N,79,1,10863.05,1,1,0,2493.2,7691.57,0.0
M0133942,N,42,1,8196.37,1,0,0,2567.59,8355.23,1.65
M0133943,N,34,1,8511.66,0,1,0,5981.29,6839.04,1.63
M0133944,N,62,1,9209.41,0,0,0,9384.81,7037.32,3.43
M0133945,N,69,0,5838.64,0,0,0,364.88,5601.75,1.76
M0133946,Y,62,5,141193.7,2,5,1,42348.48,97976.61,3.67
M0133947,N,57,0,6314.03,0,0,0,1130.16,4292.49,0.2
M0133948,N,52,3,15637.68,0,1,1,2541.42,16056.36,1.36
M0133949,N,64,2,40213.21,1,2,1,14683.47,22634.67,1.94
M0133950,N,42,1,18434.93,1,3,1,3523.53,11384.35,2.36
M0133951,N,19,0,13573.52,0,0,0,3754.28,8957.87,1.12
M0133952,N,71,1,4831.65,0,1,0,2639.34,4006.22,0.27
M0133953,N,56,0,7643.1,0,0,0,4255.7,6387.11,1.0
M0133954,N,77,1,8631.62,1,0,0,4469.93,6171.93,1.41
M0133955,N,30,1,13470.03,0,0,0,1810.89,11500.02,0.9
M0133956,N,31,0,10536.92,0,1,0,6655.25,7438.09,0.0
M0133957,N,41,1,5736.49,0,1,0,2448.01,2682.93,0.12
M0133958,N,58,2,35921.84,0,0,0,10407.19,19617.42,1.92
M0133959,N,49,0,8660.16,0,1,0,2315.71,4895.57,0.48
M0133960,N,25,0,26167.93,2,2,0,6919.11,20314.28,1.19
M0133961,N,55,3,6675.5,0,0,0,2094.9,5615.12,0.93
M0133962,N,39,1,14005.03,0,0,0,1662.24,11573.41,0.26
M0133963,N,71,0,15301.37,0,0,0,4139.74,11119.42,2.26
M0133964,N,45,1,3405.68,0,0,0,1797.12,1221.46,0.09
M0133965,N,80,0,3955.59,0,0,0,1657.08,2742.15,0.85
M0133966,N,73,1,7836.48,0,0,0,2589.25,3706.16,1.53
M0133967,N,39,0,10315.81,0,0,2,2303.02,10080.99,1.33
M0133968,N,74,0,4002.04,0,0,0,1147.13,3356.52,1.1
M0133969,N,55,3,7808.36,0,0,0,673.4,7482.98,0.72
M0133970,N,66,1,6745.74,0,1,0,3236.41,3828.23,0.0
M0133971,N,64,0,3809.48,0,0,0,1672.95,2974.21,1.08
M0133972,N,34,1,10338.69,1,0,0,4610.01,6738.42,0.0
M0133973,N,31,1,42186.6,0,2,0,5718.52,27352.01,3.04
M0133974,N,40,2,17142.33,1,2,2,12173.38,17139.3,2.43
M0133975,N,34,1,6614.54,0,0,0,2419.12,3813.09,0.42
M0133976,N,61,0,18582.83,0,1,0,9922.64,5595.4,1.89
M0133977,N,21,2,15209.03,0,0,0,6907.39,6621.62,1.06
M0133978,N,46,3,16162.59,1,0,2,2923.89,12312.03,1.36
M0133979,N,20,0,5759.3,1,0,1,3842.65,6238.71,1.95
M0133980,N,49,0,9381.25,0,0,1,505.62,6940.07,0.5
M0133981,N,30,1,12443.17,0,0,0,4333.25,8324.26,0.0
M0133982,Y,58,4,199964.6,5,4,5,164377.02,103754.49,6.04
M0133983,N,31,1,11459.99,0,0,0,6108.28,3631.95,0.95
M0133984,N,27,3,24951.99,0,2,0,5476.36,20131.44,2.43
M0133985,N,25,1,6281.07,0,1,0,2252.59,7607.09,2.07
M0133986,N,67,2,13216.05,0,1,0,4376.65,17240.85,2.06
M0133987,N,19,2,15429.4,0,0,0,1946.0,16070.14,0.0
M0133988,N,77,0,24593.31,0,0,1,2668.49,24035.15,1.22
M0133989,N,65,2,8722.08,0,0,0,7707.91,4133.22,0.85
M0133990,N,37,1,3311.74,0,1,0,713.75,3440.59,0.2
M0133991,N,32,1,4894.45,1,0,0,1626.66,4963.37,1.09
M0133992,N,51,3,12331.81,0,0,0,766.85,9536.84,0.82
M0133993,N,25,0,8525.05,0,0,0,1751.37,8210.69,0.0
M0133994,Y,82,4,252134.3,3,1,3,105717.87,175765.9,4.8
M0133995,N,21,2,8153.79,0,1,0,2765.3,9840.15,0.63
M0133996,N,61,0,12331.17,0,0,0,2090.08,10017.05,1.15
M0133997,N,43,0,7104.81,0,0,1,2576.65,3743.71,0.07
M0133998,N,40,2,5993.76,0,1,0,1688.72,6339.75,0.59
M0133999,N,26,2,10068.68,0,2,0,4026.99,11138.63,0.78
M0134000,N,22,0,13431.76,0,2,1,3790.2,9096.33,0.37
M0134001,N,35,1,24998.56,0,2,0,14320.23,5669.39,1.02
M0134002,N,55,2,21966.49,0,0,0,11034.9,13917.18,0.96
M0134003,N,21,2,2749.21,0,0,0,1660.28,2022.69,0.71
M0134004,Y,56,3,319316.65,4,2,7,156088.42,137907.73,5.61
M0134005,N,69,0,33057.18,1,0,2,6977.74,19608.37,2.68
M0134006,N,69,0,4973.3,0,0,0,3441.58,3073.5,0.0
M0134007,N,52,2,10799.85,0,1,0,2544.96,6148.33,1.02
M0134008,N,77,0,9710.32,0,0,0,1629.24,6884.43,0.0
M0134009,N,70,1,5160.95,0,2,0,3430.0,3896.24,0.79
M0134010,N,49,0,5445.64,0,0,0,844.52,7579.61,0.0
M0134011,N,66,0,10750.74,0,0,2,4034.97,5781.14,1.14
M0134012,N,43,2,25844.12,1,0,0,2290.33,21499.62,0.02
M0134013,N,21,2,15194.52,0,1,0,2268.43,16508.24,1.95
M0134014,N,49,0,10946.31,1,1,0,4658.19,7720.14,0.77
M0134015,N,33,1,16912.07,0,2,0,859.06,14450.84,1.13
M0134016,N,61,1,9131.35,1,1,0,6797.67,3505.94,1.1
M0134017,N,56,0,20223.33,0,0,1,4820.98,26512.05,1.9
M0134018,N,62,1,7848.92,0,0,0,5767.79,3436.15,1.16
M0134019,N,50,0,4604.66,0,0,0,1099.23,3192.2,0.48
M0134020,N,36,2,9744.83,0,1,0,3620.26,5847.5,0.78
M0134021,N,24,0,12194.39,0,0,0,2505.87,13758.87,1.28
M0134022,N,70,0,13544.24,0,0,0,4994.82,5988.68,1.94
M0134023,N,71,1,5808.59,0,0,0,1635.61,7648.24,0.22
M0134024,N,60,0,28390.88,0,2,1,8425.59,14748.86,1.53
M0134025,N,52,3,82534.26,2,3,2,6537.81,68890.49,2.53
M0134026,N,54,0,4245.28,0,0,1,1768.38,3407.57,1.83
M0134027,N,78,2,14881.32,1,0,0,7971.94,5677.34,1.89
M0134028,N,18,1,6947.82,0,1,0,2361.86,7240.35,0.0
M0134029,N,71,0,13243.3,0,0,1,2513.2,9540.19,1.37
M0134030,N,78,2,3971.69,0,1,0,1002.35,2510.68,0.66
M0134031,N,56,0,8915.02,0,1,2,3597.64,10033.04,1.83
M0134032,N,27,1,14330.13,0,1,0,2121.01,10151.92,0.0
M0134033,N,62,0,7308.36,1,0,0,1515.32,6658.16,2.35
M0134034,N,24,1,10518.63,0,0,0,3786.56,7467.96,0.0
M0134035,N,69,2,16614.77,0,0,0,6261.76,10036.8,2.22
M0134036,N,51,1,11411.78,1,0,0,2895.35,11468.32,1.53
M0134037,N,25,2,10365.6,2,1,0,2055.36,14009.02,2.89
M0134038,N,66,1,20431.44,0,2,0,7152.79,9249.75,1.05
M0134039,N,45,0,8105.29,0,1,0,3817.11,5460.23,2.31
M0134040,N,24,0,22089.46,0,2,0,2005.15,20308.47,2.22
M0134041,N,59,1,11775.04,0,1,0,3158.15,6239.69,0.79
M0134042,N,77,2,22047.98,0,0,0,3173.11,17473.76,1.74
M0134043,N,52,1,9328.76,0,2,1,3916.66,8332.4,2.11
M0134044,Y,58,3,189977.85,4,2,1,62592.3,149847.41,3.54
M0134045,N,56,0,9973.52,1,0,0,2729.66,9454.33,0.0
M0134046,N,51,2,3300.05,0,1,1,1415.13,3466.8,0.34
M0134047,N,57,0,11085.69,0,2,0,1379.83,11290.03,0.05
M0134048,N,55,3,15778.58,2,2,0,8193.75,14895.84,2.5
M0134049,N,71,1,23263.79,0,1,1,7157.35,13755.43,2.28
M0134050,N,59,0,35105.38,0,0,0,2701.97,28613.53,1.32
M0134051,Y,82,5,113198.96,3,2,5,58952.75,68304.01,3.52
M0134052,N,71,0,26968.31,1,0,0,2708.81,23051.78,1.65
M0134053,Y,50,6,224018.21,5,2,4,83203.18,221508.84,4.78
M0134054,N,43,3,13868.45,0,1,1,11103.56,13032.77,2.48
M0134055,N,80,1,4776.09,0,0,0,1013.76,3060.47,0.04
M0134056,N,79,1,8343.29,0,1,0,2325.32,6156.04,0.83
M0134057,N,70,0,6136.7,0,0,0,1033.59,4812.35,0.28
M0134058,N,64,0,7704.94,0,0,1,2123.42,4988.08,1.63
M0134059,N,49,2,11738.82,0,2,0,1552.47,9042.29,1.77
M0134060,N,40,0,2211.12,0,1,0,781.38,2959.01,0.06
M0134061,N,37,1,18270.42,1,2,0,6012.46,12942.38,1.86
M0134062,N,45,1,3487.89,0,0,1,564.25,2451.73,0.13
M0134063,N,62,0,21011.83,0,2,0,2156.72,29719.43,1.92
M0134064,N,40,1,9174.75,0,1,0,1261.89,12035.01,0.51
M0134065,N,47,1,8412.46,0,1,0,4460.44,3407.59,0.51
M0134066,N,25,0,10587.59,1,2,0,2933.51,10913.47,1.54
M0134067,N,59,1,18471.42,0,1,0,4760.74,11174.01,0.0
M0134068,N,46,1,9036.43,0,1,1,2807.82,6633.75,0.38
M0134069,N,50,1,14595.12,0,2,0,3801.42,11609.93,1.85
M0134070,N,56,1,12957.62,0,0,1,2875.06,7437.53,0.93
M0134071,N,47,0,7724.08,0,0,0,2395.42,8164.51,1.04
M0134072,N,75,1,17690.81,0,0,0,3228.57,25698.32,1.9
M0134073,N,49,3,42860.29,0,2,2,4705.32,29345.52,2.48
M0134074,N,22,0,5045.87,0,0,0,3395.03,3862.25,0.0
M0134075,N,45,0,9408.41,1,0,0,1604.31,7242.09,0.14
M0134076,N,56,2,54737.89,1,1,0,4306.71,64719.17,0.31
M0134077,N,19,1,4128.77,0,0,0,705.15,2804.47,0.14
M0134078,N,63,0,13992.64,1,1,1,5970.98,6880.77,1.59
M0134079,N,51,0,8334.47,1,1,0,2913.99,8254.29,2.63
M0134080,N,35,0,8259.25,0,0,1,1961.14,11232.32,1.7
M0134081,N,46,0,2767.06,0,0,0,1934.81,2280.01,0.66
M0134082,N,40,1,4823.43,0,0,0,2027.88,3290.82,0.79
M0134083,N,53,0,6418.77,0,0,0,989.41,4608.15,0.99
M0134084,N,20,0,3716.12,0,0,0,2623.37,4027.13,0.08
M0134085,N,80,1,20116.5,0,0,0,2891.61,14973.93,0.88
M0134086,N,61,2,9638.01,0,0,0,348.48,11565.29,1.74
M0134087,N,51,1,3644.23,0,0,0,987.87,3644.59,1.33
M0134088,N,49,0,7592.49,1,0,0,4856.27,4868.25,0.0
M0134089,N,31,0,4332.54,0,0,0,1041.01,5568.97,1.72
M0134090,N,19,0,12476.93,0,1,0,5551.09,6158.85,1.1
M0134091,N,21,1,20123.93,0,0,0,1798.23,26093.36,1.43
M0134092,N,33,2,21996.18,0,0,0,6421.47,19244.06,1.77
M0134093,N,45,1,5846.58,0,1,0,2212.02,3848.73,0.7
M0134094,N,24,2,10071.5,0,0,0,2008.26,7303.2,0.0
M0134095,N,25,0,15850.55,0,2,1,3289.42,13528.37,0.35
M0134096,N,19,0,9652.11,1,3,0,2056.77,5954.59,0.6
M0134097,N,61,0,44807.92,1,0,1,3649.35,38764.82,2.2
M0134098,N,20,1,7842.79,0,2,1,4178.38,3899.15,2.91
M0134099,N,27,0,7192.17,0,0,0,1857.33,4176.28,0.0
M0134100,N,70,0,22049.05,0,3,0,2389.4,18939.39,0.98
M0134101,N,47,2,16650.71,1,2,1,3342.15,12848.14,1.95
M0134102,N,70,1,20529.57,0,0,0,1245.09,15522.19,1.38
M0134103,N,29,1,5796.05,0,2,0,2293.97,4446.42,0.0
M0134104,N,34,1,20348.0,0,1,0,9745.51,8869.21,0.8
M0134105,N,27,0,22238.93,0,1,1,1399.8,28469.17,0.1
M0134106,Y,60,5,94742.88,1,4,3,44129.91,85706.9,3.84
M0134107,N,51,1,15390.05,0,2,0,5436.88,21353.48,0.3
M0134108,N,68,2,17114.85,2,3,0,3549.58,16847.87,1.03
M0134109,N,43,0,3716.23,0,1,0,682.64,4034.97,0.38
M0134110,N,31,1,8397.56,2,0,0,5520.48,4064.52,1.33
M0134111,N,71,1,6828.13,1,1,0,1142.75,5448.35,0.0
M0134112,N,34,0,8817.16,1,0,0,2846.13,5629.23,0.0
M0134113,N,67,0,3337.5,1,0,0,1296.3,2923.6,1.87
M0134114,N,61,3,33127.74,0,1,0,1327.84,26388.52,0.0
M0134115,N,47,0,21574.22,0,1,0,2718.53,19938.0,0.57
M0134116,N,60,1,22653.88,0,2,0,7099.84,28773.05,1.77
M0134117,N,57,1,6009.42,1,0,0,3954.16,3065.46,0.88
M0134118,N,79,2,20010.41,0,1,1,8206.13,27897.57,2.39
M0134119,N,50,0,7966.63,0,1,0,5367.79,6432.07,0.0
M0134120,Y,67,3,165784.02,3,5,4,84027.69,114685.86,4.19
M0134121,N,49,0,10447.78,0,0,0,1590.43,12464.56,0.94
M0134122,N,74,0,14294.37,0,0,0,5833.71,13419.05,0.0
M0134123,N,73,2,8714.59,0,1,0,1332.42,12058.79,0.91
M0134124,N,38,0,16850.36,0,0,0,3429.79,10028.1,1.21
M0134125,Y,46,4,165646.68,3,4,2,46329.24,103803.83,4.71
M0134126,N,21,0,9585.64,0,1,0,3058.1,7970.88,1.15
M0134127,N,38,1,8078.47,0,1,1,2411.43,11038.88,0.0
M0134128,N,55,1,17103.88,0,2,0,7967.57,5424.94,1.04
M0134129,N,43,0,18925.2,0,0,0,2602.55,12811.02,1.66
M0134130,Y,65,6,158211.26,3,5,4,63508.34,76957.29,6.2
M0134131,N,63,0,10583.46,0,0,1,1241.81,10011.04,1.91
M0134132,N,57,2,12583.88,0,0,0,5636.86,7256.71,0.83
M0134133,N,50,0,7037.86,1,0,0,2432.59,6333.24,0.56
M0134134,N,40,0,2573.46,0,0,0,1361.75,2292.21,0.0
M0134135,N,19,1,12167.04,0,0,0,3150.52,7925.55,2.19
M0134136,N,45,3,17251.66,0,1,2,2644.47,26209.06,0.84
M0134137,N,60,2,27079.48,0,2,0,13533.69,11228.28,2.74
M0134138,N,21,2,13520.52,0,1,0,2915.82,8920.61,0.45
M0134139,N,44,2,38784.01,0,1,0,6524.53,26484.09,1.69
M0134140,N,47,1,4304.29,0,0,1,891.55,4467.9,1.02
M0134141,N,24,3,31628.66,1,0,0,10878.75,22643.52,0.74
M0134142,N,32,1,3942.02,0,1,0,1440.62,4013.14,0.0
M0134143,N,35,1,11029.5,0,1,0,3097.21,6429.45,0.0
M0134144,N,26,0,6019.25,0,1,0,579.18,4815.26,0.42
M0134145,N,58,2,7403.52,0,0,0,1974.45,4130.82,0.19
M0134146,N,79,0,5771.17,0,1,2,1257.54,8400.09,0.78
M0134147,N,21,1,20029.81,0,0,0,10958.4,8073.33,0.56
M0134148,N,64,0,15858.73,1,0,0,3986.37,9426.03,1.4
M0134149,N,77,0,12937.31,1,0,1,3945.25,12125.44,1.82
M0134150,N,64,1,19689.19,1,0,0,1326.23,32767.26,1.43
M0134151,N,71,1,9387.82,1,1,0,5506.83,8263.37,0.47
M0134152,N,39,0,34788.05,0,1,0,2968.38,25115.2,1.29
M0134153,N,59,2,23541.56,0,1,1,2411.15,16496.64,1.27
M0134154,N,62,2,15679.45,1,1,0,2464.36,17002.13,0.99
M0134155,Y,60,4,335360.87,5,5,4,53393.65,227422.77,4.48
M0134156,N,63,2,6325.41,0,0,0,1322.72,4464.68,0.33
M0134157,N,55,1,24351.02,0,1,1,2767.33,26372.3,0.49
M0134158,N,79,1,4261.86,0,1,0,3112.74,3290.97,0.21
M0134159,N,31,0,5132.49,0,1,0,1741.37,4154.12,0.42
M0134160,N,61,0,27055.41,0,1,3,1838.97,36035.49,1.2
M0134161,N,66,0,5905.19,0,0,0,1312.32,9377.67,0.0
M0134162,N,20,0,10508.67,0,1,0,2955.02,5614.03,0.92
M0134163,N,31,1,34769.54,1,2,1,9207.62,27632.12,0.1
M0134164,N,65,0,6219.84,0,0,2,2068.8,4142.93,0.89
M0134165,N,22,0,9802.74,1,0,0,4542.93,3941.95,1.14
M0134166,N,25,2,11722.63,0,0,0,3226.51,14852.62,0.11
M0134167,N,41,1,8688.87,0,0,0,1922.31,7790.86,1.65
M0134168,N,52,2,5017.14,1,0,1,1484.77,3068.85,0.44
M0134169,N,55,2,6635.92,0,1,1,3647.86,8137.06,0.12
M0134170,N,68,1,3755.88,0,0,0,2477.78,3177.03,1.37
M0134171,N,72,0,18068.43,0,0,0,2040.0,14908.09,0.32
M0134172,N,32,1,40850.33,0,2,1,2940.3,30421.51,1.6
M0134173,N,65,2,3700.6,0,1,0,513.19,4014.68,0.0
M0134174,N,51,1,7061.48,0,1,0,3988.79,4279.24,1.41
M0134175,N,77,0,6921.03,1,0,0,5030.77,3657.26,0.79
M0134176,N,33,2,6962.16,0,0,0,1789.89,8528.05,0.91
M0134177,N,51,0,9950.36,0,3,0,5574.09,8932.61,0.22
M0134178,N,40,3,12224.07,1,0,0,11505.67,3390.24,1.38
M0134179,N,48,0,4046.08,0,1,1,977.2,3877.04,0.62
M0134180,N,75,1,41659.34,0,2,0,2924.75,30742.52,1.02
M0134181,Y,46,4,215959.7,2,1,6,62134.22,131578.91,5.89
M0134182,N,52,3,43363.08,0,1,1,13110.07,50384.6,3.39
M0134183,N,35,0,42370.13,0,2,0,1560.89,31786.43,1.1
M0134184,N,40,2,17123.23,0,3,0,4462.56,16910.92,1.67
M0134185,N,78,2,8021.96,0,1,0,2459.3,9217.5,1.28
M0134186,N,52,1,14328.77,1,0,0,2966.04,11701.71,1.9
M0134187,N,33,2,28579.08,0,0,0,6437.53,23686.93,2.48
M0134188,N,61,3,41331.77,1,2,1,6280.9,30598.4,2.09
M0134189,N,47,0,21916.45,0,0,1,3832.92,13787.23,1.94
M0134190,N,42,3,16400.98,0,1,0,4583.98,13508.07,1.26
M0134191,N,80,0,9449.42,1,2,0,2526.76,11661.92,1.25
M0134192,N,21,0,10665.58,0,0,0,3678.59,5504.58,1.7
M0134193,N,78,2,20973.85,0,1,0,6761.37,11024.74,1.08
M0134194,N,74,2,3845.31,0,1,0,365.89,3977.82,0.0
M0134195,N,68,1,2263.69,0,1,0,1492.41,2092.29,1.59
M0134196,N,44,1,16638.09,0,1,0,9637.7,6024.66,3.42
M0134197,N,53,0,5236.36,0,1,0,3595.56,3345.06,1.06
M0134198,N,32,0,12230.17,0,0,0,572.91,10055.34,1.14
M0134199,N,24,1,8564.89,1,1,0,3589.23,3911.63,0.0
M0134200,N,20,1,11608.01,1,3,0,1088.94,9410.79,1.75
M0134201,N,50,1,4988.05,0,1,0,3106.08,5557.73,1.06
M0134202,N,26,1,5900.59,1,0,0,1509.33,6936.69,1.43
M0134203,N,75,1,9113.64,0,1,1,6254.99,2634.94,2.09
M0134204,N,35,1,18263.7,0,0,0,3971.99,15905.69,0.94
M0134205,N,37,2,2043.66,0,2,0,1038.91,2569.75,1.25
M0134206,N,30,1,10059.29,0,1,1,2901.43,7332.05,0.0
M0134207,N,45,0,3475.22,0,0,0,1746.62,3250.5,0.0
M0134208,N,67,0,5616.94,1,2,0,1245.38,3777.78,0.82
M0134209,N,64,2,13164.18,1,1,1,3495.25,10805.19,1.46
M0134210,N,51,1,13556.84,1,0,2,5758.92,16725.66,0.74
M0134211,N,62,1,15442.24,0,0,0,2613.02,9789.4,0.95
M0134212,N,25,1,2216.5,0,0,0,1330.37,1923.76,1.52
M0134213,N,46,0,18805.17,0,0,1,2698.65,14941.84,1.18
M0134214,Y,46,2,132524.83,3,5,3,71697.21,94267.41,5.81
M0134215,N,72,3,21482.22,0,2,1,11608.34,7749.83,2.26
M0134216,N,63,0,11647.86,0,0,0,1989.58,10850.24,1.38
M0134217,N,44,2,5495.12,1,0,0,475.24,7057.89,0.0
M0134218,N,61,1,6500.03,0,0,0,2675.67,6935.31,1.13
M0134219,N,38,0,9253.97,0,1,0,3600.58,6703.2,0.0
M0134220,N,52,0,5267.83,0,3,0,1638.21,6700.61,1.63
M0134221,N,25,0,9385.2,1,0,0,3342.63,5409.41,0.89
M0134222,N,64,2,22635.17,0,2,0,10147.82,9067.47,0.8
M0134223,N,47,2,10726.56,0,1,1,5881.12,5786.65,0.21
M0134224,N,57,0,5606.93,1,1,0,2190.16,4497.91,2.28
M0134225,N,66,1,4852.33,1,0,0,3786.96,1653.86,1.41
M0134226,N,31,2,16709.94,0,2,2,17475.23,10730.53,2.77
M0134227,N,33,1,5946.44,0,1,0,3610.45,5235.41,0.0
M0134228,N,57,1,7074.71,1,2,0,2207.81,4524.53,0.34
M0134229,N,74,3,4907.89,0,2,0,2533.26,2336.19,0.92
M0134230,N,67,3,18721.14,0,0,0,3227.11,12788.7,0.66
M0134231,N,67,0,19375.99,1,0,0,3883.28,20987.26,2.36
M0134232,Y,78,7,182453.09,5,5,5,134433.3,99313.9,7.4
M0134233,N,20,2,7873.87,0,1,0,2001.86,7136.66,0.0
M0134234,N,65,2,8046.54,0,0,1,2895.82,9920.16,0.0
M0134235,N,63,2,5401.74,0,0,0,2208.54,4750.84,2.62
M0134236,N,45,1,4325.51,0,0,0,924.03,4666.44,0.0
M0134237,N,63,4,22441.19,0,2,0,8433.94,9114.41,2.57
M0134238,N,36,1,17838.5,0,1,1,4308.34,17089.88,0.46
M0134239,N,38,0,9287.56,0,0,0,1797.92,8565.59,0.3
M0134240,N,57,0,7223.95,0,0,0,1827.08,4388.88,0.0
M0134241,N,27,1,3602.78,0,0,1,666.93,4756.04,0.0
M0134242,N,64,0,11460.08,0,0,0,540.92,9671.76,0.0
M0134243,N,27,1,6431.03,1,0,0,2090.0,3839.38,0.03
M0134244,N,72,2,15911.83,0,1,0,2569.8,11428.25,2.05
M0134245,N,21,1,13393.71,0,1,0,3592.96,18664.63,0.0
M0134246,N,28,1,13321.0,0,0,0,1688.5,11198.98,1.29
M0134247,N,39,0,10805.11,2,0,0,1555.72,8216.84,0.0
M0134248,N,53,1,5713.28,0,1,0,1326.21,5692.2,0.0
M0134249,N,66,0,18456.98,0,0,0,969.65,16540.93,0.0
M0134250,N,22,2,6725.43,0,1,0,340.2,6817.37,0.5
M0134251,N,69,1,19749.3,0,2,0,3065.3,18011.61,1.51
M0134252,N,74,1,6205.25,1,0,0,1397.79,4642.93,0.0
M0134253,N,23,0,10010.34,0,0,0,4163.12,8875.39,0.0
M0134254,N,49,3,15442.05,0,0,1,12073.42,6444.18,1.81
M0134255,N,55,0,4380.63,0,0,0,1331.25,2448.64,0.0
M0134256,N,76,1,33499.77,0,0,0,8834.78,20548.87,0.13
M0134257,N,35,0,4132.58,0,0,0,1322.48,4814.94,1.22
M0134258,N,33,0,8046.83,0,3,0,7134.46,6057.97,1.21
M0134259,N,26,1,8401.52,0,1,1,2306.83,4864.7,1.07
M0134260,N,70,0,4371.82,0,1,0,1969.81,4558.42,0.28
M0134261,N,33,0,3329.3,1,0,1,1758.65,3027.77,0.04
M0134262,Y,69,7,433463.93,2,6,4,58750.71,345255.47,6.15
M0134263,N,29,0,5887.12,0,0,0,1990.13,5234.91,1.4
M0134264,N,43,0,10760.67,0,1,0,526.19,8605.97,1.6
M0134265,N,28,1,12030.15,0,0,0,5696.7,7677.86,1.39
M0134266,N,21,0,11579.94,0,0,0,2321.36,13112.53,1.4
M0134267,Y,44,6,343244.75,4,4,6,109418.77,209164.13,6.37
M0134268,N,28,0,8794.01,0,0,0,5892.6,2376.26,1.04
M0134269,N,21,1,2712.38,0,2,0,1846.19,2660.12,0.3
M0134270,N,73,2,10365.21,0,1,0,767.97,15148.96,0.65
M0134271,N,26,2,8121.21,0,1,0,2326.92,9071.36,1.86
M0134272,Y,46,6,169753.8,3,5,4,41191.5,124182.41,5.17
M0134273,N,68,2,17664.41,0,0,0,4613.24,10565.49,1.81
M0134274,N,27,0,6004.6,0,1,0,3786.2,3548.98,1.41
M0134275,N,41,1,16829.21,0,1,1,3496.3,10418.32,2.47
M0134276,N,19,0,14586.87,0,1,0,9691.82,14086.05,1.12
M0134277,N,42,1,7780.07,0,1,1,1436.78,11121.32,1.2
M0134278,N,46,1,6496.04,1,0,0,3988.86,3945.14,0.0
M0134279,N,60,0,10162.31,0,1,0,1912.33,7068.5,0.99
M0134280,N,59,2,7122.42,0,1,1,1465.3,5849.32,1.78
M0134281,N,43,0,19003.64,0,1,0,7107.49,9515.39,2.17
M0134282,N,68,0,4808.03,1,0,0,1090.51,6607.73,0.0
M0134283,N,72,3,15800.65,1,0,1,1737.61,15838.39,0.0
M0134284,N,26,2,8770.98,0,1,1,4577.63,9465.18,2.03
M0134285,N,26,0,11312.64,0,2,0,1350.19,9671.7,0.0
M0134286,N,35,2,6710.49,0,0,0,1986.91,7817.39,0.89
M0134287,N,23,1,4081.64,0,2,0,571.38,3338.76,0.85
M0134288,N,42,2,6172.83,0,0,1,3179.98,7566.03,0.38
M0134289,N,28,1,19659.14,0,0,0,7260.17,13691.14,1.4
M0134290,Y,61,4,441141.72,4,4,5,175180.68,224410.94,5.98
M0134291,N,60,1,24236.7,0,1,0,4231.38,24347.89,1.89
M0134292,N,63,1,19662.01,1,2,1,1291.76,14704.4,1.51
M0134293,N,75,0,10716.32,0,0,0,1541.87,14349.59,1.74
M0134294,N,50,1,15443.01,0,0,0,3629.04,14870.34,0.0
M0134295,N,19,1,7338.76,0,0,0,1681.25,6092.89,0.0
M0134296,N,76,1,2906.02,0,1,0,1761.65,2239.13,0.55
M0134297,N,58,0,23398.06,0,0,1,12321.12,8976.7,1.37
M0134298,N,23,1,23906.92,0,0,0,16228.42,13236.61,1.03
M0134299,N,57,1,10125.08,1,0,1,3870.22,6744.58,2.5
M0134300,N,32,1,14816.8,2,1,0,1089.14,11635.11,0.99
M0134301,N,36,1,6693.27,0,1,0,1293.52,9157.49,0.89
M0134302,N,71,3,25434.38,0,2,0,10613.93,9269.84,1.21
M0134303,N,60,2,14058.41,0,0,0,1083.99,13131.33,0.55
M0134304,N,37,2,7228.42,1,0,0,1032.58,5042.75,0.7
M0134305,N,55,0,18866.37,1,1,0,4809.18,11889.6,1.46
M0134306,N,76,0,26741.29,1,0,2,4038.01,19187.9,3.03
M0134307,N,54,2,22862.03,1,0,0,4590.76,23200.45,1.69
M0134308,N,71,1,2560.88,0,1,0,897.12,2584.31,1.3
M0134309,N,80,1,6997.17,0,0,0,2005.29,4313.13,0.0
M0134310,N,52,1,15698.77,0,1,0,12468.11,5410.76,0.64
M0134311,N,56,0,8920.64,0,0,1,4108.54,8567.35,0.07
M0134312,N,53,3,16626.69,0,0,0,1078.02,12754.55,2.64
M0134313,N,37,0,12361.53,1,1,0,2700.55,15336.92,1.51
M0134314,N,37,0,4331.65,0,0,0,1165.5,4943.64,0.69
M0134315,N,26,0,7894.33,0,0,0,324.34,6357.57,0.0
M0134316,N,39,0,17275.56,0,0,1,3950.81,13841.74,1.9
M0134317,N,63,1,10447.08,0,0,0,2171.1,6295.35,0.38
M0134318,N,65,1,24673.73,0,1,0,22793.39,3488.45,1.21
M0134319,N,61,1,13742.73,0,2,0,651.3,16317.09,0.55
M0134320,N,46,0,13833.02,0,2,0,3812.27,9157.34,2.83
M0134321,N,19,1,17400.09,1,0,0,3742.36,12487.83,1.7
M0134322,N,79,0,5496.05,0,0,0,656.03,7307.24,0.0
M0134323,N,63,0,12836.98,0,0,1,9621.86,3657.45,0.84
M0134324,N,49,1,9339.05,0,1,0,9614.59,4737.06,1.97
M0134325,N,52,0,12462.22,1,3,0,4423.84,15630.97,1.93
M0134326,N,54,1,14936.02,1,0,0,1061.22,15995.72,1.73
M0134327,N,46,2,4989.82,0,1,1,2260.46,3367.8,0.32
M0134328,N,43,2,11411.93,0,0,0,479.36,10956.18,0.89
M0134329,N,62,0,2314.93,0,0,0,1440.94,2512.66,0.91
M0134330,N,57,2,14843.74,0,0,0,2462.23,11744.95,0.0
M0134331,N,31,0,4352.75,0,0,0,1229.92,4330.59,0.0
M0134332,N,77,3,15430.43,1,0,0,4830.41,7319.41,0.0
M0134333,N,55,2,13966.89,0,0,0,3346.23,10891.86,1.11
M0134334,Y,45,3,404019.19,4,3,5,99981.42,300464.33,6.42
M0134335,N,77,0,23308.66,1,0,0,3413.72,15815.75,1.44
M0134336,N,19,3,20619.07,0,2,0,10493.9,11707.38,1.37
M0134337,N,44,0,5360.02,0,0,1,1569.57,4193.49,1.61
M0134338,N,51,2,9716.02,0,0,0,4665.23,4588.71,0.0
M0134339,N,68,2,4407.32,0,0,0,1132.51,4402.76,1.69
M0134340,N,51,1,15051.48,1,0,0,4436.76,10170.87,2.0
M0134341,N,28,1,3844.15,0,0,0,890.11,3287.26,0.33
M0134342,Y,67,5,391979.76,5,7,3,242434.81,136915.37,3.93
M0134343,Y,52,6,241844.78,3,7,4,55771.81,192612.79,5.08
M0134344,N,70,1,8401.76,1,0,0,934.2,14332.48,1.36
M0134345,N,68,2,5221.25,1,0,0,2661.37,5159.75,1.62
M0134346,N,27,1,15924.24,0,0,0,1125.94,20436.89,0.61
M0134347,N,67,1,14331.35,0,0,0,2174.2,11143.13,1.79
M0134348,N,46,2,11286.79,0,1,0,1989.32,7533.03,0.51
M0134349,N,31,0,13921.12,0,0,0,9854.22,10627.82,0.29
M0134350,N,70,3,13531.22,0,1,0,3465.47,14712.12,0.7
M0134351,N,42,0,24506.97,0,1,2,2097.9,18046.75,1.9
M0134352,N,78,0,5043.89,1,0,0,1620.2,6113.29,0.82
M0134353,N,49,0,4166.93,0,0,1,1326.46,5294.87,1.29
M0134354,N,21,0,2080.5,0,0,1,713.73,1995.11,0.82
M0134355,N,27,2,10861.2,0,2,0,7608.8,8949.42,0.91
M0134356,N,41,1,18906.01,1,1,0,2137.3,13068.27,1.67
M0134357,N,77,1,2541.31,0,0,1,1160.2,2809.7,1.4
M0134358,N,20,1,30813.82,0,1,0,12934.87,18233.57,1.53
M0134359,N,70,2,4743.68,0,1,0,712.96,4414.81,0.59
M0134360,N,58,1,10845.29,0,2,1,8227.52,11467.61,1.48
M0134361,N,80,2,21833.04,1,0,2,10009.6,19234.79,1.65
M0134362,N,32,2,11385.75,1,1,0,5050.14,7839.54,1.67
M0134363,N,25,0,9482.06,0,0,0,3438.04,4999.1,1.11
M0134364,N,28,0,14826.66,0,2,0,2130.11,9538.67,0.78
M0134365,N,74,0,6833.3,0,0,0,2322.17,3454.88,0.48
M0134366,N,24,1,4867.66,0,0,1,1317.83,6999.05,1.12
M0134367,N,79,1,9848.92,1,1,2,2816.04,7853.83,1.22
M0134368,N,71,1,3413.95,0,1,0,332.44,3336.36,1.88
M0134369,N,46,1,15785.76,0,0,0,7815.64,10835.88,1.65
M0134370,N,74,2,16937.95,0,0,0,3692.56,17649.39,1.97
M0134371,N,61,1,7610.04,0,1,1,393.33,6618.46,0.0
M0134372,N,71,0,14824.35,0,2,0,5306.76,8334.11,0.62
M0134373,N,38,2,19198.84,0,0,0,1351.65,16778.71,2.43
M0134374,N,37,1,30477.19,1,1,1,4664.65,21463.48,2.11
M0134375,N,80,1,6696.33,1,0,0,3607.16,2698.51,0.78
M0134376,N,27,0,8375.28,0,1,0,5239.48,6508.67,1.66
M0134377,N,56,0,4052.37,0,0,0,2038.73,2648.72,0.37
M0134378,N,48,0,9003.97,1,0,0,1282.69,6208.94,1.99
M0134379,N,27,0,3810.39,0,0,0,1674.43,4295.73,1.08
M0134380,N,48,1,19443.41,1,2,2,7310.48,25910.56,0.29
M0134381,Y,81,4,216615.41,1,1,4,116694.44,108097.62,6.37
M0134382,N,40,1,43207.17,0,3,2,11928.87,38118.58,2.17
M0134383,N,75,0,9588.92,0,1,1,4135.51,6922.14,1.97
M0134384,N,35,2,3713.53,0,1,0,1806.55,4583.61,0.0
M0134385,N,54,0,5916.41,0,1,0,2052.9,3175.85,0.24
M0134386,Y,52,4,164421.24,4,3,2,62888.51,111285.97,2.74
M0134387,N,70,2,6691.96,2,0,0,2406.15,2935.49,1.23
M0134388,N,57,2,22958.02,0,1,0,2506.48,24637.85,2.05
M0134389,N,69,1,11246.34,0,0,0,726.5,9463.51,0.79
M0134390,N,28,0,12109.32,0,2,0,3908.17,7477.54,0.47
M0134391,N,28,1,13526.52,1,2,0,2803.12,21646.67,0.73
M0134392,N,57,1,27842.9,1,1,1,735.0,24192.01,0.0
M0134393,N,35,0,2698.3,0,0,0,1204.5,3034.75,2.66
M0134394,N,49,1,18599.32,0,2,0,5354.48,13833.51,2.01
M0134395,N,58,0,9042.21,0,1,1,3883.32,11865.14,0.91
M0134396,N,57,0,24263.5,1,1,1,3446.94,17454.67,1.04
M0134397,N,21,1,11239.8,0,1,1,1019.46,9198.94,0.96
M0134398,N,73,2,6891.89,0,0,0,2666.08,5262.71,0.53
M0134399,N,66,1,4344.72,0,0,0,1092.85,3688.09,0.65
M0134400,N,44,0,6446.24,0,0,1,1238.67,6119.23,0.0
M0134401,N,69,0,9073.59,0,1,0,4616.71,10772.19,0.05
M0134402,N,50,0,5435.09,0,1,1,1186.17,3244.13,1.26
M0134403,N,39,1,6074.16,0,1,0,1060.93,3793.33,0.0
M0134404,N,80,1,14902.55,0,1,0,5111.39,14005.18,1.53
M0134405,N,54,0,9196.74,1,0,1,3325.71,8782.03,0.0
M0134406,Y,78,5,74726.29,1,1,5,44350.34,54104.53,3.77
M0134407,N,72,0,3050.86,0,2,0,908.46,2212.45,0.27
M0134408,N,43,0,13079.49,0,1,1,5209.9,6582.1,2.57
M0134409,N,31,1,11254.99,0,0,0,2322.23,13055.65,1.49
M0134410,N,67,1,8068.23,0,0,0,2032.48,9274.31,2.22
M0134411,N,72,2,20096.22,1,1,0,2327.15,13774.56,0.85
M0134412,N,52,1,10323.06,1,0,0,2577.43,12655.05,0.0
M0134413,N,34,0,4104.23,0,0,0,1256.32,2160.92,1.82
M0134414,N,38,0,21519.04,0,0,0,1522.12,30367.57,0.38
M0134415,N,67,1,8478.83,2,1,1,1604.32,6753.75,0.16
M0134416,N,33,1,3487.28,0,0,1,1080.88,3834.31,0.84
M0134417,N,29,1,5665.85,0,0,0,3147.29,5101.98,1.59
M0134418,N,39,1,11327.85,0,1,1,1324.35,13954.97,2.17
M0134419,N,47,2,14895.04,0,0,0,6166.19,13961.63,1.85
M0134420,N,63,0,6113.17,0,0,0,2550.17,3862.26,0.61
M0134421,N,37,2,14857.7,0,0,0,14791.8,9143.06,1.98
M0134422,N,36,1,10344.88,0,1,0,2522.61,7119.75,0.33
M0134423,N,29,0,5818.61,0,0,0,1029.15,5141.65,1.89
M0134424,N,48,0,6691.66,1,0,0,1006.67,5279.01,0.85
M0134425,N,53,3,7187.74,0,0,0,2823.34,7629.1,0.0
M0134426,N,65,0,17734.16,1,1,0,5682.48,18360.64,1.9
M0134427,N,30,0,8432.36,0,0,0,1786.86,6625.07,0.79
M0134428,N,26,0,5859.4,0,1,0,2859.88,3350.32,1.47
M0134429,N,29,1,28123.38,1,0,0,8806.92,14348.12,0.85
M0134430,N,28,1,18640.35,0,3,0,1491.68,14952.17,1.97
M0134431,N,52,3,18707.37,0,0,0,2241.14,20356.22,1.77
M0134432,N,48,1,8682.34,1,1,1,6849.76,8712.37,1.64
M0134433,Y,81,5,210603.52,1,3,3,51704.38,133067.48,3.2
M0134434,N,26,0,9704.61,1,1,0,1913.61,7266.41,0.62
M0134435,N,80,0,16126.26,1,1,0,4355.24,21149.16,1.53
M0134436,Y,86,7,352611.22,3,5,3,96407.45,222146.25,7.8
M0134437,N,37,0,5469.31,0,0,1,1825.62,4833.28,0.0
M0134438,N,34,0,5051.53,0,0,0,2187.98,2043.29,0.78
M0134439,N,27,2,8942.49,0,0,0,1863.76,6168.43,1.2
M0134440,N,78,0,21458.49,0,2,0,2854.6,16730.14,0.77
M0134441,N,64,0,5495.36,0,2,0,1894.2,4072.3,0.0
M0134442,N,62,1,1511.13,0,0,1,327.84,2027.82,0.0
M0134443,N,59,2,17031.29,0,0,0,3253.28,24216.58,0.86
M0134444,N,46,0,5683.49,0,1,0,3136.14,2526.0,0.0
M0134445,N,44,1,5258.17,1,0,0,1341.22,3189.59,1.76
M0134446,N,20,1,2717.06,0,0,0,1073.52,2114.44,0.29
M0134447,N,48,2,14250.6,0,1,0,8547.39,14093.95,0.57
M0134448,N,43,0,18373.21,0,0,0,4633.99,11962.5,0.81
M0134449,N,39,0,11247.33,0,0,0,1761.66,8000.3,0.85
M0134450,N,61,1,3522.5,1,0,0,754.01,4508.69,0.45
M0134451,N,26,2,11070.15,0,2,1,5958.97,4685.58,0.97
M0134452,N,70,2,8247.74,0,1,1,1829.64,9524.93,0.59
M0134453,N,21,0,39219.73,1,2,0,3324.04,42953.22,0.45
M0134454,N,68,1,19889.97,0,0,0,2037.85,15426.07,0.0
M0134455,N,28,1,7956.7,0,0,0,2863.38,6248.39,0.7
M0134456,N,67,3,7435.77,0,1,0,3065.93,3501.84,1.91
M0134457,N,30,1,13881.61,0,3,0,4144.7,11153.6,0.62
M0134458,N,68,2,9914.02,0,1,1,2672.95,13599.55,2.04
M0134459,N,21,1,9859.65,1,0,0,1964.03,10751.04,0.85
M0134460,Y,56,4,348666.67,5,5,7,202229.07,219477.92,5.05
M0134461,N,78,0,6956.88,0,3,0,1351.3,5424.08,1.85
M0134462,N,74,2,17338.36,0,2,0,2804.26,10986.8,0.52
M0134463,N,71,0,1952.09,0,0,0,1089.66,1895.06,0.07
M0134464,N,69,0,17651.1,0,0,0,1404.12,12964.07,0.65
M0134465,N,70,0,8228.51,0,0,0,2889.14,4357.73,0.0
M0134466,N,48,2,10797.08,0,1,0,3089.16,7348.43,1.38
M0134467,N,24,0,15863.76,1,2,1,4289.98,13249.4,0.85
M0134468,N,37,0,6431.09,0,0,0,3146.33,3394.09,0.64
M0134469,N,46,2,12193.15,0,0,0,3694.66,18423.98,2.52
M0134470,N,49,0,2114.49,0,0,0,1027.7,2755.78,0.59
M0134471,N,66,0,3037.07,0,1,0,769.18,2861.04,0.97
M0134472,N,71,1,11543.58,0,0,0,1450.98,9716.07,1.6
M0134473,N,41,1,10423.51,0,0,0,5064.25,4327.95,0.0
M0134474,N,80,2,7913.65,0,0,0,2445.53,5597.6,0.0
M0134475,N,45,1,16865.17,0,1,0,2537.25,11029.56,2.05
M0134476,N,47,0,14303.72,1,1,2,5815.43,12681.06,0.0
M0134477,N,56,1,6781.12,0,0,0,3410.09,5239.13,1.96
M0134478,N,54,1,22521.09,0,1,0,2706.63,18908.46,1.73
M0134479,N,61,1,5301.23,0,1,0,2237.28,6064.12,1.48
M0134480,N,55,1,9956.49,0,1,0,4778.32,6834.56,1.75
M0134481,N,65,1,10183.73,0,1,0,2913.69,5860.35,2.88
M0134482,N,75,0,4117.29,0,1,0,906.68,5257.11,0.33
M0134483,N,18,4,6291.72,0,1,1,2280.07,5528.62,1.55
M0134484,N,65,0,19547.95,0,1,0,867.18,20743.87,1.59
M0134485,N,61,0,9837.23,0,1,0,1909.28,8884.56,0.0
M0134486,N,56,1,12493.05,0,2,1,1857.37,8373.09,1.3
M0134487,Y,53,5,237736.48,4,5,7,183900.58,118698.86,4.89
M0134488,N,35,0,10785.54,0,1,0,2132.9,10193.0,0.89
M0134489,N,48,1,12236.67,0,1,0,1985.13,8453.32,0.65
M0134490,N,78,2,11796.37,0,2,0,4441.79,6738.56,2.26
M0134491,N,78,0,17621.63,0,0,0,9811.97,9451.74,1.27
M0134492,N,55,2,16346.62,0,0,1,1537.62,13074.22,2.54
M0134493,N,23,3,35006.16,0,0,0,12459.38,44952.31,2.82
M0134494,Y,52,6,258070.83,2,3,4,91514.73,186206.11,5.48
M0134495,N,39,0,42300.03,1,1,0,2858.44,42450.53,1.47
M0134496,N,68,2,4923.42,0,1,0,4969.45,2495.1,3.05
M0134497,N,35,0,10964.83,0,2,0,595.15,9247.94,0.75
M0134498,N,21,2,23981.6,0,1,0,8982.54,29701.97,1.11
M0134499,N,25,0,11629.52,1,0,0,2298.95,7964.62,0.0
M0134500,N,22,0,23481.85,1,0,1,6033.74,19174.32,2.1
M0134501,N,62,2,15724.55,0,0,1,2418.98,14613.21,2.7
M0134502,N,64,1,5395.18,0,1,0,1741.43,2668.84,0.83
M0134503,Y,80,4,199245.95,3,5,4,125608.15,127499.32,4.61
M0134504,N,36,1,9385.31,0,0,1,3202.09,5917.43,1.37
M0134505,N,58,1,13009.97,0,0,0,950.03,16402.3,0.0
M0134506,N,49,0,3991.64,0,0,0,1552.53,1963.71,0.51
M0134507,N,34,0,8302.93,0,0,0,1617.55,4906.4,1.13
M0134508,N,52,0,3038.82,1,0,0,455.84,3301.98,1.54
M0134509,N,59,0,7360.41,0,2,0,2454.01,8321.59,0.93
M0134510,N,43,1,13045.54,0,1,0,3308.1,11405.28,1.49
M0134511,N,32,2,8988.26,1,3,0,3900.74,9218.9,3.17
M0134512,N,52,2,10681.15,0,0,1,1340.95,16725.0,0.0
M0134513,N,76,1,3865.94,0,0,0,1256.36,5540.51,0.72
M0134514,N,53,2,33068.45,0,0,0,11375.96,16888.61,1.66
M0134515,N,55,0,7010.0,0,1,1,489.32,5687.09,0.57
M0134516,N,40,3,32252.74,0,1,0,2491.09,25175.05,2.2
M0134517,N,53,1,22279.0,0,2,0,12950.72,4642.86,3.9
M0134518,N,67,1,6144.34,0,0,0,1964.46,5166.94,1.64
M0134519,N,34,2,6003.2,0,0,0,540.44,7388.6,0.0
M0134520,N,64,1,18878.08,0,0,1,1176.0,13715.98,0.59
M0134521,N,55,0,27101.87,0,1,0,3367.78,17825.13,0.89
M0134522,N,48,1,18097.36,1,0,1,3413.14,16356.61,1.74
M0134523,N,31,1,35638.21,0,2,0,3545.02,27053.97,2.51
M0134524,N,76,2,8070.35,0,2,2,3244.89,10047.33,1.08
M0134525,N,41,2,2284.65,0,0,0,449.36,2419.74,0.0
M0134526,N,41,1,6262.86,0,0,0,1601.89,7164.27,0.47
M0134527,N,59,0,31434.31,0,1,0,2072.92,26396.17,0.96
M0134528,N,53,0,7623.95,0,0,1,4681.99,7704.87,0.29
M0134529,N,38,1,9477.15,0,1,1,5063.23,8320.3,0.82
M0134530,N,40,0,6504.06,0,0,0,1780.41,5337.61,0.49
M0134531,N,67,0,6737.55,0,1,0,1296.92,5118.39,0.49
M0134532,N,55,1,27534.82,0,3,1,4505.05,28837.56,0.68
M0134533,N,49,0,9966.21,0,0,0,4225.46,6515.2,0.6
M0134534,N,68,1,9758.81,1,1,0,6587.51,8376.06,2.02
M0134535,N,32,1,5026.99,0,0,0,3010.86,3489.86,1.6
M0134536,N,35,1,5077.94,0,0,0,1758.08,3922.62,0.67
M0134537,N,29,1,8717.92,0,0,0,992.02,6481.75,1.15
M0134538,Y,72,4,280881.65,2,4,2,111845.08,263468.81,2.39
M0134539,N,65,0,27475.31,2,0,0,3860.54,18068.43,0.53
M0134540,N,65,0,3298.6,0,0,0,2262.08,1474.65,0.55
M0134541,N,29,0,20997.64,0,2,1,6971.76,17689.72,1.85
M0134542,N,32,2,27408.99,0,0,0,1339.23,20864.46,0.76
M0134543,Y,42,7,234394.36,1,5,3,152655.26,140556.39,4.33
M0134544,N,39,1,10939.72,0,1,1,6724.77,5842.05,0.76
M0134545,N,78,2,19477.78,0,2,0,5229.03,27895.19,1.95
M0134546,N,36,0,29883.59,0,1,1,5953.7,19313.33,0.9
M0134547,N,48,3,25914.95,0,1,0,5843.04,21915.97,0.73
M0134548,N,40,2,22757.55,0,1,0,13507.6,5295.48,0.33
M0134549,N,65,3,11774.37,0,0,0,7052.5,8644.62,2.07
M0134550,N,78,1,9063.23,0,1,0,3809.83,4115.09,0.68
M0134551,N,24,0,4747.6,0,0,0,883.12,3844.93,0.86
M0134552,N,33,2,24579.17,1,2,0,10862.35,15477.84,2.45
M0134553,N,61,2,13118.49,1,0,0,6755.74,5880.48,1.6
M0134554,N,79,1,9929.04,0,0,0,1934.66,8165.4,0.0
M0134555,N,55,1,17169.59,0,2,0,11367.41,15702.93,1.96
M0134556,N,80,0,13696.55,0,0,0,8592.66,5131.2,1.77
M0134557,N,48,0,18760.63,0,0,0,5455.23,12563.48,0.0
M0134558,Y,63,8,276349.73,3,4,4,116814.12,204802.22,7.07
M0134559,N,19,1,6247.66,0,0,0,1673.55,7035.23,1.14
M0134560,N,27,0,4111.44,0,1,1,2059.33,4644.01,1.08
M0134561,N,27,0,8491.82,0,0,0,2885.67,6993.23,0.37
M0134562,N,50,0,8388.37,0,0,0,912.19,8842.77,0.27
M0134563,N,19,1,8252.63,0,1,0,4260.82,5655.61,2.5
M0134564,N,60,1,20126.08,0,0,0,5737.93,10327.64,2.07
M0134565,N,69,0,9200.17,0,0,1,4765.11,4439.39,0.58
M0134566,N,21,0,2377.89,0,0,0,1161.19,2031.35,0.49
M0134567,N,25,0,18918.1,0,1,0,8139.06,16807.6,2.15
M0134568,N,28,0,9279.17,1,2,1,8072.14,5527.39,0.42
M0134569,N,57,0,20550.1,0,1,1,4466.53,13322.71,2.35
M0134570,N,34,2,6153.07,1,3,0,1490.08,3489.49,0.98
M0134571,N,73,0,8254.19,0,2,0,2756.3,6715.13,0.8
M0134572,N,50,0,7492.4,0,0,0,2549.73,7678.68,0.19
M0134573,N,75,1,13584.45,0,0,1,4347.98,6503.87,1.15
M0134574,N,75,2,6389.92,0,0,0,1185.5,7088.13,1.49
M0134575,N,32,1,5153.88,0,0,0,431.27,3845.97,0.34
M0134576,N,41,2,16886.44,0,1,0,2526.93,13034.09,1.67
M0134577,Y,42,6,185966.85,4,1,3,86895.55,107022.25,4.62
M0134578,N,71,1,13296.21,1,2,0,874.42,14802.65,1.17
M0134579,N,61,1,18703.8,0,1,0,11519.84,11048.59,2.19
M0134580,N,60,0,56097.22,0,1,0,9421.47,63509.47,1.45
M0134581,N,30,0,6417.6,0,0,0,1408.76,4076.46,0.5
M0134582,N,42,2,25871.32,1,2,1,4181.66,18706.97,2.96
M0134583,Y,76,7,262904.04,5,4,2,48973.84,171688.51,6.27
M0134584,N,37,0,4488.06,0,0,0,742.39,4268.79,0.21
M0134585,N,20,1,18465.26,0,0,0,11865.52,14342.88,1.81
M0134586,N,61,1,17731.54,0,2,0,6418.49,16750.91,1.27
M0134587,N,67,0,32508.42,0,1,1,1137.13,35479.23,3.79
M0134588,N,79,0,11229.97,1,1,0,8060.8,5652.73,2.3
M0134589,N,32,1,7801.03,0,1,1,1324.48,6171.25,0.65
M0134590,N,40,1,28625.21,0,1,0,1831.15,21336.81,0.84
M0134591,N,77,0,6316.94,0,0,0,2687.36,3783.23,0.09
M0134592,N,26,0,22029.71,0,1,0,5603.02,17802.35,2.76
M0134593,N,71,2,32515.41,0,0,0,1326.47,28694.0,0.94
M0134594,N,39,1,7065.64,0,1,0,1514.15,6068.62,1.57
M0134595,N,31,2,8916.57,0,0,0,4021.02,8520.71,0.15
M0134596,N,67,0,12832.36,0,1,0,2718.83,8073.17,0.49
M0134597,N,50,2,6761.84,0,0,0,1747.18,3965.79,2.1
M0134598,N,26,0,9827.55,0,0,0,4216.68,5032.8,1.74
M0134599,N,31,0,9258.78,0,0,0,4642.16,11939.48,0.0
M0134600,N,39,1,10356.09,0,1,0,1067.09,7876.67,0.89
M0134601,N,36,0,3573.01,0,0,0,421.53,2457.68,0.0
M0134602,N,43,0,12194.76,0,2,0,1120.52,10953.36,1.73
M0134603,N,37,3,14206.27,0,2,0,5042.24,8076.41,1.45
M0134604,N,75,1,12920.25,0,1,0,2627.37,10246.84,1.09
M0134605,N,68,1,4924.39,0,0,0,2509.46,5350.52,1.2
M0134606,N,49,1,9386.35,0,0,0,4472.24,4105.12,1.33
M0134607,N,43,1,4685.27,0,1,0,1535.16,4970.09,0.0
M0134608,N,48,1,4043.23,0,0,0,2024.49,4042.1,0.63
M0134609,N,67,2,7533.87,0,1,0,5607.45,7888.64,2.09
M0134610,N,72,0,10133.1,0,0,0,2084.62,8309.72,0.0
M0134611,N,65,3,15121.83,1,2,0,2550.37,10274.95,0.0
M0134612,N,64,2,11500.33,0,1,0,4161.78,6166.13,2.01
M0134613,N,73,0,6769.39,1,1,0,1726.98,6720.96,0.04
M0134614,N,53,2,9983.16,1,0,2,3070.68,6812.59,1.03
M0134615,N,46,0,6726.58,0,2,1,991.42,7253.56,0.38
M0134616,N,37,2,15672.94,1,1,2,7139.92,20879.96,2.62
M0134617,N,30,0,5035.88,0,0,1,1568.35,3141.45,0.81
M0134618,N,58,0,35138.33,0,2,1,6406.58,23874.35,2.71
M0134619,N,45,0,7897.21,0,0,0,2927.16,4133.31,0.0
M0134620,N,62,0,5482.79,0,0,1,575.28,4188.95,0.64
M0134621,N,26,1,3337.65,1,1,0,1146.32,2871.27,1.7
M0134622,N,57,1,16284.35,0,0,1,5134.77,17357.73,2.21
M0134623,N,40,0,4406.71,0,0,0,498.2,4700.91,1.05
M0134624,N,72,2,9584.48,0,1,0,7263.39,7597.81,1.97
M0134625,N,66,0,10546.82,1,0,0,3088.47,9496.43,1.06
M0134626,N,30,2,7308.25,0,1,0,5147.98,2758.33,0.67
M0134627,N,80,0,10124.5,0,0,1,1074.97,9200.78,0.64
M0134628,N,28,0,12647.93,0,1,0,1944.26,14269.52,2.49
M0134629,N,34,2,12144.07,0,1,1,2177.78,15912.03,1.53
M0134630,N,44,0,3595.37,1,1,1,961.27,3633.79,1.31
M0134631,N,42,0,24453.38,0,3,0,7129.41,14408.93,0.54
M0134632,N,33,1,8273.36,0,1,1,1762.83,5269.19,0.65
M0134633,N,63,1,17267.33,0,1,1,3229.47,12866.57,0.45
M0134634,N,58,1,8151.98,0,1,1,2055.53,10020.82,0.0
M0134635,N,28,0,5380.93,0,0,1,1535.13,3164.87,0.0
M0134636,N,29,1,8926.38,0,2,0,6571.82,7096.34,0.36
M0134637,N,19,0,14690.21,1,0,0,4045.86,7890.66,1.22
M0134638,N,75,1,12525.33,0,2,0,1433.2,11540.36,0.87
M0134639,N,46,2,6647.07,0,0,2,382.29,9472.05,0.0
M0134640,N,50,0,26184.68,0,2,0,2853.36,24857.25,2.16
M0134641,Y,85,8,257146.3,3,6,6,43051.39,250527.61,6.42
M0134642,N,75,1,28119.41,0,0,1,6795.91,23220.01,1.12
M0134643,N,52,1,14394.28,1,0,0,1222.23,10492.89,0.87
M0134644,N,51,1,8818.01,0,3,0,1447.75,10708.65,1.7
M0134645,N,23,1,5232.17,0,1,0,3203.84,6208.79,1.5
M0134646,N,26,0,10522.79,0,0,0,1699.4,12594.26,1.7
M0134647,N,64,1,10596.31,0,0,2,4647.53,7438.17,1.02
M0134648,N,45,0,18564.26,0,0,0,4443.87,18941.94,0.0
M0134649,N,44,0,3972.62,0,0,1,3345.47,3310.37,1.44
M0134650,N,22,2,14504.16,0,1,1,8649.42,11485.57,0.22
M0134651,N,47,2,10858.69,0,3,2,10237.52,9320.31,2.07
M0134652,N,74,1,12202.34,0,1,0,4133.21,8908.71,2.71
M0134653,N,25,0,6658.7,0,2,0,4417.7,6992.58,1.53
M0134654,N,38,2,20199.16,1,0,0,10235.94,12078.62,0.76
M0134655,N,27,0,7318.7,1,0,0,7058.11,3480.19,2.16
M0134656,N,31,1,3157.04,0,0,0,704.48,4141.16,0.93
M0134657,N,41,0,15112.44,0,0,0,4319.14,8990.26,1.86
M0134658,N,54,1,12928.93,0,1,0,2509.95,7929.58,0.0
M0134659,N,63,1,6396.73,0,1,0,1468.05,8323.02,1.8
M0134660,N,78,0,19396.44,0,0,0,2605.48,15335.23,0.01
M0134661,N,19,1,33468.07,0,1,2,18940.71,26639.48,1.69
M0134662,N,54,4,22895.77,0,1,1,4633.15,23985.92,0.59
M0134663,N,41,0,4260.86,0,0,0,1062.04,4279.6,0.44
M0134664,N,49,1,8170.7,0,2,0,5104.06,5051.62,2.51
M0134665,N,30,0,8947.19,0,0,0,4991.42,6763.95,0.0
M0134666,N,32,0,5798.03,0,0,0,1653.15,7211.04,1.11
M0134667,N,24,2,30909.27,0,2,0,4225.88,27945.84,1.65
M0134668,N,18,1,6894.53,1,2,0,4359.82,2974.78,1.12
M0134669,N,18,0,8943.53,0,1,0,194.06,8866.02,0.08
M0134670,N,59,0,12062.14,0,0,0,719.47,9266.43,0.84
M0134671,N,29,1,13532.32,1,1,0,5533.85,7007.86,1.07
M0134672,N,51,1,37153.7,0,1,2,25020.75,4628.42,1.32
M0134673,N,50,0,22647.17,0,2,0,2923.24,17558.58,0.0
M0134674,N,48,2,12751.9,1,2,1,5292.41,12533.08,1.4
M0134675,N,28,1,6008.42,0,1,0,2903.63,2672.4,1.1
M0134676,N,74,2,2822.31,0,0,0,518.57,1899.37,0.76
M0134677,N,18,0,13168.24,1,0,1,3034.77,10996.49,0.3
M0134678,N,47,1,12595.47,1,0,1,5923.03,8159.26,0.37
M0134679,N,60,3,24987.23,0,0,0,11106.52,11788.93,1.81
M0134680,N,64,0,15843.37,1,0,0,5227.4,16454.24,1.42
M0134681,N,21,0,1647.75,0,0,0,1096.35,1561.54,1.08
M0134682,N,45,2,26996.42,0,0,1,8514.41,14824.39,1.76
M0134683,N,77,0,16787.99,0,3,3,2756.29,10835.96,1.31
M0134684,Y,45,3,345697.98,6,6,4,90273.75,224671.86,3.4
M0134685,N,42,2,25813.25,0,0,0,7488.05,33207.25,1.16
M0134686,N,23,1,2503.44,0,0,0,522.31,2036.99,0.61
M0134687,N,79,0,4898.81,0,0,0,1358.74,3454.37,1.09
M0134688,N,62,3,5284.03,0,1,0,2352.75,3071.05,1.63
M0134689,N,35,1,4573.33,0,2,0,679.63,4799.09,2.37
M0134690,N,40,0,13752.96,0,0,0,5439.7,6095.67,1.03
M0134691,N,37,1,18287.19,0,2,0,2041.71,12985.11,1.04
M0134692,Y,41,3,146863.91,1,2,2,44750.25,109014.47,4.99
M0134693,N,20,2,16431.96,1,0,2,8178.01,6885.17,2.14
M0134694,N,64,1,6990.16,0,0,0,2754.27,5470.17,0.0
M0134695,N,63,1,7187.73,0,0,0,1792.46,4076.25,0.65
M0134696,N,39,0,27678.29,0,1,0,5628.45,22044.84,2.57
M0134697,N,55,1,12242.03,1,0,0,3562.78,8668.53,0.41
M0134698,N,39,0,5833.16,0,0,0,779.46,5489.52,1.06
M0134699,N,20,1,5726.59,0,2,0,1006.11,8745.1,1.84
M0134700,N,80,0,7721.83,1,0,0,4009.04,4445.33,1.38
M0134701,N,28,0,5718.51,0,0,0,1600.36,4743.84,0.1
M0134702,N,36,0,4774.77,0,1,0,3247.5,3456.65,0.01
M0134703,N,18,3,26163.47,0,2,0,4744.05,25499.07,3.39
M0134704,N,79,1,4517.48,0,0,0,1678.96,4037.1,0.16
M0134705,N,39,2,17547.85,0,3,0,3605.39,16388.89,0.22
M0134706,N,35,0,7677.19,0,0,0,1652.12,7863.44,0.87
M0134707,N,40,1,13726.34,1,0,0,6627.02,6757.82,0.48
M0134708,N,58,0,20559.27,0,1,2,7890.18,9464.04,0.48
M0134709,N,37,0,5536.95,0,0,0,2471.3,6952.74,0.53
M0134710,N,45,1,8286.18,0,0,0,4784.96,3970.25,1.19
M0134711,N,61,2,8289.38,1,1,0,2971.06,6004.32,0.13
M0134712,N,26,0,5143.78,0,2,0,1379.44,6515.94,1.62
M0134713,N,73,3,19844.05,1,2,0,2316.06,32970.83,0.79
M0134714,N,41,1,17022.71,1,1,1,6825.33,10666.5,0.56
M0134715,Y,82,7,294281.3,1,3,3,157801.54,147667.96,5.05
M0134716,N,80,2,12522.22,0,0,0,3217.38,15540.12,0.92
M0134717,N,19,0,11002.24,0,1,1,1271.66,9266.31,0.42
M0134718,N,75,0,14731.35,0,0,1,4157.84,12377.98,1.14
M0134719,N,30,1,16523.83,1,1,0,8897.03,4746.08,1.23
M0134720,N,41,0,20827.93,1,0,0,4121.25,19282.94,1.75
M0134721,N,53,0,2613.75,0,0,0,1879.54,1974.29,1.5
M0134722,N,60,1,8971.88,0,1,0,5226.07,5579.15,1.06
M0134723,N,70,2,7897.73,0,0,0,1029.09,6883.24,1.46
M0134724,N,29,1,3834.29,0,0,0,2557.58,3707.42,1.69
M0134725,N,68,2,7253.95,0,0,0,3821.45,5150.3,1.96
M0134726,N,49,1,10085.07,0,1,0,1520.18,6691.69,0.0
M0134727,N,67,1,13871.48,1,2,0,606.83,10324.48,1.65
M0134728,N,48,2,13003.2,0,1,0,5311.17,10350.92,2.34
M0134729,N,55,0,15957.54,0,2,0,2397.28,16091.42,0.99
M0134730,N,40,0,12046.29,0,0,0,1776.25,9455.06,0.45
M0134731,N,77,1,29546.32,0,1,0,2978.12,20607.04,0.74
M0134732,N,80,0,25305.47,0,1,0,12100.8,11214.26,0.96
M0134733,N,42,0,20393.29,0,1,0,3484.66,19740.38,2.08
M0134734,N,35,1,10560.96,0,0,0,1192.01,9024.9,0.5
M0134735,N,72,2,9613.72,1,1,1,2034.56,9048.11,0.84
M0134736,N,28,1,8591.99,1,1,1,3491.3,4498.17,0.42
M0134737,N,62,2,36423.06,0,0,1,21828.26,11194.63,1.75
M0134738,N,41,1,10581.82,0,1,0,5361.22,7647.51,1.28
M0134739,N,69,1,6713.5,1,1,0,1461.82,7233.57,0.13
M0134740,N,53,1,4495.45,0,0,1,924.44,4228.88,0.7
M0134741,N,65,0,11902.51,1,1,0,1636.27,11152.63,1.1
M0134742,N,80,0,11990.43,1,0,1,2994.64,15434.26,1.41
M0134743,N,70,0,7876.78,0,0,0,3939.49,2607.57,0.91
M0134744,N,24,0,5855.5,1,0,0,2340.04,4849.77,0.66
M0134745,N,35,3,15891.24,0,0,0,10991.62,10489.67,0.46
M0134746,N,32,1,16645.13,0,1,0,1159.05,16495.95,1.06
M0134747,N,77,1,4300.09,0,0,0,1198.11,4906.48,0.21
M0134748,N,62,2,24860.59,0,0,1,4520.72,27151.85,1.27
M0134749,N,78,2,17536.41,1,1,0,2354.29,11508.39,0.26
M0134750,N,52,1,14125.81,0,0,1,5583.46,12058.93,1.32
M0134751,N,33,1,13629.95,0,1,1,1717.46,9860.65,1.16
M0134752,N,27,2,18669.31,0,0,0,6224.1,9146.8,2.5
M0134753,N,34,2,8116.43,0,2,1,4623.17,3207.66,1.99
M0134754,N,74,3,10554.46,0,1,0,5833.01,3911.31,0.81
M0134755,N,35,0,7861.31,0,2,0,5571.74,7655.78,1.11
M0134756,N,78,0,9730.2,0,1,0,7433.08,2695.85,0.34
M0134757,N,40,0,13594.22,0,0,2,3371.61,7411.5,1.03
M0134758,N,54,2,10883.87,0,1,0,6196.2,9599.91,1.39
M0134759,N,62,1,28095.66,1,0,0,6302.74,27939.61,2.49
M0134760,N,59,0,22402.29,0,0,1,944.84,21998.08,0.07
M0134761,N,64,0,6836.47,0,0,0,1857.61,3485.73,0.66
M0134762,N,63,1,2062.97,0,0,0,1848.73,1589.19,1.11
M0134763,N,35,1,16956.28,0,0,0,1749.08,12629.97,0.56
M0134764,N,22,0,7859.48,0,2,0,3244.11,3733.83,0.84
M0134765,N,63,0,23058.2,0,0,0,4625.58,21523.58,0.37
M0134766,N,22,2,9671.74,0,1,0,1857.85,6872.71,1.11
M0134767,N,64,0,7810.28,0,0,1,3974.99,7474.23,3.37
M0134768,Y,68,5,230586.45,4,5,1,45720.49,272726.64,4.39
M0134769,N,74,3,4846.99,0,0,0,3895.95,4237.09,1.06
M0134770,N,36,0,13653.58,0,1,0,3897.05,7718.07,0.0
M0134771,N,30,0,1995.14,0,0,0,1882.8,1446.37,1.33
M0134772,N,72,1,18905.38,1,1,0,3849.29,15258.89,1.08
M0134773,N,29,0,18463.11,0,0,0,1988.24,19015.96,0.91
M0134774,N,29,2,26284.15,1,2,0,7505.26,17795.12,1.24
M0134775,N,50,3,26255.72,0,1,0,28979.42,9268.57,2.63
M0134776,N,57,1,10044.09,0,2,0,1894.09,10725.5,0.21
M0134777,N,55,2,21421.76,0,0,0,17147.41,17487.52,0.97
M0134778,N,52,1,9898.37,0,0,0,4288.83,11973.92,1.71
M0134779,N,68,0,17799.02,0,0,0,1102.73,13114.05,0.0
M0134780,N,32,1,12937.47,1,0,0,2087.76,8474.86,1.69
M0134781,N,70,1,6513.63,0,0,0,4209.53,7463.73,0.17
M0134782,N,73,1,24269.13,0,1,0,14475.82,8353.42,0.15
M0134783,N,43,1,10045.45,0,1,0,8144.19,6542.96,0.95
M0134784,N,29,0,12815.74,0,0,2,3464.77,10237.65,1.55
M0134785,N,61,1,14013.82,1,1,0,3980.94,15485.14,1.81
M0134786,N,26,0,5273.21,0,0,0,664.71,7272.48,0.69
M0134787,N,23,0,22392.06,0,0,1,12930.59,13528.9,0.54
M0134788,N,62,1,7914.41,0,0,1,5040.93,3965.3,0.0
M0134789,N,18,1,6369.89,0,0,0,2874.31,4271.44,0.44
M0134790,N,50,2,6006.1,1,3,1,2002.5,3823.42,1.28
M0134791,N,60,1,31781.36,1,2,0,7593.72,21580.93,2.04
M0134792,N,69,0,20294.15,0,1,1,8846.92,11741.04,1.48
M0134793,N,64,2,10033.52,0,0,1,759.07,7362.8,0.63
M0134794,Y,79,4,220250.75,2,1,1,70033.43,118361.25,5.47
M0134795,N,59,0,11473.17,1,0,0,12926.97,2689.92,1.51
M0134796,N,37,0,3210.31,0,0,0,1109.38,3658.84,1.13
M0134797,N,56,1,8486.44,0,0,0,2188.69,4933.37,0.91
M0134798,N,34,2,11706.95,1,1,1,5806.48,9048.0,2.19
M0134799,N,38,1,8189.6,0,1,0,2052.36,9048.55,0.85
M0134800,N,32,1,3136.99,0,0,0,1322.64,4296.8,0.55
M0134801,N,28,1,20909.74,0,1,0,7152.11,25036.8,1.18
M0134802,Y,75,5,233495.35,3,4,2,143787.95,181780.34,2.75
M0134803,N,66,2,21154.77,0,1,0,9718.91,10651.42,0.72
M0134804,N,30,1,4867.79,1,0,0,865.66,6012.48,0.97
M0134805,N,75,0,11267.07,0,1,0,1785.85,9506.59,1.17
M0134806,N,19,2,25206.67,0,1,0,5737.57,28231.1,3.56
M0134807,N,35,2,17371.44,0,1,1,7867.33,12433.87,1.99
M0134808,N,45,1,30723.9,0,1,1,16562.78,20720.64,1.87
M0134809,N,40,0,8378.52,0,0,0,1032.8,11723.54,0.0
M0134810,N,42,1,22011.41,0,0,2,4185.74,19016.54,1.38
M0134811,N,48,0,11841.63,0,0,0,4515.59,15573.16,0.85
M0134812,N,78,2,17364.73,0,0,0,2958.23,25101.7,0.86
M0134813,N,50,1,17121.3,1,2,0,2485.61,11857.23,0.06
M0134814,Y,75,4,300080.43,4,5,1,160598.07,110096.52,4.29
M0134815,N,75,0,16366.57,0,2,1,916.46,12525.05,0.42
M0134816,N,30,0,11003.19,1,1,1,5469.2,6365.4,1.51
M0134817,N,28,0,3429.63,0,0,0,532.66,2913.64,0.42
M0134818,N,35,2,12461.6,0,1,0,1263.31,9953.12,1.77
M0134819,N,54,0,5168.75,0,1,0,2018.65,4008.94,0.49
M0134820,N,42,2,16936.24,0,2,1,3633.1,11051.79,0.78
M0134821,N,22,2,29563.78,1,0,1,2633.19,22786.99,2.33
M0134822,N,66,0,15269.79,0,0,0,2568.8,11613.7,1.98
M0134823,N,73,1,7555.75,0,0,0,1893.97,7711.79,1.04
M0134824,Y,80,5,385722.95,2,2,3,199067.38,125474.56,4.35
M0134825,N,78,1,10702.0,1,1,0,5632.45,4242.57,0.94
M0134826,N,80,0,15912.09,0,0,0,8134.41,4302.48,0.82
M0134827,Y,85,10,272609.85,7,6,2,99447.59,210406.44,6.62
M0134828,N,39,0,9392.0,0,0,0,1117.71,9098.91,0.69
M0134829,N,37,1,29070.73,0,3,0,3140.66,20087.96,0.0
M0134830,N,30,2,26585.52,0,0,0,6932.12,15319.6,0.8
M0134831,N,64,0,40383.54,1,2,0,5317.97,35229.12,2.49
M0134832,N,73,2,7828.41,0,1,0,930.8,11006.38,1.12
M0134833,N,50,0,7770.82,1,1,1,3567.0,9665.43,1.37
M0134834,N,20,0,11432.16,0,0,0,4487.63,10246.87,0.0
M0134835,N,37,1,8232.66,0,0,0,8921.68,5546.17,0.38
M0134836,Y,66,6,170899.38,3,5,3,76421.82,124500.25,4.3
M0134837,N,61,0,6560.46,0,0,0,3271.44,4739.2,1.48
M0134838,N,55,2,11179.1,0,2,2,5700.72,10347.27,1.22
M0134839,N,55,2,16491.64,1,1,1,13619.4,11650.88,1.41
M0134840,N,63,0,3039.75,1,0,0,978.91,3633.04,0.33
M0134841,N,56,0,20076.54,0,0,1,6811.83,9058.33,0.09
M0134842,N,73,1,15658.57,0,1,0,1893.13,13372.99,1.33
M0134843,N,35,0,4949.05,0,1,0,2361.33,2830.1,0.28
M0134844,N,64,0,6210.92,0,0,0,1604.54,3564.68,1.15
M0134845,N,66,1,19575.76,0,1,0,5708.33,14464.54,2.19
M0134846,N,57,0,6362.39,1,0,0,3289.71,5972.9,0.0
M0134847,N,19,0,8743.43,0,0,0,3652.02,5620.76,1.54
M0134848,N,46,1,4892.04,0,1,2,1430.67,5099.55,0.44
M0134849,N,27,0,4610.18,0,1,0,2025.39,5945.21,0.47
M0134850,N,70,0,8522.41,0,0,0,1573.34,6899.19,0.33
M0134851,N,50,2,4439.16,2,1,1,2235.86,5152.98,1.7
M0134852,N,51,0,5578.29,0,0,0,1048.71,3683.73,0.91
M0134853,N,69,2,12248.73,0,0,1,1379.97,18934.02,1.28
M0134854,N,53,2,5411.0,0,0,2,1146.92,8543.04,1.85
M0134855,N,57,0,3854.69,0,1,0,533.03,2497.28,0.12
M0134856,N,60,1,4998.65,0,1,0,688.85,5250.01,1.55
M0134857,N,30,2,13744.08,0,0,0,2234.47,9628.44,1.23
M0134858,N,78,0,8018.52,1,0,0,2550.51,7892.71,1.05
M0134859,N,39,1,29256.08,0,1,1,11560.24,31293.96,2.54
M0134860,N,29,0,21916.22,1,2,0,20584.34,15489.28,2.73
M0134861,N,62,0,4257.0,0,1,0,971.52,3648.83,0.0
M0134862,N,48,0,28942.51,0,0,0,15973.71,8003.77,0.6
M0134863,N,63,0,3733.63,0,0,0,2389.7,3849.46,0.53
M0134864,N,76,0,17654.47,0,1,0,4205.48,18845.63,0.63
M0134865,Y,68,2,150387.38,4,5,3,82898.86,65955.15,2.25
M0134866,N,72,0,4336.67,0,0,0,817.21,5324.9,1.62
M0134867,N,23,3,42546.86,0,0,0,3409.41,35982.93,0.85
M0134868,N,47,0,4742.74,1,0,0,3252.78,3942.0,1.02
M0134869,N,44,0,13021.96,1,2,0,3961.85,11718.2,0.79
M0134870,N,61,0,5853.09,1,0,0,4528.13,3766.51,0.29
M0134871,N,71,1,28737.26,1,0,0,9059.29,24944.79,1.65
M0134872,N,41,0,24379.48,1,0,0,3296.05,18582.88,1.79
M0134873,Y,53,6,254247.0,3,7,2,36788.92,228799.44,5.53
M0134874,N,45,3,12631.32,1,0,0,6413.52,7891.54,1.42
M0134875,N,55,0,11370.82,0,1,0,2604.27,10821.43,0.91
M0134876,N,36,1,22955.04,0,0,0,5589.85,29904.73,1.54
M0134877,N,28,2,64230.89,0,2,3,12751.25,41974.73,2.02
M0134878,N,64,1,23276.07,0,2,1,1424.41,19878.02,1.02
M0134879,N,20,2,6471.79,0,1,0,3355.82,5302.7,0.14
M0134880,N,62,0,8662.31,0,0,0,2323.71,6082.29,1.59
M0134881,N,36,0,12435.13,0,0,0,1166.51,9778.4,1.05
M0134882,Y,86,6,274287.58,3,3,4,92807.47,145062.85,3.92
M0134883,N,41,1,5842.94,0,0,0,2675.52,3761.92,1.05
M0134884,Y,47,4,225239.44,4,3,4,61760.46,186658.66,4.08
M0134885,N,43,1,5263.91,0,1,0,984.05,4102.97,0.0
M0134886,N,64,1,30681.66,0,0,0,6567.51,28967.38,1.11
M0134887,N,22,1,6968.5,0,0,0,2624.46,5718.01,0.05
M0134888,N,36,1,11022.54,0,0,0,2806.24,8459.67,0.0
M0134889,N,56,1,7242.78,0,0,0,1447.42,7912.94,0.23
M0134890,N,75,1,5992.76,0,0,0,6353.31,3576.63,0.44
M0134891,N,46,2,13264.0,1,1,0,2736.04,20735.23,1.73
M0134892,N,41,0,2652.81,0,1,0,1169.79,3119.4,0.39
M0134893,N,26,0,2332.52,1,0,0,1406.16,1494.53,1.17
M0134894,N,66,0,14456.4,0,0,0,1064.95,12668.68,0.98
M0134895,N,78,0,15053.83,0,0,0,3465.94,9381.76,1.62
M0134896,N,37,2,18756.97,0,0,0,8346.7,7500.85,1.56
M0134897,N,36,1,10290.14,0,0,0,3685.04,13745.94,1.48
M0134898,N,77,0,6729.25,0,1,0,2622.69,5893.4,1.39
M0134899,N,68,1,5686.67,0,2,0,2857.73,6283.07,0.35
M0134900,N,35,1,7061.04,0,0,0,4310.02,4891.95,0.7
M0134901,N,30,2,15691.47,0,0,0,1170.72,12782.02,0.75
M0134902,N,36,0,3813.04,0,0,1,863.66,3886.73,0.0
M0134903,N,48,0,6422.36,0,1,0,2272.97,3130.35,1.13
M0134904,N,37,1,9659.36,0,1,3,6313.94,9292.42,1.59
M0134905,N,56,3,2897.08,0,1,0,2312.87,2066.41,1.79
M0134906,N,39,0,9737.19,1,0,0,1991.42,6098.51,1.63
M0134907,N,72,0,9048.64,0,1,1,6274.2,7371.11,1.78
M0134908,N,77,2,14294.67,0,0,0,8938.35,12309.59,0.74
M0134909,N,56,1,4686.5,1,1,1,3413.95,4790.55,1.57
M0134910,N,42,2,18258.03,0,1,1,3618.38,10819.19,0.6
M0134911,N,27,1,2438.94,0,0,1,2017.0,1512.55,1.65
M0134912,N,66,2,16156.01,0,1,0,11841.07,5460.21,2.09
M0134913,N,34,1,12284.95,0,1,1,2366.1,11071.34,0.22
M0134914,N,59,2,5699.95,0,1,0,4449.51,3203.04,2.33
M0134915,N,32,3,19484.35,1,2,1,4052.62,21199.61,2.7
M0134916,N,79,1,12530.38,0,0,0,3456.71,15497.71,1.79
M0134917,N,74,1,9662.0,0,1,0,3491.46,7106.43,0.04
M0134918,N,60,0,4122.94,0,1,0,1398.39,4212.65,0.42
M0134919,N,56,1,11091.77,0,2,0,2496.75,12709.11,0.92
M0134920,N,80,0,19710.81,0,0,2,4468.09,11502.7,0.56
M0134921,N,23,1,19691.04,1,0,2,7263.55,20846.38,2.38
M0134922,N,79,1,9428.44,0,2,0,2051.24,9013.1,1.65
M0134923,N,44,0,11320.43,1,0,0,2107.57,10854.91,0.89
M0134924,N,75,0,11104.61,0,1,0,1013.42,10217.94,1.12
M0134925,N,71,1,12299.8,0,1,0,3689.16,7386.97,0.32
M0134926,N,28,0,25216.86,1,0,0,1438.58,28685.15,0.38
M0134927,N,47,1,16313.58,0,0,0,2345.81,13187.22,0.82
M0134928,N,73,2,11913.73,0,1,0,3807.33,11955.78,0.18
M0134929,N,48,0,8157.23,0,0,0,1323.42,11275.46,1.84
M0134930,N,22,1,2382.38,0,0,0,902.26,3284.61,1.73
M0134931,N,28,1,28750.1,1,1,2,20153.69,9019.04,2.49
M0134932,N,49,1,15506.83,0,1,0,2462.87,11151.46,0.51
M0134933,N,30,1,10145.06,0,0,0,4276.41,6661.06,0.21
M0134934,N,32,1,5959.72,0,0,0,2135.9,3671.9,1.26
M0134935,N,46,2,15219.77,1,1,0,622.77,23891.87,2.06
M0134936,N,43,0,13785.55,0,0,2,758.77,10013.05,1.33
M0134937,N,38,0,5028.2,0,0,1,1688.6,3350.87,0.9
M0134938,N,63,0,4475.39,0,0,0,3286.92,3782.07,0.71
M0134939,N,25,2,29247.26,1,1,0,3145.25,30439.33,0.27
M0134940,N,77,0,6660.53,0,1,0,2104.35,7987.48,1.97
M0134941,N,79,2,5313.59,0,1,0,1069.99,5981.47,1.09
M0134942,N,46,2,2805.49,0,0,0,707.51,3917.85,0.0
M0134943,N,80,0,10124.97,1,0,0,1738.12,7979.06,0.81
M0134944,Y,77,4,365437.66,3,4,1,107536.54,233048.74,4.54
M0134945,N,39,1,20556.14,0,1,0,1173.01,15545.63,1.41
M0134946,N,32,1,16599.68,0,1,0,1195.32,22179.91,0.05
M0134947,N,30,2,21796.26,1,1,0,4402.45,29983.34,0.92
M0134948,N,63,0,9283.62,0,0,0,3106.06,7331.87,0.54
M0134949,N,54,0,14559.53,0,0,0,2109.65,9453.34,1.42
M0134950,N,28,0,16620.84,0,0,0,1629.53,21900.53,1.17
M0134951,N,52,0,10708.24,0,0,0,3481.11,9987.64,1.91
M0134952,N,67,2,12011.01,0,0,0,4608.56,9215.83,0.35
M0134953,N,39,0,5440.4,0,0,1,3763.67,4171.85,1.64
M0134954,N,26,0,11929.21,0,2,0,1757.24,11158.43,1.6
M0134955,N,63,0,13329.77,0,0,1,4007.94,10600.22,0.24
M0134956,N,67,1,11470.24,0,1,0,3083.44,12191.07,0.68
M0134957,N,54,1,15239.34,1,0,0,1544.38,13922.13,0.41
M0134958,N,28,1,14831.54,0,0,0,2788.44,9660.18,2.11
M0134959,N,29,1,34725.91,0,1,0,2928.02,24969.43,1.88
M0134960,N,39,0,7824.19,0,0,0,1194.6,7071.81,0.78
M0134961,N,71,1,15004.81,0,0,0,1852.0,14749.53,1.94
M0134962,N,63,0,16257.08,0,0,1,1761.61,22978.86,1.33
M0134963,N,40,0,33507.99,0,0,0,7473.49,22924.35,0.81
M0134964,N,58,1,19825.36,0,2,0,3781.94,14755.78,1.61
M0134965,N,31,3,7423.33,1,0,1,1573.65,9607.08,2.06
M0134966,N,34,1,9175.36,0,1,1,6750.67,7090.99,0.48
M0134967,N,40,1,8284.06,1,1,0,991.36,10472.99,1.5
M0134968,N,69,1,10345.58,0,1,0,2613.05,7200.13,1.92
M0134969,N,69,0,18733.24,0,2,0,9301.47,8731.09,0.38
M0134970,N,78,0,3015.66,0,1,0,1978.21,2657.22,1.78
M0134971,N,70,1,10544.02,1,0,0,2576.57,5821.54,0.55
M0134972,N,64,1,5631.48,0,0,0,1674.52,4098.7,1.1
M0134973,N,23,1,14907.75,1,0,1,5937.64,7430.6,0.8
M0134974,N,56,2,4569.64,0,0,0,1247.14,2728.0,1.46
M0134975,N,59,0,11555.66,0,0,0,1894.45,8760.88,0.98
M0134976,N,36,1,11275.97,0,1,0,1419.29,10948.79,0.41
M0134977,N,50,0,29605.11,0,0,0,10426.47,20364.73,0.83
M0134978,N,50,2,10116.88,0,0,0,1789.9,6628.4,0.8
M0134979,N,56,1,10299.33,0,1,1,1904.41,10985.61,1.55
M0134980,N,64,1,3094.74,0,2,0,1038.82,2631.64,0.58
M0134981,N,45,2,24307.99,0,2,0,2766.48,26707.84,1.69
M0134982,N,38,2,8279.27,0,0,0,2818.61,9192.06,0.97
M0134983,N,59,3,6482.28,0,0,0,2238.51,5286.19,1.95
M0134984,Y,62,5,241297.36,5,4,4,99790.56,178321.74,3.68
M0134985,N,72,0,3418.12,0,0,0,2338.21,3214.65,0.79
M0134986,N,44,3,11848.86,0,2,0,2067.21,9642.86,1.08
M0134987,N,61,2,45756.29,0,1,0,4512.36,31531.3,2.08
M0134988,N,75,4,18881.96,0,0,0,2455.67,17812.71,2.72
M0134989,N,27,0,5012.36,0,1,1,2755.68,5287.73,0.0
M0134990,N,76,0,5590.72,0,1,0,1853.5,3276.98,0.0
M0134991,N,18,0,11241.22,0,1,0,4900.53,4118.16,0.0
M0134992,N,37,1,6082.39,0,1,0,863.26,6221.04,0.8
M0134993,N,29,2,18266.95,0,1,0,5366.25,19142.95,2.26
M0134994,N,19,1,20583.53,0,0,0,6995.23,11551.44,1.1
M0134995,N,50,0,8443.62,0,0,0,327.65,11050.79,0.43
M0134996,N,60,0,24001.84,1,0,1,7189.81,20243.03,1.17
M0134997,N,46,0,32718.21,0,2,1,18727.65,7610.08,2.18
M0134998,N,19,1,15787.65,0,2,0,7632.54,5748.14,1.35
M0134999,N,63,1,7471.36,0,0,0,2596.25,7935.44,1.04
M0135000,N,20,0,11016.49,0,2,1,1932.87,10405.84,0.0
M0135001,N,37,1,22495.21,0,2,1,5782.78,15634.98,2.82
