member_id,synthetic_high_cost_member_flag,member_age,chronic_condition_count,prior_year_paid_claims,inpatient_admissions,er_visits,specialty_rx_count,rx_paid_claims,medical_paid_claims,comorbidity_score
M0000001,N,33,1,22410.49,0,0,0,12076.83,7515.57,1.4
M0000002,N,66,1,3314.18,0,0,0,2287.16,3502.48,1.17
M0000003,N,29,0,7186.62,0,1,0,1580.49,6329.67,1.89
M0000004,N,22,0,2758.86,0,1,0,891.71,2043.76,0.35
M0000005,N,29,1,7520.36,0,0,0,2216.31,4730.87,0.56
M0000006,N,77,2,17132.3,0,0,0,2251.66,25532.11,2.11
M0000007,N,52,0,7450.37,0,0,0,1596.4,6831.34,1.39
M0000008,N,39,0,4790.26,0,0,0,3853.57,2679.98,0.0
M0000009,N,62,0,3696.09,0,0,0,635.11,2472.83,0.56
M0000010,N,31,0,4948.15,1,2,0,2823.02,3998.19,0.0
M0000011,N,23,0,18902.3,0,2,0,5688.68,9719.24,0.98
M0000012,Y,74,6,99020.89,3,1,1,23210.24,86714.68,3.91
M0000013,N,61,2,18252.55,1,3,2,5449.93,10080.53,1.99
M0000014,N,77,0,8963.25,0,0,0,1439.94,9033.71,0.0
M0000015,N,67,1,5961.8,0,0,0,1613.25,4121.65,0.21
M0000016,N,38,0,7940.61,0,0,1,2977.09,4768.56,0.33
M0000017,N,79,0,13096.87,0,0,1,2446.14,10155.75,0.58
M0000018,N,42,1,8303.8,0,1,1,4335.16,3761.6,0.0
M0000019,N,32,1,17274.05,0,2,0,6622.71,9107.4,2.58
M0000020,N,60,2,6415.34,0,3,0,2503.77,3332.65,1.88
M0000021,N,62,0,5131.22,0,1,2,1594.49,5707.36,0.0
M0000022,N,36,3,8520.24,0,2,1,2777.27,10192.02,2.77
M0000023,N,80,1,9347.36,0,0,0,2305.15,5149.57,0.55
M0000024,N,41,2,3707.36,0,0,1,1694.76,4356.22,1.05
M0000025,N,71,2,13877.86,1,1,2,3472.82,8078.61,3.44
M0000026,N,65,0,5651.94,0,0,0,1676.17,5073.17,0.7
M0000027,N,40,2,60808.14,0,1,0,11697.81,69033.68,1.37
M0000028,N,77,0,5858.29,0,1,0,1382.87,4423.91,0.01
M0000029,N,77,1,7674.42,1,0,0,3908.41,8351.31,0.0
M0000030,N,61,0,6721.21,0,2,0,1441.2,4277.53,0.62
M0000031,N,54,2,6944.93,0,1,0,3155.34,5454.59,0.43
M0000032,N,23,1,44615.03,0,0,1,18277.21,35312.83,2.87
M0000033,N,19,0,5015.1,0,0,0,1612.28,5068.01,0.0
M0000034,N,24,2,4560.97,0,0,0,4363.08,3211.37,0.0
M0000035,N,42,1,20663.88,0,1,0,6286.16,9965.25,0.0
M0000036,Y,64,6,265083.66,1,4,4,113396.59,136789.11,4.21
M0000037,N,36,0,12182.93,0,0,0,1119.63,9506.69,0.95
M0000038,N,18,0,4366.86,0,0,1,526.41,6747.68,0.0
M0000039,N,66,0,4556.72,0,1,0,376.52,5460.53,1.81
M0000040,N,57,1,7720.14,0,0,0,847.25,12945.95,0.8
M0000041,N,56,1,5158.42,0,1,0,3825.71,2159.65,1.99
M0000042,N,39,2,8987.8,1,2,0,3095.29,12397.36,0.58
M0000043,N,75,1,8071.35,0,1,0,1605.46,10994.19,0.86
M0000044,N,28,0,22536.63,0,1,0,2503.41,16654.71,0.38
M0000045,N,60,3,27988.19,2,1,1,8705.85,20193.1,1.93
M0000046,N,70,0,27180.63,1,2,0,3483.7,20921.07,2.41
M0000047,N,73,1,18019.56,0,0,0,2291.55,16459.5,0.92
M0000048,N,65,0,16471.18,0,0,0,3213.36,12211.46,0.45
M0000049,Y,71,7,556021.62,4,4,6,131023.03,336426.77,7.2
M0000050,N,72,2,10986.91,0,0,0,1020.14,18651.93,2.41
M0000051,N,21,1,19451.47,0,0,0,7035.04,10114.31,1.31
M0000052,N,21,0,6084.02,0,0,0,1359.13,3913.91,1.42
M0000053,N,26,0,8093.25,1,2,1,957.42,7596.93,0.67
M0000054,N,69,1,24051.07,1,0,1,5028.52,16043.22,0.0
M0000055,N,73,1,52562.21,0,1,0,18436.54,22738.97,1.37
M0000056,N,80,0,4691.77,0,2,0,2758.69,4987.99,0.52
M0000057,N,52,0,11280.45,0,2,0,3405.35,6489.95,1.04
M0000058,N,59,1,6647.0,1,0,0,2802.69,7482.17,1.02
M0000059,N,80,0,10787.11,0,1,0,2037.32,12181.78,1.33
M0000060,N,59,1,32313.9,0,1,2,13716.21,27832.22,0.68
M0000061,N,54,0,34059.6,0,0,0,18017.01,16676.85,1.5
M0000062,N,68,0,12197.99,1,1,1,9022.34,8376.06,1.53
M0000063,N,44,0,6886.86,0,1,0,1396.6,6386.8,1.63
M0000064,N,53,1,25444.98,0,1,1,1601.43,26573.48,1.34
M0000065,N,36,1,7547.51,0,0,0,3788.87,4698.5,1.15
M0000066,N,51,0,8642.92,0,0,0,1842.34,9705.93,0.79
M0000067,N,18,0,8965.17,0,0,0,4168.57,3931.77,1.82
M0000068,N,31,1,9632.89,0,0,0,2684.46,4887.2,0.67
M0000069,N,63,0,15842.15,0,0,0,2339.95,14350.58,0.82
M0000070,N,39,0,6607.38,0,1,0,1397.62,6276.33,0.64
M0000071,N,49,1,24956.83,0,0,2,4799.56,19496.06,0.78
M0000072,N,78,1,24747.4,0,3,0,11587.18,8034.47,1.38
M0000073,N,66,0,7648.14,0,0,0,2925.31,4244.84,1.32
M0000074,N,26,0,15207.73,0,0,0,1439.25,12146.25,2.54
M0000075,N,25,1,16206.75,0,0,1,14676.24,8331.83,0.0
M0000076,N,69,2,20946.76,0,0,0,3589.36,12866.72,0.83
M0000077,N,33,1,15007.98,0,3,0,4259.32,20984.7,0.46
M0000078,N,42,1,12124.79,0,1,0,636.92,9808.93,0.3
M0000079,N,28,1,14298.14,1,0,0,1416.43,9895.91,1.1
M0000080,N,78,0,16244.79,1,2,0,3952.61,10126.27,0.99
M0000081,N,57,0,4598.94,0,0,0,982.44,3081.3,0.56
M0000082,N,31,0,10486.59,0,0,0,3645.76,4788.34,1.32
M0000083,N,32,0,8726.68,0,1,0,3049.55,4467.59,1.06
M0000084,N,31,0,42843.03,0,2,1,5896.93,37458.68,0.71
M0000085,N,80,1,15045.65,0,2,1,5398.92,6596.59,2.19
M0000086,N,61,3,13726.26,0,2,0,10024.82,7081.23,1.87
M0000087,N,25,1,3428.61,1,1,1,364.72,2869.16,1.17
M0000088,N,45,0,10614.44,0,2,0,4084.34,8288.16,0.26
M0000089,N,78,0,14161.68,0,1,0,7013.56,11210.68,1.14
M0000090,N,52,3,17154.79,1,0,1,6773.38,16646.93,2.86
M0000091,N,57,2,15848.39,0,0,1,5945.08,9380.56,2.01
M0000092,N,57,0,5593.15,0,0,0,1291.08,3920.55,1.62
M0000093,N,52,0,13151.0,0,1,0,4583.61,10986.75,2.86
M0000094,N,71,0,8886.78,0,0,0,3173.13,5666.29,1.65
M0000095,N,57,1,4214.01,0,1,0,620.09,4564.51,0.43
M0000096,N,41,1,3417.11,0,0,0,1335.19,4587.33,0.0
M0000097,N,44,1,7083.04,0,1,0,5151.27,4557.91,0.6
M0000098,Y,36,3,284545.09,1,5,4,102503.46,144134.48,5.81
M0000099,N,18,0,12688.42,0,0,0,722.67,10710.7,1.99
M0000100,N,40,0,3298.22,0,1,0,1054.89,3396.28,0.0
M0000101,Y,58,6,107242.93,4,1,2,69250.46,61209.06,2.95
M0000102,N,57,1,17582.5,0,0,1,6612.16,8206.21,0.0
M0000103,N,77,1,6290.63,0,1,1,2112.07,8618.63,0.91
M0000104,N,19,0,8147.79,0,1,0,2366.84,4633.74,1.54
M0000105,N,25,1,6567.14,0,0,0,4366.64,3042.77,1.1
M0000106,N,18,0,22327.77,0,0,0,5532.89,13629.68,0.5
M0000107,N,37,1,6724.59,1,1,0,2871.43,3164.75,1.1
M0000108,N,22,3,22483.21,2,2,2,9221.26,21114.67,0.66
M0000109,N,53,0,5711.65,0,0,0,1690.33,5228.08,1.2
M0000110,N,80,0,6017.32,1,0,0,1273.35,6056.68,1.07
M0000111,N,23,1,1975.94,0,1,1,447.55,1404.33,0.57
M0000112,N,18,0,12778.6,0,1,1,8242.29,8404.6,1.75
M0000113,Y,69,3,238463.81,3,2,4,145761.29,116494.79,4.79
M0000114,N,67,1,10952.88,0,0,0,5593.84,5419.96,0.0
M0000115,N,63,2,16379.91,0,2,1,3945.66,9903.33,1.68
M0000116,N,28,0,8892.63,0,2,1,2433.28,7108.5,1.11
M0000117,N,36,0,13669.81,0,0,0,1098.13,12350.8,0.88
M0000118,N,47,0,16073.27,1,0,0,7590.58,13211.02,2.7
M0000119,N,20,3,15969.84,1,0,2,13897.81,13310.52,0.69
M0000120,N,25,1,22182.5,1,2,0,12234.53,6994.14,0.47
M0000121,Y,38,2,299320.21,3,4,6,99534.1,168136.54,5.69
M0000122,N,30,1,17291.72,1,1,0,3774.06,16682.0,0.37
M0000123,N,24,2,6304.61,0,1,0,1373.41,4467.32,0.93
M0000124,N,80,0,25073.14,0,1,0,27368.95,10240.58,1.96
M0000125,N,67,0,5850.29,0,1,0,1265.26,5493.63,0.18
M0000126,N,42,1,8837.81,0,2,0,1399.7,14169.67,1.14
M0000127,N,74,1,11090.69,1,0,0,3679.13,8600.05,2.36
M0000128,N,67,3,40540.93,2,1,1,27856.99,7292.78,2.16
M0000129,N,41,2,15453.55,0,0,0,11934.18,11237.86,0.42
M0000130,N,42,0,5519.2,0,0,1,1578.88,7833.16,0.8
M0000131,N,45,0,12082.05,0,1,0,2104.36,7492.45,1.45
M0000132,N,23,2,31050.62,0,0,1,9350.48,20524.45,0.99
M0000133,N,25,0,11201.99,0,0,1,3619.73,6838.57,0.86
M0000134,N,50,0,13370.43,0,2,1,5407.79,6343.94,1.19
M0000135,Y,54,6,416756.63,3,7,4,82565.06,345275.89,7.04
M0000136,N,43,0,13913.6,0,0,0,5765.12,12088.98,1.37
M0000137,N,30,1,4262.02,0,1,0,1522.06,5073.82,0.89
M0000138,Y,66,2,155152.22,3,3,1,40730.57,98379.06,2.98
M0000139,N,47,0,3300.97,0,1,0,2647.71,3154.43,0.0
M0000140,N,41,1,11277.0,1,0,0,1251.97,7701.15,0.05
M0000141,N,54,0,11059.32,0,0,0,9275.46,3869.45,1.38
M0000142,N,42,1,10646.15,0,0,0,1928.22,8309.01,0.72
M0000143,N,61,0,4367.12,0,0,0,1120.58,2968.39,0.52
M0000144,N,29,2,28944.22,0,1,0,2727.54,23524.63,0.57
M0000145,N,41,0,8389.92,0,0,0,2879.95,6360.07,1.13
M0000146,N,72,0,5855.72,0,0,0,1205.69,6603.23,0.57
M0000147,N,66,3,9559.63,0,0,1,2800.99,8922.04,1.41
M0000148,N,73,0,12307.89,0,1,0,2906.09,12405.26,0.39
M0000149,N,43,2,4682.82,0,0,0,2109.34,2086.16,1.39
M0000150,N,68,0,6514.33,0,1,0,5025.41,5753.03,1.09
M0000151,N,56,0,6654.73,0,0,1,452.35,10653.88,0.8
M0000152,N,20,1,6315.59,0,0,0,1796.17,6099.48,1.3
M0000153,Y,41,5,211821.5,2,5,2,88137.9,194407.05,2.64
M0000154,N,46,2,15271.66,1,2,2,7095.8,17308.34,2.21
M0000155,N,29,0,28272.67,1,1,1,10068.78,14961.68,2.81
M0000156,N,51,2,30109.05,0,2,2,8742.82,30467.18,1.65
M0000157,N,50,2,6093.71,0,0,0,4564.75,5033.35,1.17
M0000158,N,67,0,12084.91,0,0,0,2553.73,11587.89,0.84
M0000159,N,66,0,9500.06,0,0,0,3415.91,4703.97,0.0
M0000160,N,68,2,10856.02,2,2,0,4521.23,7674.75,2.38
M0000161,N,49,0,6421.39,0,1,0,2684.71,5012.09,0.6
M0000162,N,27,2,11207.73,0,0,0,2219.38,12660.7,1.05
M0000163,N,22,2,17298.55,0,1,0,4396.46,14692.1,0.81
M0000164,N,62,2,21700.08,0,0,2,7406.92,12314.75,1.31
M0000165,N,43,0,7016.39,0,0,0,8263.17,4460.09,0.76
M0000166,N,62,1,10245.26,0,0,0,4953.37,8077.06,0.75
M0000167,N,76,0,8196.6,0,0,1,2389.8,6222.27,0.0
M0000168,N,62,1,9377.24,0,0,0,4331.99,6818.58,0.49
M0000169,N,24,1,11725.39,0,2,2,3525.25,10776.18,0.39
M0000170,N,76,0,12209.92,0,2,1,1774.26,16073.46,0.31
M0000171,N,26,2,8158.38,0,1,1,6176.7,3493.71,1.42
M0000172,N,76,1,5223.81,0,0,0,1605.7,7349.08,0.0
M0000173,N,69,1,11138.27,0,1,0,870.44,16739.25,0.0
M0000174,N,40,0,3662.8,0,0,0,835.46,2744.39,0.0
M0000175,N,43,1,16830.88,0,2,0,5260.42,14437.01,1.24
M0000176,N,65,0,10943.52,0,1,0,685.04,8436.46,1.79
M0000177,N,67,1,10696.19,0,0,0,5676.15,11332.92,1.18
M0000178,N,38,2,25287.84,0,2,0,5075.39,18229.96,2.02
M0000179,N,39,1,21342.02,0,1,0,3444.62,17775.51,0.99
M0000180,N,62,2,11729.97,0,3,0,3407.05,9409.85,2.49
M0000181,N,57,1,24003.89,0,0,0,6126.21,23314.87,2.85
M0000182,N,49,3,4904.07,0,0,0,478.14,3617.16,2.75
M0000183,N,32,3,9720.36,1,0,0,1511.52,6490.89,0.49
M0000184,N,26,1,8512.99,1,1,1,1144.9,7551.5,2.12
M0000185,N,19,2,6511.38,0,1,0,5419.22,3004.1,1.47
M0000186,N,18,1,29385.31,0,2,0,18046.47,6380.02,0.52
M0000187,N,47,0,10860.23,0,0,0,3224.69,8188.17,0.44
M0000188,N,26,0,9095.14,0,0,0,1771.51,12706.77,1.56
M0000189,N,21,1,12076.05,1,0,0,4622.77,6496.39,0.0
M0000190,Y,68,5,184169.45,1,4,1,95039.2,85947.51,5.44
M0000191,N,20,0,2752.08,0,0,0,430.43,2128.56,0.17
M0000192,N,27,2,11137.16,0,1,1,9612.83,9989.14,2.51
M0000193,N,52,0,9083.31,0,0,0,823.47,13688.33,1.22
M0000194,N,20,2,4636.2,1,0,0,690.95,3633.64,1.53
M0000195,N,19,0,3466.47,1,1,0,2072.58,1915.56,0.55
M0000196,N,59,0,9514.85,0,1,0,1062.41,7932.04,1.64
M0000197,N,72,1,30542.84,2,1,0,5192.66,35048.97,2.27
M0000198,N,23,0,9177.52,1,0,0,996.86,13934.18,0.73
M0000199,N,75,1,24991.43,1,2,0,1322.64,24350.52,0.22
M0000200,N,22,1,7164.8,1,1,0,1533.9,4106.56,0.01
M0000201,N,63,1,3476.83,0,0,0,1907.09,2590.76,1.65
M0000202,N,71,0,9186.59,0,2,1,840.13,10427.25,0.97
M0000203,N,45,1,2572.57,0,1,0,407.42,3605.23,0.66
M0000204,N,70,0,5185.4,0,0,0,420.4,6540.44,0.2
M0000205,N,31,1,20330.84,0,2,0,5882.61,17406.96,0.44
M0000206,N,64,1,21825.68,0,2,0,1474.57,15942.28,2.51
M0000207,N,18,0,11930.68,1,2,0,2097.81,9742.07,0.0
M0000208,N,80,1,23399.38,0,0,0,1951.02,19740.26,1.84
M0000209,N,61,1,24279.01,0,0,0,802.03,19271.28,1.51
M0000210,N,62,1,8839.03,0,0,0,4677.47,3706.2,0.79
M0000211,N,68,0,6679.34,0,2,0,1934.76,4298.38,0.35
M0000212,N,66,1,2400.46,0,0,0,543.9,2603.09,0.38
M0000213,N,37,1,19696.41,1,0,0,5290.64,10719.09,3.25
M0000214,N,59,2,4146.72,0,0,0,3702.2,3324.5,0.71
M0000215,N,53,2,5647.42,1,2,1,2629.61,7022.57,1.89
M0000216,N,39,1,10960.89,0,0,0,2384.2,8360.73,0.66
M0000217,N,70,2,6882.3,0,1,0,1612.29,8107.37,1.48
M0000218,N,26,0,8326.75,0,0,0,2792.69,6707.26,0.0
M0000219,N,34,2,18689.3,0,2,1,8864.24,12348.05,1.25
M0000220,N,26,1,24914.92,0,0,1,1878.21,26957.73,1.61
M0000221,N,63,0,3364.1,0,1,0,2930.12,1688.21,0.0
M0000222,N,33,1,36171.84,0,1,1,1981.27,27881.85,1.06
M0000223,N,68,1,10374.07,1,1,0,4529.14,12804.17,1.2
M0000224,N,59,3,60126.2,0,0,0,913.0,48419.74,2.48
M0000225,N,31,2,4283.6,0,1,0,1200.2,5563.9,2.38
M0000226,N,20,0,18584.16,0,1,0,2502.66,13564.25,1.32
M0000227,N,27,1,5195.37,0,0,1,3736.17,1884.41,1.3
M0000228,N,42,0,8884.79,0,0,0,477.01,6675.39,0.66
M0000229,N,38,2,15342.8,0,2,0,2852.95,11081.69,1.16
M0000230,N,67,2,21246.4,0,0,0,2184.36,14678.54,0.55
M0000231,N,62,2,28110.01,0,1,0,3312.69,22322.27,1.67
M0000232,N,31,1,8009.5,0,1,0,2881.07,5198.48,1.11
M0000233,N,72,2,12505.31,0,1,0,4494.08,10813.88,0.94
M0000234,N,54,2,25205.05,0,2,0,8255.62,13669.95,1.69
M0000235,Y,38,6,233574.67,3,2,4,71879.17,135906.39,6.15
M0000236,N,60,1,4728.36,0,1,0,2523.66,6058.95,1.04
M0000237,N,72,1,5320.31,0,1,0,1022.17,3962.97,2.01
M0000238,N,71,2,4164.64,0,1,1,1271.51,5159.77,0.3
M0000239,N,55,1,4531.05,0,1,0,1783.19,2273.77,0.76
M0000240,N,46,0,7044.77,1,0,0,1014.98,10482.24,0.39
M0000241,N,19,1,2443.86,0,0,1,218.83,3763.76,0.17
M0000242,N,23,2,11085.14,0,0,0,1734.23,7794.68,0.17
M0000243,N,64,2,10494.41,0,2,0,4490.74,11560.27,3.27
M0000244,N,78,0,21709.16,1,0,0,2031.32,15316.84,0.82
M0000245,N,75,0,6344.6,0,1,0,3749.54,2245.9,0.43
M0000246,N,74,1,9360.66,0,0,1,2011.56,8452.79,0.4
M0000247,N,19,0,5573.36,0,0,0,1703.18,5545.42,0.64
M0000248,N,37,0,2822.45,0,0,0,924.98,1950.2,0.58
M0000249,N,25,0,10210.22,0,1,0,1467.23,8154.9,0.73
M0000250,Y,64,3,380871.29,2,1,1,78376.13,297488.11,4.34
M0000251,N,21,1,3839.84,0,2,1,1257.41,5316.5,1.35
M0000252,N,21,2,12711.9,0,1,0,2664.29,7330.78,0.28
M0000253,N,50,2,30072.13,1,0,0,6155.54,19764.62,2.16
M0000254,N,64,0,23445.51,0,1,1,4656.58,15751.3,1.22
M0000255,N,47,1,11486.25,0,1,1,2488.99,10890.77,0.17
M0000256,N,49,3,22426.89,0,2,0,7403.52,13838.22,1.44
M0000257,N,26,2,13259.93,0,2,1,2113.47,10838.57,1.33
M0000258,N,27,1,11214.65,0,1,0,8143.52,5124.61,1.18
M0000259,N,79,1,6876.61,1,1,1,2392.37,7464.94,1.34
M0000260,N,46,1,9889.47,1,1,0,4926.15,8452.47,0.16
M0000261,N,44,0,12018.89,0,1,0,5499.43,6672.91,2.37
M0000262,Y,43,7,177353.85,4,3,4,62961.37,101972.17,4.64
M0000263,N,67,0,3038.24,0,0,0,2976.33,1288.42,1.64
M0000264,N,48,0,5412.57,0,0,0,1058.11,5082.6,0.8
M0000265,N,40,1,12970.74,0,2,0,5314.87,16160.79,2.69
M0000266,N,54,0,20032.86,0,1,0,7063.07,20378.74,0.04
M0000267,N,55,2,13087.0,0,0,1,2815.16,20725.57,0.52
M0000268,Y,79,7,343389.38,4,5,2,70413.16,310129.36,6.53
M0000269,N,61,1,11836.1,0,2,1,3160.93,10407.24,1.63
M0000270,N,61,1,32017.65,1,0,0,2967.34,30240.54,2.79
M0000271,N,72,0,6478.42,0,2,0,2906.49,5347.91,1.51
M0000272,N,52,1,6335.25,0,1,1,1965.4,5608.22,0.52
M0000273,N,37,2,28840.06,1,1,0,12054.38,12412.28,0.97
M0000274,N,19,0,5472.77,0,1,0,3074.75,2424.34,1.72
M0000275,N,51,0,8806.33,0,1,1,862.03,11814.84,1.91
M0000276,N,20,0,9736.1,0,0,0,2455.58,14184.8,0.0
M0000277,N,29,1,20949.0,2,0,0,2194.45,14873.11,1.93
M0000278,N,28,2,8234.46,0,0,1,9097.24,4476.46,0.57
M0000279,N,76,1,22353.37,0,0,0,9855.94,14622.33,2.54
M0000280,N,59,0,25315.88,0,0,0,12072.5,8125.14,0.31
M0000281,N,20,1,8835.85,1,0,0,822.88,7668.05,0.28
M0000282,N,66,1,10451.1,0,0,0,5178.54,5615.68,2.57
M0000283,N,53,0,21777.41,0,0,0,12589.9,8623.33,1.14
M0000284,N,66,1,15032.7,0,1,1,687.47,11604.07,0.0
M0000285,N,77,0,15088.37,0,2,1,1993.63,23794.11,0.63
M0000286,N,65,2,14746.11,2,0,0,2809.59,13136.23,2.25
M0000287,N,26,1,6061.42,1,0,0,3456.71,7128.19,1.63
M0000288,N,51,2,10307.44,0,2,0,828.04,9004.05,0.14
M0000289,N,28,0,5048.75,0,0,0,976.95,7489.98,0.75
M0000290,N,31,1,11740.47,0,0,1,6302.95,8417.62,2.23
M0000291,N,27,0,8348.49,0,0,0,847.29,7577.74,2.02
M0000292,N,25,1,14741.28,0,2,0,6054.2,14904.57,1.33
M0000293,N,23,1,8582.82,0,0,0,2752.33,11234.65,1.98
M0000294,N,60,2,20116.34,0,1,1,4530.4,19636.83,0.66
M0000295,N,31,2,16600.38,1,2,0,1673.21,13829.51,1.36
M0000296,N,45,0,13236.8,1,0,1,3537.53,16261.06,1.17
M0000297,N,69,1,1419.22,0,0,0,854.7,1216.18,0.0
M0000298,N,55,1,6703.99,0,1,0,1797.11,8174.31,1.07
M0000299,N,79,2,11058.43,0,0,0,1136.64,7999.4,1.44
M0000300,N,44,0,23677.25,0,1,1,7531.47,11437.85,1.45
M0000301,N,25,1,27992.25,0,1,1,2166.55,29225.43,1.7
M0000302,N,56,3,20911.34,1,1,0,8985.05,14551.94,2.76
M0000303,N,34,4,15225.69,0,2,1,2934.63,9459.23,1.09
M0000304,N,47,3,25861.38,0,3,1,9020.88,14772.21,0.21
M0000305,N,52,1,3503.12,1,1,1,620.9,3989.46,0.76
M0000306,N,26,1,5435.88,0,0,0,2588.82,2966.86,0.52
M0000307,N,49,0,4760.68,0,2,0,1358.38,4840.9,0.53
M0000308,N,64,0,28712.94,0,1,2,16965.85,15232.32,2.05
M0000309,N,25,1,16739.48,1,0,0,8979.51,20352.81,1.47
M0000310,N,69,2,5962.91,1,0,0,853.97,5141.64,0.71
M0000311,N,31,1,8497.6,0,0,0,2281.5,11005.61,0.7
M0000312,N,21,1,5574.3,2,1,0,1815.72,3914.1,0.5
M0000313,N,26,2,11453.08,0,2,0,1675.56,11419.02,1.23
M0000314,N,58,0,11134.0,0,1,0,2525.18,10305.51,1.96
M0000315,N,79,2,24511.09,0,0,0,16404.44,9055.21,0.38
M0000316,N,75,0,4868.92,0,2,0,2135.94,4870.42,1.18
M0000317,N,59,2,8876.22,0,3,0,2716.5,6239.44,1.68
M0000318,N,43,2,11383.19,0,0,0,2355.93,8317.97,0.74
M0000319,N,41,1,17708.71,0,0,1,1636.79,12851.85,0.23
M0000320,N,33,1,3079.22,0,0,0,1413.04,3582.0,0.53
M0000321,N,23,0,3773.17,0,0,0,733.35,4528.52,2.05
M0000322,N,18,1,16452.59,0,1,0,6106.16,21476.13,0.83
M0000323,N,74,0,8560.67,0,0,0,3769.16,7638.32,1.3
M0000324,N,38,1,11846.63,2,2,1,5767.23,7235.74,1.88
M0000325,N,58,1,23514.73,0,2,2,2598.83,17707.79,1.39
M0000326,N,24,0,16160.29,0,0,0,6147.44,14170.38,1.7
M0000327,N,40,2,7074.03,0,1,1,2761.04,4584.51,0.62
M0000328,N,37,0,9658.14,0,0,1,2269.48,5525.16,0.0
M0000329,N,20,2,8382.25,0,1,0,3119.95,4372.03,0.0
M0000330,N,44,1,6018.93,0,1,0,1593.7,6472.37,1.3
M0000331,N,33,2,15239.18,0,2,0,2601.78,22742.36,2.48
M0000332,N,20,1,7226.3,0,0,0,1769.97,11290.43,0.0
M0000333,N,74,1,30065.73,0,2,1,6590.03,29628.38,1.42
M0000334,N,53,3,15736.25,1,2,0,9948.51,13190.21,2.26
M0000335,N,38,0,8803.75,0,0,1,1190.7,6611.82,1.54
M0000336,N,62,2,35010.73,0,1,0,11260.54,20180.45,1.14
M0000337,N,63,2,3683.05,1,0,0,1875.67,4640.45,0.68
M0000338,N,36,1,10220.82,0,0,0,8169.73,8270.15,1.27
M0000339,N,72,0,24593.53,0,0,0,3179.17,16726.03,1.77
M0000340,N,68,1,9528.9,1,0,0,1682.09,7887.02,1.42
M0000341,N,57,0,4019.96,0,1,1,2574.75,2385.01,0.96
M0000342,N,35,0,8188.82,0,2,0,892.73,6400.59,0.0
M0000343,N,52,0,4752.26,0,0,0,1251.95,3369.75,1.32
M0000344,N,77,3,17824.97,1,2,2,10003.28,8008.51,1.49
M0000345,N,51,2,13881.29,0,0,0,923.76,23363.97,1.11
M0000346,N,64,0,4797.01,0,0,0,852.28,5227.66,1.21
M0000347,N,61,0,9106.57,1,1,1,7080.41,2493.55,2.83
M0000348,N,79,0,7859.12,0,0,0,796.27,8830.03,0.58
M0000349,Y,61,5,305633.92,3,6,1,39023.74,247760.34,3.16
M0000350,N,57,1,14347.97,0,1,0,13214.45,6665.25,1.65
M0000351,N,52,1,9070.11,0,0,1,2645.37,10574.57,1.31
M0000352,N,76,2,20435.76,1,0,0,8790.93,8150.36,2.06
M0000353,N,31,0,21230.98,0,2,0,10510.67,17965.94,1.91
M0000354,Y,65,6,275783.53,5,4,1,51813.02,179863.82,4.46
M0000355,Y,83,5,110703.66,2,3,5,92267.84,52197.46,3.39
M0000356,N,20,0,15300.37,0,0,0,2642.23,17591.18,1.88
M0000357,N,56,2,3609.99,0,0,0,1446.88,4126.13,1.02
M0000358,N,48,0,8587.53,0,0,0,948.17,8175.09,1.0
M0000359,N,72,1,35669.87,0,1,1,7963.48,22878.51,1.33
M0000360,N,67,1,7003.15,0,1,0,730.44,10714.34,1.0
M0000361,N,73,0,4022.24,0,0,0,1201.2,5860.65,0.24
M0000362,N,66,2,7060.98,0,1,0,2248.86,8770.77,2.44
M0000363,Y,56,4,176545.12,1,5,1,44331.39,104177.33,4.28
M0000364,N,75,2,3490.82,0,1,1,722.41,2392.3,1.17
M0000365,N,70,0,8078.54,1,1,0,3792.38,3507.38,0.68
M0000366,N,39,1,10519.01,0,0,0,2922.48,6264.11,1.64
M0000367,N,51,1,38550.63,0,0,0,2362.35,39237.86,0.0
M0000368,Y,69,5,336776.67,2,8,2,73493.05,207978.17,4.16
M0000369,N,68,1,16763.93,0,0,0,2331.23,16083.0,0.73
M0000370,Y,41,5,268222.27,4,6,4,100961.95,220850.11,7.49
M0000371,N,77,2,13074.07,0,1,1,2066.96,13527.42,1.92
M0000372,N,33,0,6051.7,0,0,0,1475.06,4755.94,0.64
M0000373,N,27,0,6274.08,0,1,0,1023.05,3950.25,0.11
M0000374,N,20,0,16843.95,0,0,0,8301.09,13466.35,0.48
M0000375,N,75,1,16528.14,1,0,0,7801.58,11626.09,1.32
M0000376,N,76,1,12715.24,0,0,2,1779.53,8330.56,0.25
M0000377,N,44,0,23375.7,0,0,0,5107.86,21796.44,1.29
M0000378,N,46,0,19219.69,0,0,0,2083.29,14835.54,2.05
M0000379,N,44,1,10774.5,0,0,0,1844.55,10950.95,1.9
M0000380,N,21,1,6667.82,0,1,0,2731.04,6646.02,1.58
M0000381,N,78,0,3347.59,0,1,0,1032.26,3498.19,0.24
M0000382,N,21,0,22866.92,0,2,0,2567.82,30558.14,1.97
M0000383,N,32,1,9865.96,0,1,1,3396.15,10140.97,1.79
M0000384,N,71,1,16331.29,0,0,0,2356.33,14085.51,1.16
M0000385,N,20,1,31456.3,1,0,0,17131.91,21908.65,0.67
M0000386,N,40,2,6333.02,0,1,0,2929.15,3799.35,0.88
M0000387,N,34,1,4379.19,0,0,0,2189.29,4573.99,0.86
M0000388,N,58,3,7665.18,0,0,0,2330.0,4922.08,0.0
M0000389,N,30,0,3918.57,0,0,1,1286.82,2479.78,0.64
M0000390,N,36,0,9245.92,0,1,0,1935.96,8213.06,1.67
M0000391,N,66,1,3413.4,0,2,0,1833.48,2796.89,0.07
M0000392,N,79,2,10691.58,0,0,1,4446.41,13006.36,1.01
M0000393,N,75,0,10292.71,0,1,1,4224.17,4134.07,0.52
M0000394,N,30,0,2210.03,0,0,0,960.13,1288.58,0.66
M0000395,N,44,0,34760.28,0,0,1,10542.97,16947.47,1.06
M0000396,N,58,0,60359.44,1,1,0,5367.63,43315.87,3.12
M0000397,N,48,0,20296.95,1,0,0,1448.67,14550.33,0.78
M0000398,N,65,2,10120.43,0,0,0,6998.18,6683.49,2.49
M0000399,N,65,2,10106.92,0,2,0,4519.68,11523.26,3.67
M0000400,N,74,1,6401.04,1,0,0,1469.2,7035.06,0.0
M0000401,N,78,2,13557.74,0,0,0,2831.39,10764.86,1.75
M0000402,N,66,0,6337.93,0,0,0,2045.84,4688.11,0.77
M0000403,N,33,3,36254.05,1,2,1,15593.57,47293.43,1.81
M0000404,N,78,2,11665.88,1,3,1,4458.61,10282.66,0.7
M0000405,N,66,0,5508.37,0,0,0,1820.9,5725.76,0.31
M0000406,N,28,2,19747.67,0,0,0,13885.25,4315.12,0.47
M0000407,N,71,1,3907.63,1,1,0,999.94,5641.02,1.3
M0000408,N,24,0,12815.27,0,2,0,9399.98,3764.13,0.83
M0000409,N,20,1,11179.49,0,0,0,877.67,13292.66,1.14
M0000410,N,78,2,54741.95,0,0,0,2496.78,45248.23,0.53
M0000411,N,41,3,16239.76,1,1,0,14598.03,8466.12,1.92
M0000412,N,41,2,21381.78,0,1,1,6763.79,10230.91,1.26
M0000413,N,19,1,13552.01,0,0,0,2000.4,9031.06,1.16
M0000414,N,18,2,21618.22,1,3,1,1407.44,20350.56,2.34
M0000415,N,70,2,17159.2,0,0,0,4166.47,11739.4,2.59
M0000416,N,41,1,3886.28,0,1,0,858.42,3376.96,0.05
M0000417,N,27,0,6977.51,0,0,0,1939.15,5191.85,0.44
M0000418,N,30,0,13589.86,0,1,0,724.26,11255.58,0.95
M0000419,N,62,1,6234.92,0,1,0,3013.74,6321.7,0.82
M0000420,N,36,2,22741.12,0,0,0,2347.16,17193.05,0.75
M0000421,N,77,2,7416.94,0,1,0,2266.07,5265.72,1.69
M0000422,N,70,0,8966.95,0,0,0,3909.4,4991.24,1.0
M0000423,N,40,0,10051.02,0,1,1,3349.06,10266.1,0.23
M0000424,N,32,0,9912.04,0,1,0,1031.32,10086.04,0.38
M0000425,N,19,0,10223.94,0,0,0,1777.95,7047.9,1.62
M0000426,N,68,1,2396.68,0,2,1,1028.35,1733.18,0.4
M0000427,N,39,1,11982.51,0,2,0,3154.59,6691.45,1.43
M0000428,N,19,2,7814.58,1,2,0,2350.95,8768.98,1.01
M0000429,N,63,1,8582.4,0,1,1,1694.22,6598.51,1.1
M0000430,N,76,0,11072.1,0,2,0,2806.2,6443.74,0.0
M0000431,N,24,3,30843.01,1,1,0,16061.66,20254.36,2.56
M0000432,N,54,1,4352.25,0,0,0,2987.53,1463.78,0.0
M0000433,N,49,2,10174.72,1,2,0,1854.82,10943.27,1.06
M0000434,N,76,1,6344.34,0,1,0,4353.31,4075.42,0.8
M0000435,N,43,0,7301.92,0,0,0,1258.95,6594.95,0.0
M0000436,N,37,3,57742.8,0,0,1,70541.03,15962.91,1.89
M0000437,N,64,1,5343.69,0,0,0,780.71,5339.61,1.43
M0000438,N,31,1,3639.17,1,1,0,1697.46,2454.89,0.48
M0000439,N,79,0,7540.83,0,2,0,1630.2,6044.15,1.15
M0000440,N,79,0,4344.98,0,2,0,715.06,5302.17,2.39
M0000441,N,78,3,16221.34,0,0,0,1846.65,14084.83,2.41
M0000442,N,52,1,11663.03,0,1,0,2076.87,8197.24,0.62
M0000443,N,48,1,33953.32,0,0,1,10040.57,17028.54,1.42
M0000444,N,58,1,11149.99,0,0,0,1866.67,7805.34,1.42
M0000445,N,68,1,16634.3,0,0,0,4576.66,10194.43,0.78
M0000446,N,78,0,4433.79,0,0,0,1900.83,3171.74,0.54
M0000447,N,47,0,9250.15,0,0,0,3096.07,5322.62,0.0
M0000448,N,76,1,21031.6,0,2,1,4193.66,14391.6,1.5
M0000449,N,18,1,12128.54,0,1,0,3562.33,9052.0,1.11
M0000450,N,45,2,27622.18,0,0,0,12152.74,18977.58,0.43
M0000451,N,21,0,4242.35,0,0,1,1062.06,5519.1,0.7
M0000452,N,40,2,13639.06,0,0,2,2397.25,9921.46,1.29
M0000453,N,78,1,7704.97,0,0,1,1586.61,5770.35,1.15
M0000454,N,73,1,5814.83,0,1,0,1512.26,6712.41,1.6
M0000455,N,33,3,31964.8,2,1,0,8010.49,18626.56,2.54
M0000456,N,48,0,5396.39,0,0,1,1774.25,3848.56,0.36
M0000457,N,58,3,19155.88,0,0,0,3153.93,13906.1,1.83
M0000458,N,75,1,18780.69,0,0,0,4097.74,11928.56,1.18
M0000459,N,37,1,6416.11,0,1,0,1534.32,7845.46,0.81
M0000460,N,57,1,2785.16,0,0,0,761.79,1935.25,0.28
M0000461,N,49,0,1637.85,0,1,0,645.0,1793.53,0.0
M0000462,N,67,3,20484.8,0,1,2,1788.58,18532.69,2.39
M0000463,N,50,1,13190.65,0,0,0,2077.28,15143.11,0.24
M0000464,N,65,2,14998.82,1,1,0,2840.53,13048.3,2.63
M0000465,N,39,0,22934.45,0,1,1,3167.19,20695.22,0.39
M0000466,N,20,1,8331.6,0,1,0,1856.45,10042.4,0.87
M0000467,N,66,3,22981.61,0,1,0,2719.0,35062.94,1.47
M0000468,N,64,0,7880.77,0,0,0,2904.46,6644.15,1.46
M0000469,N,78,2,29691.71,0,2,1,9077.7,30965.13,1.61
M0000470,N,76,2,6461.64,0,0,0,1908.55,6874.51,1.66
M0000471,Y,81,5,421730.89,4,4,4,100602.24,303622.75,6.47
M0000472,N,40,0,5997.69,0,1,0,594.53,4671.15,0.0
M0000473,N,69,1,5741.95,0,1,1,3533.33,4597.69,0.94
M0000474,N,75,2,7833.27,0,2,2,2464.01,6015.6,0.33
M0000475,N,21,0,12516.01,0,4,0,4917.07,6135.81,0.83
M0000476,N,59,4,22748.08,1,1,0,14864.29,12169.81,2.85
M0000477,N,24,0,6961.06,0,1,0,1392.51,5597.91,0.92
M0000478,N,75,1,23875.87,1,0,2,2948.05,18854.49,1.92
M0000479,N,41,1,5691.72,0,0,0,3160.78,4762.23,1.17
M0000480,N,73,0,4034.36,0,0,0,1227.36,4896.28,1.31
M0000481,N,66,1,19292.02,0,2,1,9248.61,7531.38,2.16
M0000482,N,19,1,8745.63,0,0,0,1638.5,6659.3,1.76
M0000483,N,44,1,37665.09,0,0,1,2635.97,28529.75,2.64
M0000484,N,41,2,13272.34,0,1,0,3217.92,10160.03,1.05
M0000485,N,39,1,8261.71,0,0,0,2549.37,4527.79,0.59
M0000486,N,23,0,5923.42,1,1,1,3104.51,4603.85,0.89
M0000487,N,63,1,11501.52,1,1,0,5924.93,4486.14,1.69
M0000488,N,30,1,4319.33,0,0,0,2743.98,4768.07,0.72
M0000489,N,77,1,32120.49,0,1,0,33713.51,13126.09,3.3
M0000490,N,21,2,6830.36,0,1,0,2058.42,7560.62,0.0
M0000491,N,52,1,18620.2,0,0,0,8613.82,7391.13,1.96
M0000492,N,55,1,14458.36,1,2,0,5637.38,7737.82,2.76
M0000493,N,27,3,17642.42,1,1,1,3844.96,18121.77,1.04
M0000494,Y,38,6,282642.01,4,3,4,63402.55,179582.9,5.18
M0000495,N,60,1,2572.84,0,0,0,1452.71,2782.48,0.0
M0000496,N,76,0,23227.58,1,2,0,2157.56,19079.15,1.66
M0000497,N,53,2,15981.84,1,2,1,7491.9,10590.92,2.12
M0000498,N,53,1,3831.93,0,0,0,722.82,3749.95,0.0
M0000499,N,65,0,3387.53,0,0,0,1032.55,1811.32,1.15
M0000500,N,73,0,6194.82,0,0,0,2149.32,6383.31,1.41
M0000501,N,67,2,7425.74,0,0,0,1869.56,9472.01,1.35
M0000502,N,61,1,14033.1,0,1,0,2739.07,12744.61,1.82
M0000503,N,69,0,5270.2,0,3,1,1812.57,6559.29,1.57
M0000504,N,41,1,10177.06,0,0,0,693.5,11834.36,1.58
M0000505,N,44,2,5026.5,0,1,0,2998.21,5245.79,1.46
M0000506,N,50,2,10646.04,0,0,0,1634.14,8236.99,2.1
M0000507,N,71,1,14813.58,0,1,0,6304.26,7338.39,1.78
M0000508,N,28,2,18760.51,1,0,0,1159.53,19968.94,1.63
M0000509,N,52,2,5882.03,0,1,0,3383.04,1740.83,2.01
M0000510,N,79,0,8179.29,0,0,0,5712.64,5889.45,1.09
M0000511,N,27,0,9153.39,0,0,0,3090.73,4478.55,0.57
M0000512,N,49,2,10674.9,1,3,1,2911.26,7362.85,0.93
M0000513,N,40,0,14018.21,0,0,0,2495.23,8784.04,0.0
M0000514,N,43,1,3618.12,0,0,0,317.83,3299.86,0.0
M0000515,N,20,0,9132.71,0,1,0,902.98,7598.39,0.54
M0000516,N,55,1,29164.88,0,2,1,3768.97,33714.49,1.28
M0000517,N,60,0,3130.3,0,1,0,1405.29,2805.13,0.1
M0000518,N,72,0,9375.44,0,0,0,1383.18,6555.02,0.82
M0000519,N,57,0,7477.3,1,1,0,2064.86,7572.91,1.52
M0000520,N,56,1,17595.29,0,0,0,4632.84,16370.05,1.5
M0000521,N,42,0,1726.77,0,0,0,863.79,1859.77,0.31
M0000522,N,57,3,16530.53,2,0,0,11154.05,12375.03,2.19
M0000523,N,54,2,23362.73,0,0,0,2484.46,18700.8,2.54
M0000524,N,70,2,7421.41,1,0,0,2917.68,4573.75,1.08
M0000525,N,64,1,5435.68,0,1,2,632.43,3980.81,1.15
M0000526,N,24,0,7190.94,0,1,0,1461.86,4581.02,0.65
M0000527,N,56,0,15154.47,0,0,2,2882.27,15876.64,1.52
M0000528,N,77,1,10924.56,0,1,0,4661.99,13177.71,2.06
M0000529,N,68,2,20236.74,1,1,0,4180.4,13237.67,1.48
M0000530,N,66,0,7981.46,0,1,0,2291.95,4212.24,1.02
M0000531,N,44,0,3300.11,0,2,0,1259.27,4053.03,1.48
M0000532,N,40,0,16156.83,0,1,0,4752.77,9687.3,2.3
M0000533,N,71,1,10764.18,1,0,0,1178.18,8133.9,0.62
M0000534,N,44,1,25830.58,0,1,0,6871.72,13312.64,2.2
M0000535,N,56,0,30238.04,0,2,0,3827.7,26779.36,0.88
M0000536,N,44,1,10732.12,0,3,0,2282.42,7326.15,0.7
M0000537,N,71,0,9271.94,1,1,0,3881.89,11354.08,1.91
M0000538,N,36,2,9008.16,1,1,0,3194.16,5542.32,1.7
M0000539,N,76,1,3667.09,0,0,0,1810.45,3229.35,0.0
M0000540,N,60,1,7208.69,0,2,0,2658.64,7452.35,2.12
M0000541,N,37,1,20308.85,0,0,1,3260.91,13945.25,1.87
M0000542,N,27,0,6503.4,0,0,0,2580.15,3536.23,1.9
M0000543,N,42,0,47669.75,0,0,0,5851.2,31605.19,1.57
M0000544,N,42,3,9023.28,0,2,0,1801.28,13684.7,0.0
M0000545,N,54,1,11855.03,0,0,0,5430.09,15255.47,2.25
M0000546,N,25,2,5440.44,0,1,0,1249.25,4801.36,2.1
M0000547,N,65,1,3173.42,0,0,0,2437.64,2856.12,1.62
M0000548,N,75,0,20418.02,0,0,0,9226.02,22776.52,1.19
M0000549,N,50,3,56208.96,0,0,0,3445.53,43327.88,1.54
M0000550,N,25,0,5272.83,1,0,2,2199.79,4273.35,0.89
M0000551,N,72,0,9576.67,0,1,0,1104.69,12003.19,0.0
M0000552,N,18,1,8647.1,0,1,1,798.24,10929.11,0.86
M0000553,N,53,0,5507.16,1,0,0,1691.17,4941.4,0.24
M0000554,N,28,0,3548.5,0,0,0,964.82,3691.52,1.26
M0000555,N,57,0,4633.46,0,0,0,3555.0,3017.31,1.68
M0000556,N,31,0,25569.12,1,3,1,4639.24,19638.03,0.65
M0000557,N,50,0,23647.36,0,0,1,1559.75,17898.93,2.05
M0000558,N,68,2,5236.83,0,0,0,1576.13,5806.23,0.0
M0000559,N,65,1,8303.13,0,0,0,2168.33,8119.15,0.0
M0000560,N,74,1,19526.39,0,1,1,5107.64,28107.63,2.49
M0000561,N,45,0,7870.35,0,0,0,891.68,8488.57,0.57
M0000562,N,71,0,4493.95,0,0,0,4146.26,2272.0,0.26
M0000563,N,23,1,15731.7,1,0,0,2465.41,15080.66,0.95
M0000564,N,40,1,16573.74,0,1,0,4659.03,11647.48,2.21
M0000565,N,27,0,8960.29,0,0,2,2185.04,4824.23,0.31
M0000566,N,28,1,5286.57,0,0,0,4371.04,4095.6,1.0
M0000567,Y,84,6,378324.74,2,3,5,160111.39,374763.68,3.64
M0000568,N,40,1,10643.85,0,0,0,6699.7,5937.24,1.61
M0000569,N,60,2,7864.78,0,1,0,2745.99,6883.15,0.46
M0000570,N,37,4,19588.18,1,1,1,927.42,26356.03,2.14
M0000571,N,27,0,5283.65,2,0,0,3116.98,3958.97,0.9
M0000572,N,42,0,9395.61,0,0,0,2248.46,6357.18,0.0
M0000573,Y,85,6,291877.58,3,2,4,127341.61,183070.74,3.99
M0000574,N,30,1,12062.91,1,0,0,1868.1,10698.7,0.13
M0000575,N,77,0,2943.2,0,0,0,621.49,1805.74,1.07
M0000576,N,33,0,2648.66,0,0,0,531.2,4009.26,0.0
M0000577,N,54,1,7995.85,0,0,0,456.28,5983.55,0.0
M0000578,N,71,1,8704.13,0,0,0,3313.08,11004.87,0.96
M0000579,N,20,1,8842.81,1,0,1,3413.95,11344.1,1.58
M0000580,N,72,2,16953.2,0,0,0,1309.94,12313.22,1.05
M0000581,N,54,2,8083.19,0,1,0,1003.36,5822.84,1.9
M0000582,N,66,0,9682.16,0,0,0,2012.52,5667.19,1.65
M0000583,N,35,0,6042.0,0,0,0,1512.01,5567.67,1.53
M0000584,N,37,2,35811.75,2,0,1,13905.7,42769.09,1.86
M0000585,N,53,1,4535.27,1,1,0,635.03,5671.37,1.02
M0000586,N,65,0,27685.13,0,3,1,6752.53,19765.16,0.72
M0000587,N,50,1,8671.43,0,1,0,1750.04,5541.56,0.73
M0000588,N,22,3,12268.74,0,1,0,3282.01,6794.33,0.65
M0000589,N,41,1,12814.07,0,1,0,1802.7,9253.74,1.44
M0000590,N,38,1,4174.8,1,2,0,2023.72,2921.14,0.0
M0000591,N,24,2,13464.4,0,2,0,3043.8,8675.76,1.25
M0000592,N,34,2,25216.13,0,1,1,10772.82,22409.77,0.94
M0000593,N,19,0,5045.43,0,0,0,1662.83,3495.44,0.88
M0000594,N,75,1,18390.52,0,2,0,7445.96,10742.33,2.34
M0000595,N,61,0,6579.92,1,0,1,3979.85,6619.29,0.59
M0000596,N,80,3,19771.73,1,1,1,3219.67,13064.36,0.64
M0000597,N,75,0,19079.44,1,1,0,3643.11,11989.68,1.25
M0000598,N,24,2,16763.56,0,0,2,1225.91,12512.85,2.39
M0000599,N,68,2,16150.83,0,2,0,8048.51,6378.72,1.94
M0000600,Y,68,5,261958.82,3,2,2,64467.41,169438.42,4.12
M0000601,N,56,1,7066.0,1,0,0,1799.69,7700.99,1.06
M0000602,N,19,2,4696.32,0,0,0,1711.96,4365.9,1.14
M0000603,N,66,0,38520.97,0,0,1,15562.12,14964.83,0.3
M0000604,N,42,2,10080.89,0,0,0,1677.38,9945.57,0.61
M0000605,N,46,0,5210.53,0,0,0,1555.23,4045.26,1.7
M0000606,N,59,0,9564.64,0,1,1,2971.61,5774.55,1.33
M0000607,N,45,0,6534.15,0,0,0,1717.17,6901.31,0.93
M0000608,N,35,0,9498.45,1,0,0,2647.1,10239.55,2.13
M0000609,N,58,0,8386.66,1,1,2,2080.31,9289.63,0.55
M0000610,N,31,0,11801.25,0,1,0,3992.25,10072.96,1.69
M0000611,N,34,0,22534.04,0,1,0,8678.62,12822.26,1.2
M0000612,Y,46,2,78523.66,4,3,2,45686.32,59898.31,4.96
M0000613,N,27,1,7071.41,1,0,0,6152.98,4679.96,0.87
M0000614,N,79,3,22112.02,1,3,0,4817.25,13165.85,1.74
M0000615,N,22,0,15497.65,0,0,1,5426.81,19013.15,0.91
M0000616,N,72,1,13736.36,0,1,1,6251.11,7592.04,2.7
M0000617,N,30,1,9459.64,0,0,0,3838.4,6539.49,0.34
M0000618,N,33,1,3962.35,0,0,1,1641.47,4140.6,0.6
M0000619,Y,84,6,168573.9,5,5,8,73409.34,103220.25,6.17
M0000620,N,35,0,6046.21,0,1,0,1260.83,4953.6,1.58
M0000621,N,21,2,11219.32,0,1,0,6668.82,9600.08,2.04
M0000622,N,79,1,11006.8,0,0,0,3676.57,8646.3,0.0
M0000623,N,66,1,25523.1,0,1,0,2172.49,23060.2,0.92
M0000624,N,33,2,6931.03,0,2,1,2150.8,4785.47,1.05
M0000625,N,49,0,3968.97,0,0,0,859.74,2813.62,0.03
M0000626,N,21,0,4755.96,0,1,0,2430.26,4990.95,1.33
M0000627,N,70,4,8904.59,0,0,1,2158.3,5221.03,0.0
M0000628,N,80,1,6767.32,0,1,0,921.96,6049.41,0.77
M0000629,N,26,3,58904.91,1,3,0,9874.12,39085.82,3.43
M0000630,N,38,1,12033.3,0,0,0,4539.87,14180.13,1.57
M0000631,N,64,1,12644.47,1,2,0,2313.53,12310.72,2.81
M0000632,N,72,3,38930.5,0,2,2,4995.96,27432.84,1.2
M0000633,N,54,0,2452.6,0,0,0,1426.89,1484.21,0.47
M0000634,N,43,2,13019.24,0,1,0,1255.46,16424.91,2.09
M0000635,N,60,3,9238.36,1,1,1,1755.04,13226.67,1.62
M0000636,N,46,1,24394.18,0,0,0,12410.47,9685.84,0.4
M0000637,N,40,1,15897.79,1,0,0,7479.29,11667.1,0.82
M0000638,N,39,1,6980.62,0,3,0,1825.47,10765.29,2.08
M0000639,N,59,1,6687.4,0,0,0,2169.57,3696.05,0.7
M0000640,N,56,1,4278.36,0,1,0,3991.39,3568.31,1.31
M0000641,N,37,0,4395.46,0,0,1,1417.4,4922.71,1.25
M0000642,N,56,0,7763.41,1,0,0,1311.74,10753.35,0.33
M0000643,N,76,0,16831.39,0,0,1,5269.9,8930.68,0.11
M0000644,Y,64,4,101205.7,4,2,3,34198.13,76061.72,3.68
M0000645,N,52,2,3687.82,0,0,0,2808.87,2919.41,0.9
M0000646,N,39,4,12457.69,1,2,0,3528.01,15806.27,1.69
M0000647,N,79,0,9116.56,0,0,0,983.23,8246.89,1.99
M0000648,N,63,1,3997.46,1,0,0,535.85,4229.41,1.03
M0000649,N,60,1,4789.8,0,3,0,808.17,5059.06,2.0
M0000650,N,42,1,8332.22,0,1,0,3076.02,9001.42,0.79
M0000651,N,70,0,8235.48,1,2,0,2754.02,7741.54,0.76
M0000652,N,70,1,38740.41,0,1,0,2307.03,40508.27,0.58
M0000653,N,75,2,12855.21,0,1,0,7132.29,11011.72,0.51
M0000654,N,38,3,24942.57,0,1,0,10522.56,10768.96,2.88
M0000655,N,78,2,11236.72,0,0,0,2525.54,6514.11,0.55
M0000656,N,56,0,19293.08,1,1,0,11797.45,5196.43,2.27
M0000657,N,54,1,16532.41,0,0,0,1790.83,13129.07,0.67
M0000658,N,51,0,9024.47,0,0,0,1697.6,7485.69,0.85
M0000659,N,20,3,14105.87,0,3,0,4975.9,6179.98,1.72
M0000660,N,37,0,2931.06,0,0,0,2221.55,2233.8,0.07
M0000661,N,36,1,13209.39,0,0,1,2028.13,17193.07,1.44
M0000662,N,62,2,3889.05,2,2,1,921.69,3897.79,0.77
M0000663,N,35,1,13515.33,1,3,0,8249.12,10103.17,2.46
M0000664,N,42,0,13579.36,0,0,0,4542.15,9070.28,0.0
M0000665,N,80,0,32976.67,0,2,0,6744.1,19119.15,1.54
M0000666,N,63,2,35354.73,1,1,0,8011.9,32308.83,0.95
M0000667,N,35,2,9803.4,0,0,0,1383.17,8243.21,0.16
M0000668,N,53,2,14001.31,0,0,0,5740.81,7077.36,1.47
M0000669,N,27,1,14478.97,0,0,1,5425.48,10260.62,0.66
M0000670,N,32,2,9431.29,0,0,0,4995.87,3936.39,0.71
M0000671,Y,61,7,138304.63,2,5,3,39135.31,148923.77,5.83
M0000672,N,49,2,26633.51,0,0,0,1241.02,20576.41,1.5
M0000673,N,72,0,7601.75,0,0,0,2433.93,10795.26,0.37
M0000674,N,59,0,14475.96,0,2,0,4553.6,7503.43,1.12
M0000675,N,63,0,12527.88,1,0,1,4297.25,7426.93,2.17
M0000676,N,20,1,5263.07,0,0,0,2163.49,5384.07,0.02
M0000677,N,79,0,8479.34,0,0,0,1237.6,10767.53,2.08
M0000678,N,30,2,11403.81,0,1,1,3508.22,5793.62,0.9
M0000679,N,57,2,28781.68,0,3,2,10587.98,15954.74,2.58
M0000680,N,43,0,8543.3,0,0,0,3612.55,3301.13,1.99
M0000681,N,50,0,14352.08,0,0,1,2675.61,10898.41,0.4
M0000682,N,74,0,2818.34,0,0,0,995.14,2442.8,0.81
M0000683,N,42,0,8327.23,0,0,0,778.68,7311.09,0.66
M0000684,N,58,1,4831.28,0,0,0,2286.37,2044.54,2.72
M0000685,N,19,1,12328.63,0,1,0,1374.57,8653.78,0.0
M0000686,N,34,0,16732.57,0,1,1,5475.05,12745.31,2.13
M0000687,N,21,2,15918.07,0,2,0,4979.33,7828.91,2.21
M0000688,N,59,0,3326.41,0,0,1,835.56,1879.48,0.16
M0000689,N,62,2,11579.05,0,1,0,1902.17,7524.01,1.25
M0000690,N,35,3,32958.5,0,0,0,1359.21,32328.2,1.32
M0000691,N,22,2,27693.96,2,2,0,7792.78,26588.46,2.12
M0000692,N,35,0,3617.59,0,0,0,606.97,2693.54,0.0
M0000693,N,54,2,17830.49,0,0,2,4919.85,10321.64,0.07
M0000694,N,74,1,4422.07,0,1,1,2781.19,2526.72,0.35
M0000695,N,69,1,16678.66,0,1,0,1184.8,16842.72,2.24
M0000696,N,79,1,9542.58,0,1,2,6591.13,5926.6,0.84
M0000697,N,48,2,17874.0,1,0,2,1584.98,14442.86,1.26
M0000698,N,61,2,3178.48,0,2,0,2441.64,1444.35,0.21
M0000699,N,45,0,11634.33,0,0,0,774.88,9282.69,1.98
M0000700,N,61,2,3919.26,1,2,1,778.99,3207.52,1.64
M0000701,N,19,0,5435.38,1,0,0,1861.78,4152.56,0.34
M0000702,N,61,1,6589.92,0,0,0,3698.89,4997.65,1.7
M0000703,N,35,1,14547.78,0,1,0,7093.54,13504.86,1.06
M0000704,N,31,2,4309.4,0,0,0,433.62,3500.09,0.61
M0000705,N,55,1,57639.93,1,0,0,2855.81,49675.52,0.93
M0000706,N,55,1,9091.36,1,2,1,5860.44,5492.8,0.63
M0000707,N,27,1,20173.61,1,0,1,10498.17,23609.3,2.52
M0000708,Y,77,5,125831.41,6,5,7,59413.76,87380.86,3.93
M0000709,N,22,0,45024.41,0,2,0,12801.59,24679.44,2.22
M0000710,N,77,0,11210.03,1,1,0,773.65,9612.36,2.7
M0000711,N,56,3,19704.78,0,2,0,2674.8,19666.33,1.56
M0000712,N,46,0,8800.39,0,0,0,2109.73,6056.85,0.53
M0000713,N,48,1,10198.21,0,0,0,1216.02,8139.54,1.17
M0000714,N,44,0,7174.88,1,0,0,1715.49,9553.77,1.63
M0000715,N,76,1,9648.05,0,0,0,2612.1,7734.37,2.13
M0000716,N,61,3,17778.39,2,4,1,7721.84,17300.76,2.48
M0000717,N,43,0,14094.04,1,0,0,1173.67,14506.34,0.96
M0000718,N,35,0,7448.77,1,1,0,598.25,9048.1,1.2
M0000719,N,71,0,7070.97,0,2,0,2514.77,4417.25,1.43
M0000720,N,64,0,10172.15,1,0,0,1570.87,7998.63,1.21
M0000721,N,74,0,2250.33,2,0,0,907.59,3104.94,1.06
M0000722,N,36,1,12429.27,0,3,1,5524.22,10494.96,1.42
M0000723,N,40,0,10223.3,0,0,0,2052.96,6745.8,0.0
M0000724,N,51,0,22624.17,0,2,1,2072.26,20364.49,1.37
M0000725,N,56,2,7071.64,0,0,0,6406.71,6383.32,2.32
M0000726,N,66,0,9170.6,0,1,0,1877.25,10160.14,0.0
M0000727,N,76,2,36460.5,1,2,0,32142.85,19802.09,3.32
M0000728,N,26,0,27580.37,0,0,0,5766.37,18705.54,1.33
M0000729,N,31,1,6402.12,0,0,0,2310.26,5410.65,1.05
M0000730,N,77,4,18652.43,2,1,0,6713.31,18397.68,1.9
M0000731,N,69,2,5648.09,0,2,0,1620.77,4773.49,1.41
M0000732,N,72,0,4323.5,0,0,1,1726.9,2310.68,0.17
M0000733,N,34,2,11357.61,1,1,1,3258.68,5766.98,2.25
M0000734,N,52,0,21149.95,1,2,0,4057.25,20893.9,0.96
M0000735,N,53,3,29709.63,1,1,0,13187.23,39656.92,2.11
M0000736,N,73,1,4053.57,0,0,0,1148.85,2803.45,0.07
M0000737,N,60,1,4274.26,0,0,0,1726.9,5173.34,0.5
M0000738,N,37,2,10204.46,0,0,0,694.96,9863.19,0.57
M0000739,N,48,1,9884.48,0,1,0,1566.27,12142.59,0.4
M0000740,N,37,1,6237.1,0,0,0,1793.86,8744.06,0.92
M0000741,N,65,1,16817.19,0,0,1,15680.29,13569.63,0.1
M0000742,N,79,0,6911.81,0,1,0,659.34,5011.7,0.51
M0000743,N,74,1,21886.85,0,0,0,8277.19,9793.1,0.69
M0000744,N,46,2,8576.47,1,0,0,2055.25,8045.81,2.17
M0000745,N,69,1,18535.31,0,0,0,2183.52,13951.49,1.02
M0000746,N,66,0,10947.9,0,1,0,3324.66,13628.44,1.58
M0000747,N,53,1,9843.92,0,1,0,1701.19,6996.59,0.35
M0000748,N,22,0,4166.67,0,0,0,943.85,5343.65,0.04
M0000749,N,47,0,16101.61,0,1,1,2085.83,14101.62,1.25
M0000750,N,41,2,12991.93,0,0,0,3290.99,7792.46,0.0
M0000751,N,29,1,6991.02,0,0,1,7239.51,4775.9,1.32
M0000752,N,65,0,11037.79,0,0,2,6851.1,7231.27,0.96
M0000753,N,59,1,5920.38,0,0,0,1379.5,6127.39,1.14
M0000754,N,25,0,6376.13,0,0,0,1126.63,5977.87,1.14
M0000755,N,65,0,12036.95,0,2,0,5475.04,4707.96,1.23
M0000756,N,22,1,4521.4,0,2,0,1009.75,3786.89,0.33
M0000757,N,22,2,19437.13,1,2,1,15044.59,5832.74,0.72
M0000758,N,39,1,11064.1,0,0,0,5237.48,9009.29,1.18
M0000759,N,64,2,9952.0,0,0,0,4902.44,5306.19,2.61
M0000760,N,26,0,24127.85,1,2,1,3861.74,22687.66,3.45
M0000761,N,66,1,20877.45,0,1,0,13859.77,6306.67,1.75
M0000762,N,37,1,7351.09,0,0,0,2644.46,10698.91,0.86
M0000763,N,19,2,12767.41,0,0,0,1297.66,11038.1,0.25
M0000764,N,67,2,9013.02,0,1,0,3132.17,9507.52,2.37
M0000765,Y,77,5,298274.95,3,5,3,53217.58,222818.06,4.12
M0000766,N,28,2,2401.7,0,1,0,981.64,3094.21,1.35
M0000767,N,67,2,42422.07,1,1,0,13467.39,30256.37,2.98
M0000768,N,60,0,14418.48,0,2,1,8367.19,15453.37,1.11
M0000769,N,22,0,17717.54,0,0,0,2013.21,22679.9,0.49
M0000770,N,53,1,8549.86,0,0,0,4315.46,9050.27,0.74
M0000771,N,62,1,5118.33,0,0,0,2875.64,1963.0,0.95
M0000772,N,46,2,27487.18,1,1,1,2450.74,21671.26,1.26
M0000773,N,41,1,14385.71,0,1,0,2178.28,9281.34,0.89
M0000774,N,30,0,37359.78,1,1,0,22662.55,7596.81,1.03
M0000775,N,18,3,19472.55,0,1,1,2644.62,14143.82,1.65
M0000776,N,38,1,8545.2,0,1,0,3025.92,12047.57,0.0
M0000777,N,27,2,39515.83,0,2,0,2207.69,33406.82,2.46
M0000778,N,53,2,26048.0,1,0,0,14644.38,12554.23,0.85
M0000779,N,63,1,15366.12,0,1,0,901.91,17319.34,0.0
M0000780,N,69,0,6822.05,0,0,0,577.36,5023.09,0.26
M0000781,N,48,0,4607.9,1,0,0,2646.22,3428.84,0.64
M0000782,N,33,2,8381.29,1,0,0,4013.2,4054.25,1.23
M0000783,N,28,2,25392.59,1,1,0,3424.59,17619.34,0.9
M0000784,N,33,0,11216.17,0,3,0,2361.07,11032.85,0.0
M0000785,N,53,2,8251.49,0,3,0,2040.88,8767.62,0.58
M0000786,N,69,0,7011.65,0,0,0,909.32,6251.05,0.5
M0000787,N,19,1,10494.55,1,2,1,2844.0,9591.63,1.28
M0000788,N,40,0,16140.32,0,1,0,3706.95,20683.7,1.45
M0000789,N,64,0,3220.83,0,1,0,1697.18,2608.5,1.13
M0000790,N,39,0,6903.46,0,0,0,1977.52,4333.11,0.32
M0000791,N,19,0,5832.33,0,0,1,1756.17,4456.68,3.14
M0000792,N,56,0,4869.52,0,0,0,2453.97,1577.6,0.8
M0000793,N,40,1,9255.0,0,0,0,3408.07,4556.9,0.07
M0000794,N,76,0,17155.98,1,0,1,1041.61,16183.34,1.59
M0000795,N,41,1,6072.38,0,1,0,770.12,4516.88,1.02
M0000796,N,39,0,2826.95,0,0,1,1991.37,2976.7,0.66
M0000797,N,19,0,25281.57,1,0,0,1113.47,25889.07,0.0
M0000798,N,46,0,6638.03,0,0,0,2694.45,6026.1,0.79
M0000799,N,32,1,44717.18,1,1,0,5871.83,36637.11,1.13
M0000800,N,63,1,6497.22,0,0,1,1066.29,6187.36,0.85
M0000801,N,64,1,6501.75,1,1,0,494.94,7915.49,1.87
M0000802,N,33,1,19665.05,0,2,0,3434.12,14955.64,0.58
M0000803,N,48,0,6852.71,0,1,0,2771.74,3502.82,1.51
M0000804,N,20,0,8619.28,0,1,0,2560.42,5791.27,0.32
M0000805,N,32,1,9989.06,0,1,0,2421.1,9032.9,0.0
M0000806,N,64,3,17305.87,0,0,0,11113.8,7097.51,1.59
M0000807,N,45,0,7745.58,0,0,0,3791.55,5299.35,0.15
M0000808,N,37,2,21730.18,0,0,0,4993.27,14959.54,1.83
M0000809,N,66,3,11657.85,0,1,0,2492.88,10124.89,0.63
M0000810,N,42,1,11036.79,0,0,0,2214.0,7298.26,0.86
M0000811,N,30,0,7199.48,1,0,0,824.47,5258.42,0.85
M0000812,N,31,0,8138.61,0,0,1,2888.29,7370.02,0.81
M0000813,N,51,1,8447.75,0,0,0,1878.35,8370.99,2.08
M0000814,N,48,1,6693.02,0,0,0,624.43,6904.31,0.59
M0000815,N,38,1,10475.91,0,1,1,7683.86,5918.77,1.92
M0000816,N,77,0,13937.76,0,0,0,1152.07,11686.78,3.38
M0000817,N,29,2,6115.11,0,0,0,3951.91,4313.83,1.19
M0000818,N,78,3,22075.67,0,1,0,10961.87,12949.23,1.54
M0000819,N,47,1,3562.25,0,0,0,1057.64,4228.94,0.0
M0000820,N,39,2,11374.85,0,1,1,3758.17,7708.52,1.58
M0000821,N,54,1,5595.03,0,0,1,744.43,4295.74,0.0
M0000822,Y,72,5,214763.93,2,2,3,71372.52,142564.67,2.76
M0000823,N,59,1,10190.63,1,0,0,686.83,7982.65,0.34
M0000824,N,47,0,8928.31,0,0,1,5925.72,2461.98,0.0
M0000825,N,56,0,10743.92,0,0,0,1490.32,8985.73,0.0
M0000826,N,76,0,20612.52,0,3,0,5533.39,27329.23,0.01
M0000827,N,79,0,7475.13,0,0,0,1048.62,5139.81,0.94
M0000828,N,18,0,5560.4,0,1,0,2084.48,6054.3,0.25
M0000829,N,23,2,11416.93,0,0,0,1849.54,17151.48,0.68
M0000830,N,33,3,28675.58,0,0,0,6957.05,19497.49,0.07
M0000831,N,61,3,31214.13,0,2,1,4173.11,27493.07,1.24
M0000832,N,34,1,4466.03,0,3,0,846.67,3171.47,0.62
M0000833,N,77,1,3083.11,1,3,0,1389.36,2967.58,0.0
M0000834,Y,68,7,360900.63,2,6,5,156146.81,151857.34,7.23
M0000835,N,45,0,13858.44,0,0,0,4331.73,9037.9,1.91
M0000836,N,34,2,12310.9,0,0,1,10650.44,5742.43,0.0
M0000837,N,59,0,41186.56,2,2,0,1665.16,33203.16,1.77
M0000838,N,78,1,7145.37,1,1,0,3903.84,1683.27,0.52
M0000839,N,61,2,13107.16,0,0,0,1902.93,12632.8,0.37
M0000840,N,36,0,5143.01,0,0,0,3733.91,4714.55,1.89
M0000841,N,22,1,7183.06,0,1,0,1780.55,11150.89,1.09
M0000842,N,18,1,9216.04,0,1,0,1786.61,10984.13,0.0
M0000843,N,21,0,4935.18,0,1,0,923.61,3906.56,1.47
M0000844,N,73,4,19517.01,0,0,0,2901.89,23868.95,1.51
M0000845,N,31,2,5475.07,0,0,0,4336.32,3761.3,0.9
M0000846,N,30,2,28855.23,0,2,0,4057.38,39619.44,0.0
M0000847,N,63,1,11760.56,1,1,2,4731.04,12642.64,0.15
M0000848,N,74,0,9331.15,0,0,0,2388.36,5575.98,0.29
M0000849,N,20,1,13892.77,0,3,0,6878.38,11792.08,0.96
M0000850,N,59,0,23325.03,0,0,0,1299.85,20418.29,0.0
M0000851,N,25,1,8359.2,0,0,0,2468.81,10370.65,0.8
M0000852,Y,59,4,253540.07,1,1,4,41838.19,170398.15,3.49
M0000853,N,39,1,7701.88,0,1,0,689.0,5815.18,0.23
M0000854,N,74,1,5448.59,0,1,1,866.06,3672.87,0.67
M0000855,N,73,1,4163.22,0,0,0,2496.53,1117.64,1.09
M0000856,N,22,0,5027.52,0,0,1,1107.16,4271.59,1.62
M0000857,N,25,0,13952.19,0,0,2,947.89,11079.92,1.37
M0000858,N,22,2,16108.34,0,0,0,1413.5,16188.81,1.3
M0000859,N,18,1,14599.8,1,1,1,6158.62,11428.87,1.08
M0000860,N,76,0,22418.49,0,0,0,2794.69,17473.99,1.33
M0000861,N,25,2,17302.07,1,0,1,3842.43,17625.38,0.8
M0000862,N,61,2,7395.19,1,0,0,3402.86,4859.23,1.49
M0000863,N,78,0,6482.4,0,0,0,1399.93,4388.27,1.03
M0000864,Y,75,5,89692.44,4,1,6,47451.65,76170.67,6.3
M0000865,N,75,0,10854.2,1,0,1,4170.36,8015.36,0.12
M0000866,N,32,0,3764.39,0,0,0,1829.24,4858.83,0.53
M0000867,N,36,0,6784.01,0,1,0,1654.01,4691.33,0.0
M0000868,N,48,0,11464.75,1,0,0,2361.08,8767.62,0.07
M0000869,N,27,2,30846.98,0,0,0,4360.34,26964.19,2.22
M0000870,N,25,1,5544.69,0,0,0,2015.26,6407.14,0.05
M0000871,N,37,1,10632.0,0,0,0,2828.97,9389.8,1.51
M0000872,N,31,0,14589.66,0,0,0,3434.68,19370.1,0.59
M0000873,N,22,2,9907.32,1,0,0,7414.76,8482.73,2.0
M0000874,N,51,1,3521.35,1,0,0,1831.35,3791.99,1.47
M0000875,N,21,2,14419.72,0,1,0,2986.69,21624.2,1.39
M0000876,N,71,0,23795.48,0,0,1,1484.35,17596.18,3.15
M0000877,N,54,0,7540.99,0,0,0,1569.07,10031.93,0.0
M0000878,N,56,4,20678.12,1,2,1,3700.56,18633.2,2.3
M0000879,N,18,1,16534.54,0,2,1,3572.75,26064.17,1.22
M0000880,N,45,1,18484.51,1,2,0,21928.78,7781.07,2.73
M0000881,N,73,3,23720.84,0,1,1,2595.52,16213.06,1.43
M0000882,N,42,1,16367.93,0,2,0,3530.38,12838.81,1.58
M0000883,N,53,2,9953.73,0,0,0,2851.65,8904.66,0.8
M0000884,N,70,0,6407.95,1,1,0,1555.04,6370.35,0.83
M0000885,N,77,0,10042.88,1,2,0,1115.61,14907.09,1.38
M0000886,N,75,2,15814.91,0,1,0,6784.76,6404.86,1.7
M0000887,N,72,1,37493.92,1,3,0,19248.12,28251.74,3.4
M0000888,Y,38,6,133994.0,4,1,2,93040.53,90598.39,3.92
M0000889,N,18,3,33445.84,0,1,2,5806.63,23751.8,2.37
M0000890,N,23,0,5758.99,0,2,0,1259.98,4160.56,1.01
M0000891,N,26,2,11383.31,0,2,1,5369.31,4812.74,0.47
M0000892,N,55,1,11163.55,0,0,0,601.63,13840.13,1.02
M0000893,N,53,1,4872.19,0,1,1,2110.55,6235.4,1.63
M0000894,N,77,1,22547.27,1,1,1,4029.34,19850.89,0.59
M0000895,N,73,1,2757.06,1,0,0,356.25,4547.55,0.74
M0000896,N,50,1,36952.85,1,1,0,2259.42,42005.12,0.64
M0000897,N,27,2,20775.78,0,1,2,3202.11,16817.03,1.89
M0000898,N,48,0,7439.18,0,0,1,4794.96,4487.65,0.82
M0000899,N,52,0,16566.36,0,1,0,4163.35,19449.38,1.13
M0000900,N,66,2,18275.88,0,0,1,454.16,17117.09,0.0
M0000901,N,51,0,4347.96,1,1,0,967.93,4245.93,0.0
M0000902,N,35,0,14465.47,0,1,1,10214.11,6251.91,1.86
M0000903,N,54,1,11176.59,1,0,0,2356.24,8148.31,1.76
M0000904,N,77,1,7361.39,1,1,0,2847.36,6090.03,1.04
M0000905,N,28,2,9494.32,0,0,0,6454.76,10747.91,0.26
M0000906,N,51,1,20791.84,1,2,3,9290.26,9100.9,2.14
M0000907,N,32,1,23316.18,1,0,2,9345.85,27550.17,1.6
M0000908,N,65,2,8283.39,0,0,0,1803.14,11599.93,1.8
M0000909,N,45,3,6681.43,1,1,0,3977.72,5730.97,1.85
M0000910,N,62,3,31712.18,0,0,0,9032.66,19443.26,3.41
M0000911,N,64,1,6816.88,0,0,0,1791.06,4296.86,1.2
M0000912,N,66,2,7173.89,0,0,0,1754.05,6917.75,0.0
M0000913,N,34,0,9336.67,0,0,0,3222.34,4894.5,0.0
M0000914,N,34,2,6497.35,0,0,0,1202.86,4260.53,0.11
M0000915,N,40,1,5384.51,0,0,0,560.72,4296.59,0.0
M0000916,N,33,0,3153.28,0,0,1,1277.16,2086.43,0.0
M0000917,N,55,0,5808.54,0,0,0,565.89,7211.08,0.72
M0000918,N,30,1,7286.13,1,2,1,1348.42,7532.84,0.0
M0000919,N,50,1,12181.21,1,1,0,2908.58,9249.43,1.21
M0000920,N,75,2,10246.9,0,2,1,3847.21,13567.79,2.26
M0000921,N,72,1,9865.21,1,0,0,1908.98,5943.54,1.87
M0000922,N,34,0,17729.4,0,0,0,2185.96,11698.04,1.31
M0000923,N,25,2,2971.34,0,0,0,380.73,3184.1,0.62
M0000924,N,44,1,5997.54,0,0,0,4217.98,2362.55,0.31
M0000925,N,26,2,10632.76,0,1,0,5720.95,7810.88,1.23
M0000926,N,68,1,20126.43,0,0,0,5541.13,12687.83,0.0
M0000927,N,41,0,5612.34,1,0,0,1891.08,4870.17,1.74
M0000928,N,76,2,10179.63,0,0,0,6130.18,8857.35,0.61
M0000929,N,24,1,14148.61,1,2,0,1587.15,15659.43,1.45
M0000930,N,18,0,4950.76,0,1,0,3052.1,4066.37,2.54
M0000931,N,56,1,18117.8,0,0,0,14923.75,17977.61,2.36
M0000932,N,41,0,27106.43,0,0,1,3966.07,23271.05,0.0
M0000933,N,41,2,7134.71,0,2,1,6247.44,6119.68,3.27
M0000934,N,75,0,6938.07,0,0,0,4046.27,6965.21,0.26
M0000935,N,29,1,5239.86,0,0,0,1348.6,4515.08,2.15
M0000936,N,43,2,13801.63,1,1,1,6057.4,12927.69,0.08
M0000937,N,29,1,15228.8,0,1,0,3364.89,10853.48,2.25
M0000938,N,57,1,7095.02,0,0,1,3555.78,5519.81,0.01
M0000939,Y,38,6,280205.27,4,4,2,167820.19,188245.63,6.71
M0000940,N,73,1,28945.63,1,0,0,4893.83,37052.45,2.61
M0000941,N,27,1,6684.98,0,0,0,3740.19,4184.37,1.27
M0000942,N,44,3,9999.7,0,2,0,2282.77,5643.5,0.26
M0000943,N,45,2,7632.33,0,1,0,5398.77,7219.8,1.0
M0000944,N,65,1,18226.16,0,0,0,1806.36,13711.7,0.0
M0000945,N,22,1,18037.73,1,1,1,4830.61,22942.33,4.13
M0000946,N,74,1,8799.92,0,1,1,6384.55,9307.77,1.02
M0000947,N,53,1,18653.67,0,0,0,1936.25,23264.21,2.44
M0000948,N,55,1,8104.41,0,0,0,2531.33,4170.53,0.0
M0000949,N,25,0,4407.1,0,1,0,1377.55,4705.12,0.13
M0000950,N,50,0,18612.69,0,0,0,5936.64,16043.25,1.48
M0000951,N,22,0,5712.35,0,1,0,912.78,5362.56,1.79
M0000952,N,35,1,13139.4,0,1,0,1185.69,9819.36,1.17
M0000953,N,42,2,6639.61,0,0,0,2667.23,7172.98,0.0
M0000954,N,31,0,13489.96,0,1,0,453.56,10243.85,0.84
M0000955,N,48,0,2943.03,0,0,0,572.98,3028.2,1.25
M0000956,N,68,2,7379.49,0,2,1,6082.5,4790.38,1.13
M0000957,N,29,1,3318.04,0,0,0,973.54,5044.44,0.0
M0000958,N,65,0,20393.62,1,0,0,8775.27,15088.2,1.85
M0000959,N,31,2,12244.69,0,3,0,4630.16,10911.6,1.64
M0000960,N,70,0,2959.13,0,0,0,1387.28,1715.14,2.15
M0000961,N,36,1,10627.41,0,1,0,5131.91,3428.36,0.45
M0000962,Y,60,6,283813.47,4,3,5,71558.56,227836.28,4.97
M0000963,N,65,0,6198.02,0,0,0,1962.17,8319.47,0.77
M0000964,N,58,1,12788.24,0,1,0,1758.39,12309.73,1.26
M0000965,N,61,3,5096.47,0,2,1,2244.59,6172.16,0.55
M0000966,N,67,1,15175.8,2,1,0,3301.93,9505.62,3.61
M0000967,N,37,1,2623.77,0,0,0,886.6,2926.84,0.0
M0000968,N,31,2,22398.92,0,2,0,12008.03,16143.26,2.37
M0000969,N,40,3,9161.93,1,0,1,3394.75,4749.56,2.59
M0000970,N,28,2,17301.07,0,1,0,6670.18,8621.28,1.81
M0000971,N,24,3,83329.25,1,3,0,12133.73,66931.96,1.73
M0000972,N,60,0,32583.14,0,1,0,5138.13,30506.03,1.82
M0000973,N,44,1,17320.08,0,2,0,4446.6,21045.69,3.12
M0000974,Y,64,5,121878.47,3,2,1,56845.75,94789.9,4.51
M0000975,N,53,0,3129.03,0,0,0,1626.92,3225.17,1.52
M0000976,N,58,3,6568.3,0,0,0,4181.45,6195.12,0.68
M0000977,N,54,1,4449.01,0,0,0,379.7,3432.55,0.52
M0000978,N,71,0,6472.22,1,2,2,344.1,6314.96,1.17
M0000979,N,29,0,5655.04,0,0,2,831.29,6886.59,1.06
M0000980,N,24,1,28724.83,0,0,1,8178.67,15906.87,0.24
M0000981,N,27,0,5960.52,0,0,1,991.87,4098.56,1.65
M0000982,N,63,0,11662.0,1,1,0,1915.22,10869.78,0.31
M0000983,N,21,3,26264.28,1,2,0,11237.14,10326.4,2.49
M0000984,N,50,1,8161.79,0,1,0,2400.42,7990.92,0.0
M0000985,N,72,1,12141.32,0,0,0,1347.81,16645.1,1.77
M0000986,N,23,1,7265.71,0,1,0,3507.18,8323.26,0.45
M0000987,N,74,0,23396.7,0,2,0,16753.63,5639.41,1.89
M0000988,N,75,1,13921.09,0,0,0,4637.57,11090.22,0.0
M0000989,N,46,0,4651.43,0,1,0,632.77,5014.06,0.48
M0000990,N,29,1,10011.64,0,2,0,2888.38,14216.07,1.83
M0000991,N,56,2,15402.23,0,2,0,1350.91,11440.32,0.0
M0000992,N,32,2,8477.87,1,3,0,3822.34,8184.81,1.3
M0000993,N,55,0,5946.47,1,2,1,945.63,9855.37,1.2
M0000994,N,22,0,8384.04,0,0,0,445.61,9262.65,0.97
M0000995,N,49,1,22797.69,0,1,0,2847.82,19175.17,0.0
M0000996,N,58,1,37224.57,0,0,0,3095.76,38725.56,1.48
M0000997,N,47,0,6966.12,0,1,0,3085.76,3775.99,1.7
M0000998,N,56,1,7487.44,0,0,0,3896.98,9139.99,2.84
M0000999,N,22,2,10670.07,0,1,1,2665.73,11847.14,1.39
M0001000,N,26,0,11289.73,0,0,1,1351.09,10646.63,2.11
M0001001,N,22,1,13089.98,0,0,1,5815.14,13078.25,1.47
M0001002,N,61,0,6950.33,0,0,0,3718.88,5143.91,0.49
M0001003,N,71,3,15484.35,1,2,1,9742.66,3263.99,1.49
M0001004,N,36,1,20762.02,0,2,0,2270.65,16628.01,0.0
M0001005,N,60,1,1969.63,0,0,1,309.68,1967.77,0.58
M0001006,N,52,2,10331.62,0,1,0,12523.81,3288.65,1.62
M0001007,N,38,2,12309.14,0,1,1,6686.65,6935.76,0.63
M0001008,N,71,2,32838.31,0,1,0,8056.54,31404.72,0.93
M0001009,N,22,1,9880.29,0,0,0,1586.66,6490.95,0.71
M0001010,N,77,0,7951.6,0,0,0,1388.94,11247.73,1.37
M0001011,N,59,0,12955.16,0,1,0,3013.57,10016.23,1.45
M0001012,N,39,1,13078.58,0,0,0,7146.76,5076.35,0.62
M0001013,N,38,0,5793.43,0,2,0,1880.3,3373.12,0.67
M0001014,N,40,1,5182.97,0,0,0,1417.42,3655.43,1.4
M0001015,N,68,2,12371.76,1,1,0,7079.46,6973.42,1.55
M0001016,N,53,0,7550.32,0,2,0,4316.62,7818.11,0.86
M0001017,N,73,0,3859.76,0,0,0,733.28,4777.11,1.57
M0001018,N,79,2,7193.57,0,0,0,2858.46,3513.03,0.34
M0001019,N,19,3,6665.16,0,1,0,3265.64,5118.87,0.84
M0001020,N,39,1,13584.28,0,0,0,3703.88,11812.74,1.54
M0001021,N,70,2,22708.89,0,0,0,6446.14,19695.08,1.56
M0001022,N,40,2,9708.73,0,0,0,3756.45,5055.86,0.0
M0001023,N,74,1,13102.94,0,1,0,2352.38,9180.06,1.04
M0001024,N,39,0,9393.96,0,0,0,5438.48,10607.89,1.08
M0001025,N,46,2,16269.57,0,0,0,5692.92,15629.01,1.84
M0001026,N,27,0,3091.49,0,0,1,700.47,2965.6,1.27
M0001027,N,80,1,4111.6,0,1,1,751.09,5776.02,2.06
M0001028,N,48,2,8868.71,1,0,0,2052.13,10495.21,0.73
M0001029,N,37,3,4731.28,1,0,0,2520.05,5873.99,2.3
M0001030,N,80,2,11243.74,0,0,0,1302.84,18636.98,1.55
M0001031,N,23,0,6733.75,0,0,1,4508.37,5056.37,0.86
M0001032,N,62,1,10101.9,0,1,0,5425.45,8143.5,1.38
M0001033,N,43,4,20609.45,0,2,0,4188.26,13225.42,1.8
M0001034,N,66,1,10580.59,0,2,1,1378.08,10941.75,1.76
M0001035,N,20,2,13487.29,0,0,0,3041.55,7743.75,1.18
M0001036,N,21,1,15060.66,0,1,2,6552.81,13935.51,2.09
M0001037,N,30,0,6610.71,0,0,0,3173.08,4095.53,1.06
M0001038,N,30,1,11078.8,0,0,0,6676.49,5588.21,0.78
M0001039,N,74,2,10079.64,0,0,0,1370.28,8795.27,0.61
M0001040,N,54,0,3363.46,0,1,0,2102.39,1955.16,0.45
M0001041,Y,80,4,231590.37,1,5,2,98993.92,166641.48,5.45
M0001042,N,23,1,6347.22,0,1,0,3915.16,5860.3,0.65
M0001043,N,69,2,17469.97,0,1,1,6708.27,10619.4,2.53
M0001044,N,56,1,12063.85,0,1,1,5751.43,12331.51,1.27
M0001045,N,48,0,8336.54,0,0,0,2525.1,5952.72,1.17
M0001046,N,67,1,6122.64,0,0,1,3378.5,3466.91,0.17
M0001047,N,35,0,3578.14,0,0,0,1455.05,4585.95,0.65
M0001048,N,51,0,22137.16,2,0,1,7062.68,10725.25,1.45
M0001049,N,63,1,19733.77,0,1,1,3177.91,15718.66,2.31
M0001050,N,55,1,14631.27,0,0,0,4626.3,8739.07,1.68
M0001051,N,49,2,2873.85,0,0,0,337.62,2835.04,0.0
M0001052,N,61,2,21382.7,0,0,1,8130.12,8610.56,0.94
M0001053,N,78,3,22810.92,1,2,0,1882.78,17920.84,1.76
M0001054,N,29,1,15907.62,1,0,0,1750.09,11576.64,0.17
M0001055,N,49,2,17688.92,0,0,0,7919.46,7167.35,2.86
M0001056,N,70,0,4053.7,0,1,0,2317.2,2853.07,0.25
M0001057,N,51,1,13731.85,1,1,1,4384.74,6913.7,1.66
M0001058,N,22,2,34719.84,0,1,0,13075.43,16784.66,2.82
M0001059,N,34,0,8667.86,0,1,1,4072.64,5142.61,1.35
M0001060,N,52,0,6621.63,0,2,0,2547.14,6599.59,2.56
M0001061,N,59,0,19745.74,0,1,0,1660.2,26664.31,0.25
M0001062,N,73,1,14575.67,1,0,0,2971.58,12210.97,1.28
M0001063,N,35,0,5728.17,0,2,0,2223.08,4211.36,1.55
M0001064,N,36,2,2918.22,0,1,0,2237.14,2675.59,0.47
M0001065,N,21,1,11275.75,0,0,1,6073.81,4544.44,1.7
M0001066,N,38,1,6122.31,0,0,0,3972.87,5319.54,0.0
M0001067,N,75,0,8378.04,1,0,0,4291.71,3581.16,0.51
M0001068,N,56,0,17063.44,0,1,0,1085.93,15145.72,1.38
M0001069,N,24,3,6444.74,0,0,1,1194.23,6377.42,0.3
M0001070,N,51,1,9955.69,0,2,0,1724.89,6766.72,1.82
M0001071,N,74,1,17812.27,1,1,0,10611.4,13862.88,1.52
M0001072,N,36,0,6326.07,0,0,1,1845.79,4874.66,1.69
M0001073,N,53,1,11297.83,0,1,0,2829.44,8138.92,1.91
M0001074,N,25,1,8796.72,0,0,0,6214.74,7724.88,1.33
M0001075,N,38,0,16697.88,0,0,0,7968.53,6509.11,1.01
M0001076,N,32,0,13467.98,0,1,0,7091.52,7691.1,0.0
M0001077,N,60,0,13165.4,0,1,0,4995.72,8615.63,1.76
M0001078,N,23,0,12299.62,0,0,1,1457.29,9941.61,0.0
M0001079,N,30,0,9929.71,0,0,0,1401.28,9696.49,1.38
M0001080,N,22,3,16676.34,0,4,1,4091.38,16791.73,1.86
M0001081,N,73,2,32987.89,0,0,2,5365.38,24159.41,3.32
M0001082,N,73,1,5585.38,0,0,0,1804.21,3144.31,0.4
M0001083,N,40,1,7723.12,0,0,0,9651.69,3760.38,0.0
M0001084,N,29,1,30320.03,0,2,1,19916.23,5402.23,1.89
M0001085,N,28,0,14849.17,0,0,0,9365.31,3723.22,0.4
M0001086,N,39,0,3120.47,0,0,1,633.16,2387.89,0.11
M0001087,N,57,2,14909.73,0,1,1,11131.48,12767.08,2.53
M0001088,N,30,3,28915.59,0,0,0,3669.69,26935.05,2.09
M0001089,N,29,2,2956.75,0,0,0,1647.58,2327.55,0.0
M0001090,N,28,0,7802.61,0,1,0,1147.43,6473.43,2.32
M0001091,N,30,2,5826.16,0,0,1,888.6,5644.78,1.32
M0001092,N,60,0,7240.17,1,0,1,1488.54,6810.08,0.53
M0001093,N,27,1,14020.26,0,0,1,2230.93,9028.41,0.0
M0001094,N,48,1,22968.91,0,0,0,5923.5,20380.43,1.33
M0001095,N,54,2,22536.64,1,0,0,6873.48,15580.13,1.99
M0001096,N,25,0,10216.62,0,0,0,2335.31,13605.47,1.12
M0001097,N,41,0,5515.23,1,0,0,3073.54,2952.63,0.89
M0001098,N,56,0,18510.14,0,2,0,2237.13,13151.46,1.32
M0001099,N,51,1,12586.24,0,2,0,9703.75,3381.26,0.72
M0001100,N,19,2,18767.46,1,3,1,1312.58,19147.12,1.88
M0001101,N,35,2,9865.19,0,0,0,3618.86,5119.81,0.0
M0001102,N,38,2,22196.35,0,0,0,1264.36,19144.25,1.8
M0001103,N,42,0,7539.49,0,0,0,1139.75,6374.49,0.97
M0001104,N,46,1,2559.93,0,1,1,897.99,3389.55,0.0
M0001105,N,32,1,3718.19,0,0,1,1739.81,4086.74,0.0
M0001106,N,71,0,9584.57,0,0,0,2731.52,11165.56,2.59
M0001107,N,79,1,3829.62,0,1,0,2172.97,4063.42,0.49
M0001108,Y,86,5,291702.24,3,6,4,165660.08,99185.77,6.93
M0001109,N,23,3,12488.4,0,2,2,3154.25,10590.44,1.29
M0001110,N,64,1,7177.69,1,2,0,517.76,5697.38,0.75
M0001111,N,77,3,16763.86,1,1,2,7612.69,17111.98,2.11
M0001112,N,46,0,5783.98,0,0,0,1329.0,3754.39,0.34
M0001113,N,27,1,11218.46,1,0,0,2366.67,9586.81,2.15
M0001114,N,71,1,10100.27,0,2,0,2428.86,6942.5,1.73
M0001115,N,26,1,8867.56,1,1,0,3733.26,5773.3,0.0
M0001116,N,68,2,24961.04,0,0,1,8156.83,11693.95,2.64
M0001117,N,72,0,14636.77,1,0,0,1591.74,13278.1,1.96
M0001118,N,34,0,13484.65,0,1,0,7158.44,6308.33,0.46
M0001119,N,49,0,9240.13,1,1,1,1952.25,8254.15,1.45
M0001120,N,28,1,30009.24,0,3,1,7686.27,42639.75,1.09
M0001121,N,79,2,4791.05,0,1,1,1516.53,6825.42,0.9
M0001122,N,37,0,6718.93,0,0,0,1193.15,5242.18,0.76
M0001123,N,49,1,20681.82,0,1,0,14113.27,8937.21,0.14
M0001124,N,66,0,5536.34,0,1,0,4244.21,5789.63,0.0
M0001125,N,51,2,6426.39,0,1,0,1042.27,6498.12,1.35
M0001126,N,18,0,21671.24,0,1,0,3270.37,17926.42,0.34
M0001127,N,39,2,15368.96,0,0,0,17685.32,9477.6,0.95
M0001128,N,62,1,43218.6,1,2,1,11988.05,22456.64,1.94
M0001129,N,39,0,2942.21,0,0,2,1215.29,4025.36,1.09
M0001130,N,46,0,16792.0,0,2,0,4848.81,9627.08,2.09
M0001131,N,69,2,24579.57,0,2,1,9663.82,25166.26,2.09
M0001132,N,32,0,8273.4,0,0,0,835.12,8200.31,2.01
M0001133,N,62,2,3628.51,0,0,1,816.54,2801.51,0.98
M0001134,N,35,0,24630.04,0,0,1,1382.38,21065.03,0.92
M0001135,N,30,3,5450.35,0,1,0,3183.75,6028.17,1.62
M0001136,N,51,1,16233.57,0,1,1,5247.72,9750.82,1.58
M0001137,N,33,1,4816.18,0,0,0,1134.53,3346.59,0.0
M0001138,N,32,1,13131.65,0,0,0,780.44,11124.24,0.23
M0001139,N,44,0,5887.13,1,0,0,986.09,3693.72,0.42
M0001140,N,36,0,7577.07,1,0,0,1120.5,9951.29,1.78
M0001141,N,18,2,23316.46,0,0,1,6043.73,16135.2,1.41
M0001142,N,18,1,25152.33,1,0,1,1538.24,28455.51,1.85
M0001143,N,25,1,12002.36,1,2,0,3527.77,16217.14,2.17
M0001144,N,31,0,20619.61,0,0,0,5154.22,14358.01,0.0
M0001145,N,68,0,14160.7,0,0,0,5311.09,6555.66,2.15
M0001146,N,80,3,22828.0,0,0,1,10282.63,20721.43,0.68
M0001147,N,72,2,24551.87,1,3,0,24690.87,9866.6,1.45
M0001148,N,52,0,11921.88,0,2,1,1273.43,10276.39,0.6
M0001149,N,65,2,4449.14,0,1,0,1395.65,6318.07,0.0
M0001150,N,31,2,4596.6,1,0,1,1950.78,4988.59,2.9
M0001151,N,29,0,7952.67,0,0,0,5549.46,4450.86,1.21
M0001152,N,58,2,12204.74,0,0,0,1187.09,9511.24,0.91
M0001153,N,61,1,5732.12,1,0,2,2753.2,7476.24,2.45
M0001154,N,28,0,3793.78,0,1,1,1189.67,5263.08,0.2
M0001155,N,63,1,13296.61,0,0,0,5527.02,8808.83,1.79
M0001156,N,50,1,45011.52,0,0,0,10358.75,25161.9,0.58
M0001157,N,42,1,13494.48,0,3,1,852.92,14543.04,1.48
M0001158,N,53,1,26173.95,0,0,0,9415.5,12990.27,0.75
M0001159,N,20,1,9849.71,0,2,0,4886.33,3330.64,0.31
M0001160,N,44,0,19298.44,0,0,0,4040.53,18977.56,0.84
M0001161,N,21,2,12482.41,0,2,0,5490.38,8773.79,0.85
M0001162,N,65,1,16253.48,1,3,1,2843.63,12667.1,1.8
M0001163,N,68,0,5080.64,0,0,0,2506.24,5265.62,0.63
M0001164,N,31,3,3378.59,0,1,0,1355.73,1723.71,0.33
M0001165,N,49,1,13384.8,0,2,0,8592.75,13098.98,2.18
M0001166,Y,54,5,335522.53,3,4,2,113243.91,172550.09,6.52
M0001167,N,33,1,2745.76,0,1,0,1197.11,2426.43,0.0
M0001168,N,31,1,21103.29,0,1,0,13807.13,10812.26,2.89
M0001169,N,41,1,24473.26,1,0,0,3494.48,17262.52,0.88
M0001170,N,24,1,6949.32,0,0,0,2041.71,3519.36,1.22
M0001171,N,44,1,9753.37,0,1,0,555.21,8434.21,1.01
M0001172,N,56,0,27582.52,1,0,0,10600.37,17733.63,0.73
M0001173,N,77,1,6237.19,0,1,0,3592.8,2048.46,0.5
M0001174,N,36,1,8935.7,0,0,0,3704.19,5455.99,1.21
M0001175,N,47,1,4697.33,1,0,0,633.31,4107.41,2.08
M0001176,N,27,0,14572.22,0,1,0,2176.98,9519.16,1.6
M0001177,N,44,1,13108.98,1,1,0,1311.38,9844.72,0.0
M0001178,N,77,1,9093.55,1,2,0,2367.09,7544.1,2.19
M0001179,N,39,1,6289.64,0,0,0,1665.22,4511.24,1.38
M0001180,N,71,2,11325.37,0,0,0,4424.62,6700.76,0.88
M0001181,N,51,0,27178.41,0,2,1,4139.8,20109.28,0.93
M0001182,N,51,0,14957.2,1,0,0,2345.99,9679.05,0.61
M0001183,N,26,2,6049.11,0,0,0,1086.6,3798.23,1.67
M0001184,N,31,1,14914.28,0,0,1,9010.04,10600.35,1.19
M0001185,N,80,1,30583.93,0,0,0,10902.51,19947.61,2.29
M0001186,N,64,1,13802.5,0,2,1,10449.63,7842.26,0.42
M0001187,N,73,1,12934.69,0,0,1,1503.85,13697.21,1.0
M0001188,N,43,1,4434.31,0,0,0,1460.8,2940.45,2.36
M0001189,N,69,0,7793.26,0,1,0,3719.58,9573.92,0.81
M0001190,N,56,1,13602.16,0,1,0,3058.44,8478.03,1.41
M0001191,Y,67,4,234859.5,4,3,4,93897.74,230663.2,7.46
M0001192,N,20,1,3636.22,0,0,0,2513.28,4087.31,1.78
M0001193,N,53,0,3240.29,0,0,0,2219.16,2598.04,0.0
M0001194,N,60,0,10445.92,1,0,0,5510.58,2815.19,0.89
M0001195,N,60,0,9682.25,0,1,0,4540.5,4401.55,0.44
M0001196,N,68,0,2962.59,0,2,0,1298.67,2683.01,0.0
M0001197,N,75,1,9895.44,0,1,1,1430.28,7875.16,0.49
M0001198,Y,85,3,173173.19,3,5,2,17197.31,166722.35,4.59
M0001199,N,43,1,13015.36,0,0,0,4533.81,7116.59,1.35
M0001200,N,43,0,29604.15,2,0,0,10148.61,16868.58,1.89
M0001201,N,40,1,8563.7,0,1,0,1175.29,9654.75,0.0
M0001202,N,25,1,15940.63,0,1,0,12058.3,4349.97,0.36
M0001203,N,57,2,7868.0,0,1,0,2210.78,11268.67,1.46
M0001204,N,59,0,4380.42,0,1,0,2081.46,3100.1,1.13
M0001205,N,35,2,6496.52,0,1,0,4948.9,4818.49,0.51
M0001206,N,27,2,56224.97,1,0,1,14561.48,36546.07,2.55
M0001207,N,73,2,18157.92,0,2,0,4858.12,13814.91,0.0
M0001208,N,72,1,32542.37,1,0,2,2191.59,26965.67,2.04
M0001209,N,38,2,26527.3,1,1,0,13488.18,22071.48,3.37
M0001210,Y,68,5,241185.23,3,5,3,155944.82,94894.81,6.16
M0001211,N,80,2,6547.11,0,1,0,1218.73,5413.98,0.72
M0001212,N,41,1,2692.73,0,2,0,670.53,1748.8,0.98
M0001213,N,52,1,13151.8,0,0,0,2037.78,9599.21,1.12
M0001214,N,64,1,10605.15,0,0,0,5520.71,4241.21,0.5
M0001215,N,29,1,2238.12,0,0,0,295.53,2403.53,0.31
M0001216,N,36,1,23823.41,0,3,0,2995.48,21090.34,0.9
M0001217,N,46,3,6908.4,0,1,0,3162.28,5255.36,1.29
M0001218,N,27,1,4681.42,0,3,0,2834.17,2526.17,2.21
M0001219,N,37,3,32226.28,1,0,0,17129.46,8600.56,2.17
M0001220,N,58,1,53291.33,0,1,0,36662.87,47221.1,2.05
M0001221,N,67,0,5538.34,0,0,0,325.0,4871.29,0.58
M0001222,N,70,1,18971.59,0,2,0,1715.26,16129.92,1.08
M0001223,N,42,1,1076.59,0,0,1,1019.15,932.04,0.12
M0001224,N,20,1,3967.08,1,2,0,336.85,4463.15,0.0
M0001225,N,50,0,12593.82,0,0,0,2424.25,7516.92,1.81
M0001226,N,51,1,11982.34,0,2,0,2381.28,7422.35,1.57
M0001227,N,65,0,6065.23,0,0,0,2349.11,2826.97,0.0
M0001228,N,49,2,52493.37,0,0,0,8864.35,51092.34,1.81
M0001229,Y,43,3,198815.09,1,1,2,95582.71,87989.17,2.86
M0001230,N,73,2,26028.28,0,1,0,10656.66,17469.7,2.25
M0001231,Y,67,6,364785.1,5,3,6,102388.65,236588.17,6.33
M0001232,N,65,2,27660.67,1,0,0,20564.39,20971.69,1.31
M0001233,N,25,0,8022.83,1,0,0,1618.84,5615.24,0.64
M0001234,N,79,0,37727.47,0,1,0,3769.39,31678.78,0.64
M0001235,Y,41,5,126030.6,4,5,7,83917.11,82641.23,6.11
M0001236,N,53,2,4853.72,1,0,1,1779.6,6064.44,0.0
M0001237,N,67,2,12319.05,0,0,0,3003.14,9820.72,0.59
M0001238,N,72,1,2972.66,0,3,1,885.49,2409.87,0.13
M0001239,N,58,1,11269.71,0,1,0,4196.05,5416.59,2.15
M0001240,N,24,1,6909.52,0,2,1,3935.54,8127.8,1.71
M0001241,N,46,1,7155.51,0,0,0,3001.83,9939.03,0.59
M0001242,N,77,2,5278.71,0,0,0,1745.71,3263.09,1.31
M0001243,Y,62,7,133328.62,4,3,3,23720.56,156675.33,4.43
M0001244,N,61,3,3835.1,0,0,0,1905.84,3060.33,0.03
M0001245,N,68,1,7078.94,0,1,0,1463.47,5181.84,0.0
M0001246,N,68,0,9716.16,1,0,0,1734.68,9085.13,0.0
M0001247,N,78,2,34396.19,1,0,2,14234.38,20777.95,1.26
M0001248,N,64,1,28613.27,1,1,0,4327.43,20634.15,0.9
M0001249,N,76,0,6437.07,0,0,0,924.54,5094.24,0.11
M0001250,N,33,1,12921.4,0,1,0,3330.65,7896.33,1.81
M0001251,N,41,0,7053.97,0,0,0,3432.9,4150.23,0.03
M0001252,N,67,1,77114.98,0,2,0,5953.98,56654.35,1.8
M0001253,N,42,2,13019.0,0,1,0,3547.69,9658.91,1.61
M0001254,N,22,1,6711.89,0,0,0,1526.6,4461.29,0.0
M0001255,N,45,0,5678.37,0,1,0,4012.0,3642.28,1.81
M0001256,N,40,2,32110.5,1,2,1,11762.33,16675.32,0.73
M0001257,N,71,3,11653.41,0,0,2,628.86,11250.33,2.04
M0001258,N,71,2,26052.88,1,0,1,10757.81,13002.17,1.36
M0001259,N,23,2,5964.54,0,0,1,4406.79,6202.21,0.7
M0001260,N,41,1,5966.64,0,0,2,579.68,4591.44,0.71
M0001261,N,76,1,17578.03,0,1,0,3412.77,17081.41,0.0
M0001262,N,45,2,16133.61,1,0,2,3653.82,10574.95,1.1
M0001263,N,26,0,10897.24,0,4,0,1069.67,8989.61,1.61
M0001264,Y,53,4,240292.57,4,4,2,102211.07,115849.98,2.16
M0001265,N,45,0,5985.83,0,0,0,653.96,9084.68,2.77
M0001266,N,19,3,20871.47,1,0,0,4533.25,14518.14,1.76
M0001267,N,54,1,12467.72,0,0,0,3028.17,19109.81,0.74
M0001268,N,51,2,46105.79,0,1,0,13477.8,38308.45,1.9
M0001269,N,44,3,3200.55,0,1,0,1502.24,3607.33,1.31
M0001270,N,38,0,2402.43,0,2,0,449.81,3572.1,0.0
M0001271,N,78,1,7151.88,0,2,0,2690.5,3352.17,1.16
M0001272,N,77,1,22812.85,0,0,0,5190.87,21765.68,1.25
M0001273,N,31,2,32474.21,0,0,0,2352.07,23653.77,0.74
M0001274,N,40,0,28890.2,0,0,0,841.49,32136.92,1.39
M0001275,N,19,3,23153.47,0,0,0,4857.09,27055.87,1.66
M0001276,N,79,2,25256.07,0,0,2,1398.2,22485.56,0.92
M0001277,N,67,1,5191.75,0,0,0,1275.09,4422.27,1.21
M0001278,N,75,1,14185.37,0,0,0,502.65,12168.91,0.02
M0001279,N,61,1,5047.6,0,0,0,1296.01,3369.24,0.0
M0001280,N,42,0,5627.53,0,0,0,1731.81,5719.38,0.49
M0001281,N,23,2,16888.97,0,1,0,7394.28,14991.08,0.49
M0001282,N,72,3,11215.35,0,1,1,1355.29,15695.86,1.77
M0001283,N,63,2,6545.48,0,0,0,1127.54,6761.56,0.19
M0001284,N,65,0,11824.5,1,1,0,3300.31,15654.17,0.07
M0001285,N,37,0,25138.61,0,0,0,13607.27,12691.1,0.68
M0001286,N,23,1,15171.27,0,2,1,2488.49,12588.54,0.0
M0001287,N,27,2,7285.87,0,1,0,3549.25,7484.7,1.06
M0001288,N,79,2,15719.1,1,1,1,3021.13,12401.35,2.41
M0001289,N,38,0,5922.38,0,0,0,3323.06,4128.29,0.57
M0001290,N,52,0,12791.69,0,0,1,11275.6,9831.49,1.25
M0001291,N,44,1,4256.43,0,2,0,1750.14,5926.24,1.17
M0001292,N,22,0,17391.18,1,0,1,2675.14,15218.94,2.07
M0001293,N,36,2,33062.78,1,2,0,2635.21,24487.97,0.25
M0001294,N,61,1,3453.77,0,0,1,1419.14,3832.09,0.0
M0001295,Y,48,6,231138.07,3,3,1,115204.9,133293.46,4.86
M0001296,N,56,1,12214.85,1,0,0,4030.1,6988.13,1.55
M0001297,N,32,2,3107.42,0,1,1,2027.38,2328.53,1.02
M0001298,N,77,1,15169.86,0,1,1,4845.94,20051.95,0.76
M0001299,N,44,0,7322.46,0,0,0,584.03,5140.53,0.73
M0001300,Y,85,6,281782.97,1,4,4,50689.26,185396.92,5.34
M0001301,Y,76,4,120106.54,3,2,2,34776.01,128449.48,4.21
M0001302,N,45,0,20455.2,1,1,0,13675.2,9690.52,0.0
M0001303,N,22,2,23063.99,0,1,0,5108.86,14303.39,0.51
M0001304,N,57,2,34633.4,0,1,0,12792.08,30596.31,1.6
M0001305,N,38,0,8691.93,1,0,1,3808.7,4470.26,2.0
M0001306,N,80,0,5768.74,0,0,1,712.71,4488.56,1.25
M0001307,N,26,0,4011.22,0,0,0,1458.19,3536.22,0.0
M0001308,N,70,0,2316.67,0,0,0,1576.83,2429.35,0.0
M0001309,N,45,3,25983.74,0,0,0,26058.81,7576.01,2.0
M0001310,N,78,1,6589.0,0,1,1,1067.14,4976.98,1.74
M0001311,N,55,0,11578.85,0,0,0,5957.58,14509.53,0.61
M0001312,N,48,0,9623.47,0,0,0,587.98,8499.82,0.72
M0001313,N,49,1,16217.67,1,2,0,6053.62,19449.05,2.69
M0001314,N,61,0,7942.41,0,1,0,2510.91,6986.83,3.05
M0001315,N,66,0,9115.51,0,2,0,1547.14,5961.42,0.0
M0001316,N,40,2,4889.84,0,2,0,666.81,5655.82,0.18
M0001317,N,24,0,20924.19,0,0,0,7566.86,14425.3,1.53
M0001318,N,24,3,91718.74,0,0,1,9045.83,79717.22,3.16
M0001319,N,56,0,18297.33,0,1,0,8808.37,11320.31,0.24
M0001320,N,45,0,11017.23,0,0,0,3619.46,6927.98,0.71
M0001321,N,68,0,9535.12,1,0,0,1600.29,9180.24,1.1
M0001322,N,35,1,20848.75,0,1,0,11601.35,7659.94,1.43
M0001323,N,50,1,16075.73,1,0,0,6989.3,5774.26,0.96
M0001324,N,49,0,5878.45,0,0,1,1325.87,4993.08,0.16
M0001325,N,55,0,3720.0,0,0,0,417.61,4701.87,0.0
M0001326,N,23,0,19114.94,1,0,0,5116.66,10139.04,0.7
M0001327,N,76,0,9107.27,0,0,1,3665.88,4471.82,1.34
M0001328,N,59,0,42127.46,0,0,1,6758.1,36050.84,1.92
M0001329,N,74,1,13724.31,0,0,0,7852.1,13110.49,2.0
M0001330,N,60,0,28405.76,0,1,1,11368.06,13925.75,0.65
M0001331,N,69,1,15265.6,1,0,1,3358.48,14298.75,1.51
M0001332,N,25,1,6639.24,0,0,0,942.69,6144.68,0.46
M0001333,N,49,2,5112.69,0,0,2,1839.41,4329.06,1.47
M0001334,N,38,0,9550.18,0,0,0,1306.97,7437.92,1.04
M0001335,N,45,2,9198.16,0,2,0,2191.68,5303.85,2.2
M0001336,N,43,2,15545.89,0,0,0,8916.34,8919.72,0.0
M0001337,N,70,3,12123.03,0,1,0,1261.24,15339.67,0.0
M0001338,N,31,2,54265.23,0,1,0,5721.62,43158.59,2.29
M0001339,N,27,0,3750.18,0,0,0,1302.94,5186.12,0.5
M0001340,N,48,1,7370.35,1,1,0,1938.23,6616.25,0.0
M0001341,N,45,3,5981.31,0,0,0,3312.63,6762.5,0.31
M0001342,N,21,2,17937.51,1,1,1,11562.41,6923.04,1.05
M0001343,N,72,1,7591.81,0,1,0,4924.97,8240.16,2.3
M0001344,N,54,2,6909.25,0,2,1,5419.87,7008.83,1.01
M0001345,N,60,1,18061.35,0,1,0,4898.25,10543.84,0.89
M0001346,N,79,2,14133.46,0,0,0,1688.01,15785.26,0.63
M0001347,N,56,3,24703.38,0,1,0,4339.4,35302.04,1.29
M0001348,N,69,0,21822.88,0,0,0,4147.74,15777.34,1.18
M0001349,N,74,2,6133.77,0,0,0,1671.11,7906.91,1.35
M0001350,N,58,0,18296.01,0,0,0,3463.83,16365.68,0.68
M0001351,N,26,1,25077.54,0,2,2,9066.19,11714.33,1.18
M0001352,N,36,0,7286.26,0,2,0,908.63,6251.7,0.1
M0001353,N,42,1,4378.94,0,0,0,1201.27,5608.17,2.13
M0001354,N,18,1,17775.94,0,0,1,3978.6,11302.63,1.51
M0001355,N,36,1,2997.83,0,0,0,2032.86,1455.5,0.34
M0001356,N,56,0,2423.52,0,0,0,1449.03,2221.66,1.16
M0001357,N,41,1,14802.57,0,0,0,8966.71,6170.49,2.86
M0001358,N,67,2,3239.25,0,0,0,1354.16,2983.22,0.5
M0001359,N,55,2,2192.23,0,1,0,612.18,1360.2,0.73
M0001360,N,63,0,12425.19,0,1,0,2467.81,8770.1,0.74
M0001361,N,70,3,10885.57,0,0,0,4626.15,12700.59,1.44
M0001362,N,49,0,11957.48,0,0,0,4155.83,6041.42,0.54
M0001363,N,60,0,10079.15,0,0,2,9823.19,3197.14,1.23
M0001364,N,67,3,25708.88,0,2,0,3540.15,16869.23,1.81
M0001365,N,20,1,20785.39,1,0,0,10932.27,14374.91,0.94
M0001366,N,28,0,4787.1,0,2,1,2011.28,4025.0,0.0
M0001367,N,43,1,20784.57,0,1,0,3434.54,25652.82,1.31
M0001368,N,76,1,3898.58,0,2,0,1049.91,4106.63,0.74
M0001369,N,34,0,2703.34,0,0,0,627.08,3454.26,1.58
M0001370,N,33,3,18019.56,0,1,1,2886.97,26931.72,2.81
M0001371,N,46,1,12288.56,0,0,0,3754.31,9463.33,0.93
M0001372,N,58,0,15701.21,0,2,0,1825.92,10640.58,1.78
M0001373,N,40,0,16669.03,0,2,0,5381.27,21695.07,2.18
M0001374,N,31,0,11822.08,0,0,1,3449.76,9139.03,1.81
M0001375,N,75,0,21066.71,0,0,1,7791.67,10157.4,0.0
M0001376,Y,75,6,274597.81,4,4,5,45298.16,225911.8,6.59
M0001377,N,26,3,29116.31,0,0,0,15306.53,10067.3,1.95
M0001378,N,67,1,4871.39,0,0,0,2689.28,3187.53,0.58
M0001379,N,18,4,17901.02,0,1,0,7254.51,17510.23,1.57
M0001380,N,56,0,17367.29,0,0,1,6060.42,8434.55,1.3
M0001381,N,53,1,32245.5,1,1,0,6514.73,23189.48,3.07
M0001382,N,27,4,19512.74,0,2,1,6834.03,24523.45,2.31
M0001383,N,74,1,8239.4,0,1,0,5198.83,5093.15,1.57
M0001384,N,64,1,29338.38,0,1,0,7514.04,17030.21,0.63
M0001385,N,19,1,6926.88,2,0,0,7976.04,3851.65,1.78
M0001386,N,65,1,4842.32,0,0,1,2218.03,4405.64,2.16
M0001387,N,67,0,8433.82,0,0,0,6587.26,4054.43,1.79
M0001388,N,63,1,34031.4,0,1,0,693.96,42014.2,0.19
M0001389,N,65,2,15378.16,0,1,2,9647.43,7531.46,1.04
M0001390,N,65,3,7968.5,0,0,0,3985.03,8693.27,0.0
M0001391,N,19,0,4339.49,0,0,1,1088.7,2325.1,0.04
M0001392,N,27,1,58055.77,1,1,1,6788.12,43504.69,0.89
M0001393,N,55,1,9619.83,0,1,0,2751.57,6940.18,0.62
M0001394,N,40,2,7666.0,0,1,0,2006.12,8241.69,1.35
M0001395,N,72,1,8141.48,0,0,1,2965.08,11758.35,1.5
M0001396,N,58,0,7858.45,0,0,0,2588.69,6916.39,0.0
M0001397,N,36,0,12101.95,0,2,0,734.4,20732.05,1.21
M0001398,N,75,0,15355.1,1,0,0,5184.65,8226.66,0.27
M0001399,N,33,0,12359.4,0,2,0,5862.64,4779.97,0.41
M0001400,N,64,0,13405.86,2,0,0,3253.8,10769.91,0.83
M0001401,N,77,1,11045.91,0,1,0,5310.76,10553.68,0.71
M0001402,N,55,1,5174.11,0,0,0,2231.81,2179.13,0.74
M0001403,N,49,1,5569.13,0,2,1,1447.79,3755.27,1.34
M0001404,N,79,1,8991.74,0,1,0,3228.29,7290.02,0.63
M0001405,N,68,2,15002.77,0,2,1,6484.03,18163.88,1.11
M0001406,N,68,1,51523.04,0,1,0,3888.35,39461.97,1.16
M0001407,N,76,2,10428.32,0,2,0,2268.69,7563.8,2.07
M0001408,N,32,2,13129.77,1,1,0,5868.26,9220.59,1.67
M0001409,N,77,1,14409.85,1,0,0,2920.98,19442.92,2.22
M0001410,N,63,2,16381.34,0,0,0,1905.46,13191.98,0.93
M0001411,N,61,2,7100.77,0,2,0,3952.6,5888.15,1.55
M0001412,N,40,1,39705.97,1,0,0,3193.34,38415.14,1.38
M0001413,N,41,1,2952.91,0,0,0,1559.92,2483.7,0.57
M0001414,N,43,0,13053.72,0,1,0,4840.85,8677.4,1.43
M0001415,N,51,4,7912.4,0,2,0,1701.12,11662.19,0.79
M0001416,N,41,1,25237.59,0,1,0,12014.13,10862.77,1.78
M0001417,N,57,2,4470.03,0,1,0,1978.52,4910.36,0.28
M0001418,N,32,2,12062.81,0,1,0,699.73,9288.42,0.13
M0001419,N,26,1,11126.82,0,1,0,1403.8,7913.7,1.2
M0001420,N,52,1,2090.1,0,0,0,1252.22,1922.9,0.62
M0001421,N,53,2,7710.26,0,1,0,5783.13,7682.75,1.61
M0001422,N,38,3,7797.63,0,1,0,2828.05,4593.37,1.03
M0001423,N,54,0,9868.64,0,0,0,3610.45,6639.43,1.05
M0001424,N,53,0,3895.05,0,0,0,418.29,2743.19,0.49
M0001425,N,30,0,26243.11,0,1,0,5215.18,19001.71,0.0
M0001426,N,19,0,17260.56,0,2,0,6502.9,17317.39,0.81
M0001427,N,75,1,25334.17,0,1,1,3618.84,23488.99,2.02
M0001428,N,72,1,3595.69,1,0,0,1514.37,3211.59,0.0
M0001429,N,19,2,9541.57,0,0,0,4392.41,9353.88,1.77
M0001430,N,44,3,19173.95,0,1,2,19916.38,11207.68,2.44
M0001431,N,19,2,4182.29,0,1,0,1776.6,3402.54,1.55
M0001432,N,33,3,17458.63,0,1,0,3373.75,10609.8,1.56
M0001433,N,70,1,22395.07,1,2,1,5832.19,16323.16,1.23
M0001434,Y,39,5,203985.95,2,3,3,25692.28,163634.26,2.15
M0001435,N,34,0,6088.65,0,0,0,910.39,4518.19,0.28
M0001436,N,66,0,7316.01,0,0,0,1071.78,6655.27,0.38
M0001437,N,48,1,3929.58,0,0,0,2917.74,1758.61,0.24
M0001438,N,33,2,7333.48,0,0,0,3185.83,3294.16,0.0
M0001439,N,44,0,11055.71,0,1,0,3233.09,6721.47,0.51
M0001440,N,31,0,34497.43,1,3,1,6877.86,45018.03,2.29
M0001441,N,60,1,5536.14,0,0,0,1734.95,7805.16,2.37
M0001442,N,21,2,9037.97,0,0,0,1462.55,6975.88,1.03
M0001443,N,21,1,18682.66,0,2,1,2757.72,18041.8,1.44
M0001444,N,65,1,6218.99,0,2,0,2529.61,5244.09,1.7
M0001445,N,30,0,10812.33,1,0,0,2844.73,11272.04,0.0
M0001446,N,29,1,7347.83,0,2,0,1153.93,5834.21,0.0
M0001447,N,42,0,4096.42,0,0,0,1239.4,5830.58,0.28
M0001448,N,64,0,7773.71,1,0,0,2057.29,7352.65,1.09
M0001449,N,69,0,3847.96,0,1,1,1159.26,3176.11,1.98
M0001450,N,23,1,5148.6,0,2,0,2150.51,3153.61,0.21
M0001451,N,19,2,3733.85,0,1,1,2700.44,3161.89,0.92
M0001452,N,31,1,3756.76,1,0,0,1217.26,5215.87,0.71
M0001453,N,26,0,9560.88,0,0,0,2177.32,8611.23,0.95
M0001454,N,53,2,17984.51,0,1,0,813.84,19072.16,1.22
M0001455,N,63,0,3212.31,0,0,0,1071.84,1965.9,0.0
M0001456,N,62,0,4826.94,0,1,0,1903.34,5794.35,0.45
M0001457,N,42,2,4975.1,0,0,0,2462.13,5065.26,1.14
M0001458,N,68,0,7646.63,0,1,1,1448.51,10450.25,0.75
M0001459,N,54,2,10549.56,1,2,0,7294.68,11009.76,1.61
M0001460,N,50,0,11751.63,0,1,0,4224.69,7803.16,1.57
M0001461,N,63,0,13402.33,0,1,1,620.75,19421.65,1.25
M0001462,N,66,3,6258.83,1,2,1,2834.96,4102.35,2.6
M0001463,N,28,1,4569.27,0,1,0,1304.9,5966.76,0.48
M0001464,N,30,2,5468.53,0,0,0,984.08,5105.44,0.29
M0001465,N,74,1,3469.58,0,1,0,877.22,3759.8,0.44
M0001466,Y,53,6,393667.02,2,4,4,84740.34,246445.59,4.48
M0001467,N,73,1,8201.48,1,0,0,2912.88,6641.18,0.79
M0001468,N,32,0,9747.21,0,0,0,930.61,7253.45,0.51
M0001469,Y,73,5,308135.13,4,4,1,156360.34,135364.78,5.23
M0001470,N,48,0,1856.99,0,1,0,698.9,1106.32,0.92
M0001471,N,28,1,21287.43,0,0,1,6905.5,10292.35,2.08
M0001472,N,75,0,5172.49,0,0,0,2460.83,5622.71,0.97
M0001473,N,77,0,9290.52,0,0,0,1312.4,7757.14,1.47
M0001474,N,58,3,12963.14,0,0,0,2461.12,8840.96,0.74
M0001475,N,68,1,22348.16,1,2,1,10818.25,14947.51,1.33
M0001476,N,24,1,6419.54,0,3,0,2149.26,6105.0,1.68
M0001477,N,31,0,12522.96,1,0,0,10683.78,11403.65,0.35
M0001478,N,49,0,2657.53,0,0,0,2101.88,1735.43,0.13
M0001479,N,79,1,8974.08,1,0,0,6942.15,7717.93,0.89
M0001480,N,25,0,5532.31,0,2,0,872.57,5578.54,1.12
M0001481,N,66,0,6085.22,1,0,0,588.44,4728.18,1.74
M0001482,N,35,0,16379.98,0,1,0,1300.65,16654.21,1.42
M0001483,N,72,1,13712.4,0,0,0,3394.21,12215.76,2.49
M0001484,N,44,1,26824.54,0,1,1,9674.39,16453.58,1.51
M0001485,N,78,3,25895.43,0,0,0,2604.36,24043.25,1.5
M0001486,N,23,2,6924.34,0,2,0,1244.04,4798.56,0.0
M0001487,N,68,0,17656.37,0,0,0,1853.25,15822.3,0.49
M0001488,N,32,1,4621.04,0,0,0,1471.43,4168.23,0.38
M0001489,N,28,1,4297.1,0,1,0,2505.45,3821.3,0.27
M0001490,N,51,1,14013.12,0,1,2,4210.04,13479.91,1.22
M0001491,N,70,3,8504.14,0,0,0,5808.53,6651.84,1.67
M0001492,N,29,1,2630.66,0,1,0,1350.91,2766.43,0.77
M0001493,N,54,3,35117.79,0,0,1,4380.19,24374.44,1.09
M0001494,N,64,0,3104.52,0,1,1,1085.15,2467.92,0.0
M0001495,N,27,0,4299.99,0,1,0,1508.96,5032.62,0.19
M0001496,N,39,1,5701.52,2,0,0,3644.11,5858.38,2.66
M0001497,N,64,1,10137.14,0,1,0,5166.81,8656.29,0.0
M0001498,N,60,0,33654.24,0,2,2,2760.44,25432.8,0.0
M0001499,N,41,0,2191.92,0,1,0,522.68,2624.92,0.68
M0001500,N,46,0,5325.27,0,2,0,1050.65,4283.34,2.4
M0001501,N,26,0,20510.74,0,0,0,8885.54,19807.68,0.93
M0001502,N,25,1,6331.96,1,0,1,1845.48,4104.17,1.54
M0001503,N,72,2,5630.1,0,1,0,2246.03,2449.63,1.68
M0001504,N,35,0,9446.34,0,0,0,3157.76,4697.98,0.0
M0001505,N,77,1,13721.28,2,2,1,10163.51,5656.95,1.63
M0001506,N,24,0,11535.39,0,2,1,8802.05,5165.41,1.28
M0001507,N,28,1,27366.99,0,0,0,1128.56,24669.07,0.92
M0001508,N,43,0,6042.98,0,0,0,1556.42,3860.48,0.82
M0001509,N,57,0,7488.49,0,0,0,7760.49,2305.94,0.35
M0001510,N,78,2,4330.92,0,0,1,839.71,3195.19,0.81
M0001511,N,67,1,4710.49,0,0,0,1205.03,6443.93,0.95
M0001512,N,49,0,11352.35,0,0,1,7421.56,10874.9,1.9
M0001513,N,73,2,33755.2,1,0,2,4942.49,27693.88,2.97
M0001514,N,50,0,5382.68,0,0,0,3908.88,5372.88,0.28
M0001515,N,51,0,5944.54,0,0,1,3459.48,2958.79,0.0
M0001516,N,56,2,13946.95,0,0,0,8916.03,5504.46,1.58
M0001517,N,38,2,11702.05,0,0,0,2843.45,12514.83,1.06
M0001518,N,25,2,20420.27,0,0,0,1788.49,17836.52,0.0
M0001519,N,28,1,9153.68,0,0,1,1528.43,6325.56,0.4
M0001520,N,56,1,4657.6,1,1,0,712.62,3328.19,0.0
M0001521,N,79,0,4915.53,0,0,0,1327.34,4290.65,0.5
M0001522,N,71,1,13792.18,0,0,1,5316.01,6056.36,0.97
M0001523,N,24,0,12963.02,1,0,2,4494.62,12984.07,2.83
M0001524,N,59,0,16387.3,0,0,0,6962.54,9586.99,0.24
M0001525,N,44,3,18586.92,1,2,0,12957.28,2682.5,1.48
M0001526,N,22,1,10804.11,0,0,0,1163.05,7362.59,1.06
M0001527,N,72,3,51617.8,0,3,0,23273.28,24758.5,2.27
M0001528,N,26,0,28852.06,0,0,1,17515.96,13574.97,2.28
M0001529,N,70,1,2552.67,0,0,0,851.29,1885.42,0.0
M0001530,N,40,1,8090.12,0,0,1,2198.29,7641.72,0.44
M0001531,N,75,2,8663.05,0,2,1,3579.13,7733.91,1.72
M0001532,N,61,2,40508.85,2,2,0,14566.89,17678.66,2.57
M0001533,N,20,2,13122.38,1,1,0,2610.81,7765.43,1.23
M0001534,N,21,0,12421.19,0,1,0,10243.29,5498.27,0.6
M0001535,N,29,1,13654.23,0,1,1,2396.0,12336.63,2.9
M0001536,N,33,2,14049.36,0,1,0,1733.61,14570.54,0.59
M0001537,N,54,0,10288.48,0,0,0,2912.64,11370.79,3.1
M0001538,N,69,1,23991.58,0,2,0,5360.57,22133.85,1.83
M0001539,N,46,1,17530.48,0,2,1,3067.79,24281.64,0.0
M0001540,N,30,1,3079.76,0,0,0,1040.06,2211.93,0.61
M0001541,N,58,1,13294.03,0,1,0,8979.12,6794.73,1.69
M0001542,N,51,2,17887.57,0,1,0,4575.35,9971.19,0.0
M0001543,Y,66,7,382599.67,4,7,5,133491.43,275277.26,4.73
M0001544,N,21,2,9472.91,0,0,2,3501.84,4923.16,1.68
M0001545,N,59,1,12400.26,0,0,1,6063.03,11187.18,0.32
M0001546,N,53,2,11513.21,1,1,1,6777.16,7345.76,2.87
M0001547,N,46,3,3811.4,0,0,0,949.12,3333.32,0.44
M0001548,N,44,1,5200.67,0,2,0,2289.27,6682.88,2.03
M0001549,N,48,1,28710.01,2,2,0,13419.57,16053.71,1.68
M0001550,N,72,1,18257.1,0,0,0,6885.33,17997.44,0.73
M0001551,N,79,1,7886.85,0,1,0,946.64,6295.79,0.77
M0001552,N,41,0,13114.55,0,1,0,819.76,11305.16,0.59
M0001553,N,22,0,2222.17,1,0,0,896.21,1706.24,1.61
M0001554,N,62,1,5683.38,0,0,0,3040.91,2787.04,1.54
M0001555,N,50,1,10815.8,0,0,0,5618.94,4779.47,1.2
M0001556,N,31,1,4742.21,0,0,0,4040.18,1913.41,0.93
M0001557,N,19,2,3771.21,0,0,0,1289.78,4945.74,0.87
M0001558,N,18,1,10189.62,0,0,0,3650.28,6368.96,2.38
M0001559,N,55,1,4945.88,0,0,0,1810.92,2422.32,0.99
M0001560,N,71,0,4534.96,0,0,0,2849.18,4250.58,1.41
M0001561,N,25,1,25087.65,0,0,0,4624.48,19364.02,0.29
M0001562,N,49,1,10097.5,0,0,1,3144.48,10292.1,2.38
M0001563,N,60,1,4596.71,0,0,0,2702.36,3963.96,0.88
M0001564,N,47,3,15041.4,0,3,0,3045.53,23242.17,1.54
M0001565,N,79,1,11648.06,0,1,1,9375.97,10004.48,2.85
M0001566,Y,37,3,164123.41,3,3,3,63610.32,115587.62,4.47
M0001567,N,74,0,10429.19,2,1,0,7429.87,8408.86,0.36
M0001568,N,47,3,10123.94,1,1,0,7166.85,5781.95,1.8
M0001569,N,28,0,10213.82,0,0,0,3966.15,12736.95,0.12
M0001570,N,58,0,12398.95,0,2,0,3968.62,11252.71,2.05
M0001571,N,61,2,9162.23,0,0,2,1673.43,11566.94,1.34
M0001572,N,54,0,5594.55,0,0,0,392.9,8216.63,1.17
M0001573,N,39,0,22630.73,0,0,0,1143.91,20174.66,1.31
M0001574,N,28,1,18145.24,0,0,0,2263.38,12167.77,1.09
M0001575,N,24,0,7405.22,0,0,0,1596.95,4515.2,0.14
M0001576,N,69,0,13995.04,0,0,0,3830.07,20437.95,2.19
M0001577,N,37,2,14962.8,1,1,1,2893.77,16457.64,2.22
M0001578,N,72,0,4093.72,0,0,0,1843.3,1727.42,0.11
M0001579,N,77,2,13031.41,1,1,1,5498.33,12849.82,2.93
M0001580,N,72,2,35355.67,0,0,0,7212.3,31841.65,1.62
M0001581,N,39,0,21616.52,0,0,0,2952.52,15315.41,0.85
M0001582,N,32,0,5762.24,1,0,0,2996.07,3997.55,0.68
M0001583,N,30,0,9960.02,1,1,0,2049.25,6175.48,0.91
M0001584,N,49,0,4749.24,0,0,0,1222.83,4329.8,0.31
M0001585,N,74,0,4371.84,0,1,1,585.14,4656.05,0.86
M0001586,N,53,1,8682.0,0,1,1,3292.09,5580.95,1.11
M0001587,N,18,1,14774.44,1,0,0,8798.66,7444.0,2.22
M0001588,N,27,1,11930.02,0,0,0,2211.84,19309.91,1.4
M0001589,N,66,0,3582.19,0,1,1,2099.33,3801.19,0.82
M0001590,N,60,1,15996.76,1,0,0,4793.2,9031.57,0.2
M0001591,N,41,1,11856.63,0,0,2,1622.24,7730.12,1.01
M0001592,N,47,0,5968.76,0,1,2,1564.07,8453.28,2.24
M0001593,N,62,1,10394.44,1,1,0,3750.24,12255.64,0.84
M0001594,N,31,1,5124.68,1,0,0,362.04,4262.93,1.2
M0001595,N,22,1,6400.49,0,1,0,914.56,5690.09,1.33
M0001596,N,61,2,14311.22,0,1,0,2396.8,19106.15,2.05
M0001597,N,28,2,18866.38,0,0,1,3687.67,22110.16,1.22
M0001598,N,64,1,5649.74,1,1,0,2705.75,1929.5,1.22
M0001599,N,79,0,8236.03,1,0,0,2119.51,9149.26,0.0
M0001600,N,49,0,26614.91,0,0,1,3807.19,21172.16,2.6
M0001601,N,35,1,52612.02,1,1,0,27897.89,18250.19,2.14
M0001602,N,43,1,9840.65,0,3,1,2344.75,11530.35,1.13
M0001603,N,76,0,7266.24,0,1,0,1962.56,10918.41,2.22
M0001604,N,46,1,17606.61,0,1,0,4234.51,21049.84,0.8
M0001605,N,76,2,11448.02,0,1,0,1548.6,7416.21,2.25
M0001606,N,25,1,8647.47,1,0,0,1153.0,7738.54,0.87
M0001607,N,27,3,11688.19,0,0,0,2451.95,11831.92,0.4
M0001608,Y,71,8,278793.54,3,6,3,96087.38,168352.33,3.92
M0001609,N,65,2,16613.55,0,2,0,2701.94,11996.54,0.54
M0001610,N,35,0,11458.24,0,2,0,5558.64,5748.01,1.19
M0001611,N,58,0,13684.32,1,2,0,5079.91,5679.26,1.24
M0001612,N,19,1,23151.88,0,2,1,10600.42,8648.1,2.65
M0001613,N,31,0,9014.45,0,0,0,643.15,7379.28,0.76
M0001614,N,68,2,8081.16,0,3,0,2749.19,7836.77,1.4
M0001615,N,39,1,6681.17,0,0,0,1690.7,4500.74,0.0
M0001616,N,21,1,3868.13,0,1,0,1640.87,2261.8,0.0
M0001617,N,73,3,15533.9,0,3,0,6632.41,12935.31,0.07
M0001618,N,24,1,6183.34,0,0,0,1326.63,7739.54,0.9
M0001619,N,72,3,7349.71,1,1,0,2481.36,7161.06,0.0
M0001620,N,73,0,5392.71,0,1,0,1961.0,3014.49,0.87
M0001621,N,79,0,17603.07,0,0,1,2187.48,14352.44,0.38
M0001622,N,47,2,22229.04,0,0,0,3496.07,16670.92,0.23
M0001623,N,27,1,5209.68,0,1,1,2083.55,7175.18,0.88
M0001624,N,52,0,4946.27,0,0,0,604.54,6055.58,0.17
M0001625,N,69,0,14491.21,0,3,0,2849.38,14378.95,0.98
M0001626,N,39,1,40132.91,0,0,0,2338.91,30002.03,0.19
M0001627,N,26,0,11144.0,0,1,0,5988.92,3764.32,0.25
M0001628,N,56,2,14504.62,0,2,0,2678.37,15543.23,0.0
M0001629,N,70,1,2716.81,1,0,0,1153.83,3683.22,0.64
M0001630,N,68,1,5680.73,0,0,0,1734.3,5314.37,0.95
M0001631,N,22,3,19206.01,0,1,0,14614.77,8144.51,0.87
M0001632,N,23,4,32131.42,1,2,0,7993.58,21374.22,1.81
M0001633,N,62,2,6093.9,0,1,1,1471.44,8840.97,0.95
M0001634,N,62,1,19329.79,0,0,0,7225.37,25294.98,1.14
M0001635,N,34,1,6066.15,0,1,1,525.92,9369.36,0.43
M0001636,N,21,0,19540.68,0,0,1,3959.9,15159.39,2.17
M0001637,N,79,1,8414.42,0,0,0,2510.6,4775.25,0.38
M0001638,N,67,0,4669.26,1,0,0,2652.74,5474.86,1.95
M0001639,N,70,0,36190.54,0,2,0,12588.16,21794.49,0.61
M0001640,N,75,2,14240.51,1,2,0,9338.61,5988.65,2.11
M0001641,N,63,1,7638.03,0,2,0,3128.77,4330.61,0.0
M0001642,N,54,0,11319.56,0,1,0,2890.57,11725.96,1.62
M0001643,N,65,1,19017.29,0,1,1,6763.95,13236.89,2.02
M0001644,N,42,0,7046.41,1,0,0,1821.68,5375.13,0.36
M0001645,N,58,0,2882.47,0,0,0,748.7,2165.62,2.09
M0001646,N,66,0,13426.3,1,0,1,1371.68,15294.19,1.43
M0001647,N,66,1,25693.66,0,0,0,8387.16,13392.71,1.76
M0001648,N,21,0,11836.68,0,1,0,1998.98,8129.01,1.41
M0001649,N,19,1,6718.87,1,0,1,2004.01,4712.85,0.0
M0001650,N,55,1,8315.85,0,0,0,2427.42,4070.75,0.39
M0001651,N,60,3,19249.56,0,1,1,2160.11,16577.39,0.61
M0001652,N,44,0,17330.98,1,0,2,2121.01,22496.2,0.22
M0001653,N,30,0,10745.09,0,0,0,5489.16,13874.76,1.71
M0001654,N,41,2,25506.72,0,1,0,6546.41,20612.09,2.12
M0001655,N,64,0,3836.72,0,1,0,839.99,2396.39,0.3
M0001656,N,43,3,16907.32,0,0,2,764.48,27019.3,0.46
M0001657,N,80,1,5369.38,0,0,0,4629.35,4063.63,0.39
M0001658,N,26,0,4152.55,0,0,0,985.2,4348.78,1.48
M0001659,N,23,1,5940.02,0,0,0,1041.26,4124.45,1.5
M0001660,N,19,0,5854.89,0,0,0,2397.69,6543.27,1.96
M0001661,Y,61,7,253215.05,4,4,1,143638.0,95692.19,3.03
M0001662,N,54,0,10129.3,0,1,0,2258.55,7238.25,0.23
M0001663,N,29,0,12511.11,0,0,0,1529.79,8873.89,0.07
M0001664,N,42,2,6970.29,0,0,0,5114.68,7089.7,0.53
M0001665,Y,58,5,141070.69,2,3,3,59954.0,115564.35,5.14
M0001666,N,45,2,9749.18,1,0,0,4595.36,7680.14,1.68
M0001667,N,25,1,9098.65,0,0,1,4518.22,5397.25,1.74
M0001668,N,48,1,23768.67,0,2,0,5302.7,22306.31,2.43
M0001669,N,77,2,6919.22,0,0,1,1649.02,6586.65,0.49
M0001670,N,27,2,15817.0,0,0,0,5119.39,10863.9,0.05
M0001671,N,51,2,36378.44,1,2,2,30173.52,14371.83,2.71
M0001672,N,36,0,4075.37,0,0,0,461.02,6497.72,0.0
M0001673,N,78,1,6330.0,0,0,0,417.53,10333.53,1.53
M0001674,N,58,0,4175.69,0,0,2,1503.71,5373.97,0.0
M0001675,N,52,1,7886.47,0,1,0,5820.71,6994.14,1.23
M0001676,N,78,0,11963.53,0,1,1,4511.92,10614.03,1.81
M0001677,N,41,2,32887.84,0,0,0,9433.7,18639.31,1.82
M0001678,N,71,1,18035.04,0,1,0,9051.39,10991.78,2.15
M0001679,N,34,1,11390.61,0,0,0,6743.14,5105.53,1.03
M0001680,N,64,2,7697.83,0,0,0,2673.07,11254.04,2.76
M0001681,N,66,1,4077.01,0,1,0,223.73,3345.94,0.7
M0001682,Y,51,7,321801.6,2,5,3,74296.27,371340.38,7.15
M0001683,N,36,4,11927.04,1,0,2,11442.65,9816.95,2.7
M0001684,N,35,0,8735.37,0,0,0,2454.17,7724.71,2.11
M0001685,N,73,1,11803.01,1,3,0,3261.78,9302.27,0.97
M0001686,N,52,4,23720.24,0,0,1,8994.65,26164.15,1.61
M0001687,N,36,0,4427.09,0,0,0,941.52,5911.5,0.0
M0001688,N,26,0,5676.4,0,0,0,1806.26,6117.87,0.32
M0001689,N,57,0,13156.06,0,0,1,1893.34,10664.26,1.17
M0001690,N,18,0,10901.02,1,0,2,1859.5,7793.64,0.72
M0001691,N,52,1,4958.79,0,1,0,1290.21,3875.39,0.14
M0001692,N,30,0,14703.28,0,0,0,6673.03,5018.05,1.52
M0001693,N,26,1,24975.65,0,0,1,6121.41,26458.71,2.38
M0001694,N,66,0,6909.01,0,0,0,1295.72,5542.73,2.68
M0001695,N,26,1,9474.88,1,1,0,4478.26,12461.71,1.31
M0001696,N,47,2,13864.66,0,0,1,2251.74,11772.81,1.18
M0001697,N,27,1,14722.07,0,2,0,3193.86,11142.78,1.23
M0001698,N,62,2,13843.55,0,0,0,6055.07,17372.09,0.79
M0001699,Y,84,3,319618.17,4,6,4,72516.45,235823.01,4.81
M0001700,N,44,0,3283.66,0,0,0,1050.53,2194.22,0.88
M0001701,N,59,0,2986.02,1,0,0,694.77,2137.41,0.0
M0001702,N,44,0,18119.45,0,0,1,4298.18,15795.89,0.92
M0001703,N,65,1,12734.01,0,1,0,4983.7,10969.76,2.63
M0001704,N,77,2,11970.57,0,1,1,572.82,18024.04,0.22
M0001705,N,22,2,15766.5,0,0,0,1021.68,26683.4,1.43
M0001706,N,33,1,4111.65,1,0,0,3183.31,4194.72,0.37
M0001707,N,59,1,14439.01,0,0,1,1746.22,10813.99,1.01
M0001708,N,25,1,5992.47,0,0,1,2444.19,5639.57,2.11
M0001709,N,77,2,11967.45,0,0,0,5532.19,11626.28,1.25
M0001710,N,28,0,13298.9,0,1,0,1957.8,8432.97,0.19
M0001711,N,19,2,3760.28,0,0,0,3083.46,3276.98,0.45
M0001712,N,73,1,4043.84,0,1,1,1074.31,3638.64,1.63
M0001713,N,28,1,8121.15,0,1,2,2592.26,6686.3,2.12
M0001714,N,79,0,5757.77,0,0,0,1590.32,4329.06,0.69
M0001715,N,66,2,9823.96,0,1,1,2532.17,7888.1,1.19
M0001716,N,78,0,6557.29,0,0,1,2562.94,3142.88,1.71
M0001717,N,56,0,5597.45,0,0,0,1684.78,4338.67,1.16
M0001718,N,68,1,2812.65,0,1,1,1655.76,2202.1,0.22
M0001719,N,77,2,17205.27,0,1,1,1243.74,16956.72,2.93
M0001720,N,46,1,3906.35,0,0,0,1762.53,2102.4,0.72
M0001721,N,64,0,9230.06,0,0,0,1706.49,7178.2,2.51
M0001722,N,32,1,6462.47,1,0,0,3253.68,4566.83,0.38
M0001723,N,47,0,8271.63,0,1,0,1858.28,5908.69,0.48
M0001724,N,76,1,5152.64,0,0,0,611.2,4288.44,1.62
M0001725,N,22,1,7381.98,0,1,1,848.25,6487.54,2.0
M0001726,N,28,2,5810.52,0,0,0,2659.49,4616.26,0.0
M0001727,N,74,2,13669.63,0,0,0,4255.93,11469.97,0.0
M0001728,Y,62,5,295717.04,2,2,6,125736.24,132923.01,6.21
M0001729,N,57,2,9906.57,0,1,0,3953.17,6990.45,0.12
M0001730,N,44,1,4256.42,0,1,0,1036.26,3049.31,0.2
M0001731,Y,71,4,146034.84,3,4,2,32559.07,151028.46,4.44
M0001732,N,47,1,19029.82,0,2,0,3492.35,12992.99,1.74
M0001733,N,34,1,19561.46,0,2,0,16923.03,15647.98,2.11
M0001734,N,38,0,18348.97,1,1,0,15228.9,6625.34,1.32
M0001735,Y,37,7,288257.16,1,6,7,52892.36,285678.51,6.35
M0001736,N,44,0,4602.39,0,2,0,739.88,3736.18,0.04
M0001737,N,28,3,11274.11,0,0,0,4375.21,9004.23,0.77
M0001738,N,75,0,9096.46,0,2,0,515.4,7359.79,0.43
M0001739,N,42,0,5202.53,0,0,0,2948.23,4038.7,1.87
M0001740,N,51,0,21293.55,0,0,0,5052.65,12669.64,0.0
M0001741,N,48,0,25282.34,0,2,0,6710.53,18730.14,1.48
M0001742,N,48,2,14038.15,1,1,1,7968.51,4254.12,2.9
M0001743,N,47,0,4852.66,0,0,0,1205.3,6353.4,1.43
M0001744,N,24,2,7299.17,0,1,1,4711.75,6716.16,0.7
M0001745,N,80,1,9900.48,0,0,0,2096.31,15532.96,0.86
M0001746,N,57,1,8029.86,0,0,0,1677.45,7597.01,0.25
M0001747,N,36,0,19134.99,0,1,0,9586.95,14050.32,2.0
M0001748,N,41,1,7123.41,0,1,0,3907.63,7923.6,0.0
M0001749,N,62,3,6164.05,0,1,0,3857.33,6342.86,0.59
M0001750,N,26,3,10040.05,0,0,0,1913.79,7249.68,2.22
M0001751,Y,80,5,359279.77,4,3,6,57217.22,265655.6,5.53
M0001752,N,67,1,29345.06,1,0,1,7649.79,15320.08,1.9
M0001753,N,66,1,7248.69,0,2,0,717.88,6774.77,0.0
M0001754,N,70,4,17292.59,1,2,1,7722.68,17391.2,3.95
M0001755,N,40,3,14140.08,0,0,0,1471.6,9634.24,0.89
M0001756,Y,65,4,164157.85,2,5,5,55451.57,150047.98,5.04
M0001757,N,22,0,13965.17,1,0,0,2076.75,12193.69,0.38
M0001758,N,64,1,8886.64,0,0,0,2601.79,5041.67,0.43
M0001759,N,22,1,12217.41,0,2,1,1472.61,14029.49,1.13
M0001760,N,38,1,37931.89,0,1,0,6059.65,25288.31,1.23
M0001761,N,79,1,27463.82,0,2,1,8707.39,13285.97,1.3
M0001762,N,19,3,13365.38,1,2,0,8323.02,13848.25,1.43
M0001763,N,73,3,26923.2,0,0,0,1745.93,24020.66,1.44
M0001764,N,78,1,15853.93,0,1,1,11273.83,6939.9,0.73
M0001765,N,23,1,18906.9,0,1,0,4829.22,12752.81,1.16
M0001766,N,59,1,6052.11,0,0,0,1299.0,5814.37,0.0
M0001767,N,36,2,23139.68,0,0,0,3471.68,15706.58,0.41
M0001768,N,77,1,9299.1,0,1,0,4536.61,9058.36,1.27
M0001769,N,69,1,12529.81,0,2,0,1535.77,9934.65,1.9
M0001770,N,37,0,4908.29,0,0,1,631.16,4343.97,0.43
M0001771,N,68,3,12713.14,1,0,2,11149.47,8479.16,2.55
M0001772,N,55,2,5650.71,0,0,0,1084.19,3697.09,0.0
M0001773,N,57,2,10133.54,0,1,0,2315.13,5640.27,0.16
M0001774,N,26,0,6566.09,0,0,0,911.67,9342.31,1.2
M0001775,N,72,0,12495.65,0,0,0,2178.93,11160.59,1.6
M0001776,N,66,0,7561.38,0,0,0,5790.27,6360.52,0.0
M0001777,N,36,1,12688.67,0,0,1,2303.91,8939.88,0.83
M0001778,N,20,4,15988.89,0,1,1,2798.61,17416.87,2.15
M0001779,N,65,0,12106.67,0,0,0,1679.46,9917.36,0.0
M0001780,N,33,1,10366.7,0,0,0,5952.58,4292.58,0.91
M0001781,N,44,0,3561.9,0,1,0,684.91,3218.59,0.0
M0001782,Y,38,5,143276.4,1,2,2,78503.58,90839.33,3.42
M0001783,N,69,3,20103.61,0,2,0,4591.06,14817.43,2.59
M0001784,N,43,0,52214.76,0,1,1,4409.5,41484.41,2.28
M0001785,N,18,1,28344.1,0,0,1,17396.99,14506.64,1.77
M0001786,N,74,4,28137.66,0,1,0,7515.23,14680.61,1.99
M0001787,N,79,2,10729.1,0,1,0,1455.15,13703.47,0.19
M0001788,N,20,0,10468.64,0,0,0,1143.69,8393.17,1.13
M0001789,N,45,0,19072.56,1,3,1,6241.65,12124.0,2.03
M0001790,N,57,0,6884.14,0,0,0,2390.77,4325.61,0.62
M0001791,N,28,0,10077.01,0,0,1,2759.67,5961.18,2.56
M0001792,N,72,0,18518.0,0,0,0,5980.4,9987.59,0.0
M0001793,N,23,0,9142.97,0,0,0,2121.48,5098.63,0.42
M0001794,N,27,1,8283.54,0,0,0,1105.36,5807.65,1.37
M0001795,N,54,0,8911.59,0,2,0,6095.66,6787.01,1.37
M0001796,N,76,1,4729.62,0,0,0,387.64,4231.31,0.69
M0001797,N,32,3,29455.93,0,0,1,8518.21,25978.7,0.34
M0001798,N,79,1,8129.73,0,1,0,3475.89,10392.79,1.81
M0001799,N,18,2,28323.64,0,0,0,3697.86,23586.25,0.27
M0001800,Y,84,4,319289.57,3,7,4,129483.12,251775.66,5.48
M0001801,N,33,0,3966.84,0,0,1,1300.82,4886.48,0.0
M0001802,N,69,0,4473.69,0,0,0,934.22,4643.26,0.86
M0001803,N,28,4,22784.06,1,2,1,4239.39,15005.32,1.9
M0001804,N,33,1,4051.94,0,1,0,1527.12,2226.35,0.76
M0001805,N,65,2,7001.95,0,0,1,2017.15,4393.48,0.77
M0001806,N,42,1,28862.76,0,0,0,10428.02,12133.1,2.19
M0001807,N,75,0,27721.73,0,0,1,3808.71,24226.42,0.51
M0001808,N,80,0,12558.22,0,0,2,4782.42,6434.39,0.83
M0001809,N,73,2,4769.98,0,1,0,2637.92,2077.45,0.46
M0001810,N,64,1,11177.07,0,1,0,2044.27,7534.39,1.34
M0001811,N,34,1,6764.04,0,0,0,1338.7,5541.81,2.56
M0001812,N,39,1,19993.19,0,0,1,3409.57,18261.03,0.0
M0001813,N,42,2,6850.74,0,1,1,2452.34,6615.79,0.87
M0001814,N,33,1,15580.89,0,1,0,662.59,14190.01,0.53
M0001815,N,33,1,9886.9,2,0,0,2250.66,7456.1,1.03
M0001816,N,73,1,27626.78,0,1,0,7433.14,16197.12,0.71
M0001817,N,70,1,15524.92,1,0,0,3038.61,9596.19,2.23
M0001818,N,78,0,4244.75,1,3,1,2244.53,4788.0,0.11
M0001819,N,30,2,6227.0,0,1,0,3673.2,4818.16,1.31
M0001820,N,76,3,23424.33,0,1,0,8485.39,11086.85,0.0
M0001821,N,70,1,10976.77,0,2,1,5411.09,11370.6,1.11
M0001822,N,54,1,16797.98,0,1,0,2838.87,13249.84,2.83
M0001823,N,76,3,10161.94,0,0,1,3143.68,9706.08,2.13
M0001824,N,49,1,19335.4,0,0,0,6244.43,14419.48,2.59
M0001825,N,22,1,9198.3,0,0,0,3848.2,8662.59,0.21
M0001826,N,41,0,5884.36,0,2,0,5491.27,2241.83,0.35
M0001827,N,30,2,11809.75,0,3,0,4585.36,12223.76,0.53
M0001828,N,39,1,24521.58,1,2,0,2629.29,20085.03,1.4
M0001829,N,39,2,37287.6,0,0,0,23057.61,12810.39,1.63
M0001830,N,31,0,19651.26,0,1,0,12491.27,9312.72,0.61
M0001831,N,45,1,24493.92,0,1,0,8932.51,12182.2,0.0
M0001832,N,58,0,3569.62,0,0,0,372.52,2714.1,0.02
M0001833,N,50,3,4457.91,0,1,1,2887.78,4809.84,0.95
M0001834,N,35,1,11266.0,2,1,0,6464.26,3100.03,1.75
M0001835,N,51,1,31545.04,1,0,2,10116.29,22413.52,2.76
M0001836,N,22,1,14117.89,0,1,0,4454.58,13786.52,2.21
M0001837,N,46,2,19478.94,0,0,0,3545.8,13819.77,0.91
M0001838,N,19,2,20085.48,0,3,0,3358.67,18826.89,0.82
M0001839,Y,50,2,109015.89,2,4,2,32687.11,79276.66,3.08
M0001840,N,64,0,15408.01,1,1,0,3787.55,11280.9,0.18
M0001841,N,52,0,5763.11,0,1,0,657.29,4383.16,1.83
M0001842,N,68,0,13106.54,0,1,0,3150.6,10543.14,1.96
M0001843,N,18,1,23683.79,0,0,0,6089.26,13503.7,1.16
M0001844,N,32,0,4865.11,0,0,0,4339.8,3028.77,0.0
M0001845,N,73,1,14458.45,0,3,0,3041.52,12173.45,1.37
M0001846,N,53,1,10477.18,0,0,0,3747.0,12509.17,1.67
M0001847,N,49,0,47591.79,0,0,0,4547.92,32679.56,1.22
M0001848,N,26,3,18250.32,0,2,0,11697.32,9750.42,1.8
M0001849,N,26,0,20117.47,0,1,1,1157.85,23786.45,0.77
M0001850,N,39,1,4546.17,0,0,0,628.15,6120.85,1.8
M0001851,N,66,1,15562.93,0,0,0,1814.84,10363.01,0.43
M0001852,N,22,1,5303.44,0,1,1,2627.16,3505.81,0.96
M0001853,N,62,0,8535.76,0,0,2,6256.43,4354.24,0.19
M0001854,N,48,2,6011.87,0,2,0,1880.42,7872.33,0.16
M0001855,N,33,0,4982.02,0,1,0,861.83,3574.39,0.66
M0001856,N,75,2,2366.5,0,0,0,717.49,1430.81,0.0
M0001857,N,33,0,4814.02,0,0,0,915.87,4807.42,0.0
M0001858,N,60,3,21173.39,0,0,2,8892.44,26207.38,1.53
M0001859,N,71,1,6950.16,0,0,0,3356.5,3305.29,0.58
M0001860,N,79,0,1578.8,0,1,0,1248.91,1239.36,0.86
M0001861,N,34,0,15852.67,0,1,0,4408.64,8986.28,2.75
M0001862,N,62,0,44294.57,1,3,1,1030.08,36590.6,2.21
M0001863,N,77,2,1112.25,1,0,1,294.51,1427.86,1.95
M0001864,N,23,1,12316.51,0,2,0,2586.56,14042.49,1.73
M0001865,N,32,3,21725.81,0,2,0,10900.52,14351.65,2.69
M0001866,N,38,3,23115.71,0,2,1,680.15,17678.55,0.82
M0001867,N,48,2,31290.04,1,0,0,2888.37,23363.65,2.13
M0001868,N,37,1,5440.15,0,0,0,1664.37,4492.13,0.26
M0001869,N,74,1,12852.16,0,0,0,2608.52,15187.48,1.37
M0001870,Y,51,6,355179.22,4,4,7,88123.92,239238.49,6.59
M0001871,N,43,1,18930.41,0,1,0,4651.63,22251.42,0.85
M0001872,N,67,2,10412.94,0,0,0,959.86,7843.51,1.37
M0001873,N,53,0,5565.18,0,0,1,2039.9,5906.64,0.45
M0001874,N,54,0,5579.63,0,2,0,1275.56,8116.92,1.33
M0001875,N,58,0,36309.21,1,2,1,3831.39,27248.44,2.31
M0001876,N,46,2,10798.04,0,0,0,2992.9,6999.14,0.74
M0001877,N,71,0,5158.99,0,0,0,1884.74,2660.91,0.94
M0001878,N,57,1,7977.14,0,2,0,3380.22,4106.62,3.08
M0001879,N,31,1,7560.24,0,2,0,1134.06,5370.81,0.0
M0001880,Y,61,5,377780.27,2,1,1,158548.26,244650.35,5.92
M0001881,N,74,0,26844.76,0,1,0,2338.47,19017.63,0.9
M0001882,N,29,1,33577.45,2,1,1,7429.48,29526.34,0.96
M0001883,N,24,1,9536.94,0,1,0,1322.82,14405.87,1.99
M0001884,N,69,0,4588.09,0,0,0,2051.77,3260.62,1.94
M0001885,N,65,1,5995.29,1,0,0,310.62,5395.07,2.01
M0001886,N,63,1,15256.99,1,0,0,1282.67,10840.24,0.0
M0001887,N,18,2,12019.95,0,0,0,4024.27,6644.67,0.0
M0001888,N,20,0,6352.53,0,0,0,3006.0,7607.67,1.31
M0001889,N,75,2,7070.9,1,1,1,3844.95,3990.77,0.73
M0001890,N,31,3,16837.81,0,2,0,3118.05,19217.59,0.59
M0001891,N,54,0,5677.66,2,0,1,2822.41,3995.14,1.52
M0001892,N,68,0,7619.17,0,0,0,1792.79,7584.76,0.2
M0001893,N,58,1,3777.76,1,0,0,785.84,3475.24,0.53
M0001894,N,38,0,3592.68,0,0,0,1232.38,1815.99,0.0
M0001895,N,23,1,25016.36,1,2,0,8287.8,13219.08,1.59
M0001896,N,44,0,15883.8,0,0,0,434.65,12941.37,0.2
M0001897,N,28,0,5757.41,0,0,1,1257.17,7105.41,0.0
M0001898,N,21,0,14345.05,0,0,0,3871.47,14162.8,1.54
M0001899,N,75,3,18072.6,0,0,0,2258.35,16786.76,2.03
M0001900,N,34,0,10996.58,1,1,0,3739.79,6159.36,0.69
M0001901,N,74,0,18853.01,0,0,0,1767.39,17041.35,0.13
M0001902,N,38,2,11814.41,0,0,0,4443.9,14681.28,2.1
M0001903,N,64,2,10253.57,0,1,0,770.71,16136.67,1.68
M0001904,N,30,2,18151.19,2,2,0,7566.38,8296.78,0.6
M0001905,N,31,0,8397.54,0,1,0,4651.45,6181.81,2.16
M0001906,N,24,1,7661.6,0,0,0,2616.22,8439.43,0.0
M0001907,N,58,0,13131.23,1,0,0,1791.04,10102.28,1.38
M0001908,N,52,2,9802.86,0,1,0,4063.85,12484.53,0.0
M0001909,N,63,2,9453.0,0,0,1,3151.28,10942.52,1.37
M0001910,N,50,2,7144.61,0,1,0,2246.98,5471.86,2.09
M0001911,N,20,1,19367.8,0,1,0,2150.01,14138.62,2.01
M0001912,N,58,0,15319.57,0,0,0,6351.85,5694.58,0.0
M0001913,N,80,0,2365.77,1,0,0,865.26,1030.06,0.0
M0001914,N,18,0,6225.52,0,0,0,2042.88,4147.1,0.75
M0001915,N,35,2,9846.91,0,1,0,2798.89,9362.17,2.05
M0001916,N,20,0,15862.23,1,1,1,9178.91,11865.5,0.0
M0001917,N,71,0,18342.08,0,0,0,9454.81,11375.69,2.03
M0001918,N,72,3,10078.71,1,0,2,8241.97,9400.43,1.57
M0001919,N,47,0,8943.48,1,0,0,1708.22,10819.14,2.74
M0001920,N,79,1,12233.51,1,0,0,4457.14,6716.72,1.72
M0001921,N,61,0,3734.71,1,1,0,866.12,4349.57,0.3
M0001922,N,24,1,5450.37,0,0,0,1157.28,4400.44,0.79
M0001923,N,72,0,3120.49,1,0,0,678.47,3860.07,0.04
M0001924,N,21,1,4852.14,0,0,0,1284.03,7255.13,2.32
M0001925,N,23,0,7050.88,1,0,0,3048.07,6612.47,2.12
M0001926,N,80,0,26697.63,1,2,0,3194.0,20908.35,1.1
M0001927,N,72,2,6160.51,1,0,1,2649.73,8172.92,0.85
M0001928,N,78,1,30268.93,0,1,0,3714.98,20458.25,1.38
M0001929,N,56,2,11665.6,0,1,2,3830.15,12343.51,0.0
M0001930,N,33,3,4687.17,0,0,0,973.22,3939.8,0.07
M0001931,N,50,1,15205.8,1,2,1,13025.83,9091.33,1.75
M0001932,N,43,2,5375.18,0,0,1,5809.37,2386.72,1.55
M0001933,N,62,1,7834.18,0,0,0,6392.44,5244.84,2.27
M0001934,N,77,2,12675.52,0,2,1,3912.09,13370.22,1.69
M0001935,N,68,0,6457.52,0,0,0,1793.56,3260.79,1.91
M0001936,N,34,0,3189.63,0,0,0,275.29,3615.08,0.0
M0001937,N,73,1,6424.16,0,0,0,945.21,5536.32,0.76
M0001938,N,51,2,19660.68,1,0,0,3734.76,20623.41,2.31
M0001939,Y,78,4,439634.63,3,3,4,55744.87,340031.7,7.1
M0001940,N,32,2,7198.15,0,0,0,583.39,6357.05,0.75
M0001941,N,29,2,16176.61,0,2,0,6359.04,7776.74,2.33
M0001942,N,44,0,34130.02,0,4,2,7682.44,21352.34,2.33
M0001943,N,46,2,11453.68,0,0,0,424.35,11335.49,1.68
M0001944,N,49,1,7898.11,0,0,0,2461.16,5374.43,0.94
M0001945,N,23,3,16033.94,0,0,0,3882.79,13359.16,2.88
M0001946,N,80,3,33259.02,0,1,0,9484.16,46401.85,1.52
M0001947,N,66,0,15964.64,0,1,0,4499.21,14443.42,0.98
M0001948,N,37,0,8078.05,0,0,0,3091.43,4361.73,0.28
M0001949,N,78,2,15892.58,0,2,1,5253.51,9504.48,2.05
M0001950,N,67,0,9752.35,0,0,1,4755.02,5460.7,1.08
M0001951,N,40,0,13212.65,0,1,0,2335.93,17218.45,0.72
M0001952,N,23,1,13988.16,0,0,0,5053.68,10652.0,1.22
M0001953,Y,43,5,236355.39,3,5,1,106774.6,102151.37,3.57
M0001954,N,80,2,33132.44,0,1,2,4698.33,21226.39,1.71
M0001955,N,52,0,12846.51,1,0,0,3912.35,10066.76,0.95
M0001956,N,28,2,17202.09,0,2,0,2735.03,12222.1,0.96
M0001957,N,77,2,4796.31,1,2,0,1312.3,3490.66,0.14
M0001958,N,42,2,12639.54,0,1,0,6109.15,5440.78,1.33
M0001959,N,63,2,17261.68,0,1,0,2734.35,22638.04,1.51
M0001960,N,27,0,7628.66,0,1,1,2745.25,10024.8,2.09
M0001961,N,51,3,11663.66,0,2,1,11824.22,7185.82,1.82
M0001962,N,31,2,30571.4,0,2,1,1999.27,26036.67,1.9
M0001963,N,78,2,39811.36,0,0,1,6124.47,33372.93,1.61
M0001964,N,63,3,2057.36,0,0,0,719.09,2953.35,1.44
M0001965,N,38,0,19141.57,0,0,0,2690.64,18724.37,0.89
M0001966,N,59,2,14087.47,0,0,0,6411.39,7261.9,2.66
M0001967,N,68,0,4960.88,0,0,1,1556.25,4706.41,2.54
M0001968,N,64,1,14192.03,0,0,1,1712.36,10990.96,2.05
M0001969,N,51,0,3301.17,0,0,0,1231.99,3240.45,0.0
M0001970,N,61,2,16520.35,0,0,1,3064.78,13377.59,1.29
M0001971,N,30,0,7302.59,0,0,0,3348.59,4339.35,0.91
M0001972,N,67,2,11933.52,2,0,0,3105.27,10598.31,1.24
M0001973,N,53,1,12685.39,0,1,2,1248.77,10618.32,1.63
M0001974,N,61,1,8419.8,0,0,0,5379.65,7303.55,0.0
M0001975,N,41,0,7950.15,0,1,0,2624.63,4631.08,1.97
M0001976,N,57,2,30775.6,0,1,0,6833.2,30248.93,2.75
M0001977,N,70,2,6100.45,0,1,1,2599.11,6655.71,0.3
M0001978,N,65,2,9881.93,0,1,0,3137.67,9991.75,0.0
M0001979,N,55,2,25997.87,0,0,1,4714.59,25998.62,1.89
M0001980,N,71,3,31876.04,1,3,3,2887.24,35568.14,1.67
M0001981,N,59,3,6816.82,0,1,0,3325.18,4569.98,0.1
M0001982,N,36,0,3664.86,0,1,0,855.19,3439.37,1.14
M0001983,Y,55,6,239851.07,1,5,6,76655.69,144247.53,6.79
M0001984,Y,45,4,212792.78,1,3,1,110447.44,126325.49,2.86
M0001985,N,22,0,8327.8,0,0,0,4594.7,6345.98,0.0
M0001986,N,35,0,14162.68,1,1,0,5104.48,9407.54,0.37
M0001987,N,33,2,11900.54,1,0,0,3661.91,12503.92,1.9
M0001988,N,44,0,54815.66,0,0,0,4512.51,49377.34,1.42
M0001989,N,55,2,8109.03,0,3,0,3843.69,6313.67,0.17
M0001990,N,63,0,2785.66,0,0,0,980.92,1859.55,0.58
M0001991,N,65,1,27368.0,0,0,0,10025.45,13051.2,2.03
M0001992,N,66,1,6405.04,0,0,0,1149.85,7615.34,1.66
M0001993,N,44,0,5081.83,0,1,0,1970.01,5435.94,1.94
M0001994,N,52,2,18018.56,1,0,1,6238.85,10771.6,2.4
M0001995,N,71,2,21089.95,1,2,2,20978.67,10408.88,1.46
M0001996,Y,38,4,210413.9,6,5,6,104112.16,163234.16,5.06
M0001997,N,27,0,3590.09,0,1,0,659.52,3495.56,0.54
M0001998,N,18,0,5913.93,0,2,0,2002.16,5054.49,0.0
M0001999,N,20,1,6153.56,0,1,0,3831.42,4556.83,1.38
M0002000,N,79,2,27763.06,0,0,2,5868.72,33136.48,1.58
M0002001,N,50,2,13360.57,0,0,0,5510.81,7244.95,3.93
M0002002,Y,44,5,451547.19,6,6,4,206122.67,192592.01,8.82
M0002003,N,62,1,6253.41,1,0,0,2532.45,6137.72,0.71
M0002004,N,61,2,26020.13,0,0,1,8547.09,13572.18,1.17
M0002005,N,63,2,11887.52,1,0,0,6130.89,8085.65,0.0
M0002006,N,51,0,7120.34,1,0,0,827.67,9336.1,0.25
M0002007,N,77,0,2710.37,0,0,0,2028.75,2600.69,0.0
M0002008,N,59,0,7632.83,0,0,0,2315.43,6753.9,0.87
M0002009,N,42,1,7217.36,0,0,0,1057.46,6888.64,0.67
M0002010,N,68,2,11221.96,0,1,0,3488.12,8749.21,0.88
M0002011,N,21,0,2226.34,1,0,0,1199.46,2262.36,1.09
M0002012,N,69,3,14531.33,1,1,0,3646.11,19756.33,1.22
M0002013,Y,74,7,225290.03,3,4,4,63262.61,146275.11,4.07
M0002014,N,23,3,11976.07,1,0,0,2658.87,9916.93,3.2
M0002015,Y,56,4,135847.7,1,4,4,73220.87,83950.34,4.09
M0002016,N,65,2,17146.92,0,0,0,3018.98,11442.43,0.96
M0002017,N,67,1,9079.33,1,0,1,4212.17,12076.25,0.93
M0002018,N,66,3,7474.21,0,1,0,1312.07,4954.55,1.37
M0002019,N,22,0,9979.46,1,1,1,1131.47,10601.88,0.55
M0002020,N,24,2,26942.83,0,0,0,6985.29,14754.49,2.16
M0002021,N,31,0,7198.31,0,0,0,3385.95,2721.23,0.0
M0002022,N,43,0,8601.84,0,0,0,5659.41,3550.3,0.0
M0002023,N,31,0,19134.52,1,1,1,11237.69,9577.63,1.45
M0002024,N,21,0,9839.01,0,1,0,3499.22,7940.19,0.28
M0002025,Y,83,2,219171.25,2,4,2,103349.08,125606.59,3.34
M0002026,N,34,0,6207.53,0,0,0,2933.76,4067.47,0.95
M0002027,N,30,3,19329.15,1,0,0,5424.39,11614.24,0.79
M0002028,N,34,2,6763.17,0,0,0,1837.05,9481.36,0.38
M0002029,N,57,0,22698.7,0,2,1,1692.12,19148.92,1.24
M0002030,N,71,3,5564.43,0,0,1,2316.22,6700.83,1.35
M0002031,N,70,0,7074.62,0,0,0,959.42,5318.07,1.7
M0002032,N,41,0,12823.11,0,1,0,3487.62,7245.71,0.3
M0002033,N,56,0,3816.3,1,0,0,2177.48,4329.04,1.76
M0002034,N,77,1,31733.92,0,0,0,8359.26,28429.7,1.17
M0002035,N,60,2,15232.9,1,2,1,4276.21,14962.57,1.27
M0002036,N,45,0,7285.64,0,1,0,1746.6,7545.37,2.99
M0002037,N,61,0,3216.33,0,0,0,667.43,3742.49,1.48
M0002038,N,35,1,8661.69,0,0,0,4761.1,7079.18,0.46
M0002039,Y,53,3,118508.53,2,2,4,66576.41,87537.6,5.11
M0002040,N,50,0,5757.5,0,2,0,1197.0,6435.4,0.0
M0002041,N,21,1,17395.03,0,0,0,1333.04,13002.33,0.38
M0002042,N,48,0,23000.44,0,2,0,6189.46,17384.7,1.3
M0002043,N,24,1,7346.7,1,0,0,1402.83,4753.46,1.29
M0002044,N,36,2,27152.99,0,1,1,4318.15,25584.14,1.91
M0002045,N,58,2,8792.36,1,0,0,4449.33,7605.76,1.83
M0002046,N,43,1,11191.75,0,0,1,7015.1,5827.41,1.91
M0002047,N,58,1,12122.02,1,0,0,3050.9,10369.56,1.08
M0002048,N,59,2,6522.33,1,1,0,2529.84,5106.85,1.71
M0002049,N,31,0,7943.7,0,2,1,1706.61,9591.29,0.06
M0002050,N,66,1,12508.67,0,1,0,2733.45,7105.51,1.7
M0002051,N,78,1,5368.13,0,2,0,4387.7,2027.05,0.47
M0002052,N,31,2,29063.91,0,1,0,15134.72,11263.09,2.37
M0002053,N,56,2,9008.08,0,0,0,2788.81,6222.8,1.7
M0002054,N,48,1,5118.49,0,1,1,1120.16,6703.66,0.2
M0002055,N,51,2,49320.51,1,0,2,3915.82,50069.97,3.39
M0002056,N,78,1,9040.07,0,0,0,2875.45,9324.01,1.34
M0002057,N,71,0,15987.24,0,0,1,6921.4,16730.16,1.6
M0002058,N,38,1,8948.01,0,0,0,3457.63,9962.71,1.11
M0002059,N,78,0,4151.58,0,1,0,601.64,4217.94,0.19
M0002060,N,36,0,6587.27,0,1,0,3012.96,2587.57,0.52
M0002061,N,49,1,10432.75,0,0,1,3646.33,13403.36,0.4
M0002062,N,55,3,24039.33,1,2,0,13878.13,10460.07,1.6
M0002063,N,50,0,8563.33,0,0,0,1258.41,9627.74,2.08
M0002064,N,28,0,5284.28,1,1,0,1709.03,6364.96,0.88
M0002065,N,61,0,12362.44,0,0,2,3749.17,16631.24,0.56
M0002066,N,59,0,7424.76,0,0,0,885.25,7740.78,0.77
M0002067,N,74,2,21397.01,0,1,1,3234.84,29249.18,2.34
M0002068,N,46,0,15477.23,0,0,0,4765.18,14397.46,1.45
M0002069,N,75,2,14368.71,0,2,1,8756.31,14806.67,1.09
M0002070,N,30,2,8134.13,0,0,0,2630.11,6317.82,0.79
M0002071,N,41,0,5146.26,1,1,0,1612.16,5630.55,0.15
M0002072,N,25,0,8504.63,0,0,0,1428.85,13026.13,0.9
M0002073,N,57,2,15120.23,0,1,1,7402.86,10557.27,1.73
M0002074,N,23,1,6286.97,0,1,0,2068.67,7376.22,3.46
M0002075,N,66,0,7574.7,0,0,0,1181.91,6329.2,1.55
M0002076,N,74,1,4774.49,0,0,0,2110.29,3928.86,1.42
M0002077,N,34,0,11962.65,0,2,0,3255.27,8041.22,0.59
M0002078,N,25,2,9712.32,0,0,0,2347.47,14847.15,2.23
M0002079,Y,40,5,210470.03,4,3,5,104025.72,121044.58,8.2
M0002080,N,25,2,4672.42,0,0,0,1806.96,6002.67,1.41
M0002081,N,29,1,13200.68,1,0,0,1879.73,8996.02,0.0
M0002082,N,27,4,24121.2,0,0,0,9464.83,9652.45,0.88
M0002083,N,79,2,3104.15,0,0,0,1097.71,4289.35,0.21
M0002084,N,42,1,6936.17,0,0,0,1825.13,6618.0,1.83
M0002085,N,65,0,7588.37,0,1,0,3277.17,8838.37,0.78
M0002086,N,51,0,19596.88,0,0,0,6742.6,16569.06,1.68
M0002087,N,45,2,19845.85,0,0,1,10967.77,7573.63,1.95
M0002088,N,79,1,13664.65,0,1,0,2639.38,9049.53,0.77
M0002089,N,74,1,15882.83,1,0,0,5282.78,11693.38,1.65
M0002090,N,75,0,19684.22,0,0,0,2701.43,13596.57,0.0
M0002091,N,78,0,10109.07,1,2,0,1447.54,8867.75,1.85
M0002092,N,21,1,24914.64,0,0,0,1761.3,23560.06,1.17
M0002093,N,52,0,17911.72,0,0,0,4747.57,17206.38,2.0
M0002094,N,48,2,12403.16,0,0,0,5397.96,13869.77,1.64
M0002095,N,29,3,34759.8,0,1,1,3990.19,53922.71,2.61
M0002096,N,54,1,7667.82,1,2,0,3464.45,7038.26,0.2
M0002097,N,56,1,12584.37,0,0,0,3599.64,16943.92,0.8
M0002098,N,45,1,24823.0,1,0,1,3441.62,18026.61,1.5
M0002099,N,55,0,10979.0,0,0,0,2151.36,8085.34,0.63
M0002100,N,72,0,8078.62,0,1,0,603.32,6707.52,2.12
M0002101,N,55,1,11807.81,0,0,0,4971.49,9109.95,0.47
M0002102,N,51,0,7798.02,0,2,0,976.86,8195.75,0.42
M0002103,N,76,0,37619.7,0,2,0,3730.25,42716.96,0.99
M0002104,N,27,0,16141.57,0,0,2,9394.49,4716.36,1.6
M0002105,N,71,0,6132.39,0,1,0,471.34,8970.81,0.93
M0002106,N,29,0,23821.3,0,0,0,4339.33,23807.02,0.78
M0002107,N,74,3,7750.76,0,1,0,4660.09,7041.58,1.63
M0002108,N,69,2,4650.07,0,1,1,2231.15,4115.52,0.0
M0002109,N,64,0,5200.11,0,2,0,1646.89,4448.12,0.67
M0002110,N,65,0,10598.0,0,0,0,4995.34,5160.8,1.38
M0002111,N,32,3,25700.6,0,2,0,3971.77,21959.01,0.19
M0002112,N,47,1,18329.76,0,0,0,2946.78,11869.54,0.8
M0002113,Y,48,5,332264.3,5,6,3,224353.0,133669.02,6.2
M0002114,Y,38,6,140761.07,3,7,4,46776.82,112829.08,6.88
M0002115,N,23,1,5910.4,0,0,1,2409.06,3390.03,1.24
M0002116,N,58,0,4218.21,0,0,1,1283.67,5377.67,0.33
M0002117,N,49,2,5248.05,0,0,1,2915.31,6533.41,1.55
M0002118,Y,56,7,368558.44,2,6,5,223063.87,122916.71,4.09
M0002119,N,24,0,6531.22,1,0,1,1854.39,3315.09,0.07
M0002120,Y,79,2,180348.47,3,4,4,59954.31,134296.81,4.56
M0002121,N,26,2,5621.79,0,0,0,534.23,6444.83,1.01
M0002122,N,77,0,14833.23,0,0,0,11289.45,3279.11,0.76
M0002123,N,36,2,6567.78,0,0,0,2859.54,3348.87,0.0
M0002124,N,42,0,16506.14,0,0,0,1429.03,18693.99,0.42
M0002125,N,20,2,24943.29,0,0,0,12318.5,13643.57,4.5
M0002126,N,68,2,18081.55,0,2,0,2986.77,23525.43,2.46
M0002127,N,23,2,4638.92,0,1,0,1365.4,5935.18,1.14
M0002128,N,60,1,8969.31,0,1,0,2166.41,9785.74,1.29
M0002129,N,52,2,11832.81,0,1,0,7067.61,10066.7,0.93
M0002130,N,54,1,9171.72,0,1,0,4103.88,9442.34,0.0
M0002131,N,46,0,10381.75,0,0,0,678.11,7536.15,0.89
M0002132,N,55,0,31568.65,0,0,1,3342.84,22423.43,1.45
M0002133,N,20,0,23325.9,0,0,0,5422.1,14473.93,1.29
M0002134,N,22,2,30265.03,0,1,0,4855.96,33133.9,0.99
M0002135,N,47,0,28854.98,0,2,0,5316.05,24098.31,1.4
M0002136,N,33,0,20864.99,0,1,1,4176.34,28363.49,1.3
M0002137,N,57,2,22246.31,0,1,0,7565.34,17370.76,1.05
M0002138,N,28,0,19821.88,1,3,0,7765.78,15095.46,0.61
M0002139,N,22,1,16678.56,1,1,2,9722.19,9800.96,1.26
M0002140,N,58,1,25140.12,0,1,1,2552.39,19158.53,0.71
M0002141,N,69,1,35935.05,0,0,0,14925.01,19516.04,2.38
M0002142,N,36,0,5772.96,0,0,0,1099.72,3872.1,1.79
M0002143,N,41,3,10433.27,0,0,2,6199.09,10566.85,1.82
M0002144,N,80,1,15193.66,0,0,0,3663.2,11177.53,0.76
M0002145,Y,57,5,198295.13,2,4,4,62957.13,135706.01,3.29
M0002146,N,79,2,14318.27,0,1,0,8945.54,6964.55,1.25
M0002147,N,39,2,9878.7,0,0,0,1940.08,11544.96,1.85
M0002148,N,25,0,3940.63,0,0,2,831.38,4405.19,1.34
M0002149,N,31,1,9966.91,0,1,0,3677.33,5383.25,0.0
M0002150,N,24,1,23432.03,1,1,1,5715.67,18397.05,2.12
M0002151,N,72,0,9350.33,0,1,0,1689.17,8023.05,0.28
M0002152,N,53,1,19462.73,0,2,0,4366.34,20713.07,1.33
M0002153,Y,78,6,248212.14,2,2,5,73378.47,150665.59,5.83
M0002154,N,45,1,24303.25,0,0,0,3261.84,20091.14,0.85
M0002155,N,37,2,11205.36,1,2,0,6716.91,4929.58,0.86
M0002156,N,76,1,19991.8,0,0,0,5068.9,19355.7,1.13
M0002157,Y,80,3,278877.87,3,8,4,74335.52,199885.16,5.51
M0002158,N,23,1,8945.19,1,0,0,4250.21,4437.32,0.05
M0002159,N,72,0,7324.94,0,1,0,2044.59,4004.14,0.51
M0002160,N,61,0,9598.1,1,0,0,1280.72,8289.0,0.77
M0002161,N,59,2,19738.54,0,2,0,2175.76,28235.92,2.46
M0002162,N,75,1,21091.35,0,1,0,13117.7,10279.78,2.91
M0002163,N,65,1,16150.65,0,0,0,3240.87,11134.12,1.97
M0002164,N,28,1,8343.13,0,0,0,1831.47,4870.36,0.91
M0002165,N,38,1,15526.44,0,0,0,6747.37,10695.37,0.0
M0002166,N,53,1,10797.48,0,0,0,2800.01,6266.54,0.87
M0002167,N,65,1,5090.65,0,0,0,1631.21,3727.91,0.0
M0002168,N,41,2,12806.71,0,0,1,5597.26,14925.9,0.25
M0002169,N,22,2,20378.43,0,2,0,2785.13,16360.48,2.29
M0002170,N,34,1,12570.87,0,1,0,1225.34,19766.48,0.71
M0002171,N,19,4,12190.49,0,2,0,6723.61,9708.64,0.99
M0002172,N,29,1,45046.03,0,0,0,9841.47,26379.7,0.98
M0002173,Y,54,3,552933.69,6,3,3,117107.86,348557.94,4.43
M0002174,N,67,0,11446.33,0,0,0,4361.19,5921.58,1.44
M0002175,N,79,0,9077.05,0,0,0,3541.55,7595.83,0.68
M0002176,N,48,0,7574.25,0,0,0,1746.68,9186.07,1.24
M0002177,N,62,2,24531.58,1,0,0,7757.03,19266.16,1.35
M0002178,N,72,1,9698.15,0,0,1,2558.49,10878.22,0.67
M0002179,N,65,0,11028.5,0,1,0,3369.24,6320.03,1.12
M0002180,N,39,1,16777.9,0,0,0,4172.17,13906.45,1.64
M0002181,N,29,0,4801.59,0,0,0,4843.49,3633.4,0.17
M0002182,N,80,1,4343.13,0,2,0,663.45,3796.47,0.73
M0002183,N,78,3,11486.14,0,1,0,6981.2,2907.41,0.82
M0002184,N,64,0,3212.78,0,0,0,3143.95,1283.95,0.0
M0002185,N,22,2,32196.09,0,0,0,2708.99,26398.57,0.0
M0002186,N,71,2,7638.01,0,0,0,2192.0,5297.0,0.07
M0002187,N,21,1,13844.87,0,0,0,2600.85,11027.67,1.24
M0002188,N,19,2,14613.14,0,0,0,4746.31,9338.23,1.48
M0002189,N,77,0,5742.52,0,0,0,853.14,7243.51,1.94
M0002190,N,18,0,5508.2,0,0,0,2108.46,2901.08,1.45
M0002191,N,43,0,5410.15,1,0,0,369.61,7151.03,0.57
M0002192,N,52,1,19940.6,0,2,0,1195.3,23475.23,2.09
M0002193,N,55,0,31811.57,0,0,0,2001.64,35720.19,0.72
M0002194,N,48,0,13664.8,0,1,0,2786.38,9569.7,0.22
M0002195,N,23,2,17915.74,0,0,0,6563.81,7624.31,0.61
M0002196,Y,72,6,246442.27,4,5,2,106951.34,153198.24,6.75
M0002197,N,50,2,4166.94,0,1,1,1105.68,4787.72,0.82
M0002198,N,27,1,22243.21,0,1,0,3252.56,19878.08,1.33
M0002199,N,37,1,14504.28,0,0,0,2835.61,10890.17,0.42
M0002200,N,58,0,9614.35,0,0,0,3202.02,5451.47,0.85
M0002201,N,47,1,16576.06,2,1,0,8773.65,6449.39,1.43
M0002202,N,48,2,5504.91,0,1,0,809.2,4176.87,0.53
M0002203,N,28,1,5786.58,0,0,0,4013.73,3955.15,0.62
M0002204,N,55,0,4466.83,0,0,0,2749.43,4850.9,0.51
M0002205,N,37,2,6236.3,0,0,0,2897.51,3614.43,0.33
M0002206,N,24,3,19276.63,0,0,0,8271.86,10061.41,2.21
M0002207,N,57,0,19300.38,0,0,1,3034.69,14208.17,0.54
M0002208,N,78,0,6901.54,0,0,0,4308.75,5614.55,0.0
M0002209,N,78,0,4783.27,0,0,0,1933.84,4786.06,1.56
M0002210,N,47,0,17741.14,1,0,0,7352.02,6690.47,0.46
M0002211,N,73,1,3735.85,0,3,0,1077.69,4065.49,0.0
M0002212,N,64,0,8868.2,0,0,0,977.38,11170.57,0.0
M0002213,N,49,0,5049.75,0,0,0,1101.98,3505.63,0.0
M0002214,N,67,2,10206.42,0,0,2,7721.86,8217.08,2.28
M0002215,Y,44,4,335832.69,4,1,4,119329.43,167434.48,5.85
M0002216,N,19,0,6133.92,0,0,0,819.34,3972.9,0.0
M0002217,N,59,1,36863.23,1,1,0,12347.29,16763.22,0.3
M0002218,N,71,1,5242.56,0,0,1,2426.07,2153.07,1.48
M0002219,N,30,0,8637.9,0,0,0,1318.07,5547.43,1.47
M0002220,N,80,1,32733.54,0,0,0,16149.89,29964.29,3.19
M0002221,N,47,0,4852.0,0,1,0,446.72,4594.56,0.96
M0002222,N,49,2,20208.45,0,3,0,2011.28,26070.23,2.77
M0002223,N,31,0,6994.74,1,0,1,1261.89,9164.68,1.67
M0002224,N,47,0,1989.86,1,2,1,1052.47,1727.52,0.79
M0002225,N,78,0,11375.67,1,1,0,3931.59,9318.0,0.51
M0002226,N,77,0,7338.94,0,0,1,1415.13,9822.32,0.0
M0002227,N,54,2,7622.13,0,0,0,3099.29,5057.27,1.42
M0002228,N,58,1,9549.77,1,0,0,7678.34,3137.02,0.5
M0002229,N,54,0,31251.68,1,1,1,4365.71,23175.74,1.23
M0002230,N,18,0,4371.4,0,0,0,3138.75,4142.26,0.0
M0002231,N,43,0,4243.78,0,0,0,975.95,4575.05,0.6
M0002232,N,31,0,10779.63,0,0,0,2481.61,8016.05,0.0
M0002233,N,51,0,33593.13,0,5,0,2340.21,24205.67,0.27
M0002234,N,33,1,5979.09,0,0,0,4891.21,2782.59,0.0
M0002235,N,78,2,17907.33,0,1,1,7258.72,13045.5,1.1
M0002236,N,73,2,8368.16,0,1,1,3047.93,6419.37,1.96
M0002237,N,56,1,3108.85,0,1,0,783.59,2183.39,0.0
M0002238,N,51,1,12828.67,0,2,1,6948.93,4049.34,1.56
M0002239,N,52,0,9565.75,2,0,0,2190.89,7282.57,0.78
M0002240,N,44,1,55354.42,0,1,1,12688.34,32102.87,2.35
M0002241,N,49,1,16539.49,0,2,0,8739.24,8602.23,0.92
M0002242,N,53,2,6099.03,1,1,0,973.76,5757.33,0.0
M0002243,N,21,1,6780.57,0,0,0,2713.59,2735.57,0.45
M0002244,N,32,2,11547.93,0,1,1,578.25,17176.39,0.91
M0002245,N,27,3,11705.13,1,0,0,1934.07,10997.97,3.19
M0002246,N,21,0,6126.66,0,0,0,2634.61,6841.92,0.44
M0002247,N,37,0,3443.58,0,0,0,1179.38,4436.52,1.18
M0002248,N,71,1,7621.03,1,0,1,4849.9,1534.42,0.14
M0002249,N,59,0,7635.32,0,1,0,1682.12,7556.07,0.74
M0002250,N,59,1,12101.38,0,1,0,2057.9,14411.15,0.0
M0002251,N,44,0,15784.45,0,0,0,2165.54,15074.45,2.54
M0002252,N,75,0,4463.15,2,2,1,1244.07,6421.02,1.34
M0002253,N,59,1,14660.43,0,2,1,11939.9,4809.08,1.64
M0002254,N,18,0,11475.58,0,0,0,401.36,9355.56,0.0
M0002255,N,68,3,8793.91,0,2,0,1847.49,13825.69,1.4
M0002256,N,78,2,11479.16,1,1,0,3636.07,5843.9,0.3
M0002257,N,44,0,10946.12,1,0,0,915.93,10293.04,0.22
M0002258,N,26,0,4371.76,0,2,0,1544.72,2564.17,1.86
M0002259,N,57,1,77398.85,0,0,0,11862.42,49460.68,0.96
M0002260,N,65,0,7311.51,2,2,1,8250.5,4561.64,2.16
M0002261,N,21,0,7577.68,0,0,1,513.75,8765.02,1.01
M0002262,N,58,0,5512.7,1,1,0,2614.16,3971.6,1.48
M0002263,N,28,3,14245.85,2,1,1,9913.79,3857.15,1.59
M0002264,N,38,3,18136.96,0,2,1,12010.36,8246.28,1.38
M0002265,N,65,2,12938.15,1,0,0,4340.5,13418.94,0.37
M0002266,N,77,1,5707.19,0,1,2,3108.36,2652.74,1.56
M0002267,N,58,2,2930.01,1,0,0,1302.22,2535.58,2.48
M0002268,N,78,2,24223.86,1,1,0,1579.79,26200.71,0.18
M0002269,N,28,0,19127.47,2,1,0,1101.35,22605.48,0.88
M0002270,N,60,0,5575.12,0,0,1,5242.94,3138.16,1.93
M0002271,N,67,2,4368.46,0,1,0,1613.92,3935.08,1.65
M0002272,Y,79,5,161484.94,3,7,4,52589.65,109916.87,6.71
M0002273,N,21,2,22241.83,1,3,0,7081.0,28490.52,1.27
M0002274,N,24,0,29903.04,0,1,0,874.58,22904.32,1.7
M0002275,N,64,0,4059.16,0,0,0,2459.58,2224.97,1.45
M0002276,N,68,1,2799.01,0,1,0,1164.06,3561.71,0.05
M0002277,N,49,2,29487.85,0,2,0,1455.18,25646.38,2.6
M0002278,N,24,0,23960.76,0,1,1,707.04,26922.24,1.04
M0002279,N,58,2,5626.44,0,1,1,3809.52,5394.4,0.53
M0002280,N,66,0,27456.87,0,0,0,846.29,26739.71,1.45
M0002281,N,57,2,9245.46,0,0,0,1888.88,5560.49,1.03
M0002282,N,42,2,9075.76,0,0,0,4132.98,11899.02,1.43
M0002283,N,58,0,27932.96,2,1,0,5827.45,19505.36,1.03
M0002284,N,59,2,15190.66,0,1,0,1042.76,14554.8,0.27
M0002285,N,47,1,19666.32,0,0,0,1654.45,19954.84,0.39
M0002286,N,20,2,7554.67,0,0,0,3377.39,8770.04,0.97
M0002287,N,45,0,16401.89,0,2,0,2712.98,13269.49,1.47
M0002288,N,74,1,23284.91,1,0,1,6148.34,27361.39,1.1
M0002289,N,62,0,12553.49,1,0,0,1872.9,8655.19,1.4
M0002290,N,74,1,8795.3,0,1,0,701.91,6917.32,1.56
M0002291,N,28,0,3323.5,0,2,1,497.08,2301.57,0.14
M0002292,N,75,0,10467.78,0,0,0,1833.63,9180.72,0.47
M0002293,N,64,1,8765.74,1,0,0,3797.84,5566.99,2.16
M0002294,N,26,1,3986.84,0,0,1,940.02,4239.05,2.02
M0002295,N,44,2,3202.8,0,2,1,1169.35,4052.71,1.6
M0002296,N,66,2,8480.05,0,0,0,1789.22,6254.97,0.56
M0002297,N,22,0,5386.6,0,0,0,876.31,3334.06,1.13
M0002298,N,75,2,43054.45,0,1,0,6893.71,32387.81,1.99
M0002299,N,19,0,6262.24,0,0,0,1727.15,8209.52,0.0
M0002300,N,41,1,5725.28,2,1,0,1274.01,8347.89,0.43
M0002301,N,46,1,12173.56,1,1,0,2652.28,8449.93,0.16
M0002302,N,74,0,7386.38,0,0,0,2736.23,6100.6,0.19
M0002303,N,22,2,8252.45,0,0,0,4414.6,5047.17,0.28
M0002304,N,48,2,5086.86,0,1,0,3100.03,5282.66,1.26
M0002305,N,27,1,4925.96,0,1,0,1298.9,5838.3,0.46
M0002306,N,33,0,12249.16,0,2,0,1854.88,15360.32,1.69
M0002307,N,62,1,5461.24,1,0,0,1037.27,7062.98,0.93
M0002308,N,66,2,10140.29,0,0,0,500.58,12711.54,0.06
M0002309,N,65,1,14319.96,0,0,0,6668.89,8189.52,2.4
M0002310,N,60,1,2921.01,0,1,0,2709.71,1219.11,0.7
M0002311,N,28,1,17572.84,0,2,0,1343.45,18332.6,1.41
M0002312,N,55,1,8667.95,0,1,0,2023.52,8039.78,0.63
M0002313,N,49,0,16492.58,0,0,0,735.43,13678.51,1.08
M0002314,N,35,1,8062.15,0,0,0,4368.54,8068.94,1.12
M0002315,N,44,1,17653.65,0,1,1,3667.44,11721.32,1.78
M0002316,Y,59,4,174276.14,1,2,2,66921.96,94644.01,2.0
M0002317,N,69,0,10181.46,0,2,0,3420.13,9970.03,1.95
M0002318,N,77,0,3245.99,0,1,0,1061.96,3086.24,1.59
M0002319,N,36,0,7537.39,1,0,0,1858.63,6168.62,0.39
M0002320,N,64,1,9309.12,0,1,1,5490.2,9054.54,1.78
M0002321,N,56,0,7123.11,0,0,0,842.17,5181.29,1.48
M0002322,N,44,3,13372.17,1,0,0,3333.93,7758.28,0.0
M0002323,N,47,0,5177.63,0,0,2,1653.52,5138.25,0.66
M0002324,Y,62,7,338454.58,5,4,5,277131.56,185020.0,5.63
M0002325,N,58,0,6707.21,1,0,0,4712.74,3512.69,0.0
M0002326,N,75,2,6397.24,0,0,0,715.26,10778.45,1.01
M0002327,N,57,1,4015.24,0,1,1,3453.03,1999.27,0.0
M0002328,N,53,1,3240.21,1,0,0,390.71,3321.46,0.25
M0002329,N,67,1,15192.19,0,1,1,3365.57,13974.16,1.39
M0002330,N,22,1,9734.86,1,1,0,920.59,14239.84,0.79
M0002331,N,41,1,8746.38,0,1,0,984.96,7206.07,1.45
M0002332,N,72,0,6157.43,0,0,0,1171.09,7503.11,0.72
M0002333,N,63,0,3672.24,0,0,0,3419.64,1355.14,0.0
M0002334,N,54,0,3641.32,1,0,0,1265.76,5271.32,0.28
M0002335,N,51,1,2210.6,0,0,0,827.95,2982.75,1.2
M0002336,N,45,0,10326.43,0,0,1,1393.29,12230.55,0.89
M0002337,N,63,1,11083.2,0,1,0,1657.91,9180.03,1.69
M0002338,N,80,0,12400.92,0,1,1,5425.56,11739.24,3.58
M0002339,N,68,0,10622.43,0,1,0,1611.5,9173.98,0.2
M0002340,N,52,1,8204.72,0,0,0,5666.3,6376.48,0.59
M0002341,N,42,0,11890.48,0,1,0,2471.93,10865.56,0.0
M0002342,N,28,0,2375.04,0,1,0,733.58,3357.42,0.73
M0002343,N,61,0,4726.23,0,0,0,1596.83,4953.63,2.78
M0002344,N,30,1,7295.7,0,1,0,2702.16,2999.79,0.64
M0002345,N,29,0,2415.61,1,0,1,1335.66,2727.35,1.41
M0002346,N,48,1,14180.71,1,0,0,1363.25,9814.65,1.28
M0002347,N,66,2,44860.5,0,2,0,29130.89,7311.64,1.57
M0002348,N,50,1,13076.71,0,0,1,2918.28,10384.09,0.33
M0002349,N,48,1,10229.8,0,0,0,1870.82,8119.72,0.77
M0002350,N,22,1,6164.01,0,2,0,2470.46,7607.52,0.41
M0002351,N,48,3,19830.2,0,2,1,7400.29,12030.53,1.84
M0002352,N,69,2,16101.38,1,1,0,5538.66,14536.72,1.72
M0002353,N,68,1,8773.89,0,1,0,5270.95,5694.23,2.03
M0002354,N,47,1,21450.4,0,0,1,3971.79,13034.38,1.41
M0002355,N,24,0,3415.43,0,0,0,2118.6,3381.97,0.34
M0002356,N,31,1,5454.89,0,1,0,677.16,9167.98,1.19
M0002357,N,65,2,3603.58,0,1,0,770.86,5140.89,0.21
M0002358,N,68,0,3710.6,0,0,0,1787.77,3316.39,0.0
M0002359,N,56,0,7480.85,0,0,0,1271.45,7961.94,1.54
M0002360,N,40,3,12074.67,0,1,2,6156.19,6866.34,1.33
M0002361,N,39,3,5779.03,0,1,1,1216.48,5868.33,2.0
M0002362,N,44,1,17544.44,0,1,0,5274.12,12832.83,1.0
M0002363,N,39,2,8539.47,0,0,0,997.29,8345.35,2.3
M0002364,N,56,2,6653.96,1,0,0,2297.23,3588.11,0.97
M0002365,N,72,0,7063.55,0,0,0,548.27,10366.75,0.27
M0002366,N,69,1,15513.68,0,0,0,2346.02,20563.11,0.0
M0002367,Y,51,5,230183.44,2,3,3,104526.19,101575.2,4.04
M0002368,N,67,0,3877.92,0,1,0,969.58,3516.05,0.22
M0002369,N,76,1,8034.55,1,0,0,2564.44,4698.34,0.53
M0002370,N,66,0,24018.03,0,0,0,14073.93,12768.17,2.3
M0002371,N,63,1,15812.32,0,0,0,1560.79,15382.12,1.39
M0002372,N,76,0,5193.94,0,0,1,1517.87,6093.58,1.32
M0002373,N,47,1,22980.59,0,2,1,13167.69,20316.05,0.96
M0002374,N,63,0,2867.73,0,0,0,219.96,3498.44,0.1
M0002375,N,50,2,42639.3,0,1,0,5627.96,32956.92,2.37
M0002376,N,50,2,4518.16,0,0,0,2334.42,3788.82,1.99
M0002377,N,36,1,9638.37,0,0,1,9089.77,5366.64,1.01
M0002378,N,63,1,3773.0,0,2,0,547.88,3241.04,1.22
M0002379,N,35,1,28821.54,0,2,0,2314.01,22544.09,0.97
M0002380,N,44,1,28854.35,0,1,1,3651.36,32980.39,1.3
M0002381,N,73,1,13951.71,0,0,0,4314.08,16552.28,1.13
M0002382,N,61,0,8368.53,0,0,0,4301.77,2629.0,1.33
M0002383,N,68,1,7546.26,0,0,0,5329.44,5245.71,1.74
M0002384,N,61,1,13657.75,0,0,0,7047.85,6860.84,1.31
M0002385,N,63,1,8699.38,2,0,0,3038.79,5223.31,1.27
M0002386,N,47,0,10364.98,1,0,0,2811.36,6571.61,0.79
M0002387,N,68,0,7935.14,0,0,1,582.32,9538.78,0.0
M0002388,N,34,2,21206.31,0,1,0,4314.7,28303.03,0.65
M0002389,N,50,1,10687.21,0,2,0,1653.31,11324.25,1.08
M0002390,N,63,2,18777.76,0,0,0,6963.07,12921.11,1.31
M0002391,N,43,1,17079.26,0,1,0,2860.71,11038.87,1.73
M0002392,N,67,2,11504.97,0,0,0,2140.82,10624.88,1.07
M0002393,N,78,1,5101.7,0,0,2,3295.53,5411.32,0.1
M0002394,Y,62,5,345411.82,5,8,6,227640.63,201884.37,5.39
M0002395,N,19,1,4416.47,0,0,0,2056.6,1627.77,0.18
M0002396,N,56,1,4261.3,0,0,0,1278.31,2939.13,0.0
M0002397,Y,58,7,327671.45,2,4,2,176416.08,138137.32,5.59
M0002398,N,70,0,9062.53,0,1,0,4057.99,7005.79,1.75
M0002399,N,18,2,21406.69,0,2,0,1791.18,15268.87,2.42
M0002400,N,74,1,7410.78,0,0,0,4321.38,3653.23,0.0
M0002401,N,59,1,18562.29,1,0,0,4441.27,13591.55,2.78
M0002402,N,49,1,28170.65,0,0,0,2804.05,19889.71,1.1
M0002403,N,27,1,23012.99,0,1,1,3811.13,20167.35,1.15
M0002404,N,59,0,7947.79,0,1,0,1018.08,5791.23,1.52
M0002405,N,20,0,10780.94,0,2,0,1287.89,7562.66,0.0
M0002406,N,26,0,2634.67,0,0,0,385.84,3674.62,0.93
M0002407,N,32,2,12170.39,0,0,0,3789.25,6143.8,1.29
M0002408,N,79,0,11255.9,0,1,0,3310.98,7906.98,0.07
M0002409,N,43,0,18618.65,0,1,0,3542.96,12417.01,0.7
M0002410,N,71,0,9466.26,0,0,0,1248.75,13212.95,0.87
M0002411,Y,67,6,265722.2,6,2,3,120243.67,160052.97,4.75
M0002412,N,76,2,7472.66,0,0,0,2331.11,5537.14,1.02
M0002413,N,68,1,21257.57,1,0,0,5475.78,13922.57,2.26
M0002414,N,37,2,21859.99,1,0,2,8721.49,23931.78,2.75
M0002415,N,26,3,21536.84,1,1,0,16247.44,8820.41,1.96
M0002416,N,43,1,6509.83,0,1,0,1388.99,5965.82,1.95
M0002417,N,67,1,7748.25,0,0,0,955.21,5733.52,0.96
M0002418,N,38,2,17752.85,0,0,0,2960.71,15566.0,1.23
M0002419,N,52,1,4777.66,1,3,0,1902.78,4666.6,0.71
M0002420,N,27,0,4204.68,0,0,0,1348.26,4451.79,2.0
M0002421,N,24,0,8875.46,0,0,0,1516.14,5632.94,1.55
M0002422,N,58,1,16123.3,0,1,0,6352.41,9880.85,1.72
M0002423,N,27,3,23780.79,0,2,1,11900.41,22300.4,1.78
M0002424,N,67,3,5813.62,0,1,0,2013.04,7676.17,1.37
M0002425,N,28,0,10922.1,0,2,1,4260.83,8099.72,0.0
M0002426,N,76,1,21140.33,0,0,1,8503.71,12079.67,2.05
M0002427,N,56,0,10501.57,0,0,2,3208.65,5422.61,0.33
M0002428,N,69,1,6765.5,0,1,0,1340.83,4213.22,1.05
M0002429,N,28,1,6214.89,0,0,1,759.52,5167.43,1.4
M0002430,N,39,0,25244.23,0,2,0,18895.37,4803.38,0.36
M0002431,N,42,2,20763.34,0,0,0,2343.83,14504.89,2.09
M0002432,N,33,1,2129.64,0,0,0,831.06,1189.57,0.93
M0002433,N,66,0,22557.93,0,1,0,12364.67,15455.28,0.4
M0002434,N,33,0,10868.09,0,0,0,1318.47,8486.76,0.0
M0002435,Y,36,3,272861.01,4,3,3,82140.35,254805.82,4.61
M0002436,N,54,0,6884.98,0,1,0,2265.87,8078.59,0.14
M0002437,N,75,3,5531.05,0,0,0,573.38,5488.23,0.58
M0002438,N,50,0,48717.4,0,0,1,14961.24,26483.89,1.48
M0002439,Y,37,3,224753.29,4,3,1,86232.65,127243.03,5.77
M0002440,N,46,3,45364.42,0,1,1,9770.81,27238.18,2.99
M0002441,N,35,3,28353.93,0,0,0,4963.26,28381.11,1.76
M0002442,N,44,0,3915.03,0,0,0,552.29,2686.28,1.23
M0002443,N,77,2,30399.23,0,1,1,7718.24,33818.07,1.86
M0002444,N,34,2,12046.57,0,0,0,3418.81,7802.82,1.71
M0002445,N,18,1,13345.28,0,0,0,9244.15,3057.19,1.26
M0002446,N,19,2,31436.27,0,0,0,8934.74,37853.61,1.49
M0002447,N,27,0,27459.08,1,0,0,3381.85,21773.49,2.64
M0002448,N,71,2,24419.87,1,2,1,3231.68,16646.21,0.88
M0002449,N,69,2,45287.07,0,0,0,11001.98,25913.27,0.9
M0002450,N,39,1,6014.11,0,1,0,2045.55,5188.35,1.34
M0002451,N,25,0,4253.75,0,0,2,589.3,3178.17,0.0
M0002452,N,38,2,19517.84,1,0,0,3629.56,11992.54,0.0
M0002453,N,56,2,19566.2,0,0,1,9841.64,15295.96,1.99
M0002454,N,41,1,23127.28,0,1,0,4009.03,15280.99,1.41
M0002455,N,80,3,4869.9,1,2,0,1486.25,4445.53,0.84
M0002456,N,57,0,4792.24,0,2,0,1148.43,6713.22,0.75
M0002457,N,33,2,15363.05,0,1,1,13104.66,13622.99,1.91
M0002458,N,28,0,23135.39,0,1,0,3702.97,15249.83,0.88
M0002459,N,60,1,10978.37,0,3,0,1204.05,10858.34,0.71
M0002460,N,32,0,2973.58,0,0,1,939.83,4460.48,1.16
M0002461,N,65,0,3552.43,0,0,0,1179.41,3815.39,0.63
M0002462,N,43,1,6753.96,0,0,0,1104.61,9212.78,0.71
M0002463,N,20,1,27513.49,0,1,0,14657.85,7332.12,1.89
M0002464,N,70,2,14061.1,0,1,1,2726.97,12118.67,2.25
M0002465,N,33,1,22248.85,0,0,0,3494.59,21334.93,1.32
M0002466,N,33,1,7999.9,0,1,0,8606.14,3373.02,1.2
M0002467,N,18,0,7090.32,1,1,0,2356.9,4256.04,1.27
M0002468,N,32,3,11547.61,0,0,0,4191.27,8305.77,0.1
M0002469,N,19,1,3384.94,0,0,0,1661.46,1815.53,0.0
M0002470,N,74,2,33411.33,0,1,1,3411.6,29167.37,1.02
M0002471,N,22,1,40126.83,1,3,0,3191.88,35555.67,2.33
M0002472,Y,38,6,187007.95,4,3,6,83809.31,169110.46,4.32
M0002473,N,70,0,25865.19,1,0,0,10073.28,13456.64,0.72
M0002474,N,71,1,6446.88,0,0,0,1229.31,4000.85,0.0
M0002475,N,72,1,8886.13,0,0,0,5790.45,3118.24,0.42
M0002476,N,34,0,16787.16,1,0,0,986.34,15995.6,0.48
M0002477,N,43,1,4164.35,0,1,0,423.17,6512.18,1.09
M0002478,N,45,1,5401.72,0,0,0,1842.92,3646.56,0.0
M0002479,N,41,0,31574.39,0,2,0,5966.89,26538.27,2.5
M0002480,N,40,3,13678.84,0,0,0,4143.33,9031.67,0.77
M0002481,N,39,0,11941.13,1,1,1,2283.04,7333.85,0.33
M0002482,N,38,2,16886.53,2,1,0,3152.71,10485.39,1.41
M0002483,N,20,3,12400.29,1,3,1,1666.28,8536.18,0.52
M0002484,N,29,2,30813.3,0,0,0,632.32,37050.64,0.0
M0002485,N,69,0,10457.32,0,1,0,2498.91,7197.21,0.03
M0002486,N,50,2,7308.66,0,1,2,3441.44,5257.13,0.0
M0002487,N,21,1,27215.2,0,2,2,10583.65,13064.14,2.28
M0002488,N,29,0,19499.73,0,0,2,4682.92,10607.53,0.74
M0002489,Y,47,7,320643.07,1,6,2,137362.72,303521.82,4.7
M0002490,N,49,1,5226.34,0,2,0,992.51,8054.64,1.19
M0002491,N,73,1,25420.07,0,0,0,2080.66,18353.61,0.79
M0002492,N,33,0,17929.69,0,0,0,1223.28,14508.16,1.72
M0002493,N,39,2,7829.35,0,0,1,2593.14,7058.66,0.79
M0002494,N,25,0,9434.24,1,0,0,2047.85,8167.27,0.12
M0002495,N,60,4,18639.57,1,0,0,10627.38,14346.62,1.79
M0002496,N,31,1,27453.73,0,0,0,11443.01,15514.75,3.54
M0002497,N,40,3,16469.54,2,1,0,1629.03,16015.99,0.81
M0002498,N,75,3,23203.75,1,0,0,1597.0,25043.62,2.4
M0002499,N,71,1,17865.85,1,0,1,2934.16,12207.79,0.0
M0002500,N,52,1,9466.23,0,0,1,3277.57,6270.74,1.8
M0002501,N,63,1,13281.11,1,0,0,10793.81,5527.18,1.18
M0002502,N,30,2,39407.51,1,2,0,1708.91,42670.93,0.23
M0002503,N,61,1,17849.02,0,0,0,6976.77,12283.89,1.98
M0002504,N,48,0,14194.64,0,1,0,1883.67,16247.72,1.41
M0002505,N,79,1,6205.57,0,1,0,2634.35,2880.89,0.75
M0002506,N,67,0,5085.57,0,1,0,1453.15,6426.69,0.0
M0002507,N,47,3,12492.51,0,1,0,2120.99,10599.04,2.84
M0002508,N,34,0,12147.75,0,0,2,3854.66,8948.03,2.14
M0002509,N,43,0,7107.81,0,2,1,4047.64,5550.52,1.44
M0002510,N,22,1,5261.99,0,1,0,2176.28,2966.68,1.68
M0002511,N,43,1,4842.67,0,0,0,1796.48,3819.71,0.65
M0002512,N,79,0,4849.24,0,1,0,1040.11,3176.86,0.62
M0002513,N,27,2,2394.23,0,2,0,969.52,3064.57,0.54
M0002514,N,67,0,17359.21,0,1,1,4104.68,13488.37,0.3
M0002515,N,68,1,30052.89,2,2,0,5174.19,31488.6,2.34
M0002516,N,74,0,4007.09,1,0,0,611.48,3397.41,0.3
M0002517,N,26,1,12104.68,0,1,0,1203.09,8662.1,0.6
M0002518,N,54,0,14065.92,1,2,1,3133.02,16001.41,0.21
M0002519,N,66,0,11464.06,0,1,0,4260.65,7318.5,0.15
M0002520,N,46,0,6476.3,1,1,0,665.54,7693.27,1.4
M0002521,N,51,0,7171.04,0,0,0,1194.66,4604.56,1.34
M0002522,Y,52,6,315581.61,3,5,2,195838.77,96200.4,6.66
M0002523,N,43,2,5392.4,0,0,1,2582.31,7012.66,0.99
M0002524,N,60,1,4215.32,1,0,0,1703.38,2803.81,0.19
M0002525,N,42,2,3292.71,0,1,0,1422.03,4326.59,0.0
M0002526,N,72,0,16548.58,0,1,0,3122.17,15819.86,0.49
M0002527,N,52,1,9240.25,0,0,1,934.38,11322.37,0.18
M0002528,N,32,0,8884.59,1,1,0,4229.29,8705.36,2.43
M0002529,N,46,0,11743.57,0,0,0,3416.45,7843.22,0.4
M0002530,N,29,1,9598.75,0,0,0,3578.2,6479.4,1.38
M0002531,N,65,0,12028.7,0,1,0,4968.19,11992.4,1.68
M0002532,N,37,0,14979.69,0,0,0,6867.08,5215.22,2.35
M0002533,N,49,2,8814.52,0,1,0,1861.15,7019.79,1.17
M0002534,N,55,5,25052.36,0,3,1,2802.85,23319.9,2.54
M0002535,N,39,2,22460.17,1,2,0,5160.6,19221.07,0.59
M0002536,N,38,0,21963.22,0,0,1,4071.57,23050.07,0.54
M0002537,N,24,0,8984.46,0,2,2,2077.32,9839.42,1.48
M0002538,Y,72,4,138540.11,3,1,1,39338.66,110409.19,4.29
M0002539,N,50,2,8760.42,0,1,1,4598.72,5927.6,0.72
M0002540,N,18,3,8482.58,0,0,0,2983.9,8184.04,0.0
M0002541,Y,63,7,263632.01,3,5,4,172686.67,150111.11,7.38
M0002542,N,18,0,16164.97,2,1,1,1605.63,11075.47,2.19
M0002543,N,75,0,22608.44,0,1,0,4802.99,20007.41,2.16
M0002544,N,39,1,8960.89,0,2,0,2887.46,8093.18,0.98
M0002545,N,34,1,5497.61,1,0,0,1097.71,5249.78,0.92
M0002546,N,45,1,25490.24,1,1,0,3517.4,33149.65,1.72
M0002547,N,45,0,3332.42,0,0,0,689.5,3682.85,0.12
M0002548,N,75,0,3125.28,0,1,0,1158.12,2391.73,0.96
M0002549,N,79,0,8860.82,0,1,0,4310.87,3762.83,1.38
M0002550,N,75,1,13615.17,1,0,0,1836.52,11761.73,0.06
M0002551,N,72,1,8237.2,0,2,0,3253.19,5760.07,1.18
M0002552,N,22,0,4124.44,0,0,0,2889.15,2800.89,0.41
M0002553,N,21,2,12944.62,0,0,0,7336.9,14884.0,2.02
M0002554,N,71,1,13980.85,0,0,1,2557.92,16803.72,0.6
M0002555,N,53,0,24567.09,1,0,0,11117.62,9922.36,2.39
M0002556,N,68,1,5332.34,0,0,0,2852.69,3367.54,1.3
M0002557,N,60,2,10744.98,1,1,0,6637.86,6346.17,1.52
M0002558,N,30,0,11922.86,0,0,0,3614.19,7483.88,1.44
M0002559,N,44,0,9737.87,0,0,0,884.04,7571.79,2.94
M0002560,Y,39,5,102153.9,1,5,4,36853.87,64184.14,3.96
M0002561,N,37,1,17593.52,0,0,0,7616.25,10240.33,0.66
M0002562,N,26,0,4676.41,0,0,0,2997.79,3666.63,0.38
M0002563,N,78,1,8058.74,0,3,0,5523.39,6575.75,0.0
M0002564,N,27,1,15940.3,0,2,0,6667.15,7334.85,0.0
M0002565,N,46,1,7331.2,0,0,0,1808.04,5646.25,0.0
M0002566,N,66,1,8749.19,1,0,0,2180.38,8152.49,1.48
M0002567,N,40,2,17593.32,0,3,0,1393.28,12822.8,2.1
M0002568,N,27,2,4057.9,0,0,1,1779.18,2280.86,1.21
M0002569,N,37,1,17242.08,0,0,0,4082.74,12262.22,0.42
M0002570,N,34,2,28236.02,0,1,1,6823.11,37501.77,1.58
M0002571,N,51,2,11603.6,1,2,0,2733.95,6565.41,0.81
M0002572,N,31,2,7313.13,0,0,1,1140.56,7777.36,1.2
M0002573,N,57,0,47792.34,1,2,2,25571.55,14075.63,1.79
M0002574,N,78,3,49812.11,0,0,2,33770.33,5660.57,1.89
M0002575,N,67,0,6452.13,2,0,0,1273.59,8939.28,0.0
M0002576,N,42,1,28206.05,0,1,0,8975.45,15382.09,0.63
M0002577,N,42,0,6245.53,0,2,0,3090.11,6279.96,0.0
M0002578,N,24,0,9472.45,0,0,0,2334.84,9953.55,1.18
M0002579,N,56,1,8988.91,1,0,0,2705.29,6702.63,0.29
M0002580,N,71,1,21059.57,0,0,0,2875.12,32286.61,1.16
M0002581,N,29,1,2419.53,0,0,0,634.18,3477.96,1.15
M0002582,N,80,1,18405.66,0,0,0,13670.86,3073.49,0.0
M0002583,N,74,0,15816.83,0,0,0,1256.7,13940.08,0.61
M0002584,N,33,1,7658.21,0,0,0,1046.44,10384.4,0.04
M0002585,Y,46,8,294355.32,2,6,4,72177.35,261896.53,4.7
M0002586,N,65,1,3801.64,0,0,0,240.8,3274.31,0.62
M0002587,N,35,1,3692.22,0,0,0,2377.68,3291.5,0.84
M0002588,N,66,2,18327.26,0,0,0,6698.61,7767.97,0.0
M0002589,N,33,0,3862.66,0,0,0,2568.24,2659.85,0.61
M0002590,N,34,0,5543.2,0,0,0,795.84,4032.64,0.77
M0002591,N,38,1,8977.99,0,1,0,1716.44,7222.58,0.75
M0002592,N,72,1,5498.11,0,0,0,616.54,5193.61,0.0
M0002593,Y,78,4,160396.15,4,5,3,63422.55,107368.05,4.55
M0002594,N,55,0,4141.78,1,0,0,1645.69,3282.43,1.35
M0002595,N,18,0,9167.67,0,1,0,3360.87,5096.62,1.25
M0002596,N,21,0,21996.36,0,0,0,5507.0,12291.65,0.73
M0002597,N,49,0,12736.72,0,0,0,1155.31,9464.02,1.2
M0002598,N,49,1,15248.5,0,0,0,1793.32,12778.87,0.32
M0002599,N,72,2,15908.65,0,1,0,4188.93,12699.04,0.02
M0002600,N,75,1,28550.61,0,3,2,6372.95,19777.24,2.29
M0002601,N,75,0,10535.86,1,1,1,3998.71,11685.84,1.31
M0002602,N,71,0,24247.01,0,0,1,3103.58,24328.18,2.43
M0002603,N,72,0,8877.19,1,0,0,752.62,7528.84,1.12
M0002604,N,72,1,24355.33,1,0,1,2878.26,21771.77,1.12
M0002605,N,68,1,9173.75,0,0,0,2562.07,8948.77,1.34
M0002606,N,54,1,12439.55,1,1,1,4556.83,7038.56,1.55
M0002607,N,23,2,16547.31,0,1,0,9894.65,17733.75,1.95
M0002608,N,42,0,13551.18,0,0,0,1866.28,9772.38,1.42
M0002609,N,53,0,30103.78,0,0,0,509.42,23946.87,0.99
M0002610,N,38,1,6679.0,0,0,1,3209.12,3526.73,1.14
M0002611,N,69,1,5895.08,1,0,0,2249.97,4726.08,0.0
M0002612,N,69,1,19075.84,0,0,0,7083.81,9974.0,1.72
M0002613,N,41,1,8950.4,0,3,0,2963.91,5208.55,0.61
M0002614,N,69,2,19203.34,0,0,1,5784.83,14820.89,1.29
M0002615,N,36,0,3878.71,0,0,0,2729.7,3905.23,1.72
M0002616,N,30,1,15859.32,0,0,0,3862.46,9568.54,1.43
M0002617,N,29,2,4482.83,0,0,0,996.62,4558.13,0.6
M0002618,N,58,1,10143.07,0,1,0,2176.24,5979.51,1.89
M0002619,N,31,0,3756.72,0,1,0,1329.66,3703.62,0.44
M0002620,N,79,1,9794.32,1,2,0,1204.07,8068.88,0.81
M0002621,N,41,0,13742.39,0,0,1,3433.17,8794.59,0.17
M0002622,N,58,0,6959.04,1,0,0,1921.66,4088.05,0.0
M0002623,N,62,1,6421.58,1,1,0,2471.14,3980.02,0.68
M0002624,N,22,2,18080.73,0,1,1,4562.73,12775.85,1.09
M0002625,N,30,1,9394.19,0,0,0,10141.9,6391.98,0.86
M0002626,N,56,1,20381.05,0,2,0,9952.27,14227.36,2.58
M0002627,N,72,2,19889.83,1,1,0,4783.57,17558.83,2.57
M0002628,N,65,1,17402.42,0,0,0,3697.82,10567.34,1.94
M0002629,N,35,0,15547.48,0,0,0,3503.92,10879.85,1.65
M0002630,Y,81,5,265985.17,2,1,4,188767.06,161518.81,5.01
M0002631,Y,49,5,259473.28,5,5,4,84743.9,185369.22,8.59
M0002632,N,59,1,9636.13,0,0,0,3647.53,8429.11,1.1
M0002633,N,45,0,18931.38,0,0,0,1922.97,17507.23,1.76
M0002634,N,46,2,23818.57,0,0,0,3134.33,18317.8,1.7
M0002635,N,72,0,5195.3,0,0,0,1844.38,4209.7,1.25
M0002636,N,61,0,6791.67,0,1,0,1960.69,4082.8,0.14
M0002637,N,55,3,31329.51,0,3,0,4023.71,35943.37,1.23
M0002638,N,33,2,24365.33,1,2,2,6457.67,19699.64,1.62
M0002639,N,29,3,11486.12,0,1,0,5076.42,12874.97,2.31
M0002640,N,64,2,3111.91,0,0,0,1269.2,3012.58,0.0
M0002641,N,23,0,2258.25,0,0,0,848.04,2426.62,0.0
M0002642,N,69,3,11114.56,1,0,0,3616.9,6414.08,0.56
M0002643,N,28,1,18702.18,0,2,0,3154.24,13153.8,1.04
M0002644,N,45,0,13010.59,0,0,3,1845.88,13576.31,2.71
M0002645,Y,50,4,272485.16,2,4,5,130865.02,178875.2,5.18
M0002646,N,24,2,17342.23,0,0,0,1984.33,18034.25,1.88
M0002647,N,53,0,10805.62,0,0,0,1992.09,6875.14,1.06
M0002648,N,18,1,9238.57,0,1,2,4491.58,8364.76,1.59
M0002649,N,48,1,13763.7,1,2,1,1637.25,16386.78,1.35
M0002650,N,35,0,2798.12,0,0,0,1212.08,2191.04,0.0
M0002651,N,77,0,5120.33,0,0,0,2270.72,5558.72,0.22
M0002652,N,35,1,14336.15,0,0,0,8657.71,3565.18,1.83
M0002653,N,42,1,16030.97,2,1,0,2765.15,13057.74,0.89
M0002654,N,19,1,4278.19,0,0,0,432.97,3112.03,1.5
M0002655,N,21,1,15367.5,1,1,0,6834.76,16920.82,1.7
M0002656,N,24,1,9644.8,0,0,0,2796.51,7991.35,1.17
M0002657,N,64,1,30220.29,0,2,0,5722.32,18031.27,2.98
M0002658,N,57,0,9795.38,0,0,0,1011.52,10005.88,1.7
M0002659,N,75,0,9964.17,0,1,0,677.92,10818.21,2.22
M0002660,N,34,2,7966.72,0,0,0,2339.12,6625.03,1.23
M0002661,N,51,1,14525.7,0,0,0,5549.45,7312.71,2.16
M0002662,N,68,0,9662.24,0,0,0,1846.86,13795.07,0.84
M0002663,N,67,1,3268.48,0,0,0,2027.58,2409.71,0.22
M0002664,N,39,0,7127.34,1,0,0,2710.18,9273.11,0.0
M0002665,N,37,0,4016.84,0,1,0,2324.77,2503.49,0.29
M0002666,N,35,1,21599.84,2,1,0,15094.53,19402.86,2.23
M0002667,N,31,1,13326.58,0,0,0,1324.45,15356.94,1.24
M0002668,N,19,0,20275.49,0,1,1,6205.08,10889.68,1.77
M0002669,N,27,1,7747.75,0,0,0,4909.22,3898.95,0.49
M0002670,N,31,0,8617.94,0,0,1,5506.02,8445.33,1.46
M0002671,N,40,1,18469.39,0,0,1,17305.48,5728.88,2.37
M0002672,N,80,2,8937.26,0,1,1,1823.47,9055.86,0.58
M0002673,N,46,1,19257.2,0,1,3,3175.12,14039.96,3.87
M0002674,N,61,1,20680.36,0,0,0,5938.18,22016.23,2.28
M0002675,N,33,0,7701.13,0,0,0,1721.84,8960.19,1.27
M0002676,N,55,2,50242.55,0,0,1,30330.04,10312.79,2.19
M0002677,N,80,2,15879.75,0,0,0,4516.7,12907.59,1.52
M0002678,N,73,2,6738.49,0,0,0,1816.21,5117.88,0.55
M0002679,N,47,0,5459.92,0,0,0,669.7,5858.93,0.62
M0002680,N,68,0,2740.48,0,0,1,1274.42,3255.45,2.06
M0002681,Y,49,6,186589.76,1,2,2,35334.66,150950.01,4.18
M0002682,N,73,1,6963.85,0,0,0,2831.39,9212.12,1.95
M0002683,N,43,0,7369.97,0,1,0,3037.54,4125.57,1.16
M0002684,N,47,0,4669.55,0,0,0,4731.97,3102.42,1.68
M0002685,N,40,0,6036.28,1,0,0,1860.13,3926.58,1.09
M0002686,N,59,2,101022.97,0,1,0,88329.15,65490.97,2.62
M0002687,N,73,0,6248.4,0,2,0,4524.08,1893.58,1.47
M0002688,N,69,3,33064.82,1,1,2,3415.58,22916.31,0.74
M0002689,N,53,0,9579.26,0,0,0,8064.26,6133.12,1.05
M0002690,N,74,1,7876.93,0,0,0,1658.74,9918.28,0.0
M0002691,N,60,0,9317.73,0,0,0,5034.91,3973.23,1.76
M0002692,N,49,0,5525.33,0,1,1,4875.14,4982.61,2.06
M0002693,N,41,1,4862.21,0,0,0,884.64,7394.01,1.28
M0002694,N,79,0,5510.6,0,0,0,3736.93,4330.27,0.0
M0002695,N,59,2,19512.43,0,0,0,4179.73,15327.79,1.46
M0002696,N,56,2,16281.64,0,0,0,2364.85,14334.08,0.05
M0002697,N,65,0,5743.84,0,2,0,1708.68,6176.8,1.65
M0002698,N,57,1,8174.75,0,1,0,6698.43,6731.59,1.18
M0002699,N,25,0,7675.38,0,1,2,2423.42,8205.17,1.33
M0002700,N,35,0,4991.17,0,0,1,1950.44,5200.4,1.61
M0002701,Y,71,4,111474.32,3,1,2,75847.01,67064.68,2.77
M0002702,N,75,3,23893.29,0,2,1,4953.1,14768.48,1.2
M0002703,N,60,0,21350.02,0,0,0,8982.57,15789.02,2.12
M0002704,N,72,1,19947.12,0,1,1,5491.18,13432.58,1.43
M0002705,N,48,1,7317.2,0,0,0,1943.54,6217.94,0.94
M0002706,N,36,0,11763.34,0,0,0,1233.61,9413.41,2.03
M0002707,N,32,2,15940.87,0,1,0,6477.21,22299.77,0.37
M0002708,N,63,2,5596.6,1,1,0,3450.46,1622.48,1.07
M0002709,N,54,0,2014.28,0,1,1,896.53,2013.07,0.0
M0002710,N,26,1,19742.91,2,1,0,14224.52,14737.39,0.0
M0002711,N,61,0,4953.14,2,1,1,2630.52,2936.15,2.55
M0002712,N,71,0,12753.83,0,0,1,2944.37,7114.28,0.12
M0002713,N,22,2,26705.24,1,0,1,10724.14,26626.43,1.36
M0002714,N,79,2,8297.32,0,0,0,1271.41,5827.25,1.14
M0002715,N,59,1,5100.59,0,2,0,4307.87,4223.25,1.88
M0002716,N,18,0,28351.86,0,2,0,4837.46,30431.51,3.3
M0002717,N,44,4,38094.78,1,0,0,29737.47,9901.68,1.19
M0002718,N,77,2,7012.87,0,0,0,1993.11,6735.25,0.24
M0002719,N,48,1,10234.23,0,2,1,2603.28,13013.12,0.62
M0002720,N,35,0,7337.95,0,3,0,2905.41,4035.0,0.23
M0002721,N,80,0,3904.68,1,1,0,2278.0,2430.85,0.69
M0002722,N,19,2,18131.92,1,2,0,5565.68,9526.82,0.61
M0002723,N,26,1,9553.05,0,1,0,1477.87,7168.35,0.0
M0002724,N,54,0,7187.66,0,2,0,848.93,7392.57,0.22
M0002725,N,42,0,5541.95,0,0,1,2695.06,4632.16,0.34
M0002726,N,78,0,11594.74,0,0,1,1878.69,7431.9,0.7
M0002727,N,30,0,3780.39,1,0,0,2176.49,3700.5,1.65
M0002728,N,67,1,7786.82,0,1,1,6175.5,6158.82,0.57
M0002729,N,77,1,16497.99,0,0,0,3736.17,10046.79,0.0
M0002730,N,62,1,11061.96,0,0,0,1170.25,7513.05,0.0
M0002731,N,37,0,5431.43,0,0,0,1743.86,4750.02,2.0
M0002732,N,80,0,4412.37,0,1,0,1107.6,4024.27,0.22
M0002733,N,42,0,17981.14,0,2,0,9144.68,12177.38,0.0
M0002734,N,62,1,7350.22,0,2,0,1734.99,5327.49,0.7
M0002735,N,28,2,16874.73,0,0,0,2625.41,14390.88,1.64
M0002736,N,19,0,10251.21,0,0,0,8231.61,9070.59,1.24
M0002737,N,47,1,5205.72,0,0,0,897.4,4041.07,0.64
M0002738,N,42,1,15786.9,0,0,0,2033.62,11409.52,2.63
M0002739,N,76,1,14113.0,0,0,0,3602.59,9819.91,0.65
M0002740,N,28,0,11700.9,0,0,0,4787.17,11529.11,1.39
M0002741,N,72,0,11606.9,0,1,0,1723.25,7708.9,0.11
M0002742,N,46,1,14333.62,0,0,0,5577.14,5674.32,0.72
M0002743,N,27,1,3648.6,1,0,0,1680.73,4492.49,0.77
M0002744,N,30,0,5485.26,0,0,0,2487.62,6752.96,1.46
M0002745,N,71,1,8623.82,0,3,0,4102.85,10555.63,2.24
M0002746,N,52,2,6106.31,0,0,0,1403.44,5904.26,0.0
M0002747,N,18,1,6981.28,1,0,0,1782.13,4486.99,1.91
M0002748,N,30,0,24737.08,1,1,0,2408.39,17206.21,1.18
M0002749,N,33,0,7628.57,0,0,0,2356.2,4033.11,1.49
M0002750,N,78,1,17207.85,0,0,0,1236.21,21381.04,2.66
M0002751,N,32,0,13517.65,1,1,0,4661.39,6260.87,1.08
M0002752,N,18,1,7100.34,0,0,0,2149.25,8514.11,0.32
M0002753,N,31,1,5579.93,0,0,0,1380.92,4194.5,0.11
M0002754,N,66,1,4178.68,0,0,0,1713.3,4703.02,1.6
M0002755,N,59,1,7827.21,0,0,1,4732.16,6292.94,0.37
M0002756,N,30,1,14118.02,1,0,0,2458.41,15697.48,0.2
M0002757,N,25,1,5444.21,0,1,0,4655.65,977.58,1.84
M0002758,N,42,3,20746.32,0,0,1,4642.87,17062.94,1.01
M0002759,N,20,1,16679.81,0,1,0,3046.35,12909.87,1.78
M0002760,N,74,2,13902.95,0,0,0,6225.44,9161.71,0.34
M0002761,N,21,0,16981.38,0,0,0,5451.59,21946.91,0.0
M0002762,N,21,1,9142.48,1,1,0,2225.95,7100.61,1.03
M0002763,Y,48,7,261048.62,1,2,4,36753.99,226478.96,5.4
M0002764,N,72,2,12869.38,0,1,1,5388.78,9905.84,1.18
M0002765,N,57,1,27523.37,0,0,1,5865.94,25568.26,0.73
M0002766,N,70,0,5986.97,0,1,0,2355.08,4816.45,0.12
M0002767,N,71,1,9938.9,0,0,0,2535.04,6095.91,1.88
M0002768,N,38,2,9334.56,0,0,1,4527.66,5101.28,1.42
M0002769,N,24,2,27395.23,0,0,0,8936.26,22280.43,0.46
M0002770,N,47,1,28212.7,0,0,1,10231.86,12296.78,0.2
M0002771,N,70,2,18448.66,0,0,0,5563.13,14977.4,1.32
M0002772,N,64,0,6357.36,1,0,0,3107.08,5780.27,0.36
M0002773,N,52,0,13369.05,1,0,0,1521.0,13502.11,2.16
M0002774,N,46,0,4350.08,1,2,0,1397.54,3223.24,1.01
M0002775,N,22,1,4079.21,0,0,0,2507.53,4678.14,0.32
M0002776,N,29,2,3298.11,0,0,0,730.07,5051.8,0.45
M0002777,N,58,2,134492.28,1,0,0,18430.45,88670.12,1.08
M0002778,N,76,1,12003.42,0,0,0,5121.41,5264.93,0.54
M0002779,N,21,0,5990.33,0,0,0,3530.11,3940.33,0.88
M0002780,N,69,0,5270.82,0,0,0,676.2,4519.16,1.16
M0002781,N,33,1,4411.67,0,0,0,1567.89,2499.09,0.1
M0002782,N,21,3,8287.78,1,1,1,1997.71,8545.93,2.41
M0002783,N,22,1,31405.47,0,0,0,2745.85,26976.14,0.0
M0002784,N,39,1,17671.91,0,0,0,17126.44,3582.28,1.53
M0002785,N,26,0,15421.3,0,1,0,4325.04,8327.21,2.09
M0002786,N,52,1,12561.05,0,0,0,5453.86,5901.31,0.87
M0002787,N,68,3,10009.13,0,1,1,6661.15,2056.26,1.53
M0002788,N,61,3,21490.43,0,1,1,4840.04,19195.34,1.16
M0002789,N,72,1,10027.14,0,1,0,8101.8,3353.28,0.79
M0002790,N,20,2,10801.4,0,1,0,1870.03,16248.06,1.86
M0002791,N,23,0,12136.38,0,0,0,11733.98,4638.63,0.0
M0002792,N,58,0,9094.76,0,1,0,2317.15,8212.29,0.38
M0002793,N,46,1,10844.28,0,2,0,8786.78,5421.3,2.22
M0002794,N,30,0,12019.18,0,0,0,568.88,10850.43,1.75
M0002795,N,74,2,9812.83,1,0,1,3020.1,9945.1,0.77
M0002796,N,59,1,8717.4,0,0,0,3351.45,4407.08,0.86
M0002797,N,55,0,8804.44,0,0,0,979.1,8245.26,0.0
M0002798,N,46,0,8139.19,0,1,0,4840.66,9755.36,3.35
M0002799,N,45,1,5269.1,0,0,0,1870.81,5386.35,2.15
M0002800,N,36,1,6296.15,0,0,0,547.03,6190.28,0.0
M0002801,N,43,1,11259.8,0,0,0,644.78,8299.61,2.01
M0002802,N,67,2,2211.38,0,0,0,417.9,2490.69,0.59
M0002803,N,25,1,11707.2,0,1,0,635.82,11989.59,1.32
M0002804,N,56,2,11553.75,0,1,0,854.79,8783.68,2.34
M0002805,N,43,3,17129.78,0,0,2,10670.98,8325.08,0.87
M0002806,N,80,1,7535.98,1,1,2,931.98,7518.44,2.17
M0002807,N,28,0,18706.89,0,0,1,8081.28,15664.6,1.46
M0002808,N,68,1,33199.79,1,1,0,6901.52,19427.44,1.67
M0002809,N,35,2,12827.2,0,0,1,4378.18,7097.8,0.6
M0002810,N,79,2,2700.56,0,0,0,1438.86,1841.76,1.26
M0002811,N,61,0,7473.5,0,0,0,598.14,10111.92,1.51
M0002812,N,35,1,4516.72,0,0,0,2310.51,5819.51,2.61
M0002813,N,56,0,19366.68,2,2,0,9637.77,11474.09,0.0
M0002814,Y,49,5,256126.24,2,4,3,114120.04,185108.69,6.64
M0002815,Y,43,7,210985.2,3,2,3,118729.56,97833.67,4.67
M0002816,N,79,3,35920.34,0,0,0,2917.84,32676.91,1.28
M0002817,N,75,2,3825.98,0,1,0,1066.95,2806.27,1.59
M0002818,N,32,2,9997.81,0,1,0,3239.09,12599.93,0.88
M0002819,N,61,0,20242.12,0,0,0,5486.53,11523.93,1.61
M0002820,N,57,3,12196.81,0,0,0,1927.93,13832.48,1.15
M0002821,N,50,2,19063.53,0,1,2,9096.75,9167.77,3.3
M0002822,N,61,2,8530.4,0,0,1,3555.31,5237.48,0.32
M0002823,N,80,0,15910.15,0,0,1,4529.77,10451.12,0.5
M0002824,N,63,0,4669.17,1,0,0,1714.95,3824.18,0.78
M0002825,N,79,2,13590.91,0,2,0,4156.5,7514.96,0.0
M0002826,N,36,0,58479.91,0,3,1,45698.55,42790.82,2.07
M0002827,N,22,4,17444.32,1,0,1,9390.84,20558.32,2.59
M0002828,N,24,2,8981.39,0,0,1,3369.14,5162.54,0.77
M0002829,N,67,0,6055.16,0,0,0,3588.56,4619.25,0.2
M0002830,N,77,1,13495.24,0,1,1,5379.55,15134.87,1.85
M0002831,N,69,1,16082.25,1,1,1,3234.31,14494.45,1.71
M0002832,N,76,1,6373.55,0,1,1,7405.15,4169.24,1.41
M0002833,N,73,3,5961.61,1,0,0,2282.54,8048.65,1.98
M0002834,N,77,0,11004.11,0,1,1,911.36,8662.52,0.65
M0002835,N,41,0,9431.45,0,2,0,2375.05,10330.06,1.07
M0002836,N,73,1,4611.63,0,1,0,1860.37,5420.82,0.78
M0002837,N,63,2,18190.17,1,2,1,9955.6,9433.45,2.11
M0002838,N,19,1,23237.52,0,1,1,3821.97,25044.15,2.22
M0002839,N,51,1,10855.67,0,2,1,4142.19,13158.81,1.69
M0002840,N,46,1,5103.02,1,0,0,775.99,3722.9,0.53
M0002841,N,25,1,19063.96,0,1,0,6303.08,10573.87,0.47
M0002842,N,36,0,3003.84,0,1,0,3395.19,1720.51,2.08
M0002843,N,62,2,14855.42,0,3,0,7544.39,6484.02,2.39
M0002844,N,29,1,14850.76,0,0,0,10295.78,14046.74,0.0
M0002845,N,23,2,27769.62,0,2,0,8584.44,14939.35,0.58
M0002846,N,73,1,16636.06,0,0,1,1203.09,11957.78,1.12
M0002847,N,75,1,13232.57,1,1,0,1097.59,12214.59,0.0
M0002848,N,44,0,4384.06,0,0,1,1080.62,3394.74,1.25
M0002849,N,22,2,7444.0,0,1,1,8705.78,3467.33,0.82
M0002850,N,20,1,6412.07,0,0,0,3069.72,6548.5,1.83
M0002851,N,80,1,19389.21,2,0,0,3180.15,18116.39,1.34
M0002852,N,38,1,18433.57,0,1,2,3038.62,15659.54,2.53
M0002853,N,55,0,9968.86,0,2,2,1769.86,8308.56,0.81
M0002854,N,72,0,7991.51,0,0,0,3444.67,6880.7,1.73
M0002855,N,76,3,29436.32,0,0,0,10946.82,15367.76,0.61
M0002856,N,63,1,5565.77,0,0,0,2861.94,4031.64,1.29
M0002857,N,46,0,4710.31,0,1,0,2757.78,5067.8,0.0
M0002858,N,72,0,26976.71,0,0,0,7035.29,21358.09,0.35
M0002859,N,22,1,20681.59,0,0,0,2097.99,17233.74,0.0
M0002860,N,48,1,6304.71,0,0,0,994.53,6635.79,0.9
M0002861,N,79,0,15995.45,0,0,0,1750.32,20996.82,2.13
M0002862,N,74,0,2360.18,1,0,0,789.05,2755.57,0.0
M0002863,N,66,2,9798.87,0,0,1,3144.42,14105.58,1.99
M0002864,N,44,1,13435.48,0,0,0,3239.13,7401.98,0.35
M0002865,N,42,3,32546.67,0,1,1,4158.31,22070.18,2.64
M0002866,N,66,0,19769.69,0,0,0,952.18,17587.34,0.9
M0002867,N,77,1,14917.11,0,0,0,3179.8,16566.12,1.14
M0002868,N,37,0,24325.17,0,0,1,4828.16,23178.06,1.94
M0002869,N,21,0,19469.33,0,1,0,8683.25,13225.07,0.65
M0002870,N,64,2,9900.36,0,1,1,6566.79,3062.89,1.62
M0002871,N,56,0,10173.66,0,0,0,8233.01,6430.4,0.15
M0002872,N,38,0,11483.36,1,0,1,2647.41,9808.11,1.72
M0002873,N,58,0,6414.09,0,0,2,909.2,7762.89,0.72
M0002874,Y,63,7,104211.62,2,3,4,22821.09,94627.03,4.55
M0002875,N,76,0,5844.68,0,2,0,2785.96,1991.32,0.58
M0002876,N,23,1,17660.45,0,3,0,2517.6,15552.07,0.08
M0002877,N,41,0,4031.96,0,0,0,494.82,4136.2,0.0
M0002878,N,66,0,3509.58,0,0,0,2379.66,3289.29,0.51
M0002879,N,23,1,15535.1,2,1,0,3488.59,16225.67,0.0
M0002880,N,80,2,33357.74,1,1,0,3602.98,27769.77,1.67
M0002881,N,73,0,10146.21,0,0,0,3785.06,4401.68,0.04
M0002882,N,69,1,12917.07,0,3,2,8164.61,11947.09,1.71
M0002883,N,61,2,12954.3,0,1,0,3861.69,8314.19,0.09
M0002884,N,29,0,5251.64,0,1,0,2279.14,5077.5,1.19
M0002885,N,47,2,4951.84,0,2,0,860.44,5345.91,0.0
M0002886,N,70,0,8748.79,0,0,0,3414.56,7249.73,1.45
M0002887,N,51,0,7261.57,0,0,0,1775.06,5988.03,0.57
M0002888,N,38,3,21956.12,0,1,0,11666.84,13347.72,1.95
M0002889,N,24,0,5385.64,0,0,0,898.42,3894.68,0.59
M0002890,N,52,0,7799.85,0,2,0,1281.55,7559.58,0.0
M0002891,N,34,1,12709.67,1,0,0,1095.1,8993.66,1.89
M0002892,Y,77,7,303348.12,5,3,4,107194.23,224268.42,5.07
M0002893,N,57,2,6298.9,0,2,0,2770.07,7202.5,0.74
M0002894,N,45,2,22078.49,0,1,0,11190.24,16610.52,2.13
M0002895,N,68,2,15155.24,0,2,0,5055.61,18016.62,1.33
M0002896,N,38,2,10309.79,0,0,0,3185.1,6659.33,1.65
M0002897,N,50,3,23938.91,0,1,1,5239.66,14796.06,1.39
M0002898,N,67,0,4601.15,0,1,0,1205.63,2508.45,2.28
M0002899,N,49,0,3419.48,0,1,0,965.69,4329.24,0.0
M0002900,N,21,4,44690.54,1,3,2,25168.72,20884.98,1.59
M0002901,N,31,0,17537.98,0,0,0,3050.86,16775.57,0.98
M0002902,N,73,0,13253.82,0,0,0,1564.05,9541.22,1.29
M0002903,N,53,0,10879.52,0,1,1,15049.46,4504.6,1.63
M0002904,N,79,0,4991.22,0,0,0,2468.11,2733.25,0.6
M0002905,N,79,1,19349.47,0,0,0,11920.55,13465.64,1.56
M0002906,Y,83,4,194945.97,1,4,1,79136.51,159931.32,6.12
M0002907,N,47,2,27547.37,0,1,1,12787.1,9433.17,1.23
M0002908,N,63,0,23003.34,0,0,0,8637.45,9706.1,0.0
M0002909,N,61,2,15758.41,1,2,0,3277.76,11645.16,2.03
M0002910,N,75,2,6933.19,0,1,0,4402.34,5680.59,1.85
M0002911,N,22,3,9960.66,0,1,0,1553.36,6486.58,1.45
M0002912,N,28,1,12191.35,0,0,0,1876.66,8469.95,1.46
M0002913,N,42,2,14916.2,0,3,0,2517.43,19124.19,1.12
M0002914,N,73,1,19334.65,1,0,1,4870.45,23544.2,1.81
M0002915,N,29,1,9610.98,1,2,1,3590.2,9020.12,0.84
M0002916,N,19,1,3558.62,0,1,0,897.34,4384.48,1.48
M0002917,N,25,0,6702.17,0,1,0,388.71,6613.64,0.35
M0002918,N,32,1,10792.65,0,1,0,1630.07,8457.87,2.91
M0002919,Y,36,5,359914.74,1,5,5,99324.5,225583.71,3.22
M0002920,N,45,0,24213.67,1,3,0,3445.73,19789.02,1.82
M0002921,N,21,3,17350.55,0,0,0,8715.09,6842.52,3.04
M0002922,N,23,0,7584.84,0,1,0,1891.94,7578.89,0.22
M0002923,Y,44,6,145357.5,4,4,3,59831.78,127243.13,6.3
M0002924,N,79,2,14022.66,0,2,0,2643.18,15003.9,0.36
M0002925,N,26,1,7893.46,0,2,0,4789.69,4048.31,1.42
M0002926,N,26,2,5072.13,0,0,1,2947.74,2478.56,0.6
M0002927,N,68,1,3737.09,0,1,0,1891.84,4515.9,1.42
M0002928,N,78,0,2513.83,0,0,0,1043.94,2356.65,0.91
M0002929,N,33,2,3879.93,0,0,1,1716.27,3328.25,0.43
M0002930,N,66,0,5588.21,0,1,0,1070.56,3667.49,1.48
M0002931,N,53,1,7095.22,0,0,0,2579.82,7995.43,1.45
M0002932,N,38,1,6612.08,0,1,0,4170.63,7723.88,3.44
M0002933,N,51,1,22287.52,0,1,1,11181.61,12227.66,1.7
M0002934,N,36,0,9405.62,0,1,0,6861.33,6032.92,1.92
M0002935,N,57,1,12862.56,1,0,0,3058.46,7792.22,1.45
M0002936,N,38,1,25543.48,0,1,1,9170.3,27860.15,2.87
M0002937,N,21,3,11987.29,0,1,0,2071.13,10700.35,0.91
M0002938,N,36,3,11080.61,1,0,0,6127.72,5554.57,1.05
M0002939,N,62,2,5191.85,0,1,1,489.39,4496.24,0.44
M0002940,N,55,0,11675.99,1,1,0,3682.52,15935.18,1.22
M0002941,N,70,1,14586.03,0,0,0,5418.82,8342.01,0.59
M0002942,N,58,1,6736.72,0,0,0,2701.87,5497.33,2.51
M0002943,N,18,1,15730.43,0,1,1,3313.17,9234.08,1.41
M0002944,N,25,1,8215.38,1,0,0,1021.98,6200.56,1.65
M0002945,N,64,0,9116.83,0,0,0,1410.39,5792.86,1.19
M0002946,N,66,2,18694.76,0,0,0,1917.31,14293.57,0.62
M0002947,N,62,0,8344.71,1,1,0,3405.37,5704.21,0.27
M0002948,N,75,2,13793.35,0,0,0,4842.63,6697.72,0.98
M0002949,N,41,1,9187.47,1,0,0,1966.0,5315.9,1.93
M0002950,N,57,1,6297.9,0,1,0,1653.1,4941.15,1.05
M0002951,N,80,2,12195.4,0,0,1,3979.85,7768.3,1.12
M0002952,N,65,0,9302.14,1,1,1,1116.84,6673.08,1.36
M0002953,N,62,1,12716.07,0,0,1,1732.8,14163.18,3.17
M0002954,N,65,1,9780.54,0,1,0,4979.05,11813.32,0.82
M0002955,N,24,0,2619.56,0,0,0,1818.68,1814.52,0.0
M0002956,N,37,1,1209.75,0,0,1,805.22,986.73,0.83
M0002957,N,77,1,9955.8,1,0,0,1949.99,5897.93,0.42
M0002958,N,53,1,6790.5,0,2,0,579.37,4812.83,1.43
M0002959,N,63,1,18580.8,1,0,0,10818.12,9101.32,1.28
M0002960,N,51,1,7373.23,0,1,0,1157.27,5131.53,1.97
M0002961,N,23,1,6818.13,0,1,0,3026.56,2349.1,0.33
M0002962,N,56,0,16324.95,1,1,0,3822.55,9171.63,0.0
M0002963,N,39,0,16388.12,1,0,0,12736.97,1541.0,0.43
M0002964,N,45,1,28451.97,0,2,0,2338.52,20449.0,0.99
M0002965,N,20,0,3977.22,0,1,0,1570.59,3154.33,2.46
M0002966,N,54,1,21809.04,0,2,0,6155.42,12177.83,0.6
M0002967,N,40,0,10480.09,1,0,0,4752.64,3741.18,0.75
M0002968,N,78,0,11405.3,0,0,0,2512.81,11897.63,1.7
M0002969,N,39,2,8519.13,0,0,1,2124.87,7030.71,0.62
M0002970,N,33,0,6148.09,0,0,0,1807.84,8362.96,0.48
M0002971,N,44,0,2731.05,0,0,0,1242.29,2498.49,1.53
M0002972,N,51,0,9711.89,0,1,0,2871.22,6758.14,1.91
M0002973,N,71,1,5719.16,0,0,1,1738.31,3387.51,0.0
M0002974,N,32,1,7819.87,0,1,0,3372.34,9256.15,1.48
M0002975,N,69,1,10868.4,0,2,0,1753.64,12851.39,1.94
M0002976,N,59,1,3647.62,0,0,0,1375.57,2677.03,0.23
M0002977,N,32,0,7723.48,0,0,0,2691.98,6736.86,1.15
M0002978,N,18,1,5552.67,0,1,0,900.57,3567.12,1.09
M0002979,N,73,1,32981.9,0,1,0,13103.2,18910.38,1.58
M0002980,N,71,0,11510.29,0,0,0,2187.36,9602.91,1.31
M0002981,N,41,2,7514.39,0,0,0,2465.33,10096.67,0.95
M0002982,N,42,1,16277.52,0,1,1,1781.82,23896.51,1.12
M0002983,N,30,2,8911.87,0,0,0,1214.23,9613.57,0.75
M0002984,N,61,1,6646.83,1,0,1,2596.55,3022.16,1.13
M0002985,N,73,0,9371.7,0,1,0,2576.46,5587.93,0.0
M0002986,N,58,1,8723.75,0,0,1,1433.1,9101.87,0.0
M0002987,N,59,0,2517.09,0,0,0,923.09,2529.71,0.94
M0002988,N,68,1,11992.7,0,1,0,615.68,10184.96,0.0
M0002989,N,19,0,7768.0,0,0,0,1344.86,7253.43,0.34
M0002990,Y,78,8,348968.13,5,5,8,79675.44,212159.17,7.49
M0002991,Y,45,5,304832.5,2,6,5,120385.63,172076.96,5.95
M0002992,N,48,1,4813.01,0,0,0,553.95,5565.88,1.45
M0002993,N,78,0,11191.8,1,0,1,2391.7,14811.47,2.26
M0002994,Y,40,4,158299.03,2,4,3,74936.19,77928.9,2.0
M0002995,N,38,3,25470.5,1,2,0,4868.8,16964.02,1.16
M0002996,N,21,2,9945.46,0,1,0,6283.66,5197.78,1.42
M0002997,N,78,0,12860.93,0,1,0,2238.05,10856.78,1.34
M0002998,N,31,1,16356.88,0,0,0,10347.51,9248.1,3.25
M0002999,N,61,1,6263.42,0,1,0,1275.61,4971.35,0.0
M0003000,N,63,3,9122.71,0,1,0,803.71,6500.49,0.59
M0003001,N,60,1,12678.17,0,0,1,14265.96,2014.22,1.58
M0003002,N,77,0,7003.49,0,0,1,3241.37,2868.9,1.38
M0003003,N,54,0,5210.49,0,0,0,2568.96,4871.32,0.0
M0003004,N,21,3,4664.97,0,0,0,804.36,5852.93,0.01
M0003005,N,52,2,16628.4,0,1,1,2554.02,14865.33,1.56
M0003006,N,47,0,8079.07,0,2,0,3216.85,9280.43,0.0
M0003007,N,45,1,6397.46,0,0,0,1554.27,6202.45,0.82
M0003008,N,21,1,7902.46,0,0,0,1459.81,7167.49,0.0
M0003009,N,35,2,9684.25,0,1,0,571.76,9146.6,0.82
M0003010,N,63,0,6051.06,0,0,0,837.53,6648.23,0.0
M0003011,N,78,0,14661.53,0,1,1,2269.71,13460.23,1.81
M0003012,N,74,2,12414.88,0,0,0,3666.51,10832.8,2.24
M0003013,N,42,0,7013.93,0,0,0,1149.57,4746.12,1.24
M0003014,N,32,3,9941.05,0,1,1,2954.0,8993.85,1.59
M0003015,N,40,1,9289.15,0,0,1,2287.67,5803.8,0.91
M0003016,N,18,1,28273.33,1,2,0,11929.12,16117.88,0.75
M0003017,N,45,2,10303.63,0,1,0,1300.42,9005.98,1.3
M0003018,N,70,1,12738.23,0,0,0,3118.37,12336.18,0.49
M0003019,N,55,1,7271.78,0,2,1,611.77,10837.99,0.0
M0003020,N,69,0,10577.24,1,0,0,1023.06,7589.61,0.38
M0003021,N,69,0,8175.3,0,0,0,5682.82,3242.4,0.08
M0003022,N,28,0,19594.18,0,0,0,4815.38,18816.89,0.24
M0003023,N,77,1,5199.0,0,0,0,1755.28,2413.72,0.0
M0003024,N,53,1,17089.85,2,2,1,2934.15,13341.89,1.4
M0003025,N,23,0,10668.6,1,0,0,4513.42,4621.01,0.81
M0003026,N,50,0,3699.33,0,2,0,1321.28,2537.19,1.06
M0003027,N,26,2,79938.37,0,0,2,48157.07,16648.04,1.35
M0003028,N,79,3,8095.64,0,0,0,2949.19,7064.66,2.31
M0003029,N,74,2,6204.56,0,0,0,531.55,6604.55,0.0
M0003030,N,58,1,36036.76,1,1,1,7005.99,26633.21,1.49
M0003031,Y,60,5,152586.13,2,1,2,87805.89,112147.63,3.72
M0003032,N,28,1,7451.61,0,1,0,2542.82,6125.4,1.44
M0003033,N,49,1,26802.41,0,0,1,2829.88,20173.68,0.36
M0003034,N,25,0,10973.19,0,1,1,4161.14,7733.63,0.17
M0003035,N,24,1,7272.52,1,4,2,1426.77,9228.67,0.33
M0003036,N,80,1,15474.82,0,1,0,6212.85,14592.46,2.22
M0003037,N,32,1,9856.48,0,0,0,1617.68,14476.0,1.29
M0003038,N,43,1,14272.15,0,1,0,3069.69,10829.77,1.42
M0003039,N,25,0,5007.09,0,0,0,1571.56,4264.71,0.8
M0003040,N,44,2,14479.13,0,0,0,1273.86,11828.03,0.0
M0003041,N,49,1,4785.56,0,0,0,1390.72,2844.53,0.0
M0003042,N,60,1,17702.01,1,1,1,5554.72,17986.6,3.48
M0003043,N,40,1,6732.39,0,0,0,1526.06,10062.52,1.47
M0003044,N,62,2,10728.52,0,0,0,3897.78,11211.66,0.74
M0003045,N,73,2,5233.8,2,0,0,2134.8,3965.45,1.41
M0003046,N,47,0,9779.85,0,0,0,2616.61,11322.43,1.34
M0003047,N,55,1,30470.2,0,2,1,5136.45,19509.62,0.16
M0003048,N,51,0,5141.74,0,1,0,3227.87,3077.57,0.15
M0003049,N,18,2,43250.48,0,0,0,7137.92,47762.93,1.25
M0003050,N,38,2,4469.46,0,0,0,2395.79,5618.55,0.0
M0003051,N,38,1,8648.26,0,2,1,10092.74,4591.43,1.76
M0003052,N,68,0,3930.07,0,0,1,2148.88,3451.1,0.77
M0003053,N,27,2,13872.78,1,1,0,2565.46,19623.5,1.63
M0003054,N,45,1,16013.1,2,1,0,7889.44,14637.3,0.28
M0003055,N,31,1,4914.37,0,0,0,1414.81,3942.14,1.73
M0003056,Y,42,9,355634.2,3,5,1,104849.9,332802.42,5.86
M0003057,N,37,1,12403.44,0,1,0,2087.07,11952.02,0.23
M0003058,N,57,1,5809.62,0,0,0,2177.04,6624.03,0.0
M0003059,N,56,2,4514.5,0,0,0,3227.11,2446.36,2.13
M0003060,N,27,2,30546.84,0,1,0,6444.75,33801.51,1.59
M0003061,Y,42,8,169039.67,2,1,4,94415.7,91323.63,2.99
M0003062,N,30,2,7945.35,0,0,0,2421.03,9376.5,0.26
M0003063,N,36,1,7879.92,0,2,0,3525.41,4816.76,0.7
M0003064,N,74,0,14446.35,0,1,0,4946.76,9659.04,2.36
M0003065,N,38,1,17807.14,0,0,2,4103.13,16303.9,2.4
M0003066,N,71,1,16015.49,0,0,0,6642.96,22425.61,1.9
M0003067,N,66,1,19431.38,1,1,0,10780.7,6519.13,2.16
M0003068,N,66,2,16752.0,0,1,2,15353.56,5813.71,1.28
M0003069,N,59,2,7562.3,0,1,0,4801.99,6355.21,0.5
M0003070,N,80,0,17755.37,0,1,0,5110.56,19862.67,0.86
M0003071,N,78,0,6416.38,0,0,1,956.3,7844.22,1.5
M0003072,N,43,1,7538.25,0,1,0,4324.54,6725.22,1.13
M0003073,N,27,1,9386.85,1,0,0,1572.59,6182.15,0.0
M0003074,N,63,0,14412.34,0,0,0,9230.97,14683.39,1.32
M0003075,Y,74,5,209200.68,1,2,1,75035.04,135702.96,2.76
M0003076,N,70,1,16987.81,1,1,1,11599.95,14880.77,2.58
M0003077,N,71,0,14070.55,0,1,0,2433.61,13722.02,0.0
M0003078,N,69,1,7761.79,0,1,0,2805.13,3409.91,2.31
M0003079,N,35,2,12922.45,1,1,0,1530.67,19952.66,2.82
M0003080,N,30,2,8815.72,0,0,0,3607.8,3555.86,1.4
M0003081,N,58,0,16575.47,1,0,0,9747.5,8502.18,0.76
M0003082,N,72,1,13022.49,0,0,0,6356.2,5219.97,0.01
M0003083,N,78,4,16456.34,1,1,0,3363.97,24097.03,0.0
M0003084,N,30,2,21375.85,1,2,0,6484.1,15723.46,3.3
M0003085,N,19,3,26408.73,0,2,0,5117.87,18430.13,3.12
M0003086,N,27,1,5847.17,0,1,1,822.05,5166.07,0.21
M0003087,N,40,1,19375.37,2,0,0,9654.83,12377.54,2.64
M0003088,N,66,2,9565.7,0,1,0,2814.63,10739.83,1.92
M0003089,N,23,1,4551.64,0,0,0,1076.06,4843.5,0.79
M0003090,N,79,2,5431.46,0,1,0,1016.74,5004.54,1.79
M0003091,N,75,0,9683.63,0,0,0,4085.64,3592.63,1.24
M0003092,N,18,2,9056.07,0,0,0,861.83,11265.62,0.67
M0003093,N,43,4,6496.53,0,0,0,4230.81,4905.0,0.01
M0003094,N,54,0,7275.5,0,1,0,2781.03,6579.35,0.18
M0003095,N,43,0,17352.73,0,0,0,6970.7,7221.73,1.11
M0003096,N,27,2,14983.08,1,0,0,4047.65,8189.17,0.38
M0003097,N,67,1,8660.8,0,0,0,5742.46,6946.02,1.54
M0003098,Y,37,6,163770.07,3,5,2,69952.38,142223.6,5.55
M0003099,N,40,0,13137.03,0,1,1,6746.02,9884.65,1.36
M0003100,Y,83,6,215935.38,3,4,3,68273.95,135695.32,6.14
M0003101,N,43,1,8887.23,0,1,1,699.11,6498.81,0.85
M0003102,N,57,1,7986.18,0,0,0,1991.74,5667.66,0.81
M0003103,N,65,2,16187.5,0,0,0,4229.34,18890.81,2.19
M0003104,N,35,1,9659.68,0,0,0,3192.82,6242.54,2.06
M0003105,N,26,1,12709.72,0,1,1,2049.46,8194.76,0.83
M0003106,N,21,1,11579.06,0,0,0,6867.0,12985.51,2.06
M0003107,N,76,0,11613.79,0,1,0,3275.57,7101.18,0.59
M0003108,Y,73,5,345312.36,4,5,4,193437.08,142112.03,4.18
M0003109,N,31,3,9292.02,0,1,0,2884.6,7466.87,1.15
M0003110,N,44,2,9279.5,0,2,0,1546.03,9658.56,2.26
M0003111,N,21,2,35909.98,0,3,1,3946.98,45713.01,1.63
M0003112,N,33,1,4294.77,1,0,0,3693.52,2534.43,1.84
M0003113,N,43,0,12861.25,0,0,1,4085.59,8380.18,1.12
M0003114,N,72,1,15835.16,0,1,0,6778.48,5657.71,1.77
M0003115,N,37,1,3488.95,0,0,0,564.23,3361.83,1.61
M0003116,N,58,1,6495.13,0,1,0,2573.63,8060.89,0.26
M0003117,N,40,0,4623.57,1,0,0,2818.61,5111.76,1.58
M0003118,N,52,0,7146.98,0,0,2,1911.04,9882.06,1.85
M0003119,N,37,0,15986.12,0,1,0,6470.83,7727.06,0.38
M0003120,N,35,1,4268.71,0,0,0,730.55,4708.42,0.0
M0003121,N,41,1,9000.53,0,0,0,4456.08,4469.4,0.98
M0003122,N,31,2,3355.07,1,0,0,883.85,3632.95,0.86
M0003123,N,18,1,9197.99,1,0,0,3659.05,12889.83,2.17
M0003124,N,24,1,5328.7,0,1,0,984.89,7891.95,0.99
M0003125,N,75,1,18091.07,0,0,0,9036.95,12658.03,1.5
M0003126,N,67,0,16938.93,0,3,1,6044.02,19167.83,2.24
M0003127,N,60,0,13801.93,0,3,0,3157.88,10016.75,1.11
M0003128,Y,80,5,92213.71,4,2,4,30140.62,96158.93,2.25
M0003129,N,55,1,18068.38,0,1,0,2587.47,21288.97,0.94
M0003130,N,75,0,6369.1,0,0,1,1487.47,4898.55,0.6
M0003131,N,35,1,4660.22,0,0,0,3144.24,3816.98,0.65
M0003132,N,58,0,6813.2,0,0,0,4534.03,5099.74,1.77
M0003133,N,35,0,1979.27,0,0,0,786.61,2081.48,0.01
M0003134,N,65,2,33203.58,0,1,1,8416.71,23250.74,2.21
M0003135,N,52,0,5073.06,0,1,0,3158.23,2966.6,0.0
M0003136,N,29,2,18965.15,0,0,0,4123.57,14903.84,1.1
M0003137,N,23,1,11204.41,1,0,0,3744.61,6852.76,0.8
M0003138,N,78,2,16881.0,1,0,0,1806.91,18002.1,1.03
M0003139,N,52,0,9216.94,0,0,0,2118.39,5297.53,0.0
M0003140,N,24,2,8196.94,0,1,1,2724.53,9406.99,1.56
M0003141,N,39,1,6613.13,0,1,1,2596.21,4980.79,1.58
M0003142,N,21,2,20044.14,1,0,0,2055.57,18259.27,2.09
M0003143,N,75,0,12878.68,1,2,0,2509.34,8748.19,0.71
M0003144,N,27,0,14138.0,0,0,0,1119.43,20188.49,0.34
M0003145,N,76,0,7949.99,0,1,0,3436.21,7564.62,0.71
M0003146,N,28,2,17946.47,0,0,1,1594.89,15154.83,0.74
M0003147,N,75,2,2471.61,0,0,0,670.84,2299.06,1.46
M0003148,N,66,0,13410.94,0,1,0,1335.85,13475.25,1.83
M0003149,N,70,0,20972.42,0,1,0,14864.31,2239.53,1.9
M0003150,N,57,0,8205.93,0,0,0,4064.46,5303.43,1.07
M0003151,N,52,0,13978.46,1,2,2,12733.49,9334.9,1.02
M0003152,N,31,2,15110.23,0,0,0,9492.52,2880.26,0.41
M0003153,N,54,2,10160.62,1,1,0,2467.56,9080.92,2.03
M0003154,N,73,0,5457.3,0,0,0,5159.03,2576.82,1.37
M0003155,N,45,0,10545.56,0,0,0,2681.01,11975.21,0.55
M0003156,N,18,2,19551.3,1,1,0,2306.48,17052.09,2.51
M0003157,N,70,3,7777.95,0,0,0,3770.17,7705.49,1.31
M0003158,N,57,1,27529.81,0,0,0,11678.12,10525.01,1.03
M0003159,N,58,0,4876.43,0,0,0,2952.62,5351.08,0.87
M0003160,N,55,1,5460.73,1,2,0,1509.38,3561.24,0.62
M0003161,N,80,0,10681.91,0,0,0,1679.9,7714.09,2.04
M0003162,N,39,2,33821.89,0,1,0,3891.42,31410.07,0.0
M0003163,N,25,2,22344.28,0,1,0,9831.69,20894.26,1.58
M0003164,N,35,0,5560.27,0,0,0,2308.64,3820.99,0.0
M0003165,N,61,0,12455.78,0,0,1,3797.45,6855.48,0.88
M0003166,N,63,1,27307.76,0,1,1,10567.6,11712.28,0.27
M0003167,N,39,2,5681.52,0,0,0,1312.9,7521.18,1.16
M0003168,N,41,1,33036.94,0,2,0,7319.47,30457.09,0.0
M0003169,N,26,0,19420.29,0,0,0,2273.07,15034.38,1.44
M0003170,N,20,2,6272.74,0,0,1,4474.03,4637.25,0.0
M0003171,N,25,1,5017.08,1,1,0,1856.06,3931.62,1.2
M0003172,N,66,2,2735.2,1,0,0,979.24,1267.09,0.0
M0003173,N,62,1,12034.64,0,1,1,3970.04,11641.66,2.44
M0003174,N,22,0,4710.05,0,1,0,591.67,4818.29,1.31
M0003175,N,60,0,7889.56,1,0,0,3656.76,3476.06,1.41
M0003176,N,72,0,5646.49,0,0,1,299.41,8456.87,0.0
M0003177,N,53,2,10077.96,0,0,0,2946.7,6206.84,1.21
M0003178,N,46,2,11184.06,0,1,1,4241.32,5854.77,2.24
M0003179,N,42,2,31176.23,1,1,2,9284.31,17859.53,1.19
M0003180,N,53,0,14504.91,1,1,0,6795.99,8336.24,0.56
M0003181,N,27,1,8359.37,1,0,0,2512.31,4128.17,1.47
M0003182,N,79,3,27987.51,0,0,0,7065.4,21919.32,2.41
M0003183,N,48,1,6184.2,1,0,0,2212.17,4447.51,0.99
M0003184,N,21,1,6395.36,0,0,0,2292.76,6122.02,0.0
M0003185,N,62,1,35349.6,0,2,1,4024.31,38148.9,1.87
M0003186,N,24,1,7574.13,0,1,0,839.05,6952.53,0.0
M0003187,N,34,1,18806.59,0,1,1,3309.75,14032.24,0.7
M0003188,N,22,0,2379.86,0,1,1,1022.91,2702.79,0.0
M0003189,N,29,0,9823.75,0,0,0,3039.6,7110.57,0.48
M0003190,N,65,0,15504.51,0,0,0,8083.63,4046.41,1.95
M0003191,N,18,3,14197.68,0,0,0,5978.56,6978.55,1.62
M0003192,N,30,0,5598.48,0,1,0,2298.16,6535.28,1.66
M0003193,N,44,2,16185.02,0,1,0,758.21,15152.59,1.83
M0003194,N,66,1,5208.08,0,1,0,1447.72,4501.6,0.6
M0003195,N,22,3,11693.57,1,1,1,4980.61,7866.31,0.73
M0003196,N,57,0,25032.92,0,2,0,10721.41,18770.95,1.51
M0003197,N,35,0,11353.66,0,0,1,2413.78,7169.01,0.45
M0003198,N,42,1,7948.21,1,2,0,9658.08,2517.31,2.46
M0003199,N,44,0,9541.01,0,0,0,1237.35,8786.81,0.54
M0003200,Y,68,5,242091.78,3,6,4,74156.25,146850.31,4.26
M0003201,N,43,0,9073.28,0,1,0,2407.07,7584.02,0.0
M0003202,N,61,1,7531.0,1,0,1,773.62,10320.9,1.23
M0003203,N,38,0,9623.97,0,0,0,1540.23,10040.72,1.56
M0003204,N,57,1,18012.33,1,1,0,7756.5,9235.22,1.62
M0003205,N,62,1,16769.28,1,2,0,2047.46,19846.42,1.0
M0003206,N,68,0,11761.98,0,0,0,3958.09,9993.32,2.27
M0003207,N,66,0,3330.86,1,1,0,2903.35,2908.55,0.0
M0003208,N,30,0,5424.5,0,1,1,682.94,4728.52,1.62
M0003209,N,64,2,13029.63,0,1,0,4294.79,9700.19,1.64
M0003210,N,64,1,6740.03,0,0,0,2708.12,3078.57,0.79
M0003211,N,55,1,5990.28,1,0,0,1761.11,5046.42,0.6
M0003212,N,57,2,13311.67,1,0,0,7981.26,3919.87,1.13
M0003213,N,78,2,5422.56,0,1,0,1930.07,4717.48,0.21
M0003214,N,59,0,26645.07,0,0,1,10100.0,16208.13,0.77
M0003215,N,43,1,4205.14,1,1,0,2763.95,3837.61,1.02
M0003216,N,28,1,5757.35,0,0,0,2809.19,3629.42,0.0
M0003217,N,30,2,30582.49,0,0,0,10748.28,23685.02,0.0
M0003218,N,70,0,3831.91,0,0,1,1001.82,4261.54,1.43
M0003219,N,43,1,18577.27,0,2,1,3707.24,14374.47,0.81
M0003220,N,34,1,13301.36,1,1,0,3582.02,11133.55,0.39
M0003221,Y,47,8,359914.02,4,6,6,157725.95,257146.34,8.91
M0003222,N,62,2,6396.86,0,1,0,988.37,4293.86,1.01
M0003223,Y,43,6,181438.11,4,7,3,64344.03,105085.12,7.77
M0003224,N,24,1,13435.45,0,1,0,11072.35,6197.5,0.94
M0003225,N,77,2,9680.68,0,0,0,4461.07,5433.98,0.29
M0003226,N,73,3,23316.01,1,2,1,5216.47,18310.72,1.58
M0003227,N,49,4,18021.63,1,3,1,1682.6,23717.18,3.65
M0003228,N,30,1,14126.7,1,0,1,10893.15,8718.67,1.28
M0003229,N,21,4,29777.97,0,2,0,3722.62,38136.32,2.56
M0003230,N,37,0,25549.8,0,1,0,10823.8,17032.76,1.52
M0003231,N,72,0,3498.2,0,0,0,3520.95,1769.48,0.76
M0003232,N,26,0,4192.4,0,0,0,1089.57,4073.13,0.68
M0003233,N,39,1,11733.46,1,1,0,5093.87,10699.28,2.33
M0003234,N,68,1,27323.41,0,0,2,16121.78,25337.76,2.72
M0003235,N,22,1,13245.99,1,2,0,3456.84,11472.26,2.28
M0003236,N,44,0,13235.91,0,2,0,12027.18,11939.06,0.77
M0003237,N,39,2,17332.47,0,1,1,2289.17,16679.85,1.23
M0003238,N,62,2,13166.66,0,0,0,12466.98,4018.37,2.63
M0003239,N,61,0,5318.68,0,0,1,2098.99,5226.23,0.94
M0003240,N,33,1,11952.77,0,2,0,10777.33,7652.31,1.86
M0003241,N,23,0,12251.97,0,2,0,2764.29,15462.35,0.75
M0003242,N,40,1,10618.18,0,0,0,2790.65,7694.26,1.6
M0003243,N,65,3,18179.68,0,2,1,3662.55,14695.03,1.43
M0003244,N,30,1,22913.01,0,0,0,4185.27,15206.51,1.6
M0003245,N,57,0,5721.91,0,0,0,1602.87,8595.37,0.43
M0003246,N,52,0,17061.52,0,0,0,2498.66,19014.93,0.67
M0003247,N,25,1,19728.92,0,1,1,14206.47,16093.77,2.74
M0003248,N,62,0,10824.75,1,0,0,1357.99,12158.69,0.0
M0003249,N,40,0,7214.92,1,0,0,2334.41,4829.1,0.22
M0003250,N,43,0,7293.41,0,2,0,2364.93,3900.84,0.32
M0003251,N,52,0,7558.05,0,0,0,2825.42,5884.73,0.0
M0003252,N,31,2,20313.85,0,0,1,4640.03,17843.77,0.78
M0003253,N,18,3,9610.51,0,0,1,6106.95,6471.76,2.05
M0003254,Y,82,3,198116.42,4,3,3,103892.33,178166.06,5.23
M0003255,N,44,1,9505.01,0,0,0,2209.25,11184.55,1.49
M0003256,N,62,0,7731.34,0,0,2,1824.99,5216.61,0.0
M0003257,N,50,1,5962.84,0,0,0,357.02,4480.62,0.66
M0003258,N,79,1,25040.51,0,2,0,14386.63,7616.87,1.89
M0003259,N,75,2,15758.23,1,1,1,10583.72,11191.2,0.3
M0003260,N,74,1,18503.38,0,2,0,696.53,19583.03,0.55
M0003261,N,60,0,2228.01,0,0,0,777.1,2346.47,1.33
M0003262,N,22,2,37971.38,0,0,1,1879.8,44963.4,1.63
M0003263,N,54,1,9651.44,0,0,1,1219.81,14098.72,1.46
M0003264,N,57,1,4014.14,0,0,0,1643.68,3693.81,1.42
M0003265,N,47,2,25248.31,1,0,0,5900.74,32725.69,1.58
M0003266,N,61,0,3152.1,0,0,0,1680.6,3512.41,0.0
M0003267,N,54,0,6154.77,0,0,0,1824.9,5429.95,0.99
M0003268,N,61,0,10266.33,0,1,0,3899.52,7511.46,2.2
M0003269,N,29,0,5057.48,0,0,1,869.05,4999.05,0.0
M0003270,N,50,0,10206.8,0,1,1,1971.69,11519.71,0.93
M0003271,N,60,0,8794.22,0,0,0,2543.59,4738.7,0.0
M0003272,N,72,1,17400.6,0,0,1,4188.31,9979.86,1.27
M0003273,N,24,0,25837.14,1,1,1,5484.39,40899.75,3.08
M0003274,N,67,0,21395.36,0,1,0,571.59,19197.34,1.14
M0003275,N,36,0,15667.91,0,0,0,766.27,13429.74,0.52
M0003276,N,45,0,8531.81,0,1,0,3581.81,3370.64,0.0
M0003277,N,59,0,16973.18,0,1,1,2644.54,11937.51,2.09
M0003278,N,80,1,4442.95,0,0,1,2484.69,3535.9,1.03
M0003279,N,19,0,5910.78,0,0,0,526.39,5690.69,1.29
M0003280,N,34,1,6641.67,1,2,1,1425.89,6942.7,0.66
M0003281,N,55,1,8962.6,0,1,0,1583.32,8193.14,0.97
M0003282,N,38,0,29999.29,0,2,0,3667.03,25682.54,2.49
M0003283,N,69,1,36018.02,1,0,0,5820.59,24130.08,0.66
M0003284,Y,50,3,88118.7,3,1,3,19979.85,84319.15,2.0
M0003285,Y,58,2,203538.67,3,4,2,61048.1,122347.53,4.27
M0003286,N,77,1,14455.97,0,0,0,8710.56,5171.14,0.64
M0003287,N,27,0,21981.89,0,1,0,3861.94,14445.86,0.19
M0003288,N,76,1,27792.03,0,3,0,3208.17,19308.42,1.39
M0003289,N,80,3,8974.12,0,1,1,3134.93,6202.24,1.06
M0003290,N,50,3,28673.02,1,2,0,10753.85,14334.83,1.7
M0003291,N,61,3,10199.26,0,1,1,4939.02,9728.6,0.04
M0003292,N,35,3,14384.64,0,1,0,8240.16,6472.29,1.9
M0003293,N,18,1,3025.47,1,0,0,1129.9,3690.24,1.81
M0003294,N,27,2,11745.12,0,3,0,4080.87,5988.77,1.07
M0003295,N,39,2,36752.03,0,1,0,16344.75,13029.07,0.68
M0003296,N,43,0,22414.05,1,0,0,2815.89,15435.36,1.25
M0003297,N,46,0,14843.05,1,1,1,3818.68,11798.39,0.21
M0003298,N,26,1,10286.99,0,2,0,1090.83,10516.65,1.25
M0003299,N,63,1,11206.48,0,2,0,3667.31,15585.86,0.72
M0003300,N,39,2,3327.89,0,0,0,180.45,3722.96,1.07
M0003301,N,48,0,2986.85,0,0,0,1888.74,1257.4,1.42
M0003302,N,39,2,18735.52,2,1,0,2501.11,24053.56,1.85
M0003303,N,72,1,13329.39,0,1,0,2716.5,7851.51,1.83
M0003304,N,63,0,3822.77,0,1,0,459.5,2802.41,1.04
M0003305,N,37,3,9792.77,0,1,0,3433.04,5249.57,1.06
M0003306,N,59,1,18895.98,0,1,1,6423.26,9931.73,1.58
M0003307,N,19,1,11118.38,0,1,0,989.66,15075.08,0.37
M0003308,N,30,1,18634.61,1,1,0,4384.4,13116.29,2.89
M0003309,N,72,0,13664.24,0,0,0,5443.56,10125.51,2.36
M0003310,N,46,0,9083.39,0,2,0,228.15,11240.86,0.02
M0003311,N,77,3,13259.56,1,0,0,2303.76,15458.43,0.82
M0003312,N,20,1,14497.27,0,2,0,7729.98,15107.98,2.89
M0003313,N,30,3,5041.17,1,0,0,1957.41,3995.89,0.0
M0003314,N,73,0,6173.32,0,1,0,1740.16,4073.04,0.67
M0003315,N,76,2,20747.32,0,1,0,4387.59,12801.51,1.39
M0003316,N,36,2,13334.64,0,0,1,5381.72,5174.55,0.97
M0003317,N,37,1,2408.43,0,0,0,1149.69,2832.02,0.11
M0003318,N,69,1,11351.37,0,2,0,3802.52,10926.99,1.01
M0003319,N,76,2,26240.35,1,1,0,10321.34,22645.81,1.48
M0003320,N,66,1,11811.16,0,1,0,4067.35,14601.18,0.94
M0003321,N,50,2,6586.76,0,1,0,3120.45,5874.01,0.95
M0003322,Y,38,4,421979.75,5,4,3,182256.48,225639.08,9.05
M0003323,N,66,0,3663.7,0,1,0,1836.7,3979.21,1.36
M0003324,N,43,1,6361.3,0,0,0,2738.12,4753.79,1.22
M0003325,N,25,1,16299.87,0,1,0,5488.02,9290.17,1.85
M0003326,N,22,0,6006.23,0,1,1,3025.45,4056.15,0.0
M0003327,N,27,0,41617.11,0,0,0,27377.67,8715.39,0.16
M0003328,N,48,0,2289.19,1,0,0,1261.64,2440.78,0.0
M0003329,N,43,2,49996.35,0,1,0,8345.15,37700.72,2.16
M0003330,N,38,0,8499.91,1,0,1,4316.26,7983.49,1.58
M0003331,N,40,0,7279.84,0,0,0,2398.16,4275.47,0.76
M0003332,N,34,0,15309.33,0,0,0,8589.58,8442.1,1.91
M0003333,N,31,2,12223.2,1,0,0,3837.27,13663.8,0.5
M0003334,N,21,2,12712.56,0,1,0,4055.65,6674.98,1.01
M0003335,N,46,2,13529.73,0,0,2,2099.98,11038.79,0.25
M0003336,N,57,1,7328.14,0,0,0,5673.55,6561.54,0.09
M0003337,N,39,0,2434.95,1,0,0,833.72,2483.58,0.25
M0003338,N,32,0,15461.53,0,2,0,9359.62,4353.22,0.1
M0003339,N,52,0,10632.19,0,0,0,1673.24,9811.52,1.82
M0003340,N,30,2,9937.69,0,0,0,7137.98,2414.46,0.0
M0003341,N,72,1,16194.41,1,0,0,2440.33,10392.47,0.51
M0003342,N,80,0,8770.23,0,0,1,2377.15,8040.71,1.07
M0003343,N,72,0,9772.55,2,3,3,4099.09,7417.0,2.96
M0003344,N,21,2,7644.62,0,0,0,3977.02,2214.94,0.77
M0003345,N,74,2,6010.08,0,1,0,2176.74,4758.88,1.09
M0003346,N,21,1,9280.09,0,2,0,2950.19,4426.75,1.2
M0003347,N,67,4,16663.1,0,2,1,4782.45,9386.64,2.93
M0003348,N,78,3,7496.18,0,1,0,3689.78,5526.92,1.16
M0003349,N,41,1,7061.35,1,1,0,1746.84,6587.79,0.32
M0003350,N,55,0,19571.58,0,0,2,7098.57,10985.95,1.64
M0003351,N,30,1,5180.41,1,0,0,1713.28,4308.71,1.47
M0003352,N,59,1,14952.3,0,0,0,8951.89,3295.85,1.77
M0003353,N,41,2,14366.11,1,0,0,8503.89,13748.85,2.68
M0003354,N,47,0,11875.03,0,1,1,2182.53,12392.76,1.63
M0003355,N,20,2,47523.34,1,1,1,5338.12,46927.38,0.83
M0003356,N,72,3,11709.83,0,1,1,5539.38,13996.9,2.11
M0003357,N,35,2,44610.91,0,3,2,15504.08,20388.75,1.02
M0003358,N,19,0,7578.06,1,0,1,3428.25,4556.3,2.2
M0003359,N,32,0,37669.02,2,1,0,5017.99,35717.06,2.16
M0003360,N,48,0,19211.86,0,2,1,10764.12,9857.54,1.69
M0003361,N,36,0,16185.3,0,0,0,2152.27,11943.45,1.62
M0003362,N,24,2,30968.47,0,0,0,4502.06,24922.06,2.11
M0003363,N,63,1,4097.24,0,1,0,1649.91,2118.26,0.59
M0003364,N,58,1,8131.72,0,1,0,3774.18,3176.48,1.13
M0003365,N,77,3,23119.37,1,2,1,11536.74,14128.39,2.35
M0003366,N,77,1,15041.36,1,1,0,2503.04,17564.11,1.16
M0003367,N,55,3,22506.6,0,1,0,13833.83,12217.7,2.02
M0003368,N,44,2,23220.1,1,2,0,4814.3,15007.87,1.5
M0003369,N,45,1,8005.13,0,1,1,3109.03,7063.0,2.21
M0003370,N,35,0,5903.11,0,0,0,2319.93,2559.7,0.45
M0003371,N,43,0,5289.23,0,0,0,2218.04,6948.61,0.57
M0003372,N,30,1,8933.41,0,0,0,1679.02,8017.79,0.6
M0003373,N,28,1,6357.26,0,0,0,2160.63,3741.94,1.5
M0003374,N,57,1,20156.23,0,1,1,2713.1,19209.66,0.0
M0003375,N,77,0,15075.11,1,0,0,8680.38,7034.68,0.91
M0003376,N,53,0,12184.75,0,0,0,931.46,12717.71,0.61
M0003377,N,42,2,20540.64,0,2,0,2634.59,18237.34,2.33
M0003378,N,76,0,7971.52,0,1,2,2356.56,9202.97,0.0
M0003379,N,39,1,15240.95,0,1,0,7214.6,5248.95,1.25
M0003380,N,34,1,29397.82,1,1,0,1067.69,22250.63,0.35
M0003381,N,43,0,17177.68,0,0,0,4411.86,11400.88,1.11
M0003382,Y,58,5,86670.1,3,2,2,39055.37,64474.6,5.0
M0003383,N,54,1,5306.53,0,0,0,6056.95,1009.0,0.84
M0003384,N,56,2,12640.55,1,3,0,2688.8,18449.25,0.39
M0003385,N,53,1,5564.68,0,1,2,2455.72,2779.73,0.92
M0003386,N,19,1,12753.91,1,2,3,4330.93,8709.44,2.45
M0003387,N,45,2,4649.51,0,1,0,1991.07,4401.75,0.29
M0003388,N,22,0,31301.35,0,3,0,16771.23,14141.77,1.73
M0003389,N,39,2,7434.85,0,0,1,4055.71,2984.47,0.0
M0003390,N,78,1,6349.76,0,0,0,756.09,6049.75,0.33
M0003391,N,21,0,7921.51,0,1,1,2860.48,11233.89,1.94
M0003392,N,46,1,13487.86,1,1,1,4614.96,9919.4,0.16
M0003393,N,32,0,3302.63,0,0,0,953.88,3882.89,0.07
M0003394,N,80,0,11975.35,0,1,0,1437.38,8184.71,1.09
M0003395,N,64,0,12443.12,0,1,0,5749.7,8266.05,0.0
M0003396,N,40,1,5076.52,1,1,0,1099.75,4647.05,0.0
M0003397,N,63,1,22838.28,0,1,0,10369.98,15690.93,1.37
M0003398,N,70,0,8910.53,0,1,0,7096.99,6755.52,0.0
M0003399,Y,76,4,212152.97,4,5,7,28127.43,213984.02,6.41
M0003400,N,77,1,54157.5,0,1,0,3101.95,43910.14,1.17
M0003401,N,18,1,3121.56,0,0,0,1020.84,4563.19,0.67
M0003402,N,20,0,2660.03,0,0,0,958.88,1872.3,1.61
M0003403,N,48,0,1734.96,0,1,2,1409.11,969.98,0.62
M0003404,N,55,0,20240.09,0,0,0,6329.31,14692.76,1.63
M0003405,N,57,1,14043.45,0,1,0,3280.45,19221.26,0.03
M0003406,N,44,3,4290.93,0,0,0,1741.39,2906.21,0.15
M0003407,N,76,0,11984.36,0,1,0,9659.27,4185.94,1.31
M0003408,N,62,2,11845.08,0,0,0,1672.57,8735.84,1.2
M0003409,N,62,1,18153.61,0,0,0,992.03,13662.81,0.0
M0003410,N,47,0,7294.13,0,0,1,715.1,5032.46,0.55
M0003411,N,41,2,76465.75,0,2,0,7399.9,64010.55,2.67
M0003412,N,53,0,13464.46,0,1,1,4943.65,13225.57,1.58
M0003413,N,67,1,13673.87,1,0,2,3204.2,8687.9,1.37
M0003414,N,52,0,9965.13,0,1,0,2327.35,12577.03,1.74
M0003415,N,63,2,11514.16,0,1,0,3505.34,11344.14,1.67
M0003416,N,18,0,4469.16,0,0,0,3126.53,4365.88,0.0
M0003417,N,69,1,19588.11,1,2,0,9770.72,23144.06,1.75
M0003418,N,31,0,10164.79,0,1,0,4402.56,6562.94,0.0
M0003419,N,25,0,7758.29,1,2,0,2522.33,5510.5,2.06
M0003420,N,32,0,13215.82,0,0,0,2052.35,12578.6,1.16
M0003421,N,57,1,10161.29,0,0,0,3621.53,10784.95,1.31
M0003422,N,22,0,13764.46,0,1,0,11712.62,5140.06,0.32
M0003423,N,71,2,23976.74,0,0,0,16827.59,3757.37,2.04
M0003424,N,52,1,51506.93,0,1,0,4407.95,39780.66,1.61
M0003425,N,29,3,48009.37,1,1,0,8000.65,49275.46,2.61
M0003426,N,30,0,18264.93,0,1,1,2538.9,13530.78,0.89
M0003427,N,28,1,18433.4,1,1,0,9516.6,7035.2,1.3
M0003428,N,48,1,17960.02,0,1,0,1733.27,28547.13,0.34
M0003429,N,34,3,11306.93,0,1,0,2803.53,7400.45,0.85
M0003430,N,44,1,10475.91,0,1,0,744.7,12739.53,1.02
M0003431,N,33,0,11140.83,1,0,1,6600.63,10525.67,1.87
M0003432,N,23,1,8102.17,1,0,0,2280.41,9252.61,2.51
M0003433,N,72,3,12507.2,0,0,0,2268.07,8431.7,0.3
M0003434,N,62,1,9154.86,0,0,0,2871.5,7219.52,0.58
M0003435,Y,66,4,167132.75,2,6,1,40216.58,116817.14,4.87
M0003436,N,49,0,15873.46,0,1,1,2617.39,11419.21,2.15
M0003437,N,35,0,5600.44,0,1,0,1264.33,5965.92,0.0
M0003438,N,25,1,10704.77,1,3,1,2375.85,12602.46,2.32
M0003439,N,33,1,4908.54,0,1,0,1885.28,4180.26,0.07
M0003440,N,69,2,22498.39,1,0,0,7681.95,20409.38,3.12
M0003441,N,35,1,11138.5,1,2,0,2729.58,9735.12,0.39
M0003442,N,51,3,7448.92,0,0,0,1335.07,5926.27,0.37
M0003443,N,76,2,14128.16,0,0,0,7630.97,5852.39,2.0
M0003444,N,71,3,15829.13,0,1,0,2578.54,14837.25,0.83
M0003445,N,42,1,32060.6,0,1,2,9206.13,18739.47,0.84
M0003446,N,63,0,5048.68,0,0,0,1432.3,2740.94,0.77
M0003447,N,79,0,19047.88,0,0,0,4617.83,14391.37,1.3
M0003448,N,32,0,3928.55,0,0,0,1372.18,5653.58,0.0
M0003449,N,37,2,5662.79,0,1,1,1155.47,6953.04,2.76
M0003450,N,33,0,7208.24,0,0,2,4895.63,7279.39,2.76
M0003451,N,31,0,9830.49,0,0,0,1109.22,8686.58,2.43
M0003452,N,37,3,17368.66,0,0,0,1886.19,14764.01,0.44
M0003453,N,51,0,3156.5,0,0,0,1061.23,1510.71,0.0
M0003454,N,64,0,4310.38,0,0,0,1626.63,4787.44,1.37
M0003455,N,66,2,2500.65,0,0,0,611.23,3686.36,0.67
M0003456,N,75,3,14704.94,1,0,0,1695.72,24757.45,0.81
M0003457,N,55,0,21749.3,0,2,1,5079.84,28465.24,2.28
M0003458,N,26,0,22580.14,0,0,1,10526.11,11097.09,1.75
M0003459,N,37,0,11042.39,0,0,0,1023.24,15192.51,0.0
M0003460,N,71,0,26321.67,0,0,2,3100.08,18420.03,0.48
M0003461,N,66,1,40043.15,0,0,0,967.52,31360.97,1.72
M0003462,N,19,0,6171.66,0,0,0,3455.03,4181.83,1.21
M0003463,N,26,0,12563.5,1,0,0,5371.49,7929.27,0.31
M0003464,N,25,2,4120.66,0,0,0,2048.04,4482.96,0.0
M0003465,Y,55,7,395391.01,6,4,5,306560.27,236076.37,6.44
M0003466,N,20,1,21532.75,0,0,0,13916.21,12998.7,1.91
M0003467,N,22,3,26792.92,1,1,0,4634.82,18137.42,2.08
M0003468,N,61,0,40094.8,2,1,1,10813.96,24460.79,2.13
M0003469,N,25,1,4219.58,0,2,0,1721.76,3510.99,0.57
M0003470,N,20,1,3488.36,0,0,0,1111.09,4988.14,0.41
M0003471,Y,83,3,283521.16,4,4,3,153649.77,135481.84,3.95
M0003472,N,73,3,27816.37,1,0,0,3509.77,19692.77,0.26
M0003473,N,48,2,30797.74,0,0,0,751.75,31163.78,2.04
M0003474,N,64,1,14806.79,0,0,0,14107.06,10082.7,2.19
M0003475,N,20,2,17827.9,1,0,0,3335.01,14295.45,1.78
M0003476,N,66,3,25465.61,1,1,2,5554.02,15543.6,2.67
M0003477,N,70,0,8322.88,0,0,0,1405.3,7086.36,0.15
M0003478,Y,44,9,665217.69,4,6,6,336692.25,244826.33,8.97
M0003479,N,58,0,4865.6,0,0,0,1025.09,3107.64,0.08
M0003480,N,68,1,1829.18,0,0,2,1459.68,1580.1,0.31
M0003481,N,79,0,11190.06,0,1,0,716.64,8664.72,0.0
M0003482,N,76,1,12245.0,0,1,0,1275.06,10725.4,0.7
M0003483,N,74,1,12893.85,0,2,1,6752.34,6586.92,0.0
M0003484,N,40,0,9646.28,0,0,0,4786.32,10676.65,1.65
M0003485,N,70,0,1993.74,0,1,0,862.25,1988.26,0.0
M0003486,N,26,1,18878.77,0,1,1,11289.42,3614.17,1.79
M0003487,N,27,2,3468.37,0,0,1,1152.98,3021.35,0.0
M0003488,N,56,0,6874.06,0,0,0,2835.51,4143.85,0.0
M0003489,N,53,0,7806.44,0,0,0,2693.59,5542.19,2.06
M0003490,N,29,3,7288.35,0,1,1,1806.57,5587.31,0.0
M0003491,N,64,1,4938.77,0,0,0,1105.42,5719.37,0.41
M0003492,Y,65,7,231005.89,3,4,1,39791.42,209512.21,4.95
M0003493,N,72,1,10769.44,0,1,0,676.14,8793.47,1.06
M0003494,N,27,1,12036.64,1,0,0,2212.52,9882.55,1.33
M0003495,Y,62,6,186611.62,3,4,3,69486.92,101470.01,3.64
M0003496,N,37,2,24732.16,0,0,0,2767.79,16657.96,1.73
M0003497,N,42,1,5348.6,0,0,0,2165.78,3097.9,1.32
M0003498,N,76,1,18173.3,1,2,2,7491.57,19266.22,1.19
M0003499,N,30,0,6077.01,0,0,0,1711.24,5927.53,1.04
M0003500,N,76,2,69465.81,0,1,1,5164.82,50098.62,1.15
M0003501,N,66,2,8494.66,0,0,1,3367.68,7650.53,2.38
M0003502,N,75,0,13913.89,0,0,0,2603.45,15191.94,1.17
M0003503,N,55,0,6029.82,0,0,1,4593.02,3002.25,0.6
M0003504,N,18,1,7013.77,1,0,0,2846.47,7177.15,0.66
M0003505,N,58,3,15627.82,0,0,1,11602.05,4333.75,0.94
M0003506,N,74,1,7254.24,0,2,0,5689.1,4045.56,0.42
M0003507,N,46,1,5082.01,1,1,0,874.48,8345.36,1.31
M0003508,N,36,0,7515.41,0,0,1,1278.33,10521.99,0.57
M0003509,N,28,2,17399.56,0,3,0,13592.16,7991.05,3.07
M0003510,N,28,1,9424.37,0,0,1,4709.38,5855.86,0.69
M0003511,N,79,3,12496.44,0,1,2,1569.01,8845.34,0.32
M0003512,N,55,0,3856.23,0,0,0,344.64,3090.43,0.73
M0003513,N,77,0,14801.18,0,0,0,5102.62,9669.38,1.73
M0003514,N,69,0,2037.78,0,0,1,1261.1,2060.77,1.6
M0003515,N,77,2,12790.71,0,0,1,8085.98,8577.75,2.58
M0003516,N,72,1,8809.34,1,0,0,1806.98,7708.62,0.0
M0003517,N,59,3,18152.61,0,2,0,1610.15,23309.84,1.78
M0003518,N,32,1,14576.97,0,0,0,2881.18,14670.76,0.0
M0003519,N,35,1,8976.57,0,1,0,2565.98,8059.69,1.75
M0003520,N,76,0,7999.19,0,0,0,4276.28,5204.43,1.01
M0003521,N,23,3,6146.15,0,1,2,2093.02,4803.23,1.59
M0003522,N,47,0,7900.17,1,1,1,2487.29,11477.11,0.0
M0003523,N,78,1,7152.48,0,0,0,1176.17,6846.6,1.07
M0003524,N,38,1,10870.9,0,2,1,4827.21,6965.7,1.37
M0003525,N,56,1,2981.43,1,0,0,451.1,2874.39,0.0
M0003526,N,32,1,18630.23,1,1,1,11952.71,5621.02,0.75
M0003527,N,72,1,15205.72,0,0,1,2548.56,11471.7,2.28
M0003528,N,64,1,4630.82,0,0,1,579.88,4642.22,1.46
M0003529,N,30,1,2797.17,0,1,0,1351.37,1341.67,0.21
M0003530,N,29,1,14517.31,0,2,0,1000.89,11414.22,0.0
M0003531,N,40,1,22286.13,0,0,0,12766.57,10421.58,1.23
M0003532,N,27,0,11174.3,0,1,0,4192.63,7907.64,0.78
M0003533,N,42,2,5298.25,0,0,0,1082.65,4881.41,0.05
M0003534,N,56,0,7125.8,1,2,0,2636.25,5292.84,0.91
M0003535,N,67,0,11288.07,0,2,1,1358.78,7964.55,0.21
M0003536,N,25,3,15232.4,1,0,1,11865.36,11441.68,1.82
M0003537,N,43,0,12061.14,1,0,0,3032.85,7136.56,1.29
M0003538,N,71,2,19548.84,0,1,0,5531.99,14897.08,0.88
M0003539,N,74,2,15037.67,0,0,2,2948.79,14710.09,0.12
M0003540,N,56,1,7344.73,0,0,0,2417.86,4927.04,0.0
M0003541,N,64,0,30823.45,1,0,0,1372.0,39254.83,0.88
M0003542,N,44,4,18834.35,0,0,2,8041.22,19497.19,0.0
M0003543,N,28,1,6390.74,0,1,1,380.26,5122.33,2.17
M0003544,N,23,0,14409.97,0,0,0,1033.55,15933.59,0.89
M0003545,N,73,0,7176.37,0,0,0,901.54,5307.33,0.99
M0003546,N,62,1,7544.52,0,0,0,4182.69,6443.16,0.88
M0003547,N,34,2,5808.56,0,1,0,4047.41,3945.95,0.99
M0003548,N,57,0,3641.68,0,0,0,1269.76,3828.97,0.81
M0003549,N,28,1,10876.36,0,0,0,4667.91,4251.24,1.39
M0003550,N,73,1,5788.52,0,1,1,2233.75,6865.77,1.31
M0003551,N,57,2,11204.6,0,0,0,2278.44,8991.6,0.2
M0003552,N,28,1,20962.45,0,1,1,6321.75,18242.38,1.66
M0003553,N,59,1,1453.75,0,0,0,496.9,1738.31,1.99
M0003554,N,35,3,14616.76,0,1,1,6958.77,6788.9,2.65
M0003555,N,48,0,10347.8,0,2,0,4033.49,8330.68,0.17
M0003556,N,33,0,13335.1,1,0,0,2685.56,8377.69,1.13
M0003557,N,80,0,7320.79,0,0,0,1335.08,5896.17,1.33
M0003558,N,58,2,9700.18,0,1,1,1310.92,6343.06,1.35
M0003559,N,43,1,14793.57,0,0,0,3228.25,17714.45,0.0
M0003560,N,63,0,5520.93,0,0,0,1618.96,2705.28,0.44
M0003561,N,25,1,5247.45,0,0,0,2618.54,4183.75,0.56
M0003562,Y,49,5,177725.34,1,3,1,139523.31,57526.18,2.51
M0003563,N,72,1,11006.59,0,0,0,4034.69,5659.31,0.8
M0003564,N,76,0,13771.13,0,0,0,4761.85,7375.05,1.83
M0003565,N,63,1,7808.4,0,0,0,2905.61,3795.2,0.1
M0003566,N,65,2,7134.0,1,1,0,2827.1,8881.82,0.62
M0003567,N,26,2,13828.26,0,0,0,6617.75,8864.39,1.37
M0003568,N,72,0,8120.7,0,1,0,2468.48,6431.83,1.8
M0003569,N,24,2,23004.75,0,2,0,3159.72,15724.72,0.31
M0003570,N,38,2,6655.48,0,0,0,2328.69,8714.39,0.13
M0003571,N,80,0,5467.73,1,0,0,2976.72,2064.36,0.53
M0003572,N,30,1,8533.55,1,0,0,2473.12,5813.15,1.14
M0003573,N,41,2,14339.22,1,0,1,8121.45,8234.3,1.82
M0003574,N,47,0,11287.2,0,1,0,1106.26,14111.78,1.31
M0003575,N,46,2,25418.58,0,0,0,9415.4,26363.88,0.98
M0003576,N,19,1,12741.06,0,0,1,5878.82,6437.45,1.66
M0003577,N,62,1,37744.16,1,2,0,10737.44,36406.97,2.34
M0003578,N,28,2,17765.98,0,0,0,12685.2,7914.45,0.79
M0003579,N,66,3,17992.04,0,1,2,6258.76,11167.68,2.13
M0003580,N,35,1,8166.55,0,0,1,2106.51,4836.96,0.62
M0003581,N,43,3,22219.53,1,1,0,7674.82,10175.4,2.4
M0003582,N,40,1,22102.71,0,2,0,10070.94,14521.51,1.71
M0003583,N,25,0,18322.87,0,2,0,2701.4,15349.8,0.68
M0003584,N,53,3,13918.68,1,0,2,5497.18,10739.47,1.58
M0003585,N,39,2,6886.44,0,1,1,694.93,6003.03,0.0
M0003586,N,72,2,24831.56,0,0,0,7256.72,19591.33,1.9
M0003587,N,25,1,21063.14,0,0,0,12894.78,7948.76,1.78
M0003588,N,20,0,4724.61,1,0,1,4894.5,1200.37,0.0
M0003589,N,21,3,5802.99,0,0,1,2173.19,6130.91,0.0
M0003590,Y,56,5,167555.01,3,2,3,33216.82,114526.0,3.07
M0003591,N,77,0,6764.21,0,0,0,1256.96,5555.58,1.26
M0003592,N,34,0,7846.43,0,0,0,6481.39,7690.23,0.0
M0003593,N,61,1,8240.08,0,1,0,1581.82,9699.87,0.45
M0003594,N,54,2,8019.55,2,0,0,671.81,6216.45,0.3
M0003595,Y,69,4,100538.18,2,4,1,30611.44,98512.26,2.76
M0003596,N,41,1,13429.49,1,2,0,1550.24,11861.25,1.24
M0003597,N,25,1,10345.35,0,0,1,6094.37,5589.41,1.35
M0003598,N,19,0,14071.56,0,2,0,5603.17,10279.22,0.44
M0003599,N,31,1,8196.28,0,1,0,1192.08,10337.96,0.51
M0003600,N,71,2,31406.88,0,0,1,7188.92,17957.43,0.74
M0003601,N,38,1,9458.18,1,0,1,1013.59,11469.36,0.7
M0003602,N,59,1,3327.74,0,0,0,2792.7,2840.01,1.08
M0003603,N,66,0,15677.62,0,1,0,860.01,21546.25,2.21
M0003604,N,32,1,7011.5,0,0,0,2234.18,8993.35,0.0
M0003605,N,27,2,17216.48,2,0,0,4539.69,9605.43,0.56
M0003606,N,60,3,9128.09,0,1,0,971.2,9865.17,0.86
M0003607,N,31,0,9984.67,0,0,0,1803.16,6250.2,1.76
M0003608,Y,43,5,101038.21,1,3,1,63674.58,62645.82,5.12
M0003609,N,36,1,13834.0,0,0,0,2348.86,11542.32,2.65
M0003610,Y,42,3,289569.28,2,3,3,84144.36,214689.73,5.67
M0003611,N,66,0,5903.58,0,0,0,1455.79,5369.09,0.07
M0003612,N,74,1,33415.58,0,0,0,7153.29,19947.05,2.27
M0003613,N,61,1,21097.47,0,1,0,4629.5,26705.42,2.02
M0003614,N,48,0,9458.79,0,1,0,1555.99,8632.34,1.37
M0003615,N,55,0,4650.35,0,0,0,1586.74,4517.91,0.89
M0003616,N,46,1,21244.26,0,1,1,5589.71,12650.99,0.32
M0003617,N,50,1,22166.94,0,2,0,14881.8,5928.09,0.0
M0003618,N,67,2,5772.65,0,0,0,871.82,4271.14,1.21
M0003619,N,20,4,22210.05,0,1,0,13532.53,24570.06,2.43
M0003620,N,27,0,3269.75,1,1,0,568.06,4445.99,0.42
M0003621,N,30,1,31476.51,1,0,0,2832.5,22791.15,1.0
M0003622,N,72,0,4386.21,0,1,0,558.7,4166.04,1.7
M0003623,N,52,2,10729.82,0,1,0,2764.69,11953.63,1.31
M0003624,N,62,1,5968.34,0,0,0,2812.65,6359.25,2.25
M0003625,N,79,0,11956.84,0,1,0,1827.35,7648.4,0.0
M0003626,N,58,1,6763.06,1,1,0,3631.79,7054.37,0.86
M0003627,N,66,0,8575.19,0,0,0,3883.36,3984.51,0.67
M0003628,N,57,2,32435.55,1,1,0,13453.99,17416.84,1.3
M0003629,N,68,3,22038.32,1,0,0,10373.49,13521.6,2.8
M0003630,N,42,2,13833.64,0,0,0,5735.05,12235.86,2.01
M0003631,N,42,0,6828.54,0,1,0,2270.36,8774.17,1.34
M0003632,N,73,0,8353.56,0,0,0,4366.96,6221.71,0.94
M0003633,N,24,2,7033.91,0,0,1,3777.19,6435.94,3.79
M0003634,N,39,0,7388.78,0,0,0,1938.51,8237.24,1.48
M0003635,N,80,1,9550.72,1,0,0,2443.48,5546.89,1.81
M0003636,N,52,2,12896.12,0,1,1,5173.08,11245.31,1.67
M0003637,N,39,0,6124.37,0,0,1,2901.43,5157.63,0.0
M0003638,N,21,1,11931.21,0,2,0,2275.07,12469.44,0.68
M0003639,N,31,1,7639.39,0,0,0,3736.75,8363.0,0.81
M0003640,Y,50,5,221204.73,4,2,2,87699.32,199891.99,4.45
M0003641,N,19,1,31478.67,1,1,0,7043.27,21345.38,0.53
M0003642,N,46,2,8233.71,0,0,0,3795.56,6453.03,1.86
M0003643,N,49,3,6285.63,0,0,0,2659.05,5054.27,1.39
M0003644,N,30,0,11796.07,0,0,0,5757.64,4751.16,0.0
M0003645,N,59,0,14154.42,0,0,0,10520.62,5893.53,1.18
M0003646,N,70,2,7298.6,0,0,0,1706.69,6635.5,2.2
M0003647,N,34,0,23373.53,1,1,0,10980.07,9951.08,1.05
M0003648,N,61,0,23552.68,0,2,1,4923.76,14401.23,2.49
M0003649,N,62,1,8583.45,0,0,1,2904.91,4326.03,0.82
M0003650,N,65,1,6854.99,0,1,0,4669.66,6377.98,1.45
M0003651,Y,37,5,199507.93,3,5,3,42656.33,126715.55,4.19
M0003652,N,22,1,7557.72,0,1,0,1358.23,5863.63,0.0
M0003653,N,38,2,23445.33,0,1,0,6511.27,15413.96,0.89
M0003654,N,55,1,6166.73,0,0,1,2801.03,7736.52,1.35
M0003655,N,40,0,7270.43,1,1,0,1936.2,4639.69,0.96
M0003656,N,74,2,28353.57,0,0,0,3311.93,22785.57,0.89
M0003657,N,71,2,10379.0,1,0,0,6319.8,10385.59,2.08
M0003658,N,57,1,2855.39,0,0,0,261.47,2176.76,1.01
M0003659,N,30,1,24220.46,0,1,1,3817.31,17109.08,1.92
M0003660,N,28,1,51154.2,0,2,0,12884.55,27294.35,1.69
M0003661,N,22,0,5826.27,0,0,0,3314.34,2040.14,1.21
M0003662,N,18,2,35265.1,0,3,2,8263.27,27273.53,2.67
M0003663,N,24,0,2832.02,0,2,0,2001.83,1520.73,1.56
M0003664,N,34,1,32615.45,0,2,0,5808.38,21971.38,2.1
M0003665,N,66,2,13777.54,0,1,0,3629.69,10017.7,0.94
M0003666,N,19,1,3809.57,0,0,0,761.47,3103.72,0.5
M0003667,N,80,2,25941.13,0,2,0,10486.26,11911.58,1.12
M0003668,N,52,0,2657.72,0,0,0,876.69,3197.88,1.04
M0003669,N,32,1,4221.62,0,0,0,739.08,4957.05,0.1
M0003670,N,43,1,7403.35,1,0,0,2731.72,5484.29,0.66
M0003671,N,74,1,37288.8,0,2,3,2950.55,36368.26,2.97
M0003672,N,63,0,5397.27,1,1,0,5202.87,3007.96,2.29
M0003673,N,75,1,4799.59,0,0,0,498.75,7188.9,2.16
M0003674,N,20,3,12545.56,1,2,1,3263.57,12684.8,1.5
M0003675,N,19,3,15597.39,0,0,0,2882.65,10961.27,1.86
M0003676,N,71,1,4913.93,0,2,0,1871.33,3691.07,0.34
M0003677,N,51,1,19875.49,1,1,0,1906.44,23289.88,2.3
M0003678,N,72,1,7335.09,0,0,0,3680.66,9017.0,1.11
M0003679,N,31,0,8750.37,0,0,1,712.23,7025.73,0.0
M0003680,N,57,1,11187.59,0,0,1,4018.7,9379.47,2.22
M0003681,N,54,3,2281.32,0,1,0,1593.26,1837.54,0.57
M0003682,N,49,0,4016.37,1,0,0,344.36,4129.94,1.15
M0003683,N,49,2,22086.9,1,1,1,2663.5,19944.78,2.97
M0003684,N,44,2,13339.3,0,0,0,4087.66,16490.47,2.42
M0003685,N,24,1,18762.45,0,1,1,1011.19,23748.05,1.47
M0003686,N,60,1,8801.4,0,0,0,1292.68,9354.22,0.0
M0003687,N,46,1,19438.1,0,2,1,7858.99,13676.97,1.28
M0003688,N,55,1,37915.19,0,2,0,9475.74,28557.87,2.32
M0003689,N,63,0,5127.77,0,0,0,1475.42,4326.54,0.0
M0003690,N,43,2,4771.77,0,0,0,1222.94,2694.64,1.24
M0003691,N,55,1,20946.69,0,1,0,7414.31,17203.86,0.99
M0003692,N,39,0,10336.12,0,1,0,6968.5,4059.95,1.87
M0003693,N,24,0,4909.31,0,1,0,2381.95,1926.7,1.84
M0003694,N,48,0,32907.79,0,0,1,6039.71,21560.47,1.24
M0003695,N,41,0,13867.86,0,0,0,6049.33,5606.74,1.42
M0003696,N,20,1,8775.54,0,0,0,4042.4,4711.38,1.53
M0003697,N,69,0,5204.97,0,1,0,2443.04,3301.52,0.13
M0003698,N,49,4,23105.65,0,1,1,12898.49,18273.72,2.23
M0003699,N,77,2,14537.97,0,0,0,4023.37,17953.73,1.11
M0003700,N,53,0,4950.5,1,0,0,4323.59,4415.73,1.24
M0003701,N,41,0,15267.74,0,0,0,979.42,13561.37,0.0
M0003702,N,39,2,17248.72,0,0,0,2238.23,19134.92,0.99
M0003703,N,31,0,3750.12,0,2,0,2397.81,3288.06,0.71
M0003704,N,67,1,10823.48,0,1,1,1846.48,7825.0,1.52
M0003705,N,49,1,5485.83,0,0,0,1934.17,5125.47,0.07
M0003706,Y,48,6,254185.96,2,3,4,78086.27,140027.87,2.0
M0003707,N,44,2,18867.16,0,1,0,3091.57,16962.71,1.27
M0003708,N,33,1,20591.23,0,2,0,1399.07,15725.36,0.22
M0003709,N,51,2,17325.71,0,0,0,8595.51,17372.17,1.66
M0003710,N,25,2,35404.04,0,1,1,14048.95,21367.12,2.29
M0003711,N,30,1,5794.88,0,0,0,1760.85,8074.63,1.18
M0003712,N,73,2,7835.37,0,0,0,3915.98,7359.51,1.9
M0003713,N,57,0,6751.52,0,0,0,3046.28,7563.82,1.13
M0003714,N,64,0,10521.99,0,0,0,4283.9,5189.55,0.03
M0003715,N,80,0,18560.53,0,1,0,7324.97,13742.15,2.78
M0003716,N,71,2,11384.81,0,0,0,3963.45,6950.82,1.91
M0003717,N,24,0,5996.24,0,0,0,651.98,10188.26,0.69
M0003718,N,77,1,10258.75,0,0,0,971.79,7085.16,1.12
M0003719,N,50,0,18242.65,0,0,0,2465.05,13282.03,0.75
M0003720,N,40,0,18190.51,0,1,0,1484.09,16982.41,1.05
M0003721,N,30,0,11306.26,1,2,2,1770.96,8218.72,1.95
M0003722,N,68,0,6201.42,0,0,0,1692.25,3324.04,0.54
M0003723,N,42,2,20659.06,0,0,1,8959.92,21828.19,1.59
M0003724,N,52,2,23277.89,1,1,0,6173.86,32834.36,1.33
M0003725,N,44,1,2446.42,0,0,1,1071.41,2493.73,1.81
M0003726,N,70,1,6529.61,0,0,0,1266.54,5443.63,1.19
M0003727,N,26,0,15877.39,1,2,0,3923.03,15613.48,1.61
M0003728,N,58,1,44365.48,0,0,0,4130.01,30770.75,1.61
M0003729,N,49,2,17323.9,0,0,2,3775.68,15484.57,1.15
M0003730,Y,44,6,140621.64,4,5,2,96254.61,61459.6,7.76
M0003731,N,65,0,7539.6,0,0,0,2468.54,3465.76,0.36
M0003732,N,25,1,12877.58,0,1,0,6747.94,10498.1,2.1
M0003733,N,70,2,24802.14,0,1,1,13276.29,8998.7,0.82
M0003734,N,78,1,17040.05,0,0,0,3585.21,11295.06,1.38
M0003735,N,62,0,10615.27,0,0,0,1065.35,7286.59,0.11
M0003736,N,62,2,10431.54,0,1,0,2950.39,13941.64,1.47
M0003737,N,80,2,62321.66,1,1,0,8729.62,46924.41,0.28
M0003738,N,44,1,25959.78,0,1,1,3211.6,41056.21,0.92
M0003739,N,44,2,5047.88,0,1,0,2339.89,4346.26,0.04
M0003740,Y,41,7,140563.64,2,4,7,67131.04,98742.38,4.72
M0003741,N,29,0,5697.04,0,0,0,655.4,5143.06,1.31
M0003742,N,71,2,6652.83,1,0,0,2123.5,3624.46,1.15
M0003743,N,49,0,8754.66,0,0,0,1755.22,5088.34,2.16
M0003744,N,65,1,4804.12,0,1,0,1951.8,4687.08,0.2
M0003745,N,49,2,12433.03,0,1,0,10640.93,6309.06,2.48
M0003746,N,52,0,10613.84,0,0,0,3642.88,8213.96,1.63
M0003747,N,80,1,10577.21,0,1,0,5141.36,6941.61,1.99
M0003748,N,80,1,14782.06,0,2,1,5659.14,11308.06,2.03
M0003749,N,33,0,9656.57,1,0,0,5592.23,5932.66,0.92
M0003750,N,30,1,2820.57,1,0,0,429.8,1912.42,1.56
M0003751,N,57,1,7025.05,1,0,1,1975.37,6200.05,1.9
M0003752,N,28,0,17113.76,0,1,0,4690.01,8905.29,1.17
M0003753,N,61,2,22838.53,1,1,0,9575.83,8450.25,0.0
M0003754,N,69,1,8804.26,1,0,0,4073.08,6282.34,1.06
M0003755,N,36,0,22893.68,0,0,1,6911.79,14866.12,0.75
M0003756,N,27,0,16307.04,0,0,0,1864.7,12103.85,1.27
M0003757,N,72,4,13145.07,0,0,0,3265.48,8184.52,2.37
M0003758,N,55,2,17383.03,1,1,0,1410.68,15795.76,1.68
M0003759,N,62,4,28786.35,1,0,0,9912.3,15254.65,0.91
M0003760,N,64,2,8424.87,0,0,0,1941.69,4698.98,0.0
M0003761,N,32,2,4931.43,0,0,0,744.03,7207.56,0.38
M0003762,N,24,2,4165.93,0,0,0,1031.33,4222.29,1.08
M0003763,N,28,1,9185.83,0,0,0,4009.42,3414.03,1.94
M0003764,N,75,1,3725.46,0,1,0,1112.62,2052.37,0.0
M0003765,Y,44,8,260873.3,4,6,7,125643.53,165999.0,5.39
M0003766,N,66,0,4729.94,0,0,0,4804.43,3150.44,0.5
M0003767,N,55,0,29083.4,0,1,0,11360.82,36650.99,1.87
M0003768,N,63,1,5803.34,0,0,1,644.84,8561.16,0.76
M0003769,N,33,2,13391.25,1,0,1,1688.18,10678.95,1.32
M0003770,N,45,0,7849.08,0,2,0,1803.92,6694.97,0.78
M0003771,N,73,4,7032.0,0,0,0,1715.47,9035.77,1.78
M0003772,N,68,2,10526.61,0,0,0,2625.94,5908.33,0.03
M0003773,N,72,2,35534.83,1,1,0,4990.37,28254.85,2.54
M0003774,N,58,0,8969.21,1,0,0,3838.05,11718.77,0.91
M0003775,N,44,0,5854.83,0,1,0,1662.19,3776.29,0.35
M0003776,N,18,3,5667.08,0,1,2,2196.73,4703.92,1.6
M0003777,N,53,0,3585.25,0,1,0,362.71,2885.41,2.94
M0003778,N,49,0,17043.82,0,1,0,14211.32,2513.92,0.0
M0003779,N,67,0,6678.17,0,0,0,4452.54,7320.08,0.62
M0003780,N,80,1,14454.88,0,1,0,8017.4,9057.73,0.0
M0003781,N,78,2,38243.47,0,4,0,8937.94,26535.67,1.96
M0003782,N,23,0,9207.3,0,0,0,2096.73,9733.48,0.84
M0003783,N,25,1,5137.24,0,1,0,4420.49,2477.65,0.35
M0003784,N,57,0,11287.27,0,1,0,3786.19,5937.25,1.58
M0003785,N,54,2,21909.55,0,1,0,3603.65,14275.16,1.9
M0003786,N,55,2,8019.35,0,0,0,2205.96,10075.7,0.47
M0003787,N,19,0,19132.1,1,1,0,1937.68,14745.37,1.41
M0003788,N,60,0,4737.32,0,0,0,1386.34,5571.01,1.68
M0003789,N,34,2,10030.1,0,0,1,8522.26,2940.98,1.33
M0003790,N,68,1,19458.74,0,1,0,1507.7,14466.72,2.33
M0003791,N,75,1,5256.09,0,2,0,2147.63,6924.09,0.0
M0003792,N,53,0,10857.64,0,1,1,8726.16,5375.86,1.78
M0003793,N,57,0,16158.37,0,1,0,1805.79,14913.76,1.8
M0003794,Y,77,9,422620.98,4,5,3,114345.44,255815.69,7.94
M0003795,N,38,1,10899.44,0,1,1,6111.48,6514.41,1.23
M0003796,N,20,2,10974.27,0,0,0,4250.08,12868.4,1.96
M0003797,N,18,0,5901.18,0,2,0,1048.61,4675.96,0.17
M0003798,N,35,0,3081.05,0,0,2,3157.31,1980.82,0.75
M0003799,N,67,1,25526.87,0,0,0,5951.52,15699.51,1.22
M0003800,N,41,1,1425.62,0,0,0,1744.65,568.48,1.02
M0003801,N,52,1,7548.84,0,0,0,2907.76,6315.29,0.47
M0003802,N,24,2,32533.63,1,1,0,27154.48,19796.16,2.07
M0003803,N,48,0,5377.05,0,1,0,1737.06,3884.92,0.0
M0003804,N,38,1,43736.88,1,1,1,20931.15,21525.41,2.1
M0003805,N,22,3,23687.56,0,1,0,15187.21,4816.79,1.13
M0003806,Y,85,6,313259.95,4,5,4,126490.11,136790.0,5.57
M0003807,N,66,1,3789.37,0,0,0,456.05,5540.12,0.49
M0003808,N,51,1,6286.15,0,2,0,4333.74,4891.95,0.51
M0003809,N,29,3,24490.88,0,1,0,16630.17,8263.1,3.62
M0003810,N,27,2,40105.08,0,2,0,9017.62,26168.28,2.4
M0003811,N,49,1,8982.43,0,1,2,5609.57,9412.44,0.59
M0003812,N,41,2,18216.2,0,0,0,2353.04,12856.33,0.04
M0003813,N,50,1,15313.31,0,1,0,12517.56,9864.8,0.03
M0003814,N,66,1,2888.78,0,1,0,1058.12,4056.44,1.33
M0003815,N,69,1,21374.8,0,1,0,4743.13,13629.03,1.41
M0003816,N,20,2,11299.57,1,2,0,7178.97,10734.36,1.14
M0003817,N,44,0,2779.98,0,0,0,623.24,2767.6,0.0
M0003818,N,38,1,11525.75,0,2,1,5830.87,7996.24,1.88
M0003819,N,72,2,15855.21,1,0,0,1653.89,16101.74,1.47
M0003820,N,76,2,6006.18,0,0,0,4526.67,4660.85,1.22
M0003821,N,42,2,10956.14,0,0,1,5972.9,3220.23,1.17
M0003822,N,67,3,13415.78,0,1,1,2634.65,9519.73,1.33
M0003823,N,49,0,10789.07,0,0,0,1181.57,17061.19,2.23
M0003824,N,40,2,4872.53,0,1,0,666.66,7646.53,0.53
M0003825,N,57,1,9558.27,0,1,0,3631.82,5621.95,0.73
M0003826,N,23,0,3663.53,0,1,0,883.09,4325.51,0.0
M0003827,N,24,2,11607.2,0,2,0,4736.81,10878.22,2.99
M0003828,N,53,2,13746.51,0,0,0,5753.76,7850.12,1.22
M0003829,N,19,2,10391.79,0,1,0,2848.02,11823.25,1.78
M0003830,N,64,3,6090.1,0,0,0,870.64,5513.3,0.66
M0003831,N,53,0,19333.87,0,0,0,8797.52,9036.64,1.41
M0003832,N,40,0,4712.78,0,0,0,2878.51,4262.92,0.88
M0003833,N,75,3,44461.27,0,0,0,8583.86,28041.5,1.3
M0003834,N,70,1,4469.74,0,0,0,2442.7,2338.26,0.07
M0003835,N,39,1,21652.46,0,0,0,15471.03,8713.53,1.98
M0003836,N,23,2,24289.73,0,1,0,11771.22,11311.67,1.47
M0003837,N,47,1,20416.23,0,1,0,3452.51,14834.66,1.0
M0003838,N,49,2,10891.05,0,0,0,5720.9,5394.3,1.04
M0003839,N,30,1,56012.63,0,3,1,23545.77,23067.27,1.99
M0003840,N,48,0,7737.06,0,0,0,778.03,11896.98,1.31
M0003841,N,79,0,5302.51,1,1,1,606.35,5155.55,0.67
M0003842,N,41,2,4377.96,1,0,0,1401.86,5237.81,2.07
M0003843,N,72,1,10181.8,0,0,0,1252.26,7111.95,1.49
M0003844,N,29,1,2840.35,0,0,0,933.12,3664.81,1.06
M0003845,N,76,0,24139.85,0,1,0,4957.01,28201.05,1.28
M0003846,N,60,1,3067.66,0,0,0,1738.43,2746.66,2.89
M0003847,N,77,1,8244.1,0,0,0,1721.45,10102.03,2.06
M0003848,N,33,1,11339.45,0,2,1,2820.72,7897.46,2.54
M0003849,N,41,1,8733.92,0,0,0,3647.13,5204.5,0.95
M0003850,Y,77,5,285598.59,3,5,4,136665.72,211230.96,6.45
M0003851,N,44,0,11666.74,1,0,2,1182.53,14092.02,1.04
M0003852,N,68,0,10528.09,1,1,0,573.92,9068.1,0.02
M0003853,N,79,0,6598.12,0,2,0,830.41,4598.53,1.15
M0003854,N,52,2,48634.2,0,0,0,8071.45,37185.31,3.14
M0003855,N,22,0,26713.33,2,0,0,4831.4,21606.58,1.92
M0003856,N,76,0,2686.19,0,0,0,249.9,2907.41,0.68
M0003857,N,65,1,23297.48,0,1,1,13114.25,21466.15,1.85
M0003858,N,66,0,9206.25,0,0,1,9189.88,6793.81,0.97
M0003859,N,41,0,4018.19,0,1,0,1647.47,2709.31,0.9
M0003860,N,66,1,16253.81,0,1,2,1591.36,13989.86,1.33
M0003861,N,56,1,17952.92,1,1,0,4494.26,10889.48,1.08
M0003862,N,21,0,7628.36,1,0,0,578.6,10732.53,0.97
M0003863,N,53,0,6308.92,0,1,0,4721.47,3673.72,0.43
M0003864,N,58,2,19276.41,0,1,1,2314.1,13123.39,2.04
M0003865,N,65,0,8433.27,0,2,0,408.72,9594.84,0.56
M0003866,N,44,1,18619.22,1,0,0,6079.16,15459.5,1.47
M0003867,N,45,2,14962.81,0,0,0,7798.21,4289.36,0.75
M0003868,N,37,1,6289.91,0,0,0,774.18,6730.0,0.71
M0003869,N,39,2,13591.53,0,0,1,4788.83,6851.92,0.45
M0003870,N,56,1,5532.67,0,1,0,1557.69,5306.13,0.36
M0003871,N,75,0,2216.14,0,2,0,739.84,1983.85,0.0
M0003872,N,72,3,10008.08,0,1,0,3189.44,11972.6,0.57
M0003873,N,67,0,8075.47,1,0,0,2850.22,5643.23,0.56
M0003874,N,72,1,6337.64,1,1,0,4663.71,3335.53,0.0
M0003875,N,64,1,19553.19,1,2,0,1510.59,14903.51,2.37
M0003876,N,39,0,26874.42,0,1,0,9515.89,12334.93,1.76
M0003877,N,25,1,9432.64,0,0,0,4241.51,11434.37,1.92
M0003878,N,28,1,4409.44,0,0,1,2025.12,3725.36,1.21
M0003879,N,27,1,2280.01,0,1,0,805.21,2926.82,1.05
M0003880,N,72,0,3328.82,0,0,0,3244.36,1732.8,1.03
M0003881,N,60,0,5694.86,0,1,0,1562.89,4767.14,0.62
M0003882,N,60,2,18358.93,0,0,1,2411.32,12120.53,0.55
M0003883,N,34,1,25678.23,0,3,0,1466.91,19692.76,1.73
M0003884,N,66,0,15760.26,0,1,0,2436.36,14984.44,0.35
M0003885,N,68,1,12469.86,0,1,1,6217.95,16054.66,1.56
M0003886,N,33,0,2480.52,0,1,1,848.25,2042.16,1.63
M0003887,N,31,1,33970.83,1,2,0,3510.98,26420.42,0.09
M0003888,N,23,1,8860.07,0,2,0,3083.1,9108.82,0.0
M0003889,N,48,3,3217.62,0,0,0,2532.85,2621.58,0.64
M0003890,N,25,0,8150.84,0,0,0,496.99,6538.31,1.03
M0003891,N,38,1,8146.38,0,0,1,1683.71,5580.51,0.23
M0003892,N,73,0,20928.1,1,0,0,7398.09,10256.02,1.68
M0003893,N,27,0,6457.35,0,0,0,4247.18,4202.32,0.31
M0003894,N,47,0,8349.45,1,1,0,873.09,5797.32,1.79
M0003895,N,58,1,9936.43,0,2,0,1179.35,6666.82,1.79
M0003896,N,69,0,2827.0,0,1,0,972.81,1299.05,0.25
M0003897,N,36,1,8653.66,0,0,1,3880.69,8751.76,1.51
M0003898,N,27,1,24759.13,0,0,0,10556.37,10319.7,0.0
M0003899,N,63,2,27601.8,0,1,1,11541.76,14353.54,2.51
M0003900,N,54,0,15249.85,0,1,0,655.95,11812.55,1.0
M0003901,N,55,1,14306.2,0,1,1,4147.9,12127.61,1.41
M0003902,N,50,0,5492.54,0,0,1,888.2,4064.01,1.43
M0003903,N,47,2,19622.64,0,2,0,7378.91,15230.14,2.29
M0003904,N,40,0,3080.49,0,0,0,949.25,2431.8,0.0
M0003905,N,28,1,9257.14,0,0,0,1591.49,7862.19,0.05
M0003906,N,37,1,4425.13,0,0,0,1690.8,2976.26,1.78
M0003907,N,73,3,42749.37,1,1,1,14008.68,26556.92,2.31
M0003908,N,39,1,5125.4,1,1,1,970.73,7598.67,0.22
M0003909,N,41,1,15955.45,0,1,2,5418.77,21714.83,1.11
M0003910,Y,46,4,134535.52,4,1,2,97504.61,69677.21,2.94
M0003911,N,23,1,34656.27,1,2,1,7199.76,21713.42,1.38
M0003912,N,38,0,9825.42,2,2,0,1095.53,8820.61,0.0
M0003913,N,28,2,25309.55,0,2,1,13453.86,15475.11,3.53
M0003914,N,79,0,11952.96,1,1,0,3876.56,12335.27,1.58
M0003915,Y,72,7,400753.71,3,2,6,229173.82,189395.8,3.95
M0003916,Y,41,7,512269.15,2,2,2,85268.76,395973.51,5.15
M0003917,Y,36,5,119078.41,5,2,4,69357.54,90179.49,3.92
M0003918,N,44,1,28035.24,0,0,0,6411.3,15905.12,2.72
M0003919,N,59,4,36398.9,0,1,1,9541.04,19413.73,0.97
M0003920,N,23,1,10932.64,0,0,0,8310.25,7943.18,0.07
M0003921,N,75,1,12825.75,0,0,0,2375.14,13223.02,0.06
M0003922,N,27,0,23701.8,0,0,0,7334.59,12478.84,2.34
M0003923,Y,76,6,291343.53,5,3,6,190488.32,164684.68,6.72
M0003924,N,71,0,1942.44,0,0,0,1126.86,1949.07,1.44
M0003925,N,48,1,11972.61,0,0,0,3225.01,10495.27,1.24
M0003926,Y,51,5,371655.14,2,3,4,96577.65,229670.13,5.33
M0003927,N,80,1,10502.73,0,1,0,5440.34,12644.8,0.0
M0003928,N,61,2,14172.91,0,0,0,2610.11,8645.01,1.13
M0003929,N,70,1,3240.75,1,2,1,2046.22,2116.62,1.47
M0003930,N,22,0,8841.35,0,0,0,1394.79,6094.03,1.08
M0003931,N,71,2,10251.54,0,0,0,852.27,12604.95,0.0
M0003932,N,75,0,35483.77,0,1,0,3399.96,30528.68,1.04
M0003933,N,79,1,12869.32,0,0,0,3739.4,9442.94,1.67
M0003934,N,60,1,10185.3,0,3,0,2511.32,12340.13,3.35
M0003935,N,37,1,8805.47,0,1,1,4315.73,5850.67,0.13
M0003936,N,61,1,14679.45,0,1,0,3505.83,20328.89,0.8
M0003937,N,56,1,15283.23,0,2,1,6204.63,11055.04,2.43
M0003938,N,47,2,16376.97,0,0,0,5397.79,8297.58,0.76
M0003939,N,49,2,9486.82,0,0,0,2685.59,5988.53,1.32
M0003940,N,21,1,19871.32,0,1,2,5354.41,27766.81,2.48
M0003941,N,61,1,10347.0,0,0,1,4203.66,7358.63,0.79
M0003942,N,45,0,14368.77,0,2,0,3255.96,8992.87,0.62
M0003943,N,66,0,6477.92,0,0,0,1732.41,6006.44,0.44
M0003944,N,30,1,6526.7,0,0,0,2164.91,4600.21,0.0
M0003945,N,29,1,11502.44,0,2,0,4948.3,10026.95,2.05
M0003946,N,21,0,6352.85,0,0,0,1125.13,10318.53,0.0
M0003947,Y,46,6,244494.03,3,1,2,37180.48,262443.48,2.77
M0003948,N,33,0,3927.67,0,0,0,2008.25,2230.87,0.1
M0003949,N,42,0,9792.42,1,0,0,8531.94,6536.18,0.51
M0003950,N,30,0,4926.74,0,0,0,1210.35,4178.15,1.18
M0003951,N,79,3,15297.64,0,0,1,14821.61,11970.32,1.98
M0003952,N,18,1,14028.32,0,2,1,2205.03,11086.3,1.04
M0003953,N,62,0,5082.55,0,1,0,6990.0,2056.7,0.54
M0003954,N,79,2,16537.54,0,1,0,1309.29,17553.68,1.4
M0003955,N,18,0,7836.64,1,0,0,2009.69,5283.27,0.89
M0003956,N,37,1,31435.01,0,0,0,20807.76,14931.86,1.2
M0003957,N,41,1,8444.15,0,0,0,2539.42,7057.1,0.31
M0003958,N,38,0,9546.4,0,0,0,808.89,13111.09,0.24
M0003959,N,22,0,5216.06,0,1,0,1234.61,3259.77,0.17
M0003960,N,37,0,3963.23,0,0,0,568.52,2818.07,0.0
M0003961,N,76,1,6801.63,0,0,0,769.55,8171.48,0.7
M0003962,N,75,2,20022.04,0,0,0,8705.24,16420.47,0.0
M0003963,N,57,1,8296.19,0,0,0,1764.88,11448.37,2.52
M0003964,N,52,2,20569.11,0,0,0,11211.18,25903.84,2.79
M0003965,N,41,0,3772.3,0,0,0,816.48,2733.4,0.0
M0003966,N,63,2,10410.27,0,0,1,4842.43,7978.71,0.5
M0003967,N,18,1,6152.81,0,0,0,1265.91,7905.63,0.18
M0003968,Y,38,4,409113.19,5,3,9,164239.22,229439.2,6.93
M0003969,N,36,2,4887.58,0,0,0,1294.49,5667.92,1.18
M0003970,N,65,1,13955.39,0,0,0,10708.03,3058.47,1.19
M0003971,N,56,1,7078.48,0,0,0,3831.56,2578.6,0.52
M0003972,N,64,2,4712.7,0,0,0,2783.47,4843.34,0.72
M0003973,N,23,3,23461.85,0,0,1,1718.44,25142.97,0.87
M0003974,N,58,2,17683.84,0,1,0,2231.74,11641.17,2.39
M0003975,N,30,1,12993.24,0,1,0,6211.3,11116.88,0.8
M0003976,N,58,1,31302.57,0,1,1,1465.44,31735.67,0.55
M0003977,N,54,0,23619.49,0,1,0,3792.17,28639.47,0.55
M0003978,N,79,0,19596.74,0,0,0,11246.51,6088.37,0.0
M0003979,N,23,1,2444.65,0,0,0,888.39,2191.32,0.35
M0003980,N,62,2,34077.89,0,2,2,2667.67,25698.91,0.0
M0003981,N,69,3,8759.99,1,0,1,2025.32,6637.0,1.64
M0003982,N,71,0,8135.66,0,0,0,3710.67,8364.19,1.22
M0003983,N,43,3,9438.32,1,2,0,1272.64,13947.87,1.32
M0003984,N,57,0,12890.78,0,3,1,2335.88,20573.23,2.41
M0003985,N,54,1,2209.76,2,1,0,1230.85,1417.42,0.73
M0003986,Y,47,5,429911.55,3,3,3,132728.44,267686.1,2.57
M0003987,N,49,0,5835.73,0,0,1,1046.47,5130.16,0.0
M0003988,N,19,2,16321.37,0,0,0,8571.69,14750.85,1.76
M0003989,N,79,0,7409.46,0,0,1,6210.39,3646.02,1.53
M0003990,N,50,0,16306.21,0,2,0,3030.0,9896.05,0.02
M0003991,N,50,1,7518.79,0,0,0,2648.74,5519.07,1.08
M0003992,N,19,0,18009.18,0,1,1,10522.49,4843.8,0.61
M0003993,N,21,1,14785.3,0,0,0,11836.69,12953.34,2.07
M0003994,N,23,0,4988.32,0,1,1,3179.13,5854.02,1.46
M0003995,N,20,0,10028.67,0,2,0,1807.06,14435.66,2.46
M0003996,N,26,2,5650.49,0,0,0,1320.99,5175.47,0.0
M0003997,N,54,0,5834.55,0,0,0,2860.61,1740.24,0.89
M0003998,N,57,2,18476.89,0,0,1,3551.63,15251.72,1.48
M0003999,N,48,3,4681.4,0,1,0,1794.0,2502.59,1.26
M0004000,N,60,1,42383.94,0,1,1,5652.03,33463.99,1.58
M0004001,N,28,0,8885.43,0,0,0,2371.85,5120.57,1.13
M0004002,N,72,1,13728.47,0,0,0,6069.3,7935.42,0.24
M0004003,N,79,1,17466.62,0,2,2,3370.4,14604.69,1.73
M0004004,N,76,0,3459.45,1,1,0,878.57,1930.04,0.6
M0004005,N,47,1,4542.93,0,0,0,2599.96,1825.47,1.09
M0004006,N,79,2,16761.9,0,2,1,7915.47,12157.54,3.72
M0004007,N,50,1,17199.9,2,0,0,5337.62,12541.67,1.09
M0004008,N,79,2,18854.29,0,0,0,3294.26,11824.96,1.01
M0004009,N,79,0,16350.34,0,0,1,2736.35,14400.18,0.33
M0004010,N,70,3,5691.82,0,1,1,3642.88,2380.8,0.84
M0004011,N,48,0,11450.65,0,0,1,3056.34,6002.6,0.65
M0004012,N,77,1,19915.73,0,0,0,3846.3,12103.92,0.87
M0004013,N,19,2,16049.99,0,1,0,3753.38,13229.98,2.88
M0004014,N,32,2,20146.6,0,2,1,917.33,15465.84,0.86
M0004015,N,69,1,12279.47,0,1,2,1198.02,10996.63,1.31
M0004016,N,45,1,18682.2,0,1,0,10456.95,13991.27,1.15
M0004017,N,65,1,10156.25,1,0,1,764.11,8646.62,0.68
M0004018,N,59,2,18284.88,0,0,1,4358.74,9965.06,1.63
M0004019,N,67,1,5148.77,0,0,1,4074.2,3641.81,1.16
M0004020,N,34,1,7871.98,0,2,0,2244.62,4598.43,2.8
M0004021,N,19,3,8253.01,0,0,0,5530.85,7365.29,1.06
M0004022,N,21,1,4785.64,0,2,0,3621.97,2700.44,0.65
M0004023,N,65,0,5652.47,0,0,0,2994.79,1685.03,0.39
M0004024,N,73,3,9458.35,0,1,1,1730.42,13063.75,2.2
M0004025,N,28,0,11068.83,0,2,0,1012.57,8691.9,1.84
M0004026,N,58,2,83516.66,0,2,0,25673.01,46470.49,3.23
M0004027,N,23,0,23857.32,1,2,2,10591.27,14014.75,1.25
M0004028,N,40,1,10996.15,0,1,0,1558.42,12976.78,1.37
M0004029,N,46,2,13104.55,0,0,0,907.06,13301.31,0.44
M0004030,N,27,0,10941.28,0,0,0,598.87,9259.97,0.36
M0004031,N,57,0,4081.28,0,2,0,312.59,3247.23,1.53
M0004032,N,41,0,11464.48,1,0,0,2439.42,16639.56,1.68
M0004033,N,58,0,6939.4,0,1,0,4200.71,5542.32,0.57
M0004034,N,63,2,3180.99,0,0,0,2701.62,1941.19,0.23
M0004035,N,36,1,7270.42,0,0,1,1970.94,4222.13,1.29
M0004036,N,65,1,9552.27,0,1,0,5097.26,8816.74,0.75
M0004037,Y,40,5,247294.56,3,1,1,99145.22,118917.47,4.74
M0004038,N,64,1,18296.8,0,0,1,3271.23,14886.59,1.44
M0004039,N,43,1,5295.53,1,0,1,1689.96,7114.02,0.6
M0004040,N,46,3,15249.86,0,0,0,7205.93,5115.78,2.92
M0004041,N,22,2,10252.23,0,0,0,1254.99,11309.41,0.53
M0004042,N,53,1,9843.63,0,0,0,1615.47,6781.48,1.01
M0004043,N,54,0,3306.25,0,0,0,544.63,2547.52,2.3
M0004044,N,50,2,23902.23,0,1,0,4583.39,21480.46,2.15
M0004045,N,29,2,11920.09,0,0,0,5839.78,7772.3,2.17
M0004046,N,31,0,3634.92,0,0,0,3065.72,1126.99,0.41
M0004047,N,70,0,17212.81,0,0,0,2552.78,11026.07,0.22
M0004048,N,33,3,16913.09,2,0,0,2222.08,27157.4,1.46
M0004049,N,77,1,15628.11,0,0,1,11566.09,7451.33,0.6
M0004050,N,67,1,30300.29,0,2,0,1711.15,29489.63,1.15
M0004051,N,80,1,16486.81,0,1,0,2732.03,18708.89,1.52
M0004052,N,77,3,37386.34,0,1,0,6637.43,25879.53,2.13
M0004053,N,57,1,8355.96,0,0,0,2217.5,4716.72,0.47
M0004054,N,66,0,4210.47,1,0,0,950.08,2969.45,0.98
M0004055,N,34,0,5295.33,0,1,0,2479.96,5342.49,1.5
M0004056,N,71,1,9645.56,0,0,0,1561.89,6084.57,1.96
M0004057,N,66,1,8296.96,0,1,0,9532.25,3537.4,1.74
M0004058,N,43,0,37495.21,0,1,0,20311.47,19391.21,1.49
M0004059,N,36,0,6532.11,0,1,1,4944.09,4675.03,0.13
M0004060,N,53,0,20211.9,0,1,0,3160.1,12923.93,1.92
M0004061,N,65,1,12870.8,0,2,1,3263.01,9039.66,1.61
M0004062,N,34,2,7131.62,0,2,0,3349.74,7583.63,0.32
M0004063,N,34,0,10986.75,0,0,0,2999.62,6469.77,0.89
M0004064,N,19,1,12191.28,0,0,0,2664.74,7407.12,0.93
M0004065,N,28,1,4029.36,0,0,1,3474.43,2521.65,2.16
M0004066,N,52,1,5077.39,0,0,1,2399.49,3137.85,1.29
M0004067,N,43,1,9887.97,0,1,0,1968.09,11418.34,0.35
M0004068,N,75,2,14426.32,0,0,0,4776.81,13151.21,1.09
M0004069,N,41,0,7252.44,0,2,0,972.72,6715.77,0.0
M0004070,N,43,0,12051.02,0,1,0,2418.0,11144.41,0.95
M0004071,N,53,0,7708.21,0,0,0,3314.18,3188.86,0.86
M0004072,N,38,1,13712.71,0,0,0,2618.0,13746.03,0.0
M0004073,N,26,2,24198.05,0,0,1,3918.35,29032.53,2.45
M0004074,N,30,2,21605.74,0,2,1,10290.14,7304.31,1.45
M0004075,N,64,1,1916.83,0,0,0,910.88,1579.4,0.0
M0004076,N,53,1,5309.32,0,1,1,1545.01,7805.63,0.66
M0004077,N,22,0,15917.52,0,0,0,1655.54,11916.69,0.05
M0004078,N,51,1,11651.8,0,1,3,4383.96,6618.62,0.66
M0004079,N,32,2,14214.09,0,2,0,6887.28,9438.34,1.39
M0004080,N,44,0,11046.49,0,0,0,1782.87,8713.31,1.22
M0004081,N,36,2,48719.04,1,2,0,32311.44,15527.02,2.64
M0004082,N,43,0,5347.81,0,1,0,1187.62,7320.9,0.0
M0004083,N,60,1,22412.84,0,0,0,2233.16,17955.38,1.4
M0004084,N,26,2,9002.97,0,4,0,10570.45,4745.34,0.4
M0004085,N,45,0,10202.03,0,0,3,7363.44,10726.99,1.83
M0004086,N,76,1,7491.95,0,0,0,2678.95,6625.84,0.0
M0004087,N,79,1,9056.85,0,0,2,4089.49,10142.54,0.08
M0004088,N,30,0,4875.83,1,1,0,2404.72,4133.42,0.68
M0004089,N,56,1,18826.84,0,1,0,26417.56,5260.05,0.65
M0004090,N,37,1,7120.02,0,0,0,4258.71,7747.36,1.15
M0004091,N,79,1,8062.37,0,0,0,2359.86,3999.89,0.0
M0004092,N,76,1,9250.77,1,2,0,5999.32,9255.17,1.47
M0004093,N,20,1,13267.81,0,0,0,7073.14,4609.5,0.0
M0004094,N,55,3,20724.77,1,2,1,5108.96,17365.11,2.91
M0004095,N,77,0,15759.29,0,1,0,1790.95,13696.12,1.99
M0004096,Y,45,4,183977.33,4,5,5,52594.32,142096.46,7.7
M0004097,N,60,1,9382.95,1,0,1,7608.5,5623.04,0.92
M0004098,N,67,2,17990.39,0,0,2,1387.39,15592.44,0.91
M0004099,N,73,1,7172.19,0,0,0,4210.97,8271.59,0.67
M0004100,N,80,2,24294.25,0,1,0,9404.31,26598.14,2.78
M0004101,N,66,0,13071.87,1,2,1,5635.4,7995.98,0.73
M0004102,N,50,2,15688.14,0,0,0,2625.44,12728.91,1.34
M0004103,N,62,2,18951.74,1,1,1,7292.84,9906.38,0.28
M0004104,N,71,1,6159.28,0,0,0,1473.76,5006.52,0.0
M0004105,N,56,3,3190.05,0,0,1,1809.97,3265.09,0.48
M0004106,Y,83,5,117078.92,3,6,1,61852.31,102754.42,3.12
M0004107,N,20,2,8202.7,0,2,0,1741.16,11850.19,2.3
M0004108,N,68,0,9282.48,1,0,0,2896.58,6909.2,1.46
M0004109,N,49,0,10024.69,0,0,0,4224.63,4343.35,1.92
M0004110,N,66,0,4752.11,0,0,0,3053.44,2742.54,0.73
M0004111,N,66,0,14355.39,0,0,0,696.94,18660.96,1.25
M0004112,N,25,1,17858.28,0,0,1,10881.7,11572.12,1.59
M0004113,Y,70,5,222496.32,3,1,6,54725.56,142018.68,4.91
M0004114,N,27,1,4926.53,0,0,0,1555.77,4921.48,1.12
M0004115,N,22,1,12863.24,0,0,0,3853.08,7100.18,0.57
M0004116,N,74,0,7793.55,0,1,0,3420.26,4205.29,0.0
M0004117,N,42,3,10889.57,0,0,1,8880.29,7802.34,0.85
M0004118,N,67,0,15896.64,0,0,0,2381.4,13912.76,0.49
M0004119,N,19,2,24822.64,1,0,0,5705.81,20142.76,2.85
M0004120,N,19,0,21645.43,0,0,0,11438.12,6572.84,0.17
M0004121,N,73,0,12478.63,1,2,0,4430.38,5711.1,0.77
M0004122,N,25,2,18819.48,1,1,0,8261.61,6444.0,1.95
M0004123,N,59,1,2864.1,0,1,0,932.32,1523.81,0.45
M0004124,N,57,1,9589.92,0,0,0,1499.3,10076.7,0.0
M0004125,N,55,0,18683.57,0,0,0,1656.66,22596.06,0.42
M0004126,N,71,0,4147.14,0,0,0,1280.11,1966.7,0.87
M0004127,N,73,0,10420.9,1,0,0,3748.48,6612.81,1.66
M0004128,N,18,0,13323.05,0,0,0,2829.15,10354.46,0.98
M0004129,N,40,3,13328.23,0,2,1,2670.89,14096.81,0.59
M0004130,N,65,0,6751.57,0,1,0,3305.18,8521.71,0.45
M0004131,N,64,1,30436.33,1,1,1,2732.55,21101.82,1.48
M0004132,N,28,0,9486.63,0,0,0,6987.35,6648.86,2.16
M0004133,N,47,1,4536.04,0,1,0,2187.48,5772.84,1.97
M0004134,N,56,0,5217.61,0,0,1,719.99,4344.57,0.0
M0004135,N,52,3,7909.29,0,0,0,954.02,11420.34,0.83
M0004136,N,62,1,11005.82,0,1,0,3947.26,11105.27,2.91
M0004137,N,31,0,12651.78,0,0,0,2645.21,9538.62,1.16
M0004138,N,36,1,15927.51,0,0,1,2435.35,10880.15,0.1
M0004139,N,71,1,24834.58,0,1,2,4244.16,19285.21,0.55
M0004140,N,18,1,7405.39,0,0,0,1790.69,11317.84,1.12
M0004141,N,57,0,3659.64,0,0,0,1880.59,3398.3,1.63
M0004142,N,61,0,11344.39,0,0,0,1464.36,13132.29,0.14
M0004143,N,39,0,3349.07,1,0,0,744.65,2966.96,0.46
M0004144,N,21,0,14947.38,0,0,1,1483.81,17863.74,0.86
M0004145,N,39,3,15589.27,0,0,0,3463.86,9378.55,0.63
M0004146,N,43,2,10596.63,1,1,0,6018.9,6602.56,1.41
M0004147,N,33,2,2056.48,0,0,1,544.87,2282.92,0.0
M0004148,N,73,1,13256.49,0,0,1,4049.24,13096.67,0.87
M0004149,N,32,1,4388.25,0,0,0,3382.48,813.72,0.33
M0004150,N,76,3,11072.87,0,1,0,2875.48,6878.68,1.59
M0004151,N,45,3,3165.96,0,0,0,1721.4,3531.22,1.38
M0004152,N,22,1,17939.24,0,1,0,7204.26,7210.47,0.3
M0004153,N,38,2,13969.78,0,1,0,1157.61,10447.28,1.48
M0004154,N,80,0,14967.34,0,0,0,2287.23,9991.65,0.74
M0004155,N,43,1,12138.45,1,1,0,1640.43,8202.69,0.63
M0004156,N,44,1,10052.19,0,3,0,4794.48,4936.1,1.62
M0004157,N,22,1,19283.64,1,0,0,3748.37,13543.7,1.92
M0004158,N,40,1,20362.13,1,0,0,6526.71,17203.92,0.03
M0004159,N,70,0,14171.82,0,0,0,4194.59,18052.24,0.0
M0004160,N,61,0,9321.69,0,1,0,3314.34,7173.57,0.21
M0004161,N,33,3,10792.6,1,0,1,5770.9,9388.95,2.59
M0004162,N,65,1,8126.26,0,1,0,5059.19,6479.68,1.87
M0004163,N,18,2,6265.42,0,1,0,1855.28,3493.44,1.32
M0004164,N,30,0,3180.15,0,1,0,2283.33,2093.54,0.0
M0004165,N,68,1,11289.34,0,1,1,7704.21,6059.8,1.53
M0004166,N,49,1,7222.75,0,1,1,1502.23,4879.45,1.69
M0004167,N,24,0,17576.3,0,1,0,6661.75,16507.57,1.31
M0004168,N,45,2,18574.41,1,1,0,2281.24,15055.13,1.84
M0004169,N,52,0,4744.14,1,0,0,1259.77,2722.25,0.44
M0004170,N,73,1,11436.08,0,0,0,3160.37,7398.73,2.22
M0004171,N,71,1,5602.32,0,2,1,2477.44,4124.96,1.14
M0004172,N,60,0,23438.59,0,0,0,2532.83,25734.05,1.76
M0004173,N,69,1,6233.4,0,4,0,1385.5,7383.57,1.17
M0004174,N,59,0,5485.46,1,0,0,3313.61,2859.33,0.0
M0004175,N,31,1,12284.59,0,1,0,1383.77,16444.76,1.55
M0004176,N,65,1,9236.81,1,1,1,3210.46,8965.12,1.65
M0004177,N,59,1,16698.31,1,1,0,10448.5,8998.62,1.28
M0004178,N,29,0,27614.45,0,1,0,13835.16,28056.35,3.22
M0004179,N,47,2,4030.52,0,0,0,949.91,5411.98,1.29
M0004180,N,36,1,11401.04,1,1,1,10976.13,7213.12,2.03
M0004181,N,41,3,5863.65,0,0,0,551.8,5192.44,0.02
M0004182,N,52,0,4512.06,0,0,0,977.31,5996.09,0.47
M0004183,Y,70,4,163442.04,5,4,2,57832.01,89540.58,5.03
M0004184,N,52,0,3459.64,1,0,0,1601.86,4509.17,0.33
M0004185,N,36,1,11742.89,0,0,0,3836.96,8869.43,1.74
M0004186,N,61,0,5228.69,0,2,0,3693.42,3972.63,1.48
M0004187,N,45,0,6277.55,1,0,1,3464.36,5204.01,0.0
M0004188,N,78,3,5583.17,0,0,1,969.76,8065.01,1.85
M0004189,N,66,1,3301.53,0,2,0,525.52,2908.66,1.18
M0004190,N,59,1,6999.68,0,1,1,4633.71,5955.31,1.55
M0004191,N,20,0,9713.61,0,3,0,4376.68,7157.26,0.32
M0004192,N,78,0,5906.69,0,0,1,2237.09,4939.79,1.57
M0004193,N,36,1,10290.83,1,0,0,3716.34,12487.47,1.13
M0004194,N,42,1,11535.58,0,0,0,4307.7,7037.4,2.26
M0004195,N,77,1,9745.64,0,2,1,887.8,11361.31,1.46
M0004196,N,35,0,11947.37,0,0,0,7098.56,8703.71,1.44
M0004197,N,76,2,17150.57,0,2,0,4981.07,10241.96,1.78
M0004198,N,41,0,7297.91,0,1,0,664.11,7920.86,1.27
M0004199,N,51,3,18823.68,0,1,1,1021.74,14742.8,1.1
M0004200,N,22,1,56530.96,0,3,0,13566.81,44379.36,2.41
M0004201,N,52,1,7799.75,0,1,1,3434.2,10425.18,0.09
M0004202,Y,43,4,231792.58,3,5,3,54834.8,185161.18,2.25
M0004203,N,63,0,19027.48,0,0,2,2524.68,12688.94,0.0
M0004204,N,60,0,6673.38,0,0,0,1310.94,8223.8,2.29
M0004205,N,39,0,22186.12,0,0,0,14873.13,5025.19,1.13
M0004206,N,43,1,18713.11,0,2,1,7947.6,18605.58,0.51
M0004207,N,61,0,8745.05,1,1,1,7610.96,4521.76,1.65
M0004208,N,75,0,17165.84,0,1,0,635.65,16399.53,0.86
M0004209,N,41,1,26734.99,1,0,0,6788.92,15980.33,2.19
M0004210,N,53,1,6008.34,0,0,0,743.42,5797.32,0.53
M0004211,N,60,1,5547.77,0,2,0,3060.62,6740.74,1.17
M0004212,N,54,2,5738.32,0,1,0,2223.71,3065.05,0.56
M0004213,N,33,0,3303.7,0,0,1,804.71,3311.82,0.99
M0004214,N,50,1,32246.07,1,0,0,2788.4,24234.03,2.37
M0004215,N,42,0,26644.14,0,0,0,2568.64,22259.59,1.76
M0004216,N,72,0,6260.01,0,1,0,2491.37,8493.27,1.07
M0004217,N,76,0,12079.79,1,0,0,2448.32,13937.83,1.39
M0004218,N,48,1,6824.38,0,0,0,3600.9,3231.72,0.17
M0004219,N,62,1,12409.71,0,1,0,7166.3,6894.25,1.58
M0004220,N,51,0,13523.15,0,0,0,1697.6,14123.69,0.95
M0004221,N,55,1,6004.93,0,2,0,1143.8,5861.14,0.56
M0004222,N,48,2,10564.31,0,1,0,4438.77,7644.64,0.93
M0004223,N,76,0,3569.1,0,0,0,845.81,2885.3,0.47
M0004224,N,67,0,14558.33,0,1,0,9946.42,3081.01,1.56
M0004225,N,26,0,5710.98,0,1,1,3307.0,3470.48,1.16
M0004226,N,58,0,3934.73,1,1,1,851.66,5871.34,0.45
M0004227,N,28,2,9932.12,1,1,0,3419.59,7569.95,1.63
M0004228,N,37,0,15487.39,0,0,0,1832.34,11676.1,1.65
M0004229,N,44,1,7795.45,1,0,0,2049.62,5707.11,1.26
M0004230,N,23,1,7720.94,0,1,0,509.37,6529.27,0.65
M0004231,N,25,1,7140.83,0,1,0,1972.63,4396.36,0.64
M0004232,N,29,2,6432.19,0,0,0,3206.24,6120.67,1.61
M0004233,Y,68,4,147221.26,1,1,1,26363.21,121543.59,5.53
M0004234,N,54,0,3035.14,0,0,0,319.38,3050.85,0.07
M0004235,N,50,3,14706.88,0,0,1,1886.41,10984.43,0.72
M0004236,N,56,0,4711.34,0,2,0,902.04,4929.36,0.53
M0004237,N,46,3,13816.93,0,0,0,5113.35,10736.02,1.03
M0004238,N,48,0,3987.98,0,0,0,1774.92,5386.88,1.75
M0004239,N,64,1,9020.56,0,1,1,2186.42,7496.91,2.41
M0004240,N,60,0,31040.03,0,2,0,6120.56,19934.04,0.34
M0004241,N,76,1,23114.34,0,1,0,14432.89,8555.03,3.18
M0004242,N,36,0,5648.98,0,2,0,1112.43,7272.13,0.51
M0004243,N,66,2,8996.08,0,1,0,4428.02,4654.59,2.41
M0004244,N,28,0,4574.42,0,2,0,2198.71,1800.78,1.58
M0004245,N,21,1,5191.35,0,2,1,2211.33,6258.97,1.54
M0004246,N,31,3,30062.2,0,2,0,5021.09,27559.21,1.22
M0004247,N,49,2,12441.92,0,3,0,1593.61,14798.51,1.42
M0004248,N,25,2,8314.18,0,1,1,926.87,7385.52,1.32
M0004249,N,38,0,18979.46,0,1,2,1134.04,13792.09,1.13
M0004250,N,26,0,4937.04,1,1,0,825.2,3280.05,0.28
M0004251,N,50,1,7128.42,0,0,0,1872.26,4898.81,1.11
M0004252,N,60,1,7285.55,0,2,0,1424.98,4604.44,1.59
M0004253,N,56,0,21300.75,0,0,0,3910.21,14781.5,0.71
M0004254,N,56,1,8016.63,1,1,0,2797.8,8605.99,0.12
M0004255,N,47,1,4359.65,1,0,0,2739.85,4300.86,0.33
M0004256,N,71,1,45622.15,0,2,0,2933.59,37084.4,1.26
M0004257,N,52,0,8556.69,0,0,0,5161.03,5623.89,0.91
M0004258,N,62,1,9275.4,1,1,0,4117.42,6519.51,1.89
M0004259,N,80,0,5671.16,0,0,0,504.54,4962.52,1.11
M0004260,N,30,0,14341.1,0,1,0,3943.55,8440.02,1.92
M0004261,N,34,0,9573.98,0,0,0,4010.37,5094.43,0.8
M0004262,N,45,2,13337.9,0,0,0,7413.22,4871.0,1.2
M0004263,N,51,3,14246.5,0,0,1,1378.95,14423.46,1.98
M0004264,N,61,0,7244.32,0,0,0,2767.85,3002.35,0.63
M0004265,N,79,0,5663.48,0,0,0,1504.41,4539.52,1.43
M0004266,N,47,1,27634.01,0,2,1,9412.79,15851.56,1.77
M0004267,N,68,2,17246.0,1,2,1,8123.73,9005.16,1.94
M0004268,N,69,0,8437.42,0,1,0,1416.77,6169.72,0.0
M0004269,N,60,1,13698.91,0,1,0,7990.47,14257.88,1.03
M0004270,N,23,1,13161.57,0,2,2,3018.87,9411.27,0.48
M0004271,N,55,0,6689.29,0,1,0,892.41,6778.05,1.39
M0004272,N,26,1,6446.1,0,0,0,1133.55,6539.92,0.82
M0004273,N,43,1,39197.28,1,0,0,4299.07,32444.67,0.23
M0004274,N,73,0,7747.38,0,0,1,2686.94,4568.16,0.24
M0004275,N,28,2,43928.87,0,1,0,2851.04,31927.13,1.4
M0004276,N,53,1,2362.58,0,0,0,342.35,2312.54,1.36
M0004277,N,75,1,16995.98,1,0,0,4185.63,10544.57,1.09
M0004278,N,63,1,4710.46,0,0,2,1201.08,3739.87,1.0
M0004279,N,72,1,24123.28,1,0,0,16844.88,5051.38,1.55
M0004280,N,63,1,6312.56,0,1,1,6600.67,4391.26,0.59
M0004281,N,27,1,18635.25,0,1,0,10051.39,10291.85,2.2
M0004282,N,21,2,10667.97,1,1,0,2714.59,9972.71,1.13
M0004283,N,21,0,3599.33,0,0,0,3498.48,2187.25,2.02
M0004284,N,66,0,7617.44,0,0,0,545.94,10773.21,1.2
M0004285,N,75,0,8521.99,0,0,0,3073.52,6398.2,0.0
M0004286,N,21,0,2477.86,0,0,0,1918.21,1730.07,0.59
M0004287,N,50,0,13732.56,0,0,0,7537.69,7743.72,1.43
M0004288,N,52,0,6359.19,0,0,0,1381.76,4141.9,0.0
M0004289,N,28,1,6010.62,0,0,0,4887.97,5408.13,0.46
M0004290,N,48,2,15222.98,2,0,1,1989.23,10824.18,0.77
M0004291,N,58,1,9433.69,0,3,1,3113.62,8123.29,1.44
M0004292,N,21,1,23453.58,0,0,0,2955.94,17332.59,1.98
M0004293,N,53,1,30582.17,0,1,1,10138.5,16943.42,1.01
M0004294,N,53,0,8006.36,1,0,1,3703.8,2811.33,1.3
M0004295,N,54,1,8346.84,0,0,0,5715.85,4967.0,1.22
M0004296,N,60,2,9136.41,0,0,2,3989.46,9620.02,1.58
M0004297,N,68,2,6066.29,0,0,0,853.36,5375.22,0.85
M0004298,N,18,0,12493.04,0,0,0,1383.21,8466.09,1.28
M0004299,Y,44,7,89339.41,2,3,3,43419.27,73683.42,3.66
M0004300,N,22,0,8635.52,1,1,2,3196.26,7260.38,0.35
M0004301,N,61,2,6778.49,0,2,1,2640.75,2781.14,0.16
M0004302,N,26,2,26716.4,0,0,0,3279.81,25853.19,0.57
M0004303,N,54,2,2064.94,0,0,0,790.13,1799.79,0.94
M0004304,N,49,3,13663.99,0,1,1,9010.36,12843.96,0.55
M0004305,N,33,0,4625.42,1,1,2,1496.93,5058.96,2.22
M0004306,N,69,1,13559.7,1,2,1,2658.55,8870.49,1.42
M0004307,N,79,1,7137.29,0,1,0,292.46,8777.87,0.35
M0004308,N,64,0,14418.63,0,0,0,4576.99,13056.81,0.18
M0004309,N,45,4,37838.92,0,1,0,19999.0,15256.99,1.54
M0004310,N,77,2,7964.54,0,1,0,1631.77,7032.34,3.07
M0004311,N,42,0,5603.71,1,0,0,4990.07,2083.31,0.0
M0004312,N,72,2,12305.74,0,0,1,2259.9,10217.89,2.48
M0004313,N,52,2,12827.78,0,0,0,5367.23,7169.88,1.23
M0004314,N,71,2,48091.31,1,2,1,15124.48,44764.94,1.72
M0004315,N,75,2,11323.11,1,2,0,1664.39,16345.8,2.49
M0004316,N,36,2,5639.56,0,0,0,739.92,7853.39,0.0
M0004317,N,23,0,7949.47,0,1,0,2171.87,11573.24,1.81
M0004318,N,45,0,11164.71,0,1,0,7281.6,9227.61,1.96
M0004319,N,43,0,10494.77,0,1,0,1466.74,15766.64,1.43
M0004320,N,60,0,25104.52,0,0,2,6662.28,15633.65,0.37
M0004321,N,63,0,7795.85,1,0,0,770.77,10654.75,1.93
M0004322,N,79,1,23595.61,1,1,0,14049.05,11787.55,2.62
M0004323,N,64,0,3626.19,0,0,0,1477.76,1907.97,1.02
M0004324,N,44,1,9574.98,0,1,0,581.55,7026.01,0.81
M0004325,N,63,1,28452.83,0,1,0,5106.14,29333.1,1.25
M0004326,N,53,1,29841.55,1,0,0,4910.89,18841.54,0.0
M0004327,N,33,0,11171.12,0,1,0,4214.47,5583.68,0.53
M0004328,N,34,0,16749.24,0,0,1,3194.52,13766.58,0.47
M0004329,N,22,3,36957.26,2,0,0,1109.73,28592.06,1.51
M0004330,N,21,0,3907.74,0,2,1,2610.11,2212.05,0.14
M0004331,Y,76,5,158281.87,3,5,5,83650.66,130999.03,5.49
M0004332,N,46,2,24776.68,0,1,1,4037.28,16854.56,1.78
M0004333,N,57,2,8108.88,0,1,0,8490.66,5958.47,1.21
M0004334,N,44,0,6590.77,0,0,0,908.98,8550.58,0.69
M0004335,N,47,2,9948.85,0,1,1,2176.87,7441.41,2.03
M0004336,N,26,2,23449.31,0,0,2,5911.02,13287.02,2.69
M0004337,N,49,2,14949.67,0,1,0,6682.87,16114.66,2.42
M0004338,N,21,2,12050.87,0,1,1,2194.01,8353.19,1.92
M0004339,N,65,1,9534.07,0,1,0,1263.58,7424.26,0.0
M0004340,N,37,1,14736.34,0,0,0,1638.08,10652.65,1.4
M0004341,N,73,1,14989.92,0,1,1,3143.86,12002.76,2.0
M0004342,N,52,3,7375.78,0,1,0,8091.05,4096.78,1.53
M0004343,N,63,0,3630.83,0,0,0,2515.59,3512.01,0.22
M0004344,N,48,0,7768.97,0,0,1,1258.48,5271.89,0.29
M0004345,N,39,0,7214.83,0,1,0,1210.16,5538.9,0.72
M0004346,N,78,0,10677.49,1,1,0,603.69,9273.31,0.98
M0004347,N,44,1,7079.45,1,1,0,2139.57,3932.51,3.77
M0004348,N,63,1,6047.0,1,0,0,2828.62,2303.99,1.13
M0004349,N,29,2,26535.07,0,2,0,5486.93,23349.77,0.82
M0004350,N,52,1,23251.27,0,1,0,6614.12,19361.62,1.69
M0004351,N,23,0,16370.45,0,0,0,2756.12,13468.69,1.17
M0004352,N,54,2,7964.92,1,0,0,2224.0,7074.37,1.7
M0004353,N,52,1,16428.48,1,3,0,956.34,22462.49,0.1
M0004354,N,41,2,14347.68,1,0,1,2996.8,18885.25,0.06
M0004355,N,21,1,5986.81,0,0,0,4193.23,4190.5,0.0
M0004356,N,77,0,22082.54,0,0,1,4446.06,16977.04,0.8
M0004357,N,24,0,7337.14,1,0,1,773.97,7013.65,0.34
M0004358,N,22,1,6522.33,0,0,0,1211.98,6748.05,1.22
M0004359,N,34,0,9973.96,0,1,0,9994.24,5415.81,0.0
M0004360,N,59,1,8159.12,0,1,0,1865.28,7432.57,0.75
M0004361,N,60,1,9104.23,0,1,0,2134.07,6948.94,1.54
M0004362,N,65,1,5061.64,0,0,0,2009.57,3567.3,2.03
M0004363,N,44,1,7528.13,0,0,1,2355.51,9898.13,0.0
M0004364,N,56,1,15106.39,2,0,0,8874.11,12963.67,1.73
M0004365,N,70,0,16628.81,1,0,1,4813.39,9923.52,1.27
M0004366,N,66,2,15443.91,1,1,0,2944.5,9555.17,1.15
M0004367,N,19,1,17374.39,1,0,3,6861.04,13738.19,1.54
M0004368,N,52,0,6346.48,0,1,0,1318.03,3819.95,2.09
M0004369,N,80,0,15665.74,0,0,1,6757.46,10823.31,1.59
M0004370,N,70,0,7700.18,1,3,0,2281.68,6289.52,1.37
M0004371,N,21,0,4050.34,0,0,0,184.1,3695.46,0.0
M0004372,N,39,1,4908.71,0,0,0,759.6,3416.38,0.97
M0004373,N,37,2,11492.22,0,0,0,2249.56,13040.84,0.6
M0004374,N,33,1,11371.47,1,0,1,5251.77,3776.97,1.16
M0004375,N,27,3,9961.23,0,0,0,4600.74,9312.02,1.13
M0004376,N,39,2,20247.13,0,3,1,4951.04,16668.36,1.12
M0004377,N,58,0,4635.06,0,0,0,1726.07,2336.71,2.05
M0004378,N,24,2,14792.37,0,1,0,2071.99,11642.38,0.59
M0004379,N,45,0,9071.27,0,0,0,8302.15,3407.63,0.0
M0004380,N,18,0,6912.44,0,0,0,3195.48,2740.38,1.09
M0004381,Y,59,6,124419.91,3,3,4,57658.78,90204.95,3.52
M0004382,N,46,0,16058.83,1,0,0,7684.01,6097.66,1.31
M0004383,N,56,2,6247.76,0,0,0,2552.96,8374.85,2.57
M0004384,N,39,0,4822.82,0,0,0,1835.78,2827.69,0.0
M0004385,N,26,0,12322.01,0,0,1,4031.85,7544.36,0.98
M0004386,N,51,1,15172.56,0,0,0,6413.06,9835.12,0.68
M0004387,N,48,0,4964.41,0,1,0,2387.17,2526.19,0.28
M0004388,Y,80,5,164015.15,1,2,5,60818.4,116586.03,4.31
M0004389,N,49,0,12136.45,1,0,1,1529.53,8748.82,1.22
M0004390,N,74,2,9084.18,0,0,1,5360.21,6399.89,1.43
M0004391,N,37,1,7349.89,1,0,0,959.94,6060.91,0.0
M0004392,N,23,1,12439.24,0,0,0,4136.81,6277.71,2.78
M0004393,N,26,0,7641.75,0,0,0,2348.17,3956.74,2.22
M0004394,N,54,3,8797.07,0,2,0,2551.32,11002.28,0.0
M0004395,N,65,2,7089.16,0,1,0,6311.41,2185.57,1.54
M0004396,N,66,1,9226.93,0,2,0,7159.3,9533.86,0.82
M0004397,N,33,1,13166.06,0,0,1,3222.59,8196.52,0.04
M0004398,N,79,0,6241.75,0,0,0,867.52,4213.46,1.28
M0004399,N,22,0,5683.08,0,1,1,2081.47,2514.38,0.0
M0004400,N,47,2,60520.82,0,2,0,11616.82,60804.66,2.15
M0004401,N,72,2,14870.51,0,0,1,6894.95,5554.88,0.52
M0004402,N,59,1,3801.76,0,0,0,1324.7,5250.76,1.39
M0004403,N,50,2,6418.45,0,0,1,2777.58,4343.09,0.94
M0004404,N,72,1,9372.51,0,0,2,3002.98,6740.92,0.0
M0004405,N,43,1,9344.95,0,0,1,2176.56,14590.77,0.93
M0004406,N,72,1,10623.02,0,0,0,1420.11,10708.39,0.66
M0004407,N,48,1,4196.95,0,0,2,1299.89,2667.05,0.38
M0004408,N,48,4,14340.1,1,1,1,2162.67,15996.71,1.18
M0004409,N,32,0,7500.43,0,0,0,5355.18,4827.94,2.24
M0004410,N,26,1,4107.99,0,0,0,994.24,4279.45,0.0
M0004411,N,25,1,26012.35,0,2,0,4006.97,31850.12,2.42
M0004412,N,30,0,20435.92,0,2,0,13956.4,17531.68,0.61
M0004413,N,71,0,4748.11,0,1,0,2514.22,5063.11,0.47
M0004414,N,30,0,5828.48,0,0,2,1201.41,6260.37,1.5
M0004415,N,46,2,20359.96,0,2,0,3900.36,12778.4,0.9
M0004416,N,31,0,14203.63,0,0,0,2015.57,9372.52,0.95
M0004417,N,23,1,9677.58,1,0,0,2694.1,7981.59,1.25
M0004418,N,76,3,16838.14,0,0,1,2841.84,21037.08,0.22
M0004419,N,72,2,2801.18,0,0,0,512.61,2917.14,2.6
M0004420,N,61,0,3926.84,0,0,1,1044.96,5134.66,2.14
M0004421,N,34,0,16752.37,0,0,0,2936.39,10276.65,1.76
M0004422,N,65,1,13326.2,0,0,1,3590.08,6975.5,0.0
M0004423,N,44,0,13837.7,0,1,1,3178.24,16800.99,1.39
M0004424,N,24,2,3486.19,0,0,1,2594.32,3407.16,1.56
M0004425,N,41,2,14155.27,0,1,1,9291.98,5610.65,0.0
M0004426,N,70,0,18251.66,0,0,0,3671.88,16026.28,0.83
M0004427,N,70,1,16012.98,0,1,1,3626.44,15847.54,1.46
M0004428,N,72,0,5344.53,1,0,0,548.08,4614.0,0.31
M0004429,N,54,1,5556.36,0,0,0,3498.5,3312.91,0.24
M0004430,N,74,2,8701.93,0,0,0,4088.67,4877.68,0.97
M0004431,N,39,1,4810.82,0,0,1,681.28,4923.19,1.05
M0004432,N,46,1,10326.8,0,0,0,9939.79,5216.33,0.0
M0004433,N,69,2,11958.45,0,0,0,1786.27,12091.74,1.59
M0004434,N,41,2,22301.28,0,1,0,24006.45,8140.86,2.62
M0004435,N,75,1,10410.45,0,0,1,1958.1,8104.39,0.52
M0004436,N,36,0,12730.35,1,0,0,2491.79,15454.77,1.17
M0004437,N,59,3,23068.0,0,3,0,2954.27,15248.47,1.63
M0004438,N,18,0,5612.22,0,1,1,2468.03,5584.93,0.0
M0004439,Y,57,2,159011.64,1,3,5,61906.56,125096.14,3.7
M0004440,N,69,1,20434.74,0,1,0,9462.16,7201.48,0.0
M0004441,N,56,0,9263.76,0,0,1,583.62,6923.99,2.1
M0004442,N,73,1,10849.56,0,1,1,3075.69,8537.77,1.25
M0004443,N,68,1,27268.89,1,1,0,25395.36,10748.63,1.65
M0004444,N,21,0,40936.39,0,0,0,28429.63,7935.52,1.5
M0004445,N,59,2,18903.9,0,0,1,1535.51,15435.0,1.36
M0004446,N,75,2,4601.85,0,0,0,2406.16,5476.85,1.75
M0004447,N,29,2,5100.39,1,0,0,696.15,3908.78,0.44
M0004448,Y,81,6,260593.71,1,1,5,121291.98,169136.93,7.33
M0004449,N,69,0,3156.12,2,1,0,838.9,3413.77,0.95
M0004450,N,47,0,12557.63,0,0,0,3577.62,7901.23,0.51
M0004451,N,71,0,3349.36,0,1,0,1802.48,2681.77,0.15
M0004452,N,69,1,24329.76,0,1,1,2880.81,19727.22,1.56
M0004453,N,72,1,17247.0,0,2,1,3763.03,21307.51,1.62
M0004454,N,68,1,10631.24,1,2,0,2134.31,13485.95,2.2
M0004455,N,77,0,10024.05,0,2,1,2289.68,6893.51,1.63
M0004456,N,80,1,7536.94,0,0,0,2338.4,9563.78,0.0
M0004457,N,59,0,8333.07,2,1,0,2304.7,5101.57,1.93
M0004458,N,56,3,24361.01,0,1,1,7719.15,20800.68,2.6
M0004459,N,18,0,10301.92,1,0,0,1466.03,10652.37,1.61
M0004460,N,65,0,3879.16,0,0,0,1632.68,2723.67,1.71
M0004461,N,39,1,10389.07,0,0,0,7998.78,9974.21,2.2
M0004462,N,72,1,7531.37,0,2,0,1811.49,7149.71,0.91
M0004463,N,22,0,2990.27,0,2,0,827.35,2398.81,0.46
M0004464,N,43,2,7855.88,1,0,0,1281.68,10344.22,0.43
M0004465,N,47,1,2518.62,0,0,0,947.89,3533.57,0.52
M0004466,N,59,0,12357.23,1,1,0,9382.36,4474.95,0.56
M0004467,N,76,0,5802.19,1,2,1,2145.59,2918.82,1.12
M0004468,N,54,1,6159.31,0,1,0,2107.65,3576.72,1.06
M0004469,N,80,1,12116.82,0,0,0,5397.83,6329.35,0.53
M0004470,N,49,0,7212.18,1,0,0,2288.2,3519.39,0.0
M0004471,N,60,3,5778.01,0,0,0,531.95,5478.28,0.43
M0004472,N,70,1,7245.19,0,1,0,2502.73,3862.01,1.35
M0004473,N,25,2,30367.89,0,1,2,3421.19,35127.77,2.56
M0004474,N,58,4,11895.96,0,0,0,2623.07,7460.07,0.18
M0004475,N,70,1,15509.65,1,1,0,2281.5,12375.52,0.78
M0004476,N,38,0,21317.64,0,1,0,5527.12,23633.14,1.85
M0004477,N,22,1,38878.47,0,0,1,1917.03,31164.01,2.47
M0004478,N,60,0,23084.4,1,0,0,6479.4,29820.98,2.18
M0004479,N,42,0,7580.32,0,0,1,3768.44,3941.44,1.23
M0004480,N,56,3,9799.86,1,0,0,10490.96,5990.22,0.52
M0004481,Y,49,3,313337.93,3,1,3,80736.76,191517.95,5.09
M0004482,N,62,0,8882.36,0,1,1,2464.94,4790.38,1.62
M0004483,N,61,1,5982.78,0,2,0,2252.3,8434.55,0.76
M0004484,N,53,0,2202.6,0,0,0,2065.44,1396.82,0.56
M0004485,N,65,0,28433.76,1,0,0,2156.92,20092.56,1.92
M0004486,N,75,2,3946.06,0,0,0,716.12,3108.38,1.49
M0004487,N,19,0,5673.32,0,2,1,2961.19,1825.15,1.05
M0004488,N,28,3,12052.74,0,2,1,3389.73,6717.98,2.62
M0004489,N,35,1,4372.74,0,0,0,1294.38,6482.71,0.19
M0004490,N,79,2,5051.24,0,0,0,4180.39,3438.07,0.83
M0004491,N,31,0,6118.45,0,1,1,2622.58,6898.81,1.92
M0004492,N,54,1,17848.97,0,0,1,5688.35,14647.05,1.26
M0004493,N,71,0,14643.5,0,0,0,2658.6,14139.49,1.48
M0004494,N,31,0,10403.57,0,0,1,3829.84,4745.32,1.71
M0004495,N,41,1,7046.39,0,0,0,1283.42,7098.15,1.36
M0004496,N,38,0,5988.2,0,1,0,1217.6,6268.27,0.35
M0004497,N,18,3,9111.98,0,0,0,1365.43,9720.75,2.27
M0004498,N,48,0,43246.54,0,1,0,5599.61,28733.33,0.97
M0004499,N,21,0,11213.09,1,1,0,6423.01,4699.25,0.47
M0004500,N,58,0,2344.96,0,1,0,1025.0,2882.22,0.21
M0004501,N,33,2,19765.41,1,0,0,4910.57,11968.73,0.96
M0004502,N,21,0,6714.11,0,2,0,518.12,4860.5,0.98
M0004503,N,67,2,16988.5,0,1,0,7678.55,9828.45,1.52
M0004504,N,72,2,4000.77,0,0,0,1326.86,5735.74,0.39
M0004505,N,76,1,32763.43,1,0,2,2370.43,26189.08,0.71
M0004506,N,77,1,16729.23,0,0,2,6316.25,13111.14,2.43
M0004507,N,40,2,24969.64,0,1,0,3285.85,19356.51,2.43
M0004508,N,21,0,11930.55,2,1,0,1807.08,10231.28,0.32
M0004509,N,76,0,3746.02,0,1,0,1675.54,3412.34,0.0
M0004510,N,23,2,2589.25,0,0,1,1383.55,1709.45,0.48
M0004511,N,25,2,13851.02,0,1,1,2221.46,12485.07,1.69
M0004512,N,55,0,5306.27,0,0,1,1417.85,2848.48,0.25
M0004513,N,71,1,10785.29,0,1,0,3904.63,7266.98,2.97
M0004514,N,34,0,24845.02,0,0,1,3156.26,18798.52,1.3
M0004515,N,34,2,43533.37,0,3,1,12391.51,37544.92,1.24
M0004516,N,60,0,3873.41,0,1,1,1444.33,3962.19,1.12
M0004517,N,49,1,12086.68,0,0,1,3526.77,7209.61,0.23
M0004518,N,35,1,13116.62,1,1,0,2108.41,8719.24,1.65
M0004519,N,24,0,9148.38,0,2,0,2671.52,7421.01,0.2
M0004520,Y,86,6,202300.29,2,8,5,104718.79,174460.78,7.17
M0004521,N,52,1,18930.86,1,0,2,3861.64,12877.1,0.25
M0004522,N,77,2,34897.84,0,2,1,9745.7,19883.32,3.39
M0004523,N,35,0,6032.5,1,1,0,962.4,8903.89,0.0
M0004524,N,28,0,9819.15,0,2,0,5613.96,9559.41,2.44
M0004525,N,20,1,7866.78,0,1,1,3129.96,5143.69,1.32
M0004526,N,76,1,33913.67,0,0,1,14725.82,12238.63,1.13
M0004527,N,41,0,10548.59,0,1,0,2050.97,6998.35,0.26
M0004528,N,22,1,13995.22,0,0,0,4086.56,8904.77,1.69
M0004529,N,62,1,7543.88,0,1,0,2090.16,5858.55,0.95
M0004530,N,21,1,21718.54,0,2,1,5208.12,19516.01,1.21
M0004531,N,43,2,9871.55,0,2,1,6565.43,11071.08,3.06
M0004532,N,80,1,12004.23,1,1,2,2681.04,6699.12,0.29
M0004533,N,79,0,5717.25,0,1,0,3296.98,5698.69,0.08
M0004534,N,37,0,7086.48,0,0,0,1035.59,5944.8,1.12
M0004535,N,27,2,10815.07,0,1,0,6323.23,12339.31,0.67
M0004536,N,18,1,3510.78,1,1,0,2019.23,4181.32,1.37
M0004537,Y,78,5,163757.82,4,1,5,90174.01,71481.48,6.21
M0004538,N,37,1,10715.96,0,1,0,8002.81,9122.66,0.98
M0004539,N,30,0,11050.97,0,1,0,7087.47,7101.85,1.64
M0004540,N,36,0,5668.56,0,0,1,767.57,4429.44,0.77
M0004541,N,61,1,4279.39,0,1,0,984.95,3590.84,1.55
M0004542,N,55,1,13926.52,1,2,0,2475.69,21015.75,0.81
M0004543,N,67,0,5043.16,0,0,1,1274.84,4141.71,1.11
M0004544,N,59,0,9814.86,0,0,0,2651.22,5839.38,1.33
M0004545,N,32,0,10011.37,1,1,0,4035.86,6062.88,1.85
M0004546,N,39,1,10383.1,0,0,0,4126.6,6235.57,2.49
M0004547,N,66,1,10121.98,0,0,2,1722.91,12013.06,0.65
M0004548,N,60,0,16008.98,0,0,0,2586.21,11091.04,0.16
M0004549,N,26,1,15468.91,0,0,0,1646.4,10761.16,0.08
M0004550,Y,79,3,157198.17,3,4,3,91739.11,74302.26,2.88
M0004551,N,74,0,5883.43,0,1,0,1583.3,5211.1,0.92
M0004552,N,56,0,13375.84,0,0,0,3938.11,7577.55,1.84
M0004553,N,73,2,41949.75,1,3,0,5866.17,28043.73,2.67
M0004554,N,73,0,3799.28,0,0,0,812.91,3326.75,0.48
M0004555,N,60,1,5551.23,0,0,0,2325.65,2597.01,1.07
M0004556,N,47,3,4252.41,0,0,0,4117.7,3211.71,1.03
M0004557,N,77,1,3687.95,0,0,1,425.19,3135.1,0.0
M0004558,N,64,1,10307.39,0,2,0,7452.34,8229.48,1.2
M0004559,N,79,0,6967.53,0,0,0,1079.7,6751.98,0.0
M0004560,N,22,1,10538.94,0,0,0,2231.95,15257.03,0.45
M0004561,N,61,2,13642.65,0,3,0,6939.81,12784.01,2.47
M0004562,N,58,0,3636.85,0,1,0,1167.58,4155.4,0.51
M0004563,N,23,1,11554.07,0,0,0,3130.1,8649.65,0.0
M0004564,N,69,2,13335.02,0,1,0,1650.24,9087.26,2.14
M0004565,N,69,1,5276.59,0,0,1,1656.33,2944.74,1.02
M0004566,N,56,0,8543.57,0,0,0,2719.16,5314.1,1.39
M0004567,N,46,0,14877.5,1,0,0,4781.01,13731.31,1.31
M0004568,N,45,0,5323.0,0,1,0,2850.05,3254.31,0.54
M0004569,N,36,1,9231.69,1,0,0,2536.9,6741.49,1.08
M0004570,N,35,1,12876.51,0,1,0,1033.92,15108.25,2.23
M0004571,N,40,0,16567.0,0,1,0,3813.38,11323.04,0.95
M0004572,N,73,3,20080.62,0,0,1,3515.88,19815.61,1.87
M0004573,N,19,1,14613.04,0,1,0,7817.1,9235.54,0.64
M0004574,Y,53,4,217310.49,2,4,3,61111.12,196742.48,6.41
M0004575,N,31,0,8016.97,0,2,1,729.24,6070.87,1.41
M0004576,N,65,0,13147.42,1,2,0,2224.07,8098.34,1.27
M0004577,N,49,4,14525.57,0,3,1,5493.21,12461.61,1.84
M0004578,N,76,3,4416.82,0,0,0,1333.93,3924.26,1.61
M0004579,N,60,1,8428.28,0,0,2,7215.82,6965.42,2.79
M0004580,N,66,0,9724.67,0,1,0,5058.33,11368.23,0.64
M0004581,N,24,1,12752.93,0,1,2,5874.81,6961.8,0.88
M0004582,N,43,1,6483.36,1,1,0,1397.35,7900.72,1.26
M0004583,N,61,2,10997.01,0,1,0,4573.59,14840.93,2.25
M0004584,N,62,0,9112.77,0,0,1,1074.17,11973.06,0.0
M0004585,N,19,1,8673.81,1,3,0,2599.63,6763.67,1.59
M0004586,Y,69,6,284902.06,2,1,4,183250.06,157332.42,4.5
M0004587,N,79,0,3871.18,0,0,0,1785.04,1714.73,0.0
M0004588,N,41,2,16157.16,1,2,0,2298.04,13035.36,0.0
M0004589,Y,45,4,103513.67,4,1,4,31878.19,102354.74,2.66
M0004590,N,49,2,30611.0,0,1,0,9815.3,20256.63,2.76
M0004591,N,35,1,14609.41,0,3,0,4981.52,7472.91,0.73
M0004592,N,39,0,4402.5,0,1,0,5111.5,1738.65,0.68
M0004593,N,22,1,20212.06,0,1,0,8420.34,9192.39,1.03
M0004594,N,43,0,7322.73,0,1,0,6085.02,6716.21,2.15
M0004595,N,56,1,15715.88,0,1,0,5364.71,7551.64,0.28
M0004596,N,66,0,17047.23,0,0,0,2441.88,15883.42,1.19
M0004597,N,49,0,9984.2,0,0,0,725.08,7582.37,1.78
M0004598,N,53,2,5700.52,0,0,0,1402.8,4863.48,1.68
M0004599,N,80,1,18300.07,1,0,0,10533.46,19648.81,1.71
M0004600,N,36,0,6882.63,0,1,0,3059.6,3120.75,0.91
M0004601,N,52,1,9910.52,0,2,0,1661.7,11666.84,2.44
M0004602,N,35,1,19638.38,0,3,1,2696.16,23865.36,1.93
M0004603,N,58,1,4575.29,0,0,0,1168.17,3728.59,2.14
M0004604,N,41,2,17934.85,0,0,1,5223.33,17097.57,2.31
M0004605,N,51,3,9736.19,0,0,0,980.79,9493.61,1.39
M0004606,N,40,0,7032.65,0,0,0,6526.46,3678.35,1.58
M0004607,N,62,1,16754.32,0,0,0,8956.6,8766.15,0.85
M0004608,N,28,0,4038.6,0,1,0,2982.34,1376.7,1.59
M0004609,Y,53,6,240931.92,4,2,2,86741.35,230119.18,4.42
M0004610,N,46,1,9464.02,0,2,1,3269.18,12314.95,1.75
M0004611,N,30,0,1849.56,0,0,0,742.48,2132.08,0.68
M0004612,N,53,1,12538.17,0,0,0,947.54,10846.48,0.35
M0004613,N,69,1,17066.58,0,0,0,3866.12,9734.14,0.52
M0004614,N,50,0,19606.83,1,0,0,1644.19,17982.02,0.24
M0004615,N,25,0,26549.27,0,0,0,708.31,24706.55,0.8
M0004616,N,32,2,72468.13,0,1,2,2034.57,64658.93,3.36
M0004617,N,41,1,15269.96,0,1,2,7112.43,10773.49,2.11
M0004618,N,29,0,21906.42,1,1,2,1480.42,16583.76,0.75
M0004619,N,50,1,19773.25,1,0,1,3093.71,19685.24,1.1
M0004620,N,71,2,2378.92,0,0,0,577.43,3535.41,1.97
M0004621,N,21,2,19800.63,0,1,0,1843.09,15346.73,2.04
M0004622,N,52,1,14738.37,0,2,0,6667.07,6899.9,1.2
M0004623,N,37,0,17384.56,0,2,0,5088.28,9045.19,1.87
M0004624,N,62,1,19486.69,0,1,1,1303.32,14100.63,1.21
M0004625,N,28,1,9841.36,0,2,0,5227.86,5970.07,2.63
M0004626,N,59,2,5600.19,0,2,0,3997.3,4431.8,0.64
M0004627,N,80,0,25457.77,1,0,0,3642.73,22886.06,0.1
M0004628,Y,63,3,404008.52,5,7,3,71494.21,382942.17,6.28
M0004629,N,35,1,4574.12,0,1,0,506.87,5224.21,0.91
M0004630,N,46,1,11331.33,0,0,0,2566.9,6307.34,0.71
M0004631,N,78,2,16693.26,1,0,0,3841.78,10149.83,1.88
M0004632,N,55,0,11698.07,0,1,1,6076.81,5881.01,1.84
M0004633,N,75,1,5251.82,0,0,0,678.51,4324.75,0.9
M0004634,N,80,0,5393.15,1,0,0,2719.96,5258.23,0.86
M0004635,N,57,1,2012.22,0,0,0,811.65,1242.47,0.0
M0004636,N,45,0,4102.09,0,0,0,1789.5,3656.32,0.0
M0004637,N,31,0,3764.95,1,0,0,1298.9,2279.28,1.6
M0004638,N,37,1,3953.01,0,1,0,2568.47,2782.68,0.54
M0004639,N,64,1,6096.03,0,0,0,4856.77,5588.83,0.45
M0004640,N,55,1,9189.85,0,0,0,1490.3,7050.07,0.0
M0004641,N,46,2,32772.23,0,2,0,11441.96,16886.46,1.14
M0004642,N,47,1,7861.84,0,2,0,3258.44,5148.25,1.3
M0004643,N,46,0,13775.29,0,1,1,2877.93,9372.26,1.89
M0004644,N,62,0,10591.85,0,1,0,5682.17,6206.24,0.0
M0004645,N,53,0,4964.53,1,0,0,1784.24,2211.08,1.51
M0004646,Y,49,4,137837.51,3,2,1,72996.24,71767.44,4.05
M0004647,N,46,0,20947.41,0,1,0,7088.46,29922.25,1.21
M0004648,N,26,0,5139.23,0,1,0,836.97,5489.89,0.0
M0004649,N,70,1,14739.38,0,3,2,6507.46,16223.57,1.52
M0004650,N,57,0,4237.19,0,0,1,505.58,4292.08,0.76
M0004651,Y,73,3,335134.68,3,5,5,283899.58,145283.9,7.26
M0004652,N,48,0,4145.96,0,0,0,426.99,3381.79,0.9
M0004653,N,54,1,4376.47,0,0,1,378.72,4175.03,2.79
M0004654,Y,86,5,440382.46,3,7,4,216905.31,179541.23,9.08
M0004655,N,22,0,4744.66,0,1,0,829.11,6938.3,0.0
M0004656,N,20,0,2645.59,0,0,0,1895.67,2288.59,1.51
M0004657,N,29,0,15092.87,0,2,0,1377.08,13241.11,1.34
M0004658,N,20,0,15414.97,1,0,0,2805.84,18153.68,0.29
M0004659,N,36,0,4671.25,0,0,1,1852.86,3221.45,1.52
M0004660,N,55,4,7556.88,1,2,0,2002.25,5618.09,1.99
M0004661,N,48,1,6472.49,0,0,0,1687.67,7737.51,0.45
M0004662,N,74,2,12209.82,0,0,0,936.31,14649.16,1.04
M0004663,N,63,0,22124.92,0,0,1,4761.39,17643.26,1.41
M0004664,N,18,0,8815.69,0,2,0,2494.55,6451.93,1.7
M0004665,N,32,2,25898.34,0,1,2,13374.5,12172.17,1.71
M0004666,N,28,0,37831.56,1,1,0,21202.93,20057.87,0.89
M0004667,N,20,1,11631.3,0,0,0,1651.35,11032.83,0.61
M0004668,N,27,1,14843.41,0,0,1,4667.39,17379.95,0.13
M0004669,N,39,0,8199.76,0,0,1,2643.44,3887.04,0.26
M0004670,N,47,0,16952.46,0,0,0,17479.93,3312.14,1.29
M0004671,N,68,0,7031.5,0,0,1,1794.93,3827.29,1.49
M0004672,N,61,1,8274.31,0,0,1,2368.63,6350.82,0.69
M0004673,N,19,1,19214.36,0,0,0,2637.67,15655.92,1.72
M0004674,N,69,1,22263.77,0,0,0,3558.37,21546.8,1.57
M0004675,Y,48,3,120007.3,1,5,4,64243.54,103114.93,2.4
M0004676,N,65,0,15528.53,0,1,0,1052.59,21570.48,0.34
M0004677,N,43,0,13698.99,2,0,0,7488.52,7565.04,2.13
M0004678,N,62,0,4946.77,0,1,0,2177.17,2238.53,0.29
M0004679,N,18,1,4141.85,0,0,0,1111.02,4346.97,0.61
M0004680,N,58,1,24714.12,0,0,0,6513.2,28646.86,0.0
M0004681,N,77,0,12978.19,0,2,2,4336.93,7128.78,1.22
M0004682,N,27,0,7077.76,0,1,0,2174.77,4890.9,1.46
M0004683,N,47,3,12651.28,1,1,0,958.22,16096.37,2.59
M0004684,Y,53,5,253360.79,3,3,5,118375.99,124776.15,6.97
M0004685,N,45,1,19337.23,0,1,0,3341.86,20129.73,2.04
M0004686,N,24,1,20775.76,2,0,0,17908.83,9254.5,0.35
M0004687,N,78,2,9490.0,0,0,0,2684.34,6582.76,0.4
M0004688,N,35,0,5900.85,1,1,1,2407.02,6143.48,0.0
M0004689,N,33,1,7428.98,0,0,0,3203.02,5882.74,1.94
M0004690,Y,51,7,373138.12,4,4,7,214267.79,109681.01,7.58
M0004691,N,62,1,5678.07,0,0,1,2625.95,5202.52,0.54
M0004692,N,71,1,10710.21,0,1,0,2127.73,6418.51,2.44
M0004693,N,66,1,8637.21,0,1,0,2371.05,5135.05,1.15
M0004694,N,44,2,16236.45,1,0,0,9353.28,9692.57,2.05
M0004695,N,42,3,42717.22,2,1,1,19904.91,24559.47,1.37
M0004696,N,29,0,12355.7,0,0,0,1044.83,10664.88,0.16
M0004697,N,53,1,16854.14,0,3,2,5943.03,9105.62,2.3
M0004698,N,57,0,5329.46,0,1,0,1870.75,2332.45,1.26
M0004699,N,20,1,17142.74,0,0,0,7482.75,9818.37,1.88
M0004700,N,35,2,4563.55,0,0,0,1228.13,3844.21,0.64
M0004701,N,74,2,45058.22,0,2,0,23886.76,17302.08,3.57
M0004702,N,34,0,14294.54,0,0,0,3746.54,10573.87,0.92
M0004703,N,64,0,4012.21,0,0,1,1181.77,4835.44,0.09
M0004704,N,44,1,12545.72,0,0,0,4111.48,6762.91,1.13
M0004705,N,54,2,3963.27,0,1,0,2716.52,2674.12,0.0
M0004706,N,78,1,15049.61,0,2,2,4634.38,14934.56,3.21
M0004707,N,42,0,5969.64,0,0,1,697.87,8332.74,1.37
M0004708,N,75,0,9949.24,0,2,0,875.59,10906.36,0.66
M0004709,N,67,0,3403.73,0,0,1,862.86,2782.04,2.29
M0004710,N,72,1,13427.95,0,1,0,3560.62,13913.56,0.0
M0004711,N,49,2,17247.57,0,3,0,3066.54,14861.25,2.24
M0004712,Y,57,6,125647.99,3,3,7,98518.68,79666.04,6.94
M0004713,N,31,0,5046.5,0,1,0,1895.52,2792.01,0.0
M0004714,Y,84,6,248394.27,4,3,2,93523.92,232503.29,4.99
M0004715,N,32,1,10223.4,0,0,0,5364.45,7219.94,1.12
M0004716,N,61,1,24312.47,0,0,1,4410.04,35857.63,4.5
M0004717,N,49,1,9161.3,0,0,0,2599.04,7912.45,1.04
M0004718,N,79,2,10061.73,1,1,0,3614.76,13076.37,3.18
M0004719,N,33,1,8137.08,0,0,0,1302.7,6090.63,0.5
M0004720,N,49,1,3828.69,0,0,0,550.5,3634.32,1.19
M0004721,N,38,1,4113.82,0,1,0,640.4,3830.67,2.31
M0004722,N,39,1,7946.83,0,0,0,3709.34,3211.18,1.24
M0004723,N,62,0,23944.25,0,0,0,5856.36,18173.41,0.0
M0004724,N,56,1,13306.94,0,0,0,1157.09,17229.69,0.34
M0004725,N,59,2,10558.55,0,2,0,832.71,12675.62,0.8
M0004726,N,52,1,6897.9,0,1,1,1745.8,7675.33,2.42
M0004727,N,36,1,6661.06,0,1,0,350.97,8453.02,0.55
M0004728,Y,67,3,194850.36,3,3,4,76531.81,107902.79,5.31
M0004729,N,48,1,4957.81,1,0,0,2827.63,1741.07,0.0
M0004730,N,53,0,6511.85,0,0,0,840.15,6486.76,2.25
M0004731,N,57,1,34529.46,0,0,0,9324.22,21113.1,3.24
M0004732,Y,86,5,260325.68,3,3,2,134863.35,156777.15,4.98
M0004733,N,77,1,11015.49,0,1,0,708.29,10501.01,0.21
M0004734,N,32,0,8516.29,0,0,1,2176.22,7101.87,0.0
M0004735,N,61,0,2555.86,0,0,1,923.74,3436.86,0.92
M0004736,N,24,2,5235.98,1,0,0,2268.08,5851.82,0.67
M0004737,N,80,0,2850.29,0,0,0,1812.3,1915.25,0.92
M0004738,N,36,1,43622.16,0,0,1,5400.28,28895.23,1.47
M0004739,N,32,0,5200.65,0,0,0,539.15,4847.76,0.52
M0004740,N,32,2,16834.05,0,0,1,2153.72,15022.51,0.91
M0004741,N,48,0,6760.93,0,0,1,6598.54,4347.55,0.73
M0004742,N,66,1,3207.95,0,2,1,1182.69,4148.39,0.59
M0004743,N,28,3,22569.25,0,2,1,7975.66,12250.93,1.26
M0004744,N,36,0,5502.66,1,1,0,2568.35,3540.82,0.46
M0004745,N,67,0,10816.47,1,2,0,3095.62,12310.73,1.53
M0004746,N,78,1,15264.45,1,1,0,8375.6,8952.1,0.25
M0004747,N,46,0,15591.76,0,2,0,2817.6,9659.59,1.22
M0004748,N,26,2,2523.61,0,0,1,1229.62,2047.91,1.67
M0004749,N,31,0,10024.22,0,0,0,5878.57,2462.41,0.55
M0004750,N,34,0,6761.0,0,0,0,2172.32,7184.16,2.01
M0004751,N,26,0,20770.85,0,0,0,4869.3,17587.94,0.14
M0004752,N,37,1,14224.57,0,0,0,3924.17,18399.54,0.65
M0004753,N,63,0,9760.27,0,0,0,873.24,9382.38,2.84
M0004754,N,26,0,4786.28,1,0,0,1045.24,4360.22,0.3
M0004755,N,75,1,4022.74,0,0,0,513.77,4208.19,0.0
M0004756,N,22,1,13077.0,0,0,0,7651.15,12342.35,2.23
M0004757,N,48,1,13236.93,1,1,1,1220.61,13517.07,1.41
M0004758,N,47,1,8556.56,0,1,0,1742.21,7966.06,0.53
M0004759,N,40,0,2886.3,0,3,0,1031.26,2534.78,0.26
M0004760,N,37,0,3516.77,0,0,0,501.75,4012.63,1.67
M0004761,N,79,3,19439.16,0,3,0,8205.28,16298.69,0.13
M0004762,N,34,1,3347.41,0,0,0,479.71,3967.17,0.0
M0004763,N,35,1,11138.79,1,3,0,1443.05,7274.9,0.14
M0004764,N,35,0,2461.36,0,0,0,1351.13,3084.85,1.09
M0004765,N,19,0,4422.09,0,0,0,1460.69,4857.26,0.0
M0004766,N,31,1,24131.96,1,1,0,2922.35,23796.8,0.98
M0004767,N,39,0,10628.36,0,0,0,3332.46,7161.25,0.25
M0004768,N,26,1,5725.01,0,0,0,1074.1,4417.79,0.58
M0004769,N,60,0,6716.51,1,2,1,2240.56,7746.64,2.38
M0004770,N,19,0,5022.51,0,0,0,3193.13,5780.62,0.36
M0004771,N,31,1,35402.55,0,2,0,4500.49,24595.3,1.74
M0004772,N,37,1,19840.3,0,0,1,5200.34,10551.65,1.56
M0004773,N,28,1,14878.43,0,0,0,3911.9,9045.32,0.07
M0004774,N,64,2,9861.75,0,2,0,3733.65,11361.25,0.91
M0004775,N,21,1,25950.72,0,1,0,1484.01,19651.15,1.15
M0004776,N,49,0,8595.69,0,2,0,1606.83,6359.77,1.34
M0004777,N,71,2,10941.75,0,0,0,1677.95,11053.12,1.16
M0004778,N,54,0,16831.5,0,0,0,1112.69,14104.47,0.08
M0004779,Y,78,4,316848.5,2,4,4,62088.2,264519.61,5.42
M0004780,N,55,2,5978.42,0,2,0,2289.77,4460.01,0.86
M0004781,N,41,1,12437.5,1,0,0,7030.65,8354.54,2.5
M0004782,N,78,1,9586.21,1,1,0,1455.57,6126.97,0.56
M0004783,N,59,0,31920.97,0,1,1,6638.86,21759.38,0.94
M0004784,N,66,0,5588.83,0,1,1,1479.45,8136.15,1.39
M0004785,N,26,0,11873.95,0,1,0,4328.74,15877.4,0.53
M0004786,N,69,0,6475.65,0,0,1,3571.21,2636.79,0.6
M0004787,N,79,0,5848.64,0,1,0,924.96,3773.98,0.0
M0004788,N,62,1,5538.54,0,0,0,2046.8,7542.48,0.61
M0004789,N,35,2,28580.18,0,1,0,7915.67,19827.25,2.02
M0004790,N,35,0,10299.86,0,2,0,5575.14,6189.76,0.67
M0004791,N,32,2,10473.9,0,1,0,3041.04,11387.67,1.07
M0004792,N,73,1,6293.07,0,0,0,548.87,9382.37,1.92
M0004793,N,79,0,4386.09,0,1,0,2087.6,2136.73,0.0
M0004794,N,27,1,16175.6,0,0,2,2205.14,11042.14,0.24
M0004795,N,66,0,15283.94,0,0,1,5854.78,8238.18,0.67
M0004796,N,73,2,11025.17,0,0,2,1165.79,7638.96,0.78
M0004797,Y,77,6,309921.78,2,3,2,90676.18,253478.65,3.98
M0004798,N,76,2,18819.19,0,1,0,3153.02,13803.67,1.94
M0004799,N,18,1,14479.38,0,1,0,2831.93,12276.04,2.66
M0004800,N,74,1,30729.48,0,1,0,9012.36,19941.25,1.58
M0004801,N,51,1,5909.22,0,0,0,2691.22,7518.38,0.54
M0004802,N,32,0,9650.26,0,0,0,2050.89,6091.46,0.91
M0004803,N,43,1,2625.08,0,0,0,287.06,2669.76,0.0
M0004804,N,54,2,6007.59,0,0,0,1882.59,3330.72,0.92
M0004805,N,70,1,7200.2,0,1,0,1664.0,4479.19,0.88
M0004806,N,39,1,12086.97,0,0,0,7264.44,6630.59,0.95
M0004807,N,37,1,11728.72,1,0,0,2078.78,8460.28,1.45
M0004808,N,68,1,5073.39,0,1,0,1600.02,3503.61,0.01
M0004809,N,38,1,3835.97,0,0,0,1676.69,3466.03,1.86
M0004810,N,27,1,3476.39,0,0,0,867.98,2950.74,1.11
M0004811,Y,86,4,225197.31,4,1,1,79425.05,145282.24,3.86
M0004812,N,59,1,44246.33,1,0,0,28939.0,13321.85,1.58
M0004813,N,71,2,15531.05,0,0,0,1673.45,17219.65,0.05
M0004814,N,61,2,2703.04,0,0,0,1403.72,2719.67,0.58
M0004815,N,35,0,2974.91,0,0,0,1806.71,3437.0,1.25
M0004816,N,58,1,9919.93,0,1,0,4926.15,5181.87,0.07
M0004817,N,59,0,9727.87,0,0,0,9126.87,8202.03,0.0
M0004818,N,64,0,9119.87,0,0,1,1455.22,5785.76,0.46
M0004819,N,77,1,22998.27,0,1,0,6318.85,11848.11,0.88
M0004820,N,34,1,49947.51,0,1,0,4339.32,47245.64,2.58
M0004821,N,66,1,12090.76,0,1,0,1811.04,10130.65,0.0
M0004822,N,28,0,6873.51,0,0,0,2351.12,3180.89,3.01
M0004823,N,31,0,2182.78,0,1,0,897.43,1988.72,0.34
M0004824,N,67,3,17821.7,0,3,0,3965.33,18645.23,0.36
M0004825,N,19,0,3284.38,1,1,0,902.42,4501.0,0.83
M0004826,N,67,0,9480.04,0,0,1,2133.43,9206.28,1.45
M0004827,N,22,0,31950.46,0,0,0,16088.3,17766.42,1.91
M0004828,N,38,1,18981.48,0,0,0,4506.53,20275.91,1.23
M0004829,N,72,2,2369.75,0,0,0,1815.54,1272.93,1.61
M0004830,N,69,2,20047.54,0,0,0,5797.04,11487.77,1.2
M0004831,N,28,0,9737.86,0,0,0,2251.66,13875.79,0.08
M0004832,N,29,2,18544.65,0,0,1,6202.06,8577.18,2.02
M0004833,N,49,0,5919.52,0,0,0,3396.48,3386.0,0.99
M0004834,N,25,1,18574.19,0,2,0,4586.14,15334.04,0.41
M0004835,N,36,1,10204.53,1,2,0,4138.28,7847.79,2.21
M0004836,N,46,1,43498.42,0,0,1,12792.02,31145.55,2.72
M0004837,N,74,0,20512.56,1,0,1,9003.42,15540.32,1.38
M0004838,N,20,2,7381.32,0,0,0,1582.52,8757.63,0.12
M0004839,N,25,0,7686.68,0,1,0,3793.11,7695.09,1.27
M0004840,N,37,2,61705.89,0,0,0,23667.99,54819.3,1.53
M0004841,N,61,5,64076.81,0,1,0,4841.96,47422.69,3.15
M0004842,N,67,0,10764.23,0,1,0,1526.2,11070.31,1.73
M0004843,N,54,0,6006.54,0,0,0,540.19,5822.34,0.0
M0004844,N,54,0,4535.37,0,0,1,3260.67,2592.67,0.0
M0004845,N,38,0,24877.15,0,0,0,3518.08,30638.28,0.27
M0004846,N,42,0,2406.97,0,1,1,479.7,2479.86,0.76
M0004847,N,62,0,3618.52,0,1,0,1125.3,2861.02,0.82
M0004848,N,39,2,17418.01,0,0,0,5035.15,8753.7,0.47
M0004849,N,41,3,17565.14,0,0,0,7744.71,14232.6,1.37
M0004850,N,42,0,9778.99,0,1,0,3185.08,12820.01,0.0
M0004851,N,64,0,8917.39,0,0,0,5302.54,10117.02,0.62
M0004852,N,74,0,5131.31,0,1,0,1032.54,4272.6,1.2
M0004853,N,43,0,11655.53,1,0,0,2782.45,8259.34,1.96
M0004854,N,71,1,33287.85,1,0,0,10122.51,23717.69,0.29
M0004855,N,73,0,10912.89,0,0,0,3880.4,7729.42,1.4
M0004856,N,61,1,6394.98,0,0,0,2799.96,3233.26,1.51
M0004857,N,35,2,12334.32,0,0,0,1868.68,12867.54,0.0
M0004858,N,36,0,29246.93,0,0,0,12875.83,14223.25,1.47
M0004859,N,79,1,20434.39,0,0,1,3306.51,15417.23,1.41
M0004860,Y,57,5,170710.65,2,1,1,84042.48,103451.01,3.18
M0004861,N,42,0,12726.21,0,1,0,5012.57,5614.54,0.77
M0004862,N,80,0,5146.96,0,0,1,440.03,4004.67,0.49
M0004863,N,25,0,7480.72,0,0,0,2297.32,5944.8,0.0
M0004864,N,38,0,3634.91,0,1,0,655.6,3855.01,1.0
M0004865,N,52,2,11452.51,1,1,0,5498.54,8436.22,1.7
M0004866,N,64,0,16895.78,0,3,0,4727.1,8558.92,0.67
M0004867,N,26,0,4449.26,0,1,0,784.46,3593.13,0.07
M0004868,N,46,0,5724.51,0,1,0,5560.55,3581.2,0.99
M0004869,N,66,2,9263.76,0,2,0,1003.85,8128.31,0.4
M0004870,N,23,1,3787.81,0,0,0,581.12,3197.98,1.22
M0004871,N,63,1,20505.07,0,0,0,6029.65,14906.05,1.27
M0004872,N,51,1,6267.69,0,0,1,900.38,4077.93,0.37
M0004873,N,57,0,9802.77,1,0,2,5267.17,7756.07,1.34
M0004874,N,80,0,8389.49,0,0,0,2931.34,10129.87,0.0
M0004875,N,43,0,12023.11,0,0,0,10634.06,6688.02,1.01
M0004876,N,25,2,32890.88,0,1,0,5022.47,36034.7,0.23
M0004877,N,34,0,15123.31,1,0,1,3793.34,9425.75,1.4
M0004878,N,45,2,8631.68,0,0,0,2474.91,6133.06,0.0
M0004879,N,24,0,3473.93,0,0,0,1715.71,2256.95,0.0
M0004880,N,33,1,18359.48,0,0,0,2815.77,21058.41,1.27
M0004881,N,64,0,3446.57,0,0,0,452.73,2503.14,0.55
M0004882,N,32,1,8280.09,0,0,0,3417.91,5434.78,1.74
M0004883,N,45,1,73372.96,1,0,1,14661.52,54082.83,0.7
M0004884,N,37,2,23835.41,0,0,0,6176.04,13528.17,1.6
M0004885,N,20,0,14409.24,1,2,0,4996.05,9251.04,2.22
M0004886,N,29,2,42023.98,1,1,0,6859.71,32190.86,0.98
M0004887,Y,82,6,247470.23,2,2,4,55106.2,156649.88,4.27
M0004888,N,66,3,7647.63,0,0,1,3425.64,6341.99,1.77
M0004889,N,78,0,7634.2,0,0,0,1019.54,12824.42,0.41
M0004890,N,65,0,3907.14,0,0,1,1731.08,3813.51,1.23
M0004891,N,80,0,12025.13,0,0,2,1633.4,7849.53,0.9
M0004892,N,51,0,12317.59,0,0,0,1057.48,9767.64,0.96
M0004893,N,51,0,9800.28,0,1,1,1161.58,7164.8,0.0
M0004894,N,74,2,4779.82,0,0,1,1239.39,5094.02,0.46
M0004895,N,59,2,7677.44,0,0,0,4328.44,7942.88,0.95
M0004896,N,45,4,3801.91,0,0,0,1368.53,4512.37,0.0
M0004897,N,20,1,3104.01,0,0,2,1856.66,2482.19,0.23
M0004898,N,30,2,3669.43,0,0,0,1463.94,4559.11,0.19
M0004899,N,56,0,4101.11,0,0,0,2277.67,3726.94,1.37
M0004900,N,44,2,16580.21,0,0,0,5935.72,15020.75,0.28
M0004901,N,51,3,19966.97,0,0,1,3002.58,14530.45,0.16
M0004902,N,49,0,10072.56,0,2,0,1848.68,9086.16,2.9
M0004903,N,50,2,16916.42,0,1,0,2988.88,16126.01,0.39
M0004904,N,26,2,21376.07,0,2,0,1670.93,20391.37,1.7
M0004905,N,18,2,16646.62,1,3,1,6614.75,9383.79,0.86
M0004906,N,79,0,4452.38,0,0,0,2727.22,1419.54,0.0
M0004907,N,71,2,6442.5,0,0,0,2624.7,6800.86,1.35
M0004908,N,53,1,7922.18,1,0,1,1562.56,5387.25,0.67
M0004909,N,40,1,12294.69,0,0,1,3580.34,9586.35,0.46
M0004910,N,49,1,14133.05,0,1,0,10900.81,8797.03,1.54
M0004911,N,54,1,6003.63,0,0,0,5267.1,2460.2,1.39
M0004912,Y,38,5,92408.18,3,3,2,65848.01,57289.47,6.49
M0004913,N,34,0,17445.09,0,3,0,2575.78,11057.58,1.58
M0004914,N,59,0,10942.59,0,1,0,2958.6,12120.72,1.16
M0004915,N,29,1,9834.65,1,0,0,2048.84,10113.79,0.46
M0004916,N,63,1,6079.26,0,2,0,1705.72,7043.8,0.16
M0004917,N,65,0,13561.15,0,0,0,9809.78,9580.56,1.74
M0004918,N,59,2,43524.24,0,0,1,15710.06,22460.61,2.07
M0004919,N,27,3,5821.82,0,0,1,1601.04,6444.12,0.68
M0004920,N,37,0,10833.39,1,0,0,1496.09,8038.98,0.0
M0004921,N,57,2,10687.36,0,0,0,4196.07,7250.07,0.33
M0004922,N,30,1,8306.39,0,0,0,3111.21,8159.22,1.3
M0004923,N,68,1,10395.1,0,0,0,7316.26,5025.84,1.43
M0004924,N,54,1,7858.7,0,0,0,774.95,6431.49,0.22
M0004925,N,36,3,17009.2,0,2,0,1918.38,11835.72,0.25
M0004926,N,69,0,16159.68,0,0,0,3651.77,9106.35,0.28
M0004927,N,68,1,28465.36,0,2,0,2374.34,23802.92,1.62
M0004928,N,71,1,19296.64,0,0,0,4540.81,13773.4,1.13
M0004929,N,56,4,15997.41,0,0,1,7000.45,19045.06,0.86
M0004930,N,73,0,14327.58,0,0,0,5125.24,9820.16,0.28
M0004931,N,31,2,7992.47,0,0,0,3472.43,7729.44,1.13
M0004932,N,58,0,7701.41,0,0,0,1324.63,8640.86,0.86
M0004933,N,65,2,6703.7,1,0,1,1709.03,6351.83,2.69
M0004934,N,73,0,21691.48,0,1,0,5193.25,14993.08,2.45
M0004935,N,73,1,19294.0,0,0,0,7242.9,25973.75,1.81
M0004936,N,38,2,13059.22,0,2,0,3015.45,8030.37,1.35
M0004937,N,35,1,10720.51,0,0,1,4085.99,4909.86,1.45
M0004938,N,66,0,8673.78,0,0,0,2653.46,11466.36,0.0
M0004939,N,29,0,4496.36,0,0,0,556.13,3732.15,0.68
M0004940,N,46,2,9877.54,0,0,0,3814.34,6159.71,0.08
M0004941,N,30,1,3928.7,1,1,0,2311.32,1533.03,0.46
M0004942,N,41,1,19099.24,1,1,1,2883.1,16520.96,0.66
M0004943,N,76,1,2840.75,0,0,1,1732.63,2732.24,0.0
M0004944,N,35,1,9079.97,0,0,0,3895.0,3721.0,0.73
M0004945,N,51,0,7862.72,0,0,0,2930.79,6270.67,1.28
M0004946,Y,77,4,166069.52,1,1,1,49585.63,106629.12,2.94
M0004947,N,73,2,6087.95,1,1,0,2986.87,5003.33,2.82
M0004948,N,20,1,9554.13,0,0,1,3317.87,7295.59,1.61
M0004949,N,57,0,13764.4,1,1,0,2031.34,9422.71,0.56
M0004950,N,44,0,13255.14,0,2,0,5172.03,8677.33,1.47
M0004951,N,30,2,5271.87,0,1,0,2151.92,3548.9,0.0
M0004952,N,21,3,14163.5,1,1,0,2711.82,19074.14,1.66
M0004953,N,50,0,6862.82,0,2,0,2521.49,7852.81,1.37
M0004954,N,42,1,8479.51,1,0,0,6953.78,6175.32,0.0
M0004955,N,24,2,14076.38,1,1,0,8984.72,10355.29,3.71
M0004956,N,64,0,10039.25,0,0,0,5895.64,4329.47,1.49
M0004957,N,52,1,3921.09,1,1,0,975.78,3886.03,2.56
M0004958,N,64,2,11016.06,0,0,0,3059.5,7409.8,1.55
M0004959,N,22,1,7732.11,0,0,2,6211.0,7046.21,0.44
M0004960,N,23,2,5607.49,0,0,0,1581.58,7038.56,1.36
M0004961,N,75,1,10932.29,0,1,0,1244.76,7430.86,2.49
M0004962,N,40,1,8181.57,0,2,1,659.15,6678.8,0.09
M0004963,N,73,1,7844.26,0,0,0,1698.01,6056.54,1.48
M0004964,N,73,2,18226.53,0,2,0,10660.68,20460.23,1.73
M0004965,Y,82,10,204061.18,4,5,3,117058.37,159417.56,7.08
M0004966,N,18,0,13132.44,1,1,0,4794.73,11195.19,0.0
M0004967,N,49,1,8611.88,0,0,0,6434.0,6802.46,1.51
M0004968,N,35,3,19940.76,1,2,1,10291.4,18359.74,2.77
M0004969,N,40,1,11136.68,0,0,0,3024.48,7778.91,0.95
M0004970,N,74,0,18822.52,0,1,0,6973.99,16329.07,1.96
M0004971,N,28,0,12273.16,1,1,1,3108.92,8516.97,3.11
M0004972,N,19,0,31799.01,0,2,0,1736.21,24984.5,0.9
M0004973,N,26,0,5605.89,0,0,0,4613.48,5389.67,1.75
M0004974,N,23,2,8186.0,0,1,0,1277.4,12996.8,2.25
M0004975,N,39,3,20925.45,1,0,0,7548.08,16205.13,2.28
M0004976,N,68,3,26538.36,0,0,2,3618.29,19830.14,2.05
M0004977,N,23,1,8978.76,0,0,0,650.78,6821.16,0.0
M0004978,N,19,2,9886.58,0,0,0,3765.2,7523.09,2.33
M0004979,N,66,1,8646.38,1,0,0,1605.43,11735.1,1.25
M0004980,N,63,0,1314.74,0,0,0,544.1,1741.86,1.3
M0004981,N,77,1,6921.9,0,0,0,1193.91,6308.28,0.0
M0004982,N,65,0,10731.93,1,0,0,3898.95,5416.81,0.0
M0004983,N,75,2,27697.4,0,3,0,10332.04,33894.17,1.54
M0004984,N,71,2,3161.06,0,1,0,2032.95,3682.6,1.66
M0004985,N,35,0,4055.05,0,2,0,813.04,4667.73,1.68
M0004986,N,58,2,16109.79,0,1,0,1526.27,23089.25,1.63
M0004987,N,41,1,14720.78,0,0,0,1186.92,12857.66,1.1
M0004988,N,33,0,11602.4,1,0,1,1572.21,10033.93,0.72
M0004989,N,49,2,19896.4,0,0,1,2709.44,27891.76,1.87
M0004990,N,41,2,16082.06,0,1,0,1520.31,11276.24,2.54
M0004991,N,44,0,15825.63,0,0,0,6966.36,6464.16,0.05
M0004992,N,22,1,8773.42,1,1,0,875.52,6357.91,0.67
M0004993,N,49,2,25044.72,0,1,0,7911.06,14427.25,0.66
M0004994,Y,71,5,203846.58,2,3,2,68171.88,164043.64,3.53
M0004995,N,50,0,11767.26,0,0,1,2118.89,7683.14,1.51
M0004996,N,24,1,5399.53,0,1,0,1827.77,2506.07,0.33
M0004997,N,64,0,10496.91,0,0,0,2768.02,8289.89,0.24
M0004998,N,65,2,12422.8,0,1,0,3923.27,10109.96,2.36
M0004999,N,72,0,14018.57,0,1,0,8399.51,10269.77,0.93
M0005000,N,25,1,10206.14,0,0,0,6877.7,9530.27,1.15
M0005001,N,20,0,8968.89,0,1,0,4437.9,5816.4,1.27
M0005002,N,79,2,40209.7,0,1,0,9065.31,33339.65,1.33
M0005003,N,18,0,9181.08,0,0,2,4636.87,4888.81,0.0
M0005004,N,55,0,12182.32,0,1,0,1858.85,11966.65,2.05
M0005005,N,74,2,1918.97,0,0,0,1020.69,1755.97,0.0
M0005006,N,60,1,10785.64,0,0,0,2184.84,8220.92,0.63
M0005007,N,65,0,19611.19,0,1,0,2465.47,13260.49,0.93
M0005008,N,46,2,8944.66,0,1,0,3052.49,4617.43,0.23
M0005009,N,77,0,22991.36,0,1,0,5396.68,14621.73,1.02
M0005010,N,52,1,11680.45,1,0,0,2026.03,10387.28,0.65
M0005011,N,59,1,10204.8,0,0,0,13745.0,1488.07,1.26
M0005012,N,52,2,13812.44,1,1,0,5888.0,9900.11,1.33
M0005013,N,74,2,19005.75,0,0,1,3095.49,19874.98,2.15
M0005014,N,31,0,4167.82,0,0,0,3501.09,2576.93,0.8
M0005015,N,72,0,11137.21,0,0,0,5545.29,4799.29,1.84
M0005016,N,74,1,18833.11,1,1,0,6850.72,15299.75,2.61
M0005017,N,20,0,15013.45,0,0,1,1842.07,11139.33,1.76
M0005018,N,67,3,22410.07,0,0,0,4014.65,15130.65,2.83
M0005019,N,66,2,8245.56,0,0,0,361.69,7620.2,1.59
M0005020,N,25,0,8998.08,1,1,0,787.03,7821.72,2.3
M0005021,N,27,1,11236.24,0,2,0,6235.66,13326.52,1.76
M0005022,N,31,0,12737.75,0,0,0,3545.99,9203.56,0.87
M0005023,N,27,0,10244.5,0,1,0,3404.6,6247.49,0.65
M0005024,N,47,1,19161.59,0,0,0,3981.53,19090.85,0.99
M0005025,N,71,1,6893.22,0,0,0,2000.48,4502.84,1.22
M0005026,N,35,0,9404.61,1,0,0,2879.61,4656.21,0.0
M0005027,N,23,2,11316.04,1,0,0,2035.07,7535.26,1.31
M0005028,N,55,0,34652.91,0,0,0,5853.55,25285.43,0.7
M0005029,N,41,1,20372.17,0,1,0,2474.85,14198.71,0.67
M0005030,N,18,0,22324.58,0,1,0,5776.99,28267.15,1.88
M0005031,N,20,0,5997.81,0,0,0,2125.1,4527.62,1.13
M0005032,N,54,2,28383.83,0,0,0,5676.91,19058.5,1.26
M0005033,N,69,0,8331.02,1,1,0,1252.79,6006.98,2.01
M0005034,N,78,2,17788.2,0,0,1,4871.77,11678.39,1.93
M0005035,N,23,0,13703.5,0,0,0,3912.68,10748.6,0.0
M0005036,N,54,2,15139.77,0,0,1,2748.35,14541.59,1.19
M0005037,N,79,1,5992.1,0,2,0,2406.94,4870.7,0.33
M0005038,N,39,0,11576.57,0,0,0,3922.0,6176.62,1.51
M0005039,N,26,1,9839.96,0,2,1,2440.85,8593.21,0.54
M0005040,N,46,2,10047.67,0,2,0,4240.47,5381.52,0.93
M0005041,N,79,0,7946.73,0,0,1,1567.12,11902.81,0.57
M0005042,N,18,0,8045.06,0,3,1,2201.77,7734.56,0.23
M0005043,N,79,3,6128.94,0,0,0,1013.66,4681.87,0.0
M0005044,N,20,3,9821.46,1,1,1,1241.79,15876.52,0.62
M0005045,N,27,0,5619.3,0,0,0,1957.66,5383.25,0.2
M0005046,N,80,2,17955.47,0,1,0,11178.04,9588.11,2.11
M0005047,N,52,2,31196.55,0,1,0,2306.66,22267.07,1.68
M0005048,N,44,1,5476.05,0,1,0,1010.33,4693.96,0.98
M0005049,N,30,0,11523.73,1,2,0,1123.9,14287.28,0.99
M0005050,N,70,2,13933.39,1,2,0,2974.74,8143.56,0.62
M0005051,N,51,0,11694.28,1,0,0,3345.91,13532.25,3.02
M0005052,N,74,2,23262.38,0,1,0,2470.45,19887.5,1.31
M0005053,N,62,2,6759.01,0,0,0,2880.94,6671.61,1.31
M0005054,N,77,1,3649.09,0,0,0,1150.86,2638.75,1.13
M0005055,N,49,2,12300.47,0,2,1,3794.99,6197.48,1.05
M0005056,N,77,0,9507.88,0,0,0,1026.83,9011.69,2.0
M0005057,N,70,1,5754.75,0,2,0,1704.43,7817.82,0.0
M0005058,N,68,1,11557.36,1,0,0,1888.88,7393.66,1.97
M0005059,N,20,0,6434.06,0,0,0,3440.07,5504.66,0.97
M0005060,N,27,0,7304.45,0,1,0,2993.24,5899.18,2.14
M0005061,Y,84,4,182894.96,2,4,4,136085.45,115917.39,5.23
M0005062,N,27,3,7327.32,0,0,0,4751.77,2326.24,0.01
M0005063,N,71,1,3374.26,0,0,0,1834.14,1988.98,0.14
M0005064,N,80,1,12345.25,0,0,1,8873.82,4767.96,1.98
M0005065,N,78,1,35392.79,0,1,0,22522.41,15210.57,2.16
M0005066,N,59,0,6843.58,0,0,0,1867.12,6770.6,0.0
M0005067,N,31,2,18744.43,1,2,0,2663.44,19936.9,1.23
M0005068,N,42,1,9583.84,0,0,0,1977.23,6998.25,2.44
M0005069,N,20,3,10813.12,0,1,1,3453.91,6884.63,0.82
M0005070,N,55,1,6573.73,1,0,0,2750.49,4489.02,1.63
M0005071,N,50,0,5754.45,0,0,0,594.86,8336.52,0.0
M0005072,N,74,0,5759.38,0,0,0,3461.82,2040.08,0.0
M0005073,N,36,1,10356.23,0,0,0,1514.71,10449.71,0.85
M0005074,N,62,2,19958.92,0,2,1,15234.8,10242.52,0.8
M0005075,N,19,1,14916.61,0,1,0,2674.89,10207.29,1.98
M0005076,Y,36,6,271472.1,2,3,5,99497.24,194142.04,4.49
M0005077,N,22,2,16347.89,1,1,1,2957.96,10235.75,3.71
M0005078,N,65,1,3168.35,0,1,0,1817.88,3589.8,0.0
M0005079,N,63,0,12132.31,0,0,0,1184.09,8606.06,2.46
M0005080,N,23,2,5674.55,0,0,0,1088.26,4018.25,0.34
M0005081,N,18,0,9521.38,0,1,1,2363.63,6475.68,1.11
M0005082,N,47,2,17427.77,0,0,1,6128.16,12820.81,2.31
M0005083,N,50,1,10422.03,0,2,0,2542.81,8245.66,0.0
M0005084,N,56,0,13540.48,0,0,0,2115.43,16109.13,0.63
M0005085,N,57,1,12398.74,1,0,0,2780.25,7692.43,1.3
M0005086,N,77,1,10615.72,0,2,0,1122.35,13217.96,0.88
M0005087,N,37,1,8780.25,0,0,1,2056.33,10135.33,1.46
M0005088,N,35,1,21780.56,1,2,0,2278.89,15089.85,0.68
M0005089,N,32,0,16624.38,0,0,0,687.79,16464.79,0.0
M0005090,N,50,1,8523.58,0,2,0,669.5,6503.58,1.22
M0005091,N,36,2,16237.58,0,0,2,5172.73,8473.85,2.67
M0005092,Y,81,4,205611.5,4,4,3,83097.55,169531.62,4.03
M0005093,N,46,1,16245.17,0,1,0,1501.38,13649.81,1.06
M0005094,N,43,0,10463.84,0,1,0,2817.93,6564.04,1.05
M0005095,N,46,0,5210.51,0,0,0,2394.75,2295.85,0.0
M0005096,Y,62,6,307493.01,4,5,5,139936.12,186082.26,6.11
M0005097,N,28,1,10899.81,0,1,0,3038.4,8188.61,0.34
M0005098,N,48,2,37985.51,0,3,0,11327.51,19676.84,0.65
M0005099,N,23,0,14967.03,0,1,0,1644.03,12423.25,0.63
M0005100,N,37,1,3551.6,0,0,0,1603.14,3234.28,0.32
M0005101,N,76,2,10920.7,0,1,1,4712.84,7859.69,1.58
M0005102,N,32,1,4323.32,0,0,0,694.11,4665.98,0.54
M0005103,N,29,2,19660.95,0,0,0,8271.46,11427.29,1.81
M0005104,N,36,1,13229.38,0,1,2,3324.48,8840.29,1.49
M0005105,N,72,2,9904.0,0,1,1,3517.72,13465.14,3.23
M0005106,N,19,1,17300.58,0,2,0,5150.44,10252.0,1.25
M0005107,N,40,1,14339.03,0,1,0,6924.65,6216.38,1.47
M0005108,N,45,3,7853.3,0,2,1,4942.37,4236.06,1.28
M0005109,N,31,2,9886.72,1,0,0,1551.48,9737.0,0.97
M0005110,N,72,0,15118.1,1,1,0,3294.9,9487.4,1.7
M0005111,N,21,2,21774.75,1,1,2,6765.33,16706.06,3.0
M0005112,N,52,1,11702.14,0,0,0,1542.65,9688.62,0.0
M0005113,N,65,3,15434.34,1,1,0,2637.73,10119.68,0.56
M0005114,N,29,1,6400.61,0,0,0,2268.22,4310.0,0.0
M0005115,N,57,3,8910.38,0,1,0,1982.13,5098.72,0.27
M0005116,N,53,2,29718.11,0,0,0,10878.46,12428.45,0.86
M0005117,N,56,2,33694.62,0,1,2,5122.38,30218.46,1.11
M0005118,N,78,2,9571.01,0,0,1,1564.54,7487.59,0.0
M0005119,N,43,0,12881.03,0,0,1,5773.81,13376.53,0.34
M0005120,N,20,2,16209.09,0,0,0,1515.14,16201.04,0.67
M0005121,N,42,2,5766.41,0,0,0,3738.71,4356.62,0.86
M0005122,N,79,0,18199.91,1,0,2,2149.58,18836.18,1.87
M0005123,N,54,2,5000.06,0,1,1,713.44,5343.34,2.46
M0005124,N,79,3,10169.54,0,1,1,3572.42,11389.2,1.56
M0005125,N,72,3,17134.09,1,0,0,6173.12,9291.37,2.12
M0005126,N,55,2,16799.53,0,0,1,11259.03,7747.72,2.87
M0005127,Y,86,3,248413.68,1,5,2,82128.64,129030.56,5.04
M0005128,N,44,0,11547.69,0,0,0,6976.17,8770.47,2.27
M0005129,N,22,1,23271.04,0,0,3,15211.69,8025.9,1.42
M0005130,N,33,2,35868.63,0,0,1,13345.55,17876.39,1.32
M0005131,N,46,1,10837.75,0,0,0,4734.83,8542.78,1.26
M0005132,N,76,1,14861.46,0,0,0,3792.31,8451.1,0.5
M0005133,N,70,2,14939.21,0,2,0,4030.59,10085.02,1.73
M0005134,N,29,0,8359.79,1,0,0,5470.44,6381.83,0.35
M0005135,N,80,1,4927.9,0,0,0,348.17,5693.05,0.28
M0005136,N,54,2,18754.33,0,2,0,7617.36,9666.72,0.45
M0005137,N,42,0,28277.21,0,1,0,2340.98,24607.77,0.91
M0005138,N,38,2,8328.56,0,1,1,2797.73,8779.31,2.2
M0005139,N,22,3,18341.3,0,0,2,17689.8,13921.58,4.0
M0005140,Y,82,4,114468.87,2,3,1,44156.81,61206.09,3.94
M0005141,N,42,1,6743.42,0,0,0,730.37,7269.12,0.93
M0005142,N,61,3,39552.02,1,0,0,19677.39,20184.38,0.6
M0005143,N,26,0,10291.26,0,1,0,996.53,11351.16,0.0
M0005144,N,58,0,3978.15,0,1,0,1453.03,3637.24,0.86
M0005145,N,78,0,4737.0,0,2,0,1452.16,5909.98,0.08
M0005146,N,48,2,5847.02,0,0,0,2838.11,3348.16,1.78
M0005147,N,18,2,4436.24,0,0,1,822.86,6652.56,0.0
M0005148,N,26,2,23317.88,0,0,3,8077.6,20637.98,1.31
M0005149,N,66,1,27160.13,0,1,3,10307.14,13879.28,1.05
M0005150,N,69,1,4595.38,1,1,0,1799.36,4324.85,1.33
M0005151,N,57,0,3817.71,0,1,0,921.42,3197.18,1.33
M0005152,N,23,1,15200.79,0,2,1,3551.54,11312.32,1.21
M0005153,N,28,0,4287.77,0,0,0,2807.65,2591.78,0.12
M0005154,N,74,1,25382.93,1,1,1,13232.57,21057.65,1.33
M0005155,N,18,2,45033.48,0,1,1,17485.9,31787.13,3.41
M0005156,N,67,1,15168.15,1,0,0,724.86,12206.09,0.55
M0005157,N,29,0,5222.39,0,1,0,2699.22,5644.93,0.58
M0005158,N,78,1,6870.37,0,0,0,3015.43,3735.05,0.04
M0005159,N,32,2,36995.89,0,0,2,9389.96,43832.91,1.63
M0005160,N,70,0,8184.35,0,0,0,2189.44,7072.78,1.53
M0005161,N,55,0,12950.52,0,0,0,2969.79,7779.81,0.37
M0005162,Y,43,4,354090.54,3,6,5,107502.69,268819.21,5.85
M0005163,N,54,1,19915.39,0,2,0,5545.66,11571.35,1.61
M0005164,N,79,0,3535.85,1,0,0,1227.22,4259.61,0.0
M0005165,N,50,2,5277.77,0,1,0,3376.22,2550.87,0.0
M0005166,N,40,0,6769.79,0,2,0,4928.01,2275.44,0.41
M0005167,N,78,0,2314.51,0,0,0,879.93,2812.36,2.18
M0005168,N,18,1,5079.55,0,0,0,572.29,4269.89,0.07
M0005169,N,67,1,7775.84,0,1,1,4053.83,8812.9,0.53
M0005170,Y,48,8,141811.36,1,1,4,33094.2,141118.1,2.0
M0005171,N,70,1,16176.26,1,2,0,2901.39,12380.92,1.36
M0005172,N,64,0,2199.4,0,0,0,235.34,1729.56,0.75
M0005173,N,61,1,39514.86,1,2,0,3099.12,35245.86,1.31
M0005174,N,34,1,4183.74,0,2,0,763.76,3218.72,0.0
M0005175,N,19,1,5723.44,0,2,1,1956.88,2970.66,1.5
M0005176,N,77,0,8610.16,0,0,0,984.41,6445.41,1.34
M0005177,N,59,3,8649.74,1,1,0,2002.54,5395.2,2.44
M0005178,N,26,0,4822.28,0,1,0,2038.24,3729.16,0.68
M0005179,N,33,2,7921.31,0,0,0,3502.34,5258.4,1.03
M0005180,N,61,0,2852.65,0,0,0,2008.29,2210.11,0.55
M0005181,N,67,1,2855.41,0,1,0,2136.34,1707.7,0.64
M0005182,Y,75,7,145503.52,3,2,1,99131.89,54437.9,3.5
M0005183,N,80,1,2353.19,0,1,1,1114.23,2206.14,1.06
M0005184,N,77,0,1626.01,0,2,1,504.35,1073.66,1.43
M0005185,N,47,2,11357.87,0,1,2,4455.27,12115.43,0.03
M0005186,N,69,0,10267.69,1,0,0,3194.37,10117.54,0.67
M0005187,N,75,1,15990.36,0,2,0,1813.14,11001.81,0.76
M0005188,N,39,0,2980.34,1,0,0,2542.07,2713.27,0.62
M0005189,N,63,0,7745.92,0,0,0,2195.78,3855.86,1.39
M0005190,N,51,0,12043.18,0,0,0,936.74,9190.04,0.83
M0005191,N,26,0,5459.71,0,0,0,1340.71,5489.02,0.94
M0005192,N,28,1,18322.38,1,2,0,6555.95,13629.58,3.08
M0005193,N,42,0,7814.27,1,1,2,2186.43,6514.44,0.7
M0005194,N,46,0,12431.23,0,0,0,2741.89,8591.28,1.23
M0005195,N,22,2,17305.09,0,1,0,4291.9,11856.82,2.21
M0005196,N,41,2,31783.12,0,1,0,7316.12,29083.13,2.33
M0005197,N,45,0,16408.11,0,0,1,7148.13,6823.61,1.4
M0005198,N,42,3,33051.27,1,3,0,8007.31,32425.04,0.36
M0005199,N,18,1,8065.72,0,0,1,1782.85,7229.85,1.61
M0005200,N,27,1,20347.0,2,1,0,4097.93,16850.04,2.01
M0005201,Y,66,8,192583.44,4,4,2,123794.04,143359.04,6.68
M0005202,N,53,1,8189.43,0,0,1,7483.81,5661.85,2.22
M0005203,N,25,1,20556.7,0,1,0,14080.95,8916.56,2.8
M0005204,N,37,2,16850.27,0,1,2,12547.57,17858.83,0.54
M0005205,N,32,0,5278.09,0,1,0,1590.42,3707.39,0.82
M0005206,N,50,0,5052.13,0,0,1,473.56,6127.65,0.06
M0005207,N,65,0,7692.44,0,1,1,2143.86,5904.76,2.04
M0005208,N,47,2,38418.4,0,1,0,21717.89,17175.77,2.61
M0005209,N,36,1,7635.58,1,1,0,2090.13,10693.27,1.09
M0005210,N,61,2,12502.46,0,0,0,5575.31,14988.55,1.06
M0005211,N,76,2,5237.6,0,2,0,1259.16,4633.37,1.01
M0005212,N,74,1,4700.12,0,0,0,2316.97,4926.85,0.0
M0005213,N,41,2,9297.33,0,0,0,4364.59,7990.96,0.0
M0005214,Y,85,3,219734.57,2,3,7,188310.05,73745.39,6.56
M0005215,N,57,2,12151.55,0,0,0,2652.71,7759.32,2.76
M0005216,N,35,0,16651.12,0,1,1,1563.15,12749.49,1.59
M0005217,N,49,0,47677.78,0,0,0,9619.7,39033.12,0.0
M0005218,N,76,3,13981.27,1,1,2,6916.8,17251.97,2.04
M0005219,N,64,2,35135.16,0,1,0,2366.16,29829.6,0.76
M0005220,N,69,1,21856.16,1,1,0,2683.77,15869.39,2.13
M0005221,N,66,3,9869.37,0,0,0,5092.44,5138.36,1.79
M0005222,Y,85,6,236322.86,6,5,4,102214.58,234418.59,4.75
M0005223,N,37,1,13394.3,0,0,0,4386.83,7976.91,1.44
M0005224,N,62,2,8115.31,0,0,2,1284.62,7030.12,0.89
M0005225,N,48,1,33981.08,0,1,0,25789.84,14670.69,3.34
M0005226,N,70,0,21566.37,0,0,1,2240.73,14691.42,0.0
M0005227,N,78,0,10040.29,0,1,0,3685.9,5374.85,0.92
M0005228,N,48,1,20328.05,0,0,0,4739.67,15564.71,1.55
M0005229,N,78,0,4351.57,1,1,0,2343.11,3029.68,1.35
M0005230,N,59,1,21390.16,1,0,0,2923.77,13889.47,0.68
M0005231,N,72,1,21215.38,0,0,0,7997.55,24632.91,1.32
M0005232,N,27,0,7249.6,0,0,0,1040.64,6208.39,0.55
M0005233,N,23,0,16294.86,0,0,1,2769.46,17459.62,3.41
M0005234,N,67,1,45206.63,1,0,1,17294.68,19405.96,0.84
M0005235,N,71,2,16470.22,0,0,0,4421.96,12565.12,0.0
M0005236,N,55,1,36555.66,1,1,0,9676.48,28105.06,1.84
M0005237,N,45,0,3169.35,0,0,0,355.42,2242.37,0.0
M0005238,N,33,0,9449.33,1,0,2,4063.18,5173.59,0.03
M0005239,N,71,2,8301.51,1,0,0,4193.61,8518.04,1.95
M0005240,N,42,3,14846.77,0,1,1,6923.01,9792.34,0.44
M0005241,N,29,0,3295.38,0,0,2,583.81,2126.59,0.67
M0005242,N,61,2,8153.24,0,1,0,4565.11,4386.76,1.08
M0005243,N,69,3,14025.34,0,1,0,7916.26,4968.96,1.35
M0005244,N,54,0,1964.87,0,0,1,574.85,1416.88,0.08
M0005245,N,59,0,5488.48,0,0,0,2264.15,7100.88,0.05
M0005246,N,31,1,6007.15,1,2,0,2019.6,8463.93,1.57
M0005247,N,56,1,10017.6,0,1,0,3045.91,6582.85,1.56
M0005248,N,46,0,5155.22,0,0,1,659.89,6913.29,1.22
M0005249,N,27,1,60714.46,0,1,2,19503.46,29394.52,1.29
M0005250,N,70,1,6819.6,0,1,0,2118.95,6007.58,0.59
M0005251,N,29,0,7687.26,0,3,0,2302.01,11074.85,1.49
M0005252,N,66,0,11084.5,0,1,0,3374.8,5381.9,1.41
M0005253,N,53,0,17757.11,1,1,0,8432.35,18760.64,2.32
M0005254,N,59,1,10699.81,0,0,1,706.45,12680.97,0.31
M0005255,N,20,1,23376.38,1,0,1,7208.1,13133.46,1.75
M0005256,N,73,0,16926.91,0,2,0,911.19,15578.89,1.82
M0005257,N,54,2,18329.2,0,0,0,8586.27,17835.24,1.63
M0005258,N,73,1,36496.78,0,1,0,2081.16,27150.59,1.05
M0005259,N,69,0,8592.97,0,2,0,6169.96,7494.88,0.93
M0005260,N,24,0,9405.83,0,0,0,4743.3,4127.29,0.0
M0005261,N,73,1,3499.67,1,0,1,433.53,4720.59,1.25
M0005262,N,74,0,2923.28,0,1,0,903.04,2728.92,0.87
M0005263,N,66,0,37931.66,1,0,0,5479.46,26010.85,2.51
M0005264,N,22,1,10385.14,1,0,0,2089.99,6411.34,0.0
M0005265,N,18,1,11625.02,1,3,0,3051.91,12441.62,1.25
M0005266,N,47,0,9841.49,0,1,1,2787.56,5662.47,0.64
M0005267,N,60,3,14072.23,0,3,0,4571.61,8307.05,1.0
M0005268,N,72,2,17065.68,0,0,0,1621.02,12421.38,1.33
M0005269,N,43,2,15700.06,0,1,0,2397.79,15418.44,0.67
M0005270,N,60,1,37079.25,1,0,0,14102.84,15829.4,1.9
M0005271,N,23,1,8323.84,0,0,0,2502.43,6118.17,1.08
M0005272,N,45,2,15797.91,2,3,2,8928.25,15666.34,1.34
M0005273,N,40,0,7974.59,0,1,0,2435.4,4959.63,0.64
M0005274,N,33,1,19315.48,0,3,1,1829.15,21825.01,2.55
M0005275,N,30,0,5104.46,0,1,2,2323.58,4197.88,0.25
M0005276,N,18,1,23615.02,0,0,1,853.33,20620.57,2.62
M0005277,N,74,2,18385.5,0,0,0,4350.89,16065.46,2.08
M0005278,N,18,0,6410.76,0,0,0,1493.51,6433.38,1.19
M0005279,Y,60,9,291707.9,7,5,7,146915.11,214326.32,4.87
M0005280,N,42,0,6937.22,0,1,0,1366.35,10213.82,0.0
M0005281,N,77,0,7866.05,0,0,0,5113.51,5766.93,1.56
M0005282,N,62,1,22820.26,0,0,0,2145.06,17400.76,0.0
M0005283,N,40,2,27955.27,0,0,0,7653.23,16061.26,0.03
M0005284,N,73,0,9472.04,0,0,0,2870.53,5775.02,0.04
M0005285,N,54,0,11618.06,1,2,1,3320.71,9646.67,1.01
M0005286,Y,51,5,248029.66,3,5,4,165739.65,112139.87,5.43
M0005287,N,39,1,9132.09,0,0,2,3047.48,4719.49,0.41
M0005288,N,57,0,6747.12,0,3,0,466.02,5329.76,1.06
M0005289,N,68,0,5207.75,0,0,0,1340.59,3264.92,0.32
M0005290,N,54,2,6040.36,0,0,0,1547.56,6402.88,0.0
M0005291,N,48,1,25818.47,0,1,0,14429.67,7577.7,1.51
M0005292,N,53,0,3360.58,0,0,1,429.46,4465.63,0.51
M0005293,N,67,1,9005.92,0,2,0,3108.9,6097.57,1.88
M0005294,N,62,2,29119.98,0,0,0,4153.39,46206.31,1.54
M0005295,N,67,3,3590.83,2,0,0,874.62,3098.97,0.69
M0005296,N,43,0,3089.93,1,0,0,818.06,4213.29,0.33
M0005297,N,69,0,28501.35,0,0,0,8799.28,16843.53,0.41
M0005298,N,31,0,9620.53,0,0,0,3871.43,4309.99,0.34
M0005299,N,46,2,7403.09,0,0,0,2296.44,8915.27,1.13
M0005300,Y,73,4,289153.96,3,3,3,24914.06,351097.59,6.49
M0005301,N,35,1,5558.85,0,1,0,1099.32,4856.2,0.0
M0005302,N,55,0,1647.22,0,0,0,947.85,1635.31,0.0
M0005303,N,26,0,7420.57,1,1,2,4032.1,6932.83,0.11
M0005304,N,73,3,11639.33,0,0,0,5943.16,7682.12,1.49
M0005305,N,77,2,22933.35,0,2,1,24816.49,6721.18,1.33
M0005306,N,41,1,9185.91,0,0,0,1724.87,10515.38,2.06
M0005307,N,56,1,24001.89,1,1,0,5609.01,13304.65,2.1
M0005308,N,34,2,8259.27,1,0,0,5676.33,6298.45,0.97
M0005309,N,43,0,4869.55,0,0,0,1126.5,3423.59,0.77
M0005310,N,52,1,29577.01,0,1,0,1958.28,36460.49,2.9
M0005311,N,39,1,2922.23,0,0,0,444.98,2658.99,0.35
M0005312,Y,48,6,172319.01,4,4,3,72207.75,165674.3,4.9
M0005313,N,59,0,14384.6,0,1,0,7692.03,4142.29,0.0
M0005314,N,43,0,5665.96,0,0,0,971.39,4660.34,1.35
M0005315,N,33,2,12471.56,0,0,0,3466.33,8831.31,1.01
M0005316,N,41,2,6895.13,1,0,0,730.73,7236.99,0.0
M0005317,N,50,1,11753.85,0,0,0,5091.39,9195.36,1.13
M0005318,N,79,0,7578.15,0,0,0,3412.85,4647.25,0.53
M0005319,Y,59,7,289561.25,2,6,4,136721.14,247422.64,6.72
M0005320,N,50,0,8578.03,0,0,0,655.62,7224.91,1.22
M0005321,N,39,2,12051.29,0,0,0,4581.24,5128.6,0.32
M0005322,Y,70,4,395738.93,4,5,4,139982.86,204612.96,5.51
M0005323,N,71,3,25295.69,0,2,1,13064.17,8645.36,2.3
M0005324,Y,53,6,181398.27,2,7,1,74026.49,126313.34,6.74
M0005325,N,67,0,6849.63,0,1,1,632.59,5517.11,0.81
M0005326,N,72,2,2888.14,1,0,0,1233.56,1961.68,0.0
M0005327,N,69,0,3079.68,0,1,0,556.35,4012.96,0.15
M0005328,N,48,0,10467.74,0,0,0,3250.72,7190.17,1.08
M0005329,N,54,0,11563.61,0,0,0,2645.04,10500.87,0.37
M0005330,Y,61,3,118960.79,4,1,1,56015.18,49122.02,2.47
M0005331,N,66,0,7215.16,0,2,0,1582.15,6141.83,0.14
M0005332,N,24,0,4386.76,0,1,1,2229.61,2702.36,0.0
M0005333,N,47,2,24517.03,0,0,0,4481.16,18108.96,0.13
M0005334,N,80,0,13184.21,0,0,0,3620.27,7165.11,1.02
M0005335,N,39,2,5557.43,1,0,2,1744.38,5922.39,0.64
M0005336,Y,70,5,308523.56,4,7,3,143462.23,138881.89,5.99
M0005337,N,80,1,4512.62,1,0,0,2043.29,6038.58,1.47
M0005338,N,64,1,29182.92,1,2,0,5966.06,18456.07,2.71
M0005339,N,68,0,7145.99,0,0,0,1564.72,4444.56,0.79
M0005340,N,53,0,4779.2,0,0,1,2850.8,3452.76,2.01
M0005341,N,53,1,12723.57,0,1,0,1287.73,17445.51,1.74
M0005342,N,18,2,11128.17,0,2,0,427.89,9490.96,0.68
M0005343,N,49,0,16626.09,0,1,0,1462.59,15365.51,0.46
M0005344,N,23,0,7948.02,0,0,0,2736.83,7789.77,0.85
M0005345,N,73,0,8103.11,1,0,0,4165.45,2733.03,0.0
M0005346,N,76,2,35899.01,2,2,2,13520.95,34658.72,2.72
M0005347,N,66,0,7320.74,0,0,0,2173.11,7355.41,0.54
M0005348,N,20,3,35395.53,0,1,0,8519.95,19610.27,2.16
M0005349,N,49,2,15592.53,0,2,0,7307.58,18637.85,1.59
M0005350,N,38,2,7288.67,1,0,0,1682.89,9640.23,2.5
M0005351,N,77,1,14315.84,0,0,0,2562.51,10056.0,0.0
M0005352,N,62,1,18154.08,0,0,1,7466.21,23607.6,3.2
M0005353,Y,62,4,332931.09,2,1,2,117175.16,164455.28,4.98
M0005354,N,49,2,2878.59,0,0,1,471.61,2109.24,0.0
M0005355,N,77,0,7117.82,0,0,0,2472.87,4699.63,0.7
M0005356,N,41,1,3181.36,1,0,1,799.48,4878.63,0.7
M0005357,N,68,1,19673.4,0,2,1,10051.23,7598.03,1.88
M0005358,N,79,0,23166.28,0,2,0,4069.62,33200.04,2.31
M0005359,N,52,2,21804.64,0,1,0,8925.38,13188.53,0.76
M0005360,N,51,0,9661.46,0,0,0,4712.76,3520.56,0.0
M0005361,N,52,0,4692.89,0,0,0,1871.78,5341.87,1.82
M0005362,N,34,2,12175.43,0,0,0,1628.2,13757.27,1.18
M0005363,N,18,1,9321.54,0,0,1,4022.25,4415.16,2.06
M0005364,N,19,2,23948.43,1,1,0,4591.71,16347.76,0.0
M0005365,N,33,0,17398.72,0,0,0,2961.97,11698.69,2.76
M0005366,N,80,0,9682.67,0,1,0,3358.91,5104.54,1.18
M0005367,N,23,1,3810.04,1,0,0,2182.17,3614.77,2.02
M0005368,N,48,1,4546.69,1,0,0,969.33,3009.69,1.33
M0005369,N,65,1,3073.22,0,2,0,1734.47,3037.85,1.28
M0005370,N,50,1,5793.22,0,0,0,2203.82,4170.83,0.83
M0005371,N,56,1,5146.85,0,0,0,3201.34,5654.31,2.59
M0005372,N,74,1,8667.84,0,0,0,2162.74,4716.11,0.17
M0005373,N,23,0,5246.56,1,1,0,3252.97,3153.1,1.43
M0005374,N,20,0,5531.45,0,1,0,742.62,5074.43,1.43
M0005375,N,44,1,6952.68,0,0,1,1685.36,7087.71,0.15
M0005376,N,30,0,9305.94,0,0,0,2628.56,6456.91,0.42
M0005377,N,35,0,14917.6,0,0,1,7444.19,14495.06,0.91
M0005378,N,72,0,7205.21,0,0,0,4113.83,3993.57,0.45
M0005379,N,33,1,4499.17,0,2,0,964.78,3492.68,2.63
M0005380,N,49,3,7135.46,0,1,0,4088.91,3978.11,1.71
M0005381,N,61,0,13700.85,0,0,1,5373.22,11056.01,1.24
M0005382,N,40,1,4512.87,0,1,2,681.03,4838.43,1.05
M0005383,N,31,1,11759.81,0,0,0,5335.39,4587.5,2.12
M0005384,N,75,0,12553.24,0,1,0,4461.41,6807.5,1.39
M0005385,N,20,1,5384.42,0,0,1,4203.81,3400.3,1.55
M0005386,N,53,0,21322.22,0,0,0,2963.19,16476.67,0.64
M0005387,N,79,3,4370.01,0,2,0,3747.66,4049.42,0.52
M0005388,N,57,2,26499.53,0,2,1,4380.33,16920.96,0.68
M0005389,N,72,1,20878.85,1,0,0,5332.58,18896.3,1.53
M0005390,N,25,1,34690.97,0,1,0,4120.15,26381.45,0.66
M0005391,Y,41,8,309211.92,5,7,3,216611.81,119221.15,8.78
M0005392,N,42,0,21097.48,0,3,0,3024.6,15151.3,0.94
M0005393,N,77,0,29033.54,1,0,1,1641.52,21838.5,0.0
M0005394,N,67,1,17965.81,0,0,0,5048.7,11654.93,1.01
M0005395,N,66,2,8761.99,0,0,0,5015.76,7307.27,1.51
M0005396,N,63,3,21858.05,0,2,1,14374.13,12953.45,0.2
M0005397,N,63,0,9281.68,0,0,0,4363.68,2942.25,0.04
M0005398,N,30,2,19699.69,0,0,0,13735.04,6340.76,0.69
M0005399,N,29,1,10534.15,0,0,0,2692.33,8598.94,0.85
M0005400,N,66,2,17244.59,1,2,0,8498.96,9687.08,0.67
M0005401,N,72,3,29352.01,0,0,0,5241.38,18289.77,2.14
M0005402,N,55,0,13033.22,0,2,0,4368.73,6060.46,0.0
M0005403,N,42,1,35779.37,2,0,1,5380.72,37234.76,0.7
M0005404,N,25,2,22165.8,0,0,0,17101.75,9019.25,1.11
M0005405,N,37,0,5492.72,0,0,0,397.04,6088.54,0.95
M0005406,N,63,1,15861.24,0,1,1,4576.71,12339.5,1.2
M0005407,N,52,2,13282.58,1,4,1,3624.61,14461.77,2.83
M0005408,N,65,2,25161.23,0,1,1,13941.91,18987.66,1.08
M0005409,Y,48,3,265287.36,7,7,6,121254.57,116066.91,4.7
M0005410,N,78,0,10070.61,0,0,0,7294.51,8668.74,0.75
M0005411,N,37,1,6643.28,0,1,2,6801.61,4218.06,0.88
M0005412,N,26,0,14513.5,0,0,1,3925.12,7414.27,0.0
M0005413,N,33,2,15121.37,0,0,1,3576.67,15904.44,1.1
M0005414,N,21,0,33335.3,0,0,0,6260.61,24908.25,1.65
M0005415,N,50,0,4888.15,0,0,0,2827.54,3276.99,0.93
M0005416,N,48,3,12131.34,0,0,0,3743.71,6190.32,1.53
M0005417,N,77,0,10436.84,0,0,0,2742.81,7556.52,1.43
M0005418,N,36,0,2944.25,0,2,1,1089.14,3914.55,1.31
M0005419,N,73,0,10103.83,0,0,0,1742.01,6778.88,0.46
M0005420,N,68,0,22938.16,1,1,1,1991.19,32098.72,1.21
M0005421,N,20,0,7397.07,0,1,0,505.85,7938.5,1.04
M0005422,N,69,0,14787.18,0,2,0,12681.38,7611.53,1.44
M0005423,N,71,1,11314.69,1,1,0,6911.92,6390.54,2.7
M0005424,N,38,0,10573.52,0,0,0,5385.13,6256.92,1.3
M0005425,N,41,1,5013.31,0,0,0,2189.19,4179.77,1.32
M0005426,Y,69,6,94615.26,4,3,3,51966.21,46475.49,4.36
M0005427,N,72,1,10293.33,0,1,0,2300.91,14928.4,0.0
M0005428,N,77,0,7494.63,0,0,0,1461.95,8375.59,0.0
M0005429,N,75,0,17436.97,0,0,0,3628.56,15469.73,1.1
M0005430,N,40,2,11728.37,0,1,0,8621.98,8456.98,2.16
M0005431,N,65,3,18923.72,0,0,0,2342.54,12985.09,1.28
M0005432,N,54,0,11304.96,0,0,0,2005.72,10769.94,0.98
M0005433,N,72,1,17907.33,0,0,0,9006.41,7355.4,0.12
M0005434,N,44,1,7519.92,0,2,1,4173.09,3705.06,1.19
M0005435,N,76,0,9530.13,0,0,0,2502.48,10461.69,2.17
M0005436,N,54,0,13803.64,0,0,0,6035.59,12016.59,0.33
M0005437,N,24,0,17315.88,0,0,2,1833.38,24603.87,1.87
M0005438,N,24,1,7348.99,1,0,0,3315.7,3652.75,0.38
M0005439,N,22,0,8397.86,0,0,0,4240.39,6515.76,1.59
M0005440,N,46,2,15736.91,0,1,2,3895.07,10549.03,0.0
M0005441,N,54,1,5748.08,0,2,0,873.69,7071.19,0.95
M0005442,N,61,0,18515.45,0,0,0,7183.93,8045.49,1.22
M0005443,N,73,1,7845.95,0,2,0,1850.01,7937.19,0.12
M0005444,N,34,2,15399.01,0,1,1,2261.03,13147.24,1.29
M0005445,N,78,0,5375.85,0,0,0,1246.7,4885.67,1.28
M0005446,N,49,1,17905.79,0,0,0,2463.88,14518.52,0.44
M0005447,N,23,0,8365.34,0,0,0,1568.66,8250.22,0.71
M0005448,N,26,2,10091.63,1,1,2,2722.63,6069.93,0.86
M0005449,N,73,0,5587.83,1,0,0,2594.89,1797.79,0.01
M0005450,N,41,1,7938.49,0,0,1,3148.58,5610.51,1.55
M0005451,N,72,1,10289.09,0,1,0,1847.02,7384.31,1.78
M0005452,N,62,0,16950.23,0,0,0,5181.92,9679.08,1.25
M0005453,N,30,3,4032.9,0,1,0,2966.18,2633.96,1.59
M0005454,N,59,0,4015.07,0,0,1,1414.49,3655.11,1.37
M0005455,N,67,0,29734.43,0,0,0,2956.66,27094.98,1.49
M0005456,N,48,1,22541.44,0,1,0,3698.19,15188.6,2.2
M0005457,N,70,3,11472.67,1,0,0,3398.08,9925.29,1.11
M0005458,N,32,1,8942.49,0,1,0,3734.34,5724.99,0.8
M0005459,N,30,1,10554.63,0,1,1,396.85,10778.46,1.52
M0005460,N,25,0,7623.05,1,0,0,4392.38,4825.0,0.96
M0005461,N,55,0,7330.81,1,1,0,5380.78,6910.68,0.34
M0005462,N,36,2,42252.92,1,0,0,7557.58,28666.14,1.54
M0005463,N,38,0,14951.28,0,0,1,9361.43,16376.39,0.41
M0005464,N,79,2,2836.23,0,0,0,793.57,2610.6,0.28
M0005465,N,69,0,9609.98,0,0,0,2067.22,7749.47,0.0
M0005466,N,75,2,1799.42,0,0,0,1405.36,1762.3,0.0
M0005467,N,79,1,17455.71,1,0,0,3709.2,11629.71,0.53
M0005468,N,53,0,6423.17,0,0,0,2353.36,4180.32,1.21
M0005469,N,18,1,5559.51,0,0,0,521.39,4942.5,1.46
M0005470,N,47,3,20503.19,2,0,0,5828.2,11023.37,1.8
M0005471,N,77,0,5418.19,0,0,1,1104.62,4662.56,0.7
M0005472,N,49,0,12135.84,0,0,0,5798.14,6456.24,1.29
M0005473,N,40,2,30179.08,1,2,0,6472.0,18522.55,1.61
M0005474,N,27,0,9207.49,0,0,0,2937.44,5150.34,0.91
M0005475,N,49,0,2682.0,0,0,0,1301.68,3501.55,0.57
M0005476,N,49,1,12013.39,1,0,0,4876.75,6278.99,1.32
M0005477,N,63,0,6244.3,0,0,1,1651.33,9545.21,0.82
M0005478,N,75,0,11434.91,0,0,0,5927.0,5446.72,1.41
M0005479,N,36,3,5115.86,0,0,0,891.0,3404.24,0.0
M0005480,N,40,1,13436.92,1,0,2,2492.93,13529.24,0.44
M0005481,Y,82,7,144239.86,1,1,5,29691.86,153225.24,4.34
M0005482,N,80,1,8882.8,0,1,1,5366.42,1864.15,1.37
M0005483,N,19,2,5136.98,0,0,0,2031.93,5691.54,0.04
M0005484,N,72,0,10370.65,0,0,0,1149.58,8540.11,0.0
M0005485,N,27,0,22995.78,0,1,0,2607.88,17543.93,1.69
M0005486,N,48,1,6557.88,0,0,0,2741.91,3809.79,0.84
M0005487,N,53,1,9336.5,0,0,0,807.2,7528.75,0.36
M0005488,N,29,2,5693.85,0,1,1,672.97,9258.69,0.81
M0005489,N,56,0,4259.73,1,0,1,1087.23,4901.04,0.38
M0005490,N,71,1,10314.18,0,2,0,2128.74,7963.0,0.75
M0005491,N,39,3,12471.9,0,0,1,7274.46,3407.67,2.41
M0005492,N,44,0,45218.68,0,2,0,10295.55,26239.73,1.38
M0005493,N,50,0,3676.25,1,0,0,1912.28,1540.69,0.28
M0005494,N,64,0,12087.85,0,0,0,1658.58,8745.47,1.52
M0005495,N,29,0,5941.72,0,0,0,376.09,4577.94,0.0
M0005496,N,53,1,11897.37,0,2,0,6198.59,4219.88,1.92
M0005497,N,25,0,10088.03,0,0,0,8996.75,5962.22,1.71
M0005498,N,39,0,21007.46,0,0,2,2522.28,15928.57,2.89
M0005499,N,54,1,9771.67,0,0,0,6582.37,3872.52,0.0
M0005500,N,48,1,11754.65,0,0,0,1793.98,13192.37,2.59
M0005501,N,31,0,10458.43,0,0,0,1308.9,12810.95,0.07
M0005502,N,40,2,11593.87,1,1,1,9356.81,5098.43,2.09
M0005503,N,52,1,4524.32,0,0,0,2802.26,2786.03,1.84
M0005504,Y,59,6,181307.69,3,7,3,37800.81,129459.07,6.44
M0005505,N,39,1,6787.16,0,0,0,768.97,6417.09,0.56
M0005506,N,65,0,5166.73,0,1,0,2779.19,4802.29,0.54
M0005507,N,80,0,9373.27,0,3,1,2105.96,7508.8,1.83
M0005508,N,59,1,12533.62,0,1,0,1165.03,8905.93,0.76
M0005509,N,25,1,7069.74,0,2,0,4479.65,5551.75,1.21
M0005510,N,80,1,2848.42,0,0,0,945.05,2670.59,1.21
M0005511,N,34,1,18097.28,0,2,0,3176.29,13930.87,1.15
M0005512,N,25,1,41776.3,0,1,0,1322.36,55661.06,1.77
M0005513,N,50,1,6643.55,0,0,0,690.14,6895.49,0.62
M0005514,N,64,1,10415.12,0,1,0,322.25,7849.37,0.0
M0005515,N,61,1,9598.26,1,1,0,2529.63,6716.31,2.95
M0005516,N,63,1,40123.47,0,0,0,9474.51,26522.59,1.94
M0005517,N,50,3,20593.05,0,0,0,2624.04,18505.27,1.75
M0005518,N,18,0,4569.71,0,1,0,1954.35,4593.83,0.19
M0005519,N,20,0,7310.28,0,1,0,2463.05,4911.76,0.0
M0005520,N,67,0,7242.54,0,0,0,1830.37,6271.56,0.9
M0005521,Y,78,3,144840.1,3,1,4,78675.17,103785.12,3.79
M0005522,N,62,2,29341.96,0,2,0,3447.52,25588.66,2.13
M0005523,N,79,1,2984.87,0,2,0,1260.25,3641.77,0.0
M0005524,N,52,1,8012.08,0,0,1,2026.38,5408.83,1.57
M0005525,N,73,1,12047.37,0,0,0,1363.35,9964.21,2.51
M0005526,N,69,1,8329.12,0,0,0,2298.34,4435.15,0.32
M0005527,N,62,0,12171.48,0,0,0,529.32,16350.8,0.64
M0005528,N,62,0,14769.1,0,4,0,4435.72,9309.18,1.9
M0005529,N,69,2,37267.3,0,1,0,10458.09,34277.96,3.21
M0005530,N,41,1,13898.75,0,0,1,3276.68,10397.61,0.58
M0005531,N,61,1,8827.22,0,0,0,6310.69,2656.2,1.03
M0005532,N,19,1,3933.91,0,0,0,1299.38,2019.43,1.08
M0005533,N,80,2,10998.89,0,0,0,7981.91,7251.09,0.98
M0005534,N,68,1,21511.13,0,1,0,12415.85,16699.48,1.1
M0005535,N,49,0,18175.01,0,0,0,8651.48,11144.08,2.52
M0005536,N,71,2,12002.2,0,1,1,4469.04,15523.15,1.88
M0005537,N,66,0,15935.01,0,0,0,3208.19,10555.55,1.65
M0005538,N,26,0,15570.91,0,1,0,1754.06,10691.49,0.45
M0005539,N,47,1,4733.49,0,0,1,884.63,3886.29,0.96
M0005540,N,34,0,12231.52,0,2,0,9149.29,5515.55,1.14
M0005541,N,72,2,22140.47,0,1,0,1001.5,20633.18,1.05
M0005542,N,59,1,30866.42,0,1,0,9539.06,16664.13,1.71
M0005543,N,39,1,12720.49,1,2,0,4149.93,11460.96,1.19
M0005544,N,69,1,12906.84,0,0,0,4750.63,8885.13,1.61
M0005545,N,43,2,10660.87,0,0,2,10367.58,4590.73,1.63
M0005546,N,74,3,10937.83,0,2,0,4346.31,10042.3,0.3
M0005547,N,48,3,6236.37,0,0,0,1231.1,10076.97,0.51
M0005548,N,73,2,20554.66,0,1,2,4841.38,16235.04,1.08
M0005549,N,27,1,10796.65,0,2,0,3983.62,12426.74,1.44
M0005550,N,31,1,28363.58,0,1,1,5757.59,20382.36,1.06
M0005551,N,28,1,18959.24,0,1,0,2178.58,31461.25,0.93
M0005552,N,45,0,12947.81,0,1,0,11881.71,4471.18,1.44
M0005553,N,65,1,7887.4,0,0,1,932.6,10642.39,1.1
M0005554,N,34,1,7007.59,1,0,0,3359.91,3415.64,0.64
M0005555,N,40,2,23352.56,0,0,0,3314.15,18923.59,2.16
M0005556,N,44,0,7259.97,1,2,0,2196.37,7743.64,1.39
M0005557,N,58,1,7430.35,1,0,0,5681.98,6325.99,2.85
M0005558,N,78,1,20356.34,0,1,0,3109.19,17631.14,0.47
M0005559,N,79,0,5126.7,0,0,0,612.64,3963.28,1.62
M0005560,N,39,1,22859.14,0,2,0,12574.48,10692.81,1.45
M0005561,N,65,1,2874.38,0,1,1,1371.79,2839.65,0.75
M0005562,N,66,1,4152.05,0,0,0,1004.03,2383.69,0.75
M0005563,N,34,0,28652.87,0,1,0,14483.29,9254.33,0.0
M0005564,N,42,0,20509.55,1,2,2,2124.73,16086.15,2.81
M0005565,N,46,2,6674.69,1,1,0,4627.43,4570.79,1.19
M0005566,N,51,2,14163.34,0,1,0,7852.77,14099.2,0.41
M0005567,N,58,1,27504.34,0,0,0,11096.27,15887.15,1.06
M0005568,N,58,1,8342.96,0,2,0,3920.37,4618.48,0.15
M0005569,N,32,1,7730.28,0,0,0,1969.08,5661.51,1.7
M0005570,N,61,1,21860.82,0,2,0,7503.74,13302.13,0.71
M0005571,N,79,2,16054.58,1,1,0,1563.26,12905.49,0.33
M0005572,N,78,2,11085.98,0,1,0,6848.85,7850.96,0.45
M0005573,N,51,1,19818.89,0,1,0,4781.28,15879.11,0.87
M0005574,N,76,2,5928.76,0,0,0,3348.92,4103.16,0.0
M0005575,N,74,2,24460.48,0,2,1,11564.42,32322.02,2.49
M0005576,N,76,0,8475.75,0,2,0,1526.63,5246.23,1.29
M0005577,N,75,0,11019.34,1,0,0,2396.62,8046.35,0.0
M0005578,N,23,2,4718.55,0,1,2,1795.36,3443.45,1.38
M0005579,Y,85,6,198605.4,2,3,2,99515.93,151974.19,2.75
M0005580,N,75,2,8826.19,0,0,1,3031.69,7471.77,0.98
M0005581,N,19,0,4745.52,1,1,0,1884.23,2804.43,1.15
M0005582,N,73,1,5902.78,0,0,1,1712.06,5480.21,1.77
M0005583,N,51,0,4772.6,0,0,2,1544.64,3472.06,0.0
M0005584,N,29,4,6517.2,0,0,0,2495.93,5663.75,0.99
M0005585,N,36,0,20606.27,0,1,1,4453.27,14454.11,1.49
M0005586,N,35,1,10387.03,0,0,0,2279.85,8178.76,1.63
M0005587,N,69,2,17491.85,0,0,0,10848.56,19477.23,2.18
M0005588,N,51,2,23579.67,0,0,1,12280.53,13483.69,1.17
M0005589,N,62,1,11408.78,0,1,0,4171.58,4748.0,0.24
M0005590,N,73,1,7311.2,2,1,0,2153.96,8836.65,0.99
M0005591,N,74,2,3396.59,0,0,0,1398.73,2450.33,1.34
M0005592,N,19,1,35114.24,1,0,3,13490.17,27218.09,2.02
M0005593,Y,49,2,207949.0,4,3,1,71262.18,201243.71,4.1
M0005594,N,22,0,11076.38,0,0,1,1411.17,13679.9,0.62
M0005595,N,22,2,9261.43,0,1,1,4448.79,6743.14,0.04
M0005596,N,58,1,7532.77,0,0,1,1339.24,4874.88,0.44
M0005597,N,46,0,4960.49,0,0,0,941.38,3926.72,0.0
M0005598,N,24,0,11992.5,1,0,2,3557.24,7559.4,0.48
M0005599,N,24,1,27045.17,1,0,0,3732.33,24995.84,1.26
M0005600,N,29,0,3992.59,0,1,0,975.4,4129.45,0.36
M0005601,N,32,0,10569.71,0,1,0,1834.19,8221.97,0.45
M0005602,N,18,1,13156.45,0,1,0,4258.92,8486.59,1.71
M0005603,N,55,1,18828.34,0,1,0,4785.08,11086.6,1.56
M0005604,N,57,1,9001.75,0,2,0,1603.21,13141.06,0.25
M0005605,N,31,0,2467.12,0,0,0,1991.81,2266.73,1.46
M0005606,N,30,1,6210.99,0,0,0,3077.96,4154.06,0.01
M0005607,N,37,0,4408.24,1,0,0,818.19,7119.24,0.69
M0005608,N,43,0,34375.13,0,0,1,5427.63,21536.19,1.47
M0005609,N,33,2,10388.87,0,2,0,3194.52,12840.14,0.0
M0005610,N,28,1,14150.86,0,0,0,3326.09,9643.85,1.59
M0005611,N,53,1,12121.99,0,0,0,1972.93,10634.23,2.1
M0005612,N,75,1,5221.03,0,0,0,979.53,5135.36,1.02
M0005613,N,49,1,42509.69,0,1,0,2333.02,31976.23,2.2
M0005614,N,78,1,3197.78,2,0,1,2729.13,2952.31,0.89
M0005615,N,65,1,5615.96,0,0,0,2990.07,4469.36,0.27
M0005616,N,56,1,8447.03,0,2,2,1115.52,6516.15,1.15
M0005617,N,66,2,9090.55,0,1,0,3558.53,12185.59,0.69
M0005618,N,67,0,5940.47,0,0,0,659.53,4535.32,0.96
M0005619,N,34,1,19856.98,1,2,2,8876.62,17335.18,1.78
M0005620,N,23,1,6723.71,1,1,1,1941.58,8208.65,1.65
M0005621,N,59,1,30046.78,0,2,0,5351.5,19292.95,2.6
M0005622,N,44,2,6958.32,1,1,2,2206.61,9579.32,0.97
M0005623,N,72,0,8036.84,0,1,0,2646.06,4302.63,1.51
M0005624,N,38,2,6589.84,0,0,1,1527.18,4058.88,2.71
M0005625,N,30,1,3225.37,0,1,0,1590.1,2100.46,0.29
M0005626,N,65,2,7527.18,0,0,0,727.67,6903.71,0.22
M0005627,N,40,0,10071.78,1,0,1,2928.63,11489.43,0.65
M0005628,N,80,0,32009.31,0,1,0,4055.25,31538.14,2.78
M0005629,N,45,2,15792.59,0,0,0,4007.65,9363.53,1.23
M0005630,N,30,0,6626.51,1,0,0,4066.42,3452.54,0.32
M0005631,N,56,0,6279.57,1,0,2,1361.79,6268.49,0.26
M0005632,N,76,0,12779.76,1,1,0,3668.42,11967.19,0.16
M0005633,N,31,0,13426.14,0,2,0,15694.64,6989.65,0.78
M0005634,N,68,2,11086.61,0,1,0,4760.0,12269.07,1.64
M0005635,N,68,0,6474.57,1,2,0,2597.82,7840.58,1.4
M0005636,N,56,0,16871.6,0,1,0,6035.68,19613.34,0.0
M0005637,N,63,1,10306.85,0,0,0,1165.82,7737.17,0.68
M0005638,N,34,1,8452.55,0,0,0,2014.96,6012.14,0.0
M0005639,N,74,0,10982.6,0,1,0,10946.06,7374.16,1.14
M0005640,Y,37,5,179549.92,5,5,5,45620.94,137579.56,7.77
M0005641,N,79,2,28495.05,1,2,0,5880.42,16462.64,0.46
M0005642,N,55,1,13207.0,0,2,1,2579.05,8854.77,0.71
M0005643,N,34,0,17309.77,1,0,0,1262.31,15062.18,0.73
M0005644,N,60,0,5266.25,0,0,0,2556.15,2113.1,0.0
M0005645,N,36,1,11195.94,0,0,1,7491.63,9114.36,0.8
M0005646,N,28,1,6180.9,0,1,0,3842.66,4409.21,0.08
M0005647,N,45,1,7657.16,0,0,0,1162.39,6801.37,1.08
M0005648,N,67,1,16809.82,0,2,0,6597.57,9178.0,1.83
M0005649,Y,43,6,283382.09,1,1,4,92102.33,248660.32,4.04
M0005650,N,47,2,3231.82,0,2,0,1882.83,1175.48,1.05
M0005651,N,35,1,12605.03,0,0,1,3350.26,10510.16,0.12
M0005652,N,47,0,3378.11,0,0,0,884.79,2376.7,0.0
M0005653,N,42,1,10046.57,0,1,1,1379.99,14439.37,1.26
M0005654,N,29,2,18608.62,0,1,0,5612.3,12680.59,4.33
M0005655,N,80,3,13513.29,0,2,0,3311.31,10742.95,1.14
M0005656,N,69,1,11538.79,0,0,0,9867.16,9037.23,1.95
M0005657,N,63,2,15754.25,0,1,0,6827.86,20543.05,0.59
M0005658,N,36,1,10320.55,1,3,0,2145.5,10487.9,1.14
M0005659,N,51,0,5990.19,0,0,0,2686.72,2481.75,0.57
M0005660,N,41,2,33037.86,1,0,0,8341.85,20657.77,0.72
M0005661,N,22,0,7520.08,0,2,0,3719.49,6796.89,0.5
M0005662,N,59,2,31556.79,1,0,0,5760.17,27626.1,1.35
M0005663,N,66,1,10222.87,1,1,0,2665.33,5745.02,0.83
M0005664,N,57,1,29480.13,0,0,0,11399.4,15141.06,1.13
M0005665,N,20,0,11741.11,0,1,1,3297.52,11344.98,0.0
M0005666,N,34,1,5189.56,0,0,0,724.03,4655.12,1.39
M0005667,N,18,1,18734.3,0,1,1,4470.83,16313.11,0.58
M0005668,N,28,1,13058.97,1,0,0,1758.48,9942.24,0.77
M0005669,N,58,1,3768.05,1,0,0,1571.5,4469.73,1.63
M0005670,N,78,1,6608.15,0,0,0,1391.66,3846.86,0.93
M0005671,N,32,0,9809.87,0,0,0,4154.97,3758.35,1.68
M0005672,N,70,0,3951.91,0,0,0,3012.47,1847.81,0.26
M0005673,N,38,0,1876.89,0,0,0,1111.75,2118.91,1.41
M0005674,N,30,0,16188.77,0,1,1,2044.6,11674.42,0.0
M0005675,Y,64,7,155037.45,4,3,5,94078.79,89878.22,7.65
M0005676,N,21,3,22351.9,1,2,0,13787.47,14823.86,0.68
M0005677,N,73,3,17862.1,0,3,0,4438.77,11849.61,2.08
M0005678,N,66,0,6938.51,0,0,0,1920.48,6081.58,0.0
M0005679,N,61,2,17335.0,0,1,1,2871.53,11375.75,1.22
M0005680,N,76,0,5553.05,1,1,0,2472.13,6152.25,0.51
M0005681,N,68,0,6419.55,0,0,0,2983.45,6122.57,0.0
M0005682,N,53,1,12732.6,0,1,1,4658.68,6004.38,0.87
M0005683,N,39,1,12766.06,0,1,0,1602.43,10009.56,1.82
M0005684,N,55,1,15418.93,0,0,0,5248.83,20089.34,0.59
M0005685,N,18,0,11210.16,0,1,0,5884.95,9561.56,0.74
M0005686,N,68,2,4416.4,1,1,0,1389.73,2518.99,2.68
M0005687,N,18,1,11107.08,0,1,0,2090.7,9503.15,2.34
M0005688,N,55,1,7611.23,0,0,0,1727.28,4266.08,0.0
M0005689,N,51,0,13781.56,0,0,1,851.97,10949.58,1.43
M0005690,N,30,1,5935.16,0,0,0,332.3,4447.29,0.34
M0005691,N,75,0,6131.56,1,0,0,3067.34,2670.39,0.62
M0005692,N,62,1,8342.83,0,0,0,7962.18,4374.87,1.32
M0005693,N,25,0,4704.92,0,0,1,2092.5,5956.81,1.1
M0005694,N,76,1,4002.76,0,0,0,5348.14,1143.31,0.0
M0005695,N,45,2,15320.87,0,0,1,15849.75,9134.75,1.1
M0005696,Y,69,6,217880.9,4,2,5,153634.06,83611.61,5.17
M0005697,N,34,0,20999.29,0,0,1,10539.92,14425.87,1.31
M0005698,N,68,1,3485.31,1,0,0,1907.44,2635.27,0.59
M0005699,N,60,2,10963.44,0,0,0,4131.34,4960.76,0.87
M0005700,N,33,1,15502.79,0,1,0,4343.32,8189.92,0.78
M0005701,N,76,0,12430.69,0,1,0,5369.3,10861.63,0.0
M0005702,N,36,0,2995.24,0,0,0,560.85,3066.39,0.0
M0005703,N,40,1,10615.27,0,1,1,2527.49,8366.93,1.16
M0005704,N,73,0,2786.39,0,0,0,954.05,2321.12,0.95
M0005705,N,22,0,4478.7,1,1,0,1149.7,6005.66,1.21
M0005706,N,79,1,5545.74,0,0,1,2631.28,6097.0,0.21
M0005707,N,79,3,15980.44,1,0,0,3586.6,13153.95,1.84
M0005708,N,48,2,46865.16,0,2,0,5256.98,43631.25,0.56
M0005709,N,79,0,16693.97,0,1,0,6412.14,12328.29,2.35
M0005710,N,76,0,3142.26,0,0,0,736.48,3689.8,0.28
M0005711,N,31,1,6559.91,0,0,0,1337.6,6379.34,1.48
M0005712,N,45,0,15007.82,0,1,1,6861.51,7998.55,1.09
M0005713,N,20,0,10281.98,0,0,0,3511.82,11905.51,1.96
M0005714,N,40,0,6351.08,0,0,0,2390.63,3520.97,1.62
M0005715,N,60,0,15731.6,0,1,0,1424.82,14520.1,1.8
M0005716,N,48,1,6548.18,0,0,0,2366.75,6483.09,1.15
M0005717,N,61,0,4824.72,1,0,0,3840.42,2892.7,0.9
M0005718,N,32,0,13742.99,0,0,0,1344.9,11095.4,1.74
M0005719,N,78,1,9879.8,0,0,1,990.36,8204.43,1.33
M0005720,N,64,0,3098.03,0,2,0,1105.84,2595.36,0.62
M0005721,N,39,3,7193.06,0,0,1,4689.27,3342.38,1.11
M0005722,N,33,1,14530.67,0,3,0,3099.4,22222.63,1.23
M0005723,N,35,2,8008.57,0,0,1,3818.27,9281.22,1.8
M0005724,N,66,0,19997.04,1,1,0,5166.23,26877.75,0.12
M0005725,Y,45,5,452886.8,5,4,2,99586.6,436486.07,5.68
M0005726,N,60,0,6774.62,0,1,0,1830.13,4264.69,0.0
M0005727,N,25,2,2556.3,1,2,0,1531.24,2365.53,1.36
M0005728,N,80,2,33353.92,0,1,1,2672.48,42234.51,0.59
M0005729,N,54,1,4448.89,0,0,0,1003.1,2852.43,1.21
M0005730,N,54,2,16666.44,1,0,0,3579.38,13492.29,0.24
M0005731,N,31,2,8432.73,0,0,1,6090.23,7337.63,1.9
M0005732,N,74,1,14779.15,0,0,0,4418.86,11630.49,1.07
M0005733,N,67,2,10182.54,0,1,0,7492.09,11016.11,2.43
M0005734,N,62,0,6913.08,0,0,0,326.13,5165.51,0.49
M0005735,N,43,2,10690.93,1,0,0,7316.81,10427.22,1.01
M0005736,N,54,1,36927.75,0,0,1,13069.46,25831.49,1.25
M0005737,N,59,2,8720.21,1,1,1,991.99,12656.56,0.0
M0005738,N,37,2,9702.89,0,0,0,4237.12,7228.18,0.85
M0005739,N,35,1,9604.23,0,0,0,3785.27,3858.04,1.91
M0005740,N,76,2,11694.24,1,0,0,2031.38,13969.2,1.79
M0005741,N,60,5,21576.27,1,2,0,5396.35,11935.69,2.55
M0005742,N,26,0,6117.38,0,1,0,693.96,5473.47,0.95
M0005743,N,50,0,7783.76,0,0,1,2453.4,4577.62,1.16
M0005744,N,76,0,8961.76,0,0,0,1122.14,6049.46,0.46
M0005745,N,23,0,8150.04,0,0,0,3081.01,10907.59,1.5
M0005746,N,69,2,9631.96,0,0,0,2545.04,9373.11,1.59
M0005747,N,44,2,21897.25,1,1,1,6343.07,11968.56,1.8
