member_id,synthetic_high_cost_member_flag,member_age,chronic_condition_count,prior_year_paid_claims,inpatient_admissions,er_visits,specialty_rx_count,rx_paid_claims,medical_paid_claims,comorbidity_score
M0087278,N,44,0,16866.9,0,0,0,4128.05,11006.84,0.93
M0087279,N,29,2,5523.03,0,0,3,4087.45,4923.07,1.3
M0087280,N,40,0,5104.15,0,0,0,2314.07,5231.02,0.27
M0087281,N,53,1,26062.43,0,1,0,2638.09,18688.14,1.65
M0087282,N,63,2,8908.94,0,2,0,1938.41,10051.22,1.52
M0087283,N,73,0,17153.54,0,0,0,6223.06,12179.02,0.96
M0087284,N,47,0,21073.48,0,2,1,10703.82,7906.73,1.89
M0087285,N,27,1,10355.52,0,1,1,2855.05,8798.07,0.0
M0087286,N,61,0,7110.75,0,0,0,2633.1,9620.29,0.03
M0087287,N,68,1,10192.74,0,1,0,1970.29,7624.86,1.32
M0087288,N,63,0,13896.67,0,0,0,5801.01,17794.07,1.04
M0087289,N,30,0,18592.57,0,0,1,7955.76,7464.56,0.51
M0087290,N,36,2,34942.87,1,1,1,8614.22,23327.35,2.33
M0087291,N,38,1,31860.62,1,0,0,3860.75,22371.98,1.21
M0087292,N,55,2,10890.64,0,0,1,4427.93,12274.06,2.16
M0087293,N,70,3,9152.89,0,0,0,2811.69,6815.84,0.66
M0087294,Y,44,6,317635.78,4,5,7,84595.35,194900.81,5.27
M0087295,N,45,0,15672.27,0,0,0,3458.09,10706.35,2.77
M0087296,N,21,1,7769.98,0,2,0,7404.2,6414.82,2.8
M0087297,N,31,2,8535.26,0,2,0,3426.31,11181.73,2.96
M0087298,N,43,0,2255.26,0,0,0,711.67,2434.03,1.23
M0087299,N,59,0,3211.13,1,0,2,1445.14,3520.72,1.48
M0087300,N,52,2,42357.86,0,1,1,3658.66,46703.8,2.64
M0087301,N,32,0,28713.34,0,1,0,3255.48,20298.84,0.2
M0087302,N,32,2,10723.14,0,0,1,3289.72,7384.09,2.48
M0087303,N,41,1,12449.47,0,1,0,1603.92,12764.18,2.12
M0087304,N,35,2,17525.75,0,0,0,3526.68,12701.02,0.49
M0087305,Y,65,8,460403.31,5,5,7,190252.08,273881.36,5.39
M0087306,N,53,0,6213.32,1,0,0,2220.8,2802.79,2.55
M0087307,N,65,2,19634.96,0,0,1,5874.91,14018.15,1.15
M0087308,N,35,0,5871.37,1,0,1,2160.34,3796.31,0.69
M0087309,N,63,1,2979.12,0,0,0,823.93,3085.5,0.86
M0087310,N,54,2,2767.71,0,0,0,1103.77,2070.73,0.6
M0087311,N,57,1,19804.83,2,0,0,8551.81,17157.04,1.52
M0087312,N,58,2,11445.04,1,1,1,8642.01,4787.04,1.75
M0087313,N,54,1,8509.06,0,2,0,3596.81,5486.61,0.65
M0087314,N,40,0,8057.01,0,1,0,5524.18,8630.97,0.12
M0087315,N,39,2,8145.38,0,0,0,7433.6,6090.07,0.86
M0087316,N,60,2,20844.78,1,1,0,7241.29,19703.21,0.94
M0087317,N,21,1,5760.98,0,0,0,2580.94,4842.86,0.0
M0087318,Y,56,4,77263.64,3,3,1,27785.47,71351.8,4.38
M0087319,N,21,1,5269.19,0,1,0,2553.99,3086.24,2.79
M0087320,N,35,2,9097.37,0,0,0,1090.57,6447.13,1.66
M0087321,N,70,1,8220.08,1,1,0,2572.86,3920.65,1.13
M0087322,N,54,0,10828.27,1,1,0,1391.98,7185.61,1.76
M0087323,N,40,0,9313.19,1,0,0,2767.28,6973.25,0.0
M0087324,N,72,0,11491.02,0,1,1,1278.05,8457.39,0.38
M0087325,N,75,0,9378.35,0,0,0,5278.26,8657.81,0.0
M0087326,N,74,0,5431.4,0,1,1,1179.54,8549.63,2.45
M0087327,N,24,0,7914.18,0,2,0,1710.91,5438.46,1.01
M0087328,N,22,1,12144.29,1,0,1,9396.99,3694.69,0.02
M0087329,N,35,1,6846.99,0,0,1,1313.86,5872.81,1.6
M0087330,N,49,1,12064.43,0,0,0,881.18,13280.53,0.0
M0087331,N,45,0,12087.34,0,3,0,1724.6,11387.78,2.9
M0087332,N,69,1,27407.22,1,0,1,15411.32,8250.02,0.43
M0087333,N,18,0,10188.68,0,1,0,2147.54,11403.11,1.03
M0087334,N,20,2,42343.79,0,2,0,4979.63,30944.46,0.0
M0087335,N,38,2,2291.94,0,0,0,1427.91,1975.83,1.56
M0087336,N,25,0,7143.11,0,0,0,2597.94,6973.23,0.55
M0087337,N,44,1,15770.58,0,2,0,7775.37,8175.32,1.26
M0087338,N,30,2,7859.81,0,1,0,5787.42,5444.07,1.2
M0087339,Y,64,3,175321.29,4,1,2,71567.51,103843.18,4.28
M0087340,N,46,1,14603.4,0,2,0,2753.99,18188.96,1.45
M0087341,N,58,2,22373.92,0,1,0,10786.39,9548.95,0.14
M0087342,N,36,2,20017.12,0,2,0,16774.49,7781.28,2.31
M0087343,N,50,1,26811.07,0,1,0,2023.69,19109.94,1.07
M0087344,N,78,2,9561.31,1,0,0,3815.1,9254.98,1.1
M0087345,N,77,0,38204.01,1,1,0,10076.2,21603.23,1.77
M0087346,N,38,1,11309.78,0,0,0,6741.02,9351.62,1.25
M0087347,N,53,3,15877.63,0,1,0,11328.83,11860.32,1.02
M0087348,Y,83,4,101602.96,2,5,2,68298.92,58947.61,2.38
M0087349,N,68,1,5096.29,0,0,2,3535.03,2934.7,0.98
M0087350,N,53,1,20304.45,1,2,0,9939.23,11627.32,1.74
M0087351,N,66,1,37037.03,0,2,1,8080.55,24692.82,1.72
M0087352,N,40,1,6461.39,0,0,0,3096.2,8551.8,2.19
M0087353,N,35,2,17718.22,0,0,0,6584.39,8029.6,1.21
M0087354,N,62,3,11338.08,0,0,0,1293.37,8090.77,0.59
M0087355,N,59,1,16775.04,0,0,0,3306.77,11897.7,0.37
M0087356,N,20,0,23385.54,0,0,1,4641.35,20684.18,0.0
M0087357,N,30,1,15359.24,0,2,0,4139.9,12766.93,1.78
M0087358,N,56,3,16334.74,1,1,0,5155.44,13711.54,1.68
M0087359,N,34,1,23020.72,1,0,1,9775.42,9388.18,1.07
M0087360,N,49,2,12852.28,1,1,1,7293.49,8016.34,0.69
M0087361,N,78,1,7392.86,0,0,0,3664.41,4266.35,1.44
M0087362,N,24,2,26571.41,0,0,0,5205.74,15602.74,2.27
M0087363,N,21,2,8950.79,0,2,1,4447.43,2946.76,1.47
M0087364,N,24,2,9013.72,0,0,2,4309.16,10492.07,1.66
M0087365,N,65,0,7208.12,0,2,1,6437.62,3469.95,0.0
M0087366,N,36,1,13127.16,0,0,0,3329.39,10858.48,2.77
M0087367,N,49,0,16637.83,0,0,0,1984.05,13919.87,0.26
M0087368,N,44,1,3285.18,0,0,1,1055.01,3548.02,1.17
M0087369,N,34,2,10541.43,1,0,0,3544.92,11289.08,1.72
M0087370,N,79,1,11045.6,0,0,0,3242.35,7434.7,1.14
M0087371,N,28,2,4003.42,0,1,0,1494.38,5025.39,1.9
M0087372,N,37,2,6476.33,0,0,0,2386.31,7104.77,0.0
M0087373,N,40,1,14179.55,1,0,1,8650.11,7239.28,2.4
M0087374,N,77,0,11074.84,0,3,0,4266.03,7005.26,0.65
M0087375,N,46,3,7343.96,0,1,0,2019.67,4196.36,0.98
M0087376,N,55,2,13024.4,1,2,1,5387.94,12300.91,3.0
M0087377,N,71,0,3759.01,0,1,0,3354.52,2689.24,0.42
M0087378,N,31,0,3212.56,0,1,0,1605.29,3295.92,0.7
M0087379,N,47,2,5457.75,0,0,0,3830.07,5371.57,1.15
M0087380,N,61,2,18370.02,0,1,0,5509.75,8991.18,1.76
M0087381,N,63,2,14112.72,0,0,0,1738.59,12301.85,2.03
M0087382,N,79,0,14155.87,0,1,0,6207.2,16941.94,1.13
M0087383,N,46,1,18729.79,0,1,0,2786.66,13491.72,0.63
M0087384,N,61,2,24474.22,0,1,0,3699.57,16924.62,1.54
M0087385,N,55,0,9950.25,0,0,0,780.18,12276.03,0.5
M0087386,N,50,2,56929.85,1,1,0,21828.63,54184.25,2.56
M0087387,N,49,2,15038.43,0,1,1,1966.78,12460.18,1.67
M0087388,N,54,2,17000.2,0,0,0,542.3,21057.87,0.58
M0087389,N,79,1,18865.32,0,0,0,3793.81,13556.94,0.0
M0087390,N,55,0,10509.39,0,0,1,4671.3,11490.6,2.54
M0087391,N,58,1,4902.48,0,0,0,1909.13,4654.2,1.34
M0087392,N,42,2,10205.04,0,0,0,3525.19,5561.16,1.05
M0087393,N,42,2,8069.31,0,1,0,1125.93,9568.67,0.92
M0087394,N,80,0,1504.29,0,2,0,293.11,2093.3,0.73
M0087395,N,34,0,27955.58,0,0,1,4898.91,26089.49,1.64
M0087396,N,39,0,3498.25,0,0,0,1757.18,1979.95,1.86
M0087397,N,60,0,5975.66,0,0,0,857.41,4244.43,0.0
M0087398,N,24,2,16677.08,0,1,0,5643.19,10769.2,0.89
M0087399,N,67,2,9557.16,1,0,0,880.57,11562.45,0.0
M0087400,N,79,1,12583.42,0,0,0,2191.03,8644.42,1.02
M0087401,N,50,0,5643.1,0,1,0,1901.54,4371.51,0.0
M0087402,N,40,1,4904.91,0,0,0,3803.51,5023.99,0.75
M0087403,N,63,0,40727.61,0,1,0,1312.88,41875.76,1.29
M0087404,Y,67,3,225938.54,2,2,4,65734.09,160184.04,2.85
M0087405,N,33,0,17244.09,1,2,0,2328.24,11899.37,1.19
M0087406,N,64,0,12327.81,0,0,0,5562.52,8415.44,1.08
M0087407,N,65,1,19609.36,2,0,0,7875.95,15814.69,1.34
M0087408,N,23,0,15388.14,1,2,1,9967.01,16239.31,2.67
M0087409,N,61,2,8437.72,0,0,0,2890.15,6704.03,0.95
M0087410,N,68,0,18803.72,0,2,0,1633.63,13636.65,0.0
M0087411,N,78,1,10951.38,0,0,0,2836.91,10610.21,0.97
M0087412,N,65,0,4773.9,1,0,0,992.22,4494.23,1.05
M0087413,N,80,2,11183.87,0,0,0,1930.59,10698.88,1.05
M0087414,N,43,1,6592.51,0,0,1,2779.23,4628.16,0.24
M0087415,N,58,1,27444.81,1,0,1,14130.88,13361.9,3.1
M0087416,N,20,1,24644.55,0,2,0,6345.76,20523.93,1.36
M0087417,N,75,0,2255.46,0,0,0,2229.35,1237.78,0.31
M0087418,N,36,1,16099.05,0,1,0,10796.16,9706.72,2.14
M0087419,N,20,0,5234.43,0,0,0,998.16,5859.74,2.18
M0087420,N,58,1,4018.05,0,2,0,1308.97,5877.86,1.23
M0087421,N,64,3,15834.33,1,1,1,8982.24,13506.22,1.85
M0087422,N,73,1,14610.52,0,1,0,3290.25,19629.34,1.12
M0087423,N,69,0,17039.82,0,0,0,1574.02,18685.13,0.47
M0087424,N,45,0,5920.06,0,0,0,1459.19,4822.22,0.0
M0087425,N,77,0,6591.94,0,1,0,2425.01,5573.89,2.07
M0087426,Y,55,3,112687.0,2,4,3,53872.62,93033.73,5.16
M0087427,N,36,0,14075.7,0,0,0,7333.42,4276.23,0.71
M0087428,N,26,1,4136.75,0,1,0,658.34,4105.29,0.0
M0087429,N,77,0,2218.74,0,0,0,586.57,2438.61,0.67
M0087430,N,48,0,8887.16,0,0,0,2812.69,4155.77,0.48
M0087431,N,20,1,6343.83,0,2,2,517.32,4690.51,0.41
M0087432,N,39,0,16776.7,0,1,0,3995.41,11722.48,0.92
M0087433,N,30,1,18278.21,0,1,0,8767.84,6960.84,1.98
M0087434,Y,77,7,277386.21,6,4,3,110997.99,252290.39,6.22
M0087435,N,48,2,13417.58,0,3,0,2843.83,10165.08,1.64
M0087436,N,28,0,5634.15,0,1,0,2523.51,2767.75,0.83
M0087437,N,22,0,6760.32,0,1,0,713.18,7417.55,1.91
M0087438,N,49,0,7812.28,0,2,0,1028.8,6610.12,0.58
M0087439,N,63,0,9183.23,1,0,0,4522.46,5967.87,0.58
M0087440,N,25,1,19727.51,0,4,0,10963.76,8804.89,0.71
M0087441,N,25,2,19776.57,0,2,0,3030.64,26540.92,0.8
M0087442,N,58,0,4231.65,0,0,0,5339.12,2219.77,0.66
M0087443,N,64,1,5616.73,0,0,0,6088.62,3466.22,0.29
M0087444,N,46,2,11370.77,0,0,1,4827.08,11050.39,0.0
M0087445,N,60,2,3812.71,0,0,0,633.74,2877.52,0.0
M0087446,N,25,1,9865.53,0,3,0,1248.7,10319.91,1.15
M0087447,N,67,1,18043.83,1,0,1,1972.88,24147.76,1.48
M0087448,N,74,1,13146.89,1,1,0,5583.26,12094.06,1.96
M0087449,Y,60,6,238203.16,2,2,4,59194.51,161117.03,6.3
M0087450,N,19,1,17049.72,0,0,1,2676.51,11518.77,2.48
M0087451,N,78,1,10108.25,0,0,0,2003.88,10598.11,1.23
M0087452,N,80,1,4859.74,1,0,0,3407.3,2419.64,1.02
M0087453,N,25,0,5308.98,1,1,0,2015.94,4099.03,0.03
M0087454,N,70,2,17189.08,0,1,0,8569.57,10714.06,0.29
M0087455,N,43,2,6562.59,0,1,1,2902.33,2381.3,0.0
M0087456,N,50,0,16828.29,0,2,0,3531.58,12502.64,0.84
M0087457,N,45,1,6386.35,0,0,1,678.92,5744.48,0.0
M0087458,N,43,0,10273.09,0,1,1,8531.8,10076.59,2.96
M0087459,N,43,0,2856.86,0,0,0,783.38,4126.39,1.76
M0087460,N,35,0,6881.8,1,0,0,2579.94,4773.17,0.35
M0087461,N,55,1,10572.97,0,0,0,3247.5,8252.78,0.0
M0087462,N,29,0,19230.44,0,1,0,2285.97,15494.59,1.43
M0087463,N,63,0,3801.17,0,0,0,3396.31,2716.83,0.81
M0087464,N,45,1,23264.15,1,1,0,2860.55,28651.83,1.82
M0087465,N,33,0,5559.39,1,1,0,1353.35,3962.25,0.0
M0087466,N,26,1,39496.53,1,1,0,8760.65,22960.74,1.71
M0087467,N,68,1,17078.87,1,0,0,6545.12,10565.13,0.0
M0087468,N,34,2,15070.56,0,1,0,4282.43,19685.59,2.45
M0087469,N,26,0,5605.65,0,0,0,879.44,3651.32,0.07
M0087470,N,20,3,9163.58,0,0,0,2253.29,13057.5,0.96
M0087471,N,56,0,14451.43,1,0,1,5673.04,12521.44,1.16
M0087472,N,31,1,11921.96,0,1,1,1055.38,8676.45,0.0
M0087473,N,44,0,4607.95,0,1,0,1789.06,3969.86,0.0
M0087474,N,38,0,9164.68,0,2,0,1588.72,9358.94,0.41
M0087475,N,71,2,15951.74,0,0,0,4600.23,18462.75,1.53
M0087476,N,62,1,15718.0,0,2,0,3613.02,8981.87,1.44
M0087477,N,18,2,10318.15,1,1,1,3048.72,11289.68,1.78
M0087478,N,29,3,13265.63,0,0,1,3668.41,7542.85,0.0
M0087479,N,51,0,10827.0,0,0,0,1345.06,9152.1,1.12
M0087480,N,73,1,21413.05,0,0,0,4909.87,23343.46,1.56
M0087481,N,46,0,6182.42,0,1,1,1960.88,4775.74,0.62
M0087482,N,21,1,9260.57,1,0,0,2882.44,6571.77,1.0
M0087483,N,51,0,12822.98,0,0,0,8001.81,11042.92,1.45
M0087484,N,40,0,15161.57,0,0,0,750.31,12685.02,0.84
M0087485,N,21,0,14773.45,0,0,0,8902.48,6513.04,0.87
M0087486,N,18,1,21075.7,0,2,0,1315.29,17847.25,0.8
M0087487,N,59,0,10041.88,0,1,0,1185.39,10970.31,1.1
M0087488,N,25,0,8866.42,1,0,0,2772.82,6855.08,0.13
M0087489,N,64,1,3665.6,0,0,0,2966.48,2206.08,0.45
M0087490,Y,65,5,249746.41,3,3,4,124379.08,164547.4,7.58
M0087491,N,42,2,8444.25,0,0,0,4980.41,4214.49,2.66
M0087492,N,51,1,65608.24,0,2,2,9938.79,44797.55,3.17
M0087493,N,23,1,11770.79,0,0,0,1317.27,10666.79,1.53
M0087494,N,70,2,9628.15,0,0,1,5668.76,3547.27,0.15
M0087495,Y,39,4,105076.62,2,3,3,24944.86,122310.98,2.0
M0087496,N,64,0,7457.88,0,4,0,6623.8,4417.62,0.74
M0087497,N,35,0,8143.6,0,1,0,818.54,12045.1,0.06
M0087498,N,57,0,29260.45,0,0,1,9455.83,25031.64,1.93
M0087499,N,62,0,9180.1,1,1,0,1140.28,9305.41,2.14
M0087500,N,75,2,23294.09,0,0,0,9899.39,8787.65,1.2
M0087501,N,65,2,36226.05,0,0,0,5639.36,22806.74,0.66
M0087502,N,53,1,6017.97,0,2,0,2315.37,5727.36,0.44
M0087503,N,29,0,5034.83,0,1,0,2811.19,4508.97,0.62
M0087504,N,22,1,7021.97,0,0,0,1672.33,6161.91,0.24
M0087505,N,65,2,6204.81,0,0,0,1869.26,8320.29,1.57
M0087506,N,61,3,9465.31,0,2,1,1320.56,13891.19,0.73
M0087507,N,38,0,8497.25,0,0,1,1486.12,5835.97,1.17
M0087508,N,50,2,20155.81,1,0,0,10171.27,18396.66,0.84
M0087509,N,67,0,9097.41,0,0,0,3925.54,3598.67,1.41
M0087510,N,39,0,12309.76,1,1,0,3026.06,14569.23,1.48
M0087511,N,60,1,4323.83,0,0,0,548.71,5439.93,0.82
M0087512,N,70,1,21076.55,0,2,0,11941.47,16670.19,2.25
M0087513,N,64,0,8290.4,0,1,0,4746.77,3515.67,0.31
M0087514,N,27,0,32666.77,0,0,0,1239.83,24770.86,0.63
M0087515,N,75,2,23870.15,0,1,1,3594.12,17144.41,1.34
M0087516,N,64,2,26438.15,0,1,0,18758.09,5599.35,1.11
M0087517,N,59,3,18787.73,0,1,0,5006.94,19942.83,0.09
M0087518,N,50,0,18061.19,1,0,1,2982.44,22429.99,2.05
M0087519,N,80,0,4234.08,0,1,0,986.11,4776.04,0.46
M0087520,N,58,1,12140.65,0,0,0,5593.62,10113.16,1.62
M0087521,N,55,1,14849.43,2,0,0,4566.01,19313.09,1.22
M0087522,N,49,0,8273.51,0,0,0,1431.33,8018.72,0.0
M0087523,N,49,2,11236.53,1,3,0,4062.93,8704.63,2.47
M0087524,N,67,0,9331.45,0,0,0,3083.75,7648.65,0.65
M0087525,N,73,1,10291.74,0,2,0,1393.16,8058.05,1.19
M0087526,N,30,1,23720.25,0,1,0,3124.35,17147.33,1.0
M0087527,N,51,1,6186.8,0,0,0,2870.62,7048.66,0.3
M0087528,N,77,0,21295.7,0,0,1,3397.68,14899.27,1.33
M0087529,N,57,1,3559.46,0,0,0,1338.53,2077.78,0.84
M0087530,N,47,0,3101.51,0,0,0,562.34,3941.02,0.0
M0087531,N,35,1,22671.4,1,2,0,2713.15,15026.53,1.44
M0087532,N,34,2,22452.82,0,1,0,5070.38,17067.96,1.99
M0087533,N,31,0,5930.92,0,2,1,1356.83,3939.61,1.57
M0087534,N,49,0,35714.18,0,1,0,13910.7,19781.36,1.59
M0087535,N,43,0,25436.99,0,0,0,2230.44,20313.13,0.0
M0087536,N,47,3,20188.74,0,1,1,7040.17,12167.64,1.89
M0087537,N,65,1,6015.55,0,0,0,884.28,4673.24,0.0
M0087538,N,48,3,19713.51,0,1,0,3533.99,29648.72,2.11
M0087539,N,29,3,27606.84,0,2,0,2965.3,19256.66,2.51
M0087540,N,31,1,8843.18,0,0,0,3168.96,5619.7,1.28
M0087541,N,24,2,11343.49,0,0,0,1858.54,7498.02,1.14
M0087542,N,38,0,17999.29,1,1,0,6946.85,20861.38,1.26
M0087543,N,35,2,6391.21,1,0,0,809.63,7345.85,0.46
M0087544,N,31,0,10365.29,0,1,0,1413.36,8184.03,0.31
M0087545,N,23,4,8658.52,0,1,2,3719.37,9952.12,1.33
M0087546,N,58,2,5325.01,0,0,0,1512.13,6798.24,1.27
M0087547,N,29,1,10239.7,0,1,0,1783.37,7398.42,1.48
M0087548,N,53,2,5598.5,0,1,0,441.28,4620.46,1.38
M0087549,N,19,1,10972.54,0,1,0,3911.67,8925.8,0.67
M0087550,N,41,1,2294.19,0,0,1,547.81,2172.2,1.07
M0087551,N,40,1,6400.3,0,2,0,1178.16,6093.07,0.0
M0087552,N,20,3,15628.02,0,0,0,2211.61,18587.25,1.54
M0087553,N,44,1,11608.62,0,1,0,7809.96,5697.09,0.77
M0087554,N,63,1,5037.57,1,1,0,1140.73,6842.19,1.37
M0087555,Y,59,4,228571.15,2,4,1,88297.24,164871.04,4.59
M0087556,N,33,0,7971.35,0,0,0,2716.93,10729.62,0.57
M0087557,N,73,1,28833.52,0,3,0,2617.83,22914.54,1.55
M0087558,N,30,0,15742.99,0,1,0,2528.34,14877.3,1.6
M0087559,N,55,2,14194.38,0,1,0,1367.7,15238.05,0.24
M0087560,N,78,2,90317.8,1,3,1,6786.68,64867.86,0.83
M0087561,N,21,0,13499.32,2,1,1,6349.48,14217.82,0.75
M0087562,N,69,1,7958.52,0,2,0,4258.46,6943.65,0.82
M0087563,N,36,1,7323.6,0,1,1,2285.06,5385.91,0.0
M0087564,N,72,1,4754.94,0,0,0,2011.19,4547.12,1.13
M0087565,N,45,0,14735.5,0,1,0,2041.19,10330.28,1.16
M0087566,N,69,3,22079.96,0,0,0,5875.42,13554.95,0.56
M0087567,N,41,0,7433.72,0,0,0,3330.81,4612.17,1.0
M0087568,N,43,1,6329.83,0,1,0,4818.9,5080.16,0.99
M0087569,N,65,1,10859.87,0,0,0,4413.26,7379.39,0.0
M0087570,N,31,0,7901.24,1,0,0,5548.91,3277.79,0.89
M0087571,N,72,1,5736.47,0,0,0,1246.0,7226.19,0.06
M0087572,N,66,1,3912.21,0,1,0,859.54,2807.58,1.23
M0087573,N,76,0,7759.68,0,0,0,1936.3,10849.99,0.72
M0087574,N,58,0,3223.25,0,0,1,1058.5,3421.53,0.56
M0087575,N,23,3,5597.32,0,1,1,1292.46,8696.12,0.8
M0087576,N,77,0,10907.92,0,0,0,1177.83,8755.35,1.66
M0087577,N,73,1,1897.5,1,0,0,1059.96,2080.19,1.03
M0087578,N,64,1,7955.36,1,2,0,1757.07,5989.97,1.19
M0087579,N,29,0,25204.23,0,0,0,1158.09,19683.95,1.31
M0087580,N,80,0,11668.16,0,0,0,3742.19,8801.9,1.45
M0087581,N,64,1,22265.91,0,1,1,4109.61,30487.77,1.01
M0087582,N,78,0,14417.81,0,0,0,1329.19,10417.74,0.0
M0087583,N,51,2,17440.54,0,0,1,3748.84,21969.46,0.68
M0087584,N,52,0,6251.18,0,0,0,2860.77,5420.25,0.64
M0087585,N,48,1,15883.2,0,1,0,3222.64,12150.77,0.77
M0087586,N,61,1,32061.62,0,2,0,9115.31,18526.84,1.86
M0087587,N,49,3,7803.62,0,1,1,2317.9,6067.2,0.4
M0087588,N,64,1,8713.46,1,4,0,2487.97,6301.28,1.93
M0087589,N,29,0,2851.74,1,0,0,839.88,4158.74,1.18
M0087590,N,59,2,25986.8,0,1,0,5458.18,17925.54,0.76
M0087591,N,53,2,36289.43,0,0,0,8946.59,29479.92,3.06
M0087592,N,23,3,23283.38,0,1,0,2495.06,20719.38,1.53
M0087593,N,30,0,5392.01,0,0,0,2605.56,4444.38,1.21
M0087594,N,39,1,16447.72,0,1,0,14029.99,9067.96,0.89
M0087595,N,18,1,26657.62,0,1,0,4543.53,21649.45,0.73
M0087596,N,79,0,32846.72,1,0,0,5410.76,22738.08,2.26
M0087597,N,40,1,10503.2,0,0,0,1577.49,11581.86,0.47
M0087598,N,56,0,5740.66,0,0,0,282.22,4376.99,1.27
M0087599,Y,71,2,163622.49,2,6,1,46299.43,117122.64,3.38
M0087600,N,71,0,14851.29,0,1,1,3424.75,18361.84,1.9
M0087601,N,51,1,9893.33,0,0,0,2138.15,6636.75,0.92
M0087602,N,22,1,26374.7,0,0,0,12180.7,17177.5,2.26
M0087603,Y,42,7,166769.62,4,7,3,89883.24,121432.51,4.58
M0087604,N,42,0,5527.94,0,1,0,1153.02,5628.71,0.4
M0087605,N,79,0,8290.72,0,3,0,2415.54,4541.96,1.89
M0087606,N,22,3,9056.65,1,2,0,2526.22,7293.47,0.88
M0087607,Y,54,6,146459.68,2,4,2,68171.13,109142.18,4.74
M0087608,N,40,2,17700.93,0,1,0,2220.23,16305.33,2.24
M0087609,N,48,0,5384.48,1,0,0,2060.23,7719.03,0.0
M0087610,N,46,0,2143.58,1,0,0,623.42,1844.27,0.0
M0087611,N,18,0,10431.35,0,0,1,2749.69,7441.5,0.47
M0087612,N,23,0,2338.12,0,0,0,1332.32,2897.67,0.0
M0087613,N,80,1,2945.21,0,1,0,987.52,3311.3,0.0
M0087614,N,71,2,18325.06,0,0,0,2338.56,14105.0,0.47
M0087615,N,22,0,5482.43,0,0,0,1957.45,5736.78,0.87
M0087616,N,55,1,13552.57,0,3,0,3179.92,9764.27,1.18
M0087617,N,74,1,23893.58,0,0,0,4996.48,17433.37,0.97
M0087618,N,51,1,10607.04,0,1,1,5282.19,9994.01,1.36
M0087619,N,32,1,17061.18,0,1,0,8510.73,10568.26,1.93
M0087620,N,69,1,36034.83,1,1,0,3719.98,28209.02,2.84
M0087621,Y,84,4,273880.58,3,1,3,134663.24,161580.58,5.64
M0087622,N,58,1,25131.28,0,1,1,1832.44,19348.36,3.25
M0087623,N,50,0,4664.26,1,0,0,2939.52,2233.69,1.58
M0087624,N,19,3,6147.21,0,1,0,3395.22,3245.35,0.7
M0087625,N,38,2,17909.12,0,0,0,9098.91,5767.74,0.73
M0087626,N,30,1,5124.63,0,0,1,1770.15,5373.14,0.62
M0087627,N,19,0,6834.2,0,2,1,3123.29,6333.65,1.75
M0087628,N,76,0,6139.39,0,1,1,987.22,5025.01,0.36
M0087629,N,35,0,4456.98,0,0,0,758.32,3740.5,1.21
M0087630,N,40,1,8895.44,1,2,2,1636.07,12452.54,1.85
M0087631,N,52,0,5030.13,0,0,0,1913.34,3371.13,0.0
M0087632,N,76,1,6513.79,1,0,0,2351.91,9206.0,1.23
M0087633,N,60,0,5778.72,0,0,0,1089.76,4491.11,1.01
M0087634,N,19,0,6812.13,1,0,1,4417.37,3682.44,1.55
M0087635,N,71,2,9111.13,0,1,0,6826.51,5285.69,0.51
M0087636,N,26,2,10777.97,0,0,1,1339.19,7781.39,0.0
M0087637,N,25,2,13628.12,0,0,0,5106.04,13137.93,2.36
M0087638,N,59,0,4960.22,0,0,0,2311.82,1948.64,1.52
M0087639,N,75,3,13171.02,0,1,0,2427.01,14581.0,2.41
M0087640,N,40,1,11503.67,0,0,0,3251.77,7216.67,1.7
M0087641,N,39,2,31937.08,1,1,0,14747.75,16747.13,2.53
M0087642,N,40,0,17258.96,0,0,0,2186.15,15115.91,0.81
M0087643,N,25,1,6518.22,1,0,0,2242.41,4102.77,0.11
M0087644,N,45,0,2098.47,0,0,0,482.42,1678.85,0.87
M0087645,N,53,1,8919.17,0,2,1,1957.53,9248.52,1.65
M0087646,N,61,0,19898.09,0,1,0,7685.43,12472.94,1.74
M0087647,N,80,1,9626.59,1,0,0,3065.95,9486.92,0.53
M0087648,N,28,2,8954.32,0,0,0,1300.78,6163.09,0.16
M0087649,N,37,1,27598.51,1,0,2,5167.62,17867.03,1.51
M0087650,N,80,2,12154.6,1,0,0,5381.03,4336.29,0.27
M0087651,N,49,0,11044.7,1,0,0,3159.05,9794.52,0.72
M0087652,N,28,2,5356.17,0,0,0,868.18,4311.36,0.8
M0087653,N,72,3,15916.06,0,2,0,2167.45,11714.37,1.9
M0087654,N,29,0,13336.22,0,0,0,2537.79,8826.21,2.69
M0087655,N,48,1,3156.14,0,1,0,1235.04,2019.2,1.25
M0087656,N,72,0,19946.81,0,0,1,7598.83,15557.82,1.47
M0087657,Y,56,5,261011.83,2,6,7,84763.3,188088.12,6.56
M0087658,N,25,0,7190.41,0,2,0,354.43,7051.65,0.4
M0087659,N,59,0,6954.03,0,0,0,765.22,6389.45,1.16
M0087660,N,37,0,20931.51,0,0,0,4029.08,13028.72,1.95
M0087661,N,39,2,13568.62,1,1,0,3123.72,12359.97,1.87
M0087662,N,70,1,6400.8,1,1,0,3208.95,5567.5,0.72
M0087663,N,20,1,38093.39,0,0,0,12629.82,18627.52,0.0
M0087664,N,66,1,15297.11,1,4,1,5992.93,7298.72,0.26
M0087665,N,65,2,8423.97,0,0,0,6313.41,4216.26,1.71
M0087666,N,69,1,3810.43,0,1,0,3298.73,2054.86,1.75
M0087667,N,21,0,4021.83,0,1,1,1657.46,4796.54,0.01
M0087668,N,55,1,12693.03,1,2,0,1467.1,10971.17,1.94
M0087669,N,55,1,6504.67,1,0,1,1442.76,5051.31,0.0
M0087670,N,55,2,20031.75,0,3,0,2533.17,22011.1,2.24
M0087671,N,34,1,18771.53,1,1,0,6340.64,23350.65,1.56
M0087672,N,49,0,4906.13,0,0,0,591.21,7934.0,0.0
M0087673,N,34,1,4897.56,0,0,2,1185.72,6109.2,0.57
M0087674,N,57,1,5447.09,1,0,0,1471.38,5863.61,0.41
M0087675,N,66,3,12317.31,1,0,1,3408.2,7769.14,0.87
M0087676,N,54,0,12978.11,0,2,1,8121.74,7112.63,2.36
M0087677,N,46,2,21933.64,0,0,1,9924.76,12174.19,0.84
M0087678,N,46,0,5321.28,0,1,0,1115.93,6314.96,0.0
M0087679,N,74,1,4305.45,0,0,0,1510.42,2384.72,0.75
M0087680,N,63,1,8684.64,0,0,0,2952.53,4406.97,0.0
M0087681,N,77,0,4863.38,0,1,0,1348.96,3362.65,0.0
M0087682,N,52,0,11477.47,0,1,0,1485.4,11771.73,0.61
M0087683,N,64,0,13290.38,0,0,0,813.66,11425.69,0.92
M0087684,N,63,2,15913.06,0,3,0,8322.19,7564.14,2.14
M0087685,N,44,3,21390.58,0,2,1,9362.37,13185.86,2.58
M0087686,N,35,2,4684.52,0,1,0,2307.83,4333.74,1.58
M0087687,N,56,0,6198.6,0,0,2,2117.08,7453.39,0.42
M0087688,N,36,1,3302.99,0,0,0,1999.17,3998.22,0.69
M0087689,N,20,1,5600.45,0,0,0,6175.5,3727.2,0.72
M0087690,N,26,2,14132.81,0,1,2,4141.01,13622.58,2.65
M0087691,N,30,2,5813.84,0,1,0,2064.51,5365.88,1.08
M0087692,N,63,0,5336.59,0,0,0,1563.92,3061.61,0.0
M0087693,N,53,1,5689.39,0,0,0,2952.36,4892.89,1.15
M0087694,N,47,1,3474.14,0,0,0,1223.47,1999.06,0.67
M0087695,N,47,1,9001.45,0,0,0,4332.26,11091.93,1.43
M0087696,N,21,1,13990.56,0,0,1,1258.2,14558.65,0.69
M0087697,N,47,1,13318.26,0,0,0,7783.47,2916.0,0.67
M0087698,N,72,0,5060.38,0,0,1,2290.11,1832.25,0.0
M0087699,N,65,1,12844.12,1,1,0,10553.3,10025.01,1.86
M0087700,N,51,1,15217.2,0,0,0,3584.87,11333.1,0.63
M0087701,N,72,1,15093.06,0,0,0,1350.53,20155.99,1.07
M0087702,N,52,0,13130.25,0,2,0,4692.13,13877.05,2.27
M0087703,N,68,0,3793.07,0,0,0,1514.58,3555.14,0.46
M0087704,N,26,0,11229.31,1,0,0,2447.68,17694.63,1.94
M0087705,N,60,0,10576.28,1,0,0,2415.3,6385.09,0.83
M0087706,N,54,1,19040.74,0,2,0,6863.88,23172.04,2.43
M0087707,N,57,2,6912.48,0,0,0,4667.94,5156.28,1.39
M0087708,N,74,0,2218.0,0,0,0,1376.3,2622.93,0.8
M0087709,N,45,1,20322.65,0,0,1,4774.31,22453.61,0.68
M0087710,N,78,2,1750.42,0,0,0,732.57,2349.59,2.21
M0087711,N,68,2,14550.24,0,2,1,2891.04,15783.95,0.94
M0087712,N,60,1,9611.89,0,1,0,3185.24,7479.74,1.64
M0087713,N,71,3,14022.51,0,1,0,4833.23,19489.19,0.21
M0087714,Y,52,4,198118.99,2,4,1,64653.43,104253.59,2.0
M0087715,N,54,2,44085.24,0,1,0,2697.94,33629.59,0.84
M0087716,N,73,0,9820.35,0,2,1,1749.46,7220.02,2.34
M0087717,N,57,0,7394.06,0,1,0,1974.84,11440.64,3.44
M0087718,N,54,2,7707.77,0,2,1,740.98,10397.97,1.73
M0087719,N,72,0,16474.9,0,2,1,14897.12,11137.38,2.21
M0087720,N,47,0,9745.41,0,0,3,4599.65,5624.16,1.6
M0087721,N,41,1,3888.25,0,0,0,2768.48,2075.04,1.07
M0087722,N,29,0,8936.87,0,0,0,4164.49,10864.21,0.53
M0087723,N,25,1,6262.42,0,1,0,1213.56,5065.15,0.4
M0087724,N,32,2,23890.41,0,0,0,6867.5,14433.76,2.64
M0087725,N,46,2,9040.82,0,1,0,6763.63,5008.81,1.16
M0087726,N,52,1,4778.47,0,1,0,694.06,7282.8,0.49
M0087727,Y,72,6,327911.19,6,4,6,173302.31,128017.02,6.18
M0087728,N,72,1,5763.32,0,1,0,3538.3,4861.2,1.49
M0087729,N,25,0,13568.0,0,0,0,1927.16,16375.66,1.89
M0087730,N,62,1,10256.14,1,0,0,1555.47,6457.36,3.0
M0087731,N,44,3,23961.08,0,1,1,4767.76,20959.75,0.59
M0087732,N,74,1,8628.65,0,0,0,2714.43,7954.6,1.04
M0087733,N,75,1,6482.94,0,0,0,5040.11,6181.43,0.86
M0087734,N,69,0,4929.83,0,1,0,1445.47,4489.72,0.54
M0087735,N,37,1,24033.24,1,0,0,16337.62,13794.78,2.29
M0087736,N,47,1,10824.83,0,0,0,4526.92,10872.23,1.24
M0087737,N,70,1,19106.25,1,0,0,5851.74,15072.98,0.78
M0087738,N,47,1,25194.08,1,0,0,3163.56,33399.8,2.24
M0087739,N,65,2,8749.0,1,1,1,2783.65,4860.45,1.77
M0087740,N,55,2,24371.25,0,1,0,11626.56,17368.24,3.31
M0087741,N,61,0,12394.82,0,1,0,7894.27,4005.68,2.56
M0087742,N,54,2,7512.78,0,0,0,1892.86,4617.0,0.61
M0087743,N,20,1,5681.27,0,1,0,1743.57,8167.8,0.39
M0087744,N,35,0,44339.49,0,2,0,5198.45,37694.31,0.0
M0087745,N,34,0,11126.11,0,0,0,2749.27,8254.77,1.08
M0087746,N,60,1,6364.62,0,0,0,554.88,6814.59,0.37
M0087747,N,68,2,28864.08,0,1,1,13589.94,9365.91,3.15
M0087748,N,79,1,15260.98,1,1,0,8353.61,14099.72,0.69
M0087749,N,41,2,19532.4,0,0,0,2947.2,12521.82,0.0
M0087750,N,48,2,15040.25,0,2,0,9472.5,10633.64,0.54
M0087751,N,51,0,7118.18,0,0,0,418.55,11632.47,1.62
M0087752,N,26,1,6807.76,0,0,1,485.06,8367.33,0.0
M0087753,N,69,1,14487.75,0,0,2,7368.29,7577.36,2.68
M0087754,N,31,1,10228.87,0,0,2,3648.2,13583.92,2.29
M0087755,N,21,0,3112.63,0,0,0,449.19,4838.24,0.0
M0087756,N,33,1,2301.33,0,0,1,1444.76,2103.16,0.62
M0087757,N,51,0,9315.37,0,0,0,1975.54,6045.72,1.27
M0087758,N,20,0,4298.63,1,0,0,1086.85,2879.91,0.2
M0087759,N,50,0,7638.25,0,1,0,2278.54,6675.56,0.49
M0087760,N,19,1,5399.25,0,1,0,1039.55,3971.32,1.72
M0087761,N,44,2,6786.14,0,1,0,1298.23,4574.87,0.25
M0087762,N,32,1,4105.0,0,0,0,1838.27,5405.92,1.79
M0087763,N,46,1,45225.76,1,1,0,6948.34,33641.29,1.92
M0087764,N,56,0,9688.94,0,1,0,1339.29,7165.0,0.12
M0087765,N,75,0,13475.45,1,0,1,2931.7,12578.91,0.38
M0087766,N,68,0,6376.44,0,1,0,1117.25,4620.97,0.56
M0087767,N,30,1,12841.3,1,0,1,6061.92,12534.29,0.45
M0087768,N,48,0,4734.26,0,0,0,560.95,3264.11,0.5
M0087769,N,61,1,8329.63,0,0,0,631.13,8503.5,1.43
M0087770,N,73,1,8955.16,2,1,1,8300.97,7878.58,2.43
M0087771,N,38,1,17935.81,0,0,0,4635.24,12440.81,1.15
M0087772,N,67,1,5218.49,0,0,1,909.86,4325.26,1.03
M0087773,N,56,1,9408.0,0,1,0,4299.53,3434.39,0.42
M0087774,N,65,0,12466.44,1,0,1,5327.61,6736.35,1.55
M0087775,N,56,1,8648.1,1,2,1,8824.83,5557.65,2.49
M0087776,N,22,1,13147.12,0,0,0,2067.45,11880.3,0.23
M0087777,N,70,0,5885.84,2,0,0,1878.95,6794.93,1.52
M0087778,N,32,1,20382.22,0,1,2,4525.89,17293.47,0.0
M0087779,N,18,0,2813.23,0,0,0,1238.88,3759.01,1.71
M0087780,N,72,1,32999.85,2,3,2,10675.42,17955.19,0.2
M0087781,N,49,2,15134.99,0,1,0,6756.73,10068.02,1.25
M0087782,N,55,1,6930.78,2,1,0,1246.74,4382.13,0.82
M0087783,N,65,1,16906.77,0,2,1,2524.05,12605.28,2.03
M0087784,N,34,1,11855.21,0,0,0,5125.04,6521.39,0.0
M0087785,N,47,0,17192.5,1,2,0,1478.12,16804.81,1.29
M0087786,N,60,1,16415.99,0,0,0,12454.71,15860.48,0.92
M0087787,N,30,3,21275.11,0,0,2,7005.19,13227.43,0.83
M0087788,N,29,0,13775.43,0,0,0,4897.34,10197.79,0.77
M0087789,N,73,0,8040.88,0,2,0,2021.64,10944.71,0.68
M0087790,N,80,1,13619.39,1,0,0,6138.08,4975.61,0.0
M0087791,N,69,2,14246.33,0,1,0,15502.13,4944.5,1.38
M0087792,N,39,0,18074.31,0,0,0,8151.89,8263.86,0.21
M0087793,N,37,1,33467.23,0,0,0,4571.22,23744.14,1.53
M0087794,N,22,2,21968.09,1,1,0,2612.73,17149.34,0.51
M0087795,N,64,2,17134.04,1,2,1,2250.25,28568.72,2.14
M0087796,N,65,1,2710.27,0,2,0,1766.84,2694.08,0.42
M0087797,N,45,1,34798.8,1,1,1,9111.84,20549.5,2.44
M0087798,N,67,0,9204.26,1,0,1,3476.93,4376.06,0.21
M0087799,N,65,1,4424.06,0,1,0,177.5,3337.86,0.33
M0087800,N,46,0,7992.55,0,0,0,4183.81,7282.04,2.72
M0087801,N,49,4,19978.18,0,0,0,13534.08,12579.28,2.4
M0087802,Y,67,4,243057.25,1,3,1,99461.12,124098.66,3.87
M0087803,N,60,3,5943.26,0,1,2,2556.15,7600.96,1.51
M0087804,N,71,2,12783.61,0,1,0,2920.7,15090.48,0.55
M0087805,N,62,0,12166.49,0,3,0,464.74,9055.0,0.96
M0087806,N,69,0,17939.97,0,2,1,10837.48,5258.06,0.37
M0087807,N,58,0,12578.82,1,0,0,3050.68,8041.15,1.69
M0087808,N,47,2,5624.74,1,0,0,7385.51,1149.59,1.09
M0087809,N,54,1,5632.63,0,1,0,2892.3,3152.09,0.0
M0087810,N,65,1,6500.91,0,0,0,5025.94,5441.95,0.11
M0087811,N,78,1,5479.74,0,1,0,521.94,6491.97,1.65
M0087812,N,45,0,8164.0,0,0,0,6031.6,6593.48,0.95
M0087813,N,32,3,27464.65,0,2,0,8203.06,14719.84,0.73
M0087814,N,37,2,19204.18,0,0,1,6606.2,9104.85,1.68
M0087815,N,71,3,8586.19,0,1,1,5270.4,6513.02,0.0
M0087816,N,79,1,8258.89,0,0,1,3187.15,4830.91,0.2
M0087817,N,55,3,12090.04,0,0,0,1912.56,17202.62,1.4
M0087818,N,65,0,2751.89,1,1,0,977.95,3230.5,0.0
M0087819,N,69,1,29084.13,0,0,0,663.34,27894.96,1.67
M0087820,N,25,4,35206.16,1,2,0,10261.2,37102.47,3.17
M0087821,N,23,3,5481.88,0,0,0,1669.76,3896.12,1.45
M0087822,N,21,1,13957.56,0,0,0,2007.31,11099.6,0.67
M0087823,N,80,1,8260.74,1,0,0,836.92,7660.33,0.18
M0087824,N,33,0,7526.66,0,1,0,5606.7,3022.65,1.47
M0087825,N,65,0,2151.37,0,0,0,956.36,1506.98,0.4
M0087826,N,46,1,8465.19,0,0,1,6469.54,6080.98,0.48
M0087827,N,19,3,7503.46,0,1,1,1401.07,6857.33,2.13
M0087828,N,49,1,17466.69,1,1,0,3331.44,11451.92,0.49
M0087829,N,21,1,6334.88,0,0,0,4105.12,7062.05,2.72
M0087830,N,62,2,14452.0,0,1,0,2324.26,9217.1,1.64
M0087831,N,80,0,32528.7,1,1,1,2358.45,24582.13,1.72
M0087832,N,79,1,6335.4,1,0,0,1171.29,9967.81,1.4
M0087833,N,55,0,4927.3,0,1,0,399.74,4826.81,0.57
M0087834,N,56,0,12845.8,0,0,0,3521.54,11015.47,2.88
M0087835,N,41,1,21538.56,0,2,1,5067.89,24038.89,0.0
M0087836,N,36,2,28407.66,0,1,0,2570.04,20322.41,0.0
M0087837,N,36,1,3950.55,0,2,2,1770.18,3078.58,1.87
M0087838,N,47,1,7993.12,0,0,1,5014.34,4430.74,1.59
M0087839,N,36,1,8846.99,0,1,0,2829.59,10950.84,0.0
M0087840,N,54,2,11736.15,0,3,1,2537.81,9126.08,1.08
M0087841,N,41,0,5684.22,0,0,0,2551.68,2221.32,0.69
M0087842,N,53,1,14217.8,0,0,0,4091.49,8080.74,1.17
M0087843,N,53,0,6404.07,0,0,0,2266.22,7075.87,0.83
M0087844,N,47,0,7087.46,0,0,0,571.23,11083.27,0.0
M0087845,N,26,1,6801.69,1,1,0,709.34,7350.34,0.05
M0087846,N,23,0,5336.72,0,0,0,3229.02,4648.9,0.67
M0087847,N,42,2,8424.34,0,0,0,2655.08,4990.58,1.42
M0087848,N,64,1,40486.25,0,1,0,26022.18,15031.77,0.96
M0087849,N,51,0,12790.34,0,0,0,1263.76,13463.92,0.04
M0087850,N,72,3,15033.97,1,1,2,7777.16,15188.89,2.31
M0087851,N,42,0,7234.68,0,2,1,1099.69,6086.4,0.0
M0087852,N,67,1,7911.49,0,0,0,759.23,5913.27,0.0
M0087853,N,50,0,8991.21,0,2,0,5323.9,3472.4,0.88
M0087854,N,45,1,23445.79,0,3,0,6234.38,16543.77,1.83
M0087855,N,45,1,10213.04,0,2,0,2576.17,7208.28,0.82
M0087856,N,42,1,4135.97,0,0,0,2690.76,4352.87,1.14
M0087857,N,35,0,6346.43,0,0,0,1604.5,5473.54,2.46
M0087858,N,48,0,3703.88,0,0,0,1502.29,3471.14,0.83
M0087859,N,80,2,37903.51,0,1,1,4117.52,28286.54,0.62
M0087860,N,29,0,15752.73,0,0,0,8187.02,6171.11,0.9
M0087861,N,27,1,12046.39,0,1,1,3895.54,6717.67,2.13
M0087862,N,72,0,14816.79,0,2,0,4211.75,9916.68,1.28
M0087863,N,52,1,4667.66,0,0,0,680.41,6310.86,0.73
M0087864,N,50,0,16142.7,1,2,0,1684.41,11596.34,1.58
M0087865,N,65,1,23732.99,0,0,1,5624.66,13603.49,0.17
M0087866,N,78,0,6464.3,0,0,0,1734.49,3587.06,0.85
M0087867,Y,61,3,242256.82,3,2,2,103691.11,181407.44,3.79
M0087868,N,69,0,21975.35,1,3,2,3677.02,21274.49,2.4
M0087869,N,45,0,3495.82,1,0,0,1550.87,1912.63,1.2
M0087870,N,65,1,13381.08,0,0,0,12150.02,6071.37,1.34
M0087871,Y,57,4,112249.96,2,2,4,32014.52,122441.05,3.75
M0087872,N,37,0,6068.01,0,0,0,3213.01,6902.8,1.62
M0087873,N,41,0,21754.31,0,0,1,5547.57,13469.63,1.18
M0087874,N,53,2,10800.49,0,1,0,3766.69,9147.78,0.65
M0087875,N,33,1,8254.36,0,0,0,3609.12,4260.09,0.96
M0087876,N,61,2,7471.28,0,1,0,807.31,12003.41,0.42
M0087877,N,44,1,3859.32,1,1,0,1754.93,4128.98,1.35
M0087878,N,69,0,14077.46,0,0,1,6888.79,9351.49,0.52
M0087879,N,26,0,3297.19,0,2,0,1335.54,2931.41,0.33
M0087880,N,39,1,10641.87,0,2,1,2837.35,5799.14,1.95
M0087881,N,68,1,14192.9,1,0,1,8738.15,4590.28,1.53
M0087882,N,29,1,11966.29,0,2,0,1875.58,9734.65,2.13
M0087883,N,80,1,5083.09,0,1,0,2546.6,5061.38,0.86
M0087884,N,51,2,7494.53,1,1,0,3155.92,8895.36,1.99
M0087885,N,80,3,20023.8,0,0,1,1604.08,17481.86,0.94
M0087886,N,40,0,3823.76,0,0,0,1580.03,4255.55,0.87
M0087887,N,21,1,6608.35,1,0,0,1143.94,4461.14,1.12
M0087888,N,20,0,10105.84,0,0,0,1315.81,14914.95,0.93
M0087889,N,20,0,19481.18,0,0,0,2172.91,19995.78,1.79
M0087890,N,75,1,8553.21,1,1,0,2372.67,8461.86,1.79
M0087891,N,61,2,12665.78,0,3,2,2080.54,14030.68,1.92
M0087892,N,26,1,7888.24,0,1,0,3260.96,11031.66,1.02
M0087893,N,40,0,19870.52,0,0,0,3189.46,32903.61,1.31
M0087894,N,65,0,19618.03,0,2,0,3546.56,13529.75,0.92
M0087895,N,40,3,19679.46,0,0,1,8415.4,11244.53,0.93
M0087896,N,27,0,16436.26,0,0,0,831.56,12028.47,2.04
M0087897,N,69,1,5411.78,1,0,0,3537.87,2727.58,1.31
M0087898,N,34,1,8758.54,0,0,1,6164.36,6777.47,0.19
M0087899,N,58,2,20592.21,0,0,0,4146.51,20080.72,0.74
M0087900,N,38,0,10708.77,0,0,0,10064.28,2958.54,1.42
M0087901,N,22,0,5394.24,0,0,0,1347.11,2963.34,0.03
M0087902,N,54,1,2482.17,0,0,0,1478.33,2996.13,0.7
M0087903,N,64,2,3964.04,0,1,0,1685.6,4883.47,0.58
M0087904,N,31,1,10267.61,1,0,1,3417.46,13579.25,1.26
M0087905,N,26,0,6899.05,1,0,0,4875.05,3355.5,1.37
M0087906,N,62,2,31596.73,0,1,0,6015.35,20853.82,2.35
M0087907,N,57,1,11904.89,0,2,0,2932.36,10025.73,0.45
M0087908,N,30,0,4519.42,0,0,0,392.45,6266.51,1.56
M0087909,N,57,1,9673.97,1,1,0,3210.96,5885.33,0.12
M0087910,N,60,0,17837.37,0,1,0,13294.14,8221.21,2.08
M0087911,N,19,2,21319.95,0,0,1,978.6,27534.46,0.23
M0087912,N,55,2,9657.24,0,1,1,2289.0,8356.29,1.23
M0087913,N,30,0,19214.61,0,0,0,2153.38,13773.75,0.36
M0087914,N,19,0,9547.32,0,1,0,3025.4,8025.94,1.01
M0087915,N,70,1,3884.13,0,1,0,2259.08,3109.05,0.72
M0087916,N,35,1,22972.26,0,2,0,1692.34,16514.1,2.17
M0087917,N,74,2,4436.98,0,1,1,1772.54,4745.4,0.72
M0087918,N,60,2,7961.0,1,2,0,5855.3,7555.83,1.29
M0087919,N,45,0,13383.13,0,0,0,879.33,17929.72,1.26
M0087920,N,37,0,7465.99,1,1,0,1352.39,5561.07,0.69
M0087921,N,27,1,5642.34,0,1,0,3194.27,4786.94,2.26
M0087922,N,18,1,12882.77,0,1,0,3523.14,10911.82,0.0
M0087923,N,49,0,14340.25,0,0,1,1420.07,11525.5,1.35
M0087924,N,31,2,10031.01,0,0,0,2041.07,10911.61,1.64
M0087925,N,56,1,24332.91,0,0,0,3620.85,21670.24,1.13
M0087926,N,79,1,40925.9,1,0,0,1957.79,31751.19,1.72
M0087927,N,66,2,14635.65,0,0,1,7681.09,8247.26,0.42
M0087928,N,49,0,11617.27,0,0,0,2233.36,8412.57,1.42
M0087929,N,44,0,12193.49,1,0,0,2964.55,8813.07,1.42
M0087930,N,19,1,23109.22,1,1,0,6168.24,14309.92,0.41
M0087931,N,58,1,21564.54,0,2,0,2828.95,22353.17,0.02
M0087932,N,79,1,27980.17,1,1,0,7529.95,15794.69,1.62
M0087933,N,78,2,17246.12,0,2,0,2858.38,17711.33,2.21
M0087934,N,67,0,5691.29,0,0,0,527.82,9198.15,0.12
M0087935,N,56,0,12193.16,1,1,0,4772.37,7590.17,0.0
M0087936,N,28,1,8048.02,0,0,0,1477.42,6102.31,0.81
M0087937,N,56,1,12572.71,0,2,0,1929.77,13740.54,1.43
M0087938,N,35,1,5920.41,0,0,0,2825.56,3142.99,0.77
M0087939,N,27,2,7027.18,0,1,0,1504.15,4107.79,1.5
M0087940,N,62,3,9310.73,0,0,0,2130.22,6606.37,0.65
M0087941,N,48,0,10813.59,1,1,0,1940.79,10261.87,1.18
M0087942,N,60,2,3728.15,0,0,0,2476.91,3876.89,1.12
M0087943,N,53,0,38532.98,0,0,1,22207.9,9505.45,0.51
M0087944,N,41,2,6406.66,0,1,0,3208.04,4041.09,1.48
M0087945,N,64,1,9026.74,0,3,0,2455.7,6624.75,0.98
M0087946,N,80,0,8354.87,0,2,0,2316.29,6844.89,0.9
M0087947,N,18,1,29242.55,0,0,0,3347.44,25740.22,1.49
M0087948,N,34,1,6317.62,0,0,0,6661.09,2020.28,1.24
M0087949,N,65,0,11620.46,0,1,0,2895.03,17313.04,2.63
M0087950,N,21,0,5259.45,0,0,0,1952.25,3498.41,0.93
M0087951,N,42,0,18687.96,0,2,0,8244.57,13336.45,0.78
M0087952,N,42,0,9062.36,0,0,1,1218.33,12546.48,0.0
M0087953,Y,77,4,221561.19,1,5,5,138226.97,119432.49,4.8
M0087954,N,73,2,21699.86,1,2,1,9297.61,15702.87,1.95
M0087955,N,49,0,12168.74,0,0,0,1764.66,10161.76,0.83
M0087956,N,21,0,10428.64,0,0,0,4960.39,3844.89,2.04
M0087957,N,51,0,7776.92,1,1,3,3153.19,9773.78,1.28
M0087958,Y,49,7,86114.56,1,2,1,19663.92,69743.4,4.28
M0087959,N,19,3,2993.87,0,0,0,2208.59,2807.18,1.43
M0087960,N,20,1,20455.77,0,0,0,3807.99,12217.79,1.52
M0087961,N,61,1,6758.19,0,0,0,4108.52,4006.24,1.35
M0087962,N,80,1,6331.92,1,1,1,2773.49,7093.71,0.44
M0087963,N,25,1,4038.04,1,1,0,3229.0,3454.24,0.59
M0087964,N,53,0,4104.3,0,1,0,1248.7,3770.81,0.41
M0087965,N,60,0,14627.37,0,1,0,8599.98,12693.78,0.94
M0087966,N,43,1,28187.92,1,1,2,12828.41,11080.42,3.13
M0087967,N,35,0,37049.42,0,0,1,2593.2,39509.44,1.04
M0087968,N,27,0,27336.43,0,4,0,6155.32,20562.75,2.13
M0087969,N,18,1,14700.5,0,0,0,1523.76,10667.76,0.79
M0087970,N,20,2,6820.46,0,0,0,3035.81,2584.42,0.82
M0087971,N,53,3,14618.11,0,1,0,3067.72,8726.35,1.12
M0087972,N,61,2,2369.76,0,1,0,1483.14,2600.75,1.81
M0087973,N,73,2,5879.73,0,0,0,2375.53,6267.09,0.95
M0087974,N,52,0,8672.58,0,0,0,1986.25,4918.56,0.83
M0087975,N,79,3,20640.76,0,2,0,1842.65,14337.24,0.67
M0087976,N,47,1,8101.59,1,1,1,1184.27,5400.99,1.27
M0087977,N,62,0,26140.84,1,1,1,15551.8,14479.54,0.0
M0087978,N,55,2,31489.65,1,0,0,10472.52,15545.19,2.31
M0087979,N,79,1,11582.24,0,0,0,2239.9,9748.06,0.19
M0087980,N,77,1,4260.72,0,0,0,1843.91,5458.2,1.83
M0087981,N,62,1,19179.3,0,1,0,4687.75,15479.9,1.02
M0087982,N,42,0,12997.19,0,0,0,1784.2,18381.0,0.8
M0087983,N,71,3,24376.18,0,0,0,11411.39,15050.36,1.33
M0087984,N,22,2,14620.77,0,0,2,6685.7,7781.83,2.56
M0087985,Y,69,3,249383.27,3,4,3,91088.38,223341.73,5.55
M0087986,N,35,1,9854.25,0,0,0,3810.15,7453.66,1.53
M0087987,N,37,0,15422.36,1,1,0,3851.31,10310.57,1.39
M0087988,N,72,1,8162.81,0,0,0,894.74,6299.33,0.31
M0087989,N,43,0,3754.57,0,1,0,2460.04,1479.23,0.31
M0087990,N,72,2,8055.08,0,2,0,518.85,9613.04,0.0
M0087991,N,44,2,23243.84,2,2,0,9454.48,16713.64,1.2
M0087992,N,18,2,14025.2,0,0,1,3301.88,9466.86,1.88
M0087993,N,75,0,19980.14,1,1,0,2077.96,14691.43,1.19
M0087994,N,72,0,10566.48,0,0,0,2954.89,7115.01,0.0
M0087995,N,78,1,3563.93,0,0,0,1872.21,4496.6,0.28
M0087996,N,59,0,797.87,1,0,0,190.62,911.63,1.66
M0087997,N,47,0,9366.5,0,0,0,5625.5,8208.12,1.25
M0087998,N,28,1,14328.67,0,0,1,8263.05,5782.96,0.66
M0087999,N,74,2,21918.19,0,0,0,4218.97,16796.76,0.9
M0088000,Y,58,2,115344.03,3,1,1,39896.9,119057.49,3.45
M0088001,N,47,2,6606.95,1,2,1,2088.31,6654.76,1.56
M0088002,N,76,1,10525.15,0,0,0,1036.09,9546.26,0.94
M0088003,Y,54,5,237016.31,2,5,5,100503.04,182506.88,7.22
M0088004,N,46,1,20760.49,0,2,0,5297.24,11201.31,0.0
M0088005,N,31,2,3885.8,0,1,0,3253.06,2678.78,0.84
M0088006,N,21,1,2024.98,0,0,0,699.19,1743.36,0.03
M0088007,N,50,2,19965.73,0,0,0,8988.42,12116.85,1.1
M0088008,N,42,2,21624.82,0,0,0,13943.79,12860.61,1.35
M0088009,N,66,1,20248.91,0,1,1,4129.22,32095.01,0.75
M0088010,N,39,2,13563.29,0,1,0,2069.26,11821.56,1.75
M0088011,Y,58,6,114140.21,2,2,3,54603.82,60304.04,2.43
M0088012,N,53,1,14917.9,0,1,0,2765.91,22836.35,1.79
M0088013,N,33,1,13753.84,0,0,1,2355.56,9463.8,0.9
M0088014,N,80,0,7428.9,0,0,1,4998.72,6684.41,1.8
M0088015,N,33,1,18176.79,0,0,0,3097.33,13672.5,2.0
M0088016,N,48,2,14672.23,1,2,1,2322.98,10673.07,2.62
M0088017,N,53,0,28238.01,0,1,0,16330.96,6315.89,0.86
M0088018,N,27,1,8845.17,1,0,0,1978.01,12118.23,0.0
M0088019,N,22,1,3380.89,1,0,0,1418.59,1679.27,0.0
M0088020,N,55,0,4156.2,0,1,0,1019.43,2494.1,1.29
M0088021,N,50,3,3802.39,0,1,0,1452.21,1742.25,0.32
M0088022,N,36,1,19534.4,0,2,2,5249.6,13289.73,0.89
M0088023,N,44,0,6363.65,0,0,0,1471.76,3511.4,0.56
M0088024,N,25,0,13385.61,0,0,0,1824.08,10509.83,2.7
M0088025,N,58,0,5676.57,1,0,0,1136.46,3543.61,0.97
M0088026,N,32,2,13698.81,0,0,0,1632.51,9887.41,2.03
M0088027,N,48,0,5139.22,0,0,0,1258.29,3327.48,0.0
M0088028,N,68,1,19660.51,0,0,0,9790.0,8597.56,1.4
M0088029,N,68,2,19153.41,0,1,1,3901.85,26608.3,1.69
M0088030,N,42,2,10737.31,0,1,1,2886.98,16013.02,2.72
M0088031,N,76,0,13528.68,0,0,0,3962.57,7112.11,0.0
M0088032,N,78,1,14917.81,0,1,0,5833.22,8954.34,1.53
M0088033,N,69,1,16051.98,0,0,0,14045.92,13187.89,0.87
M0088034,N,23,3,8198.99,1,0,0,872.58,6708.97,0.0
M0088035,N,56,1,7048.46,0,0,2,1545.11,5716.16,1.21
M0088036,N,28,0,7983.15,0,0,1,1803.39,9806.33,1.58
M0088037,N,49,1,11780.99,0,0,0,4967.07,6135.32,2.07
M0088038,N,78,1,4296.26,0,0,0,818.9,4400.62,0.59
M0088039,N,54,1,20856.25,1,0,0,6166.79,10497.18,1.72
M0088040,N,25,0,6366.37,1,1,1,1143.59,8277.09,0.44
M0088041,N,47,2,11735.86,0,0,3,11435.11,7543.04,2.18
M0088042,N,36,0,71937.1,0,1,0,4792.96,59887.49,1.22
M0088043,N,39,1,5549.34,0,1,0,494.01,6486.38,0.0
M0088044,N,21,1,13547.03,0,1,0,13901.28,7108.79,0.0
M0088045,N,21,0,12108.22,0,0,1,10861.97,8135.71,0.9
M0088046,N,69,0,8460.84,0,0,1,972.29,7318.21,1.66
M0088047,N,59,0,13389.25,0,1,0,2212.51,11594.93,0.74
M0088048,N,20,1,12857.08,0,0,1,2479.58,8962.99,0.0
M0088049,N,22,2,7573.84,1,0,0,2857.4,4557.72,1.32
M0088050,N,34,1,20547.95,0,2,0,946.44,28147.09,1.29
M0088051,N,78,0,3026.01,0,0,0,1251.13,3947.57,1.67
M0088052,N,49,1,9304.85,0,1,2,2849.29,6772.04,1.08
M0088053,Y,64,7,301648.72,5,5,5,135093.65,176695.67,3.31
M0088054,N,46,0,8332.95,0,2,0,588.88,8665.56,0.48
M0088055,N,68,1,29082.67,0,0,0,2459.07,29592.12,1.28
M0088056,N,42,1,26008.87,1,0,0,4563.09,28681.74,1.58
M0088057,N,49,0,8619.53,0,1,0,2695.83,9810.94,0.59
M0088058,N,36,0,5755.32,0,0,0,1556.2,4106.84,2.67
M0088059,N,36,0,5381.49,0,0,1,1103.05,4851.58,1.99
M0088060,N,80,1,6011.89,0,2,0,504.42,7008.44,0.34
M0088061,N,32,2,7905.06,0,2,0,664.35,13018.21,0.65
M0088062,N,68,2,13123.06,0,1,1,8823.07,5316.65,3.95
M0088063,N,43,0,3385.76,1,1,0,923.36,1860.76,2.4
M0088064,N,46,1,7288.68,1,1,0,1433.19,10302.31,0.47
M0088065,N,40,0,10408.64,0,1,0,1268.3,8358.29,1.47
M0088066,N,26,2,53608.89,1,2,1,11119.17,52600.19,2.55
M0088067,N,40,1,4242.0,0,1,0,2105.08,3854.03,1.8
M0088068,N,33,1,11060.32,0,0,0,4800.56,12509.38,2.38
M0088069,N,51,2,9846.01,1,3,0,4025.74,7377.26,1.95
M0088070,N,57,0,12150.16,0,0,2,3920.27,8114.89,1.09
M0088071,N,25,0,18042.55,1,2,1,5160.76,11096.35,1.3
M0088072,N,24,1,13418.89,0,0,0,990.69,10039.45,1.18
M0088073,N,66,2,34666.87,0,1,0,11832.2,21399.93,1.29
M0088074,N,18,0,23117.27,0,0,1,3376.84,27787.68,1.04
M0088075,N,30,0,20652.23,0,0,1,11033.93,5185.53,1.25
M0088076,N,34,1,2961.07,0,0,0,1869.52,3491.0,0.16
M0088077,N,62,1,16178.61,0,0,0,2081.29,17887.17,1.13
M0088078,N,43,0,6069.41,0,1,0,880.81,9556.81,0.0
M0088079,N,68,1,5898.39,1,0,0,1071.02,5499.72,0.61
M0088080,Y,78,2,154508.61,2,3,4,72334.17,132334.52,6.85
M0088081,N,79,2,13802.33,0,0,0,1080.11,11375.05,1.44
M0088082,N,36,0,5923.89,0,0,0,1269.28,3829.4,0.0
M0088083,N,69,0,10729.37,0,2,0,1853.39,12964.47,0.19
M0088084,N,35,0,12989.5,0,0,0,6190.53,4898.33,0.56
M0088085,N,19,2,8018.4,1,2,0,1460.21,12612.33,0.0
M0088086,N,32,1,14280.6,0,0,0,3151.0,17658.53,1.33
M0088087,N,34,2,9976.65,1,1,0,9435.41,5102.54,0.83
M0088088,N,46,1,8770.85,0,1,1,1520.21,7584.18,0.42
M0088089,N,66,1,14952.07,0,0,0,5856.84,16958.11,1.62
M0088090,N,74,1,11220.45,0,0,0,3804.94,11049.12,1.34
M0088091,N,74,1,3461.55,0,1,0,3101.98,2444.46,1.98
M0088092,N,26,0,3018.31,1,0,1,1024.42,2190.14,0.2
M0088093,N,72,1,7131.1,0,1,0,2448.86,5933.91,2.02
M0088094,N,54,0,18284.03,0,1,0,8434.25,12018.15,1.01
M0088095,N,42,1,7737.71,0,1,0,1656.21,5101.74,0.0
M0088096,N,37,2,24047.37,0,0,0,4477.26,14988.61,2.25
M0088097,N,70,0,9708.99,0,0,1,2287.22,11146.59,0.91
M0088098,N,18,1,7224.8,0,2,0,1529.7,8752.27,0.13
M0088099,N,38,0,7381.39,0,1,0,3955.99,8494.78,2.3
M0088100,N,39,2,6343.15,0,1,0,5267.83,5505.91,1.17
M0088101,N,60,0,17913.05,0,0,0,2795.54,16160.12,1.29
M0088102,N,34,2,48919.91,0,1,0,4442.82,40378.07,1.54
M0088103,N,79,2,39554.66,0,0,1,2503.97,33515.17,0.97
M0088104,N,32,2,6091.06,1,0,0,384.68,5931.15,0.0
M0088105,N,65,1,16093.99,0,0,0,2604.38,10744.0,1.19
M0088106,N,65,0,2037.93,0,0,0,256.62,2126.08,0.12
M0088107,N,19,1,9116.57,0,1,1,1886.89,7297.51,0.37
M0088108,N,57,1,3121.62,1,0,0,1613.27,2340.64,0.72
M0088109,N,27,1,26180.52,2,0,0,1949.13,18832.26,0.82
M0088110,N,62,2,10920.18,0,0,0,2660.81,10736.38,0.03
M0088111,N,25,0,22544.11,0,0,1,9549.42,10126.9,2.39
M0088112,Y,83,4,290795.21,3,4,2,110498.02,200818.18,3.35
M0088113,N,55,1,16947.33,0,0,0,14099.79,5667.33,0.8
M0088114,N,25,0,7256.68,0,1,0,2516.5,5214.76,1.23
M0088115,N,26,1,19374.6,0,1,1,12131.05,12962.5,0.0
M0088116,N,45,1,21830.69,1,0,0,7832.83,16504.32,1.57
M0088117,N,29,1,19436.03,0,0,0,5310.78,14814.56,0.0
M0088118,N,53,0,5926.15,0,1,0,1707.26,5367.29,1.09
M0088119,Y,64,4,239660.91,2,4,3,103076.04,151312.99,3.0
M0088120,N,55,0,6474.54,0,1,0,2329.92,3467.21,0.44
M0088121,N,57,2,5189.61,0,1,0,1820.72,5850.97,2.28
M0088122,N,34,0,8131.61,0,0,0,3170.19,4693.7,0.74
M0088123,N,75,0,11152.3,0,0,0,3042.8,6855.38,0.37
M0088124,N,26,1,8243.6,0,0,0,1806.7,13164.26,0.53
M0088125,N,59,1,3476.68,0,1,0,2438.74,3653.1,0.53
M0088126,N,33,0,8957.91,0,1,2,1892.92,5632.38,0.0
M0088127,N,25,0,25386.72,0,0,1,10831.97,18955.67,1.07
M0088128,N,61,1,8315.31,0,0,0,4352.44,6522.32,2.8
M0088129,N,32,0,8062.96,0,0,2,3524.82,3198.05,0.22
M0088130,N,40,0,13308.83,0,0,0,2284.17,11577.67,1.0
M0088131,N,71,1,19104.87,1,0,0,1958.93,22766.18,1.66
M0088132,N,33,1,16602.18,0,2,0,3109.01,13961.59,0.93
M0088133,N,66,1,11163.96,0,0,0,2122.89,8054.18,1.74
M0088134,N,43,0,19987.43,0,2,0,2219.64,21397.65,0.21
M0088135,N,41,1,5439.92,0,0,1,946.38,5037.19,0.61
M0088136,N,35,0,5451.82,0,0,0,1400.06,4942.07,0.0
M0088137,N,60,2,12065.58,0,0,0,589.29,9245.01,0.0
M0088138,N,71,2,8056.83,0,1,0,6728.02,7132.86,0.67
M0088139,N,59,0,29051.35,0,2,0,3150.66,21604.85,0.55
M0088140,Y,49,5,252847.71,2,4,1,94202.11,194029.74,4.13
M0088141,N,42,0,7669.17,1,0,0,2551.09,10884.37,0.73
M0088142,N,68,1,18685.19,0,1,0,3681.57,12577.92,1.91
M0088143,N,46,0,4521.96,0,0,0,2175.52,4874.65,0.09
M0088144,N,29,0,5320.11,0,0,0,3221.44,5797.49,0.78
M0088145,N,79,0,12616.43,1,2,1,1547.66,14280.42,3.5
M0088146,N,39,1,3241.88,0,2,0,693.5,3700.2,1.57
M0088147,N,61,2,8284.53,0,2,1,2143.55,6041.73,1.14
M0088148,N,39,0,15120.43,0,1,0,2993.68,11107.18,1.41
M0088149,N,54,0,7768.74,0,0,0,3115.75,3111.7,0.37
M0088150,N,39,1,5891.96,0,0,0,1246.06,4031.92,1.22
M0088151,N,47,0,2100.6,0,1,0,433.46,3133.0,0.22
M0088152,N,74,1,15879.16,0,0,0,1931.73,14735.1,0.67
M0088153,N,71,4,31692.73,0,0,0,4598.96,32455.18,2.21
M0088154,N,71,0,11342.97,0,1,0,3319.24,8162.2,1.09
M0088155,Y,65,6,272114.34,3,5,3,110713.92,249483.93,6.82
M0088156,N,52,4,7281.35,0,1,0,5152.16,6347.32,0.97
M0088157,N,39,1,10580.86,0,2,0,2466.04,9396.9,1.24
M0088158,N,61,1,3692.58,0,0,0,1305.06,2584.05,1.15
M0088159,N,55,2,5441.41,0,0,0,688.65,9067.96,0.08
M0088160,N,58,1,2332.4,0,0,1,1252.1,1559.15,0.04
M0088161,N,79,0,6560.5,0,0,0,1311.79,9890.94,0.3
M0088162,N,76,1,18414.24,0,2,0,2389.77,14776.58,1.7
M0088163,N,44,0,9054.76,0,0,0,1746.59,6629.44,0.19
M0088164,N,20,1,6706.98,1,1,2,3719.82,4967.57,0.96
M0088165,N,31,1,9943.61,0,1,0,7134.91,6802.8,1.93
M0088166,N,73,2,17118.82,1,1,0,5390.56,10821.43,1.34
M0088167,N,59,1,9785.06,0,1,0,1637.66,6347.38,0.79
M0088168,N,70,0,3859.5,0,0,0,1762.79,2954.43,0.55
M0088169,N,30,1,4708.0,0,0,1,1784.7,5532.32,1.73
M0088170,N,36,1,5058.65,0,1,0,1507.34,5127.87,0.0
M0088171,N,72,0,7149.94,0,0,1,1734.73,6814.5,0.0
M0088172,N,22,0,4101.11,1,0,0,1496.66,3090.95,0.47
M0088173,N,74,1,12109.44,0,0,0,1145.72,14625.05,2.34
M0088174,N,43,2,22593.94,2,2,0,6522.28,15639.64,0.48
M0088175,N,49,0,20520.11,0,0,0,5365.72,12852.39,0.0
M0088176,N,33,2,23628.58,1,1,0,2559.94,21033.63,0.46
M0088177,N,76,3,22703.26,0,0,0,9124.12,9859.98,1.25
M0088178,N,40,1,7719.49,0,0,1,2802.16,3334.24,0.18
M0088179,N,42,2,15869.37,0,1,0,1269.08,24823.88,1.27
M0088180,N,19,1,6079.37,0,0,1,1214.34,5392.13,0.94
M0088181,N,33,1,15995.95,0,0,0,9696.17,15122.99,2.1
M0088182,N,32,1,13429.76,0,0,0,2255.67,9212.76,1.6
M0088183,N,75,0,27680.96,0,0,1,8770.11,14792.5,0.66
M0088184,N,76,0,6034.58,0,0,0,1196.77,4916.12,1.72
M0088185,N,60,1,16635.61,1,1,0,3933.1,14894.71,2.17
M0088186,N,56,1,24955.21,0,5,1,12717.47,10354.89,1.06
M0088187,N,30,1,8260.24,1,0,1,3232.15,5104.17,1.28
M0088188,N,59,0,5090.11,0,1,0,3261.96,4643.92,0.87
M0088189,N,52,2,27755.9,0,1,1,3465.85,21002.97,2.5
M0088190,N,26,1,4197.34,0,0,1,1376.93,2729.66,0.72
M0088191,N,66,1,15567.75,1,2,0,11603.76,11649.78,1.26
M0088192,N,32,2,7333.26,0,0,0,1237.44,7640.45,0.31
M0088193,N,38,1,3822.6,0,0,0,1009.62,5916.4,1.85
M0088194,N,29,1,17757.36,0,0,0,5446.71,15575.87,1.02
M0088195,N,59,2,43855.82,0,1,2,11077.94,23350.99,0.05
M0088196,N,31,0,9086.46,1,1,0,1447.67,6739.73,0.66
M0088197,N,68,2,20044.38,0,0,1,3780.26,18031.97,2.21
M0088198,N,31,2,7124.46,0,0,0,2072.51,3556.14,0.48
M0088199,N,25,0,4354.6,2,2,0,4121.7,2007.56,1.74
M0088200,N,47,1,23743.81,0,1,1,1314.4,19846.33,0.51
M0088201,N,46,2,8052.37,0,2,0,2951.77,4311.99,0.74
M0088202,N,28,0,12453.93,0,0,0,1221.5,13704.46,0.44
M0088203,N,20,3,56726.89,0,2,0,18136.95,33297.09,1.4
M0088204,N,67,1,5551.97,0,0,0,1504.8,3758.42,0.0
M0088205,N,79,0,6847.11,0,1,0,1083.81,10625.57,1.61
M0088206,N,71,0,32341.97,1,0,0,4292.35,30337.43,2.05
M0088207,N,38,2,14358.44,0,0,2,3950.37,9785.06,0.38
M0088208,N,45,1,26353.91,0,0,0,5318.0,17013.09,0.63
M0088209,N,21,0,11341.91,1,0,0,5277.95,6169.02,0.58
M0088210,N,46,2,9666.23,1,1,0,1696.17,7433.29,0.04
M0088211,N,30,1,15770.59,0,0,0,12028.52,5962.22,1.22
M0088212,N,35,1,15744.56,1,1,1,1770.69,16512.36,0.18
M0088213,N,77,0,11720.21,0,0,0,8671.71,4402.64,0.0
M0088214,N,31,0,12315.9,0,1,0,3818.96,16004.68,0.92
M0088215,N,46,2,6983.72,1,0,0,5608.53,4918.31,1.17
M0088216,N,65,0,4537.34,0,0,0,1025.36,5541.01,1.42
M0088217,N,44,1,18356.02,0,2,0,1008.67,23906.55,0.82
M0088218,N,45,2,13127.77,0,1,0,9137.38,3417.23,1.88
M0088219,N,76,0,9198.84,0,0,0,1419.31,8983.81,0.84
M0088220,N,72,1,3154.96,0,0,2,2721.37,2490.16,0.18
M0088221,N,32,3,17923.34,0,1,0,5848.67,15953.3,1.61
M0088222,N,28,0,11000.95,0,0,1,279.32,8426.45,0.56
M0088223,N,26,1,8148.47,0,0,0,5730.11,5761.34,1.14
M0088224,N,66,0,10332.92,0,0,0,2838.61,5820.28,1.28
M0088225,N,44,1,10990.39,0,0,0,5211.35,5766.98,0.53
M0088226,N,33,1,3271.42,0,1,1,763.1,2770.45,0.99
M0088227,N,61,3,8888.38,0,2,0,2545.69,9038.44,0.14
M0088228,N,54,0,3817.73,0,0,0,805.94,5709.19,1.35
M0088229,N,80,1,19929.78,0,0,0,1236.99,16794.15,1.19
M0088230,Y,69,5,314925.03,3,3,2,78911.29,241670.4,3.04
M0088231,N,56,1,18501.43,0,0,0,5327.59,17140.05,0.87
M0088232,N,29,1,10002.68,0,0,0,4113.46,4352.53,1.29
M0088233,N,57,0,23134.44,0,1,0,10113.58,13321.26,1.06
M0088234,N,25,1,4051.71,0,1,0,385.23,5582.41,0.0
M0088235,N,45,1,3327.31,0,0,0,593.74,2254.44,1.37
M0088236,N,21,0,3718.87,0,0,0,1371.63,3758.49,0.74
M0088237,N,52,1,4551.3,1,2,1,665.8,4278.61,0.99
M0088238,N,21,1,6043.23,0,0,0,1392.12,4207.03,0.63
M0088239,N,28,0,9232.55,0,0,0,1297.53,7561.99,1.79
M0088240,N,51,1,33336.0,0,2,0,6236.68,21986.03,1.9
M0088241,N,22,0,6200.89,0,0,0,1319.24,7716.51,0.53
M0088242,N,48,0,5260.39,0,0,0,2050.22,4888.08,1.47
M0088243,N,76,1,12395.26,0,1,1,4144.1,13816.72,0.15
M0088244,N,62,2,20678.76,0,0,2,3403.54,14597.79,0.77
M0088245,N,71,1,7335.97,0,0,0,2051.16,6442.76,1.36
M0088246,N,54,0,10670.2,1,3,0,4303.31,4642.27,1.56
M0088247,N,18,2,7288.64,0,0,0,2574.04,4808.91,0.92
M0088248,N,62,2,17627.03,1,0,1,1981.03,19334.79,1.98
M0088249,N,79,2,20556.99,0,2,0,5021.83,11813.99,2.02
M0088250,N,61,2,13441.49,0,0,0,1115.15,10944.11,0.94
M0088251,N,54,0,5985.96,0,2,0,1015.45,5050.96,0.55
M0088252,N,80,1,3427.42,0,0,0,326.46,4594.7,0.64
M0088253,N,54,1,20165.49,0,1,0,10846.63,6287.28,1.04
M0088254,N,55,2,17438.92,0,0,0,1790.43,19535.51,2.76
M0088255,N,59,1,12660.91,0,1,0,3785.27,10962.32,1.87
M0088256,N,60,0,10706.13,0,1,0,11392.04,2310.01,0.84
M0088257,N,51,0,9492.37,0,0,0,632.49,7479.38,0.33
M0088258,N,48,0,7046.05,0,0,0,3416.64,6849.17,0.91
M0088259,N,40,1,19113.69,1,0,1,2805.75,18448.53,0.8
M0088260,Y,75,4,92625.46,2,2,1,26525.75,85685.42,3.73
M0088261,N,54,0,5010.44,0,0,1,3103.81,3610.08,1.23
M0088262,N,58,2,11122.88,0,2,0,2230.54,12664.03,0.0
M0088263,N,45,2,9848.99,0,1,0,5565.95,6975.09,1.27
M0088264,N,22,1,20354.26,1,0,0,20338.96,5138.68,1.44
M0088265,N,58,0,5977.64,1,2,0,3645.19,3830.81,0.0
M0088266,N,65,1,8907.35,0,0,0,1969.09,8888.48,1.31
M0088267,N,26,1,5631.63,0,1,0,3632.0,3018.69,0.52
M0088268,N,43,2,14151.63,0,1,0,7576.89,7754.34,1.93
M0088269,N,24,3,16725.13,0,0,1,2599.06,17948.55,2.52
M0088270,N,36,2,20897.62,0,1,0,3536.18,28767.55,1.41
M0088271,N,66,0,10460.78,0,0,0,6014.09,4093.24,1.57
M0088272,N,21,1,5913.91,0,1,1,2261.15,3801.34,0.88
M0088273,N,21,1,17044.9,0,1,1,3553.83,12781.81,1.4
M0088274,N,61,1,15220.43,0,0,0,7728.34,4399.21,1.23
M0088275,N,46,0,1276.36,0,0,0,397.85,1246.65,0.51
M0088276,N,21,3,8348.86,0,1,0,3240.49,6753.53,1.42
M0088277,N,29,0,2668.77,0,0,0,2050.58,834.3,0.76
M0088278,N,26,3,14703.66,0,0,1,1031.43,12263.32,1.2
M0088279,N,28,2,6290.28,0,0,0,5251.05,3345.47,0.33
M0088280,N,45,1,32523.17,0,2,1,4306.14,22116.85,1.79
M0088281,N,55,1,12627.47,1,0,1,7739.1,8971.04,0.66
M0088282,N,79,0,5906.26,0,1,0,2469.41,3422.91,0.71
M0088283,N,24,1,8300.26,0,0,1,1374.92,10650.02,1.84
M0088284,N,72,2,2774.26,0,1,0,1884.9,1660.61,0.91
M0088285,N,30,0,6957.41,0,1,1,1827.65,8426.69,0.16
M0088286,N,57,2,1802.02,0,0,0,435.06,1394.86,0.88
M0088287,N,33,2,19013.42,0,0,1,3311.95,18445.28,2.52
M0088288,N,64,1,14665.23,1,1,0,2862.7,9382.79,1.75
M0088289,N,31,1,27720.46,0,0,0,2726.1,35738.26,1.11
M0088290,N,54,1,12487.09,0,0,0,2230.99,7843.83,3.36
M0088291,N,41,1,6222.43,0,0,0,2793.67,5970.33,1.39
M0088292,N,41,3,13279.22,0,0,0,5051.02,6467.65,2.11
M0088293,N,21,1,23464.43,0,0,1,3361.14,17835.39,0.92
M0088294,N,71,2,3018.24,0,1,0,1101.61,3647.6,0.69
M0088295,N,73,2,25587.76,1,3,0,4962.02,18463.3,3.24
M0088296,N,38,1,12931.11,1,0,1,5739.25,11026.47,0.96
M0088297,Y,41,6,288345.01,1,1,3,148327.4,161347.49,3.95
M0088298,N,39,2,37914.17,0,1,1,3420.64,30545.18,2.77
M0088299,N,59,1,10134.07,0,1,0,1991.36,13938.23,0.35
M0088300,N,60,1,5706.8,0,0,0,3882.92,5709.61,1.71
M0088301,N,22,1,5549.79,0,0,0,1531.15,4212.41,1.23
M0088302,N,62,1,3274.07,0,2,0,2401.93,3427.27,0.53
M0088303,N,44,0,11026.16,0,0,2,7141.75,9580.44,1.06
M0088304,N,76,3,16734.9,1,2,1,4954.35,15583.52,0.57
M0088305,N,37,0,15963.98,1,1,0,2605.08,12021.07,1.12
M0088306,N,27,2,4876.96,0,0,0,1206.29,3703.86,0.36
M0088307,N,69,1,27640.31,2,1,1,7648.73,19826.96,1.04
M0088308,N,45,1,11029.41,0,2,0,3963.15,6096.25,0.0
M0088309,N,51,0,21695.44,1,0,0,9654.2,10215.4,2.11
M0088310,N,67,0,20670.45,0,2,0,11425.08,9106.12,3.19
M0088311,N,32,2,37284.74,0,2,1,2150.3,36111.86,1.54
M0088312,N,32,0,5289.09,0,1,0,554.14,6176.51,0.56
M0088313,N,56,2,37666.9,0,3,2,4420.89,59192.92,1.71
M0088314,N,50,1,23351.87,1,0,1,5896.34,16279.26,3.36
M0088315,N,70,1,17388.04,1,1,0,4958.98,18330.24,1.83
M0088316,N,30,1,19108.87,0,0,0,2835.7,18748.81,2.08
M0088317,N,19,0,6544.38,1,0,0,6544.3,3610.53,0.59
M0088318,N,75,1,15009.06,0,1,1,6197.1,7608.38,2.45
M0088319,N,78,1,8544.61,0,0,0,10101.08,4100.91,1.07
M0088320,N,23,1,36888.18,1,2,0,13256.43,16321.19,0.49
M0088321,N,28,1,24450.31,1,1,0,1227.47,18746.86,1.07
M0088322,N,46,0,11293.36,0,0,0,557.28,13505.28,0.0
M0088323,N,30,3,29694.18,0,0,1,12934.87,17072.38,3.15
M0088324,N,36,1,23726.45,0,0,1,4840.0,20436.65,2.44
M0088325,N,28,1,3308.2,0,0,1,2001.23,1636.55,0.74
M0088326,N,80,0,17618.34,0,1,0,10296.99,21083.2,1.83
M0088327,N,22,1,3099.86,0,0,0,1127.58,1895.99,0.0
M0088328,N,28,1,12394.8,0,2,0,7356.0,7220.55,0.0
M0088329,N,71,4,10460.06,1,2,2,7300.61,6619.13,1.93
M0088330,N,61,3,10132.85,0,0,2,4654.96,4003.3,0.0
M0088331,N,26,0,9329.7,0,1,0,3515.72,10605.41,1.01
M0088332,N,43,1,4660.64,1,1,1,2473.26,2866.97,0.0
M0088333,N,57,2,1991.72,0,1,0,1731.19,1248.02,1.38
M0088334,N,54,0,1677.97,0,0,0,701.78,1675.78,0.0
M0088335,N,39,0,4620.77,0,0,0,560.14,3222.42,0.0
M0088336,N,38,1,23582.37,1,0,2,12389.5,10003.98,0.8
M0088337,N,54,1,8360.19,0,0,0,3344.37,3194.1,1.82
M0088338,N,20,0,7245.9,0,2,0,1358.5,4755.8,1.33
M0088339,N,65,1,10512.73,0,1,1,3411.96,10772.43,0.69
M0088340,N,62,2,49349.2,0,1,0,9095.95,30752.23,1.64
M0088341,N,19,1,6708.92,1,2,0,5417.12,1671.67,0.93
M0088342,N,80,1,43103.56,0,0,1,11971.95,33345.96,2.23
M0088343,N,23,0,9541.95,0,1,0,1097.37,7910.86,0.0
M0088344,N,67,0,7096.34,0,0,1,955.64,5175.39,1.42
M0088345,N,70,1,32307.05,1,2,0,16617.51,8743.78,0.0
M0088346,N,31,1,11915.2,0,1,1,3427.92,15114.46,2.03
M0088347,N,32,0,10638.61,0,0,0,5803.96,6871.19,0.0
M0088348,N,63,2,15318.58,1,1,0,3793.67,10195.88,1.97
M0088349,N,25,1,26636.3,1,1,0,4938.58,20313.45,1.6
M0088350,N,52,3,26797.78,0,0,0,1428.44,21822.47,1.45
M0088351,N,19,2,4709.85,1,1,0,977.86,6029.99,1.72
M0088352,N,27,1,9749.62,1,0,0,1584.35,6585.07,0.15
M0088353,N,72,0,16587.38,1,1,0,2778.17,10456.69,0.0
M0088354,N,52,1,20744.44,0,1,0,950.88,17268.19,1.27
M0088355,N,56,0,12158.48,0,1,0,1365.07,8295.17,1.52
M0088356,N,61,2,13318.31,1,2,1,3158.7,15109.31,3.41
M0088357,N,31,1,3591.55,0,0,0,925.62,4195.36,1.6
M0088358,N,73,0,14670.17,0,0,0,1270.31,11275.39,0.0
M0088359,N,31,2,6408.9,0,1,0,1740.3,6534.1,0.48
M0088360,N,56,3,7719.3,1,1,1,5019.31,5545.59,1.81
M0088361,N,35,2,5336.16,0,1,0,3622.35,4985.06,1.87
M0088362,N,73,1,19800.1,0,0,0,5801.42,15631.67,1.36
M0088363,N,53,1,19077.85,0,0,0,1434.5,16100.79,1.16
M0088364,N,46,0,11767.57,0,0,0,2797.81,10677.74,2.43
M0088365,N,29,2,27947.33,0,1,1,6359.54,15964.95,2.34
M0088366,N,36,0,19332.75,0,1,0,1909.44,13693.9,0.62
M0088367,N,41,2,8094.4,0,0,1,3840.17,3778.43,0.0
M0088368,N,37,3,23254.75,0,2,0,6772.13,13017.03,0.0
M0088369,N,19,0,10464.21,1,1,0,10333.14,8446.84,2.18
M0088370,N,58,0,7380.94,0,0,0,609.66,8753.33,0.75
M0088371,N,66,2,33972.18,0,1,0,2574.22,31909.68,1.9
M0088372,N,20,1,8970.62,0,1,0,3427.33,4222.83,0.38
M0088373,N,38,0,4382.51,0,1,0,792.04,3305.4,0.5
M0088374,N,43,0,5886.91,0,1,0,3102.58,5854.56,0.35
M0088375,Y,73,8,432359.88,4,8,6,318926.4,183426.48,5.77
M0088376,N,46,2,3482.04,0,0,0,353.18,3181.88,0.0
M0088377,N,41,0,6283.55,1,0,0,1920.13,4715.15,0.87
M0088378,N,45,0,16802.0,0,1,0,2625.57,14973.71,0.57
M0088379,N,42,1,12534.84,0,3,2,4996.13,9310.17,1.72
M0088380,N,79,2,8322.0,0,0,0,1242.83,8208.34,0.13
M0088381,N,66,1,7404.68,1,0,0,1365.27,6300.91,0.09
M0088382,N,47,2,6738.66,2,0,1,3261.84,2870.14,1.94
M0088383,N,60,0,7409.49,1,0,0,772.24,6227.93,0.53
M0088384,N,39,1,5325.42,0,0,0,1971.37,4516.66,1.01
M0088385,N,20,0,5114.37,1,2,0,1075.35,3577.88,1.45
M0088386,N,73,2,33408.32,0,0,1,17165.3,13738.98,2.58
M0088387,N,46,2,24756.36,2,0,2,16062.26,16825.46,1.88
M0088388,N,39,0,16760.45,0,2,0,1461.93,11639.03,1.61
M0088389,Y,51,5,242792.84,4,5,4,98548.58,107592.77,7.0
M0088390,N,45,0,13774.28,2,1,0,11400.56,13111.96,2.73
M0088391,N,21,1,6023.97,0,0,1,3896.78,3771.12,0.98
M0088392,N,20,2,12912.31,1,0,1,5810.06,10768.55,2.14
M0088393,N,34,2,7678.0,1,1,0,6868.42,5331.92,0.0
M0088394,N,27,2,5477.7,0,0,0,3162.62,5458.03,0.0
M0088395,N,22,2,5190.11,0,1,0,1716.83,6456.1,1.32
M0088396,N,28,1,8280.64,0,1,0,2049.23,7298.57,0.64
M0088397,N,40,0,18149.39,0,1,0,1016.5,15914.92,0.03
M0088398,N,33,0,4999.15,1,0,0,2796.75,3681.07,1.62
M0088399,N,77,1,3202.71,0,0,0,1973.29,1613.15,1.74
M0088400,N,68,1,22003.6,1,2,1,18950.11,7694.32,3.66
M0088401,N,78,1,18269.03,0,1,1,1725.2,12883.0,1.6
M0088402,N,57,0,7327.54,0,0,2,5617.54,7253.06,1.09
M0088403,N,52,1,34319.99,0,1,0,9374.92,23448.1,0.23
M0088404,N,71,2,27408.69,1,0,0,4984.74,31110.09,1.02
M0088405,N,30,0,13833.24,1,0,0,1347.38,11893.54,0.52
M0088406,N,21,0,24845.15,0,0,1,1340.95,20068.62,1.95
M0088407,N,67,0,21924.08,0,0,0,10801.32,10574.6,0.0
M0088408,N,18,1,8750.8,0,0,0,3841.3,6594.83,0.28
M0088409,N,50,2,2775.31,0,0,0,2058.85,2877.85,0.32
M0088410,N,72,2,25736.98,0,0,0,3163.25,20995.42,0.75
M0088411,N,62,2,10476.41,0,0,1,3229.87,7318.45,2.09
M0088412,N,65,0,34768.07,1,1,2,547.71,27823.59,0.82
M0088413,N,59,1,6617.73,0,2,1,5688.28,1435.52,1.61
M0088414,N,45,2,7948.75,0,0,0,1746.24,7796.3,0.17
M0088415,N,62,2,9897.94,0,1,0,3906.06,8514.62,0.0
M0088416,N,62,2,12263.06,0,0,0,4571.74,7505.65,1.6
M0088417,N,21,2,8502.47,0,0,0,1503.76,5524.12,0.0
M0088418,N,54,3,4750.31,0,0,0,3635.97,2939.3,1.77
M0088419,N,38,2,9480.59,0,0,0,6597.61,6326.27,0.9
M0088420,N,34,1,17657.01,1,2,0,917.08,23020.38,1.06
M0088421,N,40,0,3473.28,0,1,0,1519.8,2013.52,1.31
M0088422,N,24,1,6068.17,0,0,0,1434.07,4281.59,0.28
M0088423,N,49,2,5369.76,0,0,0,2471.58,6287.86,1.19
M0088424,N,70,0,6420.01,0,0,0,3846.8,2908.32,1.27
M0088425,N,74,2,17790.09,0,0,0,2876.24,12533.5,1.48
M0088426,N,36,1,11360.9,0,1,0,1236.64,8320.46,0.0
M0088427,N,61,0,17946.44,0,1,2,1087.7,18600.49,0.23
M0088428,N,59,0,10243.56,0,1,1,3253.24,12462.42,0.95
M0088429,N,39,0,3873.46,1,2,0,1677.99,2486.96,0.58
M0088430,N,38,1,32496.87,0,0,0,1756.57,28816.83,1.7
M0088431,N,56,0,36422.08,1,2,0,8193.52,25777.72,2.99
M0088432,Y,74,2,434592.68,4,1,4,238289.51,154153.34,5.92
M0088433,N,51,0,9471.44,0,0,0,1859.12,6516.5,0.33
M0088434,N,80,2,14347.1,0,1,1,7136.71,15870.38,0.65
M0088435,N,31,0,2504.94,0,2,0,1257.15,1870.69,0.43
M0088436,N,30,1,9294.27,1,0,1,4902.18,3208.69,0.57
M0088437,N,56,0,3816.36,0,0,0,1099.68,3319.34,0.0
M0088438,N,76,1,5769.23,0,0,0,1477.52,3294.23,1.19
M0088439,N,32,0,11662.56,0,1,0,4660.7,11763.26,1.27
M0088440,N,52,2,17847.41,0,1,1,10140.31,13837.65,0.75
M0088441,N,26,0,8659.3,0,1,0,2503.04,4471.12,0.94
M0088442,N,77,1,4297.41,0,0,0,1616.7,2414.38,0.67
M0088443,Y,71,5,195537.58,3,6,5,97771.45,66720.12,5.31
M0088444,N,46,2,6807.41,2,1,0,6462.24,2106.68,1.8
M0088445,N,46,1,21361.97,0,1,0,3925.13,14968.99,1.11
M0088446,N,44,0,12423.08,1,0,0,7969.08,9341.47,1.17
M0088447,N,52,0,10816.13,0,1,0,2339.31,9186.07,1.37
M0088448,N,24,2,21369.1,2,0,0,13209.46,8033.31,2.09
M0088449,N,47,2,18502.28,0,2,0,4178.36,13456.93,1.43
M0088450,N,67,0,6502.52,0,2,1,2622.75,8672.63,0.81
M0088451,N,53,1,15025.12,0,1,0,2792.3,12984.98,1.39
M0088452,N,28,1,12967.13,0,0,0,5074.81,5700.39,0.92
M0088453,N,69,0,17373.61,0,0,0,846.21,20205.35,1.59
M0088454,N,46,1,22797.92,0,0,0,4049.56,16294.75,1.39
M0088455,N,30,0,7328.15,1,2,2,5457.31,7401.93,1.12
M0088456,N,59,2,38042.14,1,1,0,9937.52,25286.09,2.9
M0088457,N,65,1,25042.21,0,2,0,1329.99,34004.5,2.03
M0088458,N,53,0,10652.74,0,0,0,1969.73,8038.86,0.78
M0088459,N,39,2,17341.89,0,1,0,3104.92,10961.15,2.57
M0088460,N,76,2,8571.97,0,0,0,6643.52,3506.75,0.85
M0088461,N,62,1,3039.52,0,1,0,778.73,3946.51,1.81
M0088462,N,79,0,8687.41,0,0,0,2189.1,9514.68,0.42
M0088463,N,33,0,13580.21,1,1,0,4911.67,7646.89,2.16
M0088464,N,80,1,8737.44,2,0,0,6921.97,2805.3,0.0
M0088465,N,70,2,24511.1,0,0,0,5410.69,21416.93,1.66
M0088466,N,41,1,12266.19,0,1,0,2543.58,7457.31,0.0
M0088467,N,64,0,30457.23,0,2,0,20893.96,8350.35,3.24
M0088468,N,32,1,11134.18,0,1,0,5147.67,4338.01,1.15
M0088469,N,44,2,6123.89,0,0,0,1259.24,4964.3,1.75
M0088470,N,45,0,4724.52,0,0,0,561.15,7268.21,0.0
M0088471,N,27,0,11395.4,0,3,1,3090.83,9249.86,2.34
M0088472,N,49,1,6963.36,0,2,1,1599.08,9324.35,0.0
M0088473,N,66,3,20734.35,0,1,0,13213.56,8626.23,1.29
M0088474,N,59,1,5370.37,0,1,0,3703.66,1303.36,0.48
M0088475,N,61,0,4364.77,0,0,1,2300.07,4358.73,1.44
M0088476,N,58,0,6579.79,0,0,0,2896.3,6331.82,1.47
M0088477,N,47,1,9740.16,0,1,0,6716.15,8996.66,1.23
M0088478,N,34,0,3253.88,0,0,0,1941.9,3011.65,0.13
M0088479,N,19,0,1423.83,0,1,0,568.71,1258.88,0.02
M0088480,N,42,0,5574.03,0,0,0,2887.78,6060.32,1.34
M0088481,N,77,2,4992.63,0,0,0,652.84,8397.14,1.72
M0088482,N,43,2,8084.81,2,0,0,1126.19,9232.7,0.79
M0088483,N,79,1,24194.05,0,2,1,9891.11,10758.1,1.63
M0088484,N,42,0,5269.19,0,0,0,1909.29,4960.25,0.0
M0088485,N,40,2,3453.69,0,0,0,1088.61,2456.1,0.49
M0088486,N,66,2,5550.88,0,2,0,653.47,6727.66,0.5
M0088487,Y,59,10,281928.98,6,8,6,199513.23,170663.04,6.8
M0088488,N,21,1,11392.87,1,2,1,3790.28,11492.01,0.25
M0088489,N,26,1,4039.02,0,0,0,1454.79,2163.35,0.0
M0088490,Y,77,3,258155.95,5,1,1,50444.83,196405.06,3.69
M0088491,N,34,0,5662.52,0,1,0,2580.87,5918.04,0.4
M0088492,N,59,0,4336.44,0,0,1,692.17,5404.15,1.0
M0088493,N,38,0,23471.98,0,0,0,1329.78,28120.18,0.53
M0088494,N,62,1,3794.76,0,0,0,1927.17,1686.46,1.03
M0088495,N,47,2,22445.1,0,0,0,6358.46,33086.03,3.56
M0088496,N,42,2,9343.41,0,1,1,524.68,7977.35,0.98
M0088497,N,22,1,15476.48,0,2,1,5648.68,9221.46,2.5
M0088498,N,28,2,17513.08,1,0,0,9794.43,20809.86,2.09
M0088499,N,69,1,9701.11,0,0,1,2510.22,10382.48,0.0
M0088500,N,67,1,10224.17,0,0,1,2256.66,7645.0,2.1
M0088501,N,27,1,13459.27,0,1,0,4815.86,6941.02,0.46
M0088502,N,76,0,12837.85,0,1,0,3076.64,17918.28,1.61
M0088503,N,54,0,8975.31,1,0,1,1414.82,6170.02,0.14
M0088504,N,30,0,5708.53,1,0,0,3012.92,6081.29,1.24
M0088505,N,53,0,4388.1,0,0,0,1605.8,3453.45,0.36
M0088506,N,78,2,8782.58,0,1,1,3966.72,8901.26,1.36
M0088507,N,39,0,5171.37,0,0,0,1176.33,6091.64,0.31
M0088508,N,62,1,27891.01,0,0,0,27946.17,10273.53,0.02
M0088509,N,36,1,6352.49,0,0,0,733.07,5318.41,0.18
M0088510,N,41,2,15943.94,0,2,1,3873.34,22681.16,1.67
M0088511,N,22,2,26785.14,0,0,1,7370.98,18278.97,1.11
M0088512,N,48,2,34183.0,0,2,1,20944.1,10828.12,1.84
M0088513,N,40,0,14892.72,1,1,0,3940.96,12850.18,0.6
M0088514,N,33,0,5095.4,0,0,0,1130.4,4833.25,0.07
M0088515,N,46,1,10649.25,0,1,1,9875.9,8519.93,1.42
M0088516,N,55,2,15591.67,1,0,1,10624.57,15063.62,2.55
M0088517,N,40,0,14903.6,1,0,2,5705.38,11188.08,1.64
M0088518,N,39,1,11755.61,0,4,3,9773.98,9293.44,1.04
M0088519,N,36,1,9189.74,0,1,0,3563.84,6881.6,1.04
M0088520,N,54,0,6858.19,0,0,0,708.55,9818.07,0.59
M0088521,N,71,0,2177.18,1,0,0,983.62,2592.03,1.29
M0088522,N,78,1,5026.3,0,0,0,1486.02,7145.58,1.71
M0088523,N,49,1,10358.95,0,1,0,2091.08,6586.68,1.14
M0088524,N,45,2,2354.39,0,1,1,1127.11,908.39,0.85
M0088525,N,31,2,4889.74,0,0,0,3721.82,4477.09,0.0
M0088526,N,52,1,13370.19,0,0,0,2864.82,17035.01,0.63
M0088527,N,21,0,4500.84,0,0,0,3563.2,3017.27,1.48
M0088528,N,63,2,1933.99,0,0,0,1123.9,1821.41,0.0
M0088529,N,36,2,13232.19,1,1,0,3338.58,15076.27,0.14
M0088530,N,52,0,4167.45,0,0,0,1505.9,4682.49,0.24
M0088531,N,41,1,18135.65,0,0,1,1527.05,12777.77,1.74
M0088532,N,25,0,6653.13,0,0,0,1867.5,4490.93,0.16
M0088533,N,29,0,15246.06,0,0,0,6973.39,10871.26,1.24
M0088534,N,75,1,12616.18,0,0,0,2123.03,13139.79,1.31
M0088535,N,76,1,2750.2,0,0,0,1374.87,2834.47,0.61
M0088536,N,35,0,23177.64,0,1,0,6310.34,23865.13,1.57
M0088537,N,33,2,12110.64,0,3,0,5696.42,11175.97,1.45
M0088538,N,65,0,7106.68,0,1,1,1929.27,7287.26,2.05
M0088539,N,54,3,5395.64,0,0,0,1363.36,4716.49,1.28
M0088540,N,29,1,14512.44,0,0,0,5187.2,6938.94,0.02
M0088541,N,45,2,9187.28,1,0,0,1574.51,9391.42,2.33
M0088542,N,25,0,4206.23,0,0,0,1121.35,4105.84,0.0
M0088543,N,45,1,5460.0,0,0,0,1053.24,3714.96,0.0
M0088544,N,20,0,6573.93,0,0,0,6282.35,4640.06,2.49
M0088545,N,32,1,16221.86,0,2,0,3867.95,14127.84,1.35
M0088546,N,39,2,19776.8,0,0,0,3782.26,22649.85,1.97
M0088547,N,36,2,13703.6,0,0,0,1873.16,10754.81,0.6
M0088548,N,41,1,2938.74,1,2,0,2443.78,1291.45,1.3
M0088549,N,43,0,3631.37,0,0,0,1910.38,4360.1,1.49
M0088550,N,67,2,17196.97,0,3,0,2878.81,14082.68,1.06
M0088551,N,31,0,10142.24,0,2,0,4659.14,4729.04,0.66
M0088552,N,61,3,25601.68,2,1,0,9073.73,21245.67,3.2
M0088553,N,50,0,8960.57,0,0,0,5056.69,2040.53,0.13
M0088554,N,25,1,5866.81,0,2,1,1189.06,4496.59,0.3
M0088555,N,31,1,28603.27,0,1,3,16743.7,8568.58,3.1
M0088556,N,73,0,5622.31,0,1,0,3082.23,5810.81,1.42
M0088557,N,47,3,10524.87,0,0,0,3104.85,5518.08,0.0
M0088558,N,67,1,1812.07,0,1,0,977.42,1347.04,0.0
M0088559,Y,65,4,229203.89,4,1,4,123736.79,178585.24,3.89
M0088560,N,29,0,27288.28,0,0,0,1233.66,21901.95,0.21
M0088561,N,28,0,11317.39,0,1,0,1631.45,14275.57,0.0
M0088562,N,51,1,28054.14,0,2,0,3777.88,21421.64,2.01
M0088563,N,77,1,14978.61,0,2,2,3350.93,18699.73,2.24
M0088564,N,28,3,28616.59,0,0,2,6772.8,17721.31,2.4
M0088565,N,30,0,10580.24,0,0,0,2071.45,7344.87,0.49
M0088566,N,74,0,8888.22,1,1,0,2134.61,5705.99,0.15
M0088567,N,32,4,9535.52,1,0,0,5473.0,10280.23,1.33
M0088568,N,38,0,4424.04,0,1,0,1751.2,5830.15,0.92
M0088569,N,33,1,23542.51,1,0,0,5704.91,20868.8,2.46
M0088570,N,75,1,12619.94,0,0,0,2197.48,14630.71,0.75
M0088571,N,47,1,14473.52,0,0,0,2550.56,11820.62,1.0
M0088572,N,25,2,41601.92,0,2,1,1383.3,41464.34,1.99
M0088573,N,79,0,8573.32,0,1,0,528.56,8125.98,0.37
M0088574,N,28,2,21517.27,0,0,0,16102.41,6892.41,1.63
M0088575,N,44,0,11171.2,0,2,0,7271.62,3915.97,0.85
M0088576,N,79,1,4881.82,0,0,0,1600.46,4123.33,0.0
M0088577,N,51,0,4970.62,0,0,0,741.64,4171.54,1.66
M0088578,N,45,1,8608.0,0,1,0,7722.45,6946.01,1.17
M0088579,N,21,2,8926.97,0,1,0,1820.7,12861.86,1.37
M0088580,N,78,0,9485.14,0,3,1,8444.81,1768.49,0.2
M0088581,N,33,1,12258.81,0,1,0,3882.52,11561.76,2.36
M0088582,N,29,0,5399.17,0,1,0,325.91,6078.24,0.0
M0088583,N,65,0,3358.45,0,0,0,1421.6,4661.17,0.77
M0088584,N,74,1,21122.14,0,2,0,4688.48,16765.56,1.92
M0088585,N,22,2,7557.9,0,1,0,3032.87,2902.42,0.79
M0088586,N,73,1,2332.33,0,0,0,1166.82,2165.45,0.27
M0088587,N,55,2,9063.92,0,0,0,594.58,6811.49,0.63
M0088588,N,68,0,8303.87,0,0,1,2081.13,11407.15,1.25
M0088589,N,29,2,8052.9,1,0,0,2237.34,8356.11,0.67
M0088590,N,73,1,8868.98,1,0,0,4364.4,7412.14,0.83
M0088591,N,19,1,25496.2,0,2,1,12076.15,9262.9,2.07
M0088592,N,28,0,9934.08,1,1,1,4034.4,6370.94,0.21
M0088593,N,22,0,5159.65,0,0,0,861.84,3371.74,0.0
M0088594,N,67,0,13873.26,0,0,0,7992.67,7633.0,2.4
M0088595,N,28,1,13223.42,1,0,1,809.02,19665.14,2.41
M0088596,N,59,0,15193.01,0,1,0,2545.19,10023.76,1.76
M0088597,N,59,2,14339.89,0,1,0,6163.48,14319.8,1.14
M0088598,N,43,2,5535.36,0,0,0,701.69,4740.15,0.0
M0088599,N,35,1,21876.17,1,2,0,10189.91,8473.0,2.31
M0088600,N,67,0,9479.3,0,2,0,2561.2,5867.75,1.47
M0088601,N,53,1,8113.57,0,2,0,1489.51,9146.88,1.63
M0088602,N,20,1,7833.78,0,0,0,2887.12,5650.51,1.37
M0088603,N,41,2,11366.19,0,2,0,2471.48,12946.05,0.74
M0088604,N,42,3,6366.0,0,0,0,3422.25,3210.78,1.38
M0088605,N,58,0,4312.18,1,1,0,1795.96,5470.05,1.2
M0088606,N,66,2,2927.09,0,1,0,1324.35,1476.62,0.85
M0088607,N,39,2,7707.14,1,0,2,1394.5,7259.59,0.6
M0088608,N,61,0,3800.89,0,0,1,1536.2,4776.52,1.34
M0088609,N,33,0,7777.26,1,0,0,2305.68,5446.93,1.84
M0088610,N,37,0,4794.66,0,0,0,1256.2,7093.99,0.15
M0088611,N,67,2,16501.11,0,1,0,3933.98,13234.79,1.18
M0088612,N,71,3,9688.36,0,0,0,3693.2,9337.84,0.32
M0088613,N,64,0,10319.51,0,0,0,3036.9,7657.55,0.84
M0088614,N,64,0,23836.42,0,1,0,6593.41,12572.85,1.81
M0088615,N,33,2,20855.09,2,0,0,5129.2,12967.05,0.0
M0088616,N,38,1,11846.89,0,1,0,7461.78,5598.64,1.78
M0088617,N,49,0,7959.99,1,1,0,1797.44,5472.52,0.0
M0088618,Y,65,4,322456.41,5,9,4,234268.81,175266.31,5.19
M0088619,N,19,1,6226.88,0,0,0,1339.15,5809.72,0.0
M0088620,N,74,2,10285.71,0,1,0,5328.39,5504.15,0.65
M0088621,N,38,0,12001.2,0,1,0,3959.72,9384.04,0.27
M0088622,N,73,0,16789.41,0,1,0,4692.83,9963.83,2.18
M0088623,N,62,0,8699.3,0,1,0,1740.41,9715.91,0.0
M0088624,N,57,1,24066.39,0,0,0,2546.49,38990.92,0.0
M0088625,N,79,1,9461.5,0,2,0,6893.47,6038.0,2.09
M0088626,N,48,2,6717.63,0,0,1,2374.11,3607.93,2.3
M0088627,N,39,0,5472.11,0,1,1,2295.76,2359.5,0.13
M0088628,N,76,0,5249.09,0,0,0,2521.45,4632.61,0.0
M0088629,Y,83,2,180723.18,3,4,4,54137.18,105726.52,4.85
M0088630,N,38,0,5340.34,0,0,0,2079.62,4111.25,0.88
M0088631,N,60,2,26576.28,0,1,0,8390.66,13983.07,0.9
M0088632,N,44,2,9282.19,0,2,1,3887.66,8213.98,0.38
M0088633,N,70,1,2951.78,0,2,0,2080.13,2568.37,0.77
M0088634,N,60,0,7607.9,0,0,0,1314.71,4825.24,1.34
M0088635,N,55,1,12474.07,0,0,1,2980.28,9396.41,0.93
M0088636,N,42,1,5543.83,0,0,0,1396.99,3259.63,0.0
M0088637,N,60,1,7579.11,0,2,0,1449.78,5232.63,0.44
M0088638,N,53,0,17253.15,0,0,0,1346.99,18213.55,0.23
M0088639,Y,74,5,310944.17,5,2,4,73053.14,260766.73,4.01
M0088640,N,56,2,20842.1,0,0,0,5991.67,10687.51,0.53
M0088641,N,77,0,3527.33,1,0,0,3351.46,2563.43,0.08
M0088642,N,60,0,10960.98,0,2,0,4434.67,11290.4,1.45
M0088643,N,66,2,5359.36,0,1,0,2103.66,3049.03,0.09
M0088644,N,30,2,8258.72,0,0,0,3952.83,2613.49,0.95
M0088645,N,51,0,17937.26,0,1,0,10325.61,4405.48,1.31
M0088646,N,40,2,6865.35,2,2,0,6205.58,1403.2,2.46
M0088647,N,52,0,4075.28,0,1,0,959.12,5430.56,0.9
M0088648,N,19,1,2033.2,0,1,0,1471.22,2181.74,1.22
M0088649,N,62,1,1772.82,0,0,0,1152.21,1630.94,1.02
M0088650,N,53,1,4964.14,0,1,0,2142.5,4375.56,1.01
M0088651,N,36,2,41518.7,0,2,0,4703.46,35179.61,1.68
M0088652,N,32,1,28910.23,1,1,0,10310.34,16238.25,0.96
M0088653,N,23,1,6710.1,0,0,0,2225.73,4503.73,0.0
M0088654,N,79,0,36611.34,0,0,0,31875.61,13562.52,1.94
M0088655,N,41,1,8662.52,1,1,0,2460.05,8509.12,1.79
M0088656,N,79,1,6497.52,0,0,0,1458.48,3870.84,0.61
M0088657,N,42,1,11013.16,0,2,0,6687.53,4979.01,0.78
M0088658,N,59,0,10162.03,0,0,0,1605.06,8260.27,1.98
M0088659,N,58,0,20584.47,0,0,0,1202.9,18785.49,2.2
M0088660,N,71,2,18430.56,1,0,0,4329.67,12651.0,0.26
M0088661,N,49,0,11878.83,0,1,0,1997.63,15674.39,1.19
M0088662,N,80,2,29999.35,0,2,0,7401.09,17277.14,2.24
M0088663,N,65,0,23027.63,1,2,0,4928.39,21081.67,1.72
M0088664,N,56,2,23383.48,0,1,0,3789.21,18040.89,2.44
M0088665,N,79,1,21616.85,0,0,0,1255.89,18529.56,0.45
M0088666,N,62,2,2851.9,0,0,0,277.23,2369.83,0.0
M0088667,N,56,1,4277.89,0,0,0,884.92,3384.6,1.14
M0088668,N,46,0,15250.89,0,0,0,3405.4,13801.7,0.0
M0088669,N,79,0,4718.45,0,0,0,705.1,3376.07,0.0
M0088670,Y,73,6,333209.44,4,3,3,118007.45,271126.62,4.5
M0088671,N,34,1,6400.39,0,1,0,2954.87,4722.39,2.2
M0088672,N,25,0,21881.39,0,0,0,1812.32,28054.11,0.79
M0088673,N,49,0,2380.27,0,0,0,837.9,2506.0,1.04
M0088674,N,61,3,20883.74,1,2,0,7723.75,24433.01,2.75
M0088675,N,78,1,26473.35,0,2,1,7692.44,13377.34,1.3
M0088676,N,42,1,4259.7,0,2,0,1325.62,4806.12,0.0
M0088677,N,51,2,31157.81,0,0,0,3595.88,21762.91,2.38
M0088678,N,35,2,37086.9,0,1,0,17508.13,11842.67,1.29
M0088679,N,18,0,17055.36,1,2,2,6671.15,9423.46,2.19
M0088680,N,65,1,12352.52,0,1,1,3495.32,14658.61,1.03
M0088681,N,28,0,6151.46,0,0,0,3676.84,2360.88,0.0
M0088682,N,40,1,4681.78,1,0,1,3301.18,4522.42,0.51
M0088683,N,72,1,7067.34,0,0,0,2865.48,3620.84,0.2
M0088684,N,28,1,4320.34,0,0,1,1822.07,3061.85,1.77
M0088685,N,24,0,10865.56,0,1,0,5292.11,3231.38,0.84
M0088686,N,43,0,6439.89,0,0,0,2043.94,6102.28,0.3
M0088687,N,54,0,9563.16,0,2,0,4096.23,7459.59,0.0
M0088688,N,20,0,9502.56,0,0,0,6094.02,4489.12,0.0
M0088689,N,62,1,9579.89,0,1,0,3344.03,4952.99,1.28
M0088690,N,53,0,2180.17,0,0,0,1012.88,2685.01,1.01
M0088691,N,28,0,12727.35,0,1,0,2691.31,8923.22,1.55
M0088692,N,67,1,5659.46,0,0,0,2223.68,3860.55,0.92
M0088693,N,37,0,3029.25,0,0,0,1213.47,2295.45,1.2
M0088694,N,56,0,4558.68,0,0,1,1721.91,5425.32,2.07
M0088695,Y,54,6,123855.43,3,5,5,52080.17,104610.42,6.86
M0088696,N,80,1,8784.8,0,0,0,4150.82,3642.86,0.43
M0088697,N,46,1,10236.29,0,0,0,745.26,9162.63,1.84
M0088698,N,79,1,53918.67,1,1,0,6058.6,50261.21,1.19
M0088699,N,78,0,8350.09,1,1,0,2686.13,7657.2,1.09
M0088700,N,49,1,17047.7,0,0,0,994.09,14562.51,1.47
M0088701,Y,80,6,412164.82,4,4,4,171521.64,358187.32,6.94
M0088702,N,79,1,20148.28,0,0,0,7383.04,23305.76,1.94
M0088703,N,23,0,4134.96,0,1,0,1163.18,2857.69,0.28
M0088704,N,69,0,4431.22,0,0,0,650.22,3790.86,2.33
M0088705,N,53,1,8357.31,0,0,0,1899.99,6322.43,1.17
M0088706,N,39,0,25170.41,1,0,0,6998.87,14007.86,1.55
M0088707,N,45,2,25828.2,0,1,0,1726.49,22044.58,0.07
M0088708,Y,52,6,323925.0,6,2,6,75252.78,269445.04,5.93
M0088709,N,47,0,4016.58,1,0,0,1584.72,3274.68,0.32
M0088710,N,61,0,11015.98,0,0,0,1661.34,15666.17,1.83
M0088711,N,49,1,64017.02,1,2,0,31442.05,24112.6,1.78
M0088712,N,63,1,3149.4,0,1,1,475.14,2974.95,0.65
M0088713,N,55,1,16608.26,0,0,0,3911.04,10043.7,0.76
M0088714,N,54,0,19530.57,0,0,0,1239.03,15718.15,0.61
M0088715,N,69,0,15809.94,0,0,0,9011.66,7875.77,2.03
M0088716,N,34,0,9474.48,1,0,0,3554.04,5777.08,0.42
M0088717,N,70,0,18991.25,1,1,1,6369.4,22594.84,0.0
M0088718,N,73,1,6998.12,0,0,0,743.38,7028.7,0.0
M0088719,N,41,2,8522.39,1,0,0,1911.92,6536.18,1.08
M0088720,N,67,0,16798.58,0,2,0,5411.43,9993.91,1.72
M0088721,N,79,3,8651.69,0,0,0,2102.48,5262.76,0.99
M0088722,N,20,1,12226.67,0,1,0,4934.39,10001.1,1.91
M0088723,N,72,1,11981.75,0,0,0,2987.06,7306.23,1.12
M0088724,N,36,0,22131.92,0,0,0,8478.09,14197.33,0.4
M0088725,N,26,1,28799.68,1,1,0,4869.01,30801.8,0.97
M0088726,N,30,1,7572.74,0,1,0,6679.19,6861.41,1.78
M0088727,N,58,2,26189.32,0,2,0,2505.61,24545.01,1.7
M0088728,N,40,0,8298.56,0,0,1,4655.95,5595.69,0.76
M0088729,N,73,1,16879.57,0,0,0,7811.66,5859.35,2.98
M0088730,N,27,0,6897.33,0,1,1,2552.53,3541.42,1.45
M0088731,Y,68,7,106257.76,3,2,4,28276.95,117553.9,4.66
M0088732,N,73,0,18291.21,0,1,1,7312.37,15224.87,0.45
M0088733,N,47,1,11357.4,0,1,0,5569.0,5200.44,0.64
M0088734,N,72,2,30122.12,0,0,0,5410.07,23293.58,1.52
M0088735,N,57,0,4415.86,0,2,0,582.93,3474.31,0.81
M0088736,Y,57,5,234789.42,1,2,2,169938.92,97964.42,4.88
M0088737,N,73,2,23878.77,0,0,0,13870.07,18533.02,3.87
M0088738,N,36,3,26212.98,0,0,0,4069.89,16708.61,1.9
M0088739,N,47,0,8430.18,0,0,0,784.59,13595.77,1.99
M0088740,N,41,0,9367.94,0,0,0,3972.21,8207.09,0.35
M0088741,N,49,1,18935.73,0,0,0,8962.86,13098.82,0.0
M0088742,N,28,0,1790.99,0,0,0,1013.83,1732.77,0.11
M0088743,N,46,2,17813.93,1,1,0,4541.86,13484.57,1.48
M0088744,Y,80,6,289262.55,4,5,6,83443.94,224691.74,5.64
M0088745,N,77,0,10907.25,0,1,0,3640.87,10161.83,2.29
M0088746,N,23,0,2585.72,0,0,0,795.36,1886.38,0.5
M0088747,N,26,2,14821.71,0,1,1,11338.03,5593.08,2.12
M0088748,N,68,0,3320.42,0,0,1,541.49,3207.8,0.02
M0088749,N,70,1,7525.57,0,1,0,3537.31,8632.01,1.21
M0088750,Y,46,4,392579.88,1,2,6,101183.32,244248.16,6.66
M0088751,N,26,0,9222.57,0,0,0,4392.72,4785.64,0.12
M0088752,N,42,1,15929.24,0,1,1,5982.6,13767.32,2.23
M0088753,N,30,0,20241.12,0,0,0,2315.63,15989.65,0.78
M0088754,N,49,2,9400.74,0,2,0,1973.94,6700.77,0.66
M0088755,N,46,1,15644.1,0,1,1,1801.89,12127.05,1.23
M0088756,N,53,0,4184.35,0,1,0,787.72,4354.21,0.0
M0088757,N,27,2,7487.46,1,1,0,1509.06,6824.29,1.98
M0088758,N,34,2,24807.34,0,1,0,2877.73,23517.1,1.26
M0088759,N,18,4,29872.89,0,1,1,4658.51,22796.14,1.02
M0088760,N,25,2,9534.56,0,1,0,2371.64,6007.1,0.71
M0088761,N,22,1,1832.5,0,0,0,964.29,2081.07,0.6
M0088762,N,49,0,13543.06,0,2,0,1019.34,10851.35,0.11
M0088763,N,30,0,19268.51,0,0,1,8293.52,10953.16,2.03
M0088764,N,57,3,14810.15,0,1,1,5368.89,19458.42,0.13
M0088765,Y,75,2,313526.49,1,3,5,56924.94,228102.55,4.27
M0088766,N,58,1,8256.63,0,1,0,2368.44,9901.8,0.54
M0088767,N,38,2,24231.74,0,1,0,1071.49,21187.24,0.99
M0088768,N,71,0,3601.69,0,1,0,350.05,2760.25,0.82
M0088769,N,25,0,10420.67,0,0,0,3844.82,5100.81,2.15
M0088770,N,73,1,7944.31,0,0,1,2178.23,4490.89,0.12
M0088771,N,42,3,5844.01,0,0,2,980.74,7729.76,0.36
M0088772,N,79,0,4288.94,0,0,0,927.61,2980.56,1.01
M0088773,N,70,0,4649.75,0,0,0,1061.93,4043.49,0.14
M0088774,N,63,1,14187.88,0,0,0,5092.61,7172.16,0.0
M0088775,N,48,0,9502.53,0,0,0,5508.42,7885.28,1.66
M0088776,N,70,1,6141.79,0,0,0,2169.43,2783.56,1.67
M0088777,N,80,1,33072.23,0,0,1,4229.67,28157.21,1.34
M0088778,N,61,1,15678.26,0,2,0,2087.18,11411.92,0.31
M0088779,N,59,2,34359.87,1,2,1,15331.75,38772.26,3.53
M0088780,N,78,0,14312.62,0,0,0,5151.36,7332.79,0.85
M0088781,N,68,1,6072.4,0,0,0,1199.53,6429.54,0.0
M0088782,N,43,1,12824.08,1,1,0,2080.73,19647.72,0.26
M0088783,N,31,0,11875.86,0,2,0,2596.23,8331.93,0.0
M0088784,N,20,0,11628.87,0,0,0,2172.41,8032.16,0.49
M0088785,N,37,1,14908.54,0,0,0,4050.16,10519.74,1.9
M0088786,N,73,1,6453.85,0,0,0,1780.79,5444.67,0.0
M0088787,N,42,1,5346.83,0,0,0,344.95,7480.55,1.03
M0088788,N,38,2,9537.85,0,2,0,2148.13,6428.23,0.0
M0088789,N,66,2,5079.87,0,0,0,2958.97,3416.82,1.44
M0088790,N,60,1,8661.94,0,0,0,785.12,14195.76,1.63
M0088791,N,31,0,4264.28,0,0,0,1485.84,5202.53,1.15
M0088792,N,62,0,17936.44,0,2,0,2045.83,12660.51,2.09
M0088793,N,68,1,22101.21,0,1,0,674.47,18574.8,1.57
M0088794,N,36,3,17197.46,1,0,0,2922.05,20751.27,0.53
M0088795,N,63,0,11023.51,0,1,1,3521.95,9233.63,1.47
M0088796,N,47,0,3097.96,0,0,0,2390.16,2400.46,0.34
M0088797,N,70,0,6619.03,0,0,0,2748.56,7771.27,1.45
M0088798,N,35,3,45740.47,1,2,0,9608.59,33254.21,2.36
M0088799,N,51,1,11291.28,0,0,1,4800.31,9522.06,1.15
M0088800,N,26,1,13074.27,0,1,0,6670.22,6636.6,0.37
M0088801,N,53,1,30776.13,0,2,0,8283.7,15952.3,0.9
M0088802,N,61,0,9264.98,0,0,0,10795.62,4142.45,0.0
M0088803,N,19,1,9081.63,1,2,0,1786.17,14614.51,1.64
M0088804,N,65,0,12437.0,0,0,0,2365.26,9642.85,1.6
M0088805,N,73,1,6364.13,0,1,1,2377.96,3680.86,0.0
M0088806,N,28,2,12731.1,0,0,0,3716.95,10384.92,0.61
M0088807,N,26,1,54787.42,1,0,0,2378.0,51705.01,1.52
M0088808,N,36,1,16141.81,1,0,0,1880.63,10977.51,1.51
M0088809,N,35,3,24073.23,1,2,1,4761.25,21503.6,1.59
M0088810,N,28,5,13029.37,1,2,0,1943.63,11935.28,4.5
M0088811,N,41,1,12026.65,0,0,1,2892.36,7108.53,0.0
M0088812,N,25,2,38426.17,1,1,1,11406.99,20759.91,3.51
M0088813,N,72,1,25782.29,1,0,1,2500.41,29888.57,1.07
M0088814,N,51,1,28650.56,0,0,0,2350.81,29223.55,1.95
M0088815,N,59,1,14043.48,0,0,0,5595.09,16246.48,2.05
M0088816,N,49,0,8493.01,0,2,0,1145.29,10241.4,1.49
M0088817,N,53,1,14635.63,0,0,0,1665.28,11690.08,0.75
M0088818,Y,72,7,279677.39,1,5,6,100123.43,200004.99,5.2
M0088819,N,50,0,18989.36,0,0,0,2071.35,18854.5,1.41
M0088820,N,42,2,6055.14,1,0,0,1528.89,5426.33,0.67
M0088821,N,73,0,25541.19,0,1,0,8475.94,12304.11,0.84
M0088822,N,55,1,14021.29,0,0,0,4224.33,8222.47,1.41
M0088823,N,35,0,11153.42,0,0,0,2329.02,7734.53,0.77
M0088824,N,26,0,12802.07,0,3,0,6487.64,9128.08,1.97
M0088825,N,40,0,14067.88,0,1,0,4116.26,8691.18,0.0
M0088826,N,42,0,8122.53,0,0,0,11503.5,2955.27,2.15
M0088827,N,65,0,5409.53,0,0,0,1236.02,3651.49,0.0
M0088828,N,69,0,9328.44,0,1,0,3222.27,5624.32,0.49
M0088829,N,65,0,23946.14,0,2,0,2640.75,16215.13,1.75
M0088830,N,71,1,20755.59,0,1,0,8640.47,9664.95,2.73
M0088831,N,57,1,11791.21,1,1,0,5004.75,4308.25,0.02
M0088832,N,45,1,5126.58,0,0,0,1183.18,3660.09,0.0
M0088833,N,66,1,11585.28,0,1,0,1787.35,10580.84,0.0
M0088834,N,26,1,3703.27,0,0,0,3945.5,2170.5,0.47
M0088835,N,48,0,14082.19,1,0,2,5948.95,8548.81,2.72
M0088836,N,56,0,19184.28,2,0,1,1976.37,14170.3,1.34
M0088837,N,34,1,12210.55,0,0,0,2463.28,11934.78,1.82
M0088838,N,59,3,7113.18,0,2,0,966.82,7761.77,1.67
M0088839,N,57,3,11821.47,0,2,0,3338.93,6166.35,1.45
M0088840,N,70,1,24330.97,1,1,0,5792.02,14817.23,1.55
M0088841,N,26,2,22671.99,1,2,1,6644.67,16758.72,2.08
M0088842,N,18,0,7107.84,0,0,0,3605.23,3473.66,1.45
M0088843,N,71,0,12956.97,0,0,0,4723.33,8063.84,1.82
M0088844,N,49,1,11713.96,1,1,0,1842.32,16856.78,1.08
M0088845,N,45,1,7843.79,0,0,0,2088.7,4862.6,0.97
M0088846,N,28,1,10092.46,0,0,0,2193.73,7788.78,0.53
M0088847,N,78,0,14098.51,1,1,1,3190.85,10501.34,1.63
M0088848,N,27,0,11001.41,1,0,0,2631.4,6936.34,2.15
M0088849,N,51,0,5470.32,1,0,0,3072.17,1805.11,1.32
M0088850,N,77,2,3995.46,0,2,0,1746.03,5342.96,0.46
M0088851,N,62,1,10497.61,0,1,0,4928.85,7239.03,0.19
M0088852,N,73,1,26106.58,0,1,0,3052.58,29973.77,2.15
M0088853,N,41,2,9673.57,0,3,0,2225.93,10603.79,0.45
M0088854,N,73,4,12319.47,1,1,2,4325.33,6071.5,1.86
M0088855,N,56,0,11584.93,1,1,0,8304.35,3308.4,0.58
M0088856,N,40,0,20487.39,0,1,0,7282.43,25204.69,1.65
M0088857,N,22,4,18351.94,0,0,0,8433.07,7201.85,1.9
M0088858,N,56,3,28081.76,2,1,0,5447.97,18239.64,2.17
M0088859,N,32,1,8095.49,0,1,0,3802.08,4681.35,0.0
M0088860,N,18,1,16487.16,0,0,0,7096.22,7058.88,1.87
M0088861,N,48,4,29142.34,0,1,0,4812.35,28004.95,2.66
M0088862,N,51,1,7910.01,0,2,2,3688.09,4131.0,3.4
M0088863,N,47,0,6112.5,0,0,0,2042.73,5071.74,0.16
M0088864,N,59,2,31895.88,1,3,0,4110.72,24599.13,2.54
M0088865,N,54,2,22359.21,1,0,0,6732.26,18169.66,2.23
M0088866,N,48,2,8309.45,0,0,0,4271.91,6303.85,1.51
M0088867,N,40,0,2097.36,0,0,2,606.63,2002.37,2.42
M0088868,N,22,1,33173.64,0,2,0,10861.53,17061.08,1.35
M0088869,N,47,2,26014.74,0,0,0,3707.06,23285.25,2.22
M0088870,N,27,0,23205.45,1,2,0,6682.64,13440.09,2.39
M0088871,N,45,0,8280.94,0,0,0,491.09,7098.43,1.47
M0088872,N,31,1,21220.48,0,0,0,6289.53,12772.46,1.45
M0088873,N,30,2,4934.41,1,0,0,1517.18,2921.8,0.81
M0088874,N,33,2,7539.46,0,0,0,587.3,6553.31,0.0
M0088875,N,69,2,17096.59,0,1,0,7689.21,8606.73,1.86
M0088876,N,76,1,23022.35,2,1,0,1735.78,36898.59,1.06
M0088877,N,46,2,8123.86,1,1,0,3086.88,6749.43,1.4
M0088878,Y,50,2,100316.96,3,3,3,25156.15,90977.21,2.8
M0088879,N,60,0,15221.24,0,1,0,10125.33,7688.14,0.51
M0088880,N,48,0,6153.63,0,0,0,1619.2,7425.69,1.16
M0088881,N,75,2,4564.13,0,0,0,432.16,3288.85,1.32
M0088882,N,75,3,35081.26,2,1,0,3293.64,33315.19,3.05
M0088883,N,60,0,5038.44,1,0,0,1112.99,4069.58,0.52
M0088884,N,77,1,10381.6,0,0,2,2440.97,14230.25,1.72
M0088885,N,45,1,26962.87,1,2,1,1958.29,25618.12,1.52
M0088886,N,49,0,9353.16,1,2,0,1719.67,7110.47,1.3
M0088887,N,20,0,4412.57,0,1,0,2568.09,1489.52,0.62
M0088888,Y,51,4,121338.76,2,3,4,42739.76,107970.95,4.13
M0088889,N,65,1,11875.81,1,1,1,8777.12,7340.15,1.34
M0088890,N,68,3,13386.55,0,1,1,3310.32,7452.38,1.92
M0088891,N,49,3,9377.97,0,0,0,2164.03,7820.3,1.2
M0088892,N,77,1,38294.16,0,0,0,9467.24,57892.31,1.0
M0088893,N,26,1,22088.34,0,2,1,5780.56,13172.11,1.2
M0088894,N,56,1,11991.27,0,1,0,2405.31,7413.05,1.06
M0088895,N,48,0,6110.16,0,2,1,933.29,7358.28,1.23
M0088896,N,59,2,15357.44,2,2,0,2827.98,10574.02,1.18
M0088897,N,47,2,7762.5,1,0,0,2189.77,7575.18,1.33
M0088898,N,63,0,6942.89,0,2,0,2152.39,6752.07,0.62
M0088899,N,23,0,3385.12,0,0,0,523.51,2810.49,0.43
M0088900,N,48,1,9902.19,1,2,0,4134.87,4991.75,1.44
M0088901,N,70,1,13512.1,0,1,0,3579.52,8878.14,2.45
M0088902,N,40,2,21667.31,0,1,0,3324.08,19062.01,2.41
M0088903,N,71,2,3837.38,0,0,0,1285.91,2538.35,0.45
M0088904,N,38,0,18968.67,0,0,0,3972.62,13853.4,1.59
M0088905,N,22,1,6277.99,0,0,0,1379.31,5050.66,0.0
M0088906,N,80,1,6053.95,0,1,0,2701.37,6012.39,0.04
M0088907,N,28,0,10267.12,0,0,1,3279.69,6379.01,0.0
M0088908,N,68,0,8587.46,0,2,0,3884.11,7524.95,0.5
M0088909,N,21,0,8157.15,0,1,0,1546.53,8761.66,2.08
M0088910,N,73,1,4229.05,0,0,0,1540.95,3301.53,0.39
M0088911,N,26,3,8868.72,0,0,0,5394.4,10238.49,1.37
M0088912,N,75,0,7909.13,0,0,0,2220.91,7757.1,1.34
M0088913,N,50,2,2233.41,0,0,0,490.59,1706.73,0.12
M0088914,N,78,3,17912.5,0,1,3,4414.96,14579.56,1.11
M0088915,N,43,0,5785.48,0,0,0,3273.85,5096.03,1.19
M0088916,N,35,1,25876.79,0,1,0,4784.32,19280.53,3.11
M0088917,N,34,0,10254.71,0,0,0,524.4,7511.1,0.44
M0088918,N,27,0,5230.84,2,0,0,2029.67,4545.56,0.0
M0088919,N,60,2,7904.93,0,0,0,4756.24,5844.97,0.99
M0088920,N,76,0,41101.07,1,3,0,15493.0,55353.52,1.77
M0088921,N,43,1,8490.81,0,0,0,1508.74,6837.9,1.85
M0088922,N,76,2,50777.81,0,1,0,13908.28,27553.25,0.91
M0088923,N,40,0,10696.28,1,0,0,3558.51,11209.54,0.66
M0088924,N,18,2,10646.47,1,1,0,7921.79,5168.61,1.86
M0088925,N,22,2,20009.54,0,0,0,1234.78,14682.61,0.45
M0088926,N,19,2,4625.81,0,0,0,1109.47,4859.23,0.0
M0088927,N,23,1,28896.0,0,0,0,1732.18,26122.95,0.0
M0088928,N,39,0,2571.87,0,2,1,592.75,3024.17,0.0
M0088929,N,48,0,11782.47,0,0,0,7432.43,7846.5,1.77
M0088930,N,37,1,9495.6,0,1,0,4557.77,5630.43,1.91
M0088931,N,43,0,4240.81,1,0,0,3162.87,3613.7,1.4
M0088932,N,32,1,23284.63,0,0,0,3272.85,20425.97,1.35
M0088933,N,69,2,43280.8,1,1,0,4979.55,39818.59,1.64
M0088934,Y,64,6,153753.02,1,5,3,47813.84,98710.93,3.99
M0088935,N,21,1,3920.98,0,0,0,776.02,2507.88,0.0
M0088936,N,38,1,12928.83,0,1,0,3365.12,7177.0,0.71
M0088937,N,56,1,14245.46,0,0,1,3461.09,8188.28,0.6
M0088938,N,52,0,16839.57,0,0,0,7781.49,12094.46,2.28
M0088939,N,56,0,16430.03,1,0,0,1846.74,19076.29,1.59
M0088940,N,67,0,15063.41,1,2,0,1914.5,10287.33,0.99
M0088941,N,63,1,10914.63,0,3,0,5182.44,5014.5,1.24
M0088942,N,65,0,10171.38,0,0,0,2116.53,11714.11,1.04
M0088943,N,79,0,11059.92,0,0,1,968.03,12353.08,0.0
M0088944,N,43,1,18768.82,0,0,0,811.16,17198.29,0.51
M0088945,N,40,1,12857.27,0,2,0,3004.23,10383.74,1.86
M0088946,N,30,0,12083.11,1,0,1,5267.51,5915.96,0.76
M0088947,N,75,2,28854.11,2,3,0,10686.99,20399.42,1.89
M0088948,N,60,0,4498.16,0,1,0,2297.89,4953.57,1.98
M0088949,N,71,1,30500.34,0,1,0,4721.09,22091.34,2.28
M0088950,N,57,0,11125.62,0,1,0,2116.4,7544.36,0.03
M0088951,N,47,0,10079.05,0,0,0,622.21,7768.89,0.56
M0088952,N,18,0,6686.36,0,1,1,2146.11,3599.45,0.68
M0088953,N,77,0,3495.74,0,1,0,1962.63,2802.27,0.71
M0088954,N,22,2,17460.09,0,0,2,2811.48,13358.78,0.0
M0088955,N,38,0,2272.53,0,0,0,1228.28,2373.38,0.95
M0088956,N,63,1,9997.72,0,1,0,4627.91,7881.38,0.18
M0088957,N,51,1,6460.88,1,1,1,2369.62,7034.17,2.13
M0088958,Y,55,8,317929.45,4,6,5,112041.04,198402.16,6.89
M0088959,N,37,3,11430.9,0,0,0,5809.73,11489.59,2.49
M0088960,N,58,0,46569.07,0,0,1,7915.63,45078.0,1.71
M0088961,N,37,1,15389.64,0,1,0,4974.8,10492.68,0.57
M0088962,N,74,2,23692.66,0,1,2,2299.78,28133.24,0.71
M0088963,N,78,2,21008.1,1,1,0,1519.36,16836.15,1.57
M0088964,N,71,1,7177.47,1,1,0,2789.79,7306.82,2.12
M0088965,N,37,1,9431.24,0,0,0,1123.08,12601.73,0.88
M0088966,N,22,1,19439.45,0,2,1,10254.98,7099.81,1.03
M0088967,N,73,2,25585.93,0,0,0,18267.04,9383.63,1.81
M0088968,N,23,2,10426.4,1,0,0,9550.43,7319.32,2.42
M0088969,N,22,2,6923.96,0,1,1,2374.31,6323.21,0.72
M0088970,N,32,1,5707.32,0,0,0,1644.12,7813.16,0.0
M0088971,N,72,1,17164.24,0,0,0,14637.79,10795.47,1.13
M0088972,N,40,1,14078.18,2,0,0,7681.65,6469.54,0.91
M0088973,N,63,2,3332.9,0,0,0,1789.81,1825.81,0.47
M0088974,N,68,2,9194.43,0,2,0,3924.56,7138.58,0.85
M0088975,N,28,0,6286.33,0,0,1,4943.41,5066.47,1.82
M0088976,N,74,3,41310.87,1,1,0,21091.09,29212.71,3.56
M0088977,N,80,2,9612.93,0,0,0,2363.8,7390.45,1.89
M0088978,N,45,2,9235.49,0,0,0,3698.11,10242.84,1.27
M0088979,N,32,0,6455.78,0,1,0,2157.91,2954.76,0.73
M0088980,N,44,0,16887.34,0,1,0,19093.91,4134.95,1.65
M0088981,N,55,1,11997.28,1,0,1,4291.67,5175.53,0.17
M0088982,N,77,1,11043.38,0,0,0,5471.36,5441.18,0.13
M0088983,N,40,0,3550.62,1,2,2,1019.12,5163.62,0.0
M0088984,N,29,1,7539.82,0,0,0,3566.54,3125.27,0.54
M0088985,N,58,1,16633.41,0,1,0,3734.11,10932.77,0.99
M0088986,N,60,1,3258.03,0,0,0,2518.01,2853.86,0.94
M0088987,N,22,1,26561.83,0,0,1,13700.84,7408.65,1.31
M0088988,N,79,2,11243.64,0,0,0,869.63,10718.53,0.59
M0088989,N,59,1,5906.87,0,1,0,1233.46,8735.79,0.0
M0088990,N,55,0,6484.95,0,1,0,745.42,5643.37,0.15
M0088991,N,26,1,12313.69,0,1,0,2522.6,16131.24,1.28
M0088992,N,21,1,7854.52,0,1,0,689.53,6521.24,0.73
M0088993,N,27,0,5282.08,0,0,0,845.65,8545.45,1.19
M0088994,N,42,2,46123.78,0,0,0,4428.17,32731.58,1.36
M0088995,N,40,3,18236.69,0,1,1,8498.66,14497.07,2.08
M0088996,Y,81,7,167260.41,1,5,7,70111.51,103664.88,4.85
M0088997,N,27,2,19722.63,0,1,1,13836.01,3836.55,1.22
M0088998,N,31,1,7117.2,0,2,0,1260.24,7520.92,0.47
M0088999,N,22,0,4384.11,0,2,0,909.6,4312.09,0.1
M0089000,Y,53,4,277513.36,2,3,1,98083.3,144126.79,5.76
M0089001,N,30,2,18441.19,2,1,1,9186.26,8328.1,1.6
M0089002,N,52,1,9357.24,1,2,0,2644.82,5511.04,2.44
M0089003,N,20,0,3615.24,0,0,0,682.83,3334.49,2.45
M0089004,Y,37,4,247297.11,4,2,3,81168.63,152887.22,4.69
M0089005,N,21,0,2450.51,0,1,0,2166.96,1745.08,1.08
M0089006,N,20,2,4633.7,0,0,0,1809.28,6330.76,0.32
M0089007,N,65,0,4115.44,0,0,2,1500.2,2865.1,0.0
M0089008,N,36,0,5290.19,0,0,0,1732.23,4090.0,1.77
M0089009,N,71,0,2148.52,1,1,0,408.57,1771.83,1.08
M0089010,N,65,1,15713.56,0,0,2,3545.29,20258.68,1.36
M0089011,Y,67,3,110995.23,3,2,2,45763.44,67216.7,2.99
M0089012,N,35,0,5243.97,1,1,0,1130.45,4165.08,1.64
M0089013,Y,42,5,246654.45,4,6,6,114937.33,146721.57,8.41
M0089014,N,26,1,8776.69,1,0,0,4755.69,3895.86,1.49
M0089015,N,60,1,5372.73,0,0,1,1786.86,4914.74,0.81
M0089016,N,45,2,6786.87,0,2,0,922.31,7249.12,1.15
M0089017,N,45,3,17485.52,1,2,0,2209.91,12683.99,2.07
M0089018,N,53,2,32556.35,1,3,1,7755.36,39040.82,0.95
M0089019,N,24,2,14274.94,0,1,0,425.98,15353.76,2.26
M0089020,N,70,0,8065.76,1,0,1,2406.6,7375.19,0.0
M0089021,N,52,0,7992.02,1,0,2,3052.94,10604.79,0.62
M0089022,N,51,3,35847.59,0,1,1,19673.13,35577.67,2.92
M0089023,N,28,0,15066.38,0,0,1,1190.58,13232.43,1.12
M0089024,Y,79,6,238199.28,1,2,2,137186.71,134190.35,3.01
M0089025,N,57,1,5567.76,0,1,1,2350.39,2000.52,0.0
M0089026,N,32,1,13057.86,2,2,1,2372.32,19725.58,1.1
M0089027,N,63,0,5799.65,0,0,1,2037.88,5435.25,1.57
M0089028,N,66,3,11269.35,0,2,0,2982.48,7841.89,0.01
M0089029,N,62,1,23016.24,0,0,2,6655.94,17752.59,0.01
M0089030,Y,49,5,357489.12,3,3,6,126201.76,294954.09,6.95
M0089031,N,35,2,11700.09,0,1,0,2775.92,17755.46,1.21
M0089032,N,25,0,4136.36,0,1,0,1754.83,2368.99,0.0
M0089033,N,57,1,5322.99,0,0,0,1647.77,6807.0,0.25
M0089034,Y,74,3,143619.25,2,3,5,50729.72,77208.94,4.37
M0089035,N,19,0,12888.49,0,0,0,1403.85,14984.7,1.5
M0089036,N,37,0,20430.38,0,1,0,947.67,19880.89,1.06
M0089037,N,63,2,16088.79,1,2,0,4367.64,10544.25,1.88
M0089038,N,23,1,54553.64,1,0,0,23228.57,22784.52,1.18
M0089039,N,52,0,4252.07,0,0,1,966.49,4031.38,0.48
M0089040,N,71,3,24829.45,0,1,0,9684.3,11963.57,1.71
M0089041,N,26,0,9407.42,0,1,1,1418.43,7742.77,0.52
M0089042,N,67,1,6932.05,0,1,0,612.74,4877.34,0.0
M0089043,Y,40,3,393421.59,2,4,3,112601.86,242502.6,7.65
M0089044,N,21,1,21212.3,0,1,0,7219.47,13305.1,0.0
M0089045,N,30,1,3197.09,0,0,0,1029.88,2880.57,0.71
M0089046,N,33,1,4499.28,0,1,0,4989.34,3090.6,0.47
M0089047,N,34,0,6739.22,1,0,0,1576.3,7345.98,0.97
M0089048,N,49,0,31291.48,1,4,0,4450.87,32303.23,2.34
M0089049,N,70,2,25227.91,1,2,0,1663.16,20232.47,2.21
M0089050,N,79,0,7488.14,2,0,1,1500.99,6855.05,1.32
M0089051,N,50,0,41383.09,0,0,0,4148.44,33681.98,0.0
M0089052,N,77,2,20229.75,1,1,0,5085.48,12272.91,1.57
M0089053,N,60,0,12717.74,0,2,0,1552.84,16898.98,1.11
M0089054,N,30,1,3942.91,0,1,0,1213.53,5551.09,1.37
M0089055,N,71,2,11336.89,0,1,0,2087.05,6885.73,0.25
M0089056,N,18,1,11053.64,0,2,0,2080.85,10400.4,1.06
M0089057,N,50,1,8709.8,0,0,0,1194.24,7060.34,1.23
M0089058,N,45,0,2992.07,0,0,0,1988.62,2661.99,0.61
M0089059,N,26,1,8947.55,1,0,0,2076.56,11184.38,1.14
M0089060,N,80,1,6771.77,0,2,1,1811.04,10265.53,0.56
M0089061,N,65,1,7427.68,0,0,0,2624.81,4224.77,0.0
M0089062,N,40,1,42058.7,0,0,3,10597.13,25282.86,2.48
M0089063,N,39,0,22432.7,0,0,1,1362.99,16712.61,1.43
M0089064,N,41,1,21971.46,0,2,0,4412.96,20782.06,1.62
M0089065,N,60,0,11359.44,0,0,2,4868.7,9569.06,2.69
M0089066,N,44,0,9787.66,0,0,0,1091.86,6899.83,1.55
M0089067,N,78,0,19909.03,1,1,0,23102.08,12420.84,1.7
M0089068,N,37,0,3866.8,0,1,0,1235.64,2384.75,0.0
M0089069,N,68,0,9314.82,0,0,0,2068.34,7069.35,1.89
M0089070,Y,63,6,200926.89,6,3,2,89534.67,91805.9,7.48
M0089071,N,62,1,1621.66,0,0,0,863.35,2044.24,0.26
M0089072,N,61,1,16363.33,0,0,1,4180.17,11112.63,0.63
M0089073,N,67,1,11698.24,0,1,1,3376.73,5879.04,1.59
M0089074,N,66,3,12783.28,0,1,0,5575.24,6461.09,1.98
M0089075,N,58,0,19844.58,0,1,0,4439.54,14175.75,1.83
M0089076,N,31,0,26936.18,0,2,1,14101.23,19711.08,1.81
M0089077,N,75,0,5333.3,0,0,0,555.29,4316.54,0.23
M0089078,N,80,0,27702.86,1,1,0,12336.85,14292.76,1.43
M0089079,N,23,0,4409.33,0,0,0,2746.95,2628.97,0.66
M0089080,N,78,0,7818.59,0,0,0,1124.53,6021.2,0.0
M0089081,N,64,3,13212.82,0,0,1,5397.7,7336.45,0.73
M0089082,N,54,0,10754.13,0,0,1,1682.71,9188.47,1.54
M0089083,N,55,0,7765.9,1,1,0,3531.01,3587.99,0.73
M0089084,N,78,1,12990.1,0,0,0,7804.9,6505.7,2.82
M0089085,N,76,1,13386.4,0,0,0,4076.11,7400.61,0.9
M0089086,N,75,1,8389.43,0,2,0,2262.63,6374.32,0.16
M0089087,Y,73,8,263234.58,5,4,4,83922.35,168045.27,4.21
M0089088,N,76,2,9372.3,0,0,0,2729.1,5327.88,0.73
M0089089,N,78,1,6895.99,0,0,0,1324.57,5051.89,0.13
M0089090,N,67,0,5895.61,0,2,0,721.2,4512.17,1.67
M0089091,N,63,2,16156.14,1,0,0,3957.62,20003.43,0.51
M0089092,N,49,0,6876.86,0,0,0,2986.03,2750.53,0.58
M0089093,N,56,1,2290.77,0,0,0,1544.73,2236.06,1.93
M0089094,N,61,1,39364.52,1,3,0,9412.73,22903.86,3.41
M0089095,N,28,0,12129.95,0,0,0,1132.34,13247.71,1.87
M0089096,N,71,0,7828.16,1,1,0,3194.46,5361.19,0.0
M0089097,N,77,0,4777.87,0,1,0,1115.12,7347.71,0.3
M0089098,N,74,0,15750.51,0,0,0,10441.32,4608.01,1.1
M0089099,N,69,0,10251.83,0,0,0,1285.76,7293.08,0.9
M0089100,N,58,1,4296.75,0,0,0,396.71,3234.95,0.55
M0089101,N,77,0,19311.77,0,2,0,2056.06,14697.01,2.12
M0089102,Y,52,7,521956.61,4,2,5,181573.91,334446.37,5.46
M0089103,N,72,0,11067.06,1,1,1,2866.03,11424.31,0.46
M0089104,N,70,2,12490.57,1,0,1,3001.17,14128.93,1.27
M0089105,N,23,0,15335.1,0,2,1,8844.11,18230.7,1.41
M0089106,N,76,1,16774.39,0,1,0,1804.28,13450.72,1.72
M0089107,N,22,1,3604.28,0,1,1,724.37,3018.83,0.0
M0089108,N,48,3,8844.8,0,0,0,4043.99,6669.95,0.19
M0089109,N,49,0,8974.55,0,0,0,933.72,14790.7,0.13
M0089110,N,34,1,7344.89,0,0,0,1513.76,5959.54,0.0
M0089111,N,72,1,8952.82,0,1,0,2171.02,7842.59,0.18
M0089112,N,54,1,6502.63,0,0,0,2494.95,5771.83,0.11
M0089113,N,66,0,5249.37,0,1,1,4247.02,4627.36,0.17
M0089114,N,30,2,6502.37,0,0,0,3360.82,7173.17,1.2
M0089115,N,45,1,5891.23,0,1,0,1069.58,7814.69,1.55
M0089116,N,21,1,6919.02,2,0,0,2555.39,5164.41,0.0
M0089117,N,71,0,2140.94,0,0,0,681.11,1262.14,0.55
M0089118,N,20,0,10580.27,0,0,1,2656.37,7097.98,1.25
M0089119,N,26,2,8254.49,0,1,0,6540.73,7257.87,1.29
M0089120,N,80,1,3532.77,0,1,0,1160.84,3441.42,0.81
M0089121,N,27,1,20928.04,0,0,0,5061.4,13564.05,3.03
M0089122,N,75,1,13960.86,2,1,2,3701.59,17504.68,1.03
M0089123,N,65,3,13137.77,1,1,1,1564.53,16805.18,2.99
M0089124,N,50,2,32213.19,0,1,1,14849.88,40420.21,1.21
M0089125,N,20,1,30741.11,0,1,3,4574.04,29793.43,2.0
M0089126,N,56,1,26646.51,0,1,0,14042.71,17867.63,1.15
M0089127,N,22,1,12467.67,0,2,0,5323.13,13563.25,0.92
M0089128,N,21,0,2645.45,0,0,0,711.97,2870.14,0.5
M0089129,N,69,1,7044.99,0,1,0,1816.33,7151.91,1.67
M0089130,N,54,4,67203.8,2,4,1,23811.78,32732.08,2.22
M0089131,N,36,2,7971.4,0,0,0,3623.34,6971.49,0.43
M0089132,N,27,0,13553.91,0,1,1,3375.32,7777.73,0.35
M0089133,N,43,1,16501.75,0,1,1,5025.92,10519.24,0.37
M0089134,N,78,2,9751.69,0,1,0,5268.77,6989.71,1.27
M0089135,N,57,0,11601.47,0,0,1,2385.36,7268.29,0.3
M0089136,N,22,1,22864.16,0,3,0,11788.49,11220.68,0.46
M0089137,N,71,0,6593.36,0,0,0,1375.68,5203.98,0.0
M0089138,N,49,0,3257.41,0,0,0,2422.02,1838.77,0.22
M0089139,N,47,1,19630.28,0,0,1,1731.57,16609.01,0.86
M0089140,N,58,1,7177.61,0,1,3,2773.67,4589.05,1.09
M0089141,N,37,2,10616.44,0,1,1,1981.15,6542.28,1.76
M0089142,N,49,0,8419.55,0,2,0,2347.04,4300.1,0.21
M0089143,N,19,0,45796.46,1,3,0,4056.06,45017.29,0.17
M0089144,N,47,1,17843.63,0,0,0,7043.31,7367.02,0.0
M0089145,N,80,1,20016.65,0,2,0,9474.91,18261.2,2.45
M0089146,N,29,1,11962.26,1,0,0,1694.14,7889.96,0.88
M0089147,N,25,1,3291.87,0,0,0,1891.2,3154.29,1.61
M0089148,N,32,1,2070.28,0,0,1,1273.33,2146.38,0.68
M0089149,N,64,3,6616.07,0,0,0,3726.22,6541.49,1.11
M0089150,N,76,0,4187.34,0,0,0,1459.37,4699.13,1.18
M0089151,N,60,1,8458.62,1,2,1,1431.98,6019.35,0.41
M0089152,N,26,1,23168.33,0,0,0,2817.3,15862.42,3.75
M0089153,N,27,2,7878.26,0,2,1,1751.73,8700.94,1.63
M0089154,N,21,0,4550.95,0,1,2,1797.54,5149.39,1.27
M0089155,N,67,1,25525.16,1,0,1,2547.69,21753.08,0.86
M0089156,N,22,1,2145.34,0,0,0,503.33,2678.17,0.4
M0089157,N,66,0,6540.99,0,1,2,5127.9,6697.68,1.47
M0089158,N,52,1,7783.17,0,2,0,2290.04,10319.28,0.81
M0089159,N,51,1,12810.2,0,0,0,6602.05,4847.34,1.02
M0089160,N,67,1,18377.08,0,2,1,1737.77,18646.88,1.55
M0089161,N,41,0,8774.49,0,0,2,2590.9,5095.04,0.48
M0089162,N,71,0,27421.21,0,0,0,2832.77,22664.92,0.23
M0089163,N,48,2,28711.78,0,0,1,2101.07,33697.49,0.95
M0089164,N,40,0,3115.75,0,0,0,840.31,1801.16,0.89
M0089165,N,25,1,5366.21,0,0,1,2098.96,4053.36,1.24
M0089166,N,32,1,18867.17,0,0,1,3540.21,14921.5,0.02
M0089167,Y,77,7,205456.96,3,4,4,60652.63,135381.19,8.9
M0089168,N,32,1,3215.76,0,0,0,912.44,3333.78,1.31
M0089169,N,23,2,8021.75,0,0,0,1882.44,4783.91,0.06
M0089170,N,24,0,11938.8,0,2,1,3008.57,7262.42,1.28
M0089171,N,30,2,11547.38,0,0,0,3644.34,6103.23,1.4
M0089172,N,77,1,46863.93,0,1,1,6820.89,43692.5,2.06
M0089173,N,80,1,22841.32,0,2,0,4440.85,27229.47,0.57
M0089174,N,62,0,17963.5,0,0,1,2344.11,13827.79,0.59
M0089175,N,67,0,3661.37,0,0,0,2569.64,3880.66,0.48
M0089176,N,45,1,35732.39,0,1,0,14310.41,41888.36,1.57
M0089177,N,22,0,7351.32,2,0,0,3273.91,4585.94,0.79
M0089178,N,40,0,12441.74,0,0,0,1633.57,8586.66,0.83
M0089179,N,23,1,17236.91,0,1,0,5316.19,22010.05,1.83
M0089180,N,51,1,8845.56,0,0,0,925.51,14765.79,0.1
M0089181,Y,43,7,301509.31,2,5,5,144086.48,168504.57,4.68
M0089182,N,75,0,18658.01,0,0,0,1691.8,14145.38,1.11
M0089183,N,50,0,4720.0,0,0,0,691.97,5290.31,1.49
M0089184,N,35,1,10109.84,0,1,0,2960.47,6618.96,1.2
M0089185,N,55,1,10835.54,0,1,0,5351.33,7580.7,0.82
M0089186,N,44,1,10950.3,0,0,0,699.13,9765.12,0.84
M0089187,N,27,2,20901.83,0,0,0,5960.24,20626.27,1.84
M0089188,N,28,0,19219.57,0,0,1,15402.57,8237.12,1.32
M0089189,N,65,0,10389.04,0,0,1,977.52,8952.46,0.0
M0089190,N,58,1,5361.78,1,1,0,1499.32,3262.72,0.53
M0089191,N,76,1,3761.83,0,1,0,2086.82,1908.28,0.04
M0089192,N,42,2,7611.59,0,1,1,524.1,9923.18,1.53
M0089193,N,43,1,34063.08,0,1,1,4381.74,24881.15,2.62
M0089194,N,49,1,17207.92,0,0,0,2131.74,20471.43,0.6
M0089195,N,45,0,14187.73,1,0,0,1410.9,14326.28,0.66
M0089196,N,26,1,5428.34,0,0,0,3567.83,3684.8,1.8
M0089197,N,32,3,22280.6,0,1,1,9744.36,16822.09,1.85
M0089198,N,22,1,10933.2,1,1,0,1298.6,8352.35,1.96
M0089199,N,70,0,18466.92,0,1,0,9873.25,11737.81,0.59
M0089200,N,22,2,29655.9,0,1,2,8074.11,17783.79,2.41
M0089201,N,51,1,8093.22,0,0,0,2568.76,7719.02,0.21
M0089202,N,40,0,8313.6,1,0,0,1527.61,5221.71,1.67
M0089203,N,60,1,23588.27,0,0,0,7373.9,17580.95,2.15
M0089204,N,47,2,4455.46,0,0,2,1022.55,4063.29,0.33
M0089205,N,20,1,49860.9,0,2,1,3216.67,39653.44,1.8
M0089206,N,20,0,8788.15,1,0,0,1631.37,6267.98,1.92
M0089207,N,22,2,45322.69,0,1,2,2296.53,33287.31,1.2
M0089208,N,69,1,12551.24,0,0,1,13087.21,6992.17,1.19
M0089209,N,30,2,10400.99,0,0,0,2774.79,6419.0,1.25
M0089210,N,62,1,10153.25,0,0,0,3089.95,8512.97,0.44
M0089211,N,67,2,6682.79,0,1,0,1998.85,4725.32,1.44
M0089212,N,49,4,21826.37,0,1,0,6116.81,14178.15,2.81
M0089213,N,18,0,7783.29,0,0,0,1325.98,9420.45,0.0
M0089214,N,78,3,18697.17,0,2,0,2043.36,13952.43,0.82
M0089215,N,66,1,10240.89,1,1,0,6322.16,10330.17,1.27
M0089216,N,28,1,7840.66,1,2,0,4929.94,4087.49,1.46
M0089217,N,31,2,19687.95,0,0,1,8727.51,6697.01,1.34
M0089218,N,25,2,3587.96,0,0,0,1629.46,2613.01,1.04
M0089219,N,39,0,4387.93,0,0,0,1374.42,3706.37,0.01
M0089220,N,56,1,5111.06,0,1,0,1240.91,6199.94,0.0
M0089221,N,31,0,32101.81,0,1,1,11161.99,14835.63,1.43
M0089222,N,39,0,10321.87,0,0,0,5749.66,3138.79,0.85
M0089223,N,47,2,37846.2,0,0,0,4220.11,28459.95,2.22
M0089224,Y,80,5,127852.91,2,4,3,56560.85,83127.94,2.1
M0089225,N,70,0,22269.6,0,1,0,12226.39,6856.53,0.84
M0089226,N,59,0,5489.75,0,0,0,5031.69,2114.12,0.0
M0089227,N,38,1,4372.15,0,0,1,2208.72,4554.77,0.0
M0089228,N,60,0,10391.23,0,1,0,4413.5,6719.55,0.51
M0089229,N,51,1,14470.14,0,0,0,2802.32,11799.05,1.57
M0089230,N,34,0,6903.12,0,1,0,3398.41,5470.17,1.74
M0089231,N,77,2,7847.82,0,2,2,4854.58,4825.62,0.73
M0089232,N,73,0,15835.86,0,0,1,9385.8,7977.01,1.78
M0089233,N,78,0,3450.14,0,1,0,552.15,2918.33,0.5
M0089234,N,49,0,3135.1,0,0,0,1259.21,2418.08,0.0
M0089235,N,32,2,44875.34,1,0,0,20859.21,17131.92,2.37
M0089236,N,74,0,3421.31,0,1,0,732.66,3011.19,0.98
M0089237,N,43,0,7771.7,0,0,0,1240.4,5029.2,0.0
M0089238,N,72,2,14893.57,0,1,0,1579.45,12506.63,1.44
M0089239,N,75,0,5310.03,0,3,0,2403.95,2940.73,0.61
M0089240,N,19,1,3672.66,0,0,0,1238.3,4273.46,0.54
M0089241,N,42,1,47650.33,0,1,0,6266.09,39928.91,2.35
M0089242,N,76,3,39892.88,0,0,0,3221.37,41280.14,2.72
M0089243,Y,73,2,361921.59,1,2,1,46091.65,280010.53,4.08
M0089244,N,28,1,6079.65,1,2,0,2820.31,7517.52,1.75
M0089245,N,35,3,20080.86,0,0,0,8164.78,17414.24,0.76
M0089246,N,20,1,19373.4,0,0,1,5043.78,17119.93,1.91
M0089247,N,42,1,7732.33,0,0,0,1296.41,5023.68,1.45
M0089248,N,77,0,2957.42,0,0,0,1203.6,3437.27,0.97
M0089249,N,41,1,18091.64,0,1,1,12747.78,12610.51,3.08
M0089250,N,74,2,5857.12,0,1,0,1704.92,5319.83,0.72
M0089251,Y,65,6,421894.79,6,5,2,89589.6,380369.94,5.62
M0089252,N,43,3,32523.01,1,2,1,14861.25,22838.81,2.46
M0089253,N,57,0,7388.68,0,0,0,2938.06,8371.61,1.34
M0089254,N,29,2,15777.79,0,1,0,2646.93,11531.24,0.7
M0089255,N,58,0,12514.3,0,0,0,1412.07,13040.69,0.0
M0089256,N,21,1,19237.9,0,1,0,5972.54,9309.26,0.76
M0089257,N,53,2,5349.88,0,0,1,1464.45,5083.99,1.2
M0089258,N,52,1,8048.42,0,2,0,3230.33,10944.2,2.97
M0089259,N,44,0,6392.8,1,1,0,1585.11,6095.2,1.56
M0089260,N,55,3,32094.94,0,2,0,1678.96,42425.31,1.99
M0089261,N,29,1,13846.21,0,0,0,1050.53,13564.01,0.0
M0089262,N,52,2,16186.98,0,0,1,3550.0,15004.82,1.6
M0089263,N,72,1,20538.17,0,3,0,6359.83,10254.44,1.77
M0089264,N,26,0,34324.55,0,2,1,9443.16,17559.63,2.84
M0089265,N,69,1,12493.87,0,0,2,2661.58,18568.59,0.97
M0089266,N,20,1,5825.26,0,0,0,1222.81,7114.72,0.0
M0089267,N,39,1,7457.84,0,0,0,623.2,8849.29,0.21
M0089268,N,18,2,8991.57,0,0,0,2835.79,12525.64,0.3
M0089269,N,75,1,2789.92,0,0,0,483.12,2416.03,0.0
M0089270,N,69,0,5072.12,0,0,0,922.61,7923.01,1.92
M0089271,N,76,0,4353.07,0,0,1,1949.5,3619.5,0.26
M0089272,N,71,1,11431.75,0,0,0,4345.55,7347.9,0.0
M0089273,N,52,2,25229.71,0,0,0,11389.0,9438.24,2.42
M0089274,N,56,0,10560.27,0,1,0,6715.46,6841.92,0.7
M0089275,N,64,4,3954.5,0,1,0,3465.8,2846.82,0.43
M0089276,N,62,3,9479.63,0,1,0,2545.02,6193.88,1.78
M0089277,Y,82,5,185673.13,3,5,3,79502.77,139346.07,4.61
M0089278,N,41,0,3818.41,0,0,0,292.64,4988.83,1.46
M0089279,N,70,2,15848.49,0,1,2,2829.19,12332.18,0.94
M0089280,N,44,1,6229.22,0,0,0,2147.83,6945.83,1.99
M0089281,N,65,0,12737.48,0,1,0,3621.44,13867.05,1.37
M0089282,N,18,0,8494.38,0,2,0,1460.33,6971.74,1.39
M0089283,N,46,0,7159.65,0,3,0,2754.18,6857.34,2.9
M0089284,Y,69,6,260785.48,2,3,4,174053.74,97337.74,4.63
M0089285,N,29,0,19393.78,0,0,0,10264.93,8997.14,1.85
M0089286,N,33,2,35163.87,0,0,2,15833.98,12353.93,0.3
M0089287,N,24,1,12184.33,0,1,0,4092.19,8327.76,2.28
M0089288,N,67,2,20840.83,0,2,0,8666.78,8969.19,3.02
M0089289,N,76,0,4922.2,0,2,0,2086.8,2247.11,1.38
M0089290,N,29,3,25699.76,0,1,0,4393.86,16480.82,1.41
M0089291,N,25,0,8430.37,0,0,1,1671.35,5869.47,0.0
M0089292,N,41,0,12691.4,0,0,0,18180.34,3430.44,1.59
M0089293,N,30,1,14507.57,0,1,0,2500.57,12027.77,0.26
M0089294,N,28,1,8714.48,0,0,0,1490.97,5571.41,0.01
M0089295,N,77,1,16562.18,0,2,0,4314.65,12963.83,1.34
M0089296,N,20,3,18526.28,0,0,0,5093.05,15130.44,2.97
M0089297,N,68,3,11109.39,0,0,0,6496.91,9371.29,0.62
M0089298,N,30,0,4695.78,0,1,1,2540.42,5389.67,0.47
M0089299,N,31,1,23930.04,1,1,1,20966.73,3961.68,0.14
M0089300,N,34,2,24693.39,0,1,0,20392.79,19167.3,0.86
M0089301,N,77,1,6164.45,0,0,0,808.55,8175.93,1.95
M0089302,N,61,2,22055.7,0,0,0,12027.56,17252.14,1.96
M0089303,N,49,2,4453.37,1,1,0,536.34,3170.92,0.67
M0089304,N,46,1,7581.35,0,1,0,1761.62,7243.55,1.83
M0089305,N,22,2,8503.6,0,2,0,1616.64,6124.85,0.82
M0089306,N,55,1,7444.74,0,0,1,3022.12,3967.57,0.38
M0089307,N,36,0,4887.46,1,1,0,2964.46,3681.22,1.43
M0089308,N,52,0,8129.77,0,1,0,2900.54,5711.79,0.0
M0089309,N,62,1,16052.35,1,3,0,8788.69,15557.13,1.3
M0089310,N,54,0,7663.6,0,0,1,1387.11,8965.24,1.19
M0089311,N,24,1,76854.5,1,2,0,2914.86,71973.61,0.03
M0089312,N,78,2,8843.89,0,0,0,1621.25,7541.47,1.28
M0089313,N,57,0,4324.7,0,0,0,2690.1,2012.77,2.15
M0089314,N,33,3,5794.38,0,0,0,1501.32,5013.86,0.97
M0089315,N,65,2,5152.03,3,0,0,1966.55,5694.55,0.34
M0089316,Y,49,4,142182.98,3,3,1,90997.16,102310.84,5.66
M0089317,Y,49,7,318005.04,5,5,2,48461.22,356576.19,5.22
M0089318,N,79,2,10947.62,2,0,0,5677.38,6517.49,0.52
M0089319,N,73,2,37233.05,0,0,0,7540.32,59657.14,3.68
M0089320,N,57,0,26173.86,0,2,0,2384.94,19688.12,1.93
M0089321,Y,49,4,195186.3,1,2,2,65295.77,106947.88,3.61
M0089322,N,18,1,29863.43,0,0,0,12115.67,11774.7,1.21
M0089323,N,38,1,12373.9,0,0,1,4048.7,5627.8,0.56
M0089324,N,54,0,6742.02,0,1,0,1661.48,5953.64,1.42
M0089325,N,44,0,3940.02,0,1,0,736.55,3955.32,0.56
M0089326,N,22,0,15942.11,0,0,0,3131.72,19157.96,0.29
M0089327,N,74,0,3272.32,0,0,0,490.11,3657.65,1.68
M0089328,Y,76,4,227781.54,5,3,5,78623.71,165935.44,8.0
M0089329,N,29,0,2451.32,0,0,1,1017.28,2900.43,0.79
M0089330,N,30,2,27177.29,0,0,0,2087.63,27134.31,1.88
M0089331,N,79,1,9373.3,0,2,1,2051.77,14299.24,0.63
M0089332,N,51,1,5929.13,0,1,0,714.51,6187.89,1.13
M0089333,N,71,3,13452.33,0,0,0,3606.26,11478.11,0.94
M0089334,N,72,1,13519.03,0,2,0,3533.71,9786.63,0.5
M0089335,N,54,1,27156.26,0,1,1,1932.91,27994.96,2.29
M0089336,N,77,0,6446.28,0,0,0,635.28,8029.73,0.22
M0089337,N,22,1,10887.62,0,1,1,6394.19,12186.38,1.55
M0089338,N,70,1,16290.65,0,1,0,6029.08,8210.03,2.46
M0089339,N,54,2,10086.72,0,0,0,3654.86,6150.48,0.33
M0089340,N,62,1,5142.94,0,1,0,1026.71,7825.77,1.99
M0089341,N,48,0,4515.96,0,0,0,1106.23,3228.21,0.53
M0089342,N,41,0,34443.6,0,0,0,6138.91,27874.62,1.23
M0089343,N,80,2,17775.16,0,0,0,10659.46,10115.5,1.8
M0089344,N,57,1,2114.69,0,1,0,1282.4,1879.65,0.43
M0089345,N,27,1,3758.22,0,0,1,1364.56,4075.26,0.0
M0089346,N,73,0,12063.15,0,1,0,5925.63,3597.06,0.0
M0089347,N,72,0,10291.85,0,0,1,4767.86,6271.59,0.92
M0089348,N,21,1,8053.15,1,1,0,1995.77,7431.61,0.48
M0089349,N,23,2,19180.78,1,3,0,9162.24,12935.47,2.08
M0089350,N,28,0,12764.44,0,1,0,887.0,9699.16,1.32
M0089351,N,79,0,7348.32,0,2,0,1948.32,10837.69,2.11
M0089352,N,49,1,4035.48,1,0,0,1602.56,4110.08,0.0
M0089353,N,40,0,11930.57,0,0,0,4306.5,6480.8,0.85
M0089354,N,39,1,17996.49,0,2,1,5095.95,11536.13,1.58
M0089355,N,59,1,9409.04,0,2,0,1011.73,11075.39,0.9
M0089356,Y,37,6,184669.02,3,3,5,96868.81,96916.56,4.16
M0089357,N,27,0,9411.39,0,0,0,1939.78,9034.39,0.0
M0089358,N,49,3,45461.92,1,1,0,14060.64,37004.01,1.06
M0089359,N,67,0,6712.37,0,0,0,1712.29,5540.14,1.24
M0089360,N,24,0,22900.61,0,1,1,2267.39,23207.94,0.12
M0089361,N,31,2,9633.25,1,3,0,2136.33,6186.86,1.43
M0089362,N,65,1,18539.13,0,1,0,1009.24,18369.3,0.81
M0089363,N,30,0,16075.4,1,0,1,1162.32,12797.18,1.19
M0089364,Y,75,5,191161.53,4,5,4,74277.91,164911.82,5.78
M0089365,Y,50,4,176342.08,4,1,3,37215.3,115143.75,4.21
M0089366,N,38,0,8657.22,0,0,0,8488.36,4553.33,2.26
M0089367,N,65,2,30449.38,1,0,0,5890.05,23282.6,3.01
M0089368,N,53,3,10924.11,1,1,0,2893.76,9734.07,2.49
M0089369,N,37,1,3909.14,0,1,0,3415.63,3489.55,2.68
M0089370,N,27,0,4991.22,0,1,0,796.15,7379.67,0.0
M0089371,N,31,0,11679.37,0,1,0,4408.67,5963.66,0.86
M0089372,N,56,3,9867.98,0,1,0,3343.67,8698.02,2.23
M0089373,N,41,0,6716.31,0,0,1,1575.87,9246.84,0.8
M0089374,N,56,2,6413.23,0,3,2,2418.78,4193.99,0.97
M0089375,N,64,1,15561.1,0,2,0,5254.16,16410.93,1.35
M0089376,N,74,0,10061.52,0,2,1,3242.62,10098.14,1.89
M0089377,Y,61,7,204548.34,2,3,2,39430.17,138583.15,4.74
M0089378,N,40,2,34052.08,1,2,0,12096.83,30295.48,2.49
M0089379,N,58,0,17430.95,0,0,0,13093.05,7384.75,0.0
M0089380,N,58,0,11818.76,0,0,0,4540.94,8924.72,0.81
M0089381,N,65,1,30331.02,0,1,0,2273.15,27501.48,1.15
M0089382,N,73,0,9127.06,0,2,0,1935.1,5631.88,1.44
M0089383,N,40,0,6488.47,0,1,0,918.1,8463.48,1.3
M0089384,N,41,1,9868.12,0,3,0,13591.87,3419.15,1.58
M0089385,N,70,0,16462.64,1,1,0,4019.57,9611.79,1.73
M0089386,N,61,1,9715.52,0,0,0,2835.55,11547.61,2.16
M0089387,Y,54,7,296417.35,4,4,4,61335.09,230158.94,5.42
M0089388,N,42,0,5109.03,0,0,0,1425.9,3317.41,0.0
M0089389,N,70,1,6504.57,0,1,0,675.83,6658.14,0.33
M0089390,N,35,0,11742.96,1,0,0,1927.67,11582.01,1.14
M0089391,N,21,2,2585.58,1,0,0,1259.71,1578.78,0.0
M0089392,N,73,1,6868.49,0,1,0,2806.29,7625.08,0.85
M0089393,N,25,2,7384.4,1,1,0,1040.86,6153.87,1.32
M0089394,N,34,2,15963.09,0,1,0,8712.68,12178.12,2.68
M0089395,N,75,1,6938.12,1,2,1,4536.88,2812.64,1.29
M0089396,N,61,2,8222.18,0,1,0,3216.69,4430.51,1.61
M0089397,N,38,1,3345.7,1,0,0,911.93,5026.62,0.44
M0089398,N,70,2,24932.35,1,2,0,7403.11,22655.57,1.88
M0089399,N,24,2,11063.93,0,2,1,1860.15,8501.95,1.41
M0089400,Y,64,2,157126.75,1,3,1,68182.07,79678.16,4.82
M0089401,N,53,1,7986.88,0,0,0,1889.92,5198.12,0.26
M0089402,N,35,0,4330.02,0,1,0,1208.1,2930.76,0.0
M0089403,N,22,0,12502.22,0,2,0,4471.88,5421.64,0.0
M0089404,N,42,0,8818.91,0,0,0,2310.74,4858.15,1.45
M0089405,N,58,1,2915.33,0,0,0,1856.89,2841.34,1.17
M0089406,N,68,2,23216.7,0,2,0,14526.03,14065.48,1.37
M0089407,N,40,2,13357.24,0,0,1,4787.33,6780.91,0.89
M0089408,N,39,0,3414.11,0,0,0,1404.95,1962.42,0.52
M0089409,N,79,1,12076.53,0,1,0,1104.18,13947.24,0.54
M0089410,N,21,3,16479.31,0,2,0,4985.19,11931.62,0.74
M0089411,N,24,0,15180.12,0,0,0,2815.82,11759.6,2.35
M0089412,N,68,1,25216.5,1,1,1,4299.59,16587.11,2.16
M0089413,N,65,0,6172.55,0,3,0,2727.45,6399.57,1.29
M0089414,N,54,1,36591.22,0,2,0,16413.67,13080.84,1.88
M0089415,N,74,1,13234.88,0,1,1,4775.44,7946.56,1.59
M0089416,N,66,0,7359.35,1,1,0,1450.54,8138.93,0.24
M0089417,Y,66,4,178864.63,1,4,3,60081.16,108907.38,3.89
M0089418,N,63,1,8076.01,1,2,0,1214.5,7407.16,0.27
M0089419,N,51,0,8207.42,0,1,0,608.0,10806.44,0.55
M0089420,N,30,0,3366.82,0,0,1,1632.04,3983.71,1.8
M0089421,N,20,1,6669.31,2,0,0,2389.85,5483.37,0.21
M0089422,N,21,0,6349.58,0,1,0,5409.09,4739.07,0.76
M0089423,N,77,1,17063.27,0,0,0,2209.27,11879.47,1.03
M0089424,N,78,0,14292.06,0,2,0,8718.47,10489.73,1.45
M0089425,N,34,1,25750.87,0,0,0,11192.08,9445.29,1.5
M0089426,Y,46,6,352558.42,4,4,4,243406.75,176179.41,8.05
M0089427,N,75,3,4382.61,0,0,0,1701.67,5230.14,0.27
M0089428,N,57,1,7688.92,0,0,1,3176.11,2832.91,0.89
M0089429,N,76,0,13850.92,0,0,2,4588.68,11167.52,1.78
M0089430,N,73,1,12803.15,0,2,1,2162.67,9219.27,2.7
M0089431,N,65,0,7490.5,0,0,0,1830.03,5296.95,0.8
M0089432,N,62,0,11991.74,0,0,0,2915.74,7528.26,1.43
M0089433,N,30,1,10514.96,0,0,0,1730.77,9200.14,0.36
M0089434,N,29,0,8680.73,0,1,0,990.05,8832.27,0.81
M0089435,N,27,4,17885.34,0,1,2,17530.92,6849.08,1.6
M0089436,N,66,1,6824.17,0,0,0,3036.8,4533.38,1.25
M0089437,N,69,1,5731.77,0,0,0,3416.33,2391.95,0.6
M0089438,N,18,3,18479.27,1,2,0,3710.97,16619.19,0.79
M0089439,N,76,0,3739.33,0,2,1,1650.47,4189.36,0.0
M0089440,N,48,0,4461.14,0,1,1,1274.1,4677.02,0.0
M0089441,N,58,1,14518.43,0,0,0,3042.12,11621.61,0.0
M0089442,N,34,3,17755.11,0,1,1,9575.49,14735.6,3.18
M0089443,N,20,0,4446.05,0,0,0,925.06,6813.32,0.39
M0089444,N,24,0,8133.45,0,1,0,5429.2,7002.54,1.22
M0089445,N,33,1,14689.27,0,0,1,4500.12,11651.06,0.98
M0089446,N,73,0,8215.3,1,0,0,4705.47,5048.69,0.0
M0089447,N,21,1,10128.56,0,1,0,894.67,15758.23,0.77
M0089448,N,60,1,14660.05,0,0,0,6115.32,17732.73,0.69
M0089449,N,21,1,4401.29,0,1,0,1865.99,6122.16,2.37
M0089450,N,55,1,5493.36,0,1,0,1881.12,3120.46,0.24
M0089451,N,63,1,10632.74,0,1,2,9248.97,7616.97,0.0
M0089452,N,68,2,20103.31,0,2,0,801.29,18558.13,2.81
M0089453,N,49,0,6339.05,0,2,0,1465.17,6845.74,0.87
M0089454,N,66,0,7886.31,0,0,0,3169.17,4590.86,0.0
M0089455,N,59,2,25792.67,0,0,1,6848.24,29601.32,1.68
M0089456,N,58,2,16789.0,0,1,3,5695.46,13136.19,2.56
M0089457,N,50,0,9674.53,0,0,0,2995.99,4909.81,0.31
M0089458,N,66,0,10383.93,0,1,0,2028.89,6090.68,0.65
M0089459,N,70,1,16178.8,1,2,0,2350.26,10867.8,1.8
M0089460,N,63,2,5515.79,0,0,0,552.37,5925.99,1.49
M0089461,N,77,0,14252.19,0,0,0,3396.47,10258.41,0.62
M0089462,N,67,1,8932.61,0,1,0,2511.08,9179.06,1.06
M0089463,N,63,0,3118.45,0,1,0,2500.64,1107.88,1.43
M0089464,N,60,3,59797.73,0,2,0,21778.94,43862.52,2.63
M0089465,N,48,0,6722.1,0,1,0,1102.81,9892.35,1.4
M0089466,N,67,0,6280.73,0,0,0,3345.03,3097.26,0.0
M0089467,N,58,0,11737.76,1,1,1,1613.58,15930.76,1.04
M0089468,N,76,0,4818.27,0,1,1,2610.3,3100.68,2.42
M0089469,N,70,0,14534.73,0,0,1,5159.99,13067.55,0.85
M0089470,N,72,0,9134.88,0,2,0,2508.36,7573.04,2.19
M0089471,N,35,3,21354.78,1,0,0,12045.0,10072.91,3.64
M0089472,N,56,1,15560.66,0,1,0,7893.62,4818.0,0.9
M0089473,N,30,0,2417.78,0,0,0,167.81,3345.65,0.0
M0089474,N,29,1,12003.6,0,0,0,7299.43,3378.46,0.0
M0089475,N,63,0,4084.14,1,1,0,1213.54,2656.64,0.27
M0089476,N,78,0,4032.69,0,0,0,1159.67,2269.99,0.44
M0089477,N,49,1,26777.85,1,0,0,7638.81,20328.18,0.67
M0089478,N,20,0,18252.43,0,0,0,8499.68,6130.31,0.0
M0089479,N,72,1,13879.81,0,0,1,9474.4,11622.93,1.91
M0089480,N,56,0,13086.16,0,0,0,3438.07,7863.31,0.0
M0089481,N,78,2,19402.6,0,0,0,5472.19,12106.96,2.45
M0089482,N,44,0,17336.06,0,1,0,8152.92,17479.48,1.1
M0089483,N,23,3,17397.39,1,1,0,5906.87,8853.62,1.08
M0089484,N,28,1,6650.8,2,2,0,1411.21,5120.93,0.69
M0089485,N,69,2,7606.29,0,0,0,606.19,8376.73,0.66
M0089486,Y,40,5,332539.44,4,4,5,227983.42,158288.18,3.83
M0089487,N,78,1,6456.41,1,0,0,1313.45,4285.54,0.0
M0089488,N,33,0,9192.94,0,0,1,506.17,10154.28,0.0
M0089489,N,64,1,12743.54,0,0,0,1595.11,8483.38,0.8
M0089490,N,28,1,9433.62,0,0,0,5931.94,3734.99,1.69
M0089491,N,79,1,26168.81,0,1,0,3480.31,19982.43,2.16
M0089492,N,68,1,22994.74,0,1,1,14264.92,23470.42,2.53
M0089493,N,79,0,20570.11,0,1,0,876.39,17142.57,2.17
M0089494,N,27,1,8523.2,0,1,0,5936.67,9225.31,0.87
M0089495,N,30,1,5430.35,0,1,0,1964.6,3781.76,0.8
M0089496,N,39,2,13475.71,0,0,0,6910.38,7746.2,2.13
M0089497,N,22,1,19737.18,0,2,0,4225.23,17242.31,1.36
M0089498,N,39,3,13378.7,1,3,0,2077.45,9542.56,2.86
M0089499,N,54,3,17061.68,0,3,1,4307.89,13347.44,2.28
M0089500,N,72,1,10602.09,0,0,0,3232.36,7474.23,0.79
M0089501,N,33,0,5673.46,1,0,0,2100.82,6273.77,2.39
M0089502,N,29,0,6344.95,0,0,1,1720.24,7475.48,1.26
M0089503,N,52,0,6964.16,0,0,0,6083.21,5417.65,1.39
M0089504,N,30,3,18307.42,0,3,2,10376.15,8881.51,0.74
M0089505,N,19,2,7061.91,0,2,0,1800.79,5426.27,0.13
M0089506,N,46,1,13122.56,1,2,1,5564.39,10561.05,0.48
M0089507,N,24,1,7062.99,1,0,0,1851.74,5546.42,1.43
M0089508,N,46,0,14195.12,2,0,0,7766.92,11551.93,0.93
M0089509,N,56,3,9904.37,0,1,0,5191.44,7635.95,1.41
M0089510,N,20,1,4757.32,0,0,0,1863.8,3070.98,1.11
M0089511,N,53,1,14931.17,1,0,0,10191.61,3297.19,1.49
M0089512,N,80,0,8981.64,0,0,0,3646.62,3787.71,0.48
M0089513,Y,45,6,106166.33,3,4,4,57759.89,80070.28,2.88
M0089514,N,35,1,4703.04,0,1,1,1501.28,3083.19,0.05
M0089515,N,52,0,9118.79,0,0,0,785.6,6566.74,2.24
M0089516,N,23,1,12998.28,1,0,0,3391.22,11990.12,2.35
M0089517,N,52,0,6236.73,0,0,0,2689.71,2702.74,0.46
M0089518,N,35,0,9845.0,0,0,0,3565.37,4213.59,0.54
M0089519,N,57,0,12823.99,0,1,0,1407.34,11139.46,1.39
M0089520,N,75,2,10454.19,0,0,0,10287.56,8305.75,2.16
M0089521,N,18,2,8245.73,0,0,1,2828.54,9967.5,0.94
M0089522,N,69,1,20433.36,0,0,0,11947.43,6208.13,2.12
M0089523,N,63,1,30390.88,0,1,0,2987.92,24765.06,0.25
M0089524,N,25,0,9960.93,1,1,0,3985.14,8884.25,2.08
M0089525,N,20,0,6945.44,0,0,2,3533.05,6838.74,1.8
M0089526,N,41,1,21120.9,0,1,0,18910.74,5617.48,1.75
M0089527,N,22,1,8822.27,0,0,1,2734.94,7078.69,2.11
M0089528,N,39,1,4308.09,0,1,0,550.04,4492.32,0.0
M0089529,Y,68,5,317479.69,4,1,5,145617.57,209738.91,3.01
M0089530,N,79,2,11930.92,0,0,0,3697.67,6540.39,1.18
M0089531,N,35,0,10438.36,0,3,1,3181.47,13859.2,1.5
M0089532,N,41,0,3123.27,0,0,0,210.27,3641.46,0.17
M0089533,N,44,2,36205.0,1,0,0,24356.6,21383.48,1.44
M0089534,N,48,1,13562.37,0,0,0,3731.64,11985.4,0.18
M0089535,N,23,1,5544.97,0,2,0,1521.99,3787.28,0.39
M0089536,N,52,1,5150.65,1,0,0,1422.89,5868.11,1.77
M0089537,N,72,0,4800.38,0,0,0,3134.66,3811.29,0.16
M0089538,N,52,0,4949.03,0,0,0,2809.84,2669.52,2.44
M0089539,N,21,1,18683.74,1,2,0,13225.63,12401.9,2.32
M0089540,N,67,1,18716.45,0,1,0,4455.74,12318.48,0.96
M0089541,N,71,1,3899.92,0,0,0,791.61,2360.08,1.29
M0089542,N,41,2,11578.98,0,2,0,3374.41,8792.71,1.99
M0089543,N,64,0,7623.69,0,0,0,2539.81,8422.67,0.0
M0089544,N,56,1,27417.19,2,1,1,5058.73,20584.72,0.67
M0089545,N,26,1,6571.37,0,0,0,936.83,4689.95,0.63
M0089546,N,69,0,4850.68,1,0,0,1872.27,2318.93,1.86
M0089547,N,44,0,3975.47,0,0,0,553.29,6323.84,0.88
M0089548,N,45,2,24060.17,0,0,0,12308.26,6842.27,1.43
M0089549,N,47,0,10622.93,0,0,0,3174.71,8156.63,0.0
M0089550,N,64,0,13403.36,0,1,0,12610.93,9138.01,1.25
M0089551,N,77,2,21673.53,0,1,1,1645.64,16920.03,1.37
M0089552,Y,36,5,191492.13,3,1,3,87964.78,89973.27,4.74
M0089553,N,24,3,18899.47,0,1,1,10283.5,4914.79,1.95
M0089554,N,54,3,9906.3,0,1,1,8184.33,9010.16,0.63
M0089555,N,63,1,16212.34,0,1,0,11699.42,6993.36,0.9
M0089556,N,61,0,10650.21,1,2,0,1175.34,8257.4,0.88
M0089557,N,74,2,28435.0,0,2,0,5997.83,25497.24,1.65
M0089558,N,69,1,4805.07,0,0,1,1672.01,2386.62,0.85
M0089559,N,56,0,11155.66,0,0,0,1273.68,8481.87,0.96
M0089560,N,34,1,14740.13,0,1,1,3360.19,8412.21,0.0
M0089561,N,46,1,8357.86,0,0,0,2615.72,4606.68,0.72
M0089562,N,39,0,10635.39,0,0,0,4585.12,3895.36,0.51
M0089563,N,45,1,4150.0,0,0,0,717.79,3864.75,0.0
M0089564,N,49,2,8608.41,1,1,1,4342.91,5298.0,1.4
M0089565,N,71,1,10983.23,1,1,0,2920.57,6721.8,0.86
M0089566,N,65,0,2371.85,0,0,1,2101.62,1290.99,1.4
M0089567,N,41,0,5166.32,0,0,0,3440.57,3954.47,1.15
M0089568,N,37,3,33555.02,0,0,0,9515.19,20147.68,0.89
M0089569,N,45,1,8923.82,0,3,1,5378.93,9015.77,1.93
M0089570,N,25,3,6743.67,0,0,0,6346.04,4907.11,1.53
M0089571,N,48,0,15999.07,2,0,0,3660.03,14485.35,1.8
M0089572,N,41,0,5133.72,1,1,2,3950.34,2983.2,1.2
M0089573,N,68,0,17100.66,0,0,0,3056.06,10845.84,1.07
M0089574,N,61,2,6535.6,0,1,0,2075.02,7709.52,1.26
M0089575,N,41,1,12610.98,0,1,0,1696.53,9758.64,1.32
M0089576,N,68,0,8124.56,0,2,1,931.52,5495.99,0.52
M0089577,N,62,1,23441.69,0,1,0,5024.06,28345.02,1.67
M0089578,N,58,2,26650.67,0,2,1,5163.52,26764.06,2.21
M0089579,N,25,0,16383.16,0,0,0,2597.15,11077.46,1.46
M0089580,N,44,2,31907.55,0,3,1,2544.94,28620.11,0.45
M0089581,N,65,0,14496.69,0,1,0,2181.7,9175.45,0.51
M0089582,N,52,2,2756.3,0,0,0,1996.76,2545.55,0.4
M0089583,N,75,0,13492.24,0,0,0,6167.29,5499.04,1.0
M0089584,N,73,2,11424.25,1,1,0,4066.27,12830.79,1.83
M0089585,Y,58,3,98775.1,1,3,1,28323.22,96503.85,3.04
M0089586,N,42,0,10519.59,1,0,0,1421.94,8279.11,0.13
M0089587,N,32,0,10061.87,2,1,0,2963.48,11060.34,2.52
M0089588,N,21,0,22385.48,0,2,0,1652.19,18242.13,1.19
M0089589,N,51,1,5067.5,0,1,0,1155.08,6610.95,2.39
M0089590,N,36,1,15038.81,0,0,0,3192.93,8566.82,0.99
M0089591,N,38,0,8397.78,0,3,1,5845.97,6110.25,0.48
M0089592,N,55,0,25584.66,0,1,1,14161.54,6449.2,1.16
M0089593,N,23,0,33574.94,0,0,0,19894.7,8784.44,1.27
M0089594,N,50,1,5499.22,0,0,0,2187.45,4443.88,0.98
M0089595,N,29,1,17608.57,0,2,0,15759.8,10454.31,0.84
M0089596,N,58,1,8302.51,0,2,1,4468.13,8548.12,1.81
M0089597,N,54,1,16581.27,0,0,0,7514.46,18410.68,1.74
M0089598,N,53,0,7082.52,1,0,0,1972.22,7593.65,0.11
M0089599,N,28,0,6391.55,0,2,1,2717.97,7951.85,2.01
M0089600,N,57,3,7986.86,0,0,0,3863.82,3271.8,1.24
M0089601,N,63,1,12650.12,0,2,0,1338.48,8786.17,0.03
M0089602,N,78,0,13658.28,0,0,0,3636.32,8327.16,1.27
M0089603,N,73,0,19303.89,0,0,0,973.2,16055.16,0.0
M0089604,N,56,1,16157.26,0,1,1,5493.03,11430.26,1.43
M0089605,N,40,2,19160.31,0,1,0,10791.02,10365.3,0.55
M0089606,N,26,3,10401.58,1,1,2,2095.93,7240.03,0.62
M0089607,N,75,2,11539.41,0,1,0,2420.36,8564.38,0.43
M0089608,N,19,0,3662.55,0,0,0,1143.83,2289.37,0.73
M0089609,N,64,1,12529.39,0,2,0,4191.06,18079.2,2.24
M0089610,N,69,0,6616.16,1,1,1,5346.9,6384.92,2.12
M0089611,N,36,3,14594.21,1,1,0,6168.89,5607.13,1.47
M0089612,N,71,1,24523.56,0,2,0,5282.14,28753.82,1.6
M0089613,N,76,2,8357.6,0,0,1,2225.68,6760.34,0.0
M0089614,N,73,0,7611.95,1,1,0,6075.61,2348.31,0.19
M0089615,N,27,0,4529.63,0,1,1,605.79,5321.41,1.01
M0089616,N,52,0,8353.74,0,0,0,2519.97,5171.62,0.5
M0089617,N,57,1,18347.26,0,0,0,863.73,14882.59,1.62
M0089618,N,41,1,6008.79,0,0,0,1195.29,5651.23,0.34
M0089619,N,41,3,9757.03,1,0,1,4678.29,11006.63,2.12
M0089620,N,44,1,2042.44,0,0,0,2173.47,1214.83,0.45
M0089621,N,64,1,15557.34,0,1,0,3520.78,10399.07,0.32
M0089622,N,45,1,8317.69,0,0,0,4220.36,10120.35,0.99
M0089623,N,45,0,9555.53,1,0,0,3648.96,5386.09,0.07
M0089624,N,77,0,6310.89,0,1,0,2506.53,6121.14,0.96
M0089625,N,54,0,3429.57,1,0,0,712.73,3006.33,0.0
M0089626,N,46,0,5156.31,0,0,0,1976.8,4296.2,0.96
M0089627,N,30,0,4778.26,0,1,1,2151.61,4526.14,2.31
M0089628,N,76,0,9763.22,0,0,0,879.3,7415.17,0.0
M0089629,N,54,1,23235.17,0,1,0,6269.46,13016.6,2.06
M0089630,N,21,2,12014.63,0,0,0,1916.25,14017.95,1.35
M0089631,N,18,0,30326.45,0,1,0,4027.41,23033.23,1.95
M0089632,N,32,0,6386.01,0,0,0,5413.89,2243.39,0.0
M0089633,N,23,1,23430.0,0,0,0,13778.29,6941.76,1.65
M0089634,N,61,2,9644.43,1,0,1,1577.03,7279.8,0.0
M0089635,N,19,2,15276.12,0,0,1,2608.15,9447.4,0.0
M0089636,N,45,0,3162.78,0,0,0,1865.47,1038.85,1.3
M0089637,N,19,0,3566.6,0,0,0,718.66,5207.81,0.43
M0089638,N,33,0,6514.39,0,0,1,1388.82,5554.83,1.24
M0089639,N,26,0,20356.32,0,0,0,5313.94,11847.72,0.79
M0089640,N,77,3,8384.65,0,0,0,8121.93,5921.5,0.75
M0089641,N,28,0,5774.69,0,0,0,1497.1,4644.18,0.58
M0089642,N,41,2,9766.33,1,0,3,4953.31,9973.81,2.05
M0089643,N,69,1,13009.6,0,1,0,9893.39,5536.65,0.38
M0089644,N,66,0,13315.16,1,0,0,975.98,13358.19,1.63
M0089645,N,35,0,5931.42,1,0,0,1662.78,6081.7,0.72
M0089646,Y,40,6,148985.34,4,1,2,70185.36,124915.42,4.09
M0089647,N,36,2,17585.41,0,0,0,6205.56,9670.3,2.18
M0089648,N,23,0,8473.03,0,0,0,1101.67,9082.19,0.73
M0089649,N,69,0,6581.43,0,0,0,434.83,8905.57,0.0
M0089650,N,61,2,43171.67,0,3,1,9454.8,30888.52,2.03
M0089651,N,25,0,4739.16,0,1,1,2350.13,4392.34,0.69
M0089652,N,34,1,10610.25,0,0,0,2153.62,10458.16,1.31
M0089653,N,72,2,31067.11,0,2,0,4268.88,40312.63,2.15
M0089654,N,66,0,43383.83,0,0,0,7056.3,30445.58,1.91
M0089655,N,24,2,5729.67,0,1,0,2522.67,4340.45,0.56
M0089656,N,49,0,15590.86,0,2,0,1118.48,17125.64,0.33
M0089657,N,31,0,7232.58,0,0,0,3019.91,2647.1,1.81
M0089658,N,38,0,5698.71,0,1,1,1493.9,8841.73,2.24
M0089659,N,32,1,25029.31,0,0,1,3291.92,16776.14,1.64
M0089660,N,21,1,21041.26,0,0,0,1703.39,15305.34,0.99
M0089661,N,45,1,1726.46,0,0,0,423.52,1297.98,0.54
M0089662,N,56,0,5909.3,0,0,0,2804.32,3185.22,1.11
M0089663,N,39,0,7049.85,0,2,1,1503.8,7423.0,2.86
M0089664,N,70,1,5556.37,0,1,0,3644.6,5719.22,0.0
M0089665,N,48,2,24830.48,2,2,1,12156.01,22968.0,0.89
M0089666,N,24,1,8264.74,1,2,0,3983.51,4800.54,2.86
M0089667,N,18,2,5323.94,0,1,0,1381.97,6492.35,1.08
M0089668,N,65,1,16508.81,0,1,0,2061.32,12522.98,1.59
M0089669,N,55,2,5337.38,0,1,1,2269.13,4132.17,3.6
M0089670,N,38,0,9406.67,0,1,0,2204.51,8560.09,0.95
M0089671,N,76,1,8365.96,0,1,0,1182.94,5577.75,0.0
M0089672,N,71,0,10043.72,0,0,0,2603.52,7713.92,1.97
M0089673,N,58,0,6028.73,0,1,0,893.03,4118.9,0.7
M0089674,N,62,0,12350.41,0,0,0,8529.53,10835.14,1.88
M0089675,N,75,1,5272.6,0,1,0,1439.65,3477.48,1.23
M0089676,N,63,1,10277.74,0,1,1,2702.97,6500.13,0.8
M0089677,N,52,0,7044.0,0,0,0,642.37,8342.49,0.58
M0089678,N,55,2,27462.42,0,0,1,3329.25,18214.47,1.13
M0089679,N,50,1,9902.34,0,0,0,2675.58,6089.3,0.21
M0089680,N,76,1,7807.91,0,0,0,3791.15,2832.95,0.81
M0089681,N,63,2,3594.28,0,0,1,621.17,2200.0,1.07
M0089682,N,25,1,18018.31,0,1,0,3783.45,10593.54,0.0
M0089683,N,34,1,20954.52,0,2,1,938.08,28694.18,1.32
M0089684,N,75,0,14343.87,0,0,1,3901.67,8137.37,0.37
M0089685,Y,82,6,360101.47,4,4,3,120416.69,185556.17,5.6
M0089686,N,70,2,8020.88,0,0,0,1233.45,6620.18,1.38
M0089687,N,62,1,7059.89,0,2,0,2458.26,5254.48,1.31
M0089688,N,78,0,7394.2,1,0,2,1317.25,6496.46,0.57
M0089689,N,51,2,4201.75,0,0,1,3088.79,3808.57,1.48
M0089690,N,65,0,8917.89,1,2,0,3304.89,4416.91,1.21
M0089691,N,28,1,24198.29,0,1,1,11306.77,13088.01,1.16
M0089692,N,25,1,16327.57,0,1,0,7226.79,7601.13,2.66
M0089693,N,26,1,37957.62,0,2,0,11413.36,23948.42,1.77
M0089694,N,69,1,35591.67,2,0,0,2908.49,27022.99,1.09
M0089695,N,69,0,18179.86,0,0,0,4151.31,15869.26,1.96
M0089696,N,38,3,2934.16,1,1,0,917.95,3654.01,1.07
M0089697,Y,69,6,195709.26,2,3,6,55532.69,196139.14,6.82
M0089698,N,29,2,9774.97,0,0,1,5552.8,11397.11,0.86
M0089699,N,67,1,10354.45,0,0,1,1066.06,8540.51,1.1
M0089700,N,74,0,8604.67,0,0,0,3236.13,10872.8,0.43
M0089701,N,22,0,12065.71,0,1,0,500.81,10682.03,0.34
M0089702,N,50,1,28677.17,1,1,0,4658.65,18334.41,1.58
M0089703,N,78,2,3581.06,0,1,0,1937.21,3940.19,0.12
M0089704,N,71,0,9537.99,0,0,0,904.96,7755.09,1.79
M0089705,N,28,0,8642.06,0,1,1,2901.34,11666.81,2.67
M0089706,N,45,0,20931.45,0,0,0,19850.18,14892.75,0.75
M0089707,N,63,1,2147.08,0,0,0,1031.89,2269.86,0.19
M0089708,N,76,2,6995.26,0,0,1,3068.3,3532.08,0.0
M0089709,Y,52,6,117722.89,3,4,3,75917.18,76626.21,2.0
M0089710,N,36,1,5677.74,1,0,0,3604.51,5870.54,0.55
M0089711,N,78,2,12398.14,0,1,1,1304.26,10397.64,1.68
M0089712,N,49,3,13070.77,0,2,1,6868.4,5854.99,2.48
M0089713,N,45,0,4078.34,1,0,1,2994.04,3041.93,0.7
M0089714,N,20,0,17092.34,0,0,0,6774.7,11611.85,1.72
M0089715,N,25,1,13710.87,0,0,0,4985.74,8385.35,2.3
M0089716,N,57,2,6168.63,0,0,0,4843.7,5418.33,0.57
M0089717,N,80,3,22256.11,1,2,0,10614.93,9462.81,0.87
M0089718,N,80,1,7769.2,0,1,0,4098.3,6136.24,0.44
M0089719,N,74,0,6024.26,0,2,0,1001.19,7189.56,0.4
M0089720,N,23,2,14073.62,0,0,2,3684.57,12283.52,0.95
M0089721,N,77,1,8728.7,0,2,0,2519.6,6315.79,1.39
M0089722,Y,76,3,351667.03,2,7,5,143512.62,247431.07,2.09
M0089723,N,71,0,11624.92,0,0,0,2579.02,8491.94,0.11
M0089724,N,18,1,12200.0,1,2,1,3894.08,7533.09,1.98
M0089725,N,46,2,7130.03,0,3,1,3456.21,9132.61,1.37
M0089726,N,35,2,4293.38,0,0,1,936.23,4208.46,0.0
M0089727,N,60,0,6621.2,0,2,2,1510.81,7209.74,0.51
M0089728,N,71,0,14087.42,1,1,0,5557.63,7592.71,1.44
M0089729,N,61,0,6236.27,0,0,0,734.51,6906.6,0.0
M0089730,N,29,0,7575.32,0,1,0,1888.37,5298.47,1.11
M0089731,N,41,1,4669.59,0,0,0,1321.53,4245.96,0.22
M0089732,N,61,1,35972.95,0,2,0,6776.35,42470.4,3.02
M0089733,N,41,1,7655.47,2,1,1,1288.73,6634.75,0.21
M0089734,N,46,1,5581.81,0,0,0,2412.64,2055.63,1.32
M0089735,N,55,1,33683.52,0,0,0,3445.87,25247.37,1.39
M0089736,N,55,1,19883.72,0,2,1,5404.54,11414.41,1.28
M0089737,N,57,2,30464.13,0,1,0,8394.36,17887.15,3.07
M0089738,N,30,2,36914.53,0,1,2,18629.29,15145.52,1.99
M0089739,N,40,1,5841.81,0,0,0,1637.31,4726.82,0.0
M0089740,N,46,0,1330.9,0,0,0,168.04,1591.64,0.0
M0089741,N,28,2,31851.09,0,0,0,5716.39,27740.38,1.43
M0089742,N,50,1,18495.78,0,1,1,5709.44,18886.37,2.71
M0089743,N,54,0,17256.78,0,0,2,5110.49,8992.35,0.61
M0089744,N,33,0,20473.55,0,0,1,9576.72,12901.35,1.49
M0089745,N,80,2,16680.67,0,1,0,3988.17,14224.92,2.51
M0089746,N,52,0,6798.14,0,2,0,1297.54,5790.17,0.87
M0089747,N,51,3,22076.3,0,1,0,3622.87,14966.66,0.8
M0089748,N,34,2,48069.14,1,2,1,26965.43,21181.88,1.81
M0089749,N,68,0,10185.24,1,1,1,1845.32,6814.32,0.41
M0089750,N,42,1,23078.23,2,1,0,18136.75,10849.06,0.97
M0089751,N,63,2,14730.37,0,0,1,4352.95,12397.33,1.61
M0089752,N,37,1,17508.21,0,2,0,3513.46,11359.54,1.1
M0089753,N,68,3,18031.1,1,1,0,1423.43,13651.73,2.64
M0089754,N,37,0,4692.46,0,1,0,1732.48,2893.78,0.79
M0089755,N,75,1,23434.96,0,1,1,5454.27,21521.78,1.4
M0089756,N,59,0,3889.58,0,0,0,643.22,2468.7,2.05
M0089757,N,34,0,7281.32,0,1,0,3076.28,5620.71,0.0
M0089758,N,30,0,2618.53,0,0,1,995.35,1594.02,0.1
M0089759,N,80,1,9334.94,0,1,0,6307.81,4370.88,2.47
M0089760,N,41,0,13466.03,0,0,0,1834.71,9661.22,0.9
M0089761,N,19,0,28819.85,0,0,0,2071.52,23302.81,0.0
M0089762,N,36,2,35575.21,1,1,0,6454.3,41066.22,0.79
M0089763,N,36,0,22068.06,2,1,1,6523.3,11911.79,1.26
M0089764,Y,64,5,291487.73,4,4,4,100842.76,237707.9,5.51
M0089765,N,47,1,5242.17,1,0,0,1691.35,3106.46,0.0
M0089766,N,44,3,11085.05,0,0,0,2071.15,9032.78,0.6
M0089767,N,21,0,17808.21,0,0,0,2737.36,13319.63,0.91
M0089768,N,73,3,20340.07,0,1,1,6120.44,15891.6,2.44
M0089769,N,41,2,14555.28,1,2,0,5412.53,8953.09,2.35
M0089770,N,51,1,6629.25,0,0,0,2085.97,5694.46,1.9
M0089771,N,73,1,2572.47,0,0,0,725.21,3593.76,0.39
M0089772,N,18,0,4949.47,0,0,0,1327.3,4891.77,0.02
M0089773,N,55,1,24756.31,1,1,0,14175.15,9928.81,2.02
M0089774,N,58,0,12563.39,0,0,0,2257.05,9620.06,1.52
M0089775,N,22,1,11314.6,0,2,1,9949.07,4212.35,0.0
M0089776,Y,72,7,277542.72,5,4,2,115558.12,178342.5,4.37
M0089777,N,27,2,6099.95,0,0,0,1929.29,5228.21,0.0
M0089778,N,35,2,4554.01,0,1,0,1326.84,5568.07,1.92
M0089779,N,45,0,24360.96,0,0,0,2881.57,17764.15,0.16
M0089780,N,45,1,6289.46,1,0,0,2728.8,2487.61,0.0
M0089781,N,52,1,32480.18,0,0,1,4417.92,22788.73,0.59
M0089782,N,56,1,15982.3,0,0,0,11497.05,10998.15,0.73
M0089783,N,47,3,7910.74,0,0,1,2313.63,6604.18,0.27
M0089784,N,57,0,14852.35,1,0,2,7859.87,8018.38,1.1
M0089785,Y,79,5,356552.99,5,1,4,91812.86,292798.19,5.2
M0089786,N,36,1,6289.15,0,3,1,1935.13,7557.33,0.0
M0089787,N,43,0,27919.8,0,0,0,20685.35,6549.68,1.72
M0089788,N,28,1,8245.1,0,0,0,1714.78,9265.16,0.33
M0089789,N,19,0,7661.79,0,0,0,1987.14,4703.37,1.63
M0089790,N,33,0,10195.76,0,0,0,1738.7,6447.87,0.3
M0089791,N,78,2,4701.08,0,0,0,769.96,4321.62,0.0
M0089792,N,73,1,16608.94,1,2,1,8154.29,11552.36,2.81
M0089793,N,28,2,5995.35,1,1,1,3838.86,3792.96,1.55
M0089794,N,78,2,11084.36,0,0,0,3185.84,7923.82,1.21
M0089795,Y,60,6,251515.04,4,5,3,96098.08,127788.4,5.06
M0089796,N,77,1,19725.03,0,1,0,2243.76,16624.99,2.2
M0089797,N,46,0,14340.03,0,2,0,1675.85,9933.64,0.2
M0089798,N,69,3,5815.21,0,1,1,1686.41,5718.03,1.49
M0089799,N,39,2,5044.89,0,0,1,821.61,5823.27,0.0
M0089800,N,66,0,30534.54,0,0,0,1992.88,24079.13,2.02
M0089801,N,42,1,6263.38,0,0,0,1967.6,4055.27,0.06
M0089802,N,70,0,4392.97,1,0,1,927.71,4775.36,0.0
M0089803,N,29,1,8316.89,0,0,0,6421.21,5129.33,1.95
M0089804,N,42,0,7439.34,0,1,0,1931.43,5184.5,1.04
M0089805,Y,59,3,119313.48,1,4,4,53379.02,57564.84,2.54
M0089806,N,62,1,14408.25,0,1,1,8597.95,6752.06,1.97
M0089807,Y,76,5,253418.13,3,3,2,94047.02,189768.78,5.87
M0089808,N,53,0,11587.31,2,0,0,2909.85,13150.58,0.1
M0089809,N,33,2,13365.96,0,0,1,7074.19,4690.27,1.05
M0089810,N,76,1,5387.47,0,2,0,5396.82,3223.94,0.59
M0089811,N,72,0,8708.15,1,0,0,1235.74,6622.91,1.91
M0089812,N,53,0,8925.04,0,1,0,1996.16,12157.53,1.11
M0089813,N,70,0,41341.79,0,0,0,8679.05,31120.05,2.31
M0089814,N,48,1,18999.86,0,1,0,3039.71,19941.66,0.42
M0089815,Y,62,6,345150.9,5,5,7,331338.18,105706.45,6.11
M0089816,N,55,1,4943.53,0,0,0,3961.22,4613.93,1.72
M0089817,N,48,0,18018.19,1,3,0,10388.13,14407.97,3.46
M0089818,N,42,2,18511.96,1,1,2,5692.18,18095.77,2.23
M0089819,N,43,1,11878.55,0,1,1,1794.36,7555.48,0.51
M0089820,N,44,1,3124.7,0,1,0,1767.36,3241.43,0.0
M0089821,N,58,2,12366.32,0,1,0,6686.19,5880.28,1.28
M0089822,N,67,1,6431.65,0,2,0,3232.21,8328.25,1.13
M0089823,N,63,0,12890.73,0,0,0,4923.56,6671.33,0.52
M0089824,N,30,0,14844.55,2,0,0,10548.73,6111.93,0.21
M0089825,N,58,0,4865.33,0,0,0,2530.75,3879.75,1.35
M0089826,N,71,0,7481.3,1,1,0,559.66,7276.9,0.5
M0089827,N,59,0,37569.13,0,3,0,1040.92,43567.31,1.06
M0089828,N,46,1,13065.28,0,0,0,2956.87,9695.22,1.62
M0089829,N,72,1,8387.43,0,2,0,3987.02,8039.62,3.16
M0089830,N,68,2,30457.68,1,2,2,8380.33,38885.64,2.88
M0089831,N,79,0,5389.53,0,0,0,661.9,4456.74,0.18
M0089832,N,23,0,7291.64,0,0,0,3799.67,7184.33,1.7
M0089833,N,30,0,17885.08,0,1,0,3248.88,25148.17,1.55
M0089834,N,64,1,4558.16,0,2,0,3250.41,2703.44,1.59
M0089835,N,27,1,23261.34,0,1,0,4677.14,14140.86,2.21
M0089836,N,50,1,12051.56,0,0,0,5685.17,5843.06,0.83
M0089837,N,40,0,2931.38,0,0,0,1739.06,3376.18,1.85
M0089838,N,41,3,12450.04,0,0,0,3177.36,14664.41,2.73
M0089839,N,77,1,4306.38,0,1,0,2246.62,4661.61,1.09
M0089840,N,49,2,16530.87,0,1,1,7255.02,18474.56,2.78
M0089841,N,43,2,15064.79,0,0,0,4171.05,13447.55,1.08
M0089842,N,80,2,13785.13,1,1,2,1742.35,13273.54,0.96
M0089843,N,68,0,7405.86,0,0,0,1235.8,5138.1,0.12
M0089844,N,60,1,7846.07,0,0,2,746.76,7253.24,0.0
M0089845,N,28,1,18286.27,0,2,0,3692.5,11145.88,2.07
M0089846,N,31,0,12554.98,0,0,1,2393.51,8364.39,0.0
M0089847,N,58,0,15044.95,0,0,0,3767.66,10160.71,1.86
M0089848,N,33,1,24618.8,0,0,0,6968.53,15104.28,0.79
M0089849,N,55,3,33106.67,1,0,0,5629.73,25698.32,1.13
M0089850,N,62,1,18554.02,0,2,1,9644.38,20022.7,2.52
M0089851,N,28,0,1663.84,0,0,1,140.21,2174.17,0.3
M0089852,N,35,1,6178.02,0,0,0,2544.53,5147.56,1.63
M0089853,N,18,0,5871.49,0,0,0,3400.87,7052.65,0.54
M0089854,Y,52,4,79827.04,1,5,3,52031.68,61354.91,3.25
M0089855,N,28,1,25333.75,0,0,1,14041.0,7523.47,2.32
M0089856,N,28,1,10228.76,0,0,0,3578.68,7302.02,2.04
M0089857,N,51,0,5993.01,1,0,0,948.9,7489.09,1.3
M0089858,N,54,0,5459.83,0,0,0,2437.38,2087.15,0.0
M0089859,N,33,0,4423.85,1,0,1,2529.4,2408.84,0.0
M0089860,N,28,0,26376.02,0,3,1,4796.45,16142.52,2.15
M0089861,N,34,1,11375.43,0,0,0,4820.65,8868.98,0.34
M0089862,Y,78,4,361138.78,4,3,6,114544.37,191685.93,5.18
M0089863,N,73,0,4751.89,1,0,0,717.77,4701.63,2.33
M0089864,N,32,0,12413.91,0,2,1,2649.31,10513.63,2.57
M0089865,N,37,0,13392.26,0,2,1,6540.21,13955.57,1.68
M0089866,N,20,1,9120.27,1,0,1,946.65,9547.52,1.19
M0089867,N,20,0,11735.74,0,0,0,2462.89,9496.11,1.24
M0089868,N,31,2,8511.47,0,2,0,2605.05,4923.0,1.38
M0089869,N,74,2,17199.16,0,2,0,3947.44,9921.46,0.18
M0089870,N,26,2,21092.98,0,0,0,4498.46,15103.78,1.62
M0089871,N,72,1,8558.74,0,1,0,5633.09,9371.62,1.09
M0089872,N,34,2,6423.92,0,2,1,1818.48,3691.58,0.55
M0089873,N,18,0,19381.04,0,3,1,19555.45,11324.17,1.58
M0089874,N,60,0,16012.9,0,0,0,3053.15,10433.28,1.31
M0089875,N,46,0,16711.41,1,1,0,2666.55,16237.88,1.18
M0089876,N,46,1,7719.06,0,1,0,1371.78,8002.64,1.38
M0089877,N,62,3,21013.49,0,1,0,1473.44,18614.7,0.17
M0089878,N,48,0,15020.65,0,0,0,2596.14,12956.24,0.54
M0089879,N,48,1,8210.07,0,0,0,4273.27,7452.54,0.32
M0089880,N,69,1,6881.66,0,1,0,3170.65,3649.33,0.34
M0089881,N,76,1,12784.71,0,1,0,2991.89,10592.2,0.91
M0089882,N,50,1,8425.03,0,1,0,3104.67,4297.76,0.09
M0089883,N,65,1,7122.33,2,1,2,2280.89,6944.95,0.0
M0089884,N,76,0,5445.48,0,2,0,1137.67,4703.44,0.0
M0089885,N,21,0,6737.33,0,0,0,181.62,8670.21,0.43
M0089886,N,21,0,34844.85,2,1,1,6148.19,29901.78,1.39
M0089887,N,50,0,5204.65,0,0,0,1768.56,3867.07,1.55
M0089888,Y,41,5,125799.46,1,3,5,70816.53,96018.46,2.54
M0089889,N,61,0,24365.12,0,2,0,4311.81,20141.29,0.0
M0089890,N,58,1,2093.66,1,1,0,990.03,2534.81,0.18
M0089891,N,27,2,6320.39,0,0,0,816.97,6493.48,1.71
M0089892,N,39,2,10435.3,0,2,0,2896.41,10188.5,2.73
M0089893,N,33,1,7597.34,0,0,1,2429.73,4728.19,0.0
M0089894,N,51,0,5526.63,1,2,1,1668.91,7867.66,2.09
M0089895,N,63,0,3361.5,1,0,0,2458.24,2869.42,0.71
M0089896,N,63,0,6808.07,0,0,0,370.28,10447.77,0.68
M0089897,N,58,3,22099.15,0,0,1,7206.2,21019.8,2.02
M0089898,N,74,1,2638.04,0,0,0,1767.82,1517.92,0.94
M0089899,N,56,1,14978.08,0,0,0,5176.69,8732.04,1.85
M0089900,N,51,1,7601.17,0,1,0,2551.47,4188.97,1.97
M0089901,N,75,0,14114.71,0,0,1,3413.72,13670.31,0.44
M0089902,N,19,0,12131.87,0,1,0,3912.14,9188.98,0.0
M0089903,N,27,2,11816.73,2,1,0,2221.86,8655.38,1.18
M0089904,N,46,0,9980.42,1,0,0,6947.76,6076.43,0.91
M0089905,N,42,2,13896.22,1,1,0,1540.26,11900.12,1.73
M0089906,N,31,1,4208.97,0,0,0,1423.43,2412.36,1.36
M0089907,N,34,1,13666.64,0,2,1,3197.41,12790.05,1.88
M0089908,N,77,2,19404.67,0,0,0,9058.71,8473.79,1.45
M0089909,N,25,0,13744.65,0,0,0,2526.33,9207.79,1.47
M0089910,N,53,1,5655.18,0,0,0,4300.73,5449.47,1.91
M0089911,N,59,1,22813.91,1,0,0,5766.59,23344.81,2.28
M0089912,N,75,0,5363.03,0,0,0,749.82,6405.46,1.39
M0089913,N,69,2,12669.89,0,2,0,3661.52,16932.82,0.83
M0089914,N,31,0,15339.39,0,0,1,4843.31,8059.47,1.31
M0089915,N,39,1,13207.47,0,1,2,7185.07,3628.69,0.62
M0089916,N,60,2,22707.96,0,1,0,5639.24,19185.47,0.94
M0089917,N,75,0,17179.17,0,0,0,933.49,13917.09,1.49
M0089918,Y,56,4,280031.55,4,5,5,160752.57,238147.29,7.34
M0089919,N,42,0,36120.65,1,1,0,5728.25,27976.93,1.23
M0089920,N,22,2,5559.03,1,1,1,2611.23,4384.03,0.0
M0089921,N,46,0,4190.05,0,1,0,2193.48,4359.0,0.64
M0089922,N,58,0,9594.23,0,0,0,2703.99,6682.64,0.59
M0089923,N,25,1,7916.17,0,1,1,2001.99,7504.26,1.32
M0089924,N,49,1,12857.64,0,2,0,3433.97,16016.3,2.22
M0089925,N,38,2,5912.44,0,0,0,2099.45,3429.33,1.36
M0089926,N,72,3,9393.6,0,0,0,4466.77,7409.31,0.35
M0089927,N,49,0,5322.99,0,1,0,2696.62,2674.64,1.2
M0089928,N,63,2,12734.03,0,2,0,3831.27,13336.83,2.32
M0089929,N,71,0,10581.96,0,0,0,1558.8,7327.27,0.03
M0089930,N,50,1,9054.16,0,0,0,4230.14,8240.92,0.29
M0089931,N,46,1,4539.93,1,2,0,1182.13,6649.23,0.0
M0089932,N,67,0,10518.9,0,0,0,1586.29,11313.69,1.35
M0089933,N,46,2,24265.58,1,2,1,9256.23,16328.08,1.74
M0089934,N,56,2,38130.98,0,2,1,9472.05,22687.77,2.9
M0089935,N,29,1,30007.46,2,2,0,1605.34,24448.11,1.9
M0089936,N,72,3,30218.9,1,2,0,4000.6,43031.49,3.24
M0089937,N,24,1,4757.02,0,0,0,2118.96,4975.2,1.91
M0089938,N,67,2,4248.6,0,0,1,934.47,3225.5,1.78
M0089939,N,71,1,19301.59,0,0,2,3408.96,18153.42,0.88
M0089940,N,30,0,25311.34,0,1,1,3469.33,19528.39,1.48
M0089941,N,57,0,7271.26,0,0,1,2077.12,6961.78,1.15
M0089942,N,22,0,18737.01,0,0,2,4770.46,12836.92,0.96
M0089943,N,42,1,13055.16,0,2,0,2140.65,14047.98,0.94
M0089944,N,25,2,7738.38,1,0,0,1803.19,10705.36,1.92
M0089945,N,19,1,25590.63,0,1,1,2995.83,21797.39,0.83
M0089946,N,25,1,6628.02,0,0,0,1167.53,8019.62,1.23
M0089947,N,46,0,7648.15,0,0,0,2395.93,7526.9,1.19
M0089948,N,27,0,4526.09,1,0,0,1493.53,3998.5,0.48
M0089949,N,51,0,20017.29,0,0,0,12298.83,12045.06,1.33
M0089950,N,22,1,5011.78,0,0,1,2894.07,5818.6,1.0
M0089951,N,31,3,23984.38,0,3,0,4665.33,16402.81,2.8
M0089952,N,59,2,9801.23,0,0,0,2659.82,7426.76,1.0
M0089953,N,80,1,5424.15,0,1,0,1657.11,5139.92,1.74
M0089954,N,32,3,62843.92,0,2,2,19908.98,78247.41,3.49
M0089955,N,25,1,6103.64,0,0,0,690.89,6500.86,1.55
M0089956,N,51,1,14861.93,1,1,0,2429.56,12999.96,0.6
M0089957,Y,38,4,257665.46,1,4,1,123260.7,110481.15,5.52
M0089958,N,73,2,18518.55,0,1,0,4388.13,10877.66,0.7
M0089959,N,37,1,18770.11,0,0,0,3244.98,25562.01,0.96
M0089960,N,50,1,16111.34,0,0,0,1762.89,12182.45,1.07
M0089961,N,54,2,31685.24,1,0,1,2776.44,22910.6,1.08
M0089962,N,56,3,12580.12,1,0,0,6213.99,11537.56,1.27
M0089963,N,41,0,7998.82,0,1,0,1171.79,8179.13,1.43
M0089964,N,21,1,7162.38,0,1,0,2077.97,4487.21,1.42
M0089965,N,56,0,8668.68,0,0,0,1641.35,5332.26,2.3
M0089966,N,75,1,15573.05,0,0,0,2876.4,11995.57,0.77
M0089967,N,63,0,13417.68,0,1,0,1382.1,11051.74,0.0
M0089968,N,22,1,13136.51,0,1,2,8368.74,7358.79,0.04
M0089969,N,76,1,7736.54,0,1,0,4494.69,3525.66,1.78
M0089970,N,27,1,16987.22,0,0,0,3408.23,10801.34,1.17
M0089971,N,51,0,9161.65,0,0,0,2880.05,4330.26,0.49
M0089972,N,22,0,8607.38,0,0,0,2853.46,9958.4,2.73
M0089973,N,52,2,6549.42,0,0,0,1336.95,10326.89,2.34
M0089974,N,58,2,23141.16,0,1,1,19481.58,20531.19,1.96
M0089975,N,58,0,5167.86,0,0,0,430.14,3973.61,0.2
M0089976,N,44,0,19603.09,2,1,0,3621.03,17379.75,1.38
M0089977,N,46,3,6853.2,0,2,0,2190.84,10217.12,1.04
M0089978,N,35,1,6665.26,0,0,1,861.93,8274.25,0.88
M0089979,N,39,0,6605.86,0,0,0,1767.95,3464.08,0.0
M0089980,N,62,2,28460.96,1,3,1,651.05,23059.39,2.36
M0089981,N,47,1,5879.23,0,0,0,3890.73,2410.44,0.0
M0089982,N,42,2,20795.48,0,1,1,2766.53,15891.3,0.58
M0089983,N,29,0,19487.79,0,1,0,5965.13,20068.76,0.0
M0089984,Y,53,6,210388.41,2,3,6,126199.73,159535.94,5.7
M0089985,N,31,0,7426.44,0,0,1,2516.03,6534.05,0.8
M0089986,N,60,1,4542.54,0,1,0,959.89,7049.08,1.16
M0089987,N,38,1,27164.59,0,0,1,3418.57,21460.52,1.9
M0089988,N,77,2,9159.1,1,2,2,1917.31,5304.53,1.33
M0089989,N,64,0,4857.41,0,0,0,3455.94,2549.53,0.3
M0089990,Y,69,5,436137.82,2,3,5,79714.23,284502.68,5.47
M0089991,N,80,3,48060.79,0,1,1,8720.91,34733.98,1.98
M0089992,N,43,1,24876.49,0,1,0,5691.69,16117.71,0.65
M0089993,N,68,0,10595.34,0,1,0,10128.14,5390.16,1.67
M0089994,N,44,0,16012.11,0,0,0,3901.73,10875.76,0.44
M0089995,N,40,0,4130.83,0,0,2,2604.87,4226.43,0.4
M0089996,N,62,2,11836.54,0,2,0,9991.65,10337.39,1.59
M0089997,N,34,1,10821.61,0,1,0,6566.32,2738.85,1.03
M0089998,N,25,2,6512.81,1,2,0,3175.18,3022.71,1.41
M0089999,N,44,0,12587.69,0,2,0,6231.31,8595.16,0.74
M0090000,N,25,3,21387.13,1,3,0,9761.21,11424.71,1.26
M0090001,N,35,0,1875.98,0,1,1,322.05,2470.34,0.0
M0090002,N,69,2,51466.12,1,3,2,4161.35,49916.23,1.86
M0090003,N,74,1,1675.33,0,0,2,190.39,2762.23,2.17
M0090004,N,50,1,82301.56,0,2,0,4850.64,81131.68,0.96
M0090005,N,74,1,3929.79,0,0,0,1410.26,3600.43,0.99
M0090006,N,28,3,18457.31,2,0,1,1637.76,15062.64,1.29
M0090007,N,59,0,3983.11,0,0,0,1386.53,1832.5,1.0
M0090008,N,75,1,20892.21,0,0,1,4346.88,18354.63,1.25
M0090009,N,49,1,21135.64,1,2,1,3216.45,17403.15,1.08
M0090010,N,64,0,4295.05,0,1,0,2657.93,3258.6,0.8
M0090011,N,67,0,32112.95,1,0,0,5018.86,28764.39,0.12
M0090012,N,24,0,23828.11,0,0,0,4062.19,17994.86,2.59
M0090013,N,63,2,14628.31,0,0,1,5129.36,9708.72,0.32
M0090014,N,24,0,20671.26,0,1,0,1527.53,19169.95,0.3
M0090015,N,74,2,25297.6,0,0,0,3033.55,17894.8,0.64
M0090016,Y,67,5,186565.11,1,3,5,148986.06,113931.33,5.38
M0090017,N,56,0,3634.19,0,1,0,1114.61,3179.9,0.0
M0090018,N,60,2,28633.89,0,1,0,9082.34,29019.41,0.81
M0090019,N,62,1,5111.86,0,1,0,689.75,4112.04,0.95
M0090020,N,42,0,3528.58,0,0,0,2895.37,1355.29,0.17
M0090021,N,56,0,7013.93,0,0,0,2590.36,6108.5,1.47
M0090022,N,63,0,11386.68,1,2,0,4986.52,6270.71,1.23
M0090023,N,70,1,8061.34,0,0,0,3724.93,3143.93,0.99
M0090024,N,79,1,4750.66,0,0,0,1314.89,4536.34,0.39
M0090025,N,68,0,8622.79,0,1,0,1131.11,13122.32,0.61
M0090026,N,40,0,11057.25,0,1,0,389.96,9679.5,0.31
M0090027,N,53,2,6545.43,0,0,1,2834.65,3437.57,1.85
M0090028,N,71,0,20652.83,0,1,0,7184.34,12467.18,1.27
M0090029,N,21,1,5980.6,0,1,0,1214.79,8903.28,1.8
M0090030,N,30,3,13593.72,0,2,0,5516.66,9838.59,0.38
M0090031,N,64,1,9310.02,1,0,2,3145.85,10997.21,0.58
M0090032,N,64,0,13924.85,0,0,1,6187.43,15316.82,1.56
M0090033,N,27,0,18318.37,0,0,0,6172.26,8511.25,1.61
M0090034,N,37,0,12047.58,0,0,0,8105.2,7460.87,1.69
M0090035,N,34,1,18841.97,0,0,0,1912.08,13979.47,0.95
M0090036,N,34,0,9429.04,0,1,0,1069.54,13217.5,1.13
M0090037,N,33,0,4662.27,0,1,0,305.24,4510.39,0.05
M0090038,N,78,1,17991.98,0,2,2,3198.83,15593.26,2.68
M0090039,N,80,0,11577.51,0,1,0,3287.66,5967.94,2.88
M0090040,N,71,2,12804.06,2,1,1,3977.94,8133.19,2.33
M0090041,N,66,0,9185.65,0,0,0,1634.91,7415.61,0.0
M0090042,N,31,1,8119.19,0,0,0,2422.83,4437.52,0.0
M0090043,N,61,1,18384.77,0,0,2,8300.72,11839.02,0.85
M0090044,N,33,2,4317.45,0,1,0,1310.69,3368.19,0.42
M0090045,N,30,1,29857.73,0,1,1,2707.51,22817.57,3.82
M0090046,N,74,1,14944.79,1,1,0,2873.24,11815.51,1.54
M0090047,Y,59,3,375478.4,5,2,2,128819.2,248950.78,4.25
M0090048,N,25,0,9090.03,0,0,0,4865.25,9804.48,0.0
M0090049,N,26,1,15565.66,0,0,0,6031.86,15925.49,2.6
M0090050,N,46,0,11996.3,0,0,0,1419.51,10252.1,0.76
M0090051,N,33,1,4219.88,0,0,1,817.65,6097.24,0.0
M0090052,N,30,2,26813.65,0,1,0,2504.75,23361.84,0.78
M0090053,N,20,0,4164.87,0,0,0,1578.06,4967.86,0.68
M0090054,N,36,3,13987.91,0,0,0,5076.44,8901.33,1.84
M0090055,N,47,0,10940.89,0,1,0,4674.07,12027.43,1.49
M0090056,N,66,0,9682.23,0,0,0,2232.47,9372.69,1.28
M0090057,N,57,1,40972.63,0,0,0,10064.9,28497.63,1.35
M0090058,N,77,0,15672.4,0,1,0,7213.15,7080.69,1.23
M0090059,N,44,0,11554.05,0,0,1,1094.79,9904.28,1.28
M0090060,N,74,2,20705.26,0,1,0,1539.39,15079.17,2.2
M0090061,N,79,0,22200.05,0,0,0,6198.85,17404.04,1.02
M0090062,N,38,0,2420.22,0,0,0,728.27,2434.51,0.1
M0090063,N,62,2,13841.86,1,0,0,5851.79,11220.67,2.49
M0090064,N,43,0,10485.1,0,1,0,2094.65,9957.76,1.83
M0090065,N,51,1,11390.66,0,0,0,1264.62,12257.47,0.78
M0090066,N,60,1,19974.4,0,2,0,5209.14,12276.02,1.25
M0090067,N,36,0,5714.31,0,0,1,3331.74,4378.31,0.0
M0090068,N,40,1,5862.09,0,0,0,1404.45,4426.04,1.72
M0090069,N,45,0,10704.47,0,0,0,4362.41,11128.25,0.27
M0090070,N,36,2,15571.05,1,0,0,4708.26,11085.86,1.77
M0090071,N,37,0,8781.21,0,0,0,1578.4,8141.04,1.49
M0090072,N,49,0,6880.8,0,0,0,2942.89,5611.95,1.44
M0090073,N,21,0,3509.54,0,0,0,863.15,5262.41,0.2
M0090074,N,24,0,7068.34,0,0,1,616.93,11179.41,0.22
M0090075,N,40,2,12804.42,0,0,0,1472.98,9710.99,0.48
M0090076,N,80,0,15802.7,1,0,0,5677.54,16935.75,0.77
M0090077,N,42,1,8682.0,0,0,0,1509.94,5320.81,1.04
M0090078,N,28,0,5795.82,0,0,1,2032.52,6499.96,0.22
M0090079,N,59,3,11969.2,1,0,0,6324.34,14638.86,1.99
M0090080,N,54,3,18830.06,0,1,2,10297.75,6309.0,0.51
M0090081,N,28,0,4518.04,0,0,1,2778.19,2846.7,0.51
M0090082,N,56,0,9867.49,0,1,0,4440.63,8375.16,0.0
M0090083,N,27,0,11378.15,0,0,0,1434.73,7923.26,1.65
M0090084,N,37,2,20259.96,0,0,0,7946.6,10325.08,0.0
M0090085,N,30,1,9952.17,0,0,1,6381.01,5158.11,1.02
M0090086,N,68,0,2837.84,0,1,1,1604.99,2558.67,1.13
M0090087,N,77,1,6283.48,1,3,0,2867.08,6200.09,1.94
M0090088,N,27,2,8944.63,1,0,0,6844.18,5352.64,1.81
M0090089,N,49,3,39773.55,1,2,0,16587.76,15959.25,2.65
M0090090,Y,72,5,373970.36,5,4,3,201387.02,165871.07,5.36
M0090091,N,80,3,16931.92,0,2,1,1879.1,20033.74,0.99
M0090092,N,48,0,3059.59,0,0,0,776.54,3160.47,0.84
M0090093,N,56,1,12266.02,0,0,0,2477.77,13663.16,0.0
M0090094,N,29,1,5717.49,0,0,0,954.23,8446.92,0.0
M0090095,N,36,3,9755.51,0,2,0,6703.4,10498.61,3.64
M0090096,N,64,0,3460.99,0,0,1,1556.72,3724.26,0.36
M0090097,N,47,2,19288.91,0,1,0,2021.17,14552.62,0.87
M0090098,N,64,1,16223.28,0,0,0,4559.74,8562.32,1.87
M0090099,N,60,1,27844.97,0,0,0,4338.39,21028.8,0.12
M0090100,N,51,0,21649.18,0,0,1,6388.55,19444.81,0.8
M0090101,N,78,0,10633.87,1,0,0,9275.34,6512.23,1.01
M0090102,Y,39,3,178081.45,3,4,4,102811.16,108258.81,4.04
M0090103,N,36,2,15873.16,1,3,1,5428.47,8711.49,2.43
M0090104,N,77,1,16684.71,0,0,0,10016.56,7258.31,0.53
M0090105,N,70,1,25740.27,0,0,0,11386.46,12306.76,2.73
M0090106,N,21,0,5105.86,0,0,2,951.2,3079.06,2.85
M0090107,N,47,1,18282.25,2,1,1,4586.9,14883.4,1.85
M0090108,N,73,1,8684.74,0,2,0,3611.79,7699.08,1.69
M0090109,N,41,0,5921.01,0,0,1,1015.65,4499.44,0.0
M0090110,N,53,0,12950.01,1,0,2,1920.1,16190.41,1.25
M0090111,Y,79,7,175410.27,3,6,2,53279.77,132406.57,5.86
M0090112,N,39,2,11302.25,0,2,1,1579.13,16096.11,1.82
M0090113,N,20,0,7101.24,0,0,0,1079.55,4482.93,0.28
M0090114,N,44,2,7090.36,0,3,0,1616.38,5714.27,0.0
M0090115,Y,65,4,146938.75,3,4,1,58374.26,73000.47,2.32
M0090116,N,61,2,15242.24,0,1,0,5800.93,7546.66,2.33
M0090117,N,49,3,9388.88,0,1,1,3179.4,13677.5,2.83
M0090118,N,76,3,17111.84,0,2,0,2205.34,12593.33,1.53
M0090119,N,71,1,12876.68,0,2,1,4290.84,17342.13,2.37
M0090120,N,19,0,23887.19,0,1,2,3653.27,16862.19,1.97
M0090121,N,50,0,14208.16,0,0,0,2329.05,11303.97,0.58
M0090122,N,51,2,4822.24,0,2,1,382.68,4592.16,1.04
M0090123,N,42,0,9769.19,0,1,0,2562.09,6593.58,0.21
M0090124,N,35,0,4160.47,0,0,0,987.05,4971.49,0.44
M0090125,N,67,0,9188.86,0,0,0,2547.36,8130.61,0.43
M0090126,N,31,0,5102.07,0,0,0,1219.95,5154.65,1.22
M0090127,N,74,0,18427.62,0,0,0,7835.34,7368.64,0.67
M0090128,N,35,2,8544.42,0,1,0,3457.52,8062.62,0.68
M0090129,N,77,0,5097.58,0,0,0,2759.51,2112.26,1.64
M0090130,N,47,0,2161.14,0,1,0,520.26,2276.17,1.83
M0090131,N,48,2,21034.57,0,1,0,3079.09,14434.37,0.8
M0090132,N,31,1,19160.74,0,1,0,5644.72,26693.65,2.18
M0090133,N,36,0,21043.08,0,2,0,9539.4,12705.77,0.87
M0090134,N,68,2,23803.69,0,1,0,13122.28,12990.25,2.21
M0090135,N,45,2,8899.35,0,0,1,5337.63,3024.95,2.77
M0090136,N,23,2,5522.25,0,1,0,1616.79,6462.17,0.05
M0090137,N,42,1,11434.53,0,0,0,2963.94,8752.43,0.0
M0090138,N,62,1,17878.23,0,1,1,2944.67,11613.78,0.98
M0090139,N,61,0,6129.23,0,0,0,1031.53,4120.94,0.0
M0090140,N,75,1,24429.2,0,2,0,3561.68,18522.18,0.0
M0090141,N,28,0,16208.47,0,0,1,3558.82,19268.93,0.72
M0090142,N,19,1,4521.47,0,0,0,697.15,7356.05,0.45
M0090143,N,37,1,14154.85,0,1,0,2641.01,11827.72,0.75
M0090144,N,65,0,3024.45,0,0,1,812.5,3544.92,0.86
M0090145,N,41,1,8104.78,0,1,2,1697.53,11786.22,1.15
M0090146,N,38,2,47661.92,0,2,1,2959.37,40243.37,0.35
M0090147,N,61,0,8872.01,0,3,0,1341.06,7537.9,0.0
M0090148,N,19,2,6748.42,0,1,0,1815.88,10128.11,1.16
M0090149,N,27,0,15006.01,1,0,0,14719.92,4544.3,1.01
M0090150,Y,57,4,238779.17,3,3,6,114524.4,170133.08,5.46
M0090151,N,55,1,14292.17,0,0,0,7154.06,8797.12,1.44
M0090152,N,47,1,4152.59,0,0,0,2269.92,5105.42,0.06
M0090153,N,37,0,3093.53,0,0,0,1197.59,2679.17,0.71
M0090154,N,44,0,5754.5,1,0,0,831.9,4988.97,0.07
M0090155,N,36,0,6715.52,0,0,0,1163.97,8367.37,0.53
M0090156,N,48,0,4367.53,0,0,0,584.37,5408.48,0.0
M0090157,N,74,3,12112.45,1,1,0,2579.42,7025.28,1.86
M0090158,N,59,0,9657.66,1,3,1,2887.26,5102.42,1.6
M0090159,N,24,1,14062.38,0,0,0,3075.36,12929.15,1.4
M0090160,N,37,0,10843.14,0,1,0,2048.22,13549.27,1.35
M0090161,N,40,0,18268.86,0,2,1,23300.36,4037.43,1.06
M0090162,N,64,3,9240.96,0,0,0,2367.34,5178.14,2.15
M0090163,N,45,0,7196.83,0,1,0,3818.09,6789.39,1.54
M0090164,N,60,2,45641.07,0,2,0,14426.82,21839.47,3.18
M0090165,N,51,0,5555.08,0,0,0,1387.15,7569.66,1.13
M0090166,N,48,2,27784.64,0,1,0,8732.1,14144.44,1.54
M0090167,N,33,3,8393.51,2,2,1,3007.61,9612.78,0.16
M0090168,N,54,1,10679.46,0,0,0,2729.33,6907.33,0.92
M0090169,N,66,1,9277.33,0,1,0,2057.1,10956.83,1.93
M0090170,N,36,0,18216.06,1,2,0,6367.67,8776.46,2.26
M0090171,N,19,0,15713.22,0,0,0,1820.7,11903.83,0.24
M0090172,N,42,1,52571.99,0,0,0,21920.77,23485.78,1.23
M0090173,N,50,2,25118.89,0,0,0,697.94,36175.82,0.9
M0090174,N,58,1,3752.33,0,1,0,2353.96,4254.61,0.32
M0090175,N,73,1,7857.01,0,0,1,7100.09,5824.89,0.86
M0090176,N,76,0,5829.93,0,1,0,1848.48,3679.61,0.03
M0090177,N,67,0,5460.25,0,1,0,881.65,6397.04,0.0
M0090178,N,51,2,13327.13,1,4,0,4463.35,11093.83,1.02
M0090179,N,19,2,7622.42,0,0,0,2357.8,5474.54,0.82
M0090180,N,72,0,13710.17,0,0,1,4496.8,15307.41,1.6
M0090181,N,23,1,9508.37,0,0,1,3347.71,6518.36,0.77
M0090182,N,70,0,11998.71,1,0,0,2113.58,9305.51,1.9
M0090183,N,46,1,9306.85,0,1,0,3799.3,8221.06,2.31
M0090184,N,74,0,3926.82,2,0,0,2598.08,4264.37,0.0
M0090185,N,36,2,5186.71,0,1,1,4008.82,4072.63,0.61
M0090186,N,78,1,12648.21,0,1,0,3495.32,8630.43,1.6
M0090187,N,40,1,7273.31,0,1,0,1729.02,8801.6,0.0
M0090188,N,51,0,21807.95,0,0,0,14638.76,8698.58,2.13
M0090189,N,23,2,11584.73,0,1,1,3750.75,5904.35,1.65
M0090190,N,18,1,7485.49,0,0,1,2419.74,5775.75,0.65
M0090191,N,48,1,5245.61,1,1,0,1599.15,6098.25,1.73
M0090192,N,33,0,9806.77,0,0,0,3566.89,4255.24,2.02
M0090193,N,39,2,5406.31,0,1,0,2580.36,4838.97,2.41
M0090194,N,19,3,24873.16,0,2,0,8095.09,21704.85,2.76
M0090195,N,33,2,4745.88,0,1,0,926.61,3354.86,0.0
M0090196,Y,84,6,200874.71,3,3,1,63828.84,113534.63,4.44
M0090197,N,74,2,8658.52,0,0,0,1028.59,6155.76,0.68
M0090198,N,69,1,14974.89,0,0,0,5111.83,14313.68,2.01
M0090199,N,51,0,3184.08,0,0,0,1803.46,3200.44,0.0
M0090200,N,28,0,2457.11,1,0,0,1426.07,2007.61,1.54
M0090201,N,39,2,7246.0,0,1,0,2347.66,3907.1,1.63
M0090202,N,63,1,3951.65,1,0,0,1283.15,4311.53,1.64
M0090203,N,69,0,22432.91,0,2,1,15091.23,6895.54,0.1
M0090204,N,23,2,14270.13,1,3,0,5796.33,11126.97,1.73
M0090205,N,20,2,13046.03,0,0,1,3678.55,6955.01,0.09
M0090206,N,31,0,3861.78,0,0,0,1596.54,5096.9,0.95
M0090207,N,61,1,20075.62,0,0,0,2467.04,15158.28,1.25
M0090208,N,50,1,12660.9,0,0,1,3273.43,12950.74,1.98
M0090209,N,56,0,16870.53,0,1,1,8355.18,6822.78,1.4
M0090210,N,52,0,1918.26,0,0,0,1709.72,1699.95,0.83
M0090211,N,62,0,5118.43,1,0,0,1495.86,4076.91,0.89
M0090212,N,45,0,7140.13,1,0,0,4712.25,4875.21,0.27
M0090213,N,54,0,3163.93,0,0,0,1827.06,3359.97,0.0
M0090214,N,64,1,11691.05,0,0,0,7179.33,7354.54,0.0
M0090215,N,18,2,5770.05,0,1,0,938.23,6494.05,0.99
M0090216,N,43,2,23495.09,1,2,0,3125.65,18842.24,1.94
M0090217,N,36,0,4787.49,0,0,0,3034.24,4420.79,0.71
M0090218,N,23,0,5111.37,0,0,0,1885.42,3842.06,0.99
M0090219,N,45,1,38829.09,1,1,2,13309.15,52530.61,2.63
M0090220,N,21,1,3791.33,0,0,0,2843.0,1825.0,0.81
M0090221,N,35,1,32551.6,0,2,1,15055.89,22959.52,0.5
M0090222,N,48,0,15330.64,0,1,0,2892.56,10682.08,0.14
M0090223,N,73,2,8928.34,0,0,0,2225.22,9883.5,0.96
M0090224,N,47,0,9762.21,1,1,0,7048.78,8081.32,2.26
M0090225,N,69,4,7205.38,0,1,0,1308.33,4488.22,0.12
M0090226,N,63,0,5208.03,0,1,0,1938.81,4851.81,0.14
M0090227,N,44,1,20361.39,0,0,2,8259.86,11828.12,0.88
M0090228,N,44,0,8887.77,0,0,2,8050.13,6700.73,0.54
M0090229,N,26,1,10725.76,0,0,0,5489.31,10184.73,2.31
M0090230,N,30,0,6079.12,0,1,0,1094.3,5037.55,1.09
M0090231,N,79,2,2436.13,0,0,0,1076.12,3069.74,0.67
M0090232,N,75,1,5396.38,1,0,0,1594.41,3496.36,0.0
M0090233,N,24,0,6562.24,1,1,0,1280.36,8656.92,0.02
M0090234,N,67,1,21305.98,0,3,0,14361.35,16781.91,0.51
M0090235,N,43,1,9808.82,0,3,0,1882.3,13223.98,1.04
M0090236,N,42,1,12249.45,0,1,0,4952.37,5122.21,1.11
M0090237,N,73,0,6223.27,0,0,0,1871.3,3502.44,0.0
M0090238,N,56,2,9337.46,0,1,0,4806.39,5249.92,1.16
M0090239,N,26,1,3254.32,0,0,0,2291.46,2510.92,0.37
M0090240,N,52,0,17616.22,0,1,1,3700.7,11663.14,1.35
M0090241,N,41,1,11507.02,0,0,0,2347.35,6844.27,0.46
M0090242,N,43,2,15714.89,0,1,0,1273.71,16177.22,1.75
M0090243,N,34,0,22019.55,0,0,0,6688.84,21730.22,2.81
M0090244,N,57,1,5651.58,0,1,0,1244.27,8247.25,1.99
M0090245,N,48,1,10449.11,1,0,0,2919.85,6643.49,1.14
M0090246,N,75,1,6077.37,1,1,0,4920.03,1801.89,0.94
M0090247,N,72,1,32222.72,2,1,0,10875.48,23406.61,2.78
M0090248,N,30,1,29489.76,2,1,0,17360.42,7738.46,0.37
M0090249,N,68,1,10054.22,0,0,0,4057.8,4748.16,0.0
M0090250,N,64,3,10835.45,0,2,0,3805.46,7264.58,1.22
M0090251,N,74,1,8939.68,0,0,1,2261.62,5469.07,0.29
M0090252,N,19,0,19107.67,1,2,1,11304.74,20004.17,1.25
M0090253,N,65,1,13545.89,0,1,1,1546.03,9824.02,1.14
M0090254,N,63,2,13157.8,0,0,2,7911.99,4646.92,0.91
M0090255,N,23,0,5728.96,0,2,0,5775.13,3295.44,1.3
M0090256,N,68,0,8446.23,0,1,0,463.39,7600.72,0.0
M0090257,N,21,0,10051.35,1,0,0,2889.04,9668.04,0.0
M0090258,N,61,0,14562.92,0,0,1,1475.04,23583.45,1.03
M0090259,N,26,2,5366.91,1,1,2,1610.15,2895.15,1.26
M0090260,N,71,1,6403.98,0,0,1,3379.22,5329.3,1.89
M0090261,N,67,0,21859.02,0,0,0,2806.03,19947.95,0.93
M0090262,N,53,3,6551.27,0,1,0,3708.19,5505.06,0.81
M0090263,N,79,3,19231.42,0,1,1,10391.08,19878.83,1.4
M0090264,N,46,2,8612.94,1,0,0,7608.49,6660.26,2.21
M0090265,N,67,1,6496.16,0,0,0,3673.32,2737.56,0.34
M0090266,Y,70,5,204569.29,5,2,4,88584.34,159055.83,4.61
M0090267,N,38,0,2870.01,0,0,0,1018.96,2389.79,2.84
M0090268,N,30,0,4871.66,0,0,0,2030.14,3497.27,0.53
M0090269,N,59,1,19193.19,0,2,1,3027.64,17099.96,1.76
M0090270,N,26,1,13875.99,0,1,0,5272.17,19476.92,2.76
M0090271,Y,70,5,106753.15,2,3,2,57337.47,68794.43,6.79
M0090272,N,63,2,11924.12,0,1,0,1491.79,13935.48,2.11
M0090273,N,55,2,18433.36,0,2,2,5766.77,10758.3,1.19
M0090274,N,63,0,8958.1,0,0,0,2662.05,11041.58,1.91
M0090275,N,29,0,4821.01,0,0,1,1655.69,5858.53,0.0
M0090276,N,31,1,11064.5,0,0,0,132.88,11417.12,1.16
M0090277,N,66,0,19985.91,1,0,0,1024.01,21875.61,0.69
M0090278,N,78,2,8422.08,0,1,0,3947.03,4651.9,0.17
M0090279,N,71,3,20310.62,1,1,3,5900.86,15308.16,1.76
M0090280,N,59,1,20385.46,0,1,0,6510.08,9690.56,1.19
M0090281,N,70,1,7413.17,0,1,0,8611.6,3071.72,0.56
M0090282,N,66,2,36844.93,0,1,1,8020.58,21800.66,1.5
M0090283,N,35,1,7423.99,0,0,0,566.13,5472.5,1.11
M0090284,N,45,1,12532.72,0,3,1,7271.43,7720.76,1.03
M0090285,N,42,0,8609.62,1,0,0,2846.47,6156.19,2.6
M0090286,Y,39,7,197022.19,5,2,2,65463.84,118851.28,4.1
M0090287,N,20,0,34777.23,0,2,0,5698.28,24043.95,1.85
M0090288,N,48,2,25417.08,3,1,1,1362.9,33935.36,1.57
M0090289,N,60,0,4677.09,0,1,1,2170.95,5562.25,0.53
M0090290,N,78,1,7388.6,0,0,1,2620.46,6310.99,0.33
M0090291,N,61,2,5811.16,1,0,1,1372.38,4043.63,2.49
M0090292,N,76,0,6780.44,0,0,0,8123.73,3029.94,1.43
M0090293,N,25,0,11741.29,0,1,0,1930.42,16161.13,0.44
M0090294,N,23,0,21544.42,1,1,0,1876.06,18946.11,0.94
M0090295,N,57,2,7404.15,0,0,0,2545.65,7030.98,1.62
M0090296,Y,41,6,221365.39,5,5,2,77755.83,127810.95,5.21
M0090297,N,27,1,14700.91,1,1,0,812.8,16241.95,2.76
M0090298,N,27,0,2422.07,0,0,0,1960.05,1821.23,0.26
M0090299,N,20,1,28328.76,0,0,0,37071.98,6310.78,1.76
M0090300,N,79,2,11608.29,0,0,1,7599.43,8615.63,2.35
M0090301,N,21,0,2420.36,1,0,0,1438.08,1720.88,0.0
M0090302,N,71,0,18346.86,0,2,0,3001.27,11442.93,1.96
M0090303,N,62,1,15753.37,0,0,0,6328.11,8948.85,1.83
M0090304,N,72,2,4324.21,0,1,0,1914.31,1907.61,1.98
M0090305,Y,58,7,161572.31,1,4,4,86945.46,98964.36,6.09
M0090306,N,56,0,3300.2,0,1,0,1143.63,2692.78,0.75
M0090307,N,63,0,6719.16,0,0,0,1062.17,4192.94,1.28
M0090308,N,61,1,3280.56,0,1,0,299.49,4811.15,0.0
M0090309,N,32,1,6371.92,0,1,0,1367.05,7856.92,1.51
M0090310,N,34,1,7598.88,0,1,1,3234.95,3364.18,1.35
M0090311,N,58,2,28234.74,0,3,0,3832.89,21749.54,0.0
M0090312,N,71,0,2151.23,0,0,0,721.98,1050.52,0.43
M0090313,N,20,0,21160.2,0,1,0,2183.03,21701.07,1.72
M0090314,N,19,2,24675.52,0,2,1,1956.63,20648.76,1.45
M0090315,N,25,1,19981.73,1,0,0,2931.71,17672.55,0.0
M0090316,N,30,0,11603.14,0,0,0,1707.99,7501.74,0.54
M0090317,N,22,2,11099.68,0,1,1,3094.12,9988.51,1.03
M0090318,N,19,0,9350.28,0,0,0,1199.32,7345.31,0.0
M0090319,N,51,0,17771.83,0,1,0,4212.73,16957.8,1.02
M0090320,N,28,4,10091.72,1,0,0,6112.34,7610.14,0.12
M0090321,N,28,0,21881.64,1,0,0,1818.75,17493.09,0.99
M0090322,N,69,2,2771.42,0,2,0,1448.53,3344.12,1.77
M0090323,N,43,0,9524.61,0,0,0,8294.3,4238.76,0.99
M0090324,N,38,1,30306.97,1,1,0,1926.57,25171.0,1.41
M0090325,N,45,0,10110.17,0,0,0,1241.96,11579.52,0.84
M0090326,N,40,1,8911.92,1,2,1,3187.13,10459.39,0.71
M0090327,N,40,1,20649.6,0,1,0,1783.44,15305.27,1.02
M0090328,N,53,1,13934.99,0,2,1,6645.06,10235.31,1.65
M0090329,N,45,0,16819.27,0,2,0,3927.48,14620.06,0.03
M0090330,N,76,1,18249.67,0,0,0,9238.91,8140.26,1.72
M0090331,N,21,1,29925.93,0,0,0,2684.99,21581.94,1.99
M0090332,N,49,0,4732.84,1,0,0,870.55,5152.85,1.06
M0090333,N,26,1,3868.47,0,0,1,1641.61,3724.46,0.0
M0090334,N,67,0,10428.51,0,0,0,2690.23,11710.67,0.67
M0090335,N,41,0,4814.07,0,1,0,920.57,5083.31,1.19
M0090336,N,66,0,7360.26,0,0,0,1000.0,6895.59,0.11
M0090337,N,75,1,39242.85,0,2,0,4671.25,27158.42,2.72
M0090338,N,23,0,6992.35,0,0,0,1776.08,7730.16,0.0
M0090339,N,29,0,10126.32,0,0,0,1312.01,7230.23,0.6
M0090340,N,67,0,24970.24,0,1,0,15060.02,7043.93,0.93
M0090341,N,24,0,24882.67,0,0,0,9755.71,21953.95,0.0
M0090342,N,33,2,21455.67,1,2,1,9761.98,12271.91,2.46
M0090343,Y,66,7,179800.56,3,5,4,94285.42,148436.75,5.28
M0090344,N,37,0,2457.22,0,0,0,523.48,3568.17,0.99
M0090345,N,67,2,20491.94,0,0,0,10812.46,7067.47,1.2
M0090346,N,43,3,14461.8,0,0,0,4926.12,9492.65,1.85
M0090347,N,75,0,16591.87,0,0,1,3645.69,11360.83,0.72
M0090348,N,23,1,5215.24,0,2,0,1746.99,4779.45,0.67
M0090349,N,77,2,11008.7,0,0,0,4995.94,6311.4,1.96
M0090350,N,74,0,9624.5,0,0,0,2166.27,11243.2,1.58
M0090351,N,64,0,14321.76,0,0,0,2419.29,10462.21,1.2
M0090352,N,55,0,20344.61,0,0,1,14227.59,7617.45,1.19
M0090353,N,45,1,8601.6,0,0,1,1196.55,12368.71,1.71
M0090354,N,53,1,11178.83,0,3,0,2250.82,11928.09,1.2
M0090355,N,74,3,23476.3,0,0,1,3244.73,16807.43,0.21
M0090356,N,49,1,7861.26,0,0,0,4071.44,6321.78,0.69
M0090357,N,61,1,5543.34,0,1,0,915.67,5544.2,0.88
M0090358,N,48,1,5459.4,0,2,0,959.67,5232.99,1.04
M0090359,N,52,0,14914.94,0,0,1,694.1,13954.42,1.34
M0090360,N,25,0,16961.16,0,0,1,4128.83,20219.8,0.52
M0090361,N,40,0,3184.14,1,0,0,1109.33,4054.52,1.06
M0090362,N,70,0,12685.65,0,0,0,3158.02,8178.9,0.0
M0090363,N,48,0,8691.05,0,0,0,240.95,7116.57,0.06
M0090364,N,48,2,6504.22,0,0,0,2229.38,3300.11,0.55
M0090365,N,27,0,7320.11,0,1,0,3310.88,3370.47,1.14
M0090366,N,43,3,10831.19,0,1,0,2464.12,9065.81,0.81
M0090367,N,70,0,9887.43,0,1,1,3478.89,5044.01,0.96
M0090368,N,70,2,6818.12,0,0,0,1866.93,5502.23,0.51
M0090369,N,31,1,16087.58,0,1,1,8297.51,8859.84,1.29
M0090370,N,27,0,13303.82,0,0,0,1856.1,17326.44,2.22
M0090371,N,46,2,7148.38,0,2,0,3811.48,5603.13,1.29
M0090372,N,24,2,30914.42,0,2,0,8191.15,21627.79,0.0
M0090373,N,56,1,5618.48,0,0,0,3407.02,1423.27,2.59
M0090374,N,77,0,17117.02,0,2,0,12012.94,14274.53,0.56
M0090375,N,60,1,3524.37,0,0,0,527.81,3483.58,0.41
M0090376,N,67,0,5991.84,0,0,0,649.44,4051.95,1.49
M0090377,N,19,1,25375.26,0,0,1,5387.78,16516.99,0.0
M0090378,N,34,2,8981.78,0,0,0,873.79,11610.47,0.25
M0090379,N,58,0,12327.91,0,3,0,1974.07,9223.65,0.46
M0090380,N,57,0,21102.37,0,1,0,4815.64,16910.66,0.98
M0090381,N,52,1,10556.48,0,1,1,3105.46,7932.05,1.82
M0090382,N,75,0,5391.23,0,0,0,986.94,6648.23,0.41
M0090383,N,69,0,5970.99,0,1,0,4419.95,4404.63,1.27
M0090384,N,72,0,5801.09,0,0,0,2908.66,4227.3,1.37
M0090385,N,50,1,9965.64,0,0,1,2451.75,10744.86,0.6
M0090386,N,62,0,6658.12,0,2,0,4162.58,6182.13,1.9
M0090387,N,71,0,12654.43,0,0,1,4611.9,6899.03,1.13
M0090388,Y,37,4,333073.54,4,5,3,119452.31,215975.63,4.07
M0090389,N,57,0,2509.62,0,0,0,499.77,3258.14,0.55
M0090390,N,52,1,3515.13,0,0,0,560.56,3262.36,0.0
M0090391,N,73,0,16091.36,0,0,0,4516.7,9083.15,2.12
M0090392,N,45,1,4155.04,0,0,0,3492.28,3959.77,1.42
M0090393,N,40,1,17700.75,0,0,0,2593.48,17802.32,0.64
M0090394,N,35,1,11346.31,0,0,0,1055.0,12655.91,2.26
M0090395,N,74,0,3095.58,0,1,0,910.97,4659.93,0.57
M0090396,N,55,2,13228.22,0,1,3,2208.56,9551.73,1.71
M0090397,N,72,0,5675.27,0,0,0,1882.31,5141.49,2.05
M0090398,N,35,1,5701.67,0,0,0,898.49,5598.26,0.95
M0090399,N,51,0,21351.39,0,1,0,4795.88,12383.82,0.93
M0090400,N,57,1,9316.7,1,1,1,2473.18,7891.67,0.86
M0090401,N,35,3,37545.54,0,2,0,3851.87,29380.12,2.37
M0090402,N,45,2,22131.81,0,0,0,16183.25,11281.62,1.29
M0090403,N,63,0,9788.88,0,2,0,5135.86,9261.2,1.16
M0090404,N,30,0,6178.96,0,0,0,2551.74,4961.4,2.15
M0090405,N,35,3,40481.22,0,1,0,26797.58,7515.85,2.48
M0090406,N,64,0,11700.2,1,0,0,4907.4,15220.47,0.0
M0090407,N,18,0,3776.91,0,0,1,3162.72,3581.19,1.27
M0090408,N,52,0,5138.73,0,0,0,1809.62,2326.8,1.61
M0090409,N,57,0,2901.21,0,2,0,1010.86,3542.77,1.54
M0090410,N,33,1,17817.28,0,1,0,3595.41,12723.38,1.52
M0090411,N,77,1,3513.4,0,0,1,3737.67,2458.28,1.05
M0090412,N,36,2,5783.2,0,0,0,2385.62,3283.52,0.86
M0090413,N,56,3,12338.57,1,2,1,5056.5,15848.11,2.27
M0090414,N,77,1,6798.96,0,0,0,2627.54,4715.42,0.0
M0090415,N,30,2,9503.48,0,2,1,6375.09,7004.87,2.34
M0090416,N,25,2,24074.84,2,0,2,9548.48,12530.68,1.75
M0090417,N,38,2,20033.61,0,2,1,6365.1,10878.78,0.74
M0090418,N,51,2,35536.45,0,3,0,24270.27,9730.3,1.87
M0090419,N,25,2,4982.65,0,0,0,235.86,6360.8,0.16
M0090420,N,69,1,2590.0,0,1,0,1062.71,1264.82,0.58
M0090421,N,40,1,9787.52,0,0,0,2430.41,8374.9,1.12
M0090422,N,22,1,6319.21,0,0,0,4941.51,5728.95,1.22
M0090423,N,29,1,10836.49,0,1,0,468.56,8042.24,1.03
M0090424,N,42,1,17132.47,1,2,0,5498.48,17959.3,1.69
M0090425,N,65,1,7897.14,0,0,0,2345.66,4639.53,0.59
M0090426,N,25,2,13339.02,0,1,0,3837.61,7389.45,0.44
M0090427,N,55,0,6818.23,0,0,0,2756.6,8315.51,0.81
M0090428,N,55,0,12712.73,0,1,0,5012.6,6675.37,0.5
M0090429,N,33,0,10494.81,1,1,1,5449.06,7682.81,0.53
M0090430,N,52,1,11278.68,0,1,0,9653.76,8309.95,1.89
M0090431,N,43,2,5751.81,0,0,1,2305.07,5083.72,1.82
M0090432,N,64,1,13163.77,0,0,1,1992.9,9850.35,1.11
M0090433,N,45,0,15145.3,1,2,0,2777.35,22272.74,2.36
M0090434,N,26,2,19450.94,0,2,0,10172.83,8905.76,2.12
M0090435,N,45,3,6807.63,0,1,0,2873.47,4783.35,0.94
M0090436,N,78,1,31269.08,0,1,0,9469.34,15606.77,1.78
M0090437,N,21,0,5406.81,1,1,0,961.54,4427.16,0.25
M0090438,N,77,1,12091.61,0,1,1,1735.69,9608.54,1.13
M0090439,N,50,0,2150.12,0,1,0,1484.2,2282.33,1.13
M0090440,N,40,1,5613.28,1,0,0,2221.6,3424.69,0.75
M0090441,N,29,2,47095.62,0,0,1,20652.07,17428.14,2.76
M0090442,N,70,0,8169.06,1,0,0,2442.97,10218.2,2.43
M0090443,N,37,1,13137.78,0,1,1,1374.25,10343.69,2.1
M0090444,N,68,0,13412.75,0,3,0,8016.14,4165.27,1.86
M0090445,N,76,2,9769.09,1,0,0,4776.55,4885.58,0.8
M0090446,N,23,0,9607.34,1,0,2,4006.5,13077.0,0.45
M0090447,N,74,0,7189.82,0,0,0,707.34,7999.76,1.1
M0090448,N,71,1,12794.01,0,1,1,4975.22,7127.07,1.71
M0090449,N,37,1,3815.82,0,0,0,1128.73,2509.14,0.0
M0090450,N,55,1,25007.53,1,0,1,3197.55,31926.24,1.14
M0090451,N,71,1,7075.14,0,0,0,1104.29,6472.77,1.11
M0090452,N,44,2,20837.62,0,2,0,7098.03,17384.21,2.01
M0090453,N,18,0,7632.91,0,0,0,1345.21,8186.32,1.65
M0090454,N,53,2,22754.05,0,3,0,3827.0,19272.62,3.42
M0090455,N,46,2,21162.64,0,1,0,1877.12,18179.45,1.01
M0090456,N,72,2,18696.5,1,2,1,12723.79,5955.63,2.71
M0090457,N,57,0,15053.63,1,2,0,4689.47,10140.8,1.08
M0090458,N,33,0,6778.22,0,0,0,980.57,9355.08,0.35
M0090459,N,65,1,11374.3,0,1,0,2606.55,12686.93,1.6
M0090460,N,34,0,2286.57,1,0,0,420.18,2575.28,0.0
M0090461,N,18,1,7215.29,0,0,2,1255.16,7271.9,2.54
M0090462,N,40,2,8009.16,0,1,1,1002.6,11559.48,1.52
M0090463,N,46,0,4420.36,0,0,0,831.56,4835.74,0.0
M0090464,N,62,2,27099.77,0,0,1,603.06,30351.1,1.48
M0090465,N,80,0,10379.75,0,2,0,2283.98,12463.04,0.0
M0090466,N,34,1,12188.48,0,0,0,2185.53,9771.39,0.52
M0090467,N,35,1,5351.87,0,0,0,2050.67,5543.97,0.21
M0090468,N,67,1,37408.04,0,1,0,6090.86,24079.57,1.25
M0090469,N,64,1,5697.48,0,1,2,2817.17,6581.49,0.0
M0090470,N,52,0,12032.63,0,1,1,4921.06,8247.28,2.03
M0090471,N,57,3,16926.49,0,0,0,11224.25,7142.95,2.14
M0090472,N,54,2,31054.72,0,1,0,17849.98,12019.6,1.0
M0090473,N,55,0,14440.26,0,0,1,1030.42,11423.76,0.67
M0090474,N,69,0,20777.11,0,0,0,6229.67,10837.25,2.23
M0090475,N,30,2,14624.51,0,0,2,6263.92,13749.57,3.65
M0090476,N,21,1,29885.09,0,0,0,4836.46,21238.1,1.03
M0090477,N,55,4,14001.95,0,0,1,3428.71,8526.01,1.68
M0090478,N,49,3,11297.29,0,0,0,3647.04,7713.98,1.23
M0090479,N,18,0,11395.02,1,1,1,7557.76,7608.71,0.75
M0090480,N,55,0,4586.41,0,1,0,2430.36,3160.64,0.68
M0090481,N,60,2,6286.95,1,1,0,803.95,9056.07,0.0
M0090482,N,53,0,3249.87,0,0,0,1344.16,2540.26,1.93
M0090483,N,78,1,9511.52,0,0,0,860.56,11564.0,0.32
M0090484,Y,36,8,268114.25,4,4,3,185530.33,116898.81,4.73
M0090485,N,65,2,23729.25,0,0,0,10660.62,8512.19,2.58
M0090486,N,33,0,2420.09,0,1,0,1217.0,1283.69,0.58
M0090487,N,78,0,7934.94,0,2,0,7871.81,2485.72,1.24
M0090488,N,54,0,11304.38,0,1,0,2988.5,5888.72,0.84
M0090489,N,66,0,23983.91,0,2,1,4716.76,16151.59,1.43
M0090490,N,43,0,5790.08,0,0,0,2120.27,3574.39,0.61
M0090491,N,29,0,3944.55,0,0,0,568.58,6188.16,0.15
M0090492,N,68,1,10538.29,0,1,1,4834.86,8815.82,2.91
M0090493,N,32,2,13538.28,0,0,0,2778.6,8946.59,0.89
M0090494,Y,79,3,170654.32,2,4,5,79725.3,99976.2,3.91
M0090495,Y,49,5,377306.25,5,6,7,221432.64,282360.67,6.27
M0090496,N,20,2,9681.39,0,0,0,2273.65,5324.02,1.5
M0090497,N,34,2,15558.83,0,0,0,2892.37,9512.35,2.07
M0090498,N,42,0,10468.48,0,1,0,4998.72,5535.58,0.01
M0090499,N,27,0,7567.08,0,1,0,1362.21,4976.56,0.62
M0090500,N,18,0,3502.29,0,0,0,603.86,5201.11,0.68
M0090501,N,80,0,5213.99,1,1,0,1542.7,4068.68,0.0
M0090502,N,66,0,2091.0,0,0,0,1624.41,1608.47,1.6
M0090503,N,50,2,11800.03,0,2,0,2514.3,10393.43,1.14
M0090504,N,31,2,11896.82,1,0,0,5127.9,9121.34,1.92
M0090505,N,62,1,8387.49,0,0,0,7790.38,4131.17,0.96
M0090506,N,48,1,12211.15,0,0,0,6982.81,14534.13,0.76
M0090507,N,53,1,6260.08,0,0,0,1026.66,3945.58,0.0
M0090508,N,67,0,26324.21,1,2,0,3579.67,20813.63,0.65
M0090509,N,69,0,11887.46,0,1,0,4589.52,5938.65,1.38
M0090510,N,45,2,38247.17,0,2,1,1046.58,29011.75,1.32
M0090511,N,24,0,4802.58,0,1,0,1882.72,3287.47,0.49
M0090512,N,60,1,32327.06,0,0,0,2469.15,33799.43,1.89
M0090513,N,63,3,12019.53,0,0,0,5834.06,7948.18,1.97
M0090514,N,78,1,30458.37,0,1,0,13843.47,10997.51,0.98
M0090515,N,73,0,26947.11,0,0,0,3062.09,19033.88,2.92
M0090516,N,43,0,3671.21,1,0,1,998.98,4090.58,1.02
M0090517,N,77,0,6671.58,0,1,1,592.82,6499.4,1.7
M0090518,N,33,1,4676.08,0,0,0,1626.21,3044.9,1.75
M0090519,N,32,1,11705.31,1,0,0,2885.11,13665.5,1.46
M0090520,N,34,1,20961.53,0,1,0,2636.19,33589.72,0.69
M0090521,N,76,2,7662.98,0,2,0,2951.51,8492.97,3.04
M0090522,N,25,2,9682.9,1,2,1,3943.45,11429.95,1.61
M0090523,N,52,0,8854.47,0,0,0,6553.99,6149.78,0.58
M0090524,N,36,2,10913.7,0,0,0,3532.16,12368.13,0.94
M0090525,N,75,2,5285.42,0,0,0,1410.94,5377.95,0.2
M0090526,N,29,2,10335.84,0,3,0,2039.58,13052.39,0.55
M0090527,N,31,1,10361.65,0,2,0,2226.47,7279.77,1.28
M0090528,N,65,0,13584.52,0,1,0,437.91,10817.17,1.41
M0090529,N,68,2,8165.94,1,1,0,1493.85,9873.28,0.0
M0090530,N,56,0,23840.23,0,0,0,2971.12,20135.04,2.48
M0090531,N,18,1,5716.39,0,0,0,2411.86,4437.44,0.0
M0090532,N,71,0,6071.8,0,2,0,1442.27,6649.64,0.63
M0090533,N,41,2,18726.23,1,1,1,6013.11,17828.67,2.88
M0090534,N,41,3,20510.03,1,0,0,14254.25,11863.75,2.66
M0090535,N,79,0,6661.77,0,0,0,1354.59,4220.69,1.94
M0090536,N,62,2,12796.13,0,0,0,3040.34,8332.64,0.49
M0090537,N,79,2,9656.27,0,0,0,1378.22,6973.47,0.73
M0090538,N,52,1,15181.4,0,2,0,7834.67,5021.67,2.03
M0090539,N,43,0,14567.19,1,1,0,5583.17,6775.52,2.3
M0090540,N,21,1,19447.05,0,1,0,6038.91,12438.89,1.75
M0090541,Y,72,5,117973.23,1,4,3,37508.9,126727.92,4.27
M0090542,N,41,1,3437.94,0,0,0,3557.49,1928.09,1.44
M0090543,N,43,2,16027.36,0,1,0,8639.99,9357.05,1.47
M0090544,N,64,0,8400.25,0,0,0,2116.88,4989.1,1.44
M0090545,N,35,1,9493.68,1,1,0,2057.37,9122.51,1.03
M0090546,N,66,2,6651.22,0,0,0,1904.7,4966.58,0.0
M0090547,N,22,0,12546.02,0,1,1,1430.17,8425.32,0.38
M0090548,N,57,0,16934.82,0,1,0,3726.54,16487.48,2.96
M0090549,N,65,1,6715.45,0,1,1,3541.01,3294.5,0.62
M0090550,N,30,1,9964.84,0,0,0,1834.97,6285.51,1.29
M0090551,N,79,1,7819.89,0,1,0,2849.68,3660.53,1.84
M0090552,N,34,0,6120.33,0,0,0,1252.04,7512.68,0.0
M0090553,N,71,0,13162.01,0,0,1,12209.77,8116.56,1.76
M0090554,N,27,1,18487.18,1,0,0,2339.41,14869.66,1.53
M0090555,N,57,0,15293.84,0,1,0,10257.69,5677.19,1.31
M0090556,N,36,1,10223.55,0,1,0,2870.59,7754.32,0.5
M0090557,N,64,0,6468.15,0,0,0,953.2,6083.75,0.0
M0090558,N,65,2,16686.84,0,1,0,8848.16,4949.91,0.16
M0090559,N,76,0,5371.89,0,0,0,1356.95,2868.12,1.72
M0090560,N,54,1,10192.33,0,2,0,4513.2,5429.68,1.14
M0090561,N,51,1,7414.7,0,1,0,2297.42,5582.9,1.35
M0090562,N,46,0,15000.3,0,1,1,8213.2,11163.64,1.62
M0090563,N,55,1,36069.66,1,3,0,3417.48,28902.12,0.1
M0090564,N,60,2,2847.38,0,0,0,1291.23,3774.64,1.53
M0090565,N,76,0,2896.38,0,0,0,589.21,3433.46,0.96
M0090566,N,44,1,5397.17,0,0,0,1971.13,6532.02,0.93
M0090567,N,63,1,16828.22,0,1,0,2216.96,10940.98,1.08
M0090568,N,29,0,6060.86,0,0,0,1706.47,3286.28,0.92
M0090569,N,39,0,6504.63,0,1,0,3267.79,3412.97,0.0
M0090570,N,43,2,43300.38,0,1,0,12109.31,25637.1,0.61
M0090571,N,32,1,24373.79,0,2,0,13509.69,9217.82,2.58
M0090572,N,61,1,8626.11,1,1,0,3226.09,10982.05,2.73
M0090573,N,27,1,14057.04,0,0,0,1457.78,9572.53,0.0
M0090574,N,61,0,5982.55,0,0,0,937.18,4558.0,0.72
M0090575,N,36,1,3787.15,0,1,0,1771.65,4644.87,0.0
M0090576,N,26,0,13579.32,0,0,0,10268.8,7932.87,2.35
M0090577,N,45,2,13883.35,0,0,0,7094.19,6035.91,1.66
M0090578,Y,58,2,292097.11,1,5,6,82023.28,198435.31,3.72
M0090579,N,67,1,28333.23,0,1,0,2206.61,23986.66,1.13
M0090580,N,63,1,19286.01,0,0,2,4562.65,18419.16,1.14
M0090581,N,36,1,11239.76,0,0,0,8425.94,7639.2,2.64
M0090582,N,57,2,18535.49,1,0,0,10216.72,14854.17,0.0
M0090583,N,61,2,11211.31,0,0,0,1906.41,17912.54,1.85
M0090584,N,38,2,9317.88,0,0,0,3654.03,7660.65,2.21
M0090585,N,57,1,6943.68,0,1,0,1357.84,10899.1,1.9
M0090586,N,33,2,24730.71,0,2,0,15610.4,3986.44,0.0
M0090587,N,51,3,51760.5,0,1,1,2266.56,47460.0,2.41
M0090588,N,49,0,11195.45,0,0,0,6045.7,4629.22,1.08
M0090589,N,65,0,15897.24,0,1,0,9097.2,8705.48,1.28
M0090590,N,49,1,15600.04,0,1,1,7517.49,15230.81,1.9
M0090591,N,69,0,6389.58,1,1,0,5256.39,5951.36,0.91
M0090592,N,71,0,6357.21,0,0,0,2240.65,5193.31,0.69
M0090593,N,79,3,26830.65,1,1,0,11401.87,14716.64,0.78
M0090594,N,41,1,6240.18,0,0,0,1129.32,7763.17,0.0
M0090595,N,78,1,9744.13,0,0,1,1451.21,9252.41,1.01
M0090596,N,21,2,13425.13,1,0,1,4250.14,14356.7,1.51
M0090597,N,47,1,10098.4,0,0,2,1136.47,16036.83,1.3
M0090598,N,69,0,9845.2,0,1,0,9913.25,5237.36,0.47
M0090599,N,20,0,8492.31,0,0,0,3139.71,3937.34,0.0
M0090600,N,18,1,5442.38,0,0,0,1520.98,7799.51,1.48
M0090601,N,71,1,7561.29,0,0,0,1870.82,4617.09,0.36
M0090602,N,20,1,9109.49,0,1,0,1807.38,6557.34,0.43
M0090603,N,29,0,18063.98,0,0,2,7399.18,9153.73,0.97
M0090604,N,42,0,13417.0,0,0,0,10706.23,9301.92,2.02
M0090605,N,56,1,11651.48,0,0,0,2628.16,9146.42,0.66
M0090606,N,37,0,15999.77,1,1,0,1737.95,13320.93,0.0
M0090607,N,20,0,16777.93,0,1,1,4348.08,9082.28,2.7
M0090608,N,46,0,18315.43,1,0,1,3603.33,13668.06,0.51
M0090609,N,23,1,6992.53,1,1,1,1617.36,5521.0,1.91
M0090610,N,79,0,2940.64,0,0,0,1021.42,4007.91,0.35
M0090611,N,29,1,11013.44,1,1,0,1440.64,7911.8,0.54
M0090612,N,66,0,10880.82,0,1,0,3415.11,9658.32,2.39
M0090613,N,63,0,8100.65,0,0,0,1769.49,5717.85,0.97
M0090614,N,31,0,8331.27,0,0,0,3588.23,7903.42,1.22
M0090615,N,54,1,19909.93,1,0,0,2655.09,18494.15,3.04
M0090616,N,33,0,9401.19,0,0,0,6507.3,6039.36,1.04
M0090617,N,70,0,6914.75,0,0,0,2027.69,3400.83,0.71
M0090618,N,52,2,11350.28,0,0,0,1142.28,7879.03,1.09
M0090619,N,38,1,12751.93,0,1,0,4656.14,16382.09,0.64
M0090620,N,41,1,28436.5,0,2,1,8321.22,26053.97,0.87
M0090621,N,58,0,7295.17,0,0,0,3742.7,3520.39,1.58
M0090622,N,66,1,16746.31,1,2,0,3595.9,18438.14,2.55
M0090623,N,22,1,28300.96,0,1,0,2187.14,21602.0,0.01
M0090624,Y,82,5,382875.23,4,4,3,101979.82,250050.67,6.94
M0090625,N,64,1,23747.44,0,0,0,5580.9,24463.55,1.91
M0090626,N,76,2,16646.06,0,0,1,11731.03,15653.43,2.54
M0090627,N,56,2,19122.82,0,1,0,4817.72,12542.69,1.74
M0090628,N,20,1,20127.95,1,1,1,318.72,19824.73,1.02
M0090629,N,20,1,13793.5,1,2,2,4783.23,12277.6,0.15
M0090630,N,45,0,5406.28,0,1,0,1504.4,5136.23,0.0
M0090631,N,19,1,3760.87,0,1,0,345.73,3509.86,0.2
M0090632,N,44,1,6555.46,0,1,2,3213.45,3283.59,0.79
M0090633,N,65,1,2762.64,0,0,0,703.93,4135.12,0.8
M0090634,N,62,1,30812.05,0,1,0,9987.72,21288.13,2.42
M0090635,N,70,1,8594.8,1,1,0,1840.53,11818.58,1.77
M0090636,N,31,0,4325.61,0,0,0,1014.13,5116.67,0.35
M0090637,N,18,0,7130.61,0,0,0,2893.9,9179.72,1.28
M0090638,Y,49,8,378742.13,4,3,6,85035.11,237617.03,6.84
M0090639,N,50,0,7120.66,0,0,0,898.89,5965.59,0.0
M0090640,N,53,0,10861.59,0,0,0,7190.05,2258.31,0.45
M0090641,N,70,0,12860.61,0,2,0,5548.13,11405.32,0.43
M0090642,N,19,3,17351.17,0,2,0,12365.73,2815.44,0.9
M0090643,N,46,2,5699.59,0,1,0,786.71,3983.62,0.77
M0090644,N,62,2,5375.61,0,0,0,2214.24,2930.97,0.78
M0090645,N,19,3,9317.79,0,2,1,1450.3,6813.5,2.22
M0090646,N,35,1,24211.78,1,0,0,12174.04,15749.64,2.01
M0090647,N,78,1,18629.62,1,1,1,3840.15,13827.31,2.36
M0090648,N,42,1,14906.85,1,0,0,2161.81,21021.28,2.42
M0090649,N,50,2,14707.51,0,1,0,3938.98,11195.01,1.71
M0090650,N,72,0,5142.89,0,1,0,4190.07,4524.13,1.34
M0090651,N,74,1,11653.39,0,2,1,1528.75,7842.13,1.17
M0090652,N,51,0,4112.4,0,0,0,2844.6,2782.72,0.21
M0090653,N,64,1,9754.37,0,1,0,1160.27,11086.62,1.52
M0090654,Y,60,4,122670.23,2,4,3,44919.38,103798.6,2.91
M0090655,N,63,0,11958.36,1,0,1,1630.41,12990.62,0.67
M0090656,N,28,2,9618.61,0,2,0,4152.48,8859.29,0.47
M0090657,N,40,1,7814.89,0,0,0,1745.0,5211.14,0.54
M0090658,N,71,2,6885.31,0,0,0,1178.84,4511.14,0.82
M0090659,N,19,2,13127.71,0,1,1,6833.05,12100.74,2.4
M0090660,N,47,2,10706.21,0,0,0,7415.49,3722.07,3.63
M0090661,Y,79,7,301486.57,3,6,5,132594.5,124920.52,7.97
M0090662,N,59,4,19005.91,0,0,0,2482.81,21806.15,1.36
M0090663,N,37,1,28576.02,0,1,1,12472.7,20280.39,2.49
M0090664,N,75,2,6089.63,0,0,1,1602.25,3653.25,0.5
M0090665,N,39,0,58064.81,0,0,1,2610.0,44935.78,0.98
M0090666,Y,59,2,199229.14,2,5,4,105045.76,92026.7,2.88
M0090667,N,63,1,16645.59,1,0,1,7179.53,7522.97,1.62
M0090668,N,31,0,20957.1,0,0,0,1063.41,16250.57,0.6
M0090669,N,34,0,8477.86,0,0,0,1736.49,9966.98,0.62
M0090670,Y,78,8,205186.3,5,3,3,141586.33,146092.1,5.5
M0090671,N,57,2,7573.2,0,0,0,4845.66,1833.15,0.22
M0090672,N,59,0,7396.5,0,0,0,973.97,9548.17,0.22
M0090673,N,60,0,25812.76,0,0,0,4584.06,15691.21,0.32
M0090674,N,65,3,10851.75,0,1,1,3423.61,7394.41,2.46
M0090675,N,30,0,5459.23,0,1,0,779.49,5937.96,0.24
M0090676,N,56,2,17249.97,1,0,0,8372.19,8680.21,1.02
M0090677,N,46,0,2441.81,0,0,0,775.16,1368.36,0.97
M0090678,N,27,1,16695.9,0,0,0,4106.99,11763.36,0.83
M0090679,N,30,0,3894.59,0,0,0,1542.98,2034.01,0.35
M0090680,N,53,1,26468.08,0,2,1,17501.93,17281.96,1.64
M0090681,N,71,1,7184.31,0,0,0,1090.08,6641.11,0.5
M0090682,N,72,1,9700.35,0,2,0,2447.98,6204.44,1.66
M0090683,N,36,0,3443.25,0,0,0,2123.36,3083.39,0.77
M0090684,N,32,1,16372.66,0,0,0,14319.56,5919.93,1.64
M0090685,N,74,0,4001.77,1,0,0,1670.07,2210.86,1.15
M0090686,N,40,2,9422.79,0,0,1,2772.77,5289.51,1.6
M0090687,N,40,0,8768.41,0,2,0,4267.29,8099.82,1.85
M0090688,N,24,1,9780.71,0,1,0,2754.93,5479.49,1.54
M0090689,N,69,0,10143.94,0,0,0,4074.64,5323.99,0.1
M0090690,N,33,1,13209.76,1,0,1,7981.18,6958.91,2.78
M0090691,Y,49,5,361170.39,4,3,4,104589.45,234310.78,4.21
M0090692,N,47,2,8863.68,0,2,0,4296.18,6282.6,1.97
M0090693,N,75,1,8119.6,0,1,0,3398.26,5137.24,0.72
M0090694,N,18,1,2064.4,0,1,0,1056.33,1136.36,0.83
M0090695,N,48,0,28433.91,0,1,0,7672.03,16804.71,0.9
M0090696,N,48,2,41235.7,0,0,2,6823.16,27946.75,1.32
M0090697,N,73,0,13086.28,0,0,0,2652.16,9928.49,1.68
M0090698,N,22,1,11292.09,0,0,1,1347.57,8119.62,0.52
M0090699,N,38,1,9680.76,1,1,0,3178.84,6049.92,3.19
M0090700,N,46,1,4493.68,1,0,0,1297.29,4084.34,1.91
M0090701,N,31,2,8258.22,0,1,1,2555.57,6945.35,1.7
M0090702,N,65,2,14646.57,1,1,0,937.67,10918.36,1.69
M0090703,N,27,2,10449.42,0,1,0,4002.21,9499.95,0.0
M0090704,N,26,0,31124.69,0,1,0,8033.56,19732.38,0.99
M0090705,N,73,1,10471.52,0,1,1,3872.35,11171.3,2.01
M0090706,N,73,1,11172.73,0,1,1,1728.36,14724.33,2.27
M0090707,N,23,0,13226.49,0,0,0,1158.17,12375.58,2.12
M0090708,N,27,0,4964.02,0,1,0,1577.93,4708.76,0.83
M0090709,N,60,1,10769.65,0,0,0,1384.94,7586.38,0.57
M0090710,N,76,1,8448.12,0,0,0,4211.13,11061.9,0.97
M0090711,N,52,1,12058.54,0,0,0,2408.22,7892.66,1.32
M0090712,N,53,2,45725.79,0,1,0,7049.56,36049.14,1.25
M0090713,N,26,0,9803.73,0,1,0,566.14,9501.89,0.5
M0090714,N,53,2,19362.13,0,1,1,2526.08,19609.69,1.93
M0090715,N,50,1,6681.74,0,0,1,1905.37,6487.69,0.69
M0090716,N,28,0,7663.91,0,1,1,1004.35,7794.49,0.27
M0090717,N,75,1,9425.05,0,0,0,2843.52,10278.78,1.79
M0090718,N,48,1,32117.69,0,0,0,1942.47,23851.25,1.34
M0090719,N,36,0,9153.17,0,1,0,6429.76,4662.97,1.24
M0090720,N,53,1,3596.54,0,1,0,1712.28,1104.41,0.0
M0090721,N,68,3,23485.05,0,2,0,4668.21,15014.62,1.69
M0090722,N,71,0,28590.86,1,2,1,6863.33,15542.2,0.29
M0090723,N,38,2,7236.88,1,0,0,481.12,6119.44,0.83
M0090724,N,36,2,6752.73,0,3,0,1204.22,8451.82,2.05
M0090725,N,22,1,12419.36,0,0,0,1242.18,13137.74,0.45
M0090726,N,46,1,6114.76,0,0,1,2106.67,5887.39,0.0
M0090727,N,53,1,12099.68,0,1,1,8660.65,9446.14,0.57
M0090728,N,49,1,52946.88,0,2,0,1156.53,51360.28,2.65
M0090729,Y,69,6,790866.59,5,3,3,56768.76,749889.54,6.17
M0090730,N,35,1,10552.86,0,0,0,1086.54,10496.31,1.36
M0090731,Y,67,4,198529.44,2,1,4,78382.19,144102.09,5.65
M0090732,N,74,2,9650.19,0,1,0,3721.11,4092.23,1.35
M0090733,N,31,2,21566.09,1,1,1,4856.62,15749.82,1.06
M0090734,N,66,1,46362.69,0,2,0,21523.05,17963.21,1.4
M0090735,N,78,1,9870.92,1,0,1,2575.63,8392.2,0.71
M0090736,N,41,2,12886.14,0,0,0,4435.42,6886.74,1.57
M0090737,N,73,1,8462.27,0,1,0,2053.72,7546.7,0.24
M0090738,N,75,0,3338.74,0,0,0,2051.28,2236.94,0.03
M0090739,Y,76,3,162842.96,1,1,4,63295.14,104497.96,5.62
M0090740,N,74,0,9170.02,1,1,0,2373.41,6509.15,0.81
M0090741,N,59,0,6651.13,0,0,0,1664.11,3666.78,0.28
M0090742,N,31,2,3710.51,0,1,0,914.49,3506.19,0.0
M0090743,N,53,0,11331.22,0,0,0,2899.35,6265.96,0.1
M0090744,N,52,2,12206.47,0,1,1,4203.13,9324.26,1.05
M0090745,N,41,0,4324.11,0,0,0,2444.09,5283.57,0.6
M0090746,N,71,1,14289.42,0,1,0,5265.09,11715.17,0.0
M0090747,N,40,1,7453.46,0,0,0,4742.2,8673.51,1.0
M0090748,N,18,0,47337.36,0,0,0,7228.73,38107.69,1.14
M0090749,N,67,2,9081.27,1,1,1,2465.75,10028.13,0.14
M0090750,N,43,0,4417.57,1,1,0,947.72,5404.6,0.0
M0090751,N,68,1,19208.11,1,0,0,9325.55,20315.77,2.32
M0090752,N,22,1,5963.5,0,0,0,3055.91,3613.5,0.17
M0090753,N,39,0,15536.69,0,3,1,3205.49,21244.26,0.6
M0090754,N,51,1,5814.95,0,2,1,2149.15,2505.59,0.9
M0090755,N,28,1,17481.06,0,1,0,3268.3,19582.33,0.65
M0090756,N,67,0,3683.01,0,1,0,847.21,2645.54,0.28
M0090757,N,20,2,12823.06,0,0,1,2338.51,10858.4,0.9
M0090758,N,76,2,8623.37,0,1,0,3573.87,10240.87,1.33
M0090759,N,72,2,20211.76,0,0,0,884.69,15883.74,1.4
M0090760,N,69,3,11242.96,1,1,0,1628.32,14367.72,1.0
M0090761,N,57,4,21635.35,1,3,2,13751.48,23936.85,2.81
M0090762,N,71,0,11669.21,1,1,2,4738.2,5818.46,1.76
M0090763,N,42,0,55972.19,0,0,0,8198.61,38064.96,0.52
M0090764,N,80,1,3404.9,0,0,1,556.63,4566.81,1.39
M0090765,Y,43,5,305086.57,2,4,4,60171.78,243463.85,2.87
M0090766,N,62,0,9367.04,0,0,0,4507.86,4332.45,2.31
M0090767,N,58,3,13454.48,1,1,2,5360.55,11160.6,1.43
M0090768,N,40,3,16754.6,0,0,1,6904.25,10149.49,2.08
M0090769,N,24,3,15211.62,0,0,0,2453.59,9785.96,0.97
M0090770,N,34,0,4850.02,0,0,0,2642.63,3252.74,0.37
M0090771,N,34,0,1988.66,0,0,0,1406.43,1267.23,0.48
M0090772,N,59,3,20525.15,0,0,0,7286.83,10755.98,2.53
M0090773,N,48,0,12878.44,0,2,1,4017.74,6785.83,1.9
M0090774,N,60,0,16632.45,0,0,1,1150.53,13284.63,1.1
M0090775,N,53,0,12348.94,1,1,0,1679.21,8346.14,0.38
M0090776,N,36,1,22732.72,1,2,0,4965.08,33345.78,2.78
M0090777,N,43,2,11465.27,0,1,0,977.77,10102.35,2.05
M0090778,N,38,0,9326.49,0,0,0,3690.52,9163.29,0.6
M0090779,N,25,1,4694.53,0,0,0,1874.04,2764.77,0.28
M0090780,N,53,4,5000.1,0,2,1,5207.29,2113.78,1.57
M0090781,N,19,3,5234.43,0,1,0,3367.59,5033.61,1.47
M0090782,N,28,0,10092.85,1,0,0,1690.22,10862.06,1.91
M0090783,N,44,1,11234.66,0,1,0,4655.7,7804.79,0.0
M0090784,N,27,2,39987.58,0,2,1,17090.33,15141.6,1.44
M0090785,N,19,0,3507.03,0,1,0,617.49,3529.99,1.75
M0090786,N,18,0,7870.34,0,1,0,673.0,6793.49,0.0
M0090787,Y,60,7,206717.07,4,2,4,80098.65,138624.75,6.37
M0090788,N,42,2,3017.51,0,1,0,2210.61,2372.18,0.34
M0090789,N,67,1,16992.71,1,2,0,2722.72,16025.62,1.87
M0090790,N,18,0,11841.47,0,1,0,8358.54,3503.58,0.0
M0090791,N,63,0,18489.59,0,0,0,15543.16,14317.59,1.46
M0090792,N,61,1,13262.61,1,1,0,1924.19,16845.99,2.24
M0090793,N,64,1,18587.61,0,0,2,3082.71,14959.63,4.1
M0090794,N,42,0,12192.8,0,1,0,1218.2,13215.07,1.7
M0090795,N,47,0,7753.51,0,1,0,3256.29,7597.0,0.62
M0090796,N,63,0,6185.14,0,1,0,2176.22,8991.94,0.23
M0090797,N,39,0,11389.8,1,1,0,3913.39,8574.81,1.24
M0090798,N,45,1,9422.03,0,0,0,2437.44,12908.15,1.68
M0090799,N,49,0,2365.48,0,0,0,1470.64,1239.86,0.74
M0090800,N,28,3,19050.53,1,1,0,9316.26,9086.12,2.51
M0090801,N,40,2,6924.8,0,0,0,2309.59,4275.19,1.21
M0090802,N,65,1,41636.79,0,2,0,10107.96,27658.21,1.02
M0090803,N,48,0,15397.31,0,0,0,3613.27,9326.04,0.12
M0090804,N,77,0,4584.92,0,2,0,2364.29,4650.83,2.16
M0090805,N,76,1,42587.29,2,1,1,3306.75,35073.53,2.49
M0090806,N,44,1,11661.84,0,1,1,2892.68,7761.82,0.75
M0090807,N,26,1,16185.29,0,0,0,1163.3,16098.46,0.67
M0090808,N,29,0,2401.37,0,1,1,1031.44,1839.21,0.79
M0090809,N,27,1,11443.35,1,1,0,1854.76,11649.05,2.28
M0090810,N,67,2,28390.75,0,0,0,3488.04,22566.96,0.85
M0090811,N,19,1,17131.65,1,1,0,4078.73,24740.37,1.62
M0090812,N,35,0,10964.48,1,1,0,4297.47,7776.11,1.24
M0090813,N,58,2,8597.47,0,0,0,1380.96,12838.33,1.19
M0090814,N,31,2,26891.86,0,1,0,824.6,21998.57,2.15
M0090815,N,67,1,9967.56,0,0,0,2321.76,13066.21,1.71
M0090816,N,36,1,20327.55,1,2,0,594.84,21341.46,0.52
M0090817,N,54,1,7736.57,0,1,1,2483.46,8909.16,1.14
M0090818,N,63,0,5767.03,0,0,0,2455.18,4448.52,1.78
M0090819,N,64,1,10895.37,0,3,0,1105.75,7940.48,2.05
M0090820,N,26,1,8648.41,0,2,1,3063.01,8505.54,1.73
M0090821,Y,83,6,188646.31,2,3,4,76556.81,80650.02,5.0
M0090822,N,20,1,6077.55,0,1,0,2961.99,2121.14,0.8
M0090823,Y,40,4,194183.96,3,3,2,112887.19,99178.38,4.49
M0090824,N,69,2,23213.06,1,1,2,22829.62,16239.2,0.99
M0090825,N,59,3,13496.87,0,0,0,5282.06,14789.79,1.2
M0090826,N,69,1,5472.25,0,3,0,3427.36,3093.93,0.0
M0090827,N,46,0,5795.25,0,1,0,4157.24,3807.66,0.0
M0090828,N,43,0,8067.17,0,0,0,1830.42,4930.93,0.44
M0090829,N,20,1,4414.51,0,0,0,1023.32,5542.87,0.0
M0090830,N,64,0,14590.37,0,2,1,1240.34,12001.1,1.74
M0090831,N,63,1,6711.28,1,0,0,1990.15,4568.71,2.21
M0090832,N,66,2,11148.84,0,1,0,3122.71,6471.86,1.58
M0090833,N,66,0,8018.01,0,0,0,1656.24,6451.67,0.6
M0090834,N,25,2,19035.24,0,1,1,6021.24,10821.37,1.94
M0090835,N,54,0,9003.29,1,0,0,3152.29,7442.37,1.74
M0090836,N,32,1,6503.59,0,0,0,3333.63,8021.35,0.35
M0090837,N,38,0,5393.79,1,0,0,1879.68,3791.51,0.0
M0090838,N,41,1,18741.38,0,1,0,3729.64,12535.35,1.27
M0090839,N,33,0,13800.04,0,2,2,2698.35,17356.81,2.94
M0090840,N,79,0,11748.86,0,0,0,2138.99,13824.02,0.19
M0090841,N,44,0,16081.25,1,0,0,4509.35,8817.6,1.14
M0090842,N,34,0,7945.5,0,1,1,1821.15,5106.01,0.6
M0090843,N,78,1,37022.96,0,2,0,4939.55,29083.62,0.43
M0090844,N,27,1,7371.99,2,0,0,386.12,10845.89,1.78
M0090845,N,50,1,16226.61,0,1,0,3975.28,9603.47,0.89
M0090846,N,22,1,3171.76,1,1,0,418.5,3135.97,0.45
M0090847,N,77,0,8157.32,0,0,1,1359.98,6414.12,0.32
M0090848,N,41,3,8108.23,0,1,0,1114.78,7999.36,0.33
M0090849,N,42,3,45147.79,1,2,0,11671.86,60249.11,2.36
M0090850,Y,85,5,120473.34,1,1,2,57309.3,104331.6,4.56
M0090851,N,36,2,12936.63,0,0,1,5509.84,6195.78,1.16
M0090852,N,75,2,12964.67,0,2,0,2697.48,9821.24,1.65
M0090853,N,45,2,10411.95,0,2,0,2724.98,5799.28,1.09
M0090854,N,24,2,8231.17,0,1,0,4130.64,3968.8,1.39
M0090855,N,79,0,3286.27,1,0,0,2154.66,1970.47,0.36
M0090856,N,63,3,13623.04,0,2,0,4438.94,16073.11,2.13
M0090857,N,26,2,10685.75,0,0,0,2568.41,12185.3,2.28
M0090858,Y,66,4,148778.73,1,2,3,68634.54,82346.51,2.85
M0090859,N,72,0,3760.01,1,1,0,1486.2,2763.02,0.0
M0090860,N,32,1,6352.29,0,0,0,1777.04,7097.82,1.07
M0090861,N,24,0,8040.78,0,1,0,988.03,8970.24,0.16
M0090862,N,25,0,12848.24,0,0,0,2358.38,8117.4,2.16
M0090863,N,42,0,10733.68,1,1,0,6897.88,10012.28,0.52
M0090864,N,61,0,8839.1,0,2,0,5066.65,4359.87,0.0
M0090865,N,46,1,18698.78,0,1,0,2151.18,18457.6,1.19
M0090866,N,26,3,41270.22,0,1,1,9838.56,30740.65,2.28
M0090867,N,29,2,18635.73,1,2,1,7861.55,10801.61,0.98
M0090868,N,77,0,4034.96,0,0,0,2352.64,1527.35,0.65
M0090869,N,74,2,8641.0,0,0,1,1433.99,5675.22,0.18
M0090870,N,33,0,27450.44,0,1,1,9291.95,29804.09,1.97
M0090871,N,25,1,6754.15,1,1,0,282.8,5100.34,1.48
M0090872,N,68,2,9900.32,0,1,0,1842.23,9456.17,0.03
M0090873,N,78,0,12838.21,0,0,0,481.1,10526.52,0.33
M0090874,N,54,0,6489.4,0,2,0,7111.45,4512.82,1.53
M0090875,N,44,0,24887.5,0,0,0,5834.39,14410.3,0.47
M0090876,N,43,1,20973.25,0,0,0,680.29,17174.39,0.79
M0090877,N,51,2,30246.92,0,1,0,6662.02,29065.39,0.96
M0090878,Y,84,5,388982.15,3,1,3,177525.53,193440.94,5.61
M0090879,N,37,3,14497.96,0,2,0,2763.8,12383.01,1.43
M0090880,N,29,0,9911.7,1,2,1,4161.18,13656.58,0.69
M0090881,N,59,0,11713.02,0,1,0,663.15,15954.79,1.94
M0090882,N,70,0,4851.67,0,2,2,1693.67,4202.27,2.34
M0090883,N,22,0,10401.56,0,1,0,894.19,10050.45,0.9
M0090884,N,52,2,10067.22,0,2,0,2254.66,6196.08,1.56
M0090885,N,26,0,8053.04,0,2,1,4256.67,10043.75,0.57
M0090886,N,41,4,15035.02,0,0,0,2847.23,9292.18,1.41
M0090887,N,74,1,10033.11,0,0,0,5561.17,3884.34,0.0
M0090888,N,24,3,30432.46,0,1,0,9614.59,21294.59,0.4
M0090889,Y,40,7,211042.54,5,6,1,105475.63,162397.87,5.36
M0090890,N,77,1,8297.54,1,0,0,9567.78,5238.17,2.01
M0090891,Y,61,5,319298.55,6,3,8,170052.2,123917.93,6.03
M0090892,N,21,2,8366.03,0,1,1,2770.3,3889.59,1.61
M0090893,N,53,2,34016.12,1,0,0,16644.27,31379.79,3.19
M0090894,N,24,1,18136.56,0,0,1,9312.38,10300.17,1.4
M0090895,N,56,0,6536.09,0,0,0,1809.74,3931.89,0.47
M0090896,Y,39,6,284876.47,2,4,3,66125.54,225376.26,6.54
M0090897,N,73,2,10408.21,0,1,1,2539.91,8664.83,1.8
M0090898,N,26,2,6488.37,0,0,0,1106.65,5583.54,0.28
M0090899,N,69,2,6533.49,0,1,0,1122.88,4882.63,0.63
M0090900,N,25,0,9801.79,0,2,0,6712.87,9227.48,1.46
M0090901,N,38,0,12154.88,1,0,0,5867.0,5644.78,0.45
M0090902,N,30,1,12278.86,0,0,1,4344.61,15381.67,1.58
M0090903,N,39,3,4150.29,0,0,1,853.51,2716.56,0.0
M0090904,N,66,2,15013.99,1,2,1,11936.05,11215.42,1.36
M0090905,N,80,1,5395.04,0,0,1,1895.23,2608.42,1.67
M0090906,N,21,0,12053.08,0,0,1,7074.63,9310.92,0.22
M0090907,N,69,4,40601.15,1,1,1,8969.06,33111.49,2.18
M0090908,N,54,1,6363.06,0,0,1,2159.09,7399.92,1.38
M0090909,N,18,2,6895.77,0,2,0,2283.7,4400.1,0.0
M0090910,N,70,1,7327.92,1,1,0,4802.35,3622.04,1.56
M0090911,N,37,0,5333.9,0,0,0,3572.34,6054.93,0.75
M0090912,N,49,1,4166.8,0,0,0,1979.07,4388.76,0.08
M0090913,N,27,3,6695.13,0,0,1,3844.31,4494.52,1.1
M0090914,N,64,1,19016.53,0,1,0,9533.17,19328.6,2.5
M0090915,N,66,2,15901.1,0,2,0,4169.74,12112.6,0.98
M0090916,N,53,1,6417.47,0,0,0,1913.61,3578.3,1.51
M0090917,N,73,1,11192.93,0,0,1,4823.42,6644.57,1.33
M0090918,N,43,0,2860.62,0,0,0,1949.99,1078.79,0.99
M0090919,N,80,0,6342.38,0,0,0,2298.82,6252.36,0.01
M0090920,N,52,0,4688.27,0,0,0,3681.49,4019.25,0.0
M0090921,N,68,0,19044.19,0,1,0,4082.04,26340.07,1.36
M0090922,N,79,0,8364.64,0,1,0,871.61,8384.05,0.08
M0090923,N,74,0,7667.6,2,3,0,3233.5,7022.21,0.52
M0090924,N,80,3,8508.98,0,2,0,7207.56,7174.61,1.66
M0090925,N,56,1,6164.39,0,2,0,2691.13,7049.99,0.54
M0090926,N,26,2,4131.48,0,1,0,2486.38,2499.87,1.37
M0090927,N,22,2,30266.36,0,1,2,12820.65,26486.47,1.68
M0090928,N,26,3,14479.73,0,2,3,4454.95,13649.86,1.54
M0090929,N,55,2,21581.94,0,0,0,10001.02,7148.81,2.46
M0090930,N,64,0,21053.96,0,0,0,671.48,18478.45,1.43
M0090931,N,22,1,10262.28,0,1,0,1002.79,15182.98,1.28
M0090932,N,76,0,9851.31,0,0,0,2452.69,13044.89,1.22
M0090933,N,54,0,3977.33,0,0,0,968.98,3330.85,0.0
M0090934,N,22,0,7714.44,0,0,0,557.26,9393.97,0.0
M0090935,Y,76,2,127255.56,2,2,1,64281.03,60473.75,5.8
M0090936,N,68,0,16351.11,0,1,0,8333.36,5388.22,1.49
M0090937,N,61,1,1509.03,0,0,0,1550.48,1022.72,1.37
M0090938,N,37,0,21152.03,0,1,1,1663.96,19830.59,1.22
M0090939,Y,42,4,391410.97,4,3,5,62775.37,348530.93,3.95
M0090940,N,27,0,9604.8,0,0,0,1785.62,5975.29,0.3
M0090941,N,54,0,15762.13,0,0,1,2860.13,24756.72,1.22
M0090942,N,47,3,18547.1,1,2,0,3228.23,11973.34,0.23
M0090943,N,20,2,16926.88,0,0,0,5188.89,13350.36,1.68
M0090944,N,27,2,14545.64,0,0,0,1523.49,10734.11,2.24
M0090945,N,51,3,7098.87,0,1,0,4641.85,4964.37,0.84
M0090946,N,50,1,5435.8,0,1,0,3507.43,3110.75,1.99
M0090947,N,25,0,3247.52,0,1,0,1466.23,4163.61,0.52
M0090948,N,65,2,9279.31,0,1,0,4472.68,11932.12,1.01
M0090949,N,65,0,9180.43,0,1,0,2397.58,6984.4,1.15
M0090950,N,68,0,15282.8,0,0,0,1559.65,14135.79,1.59
M0090951,N,68,3,13299.25,0,3,1,1322.71,12377.18,2.46
M0090952,N,37,1,9566.35,0,0,0,1761.61,7802.81,1.69
M0090953,N,77,2,3588.85,0,1,1,2914.51,3421.73,1.12
M0090954,N,46,3,9934.44,1,0,1,7319.05,5635.45,2.39
M0090955,N,68,1,22221.83,1,1,1,6873.45,29293.9,1.22
M0090956,N,59,2,29861.17,1,1,0,4221.65,21400.25,1.03
M0090957,N,55,0,4150.93,0,0,0,1173.85,3701.23,0.61
M0090958,N,50,1,8806.91,1,0,0,1867.69,8797.06,0.9
M0090959,N,59,0,8086.56,0,0,0,1586.59,10214.72,0.0
M0090960,N,71,1,6422.47,0,1,0,725.68,4885.32,1.55
M0090961,N,56,3,47769.87,0,1,0,4602.19,34234.95,2.7
M0090962,N,21,1,4591.47,0,0,1,1386.53,2587.33,0.0
M0090963,N,61,1,9084.05,1,1,0,4611.51,7446.75,1.93
M0090964,N,30,0,4511.63,0,0,0,786.15,4063.85,0.63
M0090965,Y,73,6,352904.14,3,8,6,69849.16,252154.68,7.23
M0090966,N,80,0,4824.88,0,0,1,2503.96,4840.68,1.5
M0090967,N,23,0,5205.71,0,0,0,2592.33,3557.6,0.38
M0090968,N,64,0,24773.4,0,1,0,11017.94,9733.44,1.06
M0090969,N,52,0,4415.64,1,0,0,2573.16,2888.53,0.71
M0090970,N,66,0,4368.53,0,0,0,444.63,3759.94,0.0
M0090971,N,65,0,22300.41,0,0,1,3931.54,16061.92,0.96
M0090972,N,32,0,5965.73,0,0,0,1584.8,6651.95,0.11
M0090973,N,27,1,11343.28,0,0,1,1639.73,9540.66,0.4
M0090974,N,37,1,14878.75,1,0,3,5324.13,12603.81,0.57
M0090975,N,76,1,12324.06,1,1,0,1244.4,9321.02,0.1
M0090976,N,29,2,27732.47,0,0,0,7235.31,14487.44,0.0
M0090977,N,48,2,27458.54,1,0,0,5630.43,18642.87,0.53
M0090978,N,70,1,10681.91,0,0,1,1504.45,6925.65,0.75
M0090979,N,36,1,15704.99,0,1,1,7987.55,10111.03,1.81
M0090980,N,18,0,3826.33,0,0,0,1703.77,4905.02,0.0
M0090981,N,59,0,3408.79,1,0,0,2229.01,3792.75,0.95
M0090982,N,20,1,3594.41,0,0,1,1273.67,3166.98,0.0
M0090983,N,26,0,8603.62,0,0,1,1953.59,6606.01,0.49
M0090984,N,18,0,6354.89,0,0,0,3436.55,6287.4,1.33
M0090985,N,50,1,4383.92,1,0,0,1185.63,2777.27,1.33
M0090986,N,80,3,6252.7,0,1,1,5244.21,2788.28,1.45
M0090987,N,29,1,13634.67,0,1,0,2214.24,9391.08,0.15
M0090988,Y,59,4,302764.08,2,2,4,136107.09,172810.24,7.3
M0090989,N,46,0,4183.9,0,1,0,382.98,3764.6,1.02
M0090990,N,68,0,11118.82,0,0,0,822.25,10504.05,0.92
M0090991,N,23,0,13559.44,1,0,0,4116.37,8949.93,0.81
M0090992,N,73,0,9107.72,1,1,1,3242.86,11484.95,0.24
M0090993,N,74,2,17659.14,0,1,0,6420.77,8887.43,1.2
M0090994,N,24,0,6890.23,0,0,1,1781.05,4062.23,0.52
M0090995,N,62,1,15453.43,0,0,0,980.36,19814.89,1.79
M0090996,N,78,2,3917.55,0,0,1,4468.97,916.63,1.03
M0090997,N,77,3,13734.38,1,1,0,4137.9,7131.06,0.83
M0090998,N,24,2,7152.29,1,0,0,3356.17,4708.16,0.65
M0090999,N,33,1,17176.32,0,1,0,5695.4,19492.69,2.54
M0091000,N,49,0,12054.09,0,3,1,3317.83,17573.47,1.49
M0091001,N,25,3,17000.79,0,2,0,5446.16,11520.48,1.45
M0091002,N,21,0,4298.55,0,0,1,1165.34,3040.52,0.93
M0091003,N,72,1,3466.91,0,0,0,937.91,4945.97,1.51
M0091004,N,39,1,14098.57,0,2,2,801.39,14590.11,0.48
M0091005,Y,84,5,275501.53,2,2,3,59163.24,183196.82,3.97
M0091006,N,26,2,5475.15,1,3,1,1890.88,6909.99,1.44
M0091007,N,27,2,4892.62,0,1,0,911.68,3090.88,1.06
M0091008,N,76,2,20576.78,1,1,0,8086.48,19954.18,1.39
M0091009,N,76,1,6147.21,0,1,0,3859.28,4510.24,1.99
M0091010,N,56,1,10841.9,0,0,0,2112.24,8594.37,1.05
M0091011,N,70,0,9880.74,0,0,0,2427.46,10850.61,0.28
M0091012,N,59,0,2763.44,0,1,0,799.44,3327.33,0.0
M0091013,N,64,0,6975.7,0,0,0,4828.42,5257.79,0.0
M0091014,N,70,0,4045.51,1,2,0,557.72,4171.64,0.0
M0091015,N,51,0,20368.56,0,0,0,2667.83,25178.12,1.54
M0091016,N,62,1,6200.59,0,0,0,2135.54,5097.55,1.56
M0091017,N,73,1,25627.58,0,1,0,2620.65,25650.11,2.76
M0091018,N,49,1,55827.75,0,1,0,15639.91,46683.93,2.76
M0091019,N,23,2,15691.22,0,2,1,4249.79,12193.46,1.31
M0091020,N,48,0,3682.96,0,0,0,1201.8,3556.13,0.0
M0091021,N,73,3,16241.26,0,0,0,3729.68,24119.03,1.27
M0091022,N,66,3,21531.03,1,0,2,16445.8,6531.94,3.18
M0091023,N,49,2,9319.88,0,0,1,2915.93,7691.84,0.19
M0091024,N,37,3,6510.09,1,0,2,1945.39,5552.68,0.94
M0091025,N,62,2,10628.77,0,0,0,3236.79,6591.03,0.29
M0091026,N,35,2,16086.33,0,0,0,3539.23,9881.53,0.43
M0091027,N,70,0,8150.87,2,0,0,638.7,12280.56,0.69
M0091028,N,32,1,11008.86,0,0,0,1360.11,8208.37,1.18
M0091029,N,61,2,36061.33,0,0,0,10064.11,32192.85,0.92
M0091030,N,24,0,14340.18,0,1,0,4016.78,9339.69,1.57
M0091031,N,61,2,5074.63,0,0,0,3746.17,4613.88,0.61
M0091032,N,42,1,15022.37,1,0,0,3067.94,12587.9,1.56
M0091033,N,54,2,2491.5,0,1,1,1421.63,2638.07,2.18
M0091034,N,61,1,2977.6,0,1,0,2291.23,2008.45,0.0
M0091035,N,31,2,13141.49,0,1,0,1099.95,11235.26,0.0
M0091036,N,66,2,13178.07,1,0,0,8569.24,6868.86,1.55
M0091037,N,50,0,11005.51,0,0,0,2143.2,8669.64,0.73
M0091038,N,19,0,4117.98,0,0,0,1239.98,3450.79,0.0
M0091039,N,58,0,10249.26,1,1,1,3566.26,11020.4,1.19
M0091040,N,61,0,3637.12,0,0,0,800.07,4084.65,1.62
M0091041,N,68,1,6256.5,1,0,0,2929.34,3718.33,1.29
M0091042,N,73,2,13242.98,1,3,3,6465.78,4700.37,1.97
M0091043,N,78,3,9046.9,0,2,1,2428.76,9864.98,2.38
M0091044,N,69,0,3021.74,0,1,0,1512.0,1969.43,0.38
M0091045,N,27,1,19951.14,0,0,0,3408.33,15080.03,2.12
M0091046,Y,45,6,628140.54,1,5,1,366099.9,160765.61,6.29
M0091047,Y,68,5,95700.41,3,4,5,34025.58,88326.32,3.27
M0091048,N,37,1,6666.55,0,0,0,4332.21,5093.62,0.85
M0091049,N,33,2,1038.74,0,1,0,451.59,800.63,0.62
M0091050,N,34,2,26464.56,0,1,0,4495.58,16348.74,1.47
M0091051,N,23,1,7665.28,1,1,0,2563.82,6199.77,0.38
M0091052,N,26,2,23217.75,0,1,0,4826.26,15267.7,1.6
M0091053,N,29,1,7619.22,0,1,0,4040.96,4399.4,1.82
M0091054,N,36,1,4977.0,0,1,0,2078.73,6249.27,1.59
M0091055,N,39,0,12441.33,0,0,0,3018.58,13287.05,1.22
M0091056,N,77,0,4722.48,1,0,1,2018.5,3525.19,1.72
M0091057,N,51,1,18248.02,0,0,1,8979.81,13062.35,0.78
M0091058,N,76,0,4952.3,1,0,0,1228.64,6764.2,1.34
M0091059,N,70,2,3275.17,1,0,0,2479.42,1690.72,0.91
M0091060,Y,50,7,282453.25,5,2,5,65214.13,187264.52,6.4
M0091061,N,67,1,9715.36,0,0,0,3177.28,5212.14,1.48
M0091062,N,36,1,8230.03,0,0,0,6402.44,3118.1,1.07
M0091063,N,59,1,8983.7,1,1,0,3719.3,6788.83,2.32
M0091064,N,71,2,5897.4,0,1,0,3935.72,5526.24,2.17
M0091065,N,27,0,3592.53,0,1,0,1536.18,3631.42,0.0
M0091066,N,56,0,8565.15,0,0,0,1787.82,8772.41,2.38
M0091067,N,56,0,11865.86,0,1,0,2650.62,10627.05,1.11
M0091068,N,68,0,7192.75,0,0,0,3240.86,8651.91,1.1
M0091069,N,76,0,4834.32,0,0,0,2391.12,5806.17,0.92
M0091070,N,29,1,18198.9,0,0,0,4706.54,10059.86,1.69
M0091071,Y,76,6,125434.63,3,2,3,27479.99,77346.26,3.62
M0091072,N,75,2,5463.37,0,0,0,2522.63,7058.43,1.0
M0091073,N,73,2,6108.11,0,0,2,5654.79,4178.56,0.91
M0091074,N,28,1,13151.35,0,2,0,2896.56,18759.03,2.11
M0091075,N,70,1,7498.45,1,0,0,793.34,7540.48,0.0
M0091076,N,48,1,18649.72,1,0,0,7480.67,9032.83,1.99
M0091077,N,60,0,2600.03,0,0,0,628.8,2539.88,0.0
M0091078,N,48,2,7008.2,0,1,0,794.16,10807.34,1.73
M0091079,N,66,1,3653.72,0,0,0,2510.88,2219.54,2.15
M0091080,N,65,0,3897.81,0,0,1,2896.46,2672.8,1.25
M0091081,N,54,0,7479.31,0,2,0,2268.57,5753.85,0.53
M0091082,N,44,0,7793.84,0,1,0,875.63,9674.53,0.12
M0091083,N,24,2,7896.0,1,0,0,2477.8,4997.52,1.42
M0091084,N,72,1,8167.86,0,0,0,8106.45,6217.18,1.36
M0091085,N,43,0,6625.19,0,2,0,1330.66,3881.82,0.18
M0091086,N,31,1,28447.25,0,1,0,4620.84,28581.29,0.39
M0091087,N,34,3,17340.05,0,2,0,4727.48,9746.21,0.61
M0091088,N,37,3,15669.84,1,1,0,8257.82,14986.17,1.56
M0091089,N,60,0,18288.28,0,0,2,6842.74,7955.1,0.74
M0091090,N,33,2,6255.53,0,1,0,2013.36,5289.95,1.03
M0091091,N,47,0,24548.54,0,0,0,2430.92,18015.85,1.02
M0091092,N,25,1,11316.29,0,1,0,3452.33,11309.11,2.67
M0091093,N,40,1,8294.11,0,1,0,2822.21,6751.72,0.0
M0091094,N,29,0,6159.4,0,0,0,2856.22,5744.32,1.51
M0091095,N,28,1,9519.75,0,0,0,3644.49,4244.18,0.62
M0091096,Y,52,6,378752.52,6,4,3,78344.55,303469.56,6.64
M0091097,N,25,3,13393.77,0,1,0,3619.22,16172.58,2.3
M0091098,N,41,0,30319.98,0,0,1,3754.76,21044.88,1.78
M0091099,N,29,0,9726.78,0,2,0,3323.24,8026.76,0.19
M0091100,N,34,3,14434.68,0,1,1,1702.04,11126.18,0.07
M0091101,N,44,0,4204.96,0,0,0,1622.48,2592.94,0.0
M0091102,N,78,1,15291.29,0,0,1,6221.6,8985.34,1.73
M0091103,N,29,1,7040.52,0,0,0,1399.24,9769.61,0.92
M0091104,N,29,0,7104.23,0,1,0,1429.85,4910.0,0.67
M0091105,N,24,0,9361.92,0,3,1,688.33,10782.02,1.82
M0091106,N,31,1,10355.35,0,1,0,7616.27,9608.1,0.96
M0091107,N,46,1,19760.94,2,0,1,3149.57,28878.2,2.16
M0091108,N,45,0,30177.4,0,1,0,4646.16,28527.01,0.23
M0091109,N,63,2,19156.92,0,1,2,4095.03,18807.28,3.48
M0091110,N,40,0,5647.88,1,1,0,1292.68,7223.1,0.73
M0091111,N,78,0,4676.93,0,0,0,1584.67,3796.94,2.41
M0091112,N,28,0,2648.61,0,0,0,1919.22,2369.86,0.98
M0091113,N,28,1,16810.25,0,0,1,8429.36,20382.15,1.19
M0091114,N,80,0,25995.5,0,0,0,2851.37,17722.65,0.64
M0091115,N,50,1,5046.92,0,0,0,1767.15,2493.17,1.04
M0091116,Y,65,4,212194.76,2,4,4,102809.16,168029.96,4.91
M0091117,N,60,2,14829.64,1,1,1,6475.02,13201.77,3.04
M0091118,N,19,3,23559.86,1,1,1,10573.75,20025.31,1.4
M0091119,N,23,1,3858.6,0,0,0,1537.22,5057.99,1.21
M0091120,N,79,1,6183.81,0,2,0,286.72,5186.58,1.0
M0091121,N,40,2,6281.88,0,1,1,1852.52,7999.68,1.16
M0091122,N,49,0,4420.71,0,0,1,2487.15,2717.93,1.44
M0091123,N,64,1,6395.11,0,1,0,1098.39,5030.82,1.7
M0091124,N,45,0,13616.48,0,0,0,4304.93,9221.87,2.46
M0091125,Y,36,6,318444.8,2,3,5,123797.47,206671.32,4.98
M0091126,N,45,1,10348.35,0,2,1,3027.78,9797.19,1.01
M0091127,Y,37,7,326136.09,2,1,2,126271.52,148707.5,4.43
M0091128,N,33,2,16953.46,0,1,0,14225.88,6341.91,0.77
M0091129,N,59,2,5164.16,0,0,0,667.54,5730.26,0.05
M0091130,N,52,2,4705.39,0,0,0,856.49,2849.05,0.52
M0091131,N,68,0,14664.14,0,0,0,1037.19,10869.15,0.0
M0091132,N,36,0,5675.64,0,1,0,4270.17,3284.18,1.95
M0091133,N,74,0,4218.45,0,0,0,2077.69,4788.53,0.82
M0091134,N,40,1,22389.37,0,1,0,1645.27,18321.13,0.3
M0091135,N,45,0,16111.38,0,1,1,827.23,15654.0,0.66
M0091136,N,25,0,14564.61,0,0,1,5349.41,9703.8,0.64
M0091137,N,80,1,8533.9,0,1,0,3429.63,11205.79,1.13
M0091138,N,55,0,9313.37,1,0,0,5612.74,4447.67,0.0
M0091139,N,50,1,3155.2,0,0,0,1773.23,1592.76,0.0
M0091140,N,48,0,14882.61,0,2,0,3903.4,22871.99,1.61
M0091141,N,45,0,30959.74,0,0,0,7240.52,20282.48,1.65
M0091142,N,51,2,9051.11,0,0,0,2189.49,11531.43,0.77
M0091143,N,33,2,12790.41,0,0,0,4668.54,7523.5,1.84
M0091144,N,26,1,4146.7,0,0,0,2597.8,3490.94,0.0
M0091145,N,61,0,10952.93,0,2,0,4864.82,6510.08,1.44
M0091146,N,36,0,9097.22,0,1,1,3017.37,8814.6,0.0
M0091147,Y,46,5,127474.2,3,1,4,58801.43,111653.31,6.2
M0091148,N,59,1,4946.37,0,0,1,2939.93,4160.2,1.89
M0091149,N,37,0,6423.47,0,0,0,4563.34,5942.19,1.15
M0091150,N,65,0,12134.6,1,2,0,3426.4,7682.69,0.75
M0091151,N,39,0,5676.73,2,0,0,1693.32,7344.74,1.33
M0091152,Y,42,6,306224.18,3,4,3,202268.99,208757.12,6.32
M0091153,N,38,4,14093.38,0,0,0,4145.92,11275.02,2.96
M0091154,N,63,0,4124.43,0,1,0,3078.71,2859.5,0.76
M0091155,N,35,1,19425.65,0,1,0,6239.93,9372.78,0.47
M0091156,N,47,1,2394.07,0,2,0,1213.69,1987.28,0.06
M0091157,Y,41,5,197462.41,3,3,2,77485.39,142412.9,5.68
M0091158,N,74,1,6189.44,1,0,1,957.66,6780.49,0.99
M0091159,N,78,0,4556.32,0,0,1,3558.48,2241.47,1.26
M0091160,Y,79,8,105586.81,1,1,2,54882.67,75707.9,3.31
M0091161,N,76,2,4481.07,0,1,0,2253.58,3739.23,0.45
M0091162,N,67,1,9770.04,0,2,1,3433.29,6431.58,0.0
M0091163,N,77,0,9564.88,0,2,0,3028.54,7110.8,2.25
M0091164,N,45,3,14227.38,1,0,1,3929.75,8079.34,1.6
M0091165,N,25,0,6676.52,0,1,0,4052.26,5707.44,1.63
M0091166,N,37,1,12837.65,0,0,0,2813.32,19064.75,1.27
M0091167,N,76,1,22161.22,0,1,0,6234.45,17330.06,2.02
M0091168,N,21,0,3807.92,0,1,1,783.72,4494.15,1.03
M0091169,N,54,1,12138.97,0,0,0,4474.31,7291.66,0.0
M0091170,N,71,2,4117.9,1,1,0,2321.98,4056.49,2.55
M0091171,N,19,4,40282.17,1,1,0,7349.67,36655.11,2.63
M0091172,N,38,1,18128.49,0,2,0,5201.35,10432.95,2.03
M0091173,N,63,1,5360.51,0,1,0,2661.3,3913.5,1.47
M0091174,N,38,0,3810.91,0,0,0,1952.62,4012.26,1.1
M0091175,N,47,0,12902.42,0,0,0,7062.68,14002.64,1.78
M0091176,N,24,1,7701.1,0,2,1,1721.84,5976.21,0.87
M0091177,N,41,0,17517.51,0,0,0,9592.62,17918.34,1.75
M0091178,N,25,0,4210.15,0,0,0,987.47,3285.98,1.28
M0091179,N,24,0,4640.32,0,2,1,1798.92,4739.23,0.0
M0091180,N,34,2,21796.78,0,0,1,5902.18,14289.37,1.14
M0091181,N,19,0,4698.66,0,0,0,1062.01,3610.12,0.05
M0091182,N,65,2,55969.84,1,0,0,1126.98,60824.71,2.09
M0091183,N,41,3,12862.34,1,1,0,1955.72,21356.51,0.29
M0091184,N,25,0,5829.72,0,1,0,1878.11,4013.59,0.35
M0091185,N,35,1,13488.1,0,0,0,5939.95,9318.12,0.37
M0091186,N,32,1,3797.79,0,1,0,1007.26,3553.69,0.2
M0091187,N,65,1,37054.29,0,0,0,31774.93,7680.72,1.71
M0091188,N,49,0,13310.79,0,1,1,2027.2,8477.79,0.0
M0091189,N,71,1,56409.89,0,1,0,3319.22,45690.54,0.93
M0091190,N,76,0,10249.57,0,0,1,1181.57,12217.65,1.66
M0091191,N,38,0,6505.2,0,0,0,1749.02,3412.8,1.35
M0091192,N,74,0,2319.6,0,1,0,1140.66,1777.91,0.49
M0091193,N,23,2,17946.64,1,1,0,7890.34,12146.46,0.51
M0091194,N,77,1,44393.54,0,0,1,6499.19,39032.24,1.25
M0091195,N,21,0,15903.1,1,0,0,10344.92,9999.42,1.79
M0091196,N,69,4,9573.8,0,0,0,5208.16,7577.2,1.09
M0091197,N,18,0,3281.76,1,0,0,1145.46,2581.4,1.06
M0091198,N,31,0,6920.13,0,1,0,859.85,8578.6,0.08
M0091199,N,47,1,15278.27,1,0,0,3112.56,10513.39,0.23
M0091200,N,45,0,5012.11,1,0,0,2816.49,5258.92,1.58
M0091201,N,77,0,14292.45,0,1,0,11536.06,13962.02,1.2
M0091202,N,75,0,9860.3,0,0,0,6484.95,9758.46,1.23
M0091203,N,76,1,18694.4,1,1,1,4245.18,19010.74,1.52
M0091204,N,73,1,6570.27,1,0,0,4210.26,6310.14,1.56
M0091205,N,77,0,14298.23,0,0,0,5093.28,15157.98,0.59
M0091206,N,41,0,10544.57,1,0,0,619.29,9486.07,0.81
M0091207,N,72,2,9256.36,1,0,0,1111.96,9512.25,1.75
M0091208,Y,80,5,186875.57,2,2,2,85762.5,99626.38,5.47
M0091209,N,43,0,5717.62,0,2,0,1711.5,5703.04,1.66
M0091210,N,38,0,5504.82,0,1,0,1642.4,3301.57,0.15
M0091211,N,52,1,14884.73,1,2,0,3223.3,22428.71,1.46
M0091212,N,69,0,17278.5,1,0,0,1286.64,14867.46,0.13
M0091213,N,21,2,26822.21,0,0,1,9893.13,25877.37,3.68
M0091214,Y,70,6,214615.48,1,2,3,113217.51,108873.86,5.9
M0091215,N,66,0,4408.87,0,1,0,1800.32,5622.64,0.53
M0091216,N,23,0,7417.2,0,1,1,563.98,5363.62,0.63
M0091217,N,65,0,6554.71,1,0,0,2079.67,4737.12,0.0
M0091218,N,70,2,3151.43,1,1,0,552.08,4945.43,0.99
M0091219,N,79,1,55699.9,0,2,0,10234.99,35941.61,2.58
M0091220,N,70,3,2846.53,0,0,1,1719.8,3454.52,0.55
M0091221,N,44,2,5401.69,0,0,0,3084.47,2846.81,0.95
M0091222,N,70,1,13620.62,0,0,0,4363.31,8712.01,0.65
M0091223,N,46,1,4752.16,0,1,0,2240.82,5008.73,0.0
M0091224,N,52,2,26248.66,0,2,1,9242.92,16340.49,2.17
M0091225,N,70,1,17988.2,0,2,0,4411.56,23837.21,0.81
M0091226,N,69,0,8622.3,2,0,0,2588.08,4210.39,1.64
M0091227,N,41,0,21481.52,0,0,0,4089.12,12881.28,2.16
M0091228,N,80,2,10879.82,0,1,1,4211.1,8239.13,1.7
M0091229,N,23,0,8445.79,0,0,0,4230.63,3595.4,1.99
M0091230,N,75,2,23732.25,1,0,1,5440.79,15667.15,2.45
M0091231,N,40,2,7758.63,0,1,0,2397.4,5360.25,1.32
M0091232,N,29,0,18696.32,0,2,0,3864.03,14127.12,2.03
M0091233,N,49,0,26660.97,0,0,1,9201.1,18215.68,2.3
M0091234,N,38,0,14611.44,0,2,0,1599.7,11200.51,1.56
M0091235,N,64,2,8461.29,1,0,0,3097.19,10114.41,2.0
M0091236,N,65,3,6289.06,0,0,0,2420.57,4739.35,1.31
M0091237,N,63,0,10526.75,0,0,0,1227.55,7788.79,0.32
M0091238,N,76,1,5018.31,0,0,0,2002.91,3724.38,1.39
M0091239,N,19,1,11622.39,0,0,0,1092.85,8213.23,0.0
M0091240,N,44,0,28155.38,1,2,0,2743.68,21390.86,2.24
M0091241,N,51,0,13490.61,0,1,1,1279.54,17826.54,1.99
M0091242,N,35,0,6467.68,0,0,0,1436.56,8250.08,0.0
M0091243,N,77,1,6851.19,0,0,1,554.24,4798.55,0.0
M0091244,N,58,2,6471.18,0,0,0,3769.33,7238.08,1.36
M0091245,N,62,2,9068.96,0,0,1,1256.95,7128.53,0.66
M0091246,N,34,1,13780.86,0,1,0,892.7,13845.41,0.28
M0091247,N,27,2,9665.87,0,1,1,6090.15,8544.52,2.25
M0091248,N,38,0,1772.93,0,0,0,999.09,2159.88,0.77
M0091249,N,80,0,17491.67,0,1,0,4763.65,8932.52,1.24
M0091250,N,27,0,24945.79,0,0,0,2806.02,26742.49,1.12
M0091251,N,34,0,2956.57,0,1,0,2615.1,1379.3,0.59
M0091252,N,52,0,2500.81,0,0,0,572.35,2499.33,0.52
M0091253,N,61,1,9497.94,1,0,0,3781.67,5210.92,1.36
M0091254,N,56,1,24151.13,0,1,0,8062.72,15331.38,0.52
M0091255,N,56,1,7380.78,2,0,0,1641.55,5575.21,0.51
M0091256,N,52,0,22099.01,1,1,0,4264.6,20548.04,1.46
M0091257,N,39,0,7722.87,0,1,0,2138.24,6852.12,0.93
M0091258,N,27,0,20638.29,0,0,0,9761.76,11616.98,1.91
M0091259,N,36,1,24728.52,0,0,0,8468.89,15283.9,1.17
M0091260,N,21,1,3664.87,0,0,0,2047.35,3247.24,0.52
M0091261,N,34,1,26201.7,0,1,0,9013.37,11995.8,0.5
M0091262,N,36,1,14198.03,0,0,0,5569.09,8407.33,0.49
M0091263,N,73,1,13057.62,0,2,0,2233.84,8040.78,0.86
M0091264,N,70,1,17580.46,0,0,0,2397.93,12423.11,0.0
M0091265,N,53,0,2407.04,0,0,1,464.08,1892.48,0.95
M0091266,N,55,1,8293.56,0,1,0,4023.19,5613.2,1.7
M0091267,N,76,2,11377.99,0,1,1,1430.71,9582.95,1.25
M0091268,N,38,0,6648.1,0,1,0,2409.51,3848.44,0.59
M0091269,N,47,0,21343.12,2,0,1,2679.4,17577.31,0.45
M0091270,N,51,0,5979.92,0,1,0,1386.24,7685.57,0.65
M0091271,N,76,0,8709.42,0,0,0,2990.45,6793.94,0.82
M0091272,N,69,2,17553.27,0,0,1,3013.79,14297.74,0.54
M0091273,N,34,0,6041.38,0,1,0,1683.87,8490.48,0.0
M0091274,Y,64,6,235480.29,2,4,3,81805.28,128002.72,6.33
M0091275,N,76,0,2603.85,0,0,0,159.73,3798.84,0.44
M0091276,N,27,1,5148.39,0,0,0,1442.93,5682.6,0.39
M0091277,Y,79,5,118628.66,2,1,3,69255.52,52248.83,3.97
M0091278,N,40,1,8400.54,0,0,0,4021.46,6267.08,1.13
M0091279,N,66,1,53550.41,1,1,2,15022.6,56789.75,2.04
M0091280,N,35,1,6463.32,0,0,0,1994.33,6008.33,1.88
M0091281,N,80,1,10598.97,0,2,0,2087.71,8094.11,1.72
M0091282,N,77,2,15322.53,0,0,1,8034.48,11904.59,1.89
M0091283,N,18,0,8176.27,0,0,0,1609.39,4965.0,1.43
M0091284,N,60,1,4599.01,0,0,0,1233.82,2523.72,0.92
M0091285,N,59,0,14539.58,1,0,0,6375.72,9924.55,2.09
M0091286,N,23,0,22494.81,0,0,1,10565.1,10957.99,0.0
M0091287,N,57,0,4545.49,0,3,0,2764.09,4996.57,0.63
M0091288,N,48,1,10417.37,0,1,0,3618.04,11553.55,2.29
M0091289,N,22,1,5824.54,0,0,0,535.87,6553.37,0.68
M0091290,N,71,1,3122.07,0,0,0,2875.39,2725.84,1.17
M0091291,N,38,0,13466.15,1,1,1,5181.54,16058.87,1.32
M0091292,N,23,0,8518.57,0,0,0,4156.47,5812.87,1.39
M0091293,Y,83,6,251625.56,5,7,6,55921.07,209828.96,5.26
M0091294,N,80,2,6875.76,0,1,0,3172.58,6195.68,0.56
M0091295,N,66,3,29991.5,0,1,0,5278.64,22779.18,0.73
M0091296,Y,45,7,326604.33,3,6,4,101735.21,289345.37,6.4
M0091297,N,50,4,9448.83,1,1,0,6321.73,5659.26,0.47
M0091298,N,35,2,33166.87,0,0,1,1744.03,33002.84,1.45
M0091299,N,51,3,6218.03,1,0,0,2815.44,5634.7,0.4
M0091300,N,32,1,14310.88,0,0,1,8755.11,15483.54,1.87
M0091301,N,79,3,49010.27,1,2,1,6078.08,42233.68,1.65
M0091302,N,66,0,4775.84,0,0,0,2805.24,4123.96,0.74
M0091303,N,38,0,9354.31,0,1,0,938.88,8863.03,0.21
M0091304,N,58,1,25620.25,2,1,0,11769.41,10624.9,1.58
M0091305,N,45,0,5587.89,0,1,0,3151.57,6374.15,0.64
M0091306,N,72,1,9783.39,1,0,0,1477.98,15427.21,0.87
M0091307,N,36,1,18948.72,0,0,1,9458.87,14428.79,1.78
M0091308,N,53,2,8373.66,0,0,0,3988.51,11120.66,1.2
M0091309,N,76,0,3842.49,1,0,0,915.25,3126.03,1.71
M0091310,N,45,0,7147.16,0,0,0,5263.32,6903.09,0.54
M0091311,N,20,1,9437.15,1,2,0,1839.48,5685.22,0.72
M0091312,N,64,0,9742.75,0,0,0,2864.92,7538.49,0.43
M0091313,N,56,0,3520.8,0,0,0,1179.11,4767.92,0.0
M0091314,N,59,0,4621.31,0,2,0,778.88,3873.82,0.34
M0091315,N,24,2,6903.37,0,0,0,1265.13,6257.0,0.92
M0091316,N,51,0,4851.65,0,0,0,3549.36,1930.73,1.42
M0091317,N,72,2,11734.24,0,2,0,1480.76,8238.5,0.16
M0091318,N,30,0,4747.64,0,0,0,1573.38,2319.46,1.16
M0091319,N,28,2,9561.64,0,0,0,2893.43,11317.17,1.6
M0091320,N,26,2,14837.52,0,0,0,2633.24,16441.71,1.73
M0091321,N,74,2,30561.37,1,2,0,2416.77,31833.16,0.97
M0091322,N,78,2,5463.68,0,0,0,519.31,5297.44,0.6
M0091323,N,80,2,11095.59,0,1,0,5668.15,4449.45,0.0
M0091324,N,57,2,19925.75,0,2,0,2990.5,12666.14,0.91
M0091325,N,69,1,2273.46,0,1,0,319.06,1587.32,0.27
M0091326,N,77,3,34003.43,1,0,0,4566.43,22428.88,2.03
M0091327,N,72,3,18626.68,0,1,1,2580.47,13060.85,1.83
M0091328,N,34,1,18179.63,0,1,0,8686.62,21272.96,3.01
M0091329,N,79,0,4721.27,0,1,0,972.01,4972.78,1.07
M0091330,N,38,3,10615.92,0,1,1,774.82,7927.01,1.29
M0091331,N,43,2,18501.73,0,1,1,2836.13,29310.23,2.42
M0091332,N,39,2,8520.06,0,1,2,1099.9,10644.07,0.9
M0091333,N,41,0,27081.35,1,0,0,6096.46,16154.53,2.1
M0091334,Y,72,4,263134.68,3,3,5,65746.08,204837.83,4.89
M0091335,N,63,0,5350.71,1,1,0,1268.84,3690.68,0.29
M0091336,N,60,1,2222.58,0,0,0,524.24,2131.23,0.0
M0091337,N,79,2,6346.12,0,2,0,3097.22,3757.45,2.96
M0091338,N,25,0,12281.19,0,1,0,2088.52,12548.76,0.41
M0091339,N,57,0,4761.94,0,0,0,1111.34,2995.35,0.73
M0091340,N,41,1,26513.12,2,4,0,9746.25,14697.27,1.3
M0091341,N,22,0,19088.85,0,1,0,4294.33,16692.6,1.07
M0091342,N,37,0,6604.53,0,0,0,636.43,8411.76,0.82
M0091343,Y,43,5,342360.41,1,5,2,217418.97,117779.49,4.83
M0091344,N,60,1,12712.27,1,0,0,4295.97,9812.19,1.78
M0091345,N,74,1,14909.16,1,0,0,1109.13,10613.82,0.67
M0091346,Y,47,5,370046.19,4,1,3,93553.43,274471.76,4.98
M0091347,N,51,1,8807.71,0,0,0,4701.54,5418.45,1.39
M0091348,N,47,3,6783.25,0,1,1,4114.16,7470.9,1.26
M0091349,N,75,0,38978.94,1,1,1,11874.42,33169.76,1.54
M0091350,N,63,1,9328.89,0,0,0,4188.32,3197.43,1.45
M0091351,N,36,0,19449.0,1,1,1,3425.12,19582.8,2.75
M0091352,N,77,2,14313.24,0,1,0,4601.38,16066.94,1.18
M0091353,N,60,0,14043.62,0,0,1,4901.03,19483.49,0.86
M0091354,N,62,0,44408.92,0,0,0,6531.13,28525.45,1.2
M0091355,N,29,1,6444.81,0,0,0,3641.92,3028.93,0.43
M0091356,N,29,1,3828.77,0,0,0,2760.49,1609.1,1.51
M0091357,N,50,0,4949.68,0,2,0,511.31,3651.07,0.75
M0091358,N,64,1,12213.69,0,0,0,2589.1,9352.23,1.46
M0091359,N,30,2,5928.84,0,0,0,422.51,4392.94,1.88
M0091360,N,49,0,11152.73,0,0,0,2563.73,13201.29,1.88
M0091361,N,46,1,20024.15,0,0,0,7136.73,11158.2,0.52
M0091362,Y,74,8,229566.47,5,3,3,115373.86,137778.76,5.25
M0091363,N,58,1,11601.45,0,0,0,2275.71,7498.23,0.88
M0091364,N,50,0,6803.28,0,0,0,1828.53,4549.99,0.42
M0091365,N,26,1,26046.78,0,1,0,3411.43,17661.91,0.94
M0091366,N,21,2,7103.0,0,1,0,2626.51,7117.04,0.0
M0091367,N,67,1,6888.29,0,2,0,1729.99,4404.07,0.0
M0091368,N,80,1,4994.71,0,1,0,3105.54,1535.04,1.34
M0091369,N,71,0,4376.07,0,0,2,1712.31,5123.83,1.87
M0091370,N,49,1,20824.23,0,0,2,3104.02,20054.43,0.0
M0091371,N,18,1,9641.97,0,1,0,2569.05,8356.39,0.0
M0091372,N,62,1,25250.28,0,1,0,12213.24,11879.42,1.08
M0091373,N,21,1,7317.2,2,0,1,1932.55,9327.5,0.68
M0091374,N,47,0,8368.43,0,0,0,4173.32,6210.6,0.0
M0091375,N,53,0,5650.12,0,1,0,2361.02,4204.62,1.85
M0091376,N,22,0,37932.06,0,1,1,2519.98,35494.31,0.29
M0091377,N,19,1,7919.65,0,1,0,1685.1,10805.18,1.46
M0091378,N,47,0,7064.39,0,1,0,4669.35,3901.14,1.23
M0091379,N,46,3,15726.45,0,0,0,6127.21,6492.44,2.01
M0091380,N,22,1,10844.32,0,2,0,7217.87,4450.18,0.95
M0091381,Y,42,5,108460.32,3,3,4,56142.43,54338.45,4.79
M0091382,N,54,1,3229.04,0,2,0,1628.92,3802.67,1.14
M0091383,N,62,1,6603.77,0,1,0,479.84,10124.35,1.5
M0091384,N,53,1,14776.19,0,1,0,5812.6,16424.11,0.09
M0091385,N,19,0,15814.88,0,1,1,2468.6,10290.39,3.25
M0091386,N,31,0,3491.36,0,0,0,2876.38,3190.84,1.11
M0091387,N,43,1,11827.68,0,0,1,3247.78,9470.08,2.44
M0091388,N,50,0,4186.9,0,0,0,1089.98,4816.6,0.72
M0091389,N,46,1,3383.28,0,1,0,1617.75,2244.46,0.62
M0091390,N,66,3,20766.27,1,1,1,5892.83,14612.63,1.71
M0091391,N,60,1,33247.05,1,1,0,6731.5,33762.97,2.46
M0091392,N,42,0,23539.02,0,0,0,3519.68,17774.29,1.42
M0091393,N,37,0,7114.35,1,2,0,2519.79,6456.58,0.14
M0091394,N,63,2,25562.2,0,1,0,13919.16,8898.06,0.23
M0091395,N,57,1,3624.17,0,1,0,1463.09,4095.71,0.41
M0091396,N,23,0,2766.58,0,0,0,765.4,3374.11,0.57
M0091397,N,52,1,46272.95,1,1,0,6228.28,31178.24,2.2
M0091398,N,78,0,19364.13,1,0,0,4694.78,17049.23,0.51
M0091399,N,32,0,4353.18,0,0,0,1309.57,5387.23,0.56
M0091400,N,38,0,4587.74,0,0,0,566.92,3479.42,1.19
M0091401,N,42,2,11637.54,0,0,1,2926.15,9220.12,0.56
M0091402,N,71,1,9353.59,0,0,0,1619.53,11135.02,2.24
M0091403,N,52,0,11837.62,0,3,0,3979.93,8942.76,1.42
M0091404,N,43,0,5094.63,0,1,1,1506.25,3703.03,0.6
M0091405,N,70,0,18089.18,0,2,0,4342.36,24952.51,0.64
M0091406,N,64,0,16390.62,0,0,0,2482.09,23721.03,1.04
M0091407,N,49,0,7727.06,0,1,0,979.72,9937.9,1.36
M0091408,N,35,1,5311.47,0,0,0,1016.93,3316.19,0.0
M0091409,N,35,1,8005.13,0,0,0,2283.65,4324.31,1.07
M0091410,N,53,3,23517.33,1,1,0,2768.48,20027.0,1.44
M0091411,N,24,2,16766.63,0,3,0,7676.43,12510.56,2.2
M0091412,N,46,2,26323.55,0,1,0,2315.28,39556.19,1.55
M0091413,N,67,2,19485.41,0,1,0,4158.36,28635.81,0.93
M0091414,N,60,1,13308.56,2,2,0,6050.17,5132.56,0.98
M0091415,N,42,3,25948.01,0,1,0,4489.69,19514.46,1.92
M0091416,N,61,1,13585.32,0,0,1,2315.0,10306.57,1.58
M0091417,N,67,0,4360.03,0,0,1,2448.66,3681.51,1.65
M0091418,N,53,1,2683.84,0,1,0,593.65,3294.24,1.34
M0091419,N,71,1,12265.46,0,0,0,2784.07,7065.45,2.4
M0091420,N,38,0,5411.89,0,0,1,2912.49,4512.16,1.55
M0091421,N,30,2,6797.0,0,0,2,4851.71,5205.9,1.06
M0091422,N,72,1,7710.56,1,1,0,3139.15,4985.75,2.25
M0091423,N,44,2,23766.86,0,1,0,4366.6,23769.16,2.77
M0091424,N,29,2,15092.5,0,0,0,5245.56,9125.59,1.81
M0091425,N,20,2,14190.26,0,1,1,2852.82,9312.59,0.31
M0091426,N,69,2,11644.49,0,0,0,2389.5,8011.18,1.26
M0091427,Y,66,3,343833.19,4,5,4,172317.81,189533.65,4.86
M0091428,N,26,1,19315.82,0,0,0,6084.42,11909.44,1.9
M0091429,N,52,1,9029.92,0,0,0,7565.71,7658.23,2.02
M0091430,N,36,0,4839.37,1,3,0,3156.81,5222.18,0.65
M0091431,N,62,1,17816.03,0,0,0,5650.53,12286.24,0.0
M0091432,N,69,2,8118.95,1,0,0,1455.64,8514.71,0.09
M0091433,N,33,1,5783.74,0,1,0,920.08,3942.48,1.04
M0091434,N,77,2,14066.15,1,0,0,1028.5,22002.83,0.5
M0091435,N,28,2,14913.02,0,1,0,8303.68,4560.7,1.43
M0091436,N,74,1,11669.89,0,1,0,2915.8,15503.3,2.02
M0091437,N,56,0,6876.48,0,1,1,1541.11,5618.86,0.0
M0091438,N,18,1,6237.2,1,1,1,3585.83,5183.63,0.46
M0091439,N,35,2,2955.61,0,2,0,1308.84,3001.97,2.27
M0091440,N,68,1,14620.64,0,1,0,3773.97,7995.3,1.53
M0091441,N,54,0,11345.87,0,0,1,7209.12,4362.36,0.95
M0091442,N,23,2,8872.37,0,0,1,2317.08,7895.92,0.0
M0091443,Y,78,5,429709.56,5,2,2,315388.75,99700.7,6.22
M0091444,N,65,2,29930.47,2,2,1,12624.74,12159.21,2.87
M0091445,N,53,0,2761.12,0,1,0,769.46,3491.47,0.37
M0091446,N,74,0,11642.1,1,1,0,1960.69,7422.63,0.0
M0091447,N,49,0,12622.08,0,0,0,3796.93,6551.63,0.75
M0091448,N,67,0,22876.47,0,0,0,8753.41,12073.9,1.06
M0091449,N,56,1,17591.06,1,1,1,5554.53,20008.49,0.94
M0091450,N,48,1,6759.25,0,0,0,766.18,9200.49,0.22
M0091451,N,19,1,19348.45,0,0,0,2977.57,12926.64,1.83
M0091452,N,52,0,7824.12,1,1,0,1382.45,5854.06,0.0
M0091453,N,69,1,3511.49,1,0,0,1923.51,3110.97,0.62
M0091454,N,59,1,9152.73,0,2,2,5754.48,10165.4,0.87
M0091455,N,53,0,11692.26,2,0,1,10254.68,4559.82,3.29
M0091456,N,60,3,38226.82,0,0,0,13659.38,18199.85,2.23
M0091457,N,53,3,20525.19,0,0,0,14433.7,9470.58,2.09
M0091458,N,39,2,13776.31,0,0,0,5283.0,5829.36,0.39
M0091459,Y,53,5,344747.37,3,3,4,150536.24,245745.68,4.69
M0091460,N,78,0,15825.97,0,1,0,5208.91,9295.36,1.66
M0091461,N,46,1,9986.02,0,1,0,4747.52,4939.87,2.18
M0091462,N,42,1,11070.78,1,1,0,2584.69,6718.4,2.01
M0091463,N,24,0,6678.14,0,1,0,3244.15,7261.75,1.75
M0091464,N,20,0,4163.19,0,0,0,3662.08,2639.34,0.14
M0091465,N,44,2,4564.48,0,0,0,814.4,4432.16,1.08
M0091466,N,73,1,12810.23,0,0,1,4411.55,11840.5,0.14
M0091467,N,55,0,3839.09,1,0,0,865.65,2504.25,1.12
M0091468,N,20,1,12205.08,0,0,0,1176.59,8959.12,1.87
M0091469,N,72,0,10443.88,0,0,0,5511.32,7794.5,1.72
M0091470,Y,43,4,323602.27,4,4,2,147103.1,212374.4,4.81
M0091471,N,64,1,7463.42,0,0,0,2269.74,6021.96,0.32
M0091472,N,51,0,5120.25,0,0,0,2810.65,6239.81,2.81
M0091473,N,56,0,12436.93,0,0,1,4698.31,15827.75,3.21
M0091474,Y,41,5,140602.15,3,1,4,48179.71,116177.86,3.47
M0091475,N,68,0,8810.22,0,0,0,592.58,9751.29,0.78
M0091476,N,53,2,18782.51,1,1,0,14030.78,17232.56,2.52
M0091477,N,59,3,5806.0,0,0,0,661.47,4016.62,1.58
M0091478,Y,44,4,114803.33,2,2,5,38429.29,89827.26,4.56
M0091479,N,63,0,16516.78,0,0,0,1606.66,13813.82,1.18
M0091480,N,64,1,9678.97,1,0,0,3974.43,5259.69,0.0
M0091481,N,48,2,9422.46,0,0,1,1971.06,5400.33,0.81
M0091482,N,55,0,3581.04,0,0,0,3731.72,2350.49,1.62
M0091483,N,56,0,7863.16,0,0,0,5892.49,4469.8,0.0
M0091484,N,37,2,12161.92,1,1,0,7538.38,4747.67,1.17
M0091485,N,33,0,20152.67,0,0,0,4258.38,12229.2,1.17
M0091486,N,33,1,10742.52,0,0,0,1514.18,16084.14,0.88
M0091487,N,54,0,13458.11,0,2,1,3189.24,11410.84,0.0
M0091488,N,24,0,9744.28,0,0,0,4341.33,4010.64,0.0
M0091489,N,79,2,24405.06,0,1,1,13098.04,8289.04,2.79
M0091490,N,34,0,19485.32,1,0,1,4240.0,13806.09,1.46
M0091491,N,26,2,9910.57,0,1,0,3575.7,5494.63,0.27
M0091492,N,65,0,7223.27,0,1,0,1957.99,4882.19,0.0
M0091493,N,31,2,14379.79,1,2,0,4380.67,6866.39,1.28
M0091494,N,23,0,13731.31,0,0,0,5216.31,7828.42,1.36
M0091495,N,70,0,4130.67,0,1,0,755.4,3801.83,0.87
M0091496,N,65,1,3920.04,0,1,0,480.66,2710.5,0.0
M0091497,N,52,1,9781.73,0,1,1,5214.43,9193.08,1.93
M0091498,N,65,0,11306.33,0,1,1,6339.45,3785.13,0.59
M0091499,N,71,3,11224.15,0,0,1,5579.29,13526.63,2.11
M0091500,N,21,1,4832.5,1,0,0,1179.7,3641.61,0.99
M0091501,N,33,0,9905.35,0,0,0,4027.67,5280.97,1.2
M0091502,N,78,1,4767.53,0,0,0,1469.03,4205.09,0.0
M0091503,N,54,2,16892.6,1,1,0,21290.98,3970.03,0.19
M0091504,N,24,3,42239.28,0,0,0,2278.62,32323.41,2.37
M0091505,N,49,0,11501.26,0,0,0,10235.23,6232.33,0.11
M0091506,N,23,1,16496.66,0,2,0,10610.49,17362.18,2.31
M0091507,N,61,1,10578.53,0,1,0,3758.44,7634.7,1.67
M0091508,N,31,0,21597.12,1,0,1,4899.47,12611.54,1.94
M0091509,N,27,1,11943.72,0,1,1,4875.0,15367.68,0.84
M0091510,N,32,0,11954.18,0,0,1,2644.28,9578.97,1.02
M0091511,N,38,0,14458.99,1,0,0,701.69,11967.66,0.0
M0091512,N,73,2,12366.44,1,1,0,3038.15,6986.15,2.07
M0091513,N,49,0,19663.12,0,1,0,3531.12,14732.67,1.16
M0091514,N,68,2,4989.25,0,0,1,1403.85,3666.73,0.77
M0091515,N,55,0,10640.72,0,2,0,5857.32,5770.02,0.83
M0091516,N,62,1,13904.98,1,1,0,4202.91,6758.6,1.0
M0091517,N,52,2,12994.2,0,0,1,931.25,11221.29,1.19
M0091518,N,58,1,6185.47,1,0,0,5176.14,2469.72,1.17
M0091519,N,31,0,10789.31,0,0,0,2578.88,6729.78,1.14
M0091520,N,60,0,8457.87,0,2,0,428.48,8158.94,0.59
M0091521,N,78,1,12282.91,0,1,0,1684.49,10449.29,2.01
M0091522,N,23,1,20910.1,0,1,0,7179.53,14933.27,2.53
M0091523,N,26,1,6814.21,0,0,0,609.53,9749.43,1.05
M0091524,N,41,0,11935.62,0,1,0,6287.47,8258.45,0.18
M0091525,N,50,3,18279.1,0,0,1,5587.53,23613.51,2.03
M0091526,N,28,4,10102.66,0,0,0,2188.42,9812.42,2.01
M0091527,N,18,0,7049.7,0,1,0,3567.09,4799.51,1.0
M0091528,N,42,0,15694.22,0,0,0,2914.99,15161.25,0.95
M0091529,N,60,1,7560.03,0,1,0,972.58,7283.61,0.37
M0091530,N,38,1,7075.38,0,0,1,6105.46,4107.28,1.18
M0091531,N,22,0,11287.3,0,0,0,5214.16,6686.35,0.09
M0091532,N,78,2,23905.54,0,1,1,6577.92,21781.21,0.53
M0091533,N,77,0,3265.71,0,1,0,2228.02,2795.02,1.69
M0091534,N,46,0,11053.48,0,1,0,4834.53,7705.97,0.46
M0091535,N,49,1,15445.94,0,0,0,10041.48,6856.84,1.79
M0091536,N,25,0,8041.06,0,1,0,1960.86,7307.79,0.37
M0091537,N,65,1,3724.52,0,1,1,1202.35,3632.94,0.0
M0091538,N,73,3,18222.06,1,1,0,4702.22,15656.84,1.93
M0091539,N,24,1,10958.32,0,1,0,2992.66,16451.82,2.51
M0091540,N,68,3,17183.48,0,0,0,6588.75,9945.97,1.32
M0091541,N,38,0,6562.77,0,0,0,1822.78,3662.47,1.36
M0091542,N,36,2,14128.51,0,0,0,2962.49,18807.17,2.57
M0091543,N,52,3,17180.11,0,0,1,2595.22,25670.6,2.13
M0091544,N,67,0,14730.49,0,0,0,4018.14,16005.98,1.11
M0091545,N,50,2,16532.57,0,0,1,2111.5,13140.96,2.3
M0091546,N,35,2,18767.0,0,1,1,11033.13,15797.15,1.27
M0091547,N,74,0,13277.85,0,1,0,1972.29,11861.8,2.22
M0091548,N,33,0,12660.53,0,1,1,3587.08,7369.9,0.82
M0091549,N,71,2,26577.98,0,2,1,2814.96,18446.19,1.87
M0091550,N,59,2,14091.63,1,3,1,4241.03,9727.57,2.93
M0091551,N,76,1,6941.34,0,0,0,680.31,7014.79,0.0
M0091552,N,74,1,847.37,0,0,0,275.13,1198.93,1.87
M0091553,N,35,1,14325.19,0,0,1,719.43,11189.27,0.45
M0091554,N,63,0,13834.24,0,1,0,924.98,11300.91,0.8
M0091555,N,38,0,20133.91,0,0,0,1625.45,14638.47,1.28
M0091556,N,35,2,5911.86,0,0,0,1460.17,4332.34,1.58
M0091557,N,68,1,3482.03,1,0,0,1424.29,3171.3,1.45
M0091558,N,72,3,24176.75,0,2,1,6293.63,27367.03,1.34
M0091559,N,25,1,12925.84,0,0,0,776.78,15128.24,0.29
M0091560,N,29,1,5070.37,0,0,1,1305.17,3736.96,1.4
M0091561,N,60,0,14456.26,2,0,1,2056.21,11256.99,0.66
M0091562,N,46,0,3284.91,0,0,1,781.59,3461.69,0.62
M0091563,N,67,2,8165.31,0,0,0,2994.87,10477.98,2.2
M0091564,N,66,0,8102.26,1,0,0,1844.18,6187.59,1.12
M0091565,N,57,0,13904.75,0,0,0,1970.55,14426.86,1.43
M0091566,N,75,1,15003.88,0,1,0,8934.37,10227.22,3.1
M0091567,N,73,0,9613.65,0,0,0,3769.48,8538.13,0.3
M0091568,N,70,0,3734.96,0,0,0,966.76,5485.29,0.0
M0091569,N,36,1,6453.17,0,1,0,2621.89,5523.21,1.43
M0091570,N,73,2,7861.15,1,0,0,6318.3,6247.66,0.21
M0091571,N,60,0,7677.4,0,0,1,676.13,11113.71,0.0
M0091572,N,48,0,4218.57,0,1,0,921.21,4920.57,0.41
M0091573,N,23,0,8528.13,0,0,1,5361.32,7391.42,1.5
M0091574,N,36,2,11112.78,0,2,0,4360.45,9940.72,2.01
M0091575,N,59,2,8664.68,0,1,1,2596.55,6246.82,0.22
M0091576,N,23,1,14905.9,1,1,0,2777.35,16828.08,0.38
M0091577,N,46,2,6344.83,0,0,1,3665.21,2435.83,0.0
M0091578,N,45,1,24191.97,0,0,1,5859.3,16398.31,1.19
M0091579,N,49,1,11502.67,1,1,0,3821.65,9972.0,1.34
M0091580,N,63,2,4135.37,0,0,0,1671.8,4456.16,0.82
M0091581,N,57,0,14400.55,0,0,0,16977.4,6590.49,0.0
M0091582,N,66,1,3220.55,0,0,0,757.85,3298.0,0.71
M0091583,N,80,0,9679.2,1,2,0,9447.78,4884.37,1.31
M0091584,N,19,1,6563.59,0,0,0,1053.13,9824.16,0.0
M0091585,N,20,1,5926.91,0,0,0,2488.91,6381.53,0.36
M0091586,N,49,0,8081.18,0,1,0,4384.12,7068.95,0.0
M0091587,N,56,0,10172.49,0,1,0,3184.73,9900.68,0.8
M0091588,N,39,0,3913.95,0,1,1,1304.54,4624.03,1.06
M0091589,N,34,1,10359.04,0,0,0,5286.04,3236.54,0.49
M0091590,N,43,0,29573.47,0,0,1,927.08,33258.36,2.23
M0091591,N,26,0,13881.19,1,0,1,5094.76,10948.87,0.19
M0091592,N,67,0,2302.74,0,0,1,772.54,1717.26,0.61
M0091593,N,51,0,23840.43,0,2,1,6964.12,19332.94,0.75
M0091594,N,36,1,6233.36,1,1,0,3977.59,6150.27,0.0
M0091595,N,45,0,10260.43,0,0,0,4864.35,5187.65,0.33
M0091596,Y,50,5,186052.36,1,2,2,33159.71,209521.6,2.44
M0091597,N,42,0,8375.68,0,2,0,3090.0,8993.98,0.19
M0091598,N,33,0,21826.83,0,0,1,1190.09,19675.5,0.46
M0091599,Y,80,4,231203.21,4,4,2,93141.41,136363.17,4.51
M0091600,N,54,0,2418.38,0,1,0,1030.64,2782.67,0.0
M0091601,Y,83,4,232089.97,5,3,6,125592.68,198280.69,4.15
M0091602,N,44,1,7289.21,1,2,0,1055.86,8561.65,0.0
M0091603,N,41,0,5177.97,0,1,0,1961.11,2522.12,0.69
M0091604,N,47,1,13902.07,0,1,0,9859.83,7696.93,1.99
M0091605,N,31,0,3391.73,0,0,0,2057.07,2588.65,0.91
M0091606,N,38,0,6674.75,0,0,0,1283.56,5672.12,1.79
M0091607,N,61,2,49904.44,0,2,0,26019.11,27397.77,1.19
M0091608,N,62,0,17416.3,0,3,0,3537.28,19485.0,1.02
M0091609,Y,41,6,331659.9,3,5,5,133148.9,229978.63,6.87
M0091610,N,25,0,6533.98,0,0,0,947.04,6119.39,0.9
M0091611,N,34,2,13643.3,0,0,2,3690.54,14353.52,0.23
M0091612,N,75,0,7002.86,0,0,0,2306.99,8108.95,0.44
M0091613,N,20,0,4702.06,0,0,0,785.1,4694.69,0.71
M0091614,N,76,0,3805.16,0,0,0,267.04,3202.22,1.27
M0091615,N,71,0,26283.63,1,0,1,2348.28,19348.43,2.59
M0091616,N,44,0,7288.25,0,0,0,3567.98,3086.34,0.05
M0091617,N,74,2,14384.02,0,0,1,3735.94,9258.75,0.0
M0091618,N,20,1,18514.3,0,0,1,9020.0,7996.58,1.78
M0091619,N,33,1,7264.02,0,0,0,1714.55,10250.0,1.68
M0091620,N,44,1,8431.57,1,0,0,4351.45,8361.52,0.0
M0091621,Y,61,7,217060.62,3,6,2,85968.58,109932.47,3.97
M0091622,N,24,0,10579.54,0,1,0,3169.75,7007.57,1.92
M0091623,N,65,2,30583.83,2,0,0,15959.22,8352.35,0.14
M0091624,N,21,0,1403.15,0,0,0,738.76,1627.27,0.46
M0091625,N,20,3,23407.47,0,1,2,10210.98,15365.39,2.76
M0091626,N,61,0,14138.9,0,0,1,5211.18,18985.12,0.17
M0091627,Y,50,6,613212.79,4,4,5,405165.82,342531.91,5.99
M0091628,N,54,0,21609.23,0,1,1,12861.67,8465.13,2.01
M0091629,N,73,0,8163.6,0,0,0,5051.63,2845.57,1.62
M0091630,N,61,1,8763.01,1,2,1,1467.85,7406.41,1.18
M0091631,Y,38,3,311027.2,3,2,5,72636.91,252563.93,4.04
M0091632,N,37,0,7546.88,0,0,0,4315.29,3369.37,1.36
M0091633,N,25,0,8747.11,1,0,0,2023.31,5555.27,1.79
M0091634,N,45,0,17766.3,0,0,0,15272.95,2960.15,0.38
M0091635,N,66,2,4396.04,0,0,0,1798.14,3291.69,1.03
M0091636,N,49,2,9321.05,0,1,1,6175.34,2992.06,2.15
M0091637,N,38,0,6629.32,1,1,1,1304.23,8305.93,0.0
M0091638,N,34,1,35539.24,0,0,1,3956.83,25245.27,1.07
M0091639,N,44,1,6638.95,0,2,1,4103.66,7690.6,0.0
M0091640,N,31,2,2829.28,0,0,0,1535.97,2425.15,2.22
M0091641,N,48,2,30243.0,0,2,0,9367.87,16707.36,1.11
M0091642,N,30,0,8576.27,0,1,0,667.59,6249.39,0.39
M0091643,N,30,2,11264.78,0,0,1,1376.81,7501.63,1.3
M0091644,N,79,1,9583.66,1,1,0,1963.76,9213.65,1.83
M0091645,N,38,2,8502.58,0,0,0,1479.28,7326.23,0.52
M0091646,N,18,3,10249.7,0,0,0,2236.48,7378.08,1.25
M0091647,N,31,2,18507.82,1,0,0,1914.73,17755.52,1.35
M0091648,N,55,1,7669.38,0,1,0,5305.21,3520.53,4.07
M0091649,N,37,1,16485.48,1,0,2,10390.73,9046.85,0.6
M0091650,N,56,0,2678.08,1,0,0,1537.24,1679.59,0.0
M0091651,N,37,2,10391.73,1,2,1,10903.57,6295.91,2.76
M0091652,N,63,0,6281.52,1,0,0,3457.39,4608.22,0.84
M0091653,N,77,2,5641.81,0,0,0,2518.26,1891.78,0.76
M0091654,N,19,0,14090.62,0,0,2,6917.66,11764.27,3.19
M0091655,N,80,2,15048.57,1,0,0,1556.21,17956.71,1.61
M0091656,N,50,1,3574.42,0,1,0,1068.66,3870.02,0.0
M0091657,N,67,0,14643.84,0,0,1,4187.85,16145.6,0.86
M0091658,N,56,1,4372.72,0,1,0,2171.46,1859.36,1.45
M0091659,N,47,2,13498.34,0,3,2,1656.12,10215.3,1.01
M0091660,N,18,0,32461.0,0,0,0,1847.67,24987.99,1.03
M0091661,N,52,1,9682.88,0,0,0,1191.05,10302.95,0.76
M0091662,N,38,0,11732.04,0,2,0,7521.41,10938.06,2.07
M0091663,N,79,2,16773.59,0,0,0,2960.27,11164.85,0.42
M0091664,N,36,0,12011.25,1,0,0,1088.89,9525.05,1.25
M0091665,N,25,0,4269.78,0,0,1,805.62,2921.99,0.95
M0091666,N,40,1,8141.68,0,2,0,2054.5,6807.22,1.56
M0091667,N,51,1,8950.05,0,1,0,2599.45,10574.58,2.15
M0091668,N,76,0,12601.67,0,0,0,3413.14,10307.25,0.84
M0091669,N,30,3,6267.73,0,0,0,2837.59,3627.38,0.3
M0091670,N,51,0,10797.02,0,1,0,3077.93,5473.12,0.12
M0091671,N,61,1,7887.85,0,0,1,5766.03,1972.91,1.22
M0091672,N,50,2,23463.62,0,1,0,3116.64,19464.15,0.77
M0091673,N,34,0,3772.08,0,0,0,2185.6,4596.34,0.96
M0091674,N,57,1,16917.79,0,0,0,1560.76,12601.38,0.0
M0091675,N,71,2,34019.12,0,1,0,8312.9,28557.19,1.51
M0091676,N,55,2,22193.02,0,3,0,3024.34,26603.69,1.0
M0091677,N,80,3,21016.01,0,1,0,13790.76,8320.32,2.05
M0091678,N,46,2,7666.27,1,0,0,1410.38,7476.49,2.15
M0091679,N,44,1,19269.51,0,1,1,2193.67,13795.61,0.5
M0091680,N,51,1,10375.81,0,1,0,5597.6,2987.34,1.25
M0091681,N,67,0,13163.33,0,1,0,6079.75,9855.68,0.18
M0091682,N,31,1,13570.6,0,0,1,529.03,12248.72,3.03
M0091683,N,42,0,7568.51,0,0,0,3369.55,7211.99,2.65
M0091684,Y,76,7,270353.26,3,2,4,99042.62,164251.12,4.28
M0091685,N,79,1,4020.57,1,0,0,539.07,2761.7,0.39
M0091686,N,65,0,8897.01,1,0,0,1717.42,12969.72,1.1
M0091687,N,76,0,11152.21,0,1,0,2574.41,7606.32,0.44
M0091688,N,61,2,10570.79,0,2,0,3922.03,6174.1,1.67
M0091689,Y,61,5,107280.86,2,3,2,34820.6,97018.09,2.0
M0091690,N,48,0,15801.79,0,1,0,6317.85,13162.93,1.9
M0091691,N,36,1,14207.41,0,1,1,839.14,11917.18,0.13
M0091692,N,30,2,16748.72,0,1,2,4326.55,12614.71,0.0
M0091693,N,26,3,19523.89,1,0,1,3279.7,12567.97,1.95
M0091694,N,80,2,4700.69,0,0,0,2038.3,1972.72,1.28
M0091695,N,34,1,4546.48,0,0,0,1460.74,4613.21,0.25
M0091696,N,76,1,12045.47,1,0,0,1787.71,15856.44,1.33
M0091697,N,46,0,7642.85,0,0,0,840.28,9742.12,0.45
M0091698,N,53,2,15848.58,0,1,0,8490.3,7110.77,1.31
M0091699,N,57,2,11866.27,0,0,1,5424.25,7117.77,2.23
M0091700,N,63,0,3465.04,0,0,0,1713.75,2098.21,0.0
M0091701,N,58,0,32670.25,0,2,0,4058.78,40462.65,1.58
M0091702,N,59,0,4842.29,0,1,0,1671.48,4068.32,0.39
M0091703,N,64,0,3564.25,0,0,0,1642.31,2171.55,0.0
M0091704,N,68,0,4663.19,0,0,2,2176.56,4486.68,0.02
M0091705,N,29,0,3190.09,1,1,1,1650.85,3692.46,0.99
M0091706,Y,54,3,182870.38,5,1,5,26532.17,193754.88,3.53
M0091707,N,71,1,27518.13,0,1,3,15177.48,10852.57,1.81
M0091708,N,53,1,8039.76,0,0,0,4154.97,5262.16,0.06
M0091709,N,31,0,7606.79,0,1,0,3496.92,5578.13,0.3
M0091710,N,28,1,22895.36,0,2,0,4951.44,17065.29,1.26
M0091711,N,42,2,7589.08,0,0,1,1224.01,4770.05,0.94
M0091712,N,45,0,5554.16,0,0,0,1229.72,3657.52,1.8
M0091713,N,51,1,21711.81,0,0,1,2723.88,22590.91,1.8
M0091714,N,23,1,15631.41,0,0,1,2272.1,16617.33,1.18
M0091715,N,43,2,16330.14,0,3,0,4231.42,10864.17,1.46
M0091716,N,33,2,4330.24,0,1,0,2384.47,3000.08,0.58
M0091717,N,59,2,3943.85,0,0,0,1662.29,4616.34,0.0
M0091718,N,47,1,9571.57,0,1,0,2372.77,7750.81,0.78
M0091719,N,40,2,9826.78,0,1,0,2173.89,8089.15,0.67
M0091720,N,43,0,3762.36,0,0,0,826.29,4270.09,0.06
M0091721,N,38,2,7894.89,0,1,1,3842.01,10184.12,1.19
M0091722,N,20,0,9220.68,0,0,0,2008.96,5280.89,1.98
M0091723,N,32,0,5751.13,0,1,0,1174.09,7069.47,0.0
M0091724,N,34,1,5377.02,0,0,0,790.35,4524.7,0.0
M0091725,N,77,1,8665.52,0,0,0,3295.93,4384.09,0.86
M0091726,N,59,2,11096.43,0,1,0,5979.96,11318.45,0.42
M0091727,N,23,1,11170.24,0,0,0,1764.35,7942.75,0.0
M0091728,N,58,1,10409.63,0,0,0,4293.61,9875.15,0.14
M0091729,N,71,3,22168.75,2,1,0,4043.37,20048.95,1.73
M0091730,N,37,2,26448.18,1,2,0,2373.05,23230.71,1.12
M0091731,N,34,1,7116.69,0,1,1,2113.55,7418.64,0.84
M0091732,N,20,1,5838.51,1,0,0,1510.65,4861.65,1.17
M0091733,N,48,0,17489.43,0,0,0,2671.68,14131.83,0.0
M0091734,N,79,2,3012.94,0,0,0,1626.39,1586.43,1.32
M0091735,N,34,1,8192.55,2,0,0,3548.91,9079.74,1.02
M0091736,N,78,1,7904.66,0,1,0,1327.98,6469.8,1.38
M0091737,N,23,0,7956.41,0,2,0,4249.34,8154.9,0.93
M0091738,N,66,1,7336.82,0,0,1,6355.62,6561.7,2.32
M0091739,N,76,0,8661.57,0,0,0,2197.22,9693.12,1.31
M0091740,N,20,0,10625.41,0,1,0,1709.37,8524.45,0.48
M0091741,N,69,1,14277.47,0,1,1,11791.42,5703.96,2.76
M0091742,N,59,3,43307.15,0,0,0,5991.31,33923.32,1.85
M0091743,N,54,0,22107.38,0,0,1,2852.76,14891.46,0.95
M0091744,N,71,0,11141.87,1,1,0,6566.77,9731.79,0.93
M0091745,N,27,1,15382.86,1,0,1,2356.08,10809.5,0.72
M0091746,N,21,1,17477.53,1,2,0,5423.6,18961.34,0.48
M0091747,N,60,0,7732.71,0,1,0,569.99,5679.31,1.34
M0091748,N,32,1,12782.81,0,1,0,2723.57,7311.69,0.57
M0091749,N,32,1,24511.18,0,1,1,9957.28,14367.48,1.47
M0091750,N,71,0,5112.87,0,0,0,1421.7,4219.02,2.17
M0091751,N,24,0,8979.84,1,0,0,2861.82,6698.26,1.1
M0091752,N,48,0,3784.02,0,0,1,1584.48,1880.79,1.87
M0091753,N,18,2,9805.71,0,0,0,1826.93,8768.15,2.07
M0091754,N,60,1,5190.54,0,1,1,2276.55,2165.73,2.0
M0091755,N,67,1,2500.69,0,0,0,1049.55,1428.72,0.03
M0091756,N,49,2,7272.91,0,2,0,1311.72,10718.89,1.64
M0091757,N,44,1,8728.33,0,0,0,4337.36,2725.43,0.0
M0091758,N,79,2,40388.47,0,2,1,47559.21,23541.26,2.69
M0091759,N,69,2,25357.79,1,3,1,7819.54,13826.62,1.65
M0091760,N,42,3,8042.42,0,0,0,3246.12,5488.97,1.09
M0091761,N,36,3,6394.32,1,0,1,4460.51,6372.73,0.94
M0091762,N,49,2,11497.78,0,1,0,2521.38,12052.3,0.79
M0091763,Y,71,10,172302.76,5,7,4,56506.63,128967.74,5.5
M0091764,N,35,1,6760.47,0,2,1,699.67,5295.98,1.05
M0091765,N,43,3,18162.13,0,0,0,9508.08,5909.63,1.02
M0091766,N,19,1,19037.52,0,2,0,3911.52,11107.68,1.99
M0091767,N,23,2,4693.74,0,0,0,523.53,3764.18,0.0
M0091768,N,35,1,7138.36,1,1,1,973.42,11219.1,2.2
M0091769,N,70,0,5291.54,0,1,1,2111.34,4289.63,0.76
M0091770,N,38,1,2586.19,0,3,0,1553.14,2755.09,0.66
M0091771,N,52,2,19989.09,0,1,1,4465.88,13633.51,1.16
M0091772,N,44,1,2541.16,0,1,1,771.96,3816.21,0.87
M0091773,N,79,2,30412.33,0,0,0,4358.06,20448.66,0.87
M0091774,N,22,1,3778.08,0,0,0,1206.82,4513.64,0.72
M0091775,N,80,2,11337.68,0,1,1,2765.05,6481.42,1.59
M0091776,N,34,1,10177.23,0,0,0,3329.88,8671.89,1.28
M0091777,N,42,2,40722.58,0,2,0,3731.94,30543.76,3.49
M0091778,N,65,1,10612.77,0,1,0,5869.55,3039.81,1.55
M0091779,N,80,0,6208.71,0,1,0,557.38,7330.31,0.11
M0091780,N,66,1,22870.62,0,1,0,13762.6,8189.04,1.76
M0091781,N,67,1,17130.82,1,0,1,11165.25,7734.26,1.45
M0091782,N,49,2,10036.25,0,0,0,3849.07,11238.07,1.68
M0091783,N,26,0,20061.62,0,0,0,3834.95,16082.41,2.43
M0091784,N,40,2,5564.15,0,0,0,2696.13,4111.92,0.0
M0091785,N,47,1,9898.48,0,0,2,5388.79,10085.41,0.72
M0091786,N,61,1,35770.91,0,1,0,7481.92,48951.13,1.35
M0091787,N,55,0,22665.1,0,2,0,4099.68,19782.3,2.18
M0091788,N,40,1,34781.04,1,1,0,14603.1,20372.5,2.19
M0091789,N,68,0,6875.6,0,1,0,4401.91,7481.1,0.39
M0091790,N,21,0,7897.91,0,0,1,2155.19,8595.02,1.19
M0091791,N,77,1,13800.47,0,2,0,1514.42,11779.06,1.4
M0091792,N,49,0,2990.93,0,0,0,681.79,3148.8,1.68
M0091793,N,70,0,8214.17,0,0,0,2730.27,9859.4,0.94
M0091794,N,32,2,13824.89,0,0,1,3149.98,10489.82,1.82
M0091795,N,22,0,1606.13,0,2,0,1632.89,1241.49,0.49
M0091796,N,58,0,9284.85,0,2,0,3695.85,11878.69,1.84
M0091797,N,41,2,9201.66,0,0,0,4479.05,9944.02,1.52
M0091798,N,48,0,7870.75,0,0,0,3993.36,2791.63,2.2
M0091799,N,44,2,28458.06,0,0,0,5146.12,21462.32,1.67
M0091800,N,80,2,45458.52,0,0,1,4548.44,58646.09,1.09
M0091801,N,42,1,9825.31,1,0,0,3719.52,4523.36,0.85
M0091802,Y,70,2,125713.14,2,3,1,44056.88,95852.0,2.57
M0091803,N,25,1,6876.43,0,2,0,1855.59,4255.67,0.64
M0091804,N,19,2,10738.52,1,0,1,2912.44,8154.33,2.14
M0091805,N,54,4,13621.12,2,1,0,8817.0,8852.34,1.55
M0091806,N,62,2,27059.61,1,1,0,4400.05,18747.86,0.37
M0091807,N,46,0,12199.02,0,0,0,4425.58,5820.2,0.46
M0091808,N,70,0,14278.65,0,1,0,1935.1,11774.69,1.32
M0091809,N,63,2,8025.85,0,0,0,3357.55,8868.64,0.77
M0091810,N,68,0,8288.76,1,2,0,3939.49,6786.37,2.23
M0091811,N,27,2,10526.79,0,1,0,2490.81,5847.75,1.0
M0091812,N,38,1,7109.36,1,1,0,4236.96,7892.51,1.85
M0091813,N,18,1,3153.14,0,1,0,1550.62,3774.28,0.57
M0091814,N,60,1,9644.12,0,4,0,1431.62,10692.93,2.04
M0091815,N,32,1,10361.81,0,0,0,2378.59,7319.76,1.02
M0091816,N,77,0,6829.88,0,1,0,485.08,8746.86,0.0
M0091817,N,56,1,2222.02,0,0,0,1832.99,1555.09,0.11
M0091818,N,25,2,11943.73,0,0,0,6286.06,10630.52,0.34
M0091819,N,22,1,7089.63,0,0,0,847.87,9557.77,1.91
M0091820,N,45,0,14344.52,0,0,0,3529.75,16564.25,1.62
M0091821,N,34,0,14252.94,0,1,0,7532.46,8452.04,1.52
M0091822,N,39,1,33298.29,0,2,0,7315.7,19948.51,0.5
M0091823,N,18,1,15964.21,1,1,0,1620.27,11157.68,0.0
M0091824,Y,73,5,137355.68,1,4,2,51255.46,104796.78,3.97
M0091825,N,36,0,5239.62,1,0,0,939.99,5780.32,0.0
M0091826,N,27,1,25252.0,0,1,1,14088.89,13307.0,2.38
M0091827,N,28,1,21059.34,0,1,0,5622.5,14019.22,1.92
M0091828,N,80,0,28346.76,0,0,0,1242.56,25035.42,0.48
M0091829,N,20,1,6978.6,0,0,0,2109.15,9470.83,1.57
M0091830,N,79,0,19930.28,0,1,1,3552.77,16724.45,2.75
M0091831,N,39,0,9843.14,1,0,1,2781.49,9581.27,2.66
M0091832,N,71,0,7511.14,0,1,0,3012.81,6178.33,0.34
M0091833,N,23,0,5225.55,0,1,0,835.28,6420.46,0.55
M0091834,N,36,2,46171.23,0,1,0,4303.66,40762.76,0.27
M0091835,N,43,1,12759.51,0,1,0,3327.98,7053.77,0.0
M0091836,N,35,1,14265.98,0,2,0,4391.67,10640.21,0.12
M0091837,Y,46,8,132329.35,2,1,1,102067.74,85244.23,3.68
M0091838,N,72,1,7091.84,1,0,1,3835.12,5852.57,1.26
M0091839,N,61,0,5127.47,0,1,0,1549.97,3652.53,0.89
M0091840,N,46,1,6010.27,0,0,1,3697.42,3507.09,1.69
M0091841,N,67,0,4155.76,0,0,0,1150.4,6058.45,0.72
M0091842,N,20,0,8641.04,0,0,0,1019.23,7276.42,0.0
M0091843,N,31,3,7777.47,1,0,0,3127.76,5156.94,0.79
M0091844,N,48,0,13147.62,0,0,0,3660.17,14022.24,1.87
M0091845,N,54,1,13535.1,0,0,0,1505.88,13369.42,1.94
M0091846,N,70,3,17048.55,0,0,0,6206.99,14621.58,1.37
M0091847,N,20,1,18848.49,0,2,0,1197.36,17227.04,1.56
M0091848,N,68,2,37276.34,0,1,0,3988.45,31640.14,2.34
M0091849,N,34,1,16109.47,0,1,1,2082.57,13744.04,0.53
M0091850,N,60,3,4141.16,0,0,0,1082.0,2932.85,0.89
M0091851,N,36,1,30668.06,1,0,0,2813.26,22071.69,0.0
M0091852,N,51,1,5681.22,0,0,0,1474.23,5355.64,1.4
M0091853,N,32,1,9784.88,0,2,0,1617.86,10283.41,0.97
M0091854,N,23,1,19827.02,0,0,1,11056.54,13007.7,0.9
M0091855,N,68,0,14688.05,0,2,0,8027.9,10716.98,0.89
M0091856,N,77,3,7264.02,0,1,0,6417.53,5401.19,1.19
M0091857,N,51,0,4323.91,0,1,0,2063.1,1684.25,0.69
M0091858,N,64,1,4835.43,1,2,0,1751.28,2443.77,1.39
M0091859,N,64,0,3407.32,0,0,2,2097.33,2609.09,1.25
M0091860,N,68,1,4291.55,0,1,1,4473.26,1616.48,0.71
M0091861,N,75,0,9119.75,0,0,0,2133.64,5685.68,1.74
M0091862,N,28,1,8297.66,0,1,0,3660.73,4197.67,1.51
M0091863,N,64,2,13282.62,1,1,0,2024.36,8914.43,0.0
M0091864,N,31,0,13830.28,0,0,0,6110.61,6956.82,0.43
M0091865,Y,85,2,278180.43,4,7,6,118834.81,171786.96,6.4
M0091866,N,33,3,43130.14,1,1,1,5358.28,30868.78,1.98
M0091867,N,19,0,65274.45,0,0,1,3793.21,50704.46,1.3
M0091868,N,22,1,10119.89,1,2,0,1623.55,7775.99,1.45
M0091869,N,33,2,5301.5,0,0,0,872.83,4140.07,0.98
M0091870,N,61,1,2393.25,1,0,0,720.77,1894.6,0.5
M0091871,N,38,2,14178.59,0,0,0,1290.34,15263.76,0.94
M0091872,N,21,1,12887.68,1,2,0,4917.21,7250.7,2.08
M0091873,N,25,0,8221.6,0,0,0,1110.99,7783.41,0.0
M0091874,N,40,3,9937.97,0,1,0,4686.71,7221.23,0.09
M0091875,N,47,0,12248.05,1,0,0,1922.31,8268.22,2.72
M0091876,N,49,1,6122.21,0,1,0,2312.49,8262.48,0.28
M0091877,N,79,0,8218.76,0,0,0,495.95,8100.99,0.08
M0091878,N,33,1,6688.11,0,0,1,725.45,6330.39,0.22
M0091879,N,20,0,4422.67,0,0,0,1894.32,3616.15,0.79
M0091880,N,34,0,10360.4,1,1,0,2564.48,9267.23,1.09
M0091881,N,47,2,34070.69,1,1,1,5800.88,25913.9,2.79
M0091882,N,52,2,4944.11,0,2,0,2266.52,3399.38,1.31
M0091883,N,31,2,12999.8,0,2,2,1441.76,10420.67,0.91
M0091884,N,25,2,10274.85,0,0,0,5914.92,6765.33,1.59
M0091885,N,51,2,8922.09,0,1,1,2720.29,4456.48,1.76
M0091886,N,47,0,3619.23,0,0,0,1053.99,3481.74,0.91
M0091887,N,51,1,16667.74,0,2,0,913.95,16929.16,2.07
M0091888,N,45,1,4655.56,0,0,0,1172.85,3723.69,0.0
M0091889,N,30,0,11179.71,0,0,0,3811.82,5850.65,2.16
M0091890,N,20,0,20078.61,1,1,1,1190.93,23387.36,1.38
M0091891,N,34,3,24393.38,1,0,0,8299.67,13825.31,2.65
M0091892,N,45,2,8103.46,0,1,0,2448.92,11835.67,1.92
M0091893,N,40,0,32388.92,0,2,0,4060.61,22171.2,2.05
M0091894,N,34,1,47725.07,0,0,2,7828.45,35635.54,0.51
M0091895,N,37,1,30415.83,1,1,0,4534.11,22544.44,1.66
M0091896,N,27,1,4353.14,0,1,0,2512.77,4968.64,0.0
M0091897,N,48,1,11680.06,0,0,1,3130.09,6956.3,0.63
M0091898,N,49,1,14544.46,0,0,0,1630.26,12005.56,0.0
M0091899,N,52,0,4514.05,0,0,0,2649.14,4132.45,0.62
M0091900,N,24,1,22677.86,1,1,0,11723.27,7583.35,1.22
M0091901,N,45,2,13833.1,0,0,2,1021.05,10591.24,0.32
M0091902,N,39,2,7633.66,0,0,0,2949.73,7322.02,2.27
M0091903,N,54,0,28402.0,0,0,1,14202.59,16018.76,1.77
M0091904,N,47,0,11781.81,0,0,0,2518.21,10042.01,0.0
M0091905,N,66,2,11289.3,1,1,0,3105.13,12304.06,1.42
M0091906,N,24,1,3369.16,0,0,1,1649.37,1839.18,0.92
M0091907,N,29,1,5105.36,0,0,0,988.74,5642.72,2.85
M0091908,N,28,2,4978.76,0,2,0,2691.89,1686.22,1.62
M0091909,N,79,0,3814.72,0,1,0,864.37,2925.32,0.81
M0091910,N,59,1,11611.44,0,0,0,902.34,9300.92,0.2
M0091911,N,49,0,21442.02,0,0,0,2913.5,16089.23,1.72
M0091912,N,77,0,12192.16,0,0,0,5412.46,9784.11,1.53
M0091913,N,55,0,5248.99,0,0,0,828.31,7849.43,1.26
M0091914,N,25,0,22867.28,1,0,1,17323.01,7847.14,2.32
M0091915,N,62,1,7304.17,0,0,0,990.45,5813.02,0.0
M0091916,N,78,1,14263.05,0,0,0,3486.8,9124.96,0.49
M0091917,N,64,1,14179.89,0,1,1,6656.34,12339.17,1.95
M0091918,N,19,1,7624.07,0,0,0,813.34,9069.8,1.01
M0091919,N,29,1,10118.72,1,1,1,2100.71,9674.38,0.4
M0091920,N,46,2,19267.57,0,0,1,6783.86,15543.26,1.21
M0091921,N,48,0,14621.61,0,4,0,1449.72,13244.36,1.54
M0091922,N,50,2,23602.49,0,0,0,12581.78,8031.72,1.37
M0091923,N,25,2,16187.38,0,2,0,6244.22,13308.17,1.21
M0091924,N,25,0,2644.4,0,0,0,526.64,1670.66,0.4
M0091925,N,74,0,22403.08,0,0,0,4939.71,16911.02,0.0
M0091926,N,18,0,7553.77,0,0,0,2783.56,5284.59,2.67
M0091927,N,36,0,16178.85,0,2,0,2223.5,11243.0,0.03
M0091928,N,52,0,13820.84,0,2,1,2273.29,19775.08,1.88
M0091929,N,75,0,12998.39,0,0,0,2942.05,9802.8,0.21
M0091930,N,55,1,24210.82,1,1,1,3824.29,15871.9,1.35
M0091931,N,60,2,26324.86,1,1,0,9831.33,14485.92,1.81
M0091932,N,65,1,8746.37,0,1,0,1551.27,10585.33,0.9
M0091933,N,66,1,17546.51,0,0,0,7035.41,15874.31,1.35
M0091934,N,69,0,5935.27,0,0,1,1979.68,3134.42,0.34
M0091935,N,60,1,11300.5,0,0,1,6153.79,7586.98,1.36
M0091936,N,21,2,9929.89,0,0,1,10360.19,2119.84,0.75
M0091937,N,34,2,5741.42,0,0,2,4531.44,3884.36,1.23
M0091938,N,58,0,10378.82,0,0,0,2291.2,6987.78,1.14
M0091939,N,64,1,5551.21,0,0,1,2353.91,3137.1,2.01
M0091940,N,20,4,6396.46,2,1,0,1688.11,8137.79,3.12
M0091941,N,20,1,13006.25,1,1,0,7043.2,10131.74,1.8
M0091942,N,49,0,14492.33,0,0,0,7858.12,5778.96,1.07
M0091943,N,62,2,27081.54,0,2,1,10503.96,19252.98,0.61
M0091944,N,66,0,28953.3,0,0,1,3517.59,20823.99,0.92
M0091945,N,22,1,4227.57,0,0,0,1317.19,2638.49,0.87
M0091946,N,80,1,16584.38,0,0,0,2989.54,11891.39,0.97
M0091947,N,21,0,8596.85,0,1,0,2137.63,5559.75,0.0
M0091948,N,43,1,11795.91,0,0,2,6371.84,10401.32,0.0
M0091949,N,33,0,6139.34,0,0,0,2999.12,4520.03,1.94
M0091950,N,20,0,18652.43,0,0,0,5649.9,10840.79,0.71
M0091951,N,59,1,8427.42,0,0,0,560.97,6620.2,0.27
M0091952,N,40,1,4331.83,0,1,0,1182.08,2389.26,1.28
M0091953,N,26,2,13933.97,0,0,2,3874.59,9424.74,1.08
M0091954,N,56,2,20335.5,1,2,0,2187.43,21992.96,0.88
M0091955,N,45,1,10376.3,0,0,1,2622.66,11217.32,1.08
M0091956,N,20,0,5417.2,0,1,2,1810.67,6347.25,0.62
M0091957,N,77,1,18663.81,0,1,0,3532.54,11385.33,2.52
M0091958,N,43,2,25266.7,0,0,0,3199.48,18922.61,1.13
M0091959,N,67,0,2678.14,0,0,1,740.79,3111.45,0.0
M0091960,N,52,2,14887.57,0,0,2,9626.8,14800.6,3.1
M0091961,N,29,1,6806.26,0,2,0,794.64,7750.27,0.96
M0091962,N,47,0,2589.34,0,0,0,683.93,3739.77,0.69
M0091963,N,55,1,37967.06,1,3,0,4061.92,37762.7,0.7
M0091964,N,71,3,14106.2,1,1,0,4434.24,9052.52,1.6
M0091965,N,52,0,22832.92,0,1,0,4655.23,24804.33,0.48
M0091966,N,57,0,6451.24,0,2,0,2535.8,2691.85,0.99
M0091967,N,39,1,12864.18,0,0,0,2908.8,9794.76,1.66
M0091968,N,30,2,19963.54,0,0,1,4569.79,12152.92,1.68
M0091969,N,19,2,10504.25,1,0,0,3392.86,5443.25,0.06
M0091970,N,24,1,6359.59,0,0,0,736.5,4331.75,0.0
M0091971,N,71,2,18415.05,0,1,0,3663.33,13063.97,2.33
M0091972,N,46,2,23663.9,0,0,0,20142.28,5340.32,1.95
M0091973,N,20,1,8065.97,0,0,0,4224.57,8287.91,0.35
M0091974,N,60,1,15048.23,1,0,2,11160.01,6630.35,1.91
M0091975,N,50,2,7939.96,0,0,0,3548.8,3038.72,1.66
M0091976,N,29,1,32717.47,1,0,2,1521.7,25239.4,1.14
M0091977,N,62,1,19040.54,0,0,0,10960.65,11951.5,1.31
M0091978,N,39,0,5952.15,1,3,0,4213.58,4541.6,1.27
M0091979,N,47,1,7781.68,0,0,0,3755.03,6952.77,1.29
M0091980,N,51,1,11163.67,0,0,0,2284.92,13108.69,1.25
M0091981,N,36,0,9172.72,0,1,0,2635.86,5479.2,2.15
M0091982,N,58,2,12257.21,0,0,0,1997.41,12200.83,0.49
M0091983,N,51,1,47485.57,1,0,0,15169.49,26673.98,1.81
M0091984,N,71,0,11590.29,0,0,1,3508.79,7312.11,0.0
M0091985,N,28,0,12375.31,0,0,0,3816.75,6131.84,0.0
M0091986,N,41,2,20061.32,0,1,0,7918.0,14554.83,2.07
M0091987,N,38,2,29136.67,1,1,0,7326.82,35349.08,1.75
M0091988,N,50,0,7312.64,0,1,0,1766.04,3949.55,0.03
M0091989,N,44,0,5970.4,0,0,0,1783.51,7775.8,0.08
M0091990,N,38,0,8399.22,0,1,2,4002.27,5643.96,0.04
M0091991,N,27,0,11220.19,0,0,1,2519.5,7549.01,0.0
M0091992,N,40,1,4469.15,0,0,0,2229.3,3775.45,1.36
M0091993,N,32,0,5642.67,0,1,0,1048.04,5741.38,0.57
M0091994,N,31,0,5352.09,0,0,0,1976.99,2256.8,1.86
M0091995,N,21,2,11684.42,0,0,0,5582.07,12102.35,1.61
M0091996,N,28,2,5766.73,0,0,0,1410.8,4336.64,1.54
M0091997,N,54,2,31035.16,0,1,1,15171.63,13409.49,1.15
M0091998,Y,66,4,131762.74,3,2,4,71259.15,101334.87,2.3
M0091999,Y,70,7,222912.58,3,1,2,72258.37,121813.46,4.3
M0092000,N,79,2,5756.95,0,1,0,906.87,5867.36,1.83
M0092001,N,46,0,7241.61,0,1,0,2155.07,4766.17,0.0
M0092002,N,71,1,2740.95,0,1,0,506.26,2047.94,0.73
M0092003,N,46,2,19064.53,1,2,0,7481.11,10259.16,3.06
M0092004,N,31,1,8898.94,1,1,0,2897.77,5634.87,0.0
M0092005,N,54,2,7188.49,0,1,0,3055.36,3814.79,1.02
M0092006,N,28,0,21609.51,0,0,0,4553.31,17618.74,1.82
M0092007,N,68,2,7552.62,0,1,0,1319.22,6150.19,0.0
M0092008,N,33,3,9734.82,0,1,0,1409.37,8376.48,1.2
M0092009,N,18,0,3781.14,0,0,0,1255.27,2184.06,0.0
M0092010,N,45,1,7220.68,0,1,0,5406.51,3119.52,0.01
M0092011,N,33,0,4641.43,2,0,0,1027.75,3277.17,1.01
M0092012,N,40,2,17768.55,0,0,1,1893.3,13972.21,0.78
M0092013,N,60,1,10996.34,0,0,0,1519.58,7084.27,0.56
M0092014,N,46,2,16398.84,2,2,0,2332.66,17244.34,0.46
M0092015,N,42,2,6666.63,0,1,1,957.82,5009.99,0.18
M0092016,N,70,0,18965.71,0,1,0,6117.12,18232.0,0.38
M0092017,N,65,0,8082.12,0,0,0,6871.56,6584.37,0.94
M0092018,N,22,0,10771.44,1,0,0,7296.02,10888.12,0.15
M0092019,N,34,2,38528.93,1,1,2,4710.08,48565.21,2.1
M0092020,N,25,0,4270.33,0,0,0,423.32,3493.95,0.92
M0092021,N,39,1,21663.0,0,0,0,5930.88,28417.94,0.51
M0092022,Y,72,3,148605.63,1,1,4,73227.02,117652.82,2.8
M0092023,N,65,1,23191.92,0,0,1,11678.58,9236.12,0.42
M0092024,N,45,0,7466.09,0,0,0,3185.35,3279.17,0.0
M0092025,N,56,0,10496.72,1,0,0,2118.93,7252.43,0.0
M0092026,N,45,0,21866.42,0,0,0,1413.44,18948.09,0.0
M0092027,N,37,2,5835.87,1,0,0,2222.87,2854.85,0.66
M0092028,N,60,2,28934.5,1,0,0,3536.13,21476.78,0.81
M0092029,N,20,1,20541.48,1,1,0,12118.06,18743.02,2.15
M0092030,N,42,1,40786.38,0,1,1,26015.76,15105.18,2.19
M0092031,N,22,1,21955.16,0,0,0,11435.13,20023.09,1.09
M0092032,N,20,1,8489.05,0,0,0,4057.52,4133.18,2.46
M0092033,N,26,1,17601.79,0,1,0,6301.14,10009.17,2.85
M0092034,N,30,1,8759.5,0,0,0,2819.3,5912.0,1.0
M0092035,N,38,0,4181.42,0,0,0,911.38,5453.97,1.71
M0092036,N,32,1,25717.08,0,0,0,15326.81,5747.92,1.93
M0092037,N,40,2,15841.28,0,0,1,9151.41,9565.48,2.26
M0092038,N,66,2,22396.42,0,0,1,3935.13,19085.4,0.9
M0092039,N,49,1,14190.14,0,0,0,1280.38,11137.91,0.93
M0092040,N,76,0,3131.92,0,1,0,742.11,3893.76,0.77
M0092041,N,37,0,7915.35,0,0,1,2939.22,8330.29,0.4
M0092042,N,61,2,12574.66,0,0,1,4586.19,13210.92,1.22
M0092043,N,38,2,7259.36,0,1,1,2261.82,4063.93,0.95
M0092044,N,75,3,17488.15,0,0,1,5625.82,20287.34,1.89
M0092045,N,38,0,7647.71,0,0,0,2593.62,6357.2,1.58
M0092046,N,28,0,9181.91,0,0,0,1436.27,14634.97,1.57
M0092047,N,33,3,16581.48,0,0,0,1128.03,15329.68,1.93
M0092048,N,38,1,14571.9,0,0,1,3435.01,8382.88,1.22
M0092049,N,37,3,25690.99,0,1,0,4762.63,29301.35,2.46
M0092050,N,47,3,2568.75,0,0,0,1201.68,2514.61,0.0
M0092051,N,79,1,11222.54,1,3,2,2046.3,12172.37,2.28
M0092052,N,18,1,8334.19,0,1,0,5690.96,3620.79,0.43
M0092053,N,48,0,7113.11,0,0,0,1838.3,5134.3,1.17
M0092054,N,36,2,17130.88,0,2,0,16232.34,2651.52,1.82
M0092055,N,44,1,18365.21,0,1,0,3829.92,16069.65,1.54
M0092056,N,53,2,16534.11,0,1,0,6853.18,11582.98,1.38
M0092057,N,39,1,11770.05,0,0,0,1889.01,11724.39,1.01
M0092058,N,43,1,17077.98,0,1,1,8590.67,7725.55,3.18
M0092059,N,53,0,12196.5,0,0,0,3927.44,6050.17,0.86
M0092060,N,31,3,20521.53,1,0,1,3695.8,28492.96,2.55
M0092061,N,51,0,15901.76,0,1,0,2641.16,16154.88,1.13
M0092062,N,33,0,3305.28,0,1,0,1013.13,2446.17,0.55
M0092063,N,47,1,2309.23,0,0,0,542.79,1989.36,0.53
M0092064,N,31,0,12014.14,1,1,0,6362.62,11858.19,1.79
M0092065,N,39,0,4561.0,0,0,0,1313.79,4940.06,1.29
M0092066,N,49,1,6071.23,0,0,0,1603.79,5917.35,1.94
M0092067,N,68,0,8049.87,0,0,0,1475.46,5227.26,0.0
M0092068,Y,68,7,174243.6,5,4,5,44899.57,112473.88,5.39
M0092069,N,29,2,46479.97,0,0,2,3970.86,46384.94,0.61
M0092070,N,36,1,6184.51,0,0,0,2226.31,5726.92,0.0
M0092071,N,68,2,5883.04,0,1,0,1293.01,8757.18,0.0
M0092072,N,66,1,3349.93,0,0,0,755.6,3908.63,0.44
M0092073,N,19,0,5018.11,0,1,0,1175.87,4632.32,0.84
M0092074,N,57,2,10161.66,0,0,0,5976.77,4842.35,0.86
M0092075,N,66,1,24928.16,0,1,0,14331.03,6938.57,1.93
M0092076,N,47,1,15224.78,1,0,1,1771.42,15410.24,0.42
M0092077,N,51,1,15637.94,1,0,0,6915.68,15627.76,1.56
M0092078,N,63,0,19136.41,0,0,0,2912.82,13669.62,0.98
M0092079,N,19,0,13659.39,0,0,0,2717.7,8803.4,0.71
M0092080,N,46,0,9723.37,0,0,0,1658.53,6647.34,1.19
M0092081,N,21,1,5900.93,0,1,1,6408.8,2647.98,0.0
M0092082,N,77,0,13743.01,1,0,0,4987.7,9141.49,0.65
M0092083,N,48,1,16575.93,0,1,1,1896.96,13190.49,0.15
M0092084,N,70,0,10701.22,0,0,0,945.29,8602.81,0.0
M0092085,N,21,0,9636.77,0,2,0,2704.01,14574.64,0.68
M0092086,N,67,2,5743.46,0,1,0,1474.24,7909.62,0.63
M0092087,N,46,1,33585.82,0,0,0,3469.36,29334.82,0.0
M0092088,N,79,0,5584.6,0,0,0,2482.79,2282.11,2.62
M0092089,N,66,1,7874.4,0,0,0,777.45,11057.92,0.57
M0092090,N,43,3,12085.15,0,1,0,2822.13,10417.31,2.5
M0092091,N,27,0,2459.36,0,0,0,978.48,1981.67,0.44
M0092092,N,37,2,16089.02,0,2,1,433.69,18027.47,2.28
M0092093,N,49,1,15569.69,0,2,1,3218.84,10466.94,1.36
M0092094,N,37,0,4845.61,0,0,0,1352.37,2894.55,0.0
M0092095,N,25,0,2287.25,0,0,0,800.9,3005.01,0.12
M0092096,N,66,0,2340.02,0,0,0,1230.84,1561.88,0.63
M0092097,N,70,0,5793.18,0,1,0,3207.0,3030.5,0.19
M0092098,N,74,1,19375.23,0,0,0,2363.32,23023.32,1.09
M0092099,N,24,0,22552.83,2,2,0,9514.3,16854.71,2.54
M0092100,N,72,1,8483.81,0,2,0,3108.67,4830.04,0.51
M0092101,N,20,2,19481.84,1,0,0,7339.48,14018.56,1.07
M0092102,N,33,0,6711.26,0,0,1,826.39,4633.9,0.71
M0092103,N,48,0,11692.05,0,0,0,2611.87,8309.55,0.0
M0092104,N,80,0,3446.73,0,1,0,665.37,2671.51,0.31
M0092105,N,69,2,5089.27,0,0,0,615.67,6465.73,0.0
M0092106,N,55,0,12234.68,0,1,0,5053.91,6056.41,1.02
M0092107,N,69,1,32968.07,1,0,0,16399.01,10324.9,0.63
M0092108,N,77,1,13066.86,1,1,1,7277.1,9097.88,2.32
M0092109,N,73,0,17292.95,1,0,0,4825.69,9417.42,0.0
M0092110,N,68,0,10513.73,0,0,0,1566.42,7257.28,0.17
M0092111,N,27,4,14205.48,0,0,0,10271.21,12936.98,1.76
M0092112,N,38,1,18014.72,0,0,0,5240.66,9949.6,0.06
M0092113,N,73,0,24118.28,0,2,1,9049.22,16803.06,0.91
M0092114,N,52,2,7929.81,0,1,0,4201.12,3200.51,0.0
M0092115,N,29,0,4844.93,1,2,0,1544.07,6031.52,2.32
M0092116,N,63,1,16889.38,0,0,0,582.96,21004.57,2.47
M0092117,N,62,2,13695.03,0,1,2,954.56,15366.23,1.15
M0092118,N,60,0,8231.59,0,0,0,1769.25,7856.45,1.73
M0092119,N,39,1,14227.77,0,0,0,3134.4,16322.2,2.31
M0092120,N,33,1,10248.45,1,1,0,923.98,10058.94,1.15
M0092121,N,18,3,13061.4,1,0,1,7830.2,8581.61,2.73
M0092122,N,53,0,5045.38,0,0,0,837.13,3383.54,0.7
M0092123,N,35,1,24875.7,0,0,1,5458.88,21377.75,1.1
M0092124,N,19,3,6210.23,0,0,0,1708.44,6346.04,1.13
M0092125,N,73,0,6757.35,0,0,0,3424.21,8310.62,0.58
M0092126,N,30,1,7388.68,0,0,0,5988.72,7332.61,1.05
M0092127,N,67,2,4219.56,0,0,0,3640.65,3978.73,0.24
M0092128,N,57,1,10121.98,1,1,0,1760.88,6885.82,0.95
M0092129,N,32,0,5221.0,0,0,1,2214.86,4750.35,2.54
M0092130,N,44,2,23123.66,1,3,0,2104.99,19109.79,1.61
M0092131,N,20,2,9495.56,1,0,0,4982.14,8890.81,1.86
M0092132,N,58,1,7714.75,0,1,1,6778.6,4744.04,1.42
M0092133,N,68,0,13897.38,0,0,1,3940.57,7196.31,0.26
M0092134,Y,61,5,353926.09,2,5,4,114046.22,201256.56,5.58
M0092135,N,21,1,11084.99,0,1,1,2414.51,8219.37,1.04
M0092136,N,37,1,3683.21,0,0,0,1459.1,2249.75,0.0
M0092137,N,46,2,16150.25,1,1,0,5912.92,21184.22,0.91
M0092138,N,73,2,19130.72,1,0,1,4395.56,13841.29,2.37
M0092139,N,48,0,26481.76,0,0,0,4599.3,25854.45,1.8
M0092140,N,66,0,6508.01,1,0,0,3653.56,7447.53,0.0
M0092141,N,53,3,20705.6,0,1,0,3134.57,32139.29,1.49
M0092142,N,36,1,15684.07,0,0,0,7592.25,15210.28,1.74
M0092143,Y,53,4,243129.2,4,2,4,122651.42,110183.71,7.38
M0092144,N,72,1,10727.74,0,0,0,3973.57,10279.38,1.13
M0092145,N,79,1,8137.04,1,1,0,4196.72,9118.12,0.0
M0092146,N,38,2,14514.28,0,1,0,6631.98,6432.58,2.29
M0092147,N,78,1,4483.76,0,0,0,3558.77,3542.19,0.73
M0092148,N,34,2,4750.28,0,0,0,858.17,2864.52,0.0
M0092149,N,73,1,19552.66,0,0,0,733.02,34386.44,3.09
M0092150,N,24,1,7995.57,0,1,0,4674.88,6556.97,0.84
M0092151,N,77,0,19180.84,0,2,0,2524.02,14220.08,0.0
M0092152,N,72,0,12563.28,0,0,0,2971.69,9387.2,1.07
M0092153,N,73,1,10355.06,0,1,0,1587.15,11673.39,0.93
M0092154,N,58,0,12956.75,1,0,0,2065.65,9335.52,1.39
M0092155,N,32,2,14787.93,0,0,1,7424.87,13919.15,0.83
M0092156,N,74,2,39289.93,0,2,0,8686.68,29989.16,0.78
M0092157,N,45,1,18009.52,0,2,0,2654.61,14603.66,1.45
M0092158,N,44,0,5915.68,0,1,0,2135.99,3339.54,0.07
M0092159,N,24,1,9908.52,1,0,0,1887.55,12046.13,1.33
M0092160,N,76,1,17654.48,0,1,0,4356.54,9872.99,2.05
M0092161,N,22,0,5417.89,0,0,0,310.78,4131.45,1.7
M0092162,N,21,1,9100.81,0,2,1,5759.54,4957.7,1.43
M0092163,N,69,1,10357.94,0,1,0,4143.52,4217.28,1.2
M0092164,N,64,0,4575.9,0,0,0,1432.55,5608.33,1.08
M0092165,N,53,0,13674.89,1,0,0,2994.14,12566.39,0.91
M0092166,N,43,1,15024.4,1,0,0,8273.04,9761.13,1.18
M0092167,N,59,0,18786.58,0,2,1,4379.31,12334.41,2.32
M0092168,N,45,3,4112.25,0,0,0,578.69,2990.15,0.0
M0092169,N,51,1,15529.37,0,0,0,3635.36,12808.37,0.79
M0092170,N,18,1,12398.92,1,1,0,10466.71,9408.05,0.0
M0092171,N,24,1,3922.47,0,0,0,1933.86,1476.48,0.0
M0092172,N,45,1,4294.27,0,0,0,501.74,4569.55,0.22
M0092173,N,28,1,8639.1,0,0,0,2413.5,6440.48,2.24
M0092174,N,20,3,10126.51,0,2,0,2272.49,8033.71,2.26
M0092175,N,72,1,25690.37,0,1,2,3954.72,33999.35,0.0
M0092176,Y,71,5,193977.03,4,6,6,86674.5,156153.15,4.32
M0092177,N,63,0,11203.01,0,0,0,2441.97,15795.83,1.17
M0092178,N,49,1,8257.28,0,0,0,3207.86,3815.43,2.15
M0092179,N,61,0,25244.02,1,0,0,1703.44,29783.38,0.29
M0092180,N,29,0,15608.6,0,0,0,1714.72,17993.94,0.64
M0092181,N,49,2,22284.8,0,1,0,2752.57,18164.98,1.42
M0092182,N,25,1,7446.68,0,1,0,2369.99,5262.51,1.08
M0092183,N,19,2,26005.32,2,0,0,4533.68,26411.42,1.07
M0092184,N,59,1,14908.61,0,2,0,7579.98,14772.99,0.35
M0092185,N,72,0,6608.84,0,0,0,1209.33,4256.73,1.15
M0092186,N,32,1,11331.69,1,1,0,9721.03,5172.25,1.82
M0092187,N,74,1,8932.76,0,0,0,8937.16,4979.32,0.09
M0092188,N,68,1,10756.24,0,0,0,3143.87,7457.93,0.54
M0092189,N,18,0,7300.64,0,1,0,2022.77,10994.78,0.0
M0092190,N,52,1,23662.0,0,2,2,16578.4,2507.96,0.71
M0092191,N,60,0,11760.84,0,1,0,1077.05,9965.86,1.47
M0092192,N,51,0,17041.99,0,0,1,4045.32,14973.78,0.0
M0092193,N,56,0,9872.12,0,0,0,2351.81,8558.45,1.16
M0092194,N,39,0,4707.95,0,2,0,3854.53,3958.37,1.21
M0092195,N,43,1,10703.44,0,1,0,7204.11,11714.97,1.02
M0092196,N,78,0,5883.88,1,1,1,2113.84,3657.09,0.96
M0092197,N,68,3,10338.04,0,0,1,1334.01,10600.88,0.21
M0092198,N,23,0,9639.19,1,3,0,3516.39,8875.38,1.2
M0092199,N,52,1,4563.87,1,1,1,736.68,6896.35,0.0
M0092200,N,79,0,14284.57,1,2,0,11033.25,7110.62,1.83
M0092201,N,48,1,9680.87,0,0,0,1485.31,6943.02,0.0
M0092202,N,21,1,5317.28,0,1,0,3173.08,4611.33,1.51
M0092203,N,29,0,2679.12,1,0,0,502.33,3918.78,0.94
M0092204,N,61,2,12733.95,1,1,0,1112.96,12094.82,0.95
M0092205,N,37,0,4477.85,0,0,0,685.71,6855.63,1.83
M0092206,N,53,2,18870.28,0,0,0,5573.24,9413.37,3.19
M0092207,N,39,0,11646.64,0,1,2,7442.1,6166.38,2.05
M0092208,N,35,1,28494.58,0,1,1,13362.35,15131.72,1.83
M0092209,N,30,0,6877.81,0,1,0,2228.74,3939.38,0.0
M0092210,N,68,0,20562.52,0,0,0,16694.47,4704.9,0.96
M0092211,N,55,1,19723.71,0,1,0,3823.57,11757.45,0.0
M0092212,N,78,0,5555.22,0,0,0,1936.23,4650.03,1.63
M0092213,N,61,2,26385.28,0,3,0,22678.82,12828.47,2.76
M0092214,N,40,0,8663.82,0,2,0,4885.19,9413.16,0.09
M0092215,N,30,1,6932.87,1,0,1,2273.98,6572.9,0.36
M0092216,N,20,2,11077.61,0,0,0,4881.66,5816.28,1.37
M0092217,N,66,2,5632.45,0,2,0,5435.21,2497.29,0.57
M0092218,Y,40,3,81596.35,2,4,5,37861.29,48348.76,2.0
M0092219,N,63,0,4380.54,0,0,0,647.88,5484.63,0.0
M0092220,N,50,2,5882.87,0,0,0,1234.54,4247.75,0.98
M0092221,N,63,2,5833.43,0,1,0,2903.53,5679.58,0.0
M0092222,Y,54,4,165459.13,2,4,1,99835.74,136344.44,2.25
M0092223,N,35,0,7384.86,0,2,2,3981.63,3310.21,0.39
M0092224,N,28,1,15349.33,0,1,1,6678.4,11770.86,2.33
M0092225,N,52,0,15265.56,0,1,0,6355.24,12324.9,1.44
M0092226,N,54,1,25168.89,0,0,1,3121.88,16868.78,0.85
M0092227,N,63,1,6377.95,2,1,1,4954.39,2941.1,1.05
M0092228,N,77,0,11906.38,0,0,1,5374.0,5207.8,0.15
M0092229,N,56,2,7262.4,0,0,0,1750.11,5539.79,0.46
M0092230,N,79,0,9522.49,0,0,1,1206.24,14899.98,0.27
M0092231,N,57,3,11355.16,1,1,0,2303.04,14393.19,0.65
M0092232,N,74,1,10431.36,0,1,0,1829.61,7825.37,0.3
M0092233,N,20,1,12373.4,0,0,0,3522.09,15110.71,1.74
M0092234,N,79,2,9429.45,0,0,0,4442.97,6188.97,1.65
M0092235,N,57,0,27798.24,0,0,1,9171.17,14316.34,0.44
M0092236,N,65,2,3416.06,1,0,0,1307.05,2326.69,1.99
M0092237,N,30,2,22549.12,2,0,0,9387.94,10480.07,1.39
M0092238,N,53,0,16310.58,0,1,0,6986.54,21066.28,3.48
M0092239,N,77,1,3587.37,0,0,0,2522.19,2885.42,0.0
M0092240,N,31,2,11423.64,0,0,2,6678.68,4000.07,1.67
M0092241,N,70,2,21794.9,0,1,0,4740.42,16926.44,1.44
M0092242,N,23,0,11717.29,0,0,0,1676.31,10709.53,1.05
M0092243,N,30,0,19128.23,0,0,0,14767.32,9337.94,0.9
M0092244,N,45,1,16794.34,0,0,0,5815.42,11624.43,0.33
M0092245,N,29,0,4101.17,0,0,0,3655.45,2428.75,0.67
M0092246,N,64,1,7401.84,0,1,1,3085.0,4756.87,1.83
M0092247,Y,73,6,293894.43,5,5,2,76104.63,186340.79,5.37
M0092248,N,31,0,15423.06,0,1,0,7271.63,13324.03,0.81
M0092249,N,26,0,22811.77,0,0,0,2972.73,15254.37,2.28
M0092250,N,34,0,8497.05,0,2,0,7719.97,4201.82,0.5
M0092251,N,38,0,8311.15,0,0,0,463.51,6821.47,0.64
M0092252,N,68,0,15669.93,1,0,0,5973.97,6558.56,1.65
M0092253,N,47,0,13453.38,0,2,0,7903.96,4197.33,0.9
M0092254,N,37,2,6610.04,0,0,1,4564.35,5576.23,0.29
M0092255,N,54,0,20681.54,0,1,0,2216.75,20940.86,0.52
M0092256,N,80,1,29503.36,0,2,0,11147.6,12175.28,3.07
M0092257,N,30,0,15166.45,0,0,0,2244.54,12346.91,0.6
M0092258,N,70,0,2561.35,0,0,0,1216.15,1655.73,0.5
M0092259,N,18,0,20991.42,0,0,0,4448.87,12825.41,2.21
M0092260,N,72,1,8525.74,0,0,0,1223.07,6430.44,0.0
M0092261,N,61,1,22562.13,0,0,0,4863.82,18801.98,0.94
M0092262,N,55,0,10399.5,1,1,0,972.1,10484.53,0.7
M0092263,N,46,2,24154.78,0,1,0,10666.85,12837.63,0.74
M0092264,N,39,2,5031.89,0,1,1,1700.45,4561.25,1.54
M0092265,N,20,1,4599.47,0,0,2,1454.77,3690.92,1.24
M0092266,N,67,0,2140.73,0,0,0,582.75,1678.71,0.32
M0092267,N,54,3,16450.55,1,2,0,3126.87,12464.48,1.71
M0092268,N,28,1,7186.74,0,0,0,3493.88,7174.87,0.24
M0092269,N,40,1,23564.96,0,0,0,2179.69,16722.22,1.78
M0092270,N,22,1,3615.9,0,1,0,948.73,2604.21,1.09
M0092271,N,29,2,5327.53,1,1,0,701.18,4561.3,0.24
M0092272,N,48,2,11609.95,0,0,0,3592.75,6770.11,0.0
M0092273,N,56,1,3568.45,0,0,0,2479.35,3805.06,0.0
M0092274,N,48,3,7500.89,0,0,0,936.99,7384.23,0.0
M0092275,N,52,0,15629.9,1,0,0,5106.36,22417.7,0.92
M0092276,N,45,0,24945.77,0,1,0,4480.93,19597.14,0.58
M0092277,Y,79,5,150417.37,1,3,3,73726.73,127424.14,2.54
M0092278,N,42,0,2298.15,0,1,0,335.57,2235.91,1.1
M0092279,N,70,1,5191.21,0,0,1,3338.61,5273.81,0.51
M0092280,N,42,1,6129.78,0,2,0,2653.76,7345.52,0.87
M0092281,N,33,2,12820.11,1,1,0,3266.34,6892.63,0.11
M0092282,N,37,2,30092.7,0,1,0,5774.51,18260.54,2.26
M0092283,N,40,2,8406.64,0,1,0,1326.74,7278.72,0.98
M0092284,N,47,0,6277.68,0,0,0,747.56,6067.72,0.59
M0092285,N,23,0,6598.14,0,0,0,8499.89,3307.76,0.59
M0092286,N,34,0,8737.06,0,1,0,3434.89,9170.06,1.8
M0092287,N,62,2,18820.67,1,1,1,5524.23,15270.19,3.14
M0092288,N,38,3,12935.95,0,1,1,5490.54,6277.47,0.84
M0092289,N,31,3,17221.11,0,0,2,3223.87,12987.84,1.33
M0092290,N,67,0,8034.99,0,0,1,1617.29,6721.25,0.0
M0092291,N,34,1,16498.04,0,2,0,7239.38,13707.59,1.03
M0092292,N,52,1,3000.73,0,0,0,796.48,4152.86,0.0
M0092293,N,72,1,9099.71,1,2,2,1324.29,6678.06,1.62
M0092294,Y,50,5,407566.06,5,4,3,187601.99,191061.26,5.86
M0092295,N,44,1,10816.36,1,0,1,2876.51,10652.87,0.55
M0092296,N,45,1,2608.94,0,2,0,434.96,4118.03,0.0
M0092297,N,78,0,6457.93,0,2,0,961.56,7304.1,0.0
M0092298,N,48,2,18485.41,0,1,0,19101.43,8141.71,1.61
M0092299,N,47,1,5344.66,0,2,0,1847.87,4532.97,0.0
M0092300,N,68,1,7414.83,0,0,0,815.17,5497.47,1.27
M0092301,N,28,1,9338.38,0,1,0,1867.35,6480.94,0.53
M0092302,N,37,2,11821.07,0,0,0,3990.67,5380.65,0.97
M0092303,N,76,1,2228.81,0,0,0,806.9,2680.51,1.33
M0092304,N,25,2,19407.94,0,1,0,1810.5,24423.98,2.46
M0092305,N,25,0,9897.95,0,0,1,2867.31,6515.26,0.56
M0092306,N,59,1,5081.99,0,0,0,1030.22,3368.78,0.72
M0092307,N,62,2,21082.06,0,0,1,3170.28,29187.5,2.81
M0092308,N,52,0,4631.75,0,0,0,940.9,3194.62,0.0
M0092309,N,28,1,15234.02,0,0,1,4522.6,8562.2,0.61
M0092310,N,61,0,8390.9,1,1,0,1590.48,9676.72,1.36
M0092311,N,39,0,5522.04,0,0,1,2176.02,5897.09,1.53
M0092312,Y,53,2,306719.2,1,5,4,190887.88,64882.24,5.27
M0092313,N,53,2,18708.1,0,2,0,15721.57,17171.59,2.45
M0092314,N,26,0,30540.15,0,1,2,5622.58,20718.53,0.0
M0092315,N,19,3,18784.9,1,0,0,10467.08,7299.07,2.88
M0092316,N,65,0,6800.18,0,2,0,1810.01,7022.5,0.17
M0092317,N,47,1,14873.86,1,2,0,9362.86,14574.22,0.81
M0092318,N,76,0,5465.16,0,1,0,3903.02,4368.85,0.24
M0092319,N,70,2,15159.72,1,0,1,3285.45,10403.36,2.45
M0092320,N,45,2,12478.0,0,0,0,5168.69,13308.01,0.0
M0092321,N,27,0,7401.68,0,0,1,1125.56,4894.44,0.23
M0092322,N,66,1,29307.67,1,1,0,4165.48,26975.28,2.41
M0092323,N,62,1,8942.33,0,0,1,1634.64,7143.34,0.88
M0092324,N,34,0,6761.53,0,1,0,3646.88,4721.63,1.73
M0092325,N,75,0,48332.46,0,2,1,6874.47,38427.77,2.09
M0092326,N,70,0,17345.88,0,1,0,1528.72,15550.91,0.72
M0092327,N,67,0,3002.65,0,0,0,2532.44,2349.42,0.49
M0092328,N,47,1,11275.8,0,0,0,2241.87,7737.98,0.45
M0092329,N,27,0,13559.52,0,2,0,10155.59,9173.07,2.04
M0092330,N,70,1,9114.92,0,1,0,3044.93,4423.13,0.0
M0092331,N,79,0,6834.15,0,2,0,1453.88,4586.12,0.23
M0092332,N,26,2,17149.78,0,0,0,1810.52,16681.27,0.45
M0092333,N,35,1,23424.51,0,1,0,11138.65,20098.0,1.36
M0092334,N,31,0,9571.18,1,0,0,6354.6,4829.89,0.0
M0092335,N,49,1,20492.56,0,1,0,8832.88,16639.28,1.47
M0092336,N,41,2,10232.27,0,2,0,5355.29,10917.2,1.52
M0092337,N,63,0,5823.91,1,0,1,3117.95,5651.33,1.35
M0092338,N,18,1,11026.89,0,0,0,2938.65,12592.44,1.45
M0092339,N,77,1,16085.44,0,0,0,1267.44,11673.84,1.33
M0092340,N,23,1,7536.56,1,0,0,1798.26,5542.3,0.56
M0092341,N,39,1,5202.27,0,2,0,528.27,4871.67,0.0
M0092342,N,80,0,3661.26,0,2,1,701.24,3507.34,0.83
M0092343,N,27,2,8355.13,1,2,1,3843.09,7386.28,3.04
M0092344,N,28,0,16108.08,0,0,0,3979.44,16404.64,1.14
M0092345,N,40,1,6836.23,0,0,1,909.72,5321.98,0.07
M0092346,N,78,1,17681.84,0,1,1,8512.82,16807.37,1.47
M0092347,N,21,2,10529.4,2,3,0,5012.9,9538.73,3.29
M0092348,N,39,1,18050.37,0,1,0,2902.54,12263.84,1.57
M0092349,N,37,4,14620.36,0,1,1,13680.53,8181.07,1.73
M0092350,N,80,0,14320.17,0,0,0,1963.81,9335.28,1.81
M0092351,N,67,2,17467.97,0,0,0,1109.79,13928.7,1.19
M0092352,N,63,0,4792.93,0,1,1,1776.66,6500.73,1.39
M0092353,N,39,1,8740.85,0,1,0,3436.42,12180.22,0.85
M0092354,N,39,1,8528.58,0,0,0,4000.51,5647.08,2.04
M0092355,N,76,2,29280.69,0,2,0,6493.87,23562.31,2.84
M0092356,N,18,0,8712.11,1,1,1,2323.1,6781.79,1.34
M0092357,N,62,1,11946.8,0,1,0,2826.79,6695.76,1.89
M0092358,N,76,2,6442.61,0,0,0,4665.25,6437.3,0.66
M0092359,N,59,2,12101.08,0,2,0,4810.4,4740.96,0.55
M0092360,N,71,0,18643.36,1,0,0,8604.86,6560.78,0.0
M0092361,N,21,0,9228.66,0,0,0,1227.18,10051.46,1.56
M0092362,N,39,0,3225.43,0,0,0,956.22,3631.09,0.0
M0092363,N,56,1,9224.22,0,1,0,1329.79,11293.26,0.91
M0092364,N,47,1,3983.82,0,0,0,562.66,2889.92,1.92
M0092365,N,18,0,11485.06,0,0,0,2712.88,7037.05,1.09
M0092366,N,21,2,11719.12,1,0,0,1233.42,10128.9,0.86
M0092367,N,45,2,3170.1,0,0,1,1993.92,2349.6,0.59
M0092368,N,38,1,4849.53,0,3,0,1118.76,4477.83,0.84
M0092369,N,55,0,10336.38,0,0,1,1475.48,10844.79,0.0
M0092370,N,45,0,13815.47,0,0,0,1747.55,14342.35,0.93
M0092371,N,40,1,13380.92,0,0,0,5855.49,12702.63,2.43
M0092372,N,23,1,8665.73,0,2,1,5343.45,10180.91,0.55
M0092373,N,33,1,11259.82,0,2,1,6593.76,3665.52,0.75
M0092374,N,68,1,15287.93,0,1,0,3694.55,17365.97,1.85
M0092375,N,78,2,23470.63,0,1,0,3411.9,25846.82,1.06
M0092376,N,44,0,6131.97,0,0,0,807.83,5696.57,0.93
M0092377,N,46,3,15656.47,0,1,0,3759.28,23173.64,2.29
M0092378,N,39,0,11928.72,0,0,0,1462.07,9515.9,0.67
M0092379,N,68,1,24224.78,0,0,1,4753.58,16176.38,2.82
M0092380,N,77,3,19036.63,0,3,0,9541.96,7087.11,1.91
M0092381,N,37,0,4893.9,0,0,0,1738.47,3795.3,1.68
M0092382,N,18,0,13269.27,0,0,0,6547.55,8081.49,1.34
M0092383,N,60,2,20215.72,0,1,0,1580.26,15209.46,1.19
M0092384,N,26,1,10109.71,0,1,1,2421.46,11112.59,0.23
M0092385,N,36,2,12535.86,1,0,0,7284.53,9046.66,1.35
M0092386,N,71,0,17323.98,0,0,0,7959.58,7044.47,0.34
M0092387,N,52,0,17190.71,0,1,0,4563.17,10858.49,0.29
M0092388,N,72,0,16718.82,0,2,0,3488.9,14384.18,0.67
M0092389,N,51,3,12394.11,1,3,0,1788.78,8479.55,2.14
M0092390,N,35,3,18618.88,0,2,1,3864.9,17335.32,1.88
M0092391,N,61,0,2150.59,0,0,0,534.72,1918.3,1.56
M0092392,N,42,3,3141.32,0,0,0,1712.98,2001.94,0.0
M0092393,N,66,0,19009.84,1,1,0,5486.8,19202.77,0.74
M0092394,N,27,0,41903.51,1,0,2,8386.16,28815.51,3.04
M0092395,N,26,1,11022.84,0,0,0,4191.16,12545.0,2.65
M0092396,N,59,0,7373.3,1,0,0,2483.34,4724.36,1.28
M0092397,N,47,2,9621.37,0,0,0,3180.09,7012.69,1.02
M0092398,N,24,0,8601.37,0,3,0,7244.91,6751.92,0.0
M0092399,N,50,1,7017.06,0,1,0,1874.01,3940.74,0.45
M0092400,N,72,1,17976.47,0,2,1,3929.47,14815.72,1.96
M0092401,N,19,3,46606.83,0,0,0,9552.62,31483.56,2.26
M0092402,N,32,1,11112.21,0,1,0,3240.2,7830.23,1.48
M0092403,N,19,1,12266.69,1,0,0,2030.04,13300.16,2.18
M0092404,N,39,0,17148.74,0,0,0,8314.53,6359.27,1.33
M0092405,N,55,0,4157.25,1,0,0,1244.83,5268.39,2.51
M0092406,N,72,1,29342.41,0,0,0,2645.32,24517.8,1.04
M0092407,N,31,0,10691.8,0,0,1,1695.1,10539.72,0.0
M0092408,N,77,0,9713.33,0,1,0,1679.68,10787.93,0.0
M0092409,N,65,2,36508.43,0,0,0,6860.1,21938.74,1.98
M0092410,N,70,3,5074.04,0,0,0,1784.09,4118.84,1.33
M0092411,N,35,0,2858.51,0,0,1,936.46,2318.07,0.0
M0092412,N,52,2,18095.15,1,3,2,13734.57,7841.64,1.01
M0092413,N,26,2,8243.73,0,1,0,7457.01,4451.7,1.07
M0092414,N,35,1,3016.09,0,0,0,747.08,3121.89,1.84
M0092415,N,37,1,5802.19,0,0,0,3330.19,5821.17,0.0
M0092416,N,53,1,9628.67,0,0,0,3283.91,4304.58,1.34
M0092417,N,24,0,5118.85,0,1,0,2140.78,5712.82,0.07
M0092418,N,43,2,19780.71,0,1,1,4094.21,12997.73,1.76
M0092419,N,63,1,3853.84,1,0,0,1459.72,5453.65,0.46
M0092420,N,31,1,8265.04,1,1,0,1954.6,11455.65,1.34
M0092421,N,48,2,9834.22,0,1,0,3102.18,7867.27,2.14
M0092422,N,76,1,7813.12,0,0,0,2135.31,5377.76,0.0
M0092423,N,39,4,28954.89,1,1,1,9539.29,29435.46,2.99
M0092424,N,59,1,19431.05,0,3,1,6126.38,22113.0,2.94
M0092425,N,74,0,5258.15,0,0,0,934.21,4588.81,2.18
M0092426,N,27,2,6552.75,0,0,0,457.5,11302.77,0.69
M0092427,N,70,0,2988.6,0,0,0,2340.47,3083.25,1.23
M0092428,Y,43,2,106696.56,1,2,1,20943.32,126780.27,2.33
M0092429,N,65,3,15354.42,0,0,0,3376.57,16135.43,0.25
M0092430,N,78,2,14048.39,0,1,0,5090.8,17598.0,0.84
M0092431,N,48,1,19395.27,0,0,0,4213.64,15022.69,0.75
M0092432,N,76,0,13591.43,0,1,0,6748.38,13642.02,1.78
M0092433,N,77,2,18243.59,1,0,1,4478.44,14573.75,0.95
M0092434,N,45,2,11300.54,0,1,1,5387.15,4778.4,2.0
M0092435,N,38,0,10076.34,0,2,0,3527.24,7496.67,0.0
M0092436,N,28,0,8028.93,0,0,0,1946.67,7859.49,0.0
M0092437,N,23,0,17715.13,0,0,0,6652.33,7832.46,1.85
M0092438,N,70,1,34185.08,0,0,1,8768.43,33793.85,2.03
M0092439,N,54,1,16652.77,0,0,0,5090.13,11643.28,0.0
M0092440,N,28,1,5224.31,0,1,0,3466.15,2299.01,1.85
M0092441,N,60,0,6403.4,0,2,1,1742.49,4339.41,0.43
M0092442,N,26,0,8744.15,0,1,0,5328.78,4694.94,1.64
M0092443,N,45,0,21828.72,0,2,0,8095.92,10725.55,1.57
M0092444,N,45,2,12899.22,1,1,0,10364.92,4460.22,2.32
M0092445,N,66,1,6225.33,0,1,0,1652.72,5700.36,0.0
M0092446,N,49,2,16733.56,0,1,1,19430.82,3938.02,2.57
M0092447,N,25,1,9215.27,0,0,0,818.16,6607.36,0.0
M0092448,N,58,0,22636.6,0,0,0,918.19,17032.99,0.21
M0092449,N,27,1,17165.1,0,1,0,3860.05,12546.54,1.82
M0092450,N,64,1,19479.01,0,0,0,11611.58,18858.86,0.92
M0092451,N,45,1,5344.57,0,1,0,1661.48,3567.33,1.22
M0092452,N,27,1,1499.82,0,0,0,325.06,2165.12,0.55
M0092453,N,50,0,5771.33,0,0,0,300.55,6935.79,0.01
M0092454,Y,38,4,126489.97,2,2,2,57919.78,67217.39,2.58
M0092455,N,71,2,5951.11,0,0,0,1524.52,3343.83,0.9
M0092456,N,20,2,4772.26,0,0,0,2092.85,5473.77,0.13
M0092457,N,41,2,14465.73,0,1,0,1631.11,9866.47,2.66
M0092458,N,37,0,3363.16,0,0,0,977.66,2615.56,1.91
M0092459,N,80,0,10696.22,0,0,0,12799.92,2341.58,0.0
M0092460,N,37,1,5678.79,0,0,0,2874.5,7332.23,2.05
M0092461,N,26,1,41747.89,2,1,0,10027.93,25053.13,2.45
M0092462,N,80,0,18404.71,0,2,0,7665.38,18590.22,1.49
M0092463,N,57,0,6971.99,0,0,0,1305.59,6568.43,0.56
M0092464,N,54,0,13161.17,0,0,1,4453.3,9999.65,1.12
M0092465,N,43,0,15646.95,0,2,1,2711.11,9953.73,2.14
M0092466,N,46,0,15836.1,0,1,0,2273.14,11179.46,1.36
M0092467,N,77,0,19304.22,2,0,0,724.66,24933.76,0.27
M0092468,N,34,1,5301.89,0,0,1,1259.35,7113.04,0.18
M0092469,N,21,2,3607.34,0,0,0,828.41,2361.04,0.7
M0092470,N,48,3,27711.87,0,0,0,15705.82,6291.06,1.14
M0092471,N,75,3,36173.02,0,2,1,7326.46,24412.96,0.59
M0092472,N,55,0,7969.99,1,0,0,520.75,10082.54,0.0
M0092473,N,57,2,27229.49,0,1,1,2200.08,19466.48,0.27
M0092474,N,51,0,8802.23,0,0,0,5223.94,4342.53,1.09
M0092475,N,26,1,5402.23,1,0,0,1902.71,4458.95,0.71
M0092476,N,59,2,5622.01,0,2,0,4896.53,4384.28,1.84
M0092477,N,46,1,8270.49,0,0,0,1902.72,5027.47,0.79
M0092478,N,37,0,9511.32,0,2,1,735.36,7476.53,2.5
M0092479,N,32,0,3535.65,0,0,0,477.5,4925.3,0.07
M0092480,N,62,0,3147.94,0,0,0,799.84,4558.9,0.66
M0092481,N,58,0,14810.55,1,1,0,1832.11,12090.09,1.71
M0092482,N,27,2,8821.64,0,0,0,2278.74,6028.3,0.0
M0092483,N,22,0,12134.19,0,1,0,4355.91,7989.2,1.36
M0092484,N,36,1,4512.16,0,0,0,1339.17,4541.76,0.0
M0092485,N,77,0,6515.95,0,0,0,1576.03,9173.14,0.88
M0092486,N,65,0,5854.75,1,1,0,3074.73,3432.41,1.52
M0092487,N,20,2,27914.03,1,0,1,9114.09,15057.81,1.76
M0092488,N,64,0,5337.52,0,1,2,2049.82,2773.76,1.07
M0092489,N,24,3,14872.91,0,0,0,5055.53,11193.29,1.78
M0092490,N,31,0,7658.94,0,0,0,4374.92,6486.98,1.13
M0092491,N,63,2,9290.23,0,0,0,2726.6,13919.45,2.89
M0092492,N,37,2,13006.03,0,0,1,7898.83,11160.47,1.65
M0092493,N,35,0,10231.36,0,0,0,3229.05,6119.69,0.18
M0092494,N,22,2,5738.74,0,2,1,4266.1,6153.82,0.98
M0092495,N,52,2,40512.24,0,0,1,4839.09,36081.15,2.19
M0092496,N,68,0,5978.8,0,0,0,3371.14,4505.69,1.01
M0092497,N,35,1,4517.47,1,0,0,338.42,4502.91,1.06
M0092498,N,31,0,17183.97,0,2,1,9725.62,4823.64,1.01
M0092499,N,43,2,4072.8,0,0,0,2184.84,2315.69,0.77
M0092500,N,71,1,32489.06,0,1,0,9920.43,15718.23,2.8
M0092501,N,55,1,11126.31,0,1,0,1686.5,13739.2,1.21
M0092502,Y,68,5,233800.79,5,3,3,114519.78,126594.3,3.63
M0092503,N,51,1,19445.65,1,2,0,9869.14,10006.96,2.25
M0092504,N,67,1,10141.96,0,1,0,5999.44,2086.01,2.04
M0092505,N,73,2,6002.72,0,1,0,905.61,4789.17,1.6
M0092506,N,77,0,3893.83,0,0,1,1136.74,4430.51,2.24
M0092507,N,57,2,9934.55,0,2,0,3545.78,5812.68,0.71
M0092508,N,46,1,9598.47,0,0,1,2767.85,6113.2,0.12
M0092509,N,33,0,13035.49,0,2,1,6930.97,5402.17,1.04
M0092510,N,18,0,20921.75,0,1,0,3514.39,14661.42,1.53
M0092511,N,27,2,4403.35,0,1,0,818.82,4846.17,0.61
M0092512,N,44,1,9675.89,0,2,0,1082.37,7482.77,0.0
M0092513,N,73,2,12186.87,1,2,2,4082.29,12758.5,2.16
M0092514,N,41,0,12422.08,0,0,0,3647.1,10129.49,0.0
M0092515,N,42,1,10363.2,0,0,0,3167.78,8324.11,2.35
M0092516,N,29,3,16202.87,1,2,0,1728.08,11195.31,1.38
M0092517,N,19,2,4703.65,2,1,0,831.35,7152.35,1.89
M0092518,N,18,0,5985.55,0,1,0,2892.54,4812.83,0.0
M0092519,N,46,0,5845.43,0,1,1,2096.92,4812.84,1.26
M0092520,N,72,1,11906.63,0,0,0,5763.26,9372.6,1.81
M0092521,N,78,0,23073.11,0,0,0,2985.88,15193.3,0.01
M0092522,N,47,3,7101.54,0,1,0,3833.39,7852.92,1.8
M0092523,N,67,0,18717.17,0,2,0,3290.52,26050.53,1.4
M0092524,N,47,0,4404.02,0,0,0,2805.35,4725.96,0.68
M0092525,N,65,1,6549.72,1,0,1,2331.71,8148.91,2.28
M0092526,N,72,0,7790.58,0,0,0,2970.29,4589.14,0.0
M0092527,N,42,2,17532.35,0,1,0,7085.02,10712.33,0.88
M0092528,N,79,0,3673.18,0,1,0,1570.93,3069.22,1.22
M0092529,N,26,1,7541.32,0,0,0,1710.48,6940.6,0.0
M0092530,N,76,0,8548.45,0,2,0,2879.26,10481.33,1.37
M0092531,N,78,1,13622.8,0,0,0,8914.67,7836.49,0.59
M0092532,N,53,0,10163.89,0,0,0,4231.63,5321.45,0.06
M0092533,N,79,1,19465.16,0,2,0,8615.58,21256.35,1.42
M0092534,N,77,3,6850.63,0,1,0,874.56,7839.57,0.0
M0092535,N,54,0,3408.31,0,0,0,659.4,3995.64,0.75
M0092536,N,74,2,16544.28,1,1,0,2526.36,18231.8,1.38
M0092537,N,70,0,13952.78,0,1,0,3809.95,8532.16,1.06
M0092538,N,73,0,8793.25,0,0,0,1159.22,6793.64,1.56
M0092539,N,18,1,12726.19,0,0,1,4761.05,6696.24,1.78
M0092540,Y,72,5,427395.76,5,6,4,133788.77,329357.97,6.57
M0092541,N,26,0,14188.89,0,0,0,4022.17,9686.41,1.52
M0092542,N,30,1,5908.64,0,1,0,2573.76,5450.26,2.31
M0092543,N,30,2,29171.62,1,1,0,4859.93,20300.55,2.51
M0092544,N,71,1,16694.81,0,0,1,7661.89,13892.68,1.39
M0092545,N,29,0,13457.83,1,1,0,2947.87,11056.65,2.48
M0092546,N,49,1,7553.83,0,2,0,4430.75,5142.45,2.04
M0092547,Y,38,6,170675.59,3,3,1,70580.92,144654.13,2.42
M0092548,N,52,2,4217.21,0,1,1,4901.01,2675.2,0.46
M0092549,N,48,0,3928.98,0,2,0,881.55,3640.78,0.42
M0092550,N,28,3,6408.73,0,0,0,3781.94,3795.58,0.46
M0092551,N,64,2,20107.51,0,0,1,2253.84,21932.43,0.56
M0092552,N,20,3,27531.46,0,1,0,11503.28,20417.52,2.87
M0092553,N,32,0,5075.13,0,1,0,1630.53,5449.88,1.85
M0092554,N,47,2,17528.62,0,1,0,4671.88,14356.69,0.17
M0092555,N,74,0,17351.69,0,0,2,2737.16,16677.94,0.98
M0092556,N,79,1,22247.78,0,1,2,4062.96,13770.04,1.51
M0092557,N,21,3,19970.67,0,2,0,16908.72,6865.96,1.74
M0092558,N,41,1,10169.96,0,1,0,3234.76,6230.28,0.75
M0092559,N,77,1,22648.45,0,0,0,1095.14,17787.53,1.85
M0092560,N,44,1,5817.12,0,0,0,1285.76,4576.36,0.47
M0092561,N,71,0,5130.6,0,1,0,2015.42,4565.36,1.46
M0092562,N,20,0,3602.38,0,0,0,349.64,3976.1,0.0
M0092563,N,60,0,2018.18,0,0,0,509.28,1691.59,1.68
M0092564,N,28,1,5195.0,0,1,0,989.95,4303.94,1.09
M0092565,N,50,0,12860.27,0,1,0,5159.32,7610.22,2.84
M0092566,N,43,3,17354.1,0,2,1,4474.54,16290.85,0.0
M0092567,N,53,0,2176.68,0,0,1,1221.64,1871.1,0.93
M0092568,N,18,1,4984.29,0,1,1,1903.77,2963.25,0.01
M0092569,N,27,1,6320.21,0,2,1,4831.75,5898.4,1.98
M0092570,N,72,2,12432.56,0,1,0,3013.83,7231.61,1.91
M0092571,N,46,1,20345.31,0,0,1,2541.15,19167.32,1.76
M0092572,N,28,0,11630.84,0,0,0,2562.44,8057.93,1.42
M0092573,N,26,0,10925.1,0,0,0,4524.72,5034.79,1.92
M0092574,N,36,0,19652.12,0,0,0,4107.95,12066.87,1.38
M0092575,N,76,1,9667.48,0,1,1,3857.38,5782.19,1.85
M0092576,N,62,1,7276.97,0,0,0,1659.84,4322.88,1.07
M0092577,N,28,2,22465.65,1,1,0,6799.92,12436.77,1.46
M0092578,N,76,4,28891.85,0,0,0,9413.09,21002.9,0.62
M0092579,N,39,0,3860.78,0,1,1,3370.55,2816.38,1.27
M0092580,N,30,1,7442.88,1,0,1,2181.99,4609.57,1.76
M0092581,N,75,0,25130.5,0,1,0,1534.74,18962.15,0.19
M0092582,N,31,0,7562.38,0,0,0,2897.11,5106.02,0.96
M0092583,N,58,0,4179.72,0,0,0,912.38,2589.72,1.14
M0092584,N,38,0,9253.69,0,1,0,1641.59,5675.51,1.56
M0092585,N,74,1,8749.17,0,0,2,3981.46,2994.99,1.38
M0092586,N,61,0,5604.35,0,0,0,3675.33,4673.92,2.18
M0092587,N,23,1,8053.53,0,1,0,2905.33,8146.34,1.92
M0092588,N,60,0,13973.1,0,0,0,2809.59,12217.54,1.16
M0092589,N,71,1,10551.09,0,0,0,3217.39,6034.46,0.69
M0092590,N,73,2,16414.05,0,0,0,9127.01,8788.42,0.9
M0092591,N,33,0,8491.5,1,1,0,2806.06,7461.59,0.46
M0092592,N,69,2,5333.41,1,1,1,3421.02,5927.74,0.84
M0092593,N,66,1,15483.98,0,3,0,2055.5,19352.75,1.16
M0092594,Y,46,4,98022.42,3,3,4,64051.51,67005.71,2.29
M0092595,N,41,0,3612.02,1,0,0,1984.66,2886.34,0.82
M0092596,N,72,0,8560.04,1,0,0,4930.01,5997.81,1.55
M0092597,N,78,1,3783.2,0,1,0,1255.71,4079.14,0.27
M0092598,N,49,2,7633.3,0,1,0,7331.76,3565.31,0.22
M0092599,N,31,2,10816.42,0,0,1,2826.94,12144.87,0.06
M0092600,N,62,0,9318.37,0,0,0,5561.64,10770.43,0.08
M0092601,N,54,2,16136.71,0,0,1,3669.83,14413.54,1.4
M0092602,N,41,2,35048.62,0,0,0,3221.78,32870.58,0.73
M0092603,N,40,1,6787.64,0,1,0,4822.96,2143.57,1.34
M0092604,N,39,0,14890.99,0,1,0,3682.52,11094.23,1.77
M0092605,N,58,0,13412.94,0,0,0,3218.53,8876.15,0.24
M0092606,N,73,3,21303.36,0,0,2,8448.61,25850.38,2.68
M0092607,N,65,1,15239.63,1,1,0,17401.02,5100.74,1.03
M0092608,N,45,1,7601.01,0,1,0,4389.76,4146.85,0.26
M0092609,N,75,2,17543.68,0,1,0,994.61,16415.14,1.87
M0092610,N,24,1,5438.68,0,1,0,2187.61,3836.33,0.29
M0092611,N,49,1,15239.24,0,0,0,2835.94,9647.71,0.66
M0092612,N,44,1,13876.26,0,1,0,2259.44,11159.4,1.32
M0092613,N,22,1,30300.09,0,0,0,21407.05,3096.95,1.41
M0092614,N,31,0,2027.11,1,0,0,670.03,1941.52,1.43
M0092615,N,73,1,6031.55,0,0,1,1673.72,8274.46,0.68
M0092616,N,78,0,34307.13,0,0,0,10727.08,19715.86,1.42
M0092617,N,21,2,5737.26,0,0,0,1999.19,2961.57,0.42
M0092618,N,48,2,13516.76,0,1,0,4847.73,15124.91,1.46
M0092619,N,26,0,14105.95,0,0,0,7448.2,5931.4,0.1
M0092620,N,77,1,17654.93,0,0,0,2668.12,27180.68,1.3
M0092621,N,33,0,9699.2,0,1,0,2549.55,11201.51,2.42
M0092622,N,33,2,15481.68,0,0,0,3072.29,9478.14,1.06
M0092623,N,64,0,10010.65,0,1,0,5762.9,10305.26,1.23
M0092624,Y,76,4,332590.55,3,4,1,112670.27,198721.25,3.42
M0092625,N,58,1,15863.74,0,0,0,3742.37,9068.98,1.26
M0092626,N,45,1,3970.61,0,0,1,1596.42,3031.76,0.02
M0092627,N,37,0,2622.02,1,1,0,1335.02,2945.83,0.49
M0092628,N,43,2,8458.68,0,0,0,1582.44,9383.82,0.94
M0092629,N,79,0,4839.79,0,1,0,1442.18,5725.96,0.0
M0092630,N,53,0,11797.62,1,1,1,4681.94,10848.15,1.97
M0092631,Y,45,6,284833.66,4,4,5,209415.12,122405.14,5.39
M0092632,N,29,1,11931.62,0,0,1,5881.55,5796.74,1.25
M0092633,Y,55,7,149210.99,4,5,1,107315.13,92247.54,4.58
M0092634,N,72,1,5525.3,0,0,1,1825.32,5124.86,0.13
M0092635,N,70,1,3748.69,1,1,0,2746.27,2012.57,0.27
M0092636,N,21,2,13969.51,0,0,0,4510.45,16678.49,1.27
M0092637,N,37,1,6777.5,0,2,0,1773.86,3738.01,0.0
M0092638,N,66,0,9544.95,1,0,0,4754.71,10538.12,1.07
M0092639,N,60,0,7690.93,0,0,0,2692.56,7914.17,1.55
M0092640,N,72,0,6673.31,0,2,0,6841.28,4321.5,2.07
M0092641,N,46,1,6439.16,0,0,0,4085.5,2506.56,0.33
M0092642,N,49,0,10683.29,0,0,0,3487.52,6385.76,0.16
M0092643,N,79,3,24972.71,0,3,1,4424.73,30779.6,0.22
M0092644,N,44,2,13009.86,0,1,1,8899.64,9110.76,1.43
M0092645,N,42,0,17255.52,0,0,0,3252.79,11689.25,1.61
M0092646,N,79,0,4825.23,0,0,0,1859.58,5330.25,0.87
M0092647,N,37,3,23168.78,1,1,1,2203.54,20940.74,0.59
M0092648,N,53,2,54437.2,1,3,0,41451.02,28436.99,1.88
M0092649,N,58,1,14194.55,1,0,0,6207.97,5218.69,0.63
M0092650,N,78,1,5120.6,0,0,1,2381.74,5553.84,1.19
M0092651,N,21,0,3409.6,0,0,0,1946.61,1894.0,0.0
M0092652,N,33,2,9511.34,0,2,1,2851.4,12295.69,0.63
M0092653,N,19,1,4540.93,0,2,0,1023.09,5322.13,1.13
M0092654,N,65,0,13063.21,0,1,0,942.86,10275.62,0.1
M0092655,N,28,0,7770.07,0,0,0,727.93,7235.8,0.0
M0092656,N,39,0,4864.65,0,1,0,2593.13,3561.86,1.63
M0092657,N,67,0,5433.94,0,1,0,2693.46,4201.62,1.18
M0092658,N,64,1,21796.61,0,1,1,2491.12,22709.01,0.71
M0092659,Y,54,4,163498.49,4,6,2,77928.84,92497.26,4.42
M0092660,N,53,1,16063.78,0,2,0,12785.79,8833.1,2.0
M0092661,N,35,0,41223.32,0,0,0,11879.58,25999.31,2.46
M0092662,N,56,0,20244.38,0,0,0,794.06,15320.17,1.83
M0092663,N,66,1,20251.59,0,1,1,20045.42,13368.33,2.31
M0092664,N,48,2,79584.69,1,3,0,27950.61,35964.8,3.58
M0092665,N,50,1,21796.16,0,0,0,2793.76,18126.68,0.99
M0092666,N,34,0,3443.81,0,0,1,1010.93,1714.83,0.0
M0092667,N,18,2,6161.43,0,1,0,6573.76,2446.09,0.05
M0092668,N,43,0,26447.78,0,1,1,10880.13,15954.04,2.25
M0092669,N,23,1,19643.95,1,2,0,3706.32,13870.47,0.21
M0092670,N,61,0,7687.95,0,1,1,6199.27,2836.79,0.78
M0092671,N,20,1,4580.69,0,0,0,1707.19,2720.3,0.21
M0092672,N,73,4,24885.86,0,1,0,8325.47,31026.11,1.97
M0092673,N,48,1,11577.76,0,0,0,3899.07,7072.03,1.59
M0092674,N,59,0,18617.43,0,0,1,3830.58,14095.3,0.07
M0092675,Y,69,5,191173.67,1,5,4,40616.99,124182.46,2.0
M0092676,N,51,1,25305.49,0,3,0,11629.62,10757.78,1.68
M0092677,N,72,2,11142.3,0,2,0,4339.34,9690.62,2.53
M0092678,N,45,1,8080.22,0,1,0,1468.83,5275.94,1.81
M0092679,N,61,3,9306.11,0,0,0,1629.55,6687.22,1.05
M0092680,N,73,0,3464.99,0,0,1,935.67,4199.45,1.12
M0092681,N,40,2,5096.81,0,0,0,813.5,4246.75,1.34
M0092682,N,68,0,11874.22,0,0,1,12117.76,8819.88,0.0
M0092683,N,41,2,15827.88,0,0,0,4018.24,16869.97,1.58
M0092684,N,36,3,26659.93,0,2,0,8774.87,20406.94,0.61
M0092685,N,49,0,4029.27,0,0,0,953.22,4269.23,0.39
M0092686,N,37,1,7161.09,1,1,0,6876.32,4269.7,0.75
M0092687,N,66,0,5719.81,1,1,1,1598.24,3970.47,0.04
M0092688,N,61,0,10556.63,0,0,0,779.43,9937.68,1.16
M0092689,N,79,0,3792.87,0,1,0,1110.63,3100.52,0.78
M0092690,N,26,2,37107.62,0,1,1,17016.11,16796.37,1.52
M0092691,N,20,2,4671.08,0,1,0,4335.99,1958.25,0.0
M0092692,N,43,1,3809.94,0,1,0,1370.33,2566.88,0.1
M0092693,N,51,2,14863.06,1,0,0,6690.14,7715.57,2.33
M0092694,N,33,1,4247.47,0,0,0,222.38,3594.75,0.6
M0092695,N,63,0,5525.9,0,2,0,101.36,4441.56,0.72
M0092696,N,43,0,11779.66,0,2,1,2600.31,7538.07,1.82
M0092697,N,56,2,7050.38,0,0,0,2074.12,4764.24,1.01
M0092698,N,18,0,6983.4,0,0,0,3357.62,3658.52,0.26
M0092699,N,48,2,5212.3,1,1,0,2847.68,5467.28,1.39
M0092700,N,21,1,11371.28,0,1,1,979.26,9305.43,0.0
M0092701,N,36,1,4792.79,1,1,0,859.64,7356.72,1.11
M0092702,N,22,0,27129.52,0,1,0,10587.56,21153.82,1.98
M0092703,N,60,1,9236.1,1,1,0,4374.77,5240.64,1.37
M0092704,N,44,2,14849.16,0,1,0,2126.97,9988.4,0.0
M0092705,N,29,0,16936.17,0,0,1,1730.29,11929.32,1.61
M0092706,N,21,1,6997.5,0,1,0,2090.9,4395.02,0.0
M0092707,N,70,2,21270.97,1,1,0,2296.4,15954.1,1.93
M0092708,N,24,1,6583.46,0,1,0,808.34,9061.41,0.83
M0092709,N,63,0,4176.04,0,0,0,1126.07,5592.91,0.54
M0092710,N,21,0,5956.34,0,0,0,2092.8,2750.73,0.63
M0092711,N,50,0,8470.79,0,0,1,2065.52,7074.06,0.94
M0092712,N,72,2,18245.24,1,1,1,2953.36,24533.11,3.18
M0092713,N,62,2,42040.18,0,1,0,13370.06,41494.71,1.84
M0092714,N,28,0,9786.01,0,1,0,906.67,7874.84,0.1
M0092715,N,62,2,13419.97,0,1,0,4795.73,7792.91,1.31
M0092716,N,33,0,6133.08,0,1,1,342.57,6605.81,0.0
M0092717,N,37,2,15944.98,0,2,1,1717.49,12435.89,1.07
M0092718,N,61,2,17791.51,0,0,0,679.04,15151.46,1.71
M0092719,N,41,1,6979.26,0,0,0,3004.27,5479.02,1.09
M0092720,Y,41,7,436459.97,4,1,4,149563.57,304594.84,6.87
M0092721,N,41,5,22240.82,1,2,0,8403.41,22392.73,1.2
M0092722,N,34,0,6575.43,0,1,0,3344.0,5665.3,1.24
M0092723,N,50,2,30964.32,1,0,0,9832.82,25051.32,1.36
M0092724,N,59,1,3316.66,0,1,0,2275.39,3584.52,1.08
M0092725,N,51,0,30650.0,0,0,1,6966.13,26682.57,3.19
M0092726,N,57,2,26308.35,0,2,0,7583.34,17473.28,1.14
M0092727,N,47,0,12202.91,1,0,0,5733.22,5239.12,1.05
M0092728,N,73,1,5670.1,0,0,1,2956.77,3796.87,0.41
M0092729,N,57,1,3586.79,0,0,0,1535.87,3221.36,1.29
M0092730,N,20,0,8557.95,0,0,0,2766.71,4188.35,1.19
M0092731,N,27,0,21620.41,0,0,1,9226.14,15317.96,1.0
M0092732,N,77,1,7221.26,0,0,0,2713.88,3188.33,0.0
M0092733,N,62,3,20944.31,0,1,0,8633.56,14223.25,0.81
M0092734,N,50,2,17075.67,0,0,0,3463.89,23538.73,0.0
M0092735,N,54,2,11447.11,1,0,0,11344.06,8845.03,0.99
M0092736,N,38,0,7738.87,0,0,0,1109.44,6070.29,1.61
M0092737,N,35,0,8175.74,0,0,1,1736.76,5497.59,1.49
M0092738,N,32,2,44304.19,0,2,1,13508.69,23333.71,2.21
M0092739,N,80,0,4708.67,0,1,2,1104.85,2995.05,1.52
M0092740,Y,68,4,178769.27,2,2,4,66615.75,84723.84,3.7
M0092741,N,56,0,11175.68,1,0,1,4827.93,6673.52,0.73
M0092742,N,19,0,7631.09,0,0,0,2522.45,3616.34,1.48
M0092743,N,70,1,9284.71,0,1,0,833.03,10582.49,2.37
M0092744,N,51,1,9960.98,1,1,1,679.03,12544.52,0.5
M0092745,N,54,2,28563.12,0,1,0,7264.77,18059.2,1.63
M0092746,N,33,0,17434.41,0,1,0,6010.56,24266.22,1.43
M0092747,N,50,0,33004.12,1,0,0,4578.25,32627.07,0.37
M0092748,N,20,0,19564.45,1,2,0,1816.71,15324.69,0.99
M0092749,N,30,2,37117.1,1,0,0,3424.8,29065.86,0.9
M0092750,N,20,1,23767.68,0,0,0,7617.27,11492.95,1.49
M0092751,N,21,0,12486.15,0,1,0,8752.05,10006.51,2.1
M0092752,N,30,2,16502.43,1,2,0,4204.53,12954.42,2.36
M0092753,N,79,3,8874.54,0,2,0,3982.34,11265.84,1.47
M0092754,N,65,0,7846.8,0,0,1,6715.15,4185.99,2.72
M0092755,N,19,0,6145.66,0,1,1,1179.01,9059.31,1.3
M0092756,N,75,1,4724.19,0,1,0,3643.64,3681.9,0.67
M0092757,N,30,0,5908.54,0,0,0,1638.64,5372.93,2.63
M0092758,N,42,0,47289.35,0,2,0,4676.66,34560.49,0.93
M0092759,N,23,0,7078.88,0,1,1,2160.98,6247.58,0.76
M0092760,N,78,1,24958.9,0,0,1,1356.01,20643.22,0.3
M0092761,N,42,0,5603.77,0,0,0,686.0,9149.95,0.88
M0092762,N,43,0,9295.59,0,0,1,1629.53,9036.22,1.41
M0092763,N,38,1,16384.39,0,0,0,3614.32,15729.0,1.06
M0092764,N,71,0,17349.71,1,1,0,2497.01,11541.7,2.16
M0092765,N,57,2,32424.89,0,0,0,7942.58,22759.51,2.09
M0092766,N,62,1,6613.04,0,0,0,1449.29,4491.25,0.27
M0092767,N,70,2,11269.5,0,1,1,2986.43,10139.23,1.91
M0092768,N,60,2,15010.98,0,0,1,6451.91,11755.34,2.88
M0092769,N,39,1,21362.71,0,3,0,3026.24,15416.92,0.26
M0092770,N,25,0,5987.46,0,0,1,2472.23,3992.15,0.0
M0092771,N,30,0,11949.78,0,0,1,1049.18,16048.52,2.03
M0092772,N,42,2,15317.61,1,3,0,8611.34,10934.61,1.78
M0092773,N,65,2,18608.02,0,1,1,8977.79,6772.22,1.72
M0092774,N,43,1,6835.87,0,1,0,6585.8,4544.51,0.74
M0092775,N,27,0,10789.07,0,2,0,2066.69,10276.89,1.17
M0092776,N,40,2,15922.25,0,0,0,5567.26,7314.63,0.0
M0092777,N,76,1,6463.47,0,0,0,1227.29,5208.24,0.23
M0092778,N,61,1,19103.38,1,0,0,1714.15,17802.54,1.94
M0092779,N,57,2,9224.53,0,0,0,784.88,13463.32,0.28
M0092780,N,52,0,8372.16,0,0,0,505.78,6470.45,0.72
M0092781,N,44,2,10083.08,0,0,1,1173.44,8481.57,0.25
M0092782,N,27,0,34655.1,0,0,0,3871.62,23544.38,1.26
M0092783,N,57,0,5229.4,0,0,0,1668.42,7239.33,1.86
M0092784,N,69,0,18897.26,1,0,1,1226.91,18818.36,1.44
M0092785,N,23,1,9092.17,0,0,0,1943.23,9489.91,1.25
M0092786,N,65,0,7940.95,0,1,1,4741.27,8082.68,1.07
M0092787,N,63,0,8933.26,0,1,0,4906.09,8243.44,2.34
M0092788,N,49,1,5880.63,0,0,0,1985.18,3812.59,0.92
M0092789,N,46,3,6741.76,0,0,0,1468.43,4499.19,0.61
M0092790,N,34,2,13770.57,1,3,1,16017.05,2962.69,0.0
M0092791,N,66,0,2429.32,0,0,1,1295.25,2522.33,1.08
M0092792,N,46,0,23846.25,0,0,0,4192.26,22660.81,0.95
M0092793,Y,59,8,119023.27,4,1,5,33476.42,104106.56,5.15
M0092794,N,21,1,4646.76,0,0,0,432.71,4930.66,0.08
M0092795,N,64,1,10140.21,1,2,0,1241.87,6708.24,0.11
M0092796,N,73,1,5338.46,1,0,0,1710.73,7658.6,0.3
M0092797,N,38,1,15629.61,0,1,0,7156.65,20245.82,1.86
M0092798,N,68,2,24157.57,0,0,0,12822.83,6290.77,1.94
M0092799,N,54,0,18731.24,0,0,0,5118.58,18010.1,1.29
M0092800,Y,43,6,140847.55,3,3,6,92069.88,98714.09,6.76
M0092801,N,69,2,20540.01,0,2,1,3707.52,25253.9,3.57
M0092802,N,47,2,7756.29,1,0,0,2045.22,8225.82,1.36
M0092803,N,37,0,4227.48,0,1,0,919.95,3240.58,0.31
M0092804,N,63,1,6773.76,1,0,0,4194.35,6458.78,0.61
M0092805,N,47,2,7995.22,0,0,1,727.68,6858.98,0.55
M0092806,N,27,0,8423.22,1,0,0,2093.71,10075.16,1.26
M0092807,N,56,1,8435.82,1,0,0,3781.43,10570.38,0.15
M0092808,Y,49,7,430546.22,3,4,1,135635.4,320819.63,6.4
M0092809,N,80,1,33457.05,1,0,1,8290.38,38028.46,0.37
M0092810,N,70,0,9648.79,0,0,1,2086.17,5689.54,0.59
M0092811,N,26,0,10357.99,0,1,1,7411.82,7157.66,0.33
M0092812,N,29,0,7129.34,0,0,0,4412.24,7554.79,0.5
M0092813,N,28,0,8706.97,0,0,1,5971.54,3333.23,1.26
M0092814,N,63,0,2336.08,0,0,0,296.19,2851.21,0.0
M0092815,N,19,0,2508.76,0,0,0,984.88,1904.17,0.36
M0092816,Y,37,7,384541.97,5,6,5,295200.79,187080.91,6.38
M0092817,N,74,0,23809.58,0,0,0,6388.57,13759.94,0.0
M0092818,N,42,2,10553.54,0,1,0,390.34,13272.87,2.09
M0092819,N,30,1,2762.07,1,0,0,777.12,4129.83,0.29
M0092820,N,60,1,4890.79,0,0,1,1784.27,3780.75,0.1
M0092821,N,75,0,8977.9,0,0,0,2946.67,6238.09,0.0
M0092822,N,61,2,18743.29,0,2,1,6289.62,13336.52,0.36
M0092823,N,20,2,18642.62,2,0,0,9846.02,7137.2,1.13
M0092824,Y,81,6,117205.14,3,3,1,64396.42,78322.92,3.01
M0092825,N,22,0,7258.3,0,1,1,2379.89,5775.0,1.55
M0092826,N,38,1,16762.56,0,1,0,8473.29,19342.15,2.13
M0092827,N,69,0,18630.02,1,0,0,6816.9,9232.92,1.05
M0092828,N,72,1,7782.73,0,0,0,619.78,6971.78,0.62
M0092829,N,19,0,17473.61,0,0,1,7278.59,9246.11,1.65
M0092830,N,30,1,10234.45,0,2,1,5659.27,10386.06,0.7
M0092831,Y,42,7,173680.56,1,5,3,83013.89,77021.74,2.81
M0092832,N,47,2,8761.61,0,0,1,6745.45,6398.7,0.7
M0092833,N,66,1,11351.25,0,0,0,3315.49,6402.32,1.41
M0092834,N,71,2,6556.6,0,0,0,1847.27,9781.31,1.29
M0092835,N,32,0,15156.65,1,0,0,4288.5,13396.25,0.0
M0092836,N,80,3,39266.43,0,1,0,13013.94,26268.75,1.35
M0092837,N,38,0,2783.28,0,0,0,936.23,2369.29,0.78
M0092838,N,53,0,5167.69,1,0,0,464.58,4607.95,1.49
M0092839,N,37,0,12791.6,0,0,0,4205.93,7952.0,0.44
M0092840,N,60,1,20227.75,0,0,0,3043.65,20978.01,1.04
M0092841,N,36,2,29909.9,1,1,2,8146.54,22224.83,2.46
M0092842,N,55,0,37292.54,0,0,1,9333.46,32790.92,1.47
M0092843,N,77,2,14282.74,0,1,0,7218.42,6215.84,1.67
M0092844,N,45,2,14663.59,0,0,0,4815.57,7101.43,0.67
M0092845,N,72,0,2809.97,0,0,0,857.42,2778.9,0.52
M0092846,N,33,0,17185.89,0,1,0,1729.63,12571.54,0.0
M0092847,N,53,0,13664.41,0,1,0,3174.84,13163.2,0.54
M0092848,N,42,2,8865.88,0,0,1,3438.59,11583.64,1.25
M0092849,N,76,1,12334.28,0,1,0,2030.22,8883.45,0.48
M0092850,N,27,0,6310.7,1,1,0,3562.59,4338.34,1.6
M0092851,N,33,2,13864.99,0,2,0,3475.0,16833.63,0.73
M0092852,N,45,0,35012.64,0,3,0,1625.0,42958.14,0.56
M0092853,N,24,0,15624.22,1,2,0,3978.65,14382.68,0.06
M0092854,N,58,1,10433.76,0,0,1,956.0,9684.59,0.0
M0092855,N,79,1,13169.64,0,0,0,6582.52,7520.9,0.43
M0092856,N,53,3,25607.03,0,1,0,3631.37,25551.6,2.09
M0092857,N,20,1,11534.14,0,2,0,8259.45,8345.11,1.87
M0092858,N,74,0,6917.1,0,0,1,1490.27,5532.52,1.66
M0092859,N,80,1,13067.31,0,1,0,4200.11,13352.06,1.56
M0092860,N,74,2,56807.12,0,3,0,16334.05,33442.52,1.98
M0092861,N,60,3,4789.46,0,0,0,1941.14,4484.48,1.15
M0092862,N,57,1,3125.96,0,0,0,1144.58,1827.16,0.55
M0092863,N,76,0,24361.44,0,1,0,17080.38,8057.01,2.54
M0092864,N,23,2,28434.53,0,0,2,7159.17,21520.97,2.16
M0092865,N,55,0,4501.56,0,0,0,2143.53,3352.84,0.07
M0092866,N,31,1,8288.83,0,0,1,3371.89,7843.48,1.22
M0092867,N,67,1,7947.93,0,0,0,3987.37,7320.33,1.46
M0092868,N,49,1,9566.6,1,1,0,2687.31,10532.55,1.06
M0092869,N,24,1,2799.66,0,0,0,537.7,4212.79,1.27
M0092870,N,36,0,9640.23,0,0,0,6776.6,7957.59,0.35
M0092871,N,41,0,11526.69,0,1,1,3098.7,7778.82,1.77
M0092872,N,18,0,11488.78,0,0,0,1071.88,10000.29,2.05
M0092873,N,29,0,8435.29,0,0,0,3514.84,3776.24,1.36
M0092874,N,47,1,32061.85,0,0,0,10946.87,17227.4,0.0
M0092875,N,68,0,5610.0,0,0,0,1214.0,4828.33,1.34
M0092876,N,79,1,8668.95,0,1,0,5084.73,8586.07,0.5
M0092877,N,31,1,12555.22,0,0,0,13534.94,8288.55,1.21
M0092878,N,59,2,6465.86,0,0,0,1675.1,8551.49,0.08
M0092879,N,46,2,27573.97,1,1,0,4618.45,28605.98,1.57
M0092880,N,57,0,5792.48,0,0,0,2447.5,5064.15,1.89
M0092881,N,31,1,5539.7,0,1,0,2023.91,5187.71,1.78
M0092882,N,57,0,8967.04,0,0,1,1287.6,9577.71,2.27
M0092883,N,45,0,8628.76,0,0,0,496.07,8552.62,0.56
M0092884,N,22,0,20285.62,1,0,0,11554.01,7026.31,1.72
M0092885,N,41,0,5344.4,0,0,0,1386.82,5016.85,0.65
M0092886,N,49,0,11301.34,0,0,1,1817.25,10158.38,1.05
M0092887,N,40,2,24093.1,0,0,0,865.3,18755.69,1.71
M0092888,N,53,0,18224.97,0,3,0,11806.31,13054.92,1.07
M0092889,N,45,0,43871.06,0,0,0,5066.28,31320.15,1.45
M0092890,N,43,0,7315.2,0,1,1,2929.88,4898.48,1.01
M0092891,N,72,0,9391.79,0,1,0,2519.66,10918.23,1.26
M0092892,N,18,1,7669.76,0,3,0,2588.24,5652.48,1.89
M0092893,N,74,1,9724.01,0,1,0,2189.01,11398.64,1.43
M0092894,N,19,3,22488.67,1,1,0,3597.95,17790.45,1.27
M0092895,N,47,1,18823.54,1,1,1,12573.14,7208.92,2.0
M0092896,N,73,0,16043.39,0,2,2,12968.12,13346.45,1.68
M0092897,N,34,2,25582.69,0,2,0,4494.75,24083.65,2.78
M0092898,N,41,0,8458.86,1,1,0,2338.14,7193.42,0.48
M0092899,N,65,1,7116.7,0,0,0,465.08,8956.94,0.67
M0092900,N,44,2,30575.97,0,1,3,19202.31,10834.83,2.48
M0092901,N,70,1,9660.86,0,1,0,2267.83,10428.71,0.0
M0092902,N,42,1,8808.52,0,0,0,4837.83,7003.92,2.38
M0092903,N,51,1,7651.07,0,0,0,711.11,6736.19,1.05
M0092904,N,57,2,11652.57,0,0,2,3090.65,6831.9,1.63
M0092905,N,32,0,10461.55,0,0,0,4446.82,5041.32,0.78
M0092906,N,53,2,14179.04,0,0,1,1551.47,15721.41,2.88
M0092907,N,52,1,13227.62,0,1,3,8519.79,6768.12,1.36
M0092908,N,73,0,4891.33,0,1,0,1854.47,6864.02,0.39
M0092909,N,20,0,19857.65,0,1,0,9761.67,7559.44,2.11
M0092910,Y,63,5,273144.8,5,7,3,123812.3,214626.55,7.43
M0092911,N,31,1,6949.93,1,0,0,2548.88,5396.17,1.08
M0092912,N,73,2,16385.29,0,2,0,5108.09,12150.18,0.96
M0092913,N,72,0,7487.96,0,1,1,1530.64,6363.14,0.33
M0092914,N,80,0,4936.53,1,0,0,469.52,7322.75,0.57
M0092915,N,56,1,13539.62,0,0,0,7704.03,7270.36,0.56
M0092916,N,40,0,15101.03,0,0,0,7071.48,5965.35,1.44
M0092917,N,18,0,36513.08,1,1,0,3921.93,54131.2,1.7
M0092918,N,67,0,48183.4,0,0,0,1568.47,36564.31,0.82
M0092919,N,72,1,20345.93,0,0,0,8039.63,7927.31,2.14
M0092920,N,58,1,14917.44,1,1,0,1802.59,17372.67,0.0
M0092921,N,66,2,14797.92,0,0,0,5266.36,9474.34,1.08
M0092922,N,53,3,14485.37,1,2,0,3914.97,7678.3,0.74
M0092923,N,32,2,12353.83,0,0,2,1675.61,8130.09,0.63
M0092924,N,29,0,8316.55,0,1,0,363.25,7444.92,1.66
M0092925,N,79,0,6313.84,0,0,0,510.27,4995.24,1.37
M0092926,N,19,0,2304.96,0,1,0,432.49,3316.57,0.0
M0092927,N,45,0,5022.62,1,0,0,1663.99,5764.94,0.02
M0092928,N,44,1,16594.6,0,0,2,1685.8,12894.34,1.86
M0092929,N,67,1,3940.31,0,1,0,1561.99,3268.71,1.66
M0092930,N,33,1,7064.56,1,0,0,3528.99,5230.93,1.37
M0092931,N,56,1,2706.96,0,0,0,2126.75,2586.77,0.0
M0092932,N,51,0,20563.4,0,2,0,3174.33,23123.37,1.03
M0092933,N,69,0,1587.15,0,2,0,1172.75,837.4,0.75
M0092934,N,65,1,5993.96,0,2,1,2702.61,4033.51,1.41
M0092935,N,38,1,6828.64,0,2,0,3309.64,2937.14,0.0
M0092936,N,25,2,3451.77,0,0,0,707.2,2760.02,1.73
M0092937,N,56,0,48737.62,0,0,0,18782.38,35702.72,2.85
M0092938,N,34,0,15745.0,0,0,0,4905.81,12940.06,0.0
M0092939,N,25,1,6913.97,0,1,0,1273.53,4991.81,1.38
M0092940,N,25,3,17404.36,0,2,1,3480.12,18348.12,0.94
M0092941,N,63,3,6581.14,0,1,0,2171.83,6528.03,3.63
M0092942,N,71,2,16088.25,0,0,0,7435.8,6074.18,1.94
M0092943,N,78,2,16711.31,1,1,0,2248.14,10827.97,2.59
M0092944,N,71,2,4407.01,0,2,0,1102.48,5337.61,1.22
M0092945,N,25,1,6295.76,0,0,0,2037.52,5801.39,0.0
M0092946,N,76,0,3524.02,0,0,0,310.9,2788.48,0.0
M0092947,N,43,2,17541.47,1,0,0,3453.49,10791.35,1.36
M0092948,N,41,0,9673.18,1,0,0,3529.21,10190.43,1.43
M0092949,N,58,1,26096.14,0,0,0,3157.6,18203.6,0.0
M0092950,N,64,0,15640.78,1,1,1,7705.1,5509.09,0.69
M0092951,N,20,0,16241.41,0,1,1,3907.14,11703.73,0.75
M0092952,N,61,2,5671.52,0,1,0,765.96,5775.34,1.26
M0092953,N,55,0,7762.65,0,0,0,6955.33,6159.07,1.69
M0092954,N,54,0,11469.73,0,1,0,4992.92,4108.31,0.69
M0092955,N,68,2,8482.0,0,0,0,2142.89,9141.2,0.41
M0092956,N,31,0,11272.6,0,0,0,5696.73,4947.43,1.08
M0092957,N,19,1,9675.86,0,1,1,1169.26,10856.29,2.3
M0092958,N,22,1,45011.87,1,2,0,6560.71,33187.15,2.4
M0092959,N,23,0,11863.05,0,2,0,6416.24,5362.68,0.0
M0092960,N,28,2,4689.74,1,2,0,2232.88,6036.06,0.97
M0092961,N,55,1,16220.4,0,1,0,2265.84,16086.23,0.48
M0092962,N,73,0,2574.83,0,0,1,1576.64,1536.86,0.77
M0092963,N,35,1,10225.85,1,0,0,966.23,10538.77,0.91
M0092964,N,77,1,5267.77,0,0,0,2741.89,2058.87,1.86
M0092965,N,48,0,3560.5,0,3,0,1783.72,3648.32,1.25
M0092966,N,80,1,14906.05,1,2,2,11166.42,6113.19,1.27
M0092967,N,62,0,12687.42,0,1,1,2002.51,11226.37,1.19
M0092968,N,39,0,3929.6,0,1,0,611.22,4615.16,1.85
M0092969,N,45,2,2663.61,0,1,0,2001.56,2048.74,0.0
M0092970,N,32,1,4293.41,0,1,0,2584.07,4315.87,1.94
M0092971,N,62,1,8161.49,0,2,1,2850.29,5855.45,0.6
M0092972,Y,41,7,241978.88,4,1,1,98721.89,169378.57,4.41
M0092973,N,37,0,5529.93,0,1,0,2259.77,2741.07,1.2
M0092974,Y,59,5,357454.21,4,4,3,274161.3,110905.76,3.13
M0092975,N,55,0,5529.16,0,0,0,4257.17,5628.18,0.3
M0092976,N,80,3,39663.09,0,0,0,18607.07,17543.61,2.01
M0092977,N,35,0,6356.21,0,1,0,1322.64,7857.51,0.0
M0092978,N,61,0,9049.66,0,2,0,2572.74,8076.13,1.83
M0092979,N,55,3,28400.74,1,0,0,16159.52,7830.5,1.89
M0092980,N,64,1,3123.31,0,0,0,789.99,4464.87,1.71
M0092981,N,74,1,7355.42,1,2,1,2929.33,5156.29,3.2
M0092982,N,26,0,5682.4,0,2,1,3027.95,7049.05,0.4
M0092983,N,32,2,11694.38,1,1,0,6107.35,7289.0,0.58
M0092984,N,55,2,13634.36,0,0,1,5363.61,15634.08,1.33
M0092985,N,56,2,8665.7,0,0,0,2767.39,8969.87,0.41
M0092986,N,52,2,38655.69,0,1,0,2396.36,35716.22,2.13
M0092987,N,18,0,2747.96,0,0,1,862.4,2919.0,0.81
M0092988,N,49,0,11090.33,1,1,0,4967.36,13224.02,1.02
M0092989,Y,40,7,158263.71,4,4,2,118479.08,77278.23,5.61
M0092990,N,73,1,4998.69,0,1,0,870.93,6766.43,0.68
M0092991,N,80,1,19348.34,0,0,1,3911.17,13706.89,1.32
M0092992,N,36,0,7948.02,0,1,0,1983.14,5846.15,0.78
M0092993,N,49,1,16608.86,1,1,1,3976.91,18371.77,2.19
M0092994,N,30,1,15307.45,0,1,0,1092.08,12920.25,2.09
M0092995,Y,49,3,303665.85,3,4,4,114706.11,179009.3,6.93
M0092996,N,29,0,6209.55,0,0,0,2901.06,3899.93,2.72
M0092997,N,63,2,15031.45,0,0,0,1953.02,12021.31,0.0
M0092998,N,42,0,16466.98,2,0,0,772.28,12200.08,0.0
M0092999,N,47,2,14423.18,0,3,0,5982.97,14278.7,1.07
M0093000,N,67,0,15127.59,0,1,1,4975.29,9239.91,0.23
M0093001,N,57,0,9635.33,0,0,1,2774.63,5172.09,1.72
M0093002,N,57,2,15686.76,0,1,1,5751.5,15351.34,0.69
M0093003,N,52,0,14488.84,1,0,1,8199.28,5296.32,0.0
M0093004,N,24,1,29571.6,1,0,0,5246.57,25335.47,0.29
M0093005,N,68,0,11305.99,0,0,1,2667.27,6630.57,1.26
M0093006,N,71,2,8675.44,0,0,0,4917.62,4332.05,0.73
M0093007,N,32,1,32909.51,0,1,0,2441.83,27006.21,1.84
M0093008,N,76,1,5072.22,1,0,0,1654.77,7421.6,0.23
M0093009,N,22,3,18750.79,1,2,0,8293.75,23283.32,2.86
M0093010,N,68,1,2981.17,0,1,0,1114.1,3639.2,1.09
M0093011,N,51,1,10455.63,0,0,1,4631.71,5388.33,1.65
M0093012,N,70,0,42063.56,1,1,1,7409.24,35239.71,2.63
M0093013,N,57,2,14352.48,0,0,0,1993.1,18987.01,0.39
M0093014,N,50,0,9428.56,0,2,0,4155.55,6186.11,0.97
M0093015,N,30,2,19264.64,0,2,1,3073.79,20473.72,0.0
M0093016,N,63,0,16151.33,0,3,1,10802.03,9528.06,2.59
M0093017,N,77,0,7456.32,0,2,1,4502.58,3279.32,0.21
M0093018,N,25,0,6403.45,0,0,0,2059.88,3911.08,0.76
M0093019,N,71,1,10504.55,0,0,0,8967.97,2099.1,1.27
M0093020,N,40,2,21829.16,0,0,0,1000.57,23426.46,1.99
M0093021,N,51,1,8249.23,0,0,0,1918.92,5949.27,0.14
M0093022,N,22,2,26154.77,1,2,2,18187.7,8757.01,1.33
M0093023,N,54,1,10531.75,0,0,0,1551.69,16230.01,2.0
M0093024,N,34,2,15540.31,0,0,0,6914.13,7791.72,1.65
M0093025,N,77,1,12039.22,0,1,0,4286.83,14381.67,2.65
M0093026,N,45,2,9975.65,0,0,1,9361.25,5399.59,0.76
M0093027,N,76,1,6619.66,0,2,1,1455.53,4801.46,1.61
M0093028,N,56,1,5226.17,1,0,0,675.62,5425.6,0.23
M0093029,N,73,1,9136.71,0,3,1,3023.6,12594.8,3.0
M0093030,N,72,1,12896.71,1,1,0,5552.27,7885.98,0.12
M0093031,N,68,1,6761.79,0,0,0,865.14,5519.08,0.05
M0093032,N,65,0,4554.65,0,0,1,1809.83,5167.6,0.0
M0093033,N,63,1,9324.17,1,1,0,2232.91,5137.8,0.55
M0093034,N,42,1,5275.3,1,0,1,768.33,4697.16,1.39
M0093035,N,69,2,24219.36,0,0,0,14349.34,5449.47,1.59
M0093036,N,46,0,1657.92,0,1,0,661.45,1855.79,1.43
M0093037,N,52,2,11497.72,0,0,0,2085.36,10006.67,0.15
M0093038,N,32,0,15719.15,1,2,0,6746.13,11092.66,0.23
M0093039,N,42,2,11609.37,1,0,0,5512.7,5340.83,0.83
M0093040,N,39,1,13099.0,0,1,1,7639.94,11059.72,0.67
M0093041,N,71,1,17078.92,0,1,0,859.23,16987.82,0.71
M0093042,N,36,2,14419.02,0,2,0,3162.1,13227.28,1.02
M0093043,Y,36,6,198496.28,6,3,6,148465.34,113815.86,5.43
M0093044,N,42,2,20609.0,0,0,0,2013.56,15378.63,1.07
M0093045,N,46,2,38072.77,0,1,1,7919.84,45238.03,1.7
M0093046,N,38,2,8305.05,0,2,0,2677.99,7068.93,0.99
M0093047,N,41,1,18354.39,0,1,0,3877.18,21284.43,1.13
M0093048,N,70,0,7502.94,1,0,0,1410.28,5524.65,1.85
M0093049,N,34,0,7516.09,0,1,0,3789.29,4909.56,0.0
M0093050,N,20,1,14719.35,0,0,1,5469.11,7375.24,1.06
M0093051,N,62,3,9813.11,0,0,0,2411.05,6211.06,1.28
M0093052,N,72,0,7579.37,0,1,0,1286.74,7061.77,0.4
M0093053,N,20,0,16058.34,1,1,0,1451.18,11199.96,0.6
M0093054,N,20,2,38447.05,1,1,1,27261.34,4459.15,0.71
M0093055,N,37,1,15720.46,0,1,1,1673.34,15381.05,0.0
M0093056,N,31,2,13566.9,0,0,0,9883.65,5888.46,1.54
M0093057,N,29,2,29839.84,1,1,0,3966.04,21562.09,1.52
M0093058,N,58,1,11073.24,0,1,0,2512.76,6979.42,1.3
M0093059,N,79,0,40849.5,1,1,0,10967.09,25529.67,1.23
M0093060,N,24,1,3969.49,0,0,0,3639.94,3223.61,1.76
M0093061,N,39,2,4960.44,0,1,0,903.52,3372.85,0.75
M0093062,N,53,1,23549.87,1,1,0,3355.06,17001.59,0.68
M0093063,N,20,0,8352.05,0,0,0,3177.81,4591.18,1.31
M0093064,N,29,3,17315.83,0,0,0,12029.06,10052.84,1.97
M0093065,N,28,2,12891.62,0,1,2,2607.97,10981.88,1.68
M0093066,N,64,0,24059.55,0,0,1,998.14,21746.7,0.8
M0093067,N,75,0,48147.66,0,3,0,3792.27,37260.08,1.27
M0093068,N,64,3,14670.11,0,0,0,3247.06,10295.28,2.23
M0093069,N,72,1,3188.95,0,2,0,1135.36,4334.41,1.34
M0093070,N,57,1,7971.17,0,1,0,4032.96,5597.62,1.03
M0093071,N,74,2,7460.35,0,2,0,3005.46,2956.13,1.87
M0093072,N,18,3,20122.99,0,2,0,2873.16,33238.14,0.5
M0093073,N,71,0,4959.88,0,0,0,858.45,4094.15,1.55
M0093074,N,19,1,35430.73,0,1,0,19344.46,13845.18,1.61
M0093075,N,48,0,6846.77,1,0,1,1352.95,4847.18,1.93
M0093076,N,58,2,14987.23,0,0,0,3429.2,12074.5,0.98
M0093077,N,62,1,18397.3,1,0,0,4536.93,14704.36,1.5
M0093078,N,78,1,13397.0,1,1,1,2083.93,9933.46,1.53
M0093079,N,54,3,11506.66,0,0,1,2700.89,9437.62,2.14
M0093080,N,76,0,5769.12,0,1,1,1808.0,8570.88,0.0
M0093081,N,39,1,9154.2,0,0,0,5607.06,1872.27,2.21
M0093082,Y,85,5,215772.51,2,1,1,147641.42,106745.93,3.38
M0093083,N,45,0,12463.15,0,1,0,4014.65,8931.75,0.0
M0093084,N,45,2,7404.33,0,1,0,2381.38,7386.7,0.3
M0093085,N,38,0,23849.61,0,1,0,2252.76,20422.15,0.04
M0093086,N,74,3,18418.05,0,2,0,4146.74,25753.26,2.7
M0093087,N,42,1,11642.13,0,1,0,3577.35,12289.84,0.35
M0093088,N,50,3,31359.15,1,2,1,10395.64,16497.03,1.9
M0093089,N,42,0,17723.88,0,0,0,3411.34,12489.17,0.42
M0093090,Y,71,5,267873.23,2,3,1,89939.15,146185.69,3.21
M0093091,N,49,1,8829.31,0,3,0,6011.02,5147.02,0.1
M0093092,N,47,2,40027.96,1,2,2,6363.62,32701.26,1.82
M0093093,N,57,3,19627.1,0,3,2,4161.86,15805.4,2.91
M0093094,N,71,2,21037.5,0,2,3,7504.41,16527.69,1.17
M0093095,N,32,0,15410.87,0,0,2,4835.27,10400.95,0.61
M0093096,N,73,1,16670.83,0,1,2,1625.9,13442.53,2.04
M0093097,N,62,1,9478.45,1,4,2,13352.17,3036.45,1.63
M0093098,Y,68,2,139387.81,4,5,2,19425.26,114261.75,3.38
M0093099,N,48,0,5410.4,0,0,0,2269.66,5007.88,1.47
M0093100,N,18,0,4909.62,0,1,0,1109.26,5357.57,1.42
M0093101,N,53,0,11868.5,1,1,0,2052.99,8700.58,1.44
M0093102,N,53,1,21042.42,1,0,0,6362.31,14613.92,0.74
M0093103,Y,59,8,549203.52,5,3,9,312930.75,187640.47,5.33
M0093104,Y,51,2,172992.16,1,2,1,83109.97,64064.4,4.4
M0093105,N,75,0,4472.69,0,2,0,938.45,3068.03,1.22
M0093106,N,68,2,25664.76,0,2,0,6249.84,15447.54,1.72
M0093107,N,33,0,9164.57,1,0,0,3943.42,8092.0,0.18
M0093108,N,18,2,19933.26,0,2,0,6620.88,19343.36,1.5
M0093109,N,51,0,17301.59,0,0,0,4738.95,18639.09,1.81
M0093110,N,59,0,24393.92,0,1,1,2357.02,19683.94,0.16
M0093111,N,50,1,7839.25,0,2,0,3228.58,4970.11,1.53
M0093112,N,49,2,14834.84,0,2,0,5588.05,6201.33,2.22
M0093113,N,51,1,12248.52,0,1,1,2966.33,7778.34,0.5
M0093114,N,79,2,15114.69,0,1,0,7420.96,7205.66,3.07
M0093115,N,68,1,7162.39,0,0,0,5571.67,3394.08,0.95
M0093116,N,63,2,6238.39,0,1,0,2137.69,9186.88,1.9
M0093117,N,55,2,6961.89,0,0,0,2883.21,2651.23,2.21
M0093118,N,42,1,7201.39,1,1,0,1341.21,4988.49,1.57
M0093119,N,50,1,3622.01,0,1,0,1528.52,3424.72,0.77
M0093120,N,32,2,1780.34,0,3,1,795.97,1941.72,0.44
M0093121,N,31,1,26589.38,0,0,2,11426.02,21288.85,0.79
M0093122,N,74,2,3528.5,1,0,0,1513.27,4533.4,1.92
M0093123,Y,72,6,203939.93,1,5,3,96759.53,181324.98,4.0
M0093124,N,28,0,18757.87,0,0,0,875.57,16009.13,2.0
M0093125,N,38,0,8587.52,1,1,0,3927.54,8803.17,0.81
M0093126,N,37,2,5427.93,0,0,0,1766.69,3607.36,1.49
M0093127,Y,50,4,305038.23,1,5,7,155865.65,179737.76,7.54
M0093128,N,30,0,16179.73,0,0,0,2191.84,11035.44,1.77
M0093129,N,38,1,9903.22,0,1,3,8210.54,4467.47,1.88
M0093130,N,57,4,3775.08,0,0,0,993.76,5790.15,0.93
M0093131,N,57,0,8434.01,0,2,1,1500.54,9614.87,2.77
M0093132,N,33,2,17973.65,2,2,0,4715.11,13613.55,2.31
M0093133,N,60,1,13134.68,1,2,0,8458.63,7744.14,1.78
M0093134,Y,77,2,162563.95,1,2,2,95337.66,66033.47,3.11
M0093135,N,32,1,1464.82,0,0,0,698.88,1163.91,0.6
M0093136,N,68,1,5318.78,0,1,0,1353.26,7469.61,1.35
M0093137,Y,77,5,120037.34,1,6,1,76493.49,80707.36,3.37
M0093138,N,27,1,9805.61,0,0,0,8238.52,3308.19,0.76
M0093139,N,53,1,2667.07,0,1,0,2215.96,1653.77,0.78
M0093140,N,48,0,15365.04,0,2,0,2416.27,13043.01,1.93
M0093141,N,29,1,23164.68,0,2,0,9575.47,9136.97,2.51
M0093142,N,49,3,22244.74,1,1,0,15053.26,20713.93,1.35
M0093143,N,45,2,25281.16,0,1,0,19706.54,10095.24,2.33
M0093144,N,37,1,16614.94,1,1,0,9015.07,14202.73,1.48
M0093145,N,45,4,22153.66,0,2,1,16370.83,5663.94,1.26
M0093146,N,40,1,35408.96,1,1,0,8877.33,26397.1,2.02
M0093147,N,74,2,24742.08,0,0,0,2701.2,20075.43,2.36
M0093148,N,62,1,7509.95,0,1,0,1378.98,6688.68,0.7
M0093149,N,28,2,7729.06,0,0,1,4504.53,6627.72,0.92
M0093150,N,50,0,6969.84,0,0,0,1116.28,4982.2,1.12
M0093151,N,26,2,26111.95,0,1,1,8519.16,22015.33,2.67
M0093152,N,67,0,3102.91,0,0,0,183.52,3576.68,0.0
M0093153,N,32,1,7170.59,0,0,0,741.17,5686.25,2.64
M0093154,N,59,1,6283.63,0,0,0,1706.69,5212.27,0.54
M0093155,N,18,1,6122.15,0,0,1,2238.88,4615.66,0.65
M0093156,N,73,2,11340.21,0,0,0,2650.57,6521.3,1.68
M0093157,Y,73,5,225294.2,1,1,6,121634.15,85674.76,5.25
M0093158,N,50,2,9198.73,2,0,0,1605.03,11498.27,0.0
M0093159,N,19,0,4320.52,0,0,0,1690.27,1856.19,0.61
M0093160,N,29,0,7512.28,0,2,0,2772.4,4449.07,0.72
M0093161,N,77,2,11402.57,0,1,0,4859.14,8778.07,2.33
M0093162,N,58,1,27916.74,0,0,1,11848.48,28835.94,1.62
M0093163,Y,51,6,384554.16,6,3,4,186769.39,165141.84,4.44
M0093164,N,45,0,3029.0,0,0,1,1497.92,3347.21,0.0
M0093165,N,50,1,2339.88,0,0,0,760.25,2069.66,0.0
M0093166,N,49,3,7521.69,0,1,0,1861.28,5103.87,0.05
M0093167,N,52,0,6678.87,0,0,0,1161.39,4070.52,0.0
M0093168,N,45,2,25975.21,0,1,0,8021.6,17479.34,2.56
M0093169,N,40,1,7941.99,1,0,0,2050.3,5067.41,0.72
M0093170,N,45,1,3870.15,0,0,0,850.63,3687.64,1.83
M0093171,N,27,1,8089.75,1,1,0,1938.87,5678.86,1.04
M0093172,N,41,0,4265.06,0,0,1,992.28,2455.94,1.21
M0093173,N,27,3,26819.36,1,2,0,6536.83,14714.87,0.71
M0093174,N,35,2,11595.39,0,0,0,873.51,10223.59,1.96
M0093175,N,46,2,10774.38,0,1,1,2661.17,9200.94,1.29
M0093176,N,22,2,8055.07,0,0,1,3760.17,9607.57,1.21
M0093177,N,36,1,17060.77,1,0,0,692.54,14930.63,0.89
M0093178,N,53,1,34964.37,1,1,0,9031.71,33074.76,1.98
M0093179,N,80,0,7288.27,1,0,1,2691.08,9728.81,0.0
M0093180,N,51,1,9658.13,0,0,0,1772.78,8151.7,1.89
M0093181,N,50,1,11197.04,0,0,0,2034.21,7597.26,0.29
M0093182,Y,47,3,96732.57,1,5,3,62555.37,51425.79,2.64
M0093183,N,36,0,12270.92,0,0,1,5619.99,13690.23,1.08
M0093184,N,79,1,12165.43,0,2,0,6066.6,6948.91,0.32
M0093185,N,65,0,3472.48,0,1,0,1851.04,3227.27,0.07
M0093186,N,24,0,5177.42,0,0,0,744.52,5233.94,0.92
M0093187,N,73,3,11578.9,0,2,0,3643.46,7141.28,2.32
M0093188,N,76,1,16452.81,0,3,0,2389.25,10777.23,0.49
M0093189,N,53,0,6796.79,0,0,0,2231.65,7289.55,0.0
M0093190,N,25,3,16910.87,0,2,0,8212.47,18604.14,1.63
M0093191,N,30,0,5006.24,0,0,0,2480.83,2800.94,1.32
M0093192,N,30,0,15017.03,1,2,0,8988.53,18286.76,1.63
M0093193,N,63,1,6956.05,0,0,1,358.09,5181.09,0.4
M0093194,N,44,0,11655.71,0,1,0,1352.36,16714.16,1.1
M0093195,N,66,2,13516.88,0,1,0,3819.91,7550.55,0.47
M0093196,Y,45,5,655008.72,3,5,4,505182.78,77356.74,6.97
M0093197,N,21,0,7120.99,0,2,0,6781.25,4356.35,0.87
M0093198,N,62,1,3860.5,0,0,0,3433.41,2576.11,0.0
M0093199,N,52,2,17948.64,0,1,0,4371.84,11005.1,1.83
M0093200,N,54,2,9521.06,0,1,0,5394.52,4642.06,0.06
M0093201,N,62,2,8517.62,1,2,0,2976.41,5568.73,1.34
M0093202,N,73,1,5767.84,0,2,1,1417.43,3941.8,1.56
M0093203,N,40,2,4108.83,0,1,1,2926.93,4538.31,0.05
M0093204,N,46,4,19921.69,0,2,0,4998.01,19366.81,2.64
M0093205,N,46,3,12923.4,0,1,0,1410.35,8895.82,1.69
M0093206,N,71,0,3755.23,1,1,0,1973.94,3414.3,0.0
M0093207,N,80,2,11330.58,0,0,0,971.99,8150.51,0.33
M0093208,N,70,3,32154.22,0,1,0,7750.06,19238.2,1.86
M0093209,N,61,0,8345.38,0,0,0,1460.36,6160.63,0.87
M0093210,N,61,0,2635.93,0,0,0,1711.69,2560.51,0.46
M0093211,N,70,0,4490.02,0,0,0,2219.71,2825.15,1.67
M0093212,N,76,0,5830.41,1,3,0,1624.32,3420.85,1.43
M0093213,N,63,0,2661.73,0,0,0,547.13,3272.14,0.52
M0093214,N,43,0,11636.67,1,1,1,3475.81,7875.23,1.66
M0093215,N,61,2,22881.82,0,2,0,4578.9,18485.85,0.86
M0093216,N,56,1,20237.14,0,1,0,4992.11,12621.48,0.34
M0093217,N,75,1,33624.8,2,3,1,8413.06,21765.63,0.48
M0093218,N,74,1,15358.31,0,1,0,681.89,18100.11,0.0
M0093219,N,46,0,8468.59,0,1,0,1441.65,5242.36,1.46
M0093220,N,54,0,2494.97,0,0,0,404.39,3840.58,0.68
M0093221,N,64,0,11954.4,1,0,0,4140.63,7335.11,1.85
M0093222,N,68,0,19179.34,0,1,0,1367.22,29010.1,0.37
M0093223,N,74,1,5125.4,0,0,0,1523.59,2777.3,0.0
M0093224,N,55,1,9799.45,0,1,1,7348.87,4032.52,0.57
M0093225,N,59,0,15274.8,0,0,0,1331.19,19230.21,0.0
M0093226,N,32,2,19248.54,0,1,0,1402.94,15829.52,1.52
M0093227,N,53,0,11997.67,0,1,0,4254.13,11595.45,2.02
M0093228,N,26,0,2633.48,0,0,0,2817.27,1803.45,0.71
M0093229,N,41,2,5264.37,0,2,0,1705.08,4004.95,1.52
M0093230,N,44,2,2704.41,0,0,0,1227.16,2533.92,0.21
M0093231,N,25,2,49820.36,3,0,0,31458.9,9162.66,2.02
M0093232,N,46,1,6384.38,0,0,0,2177.05,6013.61,1.12
M0093233,N,62,1,4026.74,0,0,1,1048.12,3822.15,1.23
M0093234,N,48,1,3478.91,0,0,0,1558.31,2486.23,1.24
M0093235,N,37,1,17677.99,0,0,2,1109.21,18414.66,1.47
M0093236,N,56,0,3817.34,0,1,0,1828.23,1768.49,0.06
M0093237,N,60,1,2479.79,0,1,0,350.32,2838.45,1.65
M0093238,N,32,1,12153.77,0,0,0,6176.94,8775.28,0.21
M0093239,N,44,2,2724.13,0,0,0,222.2,3086.81,1.16
M0093240,N,62,2,10233.59,1,1,0,1284.43,7182.08,0.45
M0093241,N,41,1,6407.53,0,0,0,4584.29,5506.53,1.31
M0093242,N,37,0,22470.41,1,0,0,5525.96,16183.39,1.14
M0093243,N,71,2,7941.79,0,1,0,1845.75,4410.19,1.68
M0093244,N,77,3,23046.0,0,2,1,14178.02,14953.73,3.4
M0093245,N,39,0,18468.62,0,0,0,6153.03,13838.39,0.03
M0093246,N,38,2,15880.12,0,2,1,4402.9,9204.68,1.02
M0093247,N,40,1,5143.32,0,0,0,2769.42,3162.54,0.36
M0093248,N,77,1,17110.35,0,0,0,4473.64,11290.24,1.43
M0093249,N,53,1,8828.38,0,3,0,6870.53,6987.82,1.34
M0093250,N,57,2,63654.46,1,2,1,24696.25,33265.42,1.3
M0093251,N,66,3,12939.56,1,0,0,3023.36,14821.07,1.96
M0093252,N,77,2,9147.41,0,0,0,4506.72,4329.96,1.1
M0093253,N,29,1,6173.39,0,0,0,2197.77,6987.5,0.26
M0093254,N,56,1,10597.95,0,0,0,5028.64,3342.99,1.38
M0093255,Y,70,5,340729.45,5,9,6,123125.09,251572.03,5.87
M0093256,N,27,0,33895.14,1,0,1,6937.39,43472.54,0.53
M0093257,N,31,2,15073.96,0,0,0,2097.52,14762.05,0.68
M0093258,Y,57,5,172802.73,2,2,1,79859.15,68234.28,4.51
M0093259,N,61,3,63009.41,0,1,1,5770.09,47064.82,2.89
M0093260,N,53,2,4356.01,0,0,1,1770.69,3188.8,0.07
M0093261,N,68,1,7865.34,1,0,0,1325.23,5246.3,0.24
M0093262,N,70,4,17585.75,0,1,0,3304.93,20416.64,2.13
M0093263,N,38,1,20403.47,0,2,1,13924.33,16510.59,3.45
M0093264,N,71,2,3384.03,0,0,0,1100.63,2285.63,2.44
M0093265,N,60,0,3986.23,0,2,0,1400.08,3572.67,0.54
M0093266,N,35,0,18239.75,1,0,0,848.2,18957.73,0.0
M0093267,N,71,0,6366.27,0,0,0,3275.78,1954.58,0.95
M0093268,N,23,2,13724.31,0,0,0,2840.1,8460.71,1.23
M0093269,N,48,1,4600.91,0,0,0,999.27,2662.76,0.0
M0093270,N,73,0,3302.93,0,0,0,284.36,2319.35,0.0
M0093271,N,38,0,11942.69,0,1,0,4026.46,9634.81,2.17
M0093272,Y,47,7,170636.77,3,6,4,93915.85,112636.64,4.81
M0093273,N,26,1,17831.73,0,0,0,2565.3,13780.96,0.8
M0093274,N,52,2,18971.0,0,2,1,1273.65,18902.07,3.6
M0093275,N,19,1,8816.87,0,1,0,5322.11,4916.92,0.0
M0093276,Y,78,6,236030.51,5,2,3,76163.11,161653.23,4.51
M0093277,N,79,1,10556.46,0,0,2,1734.6,8174.03,1.96
M0093278,N,18,1,12420.56,1,0,0,1808.97,9651.27,0.74
M0093279,N,73,1,13239.97,0,1,0,1565.08,11057.69,1.4
M0093280,N,50,1,6931.71,0,1,1,5497.15,4904.84,0.49
M0093281,N,69,0,7851.97,2,1,0,3330.5,4282.41,1.33
M0093282,Y,69,6,195022.74,3,5,4,74351.09,120914.29,4.84
M0093283,N,45,1,27050.87,0,1,0,3166.66,34986.62,1.35
M0093284,N,80,1,8197.76,1,3,2,4070.81,9118.81,1.14
M0093285,N,40,0,6159.96,0,2,0,2220.07,3340.95,0.44
M0093286,N,52,0,7145.47,0,1,2,3901.94,1904.21,0.73
M0093287,N,42,3,12949.74,0,1,0,4969.82,6913.19,0.96
M0093288,N,58,0,2382.52,0,0,0,1039.08,1920.14,0.19
M0093289,N,62,0,4630.68,0,0,1,2004.26,1944.95,0.34
M0093290,N,47,3,11828.54,0,0,1,4338.83,6134.56,1.25
M0093291,N,32,2,5086.51,0,1,0,1040.16,3093.88,0.3
M0093292,N,28,0,5931.01,0,0,0,826.17,6178.86,0.66
M0093293,N,60,0,4802.7,0,0,0,3825.15,4696.88,1.82
M0093294,N,20,1,6371.1,0,1,0,1145.01,4874.49,1.42
M0093295,N,50,2,12158.92,0,0,1,4361.97,12074.17,1.59
M0093296,N,77,2,2556.41,1,2,0,560.09,2828.62,0.0
M0093297,N,58,1,4748.76,0,1,0,2588.55,3264.11,0.0
M0093298,N,20,2,15386.75,1,3,0,1210.99,11912.55,1.12
M0093299,N,38,0,5886.83,0,0,0,1602.38,4816.52,0.91
M0093300,N,74,1,4363.38,0,1,0,1233.34,3325.91,0.32
M0093301,N,22,0,15516.99,0,1,0,6520.36,8142.49,0.98
M0093302,N,77,1,10856.55,0,1,0,3099.21,7890.16,1.14
M0093303,N,65,1,20014.92,0,1,0,4174.64,12433.43,1.84
M0093304,N,29,0,6205.2,0,0,0,2196.88,3883.52,0.0
M0093305,N,26,0,8605.36,0,0,0,1325.79,5454.66,0.16
M0093306,N,36,2,34179.04,0,1,1,8515.21,22459.34,2.51
M0093307,N,41,1,14194.22,2,1,2,5235.54,7852.74,1.58
M0093308,N,43,1,2628.64,0,0,0,925.5,1887.34,1.88
M0093309,N,46,0,10337.24,0,1,1,3694.58,15060.4,0.0
M0093310,N,62,0,9223.1,0,2,2,2226.07,10846.34,2.05
M0093311,N,70,1,20501.74,0,0,0,941.84,15609.87,1.25
M0093312,N,43,0,12273.64,1,0,0,1242.03,13795.73,0.29
M0093313,N,62,1,21773.93,1,1,1,3530.38,15442.88,1.5
M0093314,N,61,0,14890.21,1,0,1,2878.5,20394.48,1.53
M0093315,N,59,0,2505.56,1,1,0,865.55,2971.61,0.74
M0093316,N,23,3,30740.21,1,0,2,9502.89,42368.91,1.7
M0093317,Y,72,4,198564.75,2,1,1,62151.4,136206.7,3.58
M0093318,N,66,0,10414.99,0,0,0,2544.14,5882.09,0.0
M0093319,N,70,1,6896.0,0,0,0,2365.2,8510.29,2.26
M0093320,N,59,2,5384.0,0,0,1,1013.05,3780.0,1.95
M0093321,N,40,0,7734.78,0,0,0,954.53,7694.87,1.02
M0093322,N,70,0,10487.18,0,1,0,715.41,11833.83,0.88
M0093323,N,49,0,35070.3,0,0,0,4931.89,25195.88,1.79
M0093324,N,35,1,3023.04,0,1,0,1576.25,1685.71,1.6
M0093325,N,60,0,6656.94,0,0,0,1658.67,8815.02,2.12
M0093326,N,46,1,23125.11,0,0,0,1193.12,17609.84,0.23
M0093327,N,63,0,11235.76,0,0,1,485.65,9802.41,1.33
M0093328,N,38,1,11959.47,1,0,0,3291.23,15861.4,1.01
M0093329,N,67,0,19803.58,0,0,0,1459.28,15704.35,2.32
M0093330,N,79,1,11401.92,0,0,1,2153.11,13774.87,0.52
M0093331,N,75,1,11299.39,1,1,0,3466.33,6385.3,0.92
M0093332,N,79,1,3967.2,1,1,1,1883.1,4880.23,1.49
M0093333,N,67,0,8990.63,0,0,0,3333.98,4923.54,2.4
M0093334,N,25,2,22146.86,1,2,1,3447.28,23249.12,0.6
M0093335,N,71,3,10865.43,0,1,0,4891.58,4334.66,0.68
M0093336,N,44,2,13473.88,1,2,0,1813.83,14653.12,1.86
M0093337,N,21,1,20026.29,2,1,1,3129.4,15554.4,1.48
M0093338,N,46,0,18422.87,2,2,1,5858.34,15835.9,0.88
M0093339,N,52,1,6232.15,0,3,0,4500.49,6242.32,0.29
M0093340,N,80,1,29408.03,1,1,0,3740.94,21932.76,0.0
M0093341,N,25,1,9717.33,1,1,0,2577.08,7175.77,1.49
M0093342,Y,68,6,278607.77,2,4,1,103900.07,129270.23,2.73
M0093343,Y,50,3,308033.11,3,2,1,265767.2,116237.93,4.69
M0093344,N,20,1,6485.28,0,1,2,6131.42,3313.49,1.17
M0093345,Y,38,5,233748.56,2,5,5,198203.97,98127.57,5.15
M0093346,N,73,0,5171.59,0,0,0,1670.54,5442.14,1.39
M0093347,N,48,1,8895.25,0,0,0,1729.49,5925.12,0.41
M0093348,N,29,0,9302.86,0,2,0,2068.38,5317.75,0.41
M0093349,N,69,1,2670.15,1,0,0,507.73,2728.69,0.25
M0093350,N,78,1,10557.49,1,1,0,1034.0,13008.09,2.23
M0093351,N,76,1,36775.95,1,0,0,4464.02,26470.68,3.28
M0093352,Y,52,6,661965.49,3,3,6,191987.47,520925.3,4.66
M0093353,N,62,0,16452.38,0,0,0,5016.4,9665.96,2.3
M0093354,N,40,0,5344.31,0,0,0,2563.24,3937.63,0.04
M0093355,N,61,1,5753.57,0,0,0,2936.88,3211.31,1.76
M0093356,Y,52,5,293273.43,2,5,4,128807.59,269676.01,4.89
M0093357,N,44,1,10545.12,0,1,0,11665.32,5638.51,1.83
M0093358,N,28,0,12491.47,0,0,1,3963.76,12260.07,2.68
M0093359,N,44,1,31376.15,2,2,0,2667.11,27735.96,1.42
M0093360,N,27,3,22485.34,0,0,0,8295.08,15871.53,1.25
M0093361,N,55,2,25810.83,1,1,1,5908.95,28257.87,0.99
M0093362,N,60,0,5116.32,0,0,0,1183.55,3430.84,1.3
M0093363,N,59,0,5484.52,0,2,0,1453.43,5724.7,0.66
M0093364,N,41,0,8293.69,0,0,0,1335.57,5865.96,0.0
M0093365,N,35,0,8830.62,0,1,0,2529.96,10622.47,0.45
M0093366,N,47,2,15972.78,1,0,1,5942.89,10396.16,1.51
M0093367,N,76,2,11411.46,1,1,1,8635.07,9041.87,1.74
M0093368,N,26,1,15877.07,0,1,0,5749.73,7732.57,1.42
M0093369,N,33,1,6860.41,1,1,0,1487.87,8485.35,1.66
M0093370,N,31,0,12485.7,0,0,0,969.1,8911.79,1.49
M0093371,N,77,4,13560.82,1,1,0,2163.5,21737.65,1.31
M0093372,N,67,0,6964.1,0,1,1,4844.57,2966.97,1.54
M0093373,N,35,2,15156.93,0,1,1,2010.26,11368.19,0.85
M0093374,N,64,0,7411.6,0,0,1,1529.39,8604.08,1.95
M0093375,N,23,2,8801.86,1,1,0,2002.1,8365.5,1.03
M0093376,N,50,1,12517.49,0,0,0,2813.62,16657.14,2.49
M0093377,N,72,2,8269.37,0,1,0,2189.08,4386.12,1.84
M0093378,N,23,0,3237.08,0,1,0,1163.03,2887.84,2.17
M0093379,N,43,3,9981.67,0,0,0,2005.2,8826.63,0.46
M0093380,N,45,1,9185.23,0,0,0,5992.88,2031.82,0.61
M0093381,Y,46,4,92599.04,1,2,5,20506.02,69743.73,4.28
M0093382,N,68,1,6020.93,0,0,0,4659.68,2206.98,0.0
M0093383,N,34,0,13361.05,1,1,0,3439.52,7417.37,0.19
M0093384,N,68,1,41553.49,0,1,0,7248.17,26861.88,2.78
M0093385,N,35,1,12894.19,0,1,0,10112.56,5229.72,0.05
M0093386,N,67,1,15795.97,1,1,0,9085.86,6136.39,1.26
M0093387,N,31,3,55504.88,0,3,1,29478.84,21716.72,2.74
M0093388,N,52,2,15212.8,0,0,0,8069.32,4216.19,3.33
M0093389,N,31,1,2948.63,0,0,0,331.08,2492.21,0.76
M0093390,N,29,0,15386.33,0,2,0,2698.4,18193.44,0.06
M0093391,N,38,0,6687.43,0,2,0,2843.31,4887.11,0.0
M0093392,N,67,2,12023.36,0,0,0,1898.16,8268.95,1.74
M0093393,N,43,3,9932.11,0,0,1,3337.88,14338.45,0.53
M0093394,N,60,2,32156.7,0,1,0,14076.04,21498.63,0.51
M0093395,N,66,4,12199.64,0,0,1,5132.26,11314.95,0.86
M0093396,N,54,0,10948.13,1,1,0,2786.89,14088.04,2.13
M0093397,N,43,0,18664.58,1,2,1,2455.1,14658.39,0.51
M0093398,N,56,0,10634.87,0,2,0,2842.11,6590.42,0.56
M0093399,N,23,1,4507.1,0,1,0,1311.09,6635.45,0.97
M0093400,N,30,3,34032.31,0,0,0,18105.2,9491.02,2.29
M0093401,N,52,3,25436.07,0,2,0,5716.13,20052.81,2.38
M0093402,N,30,1,11571.93,0,1,0,2256.17,15494.97,1.05
M0093403,N,37,0,25260.82,0,0,0,4130.39,16731.65,1.28
M0093404,N,18,0,14959.68,1,0,0,1676.72,12789.17,1.24
M0093405,N,53,0,7197.42,0,0,0,1083.21,11256.06,0.03
M0093406,N,77,1,32547.96,0,4,0,27836.41,9381.0,1.92
M0093407,Y,81,5,183829.06,3,6,5,105452.39,120285.77,3.88
M0093408,N,75,1,6072.07,0,0,0,2553.24,5918.39,0.18
M0093409,N,39,0,11224.16,0,0,1,2322.49,6968.43,0.88
M0093410,Y,66,2,157348.02,1,1,1,51241.3,125726.56,2.0
M0093411,N,48,0,12895.76,0,0,0,1932.4,13126.33,0.8
M0093412,N,54,0,8345.29,0,0,0,3510.67,4043.38,0.31
M0093413,N,51,0,5765.97,0,1,0,2509.8,6025.03,0.09
M0093414,N,62,0,26139.45,0,0,1,10844.75,11225.41,1.68
M0093415,N,34,1,22860.86,0,0,0,3247.58,18849.65,0.41
M0093416,N,58,1,19997.76,0,1,2,7209.51,9556.45,2.87
M0093417,N,46,0,16185.21,0,0,0,3565.39,18128.93,0.0
M0093418,N,79,3,15013.34,0,0,0,1942.28,15422.18,0.52
M0093419,N,53,1,7985.22,0,0,0,2301.6,8429.9,1.03
M0093420,N,69,0,19698.46,0,0,0,2334.1,13708.89,1.15
M0093421,N,69,1,10579.02,0,0,0,1900.76,10037.52,0.73
M0093422,N,27,0,7865.16,0,0,0,534.81,9993.54,0.0
M0093423,N,41,0,16817.28,1,0,0,3345.67,10304.09,1.57
M0093424,N,27,0,26042.61,1,1,0,2308.95,24459.1,0.66
M0093425,N,25,1,10712.75,0,0,0,4636.33,13982.82,1.06
M0093426,Y,45,3,299380.42,3,3,4,97512.95,188590.84,8.33
M0093427,N,41,0,9759.48,0,1,0,6693.59,5939.78,0.0
M0093428,N,56,0,6982.54,0,1,0,2830.07,8646.05,1.28
M0093429,N,18,2,8420.26,0,1,1,2101.14,5936.09,2.16
M0093430,N,56,2,13497.57,0,2,0,2448.97,11185.87,2.01
M0093431,N,66,0,17332.65,0,1,0,3824.78,10938.74,2.07
M0093432,N,42,3,11359.92,0,1,0,1115.31,10199.57,1.41
M0093433,N,49,0,12618.5,0,2,0,2619.68,14292.36,1.48
M0093434,N,24,2,20664.2,1,2,0,7052.14,10898.85,0.96
M0093435,N,60,2,29943.63,0,0,1,4254.71,22867.64,0.73
M0093436,N,34,0,38784.3,2,0,0,1924.39,31561.64,0.0
M0093437,N,36,0,6446.79,0,0,0,2664.14,6384.35,0.34
M0093438,N,42,0,15582.66,0,0,0,3447.07,14680.22,0.0
M0093439,N,78,1,75581.81,0,2,2,26361.77,37157.84,0.29
M0093440,N,38,0,6749.95,1,0,0,5194.63,5136.94,1.56
M0093441,N,58,3,15195.04,0,1,0,3568.23,8415.77,1.33
M0093442,N,30,1,4043.23,0,0,1,421.74,6773.05,1.4
M0093443,N,58,3,4587.28,0,0,0,2195.95,4464.46,0.82
M0093444,N,39,1,10465.6,0,1,0,4826.08,9127.18,0.8
M0093445,N,42,1,13694.67,1,0,0,1489.33,15331.54,2.55
M0093446,N,27,1,12672.32,0,0,0,2699.32,11543.22,1.47
M0093447,N,72,0,3815.31,0,0,0,829.4,5291.76,1.27
M0093448,N,72,1,18748.06,1,3,1,5837.3,9020.65,1.36
M0093449,N,65,1,8396.52,0,0,0,1350.18,8830.02,0.26
M0093450,N,25,1,8164.33,0,1,0,5352.33,7315.63,1.05
M0093451,N,78,2,4696.36,1,0,0,2886.16,3139.31,0.42
M0093452,N,68,2,7105.35,0,0,0,6012.12,5661.62,0.16
M0093453,N,33,0,6143.84,0,1,0,1552.44,3710.43,0.0
M0093454,N,18,2,21722.04,1,2,0,4087.38,13722.81,0.0
M0093455,N,50,2,9859.93,0,1,0,5859.78,8417.13,2.02
M0093456,N,75,0,3594.59,0,0,1,280.84,4808.3,0.94
M0093457,N,36,1,18941.66,1,2,1,5092.29,13258.76,1.35
M0093458,N,18,1,3296.52,0,1,0,1071.63,3243.54,1.05
M0093459,N,32,0,3906.67,0,0,0,393.45,4275.8,0.0
M0093460,N,79,2,5171.11,0,0,0,663.47,7165.44,1.44
M0093461,Y,63,3,201377.4,1,2,1,127245.9,87850.53,4.75
M0093462,Y,76,2,164039.81,3,3,4,52766.15,147105.23,4.17
M0093463,N,67,1,11098.51,0,1,0,9201.26,3413.49,2.42
M0093464,N,62,1,2957.69,0,0,0,605.1,4347.83,1.2
M0093465,N,66,1,11366.24,1,2,0,3041.25,14080.51,0.9
M0093466,N,63,0,20377.1,2,0,0,6618.54,16231.06,1.28
M0093467,N,21,2,10997.75,0,0,0,4748.21,13545.93,1.46
M0093468,N,21,1,9127.84,0,1,0,1229.29,7591.15,1.47
M0093469,N,40,1,6122.17,0,1,0,961.17,9422.37,1.31
M0093470,N,60,0,21525.93,0,1,0,3151.75,33760.13,1.46
M0093471,N,64,2,10259.77,1,0,0,749.26,16327.21,1.35
M0093472,N,48,0,10960.49,0,1,0,3303.25,7827.67,0.62
M0093473,N,24,2,4555.39,0,0,0,1527.64,3035.77,0.0
M0093474,N,32,0,10637.87,0,0,2,2727.45,9953.48,0.63
M0093475,N,53,1,9088.3,0,0,0,500.57,12044.89,0.66
M0093476,N,74,1,9409.84,1,0,0,3572.65,9730.22,2.01
M0093477,N,59,1,7778.25,0,0,0,2545.49,9054.25,1.73
M0093478,N,48,1,14767.95,0,1,0,774.47,10828.68,0.6
M0093479,Y,40,5,217238.87,2,2,1,95724.38,85573.6,3.62
M0093480,N,68,1,13206.48,1,0,1,6071.14,8805.06,0.5
M0093481,N,67,0,12199.95,0,0,0,4709.24,7741.45,0.47
M0093482,N,30,1,11968.61,0,0,0,1928.44,18901.64,1.93
M0093483,N,44,2,31557.4,0,0,1,2370.79,23737.87,1.16
M0093484,N,59,0,19662.51,0,0,1,16300.28,12816.57,1.18
M0093485,N,56,1,32118.75,0,1,0,1704.43,39477.75,2.29
M0093486,Y,39,3,113260.26,3,2,1,47807.92,78685.84,5.9
M0093487,N,68,2,16994.65,0,0,0,7921.52,6989.65,0.55
M0093488,N,71,0,6821.27,0,1,0,2295.4,4339.49,1.24
M0093489,N,26,0,21047.83,0,0,0,2601.37,20828.77,1.84
M0093490,N,43,0,27263.5,0,0,0,1457.73,22888.47,0.98
M0093491,N,45,2,7537.69,0,2,0,2032.0,11648.32,1.9
M0093492,N,49,0,6743.86,0,0,1,791.61,9255.95,0.62
M0093493,N,69,2,28911.32,1,1,0,6122.17,20362.1,1.85
M0093494,N,41,2,16825.79,0,1,2,7664.48,7345.76,0.6
M0093495,N,69,1,11763.96,0,0,0,1227.32,9083.05,0.82
M0093496,N,52,2,17016.51,1,0,0,6259.6,7084.77,1.78
M0093497,N,29,0,9343.08,0,0,0,657.68,7152.65,0.27
M0093498,N,30,1,4832.3,0,3,0,1831.95,4190.2,1.09
M0093499,N,47,1,9047.19,1,0,0,2783.63,4655.1,1.3
M0093500,N,75,2,13567.46,0,0,0,4815.64,7494.01,0.0
M0093501,N,71,2,14160.23,0,0,0,3387.67,8286.69,2.18
M0093502,N,77,0,8009.94,0,0,0,1665.65,9446.15,0.03
M0093503,N,48,0,19708.28,0,1,0,1821.53,17491.85,1.02
M0093504,N,68,1,13321.23,2,0,0,2787.31,9526.91,0.83
M0093505,N,20,0,7651.16,0,0,0,1537.2,9544.07,2.13
M0093506,N,78,1,8114.19,0,0,0,8513.77,5963.71,0.8
M0093507,N,35,0,12084.5,1,0,1,636.26,10361.98,1.51
M0093508,N,19,1,4316.24,1,1,0,3207.69,4175.71,0.62
M0093509,N,45,1,5241.24,0,1,0,1202.15,2921.38,0.47
M0093510,N,54,1,17395.36,0,0,0,2815.26,12767.59,0.11
M0093511,N,55,0,2837.5,1,0,0,523.66,4512.17,0.0
M0093512,N,42,2,5415.3,1,0,0,2082.06,3435.87,1.3
M0093513,Y,38,3,91099.13,1,2,1,31193.48,89450.02,3.32
M0093514,N,23,1,7391.68,0,0,0,2234.17,4919.37,0.03
M0093515,N,23,2,14715.73,0,0,0,6399.76,9410.08,0.88
M0093516,N,55,1,5073.47,0,0,0,1635.77,3185.06,0.0
M0093517,N,63,2,8818.66,0,1,0,7229.77,7503.88,2.32
M0093518,N,77,1,18110.45,0,0,0,1349.26,25010.29,0.63
M0093519,N,53,0,6045.57,0,0,0,1741.84,3771.73,1.7
M0093520,N,57,2,26827.45,0,0,1,7250.31,24783.81,1.53
M0093521,N,33,0,7646.37,0,1,1,2817.11,7186.36,1.95
M0093522,N,45,2,64709.83,0,1,1,8603.78,54486.09,1.88
M0093523,N,73,0,9142.77,0,1,0,1743.53,10781.82,0.49
M0093524,N,52,2,16179.51,0,0,0,3941.61,12421.78,2.01
M0093525,N,53,1,13452.97,0,1,1,1823.81,10139.9,0.73
M0093526,N,44,1,12827.18,1,0,0,2930.56,7783.99,0.42
M0093527,N,44,0,10007.53,2,0,0,10533.25,5121.36,1.19
M0093528,N,80,0,3568.74,0,0,0,1450.29,4674.67,0.19
M0093529,N,63,1,8790.29,1,3,1,2755.35,8817.72,0.0
M0093530,N,60,1,22930.63,0,0,1,6438.28,13927.13,1.58
M0093531,N,29,2,13381.33,0,0,1,5475.82,6361.47,1.48
M0093532,N,67,2,24480.96,0,0,0,6842.24,18628.77,0.55
M0093533,N,29,2,4915.49,2,0,0,2622.3,4046.26,1.01
M0093534,N,68,0,24527.36,0,1,0,5136.22,14554.94,1.12
M0093535,N,56,1,12303.08,0,1,0,5059.61,5217.29,2.01
M0093536,N,66,1,4846.41,0,1,0,1950.4,5017.37,0.84
M0093537,N,38,0,10853.31,0,3,0,6894.11,3652.11,1.2
M0093538,N,65,0,7070.12,0,1,0,835.27,4923.8,1.25
M0093539,N,26,2,12753.94,0,1,0,2752.52,11555.46,2.39
M0093540,N,61,3,16398.91,0,0,0,4258.15,12162.34,1.35
M0093541,N,38,0,3546.75,0,0,0,1535.86,3911.92,0.63
M0093542,N,30,1,7380.52,1,2,0,2121.55,5167.74,2.24
M0093543,N,38,2,19294.7,0,0,0,13104.43,3214.77,1.3
M0093544,N,58,2,4899.88,0,1,0,1639.08,3452.67,0.82
M0093545,N,73,0,13522.17,0,0,0,4323.75,6910.47,0.53
M0093546,N,46,1,8097.49,0,3,1,3014.92,9216.02,1.0
M0093547,N,25,1,15616.56,0,1,1,3140.57,22521.21,2.74
M0093548,N,57,1,15409.28,0,2,1,2626.91,11773.89,0.97
M0093549,N,66,2,12329.56,0,0,0,5054.51,8804.73,0.72
M0093550,N,63,1,8885.37,1,0,0,2546.2,6702.62,0.77
M0093551,N,77,0,9107.84,0,0,0,4017.66,3153.13,0.0
M0093552,N,52,1,13166.34,0,0,0,1872.34,8859.73,0.28
M0093553,N,46,1,14222.14,0,0,0,1714.81,10083.09,1.1
M0093554,N,38,2,8559.64,0,1,0,2583.64,9304.67,1.07
M0093555,N,70,0,9232.13,1,0,0,1083.27,7002.75,1.2
M0093556,N,77,1,5811.69,0,2,1,2823.18,5728.01,1.68
M0093557,N,71,0,10243.25,0,0,1,3137.97,14258.74,0.41
M0093558,N,34,1,12677.74,0,0,0,3322.23,9057.08,0.46
M0093559,N,65,1,16747.53,0,0,0,3866.42,9803.7,1.34
M0093560,N,27,2,19550.32,0,1,0,4664.17,17499.98,1.33
M0093561,N,44,1,9472.08,0,0,0,2303.03,7759.54,2.51
M0093562,N,61,1,15728.88,0,1,0,3955.61,18229.45,0.0
M0093563,N,29,1,9459.66,0,0,0,2007.0,13347.02,0.0
M0093564,N,31,0,13566.04,0,1,0,4571.81,9889.19,1.14
M0093565,Y,55,6,318411.36,4,2,1,59973.16,383723.57,6.41
M0093566,N,53,1,13131.53,0,0,0,2928.66,15179.36,1.7
M0093567,N,63,2,10100.47,0,1,1,2484.16,7017.39,1.1
M0093568,N,27,1,7184.32,1,0,0,1612.38,4929.99,0.0
M0093569,N,24,0,4913.05,0,0,0,3643.06,4641.88,1.51
M0093570,N,40,0,12077.3,0,0,1,8653.0,4080.13,0.0
M0093571,N,73,0,8654.56,1,0,0,1917.99,8369.05,1.38
M0093572,N,76,2,15036.19,0,0,0,5700.35,6900.98,0.0
M0093573,N,36,0,5916.81,1,0,0,3413.14,7289.43,0.77
M0093574,N,75,0,4039.92,0,0,0,1376.75,3222.54,0.07
M0093575,N,32,1,9546.51,0,0,0,8760.82,6755.14,1.35
M0093576,N,36,1,24433.1,1,0,0,6586.76,12589.83,1.72
M0093577,N,73,0,25977.52,0,2,2,3686.08,26895.97,0.48
M0093578,N,50,1,4481.84,0,0,0,1306.38,3065.29,0.02
M0093579,N,75,0,8556.2,0,0,0,5701.71,5356.48,1.24
M0093580,N,54,0,4171.81,0,3,0,3027.75,4409.6,0.73
M0093581,N,38,0,3921.96,0,0,0,2115.02,3448.79,0.48
M0093582,N,33,0,3192.06,0,0,0,650.26,2568.06,0.17
M0093583,N,26,0,11940.5,0,1,0,4191.81,6021.12,0.0
M0093584,N,18,0,11816.16,0,0,0,3515.71,6300.61,0.0
M0093585,N,21,0,9172.31,0,1,2,7352.43,3125.39,0.52
M0093586,N,63,2,10404.74,0,0,0,7850.27,6348.75,1.16
M0093587,N,20,1,6267.66,0,0,0,2474.95,5166.99,0.6
M0093588,N,79,2,12619.81,0,0,1,2374.01,10034.13,1.57
M0093589,N,80,0,6169.24,0,0,0,2216.2,4429.66,0.76
M0093590,N,67,1,4489.59,1,0,1,1330.2,3274.31,1.29
M0093591,N,29,2,3439.44,0,0,0,2628.69,2860.56,1.46
M0093592,Y,44,5,278434.32,4,2,3,54027.64,326570.22,7.61
M0093593,N,65,1,7077.93,0,1,0,3636.35,5494.16,1.37
M0093594,N,44,1,5491.27,0,0,0,4101.5,2594.5,0.87
M0093595,N,51,1,21056.67,2,1,0,2077.82,18005.61,0.29
M0093596,N,68,1,10800.86,0,0,0,3607.06,13137.64,0.38
M0093597,N,33,0,7134.24,0,0,0,1385.1,6364.63,0.0
M0093598,N,35,1,35151.17,1,2,0,9047.35,19566.66,2.33
M0093599,N,20,1,7888.98,0,0,0,1918.98,6233.43,0.0
M0093600,N,79,1,2454.19,0,1,0,697.55,1659.56,1.35
M0093601,N,75,1,5560.28,0,0,0,3422.74,6446.86,1.32
M0093602,N,78,1,12723.43,1,2,0,3374.42,10060.49,3.05
M0093603,N,74,1,8870.95,1,0,0,2375.35,5793.14,2.46
M0093604,N,66,1,3345.63,0,0,0,2322.93,2364.2,0.0
M0093605,N,45,3,11283.01,0,0,1,3942.86,7686.58,0.84
M0093606,N,56,0,29339.69,0,1,2,3560.95,24720.99,1.44
M0093607,N,43,2,13517.45,0,0,0,1191.12,11183.79,0.48
M0093608,N,65,1,2976.29,0,0,1,1920.12,1905.77,0.36
M0093609,N,63,1,13230.05,0,1,0,3846.11,7213.82,0.0
M0093610,N,30,0,12602.19,0,0,0,4171.92,8677.12,0.47
M0093611,N,45,2,15866.97,1,1,0,1595.29,14162.66,2.59
M0093612,N,70,2,21133.62,1,0,1,14113.09,22691.75,2.59
M0093613,N,56,2,16272.04,0,0,0,5227.24,9106.33,0.7
M0093614,N,61,0,7399.63,0,1,0,2918.68,7561.9,0.0
M0093615,N,30,0,25558.17,0,0,0,8152.82,15647.12,0.69
M0093616,N,70,0,7193.16,0,2,0,4469.75,3713.51,0.09
M0093617,N,45,0,6827.97,0,0,0,3874.44,5830.11,0.59
M0093618,N,25,1,9024.87,1,0,2,2769.51,11434.05,2.68
M0093619,N,35,0,19053.93,0,0,0,5432.26,9591.54,1.78
M0093620,N,74,1,10347.84,0,0,0,2529.49,7700.33,1.69
M0093621,N,39,0,11042.51,0,0,0,10292.8,5853.75,0.2
M0093622,N,64,3,17955.16,0,0,0,2249.27,19614.48,1.2
M0093623,N,20,2,28014.04,0,1,1,2816.34,24701.59,0.19
M0093624,N,54,1,23602.99,0,0,1,12119.28,7851.27,2.17
M0093625,N,19,0,7885.38,0,0,0,2803.04,9017.93,2.01
M0093626,N,40,0,16376.5,0,0,0,4748.77,9593.14,1.28
M0093627,N,60,0,6683.01,1,0,0,1963.73,6300.03,2.68
M0093628,N,36,0,11868.28,1,0,0,2962.73,9187.13,0.0
M0093629,N,59,0,5527.62,0,0,0,462.58,6279.92,1.45
M0093630,N,24,1,7846.1,0,0,0,5321.12,8588.35,0.0
M0093631,N,24,2,9573.56,0,2,0,4104.21,5145.13,0.86
M0093632,N,54,0,15493.16,0,0,0,2340.43,9881.24,0.72
M0093633,N,49,1,4343.86,0,0,0,919.62,3590.76,0.0
M0093634,N,68,0,6899.54,0,0,1,833.08,5441.41,1.88
M0093635,N,38,0,12259.53,0,1,0,5348.88,9249.77,0.43
M0093636,N,27,0,7661.15,0,1,0,5457.99,4089.79,1.76
M0093637,N,73,2,20923.89,0,1,0,3830.73,12863.39,2.54
M0093638,N,56,1,5763.34,0,0,2,2101.53,2993.17,1.24
M0093639,N,35,1,5179.91,0,1,0,2845.1,6115.65,0.0
M0093640,N,22,0,4158.57,0,0,1,803.21,2938.94,0.33
M0093641,N,78,0,12899.97,0,1,0,5043.25,6112.18,0.0
M0093642,N,31,1,8092.63,0,2,0,3171.83,9720.7,0.0
M0093643,N,57,0,6659.94,0,0,0,4311.0,7728.73,1.05
M0093644,N,49,3,14428.16,0,0,1,3048.65,22814.59,1.52
M0093645,N,23,2,28702.58,0,3,2,8269.28,16158.61,3.44
M0093646,N,73,2,13903.44,0,0,0,2301.04,9293.47,1.33
M0093647,N,44,1,10761.89,0,1,0,2619.77,5908.71,0.5
M0093648,N,26,0,15397.9,0,0,1,4829.92,7767.21,0.0
M0093649,N,31,2,21564.78,0,0,0,5287.42,23171.23,1.31
M0093650,N,55,0,19157.99,0,0,1,15971.17,2452.86,0.63
M0093651,N,26,0,10889.32,0,0,0,2677.11,6767.44,0.29
M0093652,N,71,1,20295.24,0,0,0,4364.32,21100.32,1.34
M0093653,N,75,1,13961.68,1,0,0,2518.87,14833.04,1.22
M0093654,N,24,1,2598.64,0,1,0,585.09,1468.22,1.45
M0093655,N,71,1,14655.21,0,0,1,3165.24,8346.48,1.24
M0093656,N,68,1,10237.03,0,0,0,3377.74,4651.19,0.0
M0093657,N,25,0,18071.78,0,1,2,1388.96,14576.61,0.0
M0093658,N,61,1,10362.24,1,1,0,8629.59,6530.11,1.76
M0093659,N,47,0,16602.53,0,0,1,1421.12,12221.33,1.53
M0093660,N,34,0,7830.49,0,1,0,2747.16,9034.92,0.55
M0093661,N,25,1,16524.04,1,0,0,5506.12,14728.26,1.82
M0093662,N,18,1,6236.58,0,0,0,1302.9,4915.0,0.53
M0093663,N,50,1,16292.52,0,1,0,3838.86,23882.55,2.57
M0093664,N,73,1,11105.71,0,2,0,8088.59,11409.83,1.96
M0093665,N,27,1,30072.27,0,0,1,5775.07,18887.4,1.47
M0093666,N,80,3,19442.81,0,1,1,9835.47,10093.58,0.93
M0093667,N,26,1,11447.75,0,0,0,4761.94,9042.23,1.25
M0093668,N,75,1,6061.72,0,0,0,2205.01,7147.2,0.79
M0093669,N,36,0,6756.72,0,0,0,1810.5,8308.31,1.43
M0093670,N,50,0,8854.42,0,0,0,3335.74,7587.62,1.98
M0093671,N,30,0,5778.64,1,1,0,1191.34,6423.69,0.35
M0093672,N,46,1,38140.14,1,1,1,4615.92,28581.51,2.67
M0093673,N,57,3,26273.8,0,0,1,4214.57,18470.21,0.8
M0093674,N,60,0,15541.74,0,1,0,4518.41,8840.25,1.22
M0093675,N,75,0,9734.42,0,1,0,549.96,11222.1,0.11
M0093676,N,19,1,3092.3,0,0,0,757.63,1876.42,0.0
M0093677,N,36,1,12658.78,0,0,0,1324.3,14653.86,0.0
M0093678,N,53,0,4123.69,0,1,0,771.27,5369.53,0.0
M0093679,N,42,0,11047.17,0,1,0,4153.17,11933.41,0.0
M0093680,N,73,2,14852.09,0,2,2,4284.57,11767.64,2.79
M0093681,N,80,0,3967.13,0,1,0,897.22,4909.92,0.97
M0093682,N,56,0,34760.71,1,0,0,16568.06,11288.76,0.39
M0093683,N,20,1,10237.41,1,0,0,723.01,10337.78,0.0
M0093684,N,31,3,27727.98,0,3,0,4635.72,19096.89,2.27
M0093685,N,53,1,22514.86,0,0,1,3718.98,18224.2,1.06
M0093686,N,27,2,14014.79,0,0,0,4058.38,8055.62,1.61
M0093687,N,34,0,4864.77,0,0,0,1110.28,3001.18,0.48
M0093688,N,55,0,8911.82,0,0,0,1272.59,9140.57,0.9
M0093689,N,45,0,22532.03,0,1,2,3865.14,35231.29,0.45
M0093690,N,80,1,12282.6,0,1,1,5018.33,7257.51,1.63
M0093691,N,43,1,11644.02,0,2,0,3675.92,7658.85,1.36
M0093692,N,61,1,17885.38,0,1,0,6609.99,16026.73,2.63
M0093693,N,52,0,4695.25,0,0,0,1034.82,2844.39,0.31
M0093694,N,33,0,32430.84,1,1,1,3868.4,23055.22,1.65
M0093695,N,36,0,10136.09,1,0,0,2068.29,12096.78,0.32
M0093696,N,34,1,8767.76,0,0,0,2531.15,8672.82,1.71
M0093697,N,44,1,3785.03,0,1,1,1273.61,1846.88,1.01
M0093698,N,50,2,29096.08,0,3,1,19024.53,25671.35,1.71
M0093699,N,71,0,4445.97,0,0,0,4576.32,2269.77,0.53
M0093700,N,80,1,7296.77,0,0,0,4277.81,6392.3,0.27
M0093701,N,42,3,12532.78,1,1,0,3677.99,17295.16,0.0
M0093702,N,73,1,12533.75,1,0,0,1959.29,13987.88,1.38
M0093703,N,78,1,11102.31,0,3,0,1833.48,13888.55,0.3
M0093704,N,79,0,1569.82,0,1,0,425.33,1705.13,0.0
M0093705,N,68,2,18903.07,0,1,0,5587.09,9667.07,1.67
M0093706,N,66,0,2146.59,0,0,0,1841.99,1133.61,1.34
M0093707,N,55,1,5655.98,0,0,0,4574.82,3548.02,0.65
M0093708,N,19,1,4885.54,0,0,0,1864.6,4452.9,0.66
M0093709,N,44,2,65636.35,0,2,0,14277.78,41458.71,1.92
M0093710,N,74,1,29923.75,0,0,1,4217.08,33904.11,1.42
M0093711,N,49,0,14348.47,0,0,0,6668.65,5179.87,0.3
M0093712,N,70,2,6741.73,1,0,2,2875.82,5700.35,1.73
M0093713,N,30,1,18681.35,1,0,1,6657.27,8095.17,0.43
M0093714,N,25,0,22271.49,1,1,1,8229.76,19629.67,0.62
M0093715,N,32,3,26987.97,0,1,0,1818.79,27294.25,2.72
M0093716,N,51,0,6654.38,0,1,0,2575.79,6399.28,0.72
M0093717,N,73,0,7781.83,0,0,0,2546.35,5260.73,0.19
M0093718,N,49,1,9074.9,0,0,0,2806.01,5683.0,0.73
M0093719,N,54,1,9132.7,0,0,0,10922.98,4709.68,0.56
M0093720,N,22,0,15442.36,0,2,0,4617.39,8794.34,0.04
M0093721,N,53,1,10009.0,0,1,0,3393.32,14801.95,0.66
M0093722,N,72,3,22591.52,0,1,0,2401.39,17988.96,0.24
M0093723,N,18,2,2147.45,0,0,0,470.22,1634.93,0.84
M0093724,N,52,2,4244.62,0,1,0,311.22,4503.55,0.13
M0093725,N,38,1,22032.14,0,2,1,7248.19,18438.73,1.6
M0093726,N,21,0,7565.38,0,0,0,5312.92,4228.23,0.8
M0093727,N,44,2,4840.16,0,0,1,654.95,5959.82,0.8
M0093728,Y,37,4,143494.08,2,2,2,103299.16,83897.94,3.64
M0093729,N,38,0,12617.47,0,0,1,1503.35,13756.66,1.29
M0093730,N,25,1,10465.61,0,0,0,2765.05,5627.01,2.79
M0093731,N,66,2,14693.95,0,1,1,2625.39,10823.33,1.01
M0093732,N,75,0,19793.69,1,1,1,5067.91,23064.14,2.81
M0093733,N,66,0,4787.91,0,0,1,3231.09,4650.81,1.27
M0093734,N,72,0,15647.7,0,1,0,3412.94,10955.14,0.0
M0093735,N,63,0,8629.8,0,0,0,2997.48,9819.9,2.04
M0093736,N,71,0,4377.16,0,0,0,634.26,2791.69,1.62
M0093737,N,23,5,32726.98,0,0,0,3121.84,28586.27,1.98
M0093738,N,35,1,14870.49,0,0,0,7909.58,4903.08,0.0
M0093739,N,27,0,5131.77,0,0,0,532.93,8608.71,1.91
M0093740,N,54,1,7209.57,2,1,0,1950.19,4612.21,1.47
M0093741,N,53,1,5241.78,0,1,0,1353.94,6528.96,1.66
M0093742,N,46,0,10959.05,0,0,0,3753.17,9124.45,0.75
M0093743,N,45,0,4439.63,0,0,1,2377.86,2248.11,0.17
M0093744,N,20,0,17207.86,1,1,0,7367.01,6443.25,1.1
M0093745,N,31,1,4598.45,0,1,0,2334.11,2571.09,0.91
M0093746,N,65,3,40667.89,0,0,0,5273.85,30373.55,3.14
M0093747,N,25,1,18012.91,0,0,0,2715.98,21728.52,1.85
M0093748,N,19,0,4841.96,0,0,0,1604.44,2305.64,1.23
M0093749,N,45,0,8687.78,0,1,0,1033.98,6121.01,0.44
M0093750,N,53,0,27409.3,2,0,1,8746.41,14067.87,0.2
M0093751,N,27,2,8591.92,0,1,1,2006.09,5921.62,1.71
M0093752,N,66,1,21143.04,0,2,1,2877.91,15579.57,1.56
M0093753,N,21,0,9157.81,1,0,0,1148.65,11703.59,0.0
M0093754,N,66,1,36841.09,0,1,1,28532.27,14122.96,1.22
M0093755,N,54,1,6767.85,0,1,0,3277.12,8139.7,0.57
M0093756,N,23,0,6307.89,1,0,0,2368.64,6493.49,1.25
M0093757,N,38,2,14070.69,0,1,0,2002.41,17013.98,1.3
M0093758,N,78,1,8292.47,0,1,0,2381.46,5559.56,1.32
M0093759,N,46,3,7991.4,0,0,0,3032.64,8458.67,0.33
M0093760,N,25,4,32722.66,1,3,1,5316.01,24529.42,0.47
M0093761,N,60,1,6943.31,0,1,0,4389.82,6081.68,0.44
M0093762,N,40,0,9646.51,0,0,0,1429.71,13921.24,2.37
M0093763,N,37,3,23761.27,0,2,1,4426.14,21543.63,0.71
M0093764,N,28,2,3382.84,0,0,1,1094.14,2290.63,0.82
M0093765,N,18,1,10100.05,0,1,1,5598.91,4226.65,1.97
M0093766,N,58,1,4025.5,0,1,0,568.21,4036.04,1.95
M0093767,N,62,1,14579.36,0,1,0,1548.61,12373.19,1.05
M0093768,N,24,0,3790.54,0,0,0,1423.71,2259.71,0.08
M0093769,N,22,0,16185.55,0,1,0,1723.51,19726.63,1.3
M0093770,N,66,3,84307.55,1,1,0,35765.38,45407.16,2.08
M0093771,N,39,2,23193.68,0,1,0,2926.81,16101.58,0.94
M0093772,N,68,1,26605.8,1,0,0,3260.85,19849.77,2.05
M0093773,N,31,3,20786.25,0,0,0,13032.64,20080.87,1.88
M0093774,N,55,2,12726.86,1,0,0,2533.58,12742.21,1.56
M0093775,N,63,0,6737.21,0,0,0,1461.58,8131.6,0.89
M0093776,N,23,1,18676.91,0,0,0,15726.74,8875.37,1.78
M0093777,N,36,1,6768.38,0,0,1,975.6,6734.94,0.32
M0093778,N,40,3,25550.96,0,0,0,10271.43,12522.19,1.67
M0093779,N,59,1,3944.83,0,1,0,873.27,3170.04,1.85
M0093780,N,41,0,9747.31,0,0,0,1327.24,7136.55,0.87
M0093781,N,66,2,11361.53,0,0,0,1094.71,7820.34,1.29
M0093782,N,70,0,5298.01,0,1,0,1609.45,5061.35,1.6
M0093783,N,29,0,6328.73,0,1,0,2612.72,3923.68,0.17
M0093784,N,23,0,13634.94,0,0,0,1146.68,23630.53,1.3
M0093785,N,78,1,10065.97,0,2,0,4030.44,8762.82,0.54
M0093786,N,65,0,5572.82,0,0,1,1642.97,4581.73,0.99
M0093787,N,31,2,3266.22,1,1,0,660.05,4642.19,1.22
M0093788,N,45,1,6901.17,0,1,2,7153.45,3806.77,0.79
M0093789,N,75,3,20020.31,0,1,1,6195.3,16765.49,0.86
M0093790,Y,77,5,192716.16,3,10,2,80976.03,143096.16,5.99
M0093791,N,25,4,31331.09,0,1,0,4186.51,26493.87,2.86
M0093792,N,23,1,4632.4,0,1,3,1721.74,4089.41,1.01
M0093793,N,56,0,9421.83,0,0,0,801.48,13170.15,1.05
M0093794,Y,84,5,445078.13,2,1,5,211691.05,227027.78,4.7
M0093795,N,74,2,4113.61,0,0,0,1502.97,4123.55,0.0
M0093796,Y,86,7,134948.67,1,1,4,63985.59,89555.72,6.45
M0093797,N,20,0,4115.22,0,1,1,850.27,3402.5,0.85
M0093798,N,24,2,10305.52,0,1,0,7091.91,5690.87,0.4
M0093799,N,55,3,30996.86,0,1,2,28300.2,16930.44,1.57
M0093800,N,35,0,9116.97,0,0,0,1631.81,8756.56,1.78
M0093801,N,64,4,13748.11,3,0,0,9231.79,8201.66,1.88
M0093802,N,44,1,10927.66,0,1,0,4239.02,9681.12,1.12
M0093803,N,19,1,26659.52,0,1,1,1238.24,21631.98,1.46
M0093804,N,30,1,5837.31,0,1,0,3683.55,5005.13,2.01
M0093805,N,54,0,16321.08,0,1,0,1389.74,12604.49,0.32
M0093806,N,48,1,4969.77,0,1,0,6264.97,2418.71,0.68
M0093807,N,41,1,14183.49,0,0,0,8031.93,6072.89,0.0
M0093808,N,59,1,29730.02,0,0,0,13590.76,14360.23,0.97
M0093809,N,68,1,21019.36,0,0,0,6143.41,13448.06,0.47
M0093810,N,71,0,15375.27,0,1,0,4647.18,11553.03,0.25
M0093811,N,20,0,8812.2,0,0,0,3905.33,4120.48,0.98
M0093812,N,66,1,4009.3,0,0,1,1913.46,2903.77,0.31
M0093813,N,62,0,15023.76,0,0,1,3384.77,10455.71,1.16
M0093814,N,44,1,10739.6,0,1,0,3547.55,9000.45,2.18
M0093815,N,21,0,13200.2,0,0,0,7393.7,5893.14,2.07
M0093816,N,71,1,3740.47,1,1,0,1165.27,2559.78,1.14
M0093817,N,41,2,13707.25,1,1,0,2544.37,12908.54,1.89
M0093818,N,28,1,16632.31,0,0,0,4180.1,14367.53,0.72
M0093819,N,26,0,6580.06,0,0,0,1311.38,8170.36,0.0
M0093820,N,40,1,6345.18,0,0,0,1834.36,5464.8,0.0
M0093821,N,39,1,6096.43,0,1,0,2436.41,3162.2,0.79
M0093822,N,46,2,5144.22,0,0,1,752.77,7377.29,2.01
M0093823,N,27,1,37599.19,1,1,0,7144.57,22610.98,1.74
M0093824,N,50,1,58936.12,0,3,0,17073.7,29961.53,1.58
M0093825,N,75,0,2103.3,0,0,0,893.43,2896.77,0.24
M0093826,N,19,0,4229.19,1,0,0,1094.6,3865.07,0.38
M0093827,N,60,2,10229.84,0,0,0,3754.0,8909.2,1.52
M0093828,N,75,0,4256.12,0,0,0,3046.06,2422.01,0.85
M0093829,N,32,1,14631.9,1,1,0,2195.04,19282.33,1.6
M0093830,N,53,1,37232.12,0,5,2,14474.81,31316.13,2.75
M0093831,N,45,1,42223.08,0,2,0,6593.91,31340.13,2.0
M0093832,N,79,0,4912.58,0,0,0,1376.62,5464.3,0.66
M0093833,N,39,1,14980.74,0,1,1,1407.67,19048.28,1.05
M0093834,N,70,1,3796.89,1,0,0,1489.73,4808.11,1.2
M0093835,N,39,0,4015.21,0,0,0,829.07,4975.12,0.32
M0093836,N,20,0,13813.64,0,0,0,1157.66,10063.27,1.88
M0093837,N,80,0,10097.84,0,2,0,1415.32,7042.53,1.7
M0093838,N,33,1,3752.69,0,1,0,2320.98,2701.66,0.75
M0093839,N,30,1,6595.36,0,0,0,2045.87,4282.79,1.36
M0093840,N,69,0,4256.84,0,0,0,1263.9,3071.99,0.0
M0093841,N,36,3,8511.62,0,0,0,1519.88,8391.35,0.26
M0093842,N,53,2,15796.9,0,2,2,4607.9,8896.8,1.9
M0093843,N,69,1,21186.12,0,1,1,3113.07,13455.75,1.74
M0093844,N,56,1,41351.48,1,0,0,6115.09,38805.31,0.03
M0093845,N,46,0,5075.64,0,0,0,1330.22,4449.06,1.08
M0093846,N,41,2,8156.88,0,2,0,2010.97,5286.29,1.78
M0093847,Y,65,4,194290.97,1,2,1,71629.14,101174.34,4.59
M0093848,N,37,1,9398.1,0,0,1,7760.37,7568.51,1.77
M0093849,N,27,0,5207.74,0,0,0,1398.61,2681.3,0.0
M0093850,N,22,1,14375.68,0,0,1,1369.88,21465.0,0.0
M0093851,N,35,2,7772.2,0,0,0,3655.42,8492.21,1.14
M0093852,N,66,2,6930.53,0,1,0,2036.2,3645.69,0.0
M0093853,N,39,0,6430.3,0,0,0,2174.08,8472.4,0.66
M0093854,N,20,2,6813.13,0,1,0,1044.85,6655.39,1.6
M0093855,N,38,0,6241.36,0,0,0,1910.32,3879.17,0.0
M0093856,Y,36,3,126194.73,4,4,5,37459.89,76239.81,3.64
M0093857,N,42,0,10774.89,1,0,1,4485.97,6824.18,1.31
M0093858,Y,58,6,259199.33,5,7,2,150620.57,161016.77,5.43
M0093859,N,67,4,17275.54,0,3,0,4034.54,18415.64,2.06
M0093860,N,40,0,6535.7,0,1,0,3476.15,3352.59,1.76
M0093861,N,24,1,6194.33,0,0,0,1548.26,4407.16,0.22
M0093862,N,73,0,21988.65,0,0,1,1286.09,16221.45,0.99
M0093863,N,36,2,20584.96,0,0,0,8685.78,17101.13,2.04
M0093864,N,78,3,2282.32,0,0,0,280.26,1773.72,1.22
M0093865,N,29,1,23039.64,0,0,0,2528.88,16518.6,0.69
M0093866,N,42,1,6603.74,0,2,0,3134.53,5986.39,1.06
M0093867,N,76,1,10338.52,1,1,1,11551.9,3518.7,1.33
M0093868,N,73,0,3464.27,0,2,0,907.24,2590.7,0.0
M0093869,N,43,0,52390.6,0,2,1,13683.48,37832.85,2.36
M0093870,N,25,2,11464.04,2,3,0,3113.53,6559.92,1.73
M0093871,N,41,0,8433.33,1,0,0,1742.09,6039.24,0.57
M0093872,Y,42,4,178292.72,1,4,4,61482.96,93523.27,3.6
M0093873,N,52,2,7026.38,1,0,0,4003.47,4986.67,1.58
M0093874,N,79,0,10966.32,0,1,0,733.19,10235.23,0.15
M0093875,N,69,0,18559.01,0,0,0,4883.8,21298.23,1.25
M0093876,N,79,3,4383.38,0,0,0,1666.49,6025.63,1.1
M0093877,N,46,1,12534.98,0,3,1,3962.8,16143.84,1.99
M0093878,N,50,1,7225.15,1,1,0,2501.28,7631.04,1.42
M0093879,Y,37,6,176120.88,3,5,5,102565.99,125993.13,6.4
M0093880,N,76,2,7912.08,0,0,1,2182.72,6887.97,1.55
M0093881,N,55,2,11227.38,0,0,0,3768.38,6489.27,0.54
M0093882,N,77,1,35499.37,0,0,0,5171.69,24247.72,1.59
M0093883,N,48,2,23064.16,2,2,1,6682.26,12038.85,1.79
M0093884,N,38,0,6189.55,0,0,0,3066.91,7226.59,1.39
M0093885,N,19,1,18792.4,0,1,0,3099.5,14249.93,1.24
M0093886,Y,83,8,207749.63,7,4,5,84702.53,151992.21,4.19
M0093887,N,30,2,39695.26,0,1,1,8792.95,25773.47,3.28
M0093888,N,54,1,6785.25,0,1,0,3998.23,3709.91,1.35
M0093889,N,64,1,2449.17,0,0,0,1788.15,1519.94,1.22
M0093890,N,64,0,6614.62,0,1,0,1278.99,8663.62,0.85
M0093891,N,56,0,5919.68,0,0,0,1196.94,6311.23,1.35
M0093892,N,80,2,6905.33,1,0,0,1436.45,5974.41,0.23
M0093893,N,60,1,2843.51,0,0,0,758.17,1881.52,1.67
M0093894,N,24,1,6588.53,0,0,0,704.71,5605.16,0.76
M0093895,N,39,0,17217.25,0,1,0,3332.2,10197.1,0.42
M0093896,N,22,0,7741.16,0,1,0,1014.81,5572.35,0.0
M0093897,N,56,0,16178.95,0,1,1,9544.64,8362.36,1.51
M0093898,N,65,2,27268.99,0,1,0,8906.6,30010.82,1.94
M0093899,N,55,2,5993.82,0,1,2,4036.14,5547.63,0.0
M0093900,N,34,0,10023.21,2,2,0,2715.79,7067.6,0.77
M0093901,N,50,0,19488.95,0,0,0,5359.39,12649.06,0.06
M0093902,N,42,1,10641.28,0,0,0,2674.94,6811.38,0.89
M0093903,N,31,2,11900.39,0,2,0,2863.82,10272.75,0.0
M0093904,N,69,2,19147.34,0,2,1,6197.55,21986.73,1.18
M0093905,N,64,1,6688.51,0,1,0,1382.6,8737.33,0.57
M0093906,N,74,0,9444.71,0,0,1,2665.49,5859.49,0.0
M0093907,Y,38,6,209394.98,4,4,7,94381.44,165924.07,7.25
M0093908,N,34,2,4538.48,1,1,0,1607.62,3968.54,0.76
M0093909,N,76,0,2641.65,0,1,0,1723.0,1695.06,0.11
M0093910,N,40,2,19359.96,1,0,1,4319.14,21778.66,0.96
M0093911,N,25,0,5668.86,0,0,0,1696.9,2952.9,0.0
M0093912,N,56,0,36758.59,0,0,0,22034.0,7561.33,0.18
M0093913,N,19,0,3749.06,0,0,0,1566.87,2658.1,0.83
M0093914,N,39,0,7857.13,0,0,0,2363.05,3918.94,0.82
M0093915,N,62,0,11800.04,0,1,1,2375.98,10476.43,2.24
M0093916,N,72,1,2181.04,0,3,0,751.74,1963.44,0.0
M0093917,N,70,1,64158.01,1,0,2,7641.71,45786.76,2.37
M0093918,N,35,0,31022.32,0,0,1,8713.22,15657.73,2.76
M0093919,N,40,0,3259.11,0,0,0,499.39,2125.5,1.28
M0093920,N,28,1,24816.51,0,2,0,3395.79,21377.57,1.11
M0093921,N,58,1,6219.62,0,2,0,2055.9,7873.25,0.0
M0093922,N,43,0,5514.58,0,1,1,4008.61,4597.89,1.19
M0093923,N,28,1,7639.6,0,1,0,2794.34,10039.6,1.39
M0093924,N,24,1,3766.05,0,0,0,4059.23,2538.94,0.43
M0093925,N,35,1,7707.37,1,1,1,998.4,5330.5,1.91
M0093926,N,21,3,10091.37,0,1,0,818.63,13419.55,0.15
M0093927,N,49,2,10840.81,0,3,0,4395.04,6039.27,1.51
M0093928,N,44,0,7176.23,0,0,0,3425.24,6631.27,1.96
M0093929,N,40,1,29794.9,0,1,0,5171.45,24759.77,2.28
M0093930,N,77,1,6606.59,0,0,0,3561.28,4528.25,0.19
M0093931,N,31,0,11476.86,1,0,0,6551.69,11708.01,0.91
M0093932,N,26,2,6258.55,0,0,0,2228.72,9090.94,2.23
M0093933,N,41,0,15289.87,1,0,0,4129.01,13582.6,0.67
M0093934,N,35,0,6914.4,0,0,0,3550.63,6190.22,0.42
M0093935,N,56,0,3198.84,1,1,0,1321.3,3321.82,0.93
M0093936,N,23,2,16544.6,0,0,0,10693.8,5305.24,0.57
M0093937,N,63,1,18468.53,0,0,2,16526.52,16347.41,2.26
M0093938,N,52,0,15997.92,0,1,0,4615.73,14243.7,0.87
M0093939,N,18,2,7326.15,0,0,1,1982.27,5704.99,2.55
M0093940,N,68,1,5489.3,0,0,0,3058.1,3971.11,1.41
M0093941,Y,79,5,304135.02,5,3,5,190132.67,235106.15,5.53
M0093942,N,80,0,7213.51,0,0,0,1012.1,6425.09,0.11
M0093943,N,26,1,5535.03,0,0,0,1664.46,5363.76,2.34
M0093944,N,28,1,13642.12,0,0,0,3653.42,10132.61,0.71
M0093945,N,39,5,24037.75,0,2,0,5252.36,13988.31,1.03
M0093946,N,35,1,3616.39,0,0,0,1108.01,3811.55,0.54
M0093947,N,59,0,14099.81,0,1,0,5126.62,7133.37,0.0
M0093948,N,56,1,8865.36,0,2,0,1554.56,8235.48,0.17
M0093949,N,26,1,7753.2,0,1,1,1312.97,4930.52,1.4
M0093950,N,45,0,8083.9,0,1,1,624.91,6001.06,1.71
M0093951,N,38,2,14384.14,0,0,0,6151.16,15726.88,1.87
M0093952,N,33,1,14262.09,0,1,2,11140.96,9851.37,0.14
M0093953,N,32,2,4399.57,0,1,0,2850.34,3320.87,0.4
M0093954,N,78,1,28394.69,2,2,0,2109.78,35628.8,1.0
M0093955,N,18,2,18245.4,0,0,0,6112.85,9541.48,0.66
M0093956,N,69,0,5212.4,0,1,1,3339.2,2721.17,0.22
M0093957,N,62,0,6485.51,0,0,0,1160.4,4131.79,1.08
M0093958,N,78,0,21132.58,0,0,0,2902.27,15561.28,0.68
M0093959,N,55,0,5490.49,0,1,0,3455.87,4473.05,1.44
M0093960,N,62,2,10871.0,1,2,0,6081.93,6008.32,1.26
M0093961,N,38,2,10968.96,0,0,0,1652.99,9345.63,0.53
M0093962,N,64,3,16320.92,0,1,0,5277.95,14092.55,2.07
M0093963,N,38,1,23202.11,1,2,1,10067.3,18991.58,2.74
M0093964,N,50,1,7949.54,0,1,0,1103.41,6780.05,0.45
M0093965,N,34,1,11069.6,0,2,1,3782.14,5520.23,2.35
M0093966,N,56,0,11763.66,0,0,0,1077.97,15583.5,0.91
M0093967,N,69,1,6320.97,1,1,1,2556.84,4185.0,2.7
M0093968,N,67,0,3325.01,1,0,0,1261.06,3673.14,0.04
M0093969,N,39,2,9624.93,2,1,3,4643.08,12163.94,2.7
M0093970,N,61,2,27374.45,0,0,0,2689.87,19121.0,0.87
M0093971,N,65,2,10624.57,0,0,0,1646.36,6779.22,0.97
M0093972,N,67,0,12883.23,2,1,2,4255.22,6032.58,1.37
M0093973,N,76,2,22262.66,0,0,0,12666.06,9983.75,0.28
M0093974,N,36,1,3728.71,0,0,0,3333.98,2050.8,0.98
M0093975,N,58,0,8660.26,1,2,1,2336.49,6149.8,0.97
M0093976,N,31,2,6122.05,0,2,2,2349.92,4408.27,0.49
M0093977,N,76,0,6950.97,0,0,0,1767.14,4202.25,1.22
M0093978,N,38,1,5396.43,0,0,0,2427.56,6905.25,0.0
M0093979,N,44,2,17407.07,0,0,1,2078.48,13578.36,1.91
M0093980,Y,84,3,237867.95,2,1,1,43954.14,256255.63,3.69
M0093981,N,44,1,29283.05,0,0,1,13858.23,11264.37,1.88
M0093982,N,64,0,11097.43,0,1,3,7213.34,6645.79,0.04
M0093983,N,34,0,10181.24,0,1,0,3904.65,11737.12,1.72
M0093984,N,51,0,5000.29,0,0,0,3053.37,3939.77,0.0
M0093985,N,24,1,13608.67,0,0,0,4461.95,9275.07,2.45
M0093986,N,74,0,4673.07,0,0,0,5920.42,2409.25,0.73
M0093987,N,24,1,11537.54,0,1,0,3305.99,7774.71,0.8
M0093988,N,49,1,6798.87,1,1,0,1734.94,4079.97,1.26
M0093989,N,23,1,3198.99,0,0,1,1640.52,3635.17,1.28
M0093990,N,24,0,17209.02,0,1,0,3303.06,11142.87,0.51
M0093991,N,28,2,21469.4,0,0,1,2116.8,27382.07,0.81
M0093992,N,29,2,39832.19,1,0,2,8663.27,32429.49,0.31
M0093993,N,55,1,4931.02,0,0,1,1608.25,6615.57,0.0
M0093994,N,74,0,10126.41,0,0,0,1183.73,7175.15,1.05
M0093995,N,49,0,8598.75,0,0,2,3278.56,4150.29,0.18
M0093996,N,36,0,29500.55,2,0,0,11720.97,14819.39,1.45
M0093997,N,18,2,12771.25,1,0,0,5535.63,9711.66,2.58
M0093998,N,60,3,28388.51,0,1,0,11998.8,13575.37,1.73
M0093999,N,75,1,13439.82,0,2,0,1543.26,13860.02,0.88
M0094000,N,38,0,6015.77,2,0,0,4880.04,5975.54,1.01
M0094001,N,68,2,4921.15,1,0,0,2316.4,2565.55,0.17
M0094002,N,62,0,8603.46,0,2,0,1148.95,9966.88,1.05
M0094003,N,51,2,13945.49,1,3,0,7915.1,11733.58,2.97
M0094004,N,27,0,9168.19,0,0,0,787.62,6901.5,0.0
M0094005,N,62,1,6124.15,1,0,0,1015.83,5676.95,0.0
M0094006,N,58,0,5494.08,0,2,0,1360.35,3344.42,1.09
M0094007,N,80,1,15648.74,0,0,0,6745.3,5708.78,0.71
M0094008,N,22,2,26324.87,0,2,0,6142.5,27650.03,2.31
M0094009,N,66,1,25183.47,1,1,0,7724.71,15345.34,1.92
M0094010,N,25,3,20867.28,0,0,1,2762.79,14249.67,1.08
M0094011,N,27,1,27929.71,1,1,0,11368.67,27546.08,2.14
M0094012,N,24,1,5567.57,0,0,0,1851.01,3158.54,1.69
M0094013,N,29,2,19364.73,0,2,0,9066.58,9266.39,1.3
M0094014,N,45,2,18783.68,1,2,0,13157.74,6178.54,2.82
M0094015,N,29,1,9393.21,0,1,1,3229.1,11889.22,0.99
M0094016,N,41,0,3429.1,0,0,2,303.72,4135.5,0.17
M0094017,N,31,0,4533.45,0,0,0,3734.69,4065.29,0.0
M0094018,Y,39,4,223182.21,5,2,6,97880.94,158573.39,6.61
M0094019,N,66,1,6956.43,0,0,0,2268.57,3216.87,1.58
M0094020,N,27,2,29107.03,0,0,0,2071.79,24254.49,0.87
M0094021,N,42,1,10105.19,0,1,0,5547.24,6608.42,1.7
M0094022,N,18,1,2447.91,0,0,1,951.32,3143.67,0.33
M0094023,N,75,1,26477.99,0,1,0,14956.12,17629.69,0.32
M0094024,N,28,1,19135.57,0,0,0,2485.44,15641.06,1.5
M0094025,N,18,1,10940.46,0,0,0,4281.37,5672.49,0.51
M0094026,N,63,1,7045.07,0,2,1,4201.63,6759.77,1.15
M0094027,N,79,1,6446.25,0,0,0,3937.46,3773.83,1.79
M0094028,N,39,3,30250.64,0,2,1,6400.44,23030.86,1.84
M0094029,N,76,2,4188.04,0,0,0,1726.12,5504.53,0.0
M0094030,N,19,0,15410.68,0,1,3,4860.04,19812.06,1.62
M0094031,N,39,1,19965.4,0,0,0,9416.85,7832.77,0.57
M0094032,N,40,3,19528.31,0,3,0,3477.74,29845.62,0.8
M0094033,N,18,1,13758.35,1,0,0,3477.21,8358.63,0.41
M0094034,Y,42,5,300621.27,5,4,4,167743.23,108712.25,4.9
M0094035,N,29,3,12684.9,0,0,0,3319.71,11919.48,0.65
M0094036,N,24,2,8466.55,0,0,0,3946.67,4981.47,0.11
M0094037,N,40,1,6669.92,0,1,0,564.39,4836.84,0.44
M0094038,N,74,1,4264.54,0,2,1,1943.7,5700.89,1.61
M0094039,N,56,1,4650.62,1,0,0,1690.11,3284.53,0.73
M0094040,N,59,0,9940.46,0,1,1,5822.25,6493.05,0.0
M0094041,N,31,1,8318.95,1,0,0,2687.81,5107.61,0.31
M0094042,N,69,1,24819.08,0,2,0,9045.06,10850.84,0.99
M0094043,N,78,2,80485.11,1,1,0,24659.43,45870.17,2.16
M0094044,N,30,1,8294.91,0,0,0,3476.22,7560.53,0.0
M0094045,N,43,0,9389.5,0,0,0,7804.18,2999.12,1.74
M0094046,N,39,2,23380.7,0,2,0,6007.18,16261.75,1.7
M0094047,N,24,1,7000.0,0,0,0,910.23,8859.21,0.03
M0094048,N,30,2,5542.16,0,1,0,1463.05,4597.33,0.0
M0094049,N,62,1,9981.3,0,1,0,4294.64,3809.14,1.27
M0094050,N,79,1,8119.36,0,0,0,594.61,6403.83,1.12
M0094051,N,44,0,31893.04,0,1,0,8090.17,23749.74,1.16
M0094052,N,77,1,3617.65,0,1,0,844.11,3198.68,0.99
M0094053,N,46,1,29487.68,1,1,0,2423.9,35180.74,0.63
M0094054,N,50,2,50518.78,0,1,1,6253.19,47824.01,3.51
M0094055,N,80,1,8767.8,0,2,0,4954.78,5511.81,1.49
M0094056,N,45,1,9144.58,0,1,1,1314.81,8651.54,0.3
M0094057,N,32,1,40686.58,1,0,1,2878.97,31888.35,2.06
M0094058,N,64,1,4739.08,0,0,1,512.26,3228.08,0.0
M0094059,N,60,0,16385.67,0,0,1,7094.1,9198.48,2.85
M0094060,N,19,1,14751.26,1,2,0,2890.69,13243.79,1.94
M0094061,N,56,0,3721.49,0,0,0,2092.51,3924.18,1.22
M0094062,N,38,0,4396.17,0,0,0,517.38,3019.8,0.8
M0094063,N,35,1,42272.54,0,0,0,14895.93,19879.95,1.67
M0094064,N,77,1,13143.58,0,0,0,2792.9,7884.02,0.35
M0094065,N,50,0,17980.99,1,1,0,4379.95,14236.06,1.04
M0094066,N,26,3,8009.94,0,0,0,4519.26,8987.02,0.5
M0094067,N,60,1,16165.3,0,0,0,5141.27,10401.18,1.0
M0094068,N,46,2,5301.12,0,1,0,423.51,5057.24,1.51
M0094069,Y,85,3,166947.35,1,1,3,37865.68,126325.06,3.21
M0094070,N,42,1,12834.94,0,0,0,1878.58,11585.76,0.0
M0094071,N,54,1,7015.58,0,2,0,5962.1,6786.1,1.28
M0094072,N,80,1,5111.03,0,1,0,1339.59,4488.88,0.0
M0094073,N,54,1,15212.65,0,2,0,6290.54,10140.78,0.93
M0094074,Y,70,6,392038.98,3,3,5,85155.67,271518.1,5.79
M0094075,N,59,2,6087.48,0,1,1,2774.46,4589.67,0.11
M0094076,N,77,1,11483.19,0,0,0,3915.36,7045.29,0.9
M0094077,N,72,0,10224.63,0,0,0,8295.46,5098.18,0.23
M0094078,N,36,0,17813.59,1,0,1,3595.6,13859.95,0.54
M0094079,N,34,1,8885.95,0,0,0,1334.37,7255.13,0.0
M0094080,N,46,3,30624.81,0,0,0,3634.04,24136.18,0.56
M0094081,N,48,0,11178.71,1,2,1,5616.63,9674.84,0.0
M0094082,N,38,1,4389.09,0,1,0,1184.11,5725.19,0.47
M0094083,N,32,0,1940.74,0,0,0,670.65,2485.51,0.0
M0094084,N,26,1,4608.12,0,0,1,2963.47,4876.78,0.97
M0094085,N,32,1,10715.41,0,1,2,2544.94,13481.62,1.6
M0094086,N,27,1,12262.38,0,2,0,1341.1,15017.54,0.0
M0094087,N,80,1,12175.57,0,0,0,3814.47,10315.64,1.03
M0094088,N,34,2,22213.83,0,1,0,7363.93,13010.27,0.68
M0094089,N,69,0,16981.5,2,0,0,2935.27,16889.01,1.71
M0094090,N,36,2,2812.34,1,1,0,2090.14,2893.44,1.14
M0094091,N,18,0,20639.88,0,1,1,9921.17,13175.21,0.0
M0094092,N,55,2,25796.56,1,1,0,11639.59,18694.3,2.14
M0094093,N,72,3,11738.96,0,3,0,6300.97,13650.88,3.29
M0094094,N,19,1,4189.85,0,0,0,766.77,3582.06,1.83
M0094095,N,41,0,5454.34,0,1,0,2022.94,3704.82,0.54
M0094096,N,60,0,6620.36,1,0,0,2142.26,5065.28,0.0
M0094097,N,31,0,9634.06,0,1,0,4340.41,4891.6,0.77
M0094098,N,30,0,16054.33,2,1,1,2907.77,10990.71,1.14
M0094099,N,46,1,22168.7,0,0,0,4578.14,14098.02,1.86
M0094100,N,28,3,14938.98,0,2,0,5655.55,6176.54,1.02
M0094101,N,58,1,3614.77,0,1,0,1872.89,2054.22,0.29
M0094102,N,57,0,14678.96,0,0,0,1832.1,13559.77,0.51
M0094103,N,57,2,5361.9,0,1,0,2605.81,5451.25,1.35
M0094104,N,21,1,3992.21,0,0,0,1462.23,4131.29,0.28
M0094105,N,62,2,9906.3,1,1,1,4112.85,11556.35,1.86
M0094106,N,80,1,14927.64,0,0,0,1845.54,10229.05,0.03
M0094107,N,58,1,5085.27,0,1,0,1929.74,6405.73,2.05
M0094108,N,42,0,8826.53,0,1,0,1908.51,7624.36,0.95
M0094109,N,19,0,5436.86,0,0,0,1655.31,3848.47,0.63
M0094110,N,37,1,19134.16,0,0,1,6226.92,26403.72,1.51
M0094111,N,61,1,5170.89,1,0,0,3768.14,4932.33,1.76
M0094112,N,77,0,13478.05,0,2,0,487.74,12903.69,0.13
M0094113,N,20,1,16161.66,0,1,0,2663.23,18670.54,0.0
M0094114,N,18,1,4289.8,0,0,0,1618.75,4025.97,1.08
M0094115,N,44,0,7324.38,0,2,1,2465.53,6989.83,2.0
M0094116,N,42,1,17648.06,0,1,0,3601.1,20954.49,2.29
M0094117,N,68,2,7052.39,0,0,0,1022.66,7826.67,0.88
M0094118,N,64,2,19471.24,0,1,1,5926.41,13221.57,0.12
M0094119,N,56,0,9083.87,0,0,0,2687.91,4878.25,1.49
M0094120,N,78,0,20888.22,0,1,1,12529.86,11637.36,2.65
M0094121,N,24,0,3934.68,0,0,0,561.46,3805.54,0.8
M0094122,N,46,0,7523.88,1,1,0,2869.56,4751.73,0.78
M0094123,N,44,0,7448.2,0,1,0,3403.09,4392.42,0.33
M0094124,Y,64,4,292754.9,1,7,1,80765.42,181639.4,4.08
M0094125,N,43,2,11983.42,0,0,1,2038.25,7918.91,1.27
M0094126,N,26,0,11622.35,0,0,0,4695.59,5171.21,0.61
M0094127,N,57,1,97632.62,0,1,0,8937.14,133622.31,1.47
M0094128,N,30,1,7239.0,0,2,0,3997.17,8674.37,0.61
M0094129,N,60,0,6630.14,0,0,0,4561.68,4928.03,0.5
M0094130,N,62,1,6216.77,0,2,1,1939.78,7370.99,0.73
M0094131,N,75,1,8038.74,0,2,0,3473.35,7741.19,1.31
M0094132,N,44,3,21408.87,0,2,2,7790.62,18068.61,1.67
M0094133,N,68,3,5591.38,0,1,0,2383.11,4995.68,0.0
M0094134,N,20,1,6111.89,1,0,1,1625.38,6593.54,1.27
M0094135,N,48,0,26028.77,0,2,1,6723.03,15033.27,2.63
M0094136,N,75,1,6630.73,0,0,1,1240.84,4198.06,0.44
M0094137,N,68,0,9723.77,0,0,0,1611.1,8200.33,0.0
M0094138,N,60,0,5527.52,0,0,0,723.3,4669.39,1.32
M0094139,N,53,0,15553.51,0,1,0,2736.5,13371.3,0.28
M0094140,N,30,3,13031.24,0,0,1,1428.84,9907.59,1.67
M0094141,N,76,0,7722.61,0,0,0,1995.2,4817.47,0.73
M0094142,N,46,1,13747.21,0,0,0,3117.66,8971.72,0.84
M0094143,N,55,2,3643.43,0,1,1,1375.48,2038.68,0.25
M0094144,N,23,0,8569.28,0,2,0,4855.72,10433.56,0.75
M0094145,N,45,2,21310.78,1,2,0,4709.68,20473.96,1.73
M0094146,N,51,2,4500.14,0,0,1,288.76,3466.05,0.0
M0094147,N,32,0,24797.35,0,0,1,5528.43,31084.82,2.36
M0094148,N,71,1,5681.01,0,2,1,2920.82,5111.21,1.43
M0094149,N,62,1,5670.02,0,2,0,2376.92,2917.14,0.49
M0094150,N,73,2,26470.84,0,0,0,1032.09,23017.81,1.41
M0094151,N,61,2,10702.78,0,0,0,856.87,7912.73,1.24
M0094152,N,46,1,5045.03,0,0,0,1473.07,3384.7,0.36
M0094153,Y,59,4,228956.39,3,3,6,64447.67,229409.01,6.54
M0094154,N,34,2,7129.7,1,1,2,2571.84,8409.71,0.28
M0094155,N,31,2,15967.58,1,1,0,6188.07,12335.63,1.96
M0094156,N,25,0,23439.73,0,3,0,4553.1,16288.37,1.81
M0094157,N,48,0,13451.09,0,0,0,3671.28,8528.13,2.06
M0094158,N,75,1,9928.88,0,0,1,330.06,15275.08,0.48
M0094159,N,48,0,8640.26,1,0,0,3699.3,5774.33,0.17
M0094160,N,18,2,11604.25,0,0,0,3111.3,6696.76,0.0
M0094161,N,33,2,17342.39,1,3,0,3008.92,17989.12,2.01
M0094162,N,38,0,11757.46,0,0,0,988.93,13064.92,0.68
M0094163,N,53,2,18139.9,1,3,1,11517.16,13104.81,1.86
M0094164,N,57,1,16376.34,0,0,0,3412.65,11338.99,0.34
M0094165,N,65,1,5107.29,0,0,0,1535.58,6317.19,0.0
M0094166,N,26,2,20269.82,0,0,1,3796.96,14678.7,0.48
M0094167,N,48,2,8298.71,0,1,0,3066.99,4903.07,1.38
M0094168,N,72,1,7549.33,0,0,0,2671.35,6090.2,0.32
M0094169,N,61,0,5941.55,1,1,0,3468.21,7097.69,0.44
M0094170,N,63,2,4174.27,0,0,0,4369.86,1857.58,1.09
M0094171,N,45,0,12122.28,0,1,0,6399.95,10829.9,1.75
M0094172,N,62,0,8575.95,0,0,0,4689.57,7148.63,1.01
M0094173,N,37,2,9163.69,2,0,1,5542.83,6461.29,0.67
M0094174,N,26,0,6470.66,0,1,0,2839.11,8820.23,0.18
M0094175,Y,64,5,385704.85,6,7,7,193593.55,215521.34,7.96
M0094176,N,73,2,20401.33,1,0,1,18882.36,5503.51,1.33
M0094177,N,59,3,16528.74,1,0,0,4790.9,9462.37,0.8
M0094178,N,18,0,10023.59,0,0,0,2265.51,6069.62,1.23
M0094179,N,54,0,6359.03,0,0,0,1118.02,4336.47,0.0
M0094180,N,66,0,15044.17,0,1,0,2555.59,9411.36,0.66
M0094181,N,26,3,3571.88,0,0,0,1338.2,1679.66,0.0
M0094182,Y,64,2,245429.04,2,3,5,117670.9,212390.94,4.86
M0094183,N,32,1,11685.36,0,0,0,776.68,14766.59,0.0
M0094184,N,30,2,3622.69,0,0,0,1795.07,3577.1,2.59
M0094185,Y,80,7,370774.59,3,4,6,123832.59,233074.25,4.77
M0094186,N,78,1,2614.32,0,1,0,416.22,2132.83,0.17
M0094187,N,71,0,8180.65,0,0,0,1044.35,5611.04,0.29
M0094188,N,40,0,18910.67,0,1,1,4803.38,12981.77,1.87
M0094189,N,74,2,9204.41,0,0,0,680.5,6597.58,0.0
M0094190,N,75,1,21897.48,0,0,1,2438.98,18863.7,0.14
M0094191,N,47,2,10130.44,1,3,0,9615.7,7257.59,1.62
M0094192,N,43,2,27908.55,0,1,2,4656.2,35165.61,2.42
M0094193,N,61,2,6794.16,0,0,0,2793.14,7097.75,0.0
M0094194,N,22,1,14098.87,0,2,0,2622.02,17652.42,2.73
M0094195,N,64,3,31629.24,0,1,1,9112.75,18963.09,3.02
M0094196,N,66,1,28595.53,0,2,0,17108.02,9413.62,1.67
M0094197,N,59,0,12959.4,0,1,1,8704.48,9315.12,2.67
M0094198,N,58,1,1889.96,0,1,0,418.39,2049.4,1.6
M0094199,N,52,1,8170.4,0,1,1,5367.09,5871.96,1.33
M0094200,N,70,1,12719.24,0,0,1,10885.47,9656.65,2.43
M0094201,N,31,0,10442.17,0,2,0,2995.77,8383.88,0.57
M0094202,N,31,2,16045.34,0,1,0,12866.04,5032.51,0.11
M0094203,N,32,0,2820.07,0,0,0,389.98,1861.86,0.0
M0094204,N,27,1,14136.84,0,1,1,3519.28,8591.43,1.65
M0094205,N,29,0,13534.68,0,0,0,1712.87,15983.41,0.68
M0094206,N,80,2,23591.4,0,2,0,4561.14,19722.44,1.8
M0094207,N,57,1,23977.46,0,1,0,3485.3,20813.25,1.52
M0094208,N,75,0,9909.81,0,0,1,1691.95,6348.61,0.34
M0094209,N,41,1,5678.08,1,0,0,3131.66,2387.54,1.73
M0094210,N,39,1,9504.33,0,0,0,4232.03,4179.37,0.0
M0094211,N,25,1,10402.3,0,0,0,1624.26,7331.45,0.0
M0094212,N,53,1,7135.39,0,0,0,2716.35,7181.66,1.53
M0094213,N,27,2,4705.54,0,0,1,988.57,3540.9,0.02
M0094214,N,42,1,17353.23,1,0,0,3041.74,11354.81,1.71
M0094215,Y,81,3,182355.28,2,2,2,93022.37,129881.37,2.0
M0094216,N,54,1,2842.92,0,1,1,1591.86,3062.4,0.48
M0094217,N,49,1,13677.09,0,1,0,3342.91,11282.08,1.68
M0094218,N,40,0,7923.57,0,1,0,2110.58,6949.27,1.13
M0094219,N,40,1,13224.6,0,2,3,7680.57,12986.86,2.14
M0094220,N,29,1,21638.63,1,0,0,10486.81,15977.31,0.0
M0094221,N,73,0,14177.11,1,0,1,889.6,11529.56,0.54
M0094222,N,63,0,6900.58,0,1,0,1225.12,5793.94,0.85
M0094223,N,40,2,8390.59,0,0,0,2831.73,4506.43,0.46
M0094224,N,39,1,7304.95,0,0,0,2681.47,7857.46,1.59
M0094225,N,68,1,23172.15,1,0,0,1448.16,19945.49,0.26
M0094226,N,30,1,4472.37,0,0,0,533.97,3787.49,1.55
M0094227,N,49,2,23429.43,0,3,0,16464.01,16214.01,1.19
M0094228,N,76,2,5444.54,1,1,3,1422.51,4668.95,0.35
M0094229,N,31,1,19879.71,0,1,1,4791.06,13162.97,0.83
M0094230,N,40,2,8713.71,0,2,0,1787.84,7671.93,0.82
M0094231,N,48,2,17896.8,1,0,0,3993.73,17904.52,1.97
M0094232,N,54,1,20960.72,0,1,1,2832.78,22094.49,1.3
M0094233,N,61,0,7246.78,0,0,0,1171.39,7619.84,2.37
M0094234,N,46,2,12485.1,0,0,0,4234.0,8354.13,0.54
M0094235,N,49,1,5133.19,0,1,0,2344.31,3324.97,0.0
M0094236,N,21,2,33561.79,1,2,0,9666.98,17699.23,2.55
M0094237,N,32,2,63582.66,2,2,1,14347.92,46207.88,4.05
M0094238,N,26,2,16918.29,1,1,1,5291.72,9453.68,1.83
M0094239,N,73,0,5607.2,0,0,1,1551.79,6251.65,0.0
M0094240,N,56,1,8398.76,0,0,0,2121.28,6723.07,0.26
M0094241,N,47,1,37074.61,0,2,0,18611.66,24707.94,1.92
M0094242,N,31,0,3513.18,1,0,0,1667.08,2787.63,0.68
M0094243,N,72,2,14565.7,1,0,1,9246.61,10804.64,1.64
M0094244,N,36,0,26003.55,0,0,0,12193.78,9318.65,0.97
M0094245,N,30,1,3854.76,0,0,0,2531.48,3228.5,0.1
M0094246,Y,79,2,176384.65,1,3,1,66325.95,120933.57,3.96
M0094247,N,66,0,11398.27,1,0,0,793.84,15869.46,1.34
M0094248,Y,82,6,165745.17,2,4,1,52459.91,91255.34,5.13
M0094249,N,79,2,11093.61,0,1,0,5677.38,3276.66,2.42
M0094250,N,40,3,17676.4,0,1,1,2630.88,13381.41,2.48
M0094251,N,53,2,10770.36,0,2,1,2019.4,13752.21,0.0
M0094252,N,44,0,5911.41,0,3,0,992.67,4588.87,0.51
M0094253,N,40,1,11340.43,0,0,0,2816.24,8200.47,0.0
M0094254,N,52,1,19008.49,0,1,0,3488.35,19145.87,2.69
M0094255,N,40,2,3947.39,0,1,0,2028.97,3834.55,0.0
M0094256,N,46,4,56369.67,0,2,0,19043.55,28244.55,1.77
M0094257,N,22,0,4723.42,1,2,2,1482.9,5334.46,1.47
M0094258,N,49,1,4334.08,0,0,1,3068.65,3569.91,0.63
M0094259,N,46,1,11440.19,0,2,0,2955.61,7411.93,1.16
M0094260,N,41,2,22219.37,1,0,0,3000.15,19213.12,1.93
M0094261,N,54,1,5309.83,2,0,0,706.0,6417.07,0.0
M0094262,N,48,3,16693.74,0,2,1,6965.57,7325.04,1.59
M0094263,N,47,0,9946.26,1,1,0,3834.6,10182.72,1.22
M0094264,N,68,0,9269.63,0,1,0,4667.91,6071.26,0.76
M0094265,N,72,1,4472.91,0,0,0,1017.19,4244.12,0.0
M0094266,N,77,0,22664.52,0,0,0,7280.55,10924.15,1.6
M0094267,N,31,4,15517.36,0,1,0,12975.41,12900.89,1.95
M0094268,N,66,1,6117.55,1,0,0,2741.39,2823.66,0.83
M0094269,N,21,0,9700.25,0,0,1,3051.69,5790.43,2.29
M0094270,N,38,1,5859.27,0,1,0,2205.99,5832.56,0.25
M0094271,N,75,1,23581.36,0,0,1,6023.09,16961.32,0.18
M0094272,Y,71,5,204654.62,3,2,1,70438.53,102632.41,2.74
M0094273,N,68,0,7805.37,0,0,0,7829.64,5725.51,1.55
M0094274,Y,68,4,162232.97,4,4,3,56868.54,125859.49,3.63
M0094275,N,79,1,11275.96,0,2,1,6944.07,11471.87,1.86
M0094276,N,32,1,10738.05,0,1,0,1308.34,8713.39,2.65
M0094277,N,64,1,5794.76,0,0,1,1608.09,6960.88,0.93
M0094278,N,57,2,13237.19,0,3,1,3503.55,11835.12,1.59
M0094279,N,75,1,43402.61,0,2,1,6276.35,30188.72,2.91
M0094280,N,21,2,8626.34,0,0,0,1409.38,9692.01,0.14
M0094281,Y,69,5,283280.09,3,1,1,169888.31,134031.77,5.51
M0094282,N,50,0,16010.25,0,0,0,6672.05,16033.95,0.77
M0094283,N,35,0,4304.07,0,0,1,1128.4,2613.84,1.4
M0094284,N,46,0,2111.64,0,0,0,1883.76,1883.27,1.18
M0094285,N,68,1,14003.19,0,0,0,2551.73,10983.15,0.0
M0094286,N,44,3,47236.13,0,1,1,5038.54,53853.44,2.24
M0094287,N,38,0,11815.5,1,0,0,5533.19,5132.05,1.18
M0094288,N,18,0,8431.11,0,0,0,3247.3,5642.42,0.92
M0094289,Y,64,5,202960.13,3,4,2,72253.73,135733.52,4.13
M0094290,N,64,0,3518.81,0,1,0,662.89,2765.74,0.0
M0094291,Y,39,7,140231.69,4,4,3,65428.56,93898.75,6.39
M0094292,Y,59,6,104977.62,4,7,4,57916.2,72267.52,6.22
M0094293,N,44,0,13537.36,0,1,0,2280.43,8472.69,0.04
M0094294,N,77,2,5827.31,0,0,0,2482.16,4865.2,0.7
M0094295,N,52,2,14237.04,0,0,0,8588.65,6853.34,0.79
M0094296,N,26,0,5419.81,0,0,0,953.34,3501.8,0.31
M0094297,N,52,0,30434.15,0,0,1,6656.65,21697.52,1.7
M0094298,N,77,3,13372.01,0,0,0,8729.07,12346.22,2.56
M0094299,N,58,0,14635.85,0,0,0,3962.48,10097.24,1.38
M0094300,N,41,1,10241.45,0,1,0,694.96,10947.83,0.0
M0094301,N,66,0,11288.64,0,0,0,3951.46,6629.05,0.36
M0094302,N,66,1,8923.95,0,0,0,5442.71,1865.81,0.0
M0094303,N,66,1,5486.6,0,0,0,1554.87,6966.0,0.53
M0094304,N,33,2,13492.51,0,1,2,1866.33,11058.13,1.08
M0094305,N,76,2,22406.61,2,1,1,7847.69,12859.47,1.48
M0094306,N,48,1,17492.34,0,1,0,4434.41,13610.28,0.0
M0094307,N,59,0,3844.43,0,0,2,3253.24,3618.15,0.0
M0094308,N,64,3,10832.54,0,0,0,6325.06,9309.13,1.62
M0094309,Y,76,3,208407.42,4,2,1,61537.59,159636.99,2.59
M0094310,N,27,1,3004.94,0,0,0,934.62,3740.93,1.3
M0094311,N,79,0,6835.95,1,0,1,931.66,5433.28,0.0
M0094312,N,47,0,10098.63,0,0,0,4484.77,8440.14,1.59
M0094313,N,44,0,6260.28,1,0,0,4571.2,5608.54,1.12
M0094314,N,74,0,21884.71,0,1,0,8222.05,25028.18,1.84
M0094315,N,57,2,3079.71,0,0,0,2272.08,1783.25,0.76
M0094316,N,61,2,15871.05,0,0,1,11106.9,16334.59,2.14
M0094317,N,22,1,18465.36,1,0,0,1683.68,19920.46,1.66
M0094318,Y,39,2,178145.79,3,2,2,38852.52,134736.59,5.36
M0094319,N,65,1,12127.78,0,0,0,3284.94,9124.77,0.48
M0094320,N,46,1,12404.37,0,0,0,4415.11,12188.67,2.1
M0094321,N,38,1,12469.66,0,0,0,923.24,9127.15,0.75
M0094322,N,38,1,3087.41,0,0,0,1509.24,2998.2,0.26
M0094323,N,21,2,19332.35,0,1,0,2588.12,14379.85,0.55
M0094324,N,54,2,10025.04,0,1,0,6503.35,2501.28,0.91
M0094325,N,45,1,24750.84,1,0,0,20236.51,7468.58,1.02
M0094326,Y,70,5,430979.71,5,6,6,160835.63,345315.17,7.14
M0094327,N,28,2,6190.62,0,0,0,2031.48,8969.32,0.78
M0094328,N,48,1,3103.92,0,1,0,1340.27,3985.16,0.04
M0094329,N,43,1,15822.27,0,2,0,6030.19,7790.63,1.57
M0094330,N,48,2,4054.51,0,0,0,2545.01,3194.26,0.61
M0094331,N,32,0,19185.72,0,0,0,5012.46,10061.34,1.98
M0094332,N,48,1,12963.15,0,2,0,2982.1,13817.27,1.53
M0094333,N,45,2,9433.73,0,1,0,1567.07,11503.1,2.5
M0094334,N,30,0,16252.01,1,1,1,3127.99,16683.72,2.31
M0094335,N,60,0,5005.51,0,1,0,1286.32,2988.4,0.3
M0094336,N,66,2,9191.58,0,0,0,5911.2,5574.56,1.29
M0094337,N,73,1,14804.77,1,0,0,1814.59,13578.15,1.19
M0094338,N,46,1,48736.16,0,1,0,5139.77,42100.13,1.6
M0094339,N,37,1,26245.1,0,0,0,2605.37,21880.11,1.01
M0094340,N,20,0,3280.02,1,1,0,1384.45,3733.39,0.86
M0094341,Y,38,5,180874.07,4,4,3,44847.73,108658.01,3.38
M0094342,N,56,0,27503.06,0,2,1,1596.45,21546.01,1.12
M0094343,Y,44,6,111806.25,3,4,5,63368.14,47132.75,4.14
M0094344,N,53,1,8496.17,0,1,0,4224.49,6476.95,1.01
M0094345,N,44,1,11511.14,1,0,0,4911.68,8871.1,1.45
M0094346,N,65,0,6052.64,0,1,0,1811.64,6948.65,0.89
M0094347,N,51,0,9519.21,1,0,0,1833.34,12377.16,1.59
M0094348,N,21,1,7662.02,0,1,0,1621.48,6454.18,0.0
M0094349,N,34,1,8971.16,0,0,2,3152.66,8643.11,1.06
M0094350,N,56,2,12716.42,0,0,2,2590.76,10999.62,0.87
M0094351,N,31,1,3347.21,0,0,0,166.83,2463.66,1.14
M0094352,N,29,2,19615.62,2,1,0,5775.02,12734.6,2.85
M0094353,N,53,1,11435.91,0,2,0,4980.64,8125.2,1.56
M0094354,N,79,0,11061.65,0,0,0,4256.3,12699.72,1.74
M0094355,N,52,1,22797.4,0,0,0,9523.17,15924.66,1.27
M0094356,N,20,0,10940.07,0,0,0,1660.75,17195.16,0.24
M0094357,N,54,1,25204.02,0,1,0,3961.72,17789.61,1.4
M0094358,N,29,2,17239.49,0,1,0,833.68,17618.17,1.76
M0094359,N,71,0,22353.59,0,2,0,1887.96,23561.94,1.89
M0094360,N,60,0,31757.62,0,0,0,3257.65,26502.87,0.63
M0094361,N,42,1,5037.03,0,0,0,2459.82,3592.71,1.89
M0094362,N,44,1,7674.88,0,0,0,2516.43,5762.9,0.83
M0094363,Y,80,6,231298.5,2,1,4,98014.0,105504.85,2.99
M0094364,N,41,1,8957.96,1,3,1,7988.49,4219.11,1.49
M0094365,N,76,1,1829.96,0,0,0,355.23,2326.49,0.08
M0094366,N,40,1,10163.14,0,0,0,2630.93,10030.51,0.51
M0094367,N,74,0,4326.64,0,0,0,412.11,5317.85,0.31
M0094368,N,80,0,4104.07,0,0,0,1410.68,3564.4,1.34
M0094369,N,22,1,11284.43,1,0,0,5114.46,8126.06,1.14
M0094370,N,23,0,7856.58,0,2,0,2361.85,5356.83,0.6
M0094371,N,41,0,7288.74,1,0,1,3403.98,8064.42,0.94
M0094372,N,63,0,12400.74,1,1,0,5006.84,14465.19,2.21
M0094373,N,61,0,7263.28,0,0,0,3170.01,3448.71,0.75
M0094374,N,47,0,9516.89,0,0,0,827.99,7946.54,1.26
M0094375,N,67,1,5800.24,0,2,0,2325.12,3104.28,1.01
M0094376,N,20,2,7737.15,0,1,0,2394.54,5880.3,0.5
M0094377,N,21,2,12454.8,0,0,1,3260.29,7856.99,1.44
M0094378,N,18,1,10320.06,0,1,1,5376.19,7845.27,1.03
M0094379,N,75,2,4229.86,0,1,0,1823.63,4847.47,1.44
M0094380,Y,51,9,261380.26,3,4,7,85542.67,144672.38,5.72
M0094381,N,55,2,43052.94,1,0,2,11090.47,22659.32,1.14
M0094382,N,79,1,11049.78,0,1,0,5956.97,6611.08,0.0
M0094383,N,58,1,5296.97,0,0,0,1768.71,2441.67,0.0
M0094384,N,20,2,9901.93,0,1,0,8513.84,3732.52,2.16
M0094385,N,53,1,8057.14,0,0,0,2550.86,4363.72,2.16
M0094386,N,28,1,29390.35,0,0,0,4914.48,18578.35,1.78
M0094387,N,57,1,1671.13,1,2,0,1176.32,1299.75,0.98
M0094388,N,58,1,6247.83,0,1,0,1951.25,4177.62,0.79
M0094389,N,29,0,6983.98,0,1,0,2942.44,6836.27,1.62
M0094390,N,21,0,22363.93,0,1,0,4016.96,20719.09,1.12
M0094391,N,26,2,6322.51,0,0,1,2895.57,4445.43,1.98
M0094392,Y,80,8,313177.41,2,5,3,177158.42,154210.36,6.22
M0094393,N,71,3,8382.26,0,1,0,1505.57,6928.44,0.57
M0094394,Y,68,5,252450.59,4,6,6,53408.14,274865.72,5.26
M0094395,N,47,1,8037.26,0,0,2,4975.56,5071.12,1.28
M0094396,N,26,0,7845.93,0,0,1,1695.17,9638.81,1.04
M0094397,N,73,0,13539.37,2,0,1,7866.39,5282.28,1.88
M0094398,N,45,2,5080.54,0,1,0,2475.92,3465.17,0.23
M0094399,N,74,3,15826.4,1,0,2,1887.93,12659.76,2.79
M0094400,N,54,0,14225.94,0,3,1,7045.39,6308.01,1.07
M0094401,N,47,1,10978.7,0,1,1,2112.99,10484.0,1.72
M0094402,N,64,0,6649.61,0,0,0,1867.85,8629.84,1.03
M0094403,N,33,0,9629.42,0,0,0,3074.12,5467.22,1.08
M0094404,N,50,2,10948.99,0,1,0,3715.81,11440.57,3.08
M0094405,N,75,4,36073.87,0,1,1,9294.79,19006.14,1.36
M0094406,N,38,2,15942.21,0,1,1,2805.18,12184.45,1.3
M0094407,N,19,1,9220.29,0,0,0,782.61,7577.18,0.51
M0094408,N,46,0,11425.63,0,0,0,1582.0,10508.14,1.67
M0094409,N,34,1,7469.52,0,0,0,1342.49,6866.17,0.46
M0094410,N,30,0,5550.88,0,0,0,4274.15,3279.48,0.0
M0094411,N,45,1,5871.62,0,0,0,1149.81,5691.78,1.58
M0094412,Y,50,8,368600.56,6,7,5,117300.45,218656.19,7.92
M0094413,N,34,1,30558.73,0,0,0,6576.29,19260.79,1.4
M0094414,N,57,2,7194.19,1,1,0,2258.95,5152.36,2.9
M0094415,N,18,0,5543.25,0,0,1,2616.04,2680.46,1.41
M0094416,N,28,0,4395.21,0,1,0,668.17,5814.79,1.94
M0094417,N,22,2,34975.96,0,1,0,14063.66,14533.76,1.63
M0094418,N,44,2,7683.04,0,0,0,1043.56,7692.61,0.0
M0094419,N,18,1,1371.94,0,0,0,524.16,1945.6,0.15
M0094420,N,58,1,3566.55,0,1,0,1481.85,4331.84,0.0
M0094421,N,54,1,8548.01,0,0,0,1055.08,6601.1,3.28
M0094422,N,35,4,8051.47,1,1,1,2695.3,8562.57,1.77
M0094423,N,55,1,8933.71,0,1,1,5990.43,4757.59,1.48
M0094424,N,43,1,8890.34,2,1,1,3780.39,10535.74,1.17
M0094425,N,47,3,11939.1,0,0,0,1652.1,11027.64,1.56
M0094426,N,76,1,17849.31,0,1,0,8354.5,23204.18,1.97
M0094427,N,57,0,4786.78,0,1,1,1246.07,3334.8,0.55
M0094428,N,66,2,13982.66,0,1,1,2473.13,11401.84,1.66
M0094429,N,27,1,4930.56,0,0,0,2033.83,3338.31,0.31
M0094430,N,71,1,19454.33,0,0,0,3141.07,12417.07,0.0
M0094431,N,33,1,13818.11,0,2,0,1623.44,13826.84,3.31
M0094432,N,22,0,7500.84,0,0,0,2378.32,5360.81,0.9
M0094433,N,60,2,28467.54,0,1,0,3718.5,31283.06,2.35
M0094434,N,37,0,29336.52,0,0,0,2481.96,22480.7,0.24
M0094435,N,53,5,12493.72,0,0,0,6242.71,11122.72,2.28
M0094436,N,49,0,4714.86,0,0,1,695.16,6057.11,0.18
M0094437,N,49,3,25875.34,0,1,0,1614.2,25251.99,2.36
M0094438,N,30,1,22539.76,0,0,0,4047.52,16273.18,2.09
M0094439,N,73,0,29786.49,0,0,0,37427.71,6340.7,1.7
M0094440,N,60,0,29409.49,0,1,0,4324.9,19882.0,2.55
M0094441,N,55,0,8034.85,1,0,1,2396.74,6279.08,1.58
M0094442,N,31,2,47153.6,0,3,0,17171.51,20683.81,0.71
M0094443,N,59,1,5085.97,0,0,0,581.7,5422.79,0.32
M0094444,N,52,1,3583.35,0,0,0,2397.32,3813.59,2.17
M0094445,N,25,1,18069.04,0,0,0,656.06,13472.09,0.23
M0094446,N,68,1,9847.67,0,1,1,3585.11,5498.35,0.76
M0094447,N,79,2,11492.25,0,1,0,3432.46,14437.55,1.06
M0094448,N,56,1,26480.4,0,0,1,10273.76,11023.5,0.73
M0094449,N,30,0,6469.41,0,0,0,1171.9,4430.05,1.15
M0094450,N,45,1,8278.64,0,0,0,5491.63,9384.66,0.69
M0094451,N,53,0,7294.53,0,1,1,1016.64,10582.48,0.51
M0094452,N,65,0,12772.65,0,0,0,3411.02,8725.51,0.44
M0094453,N,25,1,4840.3,0,0,0,1248.62,2751.29,0.4
M0094454,N,42,0,3087.02,0,0,0,2523.38,1459.72,1.12
M0094455,N,58,0,9708.86,0,0,1,2444.79,9303.81,0.17
M0094456,N,40,2,74153.57,1,1,1,4893.69,64054.36,1.04
M0094457,N,41,1,15241.5,0,0,0,8484.02,11505.93,0.6
M0094458,N,39,2,9061.49,0,0,1,4289.2,7334.64,1.53
M0094459,N,32,0,11577.29,0,2,0,3316.23,6004.06,1.65
M0094460,N,39,0,11664.76,1,0,0,1006.6,10597.64,0.38
M0094461,N,66,0,20554.77,0,0,0,6367.99,16789.33,2.17
M0094462,Y,77,5,229241.45,3,4,4,73080.41,125990.19,3.66
M0094463,N,54,3,41216.09,0,2,0,1689.94,36054.64,0.28
M0094464,N,56,2,14057.13,0,1,1,5874.19,14179.24,2.33
M0094465,N,40,1,8986.81,0,1,1,3991.93,9500.43,0.6
M0094466,N,69,0,9187.22,0,0,0,5657.14,6835.64,2.37
M0094467,N,65,3,19546.67,0,1,0,5721.06,28602.28,2.65
M0094468,N,35,0,14713.39,0,1,0,6550.74,9905.14,1.56
M0094469,N,58,3,8203.82,0,1,0,9194.9,5539.3,2.79
M0094470,N,44,1,42153.25,0,0,0,4571.71,35555.43,1.19
M0094471,N,37,0,9267.34,0,0,0,1761.41,7191.88,0.0
M0094472,N,63,2,8299.14,0,0,0,1717.38,9178.15,1.21
M0094473,N,40,2,32803.42,0,1,0,20114.8,9396.19,1.56
M0094474,N,43,2,5281.96,0,0,0,2204.68,6571.41,0.45
M0094475,N,58,0,5757.55,0,0,1,763.65,8746.44,0.71
M0094476,N,76,3,14907.78,0,0,1,11868.06,6826.04,0.96
M0094477,N,45,0,2034.89,0,0,0,942.96,2109.8,0.0
M0094478,N,46,0,1419.99,0,1,0,538.93,730.24,0.82
M0094479,Y,79,8,311468.04,3,7,5,154160.02,137942.7,5.12
M0094480,N,34,1,3499.0,1,0,0,1260.36,2979.0,0.26
M0094481,N,35,0,15087.96,0,0,0,7450.56,14360.14,1.49
M0094482,N,65,2,5987.44,0,0,1,2931.51,4869.29,2.05
M0094483,N,30,0,11399.37,0,3,0,9362.37,5351.13,1.23
M0094484,N,23,0,9306.47,1,0,0,2080.35,7095.7,0.46
M0094485,N,56,0,8343.54,0,0,1,1360.4,8728.46,0.0
M0094486,N,47,0,3228.24,0,0,0,775.37,3513.25,1.23
M0094487,N,34,2,17010.92,0,1,0,5890.24,18974.32,2.62
M0094488,N,65,2,9208.1,0,1,0,3207.36,6458.75,0.92
M0094489,N,47,0,7140.82,0,0,0,1774.25,6633.05,0.0
M0094490,N,72,1,8276.84,0,0,0,4077.29,8793.01,0.92
M0094491,N,35,0,6463.09,0,1,0,1196.65,9869.57,1.49
M0094492,N,33,1,26022.71,0,1,1,1246.02,20072.61,1.35
M0094493,N,75,1,14006.34,0,0,1,2477.54,9813.16,0.45
M0094494,N,59,2,14102.48,0,0,0,5472.74,6167.66,0.0
M0094495,N,77,1,5154.09,0,0,0,455.29,6581.29,0.44
M0094496,Y,76,7,198895.95,2,2,2,39470.63,147346.47,4.81
M0094497,N,56,1,31728.05,1,2,0,10899.68,15506.11,2.06
M0094498,Y,51,5,272152.53,2,2,2,122520.01,124886.5,6.1
M0094499,N,56,3,20678.33,0,0,0,1378.13,22304.71,1.53
M0094500,N,49,0,7802.01,0,2,0,1656.78,6469.12,0.0
M0094501,N,70,1,7218.66,0,1,0,2732.97,4731.25,0.25
M0094502,N,27,0,19183.58,0,2,0,1627.86,22469.82,2.05
M0094503,N,48,1,6218.46,0,0,0,2108.36,7188.72,1.03
M0094504,N,30,1,8450.34,0,0,1,2626.73,4616.07,0.0
M0094505,N,60,0,3260.97,0,1,0,1563.42,1953.94,0.52
M0094506,N,66,1,17914.92,0,1,0,3914.86,11909.23,2.75
M0094507,N,75,0,21450.55,0,0,0,20498.44,10595.65,1.64
M0094508,N,60,1,22231.41,0,0,0,10438.02,8435.8,1.7
M0094509,N,45,0,5536.82,0,0,0,1460.35,3745.69,1.06
M0094510,N,54,0,4446.35,0,0,1,1958.24,2925.15,0.0
M0094511,N,52,1,16348.94,0,1,1,1885.06,23315.42,1.25
M0094512,N,68,0,21303.49,0,0,0,6835.49,10684.64,1.48
M0094513,N,61,1,9767.26,0,0,0,2869.5,11397.19,1.32
M0094514,N,24,0,3080.19,0,0,1,585.39,4099.06,0.06
M0094515,N,53,1,15298.29,0,0,1,270.24,12490.57,0.0
M0094516,N,79,2,3473.93,1,0,1,1418.58,4893.67,0.55
M0094517,N,73,0,3741.08,1,0,1,1151.05,3844.01,0.43
M0094518,N,58,2,8654.28,0,1,0,2302.0,6678.56,1.95
M0094519,N,69,0,24593.36,0,0,0,8300.6,13349.01,1.52
M0094520,N,71,0,6359.27,1,0,0,1360.36,7801.4,0.48
M0094521,N,32,2,20371.61,0,2,0,1660.74,15471.21,1.81
M0094522,N,50,1,3518.65,0,0,1,702.74,4173.95,0.47
M0094523,N,23,3,14147.16,0,0,0,6311.98,9015.9,0.07
M0094524,N,33,2,18241.77,0,2,0,4191.81,18779.78,1.02
M0094525,Y,41,5,250417.25,2,3,2,60114.31,164201.1,4.44
M0094526,N,77,0,5662.73,0,0,3,1328.93,3173.41,1.1
M0094527,N,54,0,14824.6,0,2,0,6173.94,11325.69,1.17
M0094528,N,40,2,11646.78,0,0,0,3212.31,7064.99,1.0
M0094529,N,66,1,18167.17,1,3,0,4641.32,17438.63,2.46
M0094530,Y,63,7,378062.33,5,6,4,214116.46,173361.37,7.6
M0094531,N,61,0,12368.31,0,0,1,2816.96,7201.79,0.83
M0094532,N,54,1,46398.35,0,1,1,24356.84,13358.87,3.97
M0094533,N,51,0,4905.37,0,0,0,1651.19,5254.06,0.76
M0094534,Y,59,5,172377.4,1,2,3,69997.73,89844.06,5.97
M0094535,N,53,1,6453.84,0,0,0,1398.56,7479.78,2.64
M0094536,N,65,1,6453.46,0,0,1,2411.37,3146.22,1.93
M0094537,N,48,2,5235.1,0,0,0,2833.98,2456.34,1.77
M0094538,N,27,1,10582.01,0,1,1,3545.94,6385.74,1.48
M0094539,N,22,0,5223.22,0,0,0,3167.82,6198.8,0.29
M0094540,N,68,0,11729.63,0,0,1,1726.5,17693.39,1.75
M0094541,N,50,0,15698.87,0,0,0,3834.96,9202.63,0.4
M0094542,N,27,3,8252.43,0,0,0,1155.27,7562.85,0.22
M0094543,N,51,0,4440.28,1,0,0,2323.3,2587.23,1.33
M0094544,N,50,0,5580.33,0,0,0,2110.99,7517.4,1.32
M0094545,Y,70,8,351718.78,5,4,4,267287.42,125377.86,7.02
M0094546,N,45,1,15485.24,0,1,0,10198.17,3314.76,0.0
M0094547,N,68,0,10701.18,0,1,0,2835.56,6945.25,1.14
M0094548,N,78,1,4096.02,0,0,1,729.5,2690.0,0.47
M0094549,N,53,2,14619.44,0,2,3,6951.95,10649.22,1.78
M0094550,N,77,0,18112.07,0,2,0,4701.72,9854.59,1.02
M0094551,N,34,2,6163.28,0,0,0,5140.06,2376.12,0.33
M0094552,N,45,1,3419.85,0,2,1,2023.12,3463.5,1.51
M0094553,N,57,0,4590.13,0,1,1,587.75,4113.06,0.25
M0094554,N,49,1,14307.42,0,0,1,10280.82,2975.94,0.05
M0094555,N,50,0,6938.52,0,1,0,1561.77,5472.28,1.09
M0094556,N,37,0,8170.69,0,2,0,414.02,6547.85,0.0
M0094557,N,20,1,24842.49,0,0,0,4105.41,17313.3,1.87
M0094558,N,72,0,4692.67,0,0,0,2640.34,5422.15,0.92
M0094559,N,65,2,9432.24,0,1,1,889.07,11848.83,1.33
M0094560,N,28,2,7475.49,0,1,0,927.37,6616.64,1.48
M0094561,N,67,0,2530.37,0,1,0,569.81,2200.79,0.0
M0094562,N,72,2,6990.77,0,2,0,2521.42,7252.78,1.81
M0094563,N,72,0,1872.11,1,0,0,1204.41,1597.39,0.3
M0094564,N,20,0,10852.16,0,0,0,2922.96,7451.4,1.2
M0094565,N,31,1,17961.45,1,4,1,1301.35,19246.45,2.76
M0094566,N,44,2,3200.39,1,0,0,1628.1,2739.67,0.65
M0094567,N,34,2,46451.11,1,2,3,32053.14,19295.54,1.83
M0094568,N,52,0,4628.3,0,0,0,3202.58,2780.11,0.3
M0094569,N,49,0,10418.76,0,0,0,2157.42,12195.09,1.27
M0094570,N,19,1,4273.28,1,0,0,1623.51,3026.1,0.11
M0094571,N,56,1,17635.88,1,0,0,1906.04,24279.06,2.41
M0094572,N,66,0,38454.76,0,1,0,6955.2,25526.25,1.97
M0094573,Y,52,4,337567.06,2,2,3,168503.36,169468.19,3.39
M0094574,N,45,0,12147.12,0,2,0,3435.62,11187.84,0.68
M0094575,N,52,2,37369.24,0,0,0,10576.48,30749.04,0.89
M0094576,N,45,2,12094.21,1,0,0,7246.93,9920.33,2.16
M0094577,N,46,1,23166.08,0,0,0,7122.89,21782.3,1.5
M0094578,N,47,0,5955.29,0,0,0,1876.64,8382.53,2.16
M0094579,N,43,0,8971.66,0,2,1,6713.79,7093.31,2.21
M0094580,N,33,0,28680.34,0,2,0,6396.59,23011.11,1.15
M0094581,N,38,3,10655.89,0,2,1,3270.51,9247.36,1.76
M0094582,N,56,2,11111.72,2,2,1,4541.18,6926.41,0.72
M0094583,N,77,1,9800.35,0,3,0,1240.35,6790.9,1.83
M0094584,N,52,0,17363.91,0,0,0,5160.32,9575.6,0.62
M0094585,N,55,0,39491.55,0,0,0,3726.56,34675.93,1.53
M0094586,N,35,1,8485.61,0,1,0,2750.34,5078.95,0.89
M0094587,N,60,0,4758.42,0,0,0,354.55,6561.87,0.44
M0094588,N,63,3,7849.24,0,2,0,3803.54,9673.28,1.86
M0094589,N,62,1,13438.3,0,0,0,4389.66,7738.1,0.06
M0094590,N,44,2,10816.57,1,1,1,3824.71,5847.34,1.37
M0094591,N,62,1,16187.03,0,2,0,4768.53,19968.76,1.21
M0094592,N,38,0,4123.04,0,1,0,880.34,2710.91,1.3
M0094593,N,50,0,19871.08,0,1,0,5559.16,19536.74,1.04
M0094594,N,54,0,6236.59,0,0,0,816.37,5233.73,0.75
M0094595,N,66,0,8304.9,1,0,0,1852.55,6385.19,0.74
M0094596,N,47,0,3728.12,0,0,0,1742.02,2735.2,0.87
M0094597,N,45,1,27461.9,0,0,0,9970.91,20381.74,1.62
M0094598,Y,36,4,159375.45,3,2,5,48615.5,102697.76,4.84
M0094599,N,42,1,4540.09,0,0,0,1098.21,6050.95,0.0
M0094600,N,65,1,36713.37,0,0,1,32867.71,17997.16,1.89
M0094601,N,37,2,4534.56,0,1,0,1643.53,2361.27,0.35
M0094602,N,63,1,12306.06,0,1,0,4050.69,11242.29,0.0
M0094603,N,53,0,53027.65,0,1,0,23830.81,24054.47,2.2
M0094604,N,68,1,3906.26,0,0,1,1464.54,4947.89,1.97
M0094605,Y,43,5,438440.41,3,5,6,161042.75,210540.04,8.0
M0094606,N,26,0,7065.81,1,0,0,1687.25,7594.47,1.32
M0094607,N,77,0,14986.56,0,0,0,4778.85,7814.25,1.11
M0094608,N,53,2,6448.79,0,0,0,1049.87,4586.77,0.46
M0094609,N,72,2,4609.89,0,2,2,1671.23,4977.37,2.21
M0094610,N,67,0,11332.8,0,2,0,5643.16,7255.65,0.26
M0094611,N,41,1,3264.54,1,1,0,1197.29,2751.36,0.67
M0094612,N,56,2,15838.29,1,0,1,5893.78,20183.51,2.84
M0094613,N,61,0,38230.03,0,3,1,4426.57,25442.58,0.86
M0094614,N,59,1,3402.38,0,0,0,1476.47,2625.46,1.35
M0094615,N,34,0,3825.13,1,0,0,1529.31,3142.83,0.0
M0094616,N,31,0,6161.24,0,0,0,3776.32,4339.54,2.42
M0094617,N,69,1,10176.33,1,0,0,4357.33,8891.77,2.09
M0094618,N,23,3,14582.08,0,2,0,3292.72,10154.15,0.81
M0094619,N,73,2,7550.79,0,1,0,5643.07,2437.52,1.12
M0094620,N,43,2,5356.66,0,1,0,4276.96,4430.65,1.99
M0094621,N,44,1,18807.55,0,1,0,4779.42,13043.76,0.0
M0094622,N,69,0,9428.17,0,0,0,1514.88,7318.77,0.39
M0094623,N,21,0,21129.71,0,3,0,2729.57,28380.52,1.84
M0094624,N,61,1,5584.26,0,0,0,548.05,8064.94,1.1
M0094625,N,75,2,11875.66,0,0,0,1711.05,14268.67,0.37
M0094626,N,75,1,10253.94,1,1,0,1256.07,7791.51,1.25
M0094627,N,64,1,14263.16,0,0,1,7342.2,4335.7,2.21
M0094628,N,75,1,15296.27,0,1,0,8458.69,10316.41,1.01
M0094629,N,30,1,18982.04,0,0,0,2914.73,28427.62,2.1
M0094630,N,50,0,8303.77,0,1,0,1578.89,7939.81,1.13
M0094631,N,40,1,49570.97,2,2,1,19750.19,21498.42,1.71
M0094632,N,43,0,25609.16,0,3,1,18798.48,21680.12,2.97
M0094633,N,77,1,22638.23,0,0,0,2409.03,18683.26,0.0
M0094634,N,48,1,17197.75,1,0,0,3089.99,15000.38,0.5
M0094635,N,19,1,13542.43,0,1,3,1593.36,14442.86,2.81
M0094636,N,58,2,12666.53,0,1,0,3219.47,9732.22,0.95
M0094637,N,72,0,8312.59,0,1,0,1330.1,5329.85,0.25
M0094638,N,28,3,12131.94,0,0,1,3371.2,9435.35,1.0
M0094639,N,51,0,8816.39,0,1,0,6903.03,4330.96,0.45
M0094640,N,42,2,4768.85,1,0,0,1428.62,5801.54,2.0
M0094641,N,46,0,10320.14,1,0,1,2973.58,14457.38,0.93
M0094642,N,47,0,13361.0,0,0,0,725.72,10024.6,0.0
M0094643,N,57,1,11041.3,0,0,0,5548.69,3624.3,1.48
M0094644,N,75,0,16320.22,0,2,0,4945.59,7825.7,0.0
M0094645,N,20,1,22801.0,1,0,0,2447.27,17823.86,2.57
M0094646,N,50,0,9292.5,0,0,0,2989.93,9767.84,0.0
M0094647,N,39,1,9643.65,1,1,0,817.44,7786.55,0.78
M0094648,N,54,2,11047.72,0,1,0,6640.28,12224.0,0.21
M0094649,N,20,2,14382.7,0,2,0,5422.87,13735.51,1.76
M0094650,N,73,0,11280.04,0,2,0,2400.31,7171.5,0.43
M0094651,N,34,2,8940.92,0,2,0,2368.45,5505.69,0.37
M0094652,N,39,0,2386.4,0,0,1,1405.12,1482.69,0.69
M0094653,N,49,0,16478.62,0,0,1,1841.07,11559.71,1.46
M0094654,N,42,1,10652.92,0,0,0,1897.61,10777.78,1.09
M0094655,N,19,1,7479.84,0,0,0,1926.28,4100.37,0.96
M0094656,N,74,0,16576.9,0,1,0,1580.71,15209.67,1.81
M0094657,N,26,2,13625.73,2,0,0,1944.5,8923.13,0.7
M0094658,N,79,0,8799.85,0,0,1,1391.17,7434.72,1.72
M0094659,N,75,2,11327.42,0,1,0,5481.5,4297.02,1.03
M0094660,N,75,0,5532.7,0,0,0,4977.62,4957.09,0.78
M0094661,N,60,2,27071.39,0,1,1,8751.66,16561.14,0.11
M0094662,N,24,0,5484.78,0,1,0,994.16,7324.96,0.0
M0094663,N,35,0,6732.17,0,0,0,4127.27,7672.1,0.0
M0094664,N,78,1,8592.27,0,2,0,2235.97,5168.32,1.16
M0094665,Y,43,8,336343.57,3,5,6,92310.24,225908.28,4.99
M0094666,N,57,1,7280.03,0,2,0,1650.18,8564.62,1.0
M0094667,N,46,2,12402.34,0,0,0,1699.86,19894.0,1.22
M0094668,N,38,2,9907.36,0,1,0,3409.98,8604.49,2.32
M0094669,N,63,0,3488.79,0,0,0,1038.2,2182.13,0.3
M0094670,N,65,1,11938.02,0,1,0,6273.45,6797.1,0.96
M0094671,N,27,3,25695.03,1,1,0,4924.59,15526.46,2.16
M0094672,N,63,1,7455.0,0,0,0,2761.52,5995.76,1.28
M0094673,N,45,2,7906.07,0,1,0,1798.81,10260.68,0.05
M0094674,N,63,0,21893.87,0,1,0,5160.97,12532.27,1.19
M0094675,N,69,1,19882.17,1,3,1,7256.24,23707.83,1.54
M0094676,N,60,1,11050.26,0,1,0,4011.65,8295.07,0.98
M0094677,N,74,0,12219.52,1,1,0,4714.33,5974.93,0.3
M0094678,N,59,0,5356.08,0,1,0,2846.93,3559.14,1.64
M0094679,N,75,0,16170.68,1,0,1,5515.39,13674.44,0.57
M0094680,N,70,1,12417.59,2,2,2,4545.58,8853.03,1.27
M0094681,N,39,2,15102.4,1,1,0,3396.94,8429.22,0.84
M0094682,N,61,1,8327.65,0,3,0,2712.24,4373.73,1.27
M0094683,N,31,0,15033.91,0,1,0,2198.23,11326.2,1.8
M0094684,N,80,0,8876.95,1,0,0,1086.82,7257.54,0.0
M0094685,N,78,0,7290.05,0,0,0,2263.54,8516.06,0.8
M0094686,N,42,0,10682.26,1,0,0,1645.74,10804.5,2.23
M0094687,N,70,1,5595.21,0,0,0,1942.0,3795.22,0.54
M0094688,N,55,0,5480.42,0,2,0,1313.56,5906.24,2.14
M0094689,N,43,0,3306.69,2,2,0,731.36,3501.91,0.82
M0094690,N,66,2,25889.33,1,0,0,2238.92,27562.59,1.4
M0094691,N,45,0,10202.71,1,0,0,1496.44,8242.36,0.61
M0094692,N,44,2,14973.32,0,0,0,2641.95,14772.73,1.78
M0094693,N,73,0,4330.87,0,0,0,1314.01,4879.84,0.83
M0094694,N,58,2,13148.57,0,0,1,7198.36,6174.85,0.24
M0094695,N,35,0,19599.74,1,1,0,11145.26,16302.91,2.01
M0094696,N,44,2,19835.94,0,0,0,8814.59,8620.42,2.7
M0094697,N,73,2,10835.18,0,1,0,3383.57,15676.31,1.15
M0094698,N,30,0,2381.36,0,0,0,750.18,2814.67,1.13
M0094699,N,31,1,11824.88,0,1,0,1621.47,8411.2,1.39
M0094700,N,40,1,6985.4,0,0,0,1550.98,4943.51,0.64
M0094701,N,53,2,3450.79,1,0,0,2231.86,3039.04,0.06
M0094702,N,33,0,9312.02,0,0,1,3966.32,8029.12,0.41
M0094703,N,41,1,21197.34,0,0,0,8226.71,15626.19,2.49
M0094704,N,64,0,4958.09,0,1,0,1039.2,4036.11,0.91
M0094705,Y,73,5,234973.78,2,2,5,46371.96,177455.01,4.07
M0094706,N,70,2,47666.72,1,1,1,12015.08,25302.07,4.04
M0094707,Y,64,7,235548.42,3,3,5,55278.5,141068.09,5.09
M0094708,N,50,0,5152.75,0,2,0,2738.79,5297.34,0.59
M0094709,N,75,0,4533.1,0,0,0,3199.28,3959.28,0.69
M0094710,N,66,1,14673.71,1,0,0,13013.57,12555.15,2.74
M0094711,N,51,0,9944.15,0,0,1,2777.74,10355.2,0.4
M0094712,N,18,0,4135.73,0,2,1,1298.06,6111.35,0.76
M0094713,N,71,0,13590.46,1,0,0,3892.44,9175.59,0.87
M0094714,N,71,2,11356.54,0,0,0,1285.63,16385.57,0.44
M0094715,N,72,2,3590.25,0,1,0,641.13,3601.9,0.97
M0094716,N,23,1,24587.92,0,0,0,5083.06,15027.4,2.23
M0094717,N,40,3,13758.25,0,2,1,3184.34,8866.47,1.01
M0094718,N,52,2,8885.87,0,0,0,2205.92,4891.37,2.21
M0094719,N,34,1,14037.95,1,0,0,1725.86,16069.09,0.0
M0094720,N,63,1,17277.61,0,0,0,8249.0,6340.21,1.32
M0094721,N,19,1,22220.78,0,2,0,6699.88,11202.15,1.35
M0094722,N,68,1,21193.6,0,2,0,9733.93,12327.86,1.27
M0094723,N,43,1,15632.69,0,1,0,12428.17,6743.81,1.64
M0094724,N,26,0,4186.01,1,0,0,1342.03,3619.03,0.98
M0094725,N,41,1,6146.99,2,0,0,3184.54,4630.96,1.12
M0094726,N,32,1,13731.51,1,0,0,2515.01,10078.58,0.83
M0094727,N,49,0,13542.53,0,0,0,2325.98,12053.35,0.98
M0094728,N,77,0,12421.69,1,1,1,5779.13,8831.62,2.66
M0094729,N,32,0,36853.4,1,0,1,8952.75,24490.09,1.8
M0094730,N,48,2,8229.17,1,0,0,4491.49,5314.25,1.77
M0094731,N,39,1,14041.09,0,0,0,787.64,13644.22,1.16
M0094732,Y,78,5,231472.89,2,3,3,83761.75,109749.21,5.34
M0094733,N,26,1,8516.55,1,1,0,1143.54,6701.96,0.0
M0094734,N,44,2,10109.83,0,0,1,1795.48,10252.45,0.0
M0094735,N,28,0,3505.47,0,1,0,829.31,3588.76,0.3
M0094736,N,40,1,11931.69,0,1,1,892.84,11036.96,1.53
M0094737,N,21,0,6351.93,0,1,0,1036.52,5282.77,0.0
M0094738,N,19,1,3528.19,0,0,1,406.64,3644.2,0.23
M0094739,N,42,1,19809.35,0,1,1,2115.58,18857.49,2.02
M0094740,N,54,0,14126.2,0,0,1,491.74,19683.29,0.66
M0094741,Y,41,4,147833.24,1,4,6,74694.42,89672.16,5.2
M0094742,N,54,1,21379.83,0,0,1,2545.59,34358.98,2.32
M0094743,N,44,0,6076.58,0,1,0,2194.72,4813.58,0.64
M0094744,N,78,0,38487.65,0,2,0,3258.89,27094.63,1.17
M0094745,N,37,0,13459.9,0,0,0,3920.48,13943.93,1.41
M0094746,N,80,1,18192.01,0,0,0,9878.18,11207.65,3.05
M0094747,N,28,0,19004.48,0,1,0,7809.34,10334.67,0.62
M0094748,N,19,1,15168.31,0,1,0,5812.59,11854.29,0.56
M0094749,N,32,2,14173.14,1,1,0,970.94,18181.07,1.32
M0094750,N,78,1,31694.25,1,2,1,4262.21,34305.13,1.6
M0094751,N,80,0,35730.39,0,2,1,3463.27,36748.97,0.99
M0094752,N,76,1,7967.45,0,1,0,2180.49,4461.26,0.41
M0094753,N,22,3,4666.3,1,2,0,3041.2,3727.95,0.3
M0094754,N,64,1,9706.47,0,2,1,2865.75,5463.17,1.18
M0094755,N,74,1,12494.89,0,1,0,1849.83,13631.89,0.06
M0094756,N,51,1,13398.92,0,0,0,3057.99,7914.79,0.18
M0094757,N,42,1,14580.99,0,2,0,1817.36,14638.84,1.21
M0094758,N,28,1,12756.74,1,1,0,5932.25,8042.77,1.33
M0094759,N,27,0,11502.53,0,1,0,5541.36,10868.23,2.31
M0094760,N,74,3,15332.83,0,0,0,717.98,12219.54,1.0
M0094761,N,32,0,15229.53,1,0,2,2107.5,10498.55,0.48
M0094762,N,72,2,17000.78,1,1,1,7012.77,17343.6,1.11
M0094763,N,25,2,29680.9,0,0,0,3095.34,35747.06,0.77
M0094764,N,46,0,5737.01,0,0,0,696.22,9257.35,0.71
M0094765,N,22,1,6709.17,0,2,0,1418.4,4781.4,1.33
M0094766,N,69,0,12043.4,1,0,0,5637.13,16016.1,1.91
M0094767,N,50,1,6651.66,0,1,0,2600.0,4559.91,1.89
M0094768,N,60,0,17395.72,0,1,0,2812.21,11537.37,0.29
M0094769,N,53,2,72190.53,0,2,1,2174.35,74768.99,1.28
M0094770,N,37,1,11061.66,0,0,0,1275.72,9049.98,1.71
M0094771,N,60,1,10743.13,0,2,0,1820.99,10249.73,2.42
M0094772,N,21,0,5688.65,0,0,1,1398.79,4291.07,0.0
M0094773,N,24,2,12467.55,1,0,0,931.73,10594.0,0.69
M0094774,N,38,2,6249.94,0,0,0,5203.52,2940.44,1.62
M0094775,N,53,2,10572.3,0,0,0,2823.69,11032.79,1.73
M0094776,N,63,1,12056.78,0,0,1,2841.89,10946.34,1.52
M0094777,Y,69,4,347564.35,3,2,3,133242.73,245437.3,6.13
M0094778,N,29,2,23700.46,0,0,0,2809.01,21529.63,0.83
M0094779,Y,37,7,292156.31,2,4,2,116379.95,137726.11,4.56
M0094780,N,80,0,2800.77,1,1,0,1590.6,2874.57,0.81
M0094781,N,42,1,11223.65,0,0,0,9684.47,6058.23,1.58
M0094782,N,24,0,5880.46,0,0,0,399.88,6433.82,1.35
M0094783,N,80,0,20093.07,0,0,1,9249.55,7011.6,2.05
M0094784,N,79,2,11443.4,1,0,1,1873.28,7630.64,0.41
M0094785,N,58,1,7966.54,0,0,0,528.01,6204.4,0.76
M0094786,N,56,0,17237.71,0,0,1,7525.02,9915.45,1.52
M0094787,N,52,1,3050.59,1,1,0,1393.54,3282.12,0.97
M0094788,Y,82,4,344706.06,3,1,3,128179.22,240644.39,7.91
M0094789,Y,69,6,212496.38,1,3,3,24873.57,200379.05,4.71
M0094790,Y,56,5,423780.31,4,2,5,75663.26,278489.2,7.03
M0094791,Y,47,3,173771.16,3,2,3,66070.23,119868.84,4.57
M0094792,N,18,0,3661.4,0,0,0,1670.65,3044.95,1.15
M0094793,N,76,1,20414.8,1,2,0,9115.78,7806.88,2.64
M0094794,N,52,1,3373.45,0,1,0,718.51,4061.19,0.0
M0094795,N,26,1,51443.78,0,0,1,2575.26,37736.71,1.55
M0094796,N,50,2,14363.58,0,1,0,4298.06,7110.4,1.04
M0094797,N,47,0,5000.45,0,0,0,229.49,5206.96,2.16
M0094798,N,38,1,9446.58,1,1,0,5261.36,9213.49,1.57
M0094799,N,77,1,9058.59,2,2,0,2224.6,9370.63,0.71
M0094800,N,68,0,11215.3,0,1,0,876.4,9783.19,1.93
M0094801,N,31,0,4418.44,0,0,0,2332.3,5278.25,0.02
M0094802,N,62,1,4522.68,0,0,0,2231.08,5965.36,0.5
M0094803,N,75,1,17013.48,0,0,1,6016.05,9551.79,2.22
M0094804,N,78,0,10965.76,0,0,0,5032.39,3925.59,0.51
M0094805,N,69,1,32549.45,0,0,0,6670.87,22418.21,1.74
M0094806,N,48,1,9220.82,0,2,1,2278.17,12608.34,1.49
M0094807,N,56,1,70819.03,0,1,1,13773.06,41985.02,2.98
M0094808,N,45,0,9548.04,0,0,0,1439.38,6615.73,0.44
M0094809,N,75,0,11377.2,0,0,0,745.02,9453.41,0.31
M0094810,N,70,0,7098.89,0,0,0,2359.96,8480.15,0.9
M0094811,N,50,1,13686.58,0,0,0,4412.18,17228.67,1.03
M0094812,N,79,2,9249.58,0,0,1,2417.94,10925.58,1.58
M0094813,N,64,0,7231.38,0,0,0,8196.57,3570.65,0.64
M0094814,N,69,2,36647.04,1,1,2,5304.84,26266.45,1.12
M0094815,N,26,4,12125.81,1,1,0,3125.26,9753.76,1.2
M0094816,N,32,1,13735.3,0,3,0,776.48,11324.27,0.84
M0094817,N,69,4,20312.46,1,0,0,4469.76,16766.64,0.43
M0094818,N,18,2,3367.5,0,0,0,938.6,1774.71,1.22
M0094819,N,67,1,14453.31,0,0,1,5580.12,10347.89,3.44
M0094820,N,62,1,42588.59,0,1,0,4587.0,44034.93,0.7
M0094821,N,53,0,45344.16,1,1,1,6575.23,29921.77,1.29
M0094822,N,26,1,7001.3,0,0,0,1201.85,5258.28,0.36
M0094823,N,30,1,5416.49,0,2,0,2485.46,2151.93,0.63
M0094824,N,61,1,10349.25,0,1,0,7582.09,4518.84,2.37
M0094825,N,47,1,8008.94,0,1,0,3123.36,3851.05,0.3
M0094826,N,73,0,3380.36,0,0,0,2578.31,1077.04,1.61
M0094827,N,30,1,25932.58,0,0,0,4044.07,18729.88,1.97
M0094828,N,69,1,10290.55,1,2,0,4158.91,11031.87,2.45
M0094829,N,78,1,5103.92,0,0,0,2792.67,3377.06,1.5
M0094830,N,62,1,6386.5,0,1,0,749.75,5375.5,0.0
M0094831,N,34,0,6189.02,1,2,0,2978.77,3300.25,1.05
M0094832,N,60,0,13741.45,0,0,0,3958.3,14787.43,0.5
M0094833,N,33,2,5974.19,0,1,0,5937.63,3720.43,1.93
M0094834,N,37,1,10217.12,1,2,0,2810.11,5577.97,2.22
M0094835,N,62,1,20386.99,0,0,0,9192.52,9091.19,1.45
M0094836,N,76,0,9500.01,0,2,0,2249.1,8779.35,0.19
M0094837,N,68,1,12581.01,0,0,0,1803.84,10420.54,0.0
M0094838,N,50,0,18556.8,1,1,0,9918.83,5411.29,0.59
M0094839,N,20,1,33872.28,0,0,0,5413.82,35931.49,2.27
M0094840,N,39,0,19011.09,0,1,0,4118.93,11911.94,0.59
M0094841,N,70,0,9814.08,1,0,0,768.85,7222.09,0.68
M0094842,N,30,2,10417.7,0,0,0,5158.6,7180.8,2.39
M0094843,N,75,0,1961.4,0,0,0,726.8,2469.62,0.17
M0094844,N,35,0,13000.68,0,0,1,849.48,12666.89,0.43
M0094845,N,57,0,9478.12,0,0,0,1170.94,13175.02,0.56
M0094846,N,19,0,21077.74,1,3,0,6983.65,29524.0,1.91
M0094847,N,26,1,26789.12,0,1,1,4401.43,27155.25,1.56
M0094848,N,77,0,6812.04,0,0,0,1805.87,5645.53,0.03
M0094849,N,54,3,3454.82,0,1,1,1823.81,2869.9,1.26
M0094850,Y,56,4,290382.01,2,1,2,76506.82,165991.11,4.87
M0094851,N,74,2,18477.37,0,0,0,1209.03,14879.48,1.92
M0094852,N,28,1,9402.77,0,2,0,2602.43,4884.03,1.26
M0094853,N,65,0,16413.13,0,0,1,4246.1,10783.8,0.32
M0094854,N,39,0,15713.82,2,2,0,2241.33,10659.69,1.95
M0094855,N,53,0,18268.93,0,0,1,4218.21,11345.19,1.19
M0094856,N,64,0,13232.92,0,0,0,3330.27,7212.46,0.66
M0094857,N,64,0,8038.67,0,1,0,3353.2,2962.7,0.0
M0094858,N,31,3,25565.55,0,1,0,4176.58,19077.4,1.59
M0094859,N,80,0,8191.37,0,1,0,1416.45,9576.53,1.79
M0094860,N,36,3,7008.18,0,1,0,981.08,11387.91,0.13
M0094861,N,20,2,20733.76,0,0,0,5201.48,23309.52,1.82
M0094862,N,69,0,29126.03,1,0,0,13081.91,9986.87,0.95
M0094863,N,43,1,3275.74,1,1,0,2126.78,2286.16,2.1
M0094864,N,78,3,15239.5,0,1,0,5738.48,10077.86,3.05
M0094865,Y,80,4,282256.25,2,4,2,150038.09,190803.12,3.69
M0094866,N,76,1,20380.87,1,3,0,9136.58,12489.36,1.29
M0094867,N,53,1,15043.81,1,1,0,867.36,14381.24,1.51
M0094868,N,53,2,39949.63,1,1,0,5097.5,26635.64,1.6
M0094869,Y,77,6,258004.61,7,4,4,136576.78,156033.56,6.85
M0094870,Y,68,4,120219.19,1,2,1,21272.48,106943.68,4.64
M0094871,N,40,1,5972.05,0,0,1,6543.21,3526.73,1.33
M0094872,N,30,1,20848.85,0,2,0,8129.88,13466.03,0.26
M0094873,N,78,1,8467.9,0,2,1,1364.2,8546.13,0.69
M0094874,N,45,2,5952.41,0,1,0,2520.47,6925.6,0.87
M0094875,N,34,2,17288.53,0,0,1,7085.5,21962.56,1.86
M0094876,N,37,1,10052.72,0,1,0,1727.35,9580.51,0.0
M0094877,N,32,1,5139.19,0,1,0,1040.61,7384.54,1.2
M0094878,N,23,2,26980.36,1,3,0,6891.27,19509.86,0.0
M0094879,N,21,1,4090.08,0,0,0,935.53,2322.11,0.02
M0094880,N,24,2,9974.96,1,2,1,4898.41,11760.4,2.4
M0094881,N,38,1,12477.46,0,1,0,4210.5,12656.75,0.0
M0094882,N,58,0,10177.18,0,2,0,1759.76,6789.35,1.98
M0094883,N,36,0,8116.2,0,1,0,1871.5,4756.51,1.39
M0094884,N,33,1,8745.02,0,1,0,5964.31,2709.24,1.41
M0094885,N,20,0,9289.48,0,1,0,6087.71,4384.92,0.8
M0094886,N,61,1,4169.7,0,1,0,1896.38,2204.78,0.2
M0094887,N,22,0,52532.59,0,1,0,7870.38,36120.94,2.69
M0094888,N,42,1,7799.58,0,0,0,2098.06,5648.44,0.0
M0094889,N,70,2,19117.23,0,1,0,7898.81,11045.78,2.13
M0094890,N,77,0,15326.58,0,0,1,2079.72,12798.18,0.0
M0094891,N,27,0,5676.95,0,1,0,919.62,4303.31,0.0
M0094892,N,56,1,18441.08,0,2,0,5204.86,11118.35,2.48
M0094893,N,25,1,12871.02,0,1,0,8128.34,3073.8,0.8
M0094894,N,72,2,9094.8,0,1,1,2304.78,9496.18,1.87
M0094895,N,27,1,6510.32,1,0,1,2314.0,4926.89,0.38
M0094896,N,41,1,44008.29,0,1,1,31884.94,31801.5,2.24
M0094897,N,77,0,9436.02,0,1,0,7126.36,4367.5,0.99
M0094898,N,56,1,12602.93,0,1,1,3206.89,7324.87,1.85
M0094899,N,31,3,8383.72,0,3,0,6397.01,8566.29,2.32
M0094900,N,71,1,25313.86,0,1,0,8558.32,14951.17,1.19
M0094901,N,32,0,5023.14,0,0,0,1057.07,5267.91,1.56
M0094902,N,32,1,4802.45,1,0,1,2996.97,5319.47,0.33
M0094903,N,47,0,6564.26,1,1,0,3423.92,3363.21,0.29
M0094904,N,24,1,12792.29,0,0,2,3117.68,8383.6,0.93
M0094905,N,63,0,8726.39,0,2,0,4730.18,2388.84,2.14
M0094906,N,26,1,5092.29,0,0,0,850.37,3955.16,0.0
M0094907,N,79,0,7149.09,1,1,0,3481.48,3203.48,0.48
M0094908,Y,44,2,165329.24,4,3,5,77302.29,155535.98,4.34
M0094909,N,20,2,15405.72,0,1,1,21775.34,2437.62,0.63
M0094910,N,38,2,3765.47,2,1,1,2620.85,3862.17,1.77
M0094911,N,50,0,7042.33,0,1,0,1930.0,3577.56,0.67
M0094912,N,58,2,20499.45,1,3,0,4093.64,17044.6,2.44
M0094913,N,70,0,5611.84,2,1,0,1371.99,6296.32,1.0
M0094914,N,65,0,3168.43,0,2,0,537.89,2602.56,1.51
M0094915,N,20,1,4304.62,1,1,0,1210.84,2621.46,0.82
M0094916,Y,61,5,148153.69,1,4,1,34705.02,120994.64,2.21
M0094917,N,72,2,12252.66,0,2,0,4707.07,11790.49,0.22
M0094918,N,49,0,21529.32,0,0,1,3539.39,16379.73,0.85
M0094919,N,68,0,4226.34,0,0,1,868.86,3655.98,2.19
M0094920,N,56,1,4395.94,0,0,0,1388.94,2234.46,1.48
M0094921,N,55,0,13972.24,0,2,1,3271.45,9793.52,1.57
M0094922,N,18,2,13446.51,0,2,0,2947.71,12047.44,2.06
M0094923,N,28,2,27943.97,0,1,0,9952.55,21099.29,3.28
M0094924,N,18,1,11386.15,1,0,1,6890.2,7654.44,0.95
M0094925,N,55,1,25712.35,0,1,1,2704.34,17582.55,1.97
M0094926,N,79,2,25945.68,1,0,1,4152.39,16527.96,1.63
M0094927,N,33,0,5429.99,0,0,0,1386.32,4820.8,1.09
M0094928,N,78,1,6651.83,0,0,0,1922.05,3692.83,0.28
M0094929,N,35,2,5897.03,0,1,1,3021.2,5092.38,0.95
M0094930,N,24,2,9964.44,0,0,0,1625.28,8134.75,2.05
M0094931,N,45,0,12472.83,0,1,1,1217.99,11073.66,0.0
M0094932,N,40,2,8844.65,0,2,0,1708.21,8065.01,1.84
M0094933,N,46,0,3532.06,0,0,0,716.65,3877.4,0.31
M0094934,N,18,0,10919.5,0,1,0,2040.09,9703.13,0.0
M0094935,N,45,2,17869.49,0,1,0,11829.67,13685.25,1.89
M0094936,N,43,2,16822.67,0,2,0,9288.8,9900.84,0.85
M0094937,N,31,1,9793.11,0,1,0,1025.58,10053.63,0.51
M0094938,N,70,2,6846.26,1,0,0,3402.97,6707.6,0.55
M0094939,N,74,0,18014.24,1,2,0,7159.8,16480.53,1.22
M0094940,N,66,2,15292.44,0,3,0,9163.96,9807.13,3.05
M0094941,N,75,1,29032.33,1,1,0,4522.29,23908.72,1.74
M0094942,N,71,2,26080.0,0,2,1,8170.9,12862.7,0.2
M0094943,N,68,0,21604.09,1,2,1,4693.26,14315.95,2.14
M0094944,N,19,0,3628.08,1,1,1,1401.76,1538.83,1.48
M0094945,N,80,1,5938.19,0,1,0,1505.74,6728.21,1.27
M0094946,N,38,2,3047.35,1,1,0,691.51,4291.06,0.52
M0094947,N,74,2,19108.98,1,1,0,5645.13,10331.22,2.29
M0094948,N,45,1,6448.92,1,0,2,1494.97,6199.21,1.57
M0094949,N,47,2,74948.46,0,2,0,3114.84,90033.94,2.21
M0094950,N,62,0,6827.12,0,0,0,1107.83,6749.68,1.0
M0094951,N,36,2,6253.66,0,3,1,5260.05,5320.05,1.01
M0094952,N,75,2,6467.63,0,2,1,4896.05,3129.43,0.58
M0094953,N,48,1,18896.76,0,1,0,2638.67,13369.85,1.7
M0094954,N,78,2,5020.88,0,1,0,2598.64,3437.89,0.53
M0094955,N,46,0,17445.83,0,0,1,5205.8,10959.66,1.58
M0094956,N,73,2,15708.56,0,0,0,3048.59,11650.87,1.22
M0094957,N,31,2,17513.35,0,0,0,7341.38,9871.23,1.91
M0094958,N,25,1,7047.87,1,2,1,4551.92,4442.63,2.78
M0094959,N,47,0,19014.77,0,2,2,5484.89,12345.55,1.67
M0094960,N,28,2,10985.82,0,0,0,1911.04,11677.45,0.2
M0094961,N,80,2,17420.42,0,1,0,3975.57,21971.28,0.47
M0094962,N,50,1,15313.0,0,0,0,2230.93,10334.91,0.0
M0094963,N,80,1,7746.47,0,2,0,1864.24,9489.02,1.08
M0094964,N,47,1,25626.65,0,2,1,8564.72,13802.44,1.25
M0094965,N,64,2,8731.74,0,2,0,1111.66,12002.65,0.0
M0094966,N,27,2,12885.55,0,0,1,7832.1,8876.45,1.4
M0094967,N,71,1,7584.61,1,0,0,1399.41,9320.7,2.01
M0094968,Y,43,5,214796.59,4,4,1,113603.48,91796.67,2.57
M0094969,N,50,0,2038.53,0,1,1,986.66,2445.61,0.0
M0094970,Y,77,5,309216.38,3,6,2,84938.49,199861.95,2.49
M0094971,N,19,2,19012.49,0,0,0,13421.57,9458.68,2.13
M0094972,N,49,2,8330.54,0,0,0,2672.08,5852.11,0.92
M0094973,N,35,1,17352.86,0,0,1,2497.3,25809.08,1.96
M0094974,N,62,0,9884.58,1,0,0,1933.61,13579.67,0.12
M0094975,N,32,0,35602.94,0,0,0,19153.96,12164.85,1.58
M0094976,N,58,2,4914.82,0,1,0,1520.26,3055.21,0.63
M0094977,N,64,0,15038.35,1,2,0,8793.03,6620.79,0.48
M0094978,N,45,0,4691.99,2,1,0,4097.69,4409.66,2.46
M0094979,N,53,0,15227.08,0,1,0,3917.09,8954.84,2.16
M0094980,N,51,0,21962.75,0,0,1,6134.42,13885.45,1.76
M0094981,N,34,4,26233.23,0,1,1,4504.47,36656.56,1.68
M0094982,N,25,3,3652.81,0,1,0,1342.74,3527.98,0.86
M0094983,N,24,1,4647.82,0,0,1,4373.03,1872.44,0.78
M0094984,N,67,1,8843.33,1,0,0,8650.68,6772.79,0.93
M0094985,N,18,2,5866.14,0,0,0,1986.87,7096.94,0.0
M0094986,N,21,1,2430.93,0,0,0,1835.24,1681.28,1.69
M0094987,N,56,1,13780.86,1,0,1,8319.81,7755.3,0.98
M0094988,N,53,2,17176.22,0,3,0,4096.46,13856.1,2.37
M0094989,Y,82,8,359724.46,6,5,3,92939.11,214693.17,5.83
M0094990,Y,69,6,199547.53,2,6,4,56512.25,190609.11,4.53
M0094991,N,44,1,6785.06,0,0,0,1870.81,5226.92,0.0
M0094992,N,73,2,9653.19,0,1,1,1384.88,14209.93,0.84
M0094993,N,70,3,23152.08,0,0,2,12595.69,6366.32,1.88
M0094994,N,30,0,8325.08,0,0,0,1827.26,8231.38,0.74
M0094995,N,24,0,10683.95,0,0,0,1415.81,7229.76,0.41
M0094996,N,79,0,9570.47,0,0,0,2330.57,5719.51,1.54
M0094997,N,51,3,16497.13,1,1,0,5225.36,11188.49,0.0
M0094998,N,18,1,17346.01,0,1,1,3454.71,15056.16,0.06
M0094999,N,52,2,12593.32,0,0,0,1926.8,11403.51,2.83
M0095000,N,48,2,9525.3,0,2,0,7577.07,8592.51,1.66
M0095001,N,45,1,10951.36,1,1,0,7546.26,7413.87,1.59
M0095002,N,37,1,26881.04,0,1,0,2769.5,20347.12,0.2
M0095003,N,72,0,12356.01,0,1,1,2835.29,9839.15,1.38
M0095004,N,60,1,26484.68,0,3,0,3243.41,22837.53,0.21
M0095005,N,39,1,6049.28,1,0,0,4064.75,3272.99,0.89
M0095006,N,61,1,5230.77,1,0,0,3113.46,4397.53,0.55
M0095007,N,80,2,76523.31,1,2,0,11267.16,50728.72,0.57
M0095008,N,39,1,6499.2,0,2,0,5019.73,3079.02,1.43
M0095009,N,35,1,10042.52,0,2,1,2068.11,11316.85,0.0
M0095010,N,68,1,8702.76,1,2,0,2997.48,7243.69,0.9
M0095011,N,55,2,19500.77,1,2,0,2064.46,20363.61,2.73
M0095012,N,56,2,21157.42,0,1,0,10356.41,16206.36,1.8
M0095013,N,42,1,9648.61,0,0,1,1657.83,14299.95,0.22
M0095014,N,23,1,18255.1,0,0,0,1267.43,14731.55,1.54
M0095015,N,25,2,18193.94,0,1,0,2885.69,14164.29,1.48
M0095016,N,51,0,1349.58,0,0,0,224.12,1901.65,1.57
M0095017,N,58,0,3273.09,0,0,0,1398.58,4270.69,0.0
M0095018,N,38,1,6470.02,0,0,0,1588.92,3507.67,0.63
M0095019,N,24,0,26176.05,0,0,0,7878.82,20129.56,0.39
M0095020,N,63,0,1933.96,0,0,0,1273.34,1767.69,0.0
M0095021,N,72,1,11226.3,0,0,0,2883.6,11141.78,0.75
M0095022,N,65,0,15872.88,0,0,0,2470.62,16493.15,0.99
M0095023,N,55,1,19891.85,0,1,0,4419.09,19753.0,1.56
M0095024,N,47,0,10949.72,0,0,1,2421.74,6664.95,0.51
M0095025,N,19,0,9940.87,0,1,0,1891.91,7126.9,2.17
M0095026,N,53,0,6105.26,1,1,0,1961.46,7378.72,0.78
M0095027,Y,75,7,175378.85,3,3,4,126622.68,89052.45,3.17
M0095028,N,41,0,5478.88,0,0,0,1169.52,8101.58,0.98
M0095029,N,28,1,8832.3,0,1,0,4668.87,7144.87,0.57
M0095030,N,58,1,9771.84,0,0,1,2062.17,12399.83,1.03
M0095031,N,32,1,8921.89,1,0,0,5368.5,10234.25,1.72
M0095032,N,51,3,28896.64,1,1,1,7475.8,15335.62,1.83
M0095033,N,74,1,68794.96,0,2,1,5887.93,66141.2,2.85
M0095034,N,51,0,5333.0,0,1,0,4141.25,3077.6,1.7
M0095035,N,67,1,10124.73,0,0,0,2371.52,12216.69,0.88
M0095036,N,65,0,6364.12,0,0,0,1746.48,3649.49,0.16
M0095037,N,77,1,20671.38,1,2,2,4985.6,15614.87,0.0
M0095038,N,65,1,7170.83,0,0,0,1286.56,4738.96,0.0
M0095039,N,50,1,23726.31,1,0,1,6440.95,15280.49,0.35
M0095040,N,65,1,4575.8,0,0,0,664.02,3045.49,1.32
M0095041,N,72,0,10822.79,0,1,0,1461.82,11985.74,1.04
M0095042,N,60,1,12725.6,0,1,0,3001.46,7214.12,0.7
M0095043,N,75,0,13068.42,0,0,0,4489.31,7591.53,0.02
M0095044,N,55,0,2774.51,0,0,1,1084.69,2338.7,0.0
M0095045,N,34,2,19270.23,0,1,0,3235.45,13783.87,1.55
M0095046,Y,75,3,244067.98,4,1,3,147705.01,68331.73,5.07
M0095047,N,45,1,28181.47,0,2,2,21278.51,10452.76,1.18
M0095048,N,18,1,3162.9,0,1,1,1359.26,3572.26,0.75
M0095049,N,49,1,10793.95,0,1,1,2343.78,11305.82,0.0
M0095050,N,57,0,4228.82,0,0,0,1639.67,3332.05,0.0
M0095051,N,57,1,7463.89,0,2,0,2085.05,5937.08,0.14
M0095052,N,56,3,8880.84,0,0,1,3494.6,8529.14,2.1
M0095053,N,56,1,6089.17,1,1,0,3525.17,3040.99,0.59
M0095054,N,57,0,11528.46,0,2,0,4303.94,6161.27,0.0
M0095055,N,36,1,6630.24,0,0,0,2421.3,3610.97,0.55
M0095056,N,44,1,22566.69,0,2,0,6539.38,20462.45,2.76
M0095057,N,24,1,15848.2,0,0,0,9820.36,12146.19,1.47
M0095058,N,24,2,9486.21,0,0,0,4255.93,7640.4,1.4
M0095059,N,75,1,34439.77,0,2,0,3342.07,28482.16,3.23
M0095060,N,45,0,17608.25,0,0,0,9954.14,8589.8,1.23
M0095061,N,80,1,8226.17,0,0,0,2316.03,4493.23,1.18
M0095062,N,57,2,12087.42,0,0,0,2964.85,7475.15,1.52
M0095063,N,34,0,9441.55,0,0,1,3951.18,7489.07,1.93
M0095064,N,71,0,6755.9,0,0,0,3436.5,3754.45,0.92
M0095065,N,74,2,31517.13,0,2,1,18200.97,12467.91,3.68
M0095066,N,79,0,26441.02,0,0,0,2752.14,24179.35,1.46
M0095067,N,49,1,17313.39,0,2,0,8293.45,10920.73,0.51
M0095068,N,51,0,12922.88,0,2,0,2120.01,10202.23,1.71
M0095069,N,77,3,15701.11,1,1,0,5021.51,12306.73,2.75
M0095070,N,33,3,28681.91,0,0,0,6669.88,17155.16,0.92
M0095071,N,28,2,11789.16,0,0,0,4505.17,5269.08,2.87
M0095072,N,37,0,42467.35,0,0,0,20687.47,13752.67,0.3
M0095073,N,42,2,8464.52,0,0,1,3118.85,5728.86,0.28
M0095074,N,55,0,7422.19,0,0,0,1630.55,4932.76,1.51
M0095075,N,41,0,11215.04,0,2,0,5797.22,3726.36,1.33
M0095076,N,40,0,22193.25,0,0,0,777.56,19031.6,1.01
M0095077,N,75,0,3784.91,1,0,0,1109.2,3409.85,0.38
M0095078,N,27,1,6669.46,0,1,2,1169.85,5004.2,0.63
M0095079,N,61,1,6965.74,1,1,0,474.78,5326.55,0.86
M0095080,N,77,0,10303.27,2,0,0,2132.73,8357.51,0.0
M0095081,N,75,1,28156.96,1,2,0,1606.71,21169.21,0.13
M0095082,N,44,1,17990.3,2,1,1,2622.75,15236.67,0.78
M0095083,N,31,0,15240.06,0,0,1,3190.46,14919.67,0.48
M0095084,N,25,1,7184.17,0,2,0,3912.54,4331.57,1.77
M0095085,N,38,1,5857.23,0,0,0,1586.37,4830.47,0.48
M0095086,N,59,1,48359.17,0,0,0,15058.86,26478.4,3.46
M0095087,Y,66,5,517960.22,2,3,5,133741.98,297940.26,5.94
M0095088,N,66,3,17666.91,0,1,0,15263.46,11213.22,0.0
M0095089,N,30,1,17802.6,0,2,0,5034.82,11714.28,0.0
M0095090,N,18,0,6790.0,0,0,0,701.48,10629.72,1.12
M0095091,Y,51,3,253027.54,5,2,4,227755.17,92321.66,3.24
M0095092,N,51,1,19608.86,2,2,2,7626.11,8592.69,1.37
M0095093,N,71,3,16828.78,0,2,1,4155.5,10078.45,0.0
M0095094,N,32,1,3107.73,0,0,0,1115.45,2549.16,0.26
M0095095,N,31,1,42364.31,0,1,1,1863.26,32647.91,2.7
M0095096,N,30,1,26791.92,0,1,0,8880.74,14355.87,0.49
M0095097,N,73,0,2071.77,0,2,0,1289.84,1748.08,0.4
M0095098,N,48,3,8271.75,0,3,0,1266.04,5575.93,1.71
M0095099,N,64,0,4171.91,0,0,1,5168.94,1323.1,1.05
M0095100,N,45,3,11457.59,1,0,1,4859.0,6285.6,1.02
M0095101,N,44,0,4486.69,0,0,0,2314.6,1976.84,0.88
M0095102,N,27,0,3327.25,0,1,1,1147.53,1862.02,0.0
M0095103,N,75,2,26349.93,0,0,1,2314.48,18588.39,0.45
M0095104,N,29,0,25654.77,1,1,0,8202.26,23344.44,1.06
M0095105,N,67,1,22434.71,0,1,1,2993.54,15799.78,0.96
M0095106,N,74,0,7526.04,0,1,0,1676.65,5467.05,1.53
M0095107,N,72,2,13569.84,0,0,0,4206.2,9708.47,0.89
M0095108,N,79,0,11206.66,0,0,0,2745.57,6553.58,1.05
M0095109,N,69,0,11156.33,0,2,0,1952.09,8646.22,1.98
M0095110,N,56,2,13506.64,0,0,1,7394.98,9831.55,1.02
M0095111,N,56,0,6828.18,0,1,0,2356.74,5713.69,0.18
M0095112,N,59,2,8512.78,0,0,1,7165.61,7433.29,2.46
M0095113,N,77,3,15868.66,0,3,0,8387.71,10319.97,0.59
M0095114,N,39,0,1791.69,0,0,0,617.71,2428.79,1.2
M0095115,N,44,0,17302.53,0,0,0,2548.19,14548.17,2.38
M0095116,N,32,0,6506.19,0,0,0,864.53,6028.83,0.73
M0095117,N,66,0,8647.55,0,0,1,3873.32,3349.55,0.0
M0095118,N,30,0,10439.5,1,2,0,5464.02,7340.05,0.34
M0095119,N,24,2,12985.68,0,1,0,3983.2,15619.69,1.28
M0095120,N,45,0,3905.38,0,1,0,1997.33,2108.13,0.0
M0095121,N,18,0,4444.87,0,1,0,1713.57,4354.57,0.34
M0095122,N,65,0,5202.74,0,0,1,1093.78,3132.07,0.3
M0095123,Y,44,4,200935.52,1,3,3,124571.81,152935.41,4.55
M0095124,N,47,1,4614.66,0,1,0,1320.21,5440.49,0.0
M0095125,Y,82,6,272103.89,4,5,4,133239.21,139033.05,7.7
M0095126,N,27,0,38653.58,0,1,1,4363.26,27107.04,2.34
M0095127,N,75,3,9518.47,0,0,0,2755.16,12617.24,0.82
M0095128,N,72,0,4639.42,0,0,1,3388.84,3986.99,1.97
M0095129,N,47,1,6425.66,0,2,0,3822.45,7316.49,0.0
M0095130,N,31,1,64315.21,1,0,0,6008.54,55497.23,2.51
M0095131,N,40,0,7721.39,0,0,1,783.72,8197.91,0.16
M0095132,N,41,0,3292.4,0,0,0,1469.27,1747.37,0.0
M0095133,N,29,1,59112.48,0,0,2,5194.73,51516.01,2.35
M0095134,N,47,0,9282.55,0,0,0,754.99,9107.37,1.25
M0095135,N,43,0,7516.84,0,0,3,5836.88,3928.92,0.35
M0095136,Y,48,5,186243.03,3,1,1,21801.56,134061.56,5.19
M0095137,N,54,1,6207.52,0,0,1,1829.43,4638.46,2.33
M0095138,N,80,0,7635.95,0,0,0,4924.88,8886.91,1.21
M0095139,N,64,2,6321.71,0,0,0,1222.07,4842.95,0.0
M0095140,N,76,2,6174.61,0,1,1,3044.23,3262.39,3.01
M0095141,N,56,0,38875.11,0,2,1,10944.73,19579.22,1.99
M0095142,N,65,2,31733.65,0,2,1,16813.14,21436.81,0.74
M0095143,N,75,1,21257.68,0,1,0,5637.3,12317.66,0.24
M0095144,N,36,2,43559.0,0,0,0,3351.8,33984.31,0.0
M0095145,N,69,2,29202.4,0,0,0,9080.19,39800.29,2.05
M0095146,N,46,0,7473.54,0,0,0,7211.94,6143.02,1.11
M0095147,N,32,2,8889.04,0,0,0,2858.5,6282.94,0.0
M0095148,N,63,0,8021.89,0,0,0,2136.27,5226.4,0.36
M0095149,N,38,2,7536.49,0,0,0,3806.53,7682.15,0.94
M0095150,N,60,0,13489.24,1,2,0,5652.03,5134.34,2.15
M0095151,N,44,0,15315.62,0,2,0,3176.93,11984.04,2.26
M0095152,N,18,1,8375.39,0,2,0,1406.14,8878.31,0.3
M0095153,N,26,1,30321.55,0,0,0,5144.81,20656.59,0.29
M0095154,N,23,1,6382.38,0,1,0,3214.25,5610.53,0.0
M0095155,N,75,2,12682.43,0,1,0,6620.04,9868.48,0.85
M0095156,N,32,1,13913.3,0,0,1,3842.03,9638.35,0.16
M0095157,N,19,0,9473.3,0,0,0,1546.62,7463.72,0.53
M0095158,N,80,0,16016.32,1,0,0,4541.07,8544.9,1.34
M0095159,N,69,2,5820.67,0,0,0,1464.55,4077.5,1.22
M0095160,N,64,1,9079.8,0,1,1,3369.29,4738.02,0.5
M0095161,N,32,2,21365.77,0,0,1,12727.63,8514.62,1.61
M0095162,N,71,1,20751.88,0,0,1,8667.94,9559.56,2.1
M0095163,N,58,0,3333.03,0,0,0,1546.3,2686.94,1.46
M0095164,N,79,0,1937.57,0,1,0,1375.98,1621.01,1.06
M0095165,N,42,0,17764.81,1,1,0,1325.76,14738.16,0.9
M0095166,N,27,0,3098.15,0,0,0,585.67,3534.22,0.99
M0095167,N,59,1,20549.94,0,1,0,2326.62,16191.41,0.0
M0095168,N,42,0,2505.05,0,0,0,384.47,1682.85,0.0
M0095169,Y,67,4,243887.47,3,3,1,82686.84,134230.85,4.07
M0095170,N,55,0,2912.72,0,0,0,829.36,3268.29,0.26
M0095171,N,54,0,4887.47,1,1,0,869.47,4031.41,1.15
M0095172,N,36,2,16414.8,1,2,1,2894.87,15759.47,1.82
M0095173,N,61,2,21446.62,0,1,0,11057.44,7089.81,2.58
M0095174,N,30,2,19167.51,0,2,1,6141.4,15577.78,2.07
M0095175,N,65,2,12842.61,1,2,0,6204.48,10108.52,0.92
M0095176,N,39,0,7861.99,0,1,0,1272.55,6500.19,0.0
M0095177,N,45,1,21446.19,0,1,0,687.23,16096.77,1.59
M0095178,N,60,2,26270.29,0,0,1,17035.71,4438.56,1.0
M0095179,N,28,1,3405.75,0,0,0,3007.44,3084.99,0.5
M0095180,N,37,2,11310.74,0,0,0,3912.18,9846.33,0.79
M0095181,N,66,0,23229.05,0,1,1,8569.1,12186.93,2.83
M0095182,N,55,0,4739.28,0,0,0,911.32,4514.1,1.29
M0095183,Y,78,5,135056.78,5,4,7,81091.51,93057.83,5.78
M0095184,N,61,0,5187.05,0,0,0,2154.87,4996.64,0.59
M0095185,N,42,0,12000.11,0,2,0,2500.53,10671.45,1.93
M0095186,N,69,3,11718.22,0,0,0,4046.9,10761.64,0.67
M0095187,N,65,2,7728.84,0,0,0,899.11,7173.9,1.82
M0095188,N,39,0,6073.55,1,0,0,2230.67,7279.15,0.0
M0095189,N,73,3,10826.78,1,1,0,3881.15,13297.06,1.71
M0095190,N,20,0,12377.33,0,2,0,2940.26,10156.26,2.53
M0095191,N,49,1,5006.34,0,0,0,1336.95,3671.64,0.59
M0095192,N,80,0,16968.09,0,0,0,4921.61,9210.2,2.88
M0095193,N,79,1,11683.1,0,0,1,3932.82,7909.61,1.29
M0095194,N,68,0,12197.87,0,1,0,864.7,9077.35,0.69
M0095195,N,33,1,10890.74,0,0,0,2975.85,8543.61,1.61
M0095196,N,28,0,17462.05,0,0,0,3292.56,27737.59,1.29
M0095197,N,40,0,15643.51,0,3,0,5313.21,7942.1,3.07
M0095198,N,53,0,6519.57,0,2,1,2782.6,3279.58,0.0
M0095199,Y,73,6,302712.27,1,2,4,119121.8,148357.4,4.96
M0095200,N,71,1,27328.08,1,1,1,11897.83,11715.28,2.3
M0095201,N,74,0,6647.51,0,1,0,4693.68,5301.64,0.0
M0095202,N,71,0,5515.06,0,0,0,1779.5,5300.17,0.33
M0095203,N,52,2,18804.34,0,2,0,7757.6,7102.46,0.41
M0095204,N,31,0,6751.34,0,1,0,1783.94,6970.53,0.68
M0095205,N,72,1,28065.89,1,1,1,6674.71,27664.58,0.77
M0095206,N,27,1,7848.67,0,2,0,1085.58,6868.28,2.32
M0095207,N,25,1,10624.59,0,0,0,2680.6,9786.24,1.21
M0095208,N,37,1,12285.44,0,1,0,1178.34,13787.82,1.65
M0095209,N,56,2,19676.66,1,0,0,4770.68,13934.73,1.88
M0095210,N,19,1,5123.28,1,2,1,2153.83,5242.36,0.43
M0095211,N,27,0,9659.71,0,3,0,2556.57,6871.39,0.49
M0095212,N,24,0,20383.27,0,0,0,2934.59,17572.81,2.29
M0095213,N,58,3,23377.53,0,1,0,7793.86,18483.9,2.6
M0095214,N,79,0,16951.25,0,1,0,7403.08,12699.32,2.56
M0095215,N,36,0,8953.9,0,0,2,3226.6,5495.7,2.17
M0095216,N,53,2,9784.71,0,1,0,7419.47,5658.47,1.06
M0095217,N,73,2,15975.83,0,0,1,4063.15,11019.32,1.98
M0095218,N,20,2,11704.51,0,0,0,622.99,8523.55,0.39
M0095219,N,69,0,5539.85,0,0,0,2055.7,5515.62,0.0
M0095220,N,28,0,26340.98,0,2,1,3645.31,22051.16,2.01
M0095221,Y,84,4,190827.78,4,4,2,66530.61,156630.5,3.43
M0095222,N,71,0,5862.46,1,2,0,2491.12,3111.21,1.08
M0095223,N,54,0,25828.97,1,0,0,2683.76,26372.39,1.43
M0095224,N,62,1,21490.1,0,0,0,21620.75,2924.17,0.76
M0095225,N,24,2,13562.61,1,0,1,7146.22,6759.71,1.15
M0095226,N,24,1,7263.74,0,0,2,1114.58,6297.81,1.84
M0095227,N,75,0,8921.51,0,0,0,2586.43,4899.86,0.93
M0095228,N,45,0,12802.6,0,1,0,3139.29,7649.24,0.0
M0095229,N,25,0,5879.28,0,0,0,1404.69,8965.96,0.76
M0095230,N,56,0,12250.03,2,0,0,4343.13,5548.19,1.25
M0095231,N,39,1,7741.68,0,3,0,4598.41,2484.22,2.11
M0095232,N,37,3,11595.9,0,2,0,4272.49,4924.2,1.01
M0095233,Y,74,7,139141.03,2,3,2,70014.54,97123.9,3.37
M0095234,N,78,1,5877.73,2,0,0,1903.23,6644.11,0.0
M0095235,N,58,0,15578.23,0,0,0,1209.33,14821.09,0.0
M0095236,N,49,1,13300.39,0,1,1,6295.58,10251.07,0.61
M0095237,N,42,1,6102.96,0,0,0,1433.75,6720.2,0.77
M0095238,N,20,1,14479.87,1,1,0,3267.77,8711.91,1.62
M0095239,N,27,0,17555.88,0,0,0,3586.88,16672.91,0.81
M0095240,N,38,1,14331.21,0,1,0,2825.17,9708.84,0.88
M0095241,Y,65,4,206130.65,3,5,3,119777.0,116238.82,3.26
M0095242,N,67,1,11850.83,0,0,0,5495.16,6015.54,0.92
M0095243,N,32,0,16927.73,0,0,0,1425.1,12316.65,0.22
M0095244,Y,37,5,202122.49,1,6,1,82903.68,151974.91,6.46
M0095245,N,29,1,3315.82,0,1,1,861.0,2262.08,1.94
M0095246,N,26,1,9326.82,0,0,1,1539.2,8006.91,0.66
M0095247,N,40,0,9170.25,1,1,0,1024.81,8536.2,1.66
M0095248,N,48,2,6061.8,0,1,0,1420.47,3884.04,1.09
M0095249,N,25,1,18680.21,0,0,1,5484.89,16003.36,1.22
M0095250,N,48,1,3701.26,0,0,0,731.26,3194.56,0.0
M0095251,N,30,0,5805.58,0,0,0,1076.99,3779.7,1.24
M0095252,N,77,1,13024.72,0,0,0,1362.52,11262.14,1.14
M0095253,N,76,1,24936.51,0,1,0,6182.6,13353.11,1.36
M0095254,N,60,3,50516.2,0,2,0,9718.24,40435.49,3.02
M0095255,N,38,3,29366.07,0,2,1,2430.82,26009.46,1.32
M0095256,N,77,1,8674.09,0,1,0,476.48,9115.21,1.3
M0095257,N,74,0,8007.98,0,1,0,1967.58,8726.56,1.77
M0095258,N,38,1,12518.62,0,1,1,3101.78,10147.97,0.82
M0095259,N,25,3,38779.23,1,1,0,8611.31,23858.59,1.31
M0095260,N,77,0,36309.54,0,3,0,4461.76,27252.09,0.0
M0095261,N,71,1,28458.88,1,1,0,12223.96,15308.11,1.46
M0095262,N,55,0,11837.26,0,0,0,4021.08,14664.46,0.7
M0095263,N,56,0,9300.53,1,2,1,2043.67,5930.45,0.68
M0095264,N,55,1,8397.4,0,1,0,1998.08,5424.27,0.92
M0095265,N,73,2,34539.94,0,1,0,15866.9,11994.29,1.72
M0095266,N,27,2,3458.76,0,0,0,1608.17,3523.41,1.32
M0095267,N,29,1,4798.98,0,1,0,684.7,4911.49,0.84
M0095268,N,24,0,2891.38,0,0,0,981.86,4227.53,1.05
M0095269,N,80,1,15634.53,0,0,0,4699.07,13282.84,1.71
M0095270,N,70,1,16269.27,0,0,1,5574.97,14557.49,0.41
M0095271,N,33,0,4558.14,0,0,0,2209.57,5231.49,0.0
M0095272,N,63,1,9302.45,0,0,0,2828.77,7624.72,1.25
M0095273,N,19,1,19521.44,0,2,1,3940.58,12316.99,2.59
M0095274,N,77,0,6440.35,0,0,0,3244.83,6335.94,0.38
M0095275,N,32,0,14514.9,0,1,1,2105.75,10047.69,1.3
M0095276,N,53,1,22554.79,0,0,0,4178.1,15892.53,0.0
M0095277,N,51,1,10947.73,0,2,0,7603.05,2970.78,0.59
M0095278,N,37,1,28387.64,1,2,0,11508.84,10778.27,2.36
M0095279,N,61,1,6583.02,0,1,0,4368.54,7132.46,1.11
M0095280,N,71,0,6629.36,0,0,1,2290.48,4216.02,0.66
M0095281,N,57,2,5289.65,1,1,0,3230.25,3208.48,1.03
M0095282,N,29,1,10909.34,0,0,0,10075.87,7388.82,1.65
M0095283,N,32,0,8477.52,0,1,0,2898.56,4386.6,0.45
M0095284,N,79,3,3278.75,0,1,0,1714.28,3666.86,1.09
M0095285,N,18,1,7717.16,0,0,0,1326.92,4832.08,0.0
M0095286,N,19,1,2519.54,0,1,1,887.44,1856.83,0.0
M0095287,N,52,1,5245.61,0,1,1,1444.03,3963.28,0.51
M0095288,N,59,0,9251.2,0,0,0,5793.44,5985.13,1.45
M0095289,N,41,0,4527.13,0,0,1,814.32,4644.57,0.61
M0095290,Y,58,6,224570.14,3,4,3,133629.86,81466.25,5.95
M0095291,N,73,1,6980.3,1,1,0,2305.89,8125.37,2.46
M0095292,N,53,3,11813.67,0,1,1,9312.61,6283.38,0.61
M0095293,N,77,1,8018.56,0,0,0,3477.66,3705.44,1.29
M0095294,N,53,0,10683.79,0,1,0,4658.63,7669.03,0.0
M0095295,N,53,1,37881.68,0,2,0,14927.73,19634.71,2.75
M0095296,N,76,2,11670.34,0,1,0,3469.88,6596.77,0.42
M0095297,N,54,1,9635.4,0,0,0,2824.69,4895.95,1.83
M0095298,N,76,0,10014.88,0,0,0,4665.99,5757.86,0.83
M0095299,N,51,3,28501.48,2,2,0,4676.82,21231.51,0.72
M0095300,N,24,2,5761.11,0,0,0,973.23,3528.85,0.56
M0095301,N,30,0,6342.37,0,1,0,2212.05,3498.83,0.0
M0095302,N,67,0,27604.18,0,1,0,3388.67,25355.15,2.17
M0095303,N,75,0,11861.77,1,0,2,6098.31,13376.67,0.86
M0095304,N,55,2,13295.1,1,0,0,6720.53,4431.95,0.0
M0095305,N,24,0,5809.79,0,0,0,3947.39,4345.33,0.86
M0095306,N,73,1,15591.55,0,0,0,3138.24,11330.85,0.85
M0095307,N,68,1,6283.54,2,0,1,2226.82,5856.93,0.62
M0095308,N,23,0,11435.93,1,0,0,749.07,9156.21,0.64
M0095309,N,63,2,13659.7,0,1,0,10762.49,5589.59,1.21
M0095310,N,53,0,11967.4,0,0,0,4841.74,5266.93,0.0
M0095311,N,68,0,13027.41,0,0,0,5943.45,5200.72,1.33
M0095312,N,51,1,11561.34,1,1,0,3355.6,14324.34,2.25
M0095313,N,76,0,10848.99,0,2,0,11959.03,5986.71,0.06
M0095314,N,59,0,5217.86,0,0,0,490.31,5080.35,0.52
M0095315,N,60,1,11005.47,0,0,0,2759.84,10423.36,1.87
M0095316,Y,85,6,515868.24,4,5,7,205955.41,237952.15,6.76
M0095317,N,51,1,7960.95,0,1,0,1585.32,9715.06,0.04
M0095318,N,64,0,16507.67,0,0,0,9572.07,6023.78,1.39
M0095319,N,52,3,17431.43,0,2,0,1662.97,17373.19,1.33
M0095320,N,34,0,5626.85,1,0,1,2196.33,3993.18,1.03
M0095321,N,58,0,3931.15,0,0,0,2642.22,3252.44,0.19
M0095322,N,42,1,19493.8,0,0,0,2363.76,17390.68,1.38
M0095323,N,49,2,7474.89,1,1,0,2301.04,10782.49,1.03
M0095324,N,41,1,8313.49,0,2,1,6389.43,2343.76,2.25
M0095325,N,60,2,22714.19,0,0,1,4026.66,22588.28,1.75
M0095326,N,74,0,5282.6,0,0,0,599.57,4029.88,1.77
M0095327,N,76,0,3916.28,2,1,0,1799.45,3482.48,1.28
M0095328,N,38,1,10445.42,0,1,0,3096.13,5918.54,1.67
M0095329,N,20,2,8936.56,0,0,1,4203.51,4746.77,0.59
M0095330,N,57,0,22890.81,0,1,0,4032.03,30979.8,1.17
M0095331,N,79,0,7692.28,0,3,0,1214.3,5298.03,0.0
M0095332,N,37,0,5268.88,0,0,2,2870.21,1454.82,1.38
M0095333,N,58,3,4256.58,0,0,0,1184.23,5323.99,0.0
M0095334,N,60,0,8069.39,0,1,0,2658.64,11597.38,2.01
M0095335,N,57,1,6993.11,0,0,0,3404.85,4584.41,0.0
M0095336,N,68,0,21879.3,0,2,0,7663.92,12462.04,2.27
M0095337,N,36,0,9190.06,0,1,0,4909.73,4330.23,2.31
M0095338,N,48,2,36831.17,1,2,0,5000.61,25554.47,0.69
M0095339,N,30,1,18599.57,0,0,1,5537.44,9718.91,1.25
M0095340,N,68,4,34853.25,0,0,0,23467.01,12018.28,1.97
M0095341,N,34,0,23990.63,0,0,0,8818.44,11253.53,1.05
M0095342,N,37,2,8301.38,0,0,0,5053.54,6879.46,2.46
M0095343,N,72,1,7321.18,0,0,0,1822.67,5051.45,1.29
M0095344,Y,54,4,337608.51,4,4,1,121601.46,208091.77,5.95
M0095345,N,74,1,9978.95,0,0,0,4333.79,4757.7,0.82
M0095346,N,63,0,18197.39,1,0,0,2160.27,12562.69,0.4
M0095347,N,60,2,10710.29,0,2,2,6082.72,9570.96,1.68
M0095348,N,69,2,20808.72,0,0,0,5398.02,21427.06,1.0
M0095349,N,43,1,5011.07,0,0,0,982.23,6976.44,0.83
M0095350,N,26,0,7213.52,1,0,0,1466.13,7553.95,1.83
M0095351,N,44,0,11738.81,0,0,0,3483.72,6936.17,0.0
M0095352,Y,47,4,322916.65,4,2,1,182693.04,109186.3,2.73
M0095353,N,64,0,9922.18,0,2,2,7805.04,6790.56,2.79
M0095354,N,18,1,8220.81,0,0,0,1458.22,10156.26,0.44
M0095355,N,33,0,4551.89,0,0,0,3152.14,3123.29,0.0
M0095356,N,59,2,10773.21,0,1,0,4704.74,7790.81,1.62
M0095357,N,43,2,16848.28,1,2,1,8424.47,11998.79,1.77
M0095358,N,70,1,13349.27,2,1,1,6601.9,4854.51,3.07
M0095359,N,41,1,14561.88,0,0,0,6053.49,10936.52,1.51
M0095360,N,73,0,6411.81,0,1,0,2260.1,4904.37,0.0
M0095361,N,80,2,16628.89,0,0,0,5872.04,11677.24,0.85
M0095362,N,27,0,4492.74,2,0,0,2228.95,5278.64,0.0
M0095363,N,58,0,4974.47,0,0,0,1317.78,6242.11,0.13
M0095364,N,29,0,11705.77,0,0,0,5699.01,11315.14,1.6
M0095365,N,65,2,8265.04,1,0,0,4353.41,5282.1,0.68
M0095366,N,66,0,6920.81,0,1,0,8533.62,3794.87,0.0
M0095367,N,27,0,20397.19,0,0,1,3551.55,13386.64,1.31
M0095368,N,60,3,15307.76,0,1,0,1953.21,12676.28,0.97
M0095369,N,45,0,8425.51,0,0,0,1468.16,5143.5,0.33
M0095370,N,32,0,17786.95,0,0,1,5004.93,9202.0,1.18
M0095371,N,23,1,9558.46,0,1,0,3139.37,6615.02,1.45
M0095372,N,58,1,36386.92,0,1,0,11303.7,18093.44,1.8
M0095373,N,47,0,14669.19,0,2,1,1407.64,17844.76,0.45
M0095374,Y,78,5,302436.3,5,7,7,55365.23,272077.5,4.57
M0095375,N,21,3,27229.51,0,0,0,20122.29,9245.33,0.63
M0095376,N,78,0,10053.05,0,0,2,3214.54,6950.6,0.54
M0095377,Y,42,4,252797.46,3,2,3,64275.27,157809.83,4.66
M0095378,N,33,0,20119.79,0,0,0,4026.79,12600.66,1.16
M0095379,N,48,2,49788.33,0,2,0,11043.46,34947.69,2.21
M0095380,N,36,1,7998.51,1,1,0,4841.59,7927.93,0.32
M0095381,N,49,1,32365.7,0,0,0,8939.4,17712.94,0.52
M0095382,N,59,0,16152.35,1,1,1,1780.32,12793.77,0.74
M0095383,N,39,1,4397.24,0,0,0,2616.89,5260.8,0.9
M0095384,N,59,3,31739.15,0,1,0,4933.8,22814.79,0.0
M0095385,N,24,2,18311.69,0,2,1,7241.74,9875.11,1.31
M0095386,N,40,0,11464.48,0,0,0,1345.55,13073.98,0.11
M0095387,N,46,1,10593.02,0,1,0,707.31,14164.7,0.0
M0095388,N,59,1,20546.22,0,1,2,4340.98,13627.86,1.1
M0095389,N,68,2,5350.02,0,1,0,2688.43,3271.74,1.9
M0095390,N,62,2,7749.25,0,2,0,5155.31,6464.47,0.51
M0095391,N,42,2,12800.06,1,0,0,1714.11,9210.63,1.37
M0095392,N,39,2,23227.98,0,0,1,18624.0,13171.77,0.98
M0095393,N,28,0,15232.77,0,2,0,8354.34,6756.48,1.48
M0095394,N,50,3,6160.53,0,0,0,1460.22,5792.76,0.89
M0095395,N,47,1,8815.6,0,1,0,2285.94,7285.46,0.03
M0095396,N,20,1,3399.82,0,1,0,3024.4,2748.79,0.71
M0095397,N,57,2,9683.97,0,1,1,3559.41,5619.01,0.88
M0095398,N,21,0,1304.93,0,1,0,613.23,1653.12,0.0
M0095399,N,70,2,25280.59,0,0,0,7848.45,18703.05,2.16
M0095400,Y,48,4,150408.04,3,4,2,59772.79,91133.82,2.67
M0095401,N,64,1,6462.24,0,0,0,2974.44,8181.92,1.23
M0095402,N,55,1,5964.08,0,1,0,3308.91,4863.8,1.69
M0095403,N,35,1,7116.0,0,0,0,1425.5,7505.63,0.75
M0095404,N,20,1,14244.91,1,2,0,3305.46,18304.05,1.46
M0095405,N,57,2,3392.86,0,2,0,885.42,5182.53,0.29
M0095406,N,47,2,30840.48,2,2,0,3752.87,37609.53,0.0
M0095407,N,68,1,25840.39,0,0,1,13678.17,16065.57,1.66
M0095408,N,48,1,9330.83,0,1,1,7057.65,8138.44,2.3
M0095409,Y,48,5,152576.67,5,5,4,88719.0,102745.57,4.92
M0095410,N,62,1,11835.26,0,2,0,1764.9,7547.18,0.58
M0095411,N,50,0,6714.89,0,0,1,2552.64,3123.92,1.08
M0095412,N,64,1,22532.65,0,0,0,3496.72,19134.0,0.0
M0095413,N,43,0,4273.93,0,2,0,792.61,4268.67,1.61
M0095414,N,26,1,22292.31,0,1,0,1995.96,21957.3,2.94
M0095415,N,18,0,3420.88,0,1,0,627.07,5555.6,0.85
M0095416,N,33,0,4520.92,0,0,0,1486.86,5728.3,0.94
M0095417,N,49,2,18113.15,0,1,2,1305.13,13524.07,0.23
M0095418,N,70,0,1334.15,0,1,1,459.14,1153.36,0.0
M0095419,N,31,1,27227.59,0,2,0,29541.37,11254.94,3.27
M0095420,N,30,1,5748.78,0,0,0,6106.76,3354.4,0.22
M0095421,N,44,1,4666.36,0,0,0,1826.8,4542.5,1.49
M0095422,N,58,0,3933.07,1,0,0,792.86,4678.37,1.08
M0095423,N,26,1,6191.83,0,0,1,4200.89,5925.94,1.61
M0095424,Y,71,6,279609.52,3,5,6,67800.18,270302.35,7.63
M0095425,N,40,1,4131.96,1,1,0,1608.7,1871.86,0.44
M0095426,N,22,4,6172.95,0,0,0,3166.14,4393.05,0.8
M0095427,N,19,0,5134.67,1,2,1,1107.69,5622.16,0.33
M0095428,Y,38,6,385302.27,2,3,4,151480.51,243461.84,5.56
M0095429,N,58,0,12509.07,2,0,0,2201.74,8397.16,1.96
M0095430,N,55,0,7919.14,0,0,1,2261.08,9082.29,1.01
M0095431,N,19,3,21121.85,1,1,0,1655.8,26772.21,1.75
M0095432,N,41,0,6560.79,0,2,0,2212.93,3369.92,0.01
M0095433,N,59,0,12458.54,0,0,0,3701.83,7990.3,2.12
M0095434,Y,37,7,234251.87,2,4,1,95147.84,218617.09,4.78
M0095435,N,67,1,24495.95,0,0,1,5522.53,27609.31,0.68
M0095436,N,42,0,10209.97,0,3,2,6135.41,6589.03,1.0
M0095437,N,54,0,18930.9,0,1,0,11473.49,3626.09,0.62
M0095438,N,43,0,27445.5,1,5,0,9606.23,18544.72,2.67
M0095439,N,69,2,5182.8,0,0,0,1140.3,7036.46,1.08
M0095440,N,39,0,6990.36,0,0,0,1239.81,6428.74,0.96
M0095441,N,54,1,20496.94,1,1,1,8298.88,8093.18,0.08
M0095442,N,23,3,15949.99,0,2,1,7164.09,15953.47,2.53
M0095443,N,29,3,26154.31,1,1,1,3862.27,17489.0,1.0
M0095444,N,60,2,5330.41,1,0,0,1224.47,3521.87,0.0
M0095445,N,45,1,6407.92,1,0,0,5896.43,2495.74,1.25
M0095446,N,66,0,11781.17,0,2,0,5233.72,14951.46,0.57
M0095447,N,53,2,11433.12,0,1,1,4384.82,5941.66,0.92
M0095448,N,68,2,19099.35,1,2,0,7595.74,13566.78,1.15
M0095449,N,49,1,15692.2,0,2,1,2248.91,11934.68,0.9
M0095450,N,33,2,6764.44,0,0,0,1450.92,5856.46,2.36
M0095451,N,79,1,23021.27,1,0,0,8729.1,25459.12,1.76
M0095452,N,48,1,9247.03,0,0,0,2215.7,12292.25,2.59
M0095453,N,46,2,5512.14,0,1,0,3323.6,3566.62,0.84
M0095454,N,80,1,11393.2,0,0,0,5702.17,12555.48,1.03
M0095455,N,61,2,21152.4,1,2,1,6808.3,11885.76,1.64
M0095456,N,46,3,4548.92,0,0,0,1035.49,2680.53,0.2
M0095457,N,72,1,21990.99,0,2,0,13293.63,15188.74,2.2
M0095458,N,29,0,7045.47,0,0,1,2121.72,4037.48,0.62
M0095459,N,19,0,31185.14,0,0,0,10375.53,17360.36,1.73
M0095460,N,30,0,4939.79,0,1,0,1358.72,6983.05,0.71
M0095461,N,27,2,7964.29,0,1,1,4964.69,8180.18,2.22
M0095462,N,73,1,31949.26,0,0,0,4781.98,27335.32,0.44
M0095463,N,69,1,6268.94,0,2,1,887.58,5147.3,0.93
M0095464,N,37,2,22679.19,0,0,1,15361.2,7280.32,0.99
M0095465,N,75,0,7165.67,0,0,0,3000.56,4697.26,1.62
M0095466,N,79,2,13224.47,1,0,0,5129.89,5653.88,0.0
M0095467,N,50,1,3628.53,1,0,1,1001.11,2698.29,2.71
M0095468,N,44,0,12880.29,0,1,1,11826.41,6289.23,0.67
M0095469,N,80,0,18811.65,0,0,0,306.58,18432.91,1.43
M0095470,N,51,0,9246.82,0,0,0,1534.16,8628.11,1.12
M0095471,Y,65,5,112853.35,3,1,3,52709.0,91912.02,2.57
M0095472,N,18,0,7081.02,0,1,1,1995.43,4234.37,1.54
M0095473,N,28,2,4776.56,0,1,0,1881.56,3154.25,0.51
M0095474,N,42,2,9888.13,0,0,0,8849.65,5282.11,2.39
M0095475,N,78,0,3092.78,1,0,0,1924.13,3644.54,1.19
M0095476,N,65,3,28502.21,0,0,1,9657.36,21474.79,1.51
M0095477,N,33,2,6728.67,0,3,0,2281.04,4950.39,0.8
M0095478,N,74,1,7402.51,1,1,0,1357.8,8929.16,1.12
M0095479,N,49,1,15018.09,0,0,0,1098.71,20381.5,2.07
M0095480,N,29,1,7069.85,0,1,0,3562.32,9259.2,1.61
M0095481,N,78,0,7752.28,1,1,0,1010.9,6404.1,0.0
M0095482,N,69,1,17405.21,0,1,0,2457.82,13334.79,0.03
M0095483,N,50,1,5572.89,1,2,0,2212.3,7725.83,1.31
M0095484,N,56,1,12329.39,0,0,0,1487.06,19571.5,1.79
M0095485,N,59,1,11129.35,1,0,1,3454.89,12660.59,0.82
M0095486,N,54,0,16541.66,1,2,0,5820.33,10088.86,1.05
M0095487,N,52,0,5591.31,0,1,0,2241.42,3517.95,0.53
M0095488,N,65,1,8649.64,0,1,0,5057.49,8923.58,2.39
M0095489,N,79,0,23076.93,0,0,0,2565.92,19721.89,2.18
M0095490,N,27,1,3031.58,0,0,0,982.42,3380.48,2.26
M0095491,N,46,0,11820.29,0,1,1,2997.22,7590.33,0.0
M0095492,N,32,0,2515.41,0,0,0,326.18,2242.83,1.03
M0095493,N,54,1,8853.8,0,0,1,5248.06,4490.72,1.61
M0095494,Y,66,2,207585.12,2,1,3,81902.99,147620.99,4.21
M0095495,Y,79,6,185687.47,5,6,4,104228.19,122374.22,5.01
M0095496,N,19,0,8902.47,0,1,0,4746.69,9185.22,2.38
M0095497,N,62,1,20221.94,0,1,0,6971.77,12662.12,2.18
M0095498,N,66,2,12772.97,0,1,0,5516.84,10063.11,1.87
M0095499,N,69,1,28853.36,0,1,0,19944.93,3635.48,0.41
M0095500,N,49,0,8789.92,0,1,0,1468.73,7143.38,0.3
M0095501,N,61,2,3923.62,0,1,0,504.79,3991.06,0.43
M0095502,N,37,0,9588.51,0,1,0,260.81,8421.37,1.22
M0095503,N,36,1,22993.2,0,1,0,3985.86,26321.61,0.42
M0095504,N,46,1,2453.32,0,0,0,1089.0,2348.16,1.72
M0095505,N,69,0,8738.19,0,0,0,3963.78,7413.47,1.74
M0095506,N,31,1,19167.43,0,2,0,2312.26,16952.08,0.91
M0095507,N,77,2,16239.94,0,1,0,7003.78,8551.99,0.12
M0095508,N,54,1,8076.71,0,0,0,6803.7,3256.93,0.31
M0095509,N,39,1,17794.46,0,1,0,16460.38,6831.41,1.79
M0095510,N,18,2,14050.84,0,1,1,3756.32,18246.53,1.49
M0095511,N,45,4,11810.42,0,1,0,9360.76,8487.41,1.14
M0095512,N,28,3,3155.32,0,1,0,745.93,2487.37,0.0
M0095513,N,62,3,8097.52,0,0,1,3864.44,3704.19,0.07
M0095514,N,42,0,6394.22,0,1,0,899.67,9930.92,0.01
M0095515,Y,75,4,285731.2,3,6,5,99322.35,157065.68,5.11
M0095516,N,38,1,10012.83,0,0,0,5358.72,6904.72,0.89
M0095517,N,18,2,6309.31,0,0,0,576.28,4466.4,0.01
M0095518,N,24,0,7484.32,0,0,0,349.6,5594.59,0.0
M0095519,N,25,2,36075.49,0,0,0,9737.65,40390.48,1.38
M0095520,N,54,0,34352.37,0,2,0,11052.3,29712.82,0.88
M0095521,N,50,2,7849.91,1,0,1,2441.58,10900.74,2.16
M0095522,N,78,1,10312.95,0,0,2,7363.75,2757.35,1.15
M0095523,N,24,2,3540.39,0,1,0,1772.0,2141.43,0.31
M0095524,N,70,2,5468.86,1,0,0,509.27,4525.41,0.33
M0095525,N,28,0,12800.12,1,2,0,7828.37,3527.89,0.91
M0095526,N,54,1,22888.87,0,0,1,2488.5,15835.12,1.96
M0095527,N,79,0,9692.32,0,0,0,4786.12,5602.28,1.88
M0095528,N,60,1,13964.78,1,0,0,7312.2,4941.67,1.18
M0095529,N,21,0,3044.42,0,1,0,664.54,3216.75,2.3
M0095530,N,68,2,16872.7,0,0,0,1303.8,12301.18,1.55
M0095531,N,50,1,901.0,0,0,0,577.45,712.55,0.46
M0095532,N,72,3,11034.84,0,1,0,3618.41,5157.33,1.14
M0095533,N,76,1,7904.19,0,0,0,2413.44,4093.29,0.26
M0095534,N,44,2,8648.06,1,3,0,3079.99,3789.79,2.59
M0095535,N,36,2,17555.71,0,0,0,4605.98,13928.91,1.55
M0095536,N,52,0,4871.13,1,0,0,1980.96,2807.58,1.23
M0095537,N,57,0,6289.54,0,0,1,1029.0,4556.57,1.34
M0095538,N,27,0,9641.65,1,1,0,3949.3,9451.97,0.93
M0095539,N,18,0,14504.37,0,1,1,3574.64,15074.52,1.16
M0095540,Y,56,7,481372.04,3,7,6,230629.89,232161.31,7.59
M0095541,Y,64,5,234084.18,5,4,3,109648.08,92854.5,4.03
M0095542,N,29,1,16586.26,0,0,1,12144.62,2233.78,1.03
M0095543,N,34,0,15365.23,0,0,0,3123.54,11482.15,1.31
M0095544,N,74,2,10391.61,0,0,0,3945.42,10289.03,0.55
M0095545,N,52,1,19206.34,0,0,0,6003.61,10279.52,0.0
M0095546,Y,75,4,327501.2,3,5,2,176250.23,168884.35,5.42
M0095547,N,28,2,10814.52,1,2,0,4227.85,6886.66,0.83
M0095548,N,43,1,8637.84,0,1,0,764.51,6275.29,1.79
M0095549,N,19,1,13113.52,1,2,1,1087.13,10236.81,1.14
M0095550,N,21,1,3048.14,0,0,0,1403.54,1834.67,0.8
M0095551,N,77,0,2236.61,0,0,0,1981.78,1824.42,2.22
M0095552,N,77,0,10951.19,0,1,0,3506.49,9127.86,1.19
M0095553,N,78,2,4520.83,1,2,2,1011.12,6839.06,1.42
M0095554,N,25,2,6390.43,0,2,0,3885.42,3092.64,0.63
M0095555,N,62,0,9097.6,1,0,0,2884.42,7467.17,1.04
M0095556,N,25,2,11683.46,0,0,0,1268.67,11309.54,1.45
M0095557,N,76,1,19993.7,1,1,0,3122.12,12703.44,1.53
M0095558,N,64,2,13781.76,0,2,1,5610.41,5847.88,1.35
M0095559,N,57,1,14248.84,1,2,1,1797.64,12329.33,1.21
M0095560,N,64,0,5555.07,0,2,0,2559.93,3896.86,0.48
M0095561,N,61,0,18791.02,0,1,0,2208.52,12757.54,2.05
M0095562,N,68,1,18187.09,0,1,0,2875.64,11759.37,2.5
M0095563,N,74,2,13986.9,0,1,0,6239.55,6972.39,0.83
M0095564,N,29,2,6247.31,0,0,0,626.41,6185.66,0.0
M0095565,N,49,2,19355.94,0,1,0,17147.57,16133.48,2.29
M0095566,N,76,0,8909.87,2,1,0,7045.68,4103.16,1.54
M0095567,N,77,1,4104.6,1,1,0,3061.89,2605.83,2.79
M0095568,N,71,2,42354.86,1,2,1,16185.74,26310.77,1.35
M0095569,N,77,3,15700.35,0,1,1,5324.55,15448.05,1.94
M0095570,N,21,1,7903.31,0,0,1,1976.17,6994.28,1.71
M0095571,N,74,2,12946.75,0,1,1,8190.8,10590.25,1.74
M0095572,N,25,2,15994.41,0,1,2,3390.0,12742.8,2.89
M0095573,N,76,1,12571.86,0,2,0,6488.74,6872.01,0.55
M0095574,N,44,0,4246.69,0,0,0,1004.16,5595.43,1.48
M0095575,N,41,0,5988.57,0,2,1,1755.54,5610.51,2.27
M0095576,N,59,2,18794.63,0,1,0,1984.39,18346.78,0.96
M0095577,N,22,0,7221.75,0,1,0,2334.78,5151.56,0.15
M0095578,N,68,3,17151.0,0,0,1,1206.59,14137.42,0.36
M0095579,N,70,1,10648.5,0,1,0,4536.56,4519.97,0.78
M0095580,N,32,2,4364.66,0,0,0,1446.38,2225.49,0.43
M0095581,N,56,0,19448.0,1,0,0,1804.88,18172.87,0.86
M0095582,N,66,1,9732.48,0,1,0,2471.25,13848.39,1.48
M0095583,N,60,1,24444.16,0,0,0,5636.18,16871.74,0.64
M0095584,N,25,0,5761.53,0,1,0,2997.35,4176.2,0.0
M0095585,N,18,0,8641.19,0,1,0,2431.1,12764.39,1.74
M0095586,N,55,3,9487.11,2,1,0,8000.8,6092.31,1.58
M0095587,N,73,1,12749.82,0,0,0,4251.34,7373.98,0.77
M0095588,N,25,2,14513.12,0,0,0,3383.33,11857.27,1.81
M0095589,N,25,0,7014.05,1,1,0,2165.46,4199.08,0.05
M0095590,N,22,1,3244.77,0,0,0,775.11,1896.47,1.21
M0095591,N,65,0,10130.28,0,1,0,5163.35,8258.41,0.9
M0095592,N,79,2,31170.97,1,0,0,6635.42,18685.55,2.1
M0095593,N,19,3,28648.8,1,1,1,9509.69,23155.69,2.33
M0095594,N,55,1,13441.44,0,0,0,11665.97,8457.52,0.53
M0095595,N,76,1,16487.64,0,0,0,1946.66,11388.49,1.25
M0095596,N,50,0,5223.87,0,1,0,3317.7,1685.12,0.19
M0095597,N,41,3,31381.02,2,1,0,3548.2,28680.43,2.05
M0095598,N,19,0,20909.65,0,1,0,13533.44,7020.89,1.15
M0095599,N,19,2,16790.79,1,3,0,4751.06,11850.33,1.05
M0095600,N,28,0,17067.88,0,2,0,7995.73,18521.76,1.65
M0095601,N,22,0,3751.36,0,0,0,4729.7,754.09,0.65
M0095602,N,58,0,22562.23,0,0,0,9117.7,8756.44,1.44
M0095603,N,60,1,40443.63,1,1,1,7828.98,32808.19,1.44
M0095604,N,64,0,6728.32,1,0,0,3240.46,5519.64,1.2
M0095605,N,66,1,11577.16,0,0,2,4397.19,10419.12,0.56
M0095606,N,48,1,18254.57,0,0,0,2188.96,16746.04,2.28
M0095607,N,76,0,20838.99,0,2,1,9803.01,7481.95,2.21
M0095608,N,56,2,24710.21,0,1,0,2917.84,20715.22,1.96
M0095609,Y,60,7,309951.5,4,6,7,137957.42,207623.12,5.9
M0095610,N,51,2,11202.62,0,0,0,886.37,14808.26,1.27
M0095611,N,72,0,12237.56,0,1,0,1675.97,11817.3,0.57
M0095612,N,22,0,2985.0,0,0,0,1379.98,2914.04,0.14
M0095613,N,26,0,9853.08,2,0,0,4053.04,8285.99,0.0
M0095614,N,56,0,7861.07,1,0,0,2565.06,6501.95,1.25
M0095615,N,43,0,14889.67,0,0,0,1087.79,11419.09,0.29
M0095616,N,74,0,45379.77,0,2,1,5072.1,33448.22,1.33
M0095617,N,75,2,8223.32,0,1,0,3784.42,6131.13,0.33
M0095618,N,23,1,3857.34,0,0,0,553.88,3066.06,2.05
M0095619,N,35,0,6535.48,0,0,0,301.78,5135.72,0.59
M0095620,N,79,0,11367.68,0,0,1,2498.55,13258.16,1.03
M0095621,N,29,0,6460.11,1,2,0,1102.17,9652.06,2.36
M0095622,N,75,1,7597.03,0,1,1,2469.77,6153.38,0.15
M0095623,N,24,2,14223.31,0,0,0,7987.75,12260.5,2.09
M0095624,N,49,3,19151.21,0,1,0,516.62,21097.25,1.9
M0095625,N,42,1,4270.87,0,0,0,2478.47,3520.43,0.86
M0095626,N,30,1,8159.86,0,2,1,4917.02,9047.44,1.51
M0095627,N,76,2,26134.76,1,2,0,3582.23,18128.46,2.09
M0095628,N,56,0,2547.41,0,0,0,932.73,2241.87,1.38
M0095629,N,24,2,4256.54,0,0,0,1854.4,2171.19,0.64
M0095630,N,76,1,5149.41,0,2,0,3065.53,5192.34,0.0
M0095631,N,19,2,3389.58,0,0,1,1947.26,1683.91,0.0
M0095632,N,21,0,15603.77,0,0,0,3294.01,11401.39,1.62
M0095633,N,64,2,14584.83,0,2,0,13949.4,4199.52,2.02
M0095634,N,42,1,10944.62,0,0,0,2257.26,7102.67,1.8
M0095635,N,20,1,10826.51,0,2,0,5483.82,3769.9,0.26
M0095636,N,42,1,13356.66,0,2,0,3382.15,8298.26,1.77
M0095637,N,20,0,19311.35,0,1,0,1817.98,14486.98,2.11
M0095638,N,37,2,25681.98,0,2,0,5247.58,24227.04,0.84
M0095639,N,19,0,4440.64,0,0,0,1298.64,3764.34,0.78
M0095640,N,47,2,4821.04,0,1,0,1252.27,3702.59,1.3
M0095641,N,76,1,8231.51,0,1,0,2286.26,7674.17,1.8
M0095642,N,52,2,25636.71,1,0,0,13753.72,18234.35,0.95
M0095643,Y,44,4,208661.71,2,4,4,58194.23,185417.13,3.42
M0095644,N,62,3,29081.71,1,0,0,1499.94,23972.91,0.94
M0095645,N,44,0,10937.57,0,0,0,1460.24,8558.72,1.1
M0095646,N,37,2,9402.16,0,0,0,1687.35,13326.86,1.11
M0095647,N,38,3,9469.71,0,1,1,2782.36,8497.18,0.57
M0095648,N,75,0,16118.92,0,0,0,4618.81,9151.33,2.3
M0095649,N,53,1,12141.16,0,1,0,7460.8,7886.78,1.98
M0095650,N,67,0,10272.13,0,0,0,2627.94,5597.51,0.66
M0095651,N,68,0,18629.06,0,2,3,2832.86,14874.7,1.76
M0095652,N,74,1,1797.73,0,0,0,783.4,2482.33,1.28
M0095653,N,49,0,11636.8,0,0,0,6851.25,3758.09,0.89
M0095654,N,57,1,22932.76,0,1,0,2395.5,27557.77,2.0
M0095655,N,31,3,16410.43,1,1,0,5211.83,13184.2,2.04
M0095656,N,32,1,6144.57,0,0,1,655.1,5629.03,1.42
M0095657,N,23,1,11186.6,0,1,0,1499.89,9935.62,0.58
M0095658,N,44,0,6164.16,0,0,0,2667.29,3849.85,0.71
M0095659,N,63,2,1848.42,0,0,1,437.08,1220.6,1.5
M0095660,N,60,0,6511.07,0,1,0,4907.98,5219.47,0.7
M0095661,N,72,3,78135.71,0,0,1,15316.79,46900.34,2.61
M0095662,N,22,1,17081.2,0,0,2,5455.38,10216.52,1.78
M0095663,Y,39,4,319386.91,2,4,1,159862.72,108617.31,4.38
M0095664,N,56,0,2755.36,0,0,0,1227.67,2007.18,0.6
M0095665,N,21,1,8573.25,0,0,0,2005.49,8846.27,0.14
M0095666,N,54,3,13713.84,1,3,1,9541.69,8121.12,0.98
M0095667,Y,55,3,89952.1,2,1,1,58829.57,37162.27,3.95
M0095668,N,47,2,3744.88,0,2,0,1784.4,2395.32,1.36
M0095669,N,66,1,6609.24,0,0,0,3343.55,4297.25,0.8
M0095670,N,41,2,8560.59,1,1,1,3726.67,8370.26,0.51
M0095671,N,37,1,4453.31,0,1,0,800.38,2976.99,0.0
M0095672,N,61,1,17394.49,0,1,1,6301.84,8977.43,0.0
M0095673,N,21,0,11091.67,0,1,0,1556.62,10226.45,0.67
M0095674,N,56,0,10920.88,0,0,1,4934.42,10604.97,0.75
M0095675,N,53,3,19256.13,0,2,0,6308.12,18256.91,2.23
M0095676,N,28,1,21866.59,1,2,0,4154.44,13456.76,2.3
M0095677,N,58,1,13089.52,1,2,1,1057.22,18524.23,0.41
M0095678,N,21,2,24019.08,1,2,0,4959.91,18559.89,2.21
M0095679,N,54,0,7205.78,0,0,0,3430.68,4016.51,2.63
M0095680,N,20,0,4507.58,0,0,0,1783.76,3919.66,0.03
M0095681,N,70,1,10497.22,1,1,0,4908.61,3611.83,1.47
M0095682,N,65,2,30023.32,0,1,0,11097.16,20664.36,1.93
M0095683,N,80,1,7933.75,0,1,0,3510.75,4876.16,0.31
M0095684,N,64,0,5123.73,1,0,0,414.88,4259.73,1.25
M0095685,Y,85,5,170171.69,3,6,4,52664.65,175076.83,4.04
M0095686,Y,42,8,148797.97,4,2,2,84367.19,125877.34,6.16
M0095687,N,71,2,17462.42,1,1,1,3421.49,22774.06,2.5
M0095688,N,27,0,9422.93,0,0,0,4255.12,4835.63,1.7
M0095689,Y,85,3,349739.64,2,5,2,121028.89,227980.73,6.26
M0095690,N,56,1,10370.48,0,1,0,1688.44,15502.7,1.47
M0095691,N,42,1,12489.51,0,1,1,4309.31,10532.21,1.64
M0095692,N,56,2,15598.73,0,2,0,2816.86,9435.66,0.83
M0095693,N,80,1,34242.55,0,0,0,5634.12,24198.23,2.93
M0095694,N,37,1,13510.07,0,0,0,1486.0,13931.34,0.09
M0095695,N,50,0,13331.07,0,1,0,3141.6,7417.56,1.19
M0095696,N,32,1,11256.28,1,0,0,4272.58,5768.81,1.51
M0095697,N,52,2,5664.06,0,0,0,2114.15,5154.92,0.85
M0095698,N,34,2,6515.08,0,0,0,3852.48,4775.71,0.5
M0095699,N,57,2,10606.21,0,1,0,3542.15,11951.49,2.15
M0095700,N,26,1,8849.85,0,1,0,2804.83,12458.4,1.36
M0095701,N,55,3,16227.39,0,0,1,4741.49,8803.46,2.94
M0095702,N,71,0,11286.04,0,1,0,1677.41,7949.05,1.72
M0095703,N,18,0,7888.64,0,0,2,4837.59,5640.14,0.65
M0095704,N,55,1,13840.33,0,0,0,1443.49,9695.48,0.62
M0095705,N,76,0,5738.68,0,1,0,3013.93,5608.3,1.67
M0095706,N,69,3,57932.1,0,0,1,7844.54,53436.01,2.47
M0095707,N,21,1,3262.41,0,1,0,992.2,4018.33,0.68
M0095708,N,24,1,4152.23,0,0,0,1803.71,2237.12,0.07
M0095709,N,76,0,13253.71,0,1,0,10114.85,8749.02,2.48
M0095710,N,37,0,5916.3,1,0,0,2318.07,7961.73,0.0
M0095711,N,38,1,3636.82,0,1,0,1358.72,5115.95,0.82
M0095712,N,36,2,12978.49,0,0,0,1171.29,9978.98,1.27
M0095713,N,59,0,3212.33,0,0,0,709.72,2273.46,0.0
M0095714,N,59,1,8628.37,0,0,1,787.2,6538.21,1.12
M0095715,N,45,2,27132.87,0,2,1,1617.21,32061.68,2.62
M0095716,N,61,2,16136.48,0,1,0,11549.44,9287.9,2.05
M0095717,N,28,0,8953.62,0,0,0,872.31,8471.72,0.5
M0095718,N,18,1,8322.01,0,0,0,3380.01,8925.44,1.14
M0095719,N,56,0,4378.6,0,0,0,475.82,5448.38,0.34
M0095720,N,51,1,12199.32,0,2,0,2841.29,19027.42,2.61
M0095721,N,37,3,29936.4,0,1,0,6900.06,17695.16,1.19
M0095722,N,73,2,5278.39,0,0,1,1362.0,3109.04,0.82
M0095723,N,31,0,17258.72,0,1,0,7837.23,7462.33,0.86
M0095724,N,21,2,14898.08,0,0,0,4261.24,19251.86,0.67
M0095725,N,62,1,20029.39,1,1,1,3716.52,15063.65,0.37
M0095726,N,24,0,9522.15,0,0,0,7786.99,5533.15,0.07
M0095727,N,72,0,4639.25,0,0,0,2240.67,2439.15,1.8
M0095728,N,75,1,10749.65,0,1,0,1797.26,10426.53,0.23
M0095729,N,57,3,13472.96,0,0,0,1841.58,10399.86,1.42
M0095730,N,59,0,6071.86,0,1,0,1393.24,5762.65,0.0
M0095731,N,32,2,6083.46,0,0,0,775.77,4079.31,1.33
M0095732,N,38,0,15292.84,0,1,0,1984.2,11638.84,0.0
M0095733,N,57,1,12430.38,1,0,1,4253.22,8260.81,2.17
M0095734,N,46,0,6157.66,0,0,0,582.73,4768.69,0.01
M0095735,N,22,0,6610.01,0,0,0,2378.32,6973.83,0.0
M0095736,N,64,0,5753.37,0,0,0,996.77,3622.78,0.0
M0095737,N,21,1,4112.11,0,0,0,1052.71,5317.57,0.0
M0095738,N,45,2,7976.4,0,0,0,2714.46,5652.38,0.64
M0095739,N,33,2,5493.16,0,1,1,475.72,6223.88,0.64
M0095740,N,32,0,7786.34,0,0,0,4827.88,7721.9,0.11
M0095741,N,23,1,14278.64,0,1,0,1904.26,18083.92,0.76
M0095742,N,68,0,12913.35,0,0,0,3529.05,11720.2,2.21
M0095743,N,36,0,8262.93,1,0,0,2612.02,10380.8,0.05
M0095744,N,29,0,13798.7,0,0,0,8665.18,12700.49,1.18
M0095745,Y,41,6,141126.94,6,3,2,47679.3,144182.94,2.79
M0095746,N,31,1,29658.68,0,2,0,8974.43,16135.15,2.19
M0095747,N,67,0,2726.48,0,1,0,1870.82,1396.97,0.0
M0095748,N,38,0,6159.85,0,0,0,1880.46,5903.93,0.32
M0095749,N,45,0,5338.54,0,0,0,3404.71,3203.61,1.42
M0095750,N,45,2,9514.69,0,0,0,3731.52,6272.51,1.49
M0095751,N,41,0,28142.16,0,3,0,9171.15,18018.94,2.81
M0095752,N,36,2,5689.61,0,0,1,4966.92,3997.17,0.53
M0095753,N,42,0,9823.05,0,1,0,1832.95,7722.84,0.42
M0095754,N,75,2,28316.87,0,2,0,3883.43,19775.82,1.29
M0095755,N,37,2,10062.23,0,0,0,3868.05,6218.61,1.04
M0095756,N,76,2,3902.43,0,1,1,2814.25,3308.61,0.63
M0095757,N,32,3,55718.59,2,0,0,27188.09,36212.49,1.15
M0095758,N,40,2,5509.9,0,0,0,2109.11,7795.71,0.0
M0095759,N,26,1,6473.38,0,1,0,876.65,4691.72,0.75
M0095760,Y,65,5,155268.62,3,3,2,115348.09,89174.45,5.59
M0095761,N,47,1,29956.64,1,1,0,4380.55,48329.16,2.9
M0095762,N,18,0,14233.08,1,0,0,2285.06,9461.71,0.5
M0095763,N,42,0,8464.94,0,0,0,1066.57,6894.87,1.09
M0095764,N,77,1,9873.37,1,2,0,1195.48,10851.34,1.43
M0095765,N,74,1,20953.62,0,2,0,19512.29,11075.82,1.19
M0095766,N,49,3,30500.31,1,2,0,10414.5,17943.76,2.1
M0095767,N,46,0,13212.77,0,1,1,3739.15,8265.55,0.16
M0095768,N,80,1,7679.76,0,1,0,2541.31,6443.2,0.33
M0095769,N,20,1,18089.15,1,1,0,2410.0,19375.37,0.53
M0095770,N,46,1,8205.56,0,0,0,2953.17,3576.33,0.0
M0095771,N,77,2,42429.07,1,3,1,10071.42,30298.34,1.43
M0095772,N,28,0,6829.91,0,1,0,3106.98,3948.7,0.0
M0095773,N,21,0,12960.16,0,0,0,6072.35,8042.44,1.04
M0095774,N,39,3,8772.41,0,0,0,2821.18,6849.06,0.8
M0095775,N,27,2,14361.44,0,1,0,9708.84,11816.79,1.42
M0095776,N,23,0,7492.06,0,0,0,1801.46,10437.87,0.32
M0095777,N,75,0,10268.99,1,1,0,2082.68,16554.03,2.38
M0095778,N,53,3,5654.71,0,0,1,1949.6,6932.94,1.83
M0095779,N,28,1,8991.1,0,3,0,4732.94,9978.42,1.79
M0095780,N,72,1,13885.57,0,1,1,1673.37,22345.1,0.55
M0095781,Y,62,4,195153.43,4,1,2,90498.81,97060.31,2.33
M0095782,N,53,0,4564.19,0,1,0,1351.73,3742.36,0.88
M0095783,N,61,1,11280.74,0,0,0,3906.77,14269.37,1.19
M0095784,N,49,2,4870.27,0,1,0,3642.08,2160.56,0.35
M0095785,N,50,1,16631.32,0,0,1,4359.38,12875.68,0.0
M0095786,N,57,0,5587.23,0,0,0,1544.24,3112.97,0.0
M0095787,N,31,2,8160.11,0,0,0,1378.94,6130.8,1.2
M0095788,N,25,0,17888.3,1,1,0,2999.46,11580.69,0.07
M0095789,N,76,0,3018.95,0,0,1,415.6,2385.75,0.39
M0095790,N,19,1,21589.79,0,1,1,2819.99,17129.8,3.01
M0095791,N,60,0,11108.23,0,0,0,1249.59,7789.7,0.0
M0095792,N,39,1,15096.56,0,2,1,1869.47,10791.26,0.97
M0095793,N,71,0,16818.08,0,0,1,11017.67,5641.22,0.35
M0095794,N,63,1,9467.18,0,1,1,3453.2,6164.94,1.19
M0095795,N,39,0,15956.9,1,2,0,2512.75,25949.19,0.32
M0095796,N,60,3,28912.4,0,3,1,2087.04,21776.33,3.0
M0095797,N,42,1,5533.74,0,1,0,1144.02,7446.16,0.12
M0095798,N,63,2,38215.42,0,1,0,5801.23,62568.15,3.65
M0095799,N,56,0,7833.98,0,0,0,1323.4,6206.71,0.0
M0095800,N,24,0,5876.15,1,0,0,1474.94,7411.11,0.97
M0095801,N,80,1,2505.41,0,0,2,1344.25,2528.39,1.09
M0095802,N,41,0,7320.19,0,0,0,5316.72,3093.53,0.42
M0095803,N,64,0,14763.03,0,0,0,1482.24,14467.29,0.0
M0095804,N,36,2,7638.24,0,0,0,1911.09,6947.87,0.98
M0095805,N,66,1,7563.77,0,1,0,4705.62,4901.92,0.41
M0095806,N,80,0,42166.87,0,0,0,5555.67,28935.59,0.87
M0095807,N,25,3,14271.39,0,1,1,4282.84,15714.92,1.69
M0095808,N,42,0,18343.47,1,1,0,1463.0,13778.25,2.19
M0095809,N,47,2,8945.53,1,1,2,3060.98,7707.91,1.95
M0095810,Y,64,2,263421.62,3,4,1,66447.07,191299.73,4.79
M0095811,N,60,0,10576.73,0,1,1,3099.36,7156.85,0.3
M0095812,N,60,1,20118.78,0,1,2,5526.11,14843.81,1.26
M0095813,N,31,1,21004.52,0,0,0,8430.86,10722.6,0.91
M0095814,N,26,0,19936.1,0,2,0,8540.54,7814.5,1.64
M0095815,N,18,1,5976.65,0,1,0,2619.25,3905.71,0.54
M0095816,N,23,1,11404.75,0,0,1,1652.03,7582.18,0.2
M0095817,N,21,2,18624.72,0,0,1,731.72,16105.23,1.91
M0095818,N,28,2,15112.04,0,0,0,8753.04,8666.21,1.45
M0095819,N,76,1,19934.98,0,0,0,3146.64,17829.32,0.46
M0095820,N,76,1,3726.42,0,0,0,1541.5,4948.74,0.65
M0095821,N,78,1,10156.23,1,0,0,1891.7,6284.24,1.03
M0095822,N,78,2,10810.53,0,1,0,4277.62,6995.99,0.0
M0095823,N,26,0,2463.41,0,0,0,623.09,3791.1,0.0
M0095824,N,74,1,7088.92,0,1,0,1602.03,5001.02,1.06
M0095825,N,33,0,7901.65,0,1,0,5385.46,1775.63,0.29
M0095826,N,28,0,3467.01,0,1,0,884.93,2605.22,1.5
M0095827,N,56,0,7479.11,0,0,0,2371.77,3562.69,0.6
M0095828,N,34,0,6698.59,0,1,0,2552.58,3168.76,1.83
M0095829,N,42,0,12571.44,0,0,0,5043.65,8481.24,1.21
M0095830,N,42,2,32044.17,0,0,2,10390.73,23143.28,2.18
M0095831,N,35,1,35257.79,0,1,0,4164.82,24943.92,0.92
M0095832,N,20,2,6762.46,0,1,0,1782.94,10127.32,1.11
M0095833,N,56,3,7488.04,0,0,0,1234.21,10227.88,0.88
M0095834,N,62,1,3680.75,0,1,0,1750.74,2480.17,0.0
M0095835,N,76,2,21650.15,0,0,1,2594.6,14912.98,2.04
M0095836,N,54,3,33383.17,2,0,0,4554.25,34975.69,2.79
M0095837,N,24,2,23289.63,0,1,0,4304.79,18117.41,2.05
M0095838,N,61,0,1960.95,0,0,0,646.25,2295.24,1.34
M0095839,N,19,0,16792.5,0,2,0,856.17,15736.31,0.0
M0095840,N,69,0,23608.62,0,2,0,14514.45,11988.26,1.51
M0095841,N,19,4,23814.41,1,2,0,13837.64,8345.63,0.64
M0095842,N,36,1,11523.0,0,0,0,745.13,19488.93,1.55
M0095843,N,24,1,8274.98,0,2,1,1783.58,8294.12,0.76
M0095844,N,35,2,15623.68,2,1,0,4335.04,16003.44,2.65
M0095845,N,55,0,11609.88,1,2,0,4186.7,9349.47,1.69
M0095846,Y,62,3,174169.02,4,2,2,59686.9,142385.68,2.59
M0095847,N,68,0,7938.13,0,0,0,1528.76,6765.35,0.05
M0095848,N,37,1,9090.81,0,0,0,4183.21,4780.26,2.52
M0095849,N,65,2,11470.43,0,0,0,1637.64,9468.33,2.17
M0095850,N,80,1,7928.04,0,0,0,3000.54,4759.8,0.2
M0095851,N,44,2,3268.78,0,0,2,3517.66,1566.06,2.18
M0095852,N,55,0,5018.53,0,2,0,1878.85,5299.55,1.18
M0095853,N,41,0,7798.49,1,0,2,4372.9,5696.99,1.65
M0095854,N,38,0,12818.78,0,1,0,5250.41,6980.38,0.0
M0095855,Y,74,5,189136.15,2,4,4,93379.72,172045.15,6.73
M0095856,N,46,0,4437.01,1,1,0,895.87,5251.38,0.0
M0095857,N,79,1,3646.41,1,0,0,1700.77,1993.21,0.25
M0095858,N,18,0,9805.81,0,1,0,2346.97,11936.92,2.22
M0095859,N,25,2,6806.0,0,0,0,863.78,6830.88,1.28
M0095860,N,44,1,8613.24,0,0,1,803.22,9296.69,1.53
M0095861,N,75,0,7728.28,0,0,0,2540.24,10521.17,1.95
M0095862,N,22,1,4838.63,0,0,0,2157.08,4021.97,1.57
M0095863,N,70,1,8141.03,0,0,0,1052.12,6510.35,0.0
M0095864,N,32,1,9795.48,0,0,0,1985.13,6984.03,0.39
M0095865,Y,84,4,164413.63,3,5,4,87935.92,120465.18,3.06
M0095866,N,77,4,3004.02,0,0,0,2536.68,2917.31,0.17
M0095867,N,42,0,6199.05,0,0,0,2540.88,4373.6,0.66
M0095868,N,74,1,5017.13,0,0,0,2177.73,2398.83,0.42
M0095869,N,29,1,29810.97,0,1,1,8394.54,27155.66,1.68
M0095870,N,48,0,15992.02,0,2,0,6129.45,9619.58,0.0
M0095871,N,76,0,11216.75,1,0,0,4710.49,8912.13,0.4
M0095872,N,40,2,7417.06,0,0,0,5671.33,7553.13,1.31
M0095873,N,25,0,1772.07,0,0,0,336.72,1963.23,0.0
M0095874,N,57,0,10044.55,0,1,0,3250.63,9449.06,0.82
M0095875,N,65,1,12515.24,0,0,0,6918.93,9781.48,0.1
M0095876,N,76,1,6001.95,0,0,0,1706.92,5514.4,0.84
M0095877,N,59,1,6495.78,1,0,1,1353.34,8047.52,1.42
M0095878,N,21,1,7420.82,0,0,0,774.87,5581.65,0.65
M0095879,N,69,0,3946.92,0,0,0,890.01,3641.79,1.28
M0095880,N,34,0,10107.31,0,0,0,3843.45,9289.41,0.0
M0095881,N,67,3,6700.61,1,1,0,1195.76,8086.14,1.82
M0095882,N,70,1,17115.38,0,1,0,2790.62,10633.18,1.88
M0095883,N,39,1,13042.05,0,0,0,3678.33,7686.76,1.58
M0095884,N,79,1,4716.76,1,1,0,1003.55,6482.0,0.0
M0095885,N,33,0,3316.42,0,0,0,431.73,2217.02,0.0
M0095886,N,45,2,10735.35,0,0,0,3565.0,7462.47,1.81
M0095887,N,54,0,3871.46,0,0,0,1981.31,2297.32,1.11
M0095888,N,47,1,32694.69,1,0,1,17574.75,18659.53,3.14
M0095889,N,54,0,2969.34,0,0,0,2220.7,2993.05,0.42
M0095890,N,26,1,4083.98,0,2,0,1317.52,5162.06,0.77
M0095891,N,43,1,21964.78,0,0,1,9398.66,13507.94,3.48
M0095892,N,31,3,6935.0,0,0,0,1779.48,4354.13,0.42
M0095893,N,38,1,9791.97,0,0,0,2352.84,7371.19,0.03
M0095894,N,37,0,3830.04,0,1,0,2660.12,3075.13,0.0
M0095895,N,53,0,14527.91,0,1,0,2313.55,9169.74,1.01
M0095896,N,42,2,18155.07,0,2,0,3159.66,12682.15,2.11
M0095897,N,28,0,34235.45,0,1,1,14844.91,14434.41,1.11
M0095898,N,60,1,7072.78,0,0,0,2766.31,7304.96,1.82
M0095899,N,53,1,7027.74,0,0,0,1199.37,6219.14,1.82
M0095900,N,57,2,11194.15,1,0,1,2648.48,13476.61,2.3
M0095901,N,67,1,6124.02,0,1,0,3185.53,4381.14,2.14
M0095902,N,24,2,4079.0,0,0,0,1367.26,2305.37,0.8
M0095903,N,55,1,11951.03,0,1,0,4157.02,10497.34,1.84
M0095904,N,78,1,4526.2,2,0,0,3358.5,4116.29,1.04
M0095905,N,76,1,12710.65,0,0,0,5742.84,5266.32,1.73
M0095906,N,41,1,13994.79,0,0,0,7385.78,8460.77,1.17
M0095907,N,75,1,36857.67,0,3,1,5203.01,26978.23,2.21
M0095908,N,42,0,5301.99,0,0,0,1133.7,4874.36,0.0
M0095909,N,41,3,13896.88,0,2,1,5013.01,11450.71,2.72
M0095910,N,26,2,21274.17,2,0,0,18434.98,7621.04,1.11
M0095911,N,58,1,14611.34,0,2,0,1297.22,14189.62,0.4
M0095912,N,79,1,20284.93,0,1,0,2039.12,15246.83,0.0
M0095913,N,71,1,3926.67,0,0,0,789.9,2579.51,0.9
M0095914,N,65,1,16552.69,2,2,1,6602.74,11039.0,2.02
M0095915,N,39,0,6790.05,1,0,0,5076.07,5938.55,0.71
M0095916,N,19,1,6574.88,1,1,0,1905.59,8997.83,1.19
M0095917,N,40,0,3238.15,0,0,1,2594.86,2142.58,1.47
M0095918,N,36,1,23988.4,0,2,0,22053.09,12620.3,2.88
M0095919,N,42,0,23334.12,0,1,0,8314.27,14520.71,1.43
M0095920,N,23,2,14731.92,0,0,0,3798.05,9084.14,2.04
M0095921,N,60,1,24659.47,0,1,3,5663.94,26226.8,1.68
M0095922,N,46,0,16665.63,0,0,0,5295.09,7985.41,1.82
M0095923,N,51,0,10469.05,0,1,1,760.05,11168.85,0.81
M0095924,N,24,2,12841.78,1,1,0,9678.45,9400.96,1.65
M0095925,N,52,0,14023.57,0,0,0,9891.91,6847.27,1.65
M0095926,N,80,1,16416.47,0,2,0,4419.03,8983.04,0.62
M0095927,N,38,0,14712.09,0,0,0,1339.97,11616.19,0.07
M0095928,N,69,0,17987.96,0,0,1,1672.17,16545.29,0.29
M0095929,Y,73,6,165521.23,1,2,1,88842.2,129269.34,5.61
M0095930,N,20,0,7075.13,0,0,0,1457.7,4737.18,0.7
M0095931,N,74,1,15466.52,0,0,1,5430.56,7998.16,1.31
M0095932,N,25,2,25380.74,0,2,0,12702.13,8130.01,1.07
M0095933,N,70,0,22471.43,0,0,0,8574.22,11539.1,0.72
M0095934,N,70,3,11091.06,0,0,0,2389.69,6835.88,0.22
M0095935,N,45,0,22628.6,0,0,0,14050.11,10498.86,0.72
M0095936,N,77,1,4892.07,0,0,0,964.52,4479.19,0.92
M0095937,N,41,0,19230.3,0,0,0,14246.48,13172.46,1.42
M0095938,N,79,2,7339.23,0,1,0,7281.87,4880.46,1.33
M0095939,N,46,0,15824.88,0,0,0,2825.51,15027.15,2.23
M0095940,N,73,0,13538.62,0,2,1,2203.08,9100.06,0.74
M0095941,N,34,0,15890.09,0,0,0,2030.82,11685.1,0.38
M0095942,N,29,4,16252.03,0,0,1,3835.19,9701.57,0.55
M0095943,N,53,0,7992.1,0,1,0,2374.82,8998.03,0.0
M0095944,Y,76,8,86159.54,3,2,3,69304.25,44021.84,6.69
M0095945,N,33,0,12362.27,0,1,0,4032.42,6373.48,1.57
M0095946,N,30,2,18737.15,1,0,1,5595.22,14237.57,2.19
M0095947,N,20,2,40899.99,0,0,2,4433.97,29105.96,1.89
M0095948,N,34,0,4881.28,0,1,0,2064.85,5125.63,0.0
M0095949,N,40,0,5962.99,0,0,0,2538.75,3445.64,0.85
M0095950,N,59,1,9538.13,1,0,0,4199.75,6922.24,0.72
M0095951,N,74,1,5191.32,0,1,0,1181.62,6788.85,0.4
M0095952,N,53,0,11832.06,0,1,0,3534.66,7987.84,0.03
M0095953,N,61,1,23502.43,0,0,1,11782.59,14972.86,0.69
M0095954,N,45,0,5946.44,0,0,0,3186.19,2456.1,1.88
M0095955,N,78,1,4049.62,0,0,0,3821.31,2542.74,0.34
M0095956,N,72,0,1984.89,2,1,0,545.69,2923.67,0.96
M0095957,N,30,2,5316.07,1,0,0,136.88,5378.61,0.97
M0095958,N,58,1,8157.86,0,0,0,6454.16,5631.34,0.0
M0095959,N,46,0,4675.53,0,0,0,698.94,2975.18,0.19
M0095960,N,78,1,34134.9,1,2,0,6820.07,30352.2,3.1
M0095961,N,51,0,4125.18,0,0,1,1137.83,4803.02,0.0
M0095962,N,40,1,25328.52,1,1,0,3427.91,19829.51,1.74
M0095963,N,29,1,7110.0,0,1,0,5134.41,5558.0,0.63
M0095964,N,37,0,9646.78,0,0,2,1085.9,6501.6,1.66
M0095965,Y,68,3,236661.37,3,1,1,81038.44,123856.19,6.26
M0095966,N,49,2,7504.68,0,1,0,1060.09,10969.1,3.09
M0095967,Y,51,4,174734.4,1,1,5,74054.12,79079.48,2.08
M0095968,N,66,0,12132.08,0,0,0,706.04,10856.54,0.0
M0095969,N,36,0,8085.37,0,3,0,4619.01,6524.73,1.63
M0095970,N,66,0,12722.44,0,0,0,3705.57,8207.19,0.41
M0095971,N,42,0,4723.22,0,1,0,1007.12,6330.02,1.32
M0095972,N,79,0,6051.8,0,0,0,1762.79,7886.72,1.06
M0095973,N,22,0,11091.67,1,1,0,8536.87,7319.39,0.12
M0095974,N,44,0,3409.15,0,1,0,847.67,3912.67,1.19
M0095975,N,79,2,24030.72,0,0,0,5603.55,21118.32,1.66
M0095976,N,41,0,3290.7,0,0,0,815.02,2457.42,0.54
M0095977,N,77,3,9207.46,0,0,1,5739.34,10261.35,1.71
M0095978,N,71,2,18103.95,0,0,2,7479.91,10515.03,1.11
M0095979,Y,86,4,184020.6,6,5,3,101806.44,102842.39,7.81
M0095980,N,71,1,12178.47,0,0,0,1549.9,10916.89,1.77
M0095981,N,40,1,5534.19,0,0,0,763.12,4435.78,0.0
M0095982,N,21,0,10622.17,0,0,0,2802.63,5868.44,2.0
M0095983,N,43,0,7052.7,0,1,1,4028.81,4643.43,1.78
M0095984,N,74,0,9345.69,0,0,0,4329.75,5885.03,0.85
M0095985,N,52,1,21357.95,0,0,1,11969.54,13789.18,0.28
M0095986,N,30,1,7282.64,0,0,0,6502.11,3969.96,0.35
M0095987,N,34,1,4820.05,0,2,1,1028.21,3497.42,0.0
M0095988,N,80,1,56190.01,0,1,0,5826.41,39327.04,1.28
M0095989,N,22,0,11024.4,0,0,0,1001.08,7858.67,1.06
M0095990,N,21,0,11263.08,0,0,0,2097.99,7366.5,1.67
M0095991,N,26,2,11005.71,0,1,0,593.26,8162.8,1.93
M0095992,Y,42,5,136201.51,5,5,1,55952.91,126618.26,5.93
M0095993,N,31,1,54641.35,0,1,0,6893.56,40262.04,1.94
M0095994,N,74,0,19990.47,0,1,0,5874.58,10321.75,0.72
M0095995,N,36,1,4637.09,0,0,0,1212.42,5910.77,1.7
M0095996,N,40,1,9622.92,0,2,1,4831.41,11143.19,1.07
M0095997,N,22,0,3897.61,0,0,0,4661.84,1819.72,0.1
M0095998,Y,72,4,139933.29,4,1,6,26525.84,161855.8,4.47
M0095999,N,34,2,9651.18,0,1,1,4052.31,6172.33,1.56
M0096000,N,45,0,5692.25,0,2,1,2335.2,2131.96,1.46
M0096001,N,57,2,30683.06,0,1,0,23403.25,9881.42,1.3
M0096002,N,42,1,3205.87,0,2,0,952.22,3021.64,0.28
M0096003,N,46,0,15547.93,0,1,0,1424.61,11084.63,0.8
M0096004,N,80,0,15449.0,0,0,0,4518.88,11587.29,0.6
M0096005,N,32,1,14889.11,0,0,0,1957.88,13239.73,0.98
M0096006,N,62,3,19308.34,0,0,1,13805.59,7228.29,1.39
M0096007,N,49,1,8725.88,0,1,0,3211.7,6440.3,1.46
M0096008,N,80,1,20980.66,0,0,1,6769.44,9883.31,0.0
M0096009,N,34,1,9901.63,0,4,0,7672.19,5829.76,2.23
M0096010,N,62,0,7964.94,1,0,0,3350.98,3037.89,1.12
M0096011,N,32,1,5614.62,0,1,0,3320.93,3795.05,0.18
M0096012,N,52,0,8027.12,0,1,1,1597.49,7727.24,0.04
M0096013,N,44,1,18805.2,0,1,0,2247.28,14503.58,1.67
M0096014,N,21,0,6873.64,0,0,0,838.61,4918.23,0.0
M0096015,N,57,0,14995.07,0,1,1,1328.83,15255.21,1.91
M0096016,N,38,2,4100.5,1,0,0,2032.08,2975.44,3.94
M0096017,N,59,1,16428.45,0,2,0,3718.92,13272.89,1.82
M0096018,Y,66,7,282910.83,4,3,4,74980.19,240299.93,6.92
M0096019,N,75,2,9433.03,0,0,0,2227.4,7500.02,1.17
M0096020,N,37,0,18682.23,1,3,0,6331.11,9036.23,0.4
M0096021,N,43,1,11327.19,0,0,0,958.51,16703.43,0.6
M0096022,N,23,1,28587.33,0,1,0,2361.12,20437.46,1.41
M0096023,N,78,0,9821.56,0,0,0,905.68,7657.3,0.27
M0096024,N,32,0,5212.79,0,1,0,1643.93,4812.31,1.65
M0096025,N,42,4,21835.82,1,0,0,4372.73,14245.76,0.98
M0096026,N,58,2,21716.59,2,3,1,3355.41,20994.82,2.7
M0096027,N,61,1,15010.5,0,0,0,2482.52,12758.57,1.96
M0096028,N,45,3,7680.01,1,0,0,3837.46,5920.97,0.7
M0096029,N,32,3,9174.95,0,3,0,3140.2,11405.07,1.08
M0096030,N,33,2,19063.79,0,1,1,9000.01,22341.37,0.24
M0096031,N,42,0,18679.17,1,2,0,1537.16,13193.9,1.32
M0096032,N,72,1,5240.09,0,0,0,3493.95,2115.57,1.04
M0096033,N,75,0,7953.85,0,1,0,4338.74,3500.64,1.44
M0096034,N,54,1,8507.05,0,2,0,2280.77,7607.0,1.43
M0096035,N,52,1,10417.91,0,1,1,7876.54,4509.74,1.45
M0096036,N,68,1,10741.52,0,1,0,3443.2,10433.81,1.17
M0096037,N,62,2,8459.19,0,1,1,2978.29,9396.68,1.2
M0096038,N,18,0,4222.47,0,0,0,3025.0,2073.8,0.61
M0096039,N,30,1,6742.55,0,1,0,3019.7,3324.79,1.52
M0096040,N,30,0,13031.37,0,0,0,3933.37,6437.29,0.53
M0096041,N,39,0,4123.49,0,0,1,1251.97,3660.66,1.24
M0096042,N,53,1,2873.22,0,0,0,1055.1,2078.03,0.0
M0096043,N,76,0,8022.12,0,1,0,1198.81,11710.47,1.64
M0096044,Y,36,5,93291.6,4,3,2,45223.34,64791.95,4.06
M0096045,N,54,2,20988.87,0,0,1,6114.04,12139.12,2.71
M0096046,N,53,1,9325.64,0,0,0,2677.43,8896.08,0.18
M0096047,N,55,0,16345.28,1,1,0,1631.57,14374.58,1.37
M0096048,N,74,0,20073.24,0,0,0,3352.67,12801.49,0.38
M0096049,N,65,1,6317.98,0,0,0,3605.97,4783.77,0.0
M0096050,N,59,1,37009.61,0,2,0,4458.87,29006.94,0.5
M0096051,N,61,0,14958.2,0,1,0,4717.2,7315.19,0.46
M0096052,N,39,1,7928.05,0,0,0,2457.81,10854.59,1.07
M0096053,N,35,0,12520.54,0,0,0,5317.62,14717.51,0.0
M0096054,N,73,3,17171.58,1,1,0,5714.91,13638.85,1.32
M0096055,N,61,0,5818.75,0,1,0,5716.5,2334.9,0.52
M0096056,N,61,2,13768.65,1,1,0,11662.11,8545.41,3.55
M0096057,N,29,3,28659.57,0,2,0,2623.48,33144.66,0.44
M0096058,N,21,1,4267.36,0,0,0,1081.59,3581.75,0.82
M0096059,N,47,0,17842.68,0,0,0,2972.22,13963.1,1.85
M0096060,N,22,1,12411.88,0,0,0,2402.62,7829.22,0.21
M0096061,N,47,0,5617.79,0,0,0,1527.04,5797.5,1.43
M0096062,N,39,1,8053.49,0,1,0,4240.01,9296.24,1.64
M0096063,N,56,0,4293.26,0,0,0,2587.65,2667.85,0.57
M0096064,N,49,1,5685.24,1,1,0,4192.63,4500.03,0.56
M0096065,N,26,2,19291.17,2,0,0,10648.33,8343.21,2.2
M0096066,N,20,2,5125.22,0,1,0,450.52,5703.79,0.0
M0096067,N,67,0,19651.98,0,3,0,4835.67,13867.56,2.07
M0096068,N,52,0,15318.01,0,0,0,2901.73,10854.81,1.6
M0096069,N,32,1,2813.84,0,1,0,501.84,3810.28,0.38
M0096070,N,51,0,8702.54,0,0,0,1578.25,7218.87,1.53
M0096071,N,57,1,5500.89,0,0,1,3350.12,2995.06,1.68
M0096072,N,76,0,40791.64,0,0,0,11399.47,26059.79,1.61
M0096073,N,53,0,7645.73,0,0,0,1447.34,10745.2,1.44
M0096074,N,61,0,13337.39,0,0,1,2181.63,10075.63,0.3
M0096075,N,64,1,26229.1,0,1,0,3005.03,25850.23,1.59
M0096076,N,62,2,2672.12,0,2,0,1136.85,1205.52,2.2
M0096077,N,43,1,34718.32,0,0,1,17398.44,17605.81,0.0
M0096078,N,64,1,7974.07,1,0,2,5794.39,3449.14,1.58
M0096079,N,20,2,19459.56,0,1,0,7818.19,12091.1,1.93
M0096080,N,23,0,6188.33,0,0,0,2271.08,6304.99,0.94
M0096081,N,59,0,4095.47,0,0,1,3445.84,1752.21,0.0
M0096082,N,20,0,9025.05,0,1,0,3792.43,4294.07,0.18
M0096083,N,29,0,15983.74,0,0,1,1716.73,11471.48,1.79
M0096084,N,35,2,8577.43,0,0,0,2045.94,5694.62,1.55
M0096085,N,20,2,35212.06,0,1,0,2735.74,45552.69,2.45
M0096086,N,57,0,3921.05,0,0,0,1425.49,1674.98,1.35
M0096087,N,66,0,20405.22,0,0,0,8355.71,7793.85,0.92
M0096088,N,34,1,14599.62,0,0,1,3390.11,18042.8,0.58
M0096089,N,74,1,8607.29,1,1,0,3512.59,11779.34,1.09
M0096090,N,55,2,32254.8,0,3,1,41674.33,8665.35,1.64
M0096091,N,60,2,5229.36,0,0,0,3805.69,5272.1,0.94
M0096092,N,43,0,7519.04,0,1,0,1508.35,7645.14,0.74
M0096093,N,69,0,15862.42,1,2,1,10322.54,17359.43,2.94
M0096094,Y,48,6,126151.02,3,2,1,32290.37,99144.95,4.46
M0096095,N,47,0,7305.95,0,0,0,773.69,11671.76,2.23
M0096096,N,30,0,6345.25,0,1,0,618.1,6086.09,1.06
M0096097,N,23,1,15241.45,0,4,1,2591.73,10458.81,1.37
M0096098,N,53,3,21548.9,0,1,0,6557.78,20265.23,1.65
M0096099,N,44,1,16621.14,0,3,0,7139.69,9678.58,1.64
M0096100,N,37,0,6174.54,0,0,0,1845.13,4398.74,2.39
M0096101,N,24,1,5538.99,0,0,0,5284.21,3220.8,0.61
M0096102,N,54,0,6121.52,0,0,0,5420.77,4892.7,0.9
M0096103,N,54,1,7952.67,0,0,0,489.94,7271.74,1.51
M0096104,N,37,2,8791.41,0,2,0,1903.97,12706.93,1.35
M0096105,N,77,1,2622.7,0,0,0,1207.88,2188.04,1.73
M0096106,N,37,0,4777.56,0,1,0,4125.5,4348.82,0.64
M0096107,N,49,0,5286.07,0,0,0,3151.06,2303.28,0.0
M0096108,N,44,1,6676.56,0,1,0,4047.44,6719.58,2.3
M0096109,N,61,0,6588.02,1,1,2,2131.91,3881.81,2.07
M0096110,N,34,0,26666.53,1,0,1,2621.81,18398.09,1.31
M0096111,N,52,1,32667.94,1,0,0,11646.25,22073.17,0.97
M0096112,N,63,1,29655.23,0,0,0,2306.6,24699.41,1.16
M0096113,N,52,0,3428.81,0,0,0,1463.08,3814.05,2.2
M0096114,N,37,0,3081.82,0,0,0,1374.59,3135.36,0.31
M0096115,N,46,2,10058.48,0,0,1,478.6,10965.02,0.8
M0096116,N,78,0,19414.24,0,0,2,2160.05,14102.75,1.97
M0096117,N,47,1,9766.84,0,0,0,1289.85,12201.25,0.27
M0096118,N,48,0,5278.09,0,1,0,881.8,4370.9,0.19
M0096119,N,51,0,6956.04,0,2,0,2706.92,7111.07,0.0
M0096120,N,60,2,36464.8,0,2,0,23155.02,8818.6,1.67
M0096121,N,64,2,6556.12,0,0,0,950.51,6802.71,0.68
M0096122,N,75,1,16736.24,0,1,1,4417.55,17648.9,0.12
M0096123,N,25,2,43758.51,2,2,0,20432.34,14682.31,3.2
M0096124,N,44,0,31707.59,1,1,0,1730.24,27727.8,0.66
M0096125,Y,52,5,312016.65,3,6,2,127707.02,144603.82,2.91
M0096126,N,51,1,8103.14,1,2,0,2929.34,6139.82,0.63
M0096127,N,75,1,16640.41,0,1,0,7298.06,21239.31,0.91
M0096128,N,35,1,6061.01,0,0,2,1884.53,7083.29,0.0
M0096129,N,49,2,3821.83,0,0,0,988.51,3820.81,2.55
M0096130,N,47,2,37185.9,0,2,0,5963.74,51319.08,0.88
M0096131,N,18,0,6042.1,0,1,0,2747.73,3034.18,0.41
M0096132,N,57,2,42796.62,1,4,0,7286.79,36559.47,1.78
M0096133,N,56,0,20591.33,0,1,1,5687.61,19003.72,2.61
M0096134,N,52,2,21086.26,1,1,0,3249.47,26582.24,2.62
M0096135,N,24,1,12887.48,0,1,0,1086.74,10666.54,0.98
M0096136,N,54,0,34287.8,0,1,0,2393.9,32713.96,1.84
M0096137,N,41,5,47452.27,0,0,1,2901.12,36400.27,2.07
M0096138,N,25,3,9138.47,0,1,1,2399.05,5287.55,1.34
M0096139,N,21,0,7033.75,0,2,0,1348.83,5249.23,0.4
M0096140,N,34,2,16879.35,1,2,1,2172.86,11558.81,0.84
M0096141,N,65,1,12077.95,0,1,0,1958.68,9352.17,1.42
M0096142,N,36,1,9130.95,0,1,0,5566.37,5083.88,1.09
M0096143,N,66,0,19142.38,0,0,0,1055.42,17329.21,0.0
M0096144,N,35,0,2064.46,0,0,1,876.9,2467.74,0.69
M0096145,N,39,0,17919.32,0,1,0,2729.99,18353.51,0.09
M0096146,N,73,2,12744.9,0,0,0,7100.25,9018.56,0.0
M0096147,N,45,1,3476.52,0,0,0,874.15,2011.76,1.29
M0096148,N,69,2,5249.43,0,0,0,947.93,7697.12,1.19
M0096149,N,73,0,18320.03,1,0,0,1500.31,13743.64,0.0
M0096150,N,46,0,3211.71,1,0,0,968.03,3012.9,0.75
M0096151,N,66,2,5010.5,0,0,0,1808.42,3559.67,0.03
M0096152,N,28,0,65058.8,0,1,1,1461.12,63914.04,0.31
M0096153,N,78,0,10636.69,0,0,0,1844.82,9396.94,0.87
M0096154,N,28,1,3904.35,1,1,1,1205.24,3587.41,0.55
M0096155,N,63,1,15026.15,0,1,0,7012.33,11809.22,0.32
M0096156,N,22,0,5756.29,0,0,0,2896.74,3561.5,1.32
M0096157,N,54,1,17896.75,0,0,2,2254.15,13088.82,0.0
M0096158,N,70,1,3392.0,0,0,0,776.06,3279.21,0.34
M0096159,N,38,0,14122.23,0,0,0,2419.08,18126.35,2.64
M0096160,N,29,1,6482.27,0,1,0,1835.25,5143.62,0.0
M0096161,N,59,2,23356.25,1,2,3,2378.74,32638.93,0.94
M0096162,N,28,0,17719.2,2,1,0,14575.53,16306.19,3.4
M0096163,N,22,2,26280.2,0,2,0,4956.81,18840.04,2.42
M0096164,N,41,1,13207.69,0,1,0,6486.37,6412.3,0.36
M0096165,N,57,1,10723.49,0,2,0,4334.82,6385.7,1.29
M0096166,N,67,2,5794.0,0,0,0,1566.69,5127.14,1.1
M0096167,N,49,1,5719.96,0,0,0,2235.78,6105.95,1.44
M0096168,N,52,0,11082.4,1,1,0,1006.14,13144.02,0.46
M0096169,N,39,0,16726.5,0,0,1,4031.24,18643.64,1.29
M0096170,N,80,0,4667.94,0,0,0,1286.97,3110.21,0.44
M0096171,N,60,2,9142.76,0,0,0,2117.49,7874.51,0.21
M0096172,N,72,1,12389.3,0,1,0,1884.03,10433.09,1.7
M0096173,N,51,0,30242.77,1,1,0,10306.7,14501.52,0.0
M0096174,N,67,1,13875.85,0,3,0,993.71,11468.77,2.07
M0096175,N,80,1,9537.57,0,1,0,952.37,14912.91,0.93
M0096176,N,30,3,6520.76,0,0,0,5346.41,4044.84,0.1
M0096177,N,42,1,9681.55,0,0,0,4895.37,10601.88,1.36
M0096178,N,64,2,19552.93,1,0,0,3726.48,19079.59,1.28
M0096179,N,70,1,2633.52,0,1,0,1637.56,2109.91,0.0
M0096180,N,62,1,10943.51,1,1,0,2108.45,9850.83,0.35
M0096181,N,29,3,8435.46,0,1,0,5976.82,5592.12,2.42
M0096182,N,19,2,22559.24,0,0,0,9401.48,10664.48,0.18
M0096183,N,33,1,10545.53,1,1,1,3221.41,13139.82,2.12
M0096184,N,41,2,23130.94,0,1,0,4134.25,23831.58,2.38
M0096185,N,19,0,3084.26,0,0,0,1388.35,3722.48,0.56
M0096186,N,36,0,13044.41,1,0,0,8538.79,4527.05,0.0
M0096187,N,25,1,17022.92,0,1,0,4654.56,10251.88,0.72
M0096188,N,73,4,26617.71,0,0,1,5530.06,19506.32,0.49
M0096189,N,56,1,13095.52,0,0,0,5266.06,6541.56,1.61
M0096190,Y,63,6,343745.11,2,5,7,120910.22,242492.06,5.97
M0096191,N,71,2,5000.92,0,1,0,544.74,3868.8,1.6
M0096192,N,28,0,7685.07,0,0,1,3923.33,4701.61,1.84
M0096193,N,49,2,22655.87,0,0,1,9160.05,11266.61,0.0
M0096194,N,48,1,15108.57,1,0,1,3466.7,12269.35,0.51
M0096195,Y,64,4,111948.7,1,1,1,58866.25,70008.61,2.37
M0096196,N,57,0,17515.54,0,2,1,3259.73,10903.72,0.48
M0096197,N,73,3,21904.72,1,2,2,7271.95,21504.86,2.37
M0096198,N,18,2,22033.75,0,0,0,12470.57,5402.43,2.49
M0096199,N,60,2,12628.02,0,2,0,2369.79,13265.89,0.96
M0096200,N,35,1,33023.32,0,2,0,1645.37,25891.94,0.86
M0096201,N,69,0,7445.58,0,0,0,3114.55,5009.86,1.35
M0096202,N,63,2,7424.15,1,0,0,3044.91,6805.29,1.2
M0096203,N,60,1,3594.63,0,0,0,1893.5,2954.18,0.85
M0096204,N,51,2,18700.88,0,0,0,3478.88,15667.15,0.0
M0096205,N,35,3,18506.21,0,0,1,2069.38,26388.79,0.51
M0096206,N,51,1,5053.25,0,0,0,2173.92,6022.71,0.56
M0096207,N,39,3,3809.16,0,1,0,3097.74,3660.18,2.28
M0096208,N,68,0,15261.52,0,1,0,3615.74,11970.02,0.15
M0096209,N,34,3,48196.52,0,0,0,15207.95,52162.92,2.49
M0096210,N,77,0,10412.01,0,1,1,457.48,9109.41,1.3
M0096211,N,20,1,12291.34,0,0,0,1419.81,9520.91,1.72
M0096212,Y,36,5,269399.43,4,2,6,114245.06,137309.22,6.35
M0096213,N,65,0,9294.37,0,0,0,2564.48,11107.86,0.31
M0096214,N,54,1,4392.11,1,0,2,2034.19,4022.29,0.84
M0096215,N,64,0,10243.39,0,0,2,3308.4,14110.33,0.32
M0096216,N,32,1,4253.86,1,1,0,2570.67,3712.46,2.36
M0096217,N,66,2,27859.81,0,1,0,10376.96,22474.81,2.07
M0096218,N,62,0,14394.28,0,0,1,2735.06,15995.88,0.68
M0096219,N,40,1,5566.24,0,0,1,1762.83,2634.54,0.0
M0096220,N,42,0,9169.19,0,0,0,1762.22,6197.65,0.0
M0096221,N,21,1,10424.07,1,0,0,5958.11,10910.77,2.05
M0096222,N,41,1,2497.02,0,0,0,747.74,2679.24,0.5
M0096223,N,63,0,10240.59,0,0,2,787.51,12949.5,0.0
M0096224,N,62,3,9754.78,0,0,0,1763.74,7718.15,1.39
M0096225,N,53,0,7792.96,0,0,1,1926.54,4427.84,0.0
M0096226,N,76,1,9891.51,0,2,2,2164.08,8017.43,0.35
M0096227,Y,55,6,360394.26,2,3,4,132956.73,192800.55,5.91
M0096228,N,71,0,5690.32,0,0,0,2624.02,7371.55,0.51
M0096229,N,38,2,6600.32,0,0,0,1872.37,5752.5,1.22
M0096230,N,58,2,7580.79,0,1,0,7665.89,3468.01,0.42
M0096231,N,55,2,2661.97,0,1,1,2010.47,2661.92,2.1
M0096232,N,20,0,5527.15,0,0,0,2600.9,6967.52,0.63
M0096233,N,18,0,9575.8,0,0,1,1655.16,6184.12,0.0
M0096234,N,60,1,7911.53,1,0,0,2085.51,4583.05,0.0
M0096235,N,34,1,8348.52,1,1,0,5800.24,6093.94,2.55
M0096236,N,19,1,8171.58,0,0,0,5729.78,3993.43,0.0
M0096237,Y,83,2,125563.51,1,5,4,51587.43,112093.6,2.0
M0096238,N,43,2,14882.36,2,2,0,11320.75,3034.58,1.09
M0096239,N,32,1,8823.27,1,0,0,4863.75,6597.48,2.21
M0096240,N,50,1,5789.49,0,0,0,1817.6,3819.02,0.08
M0096241,N,19,1,5411.71,0,1,0,1709.21,5053.59,0.0
M0096242,N,55,2,5181.28,0,0,0,1704.86,6763.13,1.71
M0096243,N,23,2,12338.07,0,0,1,4762.08,11644.15,0.37
M0096244,N,63,2,11153.38,0,1,0,2185.22,7757.88,2.21
M0096245,N,62,2,36248.2,0,2,1,12232.88,21995.29,0.44
M0096246,N,72,1,8346.78,0,2,0,2125.51,5576.78,2.17
M0096247,Y,66,6,397815.52,2,2,1,66894.91,336951.66,4.37
M0096248,N,73,1,16216.47,0,1,1,2017.76,16438.96,1.46
M0096249,N,69,3,22169.31,0,0,0,7835.75,11620.91,0.76
M0096250,N,63,2,15780.39,1,0,1,3795.73,9609.76,3.25
M0096251,N,43,2,22300.24,1,1,1,4883.97,18135.18,3.68
M0096252,N,51,2,11257.17,1,1,0,4317.3,11846.08,1.43
M0096253,N,40,3,11179.25,0,2,0,2080.6,10779.55,0.6
M0096254,N,50,2,14995.25,0,1,0,1945.75,21017.88,0.55
M0096255,N,67,0,35832.6,1,1,0,8789.55,22065.99,1.88
M0096256,N,64,3,21502.59,0,1,0,2507.41,18573.19,1.92
M0096257,N,41,0,7321.63,0,0,0,6077.13,3588.95,0.49
M0096258,N,44,1,12024.43,1,2,0,1798.08,7688.6,1.32
M0096259,N,34,1,9115.57,0,1,0,2688.58,5182.37,0.0
M0096260,N,41,0,34409.84,0,1,2,6382.21,39972.88,2.28
M0096261,N,77,0,2685.97,0,0,0,817.67,2189.22,1.61
M0096262,N,78,1,8569.11,0,0,0,3739.65,3785.35,1.0
M0096263,N,50,1,9295.33,0,0,0,2543.23,6241.46,0.17
M0096264,N,77,2,9824.03,1,2,1,6488.91,7269.13,1.92
M0096265,N,70,0,33243.72,0,1,0,11728.77,14716.49,1.07
M0096266,N,69,2,14778.43,1,0,0,1746.5,13153.11,1.96
M0096267,N,76,0,7534.11,0,0,0,2451.06,3528.25,1.15
M0096268,N,18,0,17463.2,2,1,1,10160.51,15024.33,2.26
M0096269,Y,68,5,234920.27,2,4,7,106583.0,217180.96,4.87
M0096270,N,55,0,4838.63,0,2,0,2014.64,4598.07,0.0
M0096271,N,63,0,14607.83,0,1,1,1253.65,13574.53,0.74
M0096272,N,74,0,7202.05,0,2,1,3995.59,6213.61,1.75
M0096273,N,60,0,20304.66,0,0,1,6774.9,12304.48,2.66
M0096274,N,64,1,32036.21,0,0,1,12738.01,12461.6,0.94
M0096275,Y,62,7,331912.59,4,5,6,149219.06,149542.83,7.97
M0096276,N,60,0,4159.82,0,0,0,1161.47,3043.79,0.93
M0096277,N,26,2,22038.71,0,2,1,4274.98,19221.04,1.98
M0096278,N,36,2,7894.58,1,1,2,2173.46,4924.42,0.54
M0096279,N,40,1,11182.41,0,1,1,3913.16,10647.12,1.84
M0096280,N,18,2,44957.06,0,2,0,9310.16,27698.6,1.18
M0096281,N,46,1,7391.12,1,0,0,1174.01,5978.33,0.56
M0096282,N,41,0,3713.96,0,0,0,1433.05,5128.72,0.62
M0096283,N,32,1,12568.77,0,0,0,4011.81,13468.74,2.09
M0096284,N,18,2,6453.55,0,0,0,882.09,6978.12,1.88
M0096285,N,57,1,24593.22,0,1,0,4262.56,20454.72,1.62
M0096286,N,58,0,10469.41,0,0,0,2077.03,9288.35,0.31
M0096287,N,36,1,7663.33,0,2,1,3036.42,8448.82,1.31
M0096288,N,48,0,8225.52,0,0,0,2759.94,3696.44,0.0
M0096289,N,46,2,7836.75,0,0,1,3066.99,5290.65,0.0
M0096290,N,69,2,9373.99,1,1,1,6521.81,7095.0,2.25
M0096291,N,19,0,9993.09,0,1,1,2105.04,6787.07,1.02
M0096292,N,20,1,16415.81,0,0,0,6275.54,7914.99,2.44
M0096293,N,36,0,20204.85,0,3,1,19874.23,5381.95,1.74
M0096294,N,47,0,8011.38,0,0,0,1431.53,7012.73,1.45
M0096295,N,35,2,13474.91,0,0,0,3081.03,10705.33,1.3
M0096296,N,61,0,13133.96,1,0,0,395.61,21656.98,0.59
M0096297,N,68,1,20908.41,0,0,0,498.94,16849.74,1.8
M0096298,N,18,0,6085.75,0,1,0,3728.76,5344.42,0.26
M0096299,N,20,0,6509.17,1,1,0,1975.24,3514.62,1.61
M0096300,N,48,0,8610.93,0,0,0,5048.79,3957.73,0.69
M0096301,N,63,1,20501.6,0,1,0,2769.82,16508.11,0.84
M0096302,N,75,0,14014.26,0,0,0,4009.0,7402.11,1.35
M0096303,Y,85,3,307489.94,3,3,3,98304.89,187946.77,4.76
M0096304,N,41,1,21889.83,0,0,0,1873.18,23039.14,1.75
M0096305,N,33,2,27433.1,1,3,0,6691.69,24083.15,2.31
M0096306,N,50,1,22595.02,0,0,0,1222.85,18462.2,0.96
M0096307,N,74,1,11810.09,0,1,1,5115.96,10664.9,3.6
M0096308,N,54,0,21214.69,1,0,0,1839.05,22481.77,0.41
M0096309,N,18,1,4782.62,0,0,1,1307.8,4508.23,2.44
M0096310,N,35,0,16026.44,1,0,0,2977.66,13743.45,1.29
M0096311,N,67,0,7847.45,0,0,0,3484.02,6859.12,0.36
M0096312,N,65,2,5535.94,0,1,1,884.77,4421.82,0.39
M0096313,N,42,0,16752.08,0,0,0,10353.2,4297.18,1.09
M0096314,Y,46,8,179314.33,4,5,6,187235.52,59608.2,6.86
M0096315,N,50,1,5212.94,0,0,0,3711.26,4250.12,1.87
M0096316,N,54,0,7736.68,1,0,0,2481.24,5302.4,0.0
M0096317,N,25,3,15187.76,0,0,0,773.52,13607.64,1.29
M0096318,N,32,1,17615.25,0,1,0,7433.38,7028.76,1.36
M0096319,N,26,0,7469.56,0,1,0,1168.85,8241.58,0.93
M0096320,N,71,3,16790.32,0,1,0,2827.9,14577.25,0.51
M0096321,N,32,0,20516.24,0,2,1,4958.02,32306.68,3.31
M0096322,N,52,1,25742.49,0,1,0,4002.76,17009.91,2.76
M0096323,N,51,0,13621.73,1,0,0,8570.79,10321.25,3.3
M0096324,N,73,2,12145.69,0,0,0,892.98,8793.88,0.89
M0096325,N,80,3,12868.83,0,2,2,1763.79,9960.99,2.74
M0096326,N,23,1,17897.12,0,0,0,5209.15,10279.51,0.74
M0096327,N,41,0,20109.59,1,2,1,5963.96,29031.08,2.72
M0096328,N,78,0,4531.86,0,0,0,1117.12,3097.75,0.0
M0096329,N,31,2,9785.43,1,2,1,888.3,7129.57,1.68
M0096330,Y,56,4,262012.81,3,5,5,127080.6,222581.84,4.11
M0096331,N,21,0,5643.98,0,1,0,3212.61,5288.45,2.4
M0096332,N,28,2,25153.15,0,1,2,11389.07,26220.88,2.8
M0096333,N,42,0,9868.96,0,1,0,834.31,9427.77,1.1
M0096334,N,56,0,5719.51,0,0,0,1902.29,2982.53,1.76
M0096335,N,30,0,7685.19,0,0,1,2561.92,10523.47,0.0
M0096336,Y,55,6,374566.87,4,4,7,122207.8,227331.83,6.8
M0096337,N,73,2,15363.76,0,0,0,6044.31,6143.53,1.48
M0096338,N,60,1,32699.25,0,1,0,1512.39,37101.74,1.24
M0096339,N,30,1,21531.16,0,0,0,8037.59,19311.49,0.0
M0096340,N,72,1,11385.62,0,2,1,5529.65,8218.32,0.82
M0096341,N,78,1,3647.44,1,1,0,1822.01,3532.37,2.03
M0096342,N,72,3,3108.02,1,1,2,1938.86,3582.2,2.24
M0096343,N,25,1,21057.08,0,0,0,6731.97,12193.49,0.9
M0096344,N,23,1,14721.3,0,2,1,10011.71,3061.11,1.93
M0096345,Y,53,5,329660.67,2,1,5,114534.04,161442.48,8.26
M0096346,N,71,1,9226.62,1,1,0,1846.72,6526.69,1.36
M0096347,N,69,0,9709.3,0,0,0,6478.05,8270.01,0.78
M0096348,N,69,0,11132.55,1,2,2,4451.39,12995.67,2.61
M0096349,N,44,0,13444.97,0,1,1,8712.36,12643.93,1.82
M0096350,N,19,0,7895.77,2,0,0,1318.62,7516.8,0.6
M0096351,N,38,0,4357.98,0,0,0,2409.14,2178.78,0.99
M0096352,N,40,0,5277.31,0,1,1,2170.09,7053.03,0.38
M0096353,N,36,1,33628.0,0,0,0,2292.25,30217.44,3.25
M0096354,N,50,1,13736.28,1,0,0,3781.42,7117.43,1.52
M0096355,N,42,0,3718.65,1,0,0,966.47,2967.26,1.32
M0096356,N,35,0,6368.35,1,2,0,1693.49,7904.37,1.12
M0096357,N,78,1,13495.01,0,1,0,3632.69,13847.89,0.7
M0096358,N,20,0,24720.79,1,1,0,4495.27,26518.14,1.64
M0096359,N,58,1,8226.2,1,0,0,4378.84,7603.94,0.44
M0096360,N,26,1,17294.39,0,1,0,8810.31,11871.11,1.67
M0096361,N,65,0,8317.64,0,0,0,4116.89,3974.17,0.17
M0096362,Y,56,7,278602.09,3,4,4,126175.75,149595.67,5.33
M0096363,N,72,2,10887.46,1,1,0,6984.43,7531.92,3.37
M0096364,N,36,0,10411.19,0,1,1,4860.14,4536.31,0.0
M0096365,N,51,2,8151.29,0,1,1,1776.4,8543.99,0.79
M0096366,N,53,3,10028.12,0,0,0,4502.68,8403.86,1.23
M0096367,N,60,0,12103.94,0,1,1,6476.32,10746.67,1.38
M0096368,N,39,0,9708.11,1,0,0,4377.87,10127.32,0.57
M0096369,N,78,0,5465.87,1,1,0,4044.67,3848.28,0.12
M0096370,N,43,0,6054.72,0,0,0,1941.73,4421.06,0.32
M0096371,N,30,1,9811.33,0,1,0,2316.1,5929.18,0.17
M0096372,N,42,0,32269.49,0,0,0,4446.29,23906.81,0.52
M0096373,N,67,2,7053.73,0,0,0,1430.76,4861.79,0.02
M0096374,Y,74,5,250715.56,4,2,4,206497.8,91353.97,3.41
M0096375,N,24,0,6743.18,0,1,1,1990.62,4792.54,0.82
M0096376,N,36,0,15371.45,0,1,1,1093.34,12052.78,0.0
M0096377,N,45,1,55202.4,1,0,1,11339.02,36874.12,3.1
M0096378,N,63,1,18771.88,0,0,0,4258.55,11976.96,0.38
M0096379,N,50,5,12995.07,1,0,1,5084.65,5496.92,1.93
M0096380,N,48,2,8718.85,0,1,0,1777.55,7364.09,0.15
M0096381,N,47,1,3200.23,0,1,0,406.39,2507.17,0.0
M0096382,N,26,0,11212.33,0,1,0,4227.42,9207.12,2.07
M0096383,N,38,1,19409.25,0,0,0,8247.78,11128.8,2.53
M0096384,N,30,1,9837.41,0,2,0,4472.94,4357.7,1.84
M0096385,N,79,2,45951.69,0,0,2,2280.26,33852.59,1.04
M0096386,N,40,2,10625.77,0,0,1,2864.47,11181.17,1.91
M0096387,N,68,2,9096.26,0,1,0,3766.6,8593.63,1.35
M0096388,N,48,0,8126.06,0,1,3,1891.52,4821.89,1.11
M0096389,N,60,0,14363.57,0,1,0,2195.04,10104.75,1.14
M0096390,N,58,0,4824.21,0,0,0,4098.24,3820.65,1.4
M0096391,N,59,1,8576.15,0,0,0,2515.25,8701.29,0.0
M0096392,N,54,0,5025.41,0,2,0,2590.56,3154.15,0.69
M0096393,N,26,2,12249.79,1,0,0,8260.26,5913.13,0.79
M0096394,N,62,1,16422.21,1,0,0,315.84,14039.15,0.0
M0096395,N,63,0,5913.06,1,0,0,1577.68,5507.36,0.92
M0096396,N,51,1,42921.03,2,0,0,7873.49,27972.33,3.39
M0096397,N,49,0,7214.81,0,0,0,2215.16,4795.07,1.08
M0096398,N,38,0,6567.76,0,1,0,1548.16,4624.7,1.62
M0096399,N,44,0,12468.64,0,0,0,870.08,13162.0,1.65
M0096400,N,38,2,8786.26,0,0,0,4305.97,7743.48,1.22
M0096401,N,34,0,6272.53,0,0,0,5307.57,4458.36,1.17
M0096402,N,53,2,13350.99,0,1,1,2077.92,11929.37,0.35
M0096403,N,25,0,10123.19,0,2,2,9539.42,4916.02,1.19
M0096404,Y,65,4,329994.09,2,4,1,71597.87,243697.12,4.94
M0096405,N,38,2,22984.71,0,1,0,2931.54,24923.97,2.09
M0096406,N,61,1,20823.46,0,0,0,3125.38,14760.91,1.04
M0096407,N,25,1,3786.51,0,0,0,1347.13,4557.82,0.0
M0096408,N,57,0,7292.87,0,0,0,2453.78,7664.03,0.05
M0096409,N,27,1,3334.0,0,0,0,644.8,2919.77,0.14
M0096410,N,48,1,19918.33,0,1,1,7535.65,20835.93,1.11
M0096411,Y,39,5,174751.74,1,1,2,43269.27,129693.37,4.35
M0096412,N,59,0,31155.97,0,0,0,4083.35,21853.06,3.39
M0096413,Y,51,3,104769.98,1,2,4,35648.39,90883.68,4.96
M0096414,N,56,0,23753.23,0,0,0,1938.62,21904.41,1.03
M0096415,N,45,0,15361.18,0,0,0,3102.29,19633.94,1.57
M0096416,N,42,3,14240.75,0,3,0,5521.81,7027.37,2.61
M0096417,N,39,1,18517.26,0,0,0,6451.52,8072.41,0.0
M0096418,N,67,2,14672.81,0,0,0,3189.87,20379.82,0.6
M0096419,N,65,0,12149.45,0,0,0,4462.23,9666.42,1.63
M0096420,N,42,1,17970.25,0,0,1,4621.15,12033.32,0.56
M0096421,Y,70,6,177419.1,2,2,6,66934.63,166897.33,3.55
M0096422,N,38,0,5006.82,0,0,0,1532.29,6430.93,0.74
M0096423,N,66,1,13562.21,0,0,0,1774.63,19656.2,0.0
M0096424,N,53,1,5437.62,0,0,0,3267.81,6215.61,1.19
M0096425,N,68,0,5698.93,0,1,2,3189.69,4797.11,1.44
M0096426,N,71,3,3179.6,1,0,0,2370.38,2914.56,0.08
M0096427,N,49,1,21310.46,1,1,0,2000.78,21488.77,1.51
M0096428,N,27,0,8423.51,0,1,0,7043.37,3685.78,0.0
M0096429,N,79,0,32515.32,0,1,1,1340.44,27037.64,0.22
M0096430,N,77,0,21051.91,0,0,0,6214.96,14583.97,1.22
M0096431,N,60,0,4259.4,0,1,0,957.3,6420.99,0.56
M0096432,N,67,2,10136.23,1,0,1,4093.31,10003.59,0.04
M0096433,N,67,2,7373.2,1,0,1,1663.36,6460.16,0.99
M0096434,N,59,3,17197.86,0,1,1,8215.31,18928.42,0.6
M0096435,N,51,1,9449.49,0,1,0,1802.5,8699.71,0.0
M0096436,N,57,0,9366.95,0,0,0,4443.78,12173.94,1.54
M0096437,N,34,0,24468.76,1,0,0,14093.43,7347.69,0.74
M0096438,N,40,2,12912.88,0,0,1,1993.95,9541.48,1.46
M0096439,N,25,0,3726.81,0,0,0,1050.21,2160.31,0.0
M0096440,N,74,0,21411.85,0,1,0,13844.37,5828.54,0.98
M0096441,N,25,3,34915.94,2,1,0,6184.9,31165.38,0.2
M0096442,N,44,0,17984.91,0,0,0,15558.49,7866.89,1.46
M0096443,N,58,0,14918.2,0,1,0,2998.29,15471.4,1.8
M0096444,N,29,0,17243.87,0,0,0,2645.45,11153.29,0.7
M0096445,N,54,0,6172.29,0,1,1,2575.17,8000.07,0.0
M0096446,N,32,2,5599.76,0,0,0,788.85,7601.59,0.3
M0096447,N,42,2,17370.48,1,0,0,10970.13,7321.38,2.71
M0096448,Y,69,6,327864.58,4,7,3,95982.99,233967.57,5.71
M0096449,N,34,0,4785.6,0,0,0,1992.54,4370.36,0.04
M0096450,N,29,0,18578.93,0,0,0,3520.51,15303.6,0.11
M0096451,N,26,1,23455.98,1,1,1,8847.47,18479.55,0.55
M0096452,N,47,1,4794.64,0,0,0,996.37,4610.39,0.65
M0096453,N,69,1,32815.54,0,2,0,8565.18,20628.11,2.17
M0096454,N,38,0,8593.7,0,2,0,3309.4,4642.29,2.62
M0096455,N,56,0,18488.38,0,1,0,11210.69,4748.76,1.45
M0096456,N,22,3,8214.51,0,0,0,3766.35,3296.07,0.5
M0096457,N,69,0,2826.04,0,0,0,734.87,1949.4,0.98
M0096458,N,49,1,4382.82,1,0,1,2179.0,5647.83,1.4
M0096459,N,61,1,16351.68,0,0,0,5215.9,10626.87,1.33
M0096460,N,54,3,30066.16,1,3,1,5199.28,25612.0,2.91
M0096461,N,41,0,20710.74,0,0,1,7485.65,11869.08,2.16
M0096462,N,33,1,10853.22,0,1,1,5283.43,5568.4,2.1
M0096463,N,72,2,27066.35,0,0,0,5027.23,17845.99,0.62
M0096464,N,77,1,22118.62,2,1,1,10316.63,7366.53,0.61
M0096465,N,49,0,10330.55,0,1,0,3028.64,7045.24,0.89
M0096466,N,44,2,28211.11,1,0,0,5669.42,24200.12,1.43
M0096467,N,37,1,10546.25,0,0,2,1490.52,6749.94,1.97
M0096468,N,67,1,5473.86,0,0,0,4007.49,4942.43,1.0
M0096469,N,21,2,4913.57,0,1,0,1022.65,6183.38,1.24
M0096470,N,76,0,3150.36,0,0,0,1151.38,3454.17,0.0
M0096471,N,71,3,31608.53,0,1,1,13388.97,15716.08,1.62
M0096472,N,48,2,32182.64,1,1,0,14523.93,23198.63,1.32
