member_id,synthetic_high_cost_member_flag,member_age,chronic_condition_count,prior_year_paid_claims,inpatient_admissions,er_visits,specialty_rx_count,rx_paid_claims,medical_paid_claims,comorbidity_score
M0115671,N,65,1,10115.54,1,0,0,3416.82,11657.05,1.97
M0115672,N,74,0,6874.87,0,1,1,1450.89,4649.81,0.66
M0115673,N,74,0,4582.21,0,0,0,820.95,7355.02,0.22
M0115674,N,31,0,5125.09,0,0,0,983.02,3414.69,1.59
M0115675,N,32,1,11040.85,0,0,0,1739.78,9204.3,0.27
M0115676,N,50,2,23625.78,0,3,0,2976.28,15813.18,1.77
M0115677,Y,84,4,199725.02,3,3,4,49325.04,203288.64,7.2
M0115678,N,67,0,24385.77,1,0,0,3586.04,16184.12,1.61
M0115679,N,76,1,12297.12,0,2,2,1449.57,8650.89,0.36
M0115680,N,42,2,5700.59,0,0,0,1627.12,4635.05,1.09
M0115681,N,52,1,22316.16,1,2,0,2540.74,23606.48,1.59
M0115682,N,23,3,15971.7,0,1,0,6339.27,9116.46,2.04
M0115683,N,41,1,3759.13,0,0,0,2585.43,3418.2,1.26
M0115684,N,37,2,3062.88,0,0,0,688.0,2854.36,0.11
M0115685,N,32,0,5296.69,0,1,0,1637.25,6478.57,2.31
M0115686,N,39,0,9516.77,0,0,0,10419.09,2425.45,1.77
M0115687,Y,76,5,120987.04,3,5,1,45263.46,80630.67,3.11
M0115688,N,58,1,17120.77,0,0,0,5408.16,24184.84,0.78
M0115689,N,74,2,9665.66,0,0,0,9115.15,8206.17,2.06
M0115690,N,56,0,6440.04,0,0,0,2564.55,4647.42,1.2
M0115691,N,80,1,18429.91,0,2,0,2116.95,12470.1,1.08
M0115692,Y,40,5,460260.56,4,5,4,90931.79,480835.96,4.65
M0115693,N,43,1,2655.37,0,1,0,2245.07,2550.05,1.68
M0115694,N,80,2,11879.66,0,0,0,5192.22,13399.59,2.44
M0115695,N,38,0,6856.44,0,0,0,438.66,5042.17,0.24
M0115696,N,43,1,9187.51,0,0,0,7047.64,2777.38,1.02
M0115697,N,63,2,2986.96,0,0,1,1823.5,2457.42,0.0
M0115698,N,37,3,4275.21,1,1,0,1664.24,5829.03,0.86
M0115699,N,47,0,6343.78,1,0,2,1156.47,5234.54,1.1
M0115700,N,42,1,10665.07,0,0,1,4252.25,6670.33,0.05
M0115701,N,40,3,21445.14,0,2,1,12247.77,24951.0,2.54
M0115702,N,75,0,12769.28,0,0,0,1369.2,10011.1,1.31
M0115703,N,51,1,12387.62,1,2,0,3872.75,13666.95,2.3
M0115704,N,51,1,2728.95,0,1,1,1099.45,1577.0,1.61
M0115705,N,65,0,6846.69,0,0,1,2068.52,5727.02,0.0
M0115706,N,68,1,7126.9,0,0,0,2808.49,8868.17,1.92
M0115707,N,50,0,7218.62,0,0,0,2246.96,4718.4,2.47
M0115708,N,51,1,4541.92,0,2,0,403.36,4866.57,0.59
M0115709,N,54,3,9441.05,0,0,0,7467.13,1674.83,0.73
M0115710,N,33,0,5131.74,0,0,0,4275.33,3182.42,0.98
M0115711,N,48,1,21556.35,0,1,1,10465.64,11565.99,0.52
M0115712,N,53,0,4375.97,0,0,0,758.6,7010.06,0.0
M0115713,N,67,2,10820.59,1,0,0,5217.92,7901.42,1.42
M0115714,N,73,0,3642.54,0,0,1,1306.02,2435.53,1.57
M0115715,N,40,0,7404.85,0,0,0,7173.98,5118.53,0.48
M0115716,Y,48,6,169005.6,2,1,7,70924.35,127200.98,5.48
M0115717,N,65,2,8349.82,0,1,0,1489.87,12081.16,0.71
M0115718,N,75,2,3980.78,0,0,0,1469.45,1803.62,0.0
M0115719,Y,50,3,220595.74,5,2,1,86371.39,123537.09,5.54
M0115720,N,60,1,7888.98,0,0,1,1785.99,8244.4,2.0
M0115721,N,55,0,27793.73,1,0,1,2557.75,19208.34,0.12
M0115722,N,73,1,10401.61,0,0,0,4841.53,12294.08,0.72
M0115723,N,55,1,2781.67,0,0,0,627.58,2665.35,0.97
M0115724,N,80,0,20628.42,0,1,1,2711.2,21206.45,1.84
M0115725,N,62,0,6842.7,0,0,0,1382.57,4551.47,0.78
M0115726,N,59,1,12345.26,0,1,0,4824.51,10231.2,2.6
M0115727,N,74,0,4042.76,0,0,0,2229.17,2777.38,0.37
M0115728,N,45,1,4392.79,0,1,0,945.54,2705.73,0.7
M0115729,N,18,2,8745.8,0,0,0,1217.31,7438.08,0.0
M0115730,Y,68,5,168731.71,3,6,2,137994.01,94128.38,3.92
M0115731,N,43,0,26198.85,0,1,0,2650.59,18960.62,0.07
M0115732,Y,51,5,230088.73,3,2,3,92577.38,154912.13,5.99
M0115733,N,34,0,15026.29,0,0,0,1201.19,16745.18,0.99
M0115734,N,73,2,14588.06,0,1,0,1753.62,14940.19,1.51
M0115735,N,20,2,11295.99,0,0,0,1836.37,8012.69,1.52
M0115736,N,31,1,7220.12,0,1,0,500.64,6755.85,0.0
M0115737,N,38,0,9654.22,0,0,0,2036.87,7056.68,0.49
M0115738,N,59,1,9962.93,0,1,0,3522.42,13322.82,0.2
M0115739,N,38,1,14449.18,0,1,2,1466.84,21539.51,0.46
M0115740,N,50,0,5629.36,0,1,1,2715.68,6246.94,2.26
M0115741,N,47,0,11857.19,0,0,2,1788.27,9869.62,1.9
M0115742,N,39,1,26613.27,0,3,1,4006.9,34590.43,1.04
M0115743,N,42,2,6861.48,0,2,0,1409.29,5695.09,1.74
M0115744,N,18,3,3906.22,0,0,0,2015.68,4095.89,0.49
M0115745,N,40,1,49929.33,0,2,0,7317.99,38284.46,3.32
M0115746,N,23,0,11805.74,0,0,0,2421.23,8447.03,0.9
M0115747,N,24,2,3759.89,0,1,0,1866.53,3589.84,2.13
M0115748,N,42,0,40745.03,1,2,0,20756.69,13470.38,3.04
M0115749,N,71,0,12997.0,0,1,0,2936.46,7768.48,0.88
M0115750,N,76,0,5960.01,0,0,0,2515.27,3918.43,1.55
M0115751,N,56,0,7212.45,0,2,0,2945.4,3321.76,1.16
M0115752,N,59,1,4881.7,0,0,0,2369.97,6481.3,2.2
M0115753,N,23,3,17663.01,1,3,0,7800.03,14699.12,1.55
M0115754,N,51,3,24434.04,0,1,0,6872.82,13218.88,2.61
M0115755,N,27,0,4314.51,1,0,0,1516.83,3844.13,0.69
M0115756,N,53,2,18223.25,0,0,0,8920.73,9558.58,1.49
M0115757,N,73,1,8624.29,0,0,0,1342.01,6503.9,0.55
M0115758,N,52,1,23998.45,0,1,1,3841.0,27525.89,1.78
M0115759,N,79,1,6896.76,0,0,0,1890.43,5810.24,0.0
M0115760,N,36,2,14833.1,0,0,1,809.61,11972.87,2.23
M0115761,N,44,2,16500.36,0,0,0,834.88,15391.92,0.93
M0115762,N,30,1,6809.08,0,1,0,865.91,5188.98,1.2
M0115763,N,43,1,16443.32,0,1,2,1502.34,19142.29,3.2
M0115764,N,77,0,18827.38,1,2,0,3241.26,18139.64,3.04
M0115765,N,51,0,2856.17,0,0,0,1300.65,3790.27,0.98
M0115766,N,44,2,9230.32,0,0,0,4249.36,5556.22,0.12
M0115767,N,31,2,22268.1,0,0,0,5290.46,14271.26,1.72
M0115768,N,76,3,8247.28,1,1,0,2506.55,4566.9,1.35
M0115769,N,50,1,35726.49,0,1,3,5526.41,48941.69,3.19
M0115770,N,75,1,20639.59,0,2,0,13664.82,9224.18,2.21
M0115771,N,68,1,14002.9,0,1,0,8425.33,3408.5,0.44
M0115772,N,43,0,3930.85,0,0,0,859.13,3512.93,1.84
M0115773,N,56,0,3275.01,0,1,0,880.63,2531.54,0.22
M0115774,N,80,0,22354.56,1,1,0,11977.34,11005.25,1.52
M0115775,N,67,2,4843.48,0,0,0,708.0,4034.67,0.32
M0115776,N,63,0,6683.73,0,1,0,407.31,5555.79,0.0
M0115777,N,59,0,29024.37,0,0,0,14673.49,11018.26,2.12
M0115778,N,52,1,4448.44,0,0,0,1158.95,3978.82,1.69
M0115779,N,77,2,13349.48,2,2,1,2449.03,8482.28,1.58
M0115780,N,67,2,18429.9,0,1,0,10530.17,10851.17,2.67
M0115781,N,33,1,10709.24,0,1,0,1878.47,7340.73,0.59
M0115782,N,36,1,23146.46,1,0,0,4984.32,14023.08,1.25
M0115783,N,79,0,11574.68,0,0,1,984.62,11711.16,1.32
M0115784,N,28,0,6685.12,0,0,0,2042.55,3691.07,0.3
M0115785,N,53,0,9871.19,0,0,0,1597.48,6921.49,0.0
M0115786,N,36,3,17474.25,1,0,0,5058.75,20029.83,2.15
M0115787,N,27,1,7991.98,0,1,0,1565.31,5613.3,0.7
M0115788,N,23,1,6483.19,0,1,0,1867.16,9823.1,2.61
M0115789,N,38,1,26567.57,0,0,0,1384.14,25286.66,1.63
M0115790,N,53,1,3929.45,0,1,0,1510.48,3621.76,0.05
M0115791,N,40,0,6404.2,0,0,0,2632.73,8273.89,2.36
M0115792,N,71,0,6515.35,0,0,0,2626.2,5411.39,0.0
M0115793,N,45,1,8016.87,0,3,3,7653.93,5312.02,1.02
M0115794,N,53,3,19545.38,0,1,0,4218.6,11236.11,2.22
M0115795,Y,52,6,452674.77,4,6,6,189585.02,331088.74,7.22
M0115796,N,30,1,17747.77,2,1,0,5424.85,8955.52,1.49
M0115797,N,37,0,2469.57,0,0,0,736.48,2914.29,0.8
M0115798,N,67,2,21405.68,0,0,0,1117.86,18661.26,1.13
M0115799,N,18,2,13369.32,0,1,0,1910.57,10587.49,1.72
M0115800,N,28,0,7683.29,0,2,1,4614.98,1654.43,0.16
M0115801,N,33,2,16076.31,2,1,2,5531.7,7651.85,0.87
M0115802,N,54,0,5309.58,0,1,0,4003.37,3002.21,0.88
M0115803,N,51,0,8281.18,0,0,1,1020.75,5841.89,2.02
M0115804,N,78,2,7526.25,0,0,0,3397.08,4357.86,1.88
M0115805,N,25,1,8970.31,1,1,0,2954.77,8494.96,1.6
M0115806,N,32,1,22041.84,0,0,0,1628.84,31537.47,0.27
M0115807,N,21,0,3226.85,0,0,0,1098.02,2906.42,0.22
M0115808,N,18,1,5286.47,0,0,0,968.45,3551.25,0.07
M0115809,N,20,1,15981.57,1,1,1,3157.91,9403.81,1.09
M0115810,N,56,0,4414.82,0,1,0,613.96,4890.1,0.0
M0115811,N,78,2,16735.66,0,0,1,3885.61,10135.2,0.5
M0115812,N,76,3,22079.76,1,3,1,13854.45,5555.65,2.51
M0115813,N,62,3,7154.42,1,1,1,2591.76,8142.59,2.24
M0115814,N,61,2,7207.28,0,0,0,4769.98,4118.64,1.2
M0115815,N,39,1,8483.73,0,1,1,2177.92,6831.65,0.01
M0115816,N,18,2,4732.83,0,0,0,4324.27,2884.22,0.61
M0115817,N,58,2,18711.24,1,0,1,5295.92,17234.37,1.43
M0115818,N,31,0,3734.18,1,0,0,952.47,4899.59,1.06
M0115819,N,73,0,17248.04,1,0,0,1215.41,16022.48,0.0
M0115820,N,23,1,25397.47,0,0,0,1330.8,25581.13,0.84
M0115821,N,51,3,16022.73,1,0,1,3295.65,9884.14,0.85
M0115822,N,77,0,9275.15,1,2,0,1779.25,7942.76,0.83
M0115823,N,80,1,5041.9,0,0,0,716.18,7070.44,0.07
M0115824,N,31,2,20772.46,0,2,0,2781.41,15336.81,0.93
M0115825,N,31,1,12855.73,0,0,0,2831.2,10767.5,0.31
M0115826,N,28,1,17576.21,0,2,0,6826.0,8135.35,2.64
M0115827,Y,51,3,251956.03,2,2,4,38201.4,206464.82,4.1
M0115828,N,64,0,6728.79,0,1,0,2407.96,3061.23,1.11
M0115829,N,78,1,6315.93,0,0,0,1754.17,4740.52,0.25
M0115830,N,18,0,9781.32,0,0,0,1316.32,7635.47,2.34
M0115831,Y,57,4,164306.3,4,3,5,82534.67,79021.83,4.54
M0115832,N,68,0,15876.55,0,0,1,5329.2,9610.08,1.54
M0115833,N,57,2,5950.86,0,0,0,3652.31,5410.43,0.11
M0115834,N,52,0,22361.16,1,0,1,5199.41,19261.98,1.21
M0115835,N,22,3,10168.89,0,0,1,5046.47,9395.57,2.62
M0115836,N,25,0,15340.13,0,0,1,2765.21,12260.75,2.18
M0115837,N,55,0,3317.7,0,1,0,1288.55,2942.3,1.02
M0115838,N,51,0,10460.28,1,1,0,9552.87,5553.04,0.39
M0115839,N,39,2,10544.79,1,2,0,1960.12,17000.08,1.23
M0115840,N,52,2,9319.74,0,0,0,2720.13,10930.89,1.78
M0115841,N,34,1,3928.55,0,1,0,2150.15,3339.23,0.43
M0115842,N,52,0,3352.81,0,1,0,1656.79,4166.37,2.42
M0115843,N,77,3,25807.14,1,2,0,6621.48,19264.91,1.15
M0115844,N,50,0,3698.53,0,1,1,1050.87,2177.99,0.13
M0115845,N,74,1,9367.28,0,0,0,1561.98,6102.63,0.0
M0115846,N,76,0,6506.81,0,0,0,4103.92,4551.8,1.27
M0115847,N,56,1,1869.03,0,1,0,642.85,1941.84,0.0
M0115848,N,22,3,40268.33,0,2,2,5960.42,46217.19,1.81
M0115849,N,20,2,18259.06,0,1,0,849.38,24005.72,2.79
M0115850,N,73,0,7833.5,1,0,0,2303.83,3909.29,1.15
M0115851,N,29,0,12286.95,0,1,0,1870.09,9035.94,1.99
M0115852,N,63,2,13979.99,0,2,0,4596.05,19111.63,1.76
M0115853,N,57,0,24794.25,0,0,0,4229.98,15241.8,1.05
M0115854,N,37,0,3683.68,0,0,0,773.97,2142.85,0.36
M0115855,N,76,1,10903.8,1,1,0,2874.95,14338.71,0.0
M0115856,N,39,0,8892.41,0,0,0,773.48,7358.31,0.79
M0115857,N,54,2,8035.38,0,0,0,4411.31,6150.34,0.0
M0115858,N,21,1,5813.87,0,2,0,3968.75,3674.28,0.0
M0115859,N,62,1,1942.93,0,0,0,696.47,2233.06,0.0
M0115860,N,75,1,11555.35,0,0,2,2642.53,7039.61,1.06
M0115861,Y,85,7,206987.26,2,4,1,112019.22,161834.9,2.0
M0115862,N,28,2,15050.36,0,0,0,9174.26,6541.87,0.98
M0115863,N,28,3,8570.36,0,1,0,5185.63,7550.82,0.27
M0115864,N,59,2,7132.74,0,1,0,1640.33,9196.82,2.14
M0115865,N,51,1,36254.48,0,0,0,19709.01,14827.81,1.14
M0115866,N,49,0,7027.85,1,0,1,3806.22,6282.38,0.44
M0115867,N,18,0,4893.53,0,0,0,1101.9,5544.16,0.19
M0115868,Y,55,6,162847.29,3,2,1,78842.37,149376.87,2.0
M0115869,N,36,0,8923.11,0,0,0,5030.21,4891.96,0.84
M0115870,N,52,1,55515.38,1,3,0,2873.77,81794.47,0.62
M0115871,N,69,0,8456.21,0,1,2,1774.84,7628.94,1.76
M0115872,N,47,1,13708.72,0,0,2,526.01,17017.62,0.59
M0115873,N,61,1,26660.44,2,3,0,6802.77,29986.62,1.63
M0115874,N,19,2,13892.44,0,1,1,3218.34,10342.13,1.44
M0115875,N,49,0,5209.96,0,0,0,688.09,4976.72,1.0
M0115876,N,59,0,29542.16,0,1,0,9216.25,16577.8,1.45
M0115877,N,40,2,26653.85,0,0,0,11397.99,34626.59,2.19
M0115878,N,29,2,5812.06,0,0,1,1790.0,7286.46,0.0
M0115879,Y,40,7,650652.99,3,2,2,183324.58,452474.86,4.06
M0115880,N,63,3,9697.91,0,1,1,1978.06,11273.45,1.15
M0115881,N,46,0,16269.36,0,2,0,9180.98,8413.41,1.6
M0115882,N,57,2,17481.09,0,0,0,5860.88,13905.54,2.74
M0115883,N,28,1,21232.42,1,0,0,7511.03,15474.38,2.08
M0115884,N,73,1,13020.67,0,0,1,4000.69,12511.89,0.74
M0115885,N,33,0,5768.51,0,0,1,533.1,4635.78,0.34
M0115886,N,69,1,17058.14,0,0,0,988.91,14216.01,1.95
M0115887,N,41,2,9399.25,0,0,1,7747.76,3355.03,0.8
M0115888,N,75,1,19082.13,0,2,0,3499.78,14190.7,0.79
M0115889,N,60,2,21784.77,1,0,0,6149.52,27789.36,1.6
M0115890,N,69,3,10065.63,0,0,0,8036.48,3623.89,1.15
M0115891,N,79,0,16412.17,0,0,0,1371.97,18412.7,0.93
M0115892,N,50,2,8422.71,0,1,2,6884.95,6768.56,0.51
M0115893,N,48,0,15025.06,0,0,1,3651.21,10983.81,1.73
M0115894,N,77,1,3963.92,0,1,0,1935.64,3161.92,0.0
M0115895,N,77,2,68512.13,0,2,0,3370.47,64576.26,1.97
M0115896,N,72,3,18755.25,0,0,0,6436.17,9851.03,1.65
M0115897,N,25,0,4739.31,0,0,0,2961.15,3623.91,0.0
M0115898,N,63,1,23412.98,0,2,1,3318.6,15473.4,0.56
M0115899,N,80,1,22908.19,1,1,0,2111.38,22579.09,1.24
M0115900,Y,72,4,86240.75,4,4,4,37379.54,77497.97,3.9
M0115901,N,47,2,12930.98,0,1,0,7441.22,4566.87,2.26
M0115902,Y,82,3,149586.52,3,3,4,105704.65,97150.97,5.8
M0115903,N,34,2,18940.31,0,3,0,4072.83,16662.46,1.38
M0115904,N,68,2,10183.63,0,0,0,2264.82,8705.74,1.48
M0115905,N,47,1,13297.78,0,0,2,9591.51,7781.74,2.27
M0115906,N,59,1,6691.61,0,1,0,2404.2,3067.84,0.0
M0115907,N,75,0,9691.48,0,2,0,6131.1,11153.06,1.25
M0115908,N,80,1,4689.44,0,1,0,684.3,5411.05,1.43
M0115909,Y,60,3,133368.81,3,1,1,47391.96,81800.67,4.32
M0115910,N,68,2,39650.3,0,2,0,14683.27,24714.17,1.58
M0115911,N,58,1,10062.67,0,1,1,2850.11,6883.72,0.34
M0115912,N,43,0,16866.13,0,0,0,10235.86,8811.09,2.59
M0115913,N,57,0,23211.1,0,1,1,6950.11,33814.97,1.28
M0115914,N,67,0,5946.71,0,1,0,1641.43,9102.79,0.94
M0115915,N,18,0,9053.71,0,1,1,3713.64,5212.36,0.22
M0115916,N,44,2,9927.34,1,1,0,2103.66,5957.86,1.18
M0115917,N,55,2,8353.98,0,0,0,1739.0,9917.82,0.22
M0115918,N,44,2,16838.19,2,1,0,3074.47,13770.6,1.26
M0115919,N,25,0,19114.26,0,1,0,1444.05,14824.98,0.88
M0115920,N,52,1,6912.52,0,2,1,3765.15,3170.52,0.0
M0115921,N,52,3,16253.87,0,1,1,4728.98,9748.39,1.18
M0115922,N,40,1,12756.84,0,0,0,6445.59,3736.56,1.49
M0115923,N,78,0,27952.87,0,1,1,5875.97,27519.3,0.0
M0115924,N,74,0,39298.15,0,0,3,7385.91,24759.79,0.51
M0115925,N,76,0,14786.44,0,2,0,8612.29,5889.23,1.08
M0115926,N,52,1,25661.06,0,0,0,2446.88,28295.31,0.29
M0115927,Y,52,6,299691.68,3,3,3,67105.56,186370.67,4.89
M0115928,N,48,0,8557.29,0,1,0,2423.62,6237.92,0.8
M0115929,N,55,3,22333.96,0,0,0,12459.34,27629.2,1.04
M0115930,Y,55,2,115606.86,3,2,1,27537.0,108468.39,3.5
M0115931,Y,71,3,129419.58,2,3,1,57171.07,72024.66,6.09
M0115932,Y,67,3,167310.17,3,4,5,47211.56,129338.43,3.26
M0115933,N,31,0,4056.12,0,0,1,1386.11,3606.53,0.49
M0115934,N,62,0,10390.46,0,0,0,1609.13,8295.15,0.21
M0115935,N,23,2,12962.12,0,0,0,7764.04,8316.67,1.01
M0115936,N,67,2,5281.84,1,0,0,1957.22,4092.45,0.21
M0115937,N,21,0,6783.99,0,1,0,1973.79,3788.29,0.11
M0115938,N,24,2,10568.03,0,0,0,6578.14,7883.1,0.68
M0115939,N,25,0,18086.99,0,0,0,4544.06,10123.09,1.55
M0115940,N,75,2,11158.54,0,0,0,3390.98,5674.58,1.1
M0115941,N,37,2,12856.35,0,2,1,1211.17,12437.84,1.02
M0115942,N,27,3,3895.46,0,0,0,687.56,3568.96,1.21
M0115943,N,32,2,15969.74,1,2,1,606.53,16846.68,1.71
M0115944,N,73,3,7951.9,0,2,0,5782.13,3096.58,0.0
M0115945,N,64,0,5821.46,0,1,0,2478.16,4311.53,0.63
M0115946,N,22,0,16775.79,0,1,0,4666.34,10420.08,1.62
M0115947,N,41,0,14795.37,1,1,1,4615.07,10420.77,2.38
M0115948,N,59,0,6305.07,0,0,0,4546.75,4539.21,0.95
M0115949,N,32,0,9729.31,0,0,0,1416.05,8357.98,0.0
M0115950,N,64,1,13249.32,0,1,0,3051.27,14967.47,2.23
M0115951,N,78,0,3284.05,0,0,0,1799.21,2635.41,0.29
M0115952,N,64,0,3039.44,0,0,0,1086.36,3953.19,1.3
M0115953,N,53,1,9008.86,0,0,0,1852.69,9203.06,0.74
M0115954,N,79,2,4770.91,0,0,0,1990.94,2670.19,0.0
M0115955,N,49,0,7921.61,0,0,0,730.59,7846.09,0.98
M0115956,N,70,0,3255.19,0,0,0,213.68,2970.28,1.64
M0115957,N,39,0,36646.52,0,2,0,16682.41,13333.15,1.88
M0115958,N,53,1,9604.5,0,0,0,1386.8,7267.73,0.0
M0115959,N,26,0,8583.23,0,0,0,1339.64,5861.83,0.0
M0115960,N,41,1,6866.84,0,0,1,3292.11,3798.13,1.66
M0115961,N,45,0,4548.5,0,0,0,1761.23,5826.35,0.85
M0115962,N,36,2,10045.41,1,1,0,4931.92,9067.78,0.0
M0115963,N,54,4,16143.58,0,1,0,6642.96,21003.4,2.27
M0115964,N,65,1,13353.33,2,3,1,6042.28,12518.4,2.43
M0115965,N,32,3,9374.1,1,1,0,3515.21,10111.81,2.32
M0115966,Y,43,5,592740.5,5,7,6,104177.75,427845.77,7.07
M0115967,N,60,2,14967.92,0,0,0,4816.83,7269.0,0.61
M0115968,N,19,0,13261.66,0,0,0,2867.18,13266.97,1.89
M0115969,N,36,2,9078.0,0,2,0,2883.38,6764.5,0.64
M0115970,N,61,0,7292.18,0,0,0,374.85,5550.21,0.79
M0115971,N,32,1,13253.38,0,0,0,1674.88,12985.04,1.11
M0115972,N,69,4,25625.2,0,1,2,12771.77,11182.49,2.18
M0115973,N,45,2,28640.6,0,1,1,8280.12,16420.47,2.45
M0115974,N,48,2,5939.39,0,2,0,2452.47,3736.8,1.64
M0115975,Y,86,4,141856.25,1,1,3,30459.59,109799.44,3.72
M0115976,N,33,0,15443.0,1,1,0,3090.0,14048.38,0.94
M0115977,N,30,0,16654.03,0,0,0,3047.13,11573.43,0.0
M0115978,N,38,0,11729.83,0,0,0,1787.14,11135.72,1.53
M0115979,N,62,3,12496.43,0,1,0,3052.4,11309.75,0.04
M0115980,N,47,2,8186.66,0,3,0,1022.12,13694.23,1.24
M0115981,N,45,2,21593.86,0,1,0,9710.54,28869.55,2.38
M0115982,N,21,0,7379.69,0,0,0,744.74,9710.17,1.75
M0115983,N,59,0,12960.88,1,2,0,1708.24,16301.22,1.25
M0115984,N,60,0,3323.41,0,0,0,920.89,2495.71,1.2
M0115985,N,32,2,19651.32,0,0,0,2291.45,18482.13,1.8
M0115986,N,55,0,3846.92,0,1,0,682.89,3304.81,1.56
M0115987,N,53,2,7416.17,0,0,0,2136.84,11303.12,0.87
M0115988,N,33,0,2437.94,0,1,0,741.2,2973.52,1.16
M0115989,Y,82,3,247820.39,3,3,2,116694.12,124044.65,4.43
M0115990,N,43,0,9214.05,0,1,0,3532.5,6781.84,1.3
M0115991,N,23,0,5910.78,1,0,0,2158.42,2986.29,0.0
M0115992,N,70,0,5025.96,0,3,0,1430.48,4223.38,0.97
M0115993,N,35,2,16848.12,0,2,0,2206.69,20481.85,0.61
M0115994,N,34,0,4332.07,1,0,0,1475.9,3152.07,1.08
M0115995,N,31,2,6022.11,0,0,1,2644.61,3267.43,0.0
M0115996,N,33,0,2729.32,0,0,0,1194.76,2068.05,0.14
M0115997,N,73,2,39037.93,0,0,1,23804.4,19846.39,1.41
M0115998,N,40,1,8100.09,0,0,0,4922.44,5834.74,2.93
M0115999,N,32,0,4121.05,0,1,0,1758.81,4480.64,0.11
M0116000,N,51,0,6204.11,0,2,1,1294.14,7920.53,0.45
M0116001,N,30,1,7660.64,0,1,2,3561.87,2607.52,0.0
M0116002,N,70,1,2842.58,0,0,0,1150.77,3037.92,0.58
M0116003,N,45,2,27444.74,0,0,0,3618.4,23560.21,1.77
M0116004,N,58,0,11680.78,0,0,0,3353.36,9136.86,1.56
M0116005,N,44,2,16540.28,0,2,0,4072.01,10235.53,2.38
M0116006,N,79,2,29934.27,0,1,0,4273.03,20337.32,1.55
M0116007,N,40,1,31270.43,0,1,0,2634.76,23422.07,3.32
M0116008,N,52,1,8168.61,0,1,0,3660.75,6508.72,0.0
M0116009,N,47,2,3188.8,0,0,0,693.47,3483.22,0.68
M0116010,N,33,3,14493.68,0,0,0,1571.5,10883.32,0.12
M0116011,N,52,4,10765.99,0,3,1,5216.43,14076.03,1.5
M0116012,N,45,0,6048.02,0,1,0,1059.45,6646.36,0.0
M0116013,N,20,4,10621.86,0,1,0,5393.77,12398.67,1.38
M0116014,N,36,0,3974.92,0,0,0,2485.6,4447.5,2.72
M0116015,N,52,3,22414.13,1,1,0,2615.49,20066.4,1.46
M0116016,N,59,3,8212.38,0,2,0,4809.24,8246.48,0.78
M0116017,Y,63,6,195104.8,3,7,4,132066.3,146081.99,6.19
M0116018,N,56,2,6217.57,0,3,0,1116.01,8377.61,2.09
M0116019,N,77,0,9991.03,1,1,0,2377.59,5685.62,0.12
M0116020,N,78,1,25112.79,0,0,0,9335.71,15763.05,1.18
M0116021,N,59,0,12583.32,0,2,0,2361.19,9756.98,0.0
M0116022,N,50,0,7495.51,0,0,0,1814.16,4549.8,0.52
M0116023,N,76,2,16982.55,1,1,0,1239.44,12602.5,0.0
M0116024,N,29,2,4704.2,0,0,0,1026.63,6899.55,0.41
M0116025,N,22,2,18200.38,0,1,0,4319.62,17823.36,1.07
M0116026,N,68,0,4427.25,0,0,0,1532.32,2468.44,0.76
M0116027,N,36,2,20667.91,0,0,0,3524.41,13664.49,1.15
M0116028,N,40,0,6768.27,0,0,0,2627.18,8378.05,1.19
M0116029,N,31,2,11413.8,1,0,0,3080.46,6712.7,0.09
M0116030,N,29,0,7581.87,0,0,0,2358.13,5911.74,0.75
M0116031,N,31,0,19955.34,0,1,0,6452.73,10441.82,1.0
M0116032,N,20,3,2960.28,0,2,1,1615.8,3552.17,1.94
M0116033,N,19,1,6662.52,0,1,0,1233.49,4494.72,1.12
M0116034,N,52,0,5813.12,1,0,1,2727.79,2150.46,0.6
M0116035,Y,39,4,159919.67,4,2,2,61933.93,98380.58,3.6
M0116036,N,41,2,24960.99,0,0,1,4001.69,20498.33,1.69
M0116037,N,55,3,23852.56,0,1,0,967.55,36225.79,1.53
M0116038,N,61,1,19125.96,0,0,0,1398.19,30615.23,1.51
M0116039,N,36,0,19225.46,0,0,0,10320.53,12660.16,1.96
M0116040,N,56,1,5033.46,0,0,0,2402.63,6409.32,0.61
M0116041,N,79,1,11331.71,0,0,1,3975.34,4893.27,0.57
M0116042,N,74,1,7084.98,0,0,1,2634.27,4159.89,1.15
M0116043,N,20,2,57725.97,1,0,2,9822.62,55581.63,1.27
M0116044,N,64,0,19964.99,1,3,2,6127.2,12434.17,1.67
M0116045,N,70,2,16089.01,0,1,1,3771.62,20221.86,1.45
M0116046,N,76,1,15758.93,0,0,1,7447.81,11620.97,2.23
M0116047,N,68,0,4143.04,0,1,0,1024.18,3087.47,0.0
M0116048,N,79,2,16991.39,0,0,0,1107.27,18370.47,0.0
M0116049,N,32,1,20472.3,0,2,0,7169.97,21262.76,2.76
M0116050,N,68,0,19137.07,1,0,0,4065.17,25298.73,0.81
M0116051,N,24,1,25680.8,0,1,0,938.84,23043.48,1.73
M0116052,N,43,0,5668.9,0,0,0,2850.5,6002.41,1.92
M0116053,N,60,2,6695.56,0,2,1,1970.58,7091.04,1.57
M0116054,N,43,0,6593.0,0,0,0,1567.71,5413.19,0.53
M0116055,N,26,0,5521.72,0,1,0,4438.48,4147.87,2.74
M0116056,N,66,2,31658.66,0,0,0,5946.79,26734.11,0.76
M0116057,N,33,2,3487.98,0,1,2,2306.96,3461.39,0.0
M0116058,N,49,0,9461.43,0,1,0,2892.47,7506.5,0.0
M0116059,N,41,2,18993.12,1,0,0,5697.62,14023.82,1.26
M0116060,N,59,3,6600.92,1,0,0,3252.62,5490.26,1.41
M0116061,N,69,1,7488.15,0,1,1,2105.84,4502.65,1.94
M0116062,N,70,2,11609.5,1,1,1,3958.6,5890.32,1.73
M0116063,N,46,0,25093.34,0,1,1,7300.21,13076.92,0.55
M0116064,N,42,3,17292.91,1,0,0,4137.93,10922.66,0.82
M0116065,N,80,1,7448.4,0,3,0,1461.41,6016.73,1.22
M0116066,N,80,2,33158.85,0,2,0,9897.47,16229.2,2.02
M0116067,N,70,0,4976.55,0,1,0,978.03,3996.17,0.19
M0116068,N,67,1,21450.54,0,0,0,1825.02,17701.87,0.79
M0116069,N,41,0,9251.59,0,0,1,3227.7,8552.84,1.1
M0116070,N,76,1,3688.48,0,0,2,1002.29,5165.04,0.59
M0116071,N,38,0,8627.45,0,0,0,1236.73,5675.08,1.16
M0116072,Y,77,6,437635.27,3,1,6,141698.07,252488.61,8.11
M0116073,N,76,0,13373.58,0,2,1,3491.65,7451.42,0.47
M0116074,N,70,0,5632.96,0,2,0,2523.95,5978.44,1.34
M0116075,N,30,2,19944.05,0,0,0,12196.1,9225.34,1.08
M0116076,N,42,0,5305.25,0,0,0,2024.01,3383.97,0.24
M0116077,N,52,1,12296.1,0,3,0,4081.1,9013.95,1.15
M0116078,N,65,3,12731.57,1,0,1,934.95,10848.58,0.75
M0116079,N,51,2,21940.77,0,0,0,7180.67,20776.37,2.01
M0116080,N,72,2,9846.03,1,2,1,6887.35,4231.26,1.3
M0116081,N,61,1,12631.06,0,2,0,2848.42,12483.91,1.82
M0116082,N,70,1,11967.56,0,1,0,5875.78,6579.42,0.64
M0116083,N,69,0,12140.86,0,1,1,3080.7,6920.9,1.99
M0116084,N,29,1,15427.69,0,2,0,9181.5,11834.59,0.98
M0116085,N,61,1,5858.86,0,2,0,1792.77,5218.27,0.47
M0116086,N,54,0,4823.51,0,0,0,1454.07,6777.18,1.03
M0116087,N,30,0,13847.39,0,0,0,992.94,11321.19,1.04
M0116088,N,47,2,2564.21,0,0,1,755.37,3392.88,1.6
M0116089,Y,62,3,127463.18,3,2,1,43454.62,127889.61,2.0
M0116090,N,51,1,88386.96,0,1,0,14291.08,76250.57,1.23
M0116091,N,48,0,16901.12,0,1,1,5991.43,8017.1,2.96
M0116092,N,51,0,12677.6,0,1,0,1544.97,16957.78,1.5
M0116093,N,71,1,14340.96,1,0,0,4223.54,8042.0,0.0
M0116094,N,57,1,25193.24,1,0,1,4045.6,17295.38,1.41
M0116095,N,50,0,17257.51,1,1,1,1225.6,13047.73,0.24
M0116096,N,24,2,10113.51,1,0,0,3088.8,6351.85,0.29
M0116097,N,18,0,7143.06,0,1,0,896.41,6561.69,0.0
M0116098,N,44,1,16420.58,1,2,0,12479.91,5595.66,0.11
M0116099,N,18,0,3858.2,0,0,0,605.03,2656.58,1.21
M0116100,N,65,1,13675.18,0,0,0,6069.92,6360.54,1.36
M0116101,N,20,0,9232.29,0,1,0,1956.63,9722.92,0.88
M0116102,N,30,1,9618.36,1,1,0,3724.88,6085.57,2.68
M0116103,N,37,0,9422.62,0,1,1,1848.55,7606.49,1.32
M0116104,N,37,3,14155.15,1,1,0,10087.28,6924.95,1.45
M0116105,N,60,1,50914.47,2,2,0,4263.59,53031.41,1.81
M0116106,N,23,0,9161.86,0,0,0,5068.39,3316.4,0.83
M0116107,N,20,2,12104.67,1,0,0,4085.5,7404.8,0.12
M0116108,N,45,2,8940.61,0,1,1,2356.99,11771.98,0.21
M0116109,N,80,1,5318.13,0,0,0,1551.51,2720.69,0.0
M0116110,N,78,2,9017.26,0,1,0,3931.02,9690.11,1.42
M0116111,N,54,0,6717.68,0,1,2,1891.57,4467.66,0.0
M0116112,N,42,1,18523.4,0,2,0,7573.16,22961.6,1.49
M0116113,N,35,2,17931.39,0,1,0,3469.16,14563.09,2.67
M0116114,N,46,0,43919.47,0,1,0,10855.6,37167.35,1.33
M0116115,N,37,0,2612.69,1,0,0,1233.36,994.7,0.0
M0116116,N,54,0,5095.33,0,0,0,1671.69,2531.6,1.14
M0116117,N,30,0,5570.76,0,2,0,1172.88,6247.99,1.95
M0116118,N,33,2,9073.67,1,1,0,1691.09,6130.22,0.0
M0116119,N,77,2,13219.25,0,2,0,2243.97,20514.31,0.76
M0116120,N,32,0,23868.95,0,2,1,1451.06,21647.66,1.62
M0116121,N,43,0,10084.19,0,0,0,3818.29,6475.55,1.83
M0116122,N,31,4,13327.84,0,3,0,5270.22,9138.36,2.42
M0116123,N,42,2,14073.37,0,2,0,4561.58,8014.1,0.11
M0116124,N,50,1,39411.12,1,1,0,4632.52,35502.91,2.63
M0116125,Y,69,4,368601.39,4,6,4,151236.11,168051.48,5.27
M0116126,N,67,2,20127.32,0,1,0,6736.17,12466.82,0.46
M0116127,N,27,0,4990.22,1,2,0,1719.31,5526.46,0.61
M0116128,N,41,1,13717.54,0,2,0,4717.64,14783.18,2.05
M0116129,N,67,0,6699.31,0,0,0,1792.21,9935.51,0.52
M0116130,N,72,2,9892.7,0,0,1,2703.82,9765.46,0.92
M0116131,N,48,1,7495.91,0,2,0,2680.36,3880.69,0.49
M0116132,N,19,1,18751.14,0,2,0,7325.5,9006.04,0.06
M0116133,N,30,1,3577.4,0,2,0,1687.73,2481.57,0.23
M0116134,N,34,0,11647.4,0,1,0,10081.53,8709.8,2.04
M0116135,N,43,2,7761.32,0,0,1,1865.57,4910.58,0.0
M0116136,N,75,0,15724.61,1,1,0,5408.61,17801.83,1.32
M0116137,N,56,3,15792.17,0,1,0,4308.31,19028.53,1.57
M0116138,N,64,1,9147.13,0,0,0,4166.86,3864.09,1.02
M0116139,N,20,1,2949.31,0,0,0,1976.89,2522.44,1.19
M0116140,N,30,1,14516.89,0,1,0,5614.79,6731.04,0.75
M0116141,N,50,0,12284.48,0,0,0,2134.34,8279.17,0.15
M0116142,Y,50,4,349791.14,5,1,3,113312.56,266268.58,5.62
M0116143,N,59,1,6611.86,1,1,1,4537.78,5259.96,1.45
M0116144,N,65,0,3793.72,1,0,0,1092.49,3530.11,0.0
M0116145,N,45,2,10243.2,0,2,0,2251.55,6336.53,2.76
M0116146,N,51,0,4953.4,0,1,2,486.16,8140.41,0.21
M0116147,N,62,1,6728.28,0,0,0,2079.77,7408.78,1.05
M0116148,N,24,0,5903.31,1,2,0,5306.26,2452.84,0.92
M0116149,N,20,2,22179.66,0,1,0,5237.04,14592.83,2.02
M0116150,N,32,2,2715.3,0,0,1,1351.11,2741.96,0.71
M0116151,N,53,0,5016.97,0,1,0,1073.27,3989.16,0.8
M0116152,N,69,0,17547.79,0,0,0,3034.6,12424.76,1.16
M0116153,N,26,0,3971.06,0,1,0,1759.71,1557.5,1.07
M0116154,N,68,0,9777.85,0,0,1,3266.62,9951.9,0.64
M0116155,Y,82,7,306330.88,4,4,3,113499.33,143961.67,6.3
M0116156,N,69,1,5834.95,0,0,0,3170.27,7098.0,1.21
M0116157,N,78,3,11725.84,1,1,2,6624.83,6574.58,0.82
M0116158,N,68,2,6421.54,0,1,0,1362.11,9522.21,0.0
M0116159,N,54,0,2787.87,0,0,1,1305.9,2596.41,1.06
M0116160,N,32,1,19517.78,0,0,0,1087.34,14343.94,1.05
M0116161,N,73,1,11980.11,0,3,0,2889.91,16091.84,3.14
M0116162,N,53,1,10244.74,0,0,0,1330.0,6686.9,1.21
M0116163,N,60,2,8858.04,0,1,0,2580.2,8634.97,0.52
M0116164,Y,43,6,298994.02,3,2,1,56599.31,207790.22,4.43
M0116165,N,63,1,8146.71,0,1,0,1998.47,5713.78,1.21
M0116166,N,68,1,16459.82,0,0,2,4248.27,9690.14,1.05
M0116167,N,24,0,40645.8,0,2,1,901.66,45110.93,2.12
M0116168,N,68,0,13475.44,0,0,1,2371.69,11292.45,1.25
M0116169,N,22,0,14293.05,0,0,1,2669.47,11718.75,1.26
M0116170,N,53,1,29137.08,0,0,1,1730.8,28669.33,0.97
M0116171,N,63,0,3079.92,0,0,0,1166.0,4122.15,0.0
M0116172,N,69,2,16066.81,0,0,0,6265.12,8449.12,0.0
M0116173,N,43,1,9700.81,0,2,1,4937.2,12244.94,1.87
M0116174,N,69,0,15603.1,0,2,0,2843.07,22191.37,1.5
M0116175,N,74,0,7331.79,0,0,1,2938.55,3117.23,0.9
M0116176,N,31,1,6803.38,0,0,0,538.6,4828.82,0.12
M0116177,N,41,2,8624.84,0,0,1,1702.28,9226.97,2.27
M0116178,N,49,1,6644.71,0,0,0,5642.99,2866.79,2.13
M0116179,N,57,2,9019.98,0,2,0,7007.26,6736.51,3.23
M0116180,N,30,2,22082.33,0,2,0,4077.82,17142.45,1.73
M0116181,N,21,3,8199.1,0,0,0,833.31,10782.26,0.42
M0116182,N,67,2,11375.16,0,1,0,892.83,8531.44,2.4
M0116183,N,55,0,3594.69,1,0,0,1090.97,4615.63,0.83
M0116184,N,76,2,33246.13,0,1,0,8650.69,21536.31,1.47
M0116185,N,59,2,9420.77,0,1,0,2622.04,11057.14,0.45
M0116186,N,68,1,14295.25,0,1,0,1110.28,10268.82,0.51
M0116187,N,37,1,42978.37,0,0,0,7140.49,39130.35,0.0
M0116188,N,52,2,7582.36,0,1,0,2601.21,3699.7,2.16
M0116189,N,72,2,42627.94,0,1,0,6310.25,33098.59,1.2
M0116190,N,19,0,6711.71,0,1,1,2351.28,4630.52,1.54
M0116191,N,80,1,17974.08,0,2,1,4710.18,18274.15,3.12
M0116192,Y,40,5,217835.66,2,1,3,87203.05,136319.8,3.03
M0116193,N,62,1,17396.36,0,1,0,3002.31,11400.33,2.11
M0116194,N,40,0,5727.35,1,0,0,2134.47,3334.77,1.64
M0116195,N,63,3,22773.39,1,2,1,4148.84,24809.2,1.0
M0116196,N,22,2,5238.94,0,0,0,4173.89,4228.38,1.74
M0116197,N,39,0,4543.81,0,0,0,433.7,5978.97,0.0
M0116198,N,56,3,18665.31,2,0,0,4361.69,18201.99,2.57
M0116199,N,56,0,16572.99,0,0,0,2895.46,11222.7,0.53
M0116200,N,70,1,22683.76,0,1,0,6218.91,14899.87,3.79
M0116201,N,26,0,8854.86,0,0,0,2819.88,6557.62,0.25
M0116202,N,64,1,25406.16,0,1,0,4612.25,19619.18,0.07
M0116203,N,72,0,3414.96,0,1,0,1856.41,3619.46,0.0
M0116204,N,69,0,4140.59,0,0,0,346.5,7171.61,0.62
M0116205,N,54,4,12124.93,0,0,2,5955.33,13369.03,1.07
M0116206,Y,83,4,165294.81,1,2,4,47989.31,166812.11,3.14
M0116207,N,35,0,15578.46,0,0,0,3983.34,14827.14,1.49
M0116208,N,80,2,5921.28,0,2,0,672.7,9076.71,1.91
M0116209,N,47,0,11048.63,0,0,1,3490.32,8303.26,1.91
M0116210,N,65,0,3856.65,0,0,0,742.89,4353.1,0.22
M0116211,N,52,3,13552.88,1,1,1,2929.72,19020.26,2.72
M0116212,N,57,2,7301.1,1,1,0,5448.19,3597.51,0.32
M0116213,N,72,0,3864.01,0,0,0,1347.71,3215.46,1.57
M0116214,N,30,1,14154.74,0,0,0,3276.26,11071.12,1.81
M0116215,N,78,0,7857.33,1,0,1,2564.61,10220.28,1.79
M0116216,N,61,1,38205.5,1,3,0,8436.35,22123.2,3.0
M0116217,N,28,0,15952.55,0,0,0,7345.46,5704.08,0.75
M0116218,N,31,1,3750.09,0,1,0,2089.54,4566.71,0.0
M0116219,N,26,1,21750.39,0,0,0,13416.6,6431.64,0.7
M0116220,N,45,0,4038.59,0,2,0,3404.27,3336.03,0.87
M0116221,N,47,0,18076.11,0,0,0,5067.76,20954.59,0.85
M0116222,N,48,2,4818.83,0,1,0,1872.11,4557.59,1.63
M0116223,N,65,0,37091.48,0,0,0,3162.43,30094.66,1.23
M0116224,N,41,0,10251.3,0,1,0,993.54,7474.27,0.56
M0116225,N,31,2,15080.46,0,0,0,3044.58,10606.47,1.16
M0116226,N,20,0,7814.89,2,2,0,5407.2,6871.54,1.55
M0116227,N,18,1,9016.84,1,2,0,3121.25,5355.55,2.32
M0116228,Y,73,7,405490.89,3,6,3,139903.75,202017.46,6.78
M0116229,N,58,0,14824.05,1,0,0,10932.64,6894.27,1.12
M0116230,N,46,2,29542.02,0,0,0,4702.7,25480.07,1.06
M0116231,N,38,0,13914.92,0,1,1,7948.18,5843.61,2.19
M0116232,N,73,2,8897.35,0,0,0,1432.54,11040.32,0.0
M0116233,N,62,1,3911.99,0,0,0,2060.58,3210.2,0.83
M0116234,N,34,1,8338.44,0,0,0,2573.39,5895.39,1.3
M0116235,N,39,0,27554.48,0,1,0,1526.09,24915.68,1.12
M0116236,N,18,0,3235.56,0,0,0,1293.12,3100.42,0.71
M0116237,N,77,1,21359.98,0,0,0,3832.94,21303.68,2.53
M0116238,N,69,0,2394.4,0,2,0,1236.92,1908.85,0.0
M0116239,N,47,0,8789.01,1,0,1,3464.39,5749.2,0.0
M0116240,N,71,2,22762.47,0,1,2,7793.03,11789.86,1.72
M0116241,N,58,1,7111.41,0,0,0,2254.56,3622.72,0.41
M0116242,N,44,1,6808.96,0,0,0,963.98,5510.3,1.26
M0116243,N,67,3,17053.15,1,0,1,6480.58,7366.42,1.43
M0116244,N,63,0,6942.56,1,1,1,4124.93,4018.0,2.62
M0116245,N,19,1,8826.04,0,2,0,2611.53,4796.72,1.75
M0116246,N,47,3,22576.98,0,2,0,20648.38,11030.71,1.01
M0116247,N,68,4,22312.43,0,3,0,4041.79,24352.3,2.96
M0116248,N,76,0,9371.67,0,0,0,4975.47,8925.85,0.91
M0116249,N,49,1,8983.64,1,0,0,3088.8,4162.88,1.56
M0116250,N,70,1,9371.78,0,2,0,2510.21,9632.72,1.14
M0116251,N,65,1,17674.95,0,0,0,6122.24,10213.5,0.79
M0116252,N,69,0,2654.23,0,1,0,392.41,2480.65,0.21
M0116253,N,23,3,32596.05,0,1,0,7087.38,45715.42,2.38
M0116254,N,50,0,15515.52,1,2,0,821.83,13300.7,3.76
M0116255,N,65,1,7548.03,0,2,0,2161.48,6190.9,1.08
M0116256,N,52,0,15781.89,0,1,0,8657.57,5329.03,0.85
M0116257,N,60,2,5376.4,0,2,1,4011.26,2956.96,1.11
M0116258,N,29,1,5227.67,0,1,0,2200.13,4140.38,1.62
M0116259,N,70,1,3645.19,1,0,1,2693.49,3639.7,2.5
M0116260,N,54,0,11775.68,0,2,0,4362.71,5069.91,0.09
M0116261,N,63,1,24002.25,0,0,0,3487.14,18997.26,1.46
M0116262,N,28,1,7606.94,0,1,0,1962.56,6060.73,0.78
M0116263,N,55,0,14165.09,0,0,0,1165.6,11218.89,0.41
M0116264,N,43,2,10388.73,0,0,0,2499.76,9407.75,0.73
M0116265,N,18,2,19897.27,0,0,0,6330.37,16653.38,1.89
M0116266,N,50,1,13061.0,0,1,1,7359.94,9406.82,0.06
M0116267,N,38,1,16804.59,0,0,0,3302.84,25354.19,2.03
M0116268,N,70,2,6219.36,0,0,0,2651.34,5872.8,1.06
M0116269,N,24,0,14459.57,0,1,0,5771.24,7026.28,0.28
M0116270,N,30,1,11928.65,0,0,0,4614.59,6136.59,0.35
M0116271,N,43,0,9607.28,0,0,0,2416.75,5545.45,0.0
M0116272,N,57,2,9173.36,0,0,1,1748.6,6219.06,0.76
M0116273,N,30,1,5369.34,0,1,0,2736.28,5366.14,1.87
M0116274,N,49,1,14042.01,0,1,0,1507.95,18837.27,0.72
M0116275,N,60,0,9186.26,0,1,2,1354.03,8894.47,0.54
M0116276,N,51,0,3475.23,0,0,0,1472.45,4068.82,1.53
M0116277,N,40,1,6035.55,0,0,0,3922.67,1583.29,1.59
M0116278,N,77,0,10581.82,0,1,0,774.34,7531.08,1.28
M0116279,N,60,0,7178.27,0,0,0,2274.26,4915.09,0.28
M0116280,N,18,1,26690.99,0,1,0,11701.54,11749.7,1.25
M0116281,N,61,3,16355.5,0,1,0,12144.85,7647.93,1.02
M0116282,N,48,2,19959.78,0,1,0,5661.56,15346.36,1.74
M0116283,N,79,3,11544.28,0,1,0,1224.07,8841.41,0.99
M0116284,N,48,1,33138.63,0,1,0,27955.97,12970.25,2.79
M0116285,N,37,4,19098.17,0,0,0,3367.33,19899.88,0.73
M0116286,N,60,0,24301.93,0,1,0,2532.26,19631.57,0.21
M0116287,N,47,1,15936.56,0,0,1,3760.73,21956.86,1.56
M0116288,N,63,1,6604.07,0,0,0,2304.9,4219.46,1.3
M0116289,N,28,1,15674.2,1,2,1,6629.92,9289.08,0.03
M0116290,N,79,0,11831.16,0,0,0,5693.16,14165.37,0.72
M0116291,N,34,0,10046.51,0,0,1,2995.53,7404.67,0.78
M0116292,N,23,0,11158.37,0,1,0,7261.2,4972.98,1.74
M0116293,Y,70,5,193789.06,2,4,4,80564.34,137385.31,3.98
M0116294,N,31,0,13112.56,0,0,0,1611.39,11346.61,0.0
M0116295,N,32,2,18162.77,0,0,1,7721.53,12231.97,1.53
M0116296,Y,58,9,320300.97,4,4,4,32744.68,237589.39,6.52
M0116297,N,60,1,9244.69,0,1,0,2677.24,5104.2,2.05
M0116298,N,74,2,5786.51,0,2,0,2531.32,6570.48,0.58
M0116299,N,80,4,14146.49,1,1,0,4860.14,13338.05,2.56
M0116300,N,60,0,30432.92,1,1,0,7641.87,25232.72,1.6
M0116301,N,70,0,14838.75,0,1,0,4532.68,8007.77,1.12
M0116302,N,50,3,4765.83,0,0,0,2270.91,5152.31,1.84
M0116303,N,67,1,5231.42,0,2,0,2623.88,6304.31,0.0
M0116304,N,52,1,15557.52,0,3,1,9016.21,13870.85,1.19
M0116305,N,69,1,7361.33,1,1,2,5702.97,7646.29,1.24
M0116306,N,64,2,19530.79,0,1,2,4480.72,14019.63,2.21
M0116307,N,68,1,5646.96,0,0,0,1502.52,8071.06,0.36
M0116308,N,20,2,19413.23,1,0,0,9390.85,6202.79,2.31
M0116309,N,32,1,8285.8,0,1,1,845.12,9045.75,0.4
M0116310,N,51,0,7651.56,0,0,1,1362.79,5002.82,0.0
M0116311,N,25,0,10607.03,0,0,0,6316.03,10740.17,0.67
M0116312,N,41,2,14471.62,0,1,1,4948.79,13850.0,2.89
M0116313,N,26,0,9013.12,1,2,1,3659.45,3452.04,1.68
M0116314,N,18,1,5055.11,0,0,2,3657.47,3431.75,0.0
M0116315,N,44,0,23281.04,0,4,1,13320.05,12197.1,1.02
M0116316,Y,54,8,218146.57,3,5,5,96835.35,134971.13,3.51
M0116317,N,62,0,14752.71,0,0,0,1636.93,19321.86,2.07
M0116318,N,42,0,5009.22,0,0,0,923.91,7540.92,0.81
M0116319,N,56,0,4181.85,0,0,0,1048.95,4086.4,0.3
M0116320,N,29,0,6183.92,0,2,1,3825.37,6916.5,0.0
M0116321,N,34,0,9796.28,1,1,0,3155.19,6151.69,0.0
M0116322,N,76,1,14683.46,0,2,0,5650.37,10333.83,2.39
M0116323,N,40,1,30165.85,0,2,0,2441.11,37220.92,0.89
M0116324,N,64,1,16327.78,0,1,1,5985.41,11978.55,0.86
M0116325,N,48,2,10746.0,1,0,0,2353.98,9227.1,0.49
M0116326,N,67,2,6437.04,1,0,0,2871.37,5562.23,1.25
M0116327,N,54,0,17777.9,0,0,0,1266.24,13210.75,0.0
M0116328,N,43,3,10637.45,0,0,2,5178.26,5359.94,1.04
M0116329,N,63,0,9600.2,1,1,0,2972.07,4738.79,0.29
M0116330,N,38,0,8190.15,0,0,0,6793.59,5308.45,0.0
M0116331,N,74,1,4464.3,0,1,0,3000.2,4053.41,1.04
M0116332,N,67,1,12991.54,1,0,0,1809.98,9784.89,1.16
M0116333,N,67,1,12379.67,0,2,0,968.47,17405.37,0.87
M0116334,N,30,0,3678.62,0,1,1,2132.07,2948.62,1.83
M0116335,N,65,1,35012.68,1,0,0,8610.87,34136.71,2.64
M0116336,N,77,3,23233.09,0,0,1,13776.69,8946.74,1.25
M0116337,N,44,4,14433.73,0,0,0,2963.04,18217.14,0.0
M0116338,N,65,1,31194.86,0,0,0,3380.32,32188.39,0.87
M0116339,N,32,1,8357.02,0,2,0,2791.53,6009.76,1.53
M0116340,N,29,0,13569.82,1,0,0,3632.36,15435.25,0.19
M0116341,Y,64,6,189989.7,3,8,1,101925.7,109449.26,3.9
M0116342,N,68,0,5223.47,0,0,0,2931.19,4598.57,1.03
M0116343,N,28,1,14280.69,1,1,0,2182.09,10758.79,0.72
M0116344,N,45,0,7403.98,0,0,1,2802.46,5138.3,1.38
M0116345,Y,53,5,242069.23,1,2,4,100160.22,106528.91,4.87
M0116346,N,18,1,14128.13,1,1,0,1964.65,9093.04,0.76
M0116347,N,50,1,4527.09,1,2,0,1934.88,5409.87,3.0
M0116348,N,29,1,6595.12,0,0,0,810.84,5065.52,0.5
M0116349,N,78,1,11611.54,1,0,0,4540.33,4787.79,0.85
M0116350,N,67,0,6751.81,0,0,0,970.52,4831.99,0.0
M0116351,N,55,3,10629.05,0,0,0,4438.73,9669.0,1.0
M0116352,N,38,1,19907.95,0,1,0,10914.13,15936.74,1.82
M0116353,N,36,1,5558.88,0,2,0,611.85,4921.06,1.53
M0116354,N,79,0,17755.72,0,0,1,14428.02,8164.48,0.0
M0116355,N,55,1,3186.77,0,0,0,887.82,4001.19,0.0
M0116356,N,59,2,7534.74,0,0,1,1828.33,5221.48,0.0
M0116357,N,80,1,7940.5,0,0,0,1513.31,7889.83,0.57
M0116358,N,47,2,32934.79,0,1,1,7815.8,22727.72,3.14
M0116359,N,80,2,10719.72,1,1,0,5552.62,4262.72,0.0
M0116360,N,59,1,9309.25,0,1,0,1990.84,8448.5,1.08
M0116361,N,62,1,14122.68,0,2,0,1011.86,14628.86,0.19
M0116362,N,76,1,7387.55,0,1,0,1280.42,6881.21,0.62
M0116363,N,29,3,21630.4,0,0,0,9489.97,28014.93,1.94
M0116364,N,28,1,3749.49,0,0,0,1416.54,2108.85,0.42
M0116365,N,48,2,16621.88,0,0,1,7113.36,7735.36,0.87
M0116366,N,22,1,22321.89,0,1,1,1687.6,16214.24,0.75
M0116367,N,42,2,9550.4,0,1,0,4038.32,7793.39,0.6
M0116368,N,23,0,4968.53,0,0,0,3568.04,5004.63,0.31
M0116369,N,75,1,19523.72,0,1,0,5732.96,17573.11,1.26
M0116370,N,33,2,19428.61,0,1,0,1366.63,21106.45,2.08
M0116371,N,64,2,9011.14,1,0,1,2017.33,13022.22,1.4
M0116372,N,58,2,107574.59,0,1,0,9662.43,84301.34,3.01
M0116373,N,59,2,37862.06,0,3,0,10303.63,46432.37,0.62
M0116374,N,58,2,8988.06,0,2,0,4192.94,5311.83,0.0
M0116375,N,61,2,9660.95,0,0,0,2093.4,7060.14,0.88
M0116376,N,26,0,25098.84,0,0,1,2259.72,24957.1,0.11
M0116377,N,67,2,13214.79,0,2,0,2119.23,9172.3,2.27
M0116378,N,50,3,31204.18,0,1,1,11145.28,34264.45,2.24
M0116379,N,71,2,16376.71,1,1,0,4787.36,8443.76,0.85
M0116380,N,39,2,15931.49,1,1,0,5732.72,22059.62,3.41
M0116381,Y,41,4,295885.56,1,3,1,185532.15,85150.27,5.25
M0116382,N,38,2,11351.07,0,0,1,4079.82,10551.28,1.32
M0116383,N,66,2,18595.01,0,1,0,7005.86,12339.49,2.67
M0116384,N,61,0,13328.76,0,0,1,8115.78,11558.75,2.44
M0116385,N,70,0,4632.17,0,1,0,978.56,3650.38,1.22
M0116386,Y,42,7,135566.76,3,4,3,88787.07,73207.69,5.82
M0116387,N,21,1,5266.17,0,0,0,1980.89,6933.77,2.08
M0116388,N,28,1,16734.14,0,2,0,5936.96,11276.87,2.82
M0116389,N,69,1,16250.41,1,1,0,21516.28,7848.43,1.43
M0116390,N,22,1,2446.12,0,0,0,397.28,2184.44,0.35
M0116391,N,34,2,7171.01,1,0,1,1203.91,9739.33,0.45
M0116392,N,75,3,18613.69,1,2,1,1630.07,18125.32,1.05
M0116393,N,44,1,8727.85,0,0,0,2265.45,6805.64,0.88
M0116394,N,62,0,4751.27,0,0,0,901.26,3257.55,1.0
M0116395,N,39,4,31326.97,2,2,1,3323.57,24384.54,1.92
M0116396,N,23,0,9015.72,0,0,0,2901.99,5618.06,0.8
M0116397,N,54,1,5746.23,0,0,0,3592.17,4978.11,0.13
M0116398,N,31,1,8483.65,0,0,1,1669.4,5547.63,0.44
M0116399,N,73,2,16196.64,0,2,1,5552.13,8792.01,0.0
M0116400,N,68,2,22641.43,0,0,0,5643.93,22979.5,1.78
M0116401,N,50,0,10854.39,0,0,1,2545.26,7372.68,0.53
M0116402,N,25,1,8553.5,0,1,0,1336.51,5430.83,0.0
M0116403,N,46,3,5539.96,0,0,0,1164.11,5000.96,1.95
M0116404,N,80,0,16279.62,1,0,0,2759.49,10274.38,0.85
M0116405,N,35,0,21708.28,0,1,0,2432.6,16519.76,1.53
M0116406,N,72,0,25484.15,0,1,1,6265.31,18440.61,1.26
M0116407,N,58,0,4238.96,0,2,0,4794.05,2865.03,1.09
M0116408,N,69,1,6504.38,1,0,1,1309.16,4441.54,0.42
M0116409,N,73,4,7945.38,0,2,0,2761.81,5859.28,2.38
M0116410,N,25,0,8209.0,1,2,0,4806.74,6918.89,1.38
M0116411,N,21,0,4486.32,0,0,0,1494.24,5909.9,0.54
M0116412,Y,75,8,238019.14,2,1,4,83102.55,193177.84,6.06
M0116413,N,70,0,6192.11,0,2,2,2216.69,2903.91,2.09
M0116414,N,71,2,48567.05,2,0,1,5132.68,34534.9,0.11
M0116415,N,58,0,14841.4,0,1,0,1915.38,13098.57,0.0
M0116416,N,19,2,8296.29,0,1,1,1365.45,12041.2,0.49
M0116417,N,27,3,8217.26,0,1,0,948.89,9431.03,0.85
M0116418,N,53,1,10706.58,0,1,0,2120.1,6429.81,1.12
M0116419,N,53,3,29392.74,1,0,0,8438.18,19315.92,2.68
M0116420,N,46,2,5782.58,0,0,0,1773.23,4135.87,0.64
M0116421,N,28,1,65540.66,0,0,0,13123.03,39633.92,1.37
M0116422,N,44,2,12076.47,0,0,0,5066.91,9958.62,2.18
M0116423,N,49,1,10863.95,0,0,0,2289.66,6529.6,0.0
M0116424,N,76,2,15882.99,0,1,0,1141.39,23821.68,0.54
M0116425,N,46,0,6466.99,1,1,0,1895.47,3848.23,0.55
M0116426,N,22,1,10450.21,1,0,0,6304.22,8313.44,0.0
M0116427,N,53,2,25951.72,0,0,1,12422.65,14160.75,0.34
M0116428,N,42,0,14995.92,0,0,1,1787.98,12654.26,0.19
M0116429,N,27,2,2826.37,0,3,0,851.29,3485.25,1.05
M0116430,N,57,0,12629.31,0,2,0,8712.48,8880.4,1.97
M0116431,N,30,0,7428.34,0,0,1,1108.13,5596.72,1.04
M0116432,N,38,0,13421.99,0,2,0,4356.21,9042.47,0.76
M0116433,N,43,2,20425.16,1,0,0,5095.12,18872.51,2.04
M0116434,N,51,1,44877.6,0,1,2,4269.91,33575.88,1.96
M0116435,N,33,0,4782.41,0,1,1,4156.46,4168.39,0.03
M0116436,N,35,2,6206.23,0,1,0,2007.25,3696.38,1.09
M0116437,N,57,1,3387.05,1,1,0,777.13,3083.71,0.03
M0116438,N,60,0,12247.99,0,0,0,7191.29,6515.41,0.0
M0116439,N,65,3,18833.91,1,1,0,10252.3,23929.74,3.7
M0116440,N,31,0,3596.98,0,0,0,1570.59,3003.54,0.69
M0116441,N,73,0,5665.88,0,1,0,295.86,5375.05,1.13
M0116442,N,51,3,18506.5,0,2,0,5707.19,9273.88,1.63
M0116443,N,66,2,6072.91,0,1,0,541.27,7234.6,1.17
M0116444,N,28,1,10307.62,1,0,0,4149.15,5446.97,1.64
M0116445,N,46,0,14497.03,0,0,1,1526.12,10980.14,0.54
M0116446,N,22,0,9116.36,0,1,0,3325.05,4923.64,1.29
M0116447,N,26,1,3599.45,1,0,0,1489.98,3329.32,0.13
M0116448,N,31,2,24472.67,0,1,0,4981.44,18064.63,1.06
M0116449,N,39,2,5327.31,0,1,0,441.29,7948.09,1.12
M0116450,N,67,2,6705.4,0,1,1,2907.94,5995.95,0.0
M0116451,N,35,0,5994.24,1,0,0,1457.46,3933.65,1.81
M0116452,N,48,3,7136.86,0,0,0,2310.66,6854.32,0.34
M0116453,N,25,2,7217.46,0,1,0,4217.27,6529.85,1.61
M0116454,N,59,0,20772.93,0,3,0,3377.39,15205.11,2.22
M0116455,N,63,0,10489.25,0,2,0,2402.95,6984.68,0.87
M0116456,N,71,1,13856.28,0,2,1,5551.37,8855.85,2.05
M0116457,N,46,1,11731.65,0,1,0,5269.09,5520.88,0.84
M0116458,Y,47,4,140604.83,2,4,3,61284.09,99433.95,5.73
M0116459,N,19,0,5405.09,0,2,0,778.07,5026.57,0.96
M0116460,N,62,0,8267.22,0,1,0,2074.74,5813.39,1.39
M0116461,N,51,0,4506.31,0,3,0,944.84,3926.99,1.95
M0116462,N,37,1,25073.41,0,1,1,2716.02,24573.49,1.28
M0116463,N,63,0,7021.52,0,0,0,8128.35,2509.13,1.12
M0116464,N,36,2,8672.8,0,2,0,2701.82,10684.31,2.08
M0116465,N,24,1,8832.16,0,0,1,3043.12,11639.19,2.41
M0116466,N,80,1,9506.59,0,1,0,1731.02,6750.34,1.31
M0116467,N,76,1,14925.45,0,0,1,6109.56,10873.13,0.07
M0116468,N,18,0,7652.78,0,2,1,5857.87,3423.62,0.15
M0116469,N,26,1,26258.45,1,1,1,7251.27,15530.09,3.16
M0116470,N,19,0,6780.56,1,0,1,1069.03,5425.35,0.98
M0116471,N,19,1,5396.56,1,3,0,748.85,8152.79,3.08
M0116472,N,57,0,17974.0,0,1,1,3970.69,21445.67,1.2
M0116473,N,49,1,12232.1,2,1,0,6871.97,12111.94,2.65
M0116474,N,26,1,3558.97,0,0,0,644.31,3340.81,1.37
M0116475,N,36,0,5105.49,0,1,0,1593.33,2598.85,0.48
M0116476,N,45,0,14967.81,0,0,0,5642.03,13714.61,0.0
M0116477,N,59,2,11211.2,0,0,0,4887.86,5421.58,2.32
M0116478,N,21,0,11616.52,0,0,0,5616.87,13309.08,0.51
M0116479,N,58,2,14938.13,0,0,0,1538.98,21133.79,1.71
M0116480,N,75,1,26858.29,0,2,1,6762.98,28238.27,0.7
M0116481,N,27,2,17639.31,0,0,0,16904.28,5000.49,1.24
M0116482,N,75,2,23350.33,1,1,0,11300.33,17789.8,2.22
M0116483,N,28,3,2547.11,0,0,1,3451.05,1144.28,1.1
M0116484,N,23,0,12570.73,0,0,1,3892.75,12129.73,0.0
M0116485,N,57,1,31979.43,0,0,0,34220.18,12419.47,1.7
M0116486,N,44,0,6274.38,0,0,0,1257.81,6867.82,0.0
M0116487,N,64,0,8457.12,0,0,0,1961.89,7844.12,0.54
M0116488,N,56,1,16075.41,0,0,0,4215.44,14270.96,0.87
M0116489,N,36,3,22331.99,0,0,1,3603.8,14810.96,1.68
M0116490,N,58,1,6426.31,1,0,1,3079.52,5063.2,0.33
M0116491,N,76,0,27628.86,0,0,0,3940.57,20731.31,2.33
M0116492,N,77,3,13808.11,0,0,0,1841.06,16153.46,0.87
M0116493,N,67,0,9091.06,0,0,0,1341.04,6931.25,0.09
M0116494,N,34,1,2969.54,0,0,0,2226.59,1568.8,0.18
M0116495,N,36,0,5076.78,0,0,0,1331.27,2954.45,0.8
M0116496,N,55,0,21146.44,1,0,0,7886.66,9784.33,0.93
M0116497,N,60,2,7216.62,1,0,0,1396.13,9536.38,1.11
M0116498,N,71,1,26698.11,0,2,0,13836.06,14971.29,2.12
M0116499,N,23,1,16401.94,0,0,0,2818.89,22053.4,1.85
M0116500,N,20,1,8785.34,0,0,0,2055.78,7130.14,0.28
M0116501,N,48,3,90371.5,0,1,0,26259.22,80145.09,1.04
M0116502,N,49,0,15630.24,0,1,0,8356.7,4662.93,3.0
M0116503,N,66,0,8311.09,0,0,0,2434.71,8984.05,0.38
M0116504,N,25,0,13536.37,0,0,0,1088.9,15572.82,0.88
M0116505,N,80,1,4838.25,0,1,1,836.41,3347.28,0.0
M0116506,N,77,0,8758.45,1,1,0,2748.68,9086.59,1.3
M0116507,N,77,2,16829.86,0,2,0,4122.97,9161.84,2.73
M0116508,N,66,0,7832.0,1,0,0,3301.51,6442.92,1.13
M0116509,N,49,2,23659.93,0,2,1,3896.31,20812.92,1.57
M0116510,N,61,1,8814.29,0,2,0,2018.8,10830.92,1.33
M0116511,N,38,2,7956.89,0,0,0,2653.33,7284.36,1.38
M0116512,N,61,0,17158.39,0,0,0,601.91,17208.3,1.24
M0116513,N,46,0,20097.36,0,0,1,2849.71,17270.67,0.39
M0116514,N,79,2,10733.04,1,0,0,3750.92,11445.95,1.46
M0116515,N,54,1,9095.9,0,0,0,3184.66,10363.2,0.28
M0116516,N,35,1,7008.32,1,2,1,1892.65,6028.25,0.16
M0116517,N,36,1,3664.74,1,0,0,2582.77,3817.34,1.31
M0116518,N,56,1,5536.81,0,0,0,3175.84,2057.87,0.0
M0116519,N,66,0,5499.07,0,1,0,1851.33,3775.98,0.0
M0116520,N,48,0,9362.58,0,1,0,3742.82,4330.62,0.0
M0116521,N,62,1,15565.49,1,0,0,4889.38,11436.12,0.43
M0116522,N,52,2,5906.05,0,1,0,1102.54,3660.62,0.0
M0116523,N,24,0,8950.59,0,0,0,3982.94,9748.28,0.89
M0116524,N,50,0,15368.09,0,0,0,5924.4,6855.68,0.54
M0116525,N,68,0,1654.74,0,0,0,291.36,2569.49,0.61
M0116526,N,22,0,6622.05,0,0,1,1637.41,5622.64,0.05
M0116527,N,69,0,9887.14,0,1,0,3384.64,6152.55,0.4
M0116528,N,26,0,25216.78,0,0,1,2263.89,18262.95,1.4
M0116529,N,61,3,15905.36,0,0,0,5694.71,7844.31,1.24
M0116530,N,52,0,17683.72,0,2,0,2397.58,12887.28,0.83
M0116531,N,24,1,7359.66,0,1,0,2048.15,7015.51,1.07
M0116532,N,60,2,7590.12,0,2,0,5970.82,7017.97,1.71
M0116533,N,63,1,22669.78,3,2,0,11314.43,8079.27,1.68
M0116534,N,70,1,7969.87,1,1,1,2817.22,9430.11,0.76
M0116535,N,56,1,18373.37,0,2,0,1548.53,22468.6,1.53
M0116536,N,70,0,9912.27,0,0,0,860.71,7503.01,0.0
M0116537,N,26,2,17975.16,0,0,2,2757.24,22299.24,1.64
M0116538,N,47,0,5059.08,0,1,0,2369.01,6821.46,0.53
M0116539,N,62,2,20324.37,1,1,1,3656.15,13546.09,0.63
M0116540,N,61,0,18673.25,0,0,0,2641.63,12575.29,1.32
M0116541,N,39,1,4367.85,0,0,1,3336.98,2864.37,0.74
M0116542,N,53,2,23739.99,2,0,0,6336.88,16127.48,1.0
M0116543,N,66,1,9293.6,0,0,1,2077.3,5521.53,2.94
M0116544,N,35,1,6165.84,1,0,0,2389.09,6078.74,0.17
M0116545,N,59,0,9135.47,0,1,0,1746.66,6179.16,0.29
M0116546,N,44,1,5075.01,0,2,0,1982.5,4503.23,0.16
M0116547,N,60,2,5540.41,0,0,1,1609.04,4668.45,0.37
M0116548,N,59,0,14268.82,0,1,0,9535.97,8352.05,0.0
M0116549,N,31,1,6672.57,0,1,0,2882.95,7343.73,1.42
M0116550,N,77,1,18731.72,1,1,1,5402.31,12474.27,2.47
M0116551,N,56,2,16235.88,1,0,0,10321.69,8198.41,0.45
M0116552,N,56,0,8145.84,0,0,0,5180.06,5131.66,1.57
M0116553,N,58,1,21538.07,0,4,0,6737.24,10517.71,2.37
M0116554,N,72,2,16433.29,0,1,3,3494.27,10791.89,1.98
M0116555,N,77,1,9127.33,0,0,0,2290.04,4983.13,1.18
M0116556,N,74,0,8344.64,1,0,1,1245.26,6768.62,1.11
M0116557,N,69,1,5095.88,0,0,0,539.21,4703.73,1.21
M0116558,N,38,1,5339.24,0,0,0,1138.39,7282.81,0.53
M0116559,N,51,0,14959.43,0,1,0,6531.19,14698.09,1.69
M0116560,N,44,1,5545.16,0,0,0,1773.81,3433.35,0.74
M0116561,N,50,1,8565.52,0,1,0,1961.17,7277.86,1.38
M0116562,N,64,1,10579.44,1,0,0,8794.79,7206.38,0.99
M0116563,N,31,0,27357.77,0,1,1,7071.93,14751.96,1.34
M0116564,N,47,1,7759.88,0,0,1,2328.44,4058.48,1.67
M0116565,N,38,2,6594.46,0,0,0,6523.88,4798.49,1.97
M0116566,N,33,1,6505.3,1,0,1,1816.9,8490.61,0.0
M0116567,N,40,2,15624.97,0,1,0,13591.12,4192.7,0.21
M0116568,N,40,0,3834.4,1,0,0,1377.42,2286.57,0.35
M0116569,N,38,2,8027.95,0,0,0,4522.01,5117.22,0.06
M0116570,N,66,0,5093.9,0,2,0,4942.79,3587.67,1.35
M0116571,N,76,0,9610.04,0,0,0,1688.14,15088.3,1.82
M0116572,N,45,3,16925.88,1,1,1,5774.74,8719.07,0.98
M0116573,N,20,0,13472.97,0,3,1,3122.1,10329.82,0.77
M0116574,N,79,0,23254.98,0,0,0,1710.64,34807.77,1.02
M0116575,N,57,2,8104.05,0,1,0,3059.79,10437.23,1.58
M0116576,N,18,0,14461.02,0,1,0,3167.23,12989.67,0.75
M0116577,N,31,2,12611.16,0,1,0,2752.58,8588.99,0.0
M0116578,N,49,0,13917.18,0,0,0,8788.71,6105.27,0.71
M0116579,N,63,0,8551.7,0,0,0,1429.01,7180.35,1.93
M0116580,N,66,1,9446.49,1,0,0,5169.75,9774.99,1.31
M0116581,N,27,0,5665.79,0,0,0,3934.45,2014.92,0.0
M0116582,N,48,2,5256.79,0,0,0,4420.25,4392.92,3.06
M0116583,N,61,0,17606.42,1,1,0,9596.97,10345.3,2.29
M0116584,N,54,0,5813.81,0,0,0,535.44,8358.47,1.42
M0116585,N,71,0,4581.18,1,0,0,3175.53,4707.12,0.38
M0116586,N,18,1,9205.95,0,0,0,7041.77,6287.36,0.63
M0116587,N,45,3,15609.36,0,1,0,4446.29,7981.93,0.79
M0116588,N,76,0,10615.05,0,2,0,3427.99,10570.24,0.54
M0116589,N,68,0,5429.99,0,0,0,1527.8,2743.17,0.0
M0116590,N,65,0,19955.53,0,0,0,2156.94,17866.12,0.71
M0116591,N,46,3,5456.81,1,0,0,3337.36,2591.05,2.26
M0116592,N,49,3,32554.14,2,1,1,12565.21,15113.96,0.84
M0116593,N,50,2,25908.99,0,0,1,14429.16,7967.52,1.26
M0116594,N,33,0,6552.31,0,2,0,1883.74,6712.98,0.66
M0116595,N,28,1,11622.48,1,0,0,4283.89,6022.56,0.12
M0116596,N,68,1,11809.27,0,0,1,3091.57,11863.67,0.94
M0116597,N,71,1,14541.54,0,0,0,1909.55,12965.11,1.2
M0116598,N,20,0,19294.66,0,1,0,2555.95,12555.71,1.47
M0116599,Y,56,4,132773.24,2,5,4,33512.44,111782.99,3.27
M0116600,N,34,1,19662.13,0,0,1,1936.35,17395.11,0.93
M0116601,N,22,3,17623.78,0,0,0,6920.86,8495.73,1.0
M0116602,N,22,1,10680.34,0,0,0,7507.78,5681.24,0.59
M0116603,N,62,1,17984.02,0,1,0,7151.16,11159.69,1.5
M0116604,N,56,1,13748.11,0,0,0,1418.65,11265.67,0.0
M0116605,N,28,1,15729.65,0,0,0,3669.07,10666.6,1.07
M0116606,Y,59,4,121621.69,1,3,5,62568.88,104747.33,2.0
M0116607,N,36,0,9152.5,1,1,0,7185.36,1531.69,1.26
M0116608,N,46,3,9023.51,0,0,0,2540.02,6556.28,1.65
M0116609,N,43,1,13020.75,0,0,0,4778.72,17781.09,1.42
M0116610,N,72,2,14109.2,0,1,1,1854.27,9744.34,1.66
M0116611,Y,79,4,220132.47,5,5,4,68093.03,115781.36,4.24
M0116612,N,64,2,16403.29,0,1,0,8826.33,4475.47,0.69
M0116613,N,25,0,3871.23,0,2,0,1052.49,5902.68,1.39
M0116614,N,73,1,4342.87,0,0,0,1052.09,3557.85,1.23
M0116615,N,73,0,14828.78,0,0,0,1078.09,12407.88,0.24
M0116616,N,29,3,15920.28,0,1,0,11281.02,12162.47,1.34
M0116617,N,19,2,2955.43,0,2,0,771.53,3362.82,1.52
M0116618,N,44,2,5616.66,0,2,0,1771.01,4020.26,0.0
M0116619,N,25,2,13042.95,0,1,0,8405.42,9739.58,1.43
M0116620,N,52,0,9320.94,0,0,1,1734.59,15027.94,0.63
M0116621,N,29,0,3313.72,0,0,0,539.43,3365.47,0.05
M0116622,N,69,3,9676.13,1,0,0,4680.75,5107.45,0.85
M0116623,N,40,2,13302.78,0,1,0,761.62,13942.06,0.91
M0116624,N,25,0,5177.14,1,1,0,1865.44,4445.26,1.82
M0116625,N,20,0,12706.3,0,0,0,5108.71,14319.37,1.72
M0116626,N,79,0,38814.45,0,0,0,16608.65,27320.86,1.11
M0116627,N,45,1,24260.98,0,0,0,3806.22,18359.38,0.23
M0116628,N,53,0,7835.95,0,0,0,1900.08,5201.19,1.28
M0116629,N,72,2,7928.26,1,1,0,4420.1,6719.92,1.67
M0116630,N,60,2,14844.14,1,2,0,2106.18,9760.77,0.0
M0116631,N,59,4,7958.58,0,0,0,2962.02,5467.56,0.0
M0116632,N,26,0,11860.88,0,1,1,6119.48,10316.9,1.54
M0116633,N,46,1,16527.98,0,0,0,11711.63,5018.86,0.65
M0116634,N,62,0,3225.7,0,0,0,852.78,3253.61,1.87
M0116635,N,19,0,5663.32,1,0,0,3976.66,4536.44,0.06
M0116636,N,61,0,12873.54,0,1,0,2734.55,7645.54,1.9
M0116637,N,33,0,7792.91,0,0,0,1720.2,8817.49,1.81
M0116638,N,18,3,6655.35,0,0,1,1945.53,6690.19,1.05
M0116639,N,24,1,11707.3,0,0,0,1098.33,8188.19,0.75
M0116640,N,52,1,3020.62,0,1,0,520.27,4725.01,1.07
M0116641,N,59,3,13983.69,0,2,2,3808.01,7220.24,0.55
M0116642,N,54,0,4103.85,0,2,0,1314.48,4384.79,1.0
M0116643,N,79,2,6345.83,0,1,0,1615.61,9580.14,0.29
M0116644,N,26,0,6444.82,0,0,1,1771.09,3708.27,2.14
M0116645,N,47,0,19257.25,1,1,0,9863.65,11559.82,1.62
M0116646,N,38,2,27212.35,0,2,0,7326.32,15192.59,2.35
M0116647,N,56,0,8198.23,0,0,0,4124.58,4145.13,2.49
M0116648,N,34,0,15314.98,0,1,0,4155.77,14585.49,2.03
M0116649,N,25,3,10905.28,0,1,2,3253.85,6207.58,2.15
M0116650,N,59,0,12357.75,0,0,0,1093.62,8787.38,0.79
M0116651,N,25,3,8473.38,0,2,1,3088.44,9769.2,2.19
M0116652,N,53,0,5165.07,1,0,0,988.11,3863.27,2.54
M0116653,N,23,2,6624.13,0,0,0,2438.92,6000.52,0.0
M0116654,N,22,0,27996.78,0,1,0,8422.11,14013.24,1.6
M0116655,N,62,0,10860.23,0,0,0,2133.33,6399.83,1.07
M0116656,N,41,1,12387.97,1,0,1,1922.54,9187.96,1.89
M0116657,N,62,0,8225.7,0,1,0,3416.84,4526.87,0.45
M0116658,N,23,0,13865.53,0,0,0,2597.67,17312.86,1.45
M0116659,N,30,0,5036.94,0,0,0,2359.32,5295.55,0.0
M0116660,N,32,0,5623.34,0,0,0,2191.8,5682.1,1.99
M0116661,N,29,2,24602.99,0,0,0,4100.27,15989.74,0.97
M0116662,N,73,1,8409.14,1,1,0,1709.86,6229.86,2.04
M0116663,N,32,1,4685.35,0,0,0,1078.6,4489.41,2.05
M0116664,N,79,1,9692.72,0,1,2,1109.59,11297.89,1.37
M0116665,N,64,2,13909.4,0,0,0,6270.45,8751.43,0.88
M0116666,N,33,0,4633.84,0,0,1,1154.89,6599.22,0.61
M0116667,Y,39,5,232799.16,5,7,6,80425.04,137746.74,5.25
M0116668,N,64,1,17871.51,0,0,1,3421.97,11993.24,0.0
M0116669,N,54,2,26853.6,0,0,1,2278.5,19115.88,1.22
M0116670,N,27,2,11694.63,0,2,0,1158.57,9841.24,0.09
M0116671,N,69,1,7907.62,0,0,0,1379.0,6656.68,0.64
M0116672,N,76,2,30535.38,1,2,2,12792.71,37689.23,2.38
M0116673,N,77,1,3531.23,0,0,0,1056.32,1916.52,0.57
M0116674,N,23,2,22112.43,0,0,0,10808.03,16978.25,1.38
M0116675,N,57,2,10894.33,0,0,0,4322.94,15385.91,0.0
M0116676,N,72,0,9276.52,0,0,2,2073.39,5630.4,0.83
M0116677,N,34,0,19353.46,1,1,0,893.8,18106.33,0.12
M0116678,Y,84,3,273405.7,3,6,4,70722.45,201356.51,3.68
M0116679,N,32,1,12083.86,0,0,0,5689.03,8983.31,0.89
M0116680,N,61,2,11187.07,0,0,1,3621.56,12899.83,0.0
M0116681,N,36,1,19554.04,1,1,0,3171.18,19131.48,0.23
M0116682,N,20,1,6423.16,1,0,0,2870.48,5553.57,0.58
M0116683,N,31,1,28246.03,0,0,0,6764.09,32331.19,0.62
M0116684,N,57,1,13747.55,1,0,0,3207.49,7650.63,1.02
M0116685,N,42,1,5490.18,0,0,0,1170.71,4367.44,0.13
M0116686,N,72,1,12822.25,0,0,0,705.68,12974.67,0.02
M0116687,N,59,0,17188.8,1,0,0,9266.07,14209.94,1.43
M0116688,N,34,2,19198.39,0,1,0,12172.54,3170.91,1.25
M0116689,N,35,1,7976.01,0,2,0,2520.3,4090.95,1.47
M0116690,Y,63,6,224948.1,3,5,2,115160.59,178000.87,6.41
M0116691,N,56,1,5766.04,0,0,0,2177.17,6456.55,1.58
M0116692,N,35,0,15454.18,0,0,0,2309.61,13326.76,0.83
M0116693,N,51,1,11779.42,0,0,0,6116.23,10129.7,0.74
M0116694,N,63,2,4431.77,0,0,0,996.17,4811.09,0.59
M0116695,N,26,1,6073.13,1,1,0,2962.01,6249.7,0.58
M0116696,N,69,2,14125.3,1,2,0,9815.04,13177.49,3.13
M0116697,N,63,0,15520.27,0,0,0,5074.55,22555.62,1.1
M0116698,N,66,0,2666.39,0,1,0,782.22,3456.54,0.0
M0116699,N,48,1,12215.74,0,3,0,2009.88,10192.84,2.45
M0116700,N,62,1,9845.6,0,2,0,979.67,10012.8,0.86
M0116701,N,47,0,6359.17,2,1,0,1230.95,7927.63,1.24
M0116702,N,77,0,12014.84,2,0,0,7554.54,3867.99,1.41
M0116703,N,37,0,10392.75,1,1,0,3775.78,9371.49,1.88
M0116704,N,42,1,18555.25,2,2,1,4785.61,15430.28,1.2
M0116705,N,59,0,5178.71,0,0,0,2148.49,3489.19,1.16
M0116706,N,61,1,15106.8,0,0,0,3505.37,9847.4,1.66
M0116707,N,48,0,17829.58,0,0,0,4777.39,15340.69,1.04
M0116708,N,20,3,15114.21,0,2,2,4802.17,9117.2,2.36
M0116709,N,28,0,30744.13,1,0,0,15385.57,36034.85,2.04
M0116710,N,44,0,22119.21,1,1,0,2744.05,17142.2,2.49
M0116711,N,66,2,2225.76,1,0,0,1113.15,2219.33,0.28
M0116712,N,71,0,3488.11,1,0,0,1068.6,4944.83,0.61
M0116713,N,23,3,13317.78,0,2,1,4293.09,8675.53,0.0
M0116714,N,62,1,11809.18,0,0,1,1412.29,12061.89,1.1
M0116715,N,28,1,10087.73,0,1,0,6159.3,7599.22,1.39
M0116716,N,68,0,12474.17,0,0,0,4030.49,6887.03,0.55
M0116717,N,67,1,3713.94,0,1,0,687.06,3800.94,0.0
M0116718,N,79,2,7544.75,0,0,0,959.96,8701.19,1.88
M0116719,N,70,1,15334.21,0,0,1,2700.55,23882.83,0.53
M0116720,N,67,1,22198.14,1,1,0,549.66,29735.03,1.17
M0116721,N,72,0,18640.84,1,2,2,6348.04,8397.26,2.76
M0116722,N,29,0,9682.12,0,1,0,2641.02,11955.18,1.46
M0116723,N,26,1,10820.09,1,0,0,5071.35,9153.57,0.58
M0116724,N,57,0,10924.28,0,0,0,4514.91,7539.63,0.28
M0116725,N,67,1,22683.32,0,0,0,944.08,21027.4,1.02
M0116726,N,58,0,1628.7,0,0,1,801.7,1143.67,1.31
M0116727,N,45,1,15190.47,1,2,0,5284.54,13079.21,1.36
M0116728,N,67,1,10823.64,0,1,3,4755.81,8706.78,0.64
M0116729,N,24,1,7914.1,0,0,0,1799.25,7152.04,1.56
M0116730,N,56,0,24467.69,0,0,0,1398.97,20332.29,1.06
M0116731,N,35,1,3305.93,0,0,0,2215.5,2248.35,0.14
M0116732,N,23,2,14858.5,0,0,0,7730.47,5525.35,0.14
M0116733,N,31,2,17948.19,0,3,0,7426.58,23909.31,1.44
M0116734,N,20,0,3191.73,0,1,0,2339.2,2200.72,2.63
M0116735,N,71,1,8660.75,1,0,0,5906.04,6249.89,0.33
M0116736,N,56,0,13540.86,0,2,2,5166.89,16904.31,1.79
M0116737,Y,83,6,369472.51,6,3,6,118897.47,338964.95,5.04
M0116738,N,67,0,5410.34,0,2,0,934.24,3873.34,1.39
M0116739,N,28,2,6627.66,0,0,0,3855.69,7482.18,2.45
M0116740,Y,66,5,138738.56,1,2,3,74439.62,75067.77,3.28
M0116741,N,31,1,18246.97,0,2,0,7684.89,14739.88,2.24
M0116742,Y,40,6,117563.84,1,4,6,55803.4,85152.1,5.47
M0116743,N,34,0,7016.16,0,1,0,1664.36,4190.8,1.17
M0116744,N,62,0,4156.4,0,0,0,906.7,4758.7,0.0
M0116745,N,53,1,10983.86,1,0,0,5304.72,6225.05,0.77
M0116746,Y,63,5,170484.53,3,4,6,76667.12,161009.35,6.72
M0116747,N,72,1,9946.49,0,0,0,1105.34,7908.49,0.13
M0116748,N,62,0,8299.45,0,1,0,5600.34,6461.37,1.7
M0116749,N,75,2,24439.49,1,0,0,2482.94,18002.06,0.58
M0116750,N,56,1,30572.95,0,1,0,8397.4,21251.95,1.65
M0116751,N,65,0,6124.24,1,1,0,943.41,7006.39,1.38
M0116752,N,60,1,12798.9,0,0,0,9782.54,4294.71,1.59
M0116753,N,54,1,14104.68,0,0,1,8038.88,9408.03,0.87
M0116754,N,72,2,18937.99,1,0,0,3768.07,11099.57,0.86
M0116755,N,24,1,7208.28,0,0,0,4683.65,4482.88,0.87
M0116756,N,26,1,4054.67,0,0,2,1455.74,4526.75,0.91
M0116757,N,26,2,22708.59,1,3,0,7452.9,15664.17,1.14
M0116758,N,61,0,4776.58,0,0,0,2351.33,6184.48,1.85
M0116759,N,63,1,7225.88,0,0,0,6227.92,4652.23,3.08
M0116760,N,42,1,26352.38,0,0,1,2603.23,19090.44,0.0
M0116761,N,55,1,33364.26,2,1,0,15491.91,25120.68,0.22
M0116762,N,71,0,10758.9,1,0,1,765.72,8494.54,0.68
M0116763,N,71,1,9166.37,0,1,0,3944.26,10521.72,2.25
M0116764,N,28,0,8959.89,0,1,0,1018.9,7147.66,1.09
M0116765,N,53,0,2455.38,0,1,0,1068.38,2930.74,0.0
M0116766,N,56,2,15355.7,1,3,0,6406.81,16064.5,0.78
M0116767,N,46,0,8731.94,0,2,0,3747.88,8451.84,0.45
M0116768,N,61,0,5683.49,0,0,0,793.61,6591.58,0.48
M0116769,N,22,0,935.88,0,0,0,281.15,1346.11,0.0
M0116770,N,45,0,4145.52,0,0,0,2471.15,4056.0,0.94
M0116771,N,22,3,14560.8,0,1,1,4666.91,11286.22,1.3
M0116772,N,64,2,14484.41,1,0,0,5156.42,20188.97,1.5
M0116773,N,52,0,20588.96,1,0,0,9851.82,21703.28,1.96
M0116774,N,67,2,15570.3,0,3,1,3532.8,18994.72,2.29
M0116775,N,39,0,7103.62,0,0,0,2207.97,9727.47,0.24
M0116776,N,55,4,22670.84,0,0,2,11306.98,7285.15,1.87
M0116777,N,28,3,17504.55,1,1,0,3682.17,11493.39,3.99
M0116778,N,77,1,14320.12,1,1,1,2182.48,12622.8,1.1
M0116779,N,44,1,4964.59,0,0,1,1526.15,3040.24,0.0
M0116780,N,38,0,7605.53,0,0,0,359.64,7404.68,0.74
M0116781,N,78,2,12525.85,0,0,0,6940.97,14092.23,1.83
M0116782,N,29,1,13408.01,0,1,0,9847.66,7450.57,1.4
M0116783,N,78,1,13396.8,0,1,0,831.79,12794.5,0.68
M0116784,N,74,1,18139.3,0,0,0,7787.35,10002.36,2.13
M0116785,N,72,1,6472.97,0,1,1,1881.76,7165.81,0.01
M0116786,N,69,1,11585.37,1,0,0,2075.12,11886.96,2.78
M0116787,N,56,2,66649.47,0,0,1,10455.97,43180.99,1.94
M0116788,N,76,3,8839.13,0,0,0,2108.79,7691.23,1.75
M0116789,N,28,1,9387.46,0,0,0,1220.05,6889.66,0.16
M0116790,N,49,1,32958.81,2,2,0,4605.62,40554.84,2.08
M0116791,N,76,1,3827.07,0,0,0,2245.92,4618.43,0.99
M0116792,N,39,1,11954.03,0,1,0,7197.47,11548.14,0.68
M0116793,N,40,1,16974.95,1,1,0,3607.04,11151.61,1.14
M0116794,N,37,1,4160.34,0,0,0,1038.8,2361.86,0.0
M0116795,N,30,0,2546.6,0,0,0,579.95,2798.91,1.86
M0116796,N,75,0,9136.21,0,2,0,3100.82,8816.24,2.2
M0116797,N,21,0,8135.73,0,0,0,2742.5,4401.01,0.0
M0116798,N,18,2,17918.38,0,1,0,11144.52,16135.52,0.97
M0116799,N,78,1,14049.7,0,0,0,5121.68,10515.23,0.0
M0116800,N,34,2,5817.33,0,0,0,1753.59,5740.15,0.49
M0116801,N,51,1,11047.72,0,1,0,2169.89,12302.74,1.76
M0116802,N,66,0,8928.4,0,0,1,3778.83,4652.88,0.56
M0116803,N,71,1,22958.14,1,0,0,6301.74,25460.85,0.6
M0116804,N,61,0,2857.59,1,1,0,1130.76,3282.5,0.97
M0116805,N,21,2,2179.43,0,0,0,1428.76,1741.14,0.0
M0116806,N,36,0,11240.47,0,0,0,3841.4,6774.17,0.66
M0116807,N,49,0,5614.57,0,0,0,1964.26,6528.69,0.0
M0116808,N,33,2,11664.54,2,2,1,8621.81,11102.87,0.32
M0116809,N,19,0,19153.1,1,1,0,5991.12,14073.62,0.57
M0116810,N,58,1,3665.53,0,0,1,1660.29,4755.63,0.0
M0116811,N,59,2,8622.8,0,0,0,1098.4,12856.43,0.0
M0116812,N,43,1,7588.12,0,1,1,2578.46,6647.58,1.74
M0116813,Y,68,7,275563.91,3,4,2,120884.15,158600.19,3.4
M0116814,N,42,1,7430.93,0,0,0,2257.29,3786.51,0.69
M0116815,N,25,1,6808.58,0,1,1,5337.2,3019.31,1.86
M0116816,N,64,1,11291.5,0,0,0,4248.64,7571.54,1.6
M0116817,N,57,2,14902.36,0,0,0,8229.15,12697.24,0.65
M0116818,N,38,1,8996.47,0,1,1,5271.34,8923.72,2.16
M0116819,N,71,3,12606.84,1,3,0,4340.33,5804.15,1.26
M0116820,N,44,3,8645.11,0,1,0,3276.25,7831.94,0.65
M0116821,N,27,1,5393.31,0,0,0,852.88,7611.01,0.23
M0116822,N,68,0,6296.88,0,0,0,3492.14,7299.54,1.44
M0116823,N,54,1,16816.51,0,2,0,6016.12,8803.5,2.12
M0116824,N,53,2,27774.7,0,1,3,7577.12,14964.11,3.24
M0116825,N,39,0,19928.7,0,0,1,1156.14,14451.7,0.69
M0116826,N,69,0,8142.92,0,0,0,2237.43,7150.21,1.8
M0116827,N,24,0,14027.8,1,0,0,6809.14,4251.76,0.04
M0116828,N,78,4,25286.49,0,3,0,4801.58,38837.47,1.61
M0116829,N,76,0,7058.45,0,1,0,1998.08,3971.77,1.97
M0116830,N,80,2,14603.87,0,1,1,9698.13,5799.58,2.67
M0116831,N,30,1,11802.55,0,1,0,4123.31,7923.59,1.54
M0116832,N,61,1,8500.25,0,0,0,2183.65,4573.66,0.15
M0116833,N,37,1,15114.79,0,1,0,1818.43,17005.86,1.14
M0116834,N,58,0,4131.52,0,0,0,3812.85,1565.15,0.78
M0116835,N,23,4,30626.4,2,0,1,3755.01,31508.82,1.81
M0116836,N,64,0,32926.48,1,0,1,6732.65,20045.56,0.67
M0116837,N,66,0,9462.1,0,0,1,4597.18,11085.4,0.49
M0116838,N,75,2,8162.77,0,3,1,2397.55,7861.03,1.56
M0116839,N,63,0,16621.39,0,2,0,7683.2,13367.34,0.0
M0116840,N,30,1,21615.34,1,0,0,12331.46,7198.98,1.61
M0116841,N,76,1,14371.03,1,0,1,996.47,10702.25,1.0
M0116842,N,61,2,8992.75,0,0,0,1739.92,6671.52,1.39
M0116843,N,19,1,5802.33,0,0,0,6488.94,3607.67,0.4
M0116844,Y,51,5,167714.03,1,5,1,115362.4,70870.16,2.18
M0116845,N,66,2,20728.02,1,2,0,1797.07,16049.04,1.85
M0116846,N,63,0,6396.06,0,0,1,2217.39,4252.64,0.0
M0116847,N,45,1,17755.11,0,1,0,1335.13,16422.2,0.79
M0116848,N,21,0,9298.84,0,2,0,4543.64,3428.47,1.69
M0116849,N,51,4,21666.51,0,1,0,8765.17,14713.72,1.77
M0116850,N,39,1,24792.88,1,1,0,1996.38,20718.41,1.35
M0116851,N,30,1,9293.96,0,2,0,6554.87,2500.19,2.37
M0116852,N,51,0,25662.25,0,0,0,7832.32,20037.18,1.02
M0116853,N,67,1,5092.19,1,2,0,1364.44,6086.99,1.29
M0116854,N,68,0,7771.99,0,1,0,2248.09,4163.27,0.28
M0116855,N,31,1,23509.95,1,1,2,7455.67,23913.67,1.33
M0116856,N,27,1,5148.45,0,0,0,1222.0,4335.31,0.14
M0116857,N,25,1,21206.76,0,1,0,7856.5,13594.31,2.63
M0116858,N,54,1,20211.11,1,1,0,4177.72,22146.0,1.9
M0116859,N,67,0,6987.59,2,0,0,2204.65,4891.73,0.71
M0116860,N,53,1,15621.42,0,0,0,2866.88,13969.7,0.77
M0116861,N,46,0,10660.89,0,2,0,4024.88,7656.13,0.73
M0116862,N,72,1,8463.63,0,2,0,7902.86,4285.87,0.25
M0116863,N,73,0,5868.26,0,1,1,896.13,4748.73,0.61
M0116864,N,43,0,51574.27,1,2,0,6602.8,51790.8,1.38
M0116865,Y,70,5,254412.32,3,2,6,107209.09,143861.39,5.81
M0116866,N,56,1,23269.93,1,0,2,2497.64,21825.03,2.17
M0116867,N,41,1,12178.39,2,3,0,1937.74,11788.58,3.05
M0116868,N,64,0,6889.6,0,0,0,1493.23,5455.42,1.99
M0116869,N,57,0,4188.52,0,2,0,1040.67,6376.32,1.16
M0116870,N,50,0,7443.67,0,0,0,2100.97,7881.25,0.0
M0116871,N,27,2,22294.21,0,1,0,5227.52,17596.34,2.55
M0116872,N,36,0,4992.58,0,0,0,1110.39,3285.01,0.56
M0116873,N,53,1,12871.18,0,2,0,2980.11,7807.09,0.79
M0116874,N,50,2,24126.98,0,1,0,4006.24,17040.74,1.85
M0116875,N,22,0,20985.99,0,0,0,913.53,17796.8,1.3
M0116876,N,43,1,4883.67,0,1,0,4624.17,4085.67,1.46
M0116877,N,46,0,6831.32,1,0,0,2472.75,3523.49,0.0
M0116878,N,33,1,4108.33,0,2,2,1269.69,2023.75,0.0
M0116879,N,73,1,21029.39,0,0,1,7846.96,9878.77,0.0
M0116880,N,39,2,28714.92,1,1,1,9019.63,14878.22,2.3
M0116881,N,78,0,18956.11,0,1,1,3575.21,16328.83,0.93
M0116882,N,70,2,19205.8,0,0,0,2428.38,23952.55,1.69
M0116883,N,58,0,5973.55,0,0,0,1630.64,3702.69,1.63
M0116884,N,52,0,13927.12,1,1,1,3923.8,7748.5,1.94
M0116885,N,26,0,18575.86,0,0,1,9038.19,9331.34,1.52
M0116886,N,58,0,45797.36,0,0,1,6102.73,42105.25,2.41
M0116887,N,54,0,9593.62,0,0,0,487.77,9367.68,0.96
M0116888,N,74,1,6945.65,0,0,0,2449.93,6095.7,1.32
M0116889,N,64,2,27830.34,0,0,0,2775.29,32699.97,2.82
M0116890,N,21,1,15804.64,0,0,0,7240.64,9870.75,2.05
M0116891,N,54,2,7596.51,0,0,0,1414.07,9383.02,1.09
M0116892,N,41,1,3490.71,0,0,0,610.54,3710.11,1.06
M0116893,N,63,3,77249.87,0,3,0,41931.53,18955.09,2.82
M0116894,N,79,0,7683.66,0,2,0,6691.06,6703.76,0.0
M0116895,N,44,1,8907.42,0,1,2,3437.24,6579.06,2.52
M0116896,N,59,1,6878.93,1,0,0,1801.44,6961.55,0.75
M0116897,N,63,0,10743.84,0,0,1,2225.89,7582.65,0.69
M0116898,N,61,0,9481.65,0,0,0,891.88,8619.97,0.0
M0116899,N,26,2,11145.81,0,0,2,5848.87,9447.29,1.95
M0116900,N,38,0,6503.0,0,1,0,5691.2,3788.56,0.53
M0116901,Y,74,4,202991.37,4,1,5,82727.62,130181.91,4.54
M0116902,N,72,2,15790.95,0,1,0,554.58,16556.18,2.37
M0116903,N,18,2,48394.64,0,2,2,2011.99,40669.65,1.12
M0116904,N,80,1,49599.2,0,1,0,17632.81,24190.75,1.08
M0116905,N,67,1,6920.73,0,0,0,6179.03,6400.9,0.31
M0116906,N,63,3,6961.81,0,1,0,2483.6,8691.91,0.38
M0116907,N,31,0,15896.85,1,0,0,6963.67,8659.77,0.44
M0116908,N,22,0,14636.06,0,0,0,9064.15,5954.38,0.86
M0116909,N,66,1,19386.42,2,2,0,3165.0,18028.69,1.39
M0116910,N,28,2,13790.9,0,0,0,4588.18,15069.0,0.09
M0116911,N,38,2,7507.57,0,1,0,1140.01,8795.26,0.0
M0116912,N,70,1,5191.65,0,0,0,1045.25,5912.33,0.0
M0116913,N,65,3,12852.96,0,2,0,1681.11,10218.17,2.48
M0116914,N,56,0,5952.34,0,0,0,3497.02,4941.48,0.2
M0116915,N,49,0,17485.54,2,0,0,2428.86,12957.04,0.83
M0116916,N,23,0,12714.07,0,0,1,3160.66,12871.46,0.61
M0116917,N,63,0,13293.01,0,0,0,945.21,14144.33,0.0
M0116918,N,43,0,16999.38,1,0,1,2132.96,16057.36,0.73
M0116919,N,50,1,6296.01,1,0,0,1494.4,4902.61,0.67
M0116920,N,18,0,12768.81,0,0,0,3764.01,12715.43,0.04
M0116921,N,76,1,22084.79,0,1,0,7390.5,15444.72,1.74
M0116922,N,39,1,7367.92,1,0,0,5223.36,5825.45,2.32
M0116923,N,31,3,9972.25,0,0,0,349.36,8567.99,0.79
M0116924,N,41,3,11719.48,0,0,0,1908.96,9617.39,2.09
M0116925,N,44,0,29544.91,0,0,0,11983.44,21146.03,1.47
M0116926,N,65,2,6070.0,0,0,0,2190.66,3002.01,1.3
M0116927,Y,47,5,441151.82,2,3,3,249864.18,223148.97,8.11
M0116928,N,39,1,11788.93,0,1,0,7057.46,3091.23,2.7
M0116929,N,61,0,5145.48,0,0,0,1710.09,4498.02,0.53
M0116930,N,41,1,2914.86,0,1,1,522.28,1791.31,1.4
M0116931,N,71,2,14004.25,1,0,1,6655.39,9467.86,2.83
M0116932,N,39,1,7381.54,1,0,0,1847.64,6447.45,1.72
M0116933,N,19,3,1689.57,0,0,0,1014.67,1486.95,0.7
M0116934,N,31,1,12369.69,0,1,0,5974.73,5721.9,0.0
M0116935,N,39,0,4097.65,1,0,2,1048.26,5438.16,0.46
M0116936,N,38,0,10236.9,0,0,0,7334.74,9696.24,1.56
M0116937,N,46,2,37155.06,1,0,0,3916.16,26015.57,1.65
M0116938,N,57,2,31826.65,0,0,0,14099.35,17953.82,1.07
M0116939,N,44,3,8445.28,1,0,0,3527.06,8095.54,0.0
M0116940,N,35,1,10379.12,1,2,0,5563.36,4748.42,1.87
M0116941,N,53,1,19518.26,0,0,0,973.98,14713.66,0.66
M0116942,N,49,1,12549.03,0,0,0,4032.61,14015.98,2.42
M0116943,N,63,0,6486.38,0,0,0,1225.19,5791.77,0.62
M0116944,N,75,0,7829.9,0,1,1,4724.02,5394.8,1.91
M0116945,N,67,2,30822.88,0,2,0,6468.31,48372.05,2.1
M0116946,N,65,0,9341.18,0,0,1,3781.12,8296.86,0.89
M0116947,N,32,1,15885.55,0,1,0,8017.31,5474.1,0.32
M0116948,N,26,1,7346.56,0,1,0,1204.29,7133.58,1.6
M0116949,N,33,1,5828.35,0,0,1,1462.54,4138.74,0.72
M0116950,N,79,1,4347.82,0,1,0,2183.53,4799.62,0.0
M0116951,N,44,0,17866.61,0,0,0,1280.17,21349.36,1.39
M0116952,N,63,0,4544.37,1,0,1,3118.64,4448.58,0.02
M0116953,N,59,0,12277.67,1,2,0,1154.85,10535.26,1.61
M0116954,N,72,0,5746.28,0,0,0,1321.67,4105.35,1.14
M0116955,N,38,1,10173.9,0,0,0,6276.16,7044.19,1.3
M0116956,N,75,0,8930.25,0,0,1,1403.83,6362.02,0.49
M0116957,N,74,2,6638.05,0,0,0,2380.21,2833.64,0.0
M0116958,N,49,0,6561.08,0,1,0,2835.75,3081.48,1.91
M0116959,N,54,2,10199.55,0,0,0,682.06,10225.88,0.79
M0116960,N,22,1,9172.97,0,1,0,906.43,8644.41,0.49
M0116961,N,28,2,8056.52,0,1,0,4218.69,7712.44,1.79
M0116962,N,71,2,5054.16,0,1,1,1632.01,5937.08,0.0
M0116963,N,30,1,12844.56,0,2,0,2151.25,11830.92,1.39
M0116964,N,26,1,8117.77,0,3,0,3817.59,5836.47,0.0
M0116965,N,31,3,18986.32,0,1,0,3222.11,27943.89,1.69
M0116966,N,43,1,7348.07,0,0,0,1723.52,6540.4,0.0
M0116967,N,18,1,11428.9,0,0,0,3259.73,9408.53,0.06
M0116968,N,72,2,45773.99,0,1,0,5461.66,57943.9,1.59
M0116969,N,66,2,5907.21,0,0,2,1433.85,6155.76,0.55
M0116970,N,23,1,7732.26,0,2,1,1857.0,6210.14,1.65
M0116971,N,25,0,8728.37,2,1,1,1546.69,6903.25,0.14
M0116972,N,79,5,13879.06,1,2,1,3690.27,11877.04,1.66
M0116973,N,34,3,36686.01,0,2,0,1568.47,35783.1,0.38
M0116974,N,59,1,3972.2,0,0,0,566.19,3194.58,0.4
M0116975,N,29,0,17665.83,1,0,0,14278.99,10772.0,1.69
M0116976,Y,74,3,395181.71,4,3,5,130536.64,374428.51,4.57
M0116977,N,51,0,11004.32,0,2,1,5558.08,10527.44,2.09
M0116978,N,43,1,9133.68,0,0,0,5351.12,4070.14,1.71
M0116979,N,53,0,6190.69,0,1,1,1025.16,5018.03,0.0
M0116980,N,35,2,32333.38,0,0,0,1957.39,29261.3,1.57
M0116981,N,77,1,3879.38,0,1,0,1472.16,2442.81,0.26
M0116982,N,59,2,26979.89,0,1,0,4381.62,18162.84,0.87
M0116983,N,41,2,5760.6,1,2,1,757.42,7457.42,1.74
M0116984,N,67,1,8295.19,0,1,1,2866.64,3944.38,0.56
M0116985,N,34,0,14462.96,0,0,0,1097.02,20532.39,1.66
M0116986,N,45,1,12473.22,0,0,0,5764.29,5426.55,0.47
M0116987,N,75,0,14023.9,0,0,0,994.21,11835.9,1.4
M0116988,N,59,0,12323.93,1,0,1,1225.75,8685.16,1.77
M0116989,N,21,1,16002.67,0,1,1,7487.1,8775.17,0.89
M0116990,N,45,0,6924.72,0,0,0,1868.53,9215.73,1.19
M0116991,N,74,1,15413.59,1,0,0,2466.65,10027.88,0.0
M0116992,N,45,0,2959.29,0,1,0,1444.03,3406.41,1.25
M0116993,N,58,1,10983.9,0,0,0,3328.52,6622.36,0.91
M0116994,N,32,1,17248.92,0,0,0,3225.25,12183.11,0.7
M0116995,N,23,0,2718.91,0,0,1,1166.65,3750.13,0.69
M0116996,Y,74,4,237286.21,4,2,4,116190.62,101356.3,4.16
M0116997,N,63,0,27477.22,0,3,0,2822.5,20806.42,1.44
M0116998,N,30,1,6810.13,0,0,0,1563.32,8640.78,0.19
M0116999,N,61,0,12090.02,0,1,0,1615.82,11247.57,0.91
M0117000,N,19,1,10732.63,0,0,0,4961.27,6122.31,1.28
M0117001,N,52,0,7234.6,0,1,0,2079.48,6008.96,0.14
M0117002,N,23,2,5773.42,0,0,1,3159.26,4095.7,0.23
M0117003,N,22,1,11871.33,0,2,0,10165.22,10296.69,0.74
M0117004,N,24,3,9101.82,0,1,0,3143.43,6527.71,0.1
M0117005,N,49,1,5888.13,1,0,0,1808.19,5467.61,0.88
M0117006,N,79,0,16317.93,1,0,1,1572.14,15172.8,2.37
M0117007,N,78,1,9727.48,0,2,0,1278.39,10820.35,0.0
M0117008,N,42,0,19828.71,0,2,0,5147.72,17759.45,1.09
M0117009,N,38,0,10871.8,1,1,0,4743.71,11456.92,1.48
M0117010,N,48,1,5792.68,0,0,0,790.3,7681.66,1.02
M0117011,N,77,0,10290.93,1,0,0,2499.07,6002.24,0.27
M0117012,N,43,1,41761.23,0,1,0,15271.78,27382.47,0.87
M0117013,N,38,1,9230.22,0,0,0,5522.56,4616.11,0.81
M0117014,N,24,1,10206.52,0,0,0,1662.02,8894.56,2.81
M0117015,N,46,0,24653.75,0,3,0,7108.64,17978.77,1.61
M0117016,N,18,1,4335.21,0,0,0,4369.77,2557.47,1.22
M0117017,N,54,1,4287.24,1,0,0,3653.31,3785.28,0.7
M0117018,N,37,2,17136.44,0,1,0,12867.09,5279.51,0.0
M0117019,N,75,1,7485.06,0,1,0,2674.53,4809.01,2.02
M0117020,N,68,1,26784.5,0,2,0,5101.81,15825.62,2.75
M0117021,N,61,0,15573.78,0,0,0,2162.94,20872.3,1.53
M0117022,N,72,1,12483.44,0,0,2,7526.8,13236.14,1.26
M0117023,N,41,1,4615.49,0,0,0,1534.88,2611.31,1.52
M0117024,N,54,1,5739.21,1,0,0,2307.33,8009.88,0.0
M0117025,N,31,1,11100.86,0,1,1,3114.93,6243.89,0.05
M0117026,N,18,2,10180.71,1,1,0,5264.78,6908.02,0.65
M0117027,N,64,0,15676.05,0,0,0,3295.42,10258.57,1.3
M0117028,N,23,1,7407.39,0,0,0,3573.7,6888.19,0.0
M0117029,N,75,0,4929.96,0,1,0,2315.21,5090.35,1.89
M0117030,N,28,3,6927.15,0,1,0,3246.55,7350.51,0.91
M0117031,N,74,1,12470.85,0,1,1,2891.72,7572.23,1.31
M0117032,N,64,1,15582.89,1,3,0,1842.84,16099.9,2.66
M0117033,N,75,1,10970.48,0,2,0,10537.49,5400.18,1.01
M0117034,N,67,2,5799.25,0,0,1,1601.32,5401.6,0.0
M0117035,N,23,3,11416.48,0,2,1,1775.11,7682.86,1.41
M0117036,N,27,0,6970.8,0,0,0,998.96,7973.72,0.76
M0117037,N,67,1,18767.04,0,0,0,1359.33,13576.52,0.0
M0117038,N,59,2,12606.97,0,0,0,2497.94,8091.18,0.98
M0117039,N,26,0,10077.85,0,2,0,1626.6,7139.86,0.31
M0117040,N,49,2,10893.77,1,0,0,979.61,9840.64,1.57
M0117041,N,70,1,9132.3,1,0,1,1852.26,7872.34,0.76
M0117042,N,24,0,7292.64,1,0,0,3573.71,4931.08,1.19
M0117043,N,29,0,3040.59,0,0,1,1007.08,4151.0,0.0
M0117044,N,67,0,4013.65,0,0,0,364.56,3964.44,1.31
M0117045,N,68,0,11498.24,0,0,0,1275.98,12666.39,0.37
M0117046,N,24,2,4399.96,0,0,1,2195.22,5096.26,0.97
M0117047,N,18,1,19883.98,0,1,0,6281.76,14654.95,1.46
M0117048,N,49,0,13615.95,0,0,0,4489.08,9119.43,1.04
M0117049,N,19,0,2217.33,0,0,0,655.05,2621.78,0.6
M0117050,N,50,0,9965.32,1,0,1,4556.41,7399.98,1.77
M0117051,N,27,0,4320.44,0,0,0,633.76,6722.08,0.1
M0117052,N,26,2,18527.04,0,0,0,13926.74,2277.26,3.32
M0117053,N,74,2,8248.94,0,0,0,1752.01,6552.22,1.38
M0117054,N,23,1,5066.72,0,2,0,4327.59,4309.66,0.28
M0117055,Y,44,5,321592.09,2,4,6,202207.63,185771.06,4.67
M0117056,N,71,1,8687.69,0,0,1,3777.07,7595.35,0.5
M0117057,N,59,0,22809.09,0,0,0,1695.53,29477.59,0.44
M0117058,N,28,2,5394.27,0,0,0,1412.33,6451.41,2.92
M0117059,N,21,0,6649.77,0,0,0,1008.6,4610.41,0.3
M0117060,N,66,0,8872.75,1,0,0,4936.0,7181.58,1.32
M0117061,N,69,1,23028.99,0,0,1,7946.32,10164.5,1.72
M0117062,N,53,1,6292.45,0,0,0,3307.13,7705.75,1.08
M0117063,N,53,1,14737.06,0,2,1,4477.39,11244.49,3.06
M0117064,N,49,1,32487.17,0,1,0,5048.2,21981.24,1.94
M0117065,N,44,0,8275.38,1,2,0,2262.47,11121.04,0.76
M0117066,N,67,1,18161.07,1,0,1,2496.91,15744.52,0.95
M0117067,N,22,0,13884.95,0,0,2,4569.63,8221.65,1.78
M0117068,N,50,0,26767.57,0,0,0,2843.87,19248.77,1.54
M0117069,N,69,0,10705.84,0,1,0,9550.02,9004.52,0.52
M0117070,N,20,2,34482.98,0,1,0,1770.33,25534.83,1.35
M0117071,N,57,1,5991.75,0,0,1,2389.25,6257.45,0.46
M0117072,N,37,2,22457.52,0,2,0,2345.99,18727.27,1.62
M0117073,N,43,1,7017.88,0,0,0,7238.86,3352.43,0.0
M0117074,N,39,0,20222.2,0,1,0,2205.76,20371.14,0.37
M0117075,N,33,1,11836.51,0,0,0,1653.71,9764.53,2.04
M0117076,N,73,0,5172.6,0,0,0,2106.63,5383.32,0.05
M0117077,N,28,3,7477.27,0,0,0,4201.68,6403.57,2.81
M0117078,N,48,3,6565.6,0,0,0,7011.44,3238.51,0.2
M0117079,Y,62,6,344428.21,4,3,1,42886.53,338332.44,5.85
M0117080,N,59,0,3156.49,0,0,0,1677.48,3401.01,1.74
M0117081,N,47,0,11222.25,0,0,0,2680.94,9521.3,1.01
M0117082,N,64,2,6792.93,0,0,0,6031.8,2539.43,0.0
M0117083,N,79,1,17556.04,2,0,0,1548.63,14010.17,0.82
M0117084,N,27,2,2958.89,0,0,1,429.76,3049.77,0.0
M0117085,N,29,2,6339.0,0,0,0,2839.38,8601.22,0.91
M0117086,N,23,0,21903.92,0,0,2,5471.33,13452.09,1.53
M0117087,N,28,1,23958.67,0,0,0,6460.67,13242.25,0.53
M0117088,Y,64,4,135917.82,5,4,5,71399.51,115949.2,5.76
M0117089,N,58,0,9407.53,0,0,2,2832.65,9467.39,0.65
M0117090,N,61,1,5265.67,0,2,0,3673.23,2324.1,1.66
M0117091,N,25,0,21847.68,0,0,0,1111.6,21096.2,0.73
M0117092,N,25,1,6412.55,0,0,0,3795.97,4488.42,0.86
M0117093,N,34,0,4108.0,1,1,1,3415.05,2266.44,0.0
M0117094,N,34,2,7329.28,1,1,0,2444.98,5752.16,0.23
M0117095,N,40,1,18500.81,0,0,0,1175.62,15497.46,0.96
M0117096,N,41,0,36879.02,0,0,0,9425.47,22875.88,0.76
M0117097,N,79,1,14480.94,0,0,0,5168.56,9230.79,0.68
M0117098,N,36,1,15713.3,0,0,0,1212.95,11620.07,0.77
M0117099,Y,44,6,180047.75,1,5,1,37137.05,127180.96,2.67
M0117100,N,66,1,14582.99,0,0,1,6022.9,8096.97,2.55
M0117101,N,65,0,6085.81,0,0,1,4415.76,4853.86,0.59
M0117102,N,31,2,5006.54,0,0,0,1310.62,5390.87,0.4
M0117103,N,56,0,8152.75,0,1,0,2116.63,4486.31,0.31
M0117104,N,53,1,9697.13,0,0,0,2028.97,6780.83,0.7
M0117105,N,72,1,30149.08,0,3,1,5380.51,21691.65,0.87
M0117106,N,52,0,4170.88,0,2,0,1384.01,2930.44,1.72
M0117107,N,43,0,3065.21,0,0,0,718.39,2080.52,0.06
M0117108,N,21,2,8604.32,0,1,0,547.29,8240.73,1.14
M0117109,N,79,2,6958.57,0,0,0,3163.79,6501.46,0.0
M0117110,N,62,0,5536.7,0,0,2,4328.74,2858.92,1.26
M0117111,N,50,0,3545.28,0,0,1,304.59,5317.41,0.51
M0117112,N,79,2,11925.62,0,1,1,3923.07,6489.17,1.88
M0117113,N,32,2,4371.12,0,0,0,429.14,7506.38,0.17
M0117114,N,43,2,17154.81,0,1,0,6615.59,11981.39,3.09
M0117115,N,55,0,13922.14,0,1,0,2420.88,12984.35,0.01
M0117116,N,56,0,60726.25,0,1,0,8924.51,66425.96,0.36
M0117117,N,47,0,9008.7,1,0,0,1830.32,5459.2,0.0
M0117118,N,25,0,10794.88,0,1,0,3188.86,6394.43,1.23
M0117119,Y,49,4,140629.95,1,2,1,46532.02,81082.61,2.03
M0117120,N,29,2,13822.98,0,1,0,5749.91,13563.03,1.25
M0117121,N,66,2,68804.8,0,1,2,6090.79,51795.11,2.48
M0117122,N,38,0,11035.81,1,0,0,3865.79,6377.6,1.53
M0117123,N,28,1,11208.19,1,1,1,2150.19,15546.46,1.16
M0117124,N,42,2,18127.98,1,0,1,3398.41,13955.77,2.01
M0117125,N,20,3,13759.04,0,1,1,9586.89,14122.86,2.1
M0117126,N,39,0,19757.84,1,0,0,2439.51,16682.76,0.2
M0117127,N,61,0,11334.38,0,1,0,2341.8,7271.86,0.64
M0117128,N,74,1,31110.35,1,2,0,1004.03,28773.25,1.51
M0117129,N,69,2,10284.28,0,2,0,2405.81,11703.73,1.48
M0117130,N,50,1,5001.87,0,2,0,1549.43,2815.1,1.55
M0117131,N,22,0,11066.12,0,1,0,2834.81,6352.94,0.47
M0117132,N,18,1,27483.43,0,1,0,848.53,28711.06,1.87
M0117133,N,45,2,8234.79,0,0,1,2204.59,11580.89,1.13
M0117134,N,28,1,5269.09,0,1,2,1693.83,2898.26,2.03
M0117135,Y,48,6,193445.18,3,7,4,82350.74,129507.73,5.14
M0117136,N,50,0,9542.55,0,0,0,2976.54,7310.67,1.23
M0117137,N,21,0,2043.16,0,0,0,1653.2,1448.69,0.62
M0117138,N,56,0,1107.66,0,0,0,217.68,1401.35,0.0
M0117139,N,23,2,6024.01,0,0,0,2036.6,7191.06,0.0
M0117140,N,65,1,12769.59,0,1,0,1550.79,8553.47,0.0
M0117141,N,78,1,12412.95,0,1,0,5876.01,8621.65,0.34
M0117142,N,35,2,16175.18,0,2,0,1966.13,20260.99,1.04
M0117143,N,31,3,3114.0,0,0,0,1142.72,4478.64,0.75
M0117144,N,52,2,13297.55,0,2,0,4669.35,12732.82,0.62
M0117145,N,48,0,9865.76,0,0,0,1930.9,6141.14,1.79
M0117146,N,67,0,22017.59,0,1,0,1554.53,16893.64,0.83
M0117147,N,37,1,17281.96,0,0,0,7891.07,18963.57,0.79
M0117148,N,52,2,5145.04,0,0,0,1560.01,5589.28,1.08
M0117149,N,29,1,17805.55,0,1,0,5619.66,8645.46,1.44
M0117150,N,37,0,6883.98,0,0,0,2326.21,5130.28,1.59
M0117151,N,20,2,18075.89,0,0,0,3820.46,11206.89,1.88
M0117152,N,39,2,11461.51,0,1,0,6515.45,7741.23,0.0
M0117153,N,62,0,3571.38,0,0,1,442.75,4957.56,1.17
M0117154,N,57,1,17134.25,1,2,1,2696.28,16578.98,1.33
M0117155,N,37,1,4258.28,0,1,1,1286.92,3819.93,1.87
M0117156,N,64,2,23621.44,0,0,0,4267.98,24049.28,0.39
M0117157,N,18,0,3905.79,0,0,0,941.33,2660.44,0.81
M0117158,N,80,3,13863.18,0,1,0,2133.37,10971.87,0.36
M0117159,N,75,0,7328.97,0,0,0,2090.51,6193.37,0.0
M0117160,N,35,0,12589.76,0,0,0,6156.4,13564.8,0.68
M0117161,N,23,1,12520.16,1,2,0,6978.66,4446.15,0.87
M0117162,N,51,0,8424.83,0,1,0,2535.32,11356.44,1.5
M0117163,N,30,2,11359.08,1,1,0,3461.56,16797.32,1.09
M0117164,Y,55,5,175219.71,3,5,2,73069.4,112751.33,6.11
M0117165,N,61,0,1422.8,0,0,0,303.85,1742.72,1.39
M0117166,N,64,0,4090.96,1,0,0,2079.51,4571.13,0.67
M0117167,N,47,1,24859.98,0,0,0,9261.21,12849.95,0.05
M0117168,N,24,0,4547.96,0,0,0,1434.03,2952.02,0.34
M0117169,N,69,1,5689.69,0,1,0,4529.73,3233.74,1.06
M0117170,N,19,0,3785.95,1,0,1,2541.29,1030.61,0.38
M0117171,N,79,0,2183.74,0,2,0,1069.08,1795.04,0.16
M0117172,N,75,1,13615.4,0,0,0,2511.38,10582.65,0.65
M0117173,Y,53,6,187203.79,4,3,3,48764.72,146864.83,3.81
M0117174,N,19,3,7987.91,0,0,0,2804.06,11614.89,1.39
M0117175,N,72,1,8840.88,0,0,0,2774.44,8297.81,0.93
M0117176,N,66,0,29232.49,0,0,1,1161.68,24760.99,0.78
M0117177,N,54,2,19647.26,0,1,0,2203.91,18235.8,1.83
M0117178,N,34,1,7116.62,0,1,0,2359.68,6163.61,0.54
M0117179,N,61,2,42964.65,1,2,2,3962.33,33876.34,1.28
M0117180,N,48,3,7451.53,0,2,1,3781.91,6996.39,1.63
M0117181,N,71,0,25631.25,0,0,1,6415.05,22839.64,1.45
M0117182,N,80,1,5029.21,0,0,0,2557.16,4811.38,0.0
M0117183,N,61,0,5212.38,0,0,0,331.01,5430.0,0.55
M0117184,N,45,1,8642.63,0,1,0,3671.38,8682.66,1.36
M0117185,N,61,1,30152.66,0,1,0,6813.52,22373.92,2.42
M0117186,N,41,2,7598.63,0,0,0,984.86,6341.79,0.0
M0117187,N,52,2,13335.86,0,2,0,3877.33,12390.31,0.75
M0117188,N,76,1,29780.84,0,1,1,8424.34,21743.82,0.61
M0117189,N,56,1,18590.37,1,2,2,9586.65,10143.79,1.38
M0117190,N,73,1,14323.88,0,0,1,3983.14,12066.24,0.96
M0117191,N,38,0,10940.85,1,1,0,3000.36,14248.69,1.53
M0117192,N,59,0,5361.58,1,1,1,2959.16,5238.94,1.57
M0117193,N,48,0,5599.49,0,0,0,1822.84,5254.77,1.79
M0117194,N,37,1,14956.4,0,1,1,1406.63,13126.52,1.93
M0117195,N,35,1,10378.19,0,1,1,3927.07,8541.84,1.63
M0117196,N,60,2,8155.41,0,0,1,1595.79,6454.33,0.03
M0117197,N,79,0,4621.64,0,0,0,1117.3,3279.02,0.46
M0117198,N,69,2,55925.34,1,2,0,6915.28,75504.54,2.43
M0117199,N,20,0,4607.32,1,0,1,609.37,3403.64,0.0
M0117200,N,32,0,3574.99,0,2,1,383.96,4988.48,0.0
M0117201,N,36,2,20418.45,0,0,0,3081.8,17074.07,1.24
M0117202,N,57,1,8127.95,1,1,0,5956.29,7894.61,1.84
M0117203,N,41,1,5820.78,1,0,2,3117.91,1587.2,0.98
M0117204,N,74,3,23947.39,0,1,0,3690.64,16956.03,1.98
M0117205,N,79,1,46986.43,0,1,1,14547.94,24551.52,2.36
M0117206,N,71,3,30089.81,0,1,1,8551.39,16908.99,1.76
M0117207,N,24,0,7559.94,0,0,0,1196.89,10257.99,1.83
M0117208,N,43,1,4084.97,0,0,0,982.2,4299.09,0.0
M0117209,N,62,1,8442.01,0,0,0,1544.24,5759.72,0.0
M0117210,N,64,1,4702.46,0,0,0,1113.45,4314.85,1.87
M0117211,N,76,1,8387.99,0,1,0,2149.48,4717.85,1.02
M0117212,N,41,0,1504.85,0,0,0,767.01,1616.87,1.91
M0117213,N,64,2,20524.63,0,1,0,5306.6,11360.95,0.9
M0117214,N,48,1,1595.87,0,1,0,353.12,2410.06,1.39
M0117215,N,31,4,8633.64,1,0,0,2835.05,6523.72,0.76
M0117216,N,75,1,21049.79,0,1,0,6200.52,13443.68,1.65
M0117217,N,66,1,9201.22,0,2,0,5974.2,8914.78,1.37
M0117218,N,39,0,12731.74,0,1,1,4481.26,10888.44,1.4
M0117219,N,35,2,23832.19,2,0,1,25042.73,13154.0,2.76
M0117220,N,41,1,9116.0,0,2,0,2979.96,13246.07,0.79
M0117221,N,57,0,5963.91,1,1,0,1252.52,7188.45,3.1
M0117222,N,50,0,26158.51,0,0,1,17610.0,3215.25,0.0
M0117223,N,48,0,15885.78,0,0,0,2597.53,10571.63,2.26
M0117224,N,41,0,9022.79,0,1,1,2923.59,7170.85,0.27
M0117225,N,46,1,3192.95,0,1,1,442.87,2952.21,0.43
M0117226,N,69,0,2474.15,0,0,0,1566.75,1870.72,0.0
M0117227,N,28,0,18119.18,1,1,0,7122.07,9600.92,0.4
M0117228,N,67,3,13428.15,0,0,0,16117.15,8259.1,1.42
M0117229,N,42,1,14966.23,0,1,2,5075.27,10970.75,0.12
M0117230,N,36,1,15953.33,1,1,0,4198.61,9273.09,1.17
M0117231,N,68,1,35710.16,0,1,0,2842.09,31708.01,0.22
M0117232,N,25,0,15974.3,0,1,0,5252.33,9416.48,1.13
M0117233,N,78,0,16855.44,0,0,0,7521.04,7613.84,1.08
M0117234,N,31,0,7660.55,0,0,1,2562.48,9701.62,0.0
M0117235,N,41,0,7162.78,0,0,0,7367.96,3074.21,2.18
M0117236,N,39,1,10420.75,1,2,0,3942.37,12177.87,1.24
M0117237,N,51,1,12583.52,0,1,0,2886.99,9484.12,0.57
M0117238,N,57,1,5784.26,0,0,1,7015.44,3040.55,0.8
M0117239,N,67,0,17042.54,0,0,0,2492.71,12858.57,1.19
M0117240,N,41,1,14549.5,0,0,2,2959.0,21534.41,0.94
M0117241,N,21,0,9780.5,0,0,0,606.21,8839.98,0.14
M0117242,N,25,0,4502.15,0,1,0,1029.75,2518.86,1.39
M0117243,N,34,2,6342.92,0,0,0,3061.19,6634.52,1.26
M0117244,N,25,0,11168.1,1,1,0,4071.44,5054.92,1.11
M0117245,N,33,2,20041.47,0,2,1,4806.8,12726.48,1.46
M0117246,N,55,3,12390.44,0,0,0,5805.19,16659.86,1.81
M0117247,N,33,0,8136.78,0,0,1,2390.2,4872.01,0.39
M0117248,N,52,1,3912.4,0,0,0,931.43,2632.7,0.0
M0117249,N,41,2,4215.29,0,1,0,1400.13,2943.28,0.05
M0117250,N,21,1,5294.14,0,1,2,4502.61,5014.83,2.69
M0117251,N,38,2,7340.97,0,1,1,2314.6,3702.17,0.96
M0117252,N,20,2,6342.04,0,0,0,3056.75,5379.87,2.25
M0117253,N,70,1,35355.37,0,0,0,9820.79,18545.99,1.1
M0117254,N,45,0,9807.17,0,1,1,2723.86,8323.68,0.94
M0117255,N,69,0,7069.89,0,0,0,4259.0,7720.79,1.19
M0117256,Y,54,7,217998.61,4,6,6,131855.75,167976.83,4.65
M0117257,Y,63,4,168400.3,2,4,3,86234.82,127022.48,4.13
M0117258,N,21,0,21274.36,0,0,0,8147.97,8646.69,1.72
M0117259,N,27,2,27044.1,0,1,0,10715.99,17936.72,0.77
M0117260,N,31,1,12111.65,0,1,1,6308.52,9853.89,1.33
M0117261,N,43,1,6702.01,0,1,0,1066.13,5407.81,0.0
M0117262,N,44,3,35192.42,0,1,3,12899.41,18449.33,1.94
M0117263,N,51,1,4841.51,1,0,0,876.55,6491.3,0.74
M0117264,N,42,0,4843.62,0,0,0,1885.66,2249.75,0.42
M0117265,N,71,2,7208.38,0,0,1,1328.38,9160.52,0.0
M0117266,N,32,0,10074.1,0,0,0,1149.52,10420.68,0.0
M0117267,N,64,0,3012.52,0,0,0,1722.38,1544.55,0.29
M0117268,N,25,1,20982.59,0,1,1,7006.5,14749.51,1.06
M0117269,N,59,2,25879.32,0,2,1,16970.37,21932.35,0.86
M0117270,N,32,0,8382.73,0,0,2,1364.91,7898.32,0.43
M0117271,N,77,1,16927.45,0,0,1,1375.83,12003.88,0.5
M0117272,N,57,1,7240.07,0,0,0,1772.62,4196.32,1.32
M0117273,N,69,3,41972.41,2,3,1,8985.2,31607.62,3.03
M0117274,N,25,1,4602.52,0,0,0,3205.17,1474.2,1.13
M0117275,N,49,0,9243.41,0,1,0,535.33,7684.0,1.05
M0117276,N,74,0,14888.65,0,1,0,1081.4,18278.93,0.23
M0117277,N,61,2,18119.56,0,2,1,6764.84,15435.5,2.18
M0117278,N,68,0,13971.38,0,1,0,3753.77,10008.05,1.86
M0117279,N,20,0,3264.89,0,0,0,717.28,3279.61,1.27
M0117280,N,80,0,11335.44,0,1,0,1777.77,14141.88,2.2
M0117281,N,56,1,22531.42,0,1,1,12646.93,5204.89,2.93
M0117282,N,47,0,12202.66,1,2,1,9466.14,6197.05,1.22
M0117283,N,43,0,6354.92,0,0,0,4284.29,3518.79,1.35
M0117284,N,50,1,22620.15,1,1,0,5513.43,17207.72,1.33
M0117285,N,64,0,31274.19,0,1,0,3010.58,26014.26,0.47
M0117286,N,22,0,4363.55,0,2,0,995.93,2589.95,1.19
M0117287,N,71,1,27857.96,0,0,0,6915.99,15187.91,2.56
M0117288,N,49,0,6324.11,0,0,0,4166.37,3117.43,1.89
M0117289,N,29,0,17702.7,0,2,0,2690.85,12689.43,1.72
M0117290,N,20,2,20020.65,0,3,1,3031.45,15534.58,2.56
M0117291,N,28,2,14897.96,1,1,1,4820.11,10555.46,0.98
M0117292,N,58,2,22241.66,0,0,1,3927.43,19275.97,1.09
M0117293,N,70,3,19527.31,1,1,1,7111.91,11250.26,2.61
M0117294,N,47,0,24266.09,0,0,0,9845.91,10222.1,1.7
M0117295,N,45,0,19175.75,1,2,1,3703.98,13045.25,1.18
M0117296,N,71,1,9510.16,1,2,0,6464.8,6014.79,0.96
M0117297,N,31,1,12011.6,0,0,0,1719.87,8460.43,0.91
M0117298,N,68,2,16138.07,0,2,0,2496.12,15087.69,0.88
M0117299,N,44,1,11457.59,0,0,1,3561.65,9512.93,1.5
M0117300,Y,47,2,263214.45,4,5,5,155330.93,197759.84,5.51
M0117301,N,29,0,4939.91,0,1,0,1999.63,5033.06,0.55
M0117302,N,78,0,40694.52,0,0,0,9858.09,22433.29,0.4
M0117303,Y,53,7,282902.08,3,3,5,92233.38,254903.66,7.04
M0117304,N,66,1,25267.47,0,0,0,3599.8,16902.17,1.5
M0117305,N,69,1,7429.77,0,0,1,4075.25,4294.12,0.99
M0117306,N,27,0,13634.34,0,1,0,5262.13,8951.84,0.47
M0117307,N,28,2,7346.7,0,1,0,2691.67,7346.8,0.97
M0117308,N,76,1,7605.19,0,0,0,4138.92,9138.18,1.26
M0117309,N,69,0,7389.49,0,0,0,710.62,7773.87,1.3
M0117310,N,63,0,15961.5,0,1,0,4050.28,23728.35,1.67
M0117311,N,41,1,28615.26,1,1,1,14055.21,11512.17,1.93
M0117312,N,40,0,5047.87,0,1,0,680.01,6316.3,0.62
M0117313,N,30,0,22042.59,0,0,1,4570.1,21632.96,2.29
M0117314,N,21,3,43615.28,0,0,0,4520.38,32902.97,1.88
M0117315,N,52,2,6099.27,0,3,0,1169.38,3961.62,1.48
M0117316,N,43,2,3338.78,0,0,0,908.75,3921.79,0.0
M0117317,N,65,1,7370.73,0,2,0,1460.97,7668.66,1.61
M0117318,N,28,2,4426.35,0,1,0,1048.27,4850.24,0.0
M0117319,N,49,1,13939.14,1,0,1,13992.15,4869.44,1.3
M0117320,N,43,0,7823.77,0,0,1,1624.25,7292.55,0.8
M0117321,N,40,3,3314.56,0,2,0,721.03,2176.53,0.0
M0117322,N,36,2,10076.44,0,0,0,6396.13,4459.02,0.4
M0117323,N,18,0,16310.99,0,2,1,3464.61,14078.69,0.44
M0117324,N,31,1,7842.11,0,1,0,4332.15,2042.55,1.08
M0117325,N,53,0,4006.08,0,0,0,1231.39,5118.29,0.0
M0117326,N,48,1,35855.55,0,1,0,5285.84,28681.35,2.27
M0117327,N,26,1,17871.54,1,1,0,4214.76,17404.8,2.04
M0117328,N,25,3,8502.41,0,0,0,2476.81,5353.42,1.76
M0117329,N,20,1,14480.57,0,0,1,5173.91,8040.72,0.51
M0117330,N,78,0,11874.81,0,0,1,3737.8,7074.14,1.36
M0117331,N,24,1,6648.11,0,0,0,2208.16,5444.74,0.29
M0117332,N,52,0,2909.02,0,1,0,1547.08,1628.05,0.2
M0117333,N,31,1,9496.38,0,1,0,3797.6,8823.59,1.81
M0117334,N,41,2,10598.14,0,0,0,5089.34,9810.97,1.78
M0117335,N,64,1,4475.9,0,0,0,1229.51,4197.09,1.21
M0117336,N,48,1,10345.81,0,0,0,2789.11,11723.04,0.53
M0117337,N,60,1,9995.8,0,2,1,2081.91,8411.75,0.91
M0117338,N,19,2,24734.99,0,1,0,5862.27,25327.91,1.54
M0117339,N,36,0,3709.6,0,0,1,1296.51,3468.01,0.7
M0117340,N,33,1,3407.02,1,0,0,2570.38,1986.7,0.0
M0117341,N,67,0,8476.21,1,0,0,4860.08,6457.57,0.61
M0117342,N,55,0,5347.89,0,0,0,2536.86,3857.17,1.19
M0117343,N,30,0,21281.42,0,2,0,4929.95,20254.06,0.88
M0117344,N,52,1,14253.75,1,0,0,5508.19,5712.41,0.12
M0117345,N,42,2,16544.23,1,1,0,3954.07,11035.34,1.12
M0117346,N,74,0,9259.7,1,0,0,3940.45,3978.65,0.77
M0117347,N,37,0,9525.55,0,0,0,1534.67,7695.64,1.82
M0117348,N,19,0,5003.84,0,0,1,3106.11,3612.59,0.0
M0117349,N,21,1,14582.26,0,1,1,6747.24,11914.86,1.17
M0117350,N,73,1,8467.87,0,0,0,2001.2,4639.33,1.78
M0117351,N,59,0,10806.25,1,0,0,4039.29,8235.0,0.73
M0117352,N,62,0,9556.71,0,1,0,3046.38,9158.42,1.24
M0117353,N,36,0,10678.64,0,1,0,3374.86,7758.82,2.86
M0117354,N,51,1,5539.28,0,2,0,1212.48,6758.66,0.27
M0117355,N,72,1,14888.93,0,1,0,5759.55,16705.46,0.46
M0117356,N,71,1,2910.62,0,0,0,1061.58,3762.07,1.01
M0117357,N,52,1,84841.33,0,2,1,13814.57,64615.76,2.48
M0117358,N,72,2,13914.99,0,2,2,7352.9,17919.94,2.96
M0117359,N,31,2,4994.65,0,2,0,2136.67,3958.08,0.06
M0117360,N,23,1,5302.58,0,0,1,2830.93,5430.15,0.96
M0117361,N,67,0,4229.7,1,0,0,2164.42,3724.74,0.0
M0117362,N,74,0,10071.38,0,2,0,9750.36,8450.72,1.14
M0117363,N,50,0,10270.73,0,2,1,1225.15,7819.47,0.06
M0117364,N,46,0,35108.17,1,1,0,1297.56,39220.4,0.32
M0117365,N,29,2,5949.24,0,1,1,2443.92,6855.38,2.08
M0117366,N,45,2,8924.09,0,1,0,2137.61,13305.0,1.61
M0117367,N,75,1,16308.02,0,1,0,3520.52,16878.64,1.96
M0117368,N,30,1,27746.6,1,0,1,4782.68,26053.74,1.73
M0117369,N,26,2,51225.34,1,3,0,45267.8,8859.45,1.83
M0117370,N,20,4,7508.06,0,1,0,1057.17,11843.27,0.89
M0117371,N,34,3,8299.87,0,2,0,2002.73,12077.86,1.86
M0117372,N,56,0,7690.58,0,0,0,2558.77,5998.66,1.64
M0117373,N,55,2,31871.54,0,1,1,3240.44,32450.47,1.65
M0117374,N,22,1,12670.13,0,1,1,6052.71,12856.02,1.55
M0117375,N,48,0,24929.63,0,0,0,8964.25,10743.42,1.28
M0117376,Y,86,7,282057.84,2,3,7,107204.09,286981.96,6.28
M0117377,N,42,1,16209.45,1,2,1,3760.46,10350.83,2.43
M0117378,N,41,1,13351.84,0,2,0,2358.24,14287.09,1.53
M0117379,N,53,0,7368.69,0,0,0,550.74,7730.5,0.65
M0117380,N,62,0,12699.59,0,1,1,8044.82,11345.14,0.88
M0117381,Y,46,8,266399.96,4,5,6,78328.73,254293.48,7.96
M0117382,N,52,3,17651.17,0,2,0,6026.17,13696.1,2.11
M0117383,N,20,0,24406.56,0,0,0,4198.86,15169.36,0.0
M0117384,N,77,0,4853.59,0,1,1,465.84,4518.75,1.25
M0117385,N,18,0,7565.12,0,0,0,3144.03,3860.92,0.01
M0117386,N,59,0,4942.25,0,1,0,2384.09,3968.57,0.26
M0117387,N,58,2,14508.8,0,0,0,9526.03,5074.31,0.0
M0117388,N,76,1,15933.57,0,0,0,4250.74,11230.92,0.76
M0117389,N,72,1,10703.7,0,0,1,2531.17,16852.72,1.22
M0117390,N,51,0,7444.39,0,1,0,2498.26,10931.8,1.34
M0117391,N,32,2,46135.27,1,1,0,4882.34,38956.79,2.22
M0117392,N,72,0,5622.54,0,0,0,1685.32,3712.55,0.0
M0117393,N,65,1,23011.18,0,2,0,13303.17,8783.03,1.13
M0117394,N,61,1,20459.05,0,1,0,7669.42,28506.82,0.59
M0117395,N,76,1,7839.63,0,1,0,3853.31,7683.54,0.0
M0117396,N,31,0,9697.19,0,1,0,3016.3,4705.23,0.0
M0117397,N,39,2,11229.81,1,3,1,6199.89,7920.94,1.9
M0117398,N,30,1,13589.15,1,0,0,11789.8,10819.79,0.0
M0117399,N,69,0,5899.81,0,0,1,3369.65,4582.45,0.65
M0117400,N,36,2,5569.81,0,1,1,3165.58,3401.36,0.14
M0117401,N,18,0,5306.53,0,0,0,1385.27,5043.42,1.35
M0117402,N,67,3,7013.4,0,0,0,3797.46,5061.88,1.5
M0117403,N,19,0,17300.29,0,3,1,2228.51,18313.37,0.59
M0117404,N,34,2,5488.9,1,0,0,784.45,5217.23,0.53
M0117405,N,58,0,11497.5,0,1,0,1728.15,11490.06,2.2
M0117406,Y,70,7,353502.1,3,5,4,70959.36,225364.17,6.37
M0117407,N,42,1,4680.25,0,0,1,1692.47,2125.06,0.0
M0117408,N,78,1,20712.29,0,2,0,4107.14,16086.24,1.65
M0117409,N,46,0,9160.26,1,0,0,5233.95,5248.97,1.54
M0117410,N,31,1,9944.78,0,0,0,1712.77,6119.63,0.29
M0117411,N,48,1,8906.69,0,1,0,689.63,9005.38,1.31
M0117412,N,74,1,5048.12,0,0,0,1593.34,4782.31,0.66
M0117413,N,66,2,12746.44,0,0,0,6808.81,9370.16,0.09
M0117414,N,28,1,21821.79,0,0,0,3843.24,25630.54,0.51
M0117415,N,49,1,14339.54,0,0,1,2250.49,20234.21,0.87
M0117416,N,40,0,6286.58,0,0,0,452.04,5806.11,0.0
M0117417,N,33,1,21517.37,1,0,0,6138.38,21597.94,1.79
M0117418,N,52,2,60934.71,1,1,2,11589.07,39428.07,1.65
M0117419,N,62,1,12840.02,0,2,1,887.56,17054.72,0.67
M0117420,N,56,1,7123.11,0,0,0,6671.84,4183.1,1.17
M0117421,N,68,3,29820.09,0,1,0,8715.83,15554.54,1.16
M0117422,N,53,0,18143.56,0,2,0,4483.96,10069.41,1.24
M0117423,N,70,0,11219.21,0,1,0,3947.73,7363.76,1.67
M0117424,N,19,1,121735.16,0,1,1,48733.78,52717.89,2.61
M0117425,N,77,1,10728.77,1,0,1,417.78,8103.51,0.52
M0117426,N,56,1,8950.2,0,0,0,3829.61,4351.27,0.03
M0117427,N,51,2,6938.91,0,0,0,877.3,7849.77,0.0
M0117428,N,37,2,5016.73,0,0,0,1267.07,5205.53,1.4
M0117429,N,41,2,2985.01,0,0,0,2019.27,1508.55,2.11
M0117430,N,60,3,13895.96,0,0,1,8417.66,12509.98,2.12
M0117431,N,49,1,18322.17,0,0,1,6297.63,13173.27,0.38
M0117432,N,20,0,4028.77,0,1,0,1104.0,2701.94,0.81
M0117433,N,78,0,10859.07,0,0,0,2935.14,7354.03,0.45
M0117434,N,67,1,5198.43,0,1,0,1569.88,4839.95,0.0
M0117435,N,65,0,15431.01,1,1,1,11670.16,9232.29,1.7
M0117436,N,30,1,4363.29,0,0,1,801.94,3189.53,1.11
M0117437,N,23,2,8427.99,0,1,0,1967.56,9067.84,0.0
M0117438,N,53,2,17566.45,0,0,2,4367.21,9523.09,0.98
M0117439,N,66,0,2473.03,0,0,0,1178.18,2403.37,0.0
M0117440,N,78,0,13808.06,0,0,1,4432.44,7681.88,2.27
M0117441,N,67,3,27045.95,0,1,1,4152.94,24756.29,1.54
M0117442,N,32,0,24217.08,1,1,0,10017.63,15334.97,1.62
M0117443,N,54,1,8002.66,0,0,0,2295.22,6511.09,0.21
M0117444,N,61,1,12594.6,0,0,0,2587.26,8478.46,0.72
M0117445,N,48,1,16118.03,0,2,0,4558.44,10257.63,0.23
M0117446,N,39,0,48355.2,0,1,1,8085.8,41578.11,0.97
M0117447,N,18,1,10933.11,0,0,1,6248.29,12416.77,2.15
M0117448,N,21,1,6752.56,0,0,1,3948.65,5855.44,2.18
M0117449,N,55,0,25969.17,1,1,0,18676.34,13742.46,1.39
M0117450,N,43,0,14435.0,0,1,0,1661.39,10067.8,1.53
M0117451,N,71,1,13434.06,1,1,0,8173.1,2637.53,2.09
M0117452,N,68,2,18728.38,1,1,1,9569.38,11519.31,2.27
M0117453,N,37,0,4259.14,0,0,0,468.98,4981.93,0.0
M0117454,N,60,1,3782.31,0,0,0,1094.02,3111.35,1.64
M0117455,Y,56,7,138607.32,2,3,4,81600.49,80988.89,4.5
M0117456,N,69,1,30795.3,0,0,0,1434.77,22625.49,1.52
M0117457,N,56,0,6687.83,0,0,0,2351.22,5115.49,2.36
M0117458,N,64,2,12872.77,0,0,0,6450.83,7111.23,1.3
M0117459,N,34,2,6797.46,1,0,0,2068.64,3260.07,0.33
M0117460,N,22,2,9917.94,0,0,0,1785.95,15227.65,1.22
M0117461,N,65,2,35241.95,1,1,0,15927.36,18949.92,2.15
M0117462,N,67,1,3874.76,1,0,0,2453.28,1723.65,0.78
M0117463,N,79,1,8255.22,0,0,0,1344.24,10086.18,0.42
M0117464,N,78,1,27163.95,1,0,0,1819.84,22003.23,0.13
M0117465,N,33,0,3955.49,0,0,0,1843.97,2084.99,0.0
M0117466,N,55,2,14752.33,0,1,0,4853.4,6838.44,0.0
M0117467,N,27,2,3496.06,0,0,2,1308.41,3216.99,0.0
M0117468,N,57,0,8532.25,0,1,1,1906.58,8114.74,0.62
M0117469,N,46,2,21367.54,1,1,0,2573.38,20036.17,3.71
M0117470,N,47,1,21388.55,0,1,0,2127.41,16567.83,0.0
M0117471,N,30,0,4355.98,0,0,0,2246.54,1677.91,0.0
M0117472,N,61,1,4909.89,1,2,0,2345.16,4398.67,0.0
M0117473,N,62,2,12599.5,2,0,2,2008.38,16509.08,1.49
M0117474,N,22,3,12613.88,0,1,0,10294.37,6774.3,1.2
M0117475,N,50,1,28208.32,0,0,0,6032.77,26764.53,2.78
M0117476,N,19,1,36384.57,0,1,0,8934.24,27403.43,0.91
M0117477,N,53,0,24325.92,1,0,0,2447.14,18105.68,0.33
M0117478,N,35,1,7821.63,0,2,0,2063.29,5055.92,0.0
M0117479,N,55,3,3198.59,0,0,0,1159.63,2840.1,0.75
M0117480,N,32,0,11574.91,0,1,0,2006.2,9683.1,0.31
M0117481,N,70,1,3816.2,0,0,0,1425.63,1871.92,0.75
M0117482,N,48,0,6419.1,0,0,0,3181.49,4589.01,1.63
M0117483,N,54,1,8870.81,0,1,0,5896.57,5446.36,1.35
M0117484,N,62,1,8575.26,0,0,0,2896.64,7155.75,0.9
M0117485,N,22,1,3270.23,0,1,0,3155.2,2605.39,1.41
M0117486,N,62,2,5793.33,0,0,0,626.63,4302.99,0.0
M0117487,N,57,0,35700.92,0,1,0,3157.07,25727.07,1.39
M0117488,N,56,1,7134.39,0,2,0,4489.46,3905.65,0.0
M0117489,N,56,2,37795.62,0,1,0,12247.27,22825.63,1.75
M0117490,N,53,1,21357.75,0,1,0,4091.99,16328.02,1.09
M0117491,N,19,2,22927.22,1,1,2,3488.48,18990.3,1.81
M0117492,N,34,3,20763.05,1,2,0,5948.25,15355.13,2.34
M0117493,N,63,0,5787.14,1,0,0,1138.33,6829.35,2.79
M0117494,N,28,0,19401.4,0,0,1,11090.65,5054.65,1.47
M0117495,N,46,1,14789.85,0,1,1,2914.23,9499.58,1.41
M0117496,N,36,2,2718.38,0,0,0,799.78,2739.31,0.74
M0117497,N,55,1,6187.84,0,0,0,790.34,5358.08,1.26
M0117498,N,72,1,26142.19,0,3,0,5420.07,22794.0,1.56
M0117499,N,48,3,10911.65,1,0,0,725.6,10560.78,0.0
M0117500,N,55,0,6317.12,0,0,0,1885.02,3472.57,0.76
M0117501,N,25,2,12661.23,1,0,0,4763.79,12671.65,0.44
M0117502,N,41,0,22685.74,0,0,2,6735.13,14943.6,1.44
M0117503,N,29,0,9160.47,0,0,0,1959.54,5971.03,1.17
M0117504,N,55,2,25865.05,0,0,0,4753.63,25988.9,1.99
M0117505,N,58,2,7884.72,0,2,1,1737.55,4685.7,0.0
M0117506,N,35,1,7864.58,0,0,0,3748.83,3912.38,0.24
M0117507,N,58,1,18197.44,0,0,0,9562.32,7432.63,1.8
M0117508,N,25,1,10684.18,0,2,0,1662.77,11801.09,1.51
M0117509,N,42,0,19376.18,0,0,1,2743.96,17641.98,1.22
M0117510,N,26,0,18272.88,0,0,0,8343.89,6996.3,0.79
M0117511,N,48,0,3472.64,1,0,1,1929.76,4236.3,1.21
M0117512,N,33,0,12467.16,0,0,0,2424.02,12295.45,1.47
M0117513,N,40,1,7227.2,0,1,0,3884.37,4843.19,0.24
M0117514,N,76,1,10123.41,0,0,0,4703.97,3696.73,0.8
M0117515,N,71,0,30213.91,0,2,0,8541.68,19583.12,0.98
M0117516,N,24,0,4479.26,0,0,0,3162.93,3988.79,0.13
M0117517,N,45,1,23588.24,0,0,0,2690.42,21556.3,0.41
M0117518,N,18,1,9656.66,0,0,0,5487.2,5367.36,1.44
M0117519,N,71,1,21939.31,0,2,0,1939.51,24822.12,1.09
M0117520,N,27,2,13282.33,0,2,0,7608.61,3790.84,0.3
M0117521,N,25,0,14921.54,0,0,0,12251.4,12426.69,1.12
M0117522,N,21,0,10858.9,0,1,0,3694.32,5966.74,1.06
M0117523,N,65,0,13612.71,0,0,1,6518.8,5729.84,1.62
M0117524,N,47,0,9532.09,0,0,0,8857.62,7965.58,1.51
M0117525,N,31,2,11755.73,1,0,0,1543.52,10948.93,1.05
M0117526,N,21,1,15122.81,0,1,1,4433.67,20085.43,0.8
M0117527,N,41,0,6682.82,0,0,0,2436.87,5475.66,0.35
M0117528,N,44,1,19359.66,1,2,1,15716.59,6564.18,1.68
M0117529,N,68,2,12361.44,1,0,1,1671.13,9033.31,1.58
M0117530,N,49,1,14059.38,0,0,0,3488.96,13002.41,1.21
M0117531,N,55,1,7678.92,1,2,0,4169.86,4466.61,1.66
M0117532,N,29,0,5934.84,0,0,1,3499.3,4014.72,0.91
M0117533,N,55,0,6015.45,0,0,1,2324.69,8133.37,0.88
M0117534,N,23,1,3144.09,0,1,0,495.87,3804.3,1.22
M0117535,N,61,3,11673.52,0,2,0,8142.6,12102.68,1.48
M0117536,N,76,1,9399.66,1,1,1,2087.21,10892.8,1.17
M0117537,N,73,0,5194.58,0,0,0,1794.69,3632.85,0.45
M0117538,N,19,2,7516.59,0,0,2,1775.24,4313.11,0.89
M0117539,Y,69,5,314460.3,7,7,6,123084.62,274554.4,7.44
M0117540,N,60,1,14399.23,0,2,0,2755.42,15983.63,0.47
M0117541,N,61,3,8064.0,0,1,0,3504.07,7644.21,0.91
M0117542,N,60,2,21539.32,0,2,0,8067.66,17746.62,0.28
M0117543,N,19,1,4288.87,0,0,0,693.69,2716.05,0.4
M0117544,N,66,1,12701.04,0,0,0,15208.78,7812.63,0.15
M0117545,N,68,0,13541.62,0,0,0,4691.36,9507.06,1.95
M0117546,N,36,1,13893.31,0,1,0,2675.1,18059.95,0.0
M0117547,N,26,1,9023.74,0,0,0,4903.88,5316.17,1.26
M0117548,N,50,1,3223.91,0,2,0,1505.59,1564.05,0.14
M0117549,N,41,2,8199.06,0,2,0,4229.72,5457.64,3.3
M0117550,N,71,0,6384.0,0,0,0,1765.14,3354.08,0.0
M0117551,N,24,0,11013.62,0,1,1,885.04,9706.55,1.09
M0117552,N,61,0,4422.8,0,1,0,455.62,3729.94,2.21
M0117553,N,32,0,10596.01,0,0,0,4611.83,5740.02,0.9
M0117554,N,23,0,9427.18,1,1,1,3138.27,8637.85,1.46
M0117555,N,45,0,7620.46,0,2,0,2411.23,4953.01,1.15
M0117556,N,49,2,3328.49,0,0,0,637.37,3185.39,0.13
M0117557,N,57,2,21619.21,2,0,1,10132.0,10301.79,2.57
M0117558,N,36,0,3133.74,1,0,0,1023.15,2027.05,2.03
M0117559,N,40,0,12207.88,0,0,0,8205.38,3915.15,1.13
M0117560,N,75,0,8057.88,0,1,0,1344.78,5720.63,0.31
M0117561,N,23,0,4367.17,0,0,1,1775.71,4423.09,0.58
M0117562,N,46,1,6915.63,0,0,0,2187.99,5752.67,0.31
M0117563,N,70,1,11628.29,0,1,0,4002.68,7824.34,0.93
M0117564,N,68,2,12105.9,0,1,0,2250.72,17387.87,1.11
M0117565,Y,85,5,256853.29,5,2,5,84277.3,271997.81,5.29
M0117566,N,76,1,9024.67,0,0,1,547.86,7720.49,0.45
M0117567,N,70,1,13748.86,0,0,1,4792.29,13361.86,1.44
M0117568,N,72,0,17404.25,1,0,1,4391.73,11909.73,0.98
M0117569,N,80,1,6868.37,0,0,0,2886.37,8219.39,1.09
M0117570,N,57,4,13530.83,0,0,1,7372.83,15655.71,1.97
M0117571,N,36,0,18041.16,0,1,0,10200.12,10636.67,2.35
M0117572,N,66,1,16832.7,1,1,1,5325.17,10428.98,1.51
M0117573,N,73,1,7070.76,0,0,0,4029.93,8545.6,1.63
M0117574,N,63,3,14065.77,0,2,0,1774.07,15473.89,0.72
M0117575,N,56,1,13539.96,0,0,1,5238.97,6451.84,1.91
M0117576,N,77,1,5690.37,0,1,1,3392.93,2795.85,1.39
M0117577,N,18,0,21525.3,0,0,0,14487.6,9420.05,1.72
M0117578,N,26,1,7773.53,0,1,0,4668.81,3205.25,0.0
M0117579,N,37,0,16828.06,0,0,0,3575.43,10896.33,0.64
M0117580,N,45,0,9416.2,1,1,1,4787.38,3249.59,2.15
M0117581,N,45,1,19719.6,0,1,0,2070.79,13562.02,2.13
M0117582,N,30,2,13477.67,0,2,0,5594.67,7934.16,2.88
M0117583,N,67,0,8181.74,0,1,0,1489.04,10305.62,1.08
M0117584,N,66,0,19221.44,0,1,0,4779.24,25101.51,2.54
M0117585,N,20,2,17046.76,0,1,0,1596.65,11915.64,1.35
M0117586,N,49,0,10845.94,0,0,0,1936.68,13164.82,1.93
M0117587,N,52,1,6236.88,0,1,0,1224.83,10034.96,1.07
M0117588,N,54,0,5460.69,0,0,0,2686.8,7111.35,0.97
M0117589,N,49,2,8067.89,1,0,0,2264.54,7646.22,0.0
M0117590,N,19,2,7053.59,1,2,1,1128.91,7324.69,1.45
M0117591,N,32,1,2328.64,0,0,0,1143.93,2209.01,0.0
M0117592,N,31,2,14712.11,0,1,0,4317.55,13810.7,0.89
M0117593,N,57,2,8020.16,0,0,0,974.25,7242.31,0.2
M0117594,N,57,1,19031.04,1,0,0,1989.7,14699.95,2.92
M0117595,N,46,1,12430.18,0,2,1,6730.45,6644.78,0.0
M0117596,N,63,0,4294.89,0,0,0,2282.28,1561.61,0.0
M0117597,N,76,1,10222.58,0,1,0,5036.27,4489.91,0.02
M0117598,N,78,0,10431.36,0,0,0,4259.23,10261.18,0.86
M0117599,N,22,0,10856.43,0,0,0,2018.27,8473.64,0.69
M0117600,N,71,1,12204.74,0,0,0,2335.6,10505.36,0.33
M0117601,N,43,0,3300.33,0,0,0,927.43,3903.29,0.0
M0117602,N,25,0,13345.16,0,0,0,714.68,15193.51,0.34
M0117603,N,36,0,5953.93,0,2,0,1105.89,5227.49,0.77
M0117604,N,70,1,19917.14,0,0,0,1882.66,27193.48,2.13
M0117605,N,31,1,12851.74,0,0,0,506.01,14888.65,2.13
M0117606,N,47,1,5243.89,0,0,1,1746.46,6537.79,0.46
M0117607,Y,50,6,321167.54,5,4,2,182095.78,148684.52,4.79
M0117608,N,58,3,7465.52,0,0,1,1695.38,6001.3,0.56
M0117609,N,75,3,21856.8,0,2,2,11615.96,6692.23,1.76
M0117610,N,25,0,10747.51,0,0,0,3828.47,7441.68,1.52
M0117611,N,67,1,2938.23,0,0,0,811.39,3139.74,0.0
M0117612,N,54,0,10025.01,0,0,0,4937.75,10420.47,0.0
M0117613,N,47,1,10115.42,0,0,0,3099.6,8971.62,0.0
M0117614,N,47,2,33041.63,0,2,0,24840.98,27961.59,2.87
M0117615,Y,54,6,377239.46,3,6,4,87419.31,228335.97,4.95
M0117616,N,55,0,10696.59,0,0,0,1989.08,7012.0,1.13
M0117617,N,33,2,22838.48,1,0,0,7469.01,15055.66,0.86
M0117618,N,57,1,7486.5,0,0,1,1850.61,9485.53,0.48
M0117619,N,49,1,10672.16,0,2,1,3730.41,8387.32,1.03
M0117620,N,33,0,4001.71,0,0,0,1454.32,5143.38,0.77
M0117621,N,57,3,9127.89,1,1,0,8595.08,6444.75,0.39
M0117622,N,25,0,3859.99,0,2,2,1946.5,1496.25,0.87
M0117623,N,31,0,31926.7,1,2,0,6549.19,22028.28,0.0
M0117624,N,28,0,10762.59,0,1,0,2320.66,7784.54,0.0
M0117625,N,24,0,3601.37,0,1,0,3266.83,2086.61,1.06
M0117626,N,30,0,2786.74,0,0,0,1225.25,2392.3,0.52
M0117627,N,20,1,10928.23,0,0,0,4374.01,9480.78,0.67
M0117628,N,20,1,26710.3,0,1,1,8374.08,23234.77,2.48
M0117629,N,42,1,15857.21,0,0,1,4679.78,8423.4,0.9
M0117630,N,39,0,2898.36,1,1,0,824.3,2700.39,0.33
M0117631,N,65,1,18975.6,0,4,0,2365.95,25780.34,1.35
M0117632,N,55,1,12813.5,1,0,0,1471.1,10240.58,0.27
M0117633,Y,56,3,262889.95,1,1,5,138606.02,82781.33,6.32
M0117634,N,31,1,6873.67,0,2,0,3242.09,6906.09,0.09
M0117635,N,42,2,6462.24,1,1,1,3348.0,6103.01,0.27
M0117636,Y,76,4,104881.03,1,3,4,29002.08,76471.26,4.38
M0117637,N,23,0,14305.21,2,0,0,3085.32,11769.14,0.46
M0117638,N,76,2,22709.49,0,0,0,1855.64,16262.86,1.26
M0117639,Y,81,5,168884.77,2,3,2,60163.75,92795.23,6.9
M0117640,N,72,0,13532.63,0,1,0,3095.86,13779.42,0.78
M0117641,N,26,0,26223.56,0,1,1,1119.34,33431.31,1.82
M0117642,N,78,0,7384.16,0,0,0,3104.65,2832.89,0.0
M0117643,N,37,1,19089.02,0,0,0,5715.9,25511.16,1.37
M0117644,N,76,1,3342.11,0,0,0,537.02,4172.06,0.65
M0117645,N,60,0,4419.09,0,0,0,832.41,5075.02,0.84
M0117646,Y,78,4,158782.31,1,4,4,44099.33,165343.93,3.43
M0117647,N,47,1,9356.76,0,0,0,4337.9,7634.01,1.07
M0117648,N,66,0,5741.25,0,0,0,3206.78,5139.82,1.47
M0117649,N,20,2,17134.68,0,0,0,6308.92,7476.25,1.86
M0117650,N,66,0,5810.64,0,0,0,915.74,6269.43,0.64
M0117651,N,49,0,13249.86,1,1,0,2661.01,7842.21,0.0
M0117652,N,45,0,14294.7,1,3,0,4782.59,8011.02,2.22
M0117653,N,59,1,4770.91,0,0,0,809.26,3437.45,0.3
M0117654,N,41,0,34358.47,0,0,0,1970.52,29074.57,1.34
M0117655,N,31,2,14269.96,0,0,0,5146.05,8821.25,1.72
M0117656,N,63,3,5129.51,0,0,0,1940.4,7366.99,0.86
M0117657,N,43,2,20783.03,0,0,0,3033.78,19185.02,1.92
M0117658,N,55,1,15377.09,1,1,0,3480.53,9438.54,1.23
M0117659,N,78,0,7378.47,0,0,0,1093.43,7820.08,1.09
M0117660,N,44,2,4655.57,0,0,0,3010.22,4081.34,0.0
M0117661,N,67,2,15967.17,0,0,0,1466.43,17206.96,1.5
M0117662,N,19,2,12877.88,0,0,0,4749.4,12890.33,1.18
M0117663,N,48,0,7495.0,0,2,0,2343.08,6654.51,0.02
M0117664,N,50,1,3099.14,0,0,0,2185.9,2304.59,0.37
M0117665,N,52,2,7297.49,0,0,0,1230.89,5494.31,0.28
M0117666,N,64,1,9449.18,0,1,1,3887.58,7076.83,0.35
M0117667,N,34,0,5446.3,0,2,0,1106.44,4447.31,1.05
M0117668,N,80,1,4330.97,1,0,0,1681.28,3381.96,1.02
M0117669,N,74,1,24157.97,0,0,1,2007.84,22729.21,1.94
M0117670,N,43,2,9922.34,0,0,0,2066.14,8276.74,1.13
M0117671,N,51,1,23602.13,1,2,0,13195.22,19018.32,1.24
M0117672,N,67,0,33559.11,1,1,0,10795.52,18822.39,2.85
M0117673,N,64,0,28755.39,0,4,0,4065.49,22198.09,2.21
M0117674,N,74,1,2164.26,0,0,0,870.59,2076.33,0.0
M0117675,N,79,2,3151.03,0,1,0,2132.17,1706.42,0.34
M0117676,N,29,1,28367.55,0,0,0,3772.34,27723.69,1.48
M0117677,N,57,1,4772.08,1,0,0,1537.67,3363.15,0.71
M0117678,N,76,2,33190.71,0,0,0,3883.11,26014.73,1.46
M0117679,N,45,1,3618.37,0,0,0,3222.42,2219.42,0.65
M0117680,N,30,3,12782.39,0,3,0,2111.52,17446.59,2.09
M0117681,Y,63,3,109324.79,2,3,2,25444.65,109534.87,2.06
M0117682,N,69,1,15871.25,0,0,0,3907.87,10193.44,0.5
M0117683,N,18,0,12096.52,0,0,0,2466.81,13403.08,0.84
M0117684,N,62,4,14620.65,0,0,0,2258.5,10374.57,1.01
M0117685,N,47,3,22689.75,1,2,1,8553.44,22961.54,1.55
M0117686,N,37,0,18113.89,0,0,2,5871.03,8555.31,1.76
M0117687,N,55,2,8360.47,0,1,0,705.18,7088.41,1.02
M0117688,N,49,1,4027.52,0,0,0,1222.08,5800.74,1.12
M0117689,N,54,1,16667.16,1,2,0,4172.1,19846.76,1.77
M0117690,N,62,3,14400.37,0,2,0,3417.42,11665.1,0.15
M0117691,Y,55,6,327861.43,2,3,4,195834.99,137809.16,4.77
M0117692,N,79,1,5223.46,0,0,0,1917.27,6737.88,0.93
M0117693,N,67,2,9358.99,0,0,0,697.63,9527.92,0.46
M0117694,N,72,0,10538.95,0,0,1,585.94,10202.86,0.52
M0117695,N,33,2,20517.32,0,0,0,652.7,20166.71,1.88
M0117696,N,48,0,12422.68,1,0,1,5699.25,11031.76,1.11
M0117697,N,61,3,14143.64,0,0,0,1178.41,11378.28,2.19
M0117698,N,33,0,2522.58,0,0,0,980.25,1727.04,0.0
M0117699,N,79,1,12049.12,0,0,1,3642.74,12729.65,2.08
M0117700,N,76,1,6106.08,1,2,0,1059.78,9268.25,1.51
M0117701,N,53,0,24426.76,1,0,0,6653.89,13471.34,0.0
M0117702,N,65,1,5309.21,0,0,1,3008.53,6639.76,1.4
M0117703,N,51,1,24428.85,0,1,0,1358.18,21385.21,2.2
M0117704,Y,72,5,258784.95,2,6,3,226816.79,107076.86,6.36
M0117705,N,78,1,14518.72,0,2,0,3012.08,19416.64,2.15
M0117706,N,67,3,15796.34,1,3,1,7583.31,11185.08,3.3
M0117707,N,25,1,13786.14,0,2,0,4135.25,7374.96,1.35
M0117708,N,74,0,4830.77,0,0,0,484.8,4460.96,0.05
M0117709,N,45,0,15864.66,0,0,0,1700.36,11610.51,1.65
M0117710,N,35,0,5010.4,0,0,0,913.23,5038.66,0.43
M0117711,N,75,0,13155.46,0,0,0,1430.27,12356.18,0.85
M0117712,N,29,2,7903.7,0,0,0,1893.49,6061.77,0.0
M0117713,N,37,2,14375.13,0,0,0,5905.75,15630.89,1.41
M0117714,N,19,1,17608.9,0,1,0,1139.84,12809.47,0.0
M0117715,N,56,4,12696.02,0,1,0,4952.81,10286.79,1.04
M0117716,N,67,0,7016.29,0,1,0,928.05,7041.31,0.68
M0117717,N,74,1,8238.57,0,1,0,5466.29,9352.3,2.77
M0117718,N,24,0,12971.24,0,0,0,3218.3,8799.35,1.42
M0117719,N,78,1,6582.49,1,0,0,965.81,5234.3,0.43
M0117720,N,49,1,17744.54,0,1,0,11215.75,3953.88,1.5
M0117721,N,38,2,10042.51,0,0,0,2758.6,5769.45,1.16
M0117722,N,49,2,19084.03,0,0,1,509.76,18834.15,1.37
M0117723,N,55,1,26104.72,0,1,0,7119.47,18121.28,0.0
M0117724,N,40,1,7297.7,0,1,0,2641.1,5910.71,1.14
M0117725,N,56,0,11940.97,0,1,0,2019.13,10950.83,0.99
M0117726,N,48,1,11367.21,1,4,1,2482.22,9544.18,1.8
M0117727,N,27,0,5725.52,0,0,0,2993.15,1773.69,0.4
M0117728,N,52,2,12040.62,0,2,1,1339.76,16390.23,1.1
M0117729,N,77,0,5720.24,0,1,0,1117.63,6260.31,0.08
M0117730,N,58,2,12577.66,0,0,0,3516.76,14682.4,0.57
M0117731,N,63,1,6103.89,0,1,0,2491.55,5755.58,0.37
M0117732,N,49,0,9337.04,0,0,0,1509.38,12345.14,1.13
M0117733,N,42,1,7634.46,0,1,0,3631.49,8435.21,0.24
M0117734,N,29,0,3597.37,0,0,0,2714.65,3301.54,1.35
M0117735,N,55,2,4318.19,0,0,0,882.58,3928.17,0.0
M0117736,N,25,0,12044.17,1,1,0,5444.87,14633.49,1.66
M0117737,N,27,1,3907.67,0,1,0,852.77,5399.14,1.01
M0117738,N,80,1,15974.63,0,0,0,2096.85,12336.42,0.45
M0117739,N,68,1,11498.54,1,0,0,1929.76,9217.91,1.2
M0117740,N,48,1,23290.55,0,2,1,3763.46,16744.13,2.25
M0117741,N,66,1,14216.64,0,0,0,5574.7,11065.84,1.45
M0117742,N,64,3,3423.79,1,2,0,1872.83,2826.63,2.16
M0117743,N,76,3,21144.74,1,0,0,3732.96,18830.92,2.31
M0117744,N,56,3,11419.1,0,0,0,2234.02,11121.49,1.49
M0117745,N,39,2,13981.91,2,0,1,5468.56,10623.56,0.97
M0117746,N,70,1,7439.34,0,0,0,1069.33,5883.49,1.82
M0117747,N,56,2,12987.11,0,2,1,4008.4,12311.43,0.17
M0117748,N,52,0,21737.97,1,0,0,4418.31,28043.21,2.5
M0117749,N,48,1,7490.45,0,0,1,3765.83,4441.27,2.21
M0117750,N,73,0,7319.01,0,1,0,2229.29,4336.99,0.98
M0117751,N,48,1,53717.88,0,0,1,1785.81,40242.71,1.37
M0117752,N,32,0,16910.8,0,1,1,3284.55,18145.67,1.61
M0117753,N,73,0,9905.43,1,0,1,3428.86,5323.1,1.79
M0117754,Y,60,3,318236.66,2,1,2,79981.26,190121.91,4.22
M0117755,N,22,1,16040.39,0,0,0,2160.87,10398.51,1.51
M0117756,N,34,0,8252.91,1,0,0,2694.63,5256.28,0.0
M0117757,N,44,1,20985.54,0,0,0,6229.92,12623.64,0.7
M0117758,N,70,0,12962.25,1,1,0,3643.06,9814.97,1.16
M0117759,N,31,0,7939.62,1,0,1,2367.04,6704.63,0.73
M0117760,N,75,0,7673.51,1,0,0,5576.28,4043.51,1.94
M0117761,N,72,2,4380.2,0,0,0,2516.92,4327.59,1.38
M0117762,N,31,1,8744.38,0,1,0,5923.21,2166.45,1.56
M0117763,N,29,0,12637.31,0,1,0,3872.47,16990.11,0.75
M0117764,N,21,1,6564.87,1,0,1,3428.62,7359.08,1.46
M0117765,N,80,1,16463.52,0,1,0,2475.05,23714.68,0.9
M0117766,N,64,2,8478.08,1,1,0,9457.87,2885.86,0.23
M0117767,N,33,1,6838.95,0,0,0,2127.05,3662.33,0.92
M0117768,N,69,1,5815.35,1,1,1,1832.99,6947.32,0.35
M0117769,N,51,0,4035.72,0,0,0,2661.04,1777.79,0.0
M0117770,N,55,1,17289.75,0,1,0,7257.54,8623.98,1.58
M0117771,N,43,0,4669.57,0,0,0,803.76,4710.8,0.0
M0117772,N,77,1,9328.93,0,1,1,3288.89,4527.55,0.11
M0117773,N,79,0,7277.43,0,0,1,4705.09,1990.07,0.0
M0117774,N,38,1,11934.7,0,1,1,765.71,8818.27,0.28
M0117775,N,76,1,11832.26,0,0,0,5310.53,6007.48,0.0
M0117776,N,34,1,14372.62,1,2,2,5038.2,7782.65,1.71
M0117777,N,43,1,14133.63,0,0,0,7676.1,6669.16,1.2
M0117778,N,49,0,19812.3,0,1,0,5488.83,10191.03,1.91
M0117779,N,76,1,5197.0,1,0,0,1438.84,4451.43,0.73
M0117780,N,34,1,9707.72,0,0,2,4092.64,6627.65,2.02
M0117781,Y,49,5,211794.0,1,6,4,55055.57,141536.35,3.86
M0117782,N,79,1,9018.11,0,1,0,6095.98,5189.84,0.99
M0117783,N,40,0,9203.63,1,1,1,3642.9,5345.6,0.92
M0117784,Y,40,4,106698.33,1,1,2,40934.84,55536.97,3.37
M0117785,N,55,4,4612.84,0,0,0,3688.7,3346.91,2.46
M0117786,N,48,1,23811.35,0,0,0,2024.5,23588.21,1.19
M0117787,N,58,1,11629.05,0,2,0,10072.74,9295.77,1.71
M0117788,N,64,0,5530.2,0,0,0,3003.95,6016.78,1.07
M0117789,N,68,1,11376.95,0,0,0,485.53,8488.54,0.98
M0117790,N,42,1,5532.22,0,0,0,1244.24,8040.34,2.4
M0117791,N,76,1,13397.87,0,2,0,7479.53,5950.59,1.78
M0117792,N,36,1,9778.59,1,0,1,4371.83,3489.48,2.71
M0117793,N,32,1,11645.68,0,2,2,4839.72,5203.76,1.45
M0117794,N,78,2,7806.83,0,0,0,2193.79,6633.75,1.03
M0117795,N,45,1,8549.96,0,1,0,773.57,7628.21,1.25
M0117796,N,45,1,11544.13,1,0,0,5666.08,5348.75,1.49
M0117797,N,30,1,10897.26,0,0,2,7829.54,3146.1,0.0
M0117798,N,48,1,12082.09,0,1,2,1263.25,12071.23,3.22
M0117799,N,73,1,6796.76,1,0,0,2640.18,7961.06,1.13
M0117800,N,37,0,14291.41,1,1,0,2007.91,11565.76,1.24
M0117801,N,21,1,7680.0,0,0,0,2287.05,5123.93,0.6
M0117802,N,61,1,17338.11,0,0,0,2277.18,11624.86,0.02
M0117803,Y,43,3,129136.65,3,1,4,31322.81,107585.65,4.13
M0117804,N,54,1,10972.5,0,0,0,1214.63,7699.37,1.67
M0117805,N,44,0,5114.75,0,1,0,3166.4,5722.35,1.33
M0117806,N,32,1,11845.82,0,0,0,2101.57,7343.85,0.88
M0117807,N,54,0,11919.73,0,1,0,1688.39,8190.4,1.3
M0117808,N,80,2,29031.9,0,1,0,14259.59,9552.94,2.19
M0117809,N,45,2,78218.74,0,1,0,2924.32,61707.87,1.86
M0117810,N,39,2,4503.06,0,1,1,3535.2,2243.49,2.8
M0117811,N,28,3,8324.97,1,0,0,7403.99,6745.77,1.12
M0117812,N,46,1,24277.47,0,0,0,11733.68,7300.79,0.98
M0117813,N,22,0,39572.76,1,2,0,29905.93,1241.87,0.84
M0117814,N,78,3,15453.25,1,1,0,4600.62,10210.5,1.64
M0117815,N,33,0,21679.32,0,1,0,1846.77,18089.82,0.0
M0117816,N,29,0,12955.81,1,0,0,4816.06,14929.32,0.12
M0117817,N,49,1,17964.91,1,0,0,2864.39,17900.19,0.95
M0117818,N,28,3,20610.87,0,2,3,3054.6,29066.51,1.63
M0117819,N,64,1,19905.34,0,1,0,1915.59,18757.01,1.66
M0117820,N,78,0,14578.93,0,1,1,7247.34,18263.42,1.97
M0117821,N,28,1,20865.82,1,2,2,9203.35,8258.76,0.75
M0117822,N,60,1,19222.32,2,0,0,2814.35,12470.62,0.87
M0117823,N,25,1,25149.27,0,0,0,4983.74,21903.51,1.88
M0117824,N,78,0,5444.72,0,0,0,1306.93,3710.69,0.0
M0117825,N,75,0,8210.32,0,0,1,3307.98,5415.6,0.17
M0117826,N,31,2,18542.24,0,1,0,4280.94,12419.17,1.93
M0117827,N,57,0,21420.27,0,1,0,13843.04,7403.54,1.2
M0117828,N,75,2,14149.68,0,0,1,1828.36,9266.74,2.44
M0117829,N,43,1,46015.5,1,1,1,2636.47,40496.25,1.71
M0117830,N,36,0,20344.17,0,0,0,1548.2,17406.81,0.0
M0117831,N,57,2,11240.15,1,0,0,1798.48,9179.73,0.13
M0117832,N,26,1,29032.66,0,0,1,5280.76,20209.48,0.7
M0117833,N,40,1,6433.26,0,0,0,2986.65,5513.98,2.24
M0117834,N,73,1,5295.99,1,0,0,1581.92,4025.0,1.22
M0117835,N,27,2,16601.09,0,0,2,6383.11,8952.79,0.41
M0117836,N,48,1,4782.14,0,3,0,1233.69,2562.0,0.24
M0117837,N,54,1,5067.81,0,0,0,2495.14,4691.24,1.3
M0117838,N,78,0,5078.13,0,1,2,4646.94,3709.64,2.66
M0117839,N,59,2,29600.53,1,1,2,9644.43,17901.93,1.24
M0117840,N,52,4,7935.91,0,2,1,1666.0,4634.43,2.05
M0117841,N,46,2,12183.22,0,3,0,1712.73,7867.58,0.54
M0117842,N,46,2,23280.94,0,3,0,7584.8,34190.02,2.84
M0117843,N,62,2,8769.83,0,0,0,4078.4,5205.07,0.22
M0117844,N,51,1,14602.69,0,0,0,2069.92,9439.67,1.33
M0117845,N,78,1,3109.51,0,1,1,662.48,3475.34,0.82
M0117846,N,52,0,5160.32,0,2,0,1452.92,3271.5,0.91
M0117847,N,79,3,14295.42,0,0,0,2436.49,11163.68,0.0
M0117848,N,70,1,10628.08,0,1,1,1860.53,7896.94,0.0
M0117849,Y,42,5,152560.61,5,2,2,76623.78,106818.67,4.95
M0117850,N,63,3,18062.77,0,0,0,4527.8,18191.78,1.62
M0117851,N,48,0,3310.48,0,1,0,2957.31,2542.29,0.51
M0117852,N,49,1,10770.05,0,1,0,5526.17,12558.84,1.64
M0117853,N,28,1,6454.15,0,0,1,3925.94,6134.54,1.4
M0117854,N,69,2,6615.61,0,0,0,1565.8,3863.01,0.98
M0117855,N,71,0,6254.35,2,2,1,4766.32,3039.94,1.76
M0117856,N,33,0,11386.4,0,0,0,2737.72,8741.8,1.27
M0117857,N,39,0,35380.52,0,1,0,4395.13,24557.08,1.05
M0117858,N,67,0,8651.91,0,0,0,1540.46,11444.56,1.7
M0117859,N,62,1,7685.9,1,0,1,6291.43,5592.62,1.62
M0117860,N,53,0,7360.63,1,0,0,2615.42,8439.43,0.88
M0117861,N,67,0,2622.31,0,0,0,1396.63,3007.37,0.56
M0117862,N,72,1,24426.91,0,0,1,14031.3,7688.26,2.44
M0117863,N,73,1,12193.2,0,0,1,2981.09,15804.59,0.15
M0117864,N,35,3,48825.19,2,0,0,25484.38,13213.02,3.75
M0117865,N,39,2,5148.09,1,0,0,1593.35,6471.53,0.57
M0117866,N,55,1,18246.43,0,2,1,4002.57,18765.42,1.01
M0117867,N,21,0,3287.79,0,0,2,767.42,3782.55,1.96
M0117868,Y,71,8,349382.37,4,4,6,156379.81,197754.45,5.25
M0117869,N,20,1,7062.62,0,2,0,2860.45,4039.68,0.63
M0117870,N,59,0,11695.7,0,1,0,1947.49,11696.23,1.99
M0117871,N,54,0,20460.42,0,0,0,6090.06,11446.93,1.12
M0117872,Y,75,5,239122.94,2,4,2,61011.45,201837.18,3.95
M0117873,N,60,2,10086.92,0,0,0,3585.68,5917.8,0.38
M0117874,N,62,2,6827.14,0,0,0,962.24,6159.98,0.42
M0117875,N,80,0,5257.4,0,2,0,710.56,4057.58,0.79
M0117876,N,18,0,4996.56,0,1,0,999.84,6033.84,1.12
M0117877,N,39,1,6833.85,0,0,1,2599.71,8328.93,0.06
M0117878,Y,57,2,159441.54,4,5,3,60588.52,165997.3,5.74
M0117879,N,80,0,20059.38,0,0,2,3245.35,16647.64,0.92
M0117880,N,26,0,6214.23,1,0,0,899.62,4421.6,0.0
M0117881,N,56,2,11795.04,0,0,0,8710.77,6583.05,0.57
M0117882,N,77,2,18639.33,0,3,0,5560.37,23258.59,1.39
M0117883,N,46,1,27281.83,0,3,0,10800.94,24723.32,2.48
M0117884,N,46,1,14144.76,1,1,0,1266.33,11118.41,1.0
M0117885,N,35,3,6094.21,0,0,1,2018.14,4270.23,2.02
M0117886,N,61,1,5068.73,0,0,1,5644.34,2750.94,0.29
M0117887,N,78,0,21972.18,1,0,0,3008.91,14174.45,0.46
M0117888,N,78,2,12731.92,0,1,0,6018.34,11411.91,1.47
M0117889,N,50,2,11303.73,0,1,1,9693.71,4510.0,0.7
M0117890,N,43,2,31991.73,1,0,1,7753.23,20251.68,2.5
M0117891,N,65,1,11532.38,0,1,0,8084.83,6378.57,0.0
M0117892,N,19,2,3759.42,1,0,1,1361.59,2752.85,1.16
M0117893,N,56,0,5619.77,0,1,0,1267.98,4683.63,0.59
M0117894,N,40,3,9246.28,0,0,0,1199.46,12624.48,0.83
M0117895,N,64,4,10813.93,0,1,0,6020.2,7836.55,0.24
M0117896,N,24,1,11289.85,0,0,0,4073.22,6264.41,0.84
M0117897,N,53,1,4912.29,0,1,0,1010.36,4855.16,0.01
M0117898,N,43,2,11511.36,1,3,1,2549.28,16004.74,1.53
M0117899,N,55,2,9518.82,0,2,1,3770.98,7792.38,0.57
M0117900,N,78,3,10643.14,0,3,0,2037.25,6676.51,1.01
M0117901,N,26,0,3997.81,0,0,0,2073.17,5167.81,0.71
M0117902,N,44,0,5362.39,0,0,1,2166.0,3115.19,1.52
M0117903,N,25,1,34319.49,0,1,0,8050.81,19901.31,0.73
M0117904,Y,54,4,135056.6,1,3,4,37548.38,154523.18,4.81
M0117905,N,29,1,22429.33,0,0,0,2030.39,21529.52,1.46
M0117906,N,25,2,12043.28,0,1,0,13492.09,4382.64,2.5
M0117907,N,78,3,3105.26,0,0,0,1314.91,2010.76,1.89
M0117908,N,68,0,8066.05,0,1,1,6211.92,1593.35,0.47
M0117909,N,72,1,11768.23,0,1,0,6415.38,9936.19,0.74
M0117910,N,59,0,2387.51,0,0,1,464.03,2004.82,0.01
M0117911,N,53,0,4167.45,0,0,0,2261.23,1863.81,1.94
M0117912,N,42,3,11265.98,0,1,0,3665.63,14198.01,1.81
M0117913,N,64,1,13943.16,0,1,0,2163.75,13934.15,0.85
M0117914,N,47,2,27550.02,1,2,0,6484.03,16427.07,1.21
M0117915,N,21,0,10932.7,0,1,1,10677.48,7000.37,2.06
M0117916,N,63,1,7456.34,0,0,0,1734.57,7004.24,0.0
M0117917,N,52,0,5877.78,0,1,0,1151.42,6065.63,0.0
M0117918,N,54,1,17799.83,0,0,0,3121.64,12860.9,2.51
M0117919,N,49,2,12900.13,0,2,0,12669.85,5146.89,1.78
M0117920,N,35,3,20129.21,0,0,0,5031.76,18218.44,1.35
M0117921,N,33,2,17151.31,1,0,0,1607.06,15435.94,0.95
M0117922,N,22,1,4893.45,0,0,1,1006.28,2944.44,0.64
M0117923,N,31,0,9211.05,0,1,0,972.67,7453.14,2.6
M0117924,N,51,1,10701.56,0,0,0,3103.24,7622.06,1.72
M0117925,N,24,0,5524.67,0,0,1,1007.82,5008.37,0.26
M0117926,N,33,0,6814.67,0,0,0,6539.23,4177.41,0.0
M0117927,N,53,1,16723.55,0,0,0,1189.34,14904.95,0.49
M0117928,N,69,0,21967.45,0,0,0,5771.64,11638.62,1.54
M0117929,N,69,0,26549.83,0,0,0,1900.34,20805.3,0.0
M0117930,N,38,1,6080.84,0,0,0,2324.81,3782.08,0.4
M0117931,N,53,3,11345.99,0,1,0,9940.97,7237.61,0.55
M0117932,N,36,1,9627.34,0,0,0,2483.78,5917.36,1.37
M0117933,N,62,3,6733.92,0,1,2,5721.33,4092.91,2.13
M0117934,N,41,0,13032.27,0,0,1,3746.17,16990.6,0.62
M0117935,Y,86,3,130140.7,5,4,1,37565.71,115919.54,4.42
M0117936,N,57,0,3171.14,1,1,0,702.24,2919.5,0.75
M0117937,Y,62,8,245749.34,3,8,1,104628.2,117949.71,4.74
M0117938,N,78,1,5076.95,0,0,0,1649.17,3135.05,0.0
M0117939,N,68,0,7294.15,0,1,2,7302.86,3881.2,0.82
M0117940,N,50,1,12244.9,0,2,1,5208.32,8260.87,2.24
M0117941,N,72,1,10366.71,1,3,0,2007.27,7979.76,0.0
M0117942,N,21,1,12649.11,0,1,0,2088.63,8376.36,3.0
M0117943,N,72,0,9123.49,0,0,0,687.32,7597.5,1.42
M0117944,N,32,1,6297.67,1,1,0,1880.23,5348.41,0.0
M0117945,N,18,1,14326.29,0,1,1,3558.32,14101.12,1.0
M0117946,N,52,0,9761.42,0,1,1,836.67,10112.2,0.0
M0117947,N,35,0,7985.8,0,0,1,1973.95,6295.97,1.63
M0117948,N,20,2,16380.93,0,0,0,826.17,13508.45,1.21
M0117949,N,42,0,7094.52,0,0,0,1547.77,4497.84,0.47
M0117950,N,28,3,13140.79,0,0,2,5816.37,9238.95,1.55
M0117951,N,37,2,4167.93,1,0,0,1200.43,3242.38,1.41
M0117952,N,35,0,13331.92,0,0,0,2986.16,15012.36,1.11
M0117953,N,69,1,12783.43,0,0,1,3269.72,16759.55,2.33
M0117954,N,36,1,16069.62,1,1,1,6587.58,7224.82,1.88
M0117955,N,78,2,9304.38,0,3,0,1554.71,5987.34,1.53
M0117956,N,30,0,9035.87,0,0,0,3812.95,7123.04,2.56
M0117957,N,49,0,9865.89,1,2,0,2165.07,10010.19,0.0
M0117958,N,52,3,41480.69,1,0,0,20384.45,35562.41,1.41
M0117959,N,61,0,16095.56,0,1,1,12328.69,8984.45,1.81
M0117960,N,36,1,21394.09,0,0,0,4015.48,13943.74,2.34
M0117961,N,48,0,19909.62,0,0,1,5435.04,13472.71,1.1
M0117962,N,71,2,3154.25,0,0,0,1565.52,3820.47,0.01
M0117963,N,59,1,13393.35,1,2,0,5403.14,5874.62,2.02
M0117964,N,45,1,28656.72,0,1,0,5848.0,20886.07,0.0
M0117965,N,26,2,11994.56,0,0,0,4005.08,5799.21,1.03
M0117966,N,79,0,2820.41,0,0,0,2351.27,1757.63,0.41
M0117967,N,25,2,27183.18,1,3,1,25825.48,20116.94,3.12
M0117968,N,35,2,23825.4,0,1,0,2348.38,26159.7,1.69
M0117969,N,76,2,7787.04,0,1,0,2043.82,6181.33,1.79
M0117970,N,71,1,20922.29,0,0,0,4730.31,22529.5,1.33
M0117971,N,21,0,17057.64,1,2,1,2869.82,15119.84,2.28
M0117972,N,37,2,11814.32,0,2,1,9402.48,11757.29,2.38
M0117973,N,45,0,4493.02,0,1,1,1250.65,6115.06,0.9
M0117974,N,21,1,17837.48,0,0,0,10067.5,13370.81,1.39
M0117975,N,68,0,21936.01,0,0,0,6643.75,19865.22,2.96
M0117976,N,36,1,10153.26,1,1,0,1443.93,7218.32,1.57
M0117977,N,45,0,6220.46,0,0,0,2948.56,5767.18,1.12
M0117978,N,52,1,5924.43,0,0,0,1581.32,3823.6,0.75
M0117979,N,42,0,4428.94,0,0,0,1587.61,2128.16,1.88
M0117980,N,61,2,9316.2,0,0,1,2769.1,9853.98,1.9
M0117981,Y,53,5,298329.27,3,3,3,102241.97,210065.49,6.02
M0117982,N,28,0,11710.21,0,1,1,1839.51,8765.85,0.15
M0117983,N,67,4,24046.67,0,2,0,6734.2,12113.62,2.27
M0117984,Y,43,5,193457.49,3,4,4,32169.7,157713.97,3.86
M0117985,N,25,2,5558.26,0,2,0,1528.43,3256.23,2.26
M0117986,N,33,1,6261.15,0,1,1,5634.62,4527.8,0.41
M0117987,N,49,0,4595.49,0,1,2,1571.64,4677.02,0.69
M0117988,N,56,2,4451.37,0,0,0,503.21,6766.24,0.93
M0117989,N,36,1,10828.99,0,0,0,1064.4,7919.08,0.0
M0117990,N,24,1,2615.41,0,0,0,1716.05,1077.06,1.7
M0117991,N,31,0,9365.77,0,0,0,2404.23,11475.79,1.76
M0117992,Y,42,6,109694.9,1,3,1,49299.24,67565.91,2.7
M0117993,N,69,2,13212.88,0,2,0,4239.92,7178.22,1.74
M0117994,N,18,2,21043.94,0,1,1,7717.67,8857.24,1.38
M0117995,N,58,2,9370.49,0,1,1,1515.29,7228.86,1.35
M0117996,N,59,1,28360.83,0,1,1,2301.93,23176.85,0.3
M0117997,N,25,0,6505.62,0,0,1,2358.0,2775.81,1.63
M0117998,N,56,2,13541.24,1,0,0,4244.81,8873.97,1.21
M0117999,N,23,1,10202.15,0,1,1,3127.11,8147.28,0.06
M0118000,N,49,1,7150.44,0,1,0,363.19,7495.37,2.03
M0118001,N,45,0,6446.8,1,1,0,429.73,4710.03,0.0
M0118002,N,26,2,19229.54,1,1,0,1398.27,26163.28,0.92
M0118003,N,60,1,6487.87,0,0,0,1937.96,5533.07,1.17
M0118004,N,66,0,13667.51,0,0,0,9326.76,2537.68,0.0
M0118005,N,29,1,7371.37,0,2,1,1810.68,5088.84,0.89
M0118006,Y,59,7,684444.75,4,4,4,242218.9,370824.88,5.78
M0118007,N,68,0,8104.94,0,1,0,629.38,5736.72,0.81
M0118008,N,56,1,38072.14,0,0,0,13738.76,36763.89,1.85
M0118009,N,53,0,4624.43,0,0,1,2104.91,2395.23,0.92
M0118010,N,80,0,26330.92,0,0,1,2546.86,28114.94,0.0
M0118011,N,71,0,4845.26,0,1,0,1048.14,2836.36,0.39
M0118012,N,64,2,12825.15,0,0,1,2011.72,9212.48,2.07
M0118013,Y,80,2,85354.0,3,4,2,17733.19,76524.63,2.96
M0118014,N,47,2,5024.78,1,0,0,476.41,3811.11,0.0
M0118015,N,23,0,49241.43,0,1,0,3982.79,63161.2,0.8
M0118016,N,25,1,8464.86,0,1,0,1998.33,10894.04,1.27
M0118017,N,35,0,8681.32,1,2,0,2150.86,8673.44,1.17
M0118018,N,74,0,11805.26,0,0,0,1610.3,11428.47,1.48
M0118019,N,38,1,4873.06,0,0,0,3589.64,1970.37,1.5
M0118020,N,20,1,41008.97,1,3,0,11091.4,27947.83,2.45
M0118021,N,65,0,10662.09,0,1,0,2204.7,10975.94,0.94
M0118022,N,19,1,30857.62,0,1,1,13860.25,18292.96,3.92
M0118023,N,23,1,4167.37,1,0,1,1518.1,3385.98,1.0
M0118024,N,72,2,10056.92,0,1,0,6821.24,8710.45,0.0
M0118025,N,69,1,18211.18,0,1,0,3839.99,11767.15,0.4
M0118026,N,68,0,2663.61,0,0,0,1835.83,2779.7,1.12
M0118027,N,74,1,7673.14,0,3,0,3965.13,6254.64,1.2
M0118028,N,49,2,9510.96,0,1,0,3173.47,11790.28,1.04
M0118029,N,75,3,28858.41,0,1,1,4017.3,21655.34,1.07
M0118030,N,30,2,11605.7,0,0,0,1114.78,12389.86,1.1
M0118031,N,39,4,12417.08,2,0,0,6959.3,5138.28,1.72
M0118032,N,27,1,6928.48,2,0,2,4715.27,6982.37,0.24
M0118033,N,44,0,8577.01,0,0,0,1418.5,8303.13,0.05
M0118034,N,76,1,3361.05,0,1,0,1151.72,2576.68,1.06
M0118035,N,21,1,7278.95,0,0,0,2442.45,5775.98,0.0
M0118036,N,79,0,24538.11,0,2,0,836.41,33260.16,0.47
M0118037,N,28,0,11204.57,0,2,0,4530.76,9755.21,2.09
M0118038,N,33,0,3320.52,1,2,0,1374.08,2281.07,1.33
M0118039,N,45,0,17622.57,0,0,0,5307.15,16668.59,2.05
M0118040,N,40,3,3925.76,0,0,0,1244.04,4560.21,0.0
M0118041,N,43,1,991.59,0,0,0,448.58,1279.81,0.0
M0118042,N,34,1,19377.3,0,1,2,5940.54,9762.62,1.14
M0118043,N,39,0,10544.09,0,1,0,1030.71,12378.58,0.59
M0118044,N,33,1,8079.77,0,1,0,2815.27,8242.37,1.67
M0118045,N,25,0,5652.49,0,1,0,1685.69,2988.79,1.82
M0118046,N,48,2,23517.77,0,0,0,10576.0,8600.87,2.23
M0118047,N,70,1,6727.27,0,0,0,3101.72,4428.4,2.0
M0118048,N,21,1,13908.09,0,1,1,3441.98,10148.13,1.36
M0118049,N,70,2,3162.85,0,0,0,1413.85,2695.36,0.0
M0118050,N,79,1,12362.28,1,1,0,2690.25,11017.53,1.43
M0118051,N,72,0,20981.24,0,0,1,615.23,25254.56,1.66
M0118052,N,33,1,8912.8,0,1,0,3757.12,8990.74,1.47
M0118053,N,25,2,21017.14,1,2,1,3773.04,26129.53,2.06
M0118054,N,56,0,22797.35,0,0,2,2586.43,19070.25,0.67
M0118055,N,46,0,5011.03,0,0,0,3400.55,4253.43,1.18
M0118056,N,55,1,3336.43,0,0,0,1224.31,3048.97,2.32
M0118057,Y,82,4,220492.66,4,5,2,62796.24,128891.6,3.52
M0118058,N,44,0,13394.5,0,1,0,1285.46,10822.61,0.0
M0118059,N,42,3,16854.45,2,0,0,18505.78,7073.89,2.44
M0118060,N,36,0,11516.21,0,0,1,2406.55,6684.77,0.48
M0118061,N,70,2,15022.53,0,0,0,369.08,11383.79,0.0
M0118062,N,76,1,6611.13,0,1,0,5688.7,3909.52,0.74
M0118063,N,41,0,19070.07,0,1,1,4640.66,23228.35,2.1
M0118064,N,25,0,12546.7,0,0,0,3325.77,14376.22,0.0
M0118065,N,53,2,7392.75,0,0,0,811.57,6752.55,0.64
M0118066,N,39,0,7273.42,1,1,0,1683.62,4406.54,0.55
M0118067,N,68,1,7185.82,0,1,0,709.71,7578.66,0.59
M0118068,N,26,2,21335.26,0,1,1,5032.82,12630.41,1.81
M0118069,N,22,2,15599.83,0,1,0,17735.69,10178.77,1.64
M0118070,Y,84,8,176920.99,6,4,9,81270.06,139534.79,5.74
M0118071,N,78,2,23341.21,0,1,1,4169.96,17427.57,3.45
M0118072,N,26,1,27829.65,0,0,0,5113.53,20943.37,0.85
M0118073,N,72,2,21506.77,0,2,0,10259.06,11355.72,1.1
M0118074,N,43,0,17067.71,0,1,0,6675.65,7959.18,1.79
M0118075,N,35,2,7455.86,0,0,1,3831.54,5118.24,0.25
M0118076,N,39,1,26384.39,1,2,0,5826.55,21604.22,1.09
M0118077,N,70,1,7918.64,0,1,0,2192.55,5641.64,0.53
M0118078,N,45,1,21975.93,0,0,0,10497.0,13721.67,1.74
M0118079,N,59,2,13514.15,1,2,0,10282.64,8927.65,1.4
M0118080,N,21,0,7061.32,0,1,0,4589.63,7761.23,1.24
M0118081,N,43,0,7903.8,0,1,0,1977.87,11996.78,2.74
M0118082,N,71,2,9307.03,0,0,0,4867.19,6547.06,0.0
M0118083,N,22,0,10268.24,0,0,0,4984.18,10938.3,0.0
M0118084,N,49,2,4498.69,1,0,0,2700.0,1573.73,0.78
M0118085,N,23,3,14801.52,0,2,0,3698.88,17529.28,2.74
M0118086,N,40,0,2478.74,0,0,0,354.67,1793.85,1.93
M0118087,Y,40,4,122254.91,3,3,2,35415.09,92511.26,5.18
M0118088,N,53,3,24765.61,0,0,1,10172.25,12431.33,2.44
M0118089,N,75,2,5041.41,0,1,0,2095.89,5730.4,0.72
M0118090,N,70,1,9729.84,0,0,0,1616.31,12808.42,0.29
M0118091,N,52,3,5955.91,0,1,0,582.08,5298.96,3.07
M0118092,N,37,0,9986.52,0,0,0,3839.68,7661.28,2.67
M0118093,N,61,0,3703.18,0,0,0,876.01,5430.07,0.42
M0118094,N,39,1,5368.11,0,1,0,895.38,4343.55,0.41
M0118095,N,62,0,12769.62,0,0,0,2231.13,9684.69,0.07
M0118096,N,62,0,3978.0,1,2,0,2431.46,2657.22,0.6
M0118097,N,59,0,6986.59,0,0,0,772.52,6141.59,0.0
M0118098,N,68,0,15479.99,0,0,1,4589.28,9700.03,0.0
M0118099,N,77,0,4666.63,0,1,0,504.94,3780.59,0.76
M0118100,N,71,1,10682.1,0,0,0,2837.51,5718.58,0.7
M0118101,N,47,1,8087.36,0,0,0,4934.34,8992.3,1.23
M0118102,Y,36,5,187569.58,3,2,3,89401.73,174062.12,6.8
M0118103,N,69,1,5189.46,0,2,0,1096.69,7630.26,0.66
M0118104,N,30,2,13545.61,0,2,0,942.9,15082.39,2.58
M0118105,N,29,1,18378.33,0,1,0,7415.9,7275.18,0.91
M0118106,N,54,0,7151.13,0,0,0,978.19,7417.69,0.58
M0118107,N,69,1,9680.36,0,0,0,6908.74,4352.6,2.32
M0118108,N,48,3,12693.2,0,1,0,8707.17,9310.69,1.79
M0118109,N,35,2,14334.48,1,3,0,4643.38,13656.19,0.96
M0118110,N,30,0,10591.61,0,2,0,6691.04,4143.97,1.54
M0118111,N,19,3,9264.92,1,0,1,4124.14,6914.56,0.76
M0118112,N,59,2,12918.73,0,0,0,4245.53,8075.27,1.19
M0118113,N,75,1,8760.3,1,0,0,3394.15,8205.76,0.11
M0118114,N,23,1,11518.71,0,0,0,5929.82,4877.6,0.64
M0118115,N,35,0,5614.87,0,0,0,3802.1,6240.37,1.59
M0118116,N,37,0,8009.57,0,0,0,4287.15,3289.7,0.0
M0118117,N,50,0,12610.13,0,0,1,2315.37,12589.09,0.13
M0118118,N,56,1,5168.64,1,0,0,1952.83,5033.17,0.0
M0118119,N,22,4,12092.16,2,2,0,5041.6,9647.04,2.55
M0118120,N,43,0,14607.0,0,0,0,9581.49,3804.77,1.81
M0118121,N,54,1,12873.53,0,2,0,4206.43,6413.69,1.32
M0118122,N,71,1,6711.94,0,0,0,5596.21,6474.12,1.19
M0118123,N,61,1,16439.32,0,0,0,2093.88,14214.26,0.0
M0118124,N,29,1,6882.46,0,0,1,4571.23,5091.55,0.68
M0118125,N,70,1,11333.31,0,0,0,4219.96,11202.27,0.65
M0118126,N,40,3,19650.58,1,1,1,2562.98,18188.49,0.77
M0118127,N,65,0,7414.45,0,0,0,1755.01,5111.91,1.62
M0118128,N,40,5,15896.91,1,0,0,2720.07,16119.11,1.23
M0118129,N,25,1,7384.07,0,0,0,3131.15,5284.14,0.0
M0118130,N,63,1,29793.84,1,1,0,24214.79,17707.81,3.65
M0118131,N,63,1,2960.43,0,0,0,800.58,3252.92,1.17
M0118132,N,74,1,11860.83,2,0,0,5765.45,15552.77,3.1
M0118133,N,47,0,23247.88,0,0,0,14137.88,9098.19,1.71
M0118134,N,59,3,44392.92,0,1,1,11317.1,24630.97,2.31
M0118135,N,80,1,6397.11,0,0,1,1700.07,3375.99,1.87
M0118136,N,52,1,13178.13,0,0,0,2139.81,9390.33,1.22
M0118137,N,48,1,6826.7,0,0,0,3061.64,4872.11,1.05
M0118138,N,59,0,1922.69,0,0,0,613.94,1779.35,1.2
M0118139,N,51,2,10835.7,0,0,2,1662.27,7498.68,2.08
M0118140,N,44,0,10454.35,0,1,0,4613.76,4405.65,0.91
M0118141,Y,74,6,407449.12,4,8,6,232930.48,229928.35,9.11
M0118142,N,34,0,4428.98,0,0,0,1815.24,3993.76,0.0
M0118143,Y,77,8,226094.07,4,4,7,99282.84,138893.49,5.95
M0118144,N,67,0,6461.8,0,0,0,2190.79,3288.8,0.13
M0118145,N,80,1,1838.94,0,0,0,1265.28,1495.02,0.0
M0118146,N,44,1,30801.47,0,0,1,3988.65,34009.04,1.05
M0118147,N,57,0,23214.75,2,0,0,10087.72,8179.89,0.0
M0118148,N,22,1,11139.85,0,1,0,1383.96,9057.1,1.85
M0118149,Y,56,7,189159.5,4,7,3,120296.93,148223.97,6.43
M0118150,N,46,2,16137.44,0,0,0,2265.07,12401.94,2.24
M0118151,N,28,2,8736.52,0,2,0,9601.99,4097.69,2.54
M0118152,N,48,0,2761.75,0,0,1,1242.09,2929.4,2.04
M0118153,N,58,1,2782.72,0,0,0,1421.8,1905.43,0.65
M0118154,N,72,1,10669.93,0,0,0,1937.59,8764.59,0.32
M0118155,N,52,1,7110.07,1,0,1,4639.21,6532.16,1.39
M0118156,N,35,1,7686.43,0,1,0,3968.09,9565.94,0.0
M0118157,N,46,0,20901.45,0,0,0,5194.49,12162.53,2.03
M0118158,N,63,1,7162.87,0,0,0,913.68,8001.57,1.89
M0118159,N,31,2,22727.18,0,1,2,6057.67,23005.2,1.51
M0118160,N,37,2,15156.92,0,3,1,5613.87,8800.23,0.0
M0118161,N,26,1,9311.63,0,2,0,2699.94,7031.78,2.61
M0118162,N,34,3,26628.67,2,1,1,22947.39,24056.8,1.92
M0118163,N,50,1,21341.72,1,1,0,5824.58,14811.46,0.77
M0118164,N,80,0,10069.56,1,1,0,3872.62,8422.58,0.8
M0118165,N,22,0,8935.08,0,1,1,4359.87,3128.41,0.67
M0118166,N,51,3,36976.44,0,0,0,3622.92,36906.04,1.61
M0118167,N,51,1,5993.34,0,1,1,3417.86,6951.15,1.04
M0118168,N,35,2,6464.11,0,0,1,1815.71,6010.14,0.83
M0118169,N,62,1,16781.91,0,0,0,6245.09,14231.34,1.04
M0118170,N,61,1,9000.45,0,0,0,4132.42,11907.14,1.82
M0118171,N,40,3,10293.54,0,0,0,1004.75,7268.5,1.72
M0118172,N,27,4,8449.99,0,2,0,984.16,8931.54,0.63
M0118173,N,79,1,11289.62,0,2,0,3434.64,6665.12,1.19
M0118174,N,32,1,18386.28,0,2,1,8660.57,10880.24,2.01
M0118175,N,64,2,12989.81,1,1,1,1820.66,13751.18,1.79
M0118176,N,22,1,7892.93,0,0,0,2495.37,4325.46,0.7
M0118177,N,44,3,10235.87,1,3,0,6010.99,4667.74,0.04
M0118178,N,49,0,9751.09,0,0,0,4547.02,3332.84,0.02
M0118179,N,32,1,4052.94,0,0,1,597.74,3779.28,0.0
M0118180,N,51,2,19650.32,0,1,0,10004.77,12520.27,2.56
M0118181,N,55,2,9372.53,0,1,1,3201.44,8965.27,0.28
M0118182,N,80,0,9926.12,1,0,0,2127.44,9692.67,0.95
M0118183,N,18,1,17281.99,0,0,0,6337.62,13802.9,0.62
M0118184,N,40,0,9742.8,0,2,0,2381.13,7551.66,0.32
M0118185,N,43,1,14274.17,0,0,0,5226.59,15546.23,2.24
M0118186,N,37,0,4669.07,0,2,0,728.4,3870.71,1.1
M0118187,N,23,0,7174.62,0,0,0,887.85,5607.6,1.77
M0118188,N,38,1,6298.71,0,1,0,1425.26,5243.79,1.92
M0118189,N,61,0,6526.11,1,2,1,3231.66,6448.98,0.62
M0118190,N,72,0,3734.4,0,1,0,501.1,3526.19,0.86
M0118191,N,63,1,8227.16,0,1,0,1306.37,6138.91,0.53
M0118192,N,79,1,2665.84,0,1,0,484.33,2773.66,0.7
M0118193,N,24,0,7288.21,0,0,0,1803.75,6058.66,0.5
M0118194,N,77,0,5333.11,0,0,0,1711.14,3643.4,0.44
M0118195,N,21,0,3917.34,0,0,0,2051.83,4806.5,0.83
M0118196,N,43,3,18100.92,0,1,1,4278.77,27748.16,1.26
M0118197,N,19,0,8736.45,1,0,0,2558.94,8691.92,0.37
M0118198,N,42,2,14335.47,0,0,0,4515.17,6942.19,2.78
M0118199,N,50,2,14194.8,1,0,1,4955.42,11433.18,0.97
M0118200,N,24,2,9185.35,0,1,0,2215.71,9446.34,0.59
M0118201,N,34,0,19864.2,1,1,1,3431.06,22336.83,1.93
M0118202,Y,83,6,157302.48,5,1,1,32359.2,153347.71,4.98
M0118203,N,65,1,3708.83,0,0,1,2238.67,3934.46,0.81
M0118204,N,63,2,12649.54,1,1,0,5781.45,4171.41,0.35
M0118205,N,48,2,10288.63,0,2,0,3065.94,10411.66,0.21
M0118206,N,68,1,10514.07,0,0,0,2658.85,7964.16,1.69
M0118207,N,19,1,25809.67,0,0,2,7847.98,20130.31,1.44
M0118208,N,18,0,10286.07,1,0,0,2069.32,8705.54,1.54
M0118209,N,63,0,15485.83,0,0,0,3893.81,13720.26,0.35
M0118210,N,47,1,12766.5,0,0,1,5087.6,13707.51,0.39
M0118211,N,54,0,13456.66,0,0,0,10868.97,6566.53,2.67
M0118212,N,72,1,10286.72,0,1,0,580.15,8313.19,1.52
M0118213,N,80,0,6572.19,0,1,0,2690.59,5118.34,0.05
M0118214,N,65,2,9902.47,1,2,1,1945.61,7947.87,1.88
M0118215,N,67,1,27085.87,0,2,0,2449.05,37558.2,1.83
M0118216,N,67,1,14731.38,1,1,0,6243.33,8211.58,1.08
M0118217,N,19,0,17366.82,0,0,1,1238.59,18122.91,0.56
M0118218,N,22,1,13427.44,0,0,2,2796.34,10125.88,2.66
M0118219,N,43,0,8628.88,0,0,0,2213.13,4759.88,1.36
M0118220,N,68,2,12000.54,1,2,0,2949.16,11289.7,2.55
M0118221,N,20,5,32053.88,0,0,0,17562.51,26828.26,2.26
M0118222,N,52,0,4960.95,0,1,0,1141.5,7476.25,0.23
M0118223,N,78,1,16925.93,1,2,0,5809.07,9983.27,0.61
M0118224,N,53,0,10404.97,0,3,1,3998.65,4819.88,2.13
M0118225,Y,50,4,138013.28,4,3,4,49065.34,125684.07,4.36
M0118226,N,66,2,26732.47,0,0,1,11077.42,17483.86,0.51
M0118227,N,32,0,5293.2,0,0,0,914.91,3406.69,0.0
M0118228,N,44,0,15448.13,1,1,0,4494.63,11231.11,1.59
M0118229,N,39,2,21353.03,1,0,0,1955.18,17737.15,1.53
M0118230,N,19,1,16983.19,0,0,0,2929.35,13188.96,0.98
M0118231,N,25,0,4096.59,1,1,0,472.52,4094.77,0.44
M0118232,N,51,1,3756.17,1,0,0,1821.45,4057.11,0.5
M0118233,N,73,0,6147.29,0,1,0,5220.4,3346.3,1.57
M0118234,Y,43,7,330989.25,7,6,5,139960.38,152690.51,5.8
M0118235,N,58,0,8221.14,2,0,2,8005.0,6538.57,1.98
M0118236,N,71,0,7228.91,0,0,0,2262.09,5765.34,1.84
M0118237,N,44,0,6097.6,0,1,0,6031.67,3448.55,0.17
M0118238,N,54,0,4293.43,0,0,0,1990.35,3229.15,1.31
M0118239,N,48,3,10504.8,1,0,0,4784.67,4506.4,0.0
M0118240,N,64,1,18114.41,0,0,1,3554.08,14498.28,1.64
M0118241,N,51,1,19492.93,0,0,0,10857.59,17095.03,1.24
M0118242,N,38,0,10209.32,0,0,0,600.04,7564.46,0.21
M0118243,N,33,1,5963.25,0,1,0,2243.75,6139.33,0.72
M0118244,N,51,0,20176.69,1,0,0,23167.58,9284.13,0.97
M0118245,N,22,2,2136.02,0,0,0,102.55,1889.9,1.93
M0118246,N,22,0,9379.36,1,2,0,4360.72,5562.65,1.89
M0118247,N,60,0,14464.74,1,0,0,1481.94,14564.21,0.25
M0118248,N,25,1,5999.97,0,0,1,530.18,5891.74,0.94
M0118249,N,79,3,39649.21,2,1,0,15962.95,20165.9,1.14
M0118250,Y,68,5,209705.51,4,5,3,93159.5,108517.37,3.88
M0118251,N,39,0,14471.6,0,0,0,1016.89,12025.45,1.2
M0118252,N,34,0,7297.65,0,1,0,4458.92,4429.4,0.23
M0118253,N,53,2,16200.78,1,1,1,3362.63,23296.42,2.03
M0118254,N,66,0,9671.25,0,0,0,6623.0,9657.41,1.13
M0118255,N,31,2,22708.6,0,0,1,11978.21,21740.84,1.03
M0118256,N,44,2,7667.35,0,0,0,5195.73,5217.75,2.73
M0118257,N,43,1,12033.73,0,0,0,830.71,11735.83,1.11
M0118258,N,35,2,6732.19,0,1,0,2157.9,4279.52,0.4
M0118259,N,27,1,19961.12,0,0,0,1601.16,14404.78,2.08
M0118260,N,57,0,4740.24,0,0,0,1524.03,5954.7,0.18
M0118261,N,18,2,19250.37,0,0,0,3473.12,14169.1,2.06
M0118262,N,36,0,8694.69,1,1,1,1087.35,7449.72,1.48
M0118263,N,25,0,9651.82,0,0,0,3486.95,8209.8,0.39
M0118264,N,72,2,4745.48,0,0,0,599.74,7283.18,0.0
M0118265,N,27,2,11036.77,2,1,0,4906.54,5829.67,2.33
M0118266,N,76,0,2606.84,1,0,0,1043.15,3025.54,0.0
M0118267,N,31,3,14980.12,0,0,0,2738.99,16032.82,0.0
M0118268,N,52,2,16953.47,0,0,0,2822.07,14917.55,0.8
M0118269,N,66,0,15610.74,0,0,0,2107.52,10327.01,1.19
M0118270,N,80,2,19020.95,2,1,0,1956.29,26690.73,1.55
M0118271,Y,57,5,155710.42,3,1,3,45852.29,109084.87,3.81
M0118272,N,22,0,5212.96,0,0,0,1755.68,5333.91,1.44
M0118273,N,63,1,13564.2,0,1,0,3371.48,17894.51,2.0
M0118274,N,24,1,11360.36,0,2,0,4605.42,13043.12,1.66
M0118275,N,62,2,5092.86,0,1,0,2331.3,4678.36,0.28
M0118276,N,75,1,9976.1,0,0,1,4809.64,5211.46,0.99
M0118277,N,24,1,16263.89,1,0,1,14521.63,9401.35,1.71
M0118278,N,21,1,6677.91,0,0,0,1083.81,5317.96,1.79
M0118279,N,26,2,15268.13,0,1,0,3159.27,14295.42,0.98
M0118280,N,74,1,7705.05,1,0,0,1090.33,5989.89,1.59
M0118281,N,61,3,13765.26,1,0,2,3582.66,13170.0,1.7
M0118282,N,18,1,2274.54,0,0,0,811.05,2485.82,0.0
M0118283,N,49,0,7642.39,0,1,0,434.6,7862.65,0.0
M0118284,N,31,0,7606.16,0,0,0,5272.98,4586.63,0.55
M0118285,N,65,0,5662.28,1,0,0,447.64,4490.04,1.05
M0118286,N,71,1,5680.46,0,2,1,4343.39,3267.95,1.38
M0118287,N,29,1,3713.5,0,2,2,1435.09,4505.25,0.73
M0118288,N,30,1,10222.58,0,0,0,1661.66,7624.24,1.01
M0118289,N,67,2,4081.04,0,0,0,1813.81,4941.87,1.4
M0118290,N,27,1,5407.88,0,0,1,2805.33,5173.99,0.57
M0118291,N,76,0,6337.93,0,0,0,1398.36,4749.67,0.59
M0118292,N,23,0,4331.82,0,1,1,815.13,3264.85,1.3
M0118293,N,18,2,7062.12,0,1,1,5012.64,4511.38,0.12
M0118294,N,66,0,19941.69,1,0,1,2349.33,16881.84,0.59
M0118295,N,20,0,20816.16,0,3,1,5651.47,16063.63,1.73
M0118296,N,25,1,16554.88,0,0,1,1840.7,16955.89,1.92
M0118297,N,52,1,11770.65,1,0,0,3308.33,10111.09,1.22
M0118298,N,51,2,13826.56,0,1,0,5406.65,11360.4,0.03
M0118299,N,35,3,43207.2,0,1,0,10806.39,24289.7,3.7
M0118300,N,51,1,5261.8,0,0,0,614.43,5239.35,0.98
M0118301,N,56,0,14560.03,0,2,1,3588.88,16934.41,1.63
M0118302,N,22,3,6529.39,0,0,0,476.7,5140.26,0.0
M0118303,N,76,1,13448.42,0,1,1,2808.45,12482.34,1.39
M0118304,N,68,1,2776.07,0,1,0,1162.98,2459.75,0.1
M0118305,N,68,2,13901.88,0,1,0,2486.13,8617.34,1.09
M0118306,N,58,1,24865.92,0,0,1,3239.12,22012.76,1.33
M0118307,N,62,2,11052.48,0,2,0,3397.66,13866.84,0.02
M0118308,N,26,3,12916.24,0,0,0,4236.91,11336.09,2.26
M0118309,N,20,3,2543.13,0,1,1,2577.25,1990.06,0.05
M0118310,N,67,1,8544.32,0,0,0,1180.28,9556.57,1.73
M0118311,N,47,3,9316.6,0,0,0,1970.88,5769.71,0.74
M0118312,N,41,1,6977.23,0,0,0,2389.37,4993.8,1.8
M0118313,N,61,2,16731.85,1,3,0,7070.33,15028.63,0.82
M0118314,N,18,0,6920.25,1,0,0,1457.2,4232.8,0.27
M0118315,N,79,1,8133.54,0,0,0,1104.22,5355.87,0.0
M0118316,N,39,1,15727.47,0,1,1,4119.2,9342.59,0.32
M0118317,N,25,2,14102.73,0,1,1,5881.21,8012.72,1.2
M0118318,Y,50,7,147915.57,6,4,1,33706.47,171000.81,5.93
M0118319,Y,81,4,122384.33,4,1,2,38409.46,116906.61,2.0
M0118320,N,44,1,26000.7,0,1,0,1480.89,35084.78,0.98
M0118321,N,22,1,11674.68,0,0,1,971.34,8332.55,1.21
M0118322,N,43,0,6126.94,0,0,0,1013.03,5292.79,1.36
M0118323,N,31,0,9471.43,0,0,0,3243.22,5112.4,0.28
M0118324,N,52,0,4823.58,0,0,1,2696.34,2077.07,0.4
M0118325,N,68,0,3657.16,0,0,0,1926.9,3206.03,1.25
M0118326,N,78,3,21894.18,0,1,0,7650.79,13884.96,0.9
M0118327,N,75,1,11342.96,0,1,0,1237.33,8936.97,0.33
M0118328,N,77,2,8471.31,0,0,0,2021.63,6016.1,0.49
M0118329,N,18,0,17507.79,0,1,1,4569.99,11436.06,0.26
M0118330,Y,86,6,207194.2,1,3,1,42540.22,162396.17,3.39
M0118331,N,33,0,12441.8,1,0,1,2791.07,7825.98,1.69
M0118332,N,45,0,6821.36,1,1,0,1363.6,7515.81,1.61
M0118333,N,53,2,10571.55,0,1,0,9710.01,9385.44,1.62
M0118334,N,49,0,13324.17,0,1,0,1331.16,12111.82,2.33
M0118335,N,70,2,9299.06,0,0,0,6106.57,2386.18,0.37
M0118336,N,28,1,9229.04,0,0,0,1889.88,11664.3,0.78
M0118337,N,76,0,23222.23,0,0,1,5002.32,18318.57,0.73
M0118338,N,77,0,3908.21,0,2,0,1388.67,1683.82,0.01
M0118339,N,33,2,11856.96,0,1,2,1513.73,13437.41,1.22
M0118340,N,53,2,19777.07,0,1,0,11243.85,7440.21,3.1
M0118341,N,68,3,18573.29,0,2,2,2417.93,17340.5,1.76
M0118342,N,29,1,20526.84,0,1,0,12873.02,4219.33,1.37
M0118343,N,57,3,14992.15,0,2,0,1549.58,10303.74,2.23
M0118344,Y,82,7,257795.47,3,4,1,82727.98,143165.17,4.89
M0118345,N,34,3,19621.05,0,1,1,2871.38,12593.06,0.56
M0118346,N,52,0,12951.84,0,1,0,1278.35,9524.25,0.0
M0118347,N,40,1,10309.28,0,0,0,5050.66,11991.86,0.89
M0118348,N,57,0,4421.89,0,1,0,411.06,3624.94,1.62
M0118349,N,57,1,6080.06,0,0,0,4809.52,6021.76,0.1
M0118350,N,38,0,5281.69,0,0,0,1338.12,4864.31,0.19
M0118351,N,40,1,15129.77,0,0,0,2731.34,15214.2,2.32
M0118352,N,41,0,6303.67,2,0,1,3915.9,4134.27,1.68
M0118353,N,72,0,23637.18,1,0,0,4197.49,14745.05,0.55
M0118354,N,71,0,5735.31,0,0,0,738.25,4206.01,0.85
M0118355,N,74,1,5502.23,0,1,0,1125.06,3614.64,0.86
M0118356,N,24,1,4883.98,0,0,0,1759.96,2475.23,0.0
M0118357,N,79,1,9242.79,0,1,1,4668.76,3800.55,0.11
M0118358,N,35,0,4922.49,0,0,0,1275.04,3856.36,0.71
M0118359,N,60,0,8554.83,0,0,1,3300.09,5975.18,1.77
M0118360,N,80,2,9851.96,0,0,0,2229.39,11521.27,1.39
M0118361,N,65,2,2640.72,0,0,0,881.1,2909.59,0.0
M0118362,N,18,0,4808.23,2,0,0,3183.83,2344.12,0.66
M0118363,N,48,1,10054.37,0,0,1,2612.23,5502.57,1.41
M0118364,N,78,1,5116.46,0,0,0,2037.54,2190.49,1.64
M0118365,Y,68,4,331290.7,2,4,3,124549.44,155797.0,3.1
M0118366,N,19,1,1946.06,0,2,1,1592.57,1721.89,1.45
M0118367,N,70,1,8339.3,1,2,0,5607.5,4580.64,0.49
M0118368,N,71,0,13932.17,0,0,0,2935.6,15267.47,1.5
M0118369,N,45,2,19846.84,0,0,0,1110.41,14747.64,0.89
M0118370,N,80,0,9465.62,0,1,0,4412.12,4069.11,1.71
M0118371,N,77,2,18642.85,0,0,0,6407.93,13372.69,0.61
M0118372,N,31,2,10893.42,1,1,1,3636.86,5537.09,0.95
M0118373,N,57,1,6409.79,1,0,0,2046.08,6947.55,1.1
M0118374,N,71,0,14614.62,0,0,1,7171.96,6641.18,0.0
M0118375,N,46,1,20792.19,0,0,1,4286.31,17427.88,0.68
M0118376,N,73,1,9581.77,0,1,0,2851.19,4725.6,0.2
M0118377,N,74,1,9233.61,1,2,0,2768.36,7293.92,0.91
M0118378,N,38,1,14078.4,2,2,0,3065.25,9835.21,1.6
M0118379,N,60,0,16610.99,0,0,1,7789.44,13298.38,3.11
M0118380,N,36,0,17320.87,0,0,1,2769.57,18697.82,0.59
M0118381,N,47,0,10785.71,0,0,0,1254.77,8545.62,2.25
M0118382,N,73,0,5080.83,0,0,0,1605.23,5475.18,2.11
M0118383,N,37,1,7057.15,0,0,0,1377.59,5281.57,0.61
M0118384,N,50,0,16459.88,0,1,0,7582.34,8731.0,1.38
M0118385,N,62,1,6205.11,0,0,0,3727.21,3357.84,2.77
M0118386,N,80,2,7403.42,0,1,0,3962.86,3873.73,0.0
M0118387,N,63,0,5682.59,0,0,0,2379.73,7558.09,0.0
M0118388,N,47,3,36723.8,0,0,0,6967.52,23707.24,0.95
M0118389,N,75,0,11786.12,0,2,1,3816.04,8802.67,1.07
M0118390,N,22,1,7609.61,0,0,0,1390.53,8439.5,0.58
M0118391,N,75,2,23278.36,0,2,1,6721.21,16062.35,0.0
M0118392,N,32,1,5978.48,0,1,0,1753.76,9015.02,1.37
M0118393,N,47,0,11069.47,1,0,0,9720.0,7288.75,1.82
M0118394,N,47,0,9385.42,0,0,0,4151.03,8665.89,1.3
M0118395,N,52,2,11896.82,0,0,0,1336.97,12578.65,0.0
M0118396,N,21,1,7316.23,1,1,0,669.64,5761.57,0.34
M0118397,N,33,0,11691.66,0,0,0,6631.15,10287.47,1.62
M0118398,N,78,1,2683.24,0,0,0,1486.65,2243.13,0.82
M0118399,N,37,1,6065.12,0,0,0,1023.96,5936.15,0.78
M0118400,N,35,1,5663.35,0,0,0,3654.64,6504.66,0.88
M0118401,N,36,1,16011.6,1,2,0,9174.7,4480.23,0.87
M0118402,N,72,1,5413.55,0,0,0,1593.89,3645.01,0.79
M0118403,N,57,1,9279.41,0,1,1,3262.44,5250.06,1.47
M0118404,N,37,3,22336.9,1,1,1,2694.2,15857.06,1.88
M0118405,N,43,0,8925.8,1,2,0,4330.9,6263.26,0.92
M0118406,N,27,3,22335.52,0,3,1,6605.71,12926.82,2.44
M0118407,N,71,1,16379.98,0,1,0,4512.27,10675.54,1.27
M0118408,N,59,2,20799.25,2,0,0,4260.42,26985.93,2.67
M0118409,N,40,2,13154.73,0,0,1,4163.59,6685.17,2.37
M0118410,N,55,2,10407.12,2,0,1,6944.2,2454.44,1.74
M0118411,N,50,1,21665.06,0,1,0,15543.11,7941.78,1.92
M0118412,N,61,2,16336.22,0,0,0,1870.07,25329.9,1.11
M0118413,N,38,2,19160.21,0,0,2,12570.89,11436.74,1.34
M0118414,N,52,0,19655.41,0,0,0,3193.3,14758.97,2.08
M0118415,N,22,1,22993.95,0,1,0,1652.04,22314.7,0.55
M0118416,N,52,0,28483.3,0,2,0,2105.16,21049.78,2.29
M0118417,N,55,2,14731.75,0,2,0,1173.06,12346.9,0.96
M0118418,N,35,3,10307.12,1,0,0,5053.89,6774.15,1.94
M0118419,N,19,0,13619.03,1,1,0,1341.99,14112.98,2.23
M0118420,N,70,0,2666.99,0,0,1,415.55,2237.62,0.0
M0118421,N,78,0,7117.25,0,0,0,4687.81,3682.09,1.57
M0118422,N,19,1,7920.85,1,1,1,2897.15,4456.18,0.85
M0118423,N,41,1,10214.35,0,1,0,4651.47,7515.01,3.04
M0118424,N,30,0,4338.01,0,0,0,1852.55,2009.86,0.4
M0118425,N,46,0,16532.46,0,0,0,2325.48,14848.0,0.86
M0118426,N,50,1,30675.0,1,1,0,10627.75,14578.13,0.0
M0118427,N,74,0,5437.17,0,2,0,5093.22,2984.32,1.03
M0118428,N,53,2,11676.19,0,1,0,3105.07,11154.69,1.57
M0118429,Y,86,4,114343.68,1,2,4,70331.03,60092.16,4.15
M0118430,N,78,0,35706.95,0,1,0,11269.07,26365.09,2.62
M0118431,N,55,2,15126.21,1,0,3,4511.24,22697.06,3.06
M0118432,N,39,0,10825.24,0,0,0,7811.7,11547.68,0.39
M0118433,N,28,3,19289.7,1,1,0,5356.62,15627.54,2.26
M0118434,N,35,2,19854.18,0,1,1,2994.01,24458.99,1.41
M0118435,N,51,0,4610.18,0,0,0,788.02,3373.99,0.0
M0118436,N,73,0,5508.39,0,2,0,1186.74,6335.0,0.83
M0118437,N,55,2,21101.61,1,0,1,1789.98,15419.42,2.46
M0118438,N,62,1,11372.86,0,0,0,2404.17,9241.19,0.18
M0118439,N,61,2,6987.66,0,1,1,1538.35,4109.77,1.83
M0118440,N,79,0,7270.49,0,0,0,869.7,4889.14,0.97
M0118441,N,56,0,4440.52,0,0,1,1463.61,4344.08,1.04
M0118442,N,45,0,20234.07,0,1,1,9602.18,23054.18,2.83
M0118443,N,32,0,22237.78,1,0,0,9964.83,10176.09,2.12
M0118444,N,24,1,8833.84,0,0,0,2771.28,5988.41,0.67
M0118445,N,70,0,18477.65,0,0,1,1800.58,12723.05,0.08
M0118446,N,36,3,36940.63,0,1,0,3254.04,25708.81,2.44
M0118447,N,31,0,9425.89,0,0,0,2853.24,5573.97,0.45
M0118448,N,76,3,32949.92,1,0,0,3117.2,30580.1,0.92
M0118449,N,64,0,5303.33,0,0,0,845.28,4127.08,0.38
M0118450,Y,37,6,319040.86,4,3,4,70161.95,250997.13,5.68
M0118451,N,56,1,5187.66,0,1,1,1454.32,5254.75,1.39
M0118452,N,36,1,36230.19,0,1,0,12323.12,17745.45,1.53
M0118453,N,74,2,12355.44,0,1,0,4472.83,7843.45,1.0
M0118454,N,55,1,16288.62,0,1,0,5918.8,7278.46,1.54
M0118455,N,43,0,7561.12,0,0,0,2348.11,6142.27,0.0
M0118456,N,54,2,11020.87,0,0,0,3472.17,8147.43,2.23
M0118457,N,23,3,13590.91,0,0,0,8966.38,9203.6,2.82
M0118458,N,52,0,2834.19,0,1,1,332.23,3875.98,0.93
M0118459,N,73,1,8488.12,0,0,1,6113.28,6939.88,0.0
M0118460,N,78,2,15718.4,0,1,1,2580.75,9758.5,1.87
M0118461,N,59,2,37882.16,0,2,0,8945.31,28485.53,1.81
M0118462,N,67,1,8732.89,0,1,0,9798.25,4934.96,2.11
M0118463,N,64,0,13287.32,0,0,0,768.12,9925.86,1.24
M0118464,N,24,0,14050.63,0,0,0,5772.5,11005.69,0.0
M0118465,N,20,1,11278.85,0,1,0,3442.28,11052.27,1.74
M0118466,N,25,0,9949.81,1,1,1,3099.61,6624.59,0.66
M0118467,N,27,0,16206.06,0,0,0,2372.45,10468.71,1.67
M0118468,N,23,2,49694.53,1,3,1,5741.04,36218.76,2.57
M0118469,N,64,0,15118.3,1,0,0,1106.95,13447.36,0.0
M0118470,N,65,0,16329.98,0,0,0,9656.87,6725.81,1.04
M0118471,N,24,2,7984.6,1,1,0,1158.16,9095.61,1.03
M0118472,N,41,1,10669.23,0,3,1,2274.73,11822.47,2.62
M0118473,N,68,1,24546.88,0,1,1,8121.01,25088.95,1.23
M0118474,N,53,3,7056.62,0,2,0,7892.86,3644.34,3.0
M0118475,N,18,1,8111.68,0,1,0,325.92,11215.48,1.28
M0118476,N,24,1,10820.95,1,0,0,7087.35,4916.59,1.35
M0118477,N,32,1,29440.16,2,0,1,8325.14,20687.42,0.86
M0118478,N,40,1,16934.71,0,0,0,4982.51,9281.96,0.63
M0118479,N,78,0,1232.11,0,1,0,725.09,1286.62,0.0
M0118480,N,31,0,13924.69,0,1,0,4883.16,6088.37,0.44
M0118481,N,35,1,16320.58,0,1,0,2813.68,16163.4,2.02
M0118482,N,46,1,9408.06,2,0,0,3491.85,8201.0,0.22
M0118483,N,56,0,14488.3,1,0,0,5478.61,10185.02,2.56
M0118484,N,48,2,10733.11,0,0,0,2265.07,13042.67,1.62
M0118485,N,21,0,6201.53,0,0,2,3007.4,5121.78,0.0
M0118486,Y,42,5,310600.11,3,4,6,88954.39,281128.35,6.77
M0118487,N,49,2,17853.12,0,3,1,7152.14,7096.07,1.45
M0118488,N,38,1,3838.71,0,0,0,1561.34,4523.34,1.54
M0118489,N,25,3,15095.13,1,2,1,4736.22,17551.55,3.02
M0118490,N,39,0,6519.13,0,0,0,2173.31,3112.06,0.0
M0118491,N,67,1,9435.4,0,1,0,1518.83,7662.09,0.69
M0118492,N,56,0,8498.96,0,0,0,1337.85,13494.39,1.24
M0118493,N,72,1,9313.33,0,0,0,3137.52,8636.05,0.67
M0118494,N,62,0,14613.8,0,0,0,4048.46,9346.75,2.53
M0118495,N,53,1,8247.6,0,0,1,2287.42,10293.2,0.0
M0118496,N,60,1,7964.06,0,1,0,1322.64,10200.66,1.14
M0118497,Y,77,7,245597.85,5,3,3,86935.27,127140.96,4.77
M0118498,N,66,1,4488.52,0,1,0,1122.19,5699.61,1.89
M0118499,N,69,2,14524.11,0,0,0,3243.53,21046.36,0.95
M0118500,N,74,0,11944.74,0,2,0,4593.34,11491.44,0.9
M0118501,N,30,1,4610.48,0,0,0,2637.69,5149.74,0.08
M0118502,N,66,0,11142.86,0,0,1,1495.23,8558.53,1.55
M0118503,N,21,1,9814.93,0,0,0,1418.4,8174.83,2.06
M0118504,N,28,1,6413.78,0,0,0,1703.91,3869.26,2.17
M0118505,N,66,0,11175.97,1,0,0,2587.75,16457.21,0.47
M0118506,N,54,1,12073.77,0,0,0,2084.12,19807.22,2.05
M0118507,N,47,0,21686.99,0,1,0,7855.69,11398.66,1.18
M0118508,N,21,0,5375.35,0,0,0,3546.07,4698.03,2.66
M0118509,N,21,2,46174.66,1,2,0,33564.07,28725.94,3.5
M0118510,N,50,1,3715.59,0,1,1,1432.66,3914.05,0.35
M0118511,N,72,1,5862.06,1,1,0,1916.85,5756.4,2.06
M0118512,N,45,0,2477.35,1,2,1,755.78,1685.49,1.03
M0118513,N,43,1,25519.3,0,0,1,1618.89,31919.5,0.13
M0118514,N,32,0,17307.36,0,0,0,5041.24,10410.08,1.2
M0118515,N,48,0,16862.71,0,1,1,7538.56,7431.62,0.21
M0118516,N,39,1,18894.99,0,0,0,4001.55,10921.02,1.31
M0118517,Y,53,4,260678.08,4,5,5,121496.82,98816.73,3.99
M0118518,N,74,1,4591.24,0,0,0,1620.87,5259.96,0.65
M0118519,N,47,0,4956.96,0,0,1,3462.82,3905.87,1.85
M0118520,N,20,1,3305.09,0,0,1,594.32,2400.43,0.39
M0118521,N,46,1,57987.26,1,0,0,14303.1,53102.4,2.96
M0118522,N,47,1,5934.98,0,1,0,1875.9,7973.62,1.08
M0118523,N,48,2,8306.22,0,1,1,638.47,8958.77,0.59
M0118524,N,31,2,17277.93,1,0,2,2831.25,13081.84,0.34
M0118525,N,20,1,4212.64,0,0,1,704.42,2864.02,1.23
M0118526,N,58,0,6262.5,0,0,0,1736.99,3510.26,0.68
M0118527,N,33,3,24258.6,1,0,0,8049.48,24708.69,1.48
M0118528,N,25,0,3903.87,1,0,0,1168.78,3452.06,1.83
M0118529,N,52,2,1137.98,0,0,0,888.06,1132.93,0.03
M0118530,N,61,0,4156.46,1,0,0,390.41,3695.76,0.25
M0118531,N,35,1,7822.88,0,0,0,1634.85,6603.54,1.03
M0118532,N,69,0,6625.79,0,1,0,5862.68,4983.3,1.04
M0118533,N,80,3,21274.21,0,0,0,7095.45,16315.32,1.72
M0118534,N,68,3,23242.9,0,3,0,3516.89,19742.76,1.94
M0118535,N,23,1,15979.02,0,2,0,1393.55,23039.84,1.11
M0118536,N,70,2,12727.21,0,0,0,4887.16,14002.96,1.36
M0118537,N,21,1,11063.55,0,0,0,1872.98,8897.28,0.95
M0118538,N,43,0,18846.22,1,1,0,8385.07,17851.09,2.25
M0118539,N,52,0,15302.11,0,1,0,898.69,14094.0,1.34
M0118540,N,33,1,16951.54,1,0,0,4330.25,13531.62,2.07
M0118541,N,32,0,5637.2,0,1,1,545.1,7519.37,1.64
M0118542,N,46,2,10290.29,0,1,0,3408.74,10088.27,0.64
M0118543,N,34,1,4487.01,0,1,0,2019.28,3530.09,1.05
M0118544,N,54,0,25914.72,0,0,0,8278.4,13033.75,1.61
M0118545,N,69,0,7503.8,0,2,0,1533.78,7321.18,0.37
M0118546,N,39,0,10420.25,0,1,0,1528.0,13772.84,2.48
M0118547,N,43,1,21787.5,0,1,0,5479.51,14652.44,0.08
M0118548,Y,81,5,242833.64,4,4,4,91346.03,152969.42,5.36
M0118549,N,28,0,10813.4,0,0,0,784.52,12572.35,1.18
M0118550,N,66,0,13289.44,1,2,0,3001.05,16637.55,0.37
M0118551,N,40,2,21724.29,0,0,0,2763.31,16067.55,3.09
M0118552,N,43,0,3133.91,0,1,0,600.21,3057.68,0.0
M0118553,N,56,1,12777.26,0,3,0,1846.96,8975.43,1.2
M0118554,N,43,1,23068.2,0,0,0,3741.29,22424.97,0.0
M0118555,N,25,1,20748.18,1,1,0,5134.91,19022.11,1.43
M0118556,N,70,1,11386.37,0,1,0,5735.3,14077.12,0.66
M0118557,N,49,0,15110.59,0,0,0,17628.4,9636.68,1.09
M0118558,N,73,1,7025.02,1,0,0,3224.57,7518.58,1.74
M0118559,N,46,3,12636.69,0,0,1,4215.13,11389.38,0.62
M0118560,N,31,0,8121.62,0,1,0,1031.99,6190.25,0.83
M0118561,N,55,0,16167.67,1,0,1,498.6,16892.55,0.19
M0118562,Y,83,3,248000.89,1,4,1,38387.92,168612.66,4.95
M0118563,Y,38,4,286672.41,6,6,3,131624.63,138409.11,5.48
M0118564,N,80,0,3041.09,0,0,0,979.94,3763.04,0.29
M0118565,N,68,2,11650.37,1,1,0,986.79,8744.36,0.59
M0118566,N,28,0,5423.68,0,0,0,845.94,6779.68,0.55
M0118567,N,37,1,16098.71,1,0,0,7650.68,6426.4,2.11
M0118568,N,53,0,26171.6,0,0,0,2631.99,19754.53,0.98
M0118569,N,79,2,11739.77,0,3,2,1991.32,10776.15,1.3
M0118570,N,71,0,14158.31,2,0,2,8563.48,7300.42,2.2
M0118571,N,33,1,6521.95,0,0,1,1425.53,5443.65,1.55
M0118572,N,50,1,15688.57,0,0,0,9751.66,11790.02,3.07
M0118573,N,48,1,7486.94,1,1,0,1330.45,6375.25,0.42
M0118574,N,37,1,14936.76,1,1,0,2048.29,9866.3,1.78
M0118575,N,46,2,22464.45,0,0,0,5927.16,13534.77,0.75
M0118576,N,29,0,10630.93,0,0,0,878.82,9084.47,1.01
M0118577,Y,54,5,294866.33,5,4,4,63083.72,251806.66,5.93
M0118578,N,78,1,7667.33,0,0,0,4167.73,2408.77,0.46
M0118579,N,29,1,4870.39,0,1,0,3763.33,3866.15,1.91
M0118580,N,25,2,14474.04,0,0,0,7450.01,13455.36,0.99
M0118581,N,35,0,4758.33,0,0,0,1816.78,2146.42,0.35
M0118582,N,58,0,3303.52,0,0,0,975.61,2217.24,0.42
M0118583,N,51,0,19744.74,1,2,1,3189.51,14049.33,0.98
M0118584,N,54,0,4158.58,0,1,1,650.8,3621.8,1.39
M0118585,N,50,2,28038.05,0,1,0,7486.43,19321.7,1.3
M0118586,N,63,1,24358.67,0,0,0,3812.71,21268.78,0.86
M0118587,N,24,2,27009.12,1,2,2,3147.87,18907.6,1.77
M0118588,N,43,0,6645.81,0,1,1,345.98,7801.12,0.1
M0118589,N,25,2,15379.88,0,2,0,2004.36,10320.49,2.36
M0118590,N,24,0,6113.71,0,0,0,2893.99,4383.65,0.89
M0118591,N,50,1,14581.8,0,1,0,1858.69,15246.02,1.74
M0118592,N,47,2,31470.02,0,0,0,7029.28,17827.83,2.36
M0118593,N,65,1,7219.53,0,0,1,2580.21,5502.4,0.5
M0118594,N,69,2,7610.81,0,0,0,374.93,6343.79,1.48
M0118595,N,18,1,9895.39,0,2,0,7861.14,6905.07,1.79
M0118596,N,33,2,8054.96,0,0,1,5908.05,7643.89,2.1
M0118597,N,25,2,22585.61,0,1,1,2793.48,16950.77,1.25
M0118598,N,50,0,9781.77,0,1,1,7859.5,8684.18,1.25
M0118599,N,62,0,2346.57,0,0,1,327.5,3233.51,2.99
M0118600,N,50,2,15976.82,1,0,2,9223.23,4654.0,0.53
M0118601,N,76,1,2865.31,2,0,0,651.43,1903.3,0.72
M0118602,N,22,2,10427.47,1,2,1,2316.02,7983.72,0.98
M0118603,N,50,2,41544.75,0,1,0,5134.83,35687.39,2.46
M0118604,N,33,2,2895.29,0,1,0,1302.66,3767.59,2.0
M0118605,N,74,3,5943.67,0,1,1,5244.41,4918.14,2.44
M0118606,N,76,2,23246.86,0,2,0,3366.73,28700.13,1.43
M0118607,N,61,1,13528.23,0,0,0,1112.87,11998.21,1.02
M0118608,N,55,0,40113.58,0,1,0,10378.29,21991.82,1.46
M0118609,N,65,1,5577.89,0,1,0,989.9,8008.42,1.43
M0118610,N,64,1,20216.24,0,0,0,5386.86,11239.99,1.79
M0118611,N,46,0,2878.85,0,0,1,843.15,2994.32,0.81
M0118612,N,48,1,15056.27,0,2,1,1842.47,20063.76,0.8
M0118613,N,72,2,22621.11,0,1,0,1305.37,17028.37,0.92
M0118614,Y,82,6,387900.14,3,4,1,107555.92,303667.36,5.76
M0118615,N,64,0,11735.62,0,1,2,7085.17,4965.38,1.51
M0118616,N,25,0,18496.69,0,1,2,10903.95,11789.74,0.47
M0118617,N,55,1,13359.63,0,1,0,11704.89,3505.38,0.27
M0118618,N,30,1,21626.49,1,1,0,4336.77,16162.66,2.39
M0118619,N,66,0,24325.62,1,1,0,2485.64,19238.75,0.57
M0118620,N,55,2,9786.99,0,0,0,4694.38,3733.39,0.06
M0118621,N,25,0,9727.35,0,0,1,5073.74,5256.12,1.58
M0118622,N,40,3,3964.01,1,0,0,918.15,3225.42,0.35
M0118623,N,80,0,16863.22,0,0,0,5661.5,15950.05,1.53
M0118624,N,52,0,10415.96,2,0,0,1951.66,7212.53,1.93
M0118625,N,25,2,3080.45,0,0,0,2070.17,3009.85,1.1
M0118626,N,63,0,6629.82,0,0,0,2888.94,6593.19,0.4
M0118627,N,57,2,9958.64,0,0,0,2115.55,5976.3,1.78
M0118628,Y,40,5,281942.62,1,3,3,59606.0,193871.94,6.35
M0118629,N,48,1,6300.84,0,0,0,1291.67,5091.24,1.06
M0118630,N,46,4,15991.88,0,0,2,2370.92,10811.69,0.38
M0118631,N,53,1,4521.79,0,0,0,1123.2,6695.86,0.08
M0118632,Y,55,9,195821.15,4,3,2,96075.52,135814.2,4.46
M0118633,N,26,0,5957.39,0,0,1,1899.1,4499.93,0.0
M0118634,N,58,0,6420.83,0,2,0,2028.89,5276.35,0.2
M0118635,N,36,2,13440.82,0,0,0,2842.65,11263.75,1.95
M0118636,N,20,2,14628.24,0,0,0,3586.84,7865.81,0.12
M0118637,N,69,0,5176.55,0,1,0,1238.58,4969.31,1.19
M0118638,N,75,0,15660.17,0,1,0,3118.44,11261.8,0.58
M0118639,N,72,2,18190.31,0,0,2,8030.0,9061.64,1.39
M0118640,N,58,0,8617.95,0,0,0,1621.01,5568.2,0.41
M0118641,N,75,0,20634.08,0,0,0,10015.82,11874.73,0.46
M0118642,N,60,0,12140.07,2,0,2,10725.03,9775.95,3.23
M0118643,Y,48,5,218615.13,2,1,3,75727.58,131206.73,2.16
M0118644,N,42,1,16231.15,0,2,0,8432.07,12719.6,1.69
M0118645,N,77,1,11984.94,0,1,0,2859.0,8279.6,0.18
M0118646,N,69,1,12995.05,0,0,0,3405.43,8429.44,2.2
M0118647,N,56,2,11992.61,1,0,0,7387.92,13779.99,0.49
M0118648,N,51,2,10787.67,0,1,0,3513.62,5418.99,1.25
M0118649,N,72,1,24747.03,0,2,0,7346.96,12067.7,0.56
M0118650,N,29,2,8523.5,0,1,1,1231.78,11091.92,1.29
M0118651,N,19,1,27191.25,0,0,0,13078.25,9133.0,1.46
M0118652,N,39,0,12857.55,0,0,0,816.96,16914.24,2.28
M0118653,Y,60,5,266895.16,4,6,4,96211.64,154155.89,5.37
M0118654,N,72,2,10149.22,0,0,1,4366.03,13525.15,2.04
M0118655,N,28,0,9821.22,1,0,0,1087.62,10010.52,0.26
M0118656,N,31,0,4461.96,0,0,0,2089.17,4559.89,1.63
M0118657,N,34,2,34555.04,0,0,0,3890.51,27186.75,1.84
M0118658,N,45,1,8052.15,0,0,1,2119.92,5644.08,2.55
M0118659,N,21,1,7134.45,0,0,0,3717.0,8165.58,1.25
M0118660,N,73,2,10840.12,0,1,0,6179.15,7025.5,2.55
M0118661,N,18,2,7940.08,0,2,0,1192.68,8349.74,1.39
M0118662,N,34,1,45346.16,0,2,0,5473.91,52354.91,1.84
M0118663,N,60,2,26815.76,1,1,0,1037.18,34901.66,0.49
M0118664,N,26,1,9657.56,0,0,0,2972.82,4854.27,1.15
M0118665,N,61,1,10027.95,0,0,0,5970.6,7654.44,0.0
M0118666,N,44,0,19683.94,0,1,0,2501.55,27434.6,0.45
M0118667,N,63,2,4338.64,2,0,0,2463.3,5024.76,1.85
M0118668,N,19,0,7783.65,0,0,0,2656.9,4911.46,0.47
M0118669,N,64,2,18481.45,0,0,1,2409.1,17776.25,1.1
M0118670,N,34,1,8230.48,0,2,0,4710.56,7158.15,1.03
M0118671,Y,74,6,207244.35,4,5,6,201603.66,77217.34,6.69
M0118672,N,55,2,16367.77,0,1,1,2353.42,13572.81,0.62
M0118673,N,32,1,5837.25,0,2,0,1212.26,7861.45,0.54
M0118674,N,55,2,9613.36,0,0,0,1225.54,12905.5,2.17
M0118675,N,79,0,4739.38,1,0,0,874.81,7547.52,0.79
M0118676,N,73,2,19974.74,0,1,1,11005.95,5735.41,1.96
M0118677,N,22,0,10535.34,0,2,0,4907.57,5372.79,0.79
M0118678,N,18,2,5598.32,0,1,1,1693.47,4569.3,1.14
M0118679,N,80,0,42293.41,0,1,0,1879.18,43391.44,1.98
M0118680,N,30,1,21312.54,1,1,1,9190.66,13907.3,1.31
M0118681,N,69,2,10180.94,0,1,2,6674.79,7580.38,0.79
M0118682,N,30,2,15237.36,1,0,0,5957.08,6975.09,1.82
M0118683,N,54,2,16802.71,1,1,0,4328.63,10052.42,2.76
M0118684,N,56,2,13825.1,0,1,0,1430.27,13660.3,1.04
M0118685,N,18,0,5562.12,0,0,0,2028.34,4218.78,1.24
M0118686,N,70,0,5071.98,1,2,0,2922.04,4306.86,0.45
M0118687,Y,70,6,203284.51,4,6,2,91598.67,100849.7,6.41
M0118688,N,69,0,12324.21,0,0,2,963.9,11437.66,0.0
M0118689,N,53,0,5231.7,0,0,0,84.21,4889.61,0.64
M0118690,N,28,2,14279.01,0,2,0,1871.89,13184.95,2.29
M0118691,N,34,1,4215.8,0,0,0,1245.05,2404.81,1.02
M0118692,N,51,3,4980.63,0,0,0,1045.78,3970.31,0.0
M0118693,N,69,0,14819.22,0,1,0,9373.33,5449.64,1.04
M0118694,Y,41,4,200860.94,1,2,2,138120.37,77412.54,5.1
M0118695,N,31,1,8163.15,0,1,1,5195.77,8179.15,0.18
M0118696,N,76,1,12462.54,0,0,0,1710.75,8304.96,0.83
M0118697,N,55,0,6934.06,0,0,0,1035.02,6676.01,0.64
M0118698,Y,71,5,162834.42,1,3,4,55234.94,144855.18,4.79
M0118699,N,48,0,7553.64,0,0,0,2026.8,5015.19,0.32
M0118700,N,52,1,4325.57,0,0,0,1575.2,4584.06,1.13
M0118701,N,33,1,8843.07,0,1,0,1674.32,5624.53,0.24
M0118702,N,58,0,4543.2,0,1,1,2595.57,4221.76,0.76
M0118703,N,21,0,9935.58,1,0,0,2601.77,7444.57,0.0
M0118704,N,63,0,2635.23,0,0,0,797.44,1692.73,0.77
M0118705,N,80,0,9995.73,0,0,0,4120.78,10827.02,0.47
M0118706,N,57,1,18929.4,0,2,0,4373.33,10533.22,1.25
M0118707,N,66,0,11912.56,0,0,0,1249.97,9110.99,1.38
M0118708,N,76,0,10336.36,0,2,0,3543.39,11997.57,2.31
M0118709,N,78,1,28866.91,2,0,0,16308.24,12189.05,0.83
M0118710,N,20,0,2629.38,1,1,0,708.82,2774.03,0.0
M0118711,N,47,4,11005.32,1,2,0,3429.98,5444.77,2.51
M0118712,Y,49,7,179960.23,3,3,1,58392.41,91713.9,3.8
M0118713,N,68,0,6078.56,0,0,1,2321.22,2615.92,1.82
M0118714,N,74,3,29075.35,0,3,0,11495.23,24356.35,3.15
M0118715,N,28,2,11262.76,0,1,0,2141.47,17094.54,0.82
M0118716,N,56,0,4547.99,0,0,1,1282.06,3284.3,0.0
M0118717,Y,64,3,172166.4,1,2,4,78141.88,88477.57,2.73
M0118718,N,31,1,25803.52,0,2,0,6413.64,21488.3,1.38
M0118719,N,20,2,10775.65,0,0,0,5576.68,5478.69,0.42
M0118720,N,37,1,14341.64,0,1,0,8644.01,14755.8,1.09
M0118721,N,48,0,5226.79,0,0,0,2355.05,6603.85,0.0
M0118722,N,59,0,8682.42,0,0,0,7516.89,4558.91,0.0
M0118723,N,27,0,5494.95,0,1,0,1457.3,3832.92,0.55
M0118724,N,70,1,10320.51,0,3,0,9661.49,8224.38,1.33
M0118725,N,31,2,21555.61,0,0,0,7105.15,25472.61,1.72
M0118726,N,63,1,9876.07,0,2,0,4122.32,7027.21,1.91
M0118727,N,43,0,8823.52,0,0,1,1135.47,7729.99,0.0
M0118728,N,28,0,6338.1,1,0,1,2272.87,5731.36,2.1
M0118729,Y,72,4,347514.59,4,3,8,265424.84,113932.37,4.53
M0118730,N,66,1,19837.55,0,2,1,4158.78,12631.2,1.56
M0118731,Y,65,8,175795.12,3,3,2,77039.72,146858.13,4.42
M0118732,N,63,2,18149.92,0,0,0,931.98,16115.85,1.49
M0118733,N,41,2,15946.66,0,1,2,4955.66,9272.67,2.33
M0118734,N,36,2,9607.98,0,0,1,5881.46,9258.67,1.09
M0118735,N,55,1,6036.65,0,0,0,3588.8,7259.63,0.01
M0118736,N,48,0,7478.65,0,2,0,2364.92,7265.6,0.8
M0118737,N,77,0,6762.52,0,1,0,3859.34,7885.49,1.74
M0118738,N,63,0,21631.71,1,1,1,5916.44,26078.86,2.96
M0118739,N,48,2,4188.18,0,0,0,3905.25,3028.56,1.24
M0118740,N,18,2,3924.04,1,0,0,1404.49,2299.03,0.28
M0118741,N,28,1,8115.18,0,1,1,3453.87,5650.89,0.0
M0118742,N,36,0,8005.85,0,1,0,1328.81,8749.75,1.28
M0118743,N,66,1,13666.06,0,0,1,6900.77,5501.16,0.07
M0118744,N,29,2,5433.07,0,0,0,4272.14,3803.11,1.29
M0118745,N,38,0,23901.41,0,0,1,2310.74,17335.56,2.74
M0118746,N,69,0,2271.18,0,0,0,546.67,1954.3,0.19
M0118747,N,46,0,4292.28,1,0,0,1407.67,5698.36,2.15
M0118748,N,51,0,4984.46,0,1,0,1151.55,4463.19,0.26
M0118749,N,19,1,7021.4,0,0,0,1302.39,6613.18,0.53
M0118750,N,22,1,12367.62,0,0,0,1594.26,12184.3,1.1
M0118751,N,58,0,26542.94,0,0,0,5003.69,17487.66,0.44
M0118752,N,42,2,4870.25,0,1,1,4388.2,2896.78,1.45
M0118753,N,27,2,18071.94,1,1,0,4019.75,10480.3,1.08
M0118754,N,80,0,6473.99,0,1,0,1881.66,5178.45,0.72
M0118755,N,28,2,20575.6,0,1,0,9057.32,19986.01,1.05
M0118756,N,37,1,5880.03,0,0,0,1356.34,7889.67,0.48
M0118757,N,37,2,7052.41,0,0,1,3210.34,7017.56,2.56
M0118758,N,28,1,7210.5,0,1,0,2180.23,5827.22,2.28
M0118759,N,32,2,7723.25,0,1,0,1161.27,5919.74,2.14
M0118760,Y,36,4,175440.44,3,5,1,86518.26,94498.78,5.52
M0118761,N,76,0,7013.1,0,0,0,3033.21,6306.07,0.36
M0118762,N,57,2,9485.48,0,0,0,1888.35,9558.87,1.3
M0118763,Y,86,6,136409.04,1,1,6,44901.14,116183.79,4.34
M0118764,N,23,1,7111.13,0,1,0,4048.9,4472.18,0.0
M0118765,N,58,1,8622.55,0,0,1,3918.4,5232.12,0.0
M0118766,Y,52,8,280163.68,5,4,6,115621.44,175200.64,4.27
M0118767,N,44,2,9554.76,0,0,0,2412.64,13425.67,1.39
M0118768,N,41,1,17868.21,0,0,0,2250.19,16366.75,1.59
M0118769,Y,64,3,148416.85,4,5,4,59231.09,101397.16,6.34
M0118770,N,54,1,5339.95,1,0,0,2393.29,4221.36,0.33
M0118771,N,46,2,2346.98,0,0,0,1097.2,2018.18,0.73
M0118772,N,51,1,13051.17,1,0,0,2053.19,14087.77,0.59
M0118773,N,20,1,14058.04,0,0,2,2879.85,9493.31,1.98
M0118774,N,75,0,6105.24,0,0,0,1150.82,5013.03,0.79
M0118775,N,50,1,16878.19,0,1,0,5057.21,20178.26,0.0
M0118776,N,19,1,12157.95,1,0,0,1900.94,9480.19,2.15
M0118777,N,38,2,68661.26,0,1,0,2262.22,104858.84,1.09
M0118778,N,51,0,6088.05,0,0,0,1670.07,3146.79,0.0
M0118779,N,25,1,18450.23,0,0,0,3725.46,13698.23,1.9
M0118780,N,76,0,23541.21,0,1,0,12718.59,6577.32,1.29
M0118781,N,79,1,21997.69,0,0,1,3001.73,19707.9,1.92
M0118782,N,33,0,3671.26,0,1,0,455.72,4715.47,0.42
M0118783,N,77,0,5737.88,0,1,0,2151.92,2389.59,0.0
M0118784,N,72,0,2122.01,0,0,0,1430.36,2375.79,1.16
M0118785,N,56,1,13502.09,0,0,0,3272.03,9149.23,0.89
M0118786,N,63,0,7454.86,0,0,1,1616.35,6116.54,0.66
M0118787,N,43,1,9645.75,0,0,0,5132.01,7380.32,1.5
M0118788,N,72,2,8529.69,1,1,1,4500.47,5746.96,3.04
M0118789,N,30,1,17155.6,0,1,2,6679.69,8177.27,3.07
M0118790,N,26,2,20508.89,0,2,0,4438.14,25036.23,0.54
M0118791,N,59,1,5423.48,0,0,0,586.8,6330.97,0.0
M0118792,N,56,0,42880.72,1,0,0,29894.11,5591.45,2.54
M0118793,Y,54,9,274501.63,5,6,3,92374.75,254785.07,8.34
M0118794,N,20,1,28283.86,1,1,0,1217.78,21871.59,1.39
M0118795,N,45,2,14002.68,0,0,0,7089.18,16541.78,0.44
M0118796,N,73,0,6341.75,0,0,0,2438.52,5990.24,0.0
M0118797,N,66,0,9339.99,0,1,0,4269.57,5882.67,0.61
M0118798,Y,45,5,105385.68,4,5,3,86568.37,57677.04,4.16
M0118799,N,23,2,19233.81,1,1,2,7865.97,8873.6,0.0
M0118800,N,52,0,9162.49,0,0,0,6266.04,3241.67,0.24
M0118801,N,69,1,4783.29,0,0,0,1075.81,3054.02,0.19
M0118802,N,50,2,11445.67,0,1,0,2232.74,7932.55,0.76
M0118803,N,60,0,6162.12,0,0,0,866.04,4197.15,0.52
M0118804,N,74,1,8832.84,0,0,0,537.32,6461.15,0.57
M0118805,N,73,2,12824.06,0,0,1,2552.72,8327.97,1.26
M0118806,N,65,1,15130.12,0,3,0,3337.91,15596.66,1.59
M0118807,N,77,0,11908.08,1,0,0,4921.53,6489.59,0.47
M0118808,N,67,1,31060.06,1,1,2,6362.1,18458.72,2.3
M0118809,N,43,1,36340.28,1,2,0,3041.4,29838.65,0.0
M0118810,N,27,2,14189.95,0,2,0,4919.4,6803.86,0.14
M0118811,N,30,0,15820.12,0,0,0,3995.3,12123.5,0.32
M0118812,N,19,1,21886.27,0,0,3,5547.13,13071.63,0.94
M0118813,N,59,2,20014.58,1,2,0,4065.6,20377.37,1.46
M0118814,N,45,0,9503.87,1,0,0,1111.19,7777.49,0.15
M0118815,N,67,0,13037.27,0,1,1,3152.74,10226.46,1.24
M0118816,N,32,2,9358.55,0,0,0,1973.41,6504.16,0.55
M0118817,N,61,0,6511.85,0,0,0,1581.27,4214.51,1.15
M0118818,N,38,0,3999.3,0,1,1,812.93,3438.47,0.99
M0118819,N,23,2,9604.35,0,0,0,6993.85,3485.06,0.0
M0118820,N,32,1,21561.68,0,0,0,7119.1,12992.97,1.32
M0118821,N,27,0,35065.8,0,0,0,3980.57,33926.18,1.48
M0118822,N,40,3,25003.95,0,2,2,6286.36,18195.41,0.59
M0118823,N,39,1,4901.35,0,0,1,1517.95,4517.95,1.01
M0118824,N,47,1,7551.37,0,0,0,1945.07,4044.38,0.49
M0118825,N,38,4,19732.25,0,1,0,15441.47,7660.54,1.87
M0118826,N,80,2,3204.03,0,0,0,760.16,4175.12,0.04
M0118827,N,57,2,4261.19,0,0,0,869.6,2911.5,0.0
M0118828,Y,79,4,263326.4,4,1,3,139336.31,157266.35,5.74
M0118829,N,28,1,12054.12,1,0,0,8141.78,7890.73,1.21
M0118830,N,29,0,6696.44,0,0,1,2369.09,3819.92,0.75
M0118831,N,44,2,11036.08,1,2,0,1428.89,10872.77,2.41
M0118832,N,77,2,7517.39,0,1,0,2150.3,6473.54,0.91
M0118833,N,48,1,11645.59,1,0,1,1271.06,11852.41,0.04
M0118834,N,50,0,8103.39,0,0,0,1608.73,5942.59,0.39
M0118835,N,19,0,16778.37,0,0,0,1941.55,16399.38,1.09
M0118836,N,67,1,7664.92,0,0,0,2447.26,7799.32,1.46
M0118837,N,73,1,3581.03,0,0,1,1991.72,4216.91,1.29
M0118838,N,65,1,17181.45,0,0,1,3737.15,9768.83,1.59
M0118839,N,46,1,4315.63,0,0,1,3812.61,2768.67,0.72
M0118840,N,37,0,2974.86,0,0,0,1114.12,4216.22,1.82
M0118841,N,56,0,6622.66,1,0,1,4958.18,2386.82,0.64
M0118842,N,20,2,7909.69,0,1,1,2776.22,9954.91,2.25
M0118843,N,41,1,2980.85,0,0,0,1835.94,2548.97,0.82
M0118844,N,21,2,18431.24,0,0,0,4636.96,17931.47,1.88
M0118845,N,22,1,14443.51,1,0,0,4523.0,7220.87,1.36
M0118846,N,77,1,9824.76,1,2,1,2974.02,12857.75,0.0
M0118847,N,67,2,19825.66,0,0,0,2225.67,13559.19,1.81
M0118848,N,34,1,13469.07,0,0,0,1373.01,18706.83,2.0
M0118849,N,35,0,8668.6,0,0,0,1119.76,8588.8,0.12
M0118850,N,61,0,3551.91,0,0,0,1511.09,3535.05,0.0
M0118851,N,40,1,6073.16,0,0,0,1972.6,4260.62,0.0
M0118852,N,76,0,6040.69,0,1,0,2765.35,7239.83,1.32
M0118853,N,38,1,8154.0,0,1,1,3394.49,6038.36,1.11
M0118854,N,58,2,10842.34,0,0,0,5919.27,7498.42,1.8
M0118855,N,19,2,4704.73,0,1,1,1604.55,4449.02,0.76
M0118856,N,26,2,18655.48,0,0,0,2520.1,16570.48,0.4
M0118857,N,31,0,6590.69,0,0,0,1541.38,5290.58,0.38
M0118858,N,66,1,10187.9,1,0,0,9993.13,6159.57,1.47
M0118859,N,39,4,23135.7,0,2,0,10174.44,26653.55,1.22
M0118860,N,22,2,7158.39,0,2,0,1734.96,9546.14,0.41
M0118861,N,28,1,14467.65,1,3,1,7476.38,14448.26,3.16
M0118862,N,18,0,7560.48,0,0,0,2550.32,8554.29,0.0
M0118863,N,55,1,2104.73,0,0,0,2149.9,967.31,0.08
M0118864,N,59,2,3480.08,0,0,0,2952.34,2918.3,2.18
M0118865,N,75,2,13356.8,0,0,0,3681.05,13884.76,0.67
M0118866,N,51,1,15317.05,1,0,1,6258.24,7184.6,0.5
M0118867,N,56,3,10783.53,0,0,0,2111.3,15315.23,0.64
M0118868,N,50,1,23347.41,0,1,1,1439.17,16949.25,1.2
M0118869,N,44,1,10295.4,1,1,0,2163.18,7909.15,0.78
M0118870,N,51,1,15156.44,0,0,1,6610.08,5283.38,0.4
M0118871,N,70,1,13111.3,1,0,0,1771.98,10807.88,1.59
M0118872,N,75,0,7675.05,0,0,1,2182.92,9500.46,1.22
M0118873,N,49,3,7316.53,0,0,0,1269.89,9031.14,0.84
M0118874,N,24,0,14913.05,0,0,0,2781.76,9662.25,1.63
M0118875,N,65,0,3944.26,0,1,0,1388.13,4619.37,2.0
M0118876,N,51,1,13847.79,0,1,0,1722.01,9191.91,1.97
M0118877,N,41,1,2538.66,0,0,0,731.84,1458.07,0.0
M0118878,N,37,2,27166.63,0,2,1,7755.66,30167.79,3.29
M0118879,N,62,1,8849.82,0,2,0,780.31,7186.96,1.01
M0118880,N,49,0,18052.43,0,1,1,9427.52,15871.15,1.08
M0118881,N,18,0,2952.57,0,0,0,1129.45,2167.97,0.97
M0118882,Y,48,5,115782.05,3,1,5,50273.69,47196.69,4.78
M0118883,N,26,2,13274.16,0,0,1,3734.3,7706.28,0.01
M0118884,N,75,1,12354.69,0,0,0,3773.06,6879.06,1.67
M0118885,N,70,0,2026.77,0,0,0,426.11,2798.47,0.93
M0118886,Y,53,5,183618.66,5,3,4,57065.94,158962.04,2.22
M0118887,N,22,0,6880.18,1,0,0,1049.03,9314.58,0.72
M0118888,N,42,1,7746.92,0,2,1,2831.46,9168.55,0.86
M0118889,N,55,0,6625.87,1,1,1,4913.79,3065.95,1.35
M0118890,N,37,0,10827.18,3,0,0,8000.79,10786.9,2.17
M0118891,N,48,3,15562.93,0,2,0,3891.58,9516.97,1.21
M0118892,N,40,2,15012.84,0,1,0,2062.31,16323.55,1.2
M0118893,N,59,1,7415.59,0,1,0,4056.58,4993.61,0.0
M0118894,N,51,0,3378.88,0,0,0,1411.75,1533.12,0.97
M0118895,N,51,2,5437.5,0,1,0,1265.66,5162.91,1.22
M0118896,N,35,2,21667.26,1,0,1,16267.72,22171.95,1.54
M0118897,N,79,2,14993.42,1,1,0,2003.7,18508.22,1.15
M0118898,N,48,1,4211.2,0,0,0,1260.71,4651.15,0.0
M0118899,N,46,2,8028.82,0,1,0,5358.08,3674.74,0.0
M0118900,N,77,0,4649.19,1,1,1,845.69,3234.05,0.04
M0118901,N,69,0,10065.03,1,2,0,2941.23,14006.22,2.99
M0118902,N,67,1,21837.53,0,0,0,4017.58,13580.96,0.78
M0118903,N,65,0,13197.17,0,1,1,5022.06,7742.12,0.0
M0118904,N,27,3,28658.69,2,1,1,1582.89,20982.35,1.67
M0118905,N,52,0,20038.56,0,1,0,8144.31,16056.72,0.0
M0118906,Y,39,6,165102.1,3,2,4,59599.66,83191.42,4.55
M0118907,N,22,2,3990.2,0,0,0,1578.95,1838.59,0.0
M0118908,N,18,0,5618.29,0,2,1,709.29,3949.14,0.59
M0118909,N,39,1,6775.5,0,0,0,2785.41,3185.52,0.48
M0118910,N,70,2,31863.71,0,0,1,4921.26,21449.42,0.32
M0118911,N,53,2,5681.93,0,2,0,2755.1,4223.06,0.0
M0118912,N,24,0,6547.45,0,1,0,2365.51,4726.46,0.18
M0118913,N,73,0,12194.65,1,2,1,8217.56,13944.16,1.84
M0118914,N,27,3,12731.74,0,0,1,3573.46,11151.1,1.62
M0118915,N,23,0,10251.75,0,0,0,2894.2,14299.95,1.29
M0118916,N,39,1,20530.88,0,2,0,4447.71,14362.32,2.08
M0118917,N,40,0,16131.86,0,1,0,1203.46,14763.29,1.11
M0118918,N,18,1,12686.44,0,3,1,6083.52,14849.94,0.96
M0118919,N,78,0,2161.6,0,0,0,2037.19,558.57,1.1
M0118920,N,66,1,6476.3,0,2,1,1294.56,5780.19,1.29
M0118921,N,79,0,7218.07,0,0,0,2671.29,5598.12,1.64
M0118922,N,28,2,8172.21,0,2,0,6774.0,7122.23,1.34
M0118923,N,26,2,17178.87,0,1,0,10779.78,8395.45,0.84
M0118924,N,36,1,14455.73,0,1,0,8836.78,7094.88,1.66
M0118925,N,61,1,15439.75,1,1,0,4966.95,10719.12,1.35
M0118926,N,79,2,11350.03,0,0,0,2823.12,10084.57,0.08
M0118927,N,65,0,9093.92,0,0,0,4274.98,5866.61,1.05
M0118928,N,52,1,15661.56,0,1,1,2199.93,11892.74,0.7
M0118929,N,66,0,14353.88,1,3,1,2149.08,14668.34,1.66
M0118930,N,57,1,18874.1,1,1,1,6208.77,14249.54,1.61
M0118931,N,25,1,7666.79,1,2,0,3576.32,2796.3,0.0
M0118932,N,21,0,2866.94,0,0,0,929.2,3172.91,0.02
M0118933,N,34,2,17023.04,0,0,0,4891.2,16605.37,0.78
M0118934,N,40,2,6161.46,0,1,0,1055.71,6194.01,0.67
M0118935,N,71,1,3204.81,0,1,1,297.25,4864.66,1.66
M0118936,N,74,1,3572.09,0,1,0,971.65,3940.92,0.73
M0118937,N,49,2,21995.05,0,0,0,5122.96,16146.63,0.81
M0118938,N,27,0,5157.67,0,0,0,1057.31,5510.66,1.9
M0118939,N,54,1,3791.37,0,0,1,496.53,3829.84,0.0
M0118940,N,77,1,8228.98,0,0,0,2999.02,9114.14,0.0
M0118941,N,41,3,14556.84,0,1,0,9774.41,5276.7,0.74
M0118942,N,58,2,28176.65,0,2,2,4594.04,23699.31,2.47
M0118943,N,78,1,4261.72,0,0,0,1339.29,2617.0,0.75
M0118944,N,61,1,5294.79,1,0,0,2021.87,3971.7,0.0
M0118945,N,41,1,4182.63,0,0,0,1042.49,4709.86,1.31
M0118946,N,18,1,57364.42,0,1,0,16467.97,33354.86,2.98
M0118947,N,37,1,5284.69,0,0,0,4130.24,4629.57,0.0
M0118948,N,50,4,8447.6,0,1,0,682.51,13335.74,1.27
M0118949,N,27,0,6664.67,0,1,0,2294.66,8314.38,1.0
M0118950,N,62,1,20549.94,1,0,0,1739.59,17693.79,1.54
M0118951,N,71,2,5167.9,0,2,0,753.84,3740.13,0.03
M0118952,Y,67,6,373443.7,2,5,5,198204.39,132528.01,5.2
M0118953,N,73,0,2931.38,0,0,0,610.5,3768.2,0.45
M0118954,N,38,0,2263.98,0,1,0,1818.25,1253.83,0.0
M0118955,N,30,2,9531.62,1,0,0,1552.53,5983.72,0.57
M0118956,N,41,2,20493.46,0,0,0,1328.76,16406.07,1.99
M0118957,N,60,0,17834.38,0,0,1,8825.74,6769.92,0.36
M0118958,N,35,2,4763.64,0,0,1,2844.89,5322.9,0.46
M0118959,N,69,0,11243.06,0,1,0,913.31,9411.83,0.0
M0118960,N,50,2,15854.52,0,1,0,1330.5,12434.52,0.0
M0118961,N,80,3,12056.35,1,0,0,2568.26,10623.82,1.87
M0118962,N,72,1,16543.65,0,0,0,1412.65,15238.59,0.77
M0118963,N,27,3,41258.06,1,2,1,5093.62,30034.26,2.77
M0118964,N,40,1,18248.78,1,1,0,4363.56,12971.18,0.89
M0118965,N,73,0,5348.25,1,0,0,2623.93,2287.54,1.15
M0118966,N,38,3,15922.44,0,2,2,4356.41,13692.87,3.37
M0118967,N,28,1,7620.61,0,0,0,1852.68,4527.74,1.56
M0118968,N,73,0,4986.3,0,0,0,1167.4,4789.9,0.34
M0118969,N,56,1,12053.18,0,0,0,6654.76,5782.61,0.0
M0118970,N,42,0,14894.76,0,1,0,1829.24,10272.32,1.59
M0118971,N,34,1,4382.71,0,1,0,971.33,3683.68,1.46
M0118972,N,67,1,3629.97,0,0,1,850.66,5022.95,0.79
M0118973,N,22,1,47969.03,0,1,0,6928.59,53156.01,0.9
M0118974,N,56,2,18976.99,0,1,0,18537.87,3923.22,0.31
M0118975,N,79,0,8906.07,1,0,0,2545.13,7850.58,0.0
M0118976,N,35,1,2940.67,0,0,0,2520.05,2712.84,1.03
M0118977,N,62,2,66393.29,0,0,1,2601.37,51319.97,2.19
M0118978,Y,46,7,424243.74,3,4,2,311297.92,187946.22,7.47
M0118979,Y,77,4,666267.43,3,6,4,355861.93,238653.6,6.9
M0118980,N,34,2,21222.2,0,0,0,6800.9,15793.4,0.0
M0118981,N,65,2,14936.66,1,0,0,3090.12,22034.31,0.45
M0118982,N,56,2,9196.57,0,0,0,2091.38,8611.23,0.84
M0118983,Y,53,5,334647.45,3,4,5,143101.09,187520.92,7.25
M0118984,N,72,0,13717.94,1,0,1,3122.68,9107.41,1.12
M0118985,N,62,2,15112.65,0,1,0,2133.3,12378.59,0.13
M0118986,N,30,0,4707.03,0,0,0,2495.53,5210.26,1.8
M0118987,N,25,1,15459.0,0,2,1,4382.54,8121.3,2.22
M0118988,N,45,1,21458.75,0,2,0,5573.61,11540.76,0.28
M0118989,N,44,0,12166.18,0,1,0,11133.9,7242.67,0.91
M0118990,N,60,1,3936.19,1,0,0,240.0,5505.26,0.92
M0118991,N,29,2,14633.11,0,3,0,9505.44,7716.48,0.61
M0118992,N,71,1,7461.87,0,1,1,704.35,8127.12,0.94
M0118993,N,71,1,19846.21,0,0,1,3728.3,18065.71,2.14
M0118994,N,64,1,18434.74,0,1,0,4149.85,24386.37,2.23
M0118995,N,49,3,4118.15,1,1,0,2734.1,4088.85,0.81
M0118996,N,23,1,18369.31,1,1,0,5004.92,18470.18,2.44
M0118997,N,29,0,5359.72,0,1,1,3795.79,1367.45,2.05
M0118998,N,51,2,18764.92,0,1,0,1970.13,22897.46,1.03
M0118999,N,44,2,12430.3,0,1,0,10590.49,3516.5,0.17
M0119000,N,80,1,10337.61,0,2,0,1868.82,9181.1,2.54
M0119001,N,20,0,20909.67,0,0,0,2970.58,17587.9,1.09
M0119002,N,40,1,27488.4,1,2,1,4592.4,20066.35,1.89
M0119003,N,65,0,6510.95,1,0,2,2170.14,3270.67,0.62
M0119004,N,42,2,10442.3,0,0,0,5752.68,4703.06,0.71
M0119005,N,52,0,7225.86,0,0,1,2157.94,5149.1,0.87
M0119006,N,44,1,3474.27,1,0,2,1604.03,2181.08,3.27
M0119007,N,68,0,7134.43,1,0,1,1241.8,6042.93,0.0
M0119008,N,51,1,13095.15,0,0,0,2774.65,12674.44,0.0
M0119009,N,57,0,19242.68,0,1,0,1223.39,21165.5,0.39
M0119010,N,32,0,12641.56,0,1,2,4985.07,10376.0,1.31
M0119011,N,46,2,8280.79,0,0,0,6373.89,2097.59,0.53
M0119012,N,43,0,11506.08,0,0,0,4506.31,4822.69,1.13
M0119013,N,33,0,7846.69,0,0,1,2236.47,10357.72,0.0
M0119014,N,53,1,10064.71,0,1,0,1891.32,6004.92,0.25
M0119015,N,23,2,21750.67,1,1,2,1657.84,23029.27,1.77
M0119016,N,73,0,14295.44,1,2,0,3801.16,7685.36,1.53
M0119017,N,59,0,4898.99,0,0,1,2239.62,3766.31,0.0
M0119018,N,31,0,8044.27,0,0,0,4683.57,4573.39,0.0
M0119019,N,50,0,8352.9,1,0,0,4084.96,9204.16,1.52
M0119020,N,29,0,7608.24,1,0,0,1877.02,7868.17,0.84
M0119021,N,51,0,13479.82,0,0,0,4910.12,9434.69,0.0
M0119022,N,21,1,6481.44,0,0,1,2860.29,4132.21,2.26
M0119023,N,60,0,2865.81,0,1,0,734.08,2811.6,0.0
M0119024,N,76,0,16918.25,1,2,0,2757.78,13174.07,0.52
M0119025,N,61,0,8879.66,0,0,0,2111.19,5521.09,2.12
M0119026,N,52,0,11403.6,0,0,0,8055.1,4305.97,0.75
M0119027,N,48,1,13438.12,1,2,0,5614.21,18280.57,1.13
M0119028,N,49,0,8601.96,0,2,0,1252.48,11867.59,0.79
M0119029,N,68,0,8814.58,0,0,0,2727.11,4883.35,0.1
M0119030,N,32,0,6598.63,0,0,0,2211.96,4760.22,0.0
M0119031,N,52,1,13949.38,0,1,0,7757.82,4668.56,1.06
M0119032,N,23,0,12299.68,0,1,0,604.61,9888.97,1.0
M0119033,N,19,2,39516.41,1,1,0,20647.54,14888.0,0.75
M0119034,N,51,0,4794.99,0,1,0,2796.27,4194.45,0.4
M0119035,N,35,1,6797.67,0,0,0,2221.69,8292.94,0.41
M0119036,N,29,1,23487.55,0,0,0,3997.26,14648.49,2.22
M0119037,N,23,0,7810.27,1,0,0,1579.54,5800.86,2.35
M0119038,N,44,1,13428.3,0,1,1,686.25,18195.84,0.86
M0119039,N,45,0,3079.9,0,0,0,828.01,4505.4,0.12
M0119040,N,28,3,20682.08,0,2,0,8020.48,29465.63,1.0
M0119041,N,26,1,5423.7,0,0,0,1995.33,3442.75,0.0
M0119042,N,44,2,17860.08,0,0,0,10356.02,13553.39,1.14
M0119043,N,50,0,11591.88,0,1,1,4165.79,10146.23,1.76
M0119044,N,40,2,16436.6,0,1,0,3294.37,11173.34,1.36
M0119045,N,33,1,23326.28,1,1,0,2582.59,23698.01,1.5
M0119046,N,70,3,28685.76,1,3,0,3807.05,18610.89,2.83
M0119047,N,39,0,2738.65,0,3,0,695.76,3700.88,0.45
M0119048,N,38,1,6592.43,0,0,1,1798.52,9773.22,1.12
M0119049,N,52,2,13392.15,0,0,1,2575.53,10622.75,0.92
M0119050,N,61,2,3091.0,1,1,0,1211.09,3683.04,2.57
M0119051,N,77,0,7208.24,0,1,1,1066.74,4665.07,0.0
M0119052,N,39,1,22979.15,0,2,0,895.56,21798.57,0.0
M0119053,N,46,1,11312.1,0,0,0,5261.34,6652.12,2.84
M0119054,N,36,0,14659.09,0,1,1,2760.35,20091.22,0.0
M0119055,N,66,1,7863.28,0,1,0,943.46,5213.68,0.87
M0119056,N,22,1,11474.48,0,0,1,2588.92,6888.25,1.09
M0119057,N,41,0,3765.08,0,1,0,3508.62,2609.29,0.0
M0119058,N,26,0,5239.33,0,2,1,6153.36,2610.24,0.0
M0119059,N,32,0,5633.51,0,1,1,2079.54,6653.43,1.07
M0119060,N,43,3,16865.37,0,1,1,12494.74,14834.0,3.26
M0119061,N,22,3,40845.74,0,0,2,19774.23,16569.34,0.8
M0119062,N,67,0,5838.85,0,0,0,1538.65,3047.6,1.08
M0119063,N,42,2,22232.12,0,1,1,9703.1,12246.71,2.74
M0119064,N,34,0,10078.62,0,1,0,2294.82,8834.84,0.74
M0119065,N,37,0,5774.9,0,2,0,2154.41,2760.37,0.0
M0119066,N,24,2,20818.04,0,1,0,8773.75,13007.9,0.93
M0119067,N,45,2,16800.49,0,0,1,4961.63,9014.25,1.37
M0119068,N,23,3,14241.58,0,0,1,1776.05,13473.57,1.69
M0119069,N,53,0,12625.11,0,1,1,4102.86,7793.59,0.9
M0119070,N,34,2,17545.41,0,3,0,2039.93,22402.49,1.3
M0119071,N,26,3,10297.64,0,2,0,1575.15,7532.13,1.93
M0119072,N,59,0,6738.64,0,2,0,1938.8,4912.3,0.9
M0119073,Y,49,3,172999.99,3,3,2,75908.21,151603.59,3.71
M0119074,N,20,0,26280.44,0,2,0,1982.89,25088.37,0.9
M0119075,N,40,1,10527.32,0,2,1,2680.57,10403.35,0.27
M0119076,N,20,1,24362.34,1,1,0,4254.26,38283.71,2.03
M0119077,N,45,1,20149.17,0,0,0,1190.36,15649.77,1.86
M0119078,N,43,1,1652.58,0,0,1,668.88,1640.95,0.64
M0119079,N,36,2,9423.45,0,1,0,1047.33,8476.9,0.28
M0119080,Y,55,2,223908.33,1,3,2,50488.07,155590.17,4.8
M0119081,N,65,0,29462.74,1,2,0,5464.16,26911.85,1.02
M0119082,N,79,1,15374.74,0,2,1,2278.54,11535.66,0.55
M0119083,N,69,0,16675.44,1,0,0,3613.63,11783.33,1.08
M0119084,N,35,0,3100.38,0,0,1,1043.86,1754.59,0.67
M0119085,N,24,1,6094.58,0,1,0,2589.46,5417.14,0.53
M0119086,N,39,0,23801.77,0,0,1,967.97,23419.32,0.68
M0119087,N,46,1,25008.62,0,0,0,3046.5,21108.83,2.17
M0119088,N,66,1,17170.94,1,0,0,8390.55,22532.93,2.72
M0119089,N,45,1,9382.17,0,2,0,552.29,6987.24,1.19
M0119090,N,43,1,19551.85,0,2,0,2911.57,23513.48,1.61
M0119091,N,75,0,11534.14,0,2,0,12355.71,5723.24,1.99
M0119092,N,68,1,19865.16,0,0,0,4985.17,11144.52,1.48
M0119093,Y,67,7,256896.36,2,8,4,99388.85,247000.82,6.11
M0119094,N,45,1,6603.2,0,0,0,323.87,6680.03,0.0
M0119095,N,55,2,2776.32,0,0,0,594.62,4133.05,1.05
M0119096,N,22,1,8484.56,0,1,0,1711.2,5799.27,2.47
M0119097,Y,79,5,279980.27,2,5,8,48541.07,267227.65,2.34
M0119098,N,37,1,6183.58,0,1,1,2856.53,7726.54,1.72
M0119099,N,37,1,2784.78,0,1,0,517.41,3477.28,1.41
M0119100,Y,81,8,230909.34,3,2,7,160460.38,109004.16,4.91
M0119101,N,35,2,9427.26,1,3,1,4063.56,5108.13,2.53
M0119102,Y,73,5,137730.59,2,3,1,80660.53,98561.85,3.22
M0119103,N,30,2,14327.43,1,2,0,1152.45,10787.64,0.0
M0119104,N,55,2,11516.92,0,1,0,4104.04,5123.77,0.73
M0119105,N,58,0,3217.85,0,0,0,738.77,2708.69,0.64
M0119106,N,57,0,7531.2,0,0,0,2214.5,4372.71,1.91
M0119107,Y,80,5,246420.37,4,4,1,101918.88,104420.73,4.65
M0119108,N,78,0,7596.15,0,0,0,1577.15,6928.66,1.07
M0119109,N,72,0,4995.0,0,1,0,1115.78,5099.35,0.0
M0119110,N,34,1,39813.33,0,1,0,17014.07,15068.24,2.16
M0119111,N,32,1,11339.76,0,2,0,2530.96,11162.95,1.85
M0119112,N,71,2,7397.82,0,1,1,2259.98,7821.76,2.05
M0119113,N,73,2,12237.08,0,0,0,3646.1,7177.08,0.69
M0119114,N,79,1,8877.16,0,2,0,3448.17,7618.87,2.22
M0119115,N,49,0,13575.85,0,0,0,8280.84,15306.2,1.85
M0119116,N,52,0,2498.47,0,0,0,715.62,1910.82,0.0
M0119117,N,26,1,7844.46,0,1,0,3575.88,9079.96,0.0
M0119118,N,51,2,70697.62,1,4,0,44870.85,13036.11,2.7
M0119119,N,63,0,6488.24,0,0,0,1598.17,3747.29,0.0
M0119120,N,32,1,11681.02,0,0,0,1098.15,8141.22,1.25
M0119121,N,64,0,9447.38,0,1,1,11088.6,5273.04,1.38
M0119122,N,60,1,21908.46,0,0,0,6144.7,11669.44,2.06
M0119123,N,26,1,6645.24,0,1,0,1093.29,4959.24,0.0
M0119124,N,51,1,5345.63,0,0,1,1690.51,2885.5,0.55
M0119125,N,64,0,5822.92,0,0,0,2279.85,4207.28,1.14
M0119126,N,39,1,34612.61,1,0,0,12885.81,37198.66,2.31
M0119127,N,34,1,7412.7,0,0,0,1673.25,8280.33,0.0
M0119128,N,49,0,13050.74,0,0,0,1024.51,11895.31,1.73
M0119129,N,65,2,13849.69,0,1,0,8393.84,10848.22,1.62
M0119130,N,42,2,47072.11,0,2,1,3501.82,33363.24,2.05
M0119131,N,47,2,12975.63,1,0,0,4621.18,8356.14,0.54
M0119132,N,63,1,7364.07,0,1,0,1145.02,5093.6,1.98
M0119133,N,35,0,11079.03,0,1,0,5714.56,12989.97,1.6
M0119134,N,78,1,18623.05,0,1,1,12846.3,10158.91,1.46
M0119135,N,18,0,9032.07,0,1,0,3786.93,10724.04,2.01
M0119136,N,59,0,14117.59,0,0,0,4241.49,7496.79,1.08
M0119137,N,52,0,12469.69,0,0,0,480.11,12754.26,0.0
M0119138,N,22,0,12833.78,0,0,0,12163.78,7205.87,0.93
M0119139,N,45,0,8769.11,0,1,0,6131.25,3073.94,0.5
M0119140,N,22,0,4316.77,0,1,0,1200.8,5436.8,1.35
M0119141,N,24,1,9692.62,1,0,1,2596.66,7844.29,0.5
M0119142,N,50,0,8419.92,0,0,0,2931.86,5537.1,0.0
M0119143,N,49,3,7091.72,1,1,0,5478.65,4961.71,0.53
M0119144,N,69,2,5370.15,0,0,0,3144.69,1157.22,0.83
M0119145,N,64,0,9534.88,0,0,0,3555.32,8120.41,0.65
M0119146,N,69,0,7240.93,0,1,1,629.72,10474.42,0.74
M0119147,N,79,1,29958.73,0,2,1,8493.4,41994.86,0.0
M0119148,N,64,1,13363.22,0,2,3,2772.14,14749.2,1.71
M0119149,N,55,1,10130.45,1,1,1,2569.6,5849.65,1.6
M0119150,N,41,1,11569.81,0,1,0,729.44,12442.48,1.99
M0119151,N,31,1,18291.1,0,0,0,1591.0,28175.83,0.82
M0119152,N,47,2,6588.69,0,1,1,3625.93,6568.63,0.87
M0119153,N,54,1,38324.68,0,2,1,10279.56,26083.42,1.4
M0119154,N,77,0,23615.8,1,1,0,3969.25,20694.2,1.26
M0119155,N,44,0,3466.54,0,0,0,625.2,4879.73,0.0
M0119156,N,66,0,15386.22,0,0,0,1755.07,12533.69,0.51
M0119157,N,19,0,21863.33,1,2,0,3597.11,21474.42,1.06
M0119158,N,78,1,5396.15,0,0,0,2264.67,5865.85,0.32
M0119159,N,74,2,31644.66,1,3,0,4474.18,25499.84,1.58
M0119160,N,52,1,14058.64,0,1,0,4004.59,7995.62,0.0
M0119161,N,50,2,8741.16,1,0,1,1387.19,6981.25,0.39
M0119162,N,23,0,4797.51,0,2,0,1694.27,5531.98,1.72
M0119163,N,20,0,4463.3,0,0,0,714.12,3276.03,0.98
M0119164,N,65,0,2184.37,0,1,1,1821.58,1089.98,0.46
M0119165,N,33,0,6740.08,0,0,0,4392.74,4325.89,0.0
M0119166,N,43,0,8275.38,0,0,0,3802.78,10844.12,0.1
M0119167,N,25,0,9425.33,1,0,0,2133.92,5776.04,2.6
M0119168,N,30,1,7428.25,0,0,0,1492.42,5519.85,0.0
M0119169,N,43,0,30504.82,0,0,0,11680.35,43520.4,0.0
M0119170,N,23,0,6823.49,1,1,2,979.22,5794.31,0.61
M0119171,N,36,0,5434.53,0,0,0,1259.73,5584.34,0.0
M0119172,N,78,0,3728.01,0,0,1,1916.79,3795.24,1.88
M0119173,N,67,2,18074.01,0,1,0,3943.33,15598.04,0.25
M0119174,N,49,0,4982.73,0,2,1,1186.11,4369.5,0.77
M0119175,N,77,1,8197.24,0,0,1,4255.32,3931.03,0.25
M0119176,N,61,0,15874.31,1,1,0,3379.5,9420.29,2.06
M0119177,N,54,0,10903.93,0,0,0,1742.34,9388.41,0.0
M0119178,N,30,0,8636.08,0,3,0,4980.49,7188.49,0.74
M0119179,N,22,2,4885.73,0,1,0,771.0,4588.01,1.52
M0119180,N,58,2,3471.28,0,0,0,2372.47,2670.42,1.15
M0119181,N,23,0,7803.41,0,0,0,1631.92,9091.96,0.37
M0119182,N,37,2,17459.49,0,1,1,5447.63,11771.6,0.59
M0119183,N,22,0,9072.12,0,0,0,2489.43,8449.61,2.31
M0119184,N,28,3,17672.57,2,0,1,6993.22,8642.24,0.73
M0119185,N,33,2,5521.13,0,1,0,3469.26,1752.36,1.51
M0119186,N,35,0,8804.67,0,2,0,1086.07,8308.16,0.0
M0119187,N,42,1,14605.82,0,0,0,2025.1,14431.72,0.76
M0119188,N,71,0,5472.37,0,0,0,1346.26,5426.88,0.0
M0119189,N,59,1,26978.86,0,1,0,6154.9,16667.94,0.65
M0119190,N,31,2,39702.69,0,2,0,5283.97,26490.59,2.01
M0119191,N,66,1,4362.26,1,0,0,4179.2,2496.97,1.02
M0119192,N,38,2,31645.54,0,0,0,2218.45,31981.37,3.35
M0119193,N,18,0,16553.09,0,0,0,6885.42,6370.19,0.36
M0119194,N,61,0,7510.73,1,0,1,3152.14,5375.29,2.96
M0119195,N,65,0,5297.84,0,1,0,1095.32,6617.16,0.83
M0119196,N,68,1,12632.05,0,0,0,2006.27,8041.29,0.0
M0119197,N,64,1,24258.94,0,3,0,7639.66,12059.22,2.94
M0119198,N,77,0,11414.93,0,1,0,4439.8,7495.15,0.99
M0119199,N,24,0,4982.51,0,1,0,857.73,4792.43,1.6
M0119200,N,35,2,7904.4,0,1,2,2280.96,8378.29,0.84
M0119201,N,77,1,5568.7,0,0,1,1885.0,4906.18,1.6
M0119202,N,46,2,9570.31,0,1,0,1243.66,15615.13,0.16
M0119203,N,21,0,4581.67,0,0,0,3155.65,2842.1,0.0
M0119204,N,74,0,10544.15,0,1,0,1110.46,12567.67,1.17
M0119205,N,54,2,12280.48,0,1,2,2778.61,11894.93,1.47
M0119206,N,78,0,4994.29,0,1,0,984.05,5238.4,0.01
M0119207,N,31,3,11148.98,0,0,0,1150.46,13044.01,1.5
M0119208,N,65,0,8126.06,0,0,0,3770.45,3736.08,1.42
M0119209,N,60,2,15832.46,1,0,0,2304.32,11829.6,0.66
M0119210,N,53,2,10926.55,0,2,0,2653.63,11440.1,1.66
M0119211,N,74,2,24176.05,0,0,1,8267.27,11577.34,0.84
M0119212,N,47,0,22253.54,1,2,0,6323.57,15749.48,1.13
M0119213,N,49,0,5094.78,2,0,0,1947.76,2214.7,0.47
M0119214,N,80,0,14762.89,0,1,0,4947.32,10986.14,1.31
M0119215,N,80,1,11286.6,0,1,0,1395.48,9103.83,1.65
M0119216,N,22,0,12175.84,0,1,1,2591.95,8143.96,0.0
M0119217,N,53,2,7907.21,1,2,0,2744.22,4989.69,2.18
M0119218,N,46,0,7713.99,0,1,0,4051.38,5355.65,0.35
M0119219,N,21,3,11573.91,2,0,0,444.7,9811.89,0.95
M0119220,N,27,0,14911.93,0,0,0,7305.95,7585.95,0.56
M0119221,N,48,0,21535.89,0,0,0,1582.29,28087.22,0.0
M0119222,N,79,0,13035.86,0,0,1,4614.69,6187.66,1.45
M0119223,N,60,0,3538.29,0,2,0,1497.81,1770.42,1.54
M0119224,N,64,1,18330.24,0,1,0,5942.65,13004.35,1.29
M0119225,N,40,0,13505.78,0,1,0,1481.86,9210.92,1.44
M0119226,N,52,0,7206.49,0,0,0,2038.19,5004.17,1.43
M0119227,N,20,3,13485.1,0,0,2,1563.55,17677.8,1.52
M0119228,N,54,1,8723.0,1,1,0,2528.19,8939.42,0.41
M0119229,N,70,2,18549.47,1,0,1,3047.14,15174.48,1.79
M0119230,N,66,1,4680.26,1,1,1,1107.86,5434.87,0.41
M0119231,N,42,2,8389.61,0,0,0,2485.5,9305.86,1.03
M0119232,N,56,0,12153.58,0,0,1,2491.64,11381.66,2.41
M0119233,N,45,3,22252.93,0,0,0,2166.14,18190.3,1.13
M0119234,N,24,1,25365.17,0,0,0,6885.11,26703.31,0.93
M0119235,N,73,0,7863.27,0,0,0,827.27,8595.61,0.88
M0119236,N,44,0,21182.78,1,2,1,2310.67,18850.26,0.3
M0119237,N,42,2,8732.46,0,0,0,1401.5,10575.01,1.93
M0119238,N,22,1,7348.24,0,0,0,4007.59,6490.82,0.0
M0119239,N,76,0,10748.14,0,0,0,2923.8,5506.33,0.93
M0119240,N,80,0,5597.57,0,1,0,1070.06,4201.39,0.0
M0119241,N,65,1,16279.61,1,1,0,2356.25,25308.21,0.12
M0119242,N,19,0,8871.05,0,1,0,4896.63,2308.55,1.32
M0119243,N,42,2,16868.12,0,0,0,5241.18,9269.78,2.3
M0119244,N,31,1,6437.36,1,0,1,2190.33,5476.94,1.3
M0119245,N,63,0,3500.87,0,2,0,1871.25,2234.74,0.0
M0119246,N,45,0,23520.28,0,0,0,6001.17,13752.22,1.48
M0119247,N,65,1,27714.1,1,0,0,826.92,22435.21,1.09
M0119248,Y,70,6,483586.15,2,5,2,105380.51,330713.15,6.43
M0119249,N,78,0,8582.33,1,2,0,2613.06,8170.46,1.01
M0119250,N,79,1,7999.36,0,0,1,2728.88,9685.91,1.28
M0119251,N,64,1,8294.29,0,1,0,6142.08,5647.15,1.06
M0119252,N,45,0,11575.97,0,2,0,4745.6,5309.88,1.66
M0119253,N,53,2,5453.43,0,0,1,1528.77,8366.32,0.04
M0119254,N,62,1,4517.05,0,1,0,2401.43,2222.78,0.0
M0119255,N,49,2,26041.89,1,2,1,6545.47,15196.79,1.65
M0119256,N,50,2,5564.72,0,1,0,2752.86,4908.46,0.0
M0119257,N,75,2,8328.67,0,0,1,5254.22,6373.04,0.09
M0119258,N,46,1,16996.92,0,1,0,6408.42,7121.5,0.12
M0119259,N,70,1,17801.68,0,2,1,1837.21,19342.38,0.0
M0119260,N,78,0,14756.84,1,3,2,1832.06,15083.93,2.61
M0119261,N,32,0,3078.55,0,0,0,712.3,4600.87,0.22
M0119262,N,25,2,3721.67,0,1,0,1693.49,3028.1,0.52
M0119263,N,55,1,5865.09,1,1,0,2702.22,3926.01,1.08
M0119264,N,43,1,29579.93,0,0,0,1835.47,27422.38,1.6
M0119265,N,27,1,9278.15,0,1,0,1340.01,7808.83,2.26
M0119266,N,64,2,3487.05,0,1,0,915.67,4478.19,0.85
M0119267,N,21,1,6598.57,1,0,0,2456.43,6108.05,0.5
M0119268,N,22,0,14442.27,0,2,0,725.57,13535.14,0.6
M0119269,N,59,1,85163.41,1,2,0,16108.1,62876.21,0.44
M0119270,N,24,0,4267.51,0,0,0,3878.9,2203.52,0.45
M0119271,N,51,2,25821.89,0,1,1,1974.69,36259.53,0.0
M0119272,N,30,0,6881.42,0,0,0,1784.68,4840.07,0.0
M0119273,N,75,1,10822.08,0,0,0,4898.76,6495.63,2.57
M0119274,N,60,0,8143.82,1,0,0,5511.49,7225.09,2.24
M0119275,N,68,3,12892.51,0,0,0,4307.84,6329.4,1.94
M0119276,N,31,1,16487.74,1,0,0,4621.76,19763.4,0.0
M0119277,N,71,0,6061.46,0,0,0,700.43,7501.31,2.01
M0119278,N,33,0,6850.46,0,0,0,2105.19,9524.41,2.57
M0119279,N,55,0,25169.62,0,0,0,9296.71,11600.21,1.88
M0119280,N,61,2,11565.65,0,1,0,8001.04,6214.3,1.15
M0119281,N,75,1,18495.08,0,1,0,7438.22,8968.28,0.84
M0119282,N,61,3,32489.79,1,3,1,7012.93,23738.84,1.56
M0119283,N,43,2,31356.44,0,0,3,3678.25,26118.96,1.29
M0119284,N,41,1,8635.93,1,1,0,2909.23,10405.41,0.48
M0119285,N,49,2,6006.19,0,1,1,1348.31,5320.56,0.37
M0119286,N,37,1,5042.3,0,1,0,4088.15,4891.79,0.68
M0119287,N,45,0,11992.91,0,0,0,2410.67,6993.18,1.42
M0119288,N,45,0,2843.45,2,0,0,2073.19,2278.78,1.64
M0119289,N,64,0,9748.74,0,1,0,1748.23,8437.3,0.0
M0119290,N,27,1,14362.08,0,1,0,3482.9,9728.92,1.58
M0119291,Y,85,3,383045.14,1,4,6,190743.18,130474.18,5.07
M0119292,N,47,0,8705.34,0,1,0,4469.15,4895.21,0.06
M0119293,N,32,0,11460.25,0,2,1,2509.8,11769.89,1.53
M0119294,N,58,2,18253.51,0,2,0,8430.74,12748.99,0.0
M0119295,N,18,2,9422.43,0,1,0,1784.2,8320.44,1.94
M0119296,N,52,0,15841.81,0,1,0,2831.7,16066.36,1.3
M0119297,N,29,0,4638.31,0,1,1,1134.81,6038.47,1.06
M0119298,N,56,0,4625.15,0,0,0,1748.87,5893.0,0.87
M0119299,N,73,1,13462.25,0,1,0,1499.07,17352.7,0.41
M0119300,N,38,1,5001.73,0,0,0,2209.38,3731.08,0.6
M0119301,N,21,2,18883.6,0,0,0,2069.17,22063.35,1.15
M0119302,N,20,0,2972.07,1,1,0,1920.02,3084.12,0.0
M0119303,N,54,0,4263.48,0,0,0,3093.68,1976.9,1.01
M0119304,N,52,3,13273.41,0,0,1,638.73,15945.04,1.6
M0119305,N,43,0,5078.33,1,0,0,735.07,3443.86,1.17
M0119306,N,21,1,20793.73,1,2,1,13504.8,11449.61,2.25
M0119307,N,45,0,10315.48,0,0,0,6933.69,8390.16,0.71
M0119308,Y,74,7,174884.6,3,2,1,123248.82,73648.82,5.62
M0119309,N,47,1,26175.82,0,1,0,4896.54,22573.23,2.15
M0119310,Y,43,5,702153.75,3,2,4,235559.93,388321.4,5.15
M0119311,N,31,0,4371.48,0,0,0,3164.43,3377.98,0.0
M0119312,N,72,1,5225.09,0,1,1,1186.93,4092.71,0.69
M0119313,Y,67,2,273649.04,3,5,6,191816.66,181311.5,5.29
M0119314,N,19,3,10832.43,0,1,1,1708.48,10800.28,0.0
M0119315,N,18,0,12619.86,0,0,0,4079.46,6284.34,0.7
M0119316,N,23,1,2462.4,0,0,0,1931.43,2502.81,2.17
M0119317,N,67,3,14860.3,0,0,0,6321.91,6527.62,0.19
M0119318,N,68,0,4299.49,0,0,0,853.73,2613.84,0.0
M0119319,N,47,0,9463.65,0,1,1,3632.2,8022.79,1.14
M0119320,N,27,3,10619.32,0,0,0,6267.39,6464.04,0.89
M0119321,N,32,1,26276.16,0,0,0,872.89,21624.77,0.0
M0119322,N,57,2,8992.21,0,1,1,4069.62,11692.81,1.5
M0119323,N,46,0,19473.25,0,0,0,882.59,21115.7,2.44
M0119324,N,29,1,27858.76,0,3,1,6098.07,17643.87,1.31
M0119325,N,36,1,13525.12,0,2,1,1762.24,17387.99,1.02
M0119326,N,68,0,24441.35,0,1,1,603.3,18536.6,0.93
M0119327,N,44,0,9935.51,0,1,0,4514.89,6691.43,0.35
M0119328,N,51,1,6219.8,0,0,0,3239.83,3380.76,0.0
M0119329,N,27,0,6926.12,0,1,0,383.43,5734.34,0.39
M0119330,N,38,1,9500.33,1,1,0,1462.78,12157.85,2.14
M0119331,N,46,2,4980.93,0,1,0,2435.11,6275.04,0.98
M0119332,N,50,0,9874.09,1,0,0,811.39,11885.07,0.07
M0119333,Y,65,7,349497.6,4,5,5,243125.06,209148.03,8.77
M0119334,N,72,1,7966.32,0,1,0,1152.79,5492.98,0.55
M0119335,N,59,2,12329.56,0,1,1,7191.56,9687.04,0.97
M0119336,N,77,3,19681.13,0,0,0,14474.41,15589.28,2.03
M0119337,N,47,2,17169.12,0,1,1,2045.92,17859.71,0.7
M0119338,Y,46,7,203574.69,2,4,4,110191.03,105491.87,6.54
M0119339,N,55,1,4378.3,0,1,1,2781.43,2797.33,1.83
M0119340,N,27,1,18571.37,0,2,1,3636.39,12248.23,1.55
M0119341,N,19,0,8530.56,0,0,0,3363.53,3504.42,0.55
M0119342,N,74,1,22174.73,1,2,0,5010.43,20563.03,2.42
M0119343,N,32,2,5643.75,0,1,0,1627.81,7258.69,0.82
M0119344,N,30,2,28823.54,0,1,1,6767.62,15931.64,2.38
M0119345,N,67,0,10470.87,0,0,0,2008.39,8783.42,0.43
M0119346,N,53,1,9348.78,0,0,0,3231.76,4413.42,0.78
M0119347,N,79,1,12644.07,0,0,0,1525.83,11118.98,1.56
M0119348,N,18,1,18199.87,0,0,0,9900.93,5880.76,1.55
M0119349,N,65,2,6839.9,0,0,0,3060.22,8479.42,1.17
M0119350,N,32,0,8586.96,0,0,1,3879.0,5655.44,1.64
M0119351,N,57,2,18451.28,0,0,0,2685.33,13432.9,1.76
M0119352,N,53,1,5140.63,0,0,1,1592.04,5508.06,0.0
M0119353,N,51,3,44907.12,0,2,2,8504.6,61696.67,1.2
M0119354,N,76,0,7861.1,0,0,0,1175.59,9843.22,0.3
M0119355,N,75,2,16267.37,0,0,0,3854.73,10617.8,1.11
M0119356,N,31,2,10223.33,0,0,2,1551.52,7274.3,0.57
M0119357,N,26,1,13106.68,0,0,1,9249.92,14178.8,2.69
M0119358,N,21,0,9821.6,1,1,1,2465.76,7565.21,1.02
M0119359,N,70,0,10121.72,2,1,1,5878.71,12239.46,2.17
M0119360,N,77,2,21706.73,0,2,0,11079.12,15441.11,2.06
M0119361,N,29,1,9495.36,0,0,1,4834.58,6968.82,0.66
M0119362,N,68,1,9365.35,0,1,0,4893.15,8531.89,1.26
M0119363,N,38,2,10872.83,0,1,1,8282.78,6313.93,1.21
M0119364,N,78,0,6870.93,0,0,0,1748.23,4797.99,0.47
M0119365,N,28,0,3684.0,0,0,1,1311.36,5106.31,1.01
M0119366,N,20,1,6047.28,0,0,0,739.16,4587.09,0.22
M0119367,N,25,1,13434.4,0,0,0,3313.61,7528.06,0.86
M0119368,N,57,1,7532.7,0,0,1,1956.62,4299.18,0.01
M0119369,N,24,1,9666.77,0,0,0,1757.26,7748.34,2.26
M0119370,N,41,1,6088.21,0,1,1,640.14,6397.76,1.21
M0119371,N,24,1,10801.75,0,0,0,1339.84,7219.42,0.03
M0119372,N,21,2,7776.9,0,1,0,6439.47,5529.74,0.08
M0119373,N,71,2,21515.69,1,2,1,6812.73,23072.86,2.42
M0119374,N,36,1,15104.9,0,0,0,3142.61,13632.24,1.16
M0119375,N,67,1,23212.46,0,0,0,1474.2,16683.08,0.57
M0119376,N,42,1,13488.31,0,0,0,3233.63,10851.05,0.6
M0119377,N,74,1,6641.94,0,1,0,2877.35,7238.96,1.76
M0119378,N,47,1,7815.86,0,0,0,3610.4,7768.48,1.7
M0119379,N,61,3,14455.18,1,0,1,1776.47,13572.61,1.12
M0119380,N,67,3,7575.29,0,1,0,6680.61,6058.95,1.59
M0119381,N,47,0,9600.38,0,2,0,788.6,7618.58,0.0
M0119382,N,58,0,10886.66,0,0,0,3719.33,6183.23,0.72
M0119383,N,55,1,6771.54,0,0,0,1347.3,6691.18,1.4
M0119384,N,50,1,27455.22,0,0,0,13427.91,12514.31,3.27
M0119385,N,49,0,7410.05,0,3,0,1160.18,6768.99,1.33
M0119386,N,53,1,29423.23,0,1,0,3053.44,20221.15,0.0
M0119387,N,48,1,22150.77,3,1,0,3517.25,30102.42,1.74
M0119388,N,26,0,5012.46,0,0,0,1502.34,3914.58,0.49
M0119389,N,68,2,8281.0,0,0,1,2179.91,10437.36,1.54
M0119390,N,70,0,3726.91,0,0,0,621.49,3186.53,0.14
M0119391,N,63,1,7618.09,0,1,0,1199.03,5537.2,0.0
M0119392,N,77,2,9661.36,0,1,0,3163.42,12144.7,0.0
M0119393,N,68,1,8965.45,0,1,0,4295.14,9096.56,2.39
M0119394,N,37,2,10469.13,0,0,0,3215.29,11827.11,3.71
M0119395,N,72,5,29352.41,0,1,0,8603.34,29900.17,1.09
M0119396,N,72,1,12450.13,0,0,0,1702.79,17828.94,0.0
M0119397,N,57,2,27210.92,2,1,0,6369.2,15636.51,1.01
M0119398,N,80,1,14504.47,0,0,0,9042.76,7296.48,1.55
M0119399,N,46,0,9382.8,1,2,0,6698.73,6061.59,0.0
M0119400,N,78,2,25418.2,0,3,1,9662.55,28032.42,2.11
M0119401,N,45,2,31611.77,0,1,1,6373.62,19014.6,0.94
M0119402,N,19,0,2864.6,0,1,1,1225.84,3200.46,0.45
M0119403,N,48,1,22473.76,0,1,1,7266.24,13107.03,1.65
M0119404,N,23,1,5813.81,0,0,1,3681.8,6481.75,1.35
M0119405,N,80,0,8950.04,0,0,0,2546.53,9448.0,1.67
M0119406,N,59,1,4188.29,1,1,0,2797.85,2953.1,1.49
M0119407,N,34,1,9353.18,0,1,1,3913.21,7893.97,1.4
M0119408,N,63,1,7566.24,0,0,0,5619.89,1619.7,0.27
M0119409,N,65,2,10804.37,0,0,0,2526.03,8206.61,2.44
M0119410,N,28,0,18206.94,0,0,0,8961.38,5892.02,0.45
M0119411,N,69,3,24198.21,0,1,0,7662.39,17521.25,2.8
M0119412,N,28,1,4044.1,0,1,1,4469.7,2705.09,2.6
M0119413,N,39,2,35172.68,2,3,0,6476.04,26654.58,2.35
M0119414,N,75,0,5275.32,1,0,0,498.67,4187.86,0.0
M0119415,N,33,1,10447.77,0,1,1,6634.51,8758.48,0.8
M0119416,N,20,1,13538.05,0,1,0,3591.83,9879.59,1.25
M0119417,N,37,1,7875.46,0,0,0,2995.42,7812.66,1.39
M0119418,N,35,0,8591.81,0,0,1,5607.96,2000.73,1.07
M0119419,N,79,0,10184.11,0,0,0,2843.73,6700.03,0.0
M0119420,N,20,1,4218.85,0,0,0,2128.03,5288.66,1.32
M0119421,N,68,0,6516.71,0,1,0,2011.39,4456.16,0.79
M0119422,N,34,0,15600.94,1,2,1,1066.07,12163.65,1.07
M0119423,N,43,2,13107.65,0,0,0,7634.13,10012.29,0.1
M0119424,N,37,0,8053.5,1,0,0,1155.45,12104.43,0.58
M0119425,N,29,1,11628.18,0,2,0,3633.9,6614.54,0.0
M0119426,N,76,1,11637.71,0,0,0,3072.77,16403.05,0.88
M0119427,N,22,2,22780.65,1,1,0,3631.48,23308.65,1.52
M0119428,N,58,1,8737.11,0,2,1,2630.17,6941.31,0.69
M0119429,Y,81,4,320742.32,3,7,7,180830.05,109731.29,7.8
M0119430,N,68,0,4351.94,0,0,0,2718.76,3361.28,1.42
M0119431,N,59,0,10872.1,0,0,2,2081.31,14955.06,0.78
M0119432,N,45,1,6835.82,0,0,0,532.17,5941.29,1.8
M0119433,N,49,3,10601.7,0,1,0,2801.07,5874.96,2.17
M0119434,N,23,2,11983.68,0,1,0,3625.55,9958.27,1.16
M0119435,N,31,1,28244.9,0,1,1,5453.19,19729.03,1.5
M0119436,N,60,3,29218.39,1,2,1,5864.68,45120.3,3.01
M0119437,N,56,3,61537.0,0,3,1,3411.33,57092.65,2.34
M0119438,N,46,0,6494.02,1,0,0,1199.44,7282.29,3.08
M0119439,N,60,0,13048.29,0,1,0,4388.85,7356.21,0.51
M0119440,N,22,0,7829.23,0,0,0,1563.01,4999.25,0.48
M0119441,N,56,0,6511.86,0,1,0,1992.15,3423.31,0.77
M0119442,N,55,1,38512.3,0,0,0,2297.4,30048.26,0.0
M0119443,N,54,0,18366.78,0,1,0,3529.84,20604.96,0.12
M0119444,N,26,2,42608.15,0,2,0,1751.93,47590.69,3.51
M0119445,N,29,0,38656.0,0,1,1,3505.64,31168.3,1.52
M0119446,N,27,2,11076.07,0,1,0,1061.75,9655.84,0.47
M0119447,N,73,0,9567.2,0,1,0,887.78,6605.92,0.68
M0119448,N,77,0,6376.9,0,2,0,1667.53,5727.32,1.07
M0119449,N,24,0,5859.11,0,0,0,5089.21,3689.94,0.95
M0119450,N,57,1,7443.49,1,0,0,3288.25,6903.63,0.25
M0119451,N,28,1,21255.21,0,2,0,3562.87,15747.22,0.83
M0119452,N,67,0,11358.45,0,0,0,1021.78,15072.66,0.64
M0119453,Y,86,5,273447.36,3,2,3,158703.94,131782.28,2.32
M0119454,N,28,0,15769.87,0,0,1,3729.3,9710.77,1.3
M0119455,N,75,4,11949.88,0,0,0,7384.38,3394.26,0.09
M0119456,Y,41,5,320329.23,2,6,1,132987.08,145423.81,4.84
M0119457,N,52,2,8786.66,0,0,0,3672.26,5761.67,1.91
M0119458,N,23,1,18290.21,1,1,1,3658.25,11439.91,1.26
M0119459,N,34,0,3175.94,0,0,1,1225.79,4268.15,1.12
M0119460,N,47,0,10394.91,0,1,0,9162.7,4052.38,1.69
M0119461,N,72,1,12362.32,0,2,1,3948.72,14881.59,1.38
M0119462,N,23,1,4912.72,0,1,1,1852.46,2375.64,0.22
M0119463,Y,75,5,128633.75,2,3,1,43815.96,122664.39,2.82
M0119464,N,75,2,11344.03,1,0,0,2912.41,8816.95,0.34
M0119465,N,75,1,17803.24,0,1,0,10647.26,6026.4,2.01
M0119466,N,26,0,7110.43,0,0,0,2713.04,4658.57,0.78
M0119467,N,53,0,8598.63,1,0,1,800.34,7378.64,1.09
M0119468,N,48,0,4551.52,0,0,0,2304.08,3419.06,0.68
M0119469,N,53,0,5296.38,0,0,0,2189.38,3972.78,0.59
M0119470,N,61,0,4192.59,0,3,0,1394.54,4949.24,1.8
M0119471,N,61,0,10817.45,0,1,1,3535.69,13151.34,0.34
M0119472,N,63,0,22930.1,0,0,0,12090.95,9304.65,1.19
M0119473,N,72,2,15751.43,0,1,0,2779.73,11691.62,0.05
M0119474,N,65,1,10037.77,0,0,0,903.15,7103.49,0.51
M0119475,N,75,1,20808.96,0,2,0,1511.35,21430.01,1.14
M0119476,N,79,2,4307.29,0,0,1,1958.9,5186.99,0.01
M0119477,N,63,1,7032.81,0,0,0,1251.78,8427.19,0.86
M0119478,Y,36,5,344569.43,2,5,4,117378.42,186312.87,7.01
M0119479,N,41,0,21098.65,0,0,1,3937.69,14606.5,1.35
M0119480,N,40,0,19072.1,0,1,1,7405.92,13875.63,0.69
M0119481,N,48,1,23159.91,0,1,0,11034.08,16546.64,0.58
M0119482,N,18,2,3715.49,0,0,0,1348.45,3951.69,0.68
M0119483,N,77,1,8289.43,0,0,0,6910.59,5514.46,1.98
M0119484,N,54,1,25134.43,0,0,0,7086.79,12820.9,2.12
M0119485,N,53,0,31177.39,0,1,0,2648.66,47467.23,0.79
M0119486,N,47,2,23051.95,0,1,0,1455.28,19077.35,1.45
M0119487,N,52,1,7413.33,0,1,0,9242.67,3047.68,1.25
M0119488,N,76,2,2838.48,0,0,0,882.17,2649.8,0.0
M0119489,N,39,1,12170.96,0,1,0,5303.66,5854.09,2.15
M0119490,Y,82,6,344563.03,3,6,1,73928.01,226924.1,4.69
M0119491,Y,56,6,264181.45,5,3,6,52209.93,171566.41,2.93
M0119492,N,52,0,6815.23,1,0,0,1525.44,6322.88,1.37
M0119493,N,66,1,15936.51,1,2,3,5349.36,14407.89,2.17
M0119494,N,29,0,1786.08,0,0,0,1187.56,1916.22,0.0
M0119495,N,25,1,10263.73,0,0,0,1276.07,12256.26,1.03
M0119496,N,37,1,11489.25,0,0,0,761.64,13554.85,0.0
M0119497,N,74,1,21201.08,0,1,0,2525.57,26066.81,1.29
M0119498,N,58,1,1892.92,0,0,0,978.44,1912.63,0.55
M0119499,N,70,1,19659.54,1,0,0,9442.78,12885.29,0.81
M0119500,N,53,3,20834.18,0,1,0,15827.65,5401.53,0.85
M0119501,N,56,1,4406.04,0,0,0,2297.45,4795.88,1.82
M0119502,N,26,0,4778.97,0,0,0,1840.74,2991.2,0.51
M0119503,N,64,1,28022.23,0,1,0,1960.2,35243.71,1.92
M0119504,N,57,0,3400.41,0,1,0,2498.78,2574.62,2.1
M0119505,N,52,0,3971.19,0,2,0,1071.89,5826.88,0.85
M0119506,N,45,1,5460.31,0,0,1,3936.26,4007.96,0.87
M0119507,N,44,1,15575.44,1,0,0,5929.84,11449.1,1.5
M0119508,N,21,0,26790.48,0,2,0,10482.46,16925.45,1.9
M0119509,N,79,1,43977.66,0,2,1,7409.71,31621.24,2.36
M0119510,Y,52,5,129337.81,3,3,1,52153.01,121843.57,4.25
M0119511,N,44,0,7779.22,0,0,0,4220.27,2148.97,0.76
M0119512,N,70,0,9002.43,0,0,0,1077.14,6075.54,1.16
M0119513,N,66,2,12861.48,0,1,0,4038.77,10892.89,2.45
M0119514,N,50,0,6270.46,0,0,1,1747.26,6191.31,0.08
M0119515,N,29,0,9113.04,0,0,1,5313.63,7035.48,2.21
M0119516,N,66,0,18283.51,1,1,0,3193.41,12055.52,0.69
M0119517,N,54,0,11564.06,0,0,0,2021.92,7263.14,0.0
M0119518,N,66,0,1788.1,0,0,0,1517.79,1079.58,0.21
M0119519,N,72,2,13695.31,1,0,0,1913.8,11295.98,1.64
M0119520,N,27,1,7717.47,1,1,1,1429.33,7662.34,2.34
M0119521,N,76,2,15201.79,0,2,0,1883.26,11414.63,0.19
M0119522,N,69,0,18200.57,0,0,0,19342.58,11295.99,2.21
M0119523,N,44,1,10604.36,0,0,1,746.86,8241.41,1.36
M0119524,N,55,1,17312.89,0,1,1,2179.03,12741.75,2.0
M0119525,N,38,0,20140.09,0,1,0,927.51,22341.5,0.1
M0119526,N,52,0,19479.39,0,1,1,5510.39,10943.07,0.76
M0119527,N,60,2,12885.75,0,0,0,5472.32,5454.26,0.0
M0119528,Y,51,5,327834.92,1,3,5,168231.85,223985.87,5.8
M0119529,N,62,0,10521.66,0,0,0,1808.31,7921.65,0.5
M0119530,N,60,1,21844.51,0,1,1,12303.39,5418.15,0.99
M0119531,N,18,1,5604.12,0,1,0,1789.1,3887.76,0.0
M0119532,N,68,0,12804.24,0,0,0,3100.84,15861.89,1.35
M0119533,N,61,1,5137.04,0,0,0,948.31,6752.34,0.13
M0119534,Y,49,8,429920.62,4,5,4,102425.06,285782.26,6.49
M0119535,N,22,2,14571.79,0,1,0,3434.9,22927.36,2.02
M0119536,N,48,0,8252.24,0,2,0,4389.82,7949.99,0.56
M0119537,N,25,4,29071.88,2,1,1,9909.75,34005.99,2.29
M0119538,N,44,2,12811.72,0,1,1,4068.03,9790.16,1.6
M0119539,N,46,0,7041.0,0,1,0,1853.05,3950.38,0.52
M0119540,N,44,0,9111.93,0,0,0,4201.24,4355.24,1.25
M0119541,N,30,2,9603.35,0,0,0,2780.92,13813.06,1.49
M0119542,N,22,2,12647.65,1,2,0,1362.99,17363.06,3.28
M0119543,N,35,0,11137.12,0,0,0,2720.79,8071.09,0.04
M0119544,N,72,1,16053.08,0,0,0,2215.64,11045.96,0.0
M0119545,N,50,3,7473.61,0,1,0,4496.6,5065.17,1.31
M0119546,N,54,0,42692.57,1,0,0,6234.55,28617.63,2.27
M0119547,N,64,1,21061.69,0,1,1,6169.69,29559.98,0.69
M0119548,N,37,0,23033.04,0,0,0,4712.24,14927.26,1.81
M0119549,N,70,3,9692.58,0,1,1,1358.25,11350.38,1.38
M0119550,N,19,3,6614.43,0,2,1,1615.57,10394.79,1.36
M0119551,N,74,1,8056.53,0,1,0,1517.26,4898.98,0.99
M0119552,N,22,2,2944.04,0,0,2,1742.79,2913.44,0.92
M0119553,N,53,2,28637.79,0,1,2,6541.57,21485.63,1.72
M0119554,N,75,3,6443.44,0,2,0,729.79,8246.23,1.59
M0119555,N,52,1,26532.59,1,2,0,9124.88,13118.27,0.41
M0119556,N,63,0,5937.44,0,0,0,1214.24,4573.78,1.31
M0119557,N,68,1,17725.1,0,2,1,5020.0,9488.56,1.95
M0119558,N,41,1,11072.48,0,1,0,5106.69,5238.25,1.57
M0119559,N,39,1,10197.22,0,2,0,1763.13,7480.18,0.44
M0119560,N,52,1,4586.71,0,0,0,2730.16,4486.18,0.92
M0119561,N,75,1,2938.04,0,0,0,602.61,2190.62,0.78
M0119562,N,52,1,6959.85,0,1,0,2924.93,3841.62,0.57
M0119563,N,75,0,12769.18,0,0,0,3712.36,6629.29,0.0
M0119564,N,38,2,14609.97,2,0,2,7938.17,9112.24,0.0
M0119565,N,50,3,9942.21,0,0,0,3116.24,4848.06,0.69
M0119566,N,30,1,6554.33,0,3,0,1492.6,4085.57,0.0
M0119567,N,55,0,14016.7,1,1,0,2098.24,11616.81,1.38
M0119568,N,64,2,38298.92,1,2,0,11522.59,21079.15,1.75
M0119569,N,65,3,12166.02,0,2,0,2661.12,9326.92,2.46
M0119570,N,30,1,6435.07,1,1,0,5844.93,2994.69,1.54
M0119571,N,52,0,2271.41,0,0,0,827.94,2675.08,1.6
M0119572,Y,62,4,124600.24,2,3,3,59976.1,102271.91,4.79
M0119573,N,28,0,8964.78,0,0,1,4853.99,3661.78,0.93
M0119574,N,80,1,8842.88,0,0,1,1658.07,8671.26,1.77
M0119575,N,37,1,21560.8,0,0,0,1966.71,15374.7,0.59
M0119576,N,42,2,5957.53,0,0,0,1480.86,5825.77,0.0
M0119577,N,64,0,16314.12,0,2,0,3700.68,15155.71,0.63
M0119578,N,49,3,6219.78,0,1,1,4608.35,5907.77,0.0
M0119579,Y,72,7,251486.27,2,6,3,113670.63,118338.2,6.21
M0119580,N,40,3,15155.97,1,2,1,14813.4,4266.47,1.29
M0119581,N,78,3,5128.78,0,0,1,2503.19,6035.54,1.64
M0119582,N,65,2,18441.79,0,2,2,4319.5,11479.08,2.63
M0119583,N,60,1,24884.78,1,2,1,3521.68,25402.53,1.45
M0119584,N,33,1,9563.63,0,0,0,1662.52,5960.2,0.91
M0119585,Y,64,2,108798.35,2,4,3,42484.83,90159.03,5.16
M0119586,N,48,0,22023.53,0,0,1,1524.14,21216.6,2.72
M0119587,N,27,2,6823.0,0,0,0,2768.85,4525.42,0.0
M0119588,N,22,1,10604.69,1,0,0,2633.09,15595.02,1.65
M0119589,N,56,2,18715.65,1,0,0,9050.49,6387.33,1.94
M0119590,N,22,0,12079.75,0,1,2,4959.02,15625.24,1.49
M0119591,N,42,0,5464.53,0,0,0,3802.52,2207.42,1.23
M0119592,N,62,2,8353.11,1,2,0,3156.35,9395.2,0.79
M0119593,N,70,2,15433.75,0,0,0,7751.66,11316.66,0.97
M0119594,N,37,2,10651.93,1,0,1,7920.5,4272.49,0.0
M0119595,N,18,1,16487.03,0,2,0,2992.67,18343.07,3.2
M0119596,N,50,1,7228.31,0,0,0,5223.6,4640.96,1.8
M0119597,N,50,2,24349.03,0,2,1,4685.08,32595.22,0.85
M0119598,N,28,1,10134.32,0,2,0,1796.27,10553.2,0.85
M0119599,N,59,1,9148.63,1,0,0,3345.58,5426.28,1.86
M0119600,N,70,0,20339.52,1,1,2,6133.68,10917.24,1.31
M0119601,N,33,0,10664.8,1,0,0,2320.59,10151.23,0.32
M0119602,N,55,0,15040.87,0,0,0,1490.96,12245.49,1.76
M0119603,N,42,1,13586.83,0,0,1,3609.7,8973.53,1.04
M0119604,N,78,1,18452.43,0,2,2,4254.76,13113.21,1.36
M0119605,N,44,2,15001.09,1,3,0,2709.87,16126.11,1.29
M0119606,N,46,2,3506.46,0,1,0,1389.3,4249.42,0.76
M0119607,Y,79,7,758700.25,4,5,4,148878.72,549575.33,4.64
M0119608,N,48,1,9959.24,0,0,1,3535.43,11454.71,0.86
M0119609,N,70,1,6445.66,0,0,0,2185.18,6565.93,1.84
M0119610,N,47,2,7549.3,0,1,1,2124.92,5326.75,0.3
M0119611,N,50,1,17037.68,0,0,1,7192.33,7260.4,0.57
M0119612,N,73,2,8875.82,0,0,1,1942.75,8375.73,2.12
M0119613,N,39,0,9154.96,0,0,0,747.16,6936.93,0.0
M0119614,N,20,2,4554.02,0,0,0,1779.42,3358.96,0.0
M0119615,N,67,1,11823.03,0,0,0,6774.06,6295.2,2.06
M0119616,N,79,2,5417.84,0,1,0,1800.97,3998.27,1.35
M0119617,N,33,4,20377.82,0,1,0,5345.36,15428.88,2.99
M0119618,N,69,2,25204.39,0,0,1,7462.66,18177.57,2.06
M0119619,N,43,0,19204.71,0,0,0,2856.75,21648.32,0.8
M0119620,N,37,0,40637.41,1,0,1,7631.95,24245.56,1.46
M0119621,N,76,0,5867.62,0,0,1,778.84,5677.84,1.06
M0119622,N,32,2,2377.35,0,1,0,1077.5,1408.18,0.69
M0119623,N,64,3,9580.66,0,0,0,3130.29,8618.18,2.34
M0119624,N,42,2,12921.91,0,3,0,1634.16,9172.43,1.37
M0119625,N,70,3,15179.78,0,1,1,3470.87,8726.17,1.3
M0119626,N,70,1,11926.12,0,2,1,2442.75,10050.64,0.66
M0119627,N,74,3,15262.92,1,0,1,5063.48,17273.38,2.18
M0119628,N,55,1,13583.66,0,2,1,5658.27,7531.87,0.95
M0119629,N,23,0,9947.21,0,0,1,1369.33,10575.18,0.0
M0119630,N,57,0,23982.6,1,1,0,2259.58,18322.43,0.76
M0119631,Y,37,2,176486.41,3,1,5,70016.89,142560.7,4.89
M0119632,N,66,1,15852.96,0,2,0,5698.63,13613.42,2.28
M0119633,N,46,0,6694.84,0,0,1,4373.58,2903.75,0.54
M0119634,N,28,1,6100.4,0,1,0,3690.37,2034.35,0.3
M0119635,N,78,2,5332.14,0,1,0,2629.55,2739.78,0.24
M0119636,N,70,0,4610.89,0,0,1,2501.1,2414.82,0.66
M0119637,N,60,1,11140.66,0,0,0,5096.2,7799.45,2.53
M0119638,N,46,0,30693.53,0,2,0,3251.29,20759.01,1.44
M0119639,N,62,0,4554.38,0,0,1,1371.97,6793.78,1.3
M0119640,N,73,1,28011.43,0,2,0,5220.59,20113.21,0.0
M0119641,N,35,1,21234.64,0,1,1,7250.77,16438.37,1.64
M0119642,N,50,1,6104.06,0,1,0,3072.73,3625.65,0.93
M0119643,N,75,0,4641.89,0,0,0,1630.7,4546.05,0.19
M0119644,N,73,0,16698.17,0,0,0,4536.43,11495.15,2.0
M0119645,N,61,0,11571.24,0,0,0,3983.41,12870.76,2.02
M0119646,N,20,2,43676.85,1,0,1,8819.01,28291.84,2.06
M0119647,Y,49,6,236921.9,5,3,5,138364.11,116595.74,5.22
M0119648,N,41,1,8469.16,0,0,1,1035.19,9164.48,0.0
M0119649,N,42,1,4304.63,0,0,0,2047.75,3974.53,0.81
M0119650,N,22,2,38009.62,0,0,1,4763.64,25829.09,1.89
M0119651,N,47,1,10045.83,0,0,0,939.51,6963.03,0.79
M0119652,N,41,1,9825.02,0,1,0,3115.0,4778.03,1.57
M0119653,N,59,0,2523.1,0,2,0,1821.31,2368.16,0.86
M0119654,N,22,0,11323.95,0,0,0,1137.51,8894.85,1.28
M0119655,N,32,1,10873.26,0,2,0,2781.72,6887.89,0.0
M0119656,N,77,0,10628.95,0,2,0,2961.6,5708.35,1.63
M0119657,N,52,1,14418.72,1,0,1,3273.65,8768.25,0.03
M0119658,N,19,1,9252.02,1,1,0,4846.95,2884.32,0.0
M0119659,N,47,2,18711.41,0,2,0,7674.44,11250.38,0.9
M0119660,N,31,1,10229.3,0,0,0,2359.29,8107.1,0.0
M0119661,N,27,0,14117.32,0,0,0,7231.33,10132.67,2.46
M0119662,N,59,1,7825.8,1,0,0,3934.31,5792.35,0.0
M0119663,N,54,0,5283.52,0,1,0,1458.55,3897.15,0.11
M0119664,N,19,0,12206.12,0,0,0,5921.13,5167.66,1.62
M0119665,N,49,0,4259.39,0,0,0,927.65,5292.05,0.76
M0119666,N,47,0,6252.08,0,2,0,1218.77,4123.79,2.09
M0119667,N,40,0,6104.7,1,0,1,2578.81,4818.24,1.51
M0119668,N,63,0,6829.68,0,0,0,4538.96,3809.56,0.53
M0119669,N,18,0,18614.37,2,0,0,6664.08,17376.62,2.87
M0119670,N,64,0,10851.75,0,0,1,3142.03,5811.47,1.37
M0119671,N,69,1,11274.47,0,2,1,6333.4,3213.8,1.65
M0119672,N,38,1,6976.71,0,1,0,1807.0,6680.21,1.52
M0119673,N,51,1,6719.77,0,3,1,2426.85,6205.32,2.42
M0119674,N,69,1,6154.89,1,1,0,2494.3,4064.44,0.63
M0119675,N,45,1,6477.87,0,2,0,1177.21,8358.73,2.52
M0119676,N,38,0,10561.27,0,0,0,1085.91,9783.44,1.11
M0119677,N,46,0,3393.21,2,1,0,2873.36,2643.25,0.98
M0119678,N,72,0,5812.11,0,2,0,2274.41,7588.96,1.32
M0119679,N,24,2,6457.56,0,0,0,2213.73,8181.52,0.77
M0119680,N,27,2,16381.97,0,2,0,6993.39,15514.02,1.12
M0119681,N,37,0,6061.47,1,0,0,1462.54,7778.05,2.2
M0119682,N,59,0,7677.57,1,0,0,1629.86,6417.09,1.11
M0119683,N,80,2,23105.03,0,2,1,18432.77,7233.98,1.59
M0119684,N,29,1,9205.91,0,0,0,846.09,7428.08,0.0
M0119685,N,49,2,9593.53,0,2,0,4421.39,7178.72,0.96
M0119686,N,68,1,21676.2,1,2,2,5586.02,14033.78,0.82
M0119687,N,63,0,6795.28,0,0,1,2153.51,9104.65,1.3
M0119688,N,32,1,3657.52,1,1,0,2690.97,2647.36,1.8
M0119689,N,29,0,18378.32,1,0,0,15448.42,12236.36,1.34
M0119690,N,26,1,3406.19,0,0,0,1447.72,3627.44,0.0
M0119691,Y,51,7,217369.16,2,5,3,126888.46,103597.54,5.4
M0119692,N,29,0,5642.25,0,0,1,3392.99,1542.77,0.0
M0119693,N,25,1,11084.22,0,0,0,3632.31,8390.33,1.99
M0119694,N,43,1,5627.64,0,1,0,653.9,4655.93,0.0
M0119695,N,77,1,18496.3,1,0,1,4415.97,19406.99,0.68
M0119696,N,78,1,14232.67,1,2,0,6672.16,11351.09,1.24
M0119697,Y,38,4,331627.25,4,5,5,105089.87,235569.18,6.04
M0119698,N,19,1,27797.8,0,0,0,5206.72,20678.91,1.88
M0119699,N,76,1,5435.74,0,0,0,1801.13,2591.45,0.0
M0119700,N,68,0,10284.74,0,0,0,2667.43,14733.65,1.04
M0119701,N,63,2,18750.38,1,1,0,4265.11,11029.57,0.23
M0119702,N,39,1,18479.84,0,1,0,7194.68,15248.17,1.36
M0119703,N,47,4,10755.97,0,1,0,2490.99,8107.83,1.44
M0119704,N,47,0,11589.05,0,0,1,3116.83,7309.81,1.2
M0119705,N,25,3,24094.83,0,0,0,2520.21,24317.5,1.62
M0119706,N,19,0,17334.0,0,1,0,5979.67,16389.29,2.14
M0119707,N,22,2,9401.99,0,0,1,1386.25,15121.78,0.62
M0119708,N,48,1,7438.7,0,0,0,1361.79,6246.3,1.33
M0119709,N,50,1,19848.43,0,2,1,1141.08,33151.47,1.83
M0119710,N,35,1,8658.11,0,0,2,3148.68,10330.23,0.55
M0119711,N,63,2,17754.05,1,2,0,2613.08,14257.45,1.2
M0119712,N,74,0,7406.5,0,0,0,1562.62,8714.08,0.0
M0119713,N,29,1,10833.05,0,1,0,2045.92,7014.89,0.0
M0119714,N,50,1,3890.39,0,1,0,2146.92,4915.19,0.2
M0119715,N,42,1,3300.08,0,0,1,2242.85,3443.86,1.71
M0119716,N,46,1,12801.39,1,0,0,1474.91,12711.36,0.93
M0119717,N,74,0,9060.62,0,1,2,1893.87,12380.81,1.21
M0119718,N,71,0,23707.19,0,1,0,3174.22,16767.12,1.6
M0119719,N,47,0,5395.86,0,0,0,976.05,7863.85,0.83
M0119720,N,23,1,12870.77,1,2,0,1503.5,9653.58,0.72
M0119721,N,54,0,14781.84,0,2,1,1779.41,10922.23,0.46
M0119722,N,37,1,43437.74,0,0,0,43347.32,12365.09,1.52
M0119723,N,69,0,16278.42,0,0,0,2169.3,14408.75,0.94
M0119724,N,29,2,11681.9,0,1,0,2133.94,13336.17,1.42
M0119725,N,21,0,12567.14,0,0,0,1883.93,9957.05,0.48
M0119726,N,57,1,23646.75,0,2,0,4513.31,16913.42,0.0
M0119727,N,46,2,12982.75,0,2,0,4659.71,8224.67,0.9
M0119728,N,65,0,27620.69,1,0,0,7266.99,19215.94,1.61
M0119729,N,25,0,17918.67,0,0,0,3398.91,13896.2,2.36
M0119730,N,70,1,15267.84,0,0,1,3018.39,9570.23,2.34
M0119731,N,73,1,16401.2,1,2,0,3182.44,10319.01,0.0
M0119732,N,71,0,9839.88,0,1,0,1306.82,7733.51,1.01
M0119733,N,47,2,11652.42,1,1,1,3636.68,9587.56,0.77
M0119734,N,33,0,12221.82,1,2,0,2086.58,10494.45,0.9
M0119735,N,45,0,20010.71,0,1,0,10268.11,16839.47,1.55
M0119736,N,46,3,17755.7,0,0,0,2062.15,14548.07,1.8
M0119737,N,56,1,10870.63,0,0,0,4238.08,9496.71,0.39
M0119738,N,46,2,10158.72,0,0,0,451.67,7962.08,0.78
M0119739,N,21,0,5873.27,0,0,0,3608.17,5670.26,0.0
M0119740,N,78,0,20666.74,0,0,0,6015.56,11553.81,2.03
M0119741,N,80,2,6385.33,0,0,0,2112.23,4917.7,1.24
M0119742,N,36,1,7438.86,0,0,0,1311.71,5382.14,0.0
M0119743,N,54,0,13947.54,0,0,0,3562.86,11031.7,1.25
M0119744,N,72,2,10131.6,1,1,2,2193.46,6510.56,0.03
M0119745,N,67,2,22405.06,0,0,0,5397.33,13023.49,2.33
M0119746,N,45,1,40986.88,0,0,0,9780.44,24700.65,1.36
M0119747,N,31,0,10574.98,0,0,0,6075.47,8804.01,1.62
M0119748,N,76,0,13979.61,0,1,1,5594.04,6437.18,0.17
M0119749,N,29,0,15110.3,0,0,0,1785.47,13254.28,0.16
M0119750,Y,85,6,210382.68,2,7,4,121943.09,145811.68,4.41
M0119751,N,25,1,19972.96,0,0,1,10450.63,20717.36,2.09
M0119752,N,75,1,19464.58,0,1,1,3911.84,12182.2,1.29
M0119753,N,35,2,32177.11,0,0,0,19596.34,11631.47,1.22
M0119754,N,27,1,8685.31,0,2,0,1233.42,14035.49,0.0
M0119755,N,58,1,13486.05,0,0,0,3142.29,8689.5,1.17
M0119756,N,28,2,5350.2,0,0,0,2315.59,4275.2,0.19
M0119757,N,54,3,13018.65,0,0,0,3505.2,7326.51,0.08
M0119758,N,36,1,6398.1,0,0,0,3217.87,2819.41,1.17
M0119759,N,53,0,7390.31,0,1,0,3628.63,7938.08,0.61
M0119760,N,46,0,9524.29,0,1,1,2335.3,8531.62,0.51
M0119761,N,48,1,8500.13,1,2,0,7404.09,7239.04,2.13
M0119762,N,23,3,25387.14,1,1,0,3788.19,16823.65,0.0
M0119763,N,60,2,3927.06,1,0,1,1359.27,2313.4,0.0
M0119764,N,21,3,5905.64,0,1,0,3180.11,2131.84,1.15
M0119765,N,55,0,1503.28,1,1,0,893.35,1395.47,0.97
M0119766,N,19,0,28003.64,0,0,0,3490.7,26089.35,0.97
M0119767,N,71,2,12216.0,1,2,0,3668.16,8803.03,0.0
M0119768,N,71,3,7351.07,0,0,0,1179.2,11041.96,0.21
M0119769,N,69,0,19624.13,0,2,0,6256.88,9082.06,1.51
M0119770,N,54,2,21249.01,0,0,2,3778.68,15216.27,0.4
M0119771,N,69,0,3996.85,0,0,0,549.09,5658.42,0.0
M0119772,N,56,3,22343.9,1,0,0,4922.26,15111.48,2.41
M0119773,N,65,0,8415.24,0,1,0,7695.26,5047.92,0.12
M0119774,N,60,1,14855.7,0,2,0,4264.82,19392.19,1.74
M0119775,N,43,0,35699.17,1,1,1,6907.03,21438.14,2.74
M0119776,N,28,3,5028.89,0,0,0,2213.4,6901.86,1.03
M0119777,N,70,0,13670.68,0,2,0,4321.01,7331.61,2.84
M0119778,N,61,0,6564.64,0,0,0,1753.88,10075.56,0.0
M0119779,N,29,0,19671.79,0,2,0,4962.14,17564.77,0.02
M0119780,N,26,1,8140.66,0,1,0,3307.64,8193.14,2.8
M0119781,N,42,0,8957.23,1,0,0,2528.47,5512.94,0.0
M0119782,N,45,1,7818.64,0,0,1,3336.46,5989.15,0.72
M0119783,N,63,0,3249.41,0,1,0,2566.52,1602.44,0.28
M0119784,N,57,0,7608.34,0,0,0,5342.79,5672.3,1.4
M0119785,Y,85,6,143288.4,2,3,1,48589.7,93968.6,3.14
M0119786,N,37,0,2904.73,0,0,0,555.76,3564.06,0.0
M0119787,N,31,1,29866.91,0,1,0,2899.51,29099.91,1.71
M0119788,N,50,2,16308.06,0,1,0,3595.83,14817.21,0.82
M0119789,N,24,2,19693.11,1,0,2,3555.43,21450.54,0.0
M0119790,N,36,3,28328.44,1,1,1,8139.52,27494.23,1.34
M0119791,N,31,0,27874.04,0,0,0,6983.45,15249.65,0.67
M0119792,N,50,2,14028.47,0,1,0,2496.65,11680.48,2.04
M0119793,N,24,0,13805.41,0,2,0,5533.06,8492.76,0.0
M0119794,N,19,0,8506.01,2,1,1,3823.84,3064.34,0.39
M0119795,N,54,1,49185.52,1,0,1,8679.86,32529.74,1.33
M0119796,N,35,0,7504.2,0,1,2,2733.61,8723.71,0.35
M0119797,Y,84,3,160630.4,3,1,3,65028.14,99950.82,2.0
M0119798,N,32,2,14079.13,1,0,0,2307.59,12405.2,1.85
M0119799,N,58,4,26693.38,1,1,1,21177.06,9538.19,2.39
M0119800,N,64,2,8891.59,0,1,1,1429.26,9759.19,3.12
M0119801,N,36,0,11538.29,0,0,0,6580.58,4141.95,1.94
M0119802,N,45,2,15508.19,0,0,0,6980.47,6234.36,0.67
M0119803,N,79,2,14344.28,0,0,1,1818.41,13628.42,1.24
M0119804,N,25,0,16554.51,1,1,0,4493.35,14949.84,0.62
M0119805,N,71,2,9386.26,1,2,1,3654.37,7325.25,1.36
M0119806,N,78,2,15805.58,0,3,0,1775.84,16922.73,2.15
M0119807,N,31,0,5798.06,0,1,0,1442.63,3494.24,1.24
M0119808,N,35,2,14229.11,0,0,0,5972.69,7048.44,2.17
M0119809,N,46,1,4796.51,0,0,0,3630.33,4585.59,0.75
M0119810,N,42,1,6107.04,0,1,0,738.32,4446.76,0.0
M0119811,N,42,3,6469.21,0,1,0,863.06,7499.18,0.59
M0119812,N,30,1,7909.41,1,1,0,5852.42,8138.28,1.63
M0119813,N,45,0,13774.64,1,0,0,2523.87,12199.24,1.95
M0119814,N,44,0,4177.32,0,0,0,695.99,3307.16,0.32
M0119815,N,50,0,12489.94,1,1,0,2672.35,7327.18,1.43
M0119816,N,64,0,16098.37,0,0,1,13583.96,5047.93,0.0
M0119817,N,71,1,8775.99,0,0,0,4668.58,3944.01,0.74
M0119818,N,41,1,4123.95,1,0,0,1550.72,3037.72,0.61
M0119819,N,48,0,8619.91,0,0,0,1769.94,6267.8,0.0
M0119820,N,68,1,3848.44,0,0,0,1828.33,2083.02,0.9
M0119821,N,77,0,6233.72,0,0,0,4278.71,2985.89,0.26
M0119822,N,23,2,11147.17,0,2,0,10243.78,4618.18,1.79
M0119823,N,77,0,3911.58,0,1,0,3115.81,2526.12,0.93
M0119824,N,56,1,22232.27,0,1,1,14931.9,22025.44,1.69
M0119825,N,50,1,13409.07,1,1,1,1436.29,15701.7,1.31
M0119826,N,75,0,8930.61,0,0,0,2642.38,4785.58,0.6
M0119827,N,47,2,18469.8,0,0,1,2883.44,19782.38,1.9
M0119828,N,33,0,7943.85,0,0,0,2615.94,4421.9,1.87
M0119829,N,20,2,17856.39,0,2,0,1935.64,18266.53,2.18
M0119830,N,48,0,10083.23,0,0,0,1492.0,6388.52,0.0
M0119831,N,56,2,12516.21,2,0,0,2006.67,12155.01,1.81
M0119832,N,55,0,3152.72,0,2,1,875.91,4434.78,0.0
M0119833,N,22,2,16075.49,1,2,1,1854.5,10910.28,0.0
M0119834,N,76,1,6772.75,1,0,0,2746.14,3745.85,0.75
M0119835,N,79,1,9504.19,0,1,0,1383.41,8536.66,0.34
M0119836,N,53,0,6560.12,0,1,1,2263.1,5169.31,1.09
M0119837,N,71,3,7489.57,0,1,0,2429.3,9679.88,0.0
M0119838,N,50,1,16928.16,0,1,0,4932.88,17834.24,0.65
M0119839,N,75,0,1681.57,0,0,0,433.14,2392.81,0.5
M0119840,N,25,2,32677.1,1,2,0,4163.94,24303.98,2.47
M0119841,N,54,1,14366.97,0,1,0,2603.14,10615.49,2.08
M0119842,N,29,0,9696.38,0,1,0,2053.83,6175.78,1.71
M0119843,N,77,0,10424.18,0,0,1,2268.33,7523.13,0.6
M0119844,N,23,2,6019.11,0,1,1,2374.15,5640.93,1.62
M0119845,N,20,1,22174.94,0,3,0,1832.84,17202.95,1.07
M0119846,N,53,1,10664.59,0,0,0,2808.68,6030.81,0.48
M0119847,N,72,1,16663.98,0,1,1,1822.28,21789.44,1.72
M0119848,N,19,0,6392.53,0,0,0,1882.39,6106.6,0.74
M0119849,N,72,2,5724.05,0,0,0,1052.63,5607.99,0.0
M0119850,N,74,1,26008.99,0,2,0,5627.41,20744.72,1.65
M0119851,N,37,2,39688.81,0,1,0,5273.67,45940.54,2.87
M0119852,N,58,0,12060.05,0,0,1,4138.23,13174.88,1.27
M0119853,N,54,1,9333.71,0,1,0,2611.41,5304.47,2.05
M0119854,N,37,0,6667.66,1,1,0,3479.57,4456.88,2.41
M0119855,N,66,0,6511.88,2,0,1,1891.17,6496.56,0.0
M0119856,N,30,2,20197.13,0,2,2,5715.69,15812.11,2.65
M0119857,Y,85,6,200196.53,5,4,3,89683.94,160623.42,3.23
M0119858,Y,45,3,141541.09,3,2,3,30686.08,97265.21,4.55
M0119859,N,44,0,14272.11,0,0,1,5517.79,7109.12,1.5
M0119860,Y,49,5,197993.67,4,4,3,64802.64,178182.32,5.24
M0119861,N,42,2,12940.79,0,0,1,2905.2,11768.53,1.44
M0119862,Y,36,6,139357.19,2,3,5,61145.81,81149.84,6.78
M0119863,N,25,2,9349.95,0,0,0,3861.34,9333.02,0.91
M0119864,N,77,0,7103.02,0,0,0,4826.59,5377.11,1.74
M0119865,N,67,0,2809.38,1,0,0,529.31,4287.22,1.23
M0119866,N,76,1,3652.82,1,0,0,1364.74,3026.46,1.31
M0119867,Y,72,5,367003.07,3,2,4,174810.8,225892.37,5.42
M0119868,N,51,0,18876.69,0,0,2,2562.73,17603.58,1.03
M0119869,N,45,2,8262.9,1,0,0,2284.45,9733.31,1.01
M0119870,N,32,1,6779.01,0,1,0,7146.02,3280.77,1.77
M0119871,N,48,1,12687.03,0,0,0,2466.1,13900.49,1.5
M0119872,N,36,1,9867.24,0,1,1,2846.75,6404.48,2.12
M0119873,N,29,1,15402.81,1,0,0,3109.03,11723.87,0.95
M0119874,N,42,0,17656.81,0,0,0,4176.7,12467.27,2.22
M0119875,N,27,0,2179.71,0,0,0,950.34,2566.3,1.2
M0119876,N,63,2,28259.56,0,2,0,6410.31,16418.1,1.21
M0119877,N,64,1,14836.33,1,0,1,6286.46,5612.7,1.2
M0119878,N,31,0,5325.33,1,0,0,3355.43,4408.41,1.74
M0119879,N,68,1,10538.75,0,0,0,2557.32,7388.65,0.91
M0119880,N,54,1,11729.7,0,0,0,7639.67,6005.09,0.24
M0119881,N,80,2,6774.4,1,1,0,1392.96,4741.74,1.51
M0119882,N,43,2,18603.12,0,0,1,10143.23,11797.92,1.53
M0119883,N,23,1,11705.99,1,1,1,4967.82,6778.43,1.65
M0119884,N,66,2,32819.42,1,2,0,11522.61,17466.19,1.47
M0119885,Y,64,5,87093.81,1,1,3,37426.58,49004.83,4.68
M0119886,N,64,1,5019.02,0,0,0,2321.88,6669.21,0.78
M0119887,N,32,0,9594.61,0,0,0,2216.83,9632.72,2.05
M0119888,N,29,1,12132.04,0,0,1,2848.19,10367.87,2.07
M0119889,N,67,1,7667.8,0,1,0,1014.42,6332.15,0.36
M0119890,N,64,1,6047.16,0,1,1,939.71,4954.71,1.53
M0119891,N,41,2,9178.73,1,1,1,7322.39,2356.22,1.15
M0119892,N,39,0,7313.03,0,1,1,5317.63,4270.03,1.74
M0119893,Y,41,5,102297.23,3,6,5,55450.33,81021.54,6.53
M0119894,N,53,1,13241.61,0,1,1,6492.68,6981.27,1.36
M0119895,N,26,2,11162.12,0,0,0,2571.67,6180.58,0.41
M0119896,N,18,0,17376.32,0,0,0,1954.1,14547.4,0.09
M0119897,N,41,0,11394.94,0,0,0,2546.94,11191.4,0.33
M0119898,N,43,1,5947.68,0,0,1,1327.8,6314.9,1.81
M0119899,N,36,1,15276.37,1,0,0,2086.44,11522.22,0.0
M0119900,N,25,0,13873.16,0,0,0,3032.31,8906.01,1.16
M0119901,N,39,1,5237.92,0,2,0,1063.62,3473.83,0.16
M0119902,N,80,0,4253.08,0,0,1,1447.37,3932.54,1.61
M0119903,N,20,0,5165.6,0,1,0,1793.32,3015.76,0.67
M0119904,N,51,0,8437.66,0,0,0,902.55,8967.9,0.63
M0119905,N,76,1,8095.39,0,0,0,5041.13,3943.07,1.3
M0119906,N,58,1,4736.64,0,2,1,1428.3,3103.35,1.23
M0119907,N,23,1,20991.35,1,0,1,2309.94,17166.95,1.24
M0119908,N,35,3,16031.05,1,0,0,8573.06,9920.09,2.29
M0119909,Y,67,5,245613.68,3,3,3,119288.14,94657.67,4.54
M0119910,N,42,1,15214.75,0,1,0,5158.0,8170.02,2.49
M0119911,N,73,3,20529.52,1,1,0,5183.19,19719.24,1.81
M0119912,N,26,4,25260.76,1,1,2,4135.79,24608.12,0.95
M0119913,N,71,2,13031.91,0,1,0,3697.06,8508.83,1.47
M0119914,N,70,2,11801.44,1,2,0,4670.48,5775.18,1.56
M0119915,N,75,1,9953.08,1,0,0,1007.39,9702.15,2.18
M0119916,N,28,1,2699.51,1,0,0,877.11,2005.21,0.0
M0119917,N,58,3,7025.18,0,2,1,3442.95,3591.98,0.23
M0119918,N,72,0,7928.89,0,0,0,4242.01,4672.21,1.43
M0119919,N,72,0,5629.24,2,0,0,819.21,3714.8,0.86
M0119920,N,57,2,6691.89,1,0,0,3092.65,7067.56,0.0
M0119921,N,56,2,9454.84,0,0,0,2060.77,6460.01,1.46
M0119922,N,44,1,12353.94,0,2,0,2763.24,11223.58,1.38
M0119923,N,23,1,9286.1,0,0,0,4234.71,6983.26,1.37
M0119924,N,40,2,13292.95,0,0,1,2617.35,8047.54,0.19
M0119925,N,80,2,10146.74,0,0,0,1542.55,7459.38,1.88
M0119926,N,45,2,19663.41,0,0,1,11520.06,10953.08,1.99
M0119927,N,49,1,7397.78,0,0,0,1017.56,6755.66,0.55
M0119928,N,61,0,4250.73,0,0,0,719.92,4597.54,1.56
M0119929,N,45,1,7175.66,0,1,1,1187.16,5438.56,1.18
M0119930,N,49,0,4072.53,0,2,0,1404.12,4087.25,2.01
M0119931,N,28,1,33138.83,0,0,1,3444.43,22584.05,1.53
M0119932,N,70,1,10231.21,1,0,0,1419.58,7714.92,1.06
M0119933,N,68,1,21383.47,0,1,0,2742.17,16335.79,1.35
M0119934,N,49,0,17690.66,0,0,0,5102.83,9834.38,1.36
M0119935,N,43,2,15088.53,0,1,0,4404.03,12633.38,1.12
M0119936,N,54,3,9602.64,0,1,1,5848.55,10052.72,0.07
M0119937,N,31,1,20516.16,0,1,0,2389.11,17287.2,1.8
M0119938,N,74,2,25797.66,0,1,0,6214.16,31348.31,2.8
M0119939,N,63,0,7528.08,0,0,1,585.26,7366.25,0.71
M0119940,N,42,0,8039.45,0,1,1,4444.63,4531.8,2.26
M0119941,N,80,0,7862.83,1,0,0,6864.91,3770.51,0.0
M0119942,N,77,0,11381.73,0,1,1,6696.23,5395.56,2.71
M0119943,N,65,3,23154.21,0,1,0,4578.52,21638.24,3.21
M0119944,N,43,1,15490.05,0,0,0,1865.57,11442.93,0.0
M0119945,N,75,2,2599.16,1,0,0,531.72,2059.57,0.89
M0119946,N,21,1,2616.18,1,0,0,388.04,4342.28,0.24
M0119947,N,47,1,6194.42,1,0,0,1163.66,6933.69,1.19
M0119948,N,29,4,32668.41,1,0,0,7853.86,41628.02,1.74
M0119949,N,48,0,2703.18,0,2,1,1997.43,1080.34,1.69
M0119950,N,80,0,6381.96,0,0,0,1513.16,4420.4,0.0
M0119951,N,19,1,4200.72,0,1,2,1515.89,5226.89,1.27
M0119952,N,35,1,14396.85,0,0,0,5329.44,6561.61,0.45
M0119953,Y,76,3,164405.95,2,2,1,39504.13,98497.51,4.64
M0119954,N,48,2,14601.2,0,0,0,4674.0,11474.05,0.61
M0119955,N,70,1,15613.75,0,0,1,1295.92,13731.69,1.26
M0119956,N,73,0,15580.96,0,0,0,3380.14,10289.05,0.0
M0119957,N,66,2,11683.72,0,1,0,819.32,15282.83,0.0
M0119958,Y,59,7,175345.7,2,4,3,73758.74,116540.48,7.11
M0119959,N,66,2,28687.68,0,1,0,1777.48,32390.0,0.32
M0119960,N,51,3,25337.42,1,1,0,20632.42,23101.49,1.17
M0119961,N,61,1,21709.6,0,2,0,9492.69,12202.23,0.48
M0119962,N,19,1,21032.69,1,2,0,7750.2,10069.61,0.0
M0119963,N,50,0,18026.99,0,2,0,13593.65,5530.74,0.55
M0119964,N,35,2,16852.75,0,1,0,10027.26,6947.21,3.08
M0119965,N,69,0,15505.38,1,0,0,3502.29,18767.08,1.47
M0119966,N,38,1,3272.54,0,0,2,603.13,2502.26,0.81
M0119967,N,73,0,10424.39,0,0,0,4606.26,5132.68,1.08
M0119968,N,57,0,10022.76,0,0,0,3581.17,4424.31,0.83
M0119969,N,19,1,10255.24,0,1,0,3131.76,5096.33,2.85
M0119970,N,46,2,22498.59,0,0,0,5151.03,14922.22,1.44
M0119971,N,38,2,25433.34,0,0,0,1239.16,18922.23,0.0
M0119972,N,79,1,10026.2,0,0,0,4357.11,4972.32,0.2
M0119973,N,55,2,13567.85,0,0,1,9754.94,12401.64,2.24
M0119974,N,28,0,5224.32,0,0,0,1846.62,5222.16,0.89
M0119975,N,50,0,9609.11,0,0,0,2227.4,13387.55,1.16
M0119976,N,50,2,2432.64,0,0,0,1148.35,1690.21,1.81
M0119977,N,59,1,9633.56,0,0,1,3725.37,6667.11,1.57
M0119978,N,73,1,6109.17,0,1,0,1885.34,4231.52,0.74
M0119979,N,42,1,6392.07,1,1,0,780.63,8847.93,0.87
M0119980,N,64,2,7748.59,1,0,0,1734.21,5805.64,0.0
M0119981,Y,66,6,242362.69,4,4,2,147788.73,111347.57,5.17
M0119982,N,67,1,19337.9,0,0,0,4906.95,16541.18,0.21
M0119983,N,76,1,11253.96,1,0,1,3160.5,13688.32,1.59
M0119984,Y,58,4,432426.81,3,2,3,98899.06,289572.36,4.88
M0119985,N,67,0,8893.74,0,0,0,1787.55,5882.99,0.0
M0119986,N,66,1,5242.03,0,2,0,762.39,3550.39,0.0
M0119987,N,43,2,16394.0,0,0,0,1777.94,15077.65,2.12
M0119988,N,35,1,38695.09,0,0,1,4930.08,25333.15,0.95
M0119989,N,77,1,26054.69,0,1,0,4040.08,17243.2,0.24
M0119990,N,23,3,9368.31,0,1,0,2218.91,13229.22,1.21
M0119991,N,77,2,15610.69,0,0,1,2954.44,14900.03,1.64
M0119992,N,19,0,25990.74,0,0,1,8924.69,14385.36,2.02
M0119993,N,61,1,34842.95,0,1,0,22419.72,14307.53,2.24
M0119994,N,61,1,62561.05,0,0,1,1197.22,64360.91,0.69
M0119995,N,32,1,6293.75,0,0,0,1964.97,6587.5,0.46
M0119996,N,65,0,18180.97,0,0,0,2128.96,21146.18,1.31
M0119997,N,61,0,8919.2,2,1,0,3543.04,5776.62,0.39
M0119998,N,73,0,24879.46,1,2,0,3960.17,19073.3,0.89
M0119999,N,24,0,21325.0,2,0,0,7755.16,9090.57,0.47
M0120000,N,53,0,14896.57,0,0,0,8552.81,15252.27,1.67
M0120001,N,68,0,6433.45,0,1,3,1658.24,8798.7,1.9
M0120002,N,72,0,24498.64,1,0,1,4722.05,21880.42,1.6
M0120003,N,59,1,9143.24,0,0,0,1295.02,9635.79,1.09
M0120004,N,29,0,6704.34,0,0,0,1133.3,6130.91,0.0
M0120005,Y,55,4,256889.33,5,4,4,198140.96,160310.29,5.95
M0120006,N,77,1,6672.87,0,0,1,6912.59,4774.37,0.0
M0120007,N,35,2,20533.35,0,3,1,5277.18,25903.06,1.73
M0120008,N,63,0,19696.63,1,1,1,3349.0,14459.9,0.85
M0120009,N,61,2,8415.26,0,1,0,1566.38,9756.04,2.01
M0120010,N,23,2,4648.97,0,1,1,579.46,6857.92,0.45
M0120011,N,37,1,5994.22,0,0,0,3921.66,5176.26,0.88
M0120012,N,52,0,3187.42,0,0,0,959.43,2516.9,1.09
M0120013,N,23,0,12013.61,0,1,0,3893.08,10016.76,2.52
M0120014,N,55,0,13842.68,0,0,0,6872.87,11898.06,1.97
M0120015,N,67,0,7889.84,0,0,0,2171.03,11098.17,0.0
M0120016,N,27,1,44536.84,1,1,0,14429.93,21340.64,2.41
M0120017,N,26,2,12584.45,0,1,0,1648.28,8766.14,1.39
M0120018,N,29,2,11825.23,0,0,0,2481.91,12308.39,1.01
M0120019,N,25,2,3972.41,0,0,0,924.8,2910.26,2.1
M0120020,N,24,2,14609.96,1,1,0,2100.79,10590.82,0.92
M0120021,N,55,0,4209.59,1,2,0,4231.62,2046.39,0.95
M0120022,N,78,0,4499.02,1,0,0,2526.87,4648.3,0.0
M0120023,N,59,0,7578.13,0,1,1,4521.69,7483.99,0.94
M0120024,N,52,4,71281.75,1,1,1,9919.68,45812.9,1.99
M0120025,N,77,0,4574.38,0,0,1,429.19,3414.71,0.45
M0120026,N,53,0,29933.99,0,0,0,959.39,23288.84,1.52
M0120027,N,32,1,11880.27,0,1,2,1695.99,12244.8,1.77
M0120028,N,52,2,11600.28,0,1,0,1666.3,10575.32,0.87
M0120029,N,32,0,4659.57,0,1,0,1068.59,5286.02,1.18
M0120030,N,38,1,8748.36,1,0,0,1907.43,5341.79,1.4
M0120031,N,22,2,20017.01,0,1,0,5616.62,17984.21,1.38
M0120032,N,60,0,6055.3,0,1,0,769.66,5487.07,1.09
M0120033,N,36,2,17107.12,1,3,0,9527.37,18807.41,1.81
M0120034,N,41,1,13833.04,0,1,1,973.79,15213.16,1.32
M0120035,N,55,0,15963.92,0,2,0,3541.54,10946.9,0.3
M0120036,N,60,1,8781.2,0,1,0,4589.58,6266.29,1.91
M0120037,N,63,1,10569.28,0,2,0,1046.4,11538.7,0.74
M0120038,N,47,1,15252.78,0,2,0,4845.35,12314.34,1.83
M0120039,N,50,1,5572.02,0,0,0,1555.35,3176.76,0.23
M0120040,N,18,0,23775.37,0,1,1,2587.11,18158.35,0.83
M0120041,N,33,3,5013.41,0,1,0,497.05,3909.55,1.66
M0120042,N,42,0,15764.89,0,2,0,9530.9,3939.29,1.65
M0120043,N,55,1,27001.62,1,0,0,10087.93,12893.84,1.11
M0120044,N,70,2,65965.87,0,0,0,19016.98,62104.1,2.35
M0120045,N,39,1,5844.03,0,1,0,1284.73,5226.31,1.01
M0120046,Y,36,5,155445.05,1,4,2,73467.36,147079.52,4.66
M0120047,N,39,2,14077.19,1,2,0,3306.16,16096.97,1.16
M0120048,N,33,0,11894.06,0,0,0,1772.34,16232.64,0.53
M0120049,N,72,2,6521.73,0,2,1,2273.09,3196.24,0.15
M0120050,N,68,2,17081.19,0,1,0,3602.27,24391.96,2.86
M0120051,N,75,3,14696.66,2,0,0,5415.37,6751.85,1.19
M0120052,N,28,0,12051.47,0,0,1,1097.1,11729.75,0.36
M0120053,N,62,0,3296.69,0,2,0,1392.6,3566.93,0.51
M0120054,N,21,1,4457.4,0,1,1,2598.68,5142.03,0.46
M0120055,N,66,1,18506.44,0,1,0,3525.01,15763.96,0.83
M0120056,N,32,0,12739.68,0,0,0,2325.13,8797.88,1.6
M0120057,N,57,2,12976.96,0,1,0,7015.25,13736.91,2.9
M0120058,N,71,1,4864.56,0,0,0,1008.83,5680.94,0.0
M0120059,N,65,0,4458.49,2,1,0,1755.12,6024.47,0.76
M0120060,N,63,0,14449.43,0,2,0,4049.35,14429.81,1.59
M0120061,N,27,0,4984.6,0,0,0,785.81,3483.69,0.27
M0120062,N,30,0,9531.16,0,1,0,2027.07,8495.32,0.38
M0120063,N,34,1,4408.66,0,0,0,3880.02,2012.37,0.1
M0120064,N,27,2,18717.93,2,2,0,8066.46,13464.1,1.16
M0120065,N,23,1,16122.28,0,0,0,6331.47,10020.91,1.35
M0120066,N,21,2,35855.42,0,0,0,9836.65,21147.5,1.06
M0120067,N,65,2,13650.65,0,0,0,1599.53,19275.23,0.52
M0120068,N,45,0,2826.61,0,0,0,1008.55,3198.52,0.42
M0120069,N,25,0,10126.44,0,2,0,3106.11,5416.37,1.2
M0120070,N,54,0,4729.5,0,0,1,1111.59,5992.15,0.29
M0120071,N,47,0,3399.75,0,0,1,1055.49,2886.81,0.0
M0120072,N,54,2,4714.21,0,0,0,2186.66,4049.95,1.49
M0120073,N,77,2,10487.6,1,0,0,5233.93,5236.9,0.48
M0120074,N,72,0,6290.88,0,0,0,4811.32,2135.43,0.0
M0120075,N,50,1,9786.0,0,2,0,1066.66,11524.08,0.0
M0120076,N,54,0,7581.78,0,0,0,5305.42,4149.95,0.8
M0120077,N,72,2,3568.44,0,0,0,817.14,2328.55,0.07
M0120078,N,42,4,15231.95,0,0,0,7226.95,4982.24,1.7
M0120079,N,37,2,17084.6,0,0,0,2622.87,13686.01,0.97
M0120080,N,36,3,18547.89,0,1,0,17938.27,3908.06,1.12
M0120081,N,49,2,27947.87,0,2,0,10530.51,29740.58,2.74
M0120082,N,77,2,29590.28,0,1,1,3028.56,33815.03,2.0
M0120083,N,74,0,5805.26,0,1,0,5454.58,3659.0,0.0
M0120084,Y,83,4,209227.13,3,3,5,70573.96,113395.56,3.38
M0120085,N,37,0,18612.19,0,1,0,1914.35,19369.54,0.78
M0120086,Y,82,6,317906.39,4,4,6,82586.6,188704.68,3.99
M0120087,N,50,1,9659.44,0,2,1,1064.43,16143.04,2.73
M0120088,N,32,1,26812.95,1,1,0,813.95,20754.84,2.54
M0120089,N,49,2,7003.51,0,0,0,1197.9,5598.63,0.32
M0120090,N,41,0,19316.88,0,0,0,7129.14,12688.72,0.86
M0120091,N,73,0,5272.17,0,2,1,4186.43,1643.98,2.04
M0120092,N,70,1,29680.04,1,2,1,4132.21,23270.6,2.0
M0120093,N,48,0,15635.3,0,0,0,10189.58,12778.0,2.16
M0120094,N,24,0,11620.08,0,1,1,4044.76,9653.0,0.87
M0120095,N,76,2,15551.59,0,1,1,7799.45,13305.92,1.47
M0120096,N,45,0,10289.49,1,1,1,10835.4,5732.51,3.5
M0120097,N,77,1,7744.97,0,0,0,4838.08,7449.48,0.67
M0120098,N,18,2,10698.01,0,0,0,2958.6,7262.08,0.97
M0120099,N,28,0,7096.95,0,1,1,852.73,5983.96,0.81
M0120100,N,57,1,5833.58,0,0,0,336.52,6278.03,0.09
M0120101,N,64,2,6733.17,1,0,1,1899.73,4859.17,1.03
M0120102,N,41,1,7959.08,0,2,0,3832.44,2536.32,1.2
M0120103,N,35,0,17341.08,0,1,2,2955.55,14462.31,2.35
M0120104,N,37,1,20560.33,0,2,0,989.92,16600.5,0.77
M0120105,N,55,2,9124.43,0,0,0,4358.8,8727.04,0.11
M0120106,N,57,0,15402.19,0,0,0,4086.48,11600.89,0.0
M0120107,N,44,2,6121.35,0,1,0,1039.68,7622.5,0.38
M0120108,N,56,2,14202.19,1,0,0,4205.84,15136.22,3.03
M0120109,N,46,0,2525.31,0,0,0,1575.97,1970.26,1.57
M0120110,N,23,2,22122.62,0,1,1,2609.0,17224.33,2.47
M0120111,N,80,0,11748.49,0,0,0,3898.84,7893.58,0.61
M0120112,N,65,0,6270.0,0,0,0,679.29,4371.24,1.41
M0120113,N,66,1,15075.85,1,2,0,4496.91,11454.55,2.18
M0120114,N,18,1,12100.2,0,0,0,6793.71,4217.68,0.71
M0120115,N,55,2,6299.76,0,3,0,2747.23,3069.53,1.12
M0120116,N,28,1,16326.04,0,0,0,808.9,19185.57,0.59
M0120117,N,75,0,13627.87,0,0,1,1175.5,9648.82,0.34
M0120118,N,58,0,9330.32,0,0,0,3379.88,6549.73,0.0
M0120119,N,43,0,10590.16,0,1,0,2005.09,7613.48,0.0
M0120120,N,38,2,12205.34,0,0,1,776.77,14582.83,1.6
M0120121,N,24,2,11979.22,1,0,2,2549.16,6996.47,1.25
M0120122,N,28,1,9779.72,1,0,1,639.01,8856.12,0.7
M0120123,N,43,0,3675.45,0,1,0,1914.45,1769.96,0.56
M0120124,N,68,2,5012.62,1,2,0,2958.17,4029.07,2.33
M0120125,N,25,0,25061.78,1,0,1,5223.94,18968.1,3.32
M0120126,N,28,1,21278.4,0,0,0,4986.8,16503.9,0.98
M0120127,N,54,2,16193.36,0,0,0,3037.85,11500.37,0.68
M0120128,N,44,3,15180.48,0,0,0,8196.07,12316.71,0.36
M0120129,N,48,1,23564.82,0,0,0,6196.71,19869.07,2.37
M0120130,N,32,0,5035.23,1,0,0,2347.5,3158.88,0.64
M0120131,N,49,1,2386.65,1,0,1,1089.26,3211.36,1.27
M0120132,N,18,0,8969.8,0,1,0,2752.64,4410.17,1.09
M0120133,N,33,1,15719.88,0,0,1,3828.6,20957.55,2.83
M0120134,Y,40,8,255536.95,4,3,5,56150.61,298027.95,2.52
M0120135,N,69,1,9844.28,0,1,0,7538.2,5556.44,1.5
M0120136,N,61,1,7947.44,1,0,0,1369.33,5865.09,1.9
M0120137,N,46,1,5928.43,2,1,0,3757.35,3535.24,0.83
M0120138,N,28,2,5259.42,0,1,0,2032.73,3671.44,0.1
M0120139,N,20,0,14661.0,0,2,0,2182.29,17480.33,0.04
M0120140,N,47,0,2720.32,2,0,0,741.96,2575.52,0.67
M0120141,N,61,2,31842.71,0,0,1,8553.44,18737.18,2.13
M0120142,N,59,2,18867.48,0,0,0,4342.37,20547.35,1.17
M0120143,N,42,1,17514.01,0,1,0,5000.15,9902.56,0.71
M0120144,N,55,0,10208.35,0,0,0,4249.14,12015.28,1.09
M0120145,N,32,1,5943.93,0,0,0,844.53,7584.86,1.13
M0120146,Y,61,5,241410.53,5,6,5,68933.55,242002.53,7.48
M0120147,N,33,3,23707.46,1,2,0,1419.25,19987.19,0.94
M0120148,N,37,3,14905.47,0,1,0,1583.51,11747.11,1.16
M0120149,Y,55,3,236005.48,2,5,1,119872.92,122559.89,4.23
M0120150,N,65,0,7958.25,1,0,0,1159.24,5188.01,0.75
M0120151,N,49,0,9529.34,0,0,0,6776.89,9790.28,0.91
M0120152,N,52,0,14700.2,0,1,0,7472.3,4907.28,0.63
M0120153,N,53,0,8010.84,0,0,0,3097.39,7156.4,1.57
M0120154,N,40,4,39654.33,0,1,0,20980.36,15340.35,1.48
M0120155,N,71,2,14628.37,0,1,1,598.18,11102.2,0.5
M0120156,N,46,2,11556.36,1,0,0,8384.61,9364.02,1.86
M0120157,N,27,2,7366.22,0,0,2,2405.92,4159.21,1.41
M0120158,N,73,0,18520.5,1,2,2,7249.73,21998.47,3.32
M0120159,N,79,0,6270.5,0,0,0,2062.27,3706.89,0.0
M0120160,N,42,1,15517.75,0,3,1,1820.02,10312.62,1.79
M0120161,N,40,1,19308.85,0,0,0,10984.06,17701.6,1.57
M0120162,N,62,1,6072.28,0,0,0,1495.1,3889.42,0.0
M0120163,N,59,0,19489.83,0,1,0,2637.87,16908.67,1.58
M0120164,N,35,1,10112.7,0,0,0,1193.0,11647.84,1.4
M0120165,N,62,1,21991.33,1,2,1,5954.85,13752.6,2.98
M0120166,N,62,1,1896.36,1,1,0,1721.28,1354.45,0.94
M0120167,N,20,1,4826.91,1,1,0,1867.66,5091.93,0.55
M0120168,N,47,1,7897.47,0,0,1,2259.67,6509.66,1.54
M0120169,Y,86,4,192607.62,2,3,1,106531.74,163617.78,2.64
M0120170,N,20,2,26525.52,0,2,0,9773.5,13131.91,1.56
M0120171,N,33,1,5902.42,0,1,1,1219.5,9087.4,0.51
M0120172,N,61,0,14567.87,0,0,0,2461.49,9002.43,0.0
M0120173,N,34,1,7606.74,0,2,0,2764.18,4980.16,0.0
M0120174,N,46,0,5577.79,2,0,0,3581.94,4321.48,0.93
M0120175,N,50,2,37647.05,0,1,2,7226.85,28728.12,0.2
M0120176,N,73,1,15617.94,0,0,0,2452.21,11769.62,1.46
M0120177,N,50,2,7241.39,0,0,0,2573.92,5051.46,1.14
M0120178,N,77,2,6119.91,0,1,1,1385.24,4027.2,0.69
M0120179,N,69,1,13599.27,0,0,1,2388.35,9782.51,0.15
M0120180,N,67,1,4182.41,0,0,1,1486.78,5567.91,2.91
M0120181,N,77,0,11681.62,2,0,0,3151.44,9675.1,0.36
M0120182,N,59,2,14456.23,0,0,0,1203.72,21259.86,0.69
M0120183,N,48,1,7927.74,1,0,1,8547.78,2930.42,0.58
M0120184,N,64,1,14886.25,0,1,0,1960.02,10236.69,0.0
M0120185,N,23,0,11668.18,0,1,0,7706.09,10544.05,1.97
M0120186,N,47,2,9175.39,0,0,1,1186.24,7262.99,0.0
M0120187,Y,40,5,169232.3,1,1,2,31183.2,123004.57,4.61
M0120188,N,34,0,5551.03,2,0,1,5487.03,3073.03,0.17
M0120189,N,26,0,14520.34,1,0,1,4759.43,7047.33,1.09
M0120190,N,70,2,5163.79,0,0,0,2156.34,4013.11,1.08
M0120191,N,80,2,28609.48,2,2,0,16356.24,12410.85,1.73
M0120192,N,35,0,21591.38,0,1,0,7118.76,20646.54,1.58
M0120193,N,67,1,7454.59,0,0,0,2981.25,4274.31,0.37
M0120194,N,71,1,13654.24,0,1,1,9144.33,9154.64,1.99
M0120195,N,62,2,5126.4,0,1,0,451.01,8819.11,1.58
M0120196,N,20,1,9793.68,0,1,0,3438.79,13958.53,1.72
M0120197,N,53,2,23765.03,1,1,0,13217.18,15413.67,2.7
M0120198,N,22,0,3939.95,0,0,0,1117.02,5678.76,1.39
M0120199,N,39,1,3760.07,1,1,0,1461.36,2975.47,0.0
M0120200,Y,60,4,218255.67,1,1,5,89838.57,95037.34,3.82
M0120201,N,56,0,8649.27,0,0,1,3467.87,7136.37,0.0
M0120202,N,53,1,9516.81,0,0,2,4362.35,7931.65,1.89
M0120203,N,30,1,16173.49,0,1,0,4908.93,9445.69,0.38
M0120204,Y,71,6,333412.41,1,5,4,136956.14,230634.81,5.61
M0120205,N,62,3,17905.12,0,2,0,2000.22,15055.49,0.9
M0120206,N,46,0,5996.02,0,1,2,1320.14,4161.89,0.0
M0120207,Y,60,5,216365.73,2,1,1,116431.37,127444.6,4.8
M0120208,N,30,0,6694.64,0,1,0,1290.24,8319.31,1.51
M0120209,N,68,2,11771.69,0,0,0,1173.15,8427.06,0.89
M0120210,N,30,0,3964.4,0,0,0,1101.72,3552.29,1.28
M0120211,N,18,1,18361.08,0,2,0,4775.59,15875.1,0.7
M0120212,N,51,1,22022.22,0,0,0,2281.94,24214.96,1.21
M0120213,N,52,0,15174.68,0,1,0,12082.85,12161.82,1.19
M0120214,N,69,1,5956.33,0,1,0,3186.44,7513.37,2.2
M0120215,N,26,3,23267.42,0,1,0,5148.96,21578.06,1.36
M0120216,N,64,0,13918.09,0,0,0,4721.53,8645.74,0.84
M0120217,N,53,1,8305.22,2,0,2,2529.55,5925.96,0.82
M0120218,N,51,0,15876.4,1,0,0,1131.97,14666.1,1.91
M0120219,N,22,2,20273.64,0,3,0,5055.19,27484.32,2.68
M0120220,N,36,0,9764.73,0,2,0,2730.03,11224.7,1.29
M0120221,N,33,0,14331.97,1,0,1,788.3,10758.48,0.49
M0120222,N,50,2,17671.46,1,0,0,3789.59,11770.7,1.58
M0120223,N,74,2,4020.94,0,1,0,723.19,2521.44,0.26
M0120224,N,79,1,26758.33,0,1,1,3775.47,42981.2,1.96
M0120225,N,65,1,5596.07,0,0,0,1369.68,3111.0,1.67
M0120226,N,24,0,16845.01,1,1,0,2230.29,10956.94,1.61
M0120227,N,57,0,9233.66,1,2,0,5877.03,9043.79,1.63
M0120228,N,23,0,28479.94,1,1,1,2298.26,36095.84,2.02
M0120229,N,39,1,10588.19,0,0,0,969.65,15197.64,0.63
M0120230,N,47,0,8191.55,0,0,2,1276.94,9951.34,1.5
M0120231,N,34,2,13090.36,0,0,0,978.71,9316.41,1.88
M0120232,N,60,1,8571.8,0,1,1,2315.16,5051.7,2.4
M0120233,N,28,2,5377.71,0,0,0,399.9,4481.33,0.2
M0120234,N,31,0,9555.69,0,0,0,3660.76,8046.89,0.59
M0120235,N,37,1,6777.51,0,0,0,1257.13,9650.63,1.09
M0120236,N,23,1,7920.32,0,0,0,1207.24,4987.47,1.23
M0120237,N,57,0,4737.79,0,0,0,890.6,5422.91,0.0
M0120238,Y,51,6,465438.18,3,6,5,122069.68,282372.98,4.78
M0120239,N,41,0,6238.57,0,2,0,2381.81,5293.56,0.66
M0120240,N,71,1,20089.0,0,0,0,9201.77,21000.55,1.91
M0120241,N,19,2,14029.55,1,0,0,3290.52,11382.82,0.47
M0120242,N,72,2,16930.6,0,1,0,3168.53,10609.31,1.88
M0120243,N,64,1,10074.58,0,0,1,4897.21,9162.76,1.18
M0120244,N,74,1,5618.24,1,1,0,1915.78,6266.53,0.0
M0120245,N,29,0,12199.01,0,1,0,4858.27,6163.28,0.07
M0120246,N,54,1,7704.7,1,1,0,767.66,6188.03,1.02
M0120247,N,73,1,48107.8,2,0,1,2563.44,38484.47,2.06
M0120248,N,74,1,10036.09,0,1,0,1186.76,7440.28,0.0
M0120249,N,72,2,9628.7,0,0,2,2721.28,14775.9,0.0
M0120250,N,45,1,4683.53,0,0,1,2457.64,4804.8,0.92
M0120251,Y,40,4,368686.98,5,8,3,102875.26,242010.69,5.34
M0120252,N,40,1,13211.56,0,3,0,6762.3,4817.31,0.03
M0120253,N,54,1,16111.38,0,1,0,2693.69,11640.44,0.68
M0120254,N,28,0,6683.88,0,0,0,2998.03,3059.8,1.2
M0120255,N,31,1,9029.74,0,2,2,5308.0,4387.84,2.33
M0120256,N,77,0,7009.47,1,1,0,2042.48,6388.33,1.71
M0120257,N,59,2,16922.81,1,0,0,6197.31,9733.3,3.32
M0120258,N,46,0,11234.38,1,0,0,2321.45,6466.25,1.77
M0120259,N,59,0,8247.72,0,0,0,728.38,6007.58,0.0
M0120260,N,51,1,11078.79,0,2,0,3056.57,7474.03,0.38
M0120261,N,28,0,6173.42,0,1,0,1710.69,6133.4,0.0
M0120262,N,35,0,5172.63,0,0,1,5714.2,2493.67,0.13
M0120263,N,39,0,3154.62,0,0,0,962.22,1565.9,0.72
M0120264,N,54,2,7757.91,0,0,0,3861.03,2603.04,0.57
M0120265,N,57,2,5338.61,0,1,0,1825.71,6499.43,1.92
M0120266,N,57,2,6069.9,0,1,0,4308.52,3490.46,0.14
M0120267,N,63,0,8939.02,0,0,1,1110.0,8087.4,0.47
M0120268,N,45,1,16944.18,1,0,1,13492.76,7958.61,2.97
M0120269,N,75,0,5329.01,0,1,1,2480.85,4513.55,0.0
M0120270,N,19,2,44441.77,0,1,0,21904.65,24616.16,2.33
M0120271,N,28,1,5822.67,0,1,0,802.28,4577.5,0.34
M0120272,N,39,2,20202.81,0,0,0,1809.69,24236.78,2.16
M0120273,N,20,1,10532.44,0,1,0,5758.44,5566.19,1.15
M0120274,N,55,0,13319.0,0,1,0,4934.34,7472.58,0.56
M0120275,N,25,0,5507.05,0,0,0,3792.25,5441.58,0.0
M0120276,N,69,1,2171.57,0,1,0,1030.01,2914.41,0.52
M0120277,N,54,1,7452.76,0,1,0,3550.7,4545.15,1.17
M0120278,N,32,5,14845.73,0,2,0,11731.04,14992.69,1.97
M0120279,N,76,2,8459.38,0,0,0,3571.47,7040.84,0.79
M0120280,N,70,1,9645.0,0,1,0,2952.52,5101.79,0.37
M0120281,N,66,1,7697.86,0,2,0,1790.97,5375.59,0.3
M0120282,N,24,0,8096.28,0,2,0,4552.08,7723.35,1.51
M0120283,N,46,3,46950.01,0,2,0,5386.56,37175.14,2.5
M0120284,N,71,0,7385.33,0,1,1,1620.75,4902.02,1.44
M0120285,N,42,0,4709.61,0,1,0,935.78,3026.75,0.0
M0120286,N,36,0,11105.49,0,1,0,2445.65,6508.52,0.54
M0120287,N,20,1,18059.25,1,0,0,3416.66,11393.47,0.91
M0120288,N,39,2,44500.01,0,2,1,3738.36,33115.34,1.55
M0120289,N,42,0,12856.77,0,1,0,2366.75,13407.21,1.54
M0120290,N,69,3,9878.39,1,0,0,1704.81,6382.98,1.39
M0120291,N,30,1,2583.87,0,2,0,1178.03,2732.2,0.0
M0120292,N,36,0,56955.06,0,0,0,6986.55,54797.85,0.0
M0120293,N,61,1,10912.82,0,1,0,1248.37,7521.52,2.13
M0120294,N,23,1,10648.95,1,0,0,1519.27,9257.87,1.43
M0120295,Y,73,5,195375.4,1,4,1,90046.85,109891.97,2.71
M0120296,N,76,1,13130.18,0,1,0,4080.98,8206.87,1.56
M0120297,N,44,2,8857.7,0,3,0,2791.13,7169.57,3.31
M0120298,N,47,2,49911.14,0,0,0,15081.12,33049.85,1.14
M0120299,N,53,0,6578.69,0,1,0,1015.84,4824.89,2.58
M0120300,N,32,1,5348.82,0,1,0,1286.84,3667.9,0.69
M0120301,N,60,1,5246.33,0,0,1,4541.52,4150.52,0.97
M0120302,N,36,2,5267.27,0,0,0,1606.4,6684.64,0.0
M0120303,N,32,2,9546.49,0,1,1,6044.94,7196.97,1.25
M0120304,N,68,3,25447.59,0,1,2,7514.04,12510.95,1.69
M0120305,N,79,2,14936.47,1,1,0,7985.15,12950.54,1.11
M0120306,N,32,0,27761.43,0,2,0,8974.15,25716.81,0.0
M0120307,N,41,2,36666.36,1,0,0,2290.89,31720.37,0.82
M0120308,N,37,0,8716.94,0,1,1,5810.77,6999.58,0.95
M0120309,N,74,1,15701.32,0,0,0,17345.02,3652.78,0.45
M0120310,N,43,1,22996.45,0,0,0,7850.32,11552.78,1.28
M0120311,N,62,1,5656.19,0,0,0,1412.61,4188.31,1.08
M0120312,N,19,2,20481.79,0,0,0,5958.83,16498.9,2.43
M0120313,N,80,2,13757.21,0,0,0,1213.38,10438.33,1.29
M0120314,Y,57,4,229254.51,2,2,5,79362.85,160214.98,3.13
M0120315,N,18,1,11724.06,1,0,2,9242.86,5373.75,0.52
M0120316,N,48,0,5101.14,0,0,0,3159.02,4905.88,0.0
M0120317,N,48,2,15227.22,0,0,0,1639.21,12691.09,1.46
M0120318,N,30,0,4383.28,1,1,1,2344.26,4269.86,1.04
M0120319,N,53,0,18149.48,0,0,0,873.44,13341.73,0.43
M0120320,N,46,1,19765.79,1,0,0,2771.79,19101.89,0.8
M0120321,N,60,2,16939.41,2,1,0,1001.0,15759.45,0.79
M0120322,N,73,0,11546.2,0,0,0,5230.09,7144.56,1.0
M0120323,N,74,0,12346.43,0,0,0,4752.26,7023.81,0.0
M0120324,N,46,1,17191.07,0,1,0,887.81,16967.15,0.94
M0120325,N,34,1,15588.59,0,2,0,8700.04,6085.47,1.42
M0120326,N,45,0,2595.75,0,0,0,373.73,3444.96,1.07
M0120327,N,78,2,34763.17,0,1,0,15440.35,16870.94,1.33
M0120328,N,35,1,16462.54,1,0,1,9779.05,3921.45,0.0
M0120329,N,41,1,10049.09,1,0,1,2724.21,12865.4,1.44
M0120330,N,50,1,31481.36,0,1,1,7450.86,24804.65,0.86
M0120331,N,19,2,32050.63,0,2,0,5854.36,21558.18,1.1
M0120332,Y,44,4,274571.16,2,5,4,76881.02,153920.89,5.07
M0120333,N,58,0,14886.02,0,2,0,1592.09,13440.06,1.06
M0120334,N,27,1,7942.81,0,1,1,2077.22,6572.08,2.33
M0120335,N,58,0,8668.97,0,0,0,1314.09,5737.85,0.55
M0120336,N,52,1,16825.16,0,0,0,1592.25,17555.6,0.0
M0120337,N,62,0,33094.62,1,1,1,6500.1,20934.79,1.35
M0120338,N,48,0,10653.72,0,0,0,1702.84,14075.8,0.0
M0120339,N,34,0,4707.97,0,1,1,1626.1,2483.38,0.42
M0120340,N,31,2,15026.9,2,0,1,6152.56,12469.96,2.47
M0120341,N,36,1,5155.39,0,2,0,4085.76,4560.48,0.71
M0120342,N,56,0,19165.79,0,2,0,2261.18,16725.77,0.95
M0120343,N,64,0,6819.14,0,0,2,1262.05,5174.94,1.07
M0120344,N,35,0,6042.62,0,0,1,2730.87,6674.77,1.34
M0120345,N,19,0,8201.27,0,0,0,1898.3,9803.85,2.14
M0120346,N,23,1,12047.6,0,0,0,6264.33,9159.91,1.53
M0120347,N,60,0,8861.93,0,1,0,8005.48,3570.38,0.41
M0120348,N,51,0,9717.07,0,2,2,4725.92,9620.98,2.62
M0120349,N,63,1,16400.52,0,2,1,4216.94,10687.37,1.01
M0120350,N,67,1,3287.88,0,1,0,1011.06,2260.96,0.0
M0120351,N,25,3,28260.51,0,0,2,2427.45,24870.11,0.91
M0120352,N,20,1,5538.51,0,0,1,1958.93,7123.79,1.64
M0120353,N,53,0,8807.29,1,0,0,2221.4,7548.35,0.21
M0120354,N,26,1,18979.99,1,1,1,5760.46,12286.12,0.55
M0120355,Y,55,6,488214.63,3,4,4,112797.09,326545.22,7.34
M0120356,N,35,2,9563.7,0,3,0,3945.83,8449.5,0.98
M0120357,N,74,0,3312.52,0,0,0,1017.01,3220.12,0.0
M0120358,N,22,1,6665.78,1,1,1,1542.36,4576.49,0.0
M0120359,N,19,1,12865.23,0,0,0,5656.72,15339.17,2.01
M0120360,N,62,1,14467.76,0,0,0,1116.22,11059.79,0.0
M0120361,N,42,1,20668.25,0,1,0,3253.95,19002.61,1.9
M0120362,N,26,3,13588.18,0,0,0,1354.84,11288.99,1.26
M0120363,N,50,2,16877.0,0,0,0,2851.42,14312.38,1.65
M0120364,N,32,1,13267.45,0,1,0,6313.0,6624.22,2.65
M0120365,N,36,0,11560.95,1,1,0,1826.33,10137.85,1.98
M0120366,N,64,1,14357.13,1,0,0,3962.41,9644.77,1.1
M0120367,N,35,0,13143.11,0,1,0,698.59,10568.11,1.14
M0120368,Y,62,2,190657.59,4,1,1,42119.57,118208.61,5.6
M0120369,N,43,0,5502.18,0,1,0,1508.79,4881.91,0.91
M0120370,N,40,1,51327.86,0,0,0,4042.75,45436.58,2.22
M0120371,N,53,2,10830.36,0,0,0,5039.63,5094.15,0.89
M0120372,N,22,1,10294.92,1,0,1,1966.25,10881.88,0.59
M0120373,N,73,4,7416.19,0,0,0,2593.12,5044.54,0.22
M0120374,N,37,2,22963.45,0,1,0,2349.25,30207.02,2.84
M0120375,N,79,0,12038.0,1,1,0,1207.41,14580.61,0.54
M0120376,N,27,0,3889.24,0,2,0,2575.19,2313.81,1.19
M0120377,N,19,3,7958.0,0,0,0,1594.75,9292.04,0.75
M0120378,N,20,0,5185.18,0,0,0,2512.48,2741.95,0.3
M0120379,N,34,2,15119.96,0,1,0,4124.23,9059.51,1.31
M0120380,N,22,1,6074.49,0,0,0,732.12,8201.41,0.6
M0120381,N,26,1,10391.49,0,0,0,3949.15,5710.92,0.62
M0120382,N,46,0,17594.58,0,0,1,6547.9,23890.02,1.5
M0120383,N,36,0,15011.73,0,1,0,3452.68,11564.09,0.01
M0120384,N,69,0,6052.87,0,1,1,1195.77,3547.95,0.0
M0120385,N,50,0,3234.5,0,1,1,1909.64,3826.0,0.0
M0120386,N,28,0,31199.69,1,3,0,14839.73,10129.09,2.52
M0120387,Y,81,7,286495.24,2,6,1,95552.88,148363.8,5.96
M0120388,N,27,0,3806.58,0,1,0,1226.66,2492.26,0.58
M0120389,N,36,1,9519.7,1,1,0,2132.18,13541.5,1.91
M0120390,N,51,1,6641.34,1,0,1,2694.23,8374.71,1.38
M0120391,N,50,1,20459.62,0,1,2,5803.02,11051.98,2.12
M0120392,N,38,1,6858.22,0,0,0,2742.28,2783.32,0.0
M0120393,N,70,1,4867.51,1,0,0,4830.4,3320.22,1.07
M0120394,N,59,2,6129.34,0,0,0,2719.3,5631.27,0.72
M0120395,N,54,0,9182.91,0,0,0,3167.97,12754.19,3.39
M0120396,N,75,2,3399.34,0,1,0,1232.57,2950.03,1.5
M0120397,N,76,0,4612.58,0,1,0,1166.09,3225.88,0.54
M0120398,N,33,0,18301.32,1,0,0,4461.67,14571.28,0.24
M0120399,N,43,0,10106.9,1,0,0,7041.53,2831.79,0.53
M0120400,N,31,0,9750.0,0,0,0,5024.39,6611.81,0.38
M0120401,N,41,1,10549.03,0,0,0,4488.95,8022.58,0.71
M0120402,N,49,2,7051.75,0,0,1,2020.08,5209.9,1.79
M0120403,Y,81,4,271611.66,3,4,6,99444.2,207800.1,6.26
M0120404,N,46,1,11878.74,0,0,0,4326.15,13572.46,1.21
M0120405,N,72,0,10948.64,0,0,1,1018.26,10314.57,0.0
M0120406,N,19,0,12584.94,0,0,0,3919.76,8130.95,0.43
M0120407,N,23,0,15970.05,0,2,0,6175.61,12360.18,1.57
M0120408,N,61,0,3307.47,0,0,0,1612.63,1605.71,0.04
M0120409,N,38,0,11297.59,1,0,0,1451.54,7513.06,0.0
M0120410,N,59,1,5390.34,0,0,0,527.74,3760.63,1.27
M0120411,N,60,2,26826.99,0,0,0,7033.62,15364.7,2.02
M0120412,N,26,1,11412.59,0,1,0,3341.47,6013.88,0.0
M0120413,N,62,1,10033.31,0,2,1,5945.73,5125.76,0.37
M0120414,N,59,0,6863.05,0,0,0,1045.7,4712.29,1.55
M0120415,N,76,0,14759.92,0,0,0,2598.18,10867.37,0.16
M0120416,N,42,1,23440.7,0,2,0,10153.35,8794.89,0.01
M0120417,N,65,1,15587.05,0,1,1,9844.42,15946.77,0.0
M0120418,N,21,0,9915.9,0,1,1,10385.68,5406.92,1.32
M0120419,N,64,0,13609.28,0,1,0,2099.02,9604.44,1.11
M0120420,N,79,0,18832.41,1,1,0,4029.6,15185.47,0.6
M0120421,N,69,1,21565.14,0,1,0,5734.07,11897.81,0.89
M0120422,N,34,1,32582.49,0,0,1,9811.64,40233.85,0.7
M0120423,N,56,0,5747.86,0,1,0,1884.32,4378.71,0.78
M0120424,N,60,1,7266.35,0,0,1,3866.7,6133.11,1.37
M0120425,N,51,1,10181.17,0,0,0,5489.6,11638.52,0.41
M0120426,N,68,3,8205.8,0,0,0,2587.81,3888.28,1.82
M0120427,N,49,1,6347.99,0,1,0,2313.87,3085.68,0.28
M0120428,N,39,0,21893.91,0,0,0,4979.43,32421.8,0.94
M0120429,N,45,2,2626.85,0,1,0,689.91,3737.53,0.59
M0120430,Y,37,6,283577.49,3,1,3,83270.07,259189.04,3.53
M0120431,N,66,2,16490.78,0,2,0,8849.22,17846.39,0.87
M0120432,N,55,0,11891.71,0,1,0,4318.91,6495.23,1.15
M0120433,N,65,0,12342.77,0,2,0,3541.62,8003.8,0.95
M0120434,N,38,0,10145.1,0,0,0,834.39,7118.79,0.26
M0120435,N,33,2,8238.62,0,0,0,1934.77,10441.24,1.55
M0120436,Y,73,5,268983.95,2,4,1,94761.77,198865.43,6.01
M0120437,N,70,1,5005.69,0,0,0,3173.73,3561.75,0.9
M0120438,N,52,1,7557.11,0,0,0,684.33,8583.91,0.4
M0120439,N,73,0,11306.78,0,0,0,3093.98,6872.4,0.36
M0120440,N,28,1,17496.89,0,0,0,3263.66,12053.23,0.5
M0120441,Y,56,7,145241.85,3,4,8,20203.99,134201.91,4.36
M0120442,N,22,1,11745.21,0,1,0,750.21,9123.31,1.24
M0120443,N,70,1,13899.69,0,2,0,4481.53,9065.69,0.82
M0120444,N,33,2,9939.76,1,1,0,1409.39,8667.58,2.66
M0120445,N,21,0,3876.19,0,1,0,1373.4,3628.86,1.2
M0120446,N,35,0,6800.02,1,0,0,2387.73,6689.36,0.37
M0120447,N,53,2,11253.51,0,2,0,6288.08,8005.13,0.31
M0120448,N,22,0,5324.09,0,0,0,3628.12,3436.6,1.37
M0120449,N,70,2,16355.09,0,0,0,9230.52,8050.78,3.07
M0120450,N,74,0,26461.65,0,1,1,1918.64,26650.87,2.61
M0120451,N,30,2,54172.74,0,1,0,36416.54,15684.76,2.39
M0120452,N,27,0,16291.56,0,0,0,4481.94,9589.33,1.24
M0120453,N,59,0,39619.85,1,0,0,9504.51,23086.32,0.9
M0120454,Y,82,7,210854.29,3,6,4,145159.59,81019.81,5.25
M0120455,N,51,0,7578.47,0,0,0,1845.36,5273.49,0.0
M0120456,N,21,1,25423.22,0,0,0,5771.07,15595.9,0.93
M0120457,N,68,1,6896.94,0,0,0,1886.18,7317.79,2.2
M0120458,N,38,1,4494.4,0,1,0,1578.8,4854.27,1.31
M0120459,N,38,0,8137.62,0,0,0,1610.9,4748.28,0.0
M0120460,N,71,2,22880.09,0,0,1,5503.66,16972.16,0.97
M0120461,N,39,0,13214.12,0,1,0,4142.65,11370.18,0.7
M0120462,N,80,2,5193.3,1,1,0,3744.42,2819.6,0.76
M0120463,N,69,1,4758.63,0,0,0,2205.05,5322.31,0.66
M0120464,N,56,0,40330.12,0,2,0,1783.61,35860.64,2.5
M0120465,N,56,1,9772.01,0,0,0,5510.87,3235.62,1.0
M0120466,Y,82,5,101845.98,1,3,2,50287.51,63749.38,2.2
M0120467,N,20,3,9012.2,0,1,0,4927.64,11318.61,1.81
M0120468,N,73,1,5463.1,0,0,0,612.92,5625.26,0.0
M0120469,N,58,2,13344.38,0,0,1,2269.56,13276.58,1.25
M0120470,N,21,1,18178.22,1,0,0,15715.3,1467.98,0.58
M0120471,N,61,1,20407.43,0,1,0,13980.79,13745.72,1.38
M0120472,N,42,0,9733.6,0,0,0,736.22,7064.21,1.2
M0120473,N,75,0,16938.77,0,0,1,6459.26,8679.15,2.27
M0120474,N,77,0,9877.8,0,0,0,3973.35,13042.3,1.5
M0120475,N,49,1,10836.45,1,0,0,7529.84,2024.12,0.98
M0120476,N,66,0,4306.58,0,1,0,873.97,5191.43,0.86
M0120477,N,40,0,20864.57,0,0,0,9969.44,11653.33,0.83
M0120478,N,70,3,14967.58,0,0,2,9762.5,11364.71,0.43
M0120479,N,42,1,10294.4,0,1,1,2821.56,5358.35,0.73
M0120480,N,80,0,23919.44,0,0,0,930.14,20795.51,1.14
M0120481,N,21,1,11033.13,1,1,0,1852.68,9015.69,0.54
M0120482,N,18,0,6102.02,0,0,1,2228.82,5459.21,1.72
M0120483,N,60,3,23775.33,2,1,1,7465.72,29983.34,2.58
M0120484,N,41,1,3115.59,0,0,0,1184.48,3183.12,0.94
M0120485,N,57,0,24577.51,0,2,2,2295.08,17073.18,1.22
M0120486,N,37,1,13941.9,1,0,1,5901.85,10013.94,2.03
M0120487,N,55,0,2627.19,0,0,0,630.79,1667.65,0.84
M0120488,N,39,0,14825.12,0,0,0,2935.74,23045.39,2.82
M0120489,N,23,1,36659.75,0,0,0,21830.82,8167.87,1.72
M0120490,N,31,2,7726.19,0,0,1,2636.2,4573.93,1.2
M0120491,N,34,1,2211.09,0,0,0,546.08,2260.86,0.3
M0120492,N,80,0,5464.52,0,0,0,4867.83,1984.4,0.0
M0120493,N,42,0,11759.29,0,2,1,1446.81,14311.71,0.56
M0120494,N,56,1,7709.66,0,1,0,636.7,10693.53,0.8
M0120495,N,73,0,17410.25,0,1,0,4991.82,9985.06,2.33
M0120496,N,75,0,17136.52,0,0,0,2351.8,11883.51,1.76
M0120497,N,65,1,12908.42,0,0,1,8006.47,5033.08,1.18
M0120498,N,29,1,13898.55,0,2,1,4021.58,7555.26,0.22
M0120499,N,71,2,10788.52,0,1,0,3319.27,11678.81,0.24
M0120500,N,29,0,2911.69,0,2,0,1485.99,3295.6,1.05
M0120501,N,38,1,10998.31,0,0,2,7039.04,10654.58,0.56
M0120502,N,49,0,9679.72,0,0,0,3014.0,8459.85,1.87
M0120503,N,79,1,15996.01,0,0,0,7548.85,14066.46,1.57
M0120504,N,64,1,8725.1,0,1,0,2646.75,10624.73,1.04
M0120505,N,31,0,7912.57,0,0,0,536.77,7157.54,1.0
M0120506,N,45,2,5251.22,0,1,1,1372.87,5557.61,0.68
M0120507,N,41,0,17479.67,1,1,1,4538.0,13802.38,1.38
M0120508,N,80,1,15331.48,0,0,1,7938.48,4153.08,0.42
M0120509,N,39,0,4605.38,0,0,0,619.99,3197.87,0.0
M0120510,N,42,2,9911.85,0,2,0,4015.84,6824.04,1.11
M0120511,N,18,1,13567.24,0,2,0,720.63,18751.56,1.51
M0120512,N,33,1,10401.02,0,2,1,4506.62,5153.74,0.0
M0120513,N,44,1,12549.39,1,0,0,1627.08,11626.34,1.27
M0120514,N,29,1,29636.89,0,3,0,10373.9,21250.14,1.18
M0120515,Y,36,6,548510.96,4,3,3,71523.68,394586.63,6.31
M0120516,N,40,0,5081.62,0,0,1,276.66,4743.62,0.84
M0120517,N,21,1,7784.66,0,1,0,4006.89,3175.19,1.58
M0120518,Y,46,2,227812.06,2,1,4,85999.76,142730.6,3.59
M0120519,N,33,2,9855.72,1,0,0,2040.15,10888.69,2.48
M0120520,N,47,2,12795.13,0,0,0,2440.08,8070.54,1.37
M0120521,N,68,2,27103.01,0,2,1,19652.6,11570.96,0.8
M0120522,N,76,0,131019.76,0,2,0,4609.93,102076.76,2.02
M0120523,N,27,0,27739.93,0,2,1,7455.2,20514.96,2.67
M0120524,N,42,2,56188.67,0,2,0,38235.31,27646.18,3.1
M0120525,N,70,1,3430.94,1,0,0,181.96,5176.47,0.87
M0120526,N,19,0,7618.82,0,2,0,1668.86,8941.03,1.34
M0120527,N,56,3,15323.7,1,3,0,3357.59,11112.68,1.54
M0120528,N,72,2,21866.57,0,0,0,8125.23,17354.42,0.57
M0120529,N,43,1,20848.73,0,0,1,3542.74,21957.75,1.1
M0120530,N,62,0,4862.81,0,0,0,1741.84,6099.83,1.46
M0120531,N,57,1,4197.1,0,1,0,664.18,3872.88,0.0
M0120532,N,58,0,4574.2,0,1,1,744.13,3727.51,1.46
M0120533,N,36,1,12892.57,0,1,0,2984.97,10424.64,1.98
M0120534,N,70,0,19481.3,0,0,1,6106.37,10010.94,2.41
M0120535,N,75,2,24592.8,1,2,0,6461.64,22310.78,2.74
M0120536,N,78,0,13139.72,0,1,0,1734.17,9804.9,1.52
M0120537,N,35,0,7286.51,0,4,0,767.98,7147.13,0.38
M0120538,N,32,0,5379.5,0,2,1,2819.88,4351.98,0.52
M0120539,N,56,2,13902.56,0,0,0,1060.58,13851.88,0.1
M0120540,N,58,2,23280.08,1,2,2,3612.45,16964.88,2.45
M0120541,N,26,0,10203.8,0,0,0,1099.92,8206.15,1.31
M0120542,N,71,0,6142.65,0,0,0,2678.45,5240.53,0.73
M0120543,N,68,2,32608.46,0,0,0,12694.2,13449.77,1.75
M0120544,N,25,4,38915.61,1,1,0,5181.92,25709.03,1.44
M0120545,Y,75,6,242435.71,3,9,4,82626.7,150675.21,4.76
M0120546,N,49,2,14070.48,0,0,0,4889.12,12429.03,0.28
M0120547,N,34,2,17088.77,0,1,0,7497.2,6421.4,0.23
M0120548,N,55,2,8916.64,0,1,0,2917.25,7161.83,1.32
M0120549,N,68,0,3990.49,0,0,0,1362.59,2780.49,0.0
M0120550,Y,65,6,218536.47,1,5,3,117783.46,115684.33,5.72
M0120551,N,28,1,2374.43,0,1,1,643.83,1674.81,0.0
M0120552,Y,53,2,127613.63,3,1,1,29112.91,82493.65,3.46
M0120553,N,32,1,14433.68,2,2,2,5252.5,16273.88,0.88
M0120554,N,43,0,11868.6,0,0,0,1503.42,13578.37,2.47
M0120555,N,79,2,15248.88,0,0,0,2833.67,14297.38,0.83
M0120556,N,47,0,11730.09,0,1,0,2526.83,11241.6,2.05
M0120557,N,49,2,37372.58,0,1,0,22511.07,16291.45,1.1
M0120558,N,63,0,8958.52,1,1,0,3064.63,5101.38,1.31
M0120559,N,56,1,5622.83,0,1,0,4102.76,3108.01,1.61
M0120560,N,45,2,5421.37,0,1,0,2073.69,3734.95,0.85
M0120561,N,75,1,30207.88,1,3,0,2796.35,25597.72,1.47
M0120562,N,38,0,12433.66,0,0,0,3579.48,16894.0,1.36
M0120563,N,53,0,9786.84,0,0,1,2885.27,5156.67,0.0
M0120564,N,62,0,7569.23,0,1,0,1297.94,7286.14,0.11
M0120565,Y,39,5,239275.23,5,7,6,91831.57,143637.85,7.27
M0120566,N,68,2,12157.52,0,1,0,5129.97,10533.85,2.84
M0120567,N,30,1,11587.17,0,0,0,3836.37,8233.98,0.35
M0120568,N,71,0,6906.86,1,0,0,3184.77,3638.21,0.57
M0120569,N,30,0,8381.37,0,0,0,7252.25,2305.9,0.27
M0120570,N,49,1,12919.76,0,2,0,3871.91,6433.45,1.76
M0120571,N,31,3,14604.08,1,0,0,10748.04,13380.11,1.96
M0120572,N,75,2,7323.62,0,0,1,3598.32,6008.94,0.0
M0120573,N,43,2,15182.02,0,0,2,1575.54,16997.21,0.79
M0120574,N,67,0,7610.23,0,1,0,2341.3,4194.02,0.36
M0120575,N,37,2,5647.47,0,0,0,1560.15,7854.99,0.06
M0120576,N,70,0,7712.24,0,0,0,583.62,6582.87,0.82
M0120577,N,36,1,10013.71,1,1,1,3898.2,8166.57,0.36
M0120578,N,37,1,11969.91,1,0,0,8288.25,7885.07,1.98
M0120579,N,78,2,13649.79,1,0,0,6025.63,7270.97,0.59
M0120580,N,51,0,8484.84,0,0,0,2352.64,5679.12,0.35
M0120581,Y,81,5,227432.15,3,4,4,86896.14,203392.98,7.73
M0120582,N,34,1,3141.76,0,1,0,821.93,4606.17,0.68
M0120583,Y,63,5,284762.19,3,4,7,100252.86,223743.06,5.55
M0120584,N,68,1,2326.61,1,0,2,977.58,1850.53,1.01
M0120585,N,74,0,8377.18,0,0,0,3446.74,6668.75,1.34
M0120586,N,37,1,6917.29,0,1,0,713.5,9135.53,0.48
M0120587,N,49,3,9191.01,0,3,3,1417.5,12510.26,3.03
M0120588,N,42,1,3588.33,0,0,0,944.05,3241.14,0.13
M0120589,N,36,1,9933.86,0,1,0,4284.79,5290.72,0.38
M0120590,N,44,1,7326.81,0,1,0,2553.38,5358.71,1.21
M0120591,N,47,0,22004.54,0,0,0,2932.75,14309.08,1.14
M0120592,N,35,0,33296.53,1,2,0,1799.9,41373.92,2.28
M0120593,N,46,2,18209.52,0,0,2,6266.31,8187.99,1.68
M0120594,N,59,0,12071.84,1,0,0,4233.57,6252.53,1.37
M0120595,N,75,2,3579.18,0,0,0,1076.02,3705.24,0.33
M0120596,N,19,1,10803.68,0,2,0,2440.32,9583.43,0.99
M0120597,Y,58,6,147789.48,2,3,5,50351.82,133546.89,2.93
M0120598,N,62,2,55277.62,0,3,0,13892.19,59216.48,1.86
M0120599,N,68,1,13121.71,0,2,0,3393.23,14173.39,0.25
M0120600,N,49,2,21637.98,0,1,0,5214.27,18982.52,0.63
M0120601,N,60,0,8104.76,0,0,0,3187.66,4907.25,0.37
M0120602,N,49,0,13747.2,1,0,0,1978.07,17001.14,0.72
M0120603,N,36,0,11039.92,0,1,0,9955.83,3066.86,1.06
M0120604,N,58,2,15973.27,0,1,0,19411.36,8067.23,1.33
M0120605,N,46,1,15285.05,0,0,1,8871.42,4446.91,0.96
M0120606,N,72,1,10161.36,0,2,0,4256.66,8705.35,0.7
M0120607,N,79,1,15066.89,1,0,1,1306.52,12736.12,3.82
M0120608,N,18,1,10286.84,1,0,0,2865.8,6532.93,2.02
M0120609,N,56,2,21491.5,1,1,1,6185.82,11842.79,1.96
M0120610,N,80,0,8715.36,0,1,0,1582.05,7789.81,0.0
M0120611,N,56,2,25789.65,0,0,0,13720.6,11721.78,0.67
M0120612,N,70,2,8487.03,1,0,0,3115.68,8163.62,2.31
M0120613,Y,84,5,235925.18,3,4,2,73302.75,174542.25,4.58
M0120614,N,64,0,17962.51,0,1,1,2615.27,12951.13,0.44
M0120615,N,66,1,16446.65,1,0,0,9672.51,13142.52,0.51
M0120616,N,31,2,11641.49,0,0,0,9535.24,7471.11,2.04
M0120617,N,45,0,7530.18,0,0,0,3824.57,4428.09,0.0
M0120618,N,78,0,4604.33,0,2,0,919.35,3045.29,1.75
M0120619,N,64,0,12544.73,0,2,0,4810.53,15239.04,2.07
M0120620,N,63,0,5491.15,0,0,0,3968.13,3256.83,0.0
M0120621,N,28,2,18852.88,0,1,0,11446.45,12427.12,0.96
M0120622,N,68,1,4665.87,1,0,0,1701.85,5227.63,0.46
M0120623,N,33,2,20933.96,1,2,0,8164.86,26422.3,2.27
M0120624,N,30,0,3757.72,0,1,1,966.8,2803.88,0.23
M0120625,N,30,0,8265.36,0,1,0,1347.61,7988.14,0.83
M0120626,N,32,1,8601.34,0,0,0,2808.23,4611.08,1.14
M0120627,N,28,0,17031.84,0,0,0,3170.29,10436.26,1.47
M0120628,N,23,2,3876.88,0,1,0,2370.53,4107.9,1.15
M0120629,N,24,1,13101.93,0,0,0,4184.4,10014.91,0.36
M0120630,N,39,0,30477.67,0,0,0,3559.25,22059.87,0.38
M0120631,N,45,2,17792.41,0,0,0,661.86,19074.04,2.56
M0120632,N,64,0,7494.7,0,0,1,1823.67,9792.49,1.31
M0120633,N,31,2,6991.28,0,0,0,4550.31,3950.66,0.68
M0120634,N,20,0,8640.2,0,0,0,2901.33,10803.27,0.31
M0120635,N,47,1,12231.55,0,0,0,5915.86,4278.51,1.8
M0120636,N,58,2,7045.08,0,0,0,2587.38,9202.52,0.27
M0120637,N,53,1,3641.73,0,0,0,1115.09,4242.31,0.63
M0120638,N,59,0,38120.98,1,1,1,6494.18,37100.24,1.9
M0120639,N,47,0,10942.69,0,0,0,2402.74,11076.16,0.29
M0120640,N,60,1,10069.15,0,2,0,3466.61,7375.98,1.07
M0120641,N,78,0,10073.33,0,0,1,3853.47,4577.08,0.0
M0120642,N,28,1,11060.43,0,1,0,3549.33,7803.18,1.5
M0120643,N,31,2,26330.73,0,2,1,7547.92,20071.4,2.16
M0120644,N,75,3,29778.29,0,1,0,7251.27,21493.13,0.5
M0120645,N,21,1,5988.66,0,2,0,3225.25,5249.42,0.82
M0120646,N,21,3,9818.21,0,0,1,1994.54,5973.11,1.27
M0120647,N,37,0,13192.62,0,0,0,4775.98,5851.73,0.05
M0120648,N,30,1,16870.79,1,0,0,8026.21,6358.67,1.89
M0120649,N,60,0,13017.23,0,2,0,5852.57,7759.4,1.28
M0120650,N,50,2,16717.19,0,2,0,3917.85,23592.08,2.34
M0120651,N,47,0,10069.08,0,0,1,2632.84,7799.23,1.04
M0120652,N,19,0,5512.05,1,0,0,1873.08,3892.2,1.19
M0120653,N,40,2,21852.67,0,2,1,7857.93,18442.88,2.87
M0120654,N,62,3,9533.92,0,1,0,5196.35,4904.0,0.64
M0120655,N,64,0,5301.34,0,1,0,808.11,3496.78,1.12
M0120656,N,63,3,14401.07,0,0,2,1972.89,9289.62,2.02
M0120657,N,47,3,6771.82,0,1,0,6154.24,3017.13,2.48
M0120658,N,43,1,14549.52,0,0,1,9398.82,7199.21,1.77
M0120659,N,60,1,21910.55,0,1,0,13686.46,8773.85,1.84
M0120660,N,31,2,4807.16,0,1,2,2276.84,5034.3,1.45
M0120661,N,77,1,7205.75,1,1,1,1945.02,6254.15,1.01
M0120662,Y,67,3,211590.83,2,3,5,105864.18,134857.19,4.74
M0120663,N,71,0,5553.07,0,0,0,2236.21,4961.72,2.13
M0120664,N,19,0,6281.25,0,1,1,2173.78,6452.63,1.78
M0120665,N,47,0,24278.09,0,1,2,3826.99,27570.83,1.47
M0120666,N,70,1,4213.06,0,0,0,1567.13,3018.08,0.95
M0120667,N,32,1,37804.46,0,0,0,4106.29,25955.24,1.66
M0120668,N,28,2,2426.16,0,1,0,358.84,2926.1,0.35
M0120669,N,74,0,2859.54,0,3,0,1016.75,3561.7,0.0
M0120670,N,28,1,19373.72,0,2,0,7628.74,9196.02,1.39
M0120671,N,32,1,19930.21,0,3,1,3131.03,12996.42,3.01
M0120672,N,19,0,4929.32,0,0,0,1333.14,3342.54,0.0
M0120673,N,74,0,30156.93,0,1,0,599.69,22991.64,0.59
M0120674,N,68,2,6476.15,0,0,0,4225.55,7409.24,0.0
M0120675,N,41,2,9024.62,0,0,0,2051.74,6911.32,0.0
M0120676,N,78,0,21334.08,0,0,0,1416.21,16013.62,1.83
M0120677,N,49,1,17943.35,0,0,0,14813.68,2816.23,1.5
M0120678,N,53,2,16846.93,0,0,2,4537.79,12861.56,1.49
M0120679,N,72,1,26356.9,0,0,0,2923.82,17798.11,2.23
M0120680,N,25,1,7282.09,0,0,0,4552.78,8677.42,0.95
M0120681,N,63,4,9754.57,0,0,0,1874.14,6541.86,1.11
M0120682,N,25,2,2905.05,0,0,0,2080.07,2924.63,1.53
M0120683,N,46,3,8640.73,0,1,1,8197.14,5525.9,0.04
M0120684,N,18,2,15402.06,0,2,2,4108.45,9467.94,0.67
M0120685,N,70,2,31663.72,2,2,0,11835.03,22585.09,2.48
M0120686,N,39,0,9839.82,1,2,1,7053.4,4723.24,0.65
M0120687,N,74,0,10386.71,0,0,0,1056.35,9431.87,0.66
M0120688,N,43,1,10242.32,0,1,0,2200.12,7499.95,1.2
M0120689,N,39,0,4976.2,0,1,0,1652.62,4677.72,1.24
M0120690,N,28,1,15396.36,0,1,0,2650.4,22567.05,1.22
M0120691,N,32,0,11578.28,0,0,0,2153.13,7977.48,0.71
M0120692,N,47,1,8069.25,0,1,1,5704.34,2028.7,1.52
M0120693,N,75,0,26258.11,0,1,0,6172.98,15856.36,2.46
M0120694,N,75,1,11505.01,0,0,0,1056.12,12115.78,1.69
M0120695,N,77,1,9240.49,0,2,0,4459.36,5574.15,1.42
M0120696,N,62,1,6311.24,0,0,0,598.17,9665.01,0.0
M0120697,N,52,0,8393.62,0,0,1,697.7,5900.7,0.98
M0120698,N,56,1,3882.27,0,1,0,2758.25,2925.51,1.03
M0120699,N,32,0,12726.34,0,1,0,2447.97,13149.51,0.74
M0120700,N,77,0,6700.45,0,0,1,3037.79,3856.66,0.0
M0120701,N,33,1,7589.25,0,0,0,735.65,10048.85,0.26
M0120702,N,31,0,9649.19,0,0,0,8551.72,5882.54,1.29
M0120703,N,34,0,13269.03,0,2,2,3481.54,17615.69,0.77
M0120704,N,46,0,2237.66,0,1,1,1109.51,2738.99,1.03
M0120705,N,66,1,6538.94,1,0,0,1054.41,7229.04,0.0
M0120706,N,78,0,9279.47,0,0,0,1821.28,5850.19,0.0
M0120707,N,77,3,17616.97,0,1,0,2208.62,24751.81,1.3
M0120708,Y,72,5,232559.05,4,6,2,139224.54,163824.22,4.53
M0120709,N,25,1,35062.22,0,1,1,6808.2,21928.03,2.76
M0120710,N,41,0,10067.26,1,1,0,8581.58,9617.28,1.17
M0120711,N,19,1,5457.23,0,0,0,1503.06,4559.57,0.0
M0120712,N,40,0,5189.97,0,1,0,1647.07,5263.04,1.09
M0120713,N,50,2,20789.08,1,2,1,6250.65,27022.5,2.23
M0120714,N,51,1,25312.11,0,1,1,6807.46,21765.58,1.64
M0120715,N,43,2,10718.17,0,1,1,626.71,13653.22,0.61
M0120716,N,25,0,4604.79,0,0,1,1820.08,5325.43,0.0
M0120717,N,52,0,11408.28,0,0,0,4781.91,4519.93,1.75
M0120718,N,52,1,20955.27,0,1,2,10071.05,10833.14,1.77
M0120719,N,35,4,23400.54,1,1,0,4333.65,30411.95,1.34
M0120720,N,28,0,5348.0,0,0,0,735.44,4327.23,0.0
M0120721,N,19,0,4561.94,0,3,0,821.02,4185.58,0.66
M0120722,N,26,0,6448.06,0,0,0,3745.94,3820.13,1.71
M0120723,N,65,2,10201.32,0,0,0,3102.67,7114.68,0.0
M0120724,Y,72,7,278782.99,4,3,3,158957.56,90712.43,6.97
M0120725,N,52,0,8215.17,0,0,0,2751.02,5361.0,1.49
M0120726,N,73,0,5735.97,0,0,0,601.6,3911.42,0.14
M0120727,N,38,0,5416.38,1,0,0,264.67,6046.14,0.0
M0120728,N,33,1,9767.9,1,1,1,6157.12,10821.64,0.85
M0120729,N,52,2,21488.79,0,0,0,3057.62,14081.4,1.26
M0120730,N,70,3,20641.6,0,1,0,11356.36,5651.33,1.83
M0120731,N,35,0,8821.01,0,2,0,4134.76,4809.55,1.36
M0120732,N,71,3,9797.72,0,0,0,2147.34,7644.93,1.3
M0120733,N,48,1,1985.96,0,1,0,552.22,1875.27,1.26
M0120734,N,58,0,19967.83,1,1,0,5254.53,10577.42,0.0
M0120735,N,80,0,13712.15,1,2,1,5108.51,9142.05,1.12
M0120736,N,40,2,12253.33,1,0,0,1805.06,10180.85,0.57
M0120737,N,68,0,6618.26,1,1,0,2948.95,2967.65,1.46
M0120738,N,32,2,17731.43,0,0,0,3335.57,20970.32,2.33
M0120739,N,62,1,17367.61,1,0,0,6250.56,11240.33,1.28
M0120740,N,30,0,17711.77,0,1,2,5764.61,16791.77,3.1
M0120741,N,70,1,37831.83,0,2,0,3241.97,31142.22,1.15
M0120742,N,32,3,9950.14,0,0,0,1647.32,12378.09,1.15
M0120743,N,42,1,2720.0,0,0,0,1029.28,3380.43,0.88
M0120744,N,73,0,4742.99,0,3,0,2240.97,2667.04,0.67
M0120745,N,44,0,14108.64,0,1,0,2061.7,15017.68,1.53
M0120746,N,49,0,1952.65,0,0,0,389.74,2873.66,0.0
M0120747,N,36,0,19775.11,0,0,0,5630.48,10949.38,0.0
M0120748,N,76,0,7673.63,0,2,0,2603.27,5722.48,1.18
M0120749,N,73,1,28783.88,0,3,0,9539.77,23379.6,1.41
M0120750,N,68,0,23262.31,1,1,0,1280.02,19006.5,0.95
M0120751,N,40,0,11932.06,1,0,0,3238.71,9482.9,0.0
M0120752,N,20,2,12384.2,0,1,1,2480.32,9857.13,0.93
M0120753,N,40,0,7092.57,1,0,0,3655.05,2967.68,1.15
M0120754,N,74,3,7007.1,0,0,0,1409.07,10883.21,2.04
M0120755,N,52,3,4246.56,0,0,0,770.46,3898.54,1.02
M0120756,Y,78,5,406158.73,3,9,4,205836.88,146716.98,4.39
M0120757,N,75,2,28117.7,0,2,2,17206.45,24636.22,2.36
M0120758,N,80,0,12522.92,0,1,0,2589.05,7584.05,0.45
M0120759,Y,79,3,168181.23,2,1,1,71879.94,108248.63,4.15
M0120760,N,42,0,21528.18,0,1,0,8644.72,10853.82,2.27
M0120761,N,39,1,15778.73,0,0,1,5604.97,23018.97,1.71
M0120762,N,58,1,2855.6,0,1,1,732.14,2429.69,0.0
M0120763,N,70,3,14818.22,0,1,1,4420.77,14482.34,1.49
M0120764,N,21,1,7945.1,0,1,1,4525.38,3663.11,0.47
M0120765,N,61,3,27541.04,0,2,0,4731.32,25174.98,0.9
M0120766,N,51,2,12938.81,2,0,1,6014.99,7598.4,1.72
M0120767,N,19,1,7596.01,0,1,1,3987.66,4712.82,0.07
M0120768,N,72,0,4696.3,0,0,0,798.37,3203.6,1.83
M0120769,N,33,1,8401.79,0,0,0,1342.91,11544.73,0.0
M0120770,N,57,1,9099.91,0,1,1,3824.46,10734.4,0.77
M0120771,N,28,1,26014.7,0,1,0,7255.25,16825.87,1.03
M0120772,N,42,0,15475.26,1,1,0,4313.62,12273.72,0.86
M0120773,Y,51,5,242874.09,1,3,2,136681.09,190657.62,5.5
M0120774,N,41,0,9730.12,1,1,0,2426.04,5528.07,1.27
M0120775,N,33,0,13626.77,1,0,0,2422.59,12623.01,0.44
M0120776,N,72,3,25743.46,0,2,0,8685.13,11694.78,1.99
M0120777,N,65,4,11337.18,0,1,0,1239.76,16635.16,1.58
M0120778,N,21,1,4259.03,0,0,1,1704.82,5809.73,1.64
M0120779,N,55,0,7550.74,0,1,1,3151.53,10072.4,1.26
M0120780,N,19,1,8221.34,1,1,0,4631.94,8359.54,0.42
M0120781,N,27,0,8429.4,0,0,0,1899.75,7096.58,0.5
M0120782,N,27,2,18448.15,0,0,1,2820.18,21102.47,1.4
M0120783,N,41,1,15568.97,0,0,0,953.33,22123.54,1.83
M0120784,N,18,2,9676.56,0,0,0,2438.42,10139.03,0.78
M0120785,N,70,2,5397.57,0,1,0,596.26,6254.36,0.49
M0120786,N,68,0,4998.96,1,0,0,1407.78,2698.15,0.6
M0120787,N,25,1,15017.36,0,0,1,2244.34,12941.27,0.19
M0120788,N,78,1,20070.24,0,0,0,4485.17,11602.58,1.38
M0120789,N,54,0,31459.08,0,0,0,6126.03,20013.94,1.71
M0120790,N,36,1,10169.03,0,1,1,3916.79,11121.09,1.62
M0120791,N,40,1,10536.54,0,1,0,1987.78,14248.79,1.98
M0120792,N,25,1,16552.57,0,0,1,8582.29,8460.77,1.56
M0120793,N,60,2,39404.91,1,0,1,12385.94,21286.73,2.17
M0120794,N,73,0,7491.2,0,0,0,1781.29,8181.35,0.0
M0120795,N,69,2,5809.45,0,1,0,1809.15,7467.55,1.93
M0120796,N,31,0,22010.26,0,1,0,3402.99,17586.64,2.73
M0120797,N,34,2,27055.23,0,1,1,1793.88,26295.09,0.62
M0120798,N,24,2,8960.23,1,3,2,7518.38,5102.79,3.39
M0120799,N,58,0,2921.64,0,0,0,834.66,3465.09,0.0
M0120800,N,48,0,17903.47,0,0,0,5264.92,10439.58,1.43
M0120801,N,62,0,17551.78,0,0,0,5679.76,10628.16,0.56
M0120802,N,42,0,12201.46,0,1,0,5942.1,9137.97,2.31
M0120803,N,75,1,21968.43,2,2,0,5289.8,15091.39,1.89
M0120804,N,20,0,9470.5,0,0,0,1997.84,6124.84,0.0
M0120805,N,68,2,13978.42,0,0,0,6189.51,7519.62,0.83
M0120806,N,75,0,11404.02,0,0,0,3714.71,9281.8,1.25
M0120807,N,56,2,51491.63,0,1,0,5544.26,44246.3,2.03
M0120808,N,72,1,12874.32,0,1,1,5864.59,11170.59,0.0
M0120809,N,52,2,18119.74,1,0,2,9299.0,10234.06,2.09
M0120810,N,36,0,11346.51,0,1,1,2362.18,9646.85,0.39
M0120811,N,40,0,10108.89,0,0,0,2685.7,10633.33,0.94
M0120812,N,67,0,9858.99,0,2,1,2904.77,4984.34,0.02
M0120813,N,69,2,16067.98,0,2,0,1525.67,19705.67,0.04
M0120814,N,59,0,7578.63,0,0,0,1728.86,6351.77,1.05
M0120815,N,31,1,7392.61,0,0,0,1560.62,7478.82,1.22
M0120816,N,45,2,10249.8,0,0,1,2746.95,6190.25,1.43
M0120817,N,42,1,9907.59,0,0,0,3284.97,8054.61,0.3
M0120818,N,47,0,16175.79,0,0,0,758.03,14163.13,1.84
M0120819,N,66,3,64012.94,1,2,1,7776.54,42381.57,2.16
M0120820,N,53,1,19880.13,0,0,0,3481.92,13257.19,0.05
M0120821,N,20,1,17933.82,0,2,0,2254.19,12671.3,1.54
M0120822,N,78,1,39837.8,0,0,0,15442.5,33316.94,1.95
M0120823,N,41,2,13539.68,0,1,0,1866.38,15305.57,1.01
M0120824,N,54,0,4741.54,0,0,1,920.25,4475.44,0.05
M0120825,N,50,0,12864.39,1,0,1,4159.62,10133.15,2.9
M0120826,N,59,0,8096.4,0,1,0,5029.78,3253.6,1.66
M0120827,N,25,2,11242.21,1,0,0,1055.93,8740.69,1.78
M0120828,N,21,2,16195.18,0,0,1,1227.82,12825.12,0.0
M0120829,N,54,0,4755.53,0,2,0,2592.29,1704.15,0.49
M0120830,N,71,0,4525.8,0,0,0,1202.35,2849.44,0.06
M0120831,N,67,1,7399.61,0,1,0,4064.93,4520.18,1.35
M0120832,N,72,0,7169.99,0,0,0,1176.64,6334.04,0.42
M0120833,N,51,1,17766.38,0,0,0,5884.64,19550.12,1.14
M0120834,N,74,0,6364.25,0,0,1,4234.35,2295.16,1.16
M0120835,Y,66,3,158311.11,2,1,5,58563.45,84547.17,2.01
M0120836,N,56,1,14848.06,1,2,0,1068.12,13019.63,0.0
M0120837,N,76,1,7585.97,0,1,0,2635.01,6968.12,0.86
M0120838,N,43,1,3355.47,1,0,0,991.18,4283.01,0.94
M0120839,N,32,0,9015.65,0,1,0,2843.66,4667.32,1.65
M0120840,N,32,0,6796.53,0,0,0,1559.92,3767.01,0.9
M0120841,N,34,0,13897.68,0,0,0,2575.83,9802.17,1.4
M0120842,N,40,1,5697.55,0,0,0,1135.3,5112.74,0.83
M0120843,N,20,0,4304.41,0,1,0,943.42,4500.55,0.5
M0120844,N,42,1,14799.99,0,3,0,3134.63,13364.27,1.93
M0120845,N,73,2,4622.85,0,1,0,851.94,5673.37,0.6
M0120846,N,56,3,4897.49,1,0,0,2901.13,4339.01,1.5
M0120847,N,76,0,5457.53,0,2,0,2791.82,4115.79,0.0
M0120848,N,69,3,14543.92,0,4,1,4898.29,8686.06,2.75
M0120849,N,32,1,16123.15,1,1,1,2950.69,23254.89,1.78
M0120850,N,66,0,14802.67,0,2,0,2178.44,13821.19,0.31
M0120851,N,60,0,9655.35,0,0,1,2238.08,7653.32,1.7
M0120852,Y,77,6,345880.7,4,4,2,211284.89,84683.96,4.0
M0120853,N,52,0,4453.16,1,1,0,1702.71,3313.57,1.57
M0120854,N,67,0,5975.4,0,0,0,1444.73,3788.17,0.0
M0120855,N,51,0,8248.03,0,1,1,1314.99,8791.27,2.13
M0120856,N,36,0,7051.89,0,0,0,3044.6,4943.49,0.77
M0120857,N,22,2,18596.81,1,0,2,7876.23,7597.39,2.65
M0120858,N,71,2,5017.51,0,0,1,825.95,4549.41,0.0
M0120859,N,52,0,3151.15,0,0,0,498.87,3215.76,0.27
M0120860,N,41,1,8536.35,1,0,0,4451.56,3024.65,1.45
M0120861,N,45,1,64199.36,0,0,0,6264.65,44093.62,1.52
M0120862,N,23,1,16293.25,0,1,3,5762.82,13467.55,1.8
M0120863,N,42,1,66946.15,0,0,1,3161.78,77268.26,1.81
M0120864,N,63,2,22250.84,1,1,1,2386.76,15816.15,1.9
M0120865,N,67,0,8752.55,0,2,0,903.85,5936.47,0.0
M0120866,N,58,1,17738.19,0,3,0,4838.58,13292.68,0.92
M0120867,N,51,1,9442.86,0,0,3,808.3,10444.92,1.33
M0120868,N,49,1,12870.17,1,0,0,5735.07,4818.23,1.91
M0120869,N,57,1,5005.56,0,0,0,998.8,3340.2,1.79
M0120870,N,59,1,8628.16,1,1,1,2029.74,13055.35,1.51
M0120871,N,59,0,8206.88,0,0,0,5652.37,1872.06,0.37
M0120872,N,77,0,5596.07,0,0,1,738.0,5260.08,0.95
M0120873,N,37,2,27613.33,0,2,0,7074.19,17765.34,2.61
M0120874,N,59,2,20364.53,1,2,0,1844.04,21825.16,1.53
M0120875,N,18,1,8744.33,0,2,1,3346.73,4736.62,1.56
M0120876,N,64,1,6951.38,1,1,0,2079.54,3569.7,1.01
M0120877,N,29,2,20297.25,0,2,2,2036.27,13857.07,1.08
M0120878,N,37,0,35812.24,0,0,0,11111.6,36684.14,1.14
M0120879,N,34,1,3935.36,0,0,0,1639.63,4059.58,3.54
M0120880,N,38,1,12007.27,0,0,0,3870.31,5765.8,0.12
M0120881,N,18,2,9422.51,0,2,0,3875.63,4769.94,2.43
M0120882,N,34,0,3044.16,0,0,0,590.33,3662.91,0.06
M0120883,N,19,1,5588.74,0,1,0,1629.46,2872.28,1.03
M0120884,N,23,1,10665.23,0,0,1,1114.54,9789.03,1.61
M0120885,N,26,0,6190.17,1,0,0,4530.48,4068.7,1.04
M0120886,N,57,1,13663.64,0,0,0,2082.26,12721.53,0.84
M0120887,N,76,0,16384.66,0,1,0,11988.87,6413.63,2.15
M0120888,N,37,3,31290.71,0,3,2,1607.53,36513.39,1.94
M0120889,N,78,0,7012.42,0,0,1,3807.73,1907.88,1.46
M0120890,N,45,0,6438.01,1,1,1,2028.18,6315.58,0.26
M0120891,N,80,0,6223.71,0,0,0,1189.26,4123.82,0.0
M0120892,N,39,0,12685.98,0,0,0,880.74,12648.19,0.0
M0120893,N,68,2,8086.28,0,1,0,2654.95,8592.79,3.12
M0120894,N,20,0,16492.55,0,0,0,5493.19,10764.86,0.33
M0120895,N,65,0,46108.72,0,2,1,14887.73,26538.55,0.9
M0120896,N,39,1,5437.69,0,1,0,2146.42,7422.83,0.0
M0120897,N,44,0,20537.78,1,0,1,3875.0,15443.12,1.67
M0120898,N,42,0,5692.6,0,0,0,1236.34,5942.36,0.0
M0120899,N,23,0,6008.06,0,0,0,1680.52,6952.95,1.3
M0120900,N,24,1,4623.08,0,0,0,1377.87,3027.99,0.0
M0120901,N,66,2,12501.26,1,3,0,4927.77,9299.94,1.74
M0120902,N,40,1,22349.44,0,1,1,9129.73,10156.35,1.96
M0120903,N,54,0,5456.08,0,1,0,2644.85,4122.14,0.0
M0120904,N,20,0,12259.23,0,1,1,6221.72,12975.86,0.0
M0120905,N,41,0,27107.6,1,0,2,6406.03,15236.31,1.12
M0120906,N,68,0,6519.21,0,0,0,2169.02,4448.75,0.0
M0120907,N,36,1,7924.9,0,0,0,1926.83,6890.19,2.13
M0120908,N,24,2,19040.65,0,0,0,3156.07,12342.23,0.52
M0120909,N,30,1,6746.89,1,0,0,3348.57,7264.09,1.29
M0120910,N,55,0,7175.26,0,0,1,5170.37,5397.8,1.29
M0120911,N,65,1,10830.12,0,3,0,2395.25,13552.26,0.89
M0120912,N,48,0,10303.44,1,0,0,2103.58,9531.88,2.06
M0120913,N,19,3,8081.63,0,0,0,2930.68,8897.67,1.23
M0120914,N,52,0,2770.21,0,0,0,657.45,4063.67,0.8
M0120915,N,58,1,21547.07,1,1,0,7845.83,9119.46,1.21
M0120916,N,22,1,10901.83,1,0,1,2121.05,14619.06,1.48
M0120917,N,70,1,24533.91,0,0,1,2616.24,26045.76,2.52
M0120918,N,73,1,4827.83,0,0,0,2291.73,3683.87,0.0
M0120919,N,72,0,6293.07,1,0,0,2098.29,6021.69,1.91
M0120920,N,21,1,4528.34,0,1,0,1941.32,4184.38,0.68
M0120921,N,39,0,8375.76,0,0,0,1430.38,5393.71,0.0
M0120922,Y,37,7,263506.66,3,7,7,128339.56,208459.57,5.82
M0120923,N,66,0,12182.61,0,0,0,8773.73,5719.37,1.11
M0120924,N,35,2,7911.68,0,0,0,2002.4,6337.97,1.28
M0120925,N,45,1,28217.82,0,0,1,11617.39,15767.6,1.02
M0120926,N,36,1,6621.63,0,0,0,1869.31,5003.55,2.19
M0120927,N,19,0,2466.55,0,2,1,1004.1,2549.57,1.23
M0120928,N,67,0,5014.26,0,2,1,1556.39,4684.79,1.28
M0120929,N,58,1,19941.02,1,0,1,10955.07,17703.53,2.18
M0120930,N,51,0,6445.52,1,0,0,3100.05,7578.3,0.1
M0120931,N,38,1,17242.85,0,0,1,5663.54,20258.46,0.46
M0120932,N,75,2,7790.56,1,1,0,5427.72,7253.29,1.64
M0120933,N,73,1,24017.37,0,0,0,11135.48,9897.48,0.96
M0120934,N,68,1,10667.58,0,1,1,7886.66,3748.42,2.22
M0120935,N,33,0,6645.61,0,0,0,1348.33,8291.28,0.91
M0120936,N,76,1,15046.42,0,2,0,2983.56,10712.16,0.74
M0120937,N,65,1,232797.32,0,2,1,21982.87,161978.87,1.1
M0120938,N,52,3,11765.91,0,2,2,5618.15,10937.17,2.08
M0120939,N,57,1,5335.09,0,0,0,1286.02,5979.45,0.27
M0120940,N,30,0,9690.67,1,1,1,3587.5,4478.61,0.98
M0120941,N,74,3,48370.88,1,1,0,22073.55,26198.84,2.38
M0120942,N,74,3,15027.39,0,0,0,3063.88,15319.21,2.02
M0120943,N,39,0,21442.16,1,0,0,13360.87,11368.16,0.28
M0120944,N,58,0,7328.93,0,1,0,5268.26,7238.97,0.99
M0120945,N,32,1,5956.63,0,0,1,586.85,5203.24,0.86
M0120946,N,62,3,3252.16,1,0,0,3699.73,1802.93,2.27
M0120947,N,56,1,36371.72,0,2,1,9217.05,20161.59,0.54
M0120948,N,44,0,7196.32,0,0,0,2152.84,5526.71,0.05
M0120949,N,40,1,12005.12,1,1,0,1204.94,10476.47,2.39
M0120950,N,24,1,4726.11,1,0,0,760.44,6133.07,0.97
M0120951,N,71,0,8093.06,0,1,1,1591.49,5586.06,0.57
M0120952,N,33,1,12136.44,0,0,0,9792.39,7453.44,2.51
M0120953,N,80,1,5504.58,0,0,0,731.53,7723.27,0.0
M0120954,N,74,0,2831.14,0,0,0,539.63,2231.81,1.2
M0120955,N,38,1,23270.64,0,1,0,10177.7,10881.76,0.0
M0120956,N,76,0,5971.53,0,2,2,3121.39,4510.4,1.2
M0120957,N,67,2,12485.36,0,0,0,2869.04,15370.75,1.02
M0120958,N,60,2,4645.57,0,0,0,1953.62,4243.19,1.08
M0120959,N,40,0,5409.52,1,2,0,1675.94,4949.49,0.38
M0120960,N,57,0,14108.34,0,2,0,5943.88,6074.77,2.9
M0120961,N,65,1,10979.66,0,0,0,2740.65,7383.25,0.52
M0120962,N,23,2,14367.32,1,1,0,4007.77,17896.79,1.58
M0120963,N,37,2,43483.36,0,1,0,2547.15,32989.96,0.91
M0120964,N,38,1,11792.89,0,0,1,653.14,10492.51,0.65
M0120965,N,31,1,23692.74,0,0,1,1977.96,17976.23,0.0
M0120966,N,54,2,53504.65,0,3,0,9840.42,66225.38,3.32
M0120967,Y,66,4,147589.91,4,2,3,46073.32,85564.2,6.0
M0120968,N,34,0,9184.2,0,1,0,2009.03,8113.73,0.15
M0120969,N,78,2,13364.76,2,0,0,2951.5,15916.07,1.37
M0120970,N,77,1,15609.05,0,0,0,4057.73,9762.5,1.22
M0120971,N,54,1,43381.23,0,1,1,18460.64,15767.93,2.22
M0120972,N,22,0,8157.36,0,0,0,3413.7,8928.18,1.66
M0120973,N,30,2,16907.87,0,0,0,8485.66,11857.91,1.7
M0120974,N,38,2,21156.4,0,0,0,3580.61,13597.19,1.33
M0120975,Y,75,5,325714.4,2,5,3,63288.16,255031.79,5.93
M0120976,N,75,0,15945.41,1,0,0,7724.04,10739.05,2.33
M0120977,N,27,0,40981.77,0,0,1,9800.37,24962.2,2.35
M0120978,N,27,1,4628.76,0,1,0,2230.57,2759.9,3.2
M0120979,N,37,0,5131.88,0,2,2,627.92,4913.32,0.52
M0120980,N,71,0,3054.96,0,2,0,1281.97,3723.76,0.28
M0120981,N,74,1,17182.59,0,0,2,6661.9,9201.94,0.96
M0120982,N,79,3,31327.34,1,0,1,12571.53,11934.34,2.23
M0120983,N,76,0,21522.94,1,0,0,4824.39,22511.42,1.51
M0120984,N,65,2,19001.06,0,1,0,8035.55,16010.57,0.66
M0120985,N,54,0,3505.36,0,0,0,571.81,3037.07,0.0
M0120986,N,42,0,4381.36,0,0,0,1164.75,3766.21,0.0
M0120987,N,47,0,13093.56,0,0,0,1537.04,8981.95,2.47
M0120988,N,74,0,4120.28,1,0,0,966.28,5571.59,0.38
M0120989,N,74,2,9844.25,0,0,0,5644.94,3500.02,0.46
M0120990,N,42,0,5546.2,0,2,0,3123.86,6515.76,1.6
M0120991,N,24,0,8006.44,0,0,0,3341.6,3885.42,0.97
M0120992,N,53,1,6541.88,0,2,0,2371.77,6820.71,0.67
M0120993,N,49,0,3076.29,0,0,0,1703.23,2634.28,0.7
M0120994,N,78,1,40187.24,1,0,0,2766.42,36398.97,2.53
M0120995,N,63,0,13184.57,0,0,0,1855.88,19366.69,1.54
M0120996,N,51,1,13907.79,0,0,2,7608.33,5903.06,1.64
M0120997,N,70,2,3701.77,0,0,1,1404.92,3410.25,0.0
M0120998,N,27,0,7905.58,0,0,0,1648.47,7263.27,1.28
M0120999,N,54,1,3796.1,0,0,0,1402.48,5268.75,1.29
M0121000,N,38,1,18232.05,0,1,0,4469.07,10554.26,1.33
M0121001,N,75,0,13960.09,0,0,1,10604.66,11678.78,2.09
M0121002,N,61,0,11881.82,1,0,0,2532.76,10755.3,1.26
M0121003,N,75,0,27520.38,1,1,0,16626.98,14451.74,2.75
M0121004,N,44,0,4729.13,1,0,0,3189.99,4995.79,0.22
M0121005,N,23,0,8781.01,0,0,1,1822.63,7262.65,1.11
M0121006,N,75,0,29967.11,0,1,0,1163.67,26655.99,2.57
M0121007,N,32,0,3647.56,0,1,1,264.21,5971.04,1.58
M0121008,N,67,1,12093.16,0,0,0,1655.91,15053.99,2.53
M0121009,N,25,1,5099.59,0,0,0,1470.73,5485.24,0.12
M0121010,N,63,0,4900.45,0,0,0,1813.65,5205.2,0.99
M0121011,N,28,1,14035.52,1,0,0,4328.33,6919.3,1.71
M0121012,N,27,0,11222.32,0,0,0,4627.91,13022.27,0.14
M0121013,N,79,0,6907.41,0,1,0,771.91,5018.23,0.0
M0121014,N,68,2,23014.38,1,2,1,3890.55,17508.37,0.96
M0121015,N,44,2,41868.78,0,1,1,15848.38,39519.96,2.15
M0121016,N,30,2,20191.84,1,2,1,1360.38,16773.49,4.06
M0121017,N,19,1,5586.28,0,0,0,2214.05,4663.44,0.53
M0121018,Y,65,6,211609.32,3,5,1,161701.92,117612.53,7.53
M0121019,N,44,2,25871.86,1,2,0,6335.48,16025.87,2.28
M0121020,N,27,0,7046.74,0,0,0,3001.03,4442.39,0.0
M0121021,N,25,4,13363.01,0,3,0,11989.26,5884.55,1.21
M0121022,N,23,2,16042.83,0,1,0,1360.89,14565.71,0.0
M0121023,N,40,1,6059.23,0,2,0,4782.66,4725.85,0.36
M0121024,N,21,1,15402.67,0,3,0,8768.14,14233.76,1.56
M0121025,N,43,0,44892.68,0,1,1,37382.77,9504.48,0.87
M0121026,N,68,0,16423.87,0,0,1,7294.34,9007.73,1.3
M0121027,N,34,1,5413.2,0,0,1,2476.89,6287.54,0.05
M0121028,N,56,3,5171.67,0,0,0,3094.68,5698.1,0.0
M0121029,N,41,0,3704.41,0,0,0,1904.21,4789.69,0.0
M0121030,N,39,2,13124.3,1,1,0,6887.98,5404.69,0.98
M0121031,N,27,2,7815.74,0,0,0,797.99,7427.13,0.5
M0121032,N,35,0,13886.8,0,1,2,6777.25,17676.3,1.15
M0121033,N,63,3,45530.27,1,2,1,2198.04,44147.14,2.07
M0121034,N,37,0,11973.38,0,1,0,2481.66,8268.06,1.68
M0121035,N,22,0,1755.18,0,0,1,549.53,2370.27,0.29
M0121036,N,49,1,3628.49,0,2,0,1570.76,3535.62,0.0
M0121037,N,30,0,5680.73,0,0,2,4801.94,3553.52,0.0
M0121038,Y,74,5,297259.33,4,5,5,205720.1,136248.48,7.15
M0121039,N,25,1,2984.31,0,0,0,915.95,3956.32,0.66
M0121040,N,24,0,5353.14,0,1,1,4240.77,5161.57,1.22
M0121041,N,53,2,21830.55,1,1,0,2093.1,15074.97,1.51
M0121042,N,60,1,5011.61,0,1,0,2121.35,2376.83,0.65
M0121043,N,72,2,8003.2,0,0,0,4078.45,9217.49,1.77
M0121044,N,61,1,11828.3,0,0,0,6561.49,12429.29,1.21
M0121045,N,49,0,13775.28,0,1,0,7959.78,7571.11,1.56
M0121046,N,37,2,13451.05,0,2,0,7332.15,10271.09,0.65
M0121047,N,80,1,13784.43,0,1,0,5689.64,7169.82,0.7
M0121048,N,60,3,37066.54,1,1,0,3582.66,25617.52,1.43
M0121049,N,58,1,16229.64,0,1,0,7198.83,7598.21,0.74
M0121050,N,35,1,16391.14,0,0,0,1386.82,15044.17,1.06
M0121051,N,63,1,5527.63,0,0,1,1503.3,5548.16,1.59
M0121052,N,45,1,11520.67,0,0,0,4138.3,8680.01,0.0
M0121053,N,74,1,31453.93,1,2,2,3220.97,24327.21,3.07
M0121054,Y,58,3,284494.72,4,7,3,103261.79,275750.6,4.97
M0121055,N,55,0,8782.48,1,0,0,1051.99,12505.0,1.06
M0121056,N,31,1,25413.9,0,1,0,3464.46,22758.34,0.59
M0121057,N,55,1,8025.39,0,0,0,181.11,6231.99,0.74
M0121058,N,74,1,7459.06,0,0,0,2342.79,5753.34,0.5
M0121059,N,35,1,7435.6,0,2,1,2317.37,4810.68,0.46
M0121060,N,22,0,15109.24,0,0,0,2852.12,18053.36,2.2
M0121061,N,23,0,12725.58,0,0,0,2845.25,8114.23,0.73
M0121062,N,62,0,9712.33,0,0,0,351.99,9158.47,0.61
M0121063,N,65,1,21586.46,0,2,0,4349.57,21691.53,3.33
M0121064,N,35,0,8147.13,0,1,0,2036.69,8326.53,0.0
M0121065,N,21,2,25676.23,1,0,1,8394.76,17249.46,1.87
M0121066,N,36,3,13658.18,1,2,0,10228.88,8300.87,2.85
M0121067,N,69,2,13906.88,0,0,0,1647.01,13176.83,0.54
M0121068,N,28,1,15140.83,0,0,1,7318.44,6556.25,2.3
M0121069,N,23,1,11268.21,0,1,0,798.26,9058.68,0.19
M0121070,N,49,3,9828.19,0,1,0,4551.16,7526.23,0.14
M0121071,N,46,0,10783.18,0,0,0,3817.1,5369.71,1.3
M0121072,N,27,1,22442.9,0,2,1,7252.64,10433.55,2.14
M0121073,N,66,1,4244.81,0,1,0,1892.62,2138.88,0.0
M0121074,N,55,3,22190.44,1,0,0,5435.81,25423.14,0.91
M0121075,N,19,2,28360.99,1,2,0,4726.89,32019.58,1.64
M0121076,N,62,0,3656.58,0,0,1,1088.69,2366.44,0.37
M0121077,N,65,1,15134.49,0,0,0,1840.25,14750.88,1.2
M0121078,Y,63,2,132020.25,2,5,3,40995.94,78475.0,3.32
M0121079,N,42,0,9084.58,0,0,0,2746.89,7364.23,0.63
M0121080,N,66,0,4432.61,0,0,0,933.79,4282.44,0.0
M0121081,N,37,0,9676.58,0,0,1,4717.17,6934.82,1.14
M0121082,N,65,0,6714.84,1,1,0,836.48,4885.81,0.45
M0121083,N,42,1,15397.84,0,1,1,1562.95,19302.81,1.54
M0121084,Y,38,3,158543.13,1,3,1,95198.44,53172.47,4.33
M0121085,N,70,0,24583.38,0,2,1,5450.32,15811.44,2.0
M0121086,N,31,1,16282.02,0,2,1,11868.98,6306.21,1.65
M0121087,N,26,3,22898.66,1,0,0,1400.95,32633.92,1.57
M0121088,N,39,1,17429.2,1,1,0,8205.29,13843.78,0.92
M0121089,N,55,0,5705.74,0,0,0,2756.33,2194.28,2.4
M0121090,N,70,0,8812.04,1,0,2,1323.79,8274.26,0.46
M0121091,N,75,1,7359.22,0,3,1,1437.25,10525.64,2.18
M0121092,N,31,3,18637.89,0,1,0,10101.47,4814.11,2.96
M0121093,N,74,0,25539.44,0,0,0,12571.94,9576.3,2.13
M0121094,N,38,3,33358.24,1,0,1,24469.32,22723.88,2.63
M0121095,N,52,0,13182.86,1,0,0,4973.77,9754.6,0.0
M0121096,N,80,1,61343.9,0,0,0,4685.16,74975.1,0.98
M0121097,N,34,0,8348.72,0,0,1,1216.63,5882.41,0.59
M0121098,N,80,1,7541.68,0,0,0,3562.8,4858.26,0.0
M0121099,N,79,2,11421.13,0,1,1,5149.66,5621.4,0.84
M0121100,N,80,2,8251.97,0,1,0,726.82,6490.3,1.35
M0121101,Y,83,4,192444.31,2,4,1,47181.15,174251.7,6.33
M0121102,N,71,3,21142.78,1,1,0,9768.2,7559.99,1.52
M0121103,Y,62,4,305209.52,2,4,5,112800.61,254428.32,5.47
M0121104,N,54,1,8088.38,0,1,0,4666.28,9735.5,1.73
M0121105,N,72,0,17060.94,0,2,0,4533.24,19577.82,1.21
M0121106,N,32,1,13537.29,0,0,0,3394.86,19781.88,2.6
M0121107,N,73,2,24930.53,1,0,1,4898.94,15819.32,1.71
M0121108,N,34,0,21794.94,0,3,1,7067.91,13632.55,1.77
M0121109,N,34,0,15944.41,0,0,0,2886.31,11731.81,0.46
M0121110,N,80,0,4009.64,0,0,1,923.14,2889.72,0.4
M0121111,N,68,1,9005.49,0,0,1,5296.26,6726.19,0.75
M0121112,N,39,0,16581.65,0,2,0,2905.02,15021.12,2.16
M0121113,Y,36,7,239881.65,2,5,4,66711.07,175703.78,5.4
M0121114,N,79,1,4080.63,0,0,0,4035.06,1216.81,0.86
M0121115,N,44,2,10994.75,0,1,0,3844.39,9393.35,0.96
M0121116,N,58,1,8174.8,0,1,1,3166.96,3586.85,1.51
M0121117,N,46,0,10044.61,0,1,0,2426.93,7133.63,1.0
M0121118,N,55,1,5882.31,0,0,2,505.55,6807.76,1.67
M0121119,N,52,1,5053.57,0,0,0,1060.41,3326.55,0.11
M0121120,N,69,3,7355.12,0,1,1,2154.07,4745.19,0.2
M0121121,N,47,0,16210.05,1,0,1,2148.19,13904.63,1.91
M0121122,Y,68,6,277515.92,2,6,7,226316.31,118542.6,6.97
M0121123,N,60,1,13843.13,0,0,0,6574.09,8346.9,1.89
M0121124,N,74,1,12120.97,1,1,1,6055.57,3795.6,0.0
M0121125,N,36,2,46152.96,1,1,1,6089.87,61937.96,2.02
M0121126,N,58,1,4413.67,0,0,0,2147.79,3725.52,0.0
M0121127,N,75,2,3435.6,0,1,0,690.47,3477.11,1.7
M0121128,N,54,1,21370.93,1,1,0,2266.3,18525.66,1.91
M0121129,N,71,0,8951.07,0,0,1,2878.99,5141.51,0.68
M0121130,N,51,2,15689.5,0,1,0,4424.5,7962.41,2.43
M0121131,N,56,1,7016.04,0,2,0,1269.08,9465.45,3.0
M0121132,N,77,1,10710.09,0,0,1,4367.86,7193.12,0.71
M0121133,N,39,2,10194.8,0,0,1,3556.83,5231.06,1.68
M0121134,N,56,0,4301.35,0,0,0,943.36,3211.93,1.26
M0121135,N,61,0,12124.15,0,2,0,4999.04,5866.99,2.36
M0121136,N,47,0,17422.28,0,0,0,6172.88,18694.25,0.39
M0121137,N,50,0,5383.05,0,2,0,1154.73,3389.25,0.6
M0121138,N,44,0,11636.49,0,0,0,3772.22,7135.35,1.04
M0121139,N,55,0,18257.31,2,0,0,7424.45,7337.31,0.88
M0121140,N,76,2,9913.7,0,0,0,5276.2,8175.12,0.89
M0121141,N,43,1,10732.49,0,2,2,1127.75,10684.62,0.13
M0121142,N,47,0,16062.11,0,1,0,3221.64,18469.66,0.1
M0121143,N,20,2,28057.54,0,1,1,15276.44,14760.78,1.27
M0121144,N,43,1,19601.61,0,1,0,6699.56,8813.43,1.79
M0121145,N,66,1,11298.33,0,0,0,7426.12,5424.64,1.01
M0121146,N,78,1,9615.66,0,0,0,1717.93,8611.35,0.72
M0121147,N,19,0,36330.9,0,0,0,7707.4,27018.09,1.33
M0121148,N,76,1,12447.72,0,0,1,5727.21,7883.11,0.47
M0121149,N,33,1,23824.49,0,1,0,15339.07,9906.49,0.45
M0121150,N,41,1,10375.52,0,0,0,766.13,12121.91,0.0
M0121151,N,60,2,11086.35,0,0,0,3289.81,6954.47,1.25
M0121152,N,76,1,8171.15,0,0,0,1703.81,5538.99,1.83
M0121153,Y,54,3,182459.28,3,2,1,97016.28,98762.75,4.82
M0121154,N,65,0,3467.46,0,1,0,1318.82,2922.22,0.0
M0121155,N,61,2,12109.81,0,1,0,7101.14,8849.87,1.74
M0121156,N,37,2,17534.73,1,1,1,10174.68,8218.23,1.69
M0121157,N,59,1,8364.12,0,0,1,1144.78,6359.47,0.66
M0121158,N,57,4,34866.16,2,0,1,10805.31,27423.56,1.96
M0121159,N,43,2,9416.51,0,0,1,4487.82,9593.34,1.39
M0121160,Y,37,7,260470.67,3,3,2,140042.94,115947.29,7.07
M0121161,N,69,2,20572.76,0,1,1,14332.82,4035.76,1.32
M0121162,N,44,1,19998.62,0,1,0,2909.28,15113.64,0.34
M0121163,N,51,0,10611.59,0,0,0,349.49,9831.01,0.0
M0121164,N,49,0,18921.62,0,1,0,10708.36,19664.71,1.64
M0121165,N,24,2,9900.94,0,1,0,1856.31,8558.54,2.0
M0121166,N,55,1,3413.44,0,0,0,848.51,4204.77,1.5
M0121167,N,46,2,9373.71,0,1,1,6311.5,9093.9,1.37
M0121168,N,37,1,11828.81,0,1,1,3931.34,6043.19,0.64
M0121169,N,31,0,1654.3,0,0,0,658.87,1358.22,0.72
M0121170,N,62,1,5514.1,0,0,0,2755.89,4304.48,0.69
M0121171,N,49,2,32517.36,1,0,0,3170.14,40423.72,2.66
M0121172,N,41,1,21509.79,1,0,1,3128.74,25596.77,2.14
M0121173,N,30,1,12604.94,0,0,0,2757.09,7793.38,0.16
M0121174,N,36,3,7382.98,0,1,0,2593.9,9532.31,1.21
M0121175,N,31,0,12349.93,0,2,1,8810.17,4731.01,0.0
M0121176,N,20,1,5464.2,1,0,0,5766.77,3569.07,1.16
M0121177,N,55,3,16610.1,3,2,0,9109.13,4643.83,1.5
M0121178,N,52,1,11765.65,0,1,0,1157.23,13992.93,3.35
M0121179,N,56,0,31847.31,0,0,1,2563.53,31226.76,1.47
M0121180,N,27,2,4626.59,0,0,0,1444.52,3550.37,1.75
M0121181,N,25,2,15669.91,0,1,1,1693.18,12274.49,1.81
M0121182,N,50,1,3751.02,0,1,3,1095.47,4446.64,0.56
M0121183,N,48,0,5820.95,0,1,0,2952.49,2377.49,0.07
M0121184,N,32,2,9436.99,0,2,2,4708.82,11891.61,2.15
M0121185,N,30,0,3288.57,0,1,0,505.04,4690.94,1.8
M0121186,N,38,1,11242.35,1,2,0,5871.55,4381.28,1.29
M0121187,N,18,0,7456.18,0,0,0,884.99,7330.66,0.74
M0121188,N,21,2,22519.23,0,0,0,1874.12,16356.89,2.14
M0121189,N,23,1,42274.46,0,0,1,26139.87,7005.32,1.32
M0121190,N,25,1,17917.13,0,1,0,3595.85,21132.42,2.16
M0121191,N,66,0,8955.98,1,0,0,2936.56,5991.82,1.8
M0121192,N,35,1,19394.71,0,2,1,7762.7,8296.95,0.28
M0121193,N,72,2,8114.43,0,0,0,3483.63,5411.03,0.75
M0121194,N,55,0,4448.18,1,2,0,1047.15,5367.99,1.04
M0121195,N,28,0,9385.84,0,0,0,4672.9,3121.76,0.0
M0121196,N,25,1,6312.54,0,0,0,3622.34,3045.41,1.05
M0121197,N,21,3,12854.35,0,0,2,7341.0,15067.09,0.85
M0121198,Y,58,4,159783.62,4,3,2,117535.09,90542.12,6.43
M0121199,N,66,1,9521.58,0,0,2,2725.32,6592.78,0.84
M0121200,N,58,0,20329.61,0,0,0,4388.42,14860.5,0.95
M0121201,N,18,0,2441.16,0,0,0,1626.6,1708.12,1.36
M0121202,N,48,3,8466.75,0,0,0,1923.91,5123.17,2.23
M0121203,N,63,1,25018.72,0,1,1,3706.16,15948.42,2.85
M0121204,N,39,1,9417.05,0,1,0,3668.95,8336.09,1.23
M0121205,N,80,0,4805.69,0,0,0,1381.07,3696.62,1.43
M0121206,N,43,2,3329.95,0,0,0,1783.2,1853.98,1.53
M0121207,N,43,1,4748.31,0,1,0,4287.96,3317.61,0.98
M0121208,N,71,0,8364.18,0,1,2,2217.88,4735.4,0.16
M0121209,N,57,2,7701.78,0,2,0,2322.53,3946.46,0.18
M0121210,N,23,2,18109.69,1,0,0,8177.65,18228.82,1.15
M0121211,N,29,2,4882.46,0,0,0,2514.43,5562.8,1.76
M0121212,N,31,0,6177.22,0,0,0,3040.76,4321.72,1.24
M0121213,Y,60,7,220253.97,5,5,2,56362.37,226171.41,6.89
M0121214,N,44,1,34751.15,0,2,1,6318.55,26312.62,1.24
M0121215,Y,38,6,264346.2,2,7,2,49838.34,219364.93,2.7
M0121216,N,76,0,11994.91,2,2,0,4872.41,4991.48,0.0
M0121217,N,57,2,10670.29,0,0,0,592.07,14484.11,0.0
M0121218,N,79,1,4903.41,0,0,0,560.47,4063.76,0.0
M0121219,N,66,0,26720.21,0,1,0,2795.13,22355.21,1.09
M0121220,Y,49,5,166145.32,1,3,1,83186.89,102545.07,3.32
M0121221,N,64,1,9550.81,0,0,0,3697.71,7165.37,1.45
M0121222,N,45,0,17529.97,1,0,0,1543.32,13856.48,0.1
M0121223,N,36,0,9599.86,0,1,0,2278.72,6053.35,0.8
M0121224,N,59,0,1745.32,0,0,0,438.23,2477.55,0.67
M0121225,N,37,2,9454.82,0,0,1,2603.83,5754.17,0.29
M0121226,N,80,0,29381.26,1,0,0,11579.04,38759.6,0.75
M0121227,N,35,0,14342.78,0,2,0,5746.08,8827.76,1.05
M0121228,N,56,1,54516.28,1,0,0,13778.35,34213.57,3.62
M0121229,N,21,0,15331.38,0,1,1,2911.07,9689.03,0.67
M0121230,N,26,2,44176.21,1,3,2,33222.95,17571.16,1.86
M0121231,N,34,0,6740.85,1,0,1,1149.33,5667.73,0.51
M0121232,N,46,0,7695.16,0,0,1,2858.13,10659.55,0.75
M0121233,N,74,1,4633.66,0,0,0,1258.66,4986.99,0.65
M0121234,N,33,0,13112.06,0,0,0,1045.89,9323.29,1.96
M0121235,N,57,1,18919.82,1,1,0,5570.43,10203.84,1.57
M0121236,N,32,1,14104.42,0,1,1,4993.6,12020.86,2.04
M0121237,N,59,1,11827.18,1,1,1,1756.19,7928.57,0.76
M0121238,N,23,0,3707.31,1,0,0,1016.47,3885.63,0.0
M0121239,N,75,1,25488.63,0,3,0,20791.93,8616.01,2.06
M0121240,N,61,1,5952.04,0,0,0,1305.28,4609.19,0.0
M0121241,N,26,2,10061.98,0,0,1,2514.84,5869.98,0.0
M0121242,N,75,0,8553.91,0,1,0,1713.54,8067.99,0.57
M0121243,N,19,0,5022.42,0,2,0,1250.43,2688.93,0.43
M0121244,N,58,2,18602.57,0,0,0,6758.55,23762.71,1.68
M0121245,N,62,2,22471.6,0,1,0,6869.61,11206.38,1.29
M0121246,N,64,2,38657.54,1,2,0,4396.79,26535.52,2.66
M0121247,N,32,2,5083.94,0,0,0,641.14,4064.21,0.16
M0121248,N,66,0,16582.49,0,1,0,3491.34,10791.22,1.32
M0121249,N,21,0,8273.14,0,2,0,2561.85,10699.15,1.53
M0121250,N,64,0,5431.07,0,0,0,906.19,5074.93,0.84
M0121251,N,67,2,35088.89,1,0,0,3168.55,31312.91,0.9
M0121252,N,67,3,16341.81,0,1,0,4133.57,18630.95,0.96
M0121253,Y,50,7,124772.25,3,4,6,47834.48,78042.35,5.51
M0121254,N,62,0,4021.81,0,0,0,1413.17,2308.2,1.0
M0121255,N,20,1,8641.49,0,2,0,1906.72,13162.89,0.81
M0121256,N,57,2,4505.22,0,0,0,830.08,4977.53,0.85
M0121257,N,39,2,26414.86,0,1,0,3182.72,17952.11,1.77
M0121258,N,50,1,13314.28,0,1,0,1612.24,9163.47,2.84
M0121259,N,31,2,38411.13,1,1,1,10316.55,28313.02,1.48
M0121260,N,65,1,6460.19,0,0,0,6362.49,4433.16,0.02
M0121261,N,61,1,14258.58,0,0,0,3006.59,10794.34,0.25
M0121262,N,45,2,9908.48,0,0,0,2020.6,7744.81,1.16
M0121263,N,59,1,6725.78,0,0,1,5417.44,3889.11,0.94
M0121264,N,55,0,11945.73,0,1,0,5465.96,4379.44,1.19
M0121265,N,35,2,10605.15,0,0,0,8076.11,6784.0,0.54
M0121266,N,59,0,2293.06,0,0,0,1185.61,2320.63,0.54
M0121267,N,19,0,16256.9,0,2,0,8037.52,6878.39,2.52
M0121268,N,40,1,23115.75,1,0,0,10681.75,16621.65,0.85
M0121269,N,68,0,5972.05,0,1,0,1180.59,4668.88,1.46
M0121270,N,20,2,9836.95,0,0,0,597.95,8737.68,1.6
M0121271,N,61,1,8498.74,1,3,1,2213.67,9396.64,2.77
M0121272,N,62,0,5703.17,0,1,0,4115.28,5241.33,1.24
M0121273,N,30,1,3177.99,1,0,0,2101.7,3445.96,2.42
M0121274,N,45,2,11245.68,1,0,0,5353.2,5289.19,1.33
M0121275,N,22,1,5855.11,0,1,0,2543.25,5026.65,0.0
M0121276,N,38,1,8559.35,0,1,0,2167.74,10819.44,0.81
M0121277,N,51,0,6847.31,0,0,0,2881.14,5126.32,1.19
M0121278,N,74,0,12815.57,0,0,0,4892.57,14144.43,1.13
M0121279,N,48,0,10079.66,0,1,1,2475.28,6192.5,0.18
M0121280,N,62,0,5575.74,0,0,0,518.26,3971.65,0.32
M0121281,N,25,1,8405.18,0,3,0,2287.4,9782.37,1.33
M0121282,N,23,1,9037.42,0,1,0,5098.87,9338.75,2.31
M0121283,N,39,0,5366.95,0,1,0,886.35,4147.49,1.41
M0121284,N,61,2,9891.57,0,1,1,2959.3,5409.45,1.53
M0121285,N,53,2,5873.53,0,0,0,1628.28,7351.18,0.5
M0121286,N,18,0,34562.32,1,0,0,1716.63,25424.48,1.53
M0121287,N,33,1,11811.08,0,0,0,1955.63,7419.19,0.0
M0121288,N,45,1,24229.38,0,1,0,6364.44,13495.57,2.28
M0121289,N,19,2,11321.33,0,0,0,2847.73,15689.03,1.85
M0121290,N,32,0,19164.61,0,2,0,7460.32,10120.59,1.1
M0121291,N,23,3,17221.37,0,1,0,7511.18,14004.42,0.59
M0121292,N,70,1,8171.22,0,1,0,5847.57,7292.89,2.25
M0121293,N,22,1,16903.08,1,2,0,9150.03,20910.77,1.51
M0121294,N,59,1,28930.21,0,0,0,11829.85,12925.03,0.49
M0121295,N,34,0,13905.33,0,0,0,705.35,13268.37,0.0
M0121296,N,33,1,11535.65,0,0,0,5151.15,5243.4,0.67
M0121297,Y,84,8,249984.26,4,6,4,116450.28,182365.16,5.15
M0121298,N,35,0,3803.44,0,0,0,1252.47,3204.18,1.52
M0121299,N,27,1,11420.99,1,1,0,1466.4,12053.15,0.92
M0121300,N,68,2,10939.02,0,1,0,5117.88,9237.82,1.05
M0121301,N,36,0,14712.18,0,0,1,1081.33,12326.67,0.88
M0121302,N,23,0,21136.05,1,2,0,1867.63,15920.77,0.55
M0121303,N,49,1,2460.95,0,0,0,2599.89,1622.6,0.54
M0121304,N,57,1,10667.27,0,1,0,2588.84,8730.71,0.44
M0121305,N,56,0,5755.04,1,0,0,3471.28,1977.53,0.0
M0121306,N,28,0,3837.36,0,1,0,1600.69,4437.25,0.65
M0121307,N,24,1,4774.76,0,0,1,1741.89,5268.46,0.41
M0121308,N,33,0,3353.56,0,0,0,472.23,5301.42,1.54
M0121309,N,21,1,4591.48,0,0,0,3528.35,1883.04,0.36
M0121310,N,23,1,8261.36,0,0,0,2112.93,10728.59,0.31
M0121311,N,57,2,15884.88,0,1,0,1814.52,13027.19,1.03
M0121312,N,20,1,26640.65,0,2,0,7450.9,15489.83,0.62
M0121313,N,55,1,14046.41,0,1,0,7897.89,7491.67,1.82
M0121314,N,75,2,37101.94,0,2,0,22227.99,7114.83,3.45
M0121315,N,80,1,32550.69,1,1,0,9147.66,49055.01,1.09
M0121316,N,73,3,15999.87,0,1,1,6124.63,8793.56,1.79
M0121317,N,56,0,11479.37,0,2,0,1319.82,11658.29,0.29
M0121318,N,74,2,8646.61,1,3,0,1939.46,6073.45,1.86
M0121319,N,71,0,7999.08,0,0,2,4844.29,4037.96,0.53
M0121320,N,38,2,15667.69,0,0,1,1713.38,13941.25,1.51
M0121321,N,52,3,22019.67,0,1,1,13070.4,13040.91,2.49
M0121322,N,62,0,9533.19,0,2,2,1954.58,7353.21,1.35
M0121323,N,62,0,10346.93,0,1,0,3028.86,5812.11,1.37
M0121324,N,39,0,9136.15,0,0,0,5530.95,5058.77,1.43
M0121325,N,47,1,13744.65,1,0,0,9174.82,7038.62,3.61
M0121326,N,25,0,4422.68,0,0,0,882.5,2708.36,1.22
M0121327,N,44,0,12516.58,1,2,0,3492.76,7010.72,1.0
M0121328,N,58,1,9398.87,0,0,0,4211.18,9227.2,0.04
M0121329,N,57,1,15709.97,0,1,0,2974.0,12250.5,1.94
M0121330,N,79,2,7578.64,0,0,0,2175.54,6733.69,1.09
M0121331,N,42,0,6942.66,0,1,1,539.07,5326.33,1.7
M0121332,N,55,2,7835.16,0,0,0,3401.5,4314.61,0.84
M0121333,N,55,2,5836.68,0,0,0,1810.79,8234.65,1.55
M0121334,N,51,3,21016.74,0,0,0,13630.69,22334.36,2.84
M0121335,N,41,0,24510.86,0,0,0,1305.66,27111.97,0.0
M0121336,N,55,3,30114.45,1,1,1,7248.09,20430.72,0.27
M0121337,N,79,0,9196.27,0,0,0,1269.02,12594.54,0.99
M0121338,N,69,2,23346.22,0,2,2,8530.78,16528.37,1.27
M0121339,N,60,1,8521.86,1,0,0,1183.57,6972.9,1.41
M0121340,N,52,1,28273.96,1,1,2,4809.28,27478.58,1.2
M0121341,N,18,1,5804.3,0,0,0,1639.76,4604.38,0.0
M0121342,N,63,1,24688.45,0,0,0,7739.21,19272.48,1.27
M0121343,N,69,0,6857.08,0,0,1,3020.56,5902.89,0.54
M0121344,N,50,0,7422.33,0,1,0,2661.72,4063.31,0.22
M0121345,N,75,0,10808.67,1,1,0,5054.38,12947.47,0.0
M0121346,N,36,2,20916.91,0,0,0,9239.23,9386.33,1.47
M0121347,N,48,3,41117.32,0,3,1,24905.53,11655.22,0.77
M0121348,N,56,0,11245.97,1,0,0,3287.57,9318.37,0.94
M0121349,N,56,1,12229.68,0,0,0,2992.1,8524.77,1.93
M0121350,N,68,0,16928.21,0,0,0,7444.38,5878.85,2.41
M0121351,N,72,0,5908.38,0,0,0,2139.42,4794.66,0.0
M0121352,N,58,0,11037.39,0,0,0,1995.83,13951.3,1.42
M0121353,N,50,1,3694.62,1,0,0,1580.88,4780.23,1.53
M0121354,Y,44,6,328434.97,3,2,4,149423.77,182621.46,6.03
M0121355,N,48,2,12995.23,0,2,0,5801.11,6853.28,0.52
M0121356,N,28,2,6247.15,2,0,0,892.43,5683.27,1.44
M0121357,Y,81,2,156440.38,1,1,1,59886.31,100147.44,4.29
M0121358,N,61,1,31714.54,1,1,0,4927.49,41424.15,2.07
M0121359,N,80,1,14691.77,0,2,0,2528.15,9310.34,1.89
M0121360,N,79,0,32590.0,1,0,2,11771.06,31121.0,3.33
M0121361,N,56,0,13255.16,0,0,0,3027.43,12169.39,0.37
M0121362,N,68,1,19210.43,0,1,2,724.59,17957.65,0.25
M0121363,N,51,1,28768.27,0,1,0,5676.91,18267.38,0.3
M0121364,N,39,0,16369.19,0,0,0,7193.12,5801.01,0.26
M0121365,N,22,0,15012.94,0,0,0,7010.47,6186.13,0.08
M0121366,N,51,0,11463.56,0,0,1,2184.71,12704.28,0.36
M0121367,N,19,1,1787.39,0,0,2,1237.86,1633.61,1.28
M0121368,N,44,2,11154.04,1,0,0,3366.91,8260.07,1.6
M0121369,N,56,0,9095.08,0,0,0,1974.49,8134.64,0.92
M0121370,N,54,0,7750.16,0,0,0,4910.92,5198.97,0.0
M0121371,N,45,1,28568.24,1,0,1,9138.78,17284.42,0.98
M0121372,N,79,2,7069.02,1,1,0,1982.72,7619.38,1.93
M0121373,N,60,0,11481.58,0,0,0,4496.34,6719.62,0.56
M0121374,N,54,2,45296.16,1,0,1,3503.41,35495.54,2.23
M0121375,N,73,0,2829.53,1,0,0,1575.65,2621.2,0.0
M0121376,N,18,1,19908.71,0,0,0,1420.17,19146.95,0.64
M0121377,N,35,1,4973.95,0,1,0,894.73,3207.92,1.24
M0121378,N,48,0,11767.5,0,0,1,2783.79,8340.84,0.0
M0121379,N,58,1,10393.8,0,1,1,6047.72,10197.24,1.69
M0121380,N,43,1,4058.74,0,0,0,758.33,2776.1,0.63
M0121381,N,78,0,7652.54,0,0,0,1985.84,5885.56,0.71
M0121382,N,33,0,5551.78,0,0,1,4577.04,3335.26,1.67
M0121383,Y,61,6,118888.58,3,3,3,37114.67,97801.07,6.53
M0121384,N,59,2,3972.61,1,0,1,2019.22,3273.88,1.18
M0121385,N,65,0,5118.0,1,1,1,3608.38,3945.79,0.43
M0121386,N,44,1,4945.99,0,0,0,4822.29,3741.52,0.96
M0121387,Y,51,7,89914.41,4,8,4,60054.55,60621.4,5.51
M0121388,N,51,2,9799.25,0,1,0,4272.41,3623.08,0.6
M0121389,N,36,1,12787.46,0,1,0,1620.37,12635.05,0.2
M0121390,N,78,3,20782.29,0,0,0,3567.43,12762.41,1.58
M0121391,N,78,2,33137.46,0,0,2,24955.59,8011.83,1.84
M0121392,N,53,3,18796.36,0,1,0,1649.9,14374.57,0.99
M0121393,N,44,0,13716.23,0,1,0,2076.91,10945.51,0.02
M0121394,N,37,0,6643.74,0,1,0,1129.8,4358.2,0.55
M0121395,N,68,0,3650.67,0,3,1,3426.97,2919.28,2.23
M0121396,N,27,0,19216.79,0,0,2,11249.86,22938.53,1.75
M0121397,N,38,0,10745.24,0,0,0,1229.89,7828.46,0.0
M0121398,N,43,0,11279.25,0,0,0,2667.05,7450.91,0.93
M0121399,N,46,1,16670.19,0,2,1,9236.14,10803.15,1.99
M0121400,N,24,2,11555.28,0,1,2,5360.01,10542.23,0.62
M0121401,N,62,0,7176.75,1,0,0,4346.31,5420.66,0.64
M0121402,N,41,0,12115.36,2,0,1,1646.41,8776.63,1.28
M0121403,N,31,1,17115.99,1,1,0,12134.98,11757.0,1.54
M0121404,N,74,2,3005.47,0,0,0,1531.16,2046.16,0.61
M0121405,N,61,0,16226.2,1,1,0,3563.63,13384.67,2.15
M0121406,N,58,0,20815.53,0,0,0,3475.98,12861.56,1.49
M0121407,N,78,2,3664.91,0,0,0,1009.25,1895.5,0.0
M0121408,N,77,1,17000.36,0,0,2,3227.07,17762.46,0.93
M0121409,N,78,2,19329.12,1,1,0,7867.69,14980.69,1.88
M0121410,N,25,0,8374.08,0,2,2,2713.57,6256.03,1.24
M0121411,Y,67,6,105745.26,2,3,2,42634.07,73959.69,5.61
M0121412,N,41,1,21597.32,0,0,0,5434.51,13233.88,1.9
M0121413,N,40,1,21018.02,0,0,1,5138.36,13295.84,2.49
M0121414,N,23,2,16017.78,1,1,0,3302.94,17614.71,1.45
M0121415,N,50,0,22724.43,1,2,1,8447.95,11902.09,0.93
M0121416,N,65,0,9993.44,1,1,0,4093.88,9562.16,1.18
M0121417,N,73,4,27970.34,0,1,1,13151.72,10413.91,2.47
M0121418,N,70,1,4558.94,0,0,0,1718.68,3261.34,0.68
M0121419,N,33,1,12084.88,1,0,1,1897.19,12240.95,1.49
M0121420,N,56,0,5281.41,0,1,0,3501.84,3369.02,0.44
M0121421,N,32,1,26175.87,0,2,1,5309.25,22100.15,2.17
M0121422,N,59,2,26127.04,0,1,0,5562.24,21027.98,1.4
M0121423,N,54,2,8024.3,0,1,1,4408.99,7910.23,1.73
M0121424,N,25,0,10298.72,0,2,0,3099.66,10957.45,0.81
M0121425,N,38,2,11378.38,0,2,0,7983.8,8259.22,1.3
M0121426,N,26,2,10961.56,0,1,0,5142.89,9085.29,2.39
M0121427,N,55,1,8395.46,0,1,0,2375.21,5729.31,3.06
M0121428,N,30,0,16745.69,0,0,0,3652.64,9762.35,0.0
M0121429,N,42,1,14342.1,0,0,1,4198.5,11041.88,1.18
M0121430,N,31,0,9804.28,1,1,0,2467.2,8235.36,0.71
M0121431,N,56,0,11635.53,1,2,0,5426.84,9858.36,1.78
M0121432,N,64,2,31934.11,1,0,0,4002.51,23855.55,0.69
M0121433,N,74,2,6134.9,0,2,0,3962.97,6010.95,1.25
M0121434,N,32,0,10488.7,0,3,0,4670.54,5191.7,2.05
M0121435,N,43,1,13403.81,0,0,1,5694.48,9929.69,0.42
M0121436,N,71,1,6888.49,0,0,0,2062.37,4482.42,2.3
M0121437,N,42,1,9646.13,1,0,0,3126.57,6379.4,0.96
M0121438,N,80,0,8342.36,0,2,0,1574.9,5230.92,1.03
M0121439,N,79,0,7017.91,0,0,0,5280.64,7415.11,1.97
M0121440,N,44,0,10792.28,1,1,1,5973.37,5563.15,0.52
M0121441,N,18,0,5127.62,0,1,0,2006.16,4298.2,0.96
M0121442,Y,86,6,273833.21,4,4,5,71718.55,169433.14,5.73
M0121443,N,18,2,14227.3,0,0,0,2122.01,12383.03,1.76
M0121444,N,65,2,8729.17,1,2,2,1520.47,9173.77,3.15
M0121445,N,77,2,11572.58,1,1,1,2708.36,15720.19,1.57
M0121446,N,30,0,3407.89,0,0,1,1379.02,2335.73,1.53
M0121447,N,77,0,16618.02,0,0,0,1507.3,11921.66,0.0
M0121448,N,48,0,4612.47,0,0,0,2699.6,3528.68,2.08
M0121449,N,38,1,20894.89,1,3,1,14837.45,17948.75,1.63
M0121450,N,63,1,13105.0,0,0,0,4050.92,9956.69,0.75
M0121451,N,34,1,24486.16,1,2,2,1787.83,17923.54,3.09
M0121452,N,41,0,7294.41,1,0,0,1949.21,10654.68,2.02
M0121453,N,26,0,4059.82,1,0,1,2261.11,2447.78,0.92
M0121454,N,55,0,20477.8,0,0,0,3599.48,12995.65,2.12
M0121455,N,80,1,9067.27,0,1,0,2850.39,6549.48,0.91
M0121456,N,56,0,10468.47,0,1,0,1985.99,7308.55,1.22
M0121457,N,77,2,22761.89,0,1,1,9817.15,16536.4,0.48
M0121458,N,44,1,5207.85,0,2,0,1917.22,5790.4,1.44
M0121459,N,32,0,14137.31,1,0,0,8208.38,8234.71,2.71
M0121460,N,23,1,5371.2,0,0,0,2895.16,2865.63,0.0
M0121461,N,47,3,23031.68,1,2,0,2194.73,26637.91,1.56
M0121462,N,31,2,2359.65,0,1,0,1375.89,2193.15,1.78
M0121463,N,76,1,11710.82,0,0,0,2348.17,12831.92,1.5
M0121464,N,26,0,14620.39,0,1,0,2329.47,15916.77,1.99
M0121465,N,78,2,7158.36,0,0,0,3754.24,3198.71,0.0
M0121466,N,39,1,5704.64,0,0,0,691.02,4442.57,0.03
M0121467,Y,40,5,259701.43,3,4,1,261892.74,90377.0,5.59
M0121468,N,68,1,9593.52,1,0,1,1976.86,5706.4,0.0
M0121469,N,21,2,11439.11,0,0,0,1642.28,13076.99,0.58
M0121470,N,49,2,5531.8,0,0,0,1757.1,5681.39,0.0
M0121471,N,34,0,7858.35,0,0,0,2633.34,7995.67,0.0
M0121472,N,77,1,7981.44,0,0,0,3139.04,5165.05,0.62
M0121473,N,79,0,21114.35,0,0,0,2458.94,20644.82,0.44
M0121474,N,78,1,5396.38,0,0,1,2218.96,3369.55,1.19
M0121475,N,72,2,24195.08,0,1,1,16139.07,9958.57,1.61
M0121476,N,38,0,2538.12,1,1,0,1245.5,2858.0,2.07
M0121477,N,34,1,3143.66,0,0,1,1467.94,3293.11,0.7
M0121478,N,31,0,7823.64,0,1,0,3621.58,3254.98,1.87
M0121479,N,69,2,8925.18,0,1,0,1221.17,8584.05,1.18
M0121480,N,68,3,9610.97,1,0,0,3098.19,7068.16,0.26
M0121481,N,56,0,10201.42,0,0,0,4815.68,3801.65,0.77
M0121482,N,46,0,26865.53,0,1,0,20593.83,17541.9,0.88
M0121483,N,24,0,3455.54,0,1,0,766.4,3629.6,0.0
M0121484,N,42,0,7827.41,1,2,2,2534.6,7191.89,4.12
M0121485,N,58,0,5856.82,0,1,0,4094.76,5343.98,0.67
M0121486,N,39,0,21824.91,0,0,1,1523.81,22510.21,0.0
M0121487,N,23,1,10750.63,1,0,0,1629.58,7692.4,0.0
M0121488,N,51,0,8953.28,0,1,0,4833.72,9294.22,0.32
M0121489,N,27,1,1978.1,0,0,0,928.4,2020.83,1.33
M0121490,N,52,1,6862.82,1,1,1,2866.28,4051.32,1.25
M0121491,N,32,0,36545.77,0,0,0,6631.99,29951.4,1.94
M0121492,N,70,0,4830.32,0,0,1,2153.02,4000.54,1.27
M0121493,N,55,0,5116.67,0,0,0,4007.76,3025.47,0.0
M0121494,N,54,1,8003.92,0,1,0,632.93,6471.23,0.74
M0121495,N,39,1,4930.98,0,0,0,1289.4,3929.29,1.13
M0121496,Y,73,6,567851.74,4,1,4,338448.64,202221.0,6.3
M0121497,N,39,0,15369.54,0,0,0,7779.85,4772.37,1.75
M0121498,N,30,2,5871.63,0,0,1,2847.19,5079.5,2.12
M0121499,N,68,0,17669.42,1,4,0,4827.19,19591.25,2.14
M0121500,N,27,2,22574.97,0,1,0,15452.28,9166.32,2.35
M0121501,N,61,0,6604.49,0,1,0,2392.05,3656.26,1.46
M0121502,N,40,0,8105.24,0,0,0,2228.3,5732.35,0.2
M0121503,N,66,0,31584.6,0,0,0,2355.54,28341.6,2.76
M0121504,N,64,1,9046.64,0,0,2,5698.06,7653.42,0.04
M0121505,N,28,0,28101.87,0,2,0,7131.12,16735.34,2.06
M0121506,N,22,0,15201.18,0,0,0,9129.65,5122.88,2.11
M0121507,N,77,1,4749.72,0,2,0,1338.55,3947.17,0.46
M0121508,N,37,1,12733.09,0,1,1,1972.19,8095.67,1.92
M0121509,N,80,2,11742.8,0,0,0,4175.93,11544.32,1.53
M0121510,N,25,2,26034.3,0,1,0,786.08,22364.34,1.52
M0121511,N,63,1,18562.75,0,1,2,3097.04,13657.7,0.0
M0121512,N,75,0,6739.74,0,0,0,2190.94,4107.87,0.59
M0121513,N,54,3,37506.2,0,0,1,4851.98,26267.82,1.79
M0121514,N,30,1,4762.29,0,0,0,560.79,4102.56,1.71
M0121515,Y,48,4,197935.95,3,4,2,137613.94,77210.45,5.25
M0121516,Y,84,3,159466.48,4,1,5,84138.66,78354.93,5.1
M0121517,N,29,2,23221.45,0,0,0,8546.73,16072.11,1.82
M0121518,N,21,1,9559.16,0,1,0,2870.05,10907.96,0.46
M0121519,N,32,0,8397.53,0,0,0,2812.25,7564.97,0.13
M0121520,N,71,2,21589.83,0,2,1,14587.7,4094.15,0.3
M0121521,N,64,0,5746.42,0,0,1,2154.38,5986.26,0.0
M0121522,N,37,0,6217.28,1,0,0,2667.46,5732.41,0.94
M0121523,N,33,1,5614.99,1,0,0,1084.98,6578.26,0.16
M0121524,N,48,3,46763.7,1,3,0,13492.21,23374.7,2.41
M0121525,N,70,0,4123.55,0,0,0,2038.27,2636.75,0.48
M0121526,N,37,2,4020.94,0,0,0,2882.09,4419.93,0.67
M0121527,N,28,1,21487.31,0,0,1,6665.82,13546.3,0.54
M0121528,N,63,1,5837.66,0,0,0,756.99,7900.93,0.34
M0121529,N,74,2,10390.96,0,2,1,6056.1,11003.33,2.86
M0121530,N,25,1,24172.22,0,1,0,5448.45,19008.31,1.14
M0121531,N,58,2,4700.62,0,1,0,3060.78,2646.67,0.59
M0121532,N,58,1,10110.89,0,0,1,1617.37,7228.24,1.88
M0121533,N,45,0,12644.24,0,2,0,3581.55,12325.98,0.52
M0121534,N,23,0,6623.03,0,0,0,4924.74,6501.8,1.19
M0121535,N,71,0,9261.7,0,2,0,810.79,10556.86,0.62
M0121536,N,50,1,9225.65,0,0,0,2702.14,9006.6,0.73
M0121537,N,73,0,12874.44,0,2,0,5064.48,6907.44,2.11
M0121538,N,27,0,12753.23,0,0,0,1698.33,10411.92,2.21
M0121539,N,28,1,7943.99,0,0,0,2941.98,3622.89,1.33
M0121540,N,43,0,8943.75,0,1,1,1564.65,9964.73,0.0
M0121541,Y,82,2,268872.41,5,5,4,106188.51,200721.01,6.92
M0121542,N,50,2,11939.06,0,1,1,5411.05,9802.52,1.45
M0121543,N,39,0,9370.25,0,0,1,4415.11,10716.5,1.09
M0121544,N,72,0,20817.62,0,1,0,7700.42,10066.04,0.7
M0121545,N,33,0,10791.22,0,1,0,2990.25,9053.47,1.59
M0121546,N,52,0,5911.68,0,1,0,2754.59,6711.01,2.18
M0121547,Y,84,8,324286.62,2,3,4,116395.61,247048.68,4.63
M0121548,Y,80,10,291435.68,6,5,6,114819.39,150376.52,6.45
M0121549,N,57,1,2307.97,0,0,0,1505.26,1478.03,0.33
M0121550,N,80,1,6885.07,0,0,0,2213.41,10127.68,0.0
M0121551,N,32,1,7253.95,1,0,0,7009.16,5259.74,1.62
M0121552,N,70,1,32860.19,0,0,0,11986.77,36437.76,1.52
M0121553,N,46,1,13986.56,1,1,0,1653.51,10140.76,0.92
M0121554,N,51,3,9238.02,0,0,0,5322.04,6293.27,2.13
M0121555,N,65,0,2977.42,0,0,0,742.24,3517.33,0.24
M0121556,N,52,1,20698.12,0,2,0,7794.47,16865.21,2.75
M0121557,N,67,1,16121.57,0,0,0,2912.8,20607.58,1.33
M0121558,N,36,0,17904.27,0,0,0,3458.84,14337.55,1.21
M0121559,N,62,0,4635.41,0,2,0,3089.11,4431.81,0.85
M0121560,N,59,0,25579.99,1,0,1,12822.94,13124.88,2.01
M0121561,N,40,0,10036.51,0,0,0,3894.95,4165.88,1.35
M0121562,N,45,2,15488.77,0,0,0,2389.0,14644.12,1.13
M0121563,N,74,0,7987.57,0,0,2,1657.74,5963.4,0.0
M0121564,N,30,0,14104.45,1,0,0,1072.12,18532.35,1.14
M0121565,N,25,0,20422.41,0,0,0,12028.83,13201.28,2.21
M0121566,N,61,0,7446.32,0,0,0,3771.33,2728.48,1.55
M0121567,N,72,0,9651.47,0,0,0,1819.01,11904.95,0.91
M0121568,N,58,1,4427.96,0,0,0,1719.86,6324.9,1.82
M0121569,N,70,2,10225.78,0,0,0,5440.41,8787.34,0.0
M0121570,N,34,1,23230.16,0,0,0,2738.79,17689.72,1.75
M0121571,N,48,0,14378.15,0,0,0,3599.53,12042.87,1.74
M0121572,N,23,1,4249.53,0,0,1,1190.43,2758.41,0.69
M0121573,N,23,0,2748.63,0,0,0,786.39,1552.14,0.53
M0121574,N,57,0,75063.06,0,1,0,8510.02,52892.75,0.61
M0121575,N,31,0,8551.96,0,0,2,1067.11,9159.28,0.46
M0121576,N,54,4,17319.32,0,1,0,1902.01,18128.52,1.74
M0121577,N,55,1,8281.4,0,0,1,3528.34,8596.65,0.92
M0121578,N,40,1,16221.13,0,0,0,3352.83,23211.77,0.61
M0121579,N,62,0,9034.53,0,0,0,2140.61,7085.28,0.0
M0121580,N,72,1,4018.44,1,1,0,1771.06,3305.41,1.28
M0121581,N,44,0,13490.72,0,0,1,1042.43,11274.63,1.77
M0121582,N,59,0,7443.47,0,0,0,1756.29,6958.55,1.3
M0121583,N,51,1,9745.02,0,0,0,2136.32,7982.48,0.09
M0121584,N,30,0,6805.22,0,1,1,3323.69,3219.42,1.27
M0121585,N,57,1,6539.39,0,0,0,691.06,6553.48,0.0
M0121586,N,66,2,11159.63,0,0,1,9019.55,5850.69,1.48
M0121587,N,69,0,7079.69,1,2,0,2221.51,3650.77,0.58
M0121588,N,43,0,17680.13,1,2,0,5168.07,14175.37,0.53
M0121589,N,78,0,4188.82,0,1,0,1483.78,3019.42,0.28
M0121590,N,29,2,25278.49,1,0,0,3859.17,17747.99,2.33
M0121591,N,34,1,5844.5,0,1,0,930.24,5515.5,1.13
M0121592,N,54,2,41734.23,0,2,1,5787.93,38403.41,2.04
M0121593,N,39,0,15229.43,0,0,0,9080.29,4934.66,0.0
M0121594,N,25,0,11089.6,0,0,1,3020.07,14622.06,1.95
M0121595,N,76,0,2632.59,0,0,0,923.02,3164.58,1.12
M0121596,N,66,1,37498.34,1,2,2,19028.14,18389.58,1.06
M0121597,N,30,0,4783.05,2,2,0,2656.5,4553.49,1.11
M0121598,N,77,0,10126.15,0,1,0,1406.27,9734.79,0.0
M0121599,N,56,0,16961.53,1,0,1,2029.99,21349.77,0.86
M0121600,N,33,2,16911.55,0,2,0,4990.87,8406.4,0.0
M0121601,N,44,2,10177.61,0,0,1,3988.94,4857.55,1.6
M0121602,N,27,1,10161.44,0,1,1,2708.19,15502.31,1.58
M0121603,N,58,0,22579.01,2,1,0,10333.76,12196.87,0.29
M0121604,N,80,2,20035.14,0,1,0,4376.15,12405.26,2.26
M0121605,N,44,0,22481.3,0,1,2,4206.19,14544.52,1.74
M0121606,N,32,2,14283.3,0,0,0,3842.21,12703.18,1.21
M0121607,N,37,0,6212.04,0,0,1,1417.35,5549.71,0.74
M0121608,N,26,1,12782.77,2,1,0,2811.33,7669.46,1.47
M0121609,N,59,4,15973.34,1,2,0,1966.69,11567.2,0.8
M0121610,N,62,1,7258.78,0,1,0,4905.47,4022.63,1.61
M0121611,N,53,1,18893.91,0,0,0,14528.17,4883.15,2.87
M0121612,N,66,0,11328.15,0,1,0,964.73,8063.8,0.62
M0121613,N,65,0,5413.54,0,0,1,1403.28,8305.68,0.84
M0121614,N,43,3,11665.18,0,0,0,6566.57,3982.97,2.01
M0121615,N,57,1,7897.5,0,0,0,4004.34,7645.5,0.0
M0121616,N,63,3,13642.69,0,1,0,2116.16,8922.13,1.17
M0121617,N,68,1,11569.83,0,1,0,2928.89,12441.22,1.47
M0121618,N,49,1,11411.01,0,0,1,1647.28,7370.35,1.34
M0121619,N,79,2,6907.36,0,0,0,3210.22,4947.98,1.52
M0121620,N,46,2,12315.65,1,3,0,3314.47,8375.72,0.9
M0121621,N,36,1,15586.74,0,0,0,2384.65,14094.32,2.06
M0121622,N,71,0,11517.55,0,2,1,2929.63,16075.93,0.64
M0121623,N,64,2,8828.26,0,0,0,5367.9,5982.65,0.58
M0121624,N,35,2,3765.82,0,0,0,1953.33,4689.56,0.17
M0121625,N,44,0,7089.3,0,0,0,479.44,6292.24,0.26
M0121626,N,40,3,26238.83,0,1,1,3526.65,36123.88,1.91
M0121627,N,80,0,9287.36,0,0,0,1511.67,8146.22,1.42
M0121628,N,76,2,7026.53,1,2,0,4315.55,5044.48,1.13
M0121629,N,59,0,5637.06,0,0,0,1118.2,4776.09,1.92
M0121630,N,41,1,1439.29,0,2,0,1073.86,1338.3,0.69
M0121631,N,48,1,4355.88,0,1,0,1057.17,3896.28,0.48
M0121632,N,50,1,13369.04,0,0,0,10897.41,10348.29,1.93
M0121633,N,70,1,7404.93,0,0,0,2395.08,5315.74,1.27
M0121634,N,50,1,9838.06,2,0,0,2723.68,9665.29,2.25
M0121635,Y,74,3,80250.56,2,5,1,27719.42,50942.05,4.16
M0121636,N,23,1,10701.28,0,2,0,1825.99,9296.25,0.34
M0121637,N,75,2,10703.1,1,1,0,5690.37,10101.81,0.61
M0121638,N,38,1,2158.07,0,1,0,442.86,3459.99,1.74
M0121639,N,49,1,5855.93,0,0,0,2831.16,4504.36,0.87
M0121640,Y,64,3,206634.84,3,4,1,67743.88,204505.68,5.38
M0121641,N,39,0,8499.07,0,0,0,4770.47,5068.09,0.87
M0121642,N,36,0,10994.54,0,0,0,5522.89,5028.16,0.61
M0121643,N,19,2,24241.23,0,2,1,4781.37,16464.44,2.05
M0121644,N,71,1,17539.54,0,0,0,1199.51,18560.37,1.95
M0121645,N,55,0,12700.45,0,1,0,980.97,9696.79,0.36
M0121646,N,42,0,3483.1,0,0,0,1560.28,2608.11,1.08
M0121647,Y,65,5,213221.3,2,2,3,64915.14,150988.58,5.58
M0121648,N,77,1,10550.04,0,1,0,1580.43,7147.64,1.02
M0121649,Y,82,5,137200.42,3,1,2,39240.25,79035.88,2.0
M0121650,N,67,2,4312.42,0,0,0,844.49,4193.15,1.1
M0121651,N,52,1,5202.75,0,0,0,2173.46,5624.72,0.0
M0121652,N,19,0,14713.03,2,0,0,6929.99,9043.6,2.17
M0121653,N,59,2,24501.61,1,2,0,11877.22,16955.77,3.74
M0121654,N,32,0,7558.66,0,1,1,1248.56,7775.19,1.53
M0121655,N,76,0,3038.12,0,0,0,969.76,4052.69,0.0
M0121656,N,47,1,20245.57,1,1,2,7374.78,13763.89,1.48
M0121657,N,58,1,11511.76,0,0,0,1792.3,7851.51,2.09
M0121658,N,28,2,14783.19,0,1,0,8884.96,4899.82,1.44
M0121659,N,29,0,4047.5,0,0,0,597.39,4649.88,1.46
M0121660,N,22,3,30703.56,1,1,1,5281.05,20919.93,0.83
M0121661,N,65,1,5831.91,0,1,0,3595.91,4857.55,1.73
M0121662,N,60,1,18127.48,1,0,1,7464.93,23416.72,0.65
M0121663,N,29,1,21143.79,0,1,0,445.9,16546.96,0.0
M0121664,N,42,1,19420.17,1,0,1,2236.26,15112.61,1.73
M0121665,N,58,2,7410.18,0,0,0,5168.47,3206.32,1.3
M0121666,N,72,1,44989.35,0,0,2,6557.94,29601.51,1.76
M0121667,N,41,2,14489.1,0,1,0,4053.08,18078.92,0.83
M0121668,N,64,0,8806.46,0,0,0,2483.64,7427.5,0.0
M0121669,Y,50,6,205882.5,1,3,4,84349.68,93316.34,4.62
M0121670,N,53,1,3502.01,0,1,0,656.75,2829.4,0.0
M0121671,N,23,2,13827.65,2,1,0,10136.13,9581.8,2.26
M0121672,N,70,2,5637.36,0,0,1,2102.33,6346.16,1.37
M0121673,N,69,0,27220.02,1,0,1,3473.84,27264.06,0.1
M0121674,N,69,0,9493.59,0,2,0,4505.04,5064.03,1.9
M0121675,N,44,0,11253.15,0,0,0,1044.32,14920.29,0.61
M0121676,N,61,1,6341.47,0,0,0,1158.2,3982.45,1.3
M0121677,N,44,1,41388.98,0,0,0,3477.75,32388.36,1.27
M0121678,N,35,2,31983.09,0,0,0,1785.62,26546.72,0.36
M0121679,N,47,1,7657.65,0,0,0,1638.65,6133.12,0.85
M0121680,N,48,2,16757.72,0,0,1,3546.68,13630.97,1.54
M0121681,N,31,2,5036.72,1,2,1,1474.88,6023.58,2.41
M0121682,N,78,2,11244.89,0,1,0,3969.5,13301.79,0.81
M0121683,N,67,1,4499.83,0,0,0,2972.11,2651.83,1.69
M0121684,N,64,0,5585.81,0,0,0,1559.87,2912.24,1.81
M0121685,N,47,0,14900.33,0,0,0,4151.62,12721.2,1.27
M0121686,N,70,3,16053.55,0,0,0,841.64,17316.15,0.0
M0121687,N,75,1,18722.96,0,1,1,6504.55,9794.34,1.79
M0121688,N,37,0,4939.56,0,0,1,2227.81,4218.57,0.31
M0121689,N,36,1,19624.37,1,1,2,10311.01,5495.01,2.21
M0121690,N,43,1,38725.32,0,1,0,6192.95,42074.98,2.99
M0121691,N,47,1,19386.46,0,1,0,7495.53,11527.71,1.29
M0121692,N,80,0,2256.44,0,1,1,542.91,3416.63,1.96
M0121693,N,21,0,20735.24,1,0,0,4237.83,14489.63,2.37
M0121694,N,34,0,9889.92,0,0,1,3668.17,7144.87,2.01
M0121695,N,24,0,3262.62,0,0,2,2416.19,1427.55,2.04
M0121696,Y,57,4,241404.45,4,5,6,76837.88,180529.23,6.21
M0121697,N,58,1,5530.39,0,2,1,2655.52,6015.73,1.31
M0121698,N,66,0,10105.74,0,0,0,1943.97,8482.45,0.35
M0121699,N,60,3,5011.61,0,0,0,1591.61,4957.2,0.61
M0121700,N,50,0,5197.21,0,0,0,770.97,5470.57,1.05
M0121701,N,40,2,12800.49,1,1,1,1784.77,16112.93,2.47
M0121702,N,55,1,20146.94,1,0,0,2614.52,15763.8,3.05
M0121703,N,23,2,12098.17,0,1,0,780.26,11760.64,1.3
M0121704,N,76,2,8615.5,0,0,0,2223.86,9629.02,3.07
M0121705,N,46,0,10569.33,0,1,0,1100.21,13212.58,0.74
M0121706,N,74,2,16294.1,2,0,0,5651.15,23728.93,0.78
M0121707,N,56,0,17519.21,0,1,0,1071.39,14705.39,0.94
M0121708,N,20,1,6971.07,0,0,0,964.75,5649.25,0.29
M0121709,N,74,1,14698.9,0,1,0,12801.14,11618.5,1.71
M0121710,N,21,0,10519.58,0,0,1,5936.29,2748.6,0.5
M0121711,N,57,1,7111.31,0,0,0,1815.06,6560.06,0.0
M0121712,N,20,2,15212.81,0,0,1,7843.19,5510.31,1.07
M0121713,Y,82,8,301531.37,3,7,4,115289.24,154224.48,6.19
M0121714,N,35,3,8058.04,0,0,0,1806.24,5830.49,0.0
M0121715,N,44,0,2699.52,0,0,1,1088.55,3383.23,0.45
M0121716,N,31,1,3670.94,0,1,1,3042.54,3556.94,0.82
M0121717,N,37,2,5417.78,1,0,0,2653.74,7175.39,0.59
M0121718,N,74,3,4301.8,0,0,0,1595.55,4535.46,0.4
M0121719,Y,42,5,192770.51,1,4,2,80837.25,100632.89,6.02
M0121720,N,47,1,6001.25,0,0,0,2175.39,5351.39,0.99
M0121721,N,49,0,33786.47,0,2,2,7744.07,46791.91,1.0
M0121722,N,38,0,8749.39,0,3,0,718.22,12231.37,1.11
M0121723,N,21,0,3498.12,0,0,1,1009.68,4892.37,0.65
M0121724,N,66,0,10165.52,0,0,0,3318.86,6040.95,1.06
M0121725,N,79,0,5514.66,0,0,0,2738.14,6332.38,0.46
M0121726,N,53,0,8588.4,0,0,0,2525.91,5886.14,1.21
M0121727,N,74,1,5341.05,0,1,0,2530.79,4233.16,1.33
M0121728,N,25,1,17479.56,0,0,0,6004.77,22133.75,0.09
M0121729,N,51,0,25827.9,1,2,1,14964.48,14682.34,0.11
M0121730,N,56,1,5145.48,0,1,0,1853.12,5113.96,1.07
M0121731,N,79,2,6924.8,0,0,0,3329.5,3571.51,1.44
M0121732,N,48,3,8008.98,0,1,0,2526.56,10802.76,0.47
M0121733,N,72,1,7601.59,0,0,0,2363.68,4192.13,0.88
M0121734,N,71,1,43524.15,0,2,1,25682.19,14889.2,3.38
M0121735,N,47,0,4380.44,0,0,0,2867.5,2699.68,2.33
M0121736,N,76,2,18676.93,0,0,0,5051.67,11402.27,1.33
M0121737,N,42,4,10189.14,0,1,0,2484.06,11340.12,1.24
M0121738,N,53,0,10488.63,0,1,0,2470.89,9616.28,1.62
M0121739,N,38,1,5568.73,1,0,0,1247.9,4815.89,1.91
M0121740,N,43,2,16615.9,0,1,0,5890.36,19506.07,1.38
M0121741,N,74,0,31438.2,1,1,0,23297.58,13333.54,2.01
M0121742,N,40,3,20677.11,0,2,2,5757.89,15103.55,1.2
M0121743,N,56,2,9771.51,0,1,2,8069.27,5590.35,2.58
M0121744,N,72,2,14157.29,0,0,1,1579.79,10614.47,1.01
M0121745,N,21,3,13478.45,2,2,1,5708.07,13675.04,1.45
M0121746,N,18,2,20612.23,0,0,1,8159.8,10775.04,1.59
M0121747,N,75,1,13184.74,0,1,0,5431.19,7323.02,0.21
M0121748,N,51,1,16177.96,1,2,1,4766.42,14655.02,2.43
M0121749,N,76,2,6634.19,0,0,0,4237.82,6831.57,0.0
M0121750,N,37,4,7858.8,0,0,0,6024.68,8235.22,0.06
M0121751,Y,85,4,486945.35,5,9,6,218413.22,191734.68,5.36
M0121752,N,36,1,6236.76,0,1,0,4025.27,4882.22,0.0
M0121753,N,35,2,6829.45,0,0,2,3441.73,4777.49,0.0
M0121754,N,35,1,7473.98,0,0,0,1297.5,9967.08,1.33
M0121755,N,54,2,31414.08,1,1,0,15373.1,9823.04,0.76
M0121756,N,55,1,10653.66,0,2,0,1918.67,6763.98,1.6
M0121757,N,68,1,13273.22,0,1,0,3017.0,9750.39,0.87
M0121758,N,36,1,18833.61,0,0,0,6228.1,8953.97,0.0
M0121759,N,58,1,8378.85,0,0,0,5750.79,2848.44,1.67
M0121760,N,66,2,17697.26,0,0,1,4897.7,15462.35,2.49
M0121761,N,79,1,4663.06,0,0,0,433.91,4448.34,0.47
M0121762,N,53,2,12575.8,0,0,0,2760.65,17142.62,0.63
M0121763,N,33,0,13921.16,1,1,0,1653.5,10307.44,0.63
M0121764,N,32,0,6789.65,1,2,1,6342.67,5044.81,0.0
M0121765,N,47,1,43841.54,0,1,1,3321.58,34075.46,1.03
M0121766,N,26,2,11371.51,0,2,2,6378.83,6707.38,0.86
M0121767,N,43,0,5115.96,0,2,0,912.93,6783.35,0.98
M0121768,N,62,1,7535.03,0,0,0,2949.42,3932.48,1.78
M0121769,N,23,3,29003.55,0,1,0,542.74,23854.52,1.82
M0121770,N,39,2,10545.17,0,1,0,4382.52,13846.22,0.73
M0121771,N,62,0,11426.68,0,1,0,4920.42,12356.49,0.0
M0121772,N,29,0,7116.03,1,0,0,405.97,7741.81,1.05
M0121773,N,79,1,7642.1,0,1,0,2705.53,5582.5,1.21
M0121774,N,25,1,1376.7,0,0,0,1087.59,1074.1,2.18
M0121775,N,56,1,22094.98,0,1,0,3262.82,24364.69,1.05
M0121776,N,52,2,3792.62,0,0,1,1518.84,3005.54,0.0
M0121777,N,27,2,11286.69,0,1,0,4230.59,11962.06,1.09
M0121778,N,80,0,1716.56,0,1,0,1029.14,1670.93,0.63
M0121779,N,60,0,7182.36,0,0,0,2102.65,4529.43,2.12
M0121780,N,70,0,15701.75,0,0,0,5317.61,8278.74,0.78
M0121781,N,42,0,5109.27,0,0,0,570.1,3809.15,0.45
M0121782,N,78,1,11838.35,0,0,0,6214.23,10715.86,0.72
M0121783,Y,63,4,113234.65,5,3,4,64086.55,71724.25,3.08
M0121784,N,62,1,10632.73,0,0,1,3507.16,6799.54,1.6
M0121785,N,23,2,30840.18,0,0,0,4390.09,20784.88,1.62
M0121786,N,21,1,6410.04,0,2,1,2910.2,6484.88,1.92
M0121787,N,75,3,5636.59,0,1,1,3995.52,3604.31,2.23
M0121788,N,55,1,6449.88,0,1,0,1008.89,5532.16,0.08
M0121789,N,20,0,12641.01,0,1,1,3166.7,10670.67,0.9
M0121790,N,75,1,13375.72,0,0,0,2454.37,8314.08,1.78
M0121791,Y,56,8,322645.03,4,7,5,100699.53,199934.93,6.0
M0121792,N,59,2,8570.76,0,0,0,1362.3,6677.87,0.25
M0121793,N,77,2,6162.0,0,0,1,2388.11,6340.97,1.07
M0121794,N,54,3,37286.32,0,0,0,6642.18,24998.65,2.12
M0121795,N,22,0,6270.09,0,0,0,2843.45,8041.06,0.42
M0121796,N,78,1,17845.92,0,0,1,1381.06,14533.05,0.73
M0121797,N,77,1,9658.31,0,0,0,2482.92,5938.91,0.0
M0121798,N,35,1,12850.81,0,1,1,8019.44,10866.99,1.17
M0121799,N,65,1,5171.19,0,1,0,746.0,4721.93,0.21
M0121800,N,64,2,15676.16,0,2,0,713.51,22831.34,3.24
M0121801,N,76,2,21696.29,1,1,0,16337.46,6783.37,1.68
M0121802,N,64,1,12325.1,0,2,1,7910.61,4624.99,0.76
M0121803,N,40,0,8669.3,0,0,1,3056.19,3960.29,0.91
M0121804,N,45,0,3484.58,0,1,0,686.75,2964.62,0.0
M0121805,N,25,1,6390.31,0,0,0,3944.5,6610.07,0.68
M0121806,N,33,0,6177.56,1,0,0,1450.51,4154.6,0.44
M0121807,N,29,0,36274.45,2,0,1,3749.65,28581.04,1.11
M0121808,N,54,1,12178.57,0,0,0,4069.56,10163.21,0.96
M0121809,N,66,4,22210.48,0,2,0,8441.75,10216.09,2.9
M0121810,N,72,2,22114.36,0,2,1,14414.2,9032.86,0.0
M0121811,N,32,0,8591.31,0,2,0,1956.49,11229.94,0.0
M0121812,N,47,1,16844.27,0,1,0,6477.96,13313.11,1.04
M0121813,N,63,1,30114.41,0,1,0,16720.75,15090.52,2.31
M0121814,N,21,3,26517.6,1,3,1,2610.17,19801.85,1.94
M0121815,N,57,0,17997.68,0,1,1,3636.02,15815.17,0.86
M0121816,N,31,1,18132.97,0,1,0,2798.32,17870.49,2.0
M0121817,N,71,2,9187.85,0,1,0,4571.82,10021.87,0.0
M0121818,N,18,0,15910.27,0,1,0,6073.46,7547.51,1.98
M0121819,Y,51,3,111126.09,3,1,4,82703.42,61971.64,4.68
M0121820,N,51,2,10060.8,0,0,0,4524.77,5119.64,2.07
M0121821,N,64,0,3418.38,0,0,1,797.52,2132.74,0.9
M0121822,N,57,0,6751.9,0,0,0,2673.82,3187.3,1.9
M0121823,N,51,1,5354.47,1,1,0,2770.76,1868.54,0.54
M0121824,N,30,2,12842.38,0,2,1,985.3,15629.88,0.95
M0121825,N,24,1,6301.89,0,1,0,4015.05,3577.64,1.73
M0121826,N,53,0,3779.43,0,0,1,1019.62,3992.32,1.89
M0121827,N,25,1,2374.25,0,1,0,428.62,2170.57,0.0
M0121828,Y,40,4,256142.2,4,6,2,88415.1,222034.59,5.24
M0121829,N,24,1,11317.12,0,2,2,1663.64,12173.31,1.46
M0121830,N,30,1,12982.39,0,0,0,7089.55,11825.71,1.44
M0121831,Y,67,4,214741.89,2,2,3,48361.31,154037.43,4.2
M0121832,N,74,2,44606.25,0,1,1,5314.95,30793.46,3.4
M0121833,N,36,1,16397.9,0,2,0,16785.21,7176.61,2.39
M0121834,N,29,0,4318.35,0,0,0,3764.71,2787.36,0.15
M0121835,N,69,1,8878.94,0,0,0,2073.94,5813.88,2.26
M0121836,N,36,1,11764.69,1,1,0,5363.67,10983.14,0.99
M0121837,N,73,0,17825.82,0,1,0,4803.85,19520.28,0.73
M0121838,N,75,0,1770.43,0,0,0,476.53,1011.81,0.36
M0121839,N,73,2,14263.05,0,0,0,2646.37,11293.09,1.53
M0121840,N,28,0,9529.76,0,0,1,6085.45,5646.74,0.68
M0121841,N,73,0,6639.74,0,0,0,463.25,5533.81,0.0
M0121842,Y,84,8,267774.36,5,4,5,109496.41,176046.46,6.82
M0121843,N,64,2,17265.55,0,0,2,1300.8,22526.43,1.28
M0121844,N,29,1,15068.69,0,0,1,2055.71,11073.93,0.0
M0121845,N,25,1,6660.07,0,0,0,4101.31,3321.61,1.19
M0121846,N,80,1,20957.62,0,3,0,7417.38,24553.66,2.46
M0121847,N,32,1,6567.53,0,2,0,2182.72,9486.05,0.37
M0121848,N,51,1,8288.54,0,0,0,1664.67,10717.8,1.69
M0121849,N,37,0,8882.14,1,1,0,5586.53,5069.64,0.6
M0121850,N,30,0,5773.9,1,0,0,1903.09,2982.41,0.6
M0121851,N,48,1,15855.55,0,0,1,5798.6,17047.09,1.38
M0121852,N,56,2,2682.26,0,0,0,541.93,3456.42,1.41
M0121853,N,71,3,3427.35,0,2,1,2596.18,982.92,0.0
M0121854,N,51,2,43232.24,1,1,1,3742.87,33290.63,2.23
M0121855,N,77,1,12069.08,0,1,0,4971.58,11791.36,2.67
M0121856,N,18,1,7822.65,1,1,1,1675.91,11847.27,1.68
M0121857,N,48,1,7473.66,0,1,0,3809.09,5133.14,0.41
M0121858,N,35,0,3035.75,1,0,0,2114.67,2971.07,0.01
M0121859,N,80,2,6637.62,1,2,0,1126.36,5107.42,1.0
M0121860,N,57,0,6850.61,0,0,0,2170.56,4916.34,0.38
M0121861,N,59,0,7398.28,1,0,0,1219.3,5386.07,0.08
M0121862,Y,84,5,482846.43,3,3,5,319412.1,280767.52,5.42
M0121863,N,74,2,16647.64,0,3,0,3412.4,12481.02,1.1
M0121864,N,76,1,8081.77,0,3,1,4654.73,3375.9,1.1
M0121865,N,74,2,13735.65,0,0,1,2080.67,8749.68,1.76
M0121866,N,67,0,7203.79,0,0,0,2375.03,4442.19,1.36
M0121867,N,52,0,5590.45,0,0,0,1191.63,6713.56,0.23
M0121868,N,32,1,9601.26,0,1,0,1820.02,9067.75,1.2
M0121869,N,74,0,11029.34,0,0,1,3000.73,11633.92,0.0
M0121870,N,23,2,30045.26,1,1,0,11865.06,15150.92,3.26
M0121871,N,45,1,13571.55,0,0,0,3525.65,11487.39,0.93
M0121872,N,76,2,4224.66,0,0,0,1025.45,4195.18,0.57
M0121873,N,48,0,8711.11,0,1,0,4160.43,6514.96,0.0
M0121874,N,49,1,6642.09,1,2,0,1585.75,6147.95,0.44
M0121875,N,41,1,8672.11,1,0,0,1289.35,6558.44,1.67
M0121876,N,76,1,4430.08,0,1,1,938.11,5143.31,0.42
M0121877,N,31,0,17333.29,0,0,0,722.49,13357.12,1.1
M0121878,N,18,3,21159.38,0,1,1,5742.45,16566.06,1.45
M0121879,N,35,1,11937.63,1,1,0,3687.55,12912.46,0.93
M0121880,N,76,3,9652.59,0,0,0,2236.74,8269.61,1.36
M0121881,N,29,0,17350.52,0,1,0,8229.07,14401.24,2.19
M0121882,N,52,1,5456.46,0,0,0,1505.43,4437.44,1.05
M0121883,N,61,0,21950.33,0,3,1,16386.76,10454.57,1.84
M0121884,N,75,1,15099.84,0,2,1,5448.14,6496.14,1.12
M0121885,N,34,1,5761.07,0,0,0,3437.08,4041.62,2.0
M0121886,N,69,2,4429.83,0,0,0,605.66,3643.75,0.29
M0121887,N,79,0,21452.89,0,1,0,12096.07,21403.98,1.82
M0121888,N,67,0,30596.16,0,1,0,5369.09,20911.39,1.23
M0121889,N,71,2,36999.96,0,0,0,6468.46,29058.43,1.73
M0121890,N,75,2,20499.15,1,0,0,6591.05,15076.96,1.69
M0121891,N,30,3,3719.15,1,2,1,1163.34,2816.22,0.3
M0121892,N,39,2,15162.32,0,0,0,1407.91,11820.32,1.77
M0121893,N,76,1,6749.65,0,0,0,3313.43,3481.38,0.34
M0121894,N,68,1,14213.35,0,1,1,8417.49,10839.18,0.8
M0121895,N,32,2,3973.31,0,1,0,1871.71,2819.49,0.33
M0121896,N,42,1,2345.92,0,0,0,512.27,3175.35,1.62
M0121897,N,62,0,5026.5,0,0,0,1830.08,7162.82,2.18
M0121898,N,73,1,12757.76,0,0,0,2272.06,15035.21,1.33
M0121899,N,26,0,16429.42,0,0,1,2832.04,11259.53,0.25
M0121900,N,73,0,24626.57,0,0,1,12466.74,13764.86,1.49
M0121901,N,29,0,13389.73,0,1,0,1789.21,9619.75,0.9
M0121902,N,26,0,17983.47,0,1,0,2892.76,11675.75,1.68
M0121903,N,19,0,2810.61,0,0,0,2591.11,1245.17,0.65
M0121904,N,66,3,17872.78,0,0,0,2274.23,15216.58,2.4
M0121905,N,53,0,9665.97,0,3,0,4915.14,11605.69,1.05
M0121906,N,45,0,7501.16,0,0,0,1569.03,9084.0,3.05
M0121907,N,72,3,13074.89,0,4,0,3423.31,11328.2,2.07
M0121908,N,62,2,13552.43,0,2,0,6519.46,13798.86,3.75
M0121909,N,35,0,5434.62,0,0,1,1276.06,4937.17,0.0
M0121910,N,20,1,17814.26,0,0,0,11581.46,6334.99,1.87
M0121911,N,63,1,4871.94,0,0,2,1638.36,6771.23,0.05
M0121912,N,47,1,28388.19,0,0,0,2731.43,24068.55,1.37
M0121913,N,45,1,69325.68,0,1,0,5206.65,49013.84,1.36
M0121914,N,29,0,19368.56,0,0,0,1029.15,18017.78,0.0
M0121915,N,52,1,27228.32,0,0,0,3593.94,41767.86,2.08
M0121916,N,70,1,8938.92,0,0,0,4443.96,10150.59,1.75
M0121917,N,63,1,14597.27,0,3,1,7580.55,7632.65,1.35
M0121918,N,64,0,29209.4,0,0,0,8487.45,14973.4,2.34
M0121919,N,23,2,48183.87,0,0,0,2228.26,35520.55,1.75
M0121920,N,31,1,11165.2,0,0,1,2973.2,5800.67,1.21
M0121921,N,58,3,8900.31,0,2,0,6194.87,4471.1,1.14
M0121922,N,23,1,25435.01,0,2,1,8475.39,28099.12,1.17
M0121923,N,60,1,14381.74,0,0,0,2175.28,10479.01,0.02
M0121924,N,76,1,10554.48,0,0,0,1042.93,12943.24,1.46
M0121925,N,39,1,25510.93,0,0,0,10645.18,10846.98,0.22
M0121926,N,34,0,3192.61,0,0,0,1532.78,1026.12,0.51
M0121927,N,40,1,4380.84,0,1,0,923.38,5135.49,0.0
M0121928,N,47,0,29391.77,1,1,0,4472.48,18686.71,1.3
M0121929,N,80,0,9703.03,0,2,0,4226.41,3598.6,0.0
M0121930,N,47,0,24603.17,0,2,0,12487.85,12794.65,0.76
M0121931,N,18,1,5552.03,0,2,0,3773.55,3273.24,1.77
M0121932,N,53,0,7254.25,0,1,0,4113.11,4063.61,0.61
M0121933,N,57,0,4049.52,0,1,0,1871.22,4062.74,0.16
M0121934,N,72,0,7989.2,1,1,1,477.69,8880.52,0.51
M0121935,N,76,0,1653.05,0,0,0,396.76,2036.58,0.5
M0121936,N,76,1,7567.73,0,2,0,953.93,7667.13,1.15
M0121937,N,24,0,15368.25,0,0,0,8850.21,4508.85,1.26
M0121938,N,33,2,8196.54,0,1,0,2320.58,7772.99,2.45
M0121939,N,74,0,16869.31,0,0,1,1168.22,22380.98,0.67
M0121940,N,21,0,6233.66,0,0,0,1049.12,6910.22,0.0
M0121941,N,44,0,4418.05,0,0,0,1178.21,4451.54,0.0
M0121942,N,61,0,11528.38,0,0,0,2934.42,10253.11,1.93
M0121943,Y,37,7,172113.7,5,6,3,102849.76,93025.98,6.44
M0121944,N,44,0,5718.66,0,0,0,3049.75,3351.83,0.69
M0121945,N,39,0,9887.72,0,0,0,2692.27,7840.82,1.57
M0121946,N,37,1,16612.91,1,0,0,5137.32,8770.02,1.28
M0121947,N,38,2,10978.52,1,2,0,5706.87,5236.34,2.62
M0121948,N,29,1,20172.21,0,0,1,5596.2,15172.14,0.88
M0121949,Y,44,8,206339.18,5,6,2,126008.81,87054.66,6.13
M0121950,N,42,2,36599.49,0,0,1,10047.27,23461.89,1.51
M0121951,N,63,0,2215.01,0,0,1,286.75,1752.29,2.88
M0121952,N,27,0,17577.14,0,2,1,5579.04,12186.4,2.32
M0121953,N,26,1,12255.15,0,2,0,4054.84,6599.64,0.91
M0121954,N,56,1,3786.54,0,2,1,2504.71,2098.52,0.27
M0121955,N,43,2,13427.03,0,2,2,10299.96,6456.54,3.46
M0121956,N,75,1,24508.6,0,1,2,824.18,22982.57,0.0
M0121957,N,36,0,28916.59,0,0,1,6839.01,36539.89,1.6
M0121958,N,37,2,23456.3,0,0,0,1793.99,16810.1,0.89
M0121959,N,27,0,1798.61,0,0,0,1110.47,1507.47,1.92
M0121960,N,72,1,11642.52,1,0,0,1336.24,10777.75,0.56
M0121961,N,70,0,26991.3,0,1,0,7550.9,18769.25,2.23
M0121962,N,72,1,7823.97,0,0,0,1658.5,4911.2,0.02
M0121963,Y,83,6,126155.05,2,3,3,42455.36,127693.1,2.67
M0121964,N,27,1,12544.72,0,2,0,5850.44,7102.73,0.85
M0121965,N,66,0,10578.71,2,0,0,422.49,11543.47,0.4
M0121966,N,39,2,20632.46,1,0,1,16139.98,9049.22,2.44
M0121967,N,71,1,4821.23,0,0,1,1426.48,4261.42,0.0
M0121968,N,51,2,4003.34,0,0,1,1797.71,3249.1,0.59
M0121969,N,51,0,21794.74,0,2,1,11026.5,10930.93,1.16
M0121970,N,62,0,29542.41,0,0,0,6980.35,21843.69,1.22
M0121971,N,25,1,4496.76,0,0,1,2991.05,3726.48,0.0
M0121972,N,63,2,34271.04,0,4,1,14749.42,14417.14,2.34
M0121973,N,60,3,10495.68,0,1,1,8113.97,8771.91,0.29
M0121974,N,46,0,4980.93,0,1,0,1966.33,5459.28,0.0
M0121975,N,28,0,32750.42,2,1,1,13537.07,26387.89,2.63
M0121976,N,72,3,9665.07,1,0,0,6746.96,6450.11,0.92
M0121977,N,65,0,8099.44,0,0,0,5669.35,7672.48,0.31
M0121978,N,72,1,15875.04,1,0,0,9290.67,14544.22,1.32
M0121979,N,21,2,9692.22,1,0,2,2950.25,5717.93,0.26
M0121980,N,53,1,6407.52,0,0,0,1273.22,5100.63,0.87
M0121981,Y,46,5,268162.21,2,3,4,127388.92,126506.69,5.86
M0121982,Y,39,4,632187.19,1,7,1,419220.54,325192.53,7.91
M0121983,N,34,0,5666.88,0,0,1,2258.91,6214.49,0.64
M0121984,N,32,0,9225.78,0,1,1,2076.08,5398.67,0.33
M0121985,N,77,2,15154.06,0,0,0,1814.96,12894.21,0.67
M0121986,N,40,1,5309.01,1,0,0,958.34,4216.21,0.0
M0121987,N,52,3,8339.28,0,2,0,5197.35,7177.37,1.02
M0121988,N,40,0,4660.54,0,0,0,1026.42,3981.69,1.23
M0121989,N,21,0,8609.19,0,1,0,4951.35,9268.53,1.71
M0121990,N,52,0,10305.99,0,1,0,2160.47,6450.04,0.01
M0121991,N,77,1,3213.59,0,0,0,2080.4,2394.5,0.9
M0121992,N,57,0,14488.88,0,0,0,9669.55,1707.2,1.1
M0121993,N,28,1,19637.47,0,1,0,8862.99,8706.45,2.51
M0121994,N,75,1,34076.23,0,1,0,3532.59,27088.95,1.15
M0121995,N,66,0,5633.34,1,1,0,2478.6,3675.25,0.5
M0121996,N,20,1,29785.25,0,0,0,12552.28,19295.46,3.16
M0121997,N,76,0,31876.75,1,0,0,3330.87,23042.3,1.88
M0121998,N,36,0,10794.82,1,3,0,10183.11,3285.17,3.24
M0121999,N,49,1,10215.07,0,0,0,2842.33,7838.74,1.93
M0122000,N,32,0,17181.5,0,0,0,8359.13,16938.18,0.58
M0122001,N,20,0,7427.23,0,0,2,1397.0,6486.68,1.84
M0122002,N,65,1,18375.32,0,0,0,1040.37,17708.91,1.51
M0122003,N,74,1,11243.7,0,1,1,7130.51,5351.03,0.59
M0122004,N,42,1,14025.99,0,3,2,2771.75,11057.88,0.96
M0122005,N,21,0,5915.38,0,1,0,1024.36,5308.63,0.0
M0122006,N,20,3,13740.36,0,3,2,3730.32,11656.49,2.2
M0122007,N,70,0,3749.05,0,0,1,2499.75,2464.6,1.5
M0122008,Y,59,3,405150.75,3,2,4,143190.43,231859.11,5.76
M0122009,N,65,1,14353.39,0,2,0,5729.43,10981.66,1.18
M0122010,N,70,4,17509.73,1,1,1,7220.11,18208.23,1.5
M0122011,N,21,1,9808.39,0,0,0,2316.53,5401.1,1.38
M0122012,N,21,2,9320.6,1,0,0,2610.42,10615.34,1.39
M0122013,N,40,0,2963.22,0,0,1,330.01,3389.47,0.0
M0122014,N,38,2,15763.44,2,0,0,3073.42,9339.74,0.1
M0122015,N,73,0,35271.16,0,0,1,2872.92,28728.12,0.22
M0122016,N,57,0,22570.84,0,1,0,11699.97,9345.97,0.97
M0122017,N,73,1,8074.11,0,0,0,1965.66,6226.85,0.14
M0122018,N,33,1,7747.02,0,0,1,2793.9,8061.15,0.0
M0122019,N,56,1,7195.09,0,1,0,2227.64,5846.6,1.44
M0122020,N,80,3,47308.3,1,3,0,13850.77,29173.8,0.85
M0122021,N,53,1,4341.61,0,0,1,1533.93,3491.94,1.67
M0122022,N,58,0,8393.16,0,0,0,1080.28,6994.34,0.0
M0122023,N,37,0,10734.83,0,0,0,2006.89,6645.1,0.75
M0122024,N,20,0,10957.37,0,0,1,4550.62,8769.61,2.06
M0122025,N,49,1,23184.29,0,1,2,4075.1,25480.95,1.24
M0122026,N,76,0,9909.92,0,0,1,4810.6,5743.21,0.0
M0122027,N,24,1,31097.59,0,1,1,2727.4,22641.71,2.52
M0122028,N,55,0,16346.05,1,2,0,9918.0,8063.49,3.16
M0122029,N,45,2,21131.26,0,0,1,2993.82,14217.47,0.29
M0122030,N,76,0,6270.77,0,0,0,822.96,4159.37,0.99
M0122031,N,19,2,6155.71,1,0,0,1243.49,5747.15,1.45
M0122032,N,70,0,5430.05,1,2,0,2658.4,5909.14,0.0
M0122033,N,64,0,9632.25,0,1,1,2775.52,14046.58,1.61
M0122034,N,23,1,20260.56,0,2,0,6054.89,10884.9,1.16
M0122035,Y,64,3,220064.59,4,4,1,39105.77,159464.08,3.47
M0122036,N,27,3,12415.99,1,2,0,775.79,14900.85,0.81
M0122037,N,76,1,12022.56,1,1,0,7970.48,10549.35,1.02
M0122038,N,20,2,14079.23,0,0,0,2460.71,10499.13,0.28
M0122039,N,63,3,2221.35,0,1,2,1358.94,2175.29,0.67
M0122040,N,47,0,5164.98,0,1,0,1811.17,6766.33,0.71
M0122041,N,49,2,4115.04,0,1,0,1488.2,2094.79,0.12
M0122042,N,31,0,2892.76,0,1,0,592.3,2175.26,2.36
M0122043,N,33,1,4220.67,0,4,0,1396.55,6159.98,0.0
M0122044,N,70,1,12407.94,0,0,0,2977.88,10536.33,0.29
M0122045,N,38,0,6967.33,0,0,1,900.33,9933.3,0.96
M0122046,N,71,1,15150.95,0,1,0,3943.67,17245.86,2.46
M0122047,N,56,1,24595.31,0,0,0,16971.12,4867.29,0.57
M0122048,N,62,2,6176.95,1,1,0,2418.58,8082.81,2.46
M0122049,N,50,0,2124.84,0,0,1,590.66,3245.63,0.13
M0122050,N,66,2,16309.79,1,0,1,2015.69,18415.48,2.07
M0122051,N,43,0,7205.28,0,0,0,1894.74,5081.1,0.68
M0122052,N,23,0,23032.61,0,1,0,10686.69,7677.21,1.35
M0122053,N,73,0,22554.52,0,0,1,3168.86,14586.61,0.84
M0122054,N,69,0,23192.08,0,0,0,1181.16,18433.54,0.56
M0122055,N,47,0,6633.79,0,0,0,1715.27,5471.5,0.93
M0122056,N,62,2,12615.08,1,0,1,986.65,11942.97,0.9
M0122057,N,78,1,18097.07,0,0,0,3108.36,15035.2,2.43
M0122058,N,59,1,12967.61,0,1,1,4143.32,10575.93,0.97
M0122059,N,64,1,16771.44,0,2,0,4724.81,9096.43,1.4
M0122060,N,51,1,16547.89,0,0,0,2238.18,12148.65,0.0
M0122061,Y,59,5,198367.3,2,4,2,33739.2,152714.15,3.85
M0122062,N,51,0,9704.1,0,1,0,1635.67,9517.39,1.53
M0122063,N,77,0,4562.45,0,0,0,644.87,5685.24,0.82
M0122064,N,28,2,29166.32,0,2,0,19373.43,23091.3,0.56
M0122065,N,26,1,37956.54,0,3,0,14557.52,17328.47,1.23
M0122066,N,79,0,25552.79,0,0,0,6804.39,17433.05,0.97
M0122067,N,67,1,42108.44,0,1,0,6598.78,32643.38,1.19
M0122068,N,60,3,7724.29,0,2,1,5464.59,5445.33,1.88
M0122069,N,67,1,14996.55,0,1,1,1945.38,23459.56,1.73
M0122070,N,25,2,10134.82,0,2,0,5326.39,5225.55,1.81
M0122071,N,76,1,11077.53,0,1,0,4797.78,7091.64,1.24
M0122072,N,44,0,11479.4,0,0,0,1017.64,13446.07,0.35
M0122073,N,62,1,5552.38,0,1,0,2005.59,4025.2,0.69
M0122074,N,38,0,10943.47,0,0,1,794.77,8469.21,0.57
M0122075,N,65,2,8549.5,0,0,0,1392.32,5874.65,0.49
M0122076,N,25,1,22243.7,0,1,0,3949.95,17426.87,1.6
M0122077,N,58,1,27180.77,1,1,1,7302.29,19214.7,2.29
M0122078,N,69,1,6967.57,0,0,0,1593.12,3980.65,0.0
M0122079,N,52,3,14329.03,0,0,0,3291.89,9925.63,0.67
M0122080,N,26,2,18390.33,0,2,1,8118.73,7107.75,1.84
M0122081,N,58,0,9571.77,0,1,0,3017.78,12729.05,1.67
M0122082,N,50,1,2300.63,0,2,0,297.42,3765.6,0.78
M0122083,N,56,0,12219.66,0,0,0,2633.02,8968.96,0.45
M0122084,N,61,0,8391.12,0,0,0,1391.96,7953.99,0.0
M0122085,Y,53,4,148999.65,2,3,2,114194.21,84988.02,3.74
M0122086,N,29,0,35876.42,0,0,0,2083.48,26533.69,0.0
M0122087,N,23,0,17730.53,0,1,0,12163.87,7924.09,2.12
M0122088,N,50,1,12127.99,0,0,0,5210.8,6437.3,0.29
M0122089,N,61,0,6984.13,0,0,0,2460.74,3502.92,0.63
M0122090,N,32,2,12153.09,2,1,1,10434.91,4978.74,0.82
M0122091,N,77,1,3863.63,0,0,0,1382.9,2869.02,1.37
M0122092,N,50,0,11030.68,0,2,0,3193.16,8204.26,1.02
M0122093,N,68,2,23257.04,1,2,0,2845.19,22323.87,1.05
M0122094,N,28,0,4020.99,0,0,0,1864.48,1691.53,0.7
M0122095,N,65,1,26845.24,0,1,1,4158.65,21230.22,1.01
M0122096,N,27,1,45511.62,0,2,0,19727.84,17538.26,0.79
M0122097,N,54,0,9517.1,1,1,0,600.72,7581.7,0.09
M0122098,N,58,2,17026.58,0,0,0,4465.05,10922.38,1.21
M0122099,N,67,2,20942.1,0,1,1,11266.19,21155.38,1.68
M0122100,N,41,0,12066.19,0,0,0,3696.5,12300.11,1.43
M0122101,N,22,0,10044.06,1,0,1,2219.3,10343.11,1.44
M0122102,N,75,2,4568.59,0,0,1,919.3,5481.99,1.92
M0122103,N,37,0,5862.28,0,0,0,1217.99,6990.23,0.98
M0122104,N,61,0,12603.55,0,0,0,1460.77,8655.39,0.0
M0122105,N,61,1,3678.29,0,0,0,292.17,4925.46,0.0
M0122106,N,43,0,5848.82,0,0,0,3558.83,5646.37,0.32
M0122107,N,64,2,7482.09,0,0,1,1674.84,7781.2,0.24
M0122108,N,43,1,2538.48,0,0,1,1358.59,2115.56,0.58
M0122109,N,24,0,11004.27,0,0,0,2138.68,17599.44,0.37
M0122110,N,41,2,5327.84,0,0,0,5191.42,2746.23,0.3
M0122111,N,66,0,15899.69,0,0,0,6056.5,6548.88,0.88
M0122112,N,63,1,11142.68,0,1,0,6438.74,10086.76,1.58
M0122113,N,31,2,8468.62,0,0,0,3668.34,8300.67,1.17
M0122114,N,69,0,8739.61,0,1,0,2483.3,9597.89,0.15
M0122115,N,42,1,15988.69,1,3,2,6618.25,11995.99,1.9
M0122116,N,27,1,13155.71,1,0,0,4011.45,17370.69,1.36
M0122117,N,57,1,16203.59,0,0,0,5867.55,10240.08,1.8
M0122118,N,37,0,13892.04,0,2,0,770.76,12258.63,0.38
M0122119,N,28,1,14448.68,0,0,1,4607.27,8277.74,1.13
M0122120,N,35,0,5819.71,0,0,0,1393.13,4256.18,0.82
M0122121,N,76,3,13269.93,1,1,0,1539.48,11732.58,1.35
M0122122,N,78,2,16186.39,0,0,2,5683.59,21039.02,1.35
M0122123,N,29,2,23340.25,1,2,0,6279.15,13695.03,1.28
M0122124,N,61,2,7370.51,0,0,0,1041.32,7360.7,1.53
M0122125,N,39,2,18587.09,0,0,0,5700.51,16211.06,1.27
M0122126,N,22,2,21401.49,1,1,0,1628.06,27358.89,2.32
M0122127,N,78,0,4710.05,0,0,0,1005.13,2747.12,0.08
M0122128,N,69,0,12129.52,0,0,1,5220.48,7341.72,2.04
M0122129,N,60,0,7035.74,0,0,1,1631.02,8016.32,0.47
M0122130,N,31,0,6595.42,1,1,0,304.1,5712.34,1.2
M0122131,N,34,0,7504.86,0,0,0,3237.68,4338.97,1.34
M0122132,N,23,2,7816.16,0,0,0,8886.0,4632.41,1.19
M0122133,N,45,2,39934.29,0,3,0,25930.03,22920.24,0.88
M0122134,N,60,2,9259.6,0,0,0,4870.69,2383.8,1.38
M0122135,N,50,0,14955.09,0,2,0,2069.11,12734.25,0.6
M0122136,N,70,1,16960.12,0,0,0,1900.08,12466.11,1.15
M0122137,N,18,1,4717.53,0,0,0,1092.49,3737.58,0.0
M0122138,N,65,0,14961.8,0,1,1,881.12,13814.01,0.69
M0122139,N,46,2,11482.51,0,1,0,8650.1,4869.6,1.19
M0122140,N,77,3,15810.18,0,0,0,2401.96,19580.93,1.44
M0122141,N,50,2,10525.43,1,2,0,1012.91,8041.57,1.84
M0122142,N,36,3,41759.2,0,0,1,3619.42,34667.04,1.71
M0122143,N,53,0,11810.57,0,1,0,2672.4,7625.61,1.91
M0122144,N,57,0,3939.33,2,0,0,2369.25,2954.22,0.82
M0122145,N,30,0,17504.91,0,2,0,5933.76,17674.42,0.0
M0122146,N,51,1,7580.03,0,0,0,3372.25,3340.62,1.54
M0122147,N,22,4,23092.32,0,0,1,5408.53,17674.81,1.03
M0122148,Y,81,3,164016.42,3,3,3,62278.05,96942.65,4.16
M0122149,N,22,0,8046.83,0,0,0,748.96,7704.33,1.7
M0122150,N,65,1,12558.57,0,0,0,1577.27,9225.43,0.79
M0122151,N,23,1,4874.33,0,1,0,2501.37,4536.27,1.1
M0122152,N,71,2,15709.34,0,2,0,12161.07,7967.49,2.79
M0122153,N,26,3,16941.22,1,2,1,10349.36,20127.68,1.63
M0122154,N,79,0,33075.75,0,2,0,4819.46,22929.41,1.75
M0122155,N,41,0,12393.27,0,0,0,12171.52,8950.75,0.41
M0122156,N,36,1,6113.07,0,1,0,783.73,5625.65,0.86
M0122157,N,31,2,15213.96,0,1,0,11111.93,4433.06,2.48
M0122158,N,24,0,5256.04,0,0,0,1543.15,5467.69,1.41
M0122159,N,34,1,4094.15,0,0,0,1290.7,2847.69,1.28
M0122160,N,30,1,19956.11,0,0,0,3969.5,12308.22,0.52
M0122161,N,46,1,18090.48,0,0,0,5544.87,10413.76,1.96
M0122162,N,65,3,19068.72,0,0,0,4421.49,17771.47,0.88
M0122163,N,64,0,19417.07,2,0,0,5703.75,21235.09,1.86
M0122164,N,56,0,9127.53,0,2,0,3722.69,5589.98,0.54
M0122165,N,39,0,7555.15,0,1,0,2026.52,4362.58,1.29
M0122166,N,55,0,6072.31,0,0,0,2254.5,8361.46,0.2
M0122167,N,43,2,10065.4,0,1,0,3348.51,9088.45,1.33
M0122168,N,55,1,16143.75,0,1,1,9053.99,9175.48,2.44
M0122169,N,64,1,21924.71,0,1,0,6136.63,14563.66,1.08
M0122170,N,19,0,14622.57,0,1,0,1672.31,10332.32,1.11
M0122171,N,73,1,26282.21,0,0,0,4603.17,26025.47,1.46
M0122172,Y,66,6,328009.35,2,3,3,145562.08,166565.58,5.83
M0122173,Y,40,5,348393.33,3,1,3,28805.02,278281.33,5.48
M0122174,N,58,0,10040.71,0,0,0,3143.73,4734.56,1.41
M0122175,N,75,2,19967.29,0,0,0,4938.45,14451.51,1.85
M0122176,N,61,0,3595.87,0,1,0,510.28,3382.08,0.72
M0122177,N,55,0,2898.95,0,1,0,648.16,2963.91,0.0
M0122178,N,58,1,9611.96,0,0,0,2819.08,8776.86,1.04
M0122179,Y,81,4,167741.56,3,4,6,72456.11,124164.79,6.72
M0122180,N,62,1,5183.75,0,0,1,1783.38,5092.65,1.48
M0122181,N,61,0,4555.55,0,0,0,979.09,4215.2,0.99
M0122182,N,53,1,15180.7,0,1,0,5566.85,7847.68,1.15
M0122183,N,57,1,6071.4,0,1,1,1901.27,3466.5,0.0
M0122184,N,72,2,20650.68,2,2,0,3535.79,13320.96,2.81
M0122185,N,42,0,7087.41,0,0,0,1233.45,7086.98,0.0
M0122186,N,57,1,25245.72,0,1,0,7222.02,26348.88,2.48
M0122187,N,26,1,18771.79,0,0,0,1452.24,25908.05,0.99
M0122188,N,69,0,3963.95,0,0,0,1875.37,4007.28,0.0
M0122189,N,52,2,6525.85,0,0,0,4798.49,5289.28,0.3
M0122190,Y,68,5,105152.01,3,2,2,28102.99,92157.98,3.25
M0122191,N,78,1,27361.55,0,2,0,3745.2,19423.72,1.72
M0122192,N,20,2,17261.2,0,0,1,7582.76,12340.65,1.72
M0122193,N,52,1,7368.59,0,0,0,1492.56,4300.23,1.18
M0122194,Y,44,4,297414.58,3,4,5,131706.79,123403.86,2.66
M0122195,N,30,2,6366.31,1,0,0,1432.69,6586.88,2.17
M0122196,N,25,2,9743.61,2,2,0,3186.23,4907.54,1.22
M0122197,N,45,1,17062.6,0,2,0,7830.03,9763.83,0.87
M0122198,N,29,1,7220.4,0,0,2,2315.21,4850.32,1.02
M0122199,N,26,2,22228.52,0,2,0,3317.69,19437.52,1.74
M0122200,N,58,1,7470.56,0,1,0,1920.09,7695.93,1.34
M0122201,N,22,0,20882.38,1,1,0,12887.84,3506.28,0.87
M0122202,N,43,1,16100.8,0,1,0,4263.37,9986.05,0.42
M0122203,N,53,0,4447.45,1,0,1,2032.2,2389.03,0.0
M0122204,N,51,0,28454.71,0,1,0,5867.47,23774.91,1.5
M0122205,N,41,1,10388.9,0,0,0,3553.17,14441.56,2.05
M0122206,Y,45,5,182456.49,1,6,2,139260.68,98301.88,2.0
M0122207,N,27,1,19672.81,0,2,0,9105.42,7913.41,0.39
M0122208,N,75,2,22060.34,1,2,1,1338.61,26070.45,2.15
M0122209,N,57,1,6675.71,0,1,0,2022.32,7144.96,0.73
M0122210,Y,42,5,303914.14,2,2,7,129687.13,140421.92,2.39
M0122211,N,24,0,8985.75,0,2,2,8973.76,6393.13,1.7
M0122212,N,74,0,31443.26,0,0,1,16564.68,17835.04,3.15
M0122213,N,76,2,30080.82,0,2,0,18021.4,10192.52,1.68
M0122214,N,35,1,7328.4,1,0,0,1041.55,5768.91,1.47
M0122215,N,26,1,8312.33,0,1,1,4166.64,5520.63,1.91
M0122216,N,24,1,34945.58,0,1,1,7513.93,31329.09,1.33
M0122217,N,62,1,26704.43,0,0,0,9860.57,13274.42,0.66
M0122218,N,48,3,8504.59,1,3,1,2115.93,11089.43,0.84
M0122219,N,68,1,14180.15,0,1,0,6617.54,5439.29,2.02
M0122220,N,46,1,12626.68,0,0,1,8778.74,4794.3,1.74
M0122221,N,37,1,5436.65,0,0,0,2700.77,5073.28,0.09
M0122222,N,62,1,5862.37,0,1,0,1512.45,4660.7,1.06
M0122223,N,46,1,12812.39,0,1,0,3216.74,9615.86,1.85
M0122224,N,73,1,13739.54,0,0,0,1829.99,9170.3,0.51
M0122225,N,58,0,17493.17,0,1,0,4720.51,12109.91,1.1
M0122226,N,54,2,43695.73,0,1,0,14897.59,25541.31,2.44
M0122227,N,72,2,13525.5,1,2,0,3249.26,8537.02,1.8
M0122228,Y,73,6,326071.53,4,3,6,185573.07,111599.11,4.52
M0122229,N,71,2,18119.65,1,0,1,2490.63,15065.87,1.83
M0122230,N,67,3,15783.27,0,1,0,7437.12,7271.69,1.43
M0122231,N,67,1,37145.13,0,1,1,4282.93,35000.56,1.37
M0122232,N,25,0,6546.29,0,2,0,1475.0,5346.65,0.69
M0122233,N,50,0,30430.24,0,2,0,13339.39,11708.15,2.22
M0122234,N,71,1,4763.45,1,0,0,1990.96,3182.64,0.51
M0122235,N,31,2,5136.02,0,1,0,2684.26,2285.42,3.34
M0122236,N,25,1,15341.07,0,0,0,1994.22,10513.94,2.2
M0122237,N,30,1,7800.24,1,0,0,1744.32,5339.78,0.0
M0122238,N,65,0,10172.08,0,0,0,894.17,12920.52,0.0
M0122239,N,80,2,5346.3,0,0,0,2049.99,3454.79,0.22
M0122240,Y,54,4,293823.05,4,5,1,126514.04,118500.92,5.21
M0122241,N,77,2,29326.09,0,1,0,12226.52,12682.3,1.68
M0122242,N,52,1,3243.87,0,1,0,362.88,2515.44,1.13
M0122243,N,62,2,10925.13,0,0,0,565.27,10884.31,0.2
M0122244,N,62,1,4575.69,0,0,0,581.36,3076.76,0.0
M0122245,N,36,1,8903.65,1,1,0,6927.8,4783.88,0.89
M0122246,N,77,1,7501.6,0,0,0,3781.92,8926.67,0.95
M0122247,N,24,2,14297.03,2,1,1,10023.13,15180.85,3.22
M0122248,N,62,1,7181.18,0,0,0,2860.63,6961.3,0.58
M0122249,N,20,2,13608.32,1,2,1,743.48,10642.17,2.29
M0122250,N,62,0,12637.93,0,0,0,5337.45,9324.05,1.33
M0122251,N,29,0,3195.9,0,0,0,494.04,2435.43,0.0
M0122252,N,73,1,21008.33,0,1,0,12369.12,10586.52,2.2
M0122253,N,38,0,23265.66,0,0,0,2699.9,16818.99,0.73
M0122254,N,47,2,27035.62,0,2,1,3001.54,27735.12,1.82
M0122255,N,61,2,7938.5,0,0,1,3455.29,8088.84,2.05
M0122256,N,60,0,4339.52,0,0,2,1547.01,2352.93,0.88
M0122257,N,44,0,6831.19,0,0,0,1599.55,5385.77,2.46
M0122258,N,27,1,9410.85,1,0,0,3087.74,13340.01,0.38
M0122259,N,77,1,2975.3,0,1,0,605.81,3743.41,2.03
M0122260,N,39,0,4990.77,0,1,0,938.41,3427.76,0.69
M0122261,N,56,1,3318.77,0,1,0,723.16,4392.13,0.55
M0122262,N,46,2,5361.04,0,0,0,2055.82,5299.56,1.67
M0122263,N,30,0,5138.76,0,1,0,525.99,3653.18,1.96
M0122264,N,66,2,11745.59,0,0,1,7147.3,10322.2,1.82
M0122265,N,78,2,31837.03,1,1,1,3483.27,34371.03,1.9
M0122266,N,61,2,27641.58,0,0,0,3062.62,21425.47,1.84
M0122267,N,76,0,12517.02,1,0,0,7997.53,2563.37,2.3
M0122268,N,18,0,8332.04,0,0,0,2723.65,4617.87,0.98
M0122269,N,36,2,8525.81,0,0,0,1023.65,8268.28,0.42
M0122270,N,37,2,6001.07,1,0,0,2818.6,4118.45,0.57
M0122271,N,36,0,3295.94,0,0,0,2114.12,1287.61,1.69
M0122272,N,78,1,12959.91,0,1,0,11889.17,3430.23,2.14
M0122273,N,20,2,21554.85,0,1,0,3651.4,14725.21,1.19
M0122274,N,67,0,9584.46,0,0,0,7828.01,6148.33,0.34
M0122275,N,61,0,8947.32,1,1,1,2547.1,5659.78,3.46
M0122276,N,49,2,8477.09,1,1,0,3429.4,6013.25,0.37
M0122277,N,31,2,20360.14,1,1,1,12495.52,9375.69,2.24
M0122278,N,31,3,11946.3,0,3,2,1205.44,12061.24,1.18
M0122279,N,28,1,15919.98,0,0,0,7790.22,5986.62,1.44
M0122280,N,55,0,3557.68,0,0,0,1126.51,2042.56,0.0
M0122281,N,24,0,22581.78,0,1,2,10454.07,16723.7,2.69
M0122282,N,39,1,17541.73,0,0,0,3835.12,21224.5,2.81
M0122283,N,80,2,8940.23,1,0,0,1900.99,7365.2,0.43
M0122284,N,49,1,8593.79,0,0,0,2498.24,9899.73,3.31
M0122285,N,28,0,31805.91,1,0,1,7758.45,18792.45,2.28
M0122286,N,71,1,8365.7,0,1,0,4567.98,6711.24,0.37
M0122287,Y,56,6,170870.18,5,3,3,56297.79,104233.59,5.96
M0122288,N,27,1,32000.97,0,0,0,5461.53,20450.98,0.0
M0122289,N,38,0,21347.2,0,2,2,6584.43,14280.62,1.98
M0122290,N,64,1,6031.48,0,2,0,3707.42,2433.27,0.43
M0122291,N,58,1,68712.26,0,2,0,39920.05,31745.87,1.33
M0122292,N,43,0,10983.6,0,0,0,4800.72,6262.98,1.14
M0122293,N,32,1,6922.62,0,1,0,2390.71,8706.68,2.11
M0122294,N,34,0,12879.2,0,1,1,2127.08,8158.38,0.16
M0122295,N,32,2,5597.49,0,1,0,3423.58,6343.79,0.92
M0122296,N,21,0,6743.93,0,0,0,755.15,8948.38,0.0
M0122297,N,42,1,6377.49,1,0,0,5962.4,3169.49,0.97
M0122298,N,27,2,9508.73,0,0,0,2843.46,8358.94,1.67
M0122299,N,60,3,9306.99,0,1,1,4224.24,10881.01,0.86
M0122300,N,32,2,6454.52,0,2,1,2009.51,5371.97,0.21
M0122301,N,48,1,54571.64,0,0,2,7064.68,44691.66,0.93
M0122302,N,25,1,3885.45,0,1,0,1635.9,5266.79,0.49
M0122303,N,58,0,8061.29,0,1,2,2990.3,6692.29,0.0
M0122304,N,76,1,4747.77,0,0,0,928.17,6693.34,1.33
M0122305,N,37,1,2136.44,0,1,0,1416.96,2228.34,0.0
M0122306,N,78,1,20839.2,0,3,1,10124.57,9942.83,0.42
M0122307,N,72,0,6124.89,0,1,0,586.33,7591.39,0.0
M0122308,N,47,1,4021.18,0,0,2,1370.41,3281.36,0.15
M0122309,N,64,0,12088.61,0,2,0,822.61,13726.75,2.07
M0122310,N,66,0,10409.55,0,0,0,6912.55,2701.81,0.52
M0122311,N,74,0,11687.67,1,2,0,8148.85,5125.19,1.68
M0122312,N,59,2,15786.95,0,3,0,4691.41,19792.43,1.39
M0122313,N,32,3,11366.6,1,1,0,3893.46,12024.97,1.92
M0122314,N,62,2,16093.94,0,1,0,2406.85,14948.81,2.03
M0122315,N,33,0,36099.72,1,0,0,6208.33,22139.12,0.61
M0122316,Y,74,4,353780.06,2,1,3,113228.58,189978.44,4.24
M0122317,N,73,0,20223.28,0,0,1,4217.19,19026.1,2.72
M0122318,N,56,1,22299.38,1,2,0,3493.77,25729.17,1.96
M0122319,N,35,1,8018.26,0,1,0,4600.11,4772.42,1.02
M0122320,N,36,4,45204.49,0,2,0,19038.91,48914.45,2.21
M0122321,N,61,0,4186.91,1,1,1,1666.25,3696.97,0.0
M0122322,Y,62,5,232852.63,1,4,8,73049.36,184011.88,2.0
M0122323,N,76,1,7176.52,0,0,1,4788.63,4258.46,0.7
M0122324,N,78,0,5079.09,0,1,0,1837.59,5965.12,0.04
M0122325,N,33,1,6691.72,0,0,0,2137.6,6070.03,1.94
M0122326,N,78,2,61186.43,0,1,0,7947.34,46913.68,1.49
M0122327,N,54,2,14849.66,2,0,1,5848.16,17149.46,1.26
M0122328,N,33,0,7676.02,0,0,0,1705.06,9646.46,0.98
M0122329,N,30,1,13518.7,0,0,0,1090.42,9977.47,0.0
M0122330,N,49,0,5860.44,0,0,0,3648.69,1515.16,0.0
M0122331,N,33,1,6063.36,0,2,0,2986.55,6654.67,1.56
M0122332,N,30,1,30752.11,0,1,1,21681.35,9014.57,0.51
M0122333,N,34,1,11390.56,0,0,0,1365.59,9063.76,1.23
M0122334,N,70,0,6202.36,0,0,0,1984.66,5287.94,0.11
M0122335,N,63,1,10957.33,2,0,1,7932.87,4338.03,1.14
M0122336,N,32,1,15003.51,0,0,2,7073.76,8915.14,1.77
M0122337,Y,43,5,115358.73,1,1,3,58601.56,98821.06,3.18
M0122338,N,35,2,24379.27,0,1,0,1951.57,19064.97,2.73
M0122339,N,48,0,15475.04,0,0,0,4055.15,11611.0,0.0
M0122340,N,18,0,13158.48,0,2,0,2093.68,10003.09,1.23
M0122341,N,27,0,17319.46,0,2,0,6433.96,7426.55,1.98
M0122342,N,36,1,14893.21,0,0,0,5143.86,14769.87,0.01
M0122343,N,48,0,1886.43,0,0,0,956.59,1463.0,0.46
M0122344,N,68,2,5433.34,0,0,1,2681.19,5374.77,0.0
M0122345,N,46,0,8345.56,0,0,0,6139.45,2262.47,0.28
M0122346,N,44,3,9234.66,1,1,0,2045.84,13956.46,1.36
M0122347,N,57,2,27945.49,0,2,0,5763.81,23179.4,0.87
M0122348,N,53,2,19919.81,1,2,1,3926.87,21150.81,1.45
M0122349,N,72,0,6005.86,0,1,0,878.66,6229.9,0.93
M0122350,N,25,0,18294.41,0,2,2,4489.03,15894.13,1.87
M0122351,N,35,0,9115.34,1,1,0,1481.65,10282.87,0.33
M0122352,N,57,1,12216.9,0,0,0,4221.37,6348.58,1.15
M0122353,N,50,1,8267.3,0,1,0,3190.28,7768.49,0.68
M0122354,N,60,1,3884.28,1,0,1,1742.57,2724.26,0.79
M0122355,N,77,0,36440.73,0,1,1,14936.4,18265.22,1.07
M0122356,Y,43,5,230053.6,5,4,2,198299.1,112003.17,5.79
M0122357,N,37,3,13337.65,1,0,0,2307.19,14020.48,1.72
M0122358,N,25,2,6842.74,0,1,0,2590.38,8536.06,1.34
M0122359,N,63,0,14307.76,0,0,0,2048.11,9137.54,0.0
M0122360,N,19,1,15659.42,1,0,0,3137.46,9176.58,0.53
M0122361,N,74,1,6733.4,0,1,0,2882.46,8368.24,1.04
M0122362,N,27,2,32199.12,0,0,0,6468.48,28973.93,2.53
M0122363,N,79,0,16496.27,0,1,0,959.91,14808.7,1.54
M0122364,N,78,1,7289.15,0,0,0,4526.42,6788.0,0.75
M0122365,N,48,3,10241.7,0,0,0,1364.91,8495.75,0.9
M0122366,N,56,1,11309.26,0,0,1,5055.91,5693.05,0.5
M0122367,N,65,2,26678.49,0,1,0,16973.5,9957.93,2.73
M0122368,N,52,2,32978.25,0,1,2,18595.57,8404.04,2.04
M0122369,N,79,2,20203.59,0,0,0,4389.52,13295.7,0.59
M0122370,N,35,2,14564.85,1,1,1,7074.83,6213.08,1.8
M0122371,N,28,0,4228.68,0,0,0,1121.84,2659.13,0.0
M0122372,N,77,0,5536.55,0,0,1,2469.78,2642.46,0.03
M0122373,N,57,3,15245.18,0,1,1,5552.11,8307.09,2.2
M0122374,N,35,0,9496.4,0,1,0,1881.11,6798.45,0.0
M0122375,N,24,0,4298.06,0,0,0,832.34,2995.77,0.0
M0122376,N,52,2,26238.88,2,2,1,9777.29,36647.19,3.48
M0122377,N,42,1,16533.04,0,1,1,3244.16,17005.22,0.11
M0122378,N,70,2,57008.46,1,2,0,14711.02,33234.29,2.53
M0122379,N,47,1,10265.44,1,0,0,1675.34,12076.2,0.88
M0122380,N,24,1,67981.32,1,0,0,8947.02,49807.26,2.26
M0122381,N,23,0,6623.55,0,0,0,2549.19,4119.61,1.22
M0122382,N,19,1,20248.2,0,1,2,5596.37,12623.97,2.16
M0122383,N,80,1,25540.0,1,2,1,14825.75,12080.84,1.31
M0122384,N,55,0,1747.53,0,0,1,984.47,1801.1,0.0
M0122385,N,48,0,6930.17,0,0,2,1078.76,8740.79,0.0
M0122386,N,19,0,3159.51,0,0,0,1388.75,3602.59,0.52
M0122387,N,32,2,3809.22,0,0,0,2412.31,2725.79,2.16
M0122388,N,39,2,17081.78,0,0,0,2521.54,18072.98,1.64
M0122389,N,67,1,23068.98,0,0,2,7388.01,14519.32,2.94
M0122390,N,54,1,6321.06,0,3,0,1678.75,5918.45,0.1
M0122391,N,23,0,2853.21,0,0,0,1877.55,2850.8,0.66
M0122392,N,35,1,9945.91,0,2,0,4431.57,8008.21,0.8
M0122393,N,69,0,5283.35,0,0,0,1834.88,2805.09,0.74
M0122394,N,31,2,9215.57,0,1,0,6653.58,7079.12,1.84
M0122395,N,67,0,16176.07,0,0,0,1218.38,14813.24,0.04
M0122396,N,50,0,16711.98,1,1,1,1041.36,12578.06,0.61
M0122397,N,39,2,30143.23,0,0,0,13139.13,24066.03,0.0
M0122398,N,34,1,9987.03,0,0,0,2997.68,13079.94,2.67
M0122399,N,63,1,4400.82,0,0,0,709.95,3513.07,0.0
M0122400,N,49,2,16565.85,0,1,1,9984.84,6182.83,2.08
M0122401,N,35,0,3721.37,0,0,0,1237.01,2712.08,1.89
M0122402,N,67,0,16178.97,0,1,0,5476.5,7351.58,1.66
M0122403,N,49,3,25020.5,0,0,1,15175.53,6293.52,1.21
M0122404,N,64,2,23904.78,0,0,0,3089.11,22341.96,3.19
M0122405,N,65,0,12027.38,0,0,0,6806.5,6686.85,0.0
M0122406,Y,82,6,210145.36,4,5,1,101151.72,192533.9,4.79
M0122407,N,54,0,37038.71,0,0,0,16235.07,20736.14,2.21
M0122408,N,44,4,58041.18,0,1,0,17661.47,40284.49,2.61
M0122409,N,36,0,5315.15,0,0,0,2784.4,5168.69,0.44
M0122410,N,49,0,29186.27,0,0,0,17018.58,12937.82,1.32
M0122411,N,54,1,1638.79,0,1,0,931.37,1180.74,0.74
M0122412,N,45,0,13687.68,0,0,0,2197.38,22557.03,0.41
M0122413,N,48,0,18177.03,0,1,2,18545.44,9914.85,0.4
M0122414,N,69,2,11103.0,0,1,0,1234.04,9545.4,0.0
M0122415,N,43,0,2926.1,0,0,0,1269.9,3498.42,0.62
M0122416,N,42,0,8040.0,0,0,0,1790.72,7169.09,0.0
M0122417,N,45,1,28115.39,0,0,0,11715.61,15638.89,0.0
M0122418,N,41,0,6111.58,1,1,0,333.29,5316.56,0.0
M0122419,N,35,0,11134.76,0,0,0,7783.33,7733.52,1.34
M0122420,N,38,0,5832.06,0,0,0,1483.05,5466.43,2.19
M0122421,N,28,2,8932.23,0,0,0,952.87,7562.95,0.0
M0122422,N,66,0,14858.39,0,2,0,838.31,10805.62,2.63
M0122423,N,38,2,2828.91,0,0,0,2459.37,2117.4,0.0
M0122424,Y,61,4,175979.32,3,3,1,133479.54,72903.22,5.04
M0122425,N,77,0,7850.02,1,1,0,3223.84,9686.95,1.68
M0122426,N,40,2,8093.87,0,0,0,4354.94,8798.32,2.09
M0122427,N,25,0,31545.17,0,1,0,4266.14,31019.63,0.59
M0122428,N,60,0,31235.49,0,1,0,1264.4,29086.8,2.5
M0122429,Y,56,5,128551.47,2,2,1,26665.22,97379.98,3.37
M0122430,N,24,0,7225.25,0,0,0,3616.6,3485.71,1.02
M0122431,N,45,0,5385.21,0,0,1,592.06,5766.4,0.36
M0122432,N,56,1,21006.37,0,3,1,1726.8,18049.97,0.0
M0122433,N,63,2,24666.28,0,1,0,2667.53,18162.35,1.91
M0122434,N,75,2,10494.1,0,1,0,2877.0,5605.24,0.71
M0122435,N,51,0,17486.99,0,0,1,3207.18,21751.79,1.61
M0122436,N,26,1,3410.25,0,0,0,1096.65,4533.46,0.24
M0122437,N,52,1,40545.25,0,0,0,3919.0,34449.8,1.45
M0122438,N,75,1,11759.34,0,0,0,5023.76,4872.68,1.66
M0122439,N,63,2,10459.95,1,3,0,3486.49,14660.2,0.0
M0122440,N,58,1,8829.84,0,1,0,3330.23,4289.35,1.53
M0122441,N,32,1,7355.75,0,0,1,3020.49,4908.7,2.9
M0122442,N,51,0,8820.7,0,1,0,3610.37,8583.72,1.1
M0122443,N,39,0,7963.08,0,1,0,3388.05,5717.13,0.21
M0122444,N,21,1,15530.89,0,2,0,3783.14,16013.86,0.34
M0122445,N,21,1,3939.33,0,0,0,643.83,3746.93,0.0
M0122446,N,78,3,11685.82,1,2,1,7663.23,6783.91,0.39
M0122447,N,50,1,12572.13,0,1,0,2643.95,7276.7,1.63
M0122448,N,30,2,44992.9,0,0,0,6439.21,62105.43,2.75
M0122449,Y,85,3,72977.83,5,3,1,60743.49,41419.09,3.15
M0122450,N,49,1,15031.35,0,0,0,793.17,16439.55,1.25
M0122451,N,54,1,13200.69,0,1,0,3804.78,7129.7,0.69
M0122452,N,54,1,8168.5,0,1,0,3564.31,10389.03,0.7
M0122453,N,25,1,14633.82,0,1,0,3840.51,16718.5,1.08
M0122454,N,35,2,25362.44,0,1,1,6511.16,14520.93,1.3
M0122455,N,19,2,15014.89,1,1,0,9422.79,4821.0,0.44
M0122456,N,23,0,23376.71,0,2,0,8182.55,18089.07,0.99
M0122457,N,46,0,12477.2,1,1,0,4230.45,7250.17,1.45
M0122458,N,26,2,27321.64,0,1,0,11726.32,10153.76,2.06
M0122459,N,53,0,37926.14,0,0,1,9382.96,36971.45,0.76
M0122460,N,47,2,7465.71,0,1,0,2079.39,7982.71,1.22
M0122461,N,50,1,39887.92,0,0,0,2755.74,28628.6,1.2
M0122462,N,78,1,13502.45,0,1,0,2774.42,12494.59,0.95
M0122463,N,53,2,66292.7,1,2,2,6131.53,52899.17,1.67
M0122464,N,46,1,20631.82,0,0,1,7976.72,17529.49,0.52
M0122465,N,78,3,15051.53,1,2,1,1795.17,12107.0,1.92
M0122466,N,46,1,16222.33,0,0,0,3675.01,9822.29,1.65
M0122467,N,58,0,12376.67,0,1,2,5266.68,4496.87,2.92
M0122468,N,21,0,22665.59,0,0,1,3350.75,17321.68,2.77
M0122469,N,43,0,29866.01,0,0,0,26022.29,3499.23,0.0
M0122470,N,23,0,9185.52,1,0,0,5557.57,4387.83,0.0
M0122471,N,67,1,14400.4,0,1,2,2894.26,14046.11,1.69
M0122472,N,37,1,13244.77,0,1,0,4790.03,12231.64,0.0
M0122473,N,56,0,1718.01,0,0,0,1780.48,939.75,1.09
M0122474,N,34,0,13686.33,1,0,0,3643.65,14161.43,2.43
M0122475,N,68,1,5253.36,1,2,1,4087.28,4152.12,1.28
M0122476,N,43,0,7668.37,0,2,0,1485.87,11883.21,2.38
M0122477,N,70,0,6390.05,0,0,0,1699.07,4668.28,0.63
M0122478,N,50,0,34237.94,0,0,0,9662.67,17719.14,2.78
M0122479,N,46,0,5527.16,0,2,0,905.3,4204.42,0.41
M0122480,N,77,0,3179.57,0,0,0,879.4,3270.86,0.08
M0122481,N,63,0,6071.78,0,0,0,3234.35,2963.6,0.81
M0122482,N,71,2,36731.03,1,0,1,6139.38,22848.48,1.11
M0122483,N,62,0,4693.72,0,1,0,2169.83,3065.05,0.38
M0122484,N,55,0,4202.0,0,0,0,1317.93,3854.6,0.0
M0122485,Y,37,5,251422.2,6,4,3,177227.11,175015.97,4.95
M0122486,N,57,0,8754.13,1,0,1,4615.2,2466.72,0.13
M0122487,N,51,0,18830.42,0,0,0,3354.86,22230.32,1.37
M0122488,N,34,1,10558.46,0,0,0,6714.71,8414.52,1.21
M0122489,N,74,0,5446.18,0,1,0,4830.08,3636.83,0.33
M0122490,N,72,0,19131.07,0,0,0,1940.29,13125.08,0.71
M0122491,N,47,0,5148.06,1,0,1,1097.24,7802.94,0.7
M0122492,N,23,0,6832.36,0,0,0,1429.58,10800.64,1.67
M0122493,N,69,0,4638.9,1,0,0,1103.39,6107.1,0.0
M0122494,N,79,1,9464.8,0,2,0,5442.74,7886.85,1.16
M0122495,N,74,3,13308.48,0,0,0,2509.23,19449.44,2.07
M0122496,N,60,1,8958.51,0,2,0,1803.87,6639.12,0.46
M0122497,Y,52,7,102076.16,3,1,3,30542.21,104507.69,3.56
M0122498,N,49,3,19890.25,1,1,1,4370.23,16851.66,1.19
M0122499,N,62,1,9841.56,0,1,1,1394.84,13051.26,1.58
M0122500,Y,85,5,236172.2,6,1,4,172551.28,110553.97,2.84
M0122501,N,57,1,5621.64,0,1,0,3492.12,5743.52,0.96
M0122502,N,23,0,18548.54,0,0,0,5716.65,26290.04,0.56
M0122503,N,60,2,13893.49,0,0,0,4886.74,12062.39,2.36
M0122504,N,19,0,20690.8,0,0,0,4077.83,17643.43,1.5
M0122505,N,65,0,22456.04,0,0,0,8583.5,11625.19,1.5
M0122506,N,25,1,10446.16,0,0,0,4024.42,4427.41,0.33
M0122507,N,53,0,9208.91,0,0,0,3457.48,6207.06,1.13
M0122508,Y,40,3,295897.25,2,1,4,126743.0,140703.11,5.12
M0122509,N,38,1,18824.6,0,2,1,5852.16,25354.28,1.43
M0122510,N,78,1,7466.57,0,1,1,5050.29,6015.13,1.72
M0122511,N,34,0,28575.41,0,2,0,550.23,23553.86,0.92
M0122512,N,78,1,4946.8,0,0,0,1680.59,7167.14,0.77
M0122513,N,48,1,4603.06,0,0,0,2764.25,2760.17,1.42
M0122514,N,79,4,18376.3,0,1,0,7301.69,11138.49,2.0
M0122515,N,70,0,4213.35,0,0,0,1858.08,1809.04,0.12
M0122516,N,35,1,4021.12,0,0,0,2013.91,3539.42,0.0
M0122517,N,46,2,4491.34,0,1,0,746.02,7167.34,0.17
M0122518,N,52,1,7965.56,0,0,0,1350.26,6369.19,0.2
M0122519,N,53,0,10896.56,1,0,0,1264.99,8510.53,2.18
M0122520,Y,79,6,366473.65,2,7,3,60888.46,254123.46,4.26
M0122521,N,52,1,5203.83,1,1,1,4942.94,3317.9,1.57
M0122522,N,75,0,5967.62,0,2,0,3937.21,5778.53,3.03
M0122523,N,58,0,11515.7,0,0,1,4953.47,9965.3,1.81
M0122524,N,41,1,24002.36,1,2,0,10374.11,17067.04,1.61
M0122525,N,25,1,12090.22,0,0,2,6899.16,10968.03,2.99
M0122526,N,37,0,9655.08,0,1,0,1092.6,10264.04,2.19
M0122527,N,36,1,14963.19,0,3,0,4070.17,16913.55,1.78
M0122528,N,35,3,24596.18,0,1,2,16569.62,9832.31,1.6
M0122529,N,63,0,14793.82,0,1,0,3077.6,13584.16,2.19
M0122530,N,47,0,4022.62,0,0,0,1304.57,2565.22,0.0
M0122531,N,69,2,16454.36,1,0,2,1416.2,12245.84,0.86
M0122532,N,65,2,12330.92,0,0,0,4053.32,12362.55,0.85
M0122533,N,52,0,6768.48,0,1,0,723.18,5136.29,0.4
M0122534,N,64,1,14357.88,0,0,0,877.69,15156.46,2.26
M0122535,N,56,1,5443.4,0,1,0,1855.96,4277.89,2.17
M0122536,N,71,1,5164.79,0,0,0,2950.66,4989.12,0.0
M0122537,Y,38,4,183869.61,2,3,4,121061.37,73000.7,3.73
M0122538,N,19,1,6311.3,0,1,0,3215.97,2888.58,0.36
M0122539,N,26,1,11075.48,0,0,0,3024.03,13529.71,0.99
M0122540,N,46,2,16866.59,0,1,0,13036.42,12596.79,0.89
M0122541,N,19,0,14149.33,0,3,1,2483.97,15444.74,1.94
M0122542,N,47,1,7303.71,1,0,1,663.36,6483.89,1.81
M0122543,N,41,2,20555.55,0,3,0,15003.34,16609.55,1.66
M0122544,N,64,0,4360.49,0,2,0,1411.17,3424.47,0.03
M0122545,N,45,1,9078.36,0,1,1,7725.84,7195.04,1.94
M0122546,N,48,1,12184.55,0,2,0,5248.57,8799.84,0.47
M0122547,N,73,3,6232.38,0,1,0,1587.6,8687.13,0.75
M0122548,N,73,0,6668.71,0,1,0,1857.36,6772.83,1.15
M0122549,N,43,0,5154.8,0,1,1,1532.16,5273.28,0.0
M0122550,Y,48,5,387695.16,5,7,5,58273.8,331634.31,6.57
M0122551,N,69,0,2393.55,0,0,0,461.03,3206.5,0.53
M0122552,N,68,0,4774.12,0,2,0,1973.78,3316.25,0.98
M0122553,N,76,1,11734.73,0,1,0,2810.83,13172.86,1.32
M0122554,N,24,0,15567.0,0,1,0,5494.33,15478.49,0.85
M0122555,N,56,1,17355.27,0,1,1,3852.07,12674.52,0.15
M0122556,N,27,1,16763.61,1,0,0,15868.27,10863.38,0.66
M0122557,Y,51,4,266389.63,2,4,2,101918.86,221417.71,4.47
M0122558,N,60,1,4212.77,0,0,0,1949.33,4868.85,0.0
M0122559,N,43,1,11501.91,0,0,0,424.86,8773.93,0.29
M0122560,N,60,1,2892.98,0,0,0,764.88,4137.35,0.4
M0122561,N,40,1,8813.95,0,1,0,334.93,6747.5,0.55
M0122562,N,62,1,4684.15,1,0,1,1690.02,6358.4,0.4
M0122563,N,43,0,6300.32,0,0,0,3126.33,7392.43,0.21
M0122564,N,58,0,3758.19,1,0,0,1136.21,5473.24,1.92
M0122565,N,42,2,23095.92,1,0,0,4719.23,26559.22,2.87
M0122566,N,61,0,8318.16,0,1,0,1053.33,11916.42,0.0
M0122567,N,78,1,16690.96,1,1,0,7943.2,8716.84,0.52
M0122568,N,50,0,12580.67,0,1,0,2922.91,18578.78,1.96
M0122569,N,49,1,8161.62,0,0,0,3197.01,4861.03,0.99
M0122570,N,48,2,6739.76,1,1,0,2494.99,3241.45,1.44
M0122571,N,32,0,9322.0,0,1,0,6288.23,7428.74,1.87
M0122572,N,73,1,8480.35,0,0,0,4287.65,4109.69,0.0
M0122573,N,25,0,2693.41,0,0,0,1357.77,2115.01,0.11
M0122574,N,47,2,22060.68,0,1,1,8519.41,18294.74,1.9
M0122575,N,28,0,9010.21,0,0,0,2137.67,6927.32,1.83
M0122576,N,74,1,16157.09,0,0,0,5954.08,7666.73,0.89
M0122577,N,66,2,21410.15,0,1,0,6057.46,15203.18,1.56
M0122578,N,66,0,6787.15,0,1,2,1155.58,9270.58,2.34
M0122579,N,24,1,7620.22,0,0,0,332.66,8086.88,0.41
M0122580,N,30,3,23094.51,0,1,0,7474.46,16108.88,1.71
M0122581,N,55,0,24630.7,0,1,1,3937.01,17875.92,0.83
M0122582,N,27,1,9789.26,1,1,0,7546.96,7385.77,0.94
M0122583,N,69,1,6876.49,0,1,0,3814.46,4320.44,0.56
M0122584,N,65,1,5012.91,0,0,0,1630.35,4952.09,1.53
M0122585,N,41,2,21056.42,0,1,2,8936.24,9574.44,1.29
M0122586,N,27,2,21330.55,1,0,1,4652.61,18619.51,1.44
M0122587,N,62,0,12266.77,1,0,0,4323.5,12648.16,1.94
M0122588,N,45,0,9102.69,0,0,0,1312.91,13842.73,1.98
M0122589,N,41,1,13669.67,0,0,0,4002.64,9898.16,0.01
M0122590,N,75,2,23154.12,1,1,0,4662.15,27515.78,1.79
M0122591,N,43,3,6126.16,0,1,1,3879.41,6179.3,0.87
M0122592,N,29,0,5747.76,0,2,1,2062.57,3296.38,0.0
M0122593,N,79,2,5586.44,0,3,1,3213.6,6532.89,1.51
M0122594,N,51,2,10440.01,0,0,1,1375.46,7964.24,0.12
M0122595,N,18,2,11062.02,0,0,0,4813.75,14464.97,2.61
M0122596,N,75,1,5201.35,0,2,0,2753.32,5985.04,0.45
M0122597,N,24,0,4532.23,0,0,0,243.32,4633.54,0.19
M0122598,N,45,0,24773.28,0,2,0,7922.83,11474.45,1.35
M0122599,N,59,1,19824.03,0,2,0,2961.88,12973.53,1.28
M0122600,N,42,1,2696.27,0,0,0,920.21,2149.94,1.27
M0122601,N,45,0,10509.02,0,2,1,4130.43,4821.58,0.77
M0122602,N,71,0,8757.3,0,2,0,2823.23,6274.89,0.52
M0122603,N,53,2,3965.76,0,1,0,1472.91,3078.72,1.17
M0122604,N,21,1,4712.27,0,0,0,785.83,3352.59,0.55
M0122605,N,27,4,10576.39,0,0,1,1540.24,11657.89,0.67
M0122606,N,34,0,2450.24,0,0,1,666.92,2127.3,1.12
M0122607,N,65,1,33872.84,0,2,0,5300.54,28261.67,1.69
M0122608,Y,78,6,265969.59,5,1,3,117300.09,165225.59,6.81
M0122609,N,58,2,16009.47,0,1,0,5034.61,10057.5,1.9
M0122610,N,28,0,6955.3,0,0,0,3136.7,7076.06,0.61
M0122611,N,66,0,7916.05,0,0,0,8645.16,3363.09,1.16
M0122612,N,29,2,11994.38,1,1,1,1748.62,8581.21,1.26
M0122613,N,52,0,3308.22,0,0,0,1345.69,3596.32,2.81
M0122614,N,61,2,17545.0,0,1,0,4950.99,9130.91,1.23
M0122615,N,40,0,2944.33,1,0,0,1878.49,1978.22,0.0
M0122616,N,46,0,8860.59,0,3,0,4474.33,4713.15,1.87
M0122617,N,74,2,9938.58,0,1,0,2360.46,6095.49,1.64
M0122618,N,21,3,9181.27,1,0,1,3834.16,4521.13,2.03
M0122619,N,29,2,14381.05,0,0,1,7347.15,9849.75,1.43
M0122620,N,77,3,13186.92,1,0,1,4202.49,6136.39,1.4
M0122621,N,26,2,3830.17,1,1,0,720.28,4500.62,0.76
M0122622,N,23,1,16440.49,0,2,1,4209.01,14408.59,1.32
M0122623,N,20,1,3314.62,0,0,0,1929.47,2687.02,0.46
M0122624,N,33,0,6027.6,1,1,0,2553.08,3046.16,0.55
M0122625,N,43,1,7486.43,0,1,0,1542.19,5483.55,0.62
M0122626,N,18,0,6351.12,0,0,0,2583.74,2496.79,1.09
M0122627,N,44,2,9211.54,0,2,0,2080.56,9822.32,1.31
M0122628,N,26,3,18286.69,1,0,0,14386.32,8444.84,2.4
M0122629,N,21,1,4232.79,0,0,0,2275.66,1973.63,0.6
M0122630,N,76,1,3971.97,0,0,0,2131.12,3251.91,2.36
M0122631,N,77,1,20270.6,0,0,0,4663.97,11893.88,0.0
M0122632,N,73,1,3340.01,1,0,0,916.2,2734.84,0.8
M0122633,N,51,3,4117.98,0,1,1,1373.91,4838.76,0.08
M0122634,N,25,1,6862.7,0,1,0,2966.42,2708.96,1.6
M0122635,N,50,1,33193.36,1,0,0,13557.49,13359.67,2.42
M0122636,N,26,2,9593.69,0,0,0,2632.97,5556.9,1.34
M0122637,N,35,1,29938.97,0,0,0,5709.13,32501.33,0.45
M0122638,N,19,1,27026.16,0,0,0,1624.48,34831.09,0.89
M0122639,Y,78,3,157241.16,1,1,3,59971.87,88090.39,4.68
M0122640,N,77,0,6427.7,0,0,0,2598.23,3194.15,0.0
M0122641,N,58,1,19990.61,0,1,0,13215.07,13776.53,2.44
M0122642,N,31,2,6169.78,1,0,0,2739.14,5998.06,1.04
M0122643,N,78,1,10517.66,0,0,0,6303.67,7376.64,1.77
M0122644,N,23,2,7518.14,0,0,0,8199.28,4641.23,1.51
M0122645,N,33,0,3308.37,0,0,0,1355.74,3667.46,1.28
M0122646,N,37,2,19953.28,0,0,0,2619.24,13927.55,1.7
M0122647,N,24,2,6085.3,0,1,0,3261.4,4301.0,2.15
M0122648,N,52,0,29197.96,0,2,0,6781.72,36666.08,1.91
M0122649,N,69,0,5827.53,0,0,1,4790.43,3098.79,2.46
M0122650,N,67,0,17258.62,1,2,0,1718.23,12141.98,0.2
M0122651,N,33,0,9081.18,0,1,0,783.75,7575.33,1.82
M0122652,N,18,1,64968.51,0,0,0,4771.9,47590.0,2.03
M0122653,N,68,1,13995.53,0,0,1,11807.4,4274.14,1.21
M0122654,N,49,1,3060.52,0,0,0,583.29,2832.56,0.24
M0122655,N,20,1,5638.43,1,0,0,1197.66,3652.13,0.14
M0122656,N,69,2,40183.14,0,1,0,35272.81,16177.2,0.89
M0122657,N,60,0,11401.87,0,2,0,4703.28,13928.56,0.0
M0122658,N,32,3,23214.07,2,2,1,5157.29,18697.57,2.15
M0122659,N,39,0,9441.21,0,0,0,3106.29,4978.67,0.11
M0122660,N,71,0,10489.82,1,0,1,3451.78,10184.23,2.19
M0122661,N,24,2,6802.52,0,1,0,679.8,6531.11,0.0
M0122662,Y,48,5,240750.24,1,5,5,179186.97,70454.69,2.95
M0122663,N,80,0,4091.38,0,0,0,622.54,5738.11,1.5
M0122664,N,24,1,6867.52,0,0,1,1754.24,6376.49,0.15
M0122665,N,25,2,5358.16,1,0,0,1942.04,4835.81,0.3
M0122666,N,76,1,46308.04,0,2,1,9475.91,27054.88,1.84
M0122667,N,39,2,15760.17,0,0,1,6299.67,8187.7,0.95
M0122668,Y,81,4,222172.59,3,3,5,121236.44,136151.12,5.13
M0122669,N,55,0,7086.31,0,1,0,3247.92,6919.88,1.72
M0122670,N,39,1,41104.53,0,1,0,22757.11,14233.37,0.96
M0122671,N,60,0,13694.78,0,1,1,3720.49,9126.27,0.69
M0122672,N,53,3,8337.16,0,2,1,3447.92,11260.25,1.52
M0122673,N,31,1,3790.32,0,1,0,1328.7,5283.06,1.07
M0122674,N,71,2,3005.38,0,0,1,1407.2,2955.0,0.62
M0122675,N,71,2,20259.2,0,1,1,4699.42,15071.53,1.57
M0122676,N,38,1,1475.96,0,0,0,154.06,1465.33,0.0
M0122677,N,43,2,27761.69,0,0,0,3379.2,26827.97,1.98
M0122678,N,75,0,22393.19,1,0,0,3132.99,21265.55,0.11
M0122679,N,31,0,3475.85,0,0,1,944.38,3814.09,1.08
M0122680,N,52,1,14196.03,0,2,0,3994.26,12012.8,2.6
M0122681,N,54,0,7093.65,0,0,0,867.53,5827.39,0.93
M0122682,N,70,1,16466.32,0,0,0,8660.56,17869.43,0.18
M0122683,N,19,1,20736.14,0,0,1,3646.11,17164.56,1.17
M0122684,N,61,0,4381.92,0,0,1,1663.05,2789.56,0.33
M0122685,N,62,2,10742.42,0,0,1,2672.76,15670.33,0.0
M0122686,N,49,1,25871.38,0,2,0,7165.21,20537.08,1.91
M0122687,N,46,3,19356.83,0,0,1,3377.08,14290.09,0.11
M0122688,N,45,2,18104.59,0,1,0,7034.85,12015.76,0.74
M0122689,N,30,1,6372.53,0,0,0,2575.17,7674.51,0.36
M0122690,N,30,0,5076.43,0,2,1,1398.55,7047.59,0.18
M0122691,N,29,1,11113.89,0,1,0,10943.74,2882.66,0.61
M0122692,N,42,1,29372.76,1,0,0,2682.43,23467.24,1.58
M0122693,N,66,0,14590.45,0,0,1,5889.11,7521.9,0.89
M0122694,N,36,3,5245.61,0,1,0,521.9,5140.6,1.39
M0122695,N,48,1,24254.39,0,3,0,3331.87,20671.29,2.31
M0122696,N,60,0,12331.42,0,1,0,1633.88,9191.47,0.0
M0122697,N,58,0,6094.74,0,0,0,379.85,5154.13,0.05
M0122698,N,44,1,9024.07,0,0,0,1874.03,5949.17,1.92
M0122699,N,55,1,21259.26,0,2,0,9643.15,8439.3,2.15
M0122700,N,40,3,26820.24,2,4,1,5747.24,26963.03,1.51
M0122701,N,38,0,8304.15,0,0,1,1544.52,6541.52,0.4
M0122702,N,22,1,8294.28,0,2,0,2127.26,9394.11,0.89
M0122703,N,50,3,5901.35,1,0,0,2228.88,5959.62,2.65
M0122704,N,63,0,15547.58,0,1,0,6604.46,5803.33,1.51
M0122705,Y,49,3,156813.38,3,5,1,48206.61,123126.94,4.12
M0122706,N,70,0,14777.59,0,1,0,1212.25,20562.49,1.3
M0122707,N,21,1,20517.03,0,1,0,2187.84,15130.0,0.74
M0122708,N,32,1,10121.42,0,1,0,10076.35,8059.23,1.1
M0122709,N,42,3,9094.69,0,3,1,5235.74,8391.29,2.33
M0122710,N,66,1,42440.08,0,0,0,3937.15,38417.06,1.44
M0122711,N,46,1,19418.36,0,1,0,4292.18,13727.56,1.55
M0122712,N,28,1,8182.85,0,0,0,2126.34,6124.5,1.26
M0122713,N,29,0,7264.53,0,0,1,1939.76,9508.54,0.85
M0122714,N,27,0,7922.51,0,0,0,1135.5,7062.74,1.17
M0122715,N,28,2,17713.22,1,2,2,8502.63,9176.69,3.27
M0122716,N,46,0,5109.31,0,0,1,1523.39,2976.08,1.46
M0122717,N,44,0,7431.23,1,0,1,2379.64,10374.6,1.34
M0122718,N,21,0,3272.98,0,1,1,2331.01,2531.78,1.13
M0122719,N,71,1,1787.77,0,0,0,966.1,1768.76,2.89
M0122720,N,28,1,4965.43,0,0,0,1311.43,7197.86,1.67
M0122721,Y,72,4,159736.96,2,2,1,103324.0,115081.06,3.98
M0122722,N,23,0,8794.14,0,1,0,4361.67,8552.88,0.93
M0122723,N,30,1,21205.04,2,0,1,9749.21,10456.72,1.71
M0122724,N,51,0,11852.03,1,0,1,3514.69,8818.02,1.68
M0122725,N,45,1,4801.65,0,1,0,3530.61,2567.57,1.18
M0122726,N,29,0,2486.67,0,0,0,981.5,3407.79,0.0
M0122727,N,19,1,6776.46,1,0,0,5865.13,3958.34,0.18
M0122728,N,66,2,23873.89,0,1,1,16884.83,5304.62,2.7
M0122729,N,28,0,5405.2,0,1,0,1937.42,7298.28,1.79
M0122730,N,70,3,7874.06,0,0,0,2915.47,3595.8,0.08
M0122731,N,37,1,5007.94,0,1,0,1038.54,5192.03,1.67
M0122732,N,50,0,5049.61,0,0,0,922.91,7324.48,1.3
M0122733,N,71,1,8599.18,0,1,1,3580.77,4486.16,1.75
M0122734,N,50,0,6103.21,0,1,1,1058.67,5502.87,0.04
M0122735,N,19,1,19380.71,0,0,1,6007.17,12049.13,1.04
M0122736,N,30,0,8553.58,0,1,0,3476.92,3985.5,0.0
M0122737,N,60,0,17855.64,0,1,1,1660.56,14931.66,1.7
M0122738,N,26,2,10107.9,2,1,0,3096.92,14323.0,1.55
M0122739,N,45,0,6906.32,0,0,2,2673.86,4514.11,0.43
M0122740,N,33,2,5106.92,0,1,1,3125.53,4183.69,1.32
M0122741,N,40,0,10302.78,0,0,0,3941.46,5998.91,0.19
M0122742,N,30,0,10579.83,0,0,0,2612.31,13958.88,0.0
M0122743,N,69,1,33973.55,1,0,0,5986.85,21090.11,0.57
M0122744,N,27,1,5074.28,0,0,1,3510.7,5627.98,0.37
M0122745,N,25,0,5973.8,0,1,0,556.44,5695.57,1.7
M0122746,N,74,0,22875.26,1,0,1,4059.13,14796.86,0.65
M0122747,N,20,0,3153.1,0,0,0,1119.52,2922.62,1.22
M0122748,N,62,1,5349.99,0,0,0,963.11,4646.01,0.87
M0122749,N,79,2,11693.02,0,0,0,1502.01,13800.81,0.4
M0122750,N,69,1,12123.61,0,0,0,12449.92,7459.01,2.0
M0122751,N,54,2,29936.9,0,1,1,6223.39,27948.53,2.42
M0122752,N,66,0,13935.61,0,0,0,3522.51,9095.2,1.05
M0122753,N,38,0,3880.33,0,0,0,3360.21,2155.28,0.3
M0122754,N,20,0,4297.61,0,2,0,1612.8,5444.22,0.15
M0122755,N,77,0,11122.17,0,1,0,6328.56,8424.08,0.18
M0122756,N,30,0,72042.94,0,0,0,5149.24,66248.42,2.93
M0122757,N,58,2,8639.59,0,0,1,1595.44,5476.32,1.28
M0122758,N,61,0,4666.97,0,0,0,2881.81,3394.5,1.71
M0122759,N,36,0,6037.48,0,0,0,1089.36,9432.83,0.04
M0122760,N,46,1,6621.78,0,2,0,1102.02,7458.78,1.34
M0122761,N,21,1,25376.52,0,0,0,2844.44,20279.79,0.0
M0122762,N,68,0,3406.24,1,0,1,763.76,4104.09,0.0
M0122763,N,37,0,6755.64,0,0,0,2387.87,4643.03,0.0
M0122764,N,35,1,4448.32,1,0,0,1375.16,3027.19,0.72
M0122765,N,70,3,10780.7,0,0,0,8954.56,5560.1,1.9
M0122766,N,34,1,12450.38,0,1,1,4813.83,5860.86,0.89
M0122767,N,25,2,19963.6,0,0,0,6413.53,11164.9,1.88
M0122768,N,70,1,4951.82,0,1,0,2941.24,1257.79,0.0
M0122769,N,37,1,13534.02,0,0,0,2142.34,11074.78,1.31
M0122770,N,33,0,15819.86,0,0,0,2898.97,11262.53,0.24
M0122771,N,45,0,7003.7,0,0,0,1188.57,6346.77,0.0
M0122772,N,77,2,4610.17,0,0,0,1499.32,3700.26,1.45
M0122773,N,25,1,3526.23,0,2,0,2542.12,1264.54,1.74
M0122774,N,71,2,3356.07,0,0,0,1167.66,4581.0,2.12
M0122775,N,46,2,15214.43,1,0,0,2205.22,13215.68,1.77
M0122776,N,30,0,6191.97,0,0,0,1605.55,5451.43,1.68
M0122777,N,46,1,2368.67,0,1,0,1689.77,2099.32,0.0
M0122778,N,62,1,5319.79,0,1,1,2709.56,5308.92,1.38
M0122779,N,40,2,5209.35,0,0,0,1652.06,3205.87,0.12
M0122780,N,42,3,19418.82,0,0,1,7226.75,8041.67,0.03
M0122781,Y,82,9,267283.82,3,5,7,121777.57,209333.87,7.92
M0122782,N,54,0,5829.73,0,1,0,1795.55,4322.32,0.79
M0122783,N,69,4,10552.96,0,0,0,3749.2,7014.15,2.54
M0122784,N,28,2,29831.39,0,1,0,9761.94,15881.18,2.22
M0122785,N,73,0,5948.4,0,0,0,1755.11,7650.09,1.26
M0122786,Y,61,5,245984.42,4,2,5,68778.84,149158.84,4.37
M0122787,N,28,0,5767.81,1,1,0,2910.16,4973.25,0.71
M0122788,N,73,0,6530.5,0,1,0,1872.34,4047.37,1.05
M0122789,N,66,3,11054.53,0,0,1,2980.15,12014.13,0.52
M0122790,N,52,2,15429.69,1,1,1,1798.41,14657.72,0.48
M0122791,N,63,1,39835.95,1,0,0,9756.73,31081.64,0.57
M0122792,N,62,4,32033.29,2,1,0,3436.09,26335.15,0.54
M0122793,N,31,0,12913.64,0,0,0,2879.79,15476.54,0.72
M0122794,N,38,1,9416.8,0,0,0,1251.94,7347.58,0.0
M0122795,N,24,0,6951.21,0,0,1,2506.43,3177.67,0.0
M0122796,N,20,1,5859.26,0,0,0,1712.53,5291.47,0.61
M0122797,N,70,2,4346.34,0,0,0,1351.28,4631.33,1.01
M0122798,N,80,0,12062.83,1,1,0,4147.37,10350.03,0.82
M0122799,N,38,1,4323.34,0,0,0,3480.55,3240.47,0.55
M0122800,N,80,3,6874.33,0,0,0,2203.03,6370.66,1.07
M0122801,N,65,1,10275.14,0,0,0,3869.09,10565.25,1.74
M0122802,N,73,2,17021.83,0,0,0,7473.29,6134.36,0.48
M0122803,N,55,0,2760.72,0,0,0,354.54,2556.55,0.72
M0122804,N,74,0,22466.3,0,0,0,4061.76,30725.56,0.09
M0122805,N,21,3,14202.34,0,0,1,2177.53,10544.54,1.01
M0122806,N,51,1,4958.46,0,1,0,1376.37,5144.35,0.0
M0122807,N,56,2,11797.13,0,0,2,2512.98,11892.83,1.2
M0122808,Y,39,7,291583.65,3,4,2,61784.01,192843.35,2.84
M0122809,N,58,0,8235.57,0,1,1,1187.94,9735.64,1.83
M0122810,N,54,1,19297.21,0,1,1,3267.57,12291.28,1.15
M0122811,N,20,1,8707.3,0,0,0,6881.76,7548.17,0.97
M0122812,N,38,0,15220.18,0,2,0,1854.38,14797.07,2.71
M0122813,N,70,2,10708.99,0,0,1,1079.33,8827.37,1.67
M0122814,N,25,2,11606.15,0,3,1,7147.78,9596.29,1.13
M0122815,N,50,0,9034.73,0,1,0,3968.74,12271.63,1.31
M0122816,N,45,2,12143.42,0,1,1,4317.08,7441.02,1.02
M0122817,N,70,1,7007.8,0,1,1,4026.4,8206.71,0.76
M0122818,N,68,2,22449.66,0,0,0,6365.83,21817.86,1.69
M0122819,N,38,1,6121.1,0,2,0,2184.2,6200.8,0.05
M0122820,N,59,1,27429.57,0,1,0,3713.09,20213.24,2.07
M0122821,N,70,0,8267.54,0,0,0,2537.93,3977.14,0.0
M0122822,N,25,1,3264.72,0,1,0,1663.19,2141.47,0.29
M0122823,N,50,2,20173.45,1,1,3,4503.08,30863.59,2.8
M0122824,N,49,2,4455.87,1,0,0,1515.25,6116.35,1.52
M0122825,N,24,1,13746.92,0,0,0,1471.04,16017.23,0.14
M0122826,N,28,0,12621.37,0,1,0,4247.34,7471.55,0.49
M0122827,N,49,1,4914.3,0,0,0,1265.52,4569.47,0.45
M0122828,N,57,1,23307.9,0,2,0,5893.42,14367.13,1.29
M0122829,N,57,1,13848.63,0,1,0,6993.0,12099.76,1.61
M0122830,Y,64,6,382841.09,1,2,2,195863.31,139064.96,4.23
M0122831,N,77,0,13091.05,0,0,0,6227.18,6151.41,0.62
M0122832,N,22,1,36521.32,0,1,0,3684.8,25618.15,0.0
M0122833,N,25,1,54576.49,0,1,0,9187.27,52108.15,2.57
M0122834,N,29,0,9524.27,1,0,0,2261.39,6117.63,1.47
M0122835,N,32,3,15731.27,1,1,0,1846.23,10893.3,2.33
M0122836,N,67,1,8441.31,0,0,0,3957.12,6057.99,1.54
M0122837,N,74,2,14786.82,0,2,2,2681.25,11755.31,0.99
M0122838,N,74,1,4626.05,0,1,0,1526.39,3963.36,0.48
M0122839,N,27,0,4308.87,0,0,0,1899.18,4519.03,1.3
M0122840,N,20,1,14976.8,1,1,0,1180.55,14487.06,0.26
M0122841,N,78,0,2579.81,0,0,1,1473.4,2512.79,1.08
M0122842,N,68,0,5354.82,0,0,0,2435.46,6292.3,0.24
M0122843,N,47,0,6595.27,0,0,0,2576.22,3938.12,0.72
M0122844,N,80,3,29155.69,0,1,0,4274.75,20140.05,0.45
M0122845,N,75,1,4160.72,1,1,0,1883.88,3831.41,0.0
M0122846,N,70,1,10566.42,0,0,0,2083.09,7359.87,2.47
M0122847,N,19,0,17821.95,0,0,0,1530.1,13307.41,1.03
M0122848,N,39,0,44269.82,0,0,0,8449.29,36758.02,0.08
M0122849,N,40,0,8393.57,0,0,0,7071.68,5215.16,0.5
M0122850,N,24,2,8162.73,1,1,0,789.53,12224.26,0.68
M0122851,N,48,0,4887.9,0,1,0,2358.67,4202.11,0.59
M0122852,N,19,0,6769.98,0,0,1,2019.24,8529.37,2.88
M0122853,Y,57,5,274047.4,4,2,7,78527.59,180617.86,7.89
M0122854,N,47,0,7009.81,0,0,0,350.38,8809.14,0.56
M0122855,N,78,2,17060.03,0,2,1,1971.48,15680.69,2.53
M0122856,N,23,2,2915.98,0,2,1,1522.73,2362.09,0.85
M0122857,N,77,1,15906.08,0,1,0,6544.84,21197.32,0.24
M0122858,N,50,3,30091.73,0,1,0,1890.98,23251.12,1.27
M0122859,N,61,2,16519.92,1,0,1,3593.25,10585.47,1.74
M0122860,N,80,0,10269.06,0,0,0,5302.31,11387.49,1.69
M0122861,N,56,1,25546.35,0,0,1,9669.24,13668.66,0.84
M0122862,N,50,2,6069.01,2,1,0,1867.99,5960.2,0.87
M0122863,N,58,0,5648.68,0,1,0,884.29,5032.43,0.32
M0122864,N,42,1,10073.36,0,0,0,5699.07,5581.37,2.21
M0122865,Y,79,3,195145.82,4,3,3,103090.73,104512.49,5.17
M0122866,N,27,1,20307.98,0,1,1,8758.26,8326.28,1.36
M0122867,N,80,0,9422.62,0,1,0,4428.53,7702.28,0.0
M0122868,N,44,0,15823.89,0,0,0,2088.86,22287.85,2.7
M0122869,N,19,0,10286.27,1,1,0,4197.83,8549.06,0.39
M0122870,N,49,0,21438.71,1,0,0,5420.29,21446.83,2.02
M0122871,N,72,2,14226.43,0,1,2,9244.14,5221.38,1.63
M0122872,N,78,1,2677.77,0,0,0,1076.82,2719.0,1.25
M0122873,N,59,0,4691.1,0,0,0,1359.93,5381.88,0.0
M0122874,N,32,2,6817.3,0,0,0,543.6,9867.71,0.0
M0122875,N,18,0,11051.76,0,0,0,1444.92,8584.63,0.75
M0122876,N,80,0,6921.4,0,0,0,2190.88,7067.18,0.0
M0122877,N,25,0,11481.09,0,0,0,886.09,9290.65,1.02
M0122878,N,29,2,10973.57,0,1,0,5020.66,7889.39,2.01
M0122879,N,49,1,40801.63,0,0,1,3936.31,35187.83,0.0
M0122880,N,50,1,10522.86,0,0,0,1500.05,10734.64,1.23
M0122881,N,62,2,11047.6,0,1,0,3275.8,6597.91,2.1
M0122882,N,66,0,5552.25,0,0,0,1417.77,8598.0,0.82
M0122883,N,49,1,7679.49,0,0,0,1440.47,5108.96,0.48
M0122884,N,31,1,12074.81,0,0,0,4047.0,17054.29,0.84
M0122885,N,40,1,9393.86,0,0,0,3514.24,7224.96,0.0
M0122886,N,20,0,16536.9,0,0,0,2380.22,11332.42,1.2
M0122887,N,38,0,13232.11,0,0,0,4271.39,16064.48,1.06
M0122888,N,25,0,4767.26,1,0,1,1046.76,3513.0,1.64
M0122889,N,50,2,6291.96,0,1,0,6245.63,4444.75,1.14
M0122890,N,46,0,10944.55,2,0,1,5513.35,8267.06,1.18
M0122891,N,31,0,8599.81,0,0,0,4233.99,7359.28,0.77
M0122892,N,76,3,15637.39,0,0,1,1818.41,20545.02,2.36
M0122893,N,80,1,4402.42,0,0,0,1562.21,5768.84,0.81
M0122894,N,56,0,7189.95,0,2,0,2695.11,4372.64,0.71
M0122895,N,62,1,2631.8,0,0,0,957.09,3739.92,0.0
M0122896,N,76,0,11446.2,0,1,1,6183.71,12284.16,0.41
M0122897,N,49,0,8247.63,0,0,0,2709.81,4824.34,1.05
M0122898,N,56,0,5065.49,0,0,1,2100.31,6759.56,0.92
M0122899,N,79,0,12067.24,0,1,0,1284.15,9685.95,0.22
M0122900,N,69,1,11248.38,1,1,0,3754.21,8288.01,1.57
M0122901,N,42,2,12816.73,2,0,0,3675.74,6985.45,1.76
M0122902,N,74,0,21459.62,1,2,0,10571.14,15645.11,2.7
M0122903,N,19,2,21881.32,0,0,1,11692.31,9120.54,1.4
M0122904,N,76,0,8511.77,0,1,1,2179.87,11378.82,1.93
M0122905,N,45,1,16992.61,0,1,0,11397.86,8509.68,1.62
M0122906,Y,50,7,192106.39,3,3,1,46060.15,132059.99,2.7
M0122907,N,37,2,7459.32,0,0,0,1631.68,5288.17,0.0
M0122908,N,60,2,36551.5,0,0,0,25053.38,5314.89,1.48
M0122909,N,45,0,20359.88,0,2,0,6046.37,14862.47,1.92
M0122910,N,41,1,32346.14,0,1,0,13307.39,12228.24,0.88
M0122911,N,79,0,16566.07,1,1,0,1948.21,14080.09,0.55
M0122912,Y,36,6,163668.71,4,4,1,76792.84,73348.92,4.73
M0122913,N,56,0,10932.01,0,0,0,1828.56,12967.34,2.18
M0122914,N,76,2,8204.79,1,0,1,3899.88,6328.69,1.2
M0122915,N,59,1,12868.46,0,0,0,3374.06,8764.03,1.67
M0122916,N,23,0,5615.41,0,0,0,967.09,5564.85,1.06
M0122917,N,42,0,33447.09,0,1,1,1874.65,29514.35,1.11
M0122918,Y,67,4,211337.09,1,3,2,80392.53,156499.29,3.03
M0122919,N,45,2,5388.28,0,2,1,4787.39,4980.68,1.38
M0122920,N,18,0,14888.64,0,0,0,2501.33,11497.57,0.48
M0122921,N,20,1,3324.25,0,0,1,1103.54,2250.68,0.35
M0122922,N,54,1,8810.21,0,0,0,6673.59,7487.5,1.88
M0122923,N,48,3,23002.09,0,0,0,3711.8,15195.74,1.3
M0122924,N,58,1,7797.62,0,1,0,1055.57,5624.43,0.22
M0122925,N,57,0,12440.17,0,0,0,5442.0,5237.86,1.07
M0122926,N,18,2,17953.86,0,0,0,3983.81,12756.34,0.0
M0122927,N,37,0,11165.04,1,0,0,3199.24,6805.48,0.8
M0122928,N,59,0,11079.85,1,1,0,2597.89,7059.34,1.18
M0122929,N,32,1,6028.5,0,0,0,930.82,7490.87,1.46
M0122930,N,79,0,14448.08,1,0,0,2540.52,9897.7,1.46
M0122931,N,71,2,15660.85,0,1,0,6527.69,8243.72,0.79
M0122932,N,62,2,9352.86,0,1,0,2652.2,11611.36,1.58
M0122933,N,40,0,51638.97,0,1,0,1500.5,51029.47,0.05
M0122934,N,66,2,3688.87,0,0,1,992.01,4022.44,0.34
M0122935,N,22,1,19238.22,0,1,0,6609.63,10590.85,0.75
M0122936,N,79,2,16649.28,0,2,0,6656.18,10320.64,0.81
M0122937,N,55,0,4449.78,0,0,0,661.56,5472.05,1.04
M0122938,N,22,0,3577.24,0,1,0,1320.73,2503.5,1.14
M0122939,N,53,0,9086.95,1,0,1,4588.03,4762.77,0.65
M0122940,N,63,0,10118.93,0,0,0,1480.93,8072.02,0.46
M0122941,N,77,1,20588.79,1,0,0,9637.64,9095.4,1.43
M0122942,N,60,3,20401.29,0,3,1,4675.09,12391.55,1.19
M0122943,N,60,1,9885.19,0,0,0,5108.11,5820.76,1.19
M0122944,N,80,2,9469.54,0,0,1,2587.24,5621.88,0.0
M0122945,N,22,1,4478.58,0,0,0,1956.66,2589.51,0.63
M0122946,N,71,1,15138.87,0,0,1,4000.03,16562.86,1.62
M0122947,N,25,1,7281.61,0,0,2,742.43,5224.62,0.0
M0122948,N,42,1,4117.52,0,0,0,1534.06,4399.25,0.26
M0122949,N,38,0,1525.31,0,2,0,1284.72,1284.69,0.47
M0122950,N,60,2,18515.78,0,1,0,11209.64,19557.5,3.14
M0122951,N,48,0,8017.6,0,0,0,4565.88,3664.88,0.0
M0122952,N,45,1,27738.01,1,0,0,5820.57,26040.38,0.17
M0122953,N,68,2,8358.56,0,0,1,2472.93,6520.26,0.98
M0122954,N,47,2,4267.12,0,1,0,2106.04,5568.17,1.06
M0122955,N,25,2,5136.18,0,1,1,2220.45,4936.11,0.59
M0122956,N,70,2,10888.75,1,1,1,6142.4,4638.11,0.2
M0122957,N,44,0,10732.11,0,0,0,2142.28,11028.11,0.76
M0122958,N,31,2,7493.53,0,0,0,2343.18,7293.18,1.36
M0122959,N,56,0,18500.42,0,1,0,1016.0,14895.87,0.67
M0122960,N,68,2,11956.64,2,1,0,2298.88,7290.98,1.07
M0122961,N,44,1,6897.5,0,1,1,1554.6,7571.36,0.5
M0122962,N,71,1,16194.56,0,0,1,1569.19,11446.67,0.99
M0122963,N,48,1,7456.53,0,0,0,2796.93,6524.49,0.0
M0122964,N,78,0,10068.05,0,0,0,3698.82,5526.59,0.58
M0122965,N,67,0,6291.83,0,0,0,5264.94,5624.56,1.2
M0122966,N,76,1,19588.58,0,0,1,1796.99,20169.3,1.88
M0122967,N,56,2,9122.47,1,0,3,5883.19,7020.2,0.38
M0122968,N,26,0,6062.75,0,1,0,3500.21,4225.91,0.0
M0122969,N,74,1,6850.26,0,2,0,1341.41,4136.27,0.01
M0122970,N,80,0,15513.22,0,0,0,2833.23,11260.65,2.19
M0122971,N,27,2,5899.58,0,0,0,1283.15,3468.77,0.97
M0122972,N,23,0,8098.7,0,0,0,1235.0,5618.28,0.29
M0122973,N,69,1,14583.68,1,0,1,7846.01,3848.79,0.93
M0122974,N,57,1,8282.98,1,0,0,4726.26,4088.19,2.22
M0122975,N,51,2,35573.58,0,1,0,3724.96,40464.53,3.0
M0122976,N,79,0,3662.38,0,0,0,1848.21,4537.03,0.0
M0122977,N,34,1,9583.02,0,1,0,3802.34,13189.69,2.71
M0122978,N,19,1,1851.21,0,2,1,531.91,1425.85,0.29
M0122979,N,35,0,5296.88,0,1,0,2810.76,3135.91,0.0
M0122980,N,68,0,9541.93,1,0,0,5577.13,4341.5,0.0
M0122981,N,51,0,5129.7,1,0,0,1968.74,4184.94,0.0
M0122982,N,78,3,26685.76,0,1,0,23024.82,21565.0,2.37
M0122983,N,43,1,5708.16,0,0,1,1885.42,8100.0,2.6
M0122984,N,20,0,9843.16,0,1,0,1013.0,6845.44,0.4
M0122985,N,71,1,12427.25,0,1,0,6564.49,10490.28,2.24
M0122986,N,70,0,4025.52,1,2,0,780.46,4984.23,2.88
M0122987,N,20,0,17249.23,2,1,0,7416.03,6830.64,0.25
M0122988,N,49,2,17684.71,0,1,0,9843.67,7807.83,0.78
M0122989,N,53,1,6926.33,0,0,0,1086.45,9391.29,1.89
M0122990,N,35,1,10028.42,0,0,0,1593.23,8527.72,0.14
M0122991,N,80,1,4605.48,0,0,0,3249.23,3644.59,0.35
M0122992,N,23,1,3816.86,0,0,0,1461.58,4283.71,0.58
M0122993,Y,49,4,175712.36,3,4,3,36294.42,135974.57,5.99
M0122994,N,60,0,7600.12,0,1,1,2783.78,5995.79,1.08
M0122995,N,42,1,7872.54,0,0,0,1422.29,5721.77,1.07
M0122996,N,77,2,11653.21,0,0,0,2128.06,9269.42,1.9
M0122997,N,24,0,9072.46,0,1,0,2024.3,11193.69,0.63
M0122998,N,40,1,5511.33,0,0,1,986.48,4464.86,0.64
M0122999,N,60,1,11691.6,0,1,0,8044.48,10100.46,2.04
M0123000,N,78,0,18760.18,0,1,1,7206.36,8708.16,2.36
M0123001,N,66,1,7477.79,0,1,0,3600.92,9184.02,1.1
M0123002,N,58,0,7527.38,0,0,1,3599.22,2290.12,0.45
M0123003,N,69,2,5711.86,0,0,0,2499.68,6563.65,1.06
M0123004,N,79,1,11961.51,1,0,0,6459.76,5629.8,0.96
M0123005,N,70,0,25213.94,0,0,0,13890.37,6159.99,1.14
M0123006,N,78,0,29229.3,0,3,0,8000.65,15648.66,2.61
M0123007,N,29,1,8893.62,0,1,0,3278.58,7174.7,2.32
M0123008,N,25,3,7413.01,2,0,1,4902.81,5192.35,0.58
M0123009,N,44,2,5955.45,0,1,1,1023.08,4915.25,0.0
M0123010,N,56,2,7002.18,0,0,0,3967.71,7208.77,2.76
M0123011,N,38,0,11691.19,0,1,0,4203.96,6468.12,0.4
M0123012,N,70,1,4218.72,1,0,0,1655.1,2893.49,2.27
M0123013,N,61,0,9821.39,0,0,1,2339.27,5530.45,0.77
M0123014,N,34,1,9102.45,2,0,0,2399.29,10850.13,2.77
M0123015,N,70,0,12945.89,0,1,1,1214.2,13122.89,2.32
M0123016,N,78,0,3770.56,0,0,0,1412.24,5291.98,1.28
M0123017,N,58,0,8283.68,0,1,1,1417.73,12569.71,0.67
M0123018,N,21,2,13134.85,1,1,0,5950.87,7551.35,2.72
M0123019,N,45,2,21063.04,0,1,1,7246.36,23603.05,2.07
M0123020,N,51,1,7598.23,0,0,0,1299.63,5437.61,1.46
M0123021,N,35,3,13700.94,0,1,0,6786.99,8484.64,0.01
M0123022,N,77,0,17286.95,1,2,0,2112.4,12898.99,1.13
M0123023,N,58,1,22299.96,0,0,1,8652.42,22562.89,1.51
M0123024,N,68,2,11595.34,1,0,0,3209.41,17031.69,1.54
M0123025,N,19,1,20799.43,0,2,0,5205.6,20080.55,0.48
M0123026,Y,73,3,460285.82,6,4,7,167858.38,269786.56,9.09
M0123027,N,52,1,8623.57,0,0,0,1385.25,9428.25,0.55
M0123028,N,74,4,16715.22,1,0,0,9806.55,18805.3,3.03
M0123029,N,30,2,18391.4,0,0,0,3388.16,15717.73,2.22
M0123030,N,80,0,17471.34,0,0,0,7656.48,6559.55,0.38
M0123031,N,63,0,5944.09,0,1,0,973.84,6761.31,0.0
M0123032,N,47,0,13471.23,0,0,1,6065.74,17081.53,1.14
M0123033,N,27,1,17961.7,0,2,0,4832.01,11737.74,1.73
M0123034,N,67,1,3347.42,0,1,0,1669.61,1977.14,1.31
M0123035,N,20,0,8461.84,0,0,1,3455.6,6411.49,0.94
M0123036,N,41,1,22654.18,0,1,2,3312.58,15926.21,1.79
M0123037,N,77,1,32976.81,0,0,0,3645.73,25456.13,1.13
M0123038,N,69,1,16018.22,0,0,1,1264.71,15998.31,0.0
M0123039,N,26,2,14136.68,0,1,1,3389.83,8078.04,0.62
M0123040,N,72,0,7101.93,0,1,1,3614.64,2955.83,1.11
M0123041,N,66,0,2486.85,0,2,1,1368.1,2732.46,0.0
M0123042,N,57,1,19740.46,0,1,0,4464.34,17211.36,0.83
M0123043,N,68,3,15505.06,0,0,0,2120.81,17717.08,2.22
M0123044,N,75,0,13823.3,2,2,1,6926.0,12481.56,3.56
M0123045,N,70,0,27579.31,0,2,0,6824.96,29011.51,3.39
M0123046,N,18,0,31445.43,0,1,0,3055.77,31539.69,0.8
M0123047,N,48,1,3177.27,0,1,0,1339.06,4077.14,1.46
M0123048,N,56,2,31437.07,0,2,0,1738.52,23173.68,1.73
M0123049,Y,37,4,190770.62,3,6,4,103255.29,108847.85,3.7
M0123050,N,34,1,5055.84,0,1,0,1128.65,3551.36,0.97
M0123051,N,66,3,10981.34,0,0,0,2947.48,9466.24,0.19
M0123052,N,22,2,22504.23,0,2,1,1326.87,17756.75,1.24
M0123053,N,42,0,2976.69,0,0,0,1084.03,1895.74,1.15
M0123054,N,47,1,9070.12,0,1,0,4502.95,10796.31,0.0
M0123055,N,51,0,6904.18,1,0,1,1442.68,4001.12,0.31
M0123056,N,33,1,20973.72,0,1,1,1011.89,20981.51,0.96
M0123057,N,20,2,19300.45,0,1,0,4505.11,12990.1,1.4
M0123058,N,26,1,4157.12,0,1,0,3903.01,1606.83,1.27
M0123059,N,71,0,11876.21,0,0,0,7650.13,3272.37,0.06
M0123060,N,18,1,5227.48,0,0,0,3890.22,5046.52,1.04
M0123061,N,54,1,6248.85,1,2,0,1619.57,4755.95,0.63
M0123062,N,55,1,3877.09,0,0,0,1430.17,3960.8,0.42
M0123063,N,45,1,14621.76,0,0,0,1358.43,12303.13,0.73
M0123064,N,68,1,2067.71,1,0,0,971.72,1431.46,0.0
M0123065,N,22,1,10371.02,0,0,0,3025.79,9483.99,0.6
M0123066,N,58,0,8135.55,0,2,0,3536.23,9997.2,1.91
M0123067,N,74,2,9030.34,0,1,0,4203.16,4547.6,0.82
M0123068,N,55,2,6980.89,0,0,0,1159.99,5543.03,0.93
M0123069,N,36,1,12747.48,0,0,0,2217.32,8126.58,0.99
M0123070,N,57,2,15401.57,0,0,0,2404.13,10734.59,0.73
M0123071,N,50,1,4608.07,0,0,0,2138.62,4250.39,0.58
M0123072,N,54,1,16584.44,0,0,0,2538.09,11075.93,0.78
M0123073,N,43,0,7563.65,0,0,0,5120.05,2981.4,2.2
M0123074,Y,57,3,235062.43,2,4,2,171331.18,164446.98,2.24
M0123075,N,32,0,19645.44,0,0,0,2539.65,16450.09,0.85
M0123076,N,43,1,7841.3,0,1,0,2199.38,5437.43,0.0
M0123077,N,18,1,11491.09,0,0,0,1130.99,7865.87,0.0
M0123078,N,73,2,17605.54,0,0,0,2924.39,19352.82,1.17
M0123079,N,59,2,4259.26,0,0,0,1746.53,3116.53,1.39
M0123080,N,66,3,8720.76,0,1,0,1489.58,6143.88,2.01
M0123081,N,53,0,8966.45,0,2,2,1925.97,6720.99,0.93
M0123082,N,64,3,10030.47,0,0,1,1374.81,10997.09,0.52
M0123083,N,79,0,7550.76,0,0,1,3405.57,8903.69,1.58
M0123084,N,66,0,2561.55,0,1,0,1829.1,2244.39,0.69
M0123085,N,27,1,7175.15,0,0,1,2406.55,7386.57,0.41
M0123086,N,22,2,10658.9,0,1,0,2668.89,9623.94,0.75
M0123087,N,78,0,4630.07,0,1,0,651.05,6494.99,0.99
M0123088,N,78,2,22697.71,1,1,0,5479.72,21063.54,1.48
M0123089,N,54,0,2785.22,0,1,1,1268.35,1524.0,1.26
M0123090,Y,81,3,79130.2,2,1,3,16836.17,75915.36,4.68
M0123091,N,21,2,3684.31,0,0,0,1676.58,4777.52,1.06
M0123092,N,67,2,8173.36,0,0,0,3410.8,7567.97,1.88
M0123093,N,45,1,18812.76,1,4,0,4162.12,10976.41,1.71
M0123094,N,56,0,3965.35,0,2,0,3171.69,3261.62,1.25
M0123095,N,19,0,22027.1,1,0,0,2156.07,17514.67,0.0
M0123096,N,73,0,8128.25,0,1,0,4159.98,5539.62,0.0
M0123097,N,40,1,25307.71,0,2,0,3009.94,19673.19,0.43
M0123098,N,19,1,17699.84,0,0,1,3387.08,13676.26,0.23
M0123099,N,55,0,14453.8,1,1,1,13222.71,3978.56,2.69
M0123100,N,29,3,35072.34,0,0,1,8823.12,20034.8,1.89
M0123101,N,51,1,10371.66,0,2,2,1408.0,9337.04,2.4
M0123102,N,69,3,28161.64,1,2,0,4625.66,22104.7,1.5
M0123103,N,22,1,12079.64,0,1,0,4287.11,11838.25,0.63
M0123104,N,73,1,4432.93,0,0,0,1371.53,3480.32,0.14
M0123105,N,57,0,3471.51,0,1,0,1208.93,3092.9,1.34
M0123106,N,22,1,3583.36,1,0,1,990.66,4579.16,1.14
M0123107,N,31,0,22483.88,0,0,0,13333.58,17434.09,0.06
M0123108,N,39,2,8841.01,0,1,0,7106.17,6462.5,2.26
M0123109,N,47,1,4872.04,0,1,0,2774.68,4049.87,0.49
M0123110,N,65,3,14689.25,1,2,1,13334.14,9890.25,2.6
M0123111,N,31,0,2625.33,0,0,0,1172.79,2851.17,1.44
M0123112,N,21,1,21188.85,0,1,1,8766.73,9683.69,1.29
M0123113,N,63,3,6763.02,1,0,0,1413.72,5961.04,1.21
M0123114,N,75,2,14093.26,0,0,0,1524.87,12391.06,0.54
M0123115,Y,52,5,230735.58,3,3,3,95388.55,112869.17,5.67
M0123116,N,44,0,12106.07,0,1,1,3571.86,7364.46,1.0
M0123117,N,70,1,4469.34,0,0,0,586.57,6769.03,1.93
M0123118,N,66,0,26771.41,1,0,0,7642.06,22483.67,1.36
M0123119,N,62,1,9842.37,0,0,0,1693.63,7946.09,1.1
M0123120,N,20,0,14569.68,0,0,0,3462.53,11833.77,2.05
M0123121,N,30,1,2621.33,0,0,0,810.27,3462.77,0.91
M0123122,N,48,0,6500.55,0,0,0,2191.14,5849.81,0.28
M0123123,N,45,0,5253.34,0,0,1,1871.12,3700.29,1.23
M0123124,N,79,1,11034.97,0,2,0,601.27,10796.28,1.09
M0123125,N,19,1,16503.93,0,0,0,2207.31,12002.38,0.62
M0123126,N,26,1,7612.33,1,0,1,2144.39,4572.12,1.4
M0123127,N,59,1,34296.51,0,2,0,6186.61,31149.73,2.05
M0123128,N,79,0,8335.33,0,0,0,691.24,8508.92,2.4
M0123129,N,49,0,12778.32,0,0,1,3553.51,8953.62,0.0
M0123130,N,31,1,13485.28,1,0,0,5107.36,11443.06,1.0
M0123131,N,50,0,9516.68,1,2,0,6025.61,9260.47,1.56
M0123132,N,70,0,7244.64,0,0,1,1995.19,4166.28,0.0
M0123133,N,57,0,11055.26,0,0,0,5236.33,3951.31,0.57
M0123134,N,71,0,9338.81,0,1,1,2134.18,5496.33,1.05
M0123135,N,45,1,7956.22,0,1,1,3369.17,6742.02,1.92
M0123136,N,30,0,24398.35,0,1,1,1964.21,30591.77,1.45
M0123137,N,78,1,3522.89,0,1,0,1540.7,3263.61,0.35
M0123138,N,66,2,14065.52,0,0,0,7299.52,17823.91,0.96
M0123139,N,49,1,11402.47,0,1,1,3231.21,6003.63,2.42
M0123140,N,19,2,13161.55,0,0,0,2983.53,9817.46,1.79
M0123141,N,21,0,21724.12,0,0,2,1249.38,20596.56,0.98
M0123142,N,20,0,20054.44,0,1,0,2895.12,14265.14,0.0
M0123143,N,73,1,3499.09,0,0,0,1622.07,3765.03,1.53
M0123144,N,22,1,8774.04,1,0,0,4522.55,6946.45,0.74
M0123145,N,50,0,9084.97,0,0,0,1593.24,5863.06,0.0
M0123146,N,74,0,9296.7,0,0,0,5731.94,3199.76,1.25
M0123147,N,59,0,4323.97,1,1,0,1481.83,4432.55,1.89
M0123148,N,67,0,28462.26,0,1,0,1707.73,21106.42,1.06
M0123149,N,55,1,21274.2,0,0,0,13172.58,10254.65,2.06
M0123150,N,55,2,7008.46,2,0,0,1584.01,5211.09,0.01
M0123151,N,48,0,8527.66,0,1,0,4940.57,3951.08,0.6
M0123152,N,33,0,13292.17,0,0,0,6089.73,14455.84,0.0
M0123153,Y,55,6,274184.04,3,3,5,131673.19,156299.01,5.35
M0123154,N,28,1,12931.95,0,1,0,2746.86,12687.82,0.82
M0123155,N,34,2,11772.28,0,1,0,2149.19,7832.77,0.51
M0123156,N,50,2,32167.38,0,4,1,14977.65,42492.45,2.37
M0123157,N,70,0,10357.61,0,0,2,753.75,15947.16,1.26
M0123158,N,30,3,17878.82,0,1,0,4777.15,12865.52,1.31
M0123159,N,73,1,13073.76,0,0,1,1732.8,12612.04,0.0
M0123160,N,20,2,6351.25,0,1,0,1744.47,5437.16,1.36
M0123161,N,58,2,1290.74,0,0,0,696.18,1299.93,0.52
M0123162,N,29,0,10490.41,0,2,0,1862.39,6388.1,0.56
M0123163,N,50,0,4051.28,0,1,0,1149.86,3521.72,0.0
M0123164,N,32,0,2107.28,0,1,0,533.84,1738.69,0.43
M0123165,N,50,0,17352.53,0,0,0,7003.97,12198.2,1.49
M0123166,N,67,0,7775.16,0,0,0,335.65,6018.7,0.26
M0123167,Y,52,6,327617.67,4,7,3,177933.72,98712.47,7.59
M0123168,N,30,0,9582.31,0,1,1,1849.7,8115.65,0.14
M0123169,N,61,0,16116.44,0,0,0,8654.24,12107.38,1.73
M0123170,N,56,0,28382.71,0,0,1,10470.74,12086.38,1.3
M0123171,N,61,1,14818.19,0,0,0,4480.98,18404.77,0.35
M0123172,N,34,1,16717.94,0,0,0,17394.26,10409.4,1.53
M0123173,Y,51,6,377851.39,5,6,4,96675.46,220374.08,8.52
M0123174,N,29,2,9507.85,0,0,0,3349.86,7576.81,1.38
M0123175,N,53,1,9253.06,1,0,0,1283.52,7686.89,1.71
M0123176,N,39,0,5671.37,0,1,0,4195.38,3551.23,1.06
M0123177,N,20,1,8929.95,1,1,0,2558.1,7174.1,0.52
M0123178,N,71,1,4272.01,1,0,0,1251.43,4472.24,0.94
M0123179,N,20,1,20422.38,1,1,0,12522.43,12456.79,1.68
M0123180,N,75,1,43629.5,1,0,0,6265.11,39464.33,2.84
M0123181,N,36,0,32270.02,0,1,0,5982.89,43679.94,1.64
M0123182,N,72,1,15949.13,1,1,0,2760.27,10910.13,0.9
M0123183,N,64,1,3165.31,0,1,0,1283.93,3000.31,0.45
M0123184,N,30,0,16439.06,0,0,0,3364.15,22569.48,0.19
M0123185,N,68,3,8963.18,0,0,0,3042.05,4608.02,1.44
M0123186,N,36,1,11958.33,0,0,0,2413.1,11873.81,0.76
M0123187,N,73,3,9993.25,1,0,0,4483.82,6483.85,1.67
M0123188,N,42,1,6029.28,0,0,1,2479.91,6459.73,1.5
M0123189,N,74,4,14760.66,1,0,1,2763.51,15046.87,2.63
M0123190,N,47,1,3518.76,0,0,0,1626.04,4003.56,1.97
M0123191,Y,85,5,204462.99,5,5,3,84282.1,97927.64,5.55
M0123192,N,77,0,5950.18,0,0,0,798.25,5222.14,0.37
M0123193,N,41,0,12640.35,0,1,0,3016.44,7479.92,1.07
M0123194,N,47,3,10578.27,0,0,0,2225.35,12697.3,1.8
M0123195,N,27,2,20650.15,0,1,0,5110.45,17458.4,0.44
M0123196,N,59,0,23874.41,0,0,0,1503.84,17833.1,0.0
M0123197,N,27,1,16960.72,0,1,0,3582.77,19736.78,0.38
M0123198,N,42,0,6303.52,2,0,0,1030.14,5509.73,1.43
M0123199,N,38,1,5236.25,0,2,0,5150.8,4320.3,0.0
M0123200,N,64,1,11327.3,0,0,1,524.74,11526.2,0.63
M0123201,N,36,1,21774.61,0,1,0,11998.86,12777.24,0.83
M0123202,N,59,1,3944.98,0,0,0,2085.57,3691.31,1.65
M0123203,N,64,0,31537.03,0,1,0,18344.54,7778.11,1.07
M0123204,N,49,1,9197.41,0,1,0,6906.2,9459.71,1.42
M0123205,N,69,0,10024.12,0,0,0,5307.62,5286.54,1.3
M0123206,N,56,1,5771.17,0,0,0,533.11,7075.45,1.48
M0123207,N,66,3,13587.64,0,1,1,2088.75,16256.17,0.3
M0123208,N,55,2,22355.34,0,2,1,8275.41,9766.73,3.14
M0123209,N,61,1,10758.36,1,0,0,5712.64,8279.84,0.61
M0123210,N,74,0,9338.54,0,0,1,4813.6,6838.51,2.4
M0123211,N,78,0,9079.31,1,2,0,1858.84,10227.43,1.42
M0123212,N,25,1,17805.69,0,0,0,6304.22,19950.28,0.99
M0123213,N,26,3,9269.99,1,0,0,2915.74,6468.0,1.38
M0123214,N,67,0,18285.12,1,1,0,3052.99,12430.91,1.06
M0123215,N,51,3,5189.93,0,0,0,1538.94,2566.79,2.89
M0123216,N,66,2,20201.85,0,1,1,6183.17,22841.62,1.98
M0123217,N,44,3,13231.34,0,1,1,6279.69,6515.53,2.02
M0123218,N,59,1,8132.18,1,1,1,2073.6,10755.81,1.12
M0123219,N,73,1,13036.1,0,2,2,5409.35,7600.11,0.3
M0123220,N,60,1,8219.76,0,0,0,4888.6,7133.62,0.53
M0123221,N,52,2,6548.77,0,0,0,4145.13,4448.99,1.32
M0123222,N,27,0,26292.06,0,2,1,3467.12,17565.86,1.03
M0123223,N,69,0,10450.38,1,1,0,1649.1,6626.02,0.48
M0123224,N,32,0,5007.81,0,0,0,698.55,7113.62,0.0
M0123225,N,71,2,5163.04,0,1,0,825.82,4481.9,0.45
M0123226,N,68,1,4143.29,0,1,0,1394.43,1930.74,1.49
M0123227,N,23,2,10035.94,0,1,0,1562.27,15310.62,1.19
M0123228,N,49,1,2430.33,1,0,0,709.94,2171.94,0.0
M0123229,N,30,2,19200.89,0,0,1,1870.65,20913.11,2.46
M0123230,Y,83,5,231452.51,4,3,3,78645.27,153061.4,4.08
M0123231,N,51,0,3864.77,0,0,0,380.27,6274.65,0.69
M0123232,N,63,1,35914.5,1,1,1,16844.35,21664.7,0.54
M0123233,N,70,0,7368.52,0,1,1,5126.01,3942.34,2.36
M0123234,N,52,1,17366.49,0,0,1,8449.08,6211.59,0.55
M0123235,N,65,0,31506.37,1,1,1,15375.02,9469.05,0.05
M0123236,N,22,1,12287.91,0,2,1,5203.56,7164.27,1.92
M0123237,N,62,1,14464.81,0,0,0,2304.39,14145.83,1.39
M0123238,N,68,2,22905.94,0,1,0,2068.1,17106.17,1.42
M0123239,N,36,1,6602.72,0,1,1,1343.65,7730.86,1.32
M0123240,N,60,1,12812.42,0,2,0,1587.56,15569.17,0.0
M0123241,Y,48,5,285013.23,2,8,3,245030.76,99722.87,5.66
M0123242,N,45,0,10955.03,1,1,0,1514.54,12067.27,2.82
M0123243,N,54,1,9110.71,1,0,1,1431.54,8752.75,1.17
M0123244,N,21,0,11437.9,0,0,0,1215.38,9586.06,1.39
M0123245,N,31,3,6628.22,0,0,1,4562.67,5845.92,0.18
M0123246,N,34,1,33194.52,0,0,0,6983.37,20100.41,1.75
M0123247,N,72,0,7147.98,1,0,0,1015.86,6263.94,0.56
M0123248,N,33,0,10648.41,2,0,0,1463.48,7163.13,0.75
M0123249,N,72,0,8320.4,1,0,0,4505.57,5547.54,0.62
M0123250,N,69,1,21953.16,0,1,0,3821.53,24562.58,1.09
M0123251,N,49,3,30995.91,2,1,0,11939.54,24442.04,1.33
M0123252,N,28,2,13199.64,0,1,0,3735.2,7274.02,1.38
M0123253,N,74,2,7236.29,0,2,2,2568.35,7355.26,0.35
M0123254,N,73,1,11451.81,0,0,2,3808.64,10174.33,0.76
M0123255,Y,85,4,263609.62,3,5,3,68679.86,241202.5,5.87
M0123256,N,36,1,14259.16,0,2,2,842.64,18759.7,1.47
M0123257,N,38,0,10776.74,0,0,0,5765.19,3535.15,1.51
M0123258,N,72,1,12307.5,2,4,0,7542.42,12493.29,0.95
M0123259,N,63,1,11423.55,0,0,0,1824.32,12379.11,1.33
M0123260,N,30,1,29226.7,0,1,0,4579.45,20631.06,1.79
M0123261,N,51,1,8124.71,0,1,0,4837.52,6209.14,1.28
M0123262,N,40,2,14107.81,0,1,0,10285.34,9557.35,0.0
M0123263,N,43,1,17735.73,0,0,0,3630.15,12196.9,1.31
M0123264,N,59,1,18199.68,0,0,0,5556.2,19017.65,1.41
M0123265,N,43,1,18665.64,1,2,0,4459.68,11070.79,0.83
M0123266,N,22,1,16089.43,0,0,1,9575.2,17311.51,1.24
M0123267,N,75,2,17011.82,2,1,0,6116.73,8358.17,0.99
M0123268,N,21,1,10392.11,0,0,0,6838.8,4092.42,0.73
M0123269,N,63,0,6674.5,0,0,1,930.96,4700.91,0.6
M0123270,N,34,2,20913.48,0,2,0,1990.27,16228.89,1.58
M0123271,N,50,1,2618.74,1,0,0,1078.0,2667.25,0.28
M0123272,N,68,0,2882.22,0,1,0,1246.44,2665.37,0.0
M0123273,N,70,2,6255.76,0,0,0,1549.47,5104.04,1.84
M0123274,N,46,0,14319.76,0,1,0,3953.98,8862.81,0.31
M0123275,N,75,0,9615.47,0,0,0,1205.3,7438.9,0.43
M0123276,N,80,3,15369.71,1,0,0,4234.43,10226.08,2.86
M0123277,N,52,2,1707.8,0,0,0,528.18,2270.61,0.0
M0123278,N,80,1,49629.9,1,0,1,6314.13,37652.86,0.93
M0123279,N,65,1,8662.45,0,0,0,688.0,7176.42,0.0
M0123280,N,28,1,8169.3,0,1,0,4836.19,7619.32,2.06
M0123281,N,51,0,12984.65,0,1,0,1512.24,13663.94,0.8
M0123282,N,60,0,23026.08,1,1,2,6621.48,22020.02,1.41
M0123283,N,34,0,15951.93,1,1,0,1988.73,15082.03,1.69
M0123284,N,80,2,10983.94,0,0,1,2749.85,7774.34,1.24
M0123285,N,27,0,5175.2,1,2,0,1413.33,3173.76,0.19
M0123286,N,64,0,4078.22,1,0,1,2469.36,4087.76,2.27
M0123287,N,56,2,22687.66,0,1,1,9731.31,20272.42,3.15
M0123288,N,33,2,6942.33,0,0,0,1676.99,5737.78,0.53
M0123289,N,23,0,3669.31,0,0,0,1069.74,5540.2,1.57
M0123290,N,57,1,17351.67,0,2,0,4242.01,23070.86,0.22
M0123291,N,80,3,8196.4,0,1,0,2991.62,4167.09,0.0
M0123292,N,29,1,5111.72,0,1,0,3925.11,3255.27,0.56
M0123293,N,64,1,2888.87,0,0,0,2109.87,1855.63,0.2
M0123294,N,70,0,15062.66,0,0,0,5044.12,6883.18,0.9
M0123295,N,55,0,7240.49,0,3,0,3609.21,9129.12,1.05
M0123296,N,37,2,5344.72,0,0,0,1697.71,3457.75,1.36
M0123297,N,74,1,12338.23,0,1,0,7461.88,14845.92,2.99
M0123298,N,37,0,3696.12,0,1,0,1214.78,3614.94,0.31
M0123299,N,66,2,38902.81,1,0,0,21596.38,13190.14,0.28
M0123300,N,64,2,26811.94,0,0,0,5182.37,21354.77,0.57
M0123301,N,56,0,3700.11,0,0,0,2581.99,3647.19,0.0
M0123302,N,21,3,9792.21,0,1,1,5796.36,7800.29,0.61
M0123303,N,32,2,3137.07,1,1,0,503.31,3157.87,0.87
M0123304,N,60,1,11419.38,1,1,0,1891.64,8467.6,0.89
M0123305,N,24,0,6359.58,1,0,1,490.93,6946.87,0.0
M0123306,N,53,1,15144.85,0,0,0,2905.19,11300.0,2.0
M0123307,N,31,0,24764.72,0,2,1,2239.67,34558.92,2.13
M0123308,N,32,0,11310.52,1,0,1,9290.91,7235.17,0.74
M0123309,N,39,1,11049.54,0,1,0,10507.49,5982.0,0.5
M0123310,N,43,1,10950.81,0,0,0,3648.23,7562.19,1.54
M0123311,N,77,1,9818.62,0,0,0,2759.47,5674.17,0.98
M0123312,Y,70,4,184251.76,4,2,2,82191.31,128320.22,3.69
M0123313,N,27,1,6901.78,1,0,1,3442.31,8400.18,0.0
M0123314,N,21,1,2023.94,0,2,0,1032.35,2244.82,0.0
M0123315,N,66,0,9360.48,0,1,0,2858.88,7282.96,1.46
M0123316,N,28,2,15232.33,0,0,0,6385.63,17510.05,0.13
M0123317,N,39,1,4625.14,1,1,1,1178.21,5901.88,0.75
M0123318,N,56,1,41147.86,0,1,0,7347.33,36308.11,1.03
M0123319,N,70,0,5244.21,0,0,0,3634.24,2670.42,1.3
M0123320,N,40,1,30110.34,0,0,0,15111.49,12665.08,1.5
M0123321,N,28,1,14600.64,0,1,1,1599.84,11104.5,2.59
M0123322,N,80,2,4008.54,0,1,1,914.84,5181.83,0.87
M0123323,N,73,0,17061.25,0,1,0,2311.06,11989.89,1.68
M0123324,N,34,1,7024.34,0,0,0,1499.62,4964.39,0.15
M0123325,N,59,1,8829.77,1,1,0,5517.33,4913.57,0.51
M0123326,N,26,2,31072.41,0,0,0,5341.32,24748.37,2.83
M0123327,N,73,2,11411.99,0,1,0,2904.72,7728.22,0.12
M0123328,N,25,0,10521.95,0,0,1,2913.96,15562.48,2.42
M0123329,Y,39,3,246435.04,1,3,3,133688.21,88994.45,4.96
M0123330,N,41,1,4949.88,0,0,0,2926.92,5103.08,2.29
M0123331,N,18,1,25573.11,0,1,1,8388.28,17689.46,1.35
M0123332,N,67,2,23961.31,1,0,0,10418.99,16398.02,0.53
M0123333,N,33,2,12956.01,0,0,0,1434.55,8813.3,1.76
M0123334,Y,81,4,148066.28,3,4,1,58125.28,88803.29,3.14
M0123335,N,51,0,13390.21,0,1,0,5052.6,9815.45,1.55
M0123336,N,73,1,5960.84,0,0,1,653.59,5894.95,0.0
M0123337,Y,59,7,250730.98,2,1,3,42601.86,269671.29,4.69
M0123338,N,23,1,8922.72,0,1,0,3249.42,4362.57,0.55
M0123339,N,50,1,8867.46,0,1,0,5545.82,6849.08,0.73
M0123340,N,37,1,12932.77,0,0,0,7932.07,8572.1,1.64
M0123341,N,25,0,21516.32,0,0,1,2625.9,25465.57,2.45
M0123342,N,20,1,10839.01,0,1,0,2221.82,6861.9,0.75
M0123343,N,32,1,25928.53,0,0,1,11097.35,11793.25,1.23
M0123344,N,76,1,5609.37,0,0,0,4649.48,3639.71,0.12
M0123345,N,42,0,12533.9,0,2,0,1733.56,8358.92,0.45
M0123346,N,27,0,16385.23,0,0,1,5062.43,8907.19,1.27
M0123347,N,77,2,14274.21,0,0,3,3618.38,19031.13,1.71
M0123348,N,27,0,4482.95,0,0,0,3189.76,4929.01,0.3
M0123349,N,62,0,5089.2,0,0,0,1288.72,5240.9,0.0
M0123350,N,75,2,14103.65,0,0,1,4655.19,10640.94,0.72
M0123351,N,26,1,12619.68,1,0,1,2448.32,7587.57,0.24
M0123352,N,29,1,19572.56,0,1,0,13642.55,7732.72,1.56
M0123353,N,34,1,5300.71,0,1,0,1946.39,6532.15,1.33
M0123354,N,75,2,3252.01,0,0,0,595.52,1975.09,0.58
M0123355,N,50,2,3833.98,0,0,0,1000.06,2979.01,0.62
M0123356,N,35,0,3607.97,0,1,0,976.66,2896.96,0.95
M0123357,N,45,2,24534.25,0,1,1,3092.61,16720.56,2.64
M0123358,N,57,1,10344.16,0,1,0,3973.26,13010.93,1.12
M0123359,N,33,0,7377.93,1,0,0,795.62,9809.04,1.11
M0123360,N,22,1,11430.38,0,0,0,8989.65,9982.8,0.88
M0123361,N,69,0,10284.01,0,0,1,4191.04,5012.98,0.75
M0123362,N,78,1,19898.24,1,2,1,4443.37,12065.73,2.54
M0123363,N,79,0,7166.96,0,0,0,3867.11,1932.36,0.95
M0123364,N,25,2,16288.49,0,0,0,1107.62,14214.75,0.52
M0123365,N,69,0,3959.44,0,0,0,952.76,5186.73,0.0
M0123366,N,33,1,3205.72,1,0,0,1494.55,2206.93,1.18
M0123367,N,58,0,7792.72,0,0,0,1647.6,8405.99,1.18
M0123368,N,78,2,12079.58,0,2,0,3123.66,6436.46,1.13
M0123369,N,59,2,9920.9,1,0,0,3248.93,10635.62,1.19
M0123370,N,61,0,6711.2,0,0,0,3376.66,2787.76,0.14
M0123371,N,40,1,6665.06,0,3,1,3078.08,4404.55,1.71
M0123372,N,43,1,9346.3,0,0,1,3291.23,9355.95,1.35
M0123373,N,28,2,14235.06,1,1,0,3809.64,13078.79,1.51
M0123374,N,22,1,3667.57,0,1,0,2212.51,2280.99,0.0
M0123375,N,25,0,24258.96,0,0,1,2934.69,19659.3,0.63
M0123376,N,61,2,3628.95,0,0,1,1029.42,2331.53,0.64
M0123377,N,20,2,11655.36,0,1,1,9462.93,7944.57,0.88
M0123378,N,20,2,12143.22,0,0,0,3116.21,12588.89,1.31
M0123379,N,53,1,28306.39,0,1,0,1886.69,25296.98,0.09
M0123380,N,34,1,35220.78,1,1,0,19891.78,12282.35,1.14
M0123381,N,34,2,29852.06,0,0,0,8385.12,29775.35,1.61
M0123382,N,36,1,2897.68,0,0,0,1041.44,4169.93,1.16
M0123383,N,58,3,31459.26,0,0,0,7445.07,24029.2,2.07
M0123384,N,30,0,20292.13,0,0,0,10582.76,8786.35,4.22
M0123385,N,54,2,22210.07,1,0,0,2482.5,21580.45,1.57
M0123386,N,63,0,2071.97,1,0,1,1405.83,1232.0,1.36
M0123387,N,26,0,3492.32,0,1,0,1459.5,1410.66,0.09
M0123388,N,63,1,26201.6,0,1,0,1295.22,22105.34,0.0
M0123389,N,63,1,16504.26,0,1,2,3201.29,14654.18,1.38
M0123390,N,32,0,3362.19,0,1,0,1089.48,4348.15,1.39
M0123391,N,47,3,7331.26,0,1,0,590.31,6994.73,0.0
M0123392,N,30,0,7953.74,0,0,0,2007.78,4982.43,0.67
M0123393,N,46,0,10565.62,0,0,0,2234.05,12600.86,0.58
M0123394,N,70,0,10555.39,0,0,0,4057.12,6901.15,0.48
M0123395,N,70,1,11298.88,0,0,0,3763.21,13084.92,1.89
M0123396,N,52,0,7894.19,1,0,1,1706.74,7048.91,0.0
M0123397,N,27,0,9964.72,1,1,0,6057.21,5269.36,1.13
M0123398,N,45,1,4901.17,0,0,0,1032.13,5343.46,1.53
M0123399,N,46,2,13283.5,1,1,0,2154.07,11467.35,2.8
M0123400,N,51,0,2655.86,0,1,0,1471.73,1834.3,0.57
M0123401,N,70,1,6194.0,0,0,0,1168.55,9178.0,1.29
M0123402,N,51,2,23024.39,0,1,0,9113.04,20923.98,2.38
M0123403,N,28,2,7027.37,0,0,0,2267.01,3880.18,0.28
M0123404,N,58,1,6159.5,0,0,0,3013.73,7612.8,2.5
M0123405,N,33,2,12923.8,1,1,0,2962.75,15795.82,0.68
M0123406,N,19,1,17263.76,0,1,0,16121.67,7029.58,0.0
M0123407,N,68,1,12587.59,0,1,0,4078.77,17488.01,1.08
M0123408,N,20,3,19550.18,0,1,0,11309.89,12844.97,2.82
M0123409,N,30,1,15584.13,2,3,0,3286.15,12062.57,0.7
M0123410,N,56,0,4314.0,0,1,0,619.2,4529.63,0.61
M0123411,N,46,2,17072.13,0,0,1,1534.99,18560.1,0.0
M0123412,N,66,2,17342.09,1,1,0,5249.95,10391.55,0.59
M0123413,N,74,0,13528.15,0,0,1,4006.6,17014.5,0.42
M0123414,N,78,0,2814.61,0,0,0,1650.83,3183.95,0.93
M0123415,N,46,2,21291.92,1,1,0,6648.8,12116.89,2.43
M0123416,N,21,4,9959.23,0,1,0,9951.19,3794.63,0.86
M0123417,N,36,0,6312.29,0,0,0,2344.54,8459.59,1.34
M0123418,N,52,2,27015.16,0,0,1,3260.48,18571.12,1.57
M0123419,N,19,3,14558.31,0,1,0,4208.86,10477.12,2.04
M0123420,N,48,2,14326.83,0,0,0,644.61,17682.16,0.98
M0123421,N,70,0,27411.68,0,1,1,21731.16,14922.8,1.97
M0123422,N,47,0,14316.57,0,0,1,948.35,12182.88,0.32
M0123423,N,27,3,26462.01,0,0,0,8528.96,12163.84,2.17
M0123424,N,25,1,5888.39,0,0,1,7528.92,2107.91,0.41
M0123425,N,79,0,9246.31,0,0,0,6647.47,7248.75,0.76
M0123426,N,61,0,2077.97,0,0,0,522.36,2496.43,0.87
M0123427,N,39,2,11299.26,0,0,1,2450.29,11198.48,0.62
M0123428,N,28,0,14546.55,0,0,0,7100.7,4923.07,0.0
M0123429,N,60,1,6117.17,0,1,0,1735.44,4344.41,2.01
M0123430,Y,57,5,150151.81,2,3,1,91100.96,81965.91,5.19
M0123431,N,55,0,12335.05,0,1,0,10219.04,6477.84,1.34
M0123432,N,33,2,11660.82,0,1,0,9807.36,7364.55,1.3
M0123433,N,18,0,7418.28,0,0,0,3077.01,5318.39,1.26
M0123434,N,77,0,6187.05,0,0,0,1186.2,4892.66,0.18
M0123435,Y,72,6,167084.05,4,4,1,155070.89,77496.05,7.38
M0123436,N,77,0,3929.28,0,1,0,1523.07,2010.98,0.46
M0123437,Y,60,5,426037.75,3,4,4,140105.0,353849.16,4.26
M0123438,N,74,0,17164.07,0,0,0,613.79,14183.07,0.85
M0123439,N,29,1,13039.18,0,0,1,1915.67,12234.4,0.1
M0123440,N,67,0,10052.11,0,0,1,2008.22,8961.46,1.62
M0123441,N,34,1,6149.72,0,1,1,2021.52,3236.64,0.84
M0123442,N,50,1,10076.54,0,1,0,1255.66,9910.7,0.93
M0123443,N,18,0,4205.37,0,1,0,2089.33,5138.44,1.66
M0123444,N,79,2,11419.46,0,0,0,8099.58,11633.42,0.9
M0123445,N,18,1,16409.91,0,2,0,5917.48,18466.59,0.89
M0123446,N,33,0,2612.33,0,1,0,255.82,3562.41,0.0
M0123447,N,31,0,14798.93,0,0,0,2305.35,10289.01,1.83
M0123448,N,80,2,16189.41,0,1,0,3598.98,18355.35,1.96
M0123449,N,46,3,11626.28,1,1,0,4065.17,13354.99,0.96
M0123450,N,52,1,4152.71,0,0,0,1048.3,5061.24,0.88
M0123451,N,80,1,18480.4,1,0,0,13222.43,6412.67,1.61
M0123452,N,20,1,8781.76,2,1,0,5370.76,8360.12,0.79
M0123453,N,62,2,27342.45,0,2,0,9800.6,14787.77,1.35
M0123454,N,40,2,16045.61,0,2,1,5306.54,20188.11,0.54
M0123455,N,55,1,12356.45,1,2,0,1697.93,8747.18,0.4
M0123456,N,41,0,5397.24,0,0,0,1367.56,6561.96,0.0
M0123457,N,20,0,2994.41,0,0,0,1069.73,2724.03,0.0
M0123458,Y,37,3,163854.99,2,1,2,51604.13,114199.57,2.56
M0123459,N,74,1,15775.87,0,1,0,2905.29,10746.95,2.37
M0123460,N,54,3,37586.49,0,1,2,17448.3,15410.23,2.18
M0123461,N,79,0,16952.2,0,0,0,13584.19,5090.05,0.96
M0123462,N,19,0,32626.18,0,0,0,7809.39,24497.27,1.92
M0123463,N,57,0,8609.22,1,0,1,931.92,6333.63,1.69
M0123464,N,64,0,23888.18,0,1,0,1580.3,29696.72,0.67
M0123465,N,40,0,12928.9,1,2,0,3907.4,7513.47,1.67
M0123466,N,53,2,10710.63,0,0,2,4197.84,7135.74,1.3
M0123467,N,36,0,6731.59,0,1,0,3515.9,5556.15,0.0
M0123468,N,32,0,7499.22,0,0,0,1686.95,5344.15,2.17
M0123469,N,35,1,11102.21,0,0,0,2847.79,6304.86,1.23
M0123470,N,30,0,5368.81,0,0,0,1806.45,3751.01,0.04
M0123471,N,41,1,14785.3,1,1,0,1137.28,20337.18,0.34
M0123472,N,75,3,13472.29,1,1,0,6182.41,11045.82,1.62
M0123473,Y,67,3,290499.04,3,2,1,147555.5,243170.88,3.79
M0123474,N,41,1,6924.0,0,1,0,1702.13,4125.04,1.02
M0123475,N,62,1,9564.32,0,1,0,3794.38,6506.04,0.27
M0123476,N,55,1,12030.0,0,0,0,2801.55,9016.02,0.0
M0123477,N,54,0,2488.78,1,0,0,1299.8,2927.62,1.24
M0123478,N,60,1,7817.38,0,1,0,1566.46,9436.7,0.98
M0123479,N,36,2,13784.79,0,0,0,5194.2,7009.04,1.2
M0123480,N,68,2,12841.61,0,2,0,2699.11,12816.35,1.82
M0123481,N,64,2,14988.0,1,0,0,1050.14,11765.3,2.16
M0123482,N,25,0,11603.88,0,0,0,2351.27,14852.54,2.16
M0123483,N,45,2,2967.75,0,0,0,671.96,2570.68,0.33
M0123484,N,32,2,16276.5,0,2,0,14463.4,10291.96,1.83
M0123485,N,52,3,54389.64,0,2,0,27386.1,17695.06,0.23
M0123486,N,22,0,20005.36,0,2,0,4909.36,12926.33,0.53
M0123487,N,24,1,8749.52,0,0,0,1954.53,8462.3,1.01
M0123488,N,77,0,7595.12,0,0,0,2769.44,4884.97,0.0
M0123489,N,30,0,9944.7,1,0,0,3569.4,5921.56,1.01
M0123490,N,68,0,13754.67,0,1,0,2331.78,16981.88,0.0
M0123491,N,66,1,14681.38,0,0,0,8873.17,3752.29,1.83
M0123492,N,51,0,8879.66,0,1,0,4314.12,8730.48,0.95
M0123493,N,29,1,13864.47,0,3,0,4341.21,9720.67,2.44
M0123494,N,73,1,4299.78,1,1,0,973.82,3473.2,1.41
M0123495,N,27,2,39281.52,1,2,0,19041.04,24860.13,2.14
M0123496,N,55,0,6197.23,0,0,1,1043.54,7365.11,1.91
M0123497,N,19,1,15543.78,0,0,0,5552.64,6753.41,0.48
M0123498,N,42,0,4563.21,0,1,0,3107.5,3365.28,1.04
M0123499,N,71,1,11813.75,0,0,2,2051.03,10673.36,0.64
M0123500,N,39,1,3313.24,0,0,1,1576.06,3390.32,0.92
M0123501,N,50,1,11751.42,1,1,0,343.58,10176.61,0.94
M0123502,N,56,2,16371.84,0,2,2,10780.65,15209.51,1.57
M0123503,N,65,3,6727.71,0,1,0,1508.91,5686.73,0.11
M0123504,N,55,1,17462.6,0,0,0,1582.83,21128.52,1.62
M0123505,N,37,1,2220.13,0,0,0,1281.07,1361.98,1.06
M0123506,N,77,1,4427.66,1,1,0,655.31,3175.03,0.0
M0123507,N,52,1,10284.7,0,1,0,2134.51,7197.33,2.14
M0123508,N,29,2,5232.34,0,3,0,1536.04,6760.95,0.82
M0123509,N,56,1,8903.5,0,2,0,2215.44,7382.04,1.84
M0123510,N,48,2,8772.92,0,0,0,5469.34,3010.84,0.34
M0123511,N,18,0,15637.55,0,1,0,2407.41,12595.8,2.15
M0123512,N,34,0,12617.99,0,1,0,6029.54,12601.03,0.89
M0123513,N,51,1,27672.77,0,1,1,4691.06,19709.14,1.35
M0123514,N,75,0,7828.6,0,0,1,2077.01,9924.74,0.0
M0123515,N,39,0,8842.05,0,0,0,2585.93,7848.95,1.3
M0123516,N,27,1,10695.06,0,0,0,5121.96,4632.62,0.59
M0123517,N,39,1,4089.07,0,0,0,1029.04,2381.14,0.53
M0123518,N,71,2,15958.0,0,1,0,2151.64,15684.79,1.82
M0123519,N,20,0,15074.61,0,3,0,2309.61,10272.64,1.44
M0123520,N,40,3,28367.41,0,1,0,10596.63,28781.81,0.46
M0123521,N,72,2,11951.88,1,0,0,6238.84,12294.83,0.88
M0123522,N,71,1,5530.36,0,1,0,1611.54,6893.75,1.12
M0123523,N,28,2,17192.68,0,2,1,8985.8,16914.86,1.63
M0123524,N,31,0,28613.0,0,0,1,3432.06,19287.09,2.54
M0123525,N,50,0,4260.43,0,1,0,1352.1,3718.85,0.0
M0123526,N,25,1,21238.74,1,2,0,2348.16,23990.17,2.07
M0123527,N,61,1,3072.46,1,0,1,1204.17,3954.17,0.0
M0123528,Y,81,5,128908.88,2,5,3,62561.88,107347.49,5.39
M0123529,N,51,3,7762.54,0,2,1,2132.23,9394.27,2.15
M0123530,N,80,1,13583.6,0,3,1,12054.23,7656.16,1.34
M0123531,N,70,1,20890.49,0,0,0,746.96,19343.6,1.31
M0123532,N,68,0,2759.33,0,1,0,1189.42,3349.71,2.13
M0123533,N,53,0,16349.71,0,1,1,2741.88,10940.33,1.15
M0123534,N,33,1,9999.81,1,0,0,889.45,8085.62,0.68
M0123535,N,70,1,13379.91,0,0,0,899.15,22319.42,1.03
M0123536,N,50,0,13593.54,0,1,0,1182.86,9814.93,0.91
M0123537,N,35,0,15762.2,0,0,0,1115.21,12176.03,0.52
M0123538,N,71,0,9347.88,0,2,0,3200.39,6222.62,0.2
M0123539,N,71,0,3622.7,1,0,0,3267.54,3148.05,0.83
M0123540,N,57,2,9614.62,0,1,1,5614.78,11506.26,1.91
M0123541,N,49,0,13892.64,0,0,0,6934.82,6647.7,1.96
M0123542,N,75,0,8515.08,1,0,1,2415.47,10848.42,0.68
M0123543,N,18,2,26991.62,2,2,0,4850.39,25413.04,2.35
M0123544,N,44,0,6178.33,0,0,0,1398.0,4126.75,0.0
M0123545,N,18,1,15026.84,0,1,0,2342.14,12077.7,1.5
M0123546,N,32,0,3130.0,0,0,0,1580.85,2361.64,0.63
M0123547,N,71,0,16978.58,1,0,0,2330.73,17022.57,1.73
M0123548,N,56,0,9136.12,0,1,0,4415.65,9825.82,2.21
M0123549,N,25,2,6633.35,0,0,0,2310.05,4936.93,0.74
M0123550,N,33,2,7521.62,0,0,0,1277.94,6568.9,0.09
M0123551,N,34,0,4001.96,0,0,0,1727.09,3888.12,0.0
M0123552,N,73,2,11138.41,0,1,0,3261.12,8090.07,1.32
M0123553,N,50,2,5639.3,0,1,0,324.52,7776.76,1.2
M0123554,N,30,2,9054.04,0,0,0,2894.52,7516.87,0.19
M0123555,Y,56,3,267300.95,2,1,1,117308.59,121588.54,5.06
M0123556,N,55,2,14836.39,0,0,1,3404.14,10608.62,0.0
M0123557,N,60,0,8168.93,0,0,0,4872.29,6695.74,0.52
M0123558,N,20,2,20829.93,1,0,0,2975.95,21842.55,0.0
M0123559,N,43,1,12087.82,0,1,1,4269.4,5595.32,2.71
M0123560,N,35,1,5314.83,0,1,1,3475.36,4216.02,0.0
M0123561,N,77,0,7323.98,0,1,1,2111.33,4196.77,0.27
M0123562,N,53,2,6857.87,0,1,0,1561.58,7057.28,0.29
M0123563,N,55,1,5656.75,0,0,0,505.58,6350.29,0.04
M0123564,N,64,0,13569.95,0,0,0,1077.4,10752.68,0.69
M0123565,N,50,1,15730.01,1,0,0,7313.02,8146.36,0.27
M0123566,N,21,0,36691.74,0,1,1,19967.25,9745.34,1.55
M0123567,N,78,2,8876.99,0,2,1,4135.08,8280.27,1.3
M0123568,N,26,0,16485.92,0,1,1,9776.39,5153.62,0.95
M0123569,N,79,3,10242.15,2,1,2,1709.58,9036.79,0.52
M0123570,N,39,2,7100.13,0,1,0,1459.06,5140.43,0.3
M0123571,N,79,3,14128.89,0,1,0,7969.48,3654.04,2.0
M0123572,N,80,0,21394.08,1,3,0,3159.18,27508.34,0.79
M0123573,N,68,0,9703.0,0,0,1,2670.28,5456.01,0.99
M0123574,Y,67,7,270938.89,5,4,5,124773.25,230398.13,5.89
M0123575,N,47,1,7857.04,0,0,0,844.84,7346.37,0.0
M0123576,N,52,1,14006.63,0,0,0,1299.76,12044.54,1.1
M0123577,N,57,1,2847.92,0,0,0,827.09,1945.45,1.53
M0123578,Y,52,4,184952.76,3,2,4,155460.26,102299.5,7.31
M0123579,N,48,2,8093.31,0,1,2,899.63,7015.36,0.78
M0123580,N,49,2,20541.52,0,1,1,6301.86,14133.98,0.56
M0123581,N,70,3,7833.97,0,0,0,2988.61,10213.95,1.03
M0123582,N,57,1,13973.93,0,0,0,5748.75,12721.25,0.0
M0123583,N,27,2,5723.12,0,3,0,1686.76,3715.87,0.49
M0123584,Y,40,5,259758.37,4,7,8,67362.59,172456.53,6.91
M0123585,N,22,0,27122.45,0,2,2,10525.93,20890.56,2.09
M0123586,N,24,0,5156.23,0,2,0,1937.61,5051.18,0.81
M0123587,N,18,0,3625.92,1,0,0,650.54,5330.8,1.03
M0123588,N,68,3,29688.67,0,3,0,19367.25,9289.61,0.86
M0123589,N,56,0,15122.85,0,1,0,2944.52,11547.9,0.83
M0123590,N,23,2,17140.86,0,0,0,3480.97,21197.03,0.24
M0123591,N,58,1,25692.0,0,1,0,860.14,22904.17,0.87
M0123592,N,60,0,5453.79,0,1,0,2777.83,4945.35,1.02
M0123593,N,24,2,17866.88,0,2,0,1439.52,22139.27,1.46
M0123594,N,40,0,6468.3,0,1,0,5410.23,2946.57,1.4
M0123595,N,25,1,6419.97,2,0,0,739.92,8171.31,1.56
M0123596,N,70,2,22411.1,1,2,0,7452.6,18615.51,3.61
M0123597,N,65,0,4729.67,0,3,1,1894.1,5806.54,1.44
M0123598,N,67,2,9517.88,1,1,1,5732.32,11317.98,1.78
M0123599,N,34,1,5935.37,0,0,0,1993.52,4925.84,0.17
M0123600,N,60,0,11838.56,0,0,0,4284.57,5101.95,0.63
M0123601,N,79,0,5046.99,0,0,0,1831.52,4853.93,0.0
M0123602,N,47,0,6125.32,0,1,1,2535.28,2440.81,0.0
M0123603,N,23,1,11510.98,0,1,0,1404.44,8375.97,0.76
M0123604,N,79,0,5641.88,0,0,0,4586.42,3339.29,1.22
M0123605,N,27,1,19422.51,0,2,1,2630.79,12912.5,1.56
M0123606,N,47,3,29593.18,2,0,1,10079.84,19073.12,3.67
M0123607,Y,40,6,282663.74,4,5,7,102816.81,240215.55,8.79
M0123608,N,57,1,10142.47,0,1,0,1806.98,9300.59,0.73
M0123609,N,70,2,8723.72,0,0,0,2147.12,5972.47,0.0
M0123610,N,58,3,10200.92,0,0,0,3270.31,5294.67,2.21
M0123611,N,67,0,15793.98,0,0,1,1584.64,25914.28,0.0
M0123612,N,24,3,23811.21,1,2,0,9557.38,9831.65,1.81
M0123613,N,26,0,22852.97,0,0,0,778.23,18941.66,2.12
M0123614,N,77,0,15557.13,0,1,0,1769.56,12326.34,0.57
M0123615,N,23,0,9785.35,0,1,0,1734.71,9763.74,0.8
M0123616,N,68,0,11197.93,0,0,1,7022.48,6664.42,1.21
M0123617,N,52,0,10605.24,0,0,0,2081.06,11545.73,0.73
M0123618,N,56,3,12384.84,0,0,0,2299.36,8768.66,0.27
M0123619,Y,59,8,221676.89,3,3,3,83798.96,123022.94,4.47
M0123620,N,71,0,13138.19,0,3,0,2008.11,8962.32,0.64
M0123621,N,52,0,10186.61,0,3,0,2907.0,7927.2,0.0
M0123622,N,23,2,22306.01,0,0,0,8123.9,9536.42,2.16
M0123623,N,57,2,8329.04,0,1,0,2129.91,4749.6,0.74
M0123624,N,29,2,5545.19,1,0,0,789.24,4132.43,0.0
M0123625,N,47,0,15642.63,0,1,0,5133.08,8410.3,1.17
M0123626,N,30,1,3532.88,0,0,1,937.91,2990.75,0.16
M0123627,N,42,1,7801.27,0,2,0,1544.84,10089.31,1.39
M0123628,N,47,1,10753.94,0,1,0,4658.74,10877.82,1.9
M0123629,Y,66,5,465499.74,2,3,3,125099.93,336371.98,5.85
M0123630,N,20,0,6780.31,0,1,1,3689.99,3873.71,0.93
M0123631,N,19,0,2624.73,0,0,0,884.93,2973.36,0.08
M0123632,N,44,3,4780.61,0,0,0,876.53,3478.91,1.0
M0123633,N,18,0,14156.23,0,1,0,2925.38,11457.73,0.96
M0123634,N,62,0,6789.01,1,1,0,1536.14,6295.77,0.52
M0123635,N,59,0,5200.4,1,0,0,3257.09,2903.39,0.51
M0123636,N,24,0,3822.3,0,2,0,563.03,5832.49,0.47
M0123637,N,24,1,18128.21,1,1,0,16460.99,8454.36,0.08
M0123638,N,49,0,1598.88,0,0,0,441.3,2363.52,1.16
M0123639,N,22,1,2725.77,0,0,0,1656.82,3196.26,1.0
M0123640,N,35,2,15703.48,0,0,1,7953.32,4622.37,0.44
M0123641,N,60,1,22475.18,0,0,0,5534.94,13685.02,1.58
M0123642,N,71,3,16210.92,2,1,0,7386.34,13047.47,1.22
M0123643,N,40,1,5979.77,0,1,0,1335.16,8090.73,1.02
M0123644,N,72,2,12723.05,1,0,0,10265.8,3348.53,0.32
M0123645,N,40,1,21414.0,1,1,0,3344.93,32731.98,0.0
M0123646,N,73,1,6732.48,0,0,0,3570.86,3187.61,0.0
M0123647,N,22,1,5631.73,0,0,0,3408.86,6332.44,1.44
M0123648,N,48,1,29811.4,0,1,0,4775.31,20775.78,2.01
M0123649,N,69,0,10803.06,0,0,1,4424.9,5381.42,0.63
M0123650,N,78,0,9886.2,0,0,0,3268.24,5676.79,0.32
M0123651,N,21,0,5727.61,0,0,0,1966.21,4746.07,1.69
M0123652,N,65,2,30340.29,1,1,1,12662.65,11154.93,1.65
M0123653,N,35,0,5969.51,0,0,0,1627.63,4791.05,1.99
M0123654,N,50,0,15155.28,0,1,0,4536.53,12061.79,0.58
M0123655,N,65,2,20088.57,0,1,0,7991.05,8441.1,0.44
M0123656,N,60,3,22958.94,0,0,1,4646.64,24914.39,1.27
M0123657,N,21,1,13233.96,0,1,1,6156.4,13129.22,1.42
M0123658,N,18,1,6686.59,0,0,0,1178.8,4610.67,0.0
M0123659,N,22,1,11345.88,1,2,1,7839.94,7323.06,1.32
M0123660,N,30,0,8679.05,0,0,1,3513.18,4234.09,1.93
M0123661,Y,78,6,177959.51,4,4,4,58227.36,101948.07,5.31
M0123662,N,51,1,10470.31,0,1,0,3536.68,4979.14,2.14
M0123663,N,46,0,7051.48,0,0,0,3852.31,5000.87,0.0
M0123664,Y,57,5,272833.24,3,5,2,41763.82,234386.35,4.25
M0123665,N,64,3,7633.75,0,0,0,3368.57,10309.21,0.24
M0123666,Y,37,6,187875.28,4,3,5,54839.93,142167.95,3.8
M0123667,N,77,2,28712.35,0,2,0,33605.38,4049.83,1.15
M0123668,N,62,1,6254.8,1,0,0,1567.42,5261.89,2.04
M0123669,N,47,1,31639.38,0,1,0,4441.23,22991.95,0.75
M0123670,N,62,0,7563.32,0,2,1,2567.01,8087.74,0.77
M0123671,N,66,0,26975.16,0,0,0,1033.87,24599.06,0.65
M0123672,N,70,2,12255.55,0,0,0,2524.14,8701.7,0.54
M0123673,N,39,2,3791.02,0,0,0,575.12,2680.43,1.85
M0123674,N,72,1,5054.24,1,2,1,2765.63,5623.46,1.35
M0123675,N,61,1,8262.71,0,0,0,1440.58,9997.63,1.25
M0123676,N,42,1,9510.03,1,0,1,1081.98,8883.3,1.42
M0123677,N,22,0,7856.82,0,0,0,1605.7,5383.8,1.7
M0123678,N,39,1,7530.59,1,1,0,1955.4,5118.37,1.38
M0123679,N,61,1,17379.93,0,0,0,5491.15,12122.97,1.1
M0123680,N,68,1,3244.82,0,2,0,2552.02,2737.35,1.61
M0123681,N,34,2,5256.39,0,0,0,2674.43,3584.96,1.04
M0123682,N,71,0,9565.61,0,0,1,5625.48,4933.97,2.0
M0123683,N,32,3,11171.58,1,0,0,2096.91,17293.0,2.44
M0123684,N,30,1,3483.54,0,0,0,720.62,3010.7,1.1
M0123685,N,47,2,3956.4,0,1,1,2037.8,4286.4,1.26
M0123686,N,43,3,26376.98,0,0,1,4189.62,18014.04,1.26
M0123687,N,68,1,17788.75,0,1,0,7514.41,9613.21,1.25
M0123688,N,60,0,9092.16,0,1,1,4477.91,4023.1,1.04
M0123689,N,59,1,7178.09,0,0,0,1756.83,6717.13,2.29
M0123690,N,18,1,5621.91,0,1,0,1667.63,6900.63,0.67
M0123691,N,30,1,21582.36,1,0,1,9946.58,10290.39,1.47
M0123692,N,41,0,3561.89,0,1,0,2616.33,2051.84,0.07
M0123693,N,36,1,12371.27,0,1,0,9316.95,6021.29,0.59
M0123694,N,42,0,3055.04,0,0,0,829.47,3140.53,1.22
M0123695,N,50,3,8269.46,0,0,0,3770.93,3743.18,0.47
M0123696,N,38,1,24466.89,0,2,0,6083.24,14743.61,2.8
M0123697,N,37,0,17832.84,0,1,0,9575.86,12936.01,2.5
M0123698,N,64,1,6871.88,0,0,0,2386.03,3800.89,0.0
M0123699,N,79,1,7128.95,0,0,1,1603.2,5336.93,0.64
M0123700,N,55,2,10900.89,1,0,0,8244.78,5627.61,0.02
M0123701,N,78,0,12274.51,2,0,0,8148.73,8160.57,0.09
M0123702,N,44,1,15509.11,1,0,0,1830.1,18691.75,1.59
M0123703,N,29,2,27694.57,0,1,0,4879.8,20772.07,2.02
M0123704,N,64,2,6026.3,0,2,0,733.46,5654.83,4.23
M0123705,N,59,1,18956.47,1,0,1,6671.3,23768.4,0.89
M0123706,Y,79,8,459693.48,4,4,3,53158.57,358173.05,3.76
M0123707,N,33,0,9043.83,0,0,1,988.47,15230.86,0.75
M0123708,N,43,0,14228.37,1,1,0,3097.41,11052.39,0.05
M0123709,N,19,1,6674.82,0,0,0,1872.83,9908.08,1.66
M0123710,N,18,1,4509.51,0,0,0,552.4,4848.85,0.0
M0123711,Y,55,7,228958.96,5,5,4,155098.9,114261.07,6.87
M0123712,N,76,0,10175.37,0,0,0,2636.71,7488.54,1.49
M0123713,N,70,2,17426.6,1,1,2,2588.38,13513.64,0.52
M0123714,N,33,1,3184.36,0,0,0,1633.44,1480.15,0.93
M0123715,N,51,1,22734.9,0,3,2,7618.61,15414.97,2.43
M0123716,N,47,3,8509.46,0,2,0,1977.66,6328.54,0.9
M0123717,Y,85,4,200099.61,3,1,1,65223.28,141979.95,3.01
M0123718,N,44,1,8149.24,0,1,1,5011.54,6966.63,1.84
M0123719,N,66,0,17506.59,2,0,1,4892.7,12812.66,0.67
M0123720,N,68,0,4952.77,0,1,2,1158.35,6315.42,0.0
M0123721,N,49,1,7900.59,0,1,0,2332.3,6234.44,1.69
M0123722,Y,57,7,490695.41,5,4,6,152679.63,292640.64,7.77
M0123723,N,47,1,9338.39,0,1,1,2658.33,5834.3,0.0
M0123724,N,36,2,11018.18,0,0,1,4442.67,5141.29,1.51
M0123725,N,24,0,5397.02,0,0,0,1110.64,5116.12,1.6
M0123726,N,59,0,12668.16,0,0,0,1454.44,11860.71,0.93
M0123727,Y,70,5,120959.95,3,4,1,31643.37,86473.48,3.91
M0123728,N,53,0,6335.62,0,0,0,5764.93,3240.37,0.65
M0123729,N,54,0,5822.21,0,0,0,694.52,5301.94,1.22
M0123730,N,37,0,5844.23,0,0,0,1361.15,4007.56,0.52
M0123731,N,33,0,11057.72,0,0,0,1233.17,10829.08,2.4
M0123732,N,25,1,12463.64,0,0,0,3514.04,7603.96,0.85
M0123733,N,74,0,6648.85,0,0,0,1864.07,5061.36,0.08
M0123734,N,44,1,6643.65,0,0,0,5202.06,3084.76,0.76
M0123735,N,52,1,3924.07,0,0,0,883.34,3114.43,0.99
M0123736,N,70,0,11457.98,0,0,0,6852.28,2983.02,0.06
M0123737,N,47,0,5660.63,0,1,0,2276.34,7103.57,0.7
M0123738,N,66,0,14768.99,1,0,0,7470.3,8939.39,0.12
M0123739,N,19,0,12837.96,0,0,0,4735.36,11701.34,1.13
M0123740,N,78,0,5667.79,0,0,0,1825.77,5311.44,1.37
M0123741,N,45,0,10425.4,0,1,1,1165.07,11868.6,0.0
M0123742,N,26,1,7287.09,0,0,1,4273.83,3011.91,0.3
M0123743,N,43,1,3188.44,0,0,0,477.45,3466.88,1.8
M0123744,N,19,1,8030.49,0,0,0,2880.19,11681.28,2.98
M0123745,N,44,1,36122.04,0,2,0,3968.45,24804.23,0.25
M0123746,N,18,0,15435.14,0,2,2,4459.42,11593.54,0.59
M0123747,N,30,2,5630.65,0,1,0,1261.28,4803.79,0.0
M0123748,N,74,2,4302.64,0,1,0,4269.23,2322.47,0.64
M0123749,N,42,0,18268.45,0,0,0,14107.1,9237.02,1.51
M0123750,N,45,0,8430.16,0,0,0,2848.7,11465.3,0.78
M0123751,N,29,1,25628.6,1,0,0,12515.63,9084.97,1.35
M0123752,N,41,0,2699.63,0,1,0,1453.29,1322.85,0.0
M0123753,N,23,1,31269.91,1,1,0,8821.14,28369.67,2.79
M0123754,N,65,1,20600.83,1,2,1,7571.9,27974.06,1.18
M0123755,N,35,2,26805.28,1,0,0,4602.15,19112.09,2.41
M0123756,N,75,0,6799.48,0,0,0,4799.37,3583.03,0.26
M0123757,N,25,1,47253.26,0,2,0,23786.54,26647.38,2.05
M0123758,N,23,2,3809.72,0,1,0,1735.94,3033.19,1.33
M0123759,Y,79,4,147388.23,3,3,1,150696.64,48986.12,4.07
M0123760,N,29,0,8417.79,0,1,0,1627.57,5345.66,1.05
M0123761,N,54,1,7411.87,0,0,0,4929.57,8238.47,1.72
M0123762,N,43,2,8647.65,0,1,2,3862.05,11213.6,0.09
M0123763,N,39,0,3984.81,0,1,1,774.43,4547.74,0.0
M0123764,N,49,1,6509.38,0,1,0,1569.77,4919.76,0.94
M0123765,N,43,0,11253.31,1,0,0,4484.77,4817.71,1.54
M0123766,N,48,1,15015.57,1,1,1,5143.73,8100.17,1.75
M0123767,N,56,3,13362.17,1,2,0,5387.99,12177.89,2.25
M0123768,N,46,1,12242.47,0,3,0,3665.52,7788.19,0.71
M0123769,N,36,0,7390.45,0,1,1,1730.14,6046.41,2.39
M0123770,N,74,1,20084.93,0,1,0,6750.67,11524.15,1.9
M0123771,N,50,0,11181.31,0,1,0,1612.83,8260.81,0.68
M0123772,N,60,1,6767.34,0,0,0,2294.37,8777.73,0.0
M0123773,N,61,1,26673.54,0,1,0,5053.12,23404.96,1.35
M0123774,N,20,1,6360.16,0,0,0,2054.84,8602.72,1.89
M0123775,Y,70,7,172548.37,7,1,4,86596.74,116375.18,5.81
M0123776,N,54,1,4347.93,0,0,0,1115.37,5224.66,0.0
M0123777,N,25,0,19554.8,0,0,0,3308.9,16420.75,2.09
M0123778,N,58,1,5240.95,0,0,0,2671.52,4114.86,1.2
M0123779,N,26,0,31715.64,0,0,0,19899.8,25416.0,0.9
M0123780,N,40,1,8572.36,1,1,0,4970.79,2660.22,0.5
M0123781,N,30,0,4692.33,0,0,0,1678.13,3623.19,0.41
M0123782,N,76,4,15839.95,0,2,0,6035.34,11687.42,1.25
M0123783,N,62,2,16208.48,0,1,0,2443.67,18677.49,0.85
M0123784,N,55,1,18341.41,0,0,1,3459.45,15410.96,2.37
M0123785,N,73,1,28469.95,0,1,2,8225.57,18679.36,2.19
M0123786,N,20,1,3966.58,0,0,0,446.76,2825.18,0.0
M0123787,N,40,2,16290.71,0,2,0,4461.58,10116.8,1.04
M0123788,N,80,1,12228.47,0,0,0,5080.99,8254.33,0.0
M0123789,N,42,3,5310.5,0,1,0,4008.66,5172.3,0.99
M0123790,N,25,2,15150.79,0,0,0,1903.53,17055.17,0.91
M0123791,N,52,0,10244.87,0,1,0,11824.7,2796.53,0.0
M0123792,N,23,0,5151.46,1,0,0,673.21,3654.45,0.0
M0123793,N,32,2,6188.68,0,0,1,1489.05,8148.28,0.06
M0123794,Y,64,3,185407.87,2,3,3,27964.87,141921.84,5.54
M0123795,N,25,3,51821.68,0,1,2,14894.64,32460.32,2.47
M0123796,N,19,0,13294.18,0,1,1,3735.34,7813.95,0.48
M0123797,N,55,0,4581.53,0,1,0,1271.21,2932.71,1.26
M0123798,N,37,0,9296.26,1,0,0,3593.7,9533.96,2.21
M0123799,N,59,2,11519.76,1,0,0,4948.95,9301.4,0.85
M0123800,N,76,1,46490.95,1,0,0,6033.24,30736.9,2.79
M0123801,N,58,2,6922.97,1,2,1,1859.24,7234.21,0.0
M0123802,N,39,2,6343.54,0,0,1,1830.17,5944.66,0.0
M0123803,N,48,1,39530.26,0,0,0,10513.35,32777.16,0.61
M0123804,N,41,3,26917.09,1,1,1,9593.69,11765.91,2.64
M0123805,N,67,0,7077.66,0,0,0,1829.18,6978.89,0.0
M0123806,N,38,0,6876.89,0,1,2,2330.18,3787.71,0.0
M0123807,N,43,1,16054.3,0,0,0,1677.5,13156.46,0.14
M0123808,N,70,2,23197.19,0,1,0,4640.82,17411.86,0.85
M0123809,N,70,1,6279.41,0,1,0,2771.71,2304.83,0.0
M0123810,N,75,1,16177.96,0,1,1,3952.03,12500.35,1.22
M0123811,N,64,2,60501.37,0,3,0,9251.19,57931.72,3.25
M0123812,N,63,0,7319.83,0,0,0,3722.91,5066.29,0.4
M0123813,N,56,0,12176.21,0,0,0,5238.49,10073.39,0.0
M0123814,Y,66,5,177309.53,3,2,1,67979.56,112996.7,5.63
M0123815,N,43,1,12189.51,0,0,0,8577.29,5220.22,0.21
M0123816,N,36,1,9336.46,0,0,1,4641.67,4352.85,1.39
M0123817,N,25,2,6316.38,0,0,0,858.34,5640.16,0.4
M0123818,N,59,2,18212.28,0,1,1,3451.62,14255.46,0.96
M0123819,N,44,1,16819.49,1,0,2,5280.6,12883.09,0.97
M0123820,N,57,1,11258.13,0,1,1,4316.72,8253.18,2.47
M0123821,N,71,2,6708.88,0,0,0,2493.13,7069.03,1.82
M0123822,N,72,1,10818.26,1,1,1,761.66,13586.66,2.09
M0123823,Y,52,4,127761.1,3,2,1,38466.53,94521.18,3.53
M0123824,N,26,0,30404.91,0,1,0,3281.03,25088.13,3.07
M0123825,N,53,0,7889.53,0,1,0,1581.42,6801.17,1.62
M0123826,N,48,0,6368.07,0,0,0,463.72,8595.99,0.0
M0123827,N,73,1,3649.48,0,0,0,2984.79,3082.22,0.86
M0123828,N,74,0,6227.66,0,1,0,897.56,7065.41,1.56
M0123829,N,41,2,9700.05,0,1,0,3088.98,4731.03,1.94
M0123830,N,61,1,16748.83,1,2,1,3425.99,9705.49,2.62
M0123831,N,24,2,49644.03,0,2,0,15827.39,23953.99,0.66
M0123832,N,36,0,9864.56,0,1,0,3345.63,5163.94,1.02
M0123833,N,31,0,21321.35,1,1,0,2848.43,16564.91,2.1
M0123834,N,42,1,8184.63,0,1,0,1436.57,8355.86,1.69
M0123835,N,32,0,9217.04,0,0,0,3867.5,3466.07,0.22
M0123836,N,45,0,4179.26,0,0,1,715.41,5920.57,0.0
M0123837,N,68,3,8887.96,2,0,0,3111.96,8705.86,1.14
M0123838,N,22,0,4652.35,0,2,0,235.14,6126.45,0.0
M0123839,N,53,0,5161.81,0,0,0,1865.19,3882.45,0.62
M0123840,N,28,2,16112.54,0,3,1,1810.1,12772.88,2.15
M0123841,N,22,2,12098.57,1,1,0,2738.13,8940.31,0.9
M0123842,N,71,1,8024.55,1,1,0,4229.16,4737.84,0.99
M0123843,Y,81,6,298464.01,2,4,4,118076.34,184628.76,6.81
M0123844,N,74,0,11452.89,0,0,0,11668.85,4254.81,0.55
M0123845,N,73,1,24832.73,0,0,0,2461.29,25942.3,0.86
M0123846,N,44,1,13846.02,0,0,0,5247.2,8309.53,1.42
M0123847,N,48,1,11019.62,2,1,0,4508.44,11647.02,1.9
M0123848,N,62,1,18901.55,0,0,0,5190.8,10691.59,1.51
M0123849,N,41,0,3475.05,0,0,0,733.68,4993.85,0.1
M0123850,N,62,1,3336.08,0,0,1,1215.75,1853.59,0.0
M0123851,N,80,0,27947.31,0,1,0,4505.46,21176.44,1.12
M0123852,N,70,2,12263.08,0,0,1,7903.59,13712.09,1.45
M0123853,N,36,1,47649.27,0,2,1,25129.01,20089.96,2.49
M0123854,N,21,0,13958.2,0,0,0,2358.49,9056.04,0.88
M0123855,N,42,2,26205.91,0,2,2,4654.24,32640.16,1.05
M0123856,N,40,1,10791.53,1,0,1,5755.32,5244.58,1.19
M0123857,N,43,2,32976.33,0,0,0,5448.05,46547.09,2.02
M0123858,N,33,1,6030.73,0,1,0,1181.97,5884.55,0.98
M0123859,N,64,0,7404.46,0,2,0,1263.41,5973.22,0.26
M0123860,N,58,0,9474.32,0,1,0,4255.03,7372.12,0.68
M0123861,N,59,1,17837.26,0,0,0,5882.13,9292.25,0.23
M0123862,N,33,0,8928.22,0,1,0,1122.29,11084.27,1.54
M0123863,N,74,0,2712.84,0,0,0,1230.67,2455.59,2.93
M0123864,N,18,1,15733.34,0,0,0,2728.61,14552.22,0.83
M0123865,N,38,1,18986.71,1,0,0,2666.94,12548.71,0.73
M0123866,N,65,3,42402.81,1,2,1,4985.04,30501.09,2.77
M0123867,Y,51,7,222808.53,4,5,6,78454.48,155544.78,8.01
M0123868,N,73,1,7252.09,0,1,0,4416.5,6156.69,0.33
M0123869,N,32,2,8197.81,0,0,0,4651.4,4386.02,0.56
M0123870,N,23,0,11342.26,0,0,0,1249.68,16079.42,1.17
M0123871,N,39,1,5390.73,0,0,0,1374.18,5002.36,1.06
M0123872,N,75,1,9769.25,0,1,0,3028.96,5038.72,1.85
M0123873,N,33,2,24565.21,1,0,0,10773.17,17324.14,2.43
M0123874,N,42,1,6572.81,0,0,1,1406.22,4538.29,1.08
M0123875,N,60,0,13929.21,1,1,0,2423.06,9646.29,1.34
M0123876,N,46,1,20140.02,0,0,0,1995.21,22056.99,1.72
M0123877,N,40,1,9122.57,0,0,0,7031.41,4644.95,0.85
M0123878,N,19,0,6419.1,0,0,0,2422.84,3128.34,0.0
M0123879,N,57,1,25237.3,1,0,1,5077.82,14718.14,3.07
M0123880,N,34,2,2117.31,0,0,0,1092.13,1766.96,0.09
M0123881,N,32,0,3465.95,0,0,0,1212.46,3735.77,0.07
M0123882,N,49,0,19201.34,1,1,0,8580.66,24931.36,0.6
M0123883,N,47,1,2431.08,1,1,0,1676.62,1507.56,1.14
M0123884,N,54,3,13223.09,0,0,0,3532.29,15087.57,0.27
M0123885,N,19,2,9693.05,0,1,0,1530.0,7193.48,0.85
M0123886,N,28,1,18497.46,0,1,0,5334.05,9398.35,1.18
M0123887,N,69,1,20186.4,0,0,0,2078.6,25492.17,0.56
M0123888,N,53,0,17495.72,0,0,0,3035.34,17451.11,1.99
M0123889,N,52,0,4750.01,0,0,0,663.03,4597.84,1.3
M0123890,N,67,0,26841.41,0,0,0,3423.3,20081.3,1.77
M0123891,N,27,0,9015.61,0,0,1,3054.49,6610.92,1.46
M0123892,Y,44,7,727446.4,5,1,5,399845.78,230379.77,6.63
M0123893,N,70,2,8390.94,1,0,1,3325.18,8306.45,0.0
M0123894,N,60,1,25877.5,0,2,0,4369.14,16834.87,2.63
M0123895,N,69,1,30755.68,1,0,2,3668.16,20520.53,0.38
M0123896,N,78,1,13353.81,1,0,0,5933.03,9880.52,0.78
M0123897,N,28,0,4610.78,0,2,0,2148.4,3238.5,0.54
M0123898,Y,58,6,207375.57,5,3,1,84929.34,128691.96,3.55
M0123899,Y,66,6,503640.92,8,5,6,208586.18,239732.62,7.61
M0123900,N,74,1,8385.65,0,0,0,6602.37,3114.57,2.08
M0123901,N,76,1,5193.51,0,1,0,2396.75,2960.03,0.5
M0123902,N,25,2,20647.14,0,1,2,8752.75,20399.98,1.07
M0123903,N,38,2,41311.99,0,0,0,30567.62,18577.82,1.33
M0123904,N,69,1,9572.23,0,2,0,1746.48,13281.97,2.39
M0123905,Y,73,6,115030.71,3,1,2,29071.14,73580.08,2.3
M0123906,N,49,3,3839.25,0,0,0,1083.71,2722.96,0.33
M0123907,N,32,1,16567.73,0,2,0,9959.73,3289.35,1.47
M0123908,N,29,0,17972.87,0,0,0,3988.42,11015.49,1.11
M0123909,N,80,0,6053.14,1,0,0,391.82,4406.92,0.64
M0123910,N,69,0,4464.3,0,0,0,1105.94,2470.57,0.89
M0123911,Y,47,5,136882.4,2,1,3,28633.86,123559.25,3.34
M0123912,N,38,0,30156.31,1,2,0,4130.63,22401.55,3.32
M0123913,N,21,1,20690.74,0,0,0,3430.83,16639.76,2.37
M0123914,N,48,0,4862.28,0,0,0,1435.99,6749.16,0.76
M0123915,Y,59,4,276986.54,2,4,6,118652.98,172041.94,5.28
M0123916,N,53,0,5678.11,0,0,0,3732.8,6369.43,1.37
M0123917,N,55,0,4619.88,0,0,0,2266.86,2871.15,0.33
M0123918,N,50,2,12008.35,0,0,1,3446.94,12625.23,1.26
M0123919,N,73,1,3661.34,0,0,0,974.18,3129.36,0.53
M0123920,N,22,1,11767.92,0,2,0,1979.33,8027.68,1.05
M0123921,N,50,1,7526.47,0,1,0,1723.88,6919.05,1.0
M0123922,N,39,0,16755.01,0,0,0,3841.61,10951.32,1.71
M0123923,N,40,0,11199.36,0,2,0,4141.07,12132.18,1.59
M0123924,N,47,0,9640.91,0,0,1,2448.55,5831.52,1.65
M0123925,N,28,1,7893.62,0,0,0,4060.33,6650.39,0.3
M0123926,N,73,2,16880.07,0,2,1,1671.92,17618.73,0.69
M0123927,Y,76,6,269558.51,3,2,1,40352.22,230141.11,3.11
M0123928,N,47,2,5960.95,0,1,0,1299.39,3417.15,0.65
M0123929,N,79,2,11767.99,0,1,0,2463.79,17768.27,1.16
M0123930,N,41,0,30212.53,0,0,1,15218.99,17489.35,0.24
M0123931,N,80,0,7787.84,0,1,1,1650.55,8089.62,1.4
M0123932,N,25,1,12317.76,0,0,0,2303.74,13903.26,1.33
M0123933,N,76,0,11247.72,0,1,0,2608.32,10976.37,1.31
M0123934,N,66,2,5152.96,0,1,1,2131.27,4184.42,0.91
M0123935,N,21,0,14010.43,0,0,1,1988.24,11029.18,0.59
M0123936,N,20,0,15552.18,1,1,0,6175.73,17311.27,1.12
M0123937,N,18,1,5687.07,0,0,0,3232.31,3684.31,0.3
M0123938,N,30,0,16666.01,0,1,1,3165.82,12275.37,1.73
M0123939,N,80,0,4012.87,1,1,0,2536.51,2628.74,0.28
M0123940,N,59,1,12030.1,0,2,0,1533.41,11229.93,1.71
M0123941,N,22,2,5051.26,0,0,1,1414.75,2558.54,1.52
M0123942,N,56,2,18447.71,0,2,1,5090.52,12060.61,1.61
M0123943,N,36,0,27343.0,0,0,0,1431.34,20276.23,0.71
M0123944,N,21,1,4588.25,0,0,0,4789.43,2918.09,1.01
M0123945,N,63,0,17075.05,1,3,0,3547.54,13996.16,2.66
M0123946,N,49,0,6041.64,0,0,0,3113.4,4796.29,0.0
M0123947,N,31,1,12415.16,0,0,1,971.37,12172.82,2.29
M0123948,N,43,0,8475.72,1,0,0,2243.59,4429.22,2.45
M0123949,N,76,2,11906.97,0,1,0,4182.59,16644.26,1.97
M0123950,N,27,0,14356.78,0,0,0,11718.76,5462.01,0.05
M0123951,N,23,2,16437.27,0,2,0,8393.04,12785.79,2.54
M0123952,N,47,0,23909.6,0,1,0,1724.49,20319.81,1.09
M0123953,N,22,0,11599.97,1,0,0,6279.35,3121.57,2.39
M0123954,N,53,2,33393.46,0,0,0,22316.8,36569.08,1.11
M0123955,N,58,3,14607.04,1,3,0,9428.81,12837.97,1.79
M0123956,N,64,0,9652.05,0,1,0,5049.1,2580.96,0.49
M0123957,N,41,1,18606.3,0,1,1,10147.03,14179.35,0.29
M0123958,N,28,0,8521.64,0,1,0,3866.26,8981.54,1.61
M0123959,N,53,3,8733.56,0,0,1,3029.08,9826.36,0.93
M0123960,N,41,0,6143.58,0,2,0,1394.6,6062.01,1.76
M0123961,N,45,2,75193.26,1,1,0,6681.38,54575.71,2.18
M0123962,N,74,1,18860.17,0,2,1,11539.57,9563.83,1.17
M0123963,N,31,1,9487.7,0,0,0,1194.47,7490.77,1.77
M0123964,N,47,2,8051.89,0,0,0,2069.62,4371.16,0.33
M0123965,N,66,1,15408.77,1,0,1,2339.76,13764.69,0.09
M0123966,N,79,1,26694.15,1,0,0,9552.18,11361.2,0.39
M0123967,N,55,2,21465.15,0,1,0,2258.26,15004.75,1.45
M0123968,N,34,2,4262.15,0,1,0,600.83,5606.82,0.0
M0123969,N,39,2,8053.2,0,1,0,3083.36,5658.99,1.24
M0123970,N,66,1,5111.32,0,0,0,2735.39,5091.9,0.0
M0123971,N,33,0,2544.57,0,0,0,556.73,1901.39,1.01
M0123972,N,79,1,10492.94,0,2,0,2189.8,10005.64,1.6
M0123973,N,63,2,14117.23,1,2,2,2363.49,12571.58,2.11
M0123974,N,45,0,5993.68,0,0,0,3859.9,4350.55,0.0
M0123975,N,56,1,4150.84,0,0,0,4010.59,1824.33,0.01
M0123976,N,44,1,12857.93,0,0,0,3271.15,15382.28,1.55
M0123977,N,60,1,25911.78,1,0,0,1472.3,19294.18,0.42
M0123978,N,53,1,34746.24,0,1,1,23476.63,12425.64,1.18
M0123979,N,74,0,16142.7,0,1,0,7787.2,6248.92,1.4
M0123980,N,32,1,13305.18,0,1,1,6501.69,9224.92,0.0
M0123981,N,42,1,34844.89,0,1,0,9356.55,17904.6,0.76
M0123982,N,25,0,15300.82,0,1,0,1312.99,13924.23,0.06
M0123983,N,66,3,27236.52,0,0,0,9645.47,15297.33,0.81
M0123984,N,57,0,12881.81,0,2,0,4734.02,10992.66,0.55
M0123985,N,69,0,17271.4,0,1,0,2469.36,18892.26,1.27
M0123986,Y,62,4,157829.32,5,4,4,71713.46,82630.98,5.42
M0123987,N,31,1,11495.84,0,0,0,2891.19,10008.88,1.06
M0123988,N,21,0,6474.79,0,1,0,3610.61,6426.96,0.69
M0123989,N,73,1,31136.93,0,2,0,7357.43,19079.16,1.95
M0123990,N,37,0,9234.59,0,0,0,1203.3,8897.12,0.0
M0123991,N,22,2,12662.74,0,1,1,2828.34,12601.34,0.25
M0123992,N,49,1,22687.71,0,0,0,14460.05,7875.87,1.11
M0123993,N,28,0,4016.45,0,0,0,976.52,5510.82,0.52
M0123994,N,23,1,3932.12,0,0,0,2087.85,3974.1,0.0
M0123995,N,53,1,9605.14,1,2,0,3378.26,5687.57,1.58
M0123996,N,62,0,13743.97,0,0,0,2770.16,13613.71,1.65
M0123997,N,65,1,21561.09,0,2,0,4570.24,12684.57,1.11
M0123998,N,35,0,5357.85,1,0,0,1179.57,4604.08,1.53
M0123999,N,58,1,5648.39,0,0,0,2429.77,2374.22,0.0
M0124000,N,49,2,13321.07,0,0,1,1953.44,8646.07,0.9
M0124001,Y,48,4,323189.52,3,5,3,136167.55,191961.57,6.11
M0124002,N,30,2,11080.04,0,2,1,7360.08,8183.24,0.07
M0124003,N,68,0,6824.41,0,0,0,4852.97,4607.99,1.63
M0124004,N,75,2,11181.79,0,1,0,5554.39,4277.24,2.48
M0124005,N,49,1,22131.16,0,0,1,2009.61,17051.55,0.76
M0124006,N,69,1,12538.72,0,1,1,3582.48,9049.63,0.93
M0124007,N,46,1,3831.83,0,1,0,814.31,2202.87,0.53
M0124008,Y,69,7,167317.26,3,5,4,92808.64,88651.34,4.97
M0124009,N,28,2,3995.52,0,0,0,1358.77,2973.01,0.46
M0124010,N,63,0,16129.68,0,0,0,1633.95,13691.46,0.55
M0124011,N,37,1,5333.61,1,2,0,1983.57,5130.62,1.23
M0124012,N,37,2,4949.09,0,0,0,3643.97,3700.84,0.31
M0124013,N,33,0,6532.67,0,1,0,3717.72,7130.17,0.46
M0124014,N,80,2,10703.87,2,0,0,3801.09,7299.19,0.69
M0124015,N,78,1,9933.06,0,0,0,1982.53,6858.36,0.37
M0124016,N,48,1,29443.89,0,0,1,2561.22,20872.21,2.07
M0124017,N,78,1,2885.52,0,0,0,509.22,3534.68,0.51
M0124018,N,71,1,10140.95,0,1,1,1747.28,6549.76,1.05
M0124019,N,19,0,11336.77,0,0,0,1393.84,8273.92,0.44
M0124020,N,56,1,25206.48,1,2,0,2166.07,19014.94,1.3
M0124021,N,55,0,2760.54,0,0,0,669.15,4167.07,0.0
M0124022,N,66,0,3334.15,1,1,0,2691.51,3131.32,2.79
M0124023,N,75,1,28020.14,1,0,0,5141.12,17028.29,0.82
M0124024,N,22,0,6712.12,1,1,0,2695.33,3896.0,0.06
M0124025,N,21,2,7153.27,0,1,2,2833.83,5489.31,0.92
M0124026,N,71,1,5341.01,0,0,0,2718.79,6108.09,0.97
M0124027,N,41,1,5541.51,0,0,0,2350.79,3037.2,0.37
M0124028,N,18,3,62786.71,0,0,0,2246.57,47236.14,0.73
M0124029,N,68,1,4847.54,0,0,0,874.73,5546.14,0.97
M0124030,N,44,0,5689.16,0,1,0,6216.17,3102.65,1.16
M0124031,N,80,1,16520.6,0,0,1,2624.25,15260.77,0.58
M0124032,Y,67,7,238441.04,3,1,5,59463.06,189569.52,5.06
M0124033,N,55,0,15045.79,1,1,0,5305.49,10330.86,0.0
M0124034,N,69,1,26031.39,0,1,0,5233.86,17410.61,1.02
M0124035,N,57,0,9270.72,0,0,0,1572.08,7262.1,0.67
M0124036,N,50,1,15342.44,0,1,1,8660.47,4961.6,0.64
M0124037,N,43,0,69252.26,0,0,2,23236.84,35083.52,1.25
M0124038,N,66,0,21059.19,1,2,1,3183.01,21282.99,1.54
M0124039,N,47,2,6894.03,0,1,0,1798.74,5952.53,1.55
M0124040,N,49,2,12020.34,1,0,0,3463.54,7068.36,1.57
M0124041,N,31,0,22390.13,0,2,0,1733.9,22907.59,0.88
M0124042,N,54,1,9114.86,0,0,0,6043.64,5028.49,1.95
M0124043,N,61,2,6298.07,0,1,0,1812.28,6997.59,0.13
M0124044,N,26,0,14021.81,0,1,0,5895.6,7014.89,0.0
M0124045,N,52,1,30089.22,0,0,0,7016.51,28316.3,2.24
M0124046,N,31,0,26556.8,1,0,0,12544.08,13385.87,0.17
M0124047,N,68,1,17174.42,0,0,0,2293.35,13635.13,1.27
M0124048,N,76,0,4141.82,0,1,0,1648.59,4219.42,0.28
M0124049,N,60,1,19940.41,0,1,0,7872.31,23963.57,2.37
M0124050,N,70,2,7398.9,0,0,0,4017.1,8966.7,0.56
M0124051,N,62,0,11952.27,0,1,0,1312.56,19669.24,1.7
M0124052,Y,86,2,195106.79,3,5,5,66784.47,169904.66,3.62
M0124053,N,54,1,13028.18,1,1,0,4320.49,14824.14,2.63
M0124054,N,28,0,31044.14,1,1,2,5940.14,21484.87,2.25
M0124055,N,61,2,6590.76,1,0,0,2397.47,3941.14,0.98
M0124056,N,68,3,11392.41,0,0,0,1940.79,7053.7,2.6
M0124057,N,58,1,18337.6,2,1,0,3346.06,16794.83,1.82
M0124058,N,63,2,5740.22,1,0,0,791.88,5310.26,2.03
M0124059,N,43,0,5816.03,0,1,1,2149.16,2607.2,1.08
M0124060,N,34,1,3448.0,1,0,0,1032.41,1894.77,1.1
M0124061,N,54,0,3252.43,0,0,0,1234.0,2323.15,0.2
M0124062,N,57,1,11304.52,0,0,1,3031.37,6175.65,0.06
M0124063,N,74,1,11744.57,0,0,2,1839.71,16987.32,1.0
M0124064,N,40,0,4023.25,0,1,0,1509.61,2638.12,2.02
M0124065,N,43,1,7543.17,0,0,0,2592.84,4845.12,0.64
M0124066,N,54,0,6690.85,1,1,0,4235.59,6754.01,0.88
M0124067,N,60,0,10330.32,0,1,0,3426.83,13585.07,1.94
M0124068,N,61,2,18438.23,0,1,0,6268.73,9390.9,1.53
M0124069,N,36,0,6972.97,0,0,0,2170.61,6472.24,1.13
M0124070,N,54,1,35694.53,0,0,0,2728.84,31572.2,1.22
M0124071,N,30,0,13762.21,0,2,1,6818.58,7270.99,2.2
M0124072,N,59,0,12694.6,0,1,0,3995.23,15499.87,2.19
M0124073,N,26,0,3400.79,1,0,0,1181.72,3367.42,0.0
M0124074,N,55,0,29068.23,0,0,1,12616.89,19679.85,0.74
M0124075,N,66,0,12001.37,0,0,0,816.72,10066.97,0.3
M0124076,N,46,0,7382.77,0,2,0,2623.18,4325.54,0.46
M0124077,N,80,0,10253.04,1,1,0,6189.84,4164.71,1.69
M0124078,N,33,0,5259.91,0,0,0,3563.92,5564.41,1.38
M0124079,N,61,1,26400.5,0,0,0,7816.73,13044.55,0.08
M0124080,N,47,1,8978.09,1,1,1,3283.83,4751.96,0.18
M0124081,N,24,0,4709.77,0,1,0,1610.86,4928.88,0.95
M0124082,N,66,0,2481.95,0,0,0,553.48,2770.34,0.0
M0124083,N,63,1,15573.68,0,0,0,3541.65,10786.63,0.95
M0124084,N,26,0,5886.15,0,1,0,2090.42,5551.3,1.09
M0124085,N,31,0,24933.62,0,0,1,2049.46,21122.98,0.65
M0124086,N,43,0,10242.74,1,0,0,3340.54,8651.47,1.27
M0124087,N,66,2,33727.26,0,2,1,5001.1,24818.91,2.89
M0124088,N,53,1,15514.14,0,0,0,6088.86,6262.07,1.69
M0124089,N,23,1,7220.14,0,0,0,2396.63,7809.8,1.42
M0124090,N,64,0,25376.17,0,1,1,4109.52,19152.84,1.58
M0124091,N,31,0,7694.75,0,0,0,632.82,7666.51,1.04
M0124092,N,68,2,20710.1,0,1,0,3427.11,12985.85,1.5
M0124093,N,47,0,11164.22,1,1,0,2682.78,8796.88,1.82
M0124094,N,48,0,88177.43,0,0,0,2643.54,83448.5,1.79
M0124095,N,71,2,9042.8,0,0,1,1675.93,6479.13,0.43
M0124096,N,69,1,3231.12,0,0,0,1452.84,1417.8,0.25
M0124097,N,55,0,8800.22,0,0,1,2699.82,9579.12,0.17
M0124098,N,20,1,8834.24,0,1,1,1686.45,6703.46,1.3
M0124099,N,43,0,9357.16,1,1,0,8170.61,3500.58,2.13
M0124100,N,68,0,14714.47,0,0,0,4068.94,10250.02,0.49
M0124101,N,59,2,8284.97,0,0,0,4825.54,5259.62,1.47
M0124102,N,30,3,11228.23,0,0,0,2131.26,7194.28,1.72
M0124103,N,33,0,13308.07,0,0,0,11858.97,10294.56,1.41
M0124104,N,40,1,18030.51,0,0,0,3279.36,10885.32,2.07
M0124105,N,71,1,17225.8,0,2,0,3707.71,14911.89,1.74
M0124106,N,59,0,8981.79,0,0,1,1063.54,7218.51,1.06
M0124107,N,72,0,8287.57,0,0,0,3204.2,3865.65,1.04
M0124108,N,41,0,4791.83,0,0,1,2172.79,4707.97,0.68
M0124109,N,64,3,11297.61,0,2,0,5226.37,11133.78,0.54
M0124110,N,35,0,6136.71,0,1,0,1226.72,3742.58,1.03
M0124111,N,21,3,23049.57,0,1,0,8548.82,12639.09,0.86
M0124112,N,31,1,26267.2,1,1,0,5647.05,26036.17,2.15
M0124113,N,26,2,47268.22,1,0,0,6040.87,39499.21,0.61
M0124114,N,80,1,24029.48,1,1,0,4582.83,17118.98,2.27
M0124115,N,48,3,28670.42,1,0,0,1983.43,20442.92,1.26
M0124116,N,42,1,13628.63,0,0,0,3647.28,8860.38,0.81
M0124117,N,52,0,9267.15,1,2,1,4853.82,7270.3,2.92
M0124118,N,61,0,3859.28,0,1,0,3087.88,2607.71,0.22
M0124119,N,51,0,10089.95,0,0,0,808.86,7548.2,0.0
M0124120,N,45,0,5439.24,0,3,1,2974.04,3860.05,0.0
M0124121,N,39,2,10629.07,0,1,1,3169.2,6581.78,0.68
M0124122,N,18,1,9605.14,0,0,0,2822.42,7861.17,0.0
M0124123,N,69,0,4488.36,0,0,0,641.88,6076.59,0.0
M0124124,N,44,1,8889.85,1,0,0,2311.89,4654.15,1.46
M0124125,N,18,2,19097.44,0,1,0,5428.89,13557.36,1.99
M0124126,N,79,1,16516.5,1,1,0,15417.75,6327.88,2.03
M0124127,N,75,2,7205.34,0,0,0,1738.74,8200.36,0.64
M0124128,N,63,0,4515.12,0,1,0,2152.44,3354.17,0.82
M0124129,N,55,0,16270.61,0,0,0,1119.14,15777.3,1.12
M0124130,N,68,1,31987.67,0,2,0,24263.68,8850.85,2.03
M0124131,N,19,1,37680.5,0,1,0,3582.51,44306.23,1.81
M0124132,N,67,2,13840.11,1,1,0,5456.14,6402.81,0.13
M0124133,N,65,0,8849.45,0,1,2,8109.78,3513.05,0.74
M0124134,N,18,1,2476.13,1,0,0,1541.23,1504.78,0.98
M0124135,N,51,0,15687.66,0,1,0,5441.48,13587.09,2.12
M0124136,N,75,0,18700.37,0,3,1,2904.78,18733.04,0.0
M0124137,N,26,0,18170.09,1,1,0,3528.69,16743.89,1.7
M0124138,N,33,0,5793.91,0,1,1,3742.78,2002.71,0.24
M0124139,N,51,0,11424.35,0,0,1,5869.13,12759.71,1.05
M0124140,N,23,1,23306.61,0,2,0,4979.91,21288.96,1.14
M0124141,N,33,0,6766.86,0,0,0,1315.31,4005.82,0.83
M0124142,N,64,1,19552.33,0,1,0,11294.47,9221.14,0.89
M0124143,N,49,1,5920.46,0,0,1,1298.85,4337.85,0.05
M0124144,N,80,1,3249.71,0,0,0,1166.74,3182.19,1.02
M0124145,N,79,0,10300.93,0,0,1,2220.22,7988.74,1.85
M0124146,N,44,2,7932.84,1,1,0,2333.53,5861.66,0.91
M0124147,N,55,0,7393.82,0,0,0,2736.2,6404.86,0.36
M0124148,N,28,3,5825.76,0,1,0,1204.3,4422.43,2.32
M0124149,N,24,2,16214.37,0,0,0,5652.75,8209.14,2.67
M0124150,N,31,0,10706.53,0,1,1,3426.94,5092.39,0.1
M0124151,N,69,0,6909.27,0,2,0,2880.95,5289.65,2.03
M0124152,N,51,1,5210.15,0,2,0,928.29,4802.14,0.5
M0124153,N,50,3,26524.92,0,1,0,5226.36,28393.16,3.19
M0124154,N,57,3,13036.38,1,1,1,5700.17,7102.63,1.9
M0124155,N,54,3,15411.2,0,0,0,12741.59,14502.16,0.69
M0124156,N,36,0,6958.17,0,1,1,2888.35,4466.54,1.08
M0124157,N,52,2,9368.48,1,1,0,5620.46,7270.94,1.31
M0124158,N,57,0,5120.63,0,0,0,1487.35,4621.68,0.35
M0124159,Y,41,5,184263.37,4,6,4,29072.7,150319.66,7.6
M0124160,N,22,0,9408.84,0,1,1,3409.77,6484.2,1.96
M0124161,N,61,4,20376.16,0,0,1,3248.67,13038.02,1.34
M0124162,N,21,0,6093.58,0,0,0,3625.96,4544.53,0.9
M0124163,N,67,1,7594.59,1,0,3,394.13,5940.23,0.0
M0124164,N,51,2,15490.84,1,1,0,7191.23,5299.37,3.45
M0124165,N,36,3,6826.34,1,3,0,2636.13,7408.79,0.93
M0124166,N,75,2,15856.26,0,0,1,4531.27,17098.26,2.81
M0124167,N,41,1,4327.19,0,1,1,2541.67,3648.67,1.14
M0124168,N,44,0,24874.07,1,3,0,5248.42,29557.52,1.29
M0124169,N,23,1,6128.59,0,0,0,1962.56,8784.82,0.5
M0124170,N,80,2,8508.09,0,0,1,4268.66,2913.3,1.38
M0124171,N,55,1,13515.89,0,2,1,840.15,12133.87,0.13
M0124172,N,35,1,8583.69,0,1,0,3120.25,3732.43,0.61
M0124173,N,28,0,20967.64,0,1,0,6021.99,10872.62,0.77
M0124174,N,62,2,16940.95,1,1,1,5154.36,16550.41,1.67
M0124175,N,47,1,5566.37,0,1,0,935.48,6255.56,0.0
M0124176,N,71,0,9385.05,1,1,0,3425.99,6533.4,1.39
M0124177,N,53,0,12872.73,0,1,0,2741.45,12080.0,0.83
M0124178,N,41,0,40738.71,0,0,0,14225.12,22792.34,1.35
M0124179,N,49,0,37333.26,0,2,1,5162.03,28342.52,1.21
M0124180,N,39,1,8382.93,0,2,0,5705.81,9456.53,2.13
M0124181,N,54,0,9130.3,0,0,0,393.24,7517.86,0.34
M0124182,N,56,2,14964.58,0,0,2,13266.29,7967.0,1.1
M0124183,N,51,1,36833.43,0,1,0,3547.55,26741.75,0.69
M0124184,N,37,1,20502.9,0,0,0,625.09,22608.02,0.6
M0124185,N,45,1,5451.43,0,0,0,2691.5,2409.93,0.51
M0124186,N,79,2,11042.01,0,0,0,3146.61,8930.13,1.67
M0124187,N,30,3,10351.29,0,0,0,1343.01,7180.63,1.24
M0124188,N,18,1,24368.49,0,2,0,4733.51,24827.11,2.87
M0124189,N,61,0,19992.62,0,2,0,5421.0,29475.03,0.26
M0124190,N,72,3,10558.36,0,0,0,2790.91,16245.88,0.0
M0124191,N,67,1,4470.59,0,0,0,3562.24,2853.34,1.21
M0124192,N,26,0,7804.91,0,0,0,809.12,5727.41,0.0
M0124193,N,57,2,20135.72,0,2,0,16303.94,13066.69,2.5
M0124194,N,36,1,3245.29,0,1,0,779.25,4504.8,0.0
M0124195,N,67,2,32891.38,0,1,0,24632.92,13252.05,1.69
M0124196,N,49,1,6928.27,0,1,0,1484.62,9026.78,0.88
M0124197,N,65,1,3355.02,1,1,0,1744.83,3171.24,0.15
M0124198,N,45,2,6712.01,0,1,1,2652.75,6394.11,1.03
M0124199,N,29,1,8730.63,0,1,0,3486.1,5649.99,1.7
M0124200,N,37,0,4382.07,0,1,0,3185.74,3658.81,0.0
M0124201,N,21,0,4833.2,0,0,0,3825.55,3368.12,0.0
M0124202,N,33,1,6901.47,1,0,0,1228.65,6379.77,0.36
M0124203,N,78,2,2415.66,1,1,1,821.77,3049.73,0.41
M0124204,N,61,0,19266.47,0,3,0,11507.35,14030.16,0.72
M0124205,N,71,0,2685.04,0,1,0,758.63,1982.7,0.41
M0124206,N,20,4,9803.85,1,0,2,2709.96,7787.1,0.59
M0124207,N,56,0,14919.14,0,0,1,3400.96,11315.25,1.56
M0124208,N,34,1,19247.47,0,4,1,9858.23,12685.07,0.97
M0124209,N,18,0,1213.51,0,0,1,978.21,1174.68,1.16
M0124210,N,25,3,13349.6,0,1,1,7503.39,9553.28,1.55
M0124211,N,53,2,30343.63,0,3,1,7088.28,18511.58,1.89
M0124212,N,62,0,12020.36,1,1,0,6643.88,6654.85,0.98
M0124213,N,54,0,6260.25,0,0,1,3987.93,4719.55,0.71
M0124214,N,34,0,5875.84,0,0,0,327.85,4975.94,0.08
M0124215,N,78,2,16561.63,1,2,0,6823.0,7615.19,0.47
M0124216,N,53,0,11834.1,0,0,0,2113.65,11419.8,0.42
M0124217,N,45,3,3062.39,0,0,0,845.63,3209.19,0.56
M0124218,N,65,1,9359.6,0,1,2,3573.5,7213.79,1.43
M0124219,N,25,3,29142.79,0,2,1,6433.68,17706.71,3.1
M0124220,N,34,2,8637.51,1,0,0,6713.68,5052.74,2.17
M0124221,N,75,0,20187.83,0,0,0,5618.33,12227.51,2.03
M0124222,N,39,0,926.13,0,2,0,446.62,751.54,0.82
M0124223,N,64,1,34262.82,0,0,0,17776.91,19187.28,0.96
M0124224,N,29,1,11642.11,0,0,0,1091.96,9123.92,1.56
M0124225,N,47,0,6728.6,0,0,3,8294.83,3704.66,1.77
M0124226,N,68,1,10946.7,0,0,1,2563.07,6282.71,0.53
M0124227,N,32,1,16797.02,0,1,0,6897.28,6762.37,1.59
M0124228,N,25,0,2533.35,0,0,0,1146.38,2245.26,0.64
M0124229,N,20,0,14606.15,0,3,0,2085.44,10648.15,0.33
M0124230,N,66,0,24247.46,0,0,2,9564.75,10927.35,1.48
M0124231,N,38,1,29926.02,0,1,0,8368.79,16602.23,2.86
M0124232,N,27,0,9805.95,0,0,0,1605.01,6943.05,0.37
M0124233,N,75,1,30604.13,1,2,1,7941.02,18914.8,0.62
M0124234,N,77,0,38396.26,0,1,0,7911.28,32309.43,0.28
M0124235,N,63,1,15386.62,0,1,0,5190.51,7702.53,3.22
M0124236,N,42,0,4657.53,0,0,1,2492.09,5223.9,0.6
M0124237,N,44,0,14346.4,0,1,0,6353.75,11828.85,0.82
M0124238,N,65,1,2220.15,0,1,0,1005.28,2534.51,2.11
M0124239,Y,55,7,435897.65,6,4,5,149985.02,363777.73,5.32
M0124240,Y,74,4,215239.78,4,1,3,110805.77,119457.28,5.5
M0124241,N,79,1,11407.08,0,0,0,3832.4,6394.88,1.46
M0124242,N,24,0,2137.0,1,0,0,311.24,2829.36,0.0
M0124243,Y,41,7,240216.95,3,4,8,114780.65,223992.19,5.07
M0124244,N,19,2,7641.31,0,0,0,333.76,6631.73,1.94
M0124245,N,39,0,10615.94,0,0,0,1491.05,16732.17,0.95
M0124246,N,62,1,9350.65,1,1,2,6194.14,6395.67,1.22
M0124247,N,37,0,6635.74,1,0,0,5249.29,3727.89,0.85
M0124248,N,24,0,5710.0,0,0,0,382.27,9071.29,0.0
M0124249,N,24,0,13259.36,0,1,0,2218.86,10057.86,0.03
M0124250,N,49,2,10488.33,1,0,0,1284.86,10214.19,2.28
M0124251,N,65,1,5250.2,0,1,0,3394.4,4614.62,0.69
M0124252,N,33,0,16118.64,0,1,0,1683.37,15976.97,0.0
M0124253,N,62,0,8306.13,0,1,0,4407.59,9267.97,1.79
M0124254,N,77,1,10732.13,0,1,0,3316.64,8018.35,0.94
