member_id,synthetic_high_cost_member_flag,member_age,chronic_condition_count,prior_year_paid_claims,inpatient_admissions,er_visits,specialty_rx_count,rx_paid_claims,medical_paid_claims,comorbidity_score
M00001,N,29,1,9487.23,0,0,0,2963.38,7327.77,0.61
M00002,N,44,2,29939.19,2,0,0,1900.53,29632.33,2.19
M00003,Y,64,5,217906.76,6,7,3,125307.89,83618.92,3.85
M00004,N,74,0,9329.54,0,1,0,3681.05,5370.18,0.5
M00005,N,69,2,9838.77,1,2,0,4797.68,4586.31,1.43
M00006,N,18,2,23629.72,0,1,0,6612.99,16898.18,0.15
M00007,N,59,1,6350.6,0,0,0,1646.71,4002.22,1.36
M00008,N,74,1,11494.13,0,0,1,3642.58,14705.54,1.16
M00009,Y,42,5,140583.33,5,2,3,55281.09,113020.63,4.2
M00010,N,55,0,4768.05,0,1,0,1142.3,5949.34,1.0
M00011,N,41,0,10715.22,0,0,0,5409.81,8628.01,0.49
M00012,N,49,2,12415.56,0,0,0,8024.49,6803.67,1.36
M00013,Y,55,5,193133.36,4,1,1,64401.07,202431.36,4.5
M00014,N,64,2,20497.46,0,0,0,9909.08,10511.92,2.86
M00015,N,45,1,7279.0,0,0,0,2525.24,4793.62,0.0
M00016,N,30,0,19955.11,0,0,0,3613.99,14439.87,1.57
M00017,N,65,0,8256.48,0,1,0,1140.71,7843.26,1.17
M00018,N,41,0,10444.02,0,2,0,2670.14,6455.33,1.99
M00019,N,36,1,18950.7,1,1,0,10900.11,4937.96,1.07
M00020,N,25,1,5318.64,0,0,0,514.0,5280.76,0.1
M00021,N,24,1,23653.84,1,0,0,8131.99,13089.26,1.57
M00022,N,30,0,5279.28,0,1,0,927.73,3476.98,1.09
M00023,N,40,2,11667.84,0,0,0,901.27,11498.89,1.49
M00024,N,33,0,10455.74,0,1,1,2211.22,8168.42,0.83
M00025,N,50,1,4246.31,2,0,0,1006.17,4957.23,0.0
M00026,N,28,2,9840.15,1,0,2,5529.29,4390.65,1.19
M00027,N,29,1,6140.91,0,1,0,3784.28,4438.86,0.64
M00028,N,75,2,9597.71,1,1,1,6266.98,9873.24,1.54
M00029,N,71,1,8496.92,0,1,1,2508.73,5242.92,0.71
M00030,N,62,1,9526.23,0,0,0,2318.84,6565.98,1.12
M00031,N,32,2,7258.02,1,1,0,2225.87,5866.89,0.19
M00032,N,36,1,9098.74,0,0,0,1176.0,13392.18,1.34
M00033,N,36,1,10493.4,0,0,0,5927.33,9685.71,0.05
M00034,N,43,1,11510.9,0,2,1,2102.38,10353.45,2.9
M00035,N,46,1,24927.59,0,2,0,7660.09,15096.74,0.51
M00036,N,37,0,10273.47,0,0,0,3830.33,9836.06,2.11
M00037,N,21,0,4957.81,0,0,0,452.61,4589.66,0.04
M00038,N,39,0,8458.84,0,1,0,2163.53,5614.56,1.4
M00039,N,58,0,5578.98,0,0,0,1055.58,4719.11,0.0
M00040,N,44,1,6868.47,0,0,0,1154.49,7973.0,0.5
M00041,N,21,1,12165.38,0,1,0,2409.21,8497.55,0.61
M00042,N,70,0,7081.11,0,1,0,1382.36,5344.36,0.0
M00043,N,51,1,5333.53,1,2,0,1612.34,7116.25,0.33
M00044,N,26,1,13934.24,0,0,0,1131.39,13196.5,2.75
M00045,N,27,3,9621.54,0,2,0,6000.51,7874.39,0.68
M00046,N,74,1,10111.77,0,1,1,5476.46,2731.26,1.04
M00047,N,70,1,4474.78,0,0,0,1778.4,3761.36,0.0
M00048,N,53,0,10761.96,0,2,0,965.08,8986.56,0.0
M00049,N,68,1,29754.61,1,1,1,4074.38,25031.71,2.75
M00050,N,68,0,8313.94,0,0,0,2091.19,5781.84,0.72
M00051,N,43,3,17081.41,0,1,1,4807.61,10014.06,1.82
M00052,N,61,2,11879.1,0,1,0,4531.97,9325.93,0.0
M00053,N,62,0,25853.24,0,2,0,2646.28,22692.77,1.25
M00054,N,68,1,9020.32,0,0,0,1668.26,5757.51,2.89
M00055,N,36,0,6591.92,0,0,1,2881.27,5174.11,0.0
M00056,N,51,0,5685.0,1,0,0,688.46,3974.64,0.0
M00057,N,28,1,8693.54,0,1,0,3460.8,4834.35,1.26
M00058,N,72,1,4222.32,0,2,0,2030.01,4760.72,0.59
M00059,N,33,1,5911.25,0,2,0,3544.94,6836.72,1.66
M00060,N,36,4,37201.26,0,0,0,5048.61,32964.74,1.26
M00061,N,18,0,17157.8,0,0,0,5105.9,15301.35,1.67
M00062,N,34,0,22199.09,0,0,0,3229.19,19480.75,0.01
M00063,N,43,2,6449.21,0,1,0,4451.51,2124.63,0.41
M00064,N,46,0,6725.59,0,1,0,3382.15,4009.32,1.33
M00065,N,65,0,7210.19,0,0,0,1850.19,4184.11,0.23
M00066,N,18,1,3697.14,0,0,0,657.89,2380.79,0.0
M00067,N,67,0,5625.6,0,1,0,1392.72,6146.97,0.3
M00068,N,24,1,16632.29,0,0,0,2822.61,12935.07,0.89
M00069,N,45,2,15706.95,0,0,0,1624.45,11993.55,1.62
M00070,N,46,0,10560.06,0,0,0,5050.13,11854.6,0.85
M00071,N,65,1,3361.22,1,0,0,614.13,3611.07,1.93
M00072,N,78,1,4073.87,0,2,0,904.55,4606.68,0.58
M00073,N,58,1,10302.57,0,0,1,5400.38,4974.46,0.02
M00074,N,18,0,8221.16,0,0,0,4714.87,3742.58,1.18
M00075,N,75,2,32232.82,1,2,0,4717.75,21180.82,0.62
M00076,N,27,3,10011.97,0,0,0,2852.15,8078.92,0.69
M00077,N,65,0,22872.68,0,1,1,2476.26,16511.34,1.88
M00078,N,64,2,4760.88,0,1,0,3329.13,4955.62,0.68
M00079,Y,71,6,184499.65,1,3,4,40932.64,149916.41,2.81
M00080,N,51,2,17050.09,1,0,1,2741.52,24152.4,1.0
M00081,N,36,2,13939.56,1,2,0,4076.97,13256.72,2.09
M00082,N,25,0,3528.73,1,3,1,1401.17,2357.92,1.46
M00083,N,36,0,9368.72,0,0,0,4300.9,12661.13,2.45
M00084,N,39,2,11445.57,1,0,0,2707.7,6804.77,1.06
M00085,N,52,1,14374.14,1,0,0,1827.17,12426.88,0.64
M00086,N,68,2,8287.97,0,0,1,1576.15,6482.62,0.39
M00087,N,61,1,5303.88,0,0,0,1443.97,5901.87,2.28
M00088,N,65,2,6951.89,0,0,0,1156.34,4629.42,0.99
M00089,N,76,0,18245.2,1,3,0,4096.93,11065.73,0.67
M00090,N,60,0,4784.36,0,0,0,4138.22,3300.11,0.78
M00091,N,56,1,41529.75,0,1,0,904.17,32930.48,1.75
M00092,N,77,2,10187.13,0,0,0,1235.47,7572.03,2.3
M00093,N,66,2,17060.63,0,2,0,2206.52,14616.72,1.51
M00094,N,52,1,26643.13,1,2,1,5839.89,15910.17,1.12
M00095,N,40,2,27160.19,1,0,0,7762.36,14244.36,2.7
M00096,N,33,1,22455.0,0,1,0,4208.28,15046.65,3.29
M00097,N,75,1,7421.71,0,2,0,3292.65,4792.01,0.81
M00098,N,73,3,14149.11,0,1,1,5334.85,8911.25,0.0
M00099,N,53,2,48868.3,0,2,0,6733.9,45814.43,1.91
M00100,N,68,0,7862.27,0,0,0,2826.42,3879.33,1.31
M00101,N,68,2,9901.18,0,2,0,1047.71,12823.06,1.44
M00102,N,61,0,18985.73,0,0,0,8018.4,8177.16,1.8
M00103,N,28,0,20323.2,0,2,0,1986.94,15497.43,0.28
M00104,N,48,3,10858.83,0,1,1,2348.02,16197.49,2.4
M00105,N,43,0,10058.94,0,0,0,714.02,7441.82,1.89
M00106,N,35,1,19934.73,1,0,2,17357.26,12269.98,2.1
M00107,N,63,1,2868.98,0,0,0,2866.49,1382.49,0.41
M00108,N,33,1,5716.16,0,0,0,2087.35,5019.34,0.21
M00109,N,71,0,6629.82,1,0,0,2065.55,4514.67,1.25
M00110,N,69,2,4772.86,1,0,1,1115.5,6327.55,0.46
M00111,N,46,1,6863.06,0,0,0,1386.34,5441.07,0.16
M00112,N,45,1,13994.01,0,0,0,4822.3,9562.85,3.5
M00113,N,37,2,53030.18,0,2,1,16997.74,33215.75,1.44
M00114,N,43,2,8856.39,0,2,1,5921.48,9875.46,2.87
M00115,N,18,2,6217.82,0,2,0,2144.5,6442.6,0.84
M00116,N,59,3,29220.32,0,1,1,13342.7,11520.6,2.5
M00117,N,21,0,11599.57,1,1,0,3378.12,8878.06,0.81
M00118,N,40,0,9671.67,0,0,0,2179.47,10237.56,1.61
M00119,N,75,0,5276.62,0,0,0,2440.32,4144.73,1.38
M00120,N,23,2,14957.35,0,0,1,6924.81,9975.46,0.74
M00121,N,62,1,12409.32,0,2,1,7202.19,6427.47,0.49
M00122,N,41,2,55048.18,1,0,2,8247.59,48969.9,2.1
M00123,N,31,2,21784.84,0,0,0,15985.05,5651.13,0.14
M00124,N,47,0,3889.47,0,1,0,1691.6,5133.91,0.0
M00125,N,55,2,16723.3,0,1,0,2498.07,11581.81,1.36
M00126,N,57,0,12369.22,1,0,0,2472.16,10876.92,0.64
M00127,N,62,2,12709.53,1,0,0,5766.19,8564.33,1.01
M00128,N,24,1,11282.85,0,0,0,2085.74,11406.0,1.93
M00129,N,34,2,19769.02,0,2,0,1830.01,15714.84,1.15
M00130,N,35,1,10246.09,0,0,1,1721.01,8728.77,1.47
M00131,N,42,0,16751.84,0,1,0,1135.32,15876.62,1.2
M00132,N,64,0,11061.63,0,0,0,835.19,11514.01,0.74
M00133,Y,64,6,233088.4,2,5,5,98241.38,186975.54,2.46
M00134,Y,75,6,178048.87,5,1,3,162711.14,83273.68,3.27
M00135,N,30,0,2555.08,0,2,0,1765.83,2169.82,2.36
M00136,N,22,0,6472.37,0,1,0,973.23,4628.86,0.28
M00137,N,55,1,24277.99,0,1,1,2483.86,24342.28,0.7
M00138,N,62,0,10505.28,0,1,0,3731.44,13994.68,1.52
M00139,N,49,1,7058.81,0,0,0,2078.08,8765.44,0.83
M00140,N,41,2,12560.51,0,2,0,2312.54,9883.92,1.69
M00141,N,74,0,10103.19,0,0,0,5489.74,9119.88,1.1
M00142,N,37,0,14296.5,1,2,0,9716.72,5192.73,2.55
M00143,N,71,0,4228.36,0,0,0,3216.17,2727.86,1.68
M00144,N,28,2,27793.85,0,0,0,2813.25,20399.64,1.77
M00145,N,40,1,7947.35,0,0,1,1626.54,8200.42,0.91
M00146,N,23,0,15682.91,0,0,1,6333.08,8310.26,0.84
M00147,N,51,0,10217.09,0,1,0,1407.47,8429.11,1.26
M00148,N,28,1,25911.68,0,0,0,1908.4,20389.88,2.19
M00149,N,30,1,8618.12,1,1,0,2031.41,7939.66,1.03
M00150,N,57,1,4951.57,0,0,0,564.89,3832.22,1.41
M00151,N,75,2,7323.54,0,0,0,3147.14,3728.73,1.03
M00152,N,77,0,5103.77,0,1,0,1505.66,4092.71,1.13
M00153,N,23,1,8777.2,0,0,0,2821.6,6256.73,0.65
M00154,Y,68,8,319704.14,5,3,4,139284.17,155079.92,4.42
M00155,N,55,0,11371.79,0,0,0,1879.3,8719.96,2.2
M00156,N,76,0,6730.79,0,0,0,989.07,5215.05,0.0
M00157,N,56,1,23269.15,0,2,0,6810.67,15950.65,1.33
M00158,N,57,1,13766.18,0,1,0,6040.68,6716.98,0.0
M00159,Y,73,6,425923.92,5,4,1,161724.13,219623.06,4.85
M00160,N,74,3,24298.66,0,0,0,1801.33,21321.17,0.0
M00161,Y,59,4,258648.58,3,2,3,63000.69,194269.35,5.78
M00162,N,40,0,12986.9,0,0,0,1043.78,9830.53,0.0
M00163,N,49,0,3966.71,0,0,0,1469.91,2609.56,1.63
M00164,N,68,2,6490.09,0,0,0,1693.12,7389.06,0.7
M00165,Y,38,7,273863.65,3,3,4,125092.69,239030.67,4.93
M00166,N,46,1,20181.22,1,0,0,5588.89,16696.78,0.0
M00167,N,50,0,10180.89,0,0,1,1474.57,10115.72,0.84
M00168,N,49,0,8155.93,0,0,1,431.54,7279.49,0.0
M00169,N,65,0,8605.12,0,0,1,5628.87,1784.22,2.04
M00170,N,43,3,21606.7,1,2,1,6854.19,23860.37,1.46
M00171,N,33,2,16013.85,0,0,0,6805.73,8459.98,1.44
M00172,N,34,0,24710.98,0,2,0,2064.34,21727.52,1.13
M00173,N,45,0,10902.59,0,1,0,3605.96,9235.65,1.49
M00174,N,18,0,6265.04,1,0,0,4424.69,3971.75,1.1
M00175,N,74,2,19553.66,0,3,0,2942.27,30413.97,1.8
M00176,N,48,2,7949.96,1,1,0,1173.53,11779.44,1.2
M00177,N,35,0,12949.43,1,2,0,5449.09,14060.6,3.71
M00178,N,35,2,52321.29,0,0,0,17198.21,25489.1,2.81
M00179,N,42,0,14108.19,0,0,0,4371.03,11336.33,0.86
M00180,N,61,1,13561.65,1,2,0,1061.58,10764.58,0.0
M00181,N,25,0,38958.32,0,1,0,4401.54,29454.58,0.81
M00182,N,49,2,16345.07,0,1,0,2914.23,10597.52,0.19
M00183,N,42,0,10896.23,1,0,0,2889.23,11952.08,1.02
M00184,N,39,1,30422.54,1,1,0,16290.69,13703.91,1.61
M00185,N,45,0,8984.92,1,1,0,928.62,14475.41,0.0
M00186,N,52,1,19048.35,0,0,0,3987.15,15211.28,2.33
M00187,N,23,2,19769.83,0,1,2,1604.82,24497.2,1.95
M00188,N,67,1,15258.38,0,2,1,2301.3,11104.87,1.74
M00189,N,40,0,9181.84,1,1,0,3825.34,12065.39,0.24
M00190,N,38,2,10255.37,1,0,0,5363.52,3925.75,0.64
M00191,N,69,3,11867.49,0,2,0,4193.95,11929.09,2.82
M00192,N,53,1,11925.07,0,0,0,4701.03,13305.02,2.83
M00193,N,47,1,8877.23,0,0,0,925.1,6780.32,2.23
M00194,N,22,0,12416.31,1,3,0,2759.14,7480.04,1.32
M00195,N,77,1,37431.04,1,0,0,5883.84,30142.02,2.6
M00196,N,32,0,14835.23,1,2,0,3535.07,8420.99,0.3
M00197,N,21,1,12064.51,0,0,1,9772.18,11315.91,0.69
M00198,N,46,0,3650.77,0,0,1,2457.46,4154.86,0.42
M00199,N,77,1,10954.34,0,0,1,873.74,16398.31,1.52
M00200,N,40,2,20792.25,0,0,1,3509.73,13770.18,1.61
M00201,N,78,2,12510.22,1,1,0,1734.4,10321.37,1.35
M00202,N,41,0,7672.63,1,1,0,2001.86,9851.96,0.67
M00203,N,45,1,4702.21,0,1,0,2314.39,5530.57,0.63
M00204,N,63,1,9805.31,0,0,0,4494.7,4368.84,0.59
M00205,N,73,2,13721.48,0,1,0,1795.01,10930.39,0.0
M00206,N,41,1,24483.58,0,2,1,16999.87,6429.78,2.15
M00207,N,50,0,13647.35,0,1,1,2199.41,13061.91,0.69
M00208,N,19,0,7553.51,0,1,0,5517.71,7930.32,0.27
M00209,N,65,3,16521.19,0,1,1,11968.7,14412.25,1.38
M00210,N,39,2,7941.48,0,0,0,783.53,7370.92,0.82
M00211,N,70,1,47184.01,0,2,0,5453.79,42251.41,2.81
M00212,N,72,1,16180.82,1,1,0,3238.66,12794.89,0.54
M00213,N,49,1,6777.75,0,2,0,2710.4,6364.04,1.79
M00214,N,40,2,39308.37,0,1,0,22882.69,33342.91,0.62
M00215,N,52,1,8593.64,0,0,0,3659.99,5758.01,1.53
M00216,N,59,3,8798.59,0,0,0,3681.38,4714.79,0.84
M00217,N,24,1,3250.84,1,0,0,658.73,2922.05,1.48
M00218,N,62,0,14328.23,1,0,0,2689.86,11049.53,2.95
M00219,N,45,1,8159.45,0,0,1,2413.35,6429.8,1.03
M00220,N,27,1,16298.39,0,2,1,3245.4,10031.97,2.38
M00221,N,22,1,26603.25,0,0,0,2260.35,36791.82,2.41
M00222,N,62,2,14990.01,0,0,0,1735.72,21571.97,0.68
M00223,Y,59,4,134000.34,4,3,3,58928.71,123125.18,6.7
M00224,N,52,2,7013.74,0,1,0,4077.12,5343.83,1.06
M00225,N,59,0,8529.89,0,0,0,3069.55,4873.21,0.38
M00226,N,30,2,5640.45,0,0,0,2300.63,3932.82,0.52
M00227,N,25,2,10603.16,0,2,1,1741.8,7833.84,1.86
M00228,N,53,0,2303.04,0,0,0,704.71,3196.91,1.36
M00229,N,65,1,7007.13,0,2,0,2451.39,3581.11,0.0
M00230,N,38,0,2048.03,0,0,1,724.03,1003.42,0.49
M00231,N,75,1,12664.55,0,1,0,5667.12,7980.46,0.64
M00232,N,62,1,7262.5,0,1,0,592.73,6125.25,0.68
M00233,N,23,2,18108.01,1,0,0,2835.39,13652.06,1.13
M00234,N,45,0,8666.08,1,0,0,1313.15,6078.04,1.54
M00235,N,37,1,12844.32,0,0,1,4858.36,11369.13,0.61
M00236,N,63,1,8594.68,0,0,0,1125.78,7189.75,2.57
M00237,N,45,2,8979.83,0,0,0,1941.23,8785.39,0.39
M00238,N,33,0,5078.64,0,1,0,1280.26,4295.37,1.14
M00239,N,45,1,4031.2,0,1,0,1557.51,2266.54,0.22
M00240,N,52,3,15093.68,0,0,0,1908.77,17353.41,1.16
M00241,N,52,1,7650.72,0,2,0,2808.6,5313.94,0.0
M00242,N,77,1,6926.53,0,2,0,4264.57,6095.94,1.21
M00243,N,49,1,8956.91,2,0,0,3398.83,8539.07,1.94
M00244,N,30,2,7574.25,0,1,0,5068.11,5531.21,1.19
M00245,N,68,1,8945.72,2,0,0,1449.74,9473.52,0.0
M00246,N,24,2,35359.21,1,0,1,3921.67,32124.17,0.84
M00247,N,75,4,26553.59,1,1,0,1826.42,27872.96,0.42
M00248,N,25,3,20700.35,0,1,0,9051.0,11231.75,0.96
M00249,N,51,0,11799.7,0,1,0,2383.64,8353.42,1.79
M00250,N,31,0,8362.04,0,1,0,3011.99,9707.8,0.25
M00251,N,76,0,14239.09,0,1,1,3146.82,9190.19,1.0
M00252,N,52,0,18822.21,0,1,0,3825.05,13637.17,0.14
M00253,Y,53,6,227730.51,2,3,4,73405.16,162935.4,5.46
M00254,N,66,1,20765.5,1,3,1,2457.72,17175.57,2.15
M00255,N,75,1,10720.05,0,1,0,2354.89,11025.02,1.22
M00256,N,65,1,16926.65,2,1,1,1369.28,12582.29,0.56
M00257,N,56,1,15841.03,0,0,0,5135.53,14888.16,1.23
M00258,N,71,0,6627.69,0,0,0,787.78,4777.56,2.2
M00259,N,32,1,16161.01,0,0,0,15616.93,13549.92,1.92
M00260,N,49,4,12358.02,1,0,0,3295.51,8994.14,0.52
M00261,N,29,1,11408.9,0,1,0,4837.0,5381.33,2.36
M00262,N,28,1,10193.13,0,1,0,3105.34,8595.55,0.0
M00263,N,38,2,6147.24,0,1,0,856.54,5052.12,1.68
M00264,N,52,0,19941.47,1,0,1,19881.89,14712.25,1.75
M00265,N,48,1,5775.62,0,1,0,3326.79,4700.81,2.23
M00266,N,37,1,13336.44,0,2,0,3158.63,7991.03,0.73
M00267,N,53,0,5308.49,0,1,0,370.51,5592.22,0.52
M00268,N,55,1,9511.7,1,0,0,2035.61,13220.48,1.98
M00269,N,66,2,7298.41,0,0,1,4266.08,7207.11,1.62
M00270,N,77,0,21446.2,0,3,0,1519.01,29334.6,2.77
M00271,N,58,1,12404.37,3,0,0,6430.83,9032.7,1.81
M00272,N,58,1,11970.93,0,0,1,4770.56,5598.25,0.77
M00273,N,45,0,7157.6,0,0,0,2035.87,6669.5,0.11
M00274,N,76,1,11166.76,0,0,0,5157.04,5107.1,0.32
M00275,N,41,2,10135.5,0,2,0,6553.83,10241.08,1.42
M00276,N,60,2,10790.44,0,1,0,4559.45,7633.79,0.91
M00277,N,56,0,24518.22,0,1,0,3073.17,31157.49,1.15
M00278,N,62,1,12523.48,1,0,0,3206.68,10229.77,0.14
M00279,N,70,1,7189.89,0,1,0,3643.3,6701.16,1.42
M00280,N,37,2,9444.53,0,2,0,2662.55,7420.32,0.0
M00281,N,73,1,5174.05,0,0,0,669.05,4457.23,1.99
M00282,Y,65,5,255157.11,4,2,2,128836.74,165966.11,5.66
M00283,N,43,1,3847.8,0,0,0,2011.86,2183.2,1.26
M00284,N,38,2,19462.81,0,1,0,8225.7,16763.98,1.21
M00285,N,73,0,5583.9,0,0,0,1493.29,5411.36,0.38
M00286,N,75,3,15942.47,0,0,1,9915.48,15130.63,1.56
M00287,N,57,1,17206.57,0,0,0,2045.54,17449.67,0.41
M00288,N,50,0,18412.36,0,3,0,4034.99,26439.35,1.02
M00289,N,74,0,10441.47,0,0,0,8677.8,9808.88,2.01
M00290,N,46,2,10149.28,0,0,0,1477.77,7385.34,1.0
M00291,N,57,1,11682.5,1,0,1,3435.78,13267.61,2.46
M00292,N,34,0,7585.63,0,1,0,1617.62,5552.86,0.75
M00293,N,47,4,9799.84,0,1,2,5112.43,11211.14,1.87
M00294,N,20,2,7579.23,0,0,0,3865.08,3823.77,0.48
M00295,N,55,0,7567.6,0,1,0,4446.54,8871.07,1.18
M00296,N,28,0,9650.85,0,0,0,1133.37,8741.24,1.87
M00297,N,19,0,5065.29,0,0,0,722.31,4214.76,0.52
M00298,N,38,2,6114.01,1,2,0,2533.77,6122.18,0.79
M00299,N,35,1,1764.77,0,0,0,932.95,1427.14,0.0
M00300,N,38,1,7969.28,0,1,0,3831.68,10089.63,2.26
M00301,N,19,1,7061.85,0,0,1,1389.04,7818.99,1.25
M00302,N,74,0,5215.55,0,0,0,637.39,5744.02,0.41
M00303,N,62,1,32372.83,1,0,0,4327.67,24204.55,1.05
M00304,N,41,0,9668.56,1,0,1,5230.72,12249.67,1.21
M00305,N,64,0,3210.41,1,0,0,431.0,4346.94,0.89
M00306,N,70,1,12753.47,0,0,1,5736.85,7163.29,0.96
M00307,N,27,2,10325.91,0,0,0,3467.62,11969.17,0.57
M00308,N,42,2,16121.88,0,1,0,787.13,14649.38,0.02
M00309,N,34,2,31691.47,0,2,0,4418.49,22036.84,0.51
M00310,N,47,0,16410.79,1,1,0,1965.89,11704.87,0.0
M00311,N,38,0,5982.19,0,0,0,1490.38,5760.29,0.76
M00312,N,23,1,29271.28,0,0,2,5579.69,17965.59,1.57
M00313,N,48,2,14951.94,0,0,0,3072.81,16884.45,0.86
M00314,N,21,1,23495.35,0,1,0,2823.94,16371.87,0.91
M00315,N,42,1,14886.3,0,1,1,4846.45,16431.58,1.52
M00316,N,23,3,14850.13,0,0,0,10687.53,9805.42,0.0
M00317,N,40,0,14087.56,1,0,0,1208.23,14269.7,0.94
M00318,N,64,1,14051.32,0,0,0,736.23,16560.96,0.82
M00319,N,31,1,4818.74,2,0,0,1216.71,6069.61,2.15
M00320,N,37,4,15036.98,1,1,1,11099.48,11502.38,1.62
M00321,N,32,2,6964.97,1,1,0,4688.12,6912.95,0.69
M00322,N,77,1,7127.37,0,1,1,1616.33,6396.77,1.3
M00323,Y,45,7,391069.18,5,2,4,109626.52,302048.36,7.44
M00324,N,75,3,6429.42,0,1,0,5646.51,5704.67,1.85
M00325,N,53,0,1888.62,0,0,0,1404.74,1904.9,1.2
M00326,N,25,1,11568.76,1,0,0,3606.85,7825.77,0.6
M00327,N,74,0,14411.22,0,0,0,2234.09,10924.28,0.12
M00328,N,54,1,4924.12,0,0,0,827.84,5546.03,0.34
M00329,N,50,0,19056.05,0,2,0,4735.02,15094.74,0.66
M00330,N,39,0,4804.97,0,1,0,1004.04,3185.95,0.07
M00331,N,27,1,23827.56,0,1,1,2768.62,18025.28,1.43
M00332,N,41,0,3470.25,0,0,0,1576.77,4670.44,0.66
M00333,N,73,3,28202.35,1,1,0,14110.94,11082.51,0.99
M00334,N,18,1,13384.86,0,0,0,2213.24,10593.26,2.14
M00335,N,72,1,5023.73,0,1,1,2153.81,2710.18,0.81
M00336,N,53,1,5463.33,0,0,0,974.3,8161.73,1.1
M00337,N,52,0,14712.24,0,1,0,681.45,12542.21,0.0
M00338,N,53,0,7449.35,0,0,2,4799.41,5779.63,0.0
M00339,N,73,1,7900.26,0,0,0,1610.8,7479.61,0.97
M00340,N,34,0,9772.94,0,0,0,856.56,11345.77,1.41
M00341,Y,54,5,106319.42,3,2,5,41085.66,65460.01,2.86
M00342,N,22,2,97596.55,1,2,0,9695.25,85583.89,1.73
M00343,N,72,0,2912.97,0,0,1,1634.9,3169.05,0.06
M00344,N,42,0,12546.04,0,0,0,5862.78,8162.31,1.98
M00345,N,70,1,9225.04,0,1,0,6845.75,5658.38,1.78
M00346,N,25,1,19645.4,0,1,0,1504.55,17211.45,0.85
M00347,N,19,1,15330.38,0,2,1,6152.21,15860.2,0.77
M00348,N,73,2,6962.0,1,1,1,2324.91,8021.26,1.75
M00349,N,31,1,8549.54,0,1,0,2837.58,5058.0,0.72
M00350,N,21,2,26711.45,0,2,1,7617.04,14716.57,2.04
M00351,N,60,2,31838.46,0,2,1,6190.27,20137.71,0.88
M00352,N,56,2,8841.5,0,0,0,3334.54,6768.03,1.97
M00353,N,72,0,5467.94,1,1,0,726.91,3789.44,1.01
M00354,N,39,1,31356.2,0,1,0,8190.37,19221.92,1.73
M00355,N,68,2,7867.49,1,0,0,2415.14,11430.69,2.06
M00356,N,76,2,9887.14,2,1,0,2670.9,9391.83,3.0
M00357,N,29,2,16619.8,0,1,0,2607.36,16680.98,1.08
M00358,N,44,1,24958.81,0,0,0,4697.19,18456.25,2.1
M00359,N,21,0,4015.69,0,1,1,1090.66,2336.88,1.17
M00360,N,38,2,5619.67,0,0,0,1647.67,6294.74,0.99
M00361,Y,40,7,179337.64,2,5,5,117106.65,108906.76,5.21
M00362,N,24,0,16501.12,1,0,0,7338.93,13643.24,2.43
M00363,N,42,2,10058.47,0,1,0,1076.44,10352.86,2.71
M00364,N,35,2,30154.6,0,2,1,3180.39,24424.2,1.16
M00365,N,26,0,10051.52,0,0,1,2024.42,10343.66,2.29
M00366,N,36,0,6550.33,0,0,0,2514.69,3320.75,0.0
M00367,N,27,0,11489.66,0,0,0,4327.96,8431.36,1.02
M00368,N,29,2,13067.19,1,3,0,3608.23,8026.77,1.51
M00369,N,32,2,3250.84,0,0,0,978.73,3090.49,0.92
M00370,N,32,0,10902.64,1,1,1,3894.18,10405.97,1.73
M00371,N,18,1,13122.66,0,1,0,2360.25,18041.84,0.88
M00372,N,28,0,9483.51,0,1,0,2906.89,5251.53,0.0
M00373,N,38,0,5151.82,0,0,0,2189.23,6950.85,0.69
M00374,N,68,1,9977.49,0,0,1,4954.93,7049.96,0.91
M00375,N,61,2,33261.57,0,0,0,5346.17,30402.22,0.69
M00376,N,49,0,16365.61,0,1,0,5682.17,7498.17,0.79
M00377,N,19,0,7893.76,0,0,0,1852.25,7811.83,0.59
M00378,N,34,0,27098.14,1,1,0,6807.14,18273.17,1.01
M00379,N,34,1,6814.81,0,0,0,1479.81,5738.67,1.81
M00380,N,51,0,2717.1,0,2,0,1612.12,3033.59,0.0
M00381,N,50,1,12402.05,0,1,0,1324.98,9527.24,0.82
M00382,N,32,3,18236.86,0,1,1,7552.46,14850.14,1.05
M00383,N,64,1,15304.47,0,0,0,711.65,20315.52,1.85
M00384,N,18,2,20601.59,0,0,0,2126.65,17331.84,0.96
M00385,N,59,2,9901.4,0,0,1,4066.51,7791.69,0.78
M00386,N,67,2,12602.44,1,1,1,3181.43,12256.53,2.98
M00387,N,63,2,14411.82,0,1,0,3787.2,12656.42,1.1
M00388,N,70,2,15343.41,0,2,2,2019.66,13334.21,1.95
M00389,N,58,1,8384.15,1,1,0,4649.55,10196.52,1.28
M00390,N,46,2,9248.25,0,0,0,3404.27,8925.42,0.83
M00391,N,55,0,4890.05,0,1,0,2517.78,3654.92,2.13
M00392,N,20,0,3918.22,0,1,0,1325.91,2653.56,0.99
M00393,N,52,1,24196.69,0,0,1,1972.99,21708.82,1.66
M00394,N,40,1,11674.03,0,0,0,1568.26,8352.87,0.16
M00395,N,53,0,27046.92,0,1,1,3571.38,21737.79,1.83
M00396,N,77,0,9626.09,0,1,0,6116.91,10835.61,3.03
M00397,N,59,2,8726.82,0,0,1,3446.12,6018.13,2.11
M00398,N,37,5,33916.3,0,1,1,9583.03,21220.46,3.74
M00399,N,31,2,10687.91,0,2,1,6778.31,6932.02,0.96
M00400,N,55,1,7534.08,0,0,1,2901.01,4980.48,0.26
M00401,N,66,1,6855.02,0,1,0,1443.17,5383.15,0.74
M00402,N,31,4,15227.14,2,1,0,2931.35,15750.06,1.52
M00403,N,60,2,3330.59,0,0,0,922.11,4171.7,1.46
M00404,N,48,3,26238.02,1,2,0,1773.95,31398.05,1.3
M00405,N,70,0,71684.37,0,0,1,3173.5,58486.92,0.21
M00406,N,66,0,16697.72,0,0,1,2467.31,15143.34,0.0
M00407,N,32,0,18200.77,0,2,0,5900.19,12043.94,1.24
M00408,N,73,1,5831.12,0,0,0,634.29,6045.2,1.29
M00409,N,30,3,30102.61,1,1,0,3572.78,20792.67,0.98
M00410,N,77,0,6019.4,0,3,0,989.66,6302.56,1.64
M00411,N,55,0,8772.5,0,1,0,4585.22,3261.1,0.34
M00412,N,72,1,19973.17,1,0,0,11925.34,10389.72,2.13
M00413,N,30,0,8831.05,0,0,2,3545.25,8312.97,3.02
M00414,N,26,0,11113.11,0,0,1,5565.08,7019.2,1.93
M00415,N,42,2,8706.18,1,0,0,6227.3,7699.07,1.76
M00416,N,21,2,4815.56,0,0,0,1443.86,4633.0,0.0
M00417,Y,40,5,145318.08,4,1,5,26367.68,155997.61,4.32
M00418,N,73,1,7079.4,0,1,0,2306.69,6239.0,0.7
M00419,N,62,0,5162.33,0,0,0,912.42,5413.65,0.98
M00420,N,49,2,10930.15,0,0,1,2781.07,11678.13,0.94
M00421,N,49,0,6762.33,0,0,0,1911.62,6142.8,0.01
M00422,N,61,0,7682.79,0,0,0,3678.06,4565.38,0.0
M00423,N,18,0,9199.39,0,0,0,5127.91,2907.76,1.82
M00424,N,26,2,20390.34,0,0,1,7074.27,17596.98,2.4
M00425,N,59,0,28596.57,0,0,2,13345.68,12227.85,0.5
M00426,N,57,1,5540.07,0,2,0,1763.48,6137.88,1.31
M00427,N,78,3,20181.33,0,0,0,8502.72,10280.5,0.51
M00428,N,63,1,8160.55,0,1,0,2272.01,10669.6,1.49
M00429,N,25,0,10915.16,0,1,0,4542.56,4846.86,0.95
M00430,N,40,0,11909.43,0,0,0,2002.95,14104.09,0.98
M00431,N,31,1,9438.89,0,1,0,935.19,6731.4,1.57
M00432,N,67,1,21529.47,0,3,0,3069.47,24225.66,1.37
M00433,N,76,1,9133.27,0,0,0,2108.44,8159.98,0.1
M00434,N,61,1,5998.61,1,0,1,656.89,5044.42,0.17
M00435,N,18,1,16504.98,1,0,1,4410.69,17322.75,0.99
M00436,N,48,0,7154.9,0,0,0,3214.47,8645.56,1.9
M00437,N,70,2,15983.6,0,1,0,2103.3,12050.74,2.58
M00438,N,77,0,10328.2,0,1,1,3948.32,6604.68,1.05
M00439,N,30,0,3799.28,0,1,0,1615.56,3206.9,0.84
M00440,Y,69,5,200684.85,2,3,2,80311.26,97428.86,2.43
M00441,N,78,0,11376.38,0,1,0,2557.49,9272.56,2.37
M00442,N,71,1,15788.37,0,0,1,7765.2,5186.94,0.68
M00443,N,18,0,4679.64,0,0,0,747.72,4264.27,0.71
M00444,N,49,0,8627.27,0,0,0,6211.51,5585.17,0.24
M00445,N,66,2,23171.82,0,0,1,4762.51,14116.58,2.39
M00446,N,67,1,10972.97,0,2,2,4134.45,8983.6,2.56
M00447,N,63,0,5803.07,0,1,0,2064.09,4152.96,1.45
M00448,N,55,2,12326.61,1,2,0,2344.19,9343.61,1.06
M00449,N,18,2,7910.45,2,0,1,4397.4,9792.22,0.26
M00450,N,72,2,7596.01,0,0,0,1622.06,10824.49,0.4
M00451,N,62,2,24899.78,0,1,0,5161.05,31456.63,0.59
M00452,N,78,1,15221.44,1,0,1,9856.19,8426.79,1.92
M00453,N,64,1,24713.8,0,0,0,3103.67,18130.46,2.41
M00454,N,58,2,9093.3,0,0,1,3509.03,7531.93,0.96
M00455,N,56,0,2609.3,0,0,0,874.19,2736.32,0.77
M00456,N,56,2,6330.3,1,0,0,1782.09,5815.85,0.9
M00457,N,46,0,4636.05,0,1,1,4406.32,3915.88,1.32
M00458,N,56,1,8383.84,1,2,1,1665.56,9761.54,0.23
M00459,N,54,0,12517.46,0,2,0,2287.21,10743.23,1.75
M00460,N,40,1,20201.71,0,1,0,2650.29,20228.24,0.12
M00461,N,50,0,13090.09,1,0,0,6813.0,6521.66,0.59
M00462,N,78,0,16762.85,1,0,0,944.44,14847.28,1.61
M00463,N,25,0,8373.97,0,2,1,3930.95,5430.15,1.13
M00464,N,42,0,16453.11,0,0,0,4400.61,16362.18,1.75
M00465,N,73,3,5932.12,0,1,0,1212.26,4742.28,1.7
M00466,N,26,1,18194.91,0,0,0,2920.28,14677.51,1.22
M00467,N,69,2,16669.94,0,2,0,6146.52,19078.67,1.72
M00468,N,70,2,11032.42,0,1,0,1571.31,9041.71,1.48
M00469,N,37,0,16429.16,0,0,0,5611.54,11480.48,2.63
M00470,N,73,2,2533.89,0,0,0,561.73,2412.65,1.18
M00471,Y,67,5,191518.64,1,3,4,69221.64,111434.03,2.55
M00472,N,77,1,17734.23,0,1,1,4146.77,14189.06,0.62
M00473,N,57,1,11501.29,0,0,0,2657.54,9062.66,1.48
M00474,N,43,3,44365.82,0,1,1,5391.36,37013.8,1.15
M00475,N,65,1,44790.81,0,2,0,8540.36,28882.81,3.64
M00476,Y,83,7,249241.23,4,3,3,147883.19,189145.1,5.56
M00477,N,78,2,29417.01,0,0,0,5650.9,18873.39,3.14
M00478,N,33,2,7654.19,0,0,0,5024.51,6589.77,0.0
M00479,Y,82,4,607561.7,3,4,4,176319.87,377799.97,4.27
M00480,N,19,0,18263.57,1,2,0,6884.71,8003.21,1.52
M00481,N,56,1,41047.97,1,2,0,17953.38,18731.33,1.66
M00482,N,35,1,6677.88,0,2,1,1536.46,4139.8,0.0
M00483,N,56,1,11321.69,0,0,0,1196.26,12479.91,1.06
M00484,N,19,2,14365.47,0,0,0,3753.68,20145.37,1.8
M00485,N,59,2,6880.15,0,0,0,1384.14,5248.43,2.04
M00486,N,60,2,3248.68,0,0,0,700.24,4080.19,0.66
M00487,N,39,1,21447.59,0,0,0,4374.42,14862.81,0.42
M00488,N,47,1,5637.24,0,2,0,1759.25,7925.35,2.92
M00489,N,61,1,12957.33,0,1,0,3509.66,7842.32,0.61
M00490,N,67,2,37368.66,0,1,0,2093.32,32488.27,1.34
M00491,N,23,0,3886.7,0,0,0,3358.79,3149.98,0.23
M00492,N,21,1,20354.72,0,2,1,17447.45,14485.98,2.85
M00493,N,42,1,16232.66,0,2,0,13831.07,3688.62,0.62
M00494,N,26,0,26258.23,0,1,0,13218.82,18443.63,1.8
M00495,N,36,1,12825.83,1,0,0,3346.35,8722.05,1.14
M00496,N,67,2,16653.6,1,2,0,3796.06,10976.05,0.81
M00497,N,28,0,14283.1,0,0,0,1380.47,11430.26,0.17
M00498,N,33,0,9689.86,0,3,0,2780.75,12072.95,0.56
M00499,N,71,2,8184.19,0,0,0,4228.05,3770.58,0.35
M00500,N,51,0,6458.58,0,0,0,452.44,6733.36,1.58
M00501,N,41,0,4758.76,0,0,0,3838.66,3038.23,0.06
M00502,N,44,2,7461.56,0,1,0,4239.78,4212.31,0.02
M00503,N,60,1,7129.52,0,0,0,3121.22,2645.1,1.23
M00504,N,69,1,14573.68,0,0,0,4995.17,14615.33,0.95
M00505,N,20,0,2899.37,0,0,0,390.87,2754.82,0.3
M00506,N,20,1,4527.14,1,1,0,1380.47,4568.6,0.04
M00507,N,43,0,9683.23,0,1,1,1292.74,8674.97,1.68
M00508,N,31,0,1756.49,0,0,0,1252.85,1396.64,1.35
M00509,N,48,0,19626.25,0,2,0,995.23,15769.17,0.18
M00510,N,54,2,27137.04,0,1,1,9652.25,20735.08,2.69
M00511,N,61,1,5433.99,0,0,1,602.39,5514.46,1.05
M00512,N,38,0,3174.11,0,0,0,2494.77,1648.61,1.21
M00513,N,36,0,15817.94,0,1,0,7217.77,7236.54,2.81
M00514,N,65,0,13007.94,1,0,0,3848.13,8432.75,1.18
M00515,Y,70,5,196856.25,4,7,2,171217.67,88782.92,5.9
M00516,N,50,2,5303.74,0,0,0,1412.4,6718.39,0.0
M00517,N,22,0,10959.72,0,0,0,1194.88,16370.03,0.31
M00518,N,63,2,3930.39,1,1,0,1412.42,3633.22,1.2
M00519,N,25,2,34147.8,0,1,0,22437.97,5449.26,2.1
M00520,N,38,3,23908.89,0,0,0,3238.16,16032.32,1.82
M00521,N,39,2,19538.55,0,0,0,628.49,15386.86,0.44
M00522,N,55,1,4094.79,0,0,0,630.53,5597.89,0.0
M00523,N,58,1,10141.15,1,1,0,3348.39,8681.46,2.18
M00524,N,72,1,30818.16,0,0,0,3857.56,21629.14,0.14
M00525,Y,66,6,314065.92,1,4,3,86654.78,182202.84,3.96
M00526,N,30,0,10205.0,0,1,2,5772.24,9472.47,1.71
M00527,N,23,1,4531.95,0,0,1,1122.15,6726.03,1.06
M00528,N,53,0,8778.83,0,0,0,1280.45,7086.94,0.98
M00529,N,71,2,25403.69,1,1,2,2694.04,19994.56,2.45
M00530,N,62,0,19870.36,0,1,0,1436.85,15640.49,0.93
M00531,N,70,0,2822.68,0,0,0,776.83,2457.97,0.78
M00532,N,18,1,8992.73,0,0,1,2758.58,7179.06,1.72
M00533,N,47,2,5581.52,0,0,1,2183.14,6431.92,0.0
M00534,N,22,1,7023.49,0,0,1,2345.99,7997.07,1.34
M00535,N,55,2,11256.75,0,1,0,4399.23,11203.82,0.79
M00536,N,43,1,6244.73,0,0,1,2775.95,5255.68,0.41
M00537,N,33,2,7997.83,0,0,0,1615.21,6210.67,0.0
M00538,N,70,3,13897.37,1,1,1,6433.93,13034.05,1.52
M00539,Y,68,6,285883.98,3,6,2,150716.41,143072.2,4.21
M00540,N,72,0,7903.96,0,0,0,4341.51,4941.16,1.32
M00541,N,61,2,3072.14,0,1,0,561.67,3943.82,0.62
M00542,N,37,0,6441.91,0,0,0,845.56,4676.76,0.69
M00543,N,58,0,18693.16,0,0,0,6004.06,13361.49,2.23
M00544,N,34,1,8885.36,0,0,0,5639.98,7188.51,1.17
M00545,N,53,1,7035.64,0,0,0,5340.77,4750.29,0.51
M00546,N,59,2,12534.36,1,0,0,1135.98,13499.92,1.72
M00547,N,28,0,9538.11,0,1,0,2219.36,13590.29,1.25
M00548,N,18,1,5971.28,0,0,0,3307.02,2844.93,0.0
M00549,N,39,0,14809.13,0,1,0,6412.26,6967.84,0.79
M00550,N,67,1,25367.3,0,1,1,3155.96,18145.47,0.16
M00551,N,46,0,9630.08,0,0,0,2397.19,10127.92,2.12
M00552,N,34,2,19045.37,1,2,1,8579.23,10788.1,3.11
M00553,N,78,2,4166.01,0,0,0,2145.54,2263.38,1.27
M00554,N,44,1,6352.6,1,0,2,3664.88,3731.15,1.33
M00555,N,42,1,19597.65,0,0,0,2202.88,16566.85,1.43
M00556,N,73,1,14625.58,0,1,0,6322.49,14674.64,0.52
M00557,N,59,3,9614.69,0,1,0,2942.26,8971.15,2.41
M00558,N,57,0,25794.16,0,2,0,2781.79,26803.27,1.91
M00559,N,61,2,22765.76,0,2,1,19862.77,20311.13,1.73
M00560,N,78,0,14409.95,1,0,0,2882.47,9329.63,0.47
M00561,N,55,1,8092.11,0,0,0,1784.31,6712.12,0.01
M00562,N,31,0,32669.37,0,0,0,1161.17,26218.42,0.0
M00563,N,68,2,17372.32,0,0,0,7313.84,13366.69,1.02
M00564,N,57,1,3050.8,0,2,0,1105.37,3610.85,0.57
M00565,N,63,2,10893.69,1,0,1,4409.02,15304.63,1.44
M00566,N,76,2,35658.12,0,3,0,8671.7,26261.95,1.17
M00567,Y,62,2,206324.5,3,2,1,44547.96,155660.78,3.15
M00568,N,37,1,9200.35,0,2,0,470.9,7443.3,0.55
M00569,N,40,0,11290.45,2,0,0,5320.95,8543.34,1.0
M00570,N,48,1,12798.93,0,0,0,10423.77,4203.47,0.82
M00571,N,22,1,12714.37,0,1,0,4406.99,7520.35,1.25
M00572,N,37,2,26234.19,0,1,0,3573.12,26465.49,0.29
M00573,N,51,2,8804.59,0,3,1,6214.44,6372.9,0.2
M00574,Y,78,6,276639.75,2,1,3,137337.81,150280.0,4.73
M00575,N,59,1,32883.33,0,1,0,18396.83,17093.82,1.35
M00576,N,52,0,51871.81,0,1,0,6758.59,53073.89,0.79
M00577,N,57,3,19999.11,0,2,1,3049.56,14026.09,1.56
M00578,N,26,3,47745.41,0,2,0,8926.86,32623.69,1.53
M00579,N,26,1,14614.0,0,0,0,10084.6,11105.67,1.32
M00580,N,66,0,4021.8,0,0,0,1262.86,2568.27,0.89
M00581,N,46,2,17915.98,0,0,1,2998.35,14136.21,2.85
M00582,Y,55,8,258553.83,3,6,8,78434.99,169451.68,4.94
M00583,N,39,0,3305.95,0,1,0,313.91,5208.02,1.2
M00584,N,28,1,6956.99,2,3,1,4639.23,5429.43,2.66
M00585,N,23,2,7882.85,0,1,1,2496.04,11445.75,1.34
M00586,N,76,2,26897.42,0,2,0,2929.13,29917.44,0.75
M00587,N,36,1,14583.73,0,0,2,3553.16,11530.23,0.67
M00588,N,71,0,6765.71,0,1,1,982.13,7341.53,0.95
M00589,N,74,0,6327.64,0,0,0,3150.21,3881.17,0.56
M00590,N,37,0,7380.34,1,0,0,2385.71,6228.81,0.0
M00591,N,26,2,20034.71,0,0,0,8498.71,13218.16,1.93
M00592,N,32,0,18538.15,0,2,0,10134.2,14887.35,2.16
M00593,N,53,0,11016.53,0,0,0,2647.77,9718.5,0.99
M00594,N,66,1,20426.51,0,1,0,13209.16,7784.87,0.66
M00595,N,21,2,7371.99,0,1,0,1542.96,7448.84,0.26
M00596,N,30,2,14168.13,0,2,1,4460.41,11887.31,1.62
M00597,N,19,0,9888.62,0,1,0,3781.24,7229.03,0.9
M00598,N,70,1,14988.48,0,0,0,2330.71,24085.78,2.73
M00599,N,22,3,10721.95,0,0,0,7843.49,4707.61,1.21
M00600,N,44,1,5107.15,1,1,0,3225.76,5054.07,1.86
M00601,N,34,2,10777.3,0,0,1,2641.62,16735.95,1.04
M00602,N,61,1,12077.77,0,0,0,4668.21,5655.63,1.23
M00603,N,26,0,10630.57,0,0,0,5949.42,5129.61,0.57
M00604,N,51,1,5665.42,0,0,0,1770.64,5351.04,0.51
M00605,N,50,2,8812.62,1,1,0,11012.69,4388.65,1.66
M00606,N,58,0,10867.64,1,2,1,2604.56,9593.43,1.66
M00607,N,73,2,22181.4,1,1,0,2278.67,15995.03,2.01
M00608,N,62,1,11508.77,0,0,0,2604.61,9497.7,1.25
M00609,N,50,1,8973.46,0,0,0,2823.03,5014.35,1.39
M00610,N,26,1,30246.43,0,1,1,5371.37,19688.65,1.32
M00611,N,31,3,27620.13,1,1,0,2901.49,22270.37,1.46
M00612,N,58,0,11331.41,0,0,1,4987.71,6756.43,0.39
M00613,N,76,0,12311.9,0,1,0,4409.84,9268.81,0.0
M00614,N,42,0,12071.53,0,0,0,5363.43,4496.12,0.48
M00615,N,45,3,9927.43,0,0,0,2888.96,10446.51,1.33
M00616,N,72,0,7817.23,0,1,0,919.41,6107.92,0.97
M00617,N,32,3,22233.47,0,0,0,2925.73,15876.25,1.8
M00618,N,39,1,10785.75,0,1,0,5841.9,5897.31,0.6
M00619,N,41,2,29028.27,0,0,0,1654.93,23452.55,2.24
M00620,N,42,0,4620.36,0,0,0,2183.75,2907.95,1.15
M00621,N,34,1,10570.12,0,0,0,5908.26,6093.16,0.95
M00622,N,42,1,16726.13,0,1,0,11445.68,6443.01,2.81
M00623,N,19,2,10674.28,0,0,0,3185.33,5428.8,0.93
M00624,N,66,1,15010.41,1,1,0,2967.11,19941.99,1.99
M00625,N,75,0,15660.17,0,0,0,5096.54,13922.26,2.33
M00626,N,41,3,16809.65,0,2,0,3339.03,15716.97,2.52
M00627,N,26,1,30608.08,0,0,0,34532.58,7900.5,2.36
M00628,N,36,0,13816.76,0,1,0,2072.34,16412.74,0.93
M00629,N,47,1,9491.72,0,1,0,2789.38,5055.55,1.44
M00630,N,49,1,6276.53,0,0,0,1467.38,9708.72,1.97
M00631,N,49,1,9393.88,0,0,0,2658.35,9467.25,0.5
M00632,N,70,3,26367.72,1,1,0,8441.11,20014.81,1.72
M00633,N,25,1,11008.96,1,2,0,7511.74,3832.45,1.72
M00634,N,58,2,4424.54,0,1,1,3259.68,4649.44,2.68
M00635,N,42,2,3726.67,0,0,0,2174.33,3555.15,1.38
M00636,N,37,2,7457.11,0,0,0,828.7,5571.06,0.02
M00637,N,40,1,18512.5,0,1,0,2280.71,19365.4,1.69
M00638,N,34,0,2659.01,0,0,0,874.6,3675.54,0.49
M00639,N,45,0,7260.58,0,0,1,1506.61,5887.65,0.0
M00640,Y,56,5,287066.27,2,6,4,80111.51,203813.16,5.52
M00641,N,55,0,8005.35,0,2,0,2259.28,6338.4,1.02
M00642,N,65,0,2523.8,0,0,0,422.79,2335.33,1.33
M00643,N,38,1,10805.89,0,0,0,5632.79,10824.99,0.11
M00644,N,63,2,11317.3,0,0,0,3210.39,15097.22,2.63
M00645,N,52,2,19928.09,1,1,0,10222.42,20368.89,2.33
M00646,N,50,1,13199.26,0,0,0,1604.85,9831.02,1.64
M00647,N,65,1,18433.43,1,1,0,12197.99,14604.82,2.45
M00648,N,19,0,7523.64,0,1,0,2911.42,10224.38,1.23
M00649,N,54,0,9254.28,0,1,0,2160.17,10484.85,1.42
M00650,N,70,2,29975.37,0,1,0,4803.71,19760.33,2.0
M00651,N,58,1,10390.86,0,1,1,2843.54,15166.03,0.75
M00652,N,38,1,5888.55,0,0,0,1956.11,5953.11,0.09
M00653,N,29,2,14017.64,0,0,0,559.83,19252.81,1.25
M00654,N,35,0,6340.11,0,0,0,1149.79,4187.9,0.09
M00655,N,47,0,3103.76,0,1,0,848.09,2468.46,0.26
M00656,N,30,1,13911.3,0,0,1,8343.0,15514.21,2.16
M00657,N,38,1,23177.11,2,1,0,3179.86,20545.43,3.03
M00658,Y,76,4,268873.32,8,4,5,159543.46,207062.27,5.51
M00659,N,44,0,8075.48,0,1,0,2176.12,8279.36,0.93
M00660,N,65,2,33395.74,0,3,1,4610.1,37829.69,0.54
M00661,N,77,0,13273.62,0,0,0,3058.58,13444.7,0.67
M00662,N,62,3,21333.58,0,2,2,5576.3,13312.63,1.45
M00663,N,78,3,6472.47,0,1,0,3171.15,7872.59,1.18
M00664,N,30,0,10299.84,1,1,0,2904.23,8217.12,1.5
M00665,N,50,0,2725.06,0,0,0,785.61,3126.17,1.04
M00666,N,71,3,14919.87,0,0,1,2352.25,11798.1,2.11
M00667,N,70,0,13310.57,0,2,0,2634.95,9811.6,1.4
M00668,N,52,1,8389.54,0,0,0,2472.97,9150.54,1.54
M00669,N,60,0,18504.76,0,1,0,3266.44,27687.26,0.57
M00670,N,60,2,14646.15,0,0,0,4786.47,9479.37,0.77
M00671,N,68,0,5867.29,0,0,0,1143.9,7386.78,0.33
M00672,N,57,0,14911.39,0,0,0,2315.36,9683.68,0.89
M00673,N,69,1,6697.16,1,0,0,1754.26,8443.65,2.03
M00674,N,35,0,6378.57,0,0,0,2001.46,5087.61,0.0
M00675,N,44,2,5747.64,0,0,0,3168.83,6641.7,0.0
M00676,N,50,0,11343.85,0,0,0,6087.29,8182.16,0.95
M00677,N,63,2,18200.99,0,0,0,7061.47,16368.18,1.8
M00678,N,73,1,6788.88,1,0,0,3758.24,4363.82,0.51
M00679,N,56,1,18567.32,1,1,0,2293.01,18932.76,1.1
M00680,N,36,1,10458.61,0,0,0,1437.07,7149.45,1.11
M00681,N,28,2,32523.49,0,1,0,8481.56,17566.32,1.75
M00682,N,45,0,12036.74,0,1,0,946.01,9385.2,1.02
M00683,N,23,0,15285.0,0,0,0,6529.93,7147.69,2.7
M00684,N,77,0,13299.16,0,0,0,3011.12,7717.73,0.86
M00685,N,35,0,6903.03,0,0,0,3549.31,2320.4,0.63
M00686,N,74,0,11443.2,0,1,0,1883.78,12277.1,0.99
M00687,N,35,1,3682.99,0,0,0,923.19,2804.89,0.57
M00688,N,78,4,19166.29,0,2,0,8791.46,8774.46,0.0
M00689,N,42,1,18360.02,0,0,0,1223.03,31016.06,1.3
M00690,N,40,2,9571.91,0,0,0,1611.22,10920.66,1.14
M00691,N,52,0,6347.4,0,0,1,1868.99,8089.0,0.81
M00692,N,29,1,23547.94,0,1,0,6375.6,12814.14,0.77
M00693,N,69,1,4901.88,0,0,1,817.12,3817.48,0.35
M00694,N,53,0,15720.13,0,2,0,7345.38,9589.88,1.35
M00695,N,38,0,9116.39,0,2,1,2808.04,8511.96,0.87
M00696,N,36,3,18796.84,1,2,1,11672.44,15298.62,2.12
M00697,N,20,3,24509.53,0,1,0,12598.04,21208.33,2.2
M00698,N,28,0,7537.05,0,0,0,1946.63,4352.44,0.7
M00699,Y,68,4,211507.59,2,4,4,84841.52,94906.42,6.15
M00700,N,49,0,48799.0,0,0,1,7803.35,36789.78,0.98
M00701,N,47,1,20466.31,0,0,0,2837.17,15648.09,1.89
M00702,N,31,0,12499.89,0,0,0,2009.66,10858.85,0.73
M00703,N,72,0,10399.16,0,0,0,6097.39,2710.5,2.4
M00704,N,40,0,2294.33,0,2,2,434.91,2606.59,0.22
M00705,N,66,2,9306.79,0,1,0,1948.78,7328.67,1.88
M00706,N,49,0,9332.11,0,0,0,2914.83,9797.07,0.37
M00707,N,54,0,16179.16,0,1,0,900.5,12205.87,0.03
M00708,N,45,0,15191.74,0,0,0,3385.39,10446.43,0.16
M00709,N,25,1,4331.71,1,0,0,1311.17,5714.96,0.66
M00710,N,26,1,17104.54,1,0,1,12335.9,15789.44,3.02
M00711,Y,58,5,158373.93,1,1,2,43435.93,104952.45,2.03
M00712,N,65,0,8150.49,1,1,0,3773.13,7564.88,0.17
M00713,N,21,1,13790.63,0,2,0,6408.52,8982.24,1.51
M00714,N,46,0,11486.06,0,0,0,4121.44,6375.86,1.98
M00715,N,72,0,10058.03,0,0,1,5239.91,4979.17,1.47
M00716,N,51,1,8452.23,0,0,0,6499.16,6631.56,1.24
M00717,N,60,1,10465.32,0,0,0,1354.28,11230.88,0.87
M00718,N,41,1,13895.05,0,0,0,5681.22,7870.91,0.67
M00719,N,18,1,14997.95,0,2,0,1139.61,13522.77,0.67
M00720,N,58,0,3721.05,2,0,1,1417.59,4027.75,0.47
M00721,N,33,0,13756.91,0,1,0,5076.5,8487.09,1.33
M00722,N,18,0,8126.74,1,0,0,2082.66,6981.48,0.0
M00723,N,38,0,12627.94,0,1,0,3616.36,7579.39,2.4
M00724,N,43,2,10375.92,0,1,1,2102.1,16692.08,1.87
M00725,N,53,1,5395.7,0,0,0,2433.54,3461.91,0.82
M00726,N,19,1,23755.83,0,1,0,3888.2,29655.49,2.38
M00727,N,26,0,9976.83,0,0,0,703.38,8718.02,0.19
M00728,N,32,1,5994.2,0,1,0,1117.01,6063.24,0.99
M00729,N,67,1,8385.33,0,0,0,1694.83,6476.38,0.73
M00730,N,42,0,5623.08,0,1,0,2209.49,2460.11,1.03
M00731,N,23,2,8753.14,0,2,1,3998.57,3283.95,1.72
M00732,N,71,1,5326.35,0,1,2,3876.49,2891.41,0.79
M00733,N,69,0,9719.7,0,0,1,2726.5,5374.36,2.03
M00734,N,58,2,33121.69,0,1,1,8025.26,18700.26,0.0
M00735,N,21,1,4937.71,0,1,0,1415.92,3676.58,0.73
M00736,N,60,0,12442.79,0,1,0,1837.61,8777.68,1.6
M00737,N,26,0,11650.76,0,0,1,4566.33,9002.98,1.14
M00738,N,24,1,14674.95,0,1,0,1174.96,11193.92,0.89
M00739,N,34,2,7306.05,1,0,0,1208.25,7342.96,1.81
M00740,N,58,1,4294.19,1,1,0,1144.99,4977.78,0.98
M00741,N,21,1,26694.2,0,0,0,1119.58,24625.57,0.55
M00742,N,31,0,4138.34,0,2,0,2520.11,3599.5,1.21
M00743,N,24,1,34310.86,0,0,0,8770.33,20203.69,1.11
M00744,N,35,1,9804.61,0,0,0,1142.04,14857.76,0.63
M00745,N,54,1,16309.57,0,1,0,2731.78,12446.6,0.43
M00746,N,48,1,10300.65,1,0,0,800.25,15100.14,0.13
M00747,N,49,2,17509.95,0,1,0,10418.7,9223.22,1.73
M00748,N,67,2,43038.87,0,1,1,5263.55,43806.41,2.64
M00749,N,50,2,27434.74,0,2,0,4546.57,29412.96,1.77
M00750,N,76,0,13368.34,0,0,0,4075.55,7203.14,0.96
M00751,N,29,1,3313.01,0,0,0,1758.89,4147.88,0.0
M00752,N,39,1,18121.54,0,0,0,2831.59,11904.19,0.68
M00753,N,36,1,6014.05,1,2,0,3192.93,5730.52,2.64
M00754,N,28,2,5121.04,1,0,1,3131.2,4762.07,1.68
M00755,N,74,2,8149.66,0,0,0,1344.64,5544.68,0.67
M00756,N,43,1,19635.12,0,0,1,4616.05,21220.48,1.73
M00757,N,72,0,10781.48,1,0,2,4482.76,5789.95,1.2
M00758,N,32,1,9783.0,0,0,0,2114.12,6819.93,0.97
M00759,Y,63,6,351975.44,3,1,3,127176.36,205742.34,4.47
M00760,N,24,0,17398.53,1,0,0,5493.71,11243.79,1.54
M00761,N,19,0,12484.74,0,1,0,3685.31,14757.09,1.04
M00762,N,55,0,7741.41,0,0,0,5156.32,4935.6,0.68
M00763,N,41,2,10482.01,0,0,0,1956.62,10102.89,2.08
M00764,N,47,1,10693.27,0,0,0,2081.45,13507.33,1.16
M00765,N,67,1,12061.0,0,0,0,787.03,10555.75,0.81
M00766,N,44,1,29548.24,0,0,0,4623.59,21414.12,0.0
M00767,N,51,0,11402.28,1,1,0,1188.88,12504.24,0.05
M00768,N,76,1,9266.01,0,0,0,1576.9,7761.89,1.34
M00769,N,69,0,7782.24,0,0,0,2959.15,9891.79,1.76
M00770,N,36,2,9296.12,0,1,0,727.8,7164.53,0.44
M00771,N,58,0,19045.49,1,1,1,4092.94,18332.74,1.62
M00772,N,68,2,5249.44,0,0,0,1942.37,7318.08,1.35
M00773,N,59,1,38688.11,0,0,1,1829.33,32310.69,2.11
M00774,Y,41,4,201299.24,4,2,5,77080.79,143673.51,4.74
M00775,N,23,2,9108.78,0,1,1,2908.84,10564.88,2.05
M00776,N,64,2,16901.89,1,0,1,2449.98,19596.61,1.56
M00777,N,50,1,15632.2,1,0,0,3058.68,15835.79,1.2
M00778,N,45,1,10505.8,0,1,0,2718.63,13586.21,1.68
M00779,N,67,1,8109.76,0,0,0,1450.58,10427.98,0.28
M00780,N,23,2,21420.91,1,0,0,4512.58,15401.64,1.24
M00781,N,44,0,7881.94,0,0,0,1382.33,5856.3,0.63
M00782,N,35,0,5758.97,0,1,0,1906.65,2733.19,1.76
M00783,N,44,2,10874.52,0,2,0,4748.28,13209.62,0.61
M00784,N,34,2,12503.29,1,0,0,3950.25,7193.9,0.51
M00785,N,44,2,5060.01,0,1,0,2343.68,5875.09,0.0
M00786,N,38,1,5220.7,0,0,0,2158.41,5425.17,0.79
M00787,N,18,0,9340.67,0,1,0,10438.58,6396.47,1.77
M00788,N,20,1,16094.08,0,0,0,13030.72,2765.69,0.75
M00789,N,19,0,7303.79,1,3,0,890.9,7463.55,1.14
M00790,N,77,1,12297.02,0,0,1,4822.35,5471.79,3.03
M00791,N,38,2,5823.67,0,0,0,1924.62,6052.63,0.72
M00792,N,67,3,4268.91,1,0,0,2949.1,1426.64,0.0
M00793,N,27,2,11227.79,0,0,1,2766.14,14794.55,0.86
M00794,N,49,1,5893.32,0,0,1,2748.0,2918.11,0.84
M00795,N,73,1,9099.04,0,0,0,2897.65,4762.65,0.0
M00796,N,73,1,12955.98,1,1,0,4255.01,11206.53,0.0
M00797,N,73,0,5591.03,0,1,0,1123.84,4505.04,0.0
M00798,N,19,3,19826.54,0,2,0,8315.96,10672.95,2.19
M00799,N,66,4,2063.6,0,0,0,799.08,2283.8,0.53
M00800,N,33,0,18462.47,0,0,0,941.02,14436.08,0.31
M00801,N,63,2,6305.81,0,1,0,2290.3,5659.22,0.9
M00802,N,52,1,8239.72,0,3,1,845.56,8481.17,0.39
M00803,N,28,2,7027.59,0,2,0,2757.19,7521.42,1.24
M00804,N,78,1,9503.95,0,0,0,1556.42,7943.26,2.74
M00805,N,18,1,12218.76,2,0,2,2871.92,7478.55,0.52
M00806,N,56,0,6021.03,0,0,0,1416.46,6467.56,1.72
M00807,N,29,0,3784.12,0,0,0,1361.05,5021.99,1.8
M00808,N,62,0,3889.21,0,0,0,1492.17,3216.16,0.0
M00809,N,30,0,7926.14,0,2,1,1999.11,4863.58,1.53
M00810,N,40,0,9259.91,1,0,0,4765.64,8751.23,0.97
M00811,N,18,1,8525.58,0,0,0,1772.62,9902.91,1.1
M00812,N,65,0,7970.6,0,0,0,2328.12,6112.99,0.6
M00813,N,46,1,5265.41,1,1,1,3035.68,6368.73,1.7
M00814,N,23,1,6308.41,0,0,0,3007.12,8246.75,1.99
M00815,N,22,2,9902.22,0,0,0,1542.63,10647.09,0.95
M00816,N,20,1,21065.97,2,3,1,4033.34,24137.86,2.79
M00817,N,59,1,12953.1,1,0,1,3708.05,6732.09,2.36
M00818,N,62,2,13526.44,1,0,0,3262.09,8624.24,1.0
M00819,N,40,0,13690.85,0,1,1,5643.0,6218.21,0.0
M00820,N,75,0,3686.42,1,0,1,1578.59,4705.0,0.95
M00821,N,64,1,49850.95,0,0,1,9480.28,36928.1,0.1
M00822,N,54,3,13530.09,0,1,0,1424.57,9890.58,0.87
M00823,N,58,1,16910.93,1,0,0,5007.0,11853.15,0.84
M00824,N,18,0,7758.4,0,2,1,1718.45,10984.53,1.19
M00825,N,75,4,28829.81,1,2,2,14607.88,27512.73,3.14
M00826,N,75,3,4420.52,0,0,0,1123.28,2739.98,0.71
M00827,N,65,0,8440.16,0,0,0,2315.28,8888.43,0.83
M00828,N,26,1,17551.03,0,1,0,2219.26,21755.71,1.09
M00829,N,64,0,14683.97,1,1,0,2655.05,11292.62,1.15
M00830,N,52,0,13590.32,0,3,0,2853.08,10337.53,2.23
M00831,N,41,1,18236.69,0,1,0,2180.04,13267.68,1.99
M00832,N,24,1,12322.74,0,0,1,8792.87,3528.54,0.53
M00833,N,51,2,6965.31,0,1,0,1832.12,8449.36,0.79
M00834,N,25,1,3491.46,0,1,0,1470.43,3787.31,0.8
M00835,N,67,2,15175.23,0,0,0,2351.7,15057.91,2.39
M00836,N,39,2,54302.09,0,0,0,12637.32,48602.7,0.0
M00837,N,20,0,12915.69,1,0,0,4205.96,7805.3,1.09
M00838,N,25,2,3055.72,1,0,1,1771.94,2581.1,0.84
M00839,N,30,0,6904.84,0,1,0,2365.41,3485.86,0.0
M00840,N,32,1,17885.17,1,1,1,4620.09,9994.07,1.52
M00841,N,43,3,9781.33,0,0,1,616.28,7693.81,1.67
M00842,N,76,0,14982.6,1,0,0,1927.98,11572.28,0.61
M00843,N,35,1,10085.64,0,1,0,1705.23,9320.03,0.0
M00844,N,31,2,10102.46,0,0,0,2790.27,7113.57,0.0
M00845,N,71,3,31338.59,0,2,0,29257.35,10900.87,1.99
M00846,Y,50,7,358054.33,2,3,5,55517.42,344635.52,6.38
M00847,N,33,0,3566.28,0,2,0,2421.58,3812.91,1.43
M00848,N,60,1,2834.3,0,1,0,1109.57,3176.79,2.35
M00849,N,63,0,7372.91,0,0,0,1803.35,6482.51,1.26
M00850,N,44,0,22664.78,0,1,0,856.8,23206.74,0.49
M00851,N,26,1,5353.42,0,0,0,1240.42,3456.04,0.0
M00852,N,63,2,10698.65,0,0,1,7033.58,9403.51,0.1
M00853,Y,78,7,382271.94,4,3,5,67573.2,279058.42,2.9
M00854,N,18,0,19748.22,0,0,0,7454.49,8564.36,1.11
M00855,N,76,2,7276.53,0,0,0,756.67,6563.27,0.72
M00856,N,49,2,10467.67,0,1,0,4876.6,8201.39,0.75
M00857,N,39,0,24772.55,0,1,0,7198.43,15936.83,1.31
M00858,N,19,2,11237.25,1,1,0,1169.51,8091.59,2.11
M00859,N,66,2,13118.88,0,0,1,2712.93,10015.77,0.0
M00860,N,48,0,22191.49,0,0,0,5996.32,20177.09,0.42
M00861,N,18,0,19350.74,0,0,0,4849.06,14741.6,1.66
M00862,N,70,3,6076.38,1,0,1,1783.4,4404.05,0.0
M00863,N,69,0,13786.15,1,2,0,4859.53,8775.11,1.1
M00864,N,54,0,9605.34,0,0,0,1191.35,9311.79,0.43
M00865,N,36,0,15321.48,0,1,0,3068.03,9818.04,1.87
M00866,Y,43,3,319823.73,2,5,6,96546.94,203147.72,3.94
M00867,N,76,0,4729.61,0,0,0,2376.64,2346.33,0.0
M00868,N,46,0,8125.9,0,0,0,1983.33,11194.79,0.09
M00869,N,33,1,6568.19,0,0,0,1851.86,6119.44,2.7
M00870,N,47,2,6226.42,0,0,0,2772.07,2498.47,0.58
M00871,N,44,0,25565.0,0,1,1,9283.29,12801.14,1.69
M00872,N,47,0,4039.46,0,0,1,1044.71,4985.75,0.23
M00873,N,43,0,5079.81,0,0,0,1036.5,5561.25,0.23
M00874,N,52,0,8891.4,0,2,0,1133.39,6066.23,0.75
M00875,N,64,2,10404.9,0,0,1,1920.73,9993.68,1.33
M00876,N,53,1,9626.25,1,0,0,1466.48,7708.33,0.04
M00877,N,18,0,15835.52,1,0,0,4040.35,15198.93,1.75
M00878,N,21,1,16032.9,0,0,0,7163.48,9425.79,0.47
M00879,N,29,1,8403.1,1,0,0,3426.9,9486.51,0.13
M00880,N,47,3,12028.28,0,1,0,9294.5,3271.88,0.53
M00881,N,37,0,1834.06,0,0,0,1090.9,1825.3,0.16
M00882,N,63,0,14062.36,0,0,0,3427.0,10753.49,0.03
M00883,N,51,2,15417.83,0,2,1,4259.43,16406.03,3.07
M00884,N,70,2,8065.11,1,0,1,2536.19,4252.24,0.45
M00885,N,58,1,7144.71,0,0,0,3585.65,6810.51,1.51
M00886,N,71,0,4496.93,0,0,0,2725.51,2133.88,1.49
M00887,N,47,0,25935.3,1,3,0,1491.94,22307.48,0.8
M00888,N,34,1,11028.29,0,0,0,2597.49,8808.54,1.17
M00889,N,32,0,4648.8,0,0,1,912.73,4000.57,0.84
M00890,N,39,1,8381.69,0,1,0,4462.94,4451.05,0.16
M00891,N,38,1,13571.55,0,0,0,952.35,10251.79,1.12
M00892,N,53,2,4915.4,0,1,1,1730.95,2699.98,0.0
M00893,N,57,0,15450.75,0,0,0,2766.42,15200.34,0.74
M00894,N,36,0,5723.73,1,0,1,2483.4,5758.72,0.44
M00895,N,34,1,4318.15,0,0,0,1286.46,2495.59,0.09
M00896,N,44,2,14833.79,0,1,1,1320.76,11035.22,0.0
M00897,N,47,1,7406.04,0,1,0,4187.69,7112.68,0.26
M00898,N,36,0,6487.3,0,2,1,921.4,4485.02,0.03
M00899,N,34,1,7784.86,0,0,2,5837.9,6109.23,1.37
M00900,N,34,1,6883.53,0,1,0,1808.21,6259.54,2.1
M00901,N,18,1,3299.53,0,1,0,1459.54,2158.23,0.96
M00902,N,68,2,8681.63,0,0,0,793.64,8148.89,0.2
M00903,N,77,0,13334.87,0,0,2,6962.33,5675.73,0.62
M00904,N,60,0,10920.24,1,3,0,4637.92,10166.44,1.65
M00905,N,43,0,14657.02,1,0,0,4067.93,8237.02,0.88
M00906,N,40,2,5460.25,0,0,0,3672.77,4579.72,1.51
M00907,N,39,1,41565.94,0,0,1,7825.14,37493.9,1.68
M00908,N,74,0,9407.44,0,0,1,3268.35,10288.44,0.66
M00909,N,27,3,10138.9,0,1,0,3905.14,9812.81,1.86
M00910,N,67,1,2805.89,0,0,0,1981.54,2454.32,0.81
M00911,N,41,2,45840.97,0,0,0,9137.46,60080.77,2.2
M00912,N,30,0,8698.89,0,0,0,1400.77,9356.13,1.08
M00913,N,18,1,13920.92,0,0,1,1462.73,12103.74,0.75
M00914,N,52,2,21454.13,1,1,1,10855.03,12571.26,0.11
M00915,N,63,1,10471.58,2,0,0,715.07,8267.95,0.2
M00916,N,70,2,6932.15,0,0,1,1541.45,6213.3,0.0
M00917,N,47,1,9102.71,0,1,2,3829.92,7541.73,0.17
M00918,N,77,2,9326.99,0,1,0,3435.03,7138.7,1.55
M00919,N,62,0,10453.38,0,1,1,4989.1,4688.95,1.17
M00920,N,52,0,26278.74,0,1,0,7019.21,24018.34,0.68
M00921,N,70,1,10860.1,0,2,0,6638.62,6869.46,2.12
M00922,N,56,1,19003.49,0,3,0,8482.27,10962.22,1.76
M00923,N,67,0,18080.03,0,0,0,13173.66,12088.07,2.54
M00924,N,76,1,13371.5,2,1,0,5647.17,12237.69,2.02
M00925,N,36,1,20063.8,0,3,0,7649.93,11636.61,1.24
M00926,N,49,0,4808.3,1,1,0,1029.36,4000.85,0.98
M00927,N,61,0,3391.75,0,1,0,418.59,3413.5,0.0
M00928,N,75,2,21931.78,0,0,0,8050.3,15587.44,2.2
M00929,N,57,2,5997.49,1,2,0,463.53,5162.07,0.94
M00930,N,53,0,3785.9,2,0,0,2085.7,2516.25,1.83
M00931,N,36,0,3347.56,0,1,0,870.48,2451.23,0.0
M00932,Y,53,3,177868.27,4,3,4,86947.12,136035.81,2.27
M00933,N,72,2,5631.04,0,0,0,2371.55,3855.36,0.57
M00934,N,64,1,21746.65,0,0,0,9087.05,9443.09,1.85
M00935,N,68,1,7381.96,1,0,0,4810.76,6646.52,1.65
M00936,N,21,1,11355.42,0,1,0,5512.08,7567.92,0.23
M00937,N,25,0,13828.54,0,0,1,5519.31,13324.18,2.24
M00938,N,27,0,13597.3,0,0,0,5447.64,13225.19,3.23
M00939,Y,58,4,273230.03,3,3,4,153564.22,187433.45,5.31
M00940,N,34,0,4785.15,0,1,0,2010.32,3900.34,1.05
M00941,Y,66,6,651731.8,3,5,1,230523.34,392330.81,8.29
M00942,Y,54,4,195610.25,2,3,1,61378.48,178367.48,3.88
M00943,N,24,1,5658.92,0,0,0,3212.99,4257.93,2.08
M00944,N,46,1,7523.9,0,0,0,1120.15,6250.03,1.55
M00945,N,73,0,11831.41,1,1,0,4553.34,7154.36,0.38
M00946,N,62,0,9105.91,0,1,0,1628.17,5732.14,0.46
M00947,N,49,0,16642.91,1,0,0,6725.83,7505.57,0.19
M00948,N,63,1,3707.57,0,0,0,2936.37,2221.04,0.0
M00949,N,74,0,5437.99,0,2,0,1323.16,4380.23,0.0
M00950,N,61,0,6002.88,0,2,0,3239.98,4320.98,1.6
M00951,N,59,0,9612.05,0,1,0,4631.9,12687.81,2.02
M00952,N,66,0,8754.83,0,1,0,1514.36,7643.49,0.0
M00953,N,48,0,4396.03,0,0,1,2163.37,1823.11,0.8
M00954,N,73,1,10094.1,0,1,0,1514.41,14925.26,2.13
M00955,N,59,0,6238.44,0,0,0,1348.58,8764.32,1.56
M00956,N,44,2,27728.58,1,3,0,6193.4,20780.5,3.33
M00957,N,43,1,4414.45,1,1,0,4241.3,2892.27,0.02
M00958,N,35,1,6918.52,0,0,0,2791.03,4878.86,2.48
M00959,N,22,0,21943.22,0,1,0,2893.84,22299.65,1.19
M00960,N,33,0,18450.89,1,0,0,3390.33,21460.79,0.3
M00961,N,19,1,19298.16,1,0,0,1552.88,15699.22,0.67
M00962,Y,47,8,263601.92,3,3,3,121616.46,229956.04,5.17
M00963,N,21,0,9638.18,0,0,0,3881.43,4355.48,0.55
M00964,N,19,0,18605.68,1,0,0,6575.38,12513.78,0.8
M00965,N,30,0,8314.15,0,1,0,1456.59,5596.2,0.0
M00966,N,40,2,14659.27,1,0,0,6231.41,8061.18,3.48
M00967,N,61,0,9682.68,0,0,0,3556.09,5002.15,0.8
M00968,N,28,2,6162.59,0,0,0,2113.17,3350.52,0.0
M00969,N,56,1,13004.26,0,1,0,996.25,17995.02,1.54
M00970,N,26,0,12692.61,0,2,1,2593.51,9352.54,1.04
M00971,N,45,1,11230.09,0,0,0,909.97,10533.62,0.39
M00972,N,49,3,17641.36,0,0,0,6732.03,9307.75,2.28
M00973,N,62,0,1615.28,0,0,0,987.18,1571.68,0.82
M00974,N,67,0,12475.34,0,1,0,3482.26,9880.7,1.18
M00975,N,43,0,21824.8,0,0,0,669.03,24009.98,1.16
M00976,N,20,2,15482.58,0,2,0,11151.1,3944.07,2.34
M00977,N,75,1,3222.12,0,2,0,1355.06,3155.91,0.57
M00978,N,78,0,3984.75,0,0,1,897.41,5926.9,0.62
M00979,N,65,0,8078.78,0,2,0,1759.22,10666.16,0.64
M00980,N,62,0,23865.69,0,1,0,7174.08,17266.32,1.74
M00981,N,26,0,7811.31,0,0,0,2538.14,5214.06,0.62
M00982,Y,59,5,159543.41,3,4,4,120294.7,98843.16,6.21
M00983,N,78,2,28975.14,1,1,2,11790.75,12018.11,1.48
M00984,N,54,0,19820.68,0,1,1,3459.1,19321.07,1.09
M00985,N,49,2,18830.38,0,0,0,3795.16,11482.28,1.24
M00986,N,55,0,6720.02,0,1,0,1743.33,4073.12,0.64
M00987,N,34,3,13458.66,1,0,1,4761.56,16195.59,1.31
M00988,N,34,0,2656.21,0,0,0,1244.89,2308.33,0.55
M00989,N,57,0,7970.12,0,0,0,3408.21,4548.9,1.35
M00990,N,28,2,23155.94,1,0,0,2370.68,31546.22,1.68
M00991,Y,68,3,245128.82,4,4,2,151775.51,130819.72,4.06
M00992,N,19,0,33839.95,1,1,0,3646.78,37992.34,0.59
M00993,N,24,1,34291.14,2,2,1,6018.21,29930.54,1.13
M00994,N,29,0,24712.35,1,1,0,9535.25,24284.96,3.22
M00995,N,32,0,8672.12,0,0,0,3038.65,4995.83,1.94
M00996,N,32,2,20776.65,0,1,0,1055.47,24785.85,1.12
M00997,N,76,2,27826.88,0,0,0,2540.44,38119.21,0.7
M00998,N,37,0,13105.41,1,0,0,4884.27,6523.1,0.53
M00999,N,70,2,21685.25,0,0,0,6865.53,14077.62,1.64
M01000,N,22,0,2702.96,0,0,0,1559.08,2764.39,1.22
M01001,N,73,1,3216.47,0,0,0,892.45,4953.86,1.02
M01002,N,29,1,10007.06,0,0,1,3006.61,6996.6,0.4
M01003,N,55,0,12867.97,0,1,0,4930.58,12834.31,1.46
M01004,Y,78,7,203998.44,3,3,4,90421.34,144355.66,6.93
M01005,N,41,0,5273.89,1,1,0,1568.85,3165.03,0.34
M01006,N,40,2,10234.09,1,1,0,2547.87,9388.19,1.09
M01007,N,67,1,25838.57,0,1,1,6182.64,14947.25,0.0
M01008,N,63,0,2379.6,0,0,1,955.26,2159.19,0.79
M01009,N,24,0,4882.12,0,1,0,2189.66,2624.76,1.01
M01010,N,69,3,37623.2,0,1,1,3300.45,44304.48,1.86
M01011,N,38,1,13527.85,0,0,0,1172.92,11162.38,1.52
M01012,N,22,3,5353.64,2,3,0,1347.5,6192.64,1.07
M01013,N,62,2,8990.87,0,0,0,3674.48,5004.98,0.7
M01014,N,54,3,18932.69,1,0,1,4223.56,11260.09,2.62
M01015,N,32,0,9543.45,0,0,0,1671.42,9107.52,2.18
M01016,Y,57,5,355211.23,2,4,2,168350.53,221108.5,6.53
M01017,N,42,3,10424.7,0,3,0,1214.38,13478.8,0.23
M01018,N,64,1,25099.63,0,1,0,4712.87,15598.93,1.73
M01019,N,59,3,12225.7,0,1,0,1602.3,12218.11,0.89
M01020,N,22,1,11390.58,0,1,0,3764.57,6913.13,0.96
M01021,N,26,1,14680.41,0,2,0,1876.74,14767.79,1.39
M01022,Y,74,4,401177.13,5,2,4,113981.78,299034.83,4.09
M01023,N,75,0,7789.71,0,0,0,1888.52,5184.82,2.04
M01024,N,74,2,47151.24,0,0,0,3217.85,35850.28,0.86
M01025,N,29,1,3405.75,0,0,0,1660.34,4519.81,0.95
M01026,N,40,0,2864.13,0,1,0,1181.55,3412.85,1.85
M01027,N,69,0,5347.42,0,1,0,2000.15,6123.29,0.16
M01028,N,40,1,14103.5,0,1,0,2637.48,17478.81,0.0
M01029,N,34,1,7172.49,0,0,0,940.1,5746.37,0.85
M01030,N,75,2,8571.43,1,0,2,4907.22,8900.48,0.71
M01031,Y,69,3,218776.2,4,4,5,103626.46,124734.84,4.92
M01032,N,74,3,5427.82,0,0,0,1347.38,3177.59,0.0
M01033,Y,49,4,187784.27,2,4,4,110854.6,140098.75,4.79
M01034,N,53,3,32904.98,0,0,1,5686.29,21523.0,3.33
M01035,N,76,1,9895.25,0,1,0,3123.57,8126.4,0.76
M01036,N,18,0,11006.32,0,0,0,2299.1,10395.36,0.8
M01037,Y,67,2,446175.91,1,4,1,173854.4,209695.77,5.29
M01038,Y,46,4,178910.6,1,4,5,59109.35,96836.73,4.94
M01039,N,20,0,4594.9,0,1,0,2139.58,4330.08,0.98
M01040,N,67,2,10634.18,0,1,1,3675.69,6276.13,2.34
M01041,N,62,2,13130.81,0,0,0,3926.3,17518.87,1.25
M01042,Y,40,4,278126.27,2,2,2,47998.95,198050.01,5.2
M01043,N,38,0,12659.62,0,0,0,2732.76,12563.72,0.23
M01044,N,49,1,12239.01,0,1,0,1046.98,9398.36,0.44
M01045,N,51,1,29644.05,0,2,0,3866.63,26152.42,1.4
M01046,N,37,0,14225.25,0,0,0,4384.53,8749.9,1.03
M01047,N,38,1,3086.62,0,1,0,990.26,2520.94,1.43
M01048,N,63,0,36383.29,0,1,1,11009.9,37327.77,0.65
M01049,N,21,3,22971.24,0,1,2,3271.58,22785.57,2.71
M01050,N,78,0,9697.27,0,1,1,3728.13,12295.22,0.05
M01051,N,39,1,9430.28,0,0,1,3715.01,11827.23,1.18
M01052,N,57,2,18357.52,0,1,0,4464.02,20553.16,1.11
M01053,N,18,2,12763.76,0,1,0,7449.04,11722.4,1.4
M01054,N,75,1,4807.2,0,1,0,1535.26,5723.21,0.0
M01055,N,38,1,16498.3,0,2,0,7731.47,11515.01,1.16
M01056,N,38,2,15445.27,1,0,0,2686.4,9809.01,0.08
M01057,N,36,1,8246.61,0,1,0,1907.31,6487.3,0.65
M01058,N,76,1,7086.13,0,0,0,1180.38,9558.8,1.32
M01059,N,62,1,11414.04,1,0,0,1355.08,14025.73,1.86
M01060,N,37,3,5732.26,0,0,0,1043.5,8428.78,0.0
M01061,N,59,0,4654.69,1,2,0,3147.85,4650.48,1.14
M01062,N,35,2,26784.96,1,0,0,8921.95,18761.67,1.04
M01063,N,19,0,9746.78,1,0,0,2758.01,5622.55,1.19
M01064,N,23,1,21510.66,0,0,0,10765.06,6772.27,2.53
M01065,N,19,1,16718.21,0,1,0,13987.85,11220.45,1.55
M01066,N,56,1,26351.52,1,0,0,18303.57,18552.03,1.41
M01067,Y,48,3,153608.92,5,6,2,59048.17,103744.28,5.24
M01068,N,38,1,36194.33,0,0,0,5636.88,51868.1,2.23
M01069,N,44,1,31155.85,0,0,2,7017.3,21184.62,1.88
M01070,N,37,2,6090.57,0,3,0,1731.82,5798.47,0.34
M01071,N,63,0,11999.42,0,1,0,3717.53,8551.07,2.74
M01072,N,72,0,36512.66,0,1,0,4729.89,30733.25,1.44
M01073,N,49,2,4293.08,0,1,0,2220.67,3230.54,0.0
M01074,N,68,1,10200.72,0,0,0,672.38,9089.4,0.54
M01075,Y,67,2,338622.2,2,3,3,61235.41,239256.01,5.69
M01076,N,42,1,20984.1,1,3,0,3887.86,13586.13,2.46
M01077,N,73,3,18851.93,1,0,0,1161.59,14225.62,0.75
M01078,N,54,0,5180.53,0,0,0,3098.02,3382.01,0.0
M01079,N,57,1,8149.77,0,0,0,2141.79,7804.08,0.03
M01080,N,41,1,8218.83,0,0,0,2367.94,7308.76,0.0
M01081,N,59,0,4849.71,0,0,0,523.37,5775.45,0.82
M01082,N,31,1,13861.91,0,0,1,7727.06,6521.19,1.98
M01083,N,77,0,15088.94,0,1,0,1666.61,14050.86,1.81
M01084,N,27,1,6094.44,0,0,0,3167.14,4123.64,1.13
M01085,N,23,1,24330.03,0,0,0,3158.81,22842.31,0.82
M01086,Y,59,3,134740.64,5,5,2,46239.11,95265.56,4.17
M01087,N,47,1,6439.75,0,1,0,3089.37,7805.33,1.86
M01088,N,53,0,14191.0,1,1,1,5253.05,13161.76,2.78
M01089,N,43,0,12540.32,0,0,2,12813.16,9292.54,1.98
M01090,N,70,1,17500.3,0,1,0,7524.34,15886.57,1.61
M01091,N,47,1,9102.55,0,0,1,1483.36,5836.92,0.86
M01092,N,74,0,13018.6,0,1,0,4028.84,9794.03,0.73
M01093,N,53,2,12651.19,0,0,0,5779.29,8833.78,1.62
M01094,N,44,1,5728.8,0,0,0,597.66,7713.06,0.9
M01095,N,29,0,24390.16,1,0,1,834.45,29683.56,1.71
M01096,N,26,0,10320.48,0,0,0,2468.26,9189.84,1.65
M01097,N,24,1,9464.52,0,0,1,2885.92,6410.84,1.25
M01098,N,24,0,23873.39,0,1,0,7732.57,28165.48,1.28
M01099,N,35,1,4244.0,0,0,0,956.29,3171.16,0.6
M01100,N,44,0,5435.35,2,0,0,3741.72,4624.09,2.66
M01101,N,45,0,3737.56,0,3,0,575.61,4019.48,0.02
M01102,N,19,1,4573.7,0,0,0,2532.87,3346.59,1.87
M01103,N,77,0,13187.49,0,0,0,2451.4,9893.5,0.72
M01104,N,64,1,14738.95,0,0,0,1519.66,12874.48,0.0
M01105,N,61,0,4152.27,0,0,0,1240.11,4749.6,0.0
M01106,N,59,1,4233.08,0,0,0,661.16,4285.62,0.46
M01107,N,21,2,21612.04,0,2,0,4728.88,18723.65,2.21
M01108,N,29,2,23688.38,1,0,2,7022.22,12583.4,1.71
M01109,N,57,0,12862.78,0,1,0,3021.03,7791.53,1.5
M01110,N,54,2,7567.82,0,1,0,1076.2,5378.38,0.48
M01111,N,71,0,2647.99,0,0,0,562.66,2781.16,0.63
M01112,N,37,1,4498.55,0,1,1,1802.79,5631.86,1.2
M01113,N,76,3,15448.15,0,0,0,6455.2,14211.39,1.05
M01114,N,58,0,8204.63,0,0,0,1675.67,5119.18,0.32
M01115,N,71,1,11637.74,0,0,0,1773.87,12361.43,0.91
M01116,N,27,0,7969.22,0,0,0,678.54,8335.68,0.09
M01117,N,42,2,3871.62,0,0,0,1153.89,5150.23,2.04
M01118,N,76,2,21725.23,0,1,0,5128.45,15672.65,1.74
M01119,N,51,0,7744.59,0,0,0,1356.95,4881.15,0.49
M01120,N,43,0,4160.72,0,2,0,2231.45,5056.07,0.63
M01121,N,20,4,21890.13,0,2,0,6571.98,15366.38,2.36
M01122,N,56,1,5926.19,0,2,0,4155.69,6173.75,1.5
M01123,N,45,0,7276.82,0,0,0,4838.08,8171.71,1.49
M01124,N,26,0,29413.14,2,1,0,2128.95,42451.92,1.58
M01125,N,40,2,15016.99,0,1,0,6008.53,11808.28,2.09
M01126,N,33,0,10222.2,0,1,0,2252.33,8324.78,1.9
M01127,N,49,1,14173.28,0,0,0,3141.0,13965.66,1.17
M01128,N,29,0,2259.24,0,1,0,921.52,2123.96,0.0
M01129,N,73,3,10761.78,0,0,0,3037.31,9255.11,0.18
M01130,N,37,1,14556.78,0,0,0,533.63,18397.85,0.98
M01131,N,69,1,27882.58,1,0,0,9313.94,14969.46,1.18
M01132,N,38,0,8090.25,0,2,1,2023.55,12356.76,0.73
M01133,N,63,1,10288.53,0,0,0,3359.52,8611.56,1.4
M01134,N,19,1,21430.4,0,0,0,2355.05,24498.83,1.02
M01135,N,64,1,18648.9,1,2,1,12040.36,8122.24,2.75
M01136,Y,69,4,388833.39,5,4,2,122974.44,302618.38,5.96
M01137,N,73,0,5954.59,0,2,0,3146.3,1979.94,0.77
M01138,N,57,2,22645.47,0,0,2,6714.29,19555.29,1.92
M01139,N,49,2,17538.55,0,1,0,3138.68,16769.87,2.56
M01140,N,37,0,12726.4,0,0,0,3905.83,14589.81,2.66
M01141,N,43,0,4959.57,0,1,0,1710.92,6093.03,1.13
M01142,N,74,1,11348.31,0,2,0,4087.53,11852.26,1.27
M01143,N,24,0,10783.22,0,0,1,2227.98,8586.43,0.39
M01144,N,41,2,8387.71,0,1,0,2321.39,4594.05,1.16
M01145,N,62,2,14377.65,2,1,0,2264.68,20674.25,0.99
M01146,N,49,0,25442.69,0,0,0,7196.83,20878.25,2.11
M01147,N,54,1,15053.22,1,0,1,7531.43,5300.88,2.23
M01148,N,40,0,14586.42,0,1,0,1339.91,11609.58,0.03
M01149,N,20,1,10370.52,1,0,1,441.45,8554.97,1.79
M01150,N,70,1,10680.92,0,0,0,1536.17,12585.03,2.35
M01151,N,57,2,18789.45,1,1,0,8228.5,11982.0,1.65
M01152,N,23,2,8944.43,0,0,3,3605.93,8865.96,1.93
M01153,Y,67,8,235045.71,5,5,6,108292.3,170581.36,6.57
M01154,N,62,1,21728.39,0,1,0,9407.21,14859.64,2.25
M01155,N,21,3,8365.34,0,0,0,2418.53,9129.02,0.0
M01156,N,20,1,21777.28,0,2,1,20466.16,13813.73,1.91
M01157,Y,61,2,102409.99,3,3,2,30659.19,63310.09,5.66
M01158,N,36,2,13349.49,0,1,0,661.39,22510.81,1.93
M01159,N,22,0,9152.1,0,2,0,2503.86,5075.47,0.42
M01160,N,29,2,6841.5,0,0,0,5804.97,4287.28,0.0
M01161,N,34,2,1329.79,0,0,0,1351.22,1016.37,0.21
M01162,N,49,2,13443.0,0,0,0,10958.36,7636.6,1.67
M01163,N,62,0,10537.16,0,0,0,5402.81,6032.3,0.97
M01164,N,27,0,11211.87,0,1,0,4797.83,9089.02,1.25
M01165,N,20,2,8717.42,0,2,0,4851.04,4968.56,0.66
M01166,N,19,1,6671.54,0,2,0,4010.46,7380.46,0.6
M01167,N,40,0,13842.45,0,0,0,2665.14,10011.01,0.78
M01168,N,53,1,8632.16,0,1,0,3259.12,6518.01,1.94
M01169,N,39,1,5768.42,0,0,0,2984.88,2518.04,0.0
M01170,N,37,0,11993.45,1,1,0,9590.81,6151.38,2.43
M01171,N,26,3,24820.65,0,0,1,3214.86,24076.14,2.08
M01172,N,19,0,8984.87,0,0,0,1668.14,9807.41,0.62
M01173,N,48,2,10255.59,1,0,0,885.67,11985.59,0.0
M01174,N,62,0,10405.47,1,0,0,3936.6,9031.95,2.32
M01175,N,40,0,24799.38,1,2,0,1873.52,19090.0,1.42
M01176,N,78,3,19831.18,1,1,0,12125.91,11180.58,2.58
M01177,N,45,2,28053.19,0,0,0,7581.56,40973.24,2.42
M01178,N,42,0,7912.37,1,0,0,1749.06,5638.65,0.2
M01179,N,74,0,4980.72,0,0,1,924.13,3119.47,1.31
M01180,N,71,0,7682.28,0,1,0,1925.33,6553.64,1.41
M01181,N,18,0,8590.97,0,1,0,1517.52,6504.83,0.79
M01182,Y,68,3,109338.21,4,2,4,71873.24,77053.53,4.31
M01183,N,57,3,14675.94,0,1,1,1828.33,10469.31,1.54
M01184,N,47,0,9674.61,0,0,0,1592.79,6333.07,1.16
M01185,N,48,2,3541.33,0,1,0,601.37,4606.03,2.12
M01186,N,35,0,9780.34,0,0,1,5299.7,5933.1,1.86
M01187,N,41,2,3289.62,0,0,0,750.48,2428.07,0.5
M01188,N,62,0,6827.9,0,0,0,4265.98,4430.85,1.2
M01189,N,76,2,5730.1,0,1,0,1788.28,3741.35,0.96
M01190,N,71,1,7041.29,0,0,0,366.99,5517.0,0.18
M01191,N,61,0,17985.83,0,2,0,4249.38,10464.06,1.21
M01192,N,67,0,15971.71,0,2,0,1378.28,17923.1,1.06
M01193,N,73,3,15773.04,0,0,0,3815.84,10476.38,1.09
M01194,N,46,1,9100.45,1,0,1,1317.9,9222.99,2.64
M01195,N,72,0,20728.15,0,2,0,4469.17,18488.83,1.11
M01196,N,36,1,23769.57,0,3,0,23881.2,11236.59,2.24
M01197,N,77,2,16855.59,0,0,1,2499.09,19233.07,1.4
M01198,N,21,0,7127.96,0,0,0,1383.06,4808.95,0.65
M01199,N,21,3,14073.48,1,1,0,2965.34,11138.5,1.86
M01200,N,47,1,15529.42,0,0,0,9276.09,5871.84,0.98
M01201,N,23,1,19246.16,0,0,1,10397.64,14785.96,1.07
M01202,N,68,0,8035.39,0,0,0,6576.17,7166.86,0.81
M01203,N,28,1,9614.44,1,0,0,5278.63,4122.31,1.53
M01204,N,63,2,23984.93,0,1,0,10948.63,9639.49,2.1
M01205,N,63,2,15747.08,0,1,0,5537.76,9592.99,1.42
M01206,N,20,0,6674.1,0,1,0,2609.96,4544.26,0.27
M01207,N,70,2,5251.56,0,0,0,1810.84,5176.56,2.03
M01208,N,22,1,6788.09,0,0,0,1902.21,5455.64,0.14
M01209,N,23,0,16947.31,0,0,0,6020.58,20745.51,1.32
M01210,N,60,1,15650.8,0,0,0,2433.55,14847.78,0.0
M01211,N,21,1,20345.02,0,0,1,2233.84,26854.38,1.98
M01212,N,34,1,11001.38,0,0,0,1423.32,7953.59,1.33
M01213,N,58,2,9198.42,0,0,1,2092.73,13549.66,1.49
M01214,N,56,2,18344.66,0,0,0,1904.24,16246.67,0.64
M01215,Y,47,3,221596.58,2,3,3,90646.19,128221.94,3.63
M01216,N,43,1,16226.87,0,0,1,2980.77,13750.9,0.0
M01217,N,19,3,10982.07,0,2,0,3201.97,15356.7,2.21
M01218,N,70,2,10004.88,0,2,1,5308.1,4659.98,1.22
M01219,N,23,0,50264.06,0,1,0,6430.38,41857.69,1.52
M01220,N,50,0,12038.73,0,2,0,1465.99,11559.89,0.68
M01221,Y,80,8,233870.2,5,4,3,100119.42,205881.16,5.26
M01222,N,35,1,16909.66,0,1,0,2983.19,15098.16,0.0
M01223,N,70,1,5322.06,1,1,0,1062.34,6181.3,1.49
M01224,N,37,3,16124.06,1,1,0,6044.74,9102.26,1.41
M01225,N,50,1,26204.35,0,0,0,2312.52,24972.66,1.02
M01226,N,48,3,10375.46,0,0,0,1334.6,7903.14,0.0
M01227,N,38,1,17139.03,1,0,0,6333.53,14763.24,1.97
M01228,N,68,2,19625.32,0,2,0,7365.68,11539.47,1.59
M01229,N,31,2,11205.84,1,0,0,2429.17,12384.24,1.21
M01230,Y,39,3,278902.45,3,4,2,66496.45,220702.24,5.61
M01231,N,68,1,9012.42,0,2,0,4417.2,9954.38,0.55
M01232,N,71,3,23274.1,1,1,0,6240.43,14404.61,0.82
M01233,N,34,0,7056.36,1,1,0,3853.46,2742.81,0.9
M01234,N,23,1,10301.81,1,0,0,6200.12,9924.93,1.23
M01235,N,72,2,5768.59,0,0,0,1149.44,5177.7,0.1
M01236,N,59,0,11758.14,0,0,0,2900.47,6894.18,1.63
M01237,N,69,0,8169.22,0,1,0,1985.36,5871.26,0.88
M01238,N,71,1,27371.24,0,0,1,11657.48,15547.69,1.69
M01239,N,24,1,19967.74,0,1,0,4031.39,16109.38,1.45
M01240,N,30,0,5613.11,1,2,0,6501.19,3610.76,2.59
M01241,Y,63,5,116814.57,3,2,4,49049.58,82679.04,3.6
M01242,N,40,0,15617.06,1,0,0,2275.29,16054.67,1.96
M01243,Y,67,7,235759.65,3,2,2,84885.76,120869.77,4.47
M01244,N,73,1,4671.23,0,0,0,974.65,3493.77,0.4
M01245,N,37,0,14793.63,0,0,0,3392.98,9674.19,0.6
M01246,N,57,1,13013.29,0,0,0,4200.72,12402.04,0.04
M01247,N,63,2,36723.67,0,2,1,25641.02,9816.71,2.0
M01248,N,37,0,7294.35,0,0,0,5092.97,6703.92,1.79
M01249,N,61,3,25070.78,1,0,1,4884.8,17301.02,2.6
M01250,N,48,0,6999.36,0,0,0,2907.07,7597.13,0.8
M01251,N,72,1,6181.18,0,1,0,1869.8,5484.39,1.44
M01252,N,29,0,51334.88,0,1,0,2667.55,60320.2,0.83
M01253,N,38,3,15669.5,0,0,1,3183.6,9708.38,1.63
M01254,N,38,3,21939.23,0,1,0,11360.72,10222.0,2.22
M01255,N,65,3,10847.29,0,0,0,3289.89,10523.17,1.24
M01256,N,57,0,17688.99,0,1,0,3595.09,15256.2,1.4
M01257,N,55,0,9605.43,0,0,0,3366.71,5438.3,0.42
M01258,N,63,1,17375.96,0,0,0,8973.7,7105.15,1.8
M01259,N,57,1,8067.63,0,2,1,1248.43,5811.99,0.46
M01260,N,71,0,12562.62,0,0,1,9680.19,5222.73,2.23
M01261,N,54,1,20223.29,0,2,1,2738.91,15270.4,1.78
M01262,N,48,1,18984.57,0,0,0,20063.78,10431.45,1.23
M01263,N,72,0,6494.34,0,0,0,1956.58,6661.53,0.83
M01264,N,70,2,11746.89,0,2,0,4289.38,6452.87,1.45
M01265,N,71,0,3346.16,0,0,0,894.14,3685.03,0.71
M01266,N,20,1,10238.26,0,1,0,8468.6,8909.17,1.37
M01267,N,56,0,3183.34,0,1,0,917.71,4790.37,1.55
M01268,N,36,2,5107.43,0,1,0,2915.0,4882.98,0.22
M01269,N,51,0,11169.5,0,2,0,2729.27,6258.32,0.99
M01270,N,22,2,4167.84,0,0,0,1688.15,3383.31,1.24
M01271,N,66,3,19761.17,1,0,0,1029.02,15954.37,0.81
M01272,Y,65,7,260214.92,6,2,5,95067.69,265272.56,7.01
M01273,N,76,0,24665.75,0,1,0,3437.53,19773.69,1.08
M01274,N,30,0,8055.16,0,0,0,1411.69,5731.41,0.5
M01275,N,73,0,14932.05,1,1,0,1942.5,13482.24,0.09
M01276,N,57,0,18385.23,0,0,0,6605.97,18773.42,0.15
M01277,N,54,0,6306.63,0,1,0,251.22,5165.3,0.92
M01278,N,25,1,9287.86,0,1,1,11343.97,5287.87,2.4
M01279,N,27,1,12519.69,0,0,0,5668.32,12543.93,1.19
M01280,N,28,2,2671.65,0,0,0,504.38,2665.81,0.0
M01281,N,70,0,11351.95,0,1,0,3551.89,11303.64,1.11
M01282,N,52,1,5443.06,2,1,0,1583.9,3336.21,1.26
M01283,N,58,2,19950.17,1,1,1,5786.95,15476.12,2.26
M01284,N,61,0,10372.29,1,1,1,3525.1,10388.35,1.1
M01285,N,34,1,9524.87,0,2,0,4647.22,8657.26,1.14
M01286,N,69,1,10791.87,0,1,1,5665.7,5192.73,0.7
M01287,N,62,0,15355.28,0,0,2,3821.37,11244.0,2.28
M01288,N,62,3,6966.98,0,0,1,1186.51,10137.07,0.88
M01289,N,35,1,14550.57,1,2,1,2950.48,8876.25,0.79
M01290,N,32,2,14635.03,0,0,0,6011.57,8030.15,1.7
M01291,N,19,1,16793.78,1,3,1,3420.21,13865.29,1.41
M01292,Y,79,5,163871.78,6,3,3,56643.87,116467.85,3.41
M01293,N,78,0,11886.52,0,0,0,4548.82,6336.02,1.88
M01294,N,69,0,26254.66,0,1,0,3285.28,19890.06,1.63
M01295,N,32,1,6138.2,1,0,0,481.45,4748.32,0.0
M01296,N,58,0,12086.66,0,0,0,5308.26,12962.02,0.75
M01297,N,52,2,9806.1,0,1,0,2259.9,6307.77,0.08
M01298,N,54,1,21423.8,1,1,0,6146.17,27004.51,1.66
M01299,N,58,2,16860.04,0,1,0,6980.77,8819.1,0.65
M01300,N,61,0,17036.07,0,1,0,3402.28,11162.96,1.59
M01301,N,19,0,10535.17,0,0,0,4953.93,10642.6,1.19
M01302,N,44,1,9020.46,0,1,0,5322.36,5757.49,0.56
M01303,N,50,0,23406.05,0,0,1,4641.65,32512.26,1.55
M01304,N,75,0,20994.28,0,0,0,5050.94,15942.99,1.76
M01305,N,57,1,6086.85,0,1,0,2100.74,3572.23,0.01
M01306,N,54,2,23117.95,0,2,0,18561.25,13369.0,2.61
M01307,N,54,0,6363.11,0,0,0,2207.93,6965.99,2.07
M01308,N,72,1,11597.06,1,1,0,1669.66,14017.94,0.51
M01309,N,58,3,9555.16,0,1,1,2701.87,8158.56,0.0
M01310,N,52,1,17694.05,0,0,0,7490.55,15478.58,1.0
M01311,Y,78,4,132208.66,2,1,3,32627.97,119886.54,3.75
M01312,N,73,3,9439.71,0,0,0,12167.0,4168.9,1.28
M01313,N,19,2,9158.35,0,2,0,2842.74,5209.31,0.89
M01314,N,28,0,5647.74,0,0,0,352.31,7754.96,0.35
M01315,N,76,2,11528.48,0,0,0,5874.5,12278.63,1.7
M01316,N,19,3,23882.9,0,0,1,2122.16,21293.4,0.97
M01317,N,75,0,35032.34,0,0,0,4655.22,28554.38,1.13
M01318,N,75,0,4573.0,0,0,1,2015.69,3196.39,1.18
M01319,N,33,2,24560.04,0,0,0,2608.16,17414.07,1.53
M01320,N,40,0,5876.08,0,2,0,2482.39,5998.43,1.45
M01321,N,62,4,13226.71,1,1,2,4603.52,11785.82,0.49
M01322,N,55,0,14740.25,1,1,1,890.02,12146.19,1.52
M01323,N,22,1,41693.29,1,1,1,7669.73,35771.63,2.47
M01324,N,39,1,10605.7,0,0,0,2555.02,12434.98,1.96
M01325,N,78,2,9090.92,0,1,0,2461.94,7495.93,0.17
M01326,N,47,1,15017.79,0,2,0,5594.08,6659.96,2.02
M01327,N,58,1,78977.67,0,2,0,10715.77,59759.96,0.15
M01328,N,45,1,7655.45,0,0,0,3605.04,7684.95,0.0
M01329,N,61,1,5737.49,0,0,0,1614.92,5415.29,0.0
M01330,N,60,1,6333.21,0,1,0,899.79,10077.6,0.36
M01331,N,27,1,18957.98,0,1,0,3678.11,17380.99,1.83
M01332,N,74,0,10873.19,1,0,0,4234.92,5952.89,2.78
M01333,N,31,2,17316.04,0,0,0,3310.61,23989.0,2.43
M01334,N,63,1,16773.38,0,0,0,8925.72,9366.65,0.0
M01335,N,61,1,17413.91,1,1,1,4291.96,15214.13,1.17
M01336,N,44,1,5186.46,0,0,0,1358.78,5689.88,0.47
M01337,Y,59,6,208788.69,3,6,4,101739.0,166581.73,3.85
M01338,N,35,1,30334.12,0,1,1,3519.84,21999.97,0.0
M01339,N,33,1,3899.93,0,1,2,1225.15,4694.9,0.45
M01340,N,54,1,6206.94,2,2,0,2542.65,8450.55,2.19
M01341,N,42,0,11429.64,1,0,0,2795.59,7257.04,1.98
M01342,N,43,1,3799.48,0,1,0,1198.47,4014.48,0.95
M01343,N,66,0,5574.99,0,0,0,1995.74,3150.01,0.54
M01344,N,61,1,11953.97,0,0,0,3070.21,7306.17,0.79
M01345,N,37,2,6300.29,1,1,0,2725.97,8278.01,0.56
M01346,N,20,3,13382.45,0,0,1,5094.19,5904.44,1.39
M01347,N,19,1,13586.96,0,0,0,3816.42,19824.89,1.39
M01348,N,56,0,3728.04,0,3,0,763.13,4742.71,0.12
M01349,N,75,0,11356.84,0,1,0,1177.56,8074.39,2.14
M01350,N,29,3,18813.93,2,2,0,6690.81,12483.33,0.8
M01351,N,25,0,6482.81,0,0,0,917.61,5572.11,0.23
M01352,N,38,2,6947.94,0,0,0,3165.82,3234.27,1.56
M01353,N,37,0,8636.27,0,1,0,2977.94,5487.07,1.12
M01354,Y,57,3,209146.87,4,4,3,66029.03,139325.2,5.85
M01355,N,47,1,11307.43,0,0,0,1691.6,7608.3,1.6
M01356,N,35,2,10539.7,0,1,0,2412.26,12367.65,1.03
M01357,N,78,3,8970.5,0,0,0,3409.4,3970.07,0.16
M01358,N,44,1,25692.44,0,3,0,5976.05,24928.92,2.45
M01359,N,49,0,5884.51,0,0,0,1275.86,7592.59,1.4
M01360,N,33,3,8585.7,0,0,0,1937.67,8708.64,1.62
M01361,N,43,1,7420.13,0,0,0,2086.34,4075.25,1.2
M01362,N,51,0,18209.18,0,0,1,3012.02,19366.01,0.29
M01363,N,42,0,6460.88,0,1,0,1539.98,6644.12,0.16
M01364,Y,47,6,341931.91,4,5,3,160777.98,150815.95,5.64
M01365,N,75,3,15338.24,0,1,0,1447.18,11099.61,2.39
M01366,N,34,2,12639.08,0,0,0,1606.42,11400.41,1.14
M01367,N,27,1,9397.73,0,0,0,3115.99,10394.1,1.94
M01368,N,27,1,19652.22,0,0,0,2448.67,13872.82,1.3
M01369,N,21,2,7109.24,1,2,0,2720.05,6460.54,2.04
M01370,N,19,2,15411.75,0,0,0,2489.13,10772.96,1.56
M01371,N,47,1,10510.61,1,0,0,791.12,7818.28,0.46
M01372,N,39,2,12195.46,2,1,0,2735.84,12411.23,1.41
M01373,N,77,2,36512.35,1,1,0,3933.08,27235.71,0.0
M01374,N,67,2,20527.14,2,2,0,5339.5,26089.14,2.14
M01375,N,34,1,10670.95,0,2,0,4785.54,7967.63,2.6
M01376,Y,56,4,277936.82,2,2,2,90937.83,234524.34,5.65
M01377,N,36,2,8357.31,1,2,1,5411.44,8155.42,1.5
M01378,N,59,1,11448.65,1,0,0,4409.44,5132.01,1.9
M01379,N,50,0,1781.7,1,0,0,1581.47,1411.36,0.54
M01380,N,50,1,12447.72,0,0,0,1896.72,8504.35,0.48
M01381,N,46,1,17758.83,0,0,0,2727.51,27203.84,0.91
M01382,N,20,2,18456.23,1,1,0,4780.64,10205.87,2.8
M01383,N,45,0,7110.25,0,0,0,1290.65,4722.8,1.63
M01384,N,60,2,10140.53,0,0,0,4872.01,3769.17,0.7
M01385,N,43,1,19703.39,0,2,0,5686.59,13941.02,1.92
M01386,N,76,0,7142.58,0,0,1,5225.37,6636.35,1.07
M01387,N,45,1,6207.68,0,0,0,1563.68,6926.41,1.56
M01388,N,37,2,28234.78,0,1,0,10398.71,37796.91,1.97
M01389,N,31,1,6236.58,1,1,0,3170.86,2706.54,0.0
M01390,N,61,1,9546.34,1,1,0,4103.68,8901.11,1.58
M01391,N,20,2,9454.08,0,1,0,2838.76,11044.98,0.09
M01392,N,55,3,4634.26,1,0,1,548.07,3808.89,0.0
M01393,N,20,3,4821.36,0,0,0,1496.31,4762.73,1.22
M01394,N,36,0,12069.94,0,2,1,2847.96,11358.44,0.88
M01395,N,45,1,11260.13,0,0,0,4206.91,7036.11,0.38
M01396,N,18,2,5337.63,0,2,0,1319.57,8312.69,0.6
M01397,N,31,1,14100.34,0,1,1,5415.68,16344.05,0.0
M01398,N,57,2,12338.54,0,0,0,4009.05,8459.56,3.55
M01399,N,31,0,8066.52,0,0,0,1621.76,7526.16,0.48
M01400,N,69,2,12845.16,0,1,0,1701.14,8586.53,2.65
M01401,N,52,2,8192.79,0,0,0,1453.64,6458.72,0.52
M01402,Y,41,4,252506.89,1,4,3,102939.78,151876.12,2.73
M01403,N,71,1,10646.98,0,2,0,5006.44,7625.06,0.44
M01404,N,24,1,25147.05,0,0,0,19104.43,8738.78,2.23
M01405,N,75,2,19890.41,0,0,0,1717.5,19333.99,0.69
M01406,N,67,2,6411.05,0,0,0,2389.07,7448.44,1.39
M01407,N,73,0,6685.61,0,1,0,4156.57,1925.71,1.48
M01408,N,48,1,10784.67,1,0,1,2808.88,8449.66,1.7
M01409,N,44,1,13568.8,0,0,0,2209.0,18599.41,0.0
M01410,N,60,1,9947.42,0,1,0,1706.96,7326.57,1.5
M01411,N,18,2,18957.52,0,0,0,6650.51,21191.91,1.21
M01412,N,67,0,10697.29,0,0,0,3340.07,11495.04,0.99
M01413,N,68,1,5659.5,0,0,1,3959.71,4356.76,0.79
M01414,N,27,0,10771.89,0,2,1,9875.64,6691.79,0.0
M01415,N,51,0,16044.46,0,2,0,3793.43,10099.23,3.47
M01416,N,55,2,15551.43,0,1,0,8384.45,9007.37,2.76
M01417,Y,46,5,387626.39,2,3,3,203939.14,310045.53,5.33
M01418,N,44,2,9470.94,0,0,0,4974.67,4523.65,0.81
M01419,N,44,0,4090.21,0,0,0,925.5,2604.74,0.27
M01420,N,37,1,16526.22,0,0,0,2585.06,18450.49,0.68
M01421,N,70,1,9133.63,0,1,0,3161.7,8174.36,1.65
M01422,N,67,0,12188.64,0,1,1,5225.64,13704.47,1.87
M01423,N,78,1,6040.22,0,0,0,1577.57,7288.13,1.26
M01424,N,51,2,15279.3,1,2,0,7585.79,12846.3,1.83
M01425,N,23,1,9973.14,0,0,0,2273.79,6554.2,2.1
M01426,N,72,2,32402.57,1,1,0,2228.75,26658.75,3.24
M01427,N,34,1,13886.93,0,0,0,2413.82,11000.46,1.23
M01428,N,40,2,28572.7,1,0,0,7199.32,17097.18,0.0
M01429,N,77,0,10649.24,1,0,0,3429.35,6906.24,0.33
M01430,N,54,0,3742.39,0,1,0,999.35,4077.72,0.7
M01431,N,50,2,12380.68,0,0,1,2460.39,9855.83,1.38
M01432,N,66,1,25259.34,0,1,0,14764.52,14119.51,1.27
M01433,N,63,0,16435.11,0,2,0,2685.03,11707.1,1.49
M01434,N,42,0,17176.6,0,1,0,6445.18,10144.49,0.49
M01435,N,55,3,19904.3,1,0,1,5726.53,11357.14,2.63
M01436,N,25,2,27421.81,0,1,1,6612.41,15861.19,0.55
M01437,N,65,0,4793.66,0,0,0,709.41,3681.94,0.49
M01438,N,63,1,15511.7,0,0,0,12548.35,10367.99,0.68
M01439,N,54,0,5991.1,0,0,0,4145.39,3166.26,0.5
M01440,Y,81,6,182138.45,3,5,4,78118.24,153836.02,7.37
M01441,N,55,4,15936.18,0,3,1,7714.6,12672.63,1.09
M01442,N,62,1,8067.28,0,0,0,2403.15,9000.87,0.39
M01443,N,74,0,10147.45,1,0,2,1823.6,8478.41,0.85
M01444,N,56,1,14909.63,0,0,0,6775.28,8343.83,1.34
M01445,N,40,1,27060.59,0,0,1,4362.1,21479.87,1.57
M01446,N,74,1,18553.76,1,0,1,4420.25,12485.84,2.37
M01447,N,25,0,4243.31,0,0,0,1607.28,3540.36,0.0
M01448,N,47,0,11110.21,1,0,0,1813.71,12519.15,0.0
M01449,N,38,0,7665.85,0,1,0,1816.73,8484.75,1.32
M01450,N,66,1,9505.71,0,1,0,2163.57,9689.58,2.08
M01451,N,60,0,7781.41,0,0,0,2126.87,4805.43,1.43
M01452,N,29,0,9090.97,0,2,0,2884.49,4710.35,2.35
M01453,N,36,0,11519.68,1,1,0,1795.43,13638.1,0.0
M01454,N,60,0,26562.05,2,2,0,6623.17,15042.49,2.55
M01455,N,21,2,22169.87,0,1,1,2673.51,17868.51,1.98
M01456,N,58,1,7160.06,0,0,1,370.26,6409.45,1.03
M01457,N,39,0,15242.29,0,0,1,1380.91,11856.11,0.05
M01458,N,31,1,13416.66,0,1,0,2430.26,10665.88,1.29
M01459,N,22,1,19832.87,0,2,2,11171.21,20710.95,2.33
M01460,Y,54,5,335195.81,2,2,3,124420.61,178978.26,3.95
M01461,Y,80,5,241963.9,5,4,2,54093.32,222514.72,7.8
M01462,N,41,0,5984.86,0,0,0,2067.23,4433.11,0.95
M01463,N,46,1,7273.93,0,0,0,2828.89,6705.15,0.82
M01464,N,56,0,26807.8,0,1,0,13513.45,16390.39,0.78
M01465,N,31,1,15116.75,0,0,0,4107.95,10928.56,0.49
M01466,N,25,1,5065.64,0,0,0,2151.38,3239.89,0.42
M01467,N,44,0,7396.57,0,0,0,1389.1,4858.77,0.3
M01468,N,63,1,16751.91,1,1,2,5761.73,14489.51,1.59
M01469,N,75,0,17480.35,1,1,0,988.35,18144.58,2.55
M01470,N,46,2,14872.72,0,1,0,9824.12,7853.75,1.13
M01471,N,70,1,9593.56,0,0,0,3297.96,9237.28,0.67
M01472,N,57,3,19813.97,1,1,2,14886.36,11797.08,2.85
M01473,N,19,2,8258.84,0,1,0,2405.5,9893.28,2.53
M01474,N,60,4,35546.4,1,2,0,4411.42,24898.67,2.08
M01475,N,28,2,5925.57,0,0,0,1390.6,3785.75,1.0
M01476,N,63,0,6836.67,0,1,0,3554.59,8700.91,0.58
M01477,N,64,0,9137.11,0,0,0,2478.98,12326.77,0.9
M01478,N,63,2,15312.87,0,0,0,8018.75,4512.02,0.94
M01479,N,70,2,10698.43,0,0,0,5594.77,8092.46,1.41
M01480,N,26,0,2066.16,1,0,0,1519.58,2081.92,0.22
M01481,N,45,0,14468.05,0,0,0,6207.42,5826.35,1.49
M01482,N,26,2,10186.66,0,0,1,1799.69,13421.24,0.0
M01483,N,35,2,4426.18,1,0,1,2558.31,2218.23,1.09
M01484,N,38,1,14171.54,0,2,0,1324.54,22214.69,1.21
M01485,N,58,0,6038.22,0,0,0,1599.96,5761.68,0.37
M01486,N,25,3,43639.15,0,2,1,8083.49,46574.21,0.99
M01487,N,30,1,25079.99,0,0,1,7848.97,18960.28,1.32
M01488,N,39,1,4696.84,0,0,1,2164.78,4151.7,1.09
M01489,Y,45,5,207199.31,1,1,1,42040.9,139323.78,4.89
M01490,N,48,3,16467.7,0,3,0,4452.51,20254.95,0.49
M01491,N,30,1,9170.23,0,0,0,2533.95,8279.44,0.0
M01492,N,41,0,8083.07,0,1,1,3279.7,6588.21,0.39
M01493,N,36,2,7216.77,0,0,0,2055.03,4366.64,1.05
M01494,N,23,0,20477.29,0,1,0,9232.73,15052.5,1.44
M01495,N,76,1,12107.48,0,0,0,4572.73,9311.38,0.03
M01496,N,25,1,5259.97,0,2,0,1367.87,3929.2,0.0
M01497,N,53,0,8698.33,0,2,0,4049.81,3888.7,1.91
M01498,N,57,1,5607.22,0,1,0,1171.73,5924.86,1.06
M01499,N,77,1,17106.23,0,0,0,2239.53,19424.56,0.71
M01500,N,51,2,34123.48,0,0,1,5282.96,25150.25,1.3
M01501,N,39,1,4470.74,0,0,0,662.5,5848.48,1.03
M01502,N,59,2,30588.7,0,2,2,12571.69,16655.79,1.1
M01503,N,26,0,17231.19,1,1,1,6197.04,14688.29,1.83
M01504,N,60,0,2332.92,0,0,0,484.89,2450.74,0.79
M01505,N,66,2,13122.35,0,1,0,6949.07,13830.74,0.0
M01506,N,18,1,7283.78,1,0,0,1743.25,4673.61,1.29
M01507,N,70,1,4327.95,0,0,0,1167.76,3575.33,1.38
M01508,N,44,0,6213.46,0,0,0,2312.42,4639.04,1.15
M01509,N,77,0,6501.98,0,1,0,3051.04,7314.44,1.72
M01510,N,65,0,17703.41,0,0,0,3636.66,10701.68,1.65
M01511,N,31,2,26683.35,0,2,0,8956.64,19789.54,2.71
M01512,N,31,1,14771.69,0,1,1,3955.85,8813.83,0.47
M01513,N,51,0,4958.13,0,0,0,1748.99,4677.38,1.11
M01514,N,60,1,6726.86,0,1,0,2205.65,4604.08,2.43
M01515,N,34,0,8370.85,0,2,1,2108.5,6815.32,0.57
M01516,Y,79,5,194853.38,4,3,1,92756.47,93237.43,3.87
M01517,N,56,0,3857.89,0,0,0,2095.58,3706.05,2.23
M01518,N,24,1,8593.02,0,0,0,5932.37,4177.08,1.53
M01519,N,46,1,22300.32,1,0,0,15346.33,5678.49,1.14
M01520,N,36,0,6804.81,1,1,0,4157.59,4948.75,0.54
M01521,N,69,1,23005.69,0,1,0,3290.36,16714.31,1.13
M01522,N,18,0,8209.85,1,0,0,2557.54,4057.2,0.0
M01523,N,23,0,8562.99,0,0,1,786.11,6629.85,2.3
M01524,N,29,1,12516.86,0,0,0,3982.88,6368.01,2.92
M01525,N,63,1,9138.61,1,0,1,3259.55,6010.3,0.87
M01526,N,30,0,21310.13,0,0,0,3613.29,15543.02,1.95
M01527,N,62,1,2173.11,0,0,0,422.24,2565.79,1.67
M01528,N,68,0,6962.86,0,0,0,1383.19,6390.02,0.23
M01529,N,54,0,10489.19,0,0,0,1130.24,17180.79,0.54
M01530,N,57,1,17355.72,1,2,1,1893.15,18076.67,0.71
M01531,N,31,1,4066.67,0,1,0,686.16,4922.53,0.96
M01532,N,41,1,13934.37,0,1,0,1367.39,9974.09,0.42
M01533,N,55,1,18482.96,0,0,0,7868.38,19496.74,1.17
M01534,N,45,2,7774.85,0,0,0,2370.58,8926.04,0.64
M01535,N,77,1,3057.2,0,0,0,2904.2,2439.3,0.0
M01536,N,37,1,17095.7,0,2,2,6449.31,17946.74,0.72
M01537,N,28,2,9871.12,0,1,0,998.53,7106.3,0.0
M01538,N,62,0,31452.31,0,0,1,5288.79,21948.49,1.55
M01539,N,20,0,8070.79,0,0,0,575.94,6158.46,0.43
M01540,N,58,0,15745.35,0,0,0,1509.19,11345.87,0.15
M01541,N,48,0,15497.78,0,0,1,2662.6,9777.15,1.12
M01542,N,65,0,35270.97,0,0,2,1996.48,32593.47,1.82
M01543,N,52,0,37369.62,0,1,0,1377.97,30172.49,1.51
M01544,N,36,1,26380.34,0,1,0,921.28,23509.06,1.27
M01545,N,77,1,4488.37,0,0,0,1823.62,5319.41,0.52
M01546,N,57,2,5865.73,1,1,0,962.27,9078.86,0.83
M01547,N,46,1,20564.06,0,0,0,1566.06,24669.84,0.02
M01548,N,31,1,4484.54,0,1,0,3200.96,2606.38,1.91
M01549,N,49,1,5465.79,0,0,0,999.31,6217.45,0.54
M01550,N,49,2,13094.39,0,1,0,1273.18,13734.99,0.47
M01551,N,62,1,8263.69,0,1,0,2966.32,7734.61,2.15
M01552,N,45,2,6429.1,1,0,0,970.94,4303.48,0.35
M01553,N,26,1,11349.4,0,0,1,9203.5,11356.15,1.32
M01554,N,24,0,13476.75,0,1,0,3154.65,8798.71,2.28
M01555,N,36,0,15512.83,0,0,0,6367.72,10288.03,1.27
M01556,N,61,0,16229.96,0,0,0,2677.73,20487.08,1.71
M01557,N,43,1,6835.66,2,0,0,3213.69,2435.88,0.83
M01558,N,55,1,12341.0,0,1,0,1456.1,12392.24,0.0
M01559,N,58,0,7842.9,1,0,1,3613.22,4802.16,0.53
M01560,N,60,1,10747.95,0,0,0,2469.51,8527.34,1.09
M01561,N,54,0,4204.97,0,1,0,2539.1,4402.17,1.06
M01562,N,61,0,8118.01,0,0,1,2503.45,8053.65,0.91
M01563,N,56,0,9930.57,1,0,0,2204.83,14635.94,0.48
M01564,N,52,0,13674.88,0,1,0,2872.14,8317.99,0.48
M01565,N,51,0,16059.05,0,1,0,2404.31,14988.58,2.69
M01566,N,40,1,7474.16,0,0,1,2945.65,3918.53,0.95
M01567,N,58,0,6958.48,0,0,0,3692.86,7585.74,1.41
M01568,N,56,1,24047.23,0,0,1,2317.16,17049.06,0.84
M01569,N,50,2,16040.19,0,1,1,14945.1,7693.61,2.05
M01570,N,71,1,14281.43,0,0,0,4622.06,16746.16,1.1
M01571,N,68,0,13170.51,0,0,0,7884.08,7914.92,0.0
M01572,N,59,3,51827.98,0,1,0,16922.22,35625.02,1.98
M01573,N,26,1,11489.98,0,0,0,3665.45,14635.39,0.33
M01574,N,64,0,23469.54,0,0,1,2622.93,30559.45,2.66
M01575,N,30,2,19673.65,0,2,1,2688.96,26646.57,2.21
M01576,N,62,1,9362.53,0,0,0,2152.62,8799.0,1.97
M01577,Y,69,3,146847.05,3,2,5,89570.26,78139.7,3.62
M01578,N,56,0,29144.26,1,0,2,12879.57,25125.56,1.81
M01579,N,40,0,10704.86,0,1,0,3970.27,7736.33,0.0
M01580,N,48,2,8632.16,0,0,0,1796.7,6393.02,0.0
M01581,N,71,0,11421.35,0,0,0,911.07,11913.61,0.86
M01582,Y,44,4,142701.71,4,3,3,32838.49,137207.58,6.13
M01583,N,59,2,6180.5,0,0,0,1163.26,5748.42,0.0
M01584,N,35,0,8270.8,0,0,0,3466.84,5249.6,0.0
M01585,N,60,1,7936.58,1,0,0,4175.81,4927.49,0.81
M01586,N,45,1,23021.96,0,1,0,9888.94,15366.88,1.43
M01587,N,58,3,11323.99,1,1,0,2420.68,12177.39,1.43
M01588,N,76,1,13321.13,1,0,0,2115.5,10324.93,0.56
M01589,N,73,1,11185.89,0,0,1,1432.03,8154.16,0.64
M01590,N,70,2,18152.63,0,1,0,2670.38,22879.45,1.75
M01591,Y,69,4,416480.8,5,4,6,119554.37,253753.03,6.14
M01592,N,76,0,4580.75,0,1,0,2235.35,2758.73,0.01
M01593,N,22,0,25429.26,1,0,1,15380.93,30614.73,1.46
M01594,N,74,0,27881.72,0,0,0,1934.18,36020.65,0.96
M01595,N,77,2,11502.35,1,0,0,2848.58,12835.67,0.33
M01596,N,65,1,17981.46,0,0,0,5244.6,9227.7,1.37
M01597,N,56,1,13813.36,0,0,1,2160.27,9998.21,1.07
M01598,N,64,1,5199.69,0,1,0,2612.22,6495.79,0.96
M01599,N,58,0,17798.24,0,0,1,10701.82,10869.14,0.18
M01600,N,20,0,7934.75,1,0,0,2669.26,5572.27,0.69
M01601,N,47,0,8291.9,0,0,0,3785.72,5501.16,1.58
M01602,N,39,1,13632.49,0,0,0,306.3,14351.56,0.52
M01603,N,74,1,11711.09,0,1,0,2432.48,11065.17,0.5
M01604,N,38,2,10840.11,0,1,0,2518.54,8258.02,1.13
M01605,N,48,2,3404.31,0,0,0,2701.46,3210.43,0.22
M01606,N,67,1,12490.72,0,0,1,1918.34,17845.68,1.69
M01607,N,46,1,8542.61,0,3,0,450.32,9633.55,1.8
M01608,N,48,1,4800.06,0,0,0,1242.38,7272.84,1.44
M01609,N,50,0,10688.8,0,0,1,3316.39,12500.93,0.96
M01610,N,53,2,14386.77,0,0,0,6664.63,13309.83,1.01
M01611,N,55,2,14906.3,0,1,2,4084.36,9980.01,1.81
M01612,N,24,0,6388.83,0,0,0,3705.49,4523.98,2.0
M01613,N,57,1,5954.08,0,2,0,1240.68,4876.23,2.31
M01614,N,76,0,13757.26,0,1,0,12472.31,5585.34,1.18
M01615,N,47,3,15734.46,1,1,0,3840.13,9037.04,1.02
M01616,N,60,2,12150.57,1,0,1,7116.98,8874.99,1.82
M01617,N,30,0,31172.43,0,1,0,4018.76,24733.03,1.15
M01618,N,49,1,7985.21,0,2,0,3892.64,6681.8,0.1
M01619,N,39,0,10046.92,0,2,0,2518.02,15358.81,1.7
M01620,N,23,2,8947.54,1,0,0,2325.21,5892.39,0.93
M01621,N,21,0,4987.16,0,0,1,2141.95,5364.89,0.19
M01622,N,59,1,14818.81,0,0,1,4411.19,14521.38,2.45
M01623,N,47,2,9981.28,0,0,0,5438.23,9041.73,1.33
M01624,N,75,2,7988.43,0,0,0,857.61,8955.08,0.0
M01625,N,56,1,14150.52,0,1,0,4252.8,13481.81,2.05
M01626,N,51,1,24381.42,0,1,0,4644.13,16517.69,1.7
M01627,Y,84,4,163111.96,4,5,2,58063.04,142559.61,2.56
M01628,N,30,2,24793.9,0,1,0,3633.8,30342.22,1.68
M01629,N,30,1,9199.88,2,1,0,1150.5,10997.35,0.03
M01630,N,22,0,16481.52,0,0,0,9543.75,10092.35,1.55
M01631,N,67,2,16085.06,0,0,0,3653.68,13057.76,1.33
M01632,N,78,1,20785.21,0,0,0,16334.79,11178.47,1.89
M01633,N,65,0,18013.21,0,2,1,2384.33,13668.79,1.92
M01634,N,23,1,12273.66,0,0,1,1655.17,9274.81,0.43
M01635,N,63,0,6370.68,0,0,0,4952.43,5390.96,0.0
M01636,N,42,2,12618.09,0,0,2,4335.48,9107.64,0.7
M01637,Y,66,5,267066.88,2,4,3,93437.69,208071.96,3.89
M01638,N,53,3,4913.75,0,1,0,5377.48,3119.28,1.5
M01639,N,66,1,12042.81,0,2,0,2053.59,11891.75,1.17
M01640,N,67,1,7473.37,1,0,0,1692.08,6219.25,2.05
M01641,N,47,2,3797.92,0,0,0,1742.41,4732.0,0.0
M01642,N,70,0,4141.54,0,0,0,663.66,5650.9,1.52
M01643,N,62,2,23322.28,0,0,0,15462.86,6225.09,0.91
M01644,N,24,2,5837.51,0,1,0,1545.39,5904.98,1.57
M01645,N,27,2,5678.4,0,2,1,1068.88,5025.86,0.0
M01646,N,58,4,11772.83,0,3,0,4747.63,9407.68,0.77
M01647,N,33,2,6342.34,0,0,1,1675.4,4628.59,0.96
M01648,N,44,0,20724.82,0,2,1,2248.47,15214.23,0.29
M01649,N,78,2,8062.82,0,0,0,3680.03,3651.96,2.03
M01650,N,19,3,24132.46,1,2,1,18944.31,8994.77,1.63
M01651,N,59,1,9868.16,0,0,0,2249.42,10801.43,0.95
M01652,Y,71,3,270005.63,4,3,2,118078.09,117555.98,3.59
M01653,Y,55,5,185039.34,2,4,6,134160.85,99824.07,5.53
M01654,N,36,0,17758.52,0,1,1,5125.02,11364.18,2.59
M01655,N,71,2,4098.63,0,1,1,1003.9,5546.35,1.62
M01656,N,35,1,6061.54,0,0,0,5457.72,4879.46,0.65
M01657,N,24,1,6030.16,0,1,0,1790.96,8021.15,1.45
M01658,N,65,1,17702.28,0,0,1,4874.96,11932.75,2.2
M01659,N,66,1,5130.05,0,0,0,448.32,4775.02,1.2
M01660,N,55,0,28099.7,0,0,0,1032.83,21458.32,0.65
M01661,N,60,0,7898.66,0,0,0,6808.62,7281.32,1.29
M01662,N,38,1,21008.67,0,1,0,7514.71,15688.14,1.29
M01663,N,55,1,9007.29,0,0,0,996.76,12516.36,1.74
M01664,N,59,0,19134.07,0,2,0,2100.42,13813.67,1.17
M01665,Y,55,5,344931.03,4,5,6,79206.9,239850.65,6.17
M01666,N,19,2,7789.19,0,0,0,1778.07,4819.33,0.0
M01667,N,30,2,23184.37,0,0,1,10147.68,8876.4,1.07
M01668,Y,79,3,340183.96,4,2,2,153655.92,181638.52,5.69
M01669,N,56,0,7091.54,0,1,0,4034.92,7281.17,0.49
M01670,N,56,2,8950.72,0,1,1,4036.01,8625.01,2.06
M01671,N,70,0,7302.68,0,1,0,1814.44,4129.65,0.0
M01672,N,73,2,35739.29,1,1,0,3512.73,37191.91,2.15
M01673,N,75,2,9408.52,0,1,0,832.69,7945.0,1.41
M01674,N,42,2,3533.33,0,0,0,1967.96,2890.82,0.62
M01675,N,35,0,7978.77,0,0,0,4509.93,7407.53,1.45
M01676,N,78,1,11386.97,0,3,0,1819.03,10456.04,0.0
M01677,N,45,2,22841.87,0,0,1,11683.81,17349.27,1.25
M01678,N,61,0,6474.75,0,0,0,5125.24,6322.32,1.26
M01679,N,74,2,11431.15,1,0,0,1009.24,8276.74,1.52
M01680,N,36,0,14608.76,0,2,0,1352.34,13608.33,0.0
M01681,N,68,2,8720.6,0,0,0,5497.1,5204.19,1.93
M01682,N,34,0,21576.81,1,1,0,717.19,16564.07,0.44
M01683,N,38,0,8019.51,0,0,0,3099.17,5921.45,1.8
M01684,N,46,0,5735.46,0,0,0,804.3,5125.52,0.72
M01685,N,57,0,2929.82,0,1,0,442.13,2414.26,0.73
M01686,N,35,1,17792.58,1,0,0,9191.16,7222.06,0.0
M01687,N,66,0,8457.31,0,0,0,3373.56,5464.58,1.03
M01688,N,48,3,17428.8,1,1,1,5639.37,14837.94,1.75
M01689,N,69,0,6171.06,0,0,1,4998.53,2851.68,1.47
M01690,N,49,2,11881.79,0,0,0,1909.97,17140.53,1.33
M01691,N,24,1,3782.48,0,1,0,479.0,3680.35,0.0
M01692,N,77,1,5580.07,0,0,0,1702.65,7077.25,0.0
M01693,N,32,0,16543.02,0,0,2,3834.08,10570.37,0.0
M01694,N,65,0,8626.08,0,0,0,3524.37,3947.57,1.28
M01695,N,25,2,4083.17,1,1,1,1496.72,5840.96,0.88
M01696,N,69,0,10111.76,0,1,0,2218.42,8847.44,0.5
M01697,N,65,1,8196.86,0,1,0,2481.19,7757.32,0.33
M01698,N,36,1,16503.18,0,1,1,2836.79,14683.52,1.6
M01699,N,72,4,15188.25,0,0,0,3756.92,11802.46,0.58
M01700,N,63,1,20966.68,0,1,2,2932.74,21021.55,1.63
M01701,N,47,0,4178.32,0,1,0,2973.41,3166.85,0.0
M01702,N,32,3,26547.12,1,1,1,5832.93,20916.2,2.48
M01703,N,47,1,11995.92,0,1,1,1371.4,11147.79,1.77
M01704,N,18,0,12442.79,0,3,0,13248.17,5832.95,1.41
M01705,N,64,1,20849.67,0,0,0,5608.13,19813.42,1.85
M01706,N,57,3,24519.97,0,2,1,6789.92,22949.1,1.85
M01707,N,25,3,12528.63,0,0,0,4577.86,7373.32,1.29
M01708,N,46,1,17031.97,1,2,0,9176.36,9965.74,1.91
M01709,N,65,1,21282.22,0,0,0,2677.22,16030.9,1.25
M01710,N,32,0,8418.84,0,0,0,961.75,9456.1,0.14
M01711,N,74,1,8034.67,0,2,1,3650.91,7930.29,0.68
M01712,N,28,0,12257.98,0,0,1,5615.91,14430.76,2.33
M01713,N,62,1,7210.69,0,1,0,1442.92,4927.18,0.0
M01714,N,32,2,13874.36,0,0,0,2584.73,14442.96,1.03
M01715,N,70,2,12154.93,0,2,0,6896.48,7804.23,0.76
M01716,N,29,0,24337.58,0,0,1,3392.55,18591.99,0.92
M01717,N,43,1,7787.52,1,1,1,5085.45,6849.64,1.59
M01718,N,59,0,13049.79,1,2,0,1455.79,10775.09,0.0
M01719,N,69,2,8862.64,0,0,1,1035.24,10940.07,0.35
M01720,N,52,1,7500.83,0,1,0,2076.69,4341.2,0.36
M01721,N,45,1,6509.81,2,0,0,4256.18,6744.27,0.0
M01722,Y,72,3,325866.01,4,4,2,173112.37,130969.66,6.16
M01723,N,38,2,8103.32,0,0,0,2812.57,8449.22,0.54
M01724,N,19,1,37986.26,0,2,0,4800.94,26188.43,1.7
M01725,N,51,2,7808.25,0,1,0,871.66,7363.11,0.35
M01726,N,39,0,18270.08,0,0,1,7867.87,15642.78,1.43
M01727,N,28,2,5102.26,1,1,0,719.08,4323.63,0.0
M01728,N,26,2,5316.06,0,0,0,1644.33,6320.1,0.85
M01729,N,73,0,10116.23,0,2,0,3661.96,10412.01,0.74
M01730,N,53,0,2666.21,0,0,0,793.28,2752.36,1.33
M01731,N,31,1,11873.98,0,0,1,1598.51,11770.78,0.0
M01732,N,46,1,10366.46,1,3,0,2830.32,13513.73,0.75
M01733,N,41,1,17928.31,1,2,1,1054.85,13945.65,2.47
M01734,N,23,1,17523.14,0,1,0,7572.96,14887.46,0.47
M01735,N,21,0,6502.97,0,2,0,1542.23,8031.55,1.23
M01736,Y,63,6,539963.98,2,8,1,104351.29,363775.61,5.17
M01737,N,42,0,9564.78,0,2,0,5198.4,4508.15,0.3
M01738,N,59,1,28998.54,1,2,0,1157.32,30466.57,1.41
M01739,N,21,1,29912.48,1,1,0,1945.7,24310.0,0.99
M01740,N,29,0,3748.31,0,1,0,406.96,4493.99,0.18
M01741,N,75,0,5308.36,0,2,0,2054.04,2861.34,0.52
M01742,Y,81,5,291666.6,2,2,4,85629.33,192959.93,7.03
M01743,N,68,3,20607.71,0,2,1,3917.75,13532.09,3.12
M01744,N,69,2,6718.9,1,2,0,3199.7,8969.93,0.0
M01745,N,63,2,15573.95,0,2,0,2933.57,19882.46,1.92
M01746,N,72,2,12301.36,0,1,0,6500.14,12434.02,1.6
M01747,N,73,2,15877.28,0,0,0,6755.2,11367.74,2.08
M01748,N,75,1,20486.45,0,1,0,6130.59,11024.09,0.46
M01749,N,21,2,18473.16,0,1,2,10749.53,11781.67,1.31
M01750,N,74,1,18643.24,0,1,1,6075.14,15424.4,1.56
M01751,N,31,0,3948.19,1,0,0,887.31,3182.88,0.0
M01752,N,54,1,8708.61,1,0,0,3302.04,5663.75,1.43
M01753,N,71,0,3869.15,0,0,0,734.38,5191.04,0.71
M01754,N,47,0,9688.72,1,0,0,3586.27,7998.24,0.54
M01755,N,68,1,4177.0,0,0,0,376.36,5704.6,1.57
M01756,N,58,2,22134.7,0,1,0,12391.97,9823.27,1.98
M01757,N,21,1,61953.13,1,2,2,12042.33,38253.31,3.13
M01758,N,28,0,11151.43,1,0,0,1229.26,14765.18,0.0
M01759,N,65,4,12117.53,0,2,0,6213.19,15346.7,1.06
M01760,N,49,1,8856.24,0,0,0,753.68,7066.62,0.34
M01761,N,42,0,4364.91,0,1,0,2512.97,2197.55,0.0
M01762,N,41,1,16854.48,0,1,0,7491.28,21069.06,2.63
M01763,N,53,1,21135.67,0,0,0,4564.04,14475.72,1.66
M01764,N,69,2,8697.59,0,0,2,6403.73,8181.45,2.85
M01765,N,68,1,6875.43,0,2,1,917.29,6511.97,0.7
M01766,Y,66,6,244564.81,4,5,5,164072.75,147829.24,5.6
M01767,N,33,2,12064.42,2,0,1,2084.0,10124.62,1.98
M01768,N,36,0,6950.42,1,1,0,1510.53,4886.59,0.35
M01769,N,54,3,8341.24,1,2,0,3805.05,10010.88,1.24
M01770,N,71,1,8558.15,0,1,0,6965.36,4342.24,0.51
M01771,N,47,0,8767.29,1,0,1,6292.82,8335.0,2.44
M01772,N,19,1,8232.12,0,0,0,3943.09,2862.56,0.86
M01773,N,21,2,14211.48,0,0,0,3196.25,9451.48,1.29
M01774,N,37,3,10104.03,0,3,0,2457.0,12511.15,1.18
M01775,N,56,0,8690.34,0,0,1,5055.72,5491.78,0.0
M01776,N,33,1,11769.84,0,1,0,1752.14,9933.77,1.52
M01777,N,55,0,7045.51,0,0,0,2187.75,8788.57,0.41
M01778,N,45,1,25005.13,0,0,0,4436.77,22185.03,1.39
M01779,N,30,2,16707.48,0,0,2,1732.76,12393.34,1.79
M01780,N,42,0,11650.31,0,1,0,1884.22,8908.46,0.12
M01781,N,69,2,44258.16,0,2,0,2154.73,33612.08,1.33
M01782,N,54,1,5298.45,0,1,0,2942.64,6496.01,1.95
M01783,N,20,2,11751.0,0,1,1,5447.97,15525.6,1.69
M01784,N,67,0,5129.73,0,1,0,2347.91,6894.69,0.0
M01785,N,64,2,9642.86,0,0,0,3251.59,7801.22,0.36
M01786,N,61,2,9936.39,0,1,0,1462.99,6890.17,0.48
M01787,Y,41,2,188552.06,2,5,5,63323.04,132665.83,5.93
M01788,N,71,1,16763.78,0,2,0,1327.87,19345.97,1.61
M01789,N,41,1,13457.29,0,1,1,5698.1,10517.03,2.28
M01790,N,30,2,24466.84,1,0,0,5239.55,28695.56,3.47
M01791,N,52,2,10702.29,1,0,0,1940.67,11512.19,1.0
M01792,Y,60,5,113949.08,1,2,5,65425.65,78540.14,3.04
M01793,N,70,2,11121.84,0,2,0,1155.22,10913.16,0.1
M01794,N,38,2,12036.45,0,0,0,9386.06,12447.4,1.79
M01795,N,53,0,4634.83,0,1,0,1785.89,4153.87,1.87
M01796,N,31,0,8018.63,1,2,0,5797.03,4566.59,2.17
M01797,N,53,2,11648.09,1,0,0,1376.44,12140.4,1.54
M01798,N,68,0,7311.6,0,0,0,2481.55,8478.36,0.52
M01799,N,23,1,9939.01,0,2,0,3537.69,11675.62,0.98
M01800,N,51,0,17985.74,1,0,0,14617.01,14118.97,0.78
M01801,Y,78,4,224510.77,2,4,6,90925.23,107042.53,3.99
M01802,N,48,0,4790.96,1,1,0,2126.26,3765.6,0.75
M01803,N,76,0,3947.34,0,0,0,1892.73,1781.18,0.92
M01804,N,28,3,10458.34,1,1,0,1266.84,8716.25,0.31
M01805,N,76,0,4108.76,1,1,0,567.15,6585.47,1.29
M01806,N,24,1,15834.35,0,0,1,3680.69,12624.25,1.66
M01807,N,32,2,16656.9,0,2,0,2996.55,11996.54,0.77
M01808,N,38,0,6660.91,0,0,0,2134.74,8674.79,0.58
M01809,N,64,0,11350.32,0,0,0,5060.59,8267.05,1.04
M01810,N,28,2,9175.98,0,1,0,2673.06,12151.11,1.67
M01811,N,76,3,7041.65,0,0,0,2858.48,5326.91,0.23
M01812,N,19,0,7500.2,0,0,0,2329.47,7301.18,0.0
M01813,N,75,3,17137.5,0,0,0,11645.38,19351.46,2.14
M01814,N,54,2,5957.76,0,0,0,1059.67,3979.51,0.0
M01815,N,30,1,17001.62,0,2,0,1290.32,15356.94,0.44
M01816,Y,70,8,269500.03,2,4,3,70753.48,159547.65,4.12
M01817,N,59,1,9264.91,0,1,0,698.21,7313.48,0.49
M01818,N,49,2,9321.11,1,1,0,5743.46,10940.74,1.9
M01819,N,66,1,8847.28,0,1,0,2672.56,9404.24,0.93
M01820,N,51,0,21481.92,0,1,0,2368.48,25340.64,0.0
M01821,N,76,2,12325.21,0,0,0,1889.52,8043.29,0.58
M01822,N,49,1,18375.49,0,1,0,12067.57,5006.1,1.7
M01823,N,28,1,10032.02,1,0,0,2446.78,12062.16,0.5
M01824,N,73,0,16520.29,0,0,2,1538.58,13662.14,1.26
M01825,N,29,1,3535.93,0,0,1,1079.02,3164.51,0.43
M01826,N,56,0,9558.74,0,3,0,3415.9,5636.75,2.78
M01827,Y,71,4,293612.46,3,2,2,145379.59,121373.34,4.75
M01828,N,47,1,5748.2,1,0,0,1417.63,5131.21,0.2
M01829,N,37,1,22366.62,1,0,1,3192.53,23945.66,0.56
M01830,N,25,0,7955.83,0,0,0,1455.69,5283.51,1.58
M01831,N,63,2,21763.95,0,1,1,847.7,20318.84,1.29
M01832,N,55,0,2791.88,0,0,0,1496.11,2348.59,1.37
M01833,N,48,1,32907.08,0,1,0,11205.93,19804.17,2.12
M01834,N,51,0,16354.7,0,1,0,1483.88,11632.32,0.63
M01835,N,63,1,11510.49,0,1,0,2800.41,7059.57,1.74
M01836,Y,83,6,270546.89,1,3,7,53625.48,195048.85,6.8
M01837,N,56,3,6377.06,1,1,0,1199.05,6550.19,1.66
M01838,N,72,1,21851.89,0,0,1,6302.8,11307.21,1.67
M01839,N,49,2,9147.07,0,0,0,754.58,11924.67,1.92
M01840,N,61,0,3839.54,0,0,1,1974.88,3385.23,1.98
M01841,N,41,2,14494.37,0,0,0,2377.14,10852.92,0.49
M01842,N,31,0,9399.44,0,2,0,679.2,12283.99,0.0
M01843,N,51,2,9371.95,0,0,0,2191.27,6546.18,1.1
M01844,N,62,0,16273.8,0,0,0,3762.28,9259.94,1.53
M01845,N,77,1,7650.72,0,0,0,2265.97,4014.57,0.2
M01846,N,21,1,10064.77,0,0,2,3914.02,5991.93,0.63
M01847,N,34,3,14195.69,0,0,0,6544.71,7372.43,2.18
M01848,N,49,0,2762.77,0,1,1,427.24,3573.36,0.23
M01849,N,58,0,4687.93,0,1,1,2146.95,3779.81,2.52
M01850,N,72,0,11072.71,0,0,1,2047.71,15045.59,0.79
M01851,N,34,1,14702.24,0,1,0,4209.79,18072.2,2.29
M01852,N,63,0,8318.72,0,0,0,858.57,7274.37,1.01
M01853,N,21,1,23613.97,0,0,1,13734.97,10630.92,1.81
M01854,N,57,2,21387.42,2,0,0,9901.75,8236.51,2.45
M01855,N,55,2,17356.15,0,0,0,1987.18,13282.76,0.29
M01856,N,47,0,7112.64,0,1,0,2506.44,8614.4,0.88
M01857,N,43,0,20378.14,0,2,1,6971.96,10458.06,1.42
M01858,N,48,1,13944.92,2,0,1,3747.0,10114.03,1.41
M01859,N,72,1,8622.04,2,2,0,7060.03,7916.13,2.47
M01860,N,40,1,10010.53,1,1,0,2381.14,12252.84,1.37
M01861,N,40,0,5736.5,0,0,0,1663.51,4257.6,0.63
M01862,N,59,2,4415.87,0,0,0,1765.34,4300.05,0.38
M01863,N,59,0,33130.27,0,2,0,14430.49,18281.51,1.99
M01864,N,36,0,7628.84,1,1,0,3397.01,3395.05,0.75
M01865,N,34,0,8159.15,0,1,0,2875.78,7537.87,0.87
M01866,N,76,1,12411.14,1,1,1,673.79,10280.88,1.64
M01867,N,40,1,15439.59,2,0,1,7660.52,5398.4,0.0
M01868,N,43,1,9582.93,0,2,0,4409.03,6161.0,2.32
M01869,N,39,2,14048.84,0,1,0,3761.27,8299.77,2.5
M01870,N,49,3,6909.15,0,2,0,1040.69,6929.55,2.34
M01871,N,68,1,16658.13,0,0,0,3983.85,10467.95,0.98
M01872,N,36,0,11459.17,0,0,0,2037.26,7309.72,1.12
M01873,N,64,0,24150.32,0,1,0,24597.08,10712.25,1.94
M01874,N,61,2,10484.02,0,0,0,2076.93,16138.53,1.65
M01875,N,68,0,20029.2,0,2,0,2873.39,15224.18,2.45
M01876,N,39,0,32447.94,0,0,0,3774.8,41565.32,1.6
M01877,N,34,1,25197.49,0,1,0,23063.14,5247.72,0.53
M01878,N,45,0,12100.33,0,2,0,8679.94,5991.01,1.3
M01879,N,77,0,3370.81,0,0,0,734.95,3842.66,0.19
M01880,N,21,1,49964.04,0,1,0,3427.74,45389.88,1.31
M01881,N,62,0,3015.39,0,0,0,2417.1,2508.86,1.21
M01882,N,41,2,16925.98,1,1,0,7036.98,8663.76,2.09
M01883,N,65,2,10754.39,1,2,0,4626.43,7632.1,0.76
M01884,N,73,0,23327.43,1,0,0,4953.57,17843.63,2.55
M01885,N,25,1,15728.98,0,0,0,2888.5,11006.56,0.13
M01886,N,20,0,8028.12,0,0,0,820.21,6344.21,1.1
M01887,N,50,1,7314.3,0,0,1,5454.98,4978.82,0.55
M01888,N,54,0,13021.36,0,0,0,886.5,12929.55,2.39
M01889,Y,75,5,158424.1,3,1,1,40862.24,137204.22,5.38
M01890,N,57,3,7196.51,0,1,0,4692.82,7025.94,1.2
M01891,N,50,3,30507.5,1,1,1,9397.12,25999.76,2.23
M01892,N,71,0,13154.14,0,2,1,1651.49,15713.62,0.97
M01893,N,34,3,14532.14,0,1,1,3585.77,10863.52,1.61
M01894,N,68,3,31828.35,0,0,1,6949.94,25644.09,0.67
M01895,N,21,2,18218.29,0,1,0,8681.06,16429.29,3.01
M01896,N,36,1,6160.8,0,0,0,1996.28,5246.71,1.89
M01897,N,46,1,15709.44,1,1,0,3982.33,10926.34,1.84
M01898,N,49,2,11612.44,0,1,0,3524.17,6622.02,1.58
M01899,N,57,1,14253.04,0,1,0,1791.78,16018.01,0.93
M01900,N,36,0,11994.87,0,0,0,1746.9,9968.63,0.51
M01901,N,45,0,7525.93,1,1,0,939.22,5101.86,0.59
M01902,N,70,2,4840.18,0,0,0,3364.38,5369.54,2.26
M01903,N,74,2,23956.72,0,2,0,6822.98,12506.09,2.21
M01904,N,60,2,9425.4,1,0,0,4652.21,4167.56,0.99
M01905,N,36,1,7935.53,2,0,1,4185.32,3931.61,1.9
M01906,N,76,2,18076.24,0,0,0,1375.85,18692.55,0.0
M01907,N,37,1,10920.39,0,1,1,6916.03,9098.79,0.94
M01908,N,45,1,19133.91,0,0,0,603.12,15382.74,0.0
M01909,N,40,1,26741.84,1,0,0,4231.3,18415.67,1.36
M01910,N,70,2,21552.47,1,2,0,9143.9,14209.57,1.04
M01911,N,19,3,21424.57,0,0,0,7155.54,17341.37,1.23
M01912,N,59,1,26734.51,0,0,1,8520.56,19523.15,1.0
M01913,N,55,0,25132.4,0,2,0,3206.43,24467.54,0.97
M01914,N,46,0,32892.97,0,1,1,10227.15,33958.29,1.76
M01915,N,73,1,22053.22,0,0,1,13463.75,22922.44,1.47
M01916,N,55,1,38815.25,0,3,1,5436.46,29792.05,1.46
M01917,N,75,2,5187.9,0,0,0,994.33,5368.12,0.15
M01918,Y,74,5,282310.46,1,6,3,84347.95,157343.55,4.88
M01919,N,63,0,17137.57,0,0,0,14426.34,2893.49,0.0
M01920,N,77,2,33632.29,1,0,0,3364.47,27390.08,1.0
M01921,N,69,3,18175.15,1,0,1,4640.63,16373.68,0.71
M01922,Y,70,5,331047.46,3,2,4,48768.39,254828.81,5.74
M01923,N,18,3,13261.56,0,0,0,1938.4,11778.98,1.04
M01924,N,69,1,32010.25,1,0,0,4486.11,27514.0,0.58
M01925,N,39,2,11840.13,1,1,0,2857.37,13650.57,1.4
M01926,N,66,0,16039.09,0,0,0,2416.06,21990.75,1.56
M01927,N,74,1,15677.88,1,0,0,4266.23,11665.72,1.09
M01928,N,19,1,15259.6,0,2,0,1954.63,11713.92,1.2
M01929,N,53,2,8097.07,0,1,0,2113.01,4752.63,0.0
M01930,N,61,1,18187.49,2,0,0,3751.93,13488.47,0.74
M01931,N,52,1,9247.87,0,2,0,1880.17,6253.08,2.05
M01932,N,72,0,7074.78,0,1,0,3657.39,3375.3,0.34
M01933,N,61,3,23110.62,0,1,0,3152.2,22623.45,1.27
M01934,Y,67,6,262967.47,3,3,4,105351.13,166550.22,6.55
M01935,N,61,2,21928.9,1,0,0,15150.71,11563.49,1.66
M01936,N,29,2,8102.45,0,2,2,5697.67,5147.94,2.35
M01937,N,27,0,14702.98,1,0,0,2686.54,14808.88,1.96
M01938,Y,50,2,215352.88,4,3,7,111742.81,121214.59,4.97
M01939,N,59,1,31177.26,0,2,0,4791.06,27781.61,0.09
M01940,N,60,0,22924.33,0,0,0,2551.99,19189.06,1.21
M01941,N,34,2,9619.87,0,0,1,6796.54,4410.24,1.39
M01942,N,65,0,9312.84,0,0,0,1015.43,6435.98,0.59
M01943,N,50,1,3404.43,0,0,0,1447.82,2971.77,0.0
M01944,N,67,1,3583.47,1,1,0,2462.82,3957.45,1.1
M01945,N,27,1,20198.82,0,1,1,1642.87,22712.07,2.67
M01946,N,28,1,15230.67,0,2,0,4238.55,17361.58,0.46
M01947,N,47,1,5694.16,0,2,0,1936.62,3399.67,1.73
M01948,N,60,1,17737.34,0,0,2,7118.73,13158.87,1.22
M01949,N,55,2,12907.78,0,1,1,5021.9,10670.82,2.89
M01950,Y,71,3,225518.29,1,3,2,163012.07,55308.74,3.67
M01951,N,37,0,11207.83,0,2,0,2507.8,7461.01,0.0
M01952,Y,58,7,243903.64,6,8,5,129661.87,162018.51,5.73
M01953,N,73,0,9403.88,0,0,0,2213.2,12512.37,0.38
M01954,N,22,0,14197.73,0,0,0,3605.01,8414.96,1.19
M01955,N,58,0,5667.81,1,0,0,858.0,7833.13,0.8
M01956,N,33,0,16511.69,0,2,0,2442.84,12267.04,1.48
M01957,N,41,0,17457.6,0,1,1,3465.1,11794.8,1.01
M01958,N,57,2,15940.33,0,3,0,3027.48,13548.74,1.51
M01959,N,78,2,23137.14,1,2,0,6328.04,16916.41,2.71
M01960,N,24,0,5873.93,0,1,1,4145.03,4199.42,1.66
M01961,N,57,1,3674.33,0,0,0,806.36,4612.86,0.61
M01962,N,49,1,6789.79,0,1,0,2267.17,3609.41,2.05
M01963,N,51,3,7780.53,1,1,1,1921.75,7819.03,0.99
M01964,N,76,0,26847.12,0,0,2,8055.13,19269.9,2.04
M01965,N,34,0,9442.34,0,2,0,490.26,12084.14,1.52
M01966,N,21,1,8932.15,0,1,1,970.24,13399.16,0.88
M01967,N,39,1,3736.44,0,0,0,288.19,3113.81,0.94
M01968,Y,81,3,382701.03,3,2,4,141966.29,194234.15,4.31
M01969,N,52,0,10695.81,0,1,0,281.36,8398.98,0.0
M01970,N,54,2,21244.77,0,0,1,13018.89,15299.77,1.42
M01971,N,41,1,10889.48,1,0,0,2327.54,9302.16,0.25
M01972,N,71,0,10935.91,0,0,0,1549.97,17002.72,0.81
M01973,N,69,0,32230.21,0,0,0,2458.96,23584.12,1.57
M01974,N,76,0,5052.5,0,0,1,599.82,3937.24,0.0
M01975,N,56,0,14019.41,1,3,0,5023.22,8513.99,2.77
M01976,N,43,0,28730.56,0,2,0,4516.5,26184.12,2.08
M01977,N,44,0,10775.81,0,1,0,5004.88,10398.12,0.52
M01978,N,19,0,5439.25,0,0,0,2339.88,2909.11,0.89
M01979,N,77,2,6941.25,0,0,1,3012.29,9380.39,1.62
M01980,N,46,1,30879.03,0,1,1,836.03,31672.03,0.73
M01981,N,21,0,30116.73,0,0,0,1161.6,26284.33,1.87
M01982,N,59,2,6777.12,0,3,1,3167.94,6550.74,0.09
M01983,N,63,1,5083.04,0,0,1,726.84,5272.12,1.73
M01984,N,61,1,4901.11,0,1,0,1218.53,5209.17,1.75
M01985,N,78,2,3403.31,0,1,0,1650.85,1108.09,0.22
M01986,N,29,0,7350.1,0,0,0,4468.76,8703.39,2.07
M01987,N,58,0,2150.49,0,1,0,859.89,2142.15,0.0
M01988,N,46,0,11249.58,0,0,0,4006.62,5602.02,0.69
M01989,N,63,1,6028.54,0,0,1,2233.96,6252.47,1.03
M01990,N,66,1,54010.26,1,2,0,10657.41,35778.59,0.87
M01991,N,44,0,7547.92,0,0,0,2839.52,6966.66,1.36
M01992,N,26,0,19431.1,0,1,0,7083.58,10305.1,1.57
M01993,N,56,0,4576.27,0,1,0,1195.31,2710.03,0.42
M01994,N,42,0,13968.09,0,0,0,2662.99,13871.32,1.25
M01995,N,36,2,20092.01,2,0,0,16828.82,12145.12,2.29
M01996,N,52,1,19529.95,0,0,0,7739.3,18116.46,1.4
M01997,N,61,1,11813.64,1,1,0,3454.34,8443.32,2.63
M01998,N,71,0,14715.79,0,0,0,1445.79,13904.04,0.48
M01999,N,32,1,19762.9,0,2,1,12413.9,18253.63,1.84
M02000,N,77,0,23061.14,0,0,0,1314.67,17506.13,1.13
M02001,N,72,2,10310.02,0,0,0,4307.09,4360.88,2.3
M02002,N,71,0,13922.64,1,3,0,5074.12,10441.52,1.99
M02003,N,34,1,15801.24,0,2,1,11047.92,5652.14,1.46
M02004,N,21,2,17846.38,0,1,0,4746.17,9891.88,1.1
M02005,N,39,1,15094.69,1,0,0,4799.36,10252.84,0.0
M02006,N,71,0,6519.27,1,0,0,1663.71,5227.22,1.64
M02007,N,24,2,6958.48,0,1,0,2598.51,3938.55,0.8
M02008,N,66,0,2785.26,1,1,0,523.31,2436.84,0.17
M02009,N,19,2,4721.78,0,1,0,474.27,3599.14,0.26
M02010,N,43,2,13049.71,0,1,0,2141.36,11188.22,2.55
M02011,N,25,0,6243.47,0,0,0,1437.12,3730.11,0.28
M02012,N,30,1,10793.09,0,1,0,2130.53,6871.43,0.92
M02013,N,47,2,14118.35,0,1,0,4359.35,11726.26,1.13
M02014,N,42,1,6433.1,0,0,0,2975.22,4224.21,1.26
M02015,N,39,2,11274.96,0,2,0,9575.25,8565.56,1.73
M02016,N,31,1,2597.35,0,0,1,933.4,3462.46,1.85
M02017,N,46,0,3340.46,0,0,0,1305.04,3503.62,0.74
M02018,N,64,3,18474.23,1,2,0,5991.24,25020.93,1.21
M02019,N,60,1,14708.48,1,2,0,1502.13,11387.36,0.79
M02020,N,42,2,13788.12,0,0,0,6776.24,7712.43,1.21
M02021,N,33,0,12802.69,0,1,0,3696.54,7439.38,1.05
M02022,N,54,0,11387.63,1,1,1,3466.02,6934.37,0.0
M02023,N,54,0,5783.62,0,1,0,2754.95,3126.97,1.72
M02024,N,38,0,5572.82,0,2,0,5512.12,2604.83,1.36
M02025,N,32,2,17431.82,0,0,1,5429.83,8889.32,0.98
M02026,N,19,1,8322.42,0,0,0,655.31,7281.47,0.83
M02027,N,66,1,15929.98,0,0,1,2575.86,13309.21,0.78
M02028,Y,68,6,188652.46,3,7,4,89451.24,110274.56,5.74
M02029,N,31,1,9003.8,0,0,0,4692.42,5487.87,2.43
M02030,N,36,1,14868.21,0,1,0,4570.4,8097.66,0.0
M02031,N,72,1,42738.29,0,1,1,8279.34,45673.87,3.11
M02032,N,39,2,18918.31,0,2,0,2219.66,26327.58,1.19
M02033,N,62,2,19639.09,0,0,1,4696.93,14940.35,2.72
M02034,N,35,4,7508.7,0,2,0,4308.54,7755.87,0.98
M02035,N,31,1,35832.52,0,0,1,7692.06,23848.44,0.8
M02036,N,19,1,19889.08,0,2,0,5330.28,15898.31,0.17
M02037,N,64,2,18232.91,1,0,0,3253.58,12191.97,0.85
M02038,N,39,0,30307.21,1,1,0,3381.03,21184.31,1.39
M02039,N,56,1,8382.17,0,0,0,2727.9,7936.2,2.1
M02040,N,36,1,12433.66,0,1,1,2342.57,8811.39,3.49
M02041,N,52,2,17390.46,0,0,2,3060.12,13024.07,0.67
M02042,N,75,1,9116.0,0,0,0,3208.6,6190.71,0.12
M02043,N,31,2,14602.85,0,1,1,3561.99,20641.58,1.78
M02044,N,59,1,10202.51,0,3,0,6225.49,4725.7,2.33
M02045,N,78,2,9174.84,1,2,0,2790.93,9512.46,1.68
M02046,N,41,0,2557.4,0,0,1,946.3,3378.99,0.6
M02047,N,24,2,9875.38,0,1,0,2372.97,6422.75,2.29
M02048,N,74,1,3282.78,0,0,0,1259.91,4165.88,0.49
M02049,N,41,1,23405.76,0,0,0,6121.14,18052.98,0.46
M02050,N,22,1,5457.59,0,1,0,746.4,7066.63,0.06
M02051,N,30,0,6256.44,0,1,1,1848.58,8438.89,1.95
M02052,N,34,2,6700.78,0,0,0,1358.3,4363.7,2.4
M02053,N,39,1,14290.1,1,1,0,4085.57,11410.41,1.7
M02054,N,56,2,10465.23,0,0,0,1526.34,7863.92,1.87
M02055,N,43,2,29507.87,0,0,0,6598.05,19835.02,1.64
M02056,N,31,2,9607.8,0,0,0,1904.88,9463.99,0.89
M02057,N,39,0,4540.47,0,0,0,3357.91,3623.18,0.0
M02058,N,52,1,3913.53,0,0,0,1918.16,1316.23,0.87
M02059,N,75,0,4619.47,0,1,0,1926.19,1988.61,0.0
M02060,N,71,1,6183.4,0,1,0,1276.81,4220.65,0.74
M02061,N,78,1,27156.79,0,2,0,3152.2,19318.12,1.27
M02062,Y,72,6,241966.62,3,4,2,64438.16,159595.76,3.07
M02063,N,59,3,13757.05,1,2,0,4428.99,11012.44,1.17
M02064,N,77,1,8009.81,0,0,0,1013.94,5437.25,1.46
M02065,N,68,1,15539.3,1,0,0,445.36,12621.92,0.67
M02066,N,66,0,15032.22,0,0,1,8285.25,12017.2,1.32
M02067,N,60,0,15735.82,0,0,0,6305.37,6757.54,1.23
M02068,N,54,1,16853.41,0,0,1,2674.42,11854.89,1.43
M02069,N,42,1,13498.56,1,3,0,3465.25,14138.74,0.56
M02070,N,65,1,13231.64,0,1,0,5690.1,7279.33,0.44
M02071,N,74,0,16700.64,0,1,0,1993.86,20052.68,0.14
M02072,N,49,1,14407.21,0,0,0,2340.63,10490.33,1.19
M02073,N,42,2,3113.44,1,0,0,1629.17,1629.11,0.33
M02074,Y,83,7,149066.03,4,4,3,47631.47,101823.24,2.0
M02075,N,53,2,5811.92,0,0,1,2727.9,4688.08,1.03
M02076,N,29,2,4358.23,0,1,0,1769.33,3721.81,2.63
M02077,N,62,0,11665.63,1,0,0,3884.71,7174.02,0.26
M02078,N,65,0,3815.17,0,0,0,2611.78,4271.76,0.51
M02079,N,40,2,17587.61,0,1,0,7205.6,9962.48,1.14
M02080,N,52,2,6044.39,0,0,0,1250.23,9559.02,1.43
M02081,N,39,1,6813.77,1,2,1,2728.0,6370.5,0.4
M02082,N,39,2,3958.75,0,1,0,2672.26,4094.01,1.51
M02083,N,53,0,9747.13,0,1,0,4935.51,3989.39,0.07
M02084,N,30,2,6585.97,0,2,0,3136.13,4862.77,2.01
M02085,N,63,0,15476.8,0,0,0,1367.74,15386.27,0.15
M02086,N,60,1,9236.73,0,0,0,1825.46,9513.93,1.29
M02087,N,68,1,10166.93,0,0,1,1074.03,12930.99,1.32
M02088,N,55,2,4084.53,0,0,0,479.7,5052.37,0.09
M02089,N,33,1,16227.17,0,0,1,3841.39,13253.87,2.05
M02090,N,19,1,5808.05,0,0,1,1260.77,8369.55,0.62
M02091,N,66,1,6913.61,0,1,0,3776.27,2873.87,2.69
M02092,N,54,2,24587.59,0,0,0,2360.31,17853.5,1.79
M02093,N,37,0,8914.6,0,0,0,4078.0,6970.58,1.76
M02094,N,53,1,19487.26,0,1,1,2494.5,14930.23,0.99
M02095,N,58,0,9379.67,1,2,0,3974.2,10484.22,1.46
M02096,N,45,2,8045.03,0,0,0,6349.81,6352.19,0.0
M02097,Y,49,4,319228.65,1,2,4,117262.8,179641.99,2.46
M02098,N,30,1,16049.5,0,0,1,6769.45,8031.17,2.45
M02099,N,47,2,6476.17,1,0,0,1502.02,4482.83,1.49
M02100,N,70,1,22745.29,0,2,0,4173.58,14592.61,1.83
M02101,N,74,3,21451.73,0,1,0,9513.27,20473.02,2.61
M02102,N,63,1,11967.93,0,1,0,3049.16,6732.3,1.5
M02103,N,69,3,53166.74,0,1,0,48905.75,12668.63,1.6
M02104,N,33,0,15369.63,1,0,1,14582.75,11647.91,0.38
M02105,N,47,1,8586.6,0,3,0,8043.97,4804.46,0.43
M02106,N,34,0,8143.95,0,1,0,1280.79,7089.14,1.39
M02107,N,33,1,9699.56,0,0,0,1942.44,13761.52,2.09
M02108,N,30,2,23615.06,0,2,1,11012.0,12348.59,0.75
M02109,N,55,0,26289.5,1,0,2,18123.99,5474.13,0.94
M02110,N,29,1,4273.21,0,0,0,1925.41,3303.71,0.0
M02111,N,56,0,5191.79,0,1,1,2917.28,3345.9,1.54
M02112,N,35,3,12500.4,1,1,0,5603.34,6168.44,2.75
M02113,N,20,0,12487.06,0,0,0,4856.55,9504.45,1.53
M02114,N,74,2,22472.57,0,2,0,9513.55,20143.3,2.74
M02115,Y,50,5,165699.22,1,4,2,59084.69,87451.55,2.79
M02116,N,41,2,13544.72,0,0,0,7216.12,5051.8,1.72
M02117,N,47,1,101121.51,0,2,1,21393.53,63133.36,1.05
M02118,N,39,0,4752.57,0,2,0,1553.74,5331.82,0.31
M02119,N,20,0,13901.79,0,0,1,1752.85,13969.73,1.78
M02120,N,56,3,8222.29,0,1,0,2752.19,4405.97,2.08
M02121,N,54,0,4526.7,0,0,0,449.2,4727.52,1.07
M02122,N,62,1,25442.79,0,1,1,7840.97,19384.29,0.83
M02123,N,31,0,36549.5,0,1,0,2595.11,36936.26,1.56
M02124,N,56,0,8063.92,1,0,0,7269.34,6521.29,0.05
M02125,N,68,1,7182.28,1,0,2,2427.68,7961.42,2.0
M02126,N,33,1,23734.43,1,0,1,2763.41,18834.24,1.96
M02127,N,27,0,3013.21,0,0,0,1124.03,2716.77,1.52
M02128,N,66,0,5429.39,0,0,0,3108.21,5913.0,0.61
M02129,N,29,0,15375.29,0,1,1,4523.98,10091.98,1.81
M02130,N,45,0,13873.22,0,0,0,942.42,10544.46,0.97
M02131,N,48,1,20897.3,1,0,1,9840.04,12852.76,1.63
M02132,N,45,1,5366.6,0,0,1,1564.75,3916.48,1.89
M02133,N,62,2,12315.0,0,1,2,3860.5,11716.09,0.29
M02134,N,74,0,7404.93,0,0,0,1561.71,10273.28,0.42
M02135,N,72,1,27360.72,0,2,0,4178.92,40760.62,1.95
M02136,N,41,0,19916.79,1,0,0,3801.82,14679.39,1.15
M02137,Y,68,4,161598.99,1,1,2,80142.07,106251.7,3.62
M02138,N,46,1,10214.11,0,3,1,5383.59,5077.0,1.81
M02139,N,23,2,21491.25,0,1,0,4771.61,17664.26,2.08
M02140,N,31,1,10557.14,0,0,1,6803.01,4894.78,1.27
M02141,N,64,2,9412.17,0,0,0,1399.37,14220.54,0.1
M02142,N,50,2,14764.72,0,1,0,2559.07,9678.56,1.13
M02143,N,35,2,7780.04,1,0,0,1964.49,5499.01,0.51
M02144,N,41,1,12810.74,0,1,1,1375.55,17122.44,1.26
M02145,N,59,2,16303.91,1,2,0,5421.21,12708.84,1.46
M02146,N,76,2,12567.21,0,1,0,2934.25,10808.76,0.93
M02147,N,75,3,13228.19,0,0,0,5553.42,12901.9,1.25
M02148,N,24,2,5186.79,0,2,0,2751.79,2819.81,0.62
M02149,N,76,0,5714.95,0,1,1,4766.95,2726.85,0.79
M02150,N,22,1,20724.8,2,0,0,3255.29,14513.3,1.14
M02151,Y,53,6,297322.84,1,7,5,168748.23,215122.6,6.6
M02152,N,21,1,3351.95,0,0,0,886.01,4420.18,0.18
M02153,N,35,0,11726.77,0,1,0,5001.47,9203.74,2.09
M02154,N,32,1,29149.77,0,2,0,14804.07,34240.91,2.31
M02155,Y,47,4,229203.49,4,2,2,77131.16,157913.76,5.66
M02156,N,40,1,10135.73,0,0,1,5308.76,8192.95,1.87
M02157,N,33,0,9915.95,0,0,0,1506.54,14960.22,0.8
M02158,N,50,1,6399.2,0,0,0,3829.84,3784.09,0.64
M02159,N,47,3,11109.69,0,0,1,3414.06,6706.68,1.66
M02160,N,72,0,6222.64,0,0,0,4140.19,6020.17,1.92
M02161,N,30,2,10549.54,0,3,1,5218.66,7915.89,2.47
M02162,N,67,0,17254.73,0,0,0,5124.84,20320.74,0.8
M02163,N,78,2,1579.14,0,0,1,594.31,2267.94,1.16
M02164,N,78,2,14209.98,0,0,0,3765.16,10005.63,1.34
M02165,N,49,2,20592.88,1,0,0,7236.49,13936.29,0.78
M02166,N,42,1,59014.84,0,1,1,2314.09,103937.54,2.35
M02167,N,44,0,7007.55,1,1,1,1344.11,5687.81,0.45
M02168,N,44,1,23645.8,0,0,0,895.08,21291.58,1.72
M02169,N,74,1,6497.86,1,1,0,8051.9,3193.84,1.28
M02170,N,29,2,21543.61,1,1,1,11670.23,10410.73,1.12
M02171,N,45,0,13617.22,0,0,0,2363.68,15427.05,1.62
M02172,N,59,1,9023.82,0,1,0,3266.48,4671.82,2.63
M02173,N,67,3,4136.26,0,0,0,1392.89,2947.93,0.18
M02174,N,44,4,18681.93,1,0,0,3736.29,12894.68,0.0
M02175,N,60,1,12313.12,0,1,0,2665.49,10098.49,2.07
M02176,N,48,2,8242.94,0,1,0,2069.09,8101.22,1.01
M02177,N,54,0,8014.26,0,0,0,2099.5,8322.42,0.55
M02178,N,41,0,15117.83,1,0,0,4917.32,9112.32,0.0
M02179,N,70,2,4445.51,0,0,0,2696.47,4061.69,2.31
M02180,N,28,0,9465.98,0,0,0,2592.42,8856.32,0.94
M02181,N,57,3,32067.1,1,0,0,9458.44,18359.17,1.89
M02182,N,49,2,15080.97,1,0,0,3471.72,9674.56,1.7
M02183,N,71,2,26964.89,1,1,0,8946.06,12912.66,1.33
M02184,N,69,3,12832.75,0,0,1,3525.01,6972.94,0.68
M02185,N,40,1,2873.27,0,0,1,721.64,4084.6,1.16
M02186,N,28,0,18921.27,0,3,0,4126.97,13010.68,0.21
M02187,N,18,1,20415.91,0,0,0,8862.63,8918.92,1.84
M02188,N,23,0,19642.04,0,0,0,1572.08,22079.76,0.2
M02189,N,40,0,5815.27,0,0,0,2917.9,5886.82,0.34
M02190,N,31,1,8962.21,0,0,1,3099.68,6761.78,1.18
M02191,N,31,2,14707.96,0,0,1,3941.39,15203.83,1.38
M02192,N,51,3,20806.7,0,1,0,4566.42,20276.68,0.96
M02193,N,26,2,25995.13,1,1,0,24107.4,7899.96,2.6
M02194,N,68,0,5922.04,0,1,0,2081.91,5434.43,0.8
M02195,N,56,2,7667.71,0,0,0,2808.63,8033.4,0.03
M02196,N,54,2,14392.21,1,4,1,8316.52,6707.91,2.13
M02197,N,23,1,10845.26,0,1,0,7228.32,7261.57,1.41
M02198,N,64,1,14943.62,0,0,0,2971.76,9474.4,1.38
M02199,N,68,0,20969.81,0,0,1,2865.41,17020.4,1.36
M02200,Y,70,5,170036.72,1,4,3,41111.84,117473.11,3.68
M02201,N,67,0,16584.71,0,3,0,9108.46,10913.74,0.91
M02202,N,33,0,20245.34,1,0,0,4345.38,12646.31,0.71
M02203,N,63,2,9111.24,0,0,0,2759.73,6301.55,1.14
M02204,N,22,1,34936.61,0,1,2,8424.23,23358.03,1.43
M02205,Y,75,5,383179.5,4,6,1,145958.12,188914.56,5.92
M02206,N,50,1,9741.88,0,1,1,3789.04,6386.39,1.14
M02207,N,71,0,4515.3,0,0,0,2575.11,2081.17,0.8
M02208,N,46,1,8766.61,0,4,0,2712.31,6984.7,1.21
M02209,N,61,2,8038.94,0,0,0,4152.29,4285.25,0.0
M02210,N,44,1,16144.31,1,1,0,1984.86,14053.6,1.36
M02211,N,53,0,13022.67,0,0,0,1336.4,14042.34,0.0
M02212,N,71,1,8405.79,1,2,0,6397.37,5365.64,1.89
M02213,N,31,0,14363.57,0,0,0,2917.66,11501.84,2.43
M02214,N,69,0,6219.11,0,0,0,1497.76,4572.51,0.22
M02215,N,66,1,4834.65,0,0,1,2104.79,5998.43,0.6
M02216,N,72,3,7063.83,0,1,0,3580.96,5402.08,1.11
M02217,N,20,0,25695.28,0,0,0,2524.86,23373.24,1.56
M02218,N,70,3,19070.26,0,0,0,4454.15,15084.4,2.09
M02219,N,63,2,24125.62,1,0,0,7805.95,21340.35,2.59
M02220,N,65,1,15921.58,1,0,0,8266.85,15591.93,0.33
M02221,N,70,0,8632.22,2,1,0,2043.28,6337.46,1.21
M02222,N,18,0,4899.18,0,0,0,1264.55,7050.14,0.8
M02223,N,63,0,20344.5,0,2,1,8547.41,10880.37,1.47
M02224,Y,83,2,154943.16,3,5,1,75923.1,86536.44,4.92
M02225,N,57,1,4250.33,1,0,0,519.02,5810.6,0.82
M02226,N,67,2,9008.31,0,0,0,1672.74,6101.82,1.32
M02227,N,66,1,10845.76,1,2,0,4043.96,6818.02,0.84
M02228,N,63,1,20230.32,0,0,0,4553.79,29132.7,0.91
M02229,N,69,1,27665.06,1,2,0,8938.82,20564.2,2.65
M02230,N,77,1,6522.58,0,1,0,1861.45,9071.43,0.84
M02231,N,28,2,23354.36,0,1,0,4190.11,30825.73,0.81
M02232,N,42,1,6688.98,0,1,0,4835.46,2545.94,1.13
M02233,N,25,1,16811.4,1,2,0,4749.09,14408.38,2.63
M02234,N,69,0,4477.42,0,0,0,1241.46,4759.89,0.0
M02235,N,35,0,9733.03,0,2,1,4353.82,10487.36,0.0
M02236,N,34,0,12429.19,0,0,0,17823.69,2709.4,2.23
M02237,N,69,2,5884.73,0,0,1,2166.37,8370.36,0.54
M02238,N,75,1,6020.33,1,0,0,2404.83,5704.24,1.39
M02239,N,44,1,20776.35,1,1,0,10833.55,12209.23,1.18
M02240,N,38,1,4222.99,0,1,0,1967.11,5649.97,0.58
M02241,N,77,0,4855.81,0,0,1,1675.35,5292.42,0.88
M02242,N,38,1,17666.42,0,1,0,2548.71,13896.24,0.97
M02243,N,38,2,10058.1,0,0,1,3395.24,11359.99,1.55
M02244,N,20,1,14328.22,0,0,0,936.63,12891.64,1.48
M02245,Y,67,4,267492.31,2,5,7,188219.62,109362.28,6.06
M02246,N,63,1,10299.55,0,2,0,1773.89,7848.08,0.0
M02247,N,27,0,17315.7,1,1,1,9525.1,11174.0,1.95
M02248,N,40,3,21669.91,1,0,1,2637.21,30094.97,2.49
M02249,N,30,1,4640.93,0,1,0,2620.72,4797.21,0.7
M02250,N,65,0,6289.51,0,0,1,2767.7,6071.66,2.41
M02251,N,21,2,4869.22,0,0,0,1436.39,4699.68,1.61
M02252,Y,49,4,323948.24,6,6,5,96532.84,205975.35,6.53
M02253,N,38,1,9069.92,0,0,0,2285.68,10142.22,0.28
M02254,N,26,0,9997.53,0,1,1,1377.67,10662.14,0.6
M02255,N,55,1,2370.26,0,1,1,430.97,3746.07,0.41
M02256,N,32,0,6821.61,0,1,0,3051.89,5647.96,0.0
M02257,N,77,2,7014.72,0,0,1,3490.8,6718.59,0.18
M02258,N,74,2,11383.86,0,0,0,1886.2,10941.35,0.42
M02259,N,22,3,29679.23,0,2,0,3393.26,25751.08,1.97
M02260,Y,48,6,350713.69,3,5,4,103627.51,286189.0,5.72
M02261,N,57,0,11241.48,0,1,0,1560.25,9333.07,0.28
M02262,N,47,0,6049.89,0,0,0,1933.67,4896.29,1.51
M02263,N,57,3,9982.73,1,2,1,3627.1,9982.51,1.98
M02264,N,65,0,8567.07,1,1,0,4662.49,10177.2,1.43
M02265,N,62,0,21119.09,0,2,0,5633.37,16385.87,1.95
M02266,N,57,0,3598.28,1,1,0,2574.58,3677.12,0.62
M02267,N,24,2,19367.92,2,1,0,6698.22,23308.78,3.05
M02268,N,28,0,2896.33,0,2,0,667.84,2596.82,0.0
M02269,N,58,0,4911.86,1,1,0,2902.19,2897.64,1.39
M02270,N,67,1,7942.52,0,1,0,1278.18,6853.91,2.44
M02271,Y,53,7,364071.32,4,5,7,116086.66,332175.86,7.13
M02272,N,29,2,16274.13,0,0,0,3160.56,20472.63,0.85
M02273,N,43,1,17263.97,2,1,1,8831.13,15972.92,2.34
M02274,N,67,1,11379.12,1,1,1,3804.14,5392.72,0.67
M02275,N,27,0,7294.57,0,0,0,3379.1,8088.86,2.07
M02276,N,18,0,9648.19,0,1,0,8384.42,5795.51,0.87
M02277,N,45,2,22574.1,0,0,0,10118.83,10864.38,0.21
M02278,N,31,1,21717.99,0,0,1,1216.06,17919.59,0.57
M02279,N,65,0,6323.44,0,3,1,2793.91,5764.75,1.06
M02280,N,45,1,68386.32,1,3,0,16091.44,41472.86,3.9
M02281,N,39,0,19683.6,0,1,0,18854.69,13304.09,2.22
M02282,N,77,0,4425.39,0,0,0,752.21,3544.17,0.4
M02283,N,56,0,12755.97,0,0,0,1856.86,10305.47,0.87
M02284,N,31,1,7675.29,1,0,0,4286.98,5560.27,2.28
M02285,N,66,2,27913.81,1,1,1,5544.08,20856.35,0.44
M02286,N,63,1,10945.58,0,1,0,1908.73,7651.44,0.34
M02287,N,39,1,20795.47,0,1,1,4219.35,18972.3,0.91
M02288,N,25,4,13737.39,0,0,0,6281.07,5987.1,2.1
M02289,N,75,0,10414.01,1,2,0,578.36,8670.83,1.06
M02290,N,43,3,24105.74,0,0,0,2618.73,18310.27,2.03
M02291,Y,63,4,336466.74,1,3,3,124016.59,211864.1,3.84
M02292,N,69,0,6366.86,0,0,0,2748.04,3474.79,1.19
M02293,N,62,1,8205.26,0,0,0,5311.85,8308.11,1.93
M02294,N,72,1,30978.39,0,2,0,8978.4,21496.32,1.9
M02295,N,69,0,15695.89,1,2,0,2521.64,16001.11,1.85
M02296,N,22,2,4419.8,0,0,0,2047.45,2222.72,0.0
M02297,N,33,0,15994.24,0,0,0,3504.38,9691.4,0.68
M02298,N,66,0,8239.0,0,1,0,3892.41,5657.55,2.14
M02299,N,75,1,6971.13,0,0,0,3987.08,5883.84,1.49
M02300,N,42,1,10395.47,0,0,0,1183.05,13530.6,0.43
M02301,N,39,1,7481.95,0,1,1,1925.76,4182.17,2.4
M02302,N,29,0,21162.74,0,0,0,12902.35,14560.55,2.23
M02303,N,75,0,25234.7,0,1,0,3895.02,16800.15,1.35
M02304,N,63,0,6755.66,0,2,0,986.06,8614.0,1.3
M02305,N,77,1,38225.58,0,2,0,15979.56,17367.23,1.84
M02306,N,43,3,19019.85,0,0,1,6407.04,10924.09,2.18
M02307,N,26,1,27779.84,1,0,0,16338.91,11143.46,1.85
M02308,Y,83,5,214785.38,2,5,1,135372.89,147968.44,5.65
M02309,Y,39,4,240979.1,2,2,3,83877.72,130215.81,4.76
M02310,N,78,1,7766.63,0,2,0,5346.17,8447.96,2.64
M02311,N,65,1,4258.19,0,0,0,1738.24,3134.06,0.38
M02312,N,22,1,5623.41,1,1,0,2410.28,7090.82,1.2
M02313,N,31,0,6807.6,0,0,1,1673.19,6148.74,1.55
M02314,N,31,3,6820.61,0,2,0,1347.72,10059.87,0.59
M02315,N,70,1,8880.94,1,1,2,2202.67,13624.94,1.38
M02316,N,43,1,6712.39,0,1,0,1168.96,5542.03,1.46
M02317,N,33,1,5745.92,0,0,1,3935.83,4700.32,1.6
M02318,N,69,2,16354.89,0,0,0,6501.96,11362.28,1.51
M02319,Y,68,8,235364.09,6,4,4,76596.08,216998.43,4.72
M02320,N,34,2,16391.34,0,2,1,8926.91,5237.44,2.32
M02321,N,64,1,2861.98,0,1,0,633.69,2139.93,0.0
M02322,N,72,0,5149.93,0,2,0,1826.37,7497.39,1.65
M02323,N,20,2,16414.29,0,0,1,2805.61,21887.75,0.14
M02324,N,44,1,8928.54,0,2,0,3112.13,6468.62,0.0
M02325,N,23,1,5547.38,0,0,0,3101.25,3975.05,0.76
M02326,N,63,3,20322.99,1,3,0,3276.94,14692.85,2.59
M02327,N,61,1,3908.79,0,0,0,497.39,4125.78,0.0
M02328,N,50,0,10076.68,0,1,0,1813.41,6417.85,1.67
M02329,N,50,0,5728.85,0,0,1,1792.81,4503.52,0.85
M02330,N,67,1,16082.99,0,1,0,5870.06,21152.18,0.18
M02331,N,19,0,24871.19,0,2,1,1848.3,18080.41,1.66
M02332,N,72,1,8905.23,1,0,0,5238.59,3158.17,0.0
M02333,N,30,0,22801.42,1,2,0,5688.06,16536.06,2.53
M02334,N,74,3,2311.57,0,1,0,826.85,3356.99,0.69
M02335,N,32,4,35609.51,0,0,1,9077.49,21797.75,1.78
M02336,N,26,2,9890.39,0,0,0,7747.3,5952.31,0.0
M02337,N,62,2,10165.9,0,0,2,4490.13,7931.91,0.98
M02338,N,34,1,8474.77,1,1,0,4527.16,6905.89,1.21
M02339,N,34,1,7244.56,0,0,0,2974.15,4061.73,0.76
M02340,N,72,2,8730.75,0,1,0,906.5,6689.97,1.22
M02341,N,24,2,10233.54,1,1,0,8188.51,4407.92,1.66
M02342,N,36,3,20529.28,1,1,0,4164.93,16646.95,0.96
M02343,N,58,0,12252.94,0,0,0,2702.07,9790.1,0.46
M02344,N,24,0,10661.16,0,0,1,2059.15,15705.12,1.9
M02345,N,40,0,2922.02,0,1,0,418.77,3941.69,0.0
M02346,N,48,0,9171.05,0,2,0,2128.37,5455.27,0.59
M02347,N,20,0,8475.36,0,1,0,4954.03,8923.08,0.11
M02348,N,48,2,10614.67,1,0,0,1371.44,7316.61,0.0
M02349,N,61,1,7656.2,0,1,0,1010.42,7036.41,2.27
M02350,N,44,1,4407.99,0,1,1,625.78,4270.56,0.0
M02351,N,74,1,22752.68,0,1,1,1813.7,18887.91,0.7
M02352,N,43,1,9289.39,0,0,0,889.92,7820.79,0.0
M02353,N,52,0,6662.96,2,0,0,1277.87,7791.51,0.51
M02354,N,61,1,11151.67,0,1,0,2051.2,8287.26,0.93
M02355,N,25,1,11352.77,1,1,0,8451.41,5506.54,0.6
M02356,N,66,1,13375.17,0,2,0,3390.86,8784.43,0.36
M02357,Y,84,5,286759.28,3,3,3,128230.81,120001.44,3.72
M02358,N,46,2,6367.39,0,0,0,1708.25,5847.89,0.0
M02359,N,37,0,5055.59,0,2,0,2918.78,3723.18,0.8
M02360,N,65,1,11193.54,1,1,1,6817.39,3115.24,1.31
M02361,N,66,0,11724.45,0,0,0,4309.73,6362.51,0.71
M02362,N,56,0,29021.85,1,0,0,8306.91,17722.03,1.78
M02363,N,55,2,24632.78,0,1,0,5718.36,23227.34,0.88
M02364,N,58,1,6650.1,1,1,0,1984.28,7839.52,0.0
M02365,N,67,0,4400.06,0,0,0,2768.54,2567.48,1.04
M02366,N,35,1,22877.21,0,0,0,3358.52,22769.87,1.02
M02367,N,20,1,5702.97,1,0,0,3266.24,2715.47,0.09
M02368,N,69,1,5101.81,0,0,0,989.34,8016.33,2.45
M02369,N,71,1,13393.45,0,3,0,10901.78,9692.25,1.34
M02370,N,61,3,5473.33,1,2,0,3572.79,2943.39,2.64
M02371,N,56,2,8646.39,0,0,0,2322.23,6472.01,0.0
M02372,N,48,1,5269.19,0,0,0,1802.35,3728.28,0.07
M02373,N,73,1,11152.29,0,1,0,5149.92,8483.9,0.95
M02374,N,69,0,12045.38,0,0,0,4048.43,13495.95,1.0
M02375,Y,62,5,123008.55,2,2,2,36401.03,113410.95,4.88
M02376,N,37,0,14989.37,0,0,0,579.16,13325.17,0.74
M02377,N,64,0,10633.42,0,1,0,1913.97,9626.2,0.83
M02378,N,74,2,13994.09,0,1,0,1998.19,11156.08,1.95
M02379,N,72,1,8662.08,0,0,1,2179.82,7417.66,0.0
M02380,N,69,2,8866.87,0,0,0,3243.86,5390.35,1.65
M02381,N,59,0,13923.14,0,0,0,6920.54,12235.45,0.4
M02382,N,47,1,11212.97,0,0,0,1786.0,8325.64,0.2
M02383,Y,53,4,374896.98,3,6,3,266744.96,106970.78,5.62
M02384,N,26,0,1836.07,0,0,0,1284.59,1959.45,0.68
M02385,N,67,2,21508.86,0,0,1,12070.38,6099.93,2.29
M02386,N,44,0,5206.53,0,0,0,5049.27,4380.26,0.0
M02387,N,65,1,22036.6,0,0,0,752.16,19541.25,0.81
M02388,N,69,3,47413.85,1,3,0,8355.9,43641.78,1.59
M02389,N,50,3,11742.11,0,0,0,8031.89,7337.27,0.56
M02390,N,66,1,12948.74,0,1,0,3464.1,8208.79,1.99
M02391,N,47,1,8893.88,0,1,0,2332.93,5881.58,0.4
M02392,N,27,2,14804.11,0,1,0,4050.04,9757.28,0.44
M02393,Y,74,8,376923.18,4,5,4,216711.39,249160.23,9.09
M02394,N,45,1,17161.19,0,1,0,1037.13,16036.01,1.24
M02395,N,59,0,13223.61,0,0,0,1785.75,9413.75,1.31
M02396,N,40,0,7836.14,0,0,0,4479.99,4562.2,1.36
M02397,N,37,0,13125.25,1,1,0,1262.69,9677.1,0.86
M02398,N,50,2,18660.31,0,2,2,2906.36,12588.67,0.59
M02399,N,37,0,6239.85,0,1,0,3667.45,4630.72,0.92
M02400,N,68,0,5496.38,0,1,1,1833.1,3057.64,0.67
M02401,N,64,0,13746.34,0,1,0,1120.22,16470.28,2.2
M02402,Y,81,5,132562.95,2,2,7,56125.74,86523.21,3.25
M02403,N,51,1,15530.61,0,0,0,4002.58,13721.5,1.95
M02404,N,61,2,13377.07,0,0,0,2237.29,18857.62,0.08
M02405,N,53,0,5412.84,1,0,2,3027.92,4782.03,0.62
M02406,N,43,0,4809.16,0,1,0,1891.07,2349.59,1.83
M02407,N,57,1,12501.99,1,1,1,4193.64,6459.79,0.25
M02408,N,77,1,15128.08,0,1,0,4811.31,17913.38,1.31
M02409,N,38,2,16648.84,1,1,1,3166.48,10197.17,1.01
M02410,Y,78,5,278555.63,3,3,3,119800.1,151375.07,5.04
M02411,N,41,0,13197.76,0,0,1,2017.15,11146.37,1.31
M02412,N,38,2,19676.45,1,0,1,3798.02,27295.02,1.01
M02413,N,74,1,9882.38,0,0,0,2602.47,15213.55,1.63
M02414,N,30,1,32422.7,1,0,0,14758.09,13112.63,1.51
M02415,N,64,2,15091.8,0,1,0,4688.68,9147.95,0.82
M02416,N,25,3,8821.2,1,1,1,4302.29,8201.6,2.42
M02417,N,24,1,24196.45,0,0,0,15010.48,12397.61,2.66
M02418,N,28,0,13218.24,0,0,0,902.75,17262.16,1.18
M02419,N,43,0,8143.84,1,0,1,1894.47,7900.26,0.81
M02420,Y,46,5,214706.41,2,2,1,96420.08,87608.54,3.57
M02421,N,42,1,8290.05,0,0,1,1330.46,8871.64,2.27
M02422,N,70,1,8735.13,0,0,0,1707.54,9107.27,1.5
M02423,N,20,1,9502.59,0,0,0,1174.65,6959.29,0.0
M02424,N,65,1,59859.54,0,1,0,3449.66,45052.72,0.93
M02425,N,78,2,19034.87,1,0,0,3251.84,14958.9,2.67
M02426,N,69,0,12982.64,1,1,0,2980.69,9815.89,1.53
M02427,N,19,1,10308.91,0,2,0,669.34,13953.7,1.78
M02428,N,56,0,9225.34,0,0,0,1902.31,5505.38,1.19
M02429,N,57,1,6240.58,0,1,1,3399.31,5845.21,0.85
M02430,N,28,1,6963.17,0,0,0,1584.14,4311.34,1.74
M02431,N,49,0,5198.54,0,0,0,1018.42,3397.44,0.0
M02432,N,42,0,3671.71,1,0,0,1211.39,4089.49,0.74
M02433,N,26,0,9928.71,0,1,0,4681.81,5022.59,1.19
M02434,N,77,0,14766.3,0,1,0,4670.39,8433.82,1.48
M02435,N,58,0,26128.77,0,1,1,8721.05,20344.94,2.82
M02436,N,24,0,7479.21,0,1,1,5049.34,5514.11,0.17
M02437,N,30,1,8724.34,0,2,1,2489.29,11012.91,0.95
M02438,N,44,1,9738.94,0,0,1,5311.91,6520.08,0.08
M02439,N,70,2,4706.24,0,2,0,1329.92,4619.93,1.82
M02440,N,26,1,7928.12,0,0,1,3383.25,8331.98,1.03
M02441,N,41,2,8115.62,0,2,0,4897.45,8343.34,1.26
M02442,N,78,1,15427.53,0,1,1,2410.19,9934.13,1.66
M02443,N,21,0,5385.39,0,2,0,1796.88,2570.58,0.34
M02444,N,29,1,7279.96,0,2,0,2115.86,6929.81,1.0
M02445,N,69,2,13704.67,0,1,0,8263.79,8029.6,1.2
M02446,N,52,2,13289.1,0,0,0,11277.37,8469.17,1.06
M02447,Y,51,7,196079.67,6,4,1,65385.49,163292.12,5.22
M02448,N,20,0,8320.93,0,1,0,4666.03,4354.4,0.0
M02449,N,71,2,20615.11,0,0,0,4645.3,13561.65,0.55
M02450,N,50,1,12431.9,0,0,0,5784.01,6186.0,0.97
M02451,N,40,1,10467.16,0,0,1,1696.45,8915.15,2.12
M02452,N,39,2,15637.97,0,0,1,6697.06,8211.64,1.16
M02453,N,18,1,5534.32,0,1,0,568.69,5498.03,0.0
M02454,N,33,1,5590.72,0,0,0,1048.55,6444.9,0.31
M02455,N,28,0,13112.33,0,1,0,6183.92,4362.45,0.0
M02456,Y,48,3,121394.56,4,4,1,33263.73,92988.86,4.98
M02457,N,39,0,4797.27,0,0,0,1672.01,6842.63,0.48
M02458,Y,74,4,270533.74,3,6,8,89190.46,156306.19,7.53
M02459,N,18,1,9418.63,0,0,0,2947.36,11308.93,1.29
M02460,N,49,1,24710.89,0,0,1,8862.23,21086.51,2.48
M02461,N,49,2,8288.72,1,1,0,6508.54,3233.13,1.1
M02462,N,75,0,9648.99,0,0,0,1536.39,6585.61,0.0
M02463,N,73,1,14483.74,0,1,0,6141.46,10479.22,0.43
M02464,N,46,2,9997.55,0,2,1,3451.34,6832.61,0.92
M02465,N,39,0,8830.92,0,0,0,4272.88,9048.06,1.08
M02466,N,49,0,5556.67,1,1,0,1032.79,3640.02,0.0
M02467,N,23,1,31848.21,2,1,0,2234.26,29488.73,0.84
M02468,Y,78,6,438711.53,6,4,3,292360.41,134128.01,6.25
M02469,Y,51,8,255899.08,3,4,7,135328.27,123224.31,5.51
M02470,N,45,1,7031.89,0,0,0,787.87,7098.98,1.44
M02471,N,42,2,2927.45,1,0,0,1827.25,3229.37,0.94
M02472,N,61,2,10296.28,0,1,0,3582.14,4780.72,0.45
M02473,N,42,2,4826.28,0,0,0,3884.32,2616.19,0.77
M02474,N,72,2,7424.91,1,0,1,5869.29,4737.09,0.0
M02475,N,44,0,3997.41,1,1,0,713.95,5897.64,1.23
M02476,N,50,1,30954.67,1,2,0,8659.26,16454.6,2.36
M02477,N,71,0,9666.06,0,1,0,5379.9,4543.74,1.59
M02478,N,27,1,4550.74,0,0,0,1440.35,6597.7,0.05
M02479,N,22,1,12067.13,0,2,0,7396.29,6333.67,2.22
M02480,N,68,1,3427.02,1,1,0,3979.93,2153.17,0.1
M02481,N,60,0,19593.49,1,0,0,7829.67,9654.27,1.58
M02482,N,68,2,7301.01,1,2,1,823.51,11093.36,1.02
M02483,N,72,0,15806.47,0,0,0,5690.22,11653.97,0.11
M02484,N,36,2,32888.01,1,1,0,9171.73,22761.55,1.38
M02485,N,67,1,8400.92,0,2,0,1108.68,6295.57,1.44
M02486,N,23,1,11327.75,1,0,0,5495.51,7073.97,0.0
M02487,N,18,1,7351.9,1,2,1,998.45,7867.89,0.73
M02488,N,62,0,18351.37,0,0,0,4841.09,14769.48,0.99
M02489,N,54,1,5545.11,2,0,0,3725.37,2972.33,0.4
M02490,N,53,0,12641.74,0,0,0,423.52,13363.13,0.62
M02491,N,26,1,10332.43,0,2,1,2728.02,15242.79,1.6
M02492,N,36,1,16177.3,1,2,0,3279.71,10516.31,1.12
M02493,N,43,1,3943.34,1,0,1,891.08,3109.07,0.28
M02494,N,26,0,3868.78,1,1,1,459.71,3019.93,0.64
M02495,Y,55,7,271878.69,3,4,4,183886.25,93134.25,6.29
M02496,N,46,2,4853.56,0,0,0,604.32,3883.83,1.59
M02497,N,61,0,14668.73,0,0,0,4616.27,9074.87,0.16
M02498,N,50,2,5537.03,0,1,1,1621.4,6649.94,2.23
M02499,N,27,2,14907.74,0,3,1,5266.86,10027.26,0.31
M02500,N,50,1,17774.4,0,1,0,12002.33,8640.75,1.44
